2013-01-01T12:00:00Z,0.0,-87.875,0.125,NaN,NaN
2013-01-01T12:00:00Z,0.0,-87.875,4.125,NaN,NaN
2013-01-01T12:00:00Z,0.0,-87.875,8.125,NaN,NaN
2013-01-01T12:00:00Z,0.0,-87.875,12.125,NaN,NaN
2013-01-01T12:00:00Z,0.0,-87.875,16.125,NaN,NaN
2013-01-01T12:00:00Z,0.0,-87.875,20.125,NaN,NaN
2013-01-01T12:00:00Z,0.0,-87.875,24.125,NaN,NaN
2013-01-01T12:00:00Z,0.0,-87.875,28.125,NaN,NaN
2013-01-01T12:00:00Z,0.0,-87.875,32.125,NaN,NaN
2013-01-01T12:00:00Z,0.0,-87.875,36.125,NaN,NaN
2013-01-01T12:00:00Z,0.0,-87.875,40.125,NaN,NaN
2013-01-01T12:00:00Z,0.0,-87.875,44.125,NaN,NaN
2013-01-01T12:00:00Z,0.0,-87.875,48.125,NaN,NaN
2013-01-01T12:00:00Z,0.0,-87.875,52.125,NaN,NaN
2013-01-01T12:00:00Z,0.0,-87.875,56.125,NaN,NaN
2013-01-01T12:00:00Z,0.0,-87.875,60.125,NaN,NaN
2013-01-01T12:00:00Z,0.0,-87.875,64.125,NaN,NaN
2013-01-01T12:00:00Z,0.0,-87.875,68.125,NaN,NaN
2013-01-01T12:00:00Z,0.0,-87.875,72.125,NaN,NaN
2013-01-01T12:00:00Z,0.0,-87.875,76.125,NaN,NaN
2013-01-01T12:00:00Z,0.0,-87.875,80.125,NaN,NaN
2013-01-01T12:00:00Z,0.0,-87.875,84.125,NaN,NaN
2013-01-01T12:00:00Z,0.0,-87.875,88.125,NaN,NaN
2013-01-01T12:00:00Z,0.0,-87.875,92.125,NaN,NaN
2013-01-01T12:00:00Z,0.0,-87.875,96.125,NaN,NaN
2013-01-01T12:00:00Z,0.0,-87.875,100.125,NaN,NaN
2013-01-01T12:00:00Z,0.0,-87.875,104.125,NaN,NaN
2013-01-01T12:00:00Z,0.0,-87.875,108.125,NaN,NaN
2013-01-01T12:00:00Z,0.0,-87.875,112.125,NaN,NaN
2013-01-01T12:00:00Z,0.0,-87.875,116.125,NaN,NaN
2013-01-01T12:00:00Z,0.0,-87.875,120.125,NaN,NaN
2013-01-01T12:00:00Z,0.0,-87.875,124.125,NaN,NaN
2013-01-01T12:00:00Z,0.0,-87.875,128.125,NaN,NaN
2013-01-01T12:00:00Z,0.0,-87.875,132.125,NaN,NaN
2013-01-01T12:00:00Z,0.0,-87.875,136.125,NaN,NaN
2013-01-01T12:00:00Z,0.0,-87.875,140.125,NaN,NaN
2013-01-01T12:00:00Z,0.0,-87.875,144.125,NaN,NaN
2013-01-01T12:00:00Z,0.0,-87.875,148.125,NaN,NaN
2013-01-01T12:00:00Z,0.0,-87.875,152.125,NaN,NaN
2013-01-01T12:00:00Z,0.0,-87.875,156.125,NaN,NaN
2013-01-01T12:00:00Z,0.0,-87.875,160.125,NaN,NaN
2013-01-01T12:00:00Z,0.0,-87.875,164.125,NaN,NaN
2013-01-01T12:00:00Z,0.0,-87.875,168.125,NaN,NaN
2013-01-01T12:00:00Z,0.0,-87.875,172.125,NaN,NaN
2013-01-01T12:00:00Z,0.0,-87.875,176.125,NaN,NaN
2013-01-01T12:00:00Z,0.0,-87.875,180.125,NaN,NaN
2013-01-01T12:00:00Z,0.0,-87.875,184.125,NaN,NaN
2013-01-01T12:00:00Z,0.0,-87.875,188.125,NaN,NaN
2013-01-01T12:00:00Z,0.0,-87.875,192.125,NaN,NaN
2013-01-01T12:00:00Z,0.0,-87.875,196.125,NaN,NaN
2013-01-01T12:00:00Z,0.0,-87.875,200.125,NaN,NaN
2013-01-01T12:00:00Z,0.0,-87.875,204.125,NaN,NaN
2013-01-01T12:00:00Z,0.0,-87.875,208.125,NaN,NaN
2013-01-01T12:00:00Z,0.0,-87.875,212.125,NaN,NaN
2013-01-01T12:00:00Z,0.0,-87.875,216.125,NaN,NaN
2013-01-01T12:00:00Z,0.0,-87.875,220.125,NaN,NaN
2013-01-01T12:00:00Z,0.0,-87.875,224.125,NaN,NaN
2013-01-01T12:00:00Z,0.0,-87.875,228.125,NaN,NaN
2013-01-01T12:00:00Z,0.0,-87.875,232.125,NaN,NaN
2013-01-01T12:00:00Z,0.0,-87.875,236.125,NaN,NaN
2013-01-01T12:00:00Z,0.0,-87.875,240.125,NaN,NaN
2013-01-01T12:00:00Z,0.0,-87.875,244.125,NaN,NaN
2013-01-01T12:00:00Z,0.0,-87.875,248.125,NaN,NaN
2013-01-01T12:00:00Z,0.0,-87.875,252.125,NaN,NaN
2013-01-01T12:00:00Z,0.0,-87.875,256.125,NaN,NaN
2013-01-01T12:00:00Z,0.0,-87.875,260.125,NaN,NaN
2013-01-01T12:00:00Z,0.0,-87.875,264.125,NaN,NaN
2013-01-01T12:00:00Z,0.0,-87.875,268.125,NaN,NaN
2013-01-01T12:00:00Z,0.0,-87.875,272.125,NaN,NaN
2013-01-01T12:00:00Z,0.0,-87.875,276.125,NaN,NaN
2013-01-01T12:00:00Z,0.0,-87.875,280.125,NaN,NaN
2013-01-01T12:00:00Z,0.0,-87.875,284.125,NaN,NaN
2013-01-01T12:00:00Z,0.0,-87.875,288.125,NaN,NaN
2013-01-01T12:00:00Z,0.0,-87.875,292.125,NaN,NaN
2013-01-01T12:00:00Z,0.0,-87.875,296.125,NaN,NaN
2013-01-01T12:00:00Z,0.0,-87.875,300.125,NaN,NaN
2013-01-01T12:00:00Z,0.0,-87.875,304.125,NaN,NaN
2013-01-01T12:00:00Z,0.0,-87.875,308.125,NaN,NaN
2013-01-01T12:00:00Z,0.0,-87.875,312.125,NaN,NaN
2013-01-01T12:00:00Z,0.0,-87.875,316.125,NaN,NaN
2013-01-01T12:00:00Z,0.0,-87.875,320.125,NaN,NaN
2013-01-01T12:00:00Z,0.0,-87.875,324.125,NaN,NaN
2013-01-01T12:00:00Z,0.0,-87.875,328.125,NaN,NaN
2013-01-01T12:00:00Z,0.0,-87.875,332.125,NaN,NaN
2013-01-01T12:00:00Z,0.0,-87.875,336.125,NaN,NaN
2013-01-01T12:00:00Z,0.0,-87.875,340.125,NaN,NaN
2013-01-01T12:00:00Z,0.0,-87.875,344.125,NaN,NaN
2013-01-01T12:00:00Z,0.0,-87.875,348.125,NaN,NaN
2013-01-01T12:00:00Z,0.0,-87.875,352.125,NaN,NaN
2013-01-01T12:00:00Z,0.0,-87.875,356.125,NaN,NaN
2013-01-01T12:00:00Z,0.0,-83.875,0.125,NaN,NaN
2013-01-01T12:00:00Z,0.0,-83.875,4.125,NaN,NaN
2013-01-01T12:00:00Z,0.0,-83.875,8.125,NaN,NaN
2013-01-01T12:00:00Z,0.0,-83.875,12.125,NaN,NaN
2013-01-01T12:00:00Z,0.0,-83.875,16.125,NaN,NaN
2013-01-01T12:00:00Z,0.0,-83.875,20.125,NaN,NaN
2013-01-01T12:00:00Z,0.0,-83.875,24.125,NaN,NaN
2013-01-01T12:00:00Z,0.0,-83.875,28.125,NaN,NaN
2013-01-01T12:00:00Z,0.0,-83.875,32.125,NaN,NaN
2013-01-01T12:00:00Z,0.0,-83.875,36.125,NaN,NaN
2013-01-01T12:00:00Z,0.0,-83.875,40.125,NaN,NaN
2013-01-01T12:00:00Z,0.0,-83.875,44.125,NaN,NaN
2013-01-01T12:00:00Z,0.0,-83.875,48.125,NaN,NaN
2013-01-01T12:00:00Z,0.0,-83.875,52.125,NaN,NaN
2013-01-01T12:00:00Z,0.0,-83.875,56.125,NaN,NaN
2013-01-01T12:00:00Z,0.0,-83.875,60.125,NaN,NaN
2013-01-01T12:00:00Z,0.0,-83.875,64.125,NaN,NaN
2013-01-01T12:00:00Z,0.0,-83.875,68.125,NaN,NaN
2013-01-01T12:00:00Z,0.0,-83.875,72.125,NaN,NaN
2013-01-01T12:00:00Z,0.0,-83.875,76.125,NaN,NaN
2013-01-01T12:00:00Z,0.0,-83.875,80.125,NaN,NaN
2013-01-01T12:00:00Z,0.0,-83.875,84.125,NaN,NaN
2013-01-01T12:00:00Z,0.0,-83.875,88.125,NaN,NaN
2013-01-01T12:00:00Z,0.0,-83.875,92.125,NaN,NaN
2013-01-01T12:00:00Z,0.0,-83.875,96.125,NaN,NaN
2013-01-01T12:00:00Z,0.0,-83.875,100.125,NaN,NaN
2013-01-01T12:00:00Z,0.0,-83.875,104.125,NaN,NaN
2013-01-01T12:00:00Z,0.0,-83.875,108.125,NaN,NaN
2013-01-01T12:00:00Z,0.0,-83.875,112.125,NaN,NaN
2013-01-01T12:00:00Z,0.0,-83.875,116.125,NaN,NaN
2013-01-01T12:00:00Z,0.0,-83.875,120.125,NaN,NaN
2013-01-01T12:00:00Z,0.0,-83.875,124.125,NaN,NaN
2013-01-01T12:00:00Z,0.0,-83.875,128.125,NaN,NaN
2013-01-01T12:00:00Z,0.0,-83.875,132.125,NaN,NaN
2013-01-01T12:00:00Z,0.0,-83.875,136.125,NaN,NaN
2013-01-01T12:00:00Z,0.0,-83.875,140.125,NaN,NaN
2013-01-01T12:00:00Z,0.0,-83.875,144.125,NaN,NaN
2013-01-01T12:00:00Z,0.0,-83.875,148.125,NaN,NaN
2013-01-01T12:00:00Z,0.0,-83.875,152.125,NaN,NaN
2013-01-01T12:00:00Z,0.0,-83.875,156.125,NaN,NaN
2013-01-01T12:00:00Z,0.0,-83.875,160.125,NaN,NaN
2013-01-01T12:00:00Z,0.0,-83.875,164.125,NaN,NaN
2013-01-01T12:00:00Z,0.0,-83.875,168.125,NaN,NaN
2013-01-01T12:00:00Z,0.0,-83.875,172.125,NaN,NaN
2013-01-01T12:00:00Z,0.0,-83.875,176.125,NaN,NaN
2013-01-01T12:00:00Z,0.0,-83.875,180.125,NaN,NaN
2013-01-01T12:00:00Z,0.0,-83.875,184.125,NaN,NaN
2013-01-01T12:00:00Z,0.0,-83.875,188.125,NaN,NaN
2013-01-01T12:00:00Z,0.0,-83.875,192.125,NaN,NaN
2013-01-01T12:00:00Z,0.0,-83.875,196.125,NaN,NaN
2013-01-01T12:00:00Z,0.0,-83.875,200.125,NaN,NaN
2013-01-01T12:00:00Z,0.0,-83.875,204.125,NaN,NaN
2013-01-01T12:00:00Z,0.0,-83.875,208.125,NaN,NaN
2013-01-01T12:00:00Z,0.0,-83.875,212.125,NaN,NaN
2013-01-01T12:00:00Z,0.0,-83.875,216.125,NaN,NaN
2013-01-01T12:00:00Z,0.0,-83.875,220.125,NaN,NaN
2013-01-01T12:00:00Z,0.0,-83.875,224.125,NaN,NaN
2013-01-01T12:00:00Z,0.0,-83.875,228.125,NaN,NaN
2013-01-01T12:00:00Z,0.0,-83.875,232.125,NaN,NaN
2013-01-01T12:00:00Z,0.0,-83.875,236.125,NaN,NaN
2013-01-01T12:00:00Z,0.0,-83.875,240.125,NaN,NaN
2013-01-01T12:00:00Z,0.0,-83.875,244.125,NaN,NaN
2013-01-01T12:00:00Z,0.0,-83.875,248.125,NaN,NaN
2013-01-01T12:00:00Z,0.0,-83.875,252.125,NaN,NaN
2013-01-01T12:00:00Z,0.0,-83.875,256.125,NaN,NaN
2013-01-01T12:00:00Z,0.0,-83.875,260.125,NaN,NaN
2013-01-01T12:00:00Z,0.0,-83.875,264.125,NaN,NaN
2013-01-01T12:00:00Z,0.0,-83.875,268.125,NaN,NaN
2013-01-01T12:00:00Z,0.0,-83.875,272.125,NaN,NaN
2013-01-01T12:00:00Z,0.0,-83.875,276.125,NaN,NaN
2013-01-01T12:00:00Z,0.0,-83.875,280.125,NaN,NaN
2013-01-01T12:00:00Z,0.0,-83.875,284.125,NaN,NaN
2013-01-01T12:00:00Z,0.0,-83.875,288.125,NaN,NaN
2013-01-01T12:00:00Z,0.0,-83.875,292.125,NaN,NaN
2013-01-01T12:00:00Z,0.0,-83.875,296.125,NaN,NaN
2013-01-01T12:00:00Z,0.0,-83.875,300.125,NaN,NaN
2013-01-01T12:00:00Z,0.0,-83.875,304.125,NaN,NaN
2013-01-01T12:00:00Z,0.0,-83.875,308.125,NaN,NaN
2013-01-01T12:00:00Z,0.0,-83.875,312.125,NaN,NaN
2013-01-01T12:00:00Z,0.0,-83.875,316.125,NaN,NaN
2013-01-01T12:00:00Z,0.0,-83.875,320.125,NaN,NaN
2013-01-01T12:00:00Z,0.0,-83.875,324.125,NaN,NaN
2013-01-01T12:00:00Z,0.0,-83.875,328.125,NaN,NaN
2013-01-01T12:00:00Z,0.0,-83.875,332.125,NaN,NaN
2013-01-01T12:00:00Z,0.0,-83.875,336.125,NaN,NaN
2013-01-01T12:00:00Z,0.0,-83.875,340.125,NaN,NaN
2013-01-01T12:00:00Z,0.0,-83.875,344.125,NaN,NaN
2013-01-01T12:00:00Z,0.0,-83.875,348.125,NaN,NaN
2013-01-01T12:00:00Z,0.0,-83.875,352.125,NaN,NaN
2013-01-01T12:00:00Z,0.0,-83.875,356.125,NaN,NaN
2013-01-01T12:00:00Z,0.0,-79.875,0.125,NaN,NaN
2013-01-01T12:00:00Z,0.0,-79.875,4.125,NaN,NaN
2013-01-01T12:00:00Z,0.0,-79.875,8.125,NaN,NaN
2013-01-01T12:00:00Z,0.0,-79.875,12.125,NaN,NaN
2013-01-01T12:00:00Z,0.0,-79.875,16.125,NaN,NaN
2013-01-01T12:00:00Z,0.0,-79.875,20.125,NaN,NaN
2013-01-01T12:00:00Z,0.0,-79.875,24.125,NaN,NaN
2013-01-01T12:00:00Z,0.0,-79.875,28.125,NaN,NaN
2013-01-01T12:00:00Z,0.0,-79.875,32.125,NaN,NaN
2013-01-01T12:00:00Z,0.0,-79.875,36.125,NaN,NaN
2013-01-01T12:00:00Z,0.0,-79.875,40.125,NaN,NaN
2013-01-01T12:00:00Z,0.0,-79.875,44.125,NaN,NaN
2013-01-01T12:00:00Z,0.0,-79.875,48.125,NaN,NaN
2013-01-01T12:00:00Z,0.0,-79.875,52.125,NaN,NaN
2013-01-01T12:00:00Z,0.0,-79.875,56.125,NaN,NaN
2013-01-01T12:00:00Z,0.0,-79.875,60.125,NaN,NaN
2013-01-01T12:00:00Z,0.0,-79.875,64.125,NaN,NaN
2013-01-01T12:00:00Z,0.0,-79.875,68.125,NaN,NaN
2013-01-01T12:00:00Z,0.0,-79.875,72.125,NaN,NaN
2013-01-01T12:00:00Z,0.0,-79.875,76.125,NaN,NaN
2013-01-01T12:00:00Z,0.0,-79.875,80.125,NaN,NaN
2013-01-01T12:00:00Z,0.0,-79.875,84.125,NaN,NaN
2013-01-01T12:00:00Z,0.0,-79.875,88.125,NaN,NaN
2013-01-01T12:00:00Z,0.0,-79.875,92.125,NaN,NaN
2013-01-01T12:00:00Z,0.0,-79.875,96.125,NaN,NaN
2013-01-01T12:00:00Z,0.0,-79.875,100.125,NaN,NaN
2013-01-01T12:00:00Z,0.0,-79.875,104.125,NaN,NaN
2013-01-01T12:00:00Z,0.0,-79.875,108.125,NaN,NaN
2013-01-01T12:00:00Z,0.0,-79.875,112.125,NaN,NaN
2013-01-01T12:00:00Z,0.0,-79.875,116.125,NaN,NaN
2013-01-01T12:00:00Z,0.0,-79.875,120.125,NaN,NaN
2013-01-01T12:00:00Z,0.0,-79.875,124.125,NaN,NaN
2013-01-01T12:00:00Z,0.0,-79.875,128.125,NaN,NaN
2013-01-01T12:00:00Z,0.0,-79.875,132.125,NaN,NaN
2013-01-01T12:00:00Z,0.0,-79.875,136.125,NaN,NaN
2013-01-01T12:00:00Z,0.0,-79.875,140.125,NaN,NaN
2013-01-01T12:00:00Z,0.0,-79.875,144.125,NaN,NaN
2013-01-01T12:00:00Z,0.0,-79.875,148.125,NaN,NaN
2013-01-01T12:00:00Z,0.0,-79.875,152.125,NaN,NaN
2013-01-01T12:00:00Z,0.0,-79.875,156.125,NaN,NaN
2013-01-01T12:00:00Z,0.0,-79.875,160.125,NaN,NaN
2013-01-01T12:00:00Z,0.0,-79.875,164.125,NaN,NaN
2013-01-01T12:00:00Z,0.0,-79.875,168.125,NaN,NaN
2013-01-01T12:00:00Z,0.0,-79.875,172.125,NaN,NaN
2013-01-01T12:00:00Z,0.0,-79.875,176.125,NaN,NaN
2013-01-01T12:00:00Z,0.0,-79.875,180.125,NaN,NaN
2013-01-01T12:00:00Z,0.0,-79.875,184.125,NaN,NaN
2013-01-01T12:00:00Z,0.0,-79.875,188.125,NaN,NaN
2013-01-01T12:00:00Z,0.0,-79.875,192.125,NaN,NaN
2013-01-01T12:00:00Z,0.0,-79.875,196.125,NaN,NaN
2013-01-01T12:00:00Z,0.0,-79.875,200.125,NaN,NaN
2013-01-01T12:00:00Z,0.0,-79.875,204.125,NaN,NaN
2013-01-01T12:00:00Z,0.0,-79.875,208.125,NaN,NaN
2013-01-01T12:00:00Z,0.0,-79.875,212.125,NaN,NaN
2013-01-01T12:00:00Z,0.0,-79.875,216.125,NaN,NaN
2013-01-01T12:00:00Z,0.0,-79.875,220.125,NaN,NaN
2013-01-01T12:00:00Z,0.0,-79.875,224.125,NaN,NaN
2013-01-01T12:00:00Z,0.0,-79.875,228.125,NaN,NaN
2013-01-01T12:00:00Z,0.0,-79.875,232.125,NaN,NaN
2013-01-01T12:00:00Z,0.0,-79.875,236.125,NaN,NaN
2013-01-01T12:00:00Z,0.0,-79.875,240.125,NaN,NaN
2013-01-01T12:00:00Z,0.0,-79.875,244.125,NaN,NaN
2013-01-01T12:00:00Z,0.0,-79.875,248.125,NaN,NaN
2013-01-01T12:00:00Z,0.0,-79.875,252.125,NaN,NaN
2013-01-01T12:00:00Z,0.0,-79.875,256.125,NaN,NaN
2013-01-01T12:00:00Z,0.0,-79.875,260.125,NaN,NaN
2013-01-01T12:00:00Z,0.0,-79.875,264.125,NaN,NaN
2013-01-01T12:00:00Z,0.0,-79.875,268.125,NaN,NaN
2013-01-01T12:00:00Z,0.0,-79.875,272.125,NaN,NaN
2013-01-01T12:00:00Z,0.0,-79.875,276.125,NaN,NaN
2013-01-01T12:00:00Z,0.0,-79.875,280.125,NaN,NaN
2013-01-01T12:00:00Z,0.0,-79.875,284.125,NaN,NaN
2013-01-01T12:00:00Z,0.0,-79.875,288.125,NaN,NaN
2013-01-01T12:00:00Z,0.0,-79.875,292.125,NaN,NaN
2013-01-01T12:00:00Z,0.0,-79.875,296.125,NaN,NaN
2013-01-01T12:00:00Z,0.0,-79.875,300.125,NaN,NaN
2013-01-01T12:00:00Z,0.0,-79.875,304.125,NaN,NaN
2013-01-01T12:00:00Z,0.0,-79.875,308.125,NaN,NaN
2013-01-01T12:00:00Z,0.0,-79.875,312.125,NaN,NaN
2013-01-01T12:00:00Z,0.0,-79.875,316.125,NaN,NaN
2013-01-01T12:00:00Z,0.0,-79.875,320.125,NaN,NaN
2013-01-01T12:00:00Z,0.0,-79.875,324.125,NaN,NaN
2013-01-01T12:00:00Z,0.0,-79.875,328.125,NaN,NaN
2013-01-01T12:00:00Z,0.0,-79.875,332.125,NaN,NaN
2013-01-01T12:00:00Z,0.0,-79.875,336.125,NaN,NaN
2013-01-01T12:00:00Z,0.0,-79.875,340.125,NaN,NaN
2013-01-01T12:00:00Z,0.0,-79.875,344.125,NaN,NaN
2013-01-01T12:00:00Z,0.0,-79.875,348.125,NaN,NaN
2013-01-01T12:00:00Z,0.0,-79.875,352.125,NaN,NaN
2013-01-01T12:00:00Z,0.0,-79.875,356.125,NaN,NaN
2013-01-01T12:00:00Z,0.0,-75.875,0.125,NaN,NaN
2013-01-01T12:00:00Z,0.0,-75.875,4.125,NaN,NaN
2013-01-01T12:00:00Z,0.0,-75.875,8.125,NaN,NaN
2013-01-01T12:00:00Z,0.0,-75.875,12.125,NaN,NaN
2013-01-01T12:00:00Z,0.0,-75.875,16.125,NaN,NaN
2013-01-01T12:00:00Z,0.0,-75.875,20.125,NaN,NaN
2013-01-01T12:00:00Z,0.0,-75.875,24.125,NaN,NaN
2013-01-01T12:00:00Z,0.0,-75.875,28.125,NaN,NaN
2013-01-01T12:00:00Z,0.0,-75.875,32.125,NaN,NaN
2013-01-01T12:00:00Z,0.0,-75.875,36.125,NaN,NaN
2013-01-01T12:00:00Z,0.0,-75.875,40.125,NaN,NaN
2013-01-01T12:00:00Z,0.0,-75.875,44.125,NaN,NaN
2013-01-01T12:00:00Z,0.0,-75.875,48.125,NaN,NaN
2013-01-01T12:00:00Z,0.0,-75.875,52.125,NaN,NaN
2013-01-01T12:00:00Z,0.0,-75.875,56.125,NaN,NaN
2013-01-01T12:00:00Z,0.0,-75.875,60.125,NaN,NaN
2013-01-01T12:00:00Z,0.0,-75.875,64.125,NaN,NaN
2013-01-01T12:00:00Z,0.0,-75.875,68.125,NaN,NaN
2013-01-01T12:00:00Z,0.0,-75.875,72.125,NaN,NaN
2013-01-01T12:00:00Z,0.0,-75.875,76.125,NaN,NaN
2013-01-01T12:00:00Z,0.0,-75.875,80.125,NaN,NaN
2013-01-01T12:00:00Z,0.0,-75.875,84.125,NaN,NaN
2013-01-01T12:00:00Z,0.0,-75.875,88.125,NaN,NaN
2013-01-01T12:00:00Z,0.0,-75.875,92.125,NaN,NaN
2013-01-01T12:00:00Z,0.0,-75.875,96.125,NaN,NaN
2013-01-01T12:00:00Z,0.0,-75.875,100.125,NaN,NaN
2013-01-01T12:00:00Z,0.0,-75.875,104.125,NaN,NaN
2013-01-01T12:00:00Z,0.0,-75.875,108.125,NaN,NaN
2013-01-01T12:00:00Z,0.0,-75.875,112.125,NaN,NaN
2013-01-01T12:00:00Z,0.0,-75.875,116.125,NaN,NaN
2013-01-01T12:00:00Z,0.0,-75.875,120.125,NaN,NaN
2013-01-01T12:00:00Z,0.0,-75.875,124.125,NaN,NaN
2013-01-01T12:00:00Z,0.0,-75.875,128.125,NaN,NaN
2013-01-01T12:00:00Z,0.0,-75.875,132.125,NaN,NaN
2013-01-01T12:00:00Z,0.0,-75.875,136.125,NaN,NaN
2013-01-01T12:00:00Z,0.0,-75.875,140.125,NaN,NaN
2013-01-01T12:00:00Z,0.0,-75.875,144.125,NaN,NaN
2013-01-01T12:00:00Z,0.0,-75.875,148.125,NaN,NaN
2013-01-01T12:00:00Z,0.0,-75.875,152.125,NaN,NaN
2013-01-01T12:00:00Z,0.0,-75.875,156.125,NaN,NaN
2013-01-01T12:00:00Z,0.0,-75.875,160.125,NaN,NaN
2013-01-01T12:00:00Z,0.0,-75.875,164.125,-1.61,-0.96
2013-01-01T12:00:00Z,0.0,-75.875,168.125,-1.05,-0.36
2013-01-01T12:00:00Z,0.0,-75.875,172.125,-0.32,-0.17
2013-01-01T12:00:00Z,0.0,-75.875,176.125,-0.34,-0.39
2013-01-01T12:00:00Z,0.0,-75.875,180.125,-0.49,-0.51
2013-01-01T12:00:00Z,0.0,-75.875,184.125,-0.89,-0.78
2013-01-01T12:00:00Z,0.0,-75.875,188.125,-1.32,-0.78
2013-01-01T12:00:00Z,0.0,-75.875,192.125,-1.66,-0.84
2013-01-01T12:00:00Z,0.0,-75.875,196.125,-1.76,-0.82
2013-01-01T12:00:00Z,0.0,-75.875,200.125,-1.8,-0.77
2013-01-01T12:00:00Z,0.0,-75.875,204.125,-1.79,-0.59
2013-01-01T12:00:00Z,0.0,-75.875,208.125,-1.45,-0.25
2013-01-01T12:00:00Z,0.0,-75.875,212.125,-1.64,-0.33
2013-01-01T12:00:00Z,0.0,-75.875,216.125,NaN,NaN
2013-01-01T12:00:00Z,0.0,-75.875,220.125,NaN,NaN
2013-01-01T12:00:00Z,0.0,-75.875,224.125,NaN,NaN
2013-01-01T12:00:00Z,0.0,-75.875,228.125,NaN,NaN
2013-01-01T12:00:00Z,0.0,-75.875,232.125,NaN,NaN
2013-01-01T12:00:00Z,0.0,-75.875,236.125,NaN,NaN
2013-01-01T12:00:00Z,0.0,-75.875,240.125,NaN,NaN
2013-01-01T12:00:00Z,0.0,-75.875,244.125,NaN,NaN
2013-01-01T12:00:00Z,0.0,-75.875,248.125,NaN,NaN
2013-01-01T12:00:00Z,0.0,-75.875,252.125,NaN,NaN
2013-01-01T12:00:00Z,0.0,-75.875,256.125,NaN,NaN
2013-01-01T12:00:00Z,0.0,-75.875,260.125,NaN,NaN
2013-01-01T12:00:00Z,0.0,-75.875,264.125,NaN,NaN
2013-01-01T12:00:00Z,0.0,-75.875,268.125,NaN,NaN
2013-01-01T12:00:00Z,0.0,-75.875,272.125,NaN,NaN
2013-01-01T12:00:00Z,0.0,-75.875,276.125,NaN,NaN
2013-01-01T12:00:00Z,0.0,-75.875,280.125,NaN,NaN
2013-01-01T12:00:00Z,0.0,-75.875,284.125,NaN,NaN
2013-01-01T12:00:00Z,0.0,-75.875,288.125,NaN,NaN
2013-01-01T12:00:00Z,0.0,-75.875,292.125,NaN,NaN
2013-01-01T12:00:00Z,0.0,-75.875,296.125,-1.21,-0.2
2013-01-01T12:00:00Z,0.0,-75.875,300.125,-1.47,-0.59
2013-01-01T12:00:00Z,0.0,-75.875,304.125,-1.13,0.06
2013-01-01T12:00:00Z,0.0,-75.875,308.125,-0.91,0.33
2013-01-01T12:00:00Z,0.0,-75.875,312.125,-1.01,0.23
2013-01-01T12:00:00Z,0.0,-75.875,316.125,-1.26,0.04
2013-01-01T12:00:00Z,0.0,-75.875,320.125,-1.6,-0.13
2013-01-01T12:00:00Z,0.0,-75.875,324.125,-1.62,-0.21
2013-01-01T12:00:00Z,0.0,-75.875,328.125,-1.1,0.01
2013-01-01T12:00:00Z,0.0,-75.875,332.125,-0.93,-0.25
2013-01-01T12:00:00Z,0.0,-75.875,336.125,-1.57,-0.79
2013-01-01T12:00:00Z,0.0,-75.875,340.125,NaN,NaN
2013-01-01T12:00:00Z,0.0,-75.875,344.125,NaN,NaN
2013-01-01T12:00:00Z,0.0,-75.875,348.125,NaN,NaN
2013-01-01T12:00:00Z,0.0,-75.875,352.125,NaN,NaN
2013-01-01T12:00:00Z,0.0,-75.875,356.125,NaN,NaN
2013-01-01T12:00:00Z,0.0,-71.875,0.125,NaN,NaN
2013-01-01T12:00:00Z,0.0,-71.875,4.125,NaN,NaN
2013-01-01T12:00:00Z,0.0,-71.875,8.125,NaN,NaN
2013-01-01T12:00:00Z,0.0,-71.875,12.125,NaN,NaN
2013-01-01T12:00:00Z,0.0,-71.875,16.125,NaN,NaN
2013-01-01T12:00:00Z,0.0,-71.875,20.125,NaN,NaN
2013-01-01T12:00:00Z,0.0,-71.875,24.125,NaN,NaN
2013-01-01T12:00:00Z,0.0,-71.875,28.125,NaN,NaN
2013-01-01T12:00:00Z,0.0,-71.875,32.125,NaN,NaN
2013-01-01T12:00:00Z,0.0,-71.875,36.125,NaN,NaN
2013-01-01T12:00:00Z,0.0,-71.875,40.125,NaN,NaN
2013-01-01T12:00:00Z,0.0,-71.875,44.125,NaN,NaN
2013-01-01T12:00:00Z,0.0,-71.875,48.125,NaN,NaN
2013-01-01T12:00:00Z,0.0,-71.875,52.125,NaN,NaN
2013-01-01T12:00:00Z,0.0,-71.875,56.125,NaN,NaN
2013-01-01T12:00:00Z,0.0,-71.875,60.125,NaN,NaN
2013-01-01T12:00:00Z,0.0,-71.875,64.125,NaN,NaN
2013-01-01T12:00:00Z,0.0,-71.875,68.125,-0.97,0.0
2013-01-01T12:00:00Z,0.0,-71.875,72.125,NaN,NaN
2013-01-01T12:00:00Z,0.0,-71.875,76.125,NaN,NaN
2013-01-01T12:00:00Z,0.0,-71.875,80.125,NaN,NaN
2013-01-01T12:00:00Z,0.0,-71.875,84.125,NaN,NaN
2013-01-01T12:00:00Z,0.0,-71.875,88.125,NaN,NaN
2013-01-01T12:00:00Z,0.0,-71.875,92.125,NaN,NaN
2013-01-01T12:00:00Z,0.0,-71.875,96.125,NaN,NaN
2013-01-01T12:00:00Z,0.0,-71.875,100.125,NaN,NaN
2013-01-01T12:00:00Z,0.0,-71.875,104.125,NaN,NaN
2013-01-01T12:00:00Z,0.0,-71.875,108.125,NaN,NaN
2013-01-01T12:00:00Z,0.0,-71.875,112.125,NaN,NaN
2013-01-01T12:00:00Z,0.0,-71.875,116.125,NaN,NaN
2013-01-01T12:00:00Z,0.0,-71.875,120.125,NaN,NaN
2013-01-01T12:00:00Z,0.0,-71.875,124.125,NaN,NaN
2013-01-01T12:00:00Z,0.0,-71.875,128.125,NaN,NaN
2013-01-01T12:00:00Z,0.0,-71.875,132.125,NaN,NaN
2013-01-01T12:00:00Z,0.0,-71.875,136.125,NaN,NaN
2013-01-01T12:00:00Z,0.0,-71.875,140.125,NaN,NaN
2013-01-01T12:00:00Z,0.0,-71.875,144.125,NaN,NaN
2013-01-01T12:00:00Z,0.0,-71.875,148.125,NaN,NaN
2013-01-01T12:00:00Z,0.0,-71.875,152.125,NaN,NaN
2013-01-01T12:00:00Z,0.0,-71.875,156.125,NaN,NaN
2013-01-01T12:00:00Z,0.0,-71.875,160.125,NaN,NaN
2013-01-01T12:00:00Z,0.0,-71.875,164.125,NaN,NaN
2013-01-01T12:00:00Z,0.0,-71.875,168.125,NaN,NaN
2013-01-01T12:00:00Z,0.0,-71.875,172.125,-1.25,-0.65
2013-01-01T12:00:00Z,0.0,-71.875,176.125,-1.5,-1.05
2013-01-01T12:00:00Z,0.0,-71.875,180.125,-1.49,-0.93
2013-01-01T12:00:00Z,0.0,-71.875,184.125,-1.54,-0.83
2013-01-01T12:00:00Z,0.0,-71.875,188.125,-1.57,-0.56
2013-01-01T12:00:00Z,0.0,-71.875,192.125,-1.62,-0.46
2013-01-01T12:00:00Z,0.0,-71.875,196.125,-1.61,-0.42
2013-01-01T12:00:00Z,0.0,-71.875,200.125,-1.54,-0.34
2013-01-01T12:00:00Z,0.0,-71.875,204.125,-1.51,-0.3
2013-01-01T12:00:00Z,0.0,-71.875,208.125,-1.6,-0.39
2013-01-01T12:00:00Z,0.0,-71.875,212.125,-1.36,-0.1
2013-01-01T12:00:00Z,0.0,-71.875,216.125,-1.12,0.19
2013-01-01T12:00:00Z,0.0,-71.875,220.125,-1.21,0.14
2013-01-01T12:00:00Z,0.0,-71.875,224.125,-1.55,-0.2
2013-01-01T12:00:00Z,0.0,-71.875,228.125,-1.51,-0.1
2013-01-01T12:00:00Z,0.0,-71.875,232.125,-1.77,-0.37
2013-01-01T12:00:00Z,0.0,-71.875,236.125,-1.79,-0.29
2013-01-01T12:00:00Z,0.0,-71.875,240.125,-1.79,-0.5
2013-01-01T12:00:00Z,0.0,-71.875,244.125,-1.75,-0.76
2013-01-01T12:00:00Z,0.0,-71.875,248.125,-1.77,-0.84
2013-01-01T12:00:00Z,0.0,-71.875,252.125,-1.78,-0.49
2013-01-01T12:00:00Z,0.0,-71.875,256.125,-1.29,-0.21
2013-01-01T12:00:00Z,0.0,-71.875,260.125,-1.12,0.1
2013-01-01T12:00:00Z,0.0,-71.875,264.125,-1.06,0.34
2013-01-01T12:00:00Z,0.0,-71.875,268.125,-0.53,0.99
2013-01-01T12:00:00Z,0.0,-71.875,272.125,-0.65,0.86
2013-01-01T12:00:00Z,0.0,-71.875,276.125,-0.52,0.73
2013-01-01T12:00:00Z,0.0,-71.875,280.125,-0.53,0.3
2013-01-01T12:00:00Z,0.0,-71.875,284.125,-0.42,0.32
2013-01-01T12:00:00Z,0.0,-71.875,288.125,-1.22,-0.17
2013-01-01T12:00:00Z,0.0,-71.875,292.125,-1.33,0.01
2013-01-01T12:00:00Z,0.0,-71.875,296.125,NaN,NaN
2013-01-01T12:00:00Z,0.0,-71.875,300.125,-1.71,-0.25
2013-01-01T12:00:00Z,0.0,-71.875,304.125,-1.79,-0.14
2013-01-01T12:00:00Z,0.0,-71.875,308.125,-1.74,-0.02
2013-01-01T12:00:00Z,0.0,-71.875,312.125,-1.74,-0.01
2013-01-01T12:00:00Z,0.0,-71.875,316.125,-1.77,-0.09
2013-01-01T12:00:00Z,0.0,-71.875,320.125,-1.8,-0.21
2013-01-01T12:00:00Z,0.0,-71.875,324.125,-1.8,-0.37
2013-01-01T12:00:00Z,0.0,-71.875,328.125,-1.59,-0.38
2013-01-01T12:00:00Z,0.0,-71.875,332.125,-1.6,-0.58
2013-01-01T12:00:00Z,0.0,-71.875,336.125,-1.78,-0.87
2013-01-01T12:00:00Z,0.0,-71.875,340.125,-1.53,-0.79
2013-01-01T12:00:00Z,0.0,-71.875,344.125,-1.16,-0.33
2013-01-01T12:00:00Z,0.0,-71.875,348.125,-1.48,-0.63
2013-01-01T12:00:00Z,0.0,-71.875,352.125,NaN,NaN
2013-01-01T12:00:00Z,0.0,-71.875,356.125,NaN,NaN
2013-01-01T12:00:00Z,0.0,-67.875,0.125,-1.07,-0.81
2013-01-01T12:00:00Z,0.0,-67.875,4.125,-1.07,-0.84
2013-01-01T12:00:00Z,0.0,-67.875,8.125,-1.7,-1.33
2013-01-01T12:00:00Z,0.0,-67.875,12.125,-1.8,-1.26
2013-01-01T12:00:00Z,0.0,-67.875,16.125,-1.8,-1.25
2013-01-01T12:00:00Z,0.0,-67.875,20.125,-1.75,-1.34
2013-01-01T12:00:00Z,0.0,-67.875,24.125,-1.62,-1.02
2013-01-01T12:00:00Z,0.0,-67.875,28.125,-1.67,-0.79
2013-01-01T12:00:00Z,0.0,-67.875,32.125,-1.13,-0.15
2013-01-01T12:00:00Z,0.0,-67.875,36.125,-0.84,0.27
2013-01-01T12:00:00Z,0.0,-67.875,40.125,-1.13,0.05
2013-01-01T12:00:00Z,0.0,-67.875,44.125,-1.79,-0.52
2013-01-01T12:00:00Z,0.0,-67.875,48.125,NaN,NaN
2013-01-01T12:00:00Z,0.0,-67.875,52.125,NaN,NaN
2013-01-01T12:00:00Z,0.0,-67.875,56.125,NaN,NaN
2013-01-01T12:00:00Z,0.0,-67.875,60.125,NaN,NaN
2013-01-01T12:00:00Z,0.0,-67.875,64.125,NaN,NaN
2013-01-01T12:00:00Z,0.0,-67.875,68.125,NaN,NaN
2013-01-01T12:00:00Z,0.0,-67.875,72.125,1.29,1.6
2013-01-01T12:00:00Z,0.0,-67.875,76.125,1.2,1.17
2013-01-01T12:00:00Z,0.0,-67.875,80.125,0.48,1.2
2013-01-01T12:00:00Z,0.0,-67.875,84.125,NaN,NaN
2013-01-01T12:00:00Z,0.0,-67.875,88.125,NaN,NaN
2013-01-01T12:00:00Z,0.0,-67.875,92.125,NaN,NaN
2013-01-01T12:00:00Z,0.0,-67.875,96.125,NaN,NaN
2013-01-01T12:00:00Z,0.0,-67.875,100.125,NaN,NaN
2013-01-01T12:00:00Z,0.0,-67.875,104.125,NaN,NaN
2013-01-01T12:00:00Z,0.0,-67.875,108.125,NaN,NaN
2013-01-01T12:00:00Z,0.0,-67.875,112.125,NaN,NaN
2013-01-01T12:00:00Z,0.0,-67.875,116.125,NaN,NaN
2013-01-01T12:00:00Z,0.0,-67.875,120.125,NaN,NaN
2013-01-01T12:00:00Z,0.0,-67.875,124.125,NaN,NaN
2013-01-01T12:00:00Z,0.0,-67.875,128.125,NaN,NaN
2013-01-01T12:00:00Z,0.0,-67.875,132.125,NaN,NaN
2013-01-01T12:00:00Z,0.0,-67.875,136.125,NaN,NaN
2013-01-01T12:00:00Z,0.0,-67.875,140.125,NaN,NaN
2013-01-01T12:00:00Z,0.0,-67.875,144.125,NaN,NaN
2013-01-01T12:00:00Z,0.0,-67.875,148.125,-1.51,-0.59
2013-01-01T12:00:00Z,0.0,-67.875,152.125,-1.79,-0.4
2013-01-01T12:00:00Z,0.0,-67.875,156.125,-1.8,-0.52
2013-01-01T12:00:00Z,0.0,-67.875,160.125,-1.8,-0.59
2013-01-01T12:00:00Z,0.0,-67.875,164.125,-1.8,-0.75
2013-01-01T12:00:00Z,0.0,-67.875,168.125,-1.8,-0.86
2013-01-01T12:00:00Z,0.0,-67.875,172.125,-1.78,-1.01
2013-01-01T12:00:00Z,0.0,-67.875,176.125,-1.53,-0.9
2013-01-01T12:00:00Z,0.0,-67.875,180.125,-1.63,-1.2
2013-01-01T12:00:00Z,0.0,-67.875,184.125,-1.71,-1.27
2013-01-01T12:00:00Z,0.0,-67.875,188.125,-1.45,-0.93
2013-01-01T12:00:00Z,0.0,-67.875,192.125,-1.17,-0.57
2013-01-01T12:00:00Z,0.0,-67.875,196.125,-1.26,-0.62
2013-01-01T12:00:00Z,0.0,-67.875,200.125,-1.17,-0.48
2013-01-01T12:00:00Z,0.0,-67.875,204.125,-1.16,-0.39
2013-01-01T12:00:00Z,0.0,-67.875,208.125,-1.15,-0.35
2013-01-01T12:00:00Z,0.0,-67.875,212.125,-0.65,0.16
2013-01-01T12:00:00Z,0.0,-67.875,216.125,0.32,1.07
2013-01-01T12:00:00Z,0.0,-67.875,220.125,0.12,0.8
2013-01-01T12:00:00Z,0.0,-67.875,224.125,0.34,0.95
2013-01-01T12:00:00Z,0.0,-67.875,228.125,0.22,0.8
2013-01-01T12:00:00Z,0.0,-67.875,232.125,0.15,0.68
2013-01-01T12:00:00Z,0.0,-67.875,236.125,-0.59,-0.23
2013-01-01T12:00:00Z,0.0,-67.875,240.125,0.54,0.65
2013-01-01T12:00:00Z,0.0,-67.875,244.125,0.83,0.78
2013-01-01T12:00:00Z,0.0,-67.875,248.125,0.94,0.78
2013-01-01T12:00:00Z,0.0,-67.875,252.125,0.94,0.63
2013-01-01T12:00:00Z,0.0,-67.875,256.125,0.75,0.3
2013-01-01T12:00:00Z,0.0,-67.875,260.125,0.91,0.35
2013-01-01T12:00:00Z,0.0,-67.875,264.125,0.97,0.35
2013-01-01T12:00:00Z,0.0,-67.875,268.125,-0.29,-0.77
2013-01-01T12:00:00Z,0.0,-67.875,272.125,-0.01,-0.4
2013-01-01T12:00:00Z,0.0,-67.875,276.125,-0.92,-1.41
2013-01-01T12:00:00Z,0.0,-67.875,280.125,-0.6,-0.92
2013-01-01T12:00:00Z,0.0,-67.875,284.125,-1.05,-1.07
2013-01-01T12:00:00Z,0.0,-67.875,288.125,-0.03,0.19
2013-01-01T12:00:00Z,0.0,-67.875,292.125,0.52,1.17
2013-01-01T12:00:00Z,0.0,-67.875,296.125,-1.1,-0.08
2013-01-01T12:00:00Z,0.0,-67.875,300.125,-1.8,-0.23
2013-01-01T12:00:00Z,0.0,-67.875,304.125,-1.8,-0.12
2013-01-01T12:00:00Z,0.0,-67.875,308.125,-1.8,-0.18
2013-01-01T12:00:00Z,0.0,-67.875,312.125,-1.8,-0.35
2013-01-01T12:00:00Z,0.0,-67.875,316.125,-1.8,-0.52
2013-01-01T12:00:00Z,0.0,-67.875,320.125,-1.79,-0.7
2013-01-01T12:00:00Z,0.0,-67.875,324.125,-1.73,-0.85
2013-01-01T12:00:00Z,0.0,-67.875,328.125,-1.6,-0.8
2013-01-01T12:00:00Z,0.0,-67.875,332.125,-1.32,-0.54
2013-01-01T12:00:00Z,0.0,-67.875,336.125,-1.09,-0.35
2013-01-01T12:00:00Z,0.0,-67.875,340.125,-0.89,-0.24
2013-01-01T12:00:00Z,0.0,-67.875,344.125,-1.47,-0.91
2013-01-01T12:00:00Z,0.0,-67.875,348.125,-0.81,-0.27
2013-01-01T12:00:00Z,0.0,-67.875,352.125,-0.43,0.08
2013-01-01T12:00:00Z,0.0,-67.875,356.125,-0.49,-0.09
2013-01-01T12:00:00Z,0.0,-63.875,0.125,-0.24,-0.36
2013-01-01T12:00:00Z,0.0,-63.875,4.125,-0.34,-0.51
2013-01-01T12:00:00Z,0.0,-63.875,8.125,-0.63,-0.87
2013-01-01T12:00:00Z,0.0,-63.875,12.125,-0.82,-1.09
2013-01-01T12:00:00Z,0.0,-63.875,16.125,-0.93,-1.14
2013-01-01T12:00:00Z,0.0,-63.875,20.125,-0.48,-0.6
2013-01-01T12:00:00Z,0.0,-63.875,24.125,-0.45,-0.56
2013-01-01T12:00:00Z,0.0,-63.875,28.125,0.06,-0.11
2013-01-01T12:00:00Z,0.0,-63.875,32.125,-1.0,-1.22
2013-01-01T12:00:00Z,0.0,-63.875,36.125,0.41,0.05
2013-01-01T12:00:00Z,0.0,-63.875,40.125,0.38,-0.05
2013-01-01T12:00:00Z,0.0,-63.875,44.125,0.0,-0.41
2013-01-01T12:00:00Z,0.0,-63.875,48.125,0.07,-0.22
2013-01-01T12:00:00Z,0.0,-63.875,52.125,-0.42,-0.61
2013-01-01T12:00:00Z,0.0,-63.875,56.125,-0.26,-0.41
2013-01-01T12:00:00Z,0.0,-63.875,60.125,-0.69,-1.04
2013-01-01T12:00:00Z,0.0,-63.875,64.125,0.08,-0.23
2013-01-01T12:00:00Z,0.0,-63.875,68.125,-0.72,-0.92
2013-01-01T12:00:00Z,0.0,-63.875,72.125,0.08,-0.28
2013-01-01T12:00:00Z,0.0,-63.875,76.125,0.08,-0.33
2013-01-01T12:00:00Z,0.0,-63.875,80.125,0.29,0.07
2013-01-01T12:00:00Z,0.0,-63.875,84.125,-0.53,-0.49
2013-01-01T12:00:00Z,0.0,-63.875,88.125,0.54,0.48
2013-01-01T12:00:00Z,0.0,-63.875,92.125,0.24,0.2
2013-01-01T12:00:00Z,0.0,-63.875,96.125,-1.69,-1.19
2013-01-01T12:00:00Z,0.0,-63.875,100.125,-1.78,-1.21
2013-01-01T12:00:00Z,0.0,-63.875,104.125,-1.37,-1.22
2013-01-01T12:00:00Z,0.0,-63.875,108.125,0.55,0.36
2013-01-01T12:00:00Z,0.0,-63.875,112.125,-0.43,-0.78
2013-01-01T12:00:00Z,0.0,-63.875,116.125,-1.56,-1.75
2013-01-01T12:00:00Z,0.0,-63.875,120.125,0.59,0.27
2013-01-01T12:00:00Z,0.0,-63.875,124.125,0.62,0.26
2013-01-01T12:00:00Z,0.0,-63.875,128.125,0.95,0.56
2013-01-01T12:00:00Z,0.0,-63.875,132.125,0.25,-0.25
2013-01-01T12:00:00Z,0.0,-63.875,136.125,-0.83,-1.17
2013-01-01T12:00:00Z,0.0,-63.875,140.125,0.31,-0.26
2013-01-01T12:00:00Z,0.0,-63.875,144.125,0.63,-0.09
2013-01-01T12:00:00Z,0.0,-63.875,148.125,-0.37,-0.98
2013-01-01T12:00:00Z,0.0,-63.875,152.125,-0.95,-1.3
2013-01-01T12:00:00Z,0.0,-63.875,156.125,-0.77,-1.1
2013-01-01T12:00:00Z,0.0,-63.875,160.125,-0.84,-1.06
2013-01-01T12:00:00Z,0.0,-63.875,164.125,0.68,0.34
2013-01-01T12:00:00Z,0.0,-63.875,168.125,-0.68,-1.32
2013-01-01T12:00:00Z,0.0,-63.875,172.125,0.65,-0.39
2013-01-01T12:00:00Z,0.0,-63.875,176.125,1.92,0.47
2013-01-01T12:00:00Z,0.0,-63.875,180.125,2.63,0.95
2013-01-01T12:00:00Z,0.0,-63.875,184.125,1.43,0.08
2013-01-01T12:00:00Z,0.0,-63.875,188.125,0.75,-0.06
2013-01-01T12:00:00Z,0.0,-63.875,192.125,0.4,0.01
2013-01-01T12:00:00Z,0.0,-63.875,196.125,-0.32,-0.52
2013-01-01T12:00:00Z,0.0,-63.875,200.125,0.02,-0.11
2013-01-01T12:00:00Z,0.0,-63.875,204.125,-0.22,-0.3
2013-01-01T12:00:00Z,0.0,-63.875,208.125,-0.13,-0.08
2013-01-01T12:00:00Z,0.0,-63.875,212.125,0.39,0.48
2013-01-01T12:00:00Z,0.0,-63.875,216.125,0.75,0.78
2013-01-01T12:00:00Z,0.0,-63.875,220.125,0.82,0.73
2013-01-01T12:00:00Z,0.0,-63.875,224.125,1.41,1.15
2013-01-01T12:00:00Z,0.0,-63.875,228.125,1.43,0.93
2013-01-01T12:00:00Z,0.0,-63.875,232.125,2.05,1.05
2013-01-01T12:00:00Z,0.0,-63.875,236.125,2.75,1.32
2013-01-01T12:00:00Z,0.0,-63.875,240.125,3.34,1.73
2013-01-01T12:00:00Z,0.0,-63.875,244.125,3.53,1.55
2013-01-01T12:00:00Z,0.0,-63.875,248.125,3.41,1.17
2013-01-01T12:00:00Z,0.0,-63.875,252.125,2.9,0.79
2013-01-01T12:00:00Z,0.0,-63.875,256.125,2.9,0.9
2013-01-01T12:00:00Z,0.0,-63.875,260.125,3.91,1.8
2013-01-01T12:00:00Z,0.0,-63.875,264.125,3.54,1.38
2013-01-01T12:00:00Z,0.0,-63.875,268.125,2.58,0.41
2013-01-01T12:00:00Z,0.0,-63.875,272.125,3.36,0.82
2013-01-01T12:00:00Z,0.0,-63.875,276.125,1.84,-0.62
2013-01-01T12:00:00Z,0.0,-63.875,280.125,0.45,-1.85
2013-01-01T12:00:00Z,0.0,-63.875,284.125,1.11,-1.11
2013-01-01T12:00:00Z,0.0,-63.875,288.125,-0.02,-1.82
2013-01-01T12:00:00Z,0.0,-63.875,292.125,1.17,-0.07
2013-01-01T12:00:00Z,0.0,-63.875,296.125,1.99,1.36
2013-01-01T12:00:00Z,0.0,-63.875,300.125,0.84,0.9
2013-01-01T12:00:00Z,0.0,-63.875,304.125,-1.8,-1.38
2013-01-01T12:00:00Z,0.0,-63.875,308.125,-1.79,-1.38
2013-01-01T12:00:00Z,0.0,-63.875,312.125,-1.77,-1.39
2013-01-01T12:00:00Z,0.0,-63.875,316.125,-1.4,-0.95
2013-01-01T12:00:00Z,0.0,-63.875,320.125,-1.33,-0.75
2013-01-01T12:00:00Z,0.0,-63.875,324.125,-1.36,-0.79
2013-01-01T12:00:00Z,0.0,-63.875,328.125,-1.59,-0.98
2013-01-01T12:00:00Z,0.0,-63.875,332.125,-1.32,-0.68
2013-01-01T12:00:00Z,0.0,-63.875,336.125,-0.88,-0.25
2013-01-01T12:00:00Z,0.0,-63.875,340.125,-0.7,-0.12
2013-01-01T12:00:00Z,0.0,-63.875,344.125,0.24,0.76
2013-01-01T12:00:00Z,0.0,-63.875,348.125,-0.12,0.28
2013-01-01T12:00:00Z,0.0,-63.875,352.125,-0.69,-0.41
2013-01-01T12:00:00Z,0.0,-63.875,356.125,-0.13,-0.06
2013-01-01T12:00:00Z,0.0,-59.875,0.125,-0.28,-0.29
2013-01-01T12:00:00Z,0.0,-59.875,4.125,0.16,0.16
2013-01-01T12:00:00Z,0.0,-59.875,8.125,-0.06,-0.08
2013-01-01T12:00:00Z,0.0,-59.875,12.125,-0.38,-0.46
2013-01-01T12:00:00Z,0.0,-59.875,16.125,-0.32,-0.44
2013-01-01T12:00:00Z,0.0,-59.875,20.125,-0.11,-0.33
2013-01-01T12:00:00Z,0.0,-59.875,24.125,0.42,-0.11
2013-01-01T12:00:00Z,0.0,-59.875,28.125,1.16,0.42
2013-01-01T12:00:00Z,0.0,-59.875,32.125,0.43,-0.28
2013-01-01T12:00:00Z,0.0,-59.875,36.125,0.34,-0.42
2013-01-01T12:00:00Z,0.0,-59.875,40.125,0.8,0.11
2013-01-01T12:00:00Z,0.0,-59.875,44.125,0.34,-0.38
2013-01-01T12:00:00Z,0.0,-59.875,48.125,0.35,-0.39
2013-01-01T12:00:00Z,0.0,-59.875,52.125,0.38,-0.27
2013-01-01T12:00:00Z,0.0,-59.875,56.125,0.58,-0.03
2013-01-01T12:00:00Z,0.0,-59.875,60.125,0.85,0.2
2013-01-01T12:00:00Z,0.0,-59.875,64.125,0.74,0.0
2013-01-01T12:00:00Z,0.0,-59.875,68.125,0.76,0.06
2013-01-01T12:00:00Z,0.0,-59.875,72.125,0.65,0.13
2013-01-01T12:00:00Z,0.0,-59.875,76.125,1.02,0.58
2013-01-01T12:00:00Z,0.0,-59.875,80.125,1.24,0.69
2013-01-01T12:00:00Z,0.0,-59.875,84.125,1.18,0.4
2013-01-01T12:00:00Z,0.0,-59.875,88.125,1.96,0.75
2013-01-01T12:00:00Z,0.0,-59.875,92.125,1.51,0.42
2013-01-01T12:00:00Z,0.0,-59.875,96.125,1.92,0.96
2013-01-01T12:00:00Z,0.0,-59.875,100.125,2.38,1.33
2013-01-01T12:00:00Z,0.0,-59.875,104.125,2.67,1.34
2013-01-01T12:00:00Z,0.0,-59.875,108.125,2.46,1.08
2013-01-01T12:00:00Z,0.0,-59.875,112.125,2.38,0.84
2013-01-01T12:00:00Z,0.0,-59.875,116.125,1.94,0.18
2013-01-01T12:00:00Z,0.0,-59.875,120.125,1.77,0.04
2013-01-01T12:00:00Z,0.0,-59.875,124.125,1.26,-0.67
2013-01-01T12:00:00Z,0.0,-59.875,128.125,1.54,-0.69
2013-01-01T12:00:00Z,0.0,-59.875,132.125,2.41,0.04
2013-01-01T12:00:00Z,0.0,-59.875,136.125,2.01,-0.27
2013-01-01T12:00:00Z,0.0,-59.875,140.125,1.83,-0.47
2013-01-01T12:00:00Z,0.0,-59.875,144.125,2.67,0.48
2013-01-01T12:00:00Z,0.0,-59.875,148.125,2.35,0.8
2013-01-01T12:00:00Z,0.0,-59.875,152.125,3.15,1.63
2013-01-01T12:00:00Z,0.0,-59.875,156.125,3.53,1.44
2013-01-01T12:00:00Z,0.0,-59.875,160.125,4.3,1.87
2013-01-01T12:00:00Z,0.0,-59.875,164.125,4.53,1.09
2013-01-01T12:00:00Z,0.0,-59.875,168.125,5.33,0.86
2013-01-01T12:00:00Z,0.0,-59.875,172.125,5.69,0.59
2013-01-01T12:00:00Z,0.0,-59.875,176.125,4.45,-0.3
2013-01-01T12:00:00Z,0.0,-59.875,180.125,4.92,0.52
2013-01-01T12:00:00Z,0.0,-59.875,184.125,4.28,0.18
2013-01-01T12:00:00Z,0.0,-59.875,188.125,4.33,0.56
2013-01-01T12:00:00Z,0.0,-59.875,192.125,4.44,1.14
2013-01-01T12:00:00Z,0.0,-59.875,196.125,2.59,-0.22
2013-01-01T12:00:00Z,0.0,-59.875,200.125,1.85,-0.33
2013-01-01T12:00:00Z,0.0,-59.875,204.125,1.42,-0.06
2013-01-01T12:00:00Z,0.0,-59.875,208.125,0.9,0.11
2013-01-01T12:00:00Z,0.0,-59.875,212.125,1.86,1.31
2013-01-01T12:00:00Z,0.0,-59.875,216.125,0.65,-0.18
2013-01-01T12:00:00Z,0.0,-59.875,220.125,2.41,1.1
2013-01-01T12:00:00Z,0.0,-59.875,224.125,2.87,1.24
2013-01-01T12:00:00Z,0.0,-59.875,228.125,2.79,0.62
2013-01-01T12:00:00Z,0.0,-59.875,232.125,4.17,1.45
2013-01-01T12:00:00Z,0.0,-59.875,236.125,4.73,1.45
2013-01-01T12:00:00Z,0.0,-59.875,240.125,4.02,0.49
2013-01-01T12:00:00Z,0.0,-59.875,244.125,5.36,1.45
2013-01-01T12:00:00Z,0.0,-59.875,248.125,5.64,1.47
2013-01-01T12:00:00Z,0.0,-59.875,252.125,6.16,1.88
2013-01-01T12:00:00Z,0.0,-59.875,256.125,6.78,2.26
2013-01-01T12:00:00Z,0.0,-59.875,260.125,6.96,2.12
2013-01-01T12:00:00Z,0.0,-59.875,264.125,6.49,1.6
2013-01-01T12:00:00Z,0.0,-59.875,268.125,6.37,1.47
2013-01-01T12:00:00Z,0.0,-59.875,272.125,7.15,1.94
2013-01-01T12:00:00Z,0.0,-59.875,276.125,6.02,0.56
2013-01-01T12:00:00Z,0.0,-59.875,280.125,5.97,0.34
2013-01-01T12:00:00Z,0.0,-59.875,284.125,4.71,-0.94
2013-01-01T12:00:00Z,0.0,-59.875,288.125,5.23,0.11
2013-01-01T12:00:00Z,0.0,-59.875,292.125,3.46,-0.71
2013-01-01T12:00:00Z,0.0,-59.875,296.125,1.83,-0.93
2013-01-01T12:00:00Z,0.0,-59.875,300.125,1.33,-0.68
2013-01-01T12:00:00Z,0.0,-59.875,304.125,1.27,-0.3
2013-01-01T12:00:00Z,0.0,-59.875,308.125,-0.61,-1.78
2013-01-01T12:00:00Z,0.0,-59.875,312.125,-0.3,-1.32
2013-01-01T12:00:00Z,0.0,-59.875,316.125,-0.86,-1.78
2013-01-01T12:00:00Z,0.0,-59.875,320.125,-1.04,-1.55
2013-01-01T12:00:00Z,0.0,-59.875,324.125,-0.67,-1.0
2013-01-01T12:00:00Z,0.0,-59.875,328.125,-0.54,-0.69
2013-01-01T12:00:00Z,0.0,-59.875,332.125,-1.16,-1.1
2013-01-01T12:00:00Z,0.0,-59.875,336.125,-0.64,-0.84
2013-01-01T12:00:00Z,0.0,-59.875,340.125,-0.32,-0.44
2013-01-01T12:00:00Z,0.0,-59.875,344.125,-0.4,-0.3
2013-01-01T12:00:00Z,0.0,-59.875,348.125,-0.28,-0.12
2013-01-01T12:00:00Z,0.0,-59.875,352.125,-0.22,-0.08
2013-01-01T12:00:00Z,0.0,-59.875,356.125,0.11,0.19
2013-01-01T12:00:00Z,0.0,-55.875,0.125,0.51,0.04
2013-01-01T12:00:00Z,0.0,-55.875,4.125,0.26,-0.18
2013-01-01T12:00:00Z,0.0,-55.875,8.125,0.35,-0.05
2013-01-01T12:00:00Z,0.0,-55.875,12.125,0.38,0.01
2013-01-01T12:00:00Z,0.0,-55.875,16.125,0.39,-0.18
2013-01-01T12:00:00Z,0.0,-55.875,20.125,0.12,-0.44
2013-01-01T12:00:00Z,0.0,-55.875,24.125,0.85,0.01
2013-01-01T12:00:00Z,0.0,-55.875,28.125,1.72,0.15
2013-01-01T12:00:00Z,0.0,-55.875,32.125,1.66,-0.09
2013-01-01T12:00:00Z,0.0,-55.875,36.125,1.59,-0.3
2013-01-01T12:00:00Z,0.0,-55.875,40.125,1.29,-0.36
2013-01-01T12:00:00Z,0.0,-55.875,44.125,0.82,-0.5
2013-01-01T12:00:00Z,0.0,-55.875,48.125,1.37,-0.16
2013-01-01T12:00:00Z,0.0,-55.875,52.125,1.54,-0.2
2013-01-01T12:00:00Z,0.0,-55.875,56.125,2.22,0.32
2013-01-01T12:00:00Z,0.0,-55.875,60.125,2.46,0.5
2013-01-01T12:00:00Z,0.0,-55.875,64.125,2.28,0.21
2013-01-01T12:00:00Z,0.0,-55.875,68.125,2.41,0.37
2013-01-01T12:00:00Z,0.0,-55.875,72.125,2.78,1.03
2013-01-01T12:00:00Z,0.0,-55.875,76.125,2.67,1.39
2013-01-01T12:00:00Z,0.0,-55.875,80.125,1.78,0.75
2013-01-01T12:00:00Z,0.0,-55.875,84.125,1.25,-0.65
2013-01-01T12:00:00Z,0.0,-55.875,88.125,3.47,1.28
2013-01-01T12:00:00Z,0.0,-55.875,92.125,3.85,1.82
2013-01-01T12:00:00Z,0.0,-55.875,96.125,4.5,2.39
2013-01-01T12:00:00Z,0.0,-55.875,100.125,3.42,1.51
2013-01-01T12:00:00Z,0.0,-55.875,104.125,4.0,1.99
2013-01-01T12:00:00Z,0.0,-55.875,108.125,3.63,1.16
2013-01-01T12:00:00Z,0.0,-55.875,112.125,3.74,0.84
2013-01-01T12:00:00Z,0.0,-55.875,116.125,4.12,0.73
2013-01-01T12:00:00Z,0.0,-55.875,120.125,3.99,0.4
2013-01-01T12:00:00Z,0.0,-55.875,124.125,3.94,0.1
2013-01-01T12:00:00Z,0.0,-55.875,128.125,3.08,-0.97
2013-01-01T12:00:00Z,0.0,-55.875,132.125,4.57,0.3
2013-01-01T12:00:00Z,0.0,-55.875,136.125,4.04,-0.34
2013-01-01T12:00:00Z,0.0,-55.875,140.125,3.6,-0.45
2013-01-01T12:00:00Z,0.0,-55.875,144.125,3.27,-0.01
2013-01-01T12:00:00Z,0.0,-55.875,148.125,3.41,-0.13
2013-01-01T12:00:00Z,0.0,-55.875,152.125,4.23,-0.58
2013-01-01T12:00:00Z,0.0,-55.875,156.125,7.04,1.62
2013-01-01T12:00:00Z,0.0,-55.875,160.125,5.4,0.2
2013-01-01T12:00:00Z,0.0,-55.875,164.125,7.14,0.34
2013-01-01T12:00:00Z,0.0,-55.875,168.125,7.95,0.32
2013-01-01T12:00:00Z,0.0,-55.875,172.125,7.71,0.32
2013-01-01T12:00:00Z,0.0,-55.875,176.125,7.44,0.28
2013-01-01T12:00:00Z,0.0,-55.875,180.125,8.31,0.74
2013-01-01T12:00:00Z,0.0,-55.875,184.125,7.71,0.24
2013-01-01T12:00:00Z,0.0,-55.875,188.125,6.63,-0.25
2013-01-01T12:00:00Z,0.0,-55.875,192.125,5.22,-1.3
2013-01-01T12:00:00Z,0.0,-55.875,196.125,5.64,-0.53
2013-01-01T12:00:00Z,0.0,-55.875,200.125,4.37,-1.46
2013-01-01T12:00:00Z,0.0,-55.875,204.125,5.5,0.05
2013-01-01T12:00:00Z,0.0,-55.875,208.125,5.9,1.27
2013-01-01T12:00:00Z,0.0,-55.875,212.125,3.89,-0.16
2013-01-01T12:00:00Z,0.0,-55.875,216.125,5.2,0.87
2013-01-01T12:00:00Z,0.0,-55.875,220.125,5.17,-0.05
2013-01-01T12:00:00Z,0.0,-55.875,224.125,4.12,-0.86
2013-01-01T12:00:00Z,0.0,-55.875,228.125,4.92,-0.46
2013-01-01T12:00:00Z,0.0,-55.875,232.125,6.52,0.28
2013-01-01T12:00:00Z,0.0,-55.875,236.125,7.68,1.2
2013-01-01T12:00:00Z,0.0,-55.875,240.125,7.36,1.14
2013-01-01T12:00:00Z,0.0,-55.875,244.125,7.7,1.33
2013-01-01T12:00:00Z,0.0,-55.875,248.125,8.16,1.54
2013-01-01T12:00:00Z,0.0,-55.875,252.125,8.78,2.08
2013-01-01T12:00:00Z,0.0,-55.875,256.125,8.52,1.8
2013-01-01T12:00:00Z,0.0,-55.875,260.125,8.12,1.36
2013-01-01T12:00:00Z,0.0,-55.875,264.125,7.86,1.07
2013-01-01T12:00:00Z,0.0,-55.875,268.125,7.87,1.06
2013-01-01T12:00:00Z,0.0,-55.875,272.125,7.52,0.62
2013-01-01T12:00:00Z,0.0,-55.875,276.125,7.65,0.7
2013-01-01T12:00:00Z,0.0,-55.875,280.125,7.65,0.61
2013-01-01T12:00:00Z,0.0,-55.875,284.125,6.78,-0.44
2013-01-01T12:00:00Z,0.0,-55.875,288.125,8.04,0.4
2013-01-01T12:00:00Z,0.0,-55.875,292.125,8.41,0.82
2013-01-01T12:00:00Z,0.0,-55.875,296.125,5.64,-1.13
2013-01-01T12:00:00Z,0.0,-55.875,300.125,6.61,0.28
2013-01-01T12:00:00Z,0.0,-55.875,304.125,4.52,-1.07
2013-01-01T12:00:00Z,0.0,-55.875,308.125,4.08,-0.64
2013-01-01T12:00:00Z,0.0,-55.875,312.125,3.52,-0.19
2013-01-01T12:00:00Z,0.0,-55.875,316.125,2.15,-0.56
2013-01-01T12:00:00Z,0.0,-55.875,320.125,1.64,-0.43
2013-01-01T12:00:00Z,0.0,-55.875,324.125,1.73,0.0
2013-01-01T12:00:00Z,0.0,-55.875,328.125,1.14,0.09
2013-01-01T12:00:00Z,0.0,-55.875,332.125,0.47,-0.49
2013-01-01T12:00:00Z,0.0,-55.875,336.125,0.59,-0.79
2013-01-01T12:00:00Z,0.0,-55.875,340.125,1.2,-0.16
2013-01-01T12:00:00Z,0.0,-55.875,344.125,1.55,0.22
2013-01-01T12:00:00Z,0.0,-55.875,348.125,-0.57,-1.6
2013-01-01T12:00:00Z,0.0,-55.875,352.125,0.98,0.28
2013-01-01T12:00:00Z,0.0,-55.875,356.125,0.77,0.28
2013-01-01T12:00:00Z,0.0,-51.875,0.125,3.07,0.8
2013-01-01T12:00:00Z,0.0,-51.875,4.125,2.61,0.32
2013-01-01T12:00:00Z,0.0,-51.875,8.125,2.43,0.06
2013-01-01T12:00:00Z,0.0,-51.875,12.125,1.21,-0.63
2013-01-01T12:00:00Z,0.0,-51.875,16.125,1.21,-0.73
2013-01-01T12:00:00Z,0.0,-51.875,20.125,1.34,-0.43
2013-01-01T12:00:00Z,0.0,-51.875,24.125,0.83,-0.89
2013-01-01T12:00:00Z,0.0,-51.875,28.125,1.74,-0.78
2013-01-01T12:00:00Z,0.0,-51.875,32.125,1.97,-1.13
2013-01-01T12:00:00Z,0.0,-51.875,36.125,2.56,-0.71
2013-01-01T12:00:00Z,0.0,-51.875,40.125,2.54,-0.42
2013-01-01T12:00:00Z,0.0,-51.875,44.125,2.42,-0.4
2013-01-01T12:00:00Z,0.0,-51.875,48.125,2.93,-0.26
2013-01-01T12:00:00Z,0.0,-51.875,52.125,3.43,0.02
2013-01-01T12:00:00Z,0.0,-51.875,56.125,2.81,-0.57
2013-01-01T12:00:00Z,0.0,-51.875,60.125,3.65,0.18
2013-01-01T12:00:00Z,0.0,-51.875,64.125,3.79,0.4
2013-01-01T12:00:00Z,0.0,-51.875,68.125,4.03,0.73
2013-01-01T12:00:00Z,0.0,-51.875,72.125,3.87,0.92
2013-01-01T12:00:00Z,0.0,-51.875,76.125,2.92,0.3
2013-01-01T12:00:00Z,0.0,-51.875,80.125,3.01,0.52
2013-01-01T12:00:00Z,0.0,-51.875,84.125,5.56,1.87
2013-01-01T12:00:00Z,0.0,-51.875,88.125,5.75,1.18
2013-01-01T12:00:00Z,0.0,-51.875,92.125,6.14,1.29
2013-01-01T12:00:00Z,0.0,-51.875,96.125,5.53,1.03
2013-01-01T12:00:00Z,0.0,-51.875,100.125,5.62,1.19
2013-01-01T12:00:00Z,0.0,-51.875,104.125,5.54,1.22
2013-01-01T12:00:00Z,0.0,-51.875,108.125,4.19,0.11
2013-01-01T12:00:00Z,0.0,-51.875,112.125,4.36,0.39
2013-01-01T12:00:00Z,0.0,-51.875,116.125,4.35,-0.29
2013-01-01T12:00:00Z,0.0,-51.875,120.125,5.38,-0.04
2013-01-01T12:00:00Z,0.0,-51.875,124.125,7.32,1.2
2013-01-01T12:00:00Z,0.0,-51.875,128.125,5.88,-0.79
2013-01-01T12:00:00Z,0.0,-51.875,132.125,7.6,0.68
2013-01-01T12:00:00Z,0.0,-51.875,136.125,7.11,0.15
2013-01-01T12:00:00Z,0.0,-51.875,140.125,6.1,-0.7
2013-01-01T12:00:00Z,0.0,-51.875,144.125,6.75,-0.45
2013-01-01T12:00:00Z,0.0,-51.875,148.125,9.3,1.04
2013-01-01T12:00:00Z,0.0,-51.875,152.125,8.31,-0.16
2013-01-01T12:00:00Z,0.0,-51.875,156.125,7.99,-0.97
2013-01-01T12:00:00Z,0.0,-51.875,160.125,7.83,-1.32
2013-01-01T12:00:00Z,0.0,-51.875,164.125,9.55,-0.05
2013-01-01T12:00:00Z,0.0,-51.875,168.125,9.62,0.22
2013-01-01T12:00:00Z,0.0,-51.875,172.125,10.02,0.78
2013-01-01T12:00:00Z,0.0,-51.875,176.125,9.28,0.59
2013-01-01T12:00:00Z,0.0,-51.875,180.125,9.74,0.47
2013-01-01T12:00:00Z,0.0,-51.875,184.125,9.56,-0.5
2013-01-01T12:00:00Z,0.0,-51.875,188.125,10.44,0.4
2013-01-01T12:00:00Z,0.0,-51.875,192.125,9.56,-0.07
2013-01-01T12:00:00Z,0.0,-51.875,196.125,9.21,-0.39
2013-01-01T12:00:00Z,0.0,-51.875,200.125,9.29,-0.3
2013-01-01T12:00:00Z,0.0,-51.875,204.125,9.02,-0.41
2013-01-01T12:00:00Z,0.0,-51.875,208.125,9.86,0.47
2013-01-01T12:00:00Z,0.0,-51.875,212.125,9.01,-0.28
2013-01-01T12:00:00Z,0.0,-51.875,216.125,9.02,-0.01
2013-01-01T12:00:00Z,0.0,-51.875,220.125,9.28,0.48
2013-01-01T12:00:00Z,0.0,-51.875,224.125,9.33,0.7
2013-01-01T12:00:00Z,0.0,-51.875,228.125,8.99,0.38
2013-01-01T12:00:00Z,0.0,-51.875,232.125,8.86,0.39
2013-01-01T12:00:00Z,0.0,-51.875,236.125,9.38,1.17
2013-01-01T12:00:00Z,0.0,-51.875,240.125,8.48,0.69
2013-01-01T12:00:00Z,0.0,-51.875,244.125,9.15,1.2
2013-01-01T12:00:00Z,0.0,-51.875,248.125,9.02,0.87
2013-01-01T12:00:00Z,0.0,-51.875,252.125,8.93,0.85
2013-01-01T12:00:00Z,0.0,-51.875,256.125,9.02,0.99
2013-01-01T12:00:00Z,0.0,-51.875,260.125,8.96,1.01
2013-01-01T12:00:00Z,0.0,-51.875,264.125,8.77,0.81
2013-01-01T12:00:00Z,0.0,-51.875,268.125,8.49,0.5
2013-01-01T12:00:00Z,0.0,-51.875,272.125,8.72,0.7
2013-01-01T12:00:00Z,0.0,-51.875,276.125,8.57,0.37
2013-01-01T12:00:00Z,0.0,-51.875,280.125,8.57,-0.01
2013-01-01T12:00:00Z,0.0,-51.875,284.125,10.3,0.91
2013-01-01T12:00:00Z,0.0,-51.875,288.125,NaN,NaN
2013-01-01T12:00:00Z,0.0,-51.875,292.125,9.3,-0.74
2013-01-01T12:00:00Z,0.0,-51.875,296.125,7.84,-1.79
2013-01-01T12:00:00Z,0.0,-51.875,300.125,8.61,-0.57
2013-01-01T12:00:00Z,0.0,-51.875,304.125,6.63,-1.25
2013-01-01T12:00:00Z,0.0,-51.875,308.125,6.21,-0.71
2013-01-01T12:00:00Z,0.0,-51.875,312.125,4.95,-0.77
2013-01-01T12:00:00Z,0.0,-51.875,316.125,5.22,0.68
2013-01-01T12:00:00Z,0.0,-51.875,320.125,2.9,-0.51
2013-01-01T12:00:00Z,0.0,-51.875,324.125,3.94,0.73
2013-01-01T12:00:00Z,0.0,-51.875,328.125,1.81,-0.82
2013-01-01T12:00:00Z,0.0,-51.875,332.125,2.7,-0.49
2013-01-01T12:00:00Z,0.0,-51.875,336.125,3.29,-0.36
2013-01-01T12:00:00Z,0.0,-51.875,340.125,3.02,-0.4
2013-01-01T12:00:00Z,0.0,-51.875,344.125,3.68,0.5
2013-01-01T12:00:00Z,0.0,-51.875,348.125,3.07,0.37
2013-01-01T12:00:00Z,0.0,-51.875,352.125,1.94,-0.13
2013-01-01T12:00:00Z,0.0,-51.875,356.125,2.54,0.51
2013-01-01T12:00:00Z,0.0,-47.875,0.125,5.2,-0.66
2013-01-01T12:00:00Z,0.0,-47.875,4.125,6.01,0.29
2013-01-01T12:00:00Z,0.0,-47.875,8.125,5.49,-0.03
2013-01-01T12:00:00Z,0.0,-47.875,12.125,5.36,-0.29
2013-01-01T12:00:00Z,0.0,-47.875,16.125,5.28,-0.37
2013-01-01T12:00:00Z,0.0,-47.875,20.125,5.36,-0.02
2013-01-01T12:00:00Z,0.0,-47.875,24.125,5.03,-0.35
2013-01-01T12:00:00Z,0.0,-47.875,28.125,4.42,-1.5
2013-01-01T12:00:00Z,0.0,-47.875,32.125,5.8,-0.68
2013-01-01T12:00:00Z,0.0,-47.875,36.125,5.15,-0.68
2013-01-01T12:00:00Z,0.0,-47.875,40.125,5.82,0.01
2013-01-01T12:00:00Z,0.0,-47.875,44.125,4.47,-1.4
2013-01-01T12:00:00Z,0.0,-47.875,48.125,4.56,-0.8
2013-01-01T12:00:00Z,0.0,-47.875,52.125,4.61,-0.5
2013-01-01T12:00:00Z,0.0,-47.875,56.125,5.36,-0.34
2013-01-01T12:00:00Z,0.0,-47.875,60.125,5.42,-0.59
2013-01-01T12:00:00Z,0.0,-47.875,64.125,5.36,0.11
2013-01-01T12:00:00Z,0.0,-47.875,68.125,5.4,0.31
2013-01-01T12:00:00Z,0.0,-47.875,72.125,5.51,0.16
2013-01-01T12:00:00Z,0.0,-47.875,76.125,6.51,0.24
2013-01-01T12:00:00Z,0.0,-47.875,80.125,7.03,0.51
2013-01-01T12:00:00Z,0.0,-47.875,84.125,7.33,-0.04
2013-01-01T12:00:00Z,0.0,-47.875,88.125,9.74,1.87
2013-01-01T12:00:00Z,0.0,-47.875,92.125,8.22,0.5
2013-01-01T12:00:00Z,0.0,-47.875,96.125,8.26,1.1
2013-01-01T12:00:00Z,0.0,-47.875,100.125,7.63,0.44
2013-01-01T12:00:00Z,0.0,-47.875,104.125,7.88,0.47
2013-01-01T12:00:00Z,0.0,-47.875,108.125,7.94,0.17
2013-01-01T12:00:00Z,0.0,-47.875,112.125,8.66,0.19
2013-01-01T12:00:00Z,0.0,-47.875,116.125,8.64,-0.3
2013-01-01T12:00:00Z,0.0,-47.875,120.125,9.12,-0.07
2013-01-01T12:00:00Z,0.0,-47.875,124.125,10.66,1.0
2013-01-01T12:00:00Z,0.0,-47.875,128.125,10.83,0.82
2013-01-01T12:00:00Z,0.0,-47.875,132.125,10.69,0.55
2013-01-01T12:00:00Z,0.0,-47.875,136.125,10.43,0.2
2013-01-01T12:00:00Z,0.0,-47.875,140.125,11.17,0.49
2013-01-01T12:00:00Z,0.0,-47.875,144.125,11.52,0.72
2013-01-01T12:00:00Z,0.0,-47.875,148.125,9.95,-1.11
2013-01-01T12:00:00Z,0.0,-47.875,152.125,10.56,-0.65
2013-01-01T12:00:00Z,0.0,-47.875,156.125,11.32,-0.12
2013-01-01T12:00:00Z,0.0,-47.875,160.125,11.81,0.33
2013-01-01T12:00:00Z,0.0,-47.875,164.125,12.2,0.26
2013-01-01T12:00:00Z,0.0,-47.875,168.125,12.5,0.87
2013-01-01T12:00:00Z,0.0,-47.875,172.125,11.97,0.62
2013-01-01T12:00:00Z,0.0,-47.875,176.125,12.0,0.8
2013-01-01T12:00:00Z,0.0,-47.875,180.125,12.25,0.92
2013-01-01T12:00:00Z,0.0,-47.875,184.125,14.05,1.69
2013-01-01T12:00:00Z,0.0,-47.875,188.125,12.99,0.55
2013-01-01T12:00:00Z,0.0,-47.875,192.125,13.01,0.88
2013-01-01T12:00:00Z,0.0,-47.875,196.125,11.99,0.12
2013-01-01T12:00:00Z,0.0,-47.875,200.125,12.09,0.33
2013-01-01T12:00:00Z,0.0,-47.875,204.125,11.68,0.25
2013-01-01T12:00:00Z,0.0,-47.875,208.125,11.73,0.51
2013-01-01T12:00:00Z,0.0,-47.875,212.125,11.72,0.71
2013-01-01T12:00:00Z,0.0,-47.875,216.125,10.83,0.11
2013-01-01T12:00:00Z,0.0,-47.875,220.125,10.71,0.13
2013-01-01T12:00:00Z,0.0,-47.875,224.125,9.45,-0.96
2013-01-01T12:00:00Z,0.0,-47.875,228.125,10.37,0.12
2013-01-01T12:00:00Z,0.0,-47.875,232.125,10.92,0.8
2013-01-01T12:00:00Z,0.0,-47.875,236.125,10.68,0.73
2013-01-01T12:00:00Z,0.0,-47.875,240.125,10.5,0.76
2013-01-01T12:00:00Z,0.0,-47.875,244.125,10.27,0.55
2013-01-01T12:00:00Z,0.0,-47.875,248.125,10.46,0.68
2013-01-01T12:00:00Z,0.0,-47.875,252.125,10.33,0.57
2013-01-01T12:00:00Z,0.0,-47.875,256.125,10.23,0.58
2013-01-01T12:00:00Z,0.0,-47.875,260.125,9.79,0.22
2013-01-01T12:00:00Z,0.0,-47.875,264.125,9.64,0.07
2013-01-01T12:00:00Z,0.0,-47.875,268.125,9.6,0.0
2013-01-01T12:00:00Z,0.0,-47.875,272.125,9.65,-0.03
2013-01-01T12:00:00Z,0.0,-47.875,276.125,9.82,-0.19
2013-01-01T12:00:00Z,0.0,-47.875,280.125,10.8,0.15
2013-01-01T12:00:00Z,0.0,-47.875,284.125,12.3,0.58
2013-01-01T12:00:00Z,0.0,-47.875,288.125,NaN,NaN
2013-01-01T12:00:00Z,0.0,-47.875,292.125,NaN,NaN
2013-01-01T12:00:00Z,0.0,-47.875,296.125,10.79,-1.94
2013-01-01T12:00:00Z,0.0,-47.875,300.125,8.36,-2.39
2013-01-01T12:00:00Z,0.0,-47.875,304.125,11.32,0.78
2013-01-01T12:00:00Z,0.0,-47.875,308.125,12.2,0.71
2013-01-01T12:00:00Z,0.0,-47.875,312.125,10.97,-0.32
2013-01-01T12:00:00Z,0.0,-47.875,316.125,10.47,0.08
2013-01-01T12:00:00Z,0.0,-47.875,320.125,8.53,-0.72
2013-01-01T12:00:00Z,0.0,-47.875,324.125,9.0,0.54
2013-01-01T12:00:00Z,0.0,-47.875,328.125,6.66,-0.88
2013-01-01T12:00:00Z,0.0,-47.875,332.125,6.38,-0.46
2013-01-01T12:00:00Z,0.0,-47.875,336.125,6.07,-0.47
2013-01-01T12:00:00Z,0.0,-47.875,340.125,7.44,0.85
2013-01-01T12:00:00Z,0.0,-47.875,344.125,7.06,0.87
2013-01-01T12:00:00Z,0.0,-47.875,348.125,5.32,0.11
2013-01-01T12:00:00Z,0.0,-47.875,352.125,4.48,-0.11
2013-01-01T12:00:00Z,0.0,-47.875,356.125,6.05,0.6
2013-01-01T12:00:00Z,0.0,-43.875,0.125,10.4,0.67
2013-01-01T12:00:00Z,0.0,-43.875,4.125,10.27,0.73
2013-01-01T12:00:00Z,0.0,-43.875,8.125,8.58,-0.59
2013-01-01T12:00:00Z,0.0,-43.875,12.125,10.7,0.82
2013-01-01T12:00:00Z,0.0,-43.875,16.125,9.61,-1.25
2013-01-01T12:00:00Z,0.0,-43.875,20.125,12.0,0.71
2013-01-01T12:00:00Z,0.0,-43.875,24.125,10.77,-0.66
2013-01-01T12:00:00Z,0.0,-43.875,28.125,12.04,0.64
2013-01-01T12:00:00Z,0.0,-43.875,32.125,11.48,0.49
2013-01-01T12:00:00Z,0.0,-43.875,36.125,9.53,-0.42
2013-01-01T12:00:00Z,0.0,-43.875,40.125,9.01,-0.44
2013-01-01T12:00:00Z,0.0,-43.875,44.125,8.47,-0.4
2013-01-01T12:00:00Z,0.0,-43.875,48.125,7.2,-0.91
2013-01-01T12:00:00Z,0.0,-43.875,52.125,6.66,-1.9
2013-01-01T12:00:00Z,0.0,-43.875,56.125,9.1,-1.9
2013-01-01T12:00:00Z,0.0,-43.875,60.125,10.34,-2.64
2013-01-01T12:00:00Z,0.0,-43.875,64.125,11.69,-0.71
2013-01-01T12:00:00Z,0.0,-43.875,68.125,9.15,-2.35
2013-01-01T12:00:00Z,0.0,-43.875,72.125,11.64,-0.28
2013-01-01T12:00:00Z,0.0,-43.875,76.125,11.03,-0.71
2013-01-01T12:00:00Z,0.0,-43.875,80.125,9.08,-2.0
2013-01-01T12:00:00Z,0.0,-43.875,84.125,10.72,-0.63
2013-01-01T12:00:00Z,0.0,-43.875,88.125,10.81,-0.3
2013-01-01T12:00:00Z,0.0,-43.875,92.125,10.4,-0.52
2013-01-01T12:00:00Z,0.0,-43.875,96.125,12.0,0.96
2013-01-01T12:00:00Z,0.0,-43.875,100.125,12.19,0.68
2013-01-01T12:00:00Z,0.0,-43.875,104.125,12.08,0.56
2013-01-01T12:00:00Z,0.0,-43.875,108.125,12.32,0.75
2013-01-01T12:00:00Z,0.0,-43.875,112.125,12.49,0.8
2013-01-01T12:00:00Z,0.0,-43.875,116.125,13.04,1.29
2013-01-01T12:00:00Z,0.0,-43.875,120.125,13.08,1.18
2013-01-01T12:00:00Z,0.0,-43.875,124.125,13.09,1.02
2013-01-01T12:00:00Z,0.0,-43.875,128.125,12.76,0.57
2013-01-01T12:00:00Z,0.0,-43.875,132.125,11.56,-0.76
2013-01-01T12:00:00Z,0.0,-43.875,136.125,12.12,-0.5
2013-01-01T12:00:00Z,0.0,-43.875,140.125,13.14,0.07
2013-01-01T12:00:00Z,0.0,-43.875,144.125,13.48,-0.23
2013-01-01T12:00:00Z,0.0,-43.875,148.125,14.08,-0.52
2013-01-01T12:00:00Z,0.0,-43.875,152.125,14.74,0.35
2013-01-01T12:00:00Z,0.0,-43.875,156.125,14.99,0.78
2013-01-01T12:00:00Z,0.0,-43.875,160.125,14.41,0.2
2013-01-01T12:00:00Z,0.0,-43.875,164.125,14.89,0.36
2013-01-01T12:00:00Z,0.0,-43.875,168.125,15.55,0.11
2013-01-01T12:00:00Z,0.0,-43.875,172.125,17.42,3.45
2013-01-01T12:00:00Z,0.0,-43.875,176.125,15.59,1.02
2013-01-01T12:00:00Z,0.0,-43.875,180.125,15.45,0.59
2013-01-01T12:00:00Z,0.0,-43.875,184.125,14.43,-0.59
2013-01-01T12:00:00Z,0.0,-43.875,188.125,15.23,0.48
2013-01-01T12:00:00Z,0.0,-43.875,192.125,15.23,0.99
2013-01-01T12:00:00Z,0.0,-43.875,196.125,14.48,0.65
2013-01-01T12:00:00Z,0.0,-43.875,200.125,14.15,0.58
2013-01-01T12:00:00Z,0.0,-43.875,204.125,13.23,-0.16
2013-01-01T12:00:00Z,0.0,-43.875,208.125,12.62,-0.67
2013-01-01T12:00:00Z,0.0,-43.875,212.125,12.36,-0.75
2013-01-01T12:00:00Z,0.0,-43.875,216.125,12.1,-0.86
2013-01-01T12:00:00Z,0.0,-43.875,220.125,10.77,-2.01
2013-01-01T12:00:00Z,0.0,-43.875,224.125,11.51,-1.16
2013-01-01T12:00:00Z,0.0,-43.875,228.125,12.3,-0.34
2013-01-01T12:00:00Z,0.0,-43.875,232.125,12.59,0.08
2013-01-01T12:00:00Z,0.0,-43.875,236.125,13.05,0.61
2013-01-01T12:00:00Z,0.0,-43.875,240.125,13.08,0.71
2013-01-01T12:00:00Z,0.0,-43.875,244.125,13.51,1.19
2013-01-01T12:00:00Z,0.0,-43.875,248.125,13.58,1.23
2013-01-01T12:00:00Z,0.0,-43.875,252.125,13.15,0.93
2013-01-01T12:00:00Z,0.0,-43.875,256.125,12.52,0.42
2013-01-01T12:00:00Z,0.0,-43.875,260.125,10.68,-1.38
2013-01-01T12:00:00Z,0.0,-43.875,264.125,11.56,-0.52
2013-01-01T12:00:00Z,0.0,-43.875,268.125,11.61,-0.5
2013-01-01T12:00:00Z,0.0,-43.875,272.125,11.86,-0.31
2013-01-01T12:00:00Z,0.0,-43.875,276.125,11.38,-1.09
2013-01-01T12:00:00Z,0.0,-43.875,280.125,12.18,-0.8
2013-01-01T12:00:00Z,0.0,-43.875,284.125,13.33,-0.48
2013-01-01T12:00:00Z,0.0,-43.875,288.125,NaN,NaN
2013-01-01T12:00:00Z,0.0,-43.875,292.125,NaN,NaN
2013-01-01T12:00:00Z,0.0,-43.875,296.125,14.89,-1.2
2013-01-01T12:00:00Z,0.0,-43.875,300.125,9.59,-3.93
2013-01-01T12:00:00Z,0.0,-43.875,304.125,13.19,-0.99
2013-01-01T12:00:00Z,0.0,-43.875,308.125,13.19,-2.3
2013-01-01T12:00:00Z,0.0,-43.875,312.125,10.99,-2.92
2013-01-01T12:00:00Z,0.0,-43.875,316.125,10.83,-1.7
2013-01-01T12:00:00Z,0.0,-43.875,320.125,9.92,-2.0
2013-01-01T12:00:00Z,0.0,-43.875,324.125,10.54,-1.01
2013-01-01T12:00:00Z,0.0,-43.875,328.125,10.54,-0.82
2013-01-01T12:00:00Z,0.0,-43.875,332.125,9.97,-1.21
2013-01-01T12:00:00Z,0.0,-43.875,336.125,10.99,-0.33
2013-01-01T12:00:00Z,0.0,-43.875,340.125,10.7,-0.38
2013-01-01T12:00:00Z,0.0,-43.875,344.125,10.25,0.12
2013-01-01T12:00:00Z,0.0,-43.875,348.125,9.66,-0.56
2013-01-01T12:00:00Z,0.0,-43.875,352.125,11.4,1.37
2013-01-01T12:00:00Z,0.0,-43.875,356.125,9.32,-0.44
2013-01-01T12:00:00Z,0.0,-39.875,0.125,14.3,0.52
2013-01-01T12:00:00Z,0.0,-39.875,4.125,14.59,0.85
2013-01-01T12:00:00Z,0.0,-39.875,8.125,14.82,0.96
2013-01-01T12:00:00Z,0.0,-39.875,12.125,16.61,1.43
2013-01-01T12:00:00Z,0.0,-39.875,16.125,17.93,0.11
2013-01-01T12:00:00Z,0.0,-39.875,20.125,18.2,-1.06
2013-01-01T12:00:00Z,0.0,-39.875,24.125,19.2,0.83
2013-01-01T12:00:00Z,0.0,-39.875,28.125,17.12,-0.93
2013-01-01T12:00:00Z,0.0,-39.875,32.125,18.07,0.13
2013-01-01T12:00:00Z,0.0,-39.875,36.125,19.3,1.62
2013-01-01T12:00:00Z,0.0,-39.875,40.125,18.09,0.87
2013-01-01T12:00:00Z,0.0,-39.875,44.125,14.9,-2.64
2013-01-01T12:00:00Z,0.0,-39.875,48.125,17.43,0.76
2013-01-01T12:00:00Z,0.0,-39.875,52.125,18.17,1.54
2013-01-01T12:00:00Z,0.0,-39.875,56.125,14.11,-2.91
2013-01-01T12:00:00Z,0.0,-39.875,60.125,15.58,-1.04
2013-01-01T12:00:00Z,0.0,-39.875,64.125,15.21,-0.82
2013-01-01T12:00:00Z,0.0,-39.875,68.125,14.93,-0.89
2013-01-01T12:00:00Z,0.0,-39.875,72.125,14.04,-1.51
2013-01-01T12:00:00Z,0.0,-39.875,76.125,14.0,-1.3
2013-01-01T12:00:00Z,0.0,-39.875,80.125,13.34,-1.86
2013-01-01T12:00:00Z,0.0,-39.875,84.125,14.12,-0.8
2013-01-01T12:00:00Z,0.0,-39.875,88.125,14.09,-0.48
2013-01-01T12:00:00Z,0.0,-39.875,92.125,14.48,0.14
2013-01-01T12:00:00Z,0.0,-39.875,96.125,14.15,0.04
2013-01-01T12:00:00Z,0.0,-39.875,100.125,14.03,-0.03
2013-01-01T12:00:00Z,0.0,-39.875,104.125,15.22,1.12
2013-01-01T12:00:00Z,0.0,-39.875,108.125,15.41,1.17
2013-01-01T12:00:00Z,0.0,-39.875,112.125,16.83,2.23
2013-01-01T12:00:00Z,0.0,-39.875,116.125,16.06,1.18
2013-01-01T12:00:00Z,0.0,-39.875,120.125,16.78,1.88
2013-01-01T12:00:00Z,0.0,-39.875,124.125,16.49,1.6
2013-01-01T12:00:00Z,0.0,-39.875,128.125,15.76,0.79
2013-01-01T12:00:00Z,0.0,-39.875,132.125,15.06,0.02
2013-01-01T12:00:00Z,0.0,-39.875,136.125,15.86,0.52
2013-01-01T12:00:00Z,0.0,-39.875,140.125,15.73,0.05
2013-01-01T12:00:00Z,0.0,-39.875,144.125,15.75,-0.45
2013-01-01T12:00:00Z,0.0,-39.875,148.125,16.78,-0.54
2013-01-01T12:00:00Z,0.0,-39.875,152.125,17.26,-0.67
2013-01-01T12:00:00Z,0.0,-39.875,156.125,17.26,-0.22
2013-01-01T12:00:00Z,0.0,-39.875,160.125,17.11,-0.04
2013-01-01T12:00:00Z,0.0,-39.875,164.125,16.49,-0.44
2013-01-01T12:00:00Z,0.0,-39.875,168.125,17.54,0.53
2013-01-01T12:00:00Z,0.0,-39.875,172.125,17.34,0.02
2013-01-01T12:00:00Z,0.0,-39.875,176.125,NaN,NaN
2013-01-01T12:00:00Z,0.0,-39.875,180.125,18.84,0.72
2013-01-01T12:00:00Z,0.0,-39.875,184.125,18.35,0.73
2013-01-01T12:00:00Z,0.0,-39.875,188.125,18.65,1.51
2013-01-01T12:00:00Z,0.0,-39.875,192.125,18.74,1.95
2013-01-01T12:00:00Z,0.0,-39.875,196.125,17.84,1.44
2013-01-01T12:00:00Z,0.0,-39.875,200.125,16.91,0.78
2013-01-01T12:00:00Z,0.0,-39.875,204.125,17.21,1.22
2013-01-01T12:00:00Z,0.0,-39.875,208.125,16.29,0.44
2013-01-01T12:00:00Z,0.0,-39.875,212.125,16.35,0.62
2013-01-01T12:00:00Z,0.0,-39.875,216.125,14.99,-0.66
2013-01-01T12:00:00Z,0.0,-39.875,220.125,15.48,-0.08
2013-01-01T12:00:00Z,0.0,-39.875,224.125,15.34,-0.22
2013-01-01T12:00:00Z,0.0,-39.875,228.125,15.19,-0.36
2013-01-01T12:00:00Z,0.0,-39.875,232.125,15.27,-0.21
2013-01-01T12:00:00Z,0.0,-39.875,236.125,15.94,0.48
2013-01-01T12:00:00Z,0.0,-39.875,240.125,16.55,1.08
2013-01-01T12:00:00Z,0.0,-39.875,244.125,16.56,1.06
2013-01-01T12:00:00Z,0.0,-39.875,248.125,15.43,-0.05
2013-01-01T12:00:00Z,0.0,-39.875,252.125,15.49,0.07
2013-01-01T12:00:00Z,0.0,-39.875,256.125,15.32,0.06
2013-01-01T12:00:00Z,0.0,-39.875,260.125,14.85,-0.32
2013-01-01T12:00:00Z,0.0,-39.875,264.125,15.37,0.13
2013-01-01T12:00:00Z,0.0,-39.875,268.125,15.93,0.57
2013-01-01T12:00:00Z,0.0,-39.875,272.125,14.56,-0.79
2013-01-01T12:00:00Z,0.0,-39.875,276.125,13.98,-1.49
2013-01-01T12:00:00Z,0.0,-39.875,280.125,13.73,-1.85
2013-01-01T12:00:00Z,0.0,-39.875,284.125,15.13,-0.7
2013-01-01T12:00:00Z,0.0,-39.875,288.125,NaN,NaN
2013-01-01T12:00:00Z,0.0,-39.875,292.125,NaN,NaN
2013-01-01T12:00:00Z,0.0,-39.875,296.125,NaN,NaN
2013-01-01T12:00:00Z,0.0,-39.875,300.125,16.97,-0.87
2013-01-01T12:00:00Z,0.0,-39.875,304.125,8.69,-6.56
2013-01-01T12:00:00Z,0.0,-39.875,308.125,17.81,-1.01
2013-01-01T12:00:00Z,0.0,-39.875,312.125,14.42,-3.53
2013-01-01T12:00:00Z,0.0,-39.875,316.125,15.7,-1.52
2013-01-01T12:00:00Z,0.0,-39.875,320.125,18.47,1.57
2013-01-01T12:00:00Z,0.0,-39.875,324.125,15.42,-1.0
2013-01-01T12:00:00Z,0.0,-39.875,328.125,15.8,-0.24
2013-01-01T12:00:00Z,0.0,-39.875,332.125,14.54,-1.12
2013-01-01T12:00:00Z,0.0,-39.875,336.125,15.0,-0.25
2013-01-01T12:00:00Z,0.0,-39.875,340.125,14.49,-0.36
2013-01-01T12:00:00Z,0.0,-39.875,344.125,14.21,-0.48
2013-01-01T12:00:00Z,0.0,-39.875,348.125,11.69,-2.72
2013-01-01T12:00:00Z,0.0,-39.875,352.125,14.13,0.21
2013-01-01T12:00:00Z,0.0,-39.875,356.125,13.7,-0.04
2013-01-01T12:00:00Z,0.0,-35.875,0.125,18.71,0.53
2013-01-01T12:00:00Z,0.0,-35.875,4.125,19.49,1.37
2013-01-01T12:00:00Z,0.0,-35.875,8.125,20.42,2.27
2013-01-01T12:00:00Z,0.0,-35.875,12.125,19.49,0.58
2013-01-01T12:00:00Z,0.0,-35.875,16.125,21.69,1.87
2013-01-01T12:00:00Z,0.0,-35.875,20.125,20.13,-0.29
2013-01-01T12:00:00Z,0.0,-35.875,24.125,22.56,0.91
2013-01-01T12:00:00Z,0.0,-35.875,28.125,21.77,0.19
2013-01-01T12:00:00Z,0.0,-35.875,32.125,22.01,0.93
2013-01-01T12:00:00Z,0.0,-35.875,36.125,21.46,0.69
2013-01-01T12:00:00Z,0.0,-35.875,40.125,21.44,1.14
2013-01-01T12:00:00Z,0.0,-35.875,44.125,19.48,-0.29
2013-01-01T12:00:00Z,0.0,-35.875,48.125,20.58,0.94
2013-01-01T12:00:00Z,0.0,-35.875,52.125,18.81,-0.37
2013-01-01T12:00:00Z,0.0,-35.875,56.125,18.94,0.0
2013-01-01T12:00:00Z,0.0,-35.875,60.125,17.03,-1.9
2013-01-01T12:00:00Z,0.0,-35.875,64.125,18.48,-0.37
2013-01-01T12:00:00Z,0.0,-35.875,68.125,17.12,-1.68
2013-01-01T12:00:00Z,0.0,-35.875,72.125,17.15,-1.65
2013-01-01T12:00:00Z,0.0,-35.875,76.125,17.44,-1.15
2013-01-01T12:00:00Z,0.0,-35.875,80.125,16.56,-1.85
2013-01-01T12:00:00Z,0.0,-35.875,84.125,17.44,-0.71
2013-01-01T12:00:00Z,0.0,-35.875,88.125,17.21,-0.63
2013-01-01T12:00:00Z,0.0,-35.875,92.125,16.5,-1.0
2013-01-01T12:00:00Z,0.0,-35.875,96.125,16.92,-0.29
2013-01-01T12:00:00Z,0.0,-35.875,100.125,18.17,1.09
2013-01-01T12:00:00Z,0.0,-35.875,104.125,17.96,0.72
2013-01-01T12:00:00Z,0.0,-35.875,108.125,18.29,0.81
2013-01-01T12:00:00Z,0.0,-35.875,112.125,20.0,1.9
2013-01-01T12:00:00Z,0.0,-35.875,116.125,20.3,1.76
2013-01-01T12:00:00Z,0.0,-35.875,120.125,19.19,0.96
2013-01-01T12:00:00Z,0.0,-35.875,124.125,19.03,1.15
2013-01-01T12:00:00Z,0.0,-35.875,128.125,18.74,1.12
2013-01-01T12:00:00Z,0.0,-35.875,132.125,18.26,0.79
2013-01-01T12:00:00Z,0.0,-35.875,136.125,18.33,0.67
2013-01-01T12:00:00Z,0.0,-35.875,140.125,NaN,NaN
2013-01-01T12:00:00Z,0.0,-35.875,144.125,NaN,NaN
2013-01-01T12:00:00Z,0.0,-35.875,148.125,NaN,NaN
2013-01-01T12:00:00Z,0.0,-35.875,152.125,21.47,0.1
2013-01-01T12:00:00Z,0.0,-35.875,156.125,21.77,0.81
2013-01-01T12:00:00Z,0.0,-35.875,160.125,19.97,-0.39
2013-01-01T12:00:00Z,0.0,-35.875,164.125,20.25,0.66
2013-01-01T12:00:00Z,0.0,-35.875,168.125,19.41,0.35
2013-01-01T12:00:00Z,0.0,-35.875,172.125,19.63,0.41
2013-01-01T12:00:00Z,0.0,-35.875,176.125,20.47,0.49
2013-01-01T12:00:00Z,0.0,-35.875,180.125,20.92,1.35
2013-01-01T12:00:00Z,0.0,-35.875,184.125,20.43,1.06
2013-01-01T12:00:00Z,0.0,-35.875,188.125,20.68,1.52
2013-01-01T12:00:00Z,0.0,-35.875,192.125,20.83,1.96
2013-01-01T12:00:00Z,0.0,-35.875,196.125,20.52,1.94
2013-01-01T12:00:00Z,0.0,-35.875,200.125,21.08,2.76
2013-01-01T12:00:00Z,0.0,-35.875,204.125,18.71,0.46
2013-01-01T12:00:00Z,0.0,-35.875,208.125,18.18,0.02
2013-01-01T12:00:00Z,0.0,-35.875,212.125,17.57,-0.53
2013-01-01T12:00:00Z,0.0,-35.875,216.125,18.45,0.37
2013-01-01T12:00:00Z,0.0,-35.875,220.125,17.91,-0.21
2013-01-01T12:00:00Z,0.0,-35.875,224.125,18.63,0.42
2013-01-01T12:00:00Z,0.0,-35.875,228.125,18.22,-0.04
2013-01-01T12:00:00Z,0.0,-35.875,232.125,18.81,0.49
2013-01-01T12:00:00Z,0.0,-35.875,236.125,19.18,0.67
2013-01-01T12:00:00Z,0.0,-35.875,240.125,19.15,0.4
2013-01-01T12:00:00Z,0.0,-35.875,244.125,19.68,0.9
2013-01-01T12:00:00Z,0.0,-35.875,248.125,20.07,1.25
2013-01-01T12:00:00Z,0.0,-35.875,252.125,19.72,1.0
2013-01-01T12:00:00Z,0.0,-35.875,256.125,19.55,0.95
2013-01-01T12:00:00Z,0.0,-35.875,260.125,18.82,0.2
2013-01-01T12:00:00Z,0.0,-35.875,264.125,18.21,-0.39
2013-01-01T12:00:00Z,0.0,-35.875,268.125,17.62,-0.86
2013-01-01T12:00:00Z,0.0,-35.875,272.125,16.98,-1.33
2013-01-01T12:00:00Z,0.0,-35.875,276.125,15.78,-2.37
2013-01-01T12:00:00Z,0.0,-35.875,280.125,16.71,-1.08
2013-01-01T12:00:00Z,0.0,-35.875,284.125,16.1,-0.8
2013-01-01T12:00:00Z,0.0,-35.875,288.125,NaN,NaN
2013-01-01T12:00:00Z,0.0,-35.875,292.125,NaN,NaN
2013-01-01T12:00:00Z,0.0,-35.875,296.125,NaN,NaN
2013-01-01T12:00:00Z,0.0,-35.875,300.125,NaN,NaN
2013-01-01T12:00:00Z,0.0,-35.875,304.125,22.78,2.28
2013-01-01T12:00:00Z,0.0,-35.875,308.125,22.14,1.08
2013-01-01T12:00:00Z,0.0,-35.875,312.125,19.34,-1.02
2013-01-01T12:00:00Z,0.0,-35.875,316.125,20.07,0.23
2013-01-01T12:00:00Z,0.0,-35.875,320.125,20.35,0.98
2013-01-01T12:00:00Z,0.0,-35.875,324.125,18.48,-0.46
2013-01-01T12:00:00Z,0.0,-35.875,328.125,18.77,0.19
2013-01-01T12:00:00Z,0.0,-35.875,332.125,18.4,0.08
2013-01-01T12:00:00Z,0.0,-35.875,336.125,16.89,-1.3
2013-01-01T12:00:00Z,0.0,-35.875,340.125,18.01,-0.3
2013-01-01T12:00:00Z,0.0,-35.875,344.125,17.59,-0.77
2013-01-01T12:00:00Z,0.0,-35.875,348.125,17.42,-0.97
2013-01-01T12:00:00Z,0.0,-35.875,352.125,18.57,0.38
2013-01-01T12:00:00Z,0.0,-35.875,356.125,18.44,0.31
2013-01-01T12:00:00Z,0.0,-31.875,0.125,21.03,0.34
2013-01-01T12:00:00Z,0.0,-31.875,4.125,20.65,0.29
2013-01-01T12:00:00Z,0.0,-31.875,8.125,20.18,0.25
2013-01-01T12:00:00Z,0.0,-31.875,12.125,19.87,0.14
2013-01-01T12:00:00Z,0.0,-31.875,16.125,19.0,0.14
2013-01-01T12:00:00Z,0.0,-31.875,20.125,NaN,NaN
2013-01-01T12:00:00Z,0.0,-31.875,24.125,NaN,NaN
2013-01-01T12:00:00Z,0.0,-31.875,28.125,NaN,NaN
2013-01-01T12:00:00Z,0.0,-31.875,32.125,25.03,1.25
2013-01-01T12:00:00Z,0.0,-31.875,36.125,25.28,1.82
2013-01-01T12:00:00Z,0.0,-31.875,40.125,24.24,1.02
2013-01-01T12:00:00Z,0.0,-31.875,44.125,23.56,0.89
2013-01-01T12:00:00Z,0.0,-31.875,48.125,23.83,1.24
2013-01-01T12:00:00Z,0.0,-31.875,52.125,23.54,1.33
2013-01-01T12:00:00Z,0.0,-31.875,56.125,22.41,0.45
2013-01-01T12:00:00Z,0.0,-31.875,60.125,21.51,-0.31
2013-01-01T12:00:00Z,0.0,-31.875,64.125,21.42,-0.43
2013-01-01T12:00:00Z,0.0,-31.875,68.125,20.53,-1.23
2013-01-01T12:00:00Z,0.0,-31.875,72.125,19.64,-2.05
2013-01-01T12:00:00Z,0.0,-31.875,76.125,19.58,-1.86
2013-01-01T12:00:00Z,0.0,-31.875,80.125,20.37,-0.86
2013-01-01T12:00:00Z,0.0,-31.875,84.125,19.96,-1.0
2013-01-01T12:00:00Z,0.0,-31.875,88.125,20.97,0.38
2013-01-01T12:00:00Z,0.0,-31.875,92.125,20.32,0.11
2013-01-01T12:00:00Z,0.0,-31.875,96.125,20.62,0.77
2013-01-01T12:00:00Z,0.0,-31.875,100.125,21.09,1.51
2013-01-01T12:00:00Z,0.0,-31.875,104.125,20.94,1.4
2013-01-01T12:00:00Z,0.0,-31.875,108.125,21.63,1.96
2013-01-01T12:00:00Z,0.0,-31.875,112.125,21.73,1.17
2013-01-01T12:00:00Z,0.0,-31.875,116.125,NaN,NaN
2013-01-01T12:00:00Z,0.0,-31.875,120.125,NaN,NaN
2013-01-01T12:00:00Z,0.0,-31.875,124.125,NaN,NaN
2013-01-01T12:00:00Z,0.0,-31.875,128.125,NaN,NaN
2013-01-01T12:00:00Z,0.0,-31.875,132.125,20.53,0.65
2013-01-01T12:00:00Z,0.0,-31.875,136.125,NaN,NaN
2013-01-01T12:00:00Z,0.0,-31.875,140.125,NaN,NaN
2013-01-01T12:00:00Z,0.0,-31.875,144.125,NaN,NaN
2013-01-01T12:00:00Z,0.0,-31.875,148.125,NaN,NaN
2013-01-01T12:00:00Z,0.0,-31.875,152.125,NaN,NaN
2013-01-01T12:00:00Z,0.0,-31.875,156.125,23.94,0.52
2013-01-01T12:00:00Z,0.0,-31.875,160.125,23.61,0.95
2013-01-01T12:00:00Z,0.0,-31.875,164.125,21.03,-0.92
2013-01-01T12:00:00Z,0.0,-31.875,168.125,21.08,-0.15
2013-01-01T12:00:00Z,0.0,-31.875,172.125,21.22,0.01
2013-01-01T12:00:00Z,0.0,-31.875,176.125,21.95,0.4
2013-01-01T12:00:00Z,0.0,-31.875,180.125,21.94,0.57
2013-01-01T12:00:00Z,0.0,-31.875,184.125,22.56,1.17
2013-01-01T12:00:00Z,0.0,-31.875,188.125,21.5,0.29
2013-01-01T12:00:00Z,0.0,-31.875,192.125,20.74,-0.19
2013-01-01T12:00:00Z,0.0,-31.875,196.125,20.71,-0.04
2013-01-01T12:00:00Z,0.0,-31.875,200.125,21.0,0.36
2013-01-01T12:00:00Z,0.0,-31.875,204.125,20.45,-0.18
2013-01-01T12:00:00Z,0.0,-31.875,208.125,20.31,-0.28
2013-01-01T12:00:00Z,0.0,-31.875,212.125,19.72,-0.97
2013-01-01T12:00:00Z,0.0,-31.875,216.125,20.19,-0.6
2013-01-01T12:00:00Z,0.0,-31.875,220.125,20.47,-0.5
2013-01-01T12:00:00Z,0.0,-31.875,224.125,20.81,-0.32
2013-01-01T12:00:00Z,0.0,-31.875,228.125,20.87,-0.45
2013-01-01T12:00:00Z,0.0,-31.875,232.125,22.57,1.08
2013-01-01T12:00:00Z,0.0,-31.875,236.125,23.3,1.57
2013-01-01T12:00:00Z,0.0,-31.875,240.125,21.99,0.2
2013-01-01T12:00:00Z,0.0,-31.875,244.125,22.77,0.99
2013-01-01T12:00:00Z,0.0,-31.875,248.125,22.46,0.78
2013-01-01T12:00:00Z,0.0,-31.875,252.125,21.59,0.06
2013-01-01T12:00:00Z,0.0,-31.875,256.125,20.94,-0.41
2013-01-01T12:00:00Z,0.0,-31.875,260.125,19.98,-1.14
2013-01-01T12:00:00Z,0.0,-31.875,264.125,19.27,-1.62
2013-01-01T12:00:00Z,0.0,-31.875,268.125,18.92,-1.76
2013-01-01T12:00:00Z,0.0,-31.875,272.125,18.71,-1.65
2013-01-01T12:00:00Z,0.0,-31.875,276.125,18.73,-1.13
2013-01-01T12:00:00Z,0.0,-31.875,280.125,18.32,-0.76
2013-01-01T12:00:00Z,0.0,-31.875,284.125,16.67,-1.29
2013-01-01T12:00:00Z,0.0,-31.875,288.125,16.91,-0.1
2013-01-01T12:00:00Z,0.0,-31.875,292.125,NaN,NaN
2013-01-01T12:00:00Z,0.0,-31.875,296.125,NaN,NaN
2013-01-01T12:00:00Z,0.0,-31.875,300.125,NaN,NaN
2013-01-01T12:00:00Z,0.0,-31.875,304.125,NaN,NaN
2013-01-01T12:00:00Z,0.0,-31.875,308.125,24.51,1.85
2013-01-01T12:00:00Z,0.0,-31.875,312.125,23.78,0.85
2013-01-01T12:00:00Z,0.0,-31.875,316.125,22.04,0.09
2013-01-01T12:00:00Z,0.0,-31.875,320.125,21.74,0.17
2013-01-01T12:00:00Z,0.0,-31.875,324.125,21.57,0.16
2013-01-01T12:00:00Z,0.0,-31.875,328.125,21.7,0.3
2013-01-01T12:00:00Z,0.0,-31.875,332.125,21.88,0.47
2013-01-01T12:00:00Z,0.0,-31.875,336.125,22.51,0.95
2013-01-01T12:00:00Z,0.0,-31.875,340.125,22.39,0.78
2013-01-01T12:00:00Z,0.0,-31.875,344.125,22.35,0.79
2013-01-01T12:00:00Z,0.0,-31.875,348.125,21.28,-0.28
2013-01-01T12:00:00Z,0.0,-31.875,352.125,21.73,0.38
2013-01-01T12:00:00Z,0.0,-31.875,356.125,21.44,0.51
2013-01-01T12:00:00Z,0.0,-27.875,0.125,21.25,-0.5
2013-01-01T12:00:00Z,0.0,-27.875,4.125,20.97,-0.09
2013-01-01T12:00:00Z,0.0,-27.875,8.125,20.35,-0.01
2013-01-01T12:00:00Z,0.0,-27.875,12.125,19.33,-0.3
2013-01-01T12:00:00Z,0.0,-27.875,16.125,NaN,NaN
2013-01-01T12:00:00Z,0.0,-27.875,20.125,NaN,NaN
2013-01-01T12:00:00Z,0.0,-27.875,24.125,NaN,NaN
2013-01-01T12:00:00Z,0.0,-27.875,28.125,NaN,NaN
2013-01-01T12:00:00Z,0.0,-27.875,32.125,NaN,NaN
2013-01-01T12:00:00Z,0.0,-27.875,36.125,25.76,0.12
2013-01-01T12:00:00Z,0.0,-27.875,40.125,26.16,0.72
2013-01-01T12:00:00Z,0.0,-27.875,44.125,26.01,0.67
2013-01-01T12:00:00Z,0.0,-27.875,48.125,24.77,-0.26
2013-01-01T12:00:00Z,0.0,-27.875,52.125,25.87,0.79
2013-01-01T12:00:00Z,0.0,-27.875,56.125,23.82,-0.89
2013-01-01T12:00:00Z,0.0,-27.875,60.125,24.02,-0.52
2013-01-01T12:00:00Z,0.0,-27.875,64.125,24.34,-0.02
2013-01-01T12:00:00Z,0.0,-27.875,68.125,23.56,-0.63
2013-01-01T12:00:00Z,0.0,-27.875,72.125,23.21,-0.78
2013-01-01T12:00:00Z,0.0,-27.875,76.125,23.86,0.21
2013-01-01T12:00:00Z,0.0,-27.875,80.125,22.19,-1.15
2013-01-01T12:00:00Z,0.0,-27.875,84.125,23.17,0.18
2013-01-01T12:00:00Z,0.0,-27.875,88.125,22.98,0.47
2013-01-01T12:00:00Z,0.0,-27.875,92.125,23.72,1.65
2013-01-01T12:00:00Z,0.0,-27.875,96.125,23.22,1.44
2013-01-01T12:00:00Z,0.0,-27.875,100.125,21.88,0.32
2013-01-01T12:00:00Z,0.0,-27.875,104.125,22.6,1.12
2013-01-01T12:00:00Z,0.0,-27.875,108.125,22.62,0.97
2013-01-01T12:00:00Z,0.0,-27.875,112.125,24.18,1.69
2013-01-01T12:00:00Z,0.0,-27.875,116.125,NaN,NaN
2013-01-01T12:00:00Z,0.0,-27.875,120.125,NaN,NaN
2013-01-01T12:00:00Z,0.0,-27.875,124.125,NaN,NaN
2013-01-01T12:00:00Z,0.0,-27.875,128.125,NaN,NaN
2013-01-01T12:00:00Z,0.0,-27.875,132.125,NaN,NaN
2013-01-01T12:00:00Z,0.0,-27.875,136.125,NaN,NaN
2013-01-01T12:00:00Z,0.0,-27.875,140.125,NaN,NaN
2013-01-01T12:00:00Z,0.0,-27.875,144.125,NaN,NaN
2013-01-01T12:00:00Z,0.0,-27.875,148.125,NaN,NaN
2013-01-01T12:00:00Z,0.0,-27.875,152.125,NaN,NaN
2013-01-01T12:00:00Z,0.0,-27.875,156.125,25.13,0.36
2013-01-01T12:00:00Z,0.0,-27.875,160.125,24.1,0.14
2013-01-01T12:00:00Z,0.0,-27.875,164.125,23.75,0.14
2013-01-01T12:00:00Z,0.0,-27.875,168.125,23.73,0.35
2013-01-01T12:00:00Z,0.0,-27.875,172.125,23.82,0.41
2013-01-01T12:00:00Z,0.0,-27.875,176.125,24.1,0.49
2013-01-01T12:00:00Z,0.0,-27.875,180.125,23.71,0.13
2013-01-01T12:00:00Z,0.0,-27.875,184.125,23.8,0.37
2013-01-01T12:00:00Z,0.0,-27.875,188.125,23.92,0.63
2013-01-01T12:00:00Z,0.0,-27.875,192.125,23.72,0.63
2013-01-01T12:00:00Z,0.0,-27.875,196.125,23.8,0.72
2013-01-01T12:00:00Z,0.0,-27.875,200.125,22.02,-0.99
2013-01-01T12:00:00Z,0.0,-27.875,204.125,22.61,-0.36
2013-01-01T12:00:00Z,0.0,-27.875,208.125,22.0,-1.07
2013-01-01T12:00:00Z,0.0,-27.875,212.125,23.16,-0.01
2013-01-01T12:00:00Z,0.0,-27.875,216.125,22.17,-1.17
2013-01-01T12:00:00Z,0.0,-27.875,220.125,22.38,-1.22
2013-01-01T12:00:00Z,0.0,-27.875,224.125,22.96,-0.91
2013-01-01T12:00:00Z,0.0,-27.875,228.125,22.9,-1.12
2013-01-01T12:00:00Z,0.0,-27.875,232.125,24.54,0.41
2013-01-01T12:00:00Z,0.0,-27.875,236.125,25.58,1.37
2013-01-01T12:00:00Z,0.0,-27.875,240.125,25.2,1.14
2013-01-01T12:00:00Z,0.0,-27.875,244.125,24.73,0.8
2013-01-01T12:00:00Z,0.0,-27.875,248.125,23.97,0.29
2013-01-01T12:00:00Z,0.0,-27.875,252.125,22.86,-0.5
2013-01-01T12:00:00Z,0.0,-27.875,256.125,22.2,-0.81
2013-01-01T12:00:00Z,0.0,-27.875,260.125,21.54,-1.12
2013-01-01T12:00:00Z,0.0,-27.875,264.125,21.42,-0.83
2013-01-01T12:00:00Z,0.0,-27.875,268.125,20.79,-0.98
2013-01-01T12:00:00Z,0.0,-27.875,272.125,20.37,-0.78
2013-01-01T12:00:00Z,0.0,-27.875,276.125,20.07,-0.35
2013-01-01T12:00:00Z,0.0,-27.875,280.125,18.89,-0.64
2013-01-01T12:00:00Z,0.0,-27.875,284.125,18.33,-0.2
2013-01-01T12:00:00Z,0.0,-27.875,288.125,17.22,-0.99
2013-01-01T12:00:00Z,0.0,-27.875,292.125,NaN,NaN
2013-01-01T12:00:00Z,0.0,-27.875,296.125,NaN,NaN
2013-01-01T12:00:00Z,0.0,-27.875,300.125,NaN,NaN
2013-01-01T12:00:00Z,0.0,-27.875,304.125,NaN,NaN
2013-01-01T12:00:00Z,0.0,-27.875,308.125,NaN,NaN
2013-01-01T12:00:00Z,0.0,-27.875,312.125,25.8,1.02
2013-01-01T12:00:00Z,0.0,-27.875,316.125,24.48,0.14
2013-01-01T12:00:00Z,0.0,-27.875,320.125,24.2,0.27
2013-01-01T12:00:00Z,0.0,-27.875,324.125,25.09,1.19
2013-01-01T12:00:00Z,0.0,-27.875,328.125,24.56,0.67
2013-01-01T12:00:00Z,0.0,-27.875,332.125,24.63,0.59
2013-01-01T12:00:00Z,0.0,-27.875,336.125,25.04,1.0
2013-01-01T12:00:00Z,0.0,-27.875,340.125,24.53,0.58
2013-01-01T12:00:00Z,0.0,-27.875,344.125,23.38,-0.38
2013-01-01T12:00:00Z,0.0,-27.875,348.125,22.82,-0.59
2013-01-01T12:00:00Z,0.0,-27.875,352.125,22.46,-0.52
2013-01-01T12:00:00Z,0.0,-27.875,356.125,21.78,-0.59
2013-01-01T12:00:00Z,0.0,-23.875,0.125,21.76,-0.04
2013-01-01T12:00:00Z,0.0,-23.875,4.125,21.39,0.28
2013-01-01T12:00:00Z,0.0,-23.875,8.125,20.84,0.32
2013-01-01T12:00:00Z,0.0,-23.875,12.125,19.53,0.82
2013-01-01T12:00:00Z,0.0,-23.875,16.125,NaN,NaN
2013-01-01T12:00:00Z,0.0,-23.875,20.125,NaN,NaN
2013-01-01T12:00:00Z,0.0,-23.875,24.125,NaN,NaN
2013-01-01T12:00:00Z,0.0,-23.875,28.125,NaN,NaN
2013-01-01T12:00:00Z,0.0,-23.875,32.125,NaN,NaN
2013-01-01T12:00:00Z,0.0,-23.875,36.125,28.29,1.03
2013-01-01T12:00:00Z,0.0,-23.875,40.125,28.68,1.39
2013-01-01T12:00:00Z,0.0,-23.875,44.125,NaN,NaN
2013-01-01T12:00:00Z,0.0,-23.875,48.125,27.64,0.81
2013-01-01T12:00:00Z,0.0,-23.875,52.125,25.85,-0.8
2013-01-01T12:00:00Z,0.0,-23.875,56.125,26.37,0.0
2013-01-01T12:00:00Z,0.0,-23.875,60.125,25.29,-0.86
2013-01-01T12:00:00Z,0.0,-23.875,64.125,26.05,0.23
2013-01-01T12:00:00Z,0.0,-23.875,68.125,25.39,-0.16
2013-01-01T12:00:00Z,0.0,-23.875,72.125,24.57,-0.63
2013-01-01T12:00:00Z,0.0,-23.875,76.125,25.05,0.17
2013-01-01T12:00:00Z,0.0,-23.875,80.125,25.6,1.06
2013-01-01T12:00:00Z,0.0,-23.875,84.125,24.59,0.44
2013-01-01T12:00:00Z,0.0,-23.875,88.125,24.0,0.13
2013-01-01T12:00:00Z,0.0,-23.875,92.125,24.42,0.76
2013-01-01T12:00:00Z,0.0,-23.875,96.125,24.51,1.06
2013-01-01T12:00:00Z,0.0,-23.875,100.125,24.48,1.33
2013-01-01T12:00:00Z,0.0,-23.875,104.125,24.24,1.29
2013-01-01T12:00:00Z,0.0,-23.875,108.125,24.7,1.38
2013-01-01T12:00:00Z,0.0,-23.875,112.125,25.3,1.06
2013-01-01T12:00:00Z,0.0,-23.875,116.125,NaN,NaN
2013-01-01T12:00:00Z,0.0,-23.875,120.125,NaN,NaN
2013-01-01T12:00:00Z,0.0,-23.875,124.125,NaN,NaN
2013-01-01T12:00:00Z,0.0,-23.875,128.125,NaN,NaN
2013-01-01T12:00:00Z,0.0,-23.875,132.125,NaN,NaN
2013-01-01T12:00:00Z,0.0,-23.875,136.125,NaN,NaN
2013-01-01T12:00:00Z,0.0,-23.875,140.125,NaN,NaN
2013-01-01T12:00:00Z,0.0,-23.875,144.125,NaN,NaN
2013-01-01T12:00:00Z,0.0,-23.875,148.125,NaN,NaN
2013-01-01T12:00:00Z,0.0,-23.875,152.125,26.93,0.14
2013-01-01T12:00:00Z,0.0,-23.875,156.125,26.06,-0.11
2013-01-01T12:00:00Z,0.0,-23.875,160.125,25.37,-0.12
2013-01-01T12:00:00Z,0.0,-23.875,164.125,25.12,-0.21
2013-01-01T12:00:00Z,0.0,-23.875,168.125,25.02,-0.34
2013-01-01T12:00:00Z,0.0,-23.875,172.125,25.5,0.02
2013-01-01T12:00:00Z,0.0,-23.875,176.125,25.67,0.2
2013-01-01T12:00:00Z,0.0,-23.875,180.125,25.44,0.03
2013-01-01T12:00:00Z,0.0,-23.875,184.125,25.84,0.49
2013-01-01T12:00:00Z,0.0,-23.875,188.125,26.03,0.8
2013-01-01T12:00:00Z,0.0,-23.875,192.125,25.62,0.4
2013-01-01T12:00:00Z,0.0,-23.875,196.125,25.49,0.26
2013-01-01T12:00:00Z,0.0,-23.875,200.125,25.16,-0.07
2013-01-01T12:00:00Z,0.0,-23.875,204.125,24.68,-0.51
2013-01-01T12:00:00Z,0.0,-23.875,208.125,24.43,-0.74
2013-01-01T12:00:00Z,0.0,-23.875,212.125,24.24,-1.08
2013-01-01T12:00:00Z,0.0,-23.875,216.125,24.33,-1.23
2013-01-01T12:00:00Z,0.0,-23.875,220.125,25.33,-0.33
2013-01-01T12:00:00Z,0.0,-23.875,224.125,25.56,-0.23
2013-01-01T12:00:00Z,0.0,-23.875,228.125,26.59,0.71
2013-01-01T12:00:00Z,0.0,-23.875,232.125,27.23,1.44
2013-01-01T12:00:00Z,0.0,-23.875,236.125,26.51,0.92
2013-01-01T12:00:00Z,0.0,-23.875,240.125,25.9,0.57
2013-01-01T12:00:00Z,0.0,-23.875,244.125,25.49,0.52
2013-01-01T12:00:00Z,0.0,-23.875,248.125,24.7,0.15
2013-01-01T12:00:00Z,0.0,-23.875,252.125,23.89,-0.24
2013-01-01T12:00:00Z,0.0,-23.875,256.125,23.27,-0.37
2013-01-01T12:00:00Z,0.0,-23.875,260.125,22.65,-0.48
2013-01-01T12:00:00Z,0.0,-23.875,264.125,22.03,-0.51
2013-01-01T12:00:00Z,0.0,-23.875,268.125,21.61,-0.3
2013-01-01T12:00:00Z,0.0,-23.875,272.125,20.92,-0.31
2013-01-01T12:00:00Z,0.0,-23.875,276.125,20.41,-0.12
2013-01-01T12:00:00Z,0.0,-23.875,280.125,19.39,-0.45
2013-01-01T12:00:00Z,0.0,-23.875,284.125,18.57,-0.81
2013-01-01T12:00:00Z,0.0,-23.875,288.125,19.63,-0.74
2013-01-01T12:00:00Z,0.0,-23.875,292.125,NaN,NaN
2013-01-01T12:00:00Z,0.0,-23.875,296.125,NaN,NaN
2013-01-01T12:00:00Z,0.0,-23.875,300.125,NaN,NaN
2013-01-01T12:00:00Z,0.0,-23.875,304.125,NaN,NaN
2013-01-01T12:00:00Z,0.0,-23.875,308.125,NaN,NaN
2013-01-01T12:00:00Z,0.0,-23.875,312.125,NaN,NaN
2013-01-01T12:00:00Z,0.0,-23.875,316.125,27.2,2.13
2013-01-01T12:00:00Z,0.0,-23.875,320.125,26.63,1.12
2013-01-01T12:00:00Z,0.0,-23.875,324.125,25.79,0.12
2013-01-01T12:00:00Z,0.0,-23.875,328.125,25.08,-0.64
2013-01-01T12:00:00Z,0.0,-23.875,332.125,24.87,-0.77
2013-01-01T12:00:00Z,0.0,-23.875,336.125,24.43,-1.05
2013-01-01T12:00:00Z,0.0,-23.875,340.125,24.05,-1.0
2013-01-01T12:00:00Z,0.0,-23.875,344.125,23.68,-0.83
2013-01-01T12:00:00Z,0.0,-23.875,348.125,23.05,-0.87
2013-01-01T12:00:00Z,0.0,-23.875,352.125,22.46,-0.82
2013-01-01T12:00:00Z,0.0,-23.875,356.125,22.15,-0.36
2013-01-01T12:00:00Z,0.0,-19.875,0.125,22.11,0.43
2013-01-01T12:00:00Z,0.0,-19.875,4.125,22.2,0.86
2013-01-01T12:00:00Z,0.0,-19.875,8.125,21.97,1.29
2013-01-01T12:00:00Z,0.0,-19.875,12.125,19.69,1.03
2013-01-01T12:00:00Z,0.0,-19.875,16.125,NaN,NaN
2013-01-01T12:00:00Z,0.0,-19.875,20.125,NaN,NaN
2013-01-01T12:00:00Z,0.0,-19.875,24.125,NaN,NaN
2013-01-01T12:00:00Z,0.0,-19.875,28.125,NaN,NaN
2013-01-01T12:00:00Z,0.0,-19.875,32.125,NaN,NaN
2013-01-01T12:00:00Z,0.0,-19.875,36.125,30.57,2.64
2013-01-01T12:00:00Z,0.0,-19.875,40.125,29.87,1.49
2013-01-01T12:00:00Z,0.0,-19.875,44.125,30.14,1.51
2013-01-01T12:00:00Z,0.0,-19.875,48.125,NaN,NaN
2013-01-01T12:00:00Z,0.0,-19.875,52.125,27.54,0.03
2013-01-01T12:00:00Z,0.0,-19.875,56.125,26.83,-0.29
2013-01-01T12:00:00Z,0.0,-19.875,60.125,26.74,-0.09
2013-01-01T12:00:00Z,0.0,-19.875,64.125,26.99,0.46
2013-01-01T12:00:00Z,0.0,-19.875,68.125,27.06,0.75
2013-01-01T12:00:00Z,0.0,-19.875,72.125,26.41,0.34
2013-01-01T12:00:00Z,0.0,-19.875,76.125,26.34,0.48
2013-01-01T12:00:00Z,0.0,-19.875,80.125,26.93,1.32
2013-01-01T12:00:00Z,0.0,-19.875,84.125,27.24,1.68
2013-01-01T12:00:00Z,0.0,-19.875,88.125,26.27,0.85
2013-01-01T12:00:00Z,0.0,-19.875,92.125,25.43,0.1
2013-01-01T12:00:00Z,0.0,-19.875,96.125,25.6,0.58
2013-01-01T12:00:00Z,0.0,-19.875,100.125,25.84,1.18
2013-01-01T12:00:00Z,0.0,-19.875,104.125,25.72,1.05
2013-01-01T12:00:00Z,0.0,-19.875,108.125,25.86,0.82
2013-01-01T12:00:00Z,0.0,-19.875,112.125,27.27,1.08
2013-01-01T12:00:00Z,0.0,-19.875,116.125,30.29,2.61
2013-01-01T12:00:00Z,0.0,-19.875,120.125,30.3,1.8
2013-01-01T12:00:00Z,0.0,-19.875,124.125,NaN,NaN
2013-01-01T12:00:00Z,0.0,-19.875,128.125,NaN,NaN
2013-01-01T12:00:00Z,0.0,-19.875,132.125,NaN,NaN
2013-01-01T12:00:00Z,0.0,-19.875,136.125,NaN,NaN
2013-01-01T12:00:00Z,0.0,-19.875,140.125,NaN,NaN
2013-01-01T12:00:00Z,0.0,-19.875,144.125,NaN,NaN
2013-01-01T12:00:00Z,0.0,-19.875,148.125,28.3,0.36
2013-01-01T12:00:00Z,0.0,-19.875,152.125,27.77,0.25
2013-01-01T12:00:00Z,0.0,-19.875,156.125,27.62,0.43
2013-01-01T12:00:00Z,0.0,-19.875,160.125,26.18,-0.8
2013-01-01T12:00:00Z,0.0,-19.875,164.125,26.94,-0.1
2013-01-01T12:00:00Z,0.0,-19.875,168.125,26.54,-0.65
2013-01-01T12:00:00Z,0.0,-19.875,172.125,27.75,0.58
2013-01-01T12:00:00Z,0.0,-19.875,176.125,28.0,0.73
2013-01-01T12:00:00Z,0.0,-19.875,180.125,27.97,0.86
2013-01-01T12:00:00Z,0.0,-19.875,184.125,28.08,1.02
2013-01-01T12:00:00Z,0.0,-19.875,188.125,27.87,0.77
2013-01-01T12:00:00Z,0.0,-19.875,192.125,27.54,0.42
2013-01-01T12:00:00Z,0.0,-19.875,196.125,27.1,-0.01
2013-01-01T12:00:00Z,0.0,-19.875,200.125,26.27,-0.76
2013-01-01T12:00:00Z,0.0,-19.875,204.125,27.54,0.54
2013-01-01T12:00:00Z,0.0,-19.875,208.125,27.2,0.12
2013-01-01T12:00:00Z,0.0,-19.875,212.125,27.19,0.02
2013-01-01T12:00:00Z,0.0,-19.875,216.125,27.79,0.59
2013-01-01T12:00:00Z,0.0,-19.875,220.125,28.14,1.01
2013-01-01T12:00:00Z,0.0,-19.875,224.125,27.87,0.76
2013-01-01T12:00:00Z,0.0,-19.875,228.125,27.84,0.92
2013-01-01T12:00:00Z,0.0,-19.875,232.125,27.25,0.63
2013-01-01T12:00:00Z,0.0,-19.875,236.125,26.63,0.31
2013-01-01T12:00:00Z,0.0,-19.875,240.125,25.99,0.09
2013-01-01T12:00:00Z,0.0,-19.875,244.125,25.29,-0.11
2013-01-01T12:00:00Z,0.0,-19.875,248.125,24.68,-0.18
2013-01-01T12:00:00Z,0.0,-19.875,252.125,24.24,-0.03
2013-01-01T12:00:00Z,0.0,-19.875,256.125,23.27,-0.39
2013-01-01T12:00:00Z,0.0,-19.875,260.125,22.66,-0.39
2013-01-01T12:00:00Z,0.0,-19.875,264.125,22.36,-0.07
2013-01-01T12:00:00Z,0.0,-19.875,268.125,21.73,-0.08
2013-01-01T12:00:00Z,0.0,-19.875,272.125,22.03,0.89
2013-01-01T12:00:00Z,0.0,-19.875,276.125,20.07,-0.46
2013-01-01T12:00:00Z,0.0,-19.875,280.125,19.09,-1.1
2013-01-01T12:00:00Z,0.0,-19.875,284.125,19.6,-1.48
2013-01-01T12:00:00Z,0.0,-19.875,288.125,22.41,-0.11
2013-01-01T12:00:00Z,0.0,-19.875,292.125,NaN,NaN
2013-01-01T12:00:00Z,0.0,-19.875,296.125,NaN,NaN
2013-01-01T12:00:00Z,0.0,-19.875,300.125,NaN,NaN
2013-01-01T12:00:00Z,0.0,-19.875,304.125,NaN,NaN
2013-01-01T12:00:00Z,0.0,-19.875,308.125,NaN,NaN
2013-01-01T12:00:00Z,0.0,-19.875,312.125,NaN,NaN
2013-01-01T12:00:00Z,0.0,-19.875,316.125,NaN,NaN
2013-01-01T12:00:00Z,0.0,-19.875,320.125,26.42,0.33
2013-01-01T12:00:00Z,0.0,-19.875,324.125,26.35,-0.32
2013-01-01T12:00:00Z,0.0,-19.875,328.125,26.02,-0.48
2013-01-01T12:00:00Z,0.0,-19.875,332.125,25.15,-0.96
2013-01-01T12:00:00Z,0.0,-19.875,336.125,24.37,-1.19
2013-01-01T12:00:00Z,0.0,-19.875,340.125,23.76,-1.14
2013-01-01T12:00:00Z,0.0,-19.875,344.125,22.88,-1.27
2013-01-01T12:00:00Z,0.0,-19.875,348.125,22.78,-0.61
2013-01-01T12:00:00Z,0.0,-19.875,352.125,22.36,-0.35
2013-01-01T12:00:00Z,0.0,-19.875,356.125,22.14,-0.01
2013-01-01T12:00:00Z,0.0,-15.875,0.125,22.6,0.45
2013-01-01T12:00:00Z,0.0,-15.875,4.125,23.14,1.09
2013-01-01T12:00:00Z,0.0,-15.875,8.125,24.94,3.24
2013-01-01T12:00:00Z,0.0,-15.875,12.125,NaN,NaN
2013-01-01T12:00:00Z,0.0,-15.875,16.125,NaN,NaN
2013-01-01T12:00:00Z,0.0,-15.875,20.125,NaN,NaN
2013-01-01T12:00:00Z,0.0,-15.875,24.125,NaN,NaN
2013-01-01T12:00:00Z,0.0,-15.875,28.125,NaN,NaN
2013-01-01T12:00:00Z,0.0,-15.875,32.125,NaN,NaN
2013-01-01T12:00:00Z,0.0,-15.875,36.125,NaN,NaN
2013-01-01T12:00:00Z,0.0,-15.875,40.125,NaN,NaN
2013-01-01T12:00:00Z,0.0,-15.875,44.125,29.96,1.11
2013-01-01T12:00:00Z,0.0,-15.875,48.125,NaN,NaN
2013-01-01T12:00:00Z,0.0,-15.875,52.125,27.96,0.07
2013-01-01T12:00:00Z,0.0,-15.875,56.125,27.99,0.32
2013-01-01T12:00:00Z,0.0,-15.875,60.125,28.5,1.04
2013-01-01T12:00:00Z,0.0,-15.875,64.125,27.93,0.61
2013-01-01T12:00:00Z,0.0,-15.875,68.125,27.63,0.43
2013-01-01T12:00:00Z,0.0,-15.875,72.125,27.79,0.66
2013-01-01T12:00:00Z,0.0,-15.875,76.125,27.27,0.09
2013-01-01T12:00:00Z,0.0,-15.875,80.125,27.18,-0.04
2013-01-01T12:00:00Z,0.0,-15.875,84.125,27.69,0.53
2013-01-01T12:00:00Z,0.0,-15.875,88.125,26.66,-0.41
2013-01-01T12:00:00Z,0.0,-15.875,92.125,27.62,0.8
2013-01-01T12:00:00Z,0.0,-15.875,96.125,27.31,0.75
2013-01-01T12:00:00Z,0.0,-15.875,100.125,27.96,1.65
2013-01-01T12:00:00Z,0.0,-15.875,104.125,28.3,1.7
2013-01-01T12:00:00Z,0.0,-15.875,108.125,28.8,1.69
2013-01-01T12:00:00Z,0.0,-15.875,112.125,28.82,1.12
2013-01-01T12:00:00Z,0.0,-15.875,116.125,29.31,0.81
2013-01-01T12:00:00Z,0.0,-15.875,120.125,30.22,1.06
2013-01-01T12:00:00Z,0.0,-15.875,124.125,31.72,2.56
2013-01-01T12:00:00Z,0.0,-15.875,128.125,NaN,NaN
2013-01-01T12:00:00Z,0.0,-15.875,132.125,NaN,NaN
2013-01-01T12:00:00Z,0.0,-15.875,136.125,NaN,NaN
2013-01-01T12:00:00Z,0.0,-15.875,140.125,30.63,0.65
2013-01-01T12:00:00Z,0.0,-15.875,144.125,NaN,NaN
2013-01-01T12:00:00Z,0.0,-15.875,148.125,28.55,0.21
2013-01-01T12:00:00Z,0.0,-15.875,152.125,29.01,0.67
2013-01-01T12:00:00Z,0.0,-15.875,156.125,28.47,0.02
2013-01-01T12:00:00Z,0.0,-15.875,160.125,27.46,-0.94
2013-01-01T12:00:00Z,0.0,-15.875,164.125,28.36,-0.07
2013-01-01T12:00:00Z,0.0,-15.875,168.125,28.47,-0.04
2013-01-01T12:00:00Z,0.0,-15.875,172.125,28.73,0.2
2013-01-01T12:00:00Z,0.0,-15.875,176.125,28.95,0.29
2013-01-01T12:00:00Z,0.0,-15.875,180.125,29.37,0.91
2013-01-01T12:00:00Z,0.0,-15.875,184.125,29.27,0.79
2013-01-01T12:00:00Z,0.0,-15.875,188.125,29.02,0.54
2013-01-01T12:00:00Z,0.0,-15.875,192.125,29.21,0.75
2013-01-01T12:00:00Z,0.0,-15.875,196.125,28.99,0.62
2013-01-01T12:00:00Z,0.0,-15.875,200.125,29.17,0.85
2013-01-01T12:00:00Z,0.0,-15.875,204.125,28.8,0.51
2013-01-01T12:00:00Z,0.0,-15.875,208.125,28.94,0.69
2013-01-01T12:00:00Z,0.0,-15.875,212.125,28.89,0.73
2013-01-01T12:00:00Z,0.0,-15.875,216.125,29.29,1.16
2013-01-01T12:00:00Z,0.0,-15.875,220.125,28.99,0.99
2013-01-01T12:00:00Z,0.0,-15.875,224.125,28.86,1.07
2013-01-01T12:00:00Z,0.0,-15.875,228.125,28.11,0.65
2013-01-01T12:00:00Z,0.0,-15.875,232.125,27.49,0.42
2013-01-01T12:00:00Z,0.0,-15.875,236.125,26.97,0.34
2013-01-01T12:00:00Z,0.0,-15.875,240.125,26.26,0.16
2013-01-01T12:00:00Z,0.0,-15.875,244.125,25.38,-0.18
2013-01-01T12:00:00Z,0.0,-15.875,248.125,24.78,-0.2
2013-01-01T12:00:00Z,0.0,-15.875,252.125,24.0,-0.38
2013-01-01T12:00:00Z,0.0,-15.875,256.125,23.26,-0.47
2013-01-01T12:00:00Z,0.0,-15.875,260.125,22.65,-0.46
2013-01-01T12:00:00Z,0.0,-15.875,264.125,22.04,-0.45
2013-01-01T12:00:00Z,0.0,-15.875,268.125,21.46,-0.41
2013-01-01T12:00:00Z,0.0,-15.875,272.125,20.56,-0.81
2013-01-01T12:00:00Z,0.0,-15.875,276.125,20.01,-1.21
2013-01-01T12:00:00Z,0.0,-15.875,280.125,20.64,-1.03
2013-01-01T12:00:00Z,0.0,-15.875,284.125,21.53,0.11
2013-01-01T12:00:00Z,0.0,-15.875,288.125,NaN,NaN
2013-01-01T12:00:00Z,0.0,-15.875,292.125,NaN,NaN
2013-01-01T12:00:00Z,0.0,-15.875,296.125,NaN,NaN
2013-01-01T12:00:00Z,0.0,-15.875,300.125,NaN,NaN
2013-01-01T12:00:00Z,0.0,-15.875,304.125,NaN,NaN
2013-01-01T12:00:00Z,0.0,-15.875,308.125,NaN,NaN
2013-01-01T12:00:00Z,0.0,-15.875,312.125,NaN,NaN
2013-01-01T12:00:00Z,0.0,-15.875,316.125,NaN,NaN
2013-01-01T12:00:00Z,0.0,-15.875,320.125,NaN,NaN
2013-01-01T12:00:00Z,0.0,-15.875,324.125,27.08,-0.22
2013-01-01T12:00:00Z,0.0,-15.875,328.125,26.67,-0.27
2013-01-01T12:00:00Z,0.0,-15.875,332.125,25.39,-0.85
2013-01-01T12:00:00Z,0.0,-15.875,336.125,24.54,-0.87
2013-01-01T12:00:00Z,0.0,-15.875,340.125,23.79,-0.81
2013-01-01T12:00:00Z,0.0,-15.875,344.125,23.04,-0.74
2013-01-01T12:00:00Z,0.0,-15.875,348.125,22.75,-0.4
2013-01-01T12:00:00Z,0.0,-15.875,352.125,22.65,0.03
2013-01-01T12:00:00Z,0.0,-15.875,356.125,22.46,0.19
2013-01-01T12:00:00Z,0.0,-11.875,0.125,24.04,0.62
2013-01-01T12:00:00Z,0.0,-11.875,4.125,25.02,1.4
2013-01-01T12:00:00Z,0.0,-11.875,8.125,27.21,2.5
2013-01-01T12:00:00Z,0.0,-11.875,12.125,27.37,1.52
2013-01-01T12:00:00Z,0.0,-11.875,16.125,NaN,NaN
2013-01-01T12:00:00Z,0.0,-11.875,20.125,NaN,NaN
2013-01-01T12:00:00Z,0.0,-11.875,24.125,NaN,NaN
2013-01-01T12:00:00Z,0.0,-11.875,28.125,NaN,NaN
2013-01-01T12:00:00Z,0.0,-11.875,32.125,NaN,NaN
2013-01-01T12:00:00Z,0.0,-11.875,36.125,NaN,NaN
2013-01-01T12:00:00Z,0.0,-11.875,40.125,NaN,NaN
2013-01-01T12:00:00Z,0.0,-11.875,44.125,28.88,0.45
2013-01-01T12:00:00Z,0.0,-11.875,48.125,29.76,1.55
2013-01-01T12:00:00Z,0.0,-11.875,52.125,28.96,0.8
2013-01-01T12:00:00Z,0.0,-11.875,56.125,28.58,0.4
2013-01-01T12:00:00Z,0.0,-11.875,60.125,29.4,1.24
2013-01-01T12:00:00Z,0.0,-11.875,64.125,28.75,0.64
2013-01-01T12:00:00Z,0.0,-11.875,68.125,28.03,0.0
2013-01-01T12:00:00Z,0.0,-11.875,72.125,29.07,0.99
2013-01-01T12:00:00Z,0.0,-11.875,76.125,29.17,1.03
2013-01-01T12:00:00Z,0.0,-11.875,80.125,28.17,0.01
2013-01-01T12:00:00Z,0.0,-11.875,84.125,28.1,0.03
2013-01-01T12:00:00Z,0.0,-11.875,88.125,27.94,0.1
2013-01-01T12:00:00Z,0.0,-11.875,92.125,28.02,0.32
2013-01-01T12:00:00Z,0.0,-11.875,96.125,28.13,0.55
2013-01-01T12:00:00Z,0.0,-11.875,100.125,28.76,1.08
2013-01-01T12:00:00Z,0.0,-11.875,104.125,28.61,0.67
2013-01-01T12:00:00Z,0.0,-11.875,108.125,28.54,0.3
2013-01-01T12:00:00Z,0.0,-11.875,112.125,28.9,0.18
2013-01-01T12:00:00Z,0.0,-11.875,116.125,29.01,-0.13
2013-01-01T12:00:00Z,0.0,-11.875,120.125,31.24,1.75
2013-01-01T12:00:00Z,0.0,-11.875,124.125,31.29,1.67
2013-01-01T12:00:00Z,0.0,-11.875,128.125,31.02,1.26
2013-01-01T12:00:00Z,0.0,-11.875,132.125,31.16,1.16
2013-01-01T12:00:00Z,0.0,-11.875,136.125,30.93,1.24
2013-01-01T12:00:00Z,0.0,-11.875,140.125,30.84,1.34
2013-01-01T12:00:00Z,0.0,-11.875,144.125,29.66,1.0
2013-01-01T12:00:00Z,0.0,-11.875,148.125,29.8,1.02
2013-01-01T12:00:00Z,0.0,-11.875,152.125,29.95,1.07
2013-01-01T12:00:00Z,0.0,-11.875,156.125,30.49,1.25
2013-01-01T12:00:00Z,0.0,-11.875,160.125,28.89,-0.37
2013-01-01T12:00:00Z,0.0,-11.875,164.125,29.05,-0.14
2013-01-01T12:00:00Z,0.0,-11.875,168.125,30.07,0.91
2013-01-01T12:00:00Z,0.0,-11.875,172.125,28.92,-0.28
2013-01-01T12:00:00Z,0.0,-11.875,176.125,29.4,0.15
2013-01-01T12:00:00Z,0.0,-11.875,180.125,29.78,0.57
2013-01-01T12:00:00Z,0.0,-11.875,184.125,29.71,0.55
2013-01-01T12:00:00Z,0.0,-11.875,188.125,29.37,0.31
2013-01-01T12:00:00Z,0.0,-11.875,192.125,29.09,0.06
2013-01-01T12:00:00Z,0.0,-11.875,196.125,28.84,-0.1
2013-01-01T12:00:00Z,0.0,-11.875,200.125,29.29,0.42
2013-01-01T12:00:00Z,0.0,-11.875,204.125,29.22,0.42
2013-01-01T12:00:00Z,0.0,-11.875,208.125,29.17,0.51
2013-01-01T12:00:00Z,0.0,-11.875,212.125,28.97,0.42
2013-01-01T12:00:00Z,0.0,-11.875,216.125,28.71,0.33
2013-01-01T12:00:00Z,0.0,-11.875,220.125,28.58,0.45
2013-01-01T12:00:00Z,0.0,-11.875,224.125,28.17,0.38
2013-01-01T12:00:00Z,0.0,-11.875,228.125,27.77,0.35
2013-01-01T12:00:00Z,0.0,-11.875,232.125,27.13,0.09
2013-01-01T12:00:00Z,0.0,-11.875,236.125,26.61,0.01
2013-01-01T12:00:00Z,0.0,-11.875,240.125,25.83,-0.31
2013-01-01T12:00:00Z,0.0,-11.875,244.125,25.38,-0.28
2013-01-01T12:00:00Z,0.0,-11.875,248.125,24.49,-0.63
2013-01-01T12:00:00Z,0.0,-11.875,252.125,23.76,-0.8
2013-01-01T12:00:00Z,0.0,-11.875,256.125,23.06,-0.95
2013-01-01T12:00:00Z,0.0,-11.875,260.125,22.65,-0.85
2013-01-01T12:00:00Z,0.0,-11.875,264.125,21.98,-1.07
2013-01-01T12:00:00Z,0.0,-11.875,268.125,22.17,-0.61
2013-01-01T12:00:00Z,0.0,-11.875,272.125,22.03,-0.74
2013-01-01T12:00:00Z,0.0,-11.875,276.125,22.63,-0.41
2013-01-01T12:00:00Z,0.0,-11.875,280.125,22.03,-0.76
2013-01-01T12:00:00Z,0.0,-11.875,284.125,NaN,NaN
2013-01-01T12:00:00Z,0.0,-11.875,288.125,NaN,NaN
2013-01-01T12:00:00Z,0.0,-11.875,292.125,NaN,NaN
2013-01-01T12:00:00Z,0.0,-11.875,296.125,NaN,NaN
2013-01-01T12:00:00Z,0.0,-11.875,300.125,NaN,NaN
2013-01-01T12:00:00Z,0.0,-11.875,304.125,NaN,NaN
2013-01-01T12:00:00Z,0.0,-11.875,308.125,NaN,NaN
2013-01-01T12:00:00Z,0.0,-11.875,312.125,NaN,NaN
2013-01-01T12:00:00Z,0.0,-11.875,316.125,NaN,NaN
2013-01-01T12:00:00Z,0.0,-11.875,320.125,NaN,NaN
2013-01-01T12:00:00Z,0.0,-11.875,324.125,27.24,-0.13
2013-01-01T12:00:00Z,0.0,-11.875,328.125,26.89,-0.32
2013-01-01T12:00:00Z,0.0,-11.875,332.125,26.08,-0.51
2013-01-01T12:00:00Z,0.0,-11.875,336.125,25.6,-0.32
2013-01-01T12:00:00Z,0.0,-11.875,340.125,25.26,0.0
2013-01-01T12:00:00Z,0.0,-11.875,344.125,24.14,-0.49
2013-01-01T12:00:00Z,0.0,-11.875,348.125,23.77,-0.33
2013-01-01T12:00:00Z,0.0,-11.875,352.125,23.47,-0.27
2013-01-01T12:00:00Z,0.0,-11.875,356.125,23.88,0.29
2013-01-01T12:00:00Z,0.0,-7.875,0.125,25.89,0.73
2013-01-01T12:00:00Z,0.0,-7.875,4.125,26.62,0.85
2013-01-01T12:00:00Z,0.0,-7.875,8.125,27.91,1.2
2013-01-01T12:00:00Z,0.0,-7.875,12.125,27.72,1.03
2013-01-01T12:00:00Z,0.0,-7.875,16.125,NaN,NaN
2013-01-01T12:00:00Z,0.0,-7.875,20.125,NaN,NaN
2013-01-01T12:00:00Z,0.0,-7.875,24.125,NaN,NaN
2013-01-01T12:00:00Z,0.0,-7.875,28.125,NaN,NaN
2013-01-01T12:00:00Z,0.0,-7.875,32.125,NaN,NaN
2013-01-01T12:00:00Z,0.0,-7.875,36.125,NaN,NaN
2013-01-01T12:00:00Z,0.0,-7.875,40.125,29.56,0.99
2013-01-01T12:00:00Z,0.0,-7.875,44.125,29.55,0.87
2013-01-01T12:00:00Z,0.0,-7.875,48.125,29.15,0.64
2013-01-01T12:00:00Z,0.0,-7.875,52.125,28.49,0.08
2013-01-01T12:00:00Z,0.0,-7.875,56.125,26.32,-1.96
2013-01-01T12:00:00Z,0.0,-7.875,60.125,26.77,-1.56
2013-01-01T12:00:00Z,0.0,-7.875,64.125,28.94,0.57
2013-01-01T12:00:00Z,0.0,-7.875,68.125,28.54,0.11
2013-01-01T12:00:00Z,0.0,-7.875,72.125,28.88,0.56
2013-01-01T12:00:00Z,0.0,-7.875,76.125,28.71,0.4
2013-01-01T12:00:00Z,0.0,-7.875,80.125,27.78,-0.54
2013-01-01T12:00:00Z,0.0,-7.875,84.125,27.83,-0.46
2013-01-01T12:00:00Z,0.0,-7.875,88.125,28.19,-0.12
2013-01-01T12:00:00Z,0.0,-7.875,92.125,28.88,0.56
2013-01-01T12:00:00Z,0.0,-7.875,96.125,29.25,0.82
2013-01-01T12:00:00Z,0.0,-7.875,100.125,29.12,0.66
2013-01-01T12:00:00Z,0.0,-7.875,104.125,28.47,-0.01
2013-01-01T12:00:00Z,0.0,-7.875,108.125,28.03,-0.62
2013-01-01T12:00:00Z,0.0,-7.875,112.125,NaN,NaN
2013-01-01T12:00:00Z,0.0,-7.875,116.125,29.24,0.26
2013-01-01T12:00:00Z,0.0,-7.875,120.125,29.2,0.23
2013-01-01T12:00:00Z,0.0,-7.875,124.125,29.6,0.51
2013-01-01T12:00:00Z,0.0,-7.875,128.125,30.62,1.29
2013-01-01T12:00:00Z,0.0,-7.875,132.125,30.37,1.03
2013-01-01T12:00:00Z,0.0,-7.875,136.125,30.82,1.55
2013-01-01T12:00:00Z,0.0,-7.875,140.125,NaN,NaN
2013-01-01T12:00:00Z,0.0,-7.875,144.125,30.36,1.38
2013-01-01T12:00:00Z,0.0,-7.875,148.125,29.62,0.13
2013-01-01T12:00:00Z,0.0,-7.875,152.125,30.57,1.0
2013-01-01T12:00:00Z,0.0,-7.875,156.125,30.15,0.42
2013-01-01T12:00:00Z,0.0,-7.875,160.125,29.63,-0.07
2013-01-01T12:00:00Z,0.0,-7.875,164.125,30.76,1.16
2013-01-01T12:00:00Z,0.0,-7.875,168.125,29.54,-0.01
2013-01-01T12:00:00Z,0.0,-7.875,172.125,29.81,0.3
2013-01-01T12:00:00Z,0.0,-7.875,176.125,29.9,0.4
2013-01-01T12:00:00Z,0.0,-7.875,180.125,29.92,0.49
2013-01-01T12:00:00Z,0.0,-7.875,184.125,29.74,0.42
2013-01-01T12:00:00Z,0.0,-7.875,188.125,29.85,0.66
2013-01-01T12:00:00Z,0.0,-7.875,192.125,29.61,0.55
2013-01-01T12:00:00Z,0.0,-7.875,196.125,29.45,0.54
2013-01-01T12:00:00Z,0.0,-7.875,200.125,29.15,0.36
2013-01-01T12:00:00Z,0.0,-7.875,204.125,29.22,0.64
2013-01-01T12:00:00Z,0.0,-7.875,208.125,28.76,0.42
2013-01-01T12:00:00Z,0.0,-7.875,212.125,28.45,0.36
2013-01-01T12:00:00Z,0.0,-7.875,216.125,28.11,0.26
2013-01-01T12:00:00Z,0.0,-7.875,220.125,27.74,0.16
2013-01-01T12:00:00Z,0.0,-7.875,224.125,26.98,-0.28
2013-01-01T12:00:00Z,0.0,-7.875,228.125,26.49,-0.47
2013-01-01T12:00:00Z,0.0,-7.875,232.125,26.47,-0.12
2013-01-01T12:00:00Z,0.0,-7.875,236.125,25.67,-0.54
2013-01-01T12:00:00Z,0.0,-7.875,240.125,25.14,-0.71
2013-01-01T12:00:00Z,0.0,-7.875,244.125,24.68,-0.82
2013-01-01T12:00:00Z,0.0,-7.875,248.125,24.07,-1.07
2013-01-01T12:00:00Z,0.0,-7.875,252.125,24.01,-0.78
2013-01-01T12:00:00Z,0.0,-7.875,256.125,23.4,-1.07
2013-01-01T12:00:00Z,0.0,-7.875,260.125,23.35,-0.89
2013-01-01T12:00:00Z,0.0,-7.875,264.125,23.6,-0.5
2013-01-01T12:00:00Z,0.0,-7.875,268.125,23.96,-0.1
2013-01-01T12:00:00Z,0.0,-7.875,272.125,23.63,-0.49
2013-01-01T12:00:00Z,0.0,-7.875,276.125,23.24,-0.62
2013-01-01T12:00:00Z,0.0,-7.875,280.125,20.37,-0.96
2013-01-01T12:00:00Z,0.0,-7.875,284.125,NaN,NaN
2013-01-01T12:00:00Z,0.0,-7.875,288.125,NaN,NaN
2013-01-01T12:00:00Z,0.0,-7.875,292.125,NaN,NaN
2013-01-01T12:00:00Z,0.0,-7.875,296.125,NaN,NaN
2013-01-01T12:00:00Z,0.0,-7.875,300.125,NaN,NaN
2013-01-01T12:00:00Z,0.0,-7.875,304.125,NaN,NaN
2013-01-01T12:00:00Z,0.0,-7.875,308.125,NaN,NaN
2013-01-01T12:00:00Z,0.0,-7.875,312.125,NaN,NaN
2013-01-01T12:00:00Z,0.0,-7.875,316.125,NaN,NaN
2013-01-01T12:00:00Z,0.0,-7.875,320.125,NaN,NaN
2013-01-01T12:00:00Z,0.0,-7.875,324.125,NaN,NaN
2013-01-01T12:00:00Z,0.0,-7.875,328.125,27.14,-0.28
2013-01-01T12:00:00Z,0.0,-7.875,332.125,26.58,-0.38
2013-01-01T12:00:00Z,0.0,-7.875,336.125,26.1,-0.41
2013-01-01T12:00:00Z,0.0,-7.875,340.125,25.48,-0.59
2013-01-01T12:00:00Z,0.0,-7.875,344.125,25.28,-0.38
2013-01-01T12:00:00Z,0.0,-7.875,348.125,25.16,-0.14
2013-01-01T12:00:00Z,0.0,-7.875,352.125,24.75,-0.3
2013-01-01T12:00:00Z,0.0,-7.875,356.125,24.64,-0.28
2013-01-01T12:00:00Z,0.0,-3.875,0.125,27.25,0.8
2013-01-01T12:00:00Z,0.0,-3.875,4.125,26.9,-0.1
2013-01-01T12:00:00Z,0.0,-3.875,8.125,27.38,0.12
2013-01-01T12:00:00Z,0.0,-3.875,12.125,NaN,NaN
2013-01-01T12:00:00Z,0.0,-3.875,16.125,NaN,NaN
2013-01-01T12:00:00Z,0.0,-3.875,20.125,NaN,NaN
2013-01-01T12:00:00Z,0.0,-3.875,24.125,NaN,NaN
2013-01-01T12:00:00Z,0.0,-3.875,28.125,NaN,NaN
2013-01-01T12:00:00Z,0.0,-3.875,32.125,NaN,NaN
2013-01-01T12:00:00Z,0.0,-3.875,36.125,NaN,NaN
2013-01-01T12:00:00Z,0.0,-3.875,40.125,28.86,0.79
2013-01-01T12:00:00Z,0.0,-3.875,44.125,28.52,0.54
2013-01-01T12:00:00Z,0.0,-3.875,48.125,28.99,0.69
2013-01-01T12:00:00Z,0.0,-3.875,52.125,29.33,0.94
2013-01-01T12:00:00Z,0.0,-3.875,56.125,27.28,-0.96
2013-01-01T12:00:00Z,0.0,-3.875,60.125,27.57,-0.67
2013-01-01T12:00:00Z,0.0,-3.875,64.125,28.4,0.11
2013-01-01T12:00:00Z,0.0,-3.875,68.125,28.53,0.2
2013-01-01T12:00:00Z,0.0,-3.875,72.125,28.65,0.33
2013-01-01T12:00:00Z,0.0,-3.875,76.125,28.59,0.26
2013-01-01T12:00:00Z,0.0,-3.875,80.125,28.54,0.21
2013-01-01T12:00:00Z,0.0,-3.875,84.125,28.37,-0.07
2013-01-01T12:00:00Z,0.0,-3.875,88.125,28.63,0.09
2013-01-01T12:00:00Z,0.0,-3.875,92.125,28.61,-0.05
2013-01-01T12:00:00Z,0.0,-3.875,96.125,28.55,-0.16
2013-01-01T12:00:00Z,0.0,-3.875,100.125,28.42,-0.26
2013-01-01T12:00:00Z,0.0,-3.875,104.125,NaN,NaN
2013-01-01T12:00:00Z,0.0,-3.875,108.125,28.97,0.47
2013-01-01T12:00:00Z,0.0,-3.875,112.125,28.66,-0.16
2013-01-01T12:00:00Z,0.0,-3.875,116.125,28.99,-0.09
2013-01-01T12:00:00Z,0.0,-3.875,120.125,NaN,NaN
2013-01-01T12:00:00Z,0.0,-3.875,124.125,29.96,0.58
2013-01-01T12:00:00Z,0.0,-3.875,128.125,29.63,0.42
2013-01-01T12:00:00Z,0.0,-3.875,132.125,29.7,0.42
2013-01-01T12:00:00Z,0.0,-3.875,136.125,NaN,NaN
2013-01-01T12:00:00Z,0.0,-3.875,140.125,NaN,NaN
2013-01-01T12:00:00Z,0.0,-3.875,144.125,NaN,NaN
2013-01-01T12:00:00Z,0.0,-3.875,148.125,29.93,0.63
2013-01-01T12:00:00Z,0.0,-3.875,152.125,30.49,0.86
2013-01-01T12:00:00Z,0.0,-3.875,156.125,30.4,0.78
2013-01-01T12:00:00Z,0.0,-3.875,160.125,30.17,0.58
2013-01-01T12:00:00Z,0.0,-3.875,164.125,29.54,0.08
2013-01-01T12:00:00Z,0.0,-3.875,168.125,29.7,0.28
2013-01-01T12:00:00Z,0.0,-3.875,172.125,29.41,0.06
2013-01-01T12:00:00Z,0.0,-3.875,176.125,29.2,-0.02
2013-01-01T12:00:00Z,0.0,-3.875,180.125,28.78,-0.33
2013-01-01T12:00:00Z,0.0,-3.875,184.125,28.76,-0.14
2013-01-01T12:00:00Z,0.0,-3.875,188.125,28.9,0.25
2013-01-01T12:00:00Z,0.0,-3.875,192.125,28.09,-0.31
2013-01-01T12:00:00Z,0.0,-3.875,196.125,28.68,0.58
2013-01-01T12:00:00Z,0.0,-3.875,200.125,28.3,0.43
2013-01-01T12:00:00Z,0.0,-3.875,204.125,27.83,0.23
2013-01-01T12:00:00Z,0.0,-3.875,208.125,27.02,-0.33
2013-01-01T12:00:00Z,0.0,-3.875,212.125,26.84,-0.28
2013-01-01T12:00:00Z,0.0,-3.875,216.125,26.69,-0.2
2013-01-01T12:00:00Z,0.0,-3.875,220.125,26.16,-0.49
2013-01-01T12:00:00Z,0.0,-3.875,224.125,25.39,-0.99
2013-01-01T12:00:00Z,0.0,-3.875,228.125,24.92,-1.2
2013-01-01T12:00:00Z,0.0,-3.875,232.125,24.49,-1.32
2013-01-01T12:00:00Z,0.0,-3.875,236.125,24.42,-1.08
2013-01-01T12:00:00Z,0.0,-3.875,240.125,23.51,-1.7
2013-01-01T12:00:00Z,0.0,-3.875,244.125,23.7,-1.21
2013-01-01T12:00:00Z,0.0,-3.875,248.125,23.54,-1.14
2013-01-01T12:00:00Z,0.0,-3.875,252.125,22.96,-1.51
2013-01-01T12:00:00Z,0.0,-3.875,256.125,22.98,-1.35
2013-01-01T12:00:00Z,0.0,-3.875,260.125,22.7,-1.49
2013-01-01T12:00:00Z,0.0,-3.875,264.125,22.74,-1.42
2013-01-01T12:00:00Z,0.0,-3.875,268.125,23.2,-1.07
2013-01-01T12:00:00Z,0.0,-3.875,272.125,23.72,-0.55
2013-01-01T12:00:00Z,0.0,-3.875,276.125,22.44,-0.46
2013-01-01T12:00:00Z,0.0,-3.875,280.125,NaN,NaN
2013-01-01T12:00:00Z,0.0,-3.875,284.125,NaN,NaN
2013-01-01T12:00:00Z,0.0,-3.875,288.125,NaN,NaN
2013-01-01T12:00:00Z,0.0,-3.875,292.125,NaN,NaN
2013-01-01T12:00:00Z,0.0,-3.875,296.125,NaN,NaN
2013-01-01T12:00:00Z,0.0,-3.875,300.125,NaN,NaN
2013-01-01T12:00:00Z,0.0,-3.875,304.125,NaN,NaN
2013-01-01T12:00:00Z,0.0,-3.875,308.125,NaN,NaN
2013-01-01T12:00:00Z,0.0,-3.875,312.125,NaN,NaN
2013-01-01T12:00:00Z,0.0,-3.875,316.125,NaN,NaN
2013-01-01T12:00:00Z,0.0,-3.875,320.125,NaN,NaN
2013-01-01T12:00:00Z,0.0,-3.875,324.125,27.13,-0.26
2013-01-01T12:00:00Z,0.0,-3.875,328.125,26.96,-0.28
2013-01-01T12:00:00Z,0.0,-3.875,332.125,27.18,0.2
2013-01-01T12:00:00Z,0.0,-3.875,336.125,26.82,0.11
2013-01-01T12:00:00Z,0.0,-3.875,340.125,26.58,0.14
2013-01-01T12:00:00Z,0.0,-3.875,344.125,26.14,-0.09
2013-01-01T12:00:00Z,0.0,-3.875,348.125,26.08,-0.02
2013-01-01T12:00:00Z,0.0,-3.875,352.125,25.43,-0.68
2013-01-01T12:00:00Z,0.0,-3.875,356.125,26.48,0.26
2013-01-01T12:00:00Z,0.0,0.125,0.125,28.14,0.52
2013-01-01T12:00:00Z,0.0,0.125,4.125,27.91,0.04
2013-01-01T12:00:00Z,0.0,0.125,8.125,27.66,-0.16
2013-01-01T12:00:00Z,0.0,0.125,12.125,NaN,NaN
2013-01-01T12:00:00Z,0.0,0.125,16.125,NaN,NaN
2013-01-01T12:00:00Z,0.0,0.125,20.125,NaN,NaN
2013-01-01T12:00:00Z,0.0,0.125,24.125,NaN,NaN
2013-01-01T12:00:00Z,0.0,0.125,28.125,NaN,NaN
2013-01-01T12:00:00Z,0.0,0.125,32.125,NaN,NaN
2013-01-01T12:00:00Z,0.0,0.125,36.125,NaN,NaN
2013-01-01T12:00:00Z,0.0,0.125,40.125,NaN,NaN
2013-01-01T12:00:00Z,0.0,0.125,44.125,27.03,0.29
2013-01-01T12:00:00Z,0.0,0.125,48.125,27.14,0.25
2013-01-01T12:00:00Z,0.0,0.125,52.125,27.51,0.27
2013-01-01T12:00:00Z,0.0,0.125,56.125,27.62,-0.08
2013-01-01T12:00:00Z,0.0,0.125,60.125,28.1,0.04
2013-01-01T12:00:00Z,0.0,0.125,64.125,28.39,0.15
2013-01-01T12:00:00Z,0.0,0.125,68.125,28.68,0.36
2013-01-01T12:00:00Z,0.0,0.125,72.125,28.98,0.63
2013-01-01T12:00:00Z,0.0,0.125,76.125,29.29,0.86
2013-01-01T12:00:00Z,0.0,0.125,80.125,29.08,0.6
2013-01-01T12:00:00Z,0.0,0.125,84.125,28.93,0.36
2013-01-01T12:00:00Z,0.0,0.125,88.125,28.43,-0.19
2013-01-01T12:00:00Z,0.0,0.125,92.125,28.79,0.07
2013-01-01T12:00:00Z,0.0,0.125,96.125,28.66,-0.17
2013-01-01T12:00:00Z,0.0,0.125,100.125,NaN,NaN
2013-01-01T12:00:00Z,0.0,0.125,104.125,28.55,0.54
2013-01-01T12:00:00Z,0.0,0.125,108.125,28.99,0.83
2013-01-01T12:00:00Z,0.0,0.125,112.125,NaN,NaN
2013-01-01T12:00:00Z,0.0,0.125,116.125,NaN,NaN
2013-01-01T12:00:00Z,0.0,0.125,120.125,29.08,0.26
2013-01-01T12:00:00Z,0.0,0.125,124.125,29.5,0.61
2013-01-01T12:00:00Z,0.0,0.125,128.125,29.81,0.99
2013-01-01T12:00:00Z,0.0,0.125,132.125,29.75,0.78
2013-01-01T12:00:00Z,0.0,0.125,136.125,29.9,0.88
2013-01-01T12:00:00Z,0.0,0.125,140.125,29.78,0.65
2013-01-01T12:00:00Z,0.0,0.125,144.125,30.31,1.04
2013-01-01T12:00:00Z,0.0,0.125,148.125,29.95,0.52
2013-01-01T12:00:00Z,0.0,0.125,152.125,29.59,0.08
2013-01-01T12:00:00Z,0.0,0.125,156.125,30.11,0.63
2013-01-01T12:00:00Z,0.0,0.125,160.125,29.83,0.48
2013-01-01T12:00:00Z,0.0,0.125,164.125,30.01,0.85
2013-01-01T12:00:00Z,0.0,0.125,168.125,28.93,-0.06
2013-01-01T12:00:00Z,0.0,0.125,172.125,28.72,-0.02
2013-01-01T12:00:00Z,0.0,0.125,176.125,27.92,-0.6
2013-01-01T12:00:00Z,0.0,0.125,180.125,27.06,-1.25
2013-01-01T12:00:00Z,0.0,0.125,184.125,27.05,-1.04
2013-01-01T12:00:00Z,0.0,0.125,188.125,27.36,-0.38
2013-01-01T12:00:00Z,0.0,0.125,192.125,27.06,-0.35
2013-01-01T12:00:00Z,0.0,0.125,196.125,26.88,-0.2
2013-01-01T12:00:00Z,0.0,0.125,200.125,26.36,-0.41
2013-01-01T12:00:00Z,0.0,0.125,204.125,26.35,-0.21
2013-01-01T12:00:00Z,0.0,0.125,208.125,25.82,-0.46
2013-01-01T12:00:00Z,0.0,0.125,212.125,25.43,-0.6
2013-01-01T12:00:00Z,0.0,0.125,216.125,25.76,-0.07
2013-01-01T12:00:00Z,0.0,0.125,220.125,24.72,-0.82
2013-01-01T12:00:00Z,0.0,0.125,224.125,23.78,-1.55
2013-01-01T12:00:00Z,0.0,0.125,228.125,24.0,-1.07
2013-01-01T12:00:00Z,0.0,0.125,232.125,22.88,-1.91
2013-01-01T12:00:00Z,0.0,0.125,236.125,23.07,-1.49
2013-01-01T12:00:00Z,0.0,0.125,240.125,22.26,-2.04
2013-01-01T12:00:00Z,0.0,0.125,244.125,24.05,0.07
2013-01-01T12:00:00Z,0.0,0.125,248.125,21.99,-1.79
2013-01-01T12:00:00Z,0.0,0.125,252.125,22.12,-1.49
2013-01-01T12:00:00Z,0.0,0.125,256.125,23.11,-0.53
2013-01-01T12:00:00Z,0.0,0.125,260.125,22.51,-1.22
2013-01-01T12:00:00Z,0.0,0.125,264.125,22.76,-1.05
2013-01-01T12:00:00Z,0.0,0.125,268.125,22.55,-1.6
2013-01-01T12:00:00Z,0.0,0.125,272.125,23.2,-1.66
2013-01-01T12:00:00Z,0.0,0.125,276.125,24.39,-0.38
2013-01-01T12:00:00Z,0.0,0.125,280.125,NaN,NaN
2013-01-01T12:00:00Z,0.0,0.125,284.125,NaN,NaN
2013-01-01T12:00:00Z,0.0,0.125,288.125,NaN,NaN
2013-01-01T12:00:00Z,0.0,0.125,292.125,NaN,NaN
2013-01-01T12:00:00Z,0.0,0.125,296.125,NaN,NaN
2013-01-01T12:00:00Z,0.0,0.125,300.125,NaN,NaN
2013-01-01T12:00:00Z,0.0,0.125,304.125,NaN,NaN
2013-01-01T12:00:00Z,0.0,0.125,308.125,NaN,NaN
2013-01-01T12:00:00Z,0.0,0.125,312.125,28.62,0.58
2013-01-01T12:00:00Z,0.0,0.125,316.125,27.44,-0.11
2013-01-01T12:00:00Z,0.0,0.125,320.125,27.45,-0.07
2013-01-01T12:00:00Z,0.0,0.125,324.125,27.63,0.24
2013-01-01T12:00:00Z,0.0,0.125,328.125,27.45,0.15
2013-01-01T12:00:00Z,0.0,0.125,332.125,27.05,-0.06
2013-01-01T12:00:00Z,0.0,0.125,336.125,26.95,0.14
2013-01-01T12:00:00Z,0.0,0.125,340.125,26.38,-0.16
2013-01-01T12:00:00Z,0.0,0.125,344.125,26.34,-0.13
2013-01-01T12:00:00Z,0.0,0.125,348.125,26.92,0.31
2013-01-01T12:00:00Z,0.0,0.125,352.125,26.23,-0.75
2013-01-01T12:00:00Z,0.0,0.125,356.125,28.29,0.93
2013-01-01T12:00:00Z,0.0,4.125,0.125,28.31,0.17
2013-01-01T12:00:00Z,0.0,4.125,4.125,28.36,0.09
2013-01-01T12:00:00Z,0.0,4.125,8.125,28.05,-0.05
2013-01-01T12:00:00Z,0.0,4.125,12.125,NaN,NaN
2013-01-01T12:00:00Z,0.0,4.125,16.125,NaN,NaN
2013-01-01T12:00:00Z,0.0,4.125,20.125,NaN,NaN
2013-01-01T12:00:00Z,0.0,4.125,24.125,NaN,NaN
2013-01-01T12:00:00Z,0.0,4.125,28.125,NaN,NaN
2013-01-01T12:00:00Z,0.0,4.125,32.125,NaN,NaN
2013-01-01T12:00:00Z,0.0,4.125,36.125,NaN,NaN
2013-01-01T12:00:00Z,0.0,4.125,40.125,NaN,NaN
2013-01-01T12:00:00Z,0.0,4.125,44.125,NaN,NaN
2013-01-01T12:00:00Z,0.0,4.125,48.125,26.11,-0.62
2013-01-01T12:00:00Z,0.0,4.125,52.125,26.08,-0.74
2013-01-01T12:00:00Z,0.0,4.125,56.125,26.9,-0.46
2013-01-01T12:00:00Z,0.0,4.125,60.125,27.49,-0.34
2013-01-01T12:00:00Z,0.0,4.125,64.125,28.49,0.26
2013-01-01T12:00:00Z,0.0,4.125,68.125,28.81,0.46
2013-01-01T12:00:00Z,0.0,4.125,72.125,28.71,0.54
2013-01-01T12:00:00Z,0.0,4.125,76.125,29.21,1.09
2013-01-01T12:00:00Z,0.0,4.125,80.125,28.46,0.28
2013-01-01T12:00:00Z,0.0,4.125,84.125,28.78,0.43
2013-01-01T12:00:00Z,0.0,4.125,88.125,28.4,0.0
2013-01-01T12:00:00Z,0.0,4.125,92.125,28.79,0.31
2013-01-01T12:00:00Z,0.0,4.125,96.125,28.96,0.28
2013-01-01T12:00:00Z,0.0,4.125,100.125,29.11,0.59
2013-01-01T12:00:00Z,0.0,4.125,104.125,28.2,1.02
2013-01-01T12:00:00Z,0.0,4.125,108.125,28.2,1.18
2013-01-01T12:00:00Z,0.0,4.125,112.125,28.81,0.99
2013-01-01T12:00:00Z,0.0,4.125,116.125,NaN,NaN
2013-01-01T12:00:00Z,0.0,4.125,120.125,29.05,0.58
2013-01-01T12:00:00Z,0.0,4.125,124.125,28.6,0.12
2013-01-01T12:00:00Z,0.0,4.125,128.125,28.32,-0.05
2013-01-01T12:00:00Z,0.0,4.125,132.125,29.14,0.51
2013-01-01T12:00:00Z,0.0,4.125,136.125,29.14,0.36
2013-01-01T12:00:00Z,0.0,4.125,140.125,29.33,0.39
2013-01-01T12:00:00Z,0.0,4.125,144.125,29.94,0.84
2013-01-01T12:00:00Z,0.0,4.125,148.125,29.09,-0.1
2013-01-01T12:00:00Z,0.0,4.125,152.125,28.61,-0.56
2013-01-01T12:00:00Z,0.0,4.125,156.125,29.5,0.39
2013-01-01T12:00:00Z,0.0,4.125,160.125,29.53,0.48
2013-01-01T12:00:00Z,0.0,4.125,164.125,29.22,0.28
2013-01-01T12:00:00Z,0.0,4.125,168.125,28.89,0.03
2013-01-01T12:00:00Z,0.0,4.125,172.125,28.74,0.03
2013-01-01T12:00:00Z,0.0,4.125,176.125,28.4,-0.17
2013-01-01T12:00:00Z,0.0,4.125,180.125,29.29,0.77
2013-01-01T12:00:00Z,0.0,4.125,184.125,28.31,-0.06
2013-01-01T12:00:00Z,0.0,4.125,188.125,27.14,-1.05
2013-01-01T12:00:00Z,0.0,4.125,192.125,27.24,-0.75
2013-01-01T12:00:00Z,0.0,4.125,196.125,26.94,-0.82
2013-01-01T12:00:00Z,0.0,4.125,200.125,27.49,-0.05
2013-01-01T12:00:00Z,0.0,4.125,204.125,27.8,0.48
2013-01-01T12:00:00Z,0.0,4.125,208.125,27.31,0.21
2013-01-01T12:00:00Z,0.0,4.125,212.125,25.63,-1.31
2013-01-01T12:00:00Z,0.0,4.125,216.125,26.32,-0.54
2013-01-01T12:00:00Z,0.0,4.125,220.125,26.54,-0.19
2013-01-01T12:00:00Z,0.0,4.125,224.125,25.85,-0.84
2013-01-01T12:00:00Z,0.0,4.125,228.125,26.08,-0.52
2013-01-01T12:00:00Z,0.0,4.125,232.125,26.25,-0.32
2013-01-01T12:00:00Z,0.0,4.125,236.125,26.02,-0.43
2013-01-01T12:00:00Z,0.0,4.125,240.125,24.27,-2.14
2013-01-01T12:00:00Z,0.0,4.125,244.125,25.04,-1.23
2013-01-01T12:00:00Z,0.0,4.125,248.125,26.13,-0.13
2013-01-01T12:00:00Z,0.0,4.125,252.125,24.88,-1.48
2013-01-01T12:00:00Z,0.0,4.125,256.125,25.07,-1.43
2013-01-01T12:00:00Z,0.0,4.125,260.125,25.89,-0.75
2013-01-01T12:00:00Z,0.0,4.125,264.125,26.31,-0.48
2013-01-01T12:00:00Z,0.0,4.125,268.125,26.36,-0.67
2013-01-01T12:00:00Z,0.0,4.125,272.125,26.83,-0.45
2013-01-01T12:00:00Z,0.0,4.125,276.125,26.86,-0.57
2013-01-01T12:00:00Z,0.0,4.125,280.125,26.48,-0.3
2013-01-01T12:00:00Z,0.0,4.125,284.125,NaN,NaN
2013-01-01T12:00:00Z,0.0,4.125,288.125,NaN,NaN
2013-01-01T12:00:00Z,0.0,4.125,292.125,NaN,NaN
2013-01-01T12:00:00Z,0.0,4.125,296.125,NaN,NaN
2013-01-01T12:00:00Z,0.0,4.125,300.125,NaN,NaN
2013-01-01T12:00:00Z,0.0,4.125,304.125,NaN,NaN
2013-01-01T12:00:00Z,0.0,4.125,308.125,NaN,NaN
2013-01-01T12:00:00Z,0.0,4.125,312.125,27.24,-0.15
2013-01-01T12:00:00Z,0.0,4.125,316.125,27.06,-0.45
2013-01-01T12:00:00Z,0.0,4.125,320.125,26.77,-0.77
2013-01-01T12:00:00Z,0.0,4.125,324.125,26.98,-0.58
2013-01-01T12:00:00Z,0.0,4.125,328.125,27.6,0.07
2013-01-01T12:00:00Z,0.0,4.125,332.125,26.85,-0.66
2013-01-01T12:00:00Z,0.0,4.125,336.125,27.75,0.18
2013-01-01T12:00:00Z,0.0,4.125,340.125,28.13,0.33
2013-01-01T12:00:00Z,0.0,4.125,344.125,28.15,-0.04
2013-01-01T12:00:00Z,0.0,4.125,348.125,28.67,0.31
2013-01-01T12:00:00Z,0.0,4.125,352.125,28.09,-0.13
2013-01-01T12:00:00Z,0.0,4.125,356.125,28.37,0.24
2013-01-01T12:00:00Z,0.0,8.125,0.125,NaN,NaN
2013-01-01T12:00:00Z,0.0,8.125,4.125,NaN,NaN
2013-01-01T12:00:00Z,0.0,8.125,8.125,NaN,NaN
2013-01-01T12:00:00Z,0.0,8.125,12.125,NaN,NaN
2013-01-01T12:00:00Z,0.0,8.125,16.125,NaN,NaN
2013-01-01T12:00:00Z,0.0,8.125,20.125,NaN,NaN
2013-01-01T12:00:00Z,0.0,8.125,24.125,NaN,NaN
2013-01-01T12:00:00Z,0.0,8.125,28.125,NaN,NaN
2013-01-01T12:00:00Z,0.0,8.125,32.125,NaN,NaN
2013-01-01T12:00:00Z,0.0,8.125,36.125,NaN,NaN
2013-01-01T12:00:00Z,0.0,8.125,40.125,NaN,NaN
2013-01-01T12:00:00Z,0.0,8.125,44.125,NaN,NaN
2013-01-01T12:00:00Z,0.0,8.125,48.125,NaN,NaN
2013-01-01T12:00:00Z,0.0,8.125,52.125,25.78,-0.8
2013-01-01T12:00:00Z,0.0,8.125,56.125,26.9,-0.16
2013-01-01T12:00:00Z,0.0,8.125,60.125,28.19,0.66
2013-01-01T12:00:00Z,0.0,8.125,64.125,27.96,0.0
2013-01-01T12:00:00Z,0.0,8.125,68.125,28.94,0.66
2013-01-01T12:00:00Z,0.0,8.125,72.125,28.8,0.48
2013-01-01T12:00:00Z,0.0,8.125,76.125,29.13,1.04
2013-01-01T12:00:00Z,0.0,8.125,80.125,NaN,NaN
2013-01-01T12:00:00Z,0.0,8.125,84.125,27.48,-0.25
2013-01-01T12:00:00Z,0.0,8.125,88.125,28.53,0.58
2013-01-01T12:00:00Z,0.0,8.125,92.125,28.3,0.34
2013-01-01T12:00:00Z,0.0,8.125,96.125,28.4,0.3
2013-01-01T12:00:00Z,0.0,8.125,100.125,NaN,NaN
2013-01-01T12:00:00Z,0.0,8.125,104.125,27.07,0.1
2013-01-01T12:00:00Z,0.0,8.125,108.125,26.64,0.71
2013-01-01T12:00:00Z,0.0,8.125,112.125,28.18,0.84
2013-01-01T12:00:00Z,0.0,8.125,116.125,28.4,0.41
2013-01-01T12:00:00Z,0.0,8.125,120.125,28.15,0.27
2013-01-01T12:00:00Z,0.0,8.125,124.125,NaN,NaN
2013-01-01T12:00:00Z,0.0,8.125,128.125,27.85,-0.5
2013-01-01T12:00:00Z,0.0,8.125,132.125,28.94,0.4
2013-01-01T12:00:00Z,0.0,8.125,136.125,29.02,0.44
2013-01-01T12:00:00Z,0.0,8.125,140.125,29.31,0.71
2013-01-01T12:00:00Z,0.0,8.125,144.125,29.32,0.68
2013-01-01T12:00:00Z,0.0,8.125,148.125,29.42,0.79
2013-01-01T12:00:00Z,0.0,8.125,152.125,28.75,0.15
2013-01-01T12:00:00Z,0.0,8.125,156.125,28.82,0.3
2013-01-01T12:00:00Z,0.0,8.125,160.125,28.19,-0.22
2013-01-01T12:00:00Z,0.0,8.125,164.125,28.51,0.16
2013-01-01T12:00:00Z,0.0,8.125,168.125,29.07,0.88
2013-01-01T12:00:00Z,0.0,8.125,172.125,28.42,0.35
2013-01-01T12:00:00Z,0.0,8.125,176.125,28.67,0.6
2013-01-01T12:00:00Z,0.0,8.125,180.125,27.52,-0.52
2013-01-01T12:00:00Z,0.0,8.125,184.125,28.11,0.13
2013-01-01T12:00:00Z,0.0,8.125,188.125,28.09,0.16
2013-01-01T12:00:00Z,0.0,8.125,192.125,27.96,0.19
2013-01-01T12:00:00Z,0.0,8.125,196.125,27.83,0.07
2013-01-01T12:00:00Z,0.0,8.125,200.125,27.5,-0.18
2013-01-01T12:00:00Z,0.0,8.125,204.125,27.54,-0.02
2013-01-01T12:00:00Z,0.0,8.125,208.125,27.26,-0.16
2013-01-01T12:00:00Z,0.0,8.125,212.125,27.74,0.43
2013-01-01T12:00:00Z,0.0,8.125,216.125,27.12,-0.19
2013-01-01T12:00:00Z,0.0,8.125,220.125,26.28,-0.93
2013-01-01T12:00:00Z,0.0,8.125,224.125,26.67,-0.49
2013-01-01T12:00:00Z,0.0,8.125,228.125,25.96,-1.12
2013-01-01T12:00:00Z,0.0,8.125,232.125,25.86,-1.27
2013-01-01T12:00:00Z,0.0,8.125,236.125,26.16,-1.02
2013-01-01T12:00:00Z,0.0,8.125,240.125,26.76,-0.58
2013-01-01T12:00:00Z,0.0,8.125,244.125,27.2,-0.21
2013-01-01T12:00:00Z,0.0,8.125,248.125,27.24,-0.17
2013-01-01T12:00:00Z,0.0,8.125,252.125,27.58,0.24
2013-01-01T12:00:00Z,0.0,8.125,256.125,26.78,-0.43
2013-01-01T12:00:00Z,0.0,8.125,260.125,26.95,-0.11
2013-01-01T12:00:00Z,0.0,8.125,264.125,28.08,1.02
2013-01-01T12:00:00Z,0.0,8.125,268.125,25.55,-0.89
2013-01-01T12:00:00Z,0.0,8.125,272.125,27.45,0.65
2013-01-01T12:00:00Z,0.0,8.125,276.125,28.67,0.39
2013-01-01T12:00:00Z,0.0,8.125,280.125,28.48,1.14
2013-01-01T12:00:00Z,0.0,8.125,284.125,NaN,NaN
2013-01-01T12:00:00Z,0.0,8.125,288.125,NaN,NaN
2013-01-01T12:00:00Z,0.0,8.125,292.125,NaN,NaN
2013-01-01T12:00:00Z,0.0,8.125,296.125,NaN,NaN
2013-01-01T12:00:00Z,0.0,8.125,300.125,NaN,NaN
2013-01-01T12:00:00Z,0.0,8.125,304.125,28.07,1.03
2013-01-01T12:00:00Z,0.0,8.125,308.125,26.84,-0.33
2013-01-01T12:00:00Z,0.0,8.125,312.125,27.36,0.38
2013-01-01T12:00:00Z,0.0,8.125,316.125,27.12,0.4
2013-01-01T12:00:00Z,0.0,8.125,320.125,26.88,0.36
2013-01-01T12:00:00Z,0.0,8.125,324.125,26.09,-0.55
2013-01-01T12:00:00Z,0.0,8.125,328.125,26.85,0.11
2013-01-01T12:00:00Z,0.0,8.125,332.125,26.57,-0.02
2013-01-01T12:00:00Z,0.0,8.125,336.125,26.62,0.02
2013-01-01T12:00:00Z,0.0,8.125,340.125,27.57,0.34
2013-01-01T12:00:00Z,0.0,8.125,344.125,28.71,0.81
2013-01-01T12:00:00Z,0.0,8.125,348.125,NaN,NaN
2013-01-01T12:00:00Z,0.0,8.125,352.125,NaN,NaN
2013-01-01T12:00:00Z,0.0,8.125,356.125,NaN,NaN
2013-01-01T12:00:00Z,0.0,12.125,0.125,NaN,NaN
2013-01-01T12:00:00Z,0.0,12.125,4.125,NaN,NaN
2013-01-01T12:00:00Z,0.0,12.125,8.125,NaN,NaN
2013-01-01T12:00:00Z,0.0,12.125,12.125,NaN,NaN
2013-01-01T12:00:00Z,0.0,12.125,16.125,NaN,NaN
2013-01-01T12:00:00Z,0.0,12.125,20.125,NaN,NaN
2013-01-01T12:00:00Z,0.0,12.125,24.125,NaN,NaN
2013-01-01T12:00:00Z,0.0,12.125,28.125,NaN,NaN
2013-01-01T12:00:00Z,0.0,12.125,32.125,NaN,NaN
2013-01-01T12:00:00Z,0.0,12.125,36.125,NaN,NaN
2013-01-01T12:00:00Z,0.0,12.125,40.125,NaN,NaN
2013-01-01T12:00:00Z,0.0,12.125,44.125,26.01,-0.27
2013-01-01T12:00:00Z,0.0,12.125,48.125,25.86,0.02
2013-01-01T12:00:00Z,0.0,12.125,52.125,25.74,-0.31
2013-01-01T12:00:00Z,0.0,12.125,56.125,25.69,-0.51
2013-01-01T12:00:00Z,0.0,12.125,60.125,26.07,-0.38
2013-01-01T12:00:00Z,0.0,12.125,64.125,25.9,-0.97
2013-01-01T12:00:00Z,0.0,12.125,68.125,27.43,-0.17
2013-01-01T12:00:00Z,0.0,12.125,72.125,28.68,0.48
2013-01-01T12:00:00Z,0.0,12.125,76.125,NaN,NaN
2013-01-01T12:00:00Z,0.0,12.125,80.125,28.57,1.52
2013-01-01T12:00:00Z,0.0,12.125,84.125,27.88,0.67
2013-01-01T12:00:00Z,0.0,12.125,88.125,28.52,1.06
2013-01-01T12:00:00Z,0.0,12.125,92.125,27.95,0.29
2013-01-01T12:00:00Z,0.0,12.125,96.125,28.21,0.34
2013-01-01T12:00:00Z,0.0,12.125,100.125,28.42,0.66
2013-01-01T12:00:00Z,0.0,12.125,104.125,NaN,NaN
2013-01-01T12:00:00Z,0.0,12.125,108.125,NaN,NaN
2013-01-01T12:00:00Z,0.0,12.125,112.125,26.98,0.41
2013-01-01T12:00:00Z,0.0,12.125,116.125,27.47,-0.08
2013-01-01T12:00:00Z,0.0,12.125,120.125,27.31,-0.25
2013-01-01T12:00:00Z,0.0,12.125,124.125,26.55,-0.73
2013-01-01T12:00:00Z,0.0,12.125,128.125,28.89,0.86
2013-01-01T12:00:00Z,0.0,12.125,132.125,28.96,0.82
2013-01-01T12:00:00Z,0.0,12.125,136.125,28.75,0.57
2013-01-01T12:00:00Z,0.0,12.125,140.125,28.93,0.76
2013-01-01T12:00:00Z,0.0,12.125,144.125,29.08,0.95
2013-01-01T12:00:00Z,0.0,12.125,148.125,28.86,0.77
2013-01-01T12:00:00Z,0.0,12.125,152.125,28.72,0.72
2013-01-01T12:00:00Z,0.0,12.125,156.125,28.61,0.74
2013-01-01T12:00:00Z,0.0,12.125,160.125,28.04,0.29
2013-01-01T12:00:00Z,0.0,12.125,164.125,28.02,0.43
2013-01-01T12:00:00Z,0.0,12.125,168.125,27.65,0.22
2013-01-01T12:00:00Z,0.0,12.125,172.125,27.61,0.27
2013-01-01T12:00:00Z,0.0,12.125,176.125,27.31,0.11
2013-01-01T12:00:00Z,0.0,12.125,180.125,27.39,0.36
2013-01-01T12:00:00Z,0.0,12.125,184.125,27.18,0.26
2013-01-01T12:00:00Z,0.0,12.125,188.125,26.97,0.19
2013-01-01T12:00:00Z,0.0,12.125,192.125,26.49,-0.11
2013-01-01T12:00:00Z,0.0,12.125,196.125,26.65,0.11
2013-01-01T12:00:00Z,0.0,12.125,200.125,26.7,0.28
2013-01-01T12:00:00Z,0.0,12.125,204.125,26.27,0.05
2013-01-01T12:00:00Z,0.0,12.125,208.125,26.58,0.55
2013-01-01T12:00:00Z,0.0,12.125,212.125,26.05,0.28
2013-01-01T12:00:00Z,0.0,12.125,216.125,25.48,-0.12
2013-01-01T12:00:00Z,0.0,12.125,220.125,25.76,0.21
2013-01-01T12:00:00Z,0.0,12.125,224.125,25.35,-0.16
2013-01-01T12:00:00Z,0.0,12.125,228.125,24.91,-0.61
2013-01-01T12:00:00Z,0.0,12.125,232.125,24.46,-1.27
2013-01-01T12:00:00Z,0.0,12.125,236.125,24.83,-1.25
2013-01-01T12:00:00Z,0.0,12.125,240.125,25.6,-1.01
2013-01-01T12:00:00Z,0.0,12.125,244.125,26.67,-0.41
2013-01-01T12:00:00Z,0.0,12.125,248.125,28.3,0.86
2013-01-01T12:00:00Z,0.0,12.125,252.125,28.5,0.74
2013-01-01T12:00:00Z,0.0,12.125,256.125,28.06,0.03
2013-01-01T12:00:00Z,0.0,12.125,260.125,28.21,0.26
2013-01-01T12:00:00Z,0.0,12.125,264.125,26.91,-0.06
2013-01-01T12:00:00Z,0.0,12.125,268.125,28.5,0.41
2013-01-01T12:00:00Z,0.0,12.125,272.125,27.78,0.51
2013-01-01T12:00:00Z,0.0,12.125,276.125,NaN,NaN
2013-01-01T12:00:00Z,0.0,12.125,280.125,27.95,0.62
2013-01-01T12:00:00Z,0.0,12.125,284.125,27.28,0.4
2013-01-01T12:00:00Z,0.0,12.125,288.125,NaN,NaN
2013-01-01T12:00:00Z,0.0,12.125,292.125,27.22,0.37
2013-01-01T12:00:00Z,0.0,12.125,296.125,27.44,0.66
2013-01-01T12:00:00Z,0.0,12.125,300.125,27.92,0.75
2013-01-01T12:00:00Z,0.0,12.125,304.125,27.49,0.42
2013-01-01T12:00:00Z,0.0,12.125,308.125,27.8,0.92
2013-01-01T12:00:00Z,0.0,12.125,312.125,27.49,0.88
2013-01-01T12:00:00Z,0.0,12.125,316.125,26.69,0.46
2013-01-01T12:00:00Z,0.0,12.125,320.125,26.54,0.54
2013-01-01T12:00:00Z,0.0,12.125,324.125,25.73,-0.02
2013-01-01T12:00:00Z,0.0,12.125,328.125,25.45,-0.05
2013-01-01T12:00:00Z,0.0,12.125,332.125,25.22,-0.07
2013-01-01T12:00:00Z,0.0,12.125,336.125,25.13,0.09
2013-01-01T12:00:00Z,0.0,12.125,340.125,24.71,-0.42
2013-01-01T12:00:00Z,0.0,12.125,344.125,NaN,NaN
2013-01-01T12:00:00Z,0.0,12.125,348.125,NaN,NaN
2013-01-01T12:00:00Z,0.0,12.125,352.125,NaN,NaN
2013-01-01T12:00:00Z,0.0,12.125,356.125,NaN,NaN
2013-01-01T12:00:00Z,0.0,16.125,0.125,NaN,NaN
2013-01-01T12:00:00Z,0.0,16.125,4.125,NaN,NaN
2013-01-01T12:00:00Z,0.0,16.125,8.125,NaN,NaN
2013-01-01T12:00:00Z,0.0,16.125,12.125,NaN,NaN
2013-01-01T12:00:00Z,0.0,16.125,16.125,NaN,NaN
2013-01-01T12:00:00Z,0.0,16.125,20.125,NaN,NaN
2013-01-01T12:00:00Z,0.0,16.125,24.125,NaN,NaN
2013-01-01T12:00:00Z,0.0,16.125,28.125,NaN,NaN
2013-01-01T12:00:00Z,0.0,16.125,32.125,NaN,NaN
2013-01-01T12:00:00Z,0.0,16.125,36.125,NaN,NaN
2013-01-01T12:00:00Z,0.0,16.125,40.125,27.35,0.59
2013-01-01T12:00:00Z,0.0,16.125,44.125,NaN,NaN
2013-01-01T12:00:00Z,0.0,16.125,48.125,NaN,NaN
2013-01-01T12:00:00Z,0.0,16.125,52.125,NaN,NaN
2013-01-01T12:00:00Z,0.0,16.125,56.125,24.55,-0.91
2013-01-01T12:00:00Z,0.0,16.125,60.125,25.31,-0.37
2013-01-01T12:00:00Z,0.0,16.125,64.125,25.74,-0.2
2013-01-01T12:00:00Z,0.0,16.125,68.125,26.98,0.1
2013-01-01T12:00:00Z,0.0,16.125,72.125,27.93,0.21
2013-01-01T12:00:00Z,0.0,16.125,76.125,NaN,NaN
2013-01-01T12:00:00Z,0.0,16.125,80.125,NaN,NaN
2013-01-01T12:00:00Z,0.0,16.125,84.125,26.22,-0.31
2013-01-01T12:00:00Z,0.0,16.125,88.125,27.3,0.55
2013-01-01T12:00:00Z,0.0,16.125,92.125,25.4,-1.24
2013-01-01T12:00:00Z,0.0,16.125,96.125,26.88,-0.26
2013-01-01T12:00:00Z,0.0,16.125,100.125,NaN,NaN
2013-01-01T12:00:00Z,0.0,16.125,104.125,NaN,NaN
2013-01-01T12:00:00Z,0.0,16.125,108.125,NaN,NaN
2013-01-01T12:00:00Z,0.0,16.125,112.125,26.07,0.87
2013-01-01T12:00:00Z,0.0,16.125,116.125,25.61,0.05
2013-01-01T12:00:00Z,0.0,16.125,120.125,28.16,1.53
2013-01-01T12:00:00Z,0.0,16.125,124.125,27.43,0.51
2013-01-01T12:00:00Z,0.0,16.125,128.125,27.76,0.54
2013-01-01T12:00:00Z,0.0,16.125,132.125,27.83,0.4
2013-01-01T12:00:00Z,0.0,16.125,136.125,27.69,0.08
2013-01-01T12:00:00Z,0.0,16.125,140.125,28.29,0.57
2013-01-01T12:00:00Z,0.0,16.125,144.125,28.69,0.89
2013-01-01T12:00:00Z,0.0,16.125,148.125,28.57,0.77
2013-01-01T12:00:00Z,0.0,16.125,152.125,28.67,0.97
2013-01-01T12:00:00Z,0.0,16.125,156.125,28.18,0.62
2013-01-01T12:00:00Z,0.0,16.125,160.125,28.12,0.74
2013-01-01T12:00:00Z,0.0,16.125,164.125,27.97,0.75
2013-01-01T12:00:00Z,0.0,16.125,168.125,28.08,1.05
2013-01-01T12:00:00Z,0.0,16.125,172.125,27.59,0.73
2013-01-01T12:00:00Z,0.0,16.125,176.125,27.28,0.57
2013-01-01T12:00:00Z,0.0,16.125,180.125,26.46,-0.08
2013-01-01T12:00:00Z,0.0,16.125,184.125,26.83,0.44
2013-01-01T12:00:00Z,0.0,16.125,188.125,26.65,0.4
2013-01-01T12:00:00Z,0.0,16.125,192.125,26.08,0.01
2013-01-01T12:00:00Z,0.0,16.125,196.125,25.24,-0.58
2013-01-01T12:00:00Z,0.0,16.125,200.125,24.87,-0.67
2013-01-01T12:00:00Z,0.0,16.125,204.125,25.11,-0.26
2013-01-01T12:00:00Z,0.0,16.125,208.125,24.89,-0.33
2013-01-01T12:00:00Z,0.0,16.125,212.125,25.3,0.36
2013-01-01T12:00:00Z,0.0,16.125,216.125,25.29,0.48
2013-01-01T12:00:00Z,0.0,16.125,220.125,24.66,0.04
2013-01-01T12:00:00Z,0.0,16.125,224.125,24.63,0.11
2013-01-01T12:00:00Z,0.0,16.125,228.125,24.87,0.36
2013-01-01T12:00:00Z,0.0,16.125,232.125,24.08,-0.5
2013-01-01T12:00:00Z,0.0,16.125,236.125,24.11,-0.75
2013-01-01T12:00:00Z,0.0,16.125,240.125,24.16,-1.13
2013-01-01T12:00:00Z,0.0,16.125,244.125,24.79,-1.15
2013-01-01T12:00:00Z,0.0,16.125,248.125,26.27,-0.22
2013-01-01T12:00:00Z,0.0,16.125,252.125,28.03,0.88
2013-01-01T12:00:00Z,0.0,16.125,256.125,28.21,0.23
2013-01-01T12:00:00Z,0.0,16.125,260.125,29.26,0.64
2013-01-01T12:00:00Z,0.0,16.125,264.125,NaN,NaN
2013-01-01T12:00:00Z,0.0,16.125,268.125,NaN,NaN
2013-01-01T12:00:00Z,0.0,16.125,272.125,27.13,-0.21
2013-01-01T12:00:00Z,0.0,16.125,276.125,27.16,-0.03
2013-01-01T12:00:00Z,0.0,16.125,280.125,27.63,0.12
2013-01-01T12:00:00Z,0.0,16.125,284.125,27.7,0.37
2013-01-01T12:00:00Z,0.0,16.125,288.125,27.9,0.69
2013-01-01T12:00:00Z,0.0,16.125,292.125,27.94,0.81
2013-01-01T12:00:00Z,0.0,16.125,296.125,27.63,0.61
2013-01-01T12:00:00Z,0.0,16.125,300.125,27.62,0.87
2013-01-01T12:00:00Z,0.0,16.125,304.125,27.05,0.63
2013-01-01T12:00:00Z,0.0,16.125,308.125,26.8,0.59
2013-01-01T12:00:00Z,0.0,16.125,312.125,26.65,0.69
2013-01-01T12:00:00Z,0.0,16.125,316.125,26.1,0.4
2013-01-01T12:00:00Z,0.0,16.125,320.125,25.85,0.49
2013-01-01T12:00:00Z,0.0,16.125,324.125,25.29,0.31
2013-01-01T12:00:00Z,0.0,16.125,328.125,24.57,0.05
2013-01-01T12:00:00Z,0.0,16.125,332.125,23.95,-0.15
2013-01-01T12:00:00Z,0.0,16.125,336.125,23.23,-0.25
2013-01-01T12:00:00Z,0.0,16.125,340.125,22.66,-0.29
2013-01-01T12:00:00Z,0.0,16.125,344.125,NaN,NaN
2013-01-01T12:00:00Z,0.0,16.125,348.125,NaN,NaN
2013-01-01T12:00:00Z,0.0,16.125,352.125,NaN,NaN
2013-01-01T12:00:00Z,0.0,16.125,356.125,NaN,NaN
2013-01-01T12:00:00Z,0.0,20.125,0.125,NaN,NaN
2013-01-01T12:00:00Z,0.0,20.125,4.125,NaN,NaN
2013-01-01T12:00:00Z,0.0,20.125,8.125,NaN,NaN
2013-01-01T12:00:00Z,0.0,20.125,12.125,NaN,NaN
2013-01-01T12:00:00Z,0.0,20.125,16.125,NaN,NaN
2013-01-01T12:00:00Z,0.0,20.125,20.125,NaN,NaN
2013-01-01T12:00:00Z,0.0,20.125,24.125,NaN,NaN
2013-01-01T12:00:00Z,0.0,20.125,28.125,NaN,NaN
2013-01-01T12:00:00Z,0.0,20.125,32.125,NaN,NaN
2013-01-01T12:00:00Z,0.0,20.125,36.125,NaN,NaN
2013-01-01T12:00:00Z,0.0,20.125,40.125,28.61,1.16
2013-01-01T12:00:00Z,0.0,20.125,44.125,NaN,NaN
2013-01-01T12:00:00Z,0.0,20.125,48.125,NaN,NaN
2013-01-01T12:00:00Z,0.0,20.125,52.125,NaN,NaN
2013-01-01T12:00:00Z,0.0,20.125,56.125,NaN,NaN
2013-01-01T12:00:00Z,0.0,20.125,60.125,25.03,-0.08
2013-01-01T12:00:00Z,0.0,20.125,64.125,26.07,0.79
2013-01-01T12:00:00Z,0.0,20.125,68.125,26.51,0.71
2013-01-01T12:00:00Z,0.0,20.125,72.125,25.29,-0.35
2013-01-01T12:00:00Z,0.0,20.125,76.125,NaN,NaN
2013-01-01T12:00:00Z,0.0,20.125,80.125,NaN,NaN
2013-01-01T12:00:00Z,0.0,20.125,84.125,NaN,NaN
2013-01-01T12:00:00Z,0.0,20.125,88.125,25.96,0.56
2013-01-01T12:00:00Z,0.0,20.125,92.125,25.2,-0.23
2013-01-01T12:00:00Z,0.0,20.125,96.125,NaN,NaN
2013-01-01T12:00:00Z,0.0,20.125,100.125,NaN,NaN
2013-01-01T12:00:00Z,0.0,20.125,104.125,NaN,NaN
2013-01-01T12:00:00Z,0.0,20.125,108.125,23.09,0.81
2013-01-01T12:00:00Z,0.0,20.125,112.125,23.07,0.45
2013-01-01T12:00:00Z,0.0,20.125,116.125,24.11,0.61
2013-01-01T12:00:00Z,0.0,20.125,120.125,25.33,0.23
2013-01-01T12:00:00Z,0.0,20.125,124.125,24.62,-0.75
2013-01-01T12:00:00Z,0.0,20.125,128.125,25.81,0.27
2013-01-01T12:00:00Z,0.0,20.125,132.125,25.62,-0.32
2013-01-01T12:00:00Z,0.0,20.125,136.125,25.83,-0.46
2013-01-01T12:00:00Z,0.0,20.125,140.125,27.57,0.91
2013-01-01T12:00:00Z,0.0,20.125,144.125,26.94,0.09
2013-01-01T12:00:00Z,0.0,20.125,148.125,27.03,0.1
2013-01-01T12:00:00Z,0.0,20.125,152.125,27.15,0.22
2013-01-01T12:00:00Z,0.0,20.125,156.125,27.83,0.99
2013-01-01T12:00:00Z,0.0,20.125,160.125,28.04,1.36
2013-01-01T12:00:00Z,0.0,20.125,164.125,27.24,0.74
2013-01-01T12:00:00Z,0.0,20.125,168.125,26.86,0.59
2013-01-01T12:00:00Z,0.0,20.125,172.125,26.99,0.83
2013-01-01T12:00:00Z,0.0,20.125,176.125,27.25,1.27
2013-01-01T12:00:00Z,0.0,20.125,180.125,26.39,0.57
2013-01-01T12:00:00Z,0.0,20.125,184.125,26.22,0.58
2013-01-01T12:00:00Z,0.0,20.125,188.125,26.23,0.73
2013-01-01T12:00:00Z,0.0,20.125,192.125,25.28,-0.05
2013-01-01T12:00:00Z,0.0,20.125,196.125,25.56,0.27
2013-01-01T12:00:00Z,0.0,20.125,200.125,24.91,-0.23
2013-01-01T12:00:00Z,0.0,20.125,204.125,24.53,-0.22
2013-01-01T12:00:00Z,0.0,20.125,208.125,23.47,-0.84
2013-01-01T12:00:00Z,0.0,20.125,212.125,23.43,-0.46
2013-01-01T12:00:00Z,0.0,20.125,216.125,23.07,-0.5
2013-01-01T12:00:00Z,0.0,20.125,220.125,22.66,-0.64
2013-01-01T12:00:00Z,0.0,20.125,224.125,22.89,0.01
2013-01-01T12:00:00Z,0.0,20.125,228.125,22.81,0.21
2013-01-01T12:00:00Z,0.0,20.125,232.125,23.15,0.71
2013-01-01T12:00:00Z,0.0,20.125,236.125,22.49,0.07
2013-01-01T12:00:00Z,0.0,20.125,240.125,22.22,-0.35
2013-01-01T12:00:00Z,0.0,20.125,244.125,22.43,-1.02
2013-01-01T12:00:00Z,0.0,20.125,248.125,24.19,-0.39
2013-01-01T12:00:00Z,0.0,20.125,252.125,25.74,0.48
2013-01-01T12:00:00Z,0.0,20.125,256.125,NaN,NaN
2013-01-01T12:00:00Z,0.0,20.125,260.125,NaN,NaN
2013-01-01T12:00:00Z,0.0,20.125,264.125,24.48,0.31
2013-01-01T12:00:00Z,0.0,20.125,268.125,24.81,-0.18
2013-01-01T12:00:00Z,0.0,20.125,272.125,NaN,NaN
2013-01-01T12:00:00Z,0.0,20.125,276.125,26.71,-0.51
2013-01-01T12:00:00Z,0.0,20.125,280.125,26.89,-0.17
2013-01-01T12:00:00Z,0.0,20.125,284.125,NaN,NaN
2013-01-01T12:00:00Z,0.0,20.125,288.125,26.99,0.14
2013-01-01T12:00:00Z,0.0,20.125,292.125,26.76,0.23
2013-01-01T12:00:00Z,0.0,20.125,296.125,26.77,0.43
2013-01-01T12:00:00Z,0.0,20.125,300.125,26.43,0.34
2013-01-01T12:00:00Z,0.0,20.125,304.125,26.45,0.59
2013-01-01T12:00:00Z,0.0,20.125,308.125,25.88,0.26
2013-01-01T12:00:00Z,0.0,20.125,312.125,25.64,0.28
2013-01-01T12:00:00Z,0.0,20.125,316.125,25.74,0.65
2013-01-01T12:00:00Z,0.0,20.125,320.125,25.06,0.27
2013-01-01T12:00:00Z,0.0,20.125,324.125,24.43,0.05
2013-01-01T12:00:00Z,0.0,20.125,328.125,23.96,0.06
2013-01-01T12:00:00Z,0.0,20.125,332.125,23.03,-0.2
2013-01-01T12:00:00Z,0.0,20.125,336.125,22.68,0.27
2013-01-01T12:00:00Z,0.0,20.125,340.125,21.09,0.03
2013-01-01T12:00:00Z,0.0,20.125,344.125,NaN,NaN
2013-01-01T12:00:00Z,0.0,20.125,348.125,NaN,NaN
2013-01-01T12:00:00Z,0.0,20.125,352.125,NaN,NaN
2013-01-01T12:00:00Z,0.0,20.125,356.125,NaN,NaN
2013-01-01T12:00:00Z,0.0,24.125,0.125,NaN,NaN
2013-01-01T12:00:00Z,0.0,24.125,4.125,NaN,NaN
2013-01-01T12:00:00Z,0.0,24.125,8.125,NaN,NaN
2013-01-01T12:00:00Z,0.0,24.125,12.125,NaN,NaN
2013-01-01T12:00:00Z,0.0,24.125,16.125,NaN,NaN
2013-01-01T12:00:00Z,0.0,24.125,20.125,NaN,NaN
2013-01-01T12:00:00Z,0.0,24.125,24.125,NaN,NaN
2013-01-01T12:00:00Z,0.0,24.125,28.125,NaN,NaN
2013-01-01T12:00:00Z,0.0,24.125,32.125,NaN,NaN
2013-01-01T12:00:00Z,0.0,24.125,36.125,25.45,0.8
2013-01-01T12:00:00Z,0.0,24.125,40.125,NaN,NaN
2013-01-01T12:00:00Z,0.0,24.125,44.125,NaN,NaN
2013-01-01T12:00:00Z,0.0,24.125,48.125,NaN,NaN
2013-01-01T12:00:00Z,0.0,24.125,52.125,22.7,-0.67
2013-01-01T12:00:00Z,0.0,24.125,56.125,NaN,NaN
2013-01-01T12:00:00Z,0.0,24.125,60.125,24.73,0.29
2013-01-01T12:00:00Z,0.0,24.125,64.125,25.32,0.72
2013-01-01T12:00:00Z,0.0,24.125,68.125,NaN,NaN
2013-01-01T12:00:00Z,0.0,24.125,72.125,NaN,NaN
2013-01-01T12:00:00Z,0.0,24.125,76.125,NaN,NaN
2013-01-01T12:00:00Z,0.0,24.125,80.125,NaN,NaN
2013-01-01T12:00:00Z,0.0,24.125,84.125,NaN,NaN
2013-01-01T12:00:00Z,0.0,24.125,88.125,NaN,NaN
2013-01-01T12:00:00Z,0.0,24.125,92.125,NaN,NaN
2013-01-01T12:00:00Z,0.0,24.125,96.125,NaN,NaN
2013-01-01T12:00:00Z,0.0,24.125,100.125,NaN,NaN
2013-01-01T12:00:00Z,0.0,24.125,104.125,NaN,NaN
2013-01-01T12:00:00Z,0.0,24.125,108.125,NaN,NaN
2013-01-01T12:00:00Z,0.0,24.125,112.125,NaN,NaN
2013-01-01T12:00:00Z,0.0,24.125,116.125,NaN,NaN
2013-01-01T12:00:00Z,0.0,24.125,120.125,20.03,-0.49
2013-01-01T12:00:00Z,0.0,24.125,124.125,22.16,-1.8
2013-01-01T12:00:00Z,0.0,24.125,128.125,25.41,1.76
2013-01-01T12:00:00Z,0.0,24.125,132.125,23.43,-0.39
2013-01-01T12:00:00Z,0.0,24.125,136.125,23.4,-0.67
2013-01-01T12:00:00Z,0.0,24.125,140.125,24.79,0.43
2013-01-01T12:00:00Z,0.0,24.125,144.125,25.44,0.59
2013-01-01T12:00:00Z,0.0,24.125,148.125,25.57,0.43
2013-01-01T12:00:00Z,0.0,24.125,152.125,25.43,0.16
2013-01-01T12:00:00Z,0.0,24.125,156.125,26.45,1.27
2013-01-01T12:00:00Z,0.0,24.125,160.125,26.16,1.17
2013-01-01T12:00:00Z,0.0,24.125,164.125,25.18,0.22
2013-01-01T12:00:00Z,0.0,24.125,168.125,25.29,0.43
2013-01-01T12:00:00Z,0.0,24.125,172.125,24.95,0.31
2013-01-01T12:00:00Z,0.0,24.125,176.125,25.1,0.59
2013-01-01T12:00:00Z,0.0,24.125,180.125,24.82,0.53
2013-01-01T12:00:00Z,0.0,24.125,184.125,25.38,1.21
2013-01-01T12:00:00Z,0.0,24.125,188.125,24.87,0.84
2013-01-01T12:00:00Z,0.0,24.125,192.125,24.37,0.5
2013-01-01T12:00:00Z,0.0,24.125,196.125,24.1,0.35
2013-01-01T12:00:00Z,0.0,24.125,200.125,23.56,-0.13
2013-01-01T12:00:00Z,0.0,24.125,204.125,22.94,-0.56
2013-01-01T12:00:00Z,0.0,24.125,208.125,22.77,-0.49
2013-01-01T12:00:00Z,0.0,24.125,212.125,22.75,-0.16
2013-01-01T12:00:00Z,0.0,24.125,216.125,22.01,-0.37
2013-01-01T12:00:00Z,0.0,24.125,220.125,21.4,-0.51
2013-01-01T12:00:00Z,0.0,24.125,224.125,21.03,-0.3
2013-01-01T12:00:00Z,0.0,24.125,228.125,20.6,-0.19
2013-01-01T12:00:00Z,0.0,24.125,232.125,20.54,0.21
2013-01-01T12:00:00Z,0.0,24.125,236.125,19.86,-0.18
2013-01-01T12:00:00Z,0.0,24.125,240.125,19.5,-0.3
2013-01-01T12:00:00Z,0.0,24.125,244.125,19.59,-0.75
2013-01-01T12:00:00Z,0.0,24.125,248.125,22.17,0.18
2013-01-01T12:00:00Z,0.0,24.125,252.125,23.22,0.42
2013-01-01T12:00:00Z,0.0,24.125,256.125,NaN,NaN
2013-01-01T12:00:00Z,0.0,24.125,260.125,NaN,NaN
2013-01-01T12:00:00Z,0.0,24.125,264.125,23.68,-0.01
2013-01-01T12:00:00Z,0.0,24.125,268.125,24.29,0.11
2013-01-01T12:00:00Z,0.0,24.125,272.125,24.77,-0.54
2013-01-01T12:00:00Z,0.0,24.125,276.125,24.75,-0.8
2013-01-01T12:00:00Z,0.0,24.125,280.125,25.32,0.22
2013-01-01T12:00:00Z,0.0,24.125,284.125,25.07,-0.16
2013-01-01T12:00:00Z,0.0,24.125,288.125,25.05,-0.47
2013-01-01T12:00:00Z,0.0,24.125,292.125,24.91,-0.55
2013-01-01T12:00:00Z,0.0,24.125,296.125,25.42,0.12
2013-01-01T12:00:00Z,0.0,24.125,300.125,25.36,0.2
2013-01-01T12:00:00Z,0.0,24.125,304.125,24.31,-0.59
2013-01-01T12:00:00Z,0.0,24.125,308.125,24.79,0.17
2013-01-01T12:00:00Z,0.0,24.125,312.125,24.56,0.23
2013-01-01T12:00:00Z,0.0,24.125,316.125,24.13,0.11
2013-01-01T12:00:00Z,0.0,24.125,320.125,24.36,0.55
2013-01-01T12:00:00Z,0.0,24.125,324.125,23.83,0.33
2013-01-01T12:00:00Z,0.0,24.125,328.125,23.09,-0.04
2013-01-01T12:00:00Z,0.0,24.125,332.125,23.0,0.29
2013-01-01T12:00:00Z,0.0,24.125,336.125,22.64,0.55
2013-01-01T12:00:00Z,0.0,24.125,340.125,21.24,0.16
2013-01-01T12:00:00Z,0.0,24.125,344.125,17.9,-1.44
2013-01-01T12:00:00Z,0.0,24.125,348.125,NaN,NaN
2013-01-01T12:00:00Z,0.0,24.125,352.125,NaN,NaN
2013-01-01T12:00:00Z,0.0,24.125,356.125,NaN,NaN
2013-01-01T12:00:00Z,0.0,28.125,0.125,NaN,NaN
2013-01-01T12:00:00Z,0.0,28.125,4.125,NaN,NaN
2013-01-01T12:00:00Z,0.0,28.125,8.125,NaN,NaN
2013-01-01T12:00:00Z,0.0,28.125,12.125,NaN,NaN
2013-01-01T12:00:00Z,0.0,28.125,16.125,NaN,NaN
2013-01-01T12:00:00Z,0.0,28.125,20.125,NaN,NaN
2013-01-01T12:00:00Z,0.0,28.125,24.125,NaN,NaN
2013-01-01T12:00:00Z,0.0,28.125,28.125,NaN,NaN
2013-01-01T12:00:00Z,0.0,28.125,32.125,NaN,NaN
2013-01-01T12:00:00Z,0.0,28.125,36.125,NaN,NaN
2013-01-01T12:00:00Z,0.0,28.125,40.125,NaN,NaN
2013-01-01T12:00:00Z,0.0,28.125,44.125,NaN,NaN
2013-01-01T12:00:00Z,0.0,28.125,48.125,NaN,NaN
2013-01-01T12:00:00Z,0.0,28.125,52.125,NaN,NaN
2013-01-01T12:00:00Z,0.0,28.125,56.125,NaN,NaN
2013-01-01T12:00:00Z,0.0,28.125,60.125,NaN,NaN
2013-01-01T12:00:00Z,0.0,28.125,64.125,NaN,NaN
2013-01-01T12:00:00Z,0.0,28.125,68.125,NaN,NaN
2013-01-01T12:00:00Z,0.0,28.125,72.125,NaN,NaN
2013-01-01T12:00:00Z,0.0,28.125,76.125,NaN,NaN
2013-01-01T12:00:00Z,0.0,28.125,80.125,NaN,NaN
2013-01-01T12:00:00Z,0.0,28.125,84.125,NaN,NaN
2013-01-01T12:00:00Z,0.0,28.125,88.125,NaN,NaN
2013-01-01T12:00:00Z,0.0,28.125,92.125,NaN,NaN
2013-01-01T12:00:00Z,0.0,28.125,96.125,NaN,NaN
2013-01-01T12:00:00Z,0.0,28.125,100.125,NaN,NaN
2013-01-01T12:00:00Z,0.0,28.125,104.125,NaN,NaN
2013-01-01T12:00:00Z,0.0,28.125,108.125,NaN,NaN
2013-01-01T12:00:00Z,0.0,28.125,112.125,NaN,NaN
2013-01-01T12:00:00Z,0.0,28.125,116.125,NaN,NaN
2013-01-01T12:00:00Z,0.0,28.125,120.125,NaN,NaN
2013-01-01T12:00:00Z,0.0,28.125,124.125,18.17,-1.1
2013-01-01T12:00:00Z,0.0,28.125,128.125,21.66,-0.57
2013-01-01T12:00:00Z,0.0,28.125,132.125,21.68,-0.25
2013-01-01T12:00:00Z,0.0,28.125,136.125,21.35,-0.17
2013-01-01T12:00:00Z,0.0,28.125,140.125,21.01,-0.72
2013-01-01T12:00:00Z,0.0,28.125,144.125,21.0,-1.15
2013-01-01T12:00:00Z,0.0,28.125,148.125,22.3,0.09
2013-01-01T12:00:00Z,0.0,28.125,152.125,22.91,0.47
2013-01-01T12:00:00Z,0.0,28.125,156.125,23.14,0.53
2013-01-01T12:00:00Z,0.0,28.125,160.125,22.69,0.34
2013-01-01T12:00:00Z,0.0,28.125,164.125,22.01,-0.17
2013-01-01T12:00:00Z,0.0,28.125,168.125,21.36,-0.83
2013-01-01T12:00:00Z,0.0,28.125,172.125,22.27,0.33
2013-01-01T12:00:00Z,0.0,28.125,176.125,22.22,0.53
2013-01-01T12:00:00Z,0.0,28.125,180.125,23.04,1.54
2013-01-01T12:00:00Z,0.0,28.125,184.125,22.13,0.65
2013-01-01T12:00:00Z,0.0,28.125,188.125,22.79,1.37
2013-01-01T12:00:00Z,0.0,28.125,192.125,22.39,1.0
2013-01-01T12:00:00Z,0.0,28.125,196.125,22.14,0.63
2013-01-01T12:00:00Z,0.0,28.125,200.125,22.22,0.55
2013-01-01T12:00:00Z,0.0,28.125,204.125,22.13,0.42
2013-01-01T12:00:00Z,0.0,28.125,208.125,21.7,0.06
2013-01-01T12:00:00Z,0.0,28.125,212.125,21.17,-0.23
2013-01-01T12:00:00Z,0.0,28.125,216.125,20.24,-0.82
2013-01-01T12:00:00Z,0.0,28.125,220.125,20.64,0.13
2013-01-01T12:00:00Z,0.0,28.125,224.125,19.72,-0.22
2013-01-01T12:00:00Z,0.0,28.125,228.125,19.19,-0.14
2013-01-01T12:00:00Z,0.0,28.125,232.125,18.7,0.0
2013-01-01T12:00:00Z,0.0,28.125,236.125,17.91,-0.25
2013-01-01T12:00:00Z,0.0,28.125,240.125,17.42,-0.3
2013-01-01T12:00:00Z,0.0,28.125,244.125,16.78,-0.83
2013-01-01T12:00:00Z,0.0,28.125,248.125,18.39,-0.17
2013-01-01T12:00:00Z,0.0,28.125,252.125,NaN,NaN
2013-01-01T12:00:00Z,0.0,28.125,256.125,NaN,NaN
2013-01-01T12:00:00Z,0.0,28.125,260.125,NaN,NaN
2013-01-01T12:00:00Z,0.0,28.125,264.125,20.19,-0.5
2013-01-01T12:00:00Z,0.0,28.125,268.125,22.91,1.93
2013-01-01T12:00:00Z,0.0,28.125,272.125,22.12,-0.37
2013-01-01T12:00:00Z,0.0,28.125,276.125,19.77,-1.64
2013-01-01T12:00:00Z,0.0,28.125,280.125,24.44,0.12
2013-01-01T12:00:00Z,0.0,28.125,284.125,23.53,-0.24
2013-01-01T12:00:00Z,0.0,28.125,288.125,22.49,-0.87
2013-01-01T12:00:00Z,0.0,28.125,292.125,21.82,-1.48
2013-01-01T12:00:00Z,0.0,28.125,296.125,23.35,0.11
2013-01-01T12:00:00Z,0.0,28.125,300.125,22.68,-0.58
2013-01-01T12:00:00Z,0.0,28.125,304.125,24.11,0.9
2013-01-01T12:00:00Z,0.0,28.125,308.125,23.3,0.32
2013-01-01T12:00:00Z,0.0,28.125,312.125,23.08,0.28
2013-01-01T12:00:00Z,0.0,28.125,316.125,22.7,0.18
2013-01-01T12:00:00Z,0.0,28.125,320.125,22.76,0.46
2013-01-01T12:00:00Z,0.0,28.125,324.125,22.37,0.34
2013-01-01T12:00:00Z,0.0,28.125,328.125,21.85,0.09
2013-01-01T12:00:00Z,0.0,28.125,332.125,21.22,-0.1
2013-01-01T12:00:00Z,0.0,28.125,336.125,20.96,0.03
2013-01-01T12:00:00Z,0.0,28.125,340.125,21.2,0.72
2013-01-01T12:00:00Z,0.0,28.125,344.125,20.5,0.73
2013-01-01T12:00:00Z,0.0,28.125,348.125,NaN,NaN
2013-01-01T12:00:00Z,0.0,28.125,352.125,NaN,NaN
2013-01-01T12:00:00Z,0.0,28.125,356.125,NaN,NaN
2013-01-01T12:00:00Z,0.0,32.125,0.125,NaN,NaN
2013-01-01T12:00:00Z,0.0,32.125,4.125,NaN,NaN
2013-01-01T12:00:00Z,0.0,32.125,8.125,NaN,NaN
2013-01-01T12:00:00Z,0.0,32.125,12.125,NaN,NaN
2013-01-01T12:00:00Z,0.0,32.125,16.125,18.74,0.5
2013-01-01T12:00:00Z,0.0,32.125,20.125,NaN,NaN
2013-01-01T12:00:00Z,0.0,32.125,24.125,18.99,0.6
2013-01-01T12:00:00Z,0.0,32.125,28.125,19.31,0.81
2013-01-01T12:00:00Z,0.0,32.125,32.125,19.95,1.15
2013-01-01T12:00:00Z,0.0,32.125,36.125,NaN,NaN
2013-01-01T12:00:00Z,0.0,32.125,40.125,NaN,NaN
2013-01-01T12:00:00Z,0.0,32.125,44.125,NaN,NaN
2013-01-01T12:00:00Z,0.0,32.125,48.125,NaN,NaN
2013-01-01T12:00:00Z,0.0,32.125,52.125,NaN,NaN
2013-01-01T12:00:00Z,0.0,32.125,56.125,NaN,NaN
2013-01-01T12:00:00Z,0.0,32.125,60.125,NaN,NaN
2013-01-01T12:00:00Z,0.0,32.125,64.125,NaN,NaN
2013-01-01T12:00:00Z,0.0,32.125,68.125,NaN,NaN
2013-01-01T12:00:00Z,0.0,32.125,72.125,NaN,NaN
2013-01-01T12:00:00Z,0.0,32.125,76.125,NaN,NaN
2013-01-01T12:00:00Z,0.0,32.125,80.125,NaN,NaN
2013-01-01T12:00:00Z,0.0,32.125,84.125,NaN,NaN
2013-01-01T12:00:00Z,0.0,32.125,88.125,NaN,NaN
2013-01-01T12:00:00Z,0.0,32.125,92.125,NaN,NaN
2013-01-01T12:00:00Z,0.0,32.125,96.125,NaN,NaN
2013-01-01T12:00:00Z,0.0,32.125,100.125,NaN,NaN
2013-01-01T12:00:00Z,0.0,32.125,104.125,NaN,NaN
2013-01-01T12:00:00Z,0.0,32.125,108.125,NaN,NaN
2013-01-01T12:00:00Z,0.0,32.125,112.125,NaN,NaN
2013-01-01T12:00:00Z,0.0,32.125,116.125,NaN,NaN
2013-01-01T12:00:00Z,0.0,32.125,120.125,NaN,NaN
2013-01-01T12:00:00Z,0.0,32.125,124.125,11.74,-2.14
2013-01-01T12:00:00Z,0.0,32.125,128.125,17.77,-0.89
2013-01-01T12:00:00Z,0.0,32.125,132.125,20.01,-0.25
2013-01-01T12:00:00Z,0.0,32.125,136.125,20.08,-0.25
2013-01-01T12:00:00Z,0.0,32.125,140.125,20.9,0.61
2013-01-01T12:00:00Z,0.0,32.125,144.125,20.37,0.16
2013-01-01T12:00:00Z,0.0,32.125,148.125,19.65,-0.51
2013-01-01T12:00:00Z,0.0,32.125,152.125,20.07,0.04
2013-01-01T12:00:00Z,0.0,32.125,156.125,18.62,-1.21
2013-01-01T12:00:00Z,0.0,32.125,160.125,19.5,-0.34
2013-01-01T12:00:00Z,0.0,32.125,164.125,19.31,-0.47
2013-01-01T12:00:00Z,0.0,32.125,168.125,19.16,-0.39
2013-01-01T12:00:00Z,0.0,32.125,172.125,19.19,-0.07
2013-01-01T12:00:00Z,0.0,32.125,176.125,19.3,0.33
2013-01-01T12:00:00Z,0.0,32.125,180.125,18.77,0.26
2013-01-01T12:00:00Z,0.0,32.125,184.125,17.65,-0.82
2013-01-01T12:00:00Z,0.0,32.125,188.125,19.2,0.86
2013-01-01T12:00:00Z,0.0,32.125,192.125,18.17,0.03
2013-01-01T12:00:00Z,0.0,32.125,196.125,20.14,1.98
2013-01-01T12:00:00Z,0.0,32.125,200.125,19.47,1.06
2013-01-01T12:00:00Z,0.0,32.125,204.125,19.84,1.15
2013-01-01T12:00:00Z,0.0,32.125,208.125,19.17,0.26
2013-01-01T12:00:00Z,0.0,32.125,212.125,19.53,0.52
2013-01-01T12:00:00Z,0.0,32.125,216.125,18.47,-0.46
2013-01-01T12:00:00Z,0.0,32.125,220.125,19.05,0.45
2013-01-01T12:00:00Z,0.0,32.125,224.125,17.94,-0.25
2013-01-01T12:00:00Z,0.0,32.125,228.125,17.26,-0.37
2013-01-01T12:00:00Z,0.0,32.125,232.125,16.79,-0.06
2013-01-01T12:00:00Z,0.0,32.125,236.125,15.1,-0.72
2013-01-01T12:00:00Z,0.0,32.125,240.125,15.04,-0.36
2013-01-01T12:00:00Z,0.0,32.125,244.125,NaN,NaN
2013-01-01T12:00:00Z,0.0,32.125,248.125,NaN,NaN
2013-01-01T12:00:00Z,0.0,32.125,252.125,NaN,NaN
2013-01-01T12:00:00Z,0.0,32.125,256.125,NaN,NaN
2013-01-01T12:00:00Z,0.0,32.125,260.125,NaN,NaN
2013-01-01T12:00:00Z,0.0,32.125,264.125,NaN,NaN
2013-01-01T12:00:00Z,0.0,32.125,268.125,NaN,NaN
2013-01-01T12:00:00Z,0.0,32.125,272.125,NaN,NaN
2013-01-01T12:00:00Z,0.0,32.125,276.125,NaN,NaN
2013-01-01T12:00:00Z,0.0,32.125,280.125,19.28,-2.62
2013-01-01T12:00:00Z,0.0,32.125,284.125,21.22,-1.77
2013-01-01T12:00:00Z,0.0,32.125,288.125,20.89,-0.28
2013-01-01T12:00:00Z,0.0,32.125,292.125,21.3,0.4
2013-01-01T12:00:00Z,0.0,32.125,296.125,21.12,-0.02
2013-01-01T12:00:00Z,0.0,32.125,300.125,20.99,-0.18
2013-01-01T12:00:00Z,0.0,32.125,304.125,21.25,0.21
2013-01-01T12:00:00Z,0.0,32.125,308.125,21.79,0.79
2013-01-01T12:00:00Z,0.0,32.125,312.125,20.95,0.09
2013-01-01T12:00:00Z,0.0,32.125,316.125,20.95,0.22
2013-01-01T12:00:00Z,0.0,32.125,320.125,20.48,0.0
2013-01-01T12:00:00Z,0.0,32.125,324.125,20.03,-0.3
2013-01-01T12:00:00Z,0.0,32.125,328.125,20.1,-0.11
2013-01-01T12:00:00Z,0.0,32.125,332.125,20.65,0.71
2013-01-01T12:00:00Z,0.0,32.125,336.125,20.42,0.8
2013-01-01T12:00:00Z,0.0,32.125,340.125,19.77,0.47
2013-01-01T12:00:00Z,0.0,32.125,344.125,19.24,0.38
2013-01-01T12:00:00Z,0.0,32.125,348.125,18.25,0.03
2013-01-01T12:00:00Z,0.0,32.125,352.125,NaN,NaN
2013-01-01T12:00:00Z,0.0,32.125,356.125,NaN,NaN
2013-01-01T12:00:00Z,0.0,36.125,0.125,15.6,-0.34
2013-01-01T12:00:00Z,0.0,36.125,4.125,NaN,NaN
2013-01-01T12:00:00Z,0.0,36.125,8.125,NaN,NaN
2013-01-01T12:00:00Z,0.0,36.125,12.125,16.09,-0.31
2013-01-01T12:00:00Z,0.0,36.125,16.125,15.97,-0.78
2013-01-01T12:00:00Z,0.0,36.125,20.125,16.78,0.2
2013-01-01T12:00:00Z,0.0,36.125,24.125,17.33,0.87
2013-01-01T12:00:00Z,0.0,36.125,28.125,18.98,1.71
2013-01-01T12:00:00Z,0.0,36.125,32.125,19.38,1.81
2013-01-01T12:00:00Z,0.0,36.125,36.125,NaN,NaN
2013-01-01T12:00:00Z,0.0,36.125,40.125,NaN,NaN
2013-01-01T12:00:00Z,0.0,36.125,44.125,NaN,NaN
2013-01-01T12:00:00Z,0.0,36.125,48.125,NaN,NaN
2013-01-01T12:00:00Z,0.0,36.125,52.125,NaN,NaN
2013-01-01T12:00:00Z,0.0,36.125,56.125,NaN,NaN
2013-01-01T12:00:00Z,0.0,36.125,60.125,NaN,NaN
2013-01-01T12:00:00Z,0.0,36.125,64.125,NaN,NaN
2013-01-01T12:00:00Z,0.0,36.125,68.125,NaN,NaN
2013-01-01T12:00:00Z,0.0,36.125,72.125,NaN,NaN
2013-01-01T12:00:00Z,0.0,36.125,76.125,NaN,NaN
2013-01-01T12:00:00Z,0.0,36.125,80.125,NaN,NaN
2013-01-01T12:00:00Z,0.0,36.125,84.125,NaN,NaN
2013-01-01T12:00:00Z,0.0,36.125,88.125,NaN,NaN
2013-01-01T12:00:00Z,0.0,36.125,92.125,NaN,NaN
2013-01-01T12:00:00Z,0.0,36.125,96.125,NaN,NaN
2013-01-01T12:00:00Z,0.0,36.125,100.125,NaN,NaN
2013-01-01T12:00:00Z,0.0,36.125,104.125,NaN,NaN
2013-01-01T12:00:00Z,0.0,36.125,108.125,NaN,NaN
2013-01-01T12:00:00Z,0.0,36.125,112.125,NaN,NaN
2013-01-01T12:00:00Z,0.0,36.125,116.125,NaN,NaN
2013-01-01T12:00:00Z,0.0,36.125,120.125,NaN,NaN
2013-01-01T12:00:00Z,0.0,36.125,124.125,8.51,-1.07
2013-01-01T12:00:00Z,0.0,36.125,128.125,NaN,NaN
2013-01-01T12:00:00Z,0.0,36.125,132.125,12.36,-2.74
2013-01-01T12:00:00Z,0.0,36.125,136.125,14.12,-0.53
2013-01-01T12:00:00Z,0.0,36.125,140.125,NaN,NaN
2013-01-01T12:00:00Z,0.0,36.125,144.125,17.95,0.42
2013-01-01T12:00:00Z,0.0,36.125,148.125,16.89,-0.39
2013-01-01T12:00:00Z,0.0,36.125,152.125,15.05,-2.22
2013-01-01T12:00:00Z,0.0,36.125,156.125,17.01,0.16
2013-01-01T12:00:00Z,0.0,36.125,160.125,16.14,-0.69
2013-01-01T12:00:00Z,0.0,36.125,164.125,17.28,0.57
2013-01-01T12:00:00Z,0.0,36.125,168.125,15.45,-0.99
2013-01-01T12:00:00Z,0.0,36.125,172.125,16.64,0.19
2013-01-01T12:00:00Z,0.0,36.125,176.125,16.86,0.7
2013-01-01T12:00:00Z,0.0,36.125,180.125,16.93,1.17
2013-01-01T12:00:00Z,0.0,36.125,184.125,16.85,1.32
2013-01-01T12:00:00Z,0.0,36.125,188.125,16.08,0.8
2013-01-01T12:00:00Z,0.0,36.125,192.125,15.85,0.75
2013-01-01T12:00:00Z,0.0,36.125,196.125,15.8,0.73
2013-01-01T12:00:00Z,0.0,36.125,200.125,15.69,0.52
2013-01-01T12:00:00Z,0.0,36.125,204.125,16.84,1.53
2013-01-01T12:00:00Z,0.0,36.125,208.125,16.6,0.9
2013-01-01T12:00:00Z,0.0,36.125,212.125,15.78,-0.19
2013-01-01T12:00:00Z,0.0,36.125,216.125,15.97,-0.21
2013-01-01T12:00:00Z,0.0,36.125,220.125,15.93,-0.3
2013-01-01T12:00:00Z,0.0,36.125,224.125,16.25,0.15
2013-01-01T12:00:00Z,0.0,36.125,228.125,14.92,-0.85
2013-01-01T12:00:00Z,0.0,36.125,232.125,14.14,-0.61
2013-01-01T12:00:00Z,0.0,36.125,236.125,13.08,-0.26
2013-01-01T12:00:00Z,0.0,36.125,240.125,NaN,NaN
2013-01-01T12:00:00Z,0.0,36.125,244.125,NaN,NaN
2013-01-01T12:00:00Z,0.0,36.125,248.125,NaN,NaN
2013-01-01T12:00:00Z,0.0,36.125,252.125,NaN,NaN
2013-01-01T12:00:00Z,0.0,36.125,256.125,NaN,NaN
2013-01-01T12:00:00Z,0.0,36.125,260.125,NaN,NaN
2013-01-01T12:00:00Z,0.0,36.125,264.125,NaN,NaN
2013-01-01T12:00:00Z,0.0,36.125,268.125,NaN,NaN
2013-01-01T12:00:00Z,0.0,36.125,272.125,NaN,NaN
2013-01-01T12:00:00Z,0.0,36.125,276.125,NaN,NaN
2013-01-01T12:00:00Z,0.0,36.125,280.125,NaN,NaN
2013-01-01T12:00:00Z,0.0,36.125,284.125,9.18,-5.76
2013-01-01T12:00:00Z,0.0,36.125,288.125,22.13,1.36
2013-01-01T12:00:00Z,0.0,36.125,292.125,20.74,0.02
2013-01-01T12:00:00Z,0.0,36.125,296.125,20.16,-0.51
2013-01-01T12:00:00Z,0.0,36.125,300.125,20.35,0.23
2013-01-01T12:00:00Z,0.0,36.125,304.125,19.63,-0.21
2013-01-01T12:00:00Z,0.0,36.125,308.125,19.4,-0.2
2013-01-01T12:00:00Z,0.0,36.125,312.125,19.69,0.39
2013-01-01T12:00:00Z,0.0,36.125,316.125,19.2,0.22
2013-01-01T12:00:00Z,0.0,36.125,320.125,18.52,-0.19
2013-01-01T12:00:00Z,0.0,36.125,324.125,18.61,0.22
2013-01-01T12:00:00Z,0.0,36.125,328.125,18.48,0.24
2013-01-01T12:00:00Z,0.0,36.125,332.125,18.35,0.26
2013-01-01T12:00:00Z,0.0,36.125,336.125,18.26,0.37
2013-01-01T12:00:00Z,0.0,36.125,340.125,18.15,0.47
2013-01-01T12:00:00Z,0.0,36.125,344.125,18.17,0.79
2013-01-01T12:00:00Z,0.0,36.125,348.125,17.29,0.11
2013-01-01T12:00:00Z,0.0,36.125,352.125,17.11,0.11
2013-01-01T12:00:00Z,0.0,36.125,356.125,16.19,0.34
2013-01-01T12:00:00Z,0.0,40.125,0.125,14.91,0.3
2013-01-01T12:00:00Z,0.0,40.125,4.125,15.42,0.43
2013-01-01T12:00:00Z,0.0,40.125,8.125,14.35,-0.66
2013-01-01T12:00:00Z,0.0,40.125,12.125,14.22,-0.92
2013-01-01T12:00:00Z,0.0,40.125,16.125,NaN,NaN
2013-01-01T12:00:00Z,0.0,40.125,20.125,NaN,NaN
2013-01-01T12:00:00Z,0.0,40.125,24.125,15.11,0.89
2013-01-01T12:00:00Z,0.0,40.125,28.125,NaN,NaN
2013-01-01T12:00:00Z,0.0,40.125,32.125,NaN,NaN
2013-01-01T12:00:00Z,0.0,40.125,36.125,NaN,NaN
2013-01-01T12:00:00Z,0.0,40.125,40.125,NaN,NaN
2013-01-01T12:00:00Z,0.0,40.125,44.125,NaN,NaN
2013-01-01T12:00:00Z,0.0,40.125,48.125,NaN,NaN
2013-01-01T12:00:00Z,0.0,40.125,52.125,12.35,0.85
2013-01-01T12:00:00Z,0.0,40.125,56.125,NaN,NaN
2013-01-01T12:00:00Z,0.0,40.125,60.125,NaN,NaN
2013-01-01T12:00:00Z,0.0,40.125,64.125,NaN,NaN
2013-01-01T12:00:00Z,0.0,40.125,68.125,NaN,NaN
2013-01-01T12:00:00Z,0.0,40.125,72.125,NaN,NaN
2013-01-01T12:00:00Z,0.0,40.125,76.125,NaN,NaN
2013-01-01T12:00:00Z,0.0,40.125,80.125,NaN,NaN
2013-01-01T12:00:00Z,0.0,40.125,84.125,NaN,NaN
2013-01-01T12:00:00Z,0.0,40.125,88.125,NaN,NaN
2013-01-01T12:00:00Z,0.0,40.125,92.125,NaN,NaN
2013-01-01T12:00:00Z,0.0,40.125,96.125,NaN,NaN
2013-01-01T12:00:00Z,0.0,40.125,100.125,NaN,NaN
2013-01-01T12:00:00Z,0.0,40.125,104.125,NaN,NaN
2013-01-01T12:00:00Z,0.0,40.125,108.125,NaN,NaN
2013-01-01T12:00:00Z,0.0,40.125,112.125,NaN,NaN
2013-01-01T12:00:00Z,0.0,40.125,116.125,NaN,NaN
2013-01-01T12:00:00Z,0.0,40.125,120.125,3.72,-0.74
2013-01-01T12:00:00Z,0.0,40.125,124.125,NaN,NaN
2013-01-01T12:00:00Z,0.0,40.125,128.125,NaN,NaN
2013-01-01T12:00:00Z,0.0,40.125,132.125,4.11,-3.5
2013-01-01T12:00:00Z,0.0,40.125,136.125,7.43,-0.7
2013-01-01T12:00:00Z,0.0,40.125,140.125,NaN,NaN
2013-01-01T12:00:00Z,0.0,40.125,144.125,9.93,0.47
2013-01-01T12:00:00Z,0.0,40.125,148.125,10.23,0.67
2013-01-01T12:00:00Z,0.0,40.125,152.125,10.88,-0.18
2013-01-01T12:00:00Z,0.0,40.125,156.125,11.29,-0.3
2013-01-01T12:00:00Z,0.0,40.125,160.125,13.33,1.66
2013-01-01T12:00:00Z,0.0,40.125,164.125,14.19,2.59
2013-01-01T12:00:00Z,0.0,40.125,168.125,15.12,2.65
2013-01-01T12:00:00Z,0.0,40.125,172.125,13.47,1.08
2013-01-01T12:00:00Z,0.0,40.125,176.125,13.3,1.28
2013-01-01T12:00:00Z,0.0,40.125,180.125,13.53,1.5
2013-01-01T12:00:00Z,0.0,40.125,184.125,13.67,1.7
2013-01-01T12:00:00Z,0.0,40.125,188.125,12.62,0.81
2013-01-01T12:00:00Z,0.0,40.125,192.125,13.02,1.32
2013-01-01T12:00:00Z,0.0,40.125,196.125,12.97,1.15
2013-01-01T12:00:00Z,0.0,40.125,200.125,12.17,0.31
2013-01-01T12:00:00Z,0.0,40.125,204.125,11.83,-0.18
2013-01-01T12:00:00Z,0.0,40.125,208.125,12.41,0.06
2013-01-01T12:00:00Z,0.0,40.125,212.125,11.96,-0.71
2013-01-01T12:00:00Z,0.0,40.125,216.125,12.46,-0.7
2013-01-01T12:00:00Z,0.0,40.125,220.125,12.8,-0.71
2013-01-01T12:00:00Z,0.0,40.125,224.125,13.64,-0.07
2013-01-01T12:00:00Z,0.0,40.125,228.125,13.12,-0.62
2013-01-01T12:00:00Z,0.0,40.125,232.125,11.14,-1.5
2013-01-01T12:00:00Z,0.0,40.125,236.125,NaN,NaN
2013-01-01T12:00:00Z,0.0,40.125,240.125,NaN,NaN
2013-01-01T12:00:00Z,0.0,40.125,244.125,NaN,NaN
2013-01-01T12:00:00Z,0.0,40.125,248.125,NaN,NaN
2013-01-01T12:00:00Z,0.0,40.125,252.125,NaN,NaN
2013-01-01T12:00:00Z,0.0,40.125,256.125,NaN,NaN
2013-01-01T12:00:00Z,0.0,40.125,260.125,NaN,NaN
2013-01-01T12:00:00Z,0.0,40.125,264.125,NaN,NaN
2013-01-01T12:00:00Z,0.0,40.125,268.125,NaN,NaN
2013-01-01T12:00:00Z,0.0,40.125,272.125,NaN,NaN
2013-01-01T12:00:00Z,0.0,40.125,276.125,NaN,NaN
2013-01-01T12:00:00Z,0.0,40.125,280.125,NaN,NaN
2013-01-01T12:00:00Z,0.0,40.125,284.125,NaN,NaN
2013-01-01T12:00:00Z,0.0,40.125,288.125,12.69,3.02
2013-01-01T12:00:00Z,0.0,40.125,292.125,12.26,0.84
2013-01-01T12:00:00Z,0.0,40.125,296.125,19.96,4.35
2013-01-01T12:00:00Z,0.0,40.125,300.125,20.14,2.28
2013-01-01T12:00:00Z,0.0,40.125,304.125,17.8,-0.51
2013-01-01T12:00:00Z,0.0,40.125,308.125,17.09,-0.36
2013-01-01T12:00:00Z,0.0,40.125,312.125,17.27,-0.12
2013-01-01T12:00:00Z,0.0,40.125,316.125,18.13,0.25
2013-01-01T12:00:00Z,0.0,40.125,320.125,16.13,-0.97
2013-01-01T12:00:00Z,0.0,40.125,324.125,17.11,0.24
2013-01-01T12:00:00Z,0.0,40.125,328.125,16.75,0.29
2013-01-01T12:00:00Z,0.0,40.125,332.125,15.92,-0.04
2013-01-01T12:00:00Z,0.0,40.125,336.125,16.17,0.3
2013-01-01T12:00:00Z,0.0,40.125,340.125,15.22,-0.52
2013-01-01T12:00:00Z,0.0,40.125,344.125,14.84,-0.64
2013-01-01T12:00:00Z,0.0,40.125,348.125,14.78,-0.6
2013-01-01T12:00:00Z,0.0,40.125,352.125,NaN,NaN
2013-01-01T12:00:00Z,0.0,40.125,356.125,NaN,NaN
2013-01-01T12:00:00Z,0.0,44.125,0.125,NaN,NaN
2013-01-01T12:00:00Z,0.0,44.125,4.125,NaN,NaN
2013-01-01T12:00:00Z,0.0,44.125,8.125,NaN,NaN
2013-01-01T12:00:00Z,0.0,44.125,12.125,NaN,NaN
2013-01-01T12:00:00Z,0.0,44.125,16.125,NaN,NaN
2013-01-01T12:00:00Z,0.0,44.125,20.125,NaN,NaN
2013-01-01T12:00:00Z,0.0,44.125,24.125,NaN,NaN
2013-01-01T12:00:00Z,0.0,44.125,28.125,NaN,NaN
2013-01-01T12:00:00Z,0.0,44.125,32.125,9.35,0.32
2013-01-01T12:00:00Z,0.0,44.125,36.125,9.09,0.05
2013-01-01T12:00:00Z,0.0,44.125,40.125,NaN,NaN
2013-01-01T12:00:00Z,0.0,44.125,44.125,NaN,NaN
2013-01-01T12:00:00Z,0.0,44.125,48.125,3.23,-3.25
2013-01-01T12:00:00Z,0.0,44.125,52.125,NaN,NaN
2013-01-01T12:00:00Z,0.0,44.125,56.125,NaN,NaN
2013-01-01T12:00:00Z,0.0,44.125,60.125,NaN,NaN
2013-01-01T12:00:00Z,0.0,44.125,64.125,NaN,NaN
2013-01-01T12:00:00Z,0.0,44.125,68.125,NaN,NaN
2013-01-01T12:00:00Z,0.0,44.125,72.125,NaN,NaN
2013-01-01T12:00:00Z,0.0,44.125,76.125,NaN,NaN
2013-01-01T12:00:00Z,0.0,44.125,80.125,NaN,NaN
2013-01-01T12:00:00Z,0.0,44.125,84.125,NaN,NaN
2013-01-01T12:00:00Z,0.0,44.125,88.125,NaN,NaN
2013-01-01T12:00:00Z,0.0,44.125,92.125,NaN,NaN
2013-01-01T12:00:00Z,0.0,44.125,96.125,NaN,NaN
2013-01-01T12:00:00Z,0.0,44.125,100.125,NaN,NaN
2013-01-01T12:00:00Z,0.0,44.125,104.125,NaN,NaN
2013-01-01T12:00:00Z,0.0,44.125,108.125,NaN,NaN
2013-01-01T12:00:00Z,0.0,44.125,112.125,NaN,NaN
2013-01-01T12:00:00Z,0.0,44.125,116.125,NaN,NaN
2013-01-01T12:00:00Z,0.0,44.125,120.125,NaN,NaN
2013-01-01T12:00:00Z,0.0,44.125,124.125,NaN,NaN
2013-01-01T12:00:00Z,0.0,44.125,128.125,NaN,NaN
2013-01-01T12:00:00Z,0.0,44.125,132.125,NaN,NaN
2013-01-01T12:00:00Z,0.0,44.125,136.125,2.39,-0.2
2013-01-01T12:00:00Z,0.0,44.125,140.125,7.91,2.04
2013-01-01T12:00:00Z,0.0,44.125,144.125,0.59,-1.97
2013-01-01T12:00:00Z,0.0,44.125,148.125,2.84,-0.73
2013-01-01T12:00:00Z,0.0,44.125,152.125,3.57,0.02
2013-01-01T12:00:00Z,0.0,44.125,156.125,4.4,-0.68
2013-01-01T12:00:00Z,0.0,44.125,160.125,6.55,0.44
2013-01-01T12:00:00Z,0.0,44.125,164.125,6.71,0.39
2013-01-01T12:00:00Z,0.0,44.125,168.125,5.68,-0.33
2013-01-01T12:00:00Z,0.0,44.125,172.125,7.87,0.82
2013-01-01T12:00:00Z,0.0,44.125,176.125,8.91,1.23
2013-01-01T12:00:00Z,0.0,44.125,180.125,10.04,2.11
2013-01-01T12:00:00Z,0.0,44.125,184.125,11.01,2.98
2013-01-01T12:00:00Z,0.0,44.125,188.125,11.17,3.11
2013-01-01T12:00:00Z,0.0,44.125,192.125,10.45,2.23
2013-01-01T12:00:00Z,0.0,44.125,196.125,9.51,1.07
2013-01-01T12:00:00Z,0.0,44.125,200.125,8.73,0.11
2013-01-01T12:00:00Z,0.0,44.125,204.125,8.8,-0.07
2013-01-01T12:00:00Z,0.0,44.125,208.125,8.54,-0.69
2013-01-01T12:00:00Z,0.0,44.125,212.125,8.59,-1.08
2013-01-01T12:00:00Z,0.0,44.125,216.125,9.84,-0.29
2013-01-01T12:00:00Z,0.0,44.125,220.125,9.77,-0.88
2013-01-01T12:00:00Z,0.0,44.125,224.125,10.31,-0.78
2013-01-01T12:00:00Z,0.0,44.125,228.125,10.11,-1.33
2013-01-01T12:00:00Z,0.0,44.125,232.125,9.63,-1.22
2013-01-01T12:00:00Z,0.0,44.125,236.125,NaN,NaN
2013-01-01T12:00:00Z,0.0,44.125,240.125,NaN,NaN
2013-01-01T12:00:00Z,0.0,44.125,244.125,NaN,NaN
2013-01-01T12:00:00Z,0.0,44.125,248.125,NaN,NaN
2013-01-01T12:00:00Z,0.0,44.125,252.125,NaN,NaN
2013-01-01T12:00:00Z,0.0,44.125,256.125,NaN,NaN
2013-01-01T12:00:00Z,0.0,44.125,260.125,NaN,NaN
2013-01-01T12:00:00Z,0.0,44.125,264.125,NaN,NaN
2013-01-01T12:00:00Z,0.0,44.125,268.125,NaN,NaN
2013-01-01T12:00:00Z,0.0,44.125,272.125,NaN,NaN
2013-01-01T12:00:00Z,0.0,44.125,276.125,NaN,NaN
2013-01-01T12:00:00Z,0.0,44.125,280.125,NaN,NaN
2013-01-01T12:00:00Z,0.0,44.125,284.125,NaN,NaN
2013-01-01T12:00:00Z,0.0,44.125,288.125,NaN,NaN
2013-01-01T12:00:00Z,0.0,44.125,292.125,8.91,2.61
2013-01-01T12:00:00Z,0.0,44.125,296.125,7.36,3.34
2013-01-01T12:00:00Z,0.0,44.125,300.125,5.91,1.14
2013-01-01T12:00:00Z,0.0,44.125,304.125,6.25,0.3
2013-01-01T12:00:00Z,0.0,44.125,308.125,5.85,1.06
2013-01-01T12:00:00Z,0.0,44.125,312.125,7.0,-0.06
2013-01-01T12:00:00Z,0.0,44.125,316.125,16.61,2.41
2013-01-01T12:00:00Z,0.0,44.125,320.125,14.78,-0.64
2013-01-01T12:00:00Z,0.0,44.125,324.125,15.6,0.76
2013-01-01T12:00:00Z,0.0,44.125,328.125,14.69,-0.06
2013-01-01T12:00:00Z,0.0,44.125,332.125,14.47,0.02
2013-01-01T12:00:00Z,0.0,44.125,336.125,14.64,0.47
2013-01-01T12:00:00Z,0.0,44.125,340.125,13.85,-0.09
2013-01-01T12:00:00Z,0.0,44.125,344.125,13.63,-0.1
2013-01-01T12:00:00Z,0.0,44.125,348.125,13.28,-0.24
2013-01-01T12:00:00Z,0.0,44.125,352.125,13.65,0.25
2013-01-01T12:00:00Z,0.0,44.125,356.125,13.56,0.33
2013-01-01T12:00:00Z,0.0,48.125,0.125,NaN,NaN
2013-01-01T12:00:00Z,0.0,48.125,4.125,NaN,NaN
2013-01-01T12:00:00Z,0.0,48.125,8.125,NaN,NaN
2013-01-01T12:00:00Z,0.0,48.125,12.125,NaN,NaN
2013-01-01T12:00:00Z,0.0,48.125,16.125,NaN,NaN
2013-01-01T12:00:00Z,0.0,48.125,20.125,NaN,NaN
2013-01-01T12:00:00Z,0.0,48.125,24.125,NaN,NaN
2013-01-01T12:00:00Z,0.0,48.125,28.125,NaN,NaN
2013-01-01T12:00:00Z,0.0,48.125,32.125,NaN,NaN
2013-01-01T12:00:00Z,0.0,48.125,36.125,NaN,NaN
2013-01-01T12:00:00Z,0.0,48.125,40.125,NaN,NaN
2013-01-01T12:00:00Z,0.0,48.125,44.125,NaN,NaN
2013-01-01T12:00:00Z,0.0,48.125,48.125,NaN,NaN
2013-01-01T12:00:00Z,0.0,48.125,52.125,NaN,NaN
2013-01-01T12:00:00Z,0.0,48.125,56.125,NaN,NaN
2013-01-01T12:00:00Z,0.0,48.125,60.125,NaN,NaN
2013-01-01T12:00:00Z,0.0,48.125,64.125,NaN,NaN
2013-01-01T12:00:00Z,0.0,48.125,68.125,NaN,NaN
2013-01-01T12:00:00Z,0.0,48.125,72.125,NaN,NaN
2013-01-01T12:00:00Z,0.0,48.125,76.125,NaN,NaN
2013-01-01T12:00:00Z,0.0,48.125,80.125,NaN,NaN
2013-01-01T12:00:00Z,0.0,48.125,84.125,NaN,NaN
2013-01-01T12:00:00Z,0.0,48.125,88.125,NaN,NaN
2013-01-01T12:00:00Z,0.0,48.125,92.125,NaN,NaN
2013-01-01T12:00:00Z,0.0,48.125,96.125,NaN,NaN
2013-01-01T12:00:00Z,0.0,48.125,100.125,NaN,NaN
2013-01-01T12:00:00Z,0.0,48.125,104.125,NaN,NaN
2013-01-01T12:00:00Z,0.0,48.125,108.125,NaN,NaN
2013-01-01T12:00:00Z,0.0,48.125,112.125,NaN,NaN
2013-01-01T12:00:00Z,0.0,48.125,116.125,NaN,NaN
2013-01-01T12:00:00Z,0.0,48.125,120.125,NaN,NaN
2013-01-01T12:00:00Z,0.0,48.125,124.125,NaN,NaN
2013-01-01T12:00:00Z,0.0,48.125,128.125,NaN,NaN
2013-01-01T12:00:00Z,0.0,48.125,132.125,NaN,NaN
2013-01-01T12:00:00Z,0.0,48.125,136.125,NaN,NaN
2013-01-01T12:00:00Z,0.0,48.125,140.125,0.07,-1.64
2013-01-01T12:00:00Z,0.0,48.125,144.125,-0.67,-1.51
2013-01-01T12:00:00Z,0.0,48.125,148.125,1.95,-0.13
2013-01-01T12:00:00Z,0.0,48.125,152.125,1.83,-0.45
2013-01-01T12:00:00Z,0.0,48.125,156.125,1.94,-0.68
2013-01-01T12:00:00Z,0.0,48.125,160.125,2.81,-0.41
2013-01-01T12:00:00Z,0.0,48.125,164.125,3.02,-0.8
2013-01-01T12:00:00Z,0.0,48.125,168.125,4.29,0.19
2013-01-01T12:00:00Z,0.0,48.125,172.125,5.13,0.56
2013-01-01T12:00:00Z,0.0,48.125,176.125,5.41,0.62
2013-01-01T12:00:00Z,0.0,48.125,180.125,5.18,0.18
2013-01-01T12:00:00Z,0.0,48.125,184.125,5.51,0.26
2013-01-01T12:00:00Z,0.0,48.125,188.125,5.82,0.3
2013-01-01T12:00:00Z,0.0,48.125,192.125,5.97,0.14
2013-01-01T12:00:00Z,0.0,48.125,196.125,5.92,-0.18
2013-01-01T12:00:00Z,0.0,48.125,200.125,5.4,-0.87
2013-01-01T12:00:00Z,0.0,48.125,204.125,5.18,-1.36
2013-01-01T12:00:00Z,0.0,48.125,208.125,5.33,-1.55
2013-01-01T12:00:00Z,0.0,48.125,212.125,5.84,-1.49
2013-01-01T12:00:00Z,0.0,48.125,216.125,6.67,-1.2
2013-01-01T12:00:00Z,0.0,48.125,220.125,7.36,-1.03
2013-01-01T12:00:00Z,0.0,48.125,224.125,7.86,-1.0
2013-01-01T12:00:00Z,0.0,48.125,228.125,8.31,-1.01
2013-01-01T12:00:00Z,0.0,48.125,232.125,8.71,-0.67
2013-01-01T12:00:00Z,0.0,48.125,236.125,NaN,NaN
2013-01-01T12:00:00Z,0.0,48.125,240.125,NaN,NaN
2013-01-01T12:00:00Z,0.0,48.125,244.125,NaN,NaN
2013-01-01T12:00:00Z,0.0,48.125,248.125,NaN,NaN
2013-01-01T12:00:00Z,0.0,48.125,252.125,NaN,NaN
2013-01-01T12:00:00Z,0.0,48.125,256.125,NaN,NaN
2013-01-01T12:00:00Z,0.0,48.125,260.125,NaN,NaN
2013-01-01T12:00:00Z,0.0,48.125,264.125,NaN,NaN
2013-01-01T12:00:00Z,0.0,48.125,268.125,NaN,NaN
2013-01-01T12:00:00Z,0.0,48.125,272.125,3.92,0.87
2013-01-01T12:00:00Z,0.0,48.125,276.125,NaN,NaN
2013-01-01T12:00:00Z,0.0,48.125,280.125,NaN,NaN
2013-01-01T12:00:00Z,0.0,48.125,284.125,NaN,NaN
2013-01-01T12:00:00Z,0.0,48.125,288.125,NaN,NaN
2013-01-01T12:00:00Z,0.0,48.125,292.125,NaN,NaN
2013-01-01T12:00:00Z,0.0,48.125,296.125,1.75,1.21
2013-01-01T12:00:00Z,0.0,48.125,300.125,3.58,2.22
2013-01-01T12:00:00Z,0.0,48.125,304.125,NaN,NaN
2013-01-01T12:00:00Z,0.0,48.125,308.125,1.83,0.8
2013-01-01T12:00:00Z,0.0,48.125,312.125,1.9,-0.08
2013-01-01T12:00:00Z,0.0,48.125,316.125,6.68,-0.28
2013-01-01T12:00:00Z,0.0,48.125,320.125,14.95,2.59
2013-01-01T12:00:00Z,0.0,48.125,324.125,12.79,0.34
2013-01-01T12:00:00Z,0.0,48.125,328.125,12.06,-0.37
2013-01-01T12:00:00Z,0.0,48.125,332.125,13.01,0.42
2013-01-01T12:00:00Z,0.0,48.125,336.125,12.61,-0.01
2013-01-01T12:00:00Z,0.0,48.125,340.125,12.12,-0.54
2013-01-01T12:00:00Z,0.0,48.125,344.125,12.88,0.51
2013-01-01T12:00:00Z,0.0,48.125,348.125,12.39,0.18
2013-01-01T12:00:00Z,0.0,48.125,352.125,12.35,0.52
2013-01-01T12:00:00Z,0.0,48.125,356.125,NaN,NaN
2013-01-01T12:00:00Z,0.0,52.125,0.125,NaN,NaN
2013-01-01T12:00:00Z,0.0,52.125,4.125,7.98,0.15
2013-01-01T12:00:00Z,0.0,52.125,8.125,NaN,NaN
2013-01-01T12:00:00Z,0.0,52.125,12.125,NaN,NaN
2013-01-01T12:00:00Z,0.0,52.125,16.125,NaN,NaN
2013-01-01T12:00:00Z,0.0,52.125,20.125,NaN,NaN
2013-01-01T12:00:00Z,0.0,52.125,24.125,NaN,NaN
2013-01-01T12:00:00Z,0.0,52.125,28.125,NaN,NaN
2013-01-01T12:00:00Z,0.0,52.125,32.125,NaN,NaN
2013-01-01T12:00:00Z,0.0,52.125,36.125,NaN,NaN
2013-01-01T12:00:00Z,0.0,52.125,40.125,NaN,NaN
2013-01-01T12:00:00Z,0.0,52.125,44.125,NaN,NaN
2013-01-01T12:00:00Z,0.0,52.125,48.125,NaN,NaN
2013-01-01T12:00:00Z,0.0,52.125,52.125,NaN,NaN
2013-01-01T12:00:00Z,0.0,52.125,56.125,NaN,NaN
2013-01-01T12:00:00Z,0.0,52.125,60.125,NaN,NaN
2013-01-01T12:00:00Z,0.0,52.125,64.125,NaN,NaN
2013-01-01T12:00:00Z,0.0,52.125,68.125,NaN,NaN
2013-01-01T12:00:00Z,0.0,52.125,72.125,NaN,NaN
2013-01-01T12:00:00Z,0.0,52.125,76.125,NaN,NaN
2013-01-01T12:00:00Z,0.0,52.125,80.125,NaN,NaN
2013-01-01T12:00:00Z,0.0,52.125,84.125,NaN,NaN
2013-01-01T12:00:00Z,0.0,52.125,88.125,NaN,NaN
2013-01-01T12:00:00Z,0.0,52.125,92.125,NaN,NaN
2013-01-01T12:00:00Z,0.0,52.125,96.125,NaN,NaN
2013-01-01T12:00:00Z,0.0,52.125,100.125,NaN,NaN
2013-01-01T12:00:00Z,0.0,52.125,104.125,NaN,NaN
2013-01-01T12:00:00Z,0.0,52.125,108.125,NaN,NaN
2013-01-01T12:00:00Z,0.0,52.125,112.125,NaN,NaN
2013-01-01T12:00:00Z,0.0,52.125,116.125,NaN,NaN
2013-01-01T12:00:00Z,0.0,52.125,120.125,NaN,NaN
2013-01-01T12:00:00Z,0.0,52.125,124.125,NaN,NaN
2013-01-01T12:00:00Z,0.0,52.125,128.125,NaN,NaN
2013-01-01T12:00:00Z,0.0,52.125,132.125,NaN,NaN
2013-01-01T12:00:00Z,0.0,52.125,136.125,NaN,NaN
2013-01-01T12:00:00Z,0.0,52.125,140.125,NaN,NaN
2013-01-01T12:00:00Z,0.0,52.125,144.125,-0.09,-0.1
2013-01-01T12:00:00Z,0.0,52.125,148.125,0.49,-0.39
2013-01-01T12:00:00Z,0.0,52.125,152.125,1.22,-0.15
2013-01-01T12:00:00Z,0.0,52.125,156.125,1.16,-0.65
2013-01-01T12:00:00Z,0.0,52.125,160.125,1.32,-1.0
2013-01-01T12:00:00Z,0.0,52.125,164.125,2.4,-0.76
2013-01-01T12:00:00Z,0.0,52.125,168.125,3.13,-0.57
2013-01-01T12:00:00Z,0.0,52.125,172.125,3.96,-0.13
2013-01-01T12:00:00Z,0.0,52.125,176.125,4.06,-0.15
2013-01-01T12:00:00Z,0.0,52.125,180.125,3.91,-0.39
2013-01-01T12:00:00Z,0.0,52.125,184.125,3.87,-0.64
2013-01-01T12:00:00Z,0.0,52.125,188.125,3.78,-0.91
2013-01-01T12:00:00Z,0.0,52.125,192.125,4.11,-0.78
2013-01-01T12:00:00Z,0.0,52.125,196.125,3.74,-1.22
2013-01-01T12:00:00Z,0.0,52.125,200.125,3.61,-1.4
2013-01-01T12:00:00Z,0.0,52.125,204.125,3.59,-1.55
2013-01-01T12:00:00Z,0.0,52.125,208.125,3.39,-2.0
2013-01-01T12:00:00Z,0.0,52.125,212.125,4.04,-1.8
2013-01-01T12:00:00Z,0.0,52.125,216.125,5.07,-1.42
2013-01-01T12:00:00Z,0.0,52.125,220.125,6.71,-0.42
2013-01-01T12:00:00Z,0.0,52.125,224.125,7.14,-0.59
2013-01-01T12:00:00Z,0.0,52.125,228.125,8.52,0.55
2013-01-01T12:00:00Z,0.0,52.125,232.125,NaN,NaN
2013-01-01T12:00:00Z,0.0,52.125,236.125,NaN,NaN
2013-01-01T12:00:00Z,0.0,52.125,240.125,NaN,NaN
2013-01-01T12:00:00Z,0.0,52.125,244.125,NaN,NaN
2013-01-01T12:00:00Z,0.0,52.125,248.125,NaN,NaN
2013-01-01T12:00:00Z,0.0,52.125,252.125,NaN,NaN
2013-01-01T12:00:00Z,0.0,52.125,256.125,NaN,NaN
2013-01-01T12:00:00Z,0.0,52.125,260.125,NaN,NaN
2013-01-01T12:00:00Z,0.0,52.125,264.125,NaN,NaN
2013-01-01T12:00:00Z,0.0,52.125,268.125,NaN,NaN
2013-01-01T12:00:00Z,0.0,52.125,272.125,NaN,NaN
2013-01-01T12:00:00Z,0.0,52.125,276.125,NaN,NaN
2013-01-01T12:00:00Z,0.0,52.125,280.125,-0.84,0.44
2013-01-01T12:00:00Z,0.0,52.125,284.125,NaN,NaN
2013-01-01T12:00:00Z,0.0,52.125,288.125,NaN,NaN
2013-01-01T12:00:00Z,0.0,52.125,292.125,NaN,NaN
2013-01-01T12:00:00Z,0.0,52.125,296.125,NaN,NaN
2013-01-01T12:00:00Z,0.0,52.125,300.125,NaN,NaN
2013-01-01T12:00:00Z,0.0,52.125,304.125,NaN,NaN
2013-01-01T12:00:00Z,0.0,52.125,308.125,1.11,0.11
2013-01-01T12:00:00Z,0.0,52.125,312.125,6.64,1.93
2013-01-01T12:00:00Z,0.0,52.125,316.125,8.11,1.19
2013-01-01T12:00:00Z,0.0,52.125,320.125,6.46,-0.91
2013-01-01T12:00:00Z,0.0,52.125,324.125,6.81,-0.75
2013-01-01T12:00:00Z,0.0,52.125,328.125,9.64,1.0
2013-01-01T12:00:00Z,0.0,52.125,332.125,11.59,1.99
2013-01-01T12:00:00Z,0.0,52.125,336.125,8.98,-1.5
2013-01-01T12:00:00Z,0.0,52.125,340.125,10.11,-1.02
2013-01-01T12:00:00Z,0.0,52.125,344.125,10.92,-0.32
2013-01-01T12:00:00Z,0.0,52.125,348.125,11.25,0.43
2013-01-01T12:00:00Z,0.0,52.125,352.125,NaN,NaN
2013-01-01T12:00:00Z,0.0,52.125,356.125,NaN,NaN
2013-01-01T12:00:00Z,0.0,56.125,0.125,8.36,0.58
2013-01-01T12:00:00Z,0.0,56.125,4.125,7.38,0.13
2013-01-01T12:00:00Z,0.0,56.125,8.125,5.11,-1.2
2013-01-01T12:00:00Z,0.0,56.125,12.125,3.74,0.55
2013-01-01T12:00:00Z,0.0,56.125,16.125,4.62,0.13
2013-01-01T12:00:00Z,0.0,56.125,20.125,5.44,0.81
2013-01-01T12:00:00Z,0.0,56.125,24.125,NaN,NaN
2013-01-01T12:00:00Z,0.0,56.125,28.125,NaN,NaN
2013-01-01T12:00:00Z,0.0,56.125,32.125,NaN,NaN
2013-01-01T12:00:00Z,0.0,56.125,36.125,NaN,NaN
2013-01-01T12:00:00Z,0.0,56.125,40.125,NaN,NaN
2013-01-01T12:00:00Z,0.0,56.125,44.125,NaN,NaN
2013-01-01T12:00:00Z,0.0,56.125,48.125,NaN,NaN
2013-01-01T12:00:00Z,0.0,56.125,52.125,NaN,NaN
2013-01-01T12:00:00Z,0.0,56.125,56.125,NaN,NaN
2013-01-01T12:00:00Z,0.0,56.125,60.125,NaN,NaN
2013-01-01T12:00:00Z,0.0,56.125,64.125,NaN,NaN
2013-01-01T12:00:00Z,0.0,56.125,68.125,NaN,NaN
2013-01-01T12:00:00Z,0.0,56.125,72.125,NaN,NaN
2013-01-01T12:00:00Z,0.0,56.125,76.125,NaN,NaN
2013-01-01T12:00:00Z,0.0,56.125,80.125,NaN,NaN
2013-01-01T12:00:00Z,0.0,56.125,84.125,NaN,NaN
2013-01-01T12:00:00Z,0.0,56.125,88.125,NaN,NaN
2013-01-01T12:00:00Z,0.0,56.125,92.125,NaN,NaN
2013-01-01T12:00:00Z,0.0,56.125,96.125,NaN,NaN
2013-01-01T12:00:00Z,0.0,56.125,100.125,NaN,NaN
2013-01-01T12:00:00Z,0.0,56.125,104.125,NaN,NaN
2013-01-01T12:00:00Z,0.0,56.125,108.125,NaN,NaN
2013-01-01T12:00:00Z,0.0,56.125,112.125,NaN,NaN
2013-01-01T12:00:00Z,0.0,56.125,116.125,NaN,NaN
2013-01-01T12:00:00Z,0.0,56.125,120.125,NaN,NaN
2013-01-01T12:00:00Z,0.0,56.125,124.125,NaN,NaN
2013-01-01T12:00:00Z,0.0,56.125,128.125,NaN,NaN
2013-01-01T12:00:00Z,0.0,56.125,132.125,NaN,NaN
2013-01-01T12:00:00Z,0.0,56.125,136.125,NaN,NaN
2013-01-01T12:00:00Z,0.0,56.125,140.125,0.11,0.25
2013-01-01T12:00:00Z,0.0,56.125,144.125,-0.37,-0.56
2013-01-01T12:00:00Z,0.0,56.125,148.125,-0.88,-1.24
2013-01-01T12:00:00Z,0.0,56.125,152.125,-0.44,-1.01
2013-01-01T12:00:00Z,0.0,56.125,156.125,NaN,NaN
2013-01-01T12:00:00Z,0.0,56.125,160.125,NaN,NaN
2013-01-01T12:00:00Z,0.0,56.125,164.125,1.65,0.18
2013-01-01T12:00:00Z,0.0,56.125,168.125,1.66,-0.43
2013-01-01T12:00:00Z,0.0,56.125,172.125,2.74,0.07
2013-01-01T12:00:00Z,0.0,56.125,176.125,2.64,-0.2
2013-01-01T12:00:00Z,0.0,56.125,180.125,2.55,-0.43
2013-01-01T12:00:00Z,0.0,56.125,184.125,2.72,-0.79
2013-01-01T12:00:00Z,0.0,56.125,188.125,3.18,-0.63
2013-01-01T12:00:00Z,0.0,56.125,192.125,3.31,-0.53
2013-01-01T12:00:00Z,0.0,56.125,196.125,2.74,-1.07
2013-01-01T12:00:00Z,0.0,56.125,200.125,NaN,NaN
2013-01-01T12:00:00Z,0.0,56.125,204.125,4.12,-0.97
2013-01-01T12:00:00Z,0.0,56.125,208.125,4.07,-1.22
2013-01-01T12:00:00Z,0.0,56.125,212.125,4.32,-0.85
2013-01-01T12:00:00Z,0.0,56.125,216.125,5.31,-0.28
2013-01-01T12:00:00Z,0.0,56.125,220.125,6.22,-0.05
2013-01-01T12:00:00Z,0.0,56.125,224.125,6.88,0.03
2013-01-01T12:00:00Z,0.0,56.125,228.125,NaN,NaN
2013-01-01T12:00:00Z,0.0,56.125,232.125,NaN,NaN
2013-01-01T12:00:00Z,0.0,56.125,236.125,NaN,NaN
2013-01-01T12:00:00Z,0.0,56.125,240.125,NaN,NaN
2013-01-01T12:00:00Z,0.0,56.125,244.125,NaN,NaN
2013-01-01T12:00:00Z,0.0,56.125,248.125,NaN,NaN
2013-01-01T12:00:00Z,0.0,56.125,252.125,NaN,NaN
2013-01-01T12:00:00Z,0.0,56.125,256.125,NaN,NaN
2013-01-01T12:00:00Z,0.0,56.125,260.125,NaN,NaN
2013-01-01T12:00:00Z,0.0,56.125,264.125,NaN,NaN
2013-01-01T12:00:00Z,0.0,56.125,268.125,NaN,NaN
2013-01-01T12:00:00Z,0.0,56.125,272.125,NaN,NaN
2013-01-01T12:00:00Z,0.0,56.125,276.125,-1.6,-0.1
2013-01-01T12:00:00Z,0.0,56.125,280.125,-0.26,1.09
2013-01-01T12:00:00Z,0.0,56.125,284.125,NaN,NaN
2013-01-01T12:00:00Z,0.0,56.125,288.125,NaN,NaN
2013-01-01T12:00:00Z,0.0,56.125,292.125,NaN,NaN
2013-01-01T12:00:00Z,0.0,56.125,296.125,NaN,NaN
2013-01-01T12:00:00Z,0.0,56.125,300.125,-0.36,0.01
2013-01-01T12:00:00Z,0.0,56.125,304.125,0.85,-0.1
2013-01-01T12:00:00Z,0.0,56.125,308.125,5.55,3.19
2013-01-01T12:00:00Z,0.0,56.125,312.125,5.12,1.82
2013-01-01T12:00:00Z,0.0,56.125,316.125,4.81,1.19
2013-01-01T12:00:00Z,0.0,56.125,320.125,5.5,0.98
2013-01-01T12:00:00Z,0.0,56.125,324.125,6.37,0.41
2013-01-01T12:00:00Z,0.0,56.125,328.125,7.82,0.73
2013-01-01T12:00:00Z,0.0,56.125,332.125,8.71,0.59
2013-01-01T12:00:00Z,0.0,56.125,336.125,10.36,1.09
2013-01-01T12:00:00Z,0.0,56.125,340.125,10.35,0.37
2013-01-01T12:00:00Z,0.0,56.125,344.125,9.99,0.01
2013-01-01T12:00:00Z,0.0,56.125,348.125,10.74,0.68
2013-01-01T12:00:00Z,0.0,56.125,352.125,9.55,-0.03
2013-01-01T12:00:00Z,0.0,56.125,356.125,NaN,NaN
2013-01-01T12:00:00Z,0.0,60.125,0.125,7.74,-0.58
2013-01-01T12:00:00Z,0.0,60.125,4.125,7.7,0.19
2013-01-01T12:00:00Z,0.0,60.125,8.125,NaN,NaN
2013-01-01T12:00:00Z,0.0,60.125,12.125,NaN,NaN
2013-01-01T12:00:00Z,0.0,60.125,16.125,NaN,NaN
2013-01-01T12:00:00Z,0.0,60.125,20.125,NaN,NaN
2013-01-01T12:00:00Z,0.0,60.125,24.125,NaN,NaN
2013-01-01T12:00:00Z,0.0,60.125,28.125,1.46,-0.42
2013-01-01T12:00:00Z,0.0,60.125,32.125,NaN,NaN
2013-01-01T12:00:00Z,0.0,60.125,36.125,NaN,NaN
2013-01-01T12:00:00Z,0.0,60.125,40.125,NaN,NaN
2013-01-01T12:00:00Z,0.0,60.125,44.125,NaN,NaN
2013-01-01T12:00:00Z,0.0,60.125,48.125,NaN,NaN
2013-01-01T12:00:00Z,0.0,60.125,52.125,NaN,NaN
2013-01-01T12:00:00Z,0.0,60.125,56.125,NaN,NaN
2013-01-01T12:00:00Z,0.0,60.125,60.125,NaN,NaN
2013-01-01T12:00:00Z,0.0,60.125,64.125,NaN,NaN
2013-01-01T12:00:00Z,0.0,60.125,68.125,NaN,NaN
2013-01-01T12:00:00Z,0.0,60.125,72.125,NaN,NaN
2013-01-01T12:00:00Z,0.0,60.125,76.125,NaN,NaN
2013-01-01T12:00:00Z,0.0,60.125,80.125,NaN,NaN
2013-01-01T12:00:00Z,0.0,60.125,84.125,NaN,NaN
2013-01-01T12:00:00Z,0.0,60.125,88.125,NaN,NaN
2013-01-01T12:00:00Z,0.0,60.125,92.125,NaN,NaN
2013-01-01T12:00:00Z,0.0,60.125,96.125,NaN,NaN
2013-01-01T12:00:00Z,0.0,60.125,100.125,NaN,NaN
2013-01-01T12:00:00Z,0.0,60.125,104.125,NaN,NaN
2013-01-01T12:00:00Z,0.0,60.125,108.125,NaN,NaN
2013-01-01T12:00:00Z,0.0,60.125,112.125,NaN,NaN
2013-01-01T12:00:00Z,0.0,60.125,116.125,NaN,NaN
2013-01-01T12:00:00Z,0.0,60.125,120.125,NaN,NaN
2013-01-01T12:00:00Z,0.0,60.125,124.125,NaN,NaN
2013-01-01T12:00:00Z,0.0,60.125,128.125,NaN,NaN
2013-01-01T12:00:00Z,0.0,60.125,132.125,NaN,NaN
2013-01-01T12:00:00Z,0.0,60.125,136.125,NaN,NaN
2013-01-01T12:00:00Z,0.0,60.125,140.125,NaN,NaN
2013-01-01T12:00:00Z,0.0,60.125,144.125,NaN,NaN
2013-01-01T12:00:00Z,0.0,60.125,148.125,NaN,NaN
2013-01-01T12:00:00Z,0.0,60.125,152.125,NaN,NaN
2013-01-01T12:00:00Z,0.0,60.125,156.125,-0.36,-0.44
2013-01-01T12:00:00Z,0.0,60.125,160.125,-0.95,-1.0
2013-01-01T12:00:00Z,0.0,60.125,164.125,NaN,NaN
2013-01-01T12:00:00Z,0.0,60.125,168.125,0.65,-0.17
2013-01-01T12:00:00Z,0.0,60.125,172.125,0.65,-0.38
2013-01-01T12:00:00Z,0.0,60.125,176.125,2.23,0.63
2013-01-01T12:00:00Z,0.0,60.125,180.125,2.07,0.03
2013-01-01T12:00:00Z,0.0,60.125,184.125,0.91,-0.96
2013-01-01T12:00:00Z,0.0,60.125,188.125,0.28,-0.81
2013-01-01T12:00:00Z,0.0,60.125,192.125,-0.82,-1.09
2013-01-01T12:00:00Z,0.0,60.125,196.125,NaN,NaN
2013-01-01T12:00:00Z,0.0,60.125,200.125,NaN,NaN
2013-01-01T12:00:00Z,0.0,60.125,204.125,NaN,NaN
2013-01-01T12:00:00Z,0.0,60.125,208.125,1.42,-3.89
2013-01-01T12:00:00Z,0.0,60.125,212.125,NaN,NaN
2013-01-01T12:00:00Z,0.0,60.125,216.125,NaN,NaN
2013-01-01T12:00:00Z,0.0,60.125,220.125,NaN,NaN
2013-01-01T12:00:00Z,0.0,60.125,224.125,NaN,NaN
2013-01-01T12:00:00Z,0.0,60.125,228.125,NaN,NaN
2013-01-01T12:00:00Z,0.0,60.125,232.125,NaN,NaN
2013-01-01T12:00:00Z,0.0,60.125,236.125,NaN,NaN
2013-01-01T12:00:00Z,0.0,60.125,240.125,NaN,NaN
2013-01-01T12:00:00Z,0.0,60.125,244.125,NaN,NaN
2013-01-01T12:00:00Z,0.0,60.125,248.125,NaN,NaN
2013-01-01T12:00:00Z,0.0,60.125,252.125,NaN,NaN
2013-01-01T12:00:00Z,0.0,60.125,256.125,NaN,NaN
2013-01-01T12:00:00Z,0.0,60.125,260.125,NaN,NaN
2013-01-01T12:00:00Z,0.0,60.125,264.125,NaN,NaN
2013-01-01T12:00:00Z,0.0,60.125,268.125,-1.72,-0.09
2013-01-01T12:00:00Z,0.0,60.125,272.125,-1.72,-0.01
2013-01-01T12:00:00Z,0.0,60.125,276.125,-1.38,0.29
2013-01-01T12:00:00Z,0.0,60.125,280.125,-0.95,0.58
2013-01-01T12:00:00Z,0.0,60.125,284.125,NaN,NaN
2013-01-01T12:00:00Z,0.0,60.125,288.125,NaN,NaN
2013-01-01T12:00:00Z,0.0,60.125,292.125,0.57,1.84
2013-01-01T12:00:00Z,0.0,60.125,296.125,0.58,1.56
2013-01-01T12:00:00Z,0.0,60.125,300.125,3.54,3.34
2013-01-01T12:00:00Z,0.0,60.125,304.125,3.99,2.0
2013-01-01T12:00:00Z,0.0,60.125,308.125,3.56,1.42
2013-01-01T12:00:00Z,0.0,60.125,312.125,3.32,1.63
2013-01-01T12:00:00Z,0.0,60.125,316.125,NaN,NaN
2013-01-01T12:00:00Z,0.0,60.125,320.125,5.14,0.92
2013-01-01T12:00:00Z,0.0,60.125,324.125,5.6,0.75
2013-01-01T12:00:00Z,0.0,60.125,328.125,7.29,1.23
2013-01-01T12:00:00Z,0.0,60.125,332.125,8.18,0.83
2013-01-01T12:00:00Z,0.0,60.125,336.125,8.11,-0.08
2013-01-01T12:00:00Z,0.0,60.125,340.125,9.27,0.63
2013-01-01T12:00:00Z,0.0,60.125,344.125,9.07,0.36
2013-01-01T12:00:00Z,0.0,60.125,348.125,9.2,0.25
2013-01-01T12:00:00Z,0.0,60.125,352.125,9.32,0.44
2013-01-01T12:00:00Z,0.0,60.125,356.125,9.17,0.54
2013-01-01T12:00:00Z,0.0,64.125,0.125,6.47,-0.21
2013-01-01T12:00:00Z,0.0,64.125,4.125,8.18,0.66
2013-01-01T12:00:00Z,0.0,64.125,8.125,7.17,0.07
2013-01-01T12:00:00Z,0.0,64.125,12.125,NaN,NaN
2013-01-01T12:00:00Z,0.0,64.125,16.125,NaN,NaN
2013-01-01T12:00:00Z,0.0,64.125,20.125,NaN,NaN
2013-01-01T12:00:00Z,0.0,64.125,24.125,NaN,NaN
2013-01-01T12:00:00Z,0.0,64.125,28.125,NaN,NaN
2013-01-01T12:00:00Z,0.0,64.125,32.125,NaN,NaN
2013-01-01T12:00:00Z,0.0,64.125,36.125,NaN,NaN
2013-01-01T12:00:00Z,0.0,64.125,40.125,NaN,NaN
2013-01-01T12:00:00Z,0.0,64.125,44.125,NaN,NaN
2013-01-01T12:00:00Z,0.0,64.125,48.125,NaN,NaN
2013-01-01T12:00:00Z,0.0,64.125,52.125,NaN,NaN
2013-01-01T12:00:00Z,0.0,64.125,56.125,NaN,NaN
2013-01-01T12:00:00Z,0.0,64.125,60.125,NaN,NaN
2013-01-01T12:00:00Z,0.0,64.125,64.125,NaN,NaN
2013-01-01T12:00:00Z,0.0,64.125,68.125,NaN,NaN
2013-01-01T12:00:00Z,0.0,64.125,72.125,NaN,NaN
2013-01-01T12:00:00Z,0.0,64.125,76.125,NaN,NaN
2013-01-01T12:00:00Z,0.0,64.125,80.125,NaN,NaN
2013-01-01T12:00:00Z,0.0,64.125,84.125,NaN,NaN
2013-01-01T12:00:00Z,0.0,64.125,88.125,NaN,NaN
2013-01-01T12:00:00Z,0.0,64.125,92.125,NaN,NaN
2013-01-01T12:00:00Z,0.0,64.125,96.125,NaN,NaN
2013-01-01T12:00:00Z,0.0,64.125,100.125,NaN,NaN
2013-01-01T12:00:00Z,0.0,64.125,104.125,NaN,NaN
2013-01-01T12:00:00Z,0.0,64.125,108.125,NaN,NaN
2013-01-01T12:00:00Z,0.0,64.125,112.125,NaN,NaN
2013-01-01T12:00:00Z,0.0,64.125,116.125,NaN,NaN
2013-01-01T12:00:00Z,0.0,64.125,120.125,NaN,NaN
2013-01-01T12:00:00Z,0.0,64.125,124.125,NaN,NaN
2013-01-01T12:00:00Z,0.0,64.125,128.125,NaN,NaN
2013-01-01T12:00:00Z,0.0,64.125,132.125,NaN,NaN
2013-01-01T12:00:00Z,0.0,64.125,136.125,NaN,NaN
2013-01-01T12:00:00Z,0.0,64.125,140.125,NaN,NaN
2013-01-01T12:00:00Z,0.0,64.125,144.125,NaN,NaN
2013-01-01T12:00:00Z,0.0,64.125,148.125,NaN,NaN
2013-01-01T12:00:00Z,0.0,64.125,152.125,NaN,NaN
2013-01-01T12:00:00Z,0.0,64.125,156.125,NaN,NaN
2013-01-01T12:00:00Z,0.0,64.125,160.125,NaN,NaN
2013-01-01T12:00:00Z,0.0,64.125,164.125,NaN,NaN
2013-01-01T12:00:00Z,0.0,64.125,168.125,NaN,NaN
2013-01-01T12:00:00Z,0.0,64.125,172.125,NaN,NaN
2013-01-01T12:00:00Z,0.0,64.125,176.125,NaN,NaN
2013-01-01T12:00:00Z,0.0,64.125,180.125,-1.49,-0.7
2013-01-01T12:00:00Z,0.0,64.125,184.125,-0.41,-0.35
2013-01-01T12:00:00Z,0.0,64.125,188.125,-1.3,-0.74
2013-01-01T12:00:00Z,0.0,64.125,192.125,-1.31,-0.46
2013-01-01T12:00:00Z,0.0,64.125,196.125,-1.46,-0.69
2013-01-01T12:00:00Z,0.0,64.125,200.125,NaN,NaN
2013-01-01T12:00:00Z,0.0,64.125,204.125,NaN,NaN
2013-01-01T12:00:00Z,0.0,64.125,208.125,NaN,NaN
2013-01-01T12:00:00Z,0.0,64.125,212.125,NaN,NaN
2013-01-01T12:00:00Z,0.0,64.125,216.125,NaN,NaN
2013-01-01T12:00:00Z,0.0,64.125,220.125,NaN,NaN
2013-01-01T12:00:00Z,0.0,64.125,224.125,NaN,NaN
2013-01-01T12:00:00Z,0.0,64.125,228.125,NaN,NaN
2013-01-01T12:00:00Z,0.0,64.125,232.125,NaN,NaN
2013-01-01T12:00:00Z,0.0,64.125,236.125,NaN,NaN
2013-01-01T12:00:00Z,0.0,64.125,240.125,NaN,NaN
2013-01-01T12:00:00Z,0.0,64.125,244.125,NaN,NaN
2013-01-01T12:00:00Z,0.0,64.125,248.125,NaN,NaN
2013-01-01T12:00:00Z,0.0,64.125,252.125,NaN,NaN
2013-01-01T12:00:00Z,0.0,64.125,256.125,NaN,NaN
2013-01-01T12:00:00Z,0.0,64.125,260.125,NaN,NaN
2013-01-01T12:00:00Z,0.0,64.125,264.125,NaN,NaN
2013-01-01T12:00:00Z,0.0,64.125,268.125,NaN,NaN
2013-01-01T12:00:00Z,0.0,64.125,272.125,-1.43,0.27
2013-01-01T12:00:00Z,0.0,64.125,276.125,NaN,NaN
2013-01-01T12:00:00Z,0.0,64.125,280.125,-1.14,0.56
2013-01-01T12:00:00Z,0.0,64.125,284.125,-0.41,1.12
2013-01-01T12:00:00Z,0.0,64.125,288.125,NaN,NaN
2013-01-01T12:00:00Z,0.0,64.125,292.125,NaN,NaN
2013-01-01T12:00:00Z,0.0,64.125,296.125,-0.74,0.86
2013-01-01T12:00:00Z,0.0,64.125,300.125,-0.29,0.56
2013-01-01T12:00:00Z,0.0,64.125,304.125,1.36,0.86
2013-01-01T12:00:00Z,0.0,64.125,308.125,1.12,0.85
2013-01-01T12:00:00Z,0.0,64.125,312.125,NaN,NaN
2013-01-01T12:00:00Z,0.0,64.125,316.125,NaN,NaN
2013-01-01T12:00:00Z,0.0,64.125,320.125,0.21,-2.62
2013-01-01T12:00:00Z,0.0,64.125,324.125,6.62,2.76
2013-01-01T12:00:00Z,0.0,64.125,328.125,5.97,0.75
2013-01-01T12:00:00Z,0.0,64.125,332.125,7.38,0.93
2013-01-01T12:00:00Z,0.0,64.125,336.125,6.25,-0.07
2013-01-01T12:00:00Z,0.0,64.125,340.125,NaN,NaN
2013-01-01T12:00:00Z,0.0,64.125,344.125,7.28,0.17
2013-01-01T12:00:00Z,0.0,64.125,348.125,7.47,1.46
2013-01-01T12:00:00Z,0.0,64.125,352.125,5.85,0.91
2013-01-01T12:00:00Z,0.0,64.125,356.125,4.72,-0.61
2013-01-01T12:00:00Z,0.0,68.125,0.125,6.4,0.77
2013-01-01T12:00:00Z,0.0,68.125,4.125,6.7,0.42
2013-01-01T12:00:00Z,0.0,68.125,8.125,7.14,0.5
2013-01-01T12:00:00Z,0.0,68.125,12.125,6.44,0.26
2013-01-01T12:00:00Z,0.0,68.125,16.125,5.65,0.15
2013-01-01T12:00:00Z,0.0,68.125,20.125,NaN,NaN
2013-01-01T12:00:00Z,0.0,68.125,24.125,NaN,NaN
2013-01-01T12:00:00Z,0.0,68.125,28.125,NaN,NaN
2013-01-01T12:00:00Z,0.0,68.125,32.125,NaN,NaN
2013-01-01T12:00:00Z,0.0,68.125,36.125,NaN,NaN
2013-01-01T12:00:00Z,0.0,68.125,40.125,1.82,0.08
2013-01-01T12:00:00Z,0.0,68.125,44.125,-1.09,-1.61
2013-01-01T12:00:00Z,0.0,68.125,48.125,-0.65,-0.78
2013-01-01T12:00:00Z,0.0,68.125,52.125,NaN,NaN
2013-01-01T12:00:00Z,0.0,68.125,56.125,NaN,NaN
2013-01-01T12:00:00Z,0.0,68.125,60.125,NaN,NaN
2013-01-01T12:00:00Z,0.0,68.125,64.125,NaN,NaN
2013-01-01T12:00:00Z,0.0,68.125,68.125,NaN,NaN
2013-01-01T12:00:00Z,0.0,68.125,72.125,NaN,NaN
2013-01-01T12:00:00Z,0.0,68.125,76.125,NaN,NaN
2013-01-01T12:00:00Z,0.0,68.125,80.125,NaN,NaN
2013-01-01T12:00:00Z,0.0,68.125,84.125,NaN,NaN
2013-01-01T12:00:00Z,0.0,68.125,88.125,NaN,NaN
2013-01-01T12:00:00Z,0.0,68.125,92.125,NaN,NaN
2013-01-01T12:00:00Z,0.0,68.125,96.125,NaN,NaN
2013-01-01T12:00:00Z,0.0,68.125,100.125,NaN,NaN
2013-01-01T12:00:00Z,0.0,68.125,104.125,NaN,NaN
2013-01-01T12:00:00Z,0.0,68.125,108.125,NaN,NaN
2013-01-01T12:00:00Z,0.0,68.125,112.125,NaN,NaN
2013-01-01T12:00:00Z,0.0,68.125,116.125,NaN,NaN
2013-01-01T12:00:00Z,0.0,68.125,120.125,NaN,NaN
2013-01-01T12:00:00Z,0.0,68.125,124.125,NaN,NaN
2013-01-01T12:00:00Z,0.0,68.125,128.125,NaN,NaN
2013-01-01T12:00:00Z,0.0,68.125,132.125,NaN,NaN
2013-01-01T12:00:00Z,0.0,68.125,136.125,NaN,NaN
2013-01-01T12:00:00Z,0.0,68.125,140.125,NaN,NaN
2013-01-01T12:00:00Z,0.0,68.125,144.125,NaN,NaN
2013-01-01T12:00:00Z,0.0,68.125,148.125,NaN,NaN
2013-01-01T12:00:00Z,0.0,68.125,152.125,NaN,NaN
2013-01-01T12:00:00Z,0.0,68.125,156.125,NaN,NaN
2013-01-01T12:00:00Z,0.0,68.125,160.125,NaN,NaN
2013-01-01T12:00:00Z,0.0,68.125,164.125,NaN,NaN
2013-01-01T12:00:00Z,0.0,68.125,168.125,NaN,NaN
2013-01-01T12:00:00Z,0.0,68.125,172.125,NaN,NaN
2013-01-01T12:00:00Z,0.0,68.125,176.125,NaN,NaN
2013-01-01T12:00:00Z,0.0,68.125,180.125,NaN,NaN
2013-01-01T12:00:00Z,0.0,68.125,184.125,-1.74,-0.07
2013-01-01T12:00:00Z,0.0,68.125,188.125,-1.72,-0.03
2013-01-01T12:00:00Z,0.0,68.125,192.125,-1.49,0.03
2013-01-01T12:00:00Z,0.0,68.125,196.125,NaN,NaN
2013-01-01T12:00:00Z,0.0,68.125,200.125,NaN,NaN
2013-01-01T12:00:00Z,0.0,68.125,204.125,NaN,NaN
2013-01-01T12:00:00Z,0.0,68.125,208.125,NaN,NaN
2013-01-01T12:00:00Z,0.0,68.125,212.125,NaN,NaN
2013-01-01T12:00:00Z,0.0,68.125,216.125,NaN,NaN
2013-01-01T12:00:00Z,0.0,68.125,220.125,NaN,NaN
2013-01-01T12:00:00Z,0.0,68.125,224.125,NaN,NaN
2013-01-01T12:00:00Z,0.0,68.125,228.125,NaN,NaN
2013-01-01T12:00:00Z,0.0,68.125,232.125,NaN,NaN
2013-01-01T12:00:00Z,0.0,68.125,236.125,NaN,NaN
2013-01-01T12:00:00Z,0.0,68.125,240.125,NaN,NaN
2013-01-01T12:00:00Z,0.0,68.125,244.125,NaN,NaN
2013-01-01T12:00:00Z,0.0,68.125,248.125,-1.72,0.07
2013-01-01T12:00:00Z,0.0,68.125,252.125,-1.74,0.06
2013-01-01T12:00:00Z,0.0,68.125,256.125,-1.59,0.17
2013-01-01T12:00:00Z,0.0,68.125,260.125,-1.77,-0.01
2013-01-01T12:00:00Z,0.0,68.125,264.125,-1.08,0.66
2013-01-01T12:00:00Z,0.0,68.125,268.125,NaN,NaN
2013-01-01T12:00:00Z,0.0,68.125,272.125,-1.42,0.34
2013-01-01T12:00:00Z,0.0,68.125,276.125,NaN,NaN
2013-01-01T12:00:00Z,0.0,68.125,280.125,-1.71,0.06
2013-01-01T12:00:00Z,0.0,68.125,284.125,NaN,NaN
2013-01-01T12:00:00Z,0.0,68.125,288.125,NaN,NaN
2013-01-01T12:00:00Z,0.0,68.125,292.125,NaN,NaN
2013-01-01T12:00:00Z,0.0,68.125,296.125,-1.14,0.65
2013-01-01T12:00:00Z,0.0,68.125,300.125,-1.39,0.19
2013-01-01T12:00:00Z,0.0,68.125,304.125,-0.18,0.29
2013-01-01T12:00:00Z,0.0,68.125,308.125,NaN,NaN
2013-01-01T12:00:00Z,0.0,68.125,312.125,NaN,NaN
2013-01-01T12:00:00Z,0.0,68.125,316.125,NaN,NaN
2013-01-01T12:00:00Z,0.0,68.125,320.125,NaN,NaN
2013-01-01T12:00:00Z,0.0,68.125,324.125,NaN,NaN
2013-01-01T12:00:00Z,0.0,68.125,328.125,-0.53,0.28
2013-01-01T12:00:00Z,0.0,68.125,332.125,-1.72,-1.53
2013-01-01T12:00:00Z,0.0,68.125,336.125,0.53,-0.7
2013-01-01T12:00:00Z,0.0,68.125,340.125,0.8,-0.91
2013-01-01T12:00:00Z,0.0,68.125,344.125,1.09,-0.27
2013-01-01T12:00:00Z,0.0,68.125,348.125,-0.13,-1.12
2013-01-01T12:00:00Z,0.0,68.125,352.125,2.7,0.35
2013-01-01T12:00:00Z,0.0,68.125,356.125,4.41,-0.03
2013-01-01T12:00:00Z,0.0,72.125,0.125,5.11,3.07
2013-01-01T12:00:00Z,0.0,72.125,4.125,4.81,1.51
2013-01-01T12:00:00Z,0.0,72.125,8.125,5.04,0.68
2013-01-01T12:00:00Z,0.0,72.125,12.125,6.17,1.13
2013-01-01T12:00:00Z,0.0,72.125,16.125,7.08,1.61
2013-01-01T12:00:00Z,0.0,72.125,20.125,6.33,1.61
2013-01-01T12:00:00Z,0.0,72.125,24.125,5.76,1.14
2013-01-01T12:00:00Z,0.0,72.125,28.125,5.19,0.58
2013-01-01T12:00:00Z,0.0,72.125,32.125,4.56,0.71
2013-01-01T12:00:00Z,0.0,72.125,36.125,4.02,1.26
2013-01-01T12:00:00Z,0.0,72.125,40.125,2.54,0.55
2013-01-01T12:00:00Z,0.0,72.125,44.125,3.03,1.26
2013-01-01T12:00:00Z,0.0,72.125,48.125,3.4,2.05
2013-01-01T12:00:00Z,0.0,72.125,52.125,0.0,-0.5
2013-01-01T12:00:00Z,0.0,72.125,56.125,-1.35,-0.43
2013-01-01T12:00:00Z,0.0,72.125,60.125,-0.42,0.93
2013-01-01T12:00:00Z,0.0,72.125,64.125,-1.23,0.36
2013-01-01T12:00:00Z,0.0,72.125,68.125,-1.72,-0.15
2013-01-01T12:00:00Z,0.0,72.125,72.125,NaN,NaN
2013-01-01T12:00:00Z,0.0,72.125,76.125,-1.7,0.0
2013-01-01T12:00:00Z,0.0,72.125,80.125,NaN,NaN
2013-01-01T12:00:00Z,0.0,72.125,84.125,NaN,NaN
2013-01-01T12:00:00Z,0.0,72.125,88.125,NaN,NaN
2013-01-01T12:00:00Z,0.0,72.125,92.125,NaN,NaN
2013-01-01T12:00:00Z,0.0,72.125,96.125,NaN,NaN
2013-01-01T12:00:00Z,0.0,72.125,100.125,NaN,NaN
2013-01-01T12:00:00Z,0.0,72.125,104.125,NaN,NaN
2013-01-01T12:00:00Z,0.0,72.125,108.125,NaN,NaN
2013-01-01T12:00:00Z,0.0,72.125,112.125,NaN,NaN
2013-01-01T12:00:00Z,0.0,72.125,116.125,NaN,NaN
2013-01-01T12:00:00Z,0.0,72.125,120.125,NaN,NaN
2013-01-01T12:00:00Z,0.0,72.125,124.125,NaN,NaN
2013-01-01T12:00:00Z,0.0,72.125,128.125,NaN,NaN
2013-01-01T12:00:00Z,0.0,72.125,132.125,-1.6,0.17
2013-01-01T12:00:00Z,0.0,72.125,136.125,-1.63,0.17
2013-01-01T12:00:00Z,0.0,72.125,140.125,NaN,NaN
2013-01-01T12:00:00Z,0.0,72.125,144.125,NaN,NaN
2013-01-01T12:00:00Z,0.0,72.125,148.125,NaN,NaN
2013-01-01T12:00:00Z,0.0,72.125,152.125,-1.7,0.1
2013-01-01T12:00:00Z,0.0,72.125,156.125,-1.73,0.07
2013-01-01T12:00:00Z,0.0,72.125,160.125,-1.71,0.08
2013-01-01T12:00:00Z,0.0,72.125,164.125,-1.73,0.04
2013-01-01T12:00:00Z,0.0,72.125,168.125,-1.54,0.26
2013-01-01T12:00:00Z,0.0,72.125,172.125,-1.6,0.19
2013-01-01T12:00:00Z,0.0,72.125,176.125,-1.72,0.07
2013-01-01T12:00:00Z,0.0,72.125,180.125,-1.77,0.01
2013-01-01T12:00:00Z,0.0,72.125,184.125,-1.77,0.01
2013-01-01T12:00:00Z,0.0,72.125,188.125,-1.71,0.07
2013-01-01T12:00:00Z,0.0,72.125,192.125,-1.76,0.02
2013-01-01T12:00:00Z,0.0,72.125,196.125,-1.73,0.01
2013-01-01T12:00:00Z,0.0,72.125,200.125,-1.76,-0.08
2013-01-01T12:00:00Z,0.0,72.125,204.125,-1.76,-0.01
2013-01-01T12:00:00Z,0.0,72.125,208.125,-1.77,0.01
2013-01-01T12:00:00Z,0.0,72.125,212.125,-1.79,0.0
2013-01-01T12:00:00Z,0.0,72.125,216.125,-1.8,-0.01
2013-01-01T12:00:00Z,0.0,72.125,220.125,-1.8,0.0
2013-01-01T12:00:00Z,0.0,72.125,224.125,-1.78,0.02
2013-01-01T12:00:00Z,0.0,72.125,228.125,-1.79,0.01
2013-01-01T12:00:00Z,0.0,72.125,232.125,-1.76,0.03
2013-01-01T12:00:00Z,0.0,72.125,236.125,NaN,NaN
2013-01-01T12:00:00Z,0.0,72.125,240.125,-1.78,-0.09
2013-01-01T12:00:00Z,0.0,72.125,244.125,NaN,NaN
2013-01-01T12:00:00Z,0.0,72.125,248.125,NaN,NaN
2013-01-01T12:00:00Z,0.0,72.125,252.125,-1.32,0.48
2013-01-01T12:00:00Z,0.0,72.125,256.125,-1.77,0.03
2013-01-01T12:00:00Z,0.0,72.125,260.125,NaN,NaN
2013-01-01T12:00:00Z,0.0,72.125,264.125,-1.62,0.17
2013-01-01T12:00:00Z,0.0,72.125,268.125,-1.79,0.0
2013-01-01T12:00:00Z,0.0,72.125,272.125,NaN,NaN
2013-01-01T12:00:00Z,0.0,72.125,276.125,NaN,NaN
2013-01-01T12:00:00Z,0.0,72.125,280.125,NaN,NaN
2013-01-01T12:00:00Z,0.0,72.125,284.125,NaN,NaN
2013-01-01T12:00:00Z,0.0,72.125,288.125,-1.77,0.03
2013-01-01T12:00:00Z,0.0,72.125,292.125,-1.8,0.0
2013-01-01T12:00:00Z,0.0,72.125,296.125,-1.68,0.12
2013-01-01T12:00:00Z,0.0,72.125,300.125,-0.94,0.62
2013-01-01T12:00:00Z,0.0,72.125,304.125,-0.6,0.14
2013-01-01T12:00:00Z,0.0,72.125,308.125,NaN,NaN
2013-01-01T12:00:00Z,0.0,72.125,312.125,NaN,NaN
2013-01-01T12:00:00Z,0.0,72.125,316.125,NaN,NaN
2013-01-01T12:00:00Z,0.0,72.125,320.125,NaN,NaN
2013-01-01T12:00:00Z,0.0,72.125,324.125,NaN,NaN
2013-01-01T12:00:00Z,0.0,72.125,328.125,NaN,NaN
2013-01-01T12:00:00Z,0.0,72.125,332.125,NaN,NaN
2013-01-01T12:00:00Z,0.0,72.125,336.125,NaN,NaN
2013-01-01T12:00:00Z,0.0,72.125,340.125,-1.59,-0.49
2013-01-01T12:00:00Z,0.0,72.125,344.125,0.67,0.48
2013-01-01T12:00:00Z,0.0,72.125,348.125,0.75,-0.17
2013-01-01T12:00:00Z,0.0,72.125,352.125,0.42,-0.8
2013-01-01T12:00:00Z,0.0,72.125,356.125,1.77,0.21
2013-01-01T12:00:00Z,0.0,76.125,0.125,0.61,-0.56
2013-01-01T12:00:00Z,0.0,76.125,4.125,0.13,-2.15
2013-01-01T12:00:00Z,0.0,76.125,8.125,3.41,1.15
2013-01-01T12:00:00Z,0.0,76.125,12.125,4.31,2.58
2013-01-01T12:00:00Z,0.0,76.125,16.125,3.52,2.01
2013-01-01T12:00:00Z,0.0,76.125,20.125,1.87,1.78
2013-01-01T12:00:00Z,0.0,76.125,24.125,-0.5,-0.64
2013-01-01T12:00:00Z,0.0,76.125,28.125,1.84,1.14
2013-01-01T12:00:00Z,0.0,76.125,32.125,2.83,2.07
2013-01-01T12:00:00Z,0.0,76.125,36.125,2.61,2.33
2013-01-01T12:00:00Z,0.0,76.125,40.125,0.95,0.93
2013-01-01T12:00:00Z,0.0,76.125,44.125,0.43,0.16
2013-01-01T12:00:00Z,0.0,76.125,48.125,0.18,-0.16
2013-01-01T12:00:00Z,0.0,76.125,52.125,1.07,1.07
2013-01-01T12:00:00Z,0.0,76.125,56.125,0.62,0.87
2013-01-01T12:00:00Z,0.0,76.125,60.125,0.75,1.86
2013-01-01T12:00:00Z,0.0,76.125,64.125,NaN,NaN
2013-01-01T12:00:00Z,0.0,76.125,68.125,-1.47,0.12
2013-01-01T12:00:00Z,0.0,76.125,72.125,-1.48,0.25
2013-01-01T12:00:00Z,0.0,76.125,76.125,-1.74,0.05
2013-01-01T12:00:00Z,0.0,76.125,80.125,-1.8,0.0
2013-01-01T12:00:00Z,0.0,76.125,84.125,-1.77,0.02
2013-01-01T12:00:00Z,0.0,76.125,88.125,-1.78,0.02
2013-01-01T12:00:00Z,0.0,76.125,92.125,-1.78,-0.01
2013-01-01T12:00:00Z,0.0,76.125,96.125,NaN,NaN
2013-01-01T12:00:00Z,0.0,76.125,100.125,NaN,NaN
2013-01-01T12:00:00Z,0.0,76.125,104.125,NaN,NaN
2013-01-01T12:00:00Z,0.0,76.125,108.125,NaN,NaN
2013-01-01T12:00:00Z,0.0,76.125,112.125,NaN,NaN
2013-01-01T12:00:00Z,0.0,76.125,116.125,-1.79,0.0
2013-01-01T12:00:00Z,0.0,76.125,120.125,-1.8,0.0
2013-01-01T12:00:00Z,0.0,76.125,124.125,-1.79,0.01
2013-01-01T12:00:00Z,0.0,76.125,128.125,-1.8,0.0
2013-01-01T12:00:00Z,0.0,76.125,132.125,-1.79,0.01
2013-01-01T12:00:00Z,0.0,76.125,136.125,-1.74,0.06
2013-01-01T12:00:00Z,0.0,76.125,140.125,-1.68,0.12
2013-01-01T12:00:00Z,0.0,76.125,144.125,-1.74,0.06
2013-01-01T12:00:00Z,0.0,76.125,148.125,-1.68,0.12
2013-01-01T12:00:00Z,0.0,76.125,152.125,-1.8,0.0
2013-01-01T12:00:00Z,0.0,76.125,156.125,-1.8,0.0
2013-01-01T12:00:00Z,0.0,76.125,160.125,-1.79,0.01
2013-01-01T12:00:00Z,0.0,76.125,164.125,-1.8,0.0
2013-01-01T12:00:00Z,0.0,76.125,168.125,-1.8,0.0
2013-01-01T12:00:00Z,0.0,76.125,172.125,-1.8,0.0
2013-01-01T12:00:00Z,0.0,76.125,176.125,-1.8,0.0
2013-01-01T12:00:00Z,0.0,76.125,180.125,-1.79,0.01
2013-01-01T12:00:00Z,0.0,76.125,184.125,-1.78,0.02
2013-01-01T12:00:00Z,0.0,76.125,188.125,-1.77,0.03
2013-01-01T12:00:00Z,0.0,76.125,192.125,-1.73,0.07
2013-01-01T12:00:00Z,0.0,76.125,196.125,-1.74,0.06
2013-01-01T12:00:00Z,0.0,76.125,200.125,-1.75,0.05
2013-01-01T12:00:00Z,0.0,76.125,204.125,-1.78,0.02
2013-01-01T12:00:00Z,0.0,76.125,208.125,-1.79,0.01
2013-01-01T12:00:00Z,0.0,76.125,212.125,-1.79,0.01
2013-01-01T12:00:00Z,0.0,76.125,216.125,-1.79,0.01
2013-01-01T12:00:00Z,0.0,76.125,220.125,-1.79,0.01
2013-01-01T12:00:00Z,0.0,76.125,224.125,-1.8,0.0
2013-01-01T12:00:00Z,0.0,76.125,228.125,-1.8,0.0
2013-01-01T12:00:00Z,0.0,76.125,232.125,-1.8,0.0
2013-01-01T12:00:00Z,0.0,76.125,236.125,-1.79,0.01
2013-01-01T12:00:00Z,0.0,76.125,240.125,NaN,NaN
2013-01-01T12:00:00Z,0.0,76.125,244.125,NaN,NaN
2013-01-01T12:00:00Z,0.0,76.125,248.125,-1.7,0.1
2013-01-01T12:00:00Z,0.0,76.125,252.125,-1.73,0.07
2013-01-01T12:00:00Z,0.0,76.125,256.125,NaN,NaN
2013-01-01T12:00:00Z,0.0,76.125,260.125,NaN,NaN
2013-01-01T12:00:00Z,0.0,76.125,264.125,-1.21,0.59
2013-01-01T12:00:00Z,0.0,76.125,268.125,NaN,NaN
2013-01-01T12:00:00Z,0.0,76.125,272.125,-1.77,0.02
2013-01-01T12:00:00Z,0.0,76.125,276.125,-1.43,0.32
2013-01-01T12:00:00Z,0.0,76.125,280.125,-0.17,1.56
2013-01-01T12:00:00Z,0.0,76.125,284.125,-0.86,0.79
2013-01-01T12:00:00Z,0.0,76.125,288.125,-0.07,1.6
2013-01-01T12:00:00Z,0.0,76.125,292.125,NaN,NaN
2013-01-01T12:00:00Z,0.0,76.125,296.125,0.64,2.36
2013-01-01T12:00:00Z,0.0,76.125,300.125,NaN,NaN
2013-01-01T12:00:00Z,0.0,76.125,304.125,NaN,NaN
2013-01-01T12:00:00Z,0.0,76.125,308.125,NaN,NaN
2013-01-01T12:00:00Z,0.0,76.125,312.125,NaN,NaN
2013-01-01T12:00:00Z,0.0,76.125,316.125,NaN,NaN
2013-01-01T12:00:00Z,0.0,76.125,320.125,NaN,NaN
2013-01-01T12:00:00Z,0.0,76.125,324.125,NaN,NaN
2013-01-01T12:00:00Z,0.0,76.125,328.125,NaN,NaN
2013-01-01T12:00:00Z,0.0,76.125,332.125,NaN,NaN
2013-01-01T12:00:00Z,0.0,76.125,336.125,NaN,NaN
2013-01-01T12:00:00Z,0.0,76.125,340.125,NaN,NaN
2013-01-01T12:00:00Z,0.0,76.125,344.125,-1.7,-0.02
2013-01-01T12:00:00Z,0.0,76.125,348.125,-1.5,-0.39
2013-01-01T12:00:00Z,0.0,76.125,352.125,-1.08,-0.94
2013-01-01T12:00:00Z,0.0,76.125,356.125,0.67,0.01
2013-01-01T12:00:00Z,0.0,80.125,0.125,-1.04,-0.58
2013-01-01T12:00:00Z,0.0,80.125,4.125,2.21,1.48
2013-01-01T12:00:00Z,0.0,80.125,8.125,2.32,1.51
2013-01-01T12:00:00Z,0.0,80.125,12.125,2.49,1.89
2013-01-01T12:00:00Z,0.0,80.125,16.125,2.67,2.37
2013-01-01T12:00:00Z,0.0,80.125,20.125,NaN,NaN
2013-01-01T12:00:00Z,0.0,80.125,24.125,NaN,NaN
2013-01-01T12:00:00Z,0.0,80.125,28.125,-0.43,0.84
2013-01-01T12:00:00Z,0.0,80.125,32.125,-0.03,1.49
2013-01-01T12:00:00Z,0.0,80.125,36.125,-0.26,1.39
2013-01-01T12:00:00Z,0.0,80.125,40.125,-0.41,1.31
2013-01-01T12:00:00Z,0.0,80.125,44.125,-0.82,0.9
2013-01-01T12:00:00Z,0.0,80.125,48.125,-1.4,0.26
2013-01-01T12:00:00Z,0.0,80.125,52.125,-1.19,0.46
2013-01-01T12:00:00Z,0.0,80.125,56.125,NaN,NaN
2013-01-01T12:00:00Z,0.0,80.125,60.125,-1.57,0.07
2013-01-01T12:00:00Z,0.0,80.125,64.125,-1.78,-0.08
2013-01-01T12:00:00Z,0.0,80.125,68.125,-1.46,0.29
2013-01-01T12:00:00Z,0.0,80.125,72.125,-1.34,0.44
2013-01-01T12:00:00Z,0.0,80.125,76.125,-1.67,0.13
2013-01-01T12:00:00Z,0.0,80.125,80.125,-1.8,0.0
2013-01-01T12:00:00Z,0.0,80.125,84.125,-1.8,0.0
2013-01-01T12:00:00Z,0.0,80.125,88.125,-1.79,0.01
2013-01-01T12:00:00Z,0.0,80.125,92.125,-1.72,0.06
2013-01-01T12:00:00Z,0.0,80.125,96.125,NaN,NaN
2013-01-01T12:00:00Z,0.0,80.125,100.125,-1.77,-0.04
2013-01-01T12:00:00Z,0.0,80.125,104.125,-1.79,-0.05
2013-01-01T12:00:00Z,0.0,80.125,108.125,-1.79,-0.01
2013-01-01T12:00:00Z,0.0,80.125,112.125,-1.79,0.01
2013-01-01T12:00:00Z,0.0,80.125,116.125,-1.77,0.03
2013-01-01T12:00:00Z,0.0,80.125,120.125,-1.78,0.02
2013-01-01T12:00:00Z,0.0,80.125,124.125,-1.77,0.03
2013-01-01T12:00:00Z,0.0,80.125,128.125,-1.77,0.03
2013-01-01T12:00:00Z,0.0,80.125,132.125,-1.77,0.03
2013-01-01T12:00:00Z,0.0,80.125,136.125,-1.78,0.02
2013-01-01T12:00:00Z,0.0,80.125,140.125,-1.77,0.03
2013-01-01T12:00:00Z,0.0,80.125,144.125,-1.77,0.03
2013-01-01T12:00:00Z,0.0,80.125,148.125,-1.76,0.04
2013-01-01T12:00:00Z,0.0,80.125,152.125,-1.8,0.0
2013-01-01T12:00:00Z,0.0,80.125,156.125,-1.8,0.0
2013-01-01T12:00:00Z,0.0,80.125,160.125,-1.78,0.02
2013-01-01T12:00:00Z,0.0,80.125,164.125,-1.77,0.03
2013-01-01T12:00:00Z,0.0,80.125,168.125,-1.75,0.05
2013-01-01T12:00:00Z,0.0,80.125,172.125,-1.77,0.03
2013-01-01T12:00:00Z,0.0,80.125,176.125,-1.78,0.02
2013-01-01T12:00:00Z,0.0,80.125,180.125,-1.78,0.02
2013-01-01T12:00:00Z,0.0,80.125,184.125,-1.78,0.02
2013-01-01T12:00:00Z,0.0,80.125,188.125,-1.78,0.02
2013-01-01T12:00:00Z,0.0,80.125,192.125,-1.75,0.05
2013-01-01T12:00:00Z,0.0,80.125,196.125,-1.76,0.04
2013-01-01T12:00:00Z,0.0,80.125,200.125,-1.76,0.04
2013-01-01T12:00:00Z,0.0,80.125,204.125,-1.74,0.06
2013-01-01T12:00:00Z,0.0,80.125,208.125,-1.76,0.04
2013-01-01T12:00:00Z,0.0,80.125,212.125,-1.76,0.04
2013-01-01T12:00:00Z,0.0,80.125,216.125,-1.77,0.03
2013-01-01T12:00:00Z,0.0,80.125,220.125,-1.79,0.01
2013-01-01T12:00:00Z,0.0,80.125,224.125,-1.79,0.01
2013-01-01T12:00:00Z,0.0,80.125,228.125,-1.79,0.01
2013-01-01T12:00:00Z,0.0,80.125,232.125,-1.8,0.0
2013-01-01T12:00:00Z,0.0,80.125,236.125,-1.79,0.01
2013-01-01T12:00:00Z,0.0,80.125,240.125,-1.8,0.0
2013-01-01T12:00:00Z,0.0,80.125,244.125,-1.79,0.01
2013-01-01T12:00:00Z,0.0,80.125,248.125,-1.8,0.0
2013-01-01T12:00:00Z,0.0,80.125,252.125,-1.8,0.0
2013-01-01T12:00:00Z,0.0,80.125,256.125,-1.8,-0.01
2013-01-01T12:00:00Z,0.0,80.125,260.125,-1.75,0.05
2013-01-01T12:00:00Z,0.0,80.125,264.125,NaN,NaN
2013-01-01T12:00:00Z,0.0,80.125,268.125,NaN,NaN
2013-01-01T12:00:00Z,0.0,80.125,272.125,NaN,NaN
2013-01-01T12:00:00Z,0.0,80.125,276.125,NaN,NaN
2013-01-01T12:00:00Z,0.0,80.125,280.125,NaN,NaN
2013-01-01T12:00:00Z,0.0,80.125,284.125,NaN,NaN
2013-01-01T12:00:00Z,0.0,80.125,288.125,NaN,NaN
2013-01-01T12:00:00Z,0.0,80.125,292.125,-1.47,0.3
2013-01-01T12:00:00Z,0.0,80.125,296.125,NaN,NaN
2013-01-01T12:00:00Z,0.0,80.125,300.125,NaN,NaN
2013-01-01T12:00:00Z,0.0,80.125,304.125,NaN,NaN
2013-01-01T12:00:00Z,0.0,80.125,308.125,NaN,NaN
2013-01-01T12:00:00Z,0.0,80.125,312.125,NaN,NaN
2013-01-01T12:00:00Z,0.0,80.125,316.125,NaN,NaN
2013-01-01T12:00:00Z,0.0,80.125,320.125,NaN,NaN
2013-01-01T12:00:00Z,0.0,80.125,324.125,NaN,NaN
2013-01-01T12:00:00Z,0.0,80.125,328.125,NaN,NaN
2013-01-01T12:00:00Z,0.0,80.125,332.125,NaN,NaN
2013-01-01T12:00:00Z,0.0,80.125,336.125,NaN,NaN
2013-01-01T12:00:00Z,0.0,80.125,340.125,NaN,NaN
2013-01-01T12:00:00Z,0.0,80.125,344.125,-1.33,0.38
2013-01-01T12:00:00Z,0.0,80.125,348.125,-1.62,0.13
2013-01-01T12:00:00Z,0.0,80.125,352.125,-1.66,0.1
2013-01-01T12:00:00Z,0.0,80.125,356.125,-1.48,0.0
2013-01-01T12:00:00Z,0.0,84.125,0.125,-1.7,0.1
2013-01-01T12:00:00Z,0.0,84.125,4.125,-1.64,0.16
2013-01-01T12:00:00Z,0.0,84.125,8.125,-1.59,0.2
2013-01-01T12:00:00Z,0.0,84.125,12.125,-1.51,0.25
2013-01-01T12:00:00Z,0.0,84.125,16.125,-1.51,0.21
2013-01-01T12:00:00Z,0.0,84.125,20.125,-1.5,0.22
2013-01-01T12:00:00Z,0.0,84.125,24.125,-1.47,0.25
2013-01-01T12:00:00Z,0.0,84.125,28.125,-1.41,0.34
2013-01-01T12:00:00Z,0.0,84.125,32.125,-1.36,0.4
2013-01-01T12:00:00Z,0.0,84.125,36.125,-1.39,0.38
2013-01-01T12:00:00Z,0.0,84.125,40.125,-1.46,0.33
2013-01-01T12:00:00Z,0.0,84.125,44.125,-1.54,0.24
2013-01-01T12:00:00Z,0.0,84.125,48.125,-1.62,0.14
2013-01-01T12:00:00Z,0.0,84.125,52.125,-1.67,0.08
2013-01-01T12:00:00Z,0.0,84.125,56.125,-1.69,0.06
2013-01-01T12:00:00Z,0.0,84.125,60.125,-1.74,0.02
2013-01-01T12:00:00Z,0.0,84.125,64.125,-1.77,0.02
2013-01-01T12:00:00Z,0.0,84.125,68.125,-1.78,0.02
2013-01-01T12:00:00Z,0.0,84.125,72.125,-1.78,0.02
2013-01-01T12:00:00Z,0.0,84.125,76.125,-1.79,0.01
2013-01-01T12:00:00Z,0.0,84.125,80.125,-1.79,0.01
2013-01-01T12:00:00Z,0.0,84.125,84.125,-1.79,0.01
2013-01-01T12:00:00Z,0.0,84.125,88.125,-1.79,0.01
2013-01-01T12:00:00Z,0.0,84.125,92.125,-1.79,0.01
2013-01-01T12:00:00Z,0.0,84.125,96.125,-1.79,0.01
2013-01-01T12:00:00Z,0.0,84.125,100.125,-1.8,0.0
2013-01-01T12:00:00Z,0.0,84.125,104.125,-1.8,0.0
2013-01-01T12:00:00Z,0.0,84.125,108.125,-1.8,0.0
2013-01-01T12:00:00Z,0.0,84.125,112.125,-1.79,0.01
2013-01-01T12:00:00Z,0.0,84.125,116.125,-1.78,0.02
2013-01-01T12:00:00Z,0.0,84.125,120.125,-1.79,0.01
2013-01-01T12:00:00Z,0.0,84.125,124.125,-1.78,0.02
2013-01-01T12:00:00Z,0.0,84.125,128.125,-1.78,0.02
2013-01-01T12:00:00Z,0.0,84.125,132.125,-1.76,0.04
2013-01-01T12:00:00Z,0.0,84.125,136.125,-1.77,0.03
2013-01-01T12:00:00Z,0.0,84.125,140.125,-1.79,0.01
2013-01-01T12:00:00Z,0.0,84.125,144.125,-1.8,0.0
2013-01-01T12:00:00Z,0.0,84.125,148.125,-1.8,0.0
2013-01-01T12:00:00Z,0.0,84.125,152.125,-1.79,0.01
2013-01-01T12:00:00Z,0.0,84.125,156.125,-1.79,0.01
2013-01-01T12:00:00Z,0.0,84.125,160.125,-1.79,0.01
2013-01-01T12:00:00Z,0.0,84.125,164.125,-1.8,0.0
2013-01-01T12:00:00Z,0.0,84.125,168.125,-1.8,0.0
2013-01-01T12:00:00Z,0.0,84.125,172.125,-1.8,0.0
2013-01-01T12:00:00Z,0.0,84.125,176.125,-1.8,0.0
2013-01-01T12:00:00Z,0.0,84.125,180.125,-1.79,0.01
2013-01-01T12:00:00Z,0.0,84.125,184.125,-1.79,0.01
2013-01-01T12:00:00Z,0.0,84.125,188.125,-1.79,0.01
2013-01-01T12:00:00Z,0.0,84.125,192.125,-1.79,0.01
2013-01-01T12:00:00Z,0.0,84.125,196.125,-1.79,0.01
2013-01-01T12:00:00Z,0.0,84.125,200.125,-1.8,0.0
2013-01-01T12:00:00Z,0.0,84.125,204.125,-1.8,0.0
2013-01-01T12:00:00Z,0.0,84.125,208.125,-1.79,0.01
2013-01-01T12:00:00Z,0.0,84.125,212.125,-1.8,0.0
2013-01-01T12:00:00Z,0.0,84.125,216.125,-1.8,0.0
2013-01-01T12:00:00Z,0.0,84.125,220.125,-1.8,0.0
2013-01-01T12:00:00Z,0.0,84.125,224.125,-1.8,0.0
2013-01-01T12:00:00Z,0.0,84.125,228.125,-1.79,0.01
2013-01-01T12:00:00Z,0.0,84.125,232.125,-1.79,0.01
2013-01-01T12:00:00Z,0.0,84.125,236.125,-1.79,0.01
2013-01-01T12:00:00Z,0.0,84.125,240.125,-1.79,0.01
2013-01-01T12:00:00Z,0.0,84.125,244.125,-1.79,0.01
2013-01-01T12:00:00Z,0.0,84.125,248.125,-1.78,0.02
2013-01-01T12:00:00Z,0.0,84.125,252.125,-1.79,0.01
2013-01-01T12:00:00Z,0.0,84.125,256.125,-1.79,0.01
2013-01-01T12:00:00Z,0.0,84.125,260.125,-1.78,0.02
2013-01-01T12:00:00Z,0.0,84.125,264.125,-1.77,0.03
2013-01-01T12:00:00Z,0.0,84.125,268.125,-1.77,0.03
2013-01-01T12:00:00Z,0.0,84.125,272.125,-1.75,0.05
2013-01-01T12:00:00Z,0.0,84.125,276.125,-1.76,0.04
2013-01-01T12:00:00Z,0.0,84.125,280.125,-1.75,0.04
2013-01-01T12:00:00Z,0.0,84.125,284.125,-1.77,0.02
2013-01-01T12:00:00Z,0.0,84.125,288.125,-1.78,0.02
2013-01-01T12:00:00Z,0.0,84.125,292.125,-1.79,0.0
2013-01-01T12:00:00Z,0.0,84.125,296.125,-1.75,0.04
2013-01-01T12:00:00Z,0.0,84.125,300.125,-1.8,0.0
2013-01-01T12:00:00Z,0.0,84.125,304.125,-1.79,0.01
2013-01-01T12:00:00Z,0.0,84.125,308.125,-1.79,0.01
2013-01-01T12:00:00Z,0.0,84.125,312.125,-1.75,0.05
2013-01-01T12:00:00Z,0.0,84.125,316.125,-1.77,0.03
2013-01-01T12:00:00Z,0.0,84.125,320.125,-1.71,0.09
2013-01-01T12:00:00Z,0.0,84.125,324.125,-1.8,-0.01
2013-01-01T12:00:00Z,0.0,84.125,328.125,-1.79,-0.01
2013-01-01T12:00:00Z,0.0,84.125,332.125,-1.75,0.04
2013-01-01T12:00:00Z,0.0,84.125,336.125,-1.76,0.04
2013-01-01T12:00:00Z,0.0,84.125,340.125,-1.77,0.03
2013-01-01T12:00:00Z,0.0,84.125,344.125,-1.77,0.03
2013-01-01T12:00:00Z,0.0,84.125,348.125,-1.76,0.03
2013-01-01T12:00:00Z,0.0,84.125,352.125,-1.74,0.06
2013-01-01T12:00:00Z,0.0,84.125,356.125,-1.74,0.06
2013-01-01T12:00:00Z,0.0,88.125,0.125,-1.75,0.05
2013-01-01T12:00:00Z,0.0,88.125,4.125,-1.74,0.06
2013-01-01T12:00:00Z,0.0,88.125,8.125,-1.73,0.06
2013-01-01T12:00:00Z,0.0,88.125,12.125,-1.72,0.06
2013-01-01T12:00:00Z,0.0,88.125,16.125,-1.72,0.06
2013-01-01T12:00:00Z,0.0,88.125,20.125,-1.72,0.06
2013-01-01T12:00:00Z,0.0,88.125,24.125,-1.72,0.07
2013-01-01T12:00:00Z,0.0,88.125,28.125,-1.72,0.07
2013-01-01T12:00:00Z,0.0,88.125,32.125,-1.72,0.08
2013-01-01T12:00:00Z,0.0,88.125,36.125,-1.72,0.08
2013-01-01T12:00:00Z,0.0,88.125,40.125,-1.73,0.07
2013-01-01T12:00:00Z,0.0,88.125,44.125,-1.73,0.07
2013-01-01T12:00:00Z,0.0,88.125,48.125,-1.74,0.06
2013-01-01T12:00:00Z,0.0,88.125,52.125,-1.74,0.06
2013-01-01T12:00:00Z,0.0,88.125,56.125,-1.75,0.05
2013-01-01T12:00:00Z,0.0,88.125,60.125,-1.75,0.05
2013-01-01T12:00:00Z,0.0,88.125,64.125,-1.75,0.05
2013-01-01T12:00:00Z,0.0,88.125,68.125,-1.75,0.05
2013-01-01T12:00:00Z,0.0,88.125,72.125,-1.76,0.04
2013-01-01T12:00:00Z,0.0,88.125,76.125,-1.76,0.04
2013-01-01T12:00:00Z,0.0,88.125,80.125,-1.76,0.04
2013-01-01T12:00:00Z,0.0,88.125,84.125,-1.76,0.04
2013-01-01T12:00:00Z,0.0,88.125,88.125,-1.76,0.04
2013-01-01T12:00:00Z,0.0,88.125,92.125,-1.76,0.04
2013-01-01T12:00:00Z,0.0,88.125,96.125,-1.76,0.04
2013-01-01T12:00:00Z,0.0,88.125,100.125,-1.76,0.04
2013-01-01T12:00:00Z,0.0,88.125,104.125,-1.76,0.04
2013-01-01T12:00:00Z,0.0,88.125,108.125,-1.76,0.04
2013-01-01T12:00:00Z,0.0,88.125,112.125,-1.76,0.04
2013-01-01T12:00:00Z,0.0,88.125,116.125,-1.76,0.04
2013-01-01T12:00:00Z,0.0,88.125,120.125,-1.76,0.04
2013-01-01T12:00:00Z,0.0,88.125,124.125,-1.76,0.04
2013-01-01T12:00:00Z,0.0,88.125,128.125,-1.75,0.05
2013-01-01T12:00:00Z,0.0,88.125,132.125,-1.75,0.05
2013-01-01T12:00:00Z,0.0,88.125,136.125,-1.75,0.05
2013-01-01T12:00:00Z,0.0,88.125,140.125,-1.76,0.04
2013-01-01T12:00:00Z,0.0,88.125,144.125,-1.76,0.04
2013-01-01T12:00:00Z,0.0,88.125,148.125,-1.76,0.04
2013-01-01T12:00:00Z,0.0,88.125,152.125,-1.76,0.04
2013-01-01T12:00:00Z,0.0,88.125,156.125,-1.76,0.04
2013-01-01T12:00:00Z,0.0,88.125,160.125,-1.76,0.04
2013-01-01T12:00:00Z,0.0,88.125,164.125,-1.76,0.04
2013-01-01T12:00:00Z,0.0,88.125,168.125,-1.76,0.04
2013-01-01T12:00:00Z,0.0,88.125,172.125,-1.76,0.04
2013-01-01T12:00:00Z,0.0,88.125,176.125,-1.76,0.04
2013-01-01T12:00:00Z,0.0,88.125,180.125,-1.76,0.04
2013-01-01T12:00:00Z,0.0,88.125,184.125,-1.76,0.04
2013-01-01T12:00:00Z,0.0,88.125,188.125,-1.76,0.04
2013-01-01T12:00:00Z,0.0,88.125,192.125,-1.76,0.04
2013-01-01T12:00:00Z,0.0,88.125,196.125,-1.76,0.04
2013-01-01T12:00:00Z,0.0,88.125,200.125,-1.76,0.04
2013-01-01T12:00:00Z,0.0,88.125,204.125,-1.76,0.04
2013-01-01T12:00:00Z,0.0,88.125,208.125,-1.76,0.04
2013-01-01T12:00:00Z,0.0,88.125,212.125,-1.76,0.04
2013-01-01T12:00:00Z,0.0,88.125,216.125,-1.76,0.04
2013-01-01T12:00:00Z,0.0,88.125,220.125,-1.76,0.04
2013-01-01T12:00:00Z,0.0,88.125,224.125,-1.76,0.04
2013-01-01T12:00:00Z,0.0,88.125,228.125,-1.76,0.04
2013-01-01T12:00:00Z,0.0,88.125,232.125,-1.76,0.04
2013-01-01T12:00:00Z,0.0,88.125,236.125,-1.76,0.04
2013-01-01T12:00:00Z,0.0,88.125,240.125,-1.76,0.04
2013-01-01T12:00:00Z,0.0,88.125,244.125,-1.76,0.04
2013-01-01T12:00:00Z,0.0,88.125,248.125,-1.76,0.04
2013-01-01T12:00:00Z,0.0,88.125,252.125,-1.76,0.04
2013-01-01T12:00:00Z,0.0,88.125,256.125,-1.76,0.04
2013-01-01T12:00:00Z,0.0,88.125,260.125,-1.75,0.05
2013-01-01T12:00:00Z,0.0,88.125,264.125,-1.75,0.05
2013-01-01T12:00:00Z,0.0,88.125,268.125,-1.75,0.05
2013-01-01T12:00:00Z,0.0,88.125,272.125,-1.75,0.05
2013-01-01T12:00:00Z,0.0,88.125,276.125,-1.75,0.05
2013-01-01T12:00:00Z,0.0,88.125,280.125,-1.75,0.05
2013-01-01T12:00:00Z,0.0,88.125,284.125,-1.75,0.05
2013-01-01T12:00:00Z,0.0,88.125,288.125,-1.76,0.04
2013-01-01T12:00:00Z,0.0,88.125,292.125,-1.76,0.04
2013-01-01T12:00:00Z,0.0,88.125,296.125,-1.76,0.04
2013-01-01T12:00:00Z,0.0,88.125,300.125,-1.76,0.04
2013-01-01T12:00:00Z,0.0,88.125,304.125,-1.76,0.04
2013-01-01T12:00:00Z,0.0,88.125,308.125,-1.76,0.04
2013-01-01T12:00:00Z,0.0,88.125,312.125,-1.76,0.04
2013-01-01T12:00:00Z,0.0,88.125,316.125,-1.76,0.04
2013-01-01T12:00:00Z,0.0,88.125,320.125,-1.75,0.05
2013-01-01T12:00:00Z,0.0,88.125,324.125,-1.76,0.04
2013-01-01T12:00:00Z,0.0,88.125,328.125,-1.76,0.04
2013-01-01T12:00:00Z,0.0,88.125,332.125,-1.75,0.05
2013-01-01T12:00:00Z,0.0,88.125,336.125,-1.75,0.05
2013-01-01T12:00:00Z,0.0,88.125,340.125,-1.75,0.05
2013-01-01T12:00:00Z,0.0,88.125,344.125,-1.75,0.05
2013-01-01T12:00:00Z,0.0,88.125,348.125,-1.75,0.05
2013-01-01T12:00:00Z,0.0,88.125,352.125,-1.75,0.05
2013-01-01T12:00:00Z,0.0,88.125,356.125,-1.75,0.05
