2019-03-31T12:00:00Z,0.0,-87.875,0.125,NaN,NaN
2019-03-31T12:00:00Z,0.0,-87.875,4.125,NaN,NaN
2019-03-31T12:00:00Z,0.0,-87.875,8.125,NaN,NaN
2019-03-31T12:00:00Z,0.0,-87.875,12.125,NaN,NaN
2019-03-31T12:00:00Z,0.0,-87.875,16.125,NaN,NaN
2019-03-31T12:00:00Z,0.0,-87.875,20.125,NaN,NaN
2019-03-31T12:00:00Z,0.0,-87.875,24.125,NaN,NaN
2019-03-31T12:00:00Z,0.0,-87.875,28.125,NaN,NaN
2019-03-31T12:00:00Z,0.0,-87.875,32.125,NaN,NaN
2019-03-31T12:00:00Z,0.0,-87.875,36.125,NaN,NaN
2019-03-31T12:00:00Z,0.0,-87.875,40.125,NaN,NaN
2019-03-31T12:00:00Z,0.0,-87.875,44.125,NaN,NaN
2019-03-31T12:00:00Z,0.0,-87.875,48.125,NaN,NaN
2019-03-31T12:00:00Z,0.0,-87.875,52.125,NaN,NaN
2019-03-31T12:00:00Z,0.0,-87.875,56.125,NaN,NaN
2019-03-31T12:00:00Z,0.0,-87.875,60.125,NaN,NaN
2019-03-31T12:00:00Z,0.0,-87.875,64.125,NaN,NaN
2019-03-31T12:00:00Z,0.0,-87.875,68.125,NaN,NaN
2019-03-31T12:00:00Z,0.0,-87.875,72.125,NaN,NaN
2019-03-31T12:00:00Z,0.0,-87.875,76.125,NaN,NaN
2019-03-31T12:00:00Z,0.0,-87.875,80.125,NaN,NaN
2019-03-31T12:00:00Z,0.0,-87.875,84.125,NaN,NaN
2019-03-31T12:00:00Z,0.0,-87.875,88.125,NaN,NaN
2019-03-31T12:00:00Z,0.0,-87.875,92.125,NaN,NaN
2019-03-31T12:00:00Z,0.0,-87.875,96.125,NaN,NaN
2019-03-31T12:00:00Z,0.0,-87.875,100.125,NaN,NaN
2019-03-31T12:00:00Z,0.0,-87.875,104.125,NaN,NaN
2019-03-31T12:00:00Z,0.0,-87.875,108.125,NaN,NaN
2019-03-31T12:00:00Z,0.0,-87.875,112.125,NaN,NaN
2019-03-31T12:00:00Z,0.0,-87.875,116.125,NaN,NaN
2019-03-31T12:00:00Z,0.0,-87.875,120.125,NaN,NaN
2019-03-31T12:00:00Z,0.0,-87.875,124.125,NaN,NaN
2019-03-31T12:00:00Z,0.0,-87.875,128.125,NaN,NaN
2019-03-31T12:00:00Z,0.0,-87.875,132.125,NaN,NaN
2019-03-31T12:00:00Z,0.0,-87.875,136.125,NaN,NaN
2019-03-31T12:00:00Z,0.0,-87.875,140.125,NaN,NaN
2019-03-31T12:00:00Z,0.0,-87.875,144.125,NaN,NaN
2019-03-31T12:00:00Z,0.0,-87.875,148.125,NaN,NaN
2019-03-31T12:00:00Z,0.0,-87.875,152.125,NaN,NaN
2019-03-31T12:00:00Z,0.0,-87.875,156.125,NaN,NaN
2019-03-31T12:00:00Z,0.0,-87.875,160.125,NaN,NaN
2019-03-31T12:00:00Z,0.0,-87.875,164.125,NaN,NaN
2019-03-31T12:00:00Z,0.0,-87.875,168.125,NaN,NaN
2019-03-31T12:00:00Z,0.0,-87.875,172.125,NaN,NaN
2019-03-31T12:00:00Z,0.0,-87.875,176.125,NaN,NaN
2019-03-31T12:00:00Z,0.0,-87.875,180.125,NaN,NaN
2019-03-31T12:00:00Z,0.0,-87.875,184.125,NaN,NaN
2019-03-31T12:00:00Z,0.0,-87.875,188.125,NaN,NaN
2019-03-31T12:00:00Z,0.0,-87.875,192.125,NaN,NaN
2019-03-31T12:00:00Z,0.0,-87.875,196.125,NaN,NaN
2019-03-31T12:00:00Z,0.0,-87.875,200.125,NaN,NaN
2019-03-31T12:00:00Z,0.0,-87.875,204.125,NaN,NaN
2019-03-31T12:00:00Z,0.0,-87.875,208.125,NaN,NaN
2019-03-31T12:00:00Z,0.0,-87.875,212.125,NaN,NaN
2019-03-31T12:00:00Z,0.0,-87.875,216.125,NaN,NaN
2019-03-31T12:00:00Z,0.0,-87.875,220.125,NaN,NaN
2019-03-31T12:00:00Z,0.0,-87.875,224.125,NaN,NaN
2019-03-31T12:00:00Z,0.0,-87.875,228.125,NaN,NaN
2019-03-31T12:00:00Z,0.0,-87.875,232.125,NaN,NaN
2019-03-31T12:00:00Z,0.0,-87.875,236.125,NaN,NaN
2019-03-31T12:00:00Z,0.0,-87.875,240.125,NaN,NaN
2019-03-31T12:00:00Z,0.0,-87.875,244.125,NaN,NaN
2019-03-31T12:00:00Z,0.0,-87.875,248.125,NaN,NaN
2019-03-31T12:00:00Z,0.0,-87.875,252.125,NaN,NaN
2019-03-31T12:00:00Z,0.0,-87.875,256.125,NaN,NaN
2019-03-31T12:00:00Z,0.0,-87.875,260.125,NaN,NaN
2019-03-31T12:00:00Z,0.0,-87.875,264.125,NaN,NaN
2019-03-31T12:00:00Z,0.0,-87.875,268.125,NaN,NaN
2019-03-31T12:00:00Z,0.0,-87.875,272.125,NaN,NaN
2019-03-31T12:00:00Z,0.0,-87.875,276.125,NaN,NaN
2019-03-31T12:00:00Z,0.0,-87.875,280.125,NaN,NaN
2019-03-31T12:00:00Z,0.0,-87.875,284.125,NaN,NaN
2019-03-31T12:00:00Z,0.0,-87.875,288.125,NaN,NaN
2019-03-31T12:00:00Z,0.0,-87.875,292.125,NaN,NaN
2019-03-31T12:00:00Z,0.0,-87.875,296.125,NaN,NaN
2019-03-31T12:00:00Z,0.0,-87.875,300.125,NaN,NaN
2019-03-31T12:00:00Z,0.0,-87.875,304.125,NaN,NaN
2019-03-31T12:00:00Z,0.0,-87.875,308.125,NaN,NaN
2019-03-31T12:00:00Z,0.0,-87.875,312.125,NaN,NaN
2019-03-31T12:00:00Z,0.0,-87.875,316.125,NaN,NaN
2019-03-31T12:00:00Z,0.0,-87.875,320.125,NaN,NaN
2019-03-31T12:00:00Z,0.0,-87.875,324.125,NaN,NaN
2019-03-31T12:00:00Z,0.0,-87.875,328.125,NaN,NaN
2019-03-31T12:00:00Z,0.0,-87.875,332.125,NaN,NaN
2019-03-31T12:00:00Z,0.0,-87.875,336.125,NaN,NaN
2019-03-31T12:00:00Z,0.0,-87.875,340.125,NaN,NaN
2019-03-31T12:00:00Z,0.0,-87.875,344.125,NaN,NaN
2019-03-31T12:00:00Z,0.0,-87.875,348.125,NaN,NaN
2019-03-31T12:00:00Z,0.0,-87.875,352.125,NaN,NaN
2019-03-31T12:00:00Z,0.0,-87.875,356.125,NaN,NaN
2019-03-31T12:00:00Z,0.0,-83.875,0.125,NaN,NaN
2019-03-31T12:00:00Z,0.0,-83.875,4.125,NaN,NaN
2019-03-31T12:00:00Z,0.0,-83.875,8.125,NaN,NaN
2019-03-31T12:00:00Z,0.0,-83.875,12.125,NaN,NaN
2019-03-31T12:00:00Z,0.0,-83.875,16.125,NaN,NaN
2019-03-31T12:00:00Z,0.0,-83.875,20.125,NaN,NaN
2019-03-31T12:00:00Z,0.0,-83.875,24.125,NaN,NaN
2019-03-31T12:00:00Z,0.0,-83.875,28.125,NaN,NaN
2019-03-31T12:00:00Z,0.0,-83.875,32.125,NaN,NaN
2019-03-31T12:00:00Z,0.0,-83.875,36.125,NaN,NaN
2019-03-31T12:00:00Z,0.0,-83.875,40.125,NaN,NaN
2019-03-31T12:00:00Z,0.0,-83.875,44.125,NaN,NaN
2019-03-31T12:00:00Z,0.0,-83.875,48.125,NaN,NaN
2019-03-31T12:00:00Z,0.0,-83.875,52.125,NaN,NaN
2019-03-31T12:00:00Z,0.0,-83.875,56.125,NaN,NaN
2019-03-31T12:00:00Z,0.0,-83.875,60.125,NaN,NaN
2019-03-31T12:00:00Z,0.0,-83.875,64.125,NaN,NaN
2019-03-31T12:00:00Z,0.0,-83.875,68.125,NaN,NaN
2019-03-31T12:00:00Z,0.0,-83.875,72.125,NaN,NaN
2019-03-31T12:00:00Z,0.0,-83.875,76.125,NaN,NaN
2019-03-31T12:00:00Z,0.0,-83.875,80.125,NaN,NaN
2019-03-31T12:00:00Z,0.0,-83.875,84.125,NaN,NaN
2019-03-31T12:00:00Z,0.0,-83.875,88.125,NaN,NaN
2019-03-31T12:00:00Z,0.0,-83.875,92.125,NaN,NaN
2019-03-31T12:00:00Z,0.0,-83.875,96.125,NaN,NaN
2019-03-31T12:00:00Z,0.0,-83.875,100.125,NaN,NaN
2019-03-31T12:00:00Z,0.0,-83.875,104.125,NaN,NaN
2019-03-31T12:00:00Z,0.0,-83.875,108.125,NaN,NaN
2019-03-31T12:00:00Z,0.0,-83.875,112.125,NaN,NaN
2019-03-31T12:00:00Z,0.0,-83.875,116.125,NaN,NaN
2019-03-31T12:00:00Z,0.0,-83.875,120.125,NaN,NaN
2019-03-31T12:00:00Z,0.0,-83.875,124.125,NaN,NaN
2019-03-31T12:00:00Z,0.0,-83.875,128.125,NaN,NaN
2019-03-31T12:00:00Z,0.0,-83.875,132.125,NaN,NaN
2019-03-31T12:00:00Z,0.0,-83.875,136.125,NaN,NaN
2019-03-31T12:00:00Z,0.0,-83.875,140.125,NaN,NaN
2019-03-31T12:00:00Z,0.0,-83.875,144.125,NaN,NaN
2019-03-31T12:00:00Z,0.0,-83.875,148.125,NaN,NaN
2019-03-31T12:00:00Z,0.0,-83.875,152.125,NaN,NaN
2019-03-31T12:00:00Z,0.0,-83.875,156.125,NaN,NaN
2019-03-31T12:00:00Z,0.0,-83.875,160.125,NaN,NaN
2019-03-31T12:00:00Z,0.0,-83.875,164.125,NaN,NaN
2019-03-31T12:00:00Z,0.0,-83.875,168.125,NaN,NaN
2019-03-31T12:00:00Z,0.0,-83.875,172.125,NaN,NaN
2019-03-31T12:00:00Z,0.0,-83.875,176.125,NaN,NaN
2019-03-31T12:00:00Z,0.0,-83.875,180.125,NaN,NaN
2019-03-31T12:00:00Z,0.0,-83.875,184.125,NaN,NaN
2019-03-31T12:00:00Z,0.0,-83.875,188.125,NaN,NaN
2019-03-31T12:00:00Z,0.0,-83.875,192.125,NaN,NaN
2019-03-31T12:00:00Z,0.0,-83.875,196.125,NaN,NaN
2019-03-31T12:00:00Z,0.0,-83.875,200.125,NaN,NaN
2019-03-31T12:00:00Z,0.0,-83.875,204.125,NaN,NaN
2019-03-31T12:00:00Z,0.0,-83.875,208.125,NaN,NaN
2019-03-31T12:00:00Z,0.0,-83.875,212.125,NaN,NaN
2019-03-31T12:00:00Z,0.0,-83.875,216.125,NaN,NaN
2019-03-31T12:00:00Z,0.0,-83.875,220.125,NaN,NaN
2019-03-31T12:00:00Z,0.0,-83.875,224.125,NaN,NaN
2019-03-31T12:00:00Z,0.0,-83.875,228.125,NaN,NaN
2019-03-31T12:00:00Z,0.0,-83.875,232.125,NaN,NaN
2019-03-31T12:00:00Z,0.0,-83.875,236.125,NaN,NaN
2019-03-31T12:00:00Z,0.0,-83.875,240.125,NaN,NaN
2019-03-31T12:00:00Z,0.0,-83.875,244.125,NaN,NaN
2019-03-31T12:00:00Z,0.0,-83.875,248.125,NaN,NaN
2019-03-31T12:00:00Z,0.0,-83.875,252.125,NaN,NaN
2019-03-31T12:00:00Z,0.0,-83.875,256.125,NaN,NaN
2019-03-31T12:00:00Z,0.0,-83.875,260.125,NaN,NaN
2019-03-31T12:00:00Z,0.0,-83.875,264.125,NaN,NaN
2019-03-31T12:00:00Z,0.0,-83.875,268.125,NaN,NaN
2019-03-31T12:00:00Z,0.0,-83.875,272.125,NaN,NaN
2019-03-31T12:00:00Z,0.0,-83.875,276.125,NaN,NaN
2019-03-31T12:00:00Z,0.0,-83.875,280.125,NaN,NaN
2019-03-31T12:00:00Z,0.0,-83.875,284.125,NaN,NaN
2019-03-31T12:00:00Z,0.0,-83.875,288.125,NaN,NaN
2019-03-31T12:00:00Z,0.0,-83.875,292.125,NaN,NaN
2019-03-31T12:00:00Z,0.0,-83.875,296.125,NaN,NaN
2019-03-31T12:00:00Z,0.0,-83.875,300.125,NaN,NaN
2019-03-31T12:00:00Z,0.0,-83.875,304.125,NaN,NaN
2019-03-31T12:00:00Z,0.0,-83.875,308.125,NaN,NaN
2019-03-31T12:00:00Z,0.0,-83.875,312.125,NaN,NaN
2019-03-31T12:00:00Z,0.0,-83.875,316.125,NaN,NaN
2019-03-31T12:00:00Z,0.0,-83.875,320.125,NaN,NaN
2019-03-31T12:00:00Z,0.0,-83.875,324.125,NaN,NaN
2019-03-31T12:00:00Z,0.0,-83.875,328.125,NaN,NaN
2019-03-31T12:00:00Z,0.0,-83.875,332.125,NaN,NaN
2019-03-31T12:00:00Z,0.0,-83.875,336.125,NaN,NaN
2019-03-31T12:00:00Z,0.0,-83.875,340.125,NaN,NaN
2019-03-31T12:00:00Z,0.0,-83.875,344.125,NaN,NaN
2019-03-31T12:00:00Z,0.0,-83.875,348.125,NaN,NaN
2019-03-31T12:00:00Z,0.0,-83.875,352.125,NaN,NaN
2019-03-31T12:00:00Z,0.0,-83.875,356.125,NaN,NaN
2019-03-31T12:00:00Z,0.0,-79.875,0.125,NaN,NaN
2019-03-31T12:00:00Z,0.0,-79.875,4.125,NaN,NaN
2019-03-31T12:00:00Z,0.0,-79.875,8.125,NaN,NaN
2019-03-31T12:00:00Z,0.0,-79.875,12.125,NaN,NaN
2019-03-31T12:00:00Z,0.0,-79.875,16.125,NaN,NaN
2019-03-31T12:00:00Z,0.0,-79.875,20.125,NaN,NaN
2019-03-31T12:00:00Z,0.0,-79.875,24.125,NaN,NaN
2019-03-31T12:00:00Z,0.0,-79.875,28.125,NaN,NaN
2019-03-31T12:00:00Z,0.0,-79.875,32.125,NaN,NaN
2019-03-31T12:00:00Z,0.0,-79.875,36.125,NaN,NaN
2019-03-31T12:00:00Z,0.0,-79.875,40.125,NaN,NaN
2019-03-31T12:00:00Z,0.0,-79.875,44.125,NaN,NaN
2019-03-31T12:00:00Z,0.0,-79.875,48.125,NaN,NaN
2019-03-31T12:00:00Z,0.0,-79.875,52.125,NaN,NaN
2019-03-31T12:00:00Z,0.0,-79.875,56.125,NaN,NaN
2019-03-31T12:00:00Z,0.0,-79.875,60.125,NaN,NaN
2019-03-31T12:00:00Z,0.0,-79.875,64.125,NaN,NaN
2019-03-31T12:00:00Z,0.0,-79.875,68.125,NaN,NaN
2019-03-31T12:00:00Z,0.0,-79.875,72.125,NaN,NaN
2019-03-31T12:00:00Z,0.0,-79.875,76.125,NaN,NaN
2019-03-31T12:00:00Z,0.0,-79.875,80.125,NaN,NaN
2019-03-31T12:00:00Z,0.0,-79.875,84.125,NaN,NaN
2019-03-31T12:00:00Z,0.0,-79.875,88.125,NaN,NaN
2019-03-31T12:00:00Z,0.0,-79.875,92.125,NaN,NaN
2019-03-31T12:00:00Z,0.0,-79.875,96.125,NaN,NaN
2019-03-31T12:00:00Z,0.0,-79.875,100.125,NaN,NaN
2019-03-31T12:00:00Z,0.0,-79.875,104.125,NaN,NaN
2019-03-31T12:00:00Z,0.0,-79.875,108.125,NaN,NaN
2019-03-31T12:00:00Z,0.0,-79.875,112.125,NaN,NaN
2019-03-31T12:00:00Z,0.0,-79.875,116.125,NaN,NaN
2019-03-31T12:00:00Z,0.0,-79.875,120.125,NaN,NaN
2019-03-31T12:00:00Z,0.0,-79.875,124.125,NaN,NaN
2019-03-31T12:00:00Z,0.0,-79.875,128.125,NaN,NaN
2019-03-31T12:00:00Z,0.0,-79.875,132.125,NaN,NaN
2019-03-31T12:00:00Z,0.0,-79.875,136.125,NaN,NaN
2019-03-31T12:00:00Z,0.0,-79.875,140.125,NaN,NaN
2019-03-31T12:00:00Z,0.0,-79.875,144.125,NaN,NaN
2019-03-31T12:00:00Z,0.0,-79.875,148.125,NaN,NaN
2019-03-31T12:00:00Z,0.0,-79.875,152.125,NaN,NaN
2019-03-31T12:00:00Z,0.0,-79.875,156.125,NaN,NaN
2019-03-31T12:00:00Z,0.0,-79.875,160.125,NaN,NaN
2019-03-31T12:00:00Z,0.0,-79.875,164.125,NaN,NaN
2019-03-31T12:00:00Z,0.0,-79.875,168.125,NaN,NaN
2019-03-31T12:00:00Z,0.0,-79.875,172.125,NaN,NaN
2019-03-31T12:00:00Z,0.0,-79.875,176.125,NaN,NaN
2019-03-31T12:00:00Z,0.0,-79.875,180.125,NaN,NaN
2019-03-31T12:00:00Z,0.0,-79.875,184.125,NaN,NaN
2019-03-31T12:00:00Z,0.0,-79.875,188.125,NaN,NaN
2019-03-31T12:00:00Z,0.0,-79.875,192.125,NaN,NaN
2019-03-31T12:00:00Z,0.0,-79.875,196.125,NaN,NaN
2019-03-31T12:00:00Z,0.0,-79.875,200.125,NaN,NaN
2019-03-31T12:00:00Z,0.0,-79.875,204.125,NaN,NaN
2019-03-31T12:00:00Z,0.0,-79.875,208.125,NaN,NaN
2019-03-31T12:00:00Z,0.0,-79.875,212.125,NaN,NaN
2019-03-31T12:00:00Z,0.0,-79.875,216.125,NaN,NaN
2019-03-31T12:00:00Z,0.0,-79.875,220.125,NaN,NaN
2019-03-31T12:00:00Z,0.0,-79.875,224.125,NaN,NaN
2019-03-31T12:00:00Z,0.0,-79.875,228.125,NaN,NaN
2019-03-31T12:00:00Z,0.0,-79.875,232.125,NaN,NaN
2019-03-31T12:00:00Z,0.0,-79.875,236.125,NaN,NaN
2019-03-31T12:00:00Z,0.0,-79.875,240.125,NaN,NaN
2019-03-31T12:00:00Z,0.0,-79.875,244.125,NaN,NaN
2019-03-31T12:00:00Z,0.0,-79.875,248.125,NaN,NaN
2019-03-31T12:00:00Z,0.0,-79.875,252.125,NaN,NaN
2019-03-31T12:00:00Z,0.0,-79.875,256.125,NaN,NaN
2019-03-31T12:00:00Z,0.0,-79.875,260.125,NaN,NaN
2019-03-31T12:00:00Z,0.0,-79.875,264.125,NaN,NaN
2019-03-31T12:00:00Z,0.0,-79.875,268.125,NaN,NaN
2019-03-31T12:00:00Z,0.0,-79.875,272.125,NaN,NaN
2019-03-31T12:00:00Z,0.0,-79.875,276.125,NaN,NaN
2019-03-31T12:00:00Z,0.0,-79.875,280.125,NaN,NaN
2019-03-31T12:00:00Z,0.0,-79.875,284.125,NaN,NaN
2019-03-31T12:00:00Z,0.0,-79.875,288.125,NaN,NaN
2019-03-31T12:00:00Z,0.0,-79.875,292.125,NaN,NaN
2019-03-31T12:00:00Z,0.0,-79.875,296.125,NaN,NaN
2019-03-31T12:00:00Z,0.0,-79.875,300.125,NaN,NaN
2019-03-31T12:00:00Z,0.0,-79.875,304.125,NaN,NaN
2019-03-31T12:00:00Z,0.0,-79.875,308.125,NaN,NaN
2019-03-31T12:00:00Z,0.0,-79.875,312.125,NaN,NaN
2019-03-31T12:00:00Z,0.0,-79.875,316.125,NaN,NaN
2019-03-31T12:00:00Z,0.0,-79.875,320.125,NaN,NaN
2019-03-31T12:00:00Z,0.0,-79.875,324.125,NaN,NaN
2019-03-31T12:00:00Z,0.0,-79.875,328.125,NaN,NaN
2019-03-31T12:00:00Z,0.0,-79.875,332.125,NaN,NaN
2019-03-31T12:00:00Z,0.0,-79.875,336.125,NaN,NaN
2019-03-31T12:00:00Z,0.0,-79.875,340.125,NaN,NaN
2019-03-31T12:00:00Z,0.0,-79.875,344.125,NaN,NaN
2019-03-31T12:00:00Z,0.0,-79.875,348.125,NaN,NaN
2019-03-31T12:00:00Z,0.0,-79.875,352.125,NaN,NaN
2019-03-31T12:00:00Z,0.0,-79.875,356.125,NaN,NaN
2019-03-31T12:00:00Z,0.0,-75.875,0.125,NaN,NaN
2019-03-31T12:00:00Z,0.0,-75.875,4.125,NaN,NaN
2019-03-31T12:00:00Z,0.0,-75.875,8.125,NaN,NaN
2019-03-31T12:00:00Z,0.0,-75.875,12.125,NaN,NaN
2019-03-31T12:00:00Z,0.0,-75.875,16.125,NaN,NaN
2019-03-31T12:00:00Z,0.0,-75.875,20.125,NaN,NaN
2019-03-31T12:00:00Z,0.0,-75.875,24.125,NaN,NaN
2019-03-31T12:00:00Z,0.0,-75.875,28.125,NaN,NaN
2019-03-31T12:00:00Z,0.0,-75.875,32.125,NaN,NaN
2019-03-31T12:00:00Z,0.0,-75.875,36.125,NaN,NaN
2019-03-31T12:00:00Z,0.0,-75.875,40.125,NaN,NaN
2019-03-31T12:00:00Z,0.0,-75.875,44.125,NaN,NaN
2019-03-31T12:00:00Z,0.0,-75.875,48.125,NaN,NaN
2019-03-31T12:00:00Z,0.0,-75.875,52.125,NaN,NaN
2019-03-31T12:00:00Z,0.0,-75.875,56.125,NaN,NaN
2019-03-31T12:00:00Z,0.0,-75.875,60.125,NaN,NaN
2019-03-31T12:00:00Z,0.0,-75.875,64.125,NaN,NaN
2019-03-31T12:00:00Z,0.0,-75.875,68.125,NaN,NaN
2019-03-31T12:00:00Z,0.0,-75.875,72.125,NaN,NaN
2019-03-31T12:00:00Z,0.0,-75.875,76.125,NaN,NaN
2019-03-31T12:00:00Z,0.0,-75.875,80.125,NaN,NaN
2019-03-31T12:00:00Z,0.0,-75.875,84.125,NaN,NaN
2019-03-31T12:00:00Z,0.0,-75.875,88.125,NaN,NaN
2019-03-31T12:00:00Z,0.0,-75.875,92.125,NaN,NaN
2019-03-31T12:00:00Z,0.0,-75.875,96.125,NaN,NaN
2019-03-31T12:00:00Z,0.0,-75.875,100.125,NaN,NaN
2019-03-31T12:00:00Z,0.0,-75.875,104.125,NaN,NaN
2019-03-31T12:00:00Z,0.0,-75.875,108.125,NaN,NaN
2019-03-31T12:00:00Z,0.0,-75.875,112.125,NaN,NaN
2019-03-31T12:00:00Z,0.0,-75.875,116.125,NaN,NaN
2019-03-31T12:00:00Z,0.0,-75.875,120.125,NaN,NaN
2019-03-31T12:00:00Z,0.0,-75.875,124.125,NaN,NaN
2019-03-31T12:00:00Z,0.0,-75.875,128.125,NaN,NaN
2019-03-31T12:00:00Z,0.0,-75.875,132.125,NaN,NaN
2019-03-31T12:00:00Z,0.0,-75.875,136.125,NaN,NaN
2019-03-31T12:00:00Z,0.0,-75.875,140.125,NaN,NaN
2019-03-31T12:00:00Z,0.0,-75.875,144.125,NaN,NaN
2019-03-31T12:00:00Z,0.0,-75.875,148.125,NaN,NaN
2019-03-31T12:00:00Z,0.0,-75.875,152.125,NaN,NaN
2019-03-31T12:00:00Z,0.0,-75.875,156.125,NaN,NaN
2019-03-31T12:00:00Z,0.0,-75.875,160.125,NaN,NaN
2019-03-31T12:00:00Z,0.0,-75.875,164.125,-1.76,-0.53
2019-03-31T12:00:00Z,0.0,-75.875,168.125,-1.8,-0.34
2019-03-31T12:00:00Z,0.0,-75.875,172.125,-1.8,-0.47
2019-03-31T12:00:00Z,0.0,-75.875,176.125,-1.8,-0.46
2019-03-31T12:00:00Z,0.0,-75.875,180.125,-1.8,-0.41
2019-03-31T12:00:00Z,0.0,-75.875,184.125,-1.8,-0.37
2019-03-31T12:00:00Z,0.0,-75.875,188.125,-1.8,-0.28
2019-03-31T12:00:00Z,0.0,-75.875,192.125,-1.8,-0.23
2019-03-31T12:00:00Z,0.0,-75.875,196.125,-1.8,-0.17
2019-03-31T12:00:00Z,0.0,-75.875,200.125,-1.8,-0.16
2019-03-31T12:00:00Z,0.0,-75.875,204.125,-1.78,-0.11
2019-03-31T12:00:00Z,0.0,-75.875,208.125,-1.79,-0.12
2019-03-31T12:00:00Z,0.0,-75.875,212.125,-1.73,-0.07
2019-03-31T12:00:00Z,0.0,-75.875,216.125,NaN,NaN
2019-03-31T12:00:00Z,0.0,-75.875,220.125,NaN,NaN
2019-03-31T12:00:00Z,0.0,-75.875,224.125,NaN,NaN
2019-03-31T12:00:00Z,0.0,-75.875,228.125,NaN,NaN
2019-03-31T12:00:00Z,0.0,-75.875,232.125,NaN,NaN
2019-03-31T12:00:00Z,0.0,-75.875,236.125,NaN,NaN
2019-03-31T12:00:00Z,0.0,-75.875,240.125,NaN,NaN
2019-03-31T12:00:00Z,0.0,-75.875,244.125,NaN,NaN
2019-03-31T12:00:00Z,0.0,-75.875,248.125,NaN,NaN
2019-03-31T12:00:00Z,0.0,-75.875,252.125,NaN,NaN
2019-03-31T12:00:00Z,0.0,-75.875,256.125,NaN,NaN
2019-03-31T12:00:00Z,0.0,-75.875,260.125,NaN,NaN
2019-03-31T12:00:00Z,0.0,-75.875,264.125,NaN,NaN
2019-03-31T12:00:00Z,0.0,-75.875,268.125,NaN,NaN
2019-03-31T12:00:00Z,0.0,-75.875,272.125,NaN,NaN
2019-03-31T12:00:00Z,0.0,-75.875,276.125,NaN,NaN
2019-03-31T12:00:00Z,0.0,-75.875,280.125,NaN,NaN
2019-03-31T12:00:00Z,0.0,-75.875,284.125,NaN,NaN
2019-03-31T12:00:00Z,0.0,-75.875,288.125,NaN,NaN
2019-03-31T12:00:00Z,0.0,-75.875,292.125,NaN,NaN
2019-03-31T12:00:00Z,0.0,-75.875,296.125,-1.58,-0.23
2019-03-31T12:00:00Z,0.0,-75.875,300.125,-1.76,-0.54
2019-03-31T12:00:00Z,0.0,-75.875,304.125,-1.8,-0.26
2019-03-31T12:00:00Z,0.0,-75.875,308.125,-1.8,-0.14
2019-03-31T12:00:00Z,0.0,-75.875,312.125,-1.8,-0.1
2019-03-31T12:00:00Z,0.0,-75.875,316.125,-1.8,-0.13
2019-03-31T12:00:00Z,0.0,-75.875,320.125,-1.8,-0.11
2019-03-31T12:00:00Z,0.0,-75.875,324.125,-1.8,-0.16
2019-03-31T12:00:00Z,0.0,-75.875,328.125,-1.8,-0.28
2019-03-31T12:00:00Z,0.0,-75.875,332.125,-1.74,-0.33
2019-03-31T12:00:00Z,0.0,-75.875,336.125,-1.63,-0.21
2019-03-31T12:00:00Z,0.0,-75.875,340.125,NaN,NaN
2019-03-31T12:00:00Z,0.0,-75.875,344.125,NaN,NaN
2019-03-31T12:00:00Z,0.0,-75.875,348.125,NaN,NaN
2019-03-31T12:00:00Z,0.0,-75.875,352.125,NaN,NaN
2019-03-31T12:00:00Z,0.0,-75.875,356.125,NaN,NaN
2019-03-31T12:00:00Z,0.0,-71.875,0.125,NaN,NaN
2019-03-31T12:00:00Z,0.0,-71.875,4.125,NaN,NaN
2019-03-31T12:00:00Z,0.0,-71.875,8.125,NaN,NaN
2019-03-31T12:00:00Z,0.0,-71.875,12.125,NaN,NaN
2019-03-31T12:00:00Z,0.0,-71.875,16.125,NaN,NaN
2019-03-31T12:00:00Z,0.0,-71.875,20.125,NaN,NaN
2019-03-31T12:00:00Z,0.0,-71.875,24.125,NaN,NaN
2019-03-31T12:00:00Z,0.0,-71.875,28.125,NaN,NaN
2019-03-31T12:00:00Z,0.0,-71.875,32.125,NaN,NaN
2019-03-31T12:00:00Z,0.0,-71.875,36.125,NaN,NaN
2019-03-31T12:00:00Z,0.0,-71.875,40.125,NaN,NaN
2019-03-31T12:00:00Z,0.0,-71.875,44.125,NaN,NaN
2019-03-31T12:00:00Z,0.0,-71.875,48.125,NaN,NaN
2019-03-31T12:00:00Z,0.0,-71.875,52.125,NaN,NaN
2019-03-31T12:00:00Z,0.0,-71.875,56.125,NaN,NaN
2019-03-31T12:00:00Z,0.0,-71.875,60.125,NaN,NaN
2019-03-31T12:00:00Z,0.0,-71.875,64.125,NaN,NaN
2019-03-31T12:00:00Z,0.0,-71.875,68.125,-1.09,0.01
2019-03-31T12:00:00Z,0.0,-71.875,72.125,NaN,NaN
2019-03-31T12:00:00Z,0.0,-71.875,76.125,NaN,NaN
2019-03-31T12:00:00Z,0.0,-71.875,80.125,NaN,NaN
2019-03-31T12:00:00Z,0.0,-71.875,84.125,NaN,NaN
2019-03-31T12:00:00Z,0.0,-71.875,88.125,NaN,NaN
2019-03-31T12:00:00Z,0.0,-71.875,92.125,NaN,NaN
2019-03-31T12:00:00Z,0.0,-71.875,96.125,NaN,NaN
2019-03-31T12:00:00Z,0.0,-71.875,100.125,NaN,NaN
2019-03-31T12:00:00Z,0.0,-71.875,104.125,NaN,NaN
2019-03-31T12:00:00Z,0.0,-71.875,108.125,NaN,NaN
2019-03-31T12:00:00Z,0.0,-71.875,112.125,NaN,NaN
2019-03-31T12:00:00Z,0.0,-71.875,116.125,NaN,NaN
2019-03-31T12:00:00Z,0.0,-71.875,120.125,NaN,NaN
2019-03-31T12:00:00Z,0.0,-71.875,124.125,NaN,NaN
2019-03-31T12:00:00Z,0.0,-71.875,128.125,NaN,NaN
2019-03-31T12:00:00Z,0.0,-71.875,132.125,NaN,NaN
2019-03-31T12:00:00Z,0.0,-71.875,136.125,NaN,NaN
2019-03-31T12:00:00Z,0.0,-71.875,140.125,NaN,NaN
2019-03-31T12:00:00Z,0.0,-71.875,144.125,NaN,NaN
2019-03-31T12:00:00Z,0.0,-71.875,148.125,NaN,NaN
2019-03-31T12:00:00Z,0.0,-71.875,152.125,NaN,NaN
2019-03-31T12:00:00Z,0.0,-71.875,156.125,NaN,NaN
2019-03-31T12:00:00Z,0.0,-71.875,160.125,NaN,NaN
2019-03-31T12:00:00Z,0.0,-71.875,164.125,NaN,NaN
2019-03-31T12:00:00Z,0.0,-71.875,168.125,NaN,NaN
2019-03-31T12:00:00Z,0.0,-71.875,172.125,-1.45,-0.22
2019-03-31T12:00:00Z,0.0,-71.875,176.125,-1.26,-0.04
2019-03-31T12:00:00Z,0.0,-71.875,180.125,-1.51,-0.23
2019-03-31T12:00:00Z,0.0,-71.875,184.125,-1.39,-0.03
2019-03-31T12:00:00Z,0.0,-71.875,188.125,-1.51,-0.05
2019-03-31T12:00:00Z,0.0,-71.875,192.125,-1.47,0.01
2019-03-31T12:00:00Z,0.0,-71.875,196.125,-1.46,-0.02
2019-03-31T12:00:00Z,0.0,-71.875,200.125,-1.44,-0.03
2019-03-31T12:00:00Z,0.0,-71.875,204.125,-1.38,0.02
2019-03-31T12:00:00Z,0.0,-71.875,208.125,-1.29,0.1
2019-03-31T12:00:00Z,0.0,-71.875,212.125,-1.19,0.17
2019-03-31T12:00:00Z,0.0,-71.875,216.125,-1.27,0.05
2019-03-31T12:00:00Z,0.0,-71.875,220.125,-1.32,-0.02
2019-03-31T12:00:00Z,0.0,-71.875,224.125,-1.38,-0.03
2019-03-31T12:00:00Z,0.0,-71.875,228.125,-1.68,-0.21
2019-03-31T12:00:00Z,0.0,-71.875,232.125,-1.72,-0.29
2019-03-31T12:00:00Z,0.0,-71.875,236.125,-1.73,-0.33
2019-03-31T12:00:00Z,0.0,-71.875,240.125,-1.75,-0.49
2019-03-31T12:00:00Z,0.0,-71.875,244.125,-1.77,-0.57
2019-03-31T12:00:00Z,0.0,-71.875,248.125,-1.77,-0.69
2019-03-31T12:00:00Z,0.0,-71.875,252.125,-1.77,-0.54
2019-03-31T12:00:00Z,0.0,-71.875,256.125,-1.68,-0.52
2019-03-31T12:00:00Z,0.0,-71.875,260.125,-1.69,-0.52
2019-03-31T12:00:00Z,0.0,-71.875,264.125,-1.69,-0.46
2019-03-31T12:00:00Z,0.0,-71.875,268.125,-1.72,-0.43
2019-03-31T12:00:00Z,0.0,-71.875,272.125,-1.6,-0.32
2019-03-31T12:00:00Z,0.0,-71.875,276.125,-1.68,-0.63
2019-03-31T12:00:00Z,0.0,-71.875,280.125,-1.61,-0.83
2019-03-31T12:00:00Z,0.0,-71.875,284.125,-1.51,-0.98
2019-03-31T12:00:00Z,0.0,-71.875,288.125,-1.49,-0.72
2019-03-31T12:00:00Z,0.0,-71.875,292.125,-1.14,-0.08
2019-03-31T12:00:00Z,0.0,-71.875,296.125,NaN,NaN
2019-03-31T12:00:00Z,0.0,-71.875,300.125,-1.8,-0.17
2019-03-31T12:00:00Z,0.0,-71.875,304.125,-1.8,-0.07
2019-03-31T12:00:00Z,0.0,-71.875,308.125,-1.8,-0.07
2019-03-31T12:00:00Z,0.0,-71.875,312.125,-1.8,-0.09
2019-03-31T12:00:00Z,0.0,-71.875,316.125,-1.8,-0.15
2019-03-31T12:00:00Z,0.0,-71.875,320.125,-1.8,-0.26
2019-03-31T12:00:00Z,0.0,-71.875,324.125,-1.77,-0.34
2019-03-31T12:00:00Z,0.0,-71.875,328.125,-1.54,-0.24
2019-03-31T12:00:00Z,0.0,-71.875,332.125,-1.32,-0.12
2019-03-31T12:00:00Z,0.0,-71.875,336.125,-1.4,-0.27
2019-03-31T12:00:00Z,0.0,-71.875,340.125,-1.42,-0.37
2019-03-31T12:00:00Z,0.0,-71.875,344.125,-1.78,-0.73
2019-03-31T12:00:00Z,0.0,-71.875,348.125,-1.55,-0.6
2019-03-31T12:00:00Z,0.0,-71.875,352.125,NaN,NaN
2019-03-31T12:00:00Z,0.0,-71.875,356.125,NaN,NaN
2019-03-31T12:00:00Z,0.0,-67.875,0.125,-0.21,0.19
2019-03-31T12:00:00Z,0.0,-67.875,4.125,-0.78,-0.36
2019-03-31T12:00:00Z,0.0,-67.875,8.125,-1.22,-0.73
2019-03-31T12:00:00Z,0.0,-67.875,12.125,-1.62,-1.01
2019-03-31T12:00:00Z,0.0,-67.875,16.125,-0.88,-0.32
2019-03-31T12:00:00Z,0.0,-67.875,20.125,-1.11,-0.63
2019-03-31T12:00:00Z,0.0,-67.875,24.125,-0.86,-0.38
2019-03-31T12:00:00Z,0.0,-67.875,28.125,-1.63,-1.16
2019-03-31T12:00:00Z,0.0,-67.875,32.125,-1.45,-0.98
2019-03-31T12:00:00Z,0.0,-67.875,36.125,-1.51,-0.91
2019-03-31T12:00:00Z,0.0,-67.875,40.125,-1.47,-0.84
2019-03-31T12:00:00Z,0.0,-67.875,44.125,-1.77,-1.12
2019-03-31T12:00:00Z,0.0,-67.875,48.125,NaN,NaN
2019-03-31T12:00:00Z,0.0,-67.875,52.125,NaN,NaN
2019-03-31T12:00:00Z,0.0,-67.875,56.125,NaN,NaN
2019-03-31T12:00:00Z,0.0,-67.875,60.125,NaN,NaN
2019-03-31T12:00:00Z,0.0,-67.875,64.125,NaN,NaN
2019-03-31T12:00:00Z,0.0,-67.875,68.125,NaN,NaN
2019-03-31T12:00:00Z,0.0,-67.875,72.125,-1.61,-0.5
2019-03-31T12:00:00Z,0.0,-67.875,76.125,-1.58,-0.49
2019-03-31T12:00:00Z,0.0,-67.875,80.125,-1.54,-0.53
2019-03-31T12:00:00Z,0.0,-67.875,84.125,NaN,NaN
2019-03-31T12:00:00Z,0.0,-67.875,88.125,NaN,NaN
2019-03-31T12:00:00Z,0.0,-67.875,92.125,NaN,NaN
2019-03-31T12:00:00Z,0.0,-67.875,96.125,NaN,NaN
2019-03-31T12:00:00Z,0.0,-67.875,100.125,NaN,NaN
2019-03-31T12:00:00Z,0.0,-67.875,104.125,NaN,NaN
2019-03-31T12:00:00Z,0.0,-67.875,108.125,NaN,NaN
2019-03-31T12:00:00Z,0.0,-67.875,112.125,NaN,NaN
2019-03-31T12:00:00Z,0.0,-67.875,116.125,NaN,NaN
2019-03-31T12:00:00Z,0.0,-67.875,120.125,NaN,NaN
2019-03-31T12:00:00Z,0.0,-67.875,124.125,NaN,NaN
2019-03-31T12:00:00Z,0.0,-67.875,128.125,NaN,NaN
2019-03-31T12:00:00Z,0.0,-67.875,132.125,NaN,NaN
2019-03-31T12:00:00Z,0.0,-67.875,136.125,NaN,NaN
2019-03-31T12:00:00Z,0.0,-67.875,140.125,NaN,NaN
2019-03-31T12:00:00Z,0.0,-67.875,144.125,NaN,NaN
2019-03-31T12:00:00Z,0.0,-67.875,148.125,-1.8,-0.56
2019-03-31T12:00:00Z,0.0,-67.875,152.125,-1.74,-0.18
2019-03-31T12:00:00Z,0.0,-67.875,156.125,-1.8,-0.32
2019-03-31T12:00:00Z,0.0,-67.875,160.125,-1.69,-0.48
2019-03-31T12:00:00Z,0.0,-67.875,164.125,-1.44,-0.56
2019-03-31T12:00:00Z,0.0,-67.875,168.125,-0.77,-0.03
2019-03-31T12:00:00Z,0.0,-67.875,172.125,-0.32,0.49
2019-03-31T12:00:00Z,0.0,-67.875,176.125,-0.81,-0.01
2019-03-31T12:00:00Z,0.0,-67.875,180.125,-0.35,0.28
2019-03-31T12:00:00Z,0.0,-67.875,184.125,-1.09,-0.44
2019-03-31T12:00:00Z,0.0,-67.875,188.125,-0.8,-0.09
2019-03-31T12:00:00Z,0.0,-67.875,192.125,-0.82,-0.04
2019-03-31T12:00:00Z,0.0,-67.875,196.125,-0.73,0.07
2019-03-31T12:00:00Z,0.0,-67.875,200.125,-0.99,-0.21
2019-03-31T12:00:00Z,0.0,-67.875,204.125,-0.71,0.09
2019-03-31T12:00:00Z,0.0,-67.875,208.125,-0.3,0.52
2019-03-31T12:00:00Z,0.0,-67.875,212.125,-0.49,0.28
2019-03-31T12:00:00Z,0.0,-67.875,216.125,-0.37,0.28
2019-03-31T12:00:00Z,0.0,-67.875,220.125,0.02,0.66
2019-03-31T12:00:00Z,0.0,-67.875,224.125,-0.14,0.42
2019-03-31T12:00:00Z,0.0,-67.875,228.125,-0.07,0.44
2019-03-31T12:00:00Z,0.0,-67.875,232.125,-0.39,0.11
2019-03-31T12:00:00Z,0.0,-67.875,236.125,-0.48,-0.04
2019-03-31T12:00:00Z,0.0,-67.875,240.125,-0.55,-0.25
2019-03-31T12:00:00Z,0.0,-67.875,244.125,-0.39,-0.2
2019-03-31T12:00:00Z,0.0,-67.875,248.125,-0.66,-0.57
2019-03-31T12:00:00Z,0.0,-67.875,252.125,-0.52,-0.57
2019-03-31T12:00:00Z,0.0,-67.875,256.125,-0.15,-0.38
2019-03-31T12:00:00Z,0.0,-67.875,260.125,-0.31,-0.65
2019-03-31T12:00:00Z,0.0,-67.875,264.125,0.01,-0.3
2019-03-31T12:00:00Z,0.0,-67.875,268.125,-0.09,-0.31
2019-03-31T12:00:00Z,0.0,-67.875,272.125,-0.49,-0.62
2019-03-31T12:00:00Z,0.0,-67.875,276.125,0.43,0.17
2019-03-31T12:00:00Z,0.0,-67.875,280.125,0.32,0.03
2019-03-31T12:00:00Z,0.0,-67.875,284.125,0.15,0.02
2019-03-31T12:00:00Z,0.0,-67.875,288.125,-1.2,-1.26
2019-03-31T12:00:00Z,0.0,-67.875,292.125,-0.53,-0.5
2019-03-31T12:00:00Z,0.0,-67.875,296.125,-0.75,-0.16
2019-03-31T12:00:00Z,0.0,-67.875,300.125,-1.8,-0.43
2019-03-31T12:00:00Z,0.0,-67.875,304.125,-1.8,-0.1
2019-03-31T12:00:00Z,0.0,-67.875,308.125,-1.8,-0.13
2019-03-31T12:00:00Z,0.0,-67.875,312.125,-1.8,-0.38
2019-03-31T12:00:00Z,0.0,-67.875,316.125,-1.42,-0.26
2019-03-31T12:00:00Z,0.0,-67.875,320.125,-1.23,-0.22
2019-03-31T12:00:00Z,0.0,-67.875,324.125,-1.17,-0.21
2019-03-31T12:00:00Z,0.0,-67.875,328.125,-0.78,0.09
2019-03-31T12:00:00Z,0.0,-67.875,332.125,-0.36,0.41
2019-03-31T12:00:00Z,0.0,-67.875,336.125,-0.22,0.46
2019-03-31T12:00:00Z,0.0,-67.875,340.125,-0.2,0.44
2019-03-31T12:00:00Z,0.0,-67.875,344.125,-0.44,0.14
2019-03-31T12:00:00Z,0.0,-67.875,348.125,-0.37,0.17
2019-03-31T12:00:00Z,0.0,-67.875,352.125,-0.69,-0.17
2019-03-31T12:00:00Z,0.0,-67.875,356.125,-0.87,-0.41
2019-03-31T12:00:00Z,0.0,-63.875,0.125,-0.05,-0.2
2019-03-31T12:00:00Z,0.0,-63.875,4.125,0.04,-0.15
2019-03-31T12:00:00Z,0.0,-63.875,8.125,0.36,0.11
2019-03-31T12:00:00Z,0.0,-63.875,12.125,-0.34,-0.56
2019-03-31T12:00:00Z,0.0,-63.875,16.125,-0.22,-0.45
2019-03-31T12:00:00Z,0.0,-63.875,20.125,-0.28,-0.54
2019-03-31T12:00:00Z,0.0,-63.875,24.125,0.29,-0.03
2019-03-31T12:00:00Z,0.0,-63.875,28.125,0.22,-0.19
2019-03-31T12:00:00Z,0.0,-63.875,32.125,0.32,-0.1
2019-03-31T12:00:00Z,0.0,-63.875,36.125,0.48,-0.05
2019-03-31T12:00:00Z,0.0,-63.875,40.125,0.37,-0.19
2019-03-31T12:00:00Z,0.0,-63.875,44.125,0.37,-0.09
2019-03-31T12:00:00Z,0.0,-63.875,48.125,0.74,0.49
2019-03-31T12:00:00Z,0.0,-63.875,52.125,0.38,0.28
2019-03-31T12:00:00Z,0.0,-63.875,56.125,0.49,0.48
2019-03-31T12:00:00Z,0.0,-63.875,60.125,-0.19,-0.17
2019-03-31T12:00:00Z,0.0,-63.875,64.125,-0.05,0.08
2019-03-31T12:00:00Z,0.0,-63.875,68.125,-0.71,-0.49
2019-03-31T12:00:00Z,0.0,-63.875,72.125,-0.02,0.09
2019-03-31T12:00:00Z,0.0,-63.875,76.125,-0.09,-0.04
2019-03-31T12:00:00Z,0.0,-63.875,80.125,0.51,0.58
2019-03-31T12:00:00Z,0.0,-63.875,84.125,0.43,0.61
2019-03-31T12:00:00Z,0.0,-63.875,88.125,-0.66,-0.38
2019-03-31T12:00:00Z,0.0,-63.875,92.125,-1.18,-0.85
2019-03-31T12:00:00Z,0.0,-63.875,96.125,-1.6,-1.19
2019-03-31T12:00:00Z,0.0,-63.875,100.125,-1.59,-1.15
2019-03-31T12:00:00Z,0.0,-63.875,104.125,-0.89,-0.59
2019-03-31T12:00:00Z,0.0,-63.875,108.125,0.2,0.47
2019-03-31T12:00:00Z,0.0,-63.875,112.125,-0.2,-0.11
2019-03-31T12:00:00Z,0.0,-63.875,116.125,0.19,0.19
2019-03-31T12:00:00Z,0.0,-63.875,120.125,0.84,0.68
2019-03-31T12:00:00Z,0.0,-63.875,124.125,0.66,0.42
2019-03-31T12:00:00Z,0.0,-63.875,128.125,1.0,0.64
2019-03-31T12:00:00Z,0.0,-63.875,132.125,0.28,-0.11
2019-03-31T12:00:00Z,0.0,-63.875,136.125,0.65,0.29
2019-03-31T12:00:00Z,0.0,-63.875,140.125,0.69,0.32
2019-03-31T12:00:00Z,0.0,-63.875,144.125,0.81,0.39
2019-03-31T12:00:00Z,0.0,-63.875,148.125,1.0,0.65
2019-03-31T12:00:00Z,0.0,-63.875,152.125,1.2,1.03
2019-03-31T12:00:00Z,0.0,-63.875,156.125,0.93,0.73
2019-03-31T12:00:00Z,0.0,-63.875,160.125,0.76,0.76
2019-03-31T12:00:00Z,0.0,-63.875,164.125,-0.51,-0.77
2019-03-31T12:00:00Z,0.0,-63.875,168.125,1.32,0.72
2019-03-31T12:00:00Z,0.0,-63.875,172.125,0.79,-0.22
2019-03-31T12:00:00Z,0.0,-63.875,176.125,1.63,0.19
2019-03-31T12:00:00Z,0.0,-63.875,180.125,-1.4,-3.28
2019-03-31T12:00:00Z,0.0,-63.875,184.125,1.6,-0.12
2019-03-31T12:00:00Z,0.0,-63.875,188.125,1.69,0.4
2019-03-31T12:00:00Z,0.0,-63.875,192.125,0.36,-0.41
2019-03-31T12:00:00Z,0.0,-63.875,196.125,0.26,-0.15
2019-03-31T12:00:00Z,0.0,-63.875,200.125,0.44,0.11
2019-03-31T12:00:00Z,0.0,-63.875,204.125,0.56,0.34
2019-03-31T12:00:00Z,0.0,-63.875,208.125,0.51,0.43
2019-03-31T12:00:00Z,0.0,-63.875,212.125,0.55,0.42
2019-03-31T12:00:00Z,0.0,-63.875,216.125,0.73,0.43
2019-03-31T12:00:00Z,0.0,-63.875,220.125,1.17,0.76
2019-03-31T12:00:00Z,0.0,-63.875,224.125,1.05,0.44
2019-03-31T12:00:00Z,0.0,-63.875,228.125,1.21,0.3
2019-03-31T12:00:00Z,0.0,-63.875,232.125,1.64,0.41
2019-03-31T12:00:00Z,0.0,-63.875,236.125,1.42,-0.15
2019-03-31T12:00:00Z,0.0,-63.875,240.125,1.59,-0.14
2019-03-31T12:00:00Z,0.0,-63.875,244.125,2.6,0.59
2019-03-31T12:00:00Z,0.0,-63.875,248.125,2.49,0.19
2019-03-31T12:00:00Z,0.0,-63.875,252.125,2.8,0.66
2019-03-31T12:00:00Z,0.0,-63.875,256.125,2.5,0.44
2019-03-31T12:00:00Z,0.0,-63.875,260.125,1.49,-0.69
2019-03-31T12:00:00Z,0.0,-63.875,264.125,1.94,-0.28
2019-03-31T12:00:00Z,0.0,-63.875,268.125,1.71,-0.44
2019-03-31T12:00:00Z,0.0,-63.875,272.125,2.27,-0.08
2019-03-31T12:00:00Z,0.0,-63.875,276.125,2.1,-0.15
2019-03-31T12:00:00Z,0.0,-63.875,280.125,1.24,-0.91
2019-03-31T12:00:00Z,0.0,-63.875,284.125,1.06,-0.88
2019-03-31T12:00:00Z,0.0,-63.875,288.125,1.21,-0.31
2019-03-31T12:00:00Z,0.0,-63.875,292.125,1.25,0.17
2019-03-31T12:00:00Z,0.0,-63.875,296.125,1.11,0.52
2019-03-31T12:00:00Z,0.0,-63.875,300.125,-0.52,-0.39
2019-03-31T12:00:00Z,0.0,-63.875,304.125,-1.72,-1.07
2019-03-31T12:00:00Z,0.0,-63.875,308.125,-1.8,-0.91
2019-03-31T12:00:00Z,0.0,-63.875,312.125,-1.75,-1.17
2019-03-31T12:00:00Z,0.0,-63.875,316.125,-1.03,-0.62
2019-03-31T12:00:00Z,0.0,-63.875,320.125,-1.22,-0.76
2019-03-31T12:00:00Z,0.0,-63.875,324.125,-0.47,-0.04
2019-03-31T12:00:00Z,0.0,-63.875,328.125,-0.26,0.14
2019-03-31T12:00:00Z,0.0,-63.875,332.125,-0.22,0.18
2019-03-31T12:00:00Z,0.0,-63.875,336.125,-0.04,0.36
2019-03-31T12:00:00Z,0.0,-63.875,340.125,0.73,1.07
2019-03-31T12:00:00Z,0.0,-63.875,344.125,0.19,0.45
2019-03-31T12:00:00Z,0.0,-63.875,348.125,0.32,0.51
2019-03-31T12:00:00Z,0.0,-63.875,352.125,0.61,0.67
2019-03-31T12:00:00Z,0.0,-63.875,356.125,0.37,0.28
2019-03-31T12:00:00Z,0.0,-59.875,0.125,0.71,0.4
2019-03-31T12:00:00Z,0.0,-59.875,4.125,0.9,0.54
2019-03-31T12:00:00Z,0.0,-59.875,8.125,0.82,0.42
2019-03-31T12:00:00Z,0.0,-59.875,12.125,0.75,0.28
2019-03-31T12:00:00Z,0.0,-59.875,16.125,0.45,-0.13
2019-03-31T12:00:00Z,0.0,-59.875,20.125,0.97,0.16
2019-03-31T12:00:00Z,0.0,-59.875,24.125,0.43,-0.64
2019-03-31T12:00:00Z,0.0,-59.875,28.125,0.93,-0.3
2019-03-31T12:00:00Z,0.0,-59.875,32.125,0.06,-1.16
2019-03-31T12:00:00Z,0.0,-59.875,36.125,1.53,0.24
2019-03-31T12:00:00Z,0.0,-59.875,40.125,1.23,-0.11
2019-03-31T12:00:00Z,0.0,-59.875,44.125,1.0,-0.38
2019-03-31T12:00:00Z,0.0,-59.875,48.125,1.19,-0.24
2019-03-31T12:00:00Z,0.0,-59.875,52.125,1.09,-0.2
2019-03-31T12:00:00Z,0.0,-59.875,56.125,1.3,0.15
2019-03-31T12:00:00Z,0.0,-59.875,60.125,1.6,0.43
2019-03-31T12:00:00Z,0.0,-59.875,64.125,1.12,-0.16
2019-03-31T12:00:00Z,0.0,-59.875,68.125,1.6,0.38
2019-03-31T12:00:00Z,0.0,-59.875,72.125,1.18,0.23
2019-03-31T12:00:00Z,0.0,-59.875,76.125,0.98,0.26
2019-03-31T12:00:00Z,0.0,-59.875,80.125,1.22,0.54
2019-03-31T12:00:00Z,0.0,-59.875,84.125,1.58,0.85
2019-03-31T12:00:00Z,0.0,-59.875,88.125,2.37,1.1
2019-03-31T12:00:00Z,0.0,-59.875,92.125,1.81,0.59
2019-03-31T12:00:00Z,0.0,-59.875,96.125,1.34,0.2
2019-03-31T12:00:00Z,0.0,-59.875,100.125,1.32,0.2
2019-03-31T12:00:00Z,0.0,-59.875,104.125,1.53,0.15
2019-03-31T12:00:00Z,0.0,-59.875,108.125,1.16,-0.37
2019-03-31T12:00:00Z,0.0,-59.875,112.125,1.41,-0.28
2019-03-31T12:00:00Z,0.0,-59.875,116.125,1.89,0.01
2019-03-31T12:00:00Z,0.0,-59.875,120.125,1.55,-0.39
2019-03-31T12:00:00Z,0.0,-59.875,124.125,2.37,0.27
2019-03-31T12:00:00Z,0.0,-59.875,128.125,2.32,-0.1
2019-03-31T12:00:00Z,0.0,-59.875,132.125,2.9,0.37
2019-03-31T12:00:00Z,0.0,-59.875,136.125,3.41,0.96
2019-03-31T12:00:00Z,0.0,-59.875,140.125,2.45,-0.09
2019-03-31T12:00:00Z,0.0,-59.875,144.125,3.07,0.57
2019-03-31T12:00:00Z,0.0,-59.875,148.125,2.72,0.76
2019-03-31T12:00:00Z,0.0,-59.875,152.125,2.68,0.8
2019-03-31T12:00:00Z,0.0,-59.875,156.125,2.92,0.52
2019-03-31T12:00:00Z,0.0,-59.875,160.125,3.43,0.64
2019-03-31T12:00:00Z,0.0,-59.875,164.125,4.59,0.9
2019-03-31T12:00:00Z,0.0,-59.875,168.125,6.05,1.39
2019-03-31T12:00:00Z,0.0,-59.875,172.125,6.71,1.41
2019-03-31T12:00:00Z,0.0,-59.875,176.125,4.54,-0.36
2019-03-31T12:00:00Z,0.0,-59.875,180.125,5.03,0.49
2019-03-31T12:00:00Z,0.0,-59.875,184.125,4.07,-0.22
2019-03-31T12:00:00Z,0.0,-59.875,188.125,4.89,0.79
2019-03-31T12:00:00Z,0.0,-59.875,192.125,3.83,0.04
2019-03-31T12:00:00Z,0.0,-59.875,196.125,2.44,-0.9
2019-03-31T12:00:00Z,0.0,-59.875,200.125,2.53,-0.26
2019-03-31T12:00:00Z,0.0,-59.875,204.125,1.74,-0.25
2019-03-31T12:00:00Z,0.0,-59.875,208.125,1.05,-0.14
2019-03-31T12:00:00Z,0.0,-59.875,212.125,1.33,0.21
2019-03-31T12:00:00Z,0.0,-59.875,216.125,1.75,0.39
2019-03-31T12:00:00Z,0.0,-59.875,220.125,1.96,0.26
2019-03-31T12:00:00Z,0.0,-59.875,224.125,1.93,-0.04
2019-03-31T12:00:00Z,0.0,-59.875,228.125,1.72,-0.76
2019-03-31T12:00:00Z,0.0,-59.875,232.125,3.19,0.29
2019-03-31T12:00:00Z,0.0,-59.875,236.125,3.35,0.0
2019-03-31T12:00:00Z,0.0,-59.875,240.125,3.49,0.08
2019-03-31T12:00:00Z,0.0,-59.875,244.125,3.74,-0.06
2019-03-31T12:00:00Z,0.0,-59.875,248.125,4.25,0.24
2019-03-31T12:00:00Z,0.0,-59.875,252.125,3.51,-0.59
2019-03-31T12:00:00Z,0.0,-59.875,256.125,4.51,0.15
2019-03-31T12:00:00Z,0.0,-59.875,260.125,4.68,0.1
2019-03-31T12:00:00Z,0.0,-59.875,264.125,4.36,-0.31
2019-03-31T12:00:00Z,0.0,-59.875,268.125,4.21,-0.51
2019-03-31T12:00:00Z,0.0,-59.875,272.125,4.33,-0.58
2019-03-31T12:00:00Z,0.0,-59.875,276.125,4.46,-0.73
2019-03-31T12:00:00Z,0.0,-59.875,280.125,4.97,-0.37
2019-03-31T12:00:00Z,0.0,-59.875,284.125,4.2,-1.12
2019-03-31T12:00:00Z,0.0,-59.875,288.125,5.0,0.15
2019-03-31T12:00:00Z,0.0,-59.875,292.125,4.93,0.9
2019-03-31T12:00:00Z,0.0,-59.875,296.125,2.29,-0.52
2019-03-31T12:00:00Z,0.0,-59.875,300.125,2.22,0.03
2019-03-31T12:00:00Z,0.0,-59.875,304.125,1.89,0.1
2019-03-31T12:00:00Z,0.0,-59.875,308.125,1.45,0.32
2019-03-31T12:00:00Z,0.0,-59.875,312.125,0.86,-0.15
2019-03-31T12:00:00Z,0.0,-59.875,316.125,1.48,0.43
2019-03-31T12:00:00Z,0.0,-59.875,320.125,0.71,-0.17
2019-03-31T12:00:00Z,0.0,-59.875,324.125,0.88,0.18
2019-03-31T12:00:00Z,0.0,-59.875,328.125,-0.02,-0.48
2019-03-31T12:00:00Z,0.0,-59.875,332.125,-0.43,-0.77
2019-03-31T12:00:00Z,0.0,-59.875,336.125,1.06,0.32
2019-03-31T12:00:00Z,0.0,-59.875,340.125,0.79,0.14
2019-03-31T12:00:00Z,0.0,-59.875,344.125,0.32,0.01
2019-03-31T12:00:00Z,0.0,-59.875,348.125,0.32,0.17
2019-03-31T12:00:00Z,0.0,-59.875,352.125,0.58,0.39
2019-03-31T12:00:00Z,0.0,-59.875,356.125,0.56,0.28
2019-03-31T12:00:00Z,0.0,-55.875,0.125,0.72,-0.15
2019-03-31T12:00:00Z,0.0,-55.875,4.125,1.04,0.27
2019-03-31T12:00:00Z,0.0,-55.875,8.125,1.29,0.47
2019-03-31T12:00:00Z,0.0,-55.875,12.125,2.86,1.93
2019-03-31T12:00:00Z,0.0,-55.875,16.125,1.46,0.32
2019-03-31T12:00:00Z,0.0,-55.875,20.125,1.45,0.22
2019-03-31T12:00:00Z,0.0,-55.875,24.125,1.38,-0.14
2019-03-31T12:00:00Z,0.0,-55.875,28.125,1.86,-0.2
2019-03-31T12:00:00Z,0.0,-55.875,32.125,1.74,-0.48
2019-03-31T12:00:00Z,0.0,-55.875,36.125,2.38,-0.02
2019-03-31T12:00:00Z,0.0,-55.875,40.125,1.87,-0.37
2019-03-31T12:00:00Z,0.0,-55.875,44.125,2.01,0.03
2019-03-31T12:00:00Z,0.0,-55.875,48.125,2.54,0.31
2019-03-31T12:00:00Z,0.0,-55.875,52.125,2.96,0.54
2019-03-31T12:00:00Z,0.0,-55.875,56.125,3.28,0.67
2019-03-31T12:00:00Z,0.0,-55.875,60.125,2.96,0.3
2019-03-31T12:00:00Z,0.0,-55.875,64.125,3.39,0.71
2019-03-31T12:00:00Z,0.0,-55.875,68.125,2.94,0.28
2019-03-31T12:00:00Z,0.0,-55.875,72.125,2.77,0.36
2019-03-31T12:00:00Z,0.0,-55.875,76.125,2.4,0.43
2019-03-31T12:00:00Z,0.0,-55.875,80.125,2.49,0.77
2019-03-31T12:00:00Z,0.0,-55.875,84.125,2.27,-0.09
2019-03-31T12:00:00Z,0.0,-55.875,88.125,2.67,0.07
2019-03-31T12:00:00Z,0.0,-55.875,92.125,2.1,-0.39
2019-03-31T12:00:00Z,0.0,-55.875,96.125,3.64,1.11
2019-03-31T12:00:00Z,0.0,-55.875,100.125,2.22,-0.05
2019-03-31T12:00:00Z,0.0,-55.875,104.125,2.44,0.05
2019-03-31T12:00:00Z,0.0,-55.875,108.125,2.68,-0.11
2019-03-31T12:00:00Z,0.0,-55.875,112.125,2.77,-0.49
2019-03-31T12:00:00Z,0.0,-55.875,116.125,3.84,0.06
2019-03-31T12:00:00Z,0.0,-55.875,120.125,3.59,-0.32
2019-03-31T12:00:00Z,0.0,-55.875,124.125,4.38,0.28
2019-03-31T12:00:00Z,0.0,-55.875,128.125,4.29,-0.04
2019-03-31T12:00:00Z,0.0,-55.875,132.125,4.41,-0.06
2019-03-31T12:00:00Z,0.0,-55.875,136.125,5.17,0.62
2019-03-31T12:00:00Z,0.0,-55.875,140.125,5.31,1.07
2019-03-31T12:00:00Z,0.0,-55.875,144.125,4.03,0.48
2019-03-31T12:00:00Z,0.0,-55.875,148.125,4.59,0.75
2019-03-31T12:00:00Z,0.0,-55.875,152.125,5.0,0.07
2019-03-31T12:00:00Z,0.0,-55.875,156.125,7.69,2.19
2019-03-31T12:00:00Z,0.0,-55.875,160.125,6.14,0.98
2019-03-31T12:00:00Z,0.0,-55.875,164.125,5.98,-0.76
2019-03-31T12:00:00Z,0.0,-55.875,168.125,8.07,0.52
2019-03-31T12:00:00Z,0.0,-55.875,172.125,7.47,0.22
2019-03-31T12:00:00Z,0.0,-55.875,176.125,8.35,1.27
2019-03-31T12:00:00Z,0.0,-55.875,180.125,9.53,1.93
2019-03-31T12:00:00Z,0.0,-55.875,184.125,8.45,0.9
2019-03-31T12:00:00Z,0.0,-55.875,188.125,6.64,-0.28
2019-03-31T12:00:00Z,0.0,-55.875,192.125,7.62,1.02
2019-03-31T12:00:00Z,0.0,-55.875,196.125,4.74,-1.53
2019-03-31T12:00:00Z,0.0,-55.875,200.125,4.69,-1.31
2019-03-31T12:00:00Z,0.0,-55.875,204.125,4.86,-0.8
2019-03-31T12:00:00Z,0.0,-55.875,208.125,4.32,-0.45
2019-03-31T12:00:00Z,0.0,-55.875,212.125,2.41,-1.78
2019-03-31T12:00:00Z,0.0,-55.875,216.125,3.92,-0.52
2019-03-31T12:00:00Z,0.0,-55.875,220.125,5.12,-0.19
2019-03-31T12:00:00Z,0.0,-55.875,224.125,3.41,-1.55
2019-03-31T12:00:00Z,0.0,-55.875,228.125,4.94,-0.4
2019-03-31T12:00:00Z,0.0,-55.875,232.125,5.8,-0.29
2019-03-31T12:00:00Z,0.0,-55.875,236.125,7.05,0.66
2019-03-31T12:00:00Z,0.0,-55.875,240.125,5.66,-0.39
2019-03-31T12:00:00Z,0.0,-55.875,244.125,6.27,0.11
2019-03-31T12:00:00Z,0.0,-55.875,248.125,6.4,-0.02
2019-03-31T12:00:00Z,0.0,-55.875,252.125,6.03,-0.62
2019-03-31T12:00:00Z,0.0,-55.875,256.125,7.05,0.38
2019-03-31T12:00:00Z,0.0,-55.875,260.125,6.45,-0.24
2019-03-31T12:00:00Z,0.0,-55.875,264.125,6.85,0.15
2019-03-31T12:00:00Z,0.0,-55.875,268.125,6.72,-0.06
2019-03-31T12:00:00Z,0.0,-55.875,272.125,6.76,-0.16
2019-03-31T12:00:00Z,0.0,-55.875,276.125,6.99,0.03
2019-03-31T12:00:00Z,0.0,-55.875,280.125,7.03,-0.04
2019-03-31T12:00:00Z,0.0,-55.875,284.125,7.42,0.09
2019-03-31T12:00:00Z,0.0,-55.875,288.125,6.56,-1.24
2019-03-31T12:00:00Z,0.0,-55.875,292.125,8.78,1.02
2019-03-31T12:00:00Z,0.0,-55.875,296.125,4.51,-2.18
2019-03-31T12:00:00Z,0.0,-55.875,300.125,5.46,-0.72
2019-03-31T12:00:00Z,0.0,-55.875,304.125,4.74,-0.81
2019-03-31T12:00:00Z,0.0,-55.875,308.125,5.0,-0.03
2019-03-31T12:00:00Z,0.0,-55.875,312.125,3.85,-0.37
2019-03-31T12:00:00Z,0.0,-55.875,316.125,2.53,-0.94
2019-03-31T12:00:00Z,0.0,-55.875,320.125,2.18,-0.68
2019-03-31T12:00:00Z,0.0,-55.875,324.125,2.45,-0.16
2019-03-31T12:00:00Z,0.0,-55.875,328.125,2.08,0.31
2019-03-31T12:00:00Z,0.0,-55.875,332.125,1.3,-0.26
2019-03-31T12:00:00Z,0.0,-55.875,336.125,2.22,0.15
2019-03-31T12:00:00Z,0.0,-55.875,340.125,2.86,0.8
2019-03-31T12:00:00Z,0.0,-55.875,344.125,2.77,0.76
2019-03-31T12:00:00Z,0.0,-55.875,348.125,2.39,0.69
2019-03-31T12:00:00Z,0.0,-55.875,352.125,1.76,0.39
2019-03-31T12:00:00Z,0.0,-55.875,356.125,0.58,-0.46
2019-03-31T12:00:00Z,0.0,-51.875,0.125,3.46,0.54
2019-03-31T12:00:00Z,0.0,-51.875,4.125,3.17,0.41
2019-03-31T12:00:00Z,0.0,-51.875,8.125,4.09,1.24
2019-03-31T12:00:00Z,0.0,-51.875,12.125,2.37,0.15
2019-03-31T12:00:00Z,0.0,-51.875,16.125,2.22,-0.19
2019-03-31T12:00:00Z,0.0,-51.875,20.125,2.72,0.46
2019-03-31T12:00:00Z,0.0,-51.875,24.125,2.1,-0.14
2019-03-31T12:00:00Z,0.0,-51.875,28.125,3.52,0.5
2019-03-31T12:00:00Z,0.0,-51.875,32.125,3.65,0.12
2019-03-31T12:00:00Z,0.0,-51.875,36.125,4.1,0.21
2019-03-31T12:00:00Z,0.0,-51.875,40.125,3.66,0.03
2019-03-31T12:00:00Z,0.0,-51.875,44.125,3.84,0.28
2019-03-31T12:00:00Z,0.0,-51.875,48.125,4.72,0.64
2019-03-31T12:00:00Z,0.0,-51.875,52.125,5.39,1.08
2019-03-31T12:00:00Z,0.0,-51.875,56.125,4.64,0.4
2019-03-31T12:00:00Z,0.0,-51.875,60.125,4.9,0.54
2019-03-31T12:00:00Z,0.0,-51.875,64.125,4.91,0.67
2019-03-31T12:00:00Z,0.0,-51.875,68.125,4.61,0.45
2019-03-31T12:00:00Z,0.0,-51.875,72.125,4.3,0.65
2019-03-31T12:00:00Z,0.0,-51.875,76.125,3.64,0.4
2019-03-31T12:00:00Z,0.0,-51.875,80.125,2.65,-0.55
2019-03-31T12:00:00Z,0.0,-51.875,84.125,4.84,0.61
2019-03-31T12:00:00Z,0.0,-51.875,88.125,4.6,-0.37
2019-03-31T12:00:00Z,0.0,-51.875,92.125,5.53,0.38
2019-03-31T12:00:00Z,0.0,-51.875,96.125,4.11,-0.65
2019-03-31T12:00:00Z,0.0,-51.875,100.125,4.69,0.0
2019-03-31T12:00:00Z,0.0,-51.875,104.125,4.29,-0.32
2019-03-31T12:00:00Z,0.0,-51.875,108.125,3.71,-0.65
2019-03-31T12:00:00Z,0.0,-51.875,112.125,3.24,-1.02
2019-03-31T12:00:00Z,0.0,-51.875,116.125,4.28,-0.68
2019-03-31T12:00:00Z,0.0,-51.875,120.125,5.25,-0.37
2019-03-31T12:00:00Z,0.0,-51.875,124.125,6.75,0.51
2019-03-31T12:00:00Z,0.0,-51.875,128.125,5.58,-1.03
2019-03-31T12:00:00Z,0.0,-51.875,132.125,6.83,0.0
2019-03-31T12:00:00Z,0.0,-51.875,136.125,6.44,-0.32
2019-03-31T12:00:00Z,0.0,-51.875,140.125,6.5,-0.12
2019-03-31T12:00:00Z,0.0,-51.875,144.125,7.77,0.66
2019-03-31T12:00:00Z,0.0,-51.875,148.125,7.46,-0.62
2019-03-31T12:00:00Z,0.0,-51.875,152.125,10.09,1.87
2019-03-31T12:00:00Z,0.0,-51.875,156.125,9.23,0.42
2019-03-31T12:00:00Z,0.0,-51.875,160.125,10.04,1.1
2019-03-31T12:00:00Z,0.0,-51.875,164.125,10.58,1.03
2019-03-31T12:00:00Z,0.0,-51.875,168.125,9.69,0.32
2019-03-31T12:00:00Z,0.0,-51.875,172.125,10.58,1.42
2019-03-31T12:00:00Z,0.0,-51.875,176.125,9.2,0.77
2019-03-31T12:00:00Z,0.0,-51.875,180.125,10.6,1.27
2019-03-31T12:00:00Z,0.0,-51.875,184.125,11.18,0.89
2019-03-31T12:00:00Z,0.0,-51.875,188.125,10.84,0.59
2019-03-31T12:00:00Z,0.0,-51.875,192.125,10.33,0.41
2019-03-31T12:00:00Z,0.0,-51.875,196.125,10.0,0.09
2019-03-31T12:00:00Z,0.0,-51.875,200.125,10.31,0.44
2019-03-31T12:00:00Z,0.0,-51.875,204.125,7.72,-1.94
2019-03-31T12:00:00Z,0.0,-51.875,208.125,10.33,0.71
2019-03-31T12:00:00Z,0.0,-51.875,212.125,8.46,-0.98
2019-03-31T12:00:00Z,0.0,-51.875,216.125,8.74,-0.54
2019-03-31T12:00:00Z,0.0,-51.875,220.125,8.3,-0.7
2019-03-31T12:00:00Z,0.0,-51.875,224.125,9.07,0.27
2019-03-31T12:00:00Z,0.0,-51.875,228.125,8.3,-0.47
2019-03-31T12:00:00Z,0.0,-51.875,232.125,9.16,0.69
2019-03-31T12:00:00Z,0.0,-51.875,236.125,8.22,0.09
2019-03-31T12:00:00Z,0.0,-51.875,240.125,7.49,-0.12
2019-03-31T12:00:00Z,0.0,-51.875,244.125,8.52,0.61
2019-03-31T12:00:00Z,0.0,-51.875,248.125,8.99,0.61
2019-03-31T12:00:00Z,0.0,-51.875,252.125,9.08,0.76
2019-03-31T12:00:00Z,0.0,-51.875,256.125,9.3,1.06
2019-03-31T12:00:00Z,0.0,-51.875,260.125,8.5,0.32
2019-03-31T12:00:00Z,0.0,-51.875,264.125,8.69,0.49
2019-03-31T12:00:00Z,0.0,-51.875,268.125,8.05,-0.18
2019-03-31T12:00:00Z,0.0,-51.875,272.125,7.8,-0.49
2019-03-31T12:00:00Z,0.0,-51.875,276.125,7.84,-0.63
2019-03-31T12:00:00Z,0.0,-51.875,280.125,8.42,-0.35
2019-03-31T12:00:00Z,0.0,-51.875,284.125,10.01,0.34
2019-03-31T12:00:00Z,0.0,-51.875,288.125,NaN,NaN
2019-03-31T12:00:00Z,0.0,-51.875,292.125,9.45,-0.68
2019-03-31T12:00:00Z,0.0,-51.875,296.125,8.22,-0.89
2019-03-31T12:00:00Z,0.0,-51.875,300.125,9.17,0.17
2019-03-31T12:00:00Z,0.0,-51.875,304.125,6.73,-0.87
2019-03-31T12:00:00Z,0.0,-51.875,308.125,6.01,-0.83
2019-03-31T12:00:00Z,0.0,-51.875,312.125,4.76,-1.27
2019-03-31T12:00:00Z,0.0,-51.875,316.125,5.35,-0.07
2019-03-31T12:00:00Z,0.0,-51.875,320.125,4.26,-0.11
2019-03-31T12:00:00Z,0.0,-51.875,324.125,4.04,-0.11
2019-03-31T12:00:00Z,0.0,-51.875,328.125,2.51,-1.01
2019-03-31T12:00:00Z,0.0,-51.875,332.125,3.84,-0.32
2019-03-31T12:00:00Z,0.0,-51.875,336.125,4.22,-0.26
2019-03-31T12:00:00Z,0.0,-51.875,340.125,3.93,-0.29
2019-03-31T12:00:00Z,0.0,-51.875,344.125,4.21,0.35
2019-03-31T12:00:00Z,0.0,-51.875,348.125,3.79,0.5
2019-03-31T12:00:00Z,0.0,-51.875,352.125,2.77,0.13
2019-03-31T12:00:00Z,0.0,-51.875,356.125,2.88,0.26
2019-03-31T12:00:00Z,0.0,-47.875,0.125,6.72,0.2
2019-03-31T12:00:00Z,0.0,-47.875,4.125,7.05,0.75
2019-03-31T12:00:00Z,0.0,-47.875,8.125,5.88,-0.15
2019-03-31T12:00:00Z,0.0,-47.875,12.125,6.45,0.39
2019-03-31T12:00:00Z,0.0,-47.875,16.125,6.41,0.31
2019-03-31T12:00:00Z,0.0,-47.875,20.125,6.69,0.87
2019-03-31T12:00:00Z,0.0,-47.875,24.125,5.31,-0.51
2019-03-31T12:00:00Z,0.0,-47.875,28.125,5.79,-0.79
2019-03-31T12:00:00Z,0.0,-47.875,32.125,7.59,0.45
2019-03-31T12:00:00Z,0.0,-47.875,36.125,5.33,-1.19
2019-03-31T12:00:00Z,0.0,-47.875,40.125,6.29,-0.19
2019-03-31T12:00:00Z,0.0,-47.875,44.125,6.13,-0.66
2019-03-31T12:00:00Z,0.0,-47.875,48.125,6.59,0.35
2019-03-31T12:00:00Z,0.0,-47.875,52.125,7.03,0.82
2019-03-31T12:00:00Z,0.0,-47.875,56.125,8.22,1.22
2019-03-31T12:00:00Z,0.0,-47.875,60.125,7.94,0.7
2019-03-31T12:00:00Z,0.0,-47.875,64.125,7.08,0.79
2019-03-31T12:00:00Z,0.0,-47.875,68.125,6.68,0.74
2019-03-31T12:00:00Z,0.0,-47.875,72.125,4.73,-1.27
2019-03-31T12:00:00Z,0.0,-47.875,76.125,6.44,-0.77
2019-03-31T12:00:00Z,0.0,-47.875,80.125,7.84,0.41
2019-03-31T12:00:00Z,0.0,-47.875,84.125,9.2,0.96
2019-03-31T12:00:00Z,0.0,-47.875,88.125,9.66,0.92
2019-03-31T12:00:00Z,0.0,-47.875,92.125,7.83,-0.45
2019-03-31T12:00:00Z,0.0,-47.875,96.125,6.4,-1.11
2019-03-31T12:00:00Z,0.0,-47.875,100.125,7.15,-0.14
2019-03-31T12:00:00Z,0.0,-47.875,104.125,7.04,-0.38
2019-03-31T12:00:00Z,0.0,-47.875,108.125,7.66,-0.1
2019-03-31T12:00:00Z,0.0,-47.875,112.125,8.44,0.06
2019-03-31T12:00:00Z,0.0,-47.875,116.125,7.6,-1.18
2019-03-31T12:00:00Z,0.0,-47.875,120.125,7.97,-0.99
2019-03-31T12:00:00Z,0.0,-47.875,124.125,8.9,-0.77
2019-03-31T12:00:00Z,0.0,-47.875,128.125,9.23,-0.86
2019-03-31T12:00:00Z,0.0,-47.875,132.125,9.75,-0.36
2019-03-31T12:00:00Z,0.0,-47.875,136.125,9.97,-0.07
2019-03-31T12:00:00Z,0.0,-47.875,140.125,9.58,-1.0
2019-03-31T12:00:00Z,0.0,-47.875,144.125,11.05,0.4
2019-03-31T12:00:00Z,0.0,-47.875,148.125,11.14,0.28
2019-03-31T12:00:00Z,0.0,-47.875,152.125,11.0,-0.14
2019-03-31T12:00:00Z,0.0,-47.875,156.125,12.21,0.74
2019-03-31T12:00:00Z,0.0,-47.875,160.125,12.48,1.02
2019-03-31T12:00:00Z,0.0,-47.875,164.125,13.14,1.03
2019-03-31T12:00:00Z,0.0,-47.875,168.125,13.71,2.04
2019-03-31T12:00:00Z,0.0,-47.875,172.125,12.65,1.36
2019-03-31T12:00:00Z,0.0,-47.875,176.125,13.31,2.11
2019-03-31T12:00:00Z,0.0,-47.875,180.125,13.96,2.28
2019-03-31T12:00:00Z,0.0,-47.875,184.125,15.9,2.95
2019-03-31T12:00:00Z,0.0,-47.875,188.125,14.61,1.59
2019-03-31T12:00:00Z,0.0,-47.875,192.125,13.39,0.65
2019-03-31T12:00:00Z,0.0,-47.875,196.125,13.72,1.29
2019-03-31T12:00:00Z,0.0,-47.875,200.125,12.8,0.52
2019-03-31T12:00:00Z,0.0,-47.875,204.125,12.9,0.96
2019-03-31T12:00:00Z,0.0,-47.875,208.125,12.65,1.01
2019-03-31T12:00:00Z,0.0,-47.875,212.125,12.61,1.23
2019-03-31T12:00:00Z,0.0,-47.875,216.125,10.8,-0.38
2019-03-31T12:00:00Z,0.0,-47.875,220.125,10.71,-0.24
2019-03-31T12:00:00Z,0.0,-47.875,224.125,10.33,-0.48
2019-03-31T12:00:00Z,0.0,-47.875,228.125,10.41,-0.21
2019-03-31T12:00:00Z,0.0,-47.875,232.125,10.14,-0.28
2019-03-31T12:00:00Z,0.0,-47.875,236.125,10.46,0.21
2019-03-31T12:00:00Z,0.0,-47.875,240.125,10.38,0.36
2019-03-31T12:00:00Z,0.0,-47.875,244.125,10.81,0.78
2019-03-31T12:00:00Z,0.0,-47.875,248.125,11.25,0.96
2019-03-31T12:00:00Z,0.0,-47.875,252.125,11.64,1.34
2019-03-31T12:00:00Z,0.0,-47.875,256.125,10.99,0.8
2019-03-31T12:00:00Z,0.0,-47.875,260.125,10.94,0.8
2019-03-31T12:00:00Z,0.0,-47.875,264.125,10.79,0.68
2019-03-31T12:00:00Z,0.0,-47.875,268.125,10.93,0.82
2019-03-31T12:00:00Z,0.0,-47.875,272.125,10.63,0.4
2019-03-31T12:00:00Z,0.0,-47.875,276.125,10.92,0.34
2019-03-31T12:00:00Z,0.0,-47.875,280.125,10.76,-0.27
2019-03-31T12:00:00Z,0.0,-47.875,284.125,11.36,-0.68
2019-03-31T12:00:00Z,0.0,-47.875,288.125,NaN,NaN
2019-03-31T12:00:00Z,0.0,-47.875,292.125,NaN,NaN
2019-03-31T12:00:00Z,0.0,-47.875,296.125,12.16,-0.22
2019-03-31T12:00:00Z,0.0,-47.875,300.125,9.05,-1.35
2019-03-31T12:00:00Z,0.0,-47.875,304.125,9.7,-1.09
2019-03-31T12:00:00Z,0.0,-47.875,308.125,12.77,0.5
2019-03-31T12:00:00Z,0.0,-47.875,312.125,13.34,0.77
2019-03-31T12:00:00Z,0.0,-47.875,316.125,12.82,1.18
2019-03-31T12:00:00Z,0.0,-47.875,320.125,10.73,0.12
2019-03-31T12:00:00Z,0.0,-47.875,324.125,9.42,-0.39
2019-03-31T12:00:00Z,0.0,-47.875,328.125,7.43,-1.21
2019-03-31T12:00:00Z,0.0,-47.875,332.125,6.78,-1.19
2019-03-31T12:00:00Z,0.0,-47.875,336.125,7.1,-0.45
2019-03-31T12:00:00Z,0.0,-47.875,340.125,7.23,-0.45
2019-03-31T12:00:00Z,0.0,-47.875,344.125,7.95,0.87
2019-03-31T12:00:00Z,0.0,-47.875,348.125,5.74,-0.07
2019-03-31T12:00:00Z,0.0,-47.875,352.125,4.83,-0.32
2019-03-31T12:00:00Z,0.0,-47.875,356.125,7.37,1.2
2019-03-31T12:00:00Z,0.0,-43.875,0.125,11.23,1.0
2019-03-31T12:00:00Z,0.0,-43.875,4.125,10.3,0.32
2019-03-31T12:00:00Z,0.0,-43.875,8.125,10.2,0.78
2019-03-31T12:00:00Z,0.0,-43.875,12.125,10.78,0.54
2019-03-31T12:00:00Z,0.0,-43.875,16.125,11.06,0.01
2019-03-31T12:00:00Z,0.0,-43.875,20.125,13.27,1.74
2019-03-31T12:00:00Z,0.0,-43.875,24.125,12.02,0.14
2019-03-31T12:00:00Z,0.0,-43.875,28.125,10.14,-1.75
2019-03-31T12:00:00Z,0.0,-43.875,32.125,10.59,-0.95
2019-03-31T12:00:00Z,0.0,-43.875,36.125,9.5,-1.16
2019-03-31T12:00:00Z,0.0,-43.875,40.125,10.46,-0.14
2019-03-31T12:00:00Z,0.0,-43.875,44.125,9.8,-0.09
2019-03-31T12:00:00Z,0.0,-43.875,48.125,10.51,1.37
2019-03-31T12:00:00Z,0.0,-43.875,52.125,11.87,2.0
2019-03-31T12:00:00Z,0.0,-43.875,56.125,14.93,2.43
2019-03-31T12:00:00Z,0.0,-43.875,60.125,14.51,-0.26
2019-03-31T12:00:00Z,0.0,-43.875,64.125,13.79,-0.31
2019-03-31T12:00:00Z,0.0,-43.875,68.125,13.96,0.96
2019-03-31T12:00:00Z,0.0,-43.875,72.125,14.17,1.11
2019-03-31T12:00:00Z,0.0,-43.875,76.125,14.01,1.34
2019-03-31T12:00:00Z,0.0,-43.875,80.125,13.81,1.95
2019-03-31T12:00:00Z,0.0,-43.875,84.125,11.77,-0.22
2019-03-31T12:00:00Z,0.0,-43.875,88.125,11.89,0.49
2019-03-31T12:00:00Z,0.0,-43.875,92.125,9.99,-1.09
2019-03-31T12:00:00Z,0.0,-43.875,96.125,11.18,-0.05
2019-03-31T12:00:00Z,0.0,-43.875,100.125,12.36,0.59
2019-03-31T12:00:00Z,0.0,-43.875,104.125,11.58,-0.08
2019-03-31T12:00:00Z,0.0,-43.875,108.125,11.24,-0.5
2019-03-31T12:00:00Z,0.0,-43.875,112.125,11.02,-0.73
2019-03-31T12:00:00Z,0.0,-43.875,116.125,10.75,-1.12
2019-03-31T12:00:00Z,0.0,-43.875,120.125,11.4,-0.65
2019-03-31T12:00:00Z,0.0,-43.875,124.125,11.18,-1.15
2019-03-31T12:00:00Z,0.0,-43.875,128.125,11.99,-0.47
2019-03-31T12:00:00Z,0.0,-43.875,132.125,11.8,-0.75
2019-03-31T12:00:00Z,0.0,-43.875,136.125,11.59,-1.3
2019-03-31T12:00:00Z,0.0,-43.875,140.125,13.94,0.65
2019-03-31T12:00:00Z,0.0,-43.875,144.125,14.27,0.19
2019-03-31T12:00:00Z,0.0,-43.875,148.125,16.05,0.93
2019-03-31T12:00:00Z,0.0,-43.875,152.125,16.76,1.91
2019-03-31T12:00:00Z,0.0,-43.875,156.125,16.72,2.18
2019-03-31T12:00:00Z,0.0,-43.875,160.125,16.72,2.12
2019-03-31T12:00:00Z,0.0,-43.875,164.125,16.64,1.81
2019-03-31T12:00:00Z,0.0,-43.875,168.125,18.02,2.31
2019-03-31T12:00:00Z,0.0,-43.875,172.125,16.86,3.19
2019-03-31T12:00:00Z,0.0,-43.875,176.125,15.71,1.09
2019-03-31T12:00:00Z,0.0,-43.875,180.125,16.95,1.75
2019-03-31T12:00:00Z,0.0,-43.875,184.125,16.62,0.97
2019-03-31T12:00:00Z,0.0,-43.875,188.125,16.71,1.36
2019-03-31T12:00:00Z,0.0,-43.875,192.125,16.6,1.67
2019-03-31T12:00:00Z,0.0,-43.875,196.125,15.83,1.29
2019-03-31T12:00:00Z,0.0,-43.875,200.125,15.43,1.12
2019-03-31T12:00:00Z,0.0,-43.875,204.125,15.39,1.24
2019-03-31T12:00:00Z,0.0,-43.875,208.125,14.69,0.72
2019-03-31T12:00:00Z,0.0,-43.875,212.125,14.05,0.26
2019-03-31T12:00:00Z,0.0,-43.875,216.125,13.56,-0.06
2019-03-31T12:00:00Z,0.0,-43.875,220.125,13.08,-0.38
2019-03-31T12:00:00Z,0.0,-43.875,224.125,12.57,-0.86
2019-03-31T12:00:00Z,0.0,-43.875,228.125,12.44,-0.89
2019-03-31T12:00:00Z,0.0,-43.875,232.125,12.42,-0.82
2019-03-31T12:00:00Z,0.0,-43.875,236.125,13.12,-0.03
2019-03-31T12:00:00Z,0.0,-43.875,240.125,13.09,-0.03
2019-03-31T12:00:00Z,0.0,-43.875,244.125,13.79,0.73
2019-03-31T12:00:00Z,0.0,-43.875,248.125,14.04,0.93
2019-03-31T12:00:00Z,0.0,-43.875,252.125,14.02,0.95
2019-03-31T12:00:00Z,0.0,-43.875,256.125,14.11,1.15
2019-03-31T12:00:00Z,0.0,-43.875,260.125,15.21,2.31
2019-03-31T12:00:00Z,0.0,-43.875,264.125,13.65,0.81
2019-03-31T12:00:00Z,0.0,-43.875,268.125,13.86,0.98
2019-03-31T12:00:00Z,0.0,-43.875,272.125,13.71,0.76
2019-03-31T12:00:00Z,0.0,-43.875,276.125,13.57,0.35
2019-03-31T12:00:00Z,0.0,-43.875,280.125,13.61,0.03
2019-03-31T12:00:00Z,0.0,-43.875,284.125,13.62,-0.33
2019-03-31T12:00:00Z,0.0,-43.875,288.125,NaN,NaN
2019-03-31T12:00:00Z,0.0,-43.875,292.125,NaN,NaN
2019-03-31T12:00:00Z,0.0,-43.875,296.125,16.11,0.13
2019-03-31T12:00:00Z,0.0,-43.875,300.125,12.64,-0.57
2019-03-31T12:00:00Z,0.0,-43.875,304.125,15.37,0.56
2019-03-31T12:00:00Z,0.0,-43.875,308.125,16.83,0.49
2019-03-31T12:00:00Z,0.0,-43.875,312.125,14.78,-0.15
2019-03-31T12:00:00Z,0.0,-43.875,316.125,13.67,-0.11
2019-03-31T12:00:00Z,0.0,-43.875,320.125,12.14,-1.14
2019-03-31T12:00:00Z,0.0,-43.875,324.125,12.44,-0.47
2019-03-31T12:00:00Z,0.0,-43.875,328.125,11.87,-0.91
2019-03-31T12:00:00Z,0.0,-43.875,332.125,11.28,-1.38
2019-03-31T12:00:00Z,0.0,-43.875,336.125,13.5,0.77
2019-03-31T12:00:00Z,0.0,-43.875,340.125,11.36,-0.85
2019-03-31T12:00:00Z,0.0,-43.875,344.125,9.94,-1.05
2019-03-31T12:00:00Z,0.0,-43.875,348.125,12.11,1.1
2019-03-31T12:00:00Z,0.0,-43.875,352.125,11.88,1.08
2019-03-31T12:00:00Z,0.0,-43.875,356.125,10.71,0.37
2019-03-31T12:00:00Z,0.0,-39.875,0.125,14.55,0.25
2019-03-31T12:00:00Z,0.0,-39.875,4.125,15.52,1.35
2019-03-31T12:00:00Z,0.0,-39.875,8.125,19.01,4.62
2019-03-31T12:00:00Z,0.0,-39.875,12.125,15.17,-0.88
2019-03-31T12:00:00Z,0.0,-39.875,16.125,23.11,4.7
2019-03-31T12:00:00Z,0.0,-39.875,20.125,22.08,2.69
2019-03-31T12:00:00Z,0.0,-39.875,24.125,20.44,1.68
2019-03-31T12:00:00Z,0.0,-39.875,28.125,20.42,2.16
2019-03-31T12:00:00Z,0.0,-39.875,32.125,21.05,2.42
2019-03-31T12:00:00Z,0.0,-39.875,36.125,17.49,-1.2
2019-03-31T12:00:00Z,0.0,-39.875,40.125,16.7,-1.85
2019-03-31T12:00:00Z,0.0,-39.875,44.125,18.06,-0.49
2019-03-31T12:00:00Z,0.0,-39.875,48.125,19.26,1.11
2019-03-31T12:00:00Z,0.0,-39.875,52.125,17.92,-0.05
2019-03-31T12:00:00Z,0.0,-39.875,56.125,18.26,0.24
2019-03-31T12:00:00Z,0.0,-39.875,60.125,17.93,0.18
2019-03-31T12:00:00Z,0.0,-39.875,64.125,17.41,0.42
2019-03-31T12:00:00Z,0.0,-39.875,68.125,17.96,1.43
2019-03-31T12:00:00Z,0.0,-39.875,72.125,17.3,1.09
2019-03-31T12:00:00Z,0.0,-39.875,76.125,16.94,1.02
2019-03-31T12:00:00Z,0.0,-39.875,80.125,17.74,2.18
2019-03-31T12:00:00Z,0.0,-39.875,84.125,16.91,1.67
2019-03-31T12:00:00Z,0.0,-39.875,88.125,16.33,1.35
2019-03-31T12:00:00Z,0.0,-39.875,92.125,14.83,0.06
2019-03-31T12:00:00Z,0.0,-39.875,96.125,14.76,0.23
2019-03-31T12:00:00Z,0.0,-39.875,100.125,14.89,0.34
2019-03-31T12:00:00Z,0.0,-39.875,104.125,14.18,-0.41
2019-03-31T12:00:00Z,0.0,-39.875,108.125,15.05,0.14
2019-03-31T12:00:00Z,0.0,-39.875,112.125,14.16,-1.01
2019-03-31T12:00:00Z,0.0,-39.875,116.125,13.42,-1.99
2019-03-31T12:00:00Z,0.0,-39.875,120.125,13.54,-1.88
2019-03-31T12:00:00Z,0.0,-39.875,124.125,13.87,-1.68
2019-03-31T12:00:00Z,0.0,-39.875,128.125,13.77,-1.8
2019-03-31T12:00:00Z,0.0,-39.875,132.125,13.67,-1.94
2019-03-31T12:00:00Z,0.0,-39.875,136.125,14.24,-1.63
2019-03-31T12:00:00Z,0.0,-39.875,140.125,16.14,0.02
2019-03-31T12:00:00Z,0.0,-39.875,144.125,17.39,0.46
2019-03-31T12:00:00Z,0.0,-39.875,148.125,18.37,0.01
2019-03-31T12:00:00Z,0.0,-39.875,152.125,18.65,-0.29
2019-03-31T12:00:00Z,0.0,-39.875,156.125,20.08,1.79
2019-03-31T12:00:00Z,0.0,-39.875,160.125,19.66,1.84
2019-03-31T12:00:00Z,0.0,-39.875,164.125,19.41,1.83
2019-03-31T12:00:00Z,0.0,-39.875,168.125,20.25,2.59
2019-03-31T12:00:00Z,0.0,-39.875,172.125,19.89,1.87
2019-03-31T12:00:00Z,0.0,-39.875,176.125,NaN,NaN
2019-03-31T12:00:00Z,0.0,-39.875,180.125,20.06,1.4
2019-03-31T12:00:00Z,0.0,-39.875,184.125,19.54,1.45
2019-03-31T12:00:00Z,0.0,-39.875,188.125,19.56,1.94
2019-03-31T12:00:00Z,0.0,-39.875,192.125,19.26,1.92
2019-03-31T12:00:00Z,0.0,-39.875,196.125,18.73,1.59
2019-03-31T12:00:00Z,0.0,-39.875,200.125,18.03,1.09
2019-03-31T12:00:00Z,0.0,-39.875,204.125,18.1,1.31
2019-03-31T12:00:00Z,0.0,-39.875,208.125,17.31,0.73
2019-03-31T12:00:00Z,0.0,-39.875,212.125,17.11,0.6
2019-03-31T12:00:00Z,0.0,-39.875,216.125,17.33,0.91
2019-03-31T12:00:00Z,0.0,-39.875,220.125,16.3,-0.08
2019-03-31T12:00:00Z,0.0,-39.875,224.125,16.19,-0.26
2019-03-31T12:00:00Z,0.0,-39.875,228.125,16.26,-0.11
2019-03-31T12:00:00Z,0.0,-39.875,232.125,16.42,0.16
2019-03-31T12:00:00Z,0.0,-39.875,236.125,16.56,0.33
2019-03-31T12:00:00Z,0.0,-39.875,240.125,16.5,0.22
2019-03-31T12:00:00Z,0.0,-39.875,244.125,17.72,1.41
2019-03-31T12:00:00Z,0.0,-39.875,248.125,17.45,1.01
2019-03-31T12:00:00Z,0.0,-39.875,252.125,17.5,1.12
2019-03-31T12:00:00Z,0.0,-39.875,256.125,18.11,1.91
2019-03-31T12:00:00Z,0.0,-39.875,260.125,18.4,2.28
2019-03-31T12:00:00Z,0.0,-39.875,264.125,17.51,1.34
2019-03-31T12:00:00Z,0.0,-39.875,268.125,17.8,1.55
2019-03-31T12:00:00Z,0.0,-39.875,272.125,17.24,0.99
2019-03-31T12:00:00Z,0.0,-39.875,276.125,17.31,1.06
2019-03-31T12:00:00Z,0.0,-39.875,280.125,16.29,-0.03
2019-03-31T12:00:00Z,0.0,-39.875,284.125,15.17,-0.83
2019-03-31T12:00:00Z,0.0,-39.875,288.125,NaN,NaN
2019-03-31T12:00:00Z,0.0,-39.875,292.125,NaN,NaN
2019-03-31T12:00:00Z,0.0,-39.875,296.125,NaN,NaN
2019-03-31T12:00:00Z,0.0,-39.875,300.125,18.38,0.52
2019-03-31T12:00:00Z,0.0,-39.875,304.125,13.57,-1.53
2019-03-31T12:00:00Z,0.0,-39.875,308.125,20.61,1.02
2019-03-31T12:00:00Z,0.0,-39.875,312.125,19.52,0.93
2019-03-31T12:00:00Z,0.0,-39.875,316.125,18.72,0.58
2019-03-31T12:00:00Z,0.0,-39.875,320.125,17.41,-0.58
2019-03-31T12:00:00Z,0.0,-39.875,324.125,17.71,0.06
2019-03-31T12:00:00Z,0.0,-39.875,328.125,18.24,0.81
2019-03-31T12:00:00Z,0.0,-39.875,332.125,16.52,-0.51
2019-03-31T12:00:00Z,0.0,-39.875,336.125,15.9,-0.51
2019-03-31T12:00:00Z,0.0,-39.875,340.125,15.81,-0.01
2019-03-31T12:00:00Z,0.0,-39.875,344.125,14.76,-0.81
2019-03-31T12:00:00Z,0.0,-39.875,348.125,16.22,1.06
2019-03-31T12:00:00Z,0.0,-39.875,352.125,14.65,0.11
2019-03-31T12:00:00Z,0.0,-39.875,356.125,15.53,1.28
2019-03-31T12:00:00Z,0.0,-35.875,0.125,20.17,1.37
2019-03-31T12:00:00Z,0.0,-35.875,4.125,19.69,1.0
2019-03-31T12:00:00Z,0.0,-35.875,8.125,20.49,1.77
2019-03-31T12:00:00Z,0.0,-35.875,12.125,19.92,0.85
2019-03-31T12:00:00Z,0.0,-35.875,16.125,20.02,0.29
2019-03-31T12:00:00Z,0.0,-35.875,20.125,20.41,0.58
2019-03-31T12:00:00Z,0.0,-35.875,24.125,24.49,2.71
2019-03-31T12:00:00Z,0.0,-35.875,28.125,20.98,-1.26
2019-03-31T12:00:00Z,0.0,-35.875,32.125,21.76,0.08
2019-03-31T12:00:00Z,0.0,-35.875,36.125,22.23,0.66
2019-03-31T12:00:00Z,0.0,-35.875,40.125,20.98,-0.24
2019-03-31T12:00:00Z,0.0,-35.875,44.125,21.08,0.06
2019-03-31T12:00:00Z,0.0,-35.875,48.125,20.29,-0.4
2019-03-31T12:00:00Z,0.0,-35.875,52.125,20.33,0.2
2019-03-31T12:00:00Z,0.0,-35.875,56.125,21.36,1.53
2019-03-31T12:00:00Z,0.0,-35.875,60.125,20.52,0.83
2019-03-31T12:00:00Z,0.0,-35.875,64.125,20.07,0.59
2019-03-31T12:00:00Z,0.0,-35.875,68.125,20.17,0.7
2019-03-31T12:00:00Z,0.0,-35.875,72.125,20.66,1.41
2019-03-31T12:00:00Z,0.0,-35.875,76.125,20.06,1.03
2019-03-31T12:00:00Z,0.0,-35.875,80.125,20.76,2.04
2019-03-31T12:00:00Z,0.0,-35.875,84.125,19.34,0.83
2019-03-31T12:00:00Z,0.0,-35.875,88.125,19.91,1.68
2019-03-31T12:00:00Z,0.0,-35.875,92.125,19.1,1.14
2019-03-31T12:00:00Z,0.0,-35.875,96.125,18.62,0.88
2019-03-31T12:00:00Z,0.0,-35.875,100.125,17.46,-0.34
2019-03-31T12:00:00Z,0.0,-35.875,104.125,17.43,-0.31
2019-03-31T12:00:00Z,0.0,-35.875,108.125,17.33,-0.71
2019-03-31T12:00:00Z,0.0,-35.875,112.125,17.33,-1.62
2019-03-31T12:00:00Z,0.0,-35.875,116.125,19.57,0.15
2019-03-31T12:00:00Z,0.0,-35.875,120.125,18.91,-0.04
2019-03-31T12:00:00Z,0.0,-35.875,124.125,18.52,-0.12
2019-03-31T12:00:00Z,0.0,-35.875,128.125,18.33,-0.01
2019-03-31T12:00:00Z,0.0,-35.875,132.125,18.75,0.44
2019-03-31T12:00:00Z,0.0,-35.875,136.125,18.81,0.48
2019-03-31T12:00:00Z,0.0,-35.875,140.125,NaN,NaN
2019-03-31T12:00:00Z,0.0,-35.875,144.125,NaN,NaN
2019-03-31T12:00:00Z,0.0,-35.875,148.125,NaN,NaN
2019-03-31T12:00:00Z,0.0,-35.875,152.125,20.54,-1.65
2019-03-31T12:00:00Z,0.0,-35.875,156.125,24.1,2.19
2019-03-31T12:00:00Z,0.0,-35.875,160.125,21.57,0.5
2019-03-31T12:00:00Z,0.0,-35.875,164.125,22.82,2.56
2019-03-31T12:00:00Z,0.0,-35.875,168.125,22.01,2.21
2019-03-31T12:00:00Z,0.0,-35.875,172.125,21.47,1.69
2019-03-31T12:00:00Z,0.0,-35.875,176.125,21.88,1.44
2019-03-31T12:00:00Z,0.0,-35.875,180.125,21.43,1.35
2019-03-31T12:00:00Z,0.0,-35.875,184.125,21.39,1.51
2019-03-31T12:00:00Z,0.0,-35.875,188.125,20.71,0.98
2019-03-31T12:00:00Z,0.0,-35.875,192.125,20.78,1.24
2019-03-31T12:00:00Z,0.0,-35.875,196.125,20.55,1.14
2019-03-31T12:00:00Z,0.0,-35.875,200.125,20.28,1.09
2019-03-31T12:00:00Z,0.0,-35.875,204.125,19.75,0.67
2019-03-31T12:00:00Z,0.0,-35.875,208.125,19.85,0.81
2019-03-31T12:00:00Z,0.0,-35.875,212.125,19.82,0.69
2019-03-31T12:00:00Z,0.0,-35.875,216.125,19.5,0.4
2019-03-31T12:00:00Z,0.0,-35.875,220.125,18.93,-0.25
2019-03-31T12:00:00Z,0.0,-35.875,224.125,18.67,-0.53
2019-03-31T12:00:00Z,0.0,-35.875,228.125,18.64,-0.61
2019-03-31T12:00:00Z,0.0,-35.875,232.125,19.46,0.1
2019-03-31T12:00:00Z,0.0,-35.875,236.125,19.95,0.48
2019-03-31T12:00:00Z,0.0,-35.875,240.125,20.24,0.65
2019-03-31T12:00:00Z,0.0,-35.875,244.125,20.91,1.27
2019-03-31T12:00:00Z,0.0,-35.875,248.125,21.18,1.41
2019-03-31T12:00:00Z,0.0,-35.875,252.125,21.21,1.55
2019-03-31T12:00:00Z,0.0,-35.875,256.125,21.75,2.09
2019-03-31T12:00:00Z,0.0,-35.875,260.125,21.77,2.17
2019-03-31T12:00:00Z,0.0,-35.875,264.125,19.62,-0.02
2019-03-31T12:00:00Z,0.0,-35.875,268.125,20.83,1.29
2019-03-31T12:00:00Z,0.0,-35.875,272.125,20.31,1.03
2019-03-31T12:00:00Z,0.0,-35.875,276.125,19.13,0.18
2019-03-31T12:00:00Z,0.0,-35.875,280.125,18.16,-0.32
2019-03-31T12:00:00Z,0.0,-35.875,284.125,16.09,-0.99
2019-03-31T12:00:00Z,0.0,-35.875,288.125,NaN,NaN
2019-03-31T12:00:00Z,0.0,-35.875,292.125,NaN,NaN
2019-03-31T12:00:00Z,0.0,-35.875,296.125,NaN,NaN
2019-03-31T12:00:00Z,0.0,-35.875,300.125,NaN,NaN
2019-03-31T12:00:00Z,0.0,-35.875,304.125,20.98,1.13
2019-03-31T12:00:00Z,0.0,-35.875,308.125,21.93,0.4
2019-03-31T12:00:00Z,0.0,-35.875,312.125,21.26,0.24
2019-03-31T12:00:00Z,0.0,-35.875,316.125,21.23,0.57
2019-03-31T12:00:00Z,0.0,-35.875,320.125,20.16,-0.21
2019-03-31T12:00:00Z,0.0,-35.875,324.125,19.33,-0.84
2019-03-31T12:00:00Z,0.0,-35.875,328.125,19.97,0.19
2019-03-31T12:00:00Z,0.0,-35.875,332.125,19.66,0.1
2019-03-31T12:00:00Z,0.0,-35.875,336.125,19.3,-0.13
2019-03-31T12:00:00Z,0.0,-35.875,340.125,19.19,-0.3
2019-03-31T12:00:00Z,0.0,-35.875,344.125,18.95,-0.52
2019-03-31T12:00:00Z,0.0,-35.875,348.125,19.96,0.61
2019-03-31T12:00:00Z,0.0,-35.875,352.125,20.27,1.21
2019-03-31T12:00:00Z,0.0,-35.875,356.125,18.9,0.1
2019-03-31T12:00:00Z,0.0,-31.875,0.125,22.22,1.01
2019-03-31T12:00:00Z,0.0,-31.875,4.125,23.34,2.51
2019-03-31T12:00:00Z,0.0,-31.875,8.125,21.43,1.14
2019-03-31T12:00:00Z,0.0,-31.875,12.125,21.29,1.37
2019-03-31T12:00:00Z,0.0,-31.875,16.125,19.19,0.98
2019-03-31T12:00:00Z,0.0,-31.875,20.125,NaN,NaN
2019-03-31T12:00:00Z,0.0,-31.875,24.125,NaN,NaN
2019-03-31T12:00:00Z,0.0,-31.875,28.125,NaN,NaN
2019-03-31T12:00:00Z,0.0,-31.875,32.125,24.46,-0.06
2019-03-31T12:00:00Z,0.0,-31.875,36.125,23.97,-0.17
2019-03-31T12:00:00Z,0.0,-31.875,40.125,23.96,0.12
2019-03-31T12:00:00Z,0.0,-31.875,44.125,23.48,0.22
2019-03-31T12:00:00Z,0.0,-31.875,48.125,22.67,-0.38
2019-03-31T12:00:00Z,0.0,-31.875,52.125,22.27,-0.46
2019-03-31T12:00:00Z,0.0,-31.875,56.125,23.78,1.38
2019-03-31T12:00:00Z,0.0,-31.875,60.125,24.15,1.77
2019-03-31T12:00:00Z,0.0,-31.875,64.125,24.13,1.91
2019-03-31T12:00:00Z,0.0,-31.875,68.125,23.03,0.93
2019-03-31T12:00:00Z,0.0,-31.875,72.125,23.25,1.46
2019-03-31T12:00:00Z,0.0,-31.875,76.125,22.08,0.52
2019-03-31T12:00:00Z,0.0,-31.875,80.125,22.82,1.46
2019-03-31T12:00:00Z,0.0,-31.875,84.125,22.3,1.18
2019-03-31T12:00:00Z,0.0,-31.875,88.125,20.93,0.14
2019-03-31T12:00:00Z,0.0,-31.875,92.125,20.6,0.05
2019-03-31T12:00:00Z,0.0,-31.875,96.125,20.35,0.13
2019-03-31T12:00:00Z,0.0,-31.875,100.125,19.42,-0.59
2019-03-31T12:00:00Z,0.0,-31.875,104.125,19.6,-0.37
2019-03-31T12:00:00Z,0.0,-31.875,108.125,19.08,-1.23
2019-03-31T12:00:00Z,0.0,-31.875,112.125,21.15,-0.38
2019-03-31T12:00:00Z,0.0,-31.875,116.125,NaN,NaN
2019-03-31T12:00:00Z,0.0,-31.875,120.125,NaN,NaN
2019-03-31T12:00:00Z,0.0,-31.875,124.125,NaN,NaN
2019-03-31T12:00:00Z,0.0,-31.875,128.125,NaN,NaN
2019-03-31T12:00:00Z,0.0,-31.875,132.125,19.66,-0.84
2019-03-31T12:00:00Z,0.0,-31.875,136.125,NaN,NaN
2019-03-31T12:00:00Z,0.0,-31.875,140.125,NaN,NaN
2019-03-31T12:00:00Z,0.0,-31.875,144.125,NaN,NaN
2019-03-31T12:00:00Z,0.0,-31.875,148.125,NaN,NaN
2019-03-31T12:00:00Z,0.0,-31.875,152.125,NaN,NaN
2019-03-31T12:00:00Z,0.0,-31.875,156.125,24.65,0.75
2019-03-31T12:00:00Z,0.0,-31.875,160.125,24.67,1.55
2019-03-31T12:00:00Z,0.0,-31.875,164.125,23.7,1.2
2019-03-31T12:00:00Z,0.0,-31.875,168.125,23.05,1.25
2019-03-31T12:00:00Z,0.0,-31.875,172.125,22.29,0.56
2019-03-31T12:00:00Z,0.0,-31.875,176.125,22.5,0.53
2019-03-31T12:00:00Z,0.0,-31.875,180.125,22.85,0.92
2019-03-31T12:00:00Z,0.0,-31.875,184.125,22.37,0.39
2019-03-31T12:00:00Z,0.0,-31.875,188.125,22.67,0.75
2019-03-31T12:00:00Z,0.0,-31.875,192.125,22.06,0.36
2019-03-31T12:00:00Z,0.0,-31.875,196.125,22.03,0.41
2019-03-31T12:00:00Z,0.0,-31.875,200.125,22.59,0.99
2019-03-31T12:00:00Z,0.0,-31.875,204.125,22.37,0.77
2019-03-31T12:00:00Z,0.0,-31.875,208.125,21.73,0.0
2019-03-31T12:00:00Z,0.0,-31.875,212.125,22.34,0.57
2019-03-31T12:00:00Z,0.0,-31.875,216.125,23.25,1.37
2019-03-31T12:00:00Z,0.0,-31.875,220.125,21.98,-0.03
2019-03-31T12:00:00Z,0.0,-31.875,224.125,21.61,-0.5
2019-03-31T12:00:00Z,0.0,-31.875,228.125,21.57,-0.67
2019-03-31T12:00:00Z,0.0,-31.875,232.125,22.56,0.2
2019-03-31T12:00:00Z,0.0,-31.875,236.125,23.2,0.78
2019-03-31T12:00:00Z,0.0,-31.875,240.125,23.25,0.79
2019-03-31T12:00:00Z,0.0,-31.875,244.125,23.5,0.99
2019-03-31T12:00:00Z,0.0,-31.875,248.125,23.51,0.94
2019-03-31T12:00:00Z,0.0,-31.875,252.125,23.65,1.18
2019-03-31T12:00:00Z,0.0,-31.875,256.125,23.97,1.55
2019-03-31T12:00:00Z,0.0,-31.875,260.125,23.7,1.47
2019-03-31T12:00:00Z,0.0,-31.875,264.125,23.13,1.15
2019-03-31T12:00:00Z,0.0,-31.875,268.125,22.56,0.92
2019-03-31T12:00:00Z,0.0,-31.875,272.125,21.4,0.19
2019-03-31T12:00:00Z,0.0,-31.875,276.125,20.45,-0.12
2019-03-31T12:00:00Z,0.0,-31.875,280.125,18.95,-0.71
2019-03-31T12:00:00Z,0.0,-31.875,284.125,17.61,-0.8
2019-03-31T12:00:00Z,0.0,-31.875,288.125,15.37,-1.74
2019-03-31T12:00:00Z,0.0,-31.875,292.125,NaN,NaN
2019-03-31T12:00:00Z,0.0,-31.875,296.125,NaN,NaN
2019-03-31T12:00:00Z,0.0,-31.875,300.125,NaN,NaN
2019-03-31T12:00:00Z,0.0,-31.875,304.125,NaN,NaN
2019-03-31T12:00:00Z,0.0,-31.875,308.125,22.57,-0.33
2019-03-31T12:00:00Z,0.0,-31.875,312.125,23.3,-0.25
2019-03-31T12:00:00Z,0.0,-31.875,316.125,23.11,0.24
2019-03-31T12:00:00Z,0.0,-31.875,320.125,23.31,0.63
2019-03-31T12:00:00Z,0.0,-31.875,324.125,22.63,-0.02
2019-03-31T12:00:00Z,0.0,-31.875,328.125,21.92,-0.73
2019-03-31T12:00:00Z,0.0,-31.875,332.125,22.32,-0.46
2019-03-31T12:00:00Z,0.0,-31.875,336.125,21.87,-0.88
2019-03-31T12:00:00Z,0.0,-31.875,340.125,22.66,0.03
2019-03-31T12:00:00Z,0.0,-31.875,344.125,22.6,0.09
2019-03-31T12:00:00Z,0.0,-31.875,348.125,22.83,0.57
2019-03-31T12:00:00Z,0.0,-31.875,352.125,22.38,0.38
2019-03-31T12:00:00Z,0.0,-31.875,356.125,23.61,2.01
2019-03-31T12:00:00Z,0.0,-27.875,0.125,24.73,2.29
2019-03-31T12:00:00Z,0.0,-27.875,4.125,23.78,2.04
2019-03-31T12:00:00Z,0.0,-27.875,8.125,22.61,1.61
2019-03-31T12:00:00Z,0.0,-27.875,12.125,21.18,1.11
2019-03-31T12:00:00Z,0.0,-27.875,16.125,NaN,NaN
2019-03-31T12:00:00Z,0.0,-27.875,20.125,NaN,NaN
2019-03-31T12:00:00Z,0.0,-27.875,24.125,NaN,NaN
2019-03-31T12:00:00Z,0.0,-27.875,28.125,NaN,NaN
2019-03-31T12:00:00Z,0.0,-27.875,32.125,NaN,NaN
2019-03-31T12:00:00Z,0.0,-27.875,36.125,27.06,1.1
2019-03-31T12:00:00Z,0.0,-27.875,40.125,26.19,0.43
2019-03-31T12:00:00Z,0.0,-27.875,44.125,26.29,0.71
2019-03-31T12:00:00Z,0.0,-27.875,48.125,25.87,0.61
2019-03-31T12:00:00Z,0.0,-27.875,52.125,25.67,0.65
2019-03-31T12:00:00Z,0.0,-27.875,56.125,26.1,1.23
2019-03-31T12:00:00Z,0.0,-27.875,60.125,25.93,1.35
2019-03-31T12:00:00Z,0.0,-27.875,64.125,26.31,1.81
2019-03-31T12:00:00Z,0.0,-27.875,68.125,24.03,-0.25
2019-03-31T12:00:00Z,0.0,-27.875,72.125,24.18,0.24
2019-03-31T12:00:00Z,0.0,-27.875,76.125,24.97,1.3
2019-03-31T12:00:00Z,0.0,-27.875,80.125,24.31,0.8
2019-03-31T12:00:00Z,0.0,-27.875,84.125,23.8,0.57
2019-03-31T12:00:00Z,0.0,-27.875,88.125,24.22,1.33
2019-03-31T12:00:00Z,0.0,-27.875,92.125,22.5,-0.11
2019-03-31T12:00:00Z,0.0,-27.875,96.125,21.93,-0.44
2019-03-31T12:00:00Z,0.0,-27.875,100.125,22.66,0.53
2019-03-31T12:00:00Z,0.0,-27.875,104.125,22.06,-0.08
2019-03-31T12:00:00Z,0.0,-27.875,108.125,23.03,0.48
2019-03-31T12:00:00Z,0.0,-27.875,112.125,24.79,0.74
2019-03-31T12:00:00Z,0.0,-27.875,116.125,NaN,NaN
2019-03-31T12:00:00Z,0.0,-27.875,120.125,NaN,NaN
2019-03-31T12:00:00Z,0.0,-27.875,124.125,NaN,NaN
2019-03-31T12:00:00Z,0.0,-27.875,128.125,NaN,NaN
2019-03-31T12:00:00Z,0.0,-27.875,132.125,NaN,NaN
2019-03-31T12:00:00Z,0.0,-27.875,136.125,NaN,NaN
2019-03-31T12:00:00Z,0.0,-27.875,140.125,NaN,NaN
2019-03-31T12:00:00Z,0.0,-27.875,144.125,NaN,NaN
2019-03-31T12:00:00Z,0.0,-27.875,148.125,NaN,NaN
2019-03-31T12:00:00Z,0.0,-27.875,152.125,NaN,NaN
2019-03-31T12:00:00Z,0.0,-27.875,156.125,24.75,-0.09
2019-03-31T12:00:00Z,0.0,-27.875,160.125,25.81,1.52
2019-03-31T12:00:00Z,0.0,-27.875,164.125,25.86,1.94
2019-03-31T12:00:00Z,0.0,-27.875,168.125,26.3,2.62
2019-03-31T12:00:00Z,0.0,-27.875,172.125,24.66,0.83
2019-03-31T12:00:00Z,0.0,-27.875,176.125,25.18,1.21
2019-03-31T12:00:00Z,0.0,-27.875,180.125,24.95,0.86
2019-03-31T12:00:00Z,0.0,-27.875,184.125,24.47,0.5
2019-03-31T12:00:00Z,0.0,-27.875,188.125,24.81,0.87
2019-03-31T12:00:00Z,0.0,-27.875,192.125,24.91,0.97
2019-03-31T12:00:00Z,0.0,-27.875,196.125,23.84,-0.1
2019-03-31T12:00:00Z,0.0,-27.875,200.125,24.33,0.33
2019-03-31T12:00:00Z,0.0,-27.875,204.125,24.02,-0.07
2019-03-31T12:00:00Z,0.0,-27.875,208.125,23.98,-0.21
2019-03-31T12:00:00Z,0.0,-27.875,212.125,24.15,-0.1
2019-03-31T12:00:00Z,0.0,-27.875,216.125,24.46,0.15
2019-03-31T12:00:00Z,0.0,-27.875,220.125,23.78,-0.76
2019-03-31T12:00:00Z,0.0,-27.875,224.125,24.22,-0.49
2019-03-31T12:00:00Z,0.0,-27.875,228.125,23.81,-0.97
2019-03-31T12:00:00Z,0.0,-27.875,232.125,24.89,0.04
2019-03-31T12:00:00Z,0.0,-27.875,236.125,25.18,0.37
2019-03-31T12:00:00Z,0.0,-27.875,240.125,24.26,-0.52
2019-03-31T12:00:00Z,0.0,-27.875,244.125,25.18,0.5
2019-03-31T12:00:00Z,0.0,-27.875,248.125,24.83,0.3
2019-03-31T12:00:00Z,0.0,-27.875,252.125,24.98,0.62
2019-03-31T12:00:00Z,0.0,-27.875,256.125,24.48,0.48
2019-03-31T12:00:00Z,0.0,-27.875,260.125,23.94,0.31
2019-03-31T12:00:00Z,0.0,-27.875,264.125,23.23,0.03
2019-03-31T12:00:00Z,0.0,-27.875,268.125,22.08,-0.59
2019-03-31T12:00:00Z,0.0,-27.875,272.125,21.39,-0.65
2019-03-31T12:00:00Z,0.0,-27.875,276.125,20.58,-0.59
2019-03-31T12:00:00Z,0.0,-27.875,280.125,19.64,-0.55
2019-03-31T12:00:00Z,0.0,-27.875,284.125,18.62,-0.65
2019-03-31T12:00:00Z,0.0,-27.875,288.125,17.41,-0.96
2019-03-31T12:00:00Z,0.0,-27.875,292.125,NaN,NaN
2019-03-31T12:00:00Z,0.0,-27.875,296.125,NaN,NaN
2019-03-31T12:00:00Z,0.0,-27.875,300.125,NaN,NaN
2019-03-31T12:00:00Z,0.0,-27.875,304.125,NaN,NaN
2019-03-31T12:00:00Z,0.0,-27.875,308.125,NaN,NaN
2019-03-31T12:00:00Z,0.0,-27.875,312.125,25.01,0.02
2019-03-31T12:00:00Z,0.0,-27.875,316.125,25.52,0.28
2019-03-31T12:00:00Z,0.0,-27.875,320.125,25.83,0.75
2019-03-31T12:00:00Z,0.0,-27.875,324.125,25.89,1.02
2019-03-31T12:00:00Z,0.0,-27.875,328.125,24.38,-0.66
2019-03-31T12:00:00Z,0.0,-27.875,332.125,24.41,-0.62
2019-03-31T12:00:00Z,0.0,-27.875,336.125,25.33,0.42
2019-03-31T12:00:00Z,0.0,-27.875,340.125,25.67,0.89
2019-03-31T12:00:00Z,0.0,-27.875,344.125,25.08,0.61
2019-03-31T12:00:00Z,0.0,-27.875,348.125,26.67,2.59
2019-03-31T12:00:00Z,0.0,-27.875,352.125,25.72,2.08
2019-03-31T12:00:00Z,0.0,-27.875,356.125,25.25,2.19
2019-03-31T12:00:00Z,0.0,-23.875,0.125,24.62,1.75
2019-03-31T12:00:00Z,0.0,-23.875,4.125,23.7,1.47
2019-03-31T12:00:00Z,0.0,-23.875,8.125,22.88,1.34
2019-03-31T12:00:00Z,0.0,-23.875,12.125,18.29,-0.79
2019-03-31T12:00:00Z,0.0,-23.875,16.125,NaN,NaN
2019-03-31T12:00:00Z,0.0,-23.875,20.125,NaN,NaN
2019-03-31T12:00:00Z,0.0,-23.875,24.125,NaN,NaN
2019-03-31T12:00:00Z,0.0,-23.875,28.125,NaN,NaN
2019-03-31T12:00:00Z,0.0,-23.875,32.125,NaN,NaN
2019-03-31T12:00:00Z,0.0,-23.875,36.125,27.66,0.35
2019-03-31T12:00:00Z,0.0,-23.875,40.125,27.09,-0.11
2019-03-31T12:00:00Z,0.0,-23.875,44.125,NaN,NaN
2019-03-31T12:00:00Z,0.0,-23.875,48.125,28.52,1.44
2019-03-31T12:00:00Z,0.0,-23.875,52.125,28.65,1.98
2019-03-31T12:00:00Z,0.0,-23.875,56.125,28.73,2.17
2019-03-31T12:00:00Z,0.0,-23.875,60.125,28.19,1.89
2019-03-31T12:00:00Z,0.0,-23.875,64.125,26.98,0.89
2019-03-31T12:00:00Z,0.0,-23.875,68.125,24.76,-1.09
2019-03-31T12:00:00Z,0.0,-23.875,72.125,25.88,0.36
2019-03-31T12:00:00Z,0.0,-23.875,76.125,26.78,1.44
2019-03-31T12:00:00Z,0.0,-23.875,80.125,26.11,0.94
2019-03-31T12:00:00Z,0.0,-23.875,84.125,25.95,1.02
2019-03-31T12:00:00Z,0.0,-23.875,88.125,25.02,0.32
2019-03-31T12:00:00Z,0.0,-23.875,92.125,24.21,-0.14
2019-03-31T12:00:00Z,0.0,-23.875,96.125,23.78,-0.21
2019-03-31T12:00:00Z,0.0,-23.875,100.125,24.54,0.77
2019-03-31T12:00:00Z,0.0,-23.875,104.125,24.73,0.77
2019-03-31T12:00:00Z,0.0,-23.875,108.125,24.41,-0.25
2019-03-31T12:00:00Z,0.0,-23.875,112.125,28.09,1.78
2019-03-31T12:00:00Z,0.0,-23.875,116.125,NaN,NaN
2019-03-31T12:00:00Z,0.0,-23.875,120.125,NaN,NaN
2019-03-31T12:00:00Z,0.0,-23.875,124.125,NaN,NaN
2019-03-31T12:00:00Z,0.0,-23.875,128.125,NaN,NaN
2019-03-31T12:00:00Z,0.0,-23.875,132.125,NaN,NaN
2019-03-31T12:00:00Z,0.0,-23.875,136.125,NaN,NaN
2019-03-31T12:00:00Z,0.0,-23.875,140.125,NaN,NaN
2019-03-31T12:00:00Z,0.0,-23.875,144.125,NaN,NaN
2019-03-31T12:00:00Z,0.0,-23.875,148.125,NaN,NaN
2019-03-31T12:00:00Z,0.0,-23.875,152.125,27.03,0.57
2019-03-31T12:00:00Z,0.0,-23.875,156.125,27.0,1.05
2019-03-31T12:00:00Z,0.0,-23.875,160.125,26.68,1.18
2019-03-31T12:00:00Z,0.0,-23.875,164.125,26.54,0.99
2019-03-31T12:00:00Z,0.0,-23.875,168.125,26.64,0.88
2019-03-31T12:00:00Z,0.0,-23.875,172.125,25.95,0.17
2019-03-31T12:00:00Z,0.0,-23.875,176.125,26.35,0.46
2019-03-31T12:00:00Z,0.0,-23.875,180.125,26.42,0.52
2019-03-31T12:00:00Z,0.0,-23.875,184.125,26.09,0.13
2019-03-31T12:00:00Z,0.0,-23.875,188.125,26.69,0.75
2019-03-31T12:00:00Z,0.0,-23.875,192.125,26.45,0.53
2019-03-31T12:00:00Z,0.0,-23.875,196.125,26.55,0.58
2019-03-31T12:00:00Z,0.0,-23.875,200.125,25.98,-0.09
2019-03-31T12:00:00Z,0.0,-23.875,204.125,26.17,0.0
2019-03-31T12:00:00Z,0.0,-23.875,208.125,26.92,0.74
2019-03-31T12:00:00Z,0.0,-23.875,212.125,26.48,0.14
2019-03-31T12:00:00Z,0.0,-23.875,216.125,26.51,0.01
2019-03-31T12:00:00Z,0.0,-23.875,220.125,26.08,-0.42
2019-03-31T12:00:00Z,0.0,-23.875,224.125,26.33,-0.2
2019-03-31T12:00:00Z,0.0,-23.875,228.125,26.57,0.05
2019-03-31T12:00:00Z,0.0,-23.875,232.125,27.41,0.93
2019-03-31T12:00:00Z,0.0,-23.875,236.125,26.77,0.42
2019-03-31T12:00:00Z,0.0,-23.875,240.125,26.32,0.22
2019-03-31T12:00:00Z,0.0,-23.875,244.125,26.74,0.94
2019-03-31T12:00:00Z,0.0,-23.875,248.125,25.96,0.47
2019-03-31T12:00:00Z,0.0,-23.875,252.125,25.29,0.21
2019-03-31T12:00:00Z,0.0,-23.875,256.125,24.35,-0.27
2019-03-31T12:00:00Z,0.0,-23.875,260.125,23.71,-0.39
2019-03-31T12:00:00Z,0.0,-23.875,264.125,22.71,-0.83
2019-03-31T12:00:00Z,0.0,-23.875,268.125,21.99,-0.91
2019-03-31T12:00:00Z,0.0,-23.875,272.125,21.32,-0.81
2019-03-31T12:00:00Z,0.0,-23.875,276.125,20.93,-0.42
2019-03-31T12:00:00Z,0.0,-23.875,280.125,20.61,-0.11
2019-03-31T12:00:00Z,0.0,-23.875,284.125,20.18,-0.28
2019-03-31T12:00:00Z,0.0,-23.875,288.125,20.33,-0.14
2019-03-31T12:00:00Z,0.0,-23.875,292.125,NaN,NaN
2019-03-31T12:00:00Z,0.0,-23.875,296.125,NaN,NaN
2019-03-31T12:00:00Z,0.0,-23.875,300.125,NaN,NaN
2019-03-31T12:00:00Z,0.0,-23.875,304.125,NaN,NaN
2019-03-31T12:00:00Z,0.0,-23.875,308.125,NaN,NaN
2019-03-31T12:00:00Z,0.0,-23.875,312.125,NaN,NaN
2019-03-31T12:00:00Z,0.0,-23.875,316.125,25.94,0.23
2019-03-31T12:00:00Z,0.0,-23.875,320.125,27.75,1.08
2019-03-31T12:00:00Z,0.0,-23.875,324.125,27.21,0.38
2019-03-31T12:00:00Z,0.0,-23.875,328.125,27.65,0.84
2019-03-31T12:00:00Z,0.0,-23.875,332.125,28.36,1.66
2019-03-31T12:00:00Z,0.0,-23.875,336.125,27.28,0.83
2019-03-31T12:00:00Z,0.0,-23.875,340.125,28.14,2.09
2019-03-31T12:00:00Z,0.0,-23.875,344.125,27.61,2.12
2019-03-31T12:00:00Z,0.0,-23.875,348.125,27.02,2.07
2019-03-31T12:00:00Z,0.0,-23.875,352.125,26.49,2.17
2019-03-31T12:00:00Z,0.0,-23.875,356.125,25.56,1.99
2019-03-31T12:00:00Z,0.0,-19.875,0.125,24.13,0.71
2019-03-31T12:00:00Z,0.0,-19.875,4.125,23.41,0.48
2019-03-31T12:00:00Z,0.0,-19.875,8.125,21.76,-0.2
2019-03-31T12:00:00Z,0.0,-19.875,12.125,18.75,-0.68
2019-03-31T12:00:00Z,0.0,-19.875,16.125,NaN,NaN
2019-03-31T12:00:00Z,0.0,-19.875,20.125,NaN,NaN
2019-03-31T12:00:00Z,0.0,-19.875,24.125,NaN,NaN
2019-03-31T12:00:00Z,0.0,-19.875,28.125,NaN,NaN
2019-03-31T12:00:00Z,0.0,-19.875,32.125,NaN,NaN
2019-03-31T12:00:00Z,0.0,-19.875,36.125,27.24,-0.72
2019-03-31T12:00:00Z,0.0,-19.875,40.125,27.89,-0.55
2019-03-31T12:00:00Z,0.0,-19.875,44.125,29.47,0.68
2019-03-31T12:00:00Z,0.0,-19.875,48.125,NaN,NaN
2019-03-31T12:00:00Z,0.0,-19.875,52.125,29.86,2.16
2019-03-31T12:00:00Z,0.0,-19.875,56.125,29.64,2.18
2019-03-31T12:00:00Z,0.0,-19.875,60.125,29.19,1.93
2019-03-31T12:00:00Z,0.0,-19.875,64.125,26.95,-0.17
2019-03-31T12:00:00Z,0.0,-19.875,68.125,26.73,-0.23
2019-03-31T12:00:00Z,0.0,-19.875,72.125,26.88,0.03
2019-03-31T12:00:00Z,0.0,-19.875,76.125,28.06,1.28
2019-03-31T12:00:00Z,0.0,-19.875,80.125,27.5,0.84
2019-03-31T12:00:00Z,0.0,-19.875,84.125,26.6,0.09
2019-03-31T12:00:00Z,0.0,-19.875,88.125,26.55,0.33
2019-03-31T12:00:00Z,0.0,-19.875,92.125,25.49,-0.4
2019-03-31T12:00:00Z,0.0,-19.875,96.125,25.42,-0.12
2019-03-31T12:00:00Z,0.0,-19.875,100.125,26.04,0.5
2019-03-31T12:00:00Z,0.0,-19.875,104.125,26.2,0.23
2019-03-31T12:00:00Z,0.0,-19.875,108.125,28.49,1.77
2019-03-31T12:00:00Z,0.0,-19.875,112.125,28.97,1.03
2019-03-31T12:00:00Z,0.0,-19.875,116.125,29.39,0.42
2019-03-31T12:00:00Z,0.0,-19.875,120.125,30.2,0.87
2019-03-31T12:00:00Z,0.0,-19.875,124.125,NaN,NaN
2019-03-31T12:00:00Z,0.0,-19.875,128.125,NaN,NaN
2019-03-31T12:00:00Z,0.0,-19.875,132.125,NaN,NaN
2019-03-31T12:00:00Z,0.0,-19.875,136.125,NaN,NaN
2019-03-31T12:00:00Z,0.0,-19.875,140.125,NaN,NaN
2019-03-31T12:00:00Z,0.0,-19.875,144.125,NaN,NaN
2019-03-31T12:00:00Z,0.0,-19.875,148.125,28.39,1.05
2019-03-31T12:00:00Z,0.0,-19.875,152.125,28.69,1.49
2019-03-31T12:00:00Z,0.0,-19.875,156.125,27.95,0.82
2019-03-31T12:00:00Z,0.0,-19.875,160.125,28.08,0.95
2019-03-31T12:00:00Z,0.0,-19.875,164.125,28.21,0.82
2019-03-31T12:00:00Z,0.0,-19.875,168.125,28.32,0.88
2019-03-31T12:00:00Z,0.0,-19.875,172.125,27.88,0.36
2019-03-31T12:00:00Z,0.0,-19.875,176.125,28.45,0.75
2019-03-31T12:00:00Z,0.0,-19.875,180.125,28.46,0.73
2019-03-31T12:00:00Z,0.0,-19.875,184.125,28.26,0.62
2019-03-31T12:00:00Z,0.0,-19.875,188.125,28.15,0.47
2019-03-31T12:00:00Z,0.0,-19.875,192.125,27.97,0.28
2019-03-31T12:00:00Z,0.0,-19.875,196.125,28.66,0.93
2019-03-31T12:00:00Z,0.0,-19.875,200.125,28.65,0.87
2019-03-31T12:00:00Z,0.0,-19.875,204.125,28.26,0.42
2019-03-31T12:00:00Z,0.0,-19.875,208.125,28.3,0.36
2019-03-31T12:00:00Z,0.0,-19.875,212.125,28.53,0.56
2019-03-31T12:00:00Z,0.0,-19.875,216.125,27.71,-0.25
2019-03-31T12:00:00Z,0.0,-19.875,220.125,27.91,0.04
2019-03-31T12:00:00Z,0.0,-19.875,224.125,28.29,0.58
2019-03-31T12:00:00Z,0.0,-19.875,228.125,28.71,1.22
2019-03-31T12:00:00Z,0.0,-19.875,232.125,28.52,1.26
2019-03-31T12:00:00Z,0.0,-19.875,236.125,28.1,1.12
2019-03-31T12:00:00Z,0.0,-19.875,240.125,27.62,1.02
2019-03-31T12:00:00Z,0.0,-19.875,244.125,26.97,0.77
2019-03-31T12:00:00Z,0.0,-19.875,248.125,25.96,0.21
2019-03-31T12:00:00Z,0.0,-19.875,252.125,25.15,-0.06
2019-03-31T12:00:00Z,0.0,-19.875,256.125,24.58,-0.1
2019-03-31T12:00:00Z,0.0,-19.875,260.125,23.77,-0.33
2019-03-31T12:00:00Z,0.0,-19.875,264.125,23.01,-0.52
2019-03-31T12:00:00Z,0.0,-19.875,268.125,22.64,-0.27
2019-03-31T12:00:00Z,0.0,-19.875,272.125,22.06,-0.33
2019-03-31T12:00:00Z,0.0,-19.875,276.125,21.55,-0.41
2019-03-31T12:00:00Z,0.0,-19.875,280.125,21.05,-0.8
2019-03-31T12:00:00Z,0.0,-19.875,284.125,22.38,-0.12
2019-03-31T12:00:00Z,0.0,-19.875,288.125,23.3,0.76
2019-03-31T12:00:00Z,0.0,-19.875,292.125,NaN,NaN
2019-03-31T12:00:00Z,0.0,-19.875,296.125,NaN,NaN
2019-03-31T12:00:00Z,0.0,-19.875,300.125,NaN,NaN
2019-03-31T12:00:00Z,0.0,-19.875,304.125,NaN,NaN
2019-03-31T12:00:00Z,0.0,-19.875,308.125,NaN,NaN
2019-03-31T12:00:00Z,0.0,-19.875,312.125,NaN,NaN
2019-03-31T12:00:00Z,0.0,-19.875,316.125,NaN,NaN
2019-03-31T12:00:00Z,0.0,-19.875,320.125,27.47,0.41
2019-03-31T12:00:00Z,0.0,-19.875,324.125,29.15,1.37
2019-03-31T12:00:00Z,0.0,-19.875,328.125,29.25,1.64
2019-03-31T12:00:00Z,0.0,-19.875,332.125,29.06,1.8
2019-03-31T12:00:00Z,0.0,-19.875,336.125,29.23,2.47
2019-03-31T12:00:00Z,0.0,-19.875,340.125,28.33,2.14
2019-03-31T12:00:00Z,0.0,-19.875,344.125,27.37,1.78
2019-03-31T12:00:00Z,0.0,-19.875,348.125,26.52,1.55
2019-03-31T12:00:00Z,0.0,-19.875,352.125,26.01,1.61
2019-03-31T12:00:00Z,0.0,-19.875,356.125,25.09,1.24
2019-03-31T12:00:00Z,0.0,-15.875,0.125,24.49,0.25
2019-03-31T12:00:00Z,0.0,-15.875,4.125,23.69,-0.21
2019-03-31T12:00:00Z,0.0,-15.875,8.125,23.49,0.03
2019-03-31T12:00:00Z,0.0,-15.875,12.125,NaN,NaN
2019-03-31T12:00:00Z,0.0,-15.875,16.125,NaN,NaN
2019-03-31T12:00:00Z,0.0,-15.875,20.125,NaN,NaN
2019-03-31T12:00:00Z,0.0,-15.875,24.125,NaN,NaN
2019-03-31T12:00:00Z,0.0,-15.875,28.125,NaN,NaN
2019-03-31T12:00:00Z,0.0,-15.875,32.125,NaN,NaN
2019-03-31T12:00:00Z,0.0,-15.875,36.125,NaN,NaN
2019-03-31T12:00:00Z,0.0,-15.875,40.125,NaN,NaN
2019-03-31T12:00:00Z,0.0,-15.875,44.125,29.55,0.4
2019-03-31T12:00:00Z,0.0,-15.875,48.125,NaN,NaN
2019-03-31T12:00:00Z,0.0,-15.875,52.125,29.86,1.59
2019-03-31T12:00:00Z,0.0,-15.875,56.125,29.74,1.49
2019-03-31T12:00:00Z,0.0,-15.875,60.125,28.48,0.38
2019-03-31T12:00:00Z,0.0,-15.875,64.125,28.86,0.81
2019-03-31T12:00:00Z,0.0,-15.875,68.125,28.84,0.89
2019-03-31T12:00:00Z,0.0,-15.875,72.125,28.49,0.56
2019-03-31T12:00:00Z,0.0,-15.875,76.125,29.32,1.34
2019-03-31T12:00:00Z,0.0,-15.875,80.125,28.88,1.06
2019-03-31T12:00:00Z,0.0,-15.875,84.125,28.25,0.69
2019-03-31T12:00:00Z,0.0,-15.875,88.125,26.84,-0.5
2019-03-31T12:00:00Z,0.0,-15.875,92.125,27.64,0.41
2019-03-31T12:00:00Z,0.0,-15.875,96.125,27.31,0.05
2019-03-31T12:00:00Z,0.0,-15.875,100.125,28.07,0.67
2019-03-31T12:00:00Z,0.0,-15.875,104.125,28.55,0.85
2019-03-31T12:00:00Z,0.0,-15.875,108.125,29.2,1.07
2019-03-31T12:00:00Z,0.0,-15.875,112.125,28.97,0.27
2019-03-31T12:00:00Z,0.0,-15.875,116.125,29.12,-0.15
2019-03-31T12:00:00Z,0.0,-15.875,120.125,29.43,-0.09
2019-03-31T12:00:00Z,0.0,-15.875,124.125,31.24,1.67
2019-03-31T12:00:00Z,0.0,-15.875,128.125,NaN,NaN
2019-03-31T12:00:00Z,0.0,-15.875,132.125,NaN,NaN
2019-03-31T12:00:00Z,0.0,-15.875,136.125,NaN,NaN
2019-03-31T12:00:00Z,0.0,-15.875,140.125,28.99,-0.47
2019-03-31T12:00:00Z,0.0,-15.875,144.125,NaN,NaN
2019-03-31T12:00:00Z,0.0,-15.875,148.125,29.12,1.21
2019-03-31T12:00:00Z,0.0,-15.875,152.125,28.74,0.7
2019-03-31T12:00:00Z,0.0,-15.875,156.125,28.61,0.25
2019-03-31T12:00:00Z,0.0,-15.875,160.125,28.39,-0.08
2019-03-31T12:00:00Z,0.0,-15.875,164.125,28.94,0.32
2019-03-31T12:00:00Z,0.0,-15.875,168.125,29.73,0.98
2019-03-31T12:00:00Z,0.0,-15.875,172.125,29.78,0.95
2019-03-31T12:00:00Z,0.0,-15.875,176.125,29.76,0.82
2019-03-31T12:00:00Z,0.0,-15.875,180.125,29.13,0.28
2019-03-31T12:00:00Z,0.0,-15.875,184.125,29.16,0.36
2019-03-31T12:00:00Z,0.0,-15.875,188.125,30.27,1.42
2019-03-31T12:00:00Z,0.0,-15.875,192.125,30.31,1.52
2019-03-31T12:00:00Z,0.0,-15.875,196.125,30.36,1.5
2019-03-31T12:00:00Z,0.0,-15.875,200.125,30.15,1.28
2019-03-31T12:00:00Z,0.0,-15.875,204.125,30.14,1.31
2019-03-31T12:00:00Z,0.0,-15.875,208.125,30.25,1.46
2019-03-31T12:00:00Z,0.0,-15.875,212.125,29.92,1.21
2019-03-31T12:00:00Z,0.0,-15.875,216.125,29.63,1.04
2019-03-31T12:00:00Z,0.0,-15.875,220.125,29.49,1.06
2019-03-31T12:00:00Z,0.0,-15.875,224.125,29.2,1.03
2019-03-31T12:00:00Z,0.0,-15.875,228.125,28.86,0.97
2019-03-31T12:00:00Z,0.0,-15.875,232.125,28.39,0.81
2019-03-31T12:00:00Z,0.0,-15.875,236.125,27.85,0.67
2019-03-31T12:00:00Z,0.0,-15.875,240.125,27.54,0.79
2019-03-31T12:00:00Z,0.0,-15.875,244.125,26.56,0.27
2019-03-31T12:00:00Z,0.0,-15.875,248.125,26.02,0.21
2019-03-31T12:00:00Z,0.0,-15.875,252.125,25.41,0.13
2019-03-31T12:00:00Z,0.0,-15.875,256.125,24.79,-0.02
2019-03-31T12:00:00Z,0.0,-15.875,260.125,24.4,0.05
2019-03-31T12:00:00Z,0.0,-15.875,264.125,24.09,0.1
2019-03-31T12:00:00Z,0.0,-15.875,268.125,23.81,0.05
2019-03-31T12:00:00Z,0.0,-15.875,272.125,24.26,0.57
2019-03-31T12:00:00Z,0.0,-15.875,276.125,24.27,0.55
2019-03-31T12:00:00Z,0.0,-15.875,280.125,23.7,0.11
2019-03-31T12:00:00Z,0.0,-15.875,284.125,21.23,-0.47
2019-03-31T12:00:00Z,0.0,-15.875,288.125,NaN,NaN
2019-03-31T12:00:00Z,0.0,-15.875,292.125,NaN,NaN
2019-03-31T12:00:00Z,0.0,-15.875,296.125,NaN,NaN
2019-03-31T12:00:00Z,0.0,-15.875,300.125,NaN,NaN
2019-03-31T12:00:00Z,0.0,-15.875,304.125,NaN,NaN
2019-03-31T12:00:00Z,0.0,-15.875,308.125,NaN,NaN
2019-03-31T12:00:00Z,0.0,-15.875,312.125,NaN,NaN
2019-03-31T12:00:00Z,0.0,-15.875,316.125,NaN,NaN
2019-03-31T12:00:00Z,0.0,-15.875,320.125,NaN,NaN
2019-03-31T12:00:00Z,0.0,-15.875,324.125,28.53,0.42
2019-03-31T12:00:00Z,0.0,-15.875,328.125,29.18,1.45
2019-03-31T12:00:00Z,0.0,-15.875,332.125,28.98,1.79
2019-03-31T12:00:00Z,0.0,-15.875,336.125,28.2,1.55
2019-03-31T12:00:00Z,0.0,-15.875,340.125,27.31,1.19
2019-03-31T12:00:00Z,0.0,-15.875,344.125,26.77,1.12
2019-03-31T12:00:00Z,0.0,-15.875,348.125,26.37,1.08
2019-03-31T12:00:00Z,0.0,-15.875,352.125,25.57,0.64
2019-03-31T12:00:00Z,0.0,-15.875,356.125,25.05,0.46
2019-03-31T12:00:00Z,0.0,-11.875,0.125,25.62,-0.17
2019-03-31T12:00:00Z,0.0,-11.875,4.125,26.81,0.85
2019-03-31T12:00:00Z,0.0,-11.875,8.125,27.25,0.96
2019-03-31T12:00:00Z,0.0,-11.875,12.125,29.43,1.83
2019-03-31T12:00:00Z,0.0,-11.875,16.125,NaN,NaN
2019-03-31T12:00:00Z,0.0,-11.875,20.125,NaN,NaN
2019-03-31T12:00:00Z,0.0,-11.875,24.125,NaN,NaN
2019-03-31T12:00:00Z,0.0,-11.875,28.125,NaN,NaN
2019-03-31T12:00:00Z,0.0,-11.875,32.125,NaN,NaN
2019-03-31T12:00:00Z,0.0,-11.875,36.125,NaN,NaN
2019-03-31T12:00:00Z,0.0,-11.875,40.125,NaN,NaN
2019-03-31T12:00:00Z,0.0,-11.875,44.125,30.26,1.25
2019-03-31T12:00:00Z,0.0,-11.875,48.125,30.35,1.67
2019-03-31T12:00:00Z,0.0,-11.875,52.125,30.21,1.71
2019-03-31T12:00:00Z,0.0,-11.875,56.125,29.88,1.22
2019-03-31T12:00:00Z,0.0,-11.875,60.125,29.41,0.84
2019-03-31T12:00:00Z,0.0,-11.875,64.125,29.36,0.7
2019-03-31T12:00:00Z,0.0,-11.875,68.125,29.98,1.42
2019-03-31T12:00:00Z,0.0,-11.875,72.125,29.69,1.13
2019-03-31T12:00:00Z,0.0,-11.875,76.125,29.94,1.36
2019-03-31T12:00:00Z,0.0,-11.875,80.125,29.13,0.7
2019-03-31T12:00:00Z,0.0,-11.875,84.125,28.44,0.14
2019-03-31T12:00:00Z,0.0,-11.875,88.125,29.13,0.88
2019-03-31T12:00:00Z,0.0,-11.875,92.125,28.18,-0.13
2019-03-31T12:00:00Z,0.0,-11.875,96.125,28.94,0.49
2019-03-31T12:00:00Z,0.0,-11.875,100.125,29.56,0.95
2019-03-31T12:00:00Z,0.0,-11.875,104.125,29.79,1.05
2019-03-31T12:00:00Z,0.0,-11.875,108.125,29.63,0.76
2019-03-31T12:00:00Z,0.0,-11.875,112.125,29.52,0.53
2019-03-31T12:00:00Z,0.0,-11.875,116.125,29.76,0.58
2019-03-31T12:00:00Z,0.0,-11.875,120.125,29.72,0.4
2019-03-31T12:00:00Z,0.0,-11.875,124.125,29.95,0.66
2019-03-31T12:00:00Z,0.0,-11.875,128.125,30.27,0.86
2019-03-31T12:00:00Z,0.0,-11.875,132.125,30.34,0.87
2019-03-31T12:00:00Z,0.0,-11.875,136.125,30.26,1.12
2019-03-31T12:00:00Z,0.0,-11.875,140.125,30.12,1.18
2019-03-31T12:00:00Z,0.0,-11.875,144.125,28.87,0.59
2019-03-31T12:00:00Z,0.0,-11.875,148.125,28.82,0.26
2019-03-31T12:00:00Z,0.0,-11.875,152.125,28.76,0.04
2019-03-31T12:00:00Z,0.0,-11.875,156.125,29.14,0.06
2019-03-31T12:00:00Z,0.0,-11.875,160.125,29.82,0.58
2019-03-31T12:00:00Z,0.0,-11.875,164.125,29.69,0.43
2019-03-31T12:00:00Z,0.0,-11.875,168.125,30.06,0.77
2019-03-31T12:00:00Z,0.0,-11.875,172.125,30.23,0.91
2019-03-31T12:00:00Z,0.0,-11.875,176.125,30.53,1.22
2019-03-31T12:00:00Z,0.0,-11.875,180.125,29.85,0.5
2019-03-31T12:00:00Z,0.0,-11.875,184.125,30.19,0.85
2019-03-31T12:00:00Z,0.0,-11.875,188.125,30.33,1.02
2019-03-31T12:00:00Z,0.0,-11.875,192.125,30.51,1.2
2019-03-31T12:00:00Z,0.0,-11.875,196.125,30.52,1.26
2019-03-31T12:00:00Z,0.0,-11.875,200.125,30.69,1.49
2019-03-31T12:00:00Z,0.0,-11.875,204.125,30.41,1.26
2019-03-31T12:00:00Z,0.0,-11.875,208.125,30.19,1.13
2019-03-31T12:00:00Z,0.0,-11.875,212.125,29.49,0.55
2019-03-31T12:00:00Z,0.0,-11.875,216.125,29.62,0.83
2019-03-31T12:00:00Z,0.0,-11.875,220.125,29.13,0.55
2019-03-31T12:00:00Z,0.0,-11.875,224.125,28.62,0.35
2019-03-31T12:00:00Z,0.0,-11.875,228.125,28.43,0.44
2019-03-31T12:00:00Z,0.0,-11.875,232.125,27.73,0.05
2019-03-31T12:00:00Z,0.0,-11.875,236.125,27.26,-0.08
2019-03-31T12:00:00Z,0.0,-11.875,240.125,27.04,0.04
2019-03-31T12:00:00Z,0.0,-11.875,244.125,26.56,-0.13
2019-03-31T12:00:00Z,0.0,-11.875,248.125,26.33,-0.03
2019-03-31T12:00:00Z,0.0,-11.875,252.125,26.24,0.17
2019-03-31T12:00:00Z,0.0,-11.875,256.125,25.77,-0.09
2019-03-31T12:00:00Z,0.0,-11.875,260.125,26.41,0.74
2019-03-31T12:00:00Z,0.0,-11.875,264.125,26.06,0.51
2019-03-31T12:00:00Z,0.0,-11.875,268.125,26.78,1.12
2019-03-31T12:00:00Z,0.0,-11.875,272.125,26.99,1.21
2019-03-31T12:00:00Z,0.0,-11.875,276.125,26.65,0.97
2019-03-31T12:00:00Z,0.0,-11.875,280.125,26.36,2.29
2019-03-31T12:00:00Z,0.0,-11.875,284.125,NaN,NaN
2019-03-31T12:00:00Z,0.0,-11.875,288.125,NaN,NaN
2019-03-31T12:00:00Z,0.0,-11.875,292.125,NaN,NaN
2019-03-31T12:00:00Z,0.0,-11.875,296.125,NaN,NaN
2019-03-31T12:00:00Z,0.0,-11.875,300.125,NaN,NaN
2019-03-31T12:00:00Z,0.0,-11.875,304.125,NaN,NaN
2019-03-31T12:00:00Z,0.0,-11.875,308.125,NaN,NaN
2019-03-31T12:00:00Z,0.0,-11.875,312.125,NaN,NaN
2019-03-31T12:00:00Z,0.0,-11.875,316.125,NaN,NaN
2019-03-31T12:00:00Z,0.0,-11.875,320.125,NaN,NaN
2019-03-31T12:00:00Z,0.0,-11.875,324.125,29.2,1.02
2019-03-31T12:00:00Z,0.0,-11.875,328.125,29.05,1.11
2019-03-31T12:00:00Z,0.0,-11.875,332.125,29.18,1.62
2019-03-31T12:00:00Z,0.0,-11.875,336.125,28.89,1.66
2019-03-31T12:00:00Z,0.0,-11.875,340.125,28.31,1.38
2019-03-31T12:00:00Z,0.0,-11.875,344.125,27.81,1.18
2019-03-31T12:00:00Z,0.0,-11.875,348.125,27.21,0.8
2019-03-31T12:00:00Z,0.0,-11.875,352.125,26.97,0.79
2019-03-31T12:00:00Z,0.0,-11.875,356.125,26.36,0.43
2019-03-31T12:00:00Z,0.0,-7.875,0.125,28.65,1.02
2019-03-31T12:00:00Z,0.0,-7.875,4.125,29.33,1.38
2019-03-31T12:00:00Z,0.0,-7.875,8.125,28.98,0.53
2019-03-31T12:00:00Z,0.0,-7.875,12.125,29.9,1.43
2019-03-31T12:00:00Z,0.0,-7.875,16.125,NaN,NaN
2019-03-31T12:00:00Z,0.0,-7.875,20.125,NaN,NaN
2019-03-31T12:00:00Z,0.0,-7.875,24.125,NaN,NaN
2019-03-31T12:00:00Z,0.0,-7.875,28.125,NaN,NaN
2019-03-31T12:00:00Z,0.0,-7.875,32.125,NaN,NaN
2019-03-31T12:00:00Z,0.0,-7.875,36.125,NaN,NaN
2019-03-31T12:00:00Z,0.0,-7.875,40.125,29.65,0.4
2019-03-31T12:00:00Z,0.0,-7.875,44.125,30.75,1.5
2019-03-31T12:00:00Z,0.0,-7.875,48.125,30.57,1.37
2019-03-31T12:00:00Z,0.0,-7.875,52.125,29.77,0.63
2019-03-31T12:00:00Z,0.0,-7.875,56.125,29.33,0.36
2019-03-31T12:00:00Z,0.0,-7.875,60.125,29.39,0.5
2019-03-31T12:00:00Z,0.0,-7.875,64.125,29.63,0.65
2019-03-31T12:00:00Z,0.0,-7.875,68.125,29.68,0.75
2019-03-31T12:00:00Z,0.0,-7.875,72.125,30.14,1.24
2019-03-31T12:00:00Z,0.0,-7.875,76.125,30.08,1.24
2019-03-31T12:00:00Z,0.0,-7.875,80.125,29.22,0.44
2019-03-31T12:00:00Z,0.0,-7.875,84.125,29.61,0.89
2019-03-31T12:00:00Z,0.0,-7.875,88.125,30.09,1.31
2019-03-31T12:00:00Z,0.0,-7.875,92.125,29.91,1.0
2019-03-31T12:00:00Z,0.0,-7.875,96.125,29.73,0.72
2019-03-31T12:00:00Z,0.0,-7.875,100.125,30.19,1.14
2019-03-31T12:00:00Z,0.0,-7.875,104.125,29.79,0.74
2019-03-31T12:00:00Z,0.0,-7.875,108.125,29.47,0.4
2019-03-31T12:00:00Z,0.0,-7.875,112.125,NaN,NaN
2019-03-31T12:00:00Z,0.0,-7.875,116.125,29.67,0.62
2019-03-31T12:00:00Z,0.0,-7.875,120.125,28.68,-0.35
2019-03-31T12:00:00Z,0.0,-7.875,124.125,28.51,-0.5
2019-03-31T12:00:00Z,0.0,-7.875,128.125,29.26,0.3
2019-03-31T12:00:00Z,0.0,-7.875,132.125,29.16,0.2
2019-03-31T12:00:00Z,0.0,-7.875,136.125,28.57,-0.47
2019-03-31T12:00:00Z,0.0,-7.875,140.125,NaN,NaN
2019-03-31T12:00:00Z,0.0,-7.875,144.125,29.14,0.34
2019-03-31T12:00:00Z,0.0,-7.875,148.125,28.88,-0.34
2019-03-31T12:00:00Z,0.0,-7.875,152.125,29.08,-0.3
2019-03-31T12:00:00Z,0.0,-7.875,156.125,29.74,0.19
2019-03-31T12:00:00Z,0.0,-7.875,160.125,30.02,0.54
2019-03-31T12:00:00Z,0.0,-7.875,164.125,29.73,0.29
2019-03-31T12:00:00Z,0.0,-7.875,168.125,29.61,0.14
2019-03-31T12:00:00Z,0.0,-7.875,172.125,30.25,0.79
2019-03-31T12:00:00Z,0.0,-7.875,176.125,29.99,0.58
2019-03-31T12:00:00Z,0.0,-7.875,180.125,30.39,0.97
2019-03-31T12:00:00Z,0.0,-7.875,184.125,30.38,1.01
2019-03-31T12:00:00Z,0.0,-7.875,188.125,30.58,1.24
2019-03-31T12:00:00Z,0.0,-7.875,192.125,30.37,1.11
2019-03-31T12:00:00Z,0.0,-7.875,196.125,30.15,0.99
2019-03-31T12:00:00Z,0.0,-7.875,200.125,30.21,1.12
2019-03-31T12:00:00Z,0.0,-7.875,204.125,29.86,0.86
2019-03-31T12:00:00Z,0.0,-7.875,208.125,29.59,0.74
2019-03-31T12:00:00Z,0.0,-7.875,212.125,29.18,0.47
2019-03-31T12:00:00Z,0.0,-7.875,216.125,28.75,0.24
2019-03-31T12:00:00Z,0.0,-7.875,220.125,28.62,0.27
2019-03-31T12:00:00Z,0.0,-7.875,224.125,28.42,0.3
2019-03-31T12:00:00Z,0.0,-7.875,228.125,28.11,0.2
2019-03-31T12:00:00Z,0.0,-7.875,232.125,28.13,0.41
2019-03-31T12:00:00Z,0.0,-7.875,236.125,27.78,0.24
2019-03-31T12:00:00Z,0.0,-7.875,240.125,27.36,-0.03
2019-03-31T12:00:00Z,0.0,-7.875,244.125,27.0,-0.24
2019-03-31T12:00:00Z,0.0,-7.875,248.125,27.34,0.26
2019-03-31T12:00:00Z,0.0,-7.875,252.125,28.04,1.09
2019-03-31T12:00:00Z,0.0,-7.875,256.125,27.89,1.05
2019-03-31T12:00:00Z,0.0,-7.875,260.125,27.46,0.61
2019-03-31T12:00:00Z,0.0,-7.875,264.125,27.93,1.02
2019-03-31T12:00:00Z,0.0,-7.875,268.125,27.62,0.56
2019-03-31T12:00:00Z,0.0,-7.875,272.125,28.06,0.99
2019-03-31T12:00:00Z,0.0,-7.875,276.125,27.41,1.11
2019-03-31T12:00:00Z,0.0,-7.875,280.125,20.7,-1.76
2019-03-31T12:00:00Z,0.0,-7.875,284.125,NaN,NaN
2019-03-31T12:00:00Z,0.0,-7.875,288.125,NaN,NaN
2019-03-31T12:00:00Z,0.0,-7.875,292.125,NaN,NaN
2019-03-31T12:00:00Z,0.0,-7.875,296.125,NaN,NaN
2019-03-31T12:00:00Z,0.0,-7.875,300.125,NaN,NaN
2019-03-31T12:00:00Z,0.0,-7.875,304.125,NaN,NaN
2019-03-31T12:00:00Z,0.0,-7.875,308.125,NaN,NaN
2019-03-31T12:00:00Z,0.0,-7.875,312.125,NaN,NaN
2019-03-31T12:00:00Z,0.0,-7.875,316.125,NaN,NaN
2019-03-31T12:00:00Z,0.0,-7.875,320.125,NaN,NaN
2019-03-31T12:00:00Z,0.0,-7.875,324.125,NaN,NaN
2019-03-31T12:00:00Z,0.0,-7.875,328.125,29.26,0.98
2019-03-31T12:00:00Z,0.0,-7.875,332.125,29.59,1.48
2019-03-31T12:00:00Z,0.0,-7.875,336.125,29.07,1.13
2019-03-31T12:00:00Z,0.0,-7.875,340.125,29.03,1.21
2019-03-31T12:00:00Z,0.0,-7.875,344.125,28.39,0.72
2019-03-31T12:00:00Z,0.0,-7.875,348.125,28.89,1.29
2019-03-31T12:00:00Z,0.0,-7.875,352.125,28.54,1.01
2019-03-31T12:00:00Z,0.0,-7.875,356.125,28.24,0.65
2019-03-31T12:00:00Z,0.0,-3.875,0.125,29.63,1.22
2019-03-31T12:00:00Z,0.0,-3.875,4.125,29.16,0.56
2019-03-31T12:00:00Z,0.0,-3.875,8.125,29.22,0.69
2019-03-31T12:00:00Z,0.0,-3.875,12.125,NaN,NaN
2019-03-31T12:00:00Z,0.0,-3.875,16.125,NaN,NaN
2019-03-31T12:00:00Z,0.0,-3.875,20.125,NaN,NaN
2019-03-31T12:00:00Z,0.0,-3.875,24.125,NaN,NaN
2019-03-31T12:00:00Z,0.0,-3.875,28.125,NaN,NaN
2019-03-31T12:00:00Z,0.0,-3.875,32.125,NaN,NaN
2019-03-31T12:00:00Z,0.0,-3.875,36.125,NaN,NaN
2019-03-31T12:00:00Z,0.0,-3.875,40.125,29.93,1.0
2019-03-31T12:00:00Z,0.0,-3.875,44.125,28.88,0.01
2019-03-31T12:00:00Z,0.0,-3.875,48.125,29.37,0.05
2019-03-31T12:00:00Z,0.0,-3.875,52.125,30.08,0.68
2019-03-31T12:00:00Z,0.0,-3.875,56.125,30.17,0.78
2019-03-31T12:00:00Z,0.0,-3.875,60.125,30.23,0.89
2019-03-31T12:00:00Z,0.0,-3.875,64.125,30.65,1.32
2019-03-31T12:00:00Z,0.0,-3.875,68.125,31.38,2.1
2019-03-31T12:00:00Z,0.0,-3.875,72.125,30.91,1.7
2019-03-31T12:00:00Z,0.0,-3.875,76.125,30.32,1.19
2019-03-31T12:00:00Z,0.0,-3.875,80.125,30.37,1.22
2019-03-31T12:00:00Z,0.0,-3.875,84.125,29.91,0.78
2019-03-31T12:00:00Z,0.0,-3.875,88.125,30.26,1.1
2019-03-31T12:00:00Z,0.0,-3.875,92.125,30.02,0.82
2019-03-31T12:00:00Z,0.0,-3.875,96.125,30.24,0.98
2019-03-31T12:00:00Z,0.0,-3.875,100.125,29.92,0.5
2019-03-31T12:00:00Z,0.0,-3.875,104.125,NaN,NaN
2019-03-31T12:00:00Z,0.0,-3.875,108.125,30.02,0.82
2019-03-31T12:00:00Z,0.0,-3.875,112.125,29.53,0.22
2019-03-31T12:00:00Z,0.0,-3.875,116.125,28.9,-0.41
2019-03-31T12:00:00Z,0.0,-3.875,120.125,NaN,NaN
2019-03-31T12:00:00Z,0.0,-3.875,124.125,28.9,-0.48
2019-03-31T12:00:00Z,0.0,-3.875,128.125,29.3,0.12
2019-03-31T12:00:00Z,0.0,-3.875,132.125,29.02,-0.26
2019-03-31T12:00:00Z,0.0,-3.875,136.125,NaN,NaN
2019-03-31T12:00:00Z,0.0,-3.875,140.125,NaN,NaN
2019-03-31T12:00:00Z,0.0,-3.875,144.125,NaN,NaN
2019-03-31T12:00:00Z,0.0,-3.875,148.125,28.27,-1.01
2019-03-31T12:00:00Z,0.0,-3.875,152.125,29.3,-0.3
2019-03-31T12:00:00Z,0.0,-3.875,156.125,29.59,0.13
2019-03-31T12:00:00Z,0.0,-3.875,160.125,29.99,0.55
2019-03-31T12:00:00Z,0.0,-3.875,164.125,29.88,0.5
2019-03-31T12:00:00Z,0.0,-3.875,168.125,29.62,0.31
2019-03-31T12:00:00Z,0.0,-3.875,172.125,29.85,0.67
2019-03-31T12:00:00Z,0.0,-3.875,176.125,29.97,0.85
2019-03-31T12:00:00Z,0.0,-3.875,180.125,29.68,0.63
2019-03-31T12:00:00Z,0.0,-3.875,184.125,29.96,1.07
2019-03-31T12:00:00Z,0.0,-3.875,188.125,29.58,0.85
2019-03-31T12:00:00Z,0.0,-3.875,192.125,29.48,0.91
2019-03-31T12:00:00Z,0.0,-3.875,196.125,29.59,1.14
2019-03-31T12:00:00Z,0.0,-3.875,200.125,28.97,0.67
2019-03-31T12:00:00Z,0.0,-3.875,204.125,28.48,0.27
2019-03-31T12:00:00Z,0.0,-3.875,208.125,29.1,0.98
2019-03-31T12:00:00Z,0.0,-3.875,212.125,28.36,0.31
2019-03-31T12:00:00Z,0.0,-3.875,216.125,28.48,0.52
2019-03-31T12:00:00Z,0.0,-3.875,220.125,28.18,0.3
2019-03-31T12:00:00Z,0.0,-3.875,224.125,28.15,0.33
2019-03-31T12:00:00Z,0.0,-3.875,228.125,28.09,0.31
2019-03-31T12:00:00Z,0.0,-3.875,232.125,27.89,0.22
2019-03-31T12:00:00Z,0.0,-3.875,236.125,28.29,0.66
2019-03-31T12:00:00Z,0.0,-3.875,240.125,27.68,0.11
2019-03-31T12:00:00Z,0.0,-3.875,244.125,28.31,0.86
2019-03-31T12:00:00Z,0.0,-3.875,248.125,28.63,1.23
2019-03-31T12:00:00Z,0.0,-3.875,252.125,28.78,1.51
2019-03-31T12:00:00Z,0.0,-3.875,256.125,28.58,1.35
2019-03-31T12:00:00Z,0.0,-3.875,260.125,28.9,1.64
2019-03-31T12:00:00Z,0.0,-3.875,264.125,28.38,1.06
2019-03-31T12:00:00Z,0.0,-3.875,268.125,27.62,0.4
2019-03-31T12:00:00Z,0.0,-3.875,272.125,28.33,1.01
2019-03-31T12:00:00Z,0.0,-3.875,276.125,23.36,-1.7
2019-03-31T12:00:00Z,0.0,-3.875,280.125,NaN,NaN
2019-03-31T12:00:00Z,0.0,-3.875,284.125,NaN,NaN
2019-03-31T12:00:00Z,0.0,-3.875,288.125,NaN,NaN
2019-03-31T12:00:00Z,0.0,-3.875,292.125,NaN,NaN
2019-03-31T12:00:00Z,0.0,-3.875,296.125,NaN,NaN
2019-03-31T12:00:00Z,0.0,-3.875,300.125,NaN,NaN
2019-03-31T12:00:00Z,0.0,-3.875,304.125,NaN,NaN
2019-03-31T12:00:00Z,0.0,-3.875,308.125,NaN,NaN
2019-03-31T12:00:00Z,0.0,-3.875,312.125,NaN,NaN
2019-03-31T12:00:00Z,0.0,-3.875,316.125,NaN,NaN
2019-03-31T12:00:00Z,0.0,-3.875,320.125,NaN,NaN
2019-03-31T12:00:00Z,0.0,-3.875,324.125,28.47,0.13
2019-03-31T12:00:00Z,0.0,-3.875,328.125,29.16,0.78
2019-03-31T12:00:00Z,0.0,-3.875,332.125,29.89,1.48
2019-03-31T12:00:00Z,0.0,-3.875,336.125,29.76,1.42
2019-03-31T12:00:00Z,0.0,-3.875,340.125,29.36,1.1
2019-03-31T12:00:00Z,0.0,-3.875,344.125,29.36,1.2
2019-03-31T12:00:00Z,0.0,-3.875,348.125,29.44,1.29
2019-03-31T12:00:00Z,0.0,-3.875,352.125,28.99,0.72
2019-03-31T12:00:00Z,0.0,-3.875,356.125,28.89,0.55
2019-03-31T12:00:00Z,0.0,0.125,0.125,30.26,1.24
2019-03-31T12:00:00Z,0.0,0.125,4.125,29.25,0.3
2019-03-31T12:00:00Z,0.0,0.125,8.125,29.55,0.75
2019-03-31T12:00:00Z,0.0,0.125,12.125,NaN,NaN
2019-03-31T12:00:00Z,0.0,0.125,16.125,NaN,NaN
2019-03-31T12:00:00Z,0.0,0.125,20.125,NaN,NaN
2019-03-31T12:00:00Z,0.0,0.125,24.125,NaN,NaN
2019-03-31T12:00:00Z,0.0,0.125,28.125,NaN,NaN
2019-03-31T12:00:00Z,0.0,0.125,32.125,NaN,NaN
2019-03-31T12:00:00Z,0.0,0.125,36.125,NaN,NaN
2019-03-31T12:00:00Z,0.0,0.125,40.125,NaN,NaN
2019-03-31T12:00:00Z,0.0,0.125,44.125,28.17,-0.08
2019-03-31T12:00:00Z,0.0,0.125,48.125,28.8,0.22
2019-03-31T12:00:00Z,0.0,0.125,52.125,28.63,-0.23
2019-03-31T12:00:00Z,0.0,0.125,56.125,29.24,0.11
2019-03-31T12:00:00Z,0.0,0.125,60.125,29.24,-0.13
2019-03-31T12:00:00Z,0.0,0.125,64.125,30.7,1.29
2019-03-31T12:00:00Z,0.0,0.125,68.125,30.43,1.04
2019-03-31T12:00:00Z,0.0,0.125,72.125,30.4,1.02
2019-03-31T12:00:00Z,0.0,0.125,76.125,29.88,0.44
2019-03-31T12:00:00Z,0.0,0.125,80.125,30.14,0.73
2019-03-31T12:00:00Z,0.0,0.125,84.125,30.01,0.64
2019-03-31T12:00:00Z,0.0,0.125,88.125,30.42,1.06
2019-03-31T12:00:00Z,0.0,0.125,92.125,30.1,0.72
2019-03-31T12:00:00Z,0.0,0.125,96.125,30.32,0.89
2019-03-31T12:00:00Z,0.0,0.125,100.125,NaN,NaN
2019-03-31T12:00:00Z,0.0,0.125,104.125,30.29,1.32
2019-03-31T12:00:00Z,0.0,0.125,108.125,30.12,1.19
2019-03-31T12:00:00Z,0.0,0.125,112.125,NaN,NaN
2019-03-31T12:00:00Z,0.0,0.125,116.125,NaN,NaN
2019-03-31T12:00:00Z,0.0,0.125,120.125,29.61,0.72
2019-03-31T12:00:00Z,0.0,0.125,124.125,29.22,0.18
2019-03-31T12:00:00Z,0.0,0.125,128.125,29.23,0.26
2019-03-31T12:00:00Z,0.0,0.125,132.125,28.9,-0.08
2019-03-31T12:00:00Z,0.0,0.125,136.125,28.78,-0.21
2019-03-31T12:00:00Z,0.0,0.125,140.125,29.2,0.06
2019-03-31T12:00:00Z,0.0,0.125,144.125,29.47,0.2
2019-03-31T12:00:00Z,0.0,0.125,148.125,30.1,0.73
2019-03-31T12:00:00Z,0.0,0.125,152.125,29.59,0.21
2019-03-31T12:00:00Z,0.0,0.125,156.125,29.91,0.61
2019-03-31T12:00:00Z,0.0,0.125,160.125,29.81,0.7
2019-03-31T12:00:00Z,0.0,0.125,164.125,29.96,1.08
2019-03-31T12:00:00Z,0.0,0.125,168.125,29.89,1.27
2019-03-31T12:00:00Z,0.0,0.125,172.125,29.55,1.17
2019-03-31T12:00:00Z,0.0,0.125,176.125,29.42,1.14
2019-03-31T12:00:00Z,0.0,0.125,180.125,28.68,0.63
2019-03-31T12:00:00Z,0.0,0.125,184.125,29.12,1.25
2019-03-31T12:00:00Z,0.0,0.125,188.125,28.68,1.02
2019-03-31T12:00:00Z,0.0,0.125,192.125,28.61,1.16
2019-03-31T12:00:00Z,0.0,0.125,196.125,28.53,1.23
2019-03-31T12:00:00Z,0.0,0.125,200.125,28.44,1.32
2019-03-31T12:00:00Z,0.0,0.125,204.125,28.1,1.05
2019-03-31T12:00:00Z,0.0,0.125,208.125,28.1,1.18
2019-03-31T12:00:00Z,0.0,0.125,212.125,27.88,1.07
2019-03-31T12:00:00Z,0.0,0.125,216.125,27.81,1.12
2019-03-31T12:00:00Z,0.0,0.125,220.125,27.81,1.17
2019-03-31T12:00:00Z,0.0,0.125,224.125,27.54,0.88
2019-03-31T12:00:00Z,0.0,0.125,228.125,27.48,0.86
2019-03-31T12:00:00Z,0.0,0.125,232.125,27.64,1.06
2019-03-31T12:00:00Z,0.0,0.125,236.125,27.64,1.22
2019-03-31T12:00:00Z,0.0,0.125,240.125,27.48,1.08
2019-03-31T12:00:00Z,0.0,0.125,244.125,27.5,1.11
2019-03-31T12:00:00Z,0.0,0.125,248.125,27.29,0.92
2019-03-31T12:00:00Z,0.0,0.125,252.125,27.07,0.67
2019-03-31T12:00:00Z,0.0,0.125,256.125,26.99,0.45
2019-03-31T12:00:00Z,0.0,0.125,260.125,26.91,0.21
2019-03-31T12:00:00Z,0.0,0.125,264.125,26.45,-0.24
2019-03-31T12:00:00Z,0.0,0.125,268.125,25.7,-0.48
2019-03-31T12:00:00Z,0.0,0.125,272.125,25.98,0.07
2019-03-31T12:00:00Z,0.0,0.125,276.125,25.61,0.21
2019-03-31T12:00:00Z,0.0,0.125,280.125,NaN,NaN
2019-03-31T12:00:00Z,0.0,0.125,284.125,NaN,NaN
2019-03-31T12:00:00Z,0.0,0.125,288.125,NaN,NaN
2019-03-31T12:00:00Z,0.0,0.125,292.125,NaN,NaN
2019-03-31T12:00:00Z,0.0,0.125,296.125,NaN,NaN
2019-03-31T12:00:00Z,0.0,0.125,300.125,NaN,NaN
2019-03-31T12:00:00Z,0.0,0.125,304.125,NaN,NaN
2019-03-31T12:00:00Z,0.0,0.125,308.125,NaN,NaN
2019-03-31T12:00:00Z,0.0,0.125,312.125,27.68,-0.25
2019-03-31T12:00:00Z,0.0,0.125,316.125,27.91,-0.12
2019-03-31T12:00:00Z,0.0,0.125,320.125,27.51,-0.34
2019-03-31T12:00:00Z,0.0,0.125,324.125,27.88,0.04
2019-03-31T12:00:00Z,0.0,0.125,328.125,28.83,0.87
2019-03-31T12:00:00Z,0.0,0.125,332.125,28.61,0.53
2019-03-31T12:00:00Z,0.0,0.125,336.125,29.0,0.84
2019-03-31T12:00:00Z,0.0,0.125,340.125,29.64,1.42
2019-03-31T12:00:00Z,0.0,0.125,344.125,29.58,1.33
2019-03-31T12:00:00Z,0.0,0.125,348.125,30.02,1.72
2019-03-31T12:00:00Z,0.0,0.125,352.125,29.75,1.21
2019-03-31T12:00:00Z,0.0,0.125,356.125,29.72,0.9
2019-03-31T12:00:00Z,0.0,4.125,0.125,30.01,1.05
2019-03-31T12:00:00Z,0.0,4.125,4.125,29.61,0.47
2019-03-31T12:00:00Z,0.0,4.125,8.125,29.94,0.86
2019-03-31T12:00:00Z,0.0,4.125,12.125,NaN,NaN
2019-03-31T12:00:00Z,0.0,4.125,16.125,NaN,NaN
2019-03-31T12:00:00Z,0.0,4.125,20.125,NaN,NaN
2019-03-31T12:00:00Z,0.0,4.125,24.125,NaN,NaN
2019-03-31T12:00:00Z,0.0,4.125,28.125,NaN,NaN
2019-03-31T12:00:00Z,0.0,4.125,32.125,NaN,NaN
2019-03-31T12:00:00Z,0.0,4.125,36.125,NaN,NaN
2019-03-31T12:00:00Z,0.0,4.125,40.125,NaN,NaN
2019-03-31T12:00:00Z,0.0,4.125,44.125,NaN,NaN
2019-03-31T12:00:00Z,0.0,4.125,48.125,28.79,0.08
2019-03-31T12:00:00Z,0.0,4.125,52.125,29.16,0.08
2019-03-31T12:00:00Z,0.0,4.125,56.125,29.43,0.14
2019-03-31T12:00:00Z,0.0,4.125,60.125,29.47,0.14
2019-03-31T12:00:00Z,0.0,4.125,64.125,30.14,0.74
2019-03-31T12:00:00Z,0.0,4.125,68.125,30.23,0.84
2019-03-31T12:00:00Z,0.0,4.125,72.125,29.91,0.61
2019-03-31T12:00:00Z,0.0,4.125,76.125,30.49,1.11
2019-03-31T12:00:00Z,0.0,4.125,80.125,30.13,0.83
2019-03-31T12:00:00Z,0.0,4.125,84.125,29.87,0.51
2019-03-31T12:00:00Z,0.0,4.125,88.125,30.46,1.1
2019-03-31T12:00:00Z,0.0,4.125,92.125,30.6,1.29
2019-03-31T12:00:00Z,0.0,4.125,96.125,29.77,0.32
2019-03-31T12:00:00Z,0.0,4.125,100.125,30.9,1.34
2019-03-31T12:00:00Z,0.0,4.125,104.125,29.71,1.1
2019-03-31T12:00:00Z,0.0,4.125,108.125,29.18,0.7
2019-03-31T12:00:00Z,0.0,4.125,112.125,29.16,0.64
2019-03-31T12:00:00Z,0.0,4.125,116.125,NaN,NaN
2019-03-31T12:00:00Z,0.0,4.125,120.125,29.04,0.33
2019-03-31T12:00:00Z,0.0,4.125,124.125,28.15,-0.41
2019-03-31T12:00:00Z,0.0,4.125,128.125,28.14,-0.31
2019-03-31T12:00:00Z,0.0,4.125,132.125,28.81,0.06
2019-03-31T12:00:00Z,0.0,4.125,136.125,29.25,0.37
2019-03-31T12:00:00Z,0.0,4.125,140.125,29.31,0.3
2019-03-31T12:00:00Z,0.0,4.125,144.125,30.03,0.94
2019-03-31T12:00:00Z,0.0,4.125,148.125,29.95,0.74
2019-03-31T12:00:00Z,0.0,4.125,152.125,29.56,0.33
2019-03-31T12:00:00Z,0.0,4.125,156.125,29.12,-0.07
2019-03-31T12:00:00Z,0.0,4.125,160.125,29.51,0.44
2019-03-31T12:00:00Z,0.0,4.125,164.125,29.05,0.1
2019-03-31T12:00:00Z,0.0,4.125,168.125,28.89,0.06
2019-03-31T12:00:00Z,0.0,4.125,172.125,29.02,0.38
2019-03-31T12:00:00Z,0.0,4.125,176.125,28.82,0.25
2019-03-31T12:00:00Z,0.0,4.125,180.125,28.64,0.22
2019-03-31T12:00:00Z,0.0,4.125,184.125,28.77,0.45
2019-03-31T12:00:00Z,0.0,4.125,188.125,28.64,0.52
2019-03-31T12:00:00Z,0.0,4.125,192.125,28.31,0.36
2019-03-31T12:00:00Z,0.0,4.125,196.125,28.33,0.5
2019-03-31T12:00:00Z,0.0,4.125,200.125,28.18,0.5
2019-03-31T12:00:00Z,0.0,4.125,204.125,28.5,0.96
2019-03-31T12:00:00Z,0.0,4.125,208.125,28.34,0.92
2019-03-31T12:00:00Z,0.0,4.125,212.125,28.3,0.9
2019-03-31T12:00:00Z,0.0,4.125,216.125,28.21,0.81
2019-03-31T12:00:00Z,0.0,4.125,220.125,28.38,0.94
2019-03-31T12:00:00Z,0.0,4.125,224.125,27.96,0.45
2019-03-31T12:00:00Z,0.0,4.125,228.125,28.42,0.85
2019-03-31T12:00:00Z,0.0,4.125,232.125,28.46,0.76
2019-03-31T12:00:00Z,0.0,4.125,236.125,28.4,0.59
2019-03-31T12:00:00Z,0.0,4.125,240.125,28.7,0.8
2019-03-31T12:00:00Z,0.0,4.125,244.125,28.61,0.61
2019-03-31T12:00:00Z,0.0,4.125,248.125,28.52,0.42
2019-03-31T12:00:00Z,0.0,4.125,252.125,28.43,0.34
2019-03-31T12:00:00Z,0.0,4.125,256.125,28.46,0.37
2019-03-31T12:00:00Z,0.0,4.125,260.125,28.1,-0.15
2019-03-31T12:00:00Z,0.0,4.125,264.125,29.33,0.92
2019-03-31T12:00:00Z,0.0,4.125,268.125,26.84,-1.86
2019-03-31T12:00:00Z,0.0,4.125,272.125,28.92,0.01
2019-03-31T12:00:00Z,0.0,4.125,276.125,29.92,1.47
2019-03-31T12:00:00Z,0.0,4.125,280.125,24.08,-2.33
2019-03-31T12:00:00Z,0.0,4.125,284.125,NaN,NaN
2019-03-31T12:00:00Z,0.0,4.125,288.125,NaN,NaN
2019-03-31T12:00:00Z,0.0,4.125,292.125,NaN,NaN
2019-03-31T12:00:00Z,0.0,4.125,296.125,NaN,NaN
2019-03-31T12:00:00Z,0.0,4.125,300.125,NaN,NaN
2019-03-31T12:00:00Z,0.0,4.125,304.125,NaN,NaN
2019-03-31T12:00:00Z,0.0,4.125,308.125,NaN,NaN
2019-03-31T12:00:00Z,0.0,4.125,312.125,27.26,-0.18
2019-03-31T12:00:00Z,0.0,4.125,316.125,27.5,0.32
2019-03-31T12:00:00Z,0.0,4.125,320.125,27.31,0.1
2019-03-31T12:00:00Z,0.0,4.125,324.125,26.87,-0.4
2019-03-31T12:00:00Z,0.0,4.125,328.125,27.46,0.03
2019-03-31T12:00:00Z,0.0,4.125,332.125,28.17,0.48
2019-03-31T12:00:00Z,0.0,4.125,336.125,28.07,0.08
2019-03-31T12:00:00Z,0.0,4.125,340.125,28.8,0.33
2019-03-31T12:00:00Z,0.0,4.125,344.125,29.81,0.72
2019-03-31T12:00:00Z,0.0,4.125,348.125,29.89,0.78
2019-03-31T12:00:00Z,0.0,4.125,352.125,30.16,1.35
2019-03-31T12:00:00Z,0.0,4.125,356.125,30.16,1.32
2019-03-31T12:00:00Z,0.0,8.125,0.125,NaN,NaN
2019-03-31T12:00:00Z,0.0,8.125,4.125,NaN,NaN
2019-03-31T12:00:00Z,0.0,8.125,8.125,NaN,NaN
2019-03-31T12:00:00Z,0.0,8.125,12.125,NaN,NaN
2019-03-31T12:00:00Z,0.0,8.125,16.125,NaN,NaN
2019-03-31T12:00:00Z,0.0,8.125,20.125,NaN,NaN
2019-03-31T12:00:00Z,0.0,8.125,24.125,NaN,NaN
2019-03-31T12:00:00Z,0.0,8.125,28.125,NaN,NaN
2019-03-31T12:00:00Z,0.0,8.125,32.125,NaN,NaN
2019-03-31T12:00:00Z,0.0,8.125,36.125,NaN,NaN
2019-03-31T12:00:00Z,0.0,8.125,40.125,NaN,NaN
2019-03-31T12:00:00Z,0.0,8.125,44.125,NaN,NaN
2019-03-31T12:00:00Z,0.0,8.125,48.125,NaN,NaN
2019-03-31T12:00:00Z,0.0,8.125,52.125,28.43,0.05
2019-03-31T12:00:00Z,0.0,8.125,56.125,28.53,0.02
2019-03-31T12:00:00Z,0.0,8.125,60.125,28.96,0.28
2019-03-31T12:00:00Z,0.0,8.125,64.125,29.36,0.37
2019-03-31T12:00:00Z,0.0,8.125,68.125,29.59,0.3
2019-03-31T12:00:00Z,0.0,8.125,72.125,29.96,0.5
2019-03-31T12:00:00Z,0.0,8.125,76.125,29.67,0.15
2019-03-31T12:00:00Z,0.0,8.125,80.125,NaN,NaN
2019-03-31T12:00:00Z,0.0,8.125,84.125,29.91,0.69
2019-03-31T12:00:00Z,0.0,8.125,88.125,30.01,0.82
2019-03-31T12:00:00Z,0.0,8.125,92.125,30.62,1.39
2019-03-31T12:00:00Z,0.0,8.125,96.125,30.19,0.83
2019-03-31T12:00:00Z,0.0,8.125,100.125,NaN,NaN
2019-03-31T12:00:00Z,0.0,8.125,104.125,29.35,0.68
2019-03-31T12:00:00Z,0.0,8.125,108.125,29.16,1.23
2019-03-31T12:00:00Z,0.0,8.125,112.125,28.54,0.2
2019-03-31T12:00:00Z,0.0,8.125,116.125,28.51,0.16
2019-03-31T12:00:00Z,0.0,8.125,120.125,28.3,-0.01
2019-03-31T12:00:00Z,0.0,8.125,124.125,NaN,NaN
2019-03-31T12:00:00Z,0.0,8.125,128.125,27.89,-0.39
2019-03-31T12:00:00Z,0.0,8.125,132.125,27.85,-0.47
2019-03-31T12:00:00Z,0.0,8.125,136.125,27.93,-0.41
2019-03-31T12:00:00Z,0.0,8.125,140.125,28.5,0.11
2019-03-31T12:00:00Z,0.0,8.125,144.125,28.12,-0.29
2019-03-31T12:00:00Z,0.0,8.125,148.125,28.37,-0.09
2019-03-31T12:00:00Z,0.0,8.125,152.125,28.23,-0.24
2019-03-31T12:00:00Z,0.0,8.125,156.125,28.37,-0.09
2019-03-31T12:00:00Z,0.0,8.125,160.125,28.64,0.23
2019-03-31T12:00:00Z,0.0,8.125,164.125,28.57,0.22
2019-03-31T12:00:00Z,0.0,8.125,168.125,28.17,-0.01
2019-03-31T12:00:00Z,0.0,8.125,172.125,27.59,-0.48
2019-03-31T12:00:00Z,0.0,8.125,176.125,27.85,-0.16
2019-03-31T12:00:00Z,0.0,8.125,180.125,28.02,0.1
2019-03-31T12:00:00Z,0.0,8.125,184.125,28.14,0.28
2019-03-31T12:00:00Z,0.0,8.125,188.125,27.74,-0.02
2019-03-31T12:00:00Z,0.0,8.125,192.125,27.38,-0.28
2019-03-31T12:00:00Z,0.0,8.125,196.125,26.59,-0.94
2019-03-31T12:00:00Z,0.0,8.125,200.125,27.26,-0.12
2019-03-31T12:00:00Z,0.0,8.125,204.125,28.17,0.91
2019-03-31T12:00:00Z,0.0,8.125,208.125,28.07,0.89
2019-03-31T12:00:00Z,0.0,8.125,212.125,27.89,0.78
2019-03-31T12:00:00Z,0.0,8.125,216.125,27.62,0.6
2019-03-31T12:00:00Z,0.0,8.125,220.125,27.93,0.91
2019-03-31T12:00:00Z,0.0,8.125,224.125,28.15,1.1
2019-03-31T12:00:00Z,0.0,8.125,228.125,27.8,0.66
2019-03-31T12:00:00Z,0.0,8.125,232.125,27.87,0.58
2019-03-31T12:00:00Z,0.0,8.125,236.125,27.86,0.44
2019-03-31T12:00:00Z,0.0,8.125,240.125,28.49,0.87
2019-03-31T12:00:00Z,0.0,8.125,244.125,28.61,0.72
2019-03-31T12:00:00Z,0.0,8.125,248.125,28.75,0.63
2019-03-31T12:00:00Z,0.0,8.125,252.125,29.07,0.78
2019-03-31T12:00:00Z,0.0,8.125,256.125,28.86,0.48
2019-03-31T12:00:00Z,0.0,8.125,260.125,28.8,0.45
2019-03-31T12:00:00Z,0.0,8.125,264.125,28.71,0.44
2019-03-31T12:00:00Z,0.0,8.125,268.125,27.98,0.05
2019-03-31T12:00:00Z,0.0,8.125,272.125,29.69,1.38
2019-03-31T12:00:00Z,0.0,8.125,276.125,30.23,0.78
2019-03-31T12:00:00Z,0.0,8.125,280.125,23.35,-3.49
2019-03-31T12:00:00Z,0.0,8.125,284.125,NaN,NaN
2019-03-31T12:00:00Z,0.0,8.125,288.125,NaN,NaN
2019-03-31T12:00:00Z,0.0,8.125,292.125,NaN,NaN
2019-03-31T12:00:00Z,0.0,8.125,296.125,NaN,NaN
2019-03-31T12:00:00Z,0.0,8.125,300.125,NaN,NaN
2019-03-31T12:00:00Z,0.0,8.125,304.125,27.18,0.2
2019-03-31T12:00:00Z,0.0,8.125,308.125,27.79,0.69
2019-03-31T12:00:00Z,0.0,8.125,312.125,26.94,0.25
2019-03-31T12:00:00Z,0.0,8.125,316.125,26.84,0.04
2019-03-31T12:00:00Z,0.0,8.125,320.125,26.78,0.24
2019-03-31T12:00:00Z,0.0,8.125,324.125,25.3,-1.01
2019-03-31T12:00:00Z,0.0,8.125,328.125,25.48,-0.67
2019-03-31T12:00:00Z,0.0,8.125,332.125,25.74,-0.27
2019-03-31T12:00:00Z,0.0,8.125,336.125,25.46,-0.49
2019-03-31T12:00:00Z,0.0,8.125,340.125,24.94,-1.02
2019-03-31T12:00:00Z,0.0,8.125,344.125,27.17,0.47
2019-03-31T12:00:00Z,0.0,8.125,348.125,NaN,NaN
2019-03-31T12:00:00Z,0.0,8.125,352.125,NaN,NaN
2019-03-31T12:00:00Z,0.0,8.125,356.125,NaN,NaN
2019-03-31T12:00:00Z,0.0,12.125,0.125,NaN,NaN
2019-03-31T12:00:00Z,0.0,12.125,4.125,NaN,NaN
2019-03-31T12:00:00Z,0.0,12.125,8.125,NaN,NaN
2019-03-31T12:00:00Z,0.0,12.125,12.125,NaN,NaN
2019-03-31T12:00:00Z,0.0,12.125,16.125,NaN,NaN
2019-03-31T12:00:00Z,0.0,12.125,20.125,NaN,NaN
2019-03-31T12:00:00Z,0.0,12.125,24.125,NaN,NaN
2019-03-31T12:00:00Z,0.0,12.125,28.125,NaN,NaN
2019-03-31T12:00:00Z,0.0,12.125,32.125,NaN,NaN
2019-03-31T12:00:00Z,0.0,12.125,36.125,NaN,NaN
2019-03-31T12:00:00Z,0.0,12.125,40.125,NaN,NaN
2019-03-31T12:00:00Z,0.0,12.125,44.125,27.22,-0.25
2019-03-31T12:00:00Z,0.0,12.125,48.125,26.89,-0.39
2019-03-31T12:00:00Z,0.0,12.125,52.125,28.35,0.51
2019-03-31T12:00:00Z,0.0,12.125,56.125,27.84,-0.05
2019-03-31T12:00:00Z,0.0,12.125,60.125,28.03,0.12
2019-03-31T12:00:00Z,0.0,12.125,64.125,28.52,0.2
2019-03-31T12:00:00Z,0.0,12.125,68.125,28.89,0.17
2019-03-31T12:00:00Z,0.0,12.125,72.125,29.41,0.33
2019-03-31T12:00:00Z,0.0,12.125,76.125,NaN,NaN
2019-03-31T12:00:00Z,0.0,12.125,80.125,29.12,0.18
2019-03-31T12:00:00Z,0.0,12.125,84.125,29.33,0.41
2019-03-31T12:00:00Z,0.0,12.125,88.125,29.41,0.5
2019-03-31T12:00:00Z,0.0,12.125,92.125,29.15,0.12
2019-03-31T12:00:00Z,0.0,12.125,96.125,30.5,1.07
2019-03-31T12:00:00Z,0.0,12.125,100.125,29.81,0.5
2019-03-31T12:00:00Z,0.0,12.125,104.125,NaN,NaN
2019-03-31T12:00:00Z,0.0,12.125,108.125,NaN,NaN
2019-03-31T12:00:00Z,0.0,12.125,112.125,28.82,0.83
2019-03-31T12:00:00Z,0.0,12.125,116.125,28.57,0.24
2019-03-31T12:00:00Z,0.0,12.125,120.125,28.16,-0.05
2019-03-31T12:00:00Z,0.0,12.125,124.125,26.77,-0.96
2019-03-31T12:00:00Z,0.0,12.125,128.125,27.32,-0.73
2019-03-31T12:00:00Z,0.0,12.125,132.125,27.68,-0.31
2019-03-31T12:00:00Z,0.0,12.125,136.125,27.61,-0.35
2019-03-31T12:00:00Z,0.0,12.125,140.125,27.83,-0.05
2019-03-31T12:00:00Z,0.0,12.125,144.125,28.16,0.31
2019-03-31T12:00:00Z,0.0,12.125,148.125,27.6,-0.18
2019-03-31T12:00:00Z,0.0,12.125,152.125,27.62,-0.04
2019-03-31T12:00:00Z,0.0,12.125,156.125,27.6,0.06
2019-03-31T12:00:00Z,0.0,12.125,160.125,27.53,0.11
2019-03-31T12:00:00Z,0.0,12.125,164.125,27.18,-0.13
2019-03-31T12:00:00Z,0.0,12.125,168.125,27.37,0.15
2019-03-31T12:00:00Z,0.0,12.125,172.125,26.96,-0.14
2019-03-31T12:00:00Z,0.0,12.125,176.125,26.52,-0.41
2019-03-31T12:00:00Z,0.0,12.125,180.125,26.78,-0.08
2019-03-31T12:00:00Z,0.0,12.125,184.125,26.37,-0.38
2019-03-31T12:00:00Z,0.0,12.125,188.125,26.7,0.04
2019-03-31T12:00:00Z,0.0,12.125,192.125,26.56,0.04
2019-03-31T12:00:00Z,0.0,12.125,196.125,26.36,0.02
2019-03-31T12:00:00Z,0.0,12.125,200.125,26.3,0.15
2019-03-31T12:00:00Z,0.0,12.125,204.125,26.78,0.8
2019-03-31T12:00:00Z,0.0,12.125,208.125,27.0,1.17
2019-03-31T12:00:00Z,0.0,12.125,212.125,26.41,0.76
2019-03-31T12:00:00Z,0.0,12.125,216.125,26.38,0.84
2019-03-31T12:00:00Z,0.0,12.125,220.125,26.76,1.31
2019-03-31T12:00:00Z,0.0,12.125,224.125,26.52,1.08
2019-03-31T12:00:00Z,0.0,12.125,228.125,26.73,1.08
2019-03-31T12:00:00Z,0.0,12.125,232.125,27.04,1.02
2019-03-31T12:00:00Z,0.0,12.125,236.125,27.22,0.84
2019-03-31T12:00:00Z,0.0,12.125,240.125,27.36,0.54
2019-03-31T12:00:00Z,0.0,12.125,244.125,28.2,1.07
2019-03-31T12:00:00Z,0.0,12.125,248.125,28.54,0.96
2019-03-31T12:00:00Z,0.0,12.125,252.125,28.75,0.68
2019-03-31T12:00:00Z,0.0,12.125,256.125,28.91,0.36
2019-03-31T12:00:00Z,0.0,12.125,260.125,28.99,0.15
2019-03-31T12:00:00Z,0.0,12.125,264.125,27.92,-0.57
2019-03-31T12:00:00Z,0.0,12.125,268.125,28.98,0.17
2019-03-31T12:00:00Z,0.0,12.125,272.125,26.54,-1.15
2019-03-31T12:00:00Z,0.0,12.125,276.125,NaN,NaN
2019-03-31T12:00:00Z,0.0,12.125,280.125,27.16,0.02
2019-03-31T12:00:00Z,0.0,12.125,284.125,26.91,0.39
2019-03-31T12:00:00Z,0.0,12.125,288.125,NaN,NaN
2019-03-31T12:00:00Z,0.0,12.125,292.125,25.91,-0.31
2019-03-31T12:00:00Z,0.0,12.125,296.125,26.69,0.42
2019-03-31T12:00:00Z,0.0,12.125,300.125,26.63,-0.2
2019-03-31T12:00:00Z,0.0,12.125,304.125,27.03,0.32
2019-03-31T12:00:00Z,0.0,12.125,308.125,25.99,-0.23
2019-03-31T12:00:00Z,0.0,12.125,312.125,25.69,-0.11
2019-03-31T12:00:00Z,0.0,12.125,316.125,25.44,-0.01
2019-03-31T12:00:00Z,0.0,12.125,320.125,25.06,-0.04
2019-03-31T12:00:00Z,0.0,12.125,324.125,24.67,0.01
2019-03-31T12:00:00Z,0.0,12.125,328.125,24.39,-0.15
2019-03-31T12:00:00Z,0.0,12.125,332.125,24.25,-0.1
2019-03-31T12:00:00Z,0.0,12.125,336.125,23.24,-0.45
2019-03-31T12:00:00Z,0.0,12.125,340.125,22.72,-0.18
2019-03-31T12:00:00Z,0.0,12.125,344.125,NaN,NaN
2019-03-31T12:00:00Z,0.0,12.125,348.125,NaN,NaN
2019-03-31T12:00:00Z,0.0,12.125,352.125,NaN,NaN
2019-03-31T12:00:00Z,0.0,12.125,356.125,NaN,NaN
2019-03-31T12:00:00Z,0.0,16.125,0.125,NaN,NaN
2019-03-31T12:00:00Z,0.0,16.125,4.125,NaN,NaN
2019-03-31T12:00:00Z,0.0,16.125,8.125,NaN,NaN
2019-03-31T12:00:00Z,0.0,16.125,12.125,NaN,NaN
2019-03-31T12:00:00Z,0.0,16.125,16.125,NaN,NaN
2019-03-31T12:00:00Z,0.0,16.125,20.125,NaN,NaN
2019-03-31T12:00:00Z,0.0,16.125,24.125,NaN,NaN
2019-03-31T12:00:00Z,0.0,16.125,28.125,NaN,NaN
2019-03-31T12:00:00Z,0.0,16.125,32.125,NaN,NaN
2019-03-31T12:00:00Z,0.0,16.125,36.125,NaN,NaN
2019-03-31T12:00:00Z,0.0,16.125,40.125,26.78,-0.44
2019-03-31T12:00:00Z,0.0,16.125,44.125,NaN,NaN
2019-03-31T12:00:00Z,0.0,16.125,48.125,NaN,NaN
2019-03-31T12:00:00Z,0.0,16.125,52.125,NaN,NaN
2019-03-31T12:00:00Z,0.0,16.125,56.125,28.17,0.91
2019-03-31T12:00:00Z,0.0,16.125,60.125,27.99,0.69
2019-03-31T12:00:00Z,0.0,16.125,64.125,27.63,0.14
2019-03-31T12:00:00Z,0.0,16.125,68.125,28.01,0.02
2019-03-31T12:00:00Z,0.0,16.125,72.125,29.0,0.62
2019-03-31T12:00:00Z,0.0,16.125,76.125,NaN,NaN
2019-03-31T12:00:00Z,0.0,16.125,80.125,NaN,NaN
2019-03-31T12:00:00Z,0.0,16.125,84.125,28.7,0.18
2019-03-31T12:00:00Z,0.0,16.125,88.125,28.66,0.32
2019-03-31T12:00:00Z,0.0,16.125,92.125,27.63,-0.46
2019-03-31T12:00:00Z,0.0,16.125,96.125,28.97,0.25
2019-03-31T12:00:00Z,0.0,16.125,100.125,NaN,NaN
2019-03-31T12:00:00Z,0.0,16.125,104.125,NaN,NaN
2019-03-31T12:00:00Z,0.0,16.125,108.125,NaN,NaN
2019-03-31T12:00:00Z,0.0,16.125,112.125,28.57,1.54
2019-03-31T12:00:00Z,0.0,16.125,116.125,28.22,0.85
2019-03-31T12:00:00Z,0.0,16.125,120.125,27.78,0.12
2019-03-31T12:00:00Z,0.0,16.125,124.125,27.5,-0.11
2019-03-31T12:00:00Z,0.0,16.125,128.125,27.28,-0.23
2019-03-31T12:00:00Z,0.0,16.125,132.125,27.26,-0.19
2019-03-31T12:00:00Z,0.0,16.125,136.125,27.4,-0.05
2019-03-31T12:00:00Z,0.0,16.125,140.125,27.25,-0.22
2019-03-31T12:00:00Z,0.0,16.125,144.125,27.48,0.07
2019-03-31T12:00:00Z,0.0,16.125,148.125,27.63,0.31
2019-03-31T12:00:00Z,0.0,16.125,152.125,27.5,0.3
2019-03-31T12:00:00Z,0.0,16.125,156.125,27.45,0.38
2019-03-31T12:00:00Z,0.0,16.125,160.125,27.21,0.32
2019-03-31T12:00:00Z,0.0,16.125,164.125,27.12,0.41
2019-03-31T12:00:00Z,0.0,16.125,168.125,26.99,0.43
2019-03-31T12:00:00Z,0.0,16.125,172.125,26.63,0.19
2019-03-31T12:00:00Z,0.0,16.125,176.125,26.25,-0.06
2019-03-31T12:00:00Z,0.0,16.125,180.125,25.94,-0.24
2019-03-31T12:00:00Z,0.0,16.125,184.125,25.84,-0.2
2019-03-31T12:00:00Z,0.0,16.125,188.125,25.88,0.0
2019-03-31T12:00:00Z,0.0,16.125,192.125,25.16,-0.48
2019-03-31T12:00:00Z,0.0,16.125,196.125,25.84,0.42
2019-03-31T12:00:00Z,0.0,16.125,200.125,25.48,0.28
2019-03-31T12:00:00Z,0.0,16.125,204.125,25.63,0.62
2019-03-31T12:00:00Z,0.0,16.125,208.125,25.41,0.61
2019-03-31T12:00:00Z,0.0,16.125,212.125,25.47,0.93
2019-03-31T12:00:00Z,0.0,16.125,216.125,25.11,0.86
2019-03-31T12:00:00Z,0.0,16.125,220.125,25.29,1.26
2019-03-31T12:00:00Z,0.0,16.125,224.125,25.17,1.31
2019-03-31T12:00:00Z,0.0,16.125,228.125,25.39,1.52
2019-03-31T12:00:00Z,0.0,16.125,232.125,26.03,1.97
2019-03-31T12:00:00Z,0.0,16.125,236.125,25.98,1.62
2019-03-31T12:00:00Z,0.0,16.125,240.125,25.68,0.81
2019-03-31T12:00:00Z,0.0,16.125,244.125,26.21,1.02
2019-03-31T12:00:00Z,0.0,16.125,248.125,27.45,1.61
2019-03-31T12:00:00Z,0.0,16.125,252.125,28.36,1.85
2019-03-31T12:00:00Z,0.0,16.125,256.125,27.6,0.28
2019-03-31T12:00:00Z,0.0,16.125,260.125,28.69,0.44
2019-03-31T12:00:00Z,0.0,16.125,264.125,NaN,NaN
2019-03-31T12:00:00Z,0.0,16.125,268.125,NaN,NaN
2019-03-31T12:00:00Z,0.0,16.125,272.125,27.5,-0.06
2019-03-31T12:00:00Z,0.0,16.125,276.125,27.57,0.33
2019-03-31T12:00:00Z,0.0,16.125,280.125,27.49,0.38
2019-03-31T12:00:00Z,0.0,16.125,284.125,27.55,0.69
2019-03-31T12:00:00Z,0.0,16.125,288.125,27.25,0.55
2019-03-31T12:00:00Z,0.0,16.125,292.125,26.98,0.41
2019-03-31T12:00:00Z,0.0,16.125,296.125,26.61,0.08
2019-03-31T12:00:00Z,0.0,16.125,300.125,26.84,0.56
2019-03-31T12:00:00Z,0.0,16.125,304.125,26.19,0.26
2019-03-31T12:00:00Z,0.0,16.125,308.125,25.55,-0.03
2019-03-31T12:00:00Z,0.0,16.125,312.125,25.43,0.18
2019-03-31T12:00:00Z,0.0,16.125,316.125,24.83,-0.06
2019-03-31T12:00:00Z,0.0,16.125,320.125,24.65,0.23
2019-03-31T12:00:00Z,0.0,16.125,324.125,23.9,0.05
2019-03-31T12:00:00Z,0.0,16.125,328.125,23.71,0.41
2019-03-31T12:00:00Z,0.0,16.125,332.125,23.17,0.15
2019-03-31T12:00:00Z,0.0,16.125,336.125,22.27,-0.18
2019-03-31T12:00:00Z,0.0,16.125,340.125,21.73,0.37
2019-03-31T12:00:00Z,0.0,16.125,344.125,NaN,NaN
2019-03-31T12:00:00Z,0.0,16.125,348.125,NaN,NaN
2019-03-31T12:00:00Z,0.0,16.125,352.125,NaN,NaN
2019-03-31T12:00:00Z,0.0,16.125,356.125,NaN,NaN
2019-03-31T12:00:00Z,0.0,20.125,0.125,NaN,NaN
2019-03-31T12:00:00Z,0.0,20.125,4.125,NaN,NaN
2019-03-31T12:00:00Z,0.0,20.125,8.125,NaN,NaN
2019-03-31T12:00:00Z,0.0,20.125,12.125,NaN,NaN
2019-03-31T12:00:00Z,0.0,20.125,16.125,NaN,NaN
2019-03-31T12:00:00Z,0.0,20.125,20.125,NaN,NaN
2019-03-31T12:00:00Z,0.0,20.125,24.125,NaN,NaN
2019-03-31T12:00:00Z,0.0,20.125,28.125,NaN,NaN
2019-03-31T12:00:00Z,0.0,20.125,32.125,NaN,NaN
2019-03-31T12:00:00Z,0.0,20.125,36.125,NaN,NaN
2019-03-31T12:00:00Z,0.0,20.125,40.125,27.52,0.67
2019-03-31T12:00:00Z,0.0,20.125,44.125,NaN,NaN
2019-03-31T12:00:00Z,0.0,20.125,48.125,NaN,NaN
2019-03-31T12:00:00Z,0.0,20.125,52.125,NaN,NaN
2019-03-31T12:00:00Z,0.0,20.125,56.125,NaN,NaN
2019-03-31T12:00:00Z,0.0,20.125,60.125,27.49,1.04
2019-03-31T12:00:00Z,0.0,20.125,64.125,27.43,0.81
2019-03-31T12:00:00Z,0.0,20.125,68.125,27.47,0.61
2019-03-31T12:00:00Z,0.0,20.125,72.125,26.92,0.52
2019-03-31T12:00:00Z,0.0,20.125,76.125,NaN,NaN
2019-03-31T12:00:00Z,0.0,20.125,80.125,NaN,NaN
2019-03-31T12:00:00Z,0.0,20.125,84.125,NaN,NaN
2019-03-31T12:00:00Z,0.0,20.125,88.125,28.03,0.35
2019-03-31T12:00:00Z,0.0,20.125,92.125,27.27,-0.37
2019-03-31T12:00:00Z,0.0,20.125,96.125,NaN,NaN
2019-03-31T12:00:00Z,0.0,20.125,100.125,NaN,NaN
2019-03-31T12:00:00Z,0.0,20.125,104.125,NaN,NaN
2019-03-31T12:00:00Z,0.0,20.125,108.125,26.46,3.42
2019-03-31T12:00:00Z,0.0,20.125,112.125,25.56,1.61
2019-03-31T12:00:00Z,0.0,20.125,116.125,25.36,0.51
2019-03-31T12:00:00Z,0.0,20.125,120.125,26.77,0.56
2019-03-31T12:00:00Z,0.0,20.125,124.125,26.34,0.29
2019-03-31T12:00:00Z,0.0,20.125,128.125,26.63,0.55
2019-03-31T12:00:00Z,0.0,20.125,132.125,26.28,0.02
2019-03-31T12:00:00Z,0.0,20.125,136.125,26.81,0.5
2019-03-31T12:00:00Z,0.0,20.125,140.125,27.09,0.76
2019-03-31T12:00:00Z,0.0,20.125,144.125,27.14,0.78
2019-03-31T12:00:00Z,0.0,20.125,148.125,27.48,1.16
2019-03-31T12:00:00Z,0.0,20.125,152.125,27.66,1.33
2019-03-31T12:00:00Z,0.0,20.125,156.125,27.51,1.25
2019-03-31T12:00:00Z,0.0,20.125,160.125,26.86,0.8
2019-03-31T12:00:00Z,0.0,20.125,164.125,26.63,0.67
2019-03-31T12:00:00Z,0.0,20.125,168.125,26.58,0.78
2019-03-31T12:00:00Z,0.0,20.125,172.125,26.44,0.79
2019-03-31T12:00:00Z,0.0,20.125,176.125,26.23,0.62
2019-03-31T12:00:00Z,0.0,20.125,180.125,26.11,0.65
2019-03-31T12:00:00Z,0.0,20.125,184.125,25.56,0.27
2019-03-31T12:00:00Z,0.0,20.125,188.125,25.03,-0.14
2019-03-31T12:00:00Z,0.0,20.125,192.125,24.97,-0.04
2019-03-31T12:00:00Z,0.0,20.125,196.125,24.48,-0.39
2019-03-31T12:00:00Z,0.0,20.125,200.125,24.54,-0.21
2019-03-31T12:00:00Z,0.0,20.125,204.125,25.0,0.7
2019-03-31T12:00:00Z,0.0,20.125,208.125,24.8,0.96
2019-03-31T12:00:00Z,0.0,20.125,212.125,24.26,0.75
2019-03-31T12:00:00Z,0.0,20.125,216.125,24.3,1.13
2019-03-31T12:00:00Z,0.0,20.125,220.125,24.05,1.29
2019-03-31T12:00:00Z,0.0,20.125,224.125,24.56,2.21
2019-03-31T12:00:00Z,0.0,20.125,228.125,23.2,1.22
2019-03-31T12:00:00Z,0.0,20.125,232.125,23.7,1.99
2019-03-31T12:00:00Z,0.0,20.125,236.125,24.44,2.79
2019-03-31T12:00:00Z,0.0,20.125,240.125,23.97,2.13
2019-03-31T12:00:00Z,0.0,20.125,244.125,23.22,0.69
2019-03-31T12:00:00Z,0.0,20.125,248.125,23.95,0.7
2019-03-31T12:00:00Z,0.0,20.125,252.125,24.66,0.71
2019-03-31T12:00:00Z,0.0,20.125,256.125,NaN,NaN
2019-03-31T12:00:00Z,0.0,20.125,260.125,NaN,NaN
2019-03-31T12:00:00Z,0.0,20.125,264.125,24.02,-0.44
2019-03-31T12:00:00Z,0.0,20.125,268.125,25.71,0.23
2019-03-31T12:00:00Z,0.0,20.125,272.125,NaN,NaN
2019-03-31T12:00:00Z,0.0,20.125,276.125,26.97,0.13
2019-03-31T12:00:00Z,0.0,20.125,280.125,27.05,0.27
2019-03-31T12:00:00Z,0.0,20.125,284.125,NaN,NaN
2019-03-31T12:00:00Z,0.0,20.125,288.125,27.02,0.82
2019-03-31T12:00:00Z,0.0,20.125,292.125,26.47,0.6
2019-03-31T12:00:00Z,0.0,20.125,296.125,26.71,1.05
2019-03-31T12:00:00Z,0.0,20.125,300.125,25.67,0.27
2019-03-31T12:00:00Z,0.0,20.125,304.125,25.6,0.45
2019-03-31T12:00:00Z,0.0,20.125,308.125,24.88,0.03
2019-03-31T12:00:00Z,0.0,20.125,312.125,24.28,-0.27
2019-03-31T12:00:00Z,0.0,20.125,316.125,24.2,0.0
2019-03-31T12:00:00Z,0.0,20.125,320.125,23.64,-0.17
2019-03-31T12:00:00Z,0.0,20.125,324.125,23.55,0.21
2019-03-31T12:00:00Z,0.0,20.125,328.125,23.0,0.17
2019-03-31T12:00:00Z,0.0,20.125,332.125,22.42,0.21
2019-03-31T12:00:00Z,0.0,20.125,336.125,21.61,0.15
2019-03-31T12:00:00Z,0.0,20.125,340.125,20.78,0.71
2019-03-31T12:00:00Z,0.0,20.125,344.125,NaN,NaN
2019-03-31T12:00:00Z,0.0,20.125,348.125,NaN,NaN
2019-03-31T12:00:00Z,0.0,20.125,352.125,NaN,NaN
2019-03-31T12:00:00Z,0.0,20.125,356.125,NaN,NaN
2019-03-31T12:00:00Z,0.0,24.125,0.125,NaN,NaN
2019-03-31T12:00:00Z,0.0,24.125,4.125,NaN,NaN
2019-03-31T12:00:00Z,0.0,24.125,8.125,NaN,NaN
2019-03-31T12:00:00Z,0.0,24.125,12.125,NaN,NaN
2019-03-31T12:00:00Z,0.0,24.125,16.125,NaN,NaN
2019-03-31T12:00:00Z,0.0,24.125,20.125,NaN,NaN
2019-03-31T12:00:00Z,0.0,24.125,24.125,NaN,NaN
2019-03-31T12:00:00Z,0.0,24.125,28.125,NaN,NaN
2019-03-31T12:00:00Z,0.0,24.125,32.125,NaN,NaN
2019-03-31T12:00:00Z,0.0,24.125,36.125,23.51,-0.6
2019-03-31T12:00:00Z,0.0,24.125,40.125,NaN,NaN
2019-03-31T12:00:00Z,0.0,24.125,44.125,NaN,NaN
2019-03-31T12:00:00Z,0.0,24.125,48.125,NaN,NaN
2019-03-31T12:00:00Z,0.0,24.125,52.125,22.55,-0.2
2019-03-31T12:00:00Z,0.0,24.125,56.125,NaN,NaN
2019-03-31T12:00:00Z,0.0,24.125,60.125,26.04,0.64
2019-03-31T12:00:00Z,0.0,24.125,64.125,26.18,0.87
2019-03-31T12:00:00Z,0.0,24.125,68.125,NaN,NaN
2019-03-31T12:00:00Z,0.0,24.125,72.125,NaN,NaN
2019-03-31T12:00:00Z,0.0,24.125,76.125,NaN,NaN
2019-03-31T12:00:00Z,0.0,24.125,80.125,NaN,NaN
2019-03-31T12:00:00Z,0.0,24.125,84.125,NaN,NaN
2019-03-31T12:00:00Z,0.0,24.125,88.125,NaN,NaN
2019-03-31T12:00:00Z,0.0,24.125,92.125,NaN,NaN
2019-03-31T12:00:00Z,0.0,24.125,96.125,NaN,NaN
2019-03-31T12:00:00Z,0.0,24.125,100.125,NaN,NaN
2019-03-31T12:00:00Z,0.0,24.125,104.125,NaN,NaN
2019-03-31T12:00:00Z,0.0,24.125,108.125,NaN,NaN
2019-03-31T12:00:00Z,0.0,24.125,112.125,NaN,NaN
2019-03-31T12:00:00Z,0.0,24.125,116.125,NaN,NaN
2019-03-31T12:00:00Z,0.0,24.125,120.125,23.8,2.14
2019-03-31T12:00:00Z,0.0,24.125,124.125,24.83,0.47
2019-03-31T12:00:00Z,0.0,24.125,128.125,24.37,0.9
2019-03-31T12:00:00Z,0.0,24.125,132.125,23.37,-0.1
2019-03-31T12:00:00Z,0.0,24.125,136.125,22.96,-0.72
2019-03-31T12:00:00Z,0.0,24.125,140.125,24.88,0.92
2019-03-31T12:00:00Z,0.0,24.125,144.125,24.98,0.84
2019-03-31T12:00:00Z,0.0,24.125,148.125,26.24,2.03
2019-03-31T12:00:00Z,0.0,24.125,152.125,25.55,1.38
2019-03-31T12:00:00Z,0.0,24.125,156.125,25.38,1.29
2019-03-31T12:00:00Z,0.0,24.125,160.125,26.21,2.13
2019-03-31T12:00:00Z,0.0,24.125,164.125,24.51,0.42
2019-03-31T12:00:00Z,0.0,24.125,168.125,25.04,0.98
2019-03-31T12:00:00Z,0.0,24.125,172.125,25.44,1.42
2019-03-31T12:00:00Z,0.0,24.125,176.125,24.54,0.69
2019-03-31T12:00:00Z,0.0,24.125,180.125,24.97,1.21
2019-03-31T12:00:00Z,0.0,24.125,184.125,23.96,0.35
2019-03-31T12:00:00Z,0.0,24.125,188.125,24.09,0.55
2019-03-31T12:00:00Z,0.0,24.125,192.125,23.36,-0.07
2019-03-31T12:00:00Z,0.0,24.125,196.125,21.76,-1.46
2019-03-31T12:00:00Z,0.0,24.125,200.125,22.79,-0.31
2019-03-31T12:00:00Z,0.0,24.125,204.125,22.54,-0.31
2019-03-31T12:00:00Z,0.0,24.125,208.125,23.33,0.71
2019-03-31T12:00:00Z,0.0,24.125,212.125,23.09,0.86
2019-03-31T12:00:00Z,0.0,24.125,216.125,22.62,0.73
2019-03-31T12:00:00Z,0.0,24.125,220.125,22.07,0.71
2019-03-31T12:00:00Z,0.0,24.125,224.125,21.4,0.55
2019-03-31T12:00:00Z,0.0,24.125,228.125,21.95,1.65
2019-03-31T12:00:00Z,0.0,24.125,232.125,20.33,0.6
2019-03-31T12:00:00Z,0.0,24.125,236.125,19.94,0.8
2019-03-31T12:00:00Z,0.0,24.125,240.125,19.13,0.31
2019-03-31T12:00:00Z,0.0,24.125,244.125,19.34,0.13
2019-03-31T12:00:00Z,0.0,24.125,248.125,19.65,-0.21
2019-03-31T12:00:00Z,0.0,24.125,252.125,22.36,0.06
2019-03-31T12:00:00Z,0.0,24.125,256.125,NaN,NaN
2019-03-31T12:00:00Z,0.0,24.125,260.125,NaN,NaN
2019-03-31T12:00:00Z,0.0,24.125,264.125,23.78,0.26
2019-03-31T12:00:00Z,0.0,24.125,268.125,23.22,-0.52
2019-03-31T12:00:00Z,0.0,24.125,272.125,26.11,0.83
2019-03-31T12:00:00Z,0.0,24.125,276.125,24.81,-0.53
2019-03-31T12:00:00Z,0.0,24.125,280.125,25.68,0.48
2019-03-31T12:00:00Z,0.0,24.125,284.125,25.42,0.56
2019-03-31T12:00:00Z,0.0,24.125,288.125,25.69,1.01
2019-03-31T12:00:00Z,0.0,24.125,292.125,25.13,0.42
2019-03-31T12:00:00Z,0.0,24.125,296.125,25.02,0.44
2019-03-31T12:00:00Z,0.0,24.125,300.125,24.93,0.6
2019-03-31T12:00:00Z,0.0,24.125,304.125,25.16,1.13
2019-03-31T12:00:00Z,0.0,24.125,308.125,24.5,0.8
2019-03-31T12:00:00Z,0.0,24.125,312.125,23.71,0.33
2019-03-31T12:00:00Z,0.0,24.125,316.125,23.47,0.35
2019-03-31T12:00:00Z,0.0,24.125,320.125,22.8,0.03
2019-03-31T12:00:00Z,0.0,24.125,324.125,22.74,0.39
2019-03-31T12:00:00Z,0.0,24.125,328.125,22.61,0.65
2019-03-31T12:00:00Z,0.0,24.125,332.125,21.8,0.28
2019-03-31T12:00:00Z,0.0,24.125,336.125,21.44,0.52
2019-03-31T12:00:00Z,0.0,24.125,340.125,20.76,0.66
2019-03-31T12:00:00Z,0.0,24.125,344.125,18.89,0.44
2019-03-31T12:00:00Z,0.0,24.125,348.125,NaN,NaN
2019-03-31T12:00:00Z,0.0,24.125,352.125,NaN,NaN
2019-03-31T12:00:00Z,0.0,24.125,356.125,NaN,NaN
2019-03-31T12:00:00Z,0.0,28.125,0.125,NaN,NaN
2019-03-31T12:00:00Z,0.0,28.125,4.125,NaN,NaN
2019-03-31T12:00:00Z,0.0,28.125,8.125,NaN,NaN
2019-03-31T12:00:00Z,0.0,28.125,12.125,NaN,NaN
2019-03-31T12:00:00Z,0.0,28.125,16.125,NaN,NaN
2019-03-31T12:00:00Z,0.0,28.125,20.125,NaN,NaN
2019-03-31T12:00:00Z,0.0,28.125,24.125,NaN,NaN
2019-03-31T12:00:00Z,0.0,28.125,28.125,NaN,NaN
2019-03-31T12:00:00Z,0.0,28.125,32.125,NaN,NaN
2019-03-31T12:00:00Z,0.0,28.125,36.125,NaN,NaN
2019-03-31T12:00:00Z,0.0,28.125,40.125,NaN,NaN
2019-03-31T12:00:00Z,0.0,28.125,44.125,NaN,NaN
2019-03-31T12:00:00Z,0.0,28.125,48.125,NaN,NaN
2019-03-31T12:00:00Z,0.0,28.125,52.125,NaN,NaN
2019-03-31T12:00:00Z,0.0,28.125,56.125,NaN,NaN
2019-03-31T12:00:00Z,0.0,28.125,60.125,NaN,NaN
2019-03-31T12:00:00Z,0.0,28.125,64.125,NaN,NaN
2019-03-31T12:00:00Z,0.0,28.125,68.125,NaN,NaN
2019-03-31T12:00:00Z,0.0,28.125,72.125,NaN,NaN
2019-03-31T12:00:00Z,0.0,28.125,76.125,NaN,NaN
2019-03-31T12:00:00Z,0.0,28.125,80.125,NaN,NaN
2019-03-31T12:00:00Z,0.0,28.125,84.125,NaN,NaN
2019-03-31T12:00:00Z,0.0,28.125,88.125,NaN,NaN
2019-03-31T12:00:00Z,0.0,28.125,92.125,NaN,NaN
2019-03-31T12:00:00Z,0.0,28.125,96.125,NaN,NaN
2019-03-31T12:00:00Z,0.0,28.125,100.125,NaN,NaN
2019-03-31T12:00:00Z,0.0,28.125,104.125,NaN,NaN
2019-03-31T12:00:00Z,0.0,28.125,108.125,NaN,NaN
2019-03-31T12:00:00Z,0.0,28.125,112.125,NaN,NaN
2019-03-31T12:00:00Z,0.0,28.125,116.125,NaN,NaN
2019-03-31T12:00:00Z,0.0,28.125,120.125,NaN,NaN
2019-03-31T12:00:00Z,0.0,28.125,124.125,17.79,-0.22
2019-03-31T12:00:00Z,0.0,28.125,128.125,22.62,0.68
2019-03-31T12:00:00Z,0.0,28.125,132.125,22.27,1.24
2019-03-31T12:00:00Z,0.0,28.125,136.125,20.37,0.23
2019-03-31T12:00:00Z,0.0,28.125,140.125,20.26,-0.11
2019-03-31T12:00:00Z,0.0,28.125,144.125,22.19,1.84
2019-03-31T12:00:00Z,0.0,28.125,148.125,20.42,-0.11
2019-03-31T12:00:00Z,0.0,28.125,152.125,21.43,0.88
2019-03-31T12:00:00Z,0.0,28.125,156.125,20.67,0.23
2019-03-31T12:00:00Z,0.0,28.125,160.125,22.06,1.5
2019-03-31T12:00:00Z,0.0,28.125,164.125,21.36,0.67
2019-03-31T12:00:00Z,0.0,28.125,168.125,22.28,1.51
2019-03-31T12:00:00Z,0.0,28.125,172.125,21.2,0.63
2019-03-31T12:00:00Z,0.0,28.125,176.125,20.91,0.35
2019-03-31T12:00:00Z,0.0,28.125,180.125,21.1,0.55
2019-03-31T12:00:00Z,0.0,28.125,184.125,20.45,0.0
2019-03-31T12:00:00Z,0.0,28.125,188.125,20.13,-0.21
2019-03-31T12:00:00Z,0.0,28.125,192.125,20.41,-0.03
2019-03-31T12:00:00Z,0.0,28.125,196.125,20.2,-0.41
2019-03-31T12:00:00Z,0.0,28.125,200.125,20.17,-0.56
2019-03-31T12:00:00Z,0.0,28.125,204.125,20.25,-0.38
2019-03-31T12:00:00Z,0.0,28.125,208.125,20.0,-0.51
2019-03-31T12:00:00Z,0.0,28.125,212.125,20.11,-0.26
2019-03-31T12:00:00Z,0.0,28.125,216.125,20.51,0.47
2019-03-31T12:00:00Z,0.0,28.125,220.125,19.62,0.05
2019-03-31T12:00:00Z,0.0,28.125,224.125,19.84,0.73
2019-03-31T12:00:00Z,0.0,28.125,228.125,18.6,0.07
2019-03-31T12:00:00Z,0.0,28.125,232.125,18.77,0.82
2019-03-31T12:00:00Z,0.0,28.125,236.125,18.37,1.13
2019-03-31T12:00:00Z,0.0,28.125,240.125,17.94,1.18
2019-03-31T12:00:00Z,0.0,28.125,244.125,16.85,0.46
2019-03-31T12:00:00Z,0.0,28.125,248.125,18.36,-0.6
2019-03-31T12:00:00Z,0.0,28.125,252.125,NaN,NaN
2019-03-31T12:00:00Z,0.0,28.125,256.125,NaN,NaN
2019-03-31T12:00:00Z,0.0,28.125,260.125,NaN,NaN
2019-03-31T12:00:00Z,0.0,28.125,264.125,20.03,-0.61
2019-03-31T12:00:00Z,0.0,28.125,268.125,21.34,0.03
2019-03-31T12:00:00Z,0.0,28.125,272.125,22.01,-0.74
2019-03-31T12:00:00Z,0.0,28.125,276.125,20.45,-0.69
2019-03-31T12:00:00Z,0.0,28.125,280.125,24.39,0.18
2019-03-31T12:00:00Z,0.0,28.125,284.125,22.66,-0.19
2019-03-31T12:00:00Z,0.0,28.125,288.125,22.41,0.08
2019-03-31T12:00:00Z,0.0,28.125,292.125,22.64,0.28
2019-03-31T12:00:00Z,0.0,28.125,296.125,23.17,0.99
2019-03-31T12:00:00Z,0.0,28.125,300.125,23.45,1.13
2019-03-31T12:00:00Z,0.0,28.125,304.125,23.27,1.07
2019-03-31T12:00:00Z,0.0,28.125,308.125,22.62,0.66
2019-03-31T12:00:00Z,0.0,28.125,312.125,22.34,0.65
2019-03-31T12:00:00Z,0.0,28.125,316.125,22.18,0.75
2019-03-31T12:00:00Z,0.0,28.125,320.125,21.76,0.56
2019-03-31T12:00:00Z,0.0,28.125,324.125,21.41,0.52
2019-03-31T12:00:00Z,0.0,28.125,328.125,21.17,0.69
2019-03-31T12:00:00Z,0.0,28.125,332.125,20.42,0.31
2019-03-31T12:00:00Z,0.0,28.125,336.125,20.47,0.72
2019-03-31T12:00:00Z,0.0,28.125,340.125,19.92,0.53
2019-03-31T12:00:00Z,0.0,28.125,344.125,19.89,1.14
2019-03-31T12:00:00Z,0.0,28.125,348.125,NaN,NaN
2019-03-31T12:00:00Z,0.0,28.125,352.125,NaN,NaN
2019-03-31T12:00:00Z,0.0,28.125,356.125,NaN,NaN
2019-03-31T12:00:00Z,0.0,32.125,0.125,NaN,NaN
2019-03-31T12:00:00Z,0.0,32.125,4.125,NaN,NaN
2019-03-31T12:00:00Z,0.0,32.125,8.125,NaN,NaN
2019-03-31T12:00:00Z,0.0,32.125,12.125,NaN,NaN
2019-03-31T12:00:00Z,0.0,32.125,16.125,16.4,-0.35
2019-03-31T12:00:00Z,0.0,32.125,20.125,NaN,NaN
2019-03-31T12:00:00Z,0.0,32.125,24.125,16.14,-0.83
2019-03-31T12:00:00Z,0.0,32.125,28.125,16.54,-0.52
2019-03-31T12:00:00Z,0.0,32.125,32.125,16.84,-0.56
2019-03-31T12:00:00Z,0.0,32.125,36.125,NaN,NaN
2019-03-31T12:00:00Z,0.0,32.125,40.125,NaN,NaN
2019-03-31T12:00:00Z,0.0,32.125,44.125,NaN,NaN
2019-03-31T12:00:00Z,0.0,32.125,48.125,NaN,NaN
2019-03-31T12:00:00Z,0.0,32.125,52.125,NaN,NaN
2019-03-31T12:00:00Z,0.0,32.125,56.125,NaN,NaN
2019-03-31T12:00:00Z,0.0,32.125,60.125,NaN,NaN
2019-03-31T12:00:00Z,0.0,32.125,64.125,NaN,NaN
2019-03-31T12:00:00Z,0.0,32.125,68.125,NaN,NaN
2019-03-31T12:00:00Z,0.0,32.125,72.125,NaN,NaN
2019-03-31T12:00:00Z,0.0,32.125,76.125,NaN,NaN
2019-03-31T12:00:00Z,0.0,32.125,80.125,NaN,NaN
2019-03-31T12:00:00Z,0.0,32.125,84.125,NaN,NaN
2019-03-31T12:00:00Z,0.0,32.125,88.125,NaN,NaN
2019-03-31T12:00:00Z,0.0,32.125,92.125,NaN,NaN
2019-03-31T12:00:00Z,0.0,32.125,96.125,NaN,NaN
2019-03-31T12:00:00Z,0.0,32.125,100.125,NaN,NaN
2019-03-31T12:00:00Z,0.0,32.125,104.125,NaN,NaN
2019-03-31T12:00:00Z,0.0,32.125,108.125,NaN,NaN
2019-03-31T12:00:00Z,0.0,32.125,112.125,NaN,NaN
2019-03-31T12:00:00Z,0.0,32.125,116.125,NaN,NaN
2019-03-31T12:00:00Z,0.0,32.125,120.125,NaN,NaN
2019-03-31T12:00:00Z,0.0,32.125,124.125,10.8,-0.71
2019-03-31T12:00:00Z,0.0,32.125,128.125,18.3,0.97
2019-03-31T12:00:00Z,0.0,32.125,132.125,21.16,1.66
2019-03-31T12:00:00Z,0.0,32.125,136.125,17.58,-1.72
2019-03-31T12:00:00Z,0.0,32.125,140.125,19.95,1.02
2019-03-31T12:00:00Z,0.0,32.125,144.125,18.9,0.65
2019-03-31T12:00:00Z,0.0,32.125,148.125,17.64,-0.21
2019-03-31T12:00:00Z,0.0,32.125,152.125,18.98,1.17
2019-03-31T12:00:00Z,0.0,32.125,156.125,18.01,0.4
2019-03-31T12:00:00Z,0.0,32.125,160.125,17.6,0.11
2019-03-31T12:00:00Z,0.0,32.125,164.125,17.47,0.0
2019-03-31T12:00:00Z,0.0,32.125,168.125,16.63,-0.62
2019-03-31T12:00:00Z,0.0,32.125,172.125,17.83,0.58
2019-03-31T12:00:00Z,0.0,32.125,176.125,17.93,0.92
2019-03-31T12:00:00Z,0.0,32.125,180.125,17.52,0.49
2019-03-31T12:00:00Z,0.0,32.125,184.125,17.97,1.0
2019-03-31T12:00:00Z,0.0,32.125,188.125,16.83,-0.01
2019-03-31T12:00:00Z,0.0,32.125,192.125,16.78,0.04
2019-03-31T12:00:00Z,0.0,32.125,196.125,16.95,0.21
2019-03-31T12:00:00Z,0.0,32.125,200.125,16.39,-0.44
2019-03-31T12:00:00Z,0.0,32.125,204.125,16.61,-0.48
2019-03-31T12:00:00Z,0.0,32.125,208.125,16.41,-0.8
2019-03-31T12:00:00Z,0.0,32.125,212.125,16.18,-1.2
2019-03-31T12:00:00Z,0.0,32.125,216.125,17.64,0.23
2019-03-31T12:00:00Z,0.0,32.125,220.125,16.6,-0.62
2019-03-31T12:00:00Z,0.0,32.125,224.125,16.06,-0.87
2019-03-31T12:00:00Z,0.0,32.125,228.125,15.94,-0.56
2019-03-31T12:00:00Z,0.0,32.125,232.125,16.24,0.52
2019-03-31T12:00:00Z,0.0,32.125,236.125,15.05,0.14
2019-03-31T12:00:00Z,0.0,32.125,240.125,15.5,0.85
2019-03-31T12:00:00Z,0.0,32.125,244.125,NaN,NaN
2019-03-31T12:00:00Z,0.0,32.125,248.125,NaN,NaN
2019-03-31T12:00:00Z,0.0,32.125,252.125,NaN,NaN
2019-03-31T12:00:00Z,0.0,32.125,256.125,NaN,NaN
2019-03-31T12:00:00Z,0.0,32.125,260.125,NaN,NaN
2019-03-31T12:00:00Z,0.0,32.125,264.125,NaN,NaN
2019-03-31T12:00:00Z,0.0,32.125,268.125,NaN,NaN
2019-03-31T12:00:00Z,0.0,32.125,272.125,NaN,NaN
2019-03-31T12:00:00Z,0.0,32.125,276.125,NaN,NaN
2019-03-31T12:00:00Z,0.0,32.125,280.125,18.49,-2.5
2019-03-31T12:00:00Z,0.0,32.125,284.125,22.43,-0.1
2019-03-31T12:00:00Z,0.0,32.125,288.125,21.2,1.38
2019-03-31T12:00:00Z,0.0,32.125,292.125,20.08,0.59
2019-03-31T12:00:00Z,0.0,32.125,296.125,20.82,1.11
2019-03-31T12:00:00Z,0.0,32.125,300.125,21.04,1.29
2019-03-31T12:00:00Z,0.0,32.125,304.125,20.67,0.83
2019-03-31T12:00:00Z,0.0,32.125,308.125,20.65,0.88
2019-03-31T12:00:00Z,0.0,32.125,312.125,21.01,1.28
2019-03-31T12:00:00Z,0.0,32.125,316.125,21.51,1.97
2019-03-31T12:00:00Z,0.0,32.125,320.125,20.23,0.83
2019-03-31T12:00:00Z,0.0,32.125,324.125,20.37,1.01
2019-03-31T12:00:00Z,0.0,32.125,328.125,19.45,0.32
2019-03-31T12:00:00Z,0.0,32.125,332.125,19.16,0.42
2019-03-31T12:00:00Z,0.0,32.125,336.125,18.88,0.38
2019-03-31T12:00:00Z,0.0,32.125,340.125,18.47,0.32
2019-03-31T12:00:00Z,0.0,32.125,344.125,18.52,0.73
2019-03-31T12:00:00Z,0.0,32.125,348.125,18.52,1.17
2019-03-31T12:00:00Z,0.0,32.125,352.125,NaN,NaN
2019-03-31T12:00:00Z,0.0,32.125,356.125,NaN,NaN
2019-03-31T12:00:00Z,0.0,36.125,0.125,15.66,-0.06
2019-03-31T12:00:00Z,0.0,36.125,4.125,NaN,NaN
2019-03-31T12:00:00Z,0.0,36.125,8.125,NaN,NaN
2019-03-31T12:00:00Z,0.0,36.125,12.125,14.82,-0.44
2019-03-31T12:00:00Z,0.0,36.125,16.125,15.28,-0.36
2019-03-31T12:00:00Z,0.0,36.125,20.125,15.25,-0.25
2019-03-31T12:00:00Z,0.0,36.125,24.125,16.33,0.78
2019-03-31T12:00:00Z,0.0,36.125,28.125,17.34,0.86
2019-03-31T12:00:00Z,0.0,36.125,32.125,17.36,0.6
2019-03-31T12:00:00Z,0.0,36.125,36.125,NaN,NaN
2019-03-31T12:00:00Z,0.0,36.125,40.125,NaN,NaN
2019-03-31T12:00:00Z,0.0,36.125,44.125,NaN,NaN
2019-03-31T12:00:00Z,0.0,36.125,48.125,NaN,NaN
2019-03-31T12:00:00Z,0.0,36.125,52.125,NaN,NaN
2019-03-31T12:00:00Z,0.0,36.125,56.125,NaN,NaN
2019-03-31T12:00:00Z,0.0,36.125,60.125,NaN,NaN
2019-03-31T12:00:00Z,0.0,36.125,64.125,NaN,NaN
2019-03-31T12:00:00Z,0.0,36.125,68.125,NaN,NaN
2019-03-31T12:00:00Z,0.0,36.125,72.125,NaN,NaN
2019-03-31T12:00:00Z,0.0,36.125,76.125,NaN,NaN
2019-03-31T12:00:00Z,0.0,36.125,80.125,NaN,NaN
2019-03-31T12:00:00Z,0.0,36.125,84.125,NaN,NaN
2019-03-31T12:00:00Z,0.0,36.125,88.125,NaN,NaN
2019-03-31T12:00:00Z,0.0,36.125,92.125,NaN,NaN
2019-03-31T12:00:00Z,0.0,36.125,96.125,NaN,NaN
2019-03-31T12:00:00Z,0.0,36.125,100.125,NaN,NaN
2019-03-31T12:00:00Z,0.0,36.125,104.125,NaN,NaN
2019-03-31T12:00:00Z,0.0,36.125,108.125,NaN,NaN
2019-03-31T12:00:00Z,0.0,36.125,112.125,NaN,NaN
2019-03-31T12:00:00Z,0.0,36.125,116.125,NaN,NaN
2019-03-31T12:00:00Z,0.0,36.125,120.125,NaN,NaN
2019-03-31T12:00:00Z,0.0,36.125,124.125,8.98,0.53
2019-03-31T12:00:00Z,0.0,36.125,128.125,NaN,NaN
2019-03-31T12:00:00Z,0.0,36.125,132.125,13.79,0.73
2019-03-31T12:00:00Z,0.0,36.125,136.125,14.02,1.53
2019-03-31T12:00:00Z,0.0,36.125,140.125,NaN,NaN
2019-03-31T12:00:00Z,0.0,36.125,144.125,18.24,2.64
2019-03-31T12:00:00Z,0.0,36.125,148.125,13.85,-1.78
2019-03-31T12:00:00Z,0.0,36.125,152.125,16.26,0.98
2019-03-31T12:00:00Z,0.0,36.125,156.125,14.27,-0.32
2019-03-31T12:00:00Z,0.0,36.125,160.125,14.27,-0.19
2019-03-31T12:00:00Z,0.0,36.125,164.125,15.69,1.22
2019-03-31T12:00:00Z,0.0,36.125,168.125,14.65,0.29
2019-03-31T12:00:00Z,0.0,36.125,172.125,15.07,0.59
2019-03-31T12:00:00Z,0.0,36.125,176.125,15.22,1.04
2019-03-31T12:00:00Z,0.0,36.125,180.125,14.89,0.8
2019-03-31T12:00:00Z,0.0,36.125,184.125,14.74,0.6
2019-03-31T12:00:00Z,0.0,36.125,188.125,14.19,0.31
2019-03-31T12:00:00Z,0.0,36.125,192.125,13.31,-0.3
2019-03-31T12:00:00Z,0.0,36.125,196.125,13.54,-0.03
2019-03-31T12:00:00Z,0.0,36.125,200.125,13.82,0.33
2019-03-31T12:00:00Z,0.0,36.125,204.125,13.78,0.21
2019-03-31T12:00:00Z,0.0,36.125,208.125,14.09,0.28
2019-03-31T12:00:00Z,0.0,36.125,212.125,14.1,-0.01
2019-03-31T12:00:00Z,0.0,36.125,216.125,13.78,-0.67
2019-03-31T12:00:00Z,0.0,36.125,220.125,14.59,0.05
2019-03-31T12:00:00Z,0.0,36.125,224.125,14.31,-0.29
2019-03-31T12:00:00Z,0.0,36.125,228.125,13.48,-0.82
2019-03-31T12:00:00Z,0.0,36.125,232.125,14.02,0.4
2019-03-31T12:00:00Z,0.0,36.125,236.125,13.29,0.5
2019-03-31T12:00:00Z,0.0,36.125,240.125,NaN,NaN
2019-03-31T12:00:00Z,0.0,36.125,244.125,NaN,NaN
2019-03-31T12:00:00Z,0.0,36.125,248.125,NaN,NaN
2019-03-31T12:00:00Z,0.0,36.125,252.125,NaN,NaN
2019-03-31T12:00:00Z,0.0,36.125,256.125,NaN,NaN
2019-03-31T12:00:00Z,0.0,36.125,260.125,NaN,NaN
2019-03-31T12:00:00Z,0.0,36.125,264.125,NaN,NaN
2019-03-31T12:00:00Z,0.0,36.125,268.125,NaN,NaN
2019-03-31T12:00:00Z,0.0,36.125,272.125,NaN,NaN
2019-03-31T12:00:00Z,0.0,36.125,276.125,NaN,NaN
2019-03-31T12:00:00Z,0.0,36.125,280.125,NaN,NaN
2019-03-31T12:00:00Z,0.0,36.125,284.125,10.37,-4.21
2019-03-31T12:00:00Z,0.0,36.125,288.125,19.45,-0.49
2019-03-31T12:00:00Z,0.0,36.125,292.125,18.88,-0.96
2019-03-31T12:00:00Z,0.0,36.125,296.125,19.62,0.2
2019-03-31T12:00:00Z,0.0,36.125,300.125,19.84,1.27
2019-03-31T12:00:00Z,0.0,36.125,304.125,19.25,0.98
2019-03-31T12:00:00Z,0.0,36.125,308.125,18.56,0.5
2019-03-31T12:00:00Z,0.0,36.125,312.125,18.73,0.78
2019-03-31T12:00:00Z,0.0,36.125,316.125,18.94,1.08
2019-03-31T12:00:00Z,0.0,36.125,320.125,19.35,1.68
2019-03-31T12:00:00Z,0.0,36.125,324.125,18.28,0.8
2019-03-31T12:00:00Z,0.0,36.125,328.125,18.38,1.14
2019-03-31T12:00:00Z,0.0,36.125,332.125,17.47,0.46
2019-03-31T12:00:00Z,0.0,36.125,336.125,16.74,-0.11
2019-03-31T12:00:00Z,0.0,36.125,340.125,16.76,0.16
2019-03-31T12:00:00Z,0.0,36.125,344.125,16.61,0.28
2019-03-31T12:00:00Z,0.0,36.125,348.125,17.04,0.81
2019-03-31T12:00:00Z,0.0,36.125,352.125,16.64,0.25
2019-03-31T12:00:00Z,0.0,36.125,356.125,15.93,0.25
2019-03-31T12:00:00Z,0.0,40.125,0.125,14.69,0.36
2019-03-31T12:00:00Z,0.0,40.125,4.125,14.49,0.13
2019-03-31T12:00:00Z,0.0,40.125,8.125,14.3,-0.04
2019-03-31T12:00:00Z,0.0,40.125,12.125,14.55,0.06
2019-03-31T12:00:00Z,0.0,40.125,16.125,NaN,NaN
2019-03-31T12:00:00Z,0.0,40.125,20.125,NaN,NaN
2019-03-31T12:00:00Z,0.0,40.125,24.125,13.36,-0.5
2019-03-31T12:00:00Z,0.0,40.125,28.125,NaN,NaN
2019-03-31T12:00:00Z,0.0,40.125,32.125,NaN,NaN
2019-03-31T12:00:00Z,0.0,40.125,36.125,NaN,NaN
2019-03-31T12:00:00Z,0.0,40.125,40.125,NaN,NaN
2019-03-31T12:00:00Z,0.0,40.125,44.125,NaN,NaN
2019-03-31T12:00:00Z,0.0,40.125,48.125,NaN,NaN
2019-03-31T12:00:00Z,0.0,40.125,52.125,9.32,-1.49
2019-03-31T12:00:00Z,0.0,40.125,56.125,NaN,NaN
2019-03-31T12:00:00Z,0.0,40.125,60.125,NaN,NaN
2019-03-31T12:00:00Z,0.0,40.125,64.125,NaN,NaN
2019-03-31T12:00:00Z,0.0,40.125,68.125,NaN,NaN
2019-03-31T12:00:00Z,0.0,40.125,72.125,NaN,NaN
2019-03-31T12:00:00Z,0.0,40.125,76.125,NaN,NaN
2019-03-31T12:00:00Z,0.0,40.125,80.125,NaN,NaN
2019-03-31T12:00:00Z,0.0,40.125,84.125,NaN,NaN
2019-03-31T12:00:00Z,0.0,40.125,88.125,NaN,NaN
2019-03-31T12:00:00Z,0.0,40.125,92.125,NaN,NaN
2019-03-31T12:00:00Z,0.0,40.125,96.125,NaN,NaN
2019-03-31T12:00:00Z,0.0,40.125,100.125,NaN,NaN
2019-03-31T12:00:00Z,0.0,40.125,104.125,NaN,NaN
2019-03-31T12:00:00Z,0.0,40.125,108.125,NaN,NaN
2019-03-31T12:00:00Z,0.0,40.125,112.125,NaN,NaN
2019-03-31T12:00:00Z,0.0,40.125,116.125,NaN,NaN
2019-03-31T12:00:00Z,0.0,40.125,120.125,5.46,1.4
2019-03-31T12:00:00Z,0.0,40.125,124.125,NaN,NaN
2019-03-31T12:00:00Z,0.0,40.125,128.125,NaN,NaN
2019-03-31T12:00:00Z,0.0,40.125,132.125,6.51,-0.24
2019-03-31T12:00:00Z,0.0,40.125,136.125,5.17,-1.72
2019-03-31T12:00:00Z,0.0,40.125,140.125,NaN,NaN
2019-03-31T12:00:00Z,0.0,40.125,144.125,8.92,2.68
2019-03-31T12:00:00Z,0.0,40.125,148.125,9.0,1.21
2019-03-31T12:00:00Z,0.0,40.125,152.125,9.92,0.7
2019-03-31T12:00:00Z,0.0,40.125,156.125,11.5,1.92
2019-03-31T12:00:00Z,0.0,40.125,160.125,10.28,0.84
2019-03-31T12:00:00Z,0.0,40.125,164.125,9.66,0.3
2019-03-31T12:00:00Z,0.0,40.125,168.125,11.89,1.38
2019-03-31T12:00:00Z,0.0,40.125,172.125,10.96,0.55
2019-03-31T12:00:00Z,0.0,40.125,176.125,11.0,0.54
2019-03-31T12:00:00Z,0.0,40.125,180.125,10.73,0.14
2019-03-31T12:00:00Z,0.0,40.125,184.125,11.36,0.66
2019-03-31T12:00:00Z,0.0,40.125,188.125,11.14,0.42
2019-03-31T12:00:00Z,0.0,40.125,192.125,10.88,0.33
2019-03-31T12:00:00Z,0.0,40.125,196.125,10.46,-0.08
2019-03-31T12:00:00Z,0.0,40.125,200.125,11.42,0.82
2019-03-31T12:00:00Z,0.0,40.125,204.125,9.14,-1.54
2019-03-31T12:00:00Z,0.0,40.125,208.125,10.31,-0.6
2019-03-31T12:00:00Z,0.0,40.125,212.125,11.02,-0.17
2019-03-31T12:00:00Z,0.0,40.125,216.125,11.04,-0.56
2019-03-31T12:00:00Z,0.0,40.125,220.125,12.37,0.43
2019-03-31T12:00:00Z,0.0,40.125,224.125,11.03,-1.22
2019-03-31T12:00:00Z,0.0,40.125,228.125,11.45,-0.7
2019-03-31T12:00:00Z,0.0,40.125,232.125,11.23,-0.41
2019-03-31T12:00:00Z,0.0,40.125,236.125,NaN,NaN
2019-03-31T12:00:00Z,0.0,40.125,240.125,NaN,NaN
2019-03-31T12:00:00Z,0.0,40.125,244.125,NaN,NaN
2019-03-31T12:00:00Z,0.0,40.125,248.125,NaN,NaN
2019-03-31T12:00:00Z,0.0,40.125,252.125,NaN,NaN
2019-03-31T12:00:00Z,0.0,40.125,256.125,NaN,NaN
2019-03-31T12:00:00Z,0.0,40.125,260.125,NaN,NaN
2019-03-31T12:00:00Z,0.0,40.125,264.125,NaN,NaN
2019-03-31T12:00:00Z,0.0,40.125,268.125,NaN,NaN
2019-03-31T12:00:00Z,0.0,40.125,272.125,NaN,NaN
2019-03-31T12:00:00Z,0.0,40.125,276.125,NaN,NaN
2019-03-31T12:00:00Z,0.0,40.125,280.125,NaN,NaN
2019-03-31T12:00:00Z,0.0,40.125,284.125,NaN,NaN
2019-03-31T12:00:00Z,0.0,40.125,288.125,5.87,-1.54
2019-03-31T12:00:00Z,0.0,40.125,292.125,10.31,0.41
2019-03-31T12:00:00Z,0.0,40.125,296.125,18.65,4.17
2019-03-31T12:00:00Z,0.0,40.125,300.125,19.05,2.18
2019-03-31T12:00:00Z,0.0,40.125,304.125,18.56,1.2
2019-03-31T12:00:00Z,0.0,40.125,308.125,16.62,0.09
2019-03-31T12:00:00Z,0.0,40.125,312.125,15.46,-0.97
2019-03-31T12:00:00Z,0.0,40.125,316.125,17.51,0.7
2019-03-31T12:00:00Z,0.0,40.125,320.125,17.07,0.89
2019-03-31T12:00:00Z,0.0,40.125,324.125,16.15,0.16
2019-03-31T12:00:00Z,0.0,40.125,328.125,16.4,0.77
2019-03-31T12:00:00Z,0.0,40.125,332.125,15.61,0.48
2019-03-31T12:00:00Z,0.0,40.125,336.125,15.4,0.42
2019-03-31T12:00:00Z,0.0,40.125,340.125,14.73,0.0
2019-03-31T12:00:00Z,0.0,40.125,344.125,15.37,0.92
2019-03-31T12:00:00Z,0.0,40.125,348.125,15.29,0.8
2019-03-31T12:00:00Z,0.0,40.125,352.125,NaN,NaN
2019-03-31T12:00:00Z,0.0,40.125,356.125,NaN,NaN
2019-03-31T12:00:00Z,0.0,44.125,0.125,NaN,NaN
2019-03-31T12:00:00Z,0.0,44.125,4.125,NaN,NaN
2019-03-31T12:00:00Z,0.0,44.125,8.125,NaN,NaN
2019-03-31T12:00:00Z,0.0,44.125,12.125,NaN,NaN
2019-03-31T12:00:00Z,0.0,44.125,16.125,NaN,NaN
2019-03-31T12:00:00Z,0.0,44.125,20.125,NaN,NaN
2019-03-31T12:00:00Z,0.0,44.125,24.125,NaN,NaN
2019-03-31T12:00:00Z,0.0,44.125,28.125,NaN,NaN
2019-03-31T12:00:00Z,0.0,44.125,32.125,8.84,0.43
2019-03-31T12:00:00Z,0.0,44.125,36.125,8.92,0.16
2019-03-31T12:00:00Z,0.0,44.125,40.125,NaN,NaN
2019-03-31T12:00:00Z,0.0,44.125,44.125,NaN,NaN
2019-03-31T12:00:00Z,0.0,44.125,48.125,6.9,1.25
2019-03-31T12:00:00Z,0.0,44.125,52.125,NaN,NaN
2019-03-31T12:00:00Z,0.0,44.125,56.125,NaN,NaN
2019-03-31T12:00:00Z,0.0,44.125,60.125,NaN,NaN
2019-03-31T12:00:00Z,0.0,44.125,64.125,NaN,NaN
2019-03-31T12:00:00Z,0.0,44.125,68.125,NaN,NaN
2019-03-31T12:00:00Z,0.0,44.125,72.125,NaN,NaN
2019-03-31T12:00:00Z,0.0,44.125,76.125,NaN,NaN
2019-03-31T12:00:00Z,0.0,44.125,80.125,NaN,NaN
2019-03-31T12:00:00Z,0.0,44.125,84.125,NaN,NaN
2019-03-31T12:00:00Z,0.0,44.125,88.125,NaN,NaN
2019-03-31T12:00:00Z,0.0,44.125,92.125,NaN,NaN
2019-03-31T12:00:00Z,0.0,44.125,96.125,NaN,NaN
2019-03-31T12:00:00Z,0.0,44.125,100.125,NaN,NaN
2019-03-31T12:00:00Z,0.0,44.125,104.125,NaN,NaN
2019-03-31T12:00:00Z,0.0,44.125,108.125,NaN,NaN
2019-03-31T12:00:00Z,0.0,44.125,112.125,NaN,NaN
2019-03-31T12:00:00Z,0.0,44.125,116.125,NaN,NaN
2019-03-31T12:00:00Z,0.0,44.125,120.125,NaN,NaN
2019-03-31T12:00:00Z,0.0,44.125,124.125,NaN,NaN
2019-03-31T12:00:00Z,0.0,44.125,128.125,NaN,NaN
2019-03-31T12:00:00Z,0.0,44.125,132.125,NaN,NaN
2019-03-31T12:00:00Z,0.0,44.125,136.125,0.87,-1.54
2019-03-31T12:00:00Z,0.0,44.125,140.125,4.54,-0.37
2019-03-31T12:00:00Z,0.0,44.125,144.125,0.32,-0.36
2019-03-31T12:00:00Z,0.0,44.125,148.125,1.3,-0.16
2019-03-31T12:00:00Z,0.0,44.125,152.125,1.63,-0.45
2019-03-31T12:00:00Z,0.0,44.125,156.125,2.85,-0.34
2019-03-31T12:00:00Z,0.0,44.125,160.125,3.94,-0.1
2019-03-31T12:00:00Z,0.0,44.125,164.125,5.15,0.72
2019-03-31T12:00:00Z,0.0,44.125,168.125,3.38,-0.85
2019-03-31T12:00:00Z,0.0,44.125,172.125,5.33,0.0
2019-03-31T12:00:00Z,0.0,44.125,176.125,7.45,1.22
2019-03-31T12:00:00Z,0.0,44.125,180.125,6.91,0.28
2019-03-31T12:00:00Z,0.0,44.125,184.125,6.78,-0.1
2019-03-31T12:00:00Z,0.0,44.125,188.125,7.62,0.59
2019-03-31T12:00:00Z,0.0,44.125,192.125,7.06,-0.17
2019-03-31T12:00:00Z,0.0,44.125,196.125,7.57,0.17
2019-03-31T12:00:00Z,0.0,44.125,200.125,7.62,0.0
2019-03-31T12:00:00Z,0.0,44.125,204.125,8.52,0.7
2019-03-31T12:00:00Z,0.0,44.125,208.125,8.82,0.69
2019-03-31T12:00:00Z,0.0,44.125,212.125,8.84,0.3
2019-03-31T12:00:00Z,0.0,44.125,216.125,9.07,0.13
2019-03-31T12:00:00Z,0.0,44.125,220.125,9.78,0.38
2019-03-31T12:00:00Z,0.0,44.125,224.125,10.3,0.52
2019-03-31T12:00:00Z,0.0,44.125,228.125,10.07,0.02
2019-03-31T12:00:00Z,0.0,44.125,232.125,10.84,0.82
2019-03-31T12:00:00Z,0.0,44.125,236.125,NaN,NaN
2019-03-31T12:00:00Z,0.0,44.125,240.125,NaN,NaN
2019-03-31T12:00:00Z,0.0,44.125,244.125,NaN,NaN
2019-03-31T12:00:00Z,0.0,44.125,248.125,NaN,NaN
2019-03-31T12:00:00Z,0.0,44.125,252.125,NaN,NaN
2019-03-31T12:00:00Z,0.0,44.125,256.125,NaN,NaN
2019-03-31T12:00:00Z,0.0,44.125,260.125,NaN,NaN
2019-03-31T12:00:00Z,0.0,44.125,264.125,NaN,NaN
2019-03-31T12:00:00Z,0.0,44.125,268.125,NaN,NaN
2019-03-31T12:00:00Z,0.0,44.125,272.125,NaN,NaN
2019-03-31T12:00:00Z,0.0,44.125,276.125,NaN,NaN
2019-03-31T12:00:00Z,0.0,44.125,280.125,NaN,NaN
2019-03-31T12:00:00Z,0.0,44.125,284.125,NaN,NaN
2019-03-31T12:00:00Z,0.0,44.125,288.125,NaN,NaN
2019-03-31T12:00:00Z,0.0,44.125,292.125,3.73,-0.38
2019-03-31T12:00:00Z,0.0,44.125,296.125,-1.27,-2.74
2019-03-31T12:00:00Z,0.0,44.125,300.125,2.35,-0.16
2019-03-31T12:00:00Z,0.0,44.125,304.125,5.46,1.83
2019-03-31T12:00:00Z,0.0,44.125,308.125,3.96,1.23
2019-03-31T12:00:00Z,0.0,44.125,312.125,4.92,-0.77
2019-03-31T12:00:00Z,0.0,44.125,316.125,13.83,0.33
2019-03-31T12:00:00Z,0.0,44.125,320.125,15.52,0.93
2019-03-31T12:00:00Z,0.0,44.125,324.125,13.19,-1.01
2019-03-31T12:00:00Z,0.0,44.125,328.125,14.76,0.55
2019-03-31T12:00:00Z,0.0,44.125,332.125,12.94,-0.91
2019-03-31T12:00:00Z,0.0,44.125,336.125,13.26,-0.23
2019-03-31T12:00:00Z,0.0,44.125,340.125,12.68,-0.48
2019-03-31T12:00:00Z,0.0,44.125,344.125,12.55,-0.31
2019-03-31T12:00:00Z,0.0,44.125,348.125,12.74,0.03
2019-03-31T12:00:00Z,0.0,44.125,352.125,12.99,0.33
2019-03-31T12:00:00Z,0.0,44.125,356.125,13.79,1.2
2019-03-31T12:00:00Z,0.0,48.125,0.125,NaN,NaN
2019-03-31T12:00:00Z,0.0,48.125,4.125,NaN,NaN
2019-03-31T12:00:00Z,0.0,48.125,8.125,NaN,NaN
2019-03-31T12:00:00Z,0.0,48.125,12.125,NaN,NaN
2019-03-31T12:00:00Z,0.0,48.125,16.125,NaN,NaN
2019-03-31T12:00:00Z,0.0,48.125,20.125,NaN,NaN
2019-03-31T12:00:00Z,0.0,48.125,24.125,NaN,NaN
2019-03-31T12:00:00Z,0.0,48.125,28.125,NaN,NaN
2019-03-31T12:00:00Z,0.0,48.125,32.125,NaN,NaN
2019-03-31T12:00:00Z,0.0,48.125,36.125,NaN,NaN
2019-03-31T12:00:00Z,0.0,48.125,40.125,NaN,NaN
2019-03-31T12:00:00Z,0.0,48.125,44.125,NaN,NaN
2019-03-31T12:00:00Z,0.0,48.125,48.125,NaN,NaN
2019-03-31T12:00:00Z,0.0,48.125,52.125,NaN,NaN
2019-03-31T12:00:00Z,0.0,48.125,56.125,NaN,NaN
2019-03-31T12:00:00Z,0.0,48.125,60.125,NaN,NaN
2019-03-31T12:00:00Z,0.0,48.125,64.125,NaN,NaN
2019-03-31T12:00:00Z,0.0,48.125,68.125,NaN,NaN
2019-03-31T12:00:00Z,0.0,48.125,72.125,NaN,NaN
2019-03-31T12:00:00Z,0.0,48.125,76.125,NaN,NaN
2019-03-31T12:00:00Z,0.0,48.125,80.125,NaN,NaN
2019-03-31T12:00:00Z,0.0,48.125,84.125,NaN,NaN
2019-03-31T12:00:00Z,0.0,48.125,88.125,NaN,NaN
2019-03-31T12:00:00Z,0.0,48.125,92.125,NaN,NaN
2019-03-31T12:00:00Z,0.0,48.125,96.125,NaN,NaN
2019-03-31T12:00:00Z,0.0,48.125,100.125,NaN,NaN
2019-03-31T12:00:00Z,0.0,48.125,104.125,NaN,NaN
2019-03-31T12:00:00Z,0.0,48.125,108.125,NaN,NaN
2019-03-31T12:00:00Z,0.0,48.125,112.125,NaN,NaN
2019-03-31T12:00:00Z,0.0,48.125,116.125,NaN,NaN
2019-03-31T12:00:00Z,0.0,48.125,120.125,NaN,NaN
2019-03-31T12:00:00Z,0.0,48.125,124.125,NaN,NaN
2019-03-31T12:00:00Z,0.0,48.125,128.125,NaN,NaN
2019-03-31T12:00:00Z,0.0,48.125,132.125,NaN,NaN
2019-03-31T12:00:00Z,0.0,48.125,136.125,NaN,NaN
2019-03-31T12:00:00Z,0.0,48.125,140.125,-1.19,-2.72
2019-03-31T12:00:00Z,0.0,48.125,144.125,-1.54,-1.35
2019-03-31T12:00:00Z,0.0,48.125,148.125,-1.13,-1.5
2019-03-31T12:00:00Z,0.0,48.125,152.125,0.79,-0.56
2019-03-31T12:00:00Z,0.0,48.125,156.125,1.04,-0.53
2019-03-31T12:00:00Z,0.0,48.125,160.125,1.59,-0.52
2019-03-31T12:00:00Z,0.0,48.125,164.125,2.0,-0.71
2019-03-31T12:00:00Z,0.0,48.125,168.125,2.88,-0.15
2019-03-31T12:00:00Z,0.0,48.125,172.125,3.12,-0.34
2019-03-31T12:00:00Z,0.0,48.125,176.125,3.38,-0.32
2019-03-31T12:00:00Z,0.0,48.125,180.125,3.73,-0.16
2019-03-31T12:00:00Z,0.0,48.125,184.125,4.41,0.25
2019-03-31T12:00:00Z,0.0,48.125,188.125,4.13,-0.32
2019-03-31T12:00:00Z,0.0,48.125,192.125,5.15,0.34
2019-03-31T12:00:00Z,0.0,48.125,196.125,5.14,0.02
2019-03-31T12:00:00Z,0.0,48.125,200.125,5.99,0.69
2019-03-31T12:00:00Z,0.0,48.125,204.125,6.92,1.34
2019-03-31T12:00:00Z,0.0,48.125,208.125,7.07,1.15
2019-03-31T12:00:00Z,0.0,48.125,212.125,7.13,0.83
2019-03-31T12:00:00Z,0.0,48.125,216.125,8.15,1.33
2019-03-31T12:00:00Z,0.0,48.125,220.125,7.51,0.17
2019-03-31T12:00:00Z,0.0,48.125,224.125,7.59,-0.22
2019-03-31T12:00:00Z,0.0,48.125,228.125,8.56,0.29
2019-03-31T12:00:00Z,0.0,48.125,232.125,9.46,0.61
2019-03-31T12:00:00Z,0.0,48.125,236.125,NaN,NaN
2019-03-31T12:00:00Z,0.0,48.125,240.125,NaN,NaN
2019-03-31T12:00:00Z,0.0,48.125,244.125,NaN,NaN
2019-03-31T12:00:00Z,0.0,48.125,248.125,NaN,NaN
2019-03-31T12:00:00Z,0.0,48.125,252.125,NaN,NaN
2019-03-31T12:00:00Z,0.0,48.125,256.125,NaN,NaN
2019-03-31T12:00:00Z,0.0,48.125,260.125,NaN,NaN
2019-03-31T12:00:00Z,0.0,48.125,264.125,NaN,NaN
2019-03-31T12:00:00Z,0.0,48.125,268.125,NaN,NaN
2019-03-31T12:00:00Z,0.0,48.125,272.125,0.89,-1.01
2019-03-31T12:00:00Z,0.0,48.125,276.125,NaN,NaN
2019-03-31T12:00:00Z,0.0,48.125,280.125,NaN,NaN
2019-03-31T12:00:00Z,0.0,48.125,284.125,NaN,NaN
2019-03-31T12:00:00Z,0.0,48.125,288.125,NaN,NaN
2019-03-31T12:00:00Z,0.0,48.125,292.125,NaN,NaN
2019-03-31T12:00:00Z,0.0,48.125,296.125,-0.86,-0.78
2019-03-31T12:00:00Z,0.0,48.125,300.125,-1.64,-1.54
2019-03-31T12:00:00Z,0.0,48.125,304.125,NaN,NaN
2019-03-31T12:00:00Z,0.0,48.125,308.125,0.68,0.64
2019-03-31T12:00:00Z,0.0,48.125,312.125,-0.76,-1.6
2019-03-31T12:00:00Z,0.0,48.125,316.125,4.15,-1.73
2019-03-31T12:00:00Z,0.0,48.125,320.125,10.84,-0.98
2019-03-31T12:00:00Z,0.0,48.125,324.125,10.57,-1.48
2019-03-31T12:00:00Z,0.0,48.125,328.125,12.09,0.06
2019-03-31T12:00:00Z,0.0,48.125,332.125,12.3,0.15
2019-03-31T12:00:00Z,0.0,48.125,336.125,11.61,-0.52
2019-03-31T12:00:00Z,0.0,48.125,340.125,11.81,-0.34
2019-03-31T12:00:00Z,0.0,48.125,344.125,11.63,-0.21
2019-03-31T12:00:00Z,0.0,48.125,348.125,11.68,0.11
2019-03-31T12:00:00Z,0.0,48.125,352.125,11.76,0.64
2019-03-31T12:00:00Z,0.0,48.125,356.125,NaN,NaN
2019-03-31T12:00:00Z,0.0,52.125,0.125,NaN,NaN
2019-03-31T12:00:00Z,0.0,52.125,4.125,8.74,1.92
2019-03-31T12:00:00Z,0.0,52.125,8.125,NaN,NaN
2019-03-31T12:00:00Z,0.0,52.125,12.125,NaN,NaN
2019-03-31T12:00:00Z,0.0,52.125,16.125,NaN,NaN
2019-03-31T12:00:00Z,0.0,52.125,20.125,NaN,NaN
2019-03-31T12:00:00Z,0.0,52.125,24.125,NaN,NaN
2019-03-31T12:00:00Z,0.0,52.125,28.125,NaN,NaN
2019-03-31T12:00:00Z,0.0,52.125,32.125,NaN,NaN
2019-03-31T12:00:00Z,0.0,52.125,36.125,NaN,NaN
2019-03-31T12:00:00Z,0.0,52.125,40.125,NaN,NaN
2019-03-31T12:00:00Z,0.0,52.125,44.125,NaN,NaN
2019-03-31T12:00:00Z,0.0,52.125,48.125,NaN,NaN
2019-03-31T12:00:00Z,0.0,52.125,52.125,NaN,NaN
2019-03-31T12:00:00Z,0.0,52.125,56.125,NaN,NaN
2019-03-31T12:00:00Z,0.0,52.125,60.125,NaN,NaN
2019-03-31T12:00:00Z,0.0,52.125,64.125,NaN,NaN
2019-03-31T12:00:00Z,0.0,52.125,68.125,NaN,NaN
2019-03-31T12:00:00Z,0.0,52.125,72.125,NaN,NaN
2019-03-31T12:00:00Z,0.0,52.125,76.125,NaN,NaN
2019-03-31T12:00:00Z,0.0,52.125,80.125,NaN,NaN
2019-03-31T12:00:00Z,0.0,52.125,84.125,NaN,NaN
2019-03-31T12:00:00Z,0.0,52.125,88.125,NaN,NaN
2019-03-31T12:00:00Z,0.0,52.125,92.125,NaN,NaN
2019-03-31T12:00:00Z,0.0,52.125,96.125,NaN,NaN
2019-03-31T12:00:00Z,0.0,52.125,100.125,NaN,NaN
2019-03-31T12:00:00Z,0.0,52.125,104.125,NaN,NaN
2019-03-31T12:00:00Z,0.0,52.125,108.125,NaN,NaN
2019-03-31T12:00:00Z,0.0,52.125,112.125,NaN,NaN
2019-03-31T12:00:00Z,0.0,52.125,116.125,NaN,NaN
2019-03-31T12:00:00Z,0.0,52.125,120.125,NaN,NaN
2019-03-31T12:00:00Z,0.0,52.125,124.125,NaN,NaN
2019-03-31T12:00:00Z,0.0,52.125,128.125,NaN,NaN
2019-03-31T12:00:00Z,0.0,52.125,132.125,NaN,NaN
2019-03-31T12:00:00Z,0.0,52.125,136.125,NaN,NaN
2019-03-31T12:00:00Z,0.0,52.125,140.125,NaN,NaN
2019-03-31T12:00:00Z,0.0,52.125,144.125,-1.67,-0.92
2019-03-31T12:00:00Z,0.0,52.125,148.125,-1.69,-1.71
2019-03-31T12:00:00Z,0.0,52.125,152.125,0.14,-0.43
2019-03-31T12:00:00Z,0.0,52.125,156.125,-1.18,-1.79
2019-03-31T12:00:00Z,0.0,52.125,160.125,1.61,0.36
2019-03-31T12:00:00Z,0.0,52.125,164.125,2.23,-0.06
2019-03-31T12:00:00Z,0.0,52.125,168.125,3.4,0.45
2019-03-31T12:00:00Z,0.0,52.125,172.125,3.9,0.47
2019-03-31T12:00:00Z,0.0,52.125,176.125,3.92,0.41
2019-03-31T12:00:00Z,0.0,52.125,180.125,3.98,0.43
2019-03-31T12:00:00Z,0.0,52.125,184.125,4.44,0.74
2019-03-31T12:00:00Z,0.0,52.125,188.125,4.71,0.87
2019-03-31T12:00:00Z,0.0,52.125,192.125,4.58,0.55
2019-03-31T12:00:00Z,0.0,52.125,196.125,4.89,0.9
2019-03-31T12:00:00Z,0.0,52.125,200.125,4.74,0.65
2019-03-31T12:00:00Z,0.0,52.125,204.125,5.26,1.11
2019-03-31T12:00:00Z,0.0,52.125,208.125,5.74,1.38
2019-03-31T12:00:00Z,0.0,52.125,212.125,6.5,1.66
2019-03-31T12:00:00Z,0.0,52.125,216.125,6.57,1.03
2019-03-31T12:00:00Z,0.0,52.125,220.125,7.04,0.85
2019-03-31T12:00:00Z,0.0,52.125,224.125,7.91,0.95
2019-03-31T12:00:00Z,0.0,52.125,228.125,8.53,0.85
2019-03-31T12:00:00Z,0.0,52.125,232.125,NaN,NaN
2019-03-31T12:00:00Z,0.0,52.125,236.125,NaN,NaN
2019-03-31T12:00:00Z,0.0,52.125,240.125,NaN,NaN
2019-03-31T12:00:00Z,0.0,52.125,244.125,NaN,NaN
2019-03-31T12:00:00Z,0.0,52.125,248.125,NaN,NaN
2019-03-31T12:00:00Z,0.0,52.125,252.125,NaN,NaN
2019-03-31T12:00:00Z,0.0,52.125,256.125,NaN,NaN
2019-03-31T12:00:00Z,0.0,52.125,260.125,NaN,NaN
2019-03-31T12:00:00Z,0.0,52.125,264.125,NaN,NaN
2019-03-31T12:00:00Z,0.0,52.125,268.125,NaN,NaN
2019-03-31T12:00:00Z,0.0,52.125,272.125,NaN,NaN
2019-03-31T12:00:00Z,0.0,52.125,276.125,NaN,NaN
2019-03-31T12:00:00Z,0.0,52.125,280.125,-1.33,0.4
2019-03-31T12:00:00Z,0.0,52.125,284.125,NaN,NaN
2019-03-31T12:00:00Z,0.0,52.125,288.125,NaN,NaN
2019-03-31T12:00:00Z,0.0,52.125,292.125,NaN,NaN
2019-03-31T12:00:00Z,0.0,52.125,296.125,NaN,NaN
2019-03-31T12:00:00Z,0.0,52.125,300.125,NaN,NaN
2019-03-31T12:00:00Z,0.0,52.125,304.125,NaN,NaN
2019-03-31T12:00:00Z,0.0,52.125,308.125,-1.41,-1.82
2019-03-31T12:00:00Z,0.0,52.125,312.125,4.21,0.32
2019-03-31T12:00:00Z,0.0,52.125,316.125,7.23,0.94
2019-03-31T12:00:00Z,0.0,52.125,320.125,5.45,-1.38
2019-03-31T12:00:00Z,0.0,52.125,324.125,7.12,0.0
2019-03-31T12:00:00Z,0.0,52.125,328.125,8.76,0.67
2019-03-31T12:00:00Z,0.0,52.125,332.125,9.23,-0.05
2019-03-31T12:00:00Z,0.0,52.125,336.125,9.35,-0.64
2019-03-31T12:00:00Z,0.0,52.125,340.125,10.01,-0.59
2019-03-31T12:00:00Z,0.0,52.125,344.125,10.42,-0.35
2019-03-31T12:00:00Z,0.0,52.125,348.125,11.34,0.97
2019-03-31T12:00:00Z,0.0,52.125,352.125,NaN,NaN
2019-03-31T12:00:00Z,0.0,52.125,356.125,NaN,NaN
2019-03-31T12:00:00Z,0.0,56.125,0.125,7.57,1.21
2019-03-31T12:00:00Z,0.0,56.125,4.125,6.78,0.95
2019-03-31T12:00:00Z,0.0,56.125,8.125,6.63,1.28
2019-03-31T12:00:00Z,0.0,56.125,12.125,6.22,2.46
2019-03-31T12:00:00Z,0.0,56.125,16.125,4.72,1.34
2019-03-31T12:00:00Z,0.0,56.125,20.125,4.42,1.19
2019-03-31T12:00:00Z,0.0,56.125,24.125,NaN,NaN
2019-03-31T12:00:00Z,0.0,56.125,28.125,NaN,NaN
2019-03-31T12:00:00Z,0.0,56.125,32.125,NaN,NaN
2019-03-31T12:00:00Z,0.0,56.125,36.125,NaN,NaN
2019-03-31T12:00:00Z,0.0,56.125,40.125,NaN,NaN
2019-03-31T12:00:00Z,0.0,56.125,44.125,NaN,NaN
2019-03-31T12:00:00Z,0.0,56.125,48.125,NaN,NaN
2019-03-31T12:00:00Z,0.0,56.125,52.125,NaN,NaN
2019-03-31T12:00:00Z,0.0,56.125,56.125,NaN,NaN
2019-03-31T12:00:00Z,0.0,56.125,60.125,NaN,NaN
2019-03-31T12:00:00Z,0.0,56.125,64.125,NaN,NaN
2019-03-31T12:00:00Z,0.0,56.125,68.125,NaN,NaN
2019-03-31T12:00:00Z,0.0,56.125,72.125,NaN,NaN
2019-03-31T12:00:00Z,0.0,56.125,76.125,NaN,NaN
2019-03-31T12:00:00Z,0.0,56.125,80.125,NaN,NaN
2019-03-31T12:00:00Z,0.0,56.125,84.125,NaN,NaN
2019-03-31T12:00:00Z,0.0,56.125,88.125,NaN,NaN
2019-03-31T12:00:00Z,0.0,56.125,92.125,NaN,NaN
2019-03-31T12:00:00Z,0.0,56.125,96.125,NaN,NaN
2019-03-31T12:00:00Z,0.0,56.125,100.125,NaN,NaN
2019-03-31T12:00:00Z,0.0,56.125,104.125,NaN,NaN
2019-03-31T12:00:00Z,0.0,56.125,108.125,NaN,NaN
2019-03-31T12:00:00Z,0.0,56.125,112.125,NaN,NaN
2019-03-31T12:00:00Z,0.0,56.125,116.125,NaN,NaN
2019-03-31T12:00:00Z,0.0,56.125,120.125,NaN,NaN
2019-03-31T12:00:00Z,0.0,56.125,124.125,NaN,NaN
2019-03-31T12:00:00Z,0.0,56.125,128.125,NaN,NaN
2019-03-31T12:00:00Z,0.0,56.125,132.125,NaN,NaN
2019-03-31T12:00:00Z,0.0,56.125,136.125,NaN,NaN
2019-03-31T12:00:00Z,0.0,56.125,140.125,-1.7,-0.62
2019-03-31T12:00:00Z,0.0,56.125,144.125,-1.73,-0.65
2019-03-31T12:00:00Z,0.0,56.125,148.125,-1.77,-1.21
2019-03-31T12:00:00Z,0.0,56.125,152.125,-1.35,-1.39
2019-03-31T12:00:00Z,0.0,56.125,156.125,NaN,NaN
2019-03-31T12:00:00Z,0.0,56.125,160.125,NaN,NaN
2019-03-31T12:00:00Z,0.0,56.125,164.125,-0.92,-1.68
2019-03-31T12:00:00Z,0.0,56.125,168.125,2.27,0.99
2019-03-31T12:00:00Z,0.0,56.125,172.125,2.8,0.98
2019-03-31T12:00:00Z,0.0,56.125,176.125,2.78,0.82
2019-03-31T12:00:00Z,0.0,56.125,180.125,2.45,0.37
2019-03-31T12:00:00Z,0.0,56.125,184.125,3.18,0.54
2019-03-31T12:00:00Z,0.0,56.125,188.125,4.02,1.37
2019-03-31T12:00:00Z,0.0,56.125,192.125,3.94,1.62
2019-03-31T12:00:00Z,0.0,56.125,196.125,3.94,2.04
2019-03-31T12:00:00Z,0.0,56.125,200.125,NaN,NaN
2019-03-31T12:00:00Z,0.0,56.125,204.125,5.19,0.98
2019-03-31T12:00:00Z,0.0,56.125,208.125,5.59,1.03
2019-03-31T12:00:00Z,0.0,56.125,212.125,6.01,1.57
2019-03-31T12:00:00Z,0.0,56.125,216.125,6.41,1.57
2019-03-31T12:00:00Z,0.0,56.125,220.125,6.87,1.3
2019-03-31T12:00:00Z,0.0,56.125,224.125,7.09,0.64
2019-03-31T12:00:00Z,0.0,56.125,228.125,NaN,NaN
2019-03-31T12:00:00Z,0.0,56.125,232.125,NaN,NaN
2019-03-31T12:00:00Z,0.0,56.125,236.125,NaN,NaN
2019-03-31T12:00:00Z,0.0,56.125,240.125,NaN,NaN
2019-03-31T12:00:00Z,0.0,56.125,244.125,NaN,NaN
2019-03-31T12:00:00Z,0.0,56.125,248.125,NaN,NaN
2019-03-31T12:00:00Z,0.0,56.125,252.125,NaN,NaN
2019-03-31T12:00:00Z,0.0,56.125,256.125,NaN,NaN
2019-03-31T12:00:00Z,0.0,56.125,260.125,NaN,NaN
2019-03-31T12:00:00Z,0.0,56.125,264.125,NaN,NaN
2019-03-31T12:00:00Z,0.0,56.125,268.125,NaN,NaN
2019-03-31T12:00:00Z,0.0,56.125,272.125,NaN,NaN
2019-03-31T12:00:00Z,0.0,56.125,276.125,-1.48,0.25
2019-03-31T12:00:00Z,0.0,56.125,280.125,-1.14,0.56
2019-03-31T12:00:00Z,0.0,56.125,284.125,NaN,NaN
2019-03-31T12:00:00Z,0.0,56.125,288.125,NaN,NaN
2019-03-31T12:00:00Z,0.0,56.125,292.125,NaN,NaN
2019-03-31T12:00:00Z,0.0,56.125,296.125,NaN,NaN
2019-03-31T12:00:00Z,0.0,56.125,300.125,-1.66,-0.43
2019-03-31T12:00:00Z,0.0,56.125,304.125,3.09,2.41
2019-03-31T12:00:00Z,0.0,56.125,308.125,2.73,0.48
2019-03-31T12:00:00Z,0.0,56.125,312.125,2.89,-0.03
2019-03-31T12:00:00Z,0.0,56.125,316.125,2.87,-0.09
2019-03-31T12:00:00Z,0.0,56.125,320.125,2.73,-1.13
2019-03-31T12:00:00Z,0.0,56.125,324.125,4.13,-1.34
2019-03-31T12:00:00Z,0.0,56.125,328.125,6.08,-0.45
2019-03-31T12:00:00Z,0.0,56.125,332.125,7.32,-0.15
2019-03-31T12:00:00Z,0.0,56.125,336.125,8.43,-0.2
2019-03-31T12:00:00Z,0.0,56.125,340.125,8.93,-0.51
2019-03-31T12:00:00Z,0.0,56.125,344.125,9.47,-0.06
2019-03-31T12:00:00Z,0.0,56.125,348.125,10.14,0.47
2019-03-31T12:00:00Z,0.0,56.125,352.125,9.66,0.91
2019-03-31T12:00:00Z,0.0,56.125,356.125,NaN,NaN
2019-03-31T12:00:00Z,0.0,60.125,0.125,8.07,0.66
2019-03-31T12:00:00Z,0.0,60.125,4.125,6.79,0.63
2019-03-31T12:00:00Z,0.0,60.125,8.125,NaN,NaN
2019-03-31T12:00:00Z,0.0,60.125,12.125,NaN,NaN
2019-03-31T12:00:00Z,0.0,60.125,16.125,NaN,NaN
2019-03-31T12:00:00Z,0.0,60.125,20.125,NaN,NaN
2019-03-31T12:00:00Z,0.0,60.125,24.125,NaN,NaN
2019-03-31T12:00:00Z,0.0,60.125,28.125,0.84,0.34
2019-03-31T12:00:00Z,0.0,60.125,32.125,NaN,NaN
2019-03-31T12:00:00Z,0.0,60.125,36.125,NaN,NaN
2019-03-31T12:00:00Z,0.0,60.125,40.125,NaN,NaN
2019-03-31T12:00:00Z,0.0,60.125,44.125,NaN,NaN
2019-03-31T12:00:00Z,0.0,60.125,48.125,NaN,NaN
2019-03-31T12:00:00Z,0.0,60.125,52.125,NaN,NaN
2019-03-31T12:00:00Z,0.0,60.125,56.125,NaN,NaN
2019-03-31T12:00:00Z,0.0,60.125,60.125,NaN,NaN
2019-03-31T12:00:00Z,0.0,60.125,64.125,NaN,NaN
2019-03-31T12:00:00Z,0.0,60.125,68.125,NaN,NaN
2019-03-31T12:00:00Z,0.0,60.125,72.125,NaN,NaN
2019-03-31T12:00:00Z,0.0,60.125,76.125,NaN,NaN
2019-03-31T12:00:00Z,0.0,60.125,80.125,NaN,NaN
2019-03-31T12:00:00Z,0.0,60.125,84.125,NaN,NaN
2019-03-31T12:00:00Z,0.0,60.125,88.125,NaN,NaN
2019-03-31T12:00:00Z,0.0,60.125,92.125,NaN,NaN
2019-03-31T12:00:00Z,0.0,60.125,96.125,NaN,NaN
2019-03-31T12:00:00Z,0.0,60.125,100.125,NaN,NaN
2019-03-31T12:00:00Z,0.0,60.125,104.125,NaN,NaN
2019-03-31T12:00:00Z,0.0,60.125,108.125,NaN,NaN
2019-03-31T12:00:00Z,0.0,60.125,112.125,NaN,NaN
2019-03-31T12:00:00Z,0.0,60.125,116.125,NaN,NaN
2019-03-31T12:00:00Z,0.0,60.125,120.125,NaN,NaN
2019-03-31T12:00:00Z,0.0,60.125,124.125,NaN,NaN
2019-03-31T12:00:00Z,0.0,60.125,128.125,NaN,NaN
2019-03-31T12:00:00Z,0.0,60.125,132.125,NaN,NaN
2019-03-31T12:00:00Z,0.0,60.125,136.125,NaN,NaN
2019-03-31T12:00:00Z,0.0,60.125,140.125,NaN,NaN
2019-03-31T12:00:00Z,0.0,60.125,144.125,NaN,NaN
2019-03-31T12:00:00Z,0.0,60.125,148.125,NaN,NaN
2019-03-31T12:00:00Z,0.0,60.125,152.125,NaN,NaN
2019-03-31T12:00:00Z,0.0,60.125,156.125,-1.74,-1.0
2019-03-31T12:00:00Z,0.0,60.125,160.125,-1.66,-1.47
2019-03-31T12:00:00Z,0.0,60.125,164.125,NaN,NaN
2019-03-31T12:00:00Z,0.0,60.125,168.125,-1.41,-1.88
2019-03-31T12:00:00Z,0.0,60.125,172.125,0.69,-0.01
2019-03-31T12:00:00Z,0.0,60.125,176.125,2.14,1.19
2019-03-31T12:00:00Z,0.0,60.125,180.125,1.75,0.91
2019-03-31T12:00:00Z,0.0,60.125,184.125,1.13,1.28
2019-03-31T12:00:00Z,0.0,60.125,188.125,0.98,1.95
2019-03-31T12:00:00Z,0.0,60.125,192.125,0.64,1.36
2019-03-31T12:00:00Z,0.0,60.125,196.125,NaN,NaN
2019-03-31T12:00:00Z,0.0,60.125,200.125,NaN,NaN
2019-03-31T12:00:00Z,0.0,60.125,204.125,NaN,NaN
2019-03-31T12:00:00Z,0.0,60.125,208.125,4.01,-0.14
2019-03-31T12:00:00Z,0.0,60.125,212.125,NaN,NaN
2019-03-31T12:00:00Z,0.0,60.125,216.125,NaN,NaN
2019-03-31T12:00:00Z,0.0,60.125,220.125,NaN,NaN
2019-03-31T12:00:00Z,0.0,60.125,224.125,NaN,NaN
2019-03-31T12:00:00Z,0.0,60.125,228.125,NaN,NaN
2019-03-31T12:00:00Z,0.0,60.125,232.125,NaN,NaN
2019-03-31T12:00:00Z,0.0,60.125,236.125,NaN,NaN
2019-03-31T12:00:00Z,0.0,60.125,240.125,NaN,NaN
2019-03-31T12:00:00Z,0.0,60.125,244.125,NaN,NaN
2019-03-31T12:00:00Z,0.0,60.125,248.125,NaN,NaN
2019-03-31T12:00:00Z,0.0,60.125,252.125,NaN,NaN
2019-03-31T12:00:00Z,0.0,60.125,256.125,NaN,NaN
2019-03-31T12:00:00Z,0.0,60.125,260.125,NaN,NaN
2019-03-31T12:00:00Z,0.0,60.125,264.125,NaN,NaN
2019-03-31T12:00:00Z,0.0,60.125,268.125,-1.58,0.1
2019-03-31T12:00:00Z,0.0,60.125,272.125,-1.53,0.23
2019-03-31T12:00:00Z,0.0,60.125,276.125,-1.59,0.16
2019-03-31T12:00:00Z,0.0,60.125,280.125,-1.47,0.23
2019-03-31T12:00:00Z,0.0,60.125,284.125,NaN,NaN
2019-03-31T12:00:00Z,0.0,60.125,288.125,NaN,NaN
2019-03-31T12:00:00Z,0.0,60.125,292.125,-1.69,0.02
2019-03-31T12:00:00Z,0.0,60.125,296.125,-1.58,0.0
2019-03-31T12:00:00Z,0.0,60.125,300.125,0.64,0.85
2019-03-31T12:00:00Z,0.0,60.125,304.125,3.7,2.27
2019-03-31T12:00:00Z,0.0,60.125,308.125,3.59,1.99
2019-03-31T12:00:00Z,0.0,60.125,312.125,2.06,1.03
2019-03-31T12:00:00Z,0.0,60.125,316.125,NaN,NaN
2019-03-31T12:00:00Z,0.0,60.125,320.125,3.92,0.19
2019-03-31T12:00:00Z,0.0,60.125,324.125,3.56,-0.84
2019-03-31T12:00:00Z,0.0,60.125,328.125,5.71,-0.11
2019-03-31T12:00:00Z,0.0,60.125,332.125,6.83,-0.14
2019-03-31T12:00:00Z,0.0,60.125,336.125,7.55,-0.12
2019-03-31T12:00:00Z,0.0,60.125,340.125,8.08,-0.05
2019-03-31T12:00:00Z,0.0,60.125,344.125,8.63,0.38
2019-03-31T12:00:00Z,0.0,60.125,348.125,9.0,0.39
2019-03-31T12:00:00Z,0.0,60.125,352.125,9.1,0.58
2019-03-31T12:00:00Z,0.0,60.125,356.125,9.47,1.6
2019-03-31T12:00:00Z,0.0,64.125,0.125,5.52,-0.5
2019-03-31T12:00:00Z,0.0,64.125,4.125,7.1,0.23
2019-03-31T12:00:00Z,0.0,64.125,8.125,6.49,0.1
2019-03-31T12:00:00Z,0.0,64.125,12.125,NaN,NaN
2019-03-31T12:00:00Z,0.0,64.125,16.125,NaN,NaN
2019-03-31T12:00:00Z,0.0,64.125,20.125,NaN,NaN
2019-03-31T12:00:00Z,0.0,64.125,24.125,NaN,NaN
2019-03-31T12:00:00Z,0.0,64.125,28.125,NaN,NaN
2019-03-31T12:00:00Z,0.0,64.125,32.125,NaN,NaN
2019-03-31T12:00:00Z,0.0,64.125,36.125,NaN,NaN
2019-03-31T12:00:00Z,0.0,64.125,40.125,NaN,NaN
2019-03-31T12:00:00Z,0.0,64.125,44.125,NaN,NaN
2019-03-31T12:00:00Z,0.0,64.125,48.125,NaN,NaN
2019-03-31T12:00:00Z,0.0,64.125,52.125,NaN,NaN
2019-03-31T12:00:00Z,0.0,64.125,56.125,NaN,NaN
2019-03-31T12:00:00Z,0.0,64.125,60.125,NaN,NaN
2019-03-31T12:00:00Z,0.0,64.125,64.125,NaN,NaN
2019-03-31T12:00:00Z,0.0,64.125,68.125,NaN,NaN
2019-03-31T12:00:00Z,0.0,64.125,72.125,NaN,NaN
2019-03-31T12:00:00Z,0.0,64.125,76.125,NaN,NaN
2019-03-31T12:00:00Z,0.0,64.125,80.125,NaN,NaN
2019-03-31T12:00:00Z,0.0,64.125,84.125,NaN,NaN
2019-03-31T12:00:00Z,0.0,64.125,88.125,NaN,NaN
2019-03-31T12:00:00Z,0.0,64.125,92.125,NaN,NaN
2019-03-31T12:00:00Z,0.0,64.125,96.125,NaN,NaN
2019-03-31T12:00:00Z,0.0,64.125,100.125,NaN,NaN
2019-03-31T12:00:00Z,0.0,64.125,104.125,NaN,NaN
2019-03-31T12:00:00Z,0.0,64.125,108.125,NaN,NaN
2019-03-31T12:00:00Z,0.0,64.125,112.125,NaN,NaN
2019-03-31T12:00:00Z,0.0,64.125,116.125,NaN,NaN
2019-03-31T12:00:00Z,0.0,64.125,120.125,NaN,NaN
2019-03-31T12:00:00Z,0.0,64.125,124.125,NaN,NaN
2019-03-31T12:00:00Z,0.0,64.125,128.125,NaN,NaN
2019-03-31T12:00:00Z,0.0,64.125,132.125,NaN,NaN
2019-03-31T12:00:00Z,0.0,64.125,136.125,NaN,NaN
2019-03-31T12:00:00Z,0.0,64.125,140.125,NaN,NaN
2019-03-31T12:00:00Z,0.0,64.125,144.125,NaN,NaN
2019-03-31T12:00:00Z,0.0,64.125,148.125,NaN,NaN
2019-03-31T12:00:00Z,0.0,64.125,152.125,NaN,NaN
2019-03-31T12:00:00Z,0.0,64.125,156.125,NaN,NaN
2019-03-31T12:00:00Z,0.0,64.125,160.125,NaN,NaN
2019-03-31T12:00:00Z,0.0,64.125,164.125,NaN,NaN
2019-03-31T12:00:00Z,0.0,64.125,168.125,NaN,NaN
2019-03-31T12:00:00Z,0.0,64.125,172.125,NaN,NaN
2019-03-31T12:00:00Z,0.0,64.125,176.125,NaN,NaN
2019-03-31T12:00:00Z,0.0,64.125,180.125,-1.68,-0.3
2019-03-31T12:00:00Z,0.0,64.125,184.125,-1.49,-0.74
2019-03-31T12:00:00Z,0.0,64.125,188.125,-1.65,-0.79
2019-03-31T12:00:00Z,0.0,64.125,192.125,-1.36,-0.04
2019-03-31T12:00:00Z,0.0,64.125,196.125,-1.14,-0.33
2019-03-31T12:00:00Z,0.0,64.125,200.125,NaN,NaN
2019-03-31T12:00:00Z,0.0,64.125,204.125,NaN,NaN
2019-03-31T12:00:00Z,0.0,64.125,208.125,NaN,NaN
2019-03-31T12:00:00Z,0.0,64.125,212.125,NaN,NaN
2019-03-31T12:00:00Z,0.0,64.125,216.125,NaN,NaN
2019-03-31T12:00:00Z,0.0,64.125,220.125,NaN,NaN
2019-03-31T12:00:00Z,0.0,64.125,224.125,NaN,NaN
2019-03-31T12:00:00Z,0.0,64.125,228.125,NaN,NaN
2019-03-31T12:00:00Z,0.0,64.125,232.125,NaN,NaN
2019-03-31T12:00:00Z,0.0,64.125,236.125,NaN,NaN
2019-03-31T12:00:00Z,0.0,64.125,240.125,NaN,NaN
2019-03-31T12:00:00Z,0.0,64.125,244.125,NaN,NaN
2019-03-31T12:00:00Z,0.0,64.125,248.125,NaN,NaN
2019-03-31T12:00:00Z,0.0,64.125,252.125,NaN,NaN
2019-03-31T12:00:00Z,0.0,64.125,256.125,NaN,NaN
2019-03-31T12:00:00Z,0.0,64.125,260.125,NaN,NaN
2019-03-31T12:00:00Z,0.0,64.125,264.125,NaN,NaN
2019-03-31T12:00:00Z,0.0,64.125,268.125,NaN,NaN
2019-03-31T12:00:00Z,0.0,64.125,272.125,-1.63,0.04
2019-03-31T12:00:00Z,0.0,64.125,276.125,NaN,NaN
2019-03-31T12:00:00Z,0.0,64.125,280.125,-1.64,0.14
2019-03-31T12:00:00Z,0.0,64.125,284.125,-1.56,0.19
2019-03-31T12:00:00Z,0.0,64.125,288.125,NaN,NaN
2019-03-31T12:00:00Z,0.0,64.125,292.125,NaN,NaN
2019-03-31T12:00:00Z,0.0,64.125,296.125,-1.63,0.07
2019-03-31T12:00:00Z,0.0,64.125,300.125,-1.76,-0.43
2019-03-31T12:00:00Z,0.0,64.125,304.125,0.02,0.05
2019-03-31T12:00:00Z,0.0,64.125,308.125,-0.31,-0.68
2019-03-31T12:00:00Z,0.0,64.125,312.125,NaN,NaN
2019-03-31T12:00:00Z,0.0,64.125,316.125,NaN,NaN
2019-03-31T12:00:00Z,0.0,64.125,320.125,-1.57,-2.5
2019-03-31T12:00:00Z,0.0,64.125,324.125,4.99,1.42
2019-03-31T12:00:00Z,0.0,64.125,328.125,5.66,0.28
2019-03-31T12:00:00Z,0.0,64.125,332.125,6.11,-0.09
2019-03-31T12:00:00Z,0.0,64.125,336.125,6.26,0.42
2019-03-31T12:00:00Z,0.0,64.125,340.125,NaN,NaN
2019-03-31T12:00:00Z,0.0,64.125,344.125,6.95,0.14
2019-03-31T12:00:00Z,0.0,64.125,348.125,7.06,1.48
2019-03-31T12:00:00Z,0.0,64.125,352.125,3.68,-0.65
2019-03-31T12:00:00Z,0.0,64.125,356.125,4.62,0.16
2019-03-31T12:00:00Z,0.0,68.125,0.125,5.33,0.4
2019-03-31T12:00:00Z,0.0,68.125,4.125,5.35,-0.38
2019-03-31T12:00:00Z,0.0,68.125,8.125,5.17,-0.87
2019-03-31T12:00:00Z,0.0,68.125,12.125,5.26,-0.1
2019-03-31T12:00:00Z,0.0,68.125,16.125,2.62,-1.73
2019-03-31T12:00:00Z,0.0,68.125,20.125,NaN,NaN
2019-03-31T12:00:00Z,0.0,68.125,24.125,NaN,NaN
2019-03-31T12:00:00Z,0.0,68.125,28.125,NaN,NaN
2019-03-31T12:00:00Z,0.0,68.125,32.125,NaN,NaN
2019-03-31T12:00:00Z,0.0,68.125,36.125,NaN,NaN
2019-03-31T12:00:00Z,0.0,68.125,40.125,1.13,0.61
2019-03-31T12:00:00Z,0.0,68.125,44.125,-1.66,-1.33
2019-03-31T12:00:00Z,0.0,68.125,48.125,-1.5,-1.08
2019-03-31T12:00:00Z,0.0,68.125,52.125,NaN,NaN
2019-03-31T12:00:00Z,0.0,68.125,56.125,NaN,NaN
2019-03-31T12:00:00Z,0.0,68.125,60.125,NaN,NaN
2019-03-31T12:00:00Z,0.0,68.125,64.125,NaN,NaN
2019-03-31T12:00:00Z,0.0,68.125,68.125,NaN,NaN
2019-03-31T12:00:00Z,0.0,68.125,72.125,NaN,NaN
2019-03-31T12:00:00Z,0.0,68.125,76.125,NaN,NaN
2019-03-31T12:00:00Z,0.0,68.125,80.125,NaN,NaN
2019-03-31T12:00:00Z,0.0,68.125,84.125,NaN,NaN
2019-03-31T12:00:00Z,0.0,68.125,88.125,NaN,NaN
2019-03-31T12:00:00Z,0.0,68.125,92.125,NaN,NaN
2019-03-31T12:00:00Z,0.0,68.125,96.125,NaN,NaN
2019-03-31T12:00:00Z,0.0,68.125,100.125,NaN,NaN
2019-03-31T12:00:00Z,0.0,68.125,104.125,NaN,NaN
2019-03-31T12:00:00Z,0.0,68.125,108.125,NaN,NaN
2019-03-31T12:00:00Z,0.0,68.125,112.125,NaN,NaN
2019-03-31T12:00:00Z,0.0,68.125,116.125,NaN,NaN
2019-03-31T12:00:00Z,0.0,68.125,120.125,NaN,NaN
2019-03-31T12:00:00Z,0.0,68.125,124.125,NaN,NaN
2019-03-31T12:00:00Z,0.0,68.125,128.125,NaN,NaN
2019-03-31T12:00:00Z,0.0,68.125,132.125,NaN,NaN
2019-03-31T12:00:00Z,0.0,68.125,136.125,NaN,NaN
2019-03-31T12:00:00Z,0.0,68.125,140.125,NaN,NaN
2019-03-31T12:00:00Z,0.0,68.125,144.125,NaN,NaN
2019-03-31T12:00:00Z,0.0,68.125,148.125,NaN,NaN
2019-03-31T12:00:00Z,0.0,68.125,152.125,NaN,NaN
2019-03-31T12:00:00Z,0.0,68.125,156.125,NaN,NaN
2019-03-31T12:00:00Z,0.0,68.125,160.125,NaN,NaN
2019-03-31T12:00:00Z,0.0,68.125,164.125,NaN,NaN
2019-03-31T12:00:00Z,0.0,68.125,168.125,NaN,NaN
2019-03-31T12:00:00Z,0.0,68.125,172.125,NaN,NaN
2019-03-31T12:00:00Z,0.0,68.125,176.125,NaN,NaN
2019-03-31T12:00:00Z,0.0,68.125,180.125,NaN,NaN
2019-03-31T12:00:00Z,0.0,68.125,184.125,-1.62,0.09
2019-03-31T12:00:00Z,0.0,68.125,188.125,-1.75,0.01
2019-03-31T12:00:00Z,0.0,68.125,192.125,-1.74,0.03
2019-03-31T12:00:00Z,0.0,68.125,196.125,NaN,NaN
2019-03-31T12:00:00Z,0.0,68.125,200.125,NaN,NaN
2019-03-31T12:00:00Z,0.0,68.125,204.125,NaN,NaN
2019-03-31T12:00:00Z,0.0,68.125,208.125,NaN,NaN
2019-03-31T12:00:00Z,0.0,68.125,212.125,NaN,NaN
2019-03-31T12:00:00Z,0.0,68.125,216.125,NaN,NaN
2019-03-31T12:00:00Z,0.0,68.125,220.125,NaN,NaN
2019-03-31T12:00:00Z,0.0,68.125,224.125,NaN,NaN
2019-03-31T12:00:00Z,0.0,68.125,228.125,NaN,NaN
2019-03-31T12:00:00Z,0.0,68.125,232.125,NaN,NaN
2019-03-31T12:00:00Z,0.0,68.125,236.125,NaN,NaN
2019-03-31T12:00:00Z,0.0,68.125,240.125,NaN,NaN
2019-03-31T12:00:00Z,0.0,68.125,244.125,NaN,NaN
2019-03-31T12:00:00Z,0.0,68.125,248.125,-1.01,0.79
2019-03-31T12:00:00Z,0.0,68.125,252.125,-1.19,0.61
2019-03-31T12:00:00Z,0.0,68.125,256.125,-1.46,0.31
2019-03-31T12:00:00Z,0.0,68.125,260.125,-1.29,0.49
2019-03-31T12:00:00Z,0.0,68.125,264.125,-1.06,0.71
2019-03-31T12:00:00Z,0.0,68.125,268.125,NaN,NaN
2019-03-31T12:00:00Z,0.0,68.125,272.125,-1.55,0.23
2019-03-31T12:00:00Z,0.0,68.125,276.125,NaN,NaN
2019-03-31T12:00:00Z,0.0,68.125,280.125,-1.63,0.15
2019-03-31T12:00:00Z,0.0,68.125,284.125,NaN,NaN
2019-03-31T12:00:00Z,0.0,68.125,288.125,NaN,NaN
2019-03-31T12:00:00Z,0.0,68.125,292.125,NaN,NaN
2019-03-31T12:00:00Z,0.0,68.125,296.125,-1.67,0.11
2019-03-31T12:00:00Z,0.0,68.125,300.125,-1.71,0.0
2019-03-31T12:00:00Z,0.0,68.125,304.125,-1.8,-0.88
2019-03-31T12:00:00Z,0.0,68.125,308.125,NaN,NaN
2019-03-31T12:00:00Z,0.0,68.125,312.125,NaN,NaN
2019-03-31T12:00:00Z,0.0,68.125,316.125,NaN,NaN
2019-03-31T12:00:00Z,0.0,68.125,320.125,NaN,NaN
2019-03-31T12:00:00Z,0.0,68.125,324.125,NaN,NaN
2019-03-31T12:00:00Z,0.0,68.125,328.125,-1.64,-0.4
2019-03-31T12:00:00Z,0.0,68.125,332.125,-1.74,-1.18
2019-03-31T12:00:00Z,0.0,68.125,336.125,-0.88,-1.48
2019-03-31T12:00:00Z,0.0,68.125,340.125,1.89,0.67
2019-03-31T12:00:00Z,0.0,68.125,344.125,1.06,0.4
2019-03-31T12:00:00Z,0.0,68.125,348.125,0.69,0.6
2019-03-31T12:00:00Z,0.0,68.125,352.125,1.39,-0.05
2019-03-31T12:00:00Z,0.0,68.125,356.125,3.39,-0.14
2019-03-31T12:00:00Z,0.0,72.125,0.125,1.53,-0.46
2019-03-31T12:00:00Z,0.0,72.125,4.125,3.46,0.26
2019-03-31T12:00:00Z,0.0,72.125,8.125,4.31,0.22
2019-03-31T12:00:00Z,0.0,72.125,12.125,5.12,0.12
2019-03-31T12:00:00Z,0.0,72.125,16.125,5.71,0.27
2019-03-31T12:00:00Z,0.0,72.125,20.125,5.07,0.61
2019-03-31T12:00:00Z,0.0,72.125,24.125,4.41,0.3
2019-03-31T12:00:00Z,0.0,72.125,28.125,4.36,0.33
2019-03-31T12:00:00Z,0.0,72.125,32.125,4.26,0.96
2019-03-31T12:00:00Z,0.0,72.125,36.125,2.2,-0.14
2019-03-31T12:00:00Z,0.0,72.125,40.125,2.06,0.62
2019-03-31T12:00:00Z,0.0,72.125,44.125,2.72,1.81
2019-03-31T12:00:00Z,0.0,72.125,48.125,2.01,1.69
2019-03-31T12:00:00Z,0.0,72.125,52.125,-1.39,-1.22
2019-03-31T12:00:00Z,0.0,72.125,56.125,-1.43,-0.31
2019-03-31T12:00:00Z,0.0,72.125,60.125,-1.74,-0.18
2019-03-31T12:00:00Z,0.0,72.125,64.125,-1.66,0.06
2019-03-31T12:00:00Z,0.0,72.125,68.125,-1.61,0.12
2019-03-31T12:00:00Z,0.0,72.125,72.125,NaN,NaN
2019-03-31T12:00:00Z,0.0,72.125,76.125,-0.66,1.05
2019-03-31T12:00:00Z,0.0,72.125,80.125,NaN,NaN
2019-03-31T12:00:00Z,0.0,72.125,84.125,NaN,NaN
2019-03-31T12:00:00Z,0.0,72.125,88.125,NaN,NaN
2019-03-31T12:00:00Z,0.0,72.125,92.125,NaN,NaN
2019-03-31T12:00:00Z,0.0,72.125,96.125,NaN,NaN
2019-03-31T12:00:00Z,0.0,72.125,100.125,NaN,NaN
2019-03-31T12:00:00Z,0.0,72.125,104.125,NaN,NaN
2019-03-31T12:00:00Z,0.0,72.125,108.125,NaN,NaN
2019-03-31T12:00:00Z,0.0,72.125,112.125,NaN,NaN
2019-03-31T12:00:00Z,0.0,72.125,116.125,NaN,NaN
2019-03-31T12:00:00Z,0.0,72.125,120.125,NaN,NaN
2019-03-31T12:00:00Z,0.0,72.125,124.125,NaN,NaN
2019-03-31T12:00:00Z,0.0,72.125,128.125,NaN,NaN
2019-03-31T12:00:00Z,0.0,72.125,132.125,-0.71,1.09
2019-03-31T12:00:00Z,0.0,72.125,136.125,-0.9,0.9
2019-03-31T12:00:00Z,0.0,72.125,140.125,NaN,NaN
2019-03-31T12:00:00Z,0.0,72.125,144.125,NaN,NaN
2019-03-31T12:00:00Z,0.0,72.125,148.125,NaN,NaN
2019-03-31T12:00:00Z,0.0,72.125,152.125,-0.87,0.92
2019-03-31T12:00:00Z,0.0,72.125,156.125,-1.0,0.8
2019-03-31T12:00:00Z,0.0,72.125,160.125,-1.16,0.64
2019-03-31T12:00:00Z,0.0,72.125,164.125,-1.37,0.42
2019-03-31T12:00:00Z,0.0,72.125,168.125,-1.5,0.3
2019-03-31T12:00:00Z,0.0,72.125,172.125,-1.53,0.26
2019-03-31T12:00:00Z,0.0,72.125,176.125,-1.59,0.21
2019-03-31T12:00:00Z,0.0,72.125,180.125,-1.63,0.17
2019-03-31T12:00:00Z,0.0,72.125,184.125,-1.65,0.15
2019-03-31T12:00:00Z,0.0,72.125,188.125,-1.68,0.11
2019-03-31T12:00:00Z,0.0,72.125,192.125,-1.68,0.1
2019-03-31T12:00:00Z,0.0,72.125,196.125,-1.22,0.55
2019-03-31T12:00:00Z,0.0,72.125,200.125,-1.53,0.22
2019-03-31T12:00:00Z,0.0,72.125,204.125,-1.43,0.33
2019-03-31T12:00:00Z,0.0,72.125,208.125,-1.62,0.15
2019-03-31T12:00:00Z,0.0,72.125,212.125,-1.62,0.16
2019-03-31T12:00:00Z,0.0,72.125,216.125,-1.54,0.24
2019-03-31T12:00:00Z,0.0,72.125,220.125,-1.58,0.22
2019-03-31T12:00:00Z,0.0,72.125,224.125,-1.59,0.19
2019-03-31T12:00:00Z,0.0,72.125,228.125,-1.64,0.12
2019-03-31T12:00:00Z,0.0,72.125,232.125,-1.74,0.0
2019-03-31T12:00:00Z,0.0,72.125,236.125,NaN,NaN
2019-03-31T12:00:00Z,0.0,72.125,240.125,-1.67,0.07
2019-03-31T12:00:00Z,0.0,72.125,244.125,NaN,NaN
2019-03-31T12:00:00Z,0.0,72.125,248.125,NaN,NaN
2019-03-31T12:00:00Z,0.0,72.125,252.125,-0.94,0.86
2019-03-31T12:00:00Z,0.0,72.125,256.125,-1.78,0.02
2019-03-31T12:00:00Z,0.0,72.125,260.125,NaN,NaN
2019-03-31T12:00:00Z,0.0,72.125,264.125,-1.32,0.48
2019-03-31T12:00:00Z,0.0,72.125,268.125,-1.59,0.19
2019-03-31T12:00:00Z,0.0,72.125,272.125,NaN,NaN
2019-03-31T12:00:00Z,0.0,72.125,276.125,NaN,NaN
2019-03-31T12:00:00Z,0.0,72.125,280.125,NaN,NaN
2019-03-31T12:00:00Z,0.0,72.125,284.125,NaN,NaN
2019-03-31T12:00:00Z,0.0,72.125,288.125,-1.7,0.1
2019-03-31T12:00:00Z,0.0,72.125,292.125,-1.71,0.09
2019-03-31T12:00:00Z,0.0,72.125,296.125,-1.63,0.17
2019-03-31T12:00:00Z,0.0,72.125,300.125,-1.72,0.05
2019-03-31T12:00:00Z,0.0,72.125,304.125,-1.61,0.02
2019-03-31T12:00:00Z,0.0,72.125,308.125,NaN,NaN
2019-03-31T12:00:00Z,0.0,72.125,312.125,NaN,NaN
2019-03-31T12:00:00Z,0.0,72.125,316.125,NaN,NaN
2019-03-31T12:00:00Z,0.0,72.125,320.125,NaN,NaN
2019-03-31T12:00:00Z,0.0,72.125,324.125,NaN,NaN
2019-03-31T12:00:00Z,0.0,72.125,328.125,NaN,NaN
2019-03-31T12:00:00Z,0.0,72.125,332.125,NaN,NaN
2019-03-31T12:00:00Z,0.0,72.125,336.125,NaN,NaN
2019-03-31T12:00:00Z,0.0,72.125,340.125,-1.72,-0.43
2019-03-31T12:00:00Z,0.0,72.125,344.125,-1.64,-1.51
2019-03-31T12:00:00Z,0.0,72.125,348.125,-0.52,-1.04
2019-03-31T12:00:00Z,0.0,72.125,352.125,-0.87,-1.5
2019-03-31T12:00:00Z,0.0,72.125,356.125,-0.46,-1.46
2019-03-31T12:00:00Z,0.0,76.125,0.125,1.26,0.56
2019-03-31T12:00:00Z,0.0,76.125,4.125,2.23,0.39
2019-03-31T12:00:00Z,0.0,76.125,8.125,3.09,0.56
2019-03-31T12:00:00Z,0.0,76.125,12.125,4.44,2.49
2019-03-31T12:00:00Z,0.0,76.125,16.125,3.62,2.33
2019-03-31T12:00:00Z,0.0,76.125,20.125,-0.81,-0.6
2019-03-31T12:00:00Z,0.0,76.125,24.125,-1.8,-1.85
2019-03-31T12:00:00Z,0.0,76.125,28.125,-1.44,-2.09
2019-03-31T12:00:00Z,0.0,76.125,32.125,-1.61,-2.19
2019-03-31T12:00:00Z,0.0,76.125,36.125,-1.32,-1.38
2019-03-31T12:00:00Z,0.0,76.125,40.125,-1.58,-1.35
2019-03-31T12:00:00Z,0.0,76.125,44.125,-0.65,-0.48
2019-03-31T12:00:00Z,0.0,76.125,48.125,-0.81,-0.51
2019-03-31T12:00:00Z,0.0,76.125,52.125,0.02,0.76
2019-03-31T12:00:00Z,0.0,76.125,56.125,-1.59,-0.58
2019-03-31T12:00:00Z,0.0,76.125,60.125,-1.6,-0.21
2019-03-31T12:00:00Z,0.0,76.125,64.125,NaN,NaN
2019-03-31T12:00:00Z,0.0,76.125,68.125,-1.42,0.28
2019-03-31T12:00:00Z,0.0,76.125,72.125,-1.53,0.23
2019-03-31T12:00:00Z,0.0,76.125,76.125,-1.4,0.39
2019-03-31T12:00:00Z,0.0,76.125,80.125,-1.49,0.3
2019-03-31T12:00:00Z,0.0,76.125,84.125,-1.63,0.15
2019-03-31T12:00:00Z,0.0,76.125,88.125,-1.27,0.5
2019-03-31T12:00:00Z,0.0,76.125,92.125,-1.18,0.61
2019-03-31T12:00:00Z,0.0,76.125,96.125,NaN,NaN
2019-03-31T12:00:00Z,0.0,76.125,100.125,NaN,NaN
2019-03-31T12:00:00Z,0.0,76.125,104.125,NaN,NaN
2019-03-31T12:00:00Z,0.0,76.125,108.125,NaN,NaN
2019-03-31T12:00:00Z,0.0,76.125,112.125,NaN,NaN
2019-03-31T12:00:00Z,0.0,76.125,116.125,-1.5,0.28
2019-03-31T12:00:00Z,0.0,76.125,120.125,-1.52,0.28
2019-03-31T12:00:00Z,0.0,76.125,124.125,-1.48,0.32
2019-03-31T12:00:00Z,0.0,76.125,128.125,-1.33,0.46
2019-03-31T12:00:00Z,0.0,76.125,132.125,-1.37,0.43
2019-03-31T12:00:00Z,0.0,76.125,136.125,-1.22,0.58
2019-03-31T12:00:00Z,0.0,76.125,140.125,-1.25,0.55
2019-03-31T12:00:00Z,0.0,76.125,144.125,-1.19,0.61
2019-03-31T12:00:00Z,0.0,76.125,148.125,-1.45,0.35
2019-03-31T12:00:00Z,0.0,76.125,152.125,-1.34,0.46
2019-03-31T12:00:00Z,0.0,76.125,156.125,-1.37,0.43
2019-03-31T12:00:00Z,0.0,76.125,160.125,-1.59,0.21
2019-03-31T12:00:00Z,0.0,76.125,164.125,-1.36,0.44
2019-03-31T12:00:00Z,0.0,76.125,168.125,-1.6,0.2
2019-03-31T12:00:00Z,0.0,76.125,172.125,-1.45,0.35
2019-03-31T12:00:00Z,0.0,76.125,176.125,-1.63,0.17
2019-03-31T12:00:00Z,0.0,76.125,180.125,-1.57,0.23
2019-03-31T12:00:00Z,0.0,76.125,184.125,-1.61,0.19
2019-03-31T12:00:00Z,0.0,76.125,188.125,-1.54,0.26
2019-03-31T12:00:00Z,0.0,76.125,192.125,-1.59,0.21
2019-03-31T12:00:00Z,0.0,76.125,196.125,-1.57,0.23
2019-03-31T12:00:00Z,0.0,76.125,200.125,-1.57,0.23
2019-03-31T12:00:00Z,0.0,76.125,204.125,-1.56,0.24
2019-03-31T12:00:00Z,0.0,76.125,208.125,-1.61,0.19
2019-03-31T12:00:00Z,0.0,76.125,212.125,-1.61,0.19
2019-03-31T12:00:00Z,0.0,76.125,216.125,-1.48,0.32
2019-03-31T12:00:00Z,0.0,76.125,220.125,-1.47,0.33
2019-03-31T12:00:00Z,0.0,76.125,224.125,-1.5,0.3
2019-03-31T12:00:00Z,0.0,76.125,228.125,-1.45,0.35
2019-03-31T12:00:00Z,0.0,76.125,232.125,-1.6,0.2
2019-03-31T12:00:00Z,0.0,76.125,236.125,-1.64,0.15
2019-03-31T12:00:00Z,0.0,76.125,240.125,NaN,NaN
2019-03-31T12:00:00Z,0.0,76.125,244.125,NaN,NaN
2019-03-31T12:00:00Z,0.0,76.125,248.125,-1.57,0.23
2019-03-31T12:00:00Z,0.0,76.125,252.125,-1.59,0.21
2019-03-31T12:00:00Z,0.0,76.125,256.125,NaN,NaN
2019-03-31T12:00:00Z,0.0,76.125,260.125,NaN,NaN
2019-03-31T12:00:00Z,0.0,76.125,264.125,-1.67,0.12
2019-03-31T12:00:00Z,0.0,76.125,268.125,NaN,NaN
2019-03-31T12:00:00Z,0.0,76.125,272.125,-1.42,0.31
2019-03-31T12:00:00Z,0.0,76.125,276.125,-1.63,0.07
2019-03-31T12:00:00Z,0.0,76.125,280.125,-1.7,-0.01
2019-03-31T12:00:00Z,0.0,76.125,284.125,-1.75,-0.08
2019-03-31T12:00:00Z,0.0,76.125,288.125,-1.73,0.0
2019-03-31T12:00:00Z,0.0,76.125,292.125,NaN,NaN
2019-03-31T12:00:00Z,0.0,76.125,296.125,-1.76,0.01
2019-03-31T12:00:00Z,0.0,76.125,300.125,NaN,NaN
2019-03-31T12:00:00Z,0.0,76.125,304.125,NaN,NaN
2019-03-31T12:00:00Z,0.0,76.125,308.125,NaN,NaN
2019-03-31T12:00:00Z,0.0,76.125,312.125,NaN,NaN
2019-03-31T12:00:00Z,0.0,76.125,316.125,NaN,NaN
2019-03-31T12:00:00Z,0.0,76.125,320.125,NaN,NaN
2019-03-31T12:00:00Z,0.0,76.125,324.125,NaN,NaN
2019-03-31T12:00:00Z,0.0,76.125,328.125,NaN,NaN
2019-03-31T12:00:00Z,0.0,76.125,332.125,NaN,NaN
2019-03-31T12:00:00Z,0.0,76.125,336.125,NaN,NaN
2019-03-31T12:00:00Z,0.0,76.125,340.125,NaN,NaN
2019-03-31T12:00:00Z,0.0,76.125,344.125,-1.73,-0.05
2019-03-31T12:00:00Z,0.0,76.125,348.125,-1.68,-0.45
2019-03-31T12:00:00Z,0.0,76.125,352.125,-1.7,-1.21
2019-03-31T12:00:00Z,0.0,76.125,356.125,-1.32,-1.6
2019-03-31T12:00:00Z,0.0,80.125,0.125,-1.7,-0.88
2019-03-31T12:00:00Z,0.0,80.125,4.125,-1.67,-1.87
2019-03-31T12:00:00Z,0.0,80.125,8.125,-1.53,-1.91
2019-03-31T12:00:00Z,0.0,80.125,12.125,-1.48,-1.62
2019-03-31T12:00:00Z,0.0,80.125,16.125,-1.44,-1.2
2019-03-31T12:00:00Z,0.0,80.125,20.125,NaN,NaN
2019-03-31T12:00:00Z,0.0,80.125,24.125,NaN,NaN
2019-03-31T12:00:00Z,0.0,80.125,28.125,-1.79,-0.2
2019-03-31T12:00:00Z,0.0,80.125,32.125,-1.79,-0.09
2019-03-31T12:00:00Z,0.0,80.125,36.125,-1.78,-0.04
2019-03-31T12:00:00Z,0.0,80.125,40.125,-1.65,0.1
2019-03-31T12:00:00Z,0.0,80.125,44.125,-1.63,0.07
2019-03-31T12:00:00Z,0.0,80.125,48.125,-1.63,0.0
2019-03-31T12:00:00Z,0.0,80.125,52.125,-1.8,-0.18
2019-03-31T12:00:00Z,0.0,80.125,56.125,NaN,NaN
2019-03-31T12:00:00Z,0.0,80.125,60.125,-1.79,-0.13
2019-03-31T12:00:00Z,0.0,80.125,64.125,-1.8,-0.07
2019-03-31T12:00:00Z,0.0,80.125,68.125,-1.8,-0.04
2019-03-31T12:00:00Z,0.0,80.125,72.125,-1.78,0.02
2019-03-31T12:00:00Z,0.0,80.125,76.125,-1.8,0.0
2019-03-31T12:00:00Z,0.0,80.125,80.125,-1.74,0.06
2019-03-31T12:00:00Z,0.0,80.125,84.125,-1.78,0.02
2019-03-31T12:00:00Z,0.0,80.125,88.125,-1.74,0.05
2019-03-31T12:00:00Z,0.0,80.125,92.125,-1.64,0.14
2019-03-31T12:00:00Z,0.0,80.125,96.125,NaN,NaN
2019-03-31T12:00:00Z,0.0,80.125,100.125,-1.61,0.13
2019-03-31T12:00:00Z,0.0,80.125,104.125,-1.72,0.03
2019-03-31T12:00:00Z,0.0,80.125,108.125,-1.59,0.19
2019-03-31T12:00:00Z,0.0,80.125,112.125,-1.76,0.04
2019-03-31T12:00:00Z,0.0,80.125,116.125,-1.71,0.09
2019-03-31T12:00:00Z,0.0,80.125,120.125,-1.79,0.01
2019-03-31T12:00:00Z,0.0,80.125,124.125,-1.8,0.0
2019-03-31T12:00:00Z,0.0,80.125,128.125,-1.65,0.15
2019-03-31T12:00:00Z,0.0,80.125,132.125,-1.72,0.08
2019-03-31T12:00:00Z,0.0,80.125,136.125,-1.67,0.13
2019-03-31T12:00:00Z,0.0,80.125,140.125,-1.6,0.2
2019-03-31T12:00:00Z,0.0,80.125,144.125,-1.63,0.17
2019-03-31T12:00:00Z,0.0,80.125,148.125,-1.66,0.14
2019-03-31T12:00:00Z,0.0,80.125,152.125,-1.67,0.13
2019-03-31T12:00:00Z,0.0,80.125,156.125,-1.64,0.16
2019-03-31T12:00:00Z,0.0,80.125,160.125,-1.55,0.25
2019-03-31T12:00:00Z,0.0,80.125,164.125,-1.68,0.12
2019-03-31T12:00:00Z,0.0,80.125,168.125,-1.39,0.41
2019-03-31T12:00:00Z,0.0,80.125,172.125,-1.53,0.27
2019-03-31T12:00:00Z,0.0,80.125,176.125,-1.54,0.26
2019-03-31T12:00:00Z,0.0,80.125,180.125,-1.6,0.2
2019-03-31T12:00:00Z,0.0,80.125,184.125,-1.65,0.15
2019-03-31T12:00:00Z,0.0,80.125,188.125,-1.6,0.2
2019-03-31T12:00:00Z,0.0,80.125,192.125,-1.64,0.16
2019-03-31T12:00:00Z,0.0,80.125,196.125,-1.61,0.19
2019-03-31T12:00:00Z,0.0,80.125,200.125,-1.63,0.17
2019-03-31T12:00:00Z,0.0,80.125,204.125,-1.64,0.16
2019-03-31T12:00:00Z,0.0,80.125,208.125,-1.6,0.2
2019-03-31T12:00:00Z,0.0,80.125,212.125,-1.54,0.26
2019-03-31T12:00:00Z,0.0,80.125,216.125,-1.61,0.19
2019-03-31T12:00:00Z,0.0,80.125,220.125,-1.64,0.16
2019-03-31T12:00:00Z,0.0,80.125,224.125,-1.58,0.22
2019-03-31T12:00:00Z,0.0,80.125,228.125,-1.6,0.2
2019-03-31T12:00:00Z,0.0,80.125,232.125,-1.57,0.23
2019-03-31T12:00:00Z,0.0,80.125,236.125,-1.59,0.21
2019-03-31T12:00:00Z,0.0,80.125,240.125,-1.58,0.22
2019-03-31T12:00:00Z,0.0,80.125,244.125,-1.68,0.12
2019-03-31T12:00:00Z,0.0,80.125,248.125,-1.7,0.1
2019-03-31T12:00:00Z,0.0,80.125,252.125,-1.73,0.07
2019-03-31T12:00:00Z,0.0,80.125,256.125,-1.7,0.1
2019-03-31T12:00:00Z,0.0,80.125,260.125,-1.72,0.08
2019-03-31T12:00:00Z,0.0,80.125,264.125,NaN,NaN
2019-03-31T12:00:00Z,0.0,80.125,268.125,NaN,NaN
2019-03-31T12:00:00Z,0.0,80.125,272.125,NaN,NaN
2019-03-31T12:00:00Z,0.0,80.125,276.125,NaN,NaN
2019-03-31T12:00:00Z,0.0,80.125,280.125,NaN,NaN
2019-03-31T12:00:00Z,0.0,80.125,284.125,NaN,NaN
2019-03-31T12:00:00Z,0.0,80.125,288.125,NaN,NaN
2019-03-31T12:00:00Z,0.0,80.125,292.125,-1.61,0.17
2019-03-31T12:00:00Z,0.0,80.125,296.125,NaN,NaN
2019-03-31T12:00:00Z,0.0,80.125,300.125,NaN,NaN
2019-03-31T12:00:00Z,0.0,80.125,304.125,NaN,NaN
2019-03-31T12:00:00Z,0.0,80.125,308.125,NaN,NaN
2019-03-31T12:00:00Z,0.0,80.125,312.125,NaN,NaN
2019-03-31T12:00:00Z,0.0,80.125,316.125,NaN,NaN
2019-03-31T12:00:00Z,0.0,80.125,320.125,NaN,NaN
2019-03-31T12:00:00Z,0.0,80.125,324.125,NaN,NaN
2019-03-31T12:00:00Z,0.0,80.125,328.125,NaN,NaN
2019-03-31T12:00:00Z,0.0,80.125,332.125,NaN,NaN
2019-03-31T12:00:00Z,0.0,80.125,336.125,NaN,NaN
2019-03-31T12:00:00Z,0.0,80.125,340.125,NaN,NaN
2019-03-31T12:00:00Z,0.0,80.125,344.125,-1.7,0.06
2019-03-31T12:00:00Z,0.0,80.125,348.125,-1.64,0.14
2019-03-31T12:00:00Z,0.0,80.125,352.125,-1.7,0.08
2019-03-31T12:00:00Z,0.0,80.125,356.125,-1.7,-0.1
2019-03-31T12:00:00Z,0.0,84.125,0.125,-1.74,0.06
2019-03-31T12:00:00Z,0.0,84.125,4.125,-1.73,0.07
2019-03-31T12:00:00Z,0.0,84.125,8.125,-1.76,0.04
2019-03-31T12:00:00Z,0.0,84.125,12.125,-1.77,0.02
2019-03-31T12:00:00Z,0.0,84.125,16.125,-1.74,0.03
2019-03-31T12:00:00Z,0.0,84.125,20.125,-1.75,0.02
2019-03-31T12:00:00Z,0.0,84.125,24.125,-1.75,0.03
2019-03-31T12:00:00Z,0.0,84.125,28.125,-1.73,0.05
2019-03-31T12:00:00Z,0.0,84.125,32.125,-1.77,0.01
2019-03-31T12:00:00Z,0.0,84.125,36.125,-1.73,0.05
2019-03-31T12:00:00Z,0.0,84.125,40.125,-1.78,0.01
2019-03-31T12:00:00Z,0.0,84.125,44.125,-1.8,-0.01
2019-03-31T12:00:00Z,0.0,84.125,48.125,-1.78,0.0
2019-03-31T12:00:00Z,0.0,84.125,52.125,-1.78,-0.01
2019-03-31T12:00:00Z,0.0,84.125,56.125,-1.76,0.0
2019-03-31T12:00:00Z,0.0,84.125,60.125,-1.8,-0.03
2019-03-31T12:00:00Z,0.0,84.125,64.125,-1.8,-0.01
2019-03-31T12:00:00Z,0.0,84.125,68.125,-1.75,0.05
2019-03-31T12:00:00Z,0.0,84.125,72.125,-1.72,0.08
2019-03-31T12:00:00Z,0.0,84.125,76.125,-1.72,0.08
2019-03-31T12:00:00Z,0.0,84.125,80.125,-1.74,0.06
2019-03-31T12:00:00Z,0.0,84.125,84.125,-1.8,0.0
2019-03-31T12:00:00Z,0.0,84.125,88.125,-1.75,0.05
2019-03-31T12:00:00Z,0.0,84.125,92.125,-1.74,0.06
2019-03-31T12:00:00Z,0.0,84.125,96.125,-1.74,0.06
2019-03-31T12:00:00Z,0.0,84.125,100.125,-1.77,0.03
2019-03-31T12:00:00Z,0.0,84.125,104.125,-1.78,0.02
2019-03-31T12:00:00Z,0.0,84.125,108.125,-1.8,0.0
2019-03-31T12:00:00Z,0.0,84.125,112.125,-1.8,0.0
2019-03-31T12:00:00Z,0.0,84.125,116.125,-1.8,0.0
2019-03-31T12:00:00Z,0.0,84.125,120.125,-1.75,0.05
2019-03-31T12:00:00Z,0.0,84.125,124.125,-1.74,0.06
2019-03-31T12:00:00Z,0.0,84.125,128.125,-1.72,0.08
2019-03-31T12:00:00Z,0.0,84.125,132.125,-1.71,0.09
2019-03-31T12:00:00Z,0.0,84.125,136.125,-1.73,0.07
2019-03-31T12:00:00Z,0.0,84.125,140.125,-1.74,0.06
2019-03-31T12:00:00Z,0.0,84.125,144.125,-1.78,0.02
2019-03-31T12:00:00Z,0.0,84.125,148.125,-1.71,0.09
2019-03-31T12:00:00Z,0.0,84.125,152.125,-1.71,0.09
2019-03-31T12:00:00Z,0.0,84.125,156.125,-1.67,0.13
2019-03-31T12:00:00Z,0.0,84.125,160.125,-1.8,0.0
2019-03-31T12:00:00Z,0.0,84.125,164.125,-1.8,0.0
2019-03-31T12:00:00Z,0.0,84.125,168.125,-1.79,0.01
2019-03-31T12:00:00Z,0.0,84.125,172.125,-1.68,0.12
2019-03-31T12:00:00Z,0.0,84.125,176.125,-1.72,0.08
2019-03-31T12:00:00Z,0.0,84.125,180.125,-1.72,0.08
2019-03-31T12:00:00Z,0.0,84.125,184.125,-1.75,0.05
2019-03-31T12:00:00Z,0.0,84.125,188.125,-1.74,0.06
2019-03-31T12:00:00Z,0.0,84.125,192.125,-1.73,0.07
2019-03-31T12:00:00Z,0.0,84.125,196.125,-1.73,0.07
2019-03-31T12:00:00Z,0.0,84.125,200.125,-1.66,0.14
2019-03-31T12:00:00Z,0.0,84.125,204.125,-1.73,0.07
2019-03-31T12:00:00Z,0.0,84.125,208.125,-1.72,0.08
2019-03-31T12:00:00Z,0.0,84.125,212.125,-1.71,0.09
2019-03-31T12:00:00Z,0.0,84.125,216.125,-1.7,0.1
2019-03-31T12:00:00Z,0.0,84.125,220.125,-1.75,0.05
2019-03-31T12:00:00Z,0.0,84.125,224.125,-1.71,0.09
2019-03-31T12:00:00Z,0.0,84.125,228.125,-1.65,0.15
2019-03-31T12:00:00Z,0.0,84.125,232.125,-1.61,0.19
2019-03-31T12:00:00Z,0.0,84.125,236.125,-1.66,0.14
2019-03-31T12:00:00Z,0.0,84.125,240.125,-1.64,0.16
2019-03-31T12:00:00Z,0.0,84.125,244.125,-1.7,0.1
2019-03-31T12:00:00Z,0.0,84.125,248.125,-1.7,0.1
2019-03-31T12:00:00Z,0.0,84.125,252.125,-1.64,0.16
2019-03-31T12:00:00Z,0.0,84.125,256.125,-1.63,0.17
2019-03-31T12:00:00Z,0.0,84.125,260.125,-1.66,0.14
2019-03-31T12:00:00Z,0.0,84.125,264.125,-1.66,0.14
2019-03-31T12:00:00Z,0.0,84.125,268.125,-1.64,0.16
2019-03-31T12:00:00Z,0.0,84.125,272.125,-1.66,0.14
2019-03-31T12:00:00Z,0.0,84.125,276.125,-1.68,0.12
2019-03-31T12:00:00Z,0.0,84.125,280.125,-1.69,0.1
2019-03-31T12:00:00Z,0.0,84.125,284.125,-1.65,0.15
2019-03-31T12:00:00Z,0.0,84.125,288.125,-1.62,0.18
2019-03-31T12:00:00Z,0.0,84.125,292.125,-1.68,0.12
2019-03-31T12:00:00Z,0.0,84.125,296.125,-1.71,0.08
2019-03-31T12:00:00Z,0.0,84.125,300.125,-1.68,0.12
2019-03-31T12:00:00Z,0.0,84.125,304.125,-1.65,0.15
2019-03-31T12:00:00Z,0.0,84.125,308.125,-1.6,0.2
2019-03-31T12:00:00Z,0.0,84.125,312.125,-1.66,0.14
2019-03-31T12:00:00Z,0.0,84.125,316.125,-1.67,0.13
2019-03-31T12:00:00Z,0.0,84.125,320.125,-1.67,0.13
2019-03-31T12:00:00Z,0.0,84.125,324.125,-1.72,0.08
2019-03-31T12:00:00Z,0.0,84.125,328.125,-1.7,0.1
2019-03-31T12:00:00Z,0.0,84.125,332.125,-1.72,0.08
2019-03-31T12:00:00Z,0.0,84.125,336.125,-1.72,0.08
2019-03-31T12:00:00Z,0.0,84.125,340.125,-1.73,0.07
2019-03-31T12:00:00Z,0.0,84.125,344.125,-1.75,0.05
2019-03-31T12:00:00Z,0.0,84.125,348.125,-1.73,0.07
2019-03-31T12:00:00Z,0.0,84.125,352.125,-1.76,0.04
2019-03-31T12:00:00Z,0.0,84.125,356.125,-1.76,0.04
2019-03-31T12:00:00Z,0.0,88.125,0.125,-1.78,0.02
2019-03-31T12:00:00Z,0.0,88.125,4.125,-1.75,0.05
2019-03-31T12:00:00Z,0.0,88.125,8.125,-1.75,0.04
2019-03-31T12:00:00Z,0.0,88.125,12.125,-1.76,0.03
2019-03-31T12:00:00Z,0.0,88.125,16.125,-1.74,0.04
2019-03-31T12:00:00Z,0.0,88.125,20.125,-1.69,0.1
2019-03-31T12:00:00Z,0.0,88.125,24.125,-1.7,0.1
2019-03-31T12:00:00Z,0.0,88.125,28.125,-1.79,0.01
2019-03-31T12:00:00Z,0.0,88.125,32.125,-1.72,0.08
2019-03-31T12:00:00Z,0.0,88.125,36.125,-1.72,0.08
2019-03-31T12:00:00Z,0.0,88.125,40.125,-1.72,0.08
2019-03-31T12:00:00Z,0.0,88.125,44.125,-1.71,0.09
2019-03-31T12:00:00Z,0.0,88.125,48.125,-1.72,0.08
2019-03-31T12:00:00Z,0.0,88.125,52.125,-1.74,0.06
2019-03-31T12:00:00Z,0.0,88.125,56.125,-1.76,0.04
2019-03-31T12:00:00Z,0.0,88.125,60.125,-1.73,0.07
2019-03-31T12:00:00Z,0.0,88.125,64.125,-1.74,0.06
2019-03-31T12:00:00Z,0.0,88.125,68.125,-1.71,0.09
2019-03-31T12:00:00Z,0.0,88.125,72.125,-1.73,0.07
2019-03-31T12:00:00Z,0.0,88.125,76.125,-1.77,0.03
2019-03-31T12:00:00Z,0.0,88.125,80.125,-1.76,0.04
2019-03-31T12:00:00Z,0.0,88.125,84.125,-1.75,0.05
2019-03-31T12:00:00Z,0.0,88.125,88.125,-1.78,0.02
2019-03-31T12:00:00Z,0.0,88.125,92.125,-1.79,0.01
2019-03-31T12:00:00Z,0.0,88.125,96.125,-1.76,0.04
2019-03-31T12:00:00Z,0.0,88.125,100.125,-1.75,0.05
2019-03-31T12:00:00Z,0.0,88.125,104.125,-1.69,0.11
2019-03-31T12:00:00Z,0.0,88.125,108.125,-1.73,0.07
2019-03-31T12:00:00Z,0.0,88.125,112.125,-1.72,0.08
2019-03-31T12:00:00Z,0.0,88.125,116.125,-1.74,0.06
2019-03-31T12:00:00Z,0.0,88.125,120.125,-1.73,0.07
2019-03-31T12:00:00Z,0.0,88.125,124.125,-1.74,0.06
2019-03-31T12:00:00Z,0.0,88.125,128.125,-1.73,0.07
2019-03-31T12:00:00Z,0.0,88.125,132.125,-1.73,0.07
2019-03-31T12:00:00Z,0.0,88.125,136.125,-1.77,0.03
2019-03-31T12:00:00Z,0.0,88.125,140.125,-1.74,0.06
2019-03-31T12:00:00Z,0.0,88.125,144.125,-1.69,0.11
2019-03-31T12:00:00Z,0.0,88.125,148.125,-1.72,0.08
2019-03-31T12:00:00Z,0.0,88.125,152.125,-1.7,0.1
2019-03-31T12:00:00Z,0.0,88.125,156.125,-1.66,0.14
2019-03-31T12:00:00Z,0.0,88.125,160.125,-1.7,0.1
2019-03-31T12:00:00Z,0.0,88.125,164.125,-1.69,0.11
2019-03-31T12:00:00Z,0.0,88.125,168.125,-1.69,0.11
2019-03-31T12:00:00Z,0.0,88.125,172.125,-1.65,0.15
2019-03-31T12:00:00Z,0.0,88.125,176.125,-1.64,0.16
2019-03-31T12:00:00Z,0.0,88.125,180.125,-1.67,0.13
2019-03-31T12:00:00Z,0.0,88.125,184.125,-1.7,0.1
2019-03-31T12:00:00Z,0.0,88.125,188.125,-1.66,0.14
2019-03-31T12:00:00Z,0.0,88.125,192.125,-1.64,0.16
2019-03-31T12:00:00Z,0.0,88.125,196.125,-1.64,0.16
2019-03-31T12:00:00Z,0.0,88.125,200.125,-1.64,0.16
2019-03-31T12:00:00Z,0.0,88.125,204.125,-1.72,0.08
2019-03-31T12:00:00Z,0.0,88.125,208.125,-1.73,0.07
2019-03-31T12:00:00Z,0.0,88.125,212.125,-1.74,0.06
2019-03-31T12:00:00Z,0.0,88.125,216.125,-1.76,0.04
2019-03-31T12:00:00Z,0.0,88.125,220.125,-1.72,0.08
2019-03-31T12:00:00Z,0.0,88.125,224.125,-1.68,0.12
2019-03-31T12:00:00Z,0.0,88.125,228.125,-1.72,0.08
2019-03-31T12:00:00Z,0.0,88.125,232.125,-1.76,0.04
2019-03-31T12:00:00Z,0.0,88.125,236.125,-1.77,0.03
2019-03-31T12:00:00Z,0.0,88.125,240.125,-1.72,0.08
2019-03-31T12:00:00Z,0.0,88.125,244.125,-1.7,0.1
2019-03-31T12:00:00Z,0.0,88.125,248.125,-1.69,0.11
2019-03-31T12:00:00Z,0.0,88.125,252.125,-1.67,0.13
2019-03-31T12:00:00Z,0.0,88.125,256.125,-1.72,0.08
2019-03-31T12:00:00Z,0.0,88.125,260.125,-1.74,0.06
2019-03-31T12:00:00Z,0.0,88.125,264.125,-1.71,0.09
2019-03-31T12:00:00Z,0.0,88.125,268.125,-1.69,0.11
2019-03-31T12:00:00Z,0.0,88.125,272.125,-1.72,0.08
2019-03-31T12:00:00Z,0.0,88.125,276.125,-1.67,0.13
2019-03-31T12:00:00Z,0.0,88.125,280.125,-1.64,0.16
2019-03-31T12:00:00Z,0.0,88.125,284.125,-1.65,0.15
2019-03-31T12:00:00Z,0.0,88.125,288.125,-1.7,0.1
2019-03-31T12:00:00Z,0.0,88.125,292.125,-1.68,0.12
2019-03-31T12:00:00Z,0.0,88.125,296.125,-1.65,0.15
2019-03-31T12:00:00Z,0.0,88.125,300.125,-1.69,0.11
2019-03-31T12:00:00Z,0.0,88.125,304.125,-1.71,0.09
2019-03-31T12:00:00Z,0.0,88.125,308.125,-1.72,0.08
2019-03-31T12:00:00Z,0.0,88.125,312.125,-1.72,0.08
2019-03-31T12:00:00Z,0.0,88.125,316.125,-1.7,0.1
2019-03-31T12:00:00Z,0.0,88.125,320.125,-1.69,0.11
2019-03-31T12:00:00Z,0.0,88.125,324.125,-1.69,0.11
2019-03-31T12:00:00Z,0.0,88.125,328.125,-1.63,0.17
2019-03-31T12:00:00Z,0.0,88.125,332.125,-1.74,0.06
2019-03-31T12:00:00Z,0.0,88.125,336.125,-1.74,0.06
2019-03-31T12:00:00Z,0.0,88.125,340.125,-1.73,0.07
2019-03-31T12:00:00Z,0.0,88.125,344.125,-1.75,0.05
2019-03-31T12:00:00Z,0.0,88.125,348.125,-1.75,0.05
2019-03-31T12:00:00Z,0.0,88.125,352.125,-1.78,0.02
2019-03-31T12:00:00Z,0.0,88.125,356.125,-1.79,0.01
