1988-10-01T12:00:00Z,0.0,-87.875,0.125,NaN,NaN
1988-10-01T12:00:00Z,0.0,-87.875,4.125,NaN,NaN
1988-10-01T12:00:00Z,0.0,-87.875,8.125,NaN,NaN
1988-10-01T12:00:00Z,0.0,-87.875,12.125,NaN,NaN
1988-10-01T12:00:00Z,0.0,-87.875,16.125,NaN,NaN
1988-10-01T12:00:00Z,0.0,-87.875,20.125,NaN,NaN
1988-10-01T12:00:00Z,0.0,-87.875,24.125,NaN,NaN
1988-10-01T12:00:00Z,0.0,-87.875,28.125,NaN,NaN
1988-10-01T12:00:00Z,0.0,-87.875,32.125,NaN,NaN
1988-10-01T12:00:00Z,0.0,-87.875,36.125,NaN,NaN
1988-10-01T12:00:00Z,0.0,-87.875,40.125,NaN,NaN
1988-10-01T12:00:00Z,0.0,-87.875,44.125,NaN,NaN
1988-10-01T12:00:00Z,0.0,-87.875,48.125,NaN,NaN
1988-10-01T12:00:00Z,0.0,-87.875,52.125,NaN,NaN
1988-10-01T12:00:00Z,0.0,-87.875,56.125,NaN,NaN
1988-10-01T12:00:00Z,0.0,-87.875,60.125,NaN,NaN
1988-10-01T12:00:00Z,0.0,-87.875,64.125,NaN,NaN
1988-10-01T12:00:00Z,0.0,-87.875,68.125,NaN,NaN
1988-10-01T12:00:00Z,0.0,-87.875,72.125,NaN,NaN
1988-10-01T12:00:00Z,0.0,-87.875,76.125,NaN,NaN
1988-10-01T12:00:00Z,0.0,-87.875,80.125,NaN,NaN
1988-10-01T12:00:00Z,0.0,-87.875,84.125,NaN,NaN
1988-10-01T12:00:00Z,0.0,-87.875,88.125,NaN,NaN
1988-10-01T12:00:00Z,0.0,-87.875,92.125,NaN,NaN
1988-10-01T12:00:00Z,0.0,-87.875,96.125,NaN,NaN
1988-10-01T12:00:00Z,0.0,-87.875,100.125,NaN,NaN
1988-10-01T12:00:00Z,0.0,-87.875,104.125,NaN,NaN
1988-10-01T12:00:00Z,0.0,-87.875,108.125,NaN,NaN
1988-10-01T12:00:00Z,0.0,-87.875,112.125,NaN,NaN
1988-10-01T12:00:00Z,0.0,-87.875,116.125,NaN,NaN
1988-10-01T12:00:00Z,0.0,-87.875,120.125,NaN,NaN
1988-10-01T12:00:00Z,0.0,-87.875,124.125,NaN,NaN
1988-10-01T12:00:00Z,0.0,-87.875,128.125,NaN,NaN
1988-10-01T12:00:00Z,0.0,-87.875,132.125,NaN,NaN
1988-10-01T12:00:00Z,0.0,-87.875,136.125,NaN,NaN
1988-10-01T12:00:00Z,0.0,-87.875,140.125,NaN,NaN
1988-10-01T12:00:00Z,0.0,-87.875,144.125,NaN,NaN
1988-10-01T12:00:00Z,0.0,-87.875,148.125,NaN,NaN
1988-10-01T12:00:00Z,0.0,-87.875,152.125,NaN,NaN
1988-10-01T12:00:00Z,0.0,-87.875,156.125,NaN,NaN
1988-10-01T12:00:00Z,0.0,-87.875,160.125,NaN,NaN
1988-10-01T12:00:00Z,0.0,-87.875,164.125,NaN,NaN
1988-10-01T12:00:00Z,0.0,-87.875,168.125,NaN,NaN
1988-10-01T12:00:00Z,0.0,-87.875,172.125,NaN,NaN
1988-10-01T12:00:00Z,0.0,-87.875,176.125,NaN,NaN
1988-10-01T12:00:00Z,0.0,-87.875,180.125,NaN,NaN
1988-10-01T12:00:00Z,0.0,-87.875,184.125,NaN,NaN
1988-10-01T12:00:00Z,0.0,-87.875,188.125,NaN,NaN
1988-10-01T12:00:00Z,0.0,-87.875,192.125,NaN,NaN
1988-10-01T12:00:00Z,0.0,-87.875,196.125,NaN,NaN
1988-10-01T12:00:00Z,0.0,-87.875,200.125,NaN,NaN
1988-10-01T12:00:00Z,0.0,-87.875,204.125,NaN,NaN
1988-10-01T12:00:00Z,0.0,-87.875,208.125,NaN,NaN
1988-10-01T12:00:00Z,0.0,-87.875,212.125,NaN,NaN
1988-10-01T12:00:00Z,0.0,-87.875,216.125,NaN,NaN
1988-10-01T12:00:00Z,0.0,-87.875,220.125,NaN,NaN
1988-10-01T12:00:00Z,0.0,-87.875,224.125,NaN,NaN
1988-10-01T12:00:00Z,0.0,-87.875,228.125,NaN,NaN
1988-10-01T12:00:00Z,0.0,-87.875,232.125,NaN,NaN
1988-10-01T12:00:00Z,0.0,-87.875,236.125,NaN,NaN
1988-10-01T12:00:00Z,0.0,-87.875,240.125,NaN,NaN
1988-10-01T12:00:00Z,0.0,-87.875,244.125,NaN,NaN
1988-10-01T12:00:00Z,0.0,-87.875,248.125,NaN,NaN
1988-10-01T12:00:00Z,0.0,-87.875,252.125,NaN,NaN
1988-10-01T12:00:00Z,0.0,-87.875,256.125,NaN,NaN
1988-10-01T12:00:00Z,0.0,-87.875,260.125,NaN,NaN
1988-10-01T12:00:00Z,0.0,-87.875,264.125,NaN,NaN
1988-10-01T12:00:00Z,0.0,-87.875,268.125,NaN,NaN
1988-10-01T12:00:00Z,0.0,-87.875,272.125,NaN,NaN
1988-10-01T12:00:00Z,0.0,-87.875,276.125,NaN,NaN
1988-10-01T12:00:00Z,0.0,-87.875,280.125,NaN,NaN
1988-10-01T12:00:00Z,0.0,-87.875,284.125,NaN,NaN
1988-10-01T12:00:00Z,0.0,-87.875,288.125,NaN,NaN
1988-10-01T12:00:00Z,0.0,-87.875,292.125,NaN,NaN
1988-10-01T12:00:00Z,0.0,-87.875,296.125,NaN,NaN
1988-10-01T12:00:00Z,0.0,-87.875,300.125,NaN,NaN
1988-10-01T12:00:00Z,0.0,-87.875,304.125,NaN,NaN
1988-10-01T12:00:00Z,0.0,-87.875,308.125,NaN,NaN
1988-10-01T12:00:00Z,0.0,-87.875,312.125,NaN,NaN
1988-10-01T12:00:00Z,0.0,-87.875,316.125,NaN,NaN
1988-10-01T12:00:00Z,0.0,-87.875,320.125,NaN,NaN
1988-10-01T12:00:00Z,0.0,-87.875,324.125,NaN,NaN
1988-10-01T12:00:00Z,0.0,-87.875,328.125,NaN,NaN
1988-10-01T12:00:00Z,0.0,-87.875,332.125,NaN,NaN
1988-10-01T12:00:00Z,0.0,-87.875,336.125,NaN,NaN
1988-10-01T12:00:00Z,0.0,-87.875,340.125,NaN,NaN
1988-10-01T12:00:00Z,0.0,-87.875,344.125,NaN,NaN
1988-10-01T12:00:00Z,0.0,-87.875,348.125,NaN,NaN
1988-10-01T12:00:00Z,0.0,-87.875,352.125,NaN,NaN
1988-10-01T12:00:00Z,0.0,-87.875,356.125,NaN,NaN
1988-10-01T12:00:00Z,0.0,-83.875,0.125,NaN,NaN
1988-10-01T12:00:00Z,0.0,-83.875,4.125,NaN,NaN
1988-10-01T12:00:00Z,0.0,-83.875,8.125,NaN,NaN
1988-10-01T12:00:00Z,0.0,-83.875,12.125,NaN,NaN
1988-10-01T12:00:00Z,0.0,-83.875,16.125,NaN,NaN
1988-10-01T12:00:00Z,0.0,-83.875,20.125,NaN,NaN
1988-10-01T12:00:00Z,0.0,-83.875,24.125,NaN,NaN
1988-10-01T12:00:00Z,0.0,-83.875,28.125,NaN,NaN
1988-10-01T12:00:00Z,0.0,-83.875,32.125,NaN,NaN
1988-10-01T12:00:00Z,0.0,-83.875,36.125,NaN,NaN
1988-10-01T12:00:00Z,0.0,-83.875,40.125,NaN,NaN
1988-10-01T12:00:00Z,0.0,-83.875,44.125,NaN,NaN
1988-10-01T12:00:00Z,0.0,-83.875,48.125,NaN,NaN
1988-10-01T12:00:00Z,0.0,-83.875,52.125,NaN,NaN
1988-10-01T12:00:00Z,0.0,-83.875,56.125,NaN,NaN
1988-10-01T12:00:00Z,0.0,-83.875,60.125,NaN,NaN
1988-10-01T12:00:00Z,0.0,-83.875,64.125,NaN,NaN
1988-10-01T12:00:00Z,0.0,-83.875,68.125,NaN,NaN
1988-10-01T12:00:00Z,0.0,-83.875,72.125,NaN,NaN
1988-10-01T12:00:00Z,0.0,-83.875,76.125,NaN,NaN
1988-10-01T12:00:00Z,0.0,-83.875,80.125,NaN,NaN
1988-10-01T12:00:00Z,0.0,-83.875,84.125,NaN,NaN
1988-10-01T12:00:00Z,0.0,-83.875,88.125,NaN,NaN
1988-10-01T12:00:00Z,0.0,-83.875,92.125,NaN,NaN
1988-10-01T12:00:00Z,0.0,-83.875,96.125,NaN,NaN
1988-10-01T12:00:00Z,0.0,-83.875,100.125,NaN,NaN
1988-10-01T12:00:00Z,0.0,-83.875,104.125,NaN,NaN
1988-10-01T12:00:00Z,0.0,-83.875,108.125,NaN,NaN
1988-10-01T12:00:00Z,0.0,-83.875,112.125,NaN,NaN
1988-10-01T12:00:00Z,0.0,-83.875,116.125,NaN,NaN
1988-10-01T12:00:00Z,0.0,-83.875,120.125,NaN,NaN
1988-10-01T12:00:00Z,0.0,-83.875,124.125,NaN,NaN
1988-10-01T12:00:00Z,0.0,-83.875,128.125,NaN,NaN
1988-10-01T12:00:00Z,0.0,-83.875,132.125,NaN,NaN
1988-10-01T12:00:00Z,0.0,-83.875,136.125,NaN,NaN
1988-10-01T12:00:00Z,0.0,-83.875,140.125,NaN,NaN
1988-10-01T12:00:00Z,0.0,-83.875,144.125,NaN,NaN
1988-10-01T12:00:00Z,0.0,-83.875,148.125,NaN,NaN
1988-10-01T12:00:00Z,0.0,-83.875,152.125,NaN,NaN
1988-10-01T12:00:00Z,0.0,-83.875,156.125,NaN,NaN
1988-10-01T12:00:00Z,0.0,-83.875,160.125,NaN,NaN
1988-10-01T12:00:00Z,0.0,-83.875,164.125,NaN,NaN
1988-10-01T12:00:00Z,0.0,-83.875,168.125,NaN,NaN
1988-10-01T12:00:00Z,0.0,-83.875,172.125,NaN,NaN
1988-10-01T12:00:00Z,0.0,-83.875,176.125,NaN,NaN
1988-10-01T12:00:00Z,0.0,-83.875,180.125,NaN,NaN
1988-10-01T12:00:00Z,0.0,-83.875,184.125,NaN,NaN
1988-10-01T12:00:00Z,0.0,-83.875,188.125,NaN,NaN
1988-10-01T12:00:00Z,0.0,-83.875,192.125,NaN,NaN
1988-10-01T12:00:00Z,0.0,-83.875,196.125,NaN,NaN
1988-10-01T12:00:00Z,0.0,-83.875,200.125,NaN,NaN
1988-10-01T12:00:00Z,0.0,-83.875,204.125,NaN,NaN
1988-10-01T12:00:00Z,0.0,-83.875,208.125,NaN,NaN
1988-10-01T12:00:00Z,0.0,-83.875,212.125,NaN,NaN
1988-10-01T12:00:00Z,0.0,-83.875,216.125,NaN,NaN
1988-10-01T12:00:00Z,0.0,-83.875,220.125,NaN,NaN
1988-10-01T12:00:00Z,0.0,-83.875,224.125,NaN,NaN
1988-10-01T12:00:00Z,0.0,-83.875,228.125,NaN,NaN
1988-10-01T12:00:00Z,0.0,-83.875,232.125,NaN,NaN
1988-10-01T12:00:00Z,0.0,-83.875,236.125,NaN,NaN
1988-10-01T12:00:00Z,0.0,-83.875,240.125,NaN,NaN
1988-10-01T12:00:00Z,0.0,-83.875,244.125,NaN,NaN
1988-10-01T12:00:00Z,0.0,-83.875,248.125,NaN,NaN
1988-10-01T12:00:00Z,0.0,-83.875,252.125,NaN,NaN
1988-10-01T12:00:00Z,0.0,-83.875,256.125,NaN,NaN
1988-10-01T12:00:00Z,0.0,-83.875,260.125,NaN,NaN
1988-10-01T12:00:00Z,0.0,-83.875,264.125,NaN,NaN
1988-10-01T12:00:00Z,0.0,-83.875,268.125,NaN,NaN
1988-10-01T12:00:00Z,0.0,-83.875,272.125,NaN,NaN
1988-10-01T12:00:00Z,0.0,-83.875,276.125,NaN,NaN
1988-10-01T12:00:00Z,0.0,-83.875,280.125,NaN,NaN
1988-10-01T12:00:00Z,0.0,-83.875,284.125,NaN,NaN
1988-10-01T12:00:00Z,0.0,-83.875,288.125,NaN,NaN
1988-10-01T12:00:00Z,0.0,-83.875,292.125,NaN,NaN
1988-10-01T12:00:00Z,0.0,-83.875,296.125,NaN,NaN
1988-10-01T12:00:00Z,0.0,-83.875,300.125,NaN,NaN
1988-10-01T12:00:00Z,0.0,-83.875,304.125,NaN,NaN
1988-10-01T12:00:00Z,0.0,-83.875,308.125,NaN,NaN
1988-10-01T12:00:00Z,0.0,-83.875,312.125,NaN,NaN
1988-10-01T12:00:00Z,0.0,-83.875,316.125,NaN,NaN
1988-10-01T12:00:00Z,0.0,-83.875,320.125,NaN,NaN
1988-10-01T12:00:00Z,0.0,-83.875,324.125,NaN,NaN
1988-10-01T12:00:00Z,0.0,-83.875,328.125,NaN,NaN
1988-10-01T12:00:00Z,0.0,-83.875,332.125,NaN,NaN
1988-10-01T12:00:00Z,0.0,-83.875,336.125,NaN,NaN
1988-10-01T12:00:00Z,0.0,-83.875,340.125,NaN,NaN
1988-10-01T12:00:00Z,0.0,-83.875,344.125,NaN,NaN
1988-10-01T12:00:00Z,0.0,-83.875,348.125,NaN,NaN
1988-10-01T12:00:00Z,0.0,-83.875,352.125,NaN,NaN
1988-10-01T12:00:00Z,0.0,-83.875,356.125,NaN,NaN
1988-10-01T12:00:00Z,0.0,-79.875,0.125,NaN,NaN
1988-10-01T12:00:00Z,0.0,-79.875,4.125,NaN,NaN
1988-10-01T12:00:00Z,0.0,-79.875,8.125,NaN,NaN
1988-10-01T12:00:00Z,0.0,-79.875,12.125,NaN,NaN
1988-10-01T12:00:00Z,0.0,-79.875,16.125,NaN,NaN
1988-10-01T12:00:00Z,0.0,-79.875,20.125,NaN,NaN
1988-10-01T12:00:00Z,0.0,-79.875,24.125,NaN,NaN
1988-10-01T12:00:00Z,0.0,-79.875,28.125,NaN,NaN
1988-10-01T12:00:00Z,0.0,-79.875,32.125,NaN,NaN
1988-10-01T12:00:00Z,0.0,-79.875,36.125,NaN,NaN
1988-10-01T12:00:00Z,0.0,-79.875,40.125,NaN,NaN
1988-10-01T12:00:00Z,0.0,-79.875,44.125,NaN,NaN
1988-10-01T12:00:00Z,0.0,-79.875,48.125,NaN,NaN
1988-10-01T12:00:00Z,0.0,-79.875,52.125,NaN,NaN
1988-10-01T12:00:00Z,0.0,-79.875,56.125,NaN,NaN
1988-10-01T12:00:00Z,0.0,-79.875,60.125,NaN,NaN
1988-10-01T12:00:00Z,0.0,-79.875,64.125,NaN,NaN
1988-10-01T12:00:00Z,0.0,-79.875,68.125,NaN,NaN
1988-10-01T12:00:00Z,0.0,-79.875,72.125,NaN,NaN
1988-10-01T12:00:00Z,0.0,-79.875,76.125,NaN,NaN
1988-10-01T12:00:00Z,0.0,-79.875,80.125,NaN,NaN
1988-10-01T12:00:00Z,0.0,-79.875,84.125,NaN,NaN
1988-10-01T12:00:00Z,0.0,-79.875,88.125,NaN,NaN
1988-10-01T12:00:00Z,0.0,-79.875,92.125,NaN,NaN
1988-10-01T12:00:00Z,0.0,-79.875,96.125,NaN,NaN
1988-10-01T12:00:00Z,0.0,-79.875,100.125,NaN,NaN
1988-10-01T12:00:00Z,0.0,-79.875,104.125,NaN,NaN
1988-10-01T12:00:00Z,0.0,-79.875,108.125,NaN,NaN
1988-10-01T12:00:00Z,0.0,-79.875,112.125,NaN,NaN
1988-10-01T12:00:00Z,0.0,-79.875,116.125,NaN,NaN
1988-10-01T12:00:00Z,0.0,-79.875,120.125,NaN,NaN
1988-10-01T12:00:00Z,0.0,-79.875,124.125,NaN,NaN
1988-10-01T12:00:00Z,0.0,-79.875,128.125,NaN,NaN
1988-10-01T12:00:00Z,0.0,-79.875,132.125,NaN,NaN
1988-10-01T12:00:00Z,0.0,-79.875,136.125,NaN,NaN
1988-10-01T12:00:00Z,0.0,-79.875,140.125,NaN,NaN
1988-10-01T12:00:00Z,0.0,-79.875,144.125,NaN,NaN
1988-10-01T12:00:00Z,0.0,-79.875,148.125,NaN,NaN
1988-10-01T12:00:00Z,0.0,-79.875,152.125,NaN,NaN
1988-10-01T12:00:00Z,0.0,-79.875,156.125,NaN,NaN
1988-10-01T12:00:00Z,0.0,-79.875,160.125,NaN,NaN
1988-10-01T12:00:00Z,0.0,-79.875,164.125,NaN,NaN
1988-10-01T12:00:00Z,0.0,-79.875,168.125,NaN,NaN
1988-10-01T12:00:00Z,0.0,-79.875,172.125,NaN,NaN
1988-10-01T12:00:00Z,0.0,-79.875,176.125,NaN,NaN
1988-10-01T12:00:00Z,0.0,-79.875,180.125,NaN,NaN
1988-10-01T12:00:00Z,0.0,-79.875,184.125,NaN,NaN
1988-10-01T12:00:00Z,0.0,-79.875,188.125,NaN,NaN
1988-10-01T12:00:00Z,0.0,-79.875,192.125,NaN,NaN
1988-10-01T12:00:00Z,0.0,-79.875,196.125,NaN,NaN
1988-10-01T12:00:00Z,0.0,-79.875,200.125,NaN,NaN
1988-10-01T12:00:00Z,0.0,-79.875,204.125,NaN,NaN
1988-10-01T12:00:00Z,0.0,-79.875,208.125,NaN,NaN
1988-10-01T12:00:00Z,0.0,-79.875,212.125,NaN,NaN
1988-10-01T12:00:00Z,0.0,-79.875,216.125,NaN,NaN
1988-10-01T12:00:00Z,0.0,-79.875,220.125,NaN,NaN
1988-10-01T12:00:00Z,0.0,-79.875,224.125,NaN,NaN
1988-10-01T12:00:00Z,0.0,-79.875,228.125,NaN,NaN
1988-10-01T12:00:00Z,0.0,-79.875,232.125,NaN,NaN
1988-10-01T12:00:00Z,0.0,-79.875,236.125,NaN,NaN
1988-10-01T12:00:00Z,0.0,-79.875,240.125,NaN,NaN
1988-10-01T12:00:00Z,0.0,-79.875,244.125,NaN,NaN
1988-10-01T12:00:00Z,0.0,-79.875,248.125,NaN,NaN
1988-10-01T12:00:00Z,0.0,-79.875,252.125,NaN,NaN
1988-10-01T12:00:00Z,0.0,-79.875,256.125,NaN,NaN
1988-10-01T12:00:00Z,0.0,-79.875,260.125,NaN,NaN
1988-10-01T12:00:00Z,0.0,-79.875,264.125,NaN,NaN
1988-10-01T12:00:00Z,0.0,-79.875,268.125,NaN,NaN
1988-10-01T12:00:00Z,0.0,-79.875,272.125,NaN,NaN
1988-10-01T12:00:00Z,0.0,-79.875,276.125,NaN,NaN
1988-10-01T12:00:00Z,0.0,-79.875,280.125,NaN,NaN
1988-10-01T12:00:00Z,0.0,-79.875,284.125,NaN,NaN
1988-10-01T12:00:00Z,0.0,-79.875,288.125,NaN,NaN
1988-10-01T12:00:00Z,0.0,-79.875,292.125,NaN,NaN
1988-10-01T12:00:00Z,0.0,-79.875,296.125,NaN,NaN
1988-10-01T12:00:00Z,0.0,-79.875,300.125,NaN,NaN
1988-10-01T12:00:00Z,0.0,-79.875,304.125,NaN,NaN
1988-10-01T12:00:00Z,0.0,-79.875,308.125,NaN,NaN
1988-10-01T12:00:00Z,0.0,-79.875,312.125,NaN,NaN
1988-10-01T12:00:00Z,0.0,-79.875,316.125,NaN,NaN
1988-10-01T12:00:00Z,0.0,-79.875,320.125,NaN,NaN
1988-10-01T12:00:00Z,0.0,-79.875,324.125,NaN,NaN
1988-10-01T12:00:00Z,0.0,-79.875,328.125,NaN,NaN
1988-10-01T12:00:00Z,0.0,-79.875,332.125,NaN,NaN
1988-10-01T12:00:00Z,0.0,-79.875,336.125,NaN,NaN
1988-10-01T12:00:00Z,0.0,-79.875,340.125,NaN,NaN
1988-10-01T12:00:00Z,0.0,-79.875,344.125,NaN,NaN
1988-10-01T12:00:00Z,0.0,-79.875,348.125,NaN,NaN
1988-10-01T12:00:00Z,0.0,-79.875,352.125,NaN,NaN
1988-10-01T12:00:00Z,0.0,-79.875,356.125,NaN,NaN
1988-10-01T12:00:00Z,0.0,-75.875,0.125,NaN,NaN
1988-10-01T12:00:00Z,0.0,-75.875,4.125,NaN,NaN
1988-10-01T12:00:00Z,0.0,-75.875,8.125,NaN,NaN
1988-10-01T12:00:00Z,0.0,-75.875,12.125,NaN,NaN
1988-10-01T12:00:00Z,0.0,-75.875,16.125,NaN,NaN
1988-10-01T12:00:00Z,0.0,-75.875,20.125,NaN,NaN
1988-10-01T12:00:00Z,0.0,-75.875,24.125,NaN,NaN
1988-10-01T12:00:00Z,0.0,-75.875,28.125,NaN,NaN
1988-10-01T12:00:00Z,0.0,-75.875,32.125,NaN,NaN
1988-10-01T12:00:00Z,0.0,-75.875,36.125,NaN,NaN
1988-10-01T12:00:00Z,0.0,-75.875,40.125,NaN,NaN
1988-10-01T12:00:00Z,0.0,-75.875,44.125,NaN,NaN
1988-10-01T12:00:00Z,0.0,-75.875,48.125,NaN,NaN
1988-10-01T12:00:00Z,0.0,-75.875,52.125,NaN,NaN
1988-10-01T12:00:00Z,0.0,-75.875,56.125,NaN,NaN
1988-10-01T12:00:00Z,0.0,-75.875,60.125,NaN,NaN
1988-10-01T12:00:00Z,0.0,-75.875,64.125,NaN,NaN
1988-10-01T12:00:00Z,0.0,-75.875,68.125,NaN,NaN
1988-10-01T12:00:00Z,0.0,-75.875,72.125,NaN,NaN
1988-10-01T12:00:00Z,0.0,-75.875,76.125,NaN,NaN
1988-10-01T12:00:00Z,0.0,-75.875,80.125,NaN,NaN
1988-10-01T12:00:00Z,0.0,-75.875,84.125,NaN,NaN
1988-10-01T12:00:00Z,0.0,-75.875,88.125,NaN,NaN
1988-10-01T12:00:00Z,0.0,-75.875,92.125,NaN,NaN
1988-10-01T12:00:00Z,0.0,-75.875,96.125,NaN,NaN
1988-10-01T12:00:00Z,0.0,-75.875,100.125,NaN,NaN
1988-10-01T12:00:00Z,0.0,-75.875,104.125,NaN,NaN
1988-10-01T12:00:00Z,0.0,-75.875,108.125,NaN,NaN
1988-10-01T12:00:00Z,0.0,-75.875,112.125,NaN,NaN
1988-10-01T12:00:00Z,0.0,-75.875,116.125,NaN,NaN
1988-10-01T12:00:00Z,0.0,-75.875,120.125,NaN,NaN
1988-10-01T12:00:00Z,0.0,-75.875,124.125,NaN,NaN
1988-10-01T12:00:00Z,0.0,-75.875,128.125,NaN,NaN
1988-10-01T12:00:00Z,0.0,-75.875,132.125,NaN,NaN
1988-10-01T12:00:00Z,0.0,-75.875,136.125,NaN,NaN
1988-10-01T12:00:00Z,0.0,-75.875,140.125,NaN,NaN
1988-10-01T12:00:00Z,0.0,-75.875,144.125,NaN,NaN
1988-10-01T12:00:00Z,0.0,-75.875,148.125,NaN,NaN
1988-10-01T12:00:00Z,0.0,-75.875,152.125,NaN,NaN
1988-10-01T12:00:00Z,0.0,-75.875,156.125,NaN,NaN
1988-10-01T12:00:00Z,0.0,-75.875,160.125,NaN,NaN
1988-10-01T12:00:00Z,0.0,-75.875,164.125,-1.53,-0.24
1988-10-01T12:00:00Z,0.0,-75.875,168.125,-1.68,0.05
1988-10-01T12:00:00Z,0.0,-75.875,172.125,-1.48,0.17
1988-10-01T12:00:00Z,0.0,-75.875,176.125,-1.4,0.1
1988-10-01T12:00:00Z,0.0,-75.875,180.125,-1.65,-0.05
1988-10-01T12:00:00Z,0.0,-75.875,184.125,-1.57,0.09
1988-10-01T12:00:00Z,0.0,-75.875,188.125,-1.73,0.02
1988-10-01T12:00:00Z,0.0,-75.875,192.125,-1.78,0.01
1988-10-01T12:00:00Z,0.0,-75.875,196.125,-1.8,-0.01
1988-10-01T12:00:00Z,0.0,-75.875,200.125,-1.8,-0.03
1988-10-01T12:00:00Z,0.0,-75.875,204.125,-1.8,-0.01
1988-10-01T12:00:00Z,0.0,-75.875,208.125,-1.77,0.0
1988-10-01T12:00:00Z,0.0,-75.875,212.125,-1.51,0.23
1988-10-01T12:00:00Z,0.0,-75.875,216.125,NaN,NaN
1988-10-01T12:00:00Z,0.0,-75.875,220.125,NaN,NaN
1988-10-01T12:00:00Z,0.0,-75.875,224.125,NaN,NaN
1988-10-01T12:00:00Z,0.0,-75.875,228.125,NaN,NaN
1988-10-01T12:00:00Z,0.0,-75.875,232.125,NaN,NaN
1988-10-01T12:00:00Z,0.0,-75.875,236.125,NaN,NaN
1988-10-01T12:00:00Z,0.0,-75.875,240.125,NaN,NaN
1988-10-01T12:00:00Z,0.0,-75.875,244.125,NaN,NaN
1988-10-01T12:00:00Z,0.0,-75.875,248.125,NaN,NaN
1988-10-01T12:00:00Z,0.0,-75.875,252.125,NaN,NaN
1988-10-01T12:00:00Z,0.0,-75.875,256.125,NaN,NaN
1988-10-01T12:00:00Z,0.0,-75.875,260.125,NaN,NaN
1988-10-01T12:00:00Z,0.0,-75.875,264.125,NaN,NaN
1988-10-01T12:00:00Z,0.0,-75.875,268.125,NaN,NaN
1988-10-01T12:00:00Z,0.0,-75.875,272.125,NaN,NaN
1988-10-01T12:00:00Z,0.0,-75.875,276.125,NaN,NaN
1988-10-01T12:00:00Z,0.0,-75.875,280.125,NaN,NaN
1988-10-01T12:00:00Z,0.0,-75.875,284.125,NaN,NaN
1988-10-01T12:00:00Z,0.0,-75.875,288.125,NaN,NaN
1988-10-01T12:00:00Z,0.0,-75.875,292.125,NaN,NaN
1988-10-01T12:00:00Z,0.0,-75.875,296.125,-1.4,0.01
1988-10-01T12:00:00Z,0.0,-75.875,300.125,-1.5,-0.17
1988-10-01T12:00:00Z,0.0,-75.875,304.125,-1.62,-0.07
1988-10-01T12:00:00Z,0.0,-75.875,308.125,-1.75,-0.12
1988-10-01T12:00:00Z,0.0,-75.875,312.125,-1.76,-0.04
1988-10-01T12:00:00Z,0.0,-75.875,316.125,-1.74,-0.03
1988-10-01T12:00:00Z,0.0,-75.875,320.125,-1.73,0.01
1988-10-01T12:00:00Z,0.0,-75.875,324.125,-1.77,0.02
1988-10-01T12:00:00Z,0.0,-75.875,328.125,-1.74,0.03
1988-10-01T12:00:00Z,0.0,-75.875,332.125,-1.65,-0.12
1988-10-01T12:00:00Z,0.0,-75.875,336.125,-1.52,-0.14
1988-10-01T12:00:00Z,0.0,-75.875,340.125,NaN,NaN
1988-10-01T12:00:00Z,0.0,-75.875,344.125,NaN,NaN
1988-10-01T12:00:00Z,0.0,-75.875,348.125,NaN,NaN
1988-10-01T12:00:00Z,0.0,-75.875,352.125,NaN,NaN
1988-10-01T12:00:00Z,0.0,-75.875,356.125,NaN,NaN
1988-10-01T12:00:00Z,0.0,-71.875,0.125,NaN,NaN
1988-10-01T12:00:00Z,0.0,-71.875,4.125,NaN,NaN
1988-10-01T12:00:00Z,0.0,-71.875,8.125,NaN,NaN
1988-10-01T12:00:00Z,0.0,-71.875,12.125,NaN,NaN
1988-10-01T12:00:00Z,0.0,-71.875,16.125,NaN,NaN
1988-10-01T12:00:00Z,0.0,-71.875,20.125,NaN,NaN
1988-10-01T12:00:00Z,0.0,-71.875,24.125,NaN,NaN
1988-10-01T12:00:00Z,0.0,-71.875,28.125,NaN,NaN
1988-10-01T12:00:00Z,0.0,-71.875,32.125,NaN,NaN
1988-10-01T12:00:00Z,0.0,-71.875,36.125,NaN,NaN
1988-10-01T12:00:00Z,0.0,-71.875,40.125,NaN,NaN
1988-10-01T12:00:00Z,0.0,-71.875,44.125,NaN,NaN
1988-10-01T12:00:00Z,0.0,-71.875,48.125,NaN,NaN
1988-10-01T12:00:00Z,0.0,-71.875,52.125,NaN,NaN
1988-10-01T12:00:00Z,0.0,-71.875,56.125,NaN,NaN
1988-10-01T12:00:00Z,0.0,-71.875,60.125,NaN,NaN
1988-10-01T12:00:00Z,0.0,-71.875,64.125,NaN,NaN
1988-10-01T12:00:00Z,0.0,-71.875,68.125,-1.52,0.0
1988-10-01T12:00:00Z,0.0,-71.875,72.125,NaN,NaN
1988-10-01T12:00:00Z,0.0,-71.875,76.125,NaN,NaN
1988-10-01T12:00:00Z,0.0,-71.875,80.125,NaN,NaN
1988-10-01T12:00:00Z,0.0,-71.875,84.125,NaN,NaN
1988-10-01T12:00:00Z,0.0,-71.875,88.125,NaN,NaN
1988-10-01T12:00:00Z,0.0,-71.875,92.125,NaN,NaN
1988-10-01T12:00:00Z,0.0,-71.875,96.125,NaN,NaN
1988-10-01T12:00:00Z,0.0,-71.875,100.125,NaN,NaN
1988-10-01T12:00:00Z,0.0,-71.875,104.125,NaN,NaN
1988-10-01T12:00:00Z,0.0,-71.875,108.125,NaN,NaN
1988-10-01T12:00:00Z,0.0,-71.875,112.125,NaN,NaN
1988-10-01T12:00:00Z,0.0,-71.875,116.125,NaN,NaN
1988-10-01T12:00:00Z,0.0,-71.875,120.125,NaN,NaN
1988-10-01T12:00:00Z,0.0,-71.875,124.125,NaN,NaN
1988-10-01T12:00:00Z,0.0,-71.875,128.125,NaN,NaN
1988-10-01T12:00:00Z,0.0,-71.875,132.125,NaN,NaN
1988-10-01T12:00:00Z,0.0,-71.875,136.125,NaN,NaN
1988-10-01T12:00:00Z,0.0,-71.875,140.125,NaN,NaN
1988-10-01T12:00:00Z,0.0,-71.875,144.125,NaN,NaN
1988-10-01T12:00:00Z,0.0,-71.875,148.125,NaN,NaN
1988-10-01T12:00:00Z,0.0,-71.875,152.125,NaN,NaN
1988-10-01T12:00:00Z,0.0,-71.875,156.125,NaN,NaN
1988-10-01T12:00:00Z,0.0,-71.875,160.125,NaN,NaN
1988-10-01T12:00:00Z,0.0,-71.875,164.125,NaN,NaN
1988-10-01T12:00:00Z,0.0,-71.875,168.125,NaN,NaN
1988-10-01T12:00:00Z,0.0,-71.875,172.125,-1.53,0.15
1988-10-01T12:00:00Z,0.0,-71.875,176.125,-1.68,0.09
1988-10-01T12:00:00Z,0.0,-71.875,180.125,-1.71,0.07
1988-10-01T12:00:00Z,0.0,-71.875,184.125,-1.72,0.07
1988-10-01T12:00:00Z,0.0,-71.875,188.125,-1.76,0.04
1988-10-01T12:00:00Z,0.0,-71.875,192.125,-1.8,-0.01
1988-10-01T12:00:00Z,0.0,-71.875,196.125,-1.8,-0.01
1988-10-01T12:00:00Z,0.0,-71.875,200.125,-1.8,0.0
1988-10-01T12:00:00Z,0.0,-71.875,204.125,-1.8,0.0
1988-10-01T12:00:00Z,0.0,-71.875,208.125,-1.8,0.0
1988-10-01T12:00:00Z,0.0,-71.875,212.125,-1.8,0.0
1988-10-01T12:00:00Z,0.0,-71.875,216.125,-1.71,0.08
1988-10-01T12:00:00Z,0.0,-71.875,220.125,-1.67,0.12
1988-10-01T12:00:00Z,0.0,-71.875,224.125,-1.7,0.1
1988-10-01T12:00:00Z,0.0,-71.875,228.125,-1.68,0.1
1988-10-01T12:00:00Z,0.0,-71.875,232.125,-1.66,0.07
1988-10-01T12:00:00Z,0.0,-71.875,236.125,-1.63,0.13
1988-10-01T12:00:00Z,0.0,-71.875,240.125,-1.62,0.16
1988-10-01T12:00:00Z,0.0,-71.875,244.125,-1.64,0.11
1988-10-01T12:00:00Z,0.0,-71.875,248.125,-1.49,0.16
1988-10-01T12:00:00Z,0.0,-71.875,252.125,-1.48,0.23
1988-10-01T12:00:00Z,0.0,-71.875,256.125,-1.57,0.16
1988-10-01T12:00:00Z,0.0,-71.875,260.125,-1.54,0.13
1988-10-01T12:00:00Z,0.0,-71.875,264.125,-1.58,0.06
1988-10-01T12:00:00Z,0.0,-71.875,268.125,-1.65,0.03
1988-10-01T12:00:00Z,0.0,-71.875,272.125,-1.64,0.12
1988-10-01T12:00:00Z,0.0,-71.875,276.125,-1.67,0.11
1988-10-01T12:00:00Z,0.0,-71.875,280.125,-1.64,0.07
1988-10-01T12:00:00Z,0.0,-71.875,284.125,-1.57,0.07
1988-10-01T12:00:00Z,0.0,-71.875,288.125,-1.34,0.15
1988-10-01T12:00:00Z,0.0,-71.875,292.125,-1.36,0.0
1988-10-01T12:00:00Z,0.0,-71.875,296.125,NaN,NaN
1988-10-01T12:00:00Z,0.0,-71.875,300.125,-1.63,-0.03
1988-10-01T12:00:00Z,0.0,-71.875,304.125,-1.75,0.05
1988-10-01T12:00:00Z,0.0,-71.875,308.125,-1.74,0.06
1988-10-01T12:00:00Z,0.0,-71.875,312.125,-1.74,0.06
1988-10-01T12:00:00Z,0.0,-71.875,316.125,-1.76,0.04
1988-10-01T12:00:00Z,0.0,-71.875,320.125,-1.76,0.04
1988-10-01T12:00:00Z,0.0,-71.875,324.125,-1.79,0.01
1988-10-01T12:00:00Z,0.0,-71.875,328.125,-1.76,0.04
1988-10-01T12:00:00Z,0.0,-71.875,332.125,-1.76,0.04
1988-10-01T12:00:00Z,0.0,-71.875,336.125,-1.76,0.0
1988-10-01T12:00:00Z,0.0,-71.875,340.125,-1.8,-0.11
1988-10-01T12:00:00Z,0.0,-71.875,344.125,-1.65,-0.03
1988-10-01T12:00:00Z,0.0,-71.875,348.125,-1.55,-0.25
1988-10-01T12:00:00Z,0.0,-71.875,352.125,NaN,NaN
1988-10-01T12:00:00Z,0.0,-71.875,356.125,NaN,NaN
1988-10-01T12:00:00Z,0.0,-67.875,0.125,-1.77,0.0
1988-10-01T12:00:00Z,0.0,-67.875,4.125,-1.73,0.04
1988-10-01T12:00:00Z,0.0,-67.875,8.125,-1.76,-0.01
1988-10-01T12:00:00Z,0.0,-67.875,12.125,-1.75,-0.02
1988-10-01T12:00:00Z,0.0,-67.875,16.125,-1.78,-0.01
1988-10-01T12:00:00Z,0.0,-67.875,20.125,-1.8,-0.04
1988-10-01T12:00:00Z,0.0,-67.875,24.125,-1.76,0.02
1988-10-01T12:00:00Z,0.0,-67.875,28.125,-1.78,-0.04
1988-10-01T12:00:00Z,0.0,-67.875,32.125,-1.77,-0.05
1988-10-01T12:00:00Z,0.0,-67.875,36.125,-1.79,-0.04
1988-10-01T12:00:00Z,0.0,-67.875,40.125,-1.78,-0.02
1988-10-01T12:00:00Z,0.0,-67.875,44.125,-1.69,0.07
1988-10-01T12:00:00Z,0.0,-67.875,48.125,NaN,NaN
1988-10-01T12:00:00Z,0.0,-67.875,52.125,NaN,NaN
1988-10-01T12:00:00Z,0.0,-67.875,56.125,NaN,NaN
1988-10-01T12:00:00Z,0.0,-67.875,60.125,NaN,NaN
1988-10-01T12:00:00Z,0.0,-67.875,64.125,NaN,NaN
1988-10-01T12:00:00Z,0.0,-67.875,68.125,NaN,NaN
1988-10-01T12:00:00Z,0.0,-67.875,72.125,-1.67,0.03
1988-10-01T12:00:00Z,0.0,-67.875,76.125,-1.65,0.01
1988-10-01T12:00:00Z,0.0,-67.875,80.125,-1.66,-0.16
1988-10-01T12:00:00Z,0.0,-67.875,84.125,NaN,NaN
1988-10-01T12:00:00Z,0.0,-67.875,88.125,NaN,NaN
1988-10-01T12:00:00Z,0.0,-67.875,92.125,NaN,NaN
1988-10-01T12:00:00Z,0.0,-67.875,96.125,NaN,NaN
1988-10-01T12:00:00Z,0.0,-67.875,100.125,NaN,NaN
1988-10-01T12:00:00Z,0.0,-67.875,104.125,NaN,NaN
1988-10-01T12:00:00Z,0.0,-67.875,108.125,NaN,NaN
1988-10-01T12:00:00Z,0.0,-67.875,112.125,NaN,NaN
1988-10-01T12:00:00Z,0.0,-67.875,116.125,NaN,NaN
1988-10-01T12:00:00Z,0.0,-67.875,120.125,NaN,NaN
1988-10-01T12:00:00Z,0.0,-67.875,124.125,NaN,NaN
1988-10-01T12:00:00Z,0.0,-67.875,128.125,NaN,NaN
1988-10-01T12:00:00Z,0.0,-67.875,132.125,NaN,NaN
1988-10-01T12:00:00Z,0.0,-67.875,136.125,NaN,NaN
1988-10-01T12:00:00Z,0.0,-67.875,140.125,NaN,NaN
1988-10-01T12:00:00Z,0.0,-67.875,144.125,NaN,NaN
1988-10-01T12:00:00Z,0.0,-67.875,148.125,-1.67,-0.14
1988-10-01T12:00:00Z,0.0,-67.875,152.125,-1.8,-0.06
1988-10-01T12:00:00Z,0.0,-67.875,156.125,-1.77,0.0
1988-10-01T12:00:00Z,0.0,-67.875,160.125,-1.7,0.07
1988-10-01T12:00:00Z,0.0,-67.875,164.125,-1.6,0.14
1988-10-01T12:00:00Z,0.0,-67.875,168.125,-1.63,0.14
1988-10-01T12:00:00Z,0.0,-67.875,172.125,-1.6,0.19
1988-10-01T12:00:00Z,0.0,-67.875,176.125,-1.64,0.15
1988-10-01T12:00:00Z,0.0,-67.875,180.125,-1.67,0.09
1988-10-01T12:00:00Z,0.0,-67.875,184.125,-1.66,0.08
1988-10-01T12:00:00Z,0.0,-67.875,188.125,-1.67,0.08
1988-10-01T12:00:00Z,0.0,-67.875,192.125,-1.69,0.06
1988-10-01T12:00:00Z,0.0,-67.875,196.125,-1.73,0.03
1988-10-01T12:00:00Z,0.0,-67.875,200.125,-1.74,0.03
1988-10-01T12:00:00Z,0.0,-67.875,204.125,-1.76,0.0
1988-10-01T12:00:00Z,0.0,-67.875,208.125,-1.74,0.03
1988-10-01T12:00:00Z,0.0,-67.875,212.125,-1.72,0.05
1988-10-01T12:00:00Z,0.0,-67.875,216.125,-1.72,0.05
1988-10-01T12:00:00Z,0.0,-67.875,220.125,-1.58,0.18
1988-10-01T12:00:00Z,0.0,-67.875,224.125,-1.61,0.14
1988-10-01T12:00:00Z,0.0,-67.875,228.125,-1.63,0.09
1988-10-01T12:00:00Z,0.0,-67.875,232.125,-1.69,-0.01
1988-10-01T12:00:00Z,0.0,-67.875,236.125,-1.68,-0.04
1988-10-01T12:00:00Z,0.0,-67.875,240.125,-1.63,-0.04
1988-10-01T12:00:00Z,0.0,-67.875,244.125,-1.66,-0.13
1988-10-01T12:00:00Z,0.0,-67.875,248.125,-1.59,-0.09
1988-10-01T12:00:00Z,0.0,-67.875,252.125,-1.41,0.06
1988-10-01T12:00:00Z,0.0,-67.875,256.125,-1.29,0.05
1988-10-01T12:00:00Z,0.0,-67.875,260.125,-1.26,0.08
1988-10-01T12:00:00Z,0.0,-67.875,264.125,-1.55,-0.15
1988-10-01T12:00:00Z,0.0,-67.875,268.125,-1.28,0.17
1988-10-01T12:00:00Z,0.0,-67.875,272.125,-1.51,-0.01
1988-10-01T12:00:00Z,0.0,-67.875,276.125,-1.38,0.15
1988-10-01T12:00:00Z,0.0,-67.875,280.125,-1.46,0.13
1988-10-01T12:00:00Z,0.0,-67.875,284.125,-1.69,-0.06
1988-10-01T12:00:00Z,0.0,-67.875,288.125,-1.69,-0.04
1988-10-01T12:00:00Z,0.0,-67.875,292.125,-1.58,0.04
1988-10-01T12:00:00Z,0.0,-67.875,296.125,-1.56,0.0
1988-10-01T12:00:00Z,0.0,-67.875,300.125,-1.8,-0.14
1988-10-01T12:00:00Z,0.0,-67.875,304.125,-1.76,0.03
1988-10-01T12:00:00Z,0.0,-67.875,308.125,-1.74,0.05
1988-10-01T12:00:00Z,0.0,-67.875,312.125,-1.79,0.0
1988-10-01T12:00:00Z,0.0,-67.875,316.125,-1.74,0.05
1988-10-01T12:00:00Z,0.0,-67.875,320.125,-1.74,0.06
1988-10-01T12:00:00Z,0.0,-67.875,324.125,-1.76,0.04
1988-10-01T12:00:00Z,0.0,-67.875,328.125,-1.76,0.04
1988-10-01T12:00:00Z,0.0,-67.875,332.125,-1.76,0.03
1988-10-01T12:00:00Z,0.0,-67.875,336.125,-1.7,0.1
1988-10-01T12:00:00Z,0.0,-67.875,340.125,-1.73,0.07
1988-10-01T12:00:00Z,0.0,-67.875,344.125,-1.72,0.08
1988-10-01T12:00:00Z,0.0,-67.875,348.125,-1.73,0.06
1988-10-01T12:00:00Z,0.0,-67.875,352.125,-1.76,0.03
1988-10-01T12:00:00Z,0.0,-67.875,356.125,-1.77,0.01
1988-10-01T12:00:00Z,0.0,-63.875,0.125,-1.73,0.05
1988-10-01T12:00:00Z,0.0,-63.875,4.125,-1.72,0.05
1988-10-01T12:00:00Z,0.0,-63.875,8.125,-1.74,0.05
1988-10-01T12:00:00Z,0.0,-63.875,12.125,-1.66,0.13
1988-10-01T12:00:00Z,0.0,-63.875,16.125,-1.71,0.08
1988-10-01T12:00:00Z,0.0,-63.875,20.125,-1.73,0.07
1988-10-01T12:00:00Z,0.0,-63.875,24.125,-1.72,0.08
1988-10-01T12:00:00Z,0.0,-63.875,28.125,-1.73,0.07
1988-10-01T12:00:00Z,0.0,-63.875,32.125,-1.71,0.08
1988-10-01T12:00:00Z,0.0,-63.875,36.125,-1.74,0.05
1988-10-01T12:00:00Z,0.0,-63.875,40.125,-1.72,0.05
1988-10-01T12:00:00Z,0.0,-63.875,44.125,-1.69,0.07
1988-10-01T12:00:00Z,0.0,-63.875,48.125,-1.46,0.29
1988-10-01T12:00:00Z,0.0,-63.875,52.125,-1.58,0.14
1988-10-01T12:00:00Z,0.0,-63.875,56.125,-1.58,0.15
1988-10-01T12:00:00Z,0.0,-63.875,60.125,-1.66,0.09
1988-10-01T12:00:00Z,0.0,-63.875,64.125,-1.65,0.1
1988-10-01T12:00:00Z,0.0,-63.875,68.125,-1.68,0.07
1988-10-01T12:00:00Z,0.0,-63.875,72.125,-1.68,0.04
1988-10-01T12:00:00Z,0.0,-63.875,76.125,-1.69,-0.05
1988-10-01T12:00:00Z,0.0,-63.875,80.125,-1.75,-0.11
1988-10-01T12:00:00Z,0.0,-63.875,84.125,-1.74,-0.04
1988-10-01T12:00:00Z,0.0,-63.875,88.125,-1.74,0.0
1988-10-01T12:00:00Z,0.0,-63.875,92.125,-1.65,0.06
1988-10-01T12:00:00Z,0.0,-63.875,96.125,-1.7,-0.04
1988-10-01T12:00:00Z,0.0,-63.875,100.125,-1.73,-0.01
1988-10-01T12:00:00Z,0.0,-63.875,104.125,-1.66,0.03
1988-10-01T12:00:00Z,0.0,-63.875,108.125,-1.59,0.04
1988-10-01T12:00:00Z,0.0,-63.875,112.125,-1.53,0.01
1988-10-01T12:00:00Z,0.0,-63.875,116.125,-1.6,-0.05
1988-10-01T12:00:00Z,0.0,-63.875,120.125,-1.56,-0.11
1988-10-01T12:00:00Z,0.0,-63.875,124.125,-1.48,-0.11
1988-10-01T12:00:00Z,0.0,-63.875,128.125,-1.47,-0.15
1988-10-01T12:00:00Z,0.0,-63.875,132.125,-1.47,-0.17
1988-10-01T12:00:00Z,0.0,-63.875,136.125,-1.55,-0.19
1988-10-01T12:00:00Z,0.0,-63.875,140.125,-1.54,-0.23
1988-10-01T12:00:00Z,0.0,-63.875,144.125,-1.47,-0.25
1988-10-01T12:00:00Z,0.0,-63.875,148.125,-1.49,-0.27
1988-10-01T12:00:00Z,0.0,-63.875,152.125,-1.52,-0.25
1988-10-01T12:00:00Z,0.0,-63.875,156.125,-1.55,-0.33
1988-10-01T12:00:00Z,0.0,-63.875,160.125,-1.39,-0.16
1988-10-01T12:00:00Z,0.0,-63.875,164.125,-1.43,-0.24
1988-10-01T12:00:00Z,0.0,-63.875,168.125,-1.4,-0.35
1988-10-01T12:00:00Z,0.0,-63.875,172.125,-1.22,-0.4
1988-10-01T12:00:00Z,0.0,-63.875,176.125,-1.14,-0.59
1988-10-01T12:00:00Z,0.0,-63.875,180.125,-1.12,-0.86
1988-10-01T12:00:00Z,0.0,-63.875,184.125,-1.29,-0.91
1988-10-01T12:00:00Z,0.0,-63.875,188.125,-1.35,-0.73
1988-10-01T12:00:00Z,0.0,-63.875,192.125,-1.6,-0.71
1988-10-01T12:00:00Z,0.0,-63.875,196.125,-1.65,-0.55
1988-10-01T12:00:00Z,0.0,-63.875,200.125,-1.64,-0.44
1988-10-01T12:00:00Z,0.0,-63.875,204.125,-1.64,-0.4
1988-10-01T12:00:00Z,0.0,-63.875,208.125,-1.64,-0.29
1988-10-01T12:00:00Z,0.0,-63.875,212.125,-1.64,-0.18
1988-10-01T12:00:00Z,0.0,-63.875,216.125,-1.62,-0.11
1988-10-01T12:00:00Z,0.0,-63.875,220.125,-1.56,-0.2
1988-10-01T12:00:00Z,0.0,-63.875,224.125,-1.26,-0.15
1988-10-01T12:00:00Z,0.0,-63.875,228.125,-0.61,0.2
1988-10-01T12:00:00Z,0.0,-63.875,232.125,-0.29,0.16
1988-10-01T12:00:00Z,0.0,-63.875,236.125,0.1,0.18
1988-10-01T12:00:00Z,0.0,-63.875,240.125,0.27,0.15
1988-10-01T12:00:00Z,0.0,-63.875,244.125,1.22,0.82
1988-10-01T12:00:00Z,0.0,-63.875,248.125,1.4,0.8
1988-10-01T12:00:00Z,0.0,-63.875,252.125,1.71,1.33
1988-10-01T12:00:00Z,0.0,-63.875,256.125,1.25,0.92
1988-10-01T12:00:00Z,0.0,-63.875,260.125,0.77,0.39
1988-10-01T12:00:00Z,0.0,-63.875,264.125,0.56,0.24
1988-10-01T12:00:00Z,0.0,-63.875,268.125,-0.52,-0.66
1988-10-01T12:00:00Z,0.0,-63.875,272.125,-0.42,-0.7
1988-10-01T12:00:00Z,0.0,-63.875,276.125,1.11,0.92
1988-10-01T12:00:00Z,0.0,-63.875,280.125,-0.56,-0.51
1988-10-01T12:00:00Z,0.0,-63.875,284.125,-1.12,-0.91
1988-10-01T12:00:00Z,0.0,-63.875,288.125,-0.45,0.2
1988-10-01T12:00:00Z,0.0,-63.875,292.125,-1.26,-0.24
1988-10-01T12:00:00Z,0.0,-63.875,296.125,-1.35,-0.4
1988-10-01T12:00:00Z,0.0,-63.875,300.125,-1.36,-0.35
1988-10-01T12:00:00Z,0.0,-63.875,304.125,-1.69,-0.36
1988-10-01T12:00:00Z,0.0,-63.875,308.125,-1.7,-0.19
1988-10-01T12:00:00Z,0.0,-63.875,312.125,-1.71,-0.05
1988-10-01T12:00:00Z,0.0,-63.875,316.125,-1.67,0.05
1988-10-01T12:00:00Z,0.0,-63.875,320.125,-1.67,0.08
1988-10-01T12:00:00Z,0.0,-63.875,324.125,-1.7,0.06
1988-10-01T12:00:00Z,0.0,-63.875,328.125,-1.75,0.02
1988-10-01T12:00:00Z,0.0,-63.875,332.125,-1.75,0.02
1988-10-01T12:00:00Z,0.0,-63.875,336.125,-1.73,0.05
1988-10-01T12:00:00Z,0.0,-63.875,340.125,-1.71,0.07
1988-10-01T12:00:00Z,0.0,-63.875,344.125,-1.71,0.07
1988-10-01T12:00:00Z,0.0,-63.875,348.125,-1.7,0.1
1988-10-01T12:00:00Z,0.0,-63.875,352.125,-1.72,0.08
1988-10-01T12:00:00Z,0.0,-63.875,356.125,-1.75,0.05
1988-10-01T12:00:00Z,0.0,-59.875,0.125,-1.71,0.02
1988-10-01T12:00:00Z,0.0,-59.875,4.125,-1.71,0.05
1988-10-01T12:00:00Z,0.0,-59.875,8.125,-1.68,0.09
1988-10-01T12:00:00Z,0.0,-59.875,12.125,-1.68,0.1
1988-10-01T12:00:00Z,0.0,-59.875,16.125,-1.65,0.13
1988-10-01T12:00:00Z,0.0,-59.875,20.125,-1.63,0.03
1988-10-01T12:00:00Z,0.0,-59.875,24.125,-1.55,-0.23
1988-10-01T12:00:00Z,0.0,-59.875,28.125,-1.55,-0.48
1988-10-01T12:00:00Z,0.0,-59.875,32.125,-1.61,-0.52
1988-10-01T12:00:00Z,0.0,-59.875,36.125,-1.49,-0.48
1988-10-01T12:00:00Z,0.0,-59.875,40.125,-1.32,-0.28
1988-10-01T12:00:00Z,0.0,-59.875,44.125,-1.36,-0.3
1988-10-01T12:00:00Z,0.0,-59.875,48.125,-1.46,-0.42
1988-10-01T12:00:00Z,0.0,-59.875,52.125,-1.35,-0.22
1988-10-01T12:00:00Z,0.0,-59.875,56.125,-1.5,-0.32
1988-10-01T12:00:00Z,0.0,-59.875,60.125,-1.23,-0.08
1988-10-01T12:00:00Z,0.0,-59.875,64.125,-1.58,-0.49
1988-10-01T12:00:00Z,0.0,-59.875,68.125,-1.19,-0.08
1988-10-01T12:00:00Z,0.0,-59.875,72.125,-1.5,-0.19
1988-10-01T12:00:00Z,0.0,-59.875,76.125,-1.66,-0.23
1988-10-01T12:00:00Z,0.0,-59.875,80.125,-1.58,-0.24
1988-10-01T12:00:00Z,0.0,-59.875,84.125,-1.59,-0.51
1988-10-01T12:00:00Z,0.0,-59.875,88.125,-1.35,-0.57
1988-10-01T12:00:00Z,0.0,-59.875,92.125,-1.39,-0.54
1988-10-01T12:00:00Z,0.0,-59.875,96.125,-1.29,-0.42
1988-10-01T12:00:00Z,0.0,-59.875,100.125,-0.8,0.1
1988-10-01T12:00:00Z,0.0,-59.875,104.125,-1.71,-0.9
1988-10-01T12:00:00Z,0.0,-59.875,108.125,-0.94,-0.21
1988-10-01T12:00:00Z,0.0,-59.875,112.125,-0.48,0.11
1988-10-01T12:00:00Z,0.0,-59.875,116.125,-0.37,0.05
1988-10-01T12:00:00Z,0.0,-59.875,120.125,-0.48,-0.12
1988-10-01T12:00:00Z,0.0,-59.875,124.125,-0.04,0.14
1988-10-01T12:00:00Z,0.0,-59.875,128.125,-1.01,-1.05
1988-10-01T12:00:00Z,0.0,-59.875,132.125,-0.56,-0.68
1988-10-01T12:00:00Z,0.0,-59.875,136.125,0.18,0.13
1988-10-01T12:00:00Z,0.0,-59.875,140.125,-0.78,-0.94
1988-10-01T12:00:00Z,0.0,-59.875,144.125,-1.04,-1.05
1988-10-01T12:00:00Z,0.0,-59.875,148.125,-1.38,-0.84
1988-10-01T12:00:00Z,0.0,-59.875,152.125,-0.7,-0.22
1988-10-01T12:00:00Z,0.0,-59.875,156.125,-1.38,-1.44
1988-10-01T12:00:00Z,0.0,-59.875,160.125,-0.04,-0.49
1988-10-01T12:00:00Z,0.0,-59.875,164.125,1.67,0.33
1988-10-01T12:00:00Z,0.0,-59.875,168.125,0.18,-2.39
1988-10-01T12:00:00Z,0.0,-59.875,172.125,3.6,0.28
1988-10-01T12:00:00Z,0.0,-59.875,176.125,2.35,-0.55
1988-10-01T12:00:00Z,0.0,-59.875,180.125,1.91,-0.57
1988-10-01T12:00:00Z,0.0,-59.875,184.125,1.34,-0.81
1988-10-01T12:00:00Z,0.0,-59.875,188.125,1.63,-0.27
1988-10-01T12:00:00Z,0.0,-59.875,192.125,1.52,-0.02
1988-10-01T12:00:00Z,0.0,-59.875,196.125,1.07,-0.1
1988-10-01T12:00:00Z,0.0,-59.875,200.125,0.57,-0.1
1988-10-01T12:00:00Z,0.0,-59.875,204.125,0.14,0.07
1988-10-01T12:00:00Z,0.0,-59.875,208.125,-1.25,-0.69
1988-10-01T12:00:00Z,0.0,-59.875,212.125,-1.62,-0.72
1988-10-01T12:00:00Z,0.0,-59.875,216.125,-1.3,-0.48
1988-10-01T12:00:00Z,0.0,-59.875,220.125,-0.89,-0.66
1988-10-01T12:00:00Z,0.0,-59.875,224.125,-0.58,-0.73
1988-10-01T12:00:00Z,0.0,-59.875,228.125,-0.55,-1.23
1988-10-01T12:00:00Z,0.0,-59.875,232.125,0.15,-1.15
1988-10-01T12:00:00Z,0.0,-59.875,236.125,1.85,0.01
1988-10-01T12:00:00Z,0.0,-59.875,240.125,2.46,0.45
1988-10-01T12:00:00Z,0.0,-59.875,244.125,2.92,0.61
1988-10-01T12:00:00Z,0.0,-59.875,248.125,2.47,-0.08
1988-10-01T12:00:00Z,0.0,-59.875,252.125,3.22,0.55
1988-10-01T12:00:00Z,0.0,-59.875,256.125,3.01,0.04
1988-10-01T12:00:00Z,0.0,-59.875,260.125,3.58,0.34
1988-10-01T12:00:00Z,0.0,-59.875,264.125,3.27,0.1
1988-10-01T12:00:00Z,0.0,-59.875,268.125,2.94,-0.16
1988-10-01T12:00:00Z,0.0,-59.875,272.125,2.94,-0.42
1988-10-01T12:00:00Z,0.0,-59.875,276.125,4.11,0.49
1988-10-01T12:00:00Z,0.0,-59.875,280.125,4.14,0.37
1988-10-01T12:00:00Z,0.0,-59.875,284.125,3.64,0.04
1988-10-01T12:00:00Z,0.0,-59.875,288.125,1.9,-1.07
1988-10-01T12:00:00Z,0.0,-59.875,292.125,0.31,-1.54
1988-10-01T12:00:00Z,0.0,-59.875,296.125,-0.84,-1.06
1988-10-01T12:00:00Z,0.0,-59.875,300.125,-0.89,-0.49
1988-10-01T12:00:00Z,0.0,-59.875,304.125,-1.26,-0.7
1988-10-01T12:00:00Z,0.0,-59.875,308.125,-1.17,-0.59
1988-10-01T12:00:00Z,0.0,-59.875,312.125,-1.46,-0.68
1988-10-01T12:00:00Z,0.0,-59.875,316.125,-1.34,-0.43
1988-10-01T12:00:00Z,0.0,-59.875,320.125,-1.51,-0.34
1988-10-01T12:00:00Z,0.0,-59.875,324.125,-1.58,-0.27
1988-10-01T12:00:00Z,0.0,-59.875,328.125,-1.63,-0.19
1988-10-01T12:00:00Z,0.0,-59.875,332.125,-1.59,0.0
1988-10-01T12:00:00Z,0.0,-59.875,336.125,-1.56,-0.13
1988-10-01T12:00:00Z,0.0,-59.875,340.125,-1.61,-0.17
1988-10-01T12:00:00Z,0.0,-59.875,344.125,-1.66,-0.08
1988-10-01T12:00:00Z,0.0,-59.875,348.125,-1.65,0.02
1988-10-01T12:00:00Z,0.0,-59.875,352.125,-1.64,0.05
1988-10-01T12:00:00Z,0.0,-59.875,356.125,-1.65,0.05
1988-10-01T12:00:00Z,0.0,-55.875,0.125,-1.36,-0.36
1988-10-01T12:00:00Z,0.0,-55.875,4.125,-1.29,-0.17
1988-10-01T12:00:00Z,0.0,-55.875,8.125,-1.55,-0.34
1988-10-01T12:00:00Z,0.0,-55.875,12.125,-1.51,-0.24
1988-10-01T12:00:00Z,0.0,-55.875,16.125,-1.56,-0.43
1988-10-01T12:00:00Z,0.0,-55.875,20.125,-1.55,-0.52
1988-10-01T12:00:00Z,0.0,-55.875,24.125,-1.43,-0.72
1988-10-01T12:00:00Z,0.0,-55.875,28.125,-0.62,-0.51
1988-10-01T12:00:00Z,0.0,-55.875,32.125,0.42,0.34
1988-10-01T12:00:00Z,0.0,-55.875,36.125,0.3,0.04
1988-10-01T12:00:00Z,0.0,-55.875,40.125,0.12,0.08
1988-10-01T12:00:00Z,0.0,-55.875,44.125,-0.64,-0.34
1988-10-01T12:00:00Z,0.0,-55.875,48.125,-0.86,-0.74
1988-10-01T12:00:00Z,0.0,-55.875,52.125,-0.55,-0.68
1988-10-01T12:00:00Z,0.0,-55.875,56.125,0.27,-0.02
1988-10-01T12:00:00Z,0.0,-55.875,60.125,0.31,-0.12
1988-10-01T12:00:00Z,0.0,-55.875,64.125,0.55,-0.05
1988-10-01T12:00:00Z,0.0,-55.875,68.125,0.43,-0.12
1988-10-01T12:00:00Z,0.0,-55.875,72.125,0.61,0.37
1988-10-01T12:00:00Z,0.0,-55.875,76.125,-0.41,-0.11
1988-10-01T12:00:00Z,0.0,-55.875,80.125,-1.24,-0.54
1988-10-01T12:00:00Z,0.0,-55.875,84.125,-0.14,-0.18
1988-10-01T12:00:00Z,0.0,-55.875,88.125,0.23,-0.24
1988-10-01T12:00:00Z,0.0,-55.875,92.125,0.43,0.07
1988-10-01T12:00:00Z,0.0,-55.875,96.125,1.27,0.9
1988-10-01T12:00:00Z,0.0,-55.875,100.125,-1.1,-1.15
1988-10-01T12:00:00Z,0.0,-55.875,104.125,-0.29,-0.32
1988-10-01T12:00:00Z,0.0,-55.875,108.125,0.04,-0.47
1988-10-01T12:00:00Z,0.0,-55.875,112.125,1.55,0.66
1988-10-01T12:00:00Z,0.0,-55.875,116.125,1.12,-0.21
1988-10-01T12:00:00Z,0.0,-55.875,120.125,1.34,-0.16
1988-10-01T12:00:00Z,0.0,-55.875,124.125,2.05,0.27
1988-10-01T12:00:00Z,0.0,-55.875,128.125,1.55,-0.43
1988-10-01T12:00:00Z,0.0,-55.875,132.125,2.46,0.23
1988-10-01T12:00:00Z,0.0,-55.875,136.125,2.38,0.09
1988-10-01T12:00:00Z,0.0,-55.875,140.125,1.05,-0.65
1988-10-01T12:00:00Z,0.0,-55.875,144.125,1.09,0.36
1988-10-01T12:00:00Z,0.0,-55.875,148.125,0.86,-0.39
1988-10-01T12:00:00Z,0.0,-55.875,152.125,1.73,-0.82
1988-10-01T12:00:00Z,0.0,-55.875,156.125,4.59,1.41
1988-10-01T12:00:00Z,0.0,-55.875,160.125,2.11,-0.75
1988-10-01T12:00:00Z,0.0,-55.875,164.125,4.05,-0.78
1988-10-01T12:00:00Z,0.0,-55.875,168.125,6.18,-0.05
1988-10-01T12:00:00Z,0.0,-55.875,172.125,4.79,-1.26
1988-10-01T12:00:00Z,0.0,-55.875,176.125,4.64,-0.81
1988-10-01T12:00:00Z,0.0,-55.875,180.125,4.71,-0.88
1988-10-01T12:00:00Z,0.0,-55.875,184.125,4.91,-0.65
1988-10-01T12:00:00Z,0.0,-55.875,188.125,4.23,-0.68
1988-10-01T12:00:00Z,0.0,-55.875,192.125,4.54,0.17
1988-10-01T12:00:00Z,0.0,-55.875,196.125,2.94,-1.05
1988-10-01T12:00:00Z,0.0,-55.875,200.125,3.26,-0.43
1988-10-01T12:00:00Z,0.0,-55.875,204.125,3.21,-0.11
1988-10-01T12:00:00Z,0.0,-55.875,208.125,1.63,-0.96
1988-10-01T12:00:00Z,0.0,-55.875,212.125,1.98,0.05
1988-10-01T12:00:00Z,0.0,-55.875,216.125,2.09,-0.39
1988-10-01T12:00:00Z,0.0,-55.875,220.125,4.94,1.21
1988-10-01T12:00:00Z,0.0,-55.875,224.125,3.31,-0.24
1988-10-01T12:00:00Z,0.0,-55.875,228.125,3.1,-0.73
1988-10-01T12:00:00Z,0.0,-55.875,232.125,3.87,-0.92
1988-10-01T12:00:00Z,0.0,-55.875,236.125,5.48,0.32
1988-10-01T12:00:00Z,0.0,-55.875,240.125,4.93,0.11
1988-10-01T12:00:00Z,0.0,-55.875,244.125,4.32,-0.57
1988-10-01T12:00:00Z,0.0,-55.875,248.125,4.88,-0.29
1988-10-01T12:00:00Z,0.0,-55.875,252.125,5.19,-0.09
1988-10-01T12:00:00Z,0.0,-55.875,256.125,5.61,0.31
1988-10-01T12:00:00Z,0.0,-55.875,260.125,5.3,-0.1
1988-10-01T12:00:00Z,0.0,-55.875,264.125,5.34,0.0
1988-10-01T12:00:00Z,0.0,-55.875,268.125,5.4,0.11
1988-10-01T12:00:00Z,0.0,-55.875,272.125,5.44,0.21
1988-10-01T12:00:00Z,0.0,-55.875,276.125,5.23,0.03
1988-10-01T12:00:00Z,0.0,-55.875,280.125,5.27,-0.01
1988-10-01T12:00:00Z,0.0,-55.875,284.125,5.35,-0.15
1988-10-01T12:00:00Z,0.0,-55.875,288.125,5.73,-0.03
1988-10-01T12:00:00Z,0.0,-55.875,292.125,6.33,0.62
1988-10-01T12:00:00Z,0.0,-55.875,296.125,4.88,-0.07
1988-10-01T12:00:00Z,0.0,-55.875,300.125,4.21,-0.06
1988-10-01T12:00:00Z,0.0,-55.875,304.125,3.52,0.17
1988-10-01T12:00:00Z,0.0,-55.875,308.125,2.85,0.48
1988-10-01T12:00:00Z,0.0,-55.875,312.125,-0.78,-2.01
1988-10-01T12:00:00Z,0.0,-55.875,316.125,-0.22,-0.61
1988-10-01T12:00:00Z,0.0,-55.875,320.125,-1.42,-1.47
1988-10-01T12:00:00Z,0.0,-55.875,324.125,-1.06,-0.95
1988-10-01T12:00:00Z,0.0,-55.875,328.125,-1.12,-0.62
1988-10-01T12:00:00Z,0.0,-55.875,332.125,-1.59,-0.99
1988-10-01T12:00:00Z,0.0,-55.875,336.125,-1.61,-1.32
1988-10-01T12:00:00Z,0.0,-55.875,340.125,-1.11,-0.85
1988-10-01T12:00:00Z,0.0,-55.875,344.125,-1.05,-0.76
1988-10-01T12:00:00Z,0.0,-55.875,348.125,-1.31,-0.87
1988-10-01T12:00:00Z,0.0,-55.875,352.125,-1.34,-0.65
1988-10-01T12:00:00Z,0.0,-55.875,356.125,-1.35,-0.47
1988-10-01T12:00:00Z,0.0,-51.875,0.125,0.41,-0.26
1988-10-01T12:00:00Z,0.0,-51.875,4.125,0.6,-0.13
1988-10-01T12:00:00Z,0.0,-51.875,8.125,1.07,0.35
1988-10-01T12:00:00Z,0.0,-51.875,12.125,-0.28,-0.52
1988-10-01T12:00:00Z,0.0,-51.875,16.125,-0.11,-0.5
1988-10-01T12:00:00Z,0.0,-51.875,20.125,-0.02,-0.34
1988-10-01T12:00:00Z,0.0,-51.875,24.125,-0.64,-0.86
1988-10-01T12:00:00Z,0.0,-51.875,28.125,1.43,0.56
1988-10-01T12:00:00Z,0.0,-51.875,32.125,0.8,-0.55
1988-10-01T12:00:00Z,0.0,-51.875,36.125,0.19,-1.28
1988-10-01T12:00:00Z,0.0,-51.875,40.125,0.73,-0.51
1988-10-01T12:00:00Z,0.0,-51.875,44.125,1.13,-0.06
1988-10-01T12:00:00Z,0.0,-51.875,48.125,-0.03,-1.59
1988-10-01T12:00:00Z,0.0,-51.875,52.125,1.11,-0.67
1988-10-01T12:00:00Z,0.0,-51.875,56.125,1.71,-0.02
1988-10-01T12:00:00Z,0.0,-51.875,60.125,1.83,-0.04
1988-10-01T12:00:00Z,0.0,-51.875,64.125,1.55,-0.25
1988-10-01T12:00:00Z,0.0,-51.875,68.125,1.31,-0.4
1988-10-01T12:00:00Z,0.0,-51.875,72.125,1.05,-0.38
1988-10-01T12:00:00Z,0.0,-51.875,76.125,0.92,-0.1
1988-10-01T12:00:00Z,0.0,-51.875,80.125,0.89,0.0
1988-10-01T12:00:00Z,0.0,-51.875,84.125,2.68,0.75
1988-10-01T12:00:00Z,0.0,-51.875,88.125,4.07,1.23
1988-10-01T12:00:00Z,0.0,-51.875,92.125,2.58,-0.66
1988-10-01T12:00:00Z,0.0,-51.875,96.125,1.72,-1.05
1988-10-01T12:00:00Z,0.0,-51.875,100.125,2.42,-0.03
1988-10-01T12:00:00Z,0.0,-51.875,104.125,3.59,1.27
1988-10-01T12:00:00Z,0.0,-51.875,108.125,3.18,1.22
1988-10-01T12:00:00Z,0.0,-51.875,112.125,2.66,0.91
1988-10-01T12:00:00Z,0.0,-51.875,116.125,2.57,0.1
1988-10-01T12:00:00Z,0.0,-51.875,120.125,3.72,0.17
1988-10-01T12:00:00Z,0.0,-51.875,124.125,4.97,0.52
1988-10-01T12:00:00Z,0.0,-51.875,128.125,6.58,1.41
1988-10-01T12:00:00Z,0.0,-51.875,132.125,5.91,0.51
1988-10-01T12:00:00Z,0.0,-51.875,136.125,4.92,-0.26
1988-10-01T12:00:00Z,0.0,-51.875,140.125,6.08,1.31
1988-10-01T12:00:00Z,0.0,-51.875,144.125,5.66,0.4
1988-10-01T12:00:00Z,0.0,-51.875,148.125,7.37,0.68
1988-10-01T12:00:00Z,0.0,-51.875,152.125,6.83,-0.03
1988-10-01T12:00:00Z,0.0,-51.875,156.125,7.2,-0.12
1988-10-01T12:00:00Z,0.0,-51.875,160.125,7.08,-0.34
1988-10-01T12:00:00Z,0.0,-51.875,164.125,7.32,-0.64
1988-10-01T12:00:00Z,0.0,-51.875,168.125,6.96,-0.64
1988-10-01T12:00:00Z,0.0,-51.875,172.125,6.43,-0.81
1988-10-01T12:00:00Z,0.0,-51.875,176.125,5.99,-0.72
1988-10-01T12:00:00Z,0.0,-51.875,180.125,5.64,-0.95
1988-10-01T12:00:00Z,0.0,-51.875,184.125,6.63,-0.77
1988-10-01T12:00:00Z,0.0,-51.875,188.125,7.22,-0.32
1988-10-01T12:00:00Z,0.0,-51.875,192.125,6.71,-0.58
1988-10-01T12:00:00Z,0.0,-51.875,196.125,6.54,-0.78
1988-10-01T12:00:00Z,0.0,-51.875,200.125,6.54,-0.85
1988-10-01T12:00:00Z,0.0,-51.875,204.125,6.66,-0.66
1988-10-01T12:00:00Z,0.0,-51.875,208.125,7.48,0.05
1988-10-01T12:00:00Z,0.0,-51.875,212.125,6.74,-0.67
1988-10-01T12:00:00Z,0.0,-51.875,216.125,7.08,-0.25
1988-10-01T12:00:00Z,0.0,-51.875,220.125,6.89,-0.23
1988-10-01T12:00:00Z,0.0,-51.875,224.125,6.88,-0.18
1988-10-01T12:00:00Z,0.0,-51.875,228.125,6.04,-1.07
1988-10-01T12:00:00Z,0.0,-51.875,232.125,5.95,-1.04
1988-10-01T12:00:00Z,0.0,-51.875,236.125,6.04,-0.66
1988-10-01T12:00:00Z,0.0,-51.875,240.125,5.56,-0.64
1988-10-01T12:00:00Z,0.0,-51.875,244.125,6.01,-0.09
1988-10-01T12:00:00Z,0.0,-51.875,248.125,6.09,-0.36
1988-10-01T12:00:00Z,0.0,-51.875,252.125,6.14,-0.26
1988-10-01T12:00:00Z,0.0,-51.875,256.125,6.45,0.14
1988-10-01T12:00:00Z,0.0,-51.875,260.125,6.43,0.22
1988-10-01T12:00:00Z,0.0,-51.875,264.125,6.43,0.36
1988-10-01T12:00:00Z,0.0,-51.875,268.125,6.16,0.17
1988-10-01T12:00:00Z,0.0,-51.875,272.125,5.94,0.04
1988-10-01T12:00:00Z,0.0,-51.875,276.125,5.69,-0.29
1988-10-01T12:00:00Z,0.0,-51.875,280.125,6.39,-0.16
1988-10-01T12:00:00Z,0.0,-51.875,284.125,7.69,0.15
1988-10-01T12:00:00Z,0.0,-51.875,288.125,NaN,NaN
1988-10-01T12:00:00Z,0.0,-51.875,292.125,5.27,-0.53
1988-10-01T12:00:00Z,0.0,-51.875,296.125,6.06,-0.13
1988-10-01T12:00:00Z,0.0,-51.875,300.125,5.7,-0.11
1988-10-01T12:00:00Z,0.0,-51.875,304.125,4.96,-0.18
1988-10-01T12:00:00Z,0.0,-51.875,308.125,4.21,-0.05
1988-10-01T12:00:00Z,0.0,-51.875,312.125,4.44,1.3
1988-10-01T12:00:00Z,0.0,-51.875,316.125,1.04,-0.86
1988-10-01T12:00:00Z,0.0,-51.875,320.125,0.28,-0.75
1988-10-01T12:00:00Z,0.0,-51.875,324.125,0.39,-0.61
1988-10-01T12:00:00Z,0.0,-51.875,328.125,-0.2,-0.77
1988-10-01T12:00:00Z,0.0,-51.875,332.125,0.73,-0.34
1988-10-01T12:00:00Z,0.0,-51.875,336.125,0.49,-1.15
1988-10-01T12:00:00Z,0.0,-51.875,340.125,1.09,-0.43
1988-10-01T12:00:00Z,0.0,-51.875,344.125,0.81,-0.42
1988-10-01T12:00:00Z,0.0,-51.875,348.125,0.19,-0.67
1988-10-01T12:00:00Z,0.0,-51.875,352.125,-0.24,-0.6
1988-10-01T12:00:00Z,0.0,-51.875,356.125,-0.5,-0.86
1988-10-01T12:00:00Z,0.0,-47.875,0.125,4.14,0.33
1988-10-01T12:00:00Z,0.0,-47.875,4.125,3.92,0.05
1988-10-01T12:00:00Z,0.0,-47.875,8.125,3.1,-0.5
1988-10-01T12:00:00Z,0.0,-47.875,12.125,4.26,0.46
1988-10-01T12:00:00Z,0.0,-47.875,16.125,3.59,-0.32
1988-10-01T12:00:00Z,0.0,-47.875,20.125,3.96,0.35
1988-10-01T12:00:00Z,0.0,-47.875,24.125,3.28,-0.29
1988-10-01T12:00:00Z,0.0,-47.875,28.125,3.8,-0.44
1988-10-01T12:00:00Z,0.0,-47.875,32.125,4.28,-0.59
1988-10-01T12:00:00Z,0.0,-47.875,36.125,4.68,0.53
1988-10-01T12:00:00Z,0.0,-47.875,40.125,3.66,-0.33
1988-10-01T12:00:00Z,0.0,-47.875,44.125,3.0,-1.14
1988-10-01T12:00:00Z,0.0,-47.875,48.125,3.04,-0.54
1988-10-01T12:00:00Z,0.0,-47.875,52.125,1.92,-1.38
1988-10-01T12:00:00Z,0.0,-47.875,56.125,4.02,0.25
1988-10-01T12:00:00Z,0.0,-47.875,60.125,2.31,-1.72
1988-10-01T12:00:00Z,0.0,-47.875,64.125,1.87,-1.3
1988-10-01T12:00:00Z,0.0,-47.875,68.125,2.09,-0.81
1988-10-01T12:00:00Z,0.0,-47.875,72.125,1.64,-1.47
1988-10-01T12:00:00Z,0.0,-47.875,76.125,2.57,-1.61
1988-10-01T12:00:00Z,0.0,-47.875,80.125,3.05,-1.35
1988-10-01T12:00:00Z,0.0,-47.875,84.125,3.48,-2.11
1988-10-01T12:00:00Z,0.0,-47.875,88.125,6.28,-0.32
1988-10-01T12:00:00Z,0.0,-47.875,92.125,6.19,-0.44
1988-10-01T12:00:00Z,0.0,-47.875,96.125,6.44,0.61
1988-10-01T12:00:00Z,0.0,-47.875,100.125,5.11,-0.42
1988-10-01T12:00:00Z,0.0,-47.875,104.125,5.63,-0.07
1988-10-01T12:00:00Z,0.0,-47.875,108.125,5.76,-0.39
1988-10-01T12:00:00Z,0.0,-47.875,112.125,6.42,-0.61
1988-10-01T12:00:00Z,0.0,-47.875,116.125,7.53,-0.03
1988-10-01T12:00:00Z,0.0,-47.875,120.125,7.83,0.06
1988-10-01T12:00:00Z,0.0,-47.875,124.125,7.41,-0.95
1988-10-01T12:00:00Z,0.0,-47.875,128.125,9.01,0.29
1988-10-01T12:00:00Z,0.0,-47.875,132.125,9.0,0.37
1988-10-01T12:00:00Z,0.0,-47.875,136.125,9.18,0.59
1988-10-01T12:00:00Z,0.0,-47.875,140.125,8.97,0.05
1988-10-01T12:00:00Z,0.0,-47.875,144.125,9.07,0.05
1988-10-01T12:00:00Z,0.0,-47.875,148.125,8.67,-0.57
1988-10-01T12:00:00Z,0.0,-47.875,152.125,9.75,0.52
1988-10-01T12:00:00Z,0.0,-47.875,156.125,8.47,-0.63
1988-10-01T12:00:00Z,0.0,-47.875,160.125,8.82,-0.34
1988-10-01T12:00:00Z,0.0,-47.875,164.125,8.66,-1.34
1988-10-01T12:00:00Z,0.0,-47.875,168.125,9.34,-0.18
1988-10-01T12:00:00Z,0.0,-47.875,172.125,7.36,-0.64
1988-10-01T12:00:00Z,0.0,-47.875,176.125,6.99,-0.93
1988-10-01T12:00:00Z,0.0,-47.875,180.125,6.95,-0.98
1988-10-01T12:00:00Z,0.0,-47.875,184.125,7.95,-1.15
1988-10-01T12:00:00Z,0.0,-47.875,188.125,8.86,-0.71
1988-10-01T12:00:00Z,0.0,-47.875,192.125,8.58,-0.77
1988-10-01T12:00:00Z,0.0,-47.875,196.125,8.21,-0.88
1988-10-01T12:00:00Z,0.0,-47.875,200.125,8.01,-0.92
1988-10-01T12:00:00Z,0.0,-47.875,204.125,7.87,-0.77
1988-10-01T12:00:00Z,0.0,-47.875,208.125,7.22,-1.2
1988-10-01T12:00:00Z,0.0,-47.875,212.125,6.85,-1.37
1988-10-01T12:00:00Z,0.0,-47.875,216.125,7.65,-0.44
1988-10-01T12:00:00Z,0.0,-47.875,220.125,6.28,-1.64
1988-10-01T12:00:00Z,0.0,-47.875,224.125,7.46,-0.36
1988-10-01T12:00:00Z,0.0,-47.875,228.125,7.03,-0.64
1988-10-01T12:00:00Z,0.0,-47.875,232.125,6.67,-0.89
1988-10-01T12:00:00Z,0.0,-47.875,236.125,6.99,-0.51
1988-10-01T12:00:00Z,0.0,-47.875,240.125,6.56,-0.8
1988-10-01T12:00:00Z,0.0,-47.875,244.125,7.1,-0.32
1988-10-01T12:00:00Z,0.0,-47.875,248.125,6.92,-0.63
1988-10-01T12:00:00Z,0.0,-47.875,252.125,7.76,0.23
1988-10-01T12:00:00Z,0.0,-47.875,256.125,7.53,0.13
1988-10-01T12:00:00Z,0.0,-47.875,260.125,7.81,0.59
1988-10-01T12:00:00Z,0.0,-47.875,264.125,7.55,0.41
1988-10-01T12:00:00Z,0.0,-47.875,268.125,7.65,0.5
1988-10-01T12:00:00Z,0.0,-47.875,272.125,7.76,0.54
1988-10-01T12:00:00Z,0.0,-47.875,276.125,7.76,0.27
1988-10-01T12:00:00Z,0.0,-47.875,280.125,7.63,-0.51
1988-10-01T12:00:00Z,0.0,-47.875,284.125,9.36,0.28
1988-10-01T12:00:00Z,0.0,-47.875,288.125,NaN,NaN
1988-10-01T12:00:00Z,0.0,-47.875,292.125,NaN,NaN
1988-10-01T12:00:00Z,0.0,-47.875,296.125,7.01,-0.51
1988-10-01T12:00:00Z,0.0,-47.875,300.125,5.95,-0.33
1988-10-01T12:00:00Z,0.0,-47.875,304.125,4.95,-1.28
1988-10-01T12:00:00Z,0.0,-47.875,308.125,7.3,-0.41
1988-10-01T12:00:00Z,0.0,-47.875,312.125,6.36,-1.45
1988-10-01T12:00:00Z,0.0,-47.875,316.125,4.73,-2.49
1988-10-01T12:00:00Z,0.0,-47.875,320.125,5.62,-0.65
1988-10-01T12:00:00Z,0.0,-47.875,324.125,4.96,-0.71
1988-10-01T12:00:00Z,0.0,-47.875,328.125,3.71,-1.1
1988-10-01T12:00:00Z,0.0,-47.875,332.125,3.62,-0.6
1988-10-01T12:00:00Z,0.0,-47.875,336.125,2.99,-0.95
1988-10-01T12:00:00Z,0.0,-47.875,340.125,3.88,-0.44
1988-10-01T12:00:00Z,0.0,-47.875,344.125,5.63,1.68
1988-10-01T12:00:00Z,0.0,-47.875,348.125,2.3,-0.61
1988-10-01T12:00:00Z,0.0,-47.875,352.125,1.11,-1.24
1988-10-01T12:00:00Z,0.0,-47.875,356.125,3.44,0.2
1988-10-01T12:00:00Z,0.0,-43.875,0.125,8.36,0.62
1988-10-01T12:00:00Z,0.0,-43.875,4.125,8.34,0.64
1988-10-01T12:00:00Z,0.0,-43.875,8.125,6.21,-1.09
1988-10-01T12:00:00Z,0.0,-43.875,12.125,8.42,0.41
1988-10-01T12:00:00Z,0.0,-43.875,16.125,9.82,0.89
1988-10-01T12:00:00Z,0.0,-43.875,20.125,9.35,0.15
1988-10-01T12:00:00Z,0.0,-43.875,24.125,9.29,-0.05
1988-10-01T12:00:00Z,0.0,-43.875,28.125,9.44,0.14
1988-10-01T12:00:00Z,0.0,-43.875,32.125,10.06,1.18
1988-10-01T12:00:00Z,0.0,-43.875,36.125,7.44,-0.24
1988-10-01T12:00:00Z,0.0,-43.875,40.125,6.37,-0.67
1988-10-01T12:00:00Z,0.0,-43.875,44.125,4.98,-1.43
1988-10-01T12:00:00Z,0.0,-43.875,48.125,4.23,-1.12
1988-10-01T12:00:00Z,0.0,-43.875,52.125,5.84,0.03
1988-10-01T12:00:00Z,0.0,-43.875,56.125,5.13,-3.28
1988-10-01T12:00:00Z,0.0,-43.875,60.125,10.24,-1.0
1988-10-01T12:00:00Z,0.0,-43.875,64.125,10.02,-0.54
1988-10-01T12:00:00Z,0.0,-43.875,68.125,10.19,0.54
1988-10-01T12:00:00Z,0.0,-43.875,72.125,9.38,-0.87
1988-10-01T12:00:00Z,0.0,-43.875,76.125,8.88,-1.44
1988-10-01T12:00:00Z,0.0,-43.875,80.125,8.29,-1.34
1988-10-01T12:00:00Z,0.0,-43.875,84.125,8.49,-1.43
1988-10-01T12:00:00Z,0.0,-43.875,88.125,8.0,-1.73
1988-10-01T12:00:00Z,0.0,-43.875,92.125,8.35,-1.14
1988-10-01T12:00:00Z,0.0,-43.875,96.125,9.64,0.07
1988-10-01T12:00:00Z,0.0,-43.875,100.125,9.99,0.1
1988-10-01T12:00:00Z,0.0,-43.875,104.125,10.05,0.12
1988-10-01T12:00:00Z,0.0,-43.875,108.125,10.17,0.29
1988-10-01T12:00:00Z,0.0,-43.875,112.125,9.68,-0.13
1988-10-01T12:00:00Z,0.0,-43.875,116.125,10.16,0.42
1988-10-01T12:00:00Z,0.0,-43.875,120.125,9.67,-0.06
1988-10-01T12:00:00Z,0.0,-43.875,124.125,9.4,-0.37
1988-10-01T12:00:00Z,0.0,-43.875,128.125,9.7,-0.13
1988-10-01T12:00:00Z,0.0,-43.875,132.125,10.54,0.62
1988-10-01T12:00:00Z,0.0,-43.875,136.125,9.9,-0.27
1988-10-01T12:00:00Z,0.0,-43.875,140.125,10.9,0.28
1988-10-01T12:00:00Z,0.0,-43.875,144.125,12.05,0.81
1988-10-01T12:00:00Z,0.0,-43.875,148.125,12.34,0.25
1988-10-01T12:00:00Z,0.0,-43.875,152.125,12.29,0.43
1988-10-01T12:00:00Z,0.0,-43.875,156.125,11.48,0.05
1988-10-01T12:00:00Z,0.0,-43.875,160.125,11.74,0.34
1988-10-01T12:00:00Z,0.0,-43.875,164.125,11.07,-0.55
1988-10-01T12:00:00Z,0.0,-43.875,168.125,12.09,-0.2
1988-10-01T12:00:00Z,0.0,-43.875,172.125,11.1,1.0
1988-10-01T12:00:00Z,0.0,-43.875,176.125,10.86,0.13
1988-10-01T12:00:00Z,0.0,-43.875,180.125,11.26,0.44
1988-10-01T12:00:00Z,0.0,-43.875,184.125,10.46,-1.02
1988-10-01T12:00:00Z,0.0,-43.875,188.125,10.81,-0.46
1988-10-01T12:00:00Z,0.0,-43.875,192.125,10.1,-0.53
1988-10-01T12:00:00Z,0.0,-43.875,196.125,10.13,-0.03
1988-10-01T12:00:00Z,0.0,-43.875,200.125,9.81,-0.02
1988-10-01T12:00:00Z,0.0,-43.875,204.125,7.89,-1.85
1988-10-01T12:00:00Z,0.0,-43.875,208.125,8.61,-1.12
1988-10-01T12:00:00Z,0.0,-43.875,212.125,9.65,0.03
1988-10-01T12:00:00Z,0.0,-43.875,216.125,8.86,-0.67
1988-10-01T12:00:00Z,0.0,-43.875,220.125,9.22,-0.17
1988-10-01T12:00:00Z,0.0,-43.875,224.125,8.57,-0.84
1988-10-01T12:00:00Z,0.0,-43.875,228.125,8.53,-0.84
1988-10-01T12:00:00Z,0.0,-43.875,232.125,7.89,-1.46
1988-10-01T12:00:00Z,0.0,-43.875,236.125,8.98,-0.31
1988-10-01T12:00:00Z,0.0,-43.875,240.125,8.74,-0.53
1988-10-01T12:00:00Z,0.0,-43.875,244.125,8.71,-0.59
1988-10-01T12:00:00Z,0.0,-43.875,248.125,8.78,-0.64
1988-10-01T12:00:00Z,0.0,-43.875,252.125,9.37,0.07
1988-10-01T12:00:00Z,0.0,-43.875,256.125,9.32,0.18
1988-10-01T12:00:00Z,0.0,-43.875,260.125,9.1,0.07
1988-10-01T12:00:00Z,0.0,-43.875,264.125,9.52,0.46
1988-10-01T12:00:00Z,0.0,-43.875,268.125,9.22,0.11
1988-10-01T12:00:00Z,0.0,-43.875,272.125,9.67,0.39
1988-10-01T12:00:00Z,0.0,-43.875,276.125,9.89,0.39
1988-10-01T12:00:00Z,0.0,-43.875,280.125,9.62,-0.27
1988-10-01T12:00:00Z,0.0,-43.875,284.125,10.43,0.04
1988-10-01T12:00:00Z,0.0,-43.875,288.125,NaN,NaN
1988-10-01T12:00:00Z,0.0,-43.875,292.125,NaN,NaN
1988-10-01T12:00:00Z,0.0,-43.875,296.125,9.57,-0.24
1988-10-01T12:00:00Z,0.0,-43.875,300.125,7.18,-0.52
1988-10-01T12:00:00Z,0.0,-43.875,304.125,7.35,-1.5
1988-10-01T12:00:00Z,0.0,-43.875,308.125,9.59,-2.06
1988-10-01T12:00:00Z,0.0,-43.875,312.125,7.8,-2.05
1988-10-01T12:00:00Z,0.0,-43.875,316.125,6.9,-1.93
1988-10-01T12:00:00Z,0.0,-43.875,320.125,6.48,-2.05
1988-10-01T12:00:00Z,0.0,-43.875,324.125,6.04,-2.39
1988-10-01T12:00:00Z,0.0,-43.875,328.125,7.73,-0.65
1988-10-01T12:00:00Z,0.0,-43.875,332.125,7.61,-0.78
1988-10-01T12:00:00Z,0.0,-43.875,336.125,9.06,0.25
1988-10-01T12:00:00Z,0.0,-43.875,340.125,7.55,-1.17
1988-10-01T12:00:00Z,0.0,-43.875,344.125,6.69,-1.16
1988-10-01T12:00:00Z,0.0,-43.875,348.125,8.3,0.27
1988-10-01T12:00:00Z,0.0,-43.875,352.125,9.08,1.06
1988-10-01T12:00:00Z,0.0,-43.875,356.125,7.32,-0.47
1988-10-01T12:00:00Z,0.0,-39.875,0.125,10.71,0.04
1988-10-01T12:00:00Z,0.0,-39.875,4.125,11.44,0.71
1988-10-01T12:00:00Z,0.0,-39.875,8.125,13.55,2.23
1988-10-01T12:00:00Z,0.0,-39.875,12.125,14.18,1.37
1988-10-01T12:00:00Z,0.0,-39.875,16.125,15.51,0.28
1988-10-01T12:00:00Z,0.0,-39.875,20.125,15.77,-0.87
1988-10-01T12:00:00Z,0.0,-39.875,24.125,16.0,0.52
1988-10-01T12:00:00Z,0.0,-39.875,28.125,15.89,0.68
1988-10-01T12:00:00Z,0.0,-39.875,32.125,13.22,-2.19
1988-10-01T12:00:00Z,0.0,-39.875,36.125,12.8,-2.31
1988-10-01T12:00:00Z,0.0,-39.875,40.125,12.11,-2.36
1988-10-01T12:00:00Z,0.0,-39.875,44.125,15.87,0.89
1988-10-01T12:00:00Z,0.0,-39.875,48.125,12.22,-2.11
1988-10-01T12:00:00Z,0.0,-39.875,52.125,14.54,0.08
1988-10-01T12:00:00Z,0.0,-39.875,56.125,13.78,-1.09
1988-10-01T12:00:00Z,0.0,-39.875,60.125,13.39,-1.15
1988-10-01T12:00:00Z,0.0,-39.875,64.125,12.03,-1.88
1988-10-01T12:00:00Z,0.0,-39.875,68.125,11.4,-2.11
1988-10-01T12:00:00Z,0.0,-39.875,72.125,11.61,-1.52
1988-10-01T12:00:00Z,0.0,-39.875,76.125,11.17,-1.6
1988-10-01T12:00:00Z,0.0,-39.875,80.125,11.0,-1.51
1988-10-01T12:00:00Z,0.0,-39.875,84.125,10.92,-1.23
1988-10-01T12:00:00Z,0.0,-39.875,88.125,10.32,-1.48
1988-10-01T12:00:00Z,0.0,-39.875,92.125,10.88,-0.7
1988-10-01T12:00:00Z,0.0,-39.875,96.125,10.47,-0.88
1988-10-01T12:00:00Z,0.0,-39.875,100.125,10.96,-0.2
1988-10-01T12:00:00Z,0.0,-39.875,104.125,11.18,-0.13
1988-10-01T12:00:00Z,0.0,-39.875,108.125,10.47,-0.99
1988-10-01T12:00:00Z,0.0,-39.875,112.125,11.72,-0.09
1988-10-01T12:00:00Z,0.0,-39.875,116.125,10.93,-1.1
1988-10-01T12:00:00Z,0.0,-39.875,120.125,10.67,-1.25
1988-10-01T12:00:00Z,0.0,-39.875,124.125,11.06,-0.76
1988-10-01T12:00:00Z,0.0,-39.875,128.125,11.12,-0.72
1988-10-01T12:00:00Z,0.0,-39.875,132.125,11.23,-0.77
1988-10-01T12:00:00Z,0.0,-39.875,136.125,11.04,-1.33
1988-10-01T12:00:00Z,0.0,-39.875,140.125,13.3,0.2
1988-10-01T12:00:00Z,0.0,-39.875,144.125,13.67,0.57
1988-10-01T12:00:00Z,0.0,-39.875,148.125,13.11,-0.51
1988-10-01T12:00:00Z,0.0,-39.875,152.125,13.92,-0.69
1988-10-01T12:00:00Z,0.0,-39.875,156.125,14.65,0.39
1988-10-01T12:00:00Z,0.0,-39.875,160.125,14.44,0.38
1988-10-01T12:00:00Z,0.0,-39.875,164.125,14.01,0.33
1988-10-01T12:00:00Z,0.0,-39.875,168.125,13.99,0.31
1988-10-01T12:00:00Z,0.0,-39.875,172.125,13.53,-0.34
1988-10-01T12:00:00Z,0.0,-39.875,176.125,NaN,NaN
1988-10-01T12:00:00Z,0.0,-39.875,180.125,14.48,0.17
1988-10-01T12:00:00Z,0.0,-39.875,184.125,13.05,-0.51
1988-10-01T12:00:00Z,0.0,-39.875,188.125,12.51,-0.41
1988-10-01T12:00:00Z,0.0,-39.875,192.125,11.43,-1.14
1988-10-01T12:00:00Z,0.0,-39.875,196.125,11.47,-0.86
1988-10-01T12:00:00Z,0.0,-39.875,200.125,11.67,-0.45
1988-10-01T12:00:00Z,0.0,-39.875,204.125,11.95,-0.09
1988-10-01T12:00:00Z,0.0,-39.875,208.125,11.71,-0.23
1988-10-01T12:00:00Z,0.0,-39.875,212.125,11.65,-0.16
1988-10-01T12:00:00Z,0.0,-39.875,216.125,11.69,-0.07
1988-10-01T12:00:00Z,0.0,-39.875,220.125,11.73,0.01
1988-10-01T12:00:00Z,0.0,-39.875,224.125,11.62,-0.23
1988-10-01T12:00:00Z,0.0,-39.875,228.125,11.42,-0.39
1988-10-01T12:00:00Z,0.0,-39.875,232.125,11.26,-0.51
1988-10-01T12:00:00Z,0.0,-39.875,236.125,11.88,0.23
1988-10-01T12:00:00Z,0.0,-39.875,240.125,11.59,-0.06
1988-10-01T12:00:00Z,0.0,-39.875,244.125,11.19,-0.46
1988-10-01T12:00:00Z,0.0,-39.875,248.125,11.3,-0.4
1988-10-01T12:00:00Z,0.0,-39.875,252.125,10.53,-1.04
1988-10-01T12:00:00Z,0.0,-39.875,256.125,11.12,-0.26
1988-10-01T12:00:00Z,0.0,-39.875,260.125,10.64,-0.69
1988-10-01T12:00:00Z,0.0,-39.875,264.125,11.48,0.02
1988-10-01T12:00:00Z,0.0,-39.875,268.125,11.58,-0.06
1988-10-01T12:00:00Z,0.0,-39.875,272.125,11.61,-0.16
1988-10-01T12:00:00Z,0.0,-39.875,276.125,12.0,0.12
1988-10-01T12:00:00Z,0.0,-39.875,280.125,12.13,0.24
1988-10-01T12:00:00Z,0.0,-39.875,284.125,12.03,0.1
1988-10-01T12:00:00Z,0.0,-39.875,288.125,NaN,NaN
1988-10-01T12:00:00Z,0.0,-39.875,292.125,NaN,NaN
1988-10-01T12:00:00Z,0.0,-39.875,296.125,NaN,NaN
1988-10-01T12:00:00Z,0.0,-39.875,300.125,11.31,0.3
1988-10-01T12:00:00Z,0.0,-39.875,304.125,7.08,-1.81
1988-10-01T12:00:00Z,0.0,-39.875,308.125,14.4,-0.09
1988-10-01T12:00:00Z,0.0,-39.875,312.125,11.34,-2.39
1988-10-01T12:00:00Z,0.0,-39.875,316.125,10.4,-2.66
1988-10-01T12:00:00Z,0.0,-39.875,320.125,11.86,-1.34
1988-10-01T12:00:00Z,0.0,-39.875,324.125,11.8,-1.16
1988-10-01T12:00:00Z,0.0,-39.875,328.125,12.33,-0.72
1988-10-01T12:00:00Z,0.0,-39.875,332.125,12.28,-0.65
1988-10-01T12:00:00Z,0.0,-39.875,336.125,11.84,-0.68
1988-10-01T12:00:00Z,0.0,-39.875,340.125,11.31,-0.7
1988-10-01T12:00:00Z,0.0,-39.875,344.125,11.48,-0.34
1988-10-01T12:00:00Z,0.0,-39.875,348.125,11.28,-0.29
1988-10-01T12:00:00Z,0.0,-39.875,352.125,11.08,0.11
1988-10-01T12:00:00Z,0.0,-39.875,356.125,10.42,-0.28
1988-10-01T12:00:00Z,0.0,-35.875,0.125,14.1,-0.35
1988-10-01T12:00:00Z,0.0,-35.875,4.125,14.5,-0.13
1988-10-01T12:00:00Z,0.0,-35.875,8.125,15.75,0.89
1988-10-01T12:00:00Z,0.0,-35.875,12.125,15.9,0.42
1988-10-01T12:00:00Z,0.0,-35.875,16.125,17.17,0.96
1988-10-01T12:00:00Z,0.0,-35.875,20.125,16.63,-0.43
1988-10-01T12:00:00Z,0.0,-35.875,24.125,18.5,-0.51
1988-10-01T12:00:00Z,0.0,-35.875,28.125,19.11,0.28
1988-10-01T12:00:00Z,0.0,-35.875,32.125,18.66,0.29
1988-10-01T12:00:00Z,0.0,-35.875,36.125,17.2,-0.85
1988-10-01T12:00:00Z,0.0,-35.875,40.125,16.61,-0.92
1988-10-01T12:00:00Z,0.0,-35.875,44.125,16.44,-0.76
1988-10-01T12:00:00Z,0.0,-35.875,48.125,15.68,-1.04
1988-10-01T12:00:00Z,0.0,-35.875,52.125,15.97,-0.38
1988-10-01T12:00:00Z,0.0,-35.875,56.125,14.76,-1.12
1988-10-01T12:00:00Z,0.0,-35.875,60.125,13.62,-1.88
1988-10-01T12:00:00Z,0.0,-35.875,64.125,14.44,-0.71
1988-10-01T12:00:00Z,0.0,-35.875,68.125,13.56,-1.26
1988-10-01T12:00:00Z,0.0,-35.875,72.125,12.72,-1.77
1988-10-01T12:00:00Z,0.0,-35.875,76.125,12.65,-1.57
1988-10-01T12:00:00Z,0.0,-35.875,80.125,12.7,-1.24
1988-10-01T12:00:00Z,0.0,-35.875,84.125,12.67,-1.06
1988-10-01T12:00:00Z,0.0,-35.875,88.125,12.07,-1.35
1988-10-01T12:00:00Z,0.0,-35.875,92.125,12.22,-0.99
1988-10-01T12:00:00Z,0.0,-35.875,96.125,12.58,-0.64
1988-10-01T12:00:00Z,0.0,-35.875,100.125,12.47,-0.78
1988-10-01T12:00:00Z,0.0,-35.875,104.125,12.86,-0.83
1988-10-01T12:00:00Z,0.0,-35.875,108.125,13.79,-0.73
1988-10-01T12:00:00Z,0.0,-35.875,112.125,14.88,-0.48
1988-10-01T12:00:00Z,0.0,-35.875,116.125,14.69,-1.39
1988-10-01T12:00:00Z,0.0,-35.875,120.125,14.02,-1.64
1988-10-01T12:00:00Z,0.0,-35.875,124.125,14.85,-0.06
1988-10-01T12:00:00Z,0.0,-35.875,128.125,14.22,-0.21
1988-10-01T12:00:00Z,0.0,-35.875,132.125,14.31,-0.39
1988-10-01T12:00:00Z,0.0,-35.875,136.125,14.49,-0.29
1988-10-01T12:00:00Z,0.0,-35.875,140.125,NaN,NaN
1988-10-01T12:00:00Z,0.0,-35.875,144.125,NaN,NaN
1988-10-01T12:00:00Z,0.0,-35.875,148.125,NaN,NaN
1988-10-01T12:00:00Z,0.0,-35.875,152.125,18.52,0.84
1988-10-01T12:00:00Z,0.0,-35.875,156.125,16.88,-0.38
1988-10-01T12:00:00Z,0.0,-35.875,160.125,17.8,1.05
1988-10-01T12:00:00Z,0.0,-35.875,164.125,16.06,-0.04
1988-10-01T12:00:00Z,0.0,-35.875,168.125,16.59,1.05
1988-10-01T12:00:00Z,0.0,-35.875,172.125,15.61,0.21
1988-10-01T12:00:00Z,0.0,-35.875,176.125,16.25,0.13
1988-10-01T12:00:00Z,0.0,-35.875,180.125,15.99,0.27
1988-10-01T12:00:00Z,0.0,-35.875,184.125,15.14,0.11
1988-10-01T12:00:00Z,0.0,-35.875,188.125,14.78,0.15
1988-10-01T12:00:00Z,0.0,-35.875,192.125,14.78,0.24
1988-10-01T12:00:00Z,0.0,-35.875,196.125,14.56,0.15
1988-10-01T12:00:00Z,0.0,-35.875,200.125,15.03,0.75
1988-10-01T12:00:00Z,0.0,-35.875,204.125,14.21,-0.06
1988-10-01T12:00:00Z,0.0,-35.875,208.125,13.94,-0.32
1988-10-01T12:00:00Z,0.0,-35.875,212.125,14.68,0.36
1988-10-01T12:00:00Z,0.0,-35.875,216.125,14.39,0.04
1988-10-01T12:00:00Z,0.0,-35.875,220.125,15.01,0.61
1988-10-01T12:00:00Z,0.0,-35.875,224.125,14.28,-0.21
1988-10-01T12:00:00Z,0.0,-35.875,228.125,14.68,0.23
1988-10-01T12:00:00Z,0.0,-35.875,232.125,14.83,0.42
1988-10-01T12:00:00Z,0.0,-35.875,236.125,14.28,-0.07
1988-10-01T12:00:00Z,0.0,-35.875,240.125,13.41,-0.91
1988-10-01T12:00:00Z,0.0,-35.875,244.125,14.0,-0.39
1988-10-01T12:00:00Z,0.0,-35.875,248.125,14.17,-0.18
1988-10-01T12:00:00Z,0.0,-35.875,252.125,13.69,-0.67
1988-10-01T12:00:00Z,0.0,-35.875,256.125,13.21,-0.96
1988-10-01T12:00:00Z,0.0,-35.875,260.125,13.48,-0.76
1988-10-01T12:00:00Z,0.0,-35.875,264.125,13.95,-0.33
1988-10-01T12:00:00Z,0.0,-35.875,268.125,14.3,0.05
1988-10-01T12:00:00Z,0.0,-35.875,272.125,14.03,-0.13
1988-10-01T12:00:00Z,0.0,-35.875,276.125,13.73,-0.21
1988-10-01T12:00:00Z,0.0,-35.875,280.125,13.6,-0.1
1988-10-01T12:00:00Z,0.0,-35.875,284.125,12.66,-0.67
1988-10-01T12:00:00Z,0.0,-35.875,288.125,NaN,NaN
1988-10-01T12:00:00Z,0.0,-35.875,292.125,NaN,NaN
1988-10-01T12:00:00Z,0.0,-35.875,296.125,NaN,NaN
1988-10-01T12:00:00Z,0.0,-35.875,300.125,NaN,NaN
1988-10-01T12:00:00Z,0.0,-35.875,304.125,13.67,1.49
1988-10-01T12:00:00Z,0.0,-35.875,308.125,17.48,1.57
1988-10-01T12:00:00Z,0.0,-35.875,312.125,16.96,0.27
1988-10-01T12:00:00Z,0.0,-35.875,316.125,15.48,-0.69
1988-10-01T12:00:00Z,0.0,-35.875,320.125,14.93,-0.93
1988-10-01T12:00:00Z,0.0,-35.875,324.125,14.32,-1.28
1988-10-01T12:00:00Z,0.0,-35.875,328.125,14.14,-1.08
1988-10-01T12:00:00Z,0.0,-35.875,332.125,13.39,-1.58
1988-10-01T12:00:00Z,0.0,-35.875,336.125,13.67,-1.12
1988-10-01T12:00:00Z,0.0,-35.875,340.125,13.71,-0.98
1988-10-01T12:00:00Z,0.0,-35.875,344.125,15.02,0.19
1988-10-01T12:00:00Z,0.0,-35.875,348.125,15.09,0.35
1988-10-01T12:00:00Z,0.0,-35.875,352.125,14.01,-0.46
1988-10-01T12:00:00Z,0.0,-35.875,356.125,14.18,-0.15
1988-10-01T12:00:00Z,0.0,-31.875,0.125,16.53,-0.31
1988-10-01T12:00:00Z,0.0,-31.875,4.125,16.34,-0.35
1988-10-01T12:00:00Z,0.0,-31.875,8.125,16.23,-0.07
1988-10-01T12:00:00Z,0.0,-31.875,12.125,16.27,0.26
1988-10-01T12:00:00Z,0.0,-31.875,16.125,17.27,1.58
1988-10-01T12:00:00Z,0.0,-31.875,20.125,NaN,NaN
1988-10-01T12:00:00Z,0.0,-31.875,24.125,NaN,NaN
1988-10-01T12:00:00Z,0.0,-31.875,28.125,NaN,NaN
1988-10-01T12:00:00Z,0.0,-31.875,32.125,22.04,1.0
1988-10-01T12:00:00Z,0.0,-31.875,36.125,21.47,0.98
1988-10-01T12:00:00Z,0.0,-31.875,40.125,19.8,-0.33
1988-10-01T12:00:00Z,0.0,-31.875,44.125,18.54,-0.87
1988-10-01T12:00:00Z,0.0,-31.875,48.125,19.04,0.15
1988-10-01T12:00:00Z,0.0,-31.875,52.125,18.24,-0.46
1988-10-01T12:00:00Z,0.0,-31.875,56.125,17.04,-1.22
1988-10-01T12:00:00Z,0.0,-31.875,60.125,16.75,-1.24
1988-10-01T12:00:00Z,0.0,-31.875,64.125,17.63,-0.03
1988-10-01T12:00:00Z,0.0,-31.875,68.125,16.25,-1.09
1988-10-01T12:00:00Z,0.0,-31.875,72.125,16.76,-0.19
1988-10-01T12:00:00Z,0.0,-31.875,76.125,15.07,-1.77
1988-10-01T12:00:00Z,0.0,-31.875,80.125,15.71,-0.75
1988-10-01T12:00:00Z,0.0,-31.875,84.125,14.98,-1.21
1988-10-01T12:00:00Z,0.0,-31.875,88.125,15.27,-0.8
1988-10-01T12:00:00Z,0.0,-31.875,92.125,15.0,-0.86
1988-10-01T12:00:00Z,0.0,-31.875,96.125,14.06,-1.75
1988-10-01T12:00:00Z,0.0,-31.875,100.125,14.35,-1.57
1988-10-01T12:00:00Z,0.0,-31.875,104.125,14.73,-1.49
1988-10-01T12:00:00Z,0.0,-31.875,108.125,16.15,-0.95
1988-10-01T12:00:00Z,0.0,-31.875,112.125,19.19,0.7
1988-10-01T12:00:00Z,0.0,-31.875,116.125,NaN,NaN
1988-10-01T12:00:00Z,0.0,-31.875,120.125,NaN,NaN
1988-10-01T12:00:00Z,0.0,-31.875,124.125,NaN,NaN
1988-10-01T12:00:00Z,0.0,-31.875,128.125,NaN,NaN
1988-10-01T12:00:00Z,0.0,-31.875,132.125,15.97,-0.82
1988-10-01T12:00:00Z,0.0,-31.875,136.125,NaN,NaN
1988-10-01T12:00:00Z,0.0,-31.875,140.125,NaN,NaN
1988-10-01T12:00:00Z,0.0,-31.875,144.125,NaN,NaN
1988-10-01T12:00:00Z,0.0,-31.875,148.125,NaN,NaN
1988-10-01T12:00:00Z,0.0,-31.875,152.125,NaN,NaN
1988-10-01T12:00:00Z,0.0,-31.875,156.125,21.25,1.41
1988-10-01T12:00:00Z,0.0,-31.875,160.125,20.1,1.16
1988-10-01T12:00:00Z,0.0,-31.875,164.125,19.27,0.85
1988-10-01T12:00:00Z,0.0,-31.875,168.125,18.93,1.02
1988-10-01T12:00:00Z,0.0,-31.875,172.125,19.12,1.36
1988-10-01T12:00:00Z,0.0,-31.875,176.125,17.98,0.28
1988-10-01T12:00:00Z,0.0,-31.875,180.125,17.72,0.37
1988-10-01T12:00:00Z,0.0,-31.875,184.125,17.35,0.22
1988-10-01T12:00:00Z,0.0,-31.875,188.125,17.33,0.29
1988-10-01T12:00:00Z,0.0,-31.875,192.125,17.27,0.26
1988-10-01T12:00:00Z,0.0,-31.875,196.125,17.93,0.97
1988-10-01T12:00:00Z,0.0,-31.875,200.125,17.25,0.33
1988-10-01T12:00:00Z,0.0,-31.875,204.125,17.83,0.9
1988-10-01T12:00:00Z,0.0,-31.875,208.125,17.73,0.69
1988-10-01T12:00:00Z,0.0,-31.875,212.125,16.89,-0.23
1988-10-01T12:00:00Z,0.0,-31.875,216.125,18.08,0.85
1988-10-01T12:00:00Z,0.0,-31.875,220.125,17.79,0.46
1988-10-01T12:00:00Z,0.0,-31.875,224.125,17.34,-0.01
1988-10-01T12:00:00Z,0.0,-31.875,228.125,18.3,0.83
1988-10-01T12:00:00Z,0.0,-31.875,232.125,17.96,0.43
1988-10-01T12:00:00Z,0.0,-31.875,236.125,17.09,-0.32
1988-10-01T12:00:00Z,0.0,-31.875,240.125,17.28,-0.2
1988-10-01T12:00:00Z,0.0,-31.875,244.125,16.87,-0.58
1988-10-01T12:00:00Z,0.0,-31.875,248.125,16.84,-0.46
1988-10-01T12:00:00Z,0.0,-31.875,252.125,16.78,-0.42
1988-10-01T12:00:00Z,0.0,-31.875,256.125,16.3,-0.84
1988-10-01T12:00:00Z,0.0,-31.875,260.125,16.3,-0.67
1988-10-01T12:00:00Z,0.0,-31.875,264.125,15.9,-0.85
1988-10-01T12:00:00Z,0.0,-31.875,268.125,15.89,-0.62
1988-10-01T12:00:00Z,0.0,-31.875,272.125,16.17,-0.04
1988-10-01T12:00:00Z,0.0,-31.875,276.125,16.12,0.3
1988-10-01T12:00:00Z,0.0,-31.875,280.125,15.47,0.05
1988-10-01T12:00:00Z,0.0,-31.875,284.125,13.83,-0.95
1988-10-01T12:00:00Z,0.0,-31.875,288.125,13.26,-0.64
1988-10-01T12:00:00Z,0.0,-31.875,292.125,NaN,NaN
1988-10-01T12:00:00Z,0.0,-31.875,296.125,NaN,NaN
1988-10-01T12:00:00Z,0.0,-31.875,300.125,NaN,NaN
1988-10-01T12:00:00Z,0.0,-31.875,304.125,NaN,NaN
1988-10-01T12:00:00Z,0.0,-31.875,308.125,16.37,-0.25
1988-10-01T12:00:00Z,0.0,-31.875,312.125,19.83,0.64
1988-10-01T12:00:00Z,0.0,-31.875,316.125,18.18,-0.14
1988-10-01T12:00:00Z,0.0,-31.875,320.125,18.53,0.51
1988-10-01T12:00:00Z,0.0,-31.875,324.125,16.95,-1.1
1988-10-01T12:00:00Z,0.0,-31.875,328.125,17.81,-0.21
1988-10-01T12:00:00Z,0.0,-31.875,332.125,16.35,-1.52
1988-10-01T12:00:00Z,0.0,-31.875,336.125,16.67,-1.14
1988-10-01T12:00:00Z,0.0,-31.875,340.125,17.29,-0.42
1988-10-01T12:00:00Z,0.0,-31.875,344.125,16.26,-1.2
1988-10-01T12:00:00Z,0.0,-31.875,348.125,17.91,0.65
1988-10-01T12:00:00Z,0.0,-31.875,352.125,17.43,0.16
1988-10-01T12:00:00Z,0.0,-31.875,356.125,16.73,-0.28
1988-10-01T12:00:00Z,0.0,-27.875,0.125,18.17,0.07
1988-10-01T12:00:00Z,0.0,-27.875,4.125,17.23,-0.37
1988-10-01T12:00:00Z,0.0,-27.875,8.125,16.34,-0.57
1988-10-01T12:00:00Z,0.0,-27.875,12.125,16.09,-0.04
1988-10-01T12:00:00Z,0.0,-27.875,16.125,NaN,NaN
1988-10-01T12:00:00Z,0.0,-27.875,20.125,NaN,NaN
1988-10-01T12:00:00Z,0.0,-27.875,24.125,NaN,NaN
1988-10-01T12:00:00Z,0.0,-27.875,28.125,NaN,NaN
1988-10-01T12:00:00Z,0.0,-27.875,32.125,NaN,NaN
1988-10-01T12:00:00Z,0.0,-27.875,36.125,22.7,0.21
1988-10-01T12:00:00Z,0.0,-27.875,40.125,22.95,0.69
1988-10-01T12:00:00Z,0.0,-27.875,44.125,23.38,1.0
1988-10-01T12:00:00Z,0.0,-27.875,48.125,22.29,0.59
1988-10-01T12:00:00Z,0.0,-27.875,52.125,20.9,-0.45
1988-10-01T12:00:00Z,0.0,-27.875,56.125,20.02,-1.01
1988-10-01T12:00:00Z,0.0,-27.875,60.125,20.45,-0.18
1988-10-01T12:00:00Z,0.0,-27.875,64.125,20.21,-0.04
1988-10-01T12:00:00Z,0.0,-27.875,68.125,19.58,-0.35
1988-10-01T12:00:00Z,0.0,-27.875,72.125,19.3,-0.47
1988-10-01T12:00:00Z,0.0,-27.875,76.125,19.18,-0.48
1988-10-01T12:00:00Z,0.0,-27.875,80.125,17.85,-1.42
1988-10-01T12:00:00Z,0.0,-27.875,84.125,18.86,-0.24
1988-10-01T12:00:00Z,0.0,-27.875,88.125,18.72,-0.22
1988-10-01T12:00:00Z,0.0,-27.875,92.125,18.57,-0.26
1988-10-01T12:00:00Z,0.0,-27.875,96.125,19.64,0.92
1988-10-01T12:00:00Z,0.0,-27.875,100.125,18.79,0.0
1988-10-01T12:00:00Z,0.0,-27.875,104.125,18.44,-0.68
1988-10-01T12:00:00Z,0.0,-27.875,108.125,19.45,-0.21
1988-10-01T12:00:00Z,0.0,-27.875,112.125,20.11,-0.33
1988-10-01T12:00:00Z,0.0,-27.875,116.125,NaN,NaN
1988-10-01T12:00:00Z,0.0,-27.875,120.125,NaN,NaN
1988-10-01T12:00:00Z,0.0,-27.875,124.125,NaN,NaN
1988-10-01T12:00:00Z,0.0,-27.875,128.125,NaN,NaN
1988-10-01T12:00:00Z,0.0,-27.875,132.125,NaN,NaN
1988-10-01T12:00:00Z,0.0,-27.875,136.125,NaN,NaN
1988-10-01T12:00:00Z,0.0,-27.875,140.125,NaN,NaN
1988-10-01T12:00:00Z,0.0,-27.875,144.125,NaN,NaN
1988-10-01T12:00:00Z,0.0,-27.875,148.125,NaN,NaN
1988-10-01T12:00:00Z,0.0,-27.875,152.125,NaN,NaN
1988-10-01T12:00:00Z,0.0,-27.875,156.125,20.65,-0.58
1988-10-01T12:00:00Z,0.0,-27.875,160.125,20.77,0.38
1988-10-01T12:00:00Z,0.0,-27.875,164.125,21.24,1.05
1988-10-01T12:00:00Z,0.0,-27.875,168.125,22.1,2.03
1988-10-01T12:00:00Z,0.0,-27.875,172.125,20.08,0.22
1988-10-01T12:00:00Z,0.0,-27.875,176.125,20.69,0.82
1988-10-01T12:00:00Z,0.0,-27.875,180.125,20.32,0.44
1988-10-01T12:00:00Z,0.0,-27.875,184.125,21.42,1.64
1988-10-01T12:00:00Z,0.0,-27.875,188.125,20.94,1.22
1988-10-01T12:00:00Z,0.0,-27.875,192.125,21.27,1.58
1988-10-01T12:00:00Z,0.0,-27.875,196.125,21.58,1.96
1988-10-01T12:00:00Z,0.0,-27.875,200.125,20.0,0.34
1988-10-01T12:00:00Z,0.0,-27.875,204.125,20.88,1.19
1988-10-01T12:00:00Z,0.0,-27.875,208.125,20.85,1.1
1988-10-01T12:00:00Z,0.0,-27.875,212.125,20.37,0.48
1988-10-01T12:00:00Z,0.0,-27.875,216.125,20.98,0.94
1988-10-01T12:00:00Z,0.0,-27.875,220.125,21.2,1.01
1988-10-01T12:00:00Z,0.0,-27.875,224.125,21.1,0.73
1988-10-01T12:00:00Z,0.0,-27.875,228.125,21.39,0.85
1988-10-01T12:00:00Z,0.0,-27.875,232.125,21.17,0.62
1988-10-01T12:00:00Z,0.0,-27.875,236.125,20.37,-0.11
1988-10-01T12:00:00Z,0.0,-27.875,240.125,20.54,0.17
1988-10-01T12:00:00Z,0.0,-27.875,244.125,19.8,-0.45
1988-10-01T12:00:00Z,0.0,-27.875,248.125,19.15,-0.96
1988-10-01T12:00:00Z,0.0,-27.875,252.125,18.81,-0.99
1988-10-01T12:00:00Z,0.0,-27.875,256.125,18.62,-0.89
1988-10-01T12:00:00Z,0.0,-27.875,260.125,18.05,-1.1
1988-10-01T12:00:00Z,0.0,-27.875,264.125,18.32,-0.42
1988-10-01T12:00:00Z,0.0,-27.875,268.125,17.77,-0.51
1988-10-01T12:00:00Z,0.0,-27.875,272.125,16.9,-0.87
1988-10-01T12:00:00Z,0.0,-27.875,276.125,16.37,-0.91
1988-10-01T12:00:00Z,0.0,-27.875,280.125,16.03,-0.67
1988-10-01T12:00:00Z,0.0,-27.875,284.125,15.56,-0.27
1988-10-01T12:00:00Z,0.0,-27.875,288.125,14.02,-0.74
1988-10-01T12:00:00Z,0.0,-27.875,292.125,NaN,NaN
1988-10-01T12:00:00Z,0.0,-27.875,296.125,NaN,NaN
1988-10-01T12:00:00Z,0.0,-27.875,300.125,NaN,NaN
1988-10-01T12:00:00Z,0.0,-27.875,304.125,NaN,NaN
1988-10-01T12:00:00Z,0.0,-27.875,308.125,NaN,NaN
1988-10-01T12:00:00Z,0.0,-27.875,312.125,19.93,-0.51
1988-10-01T12:00:00Z,0.0,-27.875,316.125,20.76,-0.43
1988-10-01T12:00:00Z,0.0,-27.875,320.125,20.14,-0.46
1988-10-01T12:00:00Z,0.0,-27.875,324.125,20.36,-0.05
1988-10-01T12:00:00Z,0.0,-27.875,328.125,19.04,-1.33
1988-10-01T12:00:00Z,0.0,-27.875,332.125,19.09,-1.13
1988-10-01T12:00:00Z,0.0,-27.875,336.125,19.01,-0.95
1988-10-01T12:00:00Z,0.0,-27.875,340.125,19.7,-0.07
1988-10-01T12:00:00Z,0.0,-27.875,344.125,19.16,-0.35
1988-10-01T12:00:00Z,0.0,-27.875,348.125,18.89,-0.43
1988-10-01T12:00:00Z,0.0,-27.875,352.125,18.36,-0.54
1988-10-01T12:00:00Z,0.0,-27.875,356.125,18.82,0.31
1988-10-01T12:00:00Z,0.0,-23.875,0.125,18.1,-0.75
1988-10-01T12:00:00Z,0.0,-23.875,4.125,17.35,-0.74
1988-10-01T12:00:00Z,0.0,-23.875,8.125,17.07,-0.13
1988-10-01T12:00:00Z,0.0,-23.875,12.125,16.09,0.48
1988-10-01T12:00:00Z,0.0,-23.875,16.125,NaN,NaN
1988-10-01T12:00:00Z,0.0,-23.875,20.125,NaN,NaN
1988-10-01T12:00:00Z,0.0,-23.875,24.125,NaN,NaN
1988-10-01T12:00:00Z,0.0,-23.875,28.125,NaN,NaN
1988-10-01T12:00:00Z,0.0,-23.875,32.125,NaN,NaN
1988-10-01T12:00:00Z,0.0,-23.875,36.125,24.77,0.59
1988-10-01T12:00:00Z,0.0,-23.875,40.125,24.22,0.32
1988-10-01T12:00:00Z,0.0,-23.875,44.125,NaN,NaN
1988-10-01T12:00:00Z,0.0,-23.875,48.125,23.42,-0.25
1988-10-01T12:00:00Z,0.0,-23.875,52.125,22.22,-1.05
1988-10-01T12:00:00Z,0.0,-23.875,56.125,22.0,-0.89
1988-10-01T12:00:00Z,0.0,-23.875,60.125,21.93,-0.58
1988-10-01T12:00:00Z,0.0,-23.875,64.125,21.78,-0.44
1988-10-01T12:00:00Z,0.0,-23.875,68.125,22.15,0.1
1988-10-01T12:00:00Z,0.0,-23.875,72.125,22.63,0.87
1988-10-01T12:00:00Z,0.0,-23.875,76.125,21.7,0.18
1988-10-01T12:00:00Z,0.0,-23.875,80.125,21.69,0.4
1988-10-01T12:00:00Z,0.0,-23.875,84.125,21.35,0.33
1988-10-01T12:00:00Z,0.0,-23.875,88.125,21.83,1.04
1988-10-01T12:00:00Z,0.0,-23.875,92.125,21.34,0.64
1988-10-01T12:00:00Z,0.0,-23.875,96.125,21.41,0.69
1988-10-01T12:00:00Z,0.0,-23.875,100.125,22.46,1.45
1988-10-01T12:00:00Z,0.0,-23.875,104.125,22.29,1.06
1988-10-01T12:00:00Z,0.0,-23.875,108.125,21.63,0.18
1988-10-01T12:00:00Z,0.0,-23.875,112.125,22.85,0.71
1988-10-01T12:00:00Z,0.0,-23.875,116.125,NaN,NaN
1988-10-01T12:00:00Z,0.0,-23.875,120.125,NaN,NaN
1988-10-01T12:00:00Z,0.0,-23.875,124.125,NaN,NaN
1988-10-01T12:00:00Z,0.0,-23.875,128.125,NaN,NaN
1988-10-01T12:00:00Z,0.0,-23.875,132.125,NaN,NaN
1988-10-01T12:00:00Z,0.0,-23.875,136.125,NaN,NaN
1988-10-01T12:00:00Z,0.0,-23.875,140.125,NaN,NaN
1988-10-01T12:00:00Z,0.0,-23.875,144.125,NaN,NaN
1988-10-01T12:00:00Z,0.0,-23.875,148.125,NaN,NaN
1988-10-01T12:00:00Z,0.0,-23.875,152.125,22.85,-0.09
1988-10-01T12:00:00Z,0.0,-23.875,156.125,23.29,0.42
1988-10-01T12:00:00Z,0.0,-23.875,160.125,22.74,0.61
1988-10-01T12:00:00Z,0.0,-23.875,164.125,23.86,1.66
1988-10-01T12:00:00Z,0.0,-23.875,168.125,23.51,1.21
1988-10-01T12:00:00Z,0.0,-23.875,172.125,23.52,1.18
1988-10-01T12:00:00Z,0.0,-23.875,176.125,23.52,1.22
1988-10-01T12:00:00Z,0.0,-23.875,180.125,23.17,0.89
1988-10-01T12:00:00Z,0.0,-23.875,184.125,23.33,1.1
1988-10-01T12:00:00Z,0.0,-23.875,188.125,23.5,1.27
1988-10-01T12:00:00Z,0.0,-23.875,192.125,23.63,1.41
1988-10-01T12:00:00Z,0.0,-23.875,196.125,23.38,1.03
1988-10-01T12:00:00Z,0.0,-23.875,200.125,22.99,0.67
1988-10-01T12:00:00Z,0.0,-23.875,204.125,23.7,1.13
1988-10-01T12:00:00Z,0.0,-23.875,208.125,23.47,0.83
1988-10-01T12:00:00Z,0.0,-23.875,212.125,23.34,0.68
1988-10-01T12:00:00Z,0.0,-23.875,216.125,22.96,0.09
1988-10-01T12:00:00Z,0.0,-23.875,220.125,23.57,0.57
1988-10-01T12:00:00Z,0.0,-23.875,224.125,23.05,0.0
1988-10-01T12:00:00Z,0.0,-23.875,228.125,22.64,-0.37
1988-10-01T12:00:00Z,0.0,-23.875,232.125,22.22,-0.71
1988-10-01T12:00:00Z,0.0,-23.875,236.125,22.02,-0.75
1988-10-01T12:00:00Z,0.0,-23.875,240.125,21.89,-0.66
1988-10-01T12:00:00Z,0.0,-23.875,244.125,21.77,-0.49
1988-10-01T12:00:00Z,0.0,-23.875,248.125,21.53,-0.33
1988-10-01T12:00:00Z,0.0,-23.875,252.125,20.74,-0.68
1988-10-01T12:00:00Z,0.0,-23.875,256.125,20.11,-0.94
1988-10-01T12:00:00Z,0.0,-23.875,260.125,19.59,-0.91
1988-10-01T12:00:00Z,0.0,-23.875,264.125,18.84,-1.05
1988-10-01T12:00:00Z,0.0,-23.875,268.125,18.44,-0.76
1988-10-01T12:00:00Z,0.0,-23.875,272.125,17.68,-0.95
1988-10-01T12:00:00Z,0.0,-23.875,276.125,17.15,-0.89
1988-10-01T12:00:00Z,0.0,-23.875,280.125,16.0,-1.47
1988-10-01T12:00:00Z,0.0,-23.875,284.125,16.16,-0.51
1988-10-01T12:00:00Z,0.0,-23.875,288.125,15.69,-0.53
1988-10-01T12:00:00Z,0.0,-23.875,292.125,NaN,NaN
1988-10-01T12:00:00Z,0.0,-23.875,296.125,NaN,NaN
1988-10-01T12:00:00Z,0.0,-23.875,300.125,NaN,NaN
1988-10-01T12:00:00Z,0.0,-23.875,304.125,NaN,NaN
1988-10-01T12:00:00Z,0.0,-23.875,308.125,NaN,NaN
1988-10-01T12:00:00Z,0.0,-23.875,312.125,NaN,NaN
1988-10-01T12:00:00Z,0.0,-23.875,316.125,20.05,-1.97
1988-10-01T12:00:00Z,0.0,-23.875,320.125,22.05,-0.8
1988-10-01T12:00:00Z,0.0,-23.875,324.125,22.59,-0.15
1988-10-01T12:00:00Z,0.0,-23.875,328.125,21.51,-1.01
1988-10-01T12:00:00Z,0.0,-23.875,332.125,21.92,-0.35
1988-10-01T12:00:00Z,0.0,-23.875,336.125,21.39,-0.5
1988-10-01T12:00:00Z,0.0,-23.875,340.125,21.03,-0.5
1988-10-01T12:00:00Z,0.0,-23.875,344.125,21.13,0.0
1988-10-01T12:00:00Z,0.0,-23.875,348.125,20.34,-0.3
1988-10-01T12:00:00Z,0.0,-23.875,352.125,19.65,-0.46
1988-10-01T12:00:00Z,0.0,-23.875,356.125,19.25,-0.27
1988-10-01T12:00:00Z,0.0,-19.875,0.125,18.79,-0.35
1988-10-01T12:00:00Z,0.0,-19.875,4.125,17.59,-0.74
1988-10-01T12:00:00Z,0.0,-19.875,8.125,17.1,-0.16
1988-10-01T12:00:00Z,0.0,-19.875,12.125,15.53,-0.11
1988-10-01T12:00:00Z,0.0,-19.875,16.125,NaN,NaN
1988-10-01T12:00:00Z,0.0,-19.875,20.125,NaN,NaN
1988-10-01T12:00:00Z,0.0,-19.875,24.125,NaN,NaN
1988-10-01T12:00:00Z,0.0,-19.875,28.125,NaN,NaN
1988-10-01T12:00:00Z,0.0,-19.875,32.125,NaN,NaN
1988-10-01T12:00:00Z,0.0,-19.875,36.125,24.55,-0.29
1988-10-01T12:00:00Z,0.0,-19.875,40.125,24.57,-0.8
1988-10-01T12:00:00Z,0.0,-19.875,44.125,26.87,1.36
1988-10-01T12:00:00Z,0.0,-19.875,48.125,NaN,NaN
1988-10-01T12:00:00Z,0.0,-19.875,52.125,22.94,-1.28
1988-10-01T12:00:00Z,0.0,-19.875,56.125,22.96,-0.9
1988-10-01T12:00:00Z,0.0,-19.875,60.125,23.01,-0.66
1988-10-01T12:00:00Z,0.0,-19.875,64.125,23.46,-0.09
1988-10-01T12:00:00Z,0.0,-19.875,68.125,23.25,-0.15
1988-10-01T12:00:00Z,0.0,-19.875,72.125,23.81,0.62
1988-10-01T12:00:00Z,0.0,-19.875,76.125,22.7,-0.26
1988-10-01T12:00:00Z,0.0,-19.875,80.125,22.86,0.07
1988-10-01T12:00:00Z,0.0,-19.875,84.125,23.3,0.66
1988-10-01T12:00:00Z,0.0,-19.875,88.125,23.03,0.37
1988-10-01T12:00:00Z,0.0,-19.875,92.125,23.04,0.3
1988-10-01T12:00:00Z,0.0,-19.875,96.125,22.86,-0.21
1988-10-01T12:00:00Z,0.0,-19.875,100.125,24.51,1.13
1988-10-01T12:00:00Z,0.0,-19.875,104.125,23.72,0.35
1988-10-01T12:00:00Z,0.0,-19.875,108.125,24.23,0.71
1988-10-01T12:00:00Z,0.0,-19.875,112.125,24.65,0.69
1988-10-01T12:00:00Z,0.0,-19.875,116.125,25.58,0.85
1988-10-01T12:00:00Z,0.0,-19.875,120.125,25.49,0.4
1988-10-01T12:00:00Z,0.0,-19.875,124.125,NaN,NaN
1988-10-01T12:00:00Z,0.0,-19.875,128.125,NaN,NaN
1988-10-01T12:00:00Z,0.0,-19.875,132.125,NaN,NaN
1988-10-01T12:00:00Z,0.0,-19.875,136.125,NaN,NaN
1988-10-01T12:00:00Z,0.0,-19.875,140.125,NaN,NaN
1988-10-01T12:00:00Z,0.0,-19.875,144.125,NaN,NaN
1988-10-01T12:00:00Z,0.0,-19.875,148.125,25.14,0.64
1988-10-01T12:00:00Z,0.0,-19.875,152.125,25.8,1.23
1988-10-01T12:00:00Z,0.0,-19.875,156.125,25.83,1.45
1988-10-01T12:00:00Z,0.0,-19.875,160.125,26.0,1.87
1988-10-01T12:00:00Z,0.0,-19.875,164.125,25.94,1.62
1988-10-01T12:00:00Z,0.0,-19.875,168.125,26.26,1.74
1988-10-01T12:00:00Z,0.0,-19.875,172.125,26.41,1.93
1988-10-01T12:00:00Z,0.0,-19.875,176.125,25.89,1.24
1988-10-01T12:00:00Z,0.0,-19.875,180.125,25.1,0.65
1988-10-01T12:00:00Z,0.0,-19.875,184.125,25.64,1.1
1988-10-01T12:00:00Z,0.0,-19.875,188.125,24.7,-0.06
1988-10-01T12:00:00Z,0.0,-19.875,192.125,25.23,0.26
1988-10-01T12:00:00Z,0.0,-19.875,196.125,25.34,0.29
1988-10-01T12:00:00Z,0.0,-19.875,200.125,25.9,0.82
1988-10-01T12:00:00Z,0.0,-19.875,204.125,25.91,0.78
1988-10-01T12:00:00Z,0.0,-19.875,208.125,25.29,0.04
1988-10-01T12:00:00Z,0.0,-19.875,212.125,25.57,0.27
1988-10-01T12:00:00Z,0.0,-19.875,216.125,25.55,0.25
1988-10-01T12:00:00Z,0.0,-19.875,220.125,25.18,-0.05
1988-10-01T12:00:00Z,0.0,-19.875,224.125,24.4,-0.7
1988-10-01T12:00:00Z,0.0,-19.875,228.125,24.28,-0.63
1988-10-01T12:00:00Z,0.0,-19.875,232.125,23.64,-1.01
1988-10-01T12:00:00Z,0.0,-19.875,236.125,23.03,-1.29
1988-10-01T12:00:00Z,0.0,-19.875,240.125,23.23,-0.74
1988-10-01T12:00:00Z,0.0,-19.875,244.125,23.38,-0.17
1988-10-01T12:00:00Z,0.0,-19.875,248.125,22.77,-0.28
1988-10-01T12:00:00Z,0.0,-19.875,252.125,21.89,-0.6
1988-10-01T12:00:00Z,0.0,-19.875,256.125,20.88,-1.0
1988-10-01T12:00:00Z,0.0,-19.875,260.125,20.11,-1.08
1988-10-01T12:00:00Z,0.0,-19.875,264.125,19.72,-0.83
1988-10-01T12:00:00Z,0.0,-19.875,268.125,19.16,-0.73
1988-10-01T12:00:00Z,0.0,-19.875,272.125,18.06,-1.22
1988-10-01T12:00:00Z,0.0,-19.875,276.125,17.63,-0.95
1988-10-01T12:00:00Z,0.0,-19.875,280.125,16.74,-1.11
1988-10-01T12:00:00Z,0.0,-19.875,284.125,16.85,-0.52
1988-10-01T12:00:00Z,0.0,-19.875,288.125,17.34,-0.2
1988-10-01T12:00:00Z,0.0,-19.875,292.125,NaN,NaN
1988-10-01T12:00:00Z,0.0,-19.875,296.125,NaN,NaN
1988-10-01T12:00:00Z,0.0,-19.875,300.125,NaN,NaN
1988-10-01T12:00:00Z,0.0,-19.875,304.125,NaN,NaN
1988-10-01T12:00:00Z,0.0,-19.875,308.125,NaN,NaN
1988-10-01T12:00:00Z,0.0,-19.875,312.125,NaN,NaN
1988-10-01T12:00:00Z,0.0,-19.875,316.125,NaN,NaN
1988-10-01T12:00:00Z,0.0,-19.875,320.125,24.18,0.06
1988-10-01T12:00:00Z,0.0,-19.875,324.125,23.77,-0.6
1988-10-01T12:00:00Z,0.0,-19.875,328.125,23.04,-1.05
1988-10-01T12:00:00Z,0.0,-19.875,332.125,22.62,-1.03
1988-10-01T12:00:00Z,0.0,-19.875,336.125,22.04,-1.09
1988-10-01T12:00:00Z,0.0,-19.875,340.125,22.23,-0.3
1988-10-01T12:00:00Z,0.0,-19.875,344.125,21.72,-0.21
1988-10-01T12:00:00Z,0.0,-19.875,348.125,21.53,0.25
1988-10-01T12:00:00Z,0.0,-19.875,352.125,20.33,-0.27
1988-10-01T12:00:00Z,0.0,-19.875,356.125,19.21,-0.68
1988-10-01T12:00:00Z,0.0,-15.875,0.125,19.3,-0.11
1988-10-01T12:00:00Z,0.0,-15.875,4.125,17.9,-0.77
1988-10-01T12:00:00Z,0.0,-15.875,8.125,17.28,-0.84
1988-10-01T12:00:00Z,0.0,-15.875,12.125,NaN,NaN
1988-10-01T12:00:00Z,0.0,-15.875,16.125,NaN,NaN
1988-10-01T12:00:00Z,0.0,-15.875,20.125,NaN,NaN
1988-10-01T12:00:00Z,0.0,-15.875,24.125,NaN,NaN
1988-10-01T12:00:00Z,0.0,-15.875,28.125,NaN,NaN
1988-10-01T12:00:00Z,0.0,-15.875,32.125,NaN,NaN
1988-10-01T12:00:00Z,0.0,-15.875,36.125,NaN,NaN
1988-10-01T12:00:00Z,0.0,-15.875,40.125,NaN,NaN
1988-10-01T12:00:00Z,0.0,-15.875,44.125,26.55,0.39
1988-10-01T12:00:00Z,0.0,-15.875,48.125,NaN,NaN
1988-10-01T12:00:00Z,0.0,-15.875,52.125,23.47,-1.36
1988-10-01T12:00:00Z,0.0,-15.875,56.125,23.88,-0.92
1988-10-01T12:00:00Z,0.0,-15.875,60.125,23.26,-1.41
1988-10-01T12:00:00Z,0.0,-15.875,64.125,24.83,0.23
1988-10-01T12:00:00Z,0.0,-15.875,68.125,24.51,-0.02
1988-10-01T12:00:00Z,0.0,-15.875,72.125,25.1,0.64
1988-10-01T12:00:00Z,0.0,-15.875,76.125,24.05,-0.47
1988-10-01T12:00:00Z,0.0,-15.875,80.125,23.71,-0.88
1988-10-01T12:00:00Z,0.0,-15.875,84.125,24.92,0.1
1988-10-01T12:00:00Z,0.0,-15.875,88.125,25.52,0.42
1988-10-01T12:00:00Z,0.0,-15.875,92.125,26.74,1.52
1988-10-01T12:00:00Z,0.0,-15.875,96.125,25.56,0.15
1988-10-01T12:00:00Z,0.0,-15.875,100.125,25.35,-0.03
1988-10-01T12:00:00Z,0.0,-15.875,104.125,25.05,-0.31
1988-10-01T12:00:00Z,0.0,-15.875,108.125,25.1,-0.32
1988-10-01T12:00:00Z,0.0,-15.875,112.125,26.06,0.31
1988-10-01T12:00:00Z,0.0,-15.875,116.125,27.51,1.02
1988-10-01T12:00:00Z,0.0,-15.875,120.125,28.36,1.34
1988-10-01T12:00:00Z,0.0,-15.875,124.125,27.81,0.78
1988-10-01T12:00:00Z,0.0,-15.875,128.125,NaN,NaN
1988-10-01T12:00:00Z,0.0,-15.875,132.125,NaN,NaN
1988-10-01T12:00:00Z,0.0,-15.875,136.125,NaN,NaN
1988-10-01T12:00:00Z,0.0,-15.875,140.125,27.35,1.0
1988-10-01T12:00:00Z,0.0,-15.875,144.125,NaN,NaN
1988-10-01T12:00:00Z,0.0,-15.875,148.125,25.89,0.2
1988-10-01T12:00:00Z,0.0,-15.875,152.125,26.69,0.73
1988-10-01T12:00:00Z,0.0,-15.875,156.125,26.63,0.42
1988-10-01T12:00:00Z,0.0,-15.875,160.125,26.2,-0.03
1988-10-01T12:00:00Z,0.0,-15.875,164.125,27.29,0.92
1988-10-01T12:00:00Z,0.0,-15.875,168.125,27.55,0.99
1988-10-01T12:00:00Z,0.0,-15.875,172.125,26.95,0.42
1988-10-01T12:00:00Z,0.0,-15.875,176.125,26.92,0.22
1988-10-01T12:00:00Z,0.0,-15.875,180.125,26.79,0.08
1988-10-01T12:00:00Z,0.0,-15.875,184.125,26.78,-0.15
1988-10-01T12:00:00Z,0.0,-15.875,188.125,26.7,-0.31
1988-10-01T12:00:00Z,0.0,-15.875,192.125,26.54,-0.51
1988-10-01T12:00:00Z,0.0,-15.875,196.125,27.23,0.15
1988-10-01T12:00:00Z,0.0,-15.875,200.125,26.37,-0.72
1988-10-01T12:00:00Z,0.0,-15.875,204.125,26.59,-0.48
1988-10-01T12:00:00Z,0.0,-15.875,208.125,26.25,-0.79
1988-10-01T12:00:00Z,0.0,-15.875,212.125,26.12,-0.82
1988-10-01T12:00:00Z,0.0,-15.875,216.125,26.08,-0.69
1988-10-01T12:00:00Z,0.0,-15.875,220.125,25.74,-0.85
1988-10-01T12:00:00Z,0.0,-15.875,224.125,25.54,-0.8
1988-10-01T12:00:00Z,0.0,-15.875,228.125,24.92,-1.11
1988-10-01T12:00:00Z,0.0,-15.875,232.125,24.42,-1.23
1988-10-01T12:00:00Z,0.0,-15.875,236.125,24.27,-0.98
1988-10-01T12:00:00Z,0.0,-15.875,240.125,23.89,-0.92
1988-10-01T12:00:00Z,0.0,-15.875,244.125,23.42,-0.84
1988-10-01T12:00:00Z,0.0,-15.875,248.125,23.09,-0.63
1988-10-01T12:00:00Z,0.0,-15.875,252.125,22.52,-0.61
1988-10-01T12:00:00Z,0.0,-15.875,256.125,21.46,-1.08
1988-10-01T12:00:00Z,0.0,-15.875,260.125,20.1,-1.72
1988-10-01T12:00:00Z,0.0,-15.875,264.125,19.4,-1.7
1988-10-01T12:00:00Z,0.0,-15.875,268.125,19.44,-0.86
1988-10-01T12:00:00Z,0.0,-15.875,272.125,18.54,-0.91
1988-10-01T12:00:00Z,0.0,-15.875,276.125,17.48,-1.1
1988-10-01T12:00:00Z,0.0,-15.875,280.125,16.87,-0.96
1988-10-01T12:00:00Z,0.0,-15.875,284.125,15.77,-1.1
1988-10-01T12:00:00Z,0.0,-15.875,288.125,NaN,NaN
1988-10-01T12:00:00Z,0.0,-15.875,292.125,NaN,NaN
1988-10-01T12:00:00Z,0.0,-15.875,296.125,NaN,NaN
1988-10-01T12:00:00Z,0.0,-15.875,300.125,NaN,NaN
1988-10-01T12:00:00Z,0.0,-15.875,304.125,NaN,NaN
1988-10-01T12:00:00Z,0.0,-15.875,308.125,NaN,NaN
1988-10-01T12:00:00Z,0.0,-15.875,312.125,NaN,NaN
1988-10-01T12:00:00Z,0.0,-15.875,316.125,NaN,NaN
1988-10-01T12:00:00Z,0.0,-15.875,320.125,NaN,NaN
1988-10-01T12:00:00Z,0.0,-15.875,324.125,25.51,-0.06
1988-10-01T12:00:00Z,0.0,-15.875,328.125,24.0,-1.23
1988-10-01T12:00:00Z,0.0,-15.875,332.125,23.37,-1.24
1988-10-01T12:00:00Z,0.0,-15.875,336.125,22.44,-1.45
1988-10-01T12:00:00Z,0.0,-15.875,340.125,21.78,-1.35
1988-10-01T12:00:00Z,0.0,-15.875,344.125,21.8,-0.6
1988-10-01T12:00:00Z,0.0,-15.875,348.125,21.32,-0.25
1988-10-01T12:00:00Z,0.0,-15.875,352.125,20.36,-0.46
1988-10-01T12:00:00Z,0.0,-15.875,356.125,19.81,-0.3
1988-10-01T12:00:00Z,0.0,-11.875,0.125,21.02,-0.06
1988-10-01T12:00:00Z,0.0,-11.875,4.125,20.14,-0.41
1988-10-01T12:00:00Z,0.0,-11.875,8.125,21.21,0.33
1988-10-01T12:00:00Z,0.0,-11.875,12.125,22.63,0.05
1988-10-01T12:00:00Z,0.0,-11.875,16.125,NaN,NaN
1988-10-01T12:00:00Z,0.0,-11.875,20.125,NaN,NaN
1988-10-01T12:00:00Z,0.0,-11.875,24.125,NaN,NaN
1988-10-01T12:00:00Z,0.0,-11.875,28.125,NaN,NaN
1988-10-01T12:00:00Z,0.0,-11.875,32.125,NaN,NaN
1988-10-01T12:00:00Z,0.0,-11.875,36.125,NaN,NaN
1988-10-01T12:00:00Z,0.0,-11.875,40.125,NaN,NaN
1988-10-01T12:00:00Z,0.0,-11.875,44.125,27.56,1.57
1988-10-01T12:00:00Z,0.0,-11.875,48.125,25.8,0.1
1988-10-01T12:00:00Z,0.0,-11.875,52.125,24.99,-0.48
1988-10-01T12:00:00Z,0.0,-11.875,56.125,24.81,-0.92
1988-10-01T12:00:00Z,0.0,-11.875,60.125,25.46,-0.28
1988-10-01T12:00:00Z,0.0,-11.875,64.125,25.7,-0.02
1988-10-01T12:00:00Z,0.0,-11.875,68.125,25.45,-0.31
1988-10-01T12:00:00Z,0.0,-11.875,72.125,26.89,1.03
1988-10-01T12:00:00Z,0.0,-11.875,76.125,25.74,-0.09
1988-10-01T12:00:00Z,0.0,-11.875,80.125,26.18,0.05
1988-10-01T12:00:00Z,0.0,-11.875,84.125,26.97,0.47
1988-10-01T12:00:00Z,0.0,-11.875,88.125,27.59,0.76
1988-10-01T12:00:00Z,0.0,-11.875,92.125,27.61,0.65
1988-10-01T12:00:00Z,0.0,-11.875,96.125,26.62,-0.16
1988-10-01T12:00:00Z,0.0,-11.875,100.125,26.43,-0.07
1988-10-01T12:00:00Z,0.0,-11.875,104.125,25.92,-0.45
1988-10-01T12:00:00Z,0.0,-11.875,108.125,26.0,-0.55
1988-10-01T12:00:00Z,0.0,-11.875,112.125,26.78,-0.08
1988-10-01T12:00:00Z,0.0,-11.875,116.125,28.01,0.69
1988-10-01T12:00:00Z,0.0,-11.875,120.125,28.96,1.22
1988-10-01T12:00:00Z,0.0,-11.875,124.125,29.23,1.05
1988-10-01T12:00:00Z,0.0,-11.875,128.125,29.48,1.16
1988-10-01T12:00:00Z,0.0,-11.875,132.125,28.67,0.87
1988-10-01T12:00:00Z,0.0,-11.875,136.125,27.84,0.79
1988-10-01T12:00:00Z,0.0,-11.875,140.125,27.5,0.43
1988-10-01T12:00:00Z,0.0,-11.875,144.125,26.78,0.96
1988-10-01T12:00:00Z,0.0,-11.875,148.125,26.28,0.3
1988-10-01T12:00:00Z,0.0,-11.875,152.125,26.62,-0.11
1988-10-01T12:00:00Z,0.0,-11.875,156.125,27.99,0.36
1988-10-01T12:00:00Z,0.0,-11.875,160.125,27.39,-0.44
1988-10-01T12:00:00Z,0.0,-11.875,164.125,27.68,-0.13
1988-10-01T12:00:00Z,0.0,-11.875,168.125,27.77,-0.15
1988-10-01T12:00:00Z,0.0,-11.875,172.125,28.08,-0.03
1988-10-01T12:00:00Z,0.0,-11.875,176.125,27.92,-0.32
1988-10-01T12:00:00Z,0.0,-11.875,180.125,27.72,-0.65
1988-10-01T12:00:00Z,0.0,-11.875,184.125,28.04,-0.32
1988-10-01T12:00:00Z,0.0,-11.875,188.125,28.25,-0.14
1988-10-01T12:00:00Z,0.0,-11.875,192.125,28.1,-0.22
1988-10-01T12:00:00Z,0.0,-11.875,196.125,28.06,-0.19
1988-10-01T12:00:00Z,0.0,-11.875,200.125,27.83,-0.38
1988-10-01T12:00:00Z,0.0,-11.875,204.125,27.62,-0.45
1988-10-01T12:00:00Z,0.0,-11.875,208.125,27.19,-0.72
1988-10-01T12:00:00Z,0.0,-11.875,212.125,26.97,-0.74
1988-10-01T12:00:00Z,0.0,-11.875,216.125,26.79,-0.7
1988-10-01T12:00:00Z,0.0,-11.875,220.125,26.44,-0.77
1988-10-01T12:00:00Z,0.0,-11.875,224.125,25.86,-0.99
1988-10-01T12:00:00Z,0.0,-11.875,228.125,25.83,-0.7
1988-10-01T12:00:00Z,0.0,-11.875,232.125,25.24,-0.96
1988-10-01T12:00:00Z,0.0,-11.875,236.125,25.0,-0.8
1988-10-01T12:00:00Z,0.0,-11.875,240.125,24.6,-0.77
1988-10-01T12:00:00Z,0.0,-11.875,244.125,23.67,-1.21
1988-10-01T12:00:00Z,0.0,-11.875,248.125,23.71,-0.67
1988-10-01T12:00:00Z,0.0,-11.875,252.125,23.15,-0.72
1988-10-01T12:00:00Z,0.0,-11.875,256.125,21.86,-1.39
1988-10-01T12:00:00Z,0.0,-11.875,260.125,21.11,-1.52
1988-10-01T12:00:00Z,0.0,-11.875,264.125,20.78,-1.14
1988-10-01T12:00:00Z,0.0,-11.875,268.125,19.73,-1.28
1988-10-01T12:00:00Z,0.0,-11.875,272.125,18.59,-1.41
1988-10-01T12:00:00Z,0.0,-11.875,276.125,17.87,-1.37
1988-10-01T12:00:00Z,0.0,-11.875,280.125,17.39,-0.94
1988-10-01T12:00:00Z,0.0,-11.875,284.125,NaN,NaN
1988-10-01T12:00:00Z,0.0,-11.875,288.125,NaN,NaN
1988-10-01T12:00:00Z,0.0,-11.875,292.125,NaN,NaN
1988-10-01T12:00:00Z,0.0,-11.875,296.125,NaN,NaN
1988-10-01T12:00:00Z,0.0,-11.875,300.125,NaN,NaN
1988-10-01T12:00:00Z,0.0,-11.875,304.125,NaN,NaN
1988-10-01T12:00:00Z,0.0,-11.875,308.125,NaN,NaN
1988-10-01T12:00:00Z,0.0,-11.875,312.125,NaN,NaN
1988-10-01T12:00:00Z,0.0,-11.875,316.125,NaN,NaN
1988-10-01T12:00:00Z,0.0,-11.875,320.125,NaN,NaN
1988-10-01T12:00:00Z,0.0,-11.875,324.125,25.47,-0.73
1988-10-01T12:00:00Z,0.0,-11.875,328.125,25.39,-0.7
1988-10-01T12:00:00Z,0.0,-11.875,332.125,24.96,-0.59
1988-10-01T12:00:00Z,0.0,-11.875,336.125,24.29,-0.66
1988-10-01T12:00:00Z,0.0,-11.875,340.125,23.52,-0.8
1988-10-01T12:00:00Z,0.0,-11.875,344.125,22.8,-0.86
1988-10-01T12:00:00Z,0.0,-11.875,348.125,22.89,-0.08
1988-10-01T12:00:00Z,0.0,-11.875,352.125,22.43,0.2
1988-10-01T12:00:00Z,0.0,-11.875,356.125,21.94,0.36
1988-10-01T12:00:00Z,0.0,-7.875,0.125,22.36,-0.19
1988-10-01T12:00:00Z,0.0,-7.875,4.125,22.76,0.35
1988-10-01T12:00:00Z,0.0,-7.875,8.125,23.65,0.58
1988-10-01T12:00:00Z,0.0,-7.875,12.125,23.85,0.07
1988-10-01T12:00:00Z,0.0,-7.875,16.125,NaN,NaN
1988-10-01T12:00:00Z,0.0,-7.875,20.125,NaN,NaN
1988-10-01T12:00:00Z,0.0,-7.875,24.125,NaN,NaN
1988-10-01T12:00:00Z,0.0,-7.875,28.125,NaN,NaN
1988-10-01T12:00:00Z,0.0,-7.875,32.125,NaN,NaN
1988-10-01T12:00:00Z,0.0,-7.875,36.125,NaN,NaN
1988-10-01T12:00:00Z,0.0,-7.875,40.125,25.93,0.02
1988-10-01T12:00:00Z,0.0,-7.875,44.125,25.2,-0.44
1988-10-01T12:00:00Z,0.0,-7.875,48.125,24.93,-0.82
1988-10-01T12:00:00Z,0.0,-7.875,52.125,25.57,-0.7
1988-10-01T12:00:00Z,0.0,-7.875,56.125,26.14,-0.5
1988-10-01T12:00:00Z,0.0,-7.875,60.125,26.95,0.08
1988-10-01T12:00:00Z,0.0,-7.875,64.125,27.0,-0.06
1988-10-01T12:00:00Z,0.0,-7.875,68.125,26.7,-0.38
1988-10-01T12:00:00Z,0.0,-7.875,72.125,26.78,-0.28
1988-10-01T12:00:00Z,0.0,-7.875,76.125,27.83,0.44
1988-10-01T12:00:00Z,0.0,-7.875,80.125,27.15,-0.5
1988-10-01T12:00:00Z,0.0,-7.875,84.125,27.88,0.15
1988-10-01T12:00:00Z,0.0,-7.875,88.125,28.05,0.36
1988-10-01T12:00:00Z,0.0,-7.875,92.125,27.96,0.39
1988-10-01T12:00:00Z,0.0,-7.875,96.125,27.46,0.05
1988-10-01T12:00:00Z,0.0,-7.875,100.125,27.29,-0.04
1988-10-01T12:00:00Z,0.0,-7.875,104.125,27.34,0.0
1988-10-01T12:00:00Z,0.0,-7.875,108.125,26.63,-0.5
1988-10-01T12:00:00Z,0.0,-7.875,112.125,NaN,NaN
1988-10-01T12:00:00Z,0.0,-7.875,116.125,29.67,1.85
1988-10-01T12:00:00Z,0.0,-7.875,120.125,30.3,2.5
1988-10-01T12:00:00Z,0.0,-7.875,124.125,30.24,2.14
1988-10-01T12:00:00Z,0.0,-7.875,128.125,27.99,0.32
1988-10-01T12:00:00Z,0.0,-7.875,132.125,27.8,0.46
1988-10-01T12:00:00Z,0.0,-7.875,136.125,26.86,-0.03
1988-10-01T12:00:00Z,0.0,-7.875,140.125,NaN,NaN
1988-10-01T12:00:00Z,0.0,-7.875,144.125,27.57,0.99
1988-10-01T12:00:00Z,0.0,-7.875,148.125,27.49,-0.38
1988-10-01T12:00:00Z,0.0,-7.875,152.125,28.75,0.6
1988-10-01T12:00:00Z,0.0,-7.875,156.125,29.43,0.86
1988-10-01T12:00:00Z,0.0,-7.875,160.125,28.38,-0.4
1988-10-01T12:00:00Z,0.0,-7.875,164.125,29.2,0.31
1988-10-01T12:00:00Z,0.0,-7.875,168.125,28.76,-0.32
1988-10-01T12:00:00Z,0.0,-7.875,172.125,28.29,-0.89
1988-10-01T12:00:00Z,0.0,-7.875,176.125,28.49,-0.7
1988-10-01T12:00:00Z,0.0,-7.875,180.125,28.67,-0.49
1988-10-01T12:00:00Z,0.0,-7.875,184.125,28.78,-0.28
1988-10-01T12:00:00Z,0.0,-7.875,188.125,28.55,-0.37
1988-10-01T12:00:00Z,0.0,-7.875,192.125,28.14,-0.63
1988-10-01T12:00:00Z,0.0,-7.875,196.125,28.09,-0.53
1988-10-01T12:00:00Z,0.0,-7.875,200.125,27.83,-0.63
1988-10-01T12:00:00Z,0.0,-7.875,204.125,27.03,-1.23
1988-10-01T12:00:00Z,0.0,-7.875,208.125,26.78,-1.22
1988-10-01T12:00:00Z,0.0,-7.875,212.125,26.6,-1.12
1988-10-01T12:00:00Z,0.0,-7.875,216.125,26.01,-1.39
1988-10-01T12:00:00Z,0.0,-7.875,220.125,25.62,-1.46
1988-10-01T12:00:00Z,0.0,-7.875,224.125,26.29,-0.48
1988-10-01T12:00:00Z,0.0,-7.875,228.125,25.32,-1.17
1988-10-01T12:00:00Z,0.0,-7.875,232.125,24.81,-1.37
1988-10-01T12:00:00Z,0.0,-7.875,236.125,24.6,-1.2
1988-10-01T12:00:00Z,0.0,-7.875,240.125,24.48,-0.91
1988-10-01T12:00:00Z,0.0,-7.875,244.125,24.18,-0.79
1988-10-01T12:00:00Z,0.0,-7.875,248.125,23.64,-0.84
1988-10-01T12:00:00Z,0.0,-7.875,252.125,22.95,-1.05
1988-10-01T12:00:00Z,0.0,-7.875,256.125,22.14,-1.31
1988-10-01T12:00:00Z,0.0,-7.875,260.125,21.54,-1.42
1988-10-01T12:00:00Z,0.0,-7.875,264.125,20.94,-1.52
1988-10-01T12:00:00Z,0.0,-7.875,268.125,20.42,-1.43
1988-10-01T12:00:00Z,0.0,-7.875,272.125,19.85,-1.18
1988-10-01T12:00:00Z,0.0,-7.875,276.125,17.87,-2.09
1988-10-01T12:00:00Z,0.0,-7.875,280.125,15.12,-2.77
1988-10-01T12:00:00Z,0.0,-7.875,284.125,NaN,NaN
1988-10-01T12:00:00Z,0.0,-7.875,288.125,NaN,NaN
1988-10-01T12:00:00Z,0.0,-7.875,292.125,NaN,NaN
1988-10-01T12:00:00Z,0.0,-7.875,296.125,NaN,NaN
1988-10-01T12:00:00Z,0.0,-7.875,300.125,NaN,NaN
1988-10-01T12:00:00Z,0.0,-7.875,304.125,NaN,NaN
1988-10-01T12:00:00Z,0.0,-7.875,308.125,NaN,NaN
1988-10-01T12:00:00Z,0.0,-7.875,312.125,NaN,NaN
1988-10-01T12:00:00Z,0.0,-7.875,316.125,NaN,NaN
1988-10-01T12:00:00Z,0.0,-7.875,320.125,NaN,NaN
1988-10-01T12:00:00Z,0.0,-7.875,324.125,NaN,NaN
1988-10-01T12:00:00Z,0.0,-7.875,328.125,26.08,-0.48
1988-10-01T12:00:00Z,0.0,-7.875,332.125,25.85,-0.27
1988-10-01T12:00:00Z,0.0,-7.875,336.125,25.05,-0.53
1988-10-01T12:00:00Z,0.0,-7.875,340.125,24.62,-0.36
1988-10-01T12:00:00Z,0.0,-7.875,344.125,24.5,0.02
1988-10-01T12:00:00Z,0.0,-7.875,348.125,24.36,0.39
1988-10-01T12:00:00Z,0.0,-7.875,352.125,24.02,0.54
1988-10-01T12:00:00Z,0.0,-7.875,356.125,23.38,0.35
1988-10-01T12:00:00Z,0.0,-3.875,0.125,24.53,0.73
1988-10-01T12:00:00Z,0.0,-3.875,4.125,25.55,1.36
1988-10-01T12:00:00Z,0.0,-3.875,8.125,25.05,0.4
1988-10-01T12:00:00Z,0.0,-3.875,12.125,NaN,NaN
1988-10-01T12:00:00Z,0.0,-3.875,16.125,NaN,NaN
1988-10-01T12:00:00Z,0.0,-3.875,20.125,NaN,NaN
1988-10-01T12:00:00Z,0.0,-3.875,24.125,NaN,NaN
1988-10-01T12:00:00Z,0.0,-3.875,28.125,NaN,NaN
1988-10-01T12:00:00Z,0.0,-3.875,32.125,NaN,NaN
1988-10-01T12:00:00Z,0.0,-3.875,36.125,NaN,NaN
1988-10-01T12:00:00Z,0.0,-3.875,40.125,25.47,-0.58
1988-10-01T12:00:00Z,0.0,-3.875,44.125,25.93,-0.22
1988-10-01T12:00:00Z,0.0,-3.875,48.125,26.04,-0.32
1988-10-01T12:00:00Z,0.0,-3.875,52.125,26.32,-0.66
1988-10-01T12:00:00Z,0.0,-3.875,56.125,27.9,0.31
1988-10-01T12:00:00Z,0.0,-3.875,60.125,27.92,-0.08
1988-10-01T12:00:00Z,0.0,-3.875,64.125,28.87,0.73
1988-10-01T12:00:00Z,0.0,-3.875,68.125,29.18,0.91
1988-10-01T12:00:00Z,0.0,-3.875,72.125,28.38,0.1
1988-10-01T12:00:00Z,0.0,-3.875,76.125,29.78,1.46
1988-10-01T12:00:00Z,0.0,-3.875,80.125,27.69,-0.67
1988-10-01T12:00:00Z,0.0,-3.875,84.125,27.66,-0.72
1988-10-01T12:00:00Z,0.0,-3.875,88.125,28.24,-0.11
1988-10-01T12:00:00Z,0.0,-3.875,92.125,27.23,-1.14
1988-10-01T12:00:00Z,0.0,-3.875,96.125,27.83,-0.5
1988-10-01T12:00:00Z,0.0,-3.875,100.125,29.09,0.6
1988-10-01T12:00:00Z,0.0,-3.875,104.125,NaN,NaN
1988-10-01T12:00:00Z,0.0,-3.875,108.125,30.02,1.1
1988-10-01T12:00:00Z,0.0,-3.875,112.125,28.99,0.58
1988-10-01T12:00:00Z,0.0,-3.875,116.125,29.0,0.42
1988-10-01T12:00:00Z,0.0,-3.875,120.125,NaN,NaN
1988-10-01T12:00:00Z,0.0,-3.875,124.125,27.94,0.03
1988-10-01T12:00:00Z,0.0,-3.875,128.125,27.6,-0.28
1988-10-01T12:00:00Z,0.0,-3.875,132.125,28.15,0.51
1988-10-01T12:00:00Z,0.0,-3.875,136.125,NaN,NaN
1988-10-01T12:00:00Z,0.0,-3.875,140.125,NaN,NaN
1988-10-01T12:00:00Z,0.0,-3.875,144.125,NaN,NaN
1988-10-01T12:00:00Z,0.0,-3.875,148.125,29.64,0.49
1988-10-01T12:00:00Z,0.0,-3.875,152.125,30.34,1.09
1988-10-01T12:00:00Z,0.0,-3.875,156.125,29.15,-0.12
1988-10-01T12:00:00Z,0.0,-3.875,160.125,28.05,-1.34
1988-10-01T12:00:00Z,0.0,-3.875,164.125,28.97,-0.47
1988-10-01T12:00:00Z,0.0,-3.875,168.125,28.21,-1.24
1988-10-01T12:00:00Z,0.0,-3.875,172.125,29.14,-0.24
1988-10-01T12:00:00Z,0.0,-3.875,176.125,28.48,-0.82
1988-10-01T12:00:00Z,0.0,-3.875,180.125,28.15,-1.03
1988-10-01T12:00:00Z,0.0,-3.875,184.125,28.18,-0.79
1988-10-01T12:00:00Z,0.0,-3.875,188.125,27.4,-1.33
1988-10-01T12:00:00Z,0.0,-3.875,192.125,27.44,-1.02
1988-10-01T12:00:00Z,0.0,-3.875,196.125,27.12,-1.08
1988-10-01T12:00:00Z,0.0,-3.875,200.125,26.21,-1.73
1988-10-01T12:00:00Z,0.0,-3.875,204.125,25.86,-1.85
1988-10-01T12:00:00Z,0.0,-3.875,208.125,25.35,-2.09
1988-10-01T12:00:00Z,0.0,-3.875,212.125,25.84,-1.27
1988-10-01T12:00:00Z,0.0,-3.875,216.125,25.46,-1.3
1988-10-01T12:00:00Z,0.0,-3.875,220.125,24.7,-1.8
1988-10-01T12:00:00Z,0.0,-3.875,224.125,24.56,-1.68
1988-10-01T12:00:00Z,0.0,-3.875,228.125,24.93,-1.02
1988-10-01T12:00:00Z,0.0,-3.875,232.125,24.76,-0.82
1988-10-01T12:00:00Z,0.0,-3.875,236.125,24.19,-1.03
1988-10-01T12:00:00Z,0.0,-3.875,240.125,23.12,-1.67
1988-10-01T12:00:00Z,0.0,-3.875,244.125,22.36,-1.98
1988-10-01T12:00:00Z,0.0,-3.875,248.125,23.58,-0.26
1988-10-01T12:00:00Z,0.0,-3.875,252.125,21.58,-1.79
1988-10-01T12:00:00Z,0.0,-3.875,256.125,20.93,-1.96
1988-10-01T12:00:00Z,0.0,-3.875,260.125,20.44,-1.97
1988-10-01T12:00:00Z,0.0,-3.875,264.125,19.86,-2.08
1988-10-01T12:00:00Z,0.0,-3.875,268.125,19.67,-1.96
1988-10-01T12:00:00Z,0.0,-3.875,272.125,18.89,-2.27
1988-10-01T12:00:00Z,0.0,-3.875,276.125,17.02,-2.7
1988-10-01T12:00:00Z,0.0,-3.875,280.125,NaN,NaN
1988-10-01T12:00:00Z,0.0,-3.875,284.125,NaN,NaN
1988-10-01T12:00:00Z,0.0,-3.875,288.125,NaN,NaN
1988-10-01T12:00:00Z,0.0,-3.875,292.125,NaN,NaN
1988-10-01T12:00:00Z,0.0,-3.875,296.125,NaN,NaN
1988-10-01T12:00:00Z,0.0,-3.875,300.125,NaN,NaN
1988-10-01T12:00:00Z,0.0,-3.875,304.125,NaN,NaN
1988-10-01T12:00:00Z,0.0,-3.875,308.125,NaN,NaN
1988-10-01T12:00:00Z,0.0,-3.875,312.125,NaN,NaN
1988-10-01T12:00:00Z,0.0,-3.875,316.125,NaN,NaN
1988-10-01T12:00:00Z,0.0,-3.875,320.125,NaN,NaN
1988-10-01T12:00:00Z,0.0,-3.875,324.125,26.45,-0.14
1988-10-01T12:00:00Z,0.0,-3.875,328.125,26.45,-0.05
1988-10-01T12:00:00Z,0.0,-3.875,332.125,25.74,-0.43
1988-10-01T12:00:00Z,0.0,-3.875,336.125,25.47,-0.28
1988-10-01T12:00:00Z,0.0,-3.875,340.125,25.53,0.28
1988-10-01T12:00:00Z,0.0,-3.875,344.125,25.04,0.33
1988-10-01T12:00:00Z,0.0,-3.875,348.125,24.56,0.25
1988-10-01T12:00:00Z,0.0,-3.875,352.125,24.87,0.87
1988-10-01T12:00:00Z,0.0,-3.875,356.125,24.37,0.54
1988-10-01T12:00:00Z,0.0,0.125,0.125,26.06,0.2
1988-10-01T12:00:00Z,0.0,0.125,4.125,26.23,0.2
1988-10-01T12:00:00Z,0.0,0.125,8.125,26.37,0.19
1988-10-01T12:00:00Z,0.0,0.125,12.125,NaN,NaN
1988-10-01T12:00:00Z,0.0,0.125,16.125,NaN,NaN
1988-10-01T12:00:00Z,0.0,0.125,20.125,NaN,NaN
1988-10-01T12:00:00Z,0.0,0.125,24.125,NaN,NaN
1988-10-01T12:00:00Z,0.0,0.125,28.125,NaN,NaN
1988-10-01T12:00:00Z,0.0,0.125,32.125,NaN,NaN
1988-10-01T12:00:00Z,0.0,0.125,36.125,NaN,NaN
1988-10-01T12:00:00Z,0.0,0.125,40.125,NaN,NaN
1988-10-01T12:00:00Z,0.0,0.125,44.125,26.0,-0.11
1988-10-01T12:00:00Z,0.0,0.125,48.125,26.14,-0.43
1988-10-01T12:00:00Z,0.0,0.125,52.125,26.45,-0.8
1988-10-01T12:00:00Z,0.0,0.125,56.125,28.24,0.17
1988-10-01T12:00:00Z,0.0,0.125,60.125,27.92,-0.55
1988-10-01T12:00:00Z,0.0,0.125,64.125,28.62,-0.08
1988-10-01T12:00:00Z,0.0,0.125,68.125,28.84,0.12
1988-10-01T12:00:00Z,0.0,0.125,72.125,28.66,0.04
1988-10-01T12:00:00Z,0.0,0.125,76.125,28.37,-0.1
1988-10-01T12:00:00Z,0.0,0.125,80.125,27.81,-0.58
1988-10-01T12:00:00Z,0.0,0.125,84.125,28.83,0.45
1988-10-01T12:00:00Z,0.0,0.125,88.125,28.82,0.38
1988-10-01T12:00:00Z,0.0,0.125,92.125,29.32,0.78
1988-10-01T12:00:00Z,0.0,0.125,96.125,29.73,0.85
1988-10-01T12:00:00Z,0.0,0.125,100.125,NaN,NaN
1988-10-01T12:00:00Z,0.0,0.125,104.125,28.58,-0.53
1988-10-01T12:00:00Z,0.0,0.125,108.125,29.82,0.85
1988-10-01T12:00:00Z,0.0,0.125,112.125,NaN,NaN
1988-10-01T12:00:00Z,0.0,0.125,116.125,NaN,NaN
1988-10-01T12:00:00Z,0.0,0.125,120.125,30.64,1.29
1988-10-01T12:00:00Z,0.0,0.125,124.125,28.82,0.13
1988-10-01T12:00:00Z,0.0,0.125,128.125,28.55,-0.08
1988-10-01T12:00:00Z,0.0,0.125,132.125,28.67,-0.68
1988-10-01T12:00:00Z,0.0,0.125,136.125,28.74,-0.62
1988-10-01T12:00:00Z,0.0,0.125,140.125,29.65,0.34
1988-10-01T12:00:00Z,0.0,0.125,144.125,30.45,1.13
1988-10-01T12:00:00Z,0.0,0.125,148.125,29.34,-0.02
1988-10-01T12:00:00Z,0.0,0.125,152.125,28.11,-1.23
1988-10-01T12:00:00Z,0.0,0.125,156.125,29.03,-0.28
1988-10-01T12:00:00Z,0.0,0.125,160.125,28.82,-0.4
1988-10-01T12:00:00Z,0.0,0.125,164.125,27.98,-1.11
1988-10-01T12:00:00Z,0.0,0.125,168.125,28.06,-0.87
1988-10-01T12:00:00Z,0.0,0.125,172.125,27.85,-0.99
1988-10-01T12:00:00Z,0.0,0.125,176.125,27.06,-1.75
1988-10-01T12:00:00Z,0.0,0.125,180.125,26.97,-1.61
1988-10-01T12:00:00Z,0.0,0.125,184.125,26.18,-2.1
1988-10-01T12:00:00Z,0.0,0.125,188.125,25.89,-2.11
1988-10-01T12:00:00Z,0.0,0.125,192.125,25.29,-2.39
1988-10-01T12:00:00Z,0.0,0.125,196.125,24.58,-2.8
1988-10-01T12:00:00Z,0.0,0.125,200.125,24.34,-2.74
1988-10-01T12:00:00Z,0.0,0.125,204.125,23.96,-2.93
1988-10-01T12:00:00Z,0.0,0.125,208.125,23.59,-2.97
1988-10-01T12:00:00Z,0.0,0.125,212.125,23.8,-2.41
1988-10-01T12:00:00Z,0.0,0.125,216.125,22.72,-3.17
1988-10-01T12:00:00Z,0.0,0.125,220.125,22.37,-3.23
1988-10-01T12:00:00Z,0.0,0.125,224.125,23.42,-1.85
1988-10-01T12:00:00Z,0.0,0.125,228.125,23.03,-1.95
1988-10-01T12:00:00Z,0.0,0.125,232.125,22.52,-2.12
1988-10-01T12:00:00Z,0.0,0.125,236.125,21.71,-2.53
1988-10-01T12:00:00Z,0.0,0.125,240.125,22.24,-1.53
1988-10-01T12:00:00Z,0.0,0.125,244.125,21.56,-1.76
1988-10-01T12:00:00Z,0.0,0.125,248.125,21.53,-1.41
1988-10-01T12:00:00Z,0.0,0.125,252.125,20.76,-1.85
1988-10-01T12:00:00Z,0.0,0.125,256.125,19.95,-2.39
1988-10-01T12:00:00Z,0.0,0.125,260.125,19.06,-3.2
1988-10-01T12:00:00Z,0.0,0.125,264.125,22.62,0.51
1988-10-01T12:00:00Z,0.0,0.125,268.125,19.41,-2.92
1988-10-01T12:00:00Z,0.0,0.125,272.125,21.92,-1.59
1988-10-01T12:00:00Z,0.0,0.125,276.125,22.12,-1.92
1988-10-01T12:00:00Z,0.0,0.125,280.125,NaN,NaN
1988-10-01T12:00:00Z,0.0,0.125,284.125,NaN,NaN
1988-10-01T12:00:00Z,0.0,0.125,288.125,NaN,NaN
1988-10-01T12:00:00Z,0.0,0.125,292.125,NaN,NaN
1988-10-01T12:00:00Z,0.0,0.125,296.125,NaN,NaN
1988-10-01T12:00:00Z,0.0,0.125,300.125,NaN,NaN
1988-10-01T12:00:00Z,0.0,0.125,304.125,NaN,NaN
1988-10-01T12:00:00Z,0.0,0.125,308.125,NaN,NaN
1988-10-01T12:00:00Z,0.0,0.125,312.125,27.18,-0.72
1988-10-01T12:00:00Z,0.0,0.125,316.125,26.64,-0.36
1988-10-01T12:00:00Z,0.0,0.125,320.125,27.15,0.02
1988-10-01T12:00:00Z,0.0,0.125,324.125,27.34,0.39
1988-10-01T12:00:00Z,0.0,0.125,328.125,26.86,0.16
1988-10-01T12:00:00Z,0.0,0.125,332.125,26.36,-0.04
1988-10-01T12:00:00Z,0.0,0.125,336.125,26.33,0.34
1988-10-01T12:00:00Z,0.0,0.125,340.125,25.71,0.21
1988-10-01T12:00:00Z,0.0,0.125,344.125,26.52,1.3
1988-10-01T12:00:00Z,0.0,0.125,348.125,24.58,-0.26
1988-10-01T12:00:00Z,0.0,0.125,352.125,25.63,0.99
1988-10-01T12:00:00Z,0.0,0.125,356.125,25.88,0.54
1988-10-01T12:00:00Z,0.0,4.125,0.125,25.7,-0.34
1988-10-01T12:00:00Z,0.0,4.125,4.125,26.26,-0.36
1988-10-01T12:00:00Z,0.0,4.125,8.125,26.44,-0.38
1988-10-01T12:00:00Z,0.0,4.125,12.125,NaN,NaN
1988-10-01T12:00:00Z,0.0,4.125,16.125,NaN,NaN
1988-10-01T12:00:00Z,0.0,4.125,20.125,NaN,NaN
1988-10-01T12:00:00Z,0.0,4.125,24.125,NaN,NaN
1988-10-01T12:00:00Z,0.0,4.125,28.125,NaN,NaN
1988-10-01T12:00:00Z,0.0,4.125,32.125,NaN,NaN
1988-10-01T12:00:00Z,0.0,4.125,36.125,NaN,NaN
1988-10-01T12:00:00Z,0.0,4.125,40.125,NaN,NaN
1988-10-01T12:00:00Z,0.0,4.125,44.125,NaN,NaN
1988-10-01T12:00:00Z,0.0,4.125,48.125,25.42,-0.68
1988-10-01T12:00:00Z,0.0,4.125,52.125,25.98,-0.72
1988-10-01T12:00:00Z,0.0,4.125,56.125,26.24,-1.21
1988-10-01T12:00:00Z,0.0,4.125,60.125,27.55,-0.91
1988-10-01T12:00:00Z,0.0,4.125,64.125,28.62,-0.12
1988-10-01T12:00:00Z,0.0,4.125,68.125,28.67,-0.06
1988-10-01T12:00:00Z,0.0,4.125,72.125,28.58,0.04
1988-10-01T12:00:00Z,0.0,4.125,76.125,28.31,0.01
1988-10-01T12:00:00Z,0.0,4.125,80.125,28.91,0.79
1988-10-01T12:00:00Z,0.0,4.125,84.125,27.99,-0.14
1988-10-01T12:00:00Z,0.0,4.125,88.125,28.49,0.18
1988-10-01T12:00:00Z,0.0,4.125,92.125,28.31,-0.07
1988-10-01T12:00:00Z,0.0,4.125,96.125,27.72,-1.07
1988-10-01T12:00:00Z,0.0,4.125,100.125,29.87,0.55
1988-10-01T12:00:00Z,0.0,4.125,104.125,29.49,0.4
1988-10-01T12:00:00Z,0.0,4.125,108.125,28.89,-0.19
1988-10-01T12:00:00Z,0.0,4.125,112.125,30.16,1.01
1988-10-01T12:00:00Z,0.0,4.125,116.125,NaN,NaN
1988-10-01T12:00:00Z,0.0,4.125,120.125,30.82,1.61
1988-10-01T12:00:00Z,0.0,4.125,124.125,29.65,0.42
1988-10-01T12:00:00Z,0.0,4.125,128.125,29.53,0.51
1988-10-01T12:00:00Z,0.0,4.125,132.125,29.6,0.43
1988-10-01T12:00:00Z,0.0,4.125,136.125,29.26,0.04
1988-10-01T12:00:00Z,0.0,4.125,140.125,30.43,1.14
1988-10-01T12:00:00Z,0.0,4.125,144.125,29.58,0.22
1988-10-01T12:00:00Z,0.0,4.125,148.125,29.51,0.09
1988-10-01T12:00:00Z,0.0,4.125,152.125,29.86,0.42
1988-10-01T12:00:00Z,0.0,4.125,156.125,30.25,0.84
1988-10-01T12:00:00Z,0.0,4.125,160.125,29.68,0.3
1988-10-01T12:00:00Z,0.0,4.125,164.125,28.8,-0.51
1988-10-01T12:00:00Z,0.0,4.125,168.125,29.05,-0.21
1988-10-01T12:00:00Z,0.0,4.125,172.125,28.72,-0.5
1988-10-01T12:00:00Z,0.0,4.125,176.125,28.26,-0.96
1988-10-01T12:00:00Z,0.0,4.125,180.125,28.35,-0.69
1988-10-01T12:00:00Z,0.0,4.125,184.125,27.08,-1.81
1988-10-01T12:00:00Z,0.0,4.125,188.125,27.36,-1.37
1988-10-01T12:00:00Z,0.0,4.125,192.125,26.83,-1.71
1988-10-01T12:00:00Z,0.0,4.125,196.125,26.11,-2.2
1988-10-01T12:00:00Z,0.0,4.125,200.125,26.76,-1.36
1988-10-01T12:00:00Z,0.0,4.125,204.125,24.63,-3.35
1988-10-01T12:00:00Z,0.0,4.125,208.125,26.03,-1.76
1988-10-01T12:00:00Z,0.0,4.125,212.125,26.84,-0.74
1988-10-01T12:00:00Z,0.0,4.125,216.125,25.0,-2.39
1988-10-01T12:00:00Z,0.0,4.125,220.125,25.68,-1.54
1988-10-01T12:00:00Z,0.0,4.125,224.125,26.34,-0.74
1988-10-01T12:00:00Z,0.0,4.125,228.125,26.06,-0.81
1988-10-01T12:00:00Z,0.0,4.125,232.125,24.78,-1.85
1988-10-01T12:00:00Z,0.0,4.125,236.125,25.17,-1.22
1988-10-01T12:00:00Z,0.0,4.125,240.125,24.55,-1.64
1988-10-01T12:00:00Z,0.0,4.125,244.125,24.91,-1.27
1988-10-01T12:00:00Z,0.0,4.125,248.125,25.23,-0.82
1988-10-01T12:00:00Z,0.0,4.125,252.125,24.78,-1.43
1988-10-01T12:00:00Z,0.0,4.125,256.125,25.52,-0.8
1988-10-01T12:00:00Z,0.0,4.125,260.125,25.89,-0.67
1988-10-01T12:00:00Z,0.0,4.125,264.125,26.25,-0.56
1988-10-01T12:00:00Z,0.0,4.125,268.125,26.35,-0.6
1988-10-01T12:00:00Z,0.0,4.125,272.125,25.15,-1.67
1988-10-01T12:00:00Z,0.0,4.125,276.125,25.64,-1.25
1988-10-01T12:00:00Z,0.0,4.125,280.125,26.15,-0.9
1988-10-01T12:00:00Z,0.0,4.125,284.125,NaN,NaN
1988-10-01T12:00:00Z,0.0,4.125,288.125,NaN,NaN
1988-10-01T12:00:00Z,0.0,4.125,292.125,NaN,NaN
1988-10-01T12:00:00Z,0.0,4.125,296.125,NaN,NaN
1988-10-01T12:00:00Z,0.0,4.125,300.125,NaN,NaN
1988-10-01T12:00:00Z,0.0,4.125,304.125,NaN,NaN
1988-10-01T12:00:00Z,0.0,4.125,308.125,NaN,NaN
1988-10-01T12:00:00Z,0.0,4.125,312.125,27.52,-0.08
1988-10-01T12:00:00Z,0.0,4.125,316.125,27.22,-0.64
1988-10-01T12:00:00Z,0.0,4.125,320.125,27.63,-0.31
1988-10-01T12:00:00Z,0.0,4.125,324.125,28.08,0.17
1988-10-01T12:00:00Z,0.0,4.125,328.125,28.07,0.19
1988-10-01T12:00:00Z,0.0,4.125,332.125,27.7,-0.06
1988-10-01T12:00:00Z,0.0,4.125,336.125,27.71,0.01
1988-10-01T12:00:00Z,0.0,4.125,340.125,27.85,0.38
1988-10-01T12:00:00Z,0.0,4.125,344.125,27.35,0.02
1988-10-01T12:00:00Z,0.0,4.125,348.125,27.01,-0.12
1988-10-01T12:00:00Z,0.0,4.125,352.125,26.04,-0.44
1988-10-01T12:00:00Z,0.0,4.125,356.125,25.36,-0.42
1988-10-01T12:00:00Z,0.0,8.125,0.125,NaN,NaN
1988-10-01T12:00:00Z,0.0,8.125,4.125,NaN,NaN
1988-10-01T12:00:00Z,0.0,8.125,8.125,NaN,NaN
1988-10-01T12:00:00Z,0.0,8.125,12.125,NaN,NaN
1988-10-01T12:00:00Z,0.0,8.125,16.125,NaN,NaN
1988-10-01T12:00:00Z,0.0,8.125,20.125,NaN,NaN
1988-10-01T12:00:00Z,0.0,8.125,24.125,NaN,NaN
1988-10-01T12:00:00Z,0.0,8.125,28.125,NaN,NaN
1988-10-01T12:00:00Z,0.0,8.125,32.125,NaN,NaN
1988-10-01T12:00:00Z,0.0,8.125,36.125,NaN,NaN
1988-10-01T12:00:00Z,0.0,8.125,40.125,NaN,NaN
1988-10-01T12:00:00Z,0.0,8.125,44.125,NaN,NaN
1988-10-01T12:00:00Z,0.0,8.125,48.125,NaN,NaN
1988-10-01T12:00:00Z,0.0,8.125,52.125,25.48,-0.73
1988-10-01T12:00:00Z,0.0,8.125,56.125,25.52,-1.32
1988-10-01T12:00:00Z,0.0,8.125,60.125,26.97,-0.89
1988-10-01T12:00:00Z,0.0,8.125,64.125,27.76,-0.58
1988-10-01T12:00:00Z,0.0,8.125,68.125,27.76,-0.62
1988-10-01T12:00:00Z,0.0,8.125,72.125,27.98,-0.35
1988-10-01T12:00:00Z,0.0,8.125,76.125,28.09,0.24
1988-10-01T12:00:00Z,0.0,8.125,80.125,NaN,NaN
1988-10-01T12:00:00Z,0.0,8.125,84.125,29.31,0.78
1988-10-01T12:00:00Z,0.0,8.125,88.125,28.59,0.24
1988-10-01T12:00:00Z,0.0,8.125,92.125,28.56,0.22
1988-10-01T12:00:00Z,0.0,8.125,96.125,28.68,0.14
1988-10-01T12:00:00Z,0.0,8.125,100.125,NaN,NaN
1988-10-01T12:00:00Z,0.0,8.125,104.125,28.61,-0.35
1988-10-01T12:00:00Z,0.0,8.125,108.125,29.49,0.77
1988-10-01T12:00:00Z,0.0,8.125,112.125,28.71,-0.15
1988-10-01T12:00:00Z,0.0,8.125,116.125,28.9,-0.13
1988-10-01T12:00:00Z,0.0,8.125,120.125,30.62,1.49
1988-10-01T12:00:00Z,0.0,8.125,124.125,NaN,NaN
1988-10-01T12:00:00Z,0.0,8.125,128.125,29.7,0.49
1988-10-01T12:00:00Z,0.0,8.125,132.125,29.21,0.12
1988-10-01T12:00:00Z,0.0,8.125,136.125,29.95,0.81
1988-10-01T12:00:00Z,0.0,8.125,140.125,29.71,0.53
1988-10-01T12:00:00Z,0.0,8.125,144.125,29.25,-0.01
1988-10-01T12:00:00Z,0.0,8.125,148.125,29.33,0.03
1988-10-01T12:00:00Z,0.0,8.125,152.125,30.07,0.76
1988-10-01T12:00:00Z,0.0,8.125,156.125,28.74,-0.59
1988-10-01T12:00:00Z,0.0,8.125,160.125,29.03,-0.28
1988-10-01T12:00:00Z,0.0,8.125,164.125,28.83,-0.42
1988-10-01T12:00:00Z,0.0,8.125,168.125,29.09,-0.15
1988-10-01T12:00:00Z,0.0,8.125,172.125,29.21,0.04
1988-10-01T12:00:00Z,0.0,8.125,176.125,28.98,-0.16
1988-10-01T12:00:00Z,0.0,8.125,180.125,28.46,-0.6
1988-10-01T12:00:00Z,0.0,8.125,184.125,28.35,-0.63
1988-10-01T12:00:00Z,0.0,8.125,188.125,28.48,-0.43
1988-10-01T12:00:00Z,0.0,8.125,192.125,28.3,-0.58
1988-10-01T12:00:00Z,0.0,8.125,196.125,28.23,-0.52
1988-10-01T12:00:00Z,0.0,8.125,200.125,28.1,-0.59
1988-10-01T12:00:00Z,0.0,8.125,204.125,27.72,-0.91
1988-10-01T12:00:00Z,0.0,8.125,208.125,27.28,-1.22
1988-10-01T12:00:00Z,0.0,8.125,212.125,27.56,-0.83
1988-10-01T12:00:00Z,0.0,8.125,216.125,26.93,-1.36
1988-10-01T12:00:00Z,0.0,8.125,220.125,27.32,-0.91
1988-10-01T12:00:00Z,0.0,8.125,224.125,27.88,-0.28
1988-10-01T12:00:00Z,0.0,8.125,228.125,27.63,-0.44
1988-10-01T12:00:00Z,0.0,8.125,232.125,27.38,-0.55
1988-10-01T12:00:00Z,0.0,8.125,236.125,26.79,-1.05
1988-10-01T12:00:00Z,0.0,8.125,240.125,26.39,-1.32
1988-10-01T12:00:00Z,0.0,8.125,244.125,26.3,-1.28
1988-10-01T12:00:00Z,0.0,8.125,248.125,26.51,-0.97
1988-10-01T12:00:00Z,0.0,8.125,252.125,26.62,-0.92
1988-10-01T12:00:00Z,0.0,8.125,256.125,26.06,-1.44
1988-10-01T12:00:00Z,0.0,8.125,260.125,26.66,-0.82
1988-10-01T12:00:00Z,0.0,8.125,264.125,26.34,-1.05
1988-10-01T12:00:00Z,0.0,8.125,268.125,27.18,-0.16
1988-10-01T12:00:00Z,0.0,8.125,272.125,26.94,-0.49
1988-10-01T12:00:00Z,0.0,8.125,276.125,26.96,-1.04
1988-10-01T12:00:00Z,0.0,8.125,280.125,27.87,-0.36
1988-10-01T12:00:00Z,0.0,8.125,284.125,NaN,NaN
1988-10-01T12:00:00Z,0.0,8.125,288.125,NaN,NaN
1988-10-01T12:00:00Z,0.0,8.125,292.125,NaN,NaN
1988-10-01T12:00:00Z,0.0,8.125,296.125,NaN,NaN
1988-10-01T12:00:00Z,0.0,8.125,300.125,NaN,NaN
1988-10-01T12:00:00Z,0.0,8.125,304.125,27.95,-0.52
1988-10-01T12:00:00Z,0.0,8.125,308.125,27.51,-0.99
1988-10-01T12:00:00Z,0.0,8.125,312.125,28.29,-0.46
1988-10-01T12:00:00Z,0.0,8.125,316.125,28.68,-0.17
1988-10-01T12:00:00Z,0.0,8.125,320.125,28.92,0.33
1988-10-01T12:00:00Z,0.0,8.125,324.125,28.74,0.38
1988-10-01T12:00:00Z,0.0,8.125,328.125,28.41,0.15
1988-10-01T12:00:00Z,0.0,8.125,332.125,28.18,0.0
1988-10-01T12:00:00Z,0.0,8.125,336.125,27.42,-0.75
1988-10-01T12:00:00Z,0.0,8.125,340.125,28.36,0.28
1988-10-01T12:00:00Z,0.0,8.125,344.125,27.66,-0.14
1988-10-01T12:00:00Z,0.0,8.125,348.125,NaN,NaN
1988-10-01T12:00:00Z,0.0,8.125,352.125,NaN,NaN
1988-10-01T12:00:00Z,0.0,8.125,356.125,NaN,NaN
1988-10-01T12:00:00Z,0.0,12.125,0.125,NaN,NaN
1988-10-01T12:00:00Z,0.0,12.125,4.125,NaN,NaN
1988-10-01T12:00:00Z,0.0,12.125,8.125,NaN,NaN
1988-10-01T12:00:00Z,0.0,12.125,12.125,NaN,NaN
1988-10-01T12:00:00Z,0.0,12.125,16.125,NaN,NaN
1988-10-01T12:00:00Z,0.0,12.125,20.125,NaN,NaN
1988-10-01T12:00:00Z,0.0,12.125,24.125,NaN,NaN
1988-10-01T12:00:00Z,0.0,12.125,28.125,NaN,NaN
1988-10-01T12:00:00Z,0.0,12.125,32.125,NaN,NaN
1988-10-01T12:00:00Z,0.0,12.125,36.125,NaN,NaN
1988-10-01T12:00:00Z,0.0,12.125,40.125,NaN,NaN
1988-10-01T12:00:00Z,0.0,12.125,44.125,29.86,-0.24
1988-10-01T12:00:00Z,0.0,12.125,48.125,31.49,1.48
1988-10-01T12:00:00Z,0.0,12.125,52.125,25.69,-1.16
1988-10-01T12:00:00Z,0.0,12.125,56.125,25.44,-1.05
1988-10-01T12:00:00Z,0.0,12.125,60.125,26.24,-0.83
1988-10-01T12:00:00Z,0.0,12.125,64.125,26.85,-0.79
1988-10-01T12:00:00Z,0.0,12.125,68.125,27.36,-0.65
1988-10-01T12:00:00Z,0.0,12.125,72.125,28.05,-0.15
1988-10-01T12:00:00Z,0.0,12.125,76.125,NaN,NaN
1988-10-01T12:00:00Z,0.0,12.125,80.125,29.72,0.82
1988-10-01T12:00:00Z,0.0,12.125,84.125,29.53,0.7
1988-10-01T12:00:00Z,0.0,12.125,88.125,29.27,0.55
1988-10-01T12:00:00Z,0.0,12.125,92.125,28.66,0.06
1988-10-01T12:00:00Z,0.0,12.125,96.125,28.76,0.28
1988-10-01T12:00:00Z,0.0,12.125,100.125,28.88,-0.05
1988-10-01T12:00:00Z,0.0,12.125,104.125,NaN,NaN
1988-10-01T12:00:00Z,0.0,12.125,108.125,NaN,NaN
1988-10-01T12:00:00Z,0.0,12.125,112.125,29.99,1.29
1988-10-01T12:00:00Z,0.0,12.125,116.125,29.33,0.43
1988-10-01T12:00:00Z,0.0,12.125,120.125,29.24,0.23
1988-10-01T12:00:00Z,0.0,12.125,124.125,29.36,0.24
1988-10-01T12:00:00Z,0.0,12.125,128.125,28.91,-0.28
1988-10-01T12:00:00Z,0.0,12.125,132.125,29.86,0.72
1988-10-01T12:00:00Z,0.0,12.125,136.125,28.47,-0.66
1988-10-01T12:00:00Z,0.0,12.125,140.125,29.09,-0.08
1988-10-01T12:00:00Z,0.0,12.125,144.125,29.02,-0.22
1988-10-01T12:00:00Z,0.0,12.125,148.125,28.63,-0.63
1988-10-01T12:00:00Z,0.0,12.125,152.125,28.42,-0.88
1988-10-01T12:00:00Z,0.0,12.125,156.125,28.99,-0.23
1988-10-01T12:00:00Z,0.0,12.125,160.125,29.01,-0.11
1988-10-01T12:00:00Z,0.0,12.125,164.125,28.93,-0.01
1988-10-01T12:00:00Z,0.0,12.125,168.125,29.13,0.26
1988-10-01T12:00:00Z,0.0,12.125,172.125,29.01,0.24
1988-10-01T12:00:00Z,0.0,12.125,176.125,28.67,0.04
1988-10-01T12:00:00Z,0.0,12.125,180.125,29.06,0.53
1988-10-01T12:00:00Z,0.0,12.125,184.125,28.2,-0.23
1988-10-01T12:00:00Z,0.0,12.125,188.125,28.59,0.3
1988-10-01T12:00:00Z,0.0,12.125,192.125,27.9,-0.31
1988-10-01T12:00:00Z,0.0,12.125,196.125,27.44,-0.59
1988-10-01T12:00:00Z,0.0,12.125,200.125,28.4,0.52
1988-10-01T12:00:00Z,0.0,12.125,204.125,27.81,-0.07
1988-10-01T12:00:00Z,0.0,12.125,208.125,27.93,0.05
1988-10-01T12:00:00Z,0.0,12.125,212.125,27.66,-0.15
1988-10-01T12:00:00Z,0.0,12.125,216.125,27.07,-0.7
1988-10-01T12:00:00Z,0.0,12.125,220.125,27.49,-0.23
1988-10-01T12:00:00Z,0.0,12.125,224.125,27.25,-0.45
1988-10-01T12:00:00Z,0.0,12.125,228.125,27.07,-0.68
1988-10-01T12:00:00Z,0.0,12.125,232.125,27.51,-0.3
1988-10-01T12:00:00Z,0.0,12.125,236.125,27.37,-0.52
1988-10-01T12:00:00Z,0.0,12.125,240.125,27.24,-0.75
1988-10-01T12:00:00Z,0.0,12.125,244.125,26.81,-1.22
1988-10-01T12:00:00Z,0.0,12.125,248.125,26.56,-1.54
1988-10-01T12:00:00Z,0.0,12.125,252.125,27.5,-0.73
1988-10-01T12:00:00Z,0.0,12.125,256.125,27.77,-0.6
1988-10-01T12:00:00Z,0.0,12.125,260.125,27.76,-0.81
1988-10-01T12:00:00Z,0.0,12.125,264.125,27.44,-0.98
1988-10-01T12:00:00Z,0.0,12.125,268.125,27.36,-1.36
1988-10-01T12:00:00Z,0.0,12.125,272.125,28.02,-0.68
1988-10-01T12:00:00Z,0.0,12.125,276.125,NaN,NaN
1988-10-01T12:00:00Z,0.0,12.125,280.125,28.04,-0.6
1988-10-01T12:00:00Z,0.0,12.125,284.125,27.97,-0.62
1988-10-01T12:00:00Z,0.0,12.125,288.125,NaN,NaN
1988-10-01T12:00:00Z,0.0,12.125,292.125,28.24,-0.15
1988-10-01T12:00:00Z,0.0,12.125,296.125,28.16,-0.27
1988-10-01T12:00:00Z,0.0,12.125,300.125,28.36,-0.27
1988-10-01T12:00:00Z,0.0,12.125,304.125,27.59,-0.93
1988-10-01T12:00:00Z,0.0,12.125,308.125,27.99,-0.35
1988-10-01T12:00:00Z,0.0,12.125,312.125,28.97,0.82
1988-10-01T12:00:00Z,0.0,12.125,316.125,27.41,-0.48
1988-10-01T12:00:00Z,0.0,12.125,320.125,27.23,-0.48
1988-10-01T12:00:00Z,0.0,12.125,324.125,28.15,0.47
1988-10-01T12:00:00Z,0.0,12.125,328.125,27.67,-0.04
1988-10-01T12:00:00Z,0.0,12.125,332.125,26.87,-0.9
1988-10-01T12:00:00Z,0.0,12.125,336.125,26.4,-1.4
1988-10-01T12:00:00Z,0.0,12.125,340.125,27.15,-0.96
1988-10-01T12:00:00Z,0.0,12.125,344.125,NaN,NaN
1988-10-01T12:00:00Z,0.0,12.125,348.125,NaN,NaN
1988-10-01T12:00:00Z,0.0,12.125,352.125,NaN,NaN
1988-10-01T12:00:00Z,0.0,12.125,356.125,NaN,NaN
1988-10-01T12:00:00Z,0.0,16.125,0.125,NaN,NaN
1988-10-01T12:00:00Z,0.0,16.125,4.125,NaN,NaN
1988-10-01T12:00:00Z,0.0,16.125,8.125,NaN,NaN
1988-10-01T12:00:00Z,0.0,16.125,12.125,NaN,NaN
1988-10-01T12:00:00Z,0.0,16.125,16.125,NaN,NaN
1988-10-01T12:00:00Z,0.0,16.125,20.125,NaN,NaN
1988-10-01T12:00:00Z,0.0,16.125,24.125,NaN,NaN
1988-10-01T12:00:00Z,0.0,16.125,28.125,NaN,NaN
1988-10-01T12:00:00Z,0.0,16.125,32.125,NaN,NaN
1988-10-01T12:00:00Z,0.0,16.125,36.125,NaN,NaN
1988-10-01T12:00:00Z,0.0,16.125,40.125,31.42,-0.14
1988-10-01T12:00:00Z,0.0,16.125,44.125,NaN,NaN
1988-10-01T12:00:00Z,0.0,16.125,48.125,NaN,NaN
1988-10-01T12:00:00Z,0.0,16.125,52.125,NaN,NaN
1988-10-01T12:00:00Z,0.0,16.125,56.125,26.75,0.2
1988-10-01T12:00:00Z,0.0,16.125,60.125,27.27,0.44
1988-10-01T12:00:00Z,0.0,16.125,64.125,27.29,-0.04
1988-10-01T12:00:00Z,0.0,16.125,68.125,27.85,-0.03
1988-10-01T12:00:00Z,0.0,16.125,72.125,28.75,0.46
1988-10-01T12:00:00Z,0.0,16.125,76.125,NaN,NaN
1988-10-01T12:00:00Z,0.0,16.125,80.125,NaN,NaN
1988-10-01T12:00:00Z,0.0,16.125,84.125,28.72,-0.33
1988-10-01T12:00:00Z,0.0,16.125,88.125,28.94,-0.03
1988-10-01T12:00:00Z,0.0,16.125,92.125,28.95,0.04
1988-10-01T12:00:00Z,0.0,16.125,96.125,29.21,0.45
1988-10-01T12:00:00Z,0.0,16.125,100.125,NaN,NaN
1988-10-01T12:00:00Z,0.0,16.125,104.125,NaN,NaN
1988-10-01T12:00:00Z,0.0,16.125,108.125,NaN,NaN
1988-10-01T12:00:00Z,0.0,16.125,112.125,27.57,-0.97
1988-10-01T12:00:00Z,0.0,16.125,116.125,29.05,0.23
1988-10-01T12:00:00Z,0.0,16.125,120.125,29.76,0.73
1988-10-01T12:00:00Z,0.0,16.125,124.125,29.72,0.66
1988-10-01T12:00:00Z,0.0,16.125,128.125,29.89,0.85
1988-10-01T12:00:00Z,0.0,16.125,132.125,29.65,0.55
1988-10-01T12:00:00Z,0.0,16.125,136.125,28.84,-0.28
1988-10-01T12:00:00Z,0.0,16.125,140.125,28.91,-0.3
1988-10-01T12:00:00Z,0.0,16.125,144.125,29.01,-0.22
1988-10-01T12:00:00Z,0.0,16.125,148.125,28.23,-0.99
1988-10-01T12:00:00Z,0.0,16.125,152.125,29.13,-0.07
1988-10-01T12:00:00Z,0.0,16.125,156.125,28.17,-0.95
1988-10-01T12:00:00Z,0.0,16.125,160.125,28.61,-0.38
1988-10-01T12:00:00Z,0.0,16.125,164.125,28.6,-0.28
1988-10-01T12:00:00Z,0.0,16.125,168.125,29.28,0.51
1988-10-01T12:00:00Z,0.0,16.125,172.125,29.2,0.54
1988-10-01T12:00:00Z,0.0,16.125,176.125,29.44,0.92
1988-10-01T12:00:00Z,0.0,16.125,180.125,28.65,0.28
1988-10-01T12:00:00Z,0.0,16.125,184.125,28.18,0.04
1988-10-01T12:00:00Z,0.0,16.125,188.125,28.08,0.12
1988-10-01T12:00:00Z,0.0,16.125,192.125,28.4,0.63
1988-10-01T12:00:00Z,0.0,16.125,196.125,27.81,0.33
1988-10-01T12:00:00Z,0.0,16.125,200.125,27.11,-0.05
1988-10-01T12:00:00Z,0.0,16.125,204.125,27.26,0.33
1988-10-01T12:00:00Z,0.0,16.125,208.125,27.37,0.56
1988-10-01T12:00:00Z,0.0,16.125,212.125,27.4,0.71
1988-10-01T12:00:00Z,0.0,16.125,216.125,26.81,0.2
1988-10-01T12:00:00Z,0.0,16.125,220.125,27.2,0.56
1988-10-01T12:00:00Z,0.0,16.125,224.125,26.77,0.11
1988-10-01T12:00:00Z,0.0,16.125,228.125,27.64,0.94
1988-10-01T12:00:00Z,0.0,16.125,232.125,26.57,-0.2
1988-10-01T12:00:00Z,0.0,16.125,236.125,25.79,-1.23
1988-10-01T12:00:00Z,0.0,16.125,240.125,26.11,-1.18
1988-10-01T12:00:00Z,0.0,16.125,244.125,27.06,-0.67
1988-10-01T12:00:00Z,0.0,16.125,248.125,26.21,-1.74
1988-10-01T12:00:00Z,0.0,16.125,252.125,27.87,-0.57
1988-10-01T12:00:00Z,0.0,16.125,256.125,28.38,-0.64
1988-10-01T12:00:00Z,0.0,16.125,260.125,28.84,-0.61
1988-10-01T12:00:00Z,0.0,16.125,264.125,NaN,NaN
1988-10-01T12:00:00Z,0.0,16.125,268.125,NaN,NaN
1988-10-01T12:00:00Z,0.0,16.125,272.125,30.11,0.95
1988-10-01T12:00:00Z,0.0,16.125,276.125,29.4,0.56
1988-10-01T12:00:00Z,0.0,16.125,280.125,28.96,0.17
1988-10-01T12:00:00Z,0.0,16.125,284.125,28.64,-0.06
1988-10-01T12:00:00Z,0.0,16.125,288.125,28.78,0.05
1988-10-01T12:00:00Z,0.0,16.125,292.125,28.62,-0.12
1988-10-01T12:00:00Z,0.0,16.125,296.125,28.37,-0.32
1988-10-01T12:00:00Z,0.0,16.125,300.125,28.12,-0.27
1988-10-01T12:00:00Z,0.0,16.125,304.125,28.61,0.5
1988-10-01T12:00:00Z,0.0,16.125,308.125,27.24,-0.56
1988-10-01T12:00:00Z,0.0,16.125,312.125,26.09,-1.37
1988-10-01T12:00:00Z,0.0,16.125,316.125,26.72,-0.47
1988-10-01T12:00:00Z,0.0,16.125,320.125,26.7,-0.26
1988-10-01T12:00:00Z,0.0,16.125,324.125,26.48,-0.36
1988-10-01T12:00:00Z,0.0,16.125,328.125,26.21,-0.56
1988-10-01T12:00:00Z,0.0,16.125,332.125,26.62,-0.19
1988-10-01T12:00:00Z,0.0,16.125,336.125,25.57,-1.05
1988-10-01T12:00:00Z,0.0,16.125,340.125,27.54,0.27
1988-10-01T12:00:00Z,0.0,16.125,344.125,NaN,NaN
1988-10-01T12:00:00Z,0.0,16.125,348.125,NaN,NaN
1988-10-01T12:00:00Z,0.0,16.125,352.125,NaN,NaN
1988-10-01T12:00:00Z,0.0,16.125,356.125,NaN,NaN
1988-10-01T12:00:00Z,0.0,20.125,0.125,NaN,NaN
1988-10-01T12:00:00Z,0.0,20.125,4.125,NaN,NaN
1988-10-01T12:00:00Z,0.0,20.125,8.125,NaN,NaN
1988-10-01T12:00:00Z,0.0,20.125,12.125,NaN,NaN
1988-10-01T12:00:00Z,0.0,20.125,16.125,NaN,NaN
1988-10-01T12:00:00Z,0.0,20.125,20.125,NaN,NaN
1988-10-01T12:00:00Z,0.0,20.125,24.125,NaN,NaN
1988-10-01T12:00:00Z,0.0,20.125,28.125,NaN,NaN
1988-10-01T12:00:00Z,0.0,20.125,32.125,NaN,NaN
1988-10-01T12:00:00Z,0.0,20.125,36.125,NaN,NaN
1988-10-01T12:00:00Z,0.0,20.125,40.125,30.1,-0.77
1988-10-01T12:00:00Z,0.0,20.125,44.125,NaN,NaN
1988-10-01T12:00:00Z,0.0,20.125,48.125,NaN,NaN
1988-10-01T12:00:00Z,0.0,20.125,52.125,NaN,NaN
1988-10-01T12:00:00Z,0.0,20.125,56.125,NaN,NaN
1988-10-01T12:00:00Z,0.0,20.125,60.125,26.01,-0.85
1988-10-01T12:00:00Z,0.0,20.125,64.125,28.12,0.46
1988-10-01T12:00:00Z,0.0,20.125,68.125,29.34,1.2
1988-10-01T12:00:00Z,0.0,20.125,72.125,28.68,0.2
1988-10-01T12:00:00Z,0.0,20.125,76.125,NaN,NaN
1988-10-01T12:00:00Z,0.0,20.125,80.125,NaN,NaN
1988-10-01T12:00:00Z,0.0,20.125,84.125,NaN,NaN
1988-10-01T12:00:00Z,0.0,20.125,88.125,29.71,0.53
1988-10-01T12:00:00Z,0.0,20.125,92.125,29.0,-0.01
1988-10-01T12:00:00Z,0.0,20.125,96.125,NaN,NaN
1988-10-01T12:00:00Z,0.0,20.125,100.125,NaN,NaN
1988-10-01T12:00:00Z,0.0,20.125,104.125,NaN,NaN
1988-10-01T12:00:00Z,0.0,20.125,108.125,27.07,-1.37
1988-10-01T12:00:00Z,0.0,20.125,112.125,26.78,-1.29
1988-10-01T12:00:00Z,0.0,20.125,116.125,28.58,0.48
1988-10-01T12:00:00Z,0.0,20.125,120.125,28.62,0.16
1988-10-01T12:00:00Z,0.0,20.125,124.125,29.94,1.33
1988-10-01T12:00:00Z,0.0,20.125,128.125,29.09,0.42
1988-10-01T12:00:00Z,0.0,20.125,132.125,29.86,1.01
1988-10-01T12:00:00Z,0.0,20.125,136.125,30.02,1.14
1988-10-01T12:00:00Z,0.0,20.125,140.125,29.69,0.76
1988-10-01T12:00:00Z,0.0,20.125,144.125,29.57,0.62
1988-10-01T12:00:00Z,0.0,20.125,148.125,29.01,-0.04
1988-10-01T12:00:00Z,0.0,20.125,152.125,28.69,-0.34
1988-10-01T12:00:00Z,0.0,20.125,156.125,29.78,0.85
1988-10-01T12:00:00Z,0.0,20.125,160.125,28.33,-0.48
1988-10-01T12:00:00Z,0.0,20.125,164.125,28.64,-0.09
1988-10-01T12:00:00Z,0.0,20.125,168.125,28.83,0.2
1988-10-01T12:00:00Z,0.0,20.125,172.125,28.97,0.47
1988-10-01T12:00:00Z,0.0,20.125,176.125,29.26,0.94
1988-10-01T12:00:00Z,0.0,20.125,180.125,29.22,1.04
1988-10-01T12:00:00Z,0.0,20.125,184.125,28.99,1.01
1988-10-01T12:00:00Z,0.0,20.125,188.125,28.31,0.57
1988-10-01T12:00:00Z,0.0,20.125,192.125,27.71,0.16
1988-10-01T12:00:00Z,0.0,20.125,196.125,28.15,0.77
1988-10-01T12:00:00Z,0.0,20.125,200.125,27.76,0.55
1988-10-01T12:00:00Z,0.0,20.125,204.125,27.09,0.48
1988-10-01T12:00:00Z,0.0,20.125,208.125,26.76,0.68
1988-10-01T12:00:00Z,0.0,20.125,212.125,26.27,0.64
1988-10-01T12:00:00Z,0.0,20.125,216.125,25.26,0.01
1988-10-01T12:00:00Z,0.0,20.125,220.125,25.49,0.51
1988-10-01T12:00:00Z,0.0,20.125,224.125,24.93,0.16
1988-10-01T12:00:00Z,0.0,20.125,228.125,25.03,0.33
1988-10-01T12:00:00Z,0.0,20.125,232.125,24.58,0.0
1988-10-01T12:00:00Z,0.0,20.125,236.125,24.21,-0.72
1988-10-01T12:00:00Z,0.0,20.125,240.125,24.67,-0.62
1988-10-01T12:00:00Z,0.0,20.125,244.125,24.7,-1.29
1988-10-01T12:00:00Z,0.0,20.125,248.125,27.06,-0.08
1988-10-01T12:00:00Z,0.0,20.125,252.125,28.22,-0.45
1988-10-01T12:00:00Z,0.0,20.125,256.125,NaN,NaN
1988-10-01T12:00:00Z,0.0,20.125,260.125,NaN,NaN
1988-10-01T12:00:00Z,0.0,20.125,264.125,27.04,-1.53
1988-10-01T12:00:00Z,0.0,20.125,268.125,27.68,-0.97
1988-10-01T12:00:00Z,0.0,20.125,272.125,NaN,NaN
1988-10-01T12:00:00Z,0.0,20.125,276.125,29.12,-0.08
1988-10-01T12:00:00Z,0.0,20.125,280.125,29.37,-0.07
1988-10-01T12:00:00Z,0.0,20.125,284.125,NaN,NaN
1988-10-01T12:00:00Z,0.0,20.125,288.125,29.35,0.42
1988-10-01T12:00:00Z,0.0,20.125,292.125,29.07,0.42
1988-10-01T12:00:00Z,0.0,20.125,296.125,28.45,0.02
1988-10-01T12:00:00Z,0.0,20.125,300.125,28.47,0.28
1988-10-01T12:00:00Z,0.0,20.125,304.125,27.81,-0.14
1988-10-01T12:00:00Z,0.0,20.125,308.125,27.1,-0.62
1988-10-01T12:00:00Z,0.0,20.125,312.125,26.63,-0.72
1988-10-01T12:00:00Z,0.0,20.125,316.125,26.68,-0.35
1988-10-01T12:00:00Z,0.0,20.125,320.125,26.37,-0.33
1988-10-01T12:00:00Z,0.0,20.125,324.125,25.97,-0.35
1988-10-01T12:00:00Z,0.0,20.125,328.125,25.29,-0.71
1988-10-01T12:00:00Z,0.0,20.125,332.125,25.76,0.06
1988-10-01T12:00:00Z,0.0,20.125,336.125,25.49,0.32
1988-10-01T12:00:00Z,0.0,20.125,340.125,24.26,-0.23
1988-10-01T12:00:00Z,0.0,20.125,344.125,NaN,NaN
1988-10-01T12:00:00Z,0.0,20.125,348.125,NaN,NaN
1988-10-01T12:00:00Z,0.0,20.125,352.125,NaN,NaN
1988-10-01T12:00:00Z,0.0,20.125,356.125,NaN,NaN
1988-10-01T12:00:00Z,0.0,24.125,0.125,NaN,NaN
1988-10-01T12:00:00Z,0.0,24.125,4.125,NaN,NaN
1988-10-01T12:00:00Z,0.0,24.125,8.125,NaN,NaN
1988-10-01T12:00:00Z,0.0,24.125,12.125,NaN,NaN
1988-10-01T12:00:00Z,0.0,24.125,16.125,NaN,NaN
1988-10-01T12:00:00Z,0.0,24.125,20.125,NaN,NaN
1988-10-01T12:00:00Z,0.0,24.125,24.125,NaN,NaN
1988-10-01T12:00:00Z,0.0,24.125,28.125,NaN,NaN
1988-10-01T12:00:00Z,0.0,24.125,32.125,NaN,NaN
1988-10-01T12:00:00Z,0.0,24.125,36.125,28.6,-0.45
1988-10-01T12:00:00Z,0.0,24.125,40.125,NaN,NaN
1988-10-01T12:00:00Z,0.0,24.125,44.125,NaN,NaN
1988-10-01T12:00:00Z,0.0,24.125,48.125,NaN,NaN
1988-10-01T12:00:00Z,0.0,24.125,52.125,32.09,0.57
1988-10-01T12:00:00Z,0.0,24.125,56.125,NaN,NaN
1988-10-01T12:00:00Z,0.0,24.125,60.125,27.12,-1.45
1988-10-01T12:00:00Z,0.0,24.125,64.125,27.52,-0.27
1988-10-01T12:00:00Z,0.0,24.125,68.125,NaN,NaN
1988-10-01T12:00:00Z,0.0,24.125,72.125,NaN,NaN
1988-10-01T12:00:00Z,0.0,24.125,76.125,NaN,NaN
1988-10-01T12:00:00Z,0.0,24.125,80.125,NaN,NaN
1988-10-01T12:00:00Z,0.0,24.125,84.125,NaN,NaN
1988-10-01T12:00:00Z,0.0,24.125,88.125,NaN,NaN
1988-10-01T12:00:00Z,0.0,24.125,92.125,NaN,NaN
1988-10-01T12:00:00Z,0.0,24.125,96.125,NaN,NaN
1988-10-01T12:00:00Z,0.0,24.125,100.125,NaN,NaN
1988-10-01T12:00:00Z,0.0,24.125,104.125,NaN,NaN
1988-10-01T12:00:00Z,0.0,24.125,108.125,NaN,NaN
1988-10-01T12:00:00Z,0.0,24.125,112.125,NaN,NaN
1988-10-01T12:00:00Z,0.0,24.125,116.125,NaN,NaN
1988-10-01T12:00:00Z,0.0,24.125,120.125,25.3,-1.55
1988-10-01T12:00:00Z,0.0,24.125,124.125,27.74,-0.25
1988-10-01T12:00:00Z,0.0,24.125,128.125,27.28,-0.77
1988-10-01T12:00:00Z,0.0,24.125,132.125,29.29,1.09
1988-10-01T12:00:00Z,0.0,24.125,136.125,29.68,1.34
1988-10-01T12:00:00Z,0.0,24.125,140.125,29.16,0.84
1988-10-01T12:00:00Z,0.0,24.125,144.125,28.45,0.07
1988-10-01T12:00:00Z,0.0,24.125,148.125,29.62,1.1
1988-10-01T12:00:00Z,0.0,24.125,152.125,28.57,0.07
1988-10-01T12:00:00Z,0.0,24.125,156.125,28.26,-0.17
1988-10-01T12:00:00Z,0.0,24.125,160.125,27.99,-0.32
1988-10-01T12:00:00Z,0.0,24.125,164.125,28.04,-0.15
1988-10-01T12:00:00Z,0.0,24.125,168.125,27.58,-0.58
1988-10-01T12:00:00Z,0.0,24.125,172.125,28.58,0.6
1988-10-01T12:00:00Z,0.0,24.125,176.125,28.52,0.77
1988-10-01T12:00:00Z,0.0,24.125,180.125,29.4,1.77
1988-10-01T12:00:00Z,0.0,24.125,184.125,28.66,1.23
1988-10-01T12:00:00Z,0.0,24.125,188.125,28.48,1.31
1988-10-01T12:00:00Z,0.0,24.125,192.125,27.94,1.02
1988-10-01T12:00:00Z,0.0,24.125,196.125,27.55,0.85
1988-10-01T12:00:00Z,0.0,24.125,200.125,26.77,0.43
1988-10-01T12:00:00Z,0.0,24.125,204.125,26.06,0.1
1988-10-01T12:00:00Z,0.0,24.125,208.125,26.59,1.01
1988-10-01T12:00:00Z,0.0,24.125,212.125,25.28,0.26
1988-10-01T12:00:00Z,0.0,24.125,216.125,24.38,-0.05
1988-10-01T12:00:00Z,0.0,24.125,220.125,23.95,0.1
1988-10-01T12:00:00Z,0.0,24.125,224.125,22.98,-0.26
1988-10-01T12:00:00Z,0.0,24.125,228.125,21.56,-1.22
1988-10-01T12:00:00Z,0.0,24.125,232.125,22.49,0.04
1988-10-01T12:00:00Z,0.0,24.125,236.125,22.43,-0.05
1988-10-01T12:00:00Z,0.0,24.125,240.125,21.34,-1.58
1988-10-01T12:00:00Z,0.0,24.125,244.125,22.44,-1.19
1988-10-01T12:00:00Z,0.0,24.125,248.125,23.67,-3.05
1988-10-01T12:00:00Z,0.0,24.125,252.125,28.89,-0.7
1988-10-01T12:00:00Z,0.0,24.125,256.125,NaN,NaN
1988-10-01T12:00:00Z,0.0,24.125,260.125,NaN,NaN
1988-10-01T12:00:00Z,0.0,24.125,264.125,27.22,-1.34
1988-10-01T12:00:00Z,0.0,24.125,268.125,27.98,-0.82
1988-10-01T12:00:00Z,0.0,24.125,272.125,27.68,-1.01
1988-10-01T12:00:00Z,0.0,24.125,276.125,28.19,-0.68
1988-10-01T12:00:00Z,0.0,24.125,280.125,28.48,-0.36
1988-10-01T12:00:00Z,0.0,24.125,284.125,28.78,0.02
1988-10-01T12:00:00Z,0.0,24.125,288.125,28.82,0.28
1988-10-01T12:00:00Z,0.0,24.125,292.125,28.29,-0.23
1988-10-01T12:00:00Z,0.0,24.125,296.125,28.57,0.19
1988-10-01T12:00:00Z,0.0,24.125,300.125,27.65,-0.45
1988-10-01T12:00:00Z,0.0,24.125,304.125,27.79,-0.14
1988-10-01T12:00:00Z,0.0,24.125,308.125,27.63,-0.04
1988-10-01T12:00:00Z,0.0,24.125,312.125,26.85,-0.44
1988-10-01T12:00:00Z,0.0,24.125,316.125,26.12,-0.78
1988-10-01T12:00:00Z,0.0,24.125,320.125,25.25,-1.27
1988-10-01T12:00:00Z,0.0,24.125,324.125,24.96,-1.19
1988-10-01T12:00:00Z,0.0,24.125,328.125,24.79,-0.95
1988-10-01T12:00:00Z,0.0,24.125,332.125,25.25,-0.07
1988-10-01T12:00:00Z,0.0,24.125,336.125,25.07,0.26
1988-10-01T12:00:00Z,0.0,24.125,340.125,24.09,0.2
1988-10-01T12:00:00Z,0.0,24.125,344.125,20.05,-1.6
1988-10-01T12:00:00Z,0.0,24.125,348.125,NaN,NaN
1988-10-01T12:00:00Z,0.0,24.125,352.125,NaN,NaN
1988-10-01T12:00:00Z,0.0,24.125,356.125,NaN,NaN
1988-10-01T12:00:00Z,0.0,28.125,0.125,NaN,NaN
1988-10-01T12:00:00Z,0.0,28.125,4.125,NaN,NaN
1988-10-01T12:00:00Z,0.0,28.125,8.125,NaN,NaN
1988-10-01T12:00:00Z,0.0,28.125,12.125,NaN,NaN
1988-10-01T12:00:00Z,0.0,28.125,16.125,NaN,NaN
1988-10-01T12:00:00Z,0.0,28.125,20.125,NaN,NaN
1988-10-01T12:00:00Z,0.0,28.125,24.125,NaN,NaN
1988-10-01T12:00:00Z,0.0,28.125,28.125,NaN,NaN
1988-10-01T12:00:00Z,0.0,28.125,32.125,NaN,NaN
1988-10-01T12:00:00Z,0.0,28.125,36.125,NaN,NaN
1988-10-01T12:00:00Z,0.0,28.125,40.125,NaN,NaN
1988-10-01T12:00:00Z,0.0,28.125,44.125,NaN,NaN
1988-10-01T12:00:00Z,0.0,28.125,48.125,NaN,NaN
1988-10-01T12:00:00Z,0.0,28.125,52.125,NaN,NaN
1988-10-01T12:00:00Z,0.0,28.125,56.125,NaN,NaN
1988-10-01T12:00:00Z,0.0,28.125,60.125,NaN,NaN
1988-10-01T12:00:00Z,0.0,28.125,64.125,NaN,NaN
1988-10-01T12:00:00Z,0.0,28.125,68.125,NaN,NaN
1988-10-01T12:00:00Z,0.0,28.125,72.125,NaN,NaN
1988-10-01T12:00:00Z,0.0,28.125,76.125,NaN,NaN
1988-10-01T12:00:00Z,0.0,28.125,80.125,NaN,NaN
1988-10-01T12:00:00Z,0.0,28.125,84.125,NaN,NaN
1988-10-01T12:00:00Z,0.0,28.125,88.125,NaN,NaN
1988-10-01T12:00:00Z,0.0,28.125,92.125,NaN,NaN
1988-10-01T12:00:00Z,0.0,28.125,96.125,NaN,NaN
1988-10-01T12:00:00Z,0.0,28.125,100.125,NaN,NaN
1988-10-01T12:00:00Z,0.0,28.125,104.125,NaN,NaN
1988-10-01T12:00:00Z,0.0,28.125,108.125,NaN,NaN
1988-10-01T12:00:00Z,0.0,28.125,112.125,NaN,NaN
1988-10-01T12:00:00Z,0.0,28.125,116.125,NaN,NaN
1988-10-01T12:00:00Z,0.0,28.125,120.125,NaN,NaN
1988-10-01T12:00:00Z,0.0,28.125,124.125,25.09,-1.16
1988-10-01T12:00:00Z,0.0,28.125,128.125,27.75,0.41
1988-10-01T12:00:00Z,0.0,28.125,132.125,27.88,0.38
1988-10-01T12:00:00Z,0.0,28.125,136.125,27.6,0.17
1988-10-01T12:00:00Z,0.0,28.125,140.125,27.58,0.18
1988-10-01T12:00:00Z,0.0,28.125,144.125,26.62,-0.95
1988-10-01T12:00:00Z,0.0,28.125,148.125,28.31,0.7
1988-10-01T12:00:00Z,0.0,28.125,152.125,28.96,1.44
1988-10-01T12:00:00Z,0.0,28.125,156.125,27.85,0.4
1988-10-01T12:00:00Z,0.0,28.125,160.125,27.89,0.54
1988-10-01T12:00:00Z,0.0,28.125,164.125,27.11,-0.04
1988-10-01T12:00:00Z,0.0,28.125,168.125,26.52,-0.39
1988-10-01T12:00:00Z,0.0,28.125,172.125,26.55,-0.17
1988-10-01T12:00:00Z,0.0,28.125,176.125,26.61,0.08
1988-10-01T12:00:00Z,0.0,28.125,180.125,26.25,-0.12
1988-10-01T12:00:00Z,0.0,28.125,184.125,26.93,0.67
1988-10-01T12:00:00Z,0.0,28.125,188.125,27.06,0.95
1988-10-01T12:00:00Z,0.0,28.125,192.125,26.89,0.92
1988-10-01T12:00:00Z,0.0,28.125,196.125,26.32,0.52
1988-10-01T12:00:00Z,0.0,28.125,200.125,25.99,0.42
1988-10-01T12:00:00Z,0.0,28.125,204.125,26.38,1.14
1988-10-01T12:00:00Z,0.0,28.125,208.125,25.74,0.89
1988-10-01T12:00:00Z,0.0,28.125,212.125,25.4,1.1
1988-10-01T12:00:00Z,0.0,28.125,216.125,24.3,0.6
1988-10-01T12:00:00Z,0.0,28.125,220.125,21.85,-1.17
1988-10-01T12:00:00Z,0.0,28.125,224.125,21.13,-1.19
1988-10-01T12:00:00Z,0.0,28.125,228.125,21.13,-0.55
1988-10-01T12:00:00Z,0.0,28.125,232.125,20.58,-0.51
1988-10-01T12:00:00Z,0.0,28.125,236.125,19.97,-0.66
1988-10-01T12:00:00Z,0.0,28.125,240.125,18.66,-1.93
1988-10-01T12:00:00Z,0.0,28.125,244.125,18.85,-2.07
1988-10-01T12:00:00Z,0.0,28.125,248.125,26.58,-1.84
1988-10-01T12:00:00Z,0.0,28.125,252.125,NaN,NaN
1988-10-01T12:00:00Z,0.0,28.125,256.125,NaN,NaN
1988-10-01T12:00:00Z,0.0,28.125,260.125,NaN,NaN
1988-10-01T12:00:00Z,0.0,28.125,264.125,27.02,-0.67
1988-10-01T12:00:00Z,0.0,28.125,268.125,27.68,-0.1
1988-10-01T12:00:00Z,0.0,28.125,272.125,28.09,0.26
1988-10-01T12:00:00Z,0.0,28.125,276.125,27.62,-0.34
1988-10-01T12:00:00Z,0.0,28.125,280.125,28.03,-0.16
1988-10-01T12:00:00Z,0.0,28.125,284.125,27.66,-0.19
1988-10-01T12:00:00Z,0.0,28.125,288.125,28.1,0.39
1988-10-01T12:00:00Z,0.0,28.125,292.125,27.63,-0.1
1988-10-01T12:00:00Z,0.0,28.125,296.125,27.73,0.04
1988-10-01T12:00:00Z,0.0,28.125,300.125,27.34,-0.19
1988-10-01T12:00:00Z,0.0,28.125,304.125,26.63,-0.78
1988-10-01T12:00:00Z,0.0,28.125,308.125,26.26,-0.97
1988-10-01T12:00:00Z,0.0,28.125,312.125,27.0,0.09
1988-10-01T12:00:00Z,0.0,28.125,316.125,26.85,0.24
1988-10-01T12:00:00Z,0.0,28.125,320.125,26.77,0.49
1988-10-01T12:00:00Z,0.0,28.125,324.125,25.9,-0.03
1988-10-01T12:00:00Z,0.0,28.125,328.125,25.17,-0.32
1988-10-01T12:00:00Z,0.0,28.125,332.125,24.41,-0.56
1988-10-01T12:00:00Z,0.0,28.125,336.125,23.99,-0.35
1988-10-01T12:00:00Z,0.0,28.125,340.125,24.06,0.31
1988-10-01T12:00:00Z,0.0,28.125,344.125,22.81,-0.14
1988-10-01T12:00:00Z,0.0,28.125,348.125,NaN,NaN
1988-10-01T12:00:00Z,0.0,28.125,352.125,NaN,NaN
1988-10-01T12:00:00Z,0.0,28.125,356.125,NaN,NaN
1988-10-01T12:00:00Z,0.0,32.125,0.125,NaN,NaN
1988-10-01T12:00:00Z,0.0,32.125,4.125,NaN,NaN
1988-10-01T12:00:00Z,0.0,32.125,8.125,NaN,NaN
1988-10-01T12:00:00Z,0.0,32.125,12.125,NaN,NaN
1988-10-01T12:00:00Z,0.0,32.125,16.125,25.0,-0.45
1988-10-01T12:00:00Z,0.0,32.125,20.125,NaN,NaN
1988-10-01T12:00:00Z,0.0,32.125,24.125,25.19,0.35
1988-10-01T12:00:00Z,0.0,32.125,28.125,25.87,0.87
1988-10-01T12:00:00Z,0.0,32.125,32.125,26.56,0.81
1988-10-01T12:00:00Z,0.0,32.125,36.125,NaN,NaN
1988-10-01T12:00:00Z,0.0,32.125,40.125,NaN,NaN
1988-10-01T12:00:00Z,0.0,32.125,44.125,NaN,NaN
1988-10-01T12:00:00Z,0.0,32.125,48.125,NaN,NaN
1988-10-01T12:00:00Z,0.0,32.125,52.125,NaN,NaN
1988-10-01T12:00:00Z,0.0,32.125,56.125,NaN,NaN
1988-10-01T12:00:00Z,0.0,32.125,60.125,NaN,NaN
1988-10-01T12:00:00Z,0.0,32.125,64.125,NaN,NaN
1988-10-01T12:00:00Z,0.0,32.125,68.125,NaN,NaN
1988-10-01T12:00:00Z,0.0,32.125,72.125,NaN,NaN
1988-10-01T12:00:00Z,0.0,32.125,76.125,NaN,NaN
1988-10-01T12:00:00Z,0.0,32.125,80.125,NaN,NaN
1988-10-01T12:00:00Z,0.0,32.125,84.125,NaN,NaN
1988-10-01T12:00:00Z,0.0,32.125,88.125,NaN,NaN
1988-10-01T12:00:00Z,0.0,32.125,92.125,NaN,NaN
1988-10-01T12:00:00Z,0.0,32.125,96.125,NaN,NaN
1988-10-01T12:00:00Z,0.0,32.125,100.125,NaN,NaN
1988-10-01T12:00:00Z,0.0,32.125,104.125,NaN,NaN
1988-10-01T12:00:00Z,0.0,32.125,108.125,NaN,NaN
1988-10-01T12:00:00Z,0.0,32.125,112.125,NaN,NaN
1988-10-01T12:00:00Z,0.0,32.125,116.125,NaN,NaN
1988-10-01T12:00:00Z,0.0,32.125,120.125,NaN,NaN
1988-10-01T12:00:00Z,0.0,32.125,124.125,22.79,-0.65
1988-10-01T12:00:00Z,0.0,32.125,128.125,27.09,1.57
1988-10-01T12:00:00Z,0.0,32.125,132.125,25.87,-0.35
1988-10-01T12:00:00Z,0.0,32.125,136.125,26.03,-0.41
1988-10-01T12:00:00Z,0.0,32.125,140.125,26.52,0.02
1988-10-01T12:00:00Z,0.0,32.125,144.125,26.69,0.14
1988-10-01T12:00:00Z,0.0,32.125,148.125,26.77,0.27
1988-10-01T12:00:00Z,0.0,32.125,152.125,27.24,0.84
1988-10-01T12:00:00Z,0.0,32.125,156.125,27.15,1.04
1988-10-01T12:00:00Z,0.0,32.125,160.125,27.04,1.08
1988-10-01T12:00:00Z,0.0,32.125,164.125,27.06,1.41
1988-10-01T12:00:00Z,0.0,32.125,168.125,25.8,0.47
1988-10-01T12:00:00Z,0.0,32.125,172.125,24.99,-0.11
1988-10-01T12:00:00Z,0.0,32.125,176.125,24.9,0.12
1988-10-01T12:00:00Z,0.0,32.125,180.125,24.68,0.15
1988-10-01T12:00:00Z,0.0,32.125,184.125,25.36,0.97
1988-10-01T12:00:00Z,0.0,32.125,188.125,25.76,1.33
1988-10-01T12:00:00Z,0.0,32.125,192.125,24.62,0.28
1988-10-01T12:00:00Z,0.0,32.125,196.125,25.14,0.97
1988-10-01T12:00:00Z,0.0,32.125,200.125,25.31,1.2
1988-10-01T12:00:00Z,0.0,32.125,204.125,25.19,1.28
1988-10-01T12:00:00Z,0.0,32.125,208.125,24.87,1.24
1988-10-01T12:00:00Z,0.0,32.125,212.125,23.92,0.71
1988-10-01T12:00:00Z,0.0,32.125,216.125,23.35,0.66
1988-10-01T12:00:00Z,0.0,32.125,220.125,21.72,-0.41
1988-10-01T12:00:00Z,0.0,32.125,224.125,19.62,-1.86
1988-10-01T12:00:00Z,0.0,32.125,228.125,19.86,-0.85
1988-10-01T12:00:00Z,0.0,32.125,232.125,18.36,-1.36
1988-10-01T12:00:00Z,0.0,32.125,236.125,17.17,-1.44
1988-10-01T12:00:00Z,0.0,32.125,240.125,18.63,0.08
1988-10-01T12:00:00Z,0.0,32.125,244.125,NaN,NaN
1988-10-01T12:00:00Z,0.0,32.125,248.125,NaN,NaN
1988-10-01T12:00:00Z,0.0,32.125,252.125,NaN,NaN
1988-10-01T12:00:00Z,0.0,32.125,256.125,NaN,NaN
1988-10-01T12:00:00Z,0.0,32.125,260.125,NaN,NaN
1988-10-01T12:00:00Z,0.0,32.125,264.125,NaN,NaN
1988-10-01T12:00:00Z,0.0,32.125,268.125,NaN,NaN
1988-10-01T12:00:00Z,0.0,32.125,272.125,NaN,NaN
1988-10-01T12:00:00Z,0.0,32.125,276.125,NaN,NaN
1988-10-01T12:00:00Z,0.0,32.125,280.125,26.6,-0.15
1988-10-01T12:00:00Z,0.0,32.125,284.125,26.61,-0.54
1988-10-01T12:00:00Z,0.0,32.125,288.125,26.48,0.29
1988-10-01T12:00:00Z,0.0,32.125,292.125,26.59,0.38
1988-10-01T12:00:00Z,0.0,32.125,296.125,25.98,-0.31
1988-10-01T12:00:00Z,0.0,32.125,300.125,25.7,-0.48
1988-10-01T12:00:00Z,0.0,32.125,304.125,26.49,0.38
1988-10-01T12:00:00Z,0.0,32.125,308.125,25.8,-0.26
1988-10-01T12:00:00Z,0.0,32.125,312.125,25.62,-0.26
1988-10-01T12:00:00Z,0.0,32.125,316.125,26.56,0.9
1988-10-01T12:00:00Z,0.0,32.125,320.125,26.1,0.74
1988-10-01T12:00:00Z,0.0,32.125,324.125,26.26,1.11
1988-10-01T12:00:00Z,0.0,32.125,328.125,25.42,0.58
1988-10-01T12:00:00Z,0.0,32.125,332.125,24.4,0.12
1988-10-01T12:00:00Z,0.0,32.125,336.125,23.59,-0.28
1988-10-01T12:00:00Z,0.0,32.125,340.125,23.04,-0.27
1988-10-01T12:00:00Z,0.0,32.125,344.125,22.44,-0.2
1988-10-01T12:00:00Z,0.0,32.125,348.125,21.77,-0.15
1988-10-01T12:00:00Z,0.0,32.125,352.125,NaN,NaN
1988-10-01T12:00:00Z,0.0,32.125,356.125,NaN,NaN
1988-10-01T12:00:00Z,0.0,36.125,0.125,22.48,0.02
1988-10-01T12:00:00Z,0.0,36.125,4.125,NaN,NaN
1988-10-01T12:00:00Z,0.0,36.125,8.125,NaN,NaN
1988-10-01T12:00:00Z,0.0,36.125,12.125,23.94,-0.01
1988-10-01T12:00:00Z,0.0,36.125,16.125,23.65,-0.59
1988-10-01T12:00:00Z,0.0,36.125,20.125,23.83,-0.09
1988-10-01T12:00:00Z,0.0,36.125,24.125,22.52,-0.25
1988-10-01T12:00:00Z,0.0,36.125,28.125,23.35,-0.06
1988-10-01T12:00:00Z,0.0,36.125,32.125,25.91,0.96
1988-10-01T12:00:00Z,0.0,36.125,36.125,NaN,NaN
1988-10-01T12:00:00Z,0.0,36.125,40.125,NaN,NaN
1988-10-01T12:00:00Z,0.0,36.125,44.125,NaN,NaN
1988-10-01T12:00:00Z,0.0,36.125,48.125,NaN,NaN
1988-10-01T12:00:00Z,0.0,36.125,52.125,NaN,NaN
1988-10-01T12:00:00Z,0.0,36.125,56.125,NaN,NaN
1988-10-01T12:00:00Z,0.0,36.125,60.125,NaN,NaN
1988-10-01T12:00:00Z,0.0,36.125,64.125,NaN,NaN
1988-10-01T12:00:00Z,0.0,36.125,68.125,NaN,NaN
1988-10-01T12:00:00Z,0.0,36.125,72.125,NaN,NaN
1988-10-01T12:00:00Z,0.0,36.125,76.125,NaN,NaN
1988-10-01T12:00:00Z,0.0,36.125,80.125,NaN,NaN
1988-10-01T12:00:00Z,0.0,36.125,84.125,NaN,NaN
1988-10-01T12:00:00Z,0.0,36.125,88.125,NaN,NaN
1988-10-01T12:00:00Z,0.0,36.125,92.125,NaN,NaN
1988-10-01T12:00:00Z,0.0,36.125,96.125,NaN,NaN
1988-10-01T12:00:00Z,0.0,36.125,100.125,NaN,NaN
1988-10-01T12:00:00Z,0.0,36.125,104.125,NaN,NaN
1988-10-01T12:00:00Z,0.0,36.125,108.125,NaN,NaN
1988-10-01T12:00:00Z,0.0,36.125,112.125,NaN,NaN
1988-10-01T12:00:00Z,0.0,36.125,116.125,NaN,NaN
1988-10-01T12:00:00Z,0.0,36.125,120.125,NaN,NaN
1988-10-01T12:00:00Z,0.0,36.125,124.125,21.39,-0.03
1988-10-01T12:00:00Z,0.0,36.125,128.125,NaN,NaN
1988-10-01T12:00:00Z,0.0,36.125,132.125,22.46,-0.51
1988-10-01T12:00:00Z,0.0,36.125,136.125,22.87,-0.35
1988-10-01T12:00:00Z,0.0,36.125,140.125,NaN,NaN
1988-10-01T12:00:00Z,0.0,36.125,144.125,25.11,1.24
1988-10-01T12:00:00Z,0.0,36.125,148.125,24.98,0.85
1988-10-01T12:00:00Z,0.0,36.125,152.125,26.29,1.96
1988-10-01T12:00:00Z,0.0,36.125,156.125,25.16,1.26
1988-10-01T12:00:00Z,0.0,36.125,160.125,25.06,1.38
1988-10-01T12:00:00Z,0.0,36.125,164.125,25.83,2.37
1988-10-01T12:00:00Z,0.0,36.125,168.125,23.88,0.89
1988-10-01T12:00:00Z,0.0,36.125,172.125,23.87,1.14
1988-10-01T12:00:00Z,0.0,36.125,176.125,21.4,-0.95
1988-10-01T12:00:00Z,0.0,36.125,180.125,21.96,-0.24
1988-10-01T12:00:00Z,0.0,36.125,184.125,21.44,-0.42
1988-10-01T12:00:00Z,0.0,36.125,188.125,22.33,0.53
1988-10-01T12:00:00Z,0.0,36.125,192.125,22.28,0.45
1988-10-01T12:00:00Z,0.0,36.125,196.125,22.68,0.8
1988-10-01T12:00:00Z,0.0,36.125,200.125,22.64,0.75
1988-10-01T12:00:00Z,0.0,36.125,204.125,22.09,0.22
1988-10-01T12:00:00Z,0.0,36.125,208.125,22.19,0.37
1988-10-01T12:00:00Z,0.0,36.125,212.125,22.43,0.83
1988-10-01T12:00:00Z,0.0,36.125,216.125,22.51,1.24
1988-10-01T12:00:00Z,0.0,36.125,220.125,21.23,0.34
1988-10-01T12:00:00Z,0.0,36.125,224.125,19.59,-0.72
1988-10-01T12:00:00Z,0.0,36.125,228.125,18.99,-0.53
1988-10-01T12:00:00Z,0.0,36.125,232.125,18.35,0.19
1988-10-01T12:00:00Z,0.0,36.125,236.125,14.18,-2.0
1988-10-01T12:00:00Z,0.0,36.125,240.125,NaN,NaN
1988-10-01T12:00:00Z,0.0,36.125,244.125,NaN,NaN
1988-10-01T12:00:00Z,0.0,36.125,248.125,NaN,NaN
1988-10-01T12:00:00Z,0.0,36.125,252.125,NaN,NaN
1988-10-01T12:00:00Z,0.0,36.125,256.125,NaN,NaN
1988-10-01T12:00:00Z,0.0,36.125,260.125,NaN,NaN
1988-10-01T12:00:00Z,0.0,36.125,264.125,NaN,NaN
1988-10-01T12:00:00Z,0.0,36.125,268.125,NaN,NaN
1988-10-01T12:00:00Z,0.0,36.125,272.125,NaN,NaN
1988-10-01T12:00:00Z,0.0,36.125,276.125,NaN,NaN
1988-10-01T12:00:00Z,0.0,36.125,280.125,NaN,NaN
1988-10-01T12:00:00Z,0.0,36.125,284.125,22.49,-0.78
1988-10-01T12:00:00Z,0.0,36.125,288.125,26.6,1.03
1988-10-01T12:00:00Z,0.0,36.125,292.125,26.29,0.57
1988-10-01T12:00:00Z,0.0,36.125,296.125,25.58,0.16
1988-10-01T12:00:00Z,0.0,36.125,300.125,25.0,-0.17
1988-10-01T12:00:00Z,0.0,36.125,304.125,25.33,0.49
1988-10-01T12:00:00Z,0.0,36.125,308.125,24.89,0.23
1988-10-01T12:00:00Z,0.0,36.125,312.125,24.65,0.28
1988-10-01T12:00:00Z,0.0,36.125,316.125,24.94,0.7
1988-10-01T12:00:00Z,0.0,36.125,320.125,25.21,1.19
1988-10-01T12:00:00Z,0.0,36.125,324.125,24.03,0.32
1988-10-01T12:00:00Z,0.0,36.125,328.125,24.75,1.45
1988-10-01T12:00:00Z,0.0,36.125,332.125,23.9,0.93
1988-10-01T12:00:00Z,0.0,36.125,336.125,23.14,0.43
1988-10-01T12:00:00Z,0.0,36.125,340.125,21.5,-0.72
1988-10-01T12:00:00Z,0.0,36.125,344.125,21.4,-0.14
1988-10-01T12:00:00Z,0.0,36.125,348.125,20.35,-0.85
1988-10-01T12:00:00Z,0.0,36.125,352.125,20.11,-0.97
1988-10-01T12:00:00Z,0.0,36.125,356.125,19.29,-1.53
1988-10-01T12:00:00Z,0.0,40.125,0.125,22.76,0.18
1988-10-01T12:00:00Z,0.0,40.125,4.125,22.82,0.34
1988-10-01T12:00:00Z,0.0,40.125,8.125,21.96,-0.23
1988-10-01T12:00:00Z,0.0,40.125,12.125,23.18,0.6
1988-10-01T12:00:00Z,0.0,40.125,16.125,NaN,NaN
1988-10-01T12:00:00Z,0.0,40.125,20.125,NaN,NaN
1988-10-01T12:00:00Z,0.0,40.125,24.125,21.97,0.33
1988-10-01T12:00:00Z,0.0,40.125,28.125,NaN,NaN
1988-10-01T12:00:00Z,0.0,40.125,32.125,NaN,NaN
1988-10-01T12:00:00Z,0.0,40.125,36.125,NaN,NaN
1988-10-01T12:00:00Z,0.0,40.125,40.125,NaN,NaN
1988-10-01T12:00:00Z,0.0,40.125,44.125,NaN,NaN
1988-10-01T12:00:00Z,0.0,40.125,48.125,NaN,NaN
1988-10-01T12:00:00Z,0.0,40.125,52.125,20.09,-1.39
1988-10-01T12:00:00Z,0.0,40.125,56.125,NaN,NaN
1988-10-01T12:00:00Z,0.0,40.125,60.125,NaN,NaN
1988-10-01T12:00:00Z,0.0,40.125,64.125,NaN,NaN
1988-10-01T12:00:00Z,0.0,40.125,68.125,NaN,NaN
1988-10-01T12:00:00Z,0.0,40.125,72.125,NaN,NaN
1988-10-01T12:00:00Z,0.0,40.125,76.125,NaN,NaN
1988-10-01T12:00:00Z,0.0,40.125,80.125,NaN,NaN
1988-10-01T12:00:00Z,0.0,40.125,84.125,NaN,NaN
1988-10-01T12:00:00Z,0.0,40.125,88.125,NaN,NaN
1988-10-01T12:00:00Z,0.0,40.125,92.125,NaN,NaN
1988-10-01T12:00:00Z,0.0,40.125,96.125,NaN,NaN
1988-10-01T12:00:00Z,0.0,40.125,100.125,NaN,NaN
1988-10-01T12:00:00Z,0.0,40.125,104.125,NaN,NaN
1988-10-01T12:00:00Z,0.0,40.125,108.125,NaN,NaN
1988-10-01T12:00:00Z,0.0,40.125,112.125,NaN,NaN
1988-10-01T12:00:00Z,0.0,40.125,116.125,NaN,NaN
1988-10-01T12:00:00Z,0.0,40.125,120.125,20.54,0.33
1988-10-01T12:00:00Z,0.0,40.125,124.125,NaN,NaN
1988-10-01T12:00:00Z,0.0,40.125,128.125,NaN,NaN
1988-10-01T12:00:00Z,0.0,40.125,132.125,20.07,1.16
1988-10-01T12:00:00Z,0.0,40.125,136.125,19.03,-0.42
1988-10-01T12:00:00Z,0.0,40.125,140.125,NaN,NaN
1988-10-01T12:00:00Z,0.0,40.125,144.125,19.08,0.63
1988-10-01T12:00:00Z,0.0,40.125,148.125,20.12,1.37
1988-10-01T12:00:00Z,0.0,40.125,152.125,20.73,1.25
1988-10-01T12:00:00Z,0.0,40.125,156.125,19.22,0.06
1988-10-01T12:00:00Z,0.0,40.125,160.125,21.22,2.24
1988-10-01T12:00:00Z,0.0,40.125,164.125,20.6,1.87
1988-10-01T12:00:00Z,0.0,40.125,168.125,20.54,1.91
1988-10-01T12:00:00Z,0.0,40.125,172.125,18.87,0.45
1988-10-01T12:00:00Z,0.0,40.125,176.125,17.81,-0.22
1988-10-01T12:00:00Z,0.0,40.125,180.125,17.62,-0.22
1988-10-01T12:00:00Z,0.0,40.125,184.125,16.92,-0.98
1988-10-01T12:00:00Z,0.0,40.125,188.125,16.55,-1.39
1988-10-01T12:00:00Z,0.0,40.125,192.125,17.34,-0.73
1988-10-01T12:00:00Z,0.0,40.125,196.125,16.85,-1.48
1988-10-01T12:00:00Z,0.0,40.125,200.125,18.37,-0.23
1988-10-01T12:00:00Z,0.0,40.125,204.125,18.28,-0.5
1988-10-01T12:00:00Z,0.0,40.125,208.125,17.62,-1.42
1988-10-01T12:00:00Z,0.0,40.125,212.125,19.17,0.04
1988-10-01T12:00:00Z,0.0,40.125,216.125,20.44,1.34
1988-10-01T12:00:00Z,0.0,40.125,220.125,19.69,0.74
1988-10-01T12:00:00Z,0.0,40.125,224.125,19.25,0.66
1988-10-01T12:00:00Z,0.0,40.125,228.125,18.61,0.48
1988-10-01T12:00:00Z,0.0,40.125,232.125,16.18,-0.68
1988-10-01T12:00:00Z,0.0,40.125,236.125,NaN,NaN
1988-10-01T12:00:00Z,0.0,40.125,240.125,NaN,NaN
1988-10-01T12:00:00Z,0.0,40.125,244.125,NaN,NaN
1988-10-01T12:00:00Z,0.0,40.125,248.125,NaN,NaN
1988-10-01T12:00:00Z,0.0,40.125,252.125,NaN,NaN
1988-10-01T12:00:00Z,0.0,40.125,256.125,NaN,NaN
1988-10-01T12:00:00Z,0.0,40.125,260.125,NaN,NaN
1988-10-01T12:00:00Z,0.0,40.125,264.125,NaN,NaN
1988-10-01T12:00:00Z,0.0,40.125,268.125,NaN,NaN
1988-10-01T12:00:00Z,0.0,40.125,272.125,NaN,NaN
1988-10-01T12:00:00Z,0.0,40.125,276.125,NaN,NaN
1988-10-01T12:00:00Z,0.0,40.125,280.125,NaN,NaN
1988-10-01T12:00:00Z,0.0,40.125,284.125,NaN,NaN
1988-10-01T12:00:00Z,0.0,40.125,288.125,19.76,0.67
1988-10-01T12:00:00Z,0.0,40.125,292.125,19.98,0.19
1988-10-01T12:00:00Z,0.0,40.125,296.125,21.65,-0.97
1988-10-01T12:00:00Z,0.0,40.125,300.125,24.96,1.18
1988-10-01T12:00:00Z,0.0,40.125,304.125,24.84,0.96
1988-10-01T12:00:00Z,0.0,40.125,308.125,22.85,-0.37
1988-10-01T12:00:00Z,0.0,40.125,312.125,23.83,1.11
1988-10-01T12:00:00Z,0.0,40.125,316.125,23.08,0.31
1988-10-01T12:00:00Z,0.0,40.125,320.125,21.66,-0.5
1988-10-01T12:00:00Z,0.0,40.125,324.125,22.76,0.89
1988-10-01T12:00:00Z,0.0,40.125,328.125,21.91,0.58
1988-10-01T12:00:00Z,0.0,40.125,332.125,21.66,0.77
1988-10-01T12:00:00Z,0.0,40.125,336.125,21.75,0.97
1988-10-01T12:00:00Z,0.0,40.125,340.125,21.79,1.32
1988-10-01T12:00:00Z,0.0,40.125,344.125,19.61,-0.34
1988-10-01T12:00:00Z,0.0,40.125,348.125,18.71,-0.76
1988-10-01T12:00:00Z,0.0,40.125,352.125,NaN,NaN
1988-10-01T12:00:00Z,0.0,40.125,356.125,NaN,NaN
1988-10-01T12:00:00Z,0.0,44.125,0.125,NaN,NaN
1988-10-01T12:00:00Z,0.0,44.125,4.125,NaN,NaN
1988-10-01T12:00:00Z,0.0,44.125,8.125,NaN,NaN
1988-10-01T12:00:00Z,0.0,44.125,12.125,NaN,NaN
1988-10-01T12:00:00Z,0.0,44.125,16.125,NaN,NaN
1988-10-01T12:00:00Z,0.0,44.125,20.125,NaN,NaN
1988-10-01T12:00:00Z,0.0,44.125,24.125,NaN,NaN
1988-10-01T12:00:00Z,0.0,44.125,28.125,NaN,NaN
1988-10-01T12:00:00Z,0.0,44.125,32.125,17.99,-1.07
1988-10-01T12:00:00Z,0.0,44.125,36.125,19.91,0.88
1988-10-01T12:00:00Z,0.0,44.125,40.125,NaN,NaN
1988-10-01T12:00:00Z,0.0,44.125,44.125,NaN,NaN
1988-10-01T12:00:00Z,0.0,44.125,48.125,17.75,-1.16
1988-10-01T12:00:00Z,0.0,44.125,52.125,NaN,NaN
1988-10-01T12:00:00Z,0.0,44.125,56.125,NaN,NaN
1988-10-01T12:00:00Z,0.0,44.125,60.125,NaN,NaN
1988-10-01T12:00:00Z,0.0,44.125,64.125,NaN,NaN
1988-10-01T12:00:00Z,0.0,44.125,68.125,NaN,NaN
1988-10-01T12:00:00Z,0.0,44.125,72.125,NaN,NaN
1988-10-01T12:00:00Z,0.0,44.125,76.125,NaN,NaN
1988-10-01T12:00:00Z,0.0,44.125,80.125,NaN,NaN
1988-10-01T12:00:00Z,0.0,44.125,84.125,NaN,NaN
1988-10-01T12:00:00Z,0.0,44.125,88.125,NaN,NaN
1988-10-01T12:00:00Z,0.0,44.125,92.125,NaN,NaN
1988-10-01T12:00:00Z,0.0,44.125,96.125,NaN,NaN
1988-10-01T12:00:00Z,0.0,44.125,100.125,NaN,NaN
1988-10-01T12:00:00Z,0.0,44.125,104.125,NaN,NaN
1988-10-01T12:00:00Z,0.0,44.125,108.125,NaN,NaN
1988-10-01T12:00:00Z,0.0,44.125,112.125,NaN,NaN
1988-10-01T12:00:00Z,0.0,44.125,116.125,NaN,NaN
1988-10-01T12:00:00Z,0.0,44.125,120.125,NaN,NaN
1988-10-01T12:00:00Z,0.0,44.125,124.125,NaN,NaN
1988-10-01T12:00:00Z,0.0,44.125,128.125,NaN,NaN
1988-10-01T12:00:00Z,0.0,44.125,132.125,NaN,NaN
1988-10-01T12:00:00Z,0.0,44.125,136.125,15.4,0.35
1988-10-01T12:00:00Z,0.0,44.125,140.125,17.34,0.02
1988-10-01T12:00:00Z,0.0,44.125,144.125,13.24,-0.39
1988-10-01T12:00:00Z,0.0,44.125,148.125,13.11,0.59
1988-10-01T12:00:00Z,0.0,44.125,152.125,14.8,2.62
1988-10-01T12:00:00Z,0.0,44.125,156.125,16.79,3.01
1988-10-01T12:00:00Z,0.0,44.125,160.125,13.96,0.17
1988-10-01T12:00:00Z,0.0,44.125,164.125,11.92,-1.22
1988-10-01T12:00:00Z,0.0,44.125,168.125,12.54,-0.1
1988-10-01T12:00:00Z,0.0,44.125,172.125,12.54,-0.39
1988-10-01T12:00:00Z,0.0,44.125,176.125,12.99,-0.11
1988-10-01T12:00:00Z,0.0,44.125,180.125,10.02,-3.01
1988-10-01T12:00:00Z,0.0,44.125,184.125,11.14,-1.89
1988-10-01T12:00:00Z,0.0,44.125,188.125,12.08,-1.16
1988-10-01T12:00:00Z,0.0,44.125,192.125,12.59,-0.98
1988-10-01T12:00:00Z,0.0,44.125,196.125,13.64,-0.43
1988-10-01T12:00:00Z,0.0,44.125,200.125,13.62,-0.89
1988-10-01T12:00:00Z,0.0,44.125,204.125,14.55,-0.33
1988-10-01T12:00:00Z,0.0,44.125,208.125,14.33,-1.03
1988-10-01T12:00:00Z,0.0,44.125,212.125,15.6,-0.12
1988-10-01T12:00:00Z,0.0,44.125,216.125,16.4,0.29
1988-10-01T12:00:00Z,0.0,44.125,220.125,17.17,0.9
1988-10-01T12:00:00Z,0.0,44.125,224.125,17.07,0.61
1988-10-01T12:00:00Z,0.0,44.125,228.125,17.11,0.62
1988-10-01T12:00:00Z,0.0,44.125,232.125,16.9,0.67
1988-10-01T12:00:00Z,0.0,44.125,236.125,NaN,NaN
1988-10-01T12:00:00Z,0.0,44.125,240.125,NaN,NaN
1988-10-01T12:00:00Z,0.0,44.125,244.125,NaN,NaN
1988-10-01T12:00:00Z,0.0,44.125,248.125,NaN,NaN
1988-10-01T12:00:00Z,0.0,44.125,252.125,NaN,NaN
1988-10-01T12:00:00Z,0.0,44.125,256.125,NaN,NaN
1988-10-01T12:00:00Z,0.0,44.125,260.125,NaN,NaN
1988-10-01T12:00:00Z,0.0,44.125,264.125,NaN,NaN
1988-10-01T12:00:00Z,0.0,44.125,268.125,NaN,NaN
1988-10-01T12:00:00Z,0.0,44.125,272.125,NaN,NaN
1988-10-01T12:00:00Z,0.0,44.125,276.125,NaN,NaN
1988-10-01T12:00:00Z,0.0,44.125,280.125,NaN,NaN
1988-10-01T12:00:00Z,0.0,44.125,284.125,NaN,NaN
1988-10-01T12:00:00Z,0.0,44.125,288.125,NaN,NaN
1988-10-01T12:00:00Z,0.0,44.125,292.125,11.49,-0.6
1988-10-01T12:00:00Z,0.0,44.125,296.125,11.78,-2.02
1988-10-01T12:00:00Z,0.0,44.125,300.125,13.34,-1.74
1988-10-01T12:00:00Z,0.0,44.125,304.125,15.23,-0.36
1988-10-01T12:00:00Z,0.0,44.125,308.125,14.48,-0.22
1988-10-01T12:00:00Z,0.0,44.125,312.125,15.93,1.13
1988-10-01T12:00:00Z,0.0,44.125,316.125,17.84,-1.57
1988-10-01T12:00:00Z,0.0,44.125,320.125,18.26,-1.41
1988-10-01T12:00:00Z,0.0,44.125,324.125,19.59,0.44
1988-10-01T12:00:00Z,0.0,44.125,328.125,19.21,0.2
1988-10-01T12:00:00Z,0.0,44.125,332.125,19.17,0.49
1988-10-01T12:00:00Z,0.0,44.125,336.125,18.38,-0.08
1988-10-01T12:00:00Z,0.0,44.125,340.125,17.66,-0.57
1988-10-01T12:00:00Z,0.0,44.125,344.125,18.55,0.43
1988-10-01T12:00:00Z,0.0,44.125,348.125,17.86,0.03
1988-10-01T12:00:00Z,0.0,44.125,352.125,18.14,0.52
1988-10-01T12:00:00Z,0.0,44.125,356.125,18.79,0.07
1988-10-01T12:00:00Z,0.0,48.125,0.125,NaN,NaN
1988-10-01T12:00:00Z,0.0,48.125,4.125,NaN,NaN
1988-10-01T12:00:00Z,0.0,48.125,8.125,NaN,NaN
1988-10-01T12:00:00Z,0.0,48.125,12.125,NaN,NaN
1988-10-01T12:00:00Z,0.0,48.125,16.125,NaN,NaN
1988-10-01T12:00:00Z,0.0,48.125,20.125,NaN,NaN
1988-10-01T12:00:00Z,0.0,48.125,24.125,NaN,NaN
1988-10-01T12:00:00Z,0.0,48.125,28.125,NaN,NaN
1988-10-01T12:00:00Z,0.0,48.125,32.125,NaN,NaN
1988-10-01T12:00:00Z,0.0,48.125,36.125,NaN,NaN
1988-10-01T12:00:00Z,0.0,48.125,40.125,NaN,NaN
1988-10-01T12:00:00Z,0.0,48.125,44.125,NaN,NaN
1988-10-01T12:00:00Z,0.0,48.125,48.125,NaN,NaN
1988-10-01T12:00:00Z,0.0,48.125,52.125,NaN,NaN
1988-10-01T12:00:00Z,0.0,48.125,56.125,NaN,NaN
1988-10-01T12:00:00Z,0.0,48.125,60.125,NaN,NaN
1988-10-01T12:00:00Z,0.0,48.125,64.125,NaN,NaN
1988-10-01T12:00:00Z,0.0,48.125,68.125,NaN,NaN
1988-10-01T12:00:00Z,0.0,48.125,72.125,NaN,NaN
1988-10-01T12:00:00Z,0.0,48.125,76.125,NaN,NaN
1988-10-01T12:00:00Z,0.0,48.125,80.125,NaN,NaN
1988-10-01T12:00:00Z,0.0,48.125,84.125,NaN,NaN
1988-10-01T12:00:00Z,0.0,48.125,88.125,NaN,NaN
1988-10-01T12:00:00Z,0.0,48.125,92.125,NaN,NaN
1988-10-01T12:00:00Z,0.0,48.125,96.125,NaN,NaN
1988-10-01T12:00:00Z,0.0,48.125,100.125,NaN,NaN
1988-10-01T12:00:00Z,0.0,48.125,104.125,NaN,NaN
1988-10-01T12:00:00Z,0.0,48.125,108.125,NaN,NaN
1988-10-01T12:00:00Z,0.0,48.125,112.125,NaN,NaN
1988-10-01T12:00:00Z,0.0,48.125,116.125,NaN,NaN
1988-10-01T12:00:00Z,0.0,48.125,120.125,NaN,NaN
1988-10-01T12:00:00Z,0.0,48.125,124.125,NaN,NaN
1988-10-01T12:00:00Z,0.0,48.125,128.125,NaN,NaN
1988-10-01T12:00:00Z,0.0,48.125,132.125,NaN,NaN
1988-10-01T12:00:00Z,0.0,48.125,136.125,NaN,NaN
1988-10-01T12:00:00Z,0.0,48.125,140.125,14.39,1.18
1988-10-01T12:00:00Z,0.0,48.125,144.125,13.06,2.0
1988-10-01T12:00:00Z,0.0,48.125,148.125,12.53,1.8
1988-10-01T12:00:00Z,0.0,48.125,152.125,9.03,0.81
1988-10-01T12:00:00Z,0.0,48.125,156.125,10.39,1.46
1988-10-01T12:00:00Z,0.0,48.125,160.125,11.94,1.75
1988-10-01T12:00:00Z,0.0,48.125,164.125,10.79,0.34
1988-10-01T12:00:00Z,0.0,48.125,168.125,10.48,0.29
1988-10-01T12:00:00Z,0.0,48.125,172.125,9.62,-0.54
1988-10-01T12:00:00Z,0.0,48.125,176.125,8.2,-1.99
1988-10-01T12:00:00Z,0.0,48.125,180.125,8.94,-1.26
1988-10-01T12:00:00Z,0.0,48.125,184.125,9.38,-0.93
1988-10-01T12:00:00Z,0.0,48.125,188.125,9.11,-1.3
1988-10-01T12:00:00Z,0.0,48.125,192.125,9.82,-0.83
1988-10-01T12:00:00Z,0.0,48.125,196.125,11.1,0.16
1988-10-01T12:00:00Z,0.0,48.125,200.125,10.37,-0.98
1988-10-01T12:00:00Z,0.0,48.125,204.125,10.93,-0.93
1988-10-01T12:00:00Z,0.0,48.125,208.125,11.63,-0.69
1988-10-01T12:00:00Z,0.0,48.125,212.125,12.31,-0.46
1988-10-01T12:00:00Z,0.0,48.125,216.125,12.73,-0.55
1988-10-01T12:00:00Z,0.0,48.125,220.125,13.6,-0.12
1988-10-01T12:00:00Z,0.0,48.125,224.125,14.64,0.47
1988-10-01T12:00:00Z,0.0,48.125,228.125,13.89,-0.9
1988-10-01T12:00:00Z,0.0,48.125,232.125,14.52,-0.01
1988-10-01T12:00:00Z,0.0,48.125,236.125,NaN,NaN
1988-10-01T12:00:00Z,0.0,48.125,240.125,NaN,NaN
1988-10-01T12:00:00Z,0.0,48.125,244.125,NaN,NaN
1988-10-01T12:00:00Z,0.0,48.125,248.125,NaN,NaN
1988-10-01T12:00:00Z,0.0,48.125,252.125,NaN,NaN
1988-10-01T12:00:00Z,0.0,48.125,256.125,NaN,NaN
1988-10-01T12:00:00Z,0.0,48.125,260.125,NaN,NaN
1988-10-01T12:00:00Z,0.0,48.125,264.125,NaN,NaN
1988-10-01T12:00:00Z,0.0,48.125,268.125,NaN,NaN
1988-10-01T12:00:00Z,0.0,48.125,272.125,9.61,-0.44
1988-10-01T12:00:00Z,0.0,48.125,276.125,NaN,NaN
1988-10-01T12:00:00Z,0.0,48.125,280.125,NaN,NaN
1988-10-01T12:00:00Z,0.0,48.125,284.125,NaN,NaN
1988-10-01T12:00:00Z,0.0,48.125,288.125,NaN,NaN
1988-10-01T12:00:00Z,0.0,48.125,292.125,NaN,NaN
1988-10-01T12:00:00Z,0.0,48.125,296.125,8.21,-2.67
1988-10-01T12:00:00Z,0.0,48.125,300.125,10.6,-0.81
1988-10-01T12:00:00Z,0.0,48.125,304.125,NaN,NaN
1988-10-01T12:00:00Z,0.0,48.125,308.125,9.97,0.2
1988-10-01T12:00:00Z,0.0,48.125,312.125,10.05,0.63
1988-10-01T12:00:00Z,0.0,48.125,316.125,11.12,-1.34
1988-10-01T12:00:00Z,0.0,48.125,320.125,14.8,-1.35
1988-10-01T12:00:00Z,0.0,48.125,324.125,15.27,-0.54
1988-10-01T12:00:00Z,0.0,48.125,328.125,16.02,0.16
1988-10-01T12:00:00Z,0.0,48.125,332.125,16.22,0.23
1988-10-01T12:00:00Z,0.0,48.125,336.125,16.02,-0.1
1988-10-01T12:00:00Z,0.0,48.125,340.125,15.75,-0.5
1988-10-01T12:00:00Z,0.0,48.125,344.125,15.05,-1.1
1988-10-01T12:00:00Z,0.0,48.125,348.125,15.12,-1.05
1988-10-01T12:00:00Z,0.0,48.125,352.125,14.99,-0.98
1988-10-01T12:00:00Z,0.0,48.125,356.125,NaN,NaN
1988-10-01T12:00:00Z,0.0,52.125,0.125,NaN,NaN
1988-10-01T12:00:00Z,0.0,52.125,4.125,14.65,-1.23
1988-10-01T12:00:00Z,0.0,52.125,8.125,NaN,NaN
1988-10-01T12:00:00Z,0.0,52.125,12.125,NaN,NaN
1988-10-01T12:00:00Z,0.0,52.125,16.125,NaN,NaN
1988-10-01T12:00:00Z,0.0,52.125,20.125,NaN,NaN
1988-10-01T12:00:00Z,0.0,52.125,24.125,NaN,NaN
1988-10-01T12:00:00Z,0.0,52.125,28.125,NaN,NaN
1988-10-01T12:00:00Z,0.0,52.125,32.125,NaN,NaN
1988-10-01T12:00:00Z,0.0,52.125,36.125,NaN,NaN
1988-10-01T12:00:00Z,0.0,52.125,40.125,NaN,NaN
1988-10-01T12:00:00Z,0.0,52.125,44.125,NaN,NaN
1988-10-01T12:00:00Z,0.0,52.125,48.125,NaN,NaN
1988-10-01T12:00:00Z,0.0,52.125,52.125,NaN,NaN
1988-10-01T12:00:00Z,0.0,52.125,56.125,NaN,NaN
1988-10-01T12:00:00Z,0.0,52.125,60.125,NaN,NaN
1988-10-01T12:00:00Z,0.0,52.125,64.125,NaN,NaN
1988-10-01T12:00:00Z,0.0,52.125,68.125,NaN,NaN
1988-10-01T12:00:00Z,0.0,52.125,72.125,NaN,NaN
1988-10-01T12:00:00Z,0.0,52.125,76.125,NaN,NaN
1988-10-01T12:00:00Z,0.0,52.125,80.125,NaN,NaN
1988-10-01T12:00:00Z,0.0,52.125,84.125,NaN,NaN
1988-10-01T12:00:00Z,0.0,52.125,88.125,NaN,NaN
1988-10-01T12:00:00Z,0.0,52.125,92.125,NaN,NaN
1988-10-01T12:00:00Z,0.0,52.125,96.125,NaN,NaN
1988-10-01T12:00:00Z,0.0,52.125,100.125,NaN,NaN
1988-10-01T12:00:00Z,0.0,52.125,104.125,NaN,NaN
1988-10-01T12:00:00Z,0.0,52.125,108.125,NaN,NaN
1988-10-01T12:00:00Z,0.0,52.125,112.125,NaN,NaN
1988-10-01T12:00:00Z,0.0,52.125,116.125,NaN,NaN
1988-10-01T12:00:00Z,0.0,52.125,120.125,NaN,NaN
1988-10-01T12:00:00Z,0.0,52.125,124.125,NaN,NaN
1988-10-01T12:00:00Z,0.0,52.125,128.125,NaN,NaN
1988-10-01T12:00:00Z,0.0,52.125,132.125,NaN,NaN
1988-10-01T12:00:00Z,0.0,52.125,136.125,NaN,NaN
1988-10-01T12:00:00Z,0.0,52.125,140.125,NaN,NaN
1988-10-01T12:00:00Z,0.0,52.125,144.125,11.26,1.56
1988-10-01T12:00:00Z,0.0,52.125,148.125,11.67,1.74
1988-10-01T12:00:00Z,0.0,52.125,152.125,11.62,2.33
1988-10-01T12:00:00Z,0.0,52.125,156.125,9.57,0.85
1988-10-01T12:00:00Z,0.0,52.125,160.125,10.02,0.74
1988-10-01T12:00:00Z,0.0,52.125,164.125,9.97,0.5
1988-10-01T12:00:00Z,0.0,52.125,168.125,9.59,0.49
1988-10-01T12:00:00Z,0.0,52.125,172.125,8.72,0.09
1988-10-01T12:00:00Z,0.0,52.125,176.125,6.73,-1.52
1988-10-01T12:00:00Z,0.0,52.125,180.125,6.36,-1.64
1988-10-01T12:00:00Z,0.0,52.125,184.125,7.48,-1.0
1988-10-01T12:00:00Z,0.0,52.125,188.125,8.15,-0.38
1988-10-01T12:00:00Z,0.0,52.125,192.125,8.97,-0.24
1988-10-01T12:00:00Z,0.0,52.125,196.125,8.33,-1.54
1988-10-01T12:00:00Z,0.0,52.125,200.125,9.27,-0.8
1988-10-01T12:00:00Z,0.0,52.125,204.125,8.72,-1.59
1988-10-01T12:00:00Z,0.0,52.125,208.125,9.61,-1.02
1988-10-01T12:00:00Z,0.0,52.125,212.125,9.72,-1.28
1988-10-01T12:00:00Z,0.0,52.125,216.125,10.83,-0.69
1988-10-01T12:00:00Z,0.0,52.125,220.125,11.17,-0.97
1988-10-01T12:00:00Z,0.0,52.125,224.125,12.22,-0.68
1988-10-01T12:00:00Z,0.0,52.125,228.125,11.85,-0.79
1988-10-01T12:00:00Z,0.0,52.125,232.125,NaN,NaN
1988-10-01T12:00:00Z,0.0,52.125,236.125,NaN,NaN
1988-10-01T12:00:00Z,0.0,52.125,240.125,NaN,NaN
1988-10-01T12:00:00Z,0.0,52.125,244.125,NaN,NaN
1988-10-01T12:00:00Z,0.0,52.125,248.125,NaN,NaN
1988-10-01T12:00:00Z,0.0,52.125,252.125,NaN,NaN
1988-10-01T12:00:00Z,0.0,52.125,256.125,NaN,NaN
1988-10-01T12:00:00Z,0.0,52.125,260.125,NaN,NaN
1988-10-01T12:00:00Z,0.0,52.125,264.125,NaN,NaN
1988-10-01T12:00:00Z,0.0,52.125,268.125,NaN,NaN
1988-10-01T12:00:00Z,0.0,52.125,272.125,NaN,NaN
1988-10-01T12:00:00Z,0.0,52.125,276.125,NaN,NaN
1988-10-01T12:00:00Z,0.0,52.125,280.125,-1.03,-3.28
1988-10-01T12:00:00Z,0.0,52.125,284.125,NaN,NaN
1988-10-01T12:00:00Z,0.0,52.125,288.125,NaN,NaN
1988-10-01T12:00:00Z,0.0,52.125,292.125,NaN,NaN
1988-10-01T12:00:00Z,0.0,52.125,296.125,NaN,NaN
1988-10-01T12:00:00Z,0.0,52.125,300.125,NaN,NaN
1988-10-01T12:00:00Z,0.0,52.125,304.125,NaN,NaN
1988-10-01T12:00:00Z,0.0,52.125,308.125,7.07,1.0
1988-10-01T12:00:00Z,0.0,52.125,312.125,10.55,1.23
1988-10-01T12:00:00Z,0.0,52.125,316.125,11.61,0.45
1988-10-01T12:00:00Z,0.0,52.125,320.125,11.25,-0.02
1988-10-01T12:00:00Z,0.0,52.125,324.125,10.81,-0.56
1988-10-01T12:00:00Z,0.0,52.125,328.125,11.31,-0.87
1988-10-01T12:00:00Z,0.0,52.125,332.125,13.41,0.44
1988-10-01T12:00:00Z,0.0,52.125,336.125,12.85,-0.75
1988-10-01T12:00:00Z,0.0,52.125,340.125,13.16,-1.05
1988-10-01T12:00:00Z,0.0,52.125,344.125,13.8,-0.61
1988-10-01T12:00:00Z,0.0,52.125,348.125,13.37,-0.85
1988-10-01T12:00:00Z,0.0,52.125,352.125,NaN,NaN
1988-10-01T12:00:00Z,0.0,52.125,356.125,NaN,NaN
1988-10-01T12:00:00Z,0.0,56.125,0.125,11.41,-0.92
1988-10-01T12:00:00Z,0.0,56.125,4.125,12.17,-1.1
1988-10-01T12:00:00Z,0.0,56.125,8.125,13.23,-0.53
1988-10-01T12:00:00Z,0.0,56.125,12.125,13.07,0.0
1988-10-01T12:00:00Z,0.0,56.125,16.125,11.17,-1.7
1988-10-01T12:00:00Z,0.0,56.125,20.125,12.75,-0.66
1988-10-01T12:00:00Z,0.0,56.125,24.125,NaN,NaN
1988-10-01T12:00:00Z,0.0,56.125,28.125,NaN,NaN
1988-10-01T12:00:00Z,0.0,56.125,32.125,NaN,NaN
1988-10-01T12:00:00Z,0.0,56.125,36.125,NaN,NaN
1988-10-01T12:00:00Z,0.0,56.125,40.125,NaN,NaN
1988-10-01T12:00:00Z,0.0,56.125,44.125,NaN,NaN
1988-10-01T12:00:00Z,0.0,56.125,48.125,NaN,NaN
1988-10-01T12:00:00Z,0.0,56.125,52.125,NaN,NaN
1988-10-01T12:00:00Z,0.0,56.125,56.125,NaN,NaN
1988-10-01T12:00:00Z,0.0,56.125,60.125,NaN,NaN
1988-10-01T12:00:00Z,0.0,56.125,64.125,NaN,NaN
1988-10-01T12:00:00Z,0.0,56.125,68.125,NaN,NaN
1988-10-01T12:00:00Z,0.0,56.125,72.125,NaN,NaN
1988-10-01T12:00:00Z,0.0,56.125,76.125,NaN,NaN
1988-10-01T12:00:00Z,0.0,56.125,80.125,NaN,NaN
1988-10-01T12:00:00Z,0.0,56.125,84.125,NaN,NaN
1988-10-01T12:00:00Z,0.0,56.125,88.125,NaN,NaN
1988-10-01T12:00:00Z,0.0,56.125,92.125,NaN,NaN
1988-10-01T12:00:00Z,0.0,56.125,96.125,NaN,NaN
1988-10-01T12:00:00Z,0.0,56.125,100.125,NaN,NaN
1988-10-01T12:00:00Z,0.0,56.125,104.125,NaN,NaN
1988-10-01T12:00:00Z,0.0,56.125,108.125,NaN,NaN
1988-10-01T12:00:00Z,0.0,56.125,112.125,NaN,NaN
1988-10-01T12:00:00Z,0.0,56.125,116.125,NaN,NaN
1988-10-01T12:00:00Z,0.0,56.125,120.125,NaN,NaN
1988-10-01T12:00:00Z,0.0,56.125,124.125,NaN,NaN
1988-10-01T12:00:00Z,0.0,56.125,128.125,NaN,NaN
1988-10-01T12:00:00Z,0.0,56.125,132.125,NaN,NaN
1988-10-01T12:00:00Z,0.0,56.125,136.125,NaN,NaN
1988-10-01T12:00:00Z,0.0,56.125,140.125,10.08,1.66
1988-10-01T12:00:00Z,0.0,56.125,144.125,8.33,0.37
1988-10-01T12:00:00Z,0.0,56.125,148.125,10.69,2.11
1988-10-01T12:00:00Z,0.0,56.125,152.125,9.91,1.41
1988-10-01T12:00:00Z,0.0,56.125,156.125,NaN,NaN
1988-10-01T12:00:00Z,0.0,56.125,160.125,NaN,NaN
1988-10-01T12:00:00Z,0.0,56.125,164.125,7.73,-0.88
1988-10-01T12:00:00Z,0.0,56.125,168.125,8.07,-0.23
1988-10-01T12:00:00Z,0.0,56.125,172.125,8.64,0.56
1988-10-01T12:00:00Z,0.0,56.125,176.125,8.5,0.59
1988-10-01T12:00:00Z,0.0,56.125,180.125,7.89,-0.04
1988-10-01T12:00:00Z,0.0,56.125,184.125,8.12,0.03
1988-10-01T12:00:00Z,0.0,56.125,188.125,7.9,-0.1
1988-10-01T12:00:00Z,0.0,56.125,192.125,7.93,0.18
1988-10-01T12:00:00Z,0.0,56.125,196.125,8.34,0.16
1988-10-01T12:00:00Z,0.0,56.125,200.125,NaN,NaN
1988-10-01T12:00:00Z,0.0,56.125,204.125,9.33,-0.38
1988-10-01T12:00:00Z,0.0,56.125,208.125,8.86,-1.0
1988-10-01T12:00:00Z,0.0,56.125,212.125,9.94,-0.52
1988-10-01T12:00:00Z,0.0,56.125,216.125,10.02,-0.9
1988-10-01T12:00:00Z,0.0,56.125,220.125,10.8,-0.62
1988-10-01T12:00:00Z,0.0,56.125,224.125,10.3,-1.13
1988-10-01T12:00:00Z,0.0,56.125,228.125,NaN,NaN
1988-10-01T12:00:00Z,0.0,56.125,232.125,NaN,NaN
1988-10-01T12:00:00Z,0.0,56.125,236.125,NaN,NaN
1988-10-01T12:00:00Z,0.0,56.125,240.125,NaN,NaN
1988-10-01T12:00:00Z,0.0,56.125,244.125,NaN,NaN
1988-10-01T12:00:00Z,0.0,56.125,248.125,NaN,NaN
1988-10-01T12:00:00Z,0.0,56.125,252.125,NaN,NaN
1988-10-01T12:00:00Z,0.0,56.125,256.125,NaN,NaN
1988-10-01T12:00:00Z,0.0,56.125,260.125,NaN,NaN
1988-10-01T12:00:00Z,0.0,56.125,264.125,NaN,NaN
1988-10-01T12:00:00Z,0.0,56.125,268.125,NaN,NaN
1988-10-01T12:00:00Z,0.0,56.125,272.125,NaN,NaN
1988-10-01T12:00:00Z,0.0,56.125,276.125,5.91,1.11
1988-10-01T12:00:00Z,0.0,56.125,280.125,5.98,1.1
1988-10-01T12:00:00Z,0.0,56.125,284.125,NaN,NaN
1988-10-01T12:00:00Z,0.0,56.125,288.125,NaN,NaN
1988-10-01T12:00:00Z,0.0,56.125,292.125,NaN,NaN
1988-10-01T12:00:00Z,0.0,56.125,296.125,NaN,NaN
1988-10-01T12:00:00Z,0.0,56.125,300.125,2.43,-0.21
1988-10-01T12:00:00Z,0.0,56.125,304.125,5.6,0.5
1988-10-01T12:00:00Z,0.0,56.125,308.125,7.47,0.89
1988-10-01T12:00:00Z,0.0,56.125,312.125,7.55,0.22
1988-10-01T12:00:00Z,0.0,56.125,316.125,7.43,0.13
1988-10-01T12:00:00Z,0.0,56.125,320.125,8.82,0.86
1988-10-01T12:00:00Z,0.0,56.125,324.125,9.73,0.72
1988-10-01T12:00:00Z,0.0,56.125,328.125,10.3,0.16
1988-10-01T12:00:00Z,0.0,56.125,332.125,10.64,-0.53
1988-10-01T12:00:00Z,0.0,56.125,336.125,11.54,-0.47
1988-10-01T12:00:00Z,0.0,56.125,340.125,11.55,-0.93
1988-10-01T12:00:00Z,0.0,56.125,344.125,11.63,-0.84
1988-10-01T12:00:00Z,0.0,56.125,348.125,12.57,-0.26
1988-10-01T12:00:00Z,0.0,56.125,352.125,12.15,-0.78
1988-10-01T12:00:00Z,0.0,56.125,356.125,NaN,NaN
1988-10-01T12:00:00Z,0.0,60.125,0.125,11.12,-0.2
1988-10-01T12:00:00Z,0.0,60.125,4.125,11.89,-0.01
1988-10-01T12:00:00Z,0.0,60.125,8.125,NaN,NaN
1988-10-01T12:00:00Z,0.0,60.125,12.125,NaN,NaN
1988-10-01T12:00:00Z,0.0,60.125,16.125,NaN,NaN
1988-10-01T12:00:00Z,0.0,60.125,20.125,NaN,NaN
1988-10-01T12:00:00Z,0.0,60.125,24.125,NaN,NaN
1988-10-01T12:00:00Z,0.0,60.125,28.125,11.41,0.48
1988-10-01T12:00:00Z,0.0,60.125,32.125,NaN,NaN
1988-10-01T12:00:00Z,0.0,60.125,36.125,NaN,NaN
1988-10-01T12:00:00Z,0.0,60.125,40.125,NaN,NaN
1988-10-01T12:00:00Z,0.0,60.125,44.125,NaN,NaN
1988-10-01T12:00:00Z,0.0,60.125,48.125,NaN,NaN
1988-10-01T12:00:00Z,0.0,60.125,52.125,NaN,NaN
1988-10-01T12:00:00Z,0.0,60.125,56.125,NaN,NaN
1988-10-01T12:00:00Z,0.0,60.125,60.125,NaN,NaN
1988-10-01T12:00:00Z,0.0,60.125,64.125,NaN,NaN
1988-10-01T12:00:00Z,0.0,60.125,68.125,NaN,NaN
1988-10-01T12:00:00Z,0.0,60.125,72.125,NaN,NaN
1988-10-01T12:00:00Z,0.0,60.125,76.125,NaN,NaN
1988-10-01T12:00:00Z,0.0,60.125,80.125,NaN,NaN
1988-10-01T12:00:00Z,0.0,60.125,84.125,NaN,NaN
1988-10-01T12:00:00Z,0.0,60.125,88.125,NaN,NaN
1988-10-01T12:00:00Z,0.0,60.125,92.125,NaN,NaN
1988-10-01T12:00:00Z,0.0,60.125,96.125,NaN,NaN
1988-10-01T12:00:00Z,0.0,60.125,100.125,NaN,NaN
1988-10-01T12:00:00Z,0.0,60.125,104.125,NaN,NaN
1988-10-01T12:00:00Z,0.0,60.125,108.125,NaN,NaN
1988-10-01T12:00:00Z,0.0,60.125,112.125,NaN,NaN
1988-10-01T12:00:00Z,0.0,60.125,116.125,NaN,NaN
1988-10-01T12:00:00Z,0.0,60.125,120.125,NaN,NaN
1988-10-01T12:00:00Z,0.0,60.125,124.125,NaN,NaN
1988-10-01T12:00:00Z,0.0,60.125,128.125,NaN,NaN
1988-10-01T12:00:00Z,0.0,60.125,132.125,NaN,NaN
1988-10-01T12:00:00Z,0.0,60.125,136.125,NaN,NaN
1988-10-01T12:00:00Z,0.0,60.125,140.125,NaN,NaN
1988-10-01T12:00:00Z,0.0,60.125,144.125,NaN,NaN
1988-10-01T12:00:00Z,0.0,60.125,148.125,NaN,NaN
1988-10-01T12:00:00Z,0.0,60.125,152.125,NaN,NaN
1988-10-01T12:00:00Z,0.0,60.125,156.125,6.92,1.01
1988-10-01T12:00:00Z,0.0,60.125,160.125,6.12,-0.24
1988-10-01T12:00:00Z,0.0,60.125,164.125,NaN,NaN
1988-10-01T12:00:00Z,0.0,60.125,168.125,6.77,-0.34
1988-10-01T12:00:00Z,0.0,60.125,172.125,7.58,0.64
1988-10-01T12:00:00Z,0.0,60.125,176.125,6.7,-0.31
1988-10-01T12:00:00Z,0.0,60.125,180.125,7.12,0.14
1988-10-01T12:00:00Z,0.0,60.125,184.125,7.01,0.29
1988-10-01T12:00:00Z,0.0,60.125,188.125,6.32,-0.09
1988-10-01T12:00:00Z,0.0,60.125,192.125,8.83,1.6
1988-10-01T12:00:00Z,0.0,60.125,196.125,NaN,NaN
1988-10-01T12:00:00Z,0.0,60.125,200.125,NaN,NaN
1988-10-01T12:00:00Z,0.0,60.125,204.125,NaN,NaN
1988-10-01T12:00:00Z,0.0,60.125,208.125,9.82,0.22
1988-10-01T12:00:00Z,0.0,60.125,212.125,NaN,NaN
1988-10-01T12:00:00Z,0.0,60.125,216.125,NaN,NaN
1988-10-01T12:00:00Z,0.0,60.125,220.125,NaN,NaN
1988-10-01T12:00:00Z,0.0,60.125,224.125,NaN,NaN
1988-10-01T12:00:00Z,0.0,60.125,228.125,NaN,NaN
1988-10-01T12:00:00Z,0.0,60.125,232.125,NaN,NaN
1988-10-01T12:00:00Z,0.0,60.125,236.125,NaN,NaN
1988-10-01T12:00:00Z,0.0,60.125,240.125,NaN,NaN
1988-10-01T12:00:00Z,0.0,60.125,244.125,NaN,NaN
1988-10-01T12:00:00Z,0.0,60.125,248.125,NaN,NaN
1988-10-01T12:00:00Z,0.0,60.125,252.125,NaN,NaN
1988-10-01T12:00:00Z,0.0,60.125,256.125,NaN,NaN
1988-10-01T12:00:00Z,0.0,60.125,260.125,NaN,NaN
1988-10-01T12:00:00Z,0.0,60.125,264.125,NaN,NaN
1988-10-01T12:00:00Z,0.0,60.125,268.125,4.19,-0.07
1988-10-01T12:00:00Z,0.0,60.125,272.125,4.46,0.52
1988-10-01T12:00:00Z,0.0,60.125,276.125,4.74,0.7
1988-10-01T12:00:00Z,0.0,60.125,280.125,4.74,0.6
1988-10-01T12:00:00Z,0.0,60.125,284.125,NaN,NaN
1988-10-01T12:00:00Z,0.0,60.125,288.125,NaN,NaN
1988-10-01T12:00:00Z,0.0,60.125,292.125,1.0,-0.41
1988-10-01T12:00:00Z,0.0,60.125,296.125,0.84,-0.81
1988-10-01T12:00:00Z,0.0,60.125,300.125,3.91,0.19
1988-10-01T12:00:00Z,0.0,60.125,304.125,5.59,-0.08
1988-10-01T12:00:00Z,0.0,60.125,308.125,5.58,0.36
1988-10-01T12:00:00Z,0.0,60.125,312.125,5.28,1.03
1988-10-01T12:00:00Z,0.0,60.125,316.125,NaN,NaN
1988-10-01T12:00:00Z,0.0,60.125,320.125,7.1,0.22
1988-10-01T12:00:00Z,0.0,60.125,324.125,8.03,0.44
1988-10-01T12:00:00Z,0.0,60.125,328.125,8.64,0.17
1988-10-01T12:00:00Z,0.0,60.125,332.125,9.9,0.38
1988-10-01T12:00:00Z,0.0,60.125,336.125,10.55,0.13
1988-10-01T12:00:00Z,0.0,60.125,340.125,10.02,-0.81
1988-10-01T12:00:00Z,0.0,60.125,344.125,10.15,-0.83
1988-10-01T12:00:00Z,0.0,60.125,348.125,10.57,-0.64
1988-10-01T12:00:00Z,0.0,60.125,352.125,10.24,-0.77
1988-10-01T12:00:00Z,0.0,60.125,356.125,11.03,-0.11
1988-10-01T12:00:00Z,0.0,64.125,0.125,9.98,0.26
1988-10-01T12:00:00Z,0.0,64.125,4.125,10.56,0.0
1988-10-01T12:00:00Z,0.0,64.125,8.125,10.66,-0.08
1988-10-01T12:00:00Z,0.0,64.125,12.125,NaN,NaN
1988-10-01T12:00:00Z,0.0,64.125,16.125,NaN,NaN
1988-10-01T12:00:00Z,0.0,64.125,20.125,NaN,NaN
1988-10-01T12:00:00Z,0.0,64.125,24.125,NaN,NaN
1988-10-01T12:00:00Z,0.0,64.125,28.125,NaN,NaN
1988-10-01T12:00:00Z,0.0,64.125,32.125,NaN,NaN
1988-10-01T12:00:00Z,0.0,64.125,36.125,NaN,NaN
1988-10-01T12:00:00Z,0.0,64.125,40.125,NaN,NaN
1988-10-01T12:00:00Z,0.0,64.125,44.125,NaN,NaN
1988-10-01T12:00:00Z,0.0,64.125,48.125,NaN,NaN
1988-10-01T12:00:00Z,0.0,64.125,52.125,NaN,NaN
1988-10-01T12:00:00Z,0.0,64.125,56.125,NaN,NaN
1988-10-01T12:00:00Z,0.0,64.125,60.125,NaN,NaN
1988-10-01T12:00:00Z,0.0,64.125,64.125,NaN,NaN
1988-10-01T12:00:00Z,0.0,64.125,68.125,NaN,NaN
1988-10-01T12:00:00Z,0.0,64.125,72.125,NaN,NaN
1988-10-01T12:00:00Z,0.0,64.125,76.125,NaN,NaN
1988-10-01T12:00:00Z,0.0,64.125,80.125,NaN,NaN
1988-10-01T12:00:00Z,0.0,64.125,84.125,NaN,NaN
1988-10-01T12:00:00Z,0.0,64.125,88.125,NaN,NaN
1988-10-01T12:00:00Z,0.0,64.125,92.125,NaN,NaN
1988-10-01T12:00:00Z,0.0,64.125,96.125,NaN,NaN
1988-10-01T12:00:00Z,0.0,64.125,100.125,NaN,NaN
1988-10-01T12:00:00Z,0.0,64.125,104.125,NaN,NaN
1988-10-01T12:00:00Z,0.0,64.125,108.125,NaN,NaN
1988-10-01T12:00:00Z,0.0,64.125,112.125,NaN,NaN
1988-10-01T12:00:00Z,0.0,64.125,116.125,NaN,NaN
1988-10-01T12:00:00Z,0.0,64.125,120.125,NaN,NaN
1988-10-01T12:00:00Z,0.0,64.125,124.125,NaN,NaN
1988-10-01T12:00:00Z,0.0,64.125,128.125,NaN,NaN
1988-10-01T12:00:00Z,0.0,64.125,132.125,NaN,NaN
1988-10-01T12:00:00Z,0.0,64.125,136.125,NaN,NaN
1988-10-01T12:00:00Z,0.0,64.125,140.125,NaN,NaN
1988-10-01T12:00:00Z,0.0,64.125,144.125,NaN,NaN
1988-10-01T12:00:00Z,0.0,64.125,148.125,NaN,NaN
1988-10-01T12:00:00Z,0.0,64.125,152.125,NaN,NaN
1988-10-01T12:00:00Z,0.0,64.125,156.125,NaN,NaN
1988-10-01T12:00:00Z,0.0,64.125,160.125,NaN,NaN
1988-10-01T12:00:00Z,0.0,64.125,164.125,NaN,NaN
1988-10-01T12:00:00Z,0.0,64.125,168.125,NaN,NaN
1988-10-01T12:00:00Z,0.0,64.125,172.125,NaN,NaN
1988-10-01T12:00:00Z,0.0,64.125,176.125,NaN,NaN
1988-10-01T12:00:00Z,0.0,64.125,180.125,3.65,-0.92
1988-10-01T12:00:00Z,0.0,64.125,184.125,3.85,-0.94
1988-10-01T12:00:00Z,0.0,64.125,188.125,3.21,-0.68
1988-10-01T12:00:00Z,0.0,64.125,192.125,4.74,-0.47
1988-10-01T12:00:00Z,0.0,64.125,196.125,7.56,1.06
1988-10-01T12:00:00Z,0.0,64.125,200.125,NaN,NaN
1988-10-01T12:00:00Z,0.0,64.125,204.125,NaN,NaN
1988-10-01T12:00:00Z,0.0,64.125,208.125,NaN,NaN
1988-10-01T12:00:00Z,0.0,64.125,212.125,NaN,NaN
1988-10-01T12:00:00Z,0.0,64.125,216.125,NaN,NaN
1988-10-01T12:00:00Z,0.0,64.125,220.125,NaN,NaN
1988-10-01T12:00:00Z,0.0,64.125,224.125,NaN,NaN
1988-10-01T12:00:00Z,0.0,64.125,228.125,NaN,NaN
1988-10-01T12:00:00Z,0.0,64.125,232.125,NaN,NaN
1988-10-01T12:00:00Z,0.0,64.125,236.125,NaN,NaN
1988-10-01T12:00:00Z,0.0,64.125,240.125,NaN,NaN
1988-10-01T12:00:00Z,0.0,64.125,244.125,NaN,NaN
1988-10-01T12:00:00Z,0.0,64.125,248.125,NaN,NaN
1988-10-01T12:00:00Z,0.0,64.125,252.125,NaN,NaN
1988-10-01T12:00:00Z,0.0,64.125,256.125,NaN,NaN
1988-10-01T12:00:00Z,0.0,64.125,260.125,NaN,NaN
1988-10-01T12:00:00Z,0.0,64.125,264.125,NaN,NaN
1988-10-01T12:00:00Z,0.0,64.125,268.125,NaN,NaN
1988-10-01T12:00:00Z,0.0,64.125,272.125,2.42,-0.09
1988-10-01T12:00:00Z,0.0,64.125,276.125,NaN,NaN
1988-10-01T12:00:00Z,0.0,64.125,280.125,0.24,-0.56
1988-10-01T12:00:00Z,0.0,64.125,284.125,0.52,-0.69
1988-10-01T12:00:00Z,0.0,64.125,288.125,NaN,NaN
1988-10-01T12:00:00Z,0.0,64.125,292.125,NaN,NaN
1988-10-01T12:00:00Z,0.0,64.125,296.125,1.31,0.03
1988-10-01T12:00:00Z,0.0,64.125,300.125,2.29,0.0
1988-10-01T12:00:00Z,0.0,64.125,304.125,3.36,0.1
1988-10-01T12:00:00Z,0.0,64.125,308.125,2.92,0.19
1988-10-01T12:00:00Z,0.0,64.125,312.125,NaN,NaN
1988-10-01T12:00:00Z,0.0,64.125,316.125,NaN,NaN
1988-10-01T12:00:00Z,0.0,64.125,320.125,4.71,-0.49
1988-10-01T12:00:00Z,0.0,64.125,324.125,6.55,0.41
1988-10-01T12:00:00Z,0.0,64.125,328.125,7.61,0.01
1988-10-01T12:00:00Z,0.0,64.125,332.125,7.35,-1.14
1988-10-01T12:00:00Z,0.0,64.125,336.125,8.61,-0.12
1988-10-01T12:00:00Z,0.0,64.125,340.125,NaN,NaN
1988-10-01T12:00:00Z,0.0,64.125,344.125,8.57,-0.52
1988-10-01T12:00:00Z,0.0,64.125,348.125,7.94,-0.26
1988-10-01T12:00:00Z,0.0,64.125,352.125,7.6,-0.28
1988-10-01T12:00:00Z,0.0,64.125,356.125,8.57,0.01
1988-10-01T12:00:00Z,0.0,68.125,0.125,9.34,0.61
1988-10-01T12:00:00Z,0.0,68.125,4.125,9.66,0.62
1988-10-01T12:00:00Z,0.0,68.125,8.125,9.57,0.05
1988-10-01T12:00:00Z,0.0,68.125,12.125,10.03,0.22
1988-10-01T12:00:00Z,0.0,68.125,16.125,10.32,0.76
1988-10-01T12:00:00Z,0.0,68.125,20.125,NaN,NaN
1988-10-01T12:00:00Z,0.0,68.125,24.125,NaN,NaN
1988-10-01T12:00:00Z,0.0,68.125,28.125,NaN,NaN
1988-10-01T12:00:00Z,0.0,68.125,32.125,NaN,NaN
1988-10-01T12:00:00Z,0.0,68.125,36.125,NaN,NaN
1988-10-01T12:00:00Z,0.0,68.125,40.125,6.89,0.69
1988-10-01T12:00:00Z,0.0,68.125,44.125,7.18,1.55
1988-10-01T12:00:00Z,0.0,68.125,48.125,6.25,1.29
1988-10-01T12:00:00Z,0.0,68.125,52.125,NaN,NaN
1988-10-01T12:00:00Z,0.0,68.125,56.125,NaN,NaN
1988-10-01T12:00:00Z,0.0,68.125,60.125,NaN,NaN
1988-10-01T12:00:00Z,0.0,68.125,64.125,NaN,NaN
1988-10-01T12:00:00Z,0.0,68.125,68.125,NaN,NaN
1988-10-01T12:00:00Z,0.0,68.125,72.125,NaN,NaN
1988-10-01T12:00:00Z,0.0,68.125,76.125,NaN,NaN
1988-10-01T12:00:00Z,0.0,68.125,80.125,NaN,NaN
1988-10-01T12:00:00Z,0.0,68.125,84.125,NaN,NaN
1988-10-01T12:00:00Z,0.0,68.125,88.125,NaN,NaN
1988-10-01T12:00:00Z,0.0,68.125,92.125,NaN,NaN
1988-10-01T12:00:00Z,0.0,68.125,96.125,NaN,NaN
1988-10-01T12:00:00Z,0.0,68.125,100.125,NaN,NaN
1988-10-01T12:00:00Z,0.0,68.125,104.125,NaN,NaN
1988-10-01T12:00:00Z,0.0,68.125,108.125,NaN,NaN
1988-10-01T12:00:00Z,0.0,68.125,112.125,NaN,NaN
1988-10-01T12:00:00Z,0.0,68.125,116.125,NaN,NaN
1988-10-01T12:00:00Z,0.0,68.125,120.125,NaN,NaN
1988-10-01T12:00:00Z,0.0,68.125,124.125,NaN,NaN
1988-10-01T12:00:00Z,0.0,68.125,128.125,NaN,NaN
1988-10-01T12:00:00Z,0.0,68.125,132.125,NaN,NaN
1988-10-01T12:00:00Z,0.0,68.125,136.125,NaN,NaN
1988-10-01T12:00:00Z,0.0,68.125,140.125,NaN,NaN
1988-10-01T12:00:00Z,0.0,68.125,144.125,NaN,NaN
1988-10-01T12:00:00Z,0.0,68.125,148.125,NaN,NaN
1988-10-01T12:00:00Z,0.0,68.125,152.125,NaN,NaN
1988-10-01T12:00:00Z,0.0,68.125,156.125,NaN,NaN
1988-10-01T12:00:00Z,0.0,68.125,160.125,NaN,NaN
1988-10-01T12:00:00Z,0.0,68.125,164.125,NaN,NaN
1988-10-01T12:00:00Z,0.0,68.125,168.125,NaN,NaN
1988-10-01T12:00:00Z,0.0,68.125,172.125,NaN,NaN
1988-10-01T12:00:00Z,0.0,68.125,176.125,NaN,NaN
1988-10-01T12:00:00Z,0.0,68.125,180.125,NaN,NaN
1988-10-01T12:00:00Z,0.0,68.125,184.125,-1.12,-2.92
1988-10-01T12:00:00Z,0.0,68.125,188.125,1.99,-0.85
1988-10-01T12:00:00Z,0.0,68.125,192.125,3.71,-0.64
1988-10-01T12:00:00Z,0.0,68.125,196.125,NaN,NaN
1988-10-01T12:00:00Z,0.0,68.125,200.125,NaN,NaN
1988-10-01T12:00:00Z,0.0,68.125,204.125,NaN,NaN
1988-10-01T12:00:00Z,0.0,68.125,208.125,NaN,NaN
1988-10-01T12:00:00Z,0.0,68.125,212.125,NaN,NaN
1988-10-01T12:00:00Z,0.0,68.125,216.125,NaN,NaN
1988-10-01T12:00:00Z,0.0,68.125,220.125,NaN,NaN
1988-10-01T12:00:00Z,0.0,68.125,224.125,NaN,NaN
1988-10-01T12:00:00Z,0.0,68.125,228.125,NaN,NaN
1988-10-01T12:00:00Z,0.0,68.125,232.125,NaN,NaN
1988-10-01T12:00:00Z,0.0,68.125,236.125,NaN,NaN
1988-10-01T12:00:00Z,0.0,68.125,240.125,NaN,NaN
1988-10-01T12:00:00Z,0.0,68.125,244.125,NaN,NaN
1988-10-01T12:00:00Z,0.0,68.125,248.125,2.9,1.61
1988-10-01T12:00:00Z,0.0,68.125,252.125,0.27,0.26
1988-10-01T12:00:00Z,0.0,68.125,256.125,2.2,1.88
1988-10-01T12:00:00Z,0.0,68.125,260.125,1.9,1.62
1988-10-01T12:00:00Z,0.0,68.125,264.125,0.7,0.6
1988-10-01T12:00:00Z,0.0,68.125,268.125,NaN,NaN
1988-10-01T12:00:00Z,0.0,68.125,272.125,-0.71,0.06
1988-10-01T12:00:00Z,0.0,68.125,276.125,NaN,NaN
1988-10-01T12:00:00Z,0.0,68.125,280.125,0.11,-0.18
1988-10-01T12:00:00Z,0.0,68.125,284.125,NaN,NaN
1988-10-01T12:00:00Z,0.0,68.125,288.125,NaN,NaN
1988-10-01T12:00:00Z,0.0,68.125,292.125,NaN,NaN
1988-10-01T12:00:00Z,0.0,68.125,296.125,0.28,-0.78
1988-10-01T12:00:00Z,0.0,68.125,300.125,1.69,0.52
1988-10-01T12:00:00Z,0.0,68.125,304.125,3.21,0.53
1988-10-01T12:00:00Z,0.0,68.125,308.125,NaN,NaN
1988-10-01T12:00:00Z,0.0,68.125,312.125,NaN,NaN
1988-10-01T12:00:00Z,0.0,68.125,316.125,NaN,NaN
1988-10-01T12:00:00Z,0.0,68.125,320.125,NaN,NaN
1988-10-01T12:00:00Z,0.0,68.125,324.125,NaN,NaN
1988-10-01T12:00:00Z,0.0,68.125,328.125,-0.2,-0.44
1988-10-01T12:00:00Z,0.0,68.125,332.125,0.36,-0.36
1988-10-01T12:00:00Z,0.0,68.125,336.125,-0.29,-2.25
1988-10-01T12:00:00Z,0.0,68.125,340.125,2.37,-0.89
1988-10-01T12:00:00Z,0.0,68.125,344.125,4.02,-0.17
1988-10-01T12:00:00Z,0.0,68.125,348.125,3.86,-1.11
1988-10-01T12:00:00Z,0.0,68.125,352.125,6.0,-0.28
1988-10-01T12:00:00Z,0.0,68.125,356.125,8.59,0.74
1988-10-01T12:00:00Z,0.0,72.125,0.125,4.79,-1.04
1988-10-01T12:00:00Z,0.0,72.125,4.125,5.8,-0.69
1988-10-01T12:00:00Z,0.0,72.125,8.125,6.11,-0.99
1988-10-01T12:00:00Z,0.0,72.125,12.125,6.45,-0.89
1988-10-01T12:00:00Z,0.0,72.125,16.125,7.47,-0.11
1988-10-01T12:00:00Z,0.0,72.125,20.125,6.95,-0.17
1988-10-01T12:00:00Z,0.0,72.125,24.125,5.85,-1.35
1988-10-01T12:00:00Z,0.0,72.125,28.125,6.49,-0.58
1988-10-01T12:00:00Z,0.0,72.125,32.125,6.2,-0.39
1988-10-01T12:00:00Z,0.0,72.125,36.125,5.2,-0.89
1988-10-01T12:00:00Z,0.0,72.125,40.125,4.8,-0.79
1988-10-01T12:00:00Z,0.0,72.125,44.125,5.41,0.12
1988-10-01T12:00:00Z,0.0,72.125,48.125,4.83,-0.15
1988-10-01T12:00:00Z,0.0,72.125,52.125,4.74,0.74
1988-10-01T12:00:00Z,0.0,72.125,56.125,2.26,-0.44
1988-10-01T12:00:00Z,0.0,72.125,60.125,2.21,-0.6
1988-10-01T12:00:00Z,0.0,72.125,64.125,3.01,-0.21
1988-10-01T12:00:00Z,0.0,72.125,68.125,2.49,0.0
1988-10-01T12:00:00Z,0.0,72.125,72.125,NaN,NaN
1988-10-01T12:00:00Z,0.0,72.125,76.125,0.88,-0.48
1988-10-01T12:00:00Z,0.0,72.125,80.125,NaN,NaN
1988-10-01T12:00:00Z,0.0,72.125,84.125,NaN,NaN
1988-10-01T12:00:00Z,0.0,72.125,88.125,NaN,NaN
1988-10-01T12:00:00Z,0.0,72.125,92.125,NaN,NaN
1988-10-01T12:00:00Z,0.0,72.125,96.125,NaN,NaN
1988-10-01T12:00:00Z,0.0,72.125,100.125,NaN,NaN
1988-10-01T12:00:00Z,0.0,72.125,104.125,NaN,NaN
1988-10-01T12:00:00Z,0.0,72.125,108.125,NaN,NaN
1988-10-01T12:00:00Z,0.0,72.125,112.125,NaN,NaN
1988-10-01T12:00:00Z,0.0,72.125,116.125,NaN,NaN
1988-10-01T12:00:00Z,0.0,72.125,120.125,NaN,NaN
1988-10-01T12:00:00Z,0.0,72.125,124.125,NaN,NaN
1988-10-01T12:00:00Z,0.0,72.125,128.125,NaN,NaN
1988-10-01T12:00:00Z,0.0,72.125,132.125,1.2,-0.06
1988-10-01T12:00:00Z,0.0,72.125,136.125,1.04,0.11
1988-10-01T12:00:00Z,0.0,72.125,140.125,NaN,NaN
1988-10-01T12:00:00Z,0.0,72.125,144.125,NaN,NaN
1988-10-01T12:00:00Z,0.0,72.125,148.125,NaN,NaN
1988-10-01T12:00:00Z,0.0,72.125,152.125,0.34,-0.19
1988-10-01T12:00:00Z,0.0,72.125,156.125,0.15,-0.44
1988-10-01T12:00:00Z,0.0,72.125,160.125,0.48,0.14
1988-10-01T12:00:00Z,0.0,72.125,164.125,-0.3,-0.26
1988-10-01T12:00:00Z,0.0,72.125,168.125,-0.39,-0.06
1988-10-01T12:00:00Z,0.0,72.125,172.125,-0.81,-0.39
1988-10-01T12:00:00Z,0.0,72.125,176.125,-1.29,-0.87
1988-10-01T12:00:00Z,0.0,72.125,180.125,-1.55,-1.27
1988-10-01T12:00:00Z,0.0,72.125,184.125,-1.31,-1.83
1988-10-01T12:00:00Z,0.0,72.125,188.125,-0.27,-1.29
1988-10-01T12:00:00Z,0.0,72.125,192.125,-1.37,-2.5
1988-10-01T12:00:00Z,0.0,72.125,196.125,-0.43,-1.6
1988-10-01T12:00:00Z,0.0,72.125,200.125,-0.91,-1.63
1988-10-01T12:00:00Z,0.0,72.125,204.125,-1.2,-1.66
1988-10-01T12:00:00Z,0.0,72.125,208.125,-0.67,-0.94
1988-10-01T12:00:00Z,0.0,72.125,212.125,0.02,0.12
1988-10-01T12:00:00Z,0.0,72.125,216.125,-0.02,0.19
1988-10-01T12:00:00Z,0.0,72.125,220.125,-0.6,-0.29
1988-10-01T12:00:00Z,0.0,72.125,224.125,-0.54,0.04
1988-10-01T12:00:00Z,0.0,72.125,228.125,-0.34,0.01
1988-10-01T12:00:00Z,0.0,72.125,232.125,2.51,1.89
1988-10-01T12:00:00Z,0.0,72.125,236.125,NaN,NaN
1988-10-01T12:00:00Z,0.0,72.125,240.125,3.38,2.0
1988-10-01T12:00:00Z,0.0,72.125,244.125,NaN,NaN
1988-10-01T12:00:00Z,0.0,72.125,248.125,NaN,NaN
1988-10-01T12:00:00Z,0.0,72.125,252.125,-0.17,0.56
1988-10-01T12:00:00Z,0.0,72.125,256.125,-0.18,0.7
1988-10-01T12:00:00Z,0.0,72.125,260.125,NaN,NaN
1988-10-01T12:00:00Z,0.0,72.125,264.125,-0.92,-0.58
1988-10-01T12:00:00Z,0.0,72.125,268.125,-0.45,-0.45
1988-10-01T12:00:00Z,0.0,72.125,272.125,NaN,NaN
1988-10-01T12:00:00Z,0.0,72.125,276.125,NaN,NaN
1988-10-01T12:00:00Z,0.0,72.125,280.125,NaN,NaN
1988-10-01T12:00:00Z,0.0,72.125,284.125,NaN,NaN
1988-10-01T12:00:00Z,0.0,72.125,288.125,0.28,-1.04
1988-10-01T12:00:00Z,0.0,72.125,292.125,0.85,-0.65
1988-10-01T12:00:00Z,0.0,72.125,296.125,1.12,-0.23
1988-10-01T12:00:00Z,0.0,72.125,300.125,2.73,0.96
1988-10-01T12:00:00Z,0.0,72.125,304.125,1.74,-0.02
1988-10-01T12:00:00Z,0.0,72.125,308.125,NaN,NaN
1988-10-01T12:00:00Z,0.0,72.125,312.125,NaN,NaN
1988-10-01T12:00:00Z,0.0,72.125,316.125,NaN,NaN
1988-10-01T12:00:00Z,0.0,72.125,320.125,NaN,NaN
1988-10-01T12:00:00Z,0.0,72.125,324.125,NaN,NaN
1988-10-01T12:00:00Z,0.0,72.125,328.125,NaN,NaN
1988-10-01T12:00:00Z,0.0,72.125,332.125,NaN,NaN
1988-10-01T12:00:00Z,0.0,72.125,336.125,NaN,NaN
1988-10-01T12:00:00Z,0.0,72.125,340.125,-0.21,-0.5
1988-10-01T12:00:00Z,0.0,72.125,344.125,0.39,-1.14
1988-10-01T12:00:00Z,0.0,72.125,348.125,1.28,-1.92
1988-10-01T12:00:00Z,0.0,72.125,352.125,1.69,-2.57
1988-10-01T12:00:00Z,0.0,72.125,356.125,3.21,-2.01
1988-10-01T12:00:00Z,0.0,76.125,0.125,1.64,-1.47
1988-10-01T12:00:00Z,0.0,76.125,4.125,2.39,-2.31
1988-10-01T12:00:00Z,0.0,76.125,8.125,1.75,-3.36
1988-10-01T12:00:00Z,0.0,76.125,12.125,1.12,-3.37
1988-10-01T12:00:00Z,0.0,76.125,16.125,1.17,-2.68
1988-10-01T12:00:00Z,0.0,76.125,20.125,2.33,0.08
1988-10-01T12:00:00Z,0.0,76.125,24.125,0.28,-2.19
1988-10-01T12:00:00Z,0.0,76.125,28.125,1.9,-1.3
1988-10-01T12:00:00Z,0.0,76.125,32.125,2.35,-1.36
1988-10-01T12:00:00Z,0.0,76.125,36.125,2.35,-1.16
1988-10-01T12:00:00Z,0.0,76.125,40.125,1.8,-1.6
1988-10-01T12:00:00Z,0.0,76.125,44.125,2.16,-1.46
1988-10-01T12:00:00Z,0.0,76.125,48.125,1.43,-2.13
1988-10-01T12:00:00Z,0.0,76.125,52.125,1.82,-0.97
1988-10-01T12:00:00Z,0.0,76.125,56.125,1.75,-0.52
1988-10-01T12:00:00Z,0.0,76.125,60.125,2.78,0.87
1988-10-01T12:00:00Z,0.0,76.125,64.125,NaN,NaN
1988-10-01T12:00:00Z,0.0,76.125,68.125,2.17,0.39
1988-10-01T12:00:00Z,0.0,76.125,72.125,1.1,-0.65
1988-10-01T12:00:00Z,0.0,76.125,76.125,1.09,-0.46
1988-10-01T12:00:00Z,0.0,76.125,80.125,0.17,-1.04
1988-10-01T12:00:00Z,0.0,76.125,84.125,-0.57,-1.43
1988-10-01T12:00:00Z,0.0,76.125,88.125,-0.78,-1.29
1988-10-01T12:00:00Z,0.0,76.125,92.125,-1.02,-1.13
1988-10-01T12:00:00Z,0.0,76.125,96.125,NaN,NaN
1988-10-01T12:00:00Z,0.0,76.125,100.125,NaN,NaN
1988-10-01T12:00:00Z,0.0,76.125,104.125,NaN,NaN
1988-10-01T12:00:00Z,0.0,76.125,108.125,NaN,NaN
1988-10-01T12:00:00Z,0.0,76.125,112.125,NaN,NaN
1988-10-01T12:00:00Z,0.0,76.125,116.125,-1.34,-1.28
1988-10-01T12:00:00Z,0.0,76.125,120.125,-1.41,-1.57
1988-10-01T12:00:00Z,0.0,76.125,124.125,-1.0,-1.42
1988-10-01T12:00:00Z,0.0,76.125,128.125,-0.88,-1.48
1988-10-01T12:00:00Z,0.0,76.125,132.125,-0.76,-1.35
1988-10-01T12:00:00Z,0.0,76.125,136.125,-0.41,-0.87
1988-10-01T12:00:00Z,0.0,76.125,140.125,-0.63,-1.0
1988-10-01T12:00:00Z,0.0,76.125,144.125,-1.01,-1.15
1988-10-01T12:00:00Z,0.0,76.125,148.125,-1.2,-1.11
1988-10-01T12:00:00Z,0.0,76.125,152.125,-1.36,-0.97
1988-10-01T12:00:00Z,0.0,76.125,156.125,-1.36,-0.69
1988-10-01T12:00:00Z,0.0,76.125,160.125,-1.38,-0.43
1988-10-01T12:00:00Z,0.0,76.125,164.125,-1.37,-0.2
1988-10-01T12:00:00Z,0.0,76.125,168.125,-1.31,0.13
1988-10-01T12:00:00Z,0.0,76.125,172.125,-1.33,0.31
1988-10-01T12:00:00Z,0.0,76.125,176.125,-1.31,0.37
1988-10-01T12:00:00Z,0.0,76.125,180.125,-1.3,0.3
1988-10-01T12:00:00Z,0.0,76.125,184.125,-1.27,0.25
1988-10-01T12:00:00Z,0.0,76.125,188.125,-1.22,0.24
1988-10-01T12:00:00Z,0.0,76.125,192.125,-1.33,0.11
1988-10-01T12:00:00Z,0.0,76.125,196.125,-1.41,0.06
1988-10-01T12:00:00Z,0.0,76.125,200.125,-1.54,-0.04
1988-10-01T12:00:00Z,0.0,76.125,204.125,-1.27,0.25
1988-10-01T12:00:00Z,0.0,76.125,208.125,-1.35,0.23
1988-10-01T12:00:00Z,0.0,76.125,212.125,-1.29,0.34
1988-10-01T12:00:00Z,0.0,76.125,216.125,-1.07,0.65
1988-10-01T12:00:00Z,0.0,76.125,220.125,-1.05,0.7
1988-10-01T12:00:00Z,0.0,76.125,224.125,-1.09,0.65
1988-10-01T12:00:00Z,0.0,76.125,228.125,-1.26,0.49
1988-10-01T12:00:00Z,0.0,76.125,232.125,-1.24,0.5
1988-10-01T12:00:00Z,0.0,76.125,236.125,-1.13,0.3
1988-10-01T12:00:00Z,0.0,76.125,240.125,NaN,NaN
1988-10-01T12:00:00Z,0.0,76.125,244.125,NaN,NaN
1988-10-01T12:00:00Z,0.0,76.125,248.125,-0.72,0.61
1988-10-01T12:00:00Z,0.0,76.125,252.125,-0.55,0.66
1988-10-01T12:00:00Z,0.0,76.125,256.125,NaN,NaN
1988-10-01T12:00:00Z,0.0,76.125,260.125,NaN,NaN
1988-10-01T12:00:00Z,0.0,76.125,264.125,0.11,0.63
1988-10-01T12:00:00Z,0.0,76.125,268.125,NaN,NaN
1988-10-01T12:00:00Z,0.0,76.125,272.125,-1.11,-0.78
1988-10-01T12:00:00Z,0.0,76.125,276.125,-1.07,-1.16
1988-10-01T12:00:00Z,0.0,76.125,280.125,-0.17,-0.38
1988-10-01T12:00:00Z,0.0,76.125,284.125,0.08,-0.2
1988-10-01T12:00:00Z,0.0,76.125,288.125,0.51,0.1
1988-10-01T12:00:00Z,0.0,76.125,292.125,NaN,NaN
1988-10-01T12:00:00Z,0.0,76.125,296.125,1.61,0.82
1988-10-01T12:00:00Z,0.0,76.125,300.125,NaN,NaN
1988-10-01T12:00:00Z,0.0,76.125,304.125,NaN,NaN
1988-10-01T12:00:00Z,0.0,76.125,308.125,NaN,NaN
1988-10-01T12:00:00Z,0.0,76.125,312.125,NaN,NaN
1988-10-01T12:00:00Z,0.0,76.125,316.125,NaN,NaN
1988-10-01T12:00:00Z,0.0,76.125,320.125,NaN,NaN
1988-10-01T12:00:00Z,0.0,76.125,324.125,NaN,NaN
1988-10-01T12:00:00Z,0.0,76.125,328.125,NaN,NaN
1988-10-01T12:00:00Z,0.0,76.125,332.125,NaN,NaN
1988-10-01T12:00:00Z,0.0,76.125,336.125,NaN,NaN
1988-10-01T12:00:00Z,0.0,76.125,340.125,NaN,NaN
1988-10-01T12:00:00Z,0.0,76.125,344.125,-1.5,-0.89
1988-10-01T12:00:00Z,0.0,76.125,348.125,-1.53,-1.68
1988-10-01T12:00:00Z,0.0,76.125,352.125,-0.26,-1.18
1988-10-01T12:00:00Z,0.0,76.125,356.125,1.74,-0.07
1988-10-01T12:00:00Z,0.0,80.125,0.125,-1.42,-1.65
1988-10-01T12:00:00Z,0.0,80.125,4.125,0.85,-0.44
1988-10-01T12:00:00Z,0.0,80.125,8.125,1.09,-0.5
1988-10-01T12:00:00Z,0.0,80.125,12.125,1.33,-0.18
1988-10-01T12:00:00Z,0.0,80.125,16.125,1.13,-0.41
1988-10-01T12:00:00Z,0.0,80.125,20.125,NaN,NaN
1988-10-01T12:00:00Z,0.0,80.125,24.125,NaN,NaN
1988-10-01T12:00:00Z,0.0,80.125,28.125,-0.55,-1.21
1988-10-01T12:00:00Z,0.0,80.125,32.125,-0.52,-0.98
1988-10-01T12:00:00Z,0.0,80.125,36.125,-0.81,-1.07
1988-10-01T12:00:00Z,0.0,80.125,40.125,-0.96,-1.17
1988-10-01T12:00:00Z,0.0,80.125,44.125,-0.7,-1.32
1988-10-01T12:00:00Z,0.0,80.125,48.125,0.08,-0.91
1988-10-01T12:00:00Z,0.0,80.125,52.125,-0.09,-1.01
1988-10-01T12:00:00Z,0.0,80.125,56.125,NaN,NaN
1988-10-01T12:00:00Z,0.0,80.125,60.125,-0.98,-1.69
1988-10-01T12:00:00Z,0.0,80.125,64.125,-1.47,-1.84
1988-10-01T12:00:00Z,0.0,80.125,68.125,-1.59,-1.53
1988-10-01T12:00:00Z,0.0,80.125,72.125,-1.37,-1.32
1988-10-01T12:00:00Z,0.0,80.125,76.125,-1.45,-1.52
1988-10-01T12:00:00Z,0.0,80.125,80.125,-1.67,-1.34
1988-10-01T12:00:00Z,0.0,80.125,84.125,-1.77,-0.91
1988-10-01T12:00:00Z,0.0,80.125,88.125,-1.67,-0.69
1988-10-01T12:00:00Z,0.0,80.125,92.125,-1.2,-0.41
1988-10-01T12:00:00Z,0.0,80.125,96.125,NaN,NaN
1988-10-01T12:00:00Z,0.0,80.125,100.125,-0.82,0.08
1988-10-01T12:00:00Z,0.0,80.125,104.125,-1.62,-0.54
1988-10-01T12:00:00Z,0.0,80.125,108.125,-1.77,-0.44
1988-10-01T12:00:00Z,0.0,80.125,112.125,-1.64,-0.15
1988-10-01T12:00:00Z,0.0,80.125,116.125,-1.62,-0.08
1988-10-01T12:00:00Z,0.0,80.125,120.125,-1.63,-0.12
1988-10-01T12:00:00Z,0.0,80.125,124.125,-1.59,-0.13
1988-10-01T12:00:00Z,0.0,80.125,128.125,-1.62,-0.2
1988-10-01T12:00:00Z,0.0,80.125,132.125,-1.65,-0.27
1988-10-01T12:00:00Z,0.0,80.125,136.125,-1.59,-0.25
1988-10-01T12:00:00Z,0.0,80.125,140.125,-1.53,-0.14
1988-10-01T12:00:00Z,0.0,80.125,144.125,-1.54,-0.02
1988-10-01T12:00:00Z,0.0,80.125,148.125,-1.62,-0.01
1988-10-01T12:00:00Z,0.0,80.125,152.125,-1.6,0.07
1988-10-01T12:00:00Z,0.0,80.125,156.125,-1.47,0.22
1988-10-01T12:00:00Z,0.0,80.125,160.125,-1.44,0.27
1988-10-01T12:00:00Z,0.0,80.125,164.125,-1.42,0.31
1988-10-01T12:00:00Z,0.0,80.125,168.125,-1.38,0.37
1988-10-01T12:00:00Z,0.0,80.125,172.125,-1.46,0.29
1988-10-01T12:00:00Z,0.0,80.125,176.125,-1.46,0.28
1988-10-01T12:00:00Z,0.0,80.125,180.125,-1.49,0.25
1988-10-01T12:00:00Z,0.0,80.125,184.125,-1.54,0.2
1988-10-01T12:00:00Z,0.0,80.125,188.125,-1.5,0.25
1988-10-01T12:00:00Z,0.0,80.125,192.125,-1.51,0.24
1988-10-01T12:00:00Z,0.0,80.125,196.125,-1.46,0.29
1988-10-01T12:00:00Z,0.0,80.125,200.125,-1.45,0.3
1988-10-01T12:00:00Z,0.0,80.125,204.125,-1.43,0.31
1988-10-01T12:00:00Z,0.0,80.125,208.125,-1.42,0.32
1988-10-01T12:00:00Z,0.0,80.125,212.125,-1.39,0.36
1988-10-01T12:00:00Z,0.0,80.125,216.125,-1.28,0.48
1988-10-01T12:00:00Z,0.0,80.125,220.125,-1.32,0.45
1988-10-01T12:00:00Z,0.0,80.125,224.125,-1.36,0.41
1988-10-01T12:00:00Z,0.0,80.125,228.125,-1.43,0.33
1988-10-01T12:00:00Z,0.0,80.125,232.125,-1.33,0.44
1988-10-01T12:00:00Z,0.0,80.125,236.125,-1.34,0.42
1988-10-01T12:00:00Z,0.0,80.125,240.125,-1.36,0.38
1988-10-01T12:00:00Z,0.0,80.125,244.125,-1.27,0.47
1988-10-01T12:00:00Z,0.0,80.125,248.125,-1.13,0.62
1988-10-01T12:00:00Z,0.0,80.125,252.125,-1.09,0.67
1988-10-01T12:00:00Z,0.0,80.125,256.125,-1.23,0.48
1988-10-01T12:00:00Z,0.0,80.125,260.125,-1.37,0.3
1988-10-01T12:00:00Z,0.0,80.125,264.125,NaN,NaN
1988-10-01T12:00:00Z,0.0,80.125,268.125,NaN,NaN
1988-10-01T12:00:00Z,0.0,80.125,272.125,NaN,NaN
1988-10-01T12:00:00Z,0.0,80.125,276.125,NaN,NaN
1988-10-01T12:00:00Z,0.0,80.125,280.125,NaN,NaN
1988-10-01T12:00:00Z,0.0,80.125,284.125,NaN,NaN
1988-10-01T12:00:00Z,0.0,80.125,288.125,NaN,NaN
1988-10-01T12:00:00Z,0.0,80.125,292.125,0.46,1.59
1988-10-01T12:00:00Z,0.0,80.125,296.125,NaN,NaN
1988-10-01T12:00:00Z,0.0,80.125,300.125,NaN,NaN
1988-10-01T12:00:00Z,0.0,80.125,304.125,NaN,NaN
1988-10-01T12:00:00Z,0.0,80.125,308.125,NaN,NaN
1988-10-01T12:00:00Z,0.0,80.125,312.125,NaN,NaN
1988-10-01T12:00:00Z,0.0,80.125,316.125,NaN,NaN
1988-10-01T12:00:00Z,0.0,80.125,320.125,NaN,NaN
1988-10-01T12:00:00Z,0.0,80.125,324.125,NaN,NaN
1988-10-01T12:00:00Z,0.0,80.125,328.125,NaN,NaN
1988-10-01T12:00:00Z,0.0,80.125,332.125,NaN,NaN
1988-10-01T12:00:00Z,0.0,80.125,336.125,NaN,NaN
1988-10-01T12:00:00Z,0.0,80.125,340.125,NaN,NaN
1988-10-01T12:00:00Z,0.0,80.125,344.125,-1.35,-0.29
1988-10-01T12:00:00Z,0.0,80.125,348.125,-1.65,-0.9
1988-10-01T12:00:00Z,0.0,80.125,352.125,-1.61,-0.69
1988-10-01T12:00:00Z,0.0,80.125,356.125,-1.74,-1.06
1988-10-01T12:00:00Z,0.0,84.125,0.125,-1.66,0.05
1988-10-01T12:00:00Z,0.0,84.125,4.125,-1.66,0.04
1988-10-01T12:00:00Z,0.0,84.125,8.125,-1.68,-0.01
1988-10-01T12:00:00Z,0.0,84.125,12.125,-1.7,-0.1
1988-10-01T12:00:00Z,0.0,84.125,16.125,-1.7,-0.15
1988-10-01T12:00:00Z,0.0,84.125,20.125,-1.69,-0.09
1988-10-01T12:00:00Z,0.0,84.125,24.125,-1.68,-0.08
1988-10-01T12:00:00Z,0.0,84.125,28.125,-1.69,-0.05
1988-10-01T12:00:00Z,0.0,84.125,32.125,-1.63,0.03
1988-10-01T12:00:00Z,0.0,84.125,36.125,-1.65,0.01
1988-10-01T12:00:00Z,0.0,84.125,40.125,-1.66,-0.01
1988-10-01T12:00:00Z,0.0,84.125,44.125,-1.6,0.04
1988-10-01T12:00:00Z,0.0,84.125,48.125,-1.54,0.1
1988-10-01T12:00:00Z,0.0,84.125,52.125,-1.52,0.15
1988-10-01T12:00:00Z,0.0,84.125,56.125,-1.53,0.13
1988-10-01T12:00:00Z,0.0,84.125,60.125,-1.55,0.09
1988-10-01T12:00:00Z,0.0,84.125,64.125,-1.54,0.11
1988-10-01T12:00:00Z,0.0,84.125,68.125,-1.51,0.15
1988-10-01T12:00:00Z,0.0,84.125,72.125,-1.52,0.15
1988-10-01T12:00:00Z,0.0,84.125,76.125,-1.53,0.16
1988-10-01T12:00:00Z,0.0,84.125,80.125,-1.57,0.14
1988-10-01T12:00:00Z,0.0,84.125,84.125,-1.61,0.11
1988-10-01T12:00:00Z,0.0,84.125,88.125,-1.64,0.1
1988-10-01T12:00:00Z,0.0,84.125,92.125,-1.65,0.04
1988-10-01T12:00:00Z,0.0,84.125,96.125,-1.66,-0.02
1988-10-01T12:00:00Z,0.0,84.125,100.125,-1.66,0.07
1988-10-01T12:00:00Z,0.0,84.125,104.125,-1.66,0.11
1988-10-01T12:00:00Z,0.0,84.125,108.125,-1.67,0.1
1988-10-01T12:00:00Z,0.0,84.125,112.125,-1.68,0.08
1988-10-01T12:00:00Z,0.0,84.125,116.125,-1.68,0.08
1988-10-01T12:00:00Z,0.0,84.125,120.125,-1.71,0.05
1988-10-01T12:00:00Z,0.0,84.125,124.125,-1.74,0.01
1988-10-01T12:00:00Z,0.0,84.125,128.125,-1.77,-0.02
1988-10-01T12:00:00Z,0.0,84.125,132.125,-1.78,-0.03
1988-10-01T12:00:00Z,0.0,84.125,136.125,-1.79,-0.05
1988-10-01T12:00:00Z,0.0,84.125,140.125,-1.77,-0.04
1988-10-01T12:00:00Z,0.0,84.125,144.125,-1.75,-0.02
1988-10-01T12:00:00Z,0.0,84.125,148.125,-1.75,-0.01
1988-10-01T12:00:00Z,0.0,84.125,152.125,-1.73,0.01
1988-10-01T12:00:00Z,0.0,84.125,156.125,-1.73,0.01
1988-10-01T12:00:00Z,0.0,84.125,160.125,-1.72,0.02
1988-10-01T12:00:00Z,0.0,84.125,164.125,-1.72,0.03
1988-10-01T12:00:00Z,0.0,84.125,168.125,-1.75,0.01
1988-10-01T12:00:00Z,0.0,84.125,172.125,-1.75,0.01
1988-10-01T12:00:00Z,0.0,84.125,176.125,-1.74,0.03
1988-10-01T12:00:00Z,0.0,84.125,180.125,-1.7,0.08
1988-10-01T12:00:00Z,0.0,84.125,184.125,-1.65,0.12
1988-10-01T12:00:00Z,0.0,84.125,188.125,-1.63,0.13
1988-10-01T12:00:00Z,0.0,84.125,192.125,-1.6,0.17
1988-10-01T12:00:00Z,0.0,84.125,196.125,-1.54,0.24
1988-10-01T12:00:00Z,0.0,84.125,200.125,-1.46,0.32
1988-10-01T12:00:00Z,0.0,84.125,204.125,-1.38,0.41
1988-10-01T12:00:00Z,0.0,84.125,208.125,-1.34,0.44
1988-10-01T12:00:00Z,0.0,84.125,212.125,-1.33,0.45
1988-10-01T12:00:00Z,0.0,84.125,216.125,-1.34,0.44
1988-10-01T12:00:00Z,0.0,84.125,220.125,-1.35,0.41
1988-10-01T12:00:00Z,0.0,84.125,224.125,-1.37,0.4
1988-10-01T12:00:00Z,0.0,84.125,228.125,-1.39,0.37
1988-10-01T12:00:00Z,0.0,84.125,232.125,-1.43,0.33
1988-10-01T12:00:00Z,0.0,84.125,236.125,-1.38,0.39
1988-10-01T12:00:00Z,0.0,84.125,240.125,-1.3,0.48
1988-10-01T12:00:00Z,0.0,84.125,244.125,-1.24,0.55
1988-10-01T12:00:00Z,0.0,84.125,248.125,-1.14,0.64
1988-10-01T12:00:00Z,0.0,84.125,252.125,-1.09,0.7
1988-10-01T12:00:00Z,0.0,84.125,256.125,-1.03,0.76
1988-10-01T12:00:00Z,0.0,84.125,260.125,-1.03,0.75
1988-10-01T12:00:00Z,0.0,84.125,264.125,-1.06,0.71
1988-10-01T12:00:00Z,0.0,84.125,268.125,-1.04,0.73
1988-10-01T12:00:00Z,0.0,84.125,272.125,-1.04,0.73
1988-10-01T12:00:00Z,0.0,84.125,276.125,-1.23,0.55
1988-10-01T12:00:00Z,0.0,84.125,280.125,-1.49,0.28
1988-10-01T12:00:00Z,0.0,84.125,284.125,-1.68,0.1
1988-10-01T12:00:00Z,0.0,84.125,288.125,-1.74,0.04
1988-10-01T12:00:00Z,0.0,84.125,292.125,-1.75,0.03
1988-10-01T12:00:00Z,0.0,84.125,296.125,-1.76,0.02
1988-10-01T12:00:00Z,0.0,84.125,300.125,-1.78,0.01
1988-10-01T12:00:00Z,0.0,84.125,304.125,-1.73,0.06
1988-10-01T12:00:00Z,0.0,84.125,308.125,-1.68,0.1
1988-10-01T12:00:00Z,0.0,84.125,312.125,-1.72,0.05
1988-10-01T12:00:00Z,0.0,84.125,316.125,-1.77,-0.06
1988-10-01T12:00:00Z,0.0,84.125,320.125,-1.8,-0.12
1988-10-01T12:00:00Z,0.0,84.125,324.125,-1.77,-0.11
1988-10-01T12:00:00Z,0.0,84.125,328.125,-1.75,-0.23
1988-10-01T12:00:00Z,0.0,84.125,332.125,-1.77,-0.27
1988-10-01T12:00:00Z,0.0,84.125,336.125,-1.75,-0.17
1988-10-01T12:00:00Z,0.0,84.125,340.125,-1.74,-0.14
1988-10-01T12:00:00Z,0.0,84.125,344.125,-1.75,-0.15
1988-10-01T12:00:00Z,0.0,84.125,348.125,-1.75,-0.1
1988-10-01T12:00:00Z,0.0,84.125,352.125,-1.72,-0.04
1988-10-01T12:00:00Z,0.0,84.125,356.125,-1.68,0.01
1988-10-01T12:00:00Z,0.0,88.125,0.125,-1.58,0.2
1988-10-01T12:00:00Z,0.0,88.125,4.125,-1.58,0.19
1988-10-01T12:00:00Z,0.0,88.125,8.125,-1.58,0.18
1988-10-01T12:00:00Z,0.0,88.125,12.125,-1.59,0.18
1988-10-01T12:00:00Z,0.0,88.125,16.125,-1.59,0.17
1988-10-01T12:00:00Z,0.0,88.125,20.125,-1.59,0.17
1988-10-01T12:00:00Z,0.0,88.125,24.125,-1.59,0.17
1988-10-01T12:00:00Z,0.0,88.125,28.125,-1.59,0.18
1988-10-01T12:00:00Z,0.0,88.125,32.125,-1.58,0.19
1988-10-01T12:00:00Z,0.0,88.125,36.125,-1.58,0.2
1988-10-01T12:00:00Z,0.0,88.125,40.125,-1.59,0.2
1988-10-01T12:00:00Z,0.0,88.125,44.125,-1.58,0.2
1988-10-01T12:00:00Z,0.0,88.125,48.125,-1.57,0.2
1988-10-01T12:00:00Z,0.0,88.125,52.125,-1.57,0.2
1988-10-01T12:00:00Z,0.0,88.125,56.125,-1.57,0.2
1988-10-01T12:00:00Z,0.0,88.125,60.125,-1.57,0.2
1988-10-01T12:00:00Z,0.0,88.125,64.125,-1.57,0.2
1988-10-01T12:00:00Z,0.0,88.125,68.125,-1.56,0.21
1988-10-01T12:00:00Z,0.0,88.125,72.125,-1.56,0.21
1988-10-01T12:00:00Z,0.0,88.125,76.125,-1.56,0.21
1988-10-01T12:00:00Z,0.0,88.125,80.125,-1.57,0.21
1988-10-01T12:00:00Z,0.0,88.125,84.125,-1.58,0.2
1988-10-01T12:00:00Z,0.0,88.125,88.125,-1.58,0.2
1988-10-01T12:00:00Z,0.0,88.125,92.125,-1.58,0.2
1988-10-01T12:00:00Z,0.0,88.125,96.125,-1.59,0.2
1988-10-01T12:00:00Z,0.0,88.125,100.125,-1.59,0.2
1988-10-01T12:00:00Z,0.0,88.125,104.125,-1.59,0.2
1988-10-01T12:00:00Z,0.0,88.125,108.125,-1.59,0.2
1988-10-01T12:00:00Z,0.0,88.125,112.125,-1.59,0.2
1988-10-01T12:00:00Z,0.0,88.125,116.125,-1.59,0.2
1988-10-01T12:00:00Z,0.0,88.125,120.125,-1.59,0.2
1988-10-01T12:00:00Z,0.0,88.125,124.125,-1.6,0.19
1988-10-01T12:00:00Z,0.0,88.125,128.125,-1.6,0.19
1988-10-01T12:00:00Z,0.0,88.125,132.125,-1.6,0.19
1988-10-01T12:00:00Z,0.0,88.125,136.125,-1.6,0.19
1988-10-01T12:00:00Z,0.0,88.125,140.125,-1.6,0.19
1988-10-01T12:00:00Z,0.0,88.125,144.125,-1.6,0.19
1988-10-01T12:00:00Z,0.0,88.125,148.125,-1.6,0.2
1988-10-01T12:00:00Z,0.0,88.125,152.125,-1.59,0.2
1988-10-01T12:00:00Z,0.0,88.125,156.125,-1.6,0.2
1988-10-01T12:00:00Z,0.0,88.125,160.125,-1.6,0.2
1988-10-01T12:00:00Z,0.0,88.125,164.125,-1.6,0.2
1988-10-01T12:00:00Z,0.0,88.125,168.125,-1.6,0.2
1988-10-01T12:00:00Z,0.0,88.125,172.125,-1.6,0.2
1988-10-01T12:00:00Z,0.0,88.125,176.125,-1.6,0.2
1988-10-01T12:00:00Z,0.0,88.125,180.125,-1.59,0.2
1988-10-01T12:00:00Z,0.0,88.125,184.125,-1.59,0.21
1988-10-01T12:00:00Z,0.0,88.125,188.125,-1.59,0.21
1988-10-01T12:00:00Z,0.0,88.125,192.125,-1.58,0.21
1988-10-01T12:00:00Z,0.0,88.125,196.125,-1.58,0.22
1988-10-01T12:00:00Z,0.0,88.125,200.125,-1.56,0.23
1988-10-01T12:00:00Z,0.0,88.125,204.125,-1.55,0.25
1988-10-01T12:00:00Z,0.0,88.125,208.125,-1.55,0.25
1988-10-01T12:00:00Z,0.0,88.125,212.125,-1.55,0.25
1988-10-01T12:00:00Z,0.0,88.125,216.125,-1.55,0.25
1988-10-01T12:00:00Z,0.0,88.125,220.125,-1.55,0.25
1988-10-01T12:00:00Z,0.0,88.125,224.125,-1.55,0.25
1988-10-01T12:00:00Z,0.0,88.125,228.125,-1.55,0.24
1988-10-01T12:00:00Z,0.0,88.125,232.125,-1.56,0.24
1988-10-01T12:00:00Z,0.0,88.125,236.125,-1.55,0.24
1988-10-01T12:00:00Z,0.0,88.125,240.125,-1.54,0.25
1988-10-01T12:00:00Z,0.0,88.125,244.125,-1.53,0.26
1988-10-01T12:00:00Z,0.0,88.125,248.125,-1.52,0.28
1988-10-01T12:00:00Z,0.0,88.125,252.125,-1.51,0.29
1988-10-01T12:00:00Z,0.0,88.125,256.125,-1.5,0.3
1988-10-01T12:00:00Z,0.0,88.125,260.125,-1.5,0.3
1988-10-01T12:00:00Z,0.0,88.125,264.125,-1.5,0.3
1988-10-01T12:00:00Z,0.0,88.125,268.125,-1.5,0.3
1988-10-01T12:00:00Z,0.0,88.125,272.125,-1.5,0.3
1988-10-01T12:00:00Z,0.0,88.125,276.125,-1.52,0.28
1988-10-01T12:00:00Z,0.0,88.125,280.125,-1.55,0.25
1988-10-01T12:00:00Z,0.0,88.125,284.125,-1.58,0.22
1988-10-01T12:00:00Z,0.0,88.125,288.125,-1.59,0.2
1988-10-01T12:00:00Z,0.0,88.125,292.125,-1.59,0.2
1988-10-01T12:00:00Z,0.0,88.125,296.125,-1.6,0.2
1988-10-01T12:00:00Z,0.0,88.125,300.125,-1.6,0.19
1988-10-01T12:00:00Z,0.0,88.125,304.125,-1.6,0.2
1988-10-01T12:00:00Z,0.0,88.125,308.125,-1.6,0.2
1988-10-01T12:00:00Z,0.0,88.125,312.125,-1.6,0.19
1988-10-01T12:00:00Z,0.0,88.125,316.125,-1.6,0.19
1988-10-01T12:00:00Z,0.0,88.125,320.125,-1.61,0.18
1988-10-01T12:00:00Z,0.0,88.125,324.125,-1.6,0.18
1988-10-01T12:00:00Z,0.0,88.125,328.125,-1.6,0.18
1988-10-01T12:00:00Z,0.0,88.125,332.125,-1.6,0.18
1988-10-01T12:00:00Z,0.0,88.125,336.125,-1.59,0.2
1988-10-01T12:00:00Z,0.0,88.125,340.125,-1.59,0.2
1988-10-01T12:00:00Z,0.0,88.125,344.125,-1.59,0.19
1988-10-01T12:00:00Z,0.0,88.125,348.125,-1.59,0.18
1988-10-01T12:00:00Z,0.0,88.125,352.125,-1.59,0.19
1988-10-01T12:00:00Z,0.0,88.125,356.125,-1.58,0.2
