2000-01-01T12:00:00Z,0.0,-87.875,0.125,NaN,NaN
2000-01-01T12:00:00Z,0.0,-87.875,4.125,NaN,NaN
2000-01-01T12:00:00Z,0.0,-87.875,8.125,NaN,NaN
2000-01-01T12:00:00Z,0.0,-87.875,12.125,NaN,NaN
2000-01-01T12:00:00Z,0.0,-87.875,16.125,NaN,NaN
2000-01-01T12:00:00Z,0.0,-87.875,20.125,NaN,NaN
2000-01-01T12:00:00Z,0.0,-87.875,24.125,NaN,NaN
2000-01-01T12:00:00Z,0.0,-87.875,28.125,NaN,NaN
2000-01-01T12:00:00Z,0.0,-87.875,32.125,NaN,NaN
2000-01-01T12:00:00Z,0.0,-87.875,36.125,NaN,NaN
2000-01-01T12:00:00Z,0.0,-87.875,40.125,NaN,NaN
2000-01-01T12:00:00Z,0.0,-87.875,44.125,NaN,NaN
2000-01-01T12:00:00Z,0.0,-87.875,48.125,NaN,NaN
2000-01-01T12:00:00Z,0.0,-87.875,52.125,NaN,NaN
2000-01-01T12:00:00Z,0.0,-87.875,56.125,NaN,NaN
2000-01-01T12:00:00Z,0.0,-87.875,60.125,NaN,NaN
2000-01-01T12:00:00Z,0.0,-87.875,64.125,NaN,NaN
2000-01-01T12:00:00Z,0.0,-87.875,68.125,NaN,NaN
2000-01-01T12:00:00Z,0.0,-87.875,72.125,NaN,NaN
2000-01-01T12:00:00Z,0.0,-87.875,76.125,NaN,NaN
2000-01-01T12:00:00Z,0.0,-87.875,80.125,NaN,NaN
2000-01-01T12:00:00Z,0.0,-87.875,84.125,NaN,NaN
2000-01-01T12:00:00Z,0.0,-87.875,88.125,NaN,NaN
2000-01-01T12:00:00Z,0.0,-87.875,92.125,NaN,NaN
2000-01-01T12:00:00Z,0.0,-87.875,96.125,NaN,NaN
2000-01-01T12:00:00Z,0.0,-87.875,100.125,NaN,NaN
2000-01-01T12:00:00Z,0.0,-87.875,104.125,NaN,NaN
2000-01-01T12:00:00Z,0.0,-87.875,108.125,NaN,NaN
2000-01-01T12:00:00Z,0.0,-87.875,112.125,NaN,NaN
2000-01-01T12:00:00Z,0.0,-87.875,116.125,NaN,NaN
2000-01-01T12:00:00Z,0.0,-87.875,120.125,NaN,NaN
2000-01-01T12:00:00Z,0.0,-87.875,124.125,NaN,NaN
2000-01-01T12:00:00Z,0.0,-87.875,128.125,NaN,NaN
2000-01-01T12:00:00Z,0.0,-87.875,132.125,NaN,NaN
2000-01-01T12:00:00Z,0.0,-87.875,136.125,NaN,NaN
2000-01-01T12:00:00Z,0.0,-87.875,140.125,NaN,NaN
2000-01-01T12:00:00Z,0.0,-87.875,144.125,NaN,NaN
2000-01-01T12:00:00Z,0.0,-87.875,148.125,NaN,NaN
2000-01-01T12:00:00Z,0.0,-87.875,152.125,NaN,NaN
2000-01-01T12:00:00Z,0.0,-87.875,156.125,NaN,NaN
2000-01-01T12:00:00Z,0.0,-87.875,160.125,NaN,NaN
2000-01-01T12:00:00Z,0.0,-87.875,164.125,NaN,NaN
2000-01-01T12:00:00Z,0.0,-87.875,168.125,NaN,NaN
2000-01-01T12:00:00Z,0.0,-87.875,172.125,NaN,NaN
2000-01-01T12:00:00Z,0.0,-87.875,176.125,NaN,NaN
2000-01-01T12:00:00Z,0.0,-87.875,180.125,NaN,NaN
2000-01-01T12:00:00Z,0.0,-87.875,184.125,NaN,NaN
2000-01-01T12:00:00Z,0.0,-87.875,188.125,NaN,NaN
2000-01-01T12:00:00Z,0.0,-87.875,192.125,NaN,NaN
2000-01-01T12:00:00Z,0.0,-87.875,196.125,NaN,NaN
2000-01-01T12:00:00Z,0.0,-87.875,200.125,NaN,NaN
2000-01-01T12:00:00Z,0.0,-87.875,204.125,NaN,NaN
2000-01-01T12:00:00Z,0.0,-87.875,208.125,NaN,NaN
2000-01-01T12:00:00Z,0.0,-87.875,212.125,NaN,NaN
2000-01-01T12:00:00Z,0.0,-87.875,216.125,NaN,NaN
2000-01-01T12:00:00Z,0.0,-87.875,220.125,NaN,NaN
2000-01-01T12:00:00Z,0.0,-87.875,224.125,NaN,NaN
2000-01-01T12:00:00Z,0.0,-87.875,228.125,NaN,NaN
2000-01-01T12:00:00Z,0.0,-87.875,232.125,NaN,NaN
2000-01-01T12:00:00Z,0.0,-87.875,236.125,NaN,NaN
2000-01-01T12:00:00Z,0.0,-87.875,240.125,NaN,NaN
2000-01-01T12:00:00Z,0.0,-87.875,244.125,NaN,NaN
2000-01-01T12:00:00Z,0.0,-87.875,248.125,NaN,NaN
2000-01-01T12:00:00Z,0.0,-87.875,252.125,NaN,NaN
2000-01-01T12:00:00Z,0.0,-87.875,256.125,NaN,NaN
2000-01-01T12:00:00Z,0.0,-87.875,260.125,NaN,NaN
2000-01-01T12:00:00Z,0.0,-87.875,264.125,NaN,NaN
2000-01-01T12:00:00Z,0.0,-87.875,268.125,NaN,NaN
2000-01-01T12:00:00Z,0.0,-87.875,272.125,NaN,NaN
2000-01-01T12:00:00Z,0.0,-87.875,276.125,NaN,NaN
2000-01-01T12:00:00Z,0.0,-87.875,280.125,NaN,NaN
2000-01-01T12:00:00Z,0.0,-87.875,284.125,NaN,NaN
2000-01-01T12:00:00Z,0.0,-87.875,288.125,NaN,NaN
2000-01-01T12:00:00Z,0.0,-87.875,292.125,NaN,NaN
2000-01-01T12:00:00Z,0.0,-87.875,296.125,NaN,NaN
2000-01-01T12:00:00Z,0.0,-87.875,300.125,NaN,NaN
2000-01-01T12:00:00Z,0.0,-87.875,304.125,NaN,NaN
2000-01-01T12:00:00Z,0.0,-87.875,308.125,NaN,NaN
2000-01-01T12:00:00Z,0.0,-87.875,312.125,NaN,NaN
2000-01-01T12:00:00Z,0.0,-87.875,316.125,NaN,NaN
2000-01-01T12:00:00Z,0.0,-87.875,320.125,NaN,NaN
2000-01-01T12:00:00Z,0.0,-87.875,324.125,NaN,NaN
2000-01-01T12:00:00Z,0.0,-87.875,328.125,NaN,NaN
2000-01-01T12:00:00Z,0.0,-87.875,332.125,NaN,NaN
2000-01-01T12:00:00Z,0.0,-87.875,336.125,NaN,NaN
2000-01-01T12:00:00Z,0.0,-87.875,340.125,NaN,NaN
2000-01-01T12:00:00Z,0.0,-87.875,344.125,NaN,NaN
2000-01-01T12:00:00Z,0.0,-87.875,348.125,NaN,NaN
2000-01-01T12:00:00Z,0.0,-87.875,352.125,NaN,NaN
2000-01-01T12:00:00Z,0.0,-87.875,356.125,NaN,NaN
2000-01-01T12:00:00Z,0.0,-83.875,0.125,NaN,NaN
2000-01-01T12:00:00Z,0.0,-83.875,4.125,NaN,NaN
2000-01-01T12:00:00Z,0.0,-83.875,8.125,NaN,NaN
2000-01-01T12:00:00Z,0.0,-83.875,12.125,NaN,NaN
2000-01-01T12:00:00Z,0.0,-83.875,16.125,NaN,NaN
2000-01-01T12:00:00Z,0.0,-83.875,20.125,NaN,NaN
2000-01-01T12:00:00Z,0.0,-83.875,24.125,NaN,NaN
2000-01-01T12:00:00Z,0.0,-83.875,28.125,NaN,NaN
2000-01-01T12:00:00Z,0.0,-83.875,32.125,NaN,NaN
2000-01-01T12:00:00Z,0.0,-83.875,36.125,NaN,NaN
2000-01-01T12:00:00Z,0.0,-83.875,40.125,NaN,NaN
2000-01-01T12:00:00Z,0.0,-83.875,44.125,NaN,NaN
2000-01-01T12:00:00Z,0.0,-83.875,48.125,NaN,NaN
2000-01-01T12:00:00Z,0.0,-83.875,52.125,NaN,NaN
2000-01-01T12:00:00Z,0.0,-83.875,56.125,NaN,NaN
2000-01-01T12:00:00Z,0.0,-83.875,60.125,NaN,NaN
2000-01-01T12:00:00Z,0.0,-83.875,64.125,NaN,NaN
2000-01-01T12:00:00Z,0.0,-83.875,68.125,NaN,NaN
2000-01-01T12:00:00Z,0.0,-83.875,72.125,NaN,NaN
2000-01-01T12:00:00Z,0.0,-83.875,76.125,NaN,NaN
2000-01-01T12:00:00Z,0.0,-83.875,80.125,NaN,NaN
2000-01-01T12:00:00Z,0.0,-83.875,84.125,NaN,NaN
2000-01-01T12:00:00Z,0.0,-83.875,88.125,NaN,NaN
2000-01-01T12:00:00Z,0.0,-83.875,92.125,NaN,NaN
2000-01-01T12:00:00Z,0.0,-83.875,96.125,NaN,NaN
2000-01-01T12:00:00Z,0.0,-83.875,100.125,NaN,NaN
2000-01-01T12:00:00Z,0.0,-83.875,104.125,NaN,NaN
2000-01-01T12:00:00Z,0.0,-83.875,108.125,NaN,NaN
2000-01-01T12:00:00Z,0.0,-83.875,112.125,NaN,NaN
2000-01-01T12:00:00Z,0.0,-83.875,116.125,NaN,NaN
2000-01-01T12:00:00Z,0.0,-83.875,120.125,NaN,NaN
2000-01-01T12:00:00Z,0.0,-83.875,124.125,NaN,NaN
2000-01-01T12:00:00Z,0.0,-83.875,128.125,NaN,NaN
2000-01-01T12:00:00Z,0.0,-83.875,132.125,NaN,NaN
2000-01-01T12:00:00Z,0.0,-83.875,136.125,NaN,NaN
2000-01-01T12:00:00Z,0.0,-83.875,140.125,NaN,NaN
2000-01-01T12:00:00Z,0.0,-83.875,144.125,NaN,NaN
2000-01-01T12:00:00Z,0.0,-83.875,148.125,NaN,NaN
2000-01-01T12:00:00Z,0.0,-83.875,152.125,NaN,NaN
2000-01-01T12:00:00Z,0.0,-83.875,156.125,NaN,NaN
2000-01-01T12:00:00Z,0.0,-83.875,160.125,NaN,NaN
2000-01-01T12:00:00Z,0.0,-83.875,164.125,NaN,NaN
2000-01-01T12:00:00Z,0.0,-83.875,168.125,NaN,NaN
2000-01-01T12:00:00Z,0.0,-83.875,172.125,NaN,NaN
2000-01-01T12:00:00Z,0.0,-83.875,176.125,NaN,NaN
2000-01-01T12:00:00Z,0.0,-83.875,180.125,NaN,NaN
2000-01-01T12:00:00Z,0.0,-83.875,184.125,NaN,NaN
2000-01-01T12:00:00Z,0.0,-83.875,188.125,NaN,NaN
2000-01-01T12:00:00Z,0.0,-83.875,192.125,NaN,NaN
2000-01-01T12:00:00Z,0.0,-83.875,196.125,NaN,NaN
2000-01-01T12:00:00Z,0.0,-83.875,200.125,NaN,NaN
2000-01-01T12:00:00Z,0.0,-83.875,204.125,NaN,NaN
2000-01-01T12:00:00Z,0.0,-83.875,208.125,NaN,NaN
2000-01-01T12:00:00Z,0.0,-83.875,212.125,NaN,NaN
2000-01-01T12:00:00Z,0.0,-83.875,216.125,NaN,NaN
2000-01-01T12:00:00Z,0.0,-83.875,220.125,NaN,NaN
2000-01-01T12:00:00Z,0.0,-83.875,224.125,NaN,NaN
2000-01-01T12:00:00Z,0.0,-83.875,228.125,NaN,NaN
2000-01-01T12:00:00Z,0.0,-83.875,232.125,NaN,NaN
2000-01-01T12:00:00Z,0.0,-83.875,236.125,NaN,NaN
2000-01-01T12:00:00Z,0.0,-83.875,240.125,NaN,NaN
2000-01-01T12:00:00Z,0.0,-83.875,244.125,NaN,NaN
2000-01-01T12:00:00Z,0.0,-83.875,248.125,NaN,NaN
2000-01-01T12:00:00Z,0.0,-83.875,252.125,NaN,NaN
2000-01-01T12:00:00Z,0.0,-83.875,256.125,NaN,NaN
2000-01-01T12:00:00Z,0.0,-83.875,260.125,NaN,NaN
2000-01-01T12:00:00Z,0.0,-83.875,264.125,NaN,NaN
2000-01-01T12:00:00Z,0.0,-83.875,268.125,NaN,NaN
2000-01-01T12:00:00Z,0.0,-83.875,272.125,NaN,NaN
2000-01-01T12:00:00Z,0.0,-83.875,276.125,NaN,NaN
2000-01-01T12:00:00Z,0.0,-83.875,280.125,NaN,NaN
2000-01-01T12:00:00Z,0.0,-83.875,284.125,NaN,NaN
2000-01-01T12:00:00Z,0.0,-83.875,288.125,NaN,NaN
2000-01-01T12:00:00Z,0.0,-83.875,292.125,NaN,NaN
2000-01-01T12:00:00Z,0.0,-83.875,296.125,NaN,NaN
2000-01-01T12:00:00Z,0.0,-83.875,300.125,NaN,NaN
2000-01-01T12:00:00Z,0.0,-83.875,304.125,NaN,NaN
2000-01-01T12:00:00Z,0.0,-83.875,308.125,NaN,NaN
2000-01-01T12:00:00Z,0.0,-83.875,312.125,NaN,NaN
2000-01-01T12:00:00Z,0.0,-83.875,316.125,NaN,NaN
2000-01-01T12:00:00Z,0.0,-83.875,320.125,NaN,NaN
2000-01-01T12:00:00Z,0.0,-83.875,324.125,NaN,NaN
2000-01-01T12:00:00Z,0.0,-83.875,328.125,NaN,NaN
2000-01-01T12:00:00Z,0.0,-83.875,332.125,NaN,NaN
2000-01-01T12:00:00Z,0.0,-83.875,336.125,NaN,NaN
2000-01-01T12:00:00Z,0.0,-83.875,340.125,NaN,NaN
2000-01-01T12:00:00Z,0.0,-83.875,344.125,NaN,NaN
2000-01-01T12:00:00Z,0.0,-83.875,348.125,NaN,NaN
2000-01-01T12:00:00Z,0.0,-83.875,352.125,NaN,NaN
2000-01-01T12:00:00Z,0.0,-83.875,356.125,NaN,NaN
2000-01-01T12:00:00Z,0.0,-79.875,0.125,NaN,NaN
2000-01-01T12:00:00Z,0.0,-79.875,4.125,NaN,NaN
2000-01-01T12:00:00Z,0.0,-79.875,8.125,NaN,NaN
2000-01-01T12:00:00Z,0.0,-79.875,12.125,NaN,NaN
2000-01-01T12:00:00Z,0.0,-79.875,16.125,NaN,NaN
2000-01-01T12:00:00Z,0.0,-79.875,20.125,NaN,NaN
2000-01-01T12:00:00Z,0.0,-79.875,24.125,NaN,NaN
2000-01-01T12:00:00Z,0.0,-79.875,28.125,NaN,NaN
2000-01-01T12:00:00Z,0.0,-79.875,32.125,NaN,NaN
2000-01-01T12:00:00Z,0.0,-79.875,36.125,NaN,NaN
2000-01-01T12:00:00Z,0.0,-79.875,40.125,NaN,NaN
2000-01-01T12:00:00Z,0.0,-79.875,44.125,NaN,NaN
2000-01-01T12:00:00Z,0.0,-79.875,48.125,NaN,NaN
2000-01-01T12:00:00Z,0.0,-79.875,52.125,NaN,NaN
2000-01-01T12:00:00Z,0.0,-79.875,56.125,NaN,NaN
2000-01-01T12:00:00Z,0.0,-79.875,60.125,NaN,NaN
2000-01-01T12:00:00Z,0.0,-79.875,64.125,NaN,NaN
2000-01-01T12:00:00Z,0.0,-79.875,68.125,NaN,NaN
2000-01-01T12:00:00Z,0.0,-79.875,72.125,NaN,NaN
2000-01-01T12:00:00Z,0.0,-79.875,76.125,NaN,NaN
2000-01-01T12:00:00Z,0.0,-79.875,80.125,NaN,NaN
2000-01-01T12:00:00Z,0.0,-79.875,84.125,NaN,NaN
2000-01-01T12:00:00Z,0.0,-79.875,88.125,NaN,NaN
2000-01-01T12:00:00Z,0.0,-79.875,92.125,NaN,NaN
2000-01-01T12:00:00Z,0.0,-79.875,96.125,NaN,NaN
2000-01-01T12:00:00Z,0.0,-79.875,100.125,NaN,NaN
2000-01-01T12:00:00Z,0.0,-79.875,104.125,NaN,NaN
2000-01-01T12:00:00Z,0.0,-79.875,108.125,NaN,NaN
2000-01-01T12:00:00Z,0.0,-79.875,112.125,NaN,NaN
2000-01-01T12:00:00Z,0.0,-79.875,116.125,NaN,NaN
2000-01-01T12:00:00Z,0.0,-79.875,120.125,NaN,NaN
2000-01-01T12:00:00Z,0.0,-79.875,124.125,NaN,NaN
2000-01-01T12:00:00Z,0.0,-79.875,128.125,NaN,NaN
2000-01-01T12:00:00Z,0.0,-79.875,132.125,NaN,NaN
2000-01-01T12:00:00Z,0.0,-79.875,136.125,NaN,NaN
2000-01-01T12:00:00Z,0.0,-79.875,140.125,NaN,NaN
2000-01-01T12:00:00Z,0.0,-79.875,144.125,NaN,NaN
2000-01-01T12:00:00Z,0.0,-79.875,148.125,NaN,NaN
2000-01-01T12:00:00Z,0.0,-79.875,152.125,NaN,NaN
2000-01-01T12:00:00Z,0.0,-79.875,156.125,NaN,NaN
2000-01-01T12:00:00Z,0.0,-79.875,160.125,NaN,NaN
2000-01-01T12:00:00Z,0.0,-79.875,164.125,NaN,NaN
2000-01-01T12:00:00Z,0.0,-79.875,168.125,NaN,NaN
2000-01-01T12:00:00Z,0.0,-79.875,172.125,NaN,NaN
2000-01-01T12:00:00Z,0.0,-79.875,176.125,NaN,NaN
2000-01-01T12:00:00Z,0.0,-79.875,180.125,NaN,NaN
2000-01-01T12:00:00Z,0.0,-79.875,184.125,NaN,NaN
2000-01-01T12:00:00Z,0.0,-79.875,188.125,NaN,NaN
2000-01-01T12:00:00Z,0.0,-79.875,192.125,NaN,NaN
2000-01-01T12:00:00Z,0.0,-79.875,196.125,NaN,NaN
2000-01-01T12:00:00Z,0.0,-79.875,200.125,NaN,NaN
2000-01-01T12:00:00Z,0.0,-79.875,204.125,NaN,NaN
2000-01-01T12:00:00Z,0.0,-79.875,208.125,NaN,NaN
2000-01-01T12:00:00Z,0.0,-79.875,212.125,NaN,NaN
2000-01-01T12:00:00Z,0.0,-79.875,216.125,NaN,NaN
2000-01-01T12:00:00Z,0.0,-79.875,220.125,NaN,NaN
2000-01-01T12:00:00Z,0.0,-79.875,224.125,NaN,NaN
2000-01-01T12:00:00Z,0.0,-79.875,228.125,NaN,NaN
2000-01-01T12:00:00Z,0.0,-79.875,232.125,NaN,NaN
2000-01-01T12:00:00Z,0.0,-79.875,236.125,NaN,NaN
2000-01-01T12:00:00Z,0.0,-79.875,240.125,NaN,NaN
2000-01-01T12:00:00Z,0.0,-79.875,244.125,NaN,NaN
2000-01-01T12:00:00Z,0.0,-79.875,248.125,NaN,NaN
2000-01-01T12:00:00Z,0.0,-79.875,252.125,NaN,NaN
2000-01-01T12:00:00Z,0.0,-79.875,256.125,NaN,NaN
2000-01-01T12:00:00Z,0.0,-79.875,260.125,NaN,NaN
2000-01-01T12:00:00Z,0.0,-79.875,264.125,NaN,NaN
2000-01-01T12:00:00Z,0.0,-79.875,268.125,NaN,NaN
2000-01-01T12:00:00Z,0.0,-79.875,272.125,NaN,NaN
2000-01-01T12:00:00Z,0.0,-79.875,276.125,NaN,NaN
2000-01-01T12:00:00Z,0.0,-79.875,280.125,NaN,NaN
2000-01-01T12:00:00Z,0.0,-79.875,284.125,NaN,NaN
2000-01-01T12:00:00Z,0.0,-79.875,288.125,NaN,NaN
2000-01-01T12:00:00Z,0.0,-79.875,292.125,NaN,NaN
2000-01-01T12:00:00Z,0.0,-79.875,296.125,NaN,NaN
2000-01-01T12:00:00Z,0.0,-79.875,300.125,NaN,NaN
2000-01-01T12:00:00Z,0.0,-79.875,304.125,NaN,NaN
2000-01-01T12:00:00Z,0.0,-79.875,308.125,NaN,NaN
2000-01-01T12:00:00Z,0.0,-79.875,312.125,NaN,NaN
2000-01-01T12:00:00Z,0.0,-79.875,316.125,NaN,NaN
2000-01-01T12:00:00Z,0.0,-79.875,320.125,NaN,NaN
2000-01-01T12:00:00Z,0.0,-79.875,324.125,NaN,NaN
2000-01-01T12:00:00Z,0.0,-79.875,328.125,NaN,NaN
2000-01-01T12:00:00Z,0.0,-79.875,332.125,NaN,NaN
2000-01-01T12:00:00Z,0.0,-79.875,336.125,NaN,NaN
2000-01-01T12:00:00Z,0.0,-79.875,340.125,NaN,NaN
2000-01-01T12:00:00Z,0.0,-79.875,344.125,NaN,NaN
2000-01-01T12:00:00Z,0.0,-79.875,348.125,NaN,NaN
2000-01-01T12:00:00Z,0.0,-79.875,352.125,NaN,NaN
2000-01-01T12:00:00Z,0.0,-79.875,356.125,NaN,NaN
2000-01-01T12:00:00Z,0.0,-75.875,0.125,NaN,NaN
2000-01-01T12:00:00Z,0.0,-75.875,4.125,NaN,NaN
2000-01-01T12:00:00Z,0.0,-75.875,8.125,NaN,NaN
2000-01-01T12:00:00Z,0.0,-75.875,12.125,NaN,NaN
2000-01-01T12:00:00Z,0.0,-75.875,16.125,NaN,NaN
2000-01-01T12:00:00Z,0.0,-75.875,20.125,NaN,NaN
2000-01-01T12:00:00Z,0.0,-75.875,24.125,NaN,NaN
2000-01-01T12:00:00Z,0.0,-75.875,28.125,NaN,NaN
2000-01-01T12:00:00Z,0.0,-75.875,32.125,NaN,NaN
2000-01-01T12:00:00Z,0.0,-75.875,36.125,NaN,NaN
2000-01-01T12:00:00Z,0.0,-75.875,40.125,NaN,NaN
2000-01-01T12:00:00Z,0.0,-75.875,44.125,NaN,NaN
2000-01-01T12:00:00Z,0.0,-75.875,48.125,NaN,NaN
2000-01-01T12:00:00Z,0.0,-75.875,52.125,NaN,NaN
2000-01-01T12:00:00Z,0.0,-75.875,56.125,NaN,NaN
2000-01-01T12:00:00Z,0.0,-75.875,60.125,NaN,NaN
2000-01-01T12:00:00Z,0.0,-75.875,64.125,NaN,NaN
2000-01-01T12:00:00Z,0.0,-75.875,68.125,NaN,NaN
2000-01-01T12:00:00Z,0.0,-75.875,72.125,NaN,NaN
2000-01-01T12:00:00Z,0.0,-75.875,76.125,NaN,NaN
2000-01-01T12:00:00Z,0.0,-75.875,80.125,NaN,NaN
2000-01-01T12:00:00Z,0.0,-75.875,84.125,NaN,NaN
2000-01-01T12:00:00Z,0.0,-75.875,88.125,NaN,NaN
2000-01-01T12:00:00Z,0.0,-75.875,92.125,NaN,NaN
2000-01-01T12:00:00Z,0.0,-75.875,96.125,NaN,NaN
2000-01-01T12:00:00Z,0.0,-75.875,100.125,NaN,NaN
2000-01-01T12:00:00Z,0.0,-75.875,104.125,NaN,NaN
2000-01-01T12:00:00Z,0.0,-75.875,108.125,NaN,NaN
2000-01-01T12:00:00Z,0.0,-75.875,112.125,NaN,NaN
2000-01-01T12:00:00Z,0.0,-75.875,116.125,NaN,NaN
2000-01-01T12:00:00Z,0.0,-75.875,120.125,NaN,NaN
2000-01-01T12:00:00Z,0.0,-75.875,124.125,NaN,NaN
2000-01-01T12:00:00Z,0.0,-75.875,128.125,NaN,NaN
2000-01-01T12:00:00Z,0.0,-75.875,132.125,NaN,NaN
2000-01-01T12:00:00Z,0.0,-75.875,136.125,NaN,NaN
2000-01-01T12:00:00Z,0.0,-75.875,140.125,NaN,NaN
2000-01-01T12:00:00Z,0.0,-75.875,144.125,NaN,NaN
2000-01-01T12:00:00Z,0.0,-75.875,148.125,NaN,NaN
2000-01-01T12:00:00Z,0.0,-75.875,152.125,NaN,NaN
2000-01-01T12:00:00Z,0.0,-75.875,156.125,NaN,NaN
2000-01-01T12:00:00Z,0.0,-75.875,160.125,NaN,NaN
2000-01-01T12:00:00Z,0.0,-75.875,164.125,-1.45,-0.8
2000-01-01T12:00:00Z,0.0,-75.875,168.125,-0.38,0.3
2000-01-01T12:00:00Z,0.0,-75.875,172.125,0.03,0.17
2000-01-01T12:00:00Z,0.0,-75.875,176.125,-0.38,-0.44
2000-01-01T12:00:00Z,0.0,-75.875,180.125,-0.47,-0.49
2000-01-01T12:00:00Z,0.0,-75.875,184.125,-0.69,-0.59
2000-01-01T12:00:00Z,0.0,-75.875,188.125,-0.87,-0.33
2000-01-01T12:00:00Z,0.0,-75.875,192.125,-1.23,-0.42
2000-01-01T12:00:00Z,0.0,-75.875,196.125,-0.85,0.09
2000-01-01T12:00:00Z,0.0,-75.875,200.125,-1.15,-0.13
2000-01-01T12:00:00Z,0.0,-75.875,204.125,-1.15,0.05
2000-01-01T12:00:00Z,0.0,-75.875,208.125,-1.19,0.0
2000-01-01T12:00:00Z,0.0,-75.875,212.125,-1.39,-0.08
2000-01-01T12:00:00Z,0.0,-75.875,216.125,NaN,NaN
2000-01-01T12:00:00Z,0.0,-75.875,220.125,NaN,NaN
2000-01-01T12:00:00Z,0.0,-75.875,224.125,NaN,NaN
2000-01-01T12:00:00Z,0.0,-75.875,228.125,NaN,NaN
2000-01-01T12:00:00Z,0.0,-75.875,232.125,NaN,NaN
2000-01-01T12:00:00Z,0.0,-75.875,236.125,NaN,NaN
2000-01-01T12:00:00Z,0.0,-75.875,240.125,NaN,NaN
2000-01-01T12:00:00Z,0.0,-75.875,244.125,NaN,NaN
2000-01-01T12:00:00Z,0.0,-75.875,248.125,NaN,NaN
2000-01-01T12:00:00Z,0.0,-75.875,252.125,NaN,NaN
2000-01-01T12:00:00Z,0.0,-75.875,256.125,NaN,NaN
2000-01-01T12:00:00Z,0.0,-75.875,260.125,NaN,NaN
2000-01-01T12:00:00Z,0.0,-75.875,264.125,NaN,NaN
2000-01-01T12:00:00Z,0.0,-75.875,268.125,NaN,NaN
2000-01-01T12:00:00Z,0.0,-75.875,272.125,NaN,NaN
2000-01-01T12:00:00Z,0.0,-75.875,276.125,NaN,NaN
2000-01-01T12:00:00Z,0.0,-75.875,280.125,NaN,NaN
2000-01-01T12:00:00Z,0.0,-75.875,284.125,NaN,NaN
2000-01-01T12:00:00Z,0.0,-75.875,288.125,NaN,NaN
2000-01-01T12:00:00Z,0.0,-75.875,292.125,NaN,NaN
2000-01-01T12:00:00Z,0.0,-75.875,296.125,-0.7,0.31
2000-01-01T12:00:00Z,0.0,-75.875,300.125,-0.74,0.14
2000-01-01T12:00:00Z,0.0,-75.875,304.125,-1.18,0.01
2000-01-01T12:00:00Z,0.0,-75.875,308.125,-1.68,-0.44
2000-01-01T12:00:00Z,0.0,-75.875,312.125,-1.5,-0.26
2000-01-01T12:00:00Z,0.0,-75.875,316.125,-1.25,0.06
2000-01-01T12:00:00Z,0.0,-75.875,320.125,-1.58,-0.1
2000-01-01T12:00:00Z,0.0,-75.875,324.125,-1.66,-0.25
2000-01-01T12:00:00Z,0.0,-75.875,328.125,-1.53,-0.41
2000-01-01T12:00:00Z,0.0,-75.875,332.125,-1.39,-0.72
2000-01-01T12:00:00Z,0.0,-75.875,336.125,-0.82,-0.04
2000-01-01T12:00:00Z,0.0,-75.875,340.125,NaN,NaN
2000-01-01T12:00:00Z,0.0,-75.875,344.125,NaN,NaN
2000-01-01T12:00:00Z,0.0,-75.875,348.125,NaN,NaN
2000-01-01T12:00:00Z,0.0,-75.875,352.125,NaN,NaN
2000-01-01T12:00:00Z,0.0,-75.875,356.125,NaN,NaN
2000-01-01T12:00:00Z,0.0,-71.875,0.125,NaN,NaN
2000-01-01T12:00:00Z,0.0,-71.875,4.125,NaN,NaN
2000-01-01T12:00:00Z,0.0,-71.875,8.125,NaN,NaN
2000-01-01T12:00:00Z,0.0,-71.875,12.125,NaN,NaN
2000-01-01T12:00:00Z,0.0,-71.875,16.125,NaN,NaN
2000-01-01T12:00:00Z,0.0,-71.875,20.125,NaN,NaN
2000-01-01T12:00:00Z,0.0,-71.875,24.125,NaN,NaN
2000-01-01T12:00:00Z,0.0,-71.875,28.125,NaN,NaN
2000-01-01T12:00:00Z,0.0,-71.875,32.125,NaN,NaN
2000-01-01T12:00:00Z,0.0,-71.875,36.125,NaN,NaN
2000-01-01T12:00:00Z,0.0,-71.875,40.125,NaN,NaN
2000-01-01T12:00:00Z,0.0,-71.875,44.125,NaN,NaN
2000-01-01T12:00:00Z,0.0,-71.875,48.125,NaN,NaN
2000-01-01T12:00:00Z,0.0,-71.875,52.125,NaN,NaN
2000-01-01T12:00:00Z,0.0,-71.875,56.125,NaN,NaN
2000-01-01T12:00:00Z,0.0,-71.875,60.125,NaN,NaN
2000-01-01T12:00:00Z,0.0,-71.875,64.125,NaN,NaN
2000-01-01T12:00:00Z,0.0,-71.875,68.125,-0.97,0.0
2000-01-01T12:00:00Z,0.0,-71.875,72.125,NaN,NaN
2000-01-01T12:00:00Z,0.0,-71.875,76.125,NaN,NaN
2000-01-01T12:00:00Z,0.0,-71.875,80.125,NaN,NaN
2000-01-01T12:00:00Z,0.0,-71.875,84.125,NaN,NaN
2000-01-01T12:00:00Z,0.0,-71.875,88.125,NaN,NaN
2000-01-01T12:00:00Z,0.0,-71.875,92.125,NaN,NaN
2000-01-01T12:00:00Z,0.0,-71.875,96.125,NaN,NaN
2000-01-01T12:00:00Z,0.0,-71.875,100.125,NaN,NaN
2000-01-01T12:00:00Z,0.0,-71.875,104.125,NaN,NaN
2000-01-01T12:00:00Z,0.0,-71.875,108.125,NaN,NaN
2000-01-01T12:00:00Z,0.0,-71.875,112.125,NaN,NaN
2000-01-01T12:00:00Z,0.0,-71.875,116.125,NaN,NaN
2000-01-01T12:00:00Z,0.0,-71.875,120.125,NaN,NaN
2000-01-01T12:00:00Z,0.0,-71.875,124.125,NaN,NaN
2000-01-01T12:00:00Z,0.0,-71.875,128.125,NaN,NaN
2000-01-01T12:00:00Z,0.0,-71.875,132.125,NaN,NaN
2000-01-01T12:00:00Z,0.0,-71.875,136.125,NaN,NaN
2000-01-01T12:00:00Z,0.0,-71.875,140.125,NaN,NaN
2000-01-01T12:00:00Z,0.0,-71.875,144.125,NaN,NaN
2000-01-01T12:00:00Z,0.0,-71.875,148.125,NaN,NaN
2000-01-01T12:00:00Z,0.0,-71.875,152.125,NaN,NaN
2000-01-01T12:00:00Z,0.0,-71.875,156.125,NaN,NaN
2000-01-01T12:00:00Z,0.0,-71.875,160.125,NaN,NaN
2000-01-01T12:00:00Z,0.0,-71.875,164.125,NaN,NaN
2000-01-01T12:00:00Z,0.0,-71.875,168.125,NaN,NaN
2000-01-01T12:00:00Z,0.0,-71.875,172.125,-1.06,-0.46
2000-01-01T12:00:00Z,0.0,-71.875,176.125,-0.97,-0.53
2000-01-01T12:00:00Z,0.0,-71.875,180.125,-1.38,-0.82
2000-01-01T12:00:00Z,0.0,-71.875,184.125,-1.48,-0.76
2000-01-01T12:00:00Z,0.0,-71.875,188.125,-1.4,-0.38
2000-01-01T12:00:00Z,0.0,-71.875,192.125,-1.45,-0.29
2000-01-01T12:00:00Z,0.0,-71.875,196.125,-1.52,-0.33
2000-01-01T12:00:00Z,0.0,-71.875,200.125,-1.58,-0.38
2000-01-01T12:00:00Z,0.0,-71.875,204.125,-1.54,-0.33
2000-01-01T12:00:00Z,0.0,-71.875,208.125,-1.36,-0.16
2000-01-01T12:00:00Z,0.0,-71.875,212.125,-1.32,-0.06
2000-01-01T12:00:00Z,0.0,-71.875,216.125,-1.48,-0.17
2000-01-01T12:00:00Z,0.0,-71.875,220.125,-1.51,-0.16
2000-01-01T12:00:00Z,0.0,-71.875,224.125,-1.52,-0.17
2000-01-01T12:00:00Z,0.0,-71.875,228.125,-1.41,0.0
2000-01-01T12:00:00Z,0.0,-71.875,232.125,-1.7,-0.3
2000-01-01T12:00:00Z,0.0,-71.875,236.125,-1.51,-0.01
2000-01-01T12:00:00Z,0.0,-71.875,240.125,-1.47,-0.18
2000-01-01T12:00:00Z,0.0,-71.875,244.125,-1.43,-0.44
2000-01-01T12:00:00Z,0.0,-71.875,248.125,-1.21,-0.28
2000-01-01T12:00:00Z,0.0,-71.875,252.125,-1.72,-0.43
2000-01-01T12:00:00Z,0.0,-71.875,256.125,-0.85,0.23
2000-01-01T12:00:00Z,0.0,-71.875,260.125,-1.76,-0.55
2000-01-01T12:00:00Z,0.0,-71.875,264.125,-1.79,-0.38
2000-01-01T12:00:00Z,0.0,-71.875,268.125,-1.8,-0.28
2000-01-01T12:00:00Z,0.0,-71.875,272.125,-1.8,-0.29
2000-01-01T12:00:00Z,0.0,-71.875,276.125,-1.8,-0.55
2000-01-01T12:00:00Z,0.0,-71.875,280.125,-1.8,-0.97
2000-01-01T12:00:00Z,0.0,-71.875,284.125,-1.51,-0.77
2000-01-01T12:00:00Z,0.0,-71.875,288.125,-1.51,-0.46
2000-01-01T12:00:00Z,0.0,-71.875,292.125,-1.34,0.0
2000-01-01T12:00:00Z,0.0,-71.875,296.125,NaN,NaN
2000-01-01T12:00:00Z,0.0,-71.875,300.125,-1.56,-0.1
2000-01-01T12:00:00Z,0.0,-71.875,304.125,-1.69,-0.03
2000-01-01T12:00:00Z,0.0,-71.875,308.125,-1.41,0.32
2000-01-01T12:00:00Z,0.0,-71.875,312.125,-1.49,0.24
2000-01-01T12:00:00Z,0.0,-71.875,316.125,-1.51,0.17
2000-01-01T12:00:00Z,0.0,-71.875,320.125,-1.39,0.2
2000-01-01T12:00:00Z,0.0,-71.875,324.125,-1.3,0.13
2000-01-01T12:00:00Z,0.0,-71.875,328.125,-1.12,0.1
2000-01-01T12:00:00Z,0.0,-71.875,332.125,-1.08,-0.06
2000-01-01T12:00:00Z,0.0,-71.875,336.125,-1.12,-0.2
2000-01-01T12:00:00Z,0.0,-71.875,340.125,-1.25,-0.51
2000-01-01T12:00:00Z,0.0,-71.875,344.125,-1.43,-0.6
2000-01-01T12:00:00Z,0.0,-71.875,348.125,-1.55,-0.71
2000-01-01T12:00:00Z,0.0,-71.875,352.125,NaN,NaN
2000-01-01T12:00:00Z,0.0,-71.875,356.125,NaN,NaN
2000-01-01T12:00:00Z,0.0,-67.875,0.125,-1.19,-0.92
2000-01-01T12:00:00Z,0.0,-67.875,4.125,-1.03,-0.81
2000-01-01T12:00:00Z,0.0,-67.875,8.125,-1.04,-0.66
2000-01-01T12:00:00Z,0.0,-67.875,12.125,-1.11,-0.57
2000-01-01T12:00:00Z,0.0,-67.875,16.125,-1.16,-0.61
2000-01-01T12:00:00Z,0.0,-67.875,20.125,-1.72,-1.31
2000-01-01T12:00:00Z,0.0,-67.875,24.125,-0.96,-0.36
2000-01-01T12:00:00Z,0.0,-67.875,28.125,-1.57,-0.69
2000-01-01T12:00:00Z,0.0,-67.875,32.125,-1.6,-0.61
2000-01-01T12:00:00Z,0.0,-67.875,36.125,-1.71,-0.6
2000-01-01T12:00:00Z,0.0,-67.875,40.125,-1.24,-0.07
2000-01-01T12:00:00Z,0.0,-67.875,44.125,-1.62,-0.35
2000-01-01T12:00:00Z,0.0,-67.875,48.125,NaN,NaN
2000-01-01T12:00:00Z,0.0,-67.875,52.125,NaN,NaN
2000-01-01T12:00:00Z,0.0,-67.875,56.125,NaN,NaN
2000-01-01T12:00:00Z,0.0,-67.875,60.125,NaN,NaN
2000-01-01T12:00:00Z,0.0,-67.875,64.125,NaN,NaN
2000-01-01T12:00:00Z,0.0,-67.875,68.125,NaN,NaN
2000-01-01T12:00:00Z,0.0,-67.875,72.125,-1.77,-1.45
2000-01-01T12:00:00Z,0.0,-67.875,76.125,-0.24,-0.26
2000-01-01T12:00:00Z,0.0,-67.875,80.125,-0.75,-0.02
2000-01-01T12:00:00Z,0.0,-67.875,84.125,NaN,NaN
2000-01-01T12:00:00Z,0.0,-67.875,88.125,NaN,NaN
2000-01-01T12:00:00Z,0.0,-67.875,92.125,NaN,NaN
2000-01-01T12:00:00Z,0.0,-67.875,96.125,NaN,NaN
2000-01-01T12:00:00Z,0.0,-67.875,100.125,NaN,NaN
2000-01-01T12:00:00Z,0.0,-67.875,104.125,NaN,NaN
2000-01-01T12:00:00Z,0.0,-67.875,108.125,NaN,NaN
2000-01-01T12:00:00Z,0.0,-67.875,112.125,NaN,NaN
2000-01-01T12:00:00Z,0.0,-67.875,116.125,NaN,NaN
2000-01-01T12:00:00Z,0.0,-67.875,120.125,NaN,NaN
2000-01-01T12:00:00Z,0.0,-67.875,124.125,NaN,NaN
2000-01-01T12:00:00Z,0.0,-67.875,128.125,NaN,NaN
2000-01-01T12:00:00Z,0.0,-67.875,132.125,NaN,NaN
2000-01-01T12:00:00Z,0.0,-67.875,136.125,NaN,NaN
2000-01-01T12:00:00Z,0.0,-67.875,140.125,NaN,NaN
2000-01-01T12:00:00Z,0.0,-67.875,144.125,NaN,NaN
2000-01-01T12:00:00Z,0.0,-67.875,148.125,-1.29,-0.37
2000-01-01T12:00:00Z,0.0,-67.875,152.125,-0.98,0.41
2000-01-01T12:00:00Z,0.0,-67.875,156.125,-0.96,0.32
2000-01-01T12:00:00Z,0.0,-67.875,160.125,-1.42,-0.2
2000-01-01T12:00:00Z,0.0,-67.875,164.125,-1.32,-0.27
2000-01-01T12:00:00Z,0.0,-67.875,168.125,-1.11,-0.17
2000-01-01T12:00:00Z,0.0,-67.875,172.125,-0.96,-0.19
2000-01-01T12:00:00Z,0.0,-67.875,176.125,-1.16,-0.53
2000-01-01T12:00:00Z,0.0,-67.875,180.125,-1.28,-0.85
2000-01-01T12:00:00Z,0.0,-67.875,184.125,-1.33,-0.89
2000-01-01T12:00:00Z,0.0,-67.875,188.125,-1.06,-0.53
2000-01-01T12:00:00Z,0.0,-67.875,192.125,-1.72,-1.12
2000-01-01T12:00:00Z,0.0,-67.875,196.125,-1.27,-0.63
2000-01-01T12:00:00Z,0.0,-67.875,200.125,-1.65,-0.96
2000-01-01T12:00:00Z,0.0,-67.875,204.125,-1.39,-0.62
2000-01-01T12:00:00Z,0.0,-67.875,208.125,-1.23,-0.43
2000-01-01T12:00:00Z,0.0,-67.875,212.125,-1.51,-0.7
2000-01-01T12:00:00Z,0.0,-67.875,216.125,-1.47,-0.72
2000-01-01T12:00:00Z,0.0,-67.875,220.125,-1.55,-0.86
2000-01-01T12:00:00Z,0.0,-67.875,224.125,-1.62,-1.01
2000-01-01T12:00:00Z,0.0,-67.875,228.125,-1.46,-0.89
2000-01-01T12:00:00Z,0.0,-67.875,232.125,-1.53,-1.0
2000-01-01T12:00:00Z,0.0,-67.875,236.125,-1.49,-1.14
2000-01-01T12:00:00Z,0.0,-67.875,240.125,-1.47,-1.37
2000-01-01T12:00:00Z,0.0,-67.875,244.125,-1.07,-1.12
2000-01-01T12:00:00Z,0.0,-67.875,248.125,-1.26,-1.42
2000-01-01T12:00:00Z,0.0,-67.875,252.125,-1.49,-1.8
2000-01-01T12:00:00Z,0.0,-67.875,256.125,-1.14,-1.59
2000-01-01T12:00:00Z,0.0,-67.875,260.125,-0.42,-0.98
2000-01-01T12:00:00Z,0.0,-67.875,264.125,-0.65,-1.27
2000-01-01T12:00:00Z,0.0,-67.875,268.125,0.05,-0.43
2000-01-01T12:00:00Z,0.0,-67.875,272.125,-0.03,-0.42
2000-01-01T12:00:00Z,0.0,-67.875,276.125,-0.41,-0.9
2000-01-01T12:00:00Z,0.0,-67.875,280.125,0.19,-0.13
2000-01-01T12:00:00Z,0.0,-67.875,284.125,0.12,0.1
2000-01-01T12:00:00Z,0.0,-67.875,288.125,-0.43,-0.21
2000-01-01T12:00:00Z,0.0,-67.875,292.125,-0.57,0.08
2000-01-01T12:00:00Z,0.0,-67.875,296.125,-1.02,0.0
2000-01-01T12:00:00Z,0.0,-67.875,300.125,-1.66,-0.09
2000-01-01T12:00:00Z,0.0,-67.875,304.125,-1.77,-0.09
2000-01-01T12:00:00Z,0.0,-67.875,308.125,-1.71,-0.09
2000-01-01T12:00:00Z,0.0,-67.875,312.125,-1.15,0.3
2000-01-01T12:00:00Z,0.0,-67.875,316.125,-1.22,0.06
2000-01-01T12:00:00Z,0.0,-67.875,320.125,-1.02,0.07
2000-01-01T12:00:00Z,0.0,-67.875,324.125,-0.99,-0.11
2000-01-01T12:00:00Z,0.0,-67.875,328.125,-1.38,-0.58
2000-01-01T12:00:00Z,0.0,-67.875,332.125,-1.0,-0.22
2000-01-01T12:00:00Z,0.0,-67.875,336.125,-1.45,-0.71
2000-01-01T12:00:00Z,0.0,-67.875,340.125,-1.52,-0.88
2000-01-01T12:00:00Z,0.0,-67.875,344.125,-1.62,-1.06
2000-01-01T12:00:00Z,0.0,-67.875,348.125,-1.08,-0.54
2000-01-01T12:00:00Z,0.0,-67.875,352.125,-1.08,-0.56
2000-01-01T12:00:00Z,0.0,-67.875,356.125,-1.26,-0.86
2000-01-01T12:00:00Z,0.0,-63.875,0.125,-0.05,-0.17
2000-01-01T12:00:00Z,0.0,-63.875,4.125,-0.47,-0.64
2000-01-01T12:00:00Z,0.0,-63.875,8.125,-0.47,-0.71
2000-01-01T12:00:00Z,0.0,-63.875,12.125,-1.24,-1.51
2000-01-01T12:00:00Z,0.0,-63.875,16.125,-1.38,-1.59
2000-01-01T12:00:00Z,0.0,-63.875,20.125,-1.16,-1.29
2000-01-01T12:00:00Z,0.0,-63.875,24.125,-1.46,-1.57
2000-01-01T12:00:00Z,0.0,-63.875,28.125,-1.01,-1.19
2000-01-01T12:00:00Z,0.0,-63.875,32.125,-0.66,-0.88
2000-01-01T12:00:00Z,0.0,-63.875,36.125,0.66,0.3
2000-01-01T12:00:00Z,0.0,-63.875,40.125,-0.55,-0.99
2000-01-01T12:00:00Z,0.0,-63.875,44.125,-0.52,-0.93
2000-01-01T12:00:00Z,0.0,-63.875,48.125,-0.52,-0.81
2000-01-01T12:00:00Z,0.0,-63.875,52.125,0.13,-0.06
2000-01-01T12:00:00Z,0.0,-63.875,56.125,-0.65,-0.8
2000-01-01T12:00:00Z,0.0,-63.875,60.125,-0.3,-0.65
2000-01-01T12:00:00Z,0.0,-63.875,64.125,-0.99,-1.3
2000-01-01T12:00:00Z,0.0,-63.875,68.125,-0.62,-0.82
2000-01-01T12:00:00Z,0.0,-63.875,72.125,-0.8,-1.16
2000-01-01T12:00:00Z,0.0,-63.875,76.125,-1.12,-1.54
2000-01-01T12:00:00Z,0.0,-63.875,80.125,-1.27,-1.5
2000-01-01T12:00:00Z,0.0,-63.875,84.125,-0.61,-0.57
2000-01-01T12:00:00Z,0.0,-63.875,88.125,-0.64,-0.69
2000-01-01T12:00:00Z,0.0,-63.875,92.125,-1.17,-1.21
2000-01-01T12:00:00Z,0.0,-63.875,96.125,-0.63,-0.13
2000-01-01T12:00:00Z,0.0,-63.875,100.125,-1.0,-0.43
2000-01-01T12:00:00Z,0.0,-63.875,104.125,-1.09,-0.94
2000-01-01T12:00:00Z,0.0,-63.875,108.125,-1.42,-1.61
2000-01-01T12:00:00Z,0.0,-63.875,112.125,-1.0,-1.35
2000-01-01T12:00:00Z,0.0,-63.875,116.125,-1.38,-1.57
2000-01-01T12:00:00Z,0.0,-63.875,120.125,-1.3,-1.62
2000-01-01T12:00:00Z,0.0,-63.875,124.125,-0.65,-1.02
2000-01-01T12:00:00Z,0.0,-63.875,128.125,-0.91,-1.3
2000-01-01T12:00:00Z,0.0,-63.875,132.125,-0.87,-1.37
2000-01-01T12:00:00Z,0.0,-63.875,136.125,-0.43,-0.78
2000-01-01T12:00:00Z,0.0,-63.875,140.125,-0.59,-1.17
2000-01-01T12:00:00Z,0.0,-63.875,144.125,-0.44,-1.16
2000-01-01T12:00:00Z,0.0,-63.875,148.125,-0.65,-1.26
2000-01-01T12:00:00Z,0.0,-63.875,152.125,-0.35,-0.71
2000-01-01T12:00:00Z,0.0,-63.875,156.125,-0.14,-0.47
2000-01-01T12:00:00Z,0.0,-63.875,160.125,-0.09,-0.3
2000-01-01T12:00:00Z,0.0,-63.875,164.125,-1.36,-1.71
2000-01-01T12:00:00Z,0.0,-63.875,168.125,-0.54,-1.19
2000-01-01T12:00:00Z,0.0,-63.875,172.125,-0.55,-1.58
2000-01-01T12:00:00Z,0.0,-63.875,176.125,-0.18,-1.63
2000-01-01T12:00:00Z,0.0,-63.875,180.125,-0.07,-1.75
2000-01-01T12:00:00Z,0.0,-63.875,184.125,-0.52,-1.87
2000-01-01T12:00:00Z,0.0,-63.875,188.125,-0.69,-1.51
2000-01-01T12:00:00Z,0.0,-63.875,192.125,-0.75,-1.14
2000-01-01T12:00:00Z,0.0,-63.875,196.125,-1.21,-1.41
2000-01-01T12:00:00Z,0.0,-63.875,200.125,-1.3,-1.43
2000-01-01T12:00:00Z,0.0,-63.875,204.125,-0.51,-0.6
2000-01-01T12:00:00Z,0.0,-63.875,208.125,-1.28,-1.23
2000-01-01T12:00:00Z,0.0,-63.875,212.125,-1.8,-1.71
2000-01-01T12:00:00Z,0.0,-63.875,216.125,-1.22,-1.2
2000-01-01T12:00:00Z,0.0,-63.875,220.125,-1.22,-1.31
2000-01-01T12:00:00Z,0.0,-63.875,224.125,-1.28,-1.55
2000-01-01T12:00:00Z,0.0,-63.875,228.125,-1.37,-1.87
2000-01-01T12:00:00Z,0.0,-63.875,232.125,-0.91,-1.91
2000-01-01T12:00:00Z,0.0,-63.875,236.125,-0.69,-2.12
2000-01-01T12:00:00Z,0.0,-63.875,240.125,-0.82,-2.42
2000-01-01T12:00:00Z,0.0,-63.875,244.125,0.25,-1.72
2000-01-01T12:00:00Z,0.0,-63.875,248.125,0.98,-1.26
2000-01-01T12:00:00Z,0.0,-63.875,252.125,-0.23,-2.34
2000-01-01T12:00:00Z,0.0,-63.875,256.125,0.51,-1.49
2000-01-01T12:00:00Z,0.0,-63.875,260.125,0.31,-1.8
2000-01-01T12:00:00Z,0.0,-63.875,264.125,0.74,-1.41
2000-01-01T12:00:00Z,0.0,-63.875,268.125,-0.16,-2.33
2000-01-01T12:00:00Z,0.0,-63.875,272.125,0.99,-1.55
2000-01-01T12:00:00Z,0.0,-63.875,276.125,1.67,-0.79
2000-01-01T12:00:00Z,0.0,-63.875,280.125,0.71,-1.6
2000-01-01T12:00:00Z,0.0,-63.875,284.125,0.75,-1.48
2000-01-01T12:00:00Z,0.0,-63.875,288.125,1.34,-0.46
2000-01-01T12:00:00Z,0.0,-63.875,292.125,0.92,-0.31
2000-01-01T12:00:00Z,0.0,-63.875,296.125,0.84,0.2
2000-01-01T12:00:00Z,0.0,-63.875,300.125,0.59,0.65
2000-01-01T12:00:00Z,0.0,-63.875,304.125,-0.13,0.29
2000-01-01T12:00:00Z,0.0,-63.875,308.125,-0.49,-0.08
2000-01-01T12:00:00Z,0.0,-63.875,312.125,-1.15,-0.77
2000-01-01T12:00:00Z,0.0,-63.875,316.125,-1.04,-0.59
2000-01-01T12:00:00Z,0.0,-63.875,320.125,-0.63,-0.05
2000-01-01T12:00:00Z,0.0,-63.875,324.125,-0.87,-0.3
2000-01-01T12:00:00Z,0.0,-63.875,328.125,-1.33,-0.72
2000-01-01T12:00:00Z,0.0,-63.875,332.125,-1.37,-0.73
2000-01-01T12:00:00Z,0.0,-63.875,336.125,-0.64,0.0
2000-01-01T12:00:00Z,0.0,-63.875,340.125,-1.0,-0.41
2000-01-01T12:00:00Z,0.0,-63.875,344.125,-1.07,-0.55
2000-01-01T12:00:00Z,0.0,-63.875,348.125,-1.11,-0.71
2000-01-01T12:00:00Z,0.0,-63.875,352.125,-1.43,-1.15
2000-01-01T12:00:00Z,0.0,-63.875,356.125,-0.72,-0.65
2000-01-01T12:00:00Z,0.0,-59.875,0.125,-0.91,-0.92
2000-01-01T12:00:00Z,0.0,-59.875,4.125,-0.96,-0.96
2000-01-01T12:00:00Z,0.0,-59.875,8.125,-1.11,-1.13
2000-01-01T12:00:00Z,0.0,-59.875,12.125,-0.73,-0.81
2000-01-01T12:00:00Z,0.0,-59.875,16.125,-0.58,-0.7
2000-01-01T12:00:00Z,0.0,-59.875,20.125,0.83,0.61
2000-01-01T12:00:00Z,0.0,-59.875,24.125,-0.09,-0.63
2000-01-01T12:00:00Z,0.0,-59.875,28.125,-0.57,-1.31
2000-01-01T12:00:00Z,0.0,-59.875,32.125,-0.57,-1.29
2000-01-01T12:00:00Z,0.0,-59.875,36.125,0.21,-0.55
2000-01-01T12:00:00Z,0.0,-59.875,40.125,-0.1,-0.8
2000-01-01T12:00:00Z,0.0,-59.875,44.125,0.65,-0.07
2000-01-01T12:00:00Z,0.0,-59.875,48.125,0.63,-0.12
2000-01-01T12:00:00Z,0.0,-59.875,52.125,0.77,0.12
2000-01-01T12:00:00Z,0.0,-59.875,56.125,0.03,-0.58
2000-01-01T12:00:00Z,0.0,-59.875,60.125,0.08,-0.58
2000-01-01T12:00:00Z,0.0,-59.875,64.125,0.23,-0.51
2000-01-01T12:00:00Z,0.0,-59.875,68.125,-0.3,-1.01
2000-01-01T12:00:00Z,0.0,-59.875,72.125,-0.44,-0.95
2000-01-01T12:00:00Z,0.0,-59.875,76.125,-0.09,-0.54
2000-01-01T12:00:00Z,0.0,-59.875,80.125,-0.38,-0.92
2000-01-01T12:00:00Z,0.0,-59.875,84.125,0.06,-0.71
2000-01-01T12:00:00Z,0.0,-59.875,88.125,0.65,-0.56
2000-01-01T12:00:00Z,0.0,-59.875,92.125,0.35,-0.74
2000-01-01T12:00:00Z,0.0,-59.875,96.125,0.4,-0.56
2000-01-01T12:00:00Z,0.0,-59.875,100.125,0.06,-0.99
2000-01-01T12:00:00Z,0.0,-59.875,104.125,-0.1,-1.43
2000-01-01T12:00:00Z,0.0,-59.875,108.125,-0.63,-2.0
2000-01-01T12:00:00Z,0.0,-59.875,112.125,0.14,-1.4
2000-01-01T12:00:00Z,0.0,-59.875,116.125,0.58,-1.18
2000-01-01T12:00:00Z,0.0,-59.875,120.125,0.11,-1.62
2000-01-01T12:00:00Z,0.0,-59.875,124.125,0.97,-0.96
2000-01-01T12:00:00Z,0.0,-59.875,128.125,0.79,-1.45
2000-01-01T12:00:00Z,0.0,-59.875,132.125,1.21,-1.17
2000-01-01T12:00:00Z,0.0,-59.875,136.125,0.8,-1.47
2000-01-01T12:00:00Z,0.0,-59.875,140.125,0.89,-1.41
2000-01-01T12:00:00Z,0.0,-59.875,144.125,0.81,-1.38
2000-01-01T12:00:00Z,0.0,-59.875,148.125,0.75,-0.8
2000-01-01T12:00:00Z,0.0,-59.875,152.125,0.7,-0.82
2000-01-01T12:00:00Z,0.0,-59.875,156.125,1.1,-0.98
2000-01-01T12:00:00Z,0.0,-59.875,160.125,1.0,-1.44
2000-01-01T12:00:00Z,0.0,-59.875,164.125,2.26,-1.19
2000-01-01T12:00:00Z,0.0,-59.875,168.125,3.04,-1.42
2000-01-01T12:00:00Z,0.0,-59.875,172.125,3.41,-1.69
2000-01-01T12:00:00Z,0.0,-59.875,176.125,3.61,-1.14
2000-01-01T12:00:00Z,0.0,-59.875,180.125,3.44,-0.95
2000-01-01T12:00:00Z,0.0,-59.875,184.125,3.23,-0.88
2000-01-01T12:00:00Z,0.0,-59.875,188.125,2.67,-1.1
2000-01-01T12:00:00Z,0.0,-59.875,192.125,2.87,-0.43
2000-01-01T12:00:00Z,0.0,-59.875,196.125,1.91,-0.89
2000-01-01T12:00:00Z,0.0,-59.875,200.125,1.9,-0.27
2000-01-01T12:00:00Z,0.0,-59.875,204.125,0.39,-1.09
2000-01-01T12:00:00Z,0.0,-59.875,208.125,0.02,-0.77
2000-01-01T12:00:00Z,0.0,-59.875,212.125,0.2,-0.35
2000-01-01T12:00:00Z,0.0,-59.875,216.125,-0.18,-1.0
2000-01-01T12:00:00Z,0.0,-59.875,220.125,-0.25,-1.56
2000-01-01T12:00:00Z,0.0,-59.875,224.125,-0.97,-2.6
2000-01-01T12:00:00Z,0.0,-59.875,228.125,1.09,-1.07
2000-01-01T12:00:00Z,0.0,-59.875,232.125,1.11,-1.61
2000-01-01T12:00:00Z,0.0,-59.875,236.125,1.76,-1.53
2000-01-01T12:00:00Z,0.0,-59.875,240.125,2.45,-1.07
2000-01-01T12:00:00Z,0.0,-59.875,244.125,2.83,-1.07
2000-01-01T12:00:00Z,0.0,-59.875,248.125,1.8,-2.37
2000-01-01T12:00:00Z,0.0,-59.875,252.125,2.54,-1.74
2000-01-01T12:00:00Z,0.0,-59.875,256.125,2.74,-1.79
2000-01-01T12:00:00Z,0.0,-59.875,260.125,3.91,-0.93
2000-01-01T12:00:00Z,0.0,-59.875,264.125,2.83,-2.06
2000-01-01T12:00:00Z,0.0,-59.875,268.125,3.8,-1.1
2000-01-01T12:00:00Z,0.0,-59.875,272.125,3.92,-1.29
2000-01-01T12:00:00Z,0.0,-59.875,276.125,4.66,-0.8
2000-01-01T12:00:00Z,0.0,-59.875,280.125,4.37,-1.26
2000-01-01T12:00:00Z,0.0,-59.875,284.125,4.81,-0.84
2000-01-01T12:00:00Z,0.0,-59.875,288.125,3.8,-1.32
2000-01-01T12:00:00Z,0.0,-59.875,292.125,4.37,0.2
2000-01-01T12:00:00Z,0.0,-59.875,296.125,2.13,-0.64
2000-01-01T12:00:00Z,0.0,-59.875,300.125,2.27,0.27
2000-01-01T12:00:00Z,0.0,-59.875,304.125,1.92,0.36
2000-01-01T12:00:00Z,0.0,-59.875,308.125,1.68,0.51
2000-01-01T12:00:00Z,0.0,-59.875,312.125,0.99,-0.03
2000-01-01T12:00:00Z,0.0,-59.875,316.125,0.79,-0.13
2000-01-01T12:00:00Z,0.0,-59.875,320.125,-0.13,-0.64
2000-01-01T12:00:00Z,0.0,-59.875,324.125,-1.33,-1.66
2000-01-01T12:00:00Z,0.0,-59.875,328.125,-1.22,-1.36
2000-01-01T12:00:00Z,0.0,-59.875,332.125,-1.02,-0.97
2000-01-01T12:00:00Z,0.0,-59.875,336.125,-0.45,-0.65
2000-01-01T12:00:00Z,0.0,-59.875,340.125,-0.73,-0.84
2000-01-01T12:00:00Z,0.0,-59.875,344.125,-0.7,-0.6
2000-01-01T12:00:00Z,0.0,-59.875,348.125,-0.65,-0.5
2000-01-01T12:00:00Z,0.0,-59.875,352.125,-0.5,-0.35
2000-01-01T12:00:00Z,0.0,-59.875,356.125,-1.01,-0.92
2000-01-01T12:00:00Z,0.0,-55.875,0.125,-0.39,-0.86
2000-01-01T12:00:00Z,0.0,-55.875,4.125,1.08,0.64
2000-01-01T12:00:00Z,0.0,-55.875,8.125,-1.02,-1.42
2000-01-01T12:00:00Z,0.0,-55.875,12.125,-0.32,-0.69
2000-01-01T12:00:00Z,0.0,-55.875,16.125,0.02,-0.55
2000-01-01T12:00:00Z,0.0,-55.875,20.125,-0.73,-1.3
2000-01-01T12:00:00Z,0.0,-55.875,24.125,0.93,0.09
2000-01-01T12:00:00Z,0.0,-55.875,28.125,0.98,-0.59
2000-01-01T12:00:00Z,0.0,-55.875,32.125,1.98,0.23
2000-01-01T12:00:00Z,0.0,-55.875,36.125,1.59,-0.3
2000-01-01T12:00:00Z,0.0,-55.875,40.125,1.11,-0.53
2000-01-01T12:00:00Z,0.0,-55.875,44.125,0.79,-0.53
2000-01-01T12:00:00Z,0.0,-55.875,48.125,1.62,0.09
2000-01-01T12:00:00Z,0.0,-55.875,52.125,1.0,-0.75
2000-01-01T12:00:00Z,0.0,-55.875,56.125,1.36,-0.54
2000-01-01T12:00:00Z,0.0,-55.875,60.125,1.67,-0.29
2000-01-01T12:00:00Z,0.0,-55.875,64.125,1.97,-0.1
2000-01-01T12:00:00Z,0.0,-55.875,68.125,1.41,-0.63
2000-01-01T12:00:00Z,0.0,-55.875,72.125,0.82,-0.93
2000-01-01T12:00:00Z,0.0,-55.875,76.125,0.68,-0.6
2000-01-01T12:00:00Z,0.0,-55.875,80.125,-0.13,-1.16
2000-01-01T12:00:00Z,0.0,-55.875,84.125,1.37,-0.53
2000-01-01T12:00:00Z,0.0,-55.875,88.125,1.34,-0.85
2000-01-01T12:00:00Z,0.0,-55.875,92.125,0.8,-1.23
2000-01-01T12:00:00Z,0.0,-55.875,96.125,1.82,-0.28
2000-01-01T12:00:00Z,0.0,-55.875,100.125,0.75,-1.16
2000-01-01T12:00:00Z,0.0,-55.875,104.125,1.58,-0.44
2000-01-01T12:00:00Z,0.0,-55.875,108.125,1.79,-0.68
2000-01-01T12:00:00Z,0.0,-55.875,112.125,1.54,-1.36
2000-01-01T12:00:00Z,0.0,-55.875,116.125,2.26,-1.13
2000-01-01T12:00:00Z,0.0,-55.875,120.125,2.48,-1.11
2000-01-01T12:00:00Z,0.0,-55.875,124.125,2.39,-1.45
2000-01-01T12:00:00Z,0.0,-55.875,128.125,2.99,-1.06
2000-01-01T12:00:00Z,0.0,-55.875,132.125,3.16,-1.11
2000-01-01T12:00:00Z,0.0,-55.875,136.125,3.19,-1.19
2000-01-01T12:00:00Z,0.0,-55.875,140.125,2.4,-1.65
2000-01-01T12:00:00Z,0.0,-55.875,144.125,1.72,-1.56
2000-01-01T12:00:00Z,0.0,-55.875,148.125,0.85,-2.69
2000-01-01T12:00:00Z,0.0,-55.875,152.125,2.07,-2.74
2000-01-01T12:00:00Z,0.0,-55.875,156.125,3.51,-1.91
2000-01-01T12:00:00Z,0.0,-55.875,160.125,3.24,-1.95
2000-01-01T12:00:00Z,0.0,-55.875,164.125,6.17,-0.63
2000-01-01T12:00:00Z,0.0,-55.875,168.125,7.41,-0.21
2000-01-01T12:00:00Z,0.0,-55.875,172.125,7.51,0.12
2000-01-01T12:00:00Z,0.0,-55.875,176.125,7.17,0.01
2000-01-01T12:00:00Z,0.0,-55.875,180.125,8.21,0.64
2000-01-01T12:00:00Z,0.0,-55.875,184.125,7.61,0.14
2000-01-01T12:00:00Z,0.0,-55.875,188.125,7.01,0.13
2000-01-01T12:00:00Z,0.0,-55.875,192.125,7.2,0.68
2000-01-01T12:00:00Z,0.0,-55.875,196.125,7.03,0.85
2000-01-01T12:00:00Z,0.0,-55.875,200.125,6.62,0.79
2000-01-01T12:00:00Z,0.0,-55.875,204.125,6.78,1.33
2000-01-01T12:00:00Z,0.0,-55.875,208.125,5.48,0.85
2000-01-01T12:00:00Z,0.0,-55.875,212.125,4.37,0.32
2000-01-01T12:00:00Z,0.0,-55.875,216.125,5.99,1.67
2000-01-01T12:00:00Z,0.0,-55.875,220.125,6.29,1.07
2000-01-01T12:00:00Z,0.0,-55.875,224.125,3.78,-1.2
2000-01-01T12:00:00Z,0.0,-55.875,228.125,6.39,1.01
2000-01-01T12:00:00Z,0.0,-55.875,232.125,5.01,-1.23
2000-01-01T12:00:00Z,0.0,-55.875,236.125,4.85,-1.63
2000-01-01T12:00:00Z,0.0,-55.875,240.125,4.41,-1.82
2000-01-01T12:00:00Z,0.0,-55.875,244.125,4.05,-2.32
2000-01-01T12:00:00Z,0.0,-55.875,248.125,5.57,-1.05
2000-01-01T12:00:00Z,0.0,-55.875,252.125,4.92,-1.78
2000-01-01T12:00:00Z,0.0,-55.875,256.125,5.94,-0.78
2000-01-01T12:00:00Z,0.0,-55.875,260.125,6.27,-0.49
2000-01-01T12:00:00Z,0.0,-55.875,264.125,5.89,-0.91
2000-01-01T12:00:00Z,0.0,-55.875,268.125,6.76,-0.05
2000-01-01T12:00:00Z,0.0,-55.875,272.125,6.77,-0.13
2000-01-01T12:00:00Z,0.0,-55.875,276.125,6.94,-0.01
2000-01-01T12:00:00Z,0.0,-55.875,280.125,6.55,-0.49
2000-01-01T12:00:00Z,0.0,-55.875,284.125,6.51,-0.72
2000-01-01T12:00:00Z,0.0,-55.875,288.125,7.1,-0.54
2000-01-01T12:00:00Z,0.0,-55.875,292.125,8.21,0.63
2000-01-01T12:00:00Z,0.0,-55.875,296.125,6.33,-0.45
2000-01-01T12:00:00Z,0.0,-55.875,300.125,7.23,0.91
2000-01-01T12:00:00Z,0.0,-55.875,304.125,7.29,1.7
2000-01-01T12:00:00Z,0.0,-55.875,308.125,3.83,-0.89
2000-01-01T12:00:00Z,0.0,-55.875,312.125,4.74,1.03
2000-01-01T12:00:00Z,0.0,-55.875,316.125,2.38,-0.33
2000-01-01T12:00:00Z,0.0,-55.875,320.125,1.79,-0.28
2000-01-01T12:00:00Z,0.0,-55.875,324.125,1.27,-0.46
2000-01-01T12:00:00Z,0.0,-55.875,328.125,0.11,-0.94
2000-01-01T12:00:00Z,0.0,-55.875,332.125,0.41,-0.55
2000-01-01T12:00:00Z,0.0,-55.875,336.125,1.34,-0.04
2000-01-01T12:00:00Z,0.0,-55.875,340.125,-0.24,-1.6
2000-01-01T12:00:00Z,0.0,-55.875,344.125,0.98,-0.35
2000-01-01T12:00:00Z,0.0,-55.875,348.125,0.47,-0.56
2000-01-01T12:00:00Z,0.0,-55.875,352.125,-0.48,-1.18
2000-01-01T12:00:00Z,0.0,-55.875,356.125,1.12,0.63
2000-01-01T12:00:00Z,0.0,-51.875,0.125,1.85,-0.42
2000-01-01T12:00:00Z,0.0,-51.875,4.125,2.11,-0.18
2000-01-01T12:00:00Z,0.0,-51.875,8.125,1.21,-1.16
2000-01-01T12:00:00Z,0.0,-51.875,12.125,0.57,-1.27
2000-01-01T12:00:00Z,0.0,-51.875,16.125,0.6,-1.34
2000-01-01T12:00:00Z,0.0,-51.875,20.125,0.8,-0.97
2000-01-01T12:00:00Z,0.0,-51.875,24.125,1.39,-0.33
2000-01-01T12:00:00Z,0.0,-51.875,28.125,2.26,-0.26
2000-01-01T12:00:00Z,0.0,-51.875,32.125,2.37,-0.73
2000-01-01T12:00:00Z,0.0,-51.875,36.125,3.52,0.25
2000-01-01T12:00:00Z,0.0,-51.875,40.125,2.35,-0.61
2000-01-01T12:00:00Z,0.0,-51.875,44.125,2.64,-0.17
2000-01-01T12:00:00Z,0.0,-51.875,48.125,2.51,-0.68
2000-01-01T12:00:00Z,0.0,-51.875,52.125,3.19,-0.23
2000-01-01T12:00:00Z,0.0,-51.875,56.125,3.24,-0.15
2000-01-01T12:00:00Z,0.0,-51.875,60.125,3.76,0.3
2000-01-01T12:00:00Z,0.0,-51.875,64.125,3.46,0.07
2000-01-01T12:00:00Z,0.0,-51.875,68.125,2.59,-0.7
2000-01-01T12:00:00Z,0.0,-51.875,72.125,2.55,-0.41
2000-01-01T12:00:00Z,0.0,-51.875,76.125,1.92,-0.7
2000-01-01T12:00:00Z,0.0,-51.875,80.125,1.85,-0.65
2000-01-01T12:00:00Z,0.0,-51.875,84.125,3.54,-0.16
2000-01-01T12:00:00Z,0.0,-51.875,88.125,4.21,-0.36
2000-01-01T12:00:00Z,0.0,-51.875,92.125,4.17,-0.68
2000-01-01T12:00:00Z,0.0,-51.875,96.125,3.1,-1.39
2000-01-01T12:00:00Z,0.0,-51.875,100.125,3.96,-0.47
2000-01-01T12:00:00Z,0.0,-51.875,104.125,3.49,-0.83
2000-01-01T12:00:00Z,0.0,-51.875,108.125,2.87,-1.22
2000-01-01T12:00:00Z,0.0,-51.875,112.125,2.93,-1.03
2000-01-01T12:00:00Z,0.0,-51.875,116.125,3.44,-1.2
2000-01-01T12:00:00Z,0.0,-51.875,120.125,6.1,0.68
2000-01-01T12:00:00Z,0.0,-51.875,124.125,6.95,0.82
2000-01-01T12:00:00Z,0.0,-51.875,128.125,5.29,-1.37
2000-01-01T12:00:00Z,0.0,-51.875,132.125,6.5,-0.42
2000-01-01T12:00:00Z,0.0,-51.875,136.125,6.69,-0.27
2000-01-01T12:00:00Z,0.0,-51.875,140.125,5.46,-1.34
2000-01-01T12:00:00Z,0.0,-51.875,144.125,6.25,-0.94
2000-01-01T12:00:00Z,0.0,-51.875,148.125,7.44,-0.82
2000-01-01T12:00:00Z,0.0,-51.875,152.125,6.93,-1.54
2000-01-01T12:00:00Z,0.0,-51.875,156.125,8.82,-0.15
2000-01-01T12:00:00Z,0.0,-51.875,160.125,8.58,-0.57
2000-01-01T12:00:00Z,0.0,-51.875,164.125,9.15,-0.44
2000-01-01T12:00:00Z,0.0,-51.875,168.125,9.21,-0.19
2000-01-01T12:00:00Z,0.0,-51.875,172.125,9.31,0.07
2000-01-01T12:00:00Z,0.0,-51.875,176.125,8.88,0.19
2000-01-01T12:00:00Z,0.0,-51.875,180.125,8.86,-0.4
2000-01-01T12:00:00Z,0.0,-51.875,184.125,9.8,-0.27
2000-01-01T12:00:00Z,0.0,-51.875,188.125,10.23,0.18
2000-01-01T12:00:00Z,0.0,-51.875,192.125,9.85,0.21
2000-01-01T12:00:00Z,0.0,-51.875,196.125,9.23,-0.37
2000-01-01T12:00:00Z,0.0,-51.875,200.125,10.04,0.46
2000-01-01T12:00:00Z,0.0,-51.875,204.125,9.59,0.16
2000-01-01T12:00:00Z,0.0,-51.875,208.125,10.35,0.96
2000-01-01T12:00:00Z,0.0,-51.875,212.125,9.73,0.44
2000-01-01T12:00:00Z,0.0,-51.875,216.125,9.5,0.47
2000-01-01T12:00:00Z,0.0,-51.875,220.125,8.58,-0.21
2000-01-01T12:00:00Z,0.0,-51.875,224.125,7.81,-0.82
2000-01-01T12:00:00Z,0.0,-51.875,228.125,8.22,-0.39
2000-01-01T12:00:00Z,0.0,-51.875,232.125,7.42,-1.05
2000-01-01T12:00:00Z,0.0,-51.875,236.125,7.02,-1.19
2000-01-01T12:00:00Z,0.0,-51.875,240.125,6.36,-1.44
2000-01-01T12:00:00Z,0.0,-51.875,244.125,6.59,-1.36
2000-01-01T12:00:00Z,0.0,-51.875,248.125,7.35,-0.8
2000-01-01T12:00:00Z,0.0,-51.875,252.125,7.15,-0.92
2000-01-01T12:00:00Z,0.0,-51.875,256.125,7.58,-0.46
2000-01-01T12:00:00Z,0.0,-51.875,260.125,7.63,-0.31
2000-01-01T12:00:00Z,0.0,-51.875,264.125,7.72,-0.24
2000-01-01T12:00:00Z,0.0,-51.875,268.125,7.64,-0.35
2000-01-01T12:00:00Z,0.0,-51.875,272.125,7.69,-0.33
2000-01-01T12:00:00Z,0.0,-51.875,276.125,8.13,-0.07
2000-01-01T12:00:00Z,0.0,-51.875,280.125,8.09,-0.5
2000-01-01T12:00:00Z,0.0,-51.875,284.125,9.26,-0.13
2000-01-01T12:00:00Z,0.0,-51.875,288.125,NaN,NaN
2000-01-01T12:00:00Z,0.0,-51.875,292.125,9.8,-0.24
2000-01-01T12:00:00Z,0.0,-51.875,296.125,9.62,-0.01
2000-01-01T12:00:00Z,0.0,-51.875,300.125,10.79,1.61
2000-01-01T12:00:00Z,0.0,-51.875,304.125,8.97,1.09
2000-01-01T12:00:00Z,0.0,-51.875,308.125,7.77,0.86
2000-01-01T12:00:00Z,0.0,-51.875,312.125,7.21,1.49
2000-01-01T12:00:00Z,0.0,-51.875,316.125,5.43,0.89
2000-01-01T12:00:00Z,0.0,-51.875,320.125,3.29,-0.12
2000-01-01T12:00:00Z,0.0,-51.875,324.125,3.9,0.69
2000-01-01T12:00:00Z,0.0,-51.875,328.125,2.52,-0.11
2000-01-01T12:00:00Z,0.0,-51.875,332.125,3.46,0.27
2000-01-01T12:00:00Z,0.0,-51.875,336.125,4.08,0.43
2000-01-01T12:00:00Z,0.0,-51.875,340.125,3.2,-0.22
2000-01-01T12:00:00Z,0.0,-51.875,344.125,3.21,0.03
2000-01-01T12:00:00Z,0.0,-51.875,348.125,2.59,-0.11
2000-01-01T12:00:00Z,0.0,-51.875,352.125,1.38,-0.68
2000-01-01T12:00:00Z,0.0,-51.875,356.125,1.25,-0.78
2000-01-01T12:00:00Z,0.0,-47.875,0.125,6.84,0.97
2000-01-01T12:00:00Z,0.0,-47.875,4.125,7.22,1.5
2000-01-01T12:00:00Z,0.0,-47.875,8.125,5.81,0.28
2000-01-01T12:00:00Z,0.0,-47.875,12.125,5.84,0.19
2000-01-01T12:00:00Z,0.0,-47.875,16.125,6.15,0.49
2000-01-01T12:00:00Z,0.0,-47.875,20.125,6.12,0.74
2000-01-01T12:00:00Z,0.0,-47.875,24.125,5.0,-0.38
2000-01-01T12:00:00Z,0.0,-47.875,28.125,5.38,-0.55
2000-01-01T12:00:00Z,0.0,-47.875,32.125,7.36,0.88
2000-01-01T12:00:00Z,0.0,-47.875,36.125,5.32,-0.52
2000-01-01T12:00:00Z,0.0,-47.875,40.125,5.34,-0.47
2000-01-01T12:00:00Z,0.0,-47.875,44.125,5.08,-0.79
2000-01-01T12:00:00Z,0.0,-47.875,48.125,4.97,-0.39
2000-01-01T12:00:00Z,0.0,-47.875,52.125,4.95,-0.15
2000-01-01T12:00:00Z,0.0,-47.875,56.125,6.16,0.46
2000-01-01T12:00:00Z,0.0,-47.875,60.125,5.64,-0.38
2000-01-01T12:00:00Z,0.0,-47.875,64.125,4.35,-0.89
2000-01-01T12:00:00Z,0.0,-47.875,68.125,4.57,-0.53
2000-01-01T12:00:00Z,0.0,-47.875,72.125,3.99,-1.36
2000-01-01T12:00:00Z,0.0,-47.875,76.125,6.07,-0.2
2000-01-01T12:00:00Z,0.0,-47.875,80.125,5.76,-0.76
2000-01-01T12:00:00Z,0.0,-47.875,84.125,6.43,-0.95
2000-01-01T12:00:00Z,0.0,-47.875,88.125,6.78,-1.09
2000-01-01T12:00:00Z,0.0,-47.875,92.125,6.68,-1.03
2000-01-01T12:00:00Z,0.0,-47.875,96.125,7.88,0.72
2000-01-01T12:00:00Z,0.0,-47.875,100.125,8.41,1.22
2000-01-01T12:00:00Z,0.0,-47.875,104.125,7.37,-0.04
2000-01-01T12:00:00Z,0.0,-47.875,108.125,7.32,-0.44
2000-01-01T12:00:00Z,0.0,-47.875,112.125,11.08,2.61
2000-01-01T12:00:00Z,0.0,-47.875,116.125,8.96,0.01
2000-01-01T12:00:00Z,0.0,-47.875,120.125,10.16,0.97
2000-01-01T12:00:00Z,0.0,-47.875,124.125,10.21,0.55
2000-01-01T12:00:00Z,0.0,-47.875,128.125,9.53,-0.48
2000-01-01T12:00:00Z,0.0,-47.875,132.125,9.57,-0.57
2000-01-01T12:00:00Z,0.0,-47.875,136.125,10.32,0.09
2000-01-01T12:00:00Z,0.0,-47.875,140.125,10.05,-0.62
2000-01-01T12:00:00Z,0.0,-47.875,144.125,9.28,-1.52
2000-01-01T12:00:00Z,0.0,-47.875,148.125,9.9,-1.16
2000-01-01T12:00:00Z,0.0,-47.875,152.125,11.19,-0.02
2000-01-01T12:00:00Z,0.0,-47.875,156.125,11.18,-0.25
2000-01-01T12:00:00Z,0.0,-47.875,160.125,11.34,-0.14
2000-01-01T12:00:00Z,0.0,-47.875,164.125,12.17,0.23
2000-01-01T12:00:00Z,0.0,-47.875,168.125,12.72,1.09
2000-01-01T12:00:00Z,0.0,-47.875,172.125,11.62,0.27
2000-01-01T12:00:00Z,0.0,-47.875,176.125,10.71,-0.5
2000-01-01T12:00:00Z,0.0,-47.875,180.125,11.96,0.63
2000-01-01T12:00:00Z,0.0,-47.875,184.125,12.15,-0.2
2000-01-01T12:00:00Z,0.0,-47.875,188.125,13.43,1.0
2000-01-01T12:00:00Z,0.0,-47.875,192.125,12.78,0.65
2000-01-01T12:00:00Z,0.0,-47.875,196.125,12.9,1.03
2000-01-01T12:00:00Z,0.0,-47.875,200.125,11.46,-0.29
2000-01-01T12:00:00Z,0.0,-47.875,204.125,11.41,-0.02
2000-01-01T12:00:00Z,0.0,-47.875,208.125,12.89,1.67
2000-01-01T12:00:00Z,0.0,-47.875,212.125,11.22,0.22
2000-01-01T12:00:00Z,0.0,-47.875,216.125,10.31,-0.41
2000-01-01T12:00:00Z,0.0,-47.875,220.125,10.84,0.26
2000-01-01T12:00:00Z,0.0,-47.875,224.125,10.56,0.15
2000-01-01T12:00:00Z,0.0,-47.875,228.125,9.84,-0.41
2000-01-01T12:00:00Z,0.0,-47.875,232.125,9.61,-0.5
2000-01-01T12:00:00Z,0.0,-47.875,236.125,8.71,-1.25
2000-01-01T12:00:00Z,0.0,-47.875,240.125,9.25,-0.49
2000-01-01T12:00:00Z,0.0,-47.875,244.125,8.54,-1.19
2000-01-01T12:00:00Z,0.0,-47.875,248.125,8.17,-1.6
2000-01-01T12:00:00Z,0.0,-47.875,252.125,9.21,-0.55
2000-01-01T12:00:00Z,0.0,-47.875,256.125,8.93,-0.72
2000-01-01T12:00:00Z,0.0,-47.875,260.125,8.59,-0.98
2000-01-01T12:00:00Z,0.0,-47.875,264.125,7.71,-1.87
2000-01-01T12:00:00Z,0.0,-47.875,268.125,9.06,-0.54
2000-01-01T12:00:00Z,0.0,-47.875,272.125,8.94,-0.74
2000-01-01T12:00:00Z,0.0,-47.875,276.125,8.95,-1.07
2000-01-01T12:00:00Z,0.0,-47.875,280.125,9.21,-1.45
2000-01-01T12:00:00Z,0.0,-47.875,284.125,11.55,-0.17
2000-01-01T12:00:00Z,0.0,-47.875,288.125,NaN,NaN
2000-01-01T12:00:00Z,0.0,-47.875,292.125,NaN,NaN
2000-01-01T12:00:00Z,0.0,-47.875,296.125,14.34,1.61
2000-01-01T12:00:00Z,0.0,-47.875,300.125,11.87,1.12
2000-01-01T12:00:00Z,0.0,-47.875,304.125,10.9,0.36
2000-01-01T12:00:00Z,0.0,-47.875,308.125,13.41,1.92
2000-01-01T12:00:00Z,0.0,-47.875,312.125,9.72,-1.57
2000-01-01T12:00:00Z,0.0,-47.875,316.125,11.6,1.21
2000-01-01T12:00:00Z,0.0,-47.875,320.125,11.03,1.79
2000-01-01T12:00:00Z,0.0,-47.875,324.125,10.44,1.98
2000-01-01T12:00:00Z,0.0,-47.875,328.125,9.43,1.89
2000-01-01T12:00:00Z,0.0,-47.875,332.125,8.74,1.9
2000-01-01T12:00:00Z,0.0,-47.875,336.125,8.22,1.68
2000-01-01T12:00:00Z,0.0,-47.875,340.125,7.15,0.56
2000-01-01T12:00:00Z,0.0,-47.875,344.125,8.19,1.99
2000-01-01T12:00:00Z,0.0,-47.875,348.125,6.2,0.99
2000-01-01T12:00:00Z,0.0,-47.875,352.125,5.37,0.78
2000-01-01T12:00:00Z,0.0,-47.875,356.125,7.39,1.94
2000-01-01T12:00:00Z,0.0,-43.875,0.125,8.91,-0.82
2000-01-01T12:00:00Z,0.0,-43.875,4.125,8.75,-0.8
2000-01-01T12:00:00Z,0.0,-43.875,8.125,9.74,0.57
2000-01-01T12:00:00Z,0.0,-43.875,12.125,10.27,0.39
2000-01-01T12:00:00Z,0.0,-43.875,16.125,11.86,0.99
2000-01-01T12:00:00Z,0.0,-43.875,20.125,11.92,0.63
2000-01-01T12:00:00Z,0.0,-43.875,24.125,14.65,3.23
2000-01-01T12:00:00Z,0.0,-43.875,28.125,15.67,4.27
2000-01-01T12:00:00Z,0.0,-43.875,32.125,11.23,0.24
2000-01-01T12:00:00Z,0.0,-43.875,36.125,9.97,0.02
2000-01-01T12:00:00Z,0.0,-43.875,40.125,10.47,1.02
2000-01-01T12:00:00Z,0.0,-43.875,44.125,8.55,-0.31
2000-01-01T12:00:00Z,0.0,-43.875,48.125,8.65,0.54
2000-01-01T12:00:00Z,0.0,-43.875,52.125,8.47,-0.09
2000-01-01T12:00:00Z,0.0,-43.875,56.125,9.79,-1.22
2000-01-01T12:00:00Z,0.0,-43.875,60.125,12.92,-0.05
2000-01-01T12:00:00Z,0.0,-43.875,64.125,12.24,-0.15
2000-01-01T12:00:00Z,0.0,-43.875,68.125,10.12,-1.37
2000-01-01T12:00:00Z,0.0,-43.875,72.125,13.21,1.29
2000-01-01T12:00:00Z,0.0,-43.875,76.125,11.67,-0.07
2000-01-01T12:00:00Z,0.0,-43.875,80.125,11.03,-0.05
2000-01-01T12:00:00Z,0.0,-43.875,84.125,11.59,0.24
2000-01-01T12:00:00Z,0.0,-43.875,88.125,11.05,-0.06
2000-01-01T12:00:00Z,0.0,-43.875,92.125,10.25,-0.68
2000-01-01T12:00:00Z,0.0,-43.875,96.125,12.52,1.49
2000-01-01T12:00:00Z,0.0,-43.875,100.125,12.56,1.05
2000-01-01T12:00:00Z,0.0,-43.875,104.125,12.99,1.48
2000-01-01T12:00:00Z,0.0,-43.875,108.125,13.16,1.59
2000-01-01T12:00:00Z,0.0,-43.875,112.125,14.3,2.6
2000-01-01T12:00:00Z,0.0,-43.875,116.125,14.43,2.68
2000-01-01T12:00:00Z,0.0,-43.875,120.125,14.55,2.64
2000-01-01T12:00:00Z,0.0,-43.875,124.125,13.43,1.35
2000-01-01T12:00:00Z,0.0,-43.875,128.125,12.91,0.73
2000-01-01T12:00:00Z,0.0,-43.875,132.125,12.2,-0.12
2000-01-01T12:00:00Z,0.0,-43.875,136.125,12.64,0.02
2000-01-01T12:00:00Z,0.0,-43.875,140.125,12.33,-0.74
2000-01-01T12:00:00Z,0.0,-43.875,144.125,12.68,-1.02
2000-01-01T12:00:00Z,0.0,-43.875,148.125,14.76,0.15
2000-01-01T12:00:00Z,0.0,-43.875,152.125,13.89,-0.5
2000-01-01T12:00:00Z,0.0,-43.875,156.125,14.58,0.38
2000-01-01T12:00:00Z,0.0,-43.875,160.125,14.66,0.45
2000-01-01T12:00:00Z,0.0,-43.875,164.125,14.62,0.09
2000-01-01T12:00:00Z,0.0,-43.875,168.125,16.28,0.84
2000-01-01T12:00:00Z,0.0,-43.875,172.125,14.77,0.79
2000-01-01T12:00:00Z,0.0,-43.875,176.125,14.78,0.21
2000-01-01T12:00:00Z,0.0,-43.875,180.125,14.08,-0.77
2000-01-01T12:00:00Z,0.0,-43.875,184.125,13.72,-1.3
2000-01-01T12:00:00Z,0.0,-43.875,188.125,14.86,0.12
2000-01-01T12:00:00Z,0.0,-43.875,192.125,13.33,-0.91
2000-01-01T12:00:00Z,0.0,-43.875,196.125,13.13,-0.7
2000-01-01T12:00:00Z,0.0,-43.875,200.125,13.15,-0.42
2000-01-01T12:00:00Z,0.0,-43.875,204.125,13.16,-0.24
2000-01-01T12:00:00Z,0.0,-43.875,208.125,13.02,-0.27
2000-01-01T12:00:00Z,0.0,-43.875,212.125,11.61,-1.5
2000-01-01T12:00:00Z,0.0,-43.875,216.125,12.14,-0.81
2000-01-01T12:00:00Z,0.0,-43.875,220.125,11.71,-1.07
2000-01-01T12:00:00Z,0.0,-43.875,224.125,11.1,-1.57
2000-01-01T12:00:00Z,0.0,-43.875,228.125,10.94,-1.71
2000-01-01T12:00:00Z,0.0,-43.875,232.125,11.18,-1.34
2000-01-01T12:00:00Z,0.0,-43.875,236.125,11.14,-1.3
2000-01-01T12:00:00Z,0.0,-43.875,240.125,10.97,-1.4
2000-01-01T12:00:00Z,0.0,-43.875,244.125,11.62,-0.7
2000-01-01T12:00:00Z,0.0,-43.875,248.125,11.72,-0.62
2000-01-01T12:00:00Z,0.0,-43.875,252.125,11.34,-0.88
2000-01-01T12:00:00Z,0.0,-43.875,256.125,11.11,-1.0
2000-01-01T12:00:00Z,0.0,-43.875,260.125,11.18,-0.88
2000-01-01T12:00:00Z,0.0,-43.875,264.125,11.4,-0.68
2000-01-01T12:00:00Z,0.0,-43.875,268.125,12.32,0.22
2000-01-01T12:00:00Z,0.0,-43.875,272.125,11.99,-0.18
2000-01-01T12:00:00Z,0.0,-43.875,276.125,10.96,-1.51
2000-01-01T12:00:00Z,0.0,-43.875,280.125,12.88,-0.1
2000-01-01T12:00:00Z,0.0,-43.875,284.125,13.56,-0.25
2000-01-01T12:00:00Z,0.0,-43.875,288.125,NaN,NaN
2000-01-01T12:00:00Z,0.0,-43.875,292.125,NaN,NaN
2000-01-01T12:00:00Z,0.0,-43.875,296.125,16.9,0.82
2000-01-01T12:00:00Z,0.0,-43.875,300.125,13.94,0.42
2000-01-01T12:00:00Z,0.0,-43.875,304.125,15.06,0.88
2000-01-01T12:00:00Z,0.0,-43.875,308.125,15.71,0.22
2000-01-01T12:00:00Z,0.0,-43.875,312.125,14.08,0.17
2000-01-01T12:00:00Z,0.0,-43.875,316.125,12.9,0.36
2000-01-01T12:00:00Z,0.0,-43.875,320.125,11.91,-0.01
2000-01-01T12:00:00Z,0.0,-43.875,324.125,11.3,-0.25
2000-01-01T12:00:00Z,0.0,-43.875,328.125,12.78,1.42
2000-01-01T12:00:00Z,0.0,-43.875,332.125,10.62,-0.56
2000-01-01T12:00:00Z,0.0,-43.875,336.125,11.55,0.22
2000-01-01T12:00:00Z,0.0,-43.875,340.125,11.15,0.07
2000-01-01T12:00:00Z,0.0,-43.875,344.125,11.23,1.1
2000-01-01T12:00:00Z,0.0,-43.875,348.125,12.56,2.34
2000-01-01T12:00:00Z,0.0,-43.875,352.125,11.0,0.96
2000-01-01T12:00:00Z,0.0,-43.875,356.125,10.11,0.35
2000-01-01T12:00:00Z,0.0,-39.875,0.125,14.26,0.48
2000-01-01T12:00:00Z,0.0,-39.875,4.125,14.11,0.37
2000-01-01T12:00:00Z,0.0,-39.875,8.125,14.56,0.71
2000-01-01T12:00:00Z,0.0,-39.875,12.125,18.19,3.01
2000-01-01T12:00:00Z,0.0,-39.875,16.125,19.19,1.37
2000-01-01T12:00:00Z,0.0,-39.875,20.125,20.45,1.2
2000-01-01T12:00:00Z,0.0,-39.875,24.125,19.45,1.08
2000-01-01T12:00:00Z,0.0,-39.875,28.125,20.89,2.84
2000-01-01T12:00:00Z,0.0,-39.875,32.125,19.11,1.17
2000-01-01T12:00:00Z,0.0,-39.875,36.125,19.53,1.85
2000-01-01T12:00:00Z,0.0,-39.875,40.125,17.49,0.28
2000-01-01T12:00:00Z,0.0,-39.875,44.125,19.09,1.55
2000-01-01T12:00:00Z,0.0,-39.875,48.125,16.98,0.31
2000-01-01T12:00:00Z,0.0,-39.875,52.125,18.0,1.37
2000-01-01T12:00:00Z,0.0,-39.875,56.125,16.36,-0.66
2000-01-01T12:00:00Z,0.0,-39.875,60.125,15.67,-0.95
2000-01-01T12:00:00Z,0.0,-39.875,64.125,15.58,-0.46
2000-01-01T12:00:00Z,0.0,-39.875,68.125,14.42,-1.39
2000-01-01T12:00:00Z,0.0,-39.875,72.125,15.67,0.12
2000-01-01T12:00:00Z,0.0,-39.875,76.125,14.98,-0.31
2000-01-01T12:00:00Z,0.0,-39.875,80.125,14.5,-0.7
2000-01-01T12:00:00Z,0.0,-39.875,84.125,14.43,-0.49
2000-01-01T12:00:00Z,0.0,-39.875,88.125,14.87,0.3
2000-01-01T12:00:00Z,0.0,-39.875,92.125,14.91,0.57
2000-01-01T12:00:00Z,0.0,-39.875,96.125,15.69,1.58
2000-01-01T12:00:00Z,0.0,-39.875,100.125,16.08,2.02
2000-01-01T12:00:00Z,0.0,-39.875,104.125,16.93,2.83
2000-01-01T12:00:00Z,0.0,-39.875,108.125,18.55,4.31
2000-01-01T12:00:00Z,0.0,-39.875,112.125,17.98,3.38
2000-01-01T12:00:00Z,0.0,-39.875,116.125,18.01,3.13
2000-01-01T12:00:00Z,0.0,-39.875,120.125,17.32,2.42
2000-01-01T12:00:00Z,0.0,-39.875,124.125,16.8,1.91
2000-01-01T12:00:00Z,0.0,-39.875,128.125,16.04,1.07
2000-01-01T12:00:00Z,0.0,-39.875,132.125,14.91,-0.13
2000-01-01T12:00:00Z,0.0,-39.875,136.125,14.91,-0.44
2000-01-01T12:00:00Z,0.0,-39.875,140.125,13.99,-1.69
2000-01-01T12:00:00Z,0.0,-39.875,144.125,15.79,-0.41
2000-01-01T12:00:00Z,0.0,-39.875,148.125,17.12,-0.2
2000-01-01T12:00:00Z,0.0,-39.875,152.125,19.0,1.07
2000-01-01T12:00:00Z,0.0,-39.875,156.125,17.97,0.49
2000-01-01T12:00:00Z,0.0,-39.875,160.125,17.12,-0.03
2000-01-01T12:00:00Z,0.0,-39.875,164.125,16.17,-0.77
2000-01-01T12:00:00Z,0.0,-39.875,168.125,15.51,-1.5
2000-01-01T12:00:00Z,0.0,-39.875,172.125,17.28,-0.04
2000-01-01T12:00:00Z,0.0,-39.875,176.125,NaN,NaN
2000-01-01T12:00:00Z,0.0,-39.875,180.125,18.29,0.17
2000-01-01T12:00:00Z,0.0,-39.875,184.125,16.3,-1.32
2000-01-01T12:00:00Z,0.0,-39.875,188.125,15.31,-1.83
2000-01-01T12:00:00Z,0.0,-39.875,192.125,15.3,-1.49
2000-01-01T12:00:00Z,0.0,-39.875,196.125,16.2,-0.21
2000-01-01T12:00:00Z,0.0,-39.875,200.125,15.17,-0.97
2000-01-01T12:00:00Z,0.0,-39.875,204.125,15.73,-0.25
2000-01-01T12:00:00Z,0.0,-39.875,208.125,15.24,-0.61
2000-01-01T12:00:00Z,0.0,-39.875,212.125,13.65,-2.08
2000-01-01T12:00:00Z,0.0,-39.875,216.125,13.97,-1.69
2000-01-01T12:00:00Z,0.0,-39.875,220.125,13.29,-2.27
2000-01-01T12:00:00Z,0.0,-39.875,224.125,14.18,-1.37
2000-01-01T12:00:00Z,0.0,-39.875,228.125,13.42,-2.12
2000-01-01T12:00:00Z,0.0,-39.875,232.125,13.82,-1.65
2000-01-01T12:00:00Z,0.0,-39.875,236.125,13.26,-2.2
2000-01-01T12:00:00Z,0.0,-39.875,240.125,15.01,-0.46
2000-01-01T12:00:00Z,0.0,-39.875,244.125,14.33,-1.16
2000-01-01T12:00:00Z,0.0,-39.875,248.125,14.03,-1.44
2000-01-01T12:00:00Z,0.0,-39.875,252.125,14.19,-1.24
2000-01-01T12:00:00Z,0.0,-39.875,256.125,14.19,-1.07
2000-01-01T12:00:00Z,0.0,-39.875,260.125,14.92,-0.24
2000-01-01T12:00:00Z,0.0,-39.875,264.125,14.34,-0.9
2000-01-01T12:00:00Z,0.0,-39.875,268.125,14.96,-0.39
2000-01-01T12:00:00Z,0.0,-39.875,272.125,14.04,-1.31
2000-01-01T12:00:00Z,0.0,-39.875,276.125,15.34,-0.13
2000-01-01T12:00:00Z,0.0,-39.875,280.125,15.86,0.28
2000-01-01T12:00:00Z,0.0,-39.875,284.125,15.55,-0.28
2000-01-01T12:00:00Z,0.0,-39.875,288.125,NaN,NaN
2000-01-01T12:00:00Z,0.0,-39.875,292.125,NaN,NaN
2000-01-01T12:00:00Z,0.0,-39.875,296.125,NaN,NaN
2000-01-01T12:00:00Z,0.0,-39.875,300.125,18.65,0.81
2000-01-01T12:00:00Z,0.0,-39.875,304.125,16.17,0.92
2000-01-01T12:00:00Z,0.0,-39.875,308.125,19.72,0.9
2000-01-01T12:00:00Z,0.0,-39.875,312.125,18.43,0.48
2000-01-01T12:00:00Z,0.0,-39.875,316.125,16.96,-0.26
2000-01-01T12:00:00Z,0.0,-39.875,320.125,18.56,1.66
2000-01-01T12:00:00Z,0.0,-39.875,324.125,17.4,0.98
2000-01-01T12:00:00Z,0.0,-39.875,328.125,16.31,0.27
2000-01-01T12:00:00Z,0.0,-39.875,332.125,16.38,0.72
2000-01-01T12:00:00Z,0.0,-39.875,336.125,16.27,1.02
2000-01-01T12:00:00Z,0.0,-39.875,340.125,16.27,1.41
2000-01-01T12:00:00Z,0.0,-39.875,344.125,16.37,1.68
2000-01-01T12:00:00Z,0.0,-39.875,348.125,15.74,1.33
2000-01-01T12:00:00Z,0.0,-39.875,352.125,14.6,0.67
2000-01-01T12:00:00Z,0.0,-39.875,356.125,13.19,-0.55
2000-01-01T12:00:00Z,0.0,-35.875,0.125,19.05,0.87
2000-01-01T12:00:00Z,0.0,-35.875,4.125,18.08,-0.04
2000-01-01T12:00:00Z,0.0,-35.875,8.125,17.68,-0.46
2000-01-01T12:00:00Z,0.0,-35.875,12.125,19.65,0.74
2000-01-01T12:00:00Z,0.0,-35.875,16.125,22.29,2.47
2000-01-01T12:00:00Z,0.0,-35.875,20.125,22.16,1.74
2000-01-01T12:00:00Z,0.0,-35.875,24.125,23.99,2.35
2000-01-01T12:00:00Z,0.0,-35.875,28.125,22.77,1.19
2000-01-01T12:00:00Z,0.0,-35.875,32.125,22.15,1.07
2000-01-01T12:00:00Z,0.0,-35.875,36.125,21.32,0.56
2000-01-01T12:00:00Z,0.0,-35.875,40.125,19.15,-1.15
2000-01-01T12:00:00Z,0.0,-35.875,44.125,20.04,0.28
2000-01-01T12:00:00Z,0.0,-35.875,48.125,20.14,0.5
2000-01-01T12:00:00Z,0.0,-35.875,52.125,19.42,0.23
2000-01-01T12:00:00Z,0.0,-35.875,56.125,18.37,-0.57
2000-01-01T12:00:00Z,0.0,-35.875,60.125,19.04,0.11
2000-01-01T12:00:00Z,0.0,-35.875,64.125,17.86,-1.0
2000-01-01T12:00:00Z,0.0,-35.875,68.125,16.91,-1.89
2000-01-01T12:00:00Z,0.0,-35.875,72.125,17.31,-1.49
2000-01-01T12:00:00Z,0.0,-35.875,76.125,16.58,-2.0
2000-01-01T12:00:00Z,0.0,-35.875,80.125,16.77,-1.64
2000-01-01T12:00:00Z,0.0,-35.875,84.125,18.55,0.39
2000-01-01T12:00:00Z,0.0,-35.875,88.125,19.23,1.39
2000-01-01T12:00:00Z,0.0,-35.875,92.125,20.23,2.73
2000-01-01T12:00:00Z,0.0,-35.875,96.125,20.34,3.14
2000-01-01T12:00:00Z,0.0,-35.875,100.125,19.7,2.63
2000-01-01T12:00:00Z,0.0,-35.875,104.125,18.86,1.62
2000-01-01T12:00:00Z,0.0,-35.875,108.125,18.09,0.6
2000-01-01T12:00:00Z,0.0,-35.875,112.125,18.41,0.31
2000-01-01T12:00:00Z,0.0,-35.875,116.125,18.96,0.43
2000-01-01T12:00:00Z,0.0,-35.875,120.125,17.39,-0.84
2000-01-01T12:00:00Z,0.0,-35.875,124.125,18.13,0.25
2000-01-01T12:00:00Z,0.0,-35.875,128.125,17.42,-0.2
2000-01-01T12:00:00Z,0.0,-35.875,132.125,16.8,-0.67
2000-01-01T12:00:00Z,0.0,-35.875,136.125,16.95,-0.71
2000-01-01T12:00:00Z,0.0,-35.875,140.125,NaN,NaN
2000-01-01T12:00:00Z,0.0,-35.875,144.125,NaN,NaN
2000-01-01T12:00:00Z,0.0,-35.875,148.125,NaN,NaN
2000-01-01T12:00:00Z,0.0,-35.875,152.125,19.8,-1.58
2000-01-01T12:00:00Z,0.0,-35.875,156.125,20.15,-0.81
2000-01-01T12:00:00Z,0.0,-35.875,160.125,19.94,-0.43
2000-01-01T12:00:00Z,0.0,-35.875,164.125,18.34,-1.26
2000-01-01T12:00:00Z,0.0,-35.875,168.125,17.12,-1.94
2000-01-01T12:00:00Z,0.0,-35.875,172.125,18.13,-1.1
2000-01-01T12:00:00Z,0.0,-35.875,176.125,18.92,-1.06
2000-01-01T12:00:00Z,0.0,-35.875,180.125,18.06,-1.51
2000-01-01T12:00:00Z,0.0,-35.875,184.125,17.73,-1.63
2000-01-01T12:00:00Z,0.0,-35.875,188.125,17.98,-1.19
2000-01-01T12:00:00Z,0.0,-35.875,192.125,18.02,-0.85
2000-01-01T12:00:00Z,0.0,-35.875,196.125,17.91,-0.67
2000-01-01T12:00:00Z,0.0,-35.875,200.125,17.88,-0.44
2000-01-01T12:00:00Z,0.0,-35.875,204.125,18.4,0.15
2000-01-01T12:00:00Z,0.0,-35.875,208.125,18.53,0.38
2000-01-01T12:00:00Z,0.0,-35.875,212.125,16.85,-1.26
2000-01-01T12:00:00Z,0.0,-35.875,216.125,16.88,-1.2
2000-01-01T12:00:00Z,0.0,-35.875,220.125,16.44,-1.67
2000-01-01T12:00:00Z,0.0,-35.875,224.125,17.72,-0.49
2000-01-01T12:00:00Z,0.0,-35.875,228.125,17.53,-0.73
2000-01-01T12:00:00Z,0.0,-35.875,232.125,16.29,-2.03
2000-01-01T12:00:00Z,0.0,-35.875,236.125,17.53,-0.98
2000-01-01T12:00:00Z,0.0,-35.875,240.125,19.08,0.34
2000-01-01T12:00:00Z,0.0,-35.875,244.125,19.1,0.31
2000-01-01T12:00:00Z,0.0,-35.875,248.125,18.72,-0.11
2000-01-01T12:00:00Z,0.0,-35.875,252.125,19.26,0.53
2000-01-01T12:00:00Z,0.0,-35.875,256.125,18.6,-0.01
2000-01-01T12:00:00Z,0.0,-35.875,260.125,17.88,-0.74
2000-01-01T12:00:00Z,0.0,-35.875,264.125,18.58,-0.02
2000-01-01T12:00:00Z,0.0,-35.875,268.125,18.71,0.22
2000-01-01T12:00:00Z,0.0,-35.875,272.125,18.39,0.09
2000-01-01T12:00:00Z,0.0,-35.875,276.125,17.79,-0.36
2000-01-01T12:00:00Z,0.0,-35.875,280.125,17.74,-0.05
2000-01-01T12:00:00Z,0.0,-35.875,284.125,16.38,-0.51
2000-01-01T12:00:00Z,0.0,-35.875,288.125,NaN,NaN
2000-01-01T12:00:00Z,0.0,-35.875,292.125,NaN,NaN
2000-01-01T12:00:00Z,0.0,-35.875,296.125,NaN,NaN
2000-01-01T12:00:00Z,0.0,-35.875,300.125,NaN,NaN
2000-01-01T12:00:00Z,0.0,-35.875,304.125,22.63,2.14
2000-01-01T12:00:00Z,0.0,-35.875,308.125,22.29,1.23
2000-01-01T12:00:00Z,0.0,-35.875,312.125,20.71,0.35
2000-01-01T12:00:00Z,0.0,-35.875,316.125,20.99,1.15
2000-01-01T12:00:00Z,0.0,-35.875,320.125,20.27,0.9
2000-01-01T12:00:00Z,0.0,-35.875,324.125,19.4,0.47
2000-01-01T12:00:00Z,0.0,-35.875,328.125,18.94,0.36
2000-01-01T12:00:00Z,0.0,-35.875,332.125,18.59,0.27
2000-01-01T12:00:00Z,0.0,-35.875,336.125,19.02,0.83
2000-01-01T12:00:00Z,0.0,-35.875,340.125,19.04,0.73
2000-01-01T12:00:00Z,0.0,-35.875,344.125,19.64,1.29
2000-01-01T12:00:00Z,0.0,-35.875,348.125,19.37,0.97
2000-01-01T12:00:00Z,0.0,-35.875,352.125,19.02,0.83
2000-01-01T12:00:00Z,0.0,-35.875,356.125,18.74,0.61
2000-01-01T12:00:00Z,0.0,-31.875,0.125,19.64,-1.05
2000-01-01T12:00:00Z,0.0,-31.875,4.125,19.07,-1.28
2000-01-01T12:00:00Z,0.0,-31.875,8.125,19.14,-0.8
2000-01-01T12:00:00Z,0.0,-31.875,12.125,21.06,1.33
2000-01-01T12:00:00Z,0.0,-31.875,16.125,19.58,0.71
2000-01-01T12:00:00Z,0.0,-31.875,20.125,NaN,NaN
2000-01-01T12:00:00Z,0.0,-31.875,24.125,NaN,NaN
2000-01-01T12:00:00Z,0.0,-31.875,28.125,NaN,NaN
2000-01-01T12:00:00Z,0.0,-31.875,32.125,25.0,1.22
2000-01-01T12:00:00Z,0.0,-31.875,36.125,24.98,1.52
2000-01-01T12:00:00Z,0.0,-31.875,40.125,24.22,1.0
2000-01-01T12:00:00Z,0.0,-31.875,44.125,24.81,2.14
2000-01-01T12:00:00Z,0.0,-31.875,48.125,22.91,0.33
2000-01-01T12:00:00Z,0.0,-31.875,52.125,22.25,0.03
2000-01-01T12:00:00Z,0.0,-31.875,56.125,21.75,-0.21
2000-01-01T12:00:00Z,0.0,-31.875,60.125,20.51,-1.32
2000-01-01T12:00:00Z,0.0,-31.875,64.125,20.58,-1.27
2000-01-01T12:00:00Z,0.0,-31.875,68.125,19.99,-1.77
2000-01-01T12:00:00Z,0.0,-31.875,72.125,19.96,-1.73
2000-01-01T12:00:00Z,0.0,-31.875,76.125,20.11,-1.32
2000-01-01T12:00:00Z,0.0,-31.875,80.125,21.26,0.02
2000-01-01T12:00:00Z,0.0,-31.875,84.125,22.16,1.2
2000-01-01T12:00:00Z,0.0,-31.875,88.125,22.4,1.81
2000-01-01T12:00:00Z,0.0,-31.875,92.125,21.86,1.65
2000-01-01T12:00:00Z,0.0,-31.875,96.125,21.38,1.52
2000-01-01T12:00:00Z,0.0,-31.875,100.125,19.93,0.35
2000-01-01T12:00:00Z,0.0,-31.875,104.125,19.03,-0.52
2000-01-01T12:00:00Z,0.0,-31.875,108.125,19.44,-0.23
2000-01-01T12:00:00Z,0.0,-31.875,112.125,21.25,0.68
2000-01-01T12:00:00Z,0.0,-31.875,116.125,NaN,NaN
2000-01-01T12:00:00Z,0.0,-31.875,120.125,NaN,NaN
2000-01-01T12:00:00Z,0.0,-31.875,124.125,NaN,NaN
2000-01-01T12:00:00Z,0.0,-31.875,128.125,NaN,NaN
2000-01-01T12:00:00Z,0.0,-31.875,132.125,18.5,-1.38
2000-01-01T12:00:00Z,0.0,-31.875,136.125,NaN,NaN
2000-01-01T12:00:00Z,0.0,-31.875,140.125,NaN,NaN
2000-01-01T12:00:00Z,0.0,-31.875,144.125,NaN,NaN
2000-01-01T12:00:00Z,0.0,-31.875,148.125,NaN,NaN
2000-01-01T12:00:00Z,0.0,-31.875,152.125,NaN,NaN
2000-01-01T12:00:00Z,0.0,-31.875,156.125,22.54,-0.88
2000-01-01T12:00:00Z,0.0,-31.875,160.125,22.54,-0.12
2000-01-01T12:00:00Z,0.0,-31.875,164.125,21.1,-0.85
2000-01-01T12:00:00Z,0.0,-31.875,168.125,20.41,-0.82
2000-01-01T12:00:00Z,0.0,-31.875,172.125,20.3,-0.91
2000-01-01T12:00:00Z,0.0,-31.875,176.125,19.29,-2.26
2000-01-01T12:00:00Z,0.0,-31.875,180.125,19.66,-1.71
2000-01-01T12:00:00Z,0.0,-31.875,184.125,20.86,-0.53
2000-01-01T12:00:00Z,0.0,-31.875,188.125,20.87,-0.33
2000-01-01T12:00:00Z,0.0,-31.875,192.125,21.09,0.16
2000-01-01T12:00:00Z,0.0,-31.875,196.125,21.07,0.31
2000-01-01T12:00:00Z,0.0,-31.875,200.125,21.42,0.77
2000-01-01T12:00:00Z,0.0,-31.875,204.125,21.98,1.35
2000-01-01T12:00:00Z,0.0,-31.875,208.125,20.63,0.03
2000-01-01T12:00:00Z,0.0,-31.875,212.125,20.53,-0.17
2000-01-01T12:00:00Z,0.0,-31.875,216.125,21.6,0.81
2000-01-01T12:00:00Z,0.0,-31.875,220.125,20.95,-0.01
2000-01-01T12:00:00Z,0.0,-31.875,224.125,19.48,-1.64
2000-01-01T12:00:00Z,0.0,-31.875,228.125,21.41,0.09
2000-01-01T12:00:00Z,0.0,-31.875,232.125,19.75,-1.74
2000-01-01T12:00:00Z,0.0,-31.875,236.125,21.19,-0.54
2000-01-01T12:00:00Z,0.0,-31.875,240.125,22.64,0.84
2000-01-01T12:00:00Z,0.0,-31.875,244.125,22.84,1.06
2000-01-01T12:00:00Z,0.0,-31.875,248.125,22.11,0.44
2000-01-01T12:00:00Z,0.0,-31.875,252.125,21.77,0.25
2000-01-01T12:00:00Z,0.0,-31.875,256.125,21.17,-0.19
2000-01-01T12:00:00Z,0.0,-31.875,260.125,21.98,0.85
2000-01-01T12:00:00Z,0.0,-31.875,264.125,21.79,0.9
2000-01-01T12:00:00Z,0.0,-31.875,268.125,20.55,-0.13
2000-01-01T12:00:00Z,0.0,-31.875,272.125,21.06,0.7
2000-01-01T12:00:00Z,0.0,-31.875,276.125,20.03,0.17
2000-01-01T12:00:00Z,0.0,-31.875,280.125,19.2,0.12
2000-01-01T12:00:00Z,0.0,-31.875,284.125,18.12,0.16
2000-01-01T12:00:00Z,0.0,-31.875,288.125,17.7,0.69
2000-01-01T12:00:00Z,0.0,-31.875,292.125,NaN,NaN
2000-01-01T12:00:00Z,0.0,-31.875,296.125,NaN,NaN
2000-01-01T12:00:00Z,0.0,-31.875,300.125,NaN,NaN
2000-01-01T12:00:00Z,0.0,-31.875,304.125,NaN,NaN
2000-01-01T12:00:00Z,0.0,-31.875,308.125,22.86,0.21
2000-01-01T12:00:00Z,0.0,-31.875,312.125,22.55,-0.38
2000-01-01T12:00:00Z,0.0,-31.875,316.125,22.26,0.31
2000-01-01T12:00:00Z,0.0,-31.875,320.125,21.77,0.2
2000-01-01T12:00:00Z,0.0,-31.875,324.125,22.26,0.84
2000-01-01T12:00:00Z,0.0,-31.875,328.125,21.82,0.43
2000-01-01T12:00:00Z,0.0,-31.875,332.125,21.81,0.39
2000-01-01T12:00:00Z,0.0,-31.875,336.125,22.47,0.91
2000-01-01T12:00:00Z,0.0,-31.875,340.125,22.56,0.95
2000-01-01T12:00:00Z,0.0,-31.875,344.125,22.15,0.59
2000-01-01T12:00:00Z,0.0,-31.875,348.125,22.38,0.83
2000-01-01T12:00:00Z,0.0,-31.875,352.125,21.1,-0.26
2000-01-01T12:00:00Z,0.0,-31.875,356.125,20.3,-0.63
2000-01-01T12:00:00Z,0.0,-27.875,0.125,20.39,-1.35
2000-01-01T12:00:00Z,0.0,-27.875,4.125,19.47,-1.58
2000-01-01T12:00:00Z,0.0,-27.875,8.125,20.44,0.08
2000-01-01T12:00:00Z,0.0,-27.875,12.125,20.85,1.23
2000-01-01T12:00:00Z,0.0,-27.875,16.125,NaN,NaN
2000-01-01T12:00:00Z,0.0,-27.875,20.125,NaN,NaN
2000-01-01T12:00:00Z,0.0,-27.875,24.125,NaN,NaN
2000-01-01T12:00:00Z,0.0,-27.875,28.125,NaN,NaN
2000-01-01T12:00:00Z,0.0,-27.875,32.125,NaN,NaN
2000-01-01T12:00:00Z,0.0,-27.875,36.125,26.05,0.41
2000-01-01T12:00:00Z,0.0,-27.875,40.125,26.73,1.29
2000-01-01T12:00:00Z,0.0,-27.875,44.125,25.54,0.2
2000-01-01T12:00:00Z,0.0,-27.875,48.125,25.77,0.74
2000-01-01T12:00:00Z,0.0,-27.875,52.125,24.68,-0.4
2000-01-01T12:00:00Z,0.0,-27.875,56.125,23.56,-1.15
2000-01-01T12:00:00Z,0.0,-27.875,60.125,22.59,-1.94
2000-01-01T12:00:00Z,0.0,-27.875,64.125,22.57,-1.79
2000-01-01T12:00:00Z,0.0,-27.875,68.125,22.81,-1.38
2000-01-01T12:00:00Z,0.0,-27.875,72.125,23.19,-0.79
2000-01-01T12:00:00Z,0.0,-27.875,76.125,23.61,-0.04
2000-01-01T12:00:00Z,0.0,-27.875,80.125,23.12,-0.22
2000-01-01T12:00:00Z,0.0,-27.875,84.125,23.25,0.26
2000-01-01T12:00:00Z,0.0,-27.875,88.125,23.11,0.6
2000-01-01T12:00:00Z,0.0,-27.875,92.125,22.18,0.1
2000-01-01T12:00:00Z,0.0,-27.875,96.125,21.28,-0.51
2000-01-01T12:00:00Z,0.0,-27.875,100.125,20.38,-1.18
2000-01-01T12:00:00Z,0.0,-27.875,104.125,20.19,-1.29
2000-01-01T12:00:00Z,0.0,-27.875,108.125,23.25,1.6
2000-01-01T12:00:00Z,0.0,-27.875,112.125,24.11,1.61
2000-01-01T12:00:00Z,0.0,-27.875,116.125,NaN,NaN
2000-01-01T12:00:00Z,0.0,-27.875,120.125,NaN,NaN
2000-01-01T12:00:00Z,0.0,-27.875,124.125,NaN,NaN
2000-01-01T12:00:00Z,0.0,-27.875,128.125,NaN,NaN
2000-01-01T12:00:00Z,0.0,-27.875,132.125,NaN,NaN
2000-01-01T12:00:00Z,0.0,-27.875,136.125,NaN,NaN
2000-01-01T12:00:00Z,0.0,-27.875,140.125,NaN,NaN
2000-01-01T12:00:00Z,0.0,-27.875,144.125,NaN,NaN
2000-01-01T12:00:00Z,0.0,-27.875,148.125,NaN,NaN
2000-01-01T12:00:00Z,0.0,-27.875,152.125,NaN,NaN
2000-01-01T12:00:00Z,0.0,-27.875,156.125,23.33,-1.44
2000-01-01T12:00:00Z,0.0,-27.875,160.125,22.39,-1.58
2000-01-01T12:00:00Z,0.0,-27.875,164.125,22.45,-1.17
2000-01-01T12:00:00Z,0.0,-27.875,168.125,22.29,-1.09
2000-01-01T12:00:00Z,0.0,-27.875,172.125,23.04,-0.38
2000-01-01T12:00:00Z,0.0,-27.875,176.125,22.48,-1.13
2000-01-01T12:00:00Z,0.0,-27.875,180.125,22.79,-0.79
2000-01-01T12:00:00Z,0.0,-27.875,184.125,23.53,0.09
2000-01-01T12:00:00Z,0.0,-27.875,188.125,23.9,0.62
2000-01-01T12:00:00Z,0.0,-27.875,192.125,23.48,0.39
2000-01-01T12:00:00Z,0.0,-27.875,196.125,24.24,1.16
2000-01-01T12:00:00Z,0.0,-27.875,200.125,22.95,-0.06
2000-01-01T12:00:00Z,0.0,-27.875,204.125,23.14,0.17
2000-01-01T12:00:00Z,0.0,-27.875,208.125,22.98,-0.09
2000-01-01T12:00:00Z,0.0,-27.875,212.125,24.57,1.39
2000-01-01T12:00:00Z,0.0,-27.875,216.125,23.56,0.22
2000-01-01T12:00:00Z,0.0,-27.875,220.125,23.12,-0.49
2000-01-01T12:00:00Z,0.0,-27.875,224.125,23.06,-0.81
2000-01-01T12:00:00Z,0.0,-27.875,228.125,23.16,-0.86
2000-01-01T12:00:00Z,0.0,-27.875,232.125,23.86,-0.27
2000-01-01T12:00:00Z,0.0,-27.875,236.125,23.78,-0.42
2000-01-01T12:00:00Z,0.0,-27.875,240.125,23.84,-0.22
2000-01-01T12:00:00Z,0.0,-27.875,244.125,23.78,-0.14
2000-01-01T12:00:00Z,0.0,-27.875,248.125,24.18,0.5
2000-01-01T12:00:00Z,0.0,-27.875,252.125,23.66,0.31
2000-01-01T12:00:00Z,0.0,-27.875,256.125,23.56,0.55
2000-01-01T12:00:00Z,0.0,-27.875,260.125,23.07,0.41
2000-01-01T12:00:00Z,0.0,-27.875,264.125,23.37,1.12
2000-01-01T12:00:00Z,0.0,-27.875,268.125,22.2,0.43
2000-01-01T12:00:00Z,0.0,-27.875,272.125,21.68,0.53
2000-01-01T12:00:00Z,0.0,-27.875,276.125,20.74,0.33
2000-01-01T12:00:00Z,0.0,-27.875,280.125,19.6,0.07
2000-01-01T12:00:00Z,0.0,-27.875,284.125,18.37,-0.16
2000-01-01T12:00:00Z,0.0,-27.875,288.125,17.19,-1.02
2000-01-01T12:00:00Z,0.0,-27.875,292.125,NaN,NaN
2000-01-01T12:00:00Z,0.0,-27.875,296.125,NaN,NaN
2000-01-01T12:00:00Z,0.0,-27.875,300.125,NaN,NaN
2000-01-01T12:00:00Z,0.0,-27.875,304.125,NaN,NaN
2000-01-01T12:00:00Z,0.0,-27.875,308.125,NaN,NaN
2000-01-01T12:00:00Z,0.0,-27.875,312.125,25.68,0.89
2000-01-01T12:00:00Z,0.0,-27.875,316.125,24.75,0.41
2000-01-01T12:00:00Z,0.0,-27.875,320.125,25.49,1.56
2000-01-01T12:00:00Z,0.0,-27.875,324.125,24.38,0.48
2000-01-01T12:00:00Z,0.0,-27.875,328.125,23.98,0.08
2000-01-01T12:00:00Z,0.0,-27.875,332.125,24.43,0.4
2000-01-01T12:00:00Z,0.0,-27.875,336.125,23.31,-0.73
2000-01-01T12:00:00Z,0.0,-27.875,340.125,23.32,-0.63
2000-01-01T12:00:00Z,0.0,-27.875,344.125,23.69,-0.07
2000-01-01T12:00:00Z,0.0,-27.875,348.125,22.92,-0.48
2000-01-01T12:00:00Z,0.0,-27.875,352.125,21.96,-1.02
2000-01-01T12:00:00Z,0.0,-27.875,356.125,21.14,-1.24
2000-01-01T12:00:00Z,0.0,-23.875,0.125,20.83,-0.97
2000-01-01T12:00:00Z,0.0,-23.875,4.125,19.81,-1.31
2000-01-01T12:00:00Z,0.0,-23.875,8.125,20.55,0.03
2000-01-01T12:00:00Z,0.0,-23.875,12.125,20.68,1.97
2000-01-01T12:00:00Z,0.0,-23.875,16.125,NaN,NaN
2000-01-01T12:00:00Z,0.0,-23.875,20.125,NaN,NaN
2000-01-01T12:00:00Z,0.0,-23.875,24.125,NaN,NaN
2000-01-01T12:00:00Z,0.0,-23.875,28.125,NaN,NaN
2000-01-01T12:00:00Z,0.0,-23.875,32.125,NaN,NaN
2000-01-01T12:00:00Z,0.0,-23.875,36.125,28.46,1.19
2000-01-01T12:00:00Z,0.0,-23.875,40.125,28.63,1.33
2000-01-01T12:00:00Z,0.0,-23.875,44.125,NaN,NaN
2000-01-01T12:00:00Z,0.0,-23.875,48.125,27.04,0.21
2000-01-01T12:00:00Z,0.0,-23.875,52.125,26.45,-0.2
2000-01-01T12:00:00Z,0.0,-23.875,56.125,25.34,-1.03
2000-01-01T12:00:00Z,0.0,-23.875,60.125,25.15,-1.0
2000-01-01T12:00:00Z,0.0,-23.875,64.125,24.63,-1.18
2000-01-01T12:00:00Z,0.0,-23.875,68.125,24.84,-0.71
2000-01-01T12:00:00Z,0.0,-23.875,72.125,25.04,-0.16
2000-01-01T12:00:00Z,0.0,-23.875,76.125,24.7,-0.19
2000-01-01T12:00:00Z,0.0,-23.875,80.125,25.02,0.47
2000-01-01T12:00:00Z,0.0,-23.875,84.125,24.08,-0.07
2000-01-01T12:00:00Z,0.0,-23.875,88.125,24.29,0.41
2000-01-01T12:00:00Z,0.0,-23.875,92.125,25.53,1.87
2000-01-01T12:00:00Z,0.0,-23.875,96.125,21.97,-1.47
2000-01-01T12:00:00Z,0.0,-23.875,100.125,22.67,-0.48
2000-01-01T12:00:00Z,0.0,-23.875,104.125,21.97,-0.98
2000-01-01T12:00:00Z,0.0,-23.875,108.125,23.46,0.14
2000-01-01T12:00:00Z,0.0,-23.875,112.125,24.57,0.34
2000-01-01T12:00:00Z,0.0,-23.875,116.125,NaN,NaN
2000-01-01T12:00:00Z,0.0,-23.875,120.125,NaN,NaN
2000-01-01T12:00:00Z,0.0,-23.875,124.125,NaN,NaN
2000-01-01T12:00:00Z,0.0,-23.875,128.125,NaN,NaN
2000-01-01T12:00:00Z,0.0,-23.875,132.125,NaN,NaN
2000-01-01T12:00:00Z,0.0,-23.875,136.125,NaN,NaN
2000-01-01T12:00:00Z,0.0,-23.875,140.125,NaN,NaN
2000-01-01T12:00:00Z,0.0,-23.875,144.125,NaN,NaN
2000-01-01T12:00:00Z,0.0,-23.875,148.125,NaN,NaN
2000-01-01T12:00:00Z,0.0,-23.875,152.125,25.24,-1.55
2000-01-01T12:00:00Z,0.0,-23.875,156.125,24.99,-1.18
2000-01-01T12:00:00Z,0.0,-23.875,160.125,23.42,-2.08
2000-01-01T12:00:00Z,0.0,-23.875,164.125,24.12,-1.21
2000-01-01T12:00:00Z,0.0,-23.875,168.125,24.77,-0.6
2000-01-01T12:00:00Z,0.0,-23.875,172.125,24.47,-1.0
2000-01-01T12:00:00Z,0.0,-23.875,176.125,24.64,-0.84
2000-01-01T12:00:00Z,0.0,-23.875,180.125,25.18,-0.24
2000-01-01T12:00:00Z,0.0,-23.875,184.125,25.24,-0.1
2000-01-01T12:00:00Z,0.0,-23.875,188.125,26.38,1.15
2000-01-01T12:00:00Z,0.0,-23.875,192.125,25.89,0.67
2000-01-01T12:00:00Z,0.0,-23.875,196.125,25.51,0.27
2000-01-01T12:00:00Z,0.0,-23.875,200.125,25.73,0.5
2000-01-01T12:00:00Z,0.0,-23.875,204.125,25.92,0.72
2000-01-01T12:00:00Z,0.0,-23.875,208.125,26.08,0.91
2000-01-01T12:00:00Z,0.0,-23.875,212.125,25.49,0.16
2000-01-01T12:00:00Z,0.0,-23.875,216.125,25.45,-0.11
2000-01-01T12:00:00Z,0.0,-23.875,220.125,26.06,0.4
2000-01-01T12:00:00Z,0.0,-23.875,224.125,24.58,-1.21
2000-01-01T12:00:00Z,0.0,-23.875,228.125,25.19,-0.69
2000-01-01T12:00:00Z,0.0,-23.875,232.125,25.9,0.11
2000-01-01T12:00:00Z,0.0,-23.875,236.125,25.87,0.27
2000-01-01T12:00:00Z,0.0,-23.875,240.125,25.34,0.01
2000-01-01T12:00:00Z,0.0,-23.875,244.125,25.19,0.22
2000-01-01T12:00:00Z,0.0,-23.875,248.125,24.75,0.2
2000-01-01T12:00:00Z,0.0,-23.875,252.125,24.89,0.77
2000-01-01T12:00:00Z,0.0,-23.875,256.125,24.67,1.03
2000-01-01T12:00:00Z,0.0,-23.875,260.125,23.97,0.85
2000-01-01T12:00:00Z,0.0,-23.875,264.125,22.61,0.07
2000-01-01T12:00:00Z,0.0,-23.875,268.125,22.41,0.5
2000-01-01T12:00:00Z,0.0,-23.875,272.125,21.55,0.33
2000-01-01T12:00:00Z,0.0,-23.875,276.125,20.34,-0.19
2000-01-01T12:00:00Z,0.0,-23.875,280.125,19.66,-0.18
2000-01-01T12:00:00Z,0.0,-23.875,284.125,18.34,-1.04
2000-01-01T12:00:00Z,0.0,-23.875,288.125,20.38,0.02
2000-01-01T12:00:00Z,0.0,-23.875,292.125,NaN,NaN
2000-01-01T12:00:00Z,0.0,-23.875,296.125,NaN,NaN
2000-01-01T12:00:00Z,0.0,-23.875,300.125,NaN,NaN
2000-01-01T12:00:00Z,0.0,-23.875,304.125,NaN,NaN
2000-01-01T12:00:00Z,0.0,-23.875,308.125,NaN,NaN
2000-01-01T12:00:00Z,0.0,-23.875,312.125,NaN,NaN
2000-01-01T12:00:00Z,0.0,-23.875,316.125,25.41,0.34
2000-01-01T12:00:00Z,0.0,-23.875,320.125,26.42,0.92
2000-01-01T12:00:00Z,0.0,-23.875,324.125,26.29,0.62
2000-01-01T12:00:00Z,0.0,-23.875,328.125,25.16,-0.56
2000-01-01T12:00:00Z,0.0,-23.875,332.125,25.02,-0.61
2000-01-01T12:00:00Z,0.0,-23.875,336.125,24.37,-1.1
2000-01-01T12:00:00Z,0.0,-23.875,340.125,24.4,-0.66
2000-01-01T12:00:00Z,0.0,-23.875,344.125,23.29,-1.22
2000-01-01T12:00:00Z,0.0,-23.875,348.125,22.64,-1.28
2000-01-01T12:00:00Z,0.0,-23.875,352.125,21.86,-1.42
2000-01-01T12:00:00Z,0.0,-23.875,356.125,21.33,-1.18
2000-01-01T12:00:00Z,0.0,-19.875,0.125,21.54,-0.14
2000-01-01T12:00:00Z,0.0,-19.875,4.125,21.46,0.12
2000-01-01T12:00:00Z,0.0,-19.875,8.125,21.05,0.37
2000-01-01T12:00:00Z,0.0,-19.875,12.125,18.71,0.05
2000-01-01T12:00:00Z,0.0,-19.875,16.125,NaN,NaN
2000-01-01T12:00:00Z,0.0,-19.875,20.125,NaN,NaN
2000-01-01T12:00:00Z,0.0,-19.875,24.125,NaN,NaN
2000-01-01T12:00:00Z,0.0,-19.875,28.125,NaN,NaN
2000-01-01T12:00:00Z,0.0,-19.875,32.125,NaN,NaN
2000-01-01T12:00:00Z,0.0,-19.875,36.125,29.68,1.75
2000-01-01T12:00:00Z,0.0,-19.875,40.125,29.99,1.62
2000-01-01T12:00:00Z,0.0,-19.875,44.125,29.97,1.34
2000-01-01T12:00:00Z,0.0,-19.875,48.125,NaN,NaN
2000-01-01T12:00:00Z,0.0,-19.875,52.125,26.74,-0.77
2000-01-01T12:00:00Z,0.0,-19.875,56.125,25.76,-1.35
2000-01-01T12:00:00Z,0.0,-19.875,60.125,25.36,-1.47
2000-01-01T12:00:00Z,0.0,-19.875,64.125,25.43,-1.09
2000-01-01T12:00:00Z,0.0,-19.875,68.125,25.31,-1.0
2000-01-01T12:00:00Z,0.0,-19.875,72.125,26.33,0.25
2000-01-01T12:00:00Z,0.0,-19.875,76.125,26.25,0.39
2000-01-01T12:00:00Z,0.0,-19.875,80.125,25.33,-0.28
2000-01-01T12:00:00Z,0.0,-19.875,84.125,25.67,0.11
2000-01-01T12:00:00Z,0.0,-19.875,88.125,24.7,-0.71
2000-01-01T12:00:00Z,0.0,-19.875,92.125,25.96,0.62
2000-01-01T12:00:00Z,0.0,-19.875,96.125,24.54,-0.48
2000-01-01T12:00:00Z,0.0,-19.875,100.125,25.01,0.36
2000-01-01T12:00:00Z,0.0,-19.875,104.125,24.06,-0.61
2000-01-01T12:00:00Z,0.0,-19.875,108.125,24.77,-0.26
2000-01-01T12:00:00Z,0.0,-19.875,112.125,26.73,0.55
2000-01-01T12:00:00Z,0.0,-19.875,116.125,29.09,1.41
2000-01-01T12:00:00Z,0.0,-19.875,120.125,30.0,1.5
2000-01-01T12:00:00Z,0.0,-19.875,124.125,NaN,NaN
2000-01-01T12:00:00Z,0.0,-19.875,128.125,NaN,NaN
2000-01-01T12:00:00Z,0.0,-19.875,132.125,NaN,NaN
2000-01-01T12:00:00Z,0.0,-19.875,136.125,NaN,NaN
2000-01-01T12:00:00Z,0.0,-19.875,140.125,NaN,NaN
2000-01-01T12:00:00Z,0.0,-19.875,144.125,NaN,NaN
2000-01-01T12:00:00Z,0.0,-19.875,148.125,27.52,-0.42
2000-01-01T12:00:00Z,0.0,-19.875,152.125,27.68,0.16
2000-01-01T12:00:00Z,0.0,-19.875,156.125,27.63,0.44
2000-01-01T12:00:00Z,0.0,-19.875,160.125,25.47,-1.51
2000-01-01T12:00:00Z,0.0,-19.875,164.125,27.09,0.05
2000-01-01T12:00:00Z,0.0,-19.875,168.125,27.34,0.14
2000-01-01T12:00:00Z,0.0,-19.875,172.125,27.34,0.17
2000-01-01T12:00:00Z,0.0,-19.875,176.125,27.26,-0.01
2000-01-01T12:00:00Z,0.0,-19.875,180.125,27.38,0.26
2000-01-01T12:00:00Z,0.0,-19.875,184.125,27.98,0.92
2000-01-01T12:00:00Z,0.0,-19.875,188.125,27.22,0.12
2000-01-01T12:00:00Z,0.0,-19.875,192.125,26.61,-0.52
2000-01-01T12:00:00Z,0.0,-19.875,196.125,26.83,-0.27
2000-01-01T12:00:00Z,0.0,-19.875,200.125,27.52,0.5
2000-01-01T12:00:00Z,0.0,-19.875,204.125,27.58,0.57
2000-01-01T12:00:00Z,0.0,-19.875,208.125,27.36,0.28
2000-01-01T12:00:00Z,0.0,-19.875,212.125,28.86,1.69
2000-01-01T12:00:00Z,0.0,-19.875,216.125,28.08,0.88
2000-01-01T12:00:00Z,0.0,-19.875,220.125,27.15,0.01
2000-01-01T12:00:00Z,0.0,-19.875,224.125,27.31,0.19
2000-01-01T12:00:00Z,0.0,-19.875,228.125,26.56,-0.36
2000-01-01T12:00:00Z,0.0,-19.875,232.125,27.22,0.6
2000-01-01T12:00:00Z,0.0,-19.875,236.125,27.1,0.78
2000-01-01T12:00:00Z,0.0,-19.875,240.125,26.26,0.36
2000-01-01T12:00:00Z,0.0,-19.875,244.125,25.32,-0.09
2000-01-01T12:00:00Z,0.0,-19.875,248.125,24.94,0.08
2000-01-01T12:00:00Z,0.0,-19.875,252.125,24.56,0.3
2000-01-01T12:00:00Z,0.0,-19.875,256.125,24.03,0.37
2000-01-01T12:00:00Z,0.0,-19.875,260.125,23.36,0.31
2000-01-01T12:00:00Z,0.0,-19.875,264.125,22.36,-0.07
2000-01-01T12:00:00Z,0.0,-19.875,268.125,21.2,-0.61
2000-01-01T12:00:00Z,0.0,-19.875,272.125,20.83,-0.32
2000-01-01T12:00:00Z,0.0,-19.875,276.125,20.02,-0.51
2000-01-01T12:00:00Z,0.0,-19.875,280.125,19.25,-0.94
2000-01-01T12:00:00Z,0.0,-19.875,284.125,20.77,-0.31
2000-01-01T12:00:00Z,0.0,-19.875,288.125,22.52,0.01
2000-01-01T12:00:00Z,0.0,-19.875,292.125,NaN,NaN
2000-01-01T12:00:00Z,0.0,-19.875,296.125,NaN,NaN
2000-01-01T12:00:00Z,0.0,-19.875,300.125,NaN,NaN
2000-01-01T12:00:00Z,0.0,-19.875,304.125,NaN,NaN
2000-01-01T12:00:00Z,0.0,-19.875,308.125,NaN,NaN
2000-01-01T12:00:00Z,0.0,-19.875,312.125,NaN,NaN
2000-01-01T12:00:00Z,0.0,-19.875,316.125,NaN,NaN
2000-01-01T12:00:00Z,0.0,-19.875,320.125,26.65,0.57
2000-01-01T12:00:00Z,0.0,-19.875,324.125,26.25,-0.42
2000-01-01T12:00:00Z,0.0,-19.875,328.125,25.56,-0.93
2000-01-01T12:00:00Z,0.0,-19.875,332.125,25.52,-0.58
2000-01-01T12:00:00Z,0.0,-19.875,336.125,24.5,-1.06
2000-01-01T12:00:00Z,0.0,-19.875,340.125,23.97,-0.93
2000-01-01T12:00:00Z,0.0,-19.875,344.125,23.68,-0.48
2000-01-01T12:00:00Z,0.0,-19.875,348.125,22.31,-1.07
2000-01-01T12:00:00Z,0.0,-19.875,352.125,21.96,-0.75
2000-01-01T12:00:00Z,0.0,-19.875,356.125,21.83,-0.31
2000-01-01T12:00:00Z,0.0,-15.875,0.125,21.59,-0.56
2000-01-01T12:00:00Z,0.0,-15.875,4.125,21.84,-0.2
2000-01-01T12:00:00Z,0.0,-15.875,8.125,22.01,0.31
2000-01-01T12:00:00Z,0.0,-15.875,12.125,NaN,NaN
2000-01-01T12:00:00Z,0.0,-15.875,16.125,NaN,NaN
2000-01-01T12:00:00Z,0.0,-15.875,20.125,NaN,NaN
2000-01-01T12:00:00Z,0.0,-15.875,24.125,NaN,NaN
2000-01-01T12:00:00Z,0.0,-15.875,28.125,NaN,NaN
2000-01-01T12:00:00Z,0.0,-15.875,32.125,NaN,NaN
2000-01-01T12:00:00Z,0.0,-15.875,36.125,NaN,NaN
2000-01-01T12:00:00Z,0.0,-15.875,40.125,NaN,NaN
2000-01-01T12:00:00Z,0.0,-15.875,44.125,28.71,-0.14
2000-01-01T12:00:00Z,0.0,-15.875,48.125,NaN,NaN
2000-01-01T12:00:00Z,0.0,-15.875,52.125,26.75,-1.14
2000-01-01T12:00:00Z,0.0,-15.875,56.125,26.54,-1.14
2000-01-01T12:00:00Z,0.0,-15.875,60.125,25.49,-1.96
2000-01-01T12:00:00Z,0.0,-15.875,64.125,26.73,-0.59
2000-01-01T12:00:00Z,0.0,-15.875,68.125,26.9,-0.3
2000-01-01T12:00:00Z,0.0,-15.875,72.125,27.32,0.19
2000-01-01T12:00:00Z,0.0,-15.875,76.125,27.34,0.16
2000-01-01T12:00:00Z,0.0,-15.875,80.125,26.92,-0.3
2000-01-01T12:00:00Z,0.0,-15.875,84.125,26.92,-0.24
2000-01-01T12:00:00Z,0.0,-15.875,88.125,26.99,-0.08
2000-01-01T12:00:00Z,0.0,-15.875,92.125,27.38,0.56
2000-01-01T12:00:00Z,0.0,-15.875,96.125,26.79,0.23
2000-01-01T12:00:00Z,0.0,-15.875,100.125,26.08,-0.23
2000-01-01T12:00:00Z,0.0,-15.875,104.125,26.67,0.06
2000-01-01T12:00:00Z,0.0,-15.875,108.125,26.89,-0.21
2000-01-01T12:00:00Z,0.0,-15.875,112.125,27.67,-0.04
2000-01-01T12:00:00Z,0.0,-15.875,116.125,29.07,0.58
2000-01-01T12:00:00Z,0.0,-15.875,120.125,29.29,0.13
2000-01-01T12:00:00Z,0.0,-15.875,124.125,29.53,0.37
2000-01-01T12:00:00Z,0.0,-15.875,128.125,NaN,NaN
2000-01-01T12:00:00Z,0.0,-15.875,132.125,NaN,NaN
2000-01-01T12:00:00Z,0.0,-15.875,136.125,NaN,NaN
2000-01-01T12:00:00Z,0.0,-15.875,140.125,30.24,0.26
2000-01-01T12:00:00Z,0.0,-15.875,144.125,NaN,NaN
2000-01-01T12:00:00Z,0.0,-15.875,148.125,28.59,0.25
2000-01-01T12:00:00Z,0.0,-15.875,152.125,28.59,0.25
2000-01-01T12:00:00Z,0.0,-15.875,156.125,27.9,-0.55
2000-01-01T12:00:00Z,0.0,-15.875,160.125,28.85,0.45
2000-01-01T12:00:00Z,0.0,-15.875,164.125,28.25,-0.18
2000-01-01T12:00:00Z,0.0,-15.875,168.125,28.25,-0.25
2000-01-01T12:00:00Z,0.0,-15.875,172.125,29.19,0.66
2000-01-01T12:00:00Z,0.0,-15.875,176.125,28.42,-0.25
2000-01-01T12:00:00Z,0.0,-15.875,180.125,28.07,-0.39
2000-01-01T12:00:00Z,0.0,-15.875,184.125,28.56,0.09
2000-01-01T12:00:00Z,0.0,-15.875,188.125,29.23,0.75
2000-01-01T12:00:00Z,0.0,-15.875,192.125,29.27,0.81
2000-01-01T12:00:00Z,0.0,-15.875,196.125,28.82,0.45
2000-01-01T12:00:00Z,0.0,-15.875,200.125,28.01,-0.31
2000-01-01T12:00:00Z,0.0,-15.875,204.125,28.66,0.37
2000-01-01T12:00:00Z,0.0,-15.875,208.125,28.5,0.24
2000-01-01T12:00:00Z,0.0,-15.875,212.125,28.5,0.33
2000-01-01T12:00:00Z,0.0,-15.875,216.125,28.13,0.0
2000-01-01T12:00:00Z,0.0,-15.875,220.125,28.84,0.85
2000-01-01T12:00:00Z,0.0,-15.875,224.125,28.48,0.69
2000-01-01T12:00:00Z,0.0,-15.875,228.125,28.11,0.65
2000-01-01T12:00:00Z,0.0,-15.875,232.125,27.4,0.33
2000-01-01T12:00:00Z,0.0,-15.875,236.125,26.48,-0.14
2000-01-01T12:00:00Z,0.0,-15.875,240.125,25.56,-0.54
2000-01-01T12:00:00Z,0.0,-15.875,244.125,25.08,-0.48
2000-01-01T12:00:00Z,0.0,-15.875,248.125,24.46,-0.52
2000-01-01T12:00:00Z,0.0,-15.875,252.125,24.15,-0.23
2000-01-01T12:00:00Z,0.0,-15.875,256.125,23.31,-0.42
2000-01-01T12:00:00Z,0.0,-15.875,260.125,22.66,-0.45
2000-01-01T12:00:00Z,0.0,-15.875,264.125,21.65,-0.84
2000-01-01T12:00:00Z,0.0,-15.875,268.125,20.8,-1.07
2000-01-01T12:00:00Z,0.0,-15.875,272.125,20.39,-0.98
2000-01-01T12:00:00Z,0.0,-15.875,276.125,20.74,-0.48
2000-01-01T12:00:00Z,0.0,-15.875,280.125,21.04,-0.63
2000-01-01T12:00:00Z,0.0,-15.875,284.125,21.13,-0.29
2000-01-01T12:00:00Z,0.0,-15.875,288.125,NaN,NaN
2000-01-01T12:00:00Z,0.0,-15.875,292.125,NaN,NaN
2000-01-01T12:00:00Z,0.0,-15.875,296.125,NaN,NaN
2000-01-01T12:00:00Z,0.0,-15.875,300.125,NaN,NaN
2000-01-01T12:00:00Z,0.0,-15.875,304.125,NaN,NaN
2000-01-01T12:00:00Z,0.0,-15.875,308.125,NaN,NaN
2000-01-01T12:00:00Z,0.0,-15.875,312.125,NaN,NaN
2000-01-01T12:00:00Z,0.0,-15.875,316.125,NaN,NaN
2000-01-01T12:00:00Z,0.0,-15.875,320.125,NaN,NaN
2000-01-01T12:00:00Z,0.0,-15.875,324.125,27.24,-0.05
2000-01-01T12:00:00Z,0.0,-15.875,328.125,26.98,0.04
2000-01-01T12:00:00Z,0.0,-15.875,332.125,26.07,-0.16
2000-01-01T12:00:00Z,0.0,-15.875,336.125,25.24,-0.17
2000-01-01T12:00:00Z,0.0,-15.875,340.125,24.44,-0.17
2000-01-01T12:00:00Z,0.0,-15.875,344.125,23.65,-0.13
2000-01-01T12:00:00Z,0.0,-15.875,348.125,22.83,-0.32
2000-01-01T12:00:00Z,0.0,-15.875,352.125,22.25,-0.37
2000-01-01T12:00:00Z,0.0,-15.875,356.125,21.57,-0.7
2000-01-01T12:00:00Z,0.0,-11.875,0.125,23.69,0.27
2000-01-01T12:00:00Z,0.0,-11.875,4.125,23.86,0.23
2000-01-01T12:00:00Z,0.0,-11.875,8.125,24.04,-0.67
2000-01-01T12:00:00Z,0.0,-11.875,12.125,26.35,0.5
2000-01-01T12:00:00Z,0.0,-11.875,16.125,NaN,NaN
2000-01-01T12:00:00Z,0.0,-11.875,20.125,NaN,NaN
2000-01-01T12:00:00Z,0.0,-11.875,24.125,NaN,NaN
2000-01-01T12:00:00Z,0.0,-11.875,28.125,NaN,NaN
2000-01-01T12:00:00Z,0.0,-11.875,32.125,NaN,NaN
2000-01-01T12:00:00Z,0.0,-11.875,36.125,NaN,NaN
2000-01-01T12:00:00Z,0.0,-11.875,40.125,NaN,NaN
2000-01-01T12:00:00Z,0.0,-11.875,44.125,29.03,0.59
2000-01-01T12:00:00Z,0.0,-11.875,48.125,27.95,-0.27
2000-01-01T12:00:00Z,0.0,-11.875,52.125,26.89,-1.27
2000-01-01T12:00:00Z,0.0,-11.875,56.125,27.27,-0.91
2000-01-01T12:00:00Z,0.0,-11.875,60.125,28.14,-0.03
2000-01-01T12:00:00Z,0.0,-11.875,64.125,27.64,-0.47
2000-01-01T12:00:00Z,0.0,-11.875,68.125,28.93,0.91
2000-01-01T12:00:00Z,0.0,-11.875,72.125,27.98,-0.1
2000-01-01T12:00:00Z,0.0,-11.875,76.125,28.72,0.58
2000-01-01T12:00:00Z,0.0,-11.875,80.125,27.62,-0.55
2000-01-01T12:00:00Z,0.0,-11.875,84.125,28.48,0.41
2000-01-01T12:00:00Z,0.0,-11.875,88.125,27.92,0.08
2000-01-01T12:00:00Z,0.0,-11.875,92.125,27.22,-0.48
2000-01-01T12:00:00Z,0.0,-11.875,96.125,27.76,0.18
2000-01-01T12:00:00Z,0.0,-11.875,100.125,27.76,0.09
2000-01-01T12:00:00Z,0.0,-11.875,104.125,27.78,-0.15
2000-01-01T12:00:00Z,0.0,-11.875,108.125,28.5,0.26
2000-01-01T12:00:00Z,0.0,-11.875,112.125,28.8,0.07
2000-01-01T12:00:00Z,0.0,-11.875,116.125,29.91,0.77
2000-01-01T12:00:00Z,0.0,-11.875,120.125,28.74,-0.76
2000-01-01T12:00:00Z,0.0,-11.875,124.125,28.56,-1.07
2000-01-01T12:00:00Z,0.0,-11.875,128.125,29.08,-0.68
2000-01-01T12:00:00Z,0.0,-11.875,132.125,30.33,0.33
2000-01-01T12:00:00Z,0.0,-11.875,136.125,28.89,-0.8
2000-01-01T12:00:00Z,0.0,-11.875,140.125,29.13,-0.37
2000-01-01T12:00:00Z,0.0,-11.875,144.125,28.58,-0.08
2000-01-01T12:00:00Z,0.0,-11.875,148.125,29.48,0.71
2000-01-01T12:00:00Z,0.0,-11.875,152.125,29.66,0.77
2000-01-01T12:00:00Z,0.0,-11.875,156.125,29.95,0.71
2000-01-01T12:00:00Z,0.0,-11.875,160.125,30.88,1.62
2000-01-01T12:00:00Z,0.0,-11.875,164.125,29.79,0.6
2000-01-01T12:00:00Z,0.0,-11.875,168.125,29.67,0.51
2000-01-01T12:00:00Z,0.0,-11.875,172.125,29.82,0.62
2000-01-01T12:00:00Z,0.0,-11.875,176.125,29.13,-0.11
2000-01-01T12:00:00Z,0.0,-11.875,180.125,28.75,-0.47
2000-01-01T12:00:00Z,0.0,-11.875,184.125,28.63,-0.52
2000-01-01T12:00:00Z,0.0,-11.875,188.125,28.82,-0.24
2000-01-01T12:00:00Z,0.0,-11.875,192.125,28.15,-0.88
2000-01-01T12:00:00Z,0.0,-11.875,196.125,28.58,-0.37
2000-01-01T12:00:00Z,0.0,-11.875,200.125,28.7,-0.17
2000-01-01T12:00:00Z,0.0,-11.875,204.125,28.74,-0.07
2000-01-01T12:00:00Z,0.0,-11.875,208.125,28.56,-0.1
2000-01-01T12:00:00Z,0.0,-11.875,212.125,28.2,-0.35
2000-01-01T12:00:00Z,0.0,-11.875,216.125,28.12,-0.26
2000-01-01T12:00:00Z,0.0,-11.875,220.125,27.87,-0.26
2000-01-01T12:00:00Z,0.0,-11.875,224.125,27.21,-0.58
2000-01-01T12:00:00Z,0.0,-11.875,228.125,27.25,-0.17
2000-01-01T12:00:00Z,0.0,-11.875,232.125,26.81,-0.23
2000-01-01T12:00:00Z,0.0,-11.875,236.125,26.44,-0.17
2000-01-01T12:00:00Z,0.0,-11.875,240.125,25.77,-0.37
2000-01-01T12:00:00Z,0.0,-11.875,244.125,25.05,-0.61
2000-01-01T12:00:00Z,0.0,-11.875,248.125,24.82,-0.3
2000-01-01T12:00:00Z,0.0,-11.875,252.125,23.92,-0.64
2000-01-01T12:00:00Z,0.0,-11.875,256.125,23.39,-0.62
2000-01-01T12:00:00Z,0.0,-11.875,260.125,22.84,-0.65
2000-01-01T12:00:00Z,0.0,-11.875,264.125,22.78,-0.28
2000-01-01T12:00:00Z,0.0,-11.875,268.125,22.56,-0.22
2000-01-01T12:00:00Z,0.0,-11.875,272.125,22.54,-0.23
2000-01-01T12:00:00Z,0.0,-11.875,276.125,22.0,-1.04
2000-01-01T12:00:00Z,0.0,-11.875,280.125,22.77,-0.02
2000-01-01T12:00:00Z,0.0,-11.875,284.125,NaN,NaN
2000-01-01T12:00:00Z,0.0,-11.875,288.125,NaN,NaN
2000-01-01T12:00:00Z,0.0,-11.875,292.125,NaN,NaN
2000-01-01T12:00:00Z,0.0,-11.875,296.125,NaN,NaN
2000-01-01T12:00:00Z,0.0,-11.875,300.125,NaN,NaN
2000-01-01T12:00:00Z,0.0,-11.875,304.125,NaN,NaN
2000-01-01T12:00:00Z,0.0,-11.875,308.125,NaN,NaN
2000-01-01T12:00:00Z,0.0,-11.875,312.125,NaN,NaN
2000-01-01T12:00:00Z,0.0,-11.875,316.125,NaN,NaN
2000-01-01T12:00:00Z,0.0,-11.875,320.125,NaN,NaN
2000-01-01T12:00:00Z,0.0,-11.875,324.125,26.72,-0.66
2000-01-01T12:00:00Z,0.0,-11.875,328.125,27.75,0.54
2000-01-01T12:00:00Z,0.0,-11.875,332.125,27.01,0.42
2000-01-01T12:00:00Z,0.0,-11.875,336.125,25.85,-0.07
2000-01-01T12:00:00Z,0.0,-11.875,340.125,25.76,0.5
2000-01-01T12:00:00Z,0.0,-11.875,344.125,24.84,0.22
2000-01-01T12:00:00Z,0.0,-11.875,348.125,24.11,0.0
2000-01-01T12:00:00Z,0.0,-11.875,352.125,23.73,-0.01
2000-01-01T12:00:00Z,0.0,-11.875,356.125,23.65,0.06
2000-01-01T12:00:00Z,0.0,-7.875,0.125,25.88,0.71
2000-01-01T12:00:00Z,0.0,-7.875,4.125,26.87,1.11
2000-01-01T12:00:00Z,0.0,-7.875,8.125,27.38,0.66
2000-01-01T12:00:00Z,0.0,-7.875,12.125,26.67,-0.02
2000-01-01T12:00:00Z,0.0,-7.875,16.125,NaN,NaN
2000-01-01T12:00:00Z,0.0,-7.875,20.125,NaN,NaN
2000-01-01T12:00:00Z,0.0,-7.875,24.125,NaN,NaN
2000-01-01T12:00:00Z,0.0,-7.875,28.125,NaN,NaN
2000-01-01T12:00:00Z,0.0,-7.875,32.125,NaN,NaN
2000-01-01T12:00:00Z,0.0,-7.875,36.125,NaN,NaN
2000-01-01T12:00:00Z,0.0,-7.875,40.125,28.56,-0.01
2000-01-01T12:00:00Z,0.0,-7.875,44.125,29.51,0.83
2000-01-01T12:00:00Z,0.0,-7.875,48.125,29.51,1.0
2000-01-01T12:00:00Z,0.0,-7.875,52.125,28.06,-0.34
2000-01-01T12:00:00Z,0.0,-7.875,56.125,27.08,-1.2
2000-01-01T12:00:00Z,0.0,-7.875,60.125,27.57,-0.76
2000-01-01T12:00:00Z,0.0,-7.875,64.125,29.75,1.38
2000-01-01T12:00:00Z,0.0,-7.875,68.125,28.63,0.21
2000-01-01T12:00:00Z,0.0,-7.875,72.125,28.43,0.11
2000-01-01T12:00:00Z,0.0,-7.875,76.125,28.13,-0.18
2000-01-01T12:00:00Z,0.0,-7.875,80.125,28.23,-0.08
2000-01-01T12:00:00Z,0.0,-7.875,84.125,28.59,0.3
2000-01-01T12:00:00Z,0.0,-7.875,88.125,28.2,-0.11
2000-01-01T12:00:00Z,0.0,-7.875,92.125,28.24,-0.09
2000-01-01T12:00:00Z,0.0,-7.875,96.125,28.49,0.06
2000-01-01T12:00:00Z,0.0,-7.875,100.125,28.17,-0.29
2000-01-01T12:00:00Z,0.0,-7.875,104.125,26.92,-1.56
2000-01-01T12:00:00Z,0.0,-7.875,108.125,28.14,-0.51
2000-01-01T12:00:00Z,0.0,-7.875,112.125,NaN,NaN
2000-01-01T12:00:00Z,0.0,-7.875,116.125,28.35,-0.62
2000-01-01T12:00:00Z,0.0,-7.875,120.125,28.3,-0.68
2000-01-01T12:00:00Z,0.0,-7.875,124.125,28.05,-1.04
2000-01-01T12:00:00Z,0.0,-7.875,128.125,29.32,-0.02
2000-01-01T12:00:00Z,0.0,-7.875,132.125,29.18,-0.16
2000-01-01T12:00:00Z,0.0,-7.875,136.125,28.78,-0.49
2000-01-01T12:00:00Z,0.0,-7.875,140.125,NaN,NaN
2000-01-01T12:00:00Z,0.0,-7.875,144.125,30.49,1.51
2000-01-01T12:00:00Z,0.0,-7.875,148.125,30.51,1.03
2000-01-01T12:00:00Z,0.0,-7.875,152.125,30.97,1.4
2000-01-01T12:00:00Z,0.0,-7.875,156.125,31.25,1.53
2000-01-01T12:00:00Z,0.0,-7.875,160.125,31.28,1.58
2000-01-01T12:00:00Z,0.0,-7.875,164.125,30.65,1.06
2000-01-01T12:00:00Z,0.0,-7.875,168.125,29.91,0.35
2000-01-01T12:00:00Z,0.0,-7.875,172.125,29.47,-0.03
2000-01-01T12:00:00Z,0.0,-7.875,176.125,29.2,-0.3
2000-01-01T12:00:00Z,0.0,-7.875,180.125,29.07,-0.36
2000-01-01T12:00:00Z,0.0,-7.875,184.125,29.13,-0.2
2000-01-01T12:00:00Z,0.0,-7.875,188.125,28.2,-0.98
2000-01-01T12:00:00Z,0.0,-7.875,192.125,28.68,-0.37
2000-01-01T12:00:00Z,0.0,-7.875,196.125,28.37,-0.53
2000-01-01T12:00:00Z,0.0,-7.875,200.125,27.8,-0.98
2000-01-01T12:00:00Z,0.0,-7.875,204.125,27.51,-1.07
2000-01-01T12:00:00Z,0.0,-7.875,208.125,27.34,-1.0
2000-01-01T12:00:00Z,0.0,-7.875,212.125,26.95,-1.13
2000-01-01T12:00:00Z,0.0,-7.875,216.125,26.78,-1.07
2000-01-01T12:00:00Z,0.0,-7.875,220.125,26.88,-0.7
2000-01-01T12:00:00Z,0.0,-7.875,224.125,25.41,-1.84
2000-01-01T12:00:00Z,0.0,-7.875,228.125,26.24,-0.72
2000-01-01T12:00:00Z,0.0,-7.875,232.125,26.05,-0.54
2000-01-01T12:00:00Z,0.0,-7.875,236.125,24.87,-1.34
2000-01-01T12:00:00Z,0.0,-7.875,240.125,24.76,-1.09
2000-01-01T12:00:00Z,0.0,-7.875,244.125,24.81,-0.69
2000-01-01T12:00:00Z,0.0,-7.875,248.125,24.24,-0.9
2000-01-01T12:00:00Z,0.0,-7.875,252.125,24.18,-0.61
2000-01-01T12:00:00Z,0.0,-7.875,256.125,23.86,-0.61
2000-01-01T12:00:00Z,0.0,-7.875,260.125,24.36,0.12
2000-01-01T12:00:00Z,0.0,-7.875,264.125,24.0,-0.1
2000-01-01T12:00:00Z,0.0,-7.875,268.125,23.46,-0.6
2000-01-01T12:00:00Z,0.0,-7.875,272.125,23.32,-0.8
2000-01-01T12:00:00Z,0.0,-7.875,276.125,23.32,-0.54
2000-01-01T12:00:00Z,0.0,-7.875,280.125,20.3,-1.02
2000-01-01T12:00:00Z,0.0,-7.875,284.125,NaN,NaN
2000-01-01T12:00:00Z,0.0,-7.875,288.125,NaN,NaN
2000-01-01T12:00:00Z,0.0,-7.875,292.125,NaN,NaN
2000-01-01T12:00:00Z,0.0,-7.875,296.125,NaN,NaN
2000-01-01T12:00:00Z,0.0,-7.875,300.125,NaN,NaN
2000-01-01T12:00:00Z,0.0,-7.875,304.125,NaN,NaN
2000-01-01T12:00:00Z,0.0,-7.875,308.125,NaN,NaN
2000-01-01T12:00:00Z,0.0,-7.875,312.125,NaN,NaN
2000-01-01T12:00:00Z,0.0,-7.875,316.125,NaN,NaN
2000-01-01T12:00:00Z,0.0,-7.875,320.125,NaN,NaN
2000-01-01T12:00:00Z,0.0,-7.875,324.125,NaN,NaN
2000-01-01T12:00:00Z,0.0,-7.875,328.125,27.96,0.54
2000-01-01T12:00:00Z,0.0,-7.875,332.125,27.02,0.06
2000-01-01T12:00:00Z,0.0,-7.875,336.125,26.87,0.37
2000-01-01T12:00:00Z,0.0,-7.875,340.125,26.3,0.23
2000-01-01T12:00:00Z,0.0,-7.875,344.125,24.68,-0.97
2000-01-01T12:00:00Z,0.0,-7.875,348.125,25.27,-0.03
2000-01-01T12:00:00Z,0.0,-7.875,352.125,24.67,-0.38
2000-01-01T12:00:00Z,0.0,-7.875,356.125,25.17,0.25
2000-01-01T12:00:00Z,0.0,-3.875,0.125,26.2,-0.26
2000-01-01T12:00:00Z,0.0,-3.875,4.125,27.69,0.69
2000-01-01T12:00:00Z,0.0,-3.875,8.125,27.77,0.51
2000-01-01T12:00:00Z,0.0,-3.875,12.125,NaN,NaN
2000-01-01T12:00:00Z,0.0,-3.875,16.125,NaN,NaN
2000-01-01T12:00:00Z,0.0,-3.875,20.125,NaN,NaN
2000-01-01T12:00:00Z,0.0,-3.875,24.125,NaN,NaN
2000-01-01T12:00:00Z,0.0,-3.875,28.125,NaN,NaN
2000-01-01T12:00:00Z,0.0,-3.875,32.125,NaN,NaN
2000-01-01T12:00:00Z,0.0,-3.875,36.125,NaN,NaN
2000-01-01T12:00:00Z,0.0,-3.875,40.125,27.57,-0.5
2000-01-01T12:00:00Z,0.0,-3.875,44.125,27.91,-0.06
2000-01-01T12:00:00Z,0.0,-3.875,48.125,28.37,0.07
2000-01-01T12:00:00Z,0.0,-3.875,52.125,28.79,0.41
2000-01-01T12:00:00Z,0.0,-3.875,56.125,28.35,0.11
2000-01-01T12:00:00Z,0.0,-3.875,60.125,27.57,-0.67
2000-01-01T12:00:00Z,0.0,-3.875,64.125,26.4,-1.89
2000-01-01T12:00:00Z,0.0,-3.875,68.125,25.97,-2.36
2000-01-01T12:00:00Z,0.0,-3.875,72.125,27.31,-1.0
2000-01-01T12:00:00Z,0.0,-3.875,76.125,28.27,-0.06
2000-01-01T12:00:00Z,0.0,-3.875,80.125,27.78,-0.56
2000-01-01T12:00:00Z,0.0,-3.875,84.125,27.68,-0.76
2000-01-01T12:00:00Z,0.0,-3.875,88.125,28.01,-0.53
2000-01-01T12:00:00Z,0.0,-3.875,92.125,28.42,-0.24
2000-01-01T12:00:00Z,0.0,-3.875,96.125,28.5,-0.22
2000-01-01T12:00:00Z,0.0,-3.875,100.125,27.52,-1.16
2000-01-01T12:00:00Z,0.0,-3.875,104.125,NaN,NaN
2000-01-01T12:00:00Z,0.0,-3.875,108.125,28.23,-0.27
2000-01-01T12:00:00Z,0.0,-3.875,112.125,28.57,-0.25
2000-01-01T12:00:00Z,0.0,-3.875,116.125,29.58,0.5
2000-01-01T12:00:00Z,0.0,-3.875,120.125,NaN,NaN
2000-01-01T12:00:00Z,0.0,-3.875,124.125,29.29,-0.09
2000-01-01T12:00:00Z,0.0,-3.875,128.125,29.5,0.29
2000-01-01T12:00:00Z,0.0,-3.875,132.125,29.83,0.55
2000-01-01T12:00:00Z,0.0,-3.875,136.125,NaN,NaN
2000-01-01T12:00:00Z,0.0,-3.875,140.125,NaN,NaN
2000-01-01T12:00:00Z,0.0,-3.875,144.125,NaN,NaN
2000-01-01T12:00:00Z,0.0,-3.875,148.125,30.11,0.81
2000-01-01T12:00:00Z,0.0,-3.875,152.125,30.39,0.76
2000-01-01T12:00:00Z,0.0,-3.875,156.125,30.22,0.61
2000-01-01T12:00:00Z,0.0,-3.875,160.125,30.28,0.7
2000-01-01T12:00:00Z,0.0,-3.875,164.125,29.57,0.11
2000-01-01T12:00:00Z,0.0,-3.875,168.125,29.74,0.32
2000-01-01T12:00:00Z,0.0,-3.875,172.125,29.84,0.5
2000-01-01T12:00:00Z,0.0,-3.875,176.125,28.81,-0.41
2000-01-01T12:00:00Z,0.0,-3.875,180.125,28.76,-0.35
2000-01-01T12:00:00Z,0.0,-3.875,184.125,27.52,-1.38
2000-01-01T12:00:00Z,0.0,-3.875,188.125,27.49,-1.16
2000-01-01T12:00:00Z,0.0,-3.875,192.125,27.17,-1.22
2000-01-01T12:00:00Z,0.0,-3.875,196.125,27.23,-0.88
2000-01-01T12:00:00Z,0.0,-3.875,200.125,27.15,-0.72
2000-01-01T12:00:00Z,0.0,-3.875,204.125,26.67,-0.94
2000-01-01T12:00:00Z,0.0,-3.875,208.125,25.88,-1.47
2000-01-01T12:00:00Z,0.0,-3.875,212.125,26.19,-0.93
2000-01-01T12:00:00Z,0.0,-3.875,216.125,25.79,-1.1
2000-01-01T12:00:00Z,0.0,-3.875,220.125,24.75,-1.9
2000-01-01T12:00:00Z,0.0,-3.875,224.125,24.59,-1.8
2000-01-01T12:00:00Z,0.0,-3.875,228.125,24.65,-1.47
2000-01-01T12:00:00Z,0.0,-3.875,232.125,25.31,-0.5
2000-01-01T12:00:00Z,0.0,-3.875,236.125,23.71,-1.79
2000-01-01T12:00:00Z,0.0,-3.875,240.125,24.02,-1.2
2000-01-01T12:00:00Z,0.0,-3.875,244.125,22.91,-2.01
2000-01-01T12:00:00Z,0.0,-3.875,248.125,23.23,-1.45
2000-01-01T12:00:00Z,0.0,-3.875,252.125,22.97,-1.5
2000-01-01T12:00:00Z,0.0,-3.875,256.125,22.71,-1.62
2000-01-01T12:00:00Z,0.0,-3.875,260.125,22.6,-1.59
2000-01-01T12:00:00Z,0.0,-3.875,264.125,23.13,-1.04
2000-01-01T12:00:00Z,0.0,-3.875,268.125,23.15,-1.12
2000-01-01T12:00:00Z,0.0,-3.875,272.125,23.39,-0.89
2000-01-01T12:00:00Z,0.0,-3.875,276.125,21.67,-1.24
2000-01-01T12:00:00Z,0.0,-3.875,280.125,NaN,NaN
2000-01-01T12:00:00Z,0.0,-3.875,284.125,NaN,NaN
2000-01-01T12:00:00Z,0.0,-3.875,288.125,NaN,NaN
2000-01-01T12:00:00Z,0.0,-3.875,292.125,NaN,NaN
2000-01-01T12:00:00Z,0.0,-3.875,296.125,NaN,NaN
2000-01-01T12:00:00Z,0.0,-3.875,300.125,NaN,NaN
2000-01-01T12:00:00Z,0.0,-3.875,304.125,NaN,NaN
2000-01-01T12:00:00Z,0.0,-3.875,308.125,NaN,NaN
2000-01-01T12:00:00Z,0.0,-3.875,312.125,NaN,NaN
2000-01-01T12:00:00Z,0.0,-3.875,316.125,NaN,NaN
2000-01-01T12:00:00Z,0.0,-3.875,320.125,NaN,NaN
2000-01-01T12:00:00Z,0.0,-3.875,324.125,27.69,0.29
2000-01-01T12:00:00Z,0.0,-3.875,328.125,27.32,0.08
2000-01-01T12:00:00Z,0.0,-3.875,332.125,26.48,-0.5
2000-01-01T12:00:00Z,0.0,-3.875,336.125,26.47,-0.25
2000-01-01T12:00:00Z,0.0,-3.875,340.125,26.22,-0.22
2000-01-01T12:00:00Z,0.0,-3.875,344.125,25.43,-0.79
2000-01-01T12:00:00Z,0.0,-3.875,348.125,25.74,-0.36
2000-01-01T12:00:00Z,0.0,-3.875,352.125,25.56,-0.55
2000-01-01T12:00:00Z,0.0,-3.875,356.125,25.92,-0.3
2000-01-01T12:00:00Z,0.0,0.125,0.125,27.61,-0.02
2000-01-01T12:00:00Z,0.0,0.125,4.125,28.18,0.31
2000-01-01T12:00:00Z,0.0,0.125,8.125,28.3,0.48
2000-01-01T12:00:00Z,0.0,0.125,12.125,NaN,NaN
2000-01-01T12:00:00Z,0.0,0.125,16.125,NaN,NaN
2000-01-01T12:00:00Z,0.0,0.125,20.125,NaN,NaN
2000-01-01T12:00:00Z,0.0,0.125,24.125,NaN,NaN
2000-01-01T12:00:00Z,0.0,0.125,28.125,NaN,NaN
2000-01-01T12:00:00Z,0.0,0.125,32.125,NaN,NaN
2000-01-01T12:00:00Z,0.0,0.125,36.125,NaN,NaN
2000-01-01T12:00:00Z,0.0,0.125,40.125,NaN,NaN
2000-01-01T12:00:00Z,0.0,0.125,44.125,26.51,-0.23
2000-01-01T12:00:00Z,0.0,0.125,48.125,26.85,-0.04
2000-01-01T12:00:00Z,0.0,0.125,52.125,27.06,-0.18
2000-01-01T12:00:00Z,0.0,0.125,56.125,27.68,-0.02
2000-01-01T12:00:00Z,0.0,0.125,60.125,28.7,0.65
2000-01-01T12:00:00Z,0.0,0.125,64.125,28.25,0.01
2000-01-01T12:00:00Z,0.0,0.125,68.125,27.39,-0.92
2000-01-01T12:00:00Z,0.0,0.125,72.125,26.8,-1.55
2000-01-01T12:00:00Z,0.0,0.125,76.125,27.84,-0.59
2000-01-01T12:00:00Z,0.0,0.125,80.125,28.22,-0.27
2000-01-01T12:00:00Z,0.0,0.125,84.125,28.15,-0.42
2000-01-01T12:00:00Z,0.0,0.125,88.125,29.09,0.47
2000-01-01T12:00:00Z,0.0,0.125,92.125,28.17,-0.56
2000-01-01T12:00:00Z,0.0,0.125,96.125,28.47,-0.36
2000-01-01T12:00:00Z,0.0,0.125,100.125,NaN,NaN
2000-01-01T12:00:00Z,0.0,0.125,104.125,27.48,-0.54
2000-01-01T12:00:00Z,0.0,0.125,108.125,28.27,0.11
2000-01-01T12:00:00Z,0.0,0.125,112.125,NaN,NaN
2000-01-01T12:00:00Z,0.0,0.125,116.125,NaN,NaN
2000-01-01T12:00:00Z,0.0,0.125,120.125,28.11,-0.71
2000-01-01T12:00:00Z,0.0,0.125,124.125,29.53,0.65
2000-01-01T12:00:00Z,0.0,0.125,128.125,29.56,0.74
2000-01-01T12:00:00Z,0.0,0.125,132.125,29.56,0.59
2000-01-01T12:00:00Z,0.0,0.125,136.125,29.82,0.8
2000-01-01T12:00:00Z,0.0,0.125,140.125,29.61,0.48
2000-01-01T12:00:00Z,0.0,0.125,144.125,30.7,1.43
2000-01-01T12:00:00Z,0.0,0.125,148.125,30.2,0.76
2000-01-01T12:00:00Z,0.0,0.125,152.125,30.22,0.7
2000-01-01T12:00:00Z,0.0,0.125,156.125,29.86,0.38
2000-01-01T12:00:00Z,0.0,0.125,160.125,29.39,0.05
2000-01-01T12:00:00Z,0.0,0.125,164.125,28.87,-0.28
2000-01-01T12:00:00Z,0.0,0.125,168.125,28.74,-0.25
2000-01-01T12:00:00Z,0.0,0.125,172.125,27.86,-0.89
2000-01-01T12:00:00Z,0.0,0.125,176.125,27.99,-0.54
2000-01-01T12:00:00Z,0.0,0.125,180.125,26.97,-1.34
2000-01-01T12:00:00Z,0.0,0.125,184.125,26.58,-1.51
2000-01-01T12:00:00Z,0.0,0.125,188.125,25.98,-1.76
2000-01-01T12:00:00Z,0.0,0.125,192.125,25.96,-1.46
2000-01-01T12:00:00Z,0.0,0.125,196.125,25.29,-1.8
2000-01-01T12:00:00Z,0.0,0.125,200.125,24.83,-1.94
2000-01-01T12:00:00Z,0.0,0.125,204.125,25.08,-1.48
2000-01-01T12:00:00Z,0.0,0.125,208.125,24.07,-2.21
2000-01-01T12:00:00Z,0.0,0.125,212.125,24.15,-1.89
2000-01-01T12:00:00Z,0.0,0.125,216.125,24.27,-1.56
2000-01-01T12:00:00Z,0.0,0.125,220.125,22.75,-2.8
2000-01-01T12:00:00Z,0.0,0.125,224.125,22.49,-2.84
2000-01-01T12:00:00Z,0.0,0.125,228.125,21.99,-3.08
2000-01-01T12:00:00Z,0.0,0.125,232.125,22.37,-2.42
2000-01-01T12:00:00Z,0.0,0.125,236.125,21.63,-2.94
2000-01-01T12:00:00Z,0.0,0.125,240.125,21.74,-2.56
2000-01-01T12:00:00Z,0.0,0.125,244.125,20.71,-3.28
2000-01-01T12:00:00Z,0.0,0.125,248.125,21.41,-2.36
2000-01-01T12:00:00Z,0.0,0.125,252.125,20.82,-2.8
2000-01-01T12:00:00Z,0.0,0.125,256.125,21.29,-2.36
2000-01-01T12:00:00Z,0.0,0.125,260.125,20.71,-3.02
2000-01-01T12:00:00Z,0.0,0.125,264.125,21.18,-2.63
2000-01-01T12:00:00Z,0.0,0.125,268.125,21.42,-2.73
2000-01-01T12:00:00Z,0.0,0.125,272.125,22.41,-2.45
2000-01-01T12:00:00Z,0.0,0.125,276.125,23.3,-1.47
2000-01-01T12:00:00Z,0.0,0.125,280.125,NaN,NaN
2000-01-01T12:00:00Z,0.0,0.125,284.125,NaN,NaN
2000-01-01T12:00:00Z,0.0,0.125,288.125,NaN,NaN
2000-01-01T12:00:00Z,0.0,0.125,292.125,NaN,NaN
2000-01-01T12:00:00Z,0.0,0.125,296.125,NaN,NaN
2000-01-01T12:00:00Z,0.0,0.125,300.125,NaN,NaN
2000-01-01T12:00:00Z,0.0,0.125,304.125,NaN,NaN
2000-01-01T12:00:00Z,0.0,0.125,308.125,NaN,NaN
2000-01-01T12:00:00Z,0.0,0.125,312.125,28.36,0.32
2000-01-01T12:00:00Z,0.0,0.125,316.125,27.97,0.42
2000-01-01T12:00:00Z,0.0,0.125,320.125,28.34,0.82
2000-01-01T12:00:00Z,0.0,0.125,324.125,27.09,-0.3
2000-01-01T12:00:00Z,0.0,0.125,328.125,27.0,-0.3
2000-01-01T12:00:00Z,0.0,0.125,332.125,26.66,-0.44
2000-01-01T12:00:00Z,0.0,0.125,336.125,26.48,-0.32
2000-01-01T12:00:00Z,0.0,0.125,340.125,25.96,-0.59
2000-01-01T12:00:00Z,0.0,0.125,344.125,26.0,-0.47
2000-01-01T12:00:00Z,0.0,0.125,348.125,26.47,-0.14
2000-01-01T12:00:00Z,0.0,0.125,352.125,26.47,-0.5
2000-01-01T12:00:00Z,0.0,0.125,356.125,27.26,-0.1
2000-01-01T12:00:00Z,0.0,4.125,0.125,28.31,0.18
2000-01-01T12:00:00Z,0.0,4.125,4.125,28.41,0.14
2000-01-01T12:00:00Z,0.0,4.125,8.125,27.89,-0.21
2000-01-01T12:00:00Z,0.0,4.125,12.125,NaN,NaN
2000-01-01T12:00:00Z,0.0,4.125,16.125,NaN,NaN
2000-01-01T12:00:00Z,0.0,4.125,20.125,NaN,NaN
2000-01-01T12:00:00Z,0.0,4.125,24.125,NaN,NaN
2000-01-01T12:00:00Z,0.0,4.125,28.125,NaN,NaN
2000-01-01T12:00:00Z,0.0,4.125,32.125,NaN,NaN
2000-01-01T12:00:00Z,0.0,4.125,36.125,NaN,NaN
2000-01-01T12:00:00Z,0.0,4.125,40.125,NaN,NaN
2000-01-01T12:00:00Z,0.0,4.125,44.125,NaN,NaN
2000-01-01T12:00:00Z,0.0,4.125,48.125,26.69,-0.04
2000-01-01T12:00:00Z,0.0,4.125,52.125,26.1,-0.72
2000-01-01T12:00:00Z,0.0,4.125,56.125,26.35,-1.02
2000-01-01T12:00:00Z,0.0,4.125,60.125,27.09,-0.73
2000-01-01T12:00:00Z,0.0,4.125,64.125,28.08,-0.15
2000-01-01T12:00:00Z,0.0,4.125,68.125,28.63,0.28
2000-01-01T12:00:00Z,0.0,4.125,72.125,27.18,-1.0
2000-01-01T12:00:00Z,0.0,4.125,76.125,27.68,-0.44
2000-01-01T12:00:00Z,0.0,4.125,80.125,28.08,-0.09
2000-01-01T12:00:00Z,0.0,4.125,84.125,28.47,0.11
2000-01-01T12:00:00Z,0.0,4.125,88.125,28.5,0.1
2000-01-01T12:00:00Z,0.0,4.125,92.125,28.2,-0.28
2000-01-01T12:00:00Z,0.0,4.125,96.125,28.81,0.13
2000-01-01T12:00:00Z,0.0,4.125,100.125,28.38,-0.15
2000-01-01T12:00:00Z,0.0,4.125,104.125,25.94,-1.25
2000-01-01T12:00:00Z,0.0,4.125,108.125,26.9,-0.13
2000-01-01T12:00:00Z,0.0,4.125,112.125,26.99,-0.83
2000-01-01T12:00:00Z,0.0,4.125,116.125,NaN,NaN
2000-01-01T12:00:00Z,0.0,4.125,120.125,28.47,-0.01
2000-01-01T12:00:00Z,0.0,4.125,124.125,27.22,-1.26
2000-01-01T12:00:00Z,0.0,4.125,128.125,28.95,0.58
2000-01-01T12:00:00Z,0.0,4.125,132.125,29.53,0.9
2000-01-01T12:00:00Z,0.0,4.125,136.125,29.5,0.71
2000-01-01T12:00:00Z,0.0,4.125,140.125,29.38,0.44
2000-01-01T12:00:00Z,0.0,4.125,144.125,29.99,0.89
2000-01-01T12:00:00Z,0.0,4.125,148.125,29.79,0.6
2000-01-01T12:00:00Z,0.0,4.125,152.125,29.32,0.15
2000-01-01T12:00:00Z,0.0,4.125,156.125,28.96,-0.15
2000-01-01T12:00:00Z,0.0,4.125,160.125,29.02,-0.03
2000-01-01T12:00:00Z,0.0,4.125,164.125,29.9,0.96
2000-01-01T12:00:00Z,0.0,4.125,168.125,29.22,0.36
2000-01-01T12:00:00Z,0.0,4.125,172.125,28.83,0.12
2000-01-01T12:00:00Z,0.0,4.125,176.125,28.14,-0.43
2000-01-01T12:00:00Z,0.0,4.125,180.125,28.32,-0.2
2000-01-01T12:00:00Z,0.0,4.125,184.125,26.93,-1.44
2000-01-01T12:00:00Z,0.0,4.125,188.125,26.4,-1.78
2000-01-01T12:00:00Z,0.0,4.125,192.125,26.8,-1.19
2000-01-01T12:00:00Z,0.0,4.125,196.125,27.04,-0.72
2000-01-01T12:00:00Z,0.0,4.125,200.125,25.82,-1.72
2000-01-01T12:00:00Z,0.0,4.125,204.125,26.65,-0.67
2000-01-01T12:00:00Z,0.0,4.125,208.125,24.18,-2.92
2000-01-01T12:00:00Z,0.0,4.125,212.125,25.01,-1.94
2000-01-01T12:00:00Z,0.0,4.125,216.125,24.51,-2.36
2000-01-01T12:00:00Z,0.0,4.125,220.125,24.38,-2.35
2000-01-01T12:00:00Z,0.0,4.125,224.125,23.62,-3.07
2000-01-01T12:00:00Z,0.0,4.125,228.125,24.52,-2.07
2000-01-01T12:00:00Z,0.0,4.125,232.125,24.18,-2.39
2000-01-01T12:00:00Z,0.0,4.125,236.125,23.33,-3.12
2000-01-01T12:00:00Z,0.0,4.125,240.125,24.05,-2.36
2000-01-01T12:00:00Z,0.0,4.125,244.125,24.93,-1.34
2000-01-01T12:00:00Z,0.0,4.125,248.125,23.16,-3.1
2000-01-01T12:00:00Z,0.0,4.125,252.125,24.37,-1.99
2000-01-01T12:00:00Z,0.0,4.125,256.125,24.94,-1.56
2000-01-01T12:00:00Z,0.0,4.125,260.125,25.35,-1.28
2000-01-01T12:00:00Z,0.0,4.125,264.125,25.64,-1.15
2000-01-01T12:00:00Z,0.0,4.125,268.125,25.92,-1.1
2000-01-01T12:00:00Z,0.0,4.125,272.125,25.33,-1.95
2000-01-01T12:00:00Z,0.0,4.125,276.125,26.39,-1.03
2000-01-01T12:00:00Z,0.0,4.125,280.125,26.48,-0.31
2000-01-01T12:00:00Z,0.0,4.125,284.125,NaN,NaN
2000-01-01T12:00:00Z,0.0,4.125,288.125,NaN,NaN
2000-01-01T12:00:00Z,0.0,4.125,292.125,NaN,NaN
2000-01-01T12:00:00Z,0.0,4.125,296.125,NaN,NaN
2000-01-01T12:00:00Z,0.0,4.125,300.125,NaN,NaN
2000-01-01T12:00:00Z,0.0,4.125,304.125,NaN,NaN
2000-01-01T12:00:00Z,0.0,4.125,308.125,NaN,NaN
2000-01-01T12:00:00Z,0.0,4.125,312.125,27.81,0.42
2000-01-01T12:00:00Z,0.0,4.125,316.125,27.52,0.01
2000-01-01T12:00:00Z,0.0,4.125,320.125,27.57,0.03
2000-01-01T12:00:00Z,0.0,4.125,324.125,27.77,0.21
2000-01-01T12:00:00Z,0.0,4.125,328.125,26.84,-0.69
2000-01-01T12:00:00Z,0.0,4.125,332.125,27.86,0.36
2000-01-01T12:00:00Z,0.0,4.125,336.125,27.1,-0.48
2000-01-01T12:00:00Z,0.0,4.125,340.125,27.76,-0.05
2000-01-01T12:00:00Z,0.0,4.125,344.125,27.61,-0.59
2000-01-01T12:00:00Z,0.0,4.125,348.125,28.35,-0.01
2000-01-01T12:00:00Z,0.0,4.125,352.125,27.98,-0.23
2000-01-01T12:00:00Z,0.0,4.125,356.125,28.3,0.17
2000-01-01T12:00:00Z,0.0,8.125,0.125,NaN,NaN
2000-01-01T12:00:00Z,0.0,8.125,4.125,NaN,NaN
2000-01-01T12:00:00Z,0.0,8.125,8.125,NaN,NaN
2000-01-01T12:00:00Z,0.0,8.125,12.125,NaN,NaN
2000-01-01T12:00:00Z,0.0,8.125,16.125,NaN,NaN
2000-01-01T12:00:00Z,0.0,8.125,20.125,NaN,NaN
2000-01-01T12:00:00Z,0.0,8.125,24.125,NaN,NaN
2000-01-01T12:00:00Z,0.0,8.125,28.125,NaN,NaN
2000-01-01T12:00:00Z,0.0,8.125,32.125,NaN,NaN
2000-01-01T12:00:00Z,0.0,8.125,36.125,NaN,NaN
2000-01-01T12:00:00Z,0.0,8.125,40.125,NaN,NaN
2000-01-01T12:00:00Z,0.0,8.125,44.125,NaN,NaN
2000-01-01T12:00:00Z,0.0,8.125,48.125,NaN,NaN
2000-01-01T12:00:00Z,0.0,8.125,52.125,27.21,0.62
2000-01-01T12:00:00Z,0.0,8.125,56.125,27.01,-0.05
2000-01-01T12:00:00Z,0.0,8.125,60.125,27.48,-0.05
2000-01-01T12:00:00Z,0.0,8.125,64.125,27.2,-0.75
2000-01-01T12:00:00Z,0.0,8.125,68.125,28.74,0.45
2000-01-01T12:00:00Z,0.0,8.125,72.125,27.94,-0.39
2000-01-01T12:00:00Z,0.0,8.125,76.125,28.31,0.22
2000-01-01T12:00:00Z,0.0,8.125,80.125,NaN,NaN
2000-01-01T12:00:00Z,0.0,8.125,84.125,27.76,0.02
2000-01-01T12:00:00Z,0.0,8.125,88.125,27.42,-0.54
2000-01-01T12:00:00Z,0.0,8.125,92.125,27.28,-0.68
2000-01-01T12:00:00Z,0.0,8.125,96.125,28.04,-0.06
2000-01-01T12:00:00Z,0.0,8.125,100.125,NaN,NaN
2000-01-01T12:00:00Z,0.0,8.125,104.125,25.88,-1.1
2000-01-01T12:00:00Z,0.0,8.125,108.125,24.67,-1.26
2000-01-01T12:00:00Z,0.0,8.125,112.125,25.35,-1.98
2000-01-01T12:00:00Z,0.0,8.125,116.125,28.25,0.26
2000-01-01T12:00:00Z,0.0,8.125,120.125,27.68,-0.2
2000-01-01T12:00:00Z,0.0,8.125,124.125,NaN,NaN
2000-01-01T12:00:00Z,0.0,8.125,128.125,30.54,2.19
2000-01-01T12:00:00Z,0.0,8.125,132.125,29.64,1.1
2000-01-01T12:00:00Z,0.0,8.125,136.125,29.53,0.95
2000-01-01T12:00:00Z,0.0,8.125,140.125,28.93,0.33
2000-01-01T12:00:00Z,0.0,8.125,144.125,29.22,0.58
2000-01-01T12:00:00Z,0.0,8.125,148.125,29.04,0.41
2000-01-01T12:00:00Z,0.0,8.125,152.125,29.2,0.6
2000-01-01T12:00:00Z,0.0,8.125,156.125,28.95,0.43
2000-01-01T12:00:00Z,0.0,8.125,160.125,29.61,1.19
2000-01-01T12:00:00Z,0.0,8.125,164.125,28.18,-0.17
2000-01-01T12:00:00Z,0.0,8.125,168.125,28.24,0.05
2000-01-01T12:00:00Z,0.0,8.125,172.125,28.0,-0.07
2000-01-01T12:00:00Z,0.0,8.125,176.125,27.04,-1.03
2000-01-01T12:00:00Z,0.0,8.125,180.125,27.75,-0.28
2000-01-01T12:00:00Z,0.0,8.125,184.125,27.09,-0.89
2000-01-01T12:00:00Z,0.0,8.125,188.125,27.56,-0.36
2000-01-01T12:00:00Z,0.0,8.125,192.125,26.89,-0.88
2000-01-01T12:00:00Z,0.0,8.125,196.125,27.35,-0.41
2000-01-01T12:00:00Z,0.0,8.125,200.125,27.07,-0.61
2000-01-01T12:00:00Z,0.0,8.125,204.125,25.77,-1.79
2000-01-01T12:00:00Z,0.0,8.125,208.125,25.94,-1.49
2000-01-01T12:00:00Z,0.0,8.125,212.125,26.41,-0.9
2000-01-01T12:00:00Z,0.0,8.125,216.125,26.52,-0.79
2000-01-01T12:00:00Z,0.0,8.125,220.125,26.82,-0.39
2000-01-01T12:00:00Z,0.0,8.125,224.125,25.92,-1.24
2000-01-01T12:00:00Z,0.0,8.125,228.125,25.53,-1.55
2000-01-01T12:00:00Z,0.0,8.125,232.125,26.41,-0.73
2000-01-01T12:00:00Z,0.0,8.125,236.125,25.41,-1.77
2000-01-01T12:00:00Z,0.0,8.125,240.125,26.01,-1.33
2000-01-01T12:00:00Z,0.0,8.125,244.125,26.51,-0.9
2000-01-01T12:00:00Z,0.0,8.125,248.125,26.65,-0.76
2000-01-01T12:00:00Z,0.0,8.125,252.125,26.35,-0.99
2000-01-01T12:00:00Z,0.0,8.125,256.125,25.99,-1.23
2000-01-01T12:00:00Z,0.0,8.125,260.125,26.01,-1.06
2000-01-01T12:00:00Z,0.0,8.125,264.125,26.9,-0.16
2000-01-01T12:00:00Z,0.0,8.125,268.125,24.27,-2.17
2000-01-01T12:00:00Z,0.0,8.125,272.125,24.91,-1.9
2000-01-01T12:00:00Z,0.0,8.125,276.125,27.29,-0.99
2000-01-01T12:00:00Z,0.0,8.125,280.125,26.76,-0.58
2000-01-01T12:00:00Z,0.0,8.125,284.125,NaN,NaN
2000-01-01T12:00:00Z,0.0,8.125,288.125,NaN,NaN
2000-01-01T12:00:00Z,0.0,8.125,292.125,NaN,NaN
2000-01-01T12:00:00Z,0.0,8.125,296.125,NaN,NaN
2000-01-01T12:00:00Z,0.0,8.125,300.125,NaN,NaN
2000-01-01T12:00:00Z,0.0,8.125,304.125,27.73,0.69
2000-01-01T12:00:00Z,0.0,8.125,308.125,27.09,-0.08
2000-01-01T12:00:00Z,0.0,8.125,312.125,27.06,0.09
2000-01-01T12:00:00Z,0.0,8.125,316.125,26.34,-0.38
2000-01-01T12:00:00Z,0.0,8.125,320.125,26.34,-0.18
2000-01-01T12:00:00Z,0.0,8.125,324.125,26.44,-0.2
2000-01-01T12:00:00Z,0.0,8.125,328.125,27.03,0.28
2000-01-01T12:00:00Z,0.0,8.125,332.125,27.35,0.76
2000-01-01T12:00:00Z,0.0,8.125,336.125,27.05,0.45
2000-01-01T12:00:00Z,0.0,8.125,340.125,27.09,-0.13
2000-01-01T12:00:00Z,0.0,8.125,344.125,27.27,-0.64
2000-01-01T12:00:00Z,0.0,8.125,348.125,NaN,NaN
2000-01-01T12:00:00Z,0.0,8.125,352.125,NaN,NaN
2000-01-01T12:00:00Z,0.0,8.125,356.125,NaN,NaN
2000-01-01T12:00:00Z,0.0,12.125,0.125,NaN,NaN
2000-01-01T12:00:00Z,0.0,12.125,4.125,NaN,NaN
2000-01-01T12:00:00Z,0.0,12.125,8.125,NaN,NaN
2000-01-01T12:00:00Z,0.0,12.125,12.125,NaN,NaN
2000-01-01T12:00:00Z,0.0,12.125,16.125,NaN,NaN
2000-01-01T12:00:00Z,0.0,12.125,20.125,NaN,NaN
2000-01-01T12:00:00Z,0.0,12.125,24.125,NaN,NaN
2000-01-01T12:00:00Z,0.0,12.125,28.125,NaN,NaN
2000-01-01T12:00:00Z,0.0,12.125,32.125,NaN,NaN
2000-01-01T12:00:00Z,0.0,12.125,36.125,NaN,NaN
2000-01-01T12:00:00Z,0.0,12.125,40.125,NaN,NaN
2000-01-01T12:00:00Z,0.0,12.125,44.125,26.09,-0.19
2000-01-01T12:00:00Z,0.0,12.125,48.125,25.09,-0.76
2000-01-01T12:00:00Z,0.0,12.125,52.125,25.38,-0.67
2000-01-01T12:00:00Z,0.0,12.125,56.125,26.54,0.34
2000-01-01T12:00:00Z,0.0,12.125,60.125,26.75,0.3
2000-01-01T12:00:00Z,0.0,12.125,64.125,27.47,0.6
2000-01-01T12:00:00Z,0.0,12.125,68.125,28.81,1.21
2000-01-01T12:00:00Z,0.0,12.125,72.125,28.93,0.73
2000-01-01T12:00:00Z,0.0,12.125,76.125,NaN,NaN
2000-01-01T12:00:00Z,0.0,12.125,80.125,26.54,-0.51
2000-01-01T12:00:00Z,0.0,12.125,84.125,26.48,-0.73
2000-01-01T12:00:00Z,0.0,12.125,88.125,27.39,-0.07
2000-01-01T12:00:00Z,0.0,12.125,92.125,27.31,-0.35
2000-01-01T12:00:00Z,0.0,12.125,96.125,27.89,0.02
2000-01-01T12:00:00Z,0.0,12.125,100.125,25.65,-2.11
2000-01-01T12:00:00Z,0.0,12.125,104.125,NaN,NaN
2000-01-01T12:00:00Z,0.0,12.125,108.125,NaN,NaN
2000-01-01T12:00:00Z,0.0,12.125,112.125,25.99,-0.59
2000-01-01T12:00:00Z,0.0,12.125,116.125,26.97,-0.59
2000-01-01T12:00:00Z,0.0,12.125,120.125,28.83,1.28
2000-01-01T12:00:00Z,0.0,12.125,124.125,27.44,0.16
2000-01-01T12:00:00Z,0.0,12.125,128.125,28.89,0.87
2000-01-01T12:00:00Z,0.0,12.125,132.125,28.7,0.56
2000-01-01T12:00:00Z,0.0,12.125,136.125,28.56,0.37
2000-01-01T12:00:00Z,0.0,12.125,140.125,27.88,-0.28
2000-01-01T12:00:00Z,0.0,12.125,144.125,27.76,-0.37
2000-01-01T12:00:00Z,0.0,12.125,148.125,27.54,-0.55
2000-01-01T12:00:00Z,0.0,12.125,152.125,27.84,-0.16
2000-01-01T12:00:00Z,0.0,12.125,156.125,27.45,-0.42
2000-01-01T12:00:00Z,0.0,12.125,160.125,27.71,-0.04
2000-01-01T12:00:00Z,0.0,12.125,164.125,27.2,-0.39
2000-01-01T12:00:00Z,0.0,12.125,168.125,26.9,-0.53
2000-01-01T12:00:00Z,0.0,12.125,172.125,27.04,-0.3
2000-01-01T12:00:00Z,0.0,12.125,176.125,25.76,-1.45
2000-01-01T12:00:00Z,0.0,12.125,180.125,26.15,-0.88
2000-01-01T12:00:00Z,0.0,12.125,184.125,25.69,-1.23
2000-01-01T12:00:00Z,0.0,12.125,188.125,25.33,-1.45
2000-01-01T12:00:00Z,0.0,12.125,192.125,25.88,-0.72
2000-01-01T12:00:00Z,0.0,12.125,196.125,25.58,-0.95
2000-01-01T12:00:00Z,0.0,12.125,200.125,26.19,-0.23
2000-01-01T12:00:00Z,0.0,12.125,204.125,26.36,0.14
2000-01-01T12:00:00Z,0.0,12.125,208.125,25.9,-0.13
2000-01-01T12:00:00Z,0.0,12.125,212.125,25.09,-0.69
2000-01-01T12:00:00Z,0.0,12.125,216.125,25.51,-0.09
2000-01-01T12:00:00Z,0.0,12.125,220.125,25.19,-0.36
2000-01-01T12:00:00Z,0.0,12.125,224.125,25.26,-0.25
2000-01-01T12:00:00Z,0.0,12.125,228.125,24.94,-0.58
2000-01-01T12:00:00Z,0.0,12.125,232.125,24.85,-0.88
2000-01-01T12:00:00Z,0.0,12.125,236.125,24.85,-1.22
2000-01-01T12:00:00Z,0.0,12.125,240.125,25.24,-1.36
2000-01-01T12:00:00Z,0.0,12.125,244.125,25.01,-2.07
2000-01-01T12:00:00Z,0.0,12.125,248.125,25.78,-1.66
2000-01-01T12:00:00Z,0.0,12.125,252.125,27.63,-0.13
2000-01-01T12:00:00Z,0.0,12.125,256.125,27.57,-0.45
2000-01-01T12:00:00Z,0.0,12.125,260.125,27.77,-0.18
2000-01-01T12:00:00Z,0.0,12.125,264.125,24.78,-2.19
2000-01-01T12:00:00Z,0.0,12.125,268.125,27.68,-0.41
2000-01-01T12:00:00Z,0.0,12.125,272.125,26.56,-0.71
2000-01-01T12:00:00Z,0.0,12.125,276.125,NaN,NaN
2000-01-01T12:00:00Z,0.0,12.125,280.125,26.26,-1.06
2000-01-01T12:00:00Z,0.0,12.125,284.125,27.25,0.36
2000-01-01T12:00:00Z,0.0,12.125,288.125,NaN,NaN
2000-01-01T12:00:00Z,0.0,12.125,292.125,27.03,0.19
2000-01-01T12:00:00Z,0.0,12.125,296.125,26.7,-0.09
2000-01-01T12:00:00Z,0.0,12.125,300.125,26.69,-0.48
2000-01-01T12:00:00Z,0.0,12.125,304.125,27.16,0.09
2000-01-01T12:00:00Z,0.0,12.125,308.125,27.12,0.24
2000-01-01T12:00:00Z,0.0,12.125,312.125,26.96,0.36
2000-01-01T12:00:00Z,0.0,12.125,316.125,26.3,0.07
2000-01-01T12:00:00Z,0.0,12.125,320.125,26.17,0.17
2000-01-01T12:00:00Z,0.0,12.125,324.125,26.3,0.55
2000-01-01T12:00:00Z,0.0,12.125,328.125,26.36,0.85
2000-01-01T12:00:00Z,0.0,12.125,332.125,25.45,0.15
2000-01-01T12:00:00Z,0.0,12.125,336.125,25.6,0.55
2000-01-01T12:00:00Z,0.0,12.125,340.125,25.21,0.07
2000-01-01T12:00:00Z,0.0,12.125,344.125,NaN,NaN
2000-01-01T12:00:00Z,0.0,12.125,348.125,NaN,NaN
2000-01-01T12:00:00Z,0.0,12.125,352.125,NaN,NaN
2000-01-01T12:00:00Z,0.0,12.125,356.125,NaN,NaN
2000-01-01T12:00:00Z,0.0,16.125,0.125,NaN,NaN
2000-01-01T12:00:00Z,0.0,16.125,4.125,NaN,NaN
2000-01-01T12:00:00Z,0.0,16.125,8.125,NaN,NaN
2000-01-01T12:00:00Z,0.0,16.125,12.125,NaN,NaN
2000-01-01T12:00:00Z,0.0,16.125,16.125,NaN,NaN
2000-01-01T12:00:00Z,0.0,16.125,20.125,NaN,NaN
2000-01-01T12:00:00Z,0.0,16.125,24.125,NaN,NaN
2000-01-01T12:00:00Z,0.0,16.125,28.125,NaN,NaN
2000-01-01T12:00:00Z,0.0,16.125,32.125,NaN,NaN
2000-01-01T12:00:00Z,0.0,16.125,36.125,NaN,NaN
2000-01-01T12:00:00Z,0.0,16.125,40.125,26.76,0.01
2000-01-01T12:00:00Z,0.0,16.125,44.125,NaN,NaN
2000-01-01T12:00:00Z,0.0,16.125,48.125,NaN,NaN
2000-01-01T12:00:00Z,0.0,16.125,52.125,NaN,NaN
2000-01-01T12:00:00Z,0.0,16.125,56.125,24.57,-0.89
2000-01-01T12:00:00Z,0.0,16.125,60.125,25.6,-0.07
2000-01-01T12:00:00Z,0.0,16.125,64.125,25.43,-0.51
2000-01-01T12:00:00Z,0.0,16.125,68.125,26.77,-0.11
2000-01-01T12:00:00Z,0.0,16.125,72.125,28.6,0.87
2000-01-01T12:00:00Z,0.0,16.125,76.125,NaN,NaN
2000-01-01T12:00:00Z,0.0,16.125,80.125,NaN,NaN
2000-01-01T12:00:00Z,0.0,16.125,84.125,26.47,-0.06
2000-01-01T12:00:00Z,0.0,16.125,88.125,26.55,-0.2
2000-01-01T12:00:00Z,0.0,16.125,92.125,26.46,-0.18
2000-01-01T12:00:00Z,0.0,16.125,96.125,25.49,-1.66
2000-01-01T12:00:00Z,0.0,16.125,100.125,NaN,NaN
2000-01-01T12:00:00Z,0.0,16.125,104.125,NaN,NaN
2000-01-01T12:00:00Z,0.0,16.125,108.125,NaN,NaN
2000-01-01T12:00:00Z,0.0,16.125,112.125,24.66,-0.54
2000-01-01T12:00:00Z,0.0,16.125,116.125,25.31,-0.26
2000-01-01T12:00:00Z,0.0,16.125,120.125,28.13,1.49
2000-01-01T12:00:00Z,0.0,16.125,124.125,27.5,0.58
2000-01-01T12:00:00Z,0.0,16.125,128.125,28.39,1.17
2000-01-01T12:00:00Z,0.0,16.125,132.125,28.51,1.08
2000-01-01T12:00:00Z,0.0,16.125,136.125,29.1,1.49
2000-01-01T12:00:00Z,0.0,16.125,140.125,28.74,1.02
2000-01-01T12:00:00Z,0.0,16.125,144.125,28.01,0.21
2000-01-01T12:00:00Z,0.0,16.125,148.125,27.9,0.11
2000-01-01T12:00:00Z,0.0,16.125,152.125,27.89,0.19
2000-01-01T12:00:00Z,0.0,16.125,156.125,27.84,0.29
2000-01-01T12:00:00Z,0.0,16.125,160.125,27.36,-0.03
2000-01-01T12:00:00Z,0.0,16.125,164.125,27.18,-0.04
2000-01-01T12:00:00Z,0.0,16.125,168.125,28.53,1.5
2000-01-01T12:00:00Z,0.0,16.125,172.125,26.36,-0.51
2000-01-01T12:00:00Z,0.0,16.125,176.125,26.48,-0.23
2000-01-01T12:00:00Z,0.0,16.125,180.125,26.23,-0.31
2000-01-01T12:00:00Z,0.0,16.125,184.125,26.17,-0.23
2000-01-01T12:00:00Z,0.0,16.125,188.125,25.55,-0.7
2000-01-01T12:00:00Z,0.0,16.125,192.125,25.26,-0.81
2000-01-01T12:00:00Z,0.0,16.125,196.125,25.02,-0.8
2000-01-01T12:00:00Z,0.0,16.125,200.125,24.68,-0.87
2000-01-01T12:00:00Z,0.0,16.125,204.125,24.21,-1.17
2000-01-01T12:00:00Z,0.0,16.125,208.125,24.52,-0.69
2000-01-01T12:00:00Z,0.0,16.125,212.125,24.19,-0.75
2000-01-01T12:00:00Z,0.0,16.125,216.125,24.49,-0.32
2000-01-01T12:00:00Z,0.0,16.125,220.125,24.19,-0.43
2000-01-01T12:00:00Z,0.0,16.125,224.125,24.41,-0.11
2000-01-01T12:00:00Z,0.0,16.125,228.125,24.32,-0.19
2000-01-01T12:00:00Z,0.0,16.125,232.125,24.6,0.02
2000-01-01T12:00:00Z,0.0,16.125,236.125,23.69,-1.16
2000-01-01T12:00:00Z,0.0,16.125,240.125,24.2,-1.08
2000-01-01T12:00:00Z,0.0,16.125,244.125,24.64,-1.3
2000-01-01T12:00:00Z,0.0,16.125,248.125,25.37,-1.12
2000-01-01T12:00:00Z,0.0,16.125,252.125,26.14,-1.02
2000-01-01T12:00:00Z,0.0,16.125,256.125,27.08,-0.91
2000-01-01T12:00:00Z,0.0,16.125,260.125,27.83,-0.78
2000-01-01T12:00:00Z,0.0,16.125,264.125,NaN,NaN
2000-01-01T12:00:00Z,0.0,16.125,268.125,NaN,NaN
2000-01-01T12:00:00Z,0.0,16.125,272.125,26.47,-0.87
2000-01-01T12:00:00Z,0.0,16.125,276.125,26.03,-1.15
2000-01-01T12:00:00Z,0.0,16.125,280.125,26.89,-0.62
2000-01-01T12:00:00Z,0.0,16.125,284.125,26.92,-0.41
2000-01-01T12:00:00Z,0.0,16.125,288.125,26.54,-0.66
2000-01-01T12:00:00Z,0.0,16.125,292.125,26.44,-0.69
2000-01-01T12:00:00Z,0.0,16.125,296.125,26.22,-0.79
2000-01-01T12:00:00Z,0.0,16.125,300.125,26.14,-0.6
2000-01-01T12:00:00Z,0.0,16.125,304.125,26.45,0.03
2000-01-01T12:00:00Z,0.0,16.125,308.125,26.24,0.03
2000-01-01T12:00:00Z,0.0,16.125,312.125,25.75,-0.21
2000-01-01T12:00:00Z,0.0,16.125,316.125,25.76,0.06
2000-01-01T12:00:00Z,0.0,16.125,320.125,24.79,-0.58
2000-01-01T12:00:00Z,0.0,16.125,324.125,24.32,-0.66
2000-01-01T12:00:00Z,0.0,16.125,328.125,24.08,-0.45
2000-01-01T12:00:00Z,0.0,16.125,332.125,24.29,0.19
2000-01-01T12:00:00Z,0.0,16.125,336.125,23.61,0.12
2000-01-01T12:00:00Z,0.0,16.125,340.125,23.02,0.07
2000-01-01T12:00:00Z,0.0,16.125,344.125,NaN,NaN
2000-01-01T12:00:00Z,0.0,16.125,348.125,NaN,NaN
2000-01-01T12:00:00Z,0.0,16.125,352.125,NaN,NaN
2000-01-01T12:00:00Z,0.0,16.125,356.125,NaN,NaN
2000-01-01T12:00:00Z,0.0,20.125,0.125,NaN,NaN
2000-01-01T12:00:00Z,0.0,20.125,4.125,NaN,NaN
2000-01-01T12:00:00Z,0.0,20.125,8.125,NaN,NaN
2000-01-01T12:00:00Z,0.0,20.125,12.125,NaN,NaN
2000-01-01T12:00:00Z,0.0,20.125,16.125,NaN,NaN
2000-01-01T12:00:00Z,0.0,20.125,20.125,NaN,NaN
2000-01-01T12:00:00Z,0.0,20.125,24.125,NaN,NaN
2000-01-01T12:00:00Z,0.0,20.125,28.125,NaN,NaN
2000-01-01T12:00:00Z,0.0,20.125,32.125,NaN,NaN
2000-01-01T12:00:00Z,0.0,20.125,36.125,NaN,NaN
2000-01-01T12:00:00Z,0.0,20.125,40.125,29.2,1.75
2000-01-01T12:00:00Z,0.0,20.125,44.125,NaN,NaN
2000-01-01T12:00:00Z,0.0,20.125,48.125,NaN,NaN
2000-01-01T12:00:00Z,0.0,20.125,52.125,NaN,NaN
2000-01-01T12:00:00Z,0.0,20.125,56.125,NaN,NaN
2000-01-01T12:00:00Z,0.0,20.125,60.125,25.13,0.02
2000-01-01T12:00:00Z,0.0,20.125,64.125,25.24,-0.03
2000-01-01T12:00:00Z,0.0,20.125,68.125,26.09,0.3
2000-01-01T12:00:00Z,0.0,20.125,72.125,24.26,-1.38
2000-01-01T12:00:00Z,0.0,20.125,76.125,NaN,NaN
2000-01-01T12:00:00Z,0.0,20.125,80.125,NaN,NaN
2000-01-01T12:00:00Z,0.0,20.125,84.125,NaN,NaN
2000-01-01T12:00:00Z,0.0,20.125,88.125,25.73,0.32
2000-01-01T12:00:00Z,0.0,20.125,92.125,25.39,-0.04
2000-01-01T12:00:00Z,0.0,20.125,96.125,NaN,NaN
2000-01-01T12:00:00Z,0.0,20.125,100.125,NaN,NaN
2000-01-01T12:00:00Z,0.0,20.125,104.125,NaN,NaN
2000-01-01T12:00:00Z,0.0,20.125,108.125,20.77,-1.51
2000-01-01T12:00:00Z,0.0,20.125,112.125,23.57,0.95
2000-01-01T12:00:00Z,0.0,20.125,116.125,23.86,0.36
2000-01-01T12:00:00Z,0.0,20.125,120.125,25.48,0.38
2000-01-01T12:00:00Z,0.0,20.125,124.125,25.74,0.36
2000-01-01T12:00:00Z,0.0,20.125,128.125,25.71,0.17
2000-01-01T12:00:00Z,0.0,20.125,132.125,26.53,0.59
2000-01-01T12:00:00Z,0.0,20.125,136.125,26.91,0.62
2000-01-01T12:00:00Z,0.0,20.125,140.125,26.94,0.29
2000-01-01T12:00:00Z,0.0,20.125,144.125,28.0,1.15
2000-01-01T12:00:00Z,0.0,20.125,148.125,27.61,0.68
2000-01-01T12:00:00Z,0.0,20.125,152.125,27.96,1.03
2000-01-01T12:00:00Z,0.0,20.125,156.125,27.85,1.01
2000-01-01T12:00:00Z,0.0,20.125,160.125,27.01,0.33
2000-01-01T12:00:00Z,0.0,20.125,164.125,26.89,0.39
2000-01-01T12:00:00Z,0.0,20.125,168.125,25.99,-0.29
2000-01-01T12:00:00Z,0.0,20.125,172.125,26.55,0.39
2000-01-01T12:00:00Z,0.0,20.125,176.125,26.1,0.12
2000-01-01T12:00:00Z,0.0,20.125,180.125,25.08,-0.73
2000-01-01T12:00:00Z,0.0,20.125,184.125,26.06,0.42
2000-01-01T12:00:00Z,0.0,20.125,188.125,25.65,0.14
2000-01-01T12:00:00Z,0.0,20.125,192.125,24.58,-0.75
2000-01-01T12:00:00Z,0.0,20.125,196.125,24.95,-0.34
2000-01-01T12:00:00Z,0.0,20.125,200.125,24.95,-0.2
2000-01-01T12:00:00Z,0.0,20.125,204.125,23.45,-1.3
2000-01-01T12:00:00Z,0.0,20.125,208.125,23.14,-1.17
2000-01-01T12:00:00Z,0.0,20.125,212.125,23.75,-0.14
2000-01-01T12:00:00Z,0.0,20.125,216.125,22.25,-1.33
2000-01-01T12:00:00Z,0.0,20.125,220.125,24.09,0.78
2000-01-01T12:00:00Z,0.0,20.125,224.125,22.55,-0.32
2000-01-01T12:00:00Z,0.0,20.125,228.125,21.91,-0.69
2000-01-01T12:00:00Z,0.0,20.125,232.125,21.56,-0.87
2000-01-01T12:00:00Z,0.0,20.125,236.125,21.29,-1.14
2000-01-01T12:00:00Z,0.0,20.125,240.125,21.47,-1.09
2000-01-01T12:00:00Z,0.0,20.125,244.125,21.85,-1.6
2000-01-01T12:00:00Z,0.0,20.125,248.125,23.0,-1.58
2000-01-01T12:00:00Z,0.0,20.125,252.125,23.74,-1.52
2000-01-01T12:00:00Z,0.0,20.125,256.125,NaN,NaN
2000-01-01T12:00:00Z,0.0,20.125,260.125,NaN,NaN
2000-01-01T12:00:00Z,0.0,20.125,264.125,23.4,-0.77
2000-01-01T12:00:00Z,0.0,20.125,268.125,24.27,-0.71
2000-01-01T12:00:00Z,0.0,20.125,272.125,NaN,NaN
2000-01-01T12:00:00Z,0.0,20.125,276.125,26.04,-1.18
2000-01-01T12:00:00Z,0.0,20.125,280.125,26.16,-0.9
2000-01-01T12:00:00Z,0.0,20.125,284.125,NaN,NaN
2000-01-01T12:00:00Z,0.0,20.125,288.125,25.8,-1.05
2000-01-01T12:00:00Z,0.0,20.125,292.125,25.92,-0.61
2000-01-01T12:00:00Z,0.0,20.125,296.125,25.99,-0.35
2000-01-01T12:00:00Z,0.0,20.125,300.125,25.32,-0.77
2000-01-01T12:00:00Z,0.0,20.125,304.125,26.02,0.16
2000-01-01T12:00:00Z,0.0,20.125,308.125,25.6,-0.03
2000-01-01T12:00:00Z,0.0,20.125,312.125,25.28,-0.09
2000-01-01T12:00:00Z,0.0,20.125,316.125,24.58,-0.51
2000-01-01T12:00:00Z,0.0,20.125,320.125,24.22,-0.56
2000-01-01T12:00:00Z,0.0,20.125,324.125,23.94,-0.44
2000-01-01T12:00:00Z,0.0,20.125,328.125,24.21,0.32
2000-01-01T12:00:00Z,0.0,20.125,332.125,22.9,-0.33
2000-01-01T12:00:00Z,0.0,20.125,336.125,21.8,-0.61
2000-01-01T12:00:00Z,0.0,20.125,340.125,19.64,-1.42
2000-01-01T12:00:00Z,0.0,20.125,344.125,NaN,NaN
2000-01-01T12:00:00Z,0.0,20.125,348.125,NaN,NaN
2000-01-01T12:00:00Z,0.0,20.125,352.125,NaN,NaN
2000-01-01T12:00:00Z,0.0,20.125,356.125,NaN,NaN
2000-01-01T12:00:00Z,0.0,24.125,0.125,NaN,NaN
2000-01-01T12:00:00Z,0.0,24.125,4.125,NaN,NaN
2000-01-01T12:00:00Z,0.0,24.125,8.125,NaN,NaN
2000-01-01T12:00:00Z,0.0,24.125,12.125,NaN,NaN
2000-01-01T12:00:00Z,0.0,24.125,16.125,NaN,NaN
2000-01-01T12:00:00Z,0.0,24.125,20.125,NaN,NaN
2000-01-01T12:00:00Z,0.0,24.125,24.125,NaN,NaN
2000-01-01T12:00:00Z,0.0,24.125,28.125,NaN,NaN
2000-01-01T12:00:00Z,0.0,24.125,32.125,NaN,NaN
2000-01-01T12:00:00Z,0.0,24.125,36.125,24.5,-0.15
2000-01-01T12:00:00Z,0.0,24.125,40.125,NaN,NaN
2000-01-01T12:00:00Z,0.0,24.125,44.125,NaN,NaN
2000-01-01T12:00:00Z,0.0,24.125,48.125,NaN,NaN
2000-01-01T12:00:00Z,0.0,24.125,52.125,21.85,-1.52
2000-01-01T12:00:00Z,0.0,24.125,56.125,NaN,NaN
2000-01-01T12:00:00Z,0.0,24.125,60.125,24.67,0.23
2000-01-01T12:00:00Z,0.0,24.125,64.125,24.91,0.31
2000-01-01T12:00:00Z,0.0,24.125,68.125,NaN,NaN
2000-01-01T12:00:00Z,0.0,24.125,72.125,NaN,NaN
2000-01-01T12:00:00Z,0.0,24.125,76.125,NaN,NaN
2000-01-01T12:00:00Z,0.0,24.125,80.125,NaN,NaN
2000-01-01T12:00:00Z,0.0,24.125,84.125,NaN,NaN
2000-01-01T12:00:00Z,0.0,24.125,88.125,NaN,NaN
2000-01-01T12:00:00Z,0.0,24.125,92.125,NaN,NaN
2000-01-01T12:00:00Z,0.0,24.125,96.125,NaN,NaN
2000-01-01T12:00:00Z,0.0,24.125,100.125,NaN,NaN
2000-01-01T12:00:00Z,0.0,24.125,104.125,NaN,NaN
2000-01-01T12:00:00Z,0.0,24.125,108.125,NaN,NaN
2000-01-01T12:00:00Z,0.0,24.125,112.125,NaN,NaN
2000-01-01T12:00:00Z,0.0,24.125,116.125,NaN,NaN
2000-01-01T12:00:00Z,0.0,24.125,120.125,19.15,-1.36
2000-01-01T12:00:00Z,0.0,24.125,124.125,23.13,-0.83
2000-01-01T12:00:00Z,0.0,24.125,128.125,23.73,0.08
2000-01-01T12:00:00Z,0.0,24.125,132.125,22.95,-0.87
2000-01-01T12:00:00Z,0.0,24.125,136.125,23.61,-0.46
2000-01-01T12:00:00Z,0.0,24.125,140.125,23.82,-0.54
2000-01-01T12:00:00Z,0.0,24.125,144.125,25.03,0.18
2000-01-01T12:00:00Z,0.0,24.125,148.125,26.52,1.38
2000-01-01T12:00:00Z,0.0,24.125,152.125,26.47,1.21
2000-01-01T12:00:00Z,0.0,24.125,156.125,26.65,1.47
2000-01-01T12:00:00Z,0.0,24.125,160.125,25.55,0.56
2000-01-01T12:00:00Z,0.0,24.125,164.125,25.18,0.22
2000-01-01T12:00:00Z,0.0,24.125,168.125,24.67,-0.19
2000-01-01T12:00:00Z,0.0,24.125,172.125,25.49,0.85
2000-01-01T12:00:00Z,0.0,24.125,176.125,24.8,0.28
2000-01-01T12:00:00Z,0.0,24.125,180.125,24.25,-0.04
2000-01-01T12:00:00Z,0.0,24.125,184.125,24.38,0.2
2000-01-01T12:00:00Z,0.0,24.125,188.125,24.25,0.22
2000-01-01T12:00:00Z,0.0,24.125,192.125,23.67,-0.21
2000-01-01T12:00:00Z,0.0,24.125,196.125,23.62,-0.12
2000-01-01T12:00:00Z,0.0,24.125,200.125,23.46,-0.23
2000-01-01T12:00:00Z,0.0,24.125,204.125,23.11,-0.38
2000-01-01T12:00:00Z,0.0,24.125,208.125,23.0,-0.26
2000-01-01T12:00:00Z,0.0,24.125,212.125,21.99,-0.92
2000-01-01T12:00:00Z,0.0,24.125,216.125,21.49,-0.89
2000-01-01T12:00:00Z,0.0,24.125,220.125,20.64,-1.27
2000-01-01T12:00:00Z,0.0,24.125,224.125,20.17,-1.15
2000-01-01T12:00:00Z,0.0,24.125,228.125,19.7,-1.08
2000-01-01T12:00:00Z,0.0,24.125,232.125,18.69,-1.63
2000-01-01T12:00:00Z,0.0,24.125,236.125,18.81,-1.23
2000-01-01T12:00:00Z,0.0,24.125,240.125,18.52,-1.28
2000-01-01T12:00:00Z,0.0,24.125,244.125,18.44,-1.9
2000-01-01T12:00:00Z,0.0,24.125,248.125,20.71,-1.29
2000-01-01T12:00:00Z,0.0,24.125,252.125,20.82,-1.98
2000-01-01T12:00:00Z,0.0,24.125,256.125,NaN,NaN
2000-01-01T12:00:00Z,0.0,24.125,260.125,NaN,NaN
2000-01-01T12:00:00Z,0.0,24.125,264.125,23.56,-0.13
2000-01-01T12:00:00Z,0.0,24.125,268.125,23.99,-0.2
2000-01-01T12:00:00Z,0.0,24.125,272.125,25.01,-0.3
2000-01-01T12:00:00Z,0.0,24.125,276.125,24.58,-0.98
2000-01-01T12:00:00Z,0.0,24.125,280.125,24.96,-0.14
2000-01-01T12:00:00Z,0.0,24.125,284.125,24.55,-0.68
2000-01-01T12:00:00Z,0.0,24.125,288.125,23.92,-1.61
2000-01-01T12:00:00Z,0.0,24.125,292.125,25.21,-0.25
2000-01-01T12:00:00Z,0.0,24.125,296.125,24.94,-0.36
2000-01-01T12:00:00Z,0.0,24.125,300.125,25.34,0.18
2000-01-01T12:00:00Z,0.0,24.125,304.125,24.91,0.01
2000-01-01T12:00:00Z,0.0,24.125,308.125,24.75,0.12
2000-01-01T12:00:00Z,0.0,24.125,312.125,23.99,-0.35
2000-01-01T12:00:00Z,0.0,24.125,316.125,23.38,-0.63
2000-01-01T12:00:00Z,0.0,24.125,320.125,23.39,-0.43
2000-01-01T12:00:00Z,0.0,24.125,324.125,22.74,-0.75
2000-01-01T12:00:00Z,0.0,24.125,328.125,22.65,-0.47
2000-01-01T12:00:00Z,0.0,24.125,332.125,22.4,-0.3
2000-01-01T12:00:00Z,0.0,24.125,336.125,21.57,-0.52
2000-01-01T12:00:00Z,0.0,24.125,340.125,20.48,-0.6
2000-01-01T12:00:00Z,0.0,24.125,344.125,17.3,-2.03
2000-01-01T12:00:00Z,0.0,24.125,348.125,NaN,NaN
2000-01-01T12:00:00Z,0.0,24.125,352.125,NaN,NaN
2000-01-01T12:00:00Z,0.0,24.125,356.125,NaN,NaN
2000-01-01T12:00:00Z,0.0,28.125,0.125,NaN,NaN
2000-01-01T12:00:00Z,0.0,28.125,4.125,NaN,NaN
2000-01-01T12:00:00Z,0.0,28.125,8.125,NaN,NaN
2000-01-01T12:00:00Z,0.0,28.125,12.125,NaN,NaN
2000-01-01T12:00:00Z,0.0,28.125,16.125,NaN,NaN
2000-01-01T12:00:00Z,0.0,28.125,20.125,NaN,NaN
2000-01-01T12:00:00Z,0.0,28.125,24.125,NaN,NaN
2000-01-01T12:00:00Z,0.0,28.125,28.125,NaN,NaN
2000-01-01T12:00:00Z,0.0,28.125,32.125,NaN,NaN
2000-01-01T12:00:00Z,0.0,28.125,36.125,NaN,NaN
2000-01-01T12:00:00Z,0.0,28.125,40.125,NaN,NaN
2000-01-01T12:00:00Z,0.0,28.125,44.125,NaN,NaN
2000-01-01T12:00:00Z,0.0,28.125,48.125,NaN,NaN
2000-01-01T12:00:00Z,0.0,28.125,52.125,NaN,NaN
2000-01-01T12:00:00Z,0.0,28.125,56.125,NaN,NaN
2000-01-01T12:00:00Z,0.0,28.125,60.125,NaN,NaN
2000-01-01T12:00:00Z,0.0,28.125,64.125,NaN,NaN
2000-01-01T12:00:00Z,0.0,28.125,68.125,NaN,NaN
2000-01-01T12:00:00Z,0.0,28.125,72.125,NaN,NaN
2000-01-01T12:00:00Z,0.0,28.125,76.125,NaN,NaN
2000-01-01T12:00:00Z,0.0,28.125,80.125,NaN,NaN
2000-01-01T12:00:00Z,0.0,28.125,84.125,NaN,NaN
2000-01-01T12:00:00Z,0.0,28.125,88.125,NaN,NaN
2000-01-01T12:00:00Z,0.0,28.125,92.125,NaN,NaN
2000-01-01T12:00:00Z,0.0,28.125,96.125,NaN,NaN
2000-01-01T12:00:00Z,0.0,28.125,100.125,NaN,NaN
2000-01-01T12:00:00Z,0.0,28.125,104.125,NaN,NaN
2000-01-01T12:00:00Z,0.0,28.125,108.125,NaN,NaN
2000-01-01T12:00:00Z,0.0,28.125,112.125,NaN,NaN
2000-01-01T12:00:00Z,0.0,28.125,116.125,NaN,NaN
2000-01-01T12:00:00Z,0.0,28.125,120.125,NaN,NaN
2000-01-01T12:00:00Z,0.0,28.125,124.125,18.22,-1.05
2000-01-01T12:00:00Z,0.0,28.125,128.125,22.34,0.11
2000-01-01T12:00:00Z,0.0,28.125,132.125,21.93,-0.01
2000-01-01T12:00:00Z,0.0,28.125,136.125,21.49,-0.02
2000-01-01T12:00:00Z,0.0,28.125,140.125,21.29,-0.45
2000-01-01T12:00:00Z,0.0,28.125,144.125,22.93,0.79
2000-01-01T12:00:00Z,0.0,28.125,148.125,22.3,0.08
2000-01-01T12:00:00Z,0.0,28.125,152.125,23.44,1.0
2000-01-01T12:00:00Z,0.0,28.125,156.125,23.1,0.48
2000-01-01T12:00:00Z,0.0,28.125,160.125,22.72,0.37
2000-01-01T12:00:00Z,0.0,28.125,164.125,22.98,0.8
2000-01-01T12:00:00Z,0.0,28.125,168.125,23.18,1.0
2000-01-01T12:00:00Z,0.0,28.125,172.125,22.5,0.56
2000-01-01T12:00:00Z,0.0,28.125,176.125,22.76,1.08
2000-01-01T12:00:00Z,0.0,28.125,180.125,23.18,1.68
2000-01-01T12:00:00Z,0.0,28.125,184.125,23.61,2.13
2000-01-01T12:00:00Z,0.0,28.125,188.125,22.13,0.72
2000-01-01T12:00:00Z,0.0,28.125,192.125,21.76,0.37
2000-01-01T12:00:00Z,0.0,28.125,196.125,22.68,1.17
2000-01-01T12:00:00Z,0.0,28.125,200.125,22.31,0.65
2000-01-01T12:00:00Z,0.0,28.125,204.125,22.25,0.54
2000-01-01T12:00:00Z,0.0,28.125,208.125,21.89,0.24
2000-01-01T12:00:00Z,0.0,28.125,212.125,21.28,-0.12
2000-01-01T12:00:00Z,0.0,28.125,216.125,20.71,-0.35
2000-01-01T12:00:00Z,0.0,28.125,220.125,19.64,-0.86
2000-01-01T12:00:00Z,0.0,28.125,224.125,18.84,-1.1
2000-01-01T12:00:00Z,0.0,28.125,228.125,18.23,-1.1
2000-01-01T12:00:00Z,0.0,28.125,232.125,17.32,-1.38
2000-01-01T12:00:00Z,0.0,28.125,236.125,17.51,-0.66
2000-01-01T12:00:00Z,0.0,28.125,240.125,17.22,-0.5
2000-01-01T12:00:00Z,0.0,28.125,244.125,16.49,-1.13
2000-01-01T12:00:00Z,0.0,28.125,248.125,16.92,-1.65
2000-01-01T12:00:00Z,0.0,28.125,252.125,NaN,NaN
2000-01-01T12:00:00Z,0.0,28.125,256.125,NaN,NaN
2000-01-01T12:00:00Z,0.0,28.125,260.125,NaN,NaN
2000-01-01T12:00:00Z,0.0,28.125,264.125,19.47,-1.23
2000-01-01T12:00:00Z,0.0,28.125,268.125,22.8,1.82
2000-01-01T12:00:00Z,0.0,28.125,272.125,23.1,0.61
2000-01-01T12:00:00Z,0.0,28.125,276.125,21.12,-0.29
2000-01-01T12:00:00Z,0.0,28.125,280.125,24.84,0.52
2000-01-01T12:00:00Z,0.0,28.125,284.125,23.37,-0.39
2000-01-01T12:00:00Z,0.0,28.125,288.125,23.27,-0.1
2000-01-01T12:00:00Z,0.0,28.125,292.125,22.7,-0.6
2000-01-01T12:00:00Z,0.0,28.125,296.125,22.96,-0.28
2000-01-01T12:00:00Z,0.0,28.125,300.125,23.59,0.33
2000-01-01T12:00:00Z,0.0,28.125,304.125,22.99,-0.21
2000-01-01T12:00:00Z,0.0,28.125,308.125,23.68,0.71
2000-01-01T12:00:00Z,0.0,28.125,312.125,23.06,0.27
2000-01-01T12:00:00Z,0.0,28.125,316.125,22.02,-0.5
2000-01-01T12:00:00Z,0.0,28.125,320.125,21.72,-0.58
2000-01-01T12:00:00Z,0.0,28.125,324.125,22.98,0.95
2000-01-01T12:00:00Z,0.0,28.125,328.125,20.93,-0.82
2000-01-01T12:00:00Z,0.0,28.125,332.125,20.15,-1.17
2000-01-01T12:00:00Z,0.0,28.125,336.125,19.73,-1.2
2000-01-01T12:00:00Z,0.0,28.125,340.125,19.72,-0.76
2000-01-01T12:00:00Z,0.0,28.125,344.125,19.24,-0.52
2000-01-01T12:00:00Z,0.0,28.125,348.125,NaN,NaN
2000-01-01T12:00:00Z,0.0,28.125,352.125,NaN,NaN
2000-01-01T12:00:00Z,0.0,28.125,356.125,NaN,NaN
2000-01-01T12:00:00Z,0.0,32.125,0.125,NaN,NaN
2000-01-01T12:00:00Z,0.0,32.125,4.125,NaN,NaN
2000-01-01T12:00:00Z,0.0,32.125,8.125,NaN,NaN
2000-01-01T12:00:00Z,0.0,32.125,12.125,NaN,NaN
2000-01-01T12:00:00Z,0.0,32.125,16.125,18.45,0.21
2000-01-01T12:00:00Z,0.0,32.125,20.125,NaN,NaN
2000-01-01T12:00:00Z,0.0,32.125,24.125,19.53,1.14
2000-01-01T12:00:00Z,0.0,32.125,28.125,19.15,0.64
2000-01-01T12:00:00Z,0.0,32.125,32.125,20.0,1.2
2000-01-01T12:00:00Z,0.0,32.125,36.125,NaN,NaN
2000-01-01T12:00:00Z,0.0,32.125,40.125,NaN,NaN
2000-01-01T12:00:00Z,0.0,32.125,44.125,NaN,NaN
2000-01-01T12:00:00Z,0.0,32.125,48.125,NaN,NaN
2000-01-01T12:00:00Z,0.0,32.125,52.125,NaN,NaN
2000-01-01T12:00:00Z,0.0,32.125,56.125,NaN,NaN
2000-01-01T12:00:00Z,0.0,32.125,60.125,NaN,NaN
2000-01-01T12:00:00Z,0.0,32.125,64.125,NaN,NaN
2000-01-01T12:00:00Z,0.0,32.125,68.125,NaN,NaN
2000-01-01T12:00:00Z,0.0,32.125,72.125,NaN,NaN
2000-01-01T12:00:00Z,0.0,32.125,76.125,NaN,NaN
2000-01-01T12:00:00Z,0.0,32.125,80.125,NaN,NaN
2000-01-01T12:00:00Z,0.0,32.125,84.125,NaN,NaN
2000-01-01T12:00:00Z,0.0,32.125,88.125,NaN,NaN
2000-01-01T12:00:00Z,0.0,32.125,92.125,NaN,NaN
2000-01-01T12:00:00Z,0.0,32.125,96.125,NaN,NaN
2000-01-01T12:00:00Z,0.0,32.125,100.125,NaN,NaN
2000-01-01T12:00:00Z,0.0,32.125,104.125,NaN,NaN
2000-01-01T12:00:00Z,0.0,32.125,108.125,NaN,NaN
2000-01-01T12:00:00Z,0.0,32.125,112.125,NaN,NaN
2000-01-01T12:00:00Z,0.0,32.125,116.125,NaN,NaN
2000-01-01T12:00:00Z,0.0,32.125,120.125,NaN,NaN
2000-01-01T12:00:00Z,0.0,32.125,124.125,13.27,-0.61
2000-01-01T12:00:00Z,0.0,32.125,128.125,19.07,0.41
2000-01-01T12:00:00Z,0.0,32.125,132.125,21.0,0.74
2000-01-01T12:00:00Z,0.0,32.125,136.125,21.34,1.01
2000-01-01T12:00:00Z,0.0,32.125,140.125,21.37,1.08
2000-01-01T12:00:00Z,0.0,32.125,144.125,20.56,0.34
2000-01-01T12:00:00Z,0.0,32.125,148.125,20.4,0.23
2000-01-01T12:00:00Z,0.0,32.125,152.125,22.02,1.99
2000-01-01T12:00:00Z,0.0,32.125,156.125,21.22,1.39
2000-01-01T12:00:00Z,0.0,32.125,160.125,21.26,1.42
2000-01-01T12:00:00Z,0.0,32.125,164.125,20.54,0.76
2000-01-01T12:00:00Z,0.0,32.125,168.125,20.55,1.0
2000-01-01T12:00:00Z,0.0,32.125,172.125,20.07,0.81
2000-01-01T12:00:00Z,0.0,32.125,176.125,21.04,2.06
2000-01-01T12:00:00Z,0.0,32.125,180.125,20.06,1.55
2000-01-01T12:00:00Z,0.0,32.125,184.125,20.08,1.61
2000-01-01T12:00:00Z,0.0,32.125,188.125,19.63,1.29
2000-01-01T12:00:00Z,0.0,32.125,192.125,19.09,0.94
2000-01-01T12:00:00Z,0.0,32.125,196.125,18.94,0.78
2000-01-01T12:00:00Z,0.0,32.125,200.125,19.93,1.52
2000-01-01T12:00:00Z,0.0,32.125,204.125,19.36,0.67
2000-01-01T12:00:00Z,0.0,32.125,208.125,19.65,0.74
2000-01-01T12:00:00Z,0.0,32.125,212.125,18.95,-0.07
2000-01-01T12:00:00Z,0.0,32.125,216.125,18.37,-0.56
2000-01-01T12:00:00Z,0.0,32.125,220.125,18.29,-0.31
2000-01-01T12:00:00Z,0.0,32.125,224.125,18.0,-0.19
2000-01-01T12:00:00Z,0.0,32.125,228.125,16.39,-1.25
2000-01-01T12:00:00Z,0.0,32.125,232.125,16.55,-0.31
2000-01-01T12:00:00Z,0.0,32.125,236.125,14.26,-1.55
2000-01-01T12:00:00Z,0.0,32.125,240.125,14.92,-0.48
2000-01-01T12:00:00Z,0.0,32.125,244.125,NaN,NaN
2000-01-01T12:00:00Z,0.0,32.125,248.125,NaN,NaN
2000-01-01T12:00:00Z,0.0,32.125,252.125,NaN,NaN
2000-01-01T12:00:00Z,0.0,32.125,256.125,NaN,NaN
2000-01-01T12:00:00Z,0.0,32.125,260.125,NaN,NaN
2000-01-01T12:00:00Z,0.0,32.125,264.125,NaN,NaN
2000-01-01T12:00:00Z,0.0,32.125,268.125,NaN,NaN
2000-01-01T12:00:00Z,0.0,32.125,272.125,NaN,NaN
2000-01-01T12:00:00Z,0.0,32.125,276.125,NaN,NaN
2000-01-01T12:00:00Z,0.0,32.125,280.125,19.97,-1.93
2000-01-01T12:00:00Z,0.0,32.125,284.125,21.82,-1.16
2000-01-01T12:00:00Z,0.0,32.125,288.125,21.38,0.21
2000-01-01T12:00:00Z,0.0,32.125,292.125,21.16,0.26
2000-01-01T12:00:00Z,0.0,32.125,296.125,20.9,-0.24
2000-01-01T12:00:00Z,0.0,32.125,300.125,21.39,0.22
2000-01-01T12:00:00Z,0.0,32.125,304.125,21.05,0.01
2000-01-01T12:00:00Z,0.0,32.125,308.125,21.21,0.21
2000-01-01T12:00:00Z,0.0,32.125,312.125,21.3,0.44
2000-01-01T12:00:00Z,0.0,32.125,316.125,21.0,0.27
2000-01-01T12:00:00Z,0.0,32.125,320.125,21.31,0.84
2000-01-01T12:00:00Z,0.0,32.125,324.125,20.71,0.38
2000-01-01T12:00:00Z,0.0,32.125,328.125,20.34,0.13
2000-01-01T12:00:00Z,0.0,32.125,332.125,19.96,0.02
2000-01-01T12:00:00Z,0.0,32.125,336.125,18.67,-0.95
2000-01-01T12:00:00Z,0.0,32.125,340.125,18.47,-0.84
2000-01-01T12:00:00Z,0.0,32.125,344.125,18.42,-0.44
2000-01-01T12:00:00Z,0.0,32.125,348.125,17.28,-0.94
2000-01-01T12:00:00Z,0.0,32.125,352.125,NaN,NaN
2000-01-01T12:00:00Z,0.0,32.125,356.125,NaN,NaN
2000-01-01T12:00:00Z,0.0,36.125,0.125,15.57,-0.37
2000-01-01T12:00:00Z,0.0,36.125,4.125,NaN,NaN
2000-01-01T12:00:00Z,0.0,36.125,8.125,NaN,NaN
2000-01-01T12:00:00Z,0.0,36.125,12.125,15.58,-0.82
2000-01-01T12:00:00Z,0.0,36.125,16.125,15.08,-1.66
2000-01-01T12:00:00Z,0.0,36.125,20.125,16.17,-0.41
2000-01-01T12:00:00Z,0.0,36.125,24.125,17.65,1.19
2000-01-01T12:00:00Z,0.0,36.125,28.125,18.4,1.13
2000-01-01T12:00:00Z,0.0,36.125,32.125,18.95,1.38
2000-01-01T12:00:00Z,0.0,36.125,36.125,NaN,NaN
2000-01-01T12:00:00Z,0.0,36.125,40.125,NaN,NaN
2000-01-01T12:00:00Z,0.0,36.125,44.125,NaN,NaN
2000-01-01T12:00:00Z,0.0,36.125,48.125,NaN,NaN
2000-01-01T12:00:00Z,0.0,36.125,52.125,NaN,NaN
2000-01-01T12:00:00Z,0.0,36.125,56.125,NaN,NaN
2000-01-01T12:00:00Z,0.0,36.125,60.125,NaN,NaN
2000-01-01T12:00:00Z,0.0,36.125,64.125,NaN,NaN
2000-01-01T12:00:00Z,0.0,36.125,68.125,NaN,NaN
2000-01-01T12:00:00Z,0.0,36.125,72.125,NaN,NaN
2000-01-01T12:00:00Z,0.0,36.125,76.125,NaN,NaN
2000-01-01T12:00:00Z,0.0,36.125,80.125,NaN,NaN
2000-01-01T12:00:00Z,0.0,36.125,84.125,NaN,NaN
2000-01-01T12:00:00Z,0.0,36.125,88.125,NaN,NaN
2000-01-01T12:00:00Z,0.0,36.125,92.125,NaN,NaN
2000-01-01T12:00:00Z,0.0,36.125,96.125,NaN,NaN
2000-01-01T12:00:00Z,0.0,36.125,100.125,NaN,NaN
2000-01-01T12:00:00Z,0.0,36.125,104.125,NaN,NaN
2000-01-01T12:00:00Z,0.0,36.125,108.125,NaN,NaN
2000-01-01T12:00:00Z,0.0,36.125,112.125,NaN,NaN
2000-01-01T12:00:00Z,0.0,36.125,116.125,NaN,NaN
2000-01-01T12:00:00Z,0.0,36.125,120.125,NaN,NaN
2000-01-01T12:00:00Z,0.0,36.125,124.125,8.64,-0.94
2000-01-01T12:00:00Z,0.0,36.125,128.125,NaN,NaN
2000-01-01T12:00:00Z,0.0,36.125,132.125,15.01,-0.08
2000-01-01T12:00:00Z,0.0,36.125,136.125,14.63,-0.02
2000-01-01T12:00:00Z,0.0,36.125,140.125,NaN,NaN
2000-01-01T12:00:00Z,0.0,36.125,144.125,18.55,1.02
2000-01-01T12:00:00Z,0.0,36.125,148.125,19.47,2.2
2000-01-01T12:00:00Z,0.0,36.125,152.125,18.48,1.21
2000-01-01T12:00:00Z,0.0,36.125,156.125,17.41,0.57
2000-01-01T12:00:00Z,0.0,36.125,160.125,15.83,-0.99
2000-01-01T12:00:00Z,0.0,36.125,164.125,16.6,-0.11
2000-01-01T12:00:00Z,0.0,36.125,168.125,17.21,0.77
2000-01-01T12:00:00Z,0.0,36.125,172.125,16.69,0.24
2000-01-01T12:00:00Z,0.0,36.125,176.125,16.5,0.33
2000-01-01T12:00:00Z,0.0,36.125,180.125,16.87,1.11
2000-01-01T12:00:00Z,0.0,36.125,184.125,18.25,2.72
2000-01-01T12:00:00Z,0.0,36.125,188.125,16.49,1.22
2000-01-01T12:00:00Z,0.0,36.125,192.125,16.13,1.03
2000-01-01T12:00:00Z,0.0,36.125,196.125,16.54,1.48
2000-01-01T12:00:00Z,0.0,36.125,200.125,15.88,0.71
2000-01-01T12:00:00Z,0.0,36.125,204.125,16.61,1.3
2000-01-01T12:00:00Z,0.0,36.125,208.125,16.33,0.63
2000-01-01T12:00:00Z,0.0,36.125,212.125,16.34,0.37
2000-01-01T12:00:00Z,0.0,36.125,216.125,16.63,0.44
2000-01-01T12:00:00Z,0.0,36.125,220.125,14.96,-1.27
2000-01-01T12:00:00Z,0.0,36.125,224.125,15.34,-0.77
2000-01-01T12:00:00Z,0.0,36.125,228.125,14.66,-1.11
2000-01-01T12:00:00Z,0.0,36.125,232.125,13.94,-0.82
2000-01-01T12:00:00Z,0.0,36.125,236.125,11.21,-2.13
2000-01-01T12:00:00Z,0.0,36.125,240.125,NaN,NaN
2000-01-01T12:00:00Z,0.0,36.125,244.125,NaN,NaN
2000-01-01T12:00:00Z,0.0,36.125,248.125,NaN,NaN
2000-01-01T12:00:00Z,0.0,36.125,252.125,NaN,NaN
2000-01-01T12:00:00Z,0.0,36.125,256.125,NaN,NaN
2000-01-01T12:00:00Z,0.0,36.125,260.125,NaN,NaN
2000-01-01T12:00:00Z,0.0,36.125,264.125,NaN,NaN
2000-01-01T12:00:00Z,0.0,36.125,268.125,NaN,NaN
2000-01-01T12:00:00Z,0.0,36.125,272.125,NaN,NaN
2000-01-01T12:00:00Z,0.0,36.125,276.125,NaN,NaN
2000-01-01T12:00:00Z,0.0,36.125,280.125,NaN,NaN
2000-01-01T12:00:00Z,0.0,36.125,284.125,14.03,-0.91
2000-01-01T12:00:00Z,0.0,36.125,288.125,20.43,-0.34
2000-01-01T12:00:00Z,0.0,36.125,292.125,22.17,1.46
2000-01-01T12:00:00Z,0.0,36.125,296.125,20.76,0.09
2000-01-01T12:00:00Z,0.0,36.125,300.125,20.48,0.36
2000-01-01T12:00:00Z,0.0,36.125,304.125,20.42,0.58
2000-01-01T12:00:00Z,0.0,36.125,308.125,20.7,1.1
2000-01-01T12:00:00Z,0.0,36.125,312.125,20.36,1.05
2000-01-01T12:00:00Z,0.0,36.125,316.125,20.31,1.34
2000-01-01T12:00:00Z,0.0,36.125,320.125,20.26,1.55
2000-01-01T12:00:00Z,0.0,36.125,324.125,18.97,0.59
2000-01-01T12:00:00Z,0.0,36.125,328.125,19.13,0.88
2000-01-01T12:00:00Z,0.0,36.125,332.125,18.86,0.78
2000-01-01T12:00:00Z,0.0,36.125,336.125,17.82,-0.07
2000-01-01T12:00:00Z,0.0,36.125,340.125,17.51,-0.18
2000-01-01T12:00:00Z,0.0,36.125,344.125,17.25,-0.13
2000-01-01T12:00:00Z,0.0,36.125,348.125,17.6,0.42
2000-01-01T12:00:00Z,0.0,36.125,352.125,17.06,0.07
2000-01-01T12:00:00Z,0.0,36.125,356.125,15.34,-0.51
2000-01-01T12:00:00Z,0.0,40.125,0.125,14.11,-0.5
2000-01-01T12:00:00Z,0.0,40.125,4.125,13.93,-1.06
2000-01-01T12:00:00Z,0.0,40.125,8.125,13.27,-1.74
2000-01-01T12:00:00Z,0.0,40.125,12.125,14.14,-0.99
2000-01-01T12:00:00Z,0.0,40.125,16.125,NaN,NaN
2000-01-01T12:00:00Z,0.0,40.125,20.125,NaN,NaN
2000-01-01T12:00:00Z,0.0,40.125,24.125,14.8,0.58
2000-01-01T12:00:00Z,0.0,40.125,28.125,NaN,NaN
2000-01-01T12:00:00Z,0.0,40.125,32.125,NaN,NaN
2000-01-01T12:00:00Z,0.0,40.125,36.125,NaN,NaN
2000-01-01T12:00:00Z,0.0,40.125,40.125,NaN,NaN
2000-01-01T12:00:00Z,0.0,40.125,44.125,NaN,NaN
2000-01-01T12:00:00Z,0.0,40.125,48.125,NaN,NaN
2000-01-01T12:00:00Z,0.0,40.125,52.125,12.74,1.23
2000-01-01T12:00:00Z,0.0,40.125,56.125,NaN,NaN
2000-01-01T12:00:00Z,0.0,40.125,60.125,NaN,NaN
2000-01-01T12:00:00Z,0.0,40.125,64.125,NaN,NaN
2000-01-01T12:00:00Z,0.0,40.125,68.125,NaN,NaN
2000-01-01T12:00:00Z,0.0,40.125,72.125,NaN,NaN
2000-01-01T12:00:00Z,0.0,40.125,76.125,NaN,NaN
2000-01-01T12:00:00Z,0.0,40.125,80.125,NaN,NaN
2000-01-01T12:00:00Z,0.0,40.125,84.125,NaN,NaN
2000-01-01T12:00:00Z,0.0,40.125,88.125,NaN,NaN
2000-01-01T12:00:00Z,0.0,40.125,92.125,NaN,NaN
2000-01-01T12:00:00Z,0.0,40.125,96.125,NaN,NaN
2000-01-01T12:00:00Z,0.0,40.125,100.125,NaN,NaN
2000-01-01T12:00:00Z,0.0,40.125,104.125,NaN,NaN
2000-01-01T12:00:00Z,0.0,40.125,108.125,NaN,NaN
2000-01-01T12:00:00Z,0.0,40.125,112.125,NaN,NaN
2000-01-01T12:00:00Z,0.0,40.125,116.125,NaN,NaN
2000-01-01T12:00:00Z,0.0,40.125,120.125,2.87,-1.59
2000-01-01T12:00:00Z,0.0,40.125,124.125,NaN,NaN
2000-01-01T12:00:00Z,0.0,40.125,128.125,NaN,NaN
2000-01-01T12:00:00Z,0.0,40.125,132.125,8.9,1.29
2000-01-01T12:00:00Z,0.0,40.125,136.125,9.99,1.86
2000-01-01T12:00:00Z,0.0,40.125,140.125,NaN,NaN
2000-01-01T12:00:00Z,0.0,40.125,144.125,10.53,1.07
2000-01-01T12:00:00Z,0.0,40.125,148.125,9.82,0.26
2000-01-01T12:00:00Z,0.0,40.125,152.125,11.5,0.44
2000-01-01T12:00:00Z,0.0,40.125,156.125,13.01,1.42
2000-01-01T12:00:00Z,0.0,40.125,160.125,11.61,-0.06
2000-01-01T12:00:00Z,0.0,40.125,164.125,12.57,0.97
2000-01-01T12:00:00Z,0.0,40.125,168.125,12.54,0.07
2000-01-01T12:00:00Z,0.0,40.125,172.125,13.03,0.64
2000-01-01T12:00:00Z,0.0,40.125,176.125,10.84,-1.19
2000-01-01T12:00:00Z,0.0,40.125,180.125,11.56,-0.47
2000-01-01T12:00:00Z,0.0,40.125,184.125,12.41,0.44
2000-01-01T12:00:00Z,0.0,40.125,188.125,11.94,0.12
2000-01-01T12:00:00Z,0.0,40.125,192.125,12.1,0.4
2000-01-01T12:00:00Z,0.0,40.125,196.125,11.58,-0.24
2000-01-01T12:00:00Z,0.0,40.125,200.125,11.89,0.03
2000-01-01T12:00:00Z,0.0,40.125,204.125,10.81,-1.19
2000-01-01T12:00:00Z,0.0,40.125,208.125,11.88,-0.46
2000-01-01T12:00:00Z,0.0,40.125,212.125,12.3,-0.37
2000-01-01T12:00:00Z,0.0,40.125,216.125,12.21,-0.95
2000-01-01T12:00:00Z,0.0,40.125,220.125,12.31,-1.21
2000-01-01T12:00:00Z,0.0,40.125,224.125,12.45,-1.27
2000-01-01T12:00:00Z,0.0,40.125,228.125,12.91,-0.83
2000-01-01T12:00:00Z,0.0,40.125,232.125,11.75,-0.89
2000-01-01T12:00:00Z,0.0,40.125,236.125,NaN,NaN
2000-01-01T12:00:00Z,0.0,40.125,240.125,NaN,NaN
2000-01-01T12:00:00Z,0.0,40.125,244.125,NaN,NaN
2000-01-01T12:00:00Z,0.0,40.125,248.125,NaN,NaN
2000-01-01T12:00:00Z,0.0,40.125,252.125,NaN,NaN
2000-01-01T12:00:00Z,0.0,40.125,256.125,NaN,NaN
2000-01-01T12:00:00Z,0.0,40.125,260.125,NaN,NaN
2000-01-01T12:00:00Z,0.0,40.125,264.125,NaN,NaN
2000-01-01T12:00:00Z,0.0,40.125,268.125,NaN,NaN
2000-01-01T12:00:00Z,0.0,40.125,272.125,NaN,NaN
2000-01-01T12:00:00Z,0.0,40.125,276.125,NaN,NaN
2000-01-01T12:00:00Z,0.0,40.125,280.125,NaN,NaN
2000-01-01T12:00:00Z,0.0,40.125,284.125,NaN,NaN
2000-01-01T12:00:00Z,0.0,40.125,288.125,12.36,2.69
2000-01-01T12:00:00Z,0.0,40.125,292.125,11.97,0.54
2000-01-01T12:00:00Z,0.0,40.125,296.125,17.86,2.26
2000-01-01T12:00:00Z,0.0,40.125,300.125,15.71,-2.15
2000-01-01T12:00:00Z,0.0,40.125,304.125,18.47,0.17
2000-01-01T12:00:00Z,0.0,40.125,308.125,18.87,1.42
2000-01-01T12:00:00Z,0.0,40.125,312.125,17.66,0.27
2000-01-01T12:00:00Z,0.0,40.125,316.125,17.46,-0.43
2000-01-01T12:00:00Z,0.0,40.125,320.125,17.84,0.74
2000-01-01T12:00:00Z,0.0,40.125,324.125,17.65,0.77
2000-01-01T12:00:00Z,0.0,40.125,328.125,17.63,1.17
2000-01-01T12:00:00Z,0.0,40.125,332.125,16.04,0.08
2000-01-01T12:00:00Z,0.0,40.125,336.125,15.84,-0.02
2000-01-01T12:00:00Z,0.0,40.125,340.125,16.09,0.36
2000-01-01T12:00:00Z,0.0,40.125,344.125,15.03,-0.45
2000-01-01T12:00:00Z,0.0,40.125,348.125,15.84,0.46
2000-01-01T12:00:00Z,0.0,40.125,352.125,NaN,NaN
2000-01-01T12:00:00Z,0.0,40.125,356.125,NaN,NaN
2000-01-01T12:00:00Z,0.0,44.125,0.125,NaN,NaN
2000-01-01T12:00:00Z,0.0,44.125,4.125,NaN,NaN
2000-01-01T12:00:00Z,0.0,44.125,8.125,NaN,NaN
2000-01-01T12:00:00Z,0.0,44.125,12.125,NaN,NaN
2000-01-01T12:00:00Z,0.0,44.125,16.125,NaN,NaN
2000-01-01T12:00:00Z,0.0,44.125,20.125,NaN,NaN
2000-01-01T12:00:00Z,0.0,44.125,24.125,NaN,NaN
2000-01-01T12:00:00Z,0.0,44.125,28.125,NaN,NaN
2000-01-01T12:00:00Z,0.0,44.125,32.125,8.95,-0.08
2000-01-01T12:00:00Z,0.0,44.125,36.125,8.86,-0.18
2000-01-01T12:00:00Z,0.0,44.125,40.125,NaN,NaN
2000-01-01T12:00:00Z,0.0,44.125,44.125,NaN,NaN
2000-01-01T12:00:00Z,0.0,44.125,48.125,6.1,-0.38
2000-01-01T12:00:00Z,0.0,44.125,52.125,NaN,NaN
2000-01-01T12:00:00Z,0.0,44.125,56.125,NaN,NaN
2000-01-01T12:00:00Z,0.0,44.125,60.125,NaN,NaN
2000-01-01T12:00:00Z,0.0,44.125,64.125,NaN,NaN
2000-01-01T12:00:00Z,0.0,44.125,68.125,NaN,NaN
2000-01-01T12:00:00Z,0.0,44.125,72.125,NaN,NaN
2000-01-01T12:00:00Z,0.0,44.125,76.125,NaN,NaN
2000-01-01T12:00:00Z,0.0,44.125,80.125,NaN,NaN
2000-01-01T12:00:00Z,0.0,44.125,84.125,NaN,NaN
2000-01-01T12:00:00Z,0.0,44.125,88.125,NaN,NaN
2000-01-01T12:00:00Z,0.0,44.125,92.125,NaN,NaN
2000-01-01T12:00:00Z,0.0,44.125,96.125,NaN,NaN
2000-01-01T12:00:00Z,0.0,44.125,100.125,NaN,NaN
2000-01-01T12:00:00Z,0.0,44.125,104.125,NaN,NaN
2000-01-01T12:00:00Z,0.0,44.125,108.125,NaN,NaN
2000-01-01T12:00:00Z,0.0,44.125,112.125,NaN,NaN
2000-01-01T12:00:00Z,0.0,44.125,116.125,NaN,NaN
2000-01-01T12:00:00Z,0.0,44.125,120.125,NaN,NaN
2000-01-01T12:00:00Z,0.0,44.125,124.125,NaN,NaN
2000-01-01T12:00:00Z,0.0,44.125,128.125,NaN,NaN
2000-01-01T12:00:00Z,0.0,44.125,132.125,NaN,NaN
2000-01-01T12:00:00Z,0.0,44.125,136.125,0.51,-2.08
2000-01-01T12:00:00Z,0.0,44.125,140.125,8.44,2.57
2000-01-01T12:00:00Z,0.0,44.125,144.125,0.98,-1.58
2000-01-01T12:00:00Z,0.0,44.125,148.125,3.9,0.33
2000-01-01T12:00:00Z,0.0,44.125,152.125,3.39,-0.17
2000-01-01T12:00:00Z,0.0,44.125,156.125,4.29,-0.79
2000-01-01T12:00:00Z,0.0,44.125,160.125,6.21,0.11
2000-01-01T12:00:00Z,0.0,44.125,164.125,6.87,0.55
2000-01-01T12:00:00Z,0.0,44.125,168.125,5.79,-0.22
2000-01-01T12:00:00Z,0.0,44.125,172.125,7.96,0.9
2000-01-01T12:00:00Z,0.0,44.125,176.125,7.77,0.09
2000-01-01T12:00:00Z,0.0,44.125,180.125,7.8,-0.13
2000-01-01T12:00:00Z,0.0,44.125,184.125,7.49,-0.54
2000-01-01T12:00:00Z,0.0,44.125,188.125,7.88,-0.18
2000-01-01T12:00:00Z,0.0,44.125,192.125,7.72,-0.51
2000-01-01T12:00:00Z,0.0,44.125,196.125,8.12,-0.32
2000-01-01T12:00:00Z,0.0,44.125,200.125,7.34,-1.28
2000-01-01T12:00:00Z,0.0,44.125,204.125,7.57,-1.3
2000-01-01T12:00:00Z,0.0,44.125,208.125,8.29,-0.95
2000-01-01T12:00:00Z,0.0,44.125,212.125,8.9,-0.77
2000-01-01T12:00:00Z,0.0,44.125,216.125,9.14,-1.0
2000-01-01T12:00:00Z,0.0,44.125,220.125,9.09,-1.55
2000-01-01T12:00:00Z,0.0,44.125,224.125,9.12,-1.97
2000-01-01T12:00:00Z,0.0,44.125,228.125,11.01,-0.43
2000-01-01T12:00:00Z,0.0,44.125,232.125,10.74,-0.11
2000-01-01T12:00:00Z,0.0,44.125,236.125,NaN,NaN
2000-01-01T12:00:00Z,0.0,44.125,240.125,NaN,NaN
2000-01-01T12:00:00Z,0.0,44.125,244.125,NaN,NaN
2000-01-01T12:00:00Z,0.0,44.125,248.125,NaN,NaN
2000-01-01T12:00:00Z,0.0,44.125,252.125,NaN,NaN
2000-01-01T12:00:00Z,0.0,44.125,256.125,NaN,NaN
2000-01-01T12:00:00Z,0.0,44.125,260.125,NaN,NaN
2000-01-01T12:00:00Z,0.0,44.125,264.125,NaN,NaN
2000-01-01T12:00:00Z,0.0,44.125,268.125,NaN,NaN
2000-01-01T12:00:00Z,0.0,44.125,272.125,NaN,NaN
2000-01-01T12:00:00Z,0.0,44.125,276.125,NaN,NaN
2000-01-01T12:00:00Z,0.0,44.125,280.125,NaN,NaN
2000-01-01T12:00:00Z,0.0,44.125,284.125,NaN,NaN
2000-01-01T12:00:00Z,0.0,44.125,288.125,NaN,NaN
2000-01-01T12:00:00Z,0.0,44.125,292.125,8.46,2.15
2000-01-01T12:00:00Z,0.0,44.125,296.125,4.74,0.72
2000-01-01T12:00:00Z,0.0,44.125,300.125,3.71,-1.06
2000-01-01T12:00:00Z,0.0,44.125,304.125,7.63,1.68
2000-01-01T12:00:00Z,0.0,44.125,308.125,7.23,2.44
2000-01-01T12:00:00Z,0.0,44.125,312.125,7.36,0.3
2000-01-01T12:00:00Z,0.0,44.125,316.125,14.16,-0.04
2000-01-01T12:00:00Z,0.0,44.125,320.125,16.2,0.78
2000-01-01T12:00:00Z,0.0,44.125,324.125,16.01,1.18
2000-01-01T12:00:00Z,0.0,44.125,328.125,15.05,0.31
2000-01-01T12:00:00Z,0.0,44.125,332.125,14.35,-0.11
2000-01-01T12:00:00Z,0.0,44.125,336.125,13.93,-0.24
2000-01-01T12:00:00Z,0.0,44.125,340.125,13.78,-0.16
2000-01-01T12:00:00Z,0.0,44.125,344.125,13.29,-0.44
2000-01-01T12:00:00Z,0.0,44.125,348.125,13.07,-0.45
2000-01-01T12:00:00Z,0.0,44.125,352.125,13.38,-0.02
2000-01-01T12:00:00Z,0.0,44.125,356.125,12.76,-0.47
2000-01-01T12:00:00Z,0.0,48.125,0.125,NaN,NaN
2000-01-01T12:00:00Z,0.0,48.125,4.125,NaN,NaN
2000-01-01T12:00:00Z,0.0,48.125,8.125,NaN,NaN
2000-01-01T12:00:00Z,0.0,48.125,12.125,NaN,NaN
2000-01-01T12:00:00Z,0.0,48.125,16.125,NaN,NaN
2000-01-01T12:00:00Z,0.0,48.125,20.125,NaN,NaN
2000-01-01T12:00:00Z,0.0,48.125,24.125,NaN,NaN
2000-01-01T12:00:00Z,0.0,48.125,28.125,NaN,NaN
2000-01-01T12:00:00Z,0.0,48.125,32.125,NaN,NaN
2000-01-01T12:00:00Z,0.0,48.125,36.125,NaN,NaN
2000-01-01T12:00:00Z,0.0,48.125,40.125,NaN,NaN
2000-01-01T12:00:00Z,0.0,48.125,44.125,NaN,NaN
2000-01-01T12:00:00Z,0.0,48.125,48.125,NaN,NaN
2000-01-01T12:00:00Z,0.0,48.125,52.125,NaN,NaN
2000-01-01T12:00:00Z,0.0,48.125,56.125,NaN,NaN
2000-01-01T12:00:00Z,0.0,48.125,60.125,NaN,NaN
2000-01-01T12:00:00Z,0.0,48.125,64.125,NaN,NaN
2000-01-01T12:00:00Z,0.0,48.125,68.125,NaN,NaN
2000-01-01T12:00:00Z,0.0,48.125,72.125,NaN,NaN
2000-01-01T12:00:00Z,0.0,48.125,76.125,NaN,NaN
2000-01-01T12:00:00Z,0.0,48.125,80.125,NaN,NaN
2000-01-01T12:00:00Z,0.0,48.125,84.125,NaN,NaN
2000-01-01T12:00:00Z,0.0,48.125,88.125,NaN,NaN
2000-01-01T12:00:00Z,0.0,48.125,92.125,NaN,NaN
2000-01-01T12:00:00Z,0.0,48.125,96.125,NaN,NaN
2000-01-01T12:00:00Z,0.0,48.125,100.125,NaN,NaN
2000-01-01T12:00:00Z,0.0,48.125,104.125,NaN,NaN
2000-01-01T12:00:00Z,0.0,48.125,108.125,NaN,NaN
2000-01-01T12:00:00Z,0.0,48.125,112.125,NaN,NaN
2000-01-01T12:00:00Z,0.0,48.125,116.125,NaN,NaN
2000-01-01T12:00:00Z,0.0,48.125,120.125,NaN,NaN
2000-01-01T12:00:00Z,0.0,48.125,124.125,NaN,NaN
2000-01-01T12:00:00Z,0.0,48.125,128.125,NaN,NaN
2000-01-01T12:00:00Z,0.0,48.125,132.125,NaN,NaN
2000-01-01T12:00:00Z,0.0,48.125,136.125,NaN,NaN
2000-01-01T12:00:00Z,0.0,48.125,140.125,-0.52,-2.23
2000-01-01T12:00:00Z,0.0,48.125,144.125,0.27,-0.57
2000-01-01T12:00:00Z,0.0,48.125,148.125,3.38,1.29
2000-01-01T12:00:00Z,0.0,48.125,152.125,1.9,-0.38
2000-01-01T12:00:00Z,0.0,48.125,156.125,2.83,0.22
2000-01-01T12:00:00Z,0.0,48.125,160.125,3.84,0.63
2000-01-01T12:00:00Z,0.0,48.125,164.125,4.03,0.2
2000-01-01T12:00:00Z,0.0,48.125,168.125,3.85,-0.25
2000-01-01T12:00:00Z,0.0,48.125,172.125,5.27,0.7
2000-01-01T12:00:00Z,0.0,48.125,176.125,5.17,0.38
2000-01-01T12:00:00Z,0.0,48.125,180.125,4.1,-0.9
2000-01-01T12:00:00Z,0.0,48.125,184.125,4.66,-0.58
2000-01-01T12:00:00Z,0.0,48.125,188.125,5.77,0.26
2000-01-01T12:00:00Z,0.0,48.125,192.125,5.43,-0.4
2000-01-01T12:00:00Z,0.0,48.125,196.125,5.43,-0.67
2000-01-01T12:00:00Z,0.0,48.125,200.125,5.22,-1.05
2000-01-01T12:00:00Z,0.0,48.125,204.125,5.9,-0.64
2000-01-01T12:00:00Z,0.0,48.125,208.125,5.88,-1.0
2000-01-01T12:00:00Z,0.0,48.125,212.125,6.87,-0.46
2000-01-01T12:00:00Z,0.0,48.125,216.125,7.64,-0.24
2000-01-01T12:00:00Z,0.0,48.125,220.125,6.08,-2.31
2000-01-01T12:00:00Z,0.0,48.125,224.125,6.9,-1.96
2000-01-01T12:00:00Z,0.0,48.125,228.125,8.75,-0.57
2000-01-01T12:00:00Z,0.0,48.125,232.125,9.49,0.11
2000-01-01T12:00:00Z,0.0,48.125,236.125,NaN,NaN
2000-01-01T12:00:00Z,0.0,48.125,240.125,NaN,NaN
2000-01-01T12:00:00Z,0.0,48.125,244.125,NaN,NaN
2000-01-01T12:00:00Z,0.0,48.125,248.125,NaN,NaN
2000-01-01T12:00:00Z,0.0,48.125,252.125,NaN,NaN
2000-01-01T12:00:00Z,0.0,48.125,256.125,NaN,NaN
2000-01-01T12:00:00Z,0.0,48.125,260.125,NaN,NaN
2000-01-01T12:00:00Z,0.0,48.125,264.125,NaN,NaN
2000-01-01T12:00:00Z,0.0,48.125,268.125,NaN,NaN
2000-01-01T12:00:00Z,0.0,48.125,272.125,3.09,0.04
2000-01-01T12:00:00Z,0.0,48.125,276.125,NaN,NaN
2000-01-01T12:00:00Z,0.0,48.125,280.125,NaN,NaN
2000-01-01T12:00:00Z,0.0,48.125,284.125,NaN,NaN
2000-01-01T12:00:00Z,0.0,48.125,288.125,NaN,NaN
2000-01-01T12:00:00Z,0.0,48.125,292.125,NaN,NaN
2000-01-01T12:00:00Z,0.0,48.125,296.125,-0.26,-0.8
2000-01-01T12:00:00Z,0.0,48.125,300.125,2.42,1.06
2000-01-01T12:00:00Z,0.0,48.125,304.125,NaN,NaN
2000-01-01T12:00:00Z,0.0,48.125,308.125,0.34,-0.69
2000-01-01T12:00:00Z,0.0,48.125,312.125,0.8,-1.18
2000-01-01T12:00:00Z,0.0,48.125,316.125,5.51,-1.44
2000-01-01T12:00:00Z,0.0,48.125,320.125,13.7,1.34
2000-01-01T12:00:00Z,0.0,48.125,324.125,14.59,2.14
2000-01-01T12:00:00Z,0.0,48.125,328.125,12.58,0.14
2000-01-01T12:00:00Z,0.0,48.125,332.125,13.23,0.63
2000-01-01T12:00:00Z,0.0,48.125,336.125,12.85,0.22
2000-01-01T12:00:00Z,0.0,48.125,340.125,12.68,0.02
2000-01-01T12:00:00Z,0.0,48.125,344.125,12.58,0.2
2000-01-01T12:00:00Z,0.0,48.125,348.125,11.45,-0.76
2000-01-01T12:00:00Z,0.0,48.125,352.125,12.01,0.19
2000-01-01T12:00:00Z,0.0,48.125,356.125,NaN,NaN
2000-01-01T12:00:00Z,0.0,52.125,0.125,NaN,NaN
2000-01-01T12:00:00Z,0.0,52.125,4.125,6.25,-1.59
2000-01-01T12:00:00Z,0.0,52.125,8.125,NaN,NaN
2000-01-01T12:00:00Z,0.0,52.125,12.125,NaN,NaN
2000-01-01T12:00:00Z,0.0,52.125,16.125,NaN,NaN
2000-01-01T12:00:00Z,0.0,52.125,20.125,NaN,NaN
2000-01-01T12:00:00Z,0.0,52.125,24.125,NaN,NaN
2000-01-01T12:00:00Z,0.0,52.125,28.125,NaN,NaN
2000-01-01T12:00:00Z,0.0,52.125,32.125,NaN,NaN
2000-01-01T12:00:00Z,0.0,52.125,36.125,NaN,NaN
2000-01-01T12:00:00Z,0.0,52.125,40.125,NaN,NaN
2000-01-01T12:00:00Z,0.0,52.125,44.125,NaN,NaN
2000-01-01T12:00:00Z,0.0,52.125,48.125,NaN,NaN
2000-01-01T12:00:00Z,0.0,52.125,52.125,NaN,NaN
2000-01-01T12:00:00Z,0.0,52.125,56.125,NaN,NaN
2000-01-01T12:00:00Z,0.0,52.125,60.125,NaN,NaN
2000-01-01T12:00:00Z,0.0,52.125,64.125,NaN,NaN
2000-01-01T12:00:00Z,0.0,52.125,68.125,NaN,NaN
2000-01-01T12:00:00Z,0.0,52.125,72.125,NaN,NaN
2000-01-01T12:00:00Z,0.0,52.125,76.125,NaN,NaN
2000-01-01T12:00:00Z,0.0,52.125,80.125,NaN,NaN
2000-01-01T12:00:00Z,0.0,52.125,84.125,NaN,NaN
2000-01-01T12:00:00Z,0.0,52.125,88.125,NaN,NaN
2000-01-01T12:00:00Z,0.0,52.125,92.125,NaN,NaN
2000-01-01T12:00:00Z,0.0,52.125,96.125,NaN,NaN
2000-01-01T12:00:00Z,0.0,52.125,100.125,NaN,NaN
2000-01-01T12:00:00Z,0.0,52.125,104.125,NaN,NaN
2000-01-01T12:00:00Z,0.0,52.125,108.125,NaN,NaN
2000-01-01T12:00:00Z,0.0,52.125,112.125,NaN,NaN
2000-01-01T12:00:00Z,0.0,52.125,116.125,NaN,NaN
2000-01-01T12:00:00Z,0.0,52.125,120.125,NaN,NaN
2000-01-01T12:00:00Z,0.0,52.125,124.125,NaN,NaN
2000-01-01T12:00:00Z,0.0,52.125,128.125,NaN,NaN
2000-01-01T12:00:00Z,0.0,52.125,132.125,NaN,NaN
2000-01-01T12:00:00Z,0.0,52.125,136.125,NaN,NaN
2000-01-01T12:00:00Z,0.0,52.125,140.125,NaN,NaN
2000-01-01T12:00:00Z,0.0,52.125,144.125,0.11,0.09
2000-01-01T12:00:00Z,0.0,52.125,148.125,1.48,0.6
2000-01-01T12:00:00Z,0.0,52.125,152.125,2.36,0.98
2000-01-01T12:00:00Z,0.0,52.125,156.125,1.47,-0.34
2000-01-01T12:00:00Z,0.0,52.125,160.125,1.47,-0.86
2000-01-01T12:00:00Z,0.0,52.125,164.125,3.17,0.01
2000-01-01T12:00:00Z,0.0,52.125,168.125,2.71,-0.99
2000-01-01T12:00:00Z,0.0,52.125,172.125,2.8,-1.3
2000-01-01T12:00:00Z,0.0,52.125,176.125,3.7,-0.51
2000-01-01T12:00:00Z,0.0,52.125,180.125,3.31,-0.99
2000-01-01T12:00:00Z,0.0,52.125,184.125,3.69,-0.82
2000-01-01T12:00:00Z,0.0,52.125,188.125,4.59,-0.1
2000-01-01T12:00:00Z,0.0,52.125,192.125,4.71,-0.18
2000-01-01T12:00:00Z,0.0,52.125,196.125,4.21,-0.74
2000-01-01T12:00:00Z,0.0,52.125,200.125,5.36,0.34
2000-01-01T12:00:00Z,0.0,52.125,204.125,2.96,-2.18
2000-01-01T12:00:00Z,0.0,52.125,208.125,3.3,-2.09
2000-01-01T12:00:00Z,0.0,52.125,212.125,4.44,-1.4
2000-01-01T12:00:00Z,0.0,52.125,216.125,6.18,-0.32
2000-01-01T12:00:00Z,0.0,52.125,220.125,6.47,-0.67
2000-01-01T12:00:00Z,0.0,52.125,224.125,7.75,0.01
2000-01-01T12:00:00Z,0.0,52.125,228.125,8.54,0.57
2000-01-01T12:00:00Z,0.0,52.125,232.125,NaN,NaN
2000-01-01T12:00:00Z,0.0,52.125,236.125,NaN,NaN
2000-01-01T12:00:00Z,0.0,52.125,240.125,NaN,NaN
2000-01-01T12:00:00Z,0.0,52.125,244.125,NaN,NaN
2000-01-01T12:00:00Z,0.0,52.125,248.125,NaN,NaN
2000-01-01T12:00:00Z,0.0,52.125,252.125,NaN,NaN
2000-01-01T12:00:00Z,0.0,52.125,256.125,NaN,NaN
2000-01-01T12:00:00Z,0.0,52.125,260.125,NaN,NaN
2000-01-01T12:00:00Z,0.0,52.125,264.125,NaN,NaN
2000-01-01T12:00:00Z,0.0,52.125,268.125,NaN,NaN
2000-01-01T12:00:00Z,0.0,52.125,272.125,NaN,NaN
2000-01-01T12:00:00Z,0.0,52.125,276.125,NaN,NaN
2000-01-01T12:00:00Z,0.0,52.125,280.125,-1.25,0.02
2000-01-01T12:00:00Z,0.0,52.125,284.125,NaN,NaN
2000-01-01T12:00:00Z,0.0,52.125,288.125,NaN,NaN
2000-01-01T12:00:00Z,0.0,52.125,292.125,NaN,NaN
2000-01-01T12:00:00Z,0.0,52.125,296.125,NaN,NaN
2000-01-01T12:00:00Z,0.0,52.125,300.125,NaN,NaN
2000-01-01T12:00:00Z,0.0,52.125,304.125,NaN,NaN
2000-01-01T12:00:00Z,0.0,52.125,308.125,0.48,-0.52
2000-01-01T12:00:00Z,0.0,52.125,312.125,5.61,0.89
2000-01-01T12:00:00Z,0.0,52.125,316.125,6.23,-0.69
2000-01-01T12:00:00Z,0.0,52.125,320.125,6.53,-0.83
2000-01-01T12:00:00Z,0.0,52.125,324.125,6.53,-1.03
2000-01-01T12:00:00Z,0.0,52.125,328.125,7.41,-1.23
2000-01-01T12:00:00Z,0.0,52.125,332.125,8.55,-1.06
2000-01-01T12:00:00Z,0.0,52.125,336.125,10.83,0.36
2000-01-01T12:00:00Z,0.0,52.125,340.125,11.22,0.09
2000-01-01T12:00:00Z,0.0,52.125,344.125,11.01,-0.23
2000-01-01T12:00:00Z,0.0,52.125,348.125,10.91,0.09
2000-01-01T12:00:00Z,0.0,52.125,352.125,NaN,NaN
2000-01-01T12:00:00Z,0.0,52.125,356.125,NaN,NaN
2000-01-01T12:00:00Z,0.0,56.125,0.125,8.61,0.83
2000-01-01T12:00:00Z,0.0,56.125,4.125,6.9,-0.35
2000-01-01T12:00:00Z,0.0,56.125,8.125,5.94,-0.36
2000-01-01T12:00:00Z,0.0,56.125,12.125,3.06,-0.13
2000-01-01T12:00:00Z,0.0,56.125,16.125,4.17,-0.32
2000-01-01T12:00:00Z,0.0,56.125,20.125,3.62,-1.02
2000-01-01T12:00:00Z,0.0,56.125,24.125,NaN,NaN
2000-01-01T12:00:00Z,0.0,56.125,28.125,NaN,NaN
2000-01-01T12:00:00Z,0.0,56.125,32.125,NaN,NaN
2000-01-01T12:00:00Z,0.0,56.125,36.125,NaN,NaN
2000-01-01T12:00:00Z,0.0,56.125,40.125,NaN,NaN
2000-01-01T12:00:00Z,0.0,56.125,44.125,NaN,NaN
2000-01-01T12:00:00Z,0.0,56.125,48.125,NaN,NaN
2000-01-01T12:00:00Z,0.0,56.125,52.125,NaN,NaN
2000-01-01T12:00:00Z,0.0,56.125,56.125,NaN,NaN
2000-01-01T12:00:00Z,0.0,56.125,60.125,NaN,NaN
2000-01-01T12:00:00Z,0.0,56.125,64.125,NaN,NaN
2000-01-01T12:00:00Z,0.0,56.125,68.125,NaN,NaN
2000-01-01T12:00:00Z,0.0,56.125,72.125,NaN,NaN
2000-01-01T12:00:00Z,0.0,56.125,76.125,NaN,NaN
2000-01-01T12:00:00Z,0.0,56.125,80.125,NaN,NaN
2000-01-01T12:00:00Z,0.0,56.125,84.125,NaN,NaN
2000-01-01T12:00:00Z,0.0,56.125,88.125,NaN,NaN
2000-01-01T12:00:00Z,0.0,56.125,92.125,NaN,NaN
2000-01-01T12:00:00Z,0.0,56.125,96.125,NaN,NaN
2000-01-01T12:00:00Z,0.0,56.125,100.125,NaN,NaN
2000-01-01T12:00:00Z,0.0,56.125,104.125,NaN,NaN
2000-01-01T12:00:00Z,0.0,56.125,108.125,NaN,NaN
2000-01-01T12:00:00Z,0.0,56.125,112.125,NaN,NaN
2000-01-01T12:00:00Z,0.0,56.125,116.125,NaN,NaN
2000-01-01T12:00:00Z,0.0,56.125,120.125,NaN,NaN
2000-01-01T12:00:00Z,0.0,56.125,124.125,NaN,NaN
2000-01-01T12:00:00Z,0.0,56.125,128.125,NaN,NaN
2000-01-01T12:00:00Z,0.0,56.125,132.125,NaN,NaN
2000-01-01T12:00:00Z,0.0,56.125,136.125,NaN,NaN
2000-01-01T12:00:00Z,0.0,56.125,140.125,0.44,0.57
2000-01-01T12:00:00Z,0.0,56.125,144.125,0.08,-0.12
2000-01-01T12:00:00Z,0.0,56.125,148.125,-0.27,-0.63
2000-01-01T12:00:00Z,0.0,56.125,152.125,0.06,-0.51
2000-01-01T12:00:00Z,0.0,56.125,156.125,NaN,NaN
2000-01-01T12:00:00Z,0.0,56.125,160.125,NaN,NaN
2000-01-01T12:00:00Z,0.0,56.125,164.125,1.05,-0.42
2000-01-01T12:00:00Z,0.0,56.125,168.125,1.19,-0.9
2000-01-01T12:00:00Z,0.0,56.125,172.125,2.65,-0.03
2000-01-01T12:00:00Z,0.0,56.125,176.125,2.43,-0.41
2000-01-01T12:00:00Z,0.0,56.125,180.125,2.34,-0.65
2000-01-01T12:00:00Z,0.0,56.125,184.125,2.29,-1.21
2000-01-01T12:00:00Z,0.0,56.125,188.125,3.16,-0.65
2000-01-01T12:00:00Z,0.0,56.125,192.125,3.03,-0.8
2000-01-01T12:00:00Z,0.0,56.125,196.125,3.36,-0.46
2000-01-01T12:00:00Z,0.0,56.125,200.125,NaN,NaN
2000-01-01T12:00:00Z,0.0,56.125,204.125,5.36,0.26
2000-01-01T12:00:00Z,0.0,56.125,208.125,5.75,0.46
2000-01-01T12:00:00Z,0.0,56.125,212.125,4.52,-0.66
2000-01-01T12:00:00Z,0.0,56.125,216.125,4.95,-0.64
2000-01-01T12:00:00Z,0.0,56.125,220.125,6.07,-0.2
2000-01-01T12:00:00Z,0.0,56.125,224.125,6.72,-0.13
2000-01-01T12:00:00Z,0.0,56.125,228.125,NaN,NaN
2000-01-01T12:00:00Z,0.0,56.125,232.125,NaN,NaN
2000-01-01T12:00:00Z,0.0,56.125,236.125,NaN,NaN
2000-01-01T12:00:00Z,0.0,56.125,240.125,NaN,NaN
2000-01-01T12:00:00Z,0.0,56.125,244.125,NaN,NaN
2000-01-01T12:00:00Z,0.0,56.125,248.125,NaN,NaN
2000-01-01T12:00:00Z,0.0,56.125,252.125,NaN,NaN
2000-01-01T12:00:00Z,0.0,56.125,256.125,NaN,NaN
2000-01-01T12:00:00Z,0.0,56.125,260.125,NaN,NaN
2000-01-01T12:00:00Z,0.0,56.125,264.125,NaN,NaN
2000-01-01T12:00:00Z,0.0,56.125,268.125,NaN,NaN
2000-01-01T12:00:00Z,0.0,56.125,272.125,NaN,NaN
2000-01-01T12:00:00Z,0.0,56.125,276.125,-1.62,-0.12
2000-01-01T12:00:00Z,0.0,56.125,280.125,-0.56,0.79
2000-01-01T12:00:00Z,0.0,56.125,284.125,NaN,NaN
2000-01-01T12:00:00Z,0.0,56.125,288.125,NaN,NaN
2000-01-01T12:00:00Z,0.0,56.125,292.125,NaN,NaN
2000-01-01T12:00:00Z,0.0,56.125,296.125,NaN,NaN
2000-01-01T12:00:00Z,0.0,56.125,300.125,0.25,0.62
2000-01-01T12:00:00Z,0.0,56.125,304.125,0.7,-0.24
2000-01-01T12:00:00Z,0.0,56.125,308.125,3.03,0.67
2000-01-01T12:00:00Z,0.0,56.125,312.125,3.73,0.43
2000-01-01T12:00:00Z,0.0,56.125,316.125,3.79,0.18
2000-01-01T12:00:00Z,0.0,56.125,320.125,4.77,0.25
2000-01-01T12:00:00Z,0.0,56.125,324.125,7.08,1.11
2000-01-01T12:00:00Z,0.0,56.125,328.125,7.06,-0.03
2000-01-01T12:00:00Z,0.0,56.125,332.125,8.01,-0.11
2000-01-01T12:00:00Z,0.0,56.125,336.125,9.19,-0.07
2000-01-01T12:00:00Z,0.0,56.125,340.125,10.24,0.26
2000-01-01T12:00:00Z,0.0,56.125,344.125,9.58,-0.4
2000-01-01T12:00:00Z,0.0,56.125,348.125,10.41,0.34
2000-01-01T12:00:00Z,0.0,56.125,352.125,8.73,-0.85
2000-01-01T12:00:00Z,0.0,56.125,356.125,NaN,NaN
2000-01-01T12:00:00Z,0.0,60.125,0.125,8.5,0.18
2000-01-01T12:00:00Z,0.0,60.125,4.125,7.84,0.32
2000-01-01T12:00:00Z,0.0,60.125,8.125,NaN,NaN
2000-01-01T12:00:00Z,0.0,60.125,12.125,NaN,NaN
2000-01-01T12:00:00Z,0.0,60.125,16.125,NaN,NaN
2000-01-01T12:00:00Z,0.0,60.125,20.125,NaN,NaN
2000-01-01T12:00:00Z,0.0,60.125,24.125,NaN,NaN
2000-01-01T12:00:00Z,0.0,60.125,28.125,1.34,-0.54
2000-01-01T12:00:00Z,0.0,60.125,32.125,NaN,NaN
2000-01-01T12:00:00Z,0.0,60.125,36.125,NaN,NaN
2000-01-01T12:00:00Z,0.0,60.125,40.125,NaN,NaN
2000-01-01T12:00:00Z,0.0,60.125,44.125,NaN,NaN
2000-01-01T12:00:00Z,0.0,60.125,48.125,NaN,NaN
2000-01-01T12:00:00Z,0.0,60.125,52.125,NaN,NaN
2000-01-01T12:00:00Z,0.0,60.125,56.125,NaN,NaN
2000-01-01T12:00:00Z,0.0,60.125,60.125,NaN,NaN
2000-01-01T12:00:00Z,0.0,60.125,64.125,NaN,NaN
2000-01-01T12:00:00Z,0.0,60.125,68.125,NaN,NaN
2000-01-01T12:00:00Z,0.0,60.125,72.125,NaN,NaN
2000-01-01T12:00:00Z,0.0,60.125,76.125,NaN,NaN
2000-01-01T12:00:00Z,0.0,60.125,80.125,NaN,NaN
2000-01-01T12:00:00Z,0.0,60.125,84.125,NaN,NaN
2000-01-01T12:00:00Z,0.0,60.125,88.125,NaN,NaN
2000-01-01T12:00:00Z,0.0,60.125,92.125,NaN,NaN
2000-01-01T12:00:00Z,0.0,60.125,96.125,NaN,NaN
2000-01-01T12:00:00Z,0.0,60.125,100.125,NaN,NaN
2000-01-01T12:00:00Z,0.0,60.125,104.125,NaN,NaN
2000-01-01T12:00:00Z,0.0,60.125,108.125,NaN,NaN
2000-01-01T12:00:00Z,0.0,60.125,112.125,NaN,NaN
2000-01-01T12:00:00Z,0.0,60.125,116.125,NaN,NaN
2000-01-01T12:00:00Z,0.0,60.125,120.125,NaN,NaN
2000-01-01T12:00:00Z,0.0,60.125,124.125,NaN,NaN
2000-01-01T12:00:00Z,0.0,60.125,128.125,NaN,NaN
2000-01-01T12:00:00Z,0.0,60.125,132.125,NaN,NaN
2000-01-01T12:00:00Z,0.0,60.125,136.125,NaN,NaN
2000-01-01T12:00:00Z,0.0,60.125,140.125,NaN,NaN
2000-01-01T12:00:00Z,0.0,60.125,144.125,NaN,NaN
2000-01-01T12:00:00Z,0.0,60.125,148.125,NaN,NaN
2000-01-01T12:00:00Z,0.0,60.125,152.125,NaN,NaN
2000-01-01T12:00:00Z,0.0,60.125,156.125,-0.1,-0.18
2000-01-01T12:00:00Z,0.0,60.125,160.125,-0.47,-0.52
2000-01-01T12:00:00Z,0.0,60.125,164.125,NaN,NaN
2000-01-01T12:00:00Z,0.0,60.125,168.125,-0.31,-1.12
2000-01-01T12:00:00Z,0.0,60.125,172.125,0.73,-0.3
2000-01-01T12:00:00Z,0.0,60.125,176.125,1.07,-0.53
2000-01-01T12:00:00Z,0.0,60.125,180.125,1.65,-0.4
2000-01-01T12:00:00Z,0.0,60.125,184.125,0.47,-1.4
2000-01-01T12:00:00Z,0.0,60.125,188.125,-1.13,-2.22
2000-01-01T12:00:00Z,0.0,60.125,192.125,-0.99,-1.26
2000-01-01T12:00:00Z,0.0,60.125,196.125,NaN,NaN
2000-01-01T12:00:00Z,0.0,60.125,200.125,NaN,NaN
2000-01-01T12:00:00Z,0.0,60.125,204.125,NaN,NaN
2000-01-01T12:00:00Z,0.0,60.125,208.125,1.36,-3.95
2000-01-01T12:00:00Z,0.0,60.125,212.125,NaN,NaN
2000-01-01T12:00:00Z,0.0,60.125,216.125,NaN,NaN
2000-01-01T12:00:00Z,0.0,60.125,220.125,NaN,NaN
2000-01-01T12:00:00Z,0.0,60.125,224.125,NaN,NaN
2000-01-01T12:00:00Z,0.0,60.125,228.125,NaN,NaN
2000-01-01T12:00:00Z,0.0,60.125,232.125,NaN,NaN
2000-01-01T12:00:00Z,0.0,60.125,236.125,NaN,NaN
2000-01-01T12:00:00Z,0.0,60.125,240.125,NaN,NaN
2000-01-01T12:00:00Z,0.0,60.125,244.125,NaN,NaN
2000-01-01T12:00:00Z,0.0,60.125,248.125,NaN,NaN
2000-01-01T12:00:00Z,0.0,60.125,252.125,NaN,NaN
2000-01-01T12:00:00Z,0.0,60.125,256.125,NaN,NaN
2000-01-01T12:00:00Z,0.0,60.125,260.125,NaN,NaN
2000-01-01T12:00:00Z,0.0,60.125,264.125,NaN,NaN
2000-01-01T12:00:00Z,0.0,60.125,268.125,-0.94,0.69
2000-01-01T12:00:00Z,0.0,60.125,272.125,-1.6,0.11
2000-01-01T12:00:00Z,0.0,60.125,276.125,-1.71,-0.03
2000-01-01T12:00:00Z,0.0,60.125,280.125,-1.18,0.35
2000-01-01T12:00:00Z,0.0,60.125,284.125,NaN,NaN
2000-01-01T12:00:00Z,0.0,60.125,288.125,NaN,NaN
2000-01-01T12:00:00Z,0.0,60.125,292.125,-0.47,0.79
2000-01-01T12:00:00Z,0.0,60.125,296.125,1.0,1.97
2000-01-01T12:00:00Z,0.0,60.125,300.125,1.12,0.92
2000-01-01T12:00:00Z,0.0,60.125,304.125,3.34,1.36
2000-01-01T12:00:00Z,0.0,60.125,308.125,3.66,1.52
2000-01-01T12:00:00Z,0.0,60.125,312.125,2.15,0.46
2000-01-01T12:00:00Z,0.0,60.125,316.125,NaN,NaN
2000-01-01T12:00:00Z,0.0,60.125,320.125,4.8,0.58
2000-01-01T12:00:00Z,0.0,60.125,324.125,4.77,-0.08
2000-01-01T12:00:00Z,0.0,60.125,328.125,6.48,0.43
2000-01-01T12:00:00Z,0.0,60.125,332.125,7.56,0.21
2000-01-01T12:00:00Z,0.0,60.125,336.125,8.5,0.31
2000-01-01T12:00:00Z,0.0,60.125,340.125,8.9,0.26
2000-01-01T12:00:00Z,0.0,60.125,344.125,9.04,0.33
2000-01-01T12:00:00Z,0.0,60.125,348.125,9.39,0.43
2000-01-01T12:00:00Z,0.0,60.125,352.125,8.46,-0.42
2000-01-01T12:00:00Z,0.0,60.125,356.125,8.39,-0.25
2000-01-01T12:00:00Z,0.0,64.125,0.125,7.31,0.63
2000-01-01T12:00:00Z,0.0,64.125,4.125,7.71,0.19
2000-01-01T12:00:00Z,0.0,64.125,8.125,7.55,0.46
2000-01-01T12:00:00Z,0.0,64.125,12.125,NaN,NaN
2000-01-01T12:00:00Z,0.0,64.125,16.125,NaN,NaN
2000-01-01T12:00:00Z,0.0,64.125,20.125,NaN,NaN
2000-01-01T12:00:00Z,0.0,64.125,24.125,NaN,NaN
2000-01-01T12:00:00Z,0.0,64.125,28.125,NaN,NaN
2000-01-01T12:00:00Z,0.0,64.125,32.125,NaN,NaN
2000-01-01T12:00:00Z,0.0,64.125,36.125,NaN,NaN
2000-01-01T12:00:00Z,0.0,64.125,40.125,NaN,NaN
2000-01-01T12:00:00Z,0.0,64.125,44.125,NaN,NaN
2000-01-01T12:00:00Z,0.0,64.125,48.125,NaN,NaN
2000-01-01T12:00:00Z,0.0,64.125,52.125,NaN,NaN
2000-01-01T12:00:00Z,0.0,64.125,56.125,NaN,NaN
2000-01-01T12:00:00Z,0.0,64.125,60.125,NaN,NaN
2000-01-01T12:00:00Z,0.0,64.125,64.125,NaN,NaN
2000-01-01T12:00:00Z,0.0,64.125,68.125,NaN,NaN
2000-01-01T12:00:00Z,0.0,64.125,72.125,NaN,NaN
2000-01-01T12:00:00Z,0.0,64.125,76.125,NaN,NaN
2000-01-01T12:00:00Z,0.0,64.125,80.125,NaN,NaN
2000-01-01T12:00:00Z,0.0,64.125,84.125,NaN,NaN
2000-01-01T12:00:00Z,0.0,64.125,88.125,NaN,NaN
2000-01-01T12:00:00Z,0.0,64.125,92.125,NaN,NaN
2000-01-01T12:00:00Z,0.0,64.125,96.125,NaN,NaN
2000-01-01T12:00:00Z,0.0,64.125,100.125,NaN,NaN
2000-01-01T12:00:00Z,0.0,64.125,104.125,NaN,NaN
2000-01-01T12:00:00Z,0.0,64.125,108.125,NaN,NaN
2000-01-01T12:00:00Z,0.0,64.125,112.125,NaN,NaN
2000-01-01T12:00:00Z,0.0,64.125,116.125,NaN,NaN
2000-01-01T12:00:00Z,0.0,64.125,120.125,NaN,NaN
2000-01-01T12:00:00Z,0.0,64.125,124.125,NaN,NaN
2000-01-01T12:00:00Z,0.0,64.125,128.125,NaN,NaN
2000-01-01T12:00:00Z,0.0,64.125,132.125,NaN,NaN
2000-01-01T12:00:00Z,0.0,64.125,136.125,NaN,NaN
2000-01-01T12:00:00Z,0.0,64.125,140.125,NaN,NaN
2000-01-01T12:00:00Z,0.0,64.125,144.125,NaN,NaN
2000-01-01T12:00:00Z,0.0,64.125,148.125,NaN,NaN
2000-01-01T12:00:00Z,0.0,64.125,152.125,NaN,NaN
2000-01-01T12:00:00Z,0.0,64.125,156.125,NaN,NaN
2000-01-01T12:00:00Z,0.0,64.125,160.125,NaN,NaN
2000-01-01T12:00:00Z,0.0,64.125,164.125,NaN,NaN
2000-01-01T12:00:00Z,0.0,64.125,168.125,NaN,NaN
2000-01-01T12:00:00Z,0.0,64.125,172.125,NaN,NaN
2000-01-01T12:00:00Z,0.0,64.125,176.125,NaN,NaN
2000-01-01T12:00:00Z,0.0,64.125,180.125,-1.6,-0.8
2000-01-01T12:00:00Z,0.0,64.125,184.125,-1.26,-1.2
2000-01-01T12:00:00Z,0.0,64.125,188.125,-1.11,-0.56
2000-01-01T12:00:00Z,0.0,64.125,192.125,-1.75,-0.9
2000-01-01T12:00:00Z,0.0,64.125,196.125,-1.42,-0.65
2000-01-01T12:00:00Z,0.0,64.125,200.125,NaN,NaN
2000-01-01T12:00:00Z,0.0,64.125,204.125,NaN,NaN
2000-01-01T12:00:00Z,0.0,64.125,208.125,NaN,NaN
2000-01-01T12:00:00Z,0.0,64.125,212.125,NaN,NaN
2000-01-01T12:00:00Z,0.0,64.125,216.125,NaN,NaN
2000-01-01T12:00:00Z,0.0,64.125,220.125,NaN,NaN
2000-01-01T12:00:00Z,0.0,64.125,224.125,NaN,NaN
2000-01-01T12:00:00Z,0.0,64.125,228.125,NaN,NaN
2000-01-01T12:00:00Z,0.0,64.125,232.125,NaN,NaN
2000-01-01T12:00:00Z,0.0,64.125,236.125,NaN,NaN
2000-01-01T12:00:00Z,0.0,64.125,240.125,NaN,NaN
2000-01-01T12:00:00Z,0.0,64.125,244.125,NaN,NaN
2000-01-01T12:00:00Z,0.0,64.125,248.125,NaN,NaN
2000-01-01T12:00:00Z,0.0,64.125,252.125,NaN,NaN
2000-01-01T12:00:00Z,0.0,64.125,256.125,NaN,NaN
2000-01-01T12:00:00Z,0.0,64.125,260.125,NaN,NaN
2000-01-01T12:00:00Z,0.0,64.125,264.125,NaN,NaN
2000-01-01T12:00:00Z,0.0,64.125,268.125,NaN,NaN
2000-01-01T12:00:00Z,0.0,64.125,272.125,-1.28,0.42
2000-01-01T12:00:00Z,0.0,64.125,276.125,NaN,NaN
2000-01-01T12:00:00Z,0.0,64.125,280.125,-1.64,0.07
2000-01-01T12:00:00Z,0.0,64.125,284.125,-0.51,1.02
2000-01-01T12:00:00Z,0.0,64.125,288.125,NaN,NaN
2000-01-01T12:00:00Z,0.0,64.125,292.125,NaN,NaN
2000-01-01T12:00:00Z,0.0,64.125,296.125,-1.61,-0.01
2000-01-01T12:00:00Z,0.0,64.125,300.125,-0.48,0.37
2000-01-01T12:00:00Z,0.0,64.125,304.125,1.52,1.02
2000-01-01T12:00:00Z,0.0,64.125,308.125,0.36,0.1
2000-01-01T12:00:00Z,0.0,64.125,312.125,NaN,NaN
2000-01-01T12:00:00Z,0.0,64.125,316.125,NaN,NaN
2000-01-01T12:00:00Z,0.0,64.125,320.125,1.86,-0.97
2000-01-01T12:00:00Z,0.0,64.125,324.125,6.07,2.21
2000-01-01T12:00:00Z,0.0,64.125,328.125,6.21,0.99
2000-01-01T12:00:00Z,0.0,64.125,332.125,6.86,0.41
2000-01-01T12:00:00Z,0.0,64.125,336.125,7.19,0.87
2000-01-01T12:00:00Z,0.0,64.125,340.125,NaN,NaN
2000-01-01T12:00:00Z,0.0,64.125,344.125,7.18,0.06
2000-01-01T12:00:00Z,0.0,64.125,348.125,8.22,2.21
2000-01-01T12:00:00Z,0.0,64.125,352.125,3.73,-1.21
2000-01-01T12:00:00Z,0.0,64.125,356.125,6.61,1.28
2000-01-01T12:00:00Z,0.0,68.125,0.125,5.9,0.28
2000-01-01T12:00:00Z,0.0,68.125,4.125,6.75,0.47
2000-01-01T12:00:00Z,0.0,68.125,8.125,7.6,0.95
2000-01-01T12:00:00Z,0.0,68.125,12.125,6.91,0.73
2000-01-01T12:00:00Z,0.0,68.125,16.125,-0.12,-5.62
2000-01-01T12:00:00Z,0.0,68.125,20.125,NaN,NaN
2000-01-01T12:00:00Z,0.0,68.125,24.125,NaN,NaN
2000-01-01T12:00:00Z,0.0,68.125,28.125,NaN,NaN
2000-01-01T12:00:00Z,0.0,68.125,32.125,NaN,NaN
2000-01-01T12:00:00Z,0.0,68.125,36.125,NaN,NaN
2000-01-01T12:00:00Z,0.0,68.125,40.125,2.36,0.63
2000-01-01T12:00:00Z,0.0,68.125,44.125,-0.54,-1.06
2000-01-01T12:00:00Z,0.0,68.125,48.125,-0.35,-0.48
2000-01-01T12:00:00Z,0.0,68.125,52.125,NaN,NaN
2000-01-01T12:00:00Z,0.0,68.125,56.125,NaN,NaN
2000-01-01T12:00:00Z,0.0,68.125,60.125,NaN,NaN
2000-01-01T12:00:00Z,0.0,68.125,64.125,NaN,NaN
2000-01-01T12:00:00Z,0.0,68.125,68.125,NaN,NaN
2000-01-01T12:00:00Z,0.0,68.125,72.125,NaN,NaN
2000-01-01T12:00:00Z,0.0,68.125,76.125,NaN,NaN
2000-01-01T12:00:00Z,0.0,68.125,80.125,NaN,NaN
2000-01-01T12:00:00Z,0.0,68.125,84.125,NaN,NaN
2000-01-01T12:00:00Z,0.0,68.125,88.125,NaN,NaN
2000-01-01T12:00:00Z,0.0,68.125,92.125,NaN,NaN
2000-01-01T12:00:00Z,0.0,68.125,96.125,NaN,NaN
2000-01-01T12:00:00Z,0.0,68.125,100.125,NaN,NaN
2000-01-01T12:00:00Z,0.0,68.125,104.125,NaN,NaN
2000-01-01T12:00:00Z,0.0,68.125,108.125,NaN,NaN
2000-01-01T12:00:00Z,0.0,68.125,112.125,NaN,NaN
2000-01-01T12:00:00Z,0.0,68.125,116.125,NaN,NaN
2000-01-01T12:00:00Z,0.0,68.125,120.125,NaN,NaN
2000-01-01T12:00:00Z,0.0,68.125,124.125,NaN,NaN
2000-01-01T12:00:00Z,0.0,68.125,128.125,NaN,NaN
2000-01-01T12:00:00Z,0.0,68.125,132.125,NaN,NaN
2000-01-01T12:00:00Z,0.0,68.125,136.125,NaN,NaN
2000-01-01T12:00:00Z,0.0,68.125,140.125,NaN,NaN
2000-01-01T12:00:00Z,0.0,68.125,144.125,NaN,NaN
2000-01-01T12:00:00Z,0.0,68.125,148.125,NaN,NaN
2000-01-01T12:00:00Z,0.0,68.125,152.125,NaN,NaN
2000-01-01T12:00:00Z,0.0,68.125,156.125,NaN,NaN
2000-01-01T12:00:00Z,0.0,68.125,160.125,NaN,NaN
2000-01-01T12:00:00Z,0.0,68.125,164.125,NaN,NaN
2000-01-01T12:00:00Z,0.0,68.125,168.125,NaN,NaN
2000-01-01T12:00:00Z,0.0,68.125,172.125,NaN,NaN
2000-01-01T12:00:00Z,0.0,68.125,176.125,NaN,NaN
2000-01-01T12:00:00Z,0.0,68.125,180.125,NaN,NaN
2000-01-01T12:00:00Z,0.0,68.125,184.125,-1.8,-0.13
2000-01-01T12:00:00Z,0.0,68.125,188.125,-1.8,-0.1
2000-01-01T12:00:00Z,0.0,68.125,192.125,-1.8,-0.28
2000-01-01T12:00:00Z,0.0,68.125,196.125,NaN,NaN
2000-01-01T12:00:00Z,0.0,68.125,200.125,NaN,NaN
2000-01-01T12:00:00Z,0.0,68.125,204.125,NaN,NaN
2000-01-01T12:00:00Z,0.0,68.125,208.125,NaN,NaN
2000-01-01T12:00:00Z,0.0,68.125,212.125,NaN,NaN
2000-01-01T12:00:00Z,0.0,68.125,216.125,NaN,NaN
2000-01-01T12:00:00Z,0.0,68.125,220.125,NaN,NaN
2000-01-01T12:00:00Z,0.0,68.125,224.125,NaN,NaN
2000-01-01T12:00:00Z,0.0,68.125,228.125,NaN,NaN
2000-01-01T12:00:00Z,0.0,68.125,232.125,NaN,NaN
2000-01-01T12:00:00Z,0.0,68.125,236.125,NaN,NaN
2000-01-01T12:00:00Z,0.0,68.125,240.125,NaN,NaN
2000-01-01T12:00:00Z,0.0,68.125,244.125,NaN,NaN
2000-01-01T12:00:00Z,0.0,68.125,248.125,-1.73,0.06
2000-01-01T12:00:00Z,0.0,68.125,252.125,-1.72,0.08
2000-01-01T12:00:00Z,0.0,68.125,256.125,-1.75,0.01
2000-01-01T12:00:00Z,0.0,68.125,260.125,-1.73,0.03
2000-01-01T12:00:00Z,0.0,68.125,264.125,-1.66,0.08
2000-01-01T12:00:00Z,0.0,68.125,268.125,NaN,NaN
2000-01-01T12:00:00Z,0.0,68.125,272.125,-1.77,-0.01
2000-01-01T12:00:00Z,0.0,68.125,276.125,NaN,NaN
2000-01-01T12:00:00Z,0.0,68.125,280.125,-1.58,0.19
2000-01-01T12:00:00Z,0.0,68.125,284.125,NaN,NaN
2000-01-01T12:00:00Z,0.0,68.125,288.125,NaN,NaN
2000-01-01T12:00:00Z,0.0,68.125,292.125,NaN,NaN
2000-01-01T12:00:00Z,0.0,68.125,296.125,-1.7,0.09
2000-01-01T12:00:00Z,0.0,68.125,300.125,-1.32,0.26
2000-01-01T12:00:00Z,0.0,68.125,304.125,0.33,0.81
2000-01-01T12:00:00Z,0.0,68.125,308.125,NaN,NaN
2000-01-01T12:00:00Z,0.0,68.125,312.125,NaN,NaN
2000-01-01T12:00:00Z,0.0,68.125,316.125,NaN,NaN
2000-01-01T12:00:00Z,0.0,68.125,320.125,NaN,NaN
2000-01-01T12:00:00Z,0.0,68.125,324.125,NaN,NaN
2000-01-01T12:00:00Z,0.0,68.125,328.125,-1.31,-0.5
2000-01-01T12:00:00Z,0.0,68.125,332.125,-1.77,-1.57
2000-01-01T12:00:00Z,0.0,68.125,336.125,0.32,-0.9
2000-01-01T12:00:00Z,0.0,68.125,340.125,0.72,-0.99
2000-01-01T12:00:00Z,0.0,68.125,344.125,0.91,-0.46
2000-01-01T12:00:00Z,0.0,68.125,348.125,0.52,-0.48
2000-01-01T12:00:00Z,0.0,68.125,352.125,1.7,-0.65
2000-01-01T12:00:00Z,0.0,68.125,356.125,4.41,-0.03
2000-01-01T12:00:00Z,0.0,72.125,0.125,2.72,0.68
2000-01-01T12:00:00Z,0.0,72.125,4.125,4.87,1.57
2000-01-01T12:00:00Z,0.0,72.125,8.125,5.6,1.24
2000-01-01T12:00:00Z,0.0,72.125,12.125,6.58,1.55
2000-01-01T12:00:00Z,0.0,72.125,16.125,7.29,1.82
2000-01-01T12:00:00Z,0.0,72.125,20.125,6.55,1.84
2000-01-01T12:00:00Z,0.0,72.125,24.125,5.75,1.13
2000-01-01T12:00:00Z,0.0,72.125,28.125,5.31,0.7
2000-01-01T12:00:00Z,0.0,72.125,32.125,4.81,0.96
2000-01-01T12:00:00Z,0.0,72.125,36.125,3.69,0.94
2000-01-01T12:00:00Z,0.0,72.125,40.125,1.59,-0.39
2000-01-01T12:00:00Z,0.0,72.125,44.125,2.87,1.1
2000-01-01T12:00:00Z,0.0,72.125,48.125,1.44,0.09
2000-01-01T12:00:00Z,0.0,72.125,52.125,-0.9,-1.4
2000-01-01T12:00:00Z,0.0,72.125,56.125,-1.54,-0.62
2000-01-01T12:00:00Z,0.0,72.125,60.125,-1.8,-0.44
2000-01-01T12:00:00Z,0.0,72.125,64.125,-1.8,-0.21
2000-01-01T12:00:00Z,0.0,72.125,68.125,-1.8,-0.22
2000-01-01T12:00:00Z,0.0,72.125,72.125,NaN,NaN
2000-01-01T12:00:00Z,0.0,72.125,76.125,-1.78,-0.07
2000-01-01T12:00:00Z,0.0,72.125,80.125,NaN,NaN
2000-01-01T12:00:00Z,0.0,72.125,84.125,NaN,NaN
2000-01-01T12:00:00Z,0.0,72.125,88.125,NaN,NaN
2000-01-01T12:00:00Z,0.0,72.125,92.125,NaN,NaN
2000-01-01T12:00:00Z,0.0,72.125,96.125,NaN,NaN
2000-01-01T12:00:00Z,0.0,72.125,100.125,NaN,NaN
2000-01-01T12:00:00Z,0.0,72.125,104.125,NaN,NaN
2000-01-01T12:00:00Z,0.0,72.125,108.125,NaN,NaN
2000-01-01T12:00:00Z,0.0,72.125,112.125,NaN,NaN
2000-01-01T12:00:00Z,0.0,72.125,116.125,NaN,NaN
2000-01-01T12:00:00Z,0.0,72.125,120.125,NaN,NaN
2000-01-01T12:00:00Z,0.0,72.125,124.125,NaN,NaN
2000-01-01T12:00:00Z,0.0,72.125,128.125,NaN,NaN
2000-01-01T12:00:00Z,0.0,72.125,132.125,-1.72,0.05
2000-01-01T12:00:00Z,0.0,72.125,136.125,-1.58,0.22
2000-01-01T12:00:00Z,0.0,72.125,140.125,NaN,NaN
2000-01-01T12:00:00Z,0.0,72.125,144.125,NaN,NaN
2000-01-01T12:00:00Z,0.0,72.125,148.125,NaN,NaN
2000-01-01T12:00:00Z,0.0,72.125,152.125,-1.79,0.01
2000-01-01T12:00:00Z,0.0,72.125,156.125,-1.77,0.03
2000-01-01T12:00:00Z,0.0,72.125,160.125,-1.8,-0.01
2000-01-01T12:00:00Z,0.0,72.125,164.125,-1.8,-0.03
2000-01-01T12:00:00Z,0.0,72.125,168.125,-1.8,-0.01
2000-01-01T12:00:00Z,0.0,72.125,172.125,-1.8,-0.01
2000-01-01T12:00:00Z,0.0,72.125,176.125,-1.8,-0.01
2000-01-01T12:00:00Z,0.0,72.125,180.125,-1.8,-0.02
2000-01-01T12:00:00Z,0.0,72.125,184.125,-1.8,-0.02
2000-01-01T12:00:00Z,0.0,72.125,188.125,-1.8,-0.02
2000-01-01T12:00:00Z,0.0,72.125,192.125,-1.8,-0.01
2000-01-01T12:00:00Z,0.0,72.125,196.125,-1.78,-0.04
2000-01-01T12:00:00Z,0.0,72.125,200.125,-1.78,-0.1
2000-01-01T12:00:00Z,0.0,72.125,204.125,-1.79,-0.04
2000-01-01T12:00:00Z,0.0,72.125,208.125,-1.79,-0.01
2000-01-01T12:00:00Z,0.0,72.125,212.125,-1.77,0.02
2000-01-01T12:00:00Z,0.0,72.125,216.125,-1.78,0.02
2000-01-01T12:00:00Z,0.0,72.125,220.125,-1.77,0.03
2000-01-01T12:00:00Z,0.0,72.125,224.125,-1.78,0.02
2000-01-01T12:00:00Z,0.0,72.125,228.125,-1.79,0.01
2000-01-01T12:00:00Z,0.0,72.125,232.125,-1.77,0.03
2000-01-01T12:00:00Z,0.0,72.125,236.125,NaN,NaN
2000-01-01T12:00:00Z,0.0,72.125,240.125,-1.73,-0.04
2000-01-01T12:00:00Z,0.0,72.125,244.125,NaN,NaN
2000-01-01T12:00:00Z,0.0,72.125,248.125,NaN,NaN
2000-01-01T12:00:00Z,0.0,72.125,252.125,-1.69,0.1
2000-01-01T12:00:00Z,0.0,72.125,256.125,-1.71,0.09
2000-01-01T12:00:00Z,0.0,72.125,260.125,NaN,NaN
2000-01-01T12:00:00Z,0.0,72.125,264.125,-1.62,0.17
2000-01-01T12:00:00Z,0.0,72.125,268.125,-1.7,0.09
2000-01-01T12:00:00Z,0.0,72.125,272.125,NaN,NaN
2000-01-01T12:00:00Z,0.0,72.125,276.125,NaN,NaN
2000-01-01T12:00:00Z,0.0,72.125,280.125,NaN,NaN
2000-01-01T12:00:00Z,0.0,72.125,284.125,NaN,NaN
2000-01-01T12:00:00Z,0.0,72.125,288.125,-1.76,0.04
2000-01-01T12:00:00Z,0.0,72.125,292.125,-1.7,0.1
2000-01-01T12:00:00Z,0.0,72.125,296.125,-1.62,0.18
2000-01-01T12:00:00Z,0.0,72.125,300.125,-1.64,-0.08
2000-01-01T12:00:00Z,0.0,72.125,304.125,-0.9,-0.16
2000-01-01T12:00:00Z,0.0,72.125,308.125,NaN,NaN
2000-01-01T12:00:00Z,0.0,72.125,312.125,NaN,NaN
2000-01-01T12:00:00Z,0.0,72.125,316.125,NaN,NaN
2000-01-01T12:00:00Z,0.0,72.125,320.125,NaN,NaN
2000-01-01T12:00:00Z,0.0,72.125,324.125,NaN,NaN
2000-01-01T12:00:00Z,0.0,72.125,328.125,NaN,NaN
2000-01-01T12:00:00Z,0.0,72.125,332.125,NaN,NaN
2000-01-01T12:00:00Z,0.0,72.125,336.125,NaN,NaN
2000-01-01T12:00:00Z,0.0,72.125,340.125,-0.98,0.12
2000-01-01T12:00:00Z,0.0,72.125,344.125,-0.68,-0.87
2000-01-01T12:00:00Z,0.0,72.125,348.125,-0.01,-0.93
2000-01-01T12:00:00Z,0.0,72.125,352.125,0.08,-1.13
2000-01-01T12:00:00Z,0.0,72.125,356.125,0.41,-1.15
2000-01-01T12:00:00Z,0.0,76.125,0.125,0.74,-0.43
2000-01-01T12:00:00Z,0.0,76.125,4.125,1.95,-0.33
2000-01-01T12:00:00Z,0.0,76.125,8.125,3.63,1.37
2000-01-01T12:00:00Z,0.0,76.125,12.125,4.31,2.58
2000-01-01T12:00:00Z,0.0,76.125,16.125,3.77,2.26
2000-01-01T12:00:00Z,0.0,76.125,20.125,-0.81,-0.91
2000-01-01T12:00:00Z,0.0,76.125,24.125,-0.64,-0.78
2000-01-01T12:00:00Z,0.0,76.125,28.125,0.41,-0.29
2000-01-01T12:00:00Z,0.0,76.125,32.125,1.7,0.94
2000-01-01T12:00:00Z,0.0,76.125,36.125,-0.31,-0.59
2000-01-01T12:00:00Z,0.0,76.125,40.125,-0.97,-0.99
2000-01-01T12:00:00Z,0.0,76.125,44.125,-0.56,-0.83
2000-01-01T12:00:00Z,0.0,76.125,48.125,0.24,-0.1
2000-01-01T12:00:00Z,0.0,76.125,52.125,-0.36,-0.36
2000-01-01T12:00:00Z,0.0,76.125,56.125,-1.29,-1.04
2000-01-01T12:00:00Z,0.0,76.125,60.125,-1.12,-0.01
2000-01-01T12:00:00Z,0.0,76.125,64.125,NaN,NaN
2000-01-01T12:00:00Z,0.0,76.125,68.125,-1.74,-0.15
2000-01-01T12:00:00Z,0.0,76.125,72.125,-1.77,-0.04
2000-01-01T12:00:00Z,0.0,76.125,76.125,-1.79,0.01
2000-01-01T12:00:00Z,0.0,76.125,80.125,-1.79,0.01
2000-01-01T12:00:00Z,0.0,76.125,84.125,-1.8,0.0
2000-01-01T12:00:00Z,0.0,76.125,88.125,-1.8,0.0
2000-01-01T12:00:00Z,0.0,76.125,92.125,-1.78,-0.01
2000-01-01T12:00:00Z,0.0,76.125,96.125,NaN,NaN
2000-01-01T12:00:00Z,0.0,76.125,100.125,NaN,NaN
2000-01-01T12:00:00Z,0.0,76.125,104.125,NaN,NaN
2000-01-01T12:00:00Z,0.0,76.125,108.125,NaN,NaN
2000-01-01T12:00:00Z,0.0,76.125,112.125,NaN,NaN
2000-01-01T12:00:00Z,0.0,76.125,116.125,-1.8,-0.01
2000-01-01T12:00:00Z,0.0,76.125,120.125,-1.8,0.0
2000-01-01T12:00:00Z,0.0,76.125,124.125,-1.8,0.0
2000-01-01T12:00:00Z,0.0,76.125,128.125,-1.75,0.05
2000-01-01T12:00:00Z,0.0,76.125,132.125,-1.8,0.0
2000-01-01T12:00:00Z,0.0,76.125,136.125,-1.78,0.02
2000-01-01T12:00:00Z,0.0,76.125,140.125,-1.7,0.1
2000-01-01T12:00:00Z,0.0,76.125,144.125,-1.8,0.0
2000-01-01T12:00:00Z,0.0,76.125,148.125,-1.8,0.0
2000-01-01T12:00:00Z,0.0,76.125,152.125,-1.8,0.0
2000-01-01T12:00:00Z,0.0,76.125,156.125,-1.8,0.0
2000-01-01T12:00:00Z,0.0,76.125,160.125,-1.8,0.0
2000-01-01T12:00:00Z,0.0,76.125,164.125,-1.8,0.0
2000-01-01T12:00:00Z,0.0,76.125,168.125,-1.8,0.0
2000-01-01T12:00:00Z,0.0,76.125,172.125,-1.8,0.0
2000-01-01T12:00:00Z,0.0,76.125,176.125,-1.74,0.06
2000-01-01T12:00:00Z,0.0,76.125,180.125,-1.75,0.05
2000-01-01T12:00:00Z,0.0,76.125,184.125,-1.77,0.03
2000-01-01T12:00:00Z,0.0,76.125,188.125,-1.78,0.02
2000-01-01T12:00:00Z,0.0,76.125,192.125,-1.78,0.02
2000-01-01T12:00:00Z,0.0,76.125,196.125,-1.8,0.0
2000-01-01T12:00:00Z,0.0,76.125,200.125,-1.8,0.0
2000-01-01T12:00:00Z,0.0,76.125,204.125,-1.8,0.0
2000-01-01T12:00:00Z,0.0,76.125,208.125,-1.8,0.0
2000-01-01T12:00:00Z,0.0,76.125,212.125,-1.8,0.0
2000-01-01T12:00:00Z,0.0,76.125,216.125,-1.8,0.0
2000-01-01T12:00:00Z,0.0,76.125,220.125,-1.8,0.0
2000-01-01T12:00:00Z,0.0,76.125,224.125,-1.8,0.0
2000-01-01T12:00:00Z,0.0,76.125,228.125,-1.8,0.0
2000-01-01T12:00:00Z,0.0,76.125,232.125,-1.8,0.0
2000-01-01T12:00:00Z,0.0,76.125,236.125,-1.8,0.0
2000-01-01T12:00:00Z,0.0,76.125,240.125,NaN,NaN
2000-01-01T12:00:00Z,0.0,76.125,244.125,NaN,NaN
2000-01-01T12:00:00Z,0.0,76.125,248.125,-1.77,0.03
2000-01-01T12:00:00Z,0.0,76.125,252.125,-1.76,0.04
2000-01-01T12:00:00Z,0.0,76.125,256.125,NaN,NaN
2000-01-01T12:00:00Z,0.0,76.125,260.125,NaN,NaN
2000-01-01T12:00:00Z,0.0,76.125,264.125,-1.72,0.08
2000-01-01T12:00:00Z,0.0,76.125,268.125,NaN,NaN
2000-01-01T12:00:00Z,0.0,76.125,272.125,-1.7,0.09
2000-01-01T12:00:00Z,0.0,76.125,276.125,-1.74,0.01
2000-01-01T12:00:00Z,0.0,76.125,280.125,-1.0,0.74
2000-01-01T12:00:00Z,0.0,76.125,284.125,-0.19,1.46
2000-01-01T12:00:00Z,0.0,76.125,288.125,-0.24,1.43
2000-01-01T12:00:00Z,0.0,76.125,292.125,NaN,NaN
2000-01-01T12:00:00Z,0.0,76.125,296.125,-1.37,0.34
2000-01-01T12:00:00Z,0.0,76.125,300.125,NaN,NaN
2000-01-01T12:00:00Z,0.0,76.125,304.125,NaN,NaN
2000-01-01T12:00:00Z,0.0,76.125,308.125,NaN,NaN
2000-01-01T12:00:00Z,0.0,76.125,312.125,NaN,NaN
2000-01-01T12:00:00Z,0.0,76.125,316.125,NaN,NaN
2000-01-01T12:00:00Z,0.0,76.125,320.125,NaN,NaN
2000-01-01T12:00:00Z,0.0,76.125,324.125,NaN,NaN
2000-01-01T12:00:00Z,0.0,76.125,328.125,NaN,NaN
2000-01-01T12:00:00Z,0.0,76.125,332.125,NaN,NaN
2000-01-01T12:00:00Z,0.0,76.125,336.125,NaN,NaN
2000-01-01T12:00:00Z,0.0,76.125,340.125,NaN,NaN
2000-01-01T12:00:00Z,0.0,76.125,344.125,-1.51,0.17
2000-01-01T12:00:00Z,0.0,76.125,348.125,-1.43,-0.32
2000-01-01T12:00:00Z,0.0,76.125,352.125,0.97,1.12
2000-01-01T12:00:00Z,0.0,76.125,356.125,1.87,1.21
2000-01-01T12:00:00Z,0.0,80.125,0.125,0.3,0.76
2000-01-01T12:00:00Z,0.0,80.125,4.125,2.4,1.67
2000-01-01T12:00:00Z,0.0,80.125,8.125,2.17,1.36
2000-01-01T12:00:00Z,0.0,80.125,12.125,1.72,1.12
2000-01-01T12:00:00Z,0.0,80.125,16.125,0.76,0.46
2000-01-01T12:00:00Z,0.0,80.125,20.125,NaN,NaN
2000-01-01T12:00:00Z,0.0,80.125,24.125,NaN,NaN
2000-01-01T12:00:00Z,0.0,80.125,28.125,-0.37,0.89
2000-01-01T12:00:00Z,0.0,80.125,32.125,-0.69,0.84
2000-01-01T12:00:00Z,0.0,80.125,36.125,-1.43,0.23
2000-01-01T12:00:00Z,0.0,80.125,40.125,-1.56,0.16
2000-01-01T12:00:00Z,0.0,80.125,44.125,-1.57,0.14
2000-01-01T12:00:00Z,0.0,80.125,48.125,-1.59,0.07
2000-01-01T12:00:00Z,0.0,80.125,52.125,-1.49,0.17
2000-01-01T12:00:00Z,0.0,80.125,56.125,NaN,NaN
2000-01-01T12:00:00Z,0.0,80.125,60.125,-1.61,0.03
2000-01-01T12:00:00Z,0.0,80.125,64.125,-1.72,-0.01
2000-01-01T12:00:00Z,0.0,80.125,68.125,-1.79,-0.03
2000-01-01T12:00:00Z,0.0,80.125,72.125,-1.8,-0.01
2000-01-01T12:00:00Z,0.0,80.125,76.125,-1.74,0.06
2000-01-01T12:00:00Z,0.0,80.125,80.125,-1.77,0.03
2000-01-01T12:00:00Z,0.0,80.125,84.125,-1.78,0.02
2000-01-01T12:00:00Z,0.0,80.125,88.125,-1.77,0.03
2000-01-01T12:00:00Z,0.0,80.125,92.125,-1.68,0.09
2000-01-01T12:00:00Z,0.0,80.125,96.125,NaN,NaN
2000-01-01T12:00:00Z,0.0,80.125,100.125,-1.72,0.01
2000-01-01T12:00:00Z,0.0,80.125,104.125,-1.79,-0.05
2000-01-01T12:00:00Z,0.0,80.125,108.125,-1.8,-0.02
2000-01-01T12:00:00Z,0.0,80.125,112.125,-1.8,0.0
2000-01-01T12:00:00Z,0.0,80.125,116.125,-1.8,0.0
2000-01-01T12:00:00Z,0.0,80.125,120.125,-1.8,0.0
2000-01-01T12:00:00Z,0.0,80.125,124.125,-1.8,0.0
2000-01-01T12:00:00Z,0.0,80.125,128.125,-1.8,0.0
2000-01-01T12:00:00Z,0.0,80.125,132.125,-1.8,0.0
2000-01-01T12:00:00Z,0.0,80.125,136.125,-1.8,0.0
2000-01-01T12:00:00Z,0.0,80.125,140.125,-1.8,0.0
2000-01-01T12:00:00Z,0.0,80.125,144.125,-1.8,0.0
2000-01-01T12:00:00Z,0.0,80.125,148.125,-1.8,0.0
2000-01-01T12:00:00Z,0.0,80.125,152.125,-1.8,0.0
2000-01-01T12:00:00Z,0.0,80.125,156.125,-1.8,0.0
2000-01-01T12:00:00Z,0.0,80.125,160.125,-1.8,0.0
2000-01-01T12:00:00Z,0.0,80.125,164.125,-1.8,0.0
2000-01-01T12:00:00Z,0.0,80.125,168.125,-1.8,0.0
2000-01-01T12:00:00Z,0.0,80.125,172.125,-1.8,0.0
2000-01-01T12:00:00Z,0.0,80.125,176.125,-1.8,0.0
2000-01-01T12:00:00Z,0.0,80.125,180.125,-1.79,0.01
2000-01-01T12:00:00Z,0.0,80.125,184.125,-1.77,0.03
2000-01-01T12:00:00Z,0.0,80.125,188.125,-1.79,0.01
2000-01-01T12:00:00Z,0.0,80.125,192.125,-1.8,0.0
2000-01-01T12:00:00Z,0.0,80.125,196.125,-1.8,0.0
2000-01-01T12:00:00Z,0.0,80.125,200.125,-1.8,0.0
2000-01-01T12:00:00Z,0.0,80.125,204.125,-1.8,0.0
2000-01-01T12:00:00Z,0.0,80.125,208.125,-1.8,0.0
2000-01-01T12:00:00Z,0.0,80.125,212.125,-1.8,0.0
2000-01-01T12:00:00Z,0.0,80.125,216.125,-1.8,0.0
2000-01-01T12:00:00Z,0.0,80.125,220.125,-1.8,0.0
2000-01-01T12:00:00Z,0.0,80.125,224.125,-1.8,0.0
2000-01-01T12:00:00Z,0.0,80.125,228.125,-1.8,0.0
2000-01-01T12:00:00Z,0.0,80.125,232.125,-1.8,0.0
2000-01-01T12:00:00Z,0.0,80.125,236.125,-1.8,0.0
2000-01-01T12:00:00Z,0.0,80.125,240.125,-1.8,0.0
2000-01-01T12:00:00Z,0.0,80.125,244.125,-1.8,0.0
2000-01-01T12:00:00Z,0.0,80.125,248.125,-1.8,0.0
2000-01-01T12:00:00Z,0.0,80.125,252.125,-1.8,0.0
2000-01-01T12:00:00Z,0.0,80.125,256.125,-1.8,-0.01
2000-01-01T12:00:00Z,0.0,80.125,260.125,-1.79,0.0
2000-01-01T12:00:00Z,0.0,80.125,264.125,NaN,NaN
2000-01-01T12:00:00Z,0.0,80.125,268.125,NaN,NaN
2000-01-01T12:00:00Z,0.0,80.125,272.125,NaN,NaN
2000-01-01T12:00:00Z,0.0,80.125,276.125,NaN,NaN
2000-01-01T12:00:00Z,0.0,80.125,280.125,NaN,NaN
2000-01-01T12:00:00Z,0.0,80.125,284.125,NaN,NaN
2000-01-01T12:00:00Z,0.0,80.125,288.125,NaN,NaN
2000-01-01T12:00:00Z,0.0,80.125,292.125,-1.75,0.01
2000-01-01T12:00:00Z,0.0,80.125,296.125,NaN,NaN
2000-01-01T12:00:00Z,0.0,80.125,300.125,NaN,NaN
2000-01-01T12:00:00Z,0.0,80.125,304.125,NaN,NaN
2000-01-01T12:00:00Z,0.0,80.125,308.125,NaN,NaN
2000-01-01T12:00:00Z,0.0,80.125,312.125,NaN,NaN
2000-01-01T12:00:00Z,0.0,80.125,316.125,NaN,NaN
2000-01-01T12:00:00Z,0.0,80.125,320.125,NaN,NaN
2000-01-01T12:00:00Z,0.0,80.125,324.125,NaN,NaN
2000-01-01T12:00:00Z,0.0,80.125,328.125,NaN,NaN
2000-01-01T12:00:00Z,0.0,80.125,332.125,NaN,NaN
2000-01-01T12:00:00Z,0.0,80.125,336.125,NaN,NaN
2000-01-01T12:00:00Z,0.0,80.125,340.125,NaN,NaN
2000-01-01T12:00:00Z,0.0,80.125,344.125,-1.58,0.13
2000-01-01T12:00:00Z,0.0,80.125,348.125,-1.62,0.13
2000-01-01T12:00:00Z,0.0,80.125,352.125,-1.27,0.49
2000-01-01T12:00:00Z,0.0,80.125,356.125,-1.03,0.46
2000-01-01T12:00:00Z,0.0,84.125,0.125,-1.55,0.25
2000-01-01T12:00:00Z,0.0,84.125,4.125,-1.49,0.31
2000-01-01T12:00:00Z,0.0,84.125,8.125,-1.4,0.39
2000-01-01T12:00:00Z,0.0,84.125,12.125,-1.32,0.44
2000-01-01T12:00:00Z,0.0,84.125,16.125,-1.21,0.51
2000-01-01T12:00:00Z,0.0,84.125,20.125,-1.13,0.59
2000-01-01T12:00:00Z,0.0,84.125,24.125,-1.16,0.56
2000-01-01T12:00:00Z,0.0,84.125,28.125,-1.22,0.53
2000-01-01T12:00:00Z,0.0,84.125,32.125,-1.3,0.46
2000-01-01T12:00:00Z,0.0,84.125,36.125,-1.37,0.4
2000-01-01T12:00:00Z,0.0,84.125,40.125,-1.44,0.34
2000-01-01T12:00:00Z,0.0,84.125,44.125,-1.52,0.26
2000-01-01T12:00:00Z,0.0,84.125,48.125,-1.6,0.17
2000-01-01T12:00:00Z,0.0,84.125,52.125,-1.64,0.11
2000-01-01T12:00:00Z,0.0,84.125,56.125,-1.67,0.08
2000-01-01T12:00:00Z,0.0,84.125,60.125,-1.68,0.08
2000-01-01T12:00:00Z,0.0,84.125,64.125,-1.72,0.07
2000-01-01T12:00:00Z,0.0,84.125,68.125,-1.75,0.04
2000-01-01T12:00:00Z,0.0,84.125,72.125,-1.77,0.03
2000-01-01T12:00:00Z,0.0,84.125,76.125,-1.78,0.02
2000-01-01T12:00:00Z,0.0,84.125,80.125,-1.79,0.01
2000-01-01T12:00:00Z,0.0,84.125,84.125,-1.79,0.01
2000-01-01T12:00:00Z,0.0,84.125,88.125,-1.79,0.01
2000-01-01T12:00:00Z,0.0,84.125,92.125,-1.79,0.01
2000-01-01T12:00:00Z,0.0,84.125,96.125,-1.79,0.01
2000-01-01T12:00:00Z,0.0,84.125,100.125,-1.79,0.01
2000-01-01T12:00:00Z,0.0,84.125,104.125,-1.79,0.01
2000-01-01T12:00:00Z,0.0,84.125,108.125,-1.79,0.01
2000-01-01T12:00:00Z,0.0,84.125,112.125,-1.78,0.02
2000-01-01T12:00:00Z,0.0,84.125,116.125,-1.78,0.02
2000-01-01T12:00:00Z,0.0,84.125,120.125,-1.78,0.02
2000-01-01T12:00:00Z,0.0,84.125,124.125,-1.79,0.01
2000-01-01T12:00:00Z,0.0,84.125,128.125,-1.8,0.0
2000-01-01T12:00:00Z,0.0,84.125,132.125,-1.8,0.0
2000-01-01T12:00:00Z,0.0,84.125,136.125,-1.8,0.0
2000-01-01T12:00:00Z,0.0,84.125,140.125,-1.8,0.0
2000-01-01T12:00:00Z,0.0,84.125,144.125,-1.8,0.0
2000-01-01T12:00:00Z,0.0,84.125,148.125,-1.79,0.01
2000-01-01T12:00:00Z,0.0,84.125,152.125,-1.78,0.02
2000-01-01T12:00:00Z,0.0,84.125,156.125,-1.79,0.01
2000-01-01T12:00:00Z,0.0,84.125,160.125,-1.79,0.01
2000-01-01T12:00:00Z,0.0,84.125,164.125,-1.8,0.0
2000-01-01T12:00:00Z,0.0,84.125,168.125,-1.8,0.0
2000-01-01T12:00:00Z,0.0,84.125,172.125,-1.8,0.0
2000-01-01T12:00:00Z,0.0,84.125,176.125,-1.8,0.0
2000-01-01T12:00:00Z,0.0,84.125,180.125,-1.8,0.0
2000-01-01T12:00:00Z,0.0,84.125,184.125,-1.8,0.0
2000-01-01T12:00:00Z,0.0,84.125,188.125,-1.8,0.0
2000-01-01T12:00:00Z,0.0,84.125,192.125,-1.8,0.0
2000-01-01T12:00:00Z,0.0,84.125,196.125,-1.8,0.0
2000-01-01T12:00:00Z,0.0,84.125,200.125,-1.8,0.0
2000-01-01T12:00:00Z,0.0,84.125,204.125,-1.8,0.0
2000-01-01T12:00:00Z,0.0,84.125,208.125,-1.8,0.0
2000-01-01T12:00:00Z,0.0,84.125,212.125,-1.8,0.0
2000-01-01T12:00:00Z,0.0,84.125,216.125,-1.8,0.0
2000-01-01T12:00:00Z,0.0,84.125,220.125,-1.8,0.0
2000-01-01T12:00:00Z,0.0,84.125,224.125,-1.8,0.0
2000-01-01T12:00:00Z,0.0,84.125,228.125,-1.8,0.0
2000-01-01T12:00:00Z,0.0,84.125,232.125,-1.8,0.0
2000-01-01T12:00:00Z,0.0,84.125,236.125,-1.8,0.0
2000-01-01T12:00:00Z,0.0,84.125,240.125,-1.8,0.0
2000-01-01T12:00:00Z,0.0,84.125,244.125,-1.8,0.0
2000-01-01T12:00:00Z,0.0,84.125,248.125,-1.8,0.0
2000-01-01T12:00:00Z,0.0,84.125,252.125,-1.8,0.0
2000-01-01T12:00:00Z,0.0,84.125,256.125,-1.8,0.0
2000-01-01T12:00:00Z,0.0,84.125,260.125,-1.8,0.0
2000-01-01T12:00:00Z,0.0,84.125,264.125,-1.8,0.0
2000-01-01T12:00:00Z,0.0,84.125,268.125,-1.8,0.0
2000-01-01T12:00:00Z,0.0,84.125,272.125,-1.8,0.0
2000-01-01T12:00:00Z,0.0,84.125,276.125,-1.8,0.0
2000-01-01T12:00:00Z,0.0,84.125,280.125,-1.8,-0.01
2000-01-01T12:00:00Z,0.0,84.125,284.125,-1.8,-0.01
2000-01-01T12:00:00Z,0.0,84.125,288.125,-1.8,0.0
2000-01-01T12:00:00Z,0.0,84.125,292.125,-1.8,0.0
2000-01-01T12:00:00Z,0.0,84.125,296.125,-1.8,-0.01
2000-01-01T12:00:00Z,0.0,84.125,300.125,-1.8,0.0
2000-01-01T12:00:00Z,0.0,84.125,304.125,-1.8,0.0
2000-01-01T12:00:00Z,0.0,84.125,308.125,-1.8,0.0
2000-01-01T12:00:00Z,0.0,84.125,312.125,-1.8,0.0
2000-01-01T12:00:00Z,0.0,84.125,316.125,-1.8,0.0
2000-01-01T12:00:00Z,0.0,84.125,320.125,-1.8,0.0
2000-01-01T12:00:00Z,0.0,84.125,324.125,-1.79,0.0
2000-01-01T12:00:00Z,0.0,84.125,328.125,-1.78,0.0
2000-01-01T12:00:00Z,0.0,84.125,332.125,-1.77,0.03
2000-01-01T12:00:00Z,0.0,84.125,336.125,-1.78,0.01
2000-01-01T12:00:00Z,0.0,84.125,340.125,-1.79,0.01
2000-01-01T12:00:00Z,0.0,84.125,344.125,-1.75,0.05
2000-01-01T12:00:00Z,0.0,84.125,348.125,-1.64,0.14
2000-01-01T12:00:00Z,0.0,84.125,352.125,-1.6,0.2
2000-01-01T12:00:00Z,0.0,84.125,356.125,-1.58,0.22
2000-01-01T12:00:00Z,0.0,88.125,0.125,-1.7,0.1
2000-01-01T12:00:00Z,0.0,88.125,4.125,-1.69,0.1
2000-01-01T12:00:00Z,0.0,88.125,8.125,-1.68,0.1
2000-01-01T12:00:00Z,0.0,88.125,12.125,-1.68,0.11
2000-01-01T12:00:00Z,0.0,88.125,16.125,-1.66,0.12
2000-01-01T12:00:00Z,0.0,88.125,20.125,-1.65,0.14
2000-01-01T12:00:00Z,0.0,88.125,24.125,-1.65,0.14
2000-01-01T12:00:00Z,0.0,88.125,28.125,-1.66,0.13
2000-01-01T12:00:00Z,0.0,88.125,32.125,-1.66,0.13
2000-01-01T12:00:00Z,0.0,88.125,36.125,-1.67,0.13
2000-01-01T12:00:00Z,0.0,88.125,40.125,-1.68,0.12
2000-01-01T12:00:00Z,0.0,88.125,44.125,-1.69,0.11
2000-01-01T12:00:00Z,0.0,88.125,48.125,-1.7,0.1
2000-01-01T12:00:00Z,0.0,88.125,52.125,-1.71,0.09
2000-01-01T12:00:00Z,0.0,88.125,56.125,-1.72,0.08
2000-01-01T12:00:00Z,0.0,88.125,60.125,-1.72,0.08
2000-01-01T12:00:00Z,0.0,88.125,64.125,-1.72,0.08
2000-01-01T12:00:00Z,0.0,88.125,68.125,-1.73,0.07
2000-01-01T12:00:00Z,0.0,88.125,72.125,-1.73,0.07
2000-01-01T12:00:00Z,0.0,88.125,76.125,-1.73,0.07
2000-01-01T12:00:00Z,0.0,88.125,80.125,-1.73,0.07
2000-01-01T12:00:00Z,0.0,88.125,84.125,-1.73,0.07
2000-01-01T12:00:00Z,0.0,88.125,88.125,-1.73,0.07
2000-01-01T12:00:00Z,0.0,88.125,92.125,-1.73,0.07
2000-01-01T12:00:00Z,0.0,88.125,96.125,-1.73,0.07
2000-01-01T12:00:00Z,0.0,88.125,100.125,-1.73,0.07
2000-01-01T12:00:00Z,0.0,88.125,104.125,-1.73,0.07
2000-01-01T12:00:00Z,0.0,88.125,108.125,-1.73,0.07
2000-01-01T12:00:00Z,0.0,88.125,112.125,-1.73,0.07
2000-01-01T12:00:00Z,0.0,88.125,116.125,-1.73,0.07
2000-01-01T12:00:00Z,0.0,88.125,120.125,-1.73,0.07
2000-01-01T12:00:00Z,0.0,88.125,124.125,-1.73,0.07
2000-01-01T12:00:00Z,0.0,88.125,128.125,-1.73,0.07
2000-01-01T12:00:00Z,0.0,88.125,132.125,-1.73,0.07
2000-01-01T12:00:00Z,0.0,88.125,136.125,-1.73,0.07
2000-01-01T12:00:00Z,0.0,88.125,140.125,-1.73,0.07
2000-01-01T12:00:00Z,0.0,88.125,144.125,-1.73,0.07
2000-01-01T12:00:00Z,0.0,88.125,148.125,-1.73,0.07
2000-01-01T12:00:00Z,0.0,88.125,152.125,-1.73,0.07
2000-01-01T12:00:00Z,0.0,88.125,156.125,-1.73,0.07
2000-01-01T12:00:00Z,0.0,88.125,160.125,-1.73,0.07
2000-01-01T12:00:00Z,0.0,88.125,164.125,-1.73,0.07
2000-01-01T12:00:00Z,0.0,88.125,168.125,-1.73,0.07
2000-01-01T12:00:00Z,0.0,88.125,172.125,-1.73,0.07
2000-01-01T12:00:00Z,0.0,88.125,176.125,-1.73,0.07
2000-01-01T12:00:00Z,0.0,88.125,180.125,-1.73,0.07
2000-01-01T12:00:00Z,0.0,88.125,184.125,-1.73,0.07
2000-01-01T12:00:00Z,0.0,88.125,188.125,-1.73,0.07
2000-01-01T12:00:00Z,0.0,88.125,192.125,-1.73,0.07
2000-01-01T12:00:00Z,0.0,88.125,196.125,-1.73,0.07
2000-01-01T12:00:00Z,0.0,88.125,200.125,-1.73,0.07
2000-01-01T12:00:00Z,0.0,88.125,204.125,-1.73,0.07
2000-01-01T12:00:00Z,0.0,88.125,208.125,-1.73,0.07
2000-01-01T12:00:00Z,0.0,88.125,212.125,-1.73,0.07
2000-01-01T12:00:00Z,0.0,88.125,216.125,-1.73,0.07
2000-01-01T12:00:00Z,0.0,88.125,220.125,-1.73,0.07
2000-01-01T12:00:00Z,0.0,88.125,224.125,-1.73,0.07
2000-01-01T12:00:00Z,0.0,88.125,228.125,-1.73,0.07
2000-01-01T12:00:00Z,0.0,88.125,232.125,-1.73,0.07
2000-01-01T12:00:00Z,0.0,88.125,236.125,-1.73,0.07
2000-01-01T12:00:00Z,0.0,88.125,240.125,-1.73,0.07
2000-01-01T12:00:00Z,0.0,88.125,244.125,-1.73,0.07
2000-01-01T12:00:00Z,0.0,88.125,248.125,-1.73,0.07
2000-01-01T12:00:00Z,0.0,88.125,252.125,-1.73,0.07
2000-01-01T12:00:00Z,0.0,88.125,256.125,-1.73,0.07
2000-01-01T12:00:00Z,0.0,88.125,260.125,-1.73,0.07
2000-01-01T12:00:00Z,0.0,88.125,264.125,-1.73,0.07
2000-01-01T12:00:00Z,0.0,88.125,268.125,-1.73,0.07
2000-01-01T12:00:00Z,0.0,88.125,272.125,-1.73,0.07
2000-01-01T12:00:00Z,0.0,88.125,276.125,-1.73,0.07
2000-01-01T12:00:00Z,0.0,88.125,280.125,-1.73,0.07
2000-01-01T12:00:00Z,0.0,88.125,284.125,-1.73,0.07
2000-01-01T12:00:00Z,0.0,88.125,288.125,-1.73,0.07
2000-01-01T12:00:00Z,0.0,88.125,292.125,-1.73,0.07
2000-01-01T12:00:00Z,0.0,88.125,296.125,-1.73,0.07
2000-01-01T12:00:00Z,0.0,88.125,300.125,-1.73,0.07
2000-01-01T12:00:00Z,0.0,88.125,304.125,-1.73,0.07
2000-01-01T12:00:00Z,0.0,88.125,308.125,-1.73,0.07
2000-01-01T12:00:00Z,0.0,88.125,312.125,-1.73,0.07
2000-01-01T12:00:00Z,0.0,88.125,316.125,-1.73,0.07
2000-01-01T12:00:00Z,0.0,88.125,320.125,-1.73,0.07
2000-01-01T12:00:00Z,0.0,88.125,324.125,-1.73,0.07
2000-01-01T12:00:00Z,0.0,88.125,328.125,-1.73,0.07
2000-01-01T12:00:00Z,0.0,88.125,332.125,-1.73,0.07
2000-01-01T12:00:00Z,0.0,88.125,336.125,-1.73,0.07
2000-01-01T12:00:00Z,0.0,88.125,340.125,-1.73,0.07
2000-01-01T12:00:00Z,0.0,88.125,344.125,-1.73,0.07
2000-01-01T12:00:00Z,0.0,88.125,348.125,-1.72,0.08
2000-01-01T12:00:00Z,0.0,88.125,352.125,-1.71,0.09
2000-01-01T12:00:00Z,0.0,88.125,356.125,-1.7,0.1
