2022-10-01T12:00:00Z,0.0,-87.875,0.125,NaN,NaN
2022-10-01T12:00:00Z,0.0,-87.875,4.125,NaN,NaN
2022-10-01T12:00:00Z,0.0,-87.875,8.125,NaN,NaN
2022-10-01T12:00:00Z,0.0,-87.875,12.125,NaN,NaN
2022-10-01T12:00:00Z,0.0,-87.875,16.125,NaN,NaN
2022-10-01T12:00:00Z,0.0,-87.875,20.125,NaN,NaN
2022-10-01T12:00:00Z,0.0,-87.875,24.125,NaN,NaN
2022-10-01T12:00:00Z,0.0,-87.875,28.125,NaN,NaN
2022-10-01T12:00:00Z,0.0,-87.875,32.125,NaN,NaN
2022-10-01T12:00:00Z,0.0,-87.875,36.125,NaN,NaN
2022-10-01T12:00:00Z,0.0,-87.875,40.125,NaN,NaN
2022-10-01T12:00:00Z,0.0,-87.875,44.125,NaN,NaN
2022-10-01T12:00:00Z,0.0,-87.875,48.125,NaN,NaN
2022-10-01T12:00:00Z,0.0,-87.875,52.125,NaN,NaN
2022-10-01T12:00:00Z,0.0,-87.875,56.125,NaN,NaN
2022-10-01T12:00:00Z,0.0,-87.875,60.125,NaN,NaN
2022-10-01T12:00:00Z,0.0,-87.875,64.125,NaN,NaN
2022-10-01T12:00:00Z,0.0,-87.875,68.125,NaN,NaN
2022-10-01T12:00:00Z,0.0,-87.875,72.125,NaN,NaN
2022-10-01T12:00:00Z,0.0,-87.875,76.125,NaN,NaN
2022-10-01T12:00:00Z,0.0,-87.875,80.125,NaN,NaN
2022-10-01T12:00:00Z,0.0,-87.875,84.125,NaN,NaN
2022-10-01T12:00:00Z,0.0,-87.875,88.125,NaN,NaN
2022-10-01T12:00:00Z,0.0,-87.875,92.125,NaN,NaN
2022-10-01T12:00:00Z,0.0,-87.875,96.125,NaN,NaN
2022-10-01T12:00:00Z,0.0,-87.875,100.125,NaN,NaN
2022-10-01T12:00:00Z,0.0,-87.875,104.125,NaN,NaN
2022-10-01T12:00:00Z,0.0,-87.875,108.125,NaN,NaN
2022-10-01T12:00:00Z,0.0,-87.875,112.125,NaN,NaN
2022-10-01T12:00:00Z,0.0,-87.875,116.125,NaN,NaN
2022-10-01T12:00:00Z,0.0,-87.875,120.125,NaN,NaN
2022-10-01T12:00:00Z,0.0,-87.875,124.125,NaN,NaN
2022-10-01T12:00:00Z,0.0,-87.875,128.125,NaN,NaN
2022-10-01T12:00:00Z,0.0,-87.875,132.125,NaN,NaN
2022-10-01T12:00:00Z,0.0,-87.875,136.125,NaN,NaN
2022-10-01T12:00:00Z,0.0,-87.875,140.125,NaN,NaN
2022-10-01T12:00:00Z,0.0,-87.875,144.125,NaN,NaN
2022-10-01T12:00:00Z,0.0,-87.875,148.125,NaN,NaN
2022-10-01T12:00:00Z,0.0,-87.875,152.125,NaN,NaN
2022-10-01T12:00:00Z,0.0,-87.875,156.125,NaN,NaN
2022-10-01T12:00:00Z,0.0,-87.875,160.125,NaN,NaN
2022-10-01T12:00:00Z,0.0,-87.875,164.125,NaN,NaN
2022-10-01T12:00:00Z,0.0,-87.875,168.125,NaN,NaN
2022-10-01T12:00:00Z,0.0,-87.875,172.125,NaN,NaN
2022-10-01T12:00:00Z,0.0,-87.875,176.125,NaN,NaN
2022-10-01T12:00:00Z,0.0,-87.875,180.125,NaN,NaN
2022-10-01T12:00:00Z,0.0,-87.875,184.125,NaN,NaN
2022-10-01T12:00:00Z,0.0,-87.875,188.125,NaN,NaN
2022-10-01T12:00:00Z,0.0,-87.875,192.125,NaN,NaN
2022-10-01T12:00:00Z,0.0,-87.875,196.125,NaN,NaN
2022-10-01T12:00:00Z,0.0,-87.875,200.125,NaN,NaN
2022-10-01T12:00:00Z,0.0,-87.875,204.125,NaN,NaN
2022-10-01T12:00:00Z,0.0,-87.875,208.125,NaN,NaN
2022-10-01T12:00:00Z,0.0,-87.875,212.125,NaN,NaN
2022-10-01T12:00:00Z,0.0,-87.875,216.125,NaN,NaN
2022-10-01T12:00:00Z,0.0,-87.875,220.125,NaN,NaN
2022-10-01T12:00:00Z,0.0,-87.875,224.125,NaN,NaN
2022-10-01T12:00:00Z,0.0,-87.875,228.125,NaN,NaN
2022-10-01T12:00:00Z,0.0,-87.875,232.125,NaN,NaN
2022-10-01T12:00:00Z,0.0,-87.875,236.125,NaN,NaN
2022-10-01T12:00:00Z,0.0,-87.875,240.125,NaN,NaN
2022-10-01T12:00:00Z,0.0,-87.875,244.125,NaN,NaN
2022-10-01T12:00:00Z,0.0,-87.875,248.125,NaN,NaN
2022-10-01T12:00:00Z,0.0,-87.875,252.125,NaN,NaN
2022-10-01T12:00:00Z,0.0,-87.875,256.125,NaN,NaN
2022-10-01T12:00:00Z,0.0,-87.875,260.125,NaN,NaN
2022-10-01T12:00:00Z,0.0,-87.875,264.125,NaN,NaN
2022-10-01T12:00:00Z,0.0,-87.875,268.125,NaN,NaN
2022-10-01T12:00:00Z,0.0,-87.875,272.125,NaN,NaN
2022-10-01T12:00:00Z,0.0,-87.875,276.125,NaN,NaN
2022-10-01T12:00:00Z,0.0,-87.875,280.125,NaN,NaN
2022-10-01T12:00:00Z,0.0,-87.875,284.125,NaN,NaN
2022-10-01T12:00:00Z,0.0,-87.875,288.125,NaN,NaN
2022-10-01T12:00:00Z,0.0,-87.875,292.125,NaN,NaN
2022-10-01T12:00:00Z,0.0,-87.875,296.125,NaN,NaN
2022-10-01T12:00:00Z,0.0,-87.875,300.125,NaN,NaN
2022-10-01T12:00:00Z,0.0,-87.875,304.125,NaN,NaN
2022-10-01T12:00:00Z,0.0,-87.875,308.125,NaN,NaN
2022-10-01T12:00:00Z,0.0,-87.875,312.125,NaN,NaN
2022-10-01T12:00:00Z,0.0,-87.875,316.125,NaN,NaN
2022-10-01T12:00:00Z,0.0,-87.875,320.125,NaN,NaN
2022-10-01T12:00:00Z,0.0,-87.875,324.125,NaN,NaN
2022-10-01T12:00:00Z,0.0,-87.875,328.125,NaN,NaN
2022-10-01T12:00:00Z,0.0,-87.875,332.125,NaN,NaN
2022-10-01T12:00:00Z,0.0,-87.875,336.125,NaN,NaN
2022-10-01T12:00:00Z,0.0,-87.875,340.125,NaN,NaN
2022-10-01T12:00:00Z,0.0,-87.875,344.125,NaN,NaN
2022-10-01T12:00:00Z,0.0,-87.875,348.125,NaN,NaN
2022-10-01T12:00:00Z,0.0,-87.875,352.125,NaN,NaN
2022-10-01T12:00:00Z,0.0,-87.875,356.125,NaN,NaN
2022-10-01T12:00:00Z,0.0,-83.875,0.125,NaN,NaN
2022-10-01T12:00:00Z,0.0,-83.875,4.125,NaN,NaN
2022-10-01T12:00:00Z,0.0,-83.875,8.125,NaN,NaN
2022-10-01T12:00:00Z,0.0,-83.875,12.125,NaN,NaN
2022-10-01T12:00:00Z,0.0,-83.875,16.125,NaN,NaN
2022-10-01T12:00:00Z,0.0,-83.875,20.125,NaN,NaN
2022-10-01T12:00:00Z,0.0,-83.875,24.125,NaN,NaN
2022-10-01T12:00:00Z,0.0,-83.875,28.125,NaN,NaN
2022-10-01T12:00:00Z,0.0,-83.875,32.125,NaN,NaN
2022-10-01T12:00:00Z,0.0,-83.875,36.125,NaN,NaN
2022-10-01T12:00:00Z,0.0,-83.875,40.125,NaN,NaN
2022-10-01T12:00:00Z,0.0,-83.875,44.125,NaN,NaN
2022-10-01T12:00:00Z,0.0,-83.875,48.125,NaN,NaN
2022-10-01T12:00:00Z,0.0,-83.875,52.125,NaN,NaN
2022-10-01T12:00:00Z,0.0,-83.875,56.125,NaN,NaN
2022-10-01T12:00:00Z,0.0,-83.875,60.125,NaN,NaN
2022-10-01T12:00:00Z,0.0,-83.875,64.125,NaN,NaN
2022-10-01T12:00:00Z,0.0,-83.875,68.125,NaN,NaN
2022-10-01T12:00:00Z,0.0,-83.875,72.125,NaN,NaN
2022-10-01T12:00:00Z,0.0,-83.875,76.125,NaN,NaN
2022-10-01T12:00:00Z,0.0,-83.875,80.125,NaN,NaN
2022-10-01T12:00:00Z,0.0,-83.875,84.125,NaN,NaN
2022-10-01T12:00:00Z,0.0,-83.875,88.125,NaN,NaN
2022-10-01T12:00:00Z,0.0,-83.875,92.125,NaN,NaN
2022-10-01T12:00:00Z,0.0,-83.875,96.125,NaN,NaN
2022-10-01T12:00:00Z,0.0,-83.875,100.125,NaN,NaN
2022-10-01T12:00:00Z,0.0,-83.875,104.125,NaN,NaN
2022-10-01T12:00:00Z,0.0,-83.875,108.125,NaN,NaN
2022-10-01T12:00:00Z,0.0,-83.875,112.125,NaN,NaN
2022-10-01T12:00:00Z,0.0,-83.875,116.125,NaN,NaN
2022-10-01T12:00:00Z,0.0,-83.875,120.125,NaN,NaN
2022-10-01T12:00:00Z,0.0,-83.875,124.125,NaN,NaN
2022-10-01T12:00:00Z,0.0,-83.875,128.125,NaN,NaN
2022-10-01T12:00:00Z,0.0,-83.875,132.125,NaN,NaN
2022-10-01T12:00:00Z,0.0,-83.875,136.125,NaN,NaN
2022-10-01T12:00:00Z,0.0,-83.875,140.125,NaN,NaN
2022-10-01T12:00:00Z,0.0,-83.875,144.125,NaN,NaN
2022-10-01T12:00:00Z,0.0,-83.875,148.125,NaN,NaN
2022-10-01T12:00:00Z,0.0,-83.875,152.125,NaN,NaN
2022-10-01T12:00:00Z,0.0,-83.875,156.125,NaN,NaN
2022-10-01T12:00:00Z,0.0,-83.875,160.125,NaN,NaN
2022-10-01T12:00:00Z,0.0,-83.875,164.125,NaN,NaN
2022-10-01T12:00:00Z,0.0,-83.875,168.125,NaN,NaN
2022-10-01T12:00:00Z,0.0,-83.875,172.125,NaN,NaN
2022-10-01T12:00:00Z,0.0,-83.875,176.125,NaN,NaN
2022-10-01T12:00:00Z,0.0,-83.875,180.125,NaN,NaN
2022-10-01T12:00:00Z,0.0,-83.875,184.125,NaN,NaN
2022-10-01T12:00:00Z,0.0,-83.875,188.125,NaN,NaN
2022-10-01T12:00:00Z,0.0,-83.875,192.125,NaN,NaN
2022-10-01T12:00:00Z,0.0,-83.875,196.125,NaN,NaN
2022-10-01T12:00:00Z,0.0,-83.875,200.125,NaN,NaN
2022-10-01T12:00:00Z,0.0,-83.875,204.125,NaN,NaN
2022-10-01T12:00:00Z,0.0,-83.875,208.125,NaN,NaN
2022-10-01T12:00:00Z,0.0,-83.875,212.125,NaN,NaN
2022-10-01T12:00:00Z,0.0,-83.875,216.125,NaN,NaN
2022-10-01T12:00:00Z,0.0,-83.875,220.125,NaN,NaN
2022-10-01T12:00:00Z,0.0,-83.875,224.125,NaN,NaN
2022-10-01T12:00:00Z,0.0,-83.875,228.125,NaN,NaN
2022-10-01T12:00:00Z,0.0,-83.875,232.125,NaN,NaN
2022-10-01T12:00:00Z,0.0,-83.875,236.125,NaN,NaN
2022-10-01T12:00:00Z,0.0,-83.875,240.125,NaN,NaN
2022-10-01T12:00:00Z,0.0,-83.875,244.125,NaN,NaN
2022-10-01T12:00:00Z,0.0,-83.875,248.125,NaN,NaN
2022-10-01T12:00:00Z,0.0,-83.875,252.125,NaN,NaN
2022-10-01T12:00:00Z,0.0,-83.875,256.125,NaN,NaN
2022-10-01T12:00:00Z,0.0,-83.875,260.125,NaN,NaN
2022-10-01T12:00:00Z,0.0,-83.875,264.125,NaN,NaN
2022-10-01T12:00:00Z,0.0,-83.875,268.125,NaN,NaN
2022-10-01T12:00:00Z,0.0,-83.875,272.125,NaN,NaN
2022-10-01T12:00:00Z,0.0,-83.875,276.125,NaN,NaN
2022-10-01T12:00:00Z,0.0,-83.875,280.125,NaN,NaN
2022-10-01T12:00:00Z,0.0,-83.875,284.125,NaN,NaN
2022-10-01T12:00:00Z,0.0,-83.875,288.125,NaN,NaN
2022-10-01T12:00:00Z,0.0,-83.875,292.125,NaN,NaN
2022-10-01T12:00:00Z,0.0,-83.875,296.125,NaN,NaN
2022-10-01T12:00:00Z,0.0,-83.875,300.125,NaN,NaN
2022-10-01T12:00:00Z,0.0,-83.875,304.125,NaN,NaN
2022-10-01T12:00:00Z,0.0,-83.875,308.125,NaN,NaN
2022-10-01T12:00:00Z,0.0,-83.875,312.125,NaN,NaN
2022-10-01T12:00:00Z,0.0,-83.875,316.125,NaN,NaN
2022-10-01T12:00:00Z,0.0,-83.875,320.125,NaN,NaN
2022-10-01T12:00:00Z,0.0,-83.875,324.125,NaN,NaN
2022-10-01T12:00:00Z,0.0,-83.875,328.125,NaN,NaN
2022-10-01T12:00:00Z,0.0,-83.875,332.125,NaN,NaN
2022-10-01T12:00:00Z,0.0,-83.875,336.125,NaN,NaN
2022-10-01T12:00:00Z,0.0,-83.875,340.125,NaN,NaN
2022-10-01T12:00:00Z,0.0,-83.875,344.125,NaN,NaN
2022-10-01T12:00:00Z,0.0,-83.875,348.125,NaN,NaN
2022-10-01T12:00:00Z,0.0,-83.875,352.125,NaN,NaN
2022-10-01T12:00:00Z,0.0,-83.875,356.125,NaN,NaN
2022-10-01T12:00:00Z,0.0,-79.875,0.125,NaN,NaN
2022-10-01T12:00:00Z,0.0,-79.875,4.125,NaN,NaN
2022-10-01T12:00:00Z,0.0,-79.875,8.125,NaN,NaN
2022-10-01T12:00:00Z,0.0,-79.875,12.125,NaN,NaN
2022-10-01T12:00:00Z,0.0,-79.875,16.125,NaN,NaN
2022-10-01T12:00:00Z,0.0,-79.875,20.125,NaN,NaN
2022-10-01T12:00:00Z,0.0,-79.875,24.125,NaN,NaN
2022-10-01T12:00:00Z,0.0,-79.875,28.125,NaN,NaN
2022-10-01T12:00:00Z,0.0,-79.875,32.125,NaN,NaN
2022-10-01T12:00:00Z,0.0,-79.875,36.125,NaN,NaN
2022-10-01T12:00:00Z,0.0,-79.875,40.125,NaN,NaN
2022-10-01T12:00:00Z,0.0,-79.875,44.125,NaN,NaN
2022-10-01T12:00:00Z,0.0,-79.875,48.125,NaN,NaN
2022-10-01T12:00:00Z,0.0,-79.875,52.125,NaN,NaN
2022-10-01T12:00:00Z,0.0,-79.875,56.125,NaN,NaN
2022-10-01T12:00:00Z,0.0,-79.875,60.125,NaN,NaN
2022-10-01T12:00:00Z,0.0,-79.875,64.125,NaN,NaN
2022-10-01T12:00:00Z,0.0,-79.875,68.125,NaN,NaN
2022-10-01T12:00:00Z,0.0,-79.875,72.125,NaN,NaN
2022-10-01T12:00:00Z,0.0,-79.875,76.125,NaN,NaN
2022-10-01T12:00:00Z,0.0,-79.875,80.125,NaN,NaN
2022-10-01T12:00:00Z,0.0,-79.875,84.125,NaN,NaN
2022-10-01T12:00:00Z,0.0,-79.875,88.125,NaN,NaN
2022-10-01T12:00:00Z,0.0,-79.875,92.125,NaN,NaN
2022-10-01T12:00:00Z,0.0,-79.875,96.125,NaN,NaN
2022-10-01T12:00:00Z,0.0,-79.875,100.125,NaN,NaN
2022-10-01T12:00:00Z,0.0,-79.875,104.125,NaN,NaN
2022-10-01T12:00:00Z,0.0,-79.875,108.125,NaN,NaN
2022-10-01T12:00:00Z,0.0,-79.875,112.125,NaN,NaN
2022-10-01T12:00:00Z,0.0,-79.875,116.125,NaN,NaN
2022-10-01T12:00:00Z,0.0,-79.875,120.125,NaN,NaN
2022-10-01T12:00:00Z,0.0,-79.875,124.125,NaN,NaN
2022-10-01T12:00:00Z,0.0,-79.875,128.125,NaN,NaN
2022-10-01T12:00:00Z,0.0,-79.875,132.125,NaN,NaN
2022-10-01T12:00:00Z,0.0,-79.875,136.125,NaN,NaN
2022-10-01T12:00:00Z,0.0,-79.875,140.125,NaN,NaN
2022-10-01T12:00:00Z,0.0,-79.875,144.125,NaN,NaN
2022-10-01T12:00:00Z,0.0,-79.875,148.125,NaN,NaN
2022-10-01T12:00:00Z,0.0,-79.875,152.125,NaN,NaN
2022-10-01T12:00:00Z,0.0,-79.875,156.125,NaN,NaN
2022-10-01T12:00:00Z,0.0,-79.875,160.125,NaN,NaN
2022-10-01T12:00:00Z,0.0,-79.875,164.125,NaN,NaN
2022-10-01T12:00:00Z,0.0,-79.875,168.125,NaN,NaN
2022-10-01T12:00:00Z,0.0,-79.875,172.125,NaN,NaN
2022-10-01T12:00:00Z,0.0,-79.875,176.125,NaN,NaN
2022-10-01T12:00:00Z,0.0,-79.875,180.125,NaN,NaN
2022-10-01T12:00:00Z,0.0,-79.875,184.125,NaN,NaN
2022-10-01T12:00:00Z,0.0,-79.875,188.125,NaN,NaN
2022-10-01T12:00:00Z,0.0,-79.875,192.125,NaN,NaN
2022-10-01T12:00:00Z,0.0,-79.875,196.125,NaN,NaN
2022-10-01T12:00:00Z,0.0,-79.875,200.125,NaN,NaN
2022-10-01T12:00:00Z,0.0,-79.875,204.125,NaN,NaN
2022-10-01T12:00:00Z,0.0,-79.875,208.125,NaN,NaN
2022-10-01T12:00:00Z,0.0,-79.875,212.125,NaN,NaN
2022-10-01T12:00:00Z,0.0,-79.875,216.125,NaN,NaN
2022-10-01T12:00:00Z,0.0,-79.875,220.125,NaN,NaN
2022-10-01T12:00:00Z,0.0,-79.875,224.125,NaN,NaN
2022-10-01T12:00:00Z,0.0,-79.875,228.125,NaN,NaN
2022-10-01T12:00:00Z,0.0,-79.875,232.125,NaN,NaN
2022-10-01T12:00:00Z,0.0,-79.875,236.125,NaN,NaN
2022-10-01T12:00:00Z,0.0,-79.875,240.125,NaN,NaN
2022-10-01T12:00:00Z,0.0,-79.875,244.125,NaN,NaN
2022-10-01T12:00:00Z,0.0,-79.875,248.125,NaN,NaN
2022-10-01T12:00:00Z,0.0,-79.875,252.125,NaN,NaN
2022-10-01T12:00:00Z,0.0,-79.875,256.125,NaN,NaN
2022-10-01T12:00:00Z,0.0,-79.875,260.125,NaN,NaN
2022-10-01T12:00:00Z,0.0,-79.875,264.125,NaN,NaN
2022-10-01T12:00:00Z,0.0,-79.875,268.125,NaN,NaN
2022-10-01T12:00:00Z,0.0,-79.875,272.125,NaN,NaN
2022-10-01T12:00:00Z,0.0,-79.875,276.125,NaN,NaN
2022-10-01T12:00:00Z,0.0,-79.875,280.125,NaN,NaN
2022-10-01T12:00:00Z,0.0,-79.875,284.125,NaN,NaN
2022-10-01T12:00:00Z,0.0,-79.875,288.125,NaN,NaN
2022-10-01T12:00:00Z,0.0,-79.875,292.125,NaN,NaN
2022-10-01T12:00:00Z,0.0,-79.875,296.125,NaN,NaN
2022-10-01T12:00:00Z,0.0,-79.875,300.125,NaN,NaN
2022-10-01T12:00:00Z,0.0,-79.875,304.125,NaN,NaN
2022-10-01T12:00:00Z,0.0,-79.875,308.125,NaN,NaN
2022-10-01T12:00:00Z,0.0,-79.875,312.125,NaN,NaN
2022-10-01T12:00:00Z,0.0,-79.875,316.125,NaN,NaN
2022-10-01T12:00:00Z,0.0,-79.875,320.125,NaN,NaN
2022-10-01T12:00:00Z,0.0,-79.875,324.125,NaN,NaN
2022-10-01T12:00:00Z,0.0,-79.875,328.125,NaN,NaN
2022-10-01T12:00:00Z,0.0,-79.875,332.125,NaN,NaN
2022-10-01T12:00:00Z,0.0,-79.875,336.125,NaN,NaN
2022-10-01T12:00:00Z,0.0,-79.875,340.125,NaN,NaN
2022-10-01T12:00:00Z,0.0,-79.875,344.125,NaN,NaN
2022-10-01T12:00:00Z,0.0,-79.875,348.125,NaN,NaN
2022-10-01T12:00:00Z,0.0,-79.875,352.125,NaN,NaN
2022-10-01T12:00:00Z,0.0,-79.875,356.125,NaN,NaN
2022-10-01T12:00:00Z,0.0,-75.875,0.125,NaN,NaN
2022-10-01T12:00:00Z,0.0,-75.875,4.125,NaN,NaN
2022-10-01T12:00:00Z,0.0,-75.875,8.125,NaN,NaN
2022-10-01T12:00:00Z,0.0,-75.875,12.125,NaN,NaN
2022-10-01T12:00:00Z,0.0,-75.875,16.125,NaN,NaN
2022-10-01T12:00:00Z,0.0,-75.875,20.125,NaN,NaN
2022-10-01T12:00:00Z,0.0,-75.875,24.125,NaN,NaN
2022-10-01T12:00:00Z,0.0,-75.875,28.125,NaN,NaN
2022-10-01T12:00:00Z,0.0,-75.875,32.125,NaN,NaN
2022-10-01T12:00:00Z,0.0,-75.875,36.125,NaN,NaN
2022-10-01T12:00:00Z,0.0,-75.875,40.125,NaN,NaN
2022-10-01T12:00:00Z,0.0,-75.875,44.125,NaN,NaN
2022-10-01T12:00:00Z,0.0,-75.875,48.125,NaN,NaN
2022-10-01T12:00:00Z,0.0,-75.875,52.125,NaN,NaN
2022-10-01T12:00:00Z,0.0,-75.875,56.125,NaN,NaN
2022-10-01T12:00:00Z,0.0,-75.875,60.125,NaN,NaN
2022-10-01T12:00:00Z,0.0,-75.875,64.125,NaN,NaN
2022-10-01T12:00:00Z,0.0,-75.875,68.125,NaN,NaN
2022-10-01T12:00:00Z,0.0,-75.875,72.125,NaN,NaN
2022-10-01T12:00:00Z,0.0,-75.875,76.125,NaN,NaN
2022-10-01T12:00:00Z,0.0,-75.875,80.125,NaN,NaN
2022-10-01T12:00:00Z,0.0,-75.875,84.125,NaN,NaN
2022-10-01T12:00:00Z,0.0,-75.875,88.125,NaN,NaN
2022-10-01T12:00:00Z,0.0,-75.875,92.125,NaN,NaN
2022-10-01T12:00:00Z,0.0,-75.875,96.125,NaN,NaN
2022-10-01T12:00:00Z,0.0,-75.875,100.125,NaN,NaN
2022-10-01T12:00:00Z,0.0,-75.875,104.125,NaN,NaN
2022-10-01T12:00:00Z,0.0,-75.875,108.125,NaN,NaN
2022-10-01T12:00:00Z,0.0,-75.875,112.125,NaN,NaN
2022-10-01T12:00:00Z,0.0,-75.875,116.125,NaN,NaN
2022-10-01T12:00:00Z,0.0,-75.875,120.125,NaN,NaN
2022-10-01T12:00:00Z,0.0,-75.875,124.125,NaN,NaN
2022-10-01T12:00:00Z,0.0,-75.875,128.125,NaN,NaN
2022-10-01T12:00:00Z,0.0,-75.875,132.125,NaN,NaN
2022-10-01T12:00:00Z,0.0,-75.875,136.125,NaN,NaN
2022-10-01T12:00:00Z,0.0,-75.875,140.125,NaN,NaN
2022-10-01T12:00:00Z,0.0,-75.875,144.125,NaN,NaN
2022-10-01T12:00:00Z,0.0,-75.875,148.125,NaN,NaN
2022-10-01T12:00:00Z,0.0,-75.875,152.125,NaN,NaN
2022-10-01T12:00:00Z,0.0,-75.875,156.125,NaN,NaN
2022-10-01T12:00:00Z,0.0,-75.875,160.125,NaN,NaN
2022-10-01T12:00:00Z,0.0,-75.875,164.125,-1.8,-0.51
2022-10-01T12:00:00Z,0.0,-75.875,168.125,-1.8,-0.07
2022-10-01T12:00:00Z,0.0,-75.875,172.125,-1.8,-0.15
2022-10-01T12:00:00Z,0.0,-75.875,176.125,-1.8,-0.29
2022-10-01T12:00:00Z,0.0,-75.875,180.125,-1.8,-0.2
2022-10-01T12:00:00Z,0.0,-75.875,184.125,-1.8,-0.14
2022-10-01T12:00:00Z,0.0,-75.875,188.125,-1.8,-0.05
2022-10-01T12:00:00Z,0.0,-75.875,192.125,-1.8,-0.01
2022-10-01T12:00:00Z,0.0,-75.875,196.125,-1.8,-0.01
2022-10-01T12:00:00Z,0.0,-75.875,200.125,-1.8,-0.03
2022-10-01T12:00:00Z,0.0,-75.875,204.125,-1.8,-0.01
2022-10-01T12:00:00Z,0.0,-75.875,208.125,-1.8,-0.03
2022-10-01T12:00:00Z,0.0,-75.875,212.125,-1.77,-0.03
2022-10-01T12:00:00Z,0.0,-75.875,216.125,NaN,NaN
2022-10-01T12:00:00Z,0.0,-75.875,220.125,NaN,NaN
2022-10-01T12:00:00Z,0.0,-75.875,224.125,NaN,NaN
2022-10-01T12:00:00Z,0.0,-75.875,228.125,NaN,NaN
2022-10-01T12:00:00Z,0.0,-75.875,232.125,NaN,NaN
2022-10-01T12:00:00Z,0.0,-75.875,236.125,NaN,NaN
2022-10-01T12:00:00Z,0.0,-75.875,240.125,NaN,NaN
2022-10-01T12:00:00Z,0.0,-75.875,244.125,NaN,NaN
2022-10-01T12:00:00Z,0.0,-75.875,248.125,NaN,NaN
2022-10-01T12:00:00Z,0.0,-75.875,252.125,NaN,NaN
2022-10-01T12:00:00Z,0.0,-75.875,256.125,NaN,NaN
2022-10-01T12:00:00Z,0.0,-75.875,260.125,NaN,NaN
2022-10-01T12:00:00Z,0.0,-75.875,264.125,NaN,NaN
2022-10-01T12:00:00Z,0.0,-75.875,268.125,NaN,NaN
2022-10-01T12:00:00Z,0.0,-75.875,272.125,NaN,NaN
2022-10-01T12:00:00Z,0.0,-75.875,276.125,NaN,NaN
2022-10-01T12:00:00Z,0.0,-75.875,280.125,NaN,NaN
2022-10-01T12:00:00Z,0.0,-75.875,284.125,NaN,NaN
2022-10-01T12:00:00Z,0.0,-75.875,288.125,NaN,NaN
2022-10-01T12:00:00Z,0.0,-75.875,292.125,NaN,NaN
2022-10-01T12:00:00Z,0.0,-75.875,296.125,-1.7,-0.29
2022-10-01T12:00:00Z,0.0,-75.875,300.125,-1.79,-0.46
2022-10-01T12:00:00Z,0.0,-75.875,304.125,-1.78,-0.22
2022-10-01T12:00:00Z,0.0,-75.875,308.125,-1.8,-0.16
2022-10-01T12:00:00Z,0.0,-75.875,312.125,-1.8,-0.08
2022-10-01T12:00:00Z,0.0,-75.875,316.125,-1.8,-0.09
2022-10-01T12:00:00Z,0.0,-75.875,320.125,-1.8,-0.05
2022-10-01T12:00:00Z,0.0,-75.875,324.125,-1.8,-0.01
2022-10-01T12:00:00Z,0.0,-75.875,328.125,-1.8,-0.03
2022-10-01T12:00:00Z,0.0,-75.875,332.125,-1.8,-0.26
2022-10-01T12:00:00Z,0.0,-75.875,336.125,-1.65,-0.27
2022-10-01T12:00:00Z,0.0,-75.875,340.125,NaN,NaN
2022-10-01T12:00:00Z,0.0,-75.875,344.125,NaN,NaN
2022-10-01T12:00:00Z,0.0,-75.875,348.125,NaN,NaN
2022-10-01T12:00:00Z,0.0,-75.875,352.125,NaN,NaN
2022-10-01T12:00:00Z,0.0,-75.875,356.125,NaN,NaN
2022-10-01T12:00:00Z,0.0,-71.875,0.125,NaN,NaN
2022-10-01T12:00:00Z,0.0,-71.875,4.125,NaN,NaN
2022-10-01T12:00:00Z,0.0,-71.875,8.125,NaN,NaN
2022-10-01T12:00:00Z,0.0,-71.875,12.125,NaN,NaN
2022-10-01T12:00:00Z,0.0,-71.875,16.125,NaN,NaN
2022-10-01T12:00:00Z,0.0,-71.875,20.125,NaN,NaN
2022-10-01T12:00:00Z,0.0,-71.875,24.125,NaN,NaN
2022-10-01T12:00:00Z,0.0,-71.875,28.125,NaN,NaN
2022-10-01T12:00:00Z,0.0,-71.875,32.125,NaN,NaN
2022-10-01T12:00:00Z,0.0,-71.875,36.125,NaN,NaN
2022-10-01T12:00:00Z,0.0,-71.875,40.125,NaN,NaN
2022-10-01T12:00:00Z,0.0,-71.875,44.125,NaN,NaN
2022-10-01T12:00:00Z,0.0,-71.875,48.125,NaN,NaN
2022-10-01T12:00:00Z,0.0,-71.875,52.125,NaN,NaN
2022-10-01T12:00:00Z,0.0,-71.875,56.125,NaN,NaN
2022-10-01T12:00:00Z,0.0,-71.875,60.125,NaN,NaN
2022-10-01T12:00:00Z,0.0,-71.875,64.125,NaN,NaN
2022-10-01T12:00:00Z,0.0,-71.875,68.125,-1.52,0.0
2022-10-01T12:00:00Z,0.0,-71.875,72.125,NaN,NaN
2022-10-01T12:00:00Z,0.0,-71.875,76.125,NaN,NaN
2022-10-01T12:00:00Z,0.0,-71.875,80.125,NaN,NaN
2022-10-01T12:00:00Z,0.0,-71.875,84.125,NaN,NaN
2022-10-01T12:00:00Z,0.0,-71.875,88.125,NaN,NaN
2022-10-01T12:00:00Z,0.0,-71.875,92.125,NaN,NaN
2022-10-01T12:00:00Z,0.0,-71.875,96.125,NaN,NaN
2022-10-01T12:00:00Z,0.0,-71.875,100.125,NaN,NaN
2022-10-01T12:00:00Z,0.0,-71.875,104.125,NaN,NaN
2022-10-01T12:00:00Z,0.0,-71.875,108.125,NaN,NaN
2022-10-01T12:00:00Z,0.0,-71.875,112.125,NaN,NaN
2022-10-01T12:00:00Z,0.0,-71.875,116.125,NaN,NaN
2022-10-01T12:00:00Z,0.0,-71.875,120.125,NaN,NaN
2022-10-01T12:00:00Z,0.0,-71.875,124.125,NaN,NaN
2022-10-01T12:00:00Z,0.0,-71.875,128.125,NaN,NaN
2022-10-01T12:00:00Z,0.0,-71.875,132.125,NaN,NaN
2022-10-01T12:00:00Z,0.0,-71.875,136.125,NaN,NaN
2022-10-01T12:00:00Z,0.0,-71.875,140.125,NaN,NaN
2022-10-01T12:00:00Z,0.0,-71.875,144.125,NaN,NaN
2022-10-01T12:00:00Z,0.0,-71.875,148.125,NaN,NaN
2022-10-01T12:00:00Z,0.0,-71.875,152.125,NaN,NaN
2022-10-01T12:00:00Z,0.0,-71.875,156.125,NaN,NaN
2022-10-01T12:00:00Z,0.0,-71.875,160.125,NaN,NaN
2022-10-01T12:00:00Z,0.0,-71.875,164.125,NaN,NaN
2022-10-01T12:00:00Z,0.0,-71.875,168.125,NaN,NaN
2022-10-01T12:00:00Z,0.0,-71.875,172.125,-1.8,-0.12
2022-10-01T12:00:00Z,0.0,-71.875,176.125,-1.8,-0.04
2022-10-01T12:00:00Z,0.0,-71.875,180.125,-1.8,-0.02
2022-10-01T12:00:00Z,0.0,-71.875,184.125,-1.8,-0.01
2022-10-01T12:00:00Z,0.0,-71.875,188.125,-1.8,-0.01
2022-10-01T12:00:00Z,0.0,-71.875,192.125,-1.8,-0.01
2022-10-01T12:00:00Z,0.0,-71.875,196.125,-1.8,-0.01
2022-10-01T12:00:00Z,0.0,-71.875,200.125,-1.8,0.0
2022-10-01T12:00:00Z,0.0,-71.875,204.125,-1.8,0.0
2022-10-01T12:00:00Z,0.0,-71.875,208.125,-1.8,0.0
2022-10-01T12:00:00Z,0.0,-71.875,212.125,-1.78,0.02
2022-10-01T12:00:00Z,0.0,-71.875,216.125,-1.8,-0.01
2022-10-01T12:00:00Z,0.0,-71.875,220.125,-1.8,-0.01
2022-10-01T12:00:00Z,0.0,-71.875,224.125,-1.8,0.0
2022-10-01T12:00:00Z,0.0,-71.875,228.125,-1.8,-0.01
2022-10-01T12:00:00Z,0.0,-71.875,232.125,-1.8,-0.07
2022-10-01T12:00:00Z,0.0,-71.875,236.125,-1.8,-0.04
2022-10-01T12:00:00Z,0.0,-71.875,240.125,-1.79,-0.01
2022-10-01T12:00:00Z,0.0,-71.875,244.125,-1.78,-0.03
2022-10-01T12:00:00Z,0.0,-71.875,248.125,-1.79,-0.14
2022-10-01T12:00:00Z,0.0,-71.875,252.125,-1.8,-0.09
2022-10-01T12:00:00Z,0.0,-71.875,256.125,-1.77,-0.04
2022-10-01T12:00:00Z,0.0,-71.875,260.125,-1.71,-0.05
2022-10-01T12:00:00Z,0.0,-71.875,264.125,-1.76,-0.12
2022-10-01T12:00:00Z,0.0,-71.875,268.125,-1.8,-0.12
2022-10-01T12:00:00Z,0.0,-71.875,272.125,-1.8,-0.04
2022-10-01T12:00:00Z,0.0,-71.875,276.125,-1.8,-0.02
2022-10-01T12:00:00Z,0.0,-71.875,280.125,-1.78,-0.07
2022-10-01T12:00:00Z,0.0,-71.875,284.125,-1.73,-0.08
2022-10-01T12:00:00Z,0.0,-71.875,288.125,-1.56,-0.07
2022-10-01T12:00:00Z,0.0,-71.875,292.125,-1.39,-0.03
2022-10-01T12:00:00Z,0.0,-71.875,296.125,NaN,NaN
2022-10-01T12:00:00Z,0.0,-71.875,300.125,-1.8,-0.2
2022-10-01T12:00:00Z,0.0,-71.875,304.125,-1.8,0.0
2022-10-01T12:00:00Z,0.0,-71.875,308.125,-1.8,0.0
2022-10-01T12:00:00Z,0.0,-71.875,312.125,-1.8,0.0
2022-10-01T12:00:00Z,0.0,-71.875,316.125,-1.8,0.0
2022-10-01T12:00:00Z,0.0,-71.875,320.125,-1.8,0.0
2022-10-01T12:00:00Z,0.0,-71.875,324.125,-1.8,0.0
2022-10-01T12:00:00Z,0.0,-71.875,328.125,-1.8,0.0
2022-10-01T12:00:00Z,0.0,-71.875,332.125,-1.8,0.0
2022-10-01T12:00:00Z,0.0,-71.875,336.125,-1.8,-0.04
2022-10-01T12:00:00Z,0.0,-71.875,340.125,-1.8,-0.11
2022-10-01T12:00:00Z,0.0,-71.875,344.125,-1.8,-0.18
2022-10-01T12:00:00Z,0.0,-71.875,348.125,-1.68,-0.39
2022-10-01T12:00:00Z,0.0,-71.875,352.125,NaN,NaN
2022-10-01T12:00:00Z,0.0,-71.875,356.125,NaN,NaN
2022-10-01T12:00:00Z,0.0,-67.875,0.125,-1.8,-0.03
2022-10-01T12:00:00Z,0.0,-67.875,4.125,-1.8,-0.04
2022-10-01T12:00:00Z,0.0,-67.875,8.125,-1.8,-0.05
2022-10-01T12:00:00Z,0.0,-67.875,12.125,-1.8,-0.07
2022-10-01T12:00:00Z,0.0,-67.875,16.125,-1.8,-0.03
2022-10-01T12:00:00Z,0.0,-67.875,20.125,-1.8,-0.04
2022-10-01T12:00:00Z,0.0,-67.875,24.125,-1.8,-0.02
2022-10-01T12:00:00Z,0.0,-67.875,28.125,-1.8,-0.06
2022-10-01T12:00:00Z,0.0,-67.875,32.125,-1.8,-0.07
2022-10-01T12:00:00Z,0.0,-67.875,36.125,-1.8,-0.05
2022-10-01T12:00:00Z,0.0,-67.875,40.125,-1.8,-0.04
2022-10-01T12:00:00Z,0.0,-67.875,44.125,-1.8,-0.05
2022-10-01T12:00:00Z,0.0,-67.875,48.125,NaN,NaN
2022-10-01T12:00:00Z,0.0,-67.875,52.125,NaN,NaN
2022-10-01T12:00:00Z,0.0,-67.875,56.125,NaN,NaN
2022-10-01T12:00:00Z,0.0,-67.875,60.125,NaN,NaN
2022-10-01T12:00:00Z,0.0,-67.875,64.125,NaN,NaN
2022-10-01T12:00:00Z,0.0,-67.875,68.125,NaN,NaN
2022-10-01T12:00:00Z,0.0,-67.875,72.125,-1.8,-0.1
2022-10-01T12:00:00Z,0.0,-67.875,76.125,-1.8,-0.15
2022-10-01T12:00:00Z,0.0,-67.875,80.125,-1.8,-0.3
2022-10-01T12:00:00Z,0.0,-67.875,84.125,NaN,NaN
2022-10-01T12:00:00Z,0.0,-67.875,88.125,NaN,NaN
2022-10-01T12:00:00Z,0.0,-67.875,92.125,NaN,NaN
2022-10-01T12:00:00Z,0.0,-67.875,96.125,NaN,NaN
2022-10-01T12:00:00Z,0.0,-67.875,100.125,NaN,NaN
2022-10-01T12:00:00Z,0.0,-67.875,104.125,NaN,NaN
2022-10-01T12:00:00Z,0.0,-67.875,108.125,NaN,NaN
2022-10-01T12:00:00Z,0.0,-67.875,112.125,NaN,NaN
2022-10-01T12:00:00Z,0.0,-67.875,116.125,NaN,NaN
2022-10-01T12:00:00Z,0.0,-67.875,120.125,NaN,NaN
2022-10-01T12:00:00Z,0.0,-67.875,124.125,NaN,NaN
2022-10-01T12:00:00Z,0.0,-67.875,128.125,NaN,NaN
2022-10-01T12:00:00Z,0.0,-67.875,132.125,NaN,NaN
2022-10-01T12:00:00Z,0.0,-67.875,136.125,NaN,NaN
2022-10-01T12:00:00Z,0.0,-67.875,140.125,NaN,NaN
2022-10-01T12:00:00Z,0.0,-67.875,144.125,NaN,NaN
2022-10-01T12:00:00Z,0.0,-67.875,148.125,-1.8,-0.27
2022-10-01T12:00:00Z,0.0,-67.875,152.125,-1.74,0.0
2022-10-01T12:00:00Z,0.0,-67.875,156.125,-1.8,-0.03
2022-10-01T12:00:00Z,0.0,-67.875,160.125,-1.8,-0.03
2022-10-01T12:00:00Z,0.0,-67.875,164.125,-1.8,-0.07
2022-10-01T12:00:00Z,0.0,-67.875,168.125,-1.8,-0.02
2022-10-01T12:00:00Z,0.0,-67.875,172.125,-1.8,-0.01
2022-10-01T12:00:00Z,0.0,-67.875,176.125,-1.8,-0.01
2022-10-01T12:00:00Z,0.0,-67.875,180.125,-1.8,-0.04
2022-10-01T12:00:00Z,0.0,-67.875,184.125,-1.8,-0.06
2022-10-01T12:00:00Z,0.0,-67.875,188.125,-1.8,-0.05
2022-10-01T12:00:00Z,0.0,-67.875,192.125,-1.8,-0.05
2022-10-01T12:00:00Z,0.0,-67.875,196.125,-1.8,-0.04
2022-10-01T12:00:00Z,0.0,-67.875,200.125,-1.8,-0.03
2022-10-01T12:00:00Z,0.0,-67.875,204.125,-1.8,-0.04
2022-10-01T12:00:00Z,0.0,-67.875,208.125,-1.8,-0.03
2022-10-01T12:00:00Z,0.0,-67.875,212.125,-1.8,-0.03
2022-10-01T12:00:00Z,0.0,-67.875,216.125,-1.8,-0.03
2022-10-01T12:00:00Z,0.0,-67.875,220.125,-1.8,-0.04
2022-10-01T12:00:00Z,0.0,-67.875,224.125,-1.8,-0.05
2022-10-01T12:00:00Z,0.0,-67.875,228.125,-1.8,-0.09
2022-10-01T12:00:00Z,0.0,-67.875,232.125,-1.8,-0.12
2022-10-01T12:00:00Z,0.0,-67.875,236.125,-1.8,-0.16
2022-10-01T12:00:00Z,0.0,-67.875,240.125,-1.8,-0.22
2022-10-01T12:00:00Z,0.0,-67.875,244.125,-1.8,-0.27
2022-10-01T12:00:00Z,0.0,-67.875,248.125,-1.8,-0.29
2022-10-01T12:00:00Z,0.0,-67.875,252.125,-1.8,-0.32
2022-10-01T12:00:00Z,0.0,-67.875,256.125,-1.8,-0.45
2022-10-01T12:00:00Z,0.0,-67.875,260.125,-1.77,-0.43
2022-10-01T12:00:00Z,0.0,-67.875,264.125,-1.7,-0.3
2022-10-01T12:00:00Z,0.0,-67.875,268.125,-1.49,-0.04
2022-10-01T12:00:00Z,0.0,-67.875,272.125,-1.54,-0.04
2022-10-01T12:00:00Z,0.0,-67.875,276.125,-1.59,-0.06
2022-10-01T12:00:00Z,0.0,-67.875,280.125,-1.55,0.04
2022-10-01T12:00:00Z,0.0,-67.875,284.125,-1.55,0.08
2022-10-01T12:00:00Z,0.0,-67.875,288.125,-1.33,0.32
2022-10-01T12:00:00Z,0.0,-67.875,292.125,-1.42,0.2
2022-10-01T12:00:00Z,0.0,-67.875,296.125,-1.46,0.11
2022-10-01T12:00:00Z,0.0,-67.875,300.125,-1.8,-0.14
2022-10-01T12:00:00Z,0.0,-67.875,304.125,-1.8,-0.01
2022-10-01T12:00:00Z,0.0,-67.875,308.125,-1.8,-0.01
2022-10-01T12:00:00Z,0.0,-67.875,312.125,-1.79,0.0
2022-10-01T12:00:00Z,0.0,-67.875,316.125,-1.76,0.03
2022-10-01T12:00:00Z,0.0,-67.875,320.125,-1.78,0.02
2022-10-01T12:00:00Z,0.0,-67.875,324.125,-1.76,0.04
2022-10-01T12:00:00Z,0.0,-67.875,328.125,-1.77,0.03
2022-10-01T12:00:00Z,0.0,-67.875,332.125,-1.79,0.01
2022-10-01T12:00:00Z,0.0,-67.875,336.125,-1.8,0.0
2022-10-01T12:00:00Z,0.0,-67.875,340.125,-1.78,0.02
2022-10-01T12:00:00Z,0.0,-67.875,344.125,-1.8,0.0
2022-10-01T12:00:00Z,0.0,-67.875,348.125,-1.8,0.0
2022-10-01T12:00:00Z,0.0,-67.875,352.125,-1.8,-0.01
2022-10-01T12:00:00Z,0.0,-67.875,356.125,-1.8,-0.02
2022-10-01T12:00:00Z,0.0,-63.875,0.125,-1.8,-0.02
2022-10-01T12:00:00Z,0.0,-63.875,4.125,-1.8,-0.03
2022-10-01T12:00:00Z,0.0,-63.875,8.125,-1.8,-0.02
2022-10-01T12:00:00Z,0.0,-63.875,12.125,-1.8,-0.01
2022-10-01T12:00:00Z,0.0,-63.875,16.125,-1.8,-0.01
2022-10-01T12:00:00Z,0.0,-63.875,20.125,-1.8,0.0
2022-10-01T12:00:00Z,0.0,-63.875,24.125,-1.8,0.0
2022-10-01T12:00:00Z,0.0,-63.875,28.125,-1.8,0.0
2022-10-01T12:00:00Z,0.0,-63.875,32.125,-1.8,-0.01
2022-10-01T12:00:00Z,0.0,-63.875,36.125,-1.8,-0.01
2022-10-01T12:00:00Z,0.0,-63.875,40.125,-1.8,-0.02
2022-10-01T12:00:00Z,0.0,-63.875,44.125,-1.8,-0.04
2022-10-01T12:00:00Z,0.0,-63.875,48.125,-1.8,-0.05
2022-10-01T12:00:00Z,0.0,-63.875,52.125,-1.8,-0.08
2022-10-01T12:00:00Z,0.0,-63.875,56.125,-1.8,-0.06
2022-10-01T12:00:00Z,0.0,-63.875,60.125,-1.8,-0.05
2022-10-01T12:00:00Z,0.0,-63.875,64.125,-1.8,-0.05
2022-10-01T12:00:00Z,0.0,-63.875,68.125,-1.8,-0.05
2022-10-01T12:00:00Z,0.0,-63.875,72.125,-1.8,-0.08
2022-10-01T12:00:00Z,0.0,-63.875,76.125,-1.8,-0.15
2022-10-01T12:00:00Z,0.0,-63.875,80.125,-1.8,-0.17
2022-10-01T12:00:00Z,0.0,-63.875,84.125,-1.8,-0.1
2022-10-01T12:00:00Z,0.0,-63.875,88.125,-1.8,-0.06
2022-10-01T12:00:00Z,0.0,-63.875,92.125,-1.8,-0.08
2022-10-01T12:00:00Z,0.0,-63.875,96.125,-1.8,-0.14
2022-10-01T12:00:00Z,0.0,-63.875,100.125,-1.8,-0.08
2022-10-01T12:00:00Z,0.0,-63.875,104.125,-1.8,-0.11
2022-10-01T12:00:00Z,0.0,-63.875,108.125,-1.8,-0.17
2022-10-01T12:00:00Z,0.0,-63.875,112.125,-1.8,-0.26
2022-10-01T12:00:00Z,0.0,-63.875,116.125,-1.8,-0.26
2022-10-01T12:00:00Z,0.0,-63.875,120.125,-1.8,-0.35
2022-10-01T12:00:00Z,0.0,-63.875,124.125,-1.8,-0.44
2022-10-01T12:00:00Z,0.0,-63.875,128.125,-1.69,-0.37
2022-10-01T12:00:00Z,0.0,-63.875,132.125,-1.72,-0.42
2022-10-01T12:00:00Z,0.0,-63.875,136.125,-1.53,-0.17
2022-10-01T12:00:00Z,0.0,-63.875,140.125,-1.72,-0.4
2022-10-01T12:00:00Z,0.0,-63.875,144.125,-1.59,-0.37
2022-10-01T12:00:00Z,0.0,-63.875,148.125,-1.56,-0.34
2022-10-01T12:00:00Z,0.0,-63.875,152.125,-1.55,-0.28
2022-10-01T12:00:00Z,0.0,-63.875,156.125,-1.47,-0.25
2022-10-01T12:00:00Z,0.0,-63.875,160.125,-1.45,-0.22
2022-10-01T12:00:00Z,0.0,-63.875,164.125,-1.63,-0.44
2022-10-01T12:00:00Z,0.0,-63.875,168.125,-1.69,-0.64
2022-10-01T12:00:00Z,0.0,-63.875,172.125,-1.72,-0.9
2022-10-01T12:00:00Z,0.0,-63.875,176.125,-1.68,-1.13
2022-10-01T12:00:00Z,0.0,-63.875,180.125,-1.6,-1.34
2022-10-01T12:00:00Z,0.0,-63.875,184.125,-1.66,-1.29
2022-10-01T12:00:00Z,0.0,-63.875,188.125,-1.71,-1.08
2022-10-01T12:00:00Z,0.0,-63.875,192.125,-1.74,-0.85
2022-10-01T12:00:00Z,0.0,-63.875,196.125,-1.8,-0.7
2022-10-01T12:00:00Z,0.0,-63.875,200.125,-1.8,-0.6
2022-10-01T12:00:00Z,0.0,-63.875,204.125,-1.8,-0.55
2022-10-01T12:00:00Z,0.0,-63.875,208.125,-1.8,-0.45
2022-10-01T12:00:00Z,0.0,-63.875,212.125,-1.8,-0.35
2022-10-01T12:00:00Z,0.0,-63.875,216.125,-1.8,-0.29
2022-10-01T12:00:00Z,0.0,-63.875,220.125,-1.8,-0.44
2022-10-01T12:00:00Z,0.0,-63.875,224.125,-1.8,-0.69
2022-10-01T12:00:00Z,0.0,-63.875,228.125,-1.8,-0.99
2022-10-01T12:00:00Z,0.0,-63.875,232.125,-1.78,-1.32
2022-10-01T12:00:00Z,0.0,-63.875,236.125,-1.62,-1.54
2022-10-01T12:00:00Z,0.0,-63.875,240.125,-0.53,-0.65
2022-10-01T12:00:00Z,0.0,-63.875,244.125,0.37,-0.03
2022-10-01T12:00:00Z,0.0,-63.875,248.125,0.99,0.38
2022-10-01T12:00:00Z,0.0,-63.875,252.125,0.46,0.09
2022-10-01T12:00:00Z,0.0,-63.875,256.125,0.25,-0.08
2022-10-01T12:00:00Z,0.0,-63.875,260.125,0.49,0.11
2022-10-01T12:00:00Z,0.0,-63.875,264.125,0.43,0.11
2022-10-01T12:00:00Z,0.0,-63.875,268.125,-0.43,-0.57
2022-10-01T12:00:00Z,0.0,-63.875,272.125,0.5,0.22
2022-10-01T12:00:00Z,0.0,-63.875,276.125,0.51,0.32
2022-10-01T12:00:00Z,0.0,-63.875,280.125,-0.9,-0.86
2022-10-01T12:00:00Z,0.0,-63.875,284.125,-1.48,-1.28
2022-10-01T12:00:00Z,0.0,-63.875,288.125,-1.61,-0.96
2022-10-01T12:00:00Z,0.0,-63.875,292.125,-1.4,-0.38
2022-10-01T12:00:00Z,0.0,-63.875,296.125,-1.06,-0.11
2022-10-01T12:00:00Z,0.0,-63.875,300.125,-1.44,-0.43
2022-10-01T12:00:00Z,0.0,-63.875,304.125,-1.43,-0.1
2022-10-01T12:00:00Z,0.0,-63.875,308.125,-1.69,-0.18
2022-10-01T12:00:00Z,0.0,-63.875,312.125,-1.8,-0.13
2022-10-01T12:00:00Z,0.0,-63.875,316.125,-1.71,0.01
2022-10-01T12:00:00Z,0.0,-63.875,320.125,-1.79,-0.04
2022-10-01T12:00:00Z,0.0,-63.875,324.125,-1.77,-0.01
2022-10-01T12:00:00Z,0.0,-63.875,328.125,-1.8,-0.03
2022-10-01T12:00:00Z,0.0,-63.875,332.125,-1.8,-0.03
2022-10-01T12:00:00Z,0.0,-63.875,336.125,-1.8,-0.02
2022-10-01T12:00:00Z,0.0,-63.875,340.125,-1.8,-0.02
2022-10-01T12:00:00Z,0.0,-63.875,344.125,-1.8,-0.01
2022-10-01T12:00:00Z,0.0,-63.875,348.125,-1.8,-0.01
2022-10-01T12:00:00Z,0.0,-63.875,352.125,-1.8,0.0
2022-10-01T12:00:00Z,0.0,-63.875,356.125,-1.8,0.0
2022-10-01T12:00:00Z,0.0,-59.875,0.125,-1.8,-0.07
2022-10-01T12:00:00Z,0.0,-59.875,4.125,-1.8,-0.04
2022-10-01T12:00:00Z,0.0,-59.875,8.125,-1.8,-0.03
2022-10-01T12:00:00Z,0.0,-59.875,12.125,-1.8,-0.02
2022-10-01T12:00:00Z,0.0,-59.875,16.125,-1.8,-0.03
2022-10-01T12:00:00Z,0.0,-59.875,20.125,-1.8,-0.13
2022-10-01T12:00:00Z,0.0,-59.875,24.125,-1.8,-0.47
2022-10-01T12:00:00Z,0.0,-59.875,28.125,-1.8,-0.73
2022-10-01T12:00:00Z,0.0,-59.875,32.125,-1.8,-0.71
2022-10-01T12:00:00Z,0.0,-59.875,36.125,-1.8,-0.79
2022-10-01T12:00:00Z,0.0,-59.875,40.125,-1.8,-0.76
2022-10-01T12:00:00Z,0.0,-59.875,44.125,-1.41,-0.35
2022-10-01T12:00:00Z,0.0,-59.875,48.125,-1.74,-0.7
2022-10-01T12:00:00Z,0.0,-59.875,52.125,-1.48,-0.34
2022-10-01T12:00:00Z,0.0,-59.875,56.125,-1.68,-0.5
2022-10-01T12:00:00Z,0.0,-59.875,60.125,-1.69,-0.54
2022-10-01T12:00:00Z,0.0,-59.875,64.125,-1.57,-0.49
2022-10-01T12:00:00Z,0.0,-59.875,68.125,-1.42,-0.32
2022-10-01T12:00:00Z,0.0,-59.875,72.125,-1.56,-0.26
2022-10-01T12:00:00Z,0.0,-59.875,76.125,-1.8,-0.37
2022-10-01T12:00:00Z,0.0,-59.875,80.125,-1.72,-0.38
2022-10-01T12:00:00Z,0.0,-59.875,84.125,-1.73,-0.65
2022-10-01T12:00:00Z,0.0,-59.875,88.125,0.2,0.98
2022-10-01T12:00:00Z,0.0,-59.875,92.125,-0.47,0.38
2022-10-01T12:00:00Z,0.0,-59.875,96.125,-1.13,-0.26
2022-10-01T12:00:00Z,0.0,-59.875,100.125,-1.29,-0.4
2022-10-01T12:00:00Z,0.0,-59.875,104.125,-0.52,0.29
2022-10-01T12:00:00Z,0.0,-59.875,108.125,-1.19,-0.47
2022-10-01T12:00:00Z,0.0,-59.875,112.125,-0.89,-0.31
2022-10-01T12:00:00Z,0.0,-59.875,116.125,-0.17,0.25
2022-10-01T12:00:00Z,0.0,-59.875,120.125,-0.23,0.13
2022-10-01T12:00:00Z,0.0,-59.875,124.125,0.21,0.39
2022-10-01T12:00:00Z,0.0,-59.875,128.125,0.73,0.69
2022-10-01T12:00:00Z,0.0,-59.875,132.125,0.17,0.05
2022-10-01T12:00:00Z,0.0,-59.875,136.125,0.88,0.83
2022-10-01T12:00:00Z,0.0,-59.875,140.125,0.14,-0.02
2022-10-01T12:00:00Z,0.0,-59.875,144.125,0.3,0.29
2022-10-01T12:00:00Z,0.0,-59.875,148.125,0.1,0.64
2022-10-01T12:00:00Z,0.0,-59.875,152.125,-0.69,-0.2
2022-10-01T12:00:00Z,0.0,-59.875,156.125,0.07,0.02
2022-10-01T12:00:00Z,0.0,-59.875,160.125,0.63,0.18
2022-10-01T12:00:00Z,0.0,-59.875,164.125,2.5,1.16
2022-10-01T12:00:00Z,0.0,-59.875,168.125,2.61,0.04
2022-10-01T12:00:00Z,0.0,-59.875,172.125,3.38,0.06
2022-10-01T12:00:00Z,0.0,-59.875,176.125,1.92,-0.98
2022-10-01T12:00:00Z,0.0,-59.875,180.125,3.11,0.62
2022-10-01T12:00:00Z,0.0,-59.875,184.125,1.5,-0.64
2022-10-01T12:00:00Z,0.0,-59.875,188.125,2.03,0.13
2022-10-01T12:00:00Z,0.0,-59.875,192.125,1.77,0.23
2022-10-01T12:00:00Z,0.0,-59.875,196.125,0.73,-0.43
2022-10-01T12:00:00Z,0.0,-59.875,200.125,-0.59,-1.25
2022-10-01T12:00:00Z,0.0,-59.875,204.125,-0.91,-0.98
2022-10-01T12:00:00Z,0.0,-59.875,208.125,-1.42,-0.86
2022-10-01T12:00:00Z,0.0,-59.875,212.125,-1.66,-0.76
2022-10-01T12:00:00Z,0.0,-59.875,216.125,-1.8,-0.98
2022-10-01T12:00:00Z,0.0,-59.875,220.125,-1.8,-1.57
2022-10-01T12:00:00Z,0.0,-59.875,224.125,-1.65,-1.8
2022-10-01T12:00:00Z,0.0,-59.875,228.125,-0.49,-1.16
2022-10-01T12:00:00Z,0.0,-59.875,232.125,1.44,0.15
2022-10-01T12:00:00Z,0.0,-59.875,236.125,0.87,-0.97
2022-10-01T12:00:00Z,0.0,-59.875,240.125,1.81,-0.19
2022-10-01T12:00:00Z,0.0,-59.875,244.125,1.77,-0.54
2022-10-01T12:00:00Z,0.0,-59.875,248.125,2.73,0.17
2022-10-01T12:00:00Z,0.0,-59.875,252.125,2.06,-0.61
2022-10-01T12:00:00Z,0.0,-59.875,256.125,2.98,0.0
2022-10-01T12:00:00Z,0.0,-59.875,260.125,3.12,-0.12
2022-10-01T12:00:00Z,0.0,-59.875,264.125,2.21,-0.96
2022-10-01T12:00:00Z,0.0,-59.875,268.125,2.96,-0.14
2022-10-01T12:00:00Z,0.0,-59.875,272.125,2.5,-0.86
2022-10-01T12:00:00Z,0.0,-59.875,276.125,3.56,-0.06
2022-10-01T12:00:00Z,0.0,-59.875,280.125,3.3,-0.48
2022-10-01T12:00:00Z,0.0,-59.875,284.125,3.27,-0.33
2022-10-01T12:00:00Z,0.0,-59.875,288.125,2.41,-0.56
2022-10-01T12:00:00Z,0.0,-59.875,292.125,3.2,1.36
2022-10-01T12:00:00Z,0.0,-59.875,296.125,-0.96,-1.17
2022-10-01T12:00:00Z,0.0,-59.875,300.125,-0.59,-0.19
2022-10-01T12:00:00Z,0.0,-59.875,304.125,-0.88,-0.33
2022-10-01T12:00:00Z,0.0,-59.875,308.125,-0.14,0.45
2022-10-01T12:00:00Z,0.0,-59.875,312.125,-1.0,-0.21
2022-10-01T12:00:00Z,0.0,-59.875,316.125,-0.8,0.11
2022-10-01T12:00:00Z,0.0,-59.875,320.125,-1.26,-0.1
2022-10-01T12:00:00Z,0.0,-59.875,324.125,-1.62,-0.32
2022-10-01T12:00:00Z,0.0,-59.875,328.125,-1.72,-0.27
2022-10-01T12:00:00Z,0.0,-59.875,332.125,-1.78,-0.19
2022-10-01T12:00:00Z,0.0,-59.875,336.125,-1.8,-0.37
2022-10-01T12:00:00Z,0.0,-59.875,340.125,-1.72,-0.28
2022-10-01T12:00:00Z,0.0,-59.875,344.125,-1.73,-0.14
2022-10-01T12:00:00Z,0.0,-59.875,348.125,-1.8,-0.13
2022-10-01T12:00:00Z,0.0,-59.875,352.125,-1.8,-0.11
2022-10-01T12:00:00Z,0.0,-59.875,356.125,-1.8,-0.09
2022-10-01T12:00:00Z,0.0,-55.875,0.125,-1.59,-0.59
2022-10-01T12:00:00Z,0.0,-55.875,4.125,-1.57,-0.45
2022-10-01T12:00:00Z,0.0,-55.875,8.125,-1.79,-0.57
2022-10-01T12:00:00Z,0.0,-55.875,12.125,-1.8,-0.53
2022-10-01T12:00:00Z,0.0,-55.875,16.125,-1.8,-0.67
2022-10-01T12:00:00Z,0.0,-55.875,20.125,-1.78,-0.76
2022-10-01T12:00:00Z,0.0,-55.875,24.125,-1.24,-0.53
2022-10-01T12:00:00Z,0.0,-55.875,28.125,0.2,0.3
2022-10-01T12:00:00Z,0.0,-55.875,32.125,0.24,0.17
2022-10-01T12:00:00Z,0.0,-55.875,36.125,0.38,0.12
2022-10-01T12:00:00Z,0.0,-55.875,40.125,-0.02,-0.06
2022-10-01T12:00:00Z,0.0,-55.875,44.125,-0.38,-0.07
2022-10-01T12:00:00Z,0.0,-55.875,48.125,-0.07,0.05
2022-10-01T12:00:00Z,0.0,-55.875,52.125,0.06,-0.07
2022-10-01T12:00:00Z,0.0,-55.875,56.125,0.29,0.0
2022-10-01T12:00:00Z,0.0,-55.875,60.125,0.51,0.08
2022-10-01T12:00:00Z,0.0,-55.875,64.125,1.0,0.4
2022-10-01T12:00:00Z,0.0,-55.875,68.125,0.59,0.03
2022-10-01T12:00:00Z,0.0,-55.875,72.125,0.41,0.18
2022-10-01T12:00:00Z,0.0,-55.875,76.125,0.46,0.76
2022-10-01T12:00:00Z,0.0,-55.875,80.125,-0.46,0.25
2022-10-01T12:00:00Z,0.0,-55.875,84.125,1.15,1.12
2022-10-01T12:00:00Z,0.0,-55.875,88.125,2.0,1.54
2022-10-01T12:00:00Z,0.0,-55.875,92.125,0.54,0.18
2022-10-01T12:00:00Z,0.0,-55.875,96.125,1.55,1.18
2022-10-01T12:00:00Z,0.0,-55.875,100.125,0.1,0.06
2022-10-01T12:00:00Z,0.0,-55.875,104.125,0.1,0.08
2022-10-01T12:00:00Z,0.0,-55.875,108.125,0.72,0.22
2022-10-01T12:00:00Z,0.0,-55.875,112.125,1.32,0.44
2022-10-01T12:00:00Z,0.0,-55.875,116.125,1.11,-0.23
2022-10-01T12:00:00Z,0.0,-55.875,120.125,2.01,0.51
2022-10-01T12:00:00Z,0.0,-55.875,124.125,2.71,0.94
2022-10-01T12:00:00Z,0.0,-55.875,128.125,2.25,0.27
2022-10-01T12:00:00Z,0.0,-55.875,132.125,3.22,0.99
2022-10-01T12:00:00Z,0.0,-55.875,136.125,2.45,0.16
2022-10-01T12:00:00Z,0.0,-55.875,140.125,1.8,0.1
2022-10-01T12:00:00Z,0.0,-55.875,144.125,1.08,0.35
2022-10-01T12:00:00Z,0.0,-55.875,148.125,0.45,-0.8
2022-10-01T12:00:00Z,0.0,-55.875,152.125,3.18,0.64
2022-10-01T12:00:00Z,0.0,-55.875,156.125,4.82,1.64
2022-10-01T12:00:00Z,0.0,-55.875,160.125,3.13,0.27
2022-10-01T12:00:00Z,0.0,-55.875,164.125,5.98,1.15
2022-10-01T12:00:00Z,0.0,-55.875,168.125,6.15,-0.09
2022-10-01T12:00:00Z,0.0,-55.875,172.125,7.03,0.98
2022-10-01T12:00:00Z,0.0,-55.875,176.125,5.63,0.18
2022-10-01T12:00:00Z,0.0,-55.875,180.125,6.62,1.03
2022-10-01T12:00:00Z,0.0,-55.875,184.125,5.2,-0.36
2022-10-01T12:00:00Z,0.0,-55.875,188.125,5.27,0.36
2022-10-01T12:00:00Z,0.0,-55.875,192.125,5.14,0.77
2022-10-01T12:00:00Z,0.0,-55.875,196.125,2.64,-1.35
2022-10-01T12:00:00Z,0.0,-55.875,200.125,2.87,-0.82
2022-10-01T12:00:00Z,0.0,-55.875,204.125,2.33,-0.99
2022-10-01T12:00:00Z,0.0,-55.875,208.125,1.61,-0.98
2022-10-01T12:00:00Z,0.0,-55.875,212.125,0.8,-1.13
2022-10-01T12:00:00Z,0.0,-55.875,216.125,1.97,-0.51
2022-10-01T12:00:00Z,0.0,-55.875,220.125,4.25,0.52
2022-10-01T12:00:00Z,0.0,-55.875,224.125,3.03,-0.52
2022-10-01T12:00:00Z,0.0,-55.875,228.125,2.86,-0.97
2022-10-01T12:00:00Z,0.0,-55.875,232.125,3.77,-1.02
2022-10-01T12:00:00Z,0.0,-55.875,236.125,5.48,0.33
2022-10-01T12:00:00Z,0.0,-55.875,240.125,4.84,0.02
2022-10-01T12:00:00Z,0.0,-55.875,244.125,3.87,-1.02
2022-10-01T12:00:00Z,0.0,-55.875,248.125,4.23,-0.94
2022-10-01T12:00:00Z,0.0,-55.875,252.125,4.75,-0.53
2022-10-01T12:00:00Z,0.0,-55.875,256.125,4.95,-0.35
2022-10-01T12:00:00Z,0.0,-55.875,260.125,5.04,-0.35
2022-10-01T12:00:00Z,0.0,-55.875,264.125,5.0,-0.34
2022-10-01T12:00:00Z,0.0,-55.875,268.125,4.97,-0.32
2022-10-01T12:00:00Z,0.0,-55.875,272.125,5.01,-0.22
2022-10-01T12:00:00Z,0.0,-55.875,276.125,4.99,-0.21
2022-10-01T12:00:00Z,0.0,-55.875,280.125,4.96,-0.32
2022-10-01T12:00:00Z,0.0,-55.875,284.125,5.17,-0.34
2022-10-01T12:00:00Z,0.0,-55.875,288.125,5.15,-0.61
2022-10-01T12:00:00Z,0.0,-55.875,292.125,6.41,0.69
2022-10-01T12:00:00Z,0.0,-55.875,296.125,4.84,-0.11
2022-10-01T12:00:00Z,0.0,-55.875,300.125,3.83,-0.45
2022-10-01T12:00:00Z,0.0,-55.875,304.125,2.88,-0.47
2022-10-01T12:00:00Z,0.0,-55.875,308.125,3.2,0.83
2022-10-01T12:00:00Z,0.0,-55.875,312.125,0.91,-0.33
2022-10-01T12:00:00Z,0.0,-55.875,316.125,0.37,-0.03
2022-10-01T12:00:00Z,0.0,-55.875,320.125,0.3,0.25
2022-10-01T12:00:00Z,0.0,-55.875,324.125,0.15,0.26
2022-10-01T12:00:00Z,0.0,-55.875,328.125,0.25,0.75
2022-10-01T12:00:00Z,0.0,-55.875,332.125,-0.58,0.03
2022-10-01T12:00:00Z,0.0,-55.875,336.125,0.79,1.07
2022-10-01T12:00:00Z,0.0,-55.875,340.125,0.43,0.69
2022-10-01T12:00:00Z,0.0,-55.875,344.125,0.76,1.05
2022-10-01T12:00:00Z,0.0,-55.875,348.125,0.43,0.87
2022-10-01T12:00:00Z,0.0,-55.875,352.125,-0.35,0.34
2022-10-01T12:00:00Z,0.0,-55.875,356.125,-1.17,-0.29
2022-10-01T12:00:00Z,0.0,-51.875,0.125,1.41,0.74
2022-10-01T12:00:00Z,0.0,-51.875,4.125,0.84,0.11
2022-10-01T12:00:00Z,0.0,-51.875,8.125,1.13,0.41
2022-10-01T12:00:00Z,0.0,-51.875,12.125,0.21,-0.03
2022-10-01T12:00:00Z,0.0,-51.875,16.125,0.69,0.29
2022-10-01T12:00:00Z,0.0,-51.875,20.125,-0.1,-0.42
2022-10-01T12:00:00Z,0.0,-51.875,24.125,0.4,0.19
2022-10-01T12:00:00Z,0.0,-51.875,28.125,1.05,0.19
2022-10-01T12:00:00Z,0.0,-51.875,32.125,1.96,0.62
2022-10-01T12:00:00Z,0.0,-51.875,36.125,1.24,-0.23
2022-10-01T12:00:00Z,0.0,-51.875,40.125,1.32,0.09
2022-10-01T12:00:00Z,0.0,-51.875,44.125,1.31,0.11
2022-10-01T12:00:00Z,0.0,-51.875,48.125,1.9,0.34
2022-10-01T12:00:00Z,0.0,-51.875,52.125,2.4,0.62
2022-10-01T12:00:00Z,0.0,-51.875,56.125,2.02,0.29
2022-10-01T12:00:00Z,0.0,-51.875,60.125,2.33,0.47
2022-10-01T12:00:00Z,0.0,-51.875,64.125,2.13,0.33
2022-10-01T12:00:00Z,0.0,-51.875,68.125,2.12,0.42
2022-10-01T12:00:00Z,0.0,-51.875,72.125,1.95,0.52
2022-10-01T12:00:00Z,0.0,-51.875,76.125,1.45,0.43
2022-10-01T12:00:00Z,0.0,-51.875,80.125,1.08,0.2
2022-10-01T12:00:00Z,0.0,-51.875,84.125,2.17,0.24
2022-10-01T12:00:00Z,0.0,-51.875,88.125,1.77,-1.06
2022-10-01T12:00:00Z,0.0,-51.875,92.125,3.78,0.53
2022-10-01T12:00:00Z,0.0,-51.875,96.125,2.84,0.08
2022-10-01T12:00:00Z,0.0,-51.875,100.125,2.58,0.13
2022-10-01T12:00:00Z,0.0,-51.875,104.125,2.97,0.65
2022-10-01T12:00:00Z,0.0,-51.875,108.125,1.8,-0.16
2022-10-01T12:00:00Z,0.0,-51.875,112.125,1.9,0.16
2022-10-01T12:00:00Z,0.0,-51.875,116.125,2.34,-0.13
2022-10-01T12:00:00Z,0.0,-51.875,120.125,3.32,-0.23
2022-10-01T12:00:00Z,0.0,-51.875,124.125,6.31,1.86
2022-10-01T12:00:00Z,0.0,-51.875,128.125,4.35,-0.81
2022-10-01T12:00:00Z,0.0,-51.875,132.125,5.35,-0.05
2022-10-01T12:00:00Z,0.0,-51.875,136.125,6.32,1.13
2022-10-01T12:00:00Z,0.0,-51.875,140.125,4.35,-0.42
2022-10-01T12:00:00Z,0.0,-51.875,144.125,7.44,2.18
2022-10-01T12:00:00Z,0.0,-51.875,148.125,7.61,0.92
2022-10-01T12:00:00Z,0.0,-51.875,152.125,8.13,1.27
2022-10-01T12:00:00Z,0.0,-51.875,156.125,7.64,0.32
2022-10-01T12:00:00Z,0.0,-51.875,160.125,8.41,0.99
2022-10-01T12:00:00Z,0.0,-51.875,164.125,8.3,0.34
2022-10-01T12:00:00Z,0.0,-51.875,168.125,7.77,0.17
2022-10-01T12:00:00Z,0.0,-51.875,172.125,7.36,0.12
2022-10-01T12:00:00Z,0.0,-51.875,176.125,6.73,0.02
2022-10-01T12:00:00Z,0.0,-51.875,180.125,7.04,0.45
2022-10-01T12:00:00Z,0.0,-51.875,184.125,7.88,0.48
2022-10-01T12:00:00Z,0.0,-51.875,188.125,8.35,0.8
2022-10-01T12:00:00Z,0.0,-51.875,192.125,7.34,0.05
2022-10-01T12:00:00Z,0.0,-51.875,196.125,6.97,-0.35
2022-10-01T12:00:00Z,0.0,-51.875,200.125,6.72,-0.68
2022-10-01T12:00:00Z,0.0,-51.875,204.125,4.39,-2.93
2022-10-01T12:00:00Z,0.0,-51.875,208.125,6.8,-0.63
2022-10-01T12:00:00Z,0.0,-51.875,212.125,7.02,-0.39
2022-10-01T12:00:00Z,0.0,-51.875,216.125,7.05,-0.29
2022-10-01T12:00:00Z,0.0,-51.875,220.125,7.08,-0.04
2022-10-01T12:00:00Z,0.0,-51.875,224.125,7.01,-0.05
2022-10-01T12:00:00Z,0.0,-51.875,228.125,6.78,-0.33
2022-10-01T12:00:00Z,0.0,-51.875,232.125,6.6,-0.38
2022-10-01T12:00:00Z,0.0,-51.875,236.125,6.48,-0.22
2022-10-01T12:00:00Z,0.0,-51.875,240.125,5.26,-0.94
2022-10-01T12:00:00Z,0.0,-51.875,244.125,5.22,-0.89
2022-10-01T12:00:00Z,0.0,-51.875,248.125,6.27,-0.18
2022-10-01T12:00:00Z,0.0,-51.875,252.125,6.04,-0.35
2022-10-01T12:00:00Z,0.0,-51.875,256.125,6.27,-0.04
2022-10-01T12:00:00Z,0.0,-51.875,260.125,6.13,-0.08
2022-10-01T12:00:00Z,0.0,-51.875,264.125,6.03,-0.05
2022-10-01T12:00:00Z,0.0,-51.875,268.125,5.66,-0.33
2022-10-01T12:00:00Z,0.0,-51.875,272.125,5.52,-0.38
2022-10-01T12:00:00Z,0.0,-51.875,276.125,5.62,-0.36
2022-10-01T12:00:00Z,0.0,-51.875,280.125,5.88,-0.67
2022-10-01T12:00:00Z,0.0,-51.875,284.125,7.23,-0.31
2022-10-01T12:00:00Z,0.0,-51.875,288.125,NaN,NaN
2022-10-01T12:00:00Z,0.0,-51.875,292.125,5.61,-0.19
2022-10-01T12:00:00Z,0.0,-51.875,296.125,6.02,-0.17
2022-10-01T12:00:00Z,0.0,-51.875,300.125,5.75,-0.06
2022-10-01T12:00:00Z,0.0,-51.875,304.125,5.13,-0.02
2022-10-01T12:00:00Z,0.0,-51.875,308.125,4.17,-0.08
2022-10-01T12:00:00Z,0.0,-51.875,312.125,3.17,0.03
2022-10-01T12:00:00Z,0.0,-51.875,316.125,1.86,-0.04
2022-10-01T12:00:00Z,0.0,-51.875,320.125,1.29,0.27
2022-10-01T12:00:00Z,0.0,-51.875,324.125,1.52,0.52
2022-10-01T12:00:00Z,0.0,-51.875,328.125,1.01,0.44
2022-10-01T12:00:00Z,0.0,-51.875,332.125,1.34,0.27
2022-10-01T12:00:00Z,0.0,-51.875,336.125,1.56,-0.08
2022-10-01T12:00:00Z,0.0,-51.875,340.125,2.25,0.73
2022-10-01T12:00:00Z,0.0,-51.875,344.125,2.46,1.22
2022-10-01T12:00:00Z,0.0,-51.875,348.125,1.18,0.31
2022-10-01T12:00:00Z,0.0,-51.875,352.125,0.51,0.16
2022-10-01T12:00:00Z,0.0,-51.875,356.125,0.46,0.1
2022-10-01T12:00:00Z,0.0,-47.875,0.125,3.15,-0.66
2022-10-01T12:00:00Z,0.0,-47.875,4.125,4.34,0.47
2022-10-01T12:00:00Z,0.0,-47.875,8.125,3.82,0.22
2022-10-01T12:00:00Z,0.0,-47.875,12.125,3.29,-0.5
2022-10-01T12:00:00Z,0.0,-47.875,16.125,4.58,0.67
2022-10-01T12:00:00Z,0.0,-47.875,20.125,4.45,0.84
2022-10-01T12:00:00Z,0.0,-47.875,24.125,3.63,0.05
2022-10-01T12:00:00Z,0.0,-47.875,28.125,3.87,-0.37
2022-10-01T12:00:00Z,0.0,-47.875,32.125,4.11,-0.76
2022-10-01T12:00:00Z,0.0,-47.875,36.125,4.42,0.27
2022-10-01T12:00:00Z,0.0,-47.875,40.125,4.22,0.23
2022-10-01T12:00:00Z,0.0,-47.875,44.125,4.65,0.52
2022-10-01T12:00:00Z,0.0,-47.875,48.125,3.55,-0.04
2022-10-01T12:00:00Z,0.0,-47.875,52.125,3.46,0.16
2022-10-01T12:00:00Z,0.0,-47.875,56.125,4.95,1.17
2022-10-01T12:00:00Z,0.0,-47.875,60.125,4.37,0.34
2022-10-01T12:00:00Z,0.0,-47.875,64.125,3.51,0.34
2022-10-01T12:00:00Z,0.0,-47.875,68.125,3.71,0.81
2022-10-01T12:00:00Z,0.0,-47.875,72.125,2.36,-0.75
2022-10-01T12:00:00Z,0.0,-47.875,76.125,4.2,0.02
2022-10-01T12:00:00Z,0.0,-47.875,80.125,6.14,1.74
2022-10-01T12:00:00Z,0.0,-47.875,84.125,8.66,3.07
2022-10-01T12:00:00Z,0.0,-47.875,88.125,7.31,0.71
2022-10-01T12:00:00Z,0.0,-47.875,92.125,6.19,-0.45
2022-10-01T12:00:00Z,0.0,-47.875,96.125,5.81,-0.03
2022-10-01T12:00:00Z,0.0,-47.875,100.125,4.94,-0.59
2022-10-01T12:00:00Z,0.0,-47.875,104.125,5.35,-0.35
2022-10-01T12:00:00Z,0.0,-47.875,108.125,5.76,-0.39
2022-10-01T12:00:00Z,0.0,-47.875,112.125,6.44,-0.59
2022-10-01T12:00:00Z,0.0,-47.875,116.125,7.73,0.17
2022-10-01T12:00:00Z,0.0,-47.875,120.125,8.59,0.82
2022-10-01T12:00:00Z,0.0,-47.875,124.125,7.94,-0.42
2022-10-01T12:00:00Z,0.0,-47.875,128.125,9.11,0.39
2022-10-01T12:00:00Z,0.0,-47.875,132.125,9.17,0.54
2022-10-01T12:00:00Z,0.0,-47.875,136.125,9.11,0.51
2022-10-01T12:00:00Z,0.0,-47.875,140.125,8.99,0.07
2022-10-01T12:00:00Z,0.0,-47.875,144.125,9.04,0.03
2022-10-01T12:00:00Z,0.0,-47.875,148.125,10.23,0.99
2022-10-01T12:00:00Z,0.0,-47.875,152.125,10.78,1.56
2022-10-01T12:00:00Z,0.0,-47.875,156.125,9.45,0.34
2022-10-01T12:00:00Z,0.0,-47.875,160.125,9.83,0.67
2022-10-01T12:00:00Z,0.0,-47.875,164.125,10.9,0.9
2022-10-01T12:00:00Z,0.0,-47.875,168.125,10.81,1.29
2022-10-01T12:00:00Z,0.0,-47.875,172.125,7.99,-0.01
2022-10-01T12:00:00Z,0.0,-47.875,176.125,7.91,-0.01
2022-10-01T12:00:00Z,0.0,-47.875,180.125,8.3,0.37
2022-10-01T12:00:00Z,0.0,-47.875,184.125,10.8,1.7
2022-10-01T12:00:00Z,0.0,-47.875,188.125,10.01,0.43
2022-10-01T12:00:00Z,0.0,-47.875,192.125,9.31,-0.05
2022-10-01T12:00:00Z,0.0,-47.875,196.125,8.22,-0.86
2022-10-01T12:00:00Z,0.0,-47.875,200.125,9.14,0.21
2022-10-01T12:00:00Z,0.0,-47.875,204.125,8.76,0.12
2022-10-01T12:00:00Z,0.0,-47.875,208.125,8.42,0.0
2022-10-01T12:00:00Z,0.0,-47.875,212.125,8.21,-0.02
2022-10-01T12:00:00Z,0.0,-47.875,216.125,8.17,0.08
2022-10-01T12:00:00Z,0.0,-47.875,220.125,7.81,-0.11
2022-10-01T12:00:00Z,0.0,-47.875,224.125,7.71,-0.11
2022-10-01T12:00:00Z,0.0,-47.875,228.125,7.51,-0.16
2022-10-01T12:00:00Z,0.0,-47.875,232.125,7.27,-0.29
2022-10-01T12:00:00Z,0.0,-47.875,236.125,7.08,-0.42
2022-10-01T12:00:00Z,0.0,-47.875,240.125,7.21,-0.16
2022-10-01T12:00:00Z,0.0,-47.875,244.125,6.72,-0.69
2022-10-01T12:00:00Z,0.0,-47.875,248.125,7.66,0.11
2022-10-01T12:00:00Z,0.0,-47.875,252.125,7.5,-0.03
2022-10-01T12:00:00Z,0.0,-47.875,256.125,7.12,-0.28
2022-10-01T12:00:00Z,0.0,-47.875,260.125,6.63,-0.59
2022-10-01T12:00:00Z,0.0,-47.875,264.125,7.35,0.2
2022-10-01T12:00:00Z,0.0,-47.875,268.125,6.39,-0.75
2022-10-01T12:00:00Z,0.0,-47.875,272.125,6.64,-0.57
2022-10-01T12:00:00Z,0.0,-47.875,276.125,6.92,-0.57
2022-10-01T12:00:00Z,0.0,-47.875,280.125,7.11,-1.03
2022-10-01T12:00:00Z,0.0,-47.875,284.125,8.62,-0.47
2022-10-01T12:00:00Z,0.0,-47.875,288.125,NaN,NaN
2022-10-01T12:00:00Z,0.0,-47.875,292.125,NaN,NaN
2022-10-01T12:00:00Z,0.0,-47.875,296.125,7.67,0.16
2022-10-01T12:00:00Z,0.0,-47.875,300.125,5.87,-0.41
2022-10-01T12:00:00Z,0.0,-47.875,304.125,5.78,-0.45
2022-10-01T12:00:00Z,0.0,-47.875,308.125,5.98,-1.74
2022-10-01T12:00:00Z,0.0,-47.875,312.125,10.32,2.51
2022-10-01T12:00:00Z,0.0,-47.875,316.125,9.45,2.23
2022-10-01T12:00:00Z,0.0,-47.875,320.125,9.62,3.35
2022-10-01T12:00:00Z,0.0,-47.875,324.125,7.23,1.56
2022-10-01T12:00:00Z,0.0,-47.875,328.125,5.22,0.41
2022-10-01T12:00:00Z,0.0,-47.875,332.125,4.65,0.43
2022-10-01T12:00:00Z,0.0,-47.875,336.125,5.77,1.84
2022-10-01T12:00:00Z,0.0,-47.875,340.125,6.47,2.14
2022-10-01T12:00:00Z,0.0,-47.875,344.125,6.36,2.41
2022-10-01T12:00:00Z,0.0,-47.875,348.125,3.67,0.77
2022-10-01T12:00:00Z,0.0,-47.875,352.125,2.87,0.53
2022-10-01T12:00:00Z,0.0,-47.875,356.125,3.5,0.27
2022-10-01T12:00:00Z,0.0,-43.875,0.125,9.28,1.53
2022-10-01T12:00:00Z,0.0,-43.875,4.125,8.44,0.75
2022-10-01T12:00:00Z,0.0,-43.875,8.125,8.91,1.62
2022-10-01T12:00:00Z,0.0,-43.875,12.125,8.47,0.47
2022-10-01T12:00:00Z,0.0,-43.875,16.125,10.27,1.34
2022-10-01T12:00:00Z,0.0,-43.875,20.125,12.4,3.2
2022-10-01T12:00:00Z,0.0,-43.875,24.125,12.71,3.36
2022-10-01T12:00:00Z,0.0,-43.875,28.125,10.92,1.61
2022-10-01T12:00:00Z,0.0,-43.875,32.125,10.79,1.9
2022-10-01T12:00:00Z,0.0,-43.875,36.125,9.47,1.79
2022-10-01T12:00:00Z,0.0,-43.875,40.125,7.36,0.33
2022-10-01T12:00:00Z,0.0,-43.875,44.125,5.94,-0.48
2022-10-01T12:00:00Z,0.0,-43.875,48.125,5.39,0.04
2022-10-01T12:00:00Z,0.0,-43.875,52.125,6.25,0.44
2022-10-01T12:00:00Z,0.0,-43.875,56.125,8.34,-0.08
2022-10-01T12:00:00Z,0.0,-43.875,60.125,11.3,0.06
2022-10-01T12:00:00Z,0.0,-43.875,64.125,13.18,2.62
2022-10-01T12:00:00Z,0.0,-43.875,68.125,11.97,2.32
2022-10-01T12:00:00Z,0.0,-43.875,72.125,12.26,2.01
2022-10-01T12:00:00Z,0.0,-43.875,76.125,8.08,-2.24
2022-10-01T12:00:00Z,0.0,-43.875,80.125,11.02,1.39
2022-10-01T12:00:00Z,0.0,-43.875,84.125,9.75,-0.17
2022-10-01T12:00:00Z,0.0,-43.875,88.125,9.92,0.19
2022-10-01T12:00:00Z,0.0,-43.875,92.125,9.46,-0.03
2022-10-01T12:00:00Z,0.0,-43.875,96.125,10.59,1.03
2022-10-01T12:00:00Z,0.0,-43.875,100.125,10.15,0.26
2022-10-01T12:00:00Z,0.0,-43.875,104.125,10.12,0.2
2022-10-01T12:00:00Z,0.0,-43.875,108.125,10.22,0.34
2022-10-01T12:00:00Z,0.0,-43.875,112.125,9.96,0.15
2022-10-01T12:00:00Z,0.0,-43.875,116.125,9.84,0.11
2022-10-01T12:00:00Z,0.0,-43.875,120.125,9.77,0.04
2022-10-01T12:00:00Z,0.0,-43.875,124.125,10.12,0.34
2022-10-01T12:00:00Z,0.0,-43.875,128.125,9.69,-0.13
2022-10-01T12:00:00Z,0.0,-43.875,132.125,10.14,0.22
2022-10-01T12:00:00Z,0.0,-43.875,136.125,10.11,-0.05
2022-10-01T12:00:00Z,0.0,-43.875,140.125,10.95,0.33
2022-10-01T12:00:00Z,0.0,-43.875,144.125,11.92,0.68
2022-10-01T12:00:00Z,0.0,-43.875,148.125,13.22,1.13
2022-10-01T12:00:00Z,0.0,-43.875,152.125,12.54,0.68
2022-10-01T12:00:00Z,0.0,-43.875,156.125,12.21,0.79
2022-10-01T12:00:00Z,0.0,-43.875,160.125,11.6,0.2
2022-10-01T12:00:00Z,0.0,-43.875,164.125,12.25,0.63
2022-10-01T12:00:00Z,0.0,-43.875,168.125,13.73,1.44
2022-10-01T12:00:00Z,0.0,-43.875,172.125,10.72,0.62
2022-10-01T12:00:00Z,0.0,-43.875,176.125,11.01,0.27
2022-10-01T12:00:00Z,0.0,-43.875,180.125,11.79,0.97
2022-10-01T12:00:00Z,0.0,-43.875,184.125,11.45,-0.02
2022-10-01T12:00:00Z,0.0,-43.875,188.125,11.87,0.6
2022-10-01T12:00:00Z,0.0,-43.875,192.125,10.83,0.21
2022-10-01T12:00:00Z,0.0,-43.875,196.125,10.58,0.42
2022-10-01T12:00:00Z,0.0,-43.875,200.125,10.22,0.39
2022-10-01T12:00:00Z,0.0,-43.875,204.125,9.46,-0.28
2022-10-01T12:00:00Z,0.0,-43.875,208.125,9.4,-0.33
2022-10-01T12:00:00Z,0.0,-43.875,212.125,9.34,-0.28
2022-10-01T12:00:00Z,0.0,-43.875,216.125,9.06,-0.47
2022-10-01T12:00:00Z,0.0,-43.875,220.125,8.68,-0.71
2022-10-01T12:00:00Z,0.0,-43.875,224.125,8.88,-0.54
2022-10-01T12:00:00Z,0.0,-43.875,228.125,8.88,-0.49
2022-10-01T12:00:00Z,0.0,-43.875,232.125,9.31,-0.03
2022-10-01T12:00:00Z,0.0,-43.875,236.125,8.7,-0.59
2022-10-01T12:00:00Z,0.0,-43.875,240.125,9.16,-0.11
2022-10-01T12:00:00Z,0.0,-43.875,244.125,9.44,0.15
2022-10-01T12:00:00Z,0.0,-43.875,248.125,9.66,0.24
2022-10-01T12:00:00Z,0.0,-43.875,252.125,9.16,-0.14
2022-10-01T12:00:00Z,0.0,-43.875,256.125,9.58,0.44
2022-10-01T12:00:00Z,0.0,-43.875,260.125,9.16,0.14
2022-10-01T12:00:00Z,0.0,-43.875,264.125,9.6,0.54
2022-10-01T12:00:00Z,0.0,-43.875,268.125,9.15,0.04
2022-10-01T12:00:00Z,0.0,-43.875,272.125,9.53,0.25
2022-10-01T12:00:00Z,0.0,-43.875,276.125,9.56,0.06
2022-10-01T12:00:00Z,0.0,-43.875,280.125,9.86,-0.04
2022-10-01T12:00:00Z,0.0,-43.875,284.125,9.95,-0.44
2022-10-01T12:00:00Z,0.0,-43.875,288.125,NaN,NaN
2022-10-01T12:00:00Z,0.0,-43.875,292.125,NaN,NaN
2022-10-01T12:00:00Z,0.0,-43.875,296.125,9.82,0.01
2022-10-01T12:00:00Z,0.0,-43.875,300.125,7.6,-0.09
2022-10-01T12:00:00Z,0.0,-43.875,304.125,8.0,-0.85
2022-10-01T12:00:00Z,0.0,-43.875,308.125,9.74,-1.91
2022-10-01T12:00:00Z,0.0,-43.875,312.125,11.77,1.93
2022-10-01T12:00:00Z,0.0,-43.875,316.125,10.32,1.49
2022-10-01T12:00:00Z,0.0,-43.875,320.125,9.06,0.52
2022-10-01T12:00:00Z,0.0,-43.875,324.125,9.79,1.36
2022-10-01T12:00:00Z,0.0,-43.875,328.125,9.62,1.25
2022-10-01T12:00:00Z,0.0,-43.875,332.125,9.08,0.68
2022-10-01T12:00:00Z,0.0,-43.875,336.125,9.18,0.38
2022-10-01T12:00:00Z,0.0,-43.875,340.125,9.69,0.96
2022-10-01T12:00:00Z,0.0,-43.875,344.125,8.11,0.26
2022-10-01T12:00:00Z,0.0,-43.875,348.125,10.17,2.14
2022-10-01T12:00:00Z,0.0,-43.875,352.125,8.85,0.83
2022-10-01T12:00:00Z,0.0,-43.875,356.125,8.63,0.84
2022-10-01T12:00:00Z,0.0,-39.875,0.125,11.75,1.07
2022-10-01T12:00:00Z,0.0,-39.875,4.125,11.07,0.34
2022-10-01T12:00:00Z,0.0,-39.875,8.125,12.02,0.71
2022-10-01T12:00:00Z,0.0,-39.875,12.125,15.66,2.85
2022-10-01T12:00:00Z,0.0,-39.875,16.125,17.73,2.5
2022-10-01T12:00:00Z,0.0,-39.875,20.125,18.54,1.9
2022-10-01T12:00:00Z,0.0,-39.875,24.125,13.42,-2.06
2022-10-01T12:00:00Z,0.0,-39.875,28.125,16.94,1.72
2022-10-01T12:00:00Z,0.0,-39.875,32.125,14.76,-0.65
2022-10-01T12:00:00Z,0.0,-39.875,36.125,17.75,2.65
2022-10-01T12:00:00Z,0.0,-39.875,40.125,13.67,-0.8
2022-10-01T12:00:00Z,0.0,-39.875,44.125,17.49,2.51
2022-10-01T12:00:00Z,0.0,-39.875,48.125,17.15,2.82
2022-10-01T12:00:00Z,0.0,-39.875,52.125,15.9,1.45
2022-10-01T12:00:00Z,0.0,-39.875,56.125,14.59,-0.29
2022-10-01T12:00:00Z,0.0,-39.875,60.125,15.06,0.52
2022-10-01T12:00:00Z,0.0,-39.875,64.125,14.11,0.2
2022-10-01T12:00:00Z,0.0,-39.875,68.125,13.75,0.24
2022-10-01T12:00:00Z,0.0,-39.875,72.125,13.33,0.19
2022-10-01T12:00:00Z,0.0,-39.875,76.125,12.56,-0.22
2022-10-01T12:00:00Z,0.0,-39.875,80.125,11.98,-0.53
2022-10-01T12:00:00Z,0.0,-39.875,84.125,11.44,-0.71
2022-10-01T12:00:00Z,0.0,-39.875,88.125,11.35,-0.45
2022-10-01T12:00:00Z,0.0,-39.875,92.125,11.24,-0.34
2022-10-01T12:00:00Z,0.0,-39.875,96.125,12.25,0.91
2022-10-01T12:00:00Z,0.0,-39.875,100.125,11.76,0.6
2022-10-01T12:00:00Z,0.0,-39.875,104.125,11.07,-0.24
2022-10-01T12:00:00Z,0.0,-39.875,108.125,12.21,0.75
2022-10-01T12:00:00Z,0.0,-39.875,112.125,13.72,1.92
2022-10-01T12:00:00Z,0.0,-39.875,116.125,11.71,-0.32
2022-10-01T12:00:00Z,0.0,-39.875,120.125,13.16,1.24
2022-10-01T12:00:00Z,0.0,-39.875,124.125,11.79,-0.02
2022-10-01T12:00:00Z,0.0,-39.875,128.125,11.63,-0.21
2022-10-01T12:00:00Z,0.0,-39.875,132.125,12.65,0.66
2022-10-01T12:00:00Z,0.0,-39.875,136.125,12.48,0.12
2022-10-01T12:00:00Z,0.0,-39.875,140.125,13.29,0.2
2022-10-01T12:00:00Z,0.0,-39.875,144.125,13.25,0.16
2022-10-01T12:00:00Z,0.0,-39.875,148.125,13.3,-0.33
2022-10-01T12:00:00Z,0.0,-39.875,152.125,15.94,1.33
2022-10-01T12:00:00Z,0.0,-39.875,156.125,15.83,1.56
2022-10-01T12:00:00Z,0.0,-39.875,160.125,14.81,0.75
2022-10-01T12:00:00Z,0.0,-39.875,164.125,14.32,0.65
2022-10-01T12:00:00Z,0.0,-39.875,168.125,14.19,0.51
2022-10-01T12:00:00Z,0.0,-39.875,172.125,14.24,0.36
2022-10-01T12:00:00Z,0.0,-39.875,176.125,NaN,NaN
2022-10-01T12:00:00Z,0.0,-39.875,180.125,14.26,-0.05
2022-10-01T12:00:00Z,0.0,-39.875,184.125,14.14,0.57
2022-10-01T12:00:00Z,0.0,-39.875,188.125,13.58,0.66
2022-10-01T12:00:00Z,0.0,-39.875,192.125,13.82,1.25
2022-10-01T12:00:00Z,0.0,-39.875,196.125,13.75,1.42
2022-10-01T12:00:00Z,0.0,-39.875,200.125,13.01,0.9
2022-10-01T12:00:00Z,0.0,-39.875,204.125,11.95,-0.09
2022-10-01T12:00:00Z,0.0,-39.875,208.125,12.17,0.23
2022-10-01T12:00:00Z,0.0,-39.875,212.125,11.42,-0.39
2022-10-01T12:00:00Z,0.0,-39.875,216.125,11.39,-0.37
2022-10-01T12:00:00Z,0.0,-39.875,220.125,11.3,-0.43
2022-10-01T12:00:00Z,0.0,-39.875,224.125,11.82,-0.03
2022-10-01T12:00:00Z,0.0,-39.875,228.125,12.78,0.97
2022-10-01T12:00:00Z,0.0,-39.875,232.125,11.62,-0.15
2022-10-01T12:00:00Z,0.0,-39.875,236.125,12.37,0.73
2022-10-01T12:00:00Z,0.0,-39.875,240.125,11.38,-0.27
2022-10-01T12:00:00Z,0.0,-39.875,244.125,12.73,1.09
2022-10-01T12:00:00Z,0.0,-39.875,248.125,11.84,0.14
2022-10-01T12:00:00Z,0.0,-39.875,252.125,11.97,0.4
2022-10-01T12:00:00Z,0.0,-39.875,256.125,12.05,0.67
2022-10-01T12:00:00Z,0.0,-39.875,260.125,11.69,0.36
2022-10-01T12:00:00Z,0.0,-39.875,264.125,11.67,0.22
2022-10-01T12:00:00Z,0.0,-39.875,268.125,12.05,0.41
2022-10-01T12:00:00Z,0.0,-39.875,272.125,12.26,0.49
2022-10-01T12:00:00Z,0.0,-39.875,276.125,11.72,-0.17
2022-10-01T12:00:00Z,0.0,-39.875,280.125,12.3,0.42
2022-10-01T12:00:00Z,0.0,-39.875,284.125,11.22,-0.72
2022-10-01T12:00:00Z,0.0,-39.875,288.125,NaN,NaN
2022-10-01T12:00:00Z,0.0,-39.875,292.125,NaN,NaN
2022-10-01T12:00:00Z,0.0,-39.875,296.125,NaN,NaN
2022-10-01T12:00:00Z,0.0,-39.875,300.125,12.12,1.12
2022-10-01T12:00:00Z,0.0,-39.875,304.125,8.61,-0.28
2022-10-01T12:00:00Z,0.0,-39.875,308.125,15.42,0.93
2022-10-01T12:00:00Z,0.0,-39.875,312.125,13.44,-0.29
2022-10-01T12:00:00Z,0.0,-39.875,316.125,12.84,-0.22
2022-10-01T12:00:00Z,0.0,-39.875,320.125,15.38,2.18
2022-10-01T12:00:00Z,0.0,-39.875,324.125,14.56,1.59
2022-10-01T12:00:00Z,0.0,-39.875,328.125,13.91,0.86
2022-10-01T12:00:00Z,0.0,-39.875,332.125,14.03,1.1
2022-10-01T12:00:00Z,0.0,-39.875,336.125,13.02,0.49
2022-10-01T12:00:00Z,0.0,-39.875,340.125,12.45,0.44
2022-10-01T12:00:00Z,0.0,-39.875,344.125,11.24,-0.58
2022-10-01T12:00:00Z,0.0,-39.875,348.125,12.09,0.52
2022-10-01T12:00:00Z,0.0,-39.875,352.125,11.96,1.0
2022-10-01T12:00:00Z,0.0,-39.875,356.125,11.72,1.02
2022-10-01T12:00:00Z,0.0,-35.875,0.125,15.22,0.77
2022-10-01T12:00:00Z,0.0,-35.875,4.125,14.94,0.31
2022-10-01T12:00:00Z,0.0,-35.875,8.125,15.39,0.54
2022-10-01T12:00:00Z,0.0,-35.875,12.125,15.82,0.35
2022-10-01T12:00:00Z,0.0,-35.875,16.125,17.43,1.23
2022-10-01T12:00:00Z,0.0,-35.875,20.125,17.26,0.2
2022-10-01T12:00:00Z,0.0,-35.875,24.125,20.05,1.04
2022-10-01T12:00:00Z,0.0,-35.875,28.125,19.01,0.18
2022-10-01T12:00:00Z,0.0,-35.875,32.125,18.24,-0.12
2022-10-01T12:00:00Z,0.0,-35.875,36.125,19.2,1.15
2022-10-01T12:00:00Z,0.0,-35.875,40.125,17.28,-0.24
2022-10-01T12:00:00Z,0.0,-35.875,44.125,17.0,-0.2
2022-10-01T12:00:00Z,0.0,-35.875,48.125,16.97,0.24
2022-10-01T12:00:00Z,0.0,-35.875,52.125,16.97,0.62
2022-10-01T12:00:00Z,0.0,-35.875,56.125,15.98,0.1
2022-10-01T12:00:00Z,0.0,-35.875,60.125,15.78,0.27
2022-10-01T12:00:00Z,0.0,-35.875,64.125,15.05,-0.1
2022-10-01T12:00:00Z,0.0,-35.875,68.125,14.71,-0.11
2022-10-01T12:00:00Z,0.0,-35.875,72.125,14.5,0.01
2022-10-01T12:00:00Z,0.0,-35.875,76.125,13.54,-0.68
2022-10-01T12:00:00Z,0.0,-35.875,80.125,12.93,-1.01
2022-10-01T12:00:00Z,0.0,-35.875,84.125,13.08,-0.65
2022-10-01T12:00:00Z,0.0,-35.875,88.125,13.02,-0.41
2022-10-01T12:00:00Z,0.0,-35.875,92.125,12.45,-0.76
2022-10-01T12:00:00Z,0.0,-35.875,96.125,13.07,-0.14
2022-10-01T12:00:00Z,0.0,-35.875,100.125,12.66,-0.59
2022-10-01T12:00:00Z,0.0,-35.875,104.125,14.03,0.35
2022-10-01T12:00:00Z,0.0,-35.875,108.125,16.27,1.75
2022-10-01T12:00:00Z,0.0,-35.875,112.125,15.27,-0.1
2022-10-01T12:00:00Z,0.0,-35.875,116.125,17.37,1.28
2022-10-01T12:00:00Z,0.0,-35.875,120.125,16.01,0.35
2022-10-01T12:00:00Z,0.0,-35.875,124.125,14.81,-0.1
2022-10-01T12:00:00Z,0.0,-35.875,128.125,14.45,0.02
2022-10-01T12:00:00Z,0.0,-35.875,132.125,14.44,-0.26
2022-10-01T12:00:00Z,0.0,-35.875,136.125,15.07,0.28
2022-10-01T12:00:00Z,0.0,-35.875,140.125,NaN,NaN
2022-10-01T12:00:00Z,0.0,-35.875,144.125,NaN,NaN
2022-10-01T12:00:00Z,0.0,-35.875,148.125,NaN,NaN
2022-10-01T12:00:00Z,0.0,-35.875,152.125,18.07,0.39
2022-10-01T12:00:00Z,0.0,-35.875,156.125,17.1,-0.16
2022-10-01T12:00:00Z,0.0,-35.875,160.125,17.56,0.81
2022-10-01T12:00:00Z,0.0,-35.875,164.125,17.01,0.91
2022-10-01T12:00:00Z,0.0,-35.875,168.125,16.33,0.8
2022-10-01T12:00:00Z,0.0,-35.875,172.125,16.33,0.93
2022-10-01T12:00:00Z,0.0,-35.875,176.125,16.97,0.85
2022-10-01T12:00:00Z,0.0,-35.875,180.125,16.18,0.45
2022-10-01T12:00:00Z,0.0,-35.875,184.125,16.26,1.22
2022-10-01T12:00:00Z,0.0,-35.875,188.125,15.8,1.17
2022-10-01T12:00:00Z,0.0,-35.875,192.125,15.75,1.22
2022-10-01T12:00:00Z,0.0,-35.875,196.125,15.99,1.57
2022-10-01T12:00:00Z,0.0,-35.875,200.125,15.27,0.99
2022-10-01T12:00:00Z,0.0,-35.875,204.125,15.33,1.06
2022-10-01T12:00:00Z,0.0,-35.875,208.125,15.9,1.64
2022-10-01T12:00:00Z,0.0,-35.875,212.125,15.96,1.64
2022-10-01T12:00:00Z,0.0,-35.875,216.125,16.04,1.69
2022-10-01T12:00:00Z,0.0,-35.875,220.125,15.1,0.71
2022-10-01T12:00:00Z,0.0,-35.875,224.125,14.42,-0.08
2022-10-01T12:00:00Z,0.0,-35.875,228.125,14.37,-0.08
2022-10-01T12:00:00Z,0.0,-35.875,232.125,15.1,0.69
2022-10-01T12:00:00Z,0.0,-35.875,236.125,15.07,0.72
2022-10-01T12:00:00Z,0.0,-35.875,240.125,15.36,1.04
2022-10-01T12:00:00Z,0.0,-35.875,244.125,15.12,0.74
2022-10-01T12:00:00Z,0.0,-35.875,248.125,15.08,0.73
2022-10-01T12:00:00Z,0.0,-35.875,252.125,15.84,1.48
2022-10-01T12:00:00Z,0.0,-35.875,256.125,15.65,1.48
2022-10-01T12:00:00Z,0.0,-35.875,260.125,15.09,0.85
2022-10-01T12:00:00Z,0.0,-35.875,264.125,14.55,0.27
2022-10-01T12:00:00Z,0.0,-35.875,268.125,14.65,0.4
2022-10-01T12:00:00Z,0.0,-35.875,272.125,14.32,0.16
2022-10-01T12:00:00Z,0.0,-35.875,276.125,13.62,-0.32
2022-10-01T12:00:00Z,0.0,-35.875,280.125,13.63,-0.07
2022-10-01T12:00:00Z,0.0,-35.875,284.125,12.5,-0.84
2022-10-01T12:00:00Z,0.0,-35.875,288.125,NaN,NaN
2022-10-01T12:00:00Z,0.0,-35.875,292.125,NaN,NaN
2022-10-01T12:00:00Z,0.0,-35.875,296.125,NaN,NaN
2022-10-01T12:00:00Z,0.0,-35.875,300.125,NaN,NaN
2022-10-01T12:00:00Z,0.0,-35.875,304.125,15.9,3.72
2022-10-01T12:00:00Z,0.0,-35.875,308.125,19.72,3.82
2022-10-01T12:00:00Z,0.0,-35.875,312.125,18.16,1.46
2022-10-01T12:00:00Z,0.0,-35.875,316.125,16.33,0.16
2022-10-01T12:00:00Z,0.0,-35.875,320.125,15.33,-0.53
2022-10-01T12:00:00Z,0.0,-35.875,324.125,15.07,-0.53
2022-10-01T12:00:00Z,0.0,-35.875,328.125,14.97,-0.24
2022-10-01T12:00:00Z,0.0,-35.875,332.125,14.82,-0.15
2022-10-01T12:00:00Z,0.0,-35.875,336.125,14.03,-0.77
2022-10-01T12:00:00Z,0.0,-35.875,340.125,15.04,0.36
2022-10-01T12:00:00Z,0.0,-35.875,344.125,15.39,0.57
2022-10-01T12:00:00Z,0.0,-35.875,348.125,14.81,0.06
2022-10-01T12:00:00Z,0.0,-35.875,352.125,14.66,0.2
2022-10-01T12:00:00Z,0.0,-35.875,356.125,14.75,0.42
2022-10-01T12:00:00Z,0.0,-31.875,0.125,16.94,0.1
2022-10-01T12:00:00Z,0.0,-31.875,4.125,16.41,-0.28
2022-10-01T12:00:00Z,0.0,-31.875,8.125,16.52,0.22
2022-10-01T12:00:00Z,0.0,-31.875,12.125,16.35,0.34
2022-10-01T12:00:00Z,0.0,-31.875,16.125,15.94,0.25
2022-10-01T12:00:00Z,0.0,-31.875,20.125,NaN,NaN
2022-10-01T12:00:00Z,0.0,-31.875,24.125,NaN,NaN
2022-10-01T12:00:00Z,0.0,-31.875,28.125,NaN,NaN
2022-10-01T12:00:00Z,0.0,-31.875,32.125,23.13,2.09
2022-10-01T12:00:00Z,0.0,-31.875,36.125,20.81,0.32
2022-10-01T12:00:00Z,0.0,-31.875,40.125,19.93,-0.2
2022-10-01T12:00:00Z,0.0,-31.875,44.125,21.11,1.7
2022-10-01T12:00:00Z,0.0,-31.875,48.125,19.01,0.11
2022-10-01T12:00:00Z,0.0,-31.875,52.125,19.2,0.5
2022-10-01T12:00:00Z,0.0,-31.875,56.125,18.67,0.41
2022-10-01T12:00:00Z,0.0,-31.875,60.125,17.32,-0.67
2022-10-01T12:00:00Z,0.0,-31.875,64.125,17.83,0.16
2022-10-01T12:00:00Z,0.0,-31.875,68.125,16.51,-0.83
2022-10-01T12:00:00Z,0.0,-31.875,72.125,16.02,-0.93
2022-10-01T12:00:00Z,0.0,-31.875,76.125,16.39,-0.45
2022-10-01T12:00:00Z,0.0,-31.875,80.125,16.32,-0.14
2022-10-01T12:00:00Z,0.0,-31.875,84.125,14.95,-1.24
2022-10-01T12:00:00Z,0.0,-31.875,88.125,16.21,0.14
2022-10-01T12:00:00Z,0.0,-31.875,92.125,16.09,0.23
2022-10-01T12:00:00Z,0.0,-31.875,96.125,15.76,-0.06
2022-10-01T12:00:00Z,0.0,-31.875,100.125,16.11,0.19
2022-10-01T12:00:00Z,0.0,-31.875,104.125,16.25,0.04
2022-10-01T12:00:00Z,0.0,-31.875,108.125,15.98,-1.12
2022-10-01T12:00:00Z,0.0,-31.875,112.125,18.93,0.43
2022-10-01T12:00:00Z,0.0,-31.875,116.125,NaN,NaN
2022-10-01T12:00:00Z,0.0,-31.875,120.125,NaN,NaN
2022-10-01T12:00:00Z,0.0,-31.875,124.125,NaN,NaN
2022-10-01T12:00:00Z,0.0,-31.875,128.125,NaN,NaN
2022-10-01T12:00:00Z,0.0,-31.875,132.125,15.46,-1.33
2022-10-01T12:00:00Z,0.0,-31.875,136.125,NaN,NaN
2022-10-01T12:00:00Z,0.0,-31.875,140.125,NaN,NaN
2022-10-01T12:00:00Z,0.0,-31.875,144.125,NaN,NaN
2022-10-01T12:00:00Z,0.0,-31.875,148.125,NaN,NaN
2022-10-01T12:00:00Z,0.0,-31.875,152.125,NaN,NaN
2022-10-01T12:00:00Z,0.0,-31.875,156.125,21.32,1.49
2022-10-01T12:00:00Z,0.0,-31.875,160.125,19.08,0.14
2022-10-01T12:00:00Z,0.0,-31.875,164.125,18.59,0.17
2022-10-01T12:00:00Z,0.0,-31.875,168.125,18.08,0.17
2022-10-01T12:00:00Z,0.0,-31.875,172.125,17.99,0.23
2022-10-01T12:00:00Z,0.0,-31.875,176.125,18.35,0.66
2022-10-01T12:00:00Z,0.0,-31.875,180.125,18.11,0.76
2022-10-01T12:00:00Z,0.0,-31.875,184.125,18.27,1.14
2022-10-01T12:00:00Z,0.0,-31.875,188.125,18.21,1.17
2022-10-01T12:00:00Z,0.0,-31.875,192.125,19.03,2.02
2022-10-01T12:00:00Z,0.0,-31.875,196.125,19.25,2.3
2022-10-01T12:00:00Z,0.0,-31.875,200.125,19.06,2.14
2022-10-01T12:00:00Z,0.0,-31.875,204.125,18.88,1.95
2022-10-01T12:00:00Z,0.0,-31.875,208.125,17.6,0.56
2022-10-01T12:00:00Z,0.0,-31.875,212.125,17.81,0.7
2022-10-01T12:00:00Z,0.0,-31.875,216.125,18.1,0.86
2022-10-01T12:00:00Z,0.0,-31.875,220.125,17.73,0.39
2022-10-01T12:00:00Z,0.0,-31.875,224.125,17.87,0.52
2022-10-01T12:00:00Z,0.0,-31.875,228.125,18.46,0.98
2022-10-01T12:00:00Z,0.0,-31.875,232.125,18.36,0.83
2022-10-01T12:00:00Z,0.0,-31.875,236.125,18.69,1.28
2022-10-01T12:00:00Z,0.0,-31.875,240.125,18.7,1.22
2022-10-01T12:00:00Z,0.0,-31.875,244.125,19.36,1.92
2022-10-01T12:00:00Z,0.0,-31.875,248.125,18.59,1.29
2022-10-01T12:00:00Z,0.0,-31.875,252.125,18.06,0.86
2022-10-01T12:00:00Z,0.0,-31.875,256.125,18.25,1.1
2022-10-01T12:00:00Z,0.0,-31.875,260.125,17.54,0.56
2022-10-01T12:00:00Z,0.0,-31.875,264.125,17.06,0.31
2022-10-01T12:00:00Z,0.0,-31.875,268.125,16.26,-0.25
2022-10-01T12:00:00Z,0.0,-31.875,272.125,15.95,-0.26
2022-10-01T12:00:00Z,0.0,-31.875,276.125,15.31,-0.51
2022-10-01T12:00:00Z,0.0,-31.875,280.125,14.84,-0.59
2022-10-01T12:00:00Z,0.0,-31.875,284.125,14.06,-0.72
2022-10-01T12:00:00Z,0.0,-31.875,288.125,12.37,-1.54
2022-10-01T12:00:00Z,0.0,-31.875,292.125,NaN,NaN
2022-10-01T12:00:00Z,0.0,-31.875,296.125,NaN,NaN
2022-10-01T12:00:00Z,0.0,-31.875,300.125,NaN,NaN
2022-10-01T12:00:00Z,0.0,-31.875,304.125,NaN,NaN
2022-10-01T12:00:00Z,0.0,-31.875,308.125,16.81,0.2
2022-10-01T12:00:00Z,0.0,-31.875,312.125,19.41,0.22
2022-10-01T12:00:00Z,0.0,-31.875,316.125,19.34,1.02
2022-10-01T12:00:00Z,0.0,-31.875,320.125,18.43,0.4
2022-10-01T12:00:00Z,0.0,-31.875,324.125,17.18,-0.86
2022-10-01T12:00:00Z,0.0,-31.875,328.125,18.22,0.19
2022-10-01T12:00:00Z,0.0,-31.875,332.125,17.98,0.11
2022-10-01T12:00:00Z,0.0,-31.875,336.125,17.96,0.15
2022-10-01T12:00:00Z,0.0,-31.875,340.125,17.29,-0.42
2022-10-01T12:00:00Z,0.0,-31.875,344.125,16.77,-0.69
2022-10-01T12:00:00Z,0.0,-31.875,348.125,17.12,-0.14
2022-10-01T12:00:00Z,0.0,-31.875,352.125,16.9,-0.37
2022-10-01T12:00:00Z,0.0,-31.875,356.125,17.5,0.49
2022-10-01T12:00:00Z,0.0,-27.875,0.125,18.11,0.02
2022-10-01T12:00:00Z,0.0,-27.875,4.125,17.8,0.21
2022-10-01T12:00:00Z,0.0,-27.875,8.125,17.64,0.73
2022-10-01T12:00:00Z,0.0,-27.875,12.125,16.65,0.53
2022-10-01T12:00:00Z,0.0,-27.875,16.125,NaN,NaN
2022-10-01T12:00:00Z,0.0,-27.875,20.125,NaN,NaN
2022-10-01T12:00:00Z,0.0,-27.875,24.125,NaN,NaN
2022-10-01T12:00:00Z,0.0,-27.875,28.125,NaN,NaN
2022-10-01T12:00:00Z,0.0,-27.875,32.125,NaN,NaN
2022-10-01T12:00:00Z,0.0,-27.875,36.125,23.66,1.17
2022-10-01T12:00:00Z,0.0,-27.875,40.125,23.11,0.84
2022-10-01T12:00:00Z,0.0,-27.875,44.125,23.03,0.66
2022-10-01T12:00:00Z,0.0,-27.875,48.125,22.17,0.46
2022-10-01T12:00:00Z,0.0,-27.875,52.125,21.9,0.56
2022-10-01T12:00:00Z,0.0,-27.875,56.125,20.5,-0.54
2022-10-01T12:00:00Z,0.0,-27.875,60.125,20.0,-0.63
2022-10-01T12:00:00Z,0.0,-27.875,64.125,19.93,-0.31
2022-10-01T12:00:00Z,0.0,-27.875,68.125,19.37,-0.56
2022-10-01T12:00:00Z,0.0,-27.875,72.125,19.69,-0.08
2022-10-01T12:00:00Z,0.0,-27.875,76.125,18.62,-1.04
2022-10-01T12:00:00Z,0.0,-27.875,80.125,19.51,0.24
2022-10-01T12:00:00Z,0.0,-27.875,84.125,19.11,0.0
2022-10-01T12:00:00Z,0.0,-27.875,88.125,19.67,0.73
2022-10-01T12:00:00Z,0.0,-27.875,92.125,18.65,-0.17
2022-10-01T12:00:00Z,0.0,-27.875,96.125,19.43,0.71
2022-10-01T12:00:00Z,0.0,-27.875,100.125,19.13,0.34
2022-10-01T12:00:00Z,0.0,-27.875,104.125,20.82,1.69
2022-10-01T12:00:00Z,0.0,-27.875,108.125,19.98,0.32
2022-10-01T12:00:00Z,0.0,-27.875,112.125,21.05,0.62
2022-10-01T12:00:00Z,0.0,-27.875,116.125,NaN,NaN
2022-10-01T12:00:00Z,0.0,-27.875,120.125,NaN,NaN
2022-10-01T12:00:00Z,0.0,-27.875,124.125,NaN,NaN
2022-10-01T12:00:00Z,0.0,-27.875,128.125,NaN,NaN
2022-10-01T12:00:00Z,0.0,-27.875,132.125,NaN,NaN
2022-10-01T12:00:00Z,0.0,-27.875,136.125,NaN,NaN
2022-10-01T12:00:00Z,0.0,-27.875,140.125,NaN,NaN
2022-10-01T12:00:00Z,0.0,-27.875,144.125,NaN,NaN
2022-10-01T12:00:00Z,0.0,-27.875,148.125,NaN,NaN
2022-10-01T12:00:00Z,0.0,-27.875,152.125,NaN,NaN
2022-10-01T12:00:00Z,0.0,-27.875,156.125,20.91,-0.32
2022-10-01T12:00:00Z,0.0,-27.875,160.125,20.28,-0.12
2022-10-01T12:00:00Z,0.0,-27.875,164.125,20.52,0.32
2022-10-01T12:00:00Z,0.0,-27.875,168.125,20.01,-0.06
2022-10-01T12:00:00Z,0.0,-27.875,172.125,20.3,0.45
2022-10-01T12:00:00Z,0.0,-27.875,176.125,21.06,1.18
2022-10-01T12:00:00Z,0.0,-27.875,180.125,20.91,1.03
2022-10-01T12:00:00Z,0.0,-27.875,184.125,20.39,0.61
2022-10-01T12:00:00Z,0.0,-27.875,188.125,21.26,1.54
2022-10-01T12:00:00Z,0.0,-27.875,192.125,21.49,1.8
2022-10-01T12:00:00Z,0.0,-27.875,196.125,21.21,1.6
2022-10-01T12:00:00Z,0.0,-27.875,200.125,20.39,0.74
2022-10-01T12:00:00Z,0.0,-27.875,204.125,21.01,1.32
2022-10-01T12:00:00Z,0.0,-27.875,208.125,20.28,0.52
2022-10-01T12:00:00Z,0.0,-27.875,212.125,21.63,1.74
2022-10-01T12:00:00Z,0.0,-27.875,216.125,20.68,0.64
2022-10-01T12:00:00Z,0.0,-27.875,220.125,21.16,0.97
2022-10-01T12:00:00Z,0.0,-27.875,224.125,21.36,0.99
2022-10-01T12:00:00Z,0.0,-27.875,228.125,20.87,0.33
2022-10-01T12:00:00Z,0.0,-27.875,232.125,21.79,1.24
2022-10-01T12:00:00Z,0.0,-27.875,236.125,21.54,1.05
2022-10-01T12:00:00Z,0.0,-27.875,240.125,21.56,1.19
2022-10-01T12:00:00Z,0.0,-27.875,244.125,21.02,0.77
2022-10-01T12:00:00Z,0.0,-27.875,248.125,20.88,0.77
2022-10-01T12:00:00Z,0.0,-27.875,252.125,20.03,0.23
2022-10-01T12:00:00Z,0.0,-27.875,256.125,19.33,-0.19
2022-10-01T12:00:00Z,0.0,-27.875,260.125,18.57,-0.58
2022-10-01T12:00:00Z,0.0,-27.875,264.125,18.23,-0.51
2022-10-01T12:00:00Z,0.0,-27.875,268.125,17.25,-1.03
2022-10-01T12:00:00Z,0.0,-27.875,272.125,16.86,-0.91
2022-10-01T12:00:00Z,0.0,-27.875,276.125,16.5,-0.78
2022-10-01T12:00:00Z,0.0,-27.875,280.125,15.82,-0.89
2022-10-01T12:00:00Z,0.0,-27.875,284.125,14.37,-1.47
2022-10-01T12:00:00Z,0.0,-27.875,288.125,13.7,-1.06
2022-10-01T12:00:00Z,0.0,-27.875,292.125,NaN,NaN
2022-10-01T12:00:00Z,0.0,-27.875,296.125,NaN,NaN
2022-10-01T12:00:00Z,0.0,-27.875,300.125,NaN,NaN
2022-10-01T12:00:00Z,0.0,-27.875,304.125,NaN,NaN
2022-10-01T12:00:00Z,0.0,-27.875,308.125,NaN,NaN
2022-10-01T12:00:00Z,0.0,-27.875,312.125,19.87,-0.57
2022-10-01T12:00:00Z,0.0,-27.875,316.125,21.03,-0.16
2022-10-01T12:00:00Z,0.0,-27.875,320.125,20.35,-0.25
2022-10-01T12:00:00Z,0.0,-27.875,324.125,19.96,-0.45
2022-10-01T12:00:00Z,0.0,-27.875,328.125,19.69,-0.69
2022-10-01T12:00:00Z,0.0,-27.875,332.125,20.1,-0.12
2022-10-01T12:00:00Z,0.0,-27.875,336.125,19.04,-0.92
2022-10-01T12:00:00Z,0.0,-27.875,340.125,19.6,-0.18
2022-10-01T12:00:00Z,0.0,-27.875,344.125,19.09,-0.43
2022-10-01T12:00:00Z,0.0,-27.875,348.125,19.31,0.0
2022-10-01T12:00:00Z,0.0,-27.875,352.125,18.72,-0.18
2022-10-01T12:00:00Z,0.0,-27.875,356.125,18.49,-0.02
2022-10-01T12:00:00Z,0.0,-23.875,0.125,19.17,0.32
2022-10-01T12:00:00Z,0.0,-23.875,4.125,18.26,0.17
2022-10-01T12:00:00Z,0.0,-23.875,8.125,17.3,0.11
2022-10-01T12:00:00Z,0.0,-23.875,12.125,15.79,0.19
2022-10-01T12:00:00Z,0.0,-23.875,16.125,NaN,NaN
2022-10-01T12:00:00Z,0.0,-23.875,20.125,NaN,NaN
2022-10-01T12:00:00Z,0.0,-23.875,24.125,NaN,NaN
2022-10-01T12:00:00Z,0.0,-23.875,28.125,NaN,NaN
2022-10-01T12:00:00Z,0.0,-23.875,32.125,NaN,NaN
2022-10-01T12:00:00Z,0.0,-23.875,36.125,25.08,0.91
2022-10-01T12:00:00Z,0.0,-23.875,40.125,25.61,1.71
2022-10-01T12:00:00Z,0.0,-23.875,44.125,NaN,NaN
2022-10-01T12:00:00Z,0.0,-23.875,48.125,23.92,0.25
2022-10-01T12:00:00Z,0.0,-23.875,52.125,22.84,-0.43
2022-10-01T12:00:00Z,0.0,-23.875,56.125,22.47,-0.42
2022-10-01T12:00:00Z,0.0,-23.875,60.125,22.22,-0.29
2022-10-01T12:00:00Z,0.0,-23.875,64.125,21.58,-0.65
2022-10-01T12:00:00Z,0.0,-23.875,68.125,21.72,-0.33
2022-10-01T12:00:00Z,0.0,-23.875,72.125,21.59,-0.17
2022-10-01T12:00:00Z,0.0,-23.875,76.125,21.27,-0.25
2022-10-01T12:00:00Z,0.0,-23.875,80.125,21.22,-0.07
2022-10-01T12:00:00Z,0.0,-23.875,84.125,21.17,0.14
2022-10-01T12:00:00Z,0.0,-23.875,88.125,21.11,0.32
2022-10-01T12:00:00Z,0.0,-23.875,92.125,20.71,0.01
2022-10-01T12:00:00Z,0.0,-23.875,96.125,20.0,-0.72
2022-10-01T12:00:00Z,0.0,-23.875,100.125,21.98,0.97
2022-10-01T12:00:00Z,0.0,-23.875,104.125,22.28,1.05
2022-10-01T12:00:00Z,0.0,-23.875,108.125,20.68,-0.77
2022-10-01T12:00:00Z,0.0,-23.875,112.125,22.45,0.31
2022-10-01T12:00:00Z,0.0,-23.875,116.125,NaN,NaN
2022-10-01T12:00:00Z,0.0,-23.875,120.125,NaN,NaN
2022-10-01T12:00:00Z,0.0,-23.875,124.125,NaN,NaN
2022-10-01T12:00:00Z,0.0,-23.875,128.125,NaN,NaN
2022-10-01T12:00:00Z,0.0,-23.875,132.125,NaN,NaN
2022-10-01T12:00:00Z,0.0,-23.875,136.125,NaN,NaN
2022-10-01T12:00:00Z,0.0,-23.875,140.125,NaN,NaN
2022-10-01T12:00:00Z,0.0,-23.875,144.125,NaN,NaN
2022-10-01T12:00:00Z,0.0,-23.875,148.125,NaN,NaN
2022-10-01T12:00:00Z,0.0,-23.875,152.125,22.03,-0.92
2022-10-01T12:00:00Z,0.0,-23.875,156.125,22.25,-0.62
2022-10-01T12:00:00Z,0.0,-23.875,160.125,22.89,0.76
2022-10-01T12:00:00Z,0.0,-23.875,164.125,23.91,1.71
2022-10-01T12:00:00Z,0.0,-23.875,168.125,22.77,0.46
2022-10-01T12:00:00Z,0.0,-23.875,172.125,24.38,2.05
2022-10-01T12:00:00Z,0.0,-23.875,176.125,24.46,2.16
2022-10-01T12:00:00Z,0.0,-23.875,180.125,24.39,2.11
2022-10-01T12:00:00Z,0.0,-23.875,184.125,24.48,2.24
2022-10-01T12:00:00Z,0.0,-23.875,188.125,24.31,2.07
2022-10-01T12:00:00Z,0.0,-23.875,192.125,23.95,1.72
2022-10-01T12:00:00Z,0.0,-23.875,196.125,24.14,1.8
2022-10-01T12:00:00Z,0.0,-23.875,200.125,22.89,0.57
2022-10-01T12:00:00Z,0.0,-23.875,204.125,23.17,0.61
2022-10-01T12:00:00Z,0.0,-23.875,208.125,22.99,0.35
2022-10-01T12:00:00Z,0.0,-23.875,212.125,22.89,0.23
2022-10-01T12:00:00Z,0.0,-23.875,216.125,23.28,0.41
2022-10-01T12:00:00Z,0.0,-23.875,220.125,23.28,0.28
2022-10-01T12:00:00Z,0.0,-23.875,224.125,23.7,0.64
2022-10-01T12:00:00Z,0.0,-23.875,228.125,23.76,0.75
2022-10-01T12:00:00Z,0.0,-23.875,232.125,23.52,0.59
2022-10-01T12:00:00Z,0.0,-23.875,236.125,23.4,0.64
2022-10-01T12:00:00Z,0.0,-23.875,240.125,23.17,0.61
2022-10-01T12:00:00Z,0.0,-23.875,244.125,22.55,0.29
2022-10-01T12:00:00Z,0.0,-23.875,248.125,21.54,-0.32
2022-10-01T12:00:00Z,0.0,-23.875,252.125,20.7,-0.72
2022-10-01T12:00:00Z,0.0,-23.875,256.125,19.74,-1.3
2022-10-01T12:00:00Z,0.0,-23.875,260.125,19.25,-1.25
2022-10-01T12:00:00Z,0.0,-23.875,264.125,18.55,-1.34
2022-10-01T12:00:00Z,0.0,-23.875,268.125,18.04,-1.17
2022-10-01T12:00:00Z,0.0,-23.875,272.125,17.41,-1.22
2022-10-01T12:00:00Z,0.0,-23.875,276.125,16.82,-1.22
2022-10-01T12:00:00Z,0.0,-23.875,280.125,16.23,-1.24
2022-10-01T12:00:00Z,0.0,-23.875,284.125,15.66,-1.02
2022-10-01T12:00:00Z,0.0,-23.875,288.125,14.73,-1.48
2022-10-01T12:00:00Z,0.0,-23.875,292.125,NaN,NaN
2022-10-01T12:00:00Z,0.0,-23.875,296.125,NaN,NaN
2022-10-01T12:00:00Z,0.0,-23.875,300.125,NaN,NaN
2022-10-01T12:00:00Z,0.0,-23.875,304.125,NaN,NaN
2022-10-01T12:00:00Z,0.0,-23.875,308.125,NaN,NaN
2022-10-01T12:00:00Z,0.0,-23.875,312.125,NaN,NaN
2022-10-01T12:00:00Z,0.0,-23.875,316.125,21.92,-0.1
2022-10-01T12:00:00Z,0.0,-23.875,320.125,22.89,0.05
2022-10-01T12:00:00Z,0.0,-23.875,324.125,22.85,0.11
2022-10-01T12:00:00Z,0.0,-23.875,328.125,22.39,-0.14
2022-10-01T12:00:00Z,0.0,-23.875,332.125,22.16,-0.11
2022-10-01T12:00:00Z,0.0,-23.875,336.125,22.14,0.25
2022-10-01T12:00:00Z,0.0,-23.875,340.125,21.35,-0.18
2022-10-01T12:00:00Z,0.0,-23.875,344.125,21.17,0.05
2022-10-01T12:00:00Z,0.0,-23.875,348.125,20.86,0.22
2022-10-01T12:00:00Z,0.0,-23.875,352.125,20.24,0.14
2022-10-01T12:00:00Z,0.0,-23.875,356.125,19.68,0.16
2022-10-01T12:00:00Z,0.0,-19.875,0.125,19.07,-0.07
2022-10-01T12:00:00Z,0.0,-19.875,4.125,18.06,-0.28
2022-10-01T12:00:00Z,0.0,-19.875,8.125,17.36,0.1
2022-10-01T12:00:00Z,0.0,-19.875,12.125,15.68,0.03
2022-10-01T12:00:00Z,0.0,-19.875,16.125,NaN,NaN
2022-10-01T12:00:00Z,0.0,-19.875,20.125,NaN,NaN
2022-10-01T12:00:00Z,0.0,-19.875,24.125,NaN,NaN
2022-10-01T12:00:00Z,0.0,-19.875,28.125,NaN,NaN
2022-10-01T12:00:00Z,0.0,-19.875,32.125,NaN,NaN
2022-10-01T12:00:00Z,0.0,-19.875,36.125,25.92,1.08
2022-10-01T12:00:00Z,0.0,-19.875,40.125,26.44,1.07
2022-10-01T12:00:00Z,0.0,-19.875,44.125,26.74,1.23
2022-10-01T12:00:00Z,0.0,-19.875,48.125,NaN,NaN
2022-10-01T12:00:00Z,0.0,-19.875,52.125,24.02,-0.19
2022-10-01T12:00:00Z,0.0,-19.875,56.125,23.1,-0.75
2022-10-01T12:00:00Z,0.0,-19.875,60.125,22.9,-0.77
2022-10-01T12:00:00Z,0.0,-19.875,64.125,23.04,-0.51
2022-10-01T12:00:00Z,0.0,-19.875,68.125,23.1,-0.3
2022-10-01T12:00:00Z,0.0,-19.875,72.125,23.48,0.29
2022-10-01T12:00:00Z,0.0,-19.875,76.125,22.45,-0.51
2022-10-01T12:00:00Z,0.0,-19.875,80.125,23.12,0.34
2022-10-01T12:00:00Z,0.0,-19.875,84.125,22.8,0.15
2022-10-01T12:00:00Z,0.0,-19.875,88.125,22.7,0.05
2022-10-01T12:00:00Z,0.0,-19.875,92.125,22.34,-0.4
2022-10-01T12:00:00Z,0.0,-19.875,96.125,23.45,0.38
2022-10-01T12:00:00Z,0.0,-19.875,100.125,23.17,-0.21
2022-10-01T12:00:00Z,0.0,-19.875,104.125,23.57,0.2
2022-10-01T12:00:00Z,0.0,-19.875,108.125,23.28,-0.25
2022-10-01T12:00:00Z,0.0,-19.875,112.125,24.05,0.1
2022-10-01T12:00:00Z,0.0,-19.875,116.125,24.4,-0.34
2022-10-01T12:00:00Z,0.0,-19.875,120.125,24.48,-0.61
2022-10-01T12:00:00Z,0.0,-19.875,124.125,NaN,NaN
2022-10-01T12:00:00Z,0.0,-19.875,128.125,NaN,NaN
2022-10-01T12:00:00Z,0.0,-19.875,132.125,NaN,NaN
2022-10-01T12:00:00Z,0.0,-19.875,136.125,NaN,NaN
2022-10-01T12:00:00Z,0.0,-19.875,140.125,NaN,NaN
2022-10-01T12:00:00Z,0.0,-19.875,144.125,NaN,NaN
2022-10-01T12:00:00Z,0.0,-19.875,148.125,25.92,1.42
2022-10-01T12:00:00Z,0.0,-19.875,152.125,26.09,1.51
2022-10-01T12:00:00Z,0.0,-19.875,156.125,26.21,1.83
2022-10-01T12:00:00Z,0.0,-19.875,160.125,25.55,1.43
2022-10-01T12:00:00Z,0.0,-19.875,164.125,26.5,2.19
2022-10-01T12:00:00Z,0.0,-19.875,168.125,26.9,2.37
2022-10-01T12:00:00Z,0.0,-19.875,172.125,26.06,1.57
2022-10-01T12:00:00Z,0.0,-19.875,176.125,26.56,1.9
2022-10-01T12:00:00Z,0.0,-19.875,180.125,25.87,1.41
2022-10-01T12:00:00Z,0.0,-19.875,184.125,25.86,1.33
2022-10-01T12:00:00Z,0.0,-19.875,188.125,25.92,1.15
2022-10-01T12:00:00Z,0.0,-19.875,192.125,25.88,0.9
2022-10-01T12:00:00Z,0.0,-19.875,196.125,25.32,0.27
2022-10-01T12:00:00Z,0.0,-19.875,200.125,25.2,0.12
2022-10-01T12:00:00Z,0.0,-19.875,204.125,25.28,0.15
2022-10-01T12:00:00Z,0.0,-19.875,208.125,25.27,0.02
2022-10-01T12:00:00Z,0.0,-19.875,212.125,25.67,0.37
2022-10-01T12:00:00Z,0.0,-19.875,216.125,25.53,0.22
2022-10-01T12:00:00Z,0.0,-19.875,220.125,25.44,0.21
2022-10-01T12:00:00Z,0.0,-19.875,224.125,24.74,-0.35
2022-10-01T12:00:00Z,0.0,-19.875,228.125,24.36,-0.55
2022-10-01T12:00:00Z,0.0,-19.875,232.125,23.75,-0.9
2022-10-01T12:00:00Z,0.0,-19.875,236.125,23.64,-0.68
2022-10-01T12:00:00Z,0.0,-19.875,240.125,23.18,-0.79
2022-10-01T12:00:00Z,0.0,-19.875,244.125,22.56,-0.99
2022-10-01T12:00:00Z,0.0,-19.875,248.125,21.88,-1.17
2022-10-01T12:00:00Z,0.0,-19.875,252.125,21.13,-1.36
2022-10-01T12:00:00Z,0.0,-19.875,256.125,20.21,-1.67
2022-10-01T12:00:00Z,0.0,-19.875,260.125,19.73,-1.46
2022-10-01T12:00:00Z,0.0,-19.875,264.125,19.1,-1.45
2022-10-01T12:00:00Z,0.0,-19.875,268.125,18.3,-1.59
2022-10-01T12:00:00Z,0.0,-19.875,272.125,17.97,-1.31
2022-10-01T12:00:00Z,0.0,-19.875,276.125,17.29,-1.3
2022-10-01T12:00:00Z,0.0,-19.875,280.125,16.62,-1.23
2022-10-01T12:00:00Z,0.0,-19.875,284.125,16.13,-1.24
2022-10-01T12:00:00Z,0.0,-19.875,288.125,16.38,-1.17
2022-10-01T12:00:00Z,0.0,-19.875,292.125,NaN,NaN
2022-10-01T12:00:00Z,0.0,-19.875,296.125,NaN,NaN
2022-10-01T12:00:00Z,0.0,-19.875,300.125,NaN,NaN
2022-10-01T12:00:00Z,0.0,-19.875,304.125,NaN,NaN
2022-10-01T12:00:00Z,0.0,-19.875,308.125,NaN,NaN
2022-10-01T12:00:00Z,0.0,-19.875,312.125,NaN,NaN
2022-10-01T12:00:00Z,0.0,-19.875,316.125,NaN,NaN
2022-10-01T12:00:00Z,0.0,-19.875,320.125,23.05,-1.07
2022-10-01T12:00:00Z,0.0,-19.875,324.125,24.24,-0.13
2022-10-01T12:00:00Z,0.0,-19.875,328.125,23.83,-0.25
2022-10-01T12:00:00Z,0.0,-19.875,332.125,23.6,-0.05
2022-10-01T12:00:00Z,0.0,-19.875,336.125,22.99,-0.14
2022-10-01T12:00:00Z,0.0,-19.875,340.125,22.72,0.19
2022-10-01T12:00:00Z,0.0,-19.875,344.125,22.21,0.28
2022-10-01T12:00:00Z,0.0,-19.875,348.125,21.6,0.32
2022-10-01T12:00:00Z,0.0,-19.875,352.125,21.02,0.42
2022-10-01T12:00:00Z,0.0,-19.875,356.125,20.23,0.34
2022-10-01T12:00:00Z,0.0,-15.875,0.125,18.87,-0.54
2022-10-01T12:00:00Z,0.0,-15.875,4.125,18.19,-0.47
2022-10-01T12:00:00Z,0.0,-15.875,8.125,18.38,0.26
2022-10-01T12:00:00Z,0.0,-15.875,12.125,NaN,NaN
2022-10-01T12:00:00Z,0.0,-15.875,16.125,NaN,NaN
2022-10-01T12:00:00Z,0.0,-15.875,20.125,NaN,NaN
2022-10-01T12:00:00Z,0.0,-15.875,24.125,NaN,NaN
2022-10-01T12:00:00Z,0.0,-15.875,28.125,NaN,NaN
2022-10-01T12:00:00Z,0.0,-15.875,32.125,NaN,NaN
2022-10-01T12:00:00Z,0.0,-15.875,36.125,NaN,NaN
2022-10-01T12:00:00Z,0.0,-15.875,40.125,NaN,NaN
2022-10-01T12:00:00Z,0.0,-15.875,44.125,25.68,-0.49
2022-10-01T12:00:00Z,0.0,-15.875,48.125,NaN,NaN
2022-10-01T12:00:00Z,0.0,-15.875,52.125,24.44,-0.39
2022-10-01T12:00:00Z,0.0,-15.875,56.125,23.96,-0.83
2022-10-01T12:00:00Z,0.0,-15.875,60.125,24.01,-0.65
2022-10-01T12:00:00Z,0.0,-15.875,64.125,23.82,-0.78
2022-10-01T12:00:00Z,0.0,-15.875,68.125,24.05,-0.47
2022-10-01T12:00:00Z,0.0,-15.875,72.125,24.62,0.17
2022-10-01T12:00:00Z,0.0,-15.875,76.125,25.11,0.59
2022-10-01T12:00:00Z,0.0,-15.875,80.125,24.22,-0.37
2022-10-01T12:00:00Z,0.0,-15.875,84.125,24.78,-0.05
2022-10-01T12:00:00Z,0.0,-15.875,88.125,26.58,1.48
2022-10-01T12:00:00Z,0.0,-15.875,92.125,26.44,1.22
2022-10-01T12:00:00Z,0.0,-15.875,96.125,25.82,0.41
2022-10-01T12:00:00Z,0.0,-15.875,100.125,25.55,0.18
2022-10-01T12:00:00Z,0.0,-15.875,104.125,25.37,0.01
2022-10-01T12:00:00Z,0.0,-15.875,108.125,26.15,0.73
2022-10-01T12:00:00Z,0.0,-15.875,112.125,25.85,0.1
2022-10-01T12:00:00Z,0.0,-15.875,116.125,26.45,-0.03
2022-10-01T12:00:00Z,0.0,-15.875,120.125,27.71,0.69
2022-10-01T12:00:00Z,0.0,-15.875,124.125,28.18,1.15
2022-10-01T12:00:00Z,0.0,-15.875,128.125,NaN,NaN
2022-10-01T12:00:00Z,0.0,-15.875,132.125,NaN,NaN
2022-10-01T12:00:00Z,0.0,-15.875,136.125,NaN,NaN
2022-10-01T12:00:00Z,0.0,-15.875,140.125,26.58,0.23
2022-10-01T12:00:00Z,0.0,-15.875,144.125,NaN,NaN
2022-10-01T12:00:00Z,0.0,-15.875,148.125,27.28,1.59
2022-10-01T12:00:00Z,0.0,-15.875,152.125,26.98,1.02
2022-10-01T12:00:00Z,0.0,-15.875,156.125,27.94,1.73
2022-10-01T12:00:00Z,0.0,-15.875,160.125,27.9,1.67
2022-10-01T12:00:00Z,0.0,-15.875,164.125,28.25,1.89
2022-10-01T12:00:00Z,0.0,-15.875,168.125,28.45,1.89
2022-10-01T12:00:00Z,0.0,-15.875,172.125,28.22,1.68
2022-10-01T12:00:00Z,0.0,-15.875,176.125,27.75,1.05
2022-10-01T12:00:00Z,0.0,-15.875,180.125,27.35,0.64
2022-10-01T12:00:00Z,0.0,-15.875,184.125,27.34,0.4
2022-10-01T12:00:00Z,0.0,-15.875,188.125,27.27,0.26
2022-10-01T12:00:00Z,0.0,-15.875,192.125,27.34,0.29
2022-10-01T12:00:00Z,0.0,-15.875,196.125,27.14,0.06
2022-10-01T12:00:00Z,0.0,-15.875,200.125,27.15,0.06
2022-10-01T12:00:00Z,0.0,-15.875,204.125,27.04,-0.03
2022-10-01T12:00:00Z,0.0,-15.875,208.125,26.83,-0.21
2022-10-01T12:00:00Z,0.0,-15.875,212.125,26.63,-0.31
2022-10-01T12:00:00Z,0.0,-15.875,216.125,26.18,-0.59
2022-10-01T12:00:00Z,0.0,-15.875,220.125,25.75,-0.84
2022-10-01T12:00:00Z,0.0,-15.875,224.125,25.27,-1.07
2022-10-01T12:00:00Z,0.0,-15.875,228.125,24.81,-1.22
2022-10-01T12:00:00Z,0.0,-15.875,232.125,24.37,-1.28
2022-10-01T12:00:00Z,0.0,-15.875,236.125,23.72,-1.53
2022-10-01T12:00:00Z,0.0,-15.875,240.125,23.58,-1.24
2022-10-01T12:00:00Z,0.0,-15.875,244.125,22.73,-1.53
2022-10-01T12:00:00Z,0.0,-15.875,248.125,22.48,-1.24
2022-10-01T12:00:00Z,0.0,-15.875,252.125,22.03,-1.1
2022-10-01T12:00:00Z,0.0,-15.875,256.125,21.28,-1.26
2022-10-01T12:00:00Z,0.0,-15.875,260.125,20.65,-1.17
2022-10-01T12:00:00Z,0.0,-15.875,264.125,19.98,-1.12
2022-10-01T12:00:00Z,0.0,-15.875,268.125,19.05,-1.25
2022-10-01T12:00:00Z,0.0,-15.875,272.125,18.33,-1.12
2022-10-01T12:00:00Z,0.0,-15.875,276.125,16.74,-1.84
2022-10-01T12:00:00Z,0.0,-15.875,280.125,15.96,-1.86
2022-10-01T12:00:00Z,0.0,-15.875,284.125,15.19,-1.68
2022-10-01T12:00:00Z,0.0,-15.875,288.125,NaN,NaN
2022-10-01T12:00:00Z,0.0,-15.875,292.125,NaN,NaN
2022-10-01T12:00:00Z,0.0,-15.875,296.125,NaN,NaN
2022-10-01T12:00:00Z,0.0,-15.875,300.125,NaN,NaN
2022-10-01T12:00:00Z,0.0,-15.875,304.125,NaN,NaN
2022-10-01T12:00:00Z,0.0,-15.875,308.125,NaN,NaN
2022-10-01T12:00:00Z,0.0,-15.875,312.125,NaN,NaN
2022-10-01T12:00:00Z,0.0,-15.875,316.125,NaN,NaN
2022-10-01T12:00:00Z,0.0,-15.875,320.125,NaN,NaN
2022-10-01T12:00:00Z,0.0,-15.875,324.125,26.4,0.83
2022-10-01T12:00:00Z,0.0,-15.875,328.125,26.01,0.78
2022-10-01T12:00:00Z,0.0,-15.875,332.125,25.43,0.83
2022-10-01T12:00:00Z,0.0,-15.875,336.125,24.63,0.74
2022-10-01T12:00:00Z,0.0,-15.875,340.125,23.31,0.18
2022-10-01T12:00:00Z,0.0,-15.875,344.125,22.9,0.5
2022-10-01T12:00:00Z,0.0,-15.875,348.125,21.43,-0.14
2022-10-01T12:00:00Z,0.0,-15.875,352.125,20.79,-0.04
2022-10-01T12:00:00Z,0.0,-15.875,356.125,19.89,-0.22
2022-10-01T12:00:00Z,0.0,-11.875,0.125,21.24,0.16
2022-10-01T12:00:00Z,0.0,-11.875,4.125,20.17,-0.37
2022-10-01T12:00:00Z,0.0,-11.875,8.125,21.22,0.34
2022-10-01T12:00:00Z,0.0,-11.875,12.125,23.64,1.05
2022-10-01T12:00:00Z,0.0,-11.875,16.125,NaN,NaN
2022-10-01T12:00:00Z,0.0,-11.875,20.125,NaN,NaN
2022-10-01T12:00:00Z,0.0,-11.875,24.125,NaN,NaN
2022-10-01T12:00:00Z,0.0,-11.875,28.125,NaN,NaN
2022-10-01T12:00:00Z,0.0,-11.875,32.125,NaN,NaN
2022-10-01T12:00:00Z,0.0,-11.875,36.125,NaN,NaN
2022-10-01T12:00:00Z,0.0,-11.875,40.125,NaN,NaN
2022-10-01T12:00:00Z,0.0,-11.875,44.125,25.84,-0.16
2022-10-01T12:00:00Z,0.0,-11.875,48.125,25.59,-0.11
2022-10-01T12:00:00Z,0.0,-11.875,52.125,25.0,-0.47
2022-10-01T12:00:00Z,0.0,-11.875,56.125,25.44,-0.29
2022-10-01T12:00:00Z,0.0,-11.875,60.125,25.56,-0.18
2022-10-01T12:00:00Z,0.0,-11.875,64.125,25.31,-0.4
2022-10-01T12:00:00Z,0.0,-11.875,68.125,26.15,0.39
2022-10-01T12:00:00Z,0.0,-11.875,72.125,26.75,0.89
2022-10-01T12:00:00Z,0.0,-11.875,76.125,26.09,0.25
2022-10-01T12:00:00Z,0.0,-11.875,80.125,26.43,0.3
2022-10-01T12:00:00Z,0.0,-11.875,84.125,25.57,-0.93
2022-10-01T12:00:00Z,0.0,-11.875,88.125,26.69,-0.14
2022-10-01T12:00:00Z,0.0,-11.875,92.125,27.07,0.11
2022-10-01T12:00:00Z,0.0,-11.875,96.125,26.63,-0.15
2022-10-01T12:00:00Z,0.0,-11.875,100.125,27.06,0.56
2022-10-01T12:00:00Z,0.0,-11.875,104.125,26.43,0.06
2022-10-01T12:00:00Z,0.0,-11.875,108.125,26.97,0.42
2022-10-01T12:00:00Z,0.0,-11.875,112.125,26.92,0.06
2022-10-01T12:00:00Z,0.0,-11.875,116.125,28.51,1.2
2022-10-01T12:00:00Z,0.0,-11.875,120.125,29.55,1.8
2022-10-01T12:00:00Z,0.0,-11.875,124.125,29.6,1.42
2022-10-01T12:00:00Z,0.0,-11.875,128.125,29.14,0.82
2022-10-01T12:00:00Z,0.0,-11.875,132.125,29.32,1.51
2022-10-01T12:00:00Z,0.0,-11.875,136.125,28.6,1.54
2022-10-01T12:00:00Z,0.0,-11.875,140.125,28.5,1.43
2022-10-01T12:00:00Z,0.0,-11.875,144.125,27.25,1.43
2022-10-01T12:00:00Z,0.0,-11.875,148.125,27.92,1.93
2022-10-01T12:00:00Z,0.0,-11.875,152.125,28.53,1.8
2022-10-01T12:00:00Z,0.0,-11.875,156.125,29.04,1.42
2022-10-01T12:00:00Z,0.0,-11.875,160.125,29.37,1.53
2022-10-01T12:00:00Z,0.0,-11.875,164.125,29.15,1.34
2022-10-01T12:00:00Z,0.0,-11.875,168.125,29.13,1.21
2022-10-01T12:00:00Z,0.0,-11.875,172.125,28.92,0.8
2022-10-01T12:00:00Z,0.0,-11.875,176.125,28.68,0.44
2022-10-01T12:00:00Z,0.0,-11.875,180.125,28.77,0.4
2022-10-01T12:00:00Z,0.0,-11.875,184.125,28.53,0.16
2022-10-01T12:00:00Z,0.0,-11.875,188.125,28.45,0.06
2022-10-01T12:00:00Z,0.0,-11.875,192.125,28.12,-0.2
2022-10-01T12:00:00Z,0.0,-11.875,196.125,27.88,-0.37
2022-10-01T12:00:00Z,0.0,-11.875,200.125,27.85,-0.36
2022-10-01T12:00:00Z,0.0,-11.875,204.125,27.32,-0.75
2022-10-01T12:00:00Z,0.0,-11.875,208.125,26.99,-0.92
2022-10-01T12:00:00Z,0.0,-11.875,212.125,26.71,-1.01
2022-10-01T12:00:00Z,0.0,-11.875,216.125,26.64,-0.85
2022-10-01T12:00:00Z,0.0,-11.875,220.125,26.06,-1.15
2022-10-01T12:00:00Z,0.0,-11.875,224.125,25.61,-1.24
2022-10-01T12:00:00Z,0.0,-11.875,228.125,25.49,-1.03
2022-10-01T12:00:00Z,0.0,-11.875,232.125,25.23,-0.96
2022-10-01T12:00:00Z,0.0,-11.875,236.125,24.61,-1.19
2022-10-01T12:00:00Z,0.0,-11.875,240.125,24.39,-0.98
2022-10-01T12:00:00Z,0.0,-11.875,244.125,23.69,-1.19
2022-10-01T12:00:00Z,0.0,-11.875,248.125,23.62,-0.77
2022-10-01T12:00:00Z,0.0,-11.875,252.125,22.66,-1.21
2022-10-01T12:00:00Z,0.0,-11.875,256.125,21.98,-1.27
2022-10-01T12:00:00Z,0.0,-11.875,260.125,21.33,-1.3
2022-10-01T12:00:00Z,0.0,-11.875,264.125,20.76,-1.16
2022-10-01T12:00:00Z,0.0,-11.875,268.125,19.56,-1.44
2022-10-01T12:00:00Z,0.0,-11.875,272.125,18.19,-1.81
2022-10-01T12:00:00Z,0.0,-11.875,276.125,17.17,-2.07
2022-10-01T12:00:00Z,0.0,-11.875,280.125,15.97,-2.35
2022-10-01T12:00:00Z,0.0,-11.875,284.125,NaN,NaN
2022-10-01T12:00:00Z,0.0,-11.875,288.125,NaN,NaN
2022-10-01T12:00:00Z,0.0,-11.875,292.125,NaN,NaN
2022-10-01T12:00:00Z,0.0,-11.875,296.125,NaN,NaN
2022-10-01T12:00:00Z,0.0,-11.875,300.125,NaN,NaN
2022-10-01T12:00:00Z,0.0,-11.875,304.125,NaN,NaN
2022-10-01T12:00:00Z,0.0,-11.875,308.125,NaN,NaN
2022-10-01T12:00:00Z,0.0,-11.875,312.125,NaN,NaN
2022-10-01T12:00:00Z,0.0,-11.875,316.125,NaN,NaN
2022-10-01T12:00:00Z,0.0,-11.875,320.125,NaN,NaN
2022-10-01T12:00:00Z,0.0,-11.875,324.125,26.76,0.57
2022-10-01T12:00:00Z,0.0,-11.875,328.125,26.37,0.28
2022-10-01T12:00:00Z,0.0,-11.875,332.125,26.14,0.58
2022-10-01T12:00:00Z,0.0,-11.875,336.125,25.27,0.32
2022-10-01T12:00:00Z,0.0,-11.875,340.125,24.8,0.48
2022-10-01T12:00:00Z,0.0,-11.875,344.125,23.9,0.24
2022-10-01T12:00:00Z,0.0,-11.875,348.125,22.96,0.0
2022-10-01T12:00:00Z,0.0,-11.875,352.125,22.46,0.23
2022-10-01T12:00:00Z,0.0,-11.875,356.125,21.74,0.17
2022-10-01T12:00:00Z,0.0,-7.875,0.125,22.4,-0.15
2022-10-01T12:00:00Z,0.0,-7.875,4.125,22.13,-0.27
2022-10-01T12:00:00Z,0.0,-7.875,8.125,22.86,-0.21
2022-10-01T12:00:00Z,0.0,-7.875,12.125,24.73,0.96
2022-10-01T12:00:00Z,0.0,-7.875,16.125,NaN,NaN
2022-10-01T12:00:00Z,0.0,-7.875,20.125,NaN,NaN
2022-10-01T12:00:00Z,0.0,-7.875,24.125,NaN,NaN
2022-10-01T12:00:00Z,0.0,-7.875,28.125,NaN,NaN
2022-10-01T12:00:00Z,0.0,-7.875,32.125,NaN,NaN
2022-10-01T12:00:00Z,0.0,-7.875,36.125,NaN,NaN
2022-10-01T12:00:00Z,0.0,-7.875,40.125,25.65,-0.26
2022-10-01T12:00:00Z,0.0,-7.875,44.125,25.43,-0.21
2022-10-01T12:00:00Z,0.0,-7.875,48.125,25.87,0.11
2022-10-01T12:00:00Z,0.0,-7.875,52.125,26.47,0.2
2022-10-01T12:00:00Z,0.0,-7.875,56.125,27.09,0.45
2022-10-01T12:00:00Z,0.0,-7.875,60.125,27.4,0.53
2022-10-01T12:00:00Z,0.0,-7.875,64.125,27.63,0.56
2022-10-01T12:00:00Z,0.0,-7.875,68.125,27.45,0.37
2022-10-01T12:00:00Z,0.0,-7.875,72.125,28.11,1.04
2022-10-01T12:00:00Z,0.0,-7.875,76.125,27.9,0.5
2022-10-01T12:00:00Z,0.0,-7.875,80.125,27.67,0.02
2022-10-01T12:00:00Z,0.0,-7.875,84.125,27.94,0.2
2022-10-01T12:00:00Z,0.0,-7.875,88.125,27.75,0.06
2022-10-01T12:00:00Z,0.0,-7.875,92.125,27.78,0.21
2022-10-01T12:00:00Z,0.0,-7.875,96.125,27.6,0.2
2022-10-01T12:00:00Z,0.0,-7.875,100.125,27.39,0.06
2022-10-01T12:00:00Z,0.0,-7.875,104.125,27.99,0.65
2022-10-01T12:00:00Z,0.0,-7.875,108.125,26.53,-0.61
2022-10-01T12:00:00Z,0.0,-7.875,112.125,NaN,NaN
2022-10-01T12:00:00Z,0.0,-7.875,116.125,29.4,1.59
2022-10-01T12:00:00Z,0.0,-7.875,120.125,29.57,1.76
2022-10-01T12:00:00Z,0.0,-7.875,124.125,29.69,1.59
2022-10-01T12:00:00Z,0.0,-7.875,128.125,28.99,1.31
2022-10-01T12:00:00Z,0.0,-7.875,132.125,28.74,1.41
2022-10-01T12:00:00Z,0.0,-7.875,136.125,28.14,1.25
2022-10-01T12:00:00Z,0.0,-7.875,140.125,NaN,NaN
2022-10-01T12:00:00Z,0.0,-7.875,144.125,29.22,2.65
2022-10-01T12:00:00Z,0.0,-7.875,148.125,30.0,2.13
2022-10-01T12:00:00Z,0.0,-7.875,152.125,29.91,1.76
2022-10-01T12:00:00Z,0.0,-7.875,156.125,29.98,1.41
2022-10-01T12:00:00Z,0.0,-7.875,160.125,29.47,0.69
2022-10-01T12:00:00Z,0.0,-7.875,164.125,29.32,0.42
2022-10-01T12:00:00Z,0.0,-7.875,168.125,29.25,0.17
2022-10-01T12:00:00Z,0.0,-7.875,172.125,29.2,0.02
2022-10-01T12:00:00Z,0.0,-7.875,176.125,28.91,-0.28
2022-10-01T12:00:00Z,0.0,-7.875,180.125,28.73,-0.43
2022-10-01T12:00:00Z,0.0,-7.875,184.125,28.41,-0.65
2022-10-01T12:00:00Z,0.0,-7.875,188.125,28.34,-0.59
2022-10-01T12:00:00Z,0.0,-7.875,192.125,28.12,-0.65
2022-10-01T12:00:00Z,0.0,-7.875,196.125,27.92,-0.7
2022-10-01T12:00:00Z,0.0,-7.875,200.125,27.6,-0.86
2022-10-01T12:00:00Z,0.0,-7.875,204.125,27.51,-0.75
2022-10-01T12:00:00Z,0.0,-7.875,208.125,26.98,-1.02
2022-10-01T12:00:00Z,0.0,-7.875,212.125,26.89,-0.83
2022-10-01T12:00:00Z,0.0,-7.875,216.125,26.43,-0.98
2022-10-01T12:00:00Z,0.0,-7.875,220.125,26.1,-0.98
2022-10-01T12:00:00Z,0.0,-7.875,224.125,25.58,-1.19
2022-10-01T12:00:00Z,0.0,-7.875,228.125,25.02,-1.47
2022-10-01T12:00:00Z,0.0,-7.875,232.125,25.15,-1.03
2022-10-01T12:00:00Z,0.0,-7.875,236.125,24.94,-0.86
2022-10-01T12:00:00Z,0.0,-7.875,240.125,24.53,-0.86
2022-10-01T12:00:00Z,0.0,-7.875,244.125,23.95,-1.02
2022-10-01T12:00:00Z,0.0,-7.875,248.125,23.76,-0.71
2022-10-01T12:00:00Z,0.0,-7.875,252.125,23.28,-0.73
2022-10-01T12:00:00Z,0.0,-7.875,256.125,22.28,-1.18
2022-10-01T12:00:00Z,0.0,-7.875,260.125,22.24,-0.72
2022-10-01T12:00:00Z,0.0,-7.875,264.125,21.43,-1.03
2022-10-01T12:00:00Z,0.0,-7.875,268.125,19.92,-1.92
2022-10-01T12:00:00Z,0.0,-7.875,272.125,19.29,-1.74
2022-10-01T12:00:00Z,0.0,-7.875,276.125,17.53,-2.43
2022-10-01T12:00:00Z,0.0,-7.875,280.125,15.2,-2.69
2022-10-01T12:00:00Z,0.0,-7.875,284.125,NaN,NaN
2022-10-01T12:00:00Z,0.0,-7.875,288.125,NaN,NaN
2022-10-01T12:00:00Z,0.0,-7.875,292.125,NaN,NaN
2022-10-01T12:00:00Z,0.0,-7.875,296.125,NaN,NaN
2022-10-01T12:00:00Z,0.0,-7.875,300.125,NaN,NaN
2022-10-01T12:00:00Z,0.0,-7.875,304.125,NaN,NaN
2022-10-01T12:00:00Z,0.0,-7.875,308.125,NaN,NaN
2022-10-01T12:00:00Z,0.0,-7.875,312.125,NaN,NaN
2022-10-01T12:00:00Z,0.0,-7.875,316.125,NaN,NaN
2022-10-01T12:00:00Z,0.0,-7.875,320.125,NaN,NaN
2022-10-01T12:00:00Z,0.0,-7.875,324.125,NaN,NaN
2022-10-01T12:00:00Z,0.0,-7.875,328.125,26.87,0.32
2022-10-01T12:00:00Z,0.0,-7.875,332.125,26.64,0.53
2022-10-01T12:00:00Z,0.0,-7.875,336.125,26.09,0.5
2022-10-01T12:00:00Z,0.0,-7.875,340.125,25.21,0.23
2022-10-01T12:00:00Z,0.0,-7.875,344.125,24.48,0.01
2022-10-01T12:00:00Z,0.0,-7.875,348.125,23.76,-0.21
2022-10-01T12:00:00Z,0.0,-7.875,352.125,23.64,0.15
2022-10-01T12:00:00Z,0.0,-7.875,356.125,23.13,0.1
2022-10-01T12:00:00Z,0.0,-3.875,0.125,23.95,0.15
2022-10-01T12:00:00Z,0.0,-3.875,4.125,24.88,0.69
2022-10-01T12:00:00Z,0.0,-3.875,8.125,25.14,0.5
2022-10-01T12:00:00Z,0.0,-3.875,12.125,NaN,NaN
2022-10-01T12:00:00Z,0.0,-3.875,16.125,NaN,NaN
2022-10-01T12:00:00Z,0.0,-3.875,20.125,NaN,NaN
2022-10-01T12:00:00Z,0.0,-3.875,24.125,NaN,NaN
2022-10-01T12:00:00Z,0.0,-3.875,28.125,NaN,NaN
2022-10-01T12:00:00Z,0.0,-3.875,32.125,NaN,NaN
2022-10-01T12:00:00Z,0.0,-3.875,36.125,NaN,NaN
2022-10-01T12:00:00Z,0.0,-3.875,40.125,25.44,-0.61
2022-10-01T12:00:00Z,0.0,-3.875,44.125,26.57,0.43
2022-10-01T12:00:00Z,0.0,-3.875,48.125,26.24,-0.12
2022-10-01T12:00:00Z,0.0,-3.875,52.125,27.1,0.11
2022-10-01T12:00:00Z,0.0,-3.875,56.125,27.8,0.21
2022-10-01T12:00:00Z,0.0,-3.875,60.125,28.55,0.55
2022-10-01T12:00:00Z,0.0,-3.875,64.125,28.64,0.5
2022-10-01T12:00:00Z,0.0,-3.875,68.125,28.74,0.47
2022-10-01T12:00:00Z,0.0,-3.875,72.125,28.97,0.69
2022-10-01T12:00:00Z,0.0,-3.875,76.125,28.92,0.61
2022-10-01T12:00:00Z,0.0,-3.875,80.125,28.98,0.62
2022-10-01T12:00:00Z,0.0,-3.875,84.125,28.8,0.42
2022-10-01T12:00:00Z,0.0,-3.875,88.125,28.5,0.15
2022-10-01T12:00:00Z,0.0,-3.875,92.125,28.81,0.44
2022-10-01T12:00:00Z,0.0,-3.875,96.125,28.7,0.37
2022-10-01T12:00:00Z,0.0,-3.875,100.125,28.44,-0.05
2022-10-01T12:00:00Z,0.0,-3.875,104.125,NaN,NaN
2022-10-01T12:00:00Z,0.0,-3.875,108.125,29.14,0.21
2022-10-01T12:00:00Z,0.0,-3.875,112.125,29.31,0.9
2022-10-01T12:00:00Z,0.0,-3.875,116.125,29.29,0.7
2022-10-01T12:00:00Z,0.0,-3.875,120.125,NaN,NaN
2022-10-01T12:00:00Z,0.0,-3.875,124.125,29.69,1.78
2022-10-01T12:00:00Z,0.0,-3.875,128.125,29.16,1.27
2022-10-01T12:00:00Z,0.0,-3.875,132.125,30.04,2.41
2022-10-01T12:00:00Z,0.0,-3.875,136.125,NaN,NaN
2022-10-01T12:00:00Z,0.0,-3.875,140.125,NaN,NaN
2022-10-01T12:00:00Z,0.0,-3.875,144.125,NaN,NaN
2022-10-01T12:00:00Z,0.0,-3.875,148.125,30.23,1.08
2022-10-01T12:00:00Z,0.0,-3.875,152.125,29.86,0.62
2022-10-01T12:00:00Z,0.0,-3.875,156.125,29.27,0.0
2022-10-01T12:00:00Z,0.0,-3.875,160.125,29.04,-0.35
2022-10-01T12:00:00Z,0.0,-3.875,164.125,28.77,-0.68
2022-10-01T12:00:00Z,0.0,-3.875,168.125,28.53,-0.91
2022-10-01T12:00:00Z,0.0,-3.875,172.125,28.16,-1.21
2022-10-01T12:00:00Z,0.0,-3.875,176.125,28.08,-1.22
2022-10-01T12:00:00Z,0.0,-3.875,180.125,27.93,-1.26
2022-10-01T12:00:00Z,0.0,-3.875,184.125,27.56,-1.4
2022-10-01T12:00:00Z,0.0,-3.875,188.125,27.2,-1.53
2022-10-01T12:00:00Z,0.0,-3.875,192.125,27.16,-1.31
2022-10-01T12:00:00Z,0.0,-3.875,196.125,27.03,-1.17
2022-10-01T12:00:00Z,0.0,-3.875,200.125,26.94,-1.0
2022-10-01T12:00:00Z,0.0,-3.875,204.125,26.52,-1.19
2022-10-01T12:00:00Z,0.0,-3.875,208.125,26.46,-0.97
2022-10-01T12:00:00Z,0.0,-3.875,212.125,26.02,-1.09
2022-10-01T12:00:00Z,0.0,-3.875,216.125,26.06,-0.7
2022-10-01T12:00:00Z,0.0,-3.875,220.125,25.6,-0.91
2022-10-01T12:00:00Z,0.0,-3.875,224.125,25.57,-0.67
2022-10-01T12:00:00Z,0.0,-3.875,228.125,24.91,-1.04
2022-10-01T12:00:00Z,0.0,-3.875,232.125,24.64,-0.95
2022-10-01T12:00:00Z,0.0,-3.875,236.125,24.43,-0.78
2022-10-01T12:00:00Z,0.0,-3.875,240.125,23.78,-1.02
2022-10-01T12:00:00Z,0.0,-3.875,244.125,23.56,-0.77
2022-10-01T12:00:00Z,0.0,-3.875,248.125,22.51,-1.33
2022-10-01T12:00:00Z,0.0,-3.875,252.125,22.38,-0.99
2022-10-01T12:00:00Z,0.0,-3.875,256.125,21.45,-1.44
2022-10-01T12:00:00Z,0.0,-3.875,260.125,20.17,-2.25
2022-10-01T12:00:00Z,0.0,-3.875,264.125,18.95,-2.99
2022-10-01T12:00:00Z,0.0,-3.875,268.125,19.06,-2.57
2022-10-01T12:00:00Z,0.0,-3.875,272.125,18.79,-2.38
2022-10-01T12:00:00Z,0.0,-3.875,276.125,17.55,-2.17
2022-10-01T12:00:00Z,0.0,-3.875,280.125,NaN,NaN
2022-10-01T12:00:00Z,0.0,-3.875,284.125,NaN,NaN
2022-10-01T12:00:00Z,0.0,-3.875,288.125,NaN,NaN
2022-10-01T12:00:00Z,0.0,-3.875,292.125,NaN,NaN
2022-10-01T12:00:00Z,0.0,-3.875,296.125,NaN,NaN
2022-10-01T12:00:00Z,0.0,-3.875,300.125,NaN,NaN
2022-10-01T12:00:00Z,0.0,-3.875,304.125,NaN,NaN
2022-10-01T12:00:00Z,0.0,-3.875,308.125,NaN,NaN
2022-10-01T12:00:00Z,0.0,-3.875,312.125,NaN,NaN
2022-10-01T12:00:00Z,0.0,-3.875,316.125,NaN,NaN
2022-10-01T12:00:00Z,0.0,-3.875,320.125,NaN,NaN
2022-10-01T12:00:00Z,0.0,-3.875,324.125,26.96,0.38
2022-10-01T12:00:00Z,0.0,-3.875,328.125,26.78,0.28
2022-10-01T12:00:00Z,0.0,-3.875,332.125,26.35,0.18
2022-10-01T12:00:00Z,0.0,-3.875,336.125,26.08,0.33
2022-10-01T12:00:00Z,0.0,-3.875,340.125,25.52,0.26
2022-10-01T12:00:00Z,0.0,-3.875,344.125,24.96,0.24
2022-10-01T12:00:00Z,0.0,-3.875,348.125,24.59,0.27
2022-10-01T12:00:00Z,0.0,-3.875,352.125,24.3,0.3
2022-10-01T12:00:00Z,0.0,-3.875,356.125,23.88,0.06
2022-10-01T12:00:00Z,0.0,0.125,0.125,26.0,0.14
2022-10-01T12:00:00Z,0.0,0.125,4.125,26.68,0.65
2022-10-01T12:00:00Z,0.0,0.125,8.125,26.74,0.55
2022-10-01T12:00:00Z,0.0,0.125,12.125,NaN,NaN
2022-10-01T12:00:00Z,0.0,0.125,16.125,NaN,NaN
2022-10-01T12:00:00Z,0.0,0.125,20.125,NaN,NaN
2022-10-01T12:00:00Z,0.0,0.125,24.125,NaN,NaN
2022-10-01T12:00:00Z,0.0,0.125,28.125,NaN,NaN
2022-10-01T12:00:00Z,0.0,0.125,32.125,NaN,NaN
2022-10-01T12:00:00Z,0.0,0.125,36.125,NaN,NaN
2022-10-01T12:00:00Z,0.0,0.125,40.125,NaN,NaN
2022-10-01T12:00:00Z,0.0,0.125,44.125,26.24,0.12
2022-10-01T12:00:00Z,0.0,0.125,48.125,26.23,-0.34
2022-10-01T12:00:00Z,0.0,0.125,52.125,26.7,-0.55
2022-10-01T12:00:00Z,0.0,0.125,56.125,27.56,-0.51
2022-10-01T12:00:00Z,0.0,0.125,60.125,29.0,0.52
2022-10-01T12:00:00Z,0.0,0.125,64.125,29.02,0.33
2022-10-01T12:00:00Z,0.0,0.125,68.125,29.27,0.55
2022-10-01T12:00:00Z,0.0,0.125,72.125,29.02,0.4
2022-10-01T12:00:00Z,0.0,0.125,76.125,28.82,0.35
2022-10-01T12:00:00Z,0.0,0.125,80.125,28.73,0.33
2022-10-01T12:00:00Z,0.0,0.125,84.125,28.63,0.25
2022-10-01T12:00:00Z,0.0,0.125,88.125,28.73,0.29
2022-10-01T12:00:00Z,0.0,0.125,92.125,28.89,0.35
2022-10-01T12:00:00Z,0.0,0.125,96.125,28.82,-0.06
2022-10-01T12:00:00Z,0.0,0.125,100.125,NaN,NaN
2022-10-01T12:00:00Z,0.0,0.125,104.125,29.5,0.39
2022-10-01T12:00:00Z,0.0,0.125,108.125,29.99,1.02
2022-10-01T12:00:00Z,0.0,0.125,112.125,NaN,NaN
2022-10-01T12:00:00Z,0.0,0.125,116.125,NaN,NaN
2022-10-01T12:00:00Z,0.0,0.125,120.125,30.1,0.75
2022-10-01T12:00:00Z,0.0,0.125,124.125,29.64,0.94
2022-10-01T12:00:00Z,0.0,0.125,128.125,29.84,1.2
2022-10-01T12:00:00Z,0.0,0.125,132.125,29.78,0.43
2022-10-01T12:00:00Z,0.0,0.125,136.125,29.78,0.42
2022-10-01T12:00:00Z,0.0,0.125,140.125,29.68,0.36
2022-10-01T12:00:00Z,0.0,0.125,144.125,29.7,0.39
2022-10-01T12:00:00Z,0.0,0.125,148.125,29.49,0.13
2022-10-01T12:00:00Z,0.0,0.125,152.125,29.47,0.13
2022-10-01T12:00:00Z,0.0,0.125,156.125,29.02,-0.3
2022-10-01T12:00:00Z,0.0,0.125,160.125,28.51,-0.71
2022-10-01T12:00:00Z,0.0,0.125,164.125,28.21,-0.88
2022-10-01T12:00:00Z,0.0,0.125,168.125,27.74,-1.19
2022-10-01T12:00:00Z,0.0,0.125,172.125,27.69,-1.15
2022-10-01T12:00:00Z,0.0,0.125,176.125,28.04,-0.77
2022-10-01T12:00:00Z,0.0,0.125,180.125,27.32,-1.26
2022-10-01T12:00:00Z,0.0,0.125,184.125,27.22,-1.06
2022-10-01T12:00:00Z,0.0,0.125,188.125,26.27,-1.73
2022-10-01T12:00:00Z,0.0,0.125,192.125,26.18,-1.49
2022-10-01T12:00:00Z,0.0,0.125,196.125,26.19,-1.19
2022-10-01T12:00:00Z,0.0,0.125,200.125,25.73,-1.34
2022-10-01T12:00:00Z,0.0,0.125,204.125,25.64,-1.25
2022-10-01T12:00:00Z,0.0,0.125,208.125,25.71,-0.84
2022-10-01T12:00:00Z,0.0,0.125,212.125,25.3,-0.91
2022-10-01T12:00:00Z,0.0,0.125,216.125,24.83,-1.06
2022-10-01T12:00:00Z,0.0,0.125,220.125,25.63,0.04
2022-10-01T12:00:00Z,0.0,0.125,224.125,24.43,-0.84
2022-10-01T12:00:00Z,0.0,0.125,228.125,24.25,-0.73
2022-10-01T12:00:00Z,0.0,0.125,232.125,23.6,-1.04
2022-10-01T12:00:00Z,0.0,0.125,236.125,24.2,-0.03
2022-10-01T12:00:00Z,0.0,0.125,240.125,24.61,0.84
2022-10-01T12:00:00Z,0.0,0.125,244.125,22.26,-1.06
2022-10-01T12:00:00Z,0.0,0.125,248.125,21.54,-1.41
2022-10-01T12:00:00Z,0.0,0.125,252.125,20.43,-2.19
2022-10-01T12:00:00Z,0.0,0.125,256.125,20.23,-2.1
2022-10-01T12:00:00Z,0.0,0.125,260.125,18.52,-3.74
2022-10-01T12:00:00Z,0.0,0.125,264.125,16.23,-5.88
2022-10-01T12:00:00Z,0.0,0.125,268.125,18.74,-3.6
2022-10-01T12:00:00Z,0.0,0.125,272.125,22.32,-1.19
2022-10-01T12:00:00Z,0.0,0.125,276.125,24.72,0.68
2022-10-01T12:00:00Z,0.0,0.125,280.125,NaN,NaN
2022-10-01T12:00:00Z,0.0,0.125,284.125,NaN,NaN
2022-10-01T12:00:00Z,0.0,0.125,288.125,NaN,NaN
2022-10-01T12:00:00Z,0.0,0.125,292.125,NaN,NaN
2022-10-01T12:00:00Z,0.0,0.125,296.125,NaN,NaN
2022-10-01T12:00:00Z,0.0,0.125,300.125,NaN,NaN
2022-10-01T12:00:00Z,0.0,0.125,304.125,NaN,NaN
2022-10-01T12:00:00Z,0.0,0.125,308.125,NaN,NaN
2022-10-01T12:00:00Z,0.0,0.125,312.125,28.53,0.64
2022-10-01T12:00:00Z,0.0,0.125,316.125,27.4,0.39
2022-10-01T12:00:00Z,0.0,0.125,320.125,27.22,0.09
2022-10-01T12:00:00Z,0.0,0.125,324.125,26.97,0.01
2022-10-01T12:00:00Z,0.0,0.125,328.125,26.84,0.14
2022-10-01T12:00:00Z,0.0,0.125,332.125,26.61,0.22
2022-10-01T12:00:00Z,0.0,0.125,336.125,26.21,0.22
2022-10-01T12:00:00Z,0.0,0.125,340.125,26.53,1.03
2022-10-01T12:00:00Z,0.0,0.125,344.125,25.78,0.56
2022-10-01T12:00:00Z,0.0,0.125,348.125,25.26,0.43
2022-10-01T12:00:00Z,0.0,0.125,352.125,24.97,0.33
2022-10-01T12:00:00Z,0.0,0.125,356.125,25.16,-0.18
2022-10-01T12:00:00Z,0.0,4.125,0.125,25.94,-0.09
2022-10-01T12:00:00Z,0.0,4.125,4.125,26.55,-0.07
2022-10-01T12:00:00Z,0.0,4.125,8.125,27.26,0.44
2022-10-01T12:00:00Z,0.0,4.125,12.125,NaN,NaN
2022-10-01T12:00:00Z,0.0,4.125,16.125,NaN,NaN
2022-10-01T12:00:00Z,0.0,4.125,20.125,NaN,NaN
2022-10-01T12:00:00Z,0.0,4.125,24.125,NaN,NaN
2022-10-01T12:00:00Z,0.0,4.125,28.125,NaN,NaN
2022-10-01T12:00:00Z,0.0,4.125,32.125,NaN,NaN
2022-10-01T12:00:00Z,0.0,4.125,36.125,NaN,NaN
2022-10-01T12:00:00Z,0.0,4.125,40.125,NaN,NaN
2022-10-01T12:00:00Z,0.0,4.125,44.125,NaN,NaN
2022-10-01T12:00:00Z,0.0,4.125,48.125,25.77,-0.33
2022-10-01T12:00:00Z,0.0,4.125,52.125,26.4,-0.3
2022-10-01T12:00:00Z,0.0,4.125,56.125,26.76,-0.69
2022-10-01T12:00:00Z,0.0,4.125,60.125,28.25,-0.21
2022-10-01T12:00:00Z,0.0,4.125,64.125,29.12,0.38
2022-10-01T12:00:00Z,0.0,4.125,68.125,28.98,0.25
2022-10-01T12:00:00Z,0.0,4.125,72.125,28.68,0.14
2022-10-01T12:00:00Z,0.0,4.125,76.125,28.25,-0.04
2022-10-01T12:00:00Z,0.0,4.125,80.125,28.53,0.41
2022-10-01T12:00:00Z,0.0,4.125,84.125,27.98,-0.15
2022-10-01T12:00:00Z,0.0,4.125,88.125,28.4,0.09
2022-10-01T12:00:00Z,0.0,4.125,92.125,28.49,0.11
2022-10-01T12:00:00Z,0.0,4.125,96.125,29.14,0.35
2022-10-01T12:00:00Z,0.0,4.125,100.125,29.97,0.65
2022-10-01T12:00:00Z,0.0,4.125,104.125,29.18,0.09
2022-10-01T12:00:00Z,0.0,4.125,108.125,29.24,0.16
2022-10-01T12:00:00Z,0.0,4.125,112.125,29.4,0.25
2022-10-01T12:00:00Z,0.0,4.125,116.125,NaN,NaN
2022-10-01T12:00:00Z,0.0,4.125,120.125,30.29,1.08
2022-10-01T12:00:00Z,0.0,4.125,124.125,30.07,0.85
2022-10-01T12:00:00Z,0.0,4.125,128.125,29.92,0.9
2022-10-01T12:00:00Z,0.0,4.125,132.125,29.79,0.62
2022-10-01T12:00:00Z,0.0,4.125,136.125,29.91,0.7
2022-10-01T12:00:00Z,0.0,4.125,140.125,30.22,0.92
2022-10-01T12:00:00Z,0.0,4.125,144.125,30.25,0.88
2022-10-01T12:00:00Z,0.0,4.125,148.125,30.0,0.58
2022-10-01T12:00:00Z,0.0,4.125,152.125,29.92,0.48
2022-10-01T12:00:00Z,0.0,4.125,156.125,29.71,0.3
2022-10-01T12:00:00Z,0.0,4.125,160.125,29.26,-0.11
2022-10-01T12:00:00Z,0.0,4.125,164.125,29.48,0.17
2022-10-01T12:00:00Z,0.0,4.125,168.125,29.09,-0.17
2022-10-01T12:00:00Z,0.0,4.125,172.125,28.49,-0.73
2022-10-01T12:00:00Z,0.0,4.125,176.125,28.77,-0.44
2022-10-01T12:00:00Z,0.0,4.125,180.125,28.08,-0.97
2022-10-01T12:00:00Z,0.0,4.125,184.125,28.18,-0.71
2022-10-01T12:00:00Z,0.0,4.125,188.125,27.01,-1.72
2022-10-01T12:00:00Z,0.0,4.125,192.125,27.44,-1.1
2022-10-01T12:00:00Z,0.0,4.125,196.125,27.92,-0.39
2022-10-01T12:00:00Z,0.0,4.125,200.125,27.04,-1.07
2022-10-01T12:00:00Z,0.0,4.125,204.125,26.68,-1.3
2022-10-01T12:00:00Z,0.0,4.125,208.125,27.49,-0.31
2022-10-01T12:00:00Z,0.0,4.125,212.125,27.04,-0.53
2022-10-01T12:00:00Z,0.0,4.125,216.125,25.87,-1.52
2022-10-01T12:00:00Z,0.0,4.125,220.125,27.28,0.06
2022-10-01T12:00:00Z,0.0,4.125,224.125,27.16,0.08
2022-10-01T12:00:00Z,0.0,4.125,228.125,25.57,-1.3
2022-10-01T12:00:00Z,0.0,4.125,232.125,24.75,-1.88
2022-10-01T12:00:00Z,0.0,4.125,236.125,26.36,-0.03
2022-10-01T12:00:00Z,0.0,4.125,240.125,26.01,-0.17
2022-10-01T12:00:00Z,0.0,4.125,244.125,26.68,0.51
2022-10-01T12:00:00Z,0.0,4.125,248.125,26.59,0.54
2022-10-01T12:00:00Z,0.0,4.125,252.125,26.73,0.52
2022-10-01T12:00:00Z,0.0,4.125,256.125,26.16,-0.16
2022-10-01T12:00:00Z,0.0,4.125,260.125,26.45,-0.11
2022-10-01T12:00:00Z,0.0,4.125,264.125,26.64,-0.16
2022-10-01T12:00:00Z,0.0,4.125,268.125,27.08,0.13
2022-10-01T12:00:00Z,0.0,4.125,272.125,26.76,-0.06
2022-10-01T12:00:00Z,0.0,4.125,276.125,26.92,0.03
2022-10-01T12:00:00Z,0.0,4.125,280.125,27.6,0.54
2022-10-01T12:00:00Z,0.0,4.125,284.125,NaN,NaN
2022-10-01T12:00:00Z,0.0,4.125,288.125,NaN,NaN
2022-10-01T12:00:00Z,0.0,4.125,292.125,NaN,NaN
2022-10-01T12:00:00Z,0.0,4.125,296.125,NaN,NaN
2022-10-01T12:00:00Z,0.0,4.125,300.125,NaN,NaN
2022-10-01T12:00:00Z,0.0,4.125,304.125,NaN,NaN
2022-10-01T12:00:00Z,0.0,4.125,308.125,NaN,NaN
2022-10-01T12:00:00Z,0.0,4.125,312.125,28.51,0.91
2022-10-01T12:00:00Z,0.0,4.125,316.125,28.96,1.1
2022-10-01T12:00:00Z,0.0,4.125,320.125,28.95,1.02
2022-10-01T12:00:00Z,0.0,4.125,324.125,28.42,0.51
2022-10-01T12:00:00Z,0.0,4.125,328.125,28.84,0.95
2022-10-01T12:00:00Z,0.0,4.125,332.125,28.28,0.51
2022-10-01T12:00:00Z,0.0,4.125,336.125,28.25,0.55
2022-10-01T12:00:00Z,0.0,4.125,340.125,27.84,0.37
2022-10-01T12:00:00Z,0.0,4.125,344.125,27.58,0.25
2022-10-01T12:00:00Z,0.0,4.125,348.125,27.31,0.18
2022-10-01T12:00:00Z,0.0,4.125,352.125,26.69,0.21
2022-10-01T12:00:00Z,0.0,4.125,356.125,26.03,0.25
2022-10-01T12:00:00Z,0.0,8.125,0.125,NaN,NaN
2022-10-01T12:00:00Z,0.0,8.125,4.125,NaN,NaN
2022-10-01T12:00:00Z,0.0,8.125,8.125,NaN,NaN
2022-10-01T12:00:00Z,0.0,8.125,12.125,NaN,NaN
2022-10-01T12:00:00Z,0.0,8.125,16.125,NaN,NaN
2022-10-01T12:00:00Z,0.0,8.125,20.125,NaN,NaN
2022-10-01T12:00:00Z,0.0,8.125,24.125,NaN,NaN
2022-10-01T12:00:00Z,0.0,8.125,28.125,NaN,NaN
2022-10-01T12:00:00Z,0.0,8.125,32.125,NaN,NaN
2022-10-01T12:00:00Z,0.0,8.125,36.125,NaN,NaN
2022-10-01T12:00:00Z,0.0,8.125,40.125,NaN,NaN
2022-10-01T12:00:00Z,0.0,8.125,44.125,NaN,NaN
2022-10-01T12:00:00Z,0.0,8.125,48.125,NaN,NaN
2022-10-01T12:00:00Z,0.0,8.125,52.125,25.84,-0.37
2022-10-01T12:00:00Z,0.0,8.125,56.125,25.88,-0.96
2022-10-01T12:00:00Z,0.0,8.125,60.125,28.05,0.2
2022-10-01T12:00:00Z,0.0,8.125,64.125,28.54,0.2
2022-10-01T12:00:00Z,0.0,8.125,68.125,28.52,0.14
2022-10-01T12:00:00Z,0.0,8.125,72.125,28.77,0.44
2022-10-01T12:00:00Z,0.0,8.125,76.125,27.54,-0.31
2022-10-01T12:00:00Z,0.0,8.125,80.125,NaN,NaN
2022-10-01T12:00:00Z,0.0,8.125,84.125,28.2,-0.33
2022-10-01T12:00:00Z,0.0,8.125,88.125,28.82,0.47
2022-10-01T12:00:00Z,0.0,8.125,92.125,28.58,0.24
2022-10-01T12:00:00Z,0.0,8.125,96.125,28.47,-0.08
2022-10-01T12:00:00Z,0.0,8.125,100.125,NaN,NaN
2022-10-01T12:00:00Z,0.0,8.125,104.125,28.72,-0.25
2022-10-01T12:00:00Z,0.0,8.125,108.125,29.15,0.42
2022-10-01T12:00:00Z,0.0,8.125,112.125,29.09,0.23
2022-10-01T12:00:00Z,0.0,8.125,116.125,29.08,0.05
2022-10-01T12:00:00Z,0.0,8.125,120.125,29.63,0.5
2022-10-01T12:00:00Z,0.0,8.125,124.125,NaN,NaN
2022-10-01T12:00:00Z,0.0,8.125,128.125,30.22,1.01
2022-10-01T12:00:00Z,0.0,8.125,132.125,30.04,0.95
2022-10-01T12:00:00Z,0.0,8.125,136.125,30.0,0.86
2022-10-01T12:00:00Z,0.0,8.125,140.125,30.16,0.98
2022-10-01T12:00:00Z,0.0,8.125,144.125,30.0,0.74
2022-10-01T12:00:00Z,0.0,8.125,148.125,29.97,0.68
2022-10-01T12:00:00Z,0.0,8.125,152.125,30.03,0.72
2022-10-01T12:00:00Z,0.0,8.125,156.125,29.65,0.32
2022-10-01T12:00:00Z,0.0,8.125,160.125,29.25,-0.07
2022-10-01T12:00:00Z,0.0,8.125,164.125,29.42,0.17
2022-10-01T12:00:00Z,0.0,8.125,168.125,29.35,0.11
2022-10-01T12:00:00Z,0.0,8.125,172.125,29.1,-0.08
2022-10-01T12:00:00Z,0.0,8.125,176.125,28.78,-0.37
2022-10-01T12:00:00Z,0.0,8.125,180.125,28.65,-0.41
2022-10-01T12:00:00Z,0.0,8.125,184.125,28.59,-0.39
2022-10-01T12:00:00Z,0.0,8.125,188.125,28.73,-0.18
2022-10-01T12:00:00Z,0.0,8.125,192.125,28.71,-0.18
2022-10-01T12:00:00Z,0.0,8.125,196.125,28.4,-0.35
2022-10-01T12:00:00Z,0.0,8.125,200.125,28.4,-0.29
2022-10-01T12:00:00Z,0.0,8.125,204.125,28.36,-0.26
2022-10-01T12:00:00Z,0.0,8.125,208.125,28.46,-0.04
2022-10-01T12:00:00Z,0.0,8.125,212.125,28.35,-0.05
2022-10-01T12:00:00Z,0.0,8.125,216.125,28.17,-0.12
2022-10-01T12:00:00Z,0.0,8.125,220.125,28.25,0.02
2022-10-01T12:00:00Z,0.0,8.125,224.125,28.08,-0.09
2022-10-01T12:00:00Z,0.0,8.125,228.125,27.62,-0.45
2022-10-01T12:00:00Z,0.0,8.125,232.125,27.28,-0.66
2022-10-01T12:00:00Z,0.0,8.125,236.125,27.12,-0.72
2022-10-01T12:00:00Z,0.0,8.125,240.125,27.2,-0.5
2022-10-01T12:00:00Z,0.0,8.125,244.125,27.0,-0.58
2022-10-01T12:00:00Z,0.0,8.125,248.125,26.87,-0.61
2022-10-01T12:00:00Z,0.0,8.125,252.125,26.98,-0.55
2022-10-01T12:00:00Z,0.0,8.125,256.125,26.97,-0.53
2022-10-01T12:00:00Z,0.0,8.125,260.125,27.41,-0.06
2022-10-01T12:00:00Z,0.0,8.125,264.125,27.14,-0.26
2022-10-01T12:00:00Z,0.0,8.125,268.125,27.5,0.16
2022-10-01T12:00:00Z,0.0,8.125,272.125,27.24,-0.18
2022-10-01T12:00:00Z,0.0,8.125,276.125,27.97,-0.04
2022-10-01T12:00:00Z,0.0,8.125,280.125,29.08,0.84
2022-10-01T12:00:00Z,0.0,8.125,284.125,NaN,NaN
2022-10-01T12:00:00Z,0.0,8.125,288.125,NaN,NaN
2022-10-01T12:00:00Z,0.0,8.125,292.125,NaN,NaN
2022-10-01T12:00:00Z,0.0,8.125,296.125,NaN,NaN
2022-10-01T12:00:00Z,0.0,8.125,300.125,NaN,NaN
2022-10-01T12:00:00Z,0.0,8.125,304.125,29.81,1.34
2022-10-01T12:00:00Z,0.0,8.125,308.125,29.67,1.16
2022-10-01T12:00:00Z,0.0,8.125,312.125,30.63,1.88
2022-10-01T12:00:00Z,0.0,8.125,316.125,30.33,1.48
2022-10-01T12:00:00Z,0.0,8.125,320.125,30.35,1.77
2022-10-01T12:00:00Z,0.0,8.125,324.125,29.81,1.45
2022-10-01T12:00:00Z,0.0,8.125,328.125,29.56,1.3
2022-10-01T12:00:00Z,0.0,8.125,332.125,29.4,1.23
2022-10-01T12:00:00Z,0.0,8.125,336.125,28.87,0.7
2022-10-01T12:00:00Z,0.0,8.125,340.125,28.02,-0.05
2022-10-01T12:00:00Z,0.0,8.125,344.125,27.63,-0.18
2022-10-01T12:00:00Z,0.0,8.125,348.125,NaN,NaN
2022-10-01T12:00:00Z,0.0,8.125,352.125,NaN,NaN
2022-10-01T12:00:00Z,0.0,8.125,356.125,NaN,NaN
2022-10-01T12:00:00Z,0.0,12.125,0.125,NaN,NaN
2022-10-01T12:00:00Z,0.0,12.125,4.125,NaN,NaN
2022-10-01T12:00:00Z,0.0,12.125,8.125,NaN,NaN
2022-10-01T12:00:00Z,0.0,12.125,12.125,NaN,NaN
2022-10-01T12:00:00Z,0.0,12.125,16.125,NaN,NaN
2022-10-01T12:00:00Z,0.0,12.125,20.125,NaN,NaN
2022-10-01T12:00:00Z,0.0,12.125,24.125,NaN,NaN
2022-10-01T12:00:00Z,0.0,12.125,28.125,NaN,NaN
2022-10-01T12:00:00Z,0.0,12.125,32.125,NaN,NaN
2022-10-01T12:00:00Z,0.0,12.125,36.125,NaN,NaN
2022-10-01T12:00:00Z,0.0,12.125,40.125,NaN,NaN
2022-10-01T12:00:00Z,0.0,12.125,44.125,31.55,1.45
2022-10-01T12:00:00Z,0.0,12.125,48.125,31.79,1.78
2022-10-01T12:00:00Z,0.0,12.125,52.125,24.77,-2.08
2022-10-01T12:00:00Z,0.0,12.125,56.125,26.41,-0.08
2022-10-01T12:00:00Z,0.0,12.125,60.125,26.89,-0.18
2022-10-01T12:00:00Z,0.0,12.125,64.125,28.1,0.45
2022-10-01T12:00:00Z,0.0,12.125,68.125,28.63,0.63
2022-10-01T12:00:00Z,0.0,12.125,72.125,28.7,0.5
2022-10-01T12:00:00Z,0.0,12.125,76.125,NaN,NaN
2022-10-01T12:00:00Z,0.0,12.125,80.125,29.02,0.12
2022-10-01T12:00:00Z,0.0,12.125,84.125,29.09,0.26
2022-10-01T12:00:00Z,0.0,12.125,88.125,28.95,0.23
2022-10-01T12:00:00Z,0.0,12.125,92.125,28.98,0.38
2022-10-01T12:00:00Z,0.0,12.125,96.125,28.33,-0.15
2022-10-01T12:00:00Z,0.0,12.125,100.125,29.11,0.17
2022-10-01T12:00:00Z,0.0,12.125,104.125,NaN,NaN
2022-10-01T12:00:00Z,0.0,12.125,108.125,NaN,NaN
2022-10-01T12:00:00Z,0.0,12.125,112.125,28.56,-0.14
2022-10-01T12:00:00Z,0.0,12.125,116.125,29.22,0.32
2022-10-01T12:00:00Z,0.0,12.125,120.125,29.51,0.5
2022-10-01T12:00:00Z,0.0,12.125,124.125,29.66,0.55
2022-10-01T12:00:00Z,0.0,12.125,128.125,29.67,0.48
2022-10-01T12:00:00Z,0.0,12.125,132.125,29.6,0.46
2022-10-01T12:00:00Z,0.0,12.125,136.125,29.93,0.8
2022-10-01T12:00:00Z,0.0,12.125,140.125,30.06,0.89
2022-10-01T12:00:00Z,0.0,12.125,144.125,30.0,0.76
2022-10-01T12:00:00Z,0.0,12.125,148.125,29.88,0.61
2022-10-01T12:00:00Z,0.0,12.125,152.125,30.05,0.75
2022-10-01T12:00:00Z,0.0,12.125,156.125,29.9,0.69
2022-10-01T12:00:00Z,0.0,12.125,160.125,29.38,0.27
2022-10-01T12:00:00Z,0.0,12.125,164.125,29.22,0.29
2022-10-01T12:00:00Z,0.0,12.125,168.125,29.22,0.35
2022-10-01T12:00:00Z,0.0,12.125,172.125,29.0,0.23
2022-10-01T12:00:00Z,0.0,12.125,176.125,28.64,0.02
2022-10-01T12:00:00Z,0.0,12.125,180.125,28.51,-0.02
2022-10-01T12:00:00Z,0.0,12.125,184.125,28.42,-0.01
2022-10-01T12:00:00Z,0.0,12.125,188.125,28.15,-0.14
2022-10-01T12:00:00Z,0.0,12.125,192.125,28.25,0.05
2022-10-01T12:00:00Z,0.0,12.125,196.125,27.92,-0.11
2022-10-01T12:00:00Z,0.0,12.125,200.125,27.82,-0.07
2022-10-01T12:00:00Z,0.0,12.125,204.125,27.93,0.05
2022-10-01T12:00:00Z,0.0,12.125,208.125,27.96,0.09
2022-10-01T12:00:00Z,0.0,12.125,212.125,27.72,-0.09
2022-10-01T12:00:00Z,0.0,12.125,216.125,27.6,-0.17
2022-10-01T12:00:00Z,0.0,12.125,220.125,26.82,-0.9
2022-10-01T12:00:00Z,0.0,12.125,224.125,26.36,-1.34
2022-10-01T12:00:00Z,0.0,12.125,228.125,27.56,-0.2
2022-10-01T12:00:00Z,0.0,12.125,232.125,28.5,0.69
2022-10-01T12:00:00Z,0.0,12.125,236.125,28.07,0.19
2022-10-01T12:00:00Z,0.0,12.125,240.125,28.53,0.54
2022-10-01T12:00:00Z,0.0,12.125,244.125,28.38,0.34
2022-10-01T12:00:00Z,0.0,12.125,248.125,28.1,0.0
2022-10-01T12:00:00Z,0.0,12.125,252.125,28.0,-0.22
2022-10-01T12:00:00Z,0.0,12.125,256.125,27.84,-0.54
2022-10-01T12:00:00Z,0.0,12.125,260.125,28.67,0.09
2022-10-01T12:00:00Z,0.0,12.125,264.125,27.59,-0.82
2022-10-01T12:00:00Z,0.0,12.125,268.125,27.74,-0.97
2022-10-01T12:00:00Z,0.0,12.125,272.125,29.21,0.51
2022-10-01T12:00:00Z,0.0,12.125,276.125,NaN,NaN
2022-10-01T12:00:00Z,0.0,12.125,280.125,29.98,1.34
2022-10-01T12:00:00Z,0.0,12.125,284.125,29.83,1.24
2022-10-01T12:00:00Z,0.0,12.125,288.125,NaN,NaN
2022-10-01T12:00:00Z,0.0,12.125,292.125,29.61,1.22
2022-10-01T12:00:00Z,0.0,12.125,296.125,29.23,0.8
2022-10-01T12:00:00Z,0.0,12.125,300.125,29.28,0.65
2022-10-01T12:00:00Z,0.0,12.125,304.125,29.05,0.53
2022-10-01T12:00:00Z,0.0,12.125,308.125,29.22,0.89
2022-10-01T12:00:00Z,0.0,12.125,312.125,29.06,0.91
2022-10-01T12:00:00Z,0.0,12.125,316.125,29.05,1.15
2022-10-01T12:00:00Z,0.0,12.125,320.125,28.81,1.09
2022-10-01T12:00:00Z,0.0,12.125,324.125,28.2,0.52
2022-10-01T12:00:00Z,0.0,12.125,328.125,28.38,0.67
2022-10-01T12:00:00Z,0.0,12.125,332.125,28.54,0.77
2022-10-01T12:00:00Z,0.0,12.125,336.125,28.68,0.88
2022-10-01T12:00:00Z,0.0,12.125,340.125,28.3,0.18
2022-10-01T12:00:00Z,0.0,12.125,344.125,NaN,NaN
2022-10-01T12:00:00Z,0.0,12.125,348.125,NaN,NaN
2022-10-01T12:00:00Z,0.0,12.125,352.125,NaN,NaN
2022-10-01T12:00:00Z,0.0,12.125,356.125,NaN,NaN
2022-10-01T12:00:00Z,0.0,16.125,0.125,NaN,NaN
2022-10-01T12:00:00Z,0.0,16.125,4.125,NaN,NaN
2022-10-01T12:00:00Z,0.0,16.125,8.125,NaN,NaN
2022-10-01T12:00:00Z,0.0,16.125,12.125,NaN,NaN
2022-10-01T12:00:00Z,0.0,16.125,16.125,NaN,NaN
2022-10-01T12:00:00Z,0.0,16.125,20.125,NaN,NaN
2022-10-01T12:00:00Z,0.0,16.125,24.125,NaN,NaN
2022-10-01T12:00:00Z,0.0,16.125,28.125,NaN,NaN
2022-10-01T12:00:00Z,0.0,16.125,32.125,NaN,NaN
2022-10-01T12:00:00Z,0.0,16.125,36.125,NaN,NaN
2022-10-01T12:00:00Z,0.0,16.125,40.125,32.39,0.83
2022-10-01T12:00:00Z,0.0,16.125,44.125,NaN,NaN
2022-10-01T12:00:00Z,0.0,16.125,48.125,NaN,NaN
2022-10-01T12:00:00Z,0.0,16.125,52.125,NaN,NaN
2022-10-01T12:00:00Z,0.0,16.125,56.125,27.06,0.5
2022-10-01T12:00:00Z,0.0,16.125,60.125,26.95,0.11
2022-10-01T12:00:00Z,0.0,16.125,64.125,27.96,0.63
2022-10-01T12:00:00Z,0.0,16.125,68.125,28.74,0.86
2022-10-01T12:00:00Z,0.0,16.125,72.125,28.73,0.45
2022-10-01T12:00:00Z,0.0,16.125,76.125,NaN,NaN
2022-10-01T12:00:00Z,0.0,16.125,80.125,NaN,NaN
2022-10-01T12:00:00Z,0.0,16.125,84.125,29.51,0.46
2022-10-01T12:00:00Z,0.0,16.125,88.125,29.5,0.52
2022-10-01T12:00:00Z,0.0,16.125,92.125,29.2,0.3
2022-10-01T12:00:00Z,0.0,16.125,96.125,29.35,0.59
2022-10-01T12:00:00Z,0.0,16.125,100.125,NaN,NaN
2022-10-01T12:00:00Z,0.0,16.125,104.125,NaN,NaN
2022-10-01T12:00:00Z,0.0,16.125,108.125,NaN,NaN
2022-10-01T12:00:00Z,0.0,16.125,112.125,28.65,0.11
2022-10-01T12:00:00Z,0.0,16.125,116.125,29.34,0.52
2022-10-01T12:00:00Z,0.0,16.125,120.125,29.52,0.49
2022-10-01T12:00:00Z,0.0,16.125,124.125,29.67,0.62
2022-10-01T12:00:00Z,0.0,16.125,128.125,29.73,0.68
2022-10-01T12:00:00Z,0.0,16.125,132.125,29.42,0.31
2022-10-01T12:00:00Z,0.0,16.125,136.125,29.57,0.45
2022-10-01T12:00:00Z,0.0,16.125,140.125,29.62,0.41
2022-10-01T12:00:00Z,0.0,16.125,144.125,30.15,0.92
2022-10-01T12:00:00Z,0.0,16.125,148.125,30.17,0.96
2022-10-01T12:00:00Z,0.0,16.125,152.125,30.42,1.22
2022-10-01T12:00:00Z,0.0,16.125,156.125,30.15,1.03
2022-10-01T12:00:00Z,0.0,16.125,160.125,29.67,0.68
2022-10-01T12:00:00Z,0.0,16.125,164.125,29.32,0.44
2022-10-01T12:00:00Z,0.0,16.125,168.125,29.25,0.48
2022-10-01T12:00:00Z,0.0,16.125,172.125,29.32,0.66
2022-10-01T12:00:00Z,0.0,16.125,176.125,28.92,0.41
2022-10-01T12:00:00Z,0.0,16.125,180.125,28.63,0.26
2022-10-01T12:00:00Z,0.0,16.125,184.125,28.45,0.31
2022-10-01T12:00:00Z,0.0,16.125,188.125,28.35,0.39
2022-10-01T12:00:00Z,0.0,16.125,192.125,28.04,0.27
2022-10-01T12:00:00Z,0.0,16.125,196.125,27.73,0.25
2022-10-01T12:00:00Z,0.0,16.125,200.125,27.55,0.4
2022-10-01T12:00:00Z,0.0,16.125,204.125,27.3,0.36
2022-10-01T12:00:00Z,0.0,16.125,208.125,27.07,0.26
2022-10-01T12:00:00Z,0.0,16.125,212.125,26.77,0.08
2022-10-01T12:00:00Z,0.0,16.125,216.125,26.96,0.34
2022-10-01T12:00:00Z,0.0,16.125,220.125,26.93,0.3
2022-10-01T12:00:00Z,0.0,16.125,224.125,26.39,-0.27
2022-10-01T12:00:00Z,0.0,16.125,228.125,26.66,-0.05
2022-10-01T12:00:00Z,0.0,16.125,232.125,27.8,1.02
2022-10-01T12:00:00Z,0.0,16.125,236.125,27.48,0.45
2022-10-01T12:00:00Z,0.0,16.125,240.125,28.11,0.82
2022-10-01T12:00:00Z,0.0,16.125,244.125,28.13,0.4
2022-10-01T12:00:00Z,0.0,16.125,248.125,28.03,0.08
2022-10-01T12:00:00Z,0.0,16.125,252.125,28.6,0.16
2022-10-01T12:00:00Z,0.0,16.125,256.125,28.85,-0.18
2022-10-01T12:00:00Z,0.0,16.125,260.125,29.12,-0.33
2022-10-01T12:00:00Z,0.0,16.125,264.125,NaN,NaN
2022-10-01T12:00:00Z,0.0,16.125,268.125,NaN,NaN
2022-10-01T12:00:00Z,0.0,16.125,272.125,29.19,0.03
2022-10-01T12:00:00Z,0.0,16.125,276.125,29.5,0.66
2022-10-01T12:00:00Z,0.0,16.125,280.125,29.65,0.87
2022-10-01T12:00:00Z,0.0,16.125,284.125,29.69,0.98
2022-10-01T12:00:00Z,0.0,16.125,288.125,29.54,0.81
2022-10-01T12:00:00Z,0.0,16.125,292.125,29.29,0.55
2022-10-01T12:00:00Z,0.0,16.125,296.125,29.19,0.5
2022-10-01T12:00:00Z,0.0,16.125,300.125,28.75,0.37
2022-10-01T12:00:00Z,0.0,16.125,304.125,28.59,0.48
2022-10-01T12:00:00Z,0.0,16.125,308.125,28.46,0.66
2022-10-01T12:00:00Z,0.0,16.125,312.125,28.08,0.61
2022-10-01T12:00:00Z,0.0,16.125,316.125,27.69,0.5
2022-10-01T12:00:00Z,0.0,16.125,320.125,27.43,0.47
2022-10-01T12:00:00Z,0.0,16.125,324.125,27.01,0.17
2022-10-01T12:00:00Z,0.0,16.125,328.125,27.18,0.41
2022-10-01T12:00:00Z,0.0,16.125,332.125,27.86,1.05
2022-10-01T12:00:00Z,0.0,16.125,336.125,27.58,0.96
2022-10-01T12:00:00Z,0.0,16.125,340.125,27.96,0.69
2022-10-01T12:00:00Z,0.0,16.125,344.125,NaN,NaN
2022-10-01T12:00:00Z,0.0,16.125,348.125,NaN,NaN
2022-10-01T12:00:00Z,0.0,16.125,352.125,NaN,NaN
2022-10-01T12:00:00Z,0.0,16.125,356.125,NaN,NaN
2022-10-01T12:00:00Z,0.0,20.125,0.125,NaN,NaN
2022-10-01T12:00:00Z,0.0,20.125,4.125,NaN,NaN
2022-10-01T12:00:00Z,0.0,20.125,8.125,NaN,NaN
2022-10-01T12:00:00Z,0.0,20.125,12.125,NaN,NaN
2022-10-01T12:00:00Z,0.0,20.125,16.125,NaN,NaN
2022-10-01T12:00:00Z,0.0,20.125,20.125,NaN,NaN
2022-10-01T12:00:00Z,0.0,20.125,24.125,NaN,NaN
2022-10-01T12:00:00Z,0.0,20.125,28.125,NaN,NaN
2022-10-01T12:00:00Z,0.0,20.125,32.125,NaN,NaN
2022-10-01T12:00:00Z,0.0,20.125,36.125,NaN,NaN
2022-10-01T12:00:00Z,0.0,20.125,40.125,31.49,0.61
2022-10-01T12:00:00Z,0.0,20.125,44.125,NaN,NaN
2022-10-01T12:00:00Z,0.0,20.125,48.125,NaN,NaN
2022-10-01T12:00:00Z,0.0,20.125,52.125,NaN,NaN
2022-10-01T12:00:00Z,0.0,20.125,56.125,NaN,NaN
2022-10-01T12:00:00Z,0.0,20.125,60.125,27.93,1.08
2022-10-01T12:00:00Z,0.0,20.125,64.125,29.09,1.44
2022-10-01T12:00:00Z,0.0,20.125,68.125,29.95,1.8
2022-10-01T12:00:00Z,0.0,20.125,72.125,29.15,0.67
2022-10-01T12:00:00Z,0.0,20.125,76.125,NaN,NaN
2022-10-01T12:00:00Z,0.0,20.125,80.125,NaN,NaN
2022-10-01T12:00:00Z,0.0,20.125,84.125,NaN,NaN
2022-10-01T12:00:00Z,0.0,20.125,88.125,29.85,0.67
2022-10-01T12:00:00Z,0.0,20.125,92.125,29.46,0.45
2022-10-01T12:00:00Z,0.0,20.125,96.125,NaN,NaN
2022-10-01T12:00:00Z,0.0,20.125,100.125,NaN,NaN
2022-10-01T12:00:00Z,0.0,20.125,104.125,NaN,NaN
2022-10-01T12:00:00Z,0.0,20.125,108.125,29.55,1.11
2022-10-01T12:00:00Z,0.0,20.125,112.125,29.27,1.2
2022-10-01T12:00:00Z,0.0,20.125,116.125,29.44,1.34
2022-10-01T12:00:00Z,0.0,20.125,120.125,29.19,0.73
2022-10-01T12:00:00Z,0.0,20.125,124.125,28.68,0.07
2022-10-01T12:00:00Z,0.0,20.125,128.125,29.82,1.16
2022-10-01T12:00:00Z,0.0,20.125,132.125,29.65,0.8
2022-10-01T12:00:00Z,0.0,20.125,136.125,29.45,0.57
2022-10-01T12:00:00Z,0.0,20.125,140.125,29.53,0.61
2022-10-01T12:00:00Z,0.0,20.125,144.125,29.58,0.63
2022-10-01T12:00:00Z,0.0,20.125,148.125,29.63,0.58
2022-10-01T12:00:00Z,0.0,20.125,152.125,29.74,0.72
2022-10-01T12:00:00Z,0.0,20.125,156.125,29.92,0.99
2022-10-01T12:00:00Z,0.0,20.125,160.125,29.33,0.52
2022-10-01T12:00:00Z,0.0,20.125,164.125,29.04,0.31
2022-10-01T12:00:00Z,0.0,20.125,168.125,29.27,0.64
2022-10-01T12:00:00Z,0.0,20.125,172.125,29.34,0.84
2022-10-01T12:00:00Z,0.0,20.125,176.125,29.22,0.9
2022-10-01T12:00:00Z,0.0,20.125,180.125,28.86,0.68
2022-10-01T12:00:00Z,0.0,20.125,184.125,28.68,0.7
2022-10-01T12:00:00Z,0.0,20.125,188.125,28.48,0.74
2022-10-01T12:00:00Z,0.0,20.125,192.125,28.12,0.57
2022-10-01T12:00:00Z,0.0,20.125,196.125,27.97,0.59
2022-10-01T12:00:00Z,0.0,20.125,200.125,27.99,0.78
2022-10-01T12:00:00Z,0.0,20.125,204.125,27.36,0.74
2022-10-01T12:00:00Z,0.0,20.125,208.125,26.73,0.64
2022-10-01T12:00:00Z,0.0,20.125,212.125,26.02,0.39
2022-10-01T12:00:00Z,0.0,20.125,216.125,25.3,0.04
2022-10-01T12:00:00Z,0.0,20.125,220.125,25.9,0.91
2022-10-01T12:00:00Z,0.0,20.125,224.125,24.76,-0.01
2022-10-01T12:00:00Z,0.0,20.125,228.125,25.4,0.7
2022-10-01T12:00:00Z,0.0,20.125,232.125,24.32,-0.26
2022-10-01T12:00:00Z,0.0,20.125,236.125,25.72,0.79
2022-10-01T12:00:00Z,0.0,20.125,240.125,26.53,1.25
2022-10-01T12:00:00Z,0.0,20.125,244.125,27.64,1.65
2022-10-01T12:00:00Z,0.0,20.125,248.125,26.9,-0.24
2022-10-01T12:00:00Z,0.0,20.125,252.125,28.99,0.32
2022-10-01T12:00:00Z,0.0,20.125,256.125,NaN,NaN
2022-10-01T12:00:00Z,0.0,20.125,260.125,NaN,NaN
2022-10-01T12:00:00Z,0.0,20.125,264.125,28.83,0.26
2022-10-01T12:00:00Z,0.0,20.125,268.125,29.22,0.58
2022-10-01T12:00:00Z,0.0,20.125,272.125,NaN,NaN
2022-10-01T12:00:00Z,0.0,20.125,276.125,29.35,0.14
2022-10-01T12:00:00Z,0.0,20.125,280.125,29.89,0.45
2022-10-01T12:00:00Z,0.0,20.125,284.125,NaN,NaN
2022-10-01T12:00:00Z,0.0,20.125,288.125,29.3,0.36
2022-10-01T12:00:00Z,0.0,20.125,292.125,29.0,0.35
2022-10-01T12:00:00Z,0.0,20.125,296.125,28.57,0.14
2022-10-01T12:00:00Z,0.0,20.125,300.125,28.7,0.5
2022-10-01T12:00:00Z,0.0,20.125,304.125,28.57,0.62
2022-10-01T12:00:00Z,0.0,20.125,308.125,28.03,0.31
2022-10-01T12:00:00Z,0.0,20.125,312.125,27.78,0.43
2022-10-01T12:00:00Z,0.0,20.125,316.125,27.25,0.22
2022-10-01T12:00:00Z,0.0,20.125,320.125,26.82,0.12
2022-10-01T12:00:00Z,0.0,20.125,324.125,26.53,0.21
2022-10-01T12:00:00Z,0.0,20.125,328.125,26.59,0.6
2022-10-01T12:00:00Z,0.0,20.125,332.125,26.48,0.78
2022-10-01T12:00:00Z,0.0,20.125,336.125,26.83,1.66
2022-10-01T12:00:00Z,0.0,20.125,340.125,25.59,1.09
2022-10-01T12:00:00Z,0.0,20.125,344.125,NaN,NaN
2022-10-01T12:00:00Z,0.0,20.125,348.125,NaN,NaN
2022-10-01T12:00:00Z,0.0,20.125,352.125,NaN,NaN
2022-10-01T12:00:00Z,0.0,20.125,356.125,NaN,NaN
2022-10-01T12:00:00Z,0.0,24.125,0.125,NaN,NaN
2022-10-01T12:00:00Z,0.0,24.125,4.125,NaN,NaN
2022-10-01T12:00:00Z,0.0,24.125,8.125,NaN,NaN
2022-10-01T12:00:00Z,0.0,24.125,12.125,NaN,NaN
2022-10-01T12:00:00Z,0.0,24.125,16.125,NaN,NaN
2022-10-01T12:00:00Z,0.0,24.125,20.125,NaN,NaN
2022-10-01T12:00:00Z,0.0,24.125,24.125,NaN,NaN
2022-10-01T12:00:00Z,0.0,24.125,28.125,NaN,NaN
2022-10-01T12:00:00Z,0.0,24.125,32.125,NaN,NaN
2022-10-01T12:00:00Z,0.0,24.125,36.125,29.95,0.9
2022-10-01T12:00:00Z,0.0,24.125,40.125,NaN,NaN
2022-10-01T12:00:00Z,0.0,24.125,44.125,NaN,NaN
2022-10-01T12:00:00Z,0.0,24.125,48.125,NaN,NaN
2022-10-01T12:00:00Z,0.0,24.125,52.125,32.55,1.02
2022-10-01T12:00:00Z,0.0,24.125,56.125,NaN,NaN
2022-10-01T12:00:00Z,0.0,24.125,60.125,29.04,0.47
2022-10-01T12:00:00Z,0.0,24.125,64.125,29.75,1.96
2022-10-01T12:00:00Z,0.0,24.125,68.125,NaN,NaN
2022-10-01T12:00:00Z,0.0,24.125,72.125,NaN,NaN
2022-10-01T12:00:00Z,0.0,24.125,76.125,NaN,NaN
2022-10-01T12:00:00Z,0.0,24.125,80.125,NaN,NaN
2022-10-01T12:00:00Z,0.0,24.125,84.125,NaN,NaN
2022-10-01T12:00:00Z,0.0,24.125,88.125,NaN,NaN
2022-10-01T12:00:00Z,0.0,24.125,92.125,NaN,NaN
2022-10-01T12:00:00Z,0.0,24.125,96.125,NaN,NaN
2022-10-01T12:00:00Z,0.0,24.125,100.125,NaN,NaN
2022-10-01T12:00:00Z,0.0,24.125,104.125,NaN,NaN
2022-10-01T12:00:00Z,0.0,24.125,108.125,NaN,NaN
2022-10-01T12:00:00Z,0.0,24.125,112.125,NaN,NaN
2022-10-01T12:00:00Z,0.0,24.125,116.125,NaN,NaN
2022-10-01T12:00:00Z,0.0,24.125,120.125,28.49,1.65
2022-10-01T12:00:00Z,0.0,24.125,124.125,28.72,0.73
2022-10-01T12:00:00Z,0.0,24.125,128.125,28.78,0.73
2022-10-01T12:00:00Z,0.0,24.125,132.125,28.58,0.38
2022-10-01T12:00:00Z,0.0,24.125,136.125,29.06,0.73
2022-10-01T12:00:00Z,0.0,24.125,140.125,29.54,1.21
2022-10-01T12:00:00Z,0.0,24.125,144.125,29.32,0.93
2022-10-01T12:00:00Z,0.0,24.125,148.125,29.56,1.04
2022-10-01T12:00:00Z,0.0,24.125,152.125,29.32,0.81
2022-10-01T12:00:00Z,0.0,24.125,156.125,28.79,0.36
2022-10-01T12:00:00Z,0.0,24.125,160.125,28.72,0.42
2022-10-01T12:00:00Z,0.0,24.125,164.125,28.56,0.37
2022-10-01T12:00:00Z,0.0,24.125,168.125,28.46,0.3
2022-10-01T12:00:00Z,0.0,24.125,172.125,29.05,1.07
2022-10-01T12:00:00Z,0.0,24.125,176.125,28.91,1.16
2022-10-01T12:00:00Z,0.0,24.125,180.125,28.69,1.05
2022-10-01T12:00:00Z,0.0,24.125,184.125,28.49,1.06
2022-10-01T12:00:00Z,0.0,24.125,188.125,28.0,0.82
2022-10-01T12:00:00Z,0.0,24.125,192.125,27.79,0.87
2022-10-01T12:00:00Z,0.0,24.125,196.125,27.84,1.15
2022-10-01T12:00:00Z,0.0,24.125,200.125,27.63,1.3
2022-10-01T12:00:00Z,0.0,24.125,204.125,27.5,1.54
2022-10-01T12:00:00Z,0.0,24.125,208.125,26.85,1.27
2022-10-01T12:00:00Z,0.0,24.125,212.125,26.49,1.46
2022-10-01T12:00:00Z,0.0,24.125,216.125,25.93,1.49
2022-10-01T12:00:00Z,0.0,24.125,220.125,25.23,1.38
2022-10-01T12:00:00Z,0.0,24.125,224.125,24.35,1.11
2022-10-01T12:00:00Z,0.0,24.125,228.125,23.33,0.56
2022-10-01T12:00:00Z,0.0,24.125,232.125,22.34,-0.11
2022-10-01T12:00:00Z,0.0,24.125,236.125,22.35,-0.12
2022-10-01T12:00:00Z,0.0,24.125,240.125,22.99,0.07
2022-10-01T12:00:00Z,0.0,24.125,244.125,24.32,0.69
2022-10-01T12:00:00Z,0.0,24.125,248.125,26.49,-0.23
2022-10-01T12:00:00Z,0.0,24.125,252.125,30.28,0.69
2022-10-01T12:00:00Z,0.0,24.125,256.125,NaN,NaN
2022-10-01T12:00:00Z,0.0,24.125,260.125,NaN,NaN
2022-10-01T12:00:00Z,0.0,24.125,264.125,29.07,0.52
2022-10-01T12:00:00Z,0.0,24.125,268.125,29.16,0.36
2022-10-01T12:00:00Z,0.0,24.125,272.125,29.09,0.4
2022-10-01T12:00:00Z,0.0,24.125,276.125,28.53,-0.33
2022-10-01T12:00:00Z,0.0,24.125,280.125,29.28,0.44
2022-10-01T12:00:00Z,0.0,24.125,284.125,29.54,0.77
2022-10-01T12:00:00Z,0.0,24.125,288.125,28.48,-0.05
2022-10-01T12:00:00Z,0.0,24.125,292.125,28.55,0.03
2022-10-01T12:00:00Z,0.0,24.125,296.125,28.53,0.15
2022-10-01T12:00:00Z,0.0,24.125,300.125,28.43,0.33
2022-10-01T12:00:00Z,0.0,24.125,304.125,28.41,0.48
2022-10-01T12:00:00Z,0.0,24.125,308.125,28.04,0.38
2022-10-01T12:00:00Z,0.0,24.125,312.125,27.43,0.15
2022-10-01T12:00:00Z,0.0,24.125,316.125,27.35,0.44
2022-10-01T12:00:00Z,0.0,24.125,320.125,27.01,0.5
2022-10-01T12:00:00Z,0.0,24.125,324.125,26.58,0.43
2022-10-01T12:00:00Z,0.0,24.125,328.125,26.39,0.65
2022-10-01T12:00:00Z,0.0,24.125,332.125,26.24,0.92
2022-10-01T12:00:00Z,0.0,24.125,336.125,26.31,1.5
2022-10-01T12:00:00Z,0.0,24.125,340.125,25.34,1.45
2022-10-01T12:00:00Z,0.0,24.125,344.125,20.47,-1.17
2022-10-01T12:00:00Z,0.0,24.125,348.125,NaN,NaN
2022-10-01T12:00:00Z,0.0,24.125,352.125,NaN,NaN
2022-10-01T12:00:00Z,0.0,24.125,356.125,NaN,NaN
2022-10-01T12:00:00Z,0.0,28.125,0.125,NaN,NaN
2022-10-01T12:00:00Z,0.0,28.125,4.125,NaN,NaN
2022-10-01T12:00:00Z,0.0,28.125,8.125,NaN,NaN
2022-10-01T12:00:00Z,0.0,28.125,12.125,NaN,NaN
2022-10-01T12:00:00Z,0.0,28.125,16.125,NaN,NaN
2022-10-01T12:00:00Z,0.0,28.125,20.125,NaN,NaN
2022-10-01T12:00:00Z,0.0,28.125,24.125,NaN,NaN
2022-10-01T12:00:00Z,0.0,28.125,28.125,NaN,NaN
2022-10-01T12:00:00Z,0.0,28.125,32.125,NaN,NaN
2022-10-01T12:00:00Z,0.0,28.125,36.125,NaN,NaN
2022-10-01T12:00:00Z,0.0,28.125,40.125,NaN,NaN
2022-10-01T12:00:00Z,0.0,28.125,44.125,NaN,NaN
2022-10-01T12:00:00Z,0.0,28.125,48.125,NaN,NaN
2022-10-01T12:00:00Z,0.0,28.125,52.125,NaN,NaN
2022-10-01T12:00:00Z,0.0,28.125,56.125,NaN,NaN
2022-10-01T12:00:00Z,0.0,28.125,60.125,NaN,NaN
2022-10-01T12:00:00Z,0.0,28.125,64.125,NaN,NaN
2022-10-01T12:00:00Z,0.0,28.125,68.125,NaN,NaN
2022-10-01T12:00:00Z,0.0,28.125,72.125,NaN,NaN
2022-10-01T12:00:00Z,0.0,28.125,76.125,NaN,NaN
2022-10-01T12:00:00Z,0.0,28.125,80.125,NaN,NaN
2022-10-01T12:00:00Z,0.0,28.125,84.125,NaN,NaN
2022-10-01T12:00:00Z,0.0,28.125,88.125,NaN,NaN
2022-10-01T12:00:00Z,0.0,28.125,92.125,NaN,NaN
2022-10-01T12:00:00Z,0.0,28.125,96.125,NaN,NaN
2022-10-01T12:00:00Z,0.0,28.125,100.125,NaN,NaN
2022-10-01T12:00:00Z,0.0,28.125,104.125,NaN,NaN
2022-10-01T12:00:00Z,0.0,28.125,108.125,NaN,NaN
2022-10-01T12:00:00Z,0.0,28.125,112.125,NaN,NaN
2022-10-01T12:00:00Z,0.0,28.125,116.125,NaN,NaN
2022-10-01T12:00:00Z,0.0,28.125,120.125,NaN,NaN
2022-10-01T12:00:00Z,0.0,28.125,124.125,27.07,0.82
2022-10-01T12:00:00Z,0.0,28.125,128.125,28.42,1.09
2022-10-01T12:00:00Z,0.0,28.125,132.125,28.41,0.92
2022-10-01T12:00:00Z,0.0,28.125,136.125,28.34,0.91
2022-10-01T12:00:00Z,0.0,28.125,140.125,28.5,1.1
2022-10-01T12:00:00Z,0.0,28.125,144.125,27.99,0.41
2022-10-01T12:00:00Z,0.0,28.125,148.125,28.62,1.01
2022-10-01T12:00:00Z,0.0,28.125,152.125,28.54,1.02
2022-10-01T12:00:00Z,0.0,28.125,156.125,28.35,0.9
2022-10-01T12:00:00Z,0.0,28.125,160.125,28.28,0.93
2022-10-01T12:00:00Z,0.0,28.125,164.125,28.06,0.91
2022-10-01T12:00:00Z,0.0,28.125,168.125,27.79,0.88
2022-10-01T12:00:00Z,0.0,28.125,172.125,27.76,1.05
2022-10-01T12:00:00Z,0.0,28.125,176.125,27.98,1.44
2022-10-01T12:00:00Z,0.0,28.125,180.125,27.68,1.31
2022-10-01T12:00:00Z,0.0,28.125,184.125,27.91,1.65
2022-10-01T12:00:00Z,0.0,28.125,188.125,27.18,1.07
2022-10-01T12:00:00Z,0.0,28.125,192.125,27.82,1.85
2022-10-01T12:00:00Z,0.0,28.125,196.125,27.16,1.35
2022-10-01T12:00:00Z,0.0,28.125,200.125,26.95,1.38
2022-10-01T12:00:00Z,0.0,28.125,204.125,26.55,1.31
2022-10-01T12:00:00Z,0.0,28.125,208.125,26.05,1.2
2022-10-01T12:00:00Z,0.0,28.125,212.125,26.2,1.9
2022-10-01T12:00:00Z,0.0,28.125,216.125,25.81,2.11
2022-10-01T12:00:00Z,0.0,28.125,220.125,25.0,1.98
2022-10-01T12:00:00Z,0.0,28.125,224.125,24.45,2.13
2022-10-01T12:00:00Z,0.0,28.125,228.125,23.56,1.88
2022-10-01T12:00:00Z,0.0,28.125,232.125,22.15,1.06
2022-10-01T12:00:00Z,0.0,28.125,236.125,20.97,0.34
2022-10-01T12:00:00Z,0.0,28.125,240.125,20.64,0.05
2022-10-01T12:00:00Z,0.0,28.125,244.125,21.33,0.41
2022-10-01T12:00:00Z,0.0,28.125,248.125,28.1,-0.32
2022-10-01T12:00:00Z,0.0,28.125,252.125,NaN,NaN
2022-10-01T12:00:00Z,0.0,28.125,256.125,NaN,NaN
2022-10-01T12:00:00Z,0.0,28.125,260.125,NaN,NaN
2022-10-01T12:00:00Z,0.0,28.125,264.125,28.51,0.82
2022-10-01T12:00:00Z,0.0,28.125,268.125,27.41,-0.36
2022-10-01T12:00:00Z,0.0,28.125,272.125,27.77,-0.05
2022-10-01T12:00:00Z,0.0,28.125,276.125,28.26,0.29
2022-10-01T12:00:00Z,0.0,28.125,280.125,28.62,0.43
2022-10-01T12:00:00Z,0.0,28.125,284.125,28.88,1.04
2022-10-01T12:00:00Z,0.0,28.125,288.125,28.47,0.77
2022-10-01T12:00:00Z,0.0,28.125,292.125,27.52,-0.21
2022-10-01T12:00:00Z,0.0,28.125,296.125,27.92,0.24
2022-10-01T12:00:00Z,0.0,28.125,300.125,28.42,0.89
2022-10-01T12:00:00Z,0.0,28.125,304.125,28.48,1.07
2022-10-01T12:00:00Z,0.0,28.125,308.125,28.43,1.2
2022-10-01T12:00:00Z,0.0,28.125,312.125,27.88,0.97
2022-10-01T12:00:00Z,0.0,28.125,316.125,27.77,1.16
2022-10-01T12:00:00Z,0.0,28.125,320.125,27.19,0.91
2022-10-01T12:00:00Z,0.0,28.125,324.125,26.84,0.92
2022-10-01T12:00:00Z,0.0,28.125,328.125,26.07,0.58
2022-10-01T12:00:00Z,0.0,28.125,332.125,25.84,0.87
2022-10-01T12:00:00Z,0.0,28.125,336.125,25.22,0.88
2022-10-01T12:00:00Z,0.0,28.125,340.125,24.98,1.22
2022-10-01T12:00:00Z,0.0,28.125,344.125,24.23,1.28
2022-10-01T12:00:00Z,0.0,28.125,348.125,NaN,NaN
2022-10-01T12:00:00Z,0.0,28.125,352.125,NaN,NaN
2022-10-01T12:00:00Z,0.0,28.125,356.125,NaN,NaN
2022-10-01T12:00:00Z,0.0,32.125,0.125,NaN,NaN
2022-10-01T12:00:00Z,0.0,32.125,4.125,NaN,NaN
2022-10-01T12:00:00Z,0.0,32.125,8.125,NaN,NaN
2022-10-01T12:00:00Z,0.0,32.125,12.125,NaN,NaN
2022-10-01T12:00:00Z,0.0,32.125,16.125,27.29,1.84
2022-10-01T12:00:00Z,0.0,32.125,20.125,NaN,NaN
2022-10-01T12:00:00Z,0.0,32.125,24.125,26.26,1.42
2022-10-01T12:00:00Z,0.0,32.125,28.125,26.82,1.81
2022-10-01T12:00:00Z,0.0,32.125,32.125,27.41,1.66
2022-10-01T12:00:00Z,0.0,32.125,36.125,NaN,NaN
2022-10-01T12:00:00Z,0.0,32.125,40.125,NaN,NaN
2022-10-01T12:00:00Z,0.0,32.125,44.125,NaN,NaN
2022-10-01T12:00:00Z,0.0,32.125,48.125,NaN,NaN
2022-10-01T12:00:00Z,0.0,32.125,52.125,NaN,NaN
2022-10-01T12:00:00Z,0.0,32.125,56.125,NaN,NaN
2022-10-01T12:00:00Z,0.0,32.125,60.125,NaN,NaN
2022-10-01T12:00:00Z,0.0,32.125,64.125,NaN,NaN
2022-10-01T12:00:00Z,0.0,32.125,68.125,NaN,NaN
2022-10-01T12:00:00Z,0.0,32.125,72.125,NaN,NaN
2022-10-01T12:00:00Z,0.0,32.125,76.125,NaN,NaN
2022-10-01T12:00:00Z,0.0,32.125,80.125,NaN,NaN
2022-10-01T12:00:00Z,0.0,32.125,84.125,NaN,NaN
2022-10-01T12:00:00Z,0.0,32.125,88.125,NaN,NaN
2022-10-01T12:00:00Z,0.0,32.125,92.125,NaN,NaN
2022-10-01T12:00:00Z,0.0,32.125,96.125,NaN,NaN
2022-10-01T12:00:00Z,0.0,32.125,100.125,NaN,NaN
2022-10-01T12:00:00Z,0.0,32.125,104.125,NaN,NaN
2022-10-01T12:00:00Z,0.0,32.125,108.125,NaN,NaN
2022-10-01T12:00:00Z,0.0,32.125,112.125,NaN,NaN
2022-10-01T12:00:00Z,0.0,32.125,116.125,NaN,NaN
2022-10-01T12:00:00Z,0.0,32.125,120.125,NaN,NaN
2022-10-01T12:00:00Z,0.0,32.125,124.125,24.15,0.71
2022-10-01T12:00:00Z,0.0,32.125,128.125,26.83,1.31
2022-10-01T12:00:00Z,0.0,32.125,132.125,26.94,0.72
2022-10-01T12:00:00Z,0.0,32.125,136.125,27.24,0.81
2022-10-01T12:00:00Z,0.0,32.125,140.125,28.18,1.68
2022-10-01T12:00:00Z,0.0,32.125,144.125,27.19,0.64
2022-10-01T12:00:00Z,0.0,32.125,148.125,26.79,0.29
2022-10-01T12:00:00Z,0.0,32.125,152.125,27.07,0.67
2022-10-01T12:00:00Z,0.0,32.125,156.125,26.35,0.24
2022-10-01T12:00:00Z,0.0,32.125,160.125,26.52,0.57
2022-10-01T12:00:00Z,0.0,32.125,164.125,26.38,0.74
2022-10-01T12:00:00Z,0.0,32.125,168.125,26.73,1.41
2022-10-01T12:00:00Z,0.0,32.125,172.125,26.49,1.39
2022-10-01T12:00:00Z,0.0,32.125,176.125,26.03,1.25
2022-10-01T12:00:00Z,0.0,32.125,180.125,25.85,1.32
2022-10-01T12:00:00Z,0.0,32.125,184.125,25.37,0.98
2022-10-01T12:00:00Z,0.0,32.125,188.125,25.37,0.94
2022-10-01T12:00:00Z,0.0,32.125,192.125,24.91,0.57
2022-10-01T12:00:00Z,0.0,32.125,196.125,25.11,0.93
2022-10-01T12:00:00Z,0.0,32.125,200.125,24.88,0.78
2022-10-01T12:00:00Z,0.0,32.125,204.125,24.86,0.96
2022-10-01T12:00:00Z,0.0,32.125,208.125,24.82,1.19
2022-10-01T12:00:00Z,0.0,32.125,212.125,24.59,1.39
2022-10-01T12:00:00Z,0.0,32.125,216.125,24.25,1.56
2022-10-01T12:00:00Z,0.0,32.125,220.125,23.76,1.63
2022-10-01T12:00:00Z,0.0,32.125,224.125,23.51,2.03
2022-10-01T12:00:00Z,0.0,32.125,228.125,22.78,2.08
2022-10-01T12:00:00Z,0.0,32.125,232.125,21.29,1.58
2022-10-01T12:00:00Z,0.0,32.125,236.125,20.01,1.4
2022-10-01T12:00:00Z,0.0,32.125,240.125,19.39,0.84
2022-10-01T12:00:00Z,0.0,32.125,244.125,NaN,NaN
2022-10-01T12:00:00Z,0.0,32.125,248.125,NaN,NaN
2022-10-01T12:00:00Z,0.0,32.125,252.125,NaN,NaN
2022-10-01T12:00:00Z,0.0,32.125,256.125,NaN,NaN
2022-10-01T12:00:00Z,0.0,32.125,260.125,NaN,NaN
2022-10-01T12:00:00Z,0.0,32.125,264.125,NaN,NaN
2022-10-01T12:00:00Z,0.0,32.125,268.125,NaN,NaN
2022-10-01T12:00:00Z,0.0,32.125,272.125,NaN,NaN
2022-10-01T12:00:00Z,0.0,32.125,276.125,NaN,NaN
2022-10-01T12:00:00Z,0.0,32.125,280.125,25.39,-1.35
2022-10-01T12:00:00Z,0.0,32.125,284.125,27.88,0.73
2022-10-01T12:00:00Z,0.0,32.125,288.125,26.81,0.62
2022-10-01T12:00:00Z,0.0,32.125,292.125,26.59,0.38
2022-10-01T12:00:00Z,0.0,32.125,296.125,26.25,-0.05
2022-10-01T12:00:00Z,0.0,32.125,300.125,26.6,0.42
2022-10-01T12:00:00Z,0.0,32.125,304.125,27.7,1.59
2022-10-01T12:00:00Z,0.0,32.125,308.125,27.96,1.91
2022-10-01T12:00:00Z,0.0,32.125,312.125,27.73,1.85
2022-10-01T12:00:00Z,0.0,32.125,316.125,27.24,1.58
2022-10-01T12:00:00Z,0.0,32.125,320.125,26.89,1.53
2022-10-01T12:00:00Z,0.0,32.125,324.125,26.57,1.42
2022-10-01T12:00:00Z,0.0,32.125,328.125,26.31,1.47
2022-10-01T12:00:00Z,0.0,32.125,332.125,24.9,0.62
2022-10-01T12:00:00Z,0.0,32.125,336.125,24.22,0.34
2022-10-01T12:00:00Z,0.0,32.125,340.125,24.16,0.86
2022-10-01T12:00:00Z,0.0,32.125,344.125,23.78,1.14
2022-10-01T12:00:00Z,0.0,32.125,348.125,23.79,1.88
2022-10-01T12:00:00Z,0.0,32.125,352.125,NaN,NaN
2022-10-01T12:00:00Z,0.0,32.125,356.125,NaN,NaN
2022-10-01T12:00:00Z,0.0,36.125,0.125,22.33,-0.12
2022-10-01T12:00:00Z,0.0,36.125,4.125,NaN,NaN
2022-10-01T12:00:00Z,0.0,36.125,8.125,NaN,NaN
2022-10-01T12:00:00Z,0.0,36.125,12.125,25.79,1.84
2022-10-01T12:00:00Z,0.0,36.125,16.125,24.81,0.58
2022-10-01T12:00:00Z,0.0,36.125,20.125,25.05,1.14
2022-10-01T12:00:00Z,0.0,36.125,24.125,24.49,1.72
2022-10-01T12:00:00Z,0.0,36.125,28.125,24.73,1.31
2022-10-01T12:00:00Z,0.0,36.125,32.125,26.37,1.42
2022-10-01T12:00:00Z,0.0,36.125,36.125,NaN,NaN
2022-10-01T12:00:00Z,0.0,36.125,40.125,NaN,NaN
2022-10-01T12:00:00Z,0.0,36.125,44.125,NaN,NaN
2022-10-01T12:00:00Z,0.0,36.125,48.125,NaN,NaN
2022-10-01T12:00:00Z,0.0,36.125,52.125,NaN,NaN
2022-10-01T12:00:00Z,0.0,36.125,56.125,NaN,NaN
2022-10-01T12:00:00Z,0.0,36.125,60.125,NaN,NaN
2022-10-01T12:00:00Z,0.0,36.125,64.125,NaN,NaN
2022-10-01T12:00:00Z,0.0,36.125,68.125,NaN,NaN
2022-10-01T12:00:00Z,0.0,36.125,72.125,NaN,NaN
2022-10-01T12:00:00Z,0.0,36.125,76.125,NaN,NaN
2022-10-01T12:00:00Z,0.0,36.125,80.125,NaN,NaN
2022-10-01T12:00:00Z,0.0,36.125,84.125,NaN,NaN
2022-10-01T12:00:00Z,0.0,36.125,88.125,NaN,NaN
2022-10-01T12:00:00Z,0.0,36.125,92.125,NaN,NaN
2022-10-01T12:00:00Z,0.0,36.125,96.125,NaN,NaN
2022-10-01T12:00:00Z,0.0,36.125,100.125,NaN,NaN
2022-10-01T12:00:00Z,0.0,36.125,104.125,NaN,NaN
2022-10-01T12:00:00Z,0.0,36.125,108.125,NaN,NaN
2022-10-01T12:00:00Z,0.0,36.125,112.125,NaN,NaN
2022-10-01T12:00:00Z,0.0,36.125,116.125,NaN,NaN
2022-10-01T12:00:00Z,0.0,36.125,120.125,NaN,NaN
2022-10-01T12:00:00Z,0.0,36.125,124.125,21.44,0.01
2022-10-01T12:00:00Z,0.0,36.125,128.125,NaN,NaN
2022-10-01T12:00:00Z,0.0,36.125,132.125,24.1,1.13
2022-10-01T12:00:00Z,0.0,36.125,136.125,24.66,1.44
2022-10-01T12:00:00Z,0.0,36.125,140.125,NaN,NaN
2022-10-01T12:00:00Z,0.0,36.125,144.125,26.59,2.72
2022-10-01T12:00:00Z,0.0,36.125,148.125,24.65,0.53
2022-10-01T12:00:00Z,0.0,36.125,152.125,25.46,1.14
2022-10-01T12:00:00Z,0.0,36.125,156.125,24.91,1.01
2022-10-01T12:00:00Z,0.0,36.125,160.125,25.49,1.81
2022-10-01T12:00:00Z,0.0,36.125,164.125,24.93,1.48
2022-10-01T12:00:00Z,0.0,36.125,168.125,25.28,2.29
2022-10-01T12:00:00Z,0.0,36.125,172.125,25.08,2.35
2022-10-01T12:00:00Z,0.0,36.125,176.125,24.56,2.21
2022-10-01T12:00:00Z,0.0,36.125,180.125,23.95,1.76
2022-10-01T12:00:00Z,0.0,36.125,184.125,23.83,1.97
2022-10-01T12:00:00Z,0.0,36.125,188.125,22.97,1.18
2022-10-01T12:00:00Z,0.0,36.125,192.125,22.36,0.53
2022-10-01T12:00:00Z,0.0,36.125,196.125,22.46,0.58
2022-10-01T12:00:00Z,0.0,36.125,200.125,22.4,0.51
2022-10-01T12:00:00Z,0.0,36.125,204.125,22.39,0.53
2022-10-01T12:00:00Z,0.0,36.125,208.125,22.6,0.78
2022-10-01T12:00:00Z,0.0,36.125,212.125,21.89,0.29
2022-10-01T12:00:00Z,0.0,36.125,216.125,22.26,0.99
2022-10-01T12:00:00Z,0.0,36.125,220.125,21.94,1.05
2022-10-01T12:00:00Z,0.0,36.125,224.125,21.71,1.4
2022-10-01T12:00:00Z,0.0,36.125,228.125,21.03,1.51
2022-10-01T12:00:00Z,0.0,36.125,232.125,18.6,0.44
2022-10-01T12:00:00Z,0.0,36.125,236.125,18.34,2.16
2022-10-01T12:00:00Z,0.0,36.125,240.125,NaN,NaN
2022-10-01T12:00:00Z,0.0,36.125,244.125,NaN,NaN
2022-10-01T12:00:00Z,0.0,36.125,248.125,NaN,NaN
2022-10-01T12:00:00Z,0.0,36.125,252.125,NaN,NaN
2022-10-01T12:00:00Z,0.0,36.125,256.125,NaN,NaN
2022-10-01T12:00:00Z,0.0,36.125,260.125,NaN,NaN
2022-10-01T12:00:00Z,0.0,36.125,264.125,NaN,NaN
2022-10-01T12:00:00Z,0.0,36.125,268.125,NaN,NaN
2022-10-01T12:00:00Z,0.0,36.125,272.125,NaN,NaN
2022-10-01T12:00:00Z,0.0,36.125,276.125,NaN,NaN
2022-10-01T12:00:00Z,0.0,36.125,280.125,NaN,NaN
2022-10-01T12:00:00Z,0.0,36.125,284.125,22.62,-0.64
2022-10-01T12:00:00Z,0.0,36.125,288.125,26.75,1.17
2022-10-01T12:00:00Z,0.0,36.125,292.125,26.58,0.86
2022-10-01T12:00:00Z,0.0,36.125,296.125,25.91,0.49
2022-10-01T12:00:00Z,0.0,36.125,300.125,26.75,1.58
2022-10-01T12:00:00Z,0.0,36.125,304.125,26.64,1.81
2022-10-01T12:00:00Z,0.0,36.125,308.125,26.93,2.28
2022-10-01T12:00:00Z,0.0,36.125,312.125,26.3,1.93
2022-10-01T12:00:00Z,0.0,36.125,316.125,25.73,1.5
2022-10-01T12:00:00Z,0.0,36.125,320.125,25.21,1.19
2022-10-01T12:00:00Z,0.0,36.125,324.125,25.03,1.32
2022-10-01T12:00:00Z,0.0,36.125,328.125,24.66,1.36
2022-10-01T12:00:00Z,0.0,36.125,332.125,23.92,0.94
2022-10-01T12:00:00Z,0.0,36.125,336.125,23.23,0.52
2022-10-01T12:00:00Z,0.0,36.125,340.125,22.63,0.41
2022-10-01T12:00:00Z,0.0,36.125,344.125,22.11,0.57
2022-10-01T12:00:00Z,0.0,36.125,348.125,22.16,0.97
2022-10-01T12:00:00Z,0.0,36.125,352.125,22.11,1.03
2022-10-01T12:00:00Z,0.0,36.125,356.125,20.17,-0.66
2022-10-01T12:00:00Z,0.0,40.125,0.125,24.33,1.75
2022-10-01T12:00:00Z,0.0,40.125,4.125,24.79,2.3
2022-10-01T12:00:00Z,0.0,40.125,8.125,23.44,1.25
2022-10-01T12:00:00Z,0.0,40.125,12.125,23.22,0.64
2022-10-01T12:00:00Z,0.0,40.125,16.125,NaN,NaN
2022-10-01T12:00:00Z,0.0,40.125,20.125,NaN,NaN
2022-10-01T12:00:00Z,0.0,40.125,24.125,23.19,1.56
2022-10-01T12:00:00Z,0.0,40.125,28.125,NaN,NaN
2022-10-01T12:00:00Z,0.0,40.125,32.125,NaN,NaN
2022-10-01T12:00:00Z,0.0,40.125,36.125,NaN,NaN
2022-10-01T12:00:00Z,0.0,40.125,40.125,NaN,NaN
2022-10-01T12:00:00Z,0.0,40.125,44.125,NaN,NaN
2022-10-01T12:00:00Z,0.0,40.125,48.125,NaN,NaN
2022-10-01T12:00:00Z,0.0,40.125,52.125,22.24,0.76
2022-10-01T12:00:00Z,0.0,40.125,56.125,NaN,NaN
2022-10-01T12:00:00Z,0.0,40.125,60.125,NaN,NaN
2022-10-01T12:00:00Z,0.0,40.125,64.125,NaN,NaN
2022-10-01T12:00:00Z,0.0,40.125,68.125,NaN,NaN
2022-10-01T12:00:00Z,0.0,40.125,72.125,NaN,NaN
2022-10-01T12:00:00Z,0.0,40.125,76.125,NaN,NaN
2022-10-01T12:00:00Z,0.0,40.125,80.125,NaN,NaN
2022-10-01T12:00:00Z,0.0,40.125,84.125,NaN,NaN
2022-10-01T12:00:00Z,0.0,40.125,88.125,NaN,NaN
2022-10-01T12:00:00Z,0.0,40.125,92.125,NaN,NaN
2022-10-01T12:00:00Z,0.0,40.125,96.125,NaN,NaN
2022-10-01T12:00:00Z,0.0,40.125,100.125,NaN,NaN
2022-10-01T12:00:00Z,0.0,40.125,104.125,NaN,NaN
2022-10-01T12:00:00Z,0.0,40.125,108.125,NaN,NaN
2022-10-01T12:00:00Z,0.0,40.125,112.125,NaN,NaN
2022-10-01T12:00:00Z,0.0,40.125,116.125,NaN,NaN
2022-10-01T12:00:00Z,0.0,40.125,120.125,21.35,1.14
2022-10-01T12:00:00Z,0.0,40.125,124.125,NaN,NaN
2022-10-01T12:00:00Z,0.0,40.125,128.125,NaN,NaN
2022-10-01T12:00:00Z,0.0,40.125,132.125,20.19,1.28
2022-10-01T12:00:00Z,0.0,40.125,136.125,21.59,2.14
2022-10-01T12:00:00Z,0.0,40.125,140.125,NaN,NaN
2022-10-01T12:00:00Z,0.0,40.125,144.125,21.52,3.07
2022-10-01T12:00:00Z,0.0,40.125,148.125,22.45,3.7
2022-10-01T12:00:00Z,0.0,40.125,152.125,22.01,2.53
2022-10-01T12:00:00Z,0.0,40.125,156.125,23.32,4.16
2022-10-01T12:00:00Z,0.0,40.125,160.125,21.74,2.76
2022-10-01T12:00:00Z,0.0,40.125,164.125,21.02,2.29
2022-10-01T12:00:00Z,0.0,40.125,168.125,19.9,1.26
2022-10-01T12:00:00Z,0.0,40.125,172.125,22.28,3.86
2022-10-01T12:00:00Z,0.0,40.125,176.125,23.82,5.79
2022-10-01T12:00:00Z,0.0,40.125,180.125,22.83,4.98
2022-10-01T12:00:00Z,0.0,40.125,184.125,20.94,3.03
2022-10-01T12:00:00Z,0.0,40.125,188.125,21.55,3.61
2022-10-01T12:00:00Z,0.0,40.125,192.125,21.31,3.24
2022-10-01T12:00:00Z,0.0,40.125,196.125,20.19,1.86
2022-10-01T12:00:00Z,0.0,40.125,200.125,19.34,0.74
2022-10-01T12:00:00Z,0.0,40.125,204.125,19.55,0.76
2022-10-01T12:00:00Z,0.0,40.125,208.125,19.79,0.75
2022-10-01T12:00:00Z,0.0,40.125,212.125,19.53,0.4
2022-10-01T12:00:00Z,0.0,40.125,216.125,19.35,0.26
2022-10-01T12:00:00Z,0.0,40.125,220.125,19.42,0.47
2022-10-01T12:00:00Z,0.0,40.125,224.125,19.28,0.69
2022-10-01T12:00:00Z,0.0,40.125,228.125,19.41,1.29
2022-10-01T12:00:00Z,0.0,40.125,232.125,17.64,0.78
2022-10-01T12:00:00Z,0.0,40.125,236.125,NaN,NaN
2022-10-01T12:00:00Z,0.0,40.125,240.125,NaN,NaN
2022-10-01T12:00:00Z,0.0,40.125,244.125,NaN,NaN
2022-10-01T12:00:00Z,0.0,40.125,248.125,NaN,NaN
2022-10-01T12:00:00Z,0.0,40.125,252.125,NaN,NaN
2022-10-01T12:00:00Z,0.0,40.125,256.125,NaN,NaN
2022-10-01T12:00:00Z,0.0,40.125,260.125,NaN,NaN
2022-10-01T12:00:00Z,0.0,40.125,264.125,NaN,NaN
2022-10-01T12:00:00Z,0.0,40.125,268.125,NaN,NaN
2022-10-01T12:00:00Z,0.0,40.125,272.125,NaN,NaN
2022-10-01T12:00:00Z,0.0,40.125,276.125,NaN,NaN
2022-10-01T12:00:00Z,0.0,40.125,280.125,NaN,NaN
2022-10-01T12:00:00Z,0.0,40.125,284.125,NaN,NaN
2022-10-01T12:00:00Z,0.0,40.125,288.125,19.96,0.87
2022-10-01T12:00:00Z,0.0,40.125,292.125,18.8,-0.99
2022-10-01T12:00:00Z,0.0,40.125,296.125,25.81,3.19
2022-10-01T12:00:00Z,0.0,40.125,300.125,26.61,2.83
2022-10-01T12:00:00Z,0.0,40.125,304.125,26.73,2.85
2022-10-01T12:00:00Z,0.0,40.125,308.125,25.46,2.25
2022-10-01T12:00:00Z,0.0,40.125,312.125,24.86,2.14
2022-10-01T12:00:00Z,0.0,40.125,316.125,23.7,0.92
2022-10-01T12:00:00Z,0.0,40.125,320.125,24.12,1.95
2022-10-01T12:00:00Z,0.0,40.125,324.125,23.21,1.35
2022-10-01T12:00:00Z,0.0,40.125,328.125,22.79,1.45
2022-10-01T12:00:00Z,0.0,40.125,332.125,22.61,1.72
2022-10-01T12:00:00Z,0.0,40.125,336.125,22.07,1.29
2022-10-01T12:00:00Z,0.0,40.125,340.125,21.28,0.81
2022-10-01T12:00:00Z,0.0,40.125,344.125,21.0,1.05
2022-10-01T12:00:00Z,0.0,40.125,348.125,20.59,1.12
2022-10-01T12:00:00Z,0.0,40.125,352.125,NaN,NaN
2022-10-01T12:00:00Z,0.0,40.125,356.125,NaN,NaN
2022-10-01T12:00:00Z,0.0,44.125,0.125,NaN,NaN
2022-10-01T12:00:00Z,0.0,44.125,4.125,NaN,NaN
2022-10-01T12:00:00Z,0.0,44.125,8.125,NaN,NaN
2022-10-01T12:00:00Z,0.0,44.125,12.125,NaN,NaN
2022-10-01T12:00:00Z,0.0,44.125,16.125,NaN,NaN
2022-10-01T12:00:00Z,0.0,44.125,20.125,NaN,NaN
2022-10-01T12:00:00Z,0.0,44.125,24.125,NaN,NaN
2022-10-01T12:00:00Z,0.0,44.125,28.125,NaN,NaN
2022-10-01T12:00:00Z,0.0,44.125,32.125,20.3,1.25
2022-10-01T12:00:00Z,0.0,44.125,36.125,21.48,2.45
2022-10-01T12:00:00Z,0.0,44.125,40.125,NaN,NaN
2022-10-01T12:00:00Z,0.0,44.125,44.125,NaN,NaN
2022-10-01T12:00:00Z,0.0,44.125,48.125,21.66,2.75
2022-10-01T12:00:00Z,0.0,44.125,52.125,NaN,NaN
2022-10-01T12:00:00Z,0.0,44.125,56.125,NaN,NaN
2022-10-01T12:00:00Z,0.0,44.125,60.125,NaN,NaN
2022-10-01T12:00:00Z,0.0,44.125,64.125,NaN,NaN
2022-10-01T12:00:00Z,0.0,44.125,68.125,NaN,NaN
2022-10-01T12:00:00Z,0.0,44.125,72.125,NaN,NaN
2022-10-01T12:00:00Z,0.0,44.125,76.125,NaN,NaN
2022-10-01T12:00:00Z,0.0,44.125,80.125,NaN,NaN
2022-10-01T12:00:00Z,0.0,44.125,84.125,NaN,NaN
2022-10-01T12:00:00Z,0.0,44.125,88.125,NaN,NaN
2022-10-01T12:00:00Z,0.0,44.125,92.125,NaN,NaN
2022-10-01T12:00:00Z,0.0,44.125,96.125,NaN,NaN
2022-10-01T12:00:00Z,0.0,44.125,100.125,NaN,NaN
2022-10-01T12:00:00Z,0.0,44.125,104.125,NaN,NaN
2022-10-01T12:00:00Z,0.0,44.125,108.125,NaN,NaN
2022-10-01T12:00:00Z,0.0,44.125,112.125,NaN,NaN
2022-10-01T12:00:00Z,0.0,44.125,116.125,NaN,NaN
2022-10-01T12:00:00Z,0.0,44.125,120.125,NaN,NaN
2022-10-01T12:00:00Z,0.0,44.125,124.125,NaN,NaN
2022-10-01T12:00:00Z,0.0,44.125,128.125,NaN,NaN
2022-10-01T12:00:00Z,0.0,44.125,132.125,NaN,NaN
2022-10-01T12:00:00Z,0.0,44.125,136.125,12.56,-2.5
2022-10-01T12:00:00Z,0.0,44.125,140.125,19.76,2.44
2022-10-01T12:00:00Z,0.0,44.125,144.125,17.91,4.28
2022-10-01T12:00:00Z,0.0,44.125,148.125,11.01,-1.51
2022-10-01T12:00:00Z,0.0,44.125,152.125,15.37,3.18
2022-10-01T12:00:00Z,0.0,44.125,156.125,16.91,3.13
2022-10-01T12:00:00Z,0.0,44.125,160.125,18.08,4.29
2022-10-01T12:00:00Z,0.0,44.125,164.125,16.92,3.78
2022-10-01T12:00:00Z,0.0,44.125,168.125,14.38,1.75
2022-10-01T12:00:00Z,0.0,44.125,172.125,15.14,2.21
2022-10-01T12:00:00Z,0.0,44.125,176.125,17.17,4.07
2022-10-01T12:00:00Z,0.0,44.125,180.125,16.97,3.94
2022-10-01T12:00:00Z,0.0,44.125,184.125,16.98,3.95
2022-10-01T12:00:00Z,0.0,44.125,188.125,16.8,3.57
2022-10-01T12:00:00Z,0.0,44.125,192.125,16.73,3.16
2022-10-01T12:00:00Z,0.0,44.125,196.125,16.71,2.63
2022-10-01T12:00:00Z,0.0,44.125,200.125,17.21,2.7
2022-10-01T12:00:00Z,0.0,44.125,204.125,16.61,1.73
2022-10-01T12:00:00Z,0.0,44.125,208.125,16.8,1.44
2022-10-01T12:00:00Z,0.0,44.125,212.125,17.14,1.42
2022-10-01T12:00:00Z,0.0,44.125,216.125,17.2,1.09
2022-10-01T12:00:00Z,0.0,44.125,220.125,17.35,1.08
2022-10-01T12:00:00Z,0.0,44.125,224.125,17.91,1.46
2022-10-01T12:00:00Z,0.0,44.125,228.125,18.41,1.91
2022-10-01T12:00:00Z,0.0,44.125,232.125,18.45,2.22
2022-10-01T12:00:00Z,0.0,44.125,236.125,NaN,NaN
2022-10-01T12:00:00Z,0.0,44.125,240.125,NaN,NaN
2022-10-01T12:00:00Z,0.0,44.125,244.125,NaN,NaN
2022-10-01T12:00:00Z,0.0,44.125,248.125,NaN,NaN
2022-10-01T12:00:00Z,0.0,44.125,252.125,NaN,NaN
2022-10-01T12:00:00Z,0.0,44.125,256.125,NaN,NaN
2022-10-01T12:00:00Z,0.0,44.125,260.125,NaN,NaN
2022-10-01T12:00:00Z,0.0,44.125,264.125,NaN,NaN
2022-10-01T12:00:00Z,0.0,44.125,268.125,NaN,NaN
2022-10-01T12:00:00Z,0.0,44.125,272.125,NaN,NaN
2022-10-01T12:00:00Z,0.0,44.125,276.125,NaN,NaN
2022-10-01T12:00:00Z,0.0,44.125,280.125,NaN,NaN
2022-10-01T12:00:00Z,0.0,44.125,284.125,NaN,NaN
2022-10-01T12:00:00Z,0.0,44.125,288.125,NaN,NaN
2022-10-01T12:00:00Z,0.0,44.125,292.125,12.74,0.65
2022-10-01T12:00:00Z,0.0,44.125,296.125,15.59,1.79
2022-10-01T12:00:00Z,0.0,44.125,300.125,14.41,-0.67
2022-10-01T12:00:00Z,0.0,44.125,304.125,17.85,2.26
2022-10-01T12:00:00Z,0.0,44.125,308.125,15.86,1.16
2022-10-01T12:00:00Z,0.0,44.125,312.125,19.32,4.51
2022-10-01T12:00:00Z,0.0,44.125,316.125,20.28,0.87
2022-10-01T12:00:00Z,0.0,44.125,320.125,21.56,1.89
2022-10-01T12:00:00Z,0.0,44.125,324.125,21.86,2.71
2022-10-01T12:00:00Z,0.0,44.125,328.125,21.48,2.47
2022-10-01T12:00:00Z,0.0,44.125,332.125,20.47,1.78
2022-10-01T12:00:00Z,0.0,44.125,336.125,19.95,1.48
2022-10-01T12:00:00Z,0.0,44.125,340.125,19.6,1.37
2022-10-01T12:00:00Z,0.0,44.125,344.125,18.82,0.69
2022-10-01T12:00:00Z,0.0,44.125,348.125,19.14,1.31
2022-10-01T12:00:00Z,0.0,44.125,352.125,18.93,1.31
2022-10-01T12:00:00Z,0.0,44.125,356.125,19.66,0.94
2022-10-01T12:00:00Z,0.0,48.125,0.125,NaN,NaN
2022-10-01T12:00:00Z,0.0,48.125,4.125,NaN,NaN
2022-10-01T12:00:00Z,0.0,48.125,8.125,NaN,NaN
2022-10-01T12:00:00Z,0.0,48.125,12.125,NaN,NaN
2022-10-01T12:00:00Z,0.0,48.125,16.125,NaN,NaN
2022-10-01T12:00:00Z,0.0,48.125,20.125,NaN,NaN
2022-10-01T12:00:00Z,0.0,48.125,24.125,NaN,NaN
2022-10-01T12:00:00Z,0.0,48.125,28.125,NaN,NaN
2022-10-01T12:00:00Z,0.0,48.125,32.125,NaN,NaN
2022-10-01T12:00:00Z,0.0,48.125,36.125,NaN,NaN
2022-10-01T12:00:00Z,0.0,48.125,40.125,NaN,NaN
2022-10-01T12:00:00Z,0.0,48.125,44.125,NaN,NaN
2022-10-01T12:00:00Z,0.0,48.125,48.125,NaN,NaN
2022-10-01T12:00:00Z,0.0,48.125,52.125,NaN,NaN
2022-10-01T12:00:00Z,0.0,48.125,56.125,NaN,NaN
2022-10-01T12:00:00Z,0.0,48.125,60.125,NaN,NaN
2022-10-01T12:00:00Z,0.0,48.125,64.125,NaN,NaN
2022-10-01T12:00:00Z,0.0,48.125,68.125,NaN,NaN
2022-10-01T12:00:00Z,0.0,48.125,72.125,NaN,NaN
2022-10-01T12:00:00Z,0.0,48.125,76.125,NaN,NaN
2022-10-01T12:00:00Z,0.0,48.125,80.125,NaN,NaN
2022-10-01T12:00:00Z,0.0,48.125,84.125,NaN,NaN
2022-10-01T12:00:00Z,0.0,48.125,88.125,NaN,NaN
2022-10-01T12:00:00Z,0.0,48.125,92.125,NaN,NaN
2022-10-01T12:00:00Z,0.0,48.125,96.125,NaN,NaN
2022-10-01T12:00:00Z,0.0,48.125,100.125,NaN,NaN
2022-10-01T12:00:00Z,0.0,48.125,104.125,NaN,NaN
2022-10-01T12:00:00Z,0.0,48.125,108.125,NaN,NaN
2022-10-01T12:00:00Z,0.0,48.125,112.125,NaN,NaN
2022-10-01T12:00:00Z,0.0,48.125,116.125,NaN,NaN
2022-10-01T12:00:00Z,0.0,48.125,120.125,NaN,NaN
2022-10-01T12:00:00Z,0.0,48.125,124.125,NaN,NaN
2022-10-01T12:00:00Z,0.0,48.125,128.125,NaN,NaN
2022-10-01T12:00:00Z,0.0,48.125,132.125,NaN,NaN
2022-10-01T12:00:00Z,0.0,48.125,136.125,NaN,NaN
2022-10-01T12:00:00Z,0.0,48.125,140.125,13.47,0.25
2022-10-01T12:00:00Z,0.0,48.125,144.125,9.7,-1.36
2022-10-01T12:00:00Z,0.0,48.125,148.125,12.33,1.59
2022-10-01T12:00:00Z,0.0,48.125,152.125,11.28,3.06
2022-10-01T12:00:00Z,0.0,48.125,156.125,12.03,3.1
2022-10-01T12:00:00Z,0.0,48.125,160.125,12.75,2.56
2022-10-01T12:00:00Z,0.0,48.125,164.125,13.38,2.93
2022-10-01T12:00:00Z,0.0,48.125,168.125,11.97,1.78
2022-10-01T12:00:00Z,0.0,48.125,172.125,10.77,0.61
2022-10-01T12:00:00Z,0.0,48.125,176.125,11.08,0.9
2022-10-01T12:00:00Z,0.0,48.125,180.125,12.09,1.89
2022-10-01T12:00:00Z,0.0,48.125,184.125,12.17,1.86
2022-10-01T12:00:00Z,0.0,48.125,188.125,12.62,2.22
2022-10-01T12:00:00Z,0.0,48.125,192.125,12.67,2.03
2022-10-01T12:00:00Z,0.0,48.125,196.125,12.59,1.66
2022-10-01T12:00:00Z,0.0,48.125,200.125,13.39,2.04
2022-10-01T12:00:00Z,0.0,48.125,204.125,13.68,1.82
2022-10-01T12:00:00Z,0.0,48.125,208.125,14.06,1.74
2022-10-01T12:00:00Z,0.0,48.125,212.125,14.7,1.93
2022-10-01T12:00:00Z,0.0,48.125,216.125,15.66,2.38
2022-10-01T12:00:00Z,0.0,48.125,220.125,16.09,2.38
2022-10-01T12:00:00Z,0.0,48.125,224.125,17.24,3.07
2022-10-01T12:00:00Z,0.0,48.125,228.125,17.32,2.52
2022-10-01T12:00:00Z,0.0,48.125,232.125,16.87,2.35
2022-10-01T12:00:00Z,0.0,48.125,236.125,NaN,NaN
2022-10-01T12:00:00Z,0.0,48.125,240.125,NaN,NaN
2022-10-01T12:00:00Z,0.0,48.125,244.125,NaN,NaN
2022-10-01T12:00:00Z,0.0,48.125,248.125,NaN,NaN
2022-10-01T12:00:00Z,0.0,48.125,252.125,NaN,NaN
2022-10-01T12:00:00Z,0.0,48.125,256.125,NaN,NaN
2022-10-01T12:00:00Z,0.0,48.125,260.125,NaN,NaN
2022-10-01T12:00:00Z,0.0,48.125,264.125,NaN,NaN
2022-10-01T12:00:00Z,0.0,48.125,268.125,NaN,NaN
2022-10-01T12:00:00Z,0.0,48.125,272.125,8.87,-1.18
2022-10-01T12:00:00Z,0.0,48.125,276.125,NaN,NaN
2022-10-01T12:00:00Z,0.0,48.125,280.125,NaN,NaN
2022-10-01T12:00:00Z,0.0,48.125,284.125,NaN,NaN
2022-10-01T12:00:00Z,0.0,48.125,288.125,NaN,NaN
2022-10-01T12:00:00Z,0.0,48.125,292.125,NaN,NaN
2022-10-01T12:00:00Z,0.0,48.125,296.125,10.42,-0.47
2022-10-01T12:00:00Z,0.0,48.125,300.125,11.12,-0.29
2022-10-01T12:00:00Z,0.0,48.125,304.125,NaN,NaN
2022-10-01T12:00:00Z,0.0,48.125,308.125,13.15,3.39
2022-10-01T12:00:00Z,0.0,48.125,312.125,12.6,3.18
2022-10-01T12:00:00Z,0.0,48.125,316.125,14.47,2.01
2022-10-01T12:00:00Z,0.0,48.125,320.125,18.44,2.29
2022-10-01T12:00:00Z,0.0,48.125,324.125,19.31,3.5
2022-10-01T12:00:00Z,0.0,48.125,328.125,17.97,2.11
2022-10-01T12:00:00Z,0.0,48.125,332.125,17.92,1.93
2022-10-01T12:00:00Z,0.0,48.125,336.125,18.33,2.21
2022-10-01T12:00:00Z,0.0,48.125,340.125,17.95,1.7
2022-10-01T12:00:00Z,0.0,48.125,344.125,17.59,1.44
2022-10-01T12:00:00Z,0.0,48.125,348.125,17.7,1.52
2022-10-01T12:00:00Z,0.0,48.125,352.125,16.64,0.66
2022-10-01T12:00:00Z,0.0,48.125,356.125,NaN,NaN
2022-10-01T12:00:00Z,0.0,52.125,0.125,NaN,NaN
2022-10-01T12:00:00Z,0.0,52.125,4.125,16.78,0.89
2022-10-01T12:00:00Z,0.0,52.125,8.125,NaN,NaN
2022-10-01T12:00:00Z,0.0,52.125,12.125,NaN,NaN
2022-10-01T12:00:00Z,0.0,52.125,16.125,NaN,NaN
2022-10-01T12:00:00Z,0.0,52.125,20.125,NaN,NaN
2022-10-01T12:00:00Z,0.0,52.125,24.125,NaN,NaN
2022-10-01T12:00:00Z,0.0,52.125,28.125,NaN,NaN
2022-10-01T12:00:00Z,0.0,52.125,32.125,NaN,NaN
2022-10-01T12:00:00Z,0.0,52.125,36.125,NaN,NaN
2022-10-01T12:00:00Z,0.0,52.125,40.125,NaN,NaN
2022-10-01T12:00:00Z,0.0,52.125,44.125,NaN,NaN
2022-10-01T12:00:00Z,0.0,52.125,48.125,NaN,NaN
2022-10-01T12:00:00Z,0.0,52.125,52.125,NaN,NaN
2022-10-01T12:00:00Z,0.0,52.125,56.125,NaN,NaN
2022-10-01T12:00:00Z,0.0,52.125,60.125,NaN,NaN
2022-10-01T12:00:00Z,0.0,52.125,64.125,NaN,NaN
2022-10-01T12:00:00Z,0.0,52.125,68.125,NaN,NaN
2022-10-01T12:00:00Z,0.0,52.125,72.125,NaN,NaN
2022-10-01T12:00:00Z,0.0,52.125,76.125,NaN,NaN
2022-10-01T12:00:00Z,0.0,52.125,80.125,NaN,NaN
2022-10-01T12:00:00Z,0.0,52.125,84.125,NaN,NaN
2022-10-01T12:00:00Z,0.0,52.125,88.125,NaN,NaN
2022-10-01T12:00:00Z,0.0,52.125,92.125,NaN,NaN
2022-10-01T12:00:00Z,0.0,52.125,96.125,NaN,NaN
2022-10-01T12:00:00Z,0.0,52.125,100.125,NaN,NaN
2022-10-01T12:00:00Z,0.0,52.125,104.125,NaN,NaN
2022-10-01T12:00:00Z,0.0,52.125,108.125,NaN,NaN
2022-10-01T12:00:00Z,0.0,52.125,112.125,NaN,NaN
2022-10-01T12:00:00Z,0.0,52.125,116.125,NaN,NaN
2022-10-01T12:00:00Z,0.0,52.125,120.125,NaN,NaN
2022-10-01T12:00:00Z,0.0,52.125,124.125,NaN,NaN
2022-10-01T12:00:00Z,0.0,52.125,128.125,NaN,NaN
2022-10-01T12:00:00Z,0.0,52.125,132.125,NaN,NaN
2022-10-01T12:00:00Z,0.0,52.125,136.125,NaN,NaN
2022-10-01T12:00:00Z,0.0,52.125,140.125,NaN,NaN
2022-10-01T12:00:00Z,0.0,52.125,144.125,8.84,-0.86
2022-10-01T12:00:00Z,0.0,52.125,148.125,9.93,0.0
2022-10-01T12:00:00Z,0.0,52.125,152.125,10.05,0.77
2022-10-01T12:00:00Z,0.0,52.125,156.125,11.19,2.46
2022-10-01T12:00:00Z,0.0,52.125,160.125,8.33,-0.94
2022-10-01T12:00:00Z,0.0,52.125,164.125,11.44,1.97
2022-10-01T12:00:00Z,0.0,52.125,168.125,10.07,0.97
2022-10-01T12:00:00Z,0.0,52.125,172.125,8.74,0.1
2022-10-01T12:00:00Z,0.0,52.125,176.125,7.83,-0.42
2022-10-01T12:00:00Z,0.0,52.125,180.125,7.63,-0.37
2022-10-01T12:00:00Z,0.0,52.125,184.125,8.31,-0.18
2022-10-01T12:00:00Z,0.0,52.125,188.125,7.05,-1.49
2022-10-01T12:00:00Z,0.0,52.125,192.125,10.28,1.06
2022-10-01T12:00:00Z,0.0,52.125,196.125,10.38,0.51
2022-10-01T12:00:00Z,0.0,52.125,200.125,11.01,0.93
2022-10-01T12:00:00Z,0.0,52.125,204.125,11.34,1.03
2022-10-01T12:00:00Z,0.0,52.125,208.125,12.21,1.58
2022-10-01T12:00:00Z,0.0,52.125,212.125,13.06,2.06
2022-10-01T12:00:00Z,0.0,52.125,216.125,13.65,2.13
2022-10-01T12:00:00Z,0.0,52.125,220.125,14.78,2.64
2022-10-01T12:00:00Z,0.0,52.125,224.125,15.18,2.28
2022-10-01T12:00:00Z,0.0,52.125,228.125,14.38,1.74
2022-10-01T12:00:00Z,0.0,52.125,232.125,NaN,NaN
2022-10-01T12:00:00Z,0.0,52.125,236.125,NaN,NaN
2022-10-01T12:00:00Z,0.0,52.125,240.125,NaN,NaN
2022-10-01T12:00:00Z,0.0,52.125,244.125,NaN,NaN
2022-10-01T12:00:00Z,0.0,52.125,248.125,NaN,NaN
2022-10-01T12:00:00Z,0.0,52.125,252.125,NaN,NaN
2022-10-01T12:00:00Z,0.0,52.125,256.125,NaN,NaN
2022-10-01T12:00:00Z,0.0,52.125,260.125,NaN,NaN
2022-10-01T12:00:00Z,0.0,52.125,264.125,NaN,NaN
2022-10-01T12:00:00Z,0.0,52.125,268.125,NaN,NaN
2022-10-01T12:00:00Z,0.0,52.125,272.125,NaN,NaN
2022-10-01T12:00:00Z,0.0,52.125,276.125,NaN,NaN
2022-10-01T12:00:00Z,0.0,52.125,280.125,9.74,7.49
2022-10-01T12:00:00Z,0.0,52.125,284.125,NaN,NaN
2022-10-01T12:00:00Z,0.0,52.125,288.125,NaN,NaN
2022-10-01T12:00:00Z,0.0,52.125,292.125,NaN,NaN
2022-10-01T12:00:00Z,0.0,52.125,296.125,NaN,NaN
2022-10-01T12:00:00Z,0.0,52.125,300.125,NaN,NaN
2022-10-01T12:00:00Z,0.0,52.125,304.125,NaN,NaN
2022-10-01T12:00:00Z,0.0,52.125,308.125,7.35,1.28
2022-10-01T12:00:00Z,0.0,52.125,312.125,13.59,4.27
2022-10-01T12:00:00Z,0.0,52.125,316.125,14.86,3.7
2022-10-01T12:00:00Z,0.0,52.125,320.125,14.27,2.99
2022-10-01T12:00:00Z,0.0,52.125,324.125,14.65,3.28
2022-10-01T12:00:00Z,0.0,52.125,328.125,14.68,2.5
2022-10-01T12:00:00Z,0.0,52.125,332.125,15.91,2.95
2022-10-01T12:00:00Z,0.0,52.125,336.125,15.43,1.83
2022-10-01T12:00:00Z,0.0,52.125,340.125,15.7,1.48
2022-10-01T12:00:00Z,0.0,52.125,344.125,16.23,1.82
2022-10-01T12:00:00Z,0.0,52.125,348.125,15.76,1.54
2022-10-01T12:00:00Z,0.0,52.125,352.125,NaN,NaN
2022-10-01T12:00:00Z,0.0,52.125,356.125,NaN,NaN
2022-10-01T12:00:00Z,0.0,56.125,0.125,13.41,1.08
2022-10-01T12:00:00Z,0.0,56.125,4.125,14.52,1.25
2022-10-01T12:00:00Z,0.0,56.125,8.125,14.34,0.58
2022-10-01T12:00:00Z,0.0,56.125,12.125,14.08,1.01
2022-10-01T12:00:00Z,0.0,56.125,16.125,14.84,1.96
2022-10-01T12:00:00Z,0.0,56.125,20.125,14.77,1.36
2022-10-01T12:00:00Z,0.0,56.125,24.125,NaN,NaN
2022-10-01T12:00:00Z,0.0,56.125,28.125,NaN,NaN
2022-10-01T12:00:00Z,0.0,56.125,32.125,NaN,NaN
2022-10-01T12:00:00Z,0.0,56.125,36.125,NaN,NaN
2022-10-01T12:00:00Z,0.0,56.125,40.125,NaN,NaN
2022-10-01T12:00:00Z,0.0,56.125,44.125,NaN,NaN
2022-10-01T12:00:00Z,0.0,56.125,48.125,NaN,NaN
2022-10-01T12:00:00Z,0.0,56.125,52.125,NaN,NaN
2022-10-01T12:00:00Z,0.0,56.125,56.125,NaN,NaN
2022-10-01T12:00:00Z,0.0,56.125,60.125,NaN,NaN
2022-10-01T12:00:00Z,0.0,56.125,64.125,NaN,NaN
2022-10-01T12:00:00Z,0.0,56.125,68.125,NaN,NaN
2022-10-01T12:00:00Z,0.0,56.125,72.125,NaN,NaN
2022-10-01T12:00:00Z,0.0,56.125,76.125,NaN,NaN
2022-10-01T12:00:00Z,0.0,56.125,80.125,NaN,NaN
2022-10-01T12:00:00Z,0.0,56.125,84.125,NaN,NaN
2022-10-01T12:00:00Z,0.0,56.125,88.125,NaN,NaN
2022-10-01T12:00:00Z,0.0,56.125,92.125,NaN,NaN
2022-10-01T12:00:00Z,0.0,56.125,96.125,NaN,NaN
2022-10-01T12:00:00Z,0.0,56.125,100.125,NaN,NaN
2022-10-01T12:00:00Z,0.0,56.125,104.125,NaN,NaN
2022-10-01T12:00:00Z,0.0,56.125,108.125,NaN,NaN
2022-10-01T12:00:00Z,0.0,56.125,112.125,NaN,NaN
2022-10-01T12:00:00Z,0.0,56.125,116.125,NaN,NaN
2022-10-01T12:00:00Z,0.0,56.125,120.125,NaN,NaN
2022-10-01T12:00:00Z,0.0,56.125,124.125,NaN,NaN
2022-10-01T12:00:00Z,0.0,56.125,128.125,NaN,NaN
2022-10-01T12:00:00Z,0.0,56.125,132.125,NaN,NaN
2022-10-01T12:00:00Z,0.0,56.125,136.125,NaN,NaN
2022-10-01T12:00:00Z,0.0,56.125,140.125,4.73,-3.69
2022-10-01T12:00:00Z,0.0,56.125,144.125,6.63,-1.33
2022-10-01T12:00:00Z,0.0,56.125,148.125,7.46,-1.12
2022-10-01T12:00:00Z,0.0,56.125,152.125,8.7,0.2
2022-10-01T12:00:00Z,0.0,56.125,156.125,NaN,NaN
2022-10-01T12:00:00Z,0.0,56.125,160.125,NaN,NaN
2022-10-01T12:00:00Z,0.0,56.125,164.125,9.21,0.61
2022-10-01T12:00:00Z,0.0,56.125,168.125,9.74,1.44
2022-10-01T12:00:00Z,0.0,56.125,172.125,8.72,0.64
2022-10-01T12:00:00Z,0.0,56.125,176.125,7.9,-0.02
2022-10-01T12:00:00Z,0.0,56.125,180.125,7.66,-0.27
2022-10-01T12:00:00Z,0.0,56.125,184.125,7.46,-0.63
2022-10-01T12:00:00Z,0.0,56.125,188.125,8.1,0.1
2022-10-01T12:00:00Z,0.0,56.125,192.125,8.2,0.45
2022-10-01T12:00:00Z,0.0,56.125,196.125,8.87,0.7
2022-10-01T12:00:00Z,0.0,56.125,200.125,NaN,NaN
2022-10-01T12:00:00Z,0.0,56.125,204.125,10.29,0.58
2022-10-01T12:00:00Z,0.0,56.125,208.125,11.48,1.62
2022-10-01T12:00:00Z,0.0,56.125,212.125,11.82,1.36
2022-10-01T12:00:00Z,0.0,56.125,216.125,12.33,1.41
2022-10-01T12:00:00Z,0.0,56.125,220.125,12.9,1.48
2022-10-01T12:00:00Z,0.0,56.125,224.125,13.72,2.29
2022-10-01T12:00:00Z,0.0,56.125,228.125,NaN,NaN
2022-10-01T12:00:00Z,0.0,56.125,232.125,NaN,NaN
2022-10-01T12:00:00Z,0.0,56.125,236.125,NaN,NaN
2022-10-01T12:00:00Z,0.0,56.125,240.125,NaN,NaN
2022-10-01T12:00:00Z,0.0,56.125,244.125,NaN,NaN
2022-10-01T12:00:00Z,0.0,56.125,248.125,NaN,NaN
2022-10-01T12:00:00Z,0.0,56.125,252.125,NaN,NaN
2022-10-01T12:00:00Z,0.0,56.125,256.125,NaN,NaN
2022-10-01T12:00:00Z,0.0,56.125,260.125,NaN,NaN
2022-10-01T12:00:00Z,0.0,56.125,264.125,NaN,NaN
2022-10-01T12:00:00Z,0.0,56.125,268.125,NaN,NaN
2022-10-01T12:00:00Z,0.0,56.125,272.125,NaN,NaN
2022-10-01T12:00:00Z,0.0,56.125,276.125,5.18,0.39
2022-10-01T12:00:00Z,0.0,56.125,280.125,3.91,-0.97
2022-10-01T12:00:00Z,0.0,56.125,284.125,NaN,NaN
2022-10-01T12:00:00Z,0.0,56.125,288.125,NaN,NaN
2022-10-01T12:00:00Z,0.0,56.125,292.125,NaN,NaN
2022-10-01T12:00:00Z,0.0,56.125,296.125,NaN,NaN
2022-10-01T12:00:00Z,0.0,56.125,300.125,3.11,0.47
2022-10-01T12:00:00Z,0.0,56.125,304.125,7.58,2.49
2022-10-01T12:00:00Z,0.0,56.125,308.125,10.26,3.68
2022-10-01T12:00:00Z,0.0,56.125,312.125,10.38,3.05
2022-10-01T12:00:00Z,0.0,56.125,316.125,10.38,3.08
2022-10-01T12:00:00Z,0.0,56.125,320.125,11.11,3.15
2022-10-01T12:00:00Z,0.0,56.125,324.125,12.0,2.98
2022-10-01T12:00:00Z,0.0,56.125,328.125,12.22,2.07
2022-10-01T12:00:00Z,0.0,56.125,332.125,13.32,2.16
2022-10-01T12:00:00Z,0.0,56.125,336.125,13.85,1.84
2022-10-01T12:00:00Z,0.0,56.125,340.125,14.73,2.26
2022-10-01T12:00:00Z,0.0,56.125,344.125,13.08,0.61
2022-10-01T12:00:00Z,0.0,56.125,348.125,13.93,1.1
2022-10-01T12:00:00Z,0.0,56.125,352.125,14.12,1.18
2022-10-01T12:00:00Z,0.0,56.125,356.125,NaN,NaN
2022-10-01T12:00:00Z,0.0,60.125,0.125,12.42,1.1
2022-10-01T12:00:00Z,0.0,60.125,4.125,13.59,1.69
2022-10-01T12:00:00Z,0.0,60.125,8.125,NaN,NaN
2022-10-01T12:00:00Z,0.0,60.125,12.125,NaN,NaN
2022-10-01T12:00:00Z,0.0,60.125,16.125,NaN,NaN
2022-10-01T12:00:00Z,0.0,60.125,20.125,NaN,NaN
2022-10-01T12:00:00Z,0.0,60.125,24.125,NaN,NaN
2022-10-01T12:00:00Z,0.0,60.125,28.125,11.97,1.05
2022-10-01T12:00:00Z,0.0,60.125,32.125,NaN,NaN
2022-10-01T12:00:00Z,0.0,60.125,36.125,NaN,NaN
2022-10-01T12:00:00Z,0.0,60.125,40.125,NaN,NaN
2022-10-01T12:00:00Z,0.0,60.125,44.125,NaN,NaN
2022-10-01T12:00:00Z,0.0,60.125,48.125,NaN,NaN
2022-10-01T12:00:00Z,0.0,60.125,52.125,NaN,NaN
2022-10-01T12:00:00Z,0.0,60.125,56.125,NaN,NaN
2022-10-01T12:00:00Z,0.0,60.125,60.125,NaN,NaN
2022-10-01T12:00:00Z,0.0,60.125,64.125,NaN,NaN
2022-10-01T12:00:00Z,0.0,60.125,68.125,NaN,NaN
2022-10-01T12:00:00Z,0.0,60.125,72.125,NaN,NaN
2022-10-01T12:00:00Z,0.0,60.125,76.125,NaN,NaN
2022-10-01T12:00:00Z,0.0,60.125,80.125,NaN,NaN
2022-10-01T12:00:00Z,0.0,60.125,84.125,NaN,NaN
2022-10-01T12:00:00Z,0.0,60.125,88.125,NaN,NaN
2022-10-01T12:00:00Z,0.0,60.125,92.125,NaN,NaN
2022-10-01T12:00:00Z,0.0,60.125,96.125,NaN,NaN
2022-10-01T12:00:00Z,0.0,60.125,100.125,NaN,NaN
2022-10-01T12:00:00Z,0.0,60.125,104.125,NaN,NaN
2022-10-01T12:00:00Z,0.0,60.125,108.125,NaN,NaN
2022-10-01T12:00:00Z,0.0,60.125,112.125,NaN,NaN
2022-10-01T12:00:00Z,0.0,60.125,116.125,NaN,NaN
2022-10-01T12:00:00Z,0.0,60.125,120.125,NaN,NaN
2022-10-01T12:00:00Z,0.0,60.125,124.125,NaN,NaN
2022-10-01T12:00:00Z,0.0,60.125,128.125,NaN,NaN
2022-10-01T12:00:00Z,0.0,60.125,132.125,NaN,NaN
2022-10-01T12:00:00Z,0.0,60.125,136.125,NaN,NaN
2022-10-01T12:00:00Z,0.0,60.125,140.125,NaN,NaN
2022-10-01T12:00:00Z,0.0,60.125,144.125,NaN,NaN
2022-10-01T12:00:00Z,0.0,60.125,148.125,NaN,NaN
2022-10-01T12:00:00Z,0.0,60.125,152.125,NaN,NaN
2022-10-01T12:00:00Z,0.0,60.125,156.125,6.53,0.62
2022-10-01T12:00:00Z,0.0,60.125,160.125,9.07,2.71
2022-10-01T12:00:00Z,0.0,60.125,164.125,NaN,NaN
2022-10-01T12:00:00Z,0.0,60.125,168.125,6.63,-0.48
2022-10-01T12:00:00Z,0.0,60.125,172.125,6.2,-0.74
2022-10-01T12:00:00Z,0.0,60.125,176.125,7.72,0.71
2022-10-01T12:00:00Z,0.0,60.125,180.125,7.1,0.12
2022-10-01T12:00:00Z,0.0,60.125,184.125,7.54,0.82
2022-10-01T12:00:00Z,0.0,60.125,188.125,5.58,-0.83
2022-10-01T12:00:00Z,0.0,60.125,192.125,7.47,0.25
2022-10-01T12:00:00Z,0.0,60.125,196.125,NaN,NaN
2022-10-01T12:00:00Z,0.0,60.125,200.125,NaN,NaN
2022-10-01T12:00:00Z,0.0,60.125,204.125,NaN,NaN
2022-10-01T12:00:00Z,0.0,60.125,208.125,10.31,0.71
2022-10-01T12:00:00Z,0.0,60.125,212.125,NaN,NaN
2022-10-01T12:00:00Z,0.0,60.125,216.125,NaN,NaN
2022-10-01T12:00:00Z,0.0,60.125,220.125,NaN,NaN
2022-10-01T12:00:00Z,0.0,60.125,224.125,NaN,NaN
2022-10-01T12:00:00Z,0.0,60.125,228.125,NaN,NaN
2022-10-01T12:00:00Z,0.0,60.125,232.125,NaN,NaN
2022-10-01T12:00:00Z,0.0,60.125,236.125,NaN,NaN
2022-10-01T12:00:00Z,0.0,60.125,240.125,NaN,NaN
2022-10-01T12:00:00Z,0.0,60.125,244.125,NaN,NaN
2022-10-01T12:00:00Z,0.0,60.125,248.125,NaN,NaN
2022-10-01T12:00:00Z,0.0,60.125,252.125,NaN,NaN
2022-10-01T12:00:00Z,0.0,60.125,256.125,NaN,NaN
2022-10-01T12:00:00Z,0.0,60.125,260.125,NaN,NaN
2022-10-01T12:00:00Z,0.0,60.125,264.125,NaN,NaN
2022-10-01T12:00:00Z,0.0,60.125,268.125,4.86,0.6
2022-10-01T12:00:00Z,0.0,60.125,272.125,5.38,1.44
2022-10-01T12:00:00Z,0.0,60.125,276.125,5.42,1.38
2022-10-01T12:00:00Z,0.0,60.125,280.125,5.68,1.55
2022-10-01T12:00:00Z,0.0,60.125,284.125,NaN,NaN
2022-10-01T12:00:00Z,0.0,60.125,288.125,NaN,NaN
2022-10-01T12:00:00Z,0.0,60.125,292.125,2.59,1.18
2022-10-01T12:00:00Z,0.0,60.125,296.125,2.14,0.49
2022-10-01T12:00:00Z,0.0,60.125,300.125,5.42,1.7
2022-10-01T12:00:00Z,0.0,60.125,304.125,7.81,2.14
2022-10-01T12:00:00Z,0.0,60.125,308.125,8.42,3.21
2022-10-01T12:00:00Z,0.0,60.125,312.125,5.2,0.95
2022-10-01T12:00:00Z,0.0,60.125,316.125,NaN,NaN
2022-10-01T12:00:00Z,0.0,60.125,320.125,9.47,2.59
2022-10-01T12:00:00Z,0.0,60.125,324.125,9.79,2.2
2022-10-01T12:00:00Z,0.0,60.125,328.125,10.18,1.71
2022-10-01T12:00:00Z,0.0,60.125,332.125,11.53,2.0
2022-10-01T12:00:00Z,0.0,60.125,336.125,11.85,1.43
2022-10-01T12:00:00Z,0.0,60.125,340.125,12.2,1.36
2022-10-01T12:00:00Z,0.0,60.125,344.125,11.87,0.9
2022-10-01T12:00:00Z,0.0,60.125,348.125,11.71,0.51
2022-10-01T12:00:00Z,0.0,60.125,352.125,11.47,0.46
2022-10-01T12:00:00Z,0.0,60.125,356.125,12.33,1.2
2022-10-01T12:00:00Z,0.0,64.125,0.125,10.17,0.45
2022-10-01T12:00:00Z,0.0,64.125,4.125,11.31,0.75
2022-10-01T12:00:00Z,0.0,64.125,8.125,12.05,1.3
2022-10-01T12:00:00Z,0.0,64.125,12.125,NaN,NaN
2022-10-01T12:00:00Z,0.0,64.125,16.125,NaN,NaN
2022-10-01T12:00:00Z,0.0,64.125,20.125,NaN,NaN
2022-10-01T12:00:00Z,0.0,64.125,24.125,NaN,NaN
2022-10-01T12:00:00Z,0.0,64.125,28.125,NaN,NaN
2022-10-01T12:00:00Z,0.0,64.125,32.125,NaN,NaN
2022-10-01T12:00:00Z,0.0,64.125,36.125,NaN,NaN
2022-10-01T12:00:00Z,0.0,64.125,40.125,NaN,NaN
2022-10-01T12:00:00Z,0.0,64.125,44.125,NaN,NaN
2022-10-01T12:00:00Z,0.0,64.125,48.125,NaN,NaN
2022-10-01T12:00:00Z,0.0,64.125,52.125,NaN,NaN
2022-10-01T12:00:00Z,0.0,64.125,56.125,NaN,NaN
2022-10-01T12:00:00Z,0.0,64.125,60.125,NaN,NaN
2022-10-01T12:00:00Z,0.0,64.125,64.125,NaN,NaN
2022-10-01T12:00:00Z,0.0,64.125,68.125,NaN,NaN
2022-10-01T12:00:00Z,0.0,64.125,72.125,NaN,NaN
2022-10-01T12:00:00Z,0.0,64.125,76.125,NaN,NaN
2022-10-01T12:00:00Z,0.0,64.125,80.125,NaN,NaN
2022-10-01T12:00:00Z,0.0,64.125,84.125,NaN,NaN
2022-10-01T12:00:00Z,0.0,64.125,88.125,NaN,NaN
2022-10-01T12:00:00Z,0.0,64.125,92.125,NaN,NaN
2022-10-01T12:00:00Z,0.0,64.125,96.125,NaN,NaN
2022-10-01T12:00:00Z,0.0,64.125,100.125,NaN,NaN
2022-10-01T12:00:00Z,0.0,64.125,104.125,NaN,NaN
2022-10-01T12:00:00Z,0.0,64.125,108.125,NaN,NaN
2022-10-01T12:00:00Z,0.0,64.125,112.125,NaN,NaN
2022-10-01T12:00:00Z,0.0,64.125,116.125,NaN,NaN
2022-10-01T12:00:00Z,0.0,64.125,120.125,NaN,NaN
2022-10-01T12:00:00Z,0.0,64.125,124.125,NaN,NaN
2022-10-01T12:00:00Z,0.0,64.125,128.125,NaN,NaN
2022-10-01T12:00:00Z,0.0,64.125,132.125,NaN,NaN
2022-10-01T12:00:00Z,0.0,64.125,136.125,NaN,NaN
2022-10-01T12:00:00Z,0.0,64.125,140.125,NaN,NaN
2022-10-01T12:00:00Z,0.0,64.125,144.125,NaN,NaN
2022-10-01T12:00:00Z,0.0,64.125,148.125,NaN,NaN
2022-10-01T12:00:00Z,0.0,64.125,152.125,NaN,NaN
2022-10-01T12:00:00Z,0.0,64.125,156.125,NaN,NaN
2022-10-01T12:00:00Z,0.0,64.125,160.125,NaN,NaN
2022-10-01T12:00:00Z,0.0,64.125,164.125,NaN,NaN
2022-10-01T12:00:00Z,0.0,64.125,168.125,NaN,NaN
2022-10-01T12:00:00Z,0.0,64.125,172.125,NaN,NaN
2022-10-01T12:00:00Z,0.0,64.125,176.125,NaN,NaN
2022-10-01T12:00:00Z,0.0,64.125,180.125,4.75,0.18
2022-10-01T12:00:00Z,0.0,64.125,184.125,6.62,1.83
2022-10-01T12:00:00Z,0.0,64.125,188.125,4.71,0.82
2022-10-01T12:00:00Z,0.0,64.125,192.125,6.07,0.86
2022-10-01T12:00:00Z,0.0,64.125,196.125,8.0,1.5
2022-10-01T12:00:00Z,0.0,64.125,200.125,NaN,NaN
2022-10-01T12:00:00Z,0.0,64.125,204.125,NaN,NaN
2022-10-01T12:00:00Z,0.0,64.125,208.125,NaN,NaN
2022-10-01T12:00:00Z,0.0,64.125,212.125,NaN,NaN
2022-10-01T12:00:00Z,0.0,64.125,216.125,NaN,NaN
2022-10-01T12:00:00Z,0.0,64.125,220.125,NaN,NaN
2022-10-01T12:00:00Z,0.0,64.125,224.125,NaN,NaN
2022-10-01T12:00:00Z,0.0,64.125,228.125,NaN,NaN
2022-10-01T12:00:00Z,0.0,64.125,232.125,NaN,NaN
2022-10-01T12:00:00Z,0.0,64.125,236.125,NaN,NaN
2022-10-01T12:00:00Z,0.0,64.125,240.125,NaN,NaN
2022-10-01T12:00:00Z,0.0,64.125,244.125,NaN,NaN
2022-10-01T12:00:00Z,0.0,64.125,248.125,NaN,NaN
2022-10-01T12:00:00Z,0.0,64.125,252.125,NaN,NaN
2022-10-01T12:00:00Z,0.0,64.125,256.125,NaN,NaN
2022-10-01T12:00:00Z,0.0,64.125,260.125,NaN,NaN
2022-10-01T12:00:00Z,0.0,64.125,264.125,NaN,NaN
2022-10-01T12:00:00Z,0.0,64.125,268.125,NaN,NaN
2022-10-01T12:00:00Z,0.0,64.125,272.125,3.62,1.11
2022-10-01T12:00:00Z,0.0,64.125,276.125,NaN,NaN
2022-10-01T12:00:00Z,0.0,64.125,280.125,1.33,0.53
2022-10-01T12:00:00Z,0.0,64.125,284.125,1.82,0.61
2022-10-01T12:00:00Z,0.0,64.125,288.125,NaN,NaN
2022-10-01T12:00:00Z,0.0,64.125,292.125,NaN,NaN
2022-10-01T12:00:00Z,0.0,64.125,296.125,1.16,-0.12
2022-10-01T12:00:00Z,0.0,64.125,300.125,1.74,-0.55
2022-10-01T12:00:00Z,0.0,64.125,304.125,4.82,1.56
2022-10-01T12:00:00Z,0.0,64.125,308.125,4.53,1.8
2022-10-01T12:00:00Z,0.0,64.125,312.125,NaN,NaN
2022-10-01T12:00:00Z,0.0,64.125,316.125,NaN,NaN
2022-10-01T12:00:00Z,0.0,64.125,320.125,3.87,-1.34
2022-10-01T12:00:00Z,0.0,64.125,324.125,8.38,2.24
2022-10-01T12:00:00Z,0.0,64.125,328.125,8.87,1.28
2022-10-01T12:00:00Z,0.0,64.125,332.125,9.77,1.28
2022-10-01T12:00:00Z,0.0,64.125,336.125,9.46,0.73
2022-10-01T12:00:00Z,0.0,64.125,340.125,NaN,NaN
2022-10-01T12:00:00Z,0.0,64.125,344.125,8.81,-0.28
2022-10-01T12:00:00Z,0.0,64.125,348.125,9.17,0.97
2022-10-01T12:00:00Z,0.0,64.125,352.125,7.6,-0.28
2022-10-01T12:00:00Z,0.0,64.125,356.125,8.46,-0.1
2022-10-01T12:00:00Z,0.0,68.125,0.125,9.49,0.76
2022-10-01T12:00:00Z,0.0,68.125,4.125,9.42,0.38
2022-10-01T12:00:00Z,0.0,68.125,8.125,10.2,0.69
2022-10-01T12:00:00Z,0.0,68.125,12.125,11.21,1.39
2022-10-01T12:00:00Z,0.0,68.125,16.125,10.17,0.61
2022-10-01T12:00:00Z,0.0,68.125,20.125,NaN,NaN
2022-10-01T12:00:00Z,0.0,68.125,24.125,NaN,NaN
2022-10-01T12:00:00Z,0.0,68.125,28.125,NaN,NaN
2022-10-01T12:00:00Z,0.0,68.125,32.125,NaN,NaN
2022-10-01T12:00:00Z,0.0,68.125,36.125,NaN,NaN
2022-10-01T12:00:00Z,0.0,68.125,40.125,8.98,2.77
2022-10-01T12:00:00Z,0.0,68.125,44.125,7.53,1.9
2022-10-01T12:00:00Z,0.0,68.125,48.125,8.39,3.43
2022-10-01T12:00:00Z,0.0,68.125,52.125,NaN,NaN
2022-10-01T12:00:00Z,0.0,68.125,56.125,NaN,NaN
2022-10-01T12:00:00Z,0.0,68.125,60.125,NaN,NaN
2022-10-01T12:00:00Z,0.0,68.125,64.125,NaN,NaN
2022-10-01T12:00:00Z,0.0,68.125,68.125,NaN,NaN
2022-10-01T12:00:00Z,0.0,68.125,72.125,NaN,NaN
2022-10-01T12:00:00Z,0.0,68.125,76.125,NaN,NaN
2022-10-01T12:00:00Z,0.0,68.125,80.125,NaN,NaN
2022-10-01T12:00:00Z,0.0,68.125,84.125,NaN,NaN
2022-10-01T12:00:00Z,0.0,68.125,88.125,NaN,NaN
2022-10-01T12:00:00Z,0.0,68.125,92.125,NaN,NaN
2022-10-01T12:00:00Z,0.0,68.125,96.125,NaN,NaN
2022-10-01T12:00:00Z,0.0,68.125,100.125,NaN,NaN
2022-10-01T12:00:00Z,0.0,68.125,104.125,NaN,NaN
2022-10-01T12:00:00Z,0.0,68.125,108.125,NaN,NaN
2022-10-01T12:00:00Z,0.0,68.125,112.125,NaN,NaN
2022-10-01T12:00:00Z,0.0,68.125,116.125,NaN,NaN
2022-10-01T12:00:00Z,0.0,68.125,120.125,NaN,NaN
2022-10-01T12:00:00Z,0.0,68.125,124.125,NaN,NaN
2022-10-01T12:00:00Z,0.0,68.125,128.125,NaN,NaN
2022-10-01T12:00:00Z,0.0,68.125,132.125,NaN,NaN
2022-10-01T12:00:00Z,0.0,68.125,136.125,NaN,NaN
2022-10-01T12:00:00Z,0.0,68.125,140.125,NaN,NaN
2022-10-01T12:00:00Z,0.0,68.125,144.125,NaN,NaN
2022-10-01T12:00:00Z,0.0,68.125,148.125,NaN,NaN
2022-10-01T12:00:00Z,0.0,68.125,152.125,NaN,NaN
2022-10-01T12:00:00Z,0.0,68.125,156.125,NaN,NaN
2022-10-01T12:00:00Z,0.0,68.125,160.125,NaN,NaN
2022-10-01T12:00:00Z,0.0,68.125,164.125,NaN,NaN
2022-10-01T12:00:00Z,0.0,68.125,168.125,NaN,NaN
2022-10-01T12:00:00Z,0.0,68.125,172.125,NaN,NaN
2022-10-01T12:00:00Z,0.0,68.125,176.125,NaN,NaN
2022-10-01T12:00:00Z,0.0,68.125,180.125,NaN,NaN
2022-10-01T12:00:00Z,0.0,68.125,184.125,2.03,0.23
2022-10-01T12:00:00Z,0.0,68.125,188.125,2.84,0.0
2022-10-01T12:00:00Z,0.0,68.125,192.125,4.53,0.18
2022-10-01T12:00:00Z,0.0,68.125,196.125,NaN,NaN
2022-10-01T12:00:00Z,0.0,68.125,200.125,NaN,NaN
2022-10-01T12:00:00Z,0.0,68.125,204.125,NaN,NaN
2022-10-01T12:00:00Z,0.0,68.125,208.125,NaN,NaN
2022-10-01T12:00:00Z,0.0,68.125,212.125,NaN,NaN
2022-10-01T12:00:00Z,0.0,68.125,216.125,NaN,NaN
2022-10-01T12:00:00Z,0.0,68.125,220.125,NaN,NaN
2022-10-01T12:00:00Z,0.0,68.125,224.125,NaN,NaN
2022-10-01T12:00:00Z,0.0,68.125,228.125,NaN,NaN
2022-10-01T12:00:00Z,0.0,68.125,232.125,NaN,NaN
2022-10-01T12:00:00Z,0.0,68.125,236.125,NaN,NaN
2022-10-01T12:00:00Z,0.0,68.125,240.125,NaN,NaN
2022-10-01T12:00:00Z,0.0,68.125,244.125,NaN,NaN
2022-10-01T12:00:00Z,0.0,68.125,248.125,2.68,1.39
2022-10-01T12:00:00Z,0.0,68.125,252.125,3.29,3.27
2022-10-01T12:00:00Z,0.0,68.125,256.125,1.79,1.46
2022-10-01T12:00:00Z,0.0,68.125,260.125,2.34,2.06
2022-10-01T12:00:00Z,0.0,68.125,264.125,2.54,2.44
2022-10-01T12:00:00Z,0.0,68.125,268.125,NaN,NaN
2022-10-01T12:00:00Z,0.0,68.125,272.125,-0.88,-0.11
2022-10-01T12:00:00Z,0.0,68.125,276.125,NaN,NaN
2022-10-01T12:00:00Z,0.0,68.125,280.125,2.35,2.06
2022-10-01T12:00:00Z,0.0,68.125,284.125,NaN,NaN
2022-10-01T12:00:00Z,0.0,68.125,288.125,NaN,NaN
2022-10-01T12:00:00Z,0.0,68.125,292.125,NaN,NaN
2022-10-01T12:00:00Z,0.0,68.125,296.125,1.58,0.52
2022-10-01T12:00:00Z,0.0,68.125,300.125,1.18,0.0
2022-10-01T12:00:00Z,0.0,68.125,304.125,4.18,1.49
2022-10-01T12:00:00Z,0.0,68.125,308.125,NaN,NaN
2022-10-01T12:00:00Z,0.0,68.125,312.125,NaN,NaN
2022-10-01T12:00:00Z,0.0,68.125,316.125,NaN,NaN
2022-10-01T12:00:00Z,0.0,68.125,320.125,NaN,NaN
2022-10-01T12:00:00Z,0.0,68.125,324.125,NaN,NaN
2022-10-01T12:00:00Z,0.0,68.125,328.125,3.69,3.45
2022-10-01T12:00:00Z,0.0,68.125,332.125,1.74,1.02
2022-10-01T12:00:00Z,0.0,68.125,336.125,1.63,-0.33
2022-10-01T12:00:00Z,0.0,68.125,340.125,2.43,-0.83
2022-10-01T12:00:00Z,0.0,68.125,344.125,3.77,-0.42
2022-10-01T12:00:00Z,0.0,68.125,348.125,4.29,-0.67
2022-10-01T12:00:00Z,0.0,68.125,352.125,6.73,0.46
2022-10-01T12:00:00Z,0.0,68.125,356.125,8.06,0.21
2022-10-01T12:00:00Z,0.0,72.125,0.125,6.27,0.43
2022-10-01T12:00:00Z,0.0,72.125,4.125,7.44,0.95
2022-10-01T12:00:00Z,0.0,72.125,8.125,7.63,0.53
2022-10-01T12:00:00Z,0.0,72.125,12.125,8.43,1.09
2022-10-01T12:00:00Z,0.0,72.125,16.125,8.93,1.35
2022-10-01T12:00:00Z,0.0,72.125,20.125,8.47,1.34
2022-10-01T12:00:00Z,0.0,72.125,24.125,8.76,1.55
2022-10-01T12:00:00Z,0.0,72.125,28.125,8.2,1.13
2022-10-01T12:00:00Z,0.0,72.125,32.125,8.02,1.43
2022-10-01T12:00:00Z,0.0,72.125,36.125,6.68,0.58
2022-10-01T12:00:00Z,0.0,72.125,40.125,6.67,1.08
2022-10-01T12:00:00Z,0.0,72.125,44.125,6.8,1.51
2022-10-01T12:00:00Z,0.0,72.125,48.125,5.85,0.87
2022-10-01T12:00:00Z,0.0,72.125,52.125,3.98,-0.02
2022-10-01T12:00:00Z,0.0,72.125,56.125,2.52,-0.19
2022-10-01T12:00:00Z,0.0,72.125,60.125,3.81,1.01
2022-10-01T12:00:00Z,0.0,72.125,64.125,4.21,0.99
2022-10-01T12:00:00Z,0.0,72.125,68.125,5.07,2.59
2022-10-01T12:00:00Z,0.0,72.125,72.125,NaN,NaN
2022-10-01T12:00:00Z,0.0,72.125,76.125,2.38,1.02
2022-10-01T12:00:00Z,0.0,72.125,80.125,NaN,NaN
2022-10-01T12:00:00Z,0.0,72.125,84.125,NaN,NaN
2022-10-01T12:00:00Z,0.0,72.125,88.125,NaN,NaN
2022-10-01T12:00:00Z,0.0,72.125,92.125,NaN,NaN
2022-10-01T12:00:00Z,0.0,72.125,96.125,NaN,NaN
2022-10-01T12:00:00Z,0.0,72.125,100.125,NaN,NaN
2022-10-01T12:00:00Z,0.0,72.125,104.125,NaN,NaN
2022-10-01T12:00:00Z,0.0,72.125,108.125,NaN,NaN
2022-10-01T12:00:00Z,0.0,72.125,112.125,NaN,NaN
2022-10-01T12:00:00Z,0.0,72.125,116.125,NaN,NaN
2022-10-01T12:00:00Z,0.0,72.125,120.125,NaN,NaN
2022-10-01T12:00:00Z,0.0,72.125,124.125,NaN,NaN
2022-10-01T12:00:00Z,0.0,72.125,128.125,NaN,NaN
2022-10-01T12:00:00Z,0.0,72.125,132.125,2.76,1.5
2022-10-01T12:00:00Z,0.0,72.125,136.125,2.07,1.13
2022-10-01T12:00:00Z,0.0,72.125,140.125,NaN,NaN
2022-10-01T12:00:00Z,0.0,72.125,144.125,NaN,NaN
2022-10-01T12:00:00Z,0.0,72.125,148.125,NaN,NaN
2022-10-01T12:00:00Z,0.0,72.125,152.125,-0.04,-0.57
2022-10-01T12:00:00Z,0.0,72.125,156.125,-0.54,-1.12
2022-10-01T12:00:00Z,0.0,72.125,160.125,-0.57,-0.92
2022-10-01T12:00:00Z,0.0,72.125,164.125,-1.21,-1.17
2022-10-01T12:00:00Z,0.0,72.125,168.125,-1.22,-0.89
2022-10-01T12:00:00Z,0.0,72.125,172.125,-0.52,-0.1
2022-10-01T12:00:00Z,0.0,72.125,176.125,-0.67,-0.24
2022-10-01T12:00:00Z,0.0,72.125,180.125,-1.06,-0.77
2022-10-01T12:00:00Z,0.0,72.125,184.125,0.6,0.08
2022-10-01T12:00:00Z,0.0,72.125,188.125,1.92,0.9
2022-10-01T12:00:00Z,0.0,72.125,192.125,4.0,2.88
2022-10-01T12:00:00Z,0.0,72.125,196.125,1.92,0.75
2022-10-01T12:00:00Z,0.0,72.125,200.125,1.07,0.35
2022-10-01T12:00:00Z,0.0,72.125,204.125,1.57,1.11
2022-10-01T12:00:00Z,0.0,72.125,208.125,0.1,-0.17
2022-10-01T12:00:00Z,0.0,72.125,212.125,0.31,0.41
2022-10-01T12:00:00Z,0.0,72.125,216.125,-0.05,0.16
2022-10-01T12:00:00Z,0.0,72.125,220.125,-0.71,-0.4
2022-10-01T12:00:00Z,0.0,72.125,224.125,-1.11,-0.53
2022-10-01T12:00:00Z,0.0,72.125,228.125,-1.3,-0.95
2022-10-01T12:00:00Z,0.0,72.125,232.125,0.85,0.23
2022-10-01T12:00:00Z,0.0,72.125,236.125,NaN,NaN
2022-10-01T12:00:00Z,0.0,72.125,240.125,1.21,-0.18
2022-10-01T12:00:00Z,0.0,72.125,244.125,NaN,NaN
2022-10-01T12:00:00Z,0.0,72.125,248.125,NaN,NaN
2022-10-01T12:00:00Z,0.0,72.125,252.125,-0.73,-0.01
2022-10-01T12:00:00Z,0.0,72.125,256.125,-0.41,0.47
2022-10-01T12:00:00Z,0.0,72.125,260.125,NaN,NaN
2022-10-01T12:00:00Z,0.0,72.125,264.125,-0.73,-0.39
2022-10-01T12:00:00Z,0.0,72.125,268.125,-0.34,-0.34
2022-10-01T12:00:00Z,0.0,72.125,272.125,NaN,NaN
2022-10-01T12:00:00Z,0.0,72.125,276.125,NaN,NaN
2022-10-01T12:00:00Z,0.0,72.125,280.125,NaN,NaN
2022-10-01T12:00:00Z,0.0,72.125,284.125,NaN,NaN
2022-10-01T12:00:00Z,0.0,72.125,288.125,1.42,0.09
2022-10-01T12:00:00Z,0.0,72.125,292.125,1.81,0.31
2022-10-01T12:00:00Z,0.0,72.125,296.125,1.7,0.35
2022-10-01T12:00:00Z,0.0,72.125,300.125,2.58,0.81
2022-10-01T12:00:00Z,0.0,72.125,304.125,3.75,1.98
2022-10-01T12:00:00Z,0.0,72.125,308.125,NaN,NaN
2022-10-01T12:00:00Z,0.0,72.125,312.125,NaN,NaN
2022-10-01T12:00:00Z,0.0,72.125,316.125,NaN,NaN
2022-10-01T12:00:00Z,0.0,72.125,320.125,NaN,NaN
2022-10-01T12:00:00Z,0.0,72.125,324.125,NaN,NaN
2022-10-01T12:00:00Z,0.0,72.125,328.125,NaN,NaN
2022-10-01T12:00:00Z,0.0,72.125,332.125,NaN,NaN
2022-10-01T12:00:00Z,0.0,72.125,336.125,NaN,NaN
2022-10-01T12:00:00Z,0.0,72.125,340.125,0.12,-0.17
2022-10-01T12:00:00Z,0.0,72.125,344.125,0.88,-0.65
2022-10-01T12:00:00Z,0.0,72.125,348.125,2.43,-0.77
2022-10-01T12:00:00Z,0.0,72.125,352.125,3.68,-0.58
2022-10-01T12:00:00Z,0.0,72.125,356.125,4.67,-0.55
2022-10-01T12:00:00Z,0.0,76.125,0.125,3.75,0.63
2022-10-01T12:00:00Z,0.0,76.125,4.125,5.1,0.4
2022-10-01T12:00:00Z,0.0,76.125,8.125,6.05,0.94
2022-10-01T12:00:00Z,0.0,76.125,12.125,6.69,2.2
2022-10-01T12:00:00Z,0.0,76.125,16.125,5.6,1.75
2022-10-01T12:00:00Z,0.0,76.125,20.125,3.92,1.66
2022-10-01T12:00:00Z,0.0,76.125,24.125,2.77,0.3
2022-10-01T12:00:00Z,0.0,76.125,28.125,3.46,0.25
2022-10-01T12:00:00Z,0.0,76.125,32.125,4.78,1.06
2022-10-01T12:00:00Z,0.0,76.125,36.125,4.2,0.69
2022-10-01T12:00:00Z,0.0,76.125,40.125,3.46,0.06
2022-10-01T12:00:00Z,0.0,76.125,44.125,3.85,0.23
2022-10-01T12:00:00Z,0.0,76.125,48.125,2.49,-1.08
2022-10-01T12:00:00Z,0.0,76.125,52.125,2.7,-0.09
2022-10-01T12:00:00Z,0.0,76.125,56.125,2.63,0.37
2022-10-01T12:00:00Z,0.0,76.125,60.125,2.07,0.15
2022-10-01T12:00:00Z,0.0,76.125,64.125,NaN,NaN
2022-10-01T12:00:00Z,0.0,76.125,68.125,1.7,-0.08
2022-10-01T12:00:00Z,0.0,76.125,72.125,1.75,-0.01
2022-10-01T12:00:00Z,0.0,76.125,76.125,2.12,0.57
2022-10-01T12:00:00Z,0.0,76.125,80.125,1.7,0.49
2022-10-01T12:00:00Z,0.0,76.125,84.125,1.42,0.55
2022-10-01T12:00:00Z,0.0,76.125,88.125,0.97,0.46
2022-10-01T12:00:00Z,0.0,76.125,92.125,0.09,-0.02
2022-10-01T12:00:00Z,0.0,76.125,96.125,NaN,NaN
2022-10-01T12:00:00Z,0.0,76.125,100.125,NaN,NaN
2022-10-01T12:00:00Z,0.0,76.125,104.125,NaN,NaN
2022-10-01T12:00:00Z,0.0,76.125,108.125,NaN,NaN
2022-10-01T12:00:00Z,0.0,76.125,112.125,NaN,NaN
2022-10-01T12:00:00Z,0.0,76.125,116.125,1.65,1.71
2022-10-01T12:00:00Z,0.0,76.125,120.125,2.26,2.1
2022-10-01T12:00:00Z,0.0,76.125,124.125,2.76,2.34
2022-10-01T12:00:00Z,0.0,76.125,128.125,2.55,1.95
2022-10-01T12:00:00Z,0.0,76.125,132.125,2.61,2.01
2022-10-01T12:00:00Z,0.0,76.125,136.125,2.37,1.9
2022-10-01T12:00:00Z,0.0,76.125,140.125,1.52,1.15
2022-10-01T12:00:00Z,0.0,76.125,144.125,1.25,1.1
2022-10-01T12:00:00Z,0.0,76.125,148.125,1.17,1.26
2022-10-01T12:00:00Z,0.0,76.125,152.125,1.2,1.59
2022-10-01T12:00:00Z,0.0,76.125,156.125,0.77,1.44
2022-10-01T12:00:00Z,0.0,76.125,160.125,-0.1,0.85
2022-10-01T12:00:00Z,0.0,76.125,164.125,-1.08,0.1
2022-10-01T12:00:00Z,0.0,76.125,168.125,-1.5,-0.06
2022-10-01T12:00:00Z,0.0,76.125,172.125,-1.35,0.29
2022-10-01T12:00:00Z,0.0,76.125,176.125,-1.47,0.2
2022-10-01T12:00:00Z,0.0,76.125,180.125,-1.24,0.36
2022-10-01T12:00:00Z,0.0,76.125,184.125,-1.64,-0.12
2022-10-01T12:00:00Z,0.0,76.125,188.125,-0.91,0.55
2022-10-01T12:00:00Z,0.0,76.125,192.125,-0.93,0.51
2022-10-01T12:00:00Z,0.0,76.125,196.125,-0.83,0.64
2022-10-01T12:00:00Z,0.0,76.125,200.125,-0.85,0.65
2022-10-01T12:00:00Z,0.0,76.125,204.125,-1.08,0.44
2022-10-01T12:00:00Z,0.0,76.125,208.125,-1.32,0.26
2022-10-01T12:00:00Z,0.0,76.125,212.125,-1.47,0.15
2022-10-01T12:00:00Z,0.0,76.125,216.125,-1.53,0.19
2022-10-01T12:00:00Z,0.0,76.125,220.125,-1.47,0.27
2022-10-01T12:00:00Z,0.0,76.125,224.125,-1.46,0.28
2022-10-01T12:00:00Z,0.0,76.125,228.125,-1.46,0.29
2022-10-01T12:00:00Z,0.0,76.125,232.125,-1.53,0.22
2022-10-01T12:00:00Z,0.0,76.125,236.125,-1.53,-0.1
2022-10-01T12:00:00Z,0.0,76.125,240.125,NaN,NaN
2022-10-01T12:00:00Z,0.0,76.125,244.125,NaN,NaN
2022-10-01T12:00:00Z,0.0,76.125,248.125,-1.5,-0.17
2022-10-01T12:00:00Z,0.0,76.125,252.125,-1.58,-0.37
2022-10-01T12:00:00Z,0.0,76.125,256.125,NaN,NaN
2022-10-01T12:00:00Z,0.0,76.125,260.125,NaN,NaN
2022-10-01T12:00:00Z,0.0,76.125,264.125,-1.34,-0.82
2022-10-01T12:00:00Z,0.0,76.125,268.125,NaN,NaN
2022-10-01T12:00:00Z,0.0,76.125,272.125,-1.34,-1.01
2022-10-01T12:00:00Z,0.0,76.125,276.125,-1.33,-1.42
2022-10-01T12:00:00Z,0.0,76.125,280.125,-1.57,-1.78
2022-10-01T12:00:00Z,0.0,76.125,284.125,-0.92,-1.19
2022-10-01T12:00:00Z,0.0,76.125,288.125,0.48,0.07
2022-10-01T12:00:00Z,0.0,76.125,292.125,NaN,NaN
2022-10-01T12:00:00Z,0.0,76.125,296.125,1.76,0.98
2022-10-01T12:00:00Z,0.0,76.125,300.125,NaN,NaN
2022-10-01T12:00:00Z,0.0,76.125,304.125,NaN,NaN
2022-10-01T12:00:00Z,0.0,76.125,308.125,NaN,NaN
2022-10-01T12:00:00Z,0.0,76.125,312.125,NaN,NaN
2022-10-01T12:00:00Z,0.0,76.125,316.125,NaN,NaN
2022-10-01T12:00:00Z,0.0,76.125,320.125,NaN,NaN
2022-10-01T12:00:00Z,0.0,76.125,324.125,NaN,NaN
2022-10-01T12:00:00Z,0.0,76.125,328.125,NaN,NaN
2022-10-01T12:00:00Z,0.0,76.125,332.125,NaN,NaN
2022-10-01T12:00:00Z,0.0,76.125,336.125,NaN,NaN
2022-10-01T12:00:00Z,0.0,76.125,340.125,NaN,NaN
2022-10-01T12:00:00Z,0.0,76.125,344.125,-1.46,-0.85
2022-10-01T12:00:00Z,0.0,76.125,348.125,-1.44,-1.59
2022-10-01T12:00:00Z,0.0,76.125,352.125,-0.25,-1.17
2022-10-01T12:00:00Z,0.0,76.125,356.125,2.39,0.58
2022-10-01T12:00:00Z,0.0,80.125,0.125,-1.49,-1.72
2022-10-01T12:00:00Z,0.0,80.125,4.125,-1.68,-2.97
2022-10-01T12:00:00Z,0.0,80.125,8.125,1.22,-0.38
2022-10-01T12:00:00Z,0.0,80.125,12.125,4.08,2.57
2022-10-01T12:00:00Z,0.0,80.125,16.125,4.4,2.86
2022-10-01T12:00:00Z,0.0,80.125,20.125,NaN,NaN
2022-10-01T12:00:00Z,0.0,80.125,24.125,NaN,NaN
2022-10-01T12:00:00Z,0.0,80.125,28.125,2.83,2.17
2022-10-01T12:00:00Z,0.0,80.125,32.125,0.03,-0.43
2022-10-01T12:00:00Z,0.0,80.125,36.125,0.42,0.16
2022-10-01T12:00:00Z,0.0,80.125,40.125,0.43,0.22
2022-10-01T12:00:00Z,0.0,80.125,44.125,0.83,0.2
2022-10-01T12:00:00Z,0.0,80.125,48.125,0.17,-0.83
2022-10-01T12:00:00Z,0.0,80.125,52.125,-0.01,-0.93
2022-10-01T12:00:00Z,0.0,80.125,56.125,NaN,NaN
2022-10-01T12:00:00Z,0.0,80.125,60.125,-0.61,-1.33
2022-10-01T12:00:00Z,0.0,80.125,64.125,-0.06,-0.43
2022-10-01T12:00:00Z,0.0,80.125,68.125,-0.34,-0.27
2022-10-01T12:00:00Z,0.0,80.125,72.125,0.8,0.85
2022-10-01T12:00:00Z,0.0,80.125,76.125,0.47,0.4
2022-10-01T12:00:00Z,0.0,80.125,80.125,-0.62,-0.29
2022-10-01T12:00:00Z,0.0,80.125,84.125,-1.35,-0.49
2022-10-01T12:00:00Z,0.0,80.125,88.125,-0.4,0.58
2022-10-01T12:00:00Z,0.0,80.125,92.125,-1.37,-0.58
2022-10-01T12:00:00Z,0.0,80.125,96.125,NaN,NaN
2022-10-01T12:00:00Z,0.0,80.125,100.125,-1.59,-0.69
2022-10-01T12:00:00Z,0.0,80.125,104.125,-1.69,-0.6
2022-10-01T12:00:00Z,0.0,80.125,108.125,-1.48,-0.15
2022-10-01T12:00:00Z,0.0,80.125,112.125,-1.61,-0.12
2022-10-01T12:00:00Z,0.0,80.125,116.125,-1.6,-0.07
2022-10-01T12:00:00Z,0.0,80.125,120.125,-1.67,-0.16
2022-10-01T12:00:00Z,0.0,80.125,124.125,-1.68,-0.23
2022-10-01T12:00:00Z,0.0,80.125,128.125,-1.45,-0.03
2022-10-01T12:00:00Z,0.0,80.125,132.125,-1.34,0.04
2022-10-01T12:00:00Z,0.0,80.125,136.125,-1.35,0.0
2022-10-01T12:00:00Z,0.0,80.125,140.125,-0.94,0.44
2022-10-01T12:00:00Z,0.0,80.125,144.125,-1.19,0.33
2022-10-01T12:00:00Z,0.0,80.125,148.125,-1.21,0.4
2022-10-01T12:00:00Z,0.0,80.125,152.125,-1.14,0.53
2022-10-01T12:00:00Z,0.0,80.125,156.125,-1.19,0.5
2022-10-01T12:00:00Z,0.0,80.125,160.125,-1.1,0.61
2022-10-01T12:00:00Z,0.0,80.125,164.125,-1.38,0.35
2022-10-01T12:00:00Z,0.0,80.125,168.125,-1.3,0.45
2022-10-01T12:00:00Z,0.0,80.125,172.125,-1.46,0.29
2022-10-01T12:00:00Z,0.0,80.125,176.125,-1.38,0.36
2022-10-01T12:00:00Z,0.0,80.125,180.125,-1.39,0.35
2022-10-01T12:00:00Z,0.0,80.125,184.125,-1.49,0.25
2022-10-01T12:00:00Z,0.0,80.125,188.125,-1.45,0.31
2022-10-01T12:00:00Z,0.0,80.125,192.125,-1.46,0.3
2022-10-01T12:00:00Z,0.0,80.125,196.125,-1.54,0.22
2022-10-01T12:00:00Z,0.0,80.125,200.125,-1.59,0.16
2022-10-01T12:00:00Z,0.0,80.125,204.125,-1.59,0.16
2022-10-01T12:00:00Z,0.0,80.125,208.125,-1.53,0.22
2022-10-01T12:00:00Z,0.0,80.125,212.125,-1.42,0.34
2022-10-01T12:00:00Z,0.0,80.125,216.125,-1.42,0.34
2022-10-01T12:00:00Z,0.0,80.125,220.125,-1.46,0.31
2022-10-01T12:00:00Z,0.0,80.125,224.125,-1.52,0.25
2022-10-01T12:00:00Z,0.0,80.125,228.125,-1.52,0.24
2022-10-01T12:00:00Z,0.0,80.125,232.125,-1.54,0.23
2022-10-01T12:00:00Z,0.0,80.125,236.125,-1.55,0.22
2022-10-01T12:00:00Z,0.0,80.125,240.125,-1.59,0.15
2022-10-01T12:00:00Z,0.0,80.125,244.125,-1.65,0.09
2022-10-01T12:00:00Z,0.0,80.125,248.125,-1.68,0.07
2022-10-01T12:00:00Z,0.0,80.125,252.125,-1.68,0.08
2022-10-01T12:00:00Z,0.0,80.125,256.125,-1.71,0.0
2022-10-01T12:00:00Z,0.0,80.125,260.125,-1.7,-0.03
2022-10-01T12:00:00Z,0.0,80.125,264.125,NaN,NaN
2022-10-01T12:00:00Z,0.0,80.125,268.125,NaN,NaN
2022-10-01T12:00:00Z,0.0,80.125,272.125,NaN,NaN
2022-10-01T12:00:00Z,0.0,80.125,276.125,NaN,NaN
2022-10-01T12:00:00Z,0.0,80.125,280.125,NaN,NaN
2022-10-01T12:00:00Z,0.0,80.125,284.125,NaN,NaN
2022-10-01T12:00:00Z,0.0,80.125,288.125,NaN,NaN
2022-10-01T12:00:00Z,0.0,80.125,292.125,-1.43,-0.3
2022-10-01T12:00:00Z,0.0,80.125,296.125,NaN,NaN
2022-10-01T12:00:00Z,0.0,80.125,300.125,NaN,NaN
2022-10-01T12:00:00Z,0.0,80.125,304.125,NaN,NaN
2022-10-01T12:00:00Z,0.0,80.125,308.125,NaN,NaN
2022-10-01T12:00:00Z,0.0,80.125,312.125,NaN,NaN
2022-10-01T12:00:00Z,0.0,80.125,316.125,NaN,NaN
2022-10-01T12:00:00Z,0.0,80.125,320.125,NaN,NaN
2022-10-01T12:00:00Z,0.0,80.125,324.125,NaN,NaN
2022-10-01T12:00:00Z,0.0,80.125,328.125,NaN,NaN
2022-10-01T12:00:00Z,0.0,80.125,332.125,NaN,NaN
2022-10-01T12:00:00Z,0.0,80.125,336.125,NaN,NaN
2022-10-01T12:00:00Z,0.0,80.125,340.125,NaN,NaN
2022-10-01T12:00:00Z,0.0,80.125,344.125,-1.61,-0.55
2022-10-01T12:00:00Z,0.0,80.125,348.125,-1.57,-0.83
2022-10-01T12:00:00Z,0.0,80.125,352.125,-1.63,-0.72
2022-10-01T12:00:00Z,0.0,80.125,356.125,-1.6,-0.91
2022-10-01T12:00:00Z,0.0,84.125,0.125,-1.73,-0.02
2022-10-01T12:00:00Z,0.0,84.125,4.125,-1.74,-0.04
2022-10-01T12:00:00Z,0.0,84.125,8.125,-1.77,-0.1
2022-10-01T12:00:00Z,0.0,84.125,12.125,-1.77,-0.18
2022-10-01T12:00:00Z,0.0,84.125,16.125,-1.74,-0.19
2022-10-01T12:00:00Z,0.0,84.125,20.125,-1.76,-0.15
2022-10-01T12:00:00Z,0.0,84.125,24.125,-1.75,-0.15
2022-10-01T12:00:00Z,0.0,84.125,28.125,-1.73,-0.09
2022-10-01T12:00:00Z,0.0,84.125,32.125,-1.74,-0.08
2022-10-01T12:00:00Z,0.0,84.125,36.125,-1.69,-0.03
2022-10-01T12:00:00Z,0.0,84.125,40.125,-1.77,-0.12
2022-10-01T12:00:00Z,0.0,84.125,44.125,-1.79,-0.16
2022-10-01T12:00:00Z,0.0,84.125,48.125,-1.76,-0.12
2022-10-01T12:00:00Z,0.0,84.125,52.125,-1.74,-0.07
2022-10-01T12:00:00Z,0.0,84.125,56.125,-1.75,-0.09
2022-10-01T12:00:00Z,0.0,84.125,60.125,-1.79,-0.15
2022-10-01T12:00:00Z,0.0,84.125,64.125,-1.8,-0.15
2022-10-01T12:00:00Z,0.0,84.125,68.125,-1.74,-0.07
2022-10-01T12:00:00Z,0.0,84.125,72.125,-1.71,-0.03
2022-10-01T12:00:00Z,0.0,84.125,76.125,-1.69,0.0
2022-10-01T12:00:00Z,0.0,84.125,80.125,-1.66,0.04
2022-10-01T12:00:00Z,0.0,84.125,84.125,-1.77,-0.05
2022-10-01T12:00:00Z,0.0,84.125,88.125,-1.67,0.06
2022-10-01T12:00:00Z,0.0,84.125,92.125,-1.67,0.02
2022-10-01T12:00:00Z,0.0,84.125,96.125,-1.7,-0.05
2022-10-01T12:00:00Z,0.0,84.125,100.125,-1.72,0.01
2022-10-01T12:00:00Z,0.0,84.125,104.125,-1.72,0.05
2022-10-01T12:00:00Z,0.0,84.125,108.125,-1.78,-0.01
2022-10-01T12:00:00Z,0.0,84.125,112.125,-1.74,0.02
2022-10-01T12:00:00Z,0.0,84.125,116.125,-1.72,0.04
2022-10-01T12:00:00Z,0.0,84.125,120.125,-1.7,0.05
2022-10-01T12:00:00Z,0.0,84.125,124.125,-1.72,0.04
2022-10-01T12:00:00Z,0.0,84.125,128.125,-1.69,0.06
2022-10-01T12:00:00Z,0.0,84.125,132.125,-1.7,0.05
2022-10-01T12:00:00Z,0.0,84.125,136.125,-1.7,0.03
2022-10-01T12:00:00Z,0.0,84.125,140.125,-1.73,0.0
2022-10-01T12:00:00Z,0.0,84.125,144.125,-1.69,0.04
2022-10-01T12:00:00Z,0.0,84.125,148.125,-1.65,0.09
2022-10-01T12:00:00Z,0.0,84.125,152.125,-1.67,0.07
2022-10-01T12:00:00Z,0.0,84.125,156.125,-1.64,0.09
2022-10-01T12:00:00Z,0.0,84.125,160.125,-1.78,-0.04
2022-10-01T12:00:00Z,0.0,84.125,164.125,-1.75,0.0
2022-10-01T12:00:00Z,0.0,84.125,168.125,-1.74,0.02
2022-10-01T12:00:00Z,0.0,84.125,172.125,-1.64,0.13
2022-10-01T12:00:00Z,0.0,84.125,176.125,-1.68,0.09
2022-10-01T12:00:00Z,0.0,84.125,180.125,-1.68,0.09
2022-10-01T12:00:00Z,0.0,84.125,184.125,-1.72,0.05
2022-10-01T12:00:00Z,0.0,84.125,188.125,-1.69,0.08
2022-10-01T12:00:00Z,0.0,84.125,192.125,-1.69,0.08
2022-10-01T12:00:00Z,0.0,84.125,196.125,-1.67,0.1
2022-10-01T12:00:00Z,0.0,84.125,200.125,-1.63,0.15
2022-10-01T12:00:00Z,0.0,84.125,204.125,-1.7,0.08
2022-10-01T12:00:00Z,0.0,84.125,208.125,-1.67,0.12
2022-10-01T12:00:00Z,0.0,84.125,212.125,-1.68,0.1
2022-10-01T12:00:00Z,0.0,84.125,216.125,-1.65,0.13
2022-10-01T12:00:00Z,0.0,84.125,220.125,-1.7,0.07
2022-10-01T12:00:00Z,0.0,84.125,224.125,-1.63,0.14
2022-10-01T12:00:00Z,0.0,84.125,228.125,-1.54,0.21
2022-10-01T12:00:00Z,0.0,84.125,232.125,-1.57,0.19
2022-10-01T12:00:00Z,0.0,84.125,236.125,-1.58,0.19
2022-10-01T12:00:00Z,0.0,84.125,240.125,-1.63,0.15
2022-10-01T12:00:00Z,0.0,84.125,244.125,-1.66,0.13
2022-10-01T12:00:00Z,0.0,84.125,248.125,-1.64,0.15
2022-10-01T12:00:00Z,0.0,84.125,252.125,-1.56,0.24
2022-10-01T12:00:00Z,0.0,84.125,256.125,-1.56,0.23
2022-10-01T12:00:00Z,0.0,84.125,260.125,-1.6,0.18
2022-10-01T12:00:00Z,0.0,84.125,264.125,-1.59,0.18
2022-10-01T12:00:00Z,0.0,84.125,268.125,-1.58,0.18
2022-10-01T12:00:00Z,0.0,84.125,272.125,-1.62,0.15
2022-10-01T12:00:00Z,0.0,84.125,276.125,-1.63,0.14
2022-10-01T12:00:00Z,0.0,84.125,280.125,-1.6,0.16
2022-10-01T12:00:00Z,0.0,84.125,284.125,-1.63,0.15
2022-10-01T12:00:00Z,0.0,84.125,288.125,-1.61,0.17
2022-10-01T12:00:00Z,0.0,84.125,292.125,-1.62,0.16
2022-10-01T12:00:00Z,0.0,84.125,296.125,-1.65,0.13
2022-10-01T12:00:00Z,0.0,84.125,300.125,-1.61,0.18
2022-10-01T12:00:00Z,0.0,84.125,304.125,-1.54,0.24
2022-10-01T12:00:00Z,0.0,84.125,308.125,-1.49,0.3
2022-10-01T12:00:00Z,0.0,84.125,312.125,-1.59,0.19
2022-10-01T12:00:00Z,0.0,84.125,316.125,-1.61,0.1
2022-10-01T12:00:00Z,0.0,84.125,320.125,-1.61,0.07
2022-10-01T12:00:00Z,0.0,84.125,324.125,-1.68,-0.02
2022-10-01T12:00:00Z,0.0,84.125,328.125,-1.67,-0.15
2022-10-01T12:00:00Z,0.0,84.125,332.125,-1.68,-0.18
2022-10-01T12:00:00Z,0.0,84.125,336.125,-1.67,-0.09
2022-10-01T12:00:00Z,0.0,84.125,340.125,-1.69,-0.08
2022-10-01T12:00:00Z,0.0,84.125,344.125,-1.72,-0.13
2022-10-01T12:00:00Z,0.0,84.125,348.125,-1.67,-0.02
2022-10-01T12:00:00Z,0.0,84.125,352.125,-1.62,0.05
2022-10-01T12:00:00Z,0.0,84.125,356.125,-1.76,-0.07
2022-10-01T12:00:00Z,0.0,88.125,0.125,-1.68,0.1
2022-10-01T12:00:00Z,0.0,88.125,4.125,-1.7,0.07
2022-10-01T12:00:00Z,0.0,88.125,8.125,-1.68,0.08
2022-10-01T12:00:00Z,0.0,88.125,12.125,-1.69,0.07
2022-10-01T12:00:00Z,0.0,88.125,16.125,-1.68,0.08
2022-10-01T12:00:00Z,0.0,88.125,20.125,-1.65,0.11
2022-10-01T12:00:00Z,0.0,88.125,24.125,-1.66,0.1
2022-10-01T12:00:00Z,0.0,88.125,28.125,-1.74,0.03
2022-10-01T12:00:00Z,0.0,88.125,32.125,-1.67,0.1
2022-10-01T12:00:00Z,0.0,88.125,36.125,-1.68,0.1
2022-10-01T12:00:00Z,0.0,88.125,40.125,-1.68,0.1
2022-10-01T12:00:00Z,0.0,88.125,44.125,-1.67,0.11
2022-10-01T12:00:00Z,0.0,88.125,48.125,-1.68,0.09
2022-10-01T12:00:00Z,0.0,88.125,52.125,-1.69,0.08
2022-10-01T12:00:00Z,0.0,88.125,56.125,-1.7,0.06
2022-10-01T12:00:00Z,0.0,88.125,60.125,-1.7,0.06
2022-10-01T12:00:00Z,0.0,88.125,64.125,-1.69,0.08
2022-10-01T12:00:00Z,0.0,88.125,68.125,-1.68,0.09
2022-10-01T12:00:00Z,0.0,88.125,72.125,-1.71,0.07
2022-10-01T12:00:00Z,0.0,88.125,76.125,-1.74,0.03
2022-10-01T12:00:00Z,0.0,88.125,80.125,-1.73,0.05
2022-10-01T12:00:00Z,0.0,88.125,84.125,-1.72,0.06
2022-10-01T12:00:00Z,0.0,88.125,88.125,-1.74,0.04
2022-10-01T12:00:00Z,0.0,88.125,92.125,-1.74,0.04
2022-10-01T12:00:00Z,0.0,88.125,96.125,-1.72,0.07
2022-10-01T12:00:00Z,0.0,88.125,100.125,-1.75,0.03
2022-10-01T12:00:00Z,0.0,88.125,104.125,-1.69,0.1
2022-10-01T12:00:00Z,0.0,88.125,108.125,-1.72,0.07
2022-10-01T12:00:00Z,0.0,88.125,112.125,-1.71,0.08
2022-10-01T12:00:00Z,0.0,88.125,116.125,-1.7,0.09
2022-10-01T12:00:00Z,0.0,88.125,120.125,-1.72,0.07
2022-10-01T12:00:00Z,0.0,88.125,124.125,-1.72,0.07
2022-10-01T12:00:00Z,0.0,88.125,128.125,-1.71,0.07
2022-10-01T12:00:00Z,0.0,88.125,132.125,-1.73,0.06
2022-10-01T12:00:00Z,0.0,88.125,136.125,-1.73,0.06
2022-10-01T12:00:00Z,0.0,88.125,140.125,-1.7,0.09
2022-10-01T12:00:00Z,0.0,88.125,144.125,-1.67,0.12
2022-10-01T12:00:00Z,0.0,88.125,148.125,-1.68,0.11
2022-10-01T12:00:00Z,0.0,88.125,152.125,-1.65,0.14
2022-10-01T12:00:00Z,0.0,88.125,156.125,-1.62,0.17
2022-10-01T12:00:00Z,0.0,88.125,160.125,-1.68,0.12
2022-10-01T12:00:00Z,0.0,88.125,164.125,-1.64,0.15
2022-10-01T12:00:00Z,0.0,88.125,168.125,-1.62,0.18
2022-10-01T12:00:00Z,0.0,88.125,172.125,-1.59,0.21
2022-10-01T12:00:00Z,0.0,88.125,176.125,-1.58,0.22
2022-10-01T12:00:00Z,0.0,88.125,180.125,-1.65,0.15
2022-10-01T12:00:00Z,0.0,88.125,184.125,-1.63,0.16
2022-10-01T12:00:00Z,0.0,88.125,188.125,-1.59,0.21
2022-10-01T12:00:00Z,0.0,88.125,192.125,-1.57,0.23
2022-10-01T12:00:00Z,0.0,88.125,196.125,-1.57,0.23
2022-10-01T12:00:00Z,0.0,88.125,200.125,-1.58,0.22
2022-10-01T12:00:00Z,0.0,88.125,204.125,-1.71,0.09
2022-10-01T12:00:00Z,0.0,88.125,208.125,-1.71,0.09
2022-10-01T12:00:00Z,0.0,88.125,212.125,-1.71,0.09
2022-10-01T12:00:00Z,0.0,88.125,216.125,-1.68,0.11
2022-10-01T12:00:00Z,0.0,88.125,220.125,-1.68,0.11
2022-10-01T12:00:00Z,0.0,88.125,224.125,-1.65,0.15
2022-10-01T12:00:00Z,0.0,88.125,228.125,-1.65,0.14
2022-10-01T12:00:00Z,0.0,88.125,232.125,-1.7,0.1
2022-10-01T12:00:00Z,0.0,88.125,236.125,-1.68,0.12
2022-10-01T12:00:00Z,0.0,88.125,240.125,-1.59,0.21
2022-10-01T12:00:00Z,0.0,88.125,244.125,-1.67,0.13
2022-10-01T12:00:00Z,0.0,88.125,248.125,-1.69,0.11
2022-10-01T12:00:00Z,0.0,88.125,252.125,-1.66,0.14
2022-10-01T12:00:00Z,0.0,88.125,256.125,-1.67,0.13
2022-10-01T12:00:00Z,0.0,88.125,260.125,-1.69,0.11
2022-10-01T12:00:00Z,0.0,88.125,264.125,-1.72,0.08
2022-10-01T12:00:00Z,0.0,88.125,268.125,-1.69,0.11
2022-10-01T12:00:00Z,0.0,88.125,272.125,-1.73,0.07
2022-10-01T12:00:00Z,0.0,88.125,276.125,-1.67,0.13
2022-10-01T12:00:00Z,0.0,88.125,280.125,-1.61,0.19
2022-10-01T12:00:00Z,0.0,88.125,284.125,-1.62,0.18
2022-10-01T12:00:00Z,0.0,88.125,288.125,-1.66,0.14
2022-10-01T12:00:00Z,0.0,88.125,292.125,-1.65,0.15
2022-10-01T12:00:00Z,0.0,88.125,296.125,-1.59,0.2
2022-10-01T12:00:00Z,0.0,88.125,300.125,-1.66,0.13
2022-10-01T12:00:00Z,0.0,88.125,304.125,-1.67,0.12
2022-10-01T12:00:00Z,0.0,88.125,308.125,-1.68,0.12
2022-10-01T12:00:00Z,0.0,88.125,312.125,-1.67,0.12
2022-10-01T12:00:00Z,0.0,88.125,316.125,-1.65,0.14
2022-10-01T12:00:00Z,0.0,88.125,320.125,-1.62,0.16
2022-10-01T12:00:00Z,0.0,88.125,324.125,-1.63,0.15
2022-10-01T12:00:00Z,0.0,88.125,328.125,-1.57,0.21
2022-10-01T12:00:00Z,0.0,88.125,332.125,-1.69,0.1
2022-10-01T12:00:00Z,0.0,88.125,336.125,-1.69,0.1
2022-10-01T12:00:00Z,0.0,88.125,340.125,-1.68,0.11
2022-10-01T12:00:00Z,0.0,88.125,344.125,-1.66,0.12
2022-10-01T12:00:00Z,0.0,88.125,348.125,-1.66,0.12
2022-10-01T12:00:00Z,0.0,88.125,352.125,-1.69,0.09
2022-10-01T12:00:00Z,0.0,88.125,356.125,-1.69,0.09
