2024-05-01T12:00:00Z,0.0,-87.875,0.125,NaN,NaN
2024-05-01T12:00:00Z,0.0,-87.875,4.125,NaN,NaN
2024-05-01T12:00:00Z,0.0,-87.875,8.125,NaN,NaN
2024-05-01T12:00:00Z,0.0,-87.875,12.125,NaN,NaN
2024-05-01T12:00:00Z,0.0,-87.875,16.125,NaN,NaN
2024-05-01T12:00:00Z,0.0,-87.875,20.125,NaN,NaN
2024-05-01T12:00:00Z,0.0,-87.875,24.125,NaN,NaN
2024-05-01T12:00:00Z,0.0,-87.875,28.125,NaN,NaN
2024-05-01T12:00:00Z,0.0,-87.875,32.125,NaN,NaN
2024-05-01T12:00:00Z,0.0,-87.875,36.125,NaN,NaN
2024-05-01T12:00:00Z,0.0,-87.875,40.125,NaN,NaN
2024-05-01T12:00:00Z,0.0,-87.875,44.125,NaN,NaN
2024-05-01T12:00:00Z,0.0,-87.875,48.125,NaN,NaN
2024-05-01T12:00:00Z,0.0,-87.875,52.125,NaN,NaN
2024-05-01T12:00:00Z,0.0,-87.875,56.125,NaN,NaN
2024-05-01T12:00:00Z,0.0,-87.875,60.125,NaN,NaN
2024-05-01T12:00:00Z,0.0,-87.875,64.125,NaN,NaN
2024-05-01T12:00:00Z,0.0,-87.875,68.125,NaN,NaN
2024-05-01T12:00:00Z,0.0,-87.875,72.125,NaN,NaN
2024-05-01T12:00:00Z,0.0,-87.875,76.125,NaN,NaN
2024-05-01T12:00:00Z,0.0,-87.875,80.125,NaN,NaN
2024-05-01T12:00:00Z,0.0,-87.875,84.125,NaN,NaN
2024-05-01T12:00:00Z,0.0,-87.875,88.125,NaN,NaN
2024-05-01T12:00:00Z,0.0,-87.875,92.125,NaN,NaN
2024-05-01T12:00:00Z,0.0,-87.875,96.125,NaN,NaN
2024-05-01T12:00:00Z,0.0,-87.875,100.125,NaN,NaN
2024-05-01T12:00:00Z,0.0,-87.875,104.125,NaN,NaN
2024-05-01T12:00:00Z,0.0,-87.875,108.125,NaN,NaN
2024-05-01T12:00:00Z,0.0,-87.875,112.125,NaN,NaN
2024-05-01T12:00:00Z,0.0,-87.875,116.125,NaN,NaN
2024-05-01T12:00:00Z,0.0,-87.875,120.125,NaN,NaN
2024-05-01T12:00:00Z,0.0,-87.875,124.125,NaN,NaN
2024-05-01T12:00:00Z,0.0,-87.875,128.125,NaN,NaN
2024-05-01T12:00:00Z,0.0,-87.875,132.125,NaN,NaN
2024-05-01T12:00:00Z,0.0,-87.875,136.125,NaN,NaN
2024-05-01T12:00:00Z,0.0,-87.875,140.125,NaN,NaN
2024-05-01T12:00:00Z,0.0,-87.875,144.125,NaN,NaN
2024-05-01T12:00:00Z,0.0,-87.875,148.125,NaN,NaN
2024-05-01T12:00:00Z,0.0,-87.875,152.125,NaN,NaN
2024-05-01T12:00:00Z,0.0,-87.875,156.125,NaN,NaN
2024-05-01T12:00:00Z,0.0,-87.875,160.125,NaN,NaN
2024-05-01T12:00:00Z,0.0,-87.875,164.125,NaN,NaN
2024-05-01T12:00:00Z,0.0,-87.875,168.125,NaN,NaN
2024-05-01T12:00:00Z,0.0,-87.875,172.125,NaN,NaN
2024-05-01T12:00:00Z,0.0,-87.875,176.125,NaN,NaN
2024-05-01T12:00:00Z,0.0,-87.875,180.125,NaN,NaN
2024-05-01T12:00:00Z,0.0,-87.875,184.125,NaN,NaN
2024-05-01T12:00:00Z,0.0,-87.875,188.125,NaN,NaN
2024-05-01T12:00:00Z,0.0,-87.875,192.125,NaN,NaN
2024-05-01T12:00:00Z,0.0,-87.875,196.125,NaN,NaN
2024-05-01T12:00:00Z,0.0,-87.875,200.125,NaN,NaN
2024-05-01T12:00:00Z,0.0,-87.875,204.125,NaN,NaN
2024-05-01T12:00:00Z,0.0,-87.875,208.125,NaN,NaN
2024-05-01T12:00:00Z,0.0,-87.875,212.125,NaN,NaN
2024-05-01T12:00:00Z,0.0,-87.875,216.125,NaN,NaN
2024-05-01T12:00:00Z,0.0,-87.875,220.125,NaN,NaN
2024-05-01T12:00:00Z,0.0,-87.875,224.125,NaN,NaN
2024-05-01T12:00:00Z,0.0,-87.875,228.125,NaN,NaN
2024-05-01T12:00:00Z,0.0,-87.875,232.125,NaN,NaN
2024-05-01T12:00:00Z,0.0,-87.875,236.125,NaN,NaN
2024-05-01T12:00:00Z,0.0,-87.875,240.125,NaN,NaN
2024-05-01T12:00:00Z,0.0,-87.875,244.125,NaN,NaN
2024-05-01T12:00:00Z,0.0,-87.875,248.125,NaN,NaN
2024-05-01T12:00:00Z,0.0,-87.875,252.125,NaN,NaN
2024-05-01T12:00:00Z,0.0,-87.875,256.125,NaN,NaN
2024-05-01T12:00:00Z,0.0,-87.875,260.125,NaN,NaN
2024-05-01T12:00:00Z,0.0,-87.875,264.125,NaN,NaN
2024-05-01T12:00:00Z,0.0,-87.875,268.125,NaN,NaN
2024-05-01T12:00:00Z,0.0,-87.875,272.125,NaN,NaN
2024-05-01T12:00:00Z,0.0,-87.875,276.125,NaN,NaN
2024-05-01T12:00:00Z,0.0,-87.875,280.125,NaN,NaN
2024-05-01T12:00:00Z,0.0,-87.875,284.125,NaN,NaN
2024-05-01T12:00:00Z,0.0,-87.875,288.125,NaN,NaN
2024-05-01T12:00:00Z,0.0,-87.875,292.125,NaN,NaN
2024-05-01T12:00:00Z,0.0,-87.875,296.125,NaN,NaN
2024-05-01T12:00:00Z,0.0,-87.875,300.125,NaN,NaN
2024-05-01T12:00:00Z,0.0,-87.875,304.125,NaN,NaN
2024-05-01T12:00:00Z,0.0,-87.875,308.125,NaN,NaN
2024-05-01T12:00:00Z,0.0,-87.875,312.125,NaN,NaN
2024-05-01T12:00:00Z,0.0,-87.875,316.125,NaN,NaN
2024-05-01T12:00:00Z,0.0,-87.875,320.125,NaN,NaN
2024-05-01T12:00:00Z,0.0,-87.875,324.125,NaN,NaN
2024-05-01T12:00:00Z,0.0,-87.875,328.125,NaN,NaN
2024-05-01T12:00:00Z,0.0,-87.875,332.125,NaN,NaN
2024-05-01T12:00:00Z,0.0,-87.875,336.125,NaN,NaN
2024-05-01T12:00:00Z,0.0,-87.875,340.125,NaN,NaN
2024-05-01T12:00:00Z,0.0,-87.875,344.125,NaN,NaN
2024-05-01T12:00:00Z,0.0,-87.875,348.125,NaN,NaN
2024-05-01T12:00:00Z,0.0,-87.875,352.125,NaN,NaN
2024-05-01T12:00:00Z,0.0,-87.875,356.125,NaN,NaN
2024-05-01T12:00:00Z,0.0,-83.875,0.125,NaN,NaN
2024-05-01T12:00:00Z,0.0,-83.875,4.125,NaN,NaN
2024-05-01T12:00:00Z,0.0,-83.875,8.125,NaN,NaN
2024-05-01T12:00:00Z,0.0,-83.875,12.125,NaN,NaN
2024-05-01T12:00:00Z,0.0,-83.875,16.125,NaN,NaN
2024-05-01T12:00:00Z,0.0,-83.875,20.125,NaN,NaN
2024-05-01T12:00:00Z,0.0,-83.875,24.125,NaN,NaN
2024-05-01T12:00:00Z,0.0,-83.875,28.125,NaN,NaN
2024-05-01T12:00:00Z,0.0,-83.875,32.125,NaN,NaN
2024-05-01T12:00:00Z,0.0,-83.875,36.125,NaN,NaN
2024-05-01T12:00:00Z,0.0,-83.875,40.125,NaN,NaN
2024-05-01T12:00:00Z,0.0,-83.875,44.125,NaN,NaN
2024-05-01T12:00:00Z,0.0,-83.875,48.125,NaN,NaN
2024-05-01T12:00:00Z,0.0,-83.875,52.125,NaN,NaN
2024-05-01T12:00:00Z,0.0,-83.875,56.125,NaN,NaN
2024-05-01T12:00:00Z,0.0,-83.875,60.125,NaN,NaN
2024-05-01T12:00:00Z,0.0,-83.875,64.125,NaN,NaN
2024-05-01T12:00:00Z,0.0,-83.875,68.125,NaN,NaN
2024-05-01T12:00:00Z,0.0,-83.875,72.125,NaN,NaN
2024-05-01T12:00:00Z,0.0,-83.875,76.125,NaN,NaN
2024-05-01T12:00:00Z,0.0,-83.875,80.125,NaN,NaN
2024-05-01T12:00:00Z,0.0,-83.875,84.125,NaN,NaN
2024-05-01T12:00:00Z,0.0,-83.875,88.125,NaN,NaN
2024-05-01T12:00:00Z,0.0,-83.875,92.125,NaN,NaN
2024-05-01T12:00:00Z,0.0,-83.875,96.125,NaN,NaN
2024-05-01T12:00:00Z,0.0,-83.875,100.125,NaN,NaN
2024-05-01T12:00:00Z,0.0,-83.875,104.125,NaN,NaN
2024-05-01T12:00:00Z,0.0,-83.875,108.125,NaN,NaN
2024-05-01T12:00:00Z,0.0,-83.875,112.125,NaN,NaN
2024-05-01T12:00:00Z,0.0,-83.875,116.125,NaN,NaN
2024-05-01T12:00:00Z,0.0,-83.875,120.125,NaN,NaN
2024-05-01T12:00:00Z,0.0,-83.875,124.125,NaN,NaN
2024-05-01T12:00:00Z,0.0,-83.875,128.125,NaN,NaN
2024-05-01T12:00:00Z,0.0,-83.875,132.125,NaN,NaN
2024-05-01T12:00:00Z,0.0,-83.875,136.125,NaN,NaN
2024-05-01T12:00:00Z,0.0,-83.875,140.125,NaN,NaN
2024-05-01T12:00:00Z,0.0,-83.875,144.125,NaN,NaN
2024-05-01T12:00:00Z,0.0,-83.875,148.125,NaN,NaN
2024-05-01T12:00:00Z,0.0,-83.875,152.125,NaN,NaN
2024-05-01T12:00:00Z,0.0,-83.875,156.125,NaN,NaN
2024-05-01T12:00:00Z,0.0,-83.875,160.125,NaN,NaN
2024-05-01T12:00:00Z,0.0,-83.875,164.125,NaN,NaN
2024-05-01T12:00:00Z,0.0,-83.875,168.125,NaN,NaN
2024-05-01T12:00:00Z,0.0,-83.875,172.125,NaN,NaN
2024-05-01T12:00:00Z,0.0,-83.875,176.125,NaN,NaN
2024-05-01T12:00:00Z,0.0,-83.875,180.125,NaN,NaN
2024-05-01T12:00:00Z,0.0,-83.875,184.125,NaN,NaN
2024-05-01T12:00:00Z,0.0,-83.875,188.125,NaN,NaN
2024-05-01T12:00:00Z,0.0,-83.875,192.125,NaN,NaN
2024-05-01T12:00:00Z,0.0,-83.875,196.125,NaN,NaN
2024-05-01T12:00:00Z,0.0,-83.875,200.125,NaN,NaN
2024-05-01T12:00:00Z,0.0,-83.875,204.125,NaN,NaN
2024-05-01T12:00:00Z,0.0,-83.875,208.125,NaN,NaN
2024-05-01T12:00:00Z,0.0,-83.875,212.125,NaN,NaN
2024-05-01T12:00:00Z,0.0,-83.875,216.125,NaN,NaN
2024-05-01T12:00:00Z,0.0,-83.875,220.125,NaN,NaN
2024-05-01T12:00:00Z,0.0,-83.875,224.125,NaN,NaN
2024-05-01T12:00:00Z,0.0,-83.875,228.125,NaN,NaN
2024-05-01T12:00:00Z,0.0,-83.875,232.125,NaN,NaN
2024-05-01T12:00:00Z,0.0,-83.875,236.125,NaN,NaN
2024-05-01T12:00:00Z,0.0,-83.875,240.125,NaN,NaN
2024-05-01T12:00:00Z,0.0,-83.875,244.125,NaN,NaN
2024-05-01T12:00:00Z,0.0,-83.875,248.125,NaN,NaN
2024-05-01T12:00:00Z,0.0,-83.875,252.125,NaN,NaN
2024-05-01T12:00:00Z,0.0,-83.875,256.125,NaN,NaN
2024-05-01T12:00:00Z,0.0,-83.875,260.125,NaN,NaN
2024-05-01T12:00:00Z,0.0,-83.875,264.125,NaN,NaN
2024-05-01T12:00:00Z,0.0,-83.875,268.125,NaN,NaN
2024-05-01T12:00:00Z,0.0,-83.875,272.125,NaN,NaN
2024-05-01T12:00:00Z,0.0,-83.875,276.125,NaN,NaN
2024-05-01T12:00:00Z,0.0,-83.875,280.125,NaN,NaN
2024-05-01T12:00:00Z,0.0,-83.875,284.125,NaN,NaN
2024-05-01T12:00:00Z,0.0,-83.875,288.125,NaN,NaN
2024-05-01T12:00:00Z,0.0,-83.875,292.125,NaN,NaN
2024-05-01T12:00:00Z,0.0,-83.875,296.125,NaN,NaN
2024-05-01T12:00:00Z,0.0,-83.875,300.125,NaN,NaN
2024-05-01T12:00:00Z,0.0,-83.875,304.125,NaN,NaN
2024-05-01T12:00:00Z,0.0,-83.875,308.125,NaN,NaN
2024-05-01T12:00:00Z,0.0,-83.875,312.125,NaN,NaN
2024-05-01T12:00:00Z,0.0,-83.875,316.125,NaN,NaN
2024-05-01T12:00:00Z,0.0,-83.875,320.125,NaN,NaN
2024-05-01T12:00:00Z,0.0,-83.875,324.125,NaN,NaN
2024-05-01T12:00:00Z,0.0,-83.875,328.125,NaN,NaN
2024-05-01T12:00:00Z,0.0,-83.875,332.125,NaN,NaN
2024-05-01T12:00:00Z,0.0,-83.875,336.125,NaN,NaN
2024-05-01T12:00:00Z,0.0,-83.875,340.125,NaN,NaN
2024-05-01T12:00:00Z,0.0,-83.875,344.125,NaN,NaN
2024-05-01T12:00:00Z,0.0,-83.875,348.125,NaN,NaN
2024-05-01T12:00:00Z,0.0,-83.875,352.125,NaN,NaN
2024-05-01T12:00:00Z,0.0,-83.875,356.125,NaN,NaN
2024-05-01T12:00:00Z,0.0,-79.875,0.125,NaN,NaN
2024-05-01T12:00:00Z,0.0,-79.875,4.125,NaN,NaN
2024-05-01T12:00:00Z,0.0,-79.875,8.125,NaN,NaN
2024-05-01T12:00:00Z,0.0,-79.875,12.125,NaN,NaN
2024-05-01T12:00:00Z,0.0,-79.875,16.125,NaN,NaN
2024-05-01T12:00:00Z,0.0,-79.875,20.125,NaN,NaN
2024-05-01T12:00:00Z,0.0,-79.875,24.125,NaN,NaN
2024-05-01T12:00:00Z,0.0,-79.875,28.125,NaN,NaN
2024-05-01T12:00:00Z,0.0,-79.875,32.125,NaN,NaN
2024-05-01T12:00:00Z,0.0,-79.875,36.125,NaN,NaN
2024-05-01T12:00:00Z,0.0,-79.875,40.125,NaN,NaN
2024-05-01T12:00:00Z,0.0,-79.875,44.125,NaN,NaN
2024-05-01T12:00:00Z,0.0,-79.875,48.125,NaN,NaN
2024-05-01T12:00:00Z,0.0,-79.875,52.125,NaN,NaN
2024-05-01T12:00:00Z,0.0,-79.875,56.125,NaN,NaN
2024-05-01T12:00:00Z,0.0,-79.875,60.125,NaN,NaN
2024-05-01T12:00:00Z,0.0,-79.875,64.125,NaN,NaN
2024-05-01T12:00:00Z,0.0,-79.875,68.125,NaN,NaN
2024-05-01T12:00:00Z,0.0,-79.875,72.125,NaN,NaN
2024-05-01T12:00:00Z,0.0,-79.875,76.125,NaN,NaN
2024-05-01T12:00:00Z,0.0,-79.875,80.125,NaN,NaN
2024-05-01T12:00:00Z,0.0,-79.875,84.125,NaN,NaN
2024-05-01T12:00:00Z,0.0,-79.875,88.125,NaN,NaN
2024-05-01T12:00:00Z,0.0,-79.875,92.125,NaN,NaN
2024-05-01T12:00:00Z,0.0,-79.875,96.125,NaN,NaN
2024-05-01T12:00:00Z,0.0,-79.875,100.125,NaN,NaN
2024-05-01T12:00:00Z,0.0,-79.875,104.125,NaN,NaN
2024-05-01T12:00:00Z,0.0,-79.875,108.125,NaN,NaN
2024-05-01T12:00:00Z,0.0,-79.875,112.125,NaN,NaN
2024-05-01T12:00:00Z,0.0,-79.875,116.125,NaN,NaN
2024-05-01T12:00:00Z,0.0,-79.875,120.125,NaN,NaN
2024-05-01T12:00:00Z,0.0,-79.875,124.125,NaN,NaN
2024-05-01T12:00:00Z,0.0,-79.875,128.125,NaN,NaN
2024-05-01T12:00:00Z,0.0,-79.875,132.125,NaN,NaN
2024-05-01T12:00:00Z,0.0,-79.875,136.125,NaN,NaN
2024-05-01T12:00:00Z,0.0,-79.875,140.125,NaN,NaN
2024-05-01T12:00:00Z,0.0,-79.875,144.125,NaN,NaN
2024-05-01T12:00:00Z,0.0,-79.875,148.125,NaN,NaN
2024-05-01T12:00:00Z,0.0,-79.875,152.125,NaN,NaN
2024-05-01T12:00:00Z,0.0,-79.875,156.125,NaN,NaN
2024-05-01T12:00:00Z,0.0,-79.875,160.125,NaN,NaN
2024-05-01T12:00:00Z,0.0,-79.875,164.125,NaN,NaN
2024-05-01T12:00:00Z,0.0,-79.875,168.125,NaN,NaN
2024-05-01T12:00:00Z,0.0,-79.875,172.125,NaN,NaN
2024-05-01T12:00:00Z,0.0,-79.875,176.125,NaN,NaN
2024-05-01T12:00:00Z,0.0,-79.875,180.125,NaN,NaN
2024-05-01T12:00:00Z,0.0,-79.875,184.125,NaN,NaN
2024-05-01T12:00:00Z,0.0,-79.875,188.125,NaN,NaN
2024-05-01T12:00:00Z,0.0,-79.875,192.125,NaN,NaN
2024-05-01T12:00:00Z,0.0,-79.875,196.125,NaN,NaN
2024-05-01T12:00:00Z,0.0,-79.875,200.125,NaN,NaN
2024-05-01T12:00:00Z,0.0,-79.875,204.125,NaN,NaN
2024-05-01T12:00:00Z,0.0,-79.875,208.125,NaN,NaN
2024-05-01T12:00:00Z,0.0,-79.875,212.125,NaN,NaN
2024-05-01T12:00:00Z,0.0,-79.875,216.125,NaN,NaN
2024-05-01T12:00:00Z,0.0,-79.875,220.125,NaN,NaN
2024-05-01T12:00:00Z,0.0,-79.875,224.125,NaN,NaN
2024-05-01T12:00:00Z,0.0,-79.875,228.125,NaN,NaN
2024-05-01T12:00:00Z,0.0,-79.875,232.125,NaN,NaN
2024-05-01T12:00:00Z,0.0,-79.875,236.125,NaN,NaN
2024-05-01T12:00:00Z,0.0,-79.875,240.125,NaN,NaN
2024-05-01T12:00:00Z,0.0,-79.875,244.125,NaN,NaN
2024-05-01T12:00:00Z,0.0,-79.875,248.125,NaN,NaN
2024-05-01T12:00:00Z,0.0,-79.875,252.125,NaN,NaN
2024-05-01T12:00:00Z,0.0,-79.875,256.125,NaN,NaN
2024-05-01T12:00:00Z,0.0,-79.875,260.125,NaN,NaN
2024-05-01T12:00:00Z,0.0,-79.875,264.125,NaN,NaN
2024-05-01T12:00:00Z,0.0,-79.875,268.125,NaN,NaN
2024-05-01T12:00:00Z,0.0,-79.875,272.125,NaN,NaN
2024-05-01T12:00:00Z,0.0,-79.875,276.125,NaN,NaN
2024-05-01T12:00:00Z,0.0,-79.875,280.125,NaN,NaN
2024-05-01T12:00:00Z,0.0,-79.875,284.125,NaN,NaN
2024-05-01T12:00:00Z,0.0,-79.875,288.125,NaN,NaN
2024-05-01T12:00:00Z,0.0,-79.875,292.125,NaN,NaN
2024-05-01T12:00:00Z,0.0,-79.875,296.125,NaN,NaN
2024-05-01T12:00:00Z,0.0,-79.875,300.125,NaN,NaN
2024-05-01T12:00:00Z,0.0,-79.875,304.125,NaN,NaN
2024-05-01T12:00:00Z,0.0,-79.875,308.125,NaN,NaN
2024-05-01T12:00:00Z,0.0,-79.875,312.125,NaN,NaN
2024-05-01T12:00:00Z,0.0,-79.875,316.125,NaN,NaN
2024-05-01T12:00:00Z,0.0,-79.875,320.125,NaN,NaN
2024-05-01T12:00:00Z,0.0,-79.875,324.125,NaN,NaN
2024-05-01T12:00:00Z,0.0,-79.875,328.125,NaN,NaN
2024-05-01T12:00:00Z,0.0,-79.875,332.125,NaN,NaN
2024-05-01T12:00:00Z,0.0,-79.875,336.125,NaN,NaN
2024-05-01T12:00:00Z,0.0,-79.875,340.125,NaN,NaN
2024-05-01T12:00:00Z,0.0,-79.875,344.125,NaN,NaN
2024-05-01T12:00:00Z,0.0,-79.875,348.125,NaN,NaN
2024-05-01T12:00:00Z,0.0,-79.875,352.125,NaN,NaN
2024-05-01T12:00:00Z,0.0,-79.875,356.125,NaN,NaN
2024-05-01T12:00:00Z,0.0,-75.875,0.125,NaN,NaN
2024-05-01T12:00:00Z,0.0,-75.875,4.125,NaN,NaN
2024-05-01T12:00:00Z,0.0,-75.875,8.125,NaN,NaN
2024-05-01T12:00:00Z,0.0,-75.875,12.125,NaN,NaN
2024-05-01T12:00:00Z,0.0,-75.875,16.125,NaN,NaN
2024-05-01T12:00:00Z,0.0,-75.875,20.125,NaN,NaN
2024-05-01T12:00:00Z,0.0,-75.875,24.125,NaN,NaN
2024-05-01T12:00:00Z,0.0,-75.875,28.125,NaN,NaN
2024-05-01T12:00:00Z,0.0,-75.875,32.125,NaN,NaN
2024-05-01T12:00:00Z,0.0,-75.875,36.125,NaN,NaN
2024-05-01T12:00:00Z,0.0,-75.875,40.125,NaN,NaN
2024-05-01T12:00:00Z,0.0,-75.875,44.125,NaN,NaN
2024-05-01T12:00:00Z,0.0,-75.875,48.125,NaN,NaN
2024-05-01T12:00:00Z,0.0,-75.875,52.125,NaN,NaN
2024-05-01T12:00:00Z,0.0,-75.875,56.125,NaN,NaN
2024-05-01T12:00:00Z,0.0,-75.875,60.125,NaN,NaN
2024-05-01T12:00:00Z,0.0,-75.875,64.125,NaN,NaN
2024-05-01T12:00:00Z,0.0,-75.875,68.125,NaN,NaN
2024-05-01T12:00:00Z,0.0,-75.875,72.125,NaN,NaN
2024-05-01T12:00:00Z,0.0,-75.875,76.125,NaN,NaN
2024-05-01T12:00:00Z,0.0,-75.875,80.125,NaN,NaN
2024-05-01T12:00:00Z,0.0,-75.875,84.125,NaN,NaN
2024-05-01T12:00:00Z,0.0,-75.875,88.125,NaN,NaN
2024-05-01T12:00:00Z,0.0,-75.875,92.125,NaN,NaN
2024-05-01T12:00:00Z,0.0,-75.875,96.125,NaN,NaN
2024-05-01T12:00:00Z,0.0,-75.875,100.125,NaN,NaN
2024-05-01T12:00:00Z,0.0,-75.875,104.125,NaN,NaN
2024-05-01T12:00:00Z,0.0,-75.875,108.125,NaN,NaN
2024-05-01T12:00:00Z,0.0,-75.875,112.125,NaN,NaN
2024-05-01T12:00:00Z,0.0,-75.875,116.125,NaN,NaN
2024-05-01T12:00:00Z,0.0,-75.875,120.125,NaN,NaN
2024-05-01T12:00:00Z,0.0,-75.875,124.125,NaN,NaN
2024-05-01T12:00:00Z,0.0,-75.875,128.125,NaN,NaN
2024-05-01T12:00:00Z,0.0,-75.875,132.125,NaN,NaN
2024-05-01T12:00:00Z,0.0,-75.875,136.125,NaN,NaN
2024-05-01T12:00:00Z,0.0,-75.875,140.125,NaN,NaN
2024-05-01T12:00:00Z,0.0,-75.875,144.125,NaN,NaN
2024-05-01T12:00:00Z,0.0,-75.875,148.125,NaN,NaN
2024-05-01T12:00:00Z,0.0,-75.875,152.125,NaN,NaN
2024-05-01T12:00:00Z,0.0,-75.875,156.125,NaN,NaN
2024-05-01T12:00:00Z,0.0,-75.875,160.125,NaN,NaN
2024-05-01T12:00:00Z,0.0,-75.875,164.125,-1.8,-0.39
2024-05-01T12:00:00Z,0.0,-75.875,168.125,-1.8,-0.05
2024-05-01T12:00:00Z,0.0,-75.875,172.125,-1.8,-0.12
2024-05-01T12:00:00Z,0.0,-75.875,176.125,-1.8,-0.17
2024-05-01T12:00:00Z,0.0,-75.875,180.125,-1.8,-0.09
2024-05-01T12:00:00Z,0.0,-75.875,184.125,-1.8,-0.04
2024-05-01T12:00:00Z,0.0,-75.875,188.125,-1.8,-0.02
2024-05-01T12:00:00Z,0.0,-75.875,192.125,-1.8,-0.01
2024-05-01T12:00:00Z,0.0,-75.875,196.125,-1.8,-0.01
2024-05-01T12:00:00Z,0.0,-75.875,200.125,-1.8,-0.04
2024-05-01T12:00:00Z,0.0,-75.875,204.125,-1.8,-0.03
2024-05-01T12:00:00Z,0.0,-75.875,208.125,-1.8,-0.04
2024-05-01T12:00:00Z,0.0,-75.875,212.125,-1.78,-0.06
2024-05-01T12:00:00Z,0.0,-75.875,216.125,NaN,NaN
2024-05-01T12:00:00Z,0.0,-75.875,220.125,NaN,NaN
2024-05-01T12:00:00Z,0.0,-75.875,224.125,NaN,NaN
2024-05-01T12:00:00Z,0.0,-75.875,228.125,NaN,NaN
2024-05-01T12:00:00Z,0.0,-75.875,232.125,NaN,NaN
2024-05-01T12:00:00Z,0.0,-75.875,236.125,NaN,NaN
2024-05-01T12:00:00Z,0.0,-75.875,240.125,NaN,NaN
2024-05-01T12:00:00Z,0.0,-75.875,244.125,NaN,NaN
2024-05-01T12:00:00Z,0.0,-75.875,248.125,NaN,NaN
2024-05-01T12:00:00Z,0.0,-75.875,252.125,NaN,NaN
2024-05-01T12:00:00Z,0.0,-75.875,256.125,NaN,NaN
2024-05-01T12:00:00Z,0.0,-75.875,260.125,NaN,NaN
2024-05-01T12:00:00Z,0.0,-75.875,264.125,NaN,NaN
2024-05-01T12:00:00Z,0.0,-75.875,268.125,NaN,NaN
2024-05-01T12:00:00Z,0.0,-75.875,272.125,NaN,NaN
2024-05-01T12:00:00Z,0.0,-75.875,276.125,NaN,NaN
2024-05-01T12:00:00Z,0.0,-75.875,280.125,NaN,NaN
2024-05-01T12:00:00Z,0.0,-75.875,284.125,NaN,NaN
2024-05-01T12:00:00Z,0.0,-75.875,288.125,NaN,NaN
2024-05-01T12:00:00Z,0.0,-75.875,292.125,NaN,NaN
2024-05-01T12:00:00Z,0.0,-75.875,296.125,-1.64,-0.26
2024-05-01T12:00:00Z,0.0,-75.875,300.125,-1.77,-0.52
2024-05-01T12:00:00Z,0.0,-75.875,304.125,-1.76,-0.21
2024-05-01T12:00:00Z,0.0,-75.875,308.125,-1.8,-0.13
2024-05-01T12:00:00Z,0.0,-75.875,312.125,-1.8,-0.06
2024-05-01T12:00:00Z,0.0,-75.875,316.125,-1.8,-0.09
2024-05-01T12:00:00Z,0.0,-75.875,320.125,-1.8,-0.06
2024-05-01T12:00:00Z,0.0,-75.875,324.125,-1.8,-0.03
2024-05-01T12:00:00Z,0.0,-75.875,328.125,-1.8,-0.04
2024-05-01T12:00:00Z,0.0,-75.875,332.125,-1.8,-0.18
2024-05-01T12:00:00Z,0.0,-75.875,336.125,-1.66,-0.12
2024-05-01T12:00:00Z,0.0,-75.875,340.125,NaN,NaN
2024-05-01T12:00:00Z,0.0,-75.875,344.125,NaN,NaN
2024-05-01T12:00:00Z,0.0,-75.875,348.125,NaN,NaN
2024-05-01T12:00:00Z,0.0,-75.875,352.125,NaN,NaN
2024-05-01T12:00:00Z,0.0,-75.875,356.125,NaN,NaN
2024-05-01T12:00:00Z,0.0,-71.875,0.125,NaN,NaN
2024-05-01T12:00:00Z,0.0,-71.875,4.125,NaN,NaN
2024-05-01T12:00:00Z,0.0,-71.875,8.125,NaN,NaN
2024-05-01T12:00:00Z,0.0,-71.875,12.125,NaN,NaN
2024-05-01T12:00:00Z,0.0,-71.875,16.125,NaN,NaN
2024-05-01T12:00:00Z,0.0,-71.875,20.125,NaN,NaN
2024-05-01T12:00:00Z,0.0,-71.875,24.125,NaN,NaN
2024-05-01T12:00:00Z,0.0,-71.875,28.125,NaN,NaN
2024-05-01T12:00:00Z,0.0,-71.875,32.125,NaN,NaN
2024-05-01T12:00:00Z,0.0,-71.875,36.125,NaN,NaN
2024-05-01T12:00:00Z,0.0,-71.875,40.125,NaN,NaN
2024-05-01T12:00:00Z,0.0,-71.875,44.125,NaN,NaN
2024-05-01T12:00:00Z,0.0,-71.875,48.125,NaN,NaN
2024-05-01T12:00:00Z,0.0,-71.875,52.125,NaN,NaN
2024-05-01T12:00:00Z,0.0,-71.875,56.125,NaN,NaN
2024-05-01T12:00:00Z,0.0,-71.875,60.125,NaN,NaN
2024-05-01T12:00:00Z,0.0,-71.875,64.125,NaN,NaN
2024-05-01T12:00:00Z,0.0,-71.875,68.125,-1.42,0.0
2024-05-01T12:00:00Z,0.0,-71.875,72.125,NaN,NaN
2024-05-01T12:00:00Z,0.0,-71.875,76.125,NaN,NaN
2024-05-01T12:00:00Z,0.0,-71.875,80.125,NaN,NaN
2024-05-01T12:00:00Z,0.0,-71.875,84.125,NaN,NaN
2024-05-01T12:00:00Z,0.0,-71.875,88.125,NaN,NaN
2024-05-01T12:00:00Z,0.0,-71.875,92.125,NaN,NaN
2024-05-01T12:00:00Z,0.0,-71.875,96.125,NaN,NaN
2024-05-01T12:00:00Z,0.0,-71.875,100.125,NaN,NaN
2024-05-01T12:00:00Z,0.0,-71.875,104.125,NaN,NaN
2024-05-01T12:00:00Z,0.0,-71.875,108.125,NaN,NaN
2024-05-01T12:00:00Z,0.0,-71.875,112.125,NaN,NaN
2024-05-01T12:00:00Z,0.0,-71.875,116.125,NaN,NaN
2024-05-01T12:00:00Z,0.0,-71.875,120.125,NaN,NaN
2024-05-01T12:00:00Z,0.0,-71.875,124.125,NaN,NaN
2024-05-01T12:00:00Z,0.0,-71.875,128.125,NaN,NaN
2024-05-01T12:00:00Z,0.0,-71.875,132.125,NaN,NaN
2024-05-01T12:00:00Z,0.0,-71.875,136.125,NaN,NaN
2024-05-01T12:00:00Z,0.0,-71.875,140.125,NaN,NaN
2024-05-01T12:00:00Z,0.0,-71.875,144.125,NaN,NaN
2024-05-01T12:00:00Z,0.0,-71.875,148.125,NaN,NaN
2024-05-01T12:00:00Z,0.0,-71.875,152.125,NaN,NaN
2024-05-01T12:00:00Z,0.0,-71.875,156.125,NaN,NaN
2024-05-01T12:00:00Z,0.0,-71.875,160.125,NaN,NaN
2024-05-01T12:00:00Z,0.0,-71.875,164.125,NaN,NaN
2024-05-01T12:00:00Z,0.0,-71.875,168.125,NaN,NaN
2024-05-01T12:00:00Z,0.0,-71.875,172.125,-1.8,-0.17
2024-05-01T12:00:00Z,0.0,-71.875,176.125,-1.8,-0.12
2024-05-01T12:00:00Z,0.0,-71.875,180.125,-1.8,-0.07
2024-05-01T12:00:00Z,0.0,-71.875,184.125,-1.8,-0.04
2024-05-01T12:00:00Z,0.0,-71.875,188.125,-1.8,-0.02
2024-05-01T12:00:00Z,0.0,-71.875,192.125,-1.8,-0.02
2024-05-01T12:00:00Z,0.0,-71.875,196.125,-1.8,-0.04
2024-05-01T12:00:00Z,0.0,-71.875,200.125,-1.8,-0.06
2024-05-01T12:00:00Z,0.0,-71.875,204.125,-1.8,-0.07
2024-05-01T12:00:00Z,0.0,-71.875,208.125,-1.8,-0.09
2024-05-01T12:00:00Z,0.0,-71.875,212.125,-1.78,-0.07
2024-05-01T12:00:00Z,0.0,-71.875,216.125,-1.73,-0.06
2024-05-01T12:00:00Z,0.0,-71.875,220.125,-1.71,-0.06
2024-05-01T12:00:00Z,0.0,-71.875,224.125,-1.75,-0.1
2024-05-01T12:00:00Z,0.0,-71.875,228.125,-1.8,-0.12
2024-05-01T12:00:00Z,0.0,-71.875,232.125,-1.79,-0.14
2024-05-01T12:00:00Z,0.0,-71.875,236.125,-1.8,-0.13
2024-05-01T12:00:00Z,0.0,-71.875,240.125,-1.79,-0.15
2024-05-01T12:00:00Z,0.0,-71.875,244.125,-1.76,-0.16
2024-05-01T12:00:00Z,0.0,-71.875,248.125,-1.75,-0.33
2024-05-01T12:00:00Z,0.0,-71.875,252.125,-1.77,-0.25
2024-05-01T12:00:00Z,0.0,-71.875,256.125,-1.74,-0.23
2024-05-01T12:00:00Z,0.0,-71.875,260.125,-1.7,-0.32
2024-05-01T12:00:00Z,0.0,-71.875,264.125,-1.73,-0.33
2024-05-01T12:00:00Z,0.0,-71.875,268.125,-1.8,-0.28
2024-05-01T12:00:00Z,0.0,-71.875,272.125,-1.8,-0.17
2024-05-01T12:00:00Z,0.0,-71.875,276.125,-1.77,-0.2
2024-05-01T12:00:00Z,0.0,-71.875,280.125,-1.75,-0.37
2024-05-01T12:00:00Z,0.0,-71.875,284.125,-1.7,-0.52
2024-05-01T12:00:00Z,0.0,-71.875,288.125,-1.64,-0.54
2024-05-01T12:00:00Z,0.0,-71.875,292.125,-1.24,-0.06
2024-05-01T12:00:00Z,0.0,-71.875,296.125,NaN,NaN
2024-05-01T12:00:00Z,0.0,-71.875,300.125,-1.8,-0.15
2024-05-01T12:00:00Z,0.0,-71.875,304.125,-1.8,0.0
2024-05-01T12:00:00Z,0.0,-71.875,308.125,-1.8,-0.01
2024-05-01T12:00:00Z,0.0,-71.875,312.125,-1.8,-0.01
2024-05-01T12:00:00Z,0.0,-71.875,316.125,-1.8,-0.02
2024-05-01T12:00:00Z,0.0,-71.875,320.125,-1.8,-0.04
2024-05-01T12:00:00Z,0.0,-71.875,324.125,-1.8,-0.07
2024-05-01T12:00:00Z,0.0,-71.875,328.125,-1.8,-0.11
2024-05-01T12:00:00Z,0.0,-71.875,332.125,-1.8,-0.15
2024-05-01T12:00:00Z,0.0,-71.875,336.125,-1.8,-0.22
2024-05-01T12:00:00Z,0.0,-71.875,340.125,-1.8,-0.3
2024-05-01T12:00:00Z,0.0,-71.875,344.125,-1.78,-0.3
2024-05-01T12:00:00Z,0.0,-71.875,348.125,-1.64,-0.39
2024-05-01T12:00:00Z,0.0,-71.875,352.125,NaN,NaN
2024-05-01T12:00:00Z,0.0,-71.875,356.125,NaN,NaN
2024-05-01T12:00:00Z,0.0,-67.875,0.125,-1.38,-0.38
2024-05-01T12:00:00Z,0.0,-67.875,4.125,-1.48,-0.45
2024-05-01T12:00:00Z,0.0,-67.875,8.125,-1.46,-0.34
2024-05-01T12:00:00Z,0.0,-67.875,12.125,-1.8,-0.58
2024-05-01T12:00:00Z,0.0,-67.875,16.125,-1.75,-0.6
2024-05-01T12:00:00Z,0.0,-67.875,20.125,-1.61,-0.5
2024-05-01T12:00:00Z,0.0,-67.875,24.125,-1.47,-0.34
2024-05-01T12:00:00Z,0.0,-67.875,28.125,-1.52,-0.45
2024-05-01T12:00:00Z,0.0,-67.875,32.125,-1.55,-0.52
2024-05-01T12:00:00Z,0.0,-67.875,36.125,-1.62,-0.53
2024-05-01T12:00:00Z,0.0,-67.875,40.125,-1.52,-0.43
2024-05-01T12:00:00Z,0.0,-67.875,44.125,-1.77,-0.64
2024-05-01T12:00:00Z,0.0,-67.875,48.125,NaN,NaN
2024-05-01T12:00:00Z,0.0,-67.875,52.125,NaN,NaN
2024-05-01T12:00:00Z,0.0,-67.875,56.125,NaN,NaN
2024-05-01T12:00:00Z,0.0,-67.875,60.125,NaN,NaN
2024-05-01T12:00:00Z,0.0,-67.875,64.125,NaN,NaN
2024-05-01T12:00:00Z,0.0,-67.875,68.125,NaN,NaN
2024-05-01T12:00:00Z,0.0,-67.875,72.125,-1.8,-0.19
2024-05-01T12:00:00Z,0.0,-67.875,76.125,-1.8,-0.2
2024-05-01T12:00:00Z,0.0,-67.875,80.125,-1.77,-0.37
2024-05-01T12:00:00Z,0.0,-67.875,84.125,NaN,NaN
2024-05-01T12:00:00Z,0.0,-67.875,88.125,NaN,NaN
2024-05-01T12:00:00Z,0.0,-67.875,92.125,NaN,NaN
2024-05-01T12:00:00Z,0.0,-67.875,96.125,NaN,NaN
2024-05-01T12:00:00Z,0.0,-67.875,100.125,NaN,NaN
2024-05-01T12:00:00Z,0.0,-67.875,104.125,NaN,NaN
2024-05-01T12:00:00Z,0.0,-67.875,108.125,NaN,NaN
2024-05-01T12:00:00Z,0.0,-67.875,112.125,NaN,NaN
2024-05-01T12:00:00Z,0.0,-67.875,116.125,NaN,NaN
2024-05-01T12:00:00Z,0.0,-67.875,120.125,NaN,NaN
2024-05-01T12:00:00Z,0.0,-67.875,124.125,NaN,NaN
2024-05-01T12:00:00Z,0.0,-67.875,128.125,NaN,NaN
2024-05-01T12:00:00Z,0.0,-67.875,132.125,NaN,NaN
2024-05-01T12:00:00Z,0.0,-67.875,136.125,NaN,NaN
2024-05-01T12:00:00Z,0.0,-67.875,140.125,NaN,NaN
2024-05-01T12:00:00Z,0.0,-67.875,144.125,NaN,NaN
2024-05-01T12:00:00Z,0.0,-67.875,148.125,-1.8,-0.33
2024-05-01T12:00:00Z,0.0,-67.875,152.125,-1.79,-0.11
2024-05-01T12:00:00Z,0.0,-67.875,156.125,-1.8,-0.1
2024-05-01T12:00:00Z,0.0,-67.875,160.125,-1.8,-0.22
2024-05-01T12:00:00Z,0.0,-67.875,164.125,-1.8,-0.41
2024-05-01T12:00:00Z,0.0,-67.875,168.125,-1.79,-0.49
2024-05-01T12:00:00Z,0.0,-67.875,172.125,-1.73,-0.41
2024-05-01T12:00:00Z,0.0,-67.875,176.125,-1.8,-0.46
2024-05-01T12:00:00Z,0.0,-67.875,180.125,-1.41,-0.2
2024-05-01T12:00:00Z,0.0,-67.875,184.125,-1.58,-0.34
2024-05-01T12:00:00Z,0.0,-67.875,188.125,-1.05,0.24
2024-05-01T12:00:00Z,0.0,-67.875,192.125,-1.24,0.13
2024-05-01T12:00:00Z,0.0,-67.875,196.125,-1.29,0.08
2024-05-01T12:00:00Z,0.0,-67.875,200.125,-1.13,0.21
2024-05-01T12:00:00Z,0.0,-67.875,204.125,-1.37,-0.05
2024-05-01T12:00:00Z,0.0,-67.875,208.125,-1.46,-0.13
2024-05-01T12:00:00Z,0.0,-67.875,212.125,-1.45,-0.19
2024-05-01T12:00:00Z,0.0,-67.875,216.125,-0.87,0.24
2024-05-01T12:00:00Z,0.0,-67.875,220.125,-0.86,0.21
2024-05-01T12:00:00Z,0.0,-67.875,224.125,-0.73,0.26
2024-05-01T12:00:00Z,0.0,-67.875,228.125,-1.15,-0.17
2024-05-01T12:00:00Z,0.0,-67.875,232.125,-1.34,-0.32
2024-05-01T12:00:00Z,0.0,-67.875,236.125,-1.05,-0.1
2024-05-01T12:00:00Z,0.0,-67.875,240.125,-1.09,-0.31
2024-05-01T12:00:00Z,0.0,-67.875,244.125,-0.7,-0.02
2024-05-01T12:00:00Z,0.0,-67.875,248.125,-1.28,-0.65
2024-05-01T12:00:00Z,0.0,-67.875,252.125,-1.21,-0.69
2024-05-01T12:00:00Z,0.0,-67.875,256.125,-0.83,-0.5
2024-05-01T12:00:00Z,0.0,-67.875,260.125,-1.03,-0.79
2024-05-01T12:00:00Z,0.0,-67.875,264.125,-1.27,-0.99
2024-05-01T12:00:00Z,0.0,-67.875,268.125,-1.35,-0.92
2024-05-01T12:00:00Z,0.0,-67.875,272.125,-1.54,-0.96
2024-05-01T12:00:00Z,0.0,-67.875,276.125,-1.28,-0.73
2024-05-01T12:00:00Z,0.0,-67.875,280.125,-1.24,-0.76
2024-05-01T12:00:00Z,0.0,-67.875,284.125,-1.45,-0.91
2024-05-01T12:00:00Z,0.0,-67.875,288.125,-0.87,-0.31
2024-05-01T12:00:00Z,0.0,-67.875,292.125,-0.95,-0.51
2024-05-01T12:00:00Z,0.0,-67.875,296.125,-1.15,-0.32
2024-05-01T12:00:00Z,0.0,-67.875,300.125,-1.8,-0.34
2024-05-01T12:00:00Z,0.0,-67.875,304.125,-1.8,-0.02
2024-05-01T12:00:00Z,0.0,-67.875,308.125,-1.8,-0.02
2024-05-01T12:00:00Z,0.0,-67.875,312.125,-1.8,-0.07
2024-05-01T12:00:00Z,0.0,-67.875,316.125,-1.8,-0.16
2024-05-01T12:00:00Z,0.0,-67.875,320.125,-1.8,-0.24
2024-05-01T12:00:00Z,0.0,-67.875,324.125,-1.8,-0.29
2024-05-01T12:00:00Z,0.0,-67.875,328.125,-1.8,-0.34
2024-05-01T12:00:00Z,0.0,-67.875,332.125,-1.8,-0.41
2024-05-01T12:00:00Z,0.0,-67.875,336.125,-1.8,-0.48
2024-05-01T12:00:00Z,0.0,-67.875,340.125,-1.66,-0.39
2024-05-01T12:00:00Z,0.0,-67.875,344.125,-1.55,-0.32
2024-05-01T12:00:00Z,0.0,-67.875,348.125,-1.59,-0.39
2024-05-01T12:00:00Z,0.0,-67.875,352.125,-1.54,-0.38
2024-05-01T12:00:00Z,0.0,-67.875,356.125,-1.5,-0.46
2024-05-01T12:00:00Z,0.0,-63.875,0.125,-0.08,0.36
2024-05-01T12:00:00Z,0.0,-63.875,4.125,0.05,0.5
2024-05-01T12:00:00Z,0.0,-63.875,8.125,-0.01,0.41
2024-05-01T12:00:00Z,0.0,-63.875,12.125,0.17,0.64
2024-05-01T12:00:00Z,0.0,-63.875,16.125,-0.45,0.02
2024-05-01T12:00:00Z,0.0,-63.875,20.125,-0.37,0.09
2024-05-01T12:00:00Z,0.0,-63.875,24.125,-0.62,-0.22
2024-05-01T12:00:00Z,0.0,-63.875,28.125,-0.39,-0.04
2024-05-01T12:00:00Z,0.0,-63.875,32.125,-0.45,-0.09
2024-05-01T12:00:00Z,0.0,-63.875,36.125,-0.54,-0.28
2024-05-01T12:00:00Z,0.0,-63.875,40.125,-0.39,-0.17
2024-05-01T12:00:00Z,0.0,-63.875,44.125,-0.2,0.05
2024-05-01T12:00:00Z,0.0,-63.875,48.125,-0.31,0.1
2024-05-01T12:00:00Z,0.0,-63.875,52.125,-0.61,-0.11
2024-05-01T12:00:00Z,0.0,-63.875,56.125,-0.64,-0.06
2024-05-01T12:00:00Z,0.0,-63.875,60.125,-0.63,0.05
2024-05-01T12:00:00Z,0.0,-63.875,64.125,-0.85,-0.06
2024-05-01T12:00:00Z,0.0,-63.875,68.125,-1.67,-0.74
2024-05-01T12:00:00Z,0.0,-63.875,72.125,-1.08,-0.2
2024-05-01T12:00:00Z,0.0,-63.875,76.125,-1.5,-0.67
2024-05-01T12:00:00Z,0.0,-63.875,80.125,-1.05,-0.2
2024-05-01T12:00:00Z,0.0,-63.875,84.125,-1.55,-0.59
2024-05-01T12:00:00Z,0.0,-63.875,88.125,-1.55,-0.57
2024-05-01T12:00:00Z,0.0,-63.875,92.125,-1.43,-0.43
2024-05-01T12:00:00Z,0.0,-63.875,96.125,-1.79,-0.84
2024-05-01T12:00:00Z,0.0,-63.875,100.125,-1.8,-0.75
2024-05-01T12:00:00Z,0.0,-63.875,104.125,-1.8,-0.85
2024-05-01T12:00:00Z,0.0,-63.875,108.125,-1.77,-0.82
2024-05-01T12:00:00Z,0.0,-63.875,112.125,-1.71,-0.92
2024-05-01T12:00:00Z,0.0,-63.875,116.125,-1.8,-1.03
2024-05-01T12:00:00Z,0.0,-63.875,120.125,-1.33,-0.74
2024-05-01T12:00:00Z,0.0,-63.875,124.125,-1.3,-0.84
2024-05-01T12:00:00Z,0.0,-63.875,128.125,-1.35,-0.94
2024-05-01T12:00:00Z,0.0,-63.875,132.125,-1.49,-1.11
2024-05-01T12:00:00Z,0.0,-63.875,136.125,-1.4,-1.03
2024-05-01T12:00:00Z,0.0,-63.875,140.125,-0.97,-0.66
2024-05-01T12:00:00Z,0.0,-63.875,144.125,-1.37,-1.1
2024-05-01T12:00:00Z,0.0,-63.875,148.125,-1.55,-1.14
2024-05-01T12:00:00Z,0.0,-63.875,152.125,-1.59,-1.02
2024-05-01T12:00:00Z,0.0,-63.875,156.125,-1.78,-1.24
2024-05-01T12:00:00Z,0.0,-63.875,160.125,-1.8,-1.11
2024-05-01T12:00:00Z,0.0,-63.875,164.125,-1.44,-1.03
2024-05-01T12:00:00Z,0.0,-63.875,168.125,-1.19,-1.19
2024-05-01T12:00:00Z,0.0,-63.875,172.125,-1.03,-1.49
2024-05-01T12:00:00Z,0.0,-63.875,176.125,0.13,-0.73
2024-05-01T12:00:00Z,0.0,-63.875,180.125,0.91,-0.35
2024-05-01T12:00:00Z,0.0,-63.875,184.125,0.91,-0.19
2024-05-01T12:00:00Z,0.0,-63.875,188.125,0.46,-0.2
2024-05-01T12:00:00Z,0.0,-63.875,192.125,0.35,0.2
2024-05-01T12:00:00Z,0.0,-63.875,196.125,-0.12,0.07
2024-05-01T12:00:00Z,0.0,-63.875,200.125,-0.28,-0.05
2024-05-01T12:00:00Z,0.0,-63.875,204.125,0.37,0.65
2024-05-01T12:00:00Z,0.0,-63.875,208.125,0.31,0.69
2024-05-01T12:00:00Z,0.0,-63.875,212.125,0.14,0.44
2024-05-01T12:00:00Z,0.0,-63.875,216.125,0.69,0.72
2024-05-01T12:00:00Z,0.0,-63.875,220.125,0.5,0.39
2024-05-01T12:00:00Z,0.0,-63.875,224.125,0.72,0.44
2024-05-01T12:00:00Z,0.0,-63.875,228.125,1.16,0.57
2024-05-01T12:00:00Z,0.0,-63.875,232.125,1.58,0.7
2024-05-01T12:00:00Z,0.0,-63.875,236.125,1.87,0.72
2024-05-01T12:00:00Z,0.0,-63.875,240.125,1.4,0.06
2024-05-01T12:00:00Z,0.0,-63.875,244.125,1.51,-0.09
2024-05-01T12:00:00Z,0.0,-63.875,248.125,2.04,0.2
2024-05-01T12:00:00Z,0.0,-63.875,252.125,1.38,-0.3
2024-05-01T12:00:00Z,0.0,-63.875,256.125,1.05,-0.55
2024-05-01T12:00:00Z,0.0,-63.875,260.125,1.16,-0.54
2024-05-01T12:00:00Z,0.0,-63.875,264.125,0.35,-1.38
2024-05-01T12:00:00Z,0.0,-63.875,268.125,-0.17,-1.8
2024-05-01T12:00:00Z,0.0,-63.875,272.125,0.62,-1.15
2024-05-01T12:00:00Z,0.0,-63.875,276.125,0.38,-1.23
2024-05-01T12:00:00Z,0.0,-63.875,280.125,0.04,-1.47
2024-05-01T12:00:00Z,0.0,-63.875,284.125,-0.67,-1.93
2024-05-01T12:00:00Z,0.0,-63.875,288.125,-0.41,-1.13
2024-05-01T12:00:00Z,0.0,-63.875,292.125,-0.49,-0.76
2024-05-01T12:00:00Z,0.0,-63.875,296.125,-0.2,-0.26
2024-05-01T12:00:00Z,0.0,-63.875,300.125,-0.37,0.14
2024-05-01T12:00:00Z,0.0,-63.875,304.125,-1.7,-0.64
2024-05-01T12:00:00Z,0.0,-63.875,308.125,-1.79,-0.36
2024-05-01T12:00:00Z,0.0,-63.875,312.125,-1.78,-0.44
2024-05-01T12:00:00Z,0.0,-63.875,316.125,-1.8,-0.62
2024-05-01T12:00:00Z,0.0,-63.875,320.125,-1.63,-0.5
2024-05-01T12:00:00Z,0.0,-63.875,324.125,-1.49,-0.4
2024-05-01T12:00:00Z,0.0,-63.875,328.125,-1.46,-0.41
2024-05-01T12:00:00Z,0.0,-63.875,332.125,-1.46,-0.44
2024-05-01T12:00:00Z,0.0,-63.875,336.125,-1.17,-0.21
2024-05-01T12:00:00Z,0.0,-63.875,340.125,-1.06,-0.16
2024-05-01T12:00:00Z,0.0,-63.875,344.125,-1.01,-0.21
2024-05-01T12:00:00Z,0.0,-63.875,348.125,-1.05,-0.34
2024-05-01T12:00:00Z,0.0,-63.875,352.125,-0.9,-0.31
2024-05-01T12:00:00Z,0.0,-63.875,356.125,-0.95,-0.49
2024-05-01T12:00:00Z,0.0,-59.875,0.125,0.25,0.5
2024-05-01T12:00:00Z,0.0,-59.875,4.125,0.32,0.57
2024-05-01T12:00:00Z,0.0,-59.875,8.125,0.24,0.44
2024-05-01T12:00:00Z,0.0,-59.875,12.125,0.02,0.13
2024-05-01T12:00:00Z,0.0,-59.875,16.125,0.28,0.26
2024-05-01T12:00:00Z,0.0,-59.875,20.125,0.15,-0.09
2024-05-01T12:00:00Z,0.0,-59.875,24.125,0.52,0.03
2024-05-01T12:00:00Z,0.0,-59.875,28.125,0.47,-0.17
2024-05-01T12:00:00Z,0.0,-59.875,32.125,0.18,-0.4
2024-05-01T12:00:00Z,0.0,-59.875,36.125,0.64,-0.02
2024-05-01T12:00:00Z,0.0,-59.875,40.125,0.6,-0.11
2024-05-01T12:00:00Z,0.0,-59.875,44.125,0.4,-0.41
2024-05-01T12:00:00Z,0.0,-59.875,48.125,0.9,0.06
2024-05-01T12:00:00Z,0.0,-59.875,52.125,0.18,-0.52
2024-05-01T12:00:00Z,0.0,-59.875,56.125,0.21,-0.39
2024-05-01T12:00:00Z,0.0,-59.875,60.125,0.32,-0.36
2024-05-01T12:00:00Z,0.0,-59.875,64.125,0.57,-0.25
2024-05-01T12:00:00Z,0.0,-59.875,68.125,0.55,-0.17
2024-05-01T12:00:00Z,0.0,-59.875,72.125,0.77,0.38
2024-05-01T12:00:00Z,0.0,-59.875,76.125,0.34,0.22
2024-05-01T12:00:00Z,0.0,-59.875,80.125,0.64,0.55
2024-05-01T12:00:00Z,0.0,-59.875,84.125,1.08,0.94
2024-05-01T12:00:00Z,0.0,-59.875,88.125,2.05,1.36
2024-05-01T12:00:00Z,0.0,-59.875,92.125,1.58,0.98
2024-05-01T12:00:00Z,0.0,-59.875,96.125,1.25,0.75
2024-05-01T12:00:00Z,0.0,-59.875,100.125,0.81,0.33
2024-05-01T12:00:00Z,0.0,-59.875,104.125,1.17,0.42
2024-05-01T12:00:00Z,0.0,-59.875,108.125,1.08,0.2
2024-05-01T12:00:00Z,0.0,-59.875,112.125,0.77,-0.23
2024-05-01T12:00:00Z,0.0,-59.875,116.125,0.53,-0.64
2024-05-01T12:00:00Z,0.0,-59.875,120.125,1.22,-0.02
2024-05-01T12:00:00Z,0.0,-59.875,124.125,0.77,-0.64
2024-05-01T12:00:00Z,0.0,-59.875,128.125,1.22,-0.46
2024-05-01T12:00:00Z,0.0,-59.875,132.125,1.93,0.13
2024-05-01T12:00:00Z,0.0,-59.875,136.125,1.26,-0.42
2024-05-01T12:00:00Z,0.0,-59.875,140.125,1.69,-0.09
2024-05-01T12:00:00Z,0.0,-59.875,144.125,0.47,-1.21
2024-05-01T12:00:00Z,0.0,-59.875,148.125,0.52,-0.65
2024-05-01T12:00:00Z,0.0,-59.875,152.125,-0.07,-1.26
2024-05-01T12:00:00Z,0.0,-59.875,156.125,0.49,-1.23
2024-05-01T12:00:00Z,0.0,-59.875,160.125,1.5,-0.58
2024-05-01T12:00:00Z,0.0,-59.875,164.125,4.09,1.05
2024-05-01T12:00:00Z,0.0,-59.875,168.125,3.99,-0.04
2024-05-01T12:00:00Z,0.0,-59.875,172.125,3.94,-0.76
2024-05-01T12:00:00Z,0.0,-59.875,176.125,3.48,-0.82
2024-05-01T12:00:00Z,0.0,-59.875,180.125,4.43,0.49
2024-05-01T12:00:00Z,0.0,-59.875,184.125,3.36,-0.28
2024-05-01T12:00:00Z,0.0,-59.875,188.125,3.33,-0.13
2024-05-01T12:00:00Z,0.0,-59.875,192.125,3.42,0.26
2024-05-01T12:00:00Z,0.0,-59.875,196.125,2.46,-0.27
2024-05-01T12:00:00Z,0.0,-59.875,200.125,2.75,0.52
2024-05-01T12:00:00Z,0.0,-59.875,204.125,1.51,0.04
2024-05-01T12:00:00Z,0.0,-59.875,208.125,0.57,-0.12
2024-05-01T12:00:00Z,0.0,-59.875,212.125,1.42,0.77
2024-05-01T12:00:00Z,0.0,-59.875,216.125,1.86,0.92
2024-05-01T12:00:00Z,0.0,-59.875,220.125,2.08,0.8
2024-05-01T12:00:00Z,0.0,-59.875,224.125,3.0,1.47
2024-05-01T12:00:00Z,0.0,-59.875,228.125,2.59,0.54
2024-05-01T12:00:00Z,0.0,-59.875,232.125,3.31,0.79
2024-05-01T12:00:00Z,0.0,-59.875,236.125,3.17,0.2
2024-05-01T12:00:00Z,0.0,-59.875,240.125,3.59,0.55
2024-05-01T12:00:00Z,0.0,-59.875,244.125,3.32,-0.05
2024-05-01T12:00:00Z,0.0,-59.875,248.125,4.17,0.64
2024-05-01T12:00:00Z,0.0,-59.875,252.125,3.76,0.14
2024-05-01T12:00:00Z,0.0,-59.875,256.125,4.2,0.29
2024-05-01T12:00:00Z,0.0,-59.875,260.125,3.84,-0.28
2024-05-01T12:00:00Z,0.0,-59.875,264.125,2.87,-1.27
2024-05-01T12:00:00Z,0.0,-59.875,268.125,3.33,-0.82
2024-05-01T12:00:00Z,0.0,-59.875,272.125,3.64,-0.7
2024-05-01T12:00:00Z,0.0,-59.875,276.125,3.67,-0.98
2024-05-01T12:00:00Z,0.0,-59.875,280.125,4.87,0.07
2024-05-01T12:00:00Z,0.0,-59.875,284.125,4.43,-0.27
2024-05-01T12:00:00Z,0.0,-59.875,288.125,2.32,-1.84
2024-05-01T12:00:00Z,0.0,-59.875,292.125,2.55,-0.7
2024-05-01T12:00:00Z,0.0,-59.875,296.125,0.13,-1.86
2024-05-01T12:00:00Z,0.0,-59.875,300.125,0.55,-0.79
2024-05-01T12:00:00Z,0.0,-59.875,304.125,0.51,-0.45
2024-05-01T12:00:00Z,0.0,-59.875,308.125,0.35,-0.11
2024-05-01T12:00:00Z,0.0,-59.875,312.125,-0.2,-0.57
2024-05-01T12:00:00Z,0.0,-59.875,316.125,-0.44,-0.87
2024-05-01T12:00:00Z,0.0,-59.875,320.125,-0.62,-0.9
2024-05-01T12:00:00Z,0.0,-59.875,324.125,-0.31,-0.48
2024-05-01T12:00:00Z,0.0,-59.875,328.125,-0.32,-0.29
2024-05-01T12:00:00Z,0.0,-59.875,332.125,-0.25,-0.12
2024-05-01T12:00:00Z,0.0,-59.875,336.125,0.7,0.39
2024-05-01T12:00:00Z,0.0,-59.875,340.125,0.77,0.55
2024-05-01T12:00:00Z,0.0,-59.875,344.125,0.29,0.41
2024-05-01T12:00:00Z,0.0,-59.875,348.125,0.14,0.44
2024-05-01T12:00:00Z,0.0,-59.875,352.125,-0.16,0.17
2024-05-01T12:00:00Z,0.0,-59.875,356.125,0.37,0.66
2024-05-01T12:00:00Z,0.0,-55.875,0.125,1.05,0.65
2024-05-01T12:00:00Z,0.0,-55.875,4.125,1.12,0.84
2024-05-01T12:00:00Z,0.0,-55.875,8.125,0.5,0.2
2024-05-01T12:00:00Z,0.0,-55.875,12.125,1.13,0.72
2024-05-01T12:00:00Z,0.0,-55.875,16.125,1.18,0.53
2024-05-01T12:00:00Z,0.0,-55.875,20.125,1.08,0.3
2024-05-01T12:00:00Z,0.0,-55.875,24.125,1.7,0.58
2024-05-01T12:00:00Z,0.0,-55.875,28.125,2.47,0.79
2024-05-01T12:00:00Z,0.0,-55.875,32.125,1.6,-0.19
2024-05-01T12:00:00Z,0.0,-55.875,36.125,2.31,0.35
2024-05-01T12:00:00Z,0.0,-55.875,40.125,1.05,-0.73
2024-05-01T12:00:00Z,0.0,-55.875,44.125,1.74,0.21
2024-05-01T12:00:00Z,0.0,-55.875,48.125,1.91,0.11
2024-05-01T12:00:00Z,0.0,-55.875,52.125,1.97,-0.06
2024-05-01T12:00:00Z,0.0,-55.875,56.125,2.26,0.03
2024-05-01T12:00:00Z,0.0,-55.875,60.125,2.39,0.11
2024-05-01T12:00:00Z,0.0,-55.875,64.125,2.84,0.51
2024-05-01T12:00:00Z,0.0,-55.875,68.125,2.32,0.06
2024-05-01T12:00:00Z,0.0,-55.875,72.125,2.33,0.37
2024-05-01T12:00:00Z,0.0,-55.875,76.125,2.4,0.92
2024-05-01T12:00:00Z,0.0,-55.875,80.125,2.0,0.79
2024-05-01T12:00:00Z,0.0,-55.875,84.125,3.23,1.33
2024-05-01T12:00:00Z,0.0,-55.875,88.125,2.51,0.38
2024-05-01T12:00:00Z,0.0,-55.875,92.125,2.6,0.61
2024-05-01T12:00:00Z,0.0,-55.875,96.125,2.83,0.84
2024-05-01T12:00:00Z,0.0,-55.875,100.125,2.19,0.5
2024-05-01T12:00:00Z,0.0,-55.875,104.125,1.5,-0.28
2024-05-01T12:00:00Z,0.0,-55.875,108.125,2.37,0.22
2024-05-01T12:00:00Z,0.0,-55.875,112.125,2.66,0.1
2024-05-01T12:00:00Z,0.0,-55.875,116.125,2.66,-0.45
2024-05-01T12:00:00Z,0.0,-55.875,120.125,2.9,-0.33
2024-05-01T12:00:00Z,0.0,-55.875,124.125,3.24,-0.22
2024-05-01T12:00:00Z,0.0,-55.875,128.125,3.27,-0.41
2024-05-01T12:00:00Z,0.0,-55.875,132.125,4.2,0.37
2024-05-01T12:00:00Z,0.0,-55.875,136.125,2.64,-1.24
2024-05-01T12:00:00Z,0.0,-55.875,140.125,2.5,-0.99
2024-05-01T12:00:00Z,0.0,-55.875,144.125,1.81,-0.96
2024-05-01T12:00:00Z,0.0,-55.875,148.125,2.14,-1.0
2024-05-01T12:00:00Z,0.0,-55.875,152.125,3.14,-1.17
2024-05-01T12:00:00Z,0.0,-55.875,156.125,3.67,-1.15
2024-05-01T12:00:00Z,0.0,-55.875,160.125,3.34,-1.15
2024-05-01T12:00:00Z,0.0,-55.875,164.125,4.01,-2.2
2024-05-01T12:00:00Z,0.0,-55.875,168.125,8.03,0.91
2024-05-01T12:00:00Z,0.0,-55.875,172.125,5.91,-0.84
2024-05-01T12:00:00Z,0.0,-55.875,176.125,6.0,-0.42
2024-05-01T12:00:00Z,0.0,-55.875,180.125,7.24,0.35
2024-05-01T12:00:00Z,0.0,-55.875,184.125,6.58,-0.23
2024-05-01T12:00:00Z,0.0,-55.875,188.125,6.35,0.14
2024-05-01T12:00:00Z,0.0,-55.875,192.125,6.43,0.56
2024-05-01T12:00:00Z,0.0,-55.875,196.125,5.01,-0.53
2024-05-01T12:00:00Z,0.0,-55.875,200.125,4.98,-0.35
2024-05-01T12:00:00Z,0.0,-55.875,204.125,6.08,1.07
2024-05-01T12:00:00Z,0.0,-55.875,208.125,4.85,0.7
2024-05-01T12:00:00Z,0.0,-55.875,212.125,4.62,0.98
2024-05-01T12:00:00Z,0.0,-55.875,216.125,4.77,0.79
2024-05-01T12:00:00Z,0.0,-55.875,220.125,6.97,2.17
2024-05-01T12:00:00Z,0.0,-55.875,224.125,6.07,1.57
2024-05-01T12:00:00Z,0.0,-55.875,228.125,6.37,1.48
2024-05-01T12:00:00Z,0.0,-55.875,232.125,6.05,0.36
2024-05-01T12:00:00Z,0.0,-55.875,236.125,8.22,2.23
2024-05-01T12:00:00Z,0.0,-55.875,240.125,7.09,1.4
2024-05-01T12:00:00Z,0.0,-55.875,244.125,6.81,1.05
2024-05-01T12:00:00Z,0.0,-55.875,248.125,6.36,0.4
2024-05-01T12:00:00Z,0.0,-55.875,252.125,6.25,0.06
2024-05-01T12:00:00Z,0.0,-55.875,256.125,6.39,0.17
2024-05-01T12:00:00Z,0.0,-55.875,260.125,6.39,0.13
2024-05-01T12:00:00Z,0.0,-55.875,264.125,5.93,-0.28
2024-05-01T12:00:00Z,0.0,-55.875,268.125,6.31,0.04
2024-05-01T12:00:00Z,0.0,-55.875,272.125,5.95,-0.44
2024-05-01T12:00:00Z,0.0,-55.875,276.125,5.88,-0.54
2024-05-01T12:00:00Z,0.0,-55.875,280.125,5.92,-0.61
2024-05-01T12:00:00Z,0.0,-55.875,284.125,5.85,-1.0
2024-05-01T12:00:00Z,0.0,-55.875,288.125,6.76,-0.63
2024-05-01T12:00:00Z,0.0,-55.875,292.125,7.72,0.41
2024-05-01T12:00:00Z,0.0,-55.875,296.125,5.16,-0.95
2024-05-01T12:00:00Z,0.0,-55.875,300.125,5.0,-0.48
2024-05-01T12:00:00Z,0.0,-55.875,304.125,4.15,-0.67
2024-05-01T12:00:00Z,0.0,-55.875,308.125,5.36,1.18
2024-05-01T12:00:00Z,0.0,-55.875,312.125,3.17,-0.2
2024-05-01T12:00:00Z,0.0,-55.875,316.125,2.22,-0.44
2024-05-01T12:00:00Z,0.0,-55.875,320.125,1.5,-0.64
2024-05-01T12:00:00Z,0.0,-55.875,324.125,1.87,-0.12
2024-05-01T12:00:00Z,0.0,-55.875,328.125,1.59,0.35
2024-05-01T12:00:00Z,0.0,-55.875,332.125,1.03,-0.06
2024-05-01T12:00:00Z,0.0,-55.875,336.125,2.32,0.67
2024-05-01T12:00:00Z,0.0,-55.875,340.125,2.21,0.51
2024-05-01T12:00:00Z,0.0,-55.875,344.125,2.62,1.01
2024-05-01T12:00:00Z,0.0,-55.875,348.125,2.46,1.2
2024-05-01T12:00:00Z,0.0,-55.875,352.125,2.04,1.14
2024-05-01T12:00:00Z,0.0,-55.875,356.125,1.04,0.47
2024-05-01T12:00:00Z,0.0,-51.875,0.125,4.07,1.54
2024-05-01T12:00:00Z,0.0,-51.875,4.125,3.65,1.25
2024-05-01T12:00:00Z,0.0,-51.875,8.125,4.42,1.97
2024-05-01T12:00:00Z,0.0,-51.875,12.125,2.46,0.59
2024-05-01T12:00:00Z,0.0,-51.875,16.125,2.98,0.93
2024-05-01T12:00:00Z,0.0,-51.875,20.125,2.71,0.79
2024-05-01T12:00:00Z,0.0,-51.875,24.125,2.29,0.34
2024-05-01T12:00:00Z,0.0,-51.875,28.125,3.92,1.24
2024-05-01T12:00:00Z,0.0,-51.875,32.125,3.47,0.34
2024-05-01T12:00:00Z,0.0,-51.875,36.125,4.11,0.68
2024-05-01T12:00:00Z,0.0,-51.875,40.125,3.17,-0.01
2024-05-01T12:00:00Z,0.0,-51.875,44.125,3.24,0.13
2024-05-01T12:00:00Z,0.0,-51.875,48.125,3.73,0.11
2024-05-01T12:00:00Z,0.0,-51.875,52.125,4.67,0.79
2024-05-01T12:00:00Z,0.0,-51.875,56.125,3.9,0.1
2024-05-01T12:00:00Z,0.0,-51.875,60.125,4.51,0.58
2024-05-01T12:00:00Z,0.0,-51.875,64.125,4.1,0.29
2024-05-01T12:00:00Z,0.0,-51.875,68.125,3.96,0.21
2024-05-01T12:00:00Z,0.0,-51.875,72.125,3.95,0.76
2024-05-01T12:00:00Z,0.0,-51.875,76.125,3.42,0.67
2024-05-01T12:00:00Z,0.0,-51.875,80.125,2.9,0.15
2024-05-01T12:00:00Z,0.0,-51.875,84.125,4.49,0.61
2024-05-01T12:00:00Z,0.0,-51.875,88.125,6.45,1.84
2024-05-01T12:00:00Z,0.0,-51.875,92.125,6.23,1.44
2024-05-01T12:00:00Z,0.0,-51.875,96.125,4.93,0.64
2024-05-01T12:00:00Z,0.0,-51.875,100.125,4.82,0.65
2024-05-01T12:00:00Z,0.0,-51.875,104.125,4.18,0.16
2024-05-01T12:00:00Z,0.0,-51.875,108.125,3.83,0.11
2024-05-01T12:00:00Z,0.0,-51.875,112.125,3.48,-0.14
2024-05-01T12:00:00Z,0.0,-51.875,116.125,3.58,-0.76
2024-05-01T12:00:00Z,0.0,-51.875,120.125,4.3,-0.7
2024-05-01T12:00:00Z,0.0,-51.875,124.125,5.94,0.23
2024-05-01T12:00:00Z,0.0,-51.875,128.125,6.36,0.18
2024-05-01T12:00:00Z,0.0,-51.875,132.125,6.49,0.12
2024-05-01T12:00:00Z,0.0,-51.875,136.125,7.42,1.14
2024-05-01T12:00:00Z,0.0,-51.875,140.125,5.52,-0.58
2024-05-01T12:00:00Z,0.0,-51.875,144.125,6.19,-0.39
2024-05-01T12:00:00Z,0.0,-51.875,148.125,8.43,0.93
2024-05-01T12:00:00Z,0.0,-51.875,152.125,7.05,-0.56
2024-05-01T12:00:00Z,0.0,-51.875,156.125,8.17,0.09
2024-05-01T12:00:00Z,0.0,-51.875,160.125,7.64,-0.61
2024-05-01T12:00:00Z,0.0,-51.875,164.125,9.17,0.2
2024-05-01T12:00:00Z,0.0,-51.875,168.125,8.87,0.12
2024-05-01T12:00:00Z,0.0,-51.875,172.125,8.67,0.22
2024-05-01T12:00:00Z,0.0,-51.875,176.125,7.23,-0.44
2024-05-01T12:00:00Z,0.0,-51.875,180.125,9.34,0.96
2024-05-01T12:00:00Z,0.0,-51.875,184.125,8.98,-0.36
2024-05-01T12:00:00Z,0.0,-51.875,188.125,10.44,1.05
2024-05-01T12:00:00Z,0.0,-51.875,192.125,9.32,0.22
2024-05-01T12:00:00Z,0.0,-51.875,196.125,8.6,-0.54
2024-05-01T12:00:00Z,0.0,-51.875,200.125,10.72,1.57
2024-05-01T12:00:00Z,0.0,-51.875,204.125,9.3,0.3
2024-05-01T12:00:00Z,0.0,-51.875,208.125,10.63,1.66
2024-05-01T12:00:00Z,0.0,-51.875,212.125,10.35,1.5
2024-05-01T12:00:00Z,0.0,-51.875,216.125,11.21,2.48
2024-05-01T12:00:00Z,0.0,-51.875,220.125,11.05,2.56
2024-05-01T12:00:00Z,0.0,-51.875,224.125,10.57,2.24
2024-05-01T12:00:00Z,0.0,-51.875,228.125,10.13,1.84
2024-05-01T12:00:00Z,0.0,-51.875,232.125,10.08,2.08
2024-05-01T12:00:00Z,0.0,-51.875,236.125,9.05,1.41
2024-05-01T12:00:00Z,0.0,-51.875,240.125,8.17,1.05
2024-05-01T12:00:00Z,0.0,-51.875,244.125,8.08,0.76
2024-05-01T12:00:00Z,0.0,-51.875,248.125,9.22,1.39
2024-05-01T12:00:00Z,0.0,-51.875,252.125,8.59,0.77
2024-05-01T12:00:00Z,0.0,-51.875,256.125,8.41,0.72
2024-05-01T12:00:00Z,0.0,-51.875,260.125,7.76,0.14
2024-05-01T12:00:00Z,0.0,-51.875,264.125,7.55,-0.05
2024-05-01T12:00:00Z,0.0,-51.875,268.125,6.84,-0.77
2024-05-01T12:00:00Z,0.0,-51.875,272.125,6.95,-0.7
2024-05-01T12:00:00Z,0.0,-51.875,276.125,7.03,-0.77
2024-05-01T12:00:00Z,0.0,-51.875,280.125,7.13,-1.02
2024-05-01T12:00:00Z,0.0,-51.875,284.125,8.96,-0.1
2024-05-01T12:00:00Z,0.0,-51.875,288.125,NaN,NaN
2024-05-01T12:00:00Z,0.0,-51.875,292.125,7.76,-1.44
2024-05-01T12:00:00Z,0.0,-51.875,296.125,7.2,-1.0
2024-05-01T12:00:00Z,0.0,-51.875,300.125,7.12,-0.9
2024-05-01T12:00:00Z,0.0,-51.875,304.125,5.67,-0.95
2024-05-01T12:00:00Z,0.0,-51.875,308.125,5.26,-0.53
2024-05-01T12:00:00Z,0.0,-51.875,312.125,3.32,-1.73
2024-05-01T12:00:00Z,0.0,-51.875,316.125,4.22,-0.24
2024-05-01T12:00:00Z,0.0,-51.875,320.125,3.65,0.06
2024-05-01T12:00:00Z,0.0,-51.875,324.125,3.61,0.18
2024-05-01T12:00:00Z,0.0,-51.875,328.125,2.39,-0.5
2024-05-01T12:00:00Z,0.0,-51.875,332.125,2.84,-0.71
2024-05-01T12:00:00Z,0.0,-51.875,336.125,4.09,0.17
2024-05-01T12:00:00Z,0.0,-51.875,340.125,5.2,1.49
2024-05-01T12:00:00Z,0.0,-51.875,344.125,3.94,0.57
2024-05-01T12:00:00Z,0.0,-51.875,348.125,3.64,0.85
2024-05-01T12:00:00Z,0.0,-51.875,352.125,3.42,1.28
2024-05-01T12:00:00Z,0.0,-51.875,356.125,3.72,1.55
2024-05-01T12:00:00Z,0.0,-47.875,0.125,7.38,1.23
2024-05-01T12:00:00Z,0.0,-47.875,4.125,7.42,1.43
2024-05-01T12:00:00Z,0.0,-47.875,8.125,7.35,1.67
2024-05-01T12:00:00Z,0.0,-47.875,12.125,6.62,0.89
2024-05-01T12:00:00Z,0.0,-47.875,16.125,7.53,1.85
2024-05-01T12:00:00Z,0.0,-47.875,20.125,7.64,2.26
2024-05-01T12:00:00Z,0.0,-47.875,24.125,6.04,0.71
2024-05-01T12:00:00Z,0.0,-47.875,28.125,4.97,-1.11
2024-05-01T12:00:00Z,0.0,-47.875,32.125,8.36,1.64
2024-05-01T12:00:00Z,0.0,-47.875,36.125,5.84,-0.18
2024-05-01T12:00:00Z,0.0,-47.875,40.125,5.79,-0.11
2024-05-01T12:00:00Z,0.0,-47.875,44.125,5.96,-0.24
2024-05-01T12:00:00Z,0.0,-47.875,48.125,6.0,0.33
2024-05-01T12:00:00Z,0.0,-47.875,52.125,6.29,0.61
2024-05-01T12:00:00Z,0.0,-47.875,56.125,6.47,0.1
2024-05-01T12:00:00Z,0.0,-47.875,60.125,6.53,-0.16
2024-05-01T12:00:00Z,0.0,-47.875,64.125,5.66,-0.14
2024-05-01T12:00:00Z,0.0,-47.875,68.125,6.19,0.81
2024-05-01T12:00:00Z,0.0,-47.875,72.125,5.69,0.3
2024-05-01T12:00:00Z,0.0,-47.875,76.125,6.99,0.33
2024-05-01T12:00:00Z,0.0,-47.875,80.125,8.11,1.18
2024-05-01T12:00:00Z,0.0,-47.875,84.125,7.57,-0.27
2024-05-01T12:00:00Z,0.0,-47.875,88.125,9.19,0.74
2024-05-01T12:00:00Z,0.0,-47.875,92.125,8.76,0.79
2024-05-01T12:00:00Z,0.0,-47.875,96.125,7.5,0.38
2024-05-01T12:00:00Z,0.0,-47.875,100.125,7.67,0.8
2024-05-01T12:00:00Z,0.0,-47.875,104.125,7.46,0.54
2024-05-01T12:00:00Z,0.0,-47.875,108.125,8.15,0.9
2024-05-01T12:00:00Z,0.0,-47.875,112.125,8.31,0.37
2024-05-01T12:00:00Z,0.0,-47.875,116.125,9.43,1.12
2024-05-01T12:00:00Z,0.0,-47.875,120.125,9.21,0.77
2024-05-01T12:00:00Z,0.0,-47.875,124.125,9.6,0.47
2024-05-01T12:00:00Z,0.0,-47.875,128.125,10.12,0.48
2024-05-01T12:00:00Z,0.0,-47.875,132.125,10.02,0.39
2024-05-01T12:00:00Z,0.0,-47.875,136.125,10.82,1.25
2024-05-01T12:00:00Z,0.0,-47.875,140.125,11.79,1.75
2024-05-01T12:00:00Z,0.0,-47.875,144.125,9.68,-0.47
2024-05-01T12:00:00Z,0.0,-47.875,148.125,11.74,1.47
2024-05-01T12:00:00Z,0.0,-47.875,152.125,11.35,0.83
2024-05-01T12:00:00Z,0.0,-47.875,156.125,10.7,-0.01
2024-05-01T12:00:00Z,0.0,-47.875,160.125,11.54,0.85
2024-05-01T12:00:00Z,0.0,-47.875,164.125,11.89,0.46
2024-05-01T12:00:00Z,0.0,-47.875,168.125,11.9,1.0
2024-05-01T12:00:00Z,0.0,-47.875,172.125,10.22,0.11
2024-05-01T12:00:00Z,0.0,-47.875,176.125,9.32,-0.7
2024-05-01T12:00:00Z,0.0,-47.875,180.125,10.61,0.17
2024-05-01T12:00:00Z,0.0,-47.875,184.125,12.04,0.24
2024-05-01T12:00:00Z,0.0,-47.875,188.125,13.24,1.23
2024-05-01T12:00:00Z,0.0,-47.875,192.125,13.51,1.73
2024-05-01T12:00:00Z,0.0,-47.875,196.125,12.54,1.05
2024-05-01T12:00:00Z,0.0,-47.875,200.125,13.41,2.04
2024-05-01T12:00:00Z,0.0,-47.875,204.125,13.34,2.26
2024-05-01T12:00:00Z,0.0,-47.875,208.125,12.72,1.92
2024-05-01T12:00:00Z,0.0,-47.875,212.125,12.7,2.16
2024-05-01T12:00:00Z,0.0,-47.875,216.125,11.96,1.6
2024-05-01T12:00:00Z,0.0,-47.875,220.125,12.89,2.77
2024-05-01T12:00:00Z,0.0,-47.875,224.125,11.69,1.69
2024-05-01T12:00:00Z,0.0,-47.875,228.125,11.27,1.45
2024-05-01T12:00:00Z,0.0,-47.875,232.125,11.77,2.14
2024-05-01T12:00:00Z,0.0,-47.875,236.125,10.89,1.42
2024-05-01T12:00:00Z,0.0,-47.875,240.125,10.88,1.61
2024-05-01T12:00:00Z,0.0,-47.875,244.125,10.77,1.47
2024-05-01T12:00:00Z,0.0,-47.875,248.125,10.77,1.2
2024-05-01T12:00:00Z,0.0,-47.875,252.125,10.23,0.65
2024-05-01T12:00:00Z,0.0,-47.875,256.125,10.43,0.98
2024-05-01T12:00:00Z,0.0,-47.875,260.125,10.29,0.9
2024-05-01T12:00:00Z,0.0,-47.875,264.125,9.09,-0.25
2024-05-01T12:00:00Z,0.0,-47.875,268.125,8.46,-0.89
2024-05-01T12:00:00Z,0.0,-47.875,272.125,8.54,-0.91
2024-05-01T12:00:00Z,0.0,-47.875,276.125,9.02,-0.76
2024-05-01T12:00:00Z,0.0,-47.875,280.125,9.62,-0.59
2024-05-01T12:00:00Z,0.0,-47.875,284.125,10.29,-0.74
2024-05-01T12:00:00Z,0.0,-47.875,288.125,NaN,NaN
2024-05-01T12:00:00Z,0.0,-47.875,292.125,NaN,NaN
2024-05-01T12:00:00Z,0.0,-47.875,296.125,9.08,-1.46
2024-05-01T12:00:00Z,0.0,-47.875,300.125,7.2,-1.64
2024-05-01T12:00:00Z,0.0,-47.875,304.125,8.27,-1.09
2024-05-01T12:00:00Z,0.0,-47.875,308.125,11.21,0.27
2024-05-01T12:00:00Z,0.0,-47.875,312.125,11.13,-0.19
2024-05-01T12:00:00Z,0.0,-47.875,316.125,10.93,0.41
2024-05-01T12:00:00Z,0.0,-47.875,320.125,9.0,-0.69
2024-05-01T12:00:00Z,0.0,-47.875,324.125,10.04,1.2
2024-05-01T12:00:00Z,0.0,-47.875,328.125,6.32,-1.35
2024-05-01T12:00:00Z,0.0,-47.875,332.125,7.66,0.49
2024-05-01T12:00:00Z,0.0,-47.875,336.125,7.08,0.19
2024-05-01T12:00:00Z,0.0,-47.875,340.125,9.15,2.02
2024-05-01T12:00:00Z,0.0,-47.875,344.125,8.89,2.33
2024-05-01T12:00:00Z,0.0,-47.875,348.125,6.86,1.6
2024-05-01T12:00:00Z,0.0,-47.875,352.125,5.86,1.25
2024-05-01T12:00:00Z,0.0,-47.875,356.125,7.64,1.98
2024-05-01T12:00:00Z,0.0,-43.875,0.125,11.43,1.57
2024-05-01T12:00:00Z,0.0,-43.875,4.125,11.87,2.25
2024-05-01T12:00:00Z,0.0,-43.875,8.125,11.72,2.74
2024-05-01T12:00:00Z,0.0,-43.875,12.125,12.86,3.04
2024-05-01T12:00:00Z,0.0,-43.875,16.125,13.35,2.72
2024-05-01T12:00:00Z,0.0,-43.875,20.125,13.23,2.27
2024-05-01T12:00:00Z,0.0,-43.875,24.125,13.26,2.12
2024-05-01T12:00:00Z,0.0,-43.875,28.125,10.88,-0.31
2024-05-01T12:00:00Z,0.0,-43.875,32.125,11.37,0.51
2024-05-01T12:00:00Z,0.0,-43.875,36.125,10.27,0.42
2024-05-01T12:00:00Z,0.0,-43.875,40.125,10.08,0.37
2024-05-01T12:00:00Z,0.0,-43.875,44.125,8.99,0.01
2024-05-01T12:00:00Z,0.0,-43.875,48.125,9.2,1.03
2024-05-01T12:00:00Z,0.0,-43.875,52.125,9.45,0.44
2024-05-01T12:00:00Z,0.0,-43.875,56.125,12.74,1.19
2024-05-01T12:00:00Z,0.0,-43.875,60.125,11.23,-2.92
2024-05-01T12:00:00Z,0.0,-43.875,64.125,15.79,2.25
2024-05-01T12:00:00Z,0.0,-43.875,68.125,15.97,3.57
2024-05-01T12:00:00Z,0.0,-43.875,72.125,13.31,0.67
2024-05-01T12:00:00Z,0.0,-43.875,76.125,13.85,1.55
2024-05-01T12:00:00Z,0.0,-43.875,80.125,11.78,0.31
2024-05-01T12:00:00Z,0.0,-43.875,84.125,12.94,1.42
2024-05-01T12:00:00Z,0.0,-43.875,88.125,12.72,1.76
2024-05-01T12:00:00Z,0.0,-43.875,92.125,12.39,1.8
2024-05-01T12:00:00Z,0.0,-43.875,96.125,12.69,1.97
2024-05-01T12:00:00Z,0.0,-43.875,100.125,13.19,1.98
2024-05-01T12:00:00Z,0.0,-43.875,104.125,12.75,1.6
2024-05-01T12:00:00Z,0.0,-43.875,108.125,12.86,1.64
2024-05-01T12:00:00Z,0.0,-43.875,112.125,12.38,1.22
2024-05-01T12:00:00Z,0.0,-43.875,116.125,12.51,1.26
2024-05-01T12:00:00Z,0.0,-43.875,120.125,12.61,1.22
2024-05-01T12:00:00Z,0.0,-43.875,124.125,11.99,0.32
2024-05-01T12:00:00Z,0.0,-43.875,128.125,11.95,0.21
2024-05-01T12:00:00Z,0.0,-43.875,132.125,12.73,0.91
2024-05-01T12:00:00Z,0.0,-43.875,136.125,12.3,0.16
2024-05-01T12:00:00Z,0.0,-43.875,140.125,14.18,1.69
2024-05-01T12:00:00Z,0.0,-43.875,144.125,13.0,-0.3
2024-05-01T12:00:00Z,0.0,-43.875,148.125,16.69,2.43
2024-05-01T12:00:00Z,0.0,-43.875,152.125,15.55,1.44
2024-05-01T12:00:00Z,0.0,-43.875,156.125,14.8,1.14
2024-05-01T12:00:00Z,0.0,-43.875,160.125,13.84,0.17
2024-05-01T12:00:00Z,0.0,-43.875,164.125,13.65,-0.19
2024-05-01T12:00:00Z,0.0,-43.875,168.125,14.87,0.31
2024-05-01T12:00:00Z,0.0,-43.875,172.125,13.54,1.32
2024-05-01T12:00:00Z,0.0,-43.875,176.125,13.4,0.26
2024-05-01T12:00:00Z,0.0,-43.875,180.125,13.39,-0.31
2024-05-01T12:00:00Z,0.0,-43.875,184.125,14.36,0.01
2024-05-01T12:00:00Z,0.0,-43.875,188.125,15.37,1.23
2024-05-01T12:00:00Z,0.0,-43.875,192.125,15.89,2.14
2024-05-01T12:00:00Z,0.0,-43.875,196.125,15.27,1.86
2024-05-01T12:00:00Z,0.0,-43.875,200.125,14.37,1.17
2024-05-01T12:00:00Z,0.0,-43.875,204.125,14.88,1.85
2024-05-01T12:00:00Z,0.0,-43.875,208.125,15.22,2.32
2024-05-01T12:00:00Z,0.0,-43.875,212.125,14.61,1.86
2024-05-01T12:00:00Z,0.0,-43.875,216.125,14.08,1.49
2024-05-01T12:00:00Z,0.0,-43.875,220.125,14.42,1.97
2024-05-01T12:00:00Z,0.0,-43.875,224.125,13.46,1.1
2024-05-01T12:00:00Z,0.0,-43.875,228.125,13.8,1.51
2024-05-01T12:00:00Z,0.0,-43.875,232.125,13.96,1.79
2024-05-01T12:00:00Z,0.0,-43.875,236.125,13.92,1.82
2024-05-01T12:00:00Z,0.0,-43.875,240.125,13.8,1.7
2024-05-01T12:00:00Z,0.0,-43.875,244.125,13.63,1.56
2024-05-01T12:00:00Z,0.0,-43.875,248.125,12.92,0.74
2024-05-01T12:00:00Z,0.0,-43.875,252.125,12.63,0.48
2024-05-01T12:00:00Z,0.0,-43.875,256.125,12.16,0.16
2024-05-01T12:00:00Z,0.0,-43.875,260.125,11.86,-0.06
2024-05-01T12:00:00Z,0.0,-43.875,264.125,11.23,-0.64
2024-05-01T12:00:00Z,0.0,-43.875,268.125,11.54,-0.38
2024-05-01T12:00:00Z,0.0,-43.875,272.125,10.71,-1.29
2024-05-01T12:00:00Z,0.0,-43.875,276.125,11.68,-0.55
2024-05-01T12:00:00Z,0.0,-43.875,280.125,11.34,-1.23
2024-05-01T12:00:00Z,0.0,-43.875,284.125,11.48,-1.32
2024-05-01T12:00:00Z,0.0,-43.875,288.125,NaN,NaN
2024-05-01T12:00:00Z,0.0,-43.875,292.125,NaN,NaN
2024-05-01T12:00:00Z,0.0,-43.875,296.125,12.77,-1.15
2024-05-01T12:00:00Z,0.0,-43.875,300.125,8.99,-2.32
2024-05-01T12:00:00Z,0.0,-43.875,304.125,11.73,-1.13
2024-05-01T12:00:00Z,0.0,-43.875,308.125,13.71,-1.02
2024-05-01T12:00:00Z,0.0,-43.875,312.125,13.46,0.05
2024-05-01T12:00:00Z,0.0,-43.875,316.125,12.35,-0.08
2024-05-01T12:00:00Z,0.0,-43.875,320.125,11.63,-0.42
2024-05-01T12:00:00Z,0.0,-43.875,324.125,10.37,-1.26
2024-05-01T12:00:00Z,0.0,-43.875,328.125,11.64,0.0
2024-05-01T12:00:00Z,0.0,-43.875,332.125,11.79,0.1
2024-05-01T12:00:00Z,0.0,-43.875,336.125,11.74,-0.22
2024-05-01T12:00:00Z,0.0,-43.875,340.125,12.78,1.23
2024-05-01T12:00:00Z,0.0,-43.875,344.125,9.71,-0.7
2024-05-01T12:00:00Z,0.0,-43.875,348.125,12.61,2.14
2024-05-01T12:00:00Z,0.0,-43.875,352.125,12.04,1.67
2024-05-01T12:00:00Z,0.0,-43.875,356.125,11.47,1.5
2024-05-01T12:00:00Z,0.0,-39.875,0.125,15.59,2.06
2024-05-01T12:00:00Z,0.0,-39.875,4.125,15.78,2.33
2024-05-01T12:00:00Z,0.0,-39.875,8.125,16.48,2.74
2024-05-01T12:00:00Z,0.0,-39.875,12.125,16.29,0.85
2024-05-01T12:00:00Z,0.0,-39.875,16.125,20.14,2.55
2024-05-01T12:00:00Z,0.0,-39.875,20.125,22.45,3.99
2024-05-01T12:00:00Z,0.0,-39.875,24.125,20.29,2.68
2024-05-01T12:00:00Z,0.0,-39.875,28.125,16.71,-0.54
2024-05-01T12:00:00Z,0.0,-39.875,32.125,18.19,0.59
2024-05-01T12:00:00Z,0.0,-39.875,36.125,18.86,1.17
2024-05-01T12:00:00Z,0.0,-39.875,40.125,17.68,0.04
2024-05-01T12:00:00Z,0.0,-39.875,44.125,17.91,0.3
2024-05-01T12:00:00Z,0.0,-39.875,48.125,17.9,0.63
2024-05-01T12:00:00Z,0.0,-39.875,52.125,17.03,-0.23
2024-05-01T12:00:00Z,0.0,-39.875,56.125,17.01,-0.27
2024-05-01T12:00:00Z,0.0,-39.875,60.125,16.94,-0.02
2024-05-01T12:00:00Z,0.0,-39.875,64.125,16.21,-0.03
2024-05-01T12:00:00Z,0.0,-39.875,68.125,15.79,0.12
2024-05-01T12:00:00Z,0.0,-39.875,72.125,16.26,0.87
2024-05-01T12:00:00Z,0.0,-39.875,76.125,16.11,1.13
2024-05-01T12:00:00Z,0.0,-39.875,80.125,16.37,1.79
2024-05-01T12:00:00Z,0.0,-39.875,84.125,15.63,1.29
2024-05-01T12:00:00Z,0.0,-39.875,88.125,16.11,2.05
2024-05-01T12:00:00Z,0.0,-39.875,92.125,15.73,1.89
2024-05-01T12:00:00Z,0.0,-39.875,96.125,15.77,2.08
2024-05-01T12:00:00Z,0.0,-39.875,100.125,16.11,2.46
2024-05-01T12:00:00Z,0.0,-39.875,104.125,15.19,1.43
2024-05-01T12:00:00Z,0.0,-39.875,108.125,16.33,2.22
2024-05-01T12:00:00Z,0.0,-39.875,112.125,15.12,0.75
2024-05-01T12:00:00Z,0.0,-39.875,116.125,16.27,1.72
2024-05-01T12:00:00Z,0.0,-39.875,120.125,16.37,1.84
2024-05-01T12:00:00Z,0.0,-39.875,124.125,16.16,1.49
2024-05-01T12:00:00Z,0.0,-39.875,128.125,16.19,1.5
2024-05-01T12:00:00Z,0.0,-39.875,132.125,15.81,1.08
2024-05-01T12:00:00Z,0.0,-39.875,136.125,15.79,0.87
2024-05-01T12:00:00Z,0.0,-39.875,140.125,15.81,0.6
2024-05-01T12:00:00Z,0.0,-39.875,144.125,16.72,0.8
2024-05-01T12:00:00Z,0.0,-39.875,148.125,17.02,-0.09
2024-05-01T12:00:00Z,0.0,-39.875,152.125,18.77,0.84
2024-05-01T12:00:00Z,0.0,-39.875,156.125,19.03,1.74
2024-05-01T12:00:00Z,0.0,-39.875,160.125,17.94,1.2
2024-05-01T12:00:00Z,0.0,-39.875,164.125,16.62,0.15
2024-05-01T12:00:00Z,0.0,-39.875,168.125,16.97,0.47
2024-05-01T12:00:00Z,0.0,-39.875,172.125,16.84,0.05
2024-05-01T12:00:00Z,0.0,-39.875,176.125,NaN,NaN
2024-05-01T12:00:00Z,0.0,-39.875,180.125,16.91,-0.43
2024-05-01T12:00:00Z,0.0,-39.875,184.125,17.09,0.36
2024-05-01T12:00:00Z,0.0,-39.875,188.125,16.76,0.48
2024-05-01T12:00:00Z,0.0,-39.875,192.125,17.25,1.16
2024-05-01T12:00:00Z,0.0,-39.875,196.125,17.16,1.2
2024-05-01T12:00:00Z,0.0,-39.875,200.125,17.67,1.85
2024-05-01T12:00:00Z,0.0,-39.875,204.125,16.9,1.2
2024-05-01T12:00:00Z,0.0,-39.875,208.125,17.09,1.63
2024-05-01T12:00:00Z,0.0,-39.875,212.125,16.96,1.61
2024-05-01T12:00:00Z,0.0,-39.875,216.125,16.91,1.64
2024-05-01T12:00:00Z,0.0,-39.875,220.125,16.51,1.27
2024-05-01T12:00:00Z,0.0,-39.875,224.125,16.3,1.03
2024-05-01T12:00:00Z,0.0,-39.875,228.125,16.52,1.37
2024-05-01T12:00:00Z,0.0,-39.875,232.125,16.19,1.19
2024-05-01T12:00:00Z,0.0,-39.875,236.125,15.95,1.07
2024-05-01T12:00:00Z,0.0,-39.875,240.125,17.18,2.24
2024-05-01T12:00:00Z,0.0,-39.875,244.125,15.58,0.62
2024-05-01T12:00:00Z,0.0,-39.875,248.125,15.0,-0.11
2024-05-01T12:00:00Z,0.0,-39.875,252.125,15.14,0.09
2024-05-01T12:00:00Z,0.0,-39.875,256.125,14.49,-0.32
2024-05-01T12:00:00Z,0.0,-39.875,260.125,14.5,-0.27
2024-05-01T12:00:00Z,0.0,-39.875,264.125,13.36,-1.48
2024-05-01T12:00:00Z,0.0,-39.875,268.125,14.14,-0.81
2024-05-01T12:00:00Z,0.0,-39.875,272.125,14.35,-0.65
2024-05-01T12:00:00Z,0.0,-39.875,276.125,15.34,0.34
2024-05-01T12:00:00Z,0.0,-39.875,280.125,13.69,-1.43
2024-05-01T12:00:00Z,0.0,-39.875,284.125,14.33,-0.5
2024-05-01T12:00:00Z,0.0,-39.875,288.125,NaN,NaN
2024-05-01T12:00:00Z,0.0,-39.875,292.125,NaN,NaN
2024-05-01T12:00:00Z,0.0,-39.875,296.125,NaN,NaN
2024-05-01T12:00:00Z,0.0,-39.875,300.125,15.17,-0.5
2024-05-01T12:00:00Z,0.0,-39.875,304.125,8.87,-4.08
2024-05-01T12:00:00Z,0.0,-39.875,308.125,19.03,1.03
2024-05-01T12:00:00Z,0.0,-39.875,312.125,17.39,0.38
2024-05-01T12:00:00Z,0.0,-39.875,316.125,15.99,-0.62
2024-05-01T12:00:00Z,0.0,-39.875,320.125,16.91,0.34
2024-05-01T12:00:00Z,0.0,-39.875,324.125,15.39,-0.89
2024-05-01T12:00:00Z,0.0,-39.875,328.125,16.03,-0.21
2024-05-01T12:00:00Z,0.0,-39.875,332.125,16.68,0.73
2024-05-01T12:00:00Z,0.0,-39.875,336.125,15.53,0.12
2024-05-01T12:00:00Z,0.0,-39.875,340.125,15.02,0.22
2024-05-01T12:00:00Z,0.0,-39.875,344.125,14.98,0.43
2024-05-01T12:00:00Z,0.0,-39.875,348.125,14.85,0.63
2024-05-01T12:00:00Z,0.0,-39.875,352.125,15.0,1.33
2024-05-01T12:00:00Z,0.0,-39.875,356.125,14.62,1.15
2024-05-01T12:00:00Z,0.0,-35.875,0.125,19.16,1.3
2024-05-01T12:00:00Z,0.0,-35.875,4.125,19.18,1.35
2024-05-01T12:00:00Z,0.0,-35.875,8.125,19.0,1.14
2024-05-01T12:00:00Z,0.0,-35.875,12.125,19.16,0.78
2024-05-01T12:00:00Z,0.0,-35.875,16.125,21.39,2.4
2024-05-01T12:00:00Z,0.0,-35.875,20.125,18.21,-0.56
2024-05-01T12:00:00Z,0.0,-35.875,24.125,23.23,2.13
2024-05-01T12:00:00Z,0.0,-35.875,28.125,21.17,-0.29
2024-05-01T12:00:00Z,0.0,-35.875,32.125,21.0,0.18
2024-05-01T12:00:00Z,0.0,-35.875,36.125,20.38,-0.24
2024-05-01T12:00:00Z,0.0,-35.875,40.125,20.08,-0.21
2024-05-01T12:00:00Z,0.0,-35.875,44.125,18.94,-1.01
2024-05-01T12:00:00Z,0.0,-35.875,48.125,19.38,-0.26
2024-05-01T12:00:00Z,0.0,-35.875,52.125,18.84,-0.28
2024-05-01T12:00:00Z,0.0,-35.875,56.125,18.94,0.11
2024-05-01T12:00:00Z,0.0,-35.875,60.125,18.51,-0.04
2024-05-01T12:00:00Z,0.0,-35.875,64.125,18.57,0.27
2024-05-01T12:00:00Z,0.0,-35.875,68.125,18.79,0.51
2024-05-01T12:00:00Z,0.0,-35.875,72.125,18.18,0.11
2024-05-01T12:00:00Z,0.0,-35.875,76.125,18.9,1.12
2024-05-01T12:00:00Z,0.0,-35.875,80.125,18.92,1.48
2024-05-01T12:00:00Z,0.0,-35.875,84.125,18.94,1.69
2024-05-01T12:00:00Z,0.0,-35.875,88.125,18.78,1.77
2024-05-01T12:00:00Z,0.0,-35.875,92.125,17.55,0.79
2024-05-01T12:00:00Z,0.0,-35.875,96.125,18.87,2.25
2024-05-01T12:00:00Z,0.0,-35.875,100.125,18.96,2.17
2024-05-01T12:00:00Z,0.0,-35.875,104.125,18.7,1.89
2024-05-01T12:00:00Z,0.0,-35.875,108.125,19.45,2.15
2024-05-01T12:00:00Z,0.0,-35.875,112.125,20.21,1.84
2024-05-01T12:00:00Z,0.0,-35.875,116.125,19.09,0.12
2024-05-01T12:00:00Z,0.0,-35.875,120.125,18.23,-0.15
2024-05-01T12:00:00Z,0.0,-35.875,124.125,18.3,0.45
2024-05-01T12:00:00Z,0.0,-35.875,128.125,17.74,0.3
2024-05-01T12:00:00Z,0.0,-35.875,132.125,17.49,0.01
2024-05-01T12:00:00Z,0.0,-35.875,136.125,17.19,-0.38
2024-05-01T12:00:00Z,0.0,-35.875,140.125,NaN,NaN
2024-05-01T12:00:00Z,0.0,-35.875,144.125,NaN,NaN
2024-05-01T12:00:00Z,0.0,-35.875,148.125,NaN,NaN
2024-05-01T12:00:00Z,0.0,-35.875,152.125,21.14,0.2
2024-05-01T12:00:00Z,0.0,-35.875,156.125,22.36,1.71
2024-05-01T12:00:00Z,0.0,-35.875,160.125,21.49,1.59
2024-05-01T12:00:00Z,0.0,-35.875,164.125,18.84,-0.3
2024-05-01T12:00:00Z,0.0,-35.875,168.125,19.26,0.58
2024-05-01T12:00:00Z,0.0,-35.875,172.125,19.21,0.68
2024-05-01T12:00:00Z,0.0,-35.875,176.125,19.38,0.17
2024-05-01T12:00:00Z,0.0,-35.875,180.125,19.02,0.21
2024-05-01T12:00:00Z,0.0,-35.875,184.125,19.03,0.52
2024-05-01T12:00:00Z,0.0,-35.875,188.125,18.67,0.31
2024-05-01T12:00:00Z,0.0,-35.875,192.125,19.22,0.94
2024-05-01T12:00:00Z,0.0,-35.875,196.125,19.7,1.48
2024-05-01T12:00:00Z,0.0,-35.875,200.125,19.19,1.16
2024-05-01T12:00:00Z,0.0,-35.875,204.125,19.27,1.33
2024-05-01T12:00:00Z,0.0,-35.875,208.125,19.11,1.14
2024-05-01T12:00:00Z,0.0,-35.875,212.125,19.19,1.14
2024-05-01T12:00:00Z,0.0,-35.875,216.125,18.8,0.79
2024-05-01T12:00:00Z,0.0,-35.875,220.125,18.58,0.55
2024-05-01T12:00:00Z,0.0,-35.875,224.125,18.54,0.52
2024-05-01T12:00:00Z,0.0,-35.875,228.125,18.17,0.21
2024-05-01T12:00:00Z,0.0,-35.875,232.125,19.28,1.32
2024-05-01T12:00:00Z,0.0,-35.875,236.125,18.36,0.37
2024-05-01T12:00:00Z,0.0,-35.875,240.125,18.39,0.36
2024-05-01T12:00:00Z,0.0,-35.875,244.125,18.44,0.36
2024-05-01T12:00:00Z,0.0,-35.875,248.125,18.56,0.31
2024-05-01T12:00:00Z,0.0,-35.875,252.125,17.59,-0.49
2024-05-01T12:00:00Z,0.0,-35.875,256.125,17.09,-0.98
2024-05-01T12:00:00Z,0.0,-35.875,260.125,17.79,-0.23
2024-05-01T12:00:00Z,0.0,-35.875,264.125,17.95,-0.14
2024-05-01T12:00:00Z,0.0,-35.875,268.125,17.36,-0.69
2024-05-01T12:00:00Z,0.0,-35.875,272.125,17.28,-0.61
2024-05-01T12:00:00Z,0.0,-35.875,276.125,16.56,-1.1
2024-05-01T12:00:00Z,0.0,-35.875,280.125,17.2,-0.14
2024-05-01T12:00:00Z,0.0,-35.875,284.125,16.5,0.37
2024-05-01T12:00:00Z,0.0,-35.875,288.125,NaN,NaN
2024-05-01T12:00:00Z,0.0,-35.875,292.125,NaN,NaN
2024-05-01T12:00:00Z,0.0,-35.875,296.125,NaN,NaN
2024-05-01T12:00:00Z,0.0,-35.875,300.125,NaN,NaN
2024-05-01T12:00:00Z,0.0,-35.875,304.125,17.85,0.96
2024-05-01T12:00:00Z,0.0,-35.875,308.125,21.03,1.34
2024-05-01T12:00:00Z,0.0,-35.875,312.125,19.62,0.0
2024-05-01T12:00:00Z,0.0,-35.875,316.125,20.73,1.41
2024-05-01T12:00:00Z,0.0,-35.875,320.125,19.55,0.43
2024-05-01T12:00:00Z,0.0,-35.875,324.125,19.19,0.31
2024-05-01T12:00:00Z,0.0,-35.875,328.125,18.28,-0.26
2024-05-01T12:00:00Z,0.0,-35.875,332.125,18.17,-0.07
2024-05-01T12:00:00Z,0.0,-35.875,336.125,17.46,-0.62
2024-05-01T12:00:00Z,0.0,-35.875,340.125,19.3,1.17
2024-05-01T12:00:00Z,0.0,-35.875,344.125,17.74,-0.43
2024-05-01T12:00:00Z,0.0,-35.875,348.125,19.07,0.9
2024-05-01T12:00:00Z,0.0,-35.875,352.125,18.14,0.21
2024-05-01T12:00:00Z,0.0,-35.875,356.125,17.51,-0.29
2024-05-01T12:00:00Z,0.0,-31.875,0.125,20.72,0.53
2024-05-01T12:00:00Z,0.0,-31.875,4.125,20.64,0.72
2024-05-01T12:00:00Z,0.0,-31.875,8.125,19.89,0.49
2024-05-01T12:00:00Z,0.0,-31.875,12.125,19.44,0.38
2024-05-01T12:00:00Z,0.0,-31.875,16.125,18.62,1.13
2024-05-01T12:00:00Z,0.0,-31.875,20.125,NaN,NaN
2024-05-01T12:00:00Z,0.0,-31.875,24.125,NaN,NaN
2024-05-01T12:00:00Z,0.0,-31.875,28.125,NaN,NaN
2024-05-01T12:00:00Z,0.0,-31.875,32.125,24.63,1.06
2024-05-01T12:00:00Z,0.0,-31.875,36.125,24.41,1.31
2024-05-01T12:00:00Z,0.0,-31.875,40.125,22.99,0.3
2024-05-01T12:00:00Z,0.0,-31.875,44.125,22.49,0.45
2024-05-01T12:00:00Z,0.0,-31.875,48.125,21.12,-0.76
2024-05-01T12:00:00Z,0.0,-31.875,52.125,21.28,-0.25
2024-05-01T12:00:00Z,0.0,-31.875,56.125,20.96,-0.39
2024-05-01T12:00:00Z,0.0,-31.875,60.125,22.25,1.05
2024-05-01T12:00:00Z,0.0,-31.875,64.125,21.49,0.39
2024-05-01T12:00:00Z,0.0,-31.875,68.125,21.3,0.29
2024-05-01T12:00:00Z,0.0,-31.875,72.125,21.59,0.92
2024-05-01T12:00:00Z,0.0,-31.875,76.125,20.86,0.47
2024-05-01T12:00:00Z,0.0,-31.875,80.125,21.55,1.31
2024-05-01T12:00:00Z,0.0,-31.875,84.125,21.14,1.23
2024-05-01T12:00:00Z,0.0,-31.875,88.125,21.46,1.78
2024-05-01T12:00:00Z,0.0,-31.875,92.125,21.52,2.09
2024-05-01T12:00:00Z,0.0,-31.875,96.125,22.1,2.83
2024-05-01T12:00:00Z,0.0,-31.875,100.125,21.04,1.88
2024-05-01T12:00:00Z,0.0,-31.875,104.125,20.29,1.09
2024-05-01T12:00:00Z,0.0,-31.875,108.125,20.55,0.98
2024-05-01T12:00:00Z,0.0,-31.875,112.125,21.66,0.64
2024-05-01T12:00:00Z,0.0,-31.875,116.125,NaN,NaN
2024-05-01T12:00:00Z,0.0,-31.875,120.125,NaN,NaN
2024-05-01T12:00:00Z,0.0,-31.875,124.125,NaN,NaN
2024-05-01T12:00:00Z,0.0,-31.875,128.125,NaN,NaN
2024-05-01T12:00:00Z,0.0,-31.875,132.125,15.87,-3.88
2024-05-01T12:00:00Z,0.0,-31.875,136.125,NaN,NaN
2024-05-01T12:00:00Z,0.0,-31.875,140.125,NaN,NaN
2024-05-01T12:00:00Z,0.0,-31.875,144.125,NaN,NaN
2024-05-01T12:00:00Z,0.0,-31.875,148.125,NaN,NaN
2024-05-01T12:00:00Z,0.0,-31.875,152.125,NaN,NaN
2024-05-01T12:00:00Z,0.0,-31.875,156.125,24.6,1.94
2024-05-01T12:00:00Z,0.0,-31.875,160.125,23.33,1.33
2024-05-01T12:00:00Z,0.0,-31.875,164.125,22.31,0.85
2024-05-01T12:00:00Z,0.0,-31.875,168.125,22.2,1.43
2024-05-01T12:00:00Z,0.0,-31.875,172.125,21.26,0.59
2024-05-01T12:00:00Z,0.0,-31.875,176.125,21.18,0.35
2024-05-01T12:00:00Z,0.0,-31.875,180.125,21.09,0.39
2024-05-01T12:00:00Z,0.0,-31.875,184.125,21.54,0.85
2024-05-01T12:00:00Z,0.0,-31.875,188.125,21.39,0.74
2024-05-01T12:00:00Z,0.0,-31.875,192.125,21.43,0.92
2024-05-01T12:00:00Z,0.0,-31.875,196.125,21.73,1.24
2024-05-01T12:00:00Z,0.0,-31.875,200.125,21.78,1.29
2024-05-01T12:00:00Z,0.0,-31.875,204.125,21.24,0.72
2024-05-01T12:00:00Z,0.0,-31.875,208.125,21.02,0.43
2024-05-01T12:00:00Z,0.0,-31.875,212.125,21.23,0.59
2024-05-01T12:00:00Z,0.0,-31.875,216.125,20.53,-0.2
2024-05-01T12:00:00Z,0.0,-31.875,220.125,20.62,-0.18
2024-05-01T12:00:00Z,0.0,-31.875,224.125,19.94,-0.87
2024-05-01T12:00:00Z,0.0,-31.875,228.125,20.53,-0.32
2024-05-01T12:00:00Z,0.0,-31.875,232.125,20.81,-0.08
2024-05-01T12:00:00Z,0.0,-31.875,236.125,20.02,-0.92
2024-05-01T12:00:00Z,0.0,-31.875,240.125,20.06,-0.9
2024-05-01T12:00:00Z,0.0,-31.875,244.125,20.96,-0.06
2024-05-01T12:00:00Z,0.0,-31.875,248.125,20.28,-0.79
2024-05-01T12:00:00Z,0.0,-31.875,252.125,20.81,-0.17
2024-05-01T12:00:00Z,0.0,-31.875,256.125,20.32,-0.61
2024-05-01T12:00:00Z,0.0,-31.875,260.125,20.18,-0.63
2024-05-01T12:00:00Z,0.0,-31.875,264.125,20.25,-0.34
2024-05-01T12:00:00Z,0.0,-31.875,268.125,20.62,0.31
2024-05-01T12:00:00Z,0.0,-31.875,272.125,20.2,0.23
2024-05-01T12:00:00Z,0.0,-31.875,276.125,20.37,0.86
2024-05-01T12:00:00Z,0.0,-31.875,280.125,19.66,0.88
2024-05-01T12:00:00Z,0.0,-31.875,284.125,17.79,0.14
2024-05-01T12:00:00Z,0.0,-31.875,288.125,14.23,-1.88
2024-05-01T12:00:00Z,0.0,-31.875,292.125,NaN,NaN
2024-05-01T12:00:00Z,0.0,-31.875,296.125,NaN,NaN
2024-05-01T12:00:00Z,0.0,-31.875,300.125,NaN,NaN
2024-05-01T12:00:00Z,0.0,-31.875,304.125,NaN,NaN
2024-05-01T12:00:00Z,0.0,-31.875,308.125,20.85,0.18
2024-05-01T12:00:00Z,0.0,-31.875,312.125,22.54,0.34
2024-05-01T12:00:00Z,0.0,-31.875,316.125,21.97,0.43
2024-05-01T12:00:00Z,0.0,-31.875,320.125,20.72,-0.66
2024-05-01T12:00:00Z,0.0,-31.875,324.125,21.05,-0.36
2024-05-01T12:00:00Z,0.0,-31.875,328.125,20.63,-0.73
2024-05-01T12:00:00Z,0.0,-31.875,332.125,21.59,0.12
2024-05-01T12:00:00Z,0.0,-31.875,336.125,21.02,-0.38
2024-05-01T12:00:00Z,0.0,-31.875,340.125,20.96,-0.35
2024-05-01T12:00:00Z,0.0,-31.875,344.125,20.13,-1.08
2024-05-01T12:00:00Z,0.0,-31.875,348.125,21.13,0.2
2024-05-01T12:00:00Z,0.0,-31.875,352.125,20.48,-0.3
2024-05-01T12:00:00Z,0.0,-31.875,356.125,20.64,0.09
2024-05-01T12:00:00Z,0.0,-27.875,0.125,21.94,0.48
2024-05-01T12:00:00Z,0.0,-27.875,4.125,21.64,0.76
2024-05-01T12:00:00Z,0.0,-27.875,8.125,21.24,1.11
2024-05-01T12:00:00Z,0.0,-27.875,12.125,19.99,0.77
2024-05-01T12:00:00Z,0.0,-27.875,16.125,NaN,NaN
2024-05-01T12:00:00Z,0.0,-27.875,20.125,NaN,NaN
2024-05-01T12:00:00Z,0.0,-27.875,24.125,NaN,NaN
2024-05-01T12:00:00Z,0.0,-27.875,28.125,NaN,NaN
2024-05-01T12:00:00Z,0.0,-27.875,32.125,NaN,NaN
2024-05-01T12:00:00Z,0.0,-27.875,36.125,24.79,-0.04
2024-05-01T12:00:00Z,0.0,-27.875,40.125,24.86,0.27
2024-05-01T12:00:00Z,0.0,-27.875,44.125,24.92,0.4
2024-05-01T12:00:00Z,0.0,-27.875,48.125,23.64,-0.56
2024-05-01T12:00:00Z,0.0,-27.875,52.125,23.47,-0.48
2024-05-01T12:00:00Z,0.0,-27.875,56.125,24.22,0.38
2024-05-01T12:00:00Z,0.0,-27.875,60.125,23.73,0.19
2024-05-01T12:00:00Z,0.0,-27.875,64.125,24.61,1.1
2024-05-01T12:00:00Z,0.0,-27.875,68.125,23.86,0.63
2024-05-01T12:00:00Z,0.0,-27.875,72.125,23.43,0.54
2024-05-01T12:00:00Z,0.0,-27.875,76.125,23.64,0.97
2024-05-01T12:00:00Z,0.0,-27.875,80.125,24.03,1.48
2024-05-01T12:00:00Z,0.0,-27.875,84.125,23.49,1.27
2024-05-01T12:00:00Z,0.0,-27.875,88.125,23.33,1.31
2024-05-01T12:00:00Z,0.0,-27.875,92.125,22.58,0.8
2024-05-01T12:00:00Z,0.0,-27.875,96.125,22.69,1.11
2024-05-01T12:00:00Z,0.0,-27.875,100.125,22.6,1.15
2024-05-01T12:00:00Z,0.0,-27.875,104.125,22.86,1.34
2024-05-01T12:00:00Z,0.0,-27.875,108.125,24.05,2.15
2024-05-01T12:00:00Z,0.0,-27.875,112.125,25.97,2.2
2024-05-01T12:00:00Z,0.0,-27.875,116.125,NaN,NaN
2024-05-01T12:00:00Z,0.0,-27.875,120.125,NaN,NaN
2024-05-01T12:00:00Z,0.0,-27.875,124.125,NaN,NaN
2024-05-01T12:00:00Z,0.0,-27.875,128.125,NaN,NaN
2024-05-01T12:00:00Z,0.0,-27.875,132.125,NaN,NaN
2024-05-01T12:00:00Z,0.0,-27.875,136.125,NaN,NaN
2024-05-01T12:00:00Z,0.0,-27.875,140.125,NaN,NaN
2024-05-01T12:00:00Z,0.0,-27.875,144.125,NaN,NaN
2024-05-01T12:00:00Z,0.0,-27.875,148.125,NaN,NaN
2024-05-01T12:00:00Z,0.0,-27.875,152.125,NaN,NaN
2024-05-01T12:00:00Z,0.0,-27.875,156.125,24.19,0.35
2024-05-01T12:00:00Z,0.0,-27.875,160.125,24.42,1.15
2024-05-01T12:00:00Z,0.0,-27.875,164.125,24.28,1.36
2024-05-01T12:00:00Z,0.0,-27.875,168.125,22.97,0.27
2024-05-01T12:00:00Z,0.0,-27.875,172.125,23.5,0.66
2024-05-01T12:00:00Z,0.0,-27.875,176.125,23.87,0.94
2024-05-01T12:00:00Z,0.0,-27.875,180.125,23.36,0.32
2024-05-01T12:00:00Z,0.0,-27.875,184.125,23.42,0.6
2024-05-01T12:00:00Z,0.0,-27.875,188.125,23.57,0.76
2024-05-01T12:00:00Z,0.0,-27.875,192.125,23.73,0.89
2024-05-01T12:00:00Z,0.0,-27.875,196.125,23.16,0.31
2024-05-01T12:00:00Z,0.0,-27.875,200.125,23.35,0.48
2024-05-01T12:00:00Z,0.0,-27.875,204.125,23.3,0.36
2024-05-01T12:00:00Z,0.0,-27.875,208.125,23.37,0.27
2024-05-01T12:00:00Z,0.0,-27.875,212.125,22.62,-0.5
2024-05-01T12:00:00Z,0.0,-27.875,216.125,22.06,-1.12
2024-05-01T12:00:00Z,0.0,-27.875,220.125,22.34,-1.05
2024-05-01T12:00:00Z,0.0,-27.875,224.125,22.36,-1.13
2024-05-01T12:00:00Z,0.0,-27.875,228.125,22.42,-1.14
2024-05-01T12:00:00Z,0.0,-27.875,232.125,22.76,-0.82
2024-05-01T12:00:00Z,0.0,-27.875,236.125,22.8,-0.74
2024-05-01T12:00:00Z,0.0,-27.875,240.125,22.56,-0.97
2024-05-01T12:00:00Z,0.0,-27.875,244.125,22.34,-1.1
2024-05-01T12:00:00Z,0.0,-27.875,248.125,22.76,-0.54
2024-05-01T12:00:00Z,0.0,-27.875,252.125,22.5,-0.66
2024-05-01T12:00:00Z,0.0,-27.875,256.125,23.27,0.39
2024-05-01T12:00:00Z,0.0,-27.875,260.125,22.31,-0.22
2024-05-01T12:00:00Z,0.0,-27.875,264.125,22.25,0.14
2024-05-01T12:00:00Z,0.0,-27.875,268.125,21.9,0.25
2024-05-01T12:00:00Z,0.0,-27.875,272.125,21.68,0.57
2024-05-01T12:00:00Z,0.0,-27.875,276.125,20.98,0.59
2024-05-01T12:00:00Z,0.0,-27.875,280.125,19.93,0.41
2024-05-01T12:00:00Z,0.0,-27.875,284.125,18.61,0.02
2024-05-01T12:00:00Z,0.0,-27.875,288.125,17.04,-0.28
2024-05-01T12:00:00Z,0.0,-27.875,292.125,NaN,NaN
2024-05-01T12:00:00Z,0.0,-27.875,296.125,NaN,NaN
2024-05-01T12:00:00Z,0.0,-27.875,300.125,NaN,NaN
2024-05-01T12:00:00Z,0.0,-27.875,304.125,NaN,NaN
2024-05-01T12:00:00Z,0.0,-27.875,308.125,NaN,NaN
2024-05-01T12:00:00Z,0.0,-27.875,312.125,23.95,0.48
2024-05-01T12:00:00Z,0.0,-27.875,316.125,24.4,0.3
2024-05-01T12:00:00Z,0.0,-27.875,320.125,24.9,1.1
2024-05-01T12:00:00Z,0.0,-27.875,324.125,22.04,-1.59
2024-05-01T12:00:00Z,0.0,-27.875,328.125,24.4,0.74
2024-05-01T12:00:00Z,0.0,-27.875,332.125,22.88,-0.74
2024-05-01T12:00:00Z,0.0,-27.875,336.125,23.31,-0.22
2024-05-01T12:00:00Z,0.0,-27.875,340.125,22.67,-0.77
2024-05-01T12:00:00Z,0.0,-27.875,344.125,22.55,-0.68
2024-05-01T12:00:00Z,0.0,-27.875,348.125,23.21,0.34
2024-05-01T12:00:00Z,0.0,-27.875,352.125,22.29,-0.21
2024-05-01T12:00:00Z,0.0,-27.875,356.125,21.99,-0.01
2024-05-01T12:00:00Z,0.0,-23.875,0.125,22.81,0.73
2024-05-01T12:00:00Z,0.0,-23.875,4.125,22.35,0.9
2024-05-01T12:00:00Z,0.0,-23.875,8.125,21.38,0.65
2024-05-01T12:00:00Z,0.0,-23.875,12.125,19.12,0.87
2024-05-01T12:00:00Z,0.0,-23.875,16.125,NaN,NaN
2024-05-01T12:00:00Z,0.0,-23.875,20.125,NaN,NaN
2024-05-01T12:00:00Z,0.0,-23.875,24.125,NaN,NaN
2024-05-01T12:00:00Z,0.0,-23.875,28.125,NaN,NaN
2024-05-01T12:00:00Z,0.0,-23.875,32.125,NaN,NaN
2024-05-01T12:00:00Z,0.0,-23.875,36.125,28.01,1.77
2024-05-01T12:00:00Z,0.0,-23.875,40.125,26.7,0.69
2024-05-01T12:00:00Z,0.0,-23.875,44.125,NaN,NaN
2024-05-01T12:00:00Z,0.0,-23.875,48.125,27.45,1.23
2024-05-01T12:00:00Z,0.0,-23.875,52.125,26.23,0.44
2024-05-01T12:00:00Z,0.0,-23.875,56.125,26.7,1.07
2024-05-01T12:00:00Z,0.0,-23.875,60.125,26.78,1.38
2024-05-01T12:00:00Z,0.0,-23.875,64.125,25.73,0.57
2024-05-01T12:00:00Z,0.0,-23.875,68.125,25.11,0.18
2024-05-01T12:00:00Z,0.0,-23.875,72.125,25.96,1.34
2024-05-01T12:00:00Z,0.0,-23.875,76.125,25.35,0.85
2024-05-01T12:00:00Z,0.0,-23.875,80.125,25.36,1.02
2024-05-01T12:00:00Z,0.0,-23.875,84.125,24.73,0.59
2024-05-01T12:00:00Z,0.0,-23.875,88.125,25.04,1.1
2024-05-01T12:00:00Z,0.0,-23.875,92.125,24.0,0.4
2024-05-01T12:00:00Z,0.0,-23.875,96.125,23.76,0.48
2024-05-01T12:00:00Z,0.0,-23.875,100.125,24.1,0.9
2024-05-01T12:00:00Z,0.0,-23.875,104.125,24.61,1.18
2024-05-01T12:00:00Z,0.0,-23.875,108.125,26.13,1.92
2024-05-01T12:00:00Z,0.0,-23.875,112.125,27.92,2.07
2024-05-01T12:00:00Z,0.0,-23.875,116.125,NaN,NaN
2024-05-01T12:00:00Z,0.0,-23.875,120.125,NaN,NaN
2024-05-01T12:00:00Z,0.0,-23.875,124.125,NaN,NaN
2024-05-01T12:00:00Z,0.0,-23.875,128.125,NaN,NaN
2024-05-01T12:00:00Z,0.0,-23.875,132.125,NaN,NaN
2024-05-01T12:00:00Z,0.0,-23.875,136.125,NaN,NaN
2024-05-01T12:00:00Z,0.0,-23.875,140.125,NaN,NaN
2024-05-01T12:00:00Z,0.0,-23.875,144.125,NaN,NaN
2024-05-01T12:00:00Z,0.0,-23.875,148.125,NaN,NaN
2024-05-01T12:00:00Z,0.0,-23.875,152.125,25.25,0.07
2024-05-01T12:00:00Z,0.0,-23.875,156.125,26.21,1.26
2024-05-01T12:00:00Z,0.0,-23.875,160.125,25.66,1.15
2024-05-01T12:00:00Z,0.0,-23.875,164.125,24.82,0.16
2024-05-01T12:00:00Z,0.0,-23.875,168.125,25.15,0.25
2024-05-01T12:00:00Z,0.0,-23.875,172.125,25.75,0.95
2024-05-01T12:00:00Z,0.0,-23.875,176.125,25.37,0.49
2024-05-01T12:00:00Z,0.0,-23.875,180.125,25.44,0.56
2024-05-01T12:00:00Z,0.0,-23.875,184.125,25.67,0.71
2024-05-01T12:00:00Z,0.0,-23.875,188.125,26.41,1.56
2024-05-01T12:00:00Z,0.0,-23.875,192.125,26.44,1.58
2024-05-01T12:00:00Z,0.0,-23.875,196.125,25.85,0.92
2024-05-01T12:00:00Z,0.0,-23.875,200.125,26.51,1.42
2024-05-01T12:00:00Z,0.0,-23.875,204.125,25.73,0.53
2024-05-01T12:00:00Z,0.0,-23.875,208.125,25.69,0.44
2024-05-01T12:00:00Z,0.0,-23.875,212.125,24.58,-0.83
2024-05-01T12:00:00Z,0.0,-23.875,216.125,24.67,-0.9
2024-05-01T12:00:00Z,0.0,-23.875,220.125,25.03,-0.62
2024-05-01T12:00:00Z,0.0,-23.875,224.125,24.64,-1.05
2024-05-01T12:00:00Z,0.0,-23.875,228.125,25.7,0.01
2024-05-01T12:00:00Z,0.0,-23.875,232.125,25.54,-0.06
2024-05-01T12:00:00Z,0.0,-23.875,236.125,24.52,-0.95
2024-05-01T12:00:00Z,0.0,-23.875,240.125,24.78,-0.4
2024-05-01T12:00:00Z,0.0,-23.875,244.125,24.68,-0.24
2024-05-01T12:00:00Z,0.0,-23.875,248.125,24.63,-0.04
2024-05-01T12:00:00Z,0.0,-23.875,252.125,24.57,0.31
2024-05-01T12:00:00Z,0.0,-23.875,256.125,24.15,0.3
2024-05-01T12:00:00Z,0.0,-23.875,260.125,23.61,0.25
2024-05-01T12:00:00Z,0.0,-23.875,264.125,23.05,0.22
2024-05-01T12:00:00Z,0.0,-23.875,268.125,22.39,0.2
2024-05-01T12:00:00Z,0.0,-23.875,272.125,21.78,0.32
2024-05-01T12:00:00Z,0.0,-23.875,276.125,21.1,0.39
2024-05-01T12:00:00Z,0.0,-23.875,280.125,20.22,0.11
2024-05-01T12:00:00Z,0.0,-23.875,284.125,20.0,0.34
2024-05-01T12:00:00Z,0.0,-23.875,288.125,20.11,0.93
2024-05-01T12:00:00Z,0.0,-23.875,292.125,NaN,NaN
2024-05-01T12:00:00Z,0.0,-23.875,296.125,NaN,NaN
2024-05-01T12:00:00Z,0.0,-23.875,300.125,NaN,NaN
2024-05-01T12:00:00Z,0.0,-23.875,304.125,NaN,NaN
2024-05-01T12:00:00Z,0.0,-23.875,308.125,NaN,NaN
2024-05-01T12:00:00Z,0.0,-23.875,312.125,NaN,NaN
2024-05-01T12:00:00Z,0.0,-23.875,316.125,23.76,-0.9
2024-05-01T12:00:00Z,0.0,-23.875,320.125,25.8,0.02
2024-05-01T12:00:00Z,0.0,-23.875,324.125,25.99,0.22
2024-05-01T12:00:00Z,0.0,-23.875,328.125,26.26,0.59
2024-05-01T12:00:00Z,0.0,-23.875,332.125,26.19,0.65
2024-05-01T12:00:00Z,0.0,-23.875,336.125,25.3,-0.02
2024-05-01T12:00:00Z,0.0,-23.875,340.125,25.55,0.59
2024-05-01T12:00:00Z,0.0,-23.875,344.125,25.09,0.6
2024-05-01T12:00:00Z,0.0,-23.875,348.125,24.32,0.31
2024-05-01T12:00:00Z,0.0,-23.875,352.125,23.71,0.29
2024-05-01T12:00:00Z,0.0,-23.875,356.125,23.71,0.99
2024-05-01T12:00:00Z,0.0,-19.875,0.125,23.99,1.3
2024-05-01T12:00:00Z,0.0,-19.875,4.125,22.94,0.84
2024-05-01T12:00:00Z,0.0,-19.875,8.125,22.06,1.01
2024-05-01T12:00:00Z,0.0,-19.875,12.125,18.66,0.28
2024-05-01T12:00:00Z,0.0,-19.875,16.125,NaN,NaN
2024-05-01T12:00:00Z,0.0,-19.875,20.125,NaN,NaN
2024-05-01T12:00:00Z,0.0,-19.875,24.125,NaN,NaN
2024-05-01T12:00:00Z,0.0,-19.875,28.125,NaN,NaN
2024-05-01T12:00:00Z,0.0,-19.875,32.125,NaN,NaN
2024-05-01T12:00:00Z,0.0,-19.875,36.125,27.95,0.93
2024-05-01T12:00:00Z,0.0,-19.875,40.125,28.06,0.53
2024-05-01T12:00:00Z,0.0,-19.875,44.125,28.81,0.98
2024-05-01T12:00:00Z,0.0,-19.875,48.125,NaN,NaN
2024-05-01T12:00:00Z,0.0,-19.875,52.125,28.27,1.29
2024-05-01T12:00:00Z,0.0,-19.875,56.125,28.16,1.42
2024-05-01T12:00:00Z,0.0,-19.875,60.125,27.23,0.71
2024-05-01T12:00:00Z,0.0,-19.875,64.125,28.04,1.69
2024-05-01T12:00:00Z,0.0,-19.875,68.125,27.55,1.33
2024-05-01T12:00:00Z,0.0,-19.875,72.125,27.3,1.13
2024-05-01T12:00:00Z,0.0,-19.875,76.125,27.4,1.31
2024-05-01T12:00:00Z,0.0,-19.875,80.125,26.61,0.67
2024-05-01T12:00:00Z,0.0,-19.875,84.125,26.17,0.36
2024-05-01T12:00:00Z,0.0,-19.875,88.125,26.15,0.66
2024-05-01T12:00:00Z,0.0,-19.875,92.125,25.32,0.07
2024-05-01T12:00:00Z,0.0,-19.875,96.125,25.63,0.68
2024-05-01T12:00:00Z,0.0,-19.875,100.125,26.2,1.07
2024-05-01T12:00:00Z,0.0,-19.875,104.125,26.97,1.38
2024-05-01T12:00:00Z,0.0,-19.875,108.125,27.52,1.22
2024-05-01T12:00:00Z,0.0,-19.875,112.125,28.54,1.1
2024-05-01T12:00:00Z,0.0,-19.875,116.125,28.07,-0.04
2024-05-01T12:00:00Z,0.0,-19.875,120.125,26.25,-1.97
2024-05-01T12:00:00Z,0.0,-19.875,124.125,NaN,NaN
2024-05-01T12:00:00Z,0.0,-19.875,128.125,NaN,NaN
2024-05-01T12:00:00Z,0.0,-19.875,132.125,NaN,NaN
2024-05-01T12:00:00Z,0.0,-19.875,136.125,NaN,NaN
2024-05-01T12:00:00Z,0.0,-19.875,140.125,NaN,NaN
2024-05-01T12:00:00Z,0.0,-19.875,144.125,NaN,NaN
2024-05-01T12:00:00Z,0.0,-19.875,148.125,26.39,0.31
2024-05-01T12:00:00Z,0.0,-19.875,152.125,27.19,0.97
2024-05-01T12:00:00Z,0.0,-19.875,156.125,26.71,0.39
2024-05-01T12:00:00Z,0.0,-19.875,160.125,26.37,0.01
2024-05-01T12:00:00Z,0.0,-19.875,164.125,26.72,0.2
2024-05-01T12:00:00Z,0.0,-19.875,168.125,27.19,0.58
2024-05-01T12:00:00Z,0.0,-19.875,172.125,27.76,1.07
2024-05-01T12:00:00Z,0.0,-19.875,176.125,27.63,0.81
2024-05-01T12:00:00Z,0.0,-19.875,180.125,28.14,1.3
2024-05-01T12:00:00Z,0.0,-19.875,184.125,28.38,1.54
2024-05-01T12:00:00Z,0.0,-19.875,188.125,28.84,1.95
2024-05-01T12:00:00Z,0.0,-19.875,192.125,28.39,1.45
2024-05-01T12:00:00Z,0.0,-19.875,196.125,28.62,1.59
2024-05-01T12:00:00Z,0.0,-19.875,200.125,27.8,0.68
2024-05-01T12:00:00Z,0.0,-19.875,204.125,28.27,1.04
2024-05-01T12:00:00Z,0.0,-19.875,208.125,28.22,0.82
2024-05-01T12:00:00Z,0.0,-19.875,212.125,26.81,-0.66
2024-05-01T12:00:00Z,0.0,-19.875,216.125,27.24,-0.26
2024-05-01T12:00:00Z,0.0,-19.875,220.125,27.13,-0.32
2024-05-01T12:00:00Z,0.0,-19.875,224.125,27.25,-0.01
2024-05-01T12:00:00Z,0.0,-19.875,228.125,27.44,0.39
2024-05-01T12:00:00Z,0.0,-19.875,232.125,26.89,0.1
2024-05-01T12:00:00Z,0.0,-19.875,236.125,27.16,0.65
2024-05-01T12:00:00Z,0.0,-19.875,240.125,26.63,0.52
2024-05-01T12:00:00Z,0.0,-19.875,244.125,26.32,0.6
2024-05-01T12:00:00Z,0.0,-19.875,248.125,25.86,0.6
2024-05-01T12:00:00Z,0.0,-19.875,252.125,25.07,0.33
2024-05-01T12:00:00Z,0.0,-19.875,256.125,24.21,-0.03
2024-05-01T12:00:00Z,0.0,-19.875,260.125,23.47,-0.2
2024-05-01T12:00:00Z,0.0,-19.875,264.125,22.69,-0.38
2024-05-01T12:00:00Z,0.0,-19.875,268.125,22.06,-0.4
2024-05-01T12:00:00Z,0.0,-19.875,272.125,21.69,-0.23
2024-05-01T12:00:00Z,0.0,-19.875,276.125,21.21,-0.2
2024-05-01T12:00:00Z,0.0,-19.875,280.125,20.94,-0.16
2024-05-01T12:00:00Z,0.0,-19.875,284.125,21.15,-0.13
2024-05-01T12:00:00Z,0.0,-19.875,288.125,21.94,0.92
2024-05-01T12:00:00Z,0.0,-19.875,292.125,NaN,NaN
2024-05-01T12:00:00Z,0.0,-19.875,296.125,NaN,NaN
2024-05-01T12:00:00Z,0.0,-19.875,300.125,NaN,NaN
2024-05-01T12:00:00Z,0.0,-19.875,304.125,NaN,NaN
2024-05-01T12:00:00Z,0.0,-19.875,308.125,NaN,NaN
2024-05-01T12:00:00Z,0.0,-19.875,312.125,NaN,NaN
2024-05-01T12:00:00Z,0.0,-19.875,316.125,NaN,NaN
2024-05-01T12:00:00Z,0.0,-19.875,320.125,26.78,0.42
2024-05-01T12:00:00Z,0.0,-19.875,324.125,28.39,1.29
2024-05-01T12:00:00Z,0.0,-19.875,328.125,27.94,1.04
2024-05-01T12:00:00Z,0.0,-19.875,332.125,27.74,1.21
2024-05-01T12:00:00Z,0.0,-19.875,336.125,27.19,1.11
2024-05-01T12:00:00Z,0.0,-19.875,340.125,26.76,1.24
2024-05-01T12:00:00Z,0.0,-19.875,344.125,25.91,0.97
2024-05-01T12:00:00Z,0.0,-19.875,348.125,25.78,1.45
2024-05-01T12:00:00Z,0.0,-19.875,352.125,25.14,1.38
2024-05-01T12:00:00Z,0.0,-19.875,356.125,24.28,1.09
2024-05-01T12:00:00Z,0.0,-15.875,0.125,24.82,1.37
2024-05-01T12:00:00Z,0.0,-15.875,4.125,24.26,1.12
2024-05-01T12:00:00Z,0.0,-15.875,8.125,23.33,0.88
2024-05-01T12:00:00Z,0.0,-15.875,12.125,NaN,NaN
2024-05-01T12:00:00Z,0.0,-15.875,16.125,NaN,NaN
2024-05-01T12:00:00Z,0.0,-15.875,20.125,NaN,NaN
2024-05-01T12:00:00Z,0.0,-15.875,24.125,NaN,NaN
2024-05-01T12:00:00Z,0.0,-15.875,28.125,NaN,NaN
2024-05-01T12:00:00Z,0.0,-15.875,32.125,NaN,NaN
2024-05-01T12:00:00Z,0.0,-15.875,36.125,NaN,NaN
2024-05-01T12:00:00Z,0.0,-15.875,40.125,NaN,NaN
2024-05-01T12:00:00Z,0.0,-15.875,44.125,29.83,1.31
2024-05-01T12:00:00Z,0.0,-15.875,48.125,NaN,NaN
2024-05-01T12:00:00Z,0.0,-15.875,52.125,28.96,1.34
2024-05-01T12:00:00Z,0.0,-15.875,56.125,28.81,1.22
2024-05-01T12:00:00Z,0.0,-15.875,60.125,28.93,1.48
2024-05-01T12:00:00Z,0.0,-15.875,64.125,28.82,1.41
2024-05-01T12:00:00Z,0.0,-15.875,68.125,28.41,1.06
2024-05-01T12:00:00Z,0.0,-15.875,72.125,28.59,1.25
2024-05-01T12:00:00Z,0.0,-15.875,76.125,27.95,0.63
2024-05-01T12:00:00Z,0.0,-15.875,80.125,27.89,0.75
2024-05-01T12:00:00Z,0.0,-15.875,84.125,27.36,0.44
2024-05-01T12:00:00Z,0.0,-15.875,88.125,27.3,0.49
2024-05-01T12:00:00Z,0.0,-15.875,92.125,27.57,0.73
2024-05-01T12:00:00Z,0.0,-15.875,96.125,27.6,0.69
2024-05-01T12:00:00Z,0.0,-15.875,100.125,27.77,0.69
2024-05-01T12:00:00Z,0.0,-15.875,104.125,27.83,0.39
2024-05-01T12:00:00Z,0.0,-15.875,108.125,28.03,0.18
2024-05-01T12:00:00Z,0.0,-15.875,112.125,29.09,0.82
2024-05-01T12:00:00Z,0.0,-15.875,116.125,29.11,0.35
2024-05-01T12:00:00Z,0.0,-15.875,120.125,29.64,0.59
2024-05-01T12:00:00Z,0.0,-15.875,124.125,29.81,0.58
2024-05-01T12:00:00Z,0.0,-15.875,128.125,NaN,NaN
2024-05-01T12:00:00Z,0.0,-15.875,132.125,NaN,NaN
2024-05-01T12:00:00Z,0.0,-15.875,136.125,NaN,NaN
2024-05-01T12:00:00Z,0.0,-15.875,140.125,29.57,1.3
2024-05-01T12:00:00Z,0.0,-15.875,144.125,NaN,NaN
2024-05-01T12:00:00Z,0.0,-15.875,148.125,27.75,0.69
2024-05-01T12:00:00Z,0.0,-15.875,152.125,28.1,0.75
2024-05-01T12:00:00Z,0.0,-15.875,156.125,28.12,0.42
2024-05-01T12:00:00Z,0.0,-15.875,160.125,28.07,0.21
2024-05-01T12:00:00Z,0.0,-15.875,164.125,29.31,1.29
2024-05-01T12:00:00Z,0.0,-15.875,168.125,29.59,1.43
2024-05-01T12:00:00Z,0.0,-15.875,172.125,29.74,1.42
2024-05-01T12:00:00Z,0.0,-15.875,176.125,29.7,1.27
2024-05-01T12:00:00Z,0.0,-15.875,180.125,29.55,1.23
2024-05-01T12:00:00Z,0.0,-15.875,184.125,30.3,1.92
2024-05-01T12:00:00Z,0.0,-15.875,188.125,30.03,1.57
2024-05-01T12:00:00Z,0.0,-15.875,192.125,30.46,1.96
2024-05-01T12:00:00Z,0.0,-15.875,196.125,30.04,1.45
2024-05-01T12:00:00Z,0.0,-15.875,200.125,30.07,1.48
2024-05-01T12:00:00Z,0.0,-15.875,204.125,29.97,1.39
2024-05-01T12:00:00Z,0.0,-15.875,208.125,29.65,1.07
2024-05-01T12:00:00Z,0.0,-15.875,212.125,29.18,0.64
2024-05-01T12:00:00Z,0.0,-15.875,216.125,29.01,0.61
2024-05-01T12:00:00Z,0.0,-15.875,220.125,28.7,0.51
2024-05-01T12:00:00Z,0.0,-15.875,224.125,28.8,0.88
2024-05-01T12:00:00Z,0.0,-15.875,228.125,28.3,0.65
2024-05-01T12:00:00Z,0.0,-15.875,232.125,28.23,0.9
2024-05-01T12:00:00Z,0.0,-15.875,236.125,27.68,0.77
2024-05-01T12:00:00Z,0.0,-15.875,240.125,27.08,0.62
2024-05-01T12:00:00Z,0.0,-15.875,244.125,26.36,0.36
2024-05-01T12:00:00Z,0.0,-15.875,248.125,25.59,0.08
2024-05-01T12:00:00Z,0.0,-15.875,252.125,24.87,-0.15
2024-05-01T12:00:00Z,0.0,-15.875,256.125,24.32,-0.25
2024-05-01T12:00:00Z,0.0,-15.875,260.125,24.32,0.2
2024-05-01T12:00:00Z,0.0,-15.875,264.125,23.65,-0.09
2024-05-01T12:00:00Z,0.0,-15.875,268.125,23.51,0.08
2024-05-01T12:00:00Z,0.0,-15.875,272.125,23.6,0.38
2024-05-01T12:00:00Z,0.0,-15.875,276.125,22.95,0.05
2024-05-01T12:00:00Z,0.0,-15.875,280.125,22.4,0.07
2024-05-01T12:00:00Z,0.0,-15.875,284.125,20.83,0.59
2024-05-01T12:00:00Z,0.0,-15.875,288.125,NaN,NaN
2024-05-01T12:00:00Z,0.0,-15.875,292.125,NaN,NaN
2024-05-01T12:00:00Z,0.0,-15.875,296.125,NaN,NaN
2024-05-01T12:00:00Z,0.0,-15.875,300.125,NaN,NaN
2024-05-01T12:00:00Z,0.0,-15.875,304.125,NaN,NaN
2024-05-01T12:00:00Z,0.0,-15.875,308.125,NaN,NaN
2024-05-01T12:00:00Z,0.0,-15.875,312.125,NaN,NaN
2024-05-01T12:00:00Z,0.0,-15.875,316.125,NaN,NaN
2024-05-01T12:00:00Z,0.0,-15.875,320.125,NaN,NaN
2024-05-01T12:00:00Z,0.0,-15.875,324.125,29.09,1.42
2024-05-01T12:00:00Z,0.0,-15.875,328.125,28.8,1.47
2024-05-01T12:00:00Z,0.0,-15.875,332.125,28.13,1.31
2024-05-01T12:00:00Z,0.0,-15.875,336.125,28.68,2.38
2024-05-01T12:00:00Z,0.0,-15.875,340.125,27.8,2.02
2024-05-01T12:00:00Z,0.0,-15.875,344.125,27.26,1.96
2024-05-01T12:00:00Z,0.0,-15.875,348.125,26.56,1.67
2024-05-01T12:00:00Z,0.0,-15.875,352.125,26.2,1.8
2024-05-01T12:00:00Z,0.0,-15.875,356.125,25.58,1.66
2024-05-01T12:00:00Z,0.0,-11.875,0.125,26.99,1.78
2024-05-01T12:00:00Z,0.0,-11.875,4.125,27.0,1.8
2024-05-01T12:00:00Z,0.0,-11.875,8.125,26.13,0.79
2024-05-01T12:00:00Z,0.0,-11.875,12.125,29.69,3.02
2024-05-01T12:00:00Z,0.0,-11.875,16.125,NaN,NaN
2024-05-01T12:00:00Z,0.0,-11.875,20.125,NaN,NaN
2024-05-01T12:00:00Z,0.0,-11.875,24.125,NaN,NaN
2024-05-01T12:00:00Z,0.0,-11.875,28.125,NaN,NaN
2024-05-01T12:00:00Z,0.0,-11.875,32.125,NaN,NaN
2024-05-01T12:00:00Z,0.0,-11.875,36.125,NaN,NaN
2024-05-01T12:00:00Z,0.0,-11.875,40.125,NaN,NaN
2024-05-01T12:00:00Z,0.0,-11.875,44.125,29.7,1.27
2024-05-01T12:00:00Z,0.0,-11.875,48.125,30.17,1.95
2024-05-01T12:00:00Z,0.0,-11.875,52.125,29.53,1.65
2024-05-01T12:00:00Z,0.0,-11.875,56.125,29.8,1.73
2024-05-01T12:00:00Z,0.0,-11.875,60.125,29.57,1.49
2024-05-01T12:00:00Z,0.0,-11.875,64.125,29.48,1.27
2024-05-01T12:00:00Z,0.0,-11.875,68.125,29.22,1.11
2024-05-01T12:00:00Z,0.0,-11.875,72.125,29.08,0.98
2024-05-01T12:00:00Z,0.0,-11.875,76.125,28.67,0.64
2024-05-01T12:00:00Z,0.0,-11.875,80.125,28.28,0.38
2024-05-01T12:00:00Z,0.0,-11.875,84.125,27.85,0.0
2024-05-01T12:00:00Z,0.0,-11.875,88.125,28.44,0.56
2024-05-01T12:00:00Z,0.0,-11.875,92.125,28.18,0.17
2024-05-01T12:00:00Z,0.0,-11.875,96.125,28.33,0.11
2024-05-01T12:00:00Z,0.0,-11.875,100.125,28.84,0.39
2024-05-01T12:00:00Z,0.0,-11.875,104.125,28.86,0.27
2024-05-01T12:00:00Z,0.0,-11.875,108.125,28.84,0.19
2024-05-01T12:00:00Z,0.0,-11.875,112.125,29.12,0.43
2024-05-01T12:00:00Z,0.0,-11.875,116.125,29.59,0.81
2024-05-01T12:00:00Z,0.0,-11.875,120.125,29.09,0.29
2024-05-01T12:00:00Z,0.0,-11.875,124.125,29.19,0.23
2024-05-01T12:00:00Z,0.0,-11.875,128.125,29.44,0.39
2024-05-01T12:00:00Z,0.0,-11.875,132.125,29.62,0.66
2024-05-01T12:00:00Z,0.0,-11.875,136.125,28.73,0.24
2024-05-01T12:00:00Z,0.0,-11.875,140.125,29.35,0.94
2024-05-01T12:00:00Z,0.0,-11.875,144.125,28.51,1.09
2024-05-01T12:00:00Z,0.0,-11.875,148.125,28.93,1.02
2024-05-01T12:00:00Z,0.0,-11.875,152.125,28.92,0.77
2024-05-01T12:00:00Z,0.0,-11.875,156.125,29.49,0.82
2024-05-01T12:00:00Z,0.0,-11.875,160.125,29.97,1.07
2024-05-01T12:00:00Z,0.0,-11.875,164.125,30.1,1.13
2024-05-01T12:00:00Z,0.0,-11.875,168.125,30.48,1.46
2024-05-01T12:00:00Z,0.0,-11.875,172.125,30.45,1.36
2024-05-01T12:00:00Z,0.0,-11.875,176.125,30.61,1.47
2024-05-01T12:00:00Z,0.0,-11.875,180.125,30.72,1.51
2024-05-01T12:00:00Z,0.0,-11.875,184.125,30.85,1.57
2024-05-01T12:00:00Z,0.0,-11.875,188.125,31.14,1.86
2024-05-01T12:00:00Z,0.0,-11.875,192.125,30.95,1.68
2024-05-01T12:00:00Z,0.0,-11.875,196.125,31.0,1.81
2024-05-01T12:00:00Z,0.0,-11.875,200.125,30.79,1.69
2024-05-01T12:00:00Z,0.0,-11.875,204.125,30.75,1.71
2024-05-01T12:00:00Z,0.0,-11.875,208.125,30.42,1.47
2024-05-01T12:00:00Z,0.0,-11.875,212.125,30.32,1.49
2024-05-01T12:00:00Z,0.0,-11.875,216.125,29.89,1.24
2024-05-01T12:00:00Z,0.0,-11.875,220.125,29.68,1.25
2024-05-01T12:00:00Z,0.0,-11.875,224.125,29.31,1.16
2024-05-01T12:00:00Z,0.0,-11.875,228.125,28.76,0.89
2024-05-01T12:00:00Z,0.0,-11.875,232.125,28.21,0.62
2024-05-01T12:00:00Z,0.0,-11.875,236.125,27.66,0.38
2024-05-01T12:00:00Z,0.0,-11.875,240.125,27.09,0.12
2024-05-01T12:00:00Z,0.0,-11.875,244.125,26.95,0.31
2024-05-01T12:00:00Z,0.0,-11.875,248.125,26.85,0.52
2024-05-01T12:00:00Z,0.0,-11.875,252.125,26.61,0.53
2024-05-01T12:00:00Z,0.0,-11.875,256.125,26.4,0.6
2024-05-01T12:00:00Z,0.0,-11.875,260.125,26.57,1.03
2024-05-01T12:00:00Z,0.0,-11.875,264.125,26.5,1.11
2024-05-01T12:00:00Z,0.0,-11.875,268.125,25.89,0.59
2024-05-01T12:00:00Z,0.0,-11.875,272.125,26.05,0.91
2024-05-01T12:00:00Z,0.0,-11.875,276.125,25.96,1.38
2024-05-01T12:00:00Z,0.0,-11.875,280.125,23.45,0.65
2024-05-01T12:00:00Z,0.0,-11.875,284.125,NaN,NaN
2024-05-01T12:00:00Z,0.0,-11.875,288.125,NaN,NaN
2024-05-01T12:00:00Z,0.0,-11.875,292.125,NaN,NaN
2024-05-01T12:00:00Z,0.0,-11.875,296.125,NaN,NaN
2024-05-01T12:00:00Z,0.0,-11.875,300.125,NaN,NaN
2024-05-01T12:00:00Z,0.0,-11.875,304.125,NaN,NaN
2024-05-01T12:00:00Z,0.0,-11.875,308.125,NaN,NaN
2024-05-01T12:00:00Z,0.0,-11.875,312.125,NaN,NaN
2024-05-01T12:00:00Z,0.0,-11.875,316.125,NaN,NaN
2024-05-01T12:00:00Z,0.0,-11.875,320.125,NaN,NaN
2024-05-01T12:00:00Z,0.0,-11.875,324.125,29.39,1.43
2024-05-01T12:00:00Z,0.0,-11.875,328.125,29.4,1.63
2024-05-01T12:00:00Z,0.0,-11.875,332.125,29.25,1.81
2024-05-01T12:00:00Z,0.0,-11.875,336.125,29.19,2.07
2024-05-01T12:00:00Z,0.0,-11.875,340.125,28.46,1.66
2024-05-01T12:00:00Z,0.0,-11.875,344.125,28.44,1.98
2024-05-01T12:00:00Z,0.0,-11.875,348.125,28.46,2.35
2024-05-01T12:00:00Z,0.0,-11.875,352.125,27.27,1.52
2024-05-01T12:00:00Z,0.0,-11.875,356.125,26.74,1.33
2024-05-01T12:00:00Z,0.0,-7.875,0.125,28.57,1.54
2024-05-01T12:00:00Z,0.0,-7.875,4.125,28.67,1.45
2024-05-01T12:00:00Z,0.0,-7.875,8.125,29.35,1.64
2024-05-01T12:00:00Z,0.0,-7.875,12.125,29.17,1.89
2024-05-01T12:00:00Z,0.0,-7.875,16.125,NaN,NaN
2024-05-01T12:00:00Z,0.0,-7.875,20.125,NaN,NaN
2024-05-01T12:00:00Z,0.0,-7.875,24.125,NaN,NaN
2024-05-01T12:00:00Z,0.0,-7.875,28.125,NaN,NaN
2024-05-01T12:00:00Z,0.0,-7.875,32.125,NaN,NaN
2024-05-01T12:00:00Z,0.0,-7.875,36.125,NaN,NaN
2024-05-01T12:00:00Z,0.0,-7.875,40.125,29.16,0.59
2024-05-01T12:00:00Z,0.0,-7.875,44.125,30.17,1.65
2024-05-01T12:00:00Z,0.0,-7.875,48.125,29.95,1.41
2024-05-01T12:00:00Z,0.0,-7.875,52.125,30.08,1.47
2024-05-01T12:00:00Z,0.0,-7.875,56.125,29.88,1.32
2024-05-01T12:00:00Z,0.0,-7.875,60.125,29.76,1.03
2024-05-01T12:00:00Z,0.0,-7.875,64.125,29.79,0.94
2024-05-01T12:00:00Z,0.0,-7.875,68.125,29.66,0.89
2024-05-01T12:00:00Z,0.0,-7.875,72.125,29.36,0.69
2024-05-01T12:00:00Z,0.0,-7.875,76.125,28.99,0.42
2024-05-01T12:00:00Z,0.0,-7.875,80.125,28.89,0.38
2024-05-01T12:00:00Z,0.0,-7.875,84.125,29.44,0.92
2024-05-01T12:00:00Z,0.0,-7.875,88.125,29.51,0.8
2024-05-01T12:00:00Z,0.0,-7.875,92.125,29.35,0.52
2024-05-01T12:00:00Z,0.0,-7.875,96.125,29.33,0.37
2024-05-01T12:00:00Z,0.0,-7.875,100.125,28.79,-0.26
2024-05-01T12:00:00Z,0.0,-7.875,104.125,29.39,0.33
2024-05-01T12:00:00Z,0.0,-7.875,108.125,28.27,-0.76
2024-05-01T12:00:00Z,0.0,-7.875,112.125,NaN,NaN
2024-05-01T12:00:00Z,0.0,-7.875,116.125,29.78,0.86
2024-05-01T12:00:00Z,0.0,-7.875,120.125,30.11,1.24
2024-05-01T12:00:00Z,0.0,-7.875,124.125,30.16,1.11
2024-05-01T12:00:00Z,0.0,-7.875,128.125,29.43,0.6
2024-05-01T12:00:00Z,0.0,-7.875,132.125,29.9,1.14
2024-05-01T12:00:00Z,0.0,-7.875,136.125,29.86,1.15
2024-05-01T12:00:00Z,0.0,-7.875,140.125,NaN,NaN
2024-05-01T12:00:00Z,0.0,-7.875,144.125,29.74,1.49
2024-05-01T12:00:00Z,0.0,-7.875,148.125,30.57,1.57
2024-05-01T12:00:00Z,0.0,-7.875,152.125,30.09,0.98
2024-05-01T12:00:00Z,0.0,-7.875,156.125,30.27,0.86
2024-05-01T12:00:00Z,0.0,-7.875,160.125,30.52,1.09
2024-05-01T12:00:00Z,0.0,-7.875,164.125,30.62,1.18
2024-05-01T12:00:00Z,0.0,-7.875,168.125,30.67,1.19
2024-05-01T12:00:00Z,0.0,-7.875,172.125,30.93,1.46
2024-05-01T12:00:00Z,0.0,-7.875,176.125,31.08,1.61
2024-05-01T12:00:00Z,0.0,-7.875,180.125,31.23,1.72
2024-05-01T12:00:00Z,0.0,-7.875,184.125,31.29,1.78
2024-05-01T12:00:00Z,0.0,-7.875,188.125,31.28,1.82
2024-05-01T12:00:00Z,0.0,-7.875,192.125,31.23,1.87
2024-05-01T12:00:00Z,0.0,-7.875,196.125,31.02,1.76
2024-05-01T12:00:00Z,0.0,-7.875,200.125,30.99,1.84
2024-05-01T12:00:00Z,0.0,-7.875,204.125,30.78,1.75
2024-05-01T12:00:00Z,0.0,-7.875,208.125,30.38,1.51
2024-05-01T12:00:00Z,0.0,-7.875,212.125,29.97,1.23
2024-05-01T12:00:00Z,0.0,-7.875,216.125,29.79,1.23
2024-05-01T12:00:00Z,0.0,-7.875,220.125,29.49,1.09
2024-05-01T12:00:00Z,0.0,-7.875,224.125,29.15,0.99
2024-05-01T12:00:00Z,0.0,-7.875,228.125,29.02,1.06
2024-05-01T12:00:00Z,0.0,-7.875,232.125,28.78,0.98
2024-05-01T12:00:00Z,0.0,-7.875,236.125,28.69,1.03
2024-05-01T12:00:00Z,0.0,-7.875,240.125,28.56,1.06
2024-05-01T12:00:00Z,0.0,-7.875,244.125,28.56,1.24
2024-05-01T12:00:00Z,0.0,-7.875,248.125,28.34,1.2
2024-05-01T12:00:00Z,0.0,-7.875,252.125,28.3,1.31
2024-05-01T12:00:00Z,0.0,-7.875,256.125,28.44,1.6
2024-05-01T12:00:00Z,0.0,-7.875,260.125,28.45,1.66
2024-05-01T12:00:00Z,0.0,-7.875,264.125,28.42,1.68
2024-05-01T12:00:00Z,0.0,-7.875,268.125,28.49,1.81
2024-05-01T12:00:00Z,0.0,-7.875,272.125,27.95,1.53
2024-05-01T12:00:00Z,0.0,-7.875,276.125,26.98,1.91
2024-05-01T12:00:00Z,0.0,-7.875,280.125,19.86,-1.23
2024-05-01T12:00:00Z,0.0,-7.875,284.125,NaN,NaN
2024-05-01T12:00:00Z,0.0,-7.875,288.125,NaN,NaN
2024-05-01T12:00:00Z,0.0,-7.875,292.125,NaN,NaN
2024-05-01T12:00:00Z,0.0,-7.875,296.125,NaN,NaN
2024-05-01T12:00:00Z,0.0,-7.875,300.125,NaN,NaN
2024-05-01T12:00:00Z,0.0,-7.875,304.125,NaN,NaN
2024-05-01T12:00:00Z,0.0,-7.875,308.125,NaN,NaN
2024-05-01T12:00:00Z,0.0,-7.875,312.125,NaN,NaN
2024-05-01T12:00:00Z,0.0,-7.875,316.125,NaN,NaN
2024-05-01T12:00:00Z,0.0,-7.875,320.125,NaN,NaN
2024-05-01T12:00:00Z,0.0,-7.875,324.125,NaN,NaN
2024-05-01T12:00:00Z,0.0,-7.875,328.125,29.87,1.59
2024-05-01T12:00:00Z,0.0,-7.875,332.125,29.75,1.59
2024-05-01T12:00:00Z,0.0,-7.875,336.125,29.59,1.59
2024-05-01T12:00:00Z,0.0,-7.875,340.125,29.8,1.98
2024-05-01T12:00:00Z,0.0,-7.875,344.125,29.26,1.62
2024-05-01T12:00:00Z,0.0,-7.875,348.125,29.23,1.78
2024-05-01T12:00:00Z,0.0,-7.875,352.125,29.14,1.81
2024-05-01T12:00:00Z,0.0,-7.875,356.125,28.97,1.79
2024-05-01T12:00:00Z,0.0,-3.875,0.125,29.83,2.04
2024-05-01T12:00:00Z,0.0,-3.875,4.125,29.67,1.82
2024-05-01T12:00:00Z,0.0,-3.875,8.125,29.2,1.64
2024-05-01T12:00:00Z,0.0,-3.875,12.125,NaN,NaN
2024-05-01T12:00:00Z,0.0,-3.875,16.125,NaN,NaN
2024-05-01T12:00:00Z,0.0,-3.875,20.125,NaN,NaN
2024-05-01T12:00:00Z,0.0,-3.875,24.125,NaN,NaN
2024-05-01T12:00:00Z,0.0,-3.875,28.125,NaN,NaN
2024-05-01T12:00:00Z,0.0,-3.875,32.125,NaN,NaN
2024-05-01T12:00:00Z,0.0,-3.875,36.125,NaN,NaN
2024-05-01T12:00:00Z,0.0,-3.875,40.125,29.04,0.36
2024-05-01T12:00:00Z,0.0,-3.875,44.125,30.49,1.77
2024-05-01T12:00:00Z,0.0,-3.875,48.125,31.31,2.17
2024-05-01T12:00:00Z,0.0,-3.875,52.125,31.19,1.81
2024-05-01T12:00:00Z,0.0,-3.875,56.125,30.67,1.32
2024-05-01T12:00:00Z,0.0,-3.875,60.125,30.44,1.03
2024-05-01T12:00:00Z,0.0,-3.875,64.125,30.02,0.53
2024-05-01T12:00:00Z,0.0,-3.875,68.125,30.18,0.81
2024-05-01T12:00:00Z,0.0,-3.875,72.125,30.0,0.75
2024-05-01T12:00:00Z,0.0,-3.875,76.125,29.91,0.72
2024-05-01T12:00:00Z,0.0,-3.875,80.125,30.17,1.01
2024-05-01T12:00:00Z,0.0,-3.875,84.125,30.26,1.05
2024-05-01T12:00:00Z,0.0,-3.875,88.125,30.35,1.04
2024-05-01T12:00:00Z,0.0,-3.875,92.125,30.58,1.23
2024-05-01T12:00:00Z,0.0,-3.875,96.125,30.43,1.04
2024-05-01T12:00:00Z,0.0,-3.875,100.125,30.47,0.95
2024-05-01T12:00:00Z,0.0,-3.875,104.125,NaN,NaN
2024-05-01T12:00:00Z,0.0,-3.875,108.125,30.85,1.23
2024-05-01T12:00:00Z,0.0,-3.875,112.125,30.24,0.7
2024-05-01T12:00:00Z,0.0,-3.875,116.125,30.45,0.95
2024-05-01T12:00:00Z,0.0,-3.875,120.125,NaN,NaN
2024-05-01T12:00:00Z,0.0,-3.875,124.125,30.42,1.15
2024-05-01T12:00:00Z,0.0,-3.875,128.125,29.96,0.86
2024-05-01T12:00:00Z,0.0,-3.875,132.125,30.12,0.91
2024-05-01T12:00:00Z,0.0,-3.875,136.125,NaN,NaN
2024-05-01T12:00:00Z,0.0,-3.875,140.125,NaN,NaN
2024-05-01T12:00:00Z,0.0,-3.875,144.125,NaN,NaN
2024-05-01T12:00:00Z,0.0,-3.875,148.125,31.37,1.9
2024-05-01T12:00:00Z,0.0,-3.875,152.125,30.52,0.87
2024-05-01T12:00:00Z,0.0,-3.875,156.125,30.88,1.35
2024-05-01T12:00:00Z,0.0,-3.875,160.125,30.87,1.32
2024-05-01T12:00:00Z,0.0,-3.875,164.125,30.59,1.1
2024-05-01T12:00:00Z,0.0,-3.875,168.125,30.55,1.1
2024-05-01T12:00:00Z,0.0,-3.875,172.125,30.69,1.35
2024-05-01T12:00:00Z,0.0,-3.875,176.125,30.87,1.55
2024-05-01T12:00:00Z,0.0,-3.875,180.125,30.23,0.96
2024-05-01T12:00:00Z,0.0,-3.875,184.125,30.76,1.61
2024-05-01T12:00:00Z,0.0,-3.875,188.125,30.39,1.36
2024-05-01T12:00:00Z,0.0,-3.875,192.125,30.07,1.14
2024-05-01T12:00:00Z,0.0,-3.875,196.125,30.07,1.27
2024-05-01T12:00:00Z,0.0,-3.875,200.125,29.9,1.26
2024-05-01T12:00:00Z,0.0,-3.875,204.125,29.91,1.35
2024-05-01T12:00:00Z,0.0,-3.875,208.125,29.76,1.33
2024-05-01T12:00:00Z,0.0,-3.875,212.125,29.19,0.87
2024-05-01T12:00:00Z,0.0,-3.875,216.125,29.31,1.06
2024-05-01T12:00:00Z,0.0,-3.875,220.125,29.08,0.92
2024-05-01T12:00:00Z,0.0,-3.875,224.125,29.05,1.01
2024-05-01T12:00:00Z,0.0,-3.875,228.125,28.93,0.94
2024-05-01T12:00:00Z,0.0,-3.875,232.125,28.93,1.13
2024-05-01T12:00:00Z,0.0,-3.875,236.125,28.7,1.03
2024-05-01T12:00:00Z,0.0,-3.875,240.125,28.38,0.86
2024-05-01T12:00:00Z,0.0,-3.875,244.125,28.08,0.77
2024-05-01T12:00:00Z,0.0,-3.875,248.125,27.89,0.76
2024-05-01T12:00:00Z,0.0,-3.875,252.125,27.96,1.04
2024-05-01T12:00:00Z,0.0,-3.875,256.125,27.94,1.2
2024-05-01T12:00:00Z,0.0,-3.875,260.125,28.21,1.55
2024-05-01T12:00:00Z,0.0,-3.875,264.125,27.82,1.18
2024-05-01T12:00:00Z,0.0,-3.875,268.125,28.31,1.83
2024-05-01T12:00:00Z,0.0,-3.875,272.125,26.92,0.76
2024-05-01T12:00:00Z,0.0,-3.875,276.125,22.77,-0.73
2024-05-01T12:00:00Z,0.0,-3.875,280.125,NaN,NaN
2024-05-01T12:00:00Z,0.0,-3.875,284.125,NaN,NaN
2024-05-01T12:00:00Z,0.0,-3.875,288.125,NaN,NaN
2024-05-01T12:00:00Z,0.0,-3.875,292.125,NaN,NaN
2024-05-01T12:00:00Z,0.0,-3.875,296.125,NaN,NaN
2024-05-01T12:00:00Z,0.0,-3.875,300.125,NaN,NaN
2024-05-01T12:00:00Z,0.0,-3.875,304.125,NaN,NaN
2024-05-01T12:00:00Z,0.0,-3.875,308.125,NaN,NaN
2024-05-01T12:00:00Z,0.0,-3.875,312.125,NaN,NaN
2024-05-01T12:00:00Z,0.0,-3.875,316.125,NaN,NaN
2024-05-01T12:00:00Z,0.0,-3.875,320.125,NaN,NaN
2024-05-01T12:00:00Z,0.0,-3.875,324.125,29.82,1.51
2024-05-01T12:00:00Z,0.0,-3.875,328.125,29.83,1.44
2024-05-01T12:00:00Z,0.0,-3.875,332.125,30.0,1.64
2024-05-01T12:00:00Z,0.0,-3.875,336.125,29.94,1.71
2024-05-01T12:00:00Z,0.0,-3.875,340.125,29.78,1.72
2024-05-01T12:00:00Z,0.0,-3.875,344.125,29.08,1.15
2024-05-01T12:00:00Z,0.0,-3.875,348.125,29.4,1.52
2024-05-01T12:00:00Z,0.0,-3.875,352.125,29.58,1.71
2024-05-01T12:00:00Z,0.0,-3.875,356.125,29.4,1.59
2024-05-01T12:00:00Z,0.0,0.125,0.125,30.31,1.75
2024-05-01T12:00:00Z,0.0,0.125,4.125,29.99,1.55
2024-05-01T12:00:00Z,0.0,0.125,8.125,30.16,2.01
2024-05-01T12:00:00Z,0.0,0.125,12.125,NaN,NaN
2024-05-01T12:00:00Z,0.0,0.125,16.125,NaN,NaN
2024-05-01T12:00:00Z,0.0,0.125,20.125,NaN,NaN
2024-05-01T12:00:00Z,0.0,0.125,24.125,NaN,NaN
2024-05-01T12:00:00Z,0.0,0.125,28.125,NaN,NaN
2024-05-01T12:00:00Z,0.0,0.125,32.125,NaN,NaN
2024-05-01T12:00:00Z,0.0,0.125,36.125,NaN,NaN
2024-05-01T12:00:00Z,0.0,0.125,40.125,NaN,NaN
2024-05-01T12:00:00Z,0.0,0.125,44.125,30.08,1.49
2024-05-01T12:00:00Z,0.0,0.125,48.125,30.86,1.82
2024-05-01T12:00:00Z,0.0,0.125,52.125,31.2,1.62
2024-05-01T12:00:00Z,0.0,0.125,56.125,31.35,1.62
2024-05-01T12:00:00Z,0.0,0.125,60.125,30.78,1.02
2024-05-01T12:00:00Z,0.0,0.125,64.125,30.33,0.61
2024-05-01T12:00:00Z,0.0,0.125,68.125,30.09,0.43
2024-05-01T12:00:00Z,0.0,0.125,72.125,30.24,0.65
2024-05-01T12:00:00Z,0.0,0.125,76.125,30.39,0.88
2024-05-01T12:00:00Z,0.0,0.125,80.125,30.38,0.92
2024-05-01T12:00:00Z,0.0,0.125,84.125,30.51,1.09
2024-05-01T12:00:00Z,0.0,0.125,88.125,30.63,1.19
2024-05-01T12:00:00Z,0.0,0.125,92.125,30.83,1.3
2024-05-01T12:00:00Z,0.0,0.125,96.125,30.45,0.94
2024-05-01T12:00:00Z,0.0,0.125,100.125,NaN,NaN
2024-05-01T12:00:00Z,0.0,0.125,104.125,30.96,1.25
2024-05-01T12:00:00Z,0.0,0.125,108.125,31.04,1.43
2024-05-01T12:00:00Z,0.0,0.125,112.125,NaN,NaN
2024-05-01T12:00:00Z,0.0,0.125,116.125,NaN,NaN
2024-05-01T12:00:00Z,0.0,0.125,120.125,30.59,1.27
2024-05-01T12:00:00Z,0.0,0.125,124.125,30.17,0.77
2024-05-01T12:00:00Z,0.0,0.125,128.125,30.37,1.06
2024-05-01T12:00:00Z,0.0,0.125,132.125,30.42,1.11
2024-05-01T12:00:00Z,0.0,0.125,136.125,30.73,1.43
2024-05-01T12:00:00Z,0.0,0.125,140.125,31.61,2.24
2024-05-01T12:00:00Z,0.0,0.125,144.125,31.01,1.59
2024-05-01T12:00:00Z,0.0,0.125,148.125,30.72,1.25
2024-05-01T12:00:00Z,0.0,0.125,152.125,30.44,1.0
2024-05-01T12:00:00Z,0.0,0.125,156.125,30.51,1.15
2024-05-01T12:00:00Z,0.0,0.125,160.125,29.71,0.51
2024-05-01T12:00:00Z,0.0,0.125,164.125,29.29,0.31
2024-05-01T12:00:00Z,0.0,0.125,168.125,29.22,0.43
2024-05-01T12:00:00Z,0.0,0.125,172.125,29.15,0.56
2024-05-01T12:00:00Z,0.0,0.125,176.125,29.4,0.83
2024-05-01T12:00:00Z,0.0,0.125,180.125,29.09,0.66
2024-05-01T12:00:00Z,0.0,0.125,184.125,29.2,0.98
2024-05-01T12:00:00Z,0.0,0.125,188.125,29.15,1.1
2024-05-01T12:00:00Z,0.0,0.125,192.125,28.73,0.81
2024-05-01T12:00:00Z,0.0,0.125,196.125,28.43,0.67
2024-05-01T12:00:00Z,0.0,0.125,200.125,28.24,0.69
2024-05-01T12:00:00Z,0.0,0.125,204.125,28.57,1.1
2024-05-01T12:00:00Z,0.0,0.125,208.125,27.72,0.44
2024-05-01T12:00:00Z,0.0,0.125,212.125,27.47,0.34
2024-05-01T12:00:00Z,0.0,0.125,216.125,27.33,0.29
2024-05-01T12:00:00Z,0.0,0.125,220.125,27.15,0.2
2024-05-01T12:00:00Z,0.0,0.125,224.125,26.88,0.01
2024-05-01T12:00:00Z,0.0,0.125,228.125,26.2,-0.56
2024-05-01T12:00:00Z,0.0,0.125,232.125,25.98,-0.7
2024-05-01T12:00:00Z,0.0,0.125,236.125,25.16,-1.33
2024-05-01T12:00:00Z,0.0,0.125,240.125,24.38,-1.94
2024-05-01T12:00:00Z,0.0,0.125,244.125,24.22,-2.01
2024-05-01T12:00:00Z,0.0,0.125,248.125,24.89,-1.19
2024-05-01T12:00:00Z,0.0,0.125,252.125,25.78,-0.22
2024-05-01T12:00:00Z,0.0,0.125,256.125,25.72,-0.3
2024-05-01T12:00:00Z,0.0,0.125,260.125,25.89,-0.18
2024-05-01T12:00:00Z,0.0,0.125,264.125,26.31,0.34
2024-05-01T12:00:00Z,0.0,0.125,268.125,23.42,-1.94
2024-05-01T12:00:00Z,0.0,0.125,272.125,23.66,-1.42
2024-05-01T12:00:00Z,0.0,0.125,276.125,25.69,0.88
2024-05-01T12:00:00Z,0.0,0.125,280.125,NaN,NaN
2024-05-01T12:00:00Z,0.0,0.125,284.125,NaN,NaN
2024-05-01T12:00:00Z,0.0,0.125,288.125,NaN,NaN
2024-05-01T12:00:00Z,0.0,0.125,292.125,NaN,NaN
2024-05-01T12:00:00Z,0.0,0.125,296.125,NaN,NaN
2024-05-01T12:00:00Z,0.0,0.125,300.125,NaN,NaN
2024-05-01T12:00:00Z,0.0,0.125,304.125,NaN,NaN
2024-05-01T12:00:00Z,0.0,0.125,308.125,NaN,NaN
2024-05-01T12:00:00Z,0.0,0.125,312.125,29.71,1.49
2024-05-01T12:00:00Z,0.0,0.125,316.125,29.64,1.45
2024-05-01T12:00:00Z,0.0,0.125,320.125,29.32,1.32
2024-05-01T12:00:00Z,0.0,0.125,324.125,29.61,1.66
2024-05-01T12:00:00Z,0.0,0.125,328.125,29.63,1.63
2024-05-01T12:00:00Z,0.0,0.125,332.125,29.96,1.91
2024-05-01T12:00:00Z,0.0,0.125,336.125,29.77,1.77
2024-05-01T12:00:00Z,0.0,0.125,340.125,29.76,1.84
2024-05-01T12:00:00Z,0.0,0.125,344.125,29.61,1.71
2024-05-01T12:00:00Z,0.0,0.125,348.125,29.67,1.78
2024-05-01T12:00:00Z,0.0,0.125,352.125,29.73,1.69
2024-05-01T12:00:00Z,0.0,0.125,356.125,30.36,2.06
2024-05-01T12:00:00Z,0.0,4.125,0.125,30.95,1.83
2024-05-01T12:00:00Z,0.0,4.125,4.125,30.96,1.77
2024-05-01T12:00:00Z,0.0,4.125,8.125,30.93,1.87
2024-05-01T12:00:00Z,0.0,4.125,12.125,NaN,NaN
2024-05-01T12:00:00Z,0.0,4.125,16.125,NaN,NaN
2024-05-01T12:00:00Z,0.0,4.125,20.125,NaN,NaN
2024-05-01T12:00:00Z,0.0,4.125,24.125,NaN,NaN
2024-05-01T12:00:00Z,0.0,4.125,28.125,NaN,NaN
2024-05-01T12:00:00Z,0.0,4.125,32.125,NaN,NaN
2024-05-01T12:00:00Z,0.0,4.125,36.125,NaN,NaN
2024-05-01T12:00:00Z,0.0,4.125,40.125,NaN,NaN
2024-05-01T12:00:00Z,0.0,4.125,44.125,NaN,NaN
2024-05-01T12:00:00Z,0.0,4.125,48.125,30.41,1.37
2024-05-01T12:00:00Z,0.0,4.125,52.125,31.07,1.42
2024-05-01T12:00:00Z,0.0,4.125,56.125,31.01,1.18
2024-05-01T12:00:00Z,0.0,4.125,60.125,30.62,0.78
2024-05-01T12:00:00Z,0.0,4.125,64.125,30.43,0.62
2024-05-01T12:00:00Z,0.0,4.125,68.125,30.24,0.48
2024-05-01T12:00:00Z,0.0,4.125,72.125,30.61,0.96
2024-05-01T12:00:00Z,0.0,4.125,76.125,31.12,1.52
2024-05-01T12:00:00Z,0.0,4.125,80.125,31.03,1.61
2024-05-01T12:00:00Z,0.0,4.125,84.125,31.06,1.61
2024-05-01T12:00:00Z,0.0,4.125,88.125,30.57,1.05
2024-05-01T12:00:00Z,0.0,4.125,92.125,31.65,2.12
2024-05-01T12:00:00Z,0.0,4.125,96.125,30.69,1.13
2024-05-01T12:00:00Z,0.0,4.125,100.125,31.41,1.54
2024-05-01T12:00:00Z,0.0,4.125,104.125,31.35,1.82
2024-05-01T12:00:00Z,0.0,4.125,108.125,30.74,1.27
2024-05-01T12:00:00Z,0.0,4.125,112.125,30.2,0.72
2024-05-01T12:00:00Z,0.0,4.125,116.125,NaN,NaN
2024-05-01T12:00:00Z,0.0,4.125,120.125,29.84,0.6
2024-05-01T12:00:00Z,0.0,4.125,124.125,29.47,0.44
2024-05-01T12:00:00Z,0.0,4.125,128.125,29.97,0.89
2024-05-01T12:00:00Z,0.0,4.125,132.125,30.47,1.24
2024-05-01T12:00:00Z,0.0,4.125,136.125,30.39,1.12
2024-05-01T12:00:00Z,0.0,4.125,140.125,30.46,1.14
2024-05-01T12:00:00Z,0.0,4.125,144.125,30.26,0.93
2024-05-01T12:00:00Z,0.0,4.125,148.125,30.66,1.31
2024-05-01T12:00:00Z,0.0,4.125,152.125,29.98,0.61
2024-05-01T12:00:00Z,0.0,4.125,156.125,29.84,0.56
2024-05-01T12:00:00Z,0.0,4.125,160.125,29.53,0.36
2024-05-01T12:00:00Z,0.0,4.125,164.125,29.43,0.37
2024-05-01T12:00:00Z,0.0,4.125,168.125,29.14,0.18
2024-05-01T12:00:00Z,0.0,4.125,172.125,29.54,0.77
2024-05-01T12:00:00Z,0.0,4.125,176.125,29.48,0.77
2024-05-01T12:00:00Z,0.0,4.125,180.125,29.04,0.43
2024-05-01T12:00:00Z,0.0,4.125,184.125,29.34,0.83
2024-05-01T12:00:00Z,0.0,4.125,188.125,28.9,0.52
2024-05-01T12:00:00Z,0.0,4.125,192.125,28.73,0.49
2024-05-01T12:00:00Z,0.0,4.125,196.125,28.51,0.37
2024-05-01T12:00:00Z,0.0,4.125,200.125,28.55,0.53
2024-05-01T12:00:00Z,0.0,4.125,204.125,28.63,0.74
2024-05-01T12:00:00Z,0.0,4.125,208.125,28.62,0.83
2024-05-01T12:00:00Z,0.0,4.125,212.125,28.67,0.87
2024-05-01T12:00:00Z,0.0,4.125,216.125,29.12,1.31
2024-05-01T12:00:00Z,0.0,4.125,220.125,28.91,1.05
2024-05-01T12:00:00Z,0.0,4.125,224.125,28.6,0.67
2024-05-01T12:00:00Z,0.0,4.125,228.125,29.03,1.03
2024-05-01T12:00:00Z,0.0,4.125,232.125,28.84,0.68
2024-05-01T12:00:00Z,0.0,4.125,236.125,29.19,1.0
2024-05-01T12:00:00Z,0.0,4.125,240.125,29.08,0.81
2024-05-01T12:00:00Z,0.0,4.125,244.125,28.58,0.24
2024-05-01T12:00:00Z,0.0,4.125,248.125,28.9,0.53
2024-05-01T12:00:00Z,0.0,4.125,252.125,29.4,1.1
2024-05-01T12:00:00Z,0.0,4.125,256.125,29.35,0.99
2024-05-01T12:00:00Z,0.0,4.125,260.125,29.45,1.02
2024-05-01T12:00:00Z,0.0,4.125,264.125,29.16,0.72
2024-05-01T12:00:00Z,0.0,4.125,268.125,29.67,1.13
2024-05-01T12:00:00Z,0.0,4.125,272.125,27.87,-0.69
2024-05-01T12:00:00Z,0.0,4.125,276.125,29.63,1.27
2024-05-01T12:00:00Z,0.0,4.125,280.125,27.44,0.06
2024-05-01T12:00:00Z,0.0,4.125,284.125,NaN,NaN
2024-05-01T12:00:00Z,0.0,4.125,288.125,NaN,NaN
2024-05-01T12:00:00Z,0.0,4.125,292.125,NaN,NaN
2024-05-01T12:00:00Z,0.0,4.125,296.125,NaN,NaN
2024-05-01T12:00:00Z,0.0,4.125,300.125,NaN,NaN
2024-05-01T12:00:00Z,0.0,4.125,304.125,NaN,NaN
2024-05-01T12:00:00Z,0.0,4.125,308.125,NaN,NaN
2024-05-01T12:00:00Z,0.0,4.125,312.125,28.76,1.02
2024-05-01T12:00:00Z,0.0,4.125,316.125,28.65,1.24
2024-05-01T12:00:00Z,0.0,4.125,320.125,28.76,1.3
2024-05-01T12:00:00Z,0.0,4.125,324.125,28.85,1.29
2024-05-01T12:00:00Z,0.0,4.125,328.125,29.15,1.39
2024-05-01T12:00:00Z,0.0,4.125,332.125,29.31,1.2
2024-05-01T12:00:00Z,0.0,4.125,336.125,29.91,1.5
2024-05-01T12:00:00Z,0.0,4.125,340.125,30.04,1.25
2024-05-01T12:00:00Z,0.0,4.125,344.125,30.49,1.35
2024-05-01T12:00:00Z,0.0,4.125,348.125,30.92,1.7
2024-05-01T12:00:00Z,0.0,4.125,352.125,30.6,1.55
2024-05-01T12:00:00Z,0.0,4.125,356.125,30.83,1.8
2024-05-01T12:00:00Z,0.0,8.125,0.125,NaN,NaN
2024-05-01T12:00:00Z,0.0,8.125,4.125,NaN,NaN
2024-05-01T12:00:00Z,0.0,8.125,8.125,NaN,NaN
2024-05-01T12:00:00Z,0.0,8.125,12.125,NaN,NaN
2024-05-01T12:00:00Z,0.0,8.125,16.125,NaN,NaN
2024-05-01T12:00:00Z,0.0,8.125,20.125,NaN,NaN
2024-05-01T12:00:00Z,0.0,8.125,24.125,NaN,NaN
2024-05-01T12:00:00Z,0.0,8.125,28.125,NaN,NaN
2024-05-01T12:00:00Z,0.0,8.125,32.125,NaN,NaN
2024-05-01T12:00:00Z,0.0,8.125,36.125,NaN,NaN
2024-05-01T12:00:00Z,0.0,8.125,40.125,NaN,NaN
2024-05-01T12:00:00Z,0.0,8.125,44.125,NaN,NaN
2024-05-01T12:00:00Z,0.0,8.125,48.125,NaN,NaN
2024-05-01T12:00:00Z,0.0,8.125,52.125,31.52,2.42
2024-05-01T12:00:00Z,0.0,8.125,56.125,30.91,1.42
2024-05-01T12:00:00Z,0.0,8.125,60.125,30.69,1.03
2024-05-01T12:00:00Z,0.0,8.125,64.125,30.42,0.68
2024-05-01T12:00:00Z,0.0,8.125,68.125,31.42,1.54
2024-05-01T12:00:00Z,0.0,8.125,72.125,31.27,1.35
2024-05-01T12:00:00Z,0.0,8.125,76.125,32.04,2.27
2024-05-01T12:00:00Z,0.0,8.125,80.125,NaN,NaN
2024-05-01T12:00:00Z,0.0,8.125,84.125,31.78,2.04
2024-05-01T12:00:00Z,0.0,8.125,88.125,31.75,2.11
2024-05-01T12:00:00Z,0.0,8.125,92.125,31.55,1.94
2024-05-01T12:00:00Z,0.0,8.125,96.125,31.53,1.83
2024-05-01T12:00:00Z,0.0,8.125,100.125,NaN,NaN
2024-05-01T12:00:00Z,0.0,8.125,104.125,30.94,1.2
2024-05-01T12:00:00Z,0.0,8.125,108.125,30.76,1.59
2024-05-01T12:00:00Z,0.0,8.125,112.125,29.68,0.38
2024-05-01T12:00:00Z,0.0,8.125,116.125,29.99,0.73
2024-05-01T12:00:00Z,0.0,8.125,120.125,30.26,1.02
2024-05-01T12:00:00Z,0.0,8.125,124.125,NaN,NaN
2024-05-01T12:00:00Z,0.0,8.125,128.125,29.4,0.45
2024-05-01T12:00:00Z,0.0,8.125,132.125,29.35,0.43
2024-05-01T12:00:00Z,0.0,8.125,136.125,29.43,0.57
2024-05-01T12:00:00Z,0.0,8.125,140.125,29.49,0.64
2024-05-01T12:00:00Z,0.0,8.125,144.125,29.69,0.89
2024-05-01T12:00:00Z,0.0,8.125,148.125,29.54,0.79
2024-05-01T12:00:00Z,0.0,8.125,152.125,29.28,0.51
2024-05-01T12:00:00Z,0.0,8.125,156.125,29.44,0.71
2024-05-01T12:00:00Z,0.0,8.125,160.125,29.2,0.58
2024-05-01T12:00:00Z,0.0,8.125,164.125,29.06,0.54
2024-05-01T12:00:00Z,0.0,8.125,168.125,28.8,0.43
2024-05-01T12:00:00Z,0.0,8.125,172.125,28.71,0.42
2024-05-01T12:00:00Z,0.0,8.125,176.125,28.96,0.74
2024-05-01T12:00:00Z,0.0,8.125,180.125,28.81,0.66
2024-05-01T12:00:00Z,0.0,8.125,184.125,28.8,0.7
2024-05-01T12:00:00Z,0.0,8.125,188.125,28.28,0.33
2024-05-01T12:00:00Z,0.0,8.125,192.125,28.45,0.62
2024-05-01T12:00:00Z,0.0,8.125,196.125,28.55,0.84
2024-05-01T12:00:00Z,0.0,8.125,200.125,28.37,0.79
2024-05-01T12:00:00Z,0.0,8.125,204.125,28.03,0.54
2024-05-01T12:00:00Z,0.0,8.125,208.125,27.77,0.38
2024-05-01T12:00:00Z,0.0,8.125,212.125,28.25,0.95
2024-05-01T12:00:00Z,0.0,8.125,216.125,28.01,0.7
2024-05-01T12:00:00Z,0.0,8.125,220.125,28.36,1.02
2024-05-01T12:00:00Z,0.0,8.125,224.125,28.13,0.74
2024-05-01T12:00:00Z,0.0,8.125,228.125,28.5,0.94
2024-05-01T12:00:00Z,0.0,8.125,232.125,28.52,0.82
2024-05-01T12:00:00Z,0.0,8.125,236.125,29.12,1.24
2024-05-01T12:00:00Z,0.0,8.125,240.125,29.07,0.94
2024-05-01T12:00:00Z,0.0,8.125,244.125,29.49,1.06
2024-05-01T12:00:00Z,0.0,8.125,248.125,29.63,0.92
2024-05-01T12:00:00Z,0.0,8.125,252.125,29.88,0.95
2024-05-01T12:00:00Z,0.0,8.125,256.125,29.98,0.89
2024-05-01T12:00:00Z,0.0,8.125,260.125,30.1,0.97
2024-05-01T12:00:00Z,0.0,8.125,264.125,30.12,1.01
2024-05-01T12:00:00Z,0.0,8.125,268.125,29.81,1.0
2024-05-01T12:00:00Z,0.0,8.125,272.125,29.06,0.28
2024-05-01T12:00:00Z,0.0,8.125,276.125,30.04,0.85
2024-05-01T12:00:00Z,0.0,8.125,280.125,28.09,0.39
2024-05-01T12:00:00Z,0.0,8.125,284.125,NaN,NaN
2024-05-01T12:00:00Z,0.0,8.125,288.125,NaN,NaN
2024-05-01T12:00:00Z,0.0,8.125,292.125,NaN,NaN
2024-05-01T12:00:00Z,0.0,8.125,296.125,NaN,NaN
2024-05-01T12:00:00Z,0.0,8.125,300.125,NaN,NaN
2024-05-01T12:00:00Z,0.0,8.125,304.125,28.9,1.59
2024-05-01T12:00:00Z,0.0,8.125,308.125,28.78,1.34
2024-05-01T12:00:00Z,0.0,8.125,312.125,28.38,1.21
2024-05-01T12:00:00Z,0.0,8.125,316.125,28.42,1.4
2024-05-01T12:00:00Z,0.0,8.125,320.125,27.82,1.09
2024-05-01T12:00:00Z,0.0,8.125,324.125,28.02,1.46
2024-05-01T12:00:00Z,0.0,8.125,328.125,27.73,1.22
2024-05-01T12:00:00Z,0.0,8.125,332.125,28.0,1.56
2024-05-01T12:00:00Z,0.0,8.125,336.125,27.77,1.5
2024-05-01T12:00:00Z,0.0,8.125,340.125,28.04,1.29
2024-05-01T12:00:00Z,0.0,8.125,344.125,29.04,1.44
2024-05-01T12:00:00Z,0.0,8.125,348.125,NaN,NaN
2024-05-01T12:00:00Z,0.0,8.125,352.125,NaN,NaN
2024-05-01T12:00:00Z,0.0,8.125,356.125,NaN,NaN
2024-05-01T12:00:00Z,0.0,12.125,0.125,NaN,NaN
2024-05-01T12:00:00Z,0.0,12.125,4.125,NaN,NaN
2024-05-01T12:00:00Z,0.0,12.125,8.125,NaN,NaN
2024-05-01T12:00:00Z,0.0,12.125,12.125,NaN,NaN
2024-05-01T12:00:00Z,0.0,12.125,16.125,NaN,NaN
2024-05-01T12:00:00Z,0.0,12.125,20.125,NaN,NaN
2024-05-01T12:00:00Z,0.0,12.125,24.125,NaN,NaN
2024-05-01T12:00:00Z,0.0,12.125,28.125,NaN,NaN
2024-05-01T12:00:00Z,0.0,12.125,32.125,NaN,NaN
2024-05-01T12:00:00Z,0.0,12.125,36.125,NaN,NaN
2024-05-01T12:00:00Z,0.0,12.125,40.125,NaN,NaN
2024-05-01T12:00:00Z,0.0,12.125,44.125,30.07,0.93
2024-05-01T12:00:00Z,0.0,12.125,48.125,29.95,0.98
2024-05-01T12:00:00Z,0.0,12.125,52.125,30.55,1.5
2024-05-01T12:00:00Z,0.0,12.125,56.125,30.36,1.08
2024-05-01T12:00:00Z,0.0,12.125,60.125,30.37,1.0
2024-05-01T12:00:00Z,0.0,12.125,64.125,30.48,0.99
2024-05-01T12:00:00Z,0.0,12.125,68.125,30.62,1.05
2024-05-01T12:00:00Z,0.0,12.125,72.125,31.17,1.45
2024-05-01T12:00:00Z,0.0,12.125,76.125,NaN,NaN
2024-05-01T12:00:00Z,0.0,12.125,80.125,30.65,0.93
2024-05-01T12:00:00Z,0.0,12.125,84.125,31.21,1.42
2024-05-01T12:00:00Z,0.0,12.125,88.125,31.29,1.47
2024-05-01T12:00:00Z,0.0,12.125,92.125,31.78,1.88
2024-05-01T12:00:00Z,0.0,12.125,96.125,32.26,2.28
2024-05-01T12:00:00Z,0.0,12.125,100.125,31.37,1.43
2024-05-01T12:00:00Z,0.0,12.125,104.125,NaN,NaN
2024-05-01T12:00:00Z,0.0,12.125,108.125,NaN,NaN
2024-05-01T12:00:00Z,0.0,12.125,112.125,30.01,0.86
2024-05-01T12:00:00Z,0.0,12.125,116.125,30.38,0.95
2024-05-01T12:00:00Z,0.0,12.125,120.125,30.0,0.68
2024-05-01T12:00:00Z,0.0,12.125,124.125,28.93,0.24
2024-05-01T12:00:00Z,0.0,12.125,128.125,29.51,0.74
2024-05-01T12:00:00Z,0.0,12.125,132.125,29.44,0.8
2024-05-01T12:00:00Z,0.0,12.125,136.125,29.01,0.46
2024-05-01T12:00:00Z,0.0,12.125,140.125,28.92,0.53
2024-05-01T12:00:00Z,0.0,12.125,144.125,28.9,0.6
2024-05-01T12:00:00Z,0.0,12.125,148.125,28.81,0.6
2024-05-01T12:00:00Z,0.0,12.125,152.125,28.62,0.55
2024-05-01T12:00:00Z,0.0,12.125,156.125,28.49,0.55
2024-05-01T12:00:00Z,0.0,12.125,160.125,28.68,0.9
2024-05-01T12:00:00Z,0.0,12.125,164.125,28.02,0.37
2024-05-01T12:00:00Z,0.0,12.125,168.125,28.01,0.46
2024-05-01T12:00:00Z,0.0,12.125,172.125,28.21,0.81
2024-05-01T12:00:00Z,0.0,12.125,176.125,27.86,0.58
2024-05-01T12:00:00Z,0.0,12.125,180.125,28.07,0.87
2024-05-01T12:00:00Z,0.0,12.125,184.125,27.49,0.41
2024-05-01T12:00:00Z,0.0,12.125,188.125,27.44,0.5
2024-05-01T12:00:00Z,0.0,12.125,192.125,27.27,0.52
2024-05-01T12:00:00Z,0.0,12.125,196.125,27.19,0.59
2024-05-01T12:00:00Z,0.0,12.125,200.125,26.85,0.42
2024-05-01T12:00:00Z,0.0,12.125,204.125,27.11,0.85
2024-05-01T12:00:00Z,0.0,12.125,208.125,26.62,0.59
2024-05-01T12:00:00Z,0.0,12.125,212.125,26.02,0.1
2024-05-01T12:00:00Z,0.0,12.125,216.125,26.22,0.44
2024-05-01T12:00:00Z,0.0,12.125,220.125,26.75,1.01
2024-05-01T12:00:00Z,0.0,12.125,224.125,26.96,1.13
2024-05-01T12:00:00Z,0.0,12.125,228.125,27.1,0.96
2024-05-01T12:00:00Z,0.0,12.125,232.125,27.03,0.56
2024-05-01T12:00:00Z,0.0,12.125,236.125,27.02,0.22
2024-05-01T12:00:00Z,0.0,12.125,240.125,28.07,0.86
2024-05-01T12:00:00Z,0.0,12.125,244.125,27.89,0.37
2024-05-01T12:00:00Z,0.0,12.125,248.125,28.95,0.88
2024-05-01T12:00:00Z,0.0,12.125,252.125,29.48,0.9
2024-05-01T12:00:00Z,0.0,12.125,256.125,30.23,1.13
2024-05-01T12:00:00Z,0.0,12.125,260.125,30.28,0.77
2024-05-01T12:00:00Z,0.0,12.125,264.125,30.03,0.63
2024-05-01T12:00:00Z,0.0,12.125,268.125,30.37,0.87
2024-05-01T12:00:00Z,0.0,12.125,272.125,30.04,1.58
2024-05-01T12:00:00Z,0.0,12.125,276.125,NaN,NaN
2024-05-01T12:00:00Z,0.0,12.125,280.125,29.09,1.46
2024-05-01T12:00:00Z,0.0,12.125,284.125,28.24,1.1
2024-05-01T12:00:00Z,0.0,12.125,288.125,NaN,NaN
2024-05-01T12:00:00Z,0.0,12.125,292.125,28.94,2.22
2024-05-01T12:00:00Z,0.0,12.125,296.125,29.09,2.35
2024-05-01T12:00:00Z,0.0,12.125,300.125,29.03,1.73
2024-05-01T12:00:00Z,0.0,12.125,304.125,28.92,1.7
2024-05-01T12:00:00Z,0.0,12.125,308.125,28.29,1.68
2024-05-01T12:00:00Z,0.0,12.125,312.125,28.24,2.04
2024-05-01T12:00:00Z,0.0,12.125,316.125,27.27,1.47
2024-05-01T12:00:00Z,0.0,12.125,320.125,26.85,1.48
2024-05-01T12:00:00Z,0.0,12.125,324.125,26.66,1.63
2024-05-01T12:00:00Z,0.0,12.125,328.125,26.22,1.26
2024-05-01T12:00:00Z,0.0,12.125,332.125,26.17,1.38
2024-05-01T12:00:00Z,0.0,12.125,336.125,24.83,0.91
2024-05-01T12:00:00Z,0.0,12.125,340.125,25.38,1.69
2024-05-01T12:00:00Z,0.0,12.125,344.125,NaN,NaN
2024-05-01T12:00:00Z,0.0,12.125,348.125,NaN,NaN
2024-05-01T12:00:00Z,0.0,12.125,352.125,NaN,NaN
2024-05-01T12:00:00Z,0.0,12.125,356.125,NaN,NaN
2024-05-01T12:00:00Z,0.0,16.125,0.125,NaN,NaN
2024-05-01T12:00:00Z,0.0,16.125,4.125,NaN,NaN
2024-05-01T12:00:00Z,0.0,16.125,8.125,NaN,NaN
2024-05-01T12:00:00Z,0.0,16.125,12.125,NaN,NaN
2024-05-01T12:00:00Z,0.0,16.125,16.125,NaN,NaN
2024-05-01T12:00:00Z,0.0,16.125,20.125,NaN,NaN
2024-05-01T12:00:00Z,0.0,16.125,24.125,NaN,NaN
2024-05-01T12:00:00Z,0.0,16.125,28.125,NaN,NaN
2024-05-01T12:00:00Z,0.0,16.125,32.125,NaN,NaN
2024-05-01T12:00:00Z,0.0,16.125,36.125,NaN,NaN
2024-05-01T12:00:00Z,0.0,16.125,40.125,30.22,1.32
2024-05-01T12:00:00Z,0.0,16.125,44.125,NaN,NaN
2024-05-01T12:00:00Z,0.0,16.125,48.125,NaN,NaN
2024-05-01T12:00:00Z,0.0,16.125,52.125,NaN,NaN
2024-05-01T12:00:00Z,0.0,16.125,56.125,30.65,1.9
2024-05-01T12:00:00Z,0.0,16.125,60.125,30.32,1.48
2024-05-01T12:00:00Z,0.0,16.125,64.125,31.08,2.09
2024-05-01T12:00:00Z,0.0,16.125,68.125,30.44,1.33
2024-05-01T12:00:00Z,0.0,16.125,72.125,30.18,0.92
2024-05-01T12:00:00Z,0.0,16.125,76.125,NaN,NaN
2024-05-01T12:00:00Z,0.0,16.125,80.125,NaN,NaN
2024-05-01T12:00:00Z,0.0,16.125,84.125,30.67,1.23
2024-05-01T12:00:00Z,0.0,16.125,88.125,30.37,0.96
2024-05-01T12:00:00Z,0.0,16.125,92.125,30.93,1.53
2024-05-01T12:00:00Z,0.0,16.125,96.125,31.55,1.93
2024-05-01T12:00:00Z,0.0,16.125,100.125,NaN,NaN
2024-05-01T12:00:00Z,0.0,16.125,104.125,NaN,NaN
2024-05-01T12:00:00Z,0.0,16.125,108.125,NaN,NaN
2024-05-01T12:00:00Z,0.0,16.125,112.125,28.95,0.36
2024-05-01T12:00:00Z,0.0,16.125,116.125,30.0,1.11
2024-05-01T12:00:00Z,0.0,16.125,120.125,31.06,2.07
2024-05-01T12:00:00Z,0.0,16.125,124.125,29.83,1.18
2024-05-01T12:00:00Z,0.0,16.125,128.125,29.51,0.97
2024-05-01T12:00:00Z,0.0,16.125,132.125,29.33,0.93
2024-05-01T12:00:00Z,0.0,16.125,136.125,29.23,0.92
2024-05-01T12:00:00Z,0.0,16.125,140.125,29.08,0.87
2024-05-01T12:00:00Z,0.0,16.125,144.125,28.64,0.55
2024-05-01T12:00:00Z,0.0,16.125,148.125,28.5,0.56
2024-05-01T12:00:00Z,0.0,16.125,152.125,28.23,0.51
2024-05-01T12:00:00Z,0.0,16.125,156.125,28.2,0.66
2024-05-01T12:00:00Z,0.0,16.125,160.125,27.92,0.61
2024-05-01T12:00:00Z,0.0,16.125,164.125,27.74,0.65
2024-05-01T12:00:00Z,0.0,16.125,168.125,27.66,0.72
2024-05-01T12:00:00Z,0.0,16.125,172.125,27.48,0.69
2024-05-01T12:00:00Z,0.0,16.125,176.125,27.44,0.8
2024-05-01T12:00:00Z,0.0,16.125,180.125,27.4,0.86
2024-05-01T12:00:00Z,0.0,16.125,184.125,26.72,0.32
2024-05-01T12:00:00Z,0.0,16.125,188.125,26.43,0.25
2024-05-01T12:00:00Z,0.0,16.125,192.125,26.24,0.3
2024-05-01T12:00:00Z,0.0,16.125,196.125,25.94,0.2
2024-05-01T12:00:00Z,0.0,16.125,200.125,25.88,0.41
2024-05-01T12:00:00Z,0.0,16.125,204.125,25.4,0.16
2024-05-01T12:00:00Z,0.0,16.125,208.125,24.92,-0.11
2024-05-01T12:00:00Z,0.0,16.125,212.125,25.12,0.36
2024-05-01T12:00:00Z,0.0,16.125,216.125,24.93,0.49
2024-05-01T12:00:00Z,0.0,16.125,220.125,24.12,-0.11
2024-05-01T12:00:00Z,0.0,16.125,224.125,24.62,0.65
2024-05-01T12:00:00Z,0.0,16.125,228.125,24.48,0.34
2024-05-01T12:00:00Z,0.0,16.125,232.125,24.8,0.49
2024-05-01T12:00:00Z,0.0,16.125,236.125,25.26,0.63
2024-05-01T12:00:00Z,0.0,16.125,240.125,25.32,0.34
2024-05-01T12:00:00Z,0.0,16.125,244.125,25.74,0.32
2024-05-01T12:00:00Z,0.0,16.125,248.125,27.75,1.58
2024-05-01T12:00:00Z,0.0,16.125,252.125,27.82,0.91
2024-05-01T12:00:00Z,0.0,16.125,256.125,28.05,0.27
2024-05-01T12:00:00Z,0.0,16.125,260.125,29.15,0.52
2024-05-01T12:00:00Z,0.0,16.125,264.125,NaN,NaN
2024-05-01T12:00:00Z,0.0,16.125,268.125,NaN,NaN
2024-05-01T12:00:00Z,0.0,16.125,272.125,29.03,0.8
2024-05-01T12:00:00Z,0.0,16.125,276.125,29.41,1.52
2024-05-01T12:00:00Z,0.0,16.125,280.125,28.82,1.25
2024-05-01T12:00:00Z,0.0,16.125,284.125,28.64,1.31
2024-05-01T12:00:00Z,0.0,16.125,288.125,28.56,1.36
2024-05-01T12:00:00Z,0.0,16.125,292.125,29.0,1.85
2024-05-01T12:00:00Z,0.0,16.125,296.125,28.74,1.57
2024-05-01T12:00:00Z,0.0,16.125,300.125,28.69,1.77
2024-05-01T12:00:00Z,0.0,16.125,304.125,28.24,1.7
2024-05-01T12:00:00Z,0.0,16.125,308.125,28.14,2.04
2024-05-01T12:00:00Z,0.0,16.125,312.125,27.61,1.89
2024-05-01T12:00:00Z,0.0,16.125,316.125,27.15,1.86
2024-05-01T12:00:00Z,0.0,16.125,320.125,26.59,1.84
2024-05-01T12:00:00Z,0.0,16.125,324.125,25.94,1.78
2024-05-01T12:00:00Z,0.0,16.125,328.125,25.62,1.96
2024-05-01T12:00:00Z,0.0,16.125,332.125,25.29,1.82
2024-05-01T12:00:00Z,0.0,16.125,336.125,23.64,0.85
2024-05-01T12:00:00Z,0.0,16.125,340.125,23.66,1.95
2024-05-01T12:00:00Z,0.0,16.125,344.125,NaN,NaN
2024-05-01T12:00:00Z,0.0,16.125,348.125,NaN,NaN
2024-05-01T12:00:00Z,0.0,16.125,352.125,NaN,NaN
2024-05-01T12:00:00Z,0.0,16.125,356.125,NaN,NaN
2024-05-01T12:00:00Z,0.0,20.125,0.125,NaN,NaN
2024-05-01T12:00:00Z,0.0,20.125,4.125,NaN,NaN
2024-05-01T12:00:00Z,0.0,20.125,8.125,NaN,NaN
2024-05-01T12:00:00Z,0.0,20.125,12.125,NaN,NaN
2024-05-01T12:00:00Z,0.0,20.125,16.125,NaN,NaN
2024-05-01T12:00:00Z,0.0,20.125,20.125,NaN,NaN
2024-05-01T12:00:00Z,0.0,20.125,24.125,NaN,NaN
2024-05-01T12:00:00Z,0.0,20.125,28.125,NaN,NaN
2024-05-01T12:00:00Z,0.0,20.125,32.125,NaN,NaN
2024-05-01T12:00:00Z,0.0,20.125,36.125,NaN,NaN
2024-05-01T12:00:00Z,0.0,20.125,40.125,30.04,1.64
2024-05-01T12:00:00Z,0.0,20.125,44.125,NaN,NaN
2024-05-01T12:00:00Z,0.0,20.125,48.125,NaN,NaN
2024-05-01T12:00:00Z,0.0,20.125,52.125,NaN,NaN
2024-05-01T12:00:00Z,0.0,20.125,56.125,NaN,NaN
2024-05-01T12:00:00Z,0.0,20.125,60.125,29.57,1.58
2024-05-01T12:00:00Z,0.0,20.125,64.125,30.16,1.95
2024-05-01T12:00:00Z,0.0,20.125,68.125,29.9,1.69
2024-05-01T12:00:00Z,0.0,20.125,72.125,29.48,1.52
2024-05-01T12:00:00Z,0.0,20.125,76.125,NaN,NaN
2024-05-01T12:00:00Z,0.0,20.125,80.125,NaN,NaN
2024-05-01T12:00:00Z,0.0,20.125,84.125,NaN,NaN
2024-05-01T12:00:00Z,0.0,20.125,88.125,30.46,1.74
2024-05-01T12:00:00Z,0.0,20.125,92.125,31.13,2.07
2024-05-01T12:00:00Z,0.0,20.125,96.125,NaN,NaN
2024-05-01T12:00:00Z,0.0,20.125,100.125,NaN,NaN
2024-05-01T12:00:00Z,0.0,20.125,104.125,NaN,NaN
2024-05-01T12:00:00Z,0.0,20.125,108.125,25.76,0.07
2024-05-01T12:00:00Z,0.0,20.125,112.125,26.0,-0.27
2024-05-01T12:00:00Z,0.0,20.125,116.125,27.9,1.09
2024-05-01T12:00:00Z,0.0,20.125,120.125,29.38,1.69
2024-05-01T12:00:00Z,0.0,20.125,124.125,28.99,1.57
2024-05-01T12:00:00Z,0.0,20.125,128.125,29.43,1.96
2024-05-01T12:00:00Z,0.0,20.125,132.125,29.35,1.71
2024-05-01T12:00:00Z,0.0,20.125,136.125,29.01,1.47
2024-05-01T12:00:00Z,0.0,20.125,140.125,28.5,0.99
2024-05-01T12:00:00Z,0.0,20.125,144.125,27.87,0.39
2024-05-01T12:00:00Z,0.0,20.125,148.125,28.21,0.85
2024-05-01T12:00:00Z,0.0,20.125,152.125,27.82,0.59
2024-05-01T12:00:00Z,0.0,20.125,156.125,27.83,0.8
2024-05-01T12:00:00Z,0.0,20.125,160.125,27.69,0.88
2024-05-01T12:00:00Z,0.0,20.125,164.125,27.2,0.62
2024-05-01T12:00:00Z,0.0,20.125,168.125,27.45,1.13
2024-05-01T12:00:00Z,0.0,20.125,172.125,26.56,0.37
2024-05-01T12:00:00Z,0.0,20.125,176.125,26.95,0.9
2024-05-01T12:00:00Z,0.0,20.125,180.125,27.21,1.34
2024-05-01T12:00:00Z,0.0,20.125,184.125,26.72,1.03
2024-05-01T12:00:00Z,0.0,20.125,188.125,26.55,0.99
2024-05-01T12:00:00Z,0.0,20.125,192.125,26.04,0.68
2024-05-01T12:00:00Z,0.0,20.125,196.125,25.89,0.62
2024-05-01T12:00:00Z,0.0,20.125,200.125,25.3,0.21
2024-05-01T12:00:00Z,0.0,20.125,204.125,24.8,0.19
2024-05-01T12:00:00Z,0.0,20.125,208.125,23.68,-0.46
2024-05-01T12:00:00Z,0.0,20.125,212.125,23.88,0.09
2024-05-01T12:00:00Z,0.0,20.125,216.125,23.03,-0.37
2024-05-01T12:00:00Z,0.0,20.125,220.125,22.62,-0.36
2024-05-01T12:00:00Z,0.0,20.125,224.125,22.48,-0.04
2024-05-01T12:00:00Z,0.0,20.125,228.125,22.12,-0.08
2024-05-01T12:00:00Z,0.0,20.125,232.125,22.27,0.38
2024-05-01T12:00:00Z,0.0,20.125,236.125,21.98,0.06
2024-05-01T12:00:00Z,0.0,20.125,240.125,21.93,-0.19
2024-05-01T12:00:00Z,0.0,20.125,244.125,22.53,-0.2
2024-05-01T12:00:00Z,0.0,20.125,248.125,23.66,0.32
2024-05-01T12:00:00Z,0.0,20.125,252.125,23.55,-1.01
2024-05-01T12:00:00Z,0.0,20.125,256.125,NaN,NaN
2024-05-01T12:00:00Z,0.0,20.125,260.125,NaN,NaN
2024-05-01T12:00:00Z,0.0,20.125,264.125,27.28,1.08
2024-05-01T12:00:00Z,0.0,20.125,268.125,27.55,0.68
2024-05-01T12:00:00Z,0.0,20.125,272.125,NaN,NaN
2024-05-01T12:00:00Z,0.0,20.125,276.125,28.15,0.59
2024-05-01T12:00:00Z,0.0,20.125,280.125,27.78,0.2
2024-05-01T12:00:00Z,0.0,20.125,284.125,NaN,NaN
2024-05-01T12:00:00Z,0.0,20.125,288.125,27.24,0.48
2024-05-01T12:00:00Z,0.0,20.125,292.125,27.15,0.66
2024-05-01T12:00:00Z,0.0,20.125,296.125,26.92,0.62
2024-05-01T12:00:00Z,0.0,20.125,300.125,26.92,0.85
2024-05-01T12:00:00Z,0.0,20.125,304.125,26.3,0.56
2024-05-01T12:00:00Z,0.0,20.125,308.125,26.8,1.38
2024-05-01T12:00:00Z,0.0,20.125,312.125,26.62,1.51
2024-05-01T12:00:00Z,0.0,20.125,316.125,26.55,1.82
2024-05-01T12:00:00Z,0.0,20.125,320.125,25.94,1.62
2024-05-01T12:00:00Z,0.0,20.125,324.125,25.36,1.51
2024-05-01T12:00:00Z,0.0,20.125,328.125,25.01,1.71
2024-05-01T12:00:00Z,0.0,20.125,332.125,24.16,1.49
2024-05-01T12:00:00Z,0.0,20.125,336.125,23.12,1.25
2024-05-01T12:00:00Z,0.0,20.125,340.125,20.64,0.28
2024-05-01T12:00:00Z,0.0,20.125,344.125,NaN,NaN
2024-05-01T12:00:00Z,0.0,20.125,348.125,NaN,NaN
2024-05-01T12:00:00Z,0.0,20.125,352.125,NaN,NaN
2024-05-01T12:00:00Z,0.0,20.125,356.125,NaN,NaN
2024-05-01T12:00:00Z,0.0,24.125,0.125,NaN,NaN
2024-05-01T12:00:00Z,0.0,24.125,4.125,NaN,NaN
2024-05-01T12:00:00Z,0.0,24.125,8.125,NaN,NaN
2024-05-01T12:00:00Z,0.0,24.125,12.125,NaN,NaN
2024-05-01T12:00:00Z,0.0,24.125,16.125,NaN,NaN
2024-05-01T12:00:00Z,0.0,24.125,20.125,NaN,NaN
2024-05-01T12:00:00Z,0.0,24.125,24.125,NaN,NaN
2024-05-01T12:00:00Z,0.0,24.125,28.125,NaN,NaN
2024-05-01T12:00:00Z,0.0,24.125,32.125,NaN,NaN
2024-05-01T12:00:00Z,0.0,24.125,36.125,25.47,-0.16
2024-05-01T12:00:00Z,0.0,24.125,40.125,NaN,NaN
2024-05-01T12:00:00Z,0.0,24.125,44.125,NaN,NaN
2024-05-01T12:00:00Z,0.0,24.125,48.125,NaN,NaN
2024-05-01T12:00:00Z,0.0,24.125,52.125,26.6,0.86
2024-05-01T12:00:00Z,0.0,24.125,56.125,NaN,NaN
2024-05-01T12:00:00Z,0.0,24.125,60.125,27.99,0.18
2024-05-01T12:00:00Z,0.0,24.125,64.125,28.0,0.63
2024-05-01T12:00:00Z,0.0,24.125,68.125,NaN,NaN
2024-05-01T12:00:00Z,0.0,24.125,72.125,NaN,NaN
2024-05-01T12:00:00Z,0.0,24.125,76.125,NaN,NaN
2024-05-01T12:00:00Z,0.0,24.125,80.125,NaN,NaN
2024-05-01T12:00:00Z,0.0,24.125,84.125,NaN,NaN
2024-05-01T12:00:00Z,0.0,24.125,88.125,NaN,NaN
2024-05-01T12:00:00Z,0.0,24.125,92.125,NaN,NaN
2024-05-01T12:00:00Z,0.0,24.125,96.125,NaN,NaN
2024-05-01T12:00:00Z,0.0,24.125,100.125,NaN,NaN
2024-05-01T12:00:00Z,0.0,24.125,104.125,NaN,NaN
2024-05-01T12:00:00Z,0.0,24.125,108.125,NaN,NaN
2024-05-01T12:00:00Z,0.0,24.125,112.125,NaN,NaN
2024-05-01T12:00:00Z,0.0,24.125,116.125,NaN,NaN
2024-05-01T12:00:00Z,0.0,24.125,120.125,26.24,2.22
2024-05-01T12:00:00Z,0.0,24.125,124.125,27.61,1.74
2024-05-01T12:00:00Z,0.0,24.125,128.125,26.87,1.93
2024-05-01T12:00:00Z,0.0,24.125,132.125,26.35,1.42
2024-05-01T12:00:00Z,0.0,24.125,136.125,26.83,1.61
2024-05-01T12:00:00Z,0.0,24.125,140.125,27.49,2.08
2024-05-01T12:00:00Z,0.0,24.125,144.125,27.13,1.73
2024-05-01T12:00:00Z,0.0,24.125,148.125,26.22,0.68
2024-05-01T12:00:00Z,0.0,24.125,152.125,26.44,0.94
2024-05-01T12:00:00Z,0.0,24.125,156.125,26.41,0.92
2024-05-01T12:00:00Z,0.0,24.125,160.125,26.4,1.13
2024-05-01T12:00:00Z,0.0,24.125,164.125,25.68,0.52
2024-05-01T12:00:00Z,0.0,24.125,168.125,25.22,0.28
2024-05-01T12:00:00Z,0.0,24.125,172.125,25.33,0.48
2024-05-01T12:00:00Z,0.0,24.125,176.125,24.94,0.3
2024-05-01T12:00:00Z,0.0,24.125,180.125,24.81,0.32
2024-05-01T12:00:00Z,0.0,24.125,184.125,24.8,0.47
2024-05-01T12:00:00Z,0.0,24.125,188.125,24.57,0.33
2024-05-01T12:00:00Z,0.0,24.125,192.125,24.48,0.43
2024-05-01T12:00:00Z,0.0,24.125,196.125,24.3,0.56
2024-05-01T12:00:00Z,0.0,24.125,200.125,24.02,0.44
2024-05-01T12:00:00Z,0.0,24.125,204.125,23.76,0.47
2024-05-01T12:00:00Z,0.0,24.125,208.125,22.46,-0.56
2024-05-01T12:00:00Z,0.0,24.125,212.125,22.23,-0.44
2024-05-01T12:00:00Z,0.0,24.125,216.125,22.01,-0.24
2024-05-01T12:00:00Z,0.0,24.125,220.125,21.62,-0.1
2024-05-01T12:00:00Z,0.0,24.125,224.125,20.8,-0.36
2024-05-01T12:00:00Z,0.0,24.125,228.125,20.45,-0.14
2024-05-01T12:00:00Z,0.0,24.125,232.125,19.98,0.01
2024-05-01T12:00:00Z,0.0,24.125,236.125,19.43,-0.01
2024-05-01T12:00:00Z,0.0,24.125,240.125,19.6,0.38
2024-05-01T12:00:00Z,0.0,24.125,244.125,19.31,0.02
2024-05-01T12:00:00Z,0.0,24.125,248.125,17.32,-2.52
2024-05-01T12:00:00Z,0.0,24.125,252.125,22.99,-1.01
2024-05-01T12:00:00Z,0.0,24.125,256.125,NaN,NaN
2024-05-01T12:00:00Z,0.0,24.125,260.125,NaN,NaN
2024-05-01T12:00:00Z,0.0,24.125,264.125,25.1,-0.15
2024-05-01T12:00:00Z,0.0,24.125,268.125,25.04,-0.18
2024-05-01T12:00:00Z,0.0,24.125,272.125,26.36,-0.01
2024-05-01T12:00:00Z,0.0,24.125,276.125,25.66,-0.78
2024-05-01T12:00:00Z,0.0,24.125,280.125,26.19,-0.25
2024-05-01T12:00:00Z,0.0,24.125,284.125,24.62,-1.22
2024-05-01T12:00:00Z,0.0,24.125,288.125,25.5,0.06
2024-05-01T12:00:00Z,0.0,24.125,292.125,25.07,-0.35
2024-05-01T12:00:00Z,0.0,24.125,296.125,24.93,-0.35
2024-05-01T12:00:00Z,0.0,24.125,300.125,24.5,-0.52
2024-05-01T12:00:00Z,0.0,24.125,304.125,24.51,-0.18
2024-05-01T12:00:00Z,0.0,24.125,308.125,25.08,0.74
2024-05-01T12:00:00Z,0.0,24.125,312.125,25.16,1.13
2024-05-01T12:00:00Z,0.0,24.125,316.125,25.13,1.45
2024-05-01T12:00:00Z,0.0,24.125,320.125,25.09,1.78
2024-05-01T12:00:00Z,0.0,24.125,324.125,24.54,1.65
2024-05-01T12:00:00Z,0.0,24.125,328.125,24.09,1.59
2024-05-01T12:00:00Z,0.0,24.125,332.125,23.35,1.34
2024-05-01T12:00:00Z,0.0,24.125,336.125,23.02,1.64
2024-05-01T12:00:00Z,0.0,24.125,340.125,22.07,1.48
2024-05-01T12:00:00Z,0.0,24.125,344.125,17.17,-1.67
2024-05-01T12:00:00Z,0.0,24.125,348.125,NaN,NaN
2024-05-01T12:00:00Z,0.0,24.125,352.125,NaN,NaN
2024-05-01T12:00:00Z,0.0,24.125,356.125,NaN,NaN
2024-05-01T12:00:00Z,0.0,28.125,0.125,NaN,NaN
2024-05-01T12:00:00Z,0.0,28.125,4.125,NaN,NaN
2024-05-01T12:00:00Z,0.0,28.125,8.125,NaN,NaN
2024-05-01T12:00:00Z,0.0,28.125,12.125,NaN,NaN
2024-05-01T12:00:00Z,0.0,28.125,16.125,NaN,NaN
2024-05-01T12:00:00Z,0.0,28.125,20.125,NaN,NaN
2024-05-01T12:00:00Z,0.0,28.125,24.125,NaN,NaN
2024-05-01T12:00:00Z,0.0,28.125,28.125,NaN,NaN
2024-05-01T12:00:00Z,0.0,28.125,32.125,NaN,NaN
2024-05-01T12:00:00Z,0.0,28.125,36.125,NaN,NaN
2024-05-01T12:00:00Z,0.0,28.125,40.125,NaN,NaN
2024-05-01T12:00:00Z,0.0,28.125,44.125,NaN,NaN
2024-05-01T12:00:00Z,0.0,28.125,48.125,NaN,NaN
2024-05-01T12:00:00Z,0.0,28.125,52.125,NaN,NaN
2024-05-01T12:00:00Z,0.0,28.125,56.125,NaN,NaN
2024-05-01T12:00:00Z,0.0,28.125,60.125,NaN,NaN
2024-05-01T12:00:00Z,0.0,28.125,64.125,NaN,NaN
2024-05-01T12:00:00Z,0.0,28.125,68.125,NaN,NaN
2024-05-01T12:00:00Z,0.0,28.125,72.125,NaN,NaN
2024-05-01T12:00:00Z,0.0,28.125,76.125,NaN,NaN
2024-05-01T12:00:00Z,0.0,28.125,80.125,NaN,NaN
2024-05-01T12:00:00Z,0.0,28.125,84.125,NaN,NaN
2024-05-01T12:00:00Z,0.0,28.125,88.125,NaN,NaN
2024-05-01T12:00:00Z,0.0,28.125,92.125,NaN,NaN
2024-05-01T12:00:00Z,0.0,28.125,96.125,NaN,NaN
2024-05-01T12:00:00Z,0.0,28.125,100.125,NaN,NaN
2024-05-01T12:00:00Z,0.0,28.125,104.125,NaN,NaN
2024-05-01T12:00:00Z,0.0,28.125,108.125,NaN,NaN
2024-05-01T12:00:00Z,0.0,28.125,112.125,NaN,NaN
2024-05-01T12:00:00Z,0.0,28.125,116.125,NaN,NaN
2024-05-01T12:00:00Z,0.0,28.125,120.125,NaN,NaN
2024-05-01T12:00:00Z,0.0,28.125,124.125,20.44,0.12
2024-05-01T12:00:00Z,0.0,28.125,128.125,24.88,1.29
2024-05-01T12:00:00Z,0.0,28.125,132.125,23.49,1.02
2024-05-01T12:00:00Z,0.0,28.125,136.125,23.17,1.49
2024-05-01T12:00:00Z,0.0,28.125,140.125,23.55,1.69
2024-05-01T12:00:00Z,0.0,28.125,144.125,22.63,0.87
2024-05-01T12:00:00Z,0.0,28.125,148.125,23.67,1.58
2024-05-01T12:00:00Z,0.0,28.125,152.125,22.63,0.48
2024-05-01T12:00:00Z,0.0,28.125,156.125,22.63,0.59
2024-05-01T12:00:00Z,0.0,28.125,160.125,23.33,1.14
2024-05-01T12:00:00Z,0.0,28.125,164.125,21.64,-0.63
2024-05-01T12:00:00Z,0.0,28.125,168.125,23.15,1.06
2024-05-01T12:00:00Z,0.0,28.125,172.125,22.57,0.72
2024-05-01T12:00:00Z,0.0,28.125,176.125,20.96,-0.91
2024-05-01T12:00:00Z,0.0,28.125,180.125,22.2,0.39
2024-05-01T12:00:00Z,0.0,28.125,184.125,21.58,0.03
2024-05-01T12:00:00Z,0.0,28.125,188.125,22.04,0.55
2024-05-01T12:00:00Z,0.0,28.125,192.125,22.08,0.48
2024-05-01T12:00:00Z,0.0,28.125,196.125,22.18,0.56
2024-05-01T12:00:00Z,0.0,28.125,200.125,22.28,0.64
2024-05-01T12:00:00Z,0.0,28.125,204.125,22.17,0.74
2024-05-01T12:00:00Z,0.0,28.125,208.125,22.41,1.15
2024-05-01T12:00:00Z,0.0,28.125,212.125,21.33,0.34
2024-05-01T12:00:00Z,0.0,28.125,216.125,20.21,-0.35
2024-05-01T12:00:00Z,0.0,28.125,220.125,19.88,-0.14
2024-05-01T12:00:00Z,0.0,28.125,224.125,19.31,-0.17
2024-05-01T12:00:00Z,0.0,28.125,228.125,18.84,-0.09
2024-05-01T12:00:00Z,0.0,28.125,232.125,18.63,0.34
2024-05-01T12:00:00Z,0.0,28.125,236.125,17.58,0.02
2024-05-01T12:00:00Z,0.0,28.125,240.125,17.98,0.87
2024-05-01T12:00:00Z,0.0,28.125,244.125,16.32,-0.24
2024-05-01T12:00:00Z,0.0,28.125,248.125,21.3,0.37
2024-05-01T12:00:00Z,0.0,28.125,252.125,NaN,NaN
2024-05-01T12:00:00Z,0.0,28.125,256.125,NaN,NaN
2024-05-01T12:00:00Z,0.0,28.125,260.125,NaN,NaN
2024-05-01T12:00:00Z,0.0,28.125,264.125,23.7,0.37
2024-05-01T12:00:00Z,0.0,28.125,268.125,24.45,0.71
2024-05-01T12:00:00Z,0.0,28.125,272.125,24.2,-0.43
2024-05-01T12:00:00Z,0.0,28.125,276.125,23.59,0.11
2024-05-01T12:00:00Z,0.0,28.125,280.125,25.9,0.34
2024-05-01T12:00:00Z,0.0,28.125,284.125,23.4,-0.44
2024-05-01T12:00:00Z,0.0,28.125,288.125,23.47,0.08
2024-05-01T12:00:00Z,0.0,28.125,292.125,22.51,-0.8
2024-05-01T12:00:00Z,0.0,28.125,296.125,22.18,-1.01
2024-05-01T12:00:00Z,0.0,28.125,300.125,23.24,0.06
2024-05-01T12:00:00Z,0.0,28.125,304.125,22.46,-0.56
2024-05-01T12:00:00Z,0.0,28.125,308.125,22.82,0.06
2024-05-01T12:00:00Z,0.0,28.125,312.125,22.63,0.16
2024-05-01T12:00:00Z,0.0,28.125,316.125,22.26,0.1
2024-05-01T12:00:00Z,0.0,28.125,320.125,22.75,0.83
2024-05-01T12:00:00Z,0.0,28.125,324.125,22.68,1.13
2024-05-01T12:00:00Z,0.0,28.125,328.125,22.36,1.29
2024-05-01T12:00:00Z,0.0,28.125,332.125,22.51,1.82
2024-05-01T12:00:00Z,0.0,28.125,336.125,21.8,1.55
2024-05-01T12:00:00Z,0.0,28.125,340.125,21.53,1.64
2024-05-01T12:00:00Z,0.0,28.125,344.125,20.98,1.67
2024-05-01T12:00:00Z,0.0,28.125,348.125,NaN,NaN
2024-05-01T12:00:00Z,0.0,28.125,352.125,NaN,NaN
2024-05-01T12:00:00Z,0.0,28.125,356.125,NaN,NaN
2024-05-01T12:00:00Z,0.0,32.125,0.125,NaN,NaN
2024-05-01T12:00:00Z,0.0,32.125,4.125,NaN,NaN
2024-05-01T12:00:00Z,0.0,32.125,8.125,NaN,NaN
2024-05-01T12:00:00Z,0.0,32.125,12.125,NaN,NaN
2024-05-01T12:00:00Z,0.0,32.125,16.125,18.98,0.91
2024-05-01T12:00:00Z,0.0,32.125,20.125,NaN,NaN
2024-05-01T12:00:00Z,0.0,32.125,24.125,19.21,0.77
2024-05-01T12:00:00Z,0.0,32.125,28.125,19.69,1.04
2024-05-01T12:00:00Z,0.0,32.125,32.125,19.71,0.51
2024-05-01T12:00:00Z,0.0,32.125,36.125,NaN,NaN
2024-05-01T12:00:00Z,0.0,32.125,40.125,NaN,NaN
2024-05-01T12:00:00Z,0.0,32.125,44.125,NaN,NaN
2024-05-01T12:00:00Z,0.0,32.125,48.125,NaN,NaN
2024-05-01T12:00:00Z,0.0,32.125,52.125,NaN,NaN
2024-05-01T12:00:00Z,0.0,32.125,56.125,NaN,NaN
2024-05-01T12:00:00Z,0.0,32.125,60.125,NaN,NaN
2024-05-01T12:00:00Z,0.0,32.125,64.125,NaN,NaN
2024-05-01T12:00:00Z,0.0,32.125,68.125,NaN,NaN
2024-05-01T12:00:00Z,0.0,32.125,72.125,NaN,NaN
2024-05-01T12:00:00Z,0.0,32.125,76.125,NaN,NaN
2024-05-01T12:00:00Z,0.0,32.125,80.125,NaN,NaN
2024-05-01T12:00:00Z,0.0,32.125,84.125,NaN,NaN
2024-05-01T12:00:00Z,0.0,32.125,88.125,NaN,NaN
2024-05-01T12:00:00Z,0.0,32.125,92.125,NaN,NaN
2024-05-01T12:00:00Z,0.0,32.125,96.125,NaN,NaN
2024-05-01T12:00:00Z,0.0,32.125,100.125,NaN,NaN
2024-05-01T12:00:00Z,0.0,32.125,104.125,NaN,NaN
2024-05-01T12:00:00Z,0.0,32.125,108.125,NaN,NaN
2024-05-01T12:00:00Z,0.0,32.125,112.125,NaN,NaN
2024-05-01T12:00:00Z,0.0,32.125,116.125,NaN,NaN
2024-05-01T12:00:00Z,0.0,32.125,120.125,NaN,NaN
2024-05-01T12:00:00Z,0.0,32.125,124.125,12.43,-1.86
2024-05-01T12:00:00Z,0.0,32.125,128.125,20.4,1.51
2024-05-01T12:00:00Z,0.0,32.125,132.125,21.75,0.76
2024-05-01T12:00:00Z,0.0,32.125,136.125,21.58,0.78
2024-05-01T12:00:00Z,0.0,32.125,140.125,21.77,1.44
2024-05-01T12:00:00Z,0.0,32.125,144.125,19.38,0.0
2024-05-01T12:00:00Z,0.0,32.125,148.125,19.21,0.16
2024-05-01T12:00:00Z,0.0,32.125,152.125,18.72,-0.28
2024-05-01T12:00:00Z,0.0,32.125,156.125,18.97,0.19
2024-05-01T12:00:00Z,0.0,32.125,160.125,18.24,-0.31
2024-05-01T12:00:00Z,0.0,32.125,164.125,19.48,0.86
2024-05-01T12:00:00Z,0.0,32.125,168.125,18.28,-0.2
2024-05-01T12:00:00Z,0.0,32.125,172.125,19.4,0.99
2024-05-01T12:00:00Z,0.0,32.125,176.125,17.47,-0.79
2024-05-01T12:00:00Z,0.0,32.125,180.125,18.58,0.23
2024-05-01T12:00:00Z,0.0,32.125,184.125,17.48,-0.62
2024-05-01T12:00:00Z,0.0,32.125,188.125,19.28,1.2
2024-05-01T12:00:00Z,0.0,32.125,192.125,19.69,1.64
2024-05-01T12:00:00Z,0.0,32.125,196.125,19.27,1.32
2024-05-01T12:00:00Z,0.0,32.125,200.125,20.01,2.05
2024-05-01T12:00:00Z,0.0,32.125,204.125,19.75,1.55
2024-05-01T12:00:00Z,0.0,32.125,208.125,19.11,0.96
2024-05-01T12:00:00Z,0.0,32.125,212.125,18.51,0.36
2024-05-01T12:00:00Z,0.0,32.125,216.125,18.05,0.02
2024-05-01T12:00:00Z,0.0,32.125,220.125,17.15,-0.63
2024-05-01T12:00:00Z,0.0,32.125,224.125,17.53,0.12
2024-05-01T12:00:00Z,0.0,32.125,228.125,16.31,-0.61
2024-05-01T12:00:00Z,0.0,32.125,232.125,16.32,0.17
2024-05-01T12:00:00Z,0.0,32.125,236.125,14.98,-0.32
2024-05-01T12:00:00Z,0.0,32.125,240.125,14.93,-0.01
2024-05-01T12:00:00Z,0.0,32.125,244.125,NaN,NaN
2024-05-01T12:00:00Z,0.0,32.125,248.125,NaN,NaN
2024-05-01T12:00:00Z,0.0,32.125,252.125,NaN,NaN
2024-05-01T12:00:00Z,0.0,32.125,256.125,NaN,NaN
2024-05-01T12:00:00Z,0.0,32.125,260.125,NaN,NaN
2024-05-01T12:00:00Z,0.0,32.125,264.125,NaN,NaN
2024-05-01T12:00:00Z,0.0,32.125,268.125,NaN,NaN
2024-05-01T12:00:00Z,0.0,32.125,272.125,NaN,NaN
2024-05-01T12:00:00Z,0.0,32.125,276.125,NaN,NaN
2024-05-01T12:00:00Z,0.0,32.125,280.125,21.16,-1.54
2024-05-01T12:00:00Z,0.0,32.125,284.125,21.84,-1.87
2024-05-01T12:00:00Z,0.0,32.125,288.125,20.73,-0.36
2024-05-01T12:00:00Z,0.0,32.125,292.125,20.78,0.1
2024-05-01T12:00:00Z,0.0,32.125,296.125,20.72,-0.03
2024-05-01T12:00:00Z,0.0,32.125,300.125,20.07,-0.64
2024-05-01T12:00:00Z,0.0,32.125,304.125,20.94,0.21
2024-05-01T12:00:00Z,0.0,32.125,308.125,21.14,0.51
2024-05-01T12:00:00Z,0.0,32.125,312.125,20.92,0.36
2024-05-01T12:00:00Z,0.0,32.125,316.125,20.04,-0.37
2024-05-01T12:00:00Z,0.0,32.125,320.125,20.41,0.16
2024-05-01T12:00:00Z,0.0,32.125,324.125,20.44,0.28
2024-05-01T12:00:00Z,0.0,32.125,328.125,20.74,0.92
2024-05-01T12:00:00Z,0.0,32.125,332.125,20.71,1.35
2024-05-01T12:00:00Z,0.0,32.125,336.125,20.14,1.03
2024-05-01T12:00:00Z,0.0,32.125,340.125,20.22,1.51
2024-05-01T12:00:00Z,0.0,32.125,344.125,20.11,1.75
2024-05-01T12:00:00Z,0.0,32.125,348.125,19.77,1.82
2024-05-01T12:00:00Z,0.0,32.125,352.125,NaN,NaN
2024-05-01T12:00:00Z,0.0,32.125,356.125,NaN,NaN
2024-05-01T12:00:00Z,0.0,36.125,0.125,17.57,0.58
2024-05-01T12:00:00Z,0.0,36.125,4.125,NaN,NaN
2024-05-01T12:00:00Z,0.0,36.125,8.125,NaN,NaN
2024-05-01T12:00:00Z,0.0,36.125,12.125,16.62,-0.08
2024-05-01T12:00:00Z,0.0,36.125,16.125,16.92,-0.27
2024-05-01T12:00:00Z,0.0,36.125,20.125,18.08,0.85
2024-05-01T12:00:00Z,0.0,36.125,24.125,17.9,0.74
2024-05-01T12:00:00Z,0.0,36.125,28.125,19.73,1.66
2024-05-01T12:00:00Z,0.0,36.125,32.125,21.38,2.63
2024-05-01T12:00:00Z,0.0,36.125,36.125,NaN,NaN
2024-05-01T12:00:00Z,0.0,36.125,40.125,NaN,NaN
2024-05-01T12:00:00Z,0.0,36.125,44.125,NaN,NaN
2024-05-01T12:00:00Z,0.0,36.125,48.125,NaN,NaN
2024-05-01T12:00:00Z,0.0,36.125,52.125,NaN,NaN
2024-05-01T12:00:00Z,0.0,36.125,56.125,NaN,NaN
2024-05-01T12:00:00Z,0.0,36.125,60.125,NaN,NaN
2024-05-01T12:00:00Z,0.0,36.125,64.125,NaN,NaN
2024-05-01T12:00:00Z,0.0,36.125,68.125,NaN,NaN
2024-05-01T12:00:00Z,0.0,36.125,72.125,NaN,NaN
2024-05-01T12:00:00Z,0.0,36.125,76.125,NaN,NaN
2024-05-01T12:00:00Z,0.0,36.125,80.125,NaN,NaN
2024-05-01T12:00:00Z,0.0,36.125,84.125,NaN,NaN
2024-05-01T12:00:00Z,0.0,36.125,88.125,NaN,NaN
2024-05-01T12:00:00Z,0.0,36.125,92.125,NaN,NaN
2024-05-01T12:00:00Z,0.0,36.125,96.125,NaN,NaN
2024-05-01T12:00:00Z,0.0,36.125,100.125,NaN,NaN
2024-05-01T12:00:00Z,0.0,36.125,104.125,NaN,NaN
2024-05-01T12:00:00Z,0.0,36.125,108.125,NaN,NaN
2024-05-01T12:00:00Z,0.0,36.125,112.125,NaN,NaN
2024-05-01T12:00:00Z,0.0,36.125,116.125,NaN,NaN
2024-05-01T12:00:00Z,0.0,36.125,120.125,NaN,NaN
2024-05-01T12:00:00Z,0.0,36.125,124.125,12.97,1.46
2024-05-01T12:00:00Z,0.0,36.125,128.125,NaN,NaN
2024-05-01T12:00:00Z,0.0,36.125,132.125,16.85,1.87
2024-05-01T12:00:00Z,0.0,36.125,136.125,15.6,1.13
2024-05-01T12:00:00Z,0.0,36.125,140.125,NaN,NaN
2024-05-01T12:00:00Z,0.0,36.125,144.125,18.79,1.27
2024-05-01T12:00:00Z,0.0,36.125,148.125,18.32,1.28
2024-05-01T12:00:00Z,0.0,36.125,152.125,17.08,0.5
2024-05-01T12:00:00Z,0.0,36.125,156.125,14.16,-1.68
2024-05-01T12:00:00Z,0.0,36.125,160.125,16.35,0.8
2024-05-01T12:00:00Z,0.0,36.125,164.125,15.41,-0.07
2024-05-01T12:00:00Z,0.0,36.125,168.125,16.62,1.27
2024-05-01T12:00:00Z,0.0,36.125,172.125,16.85,1.52
2024-05-01T12:00:00Z,0.0,36.125,176.125,16.64,1.56
2024-05-01T12:00:00Z,0.0,36.125,180.125,16.86,1.69
2024-05-01T12:00:00Z,0.0,36.125,184.125,15.6,0.47
2024-05-01T12:00:00Z,0.0,36.125,188.125,15.68,0.77
2024-05-01T12:00:00Z,0.0,36.125,192.125,16.0,1.33
2024-05-01T12:00:00Z,0.0,36.125,196.125,15.9,1.29
2024-05-01T12:00:00Z,0.0,36.125,200.125,15.64,1.22
2024-05-01T12:00:00Z,0.0,36.125,204.125,16.52,2.04
2024-05-01T12:00:00Z,0.0,36.125,208.125,16.34,1.73
2024-05-01T12:00:00Z,0.0,36.125,212.125,16.9,2.03
2024-05-01T12:00:00Z,0.0,36.125,216.125,15.89,0.82
2024-05-01T12:00:00Z,0.0,36.125,220.125,16.56,1.41
2024-05-01T12:00:00Z,0.0,36.125,224.125,15.56,0.36
2024-05-01T12:00:00Z,0.0,36.125,228.125,14.64,-0.16
2024-05-01T12:00:00Z,0.0,36.125,232.125,13.63,-0.54
2024-05-01T12:00:00Z,0.0,36.125,236.125,13.53,0.47
2024-05-01T12:00:00Z,0.0,36.125,240.125,NaN,NaN
2024-05-01T12:00:00Z,0.0,36.125,244.125,NaN,NaN
2024-05-01T12:00:00Z,0.0,36.125,248.125,NaN,NaN
2024-05-01T12:00:00Z,0.0,36.125,252.125,NaN,NaN
2024-05-01T12:00:00Z,0.0,36.125,256.125,NaN,NaN
2024-05-01T12:00:00Z,0.0,36.125,260.125,NaN,NaN
2024-05-01T12:00:00Z,0.0,36.125,264.125,NaN,NaN
2024-05-01T12:00:00Z,0.0,36.125,268.125,NaN,NaN
2024-05-01T12:00:00Z,0.0,36.125,272.125,NaN,NaN
2024-05-01T12:00:00Z,0.0,36.125,276.125,NaN,NaN
2024-05-01T12:00:00Z,0.0,36.125,280.125,NaN,NaN
2024-05-01T12:00:00Z,0.0,36.125,284.125,17.91,0.31
2024-05-01T12:00:00Z,0.0,36.125,288.125,21.43,0.1
2024-05-01T12:00:00Z,0.0,36.125,292.125,21.32,0.18
2024-05-01T12:00:00Z,0.0,36.125,296.125,19.45,-0.99
2024-05-01T12:00:00Z,0.0,36.125,300.125,19.21,-0.19
2024-05-01T12:00:00Z,0.0,36.125,304.125,18.66,-0.32
2024-05-01T12:00:00Z,0.0,36.125,308.125,18.88,0.07
2024-05-01T12:00:00Z,0.0,36.125,312.125,18.58,-0.18
2024-05-01T12:00:00Z,0.0,36.125,316.125,19.01,0.32
2024-05-01T12:00:00Z,0.0,36.125,320.125,18.43,-0.12
2024-05-01T12:00:00Z,0.0,36.125,324.125,18.75,0.4
2024-05-01T12:00:00Z,0.0,36.125,328.125,18.41,0.38
2024-05-01T12:00:00Z,0.0,36.125,332.125,18.62,0.87
2024-05-01T12:00:00Z,0.0,36.125,336.125,18.6,1.08
2024-05-01T12:00:00Z,0.0,36.125,340.125,17.98,0.75
2024-05-01T12:00:00Z,0.0,36.125,344.125,18.2,1.26
2024-05-01T12:00:00Z,0.0,36.125,348.125,17.77,0.87
2024-05-01T12:00:00Z,0.0,36.125,352.125,18.01,0.83
2024-05-01T12:00:00Z,0.0,36.125,356.125,16.88,0.22
2024-05-01T12:00:00Z,0.0,40.125,0.125,16.67,0.56
2024-05-01T12:00:00Z,0.0,40.125,4.125,16.54,0.59
2024-05-01T12:00:00Z,0.0,40.125,8.125,16.11,0.2
2024-05-01T12:00:00Z,0.0,40.125,12.125,16.86,0.56
2024-05-01T12:00:00Z,0.0,40.125,16.125,NaN,NaN
2024-05-01T12:00:00Z,0.0,40.125,20.125,NaN,NaN
2024-05-01T12:00:00Z,0.0,40.125,24.125,17.18,1.19
2024-05-01T12:00:00Z,0.0,40.125,28.125,NaN,NaN
2024-05-01T12:00:00Z,0.0,40.125,32.125,NaN,NaN
2024-05-01T12:00:00Z,0.0,40.125,36.125,NaN,NaN
2024-05-01T12:00:00Z,0.0,40.125,40.125,NaN,NaN
2024-05-01T12:00:00Z,0.0,40.125,44.125,NaN,NaN
2024-05-01T12:00:00Z,0.0,40.125,48.125,NaN,NaN
2024-05-01T12:00:00Z,0.0,40.125,52.125,17.01,3.06
2024-05-01T12:00:00Z,0.0,40.125,56.125,NaN,NaN
2024-05-01T12:00:00Z,0.0,40.125,60.125,NaN,NaN
2024-05-01T12:00:00Z,0.0,40.125,64.125,NaN,NaN
2024-05-01T12:00:00Z,0.0,40.125,68.125,NaN,NaN
2024-05-01T12:00:00Z,0.0,40.125,72.125,NaN,NaN
2024-05-01T12:00:00Z,0.0,40.125,76.125,NaN,NaN
2024-05-01T12:00:00Z,0.0,40.125,80.125,NaN,NaN
2024-05-01T12:00:00Z,0.0,40.125,84.125,NaN,NaN
2024-05-01T12:00:00Z,0.0,40.125,88.125,NaN,NaN
2024-05-01T12:00:00Z,0.0,40.125,92.125,NaN,NaN
2024-05-01T12:00:00Z,0.0,40.125,96.125,NaN,NaN
2024-05-01T12:00:00Z,0.0,40.125,100.125,NaN,NaN
2024-05-01T12:00:00Z,0.0,40.125,104.125,NaN,NaN
2024-05-01T12:00:00Z,0.0,40.125,108.125,NaN,NaN
2024-05-01T12:00:00Z,0.0,40.125,112.125,NaN,NaN
2024-05-01T12:00:00Z,0.0,40.125,116.125,NaN,NaN
2024-05-01T12:00:00Z,0.0,40.125,120.125,11.26,2.84
2024-05-01T12:00:00Z,0.0,40.125,124.125,NaN,NaN
2024-05-01T12:00:00Z,0.0,40.125,128.125,NaN,NaN
2024-05-01T12:00:00Z,0.0,40.125,132.125,12.01,2.55
2024-05-01T12:00:00Z,0.0,40.125,136.125,11.96,2.47
2024-05-01T12:00:00Z,0.0,40.125,140.125,NaN,NaN
2024-05-01T12:00:00Z,0.0,40.125,144.125,19.51,10.88
2024-05-01T12:00:00Z,0.0,40.125,148.125,12.17,2.45
2024-05-01T12:00:00Z,0.0,40.125,152.125,12.57,1.74
2024-05-01T12:00:00Z,0.0,40.125,156.125,11.68,0.9
2024-05-01T12:00:00Z,0.0,40.125,160.125,13.62,3.25
2024-05-01T12:00:00Z,0.0,40.125,164.125,11.76,1.45
2024-05-01T12:00:00Z,0.0,40.125,168.125,13.77,2.56
2024-05-01T12:00:00Z,0.0,40.125,172.125,13.05,1.93
2024-05-01T12:00:00Z,0.0,40.125,176.125,13.92,2.8
2024-05-01T12:00:00Z,0.0,40.125,180.125,14.12,2.89
2024-05-01T12:00:00Z,0.0,40.125,184.125,13.87,2.5
2024-05-01T12:00:00Z,0.0,40.125,188.125,13.61,2.3
2024-05-01T12:00:00Z,0.0,40.125,192.125,13.3,2.14
2024-05-01T12:00:00Z,0.0,40.125,196.125,12.9,1.75
2024-05-01T12:00:00Z,0.0,40.125,200.125,12.66,1.51
2024-05-01T12:00:00Z,0.0,40.125,204.125,12.95,1.73
2024-05-01T12:00:00Z,0.0,40.125,208.125,14.22,2.77
2024-05-01T12:00:00Z,0.0,40.125,212.125,13.38,1.61
2024-05-01T12:00:00Z,0.0,40.125,216.125,12.96,0.82
2024-05-01T12:00:00Z,0.0,40.125,220.125,13.52,1.04
2024-05-01T12:00:00Z,0.0,40.125,224.125,13.19,0.38
2024-05-01T12:00:00Z,0.0,40.125,228.125,12.72,0.01
2024-05-01T12:00:00Z,0.0,40.125,232.125,12.18,-0.2
2024-05-01T12:00:00Z,0.0,40.125,236.125,NaN,NaN
2024-05-01T12:00:00Z,0.0,40.125,240.125,NaN,NaN
2024-05-01T12:00:00Z,0.0,40.125,244.125,NaN,NaN
2024-05-01T12:00:00Z,0.0,40.125,248.125,NaN,NaN
2024-05-01T12:00:00Z,0.0,40.125,252.125,NaN,NaN
2024-05-01T12:00:00Z,0.0,40.125,256.125,NaN,NaN
2024-05-01T12:00:00Z,0.0,40.125,260.125,NaN,NaN
2024-05-01T12:00:00Z,0.0,40.125,264.125,NaN,NaN
2024-05-01T12:00:00Z,0.0,40.125,268.125,NaN,NaN
2024-05-01T12:00:00Z,0.0,40.125,272.125,NaN,NaN
2024-05-01T12:00:00Z,0.0,40.125,276.125,NaN,NaN
2024-05-01T12:00:00Z,0.0,40.125,280.125,NaN,NaN
2024-05-01T12:00:00Z,0.0,40.125,284.125,NaN,NaN
2024-05-01T12:00:00Z,0.0,40.125,288.125,8.47,-1.58
2024-05-01T12:00:00Z,0.0,40.125,292.125,7.75,-4.31
2024-05-01T12:00:00Z,0.0,40.125,296.125,20.29,3.88
2024-05-01T12:00:00Z,0.0,40.125,300.125,15.35,-2.84
2024-05-01T12:00:00Z,0.0,40.125,304.125,20.48,1.95
2024-05-01T12:00:00Z,0.0,40.125,308.125,18.6,0.98
2024-05-01T12:00:00Z,0.0,40.125,312.125,18.32,1.03
2024-05-01T12:00:00Z,0.0,40.125,316.125,18.21,0.72
2024-05-01T12:00:00Z,0.0,40.125,320.125,18.11,1.21
2024-05-01T12:00:00Z,0.0,40.125,324.125,17.89,1.13
2024-05-01T12:00:00Z,0.0,40.125,328.125,17.45,1.05
2024-05-01T12:00:00Z,0.0,40.125,332.125,16.93,1.02
2024-05-01T12:00:00Z,0.0,40.125,336.125,16.58,0.86
2024-05-01T12:00:00Z,0.0,40.125,340.125,15.78,0.39
2024-05-01T12:00:00Z,0.0,40.125,344.125,15.38,0.24
2024-05-01T12:00:00Z,0.0,40.125,348.125,15.88,0.7
2024-05-01T12:00:00Z,0.0,40.125,352.125,NaN,NaN
2024-05-01T12:00:00Z,0.0,40.125,356.125,NaN,NaN
2024-05-01T12:00:00Z,0.0,44.125,0.125,NaN,NaN
2024-05-01T12:00:00Z,0.0,44.125,4.125,NaN,NaN
2024-05-01T12:00:00Z,0.0,44.125,8.125,NaN,NaN
2024-05-01T12:00:00Z,0.0,44.125,12.125,NaN,NaN
2024-05-01T12:00:00Z,0.0,44.125,16.125,NaN,NaN
2024-05-01T12:00:00Z,0.0,44.125,20.125,NaN,NaN
2024-05-01T12:00:00Z,0.0,44.125,24.125,NaN,NaN
2024-05-01T12:00:00Z,0.0,44.125,28.125,NaN,NaN
2024-05-01T12:00:00Z,0.0,44.125,32.125,12.66,0.74
2024-05-01T12:00:00Z,0.0,44.125,36.125,13.6,1.3
2024-05-01T12:00:00Z,0.0,44.125,40.125,NaN,NaN
2024-05-01T12:00:00Z,0.0,44.125,44.125,NaN,NaN
2024-05-01T12:00:00Z,0.0,44.125,48.125,14.9,3.61
2024-05-01T12:00:00Z,0.0,44.125,52.125,NaN,NaN
2024-05-01T12:00:00Z,0.0,44.125,56.125,NaN,NaN
2024-05-01T12:00:00Z,0.0,44.125,60.125,NaN,NaN
2024-05-01T12:00:00Z,0.0,44.125,64.125,NaN,NaN
2024-05-01T12:00:00Z,0.0,44.125,68.125,NaN,NaN
2024-05-01T12:00:00Z,0.0,44.125,72.125,NaN,NaN
2024-05-01T12:00:00Z,0.0,44.125,76.125,NaN,NaN
2024-05-01T12:00:00Z,0.0,44.125,80.125,NaN,NaN
2024-05-01T12:00:00Z,0.0,44.125,84.125,NaN,NaN
2024-05-01T12:00:00Z,0.0,44.125,88.125,NaN,NaN
2024-05-01T12:00:00Z,0.0,44.125,92.125,NaN,NaN
2024-05-01T12:00:00Z,0.0,44.125,96.125,NaN,NaN
2024-05-01T12:00:00Z,0.0,44.125,100.125,NaN,NaN
2024-05-01T12:00:00Z,0.0,44.125,104.125,NaN,NaN
2024-05-01T12:00:00Z,0.0,44.125,108.125,NaN,NaN
2024-05-01T12:00:00Z,0.0,44.125,112.125,NaN,NaN
2024-05-01T12:00:00Z,0.0,44.125,116.125,NaN,NaN
2024-05-01T12:00:00Z,0.0,44.125,120.125,NaN,NaN
2024-05-01T12:00:00Z,0.0,44.125,124.125,NaN,NaN
2024-05-01T12:00:00Z,0.0,44.125,128.125,NaN,NaN
2024-05-01T12:00:00Z,0.0,44.125,132.125,NaN,NaN
2024-05-01T12:00:00Z,0.0,44.125,136.125,6.12,1.32
2024-05-01T12:00:00Z,0.0,44.125,140.125,7.62,0.52
2024-05-01T12:00:00Z,0.0,44.125,144.125,5.13,2.52
2024-05-01T12:00:00Z,0.0,44.125,148.125,3.76,1.12
2024-05-01T12:00:00Z,0.0,44.125,152.125,4.09,0.92
2024-05-01T12:00:00Z,0.0,44.125,156.125,7.08,2.83
2024-05-01T12:00:00Z,0.0,44.125,160.125,6.79,2.0
2024-05-01T12:00:00Z,0.0,44.125,164.125,7.52,2.5
2024-05-01T12:00:00Z,0.0,44.125,168.125,5.46,0.58
2024-05-01T12:00:00Z,0.0,44.125,172.125,5.92,0.08
2024-05-01T12:00:00Z,0.0,44.125,176.125,10.8,4.18
2024-05-01T12:00:00Z,0.0,44.125,180.125,9.45,2.45
2024-05-01T12:00:00Z,0.0,44.125,184.125,8.97,1.77
2024-05-01T12:00:00Z,0.0,44.125,188.125,8.86,1.48
2024-05-01T12:00:00Z,0.0,44.125,192.125,8.09,0.46
2024-05-01T12:00:00Z,0.0,44.125,196.125,8.72,0.89
2024-05-01T12:00:00Z,0.0,44.125,200.125,8.99,0.97
2024-05-01T12:00:00Z,0.0,44.125,204.125,9.22,0.95
2024-05-01T12:00:00Z,0.0,44.125,208.125,9.35,0.77
2024-05-01T12:00:00Z,0.0,44.125,212.125,9.1,0.11
2024-05-01T12:00:00Z,0.0,44.125,216.125,9.82,0.44
2024-05-01T12:00:00Z,0.0,44.125,220.125,10.06,0.2
2024-05-01T12:00:00Z,0.0,44.125,224.125,10.68,0.36
2024-05-01T12:00:00Z,0.0,44.125,228.125,10.36,-0.32
2024-05-01T12:00:00Z,0.0,44.125,232.125,10.93,-0.01
2024-05-01T12:00:00Z,0.0,44.125,236.125,NaN,NaN
2024-05-01T12:00:00Z,0.0,44.125,240.125,NaN,NaN
2024-05-01T12:00:00Z,0.0,44.125,244.125,NaN,NaN
2024-05-01T12:00:00Z,0.0,44.125,248.125,NaN,NaN
2024-05-01T12:00:00Z,0.0,44.125,252.125,NaN,NaN
2024-05-01T12:00:00Z,0.0,44.125,256.125,NaN,NaN
2024-05-01T12:00:00Z,0.0,44.125,260.125,NaN,NaN
2024-05-01T12:00:00Z,0.0,44.125,264.125,NaN,NaN
2024-05-01T12:00:00Z,0.0,44.125,268.125,NaN,NaN
2024-05-01T12:00:00Z,0.0,44.125,272.125,NaN,NaN
2024-05-01T12:00:00Z,0.0,44.125,276.125,NaN,NaN
2024-05-01T12:00:00Z,0.0,44.125,280.125,NaN,NaN
2024-05-01T12:00:00Z,0.0,44.125,284.125,NaN,NaN
2024-05-01T12:00:00Z,0.0,44.125,288.125,NaN,NaN
2024-05-01T12:00:00Z,0.0,44.125,292.125,6.72,0.84
2024-05-01T12:00:00Z,0.0,44.125,296.125,5.36,1.81
2024-05-01T12:00:00Z,0.0,44.125,300.125,4.29,-0.1
2024-05-01T12:00:00Z,0.0,44.125,304.125,4.86,-0.62
2024-05-01T12:00:00Z,0.0,44.125,308.125,5.33,0.68
2024-05-01T12:00:00Z,0.0,44.125,312.125,8.97,1.85
2024-05-01T12:00:00Z,0.0,44.125,316.125,15.32,1.04
2024-05-01T12:00:00Z,0.0,44.125,320.125,17.53,2.32
2024-05-01T12:00:00Z,0.0,44.125,324.125,16.47,1.63
2024-05-01T12:00:00Z,0.0,44.125,328.125,16.05,1.14
2024-05-01T12:00:00Z,0.0,44.125,332.125,14.58,0.03
2024-05-01T12:00:00Z,0.0,44.125,336.125,14.46,0.25
2024-05-01T12:00:00Z,0.0,44.125,340.125,13.76,-0.07
2024-05-01T12:00:00Z,0.0,44.125,344.125,13.71,0.19
2024-05-01T12:00:00Z,0.0,44.125,348.125,13.79,0.39
2024-05-01T12:00:00Z,0.0,44.125,352.125,13.79,0.4
2024-05-01T12:00:00Z,0.0,44.125,356.125,14.16,0.48
2024-05-01T12:00:00Z,0.0,48.125,0.125,NaN,NaN
2024-05-01T12:00:00Z,0.0,48.125,4.125,NaN,NaN
2024-05-01T12:00:00Z,0.0,48.125,8.125,NaN,NaN
2024-05-01T12:00:00Z,0.0,48.125,12.125,NaN,NaN
2024-05-01T12:00:00Z,0.0,48.125,16.125,NaN,NaN
2024-05-01T12:00:00Z,0.0,48.125,20.125,NaN,NaN
2024-05-01T12:00:00Z,0.0,48.125,24.125,NaN,NaN
2024-05-01T12:00:00Z,0.0,48.125,28.125,NaN,NaN
2024-05-01T12:00:00Z,0.0,48.125,32.125,NaN,NaN
2024-05-01T12:00:00Z,0.0,48.125,36.125,NaN,NaN
2024-05-01T12:00:00Z,0.0,48.125,40.125,NaN,NaN
2024-05-01T12:00:00Z,0.0,48.125,44.125,NaN,NaN
2024-05-01T12:00:00Z,0.0,48.125,48.125,NaN,NaN
2024-05-01T12:00:00Z,0.0,48.125,52.125,NaN,NaN
2024-05-01T12:00:00Z,0.0,48.125,56.125,NaN,NaN
2024-05-01T12:00:00Z,0.0,48.125,60.125,NaN,NaN
2024-05-01T12:00:00Z,0.0,48.125,64.125,NaN,NaN
2024-05-01T12:00:00Z,0.0,48.125,68.125,NaN,NaN
2024-05-01T12:00:00Z,0.0,48.125,72.125,NaN,NaN
2024-05-01T12:00:00Z,0.0,48.125,76.125,NaN,NaN
2024-05-01T12:00:00Z,0.0,48.125,80.125,NaN,NaN
2024-05-01T12:00:00Z,0.0,48.125,84.125,NaN,NaN
2024-05-01T12:00:00Z,0.0,48.125,88.125,NaN,NaN
2024-05-01T12:00:00Z,0.0,48.125,92.125,NaN,NaN
2024-05-01T12:00:00Z,0.0,48.125,96.125,NaN,NaN
2024-05-01T12:00:00Z,0.0,48.125,100.125,NaN,NaN
2024-05-01T12:00:00Z,0.0,48.125,104.125,NaN,NaN
2024-05-01T12:00:00Z,0.0,48.125,108.125,NaN,NaN
2024-05-01T12:00:00Z,0.0,48.125,112.125,NaN,NaN
2024-05-01T12:00:00Z,0.0,48.125,116.125,NaN,NaN
2024-05-01T12:00:00Z,0.0,48.125,120.125,NaN,NaN
2024-05-01T12:00:00Z,0.0,48.125,124.125,NaN,NaN
2024-05-01T12:00:00Z,0.0,48.125,128.125,NaN,NaN
2024-05-01T12:00:00Z,0.0,48.125,132.125,NaN,NaN
2024-05-01T12:00:00Z,0.0,48.125,136.125,NaN,NaN
2024-05-01T12:00:00Z,0.0,48.125,140.125,3.62,0.35
2024-05-01T12:00:00Z,0.0,48.125,144.125,3.32,1.84
2024-05-01T12:00:00Z,0.0,48.125,148.125,2.11,0.65
2024-05-01T12:00:00Z,0.0,48.125,152.125,1.98,-0.05
2024-05-01T12:00:00Z,0.0,48.125,156.125,2.09,-0.2
2024-05-01T12:00:00Z,0.0,48.125,160.125,2.12,-0.67
2024-05-01T12:00:00Z,0.0,48.125,164.125,2.41,-0.91
2024-05-01T12:00:00Z,0.0,48.125,168.125,3.58,0.01
2024-05-01T12:00:00Z,0.0,48.125,172.125,3.54,-0.4
2024-05-01T12:00:00Z,0.0,48.125,176.125,4.11,-0.05
2024-05-01T12:00:00Z,0.0,48.125,180.125,4.46,0.05
2024-05-01T12:00:00Z,0.0,48.125,184.125,4.82,0.18
2024-05-01T12:00:00Z,0.0,48.125,188.125,5.13,0.21
2024-05-01T12:00:00Z,0.0,48.125,192.125,5.65,0.38
2024-05-01T12:00:00Z,0.0,48.125,196.125,6.13,0.54
2024-05-01T12:00:00Z,0.0,48.125,200.125,5.92,0.16
2024-05-01T12:00:00Z,0.0,48.125,204.125,6.74,0.69
2024-05-01T12:00:00Z,0.0,48.125,208.125,7.16,0.77
2024-05-01T12:00:00Z,0.0,48.125,212.125,7.48,0.69
2024-05-01T12:00:00Z,0.0,48.125,216.125,7.43,0.12
2024-05-01T12:00:00Z,0.0,48.125,220.125,7.91,0.06
2024-05-01T12:00:00Z,0.0,48.125,224.125,8.37,0.01
2024-05-01T12:00:00Z,0.0,48.125,228.125,9.06,0.07
2024-05-01T12:00:00Z,0.0,48.125,232.125,10.11,0.21
2024-05-01T12:00:00Z,0.0,48.125,236.125,NaN,NaN
2024-05-01T12:00:00Z,0.0,48.125,240.125,NaN,NaN
2024-05-01T12:00:00Z,0.0,48.125,244.125,NaN,NaN
2024-05-01T12:00:00Z,0.0,48.125,248.125,NaN,NaN
2024-05-01T12:00:00Z,0.0,48.125,252.125,NaN,NaN
2024-05-01T12:00:00Z,0.0,48.125,256.125,NaN,NaN
2024-05-01T12:00:00Z,0.0,48.125,260.125,NaN,NaN
2024-05-01T12:00:00Z,0.0,48.125,264.125,NaN,NaN
2024-05-01T12:00:00Z,0.0,48.125,268.125,NaN,NaN
2024-05-01T12:00:00Z,0.0,48.125,272.125,2.54,0.33
2024-05-01T12:00:00Z,0.0,48.125,276.125,NaN,NaN
2024-05-01T12:00:00Z,0.0,48.125,280.125,NaN,NaN
2024-05-01T12:00:00Z,0.0,48.125,284.125,NaN,NaN
2024-05-01T12:00:00Z,0.0,48.125,288.125,NaN,NaN
2024-05-01T12:00:00Z,0.0,48.125,292.125,NaN,NaN
2024-05-01T12:00:00Z,0.0,48.125,296.125,2.78,0.44
2024-05-01T12:00:00Z,0.0,48.125,300.125,1.97,0.27
2024-05-01T12:00:00Z,0.0,48.125,304.125,NaN,NaN
2024-05-01T12:00:00Z,0.0,48.125,308.125,1.15,-0.03
2024-05-01T12:00:00Z,0.0,48.125,312.125,1.63,-0.21
2024-05-01T12:00:00Z,0.0,48.125,316.125,6.39,-0.43
2024-05-01T12:00:00Z,0.0,48.125,320.125,13.66,1.2
2024-05-01T12:00:00Z,0.0,48.125,324.125,13.02,0.4
2024-05-01T12:00:00Z,0.0,48.125,328.125,12.67,-0.01
2024-05-01T12:00:00Z,0.0,48.125,332.125,12.63,-0.15
2024-05-01T12:00:00Z,0.0,48.125,336.125,12.73,0.0
2024-05-01T12:00:00Z,0.0,48.125,340.125,12.4,-0.33
2024-05-01T12:00:00Z,0.0,48.125,344.125,12.84,0.42
2024-05-01T12:00:00Z,0.0,48.125,348.125,12.62,0.37
2024-05-01T12:00:00Z,0.0,48.125,352.125,12.64,0.71
2024-05-01T12:00:00Z,0.0,48.125,356.125,NaN,NaN
2024-05-01T12:00:00Z,0.0,52.125,0.125,NaN,NaN
2024-05-01T12:00:00Z,0.0,52.125,4.125,11.2,2.05
2024-05-01T12:00:00Z,0.0,52.125,8.125,NaN,NaN
2024-05-01T12:00:00Z,0.0,52.125,12.125,NaN,NaN
2024-05-01T12:00:00Z,0.0,52.125,16.125,NaN,NaN
2024-05-01T12:00:00Z,0.0,52.125,20.125,NaN,NaN
2024-05-01T12:00:00Z,0.0,52.125,24.125,NaN,NaN
2024-05-01T12:00:00Z,0.0,52.125,28.125,NaN,NaN
2024-05-01T12:00:00Z,0.0,52.125,32.125,NaN,NaN
2024-05-01T12:00:00Z,0.0,52.125,36.125,NaN,NaN
2024-05-01T12:00:00Z,0.0,52.125,40.125,NaN,NaN
2024-05-01T12:00:00Z,0.0,52.125,44.125,NaN,NaN
2024-05-01T12:00:00Z,0.0,52.125,48.125,NaN,NaN
2024-05-01T12:00:00Z,0.0,52.125,52.125,NaN,NaN
2024-05-01T12:00:00Z,0.0,52.125,56.125,NaN,NaN
2024-05-01T12:00:00Z,0.0,52.125,60.125,NaN,NaN
2024-05-01T12:00:00Z,0.0,52.125,64.125,NaN,NaN
2024-05-01T12:00:00Z,0.0,52.125,68.125,NaN,NaN
2024-05-01T12:00:00Z,0.0,52.125,72.125,NaN,NaN
2024-05-01T12:00:00Z,0.0,52.125,76.125,NaN,NaN
2024-05-01T12:00:00Z,0.0,52.125,80.125,NaN,NaN
2024-05-01T12:00:00Z,0.0,52.125,84.125,NaN,NaN
2024-05-01T12:00:00Z,0.0,52.125,88.125,NaN,NaN
2024-05-01T12:00:00Z,0.0,52.125,92.125,NaN,NaN
2024-05-01T12:00:00Z,0.0,52.125,96.125,NaN,NaN
2024-05-01T12:00:00Z,0.0,52.125,100.125,NaN,NaN
2024-05-01T12:00:00Z,0.0,52.125,104.125,NaN,NaN
2024-05-01T12:00:00Z,0.0,52.125,108.125,NaN,NaN
2024-05-01T12:00:00Z,0.0,52.125,112.125,NaN,NaN
2024-05-01T12:00:00Z,0.0,52.125,116.125,NaN,NaN
2024-05-01T12:00:00Z,0.0,52.125,120.125,NaN,NaN
2024-05-01T12:00:00Z,0.0,52.125,124.125,NaN,NaN
2024-05-01T12:00:00Z,0.0,52.125,128.125,NaN,NaN
2024-05-01T12:00:00Z,0.0,52.125,132.125,NaN,NaN
2024-05-01T12:00:00Z,0.0,52.125,136.125,NaN,NaN
2024-05-01T12:00:00Z,0.0,52.125,140.125,NaN,NaN
2024-05-01T12:00:00Z,0.0,52.125,144.125,-1.36,-1.84
2024-05-01T12:00:00Z,0.0,52.125,148.125,0.96,-0.04
2024-05-01T12:00:00Z,0.0,52.125,152.125,2.11,0.63
2024-05-01T12:00:00Z,0.0,52.125,156.125,1.36,-0.22
2024-05-01T12:00:00Z,0.0,52.125,160.125,1.86,-0.35
2024-05-01T12:00:00Z,0.0,52.125,164.125,2.59,-0.52
2024-05-01T12:00:00Z,0.0,52.125,168.125,2.96,-0.65
2024-05-01T12:00:00Z,0.0,52.125,172.125,3.5,-0.56
2024-05-01T12:00:00Z,0.0,52.125,176.125,3.62,-0.47
2024-05-01T12:00:00Z,0.0,52.125,180.125,3.93,-0.16
2024-05-01T12:00:00Z,0.0,52.125,184.125,3.79,-0.49
2024-05-01T12:00:00Z,0.0,52.125,188.125,4.25,-0.17
2024-05-01T12:00:00Z,0.0,52.125,192.125,4.51,-0.17
2024-05-01T12:00:00Z,0.0,52.125,196.125,4.48,-0.21
2024-05-01T12:00:00Z,0.0,52.125,200.125,4.51,-0.27
2024-05-01T12:00:00Z,0.0,52.125,204.125,5.21,0.37
2024-05-01T12:00:00Z,0.0,52.125,208.125,5.33,0.27
2024-05-01T12:00:00Z,0.0,52.125,212.125,5.56,0.05
2024-05-01T12:00:00Z,0.0,52.125,216.125,6.49,0.33
2024-05-01T12:00:00Z,0.0,52.125,220.125,7.34,0.5
2024-05-01T12:00:00Z,0.0,52.125,224.125,8.69,1.02
2024-05-01T12:00:00Z,0.0,52.125,228.125,9.1,0.51
2024-05-01T12:00:00Z,0.0,52.125,232.125,NaN,NaN
2024-05-01T12:00:00Z,0.0,52.125,236.125,NaN,NaN
2024-05-01T12:00:00Z,0.0,52.125,240.125,NaN,NaN
2024-05-01T12:00:00Z,0.0,52.125,244.125,NaN,NaN
2024-05-01T12:00:00Z,0.0,52.125,248.125,NaN,NaN
2024-05-01T12:00:00Z,0.0,52.125,252.125,NaN,NaN
2024-05-01T12:00:00Z,0.0,52.125,256.125,NaN,NaN
2024-05-01T12:00:00Z,0.0,52.125,260.125,NaN,NaN
2024-05-01T12:00:00Z,0.0,52.125,264.125,NaN,NaN
2024-05-01T12:00:00Z,0.0,52.125,268.125,NaN,NaN
2024-05-01T12:00:00Z,0.0,52.125,272.125,NaN,NaN
2024-05-01T12:00:00Z,0.0,52.125,276.125,NaN,NaN
2024-05-01T12:00:00Z,0.0,52.125,280.125,-1.19,0.2
2024-05-01T12:00:00Z,0.0,52.125,284.125,NaN,NaN
2024-05-01T12:00:00Z,0.0,52.125,288.125,NaN,NaN
2024-05-01T12:00:00Z,0.0,52.125,292.125,NaN,NaN
2024-05-01T12:00:00Z,0.0,52.125,296.125,NaN,NaN
2024-05-01T12:00:00Z,0.0,52.125,300.125,NaN,NaN
2024-05-01T12:00:00Z,0.0,52.125,304.125,NaN,NaN
2024-05-01T12:00:00Z,0.0,52.125,308.125,1.0,-0.17
2024-05-01T12:00:00Z,0.0,52.125,312.125,6.92,2.19
2024-05-01T12:00:00Z,0.0,52.125,316.125,7.69,0.37
2024-05-01T12:00:00Z,0.0,52.125,320.125,7.37,-0.33
2024-05-01T12:00:00Z,0.0,52.125,324.125,7.66,-0.27
2024-05-01T12:00:00Z,0.0,52.125,328.125,9.46,0.62
2024-05-01T12:00:00Z,0.0,52.125,332.125,9.22,-0.85
2024-05-01T12:00:00Z,0.0,52.125,336.125,10.59,-0.12
2024-05-01T12:00:00Z,0.0,52.125,340.125,11.41,0.19
2024-05-01T12:00:00Z,0.0,52.125,344.125,11.78,0.47
2024-05-01T12:00:00Z,0.0,52.125,348.125,11.71,0.62
2024-05-01T12:00:00Z,0.0,52.125,352.125,NaN,NaN
2024-05-01T12:00:00Z,0.0,52.125,356.125,NaN,NaN
2024-05-01T12:00:00Z,0.0,56.125,0.125,8.21,0.57
2024-05-01T12:00:00Z,0.0,56.125,4.125,8.37,0.82
2024-05-01T12:00:00Z,0.0,56.125,8.125,10.19,2.27
2024-05-01T12:00:00Z,0.0,56.125,12.125,8.96,1.45
2024-05-01T12:00:00Z,0.0,56.125,16.125,5.54,-0.29
2024-05-01T12:00:00Z,0.0,56.125,20.125,6.0,0.36
2024-05-01T12:00:00Z,0.0,56.125,24.125,NaN,NaN
2024-05-01T12:00:00Z,0.0,56.125,28.125,NaN,NaN
2024-05-01T12:00:00Z,0.0,56.125,32.125,NaN,NaN
2024-05-01T12:00:00Z,0.0,56.125,36.125,NaN,NaN
2024-05-01T12:00:00Z,0.0,56.125,40.125,NaN,NaN
2024-05-01T12:00:00Z,0.0,56.125,44.125,NaN,NaN
2024-05-01T12:00:00Z,0.0,56.125,48.125,NaN,NaN
2024-05-01T12:00:00Z,0.0,56.125,52.125,NaN,NaN
2024-05-01T12:00:00Z,0.0,56.125,56.125,NaN,NaN
2024-05-01T12:00:00Z,0.0,56.125,60.125,NaN,NaN
2024-05-01T12:00:00Z,0.0,56.125,64.125,NaN,NaN
2024-05-01T12:00:00Z,0.0,56.125,68.125,NaN,NaN
2024-05-01T12:00:00Z,0.0,56.125,72.125,NaN,NaN
2024-05-01T12:00:00Z,0.0,56.125,76.125,NaN,NaN
2024-05-01T12:00:00Z,0.0,56.125,80.125,NaN,NaN
2024-05-01T12:00:00Z,0.0,56.125,84.125,NaN,NaN
2024-05-01T12:00:00Z,0.0,56.125,88.125,NaN,NaN
2024-05-01T12:00:00Z,0.0,56.125,92.125,NaN,NaN
2024-05-01T12:00:00Z,0.0,56.125,96.125,NaN,NaN
2024-05-01T12:00:00Z,0.0,56.125,100.125,NaN,NaN
2024-05-01T12:00:00Z,0.0,56.125,104.125,NaN,NaN
2024-05-01T12:00:00Z,0.0,56.125,108.125,NaN,NaN
2024-05-01T12:00:00Z,0.0,56.125,112.125,NaN,NaN
2024-05-01T12:00:00Z,0.0,56.125,116.125,NaN,NaN
2024-05-01T12:00:00Z,0.0,56.125,120.125,NaN,NaN
2024-05-01T12:00:00Z,0.0,56.125,124.125,NaN,NaN
2024-05-01T12:00:00Z,0.0,56.125,128.125,NaN,NaN
2024-05-01T12:00:00Z,0.0,56.125,132.125,NaN,NaN
2024-05-01T12:00:00Z,0.0,56.125,136.125,NaN,NaN
2024-05-01T12:00:00Z,0.0,56.125,140.125,-0.08,0.07
2024-05-01T12:00:00Z,0.0,56.125,144.125,0.75,0.41
2024-05-01T12:00:00Z,0.0,56.125,148.125,0.51,-0.08
2024-05-01T12:00:00Z,0.0,56.125,152.125,1.21,0.23
2024-05-01T12:00:00Z,0.0,56.125,156.125,NaN,NaN
2024-05-01T12:00:00Z,0.0,56.125,160.125,NaN,NaN
2024-05-01T12:00:00Z,0.0,56.125,164.125,0.96,-0.64
2024-05-01T12:00:00Z,0.0,56.125,168.125,2.21,0.15
2024-05-01T12:00:00Z,0.0,56.125,172.125,2.63,0.13
2024-05-01T12:00:00Z,0.0,56.125,176.125,2.85,0.25
2024-05-01T12:00:00Z,0.0,56.125,180.125,2.78,0.04
2024-05-01T12:00:00Z,0.0,56.125,184.125,2.93,-0.37
2024-05-01T12:00:00Z,0.0,56.125,188.125,2.99,-0.28
2024-05-01T12:00:00Z,0.0,56.125,192.125,2.91,0.01
2024-05-01T12:00:00Z,0.0,56.125,196.125,3.17,0.62
2024-05-01T12:00:00Z,0.0,56.125,200.125,NaN,NaN
2024-05-01T12:00:00Z,0.0,56.125,204.125,4.57,-0.42
2024-05-01T12:00:00Z,0.0,56.125,208.125,5.73,0.29
2024-05-01T12:00:00Z,0.0,56.125,212.125,5.38,-0.06
2024-05-01T12:00:00Z,0.0,56.125,216.125,5.8,0.05
2024-05-01T12:00:00Z,0.0,56.125,220.125,7.37,0.87
2024-05-01T12:00:00Z,0.0,56.125,224.125,7.8,0.44
2024-05-01T12:00:00Z,0.0,56.125,228.125,NaN,NaN
2024-05-01T12:00:00Z,0.0,56.125,232.125,NaN,NaN
2024-05-01T12:00:00Z,0.0,56.125,236.125,NaN,NaN
2024-05-01T12:00:00Z,0.0,56.125,240.125,NaN,NaN
2024-05-01T12:00:00Z,0.0,56.125,244.125,NaN,NaN
2024-05-01T12:00:00Z,0.0,56.125,248.125,NaN,NaN
2024-05-01T12:00:00Z,0.0,56.125,252.125,NaN,NaN
2024-05-01T12:00:00Z,0.0,56.125,256.125,NaN,NaN
2024-05-01T12:00:00Z,0.0,56.125,260.125,NaN,NaN
2024-05-01T12:00:00Z,0.0,56.125,264.125,NaN,NaN
2024-05-01T12:00:00Z,0.0,56.125,268.125,NaN,NaN
2024-05-01T12:00:00Z,0.0,56.125,272.125,NaN,NaN
2024-05-01T12:00:00Z,0.0,56.125,276.125,-1.43,0.15
2024-05-01T12:00:00Z,0.0,56.125,280.125,-1.07,0.35
2024-05-01T12:00:00Z,0.0,56.125,284.125,NaN,NaN
2024-05-01T12:00:00Z,0.0,56.125,288.125,NaN,NaN
2024-05-01T12:00:00Z,0.0,56.125,292.125,NaN,NaN
2024-05-01T12:00:00Z,0.0,56.125,296.125,NaN,NaN
2024-05-01T12:00:00Z,0.0,56.125,300.125,-1.6,-0.84
2024-05-01T12:00:00Z,0.0,56.125,304.125,3.93,2.47
2024-05-01T12:00:00Z,0.0,56.125,308.125,3.35,0.65
2024-05-01T12:00:00Z,0.0,56.125,312.125,4.12,0.69
2024-05-01T12:00:00Z,0.0,56.125,316.125,4.25,0.59
2024-05-01T12:00:00Z,0.0,56.125,320.125,5.74,1.29
2024-05-01T12:00:00Z,0.0,56.125,324.125,6.83,0.91
2024-05-01T12:00:00Z,0.0,56.125,328.125,7.17,0.15
2024-05-01T12:00:00Z,0.0,56.125,332.125,8.74,0.69
2024-05-01T12:00:00Z,0.0,56.125,336.125,9.08,-0.07
2024-05-01T12:00:00Z,0.0,56.125,340.125,10.41,0.51
2024-05-01T12:00:00Z,0.0,56.125,344.125,10.52,0.53
2024-05-01T12:00:00Z,0.0,56.125,348.125,11.1,0.91
2024-05-01T12:00:00Z,0.0,56.125,352.125,10.92,1.34
2024-05-01T12:00:00Z,0.0,56.125,356.125,NaN,NaN
2024-05-01T12:00:00Z,0.0,60.125,0.125,8.85,0.81
2024-05-01T12:00:00Z,0.0,60.125,4.125,7.31,0.06
2024-05-01T12:00:00Z,0.0,60.125,8.125,NaN,NaN
2024-05-01T12:00:00Z,0.0,60.125,12.125,NaN,NaN
2024-05-01T12:00:00Z,0.0,60.125,16.125,NaN,NaN
2024-05-01T12:00:00Z,0.0,60.125,20.125,NaN,NaN
2024-05-01T12:00:00Z,0.0,60.125,24.125,NaN,NaN
2024-05-01T12:00:00Z,0.0,60.125,28.125,5.06,2.48
2024-05-01T12:00:00Z,0.0,60.125,32.125,NaN,NaN
2024-05-01T12:00:00Z,0.0,60.125,36.125,NaN,NaN
2024-05-01T12:00:00Z,0.0,60.125,40.125,NaN,NaN
2024-05-01T12:00:00Z,0.0,60.125,44.125,NaN,NaN
2024-05-01T12:00:00Z,0.0,60.125,48.125,NaN,NaN
2024-05-01T12:00:00Z,0.0,60.125,52.125,NaN,NaN
2024-05-01T12:00:00Z,0.0,60.125,56.125,NaN,NaN
2024-05-01T12:00:00Z,0.0,60.125,60.125,NaN,NaN
2024-05-01T12:00:00Z,0.0,60.125,64.125,NaN,NaN
2024-05-01T12:00:00Z,0.0,60.125,68.125,NaN,NaN
2024-05-01T12:00:00Z,0.0,60.125,72.125,NaN,NaN
2024-05-01T12:00:00Z,0.0,60.125,76.125,NaN,NaN
2024-05-01T12:00:00Z,0.0,60.125,80.125,NaN,NaN
2024-05-01T12:00:00Z,0.0,60.125,84.125,NaN,NaN
2024-05-01T12:00:00Z,0.0,60.125,88.125,NaN,NaN
2024-05-01T12:00:00Z,0.0,60.125,92.125,NaN,NaN
2024-05-01T12:00:00Z,0.0,60.125,96.125,NaN,NaN
2024-05-01T12:00:00Z,0.0,60.125,100.125,NaN,NaN
2024-05-01T12:00:00Z,0.0,60.125,104.125,NaN,NaN
2024-05-01T12:00:00Z,0.0,60.125,108.125,NaN,NaN
2024-05-01T12:00:00Z,0.0,60.125,112.125,NaN,NaN
2024-05-01T12:00:00Z,0.0,60.125,116.125,NaN,NaN
2024-05-01T12:00:00Z,0.0,60.125,120.125,NaN,NaN
2024-05-01T12:00:00Z,0.0,60.125,124.125,NaN,NaN
2024-05-01T12:00:00Z,0.0,60.125,128.125,NaN,NaN
2024-05-01T12:00:00Z,0.0,60.125,132.125,NaN,NaN
2024-05-01T12:00:00Z,0.0,60.125,136.125,NaN,NaN
2024-05-01T12:00:00Z,0.0,60.125,140.125,NaN,NaN
2024-05-01T12:00:00Z,0.0,60.125,144.125,NaN,NaN
2024-05-01T12:00:00Z,0.0,60.125,148.125,NaN,NaN
2024-05-01T12:00:00Z,0.0,60.125,152.125,NaN,NaN
2024-05-01T12:00:00Z,0.0,60.125,156.125,-0.74,-1.07
2024-05-01T12:00:00Z,0.0,60.125,160.125,-0.32,-0.88
2024-05-01T12:00:00Z,0.0,60.125,164.125,NaN,NaN
2024-05-01T12:00:00Z,0.0,60.125,168.125,1.48,0.34
2024-05-01T12:00:00Z,0.0,60.125,172.125,2.66,1.32
2024-05-01T12:00:00Z,0.0,60.125,176.125,3.01,1.5
2024-05-01T12:00:00Z,0.0,60.125,180.125,3.54,2.31
2024-05-01T12:00:00Z,0.0,60.125,184.125,0.4,0.04
2024-05-01T12:00:00Z,0.0,60.125,188.125,-1.55,-1.35
2024-05-01T12:00:00Z,0.0,60.125,192.125,-1.3,-1.32
2024-05-01T12:00:00Z,0.0,60.125,196.125,NaN,NaN
2024-05-01T12:00:00Z,0.0,60.125,200.125,NaN,NaN
2024-05-01T12:00:00Z,0.0,60.125,204.125,NaN,NaN
2024-05-01T12:00:00Z,0.0,60.125,208.125,4.94,0.01
2024-05-01T12:00:00Z,0.0,60.125,212.125,NaN,NaN
2024-05-01T12:00:00Z,0.0,60.125,216.125,NaN,NaN
2024-05-01T12:00:00Z,0.0,60.125,220.125,NaN,NaN
2024-05-01T12:00:00Z,0.0,60.125,224.125,NaN,NaN
2024-05-01T12:00:00Z,0.0,60.125,228.125,NaN,NaN
2024-05-01T12:00:00Z,0.0,60.125,232.125,NaN,NaN
2024-05-01T12:00:00Z,0.0,60.125,236.125,NaN,NaN
2024-05-01T12:00:00Z,0.0,60.125,240.125,NaN,NaN
2024-05-01T12:00:00Z,0.0,60.125,244.125,NaN,NaN
2024-05-01T12:00:00Z,0.0,60.125,248.125,NaN,NaN
2024-05-01T12:00:00Z,0.0,60.125,252.125,NaN,NaN
2024-05-01T12:00:00Z,0.0,60.125,256.125,NaN,NaN
2024-05-01T12:00:00Z,0.0,60.125,260.125,NaN,NaN
2024-05-01T12:00:00Z,0.0,60.125,264.125,NaN,NaN
2024-05-01T12:00:00Z,0.0,60.125,268.125,-1.56,-0.1
2024-05-01T12:00:00Z,0.0,60.125,272.125,-1.53,0.15
2024-05-01T12:00:00Z,0.0,60.125,276.125,-1.51,0.07
2024-05-01T12:00:00Z,0.0,60.125,280.125,-1.33,-0.09
2024-05-01T12:00:00Z,0.0,60.125,284.125,NaN,NaN
2024-05-01T12:00:00Z,0.0,60.125,288.125,NaN,NaN
2024-05-01T12:00:00Z,0.0,60.125,292.125,-1.69,-0.19
2024-05-01T12:00:00Z,0.0,60.125,296.125,-1.5,-0.28
2024-05-01T12:00:00Z,0.0,60.125,300.125,1.63,1.05
2024-05-01T12:00:00Z,0.0,60.125,304.125,2.39,0.26
2024-05-01T12:00:00Z,0.0,60.125,308.125,2.48,0.38
2024-05-01T12:00:00Z,0.0,60.125,312.125,2.81,1.2
2024-05-01T12:00:00Z,0.0,60.125,316.125,NaN,NaN
2024-05-01T12:00:00Z,0.0,60.125,320.125,5.89,1.71
2024-05-01T12:00:00Z,0.0,60.125,324.125,6.8,1.84
2024-05-01T12:00:00Z,0.0,60.125,328.125,7.94,1.68
2024-05-01T12:00:00Z,0.0,60.125,332.125,8.66,1.36
2024-05-01T12:00:00Z,0.0,60.125,336.125,9.18,1.14
2024-05-01T12:00:00Z,0.0,60.125,340.125,9.46,1.0
2024-05-01T12:00:00Z,0.0,60.125,344.125,9.46,0.9
2024-05-01T12:00:00Z,0.0,60.125,348.125,9.95,0.99
2024-05-01T12:00:00Z,0.0,60.125,352.125,10.23,1.32
2024-05-01T12:00:00Z,0.0,60.125,356.125,10.12,1.71
2024-05-01T12:00:00Z,0.0,64.125,0.125,7.31,0.53
2024-05-01T12:00:00Z,0.0,64.125,4.125,8.5,1.09
2024-05-01T12:00:00Z,0.0,64.125,8.125,7.8,0.79
2024-05-01T12:00:00Z,0.0,64.125,12.125,NaN,NaN
2024-05-01T12:00:00Z,0.0,64.125,16.125,NaN,NaN
2024-05-01T12:00:00Z,0.0,64.125,20.125,NaN,NaN
2024-05-01T12:00:00Z,0.0,64.125,24.125,NaN,NaN
2024-05-01T12:00:00Z,0.0,64.125,28.125,NaN,NaN
2024-05-01T12:00:00Z,0.0,64.125,32.125,NaN,NaN
2024-05-01T12:00:00Z,0.0,64.125,36.125,NaN,NaN
2024-05-01T12:00:00Z,0.0,64.125,40.125,NaN,NaN
2024-05-01T12:00:00Z,0.0,64.125,44.125,NaN,NaN
2024-05-01T12:00:00Z,0.0,64.125,48.125,NaN,NaN
2024-05-01T12:00:00Z,0.0,64.125,52.125,NaN,NaN
2024-05-01T12:00:00Z,0.0,64.125,56.125,NaN,NaN
2024-05-01T12:00:00Z,0.0,64.125,60.125,NaN,NaN
2024-05-01T12:00:00Z,0.0,64.125,64.125,NaN,NaN
2024-05-01T12:00:00Z,0.0,64.125,68.125,NaN,NaN
2024-05-01T12:00:00Z,0.0,64.125,72.125,NaN,NaN
2024-05-01T12:00:00Z,0.0,64.125,76.125,NaN,NaN
2024-05-01T12:00:00Z,0.0,64.125,80.125,NaN,NaN
2024-05-01T12:00:00Z,0.0,64.125,84.125,NaN,NaN
2024-05-01T12:00:00Z,0.0,64.125,88.125,NaN,NaN
2024-05-01T12:00:00Z,0.0,64.125,92.125,NaN,NaN
2024-05-01T12:00:00Z,0.0,64.125,96.125,NaN,NaN
2024-05-01T12:00:00Z,0.0,64.125,100.125,NaN,NaN
2024-05-01T12:00:00Z,0.0,64.125,104.125,NaN,NaN
2024-05-01T12:00:00Z,0.0,64.125,108.125,NaN,NaN
2024-05-01T12:00:00Z,0.0,64.125,112.125,NaN,NaN
2024-05-01T12:00:00Z,0.0,64.125,116.125,NaN,NaN
2024-05-01T12:00:00Z,0.0,64.125,120.125,NaN,NaN
2024-05-01T12:00:00Z,0.0,64.125,124.125,NaN,NaN
2024-05-01T12:00:00Z,0.0,64.125,128.125,NaN,NaN
2024-05-01T12:00:00Z,0.0,64.125,132.125,NaN,NaN
2024-05-01T12:00:00Z,0.0,64.125,136.125,NaN,NaN
2024-05-01T12:00:00Z,0.0,64.125,140.125,NaN,NaN
2024-05-01T12:00:00Z,0.0,64.125,144.125,NaN,NaN
2024-05-01T12:00:00Z,0.0,64.125,148.125,NaN,NaN
2024-05-01T12:00:00Z,0.0,64.125,152.125,NaN,NaN
2024-05-01T12:00:00Z,0.0,64.125,156.125,NaN,NaN
2024-05-01T12:00:00Z,0.0,64.125,160.125,NaN,NaN
2024-05-01T12:00:00Z,0.0,64.125,164.125,NaN,NaN
2024-05-01T12:00:00Z,0.0,64.125,168.125,NaN,NaN
2024-05-01T12:00:00Z,0.0,64.125,172.125,NaN,NaN
2024-05-01T12:00:00Z,0.0,64.125,176.125,NaN,NaN
2024-05-01T12:00:00Z,0.0,64.125,180.125,-1.69,-0.91
2024-05-01T12:00:00Z,0.0,64.125,184.125,-1.66,-1.64
2024-05-01T12:00:00Z,0.0,64.125,188.125,-1.22,-1.13
2024-05-01T12:00:00Z,0.0,64.125,192.125,-1.76,-1.06
2024-05-01T12:00:00Z,0.0,64.125,196.125,-1.43,-1.27
2024-05-01T12:00:00Z,0.0,64.125,200.125,NaN,NaN
2024-05-01T12:00:00Z,0.0,64.125,204.125,NaN,NaN
2024-05-01T12:00:00Z,0.0,64.125,208.125,NaN,NaN
2024-05-01T12:00:00Z,0.0,64.125,212.125,NaN,NaN
2024-05-01T12:00:00Z,0.0,64.125,216.125,NaN,NaN
2024-05-01T12:00:00Z,0.0,64.125,220.125,NaN,NaN
2024-05-01T12:00:00Z,0.0,64.125,224.125,NaN,NaN
2024-05-01T12:00:00Z,0.0,64.125,228.125,NaN,NaN
2024-05-01T12:00:00Z,0.0,64.125,232.125,NaN,NaN
2024-05-01T12:00:00Z,0.0,64.125,236.125,NaN,NaN
2024-05-01T12:00:00Z,0.0,64.125,240.125,NaN,NaN
2024-05-01T12:00:00Z,0.0,64.125,244.125,NaN,NaN
2024-05-01T12:00:00Z,0.0,64.125,248.125,NaN,NaN
2024-05-01T12:00:00Z,0.0,64.125,252.125,NaN,NaN
2024-05-01T12:00:00Z,0.0,64.125,256.125,NaN,NaN
2024-05-01T12:00:00Z,0.0,64.125,260.125,NaN,NaN
2024-05-01T12:00:00Z,0.0,64.125,264.125,NaN,NaN
2024-05-01T12:00:00Z,0.0,64.125,268.125,NaN,NaN
2024-05-01T12:00:00Z,0.0,64.125,272.125,-1.65,-0.56
2024-05-01T12:00:00Z,0.0,64.125,276.125,NaN,NaN
2024-05-01T12:00:00Z,0.0,64.125,280.125,-1.6,0.07
2024-05-01T12:00:00Z,0.0,64.125,284.125,-1.41,0.04
2024-05-01T12:00:00Z,0.0,64.125,288.125,NaN,NaN
2024-05-01T12:00:00Z,0.0,64.125,292.125,NaN,NaN
2024-05-01T12:00:00Z,0.0,64.125,296.125,-1.62,-0.21
2024-05-01T12:00:00Z,0.0,64.125,300.125,-1.42,-0.66
2024-05-01T12:00:00Z,0.0,64.125,304.125,0.0,-0.75
2024-05-01T12:00:00Z,0.0,64.125,308.125,0.41,-0.6
2024-05-01T12:00:00Z,0.0,64.125,312.125,NaN,NaN
2024-05-01T12:00:00Z,0.0,64.125,316.125,NaN,NaN
2024-05-01T12:00:00Z,0.0,64.125,320.125,-1.8,-3.03
2024-05-01T12:00:00Z,0.0,64.125,324.125,4.67,0.75
2024-05-01T12:00:00Z,0.0,64.125,328.125,7.18,1.42
2024-05-01T12:00:00Z,0.0,64.125,332.125,7.61,1.06
2024-05-01T12:00:00Z,0.0,64.125,336.125,7.49,1.15
2024-05-01T12:00:00Z,0.0,64.125,340.125,NaN,NaN
2024-05-01T12:00:00Z,0.0,64.125,344.125,8.17,1.04
2024-05-01T12:00:00Z,0.0,64.125,348.125,8.57,2.57
2024-05-01T12:00:00Z,0.0,64.125,352.125,5.21,0.2
2024-05-01T12:00:00Z,0.0,64.125,356.125,5.01,-0.23
2024-05-01T12:00:00Z,0.0,68.125,0.125,6.08,0.6
2024-05-01T12:00:00Z,0.0,68.125,4.125,6.39,0.26
2024-05-01T12:00:00Z,0.0,68.125,8.125,7.04,0.67
2024-05-01T12:00:00Z,0.0,68.125,12.125,5.71,-0.17
2024-05-01T12:00:00Z,0.0,68.125,16.125,4.84,-0.15
2024-05-01T12:00:00Z,0.0,68.125,20.125,NaN,NaN
2024-05-01T12:00:00Z,0.0,68.125,24.125,NaN,NaN
2024-05-01T12:00:00Z,0.0,68.125,28.125,NaN,NaN
2024-05-01T12:00:00Z,0.0,68.125,32.125,NaN,NaN
2024-05-01T12:00:00Z,0.0,68.125,36.125,NaN,NaN
2024-05-01T12:00:00Z,0.0,68.125,40.125,-0.64,-1.96
2024-05-01T12:00:00Z,0.0,68.125,44.125,-1.46,-1.78
2024-05-01T12:00:00Z,0.0,68.125,48.125,-1.61,-1.68
2024-05-01T12:00:00Z,0.0,68.125,52.125,NaN,NaN
2024-05-01T12:00:00Z,0.0,68.125,56.125,NaN,NaN
2024-05-01T12:00:00Z,0.0,68.125,60.125,NaN,NaN
2024-05-01T12:00:00Z,0.0,68.125,64.125,NaN,NaN
2024-05-01T12:00:00Z,0.0,68.125,68.125,NaN,NaN
2024-05-01T12:00:00Z,0.0,68.125,72.125,NaN,NaN
2024-05-01T12:00:00Z,0.0,68.125,76.125,NaN,NaN
2024-05-01T12:00:00Z,0.0,68.125,80.125,NaN,NaN
2024-05-01T12:00:00Z,0.0,68.125,84.125,NaN,NaN
2024-05-01T12:00:00Z,0.0,68.125,88.125,NaN,NaN
2024-05-01T12:00:00Z,0.0,68.125,92.125,NaN,NaN
2024-05-01T12:00:00Z,0.0,68.125,96.125,NaN,NaN
2024-05-01T12:00:00Z,0.0,68.125,100.125,NaN,NaN
2024-05-01T12:00:00Z,0.0,68.125,104.125,NaN,NaN
2024-05-01T12:00:00Z,0.0,68.125,108.125,NaN,NaN
2024-05-01T12:00:00Z,0.0,68.125,112.125,NaN,NaN
2024-05-01T12:00:00Z,0.0,68.125,116.125,NaN,NaN
2024-05-01T12:00:00Z,0.0,68.125,120.125,NaN,NaN
2024-05-01T12:00:00Z,0.0,68.125,124.125,NaN,NaN
2024-05-01T12:00:00Z,0.0,68.125,128.125,NaN,NaN
2024-05-01T12:00:00Z,0.0,68.125,132.125,NaN,NaN
2024-05-01T12:00:00Z,0.0,68.125,136.125,NaN,NaN
2024-05-01T12:00:00Z,0.0,68.125,140.125,NaN,NaN
2024-05-01T12:00:00Z,0.0,68.125,144.125,NaN,NaN
2024-05-01T12:00:00Z,0.0,68.125,148.125,NaN,NaN
2024-05-01T12:00:00Z,0.0,68.125,152.125,NaN,NaN
2024-05-01T12:00:00Z,0.0,68.125,156.125,NaN,NaN
2024-05-01T12:00:00Z,0.0,68.125,160.125,NaN,NaN
2024-05-01T12:00:00Z,0.0,68.125,164.125,NaN,NaN
2024-05-01T12:00:00Z,0.0,68.125,168.125,NaN,NaN
2024-05-01T12:00:00Z,0.0,68.125,172.125,NaN,NaN
2024-05-01T12:00:00Z,0.0,68.125,176.125,NaN,NaN
2024-05-01T12:00:00Z,0.0,68.125,180.125,NaN,NaN
2024-05-01T12:00:00Z,0.0,68.125,184.125,-1.64,0.05
2024-05-01T12:00:00Z,0.0,68.125,188.125,-1.8,-0.08
2024-05-01T12:00:00Z,0.0,68.125,192.125,-1.76,-0.1
2024-05-01T12:00:00Z,0.0,68.125,196.125,NaN,NaN
2024-05-01T12:00:00Z,0.0,68.125,200.125,NaN,NaN
2024-05-01T12:00:00Z,0.0,68.125,204.125,NaN,NaN
2024-05-01T12:00:00Z,0.0,68.125,208.125,NaN,NaN
2024-05-01T12:00:00Z,0.0,68.125,212.125,NaN,NaN
2024-05-01T12:00:00Z,0.0,68.125,216.125,NaN,NaN
2024-05-01T12:00:00Z,0.0,68.125,220.125,NaN,NaN
2024-05-01T12:00:00Z,0.0,68.125,224.125,NaN,NaN
2024-05-01T12:00:00Z,0.0,68.125,228.125,NaN,NaN
2024-05-01T12:00:00Z,0.0,68.125,232.125,NaN,NaN
2024-05-01T12:00:00Z,0.0,68.125,236.125,NaN,NaN
2024-05-01T12:00:00Z,0.0,68.125,240.125,NaN,NaN
2024-05-01T12:00:00Z,0.0,68.125,244.125,NaN,NaN
2024-05-01T12:00:00Z,0.0,68.125,248.125,-1.03,0.73
2024-05-01T12:00:00Z,0.0,68.125,252.125,-1.21,0.55
2024-05-01T12:00:00Z,0.0,68.125,256.125,-1.47,0.23
2024-05-01T12:00:00Z,0.0,68.125,260.125,-1.26,0.43
2024-05-01T12:00:00Z,0.0,68.125,264.125,-1.06,0.62
2024-05-01T12:00:00Z,0.0,68.125,268.125,NaN,NaN
2024-05-01T12:00:00Z,0.0,68.125,272.125,-1.55,0.17
2024-05-01T12:00:00Z,0.0,68.125,276.125,NaN,NaN
2024-05-01T12:00:00Z,0.0,68.125,280.125,-1.68,-0.07
2024-05-01T12:00:00Z,0.0,68.125,284.125,NaN,NaN
2024-05-01T12:00:00Z,0.0,68.125,288.125,NaN,NaN
2024-05-01T12:00:00Z,0.0,68.125,292.125,NaN,NaN
2024-05-01T12:00:00Z,0.0,68.125,296.125,-1.68,-0.02
2024-05-01T12:00:00Z,0.0,68.125,300.125,-1.71,-0.21
2024-05-01T12:00:00Z,0.0,68.125,304.125,-1.39,-1.39
2024-05-01T12:00:00Z,0.0,68.125,308.125,NaN,NaN
2024-05-01T12:00:00Z,0.0,68.125,312.125,NaN,NaN
2024-05-01T12:00:00Z,0.0,68.125,316.125,NaN,NaN
2024-05-01T12:00:00Z,0.0,68.125,320.125,NaN,NaN
2024-05-01T12:00:00Z,0.0,68.125,324.125,NaN,NaN
2024-05-01T12:00:00Z,0.0,68.125,328.125,-1.64,-0.4
2024-05-01T12:00:00Z,0.0,68.125,332.125,-1.76,-1.27
2024-05-01T12:00:00Z,0.0,68.125,336.125,-1.74,-2.67
2024-05-01T12:00:00Z,0.0,68.125,340.125,-0.09,-1.79
2024-05-01T12:00:00Z,0.0,68.125,344.125,1.3,0.2
2024-05-01T12:00:00Z,0.0,68.125,348.125,0.74,0.15
2024-05-01T12:00:00Z,0.0,68.125,352.125,1.87,-0.05
2024-05-01T12:00:00Z,0.0,68.125,356.125,4.21,0.14
2024-05-01T12:00:00Z,0.0,72.125,0.125,3.52,0.92
2024-05-01T12:00:00Z,0.0,72.125,4.125,4.58,1.02
2024-05-01T12:00:00Z,0.0,72.125,8.125,4.65,0.22
2024-05-01T12:00:00Z,0.0,72.125,12.125,5.5,0.24
2024-05-01T12:00:00Z,0.0,72.125,16.125,5.97,0.34
2024-05-01T12:00:00Z,0.0,72.125,20.125,5.61,0.77
2024-05-01T12:00:00Z,0.0,72.125,24.125,4.79,0.26
2024-05-01T12:00:00Z,0.0,72.125,28.125,4.18,-0.24
2024-05-01T12:00:00Z,0.0,72.125,32.125,3.88,0.23
2024-05-01T12:00:00Z,0.0,72.125,36.125,2.88,0.11
2024-05-01T12:00:00Z,0.0,72.125,40.125,1.31,-0.52
2024-05-01T12:00:00Z,0.0,72.125,44.125,1.39,0.2
2024-05-01T12:00:00Z,0.0,72.125,48.125,0.37,-0.28
2024-05-01T12:00:00Z,0.0,72.125,52.125,-1.61,-1.91
2024-05-01T12:00:00Z,0.0,72.125,56.125,-1.74,-0.93
2024-05-01T12:00:00Z,0.0,72.125,60.125,-1.8,-0.37
2024-05-01T12:00:00Z,0.0,72.125,64.125,-1.71,-0.1
2024-05-01T12:00:00Z,0.0,72.125,68.125,-1.53,-0.01
2024-05-01T12:00:00Z,0.0,72.125,72.125,NaN,NaN
2024-05-01T12:00:00Z,0.0,72.125,76.125,-0.72,0.8
2024-05-01T12:00:00Z,0.0,72.125,80.125,NaN,NaN
2024-05-01T12:00:00Z,0.0,72.125,84.125,NaN,NaN
2024-05-01T12:00:00Z,0.0,72.125,88.125,NaN,NaN
2024-05-01T12:00:00Z,0.0,72.125,92.125,NaN,NaN
2024-05-01T12:00:00Z,0.0,72.125,96.125,NaN,NaN
2024-05-01T12:00:00Z,0.0,72.125,100.125,NaN,NaN
2024-05-01T12:00:00Z,0.0,72.125,104.125,NaN,NaN
2024-05-01T12:00:00Z,0.0,72.125,108.125,NaN,NaN
2024-05-01T12:00:00Z,0.0,72.125,112.125,NaN,NaN
2024-05-01T12:00:00Z,0.0,72.125,116.125,NaN,NaN
2024-05-01T12:00:00Z,0.0,72.125,120.125,NaN,NaN
2024-05-01T12:00:00Z,0.0,72.125,124.125,NaN,NaN
2024-05-01T12:00:00Z,0.0,72.125,128.125,NaN,NaN
2024-05-01T12:00:00Z,0.0,72.125,132.125,-0.48,1.3
2024-05-01T12:00:00Z,0.0,72.125,136.125,-0.78,1.01
2024-05-01T12:00:00Z,0.0,72.125,140.125,NaN,NaN
2024-05-01T12:00:00Z,0.0,72.125,144.125,NaN,NaN
2024-05-01T12:00:00Z,0.0,72.125,148.125,NaN,NaN
2024-05-01T12:00:00Z,0.0,72.125,152.125,-0.84,0.89
2024-05-01T12:00:00Z,0.0,72.125,156.125,-0.96,0.78
2024-05-01T12:00:00Z,0.0,72.125,160.125,-1.05,0.71
2024-05-01T12:00:00Z,0.0,72.125,164.125,-1.36,0.38
2024-05-01T12:00:00Z,0.0,72.125,168.125,-1.53,0.25
2024-05-01T12:00:00Z,0.0,72.125,172.125,-1.59,0.2
2024-05-01T12:00:00Z,0.0,72.125,176.125,-1.63,0.16
2024-05-01T12:00:00Z,0.0,72.125,180.125,-1.63,0.16
2024-05-01T12:00:00Z,0.0,72.125,184.125,-1.62,0.17
2024-05-01T12:00:00Z,0.0,72.125,188.125,-1.71,0.08
2024-05-01T12:00:00Z,0.0,72.125,192.125,-1.76,0.02
2024-05-01T12:00:00Z,0.0,72.125,196.125,-1.72,0.02
2024-05-01T12:00:00Z,0.0,72.125,200.125,-1.75,0.0
2024-05-01T12:00:00Z,0.0,72.125,204.125,-1.66,0.12
2024-05-01T12:00:00Z,0.0,72.125,208.125,-1.61,0.17
2024-05-01T12:00:00Z,0.0,72.125,212.125,-1.63,0.13
2024-05-01T12:00:00Z,0.0,72.125,216.125,-1.54,0.23
2024-05-01T12:00:00Z,0.0,72.125,220.125,-1.58,0.18
2024-05-01T12:00:00Z,0.0,72.125,224.125,-1.62,0.07
2024-05-01T12:00:00Z,0.0,72.125,228.125,-1.63,-0.09
2024-05-01T12:00:00Z,0.0,72.125,232.125,-1.62,-0.26
2024-05-01T12:00:00Z,0.0,72.125,236.125,NaN,NaN
2024-05-01T12:00:00Z,0.0,72.125,240.125,-1.6,-0.07
2024-05-01T12:00:00Z,0.0,72.125,244.125,NaN,NaN
2024-05-01T12:00:00Z,0.0,72.125,248.125,NaN,NaN
2024-05-01T12:00:00Z,0.0,72.125,252.125,-0.87,0.91
2024-05-01T12:00:00Z,0.0,72.125,256.125,-1.73,0.06
2024-05-01T12:00:00Z,0.0,72.125,260.125,NaN,NaN
2024-05-01T12:00:00Z,0.0,72.125,264.125,-1.3,0.47
2024-05-01T12:00:00Z,0.0,72.125,268.125,-1.59,0.1
2024-05-01T12:00:00Z,0.0,72.125,272.125,NaN,NaN
2024-05-01T12:00:00Z,0.0,72.125,276.125,NaN,NaN
2024-05-01T12:00:00Z,0.0,72.125,280.125,NaN,NaN
2024-05-01T12:00:00Z,0.0,72.125,284.125,NaN,NaN
2024-05-01T12:00:00Z,0.0,72.125,288.125,-1.68,0.07
2024-05-01T12:00:00Z,0.0,72.125,292.125,-1.7,0.07
2024-05-01T12:00:00Z,0.0,72.125,296.125,-1.6,0.18
2024-05-01T12:00:00Z,0.0,72.125,300.125,-1.69,-0.09
2024-05-01T12:00:00Z,0.0,72.125,304.125,-1.74,-0.71
2024-05-01T12:00:00Z,0.0,72.125,308.125,NaN,NaN
2024-05-01T12:00:00Z,0.0,72.125,312.125,NaN,NaN
2024-05-01T12:00:00Z,0.0,72.125,316.125,NaN,NaN
2024-05-01T12:00:00Z,0.0,72.125,320.125,NaN,NaN
2024-05-01T12:00:00Z,0.0,72.125,324.125,NaN,NaN
2024-05-01T12:00:00Z,0.0,72.125,328.125,NaN,NaN
2024-05-01T12:00:00Z,0.0,72.125,332.125,NaN,NaN
2024-05-01T12:00:00Z,0.0,72.125,336.125,NaN,NaN
2024-05-01T12:00:00Z,0.0,72.125,340.125,-1.74,-0.84
2024-05-01T12:00:00Z,0.0,72.125,344.125,-1.8,-1.89
2024-05-01T12:00:00Z,0.0,72.125,348.125,-1.5,-2.31
2024-05-01T12:00:00Z,0.0,72.125,352.125,-0.5,-1.66
2024-05-01T12:00:00Z,0.0,72.125,356.125,-0.11,-1.88
2024-05-01T12:00:00Z,0.0,76.125,0.125,0.8,-0.22
2024-05-01T12:00:00Z,0.0,76.125,4.125,1.68,-0.55
2024-05-01T12:00:00Z,0.0,76.125,8.125,3.47,0.51
2024-05-01T12:00:00Z,0.0,76.125,12.125,3.85,1.38
2024-05-01T12:00:00Z,0.0,76.125,16.125,1.69,-0.03
2024-05-01T12:00:00Z,0.0,76.125,20.125,-0.89,-1.11
2024-05-01T12:00:00Z,0.0,76.125,24.125,-1.32,-1.75
2024-05-01T12:00:00Z,0.0,76.125,28.125,0.34,-0.56
2024-05-01T12:00:00Z,0.0,76.125,32.125,1.25,0.5
2024-05-01T12:00:00Z,0.0,76.125,36.125,-0.14,-0.37
2024-05-01T12:00:00Z,0.0,76.125,40.125,-1.45,-1.41
2024-05-01T12:00:00Z,0.0,76.125,44.125,-1.29,-1.32
2024-05-01T12:00:00Z,0.0,76.125,48.125,-1.55,-1.43
2024-05-01T12:00:00Z,0.0,76.125,52.125,-1.4,-0.88
2024-05-01T12:00:00Z,0.0,76.125,56.125,-1.69,-0.91
2024-05-01T12:00:00Z,0.0,76.125,60.125,-1.71,-0.48
2024-05-01T12:00:00Z,0.0,76.125,64.125,NaN,NaN
2024-05-01T12:00:00Z,0.0,76.125,68.125,-1.49,0.11
2024-05-01T12:00:00Z,0.0,76.125,72.125,-1.54,0.15
2024-05-01T12:00:00Z,0.0,76.125,76.125,-1.39,0.33
2024-05-01T12:00:00Z,0.0,76.125,80.125,-1.44,0.22
2024-05-01T12:00:00Z,0.0,76.125,84.125,-1.57,0.04
2024-05-01T12:00:00Z,0.0,76.125,88.125,-1.23,0.38
2024-05-01T12:00:00Z,0.0,76.125,92.125,-1.17,0.52
2024-05-01T12:00:00Z,0.0,76.125,96.125,NaN,NaN
2024-05-01T12:00:00Z,0.0,76.125,100.125,NaN,NaN
2024-05-01T12:00:00Z,0.0,76.125,104.125,NaN,NaN
2024-05-01T12:00:00Z,0.0,76.125,108.125,NaN,NaN
2024-05-01T12:00:00Z,0.0,76.125,112.125,NaN,NaN
2024-05-01T12:00:00Z,0.0,76.125,116.125,-1.51,0.2
2024-05-01T12:00:00Z,0.0,76.125,120.125,-1.52,0.23
2024-05-01T12:00:00Z,0.0,76.125,124.125,-1.51,0.21
2024-05-01T12:00:00Z,0.0,76.125,128.125,-1.36,0.32
2024-05-01T12:00:00Z,0.0,76.125,132.125,-1.36,0.35
2024-05-01T12:00:00Z,0.0,76.125,136.125,-1.21,0.47
2024-05-01T12:00:00Z,0.0,76.125,140.125,-1.27,0.43
2024-05-01T12:00:00Z,0.0,76.125,144.125,-1.24,0.45
2024-05-01T12:00:00Z,0.0,76.125,148.125,-1.48,0.23
2024-05-01T12:00:00Z,0.0,76.125,152.125,-1.43,0.32
2024-05-01T12:00:00Z,0.0,76.125,156.125,-1.41,0.36
2024-05-01T12:00:00Z,0.0,76.125,160.125,-1.53,0.26
2024-05-01T12:00:00Z,0.0,76.125,164.125,-1.41,0.39
2024-05-01T12:00:00Z,0.0,76.125,168.125,-1.64,0.16
2024-05-01T12:00:00Z,0.0,76.125,172.125,-1.45,0.35
2024-05-01T12:00:00Z,0.0,76.125,176.125,-1.61,0.19
2024-05-01T12:00:00Z,0.0,76.125,180.125,-1.6,0.2
2024-05-01T12:00:00Z,0.0,76.125,184.125,-1.62,0.18
2024-05-01T12:00:00Z,0.0,76.125,188.125,-1.54,0.26
2024-05-01T12:00:00Z,0.0,76.125,192.125,-1.64,0.16
2024-05-01T12:00:00Z,0.0,76.125,196.125,-1.64,0.16
2024-05-01T12:00:00Z,0.0,76.125,200.125,-1.61,0.19
2024-05-01T12:00:00Z,0.0,76.125,204.125,-1.52,0.28
2024-05-01T12:00:00Z,0.0,76.125,208.125,-1.59,0.21
2024-05-01T12:00:00Z,0.0,76.125,212.125,-1.6,0.19
2024-05-01T12:00:00Z,0.0,76.125,216.125,-1.58,0.21
2024-05-01T12:00:00Z,0.0,76.125,220.125,-1.57,0.22
2024-05-01T12:00:00Z,0.0,76.125,224.125,-1.59,0.2
2024-05-01T12:00:00Z,0.0,76.125,228.125,-1.51,0.28
2024-05-01T12:00:00Z,0.0,76.125,232.125,-1.59,0.16
2024-05-01T12:00:00Z,0.0,76.125,236.125,-1.62,0.08
2024-05-01T12:00:00Z,0.0,76.125,240.125,NaN,NaN
2024-05-01T12:00:00Z,0.0,76.125,244.125,NaN,NaN
2024-05-01T12:00:00Z,0.0,76.125,248.125,-1.52,0.28
2024-05-01T12:00:00Z,0.0,76.125,252.125,-1.5,0.3
2024-05-01T12:00:00Z,0.0,76.125,256.125,NaN,NaN
2024-05-01T12:00:00Z,0.0,76.125,260.125,NaN,NaN
2024-05-01T12:00:00Z,0.0,76.125,264.125,-1.63,0.13
2024-05-01T12:00:00Z,0.0,76.125,268.125,NaN,NaN
2024-05-01T12:00:00Z,0.0,76.125,272.125,-1.41,0.02
2024-05-01T12:00:00Z,0.0,76.125,276.125,-1.63,-0.46
2024-05-01T12:00:00Z,0.0,76.125,280.125,-1.7,-0.68
2024-05-01T12:00:00Z,0.0,76.125,284.125,-1.79,-0.67
2024-05-01T12:00:00Z,0.0,76.125,288.125,-1.77,-0.35
2024-05-01T12:00:00Z,0.0,76.125,292.125,NaN,NaN
2024-05-01T12:00:00Z,0.0,76.125,296.125,-1.72,-0.06
2024-05-01T12:00:00Z,0.0,76.125,300.125,NaN,NaN
2024-05-01T12:00:00Z,0.0,76.125,304.125,NaN,NaN
2024-05-01T12:00:00Z,0.0,76.125,308.125,NaN,NaN
2024-05-01T12:00:00Z,0.0,76.125,312.125,NaN,NaN
2024-05-01T12:00:00Z,0.0,76.125,316.125,NaN,NaN
2024-05-01T12:00:00Z,0.0,76.125,320.125,NaN,NaN
2024-05-01T12:00:00Z,0.0,76.125,324.125,NaN,NaN
2024-05-01T12:00:00Z,0.0,76.125,328.125,NaN,NaN
2024-05-01T12:00:00Z,0.0,76.125,332.125,NaN,NaN
2024-05-01T12:00:00Z,0.0,76.125,336.125,NaN,NaN
2024-05-01T12:00:00Z,0.0,76.125,340.125,NaN,NaN
2024-05-01T12:00:00Z,0.0,76.125,344.125,-1.64,-0.03
2024-05-01T12:00:00Z,0.0,76.125,348.125,-1.63,-0.58
2024-05-01T12:00:00Z,0.0,76.125,352.125,-1.72,-1.54
2024-05-01T12:00:00Z,0.0,76.125,356.125,0.03,-0.58
2024-05-01T12:00:00Z,0.0,80.125,0.125,-1.75,-1.11
2024-05-01T12:00:00Z,0.0,80.125,4.125,-1.68,-1.99
2024-05-01T12:00:00Z,0.0,80.125,8.125,0.1,-0.41
2024-05-01T12:00:00Z,0.0,80.125,12.125,0.14,-0.13
2024-05-01T12:00:00Z,0.0,80.125,16.125,-0.39,-0.29
2024-05-01T12:00:00Z,0.0,80.125,20.125,NaN,NaN
2024-05-01T12:00:00Z,0.0,80.125,24.125,NaN,NaN
2024-05-01T12:00:00Z,0.0,80.125,28.125,-1.39,0.21
2024-05-01T12:00:00Z,0.0,80.125,32.125,-1.68,0.0
2024-05-01T12:00:00Z,0.0,80.125,36.125,-1.76,-0.03
2024-05-01T12:00:00Z,0.0,80.125,40.125,-1.78,-0.06
2024-05-01T12:00:00Z,0.0,80.125,44.125,-1.79,-0.19
2024-05-01T12:00:00Z,0.0,80.125,48.125,-1.62,-0.17
2024-05-01T12:00:00Z,0.0,80.125,52.125,-1.77,-0.32
2024-05-01T12:00:00Z,0.0,80.125,56.125,NaN,NaN
2024-05-01T12:00:00Z,0.0,80.125,60.125,-1.7,-0.11
2024-05-01T12:00:00Z,0.0,80.125,64.125,-1.72,-0.02
2024-05-01T12:00:00Z,0.0,80.125,68.125,-1.8,-0.06
2024-05-01T12:00:00Z,0.0,80.125,72.125,-1.76,0.03
2024-05-01T12:00:00Z,0.0,80.125,76.125,-1.77,0.02
2024-05-01T12:00:00Z,0.0,80.125,80.125,-1.76,0.03
2024-05-01T12:00:00Z,0.0,80.125,84.125,-1.75,0.03
2024-05-01T12:00:00Z,0.0,80.125,88.125,-1.68,0.05
2024-05-01T12:00:00Z,0.0,80.125,92.125,-1.6,0.07
2024-05-01T12:00:00Z,0.0,80.125,96.125,NaN,NaN
2024-05-01T12:00:00Z,0.0,80.125,100.125,-1.63,0.07
2024-05-01T12:00:00Z,0.0,80.125,104.125,-1.74,-0.02
2024-05-01T12:00:00Z,0.0,80.125,108.125,-1.61,0.14
2024-05-01T12:00:00Z,0.0,80.125,112.125,-1.74,0.04
2024-05-01T12:00:00Z,0.0,80.125,116.125,-1.71,0.08
2024-05-01T12:00:00Z,0.0,80.125,120.125,-1.78,0.02
2024-05-01T12:00:00Z,0.0,80.125,124.125,-1.78,0.02
2024-05-01T12:00:00Z,0.0,80.125,128.125,-1.67,0.13
2024-05-01T12:00:00Z,0.0,80.125,132.125,-1.7,0.1
2024-05-01T12:00:00Z,0.0,80.125,136.125,-1.65,0.15
2024-05-01T12:00:00Z,0.0,80.125,140.125,-1.62,0.17
2024-05-01T12:00:00Z,0.0,80.125,144.125,-1.66,0.13
2024-05-01T12:00:00Z,0.0,80.125,148.125,-1.67,0.13
2024-05-01T12:00:00Z,0.0,80.125,152.125,-1.68,0.12
2024-05-01T12:00:00Z,0.0,80.125,156.125,-1.65,0.15
2024-05-01T12:00:00Z,0.0,80.125,160.125,-1.58,0.22
2024-05-01T12:00:00Z,0.0,80.125,164.125,-1.68,0.12
2024-05-01T12:00:00Z,0.0,80.125,168.125,-1.39,0.41
2024-05-01T12:00:00Z,0.0,80.125,172.125,-1.53,0.27
2024-05-01T12:00:00Z,0.0,80.125,176.125,-1.54,0.26
2024-05-01T12:00:00Z,0.0,80.125,180.125,-1.62,0.18
2024-05-01T12:00:00Z,0.0,80.125,184.125,-1.66,0.14
2024-05-01T12:00:00Z,0.0,80.125,188.125,-1.62,0.18
2024-05-01T12:00:00Z,0.0,80.125,192.125,-1.65,0.15
2024-05-01T12:00:00Z,0.0,80.125,196.125,-1.65,0.15
2024-05-01T12:00:00Z,0.0,80.125,200.125,-1.67,0.13
2024-05-01T12:00:00Z,0.0,80.125,204.125,-1.64,0.16
2024-05-01T12:00:00Z,0.0,80.125,208.125,-1.6,0.2
2024-05-01T12:00:00Z,0.0,80.125,212.125,-1.56,0.23
2024-05-01T12:00:00Z,0.0,80.125,216.125,-1.59,0.2
2024-05-01T12:00:00Z,0.0,80.125,220.125,-1.61,0.19
2024-05-01T12:00:00Z,0.0,80.125,224.125,-1.6,0.2
2024-05-01T12:00:00Z,0.0,80.125,228.125,-1.62,0.18
2024-05-01T12:00:00Z,0.0,80.125,232.125,-1.58,0.22
2024-05-01T12:00:00Z,0.0,80.125,236.125,-1.6,0.19
2024-05-01T12:00:00Z,0.0,80.125,240.125,-1.62,0.18
2024-05-01T12:00:00Z,0.0,80.125,244.125,-1.69,0.11
2024-05-01T12:00:00Z,0.0,80.125,248.125,-1.7,0.1
2024-05-01T12:00:00Z,0.0,80.125,252.125,-1.72,0.08
2024-05-01T12:00:00Z,0.0,80.125,256.125,-1.7,0.1
2024-05-01T12:00:00Z,0.0,80.125,260.125,-1.71,0.09
2024-05-01T12:00:00Z,0.0,80.125,264.125,NaN,NaN
2024-05-01T12:00:00Z,0.0,80.125,268.125,NaN,NaN
2024-05-01T12:00:00Z,0.0,80.125,272.125,NaN,NaN
2024-05-01T12:00:00Z,0.0,80.125,276.125,NaN,NaN
2024-05-01T12:00:00Z,0.0,80.125,280.125,NaN,NaN
2024-05-01T12:00:00Z,0.0,80.125,284.125,NaN,NaN
2024-05-01T12:00:00Z,0.0,80.125,288.125,NaN,NaN
2024-05-01T12:00:00Z,0.0,80.125,292.125,-1.62,0.11
2024-05-01T12:00:00Z,0.0,80.125,296.125,NaN,NaN
2024-05-01T12:00:00Z,0.0,80.125,300.125,NaN,NaN
2024-05-01T12:00:00Z,0.0,80.125,304.125,NaN,NaN
2024-05-01T12:00:00Z,0.0,80.125,308.125,NaN,NaN
2024-05-01T12:00:00Z,0.0,80.125,312.125,NaN,NaN
2024-05-01T12:00:00Z,0.0,80.125,316.125,NaN,NaN
2024-05-01T12:00:00Z,0.0,80.125,320.125,NaN,NaN
2024-05-01T12:00:00Z,0.0,80.125,324.125,NaN,NaN
2024-05-01T12:00:00Z,0.0,80.125,328.125,NaN,NaN
2024-05-01T12:00:00Z,0.0,80.125,332.125,NaN,NaN
2024-05-01T12:00:00Z,0.0,80.125,336.125,NaN,NaN
2024-05-01T12:00:00Z,0.0,80.125,340.125,NaN,NaN
2024-05-01T12:00:00Z,0.0,80.125,344.125,-1.72,-0.03
2024-05-01T12:00:00Z,0.0,80.125,348.125,-1.64,0.07
2024-05-01T12:00:00Z,0.0,80.125,352.125,-1.66,0.06
2024-05-01T12:00:00Z,0.0,80.125,356.125,-1.7,-0.24
2024-05-01T12:00:00Z,0.0,84.125,0.125,-1.76,0.04
2024-05-01T12:00:00Z,0.0,84.125,4.125,-1.76,0.04
2024-05-01T12:00:00Z,0.0,84.125,8.125,-1.8,0.0
2024-05-01T12:00:00Z,0.0,84.125,12.125,-1.78,0.01
2024-05-01T12:00:00Z,0.0,84.125,16.125,-1.73,0.04
2024-05-01T12:00:00Z,0.0,84.125,20.125,-1.75,0.02
2024-05-01T12:00:00Z,0.0,84.125,24.125,-1.75,0.03
2024-05-01T12:00:00Z,0.0,84.125,28.125,-1.73,0.05
2024-05-01T12:00:00Z,0.0,84.125,32.125,-1.73,0.05
2024-05-01T12:00:00Z,0.0,84.125,36.125,-1.69,0.1
2024-05-01T12:00:00Z,0.0,84.125,40.125,-1.74,0.04
2024-05-01T12:00:00Z,0.0,84.125,44.125,-1.76,0.02
2024-05-01T12:00:00Z,0.0,84.125,48.125,-1.76,0.0
2024-05-01T12:00:00Z,0.0,84.125,52.125,-1.76,-0.01
2024-05-01T12:00:00Z,0.0,84.125,56.125,-1.75,0.0
2024-05-01T12:00:00Z,0.0,84.125,60.125,-1.8,-0.03
2024-05-01T12:00:00Z,0.0,84.125,64.125,-1.8,-0.01
2024-05-01T12:00:00Z,0.0,84.125,68.125,-1.75,0.05
2024-05-01T12:00:00Z,0.0,84.125,72.125,-1.72,0.08
2024-05-01T12:00:00Z,0.0,84.125,76.125,-1.72,0.08
2024-05-01T12:00:00Z,0.0,84.125,80.125,-1.73,0.07
2024-05-01T12:00:00Z,0.0,84.125,84.125,-1.8,0.0
2024-05-01T12:00:00Z,0.0,84.125,88.125,-1.74,0.05
2024-05-01T12:00:00Z,0.0,84.125,92.125,-1.77,0.02
2024-05-01T12:00:00Z,0.0,84.125,96.125,-1.75,0.04
2024-05-01T12:00:00Z,0.0,84.125,100.125,-1.77,0.02
2024-05-01T12:00:00Z,0.0,84.125,104.125,-1.76,0.04
2024-05-01T12:00:00Z,0.0,84.125,108.125,-1.77,0.03
2024-05-01T12:00:00Z,0.0,84.125,112.125,-1.77,0.03
2024-05-01T12:00:00Z,0.0,84.125,116.125,-1.8,0.0
2024-05-01T12:00:00Z,0.0,84.125,120.125,-1.77,0.03
2024-05-01T12:00:00Z,0.0,84.125,124.125,-1.74,0.06
2024-05-01T12:00:00Z,0.0,84.125,128.125,-1.74,0.06
2024-05-01T12:00:00Z,0.0,84.125,132.125,-1.7,0.1
2024-05-01T12:00:00Z,0.0,84.125,136.125,-1.73,0.07
2024-05-01T12:00:00Z,0.0,84.125,140.125,-1.75,0.05
2024-05-01T12:00:00Z,0.0,84.125,144.125,-1.78,0.02
2024-05-01T12:00:00Z,0.0,84.125,148.125,-1.7,0.1
2024-05-01T12:00:00Z,0.0,84.125,152.125,-1.71,0.09
2024-05-01T12:00:00Z,0.0,84.125,156.125,-1.68,0.12
2024-05-01T12:00:00Z,0.0,84.125,160.125,-1.8,0.0
2024-05-01T12:00:00Z,0.0,84.125,164.125,-1.79,0.01
2024-05-01T12:00:00Z,0.0,84.125,168.125,-1.78,0.02
2024-05-01T12:00:00Z,0.0,84.125,172.125,-1.69,0.11
2024-05-01T12:00:00Z,0.0,84.125,176.125,-1.72,0.08
2024-05-01T12:00:00Z,0.0,84.125,180.125,-1.7,0.1
2024-05-01T12:00:00Z,0.0,84.125,184.125,-1.75,0.05
2024-05-01T12:00:00Z,0.0,84.125,188.125,-1.79,0.01
2024-05-01T12:00:00Z,0.0,84.125,192.125,-1.7,0.1
2024-05-01T12:00:00Z,0.0,84.125,196.125,-1.7,0.1
2024-05-01T12:00:00Z,0.0,84.125,200.125,-1.66,0.14
2024-05-01T12:00:00Z,0.0,84.125,204.125,-1.73,0.07
2024-05-01T12:00:00Z,0.0,84.125,208.125,-1.68,0.12
2024-05-01T12:00:00Z,0.0,84.125,212.125,-1.7,0.1
2024-05-01T12:00:00Z,0.0,84.125,216.125,-1.67,0.13
2024-05-01T12:00:00Z,0.0,84.125,220.125,-1.7,0.1
2024-05-01T12:00:00Z,0.0,84.125,224.125,-1.71,0.09
2024-05-01T12:00:00Z,0.0,84.125,228.125,-1.66,0.14
2024-05-01T12:00:00Z,0.0,84.125,232.125,-1.6,0.2
2024-05-01T12:00:00Z,0.0,84.125,236.125,-1.66,0.14
2024-05-01T12:00:00Z,0.0,84.125,240.125,-1.64,0.16
2024-05-01T12:00:00Z,0.0,84.125,244.125,-1.67,0.13
2024-05-01T12:00:00Z,0.0,84.125,248.125,-1.66,0.14
2024-05-01T12:00:00Z,0.0,84.125,252.125,-1.64,0.16
2024-05-01T12:00:00Z,0.0,84.125,256.125,-1.62,0.18
2024-05-01T12:00:00Z,0.0,84.125,260.125,-1.64,0.16
2024-05-01T12:00:00Z,0.0,84.125,264.125,-1.63,0.17
2024-05-01T12:00:00Z,0.0,84.125,268.125,-1.63,0.17
2024-05-01T12:00:00Z,0.0,84.125,272.125,-1.66,0.14
2024-05-01T12:00:00Z,0.0,84.125,276.125,-1.71,0.09
2024-05-01T12:00:00Z,0.0,84.125,280.125,-1.68,0.09
2024-05-01T12:00:00Z,0.0,84.125,284.125,-1.65,0.13
2024-05-01T12:00:00Z,0.0,84.125,288.125,-1.62,0.18
2024-05-01T12:00:00Z,0.0,84.125,292.125,-1.67,0.12
2024-05-01T12:00:00Z,0.0,84.125,296.125,-1.71,0.08
2024-05-01T12:00:00Z,0.0,84.125,300.125,-1.7,0.1
2024-05-01T12:00:00Z,0.0,84.125,304.125,-1.66,0.14
2024-05-01T12:00:00Z,0.0,84.125,308.125,-1.6,0.2
2024-05-01T12:00:00Z,0.0,84.125,312.125,-1.66,0.14
2024-05-01T12:00:00Z,0.0,84.125,316.125,-1.67,0.13
2024-05-01T12:00:00Z,0.0,84.125,320.125,-1.66,0.14
2024-05-01T12:00:00Z,0.0,84.125,324.125,-1.71,0.09
2024-05-01T12:00:00Z,0.0,84.125,328.125,-1.7,0.1
2024-05-01T12:00:00Z,0.0,84.125,332.125,-1.7,0.1
2024-05-01T12:00:00Z,0.0,84.125,336.125,-1.73,0.07
2024-05-01T12:00:00Z,0.0,84.125,340.125,-1.74,0.06
2024-05-01T12:00:00Z,0.0,84.125,344.125,-1.75,0.04
2024-05-01T12:00:00Z,0.0,84.125,348.125,-1.71,0.06
2024-05-01T12:00:00Z,0.0,84.125,352.125,-1.76,0.03
2024-05-01T12:00:00Z,0.0,84.125,356.125,-1.78,0.02
2024-05-01T12:00:00Z,0.0,88.125,0.125,-1.78,0.02
2024-05-01T12:00:00Z,0.0,88.125,4.125,-1.77,0.03
2024-05-01T12:00:00Z,0.0,88.125,8.125,-1.76,0.03
2024-05-01T12:00:00Z,0.0,88.125,12.125,-1.76,0.02
2024-05-01T12:00:00Z,0.0,88.125,16.125,-1.76,0.03
2024-05-01T12:00:00Z,0.0,88.125,20.125,-1.7,0.09
2024-05-01T12:00:00Z,0.0,88.125,24.125,-1.7,0.09
2024-05-01T12:00:00Z,0.0,88.125,28.125,-1.8,0.0
2024-05-01T12:00:00Z,0.0,88.125,32.125,-1.74,0.06
2024-05-01T12:00:00Z,0.0,88.125,36.125,-1.73,0.07
2024-05-01T12:00:00Z,0.0,88.125,40.125,-1.73,0.07
2024-05-01T12:00:00Z,0.0,88.125,44.125,-1.72,0.08
2024-05-01T12:00:00Z,0.0,88.125,48.125,-1.72,0.08
2024-05-01T12:00:00Z,0.0,88.125,52.125,-1.75,0.04
2024-05-01T12:00:00Z,0.0,88.125,56.125,-1.77,0.03
2024-05-01T12:00:00Z,0.0,88.125,60.125,-1.74,0.06
2024-05-01T12:00:00Z,0.0,88.125,64.125,-1.75,0.05
2024-05-01T12:00:00Z,0.0,88.125,68.125,-1.71,0.09
2024-05-01T12:00:00Z,0.0,88.125,72.125,-1.74,0.06
2024-05-01T12:00:00Z,0.0,88.125,76.125,-1.78,0.02
2024-05-01T12:00:00Z,0.0,88.125,80.125,-1.75,0.05
2024-05-01T12:00:00Z,0.0,88.125,84.125,-1.75,0.05
2024-05-01T12:00:00Z,0.0,88.125,88.125,-1.78,0.02
2024-05-01T12:00:00Z,0.0,88.125,92.125,-1.8,0.0
2024-05-01T12:00:00Z,0.0,88.125,96.125,-1.76,0.04
2024-05-01T12:00:00Z,0.0,88.125,100.125,-1.74,0.06
2024-05-01T12:00:00Z,0.0,88.125,104.125,-1.69,0.11
2024-05-01T12:00:00Z,0.0,88.125,108.125,-1.73,0.07
2024-05-01T12:00:00Z,0.0,88.125,112.125,-1.72,0.08
2024-05-01T12:00:00Z,0.0,88.125,116.125,-1.74,0.06
2024-05-01T12:00:00Z,0.0,88.125,120.125,-1.73,0.07
2024-05-01T12:00:00Z,0.0,88.125,124.125,-1.74,0.06
2024-05-01T12:00:00Z,0.0,88.125,128.125,-1.71,0.09
2024-05-01T12:00:00Z,0.0,88.125,132.125,-1.72,0.08
2024-05-01T12:00:00Z,0.0,88.125,136.125,-1.73,0.07
2024-05-01T12:00:00Z,0.0,88.125,140.125,-1.74,0.06
2024-05-01T12:00:00Z,0.0,88.125,144.125,-1.67,0.13
2024-05-01T12:00:00Z,0.0,88.125,148.125,-1.69,0.11
2024-05-01T12:00:00Z,0.0,88.125,152.125,-1.66,0.14
2024-05-01T12:00:00Z,0.0,88.125,156.125,-1.65,0.15
2024-05-01T12:00:00Z,0.0,88.125,160.125,-1.66,0.14
2024-05-01T12:00:00Z,0.0,88.125,164.125,-1.68,0.12
2024-05-01T12:00:00Z,0.0,88.125,168.125,-1.66,0.14
2024-05-01T12:00:00Z,0.0,88.125,172.125,-1.65,0.15
2024-05-01T12:00:00Z,0.0,88.125,176.125,-1.63,0.17
2024-05-01T12:00:00Z,0.0,88.125,180.125,-1.68,0.12
2024-05-01T12:00:00Z,0.0,88.125,184.125,-1.7,0.1
2024-05-01T12:00:00Z,0.0,88.125,188.125,-1.65,0.15
2024-05-01T12:00:00Z,0.0,88.125,192.125,-1.63,0.17
2024-05-01T12:00:00Z,0.0,88.125,196.125,-1.63,0.17
2024-05-01T12:00:00Z,0.0,88.125,200.125,-1.63,0.17
2024-05-01T12:00:00Z,0.0,88.125,204.125,-1.66,0.14
2024-05-01T12:00:00Z,0.0,88.125,208.125,-1.67,0.13
2024-05-01T12:00:00Z,0.0,88.125,212.125,-1.67,0.13
2024-05-01T12:00:00Z,0.0,88.125,216.125,-1.76,0.04
2024-05-01T12:00:00Z,0.0,88.125,220.125,-1.73,0.07
2024-05-01T12:00:00Z,0.0,88.125,224.125,-1.67,0.13
2024-05-01T12:00:00Z,0.0,88.125,228.125,-1.73,0.07
2024-05-01T12:00:00Z,0.0,88.125,232.125,-1.77,0.03
2024-05-01T12:00:00Z,0.0,88.125,236.125,-1.77,0.03
2024-05-01T12:00:00Z,0.0,88.125,240.125,-1.74,0.06
2024-05-01T12:00:00Z,0.0,88.125,244.125,-1.7,0.1
2024-05-01T12:00:00Z,0.0,88.125,248.125,-1.69,0.11
2024-05-01T12:00:00Z,0.0,88.125,252.125,-1.64,0.16
2024-05-01T12:00:00Z,0.0,88.125,256.125,-1.69,0.11
2024-05-01T12:00:00Z,0.0,88.125,260.125,-1.72,0.08
2024-05-01T12:00:00Z,0.0,88.125,264.125,-1.71,0.09
2024-05-01T12:00:00Z,0.0,88.125,268.125,-1.69,0.11
2024-05-01T12:00:00Z,0.0,88.125,272.125,-1.7,0.1
2024-05-01T12:00:00Z,0.0,88.125,276.125,-1.67,0.13
2024-05-01T12:00:00Z,0.0,88.125,280.125,-1.65,0.15
2024-05-01T12:00:00Z,0.0,88.125,284.125,-1.65,0.15
2024-05-01T12:00:00Z,0.0,88.125,288.125,-1.7,0.1
2024-05-01T12:00:00Z,0.0,88.125,292.125,-1.67,0.13
2024-05-01T12:00:00Z,0.0,88.125,296.125,-1.64,0.16
2024-05-01T12:00:00Z,0.0,88.125,300.125,-1.68,0.12
2024-05-01T12:00:00Z,0.0,88.125,304.125,-1.69,0.11
2024-05-01T12:00:00Z,0.0,88.125,308.125,-1.7,0.1
2024-05-01T12:00:00Z,0.0,88.125,312.125,-1.71,0.09
2024-05-01T12:00:00Z,0.0,88.125,316.125,-1.68,0.12
2024-05-01T12:00:00Z,0.0,88.125,320.125,-1.68,0.12
2024-05-01T12:00:00Z,0.0,88.125,324.125,-1.69,0.11
2024-05-01T12:00:00Z,0.0,88.125,328.125,-1.63,0.17
2024-05-01T12:00:00Z,0.0,88.125,332.125,-1.74,0.06
2024-05-01T12:00:00Z,0.0,88.125,336.125,-1.73,0.07
2024-05-01T12:00:00Z,0.0,88.125,340.125,-1.73,0.07
2024-05-01T12:00:00Z,0.0,88.125,344.125,-1.75,0.05
2024-05-01T12:00:00Z,0.0,88.125,348.125,-1.78,0.02
2024-05-01T12:00:00Z,0.0,88.125,352.125,-1.8,0.0
2024-05-01T12:00:00Z,0.0,88.125,356.125,-1.8,0.0
