2012-07-01T12:00:00Z,0.0,-87.875,0.125,NaN,NaN
2012-07-01T12:00:00Z,0.0,-87.875,4.125,NaN,NaN
2012-07-01T12:00:00Z,0.0,-87.875,8.125,NaN,NaN
2012-07-01T12:00:00Z,0.0,-87.875,12.125,NaN,NaN
2012-07-01T12:00:00Z,0.0,-87.875,16.125,NaN,NaN
2012-07-01T12:00:00Z,0.0,-87.875,20.125,NaN,NaN
2012-07-01T12:00:00Z,0.0,-87.875,24.125,NaN,NaN
2012-07-01T12:00:00Z,0.0,-87.875,28.125,NaN,NaN
2012-07-01T12:00:00Z,0.0,-87.875,32.125,NaN,NaN
2012-07-01T12:00:00Z,0.0,-87.875,36.125,NaN,NaN
2012-07-01T12:00:00Z,0.0,-87.875,40.125,NaN,NaN
2012-07-01T12:00:00Z,0.0,-87.875,44.125,NaN,NaN
2012-07-01T12:00:00Z,0.0,-87.875,48.125,NaN,NaN
2012-07-01T12:00:00Z,0.0,-87.875,52.125,NaN,NaN
2012-07-01T12:00:00Z,0.0,-87.875,56.125,NaN,NaN
2012-07-01T12:00:00Z,0.0,-87.875,60.125,NaN,NaN
2012-07-01T12:00:00Z,0.0,-87.875,64.125,NaN,NaN
2012-07-01T12:00:00Z,0.0,-87.875,68.125,NaN,NaN
2012-07-01T12:00:00Z,0.0,-87.875,72.125,NaN,NaN
2012-07-01T12:00:00Z,0.0,-87.875,76.125,NaN,NaN
2012-07-01T12:00:00Z,0.0,-87.875,80.125,NaN,NaN
2012-07-01T12:00:00Z,0.0,-87.875,84.125,NaN,NaN
2012-07-01T12:00:00Z,0.0,-87.875,88.125,NaN,NaN
2012-07-01T12:00:00Z,0.0,-87.875,92.125,NaN,NaN
2012-07-01T12:00:00Z,0.0,-87.875,96.125,NaN,NaN
2012-07-01T12:00:00Z,0.0,-87.875,100.125,NaN,NaN
2012-07-01T12:00:00Z,0.0,-87.875,104.125,NaN,NaN
2012-07-01T12:00:00Z,0.0,-87.875,108.125,NaN,NaN
2012-07-01T12:00:00Z,0.0,-87.875,112.125,NaN,NaN
2012-07-01T12:00:00Z,0.0,-87.875,116.125,NaN,NaN
2012-07-01T12:00:00Z,0.0,-87.875,120.125,NaN,NaN
2012-07-01T12:00:00Z,0.0,-87.875,124.125,NaN,NaN
2012-07-01T12:00:00Z,0.0,-87.875,128.125,NaN,NaN
2012-07-01T12:00:00Z,0.0,-87.875,132.125,NaN,NaN
2012-07-01T12:00:00Z,0.0,-87.875,136.125,NaN,NaN
2012-07-01T12:00:00Z,0.0,-87.875,140.125,NaN,NaN
2012-07-01T12:00:00Z,0.0,-87.875,144.125,NaN,NaN
2012-07-01T12:00:00Z,0.0,-87.875,148.125,NaN,NaN
2012-07-01T12:00:00Z,0.0,-87.875,152.125,NaN,NaN
2012-07-01T12:00:00Z,0.0,-87.875,156.125,NaN,NaN
2012-07-01T12:00:00Z,0.0,-87.875,160.125,NaN,NaN
2012-07-01T12:00:00Z,0.0,-87.875,164.125,NaN,NaN
2012-07-01T12:00:00Z,0.0,-87.875,168.125,NaN,NaN
2012-07-01T12:00:00Z,0.0,-87.875,172.125,NaN,NaN
2012-07-01T12:00:00Z,0.0,-87.875,176.125,NaN,NaN
2012-07-01T12:00:00Z,0.0,-87.875,180.125,NaN,NaN
2012-07-01T12:00:00Z,0.0,-87.875,184.125,NaN,NaN
2012-07-01T12:00:00Z,0.0,-87.875,188.125,NaN,NaN
2012-07-01T12:00:00Z,0.0,-87.875,192.125,NaN,NaN
2012-07-01T12:00:00Z,0.0,-87.875,196.125,NaN,NaN
2012-07-01T12:00:00Z,0.0,-87.875,200.125,NaN,NaN
2012-07-01T12:00:00Z,0.0,-87.875,204.125,NaN,NaN
2012-07-01T12:00:00Z,0.0,-87.875,208.125,NaN,NaN
2012-07-01T12:00:00Z,0.0,-87.875,212.125,NaN,NaN
2012-07-01T12:00:00Z,0.0,-87.875,216.125,NaN,NaN
2012-07-01T12:00:00Z,0.0,-87.875,220.125,NaN,NaN
2012-07-01T12:00:00Z,0.0,-87.875,224.125,NaN,NaN
2012-07-01T12:00:00Z,0.0,-87.875,228.125,NaN,NaN
2012-07-01T12:00:00Z,0.0,-87.875,232.125,NaN,NaN
2012-07-01T12:00:00Z,0.0,-87.875,236.125,NaN,NaN
2012-07-01T12:00:00Z,0.0,-87.875,240.125,NaN,NaN
2012-07-01T12:00:00Z,0.0,-87.875,244.125,NaN,NaN
2012-07-01T12:00:00Z,0.0,-87.875,248.125,NaN,NaN
2012-07-01T12:00:00Z,0.0,-87.875,252.125,NaN,NaN
2012-07-01T12:00:00Z,0.0,-87.875,256.125,NaN,NaN
2012-07-01T12:00:00Z,0.0,-87.875,260.125,NaN,NaN
2012-07-01T12:00:00Z,0.0,-87.875,264.125,NaN,NaN
2012-07-01T12:00:00Z,0.0,-87.875,268.125,NaN,NaN
2012-07-01T12:00:00Z,0.0,-87.875,272.125,NaN,NaN
2012-07-01T12:00:00Z,0.0,-87.875,276.125,NaN,NaN
2012-07-01T12:00:00Z,0.0,-87.875,280.125,NaN,NaN
2012-07-01T12:00:00Z,0.0,-87.875,284.125,NaN,NaN
2012-07-01T12:00:00Z,0.0,-87.875,288.125,NaN,NaN
2012-07-01T12:00:00Z,0.0,-87.875,292.125,NaN,NaN
2012-07-01T12:00:00Z,0.0,-87.875,296.125,NaN,NaN
2012-07-01T12:00:00Z,0.0,-87.875,300.125,NaN,NaN
2012-07-01T12:00:00Z,0.0,-87.875,304.125,NaN,NaN
2012-07-01T12:00:00Z,0.0,-87.875,308.125,NaN,NaN
2012-07-01T12:00:00Z,0.0,-87.875,312.125,NaN,NaN
2012-07-01T12:00:00Z,0.0,-87.875,316.125,NaN,NaN
2012-07-01T12:00:00Z,0.0,-87.875,320.125,NaN,NaN
2012-07-01T12:00:00Z,0.0,-87.875,324.125,NaN,NaN
2012-07-01T12:00:00Z,0.0,-87.875,328.125,NaN,NaN
2012-07-01T12:00:00Z,0.0,-87.875,332.125,NaN,NaN
2012-07-01T12:00:00Z,0.0,-87.875,336.125,NaN,NaN
2012-07-01T12:00:00Z,0.0,-87.875,340.125,NaN,NaN
2012-07-01T12:00:00Z,0.0,-87.875,344.125,NaN,NaN
2012-07-01T12:00:00Z,0.0,-87.875,348.125,NaN,NaN
2012-07-01T12:00:00Z,0.0,-87.875,352.125,NaN,NaN
2012-07-01T12:00:00Z,0.0,-87.875,356.125,NaN,NaN
2012-07-01T12:00:00Z,0.0,-83.875,0.125,NaN,NaN
2012-07-01T12:00:00Z,0.0,-83.875,4.125,NaN,NaN
2012-07-01T12:00:00Z,0.0,-83.875,8.125,NaN,NaN
2012-07-01T12:00:00Z,0.0,-83.875,12.125,NaN,NaN
2012-07-01T12:00:00Z,0.0,-83.875,16.125,NaN,NaN
2012-07-01T12:00:00Z,0.0,-83.875,20.125,NaN,NaN
2012-07-01T12:00:00Z,0.0,-83.875,24.125,NaN,NaN
2012-07-01T12:00:00Z,0.0,-83.875,28.125,NaN,NaN
2012-07-01T12:00:00Z,0.0,-83.875,32.125,NaN,NaN
2012-07-01T12:00:00Z,0.0,-83.875,36.125,NaN,NaN
2012-07-01T12:00:00Z,0.0,-83.875,40.125,NaN,NaN
2012-07-01T12:00:00Z,0.0,-83.875,44.125,NaN,NaN
2012-07-01T12:00:00Z,0.0,-83.875,48.125,NaN,NaN
2012-07-01T12:00:00Z,0.0,-83.875,52.125,NaN,NaN
2012-07-01T12:00:00Z,0.0,-83.875,56.125,NaN,NaN
2012-07-01T12:00:00Z,0.0,-83.875,60.125,NaN,NaN
2012-07-01T12:00:00Z,0.0,-83.875,64.125,NaN,NaN
2012-07-01T12:00:00Z,0.0,-83.875,68.125,NaN,NaN
2012-07-01T12:00:00Z,0.0,-83.875,72.125,NaN,NaN
2012-07-01T12:00:00Z,0.0,-83.875,76.125,NaN,NaN
2012-07-01T12:00:00Z,0.0,-83.875,80.125,NaN,NaN
2012-07-01T12:00:00Z,0.0,-83.875,84.125,NaN,NaN
2012-07-01T12:00:00Z,0.0,-83.875,88.125,NaN,NaN
2012-07-01T12:00:00Z,0.0,-83.875,92.125,NaN,NaN
2012-07-01T12:00:00Z,0.0,-83.875,96.125,NaN,NaN
2012-07-01T12:00:00Z,0.0,-83.875,100.125,NaN,NaN
2012-07-01T12:00:00Z,0.0,-83.875,104.125,NaN,NaN
2012-07-01T12:00:00Z,0.0,-83.875,108.125,NaN,NaN
2012-07-01T12:00:00Z,0.0,-83.875,112.125,NaN,NaN
2012-07-01T12:00:00Z,0.0,-83.875,116.125,NaN,NaN
2012-07-01T12:00:00Z,0.0,-83.875,120.125,NaN,NaN
2012-07-01T12:00:00Z,0.0,-83.875,124.125,NaN,NaN
2012-07-01T12:00:00Z,0.0,-83.875,128.125,NaN,NaN
2012-07-01T12:00:00Z,0.0,-83.875,132.125,NaN,NaN
2012-07-01T12:00:00Z,0.0,-83.875,136.125,NaN,NaN
2012-07-01T12:00:00Z,0.0,-83.875,140.125,NaN,NaN
2012-07-01T12:00:00Z,0.0,-83.875,144.125,NaN,NaN
2012-07-01T12:00:00Z,0.0,-83.875,148.125,NaN,NaN
2012-07-01T12:00:00Z,0.0,-83.875,152.125,NaN,NaN
2012-07-01T12:00:00Z,0.0,-83.875,156.125,NaN,NaN
2012-07-01T12:00:00Z,0.0,-83.875,160.125,NaN,NaN
2012-07-01T12:00:00Z,0.0,-83.875,164.125,NaN,NaN
2012-07-01T12:00:00Z,0.0,-83.875,168.125,NaN,NaN
2012-07-01T12:00:00Z,0.0,-83.875,172.125,NaN,NaN
2012-07-01T12:00:00Z,0.0,-83.875,176.125,NaN,NaN
2012-07-01T12:00:00Z,0.0,-83.875,180.125,NaN,NaN
2012-07-01T12:00:00Z,0.0,-83.875,184.125,NaN,NaN
2012-07-01T12:00:00Z,0.0,-83.875,188.125,NaN,NaN
2012-07-01T12:00:00Z,0.0,-83.875,192.125,NaN,NaN
2012-07-01T12:00:00Z,0.0,-83.875,196.125,NaN,NaN
2012-07-01T12:00:00Z,0.0,-83.875,200.125,NaN,NaN
2012-07-01T12:00:00Z,0.0,-83.875,204.125,NaN,NaN
2012-07-01T12:00:00Z,0.0,-83.875,208.125,NaN,NaN
2012-07-01T12:00:00Z,0.0,-83.875,212.125,NaN,NaN
2012-07-01T12:00:00Z,0.0,-83.875,216.125,NaN,NaN
2012-07-01T12:00:00Z,0.0,-83.875,220.125,NaN,NaN
2012-07-01T12:00:00Z,0.0,-83.875,224.125,NaN,NaN
2012-07-01T12:00:00Z,0.0,-83.875,228.125,NaN,NaN
2012-07-01T12:00:00Z,0.0,-83.875,232.125,NaN,NaN
2012-07-01T12:00:00Z,0.0,-83.875,236.125,NaN,NaN
2012-07-01T12:00:00Z,0.0,-83.875,240.125,NaN,NaN
2012-07-01T12:00:00Z,0.0,-83.875,244.125,NaN,NaN
2012-07-01T12:00:00Z,0.0,-83.875,248.125,NaN,NaN
2012-07-01T12:00:00Z,0.0,-83.875,252.125,NaN,NaN
2012-07-01T12:00:00Z,0.0,-83.875,256.125,NaN,NaN
2012-07-01T12:00:00Z,0.0,-83.875,260.125,NaN,NaN
2012-07-01T12:00:00Z,0.0,-83.875,264.125,NaN,NaN
2012-07-01T12:00:00Z,0.0,-83.875,268.125,NaN,NaN
2012-07-01T12:00:00Z,0.0,-83.875,272.125,NaN,NaN
2012-07-01T12:00:00Z,0.0,-83.875,276.125,NaN,NaN
2012-07-01T12:00:00Z,0.0,-83.875,280.125,NaN,NaN
2012-07-01T12:00:00Z,0.0,-83.875,284.125,NaN,NaN
2012-07-01T12:00:00Z,0.0,-83.875,288.125,NaN,NaN
2012-07-01T12:00:00Z,0.0,-83.875,292.125,NaN,NaN
2012-07-01T12:00:00Z,0.0,-83.875,296.125,NaN,NaN
2012-07-01T12:00:00Z,0.0,-83.875,300.125,NaN,NaN
2012-07-01T12:00:00Z,0.0,-83.875,304.125,NaN,NaN
2012-07-01T12:00:00Z,0.0,-83.875,308.125,NaN,NaN
2012-07-01T12:00:00Z,0.0,-83.875,312.125,NaN,NaN
2012-07-01T12:00:00Z,0.0,-83.875,316.125,NaN,NaN
2012-07-01T12:00:00Z,0.0,-83.875,320.125,NaN,NaN
2012-07-01T12:00:00Z,0.0,-83.875,324.125,NaN,NaN
2012-07-01T12:00:00Z,0.0,-83.875,328.125,NaN,NaN
2012-07-01T12:00:00Z,0.0,-83.875,332.125,NaN,NaN
2012-07-01T12:00:00Z,0.0,-83.875,336.125,NaN,NaN
2012-07-01T12:00:00Z,0.0,-83.875,340.125,NaN,NaN
2012-07-01T12:00:00Z,0.0,-83.875,344.125,NaN,NaN
2012-07-01T12:00:00Z,0.0,-83.875,348.125,NaN,NaN
2012-07-01T12:00:00Z,0.0,-83.875,352.125,NaN,NaN
2012-07-01T12:00:00Z,0.0,-83.875,356.125,NaN,NaN
2012-07-01T12:00:00Z,0.0,-79.875,0.125,NaN,NaN
2012-07-01T12:00:00Z,0.0,-79.875,4.125,NaN,NaN
2012-07-01T12:00:00Z,0.0,-79.875,8.125,NaN,NaN
2012-07-01T12:00:00Z,0.0,-79.875,12.125,NaN,NaN
2012-07-01T12:00:00Z,0.0,-79.875,16.125,NaN,NaN
2012-07-01T12:00:00Z,0.0,-79.875,20.125,NaN,NaN
2012-07-01T12:00:00Z,0.0,-79.875,24.125,NaN,NaN
2012-07-01T12:00:00Z,0.0,-79.875,28.125,NaN,NaN
2012-07-01T12:00:00Z,0.0,-79.875,32.125,NaN,NaN
2012-07-01T12:00:00Z,0.0,-79.875,36.125,NaN,NaN
2012-07-01T12:00:00Z,0.0,-79.875,40.125,NaN,NaN
2012-07-01T12:00:00Z,0.0,-79.875,44.125,NaN,NaN
2012-07-01T12:00:00Z,0.0,-79.875,48.125,NaN,NaN
2012-07-01T12:00:00Z,0.0,-79.875,52.125,NaN,NaN
2012-07-01T12:00:00Z,0.0,-79.875,56.125,NaN,NaN
2012-07-01T12:00:00Z,0.0,-79.875,60.125,NaN,NaN
2012-07-01T12:00:00Z,0.0,-79.875,64.125,NaN,NaN
2012-07-01T12:00:00Z,0.0,-79.875,68.125,NaN,NaN
2012-07-01T12:00:00Z,0.0,-79.875,72.125,NaN,NaN
2012-07-01T12:00:00Z,0.0,-79.875,76.125,NaN,NaN
2012-07-01T12:00:00Z,0.0,-79.875,80.125,NaN,NaN
2012-07-01T12:00:00Z,0.0,-79.875,84.125,NaN,NaN
2012-07-01T12:00:00Z,0.0,-79.875,88.125,NaN,NaN
2012-07-01T12:00:00Z,0.0,-79.875,92.125,NaN,NaN
2012-07-01T12:00:00Z,0.0,-79.875,96.125,NaN,NaN
2012-07-01T12:00:00Z,0.0,-79.875,100.125,NaN,NaN
2012-07-01T12:00:00Z,0.0,-79.875,104.125,NaN,NaN
2012-07-01T12:00:00Z,0.0,-79.875,108.125,NaN,NaN
2012-07-01T12:00:00Z,0.0,-79.875,112.125,NaN,NaN
2012-07-01T12:00:00Z,0.0,-79.875,116.125,NaN,NaN
2012-07-01T12:00:00Z,0.0,-79.875,120.125,NaN,NaN
2012-07-01T12:00:00Z,0.0,-79.875,124.125,NaN,NaN
2012-07-01T12:00:00Z,0.0,-79.875,128.125,NaN,NaN
2012-07-01T12:00:00Z,0.0,-79.875,132.125,NaN,NaN
2012-07-01T12:00:00Z,0.0,-79.875,136.125,NaN,NaN
2012-07-01T12:00:00Z,0.0,-79.875,140.125,NaN,NaN
2012-07-01T12:00:00Z,0.0,-79.875,144.125,NaN,NaN
2012-07-01T12:00:00Z,0.0,-79.875,148.125,NaN,NaN
2012-07-01T12:00:00Z,0.0,-79.875,152.125,NaN,NaN
2012-07-01T12:00:00Z,0.0,-79.875,156.125,NaN,NaN
2012-07-01T12:00:00Z,0.0,-79.875,160.125,NaN,NaN
2012-07-01T12:00:00Z,0.0,-79.875,164.125,NaN,NaN
2012-07-01T12:00:00Z,0.0,-79.875,168.125,NaN,NaN
2012-07-01T12:00:00Z,0.0,-79.875,172.125,NaN,NaN
2012-07-01T12:00:00Z,0.0,-79.875,176.125,NaN,NaN
2012-07-01T12:00:00Z,0.0,-79.875,180.125,NaN,NaN
2012-07-01T12:00:00Z,0.0,-79.875,184.125,NaN,NaN
2012-07-01T12:00:00Z,0.0,-79.875,188.125,NaN,NaN
2012-07-01T12:00:00Z,0.0,-79.875,192.125,NaN,NaN
2012-07-01T12:00:00Z,0.0,-79.875,196.125,NaN,NaN
2012-07-01T12:00:00Z,0.0,-79.875,200.125,NaN,NaN
2012-07-01T12:00:00Z,0.0,-79.875,204.125,NaN,NaN
2012-07-01T12:00:00Z,0.0,-79.875,208.125,NaN,NaN
2012-07-01T12:00:00Z,0.0,-79.875,212.125,NaN,NaN
2012-07-01T12:00:00Z,0.0,-79.875,216.125,NaN,NaN
2012-07-01T12:00:00Z,0.0,-79.875,220.125,NaN,NaN
2012-07-01T12:00:00Z,0.0,-79.875,224.125,NaN,NaN
2012-07-01T12:00:00Z,0.0,-79.875,228.125,NaN,NaN
2012-07-01T12:00:00Z,0.0,-79.875,232.125,NaN,NaN
2012-07-01T12:00:00Z,0.0,-79.875,236.125,NaN,NaN
2012-07-01T12:00:00Z,0.0,-79.875,240.125,NaN,NaN
2012-07-01T12:00:00Z,0.0,-79.875,244.125,NaN,NaN
2012-07-01T12:00:00Z,0.0,-79.875,248.125,NaN,NaN
2012-07-01T12:00:00Z,0.0,-79.875,252.125,NaN,NaN
2012-07-01T12:00:00Z,0.0,-79.875,256.125,NaN,NaN
2012-07-01T12:00:00Z,0.0,-79.875,260.125,NaN,NaN
2012-07-01T12:00:00Z,0.0,-79.875,264.125,NaN,NaN
2012-07-01T12:00:00Z,0.0,-79.875,268.125,NaN,NaN
2012-07-01T12:00:00Z,0.0,-79.875,272.125,NaN,NaN
2012-07-01T12:00:00Z,0.0,-79.875,276.125,NaN,NaN
2012-07-01T12:00:00Z,0.0,-79.875,280.125,NaN,NaN
2012-07-01T12:00:00Z,0.0,-79.875,284.125,NaN,NaN
2012-07-01T12:00:00Z,0.0,-79.875,288.125,NaN,NaN
2012-07-01T12:00:00Z,0.0,-79.875,292.125,NaN,NaN
2012-07-01T12:00:00Z,0.0,-79.875,296.125,NaN,NaN
2012-07-01T12:00:00Z,0.0,-79.875,300.125,NaN,NaN
2012-07-01T12:00:00Z,0.0,-79.875,304.125,NaN,NaN
2012-07-01T12:00:00Z,0.0,-79.875,308.125,NaN,NaN
2012-07-01T12:00:00Z,0.0,-79.875,312.125,NaN,NaN
2012-07-01T12:00:00Z,0.0,-79.875,316.125,NaN,NaN
2012-07-01T12:00:00Z,0.0,-79.875,320.125,NaN,NaN
2012-07-01T12:00:00Z,0.0,-79.875,324.125,NaN,NaN
2012-07-01T12:00:00Z,0.0,-79.875,328.125,NaN,NaN
2012-07-01T12:00:00Z,0.0,-79.875,332.125,NaN,NaN
2012-07-01T12:00:00Z,0.0,-79.875,336.125,NaN,NaN
2012-07-01T12:00:00Z,0.0,-79.875,340.125,NaN,NaN
2012-07-01T12:00:00Z,0.0,-79.875,344.125,NaN,NaN
2012-07-01T12:00:00Z,0.0,-79.875,348.125,NaN,NaN
2012-07-01T12:00:00Z,0.0,-79.875,352.125,NaN,NaN
2012-07-01T12:00:00Z,0.0,-79.875,356.125,NaN,NaN
2012-07-01T12:00:00Z,0.0,-75.875,0.125,NaN,NaN
2012-07-01T12:00:00Z,0.0,-75.875,4.125,NaN,NaN
2012-07-01T12:00:00Z,0.0,-75.875,8.125,NaN,NaN
2012-07-01T12:00:00Z,0.0,-75.875,12.125,NaN,NaN
2012-07-01T12:00:00Z,0.0,-75.875,16.125,NaN,NaN
2012-07-01T12:00:00Z,0.0,-75.875,20.125,NaN,NaN
2012-07-01T12:00:00Z,0.0,-75.875,24.125,NaN,NaN
2012-07-01T12:00:00Z,0.0,-75.875,28.125,NaN,NaN
2012-07-01T12:00:00Z,0.0,-75.875,32.125,NaN,NaN
2012-07-01T12:00:00Z,0.0,-75.875,36.125,NaN,NaN
2012-07-01T12:00:00Z,0.0,-75.875,40.125,NaN,NaN
2012-07-01T12:00:00Z,0.0,-75.875,44.125,NaN,NaN
2012-07-01T12:00:00Z,0.0,-75.875,48.125,NaN,NaN
2012-07-01T12:00:00Z,0.0,-75.875,52.125,NaN,NaN
2012-07-01T12:00:00Z,0.0,-75.875,56.125,NaN,NaN
2012-07-01T12:00:00Z,0.0,-75.875,60.125,NaN,NaN
2012-07-01T12:00:00Z,0.0,-75.875,64.125,NaN,NaN
2012-07-01T12:00:00Z,0.0,-75.875,68.125,NaN,NaN
2012-07-01T12:00:00Z,0.0,-75.875,72.125,NaN,NaN
2012-07-01T12:00:00Z,0.0,-75.875,76.125,NaN,NaN
2012-07-01T12:00:00Z,0.0,-75.875,80.125,NaN,NaN
2012-07-01T12:00:00Z,0.0,-75.875,84.125,NaN,NaN
2012-07-01T12:00:00Z,0.0,-75.875,88.125,NaN,NaN
2012-07-01T12:00:00Z,0.0,-75.875,92.125,NaN,NaN
2012-07-01T12:00:00Z,0.0,-75.875,96.125,NaN,NaN
2012-07-01T12:00:00Z,0.0,-75.875,100.125,NaN,NaN
2012-07-01T12:00:00Z,0.0,-75.875,104.125,NaN,NaN
2012-07-01T12:00:00Z,0.0,-75.875,108.125,NaN,NaN
2012-07-01T12:00:00Z,0.0,-75.875,112.125,NaN,NaN
2012-07-01T12:00:00Z,0.0,-75.875,116.125,NaN,NaN
2012-07-01T12:00:00Z,0.0,-75.875,120.125,NaN,NaN
2012-07-01T12:00:00Z,0.0,-75.875,124.125,NaN,NaN
2012-07-01T12:00:00Z,0.0,-75.875,128.125,NaN,NaN
2012-07-01T12:00:00Z,0.0,-75.875,132.125,NaN,NaN
2012-07-01T12:00:00Z,0.0,-75.875,136.125,NaN,NaN
2012-07-01T12:00:00Z,0.0,-75.875,140.125,NaN,NaN
2012-07-01T12:00:00Z,0.0,-75.875,144.125,NaN,NaN
2012-07-01T12:00:00Z,0.0,-75.875,148.125,NaN,NaN
2012-07-01T12:00:00Z,0.0,-75.875,152.125,NaN,NaN
2012-07-01T12:00:00Z,0.0,-75.875,156.125,NaN,NaN
2012-07-01T12:00:00Z,0.0,-75.875,160.125,NaN,NaN
2012-07-01T12:00:00Z,0.0,-75.875,164.125,-1.7,-0.35
2012-07-01T12:00:00Z,0.0,-75.875,168.125,-1.78,-0.05
2012-07-01T12:00:00Z,0.0,-75.875,172.125,-1.7,-0.02
2012-07-01T12:00:00Z,0.0,-75.875,176.125,-1.76,-0.17
2012-07-01T12:00:00Z,0.0,-75.875,180.125,-1.78,-0.09
2012-07-01T12:00:00Z,0.0,-75.875,184.125,-1.79,-0.04
2012-07-01T12:00:00Z,0.0,-75.875,188.125,-1.76,0.02
2012-07-01T12:00:00Z,0.0,-75.875,192.125,-1.78,0.02
2012-07-01T12:00:00Z,0.0,-75.875,196.125,-1.78,0.02
2012-07-01T12:00:00Z,0.0,-75.875,200.125,-1.8,-0.02
2012-07-01T12:00:00Z,0.0,-75.875,204.125,-1.79,0.0
2012-07-01T12:00:00Z,0.0,-75.875,208.125,-1.77,0.0
2012-07-01T12:00:00Z,0.0,-75.875,212.125,-1.64,0.1
2012-07-01T12:00:00Z,0.0,-75.875,216.125,NaN,NaN
2012-07-01T12:00:00Z,0.0,-75.875,220.125,NaN,NaN
2012-07-01T12:00:00Z,0.0,-75.875,224.125,NaN,NaN
2012-07-01T12:00:00Z,0.0,-75.875,228.125,NaN,NaN
2012-07-01T12:00:00Z,0.0,-75.875,232.125,NaN,NaN
2012-07-01T12:00:00Z,0.0,-75.875,236.125,NaN,NaN
2012-07-01T12:00:00Z,0.0,-75.875,240.125,NaN,NaN
2012-07-01T12:00:00Z,0.0,-75.875,244.125,NaN,NaN
2012-07-01T12:00:00Z,0.0,-75.875,248.125,NaN,NaN
2012-07-01T12:00:00Z,0.0,-75.875,252.125,NaN,NaN
2012-07-01T12:00:00Z,0.0,-75.875,256.125,NaN,NaN
2012-07-01T12:00:00Z,0.0,-75.875,260.125,NaN,NaN
2012-07-01T12:00:00Z,0.0,-75.875,264.125,NaN,NaN
2012-07-01T12:00:00Z,0.0,-75.875,268.125,NaN,NaN
2012-07-01T12:00:00Z,0.0,-75.875,272.125,NaN,NaN
2012-07-01T12:00:00Z,0.0,-75.875,276.125,NaN,NaN
2012-07-01T12:00:00Z,0.0,-75.875,280.125,NaN,NaN
2012-07-01T12:00:00Z,0.0,-75.875,284.125,NaN,NaN
2012-07-01T12:00:00Z,0.0,-75.875,288.125,NaN,NaN
2012-07-01T12:00:00Z,0.0,-75.875,292.125,NaN,NaN
2012-07-01T12:00:00Z,0.0,-75.875,296.125,-1.64,-0.19
2012-07-01T12:00:00Z,0.0,-75.875,300.125,-1.59,-0.23
2012-07-01T12:00:00Z,0.0,-75.875,304.125,-1.7,-0.1
2012-07-01T12:00:00Z,0.0,-75.875,308.125,-1.79,-0.12
2012-07-01T12:00:00Z,0.0,-75.875,312.125,-1.78,-0.03
2012-07-01T12:00:00Z,0.0,-75.875,316.125,-1.72,0.0
2012-07-01T12:00:00Z,0.0,-75.875,320.125,-1.74,0.01
2012-07-01T12:00:00Z,0.0,-75.875,324.125,-1.75,0.04
2012-07-01T12:00:00Z,0.0,-75.875,328.125,-1.75,0.04
2012-07-01T12:00:00Z,0.0,-75.875,332.125,-1.54,0.03
2012-07-01T12:00:00Z,0.0,-75.875,336.125,-1.58,-0.16
2012-07-01T12:00:00Z,0.0,-75.875,340.125,NaN,NaN
2012-07-01T12:00:00Z,0.0,-75.875,344.125,NaN,NaN
2012-07-01T12:00:00Z,0.0,-75.875,348.125,NaN,NaN
2012-07-01T12:00:00Z,0.0,-75.875,352.125,NaN,NaN
2012-07-01T12:00:00Z,0.0,-75.875,356.125,NaN,NaN
2012-07-01T12:00:00Z,0.0,-71.875,0.125,NaN,NaN
2012-07-01T12:00:00Z,0.0,-71.875,4.125,NaN,NaN
2012-07-01T12:00:00Z,0.0,-71.875,8.125,NaN,NaN
2012-07-01T12:00:00Z,0.0,-71.875,12.125,NaN,NaN
2012-07-01T12:00:00Z,0.0,-71.875,16.125,NaN,NaN
2012-07-01T12:00:00Z,0.0,-71.875,20.125,NaN,NaN
2012-07-01T12:00:00Z,0.0,-71.875,24.125,NaN,NaN
2012-07-01T12:00:00Z,0.0,-71.875,28.125,NaN,NaN
2012-07-01T12:00:00Z,0.0,-71.875,32.125,NaN,NaN
2012-07-01T12:00:00Z,0.0,-71.875,36.125,NaN,NaN
2012-07-01T12:00:00Z,0.0,-71.875,40.125,NaN,NaN
2012-07-01T12:00:00Z,0.0,-71.875,44.125,NaN,NaN
2012-07-01T12:00:00Z,0.0,-71.875,48.125,NaN,NaN
2012-07-01T12:00:00Z,0.0,-71.875,52.125,NaN,NaN
2012-07-01T12:00:00Z,0.0,-71.875,56.125,NaN,NaN
2012-07-01T12:00:00Z,0.0,-71.875,60.125,NaN,NaN
2012-07-01T12:00:00Z,0.0,-71.875,64.125,NaN,NaN
2012-07-01T12:00:00Z,0.0,-71.875,68.125,-1.51,0.0
2012-07-01T12:00:00Z,0.0,-71.875,72.125,NaN,NaN
2012-07-01T12:00:00Z,0.0,-71.875,76.125,NaN,NaN
2012-07-01T12:00:00Z,0.0,-71.875,80.125,NaN,NaN
2012-07-01T12:00:00Z,0.0,-71.875,84.125,NaN,NaN
2012-07-01T12:00:00Z,0.0,-71.875,88.125,NaN,NaN
2012-07-01T12:00:00Z,0.0,-71.875,92.125,NaN,NaN
2012-07-01T12:00:00Z,0.0,-71.875,96.125,NaN,NaN
2012-07-01T12:00:00Z,0.0,-71.875,100.125,NaN,NaN
2012-07-01T12:00:00Z,0.0,-71.875,104.125,NaN,NaN
2012-07-01T12:00:00Z,0.0,-71.875,108.125,NaN,NaN
2012-07-01T12:00:00Z,0.0,-71.875,112.125,NaN,NaN
2012-07-01T12:00:00Z,0.0,-71.875,116.125,NaN,NaN
2012-07-01T12:00:00Z,0.0,-71.875,120.125,NaN,NaN
2012-07-01T12:00:00Z,0.0,-71.875,124.125,NaN,NaN
2012-07-01T12:00:00Z,0.0,-71.875,128.125,NaN,NaN
2012-07-01T12:00:00Z,0.0,-71.875,132.125,NaN,NaN
2012-07-01T12:00:00Z,0.0,-71.875,136.125,NaN,NaN
2012-07-01T12:00:00Z,0.0,-71.875,140.125,NaN,NaN
2012-07-01T12:00:00Z,0.0,-71.875,144.125,NaN,NaN
2012-07-01T12:00:00Z,0.0,-71.875,148.125,NaN,NaN
2012-07-01T12:00:00Z,0.0,-71.875,152.125,NaN,NaN
2012-07-01T12:00:00Z,0.0,-71.875,156.125,NaN,NaN
2012-07-01T12:00:00Z,0.0,-71.875,160.125,NaN,NaN
2012-07-01T12:00:00Z,0.0,-71.875,164.125,NaN,NaN
2012-07-01T12:00:00Z,0.0,-71.875,168.125,NaN,NaN
2012-07-01T12:00:00Z,0.0,-71.875,172.125,-1.69,-0.02
2012-07-01T12:00:00Z,0.0,-71.875,176.125,-1.77,-0.02
2012-07-01T12:00:00Z,0.0,-71.875,180.125,-1.73,0.05
2012-07-01T12:00:00Z,0.0,-71.875,184.125,-1.73,0.05
2012-07-01T12:00:00Z,0.0,-71.875,188.125,-1.78,0.02
2012-07-01T12:00:00Z,0.0,-71.875,192.125,-1.75,0.04
2012-07-01T12:00:00Z,0.0,-71.875,196.125,-1.76,0.04
2012-07-01T12:00:00Z,0.0,-71.875,200.125,-1.76,0.04
2012-07-01T12:00:00Z,0.0,-71.875,204.125,-1.74,0.06
2012-07-01T12:00:00Z,0.0,-71.875,208.125,-1.72,0.07
2012-07-01T12:00:00Z,0.0,-71.875,212.125,-1.72,0.08
2012-07-01T12:00:00Z,0.0,-71.875,216.125,-1.72,0.07
2012-07-01T12:00:00Z,0.0,-71.875,220.125,-1.7,0.08
2012-07-01T12:00:00Z,0.0,-71.875,224.125,-1.73,0.05
2012-07-01T12:00:00Z,0.0,-71.875,228.125,-1.77,-0.01
2012-07-01T12:00:00Z,0.0,-71.875,232.125,-1.77,-0.03
2012-07-01T12:00:00Z,0.0,-71.875,236.125,-1.78,-0.03
2012-07-01T12:00:00Z,0.0,-71.875,240.125,-1.79,-0.04
2012-07-01T12:00:00Z,0.0,-71.875,244.125,-1.78,-0.04
2012-07-01T12:00:00Z,0.0,-71.875,248.125,-1.77,-0.14
2012-07-01T12:00:00Z,0.0,-71.875,252.125,-1.77,-0.11
2012-07-01T12:00:00Z,0.0,-71.875,256.125,-1.76,-0.07
2012-07-01T12:00:00Z,0.0,-71.875,260.125,-1.68,-0.09
2012-07-01T12:00:00Z,0.0,-71.875,264.125,-1.69,-0.15
2012-07-01T12:00:00Z,0.0,-71.875,268.125,-1.72,-0.1
2012-07-01T12:00:00Z,0.0,-71.875,272.125,-1.8,-0.05
2012-07-01T12:00:00Z,0.0,-71.875,276.125,-1.8,-0.05
2012-07-01T12:00:00Z,0.0,-71.875,280.125,-1.75,-0.05
2012-07-01T12:00:00Z,0.0,-71.875,284.125,-1.77,-0.15
2012-07-01T12:00:00Z,0.0,-71.875,288.125,-1.61,-0.18
2012-07-01T12:00:00Z,0.0,-71.875,292.125,-1.42,0.01
2012-07-01T12:00:00Z,0.0,-71.875,296.125,NaN,NaN
2012-07-01T12:00:00Z,0.0,-71.875,300.125,-1.75,-0.11
2012-07-01T12:00:00Z,0.0,-71.875,304.125,-1.79,0.01
2012-07-01T12:00:00Z,0.0,-71.875,308.125,-1.79,0.01
2012-07-01T12:00:00Z,0.0,-71.875,312.125,-1.79,0.01
2012-07-01T12:00:00Z,0.0,-71.875,316.125,-1.8,0.0
2012-07-01T12:00:00Z,0.0,-71.875,320.125,-1.79,0.01
2012-07-01T12:00:00Z,0.0,-71.875,324.125,-1.78,0.02
2012-07-01T12:00:00Z,0.0,-71.875,328.125,-1.76,0.04
2012-07-01T12:00:00Z,0.0,-71.875,332.125,-1.76,0.04
2012-07-01T12:00:00Z,0.0,-71.875,336.125,-1.75,0.01
2012-07-01T12:00:00Z,0.0,-71.875,340.125,-1.76,-0.05
2012-07-01T12:00:00Z,0.0,-71.875,344.125,-1.74,-0.11
2012-07-01T12:00:00Z,0.0,-71.875,348.125,-1.7,-0.42
2012-07-01T12:00:00Z,0.0,-71.875,352.125,NaN,NaN
2012-07-01T12:00:00Z,0.0,-71.875,356.125,NaN,NaN
2012-07-01T12:00:00Z,0.0,-67.875,0.125,-1.79,-0.07
2012-07-01T12:00:00Z,0.0,-67.875,4.125,-1.78,-0.06
2012-07-01T12:00:00Z,0.0,-67.875,8.125,-1.79,-0.05
2012-07-01T12:00:00Z,0.0,-67.875,12.125,-1.78,-0.05
2012-07-01T12:00:00Z,0.0,-67.875,16.125,-1.79,-0.06
2012-07-01T12:00:00Z,0.0,-67.875,20.125,-1.8,-0.06
2012-07-01T12:00:00Z,0.0,-67.875,24.125,-1.8,-0.04
2012-07-01T12:00:00Z,0.0,-67.875,28.125,-1.8,-0.1
2012-07-01T12:00:00Z,0.0,-67.875,32.125,-1.79,-0.09
2012-07-01T12:00:00Z,0.0,-67.875,36.125,-1.8,-0.12
2012-07-01T12:00:00Z,0.0,-67.875,40.125,-1.76,-0.07
2012-07-01T12:00:00Z,0.0,-67.875,44.125,-1.71,0.02
2012-07-01T12:00:00Z,0.0,-67.875,48.125,NaN,NaN
2012-07-01T12:00:00Z,0.0,-67.875,52.125,NaN,NaN
2012-07-01T12:00:00Z,0.0,-67.875,56.125,NaN,NaN
2012-07-01T12:00:00Z,0.0,-67.875,60.125,NaN,NaN
2012-07-01T12:00:00Z,0.0,-67.875,64.125,NaN,NaN
2012-07-01T12:00:00Z,0.0,-67.875,68.125,NaN,NaN
2012-07-01T12:00:00Z,0.0,-67.875,72.125,-1.73,-0.03
2012-07-01T12:00:00Z,0.0,-67.875,76.125,-1.72,-0.08
2012-07-01T12:00:00Z,0.0,-67.875,80.125,-1.63,-0.19
2012-07-01T12:00:00Z,0.0,-67.875,84.125,NaN,NaN
2012-07-01T12:00:00Z,0.0,-67.875,88.125,NaN,NaN
2012-07-01T12:00:00Z,0.0,-67.875,92.125,NaN,NaN
2012-07-01T12:00:00Z,0.0,-67.875,96.125,NaN,NaN
2012-07-01T12:00:00Z,0.0,-67.875,100.125,NaN,NaN
2012-07-01T12:00:00Z,0.0,-67.875,104.125,NaN,NaN
2012-07-01T12:00:00Z,0.0,-67.875,108.125,NaN,NaN
2012-07-01T12:00:00Z,0.0,-67.875,112.125,NaN,NaN
2012-07-01T12:00:00Z,0.0,-67.875,116.125,NaN,NaN
2012-07-01T12:00:00Z,0.0,-67.875,120.125,NaN,NaN
2012-07-01T12:00:00Z,0.0,-67.875,124.125,NaN,NaN
2012-07-01T12:00:00Z,0.0,-67.875,128.125,NaN,NaN
2012-07-01T12:00:00Z,0.0,-67.875,132.125,NaN,NaN
2012-07-01T12:00:00Z,0.0,-67.875,136.125,NaN,NaN
2012-07-01T12:00:00Z,0.0,-67.875,140.125,NaN,NaN
2012-07-01T12:00:00Z,0.0,-67.875,144.125,NaN,NaN
2012-07-01T12:00:00Z,0.0,-67.875,148.125,-1.7,-0.17
2012-07-01T12:00:00Z,0.0,-67.875,152.125,-1.75,-0.03
2012-07-01T12:00:00Z,0.0,-67.875,156.125,-1.77,0.01
2012-07-01T12:00:00Z,0.0,-67.875,160.125,-1.73,0.04
2012-07-01T12:00:00Z,0.0,-67.875,164.125,-1.68,0.06
2012-07-01T12:00:00Z,0.0,-67.875,168.125,-1.7,0.05
2012-07-01T12:00:00Z,0.0,-67.875,172.125,-1.69,0.05
2012-07-01T12:00:00Z,0.0,-67.875,176.125,-1.71,0.03
2012-07-01T12:00:00Z,0.0,-67.875,180.125,-1.74,-0.08
2012-07-01T12:00:00Z,0.0,-67.875,184.125,-1.74,-0.11
2012-07-01T12:00:00Z,0.0,-67.875,188.125,-1.75,-0.09
2012-07-01T12:00:00Z,0.0,-67.875,192.125,-1.77,-0.06
2012-07-01T12:00:00Z,0.0,-67.875,196.125,-1.78,-0.04
2012-07-01T12:00:00Z,0.0,-67.875,200.125,-1.76,-0.01
2012-07-01T12:00:00Z,0.0,-67.875,204.125,-1.74,-0.01
2012-07-01T12:00:00Z,0.0,-67.875,208.125,-1.74,-0.02
2012-07-01T12:00:00Z,0.0,-67.875,212.125,-1.77,-0.07
2012-07-01T12:00:00Z,0.0,-67.875,216.125,-1.75,-0.14
2012-07-01T12:00:00Z,0.0,-67.875,220.125,-1.72,-0.19
2012-07-01T12:00:00Z,0.0,-67.875,224.125,-1.7,-0.22
2012-07-01T12:00:00Z,0.0,-67.875,228.125,-1.72,-0.29
2012-07-01T12:00:00Z,0.0,-67.875,232.125,-1.69,-0.25
2012-07-01T12:00:00Z,0.0,-67.875,236.125,-1.67,-0.24
2012-07-01T12:00:00Z,0.0,-67.875,240.125,-1.64,-0.3
2012-07-01T12:00:00Z,0.0,-67.875,244.125,-1.53,-0.27
2012-07-01T12:00:00Z,0.0,-67.875,248.125,-1.68,-0.4
2012-07-01T12:00:00Z,0.0,-67.875,252.125,-1.61,-0.34
2012-07-01T12:00:00Z,0.0,-67.875,256.125,-1.42,-0.32
2012-07-01T12:00:00Z,0.0,-67.875,260.125,-1.53,-0.45
2012-07-01T12:00:00Z,0.0,-67.875,264.125,-1.74,-0.63
2012-07-01T12:00:00Z,0.0,-67.875,268.125,-1.68,-0.48
2012-07-01T12:00:00Z,0.0,-67.875,272.125,-1.74,-0.43
2012-07-01T12:00:00Z,0.0,-67.875,276.125,-1.75,-0.35
2012-07-01T12:00:00Z,0.0,-67.875,280.125,-1.76,-0.25
2012-07-01T12:00:00Z,0.0,-67.875,284.125,-1.73,-0.19
2012-07-01T12:00:00Z,0.0,-67.875,288.125,-1.64,-0.12
2012-07-01T12:00:00Z,0.0,-67.875,292.125,-1.43,-0.08
2012-07-01T12:00:00Z,0.0,-67.875,296.125,-1.55,-0.16
2012-07-01T12:00:00Z,0.0,-67.875,300.125,-1.79,-0.16
2012-07-01T12:00:00Z,0.0,-67.875,304.125,-1.8,0.0
2012-07-01T12:00:00Z,0.0,-67.875,308.125,-1.79,0.01
2012-07-01T12:00:00Z,0.0,-67.875,312.125,-1.77,0.02
2012-07-01T12:00:00Z,0.0,-67.875,316.125,-1.76,0.03
2012-07-01T12:00:00Z,0.0,-67.875,320.125,-1.78,0.01
2012-07-01T12:00:00Z,0.0,-67.875,324.125,-1.75,0.05
2012-07-01T12:00:00Z,0.0,-67.875,328.125,-1.76,0.03
2012-07-01T12:00:00Z,0.0,-67.875,332.125,-1.74,0.05
2012-07-01T12:00:00Z,0.0,-67.875,336.125,-1.72,0.08
2012-07-01T12:00:00Z,0.0,-67.875,340.125,-1.67,0.12
2012-07-01T12:00:00Z,0.0,-67.875,344.125,-1.69,0.1
2012-07-01T12:00:00Z,0.0,-67.875,348.125,-1.73,0.05
2012-07-01T12:00:00Z,0.0,-67.875,352.125,-1.78,-0.01
2012-07-01T12:00:00Z,0.0,-67.875,356.125,-1.79,-0.05
2012-07-01T12:00:00Z,0.0,-63.875,0.125,-1.78,-0.27
2012-07-01T12:00:00Z,0.0,-63.875,4.125,-1.78,-0.31
2012-07-01T12:00:00Z,0.0,-63.875,8.125,-1.78,-0.34
2012-07-01T12:00:00Z,0.0,-63.875,12.125,-1.79,-0.34
2012-07-01T12:00:00Z,0.0,-63.875,16.125,-1.79,-0.27
2012-07-01T12:00:00Z,0.0,-63.875,20.125,-1.79,-0.28
2012-07-01T12:00:00Z,0.0,-63.875,24.125,-1.79,-0.32
2012-07-01T12:00:00Z,0.0,-63.875,28.125,-1.78,-0.37
2012-07-01T12:00:00Z,0.0,-63.875,32.125,-1.78,-0.42
2012-07-01T12:00:00Z,0.0,-63.875,36.125,-1.79,-0.52
2012-07-01T12:00:00Z,0.0,-63.875,40.125,-1.78,-0.61
2012-07-01T12:00:00Z,0.0,-63.875,44.125,-1.78,-0.62
2012-07-01T12:00:00Z,0.0,-63.875,48.125,-1.71,-0.5
2012-07-01T12:00:00Z,0.0,-63.875,52.125,-1.73,-0.41
2012-07-01T12:00:00Z,0.0,-63.875,56.125,-1.73,-0.24
2012-07-01T12:00:00Z,0.0,-63.875,60.125,-1.74,-0.18
2012-07-01T12:00:00Z,0.0,-63.875,64.125,-1.72,-0.1
2012-07-01T12:00:00Z,0.0,-63.875,68.125,-1.69,-0.01
2012-07-01T12:00:00Z,0.0,-63.875,72.125,-1.69,0.0
2012-07-01T12:00:00Z,0.0,-63.875,76.125,-1.73,-0.08
2012-07-01T12:00:00Z,0.0,-63.875,80.125,-1.75,-0.14
2012-07-01T12:00:00Z,0.0,-63.875,84.125,-1.73,-0.08
2012-07-01T12:00:00Z,0.0,-63.875,88.125,-1.67,-0.03
2012-07-01T12:00:00Z,0.0,-63.875,92.125,-1.74,-0.14
2012-07-01T12:00:00Z,0.0,-63.875,96.125,-1.71,-0.21
2012-07-01T12:00:00Z,0.0,-63.875,100.125,-1.69,-0.15
2012-07-01T12:00:00Z,0.0,-63.875,104.125,-1.72,-0.23
2012-07-01T12:00:00Z,0.0,-63.875,108.125,-1.71,-0.21
2012-07-01T12:00:00Z,0.0,-63.875,112.125,-1.73,-0.3
2012-07-01T12:00:00Z,0.0,-63.875,116.125,-1.77,-0.36
2012-07-01T12:00:00Z,0.0,-63.875,120.125,-1.78,-0.56
2012-07-01T12:00:00Z,0.0,-63.875,124.125,-1.63,-0.51
2012-07-01T12:00:00Z,0.0,-63.875,128.125,-1.56,-0.44
2012-07-01T12:00:00Z,0.0,-63.875,132.125,-1.5,-0.4
2012-07-01T12:00:00Z,0.0,-63.875,136.125,-1.74,-0.59
2012-07-01T12:00:00Z,0.0,-63.875,140.125,-1.68,-0.55
2012-07-01T12:00:00Z,0.0,-63.875,144.125,-1.72,-0.63
2012-07-01T12:00:00Z,0.0,-63.875,148.125,-1.68,-0.48
2012-07-01T12:00:00Z,0.0,-63.875,152.125,-1.73,-0.42
2012-07-01T12:00:00Z,0.0,-63.875,156.125,-1.68,-0.41
2012-07-01T12:00:00Z,0.0,-63.875,160.125,-1.76,-0.44
2012-07-01T12:00:00Z,0.0,-63.875,164.125,-1.77,-0.49
2012-07-01T12:00:00Z,0.0,-63.875,168.125,-1.51,-0.48
2012-07-01T12:00:00Z,0.0,-63.875,172.125,-1.58,-0.95
2012-07-01T12:00:00Z,0.0,-63.875,176.125,-1.1,-0.85
2012-07-01T12:00:00Z,0.0,-63.875,180.125,-1.22,-1.44
2012-07-01T12:00:00Z,0.0,-63.875,184.125,-0.75,-0.89
2012-07-01T12:00:00Z,0.0,-63.875,188.125,-1.32,-1.08
2012-07-01T12:00:00Z,0.0,-63.875,192.125,-1.59,-0.9
2012-07-01T12:00:00Z,0.0,-63.875,196.125,-1.69,-0.65
2012-07-01T12:00:00Z,0.0,-63.875,200.125,-1.55,-0.41
2012-07-01T12:00:00Z,0.0,-63.875,204.125,-1.48,-0.33
2012-07-01T12:00:00Z,0.0,-63.875,208.125,-1.4,-0.2
2012-07-01T12:00:00Z,0.0,-63.875,212.125,-1.4,-0.32
2012-07-01T12:00:00Z,0.0,-63.875,216.125,-1.16,-0.39
2012-07-01T12:00:00Z,0.0,-63.875,220.125,-0.93,-0.38
2012-07-01T12:00:00Z,0.0,-63.875,224.125,-0.79,-0.41
2012-07-01T12:00:00Z,0.0,-63.875,228.125,-0.54,-0.5
2012-07-01T12:00:00Z,0.0,-63.875,232.125,-0.98,-1.28
2012-07-01T12:00:00Z,0.0,-63.875,236.125,0.53,-0.02
2012-07-01T12:00:00Z,0.0,-63.875,240.125,0.23,-0.51
2012-07-01T12:00:00Z,0.0,-63.875,244.125,-0.27,-1.22
2012-07-01T12:00:00Z,0.0,-63.875,248.125,0.82,-0.37
2012-07-01T12:00:00Z,0.0,-63.875,252.125,0.17,-0.78
2012-07-01T12:00:00Z,0.0,-63.875,256.125,0.62,-0.23
2012-07-01T12:00:00Z,0.0,-63.875,260.125,-0.06,-0.95
2012-07-01T12:00:00Z,0.0,-63.875,264.125,0.13,-0.7
2012-07-01T12:00:00Z,0.0,-63.875,268.125,0.35,-0.32
2012-07-01T12:00:00Z,0.0,-63.875,272.125,1.1,0.37
2012-07-01T12:00:00Z,0.0,-63.875,276.125,0.66,0.11
2012-07-01T12:00:00Z,0.0,-63.875,280.125,-0.57,-0.83
2012-07-01T12:00:00Z,0.0,-63.875,284.125,-1.1,-1.09
2012-07-01T12:00:00Z,0.0,-63.875,288.125,-1.23,-0.7
2012-07-01T12:00:00Z,0.0,-63.875,292.125,-1.66,-0.78
2012-07-01T12:00:00Z,0.0,-63.875,296.125,-1.24,-0.5
2012-07-01T12:00:00Z,0.0,-63.875,300.125,-1.64,-0.62
2012-07-01T12:00:00Z,0.0,-63.875,304.125,-1.74,-0.27
2012-07-01T12:00:00Z,0.0,-63.875,308.125,-1.78,-0.09
2012-07-01T12:00:00Z,0.0,-63.875,312.125,-1.75,0.0
2012-07-01T12:00:00Z,0.0,-63.875,316.125,-1.77,-0.03
2012-07-01T12:00:00Z,0.0,-63.875,320.125,-1.77,-0.02
2012-07-01T12:00:00Z,0.0,-63.875,324.125,-1.71,0.04
2012-07-01T12:00:00Z,0.0,-63.875,328.125,-1.73,0.02
2012-07-01T12:00:00Z,0.0,-63.875,332.125,-1.65,0.11
2012-07-01T12:00:00Z,0.0,-63.875,336.125,-1.66,0.1
2012-07-01T12:00:00Z,0.0,-63.875,340.125,-1.66,0.11
2012-07-01T12:00:00Z,0.0,-63.875,344.125,-1.68,0.07
2012-07-01T12:00:00Z,0.0,-63.875,348.125,-1.73,0.0
2012-07-01T12:00:00Z,0.0,-63.875,352.125,-1.77,-0.08
2012-07-01T12:00:00Z,0.0,-63.875,356.125,-1.77,-0.17
2012-07-01T12:00:00Z,0.0,-59.875,0.125,-1.49,-0.28
2012-07-01T12:00:00Z,0.0,-59.875,4.125,-1.53,-0.32
2012-07-01T12:00:00Z,0.0,-59.875,8.125,-1.77,-0.62
2012-07-01T12:00:00Z,0.0,-59.875,12.125,-1.58,-0.56
2012-07-01T12:00:00Z,0.0,-59.875,16.125,-1.61,-0.68
2012-07-01T12:00:00Z,0.0,-59.875,20.125,-1.31,-0.63
2012-07-01T12:00:00Z,0.0,-59.875,24.125,-0.94,-0.52
2012-07-01T12:00:00Z,0.0,-59.875,28.125,-0.62,-0.35
2012-07-01T12:00:00Z,0.0,-59.875,32.125,-1.12,-0.76
2012-07-01T12:00:00Z,0.0,-59.875,36.125,-1.15,-0.83
2012-07-01T12:00:00Z,0.0,-59.875,40.125,-1.18,-0.86
2012-07-01T12:00:00Z,0.0,-59.875,44.125,-0.74,-0.53
2012-07-01T12:00:00Z,0.0,-59.875,48.125,-1.49,-1.35
2012-07-01T12:00:00Z,0.0,-59.875,52.125,-1.21,-0.9
2012-07-01T12:00:00Z,0.0,-59.875,56.125,-0.76,-0.31
2012-07-01T12:00:00Z,0.0,-59.875,60.125,-0.8,-0.42
2012-07-01T12:00:00Z,0.0,-59.875,64.125,-0.99,-0.76
2012-07-01T12:00:00Z,0.0,-59.875,68.125,-0.93,-0.59
2012-07-01T12:00:00Z,0.0,-59.875,72.125,-0.85,-0.18
2012-07-01T12:00:00Z,0.0,-59.875,76.125,-0.9,0.01
2012-07-01T12:00:00Z,0.0,-59.875,80.125,-1.09,-0.22
2012-07-01T12:00:00Z,0.0,-59.875,84.125,-1.07,-0.39
2012-07-01T12:00:00Z,0.0,-59.875,88.125,0.49,0.74
2012-07-01T12:00:00Z,0.0,-59.875,92.125,0.73,1.04
2012-07-01T12:00:00Z,0.0,-59.875,96.125,0.03,0.46
2012-07-01T12:00:00Z,0.0,-59.875,100.125,-0.35,0.07
2012-07-01T12:00:00Z,0.0,-59.875,104.125,-0.59,-0.42
2012-07-01T12:00:00Z,0.0,-59.875,108.125,-0.31,-0.28
2012-07-01T12:00:00Z,0.0,-59.875,112.125,-0.37,-0.45
2012-07-01T12:00:00Z,0.0,-59.875,116.125,0.26,0.03
2012-07-01T12:00:00Z,0.0,-59.875,120.125,-0.29,-0.62
2012-07-01T12:00:00Z,0.0,-59.875,124.125,0.76,0.31
2012-07-01T12:00:00Z,0.0,-59.875,128.125,0.42,-0.26
2012-07-01T12:00:00Z,0.0,-59.875,132.125,0.92,0.1
2012-07-01T12:00:00Z,0.0,-59.875,136.125,0.74,0.06
2012-07-01T12:00:00Z,0.0,-59.875,140.125,0.12,-0.62
2012-07-01T12:00:00Z,0.0,-59.875,144.125,0.98,0.44
2012-07-01T12:00:00Z,0.0,-59.875,148.125,0.22,0.18
2012-07-01T12:00:00Z,0.0,-59.875,152.125,0.12,0.04
2012-07-01T12:00:00Z,0.0,-59.875,156.125,0.89,0.31
2012-07-01T12:00:00Z,0.0,-59.875,160.125,0.99,0.1
2012-07-01T12:00:00Z,0.0,-59.875,164.125,2.58,0.76
2012-07-01T12:00:00Z,0.0,-59.875,168.125,2.26,-0.64
2012-07-01T12:00:00Z,0.0,-59.875,172.125,3.96,0.47
2012-07-01T12:00:00Z,0.0,-59.875,176.125,2.74,-0.46
2012-07-01T12:00:00Z,0.0,-59.875,180.125,2.92,0.03
2012-07-01T12:00:00Z,0.0,-59.875,184.125,2.66,0.07
2012-07-01T12:00:00Z,0.0,-59.875,188.125,2.35,0.02
2012-07-01T12:00:00Z,0.0,-59.875,192.125,2.56,0.48
2012-07-01T12:00:00Z,0.0,-59.875,196.125,1.71,0.06
2012-07-01T12:00:00Z,0.0,-59.875,200.125,1.01,-0.16
2012-07-01T12:00:00Z,0.0,-59.875,204.125,0.5,0.0
2012-07-01T12:00:00Z,0.0,-59.875,208.125,-0.69,-0.47
2012-07-01T12:00:00Z,0.0,-59.875,212.125,-0.38,-0.11
2012-07-01T12:00:00Z,0.0,-59.875,216.125,-0.13,-0.22
2012-07-01T12:00:00Z,0.0,-59.875,220.125,0.03,-0.43
2012-07-01T12:00:00Z,0.0,-59.875,224.125,0.21,-0.64
2012-07-01T12:00:00Z,0.0,-59.875,228.125,0.35,-1.08
2012-07-01T12:00:00Z,0.0,-59.875,232.125,0.67,-1.33
2012-07-01T12:00:00Z,0.0,-59.875,236.125,-0.02,-2.43
2012-07-01T12:00:00Z,0.0,-59.875,240.125,0.4,-2.16
2012-07-01T12:00:00Z,0.0,-59.875,244.125,1.72,-1.08
2012-07-01T12:00:00Z,0.0,-59.875,248.125,1.7,-1.28
2012-07-01T12:00:00Z,0.0,-59.875,252.125,1.87,-1.16
2012-07-01T12:00:00Z,0.0,-59.875,256.125,2.43,-0.79
2012-07-01T12:00:00Z,0.0,-59.875,260.125,3.13,-0.34
2012-07-01T12:00:00Z,0.0,-59.875,264.125,2.98,-0.42
2012-07-01T12:00:00Z,0.0,-59.875,268.125,2.62,-0.74
2012-07-01T12:00:00Z,0.0,-59.875,272.125,2.71,-0.8
2012-07-01T12:00:00Z,0.0,-59.875,276.125,3.32,-0.42
2012-07-01T12:00:00Z,0.0,-59.875,280.125,3.57,-0.3
2012-07-01T12:00:00Z,0.0,-59.875,284.125,2.54,-1.15
2012-07-01T12:00:00Z,0.0,-59.875,288.125,2.91,-0.26
2012-07-01T12:00:00Z,0.0,-59.875,292.125,1.04,-1.11
2012-07-01T12:00:00Z,0.0,-59.875,296.125,-0.62,-1.33
2012-07-01T12:00:00Z,0.0,-59.875,300.125,-0.28,-0.36
2012-07-01T12:00:00Z,0.0,-59.875,304.125,-0.21,0.02
2012-07-01T12:00:00Z,0.0,-59.875,308.125,-0.75,-0.11
2012-07-01T12:00:00Z,0.0,-59.875,312.125,-1.42,-0.59
2012-07-01T12:00:00Z,0.0,-59.875,316.125,-1.24,-0.44
2012-07-01T12:00:00Z,0.0,-59.875,320.125,-1.48,-0.54
2012-07-01T12:00:00Z,0.0,-59.875,324.125,-1.34,-0.39
2012-07-01T12:00:00Z,0.0,-59.875,328.125,-1.61,-0.5
2012-07-01T12:00:00Z,0.0,-59.875,332.125,-1.66,-0.48
2012-07-01T12:00:00Z,0.0,-59.875,336.125,-0.31,0.42
2012-07-01T12:00:00Z,0.0,-59.875,340.125,-1.53,-0.74
2012-07-01T12:00:00Z,0.0,-59.875,344.125,-1.33,-0.21
2012-07-01T12:00:00Z,0.0,-59.875,348.125,-1.53,-0.27
2012-07-01T12:00:00Z,0.0,-59.875,352.125,-1.74,-0.49
2012-07-01T12:00:00Z,0.0,-59.875,356.125,-1.48,-0.27
2012-07-01T12:00:00Z,0.0,-55.875,0.125,-0.94,-0.46
2012-07-01T12:00:00Z,0.0,-55.875,4.125,-0.83,-0.26
2012-07-01T12:00:00Z,0.0,-55.875,8.125,-1.25,-0.65
2012-07-01T12:00:00Z,0.0,-55.875,12.125,-0.95,-0.4
2012-07-01T12:00:00Z,0.0,-55.875,16.125,-0.47,-0.17
2012-07-01T12:00:00Z,0.0,-55.875,20.125,-0.69,-0.51
2012-07-01T12:00:00Z,0.0,-55.875,24.125,-0.24,-0.33
2012-07-01T12:00:00Z,0.0,-55.875,28.125,0.59,-0.11
2012-07-01T12:00:00Z,0.0,-55.875,32.125,1.16,0.31
2012-07-01T12:00:00Z,0.0,-55.875,36.125,0.71,-0.27
2012-07-01T12:00:00Z,0.0,-55.875,40.125,1.0,0.24
2012-07-01T12:00:00Z,0.0,-55.875,44.125,-0.37,-0.86
2012-07-01T12:00:00Z,0.0,-55.875,48.125,0.23,-0.52
2012-07-01T12:00:00Z,0.0,-55.875,52.125,0.46,-0.55
2012-07-01T12:00:00Z,0.0,-55.875,56.125,1.37,0.19
2012-07-01T12:00:00Z,0.0,-55.875,60.125,1.5,0.22
2012-07-01T12:00:00Z,0.0,-55.875,64.125,1.46,0.1
2012-07-01T12:00:00Z,0.0,-55.875,68.125,1.28,-0.03
2012-07-01T12:00:00Z,0.0,-55.875,72.125,1.25,0.23
2012-07-01T12:00:00Z,0.0,-55.875,76.125,0.27,-0.24
2012-07-01T12:00:00Z,0.0,-55.875,80.125,-0.11,-0.25
2012-07-01T12:00:00Z,0.0,-55.875,84.125,1.31,0.45
2012-07-01T12:00:00Z,0.0,-55.875,88.125,1.01,-0.19
2012-07-01T12:00:00Z,0.0,-55.875,92.125,0.89,-0.16
2012-07-01T12:00:00Z,0.0,-55.875,96.125,2.01,0.95
2012-07-01T12:00:00Z,0.0,-55.875,100.125,1.39,0.62
2012-07-01T12:00:00Z,0.0,-55.875,104.125,0.35,-0.39
2012-07-01T12:00:00Z,0.0,-55.875,108.125,1.06,-0.1
2012-07-01T12:00:00Z,0.0,-55.875,112.125,1.93,0.44
2012-07-01T12:00:00Z,0.0,-55.875,116.125,1.73,-0.31
2012-07-01T12:00:00Z,0.0,-55.875,120.125,2.61,0.34
2012-07-01T12:00:00Z,0.0,-55.875,124.125,2.64,0.18
2012-07-01T12:00:00Z,0.0,-55.875,128.125,3.54,0.92
2012-07-01T12:00:00Z,0.0,-55.875,132.125,3.52,0.68
2012-07-01T12:00:00Z,0.0,-55.875,136.125,3.44,0.59
2012-07-01T12:00:00Z,0.0,-55.875,140.125,2.68,0.35
2012-07-01T12:00:00Z,0.0,-55.875,144.125,1.71,0.17
2012-07-01T12:00:00Z,0.0,-55.875,148.125,0.94,-1.13
2012-07-01T12:00:00Z,0.0,-55.875,152.125,5.5,2.22
2012-07-01T12:00:00Z,0.0,-55.875,156.125,5.04,1.28
2012-07-01T12:00:00Z,0.0,-55.875,160.125,2.42,-1.04
2012-07-01T12:00:00Z,0.0,-55.875,164.125,3.99,-1.38
2012-07-01T12:00:00Z,0.0,-55.875,168.125,6.84,0.29
2012-07-01T12:00:00Z,0.0,-55.875,172.125,6.27,0.2
2012-07-01T12:00:00Z,0.0,-55.875,176.125,5.56,0.04
2012-07-01T12:00:00Z,0.0,-55.875,180.125,6.92,1.14
2012-07-01T12:00:00Z,0.0,-55.875,184.125,5.46,-0.26
2012-07-01T12:00:00Z,0.0,-55.875,188.125,5.33,0.25
2012-07-01T12:00:00Z,0.0,-55.875,192.125,4.96,0.28
2012-07-01T12:00:00Z,0.0,-55.875,196.125,3.84,-0.45
2012-07-01T12:00:00Z,0.0,-55.875,200.125,3.41,-0.66
2012-07-01T12:00:00Z,0.0,-55.875,204.125,3.82,0.0
2012-07-01T12:00:00Z,0.0,-55.875,208.125,2.31,-0.81
2012-07-01T12:00:00Z,0.0,-55.875,212.125,2.14,-0.62
2012-07-01T12:00:00Z,0.0,-55.875,216.125,3.22,-0.13
2012-07-01T12:00:00Z,0.0,-55.875,220.125,4.64,0.5
2012-07-01T12:00:00Z,0.0,-55.875,224.125,3.14,-0.88
2012-07-01T12:00:00Z,0.0,-55.875,228.125,3.51,-0.89
2012-07-01T12:00:00Z,0.0,-55.875,232.125,3.53,-1.69
2012-07-01T12:00:00Z,0.0,-55.875,236.125,4.98,-0.49
2012-07-01T12:00:00Z,0.0,-55.875,240.125,3.11,-2.08
2012-07-01T12:00:00Z,0.0,-55.875,244.125,2.57,-2.65
2012-07-01T12:00:00Z,0.0,-55.875,248.125,4.73,-0.71
2012-07-01T12:00:00Z,0.0,-55.875,252.125,4.93,-0.63
2012-07-01T12:00:00Z,0.0,-55.875,256.125,4.44,-1.11
2012-07-01T12:00:00Z,0.0,-55.875,260.125,4.66,-0.94
2012-07-01T12:00:00Z,0.0,-55.875,264.125,4.79,-0.7
2012-07-01T12:00:00Z,0.0,-55.875,268.125,5.1,-0.42
2012-07-01T12:00:00Z,0.0,-55.875,272.125,5.18,-0.36
2012-07-01T12:00:00Z,0.0,-55.875,276.125,4.73,-0.74
2012-07-01T12:00:00Z,0.0,-55.875,280.125,4.63,-0.85
2012-07-01T12:00:00Z,0.0,-55.875,284.125,5.13,-0.73
2012-07-01T12:00:00Z,0.0,-55.875,288.125,5.41,-0.97
2012-07-01T12:00:00Z,0.0,-55.875,292.125,5.94,-0.23
2012-07-01T12:00:00Z,0.0,-55.875,296.125,3.43,-1.63
2012-07-01T12:00:00Z,0.0,-55.875,300.125,3.49,-0.9
2012-07-01T12:00:00Z,0.0,-55.875,304.125,1.84,-1.74
2012-07-01T12:00:00Z,0.0,-55.875,308.125,2.51,-0.1
2012-07-01T12:00:00Z,0.0,-55.875,312.125,1.34,-0.42
2012-07-01T12:00:00Z,0.0,-55.875,316.125,1.23,0.11
2012-07-01T12:00:00Z,0.0,-55.875,320.125,0.62,-0.12
2012-07-01T12:00:00Z,0.0,-55.875,324.125,0.91,0.2
2012-07-01T12:00:00Z,0.0,-55.875,328.125,0.48,0.34
2012-07-01T12:00:00Z,0.0,-55.875,332.125,-1.29,-1.29
2012-07-01T12:00:00Z,0.0,-55.875,336.125,0.7,0.17
2012-07-01T12:00:00Z,0.0,-55.875,340.125,0.57,-0.11
2012-07-01T12:00:00Z,0.0,-55.875,344.125,0.16,-0.42
2012-07-01T12:00:00Z,0.0,-55.875,348.125,-0.03,-0.32
2012-07-01T12:00:00Z,0.0,-55.875,352.125,0.05,0.08
2012-07-01T12:00:00Z,0.0,-55.875,356.125,-0.6,-0.29
2012-07-01T12:00:00Z,0.0,-51.875,0.125,1.67,0.2
2012-07-01T12:00:00Z,0.0,-51.875,4.125,1.3,-0.2
2012-07-01T12:00:00Z,0.0,-51.875,8.125,1.78,0.26
2012-07-01T12:00:00Z,0.0,-51.875,12.125,1.16,0.16
2012-07-01T12:00:00Z,0.0,-51.875,16.125,0.78,-0.31
2012-07-01T12:00:00Z,0.0,-51.875,20.125,0.91,-0.04
2012-07-01T12:00:00Z,0.0,-51.875,24.125,0.57,-0.44
2012-07-01T12:00:00Z,0.0,-51.875,28.125,0.97,-0.66
2012-07-01T12:00:00Z,0.0,-51.875,32.125,2.03,-0.09
2012-07-01T12:00:00Z,0.0,-51.875,36.125,1.93,-0.39
2012-07-01T12:00:00Z,0.0,-51.875,40.125,1.58,-0.49
2012-07-01T12:00:00Z,0.0,-51.875,44.125,1.39,-0.64
2012-07-01T12:00:00Z,0.0,-51.875,48.125,2.46,0.02
2012-07-01T12:00:00Z,0.0,-51.875,52.125,2.67,-0.01
2012-07-01T12:00:00Z,0.0,-51.875,56.125,2.4,-0.2
2012-07-01T12:00:00Z,0.0,-51.875,60.125,3.11,0.38
2012-07-01T12:00:00Z,0.0,-51.875,64.125,3.54,0.87
2012-07-01T12:00:00Z,0.0,-51.875,68.125,3.21,0.64
2012-07-01T12:00:00Z,0.0,-51.875,72.125,2.77,0.66
2012-07-01T12:00:00Z,0.0,-51.875,76.125,2.48,0.77
2012-07-01T12:00:00Z,0.0,-51.875,80.125,1.71,0.04
2012-07-01T12:00:00Z,0.0,-51.875,84.125,2.25,-0.67
2012-07-01T12:00:00Z,0.0,-51.875,88.125,2.93,-0.8
2012-07-01T12:00:00Z,0.0,-51.875,92.125,3.57,-0.35
2012-07-01T12:00:00Z,0.0,-51.875,96.125,3.67,0.33
2012-07-01T12:00:00Z,0.0,-51.875,100.125,2.88,-0.24
2012-07-01T12:00:00Z,0.0,-51.875,104.125,4.04,1.1
2012-07-01T12:00:00Z,0.0,-51.875,108.125,2.97,0.31
2012-07-01T12:00:00Z,0.0,-51.875,112.125,2.68,0.07
2012-07-01T12:00:00Z,0.0,-51.875,116.125,2.82,-0.5
2012-07-01T12:00:00Z,0.0,-51.875,120.125,3.61,-0.57
2012-07-01T12:00:00Z,0.0,-51.875,124.125,6.34,1.34
2012-07-01T12:00:00Z,0.0,-51.875,128.125,5.92,0.33
2012-07-01T12:00:00Z,0.0,-51.875,132.125,6.49,0.8
2012-07-01T12:00:00Z,0.0,-51.875,136.125,5.9,0.37
2012-07-01T12:00:00Z,0.0,-51.875,140.125,4.62,-0.6
2012-07-01T12:00:00Z,0.0,-51.875,144.125,6.88,1.15
2012-07-01T12:00:00Z,0.0,-51.875,148.125,6.59,-0.16
2012-07-01T12:00:00Z,0.0,-51.875,152.125,5.34,-1.63
2012-07-01T12:00:00Z,0.0,-51.875,156.125,6.29,-1.05
2012-07-01T12:00:00Z,0.0,-51.875,160.125,7.97,0.5
2012-07-01T12:00:00Z,0.0,-51.875,164.125,7.33,-0.83
2012-07-01T12:00:00Z,0.0,-51.875,168.125,6.89,-0.98
2012-07-01T12:00:00Z,0.0,-51.875,172.125,6.8,-0.56
2012-07-01T12:00:00Z,0.0,-51.875,176.125,5.04,-1.55
2012-07-01T12:00:00Z,0.0,-51.875,180.125,6.57,-0.24
2012-07-01T12:00:00Z,0.0,-51.875,184.125,6.93,-0.74
2012-07-01T12:00:00Z,0.0,-51.875,188.125,7.52,-0.35
2012-07-01T12:00:00Z,0.0,-51.875,192.125,7.5,-0.05
2012-07-01T12:00:00Z,0.0,-51.875,196.125,7.22,-0.38
2012-07-01T12:00:00Z,0.0,-51.875,200.125,8.65,0.93
2012-07-01T12:00:00Z,0.0,-51.875,204.125,7.56,-0.16
2012-07-01T12:00:00Z,0.0,-51.875,208.125,7.98,0.16
2012-07-01T12:00:00Z,0.0,-51.875,212.125,8.64,0.77
2012-07-01T12:00:00Z,0.0,-51.875,216.125,8.21,0.51
2012-07-01T12:00:00Z,0.0,-51.875,220.125,7.91,0.44
2012-07-01T12:00:00Z,0.0,-51.875,224.125,5.96,-1.43
2012-07-01T12:00:00Z,0.0,-51.875,228.125,7.59,0.16
2012-07-01T12:00:00Z,0.0,-51.875,232.125,6.55,-0.63
2012-07-01T12:00:00Z,0.0,-51.875,236.125,5.72,-1.19
2012-07-01T12:00:00Z,0.0,-51.875,240.125,5.75,-0.63
2012-07-01T12:00:00Z,0.0,-51.875,244.125,4.23,-2.13
2012-07-01T12:00:00Z,0.0,-51.875,248.125,5.51,-1.3
2012-07-01T12:00:00Z,0.0,-51.875,252.125,6.86,0.08
2012-07-01T12:00:00Z,0.0,-51.875,256.125,6.34,-0.31
2012-07-01T12:00:00Z,0.0,-51.875,260.125,5.85,-0.69
2012-07-01T12:00:00Z,0.0,-51.875,264.125,5.69,-0.75
2012-07-01T12:00:00Z,0.0,-51.875,268.125,5.77,-0.63
2012-07-01T12:00:00Z,0.0,-51.875,272.125,6.24,-0.16
2012-07-01T12:00:00Z,0.0,-51.875,276.125,5.64,-0.84
2012-07-01T12:00:00Z,0.0,-51.875,280.125,5.86,-1.06
2012-07-01T12:00:00Z,0.0,-51.875,284.125,7.52,-0.52
2012-07-01T12:00:00Z,0.0,-51.875,288.125,NaN,NaN
2012-07-01T12:00:00Z,0.0,-51.875,292.125,5.84,-1.33
2012-07-01T12:00:00Z,0.0,-51.875,296.125,5.94,-0.67
2012-07-01T12:00:00Z,0.0,-51.875,300.125,5.32,-0.88
2012-07-01T12:00:00Z,0.0,-51.875,304.125,5.12,0.01
2012-07-01T12:00:00Z,0.0,-51.875,308.125,4.21,0.0
2012-07-01T12:00:00Z,0.0,-51.875,312.125,4.05,0.65
2012-07-01T12:00:00Z,0.0,-51.875,316.125,2.56,0.04
2012-07-01T12:00:00Z,0.0,-51.875,320.125,2.29,0.45
2012-07-01T12:00:00Z,0.0,-51.875,324.125,2.45,0.66
2012-07-01T12:00:00Z,0.0,-51.875,328.125,1.35,-0.03
2012-07-01T12:00:00Z,0.0,-51.875,332.125,3.01,1.08
2012-07-01T12:00:00Z,0.0,-51.875,336.125,2.69,0.29
2012-07-01T12:00:00Z,0.0,-51.875,340.125,2.36,0.0
2012-07-01T12:00:00Z,0.0,-51.875,344.125,1.93,-0.2
2012-07-01T12:00:00Z,0.0,-51.875,348.125,1.35,-0.27
2012-07-01T12:00:00Z,0.0,-51.875,352.125,1.2,0.16
2012-07-01T12:00:00Z,0.0,-51.875,356.125,1.03,-0.1
2012-07-01T12:00:00Z,0.0,-47.875,0.125,5.09,0.29
2012-07-01T12:00:00Z,0.0,-47.875,4.125,5.33,0.55
2012-07-01T12:00:00Z,0.0,-47.875,8.125,4.56,0.04
2012-07-01T12:00:00Z,0.0,-47.875,12.125,4.32,-0.29
2012-07-01T12:00:00Z,0.0,-47.875,16.125,4.52,-0.07
2012-07-01T12:00:00Z,0.0,-47.875,20.125,4.29,-0.01
2012-07-01T12:00:00Z,0.0,-47.875,24.125,5.55,1.29
2012-07-01T12:00:00Z,0.0,-47.875,28.125,4.34,-0.51
2012-07-01T12:00:00Z,0.0,-47.875,32.125,5.23,-0.24
2012-07-01T12:00:00Z,0.0,-47.875,36.125,6.14,1.33
2012-07-01T12:00:00Z,0.0,-47.875,40.125,4.22,-0.49
2012-07-01T12:00:00Z,0.0,-47.875,44.125,4.48,-0.6
2012-07-01T12:00:00Z,0.0,-47.875,48.125,3.98,-0.52
2012-07-01T12:00:00Z,0.0,-47.875,52.125,4.5,0.18
2012-07-01T12:00:00Z,0.0,-47.875,56.125,5.79,0.95
2012-07-01T12:00:00Z,0.0,-47.875,60.125,5.16,-0.08
2012-07-01T12:00:00Z,0.0,-47.875,64.125,4.18,-0.26
2012-07-01T12:00:00Z,0.0,-47.875,68.125,4.79,0.76
2012-07-01T12:00:00Z,0.0,-47.875,72.125,3.43,-0.69
2012-07-01T12:00:00Z,0.0,-47.875,76.125,5.34,0.08
2012-07-01T12:00:00Z,0.0,-47.875,80.125,5.82,0.22
2012-07-01T12:00:00Z,0.0,-47.875,84.125,7.45,0.63
2012-07-01T12:00:00Z,0.0,-47.875,88.125,8.49,0.92
2012-07-01T12:00:00Z,0.0,-47.875,92.125,6.69,-0.55
2012-07-01T12:00:00Z,0.0,-47.875,96.125,5.05,-1.23
2012-07-01T12:00:00Z,0.0,-47.875,100.125,6.15,0.14
2012-07-01T12:00:00Z,0.0,-47.875,104.125,5.77,-0.26
2012-07-01T12:00:00Z,0.0,-47.875,108.125,5.79,-0.71
2012-07-01T12:00:00Z,0.0,-47.875,112.125,6.61,-0.68
2012-07-01T12:00:00Z,0.0,-47.875,116.125,7.11,-0.56
2012-07-01T12:00:00Z,0.0,-47.875,120.125,7.94,0.17
2012-07-01T12:00:00Z,0.0,-47.875,124.125,7.93,-0.58
2012-07-01T12:00:00Z,0.0,-47.875,128.125,9.99,1.01
2012-07-01T12:00:00Z,0.0,-47.875,132.125,9.57,0.7
2012-07-01T12:00:00Z,0.0,-47.875,136.125,9.37,0.52
2012-07-01T12:00:00Z,0.0,-47.875,140.125,9.54,0.34
2012-07-01T12:00:00Z,0.0,-47.875,144.125,8.29,-1.02
2012-07-01T12:00:00Z,0.0,-47.875,148.125,9.27,-0.15
2012-07-01T12:00:00Z,0.0,-47.875,152.125,10.22,0.66
2012-07-01T12:00:00Z,0.0,-47.875,156.125,9.53,0.1
2012-07-01T12:00:00Z,0.0,-47.875,160.125,8.84,-0.63
2012-07-01T12:00:00Z,0.0,-47.875,164.125,9.7,-0.72
2012-07-01T12:00:00Z,0.0,-47.875,168.125,9.64,-0.14
2012-07-01T12:00:00Z,0.0,-47.875,172.125,6.62,-1.56
2012-07-01T12:00:00Z,0.0,-47.875,176.125,6.7,-1.45
2012-07-01T12:00:00Z,0.0,-47.875,180.125,8.42,0.03
2012-07-01T12:00:00Z,0.0,-47.875,184.125,6.91,-2.72
2012-07-01T12:00:00Z,0.0,-47.875,188.125,9.26,-0.82
2012-07-01T12:00:00Z,0.0,-47.875,192.125,9.15,-0.77
2012-07-01T12:00:00Z,0.0,-47.875,196.125,9.38,-0.25
2012-07-01T12:00:00Z,0.0,-47.875,200.125,9.99,0.46
2012-07-01T12:00:00Z,0.0,-47.875,204.125,9.8,0.5
2012-07-01T12:00:00Z,0.0,-47.875,208.125,9.6,0.5
2012-07-01T12:00:00Z,0.0,-47.875,212.125,9.72,0.79
2012-07-01T12:00:00Z,0.0,-47.875,216.125,9.5,0.77
2012-07-01T12:00:00Z,0.0,-47.875,220.125,9.2,0.64
2012-07-01T12:00:00Z,0.0,-47.875,224.125,8.72,0.31
2012-07-01T12:00:00Z,0.0,-47.875,228.125,9.17,0.9
2012-07-01T12:00:00Z,0.0,-47.875,232.125,8.43,0.36
2012-07-01T12:00:00Z,0.0,-47.875,236.125,7.9,-0.1
2012-07-01T12:00:00Z,0.0,-47.875,240.125,6.14,-1.7
2012-07-01T12:00:00Z,0.0,-47.875,244.125,6.71,-1.21
2012-07-01T12:00:00Z,0.0,-47.875,248.125,7.61,-0.5
2012-07-01T12:00:00Z,0.0,-47.875,252.125,8.34,0.26
2012-07-01T12:00:00Z,0.0,-47.875,256.125,7.62,-0.33
2012-07-01T12:00:00Z,0.0,-47.875,260.125,7.69,-0.16
2012-07-01T12:00:00Z,0.0,-47.875,264.125,7.21,-0.57
2012-07-01T12:00:00Z,0.0,-47.875,268.125,7.03,-0.77
2012-07-01T12:00:00Z,0.0,-47.875,272.125,7.5,-0.37
2012-07-01T12:00:00Z,0.0,-47.875,276.125,7.35,-0.78
2012-07-01T12:00:00Z,0.0,-47.875,280.125,7.78,-0.83
2012-07-01T12:00:00Z,0.0,-47.875,284.125,8.71,-0.73
2012-07-01T12:00:00Z,0.0,-47.875,288.125,NaN,NaN
2012-07-01T12:00:00Z,0.0,-47.875,292.125,NaN,NaN
2012-07-01T12:00:00Z,0.0,-47.875,296.125,7.33,-0.59
2012-07-01T12:00:00Z,0.0,-47.875,300.125,5.93,-0.48
2012-07-01T12:00:00Z,0.0,-47.875,304.125,7.32,0.47
2012-07-01T12:00:00Z,0.0,-47.875,308.125,9.0,0.65
2012-07-01T12:00:00Z,0.0,-47.875,312.125,10.1,1.44
2012-07-01T12:00:00Z,0.0,-47.875,316.125,9.7,1.64
2012-07-01T12:00:00Z,0.0,-47.875,320.125,7.6,0.23
2012-07-01T12:00:00Z,0.0,-47.875,324.125,8.74,1.96
2012-07-01T12:00:00Z,0.0,-47.875,328.125,6.91,1.26
2012-07-01T12:00:00Z,0.0,-47.875,332.125,6.62,1.44
2012-07-01T12:00:00Z,0.0,-47.875,336.125,5.21,0.17
2012-07-01T12:00:00Z,0.0,-47.875,340.125,5.4,-0.06
2012-07-01T12:00:00Z,0.0,-47.875,344.125,4.29,-0.73
2012-07-01T12:00:00Z,0.0,-47.875,348.125,4.22,0.39
2012-07-01T12:00:00Z,0.0,-47.875,352.125,2.77,-0.52
2012-07-01T12:00:00Z,0.0,-47.875,356.125,4.75,0.56
2012-07-01T12:00:00Z,0.0,-43.875,0.125,9.38,0.84
2012-07-01T12:00:00Z,0.0,-43.875,4.125,9.51,1.19
2012-07-01T12:00:00Z,0.0,-43.875,8.125,7.03,-0.75
2012-07-01T12:00:00Z,0.0,-43.875,12.125,7.56,-0.93
2012-07-01T12:00:00Z,0.0,-43.875,16.125,11.99,2.71
2012-07-01T12:00:00Z,0.0,-43.875,20.125,8.19,-1.44
2012-07-01T12:00:00Z,0.0,-43.875,24.125,11.33,1.5
2012-07-01T12:00:00Z,0.0,-43.875,28.125,10.14,0.33
2012-07-01T12:00:00Z,0.0,-43.875,32.125,8.38,-0.86
2012-07-01T12:00:00Z,0.0,-43.875,36.125,8.0,-0.24
2012-07-01T12:00:00Z,0.0,-43.875,40.125,7.37,-0.46
2012-07-01T12:00:00Z,0.0,-43.875,44.125,6.34,-1.0
2012-07-01T12:00:00Z,0.0,-43.875,48.125,6.01,-0.35
2012-07-01T12:00:00Z,0.0,-43.875,52.125,7.19,0.02
2012-07-01T12:00:00Z,0.0,-43.875,56.125,8.49,-1.35
2012-07-01T12:00:00Z,0.0,-43.875,60.125,13.58,0.95
2012-07-01T12:00:00Z,0.0,-43.875,64.125,13.22,1.13
2012-07-01T12:00:00Z,0.0,-43.875,68.125,11.33,0.27
2012-07-01T12:00:00Z,0.0,-43.875,72.125,12.62,1.28
2012-07-01T12:00:00Z,0.0,-43.875,76.125,12.0,0.76
2012-07-01T12:00:00Z,0.0,-43.875,80.125,9.52,-1.06
2012-07-01T12:00:00Z,0.0,-43.875,84.125,10.65,0.04
2012-07-01T12:00:00Z,0.0,-43.875,88.125,9.63,-0.6
2012-07-01T12:00:00Z,0.0,-43.875,92.125,10.06,0.24
2012-07-01T12:00:00Z,0.0,-43.875,96.125,9.49,-0.36
2012-07-01T12:00:00Z,0.0,-43.875,100.125,11.6,1.32
2012-07-01T12:00:00Z,0.0,-43.875,104.125,11.02,0.75
2012-07-01T12:00:00Z,0.0,-43.875,108.125,10.94,0.66
2012-07-01T12:00:00Z,0.0,-43.875,112.125,10.32,0.14
2012-07-01T12:00:00Z,0.0,-43.875,116.125,10.6,0.37
2012-07-01T12:00:00Z,0.0,-43.875,120.125,10.69,0.45
2012-07-01T12:00:00Z,0.0,-43.875,124.125,10.89,0.44
2012-07-01T12:00:00Z,0.0,-43.875,128.125,10.57,0.1
2012-07-01T12:00:00Z,0.0,-43.875,132.125,11.03,0.47
2012-07-01T12:00:00Z,0.0,-43.875,136.125,10.53,-0.24
2012-07-01T12:00:00Z,0.0,-43.875,140.125,10.91,-0.21
2012-07-01T12:00:00Z,0.0,-43.875,144.125,12.01,0.03
2012-07-01T12:00:00Z,0.0,-43.875,148.125,13.49,0.78
2012-07-01T12:00:00Z,0.0,-43.875,152.125,13.88,1.35
2012-07-01T12:00:00Z,0.0,-43.875,156.125,12.51,0.53
2012-07-01T12:00:00Z,0.0,-43.875,160.125,11.97,0.02
2012-07-01T12:00:00Z,0.0,-43.875,164.125,11.06,-1.08
2012-07-01T12:00:00Z,0.0,-43.875,168.125,12.86,0.14
2012-07-01T12:00:00Z,0.0,-43.875,172.125,9.0,-1.16
2012-07-01T12:00:00Z,0.0,-43.875,176.125,9.79,-1.09
2012-07-01T12:00:00Z,0.0,-43.875,180.125,9.8,-1.34
2012-07-01T12:00:00Z,0.0,-43.875,184.125,11.05,-0.9
2012-07-01T12:00:00Z,0.0,-43.875,188.125,11.66,-0.16
2012-07-01T12:00:00Z,0.0,-43.875,192.125,11.0,-0.27
2012-07-01T12:00:00Z,0.0,-43.875,196.125,10.77,-0.16
2012-07-01T12:00:00Z,0.0,-43.875,200.125,10.44,-0.24
2012-07-01T12:00:00Z,0.0,-43.875,204.125,10.94,0.37
2012-07-01T12:00:00Z,0.0,-43.875,208.125,11.01,0.43
2012-07-01T12:00:00Z,0.0,-43.875,212.125,10.58,0.11
2012-07-01T12:00:00Z,0.0,-43.875,216.125,11.54,1.11
2012-07-01T12:00:00Z,0.0,-43.875,220.125,10.99,0.66
2012-07-01T12:00:00Z,0.0,-43.875,224.125,11.3,1.05
2012-07-01T12:00:00Z,0.0,-43.875,228.125,10.87,0.62
2012-07-01T12:00:00Z,0.0,-43.875,232.125,9.68,-0.45
2012-07-01T12:00:00Z,0.0,-43.875,236.125,9.78,-0.35
2012-07-01T12:00:00Z,0.0,-43.875,240.125,10.25,0.14
2012-07-01T12:00:00Z,0.0,-43.875,244.125,10.41,0.26
2012-07-01T12:00:00Z,0.0,-43.875,248.125,10.29,0.04
2012-07-01T12:00:00Z,0.0,-43.875,252.125,9.6,-0.58
2012-07-01T12:00:00Z,0.0,-43.875,256.125,9.84,-0.13
2012-07-01T12:00:00Z,0.0,-43.875,260.125,9.4,-0.48
2012-07-01T12:00:00Z,0.0,-43.875,264.125,9.49,-0.4
2012-07-01T12:00:00Z,0.0,-43.875,268.125,9.53,-0.44
2012-07-01T12:00:00Z,0.0,-43.875,272.125,9.6,-0.46
2012-07-01T12:00:00Z,0.0,-43.875,276.125,9.57,-0.68
2012-07-01T12:00:00Z,0.0,-43.875,280.125,10.2,-0.39
2012-07-01T12:00:00Z,0.0,-43.875,284.125,10.21,-0.61
2012-07-01T12:00:00Z,0.0,-43.875,288.125,NaN,NaN
2012-07-01T12:00:00Z,0.0,-43.875,292.125,NaN,NaN
2012-07-01T12:00:00Z,0.0,-43.875,296.125,10.45,0.17
2012-07-01T12:00:00Z,0.0,-43.875,300.125,7.59,-0.22
2012-07-01T12:00:00Z,0.0,-43.875,304.125,8.92,-0.32
2012-07-01T12:00:00Z,0.0,-43.875,308.125,14.81,2.84
2012-07-01T12:00:00Z,0.0,-43.875,312.125,10.75,0.14
2012-07-01T12:00:00Z,0.0,-43.875,316.125,10.07,0.33
2012-07-01T12:00:00Z,0.0,-43.875,320.125,10.18,0.76
2012-07-01T12:00:00Z,0.0,-43.875,324.125,9.13,-0.21
2012-07-01T12:00:00Z,0.0,-43.875,328.125,10.1,0.84
2012-07-01T12:00:00Z,0.0,-43.875,332.125,8.63,-0.77
2012-07-01T12:00:00Z,0.0,-43.875,336.125,10.42,0.57
2012-07-01T12:00:00Z,0.0,-43.875,340.125,10.82,1.1
2012-07-01T12:00:00Z,0.0,-43.875,344.125,8.09,-0.74
2012-07-01T12:00:00Z,0.0,-43.875,348.125,11.28,2.36
2012-07-01T12:00:00Z,0.0,-43.875,352.125,10.2,1.3
2012-07-01T12:00:00Z,0.0,-43.875,356.125,8.57,0.01
2012-07-01T12:00:00Z,0.0,-39.875,0.125,11.69,0.18
2012-07-01T12:00:00Z,0.0,-39.875,4.125,12.16,0.68
2012-07-01T12:00:00Z,0.0,-39.875,8.125,12.66,0.61
2012-07-01T12:00:00Z,0.0,-39.875,12.125,17.69,4.15
2012-07-01T12:00:00Z,0.0,-39.875,16.125,13.84,-1.67
2012-07-01T12:00:00Z,0.0,-39.875,20.125,16.15,-0.54
2012-07-01T12:00:00Z,0.0,-39.875,24.125,18.21,2.75
2012-07-01T12:00:00Z,0.0,-39.875,28.125,16.51,1.17
2012-07-01T12:00:00Z,0.0,-39.875,32.125,13.15,-2.35
2012-07-01T12:00:00Z,0.0,-39.875,36.125,17.45,1.77
2012-07-01T12:00:00Z,0.0,-39.875,40.125,14.86,-0.42
2012-07-01T12:00:00Z,0.0,-39.875,44.125,12.13,-3.62
2012-07-01T12:00:00Z,0.0,-39.875,48.125,16.87,1.55
2012-07-01T12:00:00Z,0.0,-39.875,52.125,14.94,-0.53
2012-07-01T12:00:00Z,0.0,-39.875,56.125,16.13,0.37
2012-07-01T12:00:00Z,0.0,-39.875,60.125,15.39,0.04
2012-07-01T12:00:00Z,0.0,-39.875,64.125,15.29,0.51
2012-07-01T12:00:00Z,0.0,-39.875,68.125,14.29,0.01
2012-07-01T12:00:00Z,0.0,-39.875,72.125,13.86,-0.06
2012-07-01T12:00:00Z,0.0,-39.875,76.125,13.55,0.13
2012-07-01T12:00:00Z,0.0,-39.875,80.125,13.51,0.52
2012-07-01T12:00:00Z,0.0,-39.875,84.125,12.89,0.22
2012-07-01T12:00:00Z,0.0,-39.875,88.125,11.96,-0.4
2012-07-01T12:00:00Z,0.0,-39.875,92.125,12.63,0.52
2012-07-01T12:00:00Z,0.0,-39.875,96.125,12.02,0.0
2012-07-01T12:00:00Z,0.0,-39.875,100.125,12.11,0.23
2012-07-01T12:00:00Z,0.0,-39.875,104.125,13.32,1.22
2012-07-01T12:00:00Z,0.0,-39.875,108.125,13.19,0.76
2012-07-01T12:00:00Z,0.0,-39.875,112.125,13.18,0.46
2012-07-01T12:00:00Z,0.0,-39.875,116.125,15.19,2.2
2012-07-01T12:00:00Z,0.0,-39.875,120.125,13.16,0.41
2012-07-01T12:00:00Z,0.0,-39.875,124.125,12.56,-0.23
2012-07-01T12:00:00Z,0.0,-39.875,128.125,11.86,-0.93
2012-07-01T12:00:00Z,0.0,-39.875,132.125,12.93,0.06
2012-07-01T12:00:00Z,0.0,-39.875,136.125,12.65,-0.3
2012-07-01T12:00:00Z,0.0,-39.875,140.125,14.32,0.65
2012-07-01T12:00:00Z,0.0,-39.875,144.125,14.11,0.2
2012-07-01T12:00:00Z,0.0,-39.875,148.125,12.88,-1.53
2012-07-01T12:00:00Z,0.0,-39.875,152.125,16.06,0.57
2012-07-01T12:00:00Z,0.0,-39.875,156.125,14.88,-0.13
2012-07-01T12:00:00Z,0.0,-39.875,160.125,15.17,0.6
2012-07-01T12:00:00Z,0.0,-39.875,164.125,14.67,0.42
2012-07-01T12:00:00Z,0.0,-39.875,168.125,14.02,-0.22
2012-07-01T12:00:00Z,0.0,-39.875,172.125,14.12,-0.38
2012-07-01T12:00:00Z,0.0,-39.875,176.125,NaN,NaN
2012-07-01T12:00:00Z,0.0,-39.875,180.125,13.02,-1.76
2012-07-01T12:00:00Z,0.0,-39.875,184.125,13.11,-1.02
2012-07-01T12:00:00Z,0.0,-39.875,188.125,12.7,-0.88
2012-07-01T12:00:00Z,0.0,-39.875,192.125,12.59,-0.7
2012-07-01T12:00:00Z,0.0,-39.875,196.125,13.27,0.16
2012-07-01T12:00:00Z,0.0,-39.875,200.125,12.79,-0.16
2012-07-01T12:00:00Z,0.0,-39.875,204.125,13.49,0.52
2012-07-01T12:00:00Z,0.0,-39.875,208.125,12.8,-0.08
2012-07-01T12:00:00Z,0.0,-39.875,212.125,14.14,1.4
2012-07-01T12:00:00Z,0.0,-39.875,216.125,13.76,1.05
2012-07-01T12:00:00Z,0.0,-39.875,220.125,13.53,0.78
2012-07-01T12:00:00Z,0.0,-39.875,224.125,13.2,0.36
2012-07-01T12:00:00Z,0.0,-39.875,228.125,13.69,0.89
2012-07-01T12:00:00Z,0.0,-39.875,232.125,12.92,0.23
2012-07-01T12:00:00Z,0.0,-39.875,236.125,13.47,0.88
2012-07-01T12:00:00Z,0.0,-39.875,240.125,13.37,0.76
2012-07-01T12:00:00Z,0.0,-39.875,244.125,13.22,0.64
2012-07-01T12:00:00Z,0.0,-39.875,248.125,12.66,-0.05
2012-07-01T12:00:00Z,0.0,-39.875,252.125,12.94,0.41
2012-07-01T12:00:00Z,0.0,-39.875,256.125,12.14,-0.16
2012-07-01T12:00:00Z,0.0,-39.875,260.125,11.88,-0.36
2012-07-01T12:00:00Z,0.0,-39.875,264.125,12.78,0.47
2012-07-01T12:00:00Z,0.0,-39.875,268.125,12.11,-0.37
2012-07-01T12:00:00Z,0.0,-39.875,272.125,12.65,0.02
2012-07-01T12:00:00Z,0.0,-39.875,276.125,12.57,-0.11
2012-07-01T12:00:00Z,0.0,-39.875,280.125,12.16,-0.6
2012-07-01T12:00:00Z,0.0,-39.875,284.125,11.97,-0.51
2012-07-01T12:00:00Z,0.0,-39.875,288.125,NaN,NaN
2012-07-01T12:00:00Z,0.0,-39.875,292.125,NaN,NaN
2012-07-01T12:00:00Z,0.0,-39.875,296.125,NaN,NaN
2012-07-01T12:00:00Z,0.0,-39.875,300.125,12.03,0.76
2012-07-01T12:00:00Z,0.0,-39.875,304.125,7.49,-1.25
2012-07-01T12:00:00Z,0.0,-39.875,308.125,15.52,1.02
2012-07-01T12:00:00Z,0.0,-39.875,312.125,15.71,1.53
2012-07-01T12:00:00Z,0.0,-39.875,316.125,13.3,-0.29
2012-07-01T12:00:00Z,0.0,-39.875,320.125,14.1,0.32
2012-07-01T12:00:00Z,0.0,-39.875,324.125,13.3,-0.48
2012-07-01T12:00:00Z,0.0,-39.875,328.125,14.66,0.74
2012-07-01T12:00:00Z,0.0,-39.875,332.125,13.89,0.12
2012-07-01T12:00:00Z,0.0,-39.875,336.125,13.17,-0.17
2012-07-01T12:00:00Z,0.0,-39.875,340.125,13.24,0.46
2012-07-01T12:00:00Z,0.0,-39.875,344.125,12.82,0.29
2012-07-01T12:00:00Z,0.0,-39.875,348.125,13.18,0.89
2012-07-01T12:00:00Z,0.0,-39.875,352.125,12.82,1.09
2012-07-01T12:00:00Z,0.0,-39.875,356.125,11.82,0.34
2012-07-01T12:00:00Z,0.0,-35.875,0.125,15.24,-0.35
2012-07-01T12:00:00Z,0.0,-35.875,4.125,15.84,0.18
2012-07-01T12:00:00Z,0.0,-35.875,8.125,16.26,0.41
2012-07-01T12:00:00Z,0.0,-35.875,12.125,16.76,0.4
2012-07-01T12:00:00Z,0.0,-35.875,16.125,16.62,-0.22
2012-07-01T12:00:00Z,0.0,-35.875,20.125,16.46,-0.59
2012-07-01T12:00:00Z,0.0,-35.875,24.125,20.25,0.85
2012-07-01T12:00:00Z,0.0,-35.875,28.125,17.84,-1.49
2012-07-01T12:00:00Z,0.0,-35.875,32.125,18.74,-0.09
2012-07-01T12:00:00Z,0.0,-35.875,36.125,19.08,0.32
2012-07-01T12:00:00Z,0.0,-35.875,40.125,18.1,-0.1
2012-07-01T12:00:00Z,0.0,-35.875,44.125,17.73,-0.09
2012-07-01T12:00:00Z,0.0,-35.875,48.125,16.84,-0.63
2012-07-01T12:00:00Z,0.0,-35.875,52.125,16.52,-0.52
2012-07-01T12:00:00Z,0.0,-35.875,56.125,16.9,0.23
2012-07-01T12:00:00Z,0.0,-35.875,60.125,16.03,-0.24
2012-07-01T12:00:00Z,0.0,-35.875,64.125,15.69,-0.29
2012-07-01T12:00:00Z,0.0,-35.875,68.125,15.22,-0.49
2012-07-01T12:00:00Z,0.0,-35.875,72.125,14.44,-1.04
2012-07-01T12:00:00Z,0.0,-35.875,76.125,15.73,0.73
2012-07-01T12:00:00Z,0.0,-35.875,80.125,14.59,-0.16
2012-07-01T12:00:00Z,0.0,-35.875,84.125,15.23,0.63
2012-07-01T12:00:00Z,0.0,-35.875,88.125,14.46,0.11
2012-07-01T12:00:00Z,0.0,-35.875,92.125,15.56,1.42
2012-07-01T12:00:00Z,0.0,-35.875,96.125,14.72,0.5
2012-07-01T12:00:00Z,0.0,-35.875,100.125,16.29,1.96
2012-07-01T12:00:00Z,0.0,-35.875,104.125,16.31,1.56
2012-07-01T12:00:00Z,0.0,-35.875,108.125,15.81,0.32
2012-07-01T12:00:00Z,0.0,-35.875,112.125,17.85,1.27
2012-07-01T12:00:00Z,0.0,-35.875,116.125,17.72,0.41
2012-07-01T12:00:00Z,0.0,-35.875,120.125,17.89,1.06
2012-07-01T12:00:00Z,0.0,-35.875,124.125,14.95,-1.01
2012-07-01T12:00:00Z,0.0,-35.875,128.125,15.65,0.44
2012-07-01T12:00:00Z,0.0,-35.875,132.125,15.1,-0.44
2012-07-01T12:00:00Z,0.0,-35.875,136.125,16.64,0.71
2012-07-01T12:00:00Z,0.0,-35.875,140.125,NaN,NaN
2012-07-01T12:00:00Z,0.0,-35.875,144.125,NaN,NaN
2012-07-01T12:00:00Z,0.0,-35.875,148.125,NaN,NaN
2012-07-01T12:00:00Z,0.0,-35.875,152.125,16.69,-1.27
2012-07-01T12:00:00Z,0.0,-35.875,156.125,17.32,-0.47
2012-07-01T12:00:00Z,0.0,-35.875,160.125,18.42,1.04
2012-07-01T12:00:00Z,0.0,-35.875,164.125,16.67,-0.12
2012-07-01T12:00:00Z,0.0,-35.875,168.125,16.17,-0.04
2012-07-01T12:00:00Z,0.0,-35.875,172.125,15.71,-0.33
2012-07-01T12:00:00Z,0.0,-35.875,176.125,16.61,-0.12
2012-07-01T12:00:00Z,0.0,-35.875,180.125,15.8,-0.46
2012-07-01T12:00:00Z,0.0,-35.875,184.125,14.89,-0.73
2012-07-01T12:00:00Z,0.0,-35.875,188.125,15.15,-0.26
2012-07-01T12:00:00Z,0.0,-35.875,192.125,14.9,-0.58
2012-07-01T12:00:00Z,0.0,-35.875,196.125,15.06,-0.36
2012-07-01T12:00:00Z,0.0,-35.875,200.125,15.08,-0.22
2012-07-01T12:00:00Z,0.0,-35.875,204.125,15.88,0.61
2012-07-01T12:00:00Z,0.0,-35.875,208.125,16.52,1.16
2012-07-01T12:00:00Z,0.0,-35.875,212.125,16.27,0.81
2012-07-01T12:00:00Z,0.0,-35.875,216.125,16.89,1.39
2012-07-01T12:00:00Z,0.0,-35.875,220.125,16.14,0.6
2012-07-01T12:00:00Z,0.0,-35.875,224.125,16.07,0.48
2012-07-01T12:00:00Z,0.0,-35.875,228.125,16.1,0.57
2012-07-01T12:00:00Z,0.0,-35.875,232.125,15.35,-0.18
2012-07-01T12:00:00Z,0.0,-35.875,236.125,16.52,1.01
2012-07-01T12:00:00Z,0.0,-35.875,240.125,15.6,0.19
2012-07-01T12:00:00Z,0.0,-35.875,244.125,16.35,0.91
2012-07-01T12:00:00Z,0.0,-35.875,248.125,14.74,-0.7
2012-07-01T12:00:00Z,0.0,-35.875,252.125,15.18,-0.07
2012-07-01T12:00:00Z,0.0,-35.875,256.125,13.96,-1.21
2012-07-01T12:00:00Z,0.0,-35.875,260.125,15.11,-0.07
2012-07-01T12:00:00Z,0.0,-35.875,264.125,14.75,-0.47
2012-07-01T12:00:00Z,0.0,-35.875,268.125,15.06,-0.13
2012-07-01T12:00:00Z,0.0,-35.875,272.125,15.06,-0.07
2012-07-01T12:00:00Z,0.0,-35.875,276.125,14.77,-0.21
2012-07-01T12:00:00Z,0.0,-35.875,280.125,14.87,0.07
2012-07-01T12:00:00Z,0.0,-35.875,284.125,13.61,-0.35
2012-07-01T12:00:00Z,0.0,-35.875,288.125,NaN,NaN
2012-07-01T12:00:00Z,0.0,-35.875,292.125,NaN,NaN
2012-07-01T12:00:00Z,0.0,-35.875,296.125,NaN,NaN
2012-07-01T12:00:00Z,0.0,-35.875,300.125,NaN,NaN
2012-07-01T12:00:00Z,0.0,-35.875,304.125,11.99,0.61
2012-07-01T12:00:00Z,0.0,-35.875,308.125,19.21,3.24
2012-07-01T12:00:00Z,0.0,-35.875,312.125,17.77,0.78
2012-07-01T12:00:00Z,0.0,-35.875,316.125,17.6,0.91
2012-07-01T12:00:00Z,0.0,-35.875,320.125,16.9,0.37
2012-07-01T12:00:00Z,0.0,-35.875,324.125,16.63,0.32
2012-07-01T12:00:00Z,0.0,-35.875,328.125,16.62,0.55
2012-07-01T12:00:00Z,0.0,-35.875,332.125,16.07,0.27
2012-07-01T12:00:00Z,0.0,-35.875,336.125,15.01,-0.56
2012-07-01T12:00:00Z,0.0,-35.875,340.125,15.23,-0.25
2012-07-01T12:00:00Z,0.0,-35.875,344.125,16.25,0.72
2012-07-01T12:00:00Z,0.0,-35.875,348.125,16.72,1.11
2012-07-01T12:00:00Z,0.0,-35.875,352.125,16.02,0.63
2012-07-01T12:00:00Z,0.0,-35.875,356.125,16.04,0.74
2012-07-01T12:00:00Z,0.0,-31.875,0.125,18.49,0.59
2012-07-01T12:00:00Z,0.0,-31.875,4.125,18.25,0.43
2012-07-01T12:00:00Z,0.0,-31.875,8.125,17.46,0.02
2012-07-01T12:00:00Z,0.0,-31.875,12.125,16.88,-0.14
2012-07-01T12:00:00Z,0.0,-31.875,16.125,16.6,0.75
2012-07-01T12:00:00Z,0.0,-31.875,20.125,NaN,NaN
2012-07-01T12:00:00Z,0.0,-31.875,24.125,NaN,NaN
2012-07-01T12:00:00Z,0.0,-31.875,28.125,NaN,NaN
2012-07-01T12:00:00Z,0.0,-31.875,32.125,21.96,0.55
2012-07-01T12:00:00Z,0.0,-31.875,36.125,20.45,-0.37
2012-07-01T12:00:00Z,0.0,-31.875,40.125,19.87,-0.4
2012-07-01T12:00:00Z,0.0,-31.875,44.125,20.81,1.13
2012-07-01T12:00:00Z,0.0,-31.875,48.125,20.05,0.66
2012-07-01T12:00:00Z,0.0,-31.875,52.125,18.79,-0.23
2012-07-01T12:00:00Z,0.0,-31.875,56.125,19.25,0.31
2012-07-01T12:00:00Z,0.0,-31.875,60.125,19.03,0.36
2012-07-01T12:00:00Z,0.0,-31.875,64.125,18.44,-0.19
2012-07-01T12:00:00Z,0.0,-31.875,68.125,17.96,-0.39
2012-07-01T12:00:00Z,0.0,-31.875,72.125,17.24,-0.71
2012-07-01T12:00:00Z,0.0,-31.875,76.125,17.51,-0.09
2012-07-01T12:00:00Z,0.0,-31.875,80.125,18.11,0.56
2012-07-01T12:00:00Z,0.0,-31.875,84.125,18.21,1.13
2012-07-01T12:00:00Z,0.0,-31.875,88.125,17.95,0.96
2012-07-01T12:00:00Z,0.0,-31.875,92.125,17.23,0.43
2012-07-01T12:00:00Z,0.0,-31.875,96.125,17.76,0.83
2012-07-01T12:00:00Z,0.0,-31.875,100.125,17.75,0.87
2012-07-01T12:00:00Z,0.0,-31.875,104.125,18.33,1.22
2012-07-01T12:00:00Z,0.0,-31.875,108.125,18.58,0.87
2012-07-01T12:00:00Z,0.0,-31.875,112.125,20.04,0.66
2012-07-01T12:00:00Z,0.0,-31.875,116.125,NaN,NaN
2012-07-01T12:00:00Z,0.0,-31.875,120.125,NaN,NaN
2012-07-01T12:00:00Z,0.0,-31.875,124.125,NaN,NaN
2012-07-01T12:00:00Z,0.0,-31.875,128.125,NaN,NaN
2012-07-01T12:00:00Z,0.0,-31.875,132.125,15.58,-2.12
2012-07-01T12:00:00Z,0.0,-31.875,136.125,NaN,NaN
2012-07-01T12:00:00Z,0.0,-31.875,140.125,NaN,NaN
2012-07-01T12:00:00Z,0.0,-31.875,144.125,NaN,NaN
2012-07-01T12:00:00Z,0.0,-31.875,148.125,NaN,NaN
2012-07-01T12:00:00Z,0.0,-31.875,152.125,NaN,NaN
2012-07-01T12:00:00Z,0.0,-31.875,156.125,19.43,-0.68
2012-07-01T12:00:00Z,0.0,-31.875,160.125,19.71,0.23
2012-07-01T12:00:00Z,0.0,-31.875,164.125,19.09,0.02
2012-07-01T12:00:00Z,0.0,-31.875,168.125,18.31,-0.18
2012-07-01T12:00:00Z,0.0,-31.875,172.125,18.49,0.16
2012-07-01T12:00:00Z,0.0,-31.875,176.125,18.06,-0.26
2012-07-01T12:00:00Z,0.0,-31.875,180.125,17.84,-0.14
2012-07-01T12:00:00Z,0.0,-31.875,184.125,17.95,0.11
2012-07-01T12:00:00Z,0.0,-31.875,188.125,17.26,-0.54
2012-07-01T12:00:00Z,0.0,-31.875,192.125,17.48,-0.35
2012-07-01T12:00:00Z,0.0,-31.875,196.125,17.43,-0.43
2012-07-01T12:00:00Z,0.0,-31.875,200.125,17.6,-0.27
2012-07-01T12:00:00Z,0.0,-31.875,204.125,17.86,-0.04
2012-07-01T12:00:00Z,0.0,-31.875,208.125,18.31,0.31
2012-07-01T12:00:00Z,0.0,-31.875,212.125,17.97,-0.14
2012-07-01T12:00:00Z,0.0,-31.875,216.125,18.31,0.08
2012-07-01T12:00:00Z,0.0,-31.875,220.125,18.49,0.18
2012-07-01T12:00:00Z,0.0,-31.875,224.125,18.95,0.63
2012-07-01T12:00:00Z,0.0,-31.875,228.125,17.6,-0.78
2012-07-01T12:00:00Z,0.0,-31.875,232.125,18.35,-0.08
2012-07-01T12:00:00Z,0.0,-31.875,236.125,19.14,0.69
2012-07-01T12:00:00Z,0.0,-31.875,240.125,18.57,0.18
2012-07-01T12:00:00Z,0.0,-31.875,244.125,17.82,-0.61
2012-07-01T12:00:00Z,0.0,-31.875,248.125,17.91,-0.45
2012-07-01T12:00:00Z,0.0,-31.875,252.125,17.33,-0.88
2012-07-01T12:00:00Z,0.0,-31.875,256.125,18.03,-0.18
2012-07-01T12:00:00Z,0.0,-31.875,260.125,18.49,0.36
2012-07-01T12:00:00Z,0.0,-31.875,264.125,17.22,-0.68
2012-07-01T12:00:00Z,0.0,-31.875,268.125,17.68,0.01
2012-07-01T12:00:00Z,0.0,-31.875,272.125,16.83,-0.56
2012-07-01T12:00:00Z,0.0,-31.875,276.125,17.31,0.2
2012-07-01T12:00:00Z,0.0,-31.875,280.125,16.93,0.29
2012-07-01T12:00:00Z,0.0,-31.875,284.125,15.45,-0.31
2012-07-01T12:00:00Z,0.0,-31.875,288.125,14.52,0.22
2012-07-01T12:00:00Z,0.0,-31.875,292.125,NaN,NaN
2012-07-01T12:00:00Z,0.0,-31.875,296.125,NaN,NaN
2012-07-01T12:00:00Z,0.0,-31.875,300.125,NaN,NaN
2012-07-01T12:00:00Z,0.0,-31.875,304.125,NaN,NaN
2012-07-01T12:00:00Z,0.0,-31.875,308.125,16.17,-0.11
2012-07-01T12:00:00Z,0.0,-31.875,312.125,19.96,0.43
2012-07-01T12:00:00Z,0.0,-31.875,316.125,19.83,0.93
2012-07-01T12:00:00Z,0.0,-31.875,320.125,19.45,0.67
2012-07-01T12:00:00Z,0.0,-31.875,324.125,19.65,0.81
2012-07-01T12:00:00Z,0.0,-31.875,328.125,19.3,0.38
2012-07-01T12:00:00Z,0.0,-31.875,332.125,19.61,0.74
2012-07-01T12:00:00Z,0.0,-31.875,336.125,19.89,1.13
2012-07-01T12:00:00Z,0.0,-31.875,340.125,19.26,0.53
2012-07-01T12:00:00Z,0.0,-31.875,344.125,19.09,0.56
2012-07-01T12:00:00Z,0.0,-31.875,348.125,19.67,1.3
2012-07-01T12:00:00Z,0.0,-31.875,352.125,18.87,0.61
2012-07-01T12:00:00Z,0.0,-31.875,356.125,18.45,0.29
2012-07-01T12:00:00Z,0.0,-27.875,0.125,18.93,-0.33
2012-07-01T12:00:00Z,0.0,-27.875,4.125,18.63,-0.15
2012-07-01T12:00:00Z,0.0,-27.875,8.125,17.79,-0.32
2012-07-01T12:00:00Z,0.0,-27.875,12.125,17.01,-0.14
2012-07-01T12:00:00Z,0.0,-27.875,16.125,NaN,NaN
2012-07-01T12:00:00Z,0.0,-27.875,20.125,NaN,NaN
2012-07-01T12:00:00Z,0.0,-27.875,24.125,NaN,NaN
2012-07-01T12:00:00Z,0.0,-27.875,28.125,NaN,NaN
2012-07-01T12:00:00Z,0.0,-27.875,32.125,NaN,NaN
2012-07-01T12:00:00Z,0.0,-27.875,36.125,23.61,1.02
2012-07-01T12:00:00Z,0.0,-27.875,40.125,23.34,0.96
2012-07-01T12:00:00Z,0.0,-27.875,44.125,23.52,0.99
2012-07-01T12:00:00Z,0.0,-27.875,48.125,21.79,-0.16
2012-07-01T12:00:00Z,0.0,-27.875,52.125,22.45,0.82
2012-07-01T12:00:00Z,0.0,-27.875,56.125,22.41,0.94
2012-07-01T12:00:00Z,0.0,-27.875,60.125,21.39,0.14
2012-07-01T12:00:00Z,0.0,-27.875,64.125,21.54,0.48
2012-07-01T12:00:00Z,0.0,-27.875,68.125,19.82,-0.87
2012-07-01T12:00:00Z,0.0,-27.875,72.125,20.75,0.36
2012-07-01T12:00:00Z,0.0,-27.875,76.125,20.4,0.07
2012-07-01T12:00:00Z,0.0,-27.875,80.125,19.5,-0.62
2012-07-01T12:00:00Z,0.0,-27.875,84.125,20.99,1.12
2012-07-01T12:00:00Z,0.0,-27.875,88.125,20.72,0.92
2012-07-01T12:00:00Z,0.0,-27.875,92.125,20.63,1.04
2012-07-01T12:00:00Z,0.0,-27.875,96.125,19.93,0.39
2012-07-01T12:00:00Z,0.0,-27.875,100.125,20.8,1.31
2012-07-01T12:00:00Z,0.0,-27.875,104.125,20.48,0.8
2012-07-01T12:00:00Z,0.0,-27.875,108.125,21.08,0.72
2012-07-01T12:00:00Z,0.0,-27.875,112.125,22.34,0.18
2012-07-01T12:00:00Z,0.0,-27.875,116.125,NaN,NaN
2012-07-01T12:00:00Z,0.0,-27.875,120.125,NaN,NaN
2012-07-01T12:00:00Z,0.0,-27.875,124.125,NaN,NaN
2012-07-01T12:00:00Z,0.0,-27.875,128.125,NaN,NaN
2012-07-01T12:00:00Z,0.0,-27.875,132.125,NaN,NaN
2012-07-01T12:00:00Z,0.0,-27.875,136.125,NaN,NaN
2012-07-01T12:00:00Z,0.0,-27.875,140.125,NaN,NaN
2012-07-01T12:00:00Z,0.0,-27.875,144.125,NaN,NaN
2012-07-01T12:00:00Z,0.0,-27.875,148.125,NaN,NaN
2012-07-01T12:00:00Z,0.0,-27.875,152.125,NaN,NaN
2012-07-01T12:00:00Z,0.0,-27.875,156.125,21.8,0.38
2012-07-01T12:00:00Z,0.0,-27.875,160.125,21.21,0.25
2012-07-01T12:00:00Z,0.0,-27.875,164.125,21.09,0.43
2012-07-01T12:00:00Z,0.0,-27.875,168.125,20.61,0.11
2012-07-01T12:00:00Z,0.0,-27.875,172.125,21.68,1.2
2012-07-01T12:00:00Z,0.0,-27.875,176.125,20.51,0.02
2012-07-01T12:00:00Z,0.0,-27.875,180.125,19.53,-1.04
2012-07-01T12:00:00Z,0.0,-27.875,184.125,20.27,-0.09
2012-07-01T12:00:00Z,0.0,-27.875,188.125,19.99,-0.39
2012-07-01T12:00:00Z,0.0,-27.875,192.125,19.62,-0.76
2012-07-01T12:00:00Z,0.0,-27.875,196.125,20.19,-0.25
2012-07-01T12:00:00Z,0.0,-27.875,200.125,20.08,-0.35
2012-07-01T12:00:00Z,0.0,-27.875,204.125,20.43,-0.07
2012-07-01T12:00:00Z,0.0,-27.875,208.125,20.73,0.01
2012-07-01T12:00:00Z,0.0,-27.875,212.125,20.72,0.07
2012-07-01T12:00:00Z,0.0,-27.875,216.125,21.23,0.34
2012-07-01T12:00:00Z,0.0,-27.875,220.125,20.68,-0.44
2012-07-01T12:00:00Z,0.0,-27.875,224.125,20.72,-0.42
2012-07-01T12:00:00Z,0.0,-27.875,228.125,21.08,-0.22
2012-07-01T12:00:00Z,0.0,-27.875,232.125,20.78,-0.54
2012-07-01T12:00:00Z,0.0,-27.875,236.125,21.43,0.14
2012-07-01T12:00:00Z,0.0,-27.875,240.125,20.73,-0.56
2012-07-01T12:00:00Z,0.0,-27.875,244.125,20.41,-0.73
2012-07-01T12:00:00Z,0.0,-27.875,248.125,20.35,-0.69
2012-07-01T12:00:00Z,0.0,-27.875,252.125,20.17,-0.64
2012-07-01T12:00:00Z,0.0,-27.875,256.125,20.22,-0.39
2012-07-01T12:00:00Z,0.0,-27.875,260.125,19.36,-0.92
2012-07-01T12:00:00Z,0.0,-27.875,264.125,19.72,-0.2
2012-07-01T12:00:00Z,0.0,-27.875,268.125,19.2,-0.31
2012-07-01T12:00:00Z,0.0,-27.875,272.125,19.09,0.04
2012-07-01T12:00:00Z,0.0,-27.875,276.125,18.61,0.1
2012-07-01T12:00:00Z,0.0,-27.875,280.125,18.63,0.8
2012-07-01T12:00:00Z,0.0,-27.875,284.125,17.22,0.33
2012-07-01T12:00:00Z,0.0,-27.875,288.125,16.09,0.7
2012-07-01T12:00:00Z,0.0,-27.875,292.125,NaN,NaN
2012-07-01T12:00:00Z,0.0,-27.875,296.125,NaN,NaN
2012-07-01T12:00:00Z,0.0,-27.875,300.125,NaN,NaN
2012-07-01T12:00:00Z,0.0,-27.875,304.125,NaN,NaN
2012-07-01T12:00:00Z,0.0,-27.875,308.125,NaN,NaN
2012-07-01T12:00:00Z,0.0,-27.875,312.125,19.26,-0.91
2012-07-01T12:00:00Z,0.0,-27.875,316.125,21.8,0.05
2012-07-01T12:00:00Z,0.0,-27.875,320.125,21.4,0.11
2012-07-01T12:00:00Z,0.0,-27.875,324.125,22.32,0.98
2012-07-01T12:00:00Z,0.0,-27.875,328.125,22.54,1.42
2012-07-01T12:00:00Z,0.0,-27.875,332.125,22.31,1.12
2012-07-01T12:00:00Z,0.0,-27.875,336.125,22.26,1.26
2012-07-01T12:00:00Z,0.0,-27.875,340.125,21.38,0.55
2012-07-01T12:00:00Z,0.0,-27.875,344.125,21.58,0.97
2012-07-01T12:00:00Z,0.0,-27.875,348.125,20.2,-0.14
2012-07-01T12:00:00Z,0.0,-27.875,352.125,19.89,-0.19
2012-07-01T12:00:00Z,0.0,-27.875,356.125,19.66,-0.05
2012-07-01T12:00:00Z,0.0,-23.875,0.125,19.88,-0.27
2012-07-01T12:00:00Z,0.0,-23.875,4.125,19.17,-0.35
2012-07-01T12:00:00Z,0.0,-23.875,8.125,17.93,-0.65
2012-07-01T12:00:00Z,0.0,-23.875,12.125,15.92,-0.52
2012-07-01T12:00:00Z,0.0,-23.875,16.125,NaN,NaN
2012-07-01T12:00:00Z,0.0,-23.875,20.125,NaN,NaN
2012-07-01T12:00:00Z,0.0,-23.875,24.125,NaN,NaN
2012-07-01T12:00:00Z,0.0,-23.875,28.125,NaN,NaN
2012-07-01T12:00:00Z,0.0,-23.875,32.125,NaN,NaN
2012-07-01T12:00:00Z,0.0,-23.875,36.125,25.16,1.06
2012-07-01T12:00:00Z,0.0,-23.875,40.125,23.5,-0.12
2012-07-01T12:00:00Z,0.0,-23.875,44.125,NaN,NaN
2012-07-01T12:00:00Z,0.0,-23.875,48.125,24.76,0.51
2012-07-01T12:00:00Z,0.0,-23.875,52.125,23.96,0.22
2012-07-01T12:00:00Z,0.0,-23.875,56.125,23.69,0.24
2012-07-01T12:00:00Z,0.0,-23.875,60.125,22.85,-0.33
2012-07-01T12:00:00Z,0.0,-23.875,64.125,22.87,-0.02
2012-07-01T12:00:00Z,0.0,-23.875,68.125,23.23,0.6
2012-07-01T12:00:00Z,0.0,-23.875,72.125,22.23,-0.22
2012-07-01T12:00:00Z,0.0,-23.875,76.125,22.2,-0.01
2012-07-01T12:00:00Z,0.0,-23.875,80.125,23.04,0.92
2012-07-01T12:00:00Z,0.0,-23.875,84.125,22.58,0.64
2012-07-01T12:00:00Z,0.0,-23.875,88.125,21.82,0.16
2012-07-01T12:00:00Z,0.0,-23.875,92.125,22.22,0.73
2012-07-01T12:00:00Z,0.0,-23.875,96.125,22.33,0.96
2012-07-01T12:00:00Z,0.0,-23.875,100.125,23.61,2.13
2012-07-01T12:00:00Z,0.0,-23.875,104.125,22.49,0.65
2012-07-01T12:00:00Z,0.0,-23.875,108.125,23.22,0.77
2012-07-01T12:00:00Z,0.0,-23.875,112.125,24.3,0.79
2012-07-01T12:00:00Z,0.0,-23.875,116.125,NaN,NaN
2012-07-01T12:00:00Z,0.0,-23.875,120.125,NaN,NaN
2012-07-01T12:00:00Z,0.0,-23.875,124.125,NaN,NaN
2012-07-01T12:00:00Z,0.0,-23.875,128.125,NaN,NaN
2012-07-01T12:00:00Z,0.0,-23.875,132.125,NaN,NaN
2012-07-01T12:00:00Z,0.0,-23.875,136.125,NaN,NaN
2012-07-01T12:00:00Z,0.0,-23.875,140.125,NaN,NaN
2012-07-01T12:00:00Z,0.0,-23.875,144.125,NaN,NaN
2012-07-01T12:00:00Z,0.0,-23.875,148.125,NaN,NaN
2012-07-01T12:00:00Z,0.0,-23.875,152.125,21.59,-0.8
2012-07-01T12:00:00Z,0.0,-23.875,156.125,22.88,0.2
2012-07-01T12:00:00Z,0.0,-23.875,160.125,22.74,0.46
2012-07-01T12:00:00Z,0.0,-23.875,164.125,23.27,0.76
2012-07-01T12:00:00Z,0.0,-23.875,168.125,23.16,0.32
2012-07-01T12:00:00Z,0.0,-23.875,172.125,23.29,0.66
2012-07-01T12:00:00Z,0.0,-23.875,176.125,22.22,-0.47
2012-07-01T12:00:00Z,0.0,-23.875,180.125,22.53,-0.22
2012-07-01T12:00:00Z,0.0,-23.875,184.125,22.2,-0.63
2012-07-01T12:00:00Z,0.0,-23.875,188.125,22.17,-0.48
2012-07-01T12:00:00Z,0.0,-23.875,192.125,22.1,-0.59
2012-07-01T12:00:00Z,0.0,-23.875,196.125,22.8,-0.03
2012-07-01T12:00:00Z,0.0,-23.875,200.125,23.17,0.22
2012-07-01T12:00:00Z,0.0,-23.875,204.125,22.95,-0.13
2012-07-01T12:00:00Z,0.0,-23.875,208.125,23.44,0.26
2012-07-01T12:00:00Z,0.0,-23.875,212.125,22.88,-0.53
2012-07-01T12:00:00Z,0.0,-23.875,216.125,23.57,0.06
2012-07-01T12:00:00Z,0.0,-23.875,220.125,23.13,-0.56
2012-07-01T12:00:00Z,0.0,-23.875,224.125,23.75,-0.04
2012-07-01T12:00:00Z,0.0,-23.875,228.125,23.12,-0.74
2012-07-01T12:00:00Z,0.0,-23.875,232.125,23.52,-0.19
2012-07-01T12:00:00Z,0.0,-23.875,236.125,23.19,-0.4
2012-07-01T12:00:00Z,0.0,-23.875,240.125,23.07,-0.24
2012-07-01T12:00:00Z,0.0,-23.875,244.125,22.92,-0.18
2012-07-01T12:00:00Z,0.0,-23.875,248.125,22.39,-0.42
2012-07-01T12:00:00Z,0.0,-23.875,252.125,22.15,-0.3
2012-07-01T12:00:00Z,0.0,-23.875,256.125,21.83,-0.25
2012-07-01T12:00:00Z,0.0,-23.875,260.125,21.06,-0.64
2012-07-01T12:00:00Z,0.0,-23.875,264.125,21.15,0.0
2012-07-01T12:00:00Z,0.0,-23.875,268.125,20.55,0.05
2012-07-01T12:00:00Z,0.0,-23.875,272.125,19.96,0.15
2012-07-01T12:00:00Z,0.0,-23.875,276.125,19.71,0.54
2012-07-01T12:00:00Z,0.0,-23.875,280.125,19.29,0.7
2012-07-01T12:00:00Z,0.0,-23.875,284.125,18.15,0.41
2012-07-01T12:00:00Z,0.0,-23.875,288.125,16.66,-0.13
2012-07-01T12:00:00Z,0.0,-23.875,292.125,NaN,NaN
2012-07-01T12:00:00Z,0.0,-23.875,296.125,NaN,NaN
2012-07-01T12:00:00Z,0.0,-23.875,300.125,NaN,NaN
2012-07-01T12:00:00Z,0.0,-23.875,304.125,NaN,NaN
2012-07-01T12:00:00Z,0.0,-23.875,308.125,NaN,NaN
2012-07-01T12:00:00Z,0.0,-23.875,312.125,NaN,NaN
2012-07-01T12:00:00Z,0.0,-23.875,316.125,22.85,0.65
2012-07-01T12:00:00Z,0.0,-23.875,320.125,24.58,0.94
2012-07-01T12:00:00Z,0.0,-23.875,324.125,23.8,0.19
2012-07-01T12:00:00Z,0.0,-23.875,328.125,23.55,0.18
2012-07-01T12:00:00Z,0.0,-23.875,332.125,23.62,0.39
2012-07-01T12:00:00Z,0.0,-23.875,336.125,23.3,0.34
2012-07-01T12:00:00Z,0.0,-23.875,340.125,22.76,0.18
2012-07-01T12:00:00Z,0.0,-23.875,344.125,22.29,0.05
2012-07-01T12:00:00Z,0.0,-23.875,348.125,21.59,-0.22
2012-07-01T12:00:00Z,0.0,-23.875,352.125,20.95,-0.28
2012-07-01T12:00:00Z,0.0,-23.875,356.125,20.42,-0.24
2012-07-01T12:00:00Z,0.0,-19.875,0.125,20.04,-0.66
2012-07-01T12:00:00Z,0.0,-19.875,4.125,19.48,-0.47
2012-07-01T12:00:00Z,0.0,-19.875,8.125,18.07,-0.64
2012-07-01T12:00:00Z,0.0,-19.875,12.125,15.13,-1.09
2012-07-01T12:00:00Z,0.0,-19.875,16.125,NaN,NaN
2012-07-01T12:00:00Z,0.0,-19.875,20.125,NaN,NaN
2012-07-01T12:00:00Z,0.0,-19.875,24.125,NaN,NaN
2012-07-01T12:00:00Z,0.0,-19.875,28.125,NaN,NaN
2012-07-01T12:00:00Z,0.0,-19.875,32.125,NaN,NaN
2012-07-01T12:00:00Z,0.0,-19.875,36.125,24.85,0.16
2012-07-01T12:00:00Z,0.0,-19.875,40.125,24.82,-0.43
2012-07-01T12:00:00Z,0.0,-19.875,44.125,25.8,0.39
2012-07-01T12:00:00Z,0.0,-19.875,48.125,NaN,NaN
2012-07-01T12:00:00Z,0.0,-19.875,52.125,25.39,0.47
2012-07-01T12:00:00Z,0.0,-19.875,56.125,24.82,0.26
2012-07-01T12:00:00Z,0.0,-19.875,60.125,24.23,-0.17
2012-07-01T12:00:00Z,0.0,-19.875,64.125,24.31,0.06
2012-07-01T12:00:00Z,0.0,-19.875,68.125,23.86,-0.27
2012-07-01T12:00:00Z,0.0,-19.875,72.125,24.03,-0.03
2012-07-01T12:00:00Z,0.0,-19.875,76.125,24.28,0.28
2012-07-01T12:00:00Z,0.0,-19.875,80.125,24.15,0.38
2012-07-01T12:00:00Z,0.0,-19.875,84.125,23.92,0.37
2012-07-01T12:00:00Z,0.0,-19.875,88.125,23.29,-0.06
2012-07-01T12:00:00Z,0.0,-19.875,92.125,24.1,0.92
2012-07-01T12:00:00Z,0.0,-19.875,96.125,24.85,1.62
2012-07-01T12:00:00Z,0.0,-19.875,100.125,24.94,1.32
2012-07-01T12:00:00Z,0.0,-19.875,104.125,24.7,0.61
2012-07-01T12:00:00Z,0.0,-19.875,108.125,25.36,0.84
2012-07-01T12:00:00Z,0.0,-19.875,112.125,25.01,-0.14
2012-07-01T12:00:00Z,0.0,-19.875,116.125,23.97,-1.3
2012-07-01T12:00:00Z,0.0,-19.875,120.125,20.39,-4.85
2012-07-01T12:00:00Z,0.0,-19.875,124.125,NaN,NaN
2012-07-01T12:00:00Z,0.0,-19.875,128.125,NaN,NaN
2012-07-01T12:00:00Z,0.0,-19.875,132.125,NaN,NaN
2012-07-01T12:00:00Z,0.0,-19.875,136.125,NaN,NaN
2012-07-01T12:00:00Z,0.0,-19.875,140.125,NaN,NaN
2012-07-01T12:00:00Z,0.0,-19.875,144.125,NaN,NaN
2012-07-01T12:00:00Z,0.0,-19.875,148.125,22.48,-0.8
2012-07-01T12:00:00Z,0.0,-19.875,152.125,24.71,0.58
2012-07-01T12:00:00Z,0.0,-19.875,156.125,24.62,0.3
2012-07-01T12:00:00Z,0.0,-19.875,160.125,25.28,1.0
2012-07-01T12:00:00Z,0.0,-19.875,164.125,24.93,0.48
2012-07-01T12:00:00Z,0.0,-19.875,168.125,25.22,0.37
2012-07-01T12:00:00Z,0.0,-19.875,172.125,25.22,0.55
2012-07-01T12:00:00Z,0.0,-19.875,176.125,24.95,-0.03
2012-07-01T12:00:00Z,0.0,-19.875,180.125,24.32,-0.6
2012-07-01T12:00:00Z,0.0,-19.875,184.125,24.94,-0.05
2012-07-01T12:00:00Z,0.0,-19.875,188.125,25.36,0.21
2012-07-01T12:00:00Z,0.0,-19.875,192.125,25.7,0.4
2012-07-01T12:00:00Z,0.0,-19.875,196.125,25.48,0.21
2012-07-01T12:00:00Z,0.0,-19.875,200.125,25.67,0.24
2012-07-01T12:00:00Z,0.0,-19.875,204.125,25.62,0.06
2012-07-01T12:00:00Z,0.0,-19.875,208.125,25.96,0.22
2012-07-01T12:00:00Z,0.0,-19.875,212.125,26.02,0.22
2012-07-01T12:00:00Z,0.0,-19.875,216.125,25.52,-0.41
2012-07-01T12:00:00Z,0.0,-19.875,220.125,25.83,-0.07
2012-07-01T12:00:00Z,0.0,-19.875,224.125,25.25,-0.55
2012-07-01T12:00:00Z,0.0,-19.875,228.125,25.26,-0.35
2012-07-01T12:00:00Z,0.0,-19.875,232.125,25.53,0.19
2012-07-01T12:00:00Z,0.0,-19.875,236.125,25.27,0.23
2012-07-01T12:00:00Z,0.0,-19.875,240.125,24.64,-0.07
2012-07-01T12:00:00Z,0.0,-19.875,244.125,24.22,-0.1
2012-07-01T12:00:00Z,0.0,-19.875,248.125,23.74,-0.17
2012-07-01T12:00:00Z,0.0,-19.875,252.125,23.15,-0.3
2012-07-01T12:00:00Z,0.0,-19.875,256.125,22.92,-0.01
2012-07-01T12:00:00Z,0.0,-19.875,260.125,22.39,0.02
2012-07-01T12:00:00Z,0.0,-19.875,264.125,22.12,0.42
2012-07-01T12:00:00Z,0.0,-19.875,268.125,21.23,0.15
2012-07-01T12:00:00Z,0.0,-19.875,272.125,20.9,0.47
2012-07-01T12:00:00Z,0.0,-19.875,276.125,20.3,0.45
2012-07-01T12:00:00Z,0.0,-19.875,280.125,20.0,0.79
2012-07-01T12:00:00Z,0.0,-19.875,284.125,19.04,0.43
2012-07-01T12:00:00Z,0.0,-19.875,288.125,18.89,0.72
2012-07-01T12:00:00Z,0.0,-19.875,292.125,NaN,NaN
2012-07-01T12:00:00Z,0.0,-19.875,296.125,NaN,NaN
2012-07-01T12:00:00Z,0.0,-19.875,300.125,NaN,NaN
2012-07-01T12:00:00Z,0.0,-19.875,304.125,NaN,NaN
2012-07-01T12:00:00Z,0.0,-19.875,308.125,NaN,NaN
2012-07-01T12:00:00Z,0.0,-19.875,312.125,NaN,NaN
2012-07-01T12:00:00Z,0.0,-19.875,316.125,NaN,NaN
2012-07-01T12:00:00Z,0.0,-19.875,320.125,24.42,0.0
2012-07-01T12:00:00Z,0.0,-19.875,324.125,25.55,0.37
2012-07-01T12:00:00Z,0.0,-19.875,328.125,25.35,0.48
2012-07-01T12:00:00Z,0.0,-19.875,332.125,24.42,-0.12
2012-07-01T12:00:00Z,0.0,-19.875,336.125,23.85,-0.23
2012-07-01T12:00:00Z,0.0,-19.875,340.125,22.84,-0.73
2012-07-01T12:00:00Z,0.0,-19.875,344.125,22.19,-0.81
2012-07-01T12:00:00Z,0.0,-19.875,348.125,21.67,-0.76
2012-07-01T12:00:00Z,0.0,-19.875,352.125,21.09,-0.76
2012-07-01T12:00:00Z,0.0,-19.875,356.125,20.49,-0.79
2012-07-01T12:00:00Z,0.0,-15.875,0.125,20.63,-0.68
2012-07-01T12:00:00Z,0.0,-15.875,4.125,19.69,-1.04
2012-07-01T12:00:00Z,0.0,-15.875,8.125,19.17,-0.28
2012-07-01T12:00:00Z,0.0,-15.875,12.125,NaN,NaN
2012-07-01T12:00:00Z,0.0,-15.875,16.125,NaN,NaN
2012-07-01T12:00:00Z,0.0,-15.875,20.125,NaN,NaN
2012-07-01T12:00:00Z,0.0,-15.875,24.125,NaN,NaN
2012-07-01T12:00:00Z,0.0,-15.875,28.125,NaN,NaN
2012-07-01T12:00:00Z,0.0,-15.875,32.125,NaN,NaN
2012-07-01T12:00:00Z,0.0,-15.875,36.125,NaN,NaN
2012-07-01T12:00:00Z,0.0,-15.875,40.125,NaN,NaN
2012-07-01T12:00:00Z,0.0,-15.875,44.125,26.44,0.2
2012-07-01T12:00:00Z,0.0,-15.875,48.125,NaN,NaN
2012-07-01T12:00:00Z,0.0,-15.875,52.125,25.35,-0.12
2012-07-01T12:00:00Z,0.0,-15.875,56.125,24.96,-0.52
2012-07-01T12:00:00Z,0.0,-15.875,60.125,24.91,-0.47
2012-07-01T12:00:00Z,0.0,-15.875,64.125,25.78,0.46
2012-07-01T12:00:00Z,0.0,-15.875,68.125,25.3,-0.02
2012-07-01T12:00:00Z,0.0,-15.875,72.125,25.32,0.01
2012-07-01T12:00:00Z,0.0,-15.875,76.125,25.05,-0.12
2012-07-01T12:00:00Z,0.0,-15.875,80.125,25.5,0.45
2012-07-01T12:00:00Z,0.0,-15.875,84.125,25.99,0.95
2012-07-01T12:00:00Z,0.0,-15.875,88.125,26.33,1.2
2012-07-01T12:00:00Z,0.0,-15.875,92.125,26.66,1.34
2012-07-01T12:00:00Z,0.0,-15.875,96.125,26.41,0.85
2012-07-01T12:00:00Z,0.0,-15.875,100.125,26.53,0.66
2012-07-01T12:00:00Z,0.0,-15.875,104.125,26.8,0.5
2012-07-01T12:00:00Z,0.0,-15.875,108.125,26.45,0.08
2012-07-01T12:00:00Z,0.0,-15.875,112.125,26.33,-0.24
2012-07-01T12:00:00Z,0.0,-15.875,116.125,26.03,-0.64
2012-07-01T12:00:00Z,0.0,-15.875,120.125,25.58,-1.3
2012-07-01T12:00:00Z,0.0,-15.875,124.125,24.67,-2.3
2012-07-01T12:00:00Z,0.0,-15.875,128.125,NaN,NaN
2012-07-01T12:00:00Z,0.0,-15.875,132.125,NaN,NaN
2012-07-01T12:00:00Z,0.0,-15.875,136.125,NaN,NaN
2012-07-01T12:00:00Z,0.0,-15.875,140.125,23.57,-1.08
2012-07-01T12:00:00Z,0.0,-15.875,144.125,NaN,NaN
2012-07-01T12:00:00Z,0.0,-15.875,148.125,25.84,0.53
2012-07-01T12:00:00Z,0.0,-15.875,152.125,26.56,0.9
2012-07-01T12:00:00Z,0.0,-15.875,156.125,26.7,0.59
2012-07-01T12:00:00Z,0.0,-15.875,160.125,27.29,1.01
2012-07-01T12:00:00Z,0.0,-15.875,164.125,26.96,0.51
2012-07-01T12:00:00Z,0.0,-15.875,168.125,27.49,0.65
2012-07-01T12:00:00Z,0.0,-15.875,172.125,27.49,0.56
2012-07-01T12:00:00Z,0.0,-15.875,176.125,27.08,0.09
2012-07-01T12:00:00Z,0.0,-15.875,180.125,26.88,-0.04
2012-07-01T12:00:00Z,0.0,-15.875,184.125,27.08,-0.06
2012-07-01T12:00:00Z,0.0,-15.875,188.125,27.07,-0.24
2012-07-01T12:00:00Z,0.0,-15.875,192.125,27.02,-0.33
2012-07-01T12:00:00Z,0.0,-15.875,196.125,26.43,-0.91
2012-07-01T12:00:00Z,0.0,-15.875,200.125,27.01,-0.37
2012-07-01T12:00:00Z,0.0,-15.875,204.125,27.91,0.53
2012-07-01T12:00:00Z,0.0,-15.875,208.125,27.32,-0.09
2012-07-01T12:00:00Z,0.0,-15.875,212.125,27.67,0.28
2012-07-01T12:00:00Z,0.0,-15.875,216.125,27.91,0.66
2012-07-01T12:00:00Z,0.0,-15.875,220.125,27.53,0.47
2012-07-01T12:00:00Z,0.0,-15.875,224.125,27.25,0.43
2012-07-01T12:00:00Z,0.0,-15.875,228.125,26.99,0.47
2012-07-01T12:00:00Z,0.0,-15.875,232.125,26.63,0.5
2012-07-01T12:00:00Z,0.0,-15.875,236.125,26.26,0.54
2012-07-01T12:00:00Z,0.0,-15.875,240.125,25.74,0.42
2012-07-01T12:00:00Z,0.0,-15.875,244.125,25.56,0.64
2012-07-01T12:00:00Z,0.0,-15.875,248.125,25.0,0.53
2012-07-01T12:00:00Z,0.0,-15.875,252.125,24.43,0.44
2012-07-01T12:00:00Z,0.0,-15.875,256.125,23.94,0.48
2012-07-01T12:00:00Z,0.0,-15.875,260.125,23.84,0.88
2012-07-01T12:00:00Z,0.0,-15.875,264.125,22.78,0.35
2012-07-01T12:00:00Z,0.0,-15.875,268.125,22.08,0.23
2012-07-01T12:00:00Z,0.0,-15.875,272.125,21.89,0.65
2012-07-01T12:00:00Z,0.0,-15.875,276.125,20.88,0.47
2012-07-01T12:00:00Z,0.0,-15.875,280.125,19.42,0.05
2012-07-01T12:00:00Z,0.0,-15.875,284.125,17.99,0.45
2012-07-01T12:00:00Z,0.0,-15.875,288.125,NaN,NaN
2012-07-01T12:00:00Z,0.0,-15.875,292.125,NaN,NaN
2012-07-01T12:00:00Z,0.0,-15.875,296.125,NaN,NaN
2012-07-01T12:00:00Z,0.0,-15.875,300.125,NaN,NaN
2012-07-01T12:00:00Z,0.0,-15.875,304.125,NaN,NaN
2012-07-01T12:00:00Z,0.0,-15.875,308.125,NaN,NaN
2012-07-01T12:00:00Z,0.0,-15.875,312.125,NaN,NaN
2012-07-01T12:00:00Z,0.0,-15.875,316.125,NaN,NaN
2012-07-01T12:00:00Z,0.0,-15.875,320.125,NaN,NaN
2012-07-01T12:00:00Z,0.0,-15.875,324.125,26.06,-0.01
2012-07-01T12:00:00Z,0.0,-15.875,328.125,25.54,-0.19
2012-07-01T12:00:00Z,0.0,-15.875,332.125,24.89,-0.41
2012-07-01T12:00:00Z,0.0,-15.875,336.125,24.37,-0.41
2012-07-01T12:00:00Z,0.0,-15.875,340.125,23.24,-0.96
2012-07-01T12:00:00Z,0.0,-15.875,344.125,23.19,-0.49
2012-07-01T12:00:00Z,0.0,-15.875,348.125,22.1,-1.01
2012-07-01T12:00:00Z,0.0,-15.875,352.125,21.77,-0.69
2012-07-01T12:00:00Z,0.0,-15.875,356.125,21.14,-0.68
2012-07-01T12:00:00Z,0.0,-11.875,0.125,23.02,-0.1
2012-07-01T12:00:00Z,0.0,-11.875,4.125,21.48,-1.12
2012-07-01T12:00:00Z,0.0,-11.875,8.125,21.87,-0.34
2012-07-01T12:00:00Z,0.0,-11.875,12.125,22.91,0.34
2012-07-01T12:00:00Z,0.0,-11.875,16.125,NaN,NaN
2012-07-01T12:00:00Z,0.0,-11.875,20.125,NaN,NaN
2012-07-01T12:00:00Z,0.0,-11.875,24.125,NaN,NaN
2012-07-01T12:00:00Z,0.0,-11.875,28.125,NaN,NaN
2012-07-01T12:00:00Z,0.0,-11.875,32.125,NaN,NaN
2012-07-01T12:00:00Z,0.0,-11.875,36.125,NaN,NaN
2012-07-01T12:00:00Z,0.0,-11.875,40.125,NaN,NaN
2012-07-01T12:00:00Z,0.0,-11.875,44.125,26.55,0.19
2012-07-01T12:00:00Z,0.0,-11.875,48.125,26.56,0.36
2012-07-01T12:00:00Z,0.0,-11.875,52.125,25.2,-0.49
2012-07-01T12:00:00Z,0.0,-11.875,56.125,25.29,-0.69
2012-07-01T12:00:00Z,0.0,-11.875,60.125,25.29,-0.83
2012-07-01T12:00:00Z,0.0,-11.875,64.125,26.19,-0.03
2012-07-01T12:00:00Z,0.0,-11.875,68.125,26.07,-0.1
2012-07-01T12:00:00Z,0.0,-11.875,72.125,27.1,0.9
2012-07-01T12:00:00Z,0.0,-11.875,76.125,26.45,0.31
2012-07-01T12:00:00Z,0.0,-11.875,80.125,26.68,0.56
2012-07-01T12:00:00Z,0.0,-11.875,84.125,26.89,0.61
2012-07-01T12:00:00Z,0.0,-11.875,88.125,26.99,0.46
2012-07-01T12:00:00Z,0.0,-11.875,92.125,27.8,0.78
2012-07-01T12:00:00Z,0.0,-11.875,96.125,28.17,0.65
2012-07-01T12:00:00Z,0.0,-11.875,100.125,27.46,-0.15
2012-07-01T12:00:00Z,0.0,-11.875,104.125,26.69,-0.81
2012-07-01T12:00:00Z,0.0,-11.875,108.125,26.01,-1.32
2012-07-01T12:00:00Z,0.0,-11.875,112.125,26.18,-0.94
2012-07-01T12:00:00Z,0.0,-11.875,116.125,25.99,-1.04
2012-07-01T12:00:00Z,0.0,-11.875,120.125,26.38,-0.64
2012-07-01T12:00:00Z,0.0,-11.875,124.125,26.26,-1.01
2012-07-01T12:00:00Z,0.0,-11.875,128.125,26.46,-0.91
2012-07-01T12:00:00Z,0.0,-11.875,132.125,24.36,-2.31
2012-07-01T12:00:00Z,0.0,-11.875,136.125,24.41,-1.79
2012-07-01T12:00:00Z,0.0,-11.875,140.125,26.63,-0.02
2012-07-01T12:00:00Z,0.0,-11.875,144.125,26.0,0.48
2012-07-01T12:00:00Z,0.0,-11.875,148.125,26.6,0.56
2012-07-01T12:00:00Z,0.0,-11.875,152.125,26.06,-0.44
2012-07-01T12:00:00Z,0.0,-11.875,156.125,27.61,0.17
2012-07-01T12:00:00Z,0.0,-11.875,160.125,28.17,0.31
2012-07-01T12:00:00Z,0.0,-11.875,164.125,28.02,0.04
2012-07-01T12:00:00Z,0.0,-11.875,168.125,28.75,0.63
2012-07-01T12:00:00Z,0.0,-11.875,172.125,28.6,0.37
2012-07-01T12:00:00Z,0.0,-11.875,176.125,28.37,0.05
2012-07-01T12:00:00Z,0.0,-11.875,180.125,28.29,-0.11
2012-07-01T12:00:00Z,0.0,-11.875,184.125,28.05,-0.41
2012-07-01T12:00:00Z,0.0,-11.875,188.125,27.93,-0.53
2012-07-01T12:00:00Z,0.0,-11.875,192.125,28.45,0.02
2012-07-01T12:00:00Z,0.0,-11.875,196.125,28.59,0.19
2012-07-01T12:00:00Z,0.0,-11.875,200.125,28.46,0.12
2012-07-01T12:00:00Z,0.0,-11.875,204.125,28.87,0.64
2012-07-01T12:00:00Z,0.0,-11.875,208.125,29.26,1.14
2012-07-01T12:00:00Z,0.0,-11.875,212.125,28.98,1.01
2012-07-01T12:00:00Z,0.0,-11.875,216.125,28.92,1.13
2012-07-01T12:00:00Z,0.0,-11.875,220.125,28.64,1.08
2012-07-01T12:00:00Z,0.0,-11.875,224.125,28.31,1.05
2012-07-01T12:00:00Z,0.0,-11.875,228.125,27.86,0.9
2012-07-01T12:00:00Z,0.0,-11.875,232.125,27.44,0.79
2012-07-01T12:00:00Z,0.0,-11.875,236.125,27.42,1.08
2012-07-01T12:00:00Z,0.0,-11.875,240.125,27.16,1.11
2012-07-01T12:00:00Z,0.0,-11.875,244.125,26.67,0.92
2012-07-01T12:00:00Z,0.0,-11.875,248.125,26.01,0.58
2012-07-01T12:00:00Z,0.0,-11.875,252.125,25.79,0.76
2012-07-01T12:00:00Z,0.0,-11.875,256.125,25.04,0.44
2012-07-01T12:00:00Z,0.0,-11.875,260.125,24.97,0.73
2012-07-01T12:00:00Z,0.0,-11.875,264.125,24.5,0.77
2012-07-01T12:00:00Z,0.0,-11.875,268.125,23.98,0.79
2012-07-01T12:00:00Z,0.0,-11.875,272.125,23.51,1.06
2012-07-01T12:00:00Z,0.0,-11.875,276.125,21.94,0.57
2012-07-01T12:00:00Z,0.0,-11.875,280.125,20.34,0.31
2012-07-01T12:00:00Z,0.0,-11.875,284.125,NaN,NaN
2012-07-01T12:00:00Z,0.0,-11.875,288.125,NaN,NaN
2012-07-01T12:00:00Z,0.0,-11.875,292.125,NaN,NaN
2012-07-01T12:00:00Z,0.0,-11.875,296.125,NaN,NaN
2012-07-01T12:00:00Z,0.0,-11.875,300.125,NaN,NaN
2012-07-01T12:00:00Z,0.0,-11.875,304.125,NaN,NaN
2012-07-01T12:00:00Z,0.0,-11.875,308.125,NaN,NaN
2012-07-01T12:00:00Z,0.0,-11.875,312.125,NaN,NaN
2012-07-01T12:00:00Z,0.0,-11.875,316.125,NaN,NaN
2012-07-01T12:00:00Z,0.0,-11.875,320.125,NaN,NaN
2012-07-01T12:00:00Z,0.0,-11.875,324.125,26.6,-0.02
2012-07-01T12:00:00Z,0.0,-11.875,328.125,26.16,-0.45
2012-07-01T12:00:00Z,0.0,-11.875,332.125,25.58,-0.73
2012-07-01T12:00:00Z,0.0,-11.875,336.125,25.4,-0.54
2012-07-01T12:00:00Z,0.0,-11.875,340.125,24.58,-0.93
2012-07-01T12:00:00Z,0.0,-11.875,344.125,24.91,-0.12
2012-07-01T12:00:00Z,0.0,-11.875,348.125,23.4,-1.12
2012-07-01T12:00:00Z,0.0,-11.875,352.125,23.51,-0.47
2012-07-01T12:00:00Z,0.0,-11.875,356.125,23.28,-0.24
2012-07-01T12:00:00Z,0.0,-7.875,0.125,24.19,-0.41
2012-07-01T12:00:00Z,0.0,-7.875,4.125,23.77,-0.34
2012-07-01T12:00:00Z,0.0,-7.875,8.125,23.94,-0.09
2012-07-01T12:00:00Z,0.0,-7.875,12.125,23.86,0.65
2012-07-01T12:00:00Z,0.0,-7.875,16.125,NaN,NaN
2012-07-01T12:00:00Z,0.0,-7.875,20.125,NaN,NaN
2012-07-01T12:00:00Z,0.0,-7.875,24.125,NaN,NaN
2012-07-01T12:00:00Z,0.0,-7.875,28.125,NaN,NaN
2012-07-01T12:00:00Z,0.0,-7.875,32.125,NaN,NaN
2012-07-01T12:00:00Z,0.0,-7.875,36.125,NaN,NaN
2012-07-01T12:00:00Z,0.0,-7.875,40.125,26.29,-0.03
2012-07-01T12:00:00Z,0.0,-7.875,44.125,26.6,0.57
2012-07-01T12:00:00Z,0.0,-7.875,48.125,25.51,-0.26
2012-07-01T12:00:00Z,0.0,-7.875,52.125,25.69,-0.41
2012-07-01T12:00:00Z,0.0,-7.875,56.125,25.48,-0.9
2012-07-01T12:00:00Z,0.0,-7.875,60.125,25.96,-0.96
2012-07-01T12:00:00Z,0.0,-7.875,64.125,26.4,-0.68
2012-07-01T12:00:00Z,0.0,-7.875,68.125,28.03,0.87
2012-07-01T12:00:00Z,0.0,-7.875,72.125,27.98,0.91
2012-07-01T12:00:00Z,0.0,-7.875,76.125,27.6,0.47
2012-07-01T12:00:00Z,0.0,-7.875,80.125,27.83,0.57
2012-07-01T12:00:00Z,0.0,-7.875,84.125,28.66,1.11
2012-07-01T12:00:00Z,0.0,-7.875,88.125,28.94,1.07
2012-07-01T12:00:00Z,0.0,-7.875,92.125,28.33,0.1
2012-07-01T12:00:00Z,0.0,-7.875,96.125,27.98,-0.45
2012-07-01T12:00:00Z,0.0,-7.875,100.125,27.59,-0.78
2012-07-01T12:00:00Z,0.0,-7.875,104.125,27.09,-1.19
2012-07-01T12:00:00Z,0.0,-7.875,108.125,26.32,-1.6
2012-07-01T12:00:00Z,0.0,-7.875,112.125,NaN,NaN
2012-07-01T12:00:00Z,0.0,-7.875,116.125,27.67,0.0
2012-07-01T12:00:00Z,0.0,-7.875,120.125,28.44,0.94
2012-07-01T12:00:00Z,0.0,-7.875,124.125,28.29,0.51
2012-07-01T12:00:00Z,0.0,-7.875,128.125,27.04,-0.3
2012-07-01T12:00:00Z,0.0,-7.875,132.125,26.44,-0.48
2012-07-01T12:00:00Z,0.0,-7.875,136.125,26.48,-0.16
2012-07-01T12:00:00Z,0.0,-7.875,140.125,NaN,NaN
2012-07-01T12:00:00Z,0.0,-7.875,144.125,26.88,0.53
2012-07-01T12:00:00Z,0.0,-7.875,148.125,29.3,1.36
2012-07-01T12:00:00Z,0.0,-7.875,152.125,28.47,0.39
2012-07-01T12:00:00Z,0.0,-7.875,156.125,29.15,0.45
2012-07-01T12:00:00Z,0.0,-7.875,160.125,29.23,0.28
2012-07-01T12:00:00Z,0.0,-7.875,164.125,28.66,-0.28
2012-07-01T12:00:00Z,0.0,-7.875,168.125,28.7,-0.29
2012-07-01T12:00:00Z,0.0,-7.875,172.125,28.96,-0.08
2012-07-01T12:00:00Z,0.0,-7.875,176.125,29.01,-0.05
2012-07-01T12:00:00Z,0.0,-7.875,180.125,29.2,0.13
2012-07-01T12:00:00Z,0.0,-7.875,184.125,29.25,0.22
2012-07-01T12:00:00Z,0.0,-7.875,188.125,28.9,-0.05
2012-07-01T12:00:00Z,0.0,-7.875,192.125,28.75,-0.13
2012-07-01T12:00:00Z,0.0,-7.875,196.125,28.78,0.02
2012-07-01T12:00:00Z,0.0,-7.875,200.125,29.24,0.61
2012-07-01T12:00:00Z,0.0,-7.875,204.125,29.13,0.65
2012-07-01T12:00:00Z,0.0,-7.875,208.125,28.91,0.6
2012-07-01T12:00:00Z,0.0,-7.875,212.125,29.03,0.88
2012-07-01T12:00:00Z,0.0,-7.875,216.125,28.9,0.94
2012-07-01T12:00:00Z,0.0,-7.875,220.125,28.54,0.81
2012-07-01T12:00:00Z,0.0,-7.875,224.125,28.34,0.85
2012-07-01T12:00:00Z,0.0,-7.875,228.125,28.04,0.76
2012-07-01T12:00:00Z,0.0,-7.875,232.125,27.78,0.74
2012-07-01T12:00:00Z,0.0,-7.875,236.125,27.39,0.56
2012-07-01T12:00:00Z,0.0,-7.875,240.125,26.87,0.29
2012-07-01T12:00:00Z,0.0,-7.875,244.125,26.72,0.44
2012-07-01T12:00:00Z,0.0,-7.875,248.125,26.59,0.63
2012-07-01T12:00:00Z,0.0,-7.875,252.125,26.13,0.48
2012-07-01T12:00:00Z,0.0,-7.875,256.125,25.8,0.38
2012-07-01T12:00:00Z,0.0,-7.875,260.125,25.82,0.75
2012-07-01T12:00:00Z,0.0,-7.875,264.125,25.71,1.02
2012-07-01T12:00:00Z,0.0,-7.875,268.125,25.12,0.86
2012-07-01T12:00:00Z,0.0,-7.875,272.125,24.4,1.0
2012-07-01T12:00:00Z,0.0,-7.875,276.125,21.89,0.09
2012-07-01T12:00:00Z,0.0,-7.875,280.125,19.1,-0.14
2012-07-01T12:00:00Z,0.0,-7.875,284.125,NaN,NaN
2012-07-01T12:00:00Z,0.0,-7.875,288.125,NaN,NaN
2012-07-01T12:00:00Z,0.0,-7.875,292.125,NaN,NaN
2012-07-01T12:00:00Z,0.0,-7.875,296.125,NaN,NaN
2012-07-01T12:00:00Z,0.0,-7.875,300.125,NaN,NaN
2012-07-01T12:00:00Z,0.0,-7.875,304.125,NaN,NaN
2012-07-01T12:00:00Z,0.0,-7.875,308.125,NaN,NaN
2012-07-01T12:00:00Z,0.0,-7.875,312.125,NaN,NaN
2012-07-01T12:00:00Z,0.0,-7.875,316.125,NaN,NaN
2012-07-01T12:00:00Z,0.0,-7.875,320.125,NaN,NaN
2012-07-01T12:00:00Z,0.0,-7.875,324.125,NaN,NaN
2012-07-01T12:00:00Z,0.0,-7.875,328.125,26.86,-0.59
2012-07-01T12:00:00Z,0.0,-7.875,332.125,26.67,-0.61
2012-07-01T12:00:00Z,0.0,-7.875,336.125,26.36,-0.7
2012-07-01T12:00:00Z,0.0,-7.875,340.125,26.4,-0.36
2012-07-01T12:00:00Z,0.0,-7.875,344.125,26.0,-0.42
2012-07-01T12:00:00Z,0.0,-7.875,348.125,25.59,-0.42
2012-07-01T12:00:00Z,0.0,-7.875,352.125,24.95,-0.6
2012-07-01T12:00:00Z,0.0,-7.875,356.125,24.58,-0.47
2012-07-01T12:00:00Z,0.0,-3.875,0.125,23.75,-0.54
2012-07-01T12:00:00Z,0.0,-3.875,4.125,24.21,0.14
2012-07-01T12:00:00Z,0.0,-3.875,8.125,24.05,0.48
2012-07-01T12:00:00Z,0.0,-3.875,12.125,NaN,NaN
2012-07-01T12:00:00Z,0.0,-3.875,16.125,NaN,NaN
2012-07-01T12:00:00Z,0.0,-3.875,20.125,NaN,NaN
2012-07-01T12:00:00Z,0.0,-3.875,24.125,NaN,NaN
2012-07-01T12:00:00Z,0.0,-3.875,28.125,NaN,NaN
2012-07-01T12:00:00Z,0.0,-3.875,32.125,NaN,NaN
2012-07-01T12:00:00Z,0.0,-3.875,36.125,NaN,NaN
2012-07-01T12:00:00Z,0.0,-3.875,40.125,26.05,-0.36
2012-07-01T12:00:00Z,0.0,-3.875,44.125,26.52,0.26
2012-07-01T12:00:00Z,0.0,-3.875,48.125,26.5,0.24
2012-07-01T12:00:00Z,0.0,-3.875,52.125,26.89,0.17
2012-07-01T12:00:00Z,0.0,-3.875,56.125,27.0,-0.05
2012-07-01T12:00:00Z,0.0,-3.875,60.125,27.59,-0.22
2012-07-01T12:00:00Z,0.0,-3.875,64.125,29.14,0.92
2012-07-01T12:00:00Z,0.0,-3.875,68.125,29.37,0.91
2012-07-01T12:00:00Z,0.0,-3.875,72.125,28.64,0.08
2012-07-01T12:00:00Z,0.0,-3.875,76.125,29.54,0.8
2012-07-01T12:00:00Z,0.0,-3.875,80.125,29.26,0.47
2012-07-01T12:00:00Z,0.0,-3.875,84.125,29.61,0.79
2012-07-01T12:00:00Z,0.0,-3.875,88.125,28.94,-0.02
2012-07-01T12:00:00Z,0.0,-3.875,92.125,29.09,0.02
2012-07-01T12:00:00Z,0.0,-3.875,96.125,28.73,-0.37
2012-07-01T12:00:00Z,0.0,-3.875,100.125,29.42,0.29
2012-07-01T12:00:00Z,0.0,-3.875,104.125,NaN,NaN
2012-07-01T12:00:00Z,0.0,-3.875,108.125,28.89,-0.15
2012-07-01T12:00:00Z,0.0,-3.875,112.125,28.64,0.07
2012-07-01T12:00:00Z,0.0,-3.875,116.125,28.47,-0.05
2012-07-01T12:00:00Z,0.0,-3.875,120.125,NaN,NaN
2012-07-01T12:00:00Z,0.0,-3.875,124.125,27.4,-0.41
2012-07-01T12:00:00Z,0.0,-3.875,128.125,27.09,-0.45
2012-07-01T12:00:00Z,0.0,-3.875,132.125,27.56,0.21
2012-07-01T12:00:00Z,0.0,-3.875,136.125,NaN,NaN
2012-07-01T12:00:00Z,0.0,-3.875,140.125,NaN,NaN
2012-07-01T12:00:00Z,0.0,-3.875,144.125,NaN,NaN
2012-07-01T12:00:00Z,0.0,-3.875,148.125,29.6,0.45
2012-07-01T12:00:00Z,0.0,-3.875,152.125,29.52,0.24
2012-07-01T12:00:00Z,0.0,-3.875,156.125,29.43,0.09
2012-07-01T12:00:00Z,0.0,-3.875,160.125,28.9,-0.58
2012-07-01T12:00:00Z,0.0,-3.875,164.125,29.17,-0.25
2012-07-01T12:00:00Z,0.0,-3.875,168.125,29.47,0.12
2012-07-01T12:00:00Z,0.0,-3.875,172.125,29.32,0.06
2012-07-01T12:00:00Z,0.0,-3.875,176.125,29.19,-0.02
2012-07-01T12:00:00Z,0.0,-3.875,180.125,29.11,-0.04
2012-07-01T12:00:00Z,0.0,-3.875,184.125,29.33,0.32
2012-07-01T12:00:00Z,0.0,-3.875,188.125,29.24,0.39
2012-07-01T12:00:00Z,0.0,-3.875,192.125,28.93,0.25
2012-07-01T12:00:00Z,0.0,-3.875,196.125,29.02,0.5
2012-07-01T12:00:00Z,0.0,-3.875,200.125,28.83,0.49
2012-07-01T12:00:00Z,0.0,-3.875,204.125,28.82,0.65
2012-07-01T12:00:00Z,0.0,-3.875,208.125,28.68,0.67
2012-07-01T12:00:00Z,0.0,-3.875,212.125,28.45,0.58
2012-07-01T12:00:00Z,0.0,-3.875,216.125,28.3,0.64
2012-07-01T12:00:00Z,0.0,-3.875,220.125,28.02,0.54
2012-07-01T12:00:00Z,0.0,-3.875,224.125,27.95,0.71
2012-07-01T12:00:00Z,0.0,-3.875,228.125,27.89,0.9
2012-07-01T12:00:00Z,0.0,-3.875,232.125,27.61,0.92
2012-07-01T12:00:00Z,0.0,-3.875,236.125,27.39,1.05
2012-07-01T12:00:00Z,0.0,-3.875,240.125,27.03,1.02
2012-07-01T12:00:00Z,0.0,-3.875,244.125,26.82,1.18
2012-07-01T12:00:00Z,0.0,-3.875,248.125,26.22,0.92
2012-07-01T12:00:00Z,0.0,-3.875,252.125,25.58,0.61
2012-07-01T12:00:00Z,0.0,-3.875,256.125,25.65,0.94
2012-07-01T12:00:00Z,0.0,-3.875,260.125,25.42,1.02
2012-07-01T12:00:00Z,0.0,-3.875,264.125,24.98,0.94
2012-07-01T12:00:00Z,0.0,-3.875,268.125,24.8,1.04
2012-07-01T12:00:00Z,0.0,-3.875,272.125,23.86,0.61
2012-07-01T12:00:00Z,0.0,-3.875,276.125,21.14,-0.21
2012-07-01T12:00:00Z,0.0,-3.875,280.125,NaN,NaN
2012-07-01T12:00:00Z,0.0,-3.875,284.125,NaN,NaN
2012-07-01T12:00:00Z,0.0,-3.875,288.125,NaN,NaN
2012-07-01T12:00:00Z,0.0,-3.875,292.125,NaN,NaN
2012-07-01T12:00:00Z,0.0,-3.875,296.125,NaN,NaN
2012-07-01T12:00:00Z,0.0,-3.875,300.125,NaN,NaN
2012-07-01T12:00:00Z,0.0,-3.875,304.125,NaN,NaN
2012-07-01T12:00:00Z,0.0,-3.875,308.125,NaN,NaN
2012-07-01T12:00:00Z,0.0,-3.875,312.125,NaN,NaN
2012-07-01T12:00:00Z,0.0,-3.875,316.125,NaN,NaN
2012-07-01T12:00:00Z,0.0,-3.875,320.125,NaN,NaN
2012-07-01T12:00:00Z,0.0,-3.875,324.125,27.23,-0.12
2012-07-01T12:00:00Z,0.0,-3.875,328.125,27.26,-0.08
2012-07-01T12:00:00Z,0.0,-3.875,332.125,26.68,-0.36
2012-07-01T12:00:00Z,0.0,-3.875,336.125,26.28,-0.37
2012-07-01T12:00:00Z,0.0,-3.875,340.125,25.76,-0.43
2012-07-01T12:00:00Z,0.0,-3.875,344.125,25.42,-0.31
2012-07-01T12:00:00Z,0.0,-3.875,348.125,25.14,-0.13
2012-07-01T12:00:00Z,0.0,-3.875,352.125,24.98,0.09
2012-07-01T12:00:00Z,0.0,-3.875,356.125,24.11,-0.41
2012-07-01T12:00:00Z,0.0,0.125,0.125,25.2,-0.29
2012-07-01T12:00:00Z,0.0,0.125,4.125,26.83,1.36
2012-07-01T12:00:00Z,0.0,0.125,8.125,26.83,1.45
2012-07-01T12:00:00Z,0.0,0.125,12.125,NaN,NaN
2012-07-01T12:00:00Z,0.0,0.125,16.125,NaN,NaN
2012-07-01T12:00:00Z,0.0,0.125,20.125,NaN,NaN
2012-07-01T12:00:00Z,0.0,0.125,24.125,NaN,NaN
2012-07-01T12:00:00Z,0.0,0.125,28.125,NaN,NaN
2012-07-01T12:00:00Z,0.0,0.125,32.125,NaN,NaN
2012-07-01T12:00:00Z,0.0,0.125,36.125,NaN,NaN
2012-07-01T12:00:00Z,0.0,0.125,40.125,NaN,NaN
2012-07-01T12:00:00Z,0.0,0.125,44.125,25.77,-0.67
2012-07-01T12:00:00Z,0.0,0.125,48.125,26.18,-0.27
2012-07-01T12:00:00Z,0.0,0.125,52.125,27.53,0.42
2012-07-01T12:00:00Z,0.0,0.125,56.125,29.41,1.28
2012-07-01T12:00:00Z,0.0,0.125,60.125,29.19,0.33
2012-07-01T12:00:00Z,0.0,0.125,64.125,29.74,0.65
2012-07-01T12:00:00Z,0.0,0.125,68.125,29.41,0.25
2012-07-01T12:00:00Z,0.0,0.125,72.125,29.41,0.26
2012-07-01T12:00:00Z,0.0,0.125,76.125,30.0,0.94
2012-07-01T12:00:00Z,0.0,0.125,80.125,29.25,0.26
2012-07-01T12:00:00Z,0.0,0.125,84.125,29.58,0.66
2012-07-01T12:00:00Z,0.0,0.125,88.125,29.61,0.59
2012-07-01T12:00:00Z,0.0,0.125,92.125,29.93,0.69
2012-07-01T12:00:00Z,0.0,0.125,96.125,30.04,0.63
2012-07-01T12:00:00Z,0.0,0.125,100.125,NaN,NaN
2012-07-01T12:00:00Z,0.0,0.125,104.125,29.65,0.19
2012-07-01T12:00:00Z,0.0,0.125,108.125,29.36,0.0
2012-07-01T12:00:00Z,0.0,0.125,112.125,NaN,NaN
2012-07-01T12:00:00Z,0.0,0.125,116.125,NaN,NaN
2012-07-01T12:00:00Z,0.0,0.125,120.125,29.9,0.62
2012-07-01T12:00:00Z,0.0,0.125,124.125,28.05,-0.8
2012-07-01T12:00:00Z,0.0,0.125,128.125,28.78,0.16
2012-07-01T12:00:00Z,0.0,0.125,132.125,29.52,0.19
2012-07-01T12:00:00Z,0.0,0.125,136.125,29.54,0.18
2012-07-01T12:00:00Z,0.0,0.125,140.125,28.92,-0.42
2012-07-01T12:00:00Z,0.0,0.125,144.125,28.85,-0.47
2012-07-01T12:00:00Z,0.0,0.125,148.125,29.03,-0.34
2012-07-01T12:00:00Z,0.0,0.125,152.125,29.38,-0.01
2012-07-01T12:00:00Z,0.0,0.125,156.125,29.58,0.21
2012-07-01T12:00:00Z,0.0,0.125,160.125,29.25,-0.06
2012-07-01T12:00:00Z,0.0,0.125,164.125,28.74,-0.42
2012-07-01T12:00:00Z,0.0,0.125,168.125,29.26,0.24
2012-07-01T12:00:00Z,0.0,0.125,172.125,28.98,0.16
2012-07-01T12:00:00Z,0.0,0.125,176.125,29.37,0.57
2012-07-01T12:00:00Z,0.0,0.125,180.125,28.7,0.05
2012-07-01T12:00:00Z,0.0,0.125,184.125,28.57,0.14
2012-07-01T12:00:00Z,0.0,0.125,188.125,28.39,0.16
2012-07-01T12:00:00Z,0.0,0.125,192.125,28.28,0.23
2012-07-01T12:00:00Z,0.0,0.125,196.125,28.23,0.4
2012-07-01T12:00:00Z,0.0,0.125,200.125,27.88,0.36
2012-07-01T12:00:00Z,0.0,0.125,204.125,27.78,0.51
2012-07-01T12:00:00Z,0.0,0.125,208.125,27.31,0.28
2012-07-01T12:00:00Z,0.0,0.125,212.125,27.58,0.76
2012-07-01T12:00:00Z,0.0,0.125,216.125,27.17,0.6
2012-07-01T12:00:00Z,0.0,0.125,220.125,27.42,1.13
2012-07-01T12:00:00Z,0.0,0.125,224.125,27.22,1.19
2012-07-01T12:00:00Z,0.0,0.125,228.125,27.04,1.3
2012-07-01T12:00:00Z,0.0,0.125,232.125,26.86,1.36
2012-07-01T12:00:00Z,0.0,0.125,236.125,26.92,1.75
2012-07-01T12:00:00Z,0.0,0.125,240.125,26.03,1.08
2012-07-01T12:00:00Z,0.0,0.125,244.125,25.58,0.9
2012-07-01T12:00:00Z,0.0,0.125,248.125,25.16,0.72
2012-07-01T12:00:00Z,0.0,0.125,252.125,24.96,0.78
2012-07-01T12:00:00Z,0.0,0.125,256.125,23.73,-0.28
2012-07-01T12:00:00Z,0.0,0.125,260.125,24.23,0.42
2012-07-01T12:00:00Z,0.0,0.125,264.125,23.32,-0.24
2012-07-01T12:00:00Z,0.0,0.125,268.125,22.73,-0.45
2012-07-01T12:00:00Z,0.0,0.125,272.125,25.06,1.19
2012-07-01T12:00:00Z,0.0,0.125,276.125,24.18,-0.15
2012-07-01T12:00:00Z,0.0,0.125,280.125,NaN,NaN
2012-07-01T12:00:00Z,0.0,0.125,284.125,NaN,NaN
2012-07-01T12:00:00Z,0.0,0.125,288.125,NaN,NaN
2012-07-01T12:00:00Z,0.0,0.125,292.125,NaN,NaN
2012-07-01T12:00:00Z,0.0,0.125,296.125,NaN,NaN
2012-07-01T12:00:00Z,0.0,0.125,300.125,NaN,NaN
2012-07-01T12:00:00Z,0.0,0.125,304.125,NaN,NaN
2012-07-01T12:00:00Z,0.0,0.125,308.125,NaN,NaN
2012-07-01T12:00:00Z,0.0,0.125,312.125,28.71,0.45
2012-07-01T12:00:00Z,0.0,0.125,316.125,27.34,-0.14
2012-07-01T12:00:00Z,0.0,0.125,320.125,27.21,-0.16
2012-07-01T12:00:00Z,0.0,0.125,324.125,27.14,-0.15
2012-07-01T12:00:00Z,0.0,0.125,328.125,27.03,-0.02
2012-07-01T12:00:00Z,0.0,0.125,332.125,26.5,-0.11
2012-07-01T12:00:00Z,0.0,0.125,336.125,26.7,0.68
2012-07-01T12:00:00Z,0.0,0.125,340.125,27.5,2.07
2012-07-01T12:00:00Z,0.0,0.125,344.125,26.84,2.01
2012-07-01T12:00:00Z,0.0,0.125,348.125,24.51,0.09
2012-07-01T12:00:00Z,0.0,0.125,352.125,24.39,-0.05
2012-07-01T12:00:00Z,0.0,0.125,356.125,26.0,0.76
2012-07-01T12:00:00Z,0.0,4.125,0.125,25.31,-1.38
2012-07-01T12:00:00Z,0.0,4.125,4.125,26.55,-0.72
2012-07-01T12:00:00Z,0.0,4.125,8.125,27.1,-0.38
2012-07-01T12:00:00Z,0.0,4.125,12.125,NaN,NaN
2012-07-01T12:00:00Z,0.0,4.125,16.125,NaN,NaN
2012-07-01T12:00:00Z,0.0,4.125,20.125,NaN,NaN
2012-07-01T12:00:00Z,0.0,4.125,24.125,NaN,NaN
2012-07-01T12:00:00Z,0.0,4.125,28.125,NaN,NaN
2012-07-01T12:00:00Z,0.0,4.125,32.125,NaN,NaN
2012-07-01T12:00:00Z,0.0,4.125,36.125,NaN,NaN
2012-07-01T12:00:00Z,0.0,4.125,40.125,NaN,NaN
2012-07-01T12:00:00Z,0.0,4.125,44.125,NaN,NaN
2012-07-01T12:00:00Z,0.0,4.125,48.125,25.48,-0.45
2012-07-01T12:00:00Z,0.0,4.125,52.125,26.12,-0.75
2012-07-01T12:00:00Z,0.0,4.125,56.125,28.01,0.09
2012-07-01T12:00:00Z,0.0,4.125,60.125,28.66,-0.11
2012-07-01T12:00:00Z,0.0,4.125,64.125,29.29,0.32
2012-07-01T12:00:00Z,0.0,4.125,68.125,29.36,0.39
2012-07-01T12:00:00Z,0.0,4.125,72.125,29.4,0.53
2012-07-01T12:00:00Z,0.0,4.125,76.125,29.58,0.97
2012-07-01T12:00:00Z,0.0,4.125,80.125,29.2,0.9
2012-07-01T12:00:00Z,0.0,4.125,84.125,29.02,0.57
2012-07-01T12:00:00Z,0.0,4.125,88.125,29.35,0.66
2012-07-01T12:00:00Z,0.0,4.125,92.125,29.53,0.6
2012-07-01T12:00:00Z,0.0,4.125,96.125,29.36,0.0
2012-07-01T12:00:00Z,0.0,4.125,100.125,29.9,0.18
2012-07-01T12:00:00Z,0.0,4.125,104.125,28.82,-0.46
2012-07-01T12:00:00Z,0.0,4.125,108.125,29.52,0.05
2012-07-01T12:00:00Z,0.0,4.125,112.125,30.0,0.39
2012-07-01T12:00:00Z,0.0,4.125,116.125,NaN,NaN
2012-07-01T12:00:00Z,0.0,4.125,120.125,29.52,0.36
2012-07-01T12:00:00Z,0.0,4.125,124.125,29.38,0.19
2012-07-01T12:00:00Z,0.0,4.125,128.125,28.86,-0.16
2012-07-01T12:00:00Z,0.0,4.125,132.125,28.88,-0.34
2012-07-01T12:00:00Z,0.0,4.125,136.125,28.73,-0.51
2012-07-01T12:00:00Z,0.0,4.125,140.125,28.93,-0.34
2012-07-01T12:00:00Z,0.0,4.125,144.125,29.16,-0.12
2012-07-01T12:00:00Z,0.0,4.125,148.125,28.94,-0.39
2012-07-01T12:00:00Z,0.0,4.125,152.125,29.29,-0.04
2012-07-01T12:00:00Z,0.0,4.125,156.125,29.27,-0.07
2012-07-01T12:00:00Z,0.0,4.125,160.125,29.44,0.12
2012-07-01T12:00:00Z,0.0,4.125,164.125,29.26,0.01
2012-07-01T12:00:00Z,0.0,4.125,168.125,29.33,0.14
2012-07-01T12:00:00Z,0.0,4.125,172.125,28.94,-0.16
2012-07-01T12:00:00Z,0.0,4.125,176.125,28.82,-0.18
2012-07-01T12:00:00Z,0.0,4.125,180.125,28.71,-0.23
2012-07-01T12:00:00Z,0.0,4.125,184.125,28.42,-0.42
2012-07-01T12:00:00Z,0.0,4.125,188.125,27.62,-1.11
2012-07-01T12:00:00Z,0.0,4.125,192.125,28.1,-0.51
2012-07-01T12:00:00Z,0.0,4.125,196.125,28.12,-0.38
2012-07-01T12:00:00Z,0.0,4.125,200.125,28.02,-0.36
2012-07-01T12:00:00Z,0.0,4.125,204.125,27.77,-0.47
2012-07-01T12:00:00Z,0.0,4.125,208.125,28.44,0.31
2012-07-01T12:00:00Z,0.0,4.125,212.125,28.12,0.08
2012-07-01T12:00:00Z,0.0,4.125,216.125,28.15,0.2
2012-07-01T12:00:00Z,0.0,4.125,220.125,28.2,0.38
2012-07-01T12:00:00Z,0.0,4.125,224.125,28.14,0.37
2012-07-01T12:00:00Z,0.0,4.125,228.125,27.96,0.29
2012-07-01T12:00:00Z,0.0,4.125,232.125,28.1,0.52
2012-07-01T12:00:00Z,0.0,4.125,236.125,28.51,1.06
2012-07-01T12:00:00Z,0.0,4.125,240.125,27.73,0.28
2012-07-01T12:00:00Z,0.0,4.125,244.125,27.46,0.11
2012-07-01T12:00:00Z,0.0,4.125,248.125,27.95,0.77
2012-07-01T12:00:00Z,0.0,4.125,252.125,28.27,1.16
2012-07-01T12:00:00Z,0.0,4.125,256.125,27.48,0.34
2012-07-01T12:00:00Z,0.0,4.125,260.125,27.64,0.44
2012-07-01T12:00:00Z,0.0,4.125,264.125,27.65,0.38
2012-07-01T12:00:00Z,0.0,4.125,268.125,27.78,0.36
2012-07-01T12:00:00Z,0.0,4.125,272.125,27.62,0.18
2012-07-01T12:00:00Z,0.0,4.125,276.125,28.02,0.59
2012-07-01T12:00:00Z,0.0,4.125,280.125,27.91,0.47
2012-07-01T12:00:00Z,0.0,4.125,284.125,NaN,NaN
2012-07-01T12:00:00Z,0.0,4.125,288.125,NaN,NaN
2012-07-01T12:00:00Z,0.0,4.125,292.125,NaN,NaN
2012-07-01T12:00:00Z,0.0,4.125,296.125,NaN,NaN
2012-07-01T12:00:00Z,0.0,4.125,300.125,NaN,NaN
2012-07-01T12:00:00Z,0.0,4.125,304.125,NaN,NaN
2012-07-01T12:00:00Z,0.0,4.125,308.125,NaN,NaN
2012-07-01T12:00:00Z,0.0,4.125,312.125,28.37,0.37
2012-07-01T12:00:00Z,0.0,4.125,316.125,28.41,0.49
2012-07-01T12:00:00Z,0.0,4.125,320.125,28.85,0.9
2012-07-01T12:00:00Z,0.0,4.125,324.125,28.19,0.16
2012-07-01T12:00:00Z,0.0,4.125,328.125,28.53,0.5
2012-07-01T12:00:00Z,0.0,4.125,332.125,28.58,0.61
2012-07-01T12:00:00Z,0.0,4.125,336.125,28.09,0.13
2012-07-01T12:00:00Z,0.0,4.125,340.125,28.32,0.52
2012-07-01T12:00:00Z,0.0,4.125,344.125,28.02,0.37
2012-07-01T12:00:00Z,0.0,4.125,348.125,26.51,-1.07
2012-07-01T12:00:00Z,0.0,4.125,352.125,25.9,-1.48
2012-07-01T12:00:00Z,0.0,4.125,356.125,26.44,-0.56
2012-07-01T12:00:00Z,0.0,8.125,0.125,NaN,NaN
2012-07-01T12:00:00Z,0.0,8.125,4.125,NaN,NaN
2012-07-01T12:00:00Z,0.0,8.125,8.125,NaN,NaN
2012-07-01T12:00:00Z,0.0,8.125,12.125,NaN,NaN
2012-07-01T12:00:00Z,0.0,8.125,16.125,NaN,NaN
2012-07-01T12:00:00Z,0.0,8.125,20.125,NaN,NaN
2012-07-01T12:00:00Z,0.0,8.125,24.125,NaN,NaN
2012-07-01T12:00:00Z,0.0,8.125,28.125,NaN,NaN
2012-07-01T12:00:00Z,0.0,8.125,32.125,NaN,NaN
2012-07-01T12:00:00Z,0.0,8.125,36.125,NaN,NaN
2012-07-01T12:00:00Z,0.0,8.125,40.125,NaN,NaN
2012-07-01T12:00:00Z,0.0,8.125,44.125,NaN,NaN
2012-07-01T12:00:00Z,0.0,8.125,48.125,NaN,NaN
2012-07-01T12:00:00Z,0.0,8.125,52.125,27.07,0.91
2012-07-01T12:00:00Z,0.0,8.125,56.125,24.68,-2.47
2012-07-01T12:00:00Z,0.0,8.125,60.125,26.87,-1.34
2012-07-01T12:00:00Z,0.0,8.125,64.125,28.23,-0.45
2012-07-01T12:00:00Z,0.0,8.125,68.125,29.11,0.43
2012-07-01T12:00:00Z,0.0,8.125,72.125,28.04,-0.53
2012-07-01T12:00:00Z,0.0,8.125,76.125,28.58,0.72
2012-07-01T12:00:00Z,0.0,8.125,80.125,NaN,NaN
2012-07-01T12:00:00Z,0.0,8.125,84.125,29.23,0.36
2012-07-01T12:00:00Z,0.0,8.125,88.125,28.48,-0.14
2012-07-01T12:00:00Z,0.0,8.125,92.125,28.84,0.11
2012-07-01T12:00:00Z,0.0,8.125,96.125,28.89,-0.07
2012-07-01T12:00:00Z,0.0,8.125,100.125,NaN,NaN
2012-07-01T12:00:00Z,0.0,8.125,104.125,30.04,0.65
2012-07-01T12:00:00Z,0.0,8.125,108.125,28.87,-0.3
2012-07-01T12:00:00Z,0.0,8.125,112.125,28.15,-1.03
2012-07-01T12:00:00Z,0.0,8.125,116.125,29.59,0.2
2012-07-01T12:00:00Z,0.0,8.125,120.125,29.51,0.21
2012-07-01T12:00:00Z,0.0,8.125,124.125,NaN,NaN
2012-07-01T12:00:00Z,0.0,8.125,128.125,29.5,0.17
2012-07-01T12:00:00Z,0.0,8.125,132.125,28.81,-0.38
2012-07-01T12:00:00Z,0.0,8.125,136.125,29.26,0.09
2012-07-01T12:00:00Z,0.0,8.125,140.125,28.88,-0.31
2012-07-01T12:00:00Z,0.0,8.125,144.125,30.05,0.83
2012-07-01T12:00:00Z,0.0,8.125,148.125,29.11,-0.09
2012-07-01T12:00:00Z,0.0,8.125,152.125,29.34,0.21
2012-07-01T12:00:00Z,0.0,8.125,156.125,29.25,0.22
2012-07-01T12:00:00Z,0.0,8.125,160.125,29.32,0.41
2012-07-01T12:00:00Z,0.0,8.125,164.125,28.94,0.11
2012-07-01T12:00:00Z,0.0,8.125,168.125,28.61,-0.09
2012-07-01T12:00:00Z,0.0,8.125,172.125,28.75,0.13
2012-07-01T12:00:00Z,0.0,8.125,176.125,27.99,-0.54
2012-07-01T12:00:00Z,0.0,8.125,180.125,27.89,-0.53
2012-07-01T12:00:00Z,0.0,8.125,184.125,27.38,-0.93
2012-07-01T12:00:00Z,0.0,8.125,188.125,27.36,-0.89
2012-07-01T12:00:00Z,0.0,8.125,192.125,27.11,-1.06
2012-07-01T12:00:00Z,0.0,8.125,196.125,26.99,-1.09
2012-07-01T12:00:00Z,0.0,8.125,200.125,26.79,-1.26
2012-07-01T12:00:00Z,0.0,8.125,204.125,27.14,-0.83
2012-07-01T12:00:00Z,0.0,8.125,208.125,27.43,-0.5
2012-07-01T12:00:00Z,0.0,8.125,212.125,27.02,-0.97
2012-07-01T12:00:00Z,0.0,8.125,216.125,26.95,-1.03
2012-07-01T12:00:00Z,0.0,8.125,220.125,27.41,-0.61
2012-07-01T12:00:00Z,0.0,8.125,224.125,27.31,-0.79
2012-07-01T12:00:00Z,0.0,8.125,228.125,27.75,-0.42
2012-07-01T12:00:00Z,0.0,8.125,232.125,28.06,-0.14
2012-07-01T12:00:00Z,0.0,8.125,236.125,28.33,0.12
2012-07-01T12:00:00Z,0.0,8.125,240.125,28.93,0.71
2012-07-01T12:00:00Z,0.0,8.125,244.125,29.42,1.11
2012-07-01T12:00:00Z,0.0,8.125,248.125,28.75,0.33
2012-07-01T12:00:00Z,0.0,8.125,252.125,28.68,0.18
2012-07-01T12:00:00Z,0.0,8.125,256.125,29.2,0.7
2012-07-01T12:00:00Z,0.0,8.125,260.125,28.98,0.44
2012-07-01T12:00:00Z,0.0,8.125,264.125,29.53,1.17
2012-07-01T12:00:00Z,0.0,8.125,268.125,29.1,0.89
2012-07-01T12:00:00Z,0.0,8.125,272.125,28.76,0.48
2012-07-01T12:00:00Z,0.0,8.125,276.125,29.17,0.68
2012-07-01T12:00:00Z,0.0,8.125,280.125,29.22,0.85
2012-07-01T12:00:00Z,0.0,8.125,284.125,NaN,NaN
2012-07-01T12:00:00Z,0.0,8.125,288.125,NaN,NaN
2012-07-01T12:00:00Z,0.0,8.125,292.125,NaN,NaN
2012-07-01T12:00:00Z,0.0,8.125,296.125,NaN,NaN
2012-07-01T12:00:00Z,0.0,8.125,300.125,NaN,NaN
2012-07-01T12:00:00Z,0.0,8.125,304.125,28.49,0.72
2012-07-01T12:00:00Z,0.0,8.125,308.125,28.44,0.37
2012-07-01T12:00:00Z,0.0,8.125,312.125,28.65,0.85
2012-07-01T12:00:00Z,0.0,8.125,316.125,28.2,0.59
2012-07-01T12:00:00Z,0.0,8.125,320.125,28.05,0.56
2012-07-01T12:00:00Z,0.0,8.125,324.125,28.2,0.71
2012-07-01T12:00:00Z,0.0,8.125,328.125,27.2,-0.33
2012-07-01T12:00:00Z,0.0,8.125,332.125,27.08,-0.42
2012-07-01T12:00:00Z,0.0,8.125,336.125,27.3,-0.34
2012-07-01T12:00:00Z,0.0,8.125,340.125,27.17,-0.74
2012-07-01T12:00:00Z,0.0,8.125,344.125,28.04,0.01
2012-07-01T12:00:00Z,0.0,8.125,348.125,NaN,NaN
2012-07-01T12:00:00Z,0.0,8.125,352.125,NaN,NaN
2012-07-01T12:00:00Z,0.0,8.125,356.125,NaN,NaN
2012-07-01T12:00:00Z,0.0,12.125,0.125,NaN,NaN
2012-07-01T12:00:00Z,0.0,12.125,4.125,NaN,NaN
2012-07-01T12:00:00Z,0.0,12.125,8.125,NaN,NaN
2012-07-01T12:00:00Z,0.0,12.125,12.125,NaN,NaN
2012-07-01T12:00:00Z,0.0,12.125,16.125,NaN,NaN
2012-07-01T12:00:00Z,0.0,12.125,20.125,NaN,NaN
2012-07-01T12:00:00Z,0.0,12.125,24.125,NaN,NaN
2012-07-01T12:00:00Z,0.0,12.125,28.125,NaN,NaN
2012-07-01T12:00:00Z,0.0,12.125,32.125,NaN,NaN
2012-07-01T12:00:00Z,0.0,12.125,36.125,NaN,NaN
2012-07-01T12:00:00Z,0.0,12.125,40.125,NaN,NaN
2012-07-01T12:00:00Z,0.0,12.125,44.125,30.56,0.27
2012-07-01T12:00:00Z,0.0,12.125,48.125,31.28,0.61
2012-07-01T12:00:00Z,0.0,12.125,52.125,25.69,-1.4
2012-07-01T12:00:00Z,0.0,12.125,56.125,26.58,-0.21
2012-07-01T12:00:00Z,0.0,12.125,60.125,27.17,-0.32
2012-07-01T12:00:00Z,0.0,12.125,64.125,27.53,-0.67
2012-07-01T12:00:00Z,0.0,12.125,68.125,28.57,0.07
2012-07-01T12:00:00Z,0.0,12.125,72.125,28.42,-0.09
2012-07-01T12:00:00Z,0.0,12.125,76.125,NaN,NaN
2012-07-01T12:00:00Z,0.0,12.125,80.125,28.83,-0.38
2012-07-01T12:00:00Z,0.0,12.125,84.125,29.3,0.03
2012-07-01T12:00:00Z,0.0,12.125,88.125,28.73,-0.28
2012-07-01T12:00:00Z,0.0,12.125,92.125,28.33,-0.63
2012-07-01T12:00:00Z,0.0,12.125,96.125,28.67,-0.17
2012-07-01T12:00:00Z,0.0,12.125,100.125,28.57,-0.8
2012-07-01T12:00:00Z,0.0,12.125,104.125,NaN,NaN
2012-07-01T12:00:00Z,0.0,12.125,108.125,NaN,NaN
2012-07-01T12:00:00Z,0.0,12.125,112.125,27.99,-0.94
2012-07-01T12:00:00Z,0.0,12.125,116.125,28.4,-0.94
2012-07-01T12:00:00Z,0.0,12.125,120.125,28.65,-0.89
2012-07-01T12:00:00Z,0.0,12.125,124.125,28.7,-0.75
2012-07-01T12:00:00Z,0.0,12.125,128.125,29.17,-0.29
2012-07-01T12:00:00Z,0.0,12.125,132.125,29.64,0.27
2012-07-01T12:00:00Z,0.0,12.125,136.125,29.51,0.25
2012-07-01T12:00:00Z,0.0,12.125,140.125,29.51,0.35
2012-07-01T12:00:00Z,0.0,12.125,144.125,29.45,0.37
2012-07-01T12:00:00Z,0.0,12.125,148.125,29.18,0.16
2012-07-01T12:00:00Z,0.0,12.125,152.125,29.09,0.2
2012-07-01T12:00:00Z,0.0,12.125,156.125,28.8,0.1
2012-07-01T12:00:00Z,0.0,12.125,160.125,28.78,0.29
2012-07-01T12:00:00Z,0.0,12.125,164.125,28.64,0.31
2012-07-01T12:00:00Z,0.0,12.125,168.125,27.98,-0.22
2012-07-01T12:00:00Z,0.0,12.125,172.125,27.52,-0.55
2012-07-01T12:00:00Z,0.0,12.125,176.125,27.37,-0.53
2012-07-01T12:00:00Z,0.0,12.125,180.125,27.35,-0.4
2012-07-01T12:00:00Z,0.0,12.125,184.125,26.64,-0.98
2012-07-01T12:00:00Z,0.0,12.125,188.125,26.31,-1.15
2012-07-01T12:00:00Z,0.0,12.125,192.125,26.25,-1.08
2012-07-01T12:00:00Z,0.0,12.125,196.125,26.04,-1.18
2012-07-01T12:00:00Z,0.0,12.125,200.125,26.21,-0.83
2012-07-01T12:00:00Z,0.0,12.125,204.125,25.75,-1.19
2012-07-01T12:00:00Z,0.0,12.125,208.125,25.64,-1.2
2012-07-01T12:00:00Z,0.0,12.125,212.125,25.54,-1.21
2012-07-01T12:00:00Z,0.0,12.125,216.125,26.66,-0.14
2012-07-01T12:00:00Z,0.0,12.125,220.125,26.11,-0.91
2012-07-01T12:00:00Z,0.0,12.125,224.125,26.74,-0.47
2012-07-01T12:00:00Z,0.0,12.125,228.125,26.62,-0.83
2012-07-01T12:00:00Z,0.0,12.125,232.125,27.48,-0.11
2012-07-01T12:00:00Z,0.0,12.125,236.125,28.46,0.71
2012-07-01T12:00:00Z,0.0,12.125,240.125,28.72,0.74
2012-07-01T12:00:00Z,0.0,12.125,244.125,28.38,0.11
2012-07-01T12:00:00Z,0.0,12.125,248.125,28.75,0.34
2012-07-01T12:00:00Z,0.0,12.125,252.125,29.24,0.58
2012-07-01T12:00:00Z,0.0,12.125,256.125,29.25,0.43
2012-07-01T12:00:00Z,0.0,12.125,260.125,29.67,0.75
2012-07-01T12:00:00Z,0.0,12.125,264.125,29.31,0.3
2012-07-01T12:00:00Z,0.0,12.125,268.125,29.65,0.68
2012-07-01T12:00:00Z,0.0,12.125,272.125,29.06,0.22
2012-07-01T12:00:00Z,0.0,12.125,276.125,NaN,NaN
2012-07-01T12:00:00Z,0.0,12.125,280.125,28.69,0.73
2012-07-01T12:00:00Z,0.0,12.125,284.125,27.82,0.05
2012-07-01T12:00:00Z,0.0,12.125,288.125,NaN,NaN
2012-07-01T12:00:00Z,0.0,12.125,292.125,27.54,0.13
2012-07-01T12:00:00Z,0.0,12.125,296.125,28.26,0.83
2012-07-01T12:00:00Z,0.0,12.125,300.125,28.54,0.76
2012-07-01T12:00:00Z,0.0,12.125,304.125,28.11,0.51
2012-07-01T12:00:00Z,0.0,12.125,308.125,27.89,0.62
2012-07-01T12:00:00Z,0.0,12.125,312.125,26.56,-0.33
2012-07-01T12:00:00Z,0.0,12.125,316.125,26.43,-0.09
2012-07-01T12:00:00Z,0.0,12.125,320.125,25.85,-0.38
2012-07-01T12:00:00Z,0.0,12.125,324.125,25.89,-0.28
2012-07-01T12:00:00Z,0.0,12.125,328.125,25.72,-0.59
2012-07-01T12:00:00Z,0.0,12.125,332.125,25.45,-0.91
2012-07-01T12:00:00Z,0.0,12.125,336.125,25.8,-0.23
2012-07-01T12:00:00Z,0.0,12.125,340.125,26.15,-0.84
2012-07-01T12:00:00Z,0.0,12.125,344.125,NaN,NaN
2012-07-01T12:00:00Z,0.0,12.125,348.125,NaN,NaN
2012-07-01T12:00:00Z,0.0,12.125,352.125,NaN,NaN
2012-07-01T12:00:00Z,0.0,12.125,356.125,NaN,NaN
2012-07-01T12:00:00Z,0.0,16.125,0.125,NaN,NaN
2012-07-01T12:00:00Z,0.0,16.125,4.125,NaN,NaN
2012-07-01T12:00:00Z,0.0,16.125,8.125,NaN,NaN
2012-07-01T12:00:00Z,0.0,16.125,12.125,NaN,NaN
2012-07-01T12:00:00Z,0.0,16.125,16.125,NaN,NaN
2012-07-01T12:00:00Z,0.0,16.125,20.125,NaN,NaN
2012-07-01T12:00:00Z,0.0,16.125,24.125,NaN,NaN
2012-07-01T12:00:00Z,0.0,16.125,28.125,NaN,NaN
2012-07-01T12:00:00Z,0.0,16.125,32.125,NaN,NaN
2012-07-01T12:00:00Z,0.0,16.125,36.125,NaN,NaN
2012-07-01T12:00:00Z,0.0,16.125,40.125,31.82,0.54
2012-07-01T12:00:00Z,0.0,16.125,44.125,NaN,NaN
2012-07-01T12:00:00Z,0.0,16.125,48.125,NaN,NaN
2012-07-01T12:00:00Z,0.0,16.125,52.125,NaN,NaN
2012-07-01T12:00:00Z,0.0,16.125,56.125,28.61,1.62
2012-07-01T12:00:00Z,0.0,16.125,60.125,26.78,-0.52
2012-07-01T12:00:00Z,0.0,16.125,64.125,28.48,0.27
2012-07-01T12:00:00Z,0.0,16.125,68.125,28.07,-0.46
2012-07-01T12:00:00Z,0.0,16.125,72.125,29.12,0.38
2012-07-01T12:00:00Z,0.0,16.125,76.125,NaN,NaN
2012-07-01T12:00:00Z,0.0,16.125,80.125,NaN,NaN
2012-07-01T12:00:00Z,0.0,16.125,84.125,29.45,0.07
2012-07-01T12:00:00Z,0.0,16.125,88.125,28.18,-0.95
2012-07-01T12:00:00Z,0.0,16.125,92.125,28.32,-0.8
2012-07-01T12:00:00Z,0.0,16.125,96.125,28.47,-0.66
2012-07-01T12:00:00Z,0.0,16.125,100.125,NaN,NaN
2012-07-01T12:00:00Z,0.0,16.125,104.125,NaN,NaN
2012-07-01T12:00:00Z,0.0,16.125,108.125,NaN,NaN
2012-07-01T12:00:00Z,0.0,16.125,112.125,28.16,-1.09
2012-07-01T12:00:00Z,0.0,16.125,116.125,28.65,-0.76
2012-07-01T12:00:00Z,0.0,16.125,120.125,29.96,0.29
2012-07-01T12:00:00Z,0.0,16.125,124.125,29.31,-0.31
2012-07-01T12:00:00Z,0.0,16.125,128.125,29.06,-0.47
2012-07-01T12:00:00Z,0.0,16.125,132.125,29.28,-0.26
2012-07-01T12:00:00Z,0.0,16.125,136.125,29.71,0.26
2012-07-01T12:00:00Z,0.0,16.125,140.125,29.71,0.34
2012-07-01T12:00:00Z,0.0,16.125,144.125,29.33,0.09
2012-07-01T12:00:00Z,0.0,16.125,148.125,29.16,0.09
2012-07-01T12:00:00Z,0.0,16.125,152.125,29.52,0.65
2012-07-01T12:00:00Z,0.0,16.125,156.125,29.0,0.33
2012-07-01T12:00:00Z,0.0,16.125,160.125,28.87,0.47
2012-07-01T12:00:00Z,0.0,16.125,164.125,28.56,0.34
2012-07-01T12:00:00Z,0.0,16.125,168.125,28.4,0.39
2012-07-01T12:00:00Z,0.0,16.125,172.125,27.93,0.09
2012-07-01T12:00:00Z,0.0,16.125,176.125,27.41,-0.26
2012-07-01T12:00:00Z,0.0,16.125,180.125,26.52,-0.94
2012-07-01T12:00:00Z,0.0,16.125,184.125,26.5,-0.73
2012-07-01T12:00:00Z,0.0,16.125,188.125,25.6,-1.45
2012-07-01T12:00:00Z,0.0,16.125,192.125,25.57,-1.25
2012-07-01T12:00:00Z,0.0,16.125,196.125,25.11,-1.45
2012-07-01T12:00:00Z,0.0,16.125,200.125,24.86,-1.42
2012-07-01T12:00:00Z,0.0,16.125,204.125,24.85,-1.17
2012-07-01T12:00:00Z,0.0,16.125,208.125,24.52,-1.32
2012-07-01T12:00:00Z,0.0,16.125,212.125,24.29,-1.24
2012-07-01T12:00:00Z,0.0,16.125,216.125,24.51,-0.81
2012-07-01T12:00:00Z,0.0,16.125,220.125,24.16,-1.02
2012-07-01T12:00:00Z,0.0,16.125,224.125,24.05,-1.14
2012-07-01T12:00:00Z,0.0,16.125,228.125,24.39,-1.04
2012-07-01T12:00:00Z,0.0,16.125,232.125,24.56,-1.12
2012-07-01T12:00:00Z,0.0,16.125,236.125,25.3,-0.44
2012-07-01T12:00:00Z,0.0,16.125,240.125,26.62,0.45
2012-07-01T12:00:00Z,0.0,16.125,244.125,27.27,0.53
2012-07-01T12:00:00Z,0.0,16.125,248.125,27.99,0.76
2012-07-01T12:00:00Z,0.0,16.125,252.125,28.2,0.29
2012-07-01T12:00:00Z,0.0,16.125,256.125,29.61,0.82
2012-07-01T12:00:00Z,0.0,16.125,260.125,29.18,-0.32
2012-07-01T12:00:00Z,0.0,16.125,264.125,NaN,NaN
2012-07-01T12:00:00Z,0.0,16.125,268.125,NaN,NaN
2012-07-01T12:00:00Z,0.0,16.125,272.125,29.53,0.67
2012-07-01T12:00:00Z,0.0,16.125,276.125,28.96,0.7
2012-07-01T12:00:00Z,0.0,16.125,280.125,28.38,0.38
2012-07-01T12:00:00Z,0.0,16.125,284.125,28.32,0.35
2012-07-01T12:00:00Z,0.0,16.125,288.125,28.61,0.6
2012-07-01T12:00:00Z,0.0,16.125,292.125,28.22,0.18
2012-07-01T12:00:00Z,0.0,16.125,296.125,28.39,0.36
2012-07-01T12:00:00Z,0.0,16.125,300.125,27.81,0.05
2012-07-01T12:00:00Z,0.0,16.125,304.125,28.02,0.55
2012-07-01T12:00:00Z,0.0,16.125,308.125,27.26,0.27
2012-07-01T12:00:00Z,0.0,16.125,312.125,26.87,0.36
2012-07-01T12:00:00Z,0.0,16.125,316.125,26.52,0.54
2012-07-01T12:00:00Z,0.0,16.125,320.125,25.43,-0.01
2012-07-01T12:00:00Z,0.0,16.125,324.125,24.71,-0.28
2012-07-01T12:00:00Z,0.0,16.125,328.125,24.84,0.06
2012-07-01T12:00:00Z,0.0,16.125,332.125,24.67,-0.2
2012-07-01T12:00:00Z,0.0,16.125,336.125,23.32,-0.86
2012-07-01T12:00:00Z,0.0,16.125,340.125,24.4,0.23
2012-07-01T12:00:00Z,0.0,16.125,344.125,NaN,NaN
2012-07-01T12:00:00Z,0.0,16.125,348.125,NaN,NaN
2012-07-01T12:00:00Z,0.0,16.125,352.125,NaN,NaN
2012-07-01T12:00:00Z,0.0,16.125,356.125,NaN,NaN
2012-07-01T12:00:00Z,0.0,20.125,0.125,NaN,NaN
2012-07-01T12:00:00Z,0.0,20.125,4.125,NaN,NaN
2012-07-01T12:00:00Z,0.0,20.125,8.125,NaN,NaN
2012-07-01T12:00:00Z,0.0,20.125,12.125,NaN,NaN
2012-07-01T12:00:00Z,0.0,20.125,16.125,NaN,NaN
2012-07-01T12:00:00Z,0.0,20.125,20.125,NaN,NaN
2012-07-01T12:00:00Z,0.0,20.125,24.125,NaN,NaN
2012-07-01T12:00:00Z,0.0,20.125,28.125,NaN,NaN
2012-07-01T12:00:00Z,0.0,20.125,32.125,NaN,NaN
2012-07-01T12:00:00Z,0.0,20.125,36.125,NaN,NaN
2012-07-01T12:00:00Z,0.0,20.125,40.125,29.78,-0.56
2012-07-01T12:00:00Z,0.0,20.125,44.125,NaN,NaN
2012-07-01T12:00:00Z,0.0,20.125,48.125,NaN,NaN
2012-07-01T12:00:00Z,0.0,20.125,52.125,NaN,NaN
2012-07-01T12:00:00Z,0.0,20.125,56.125,NaN,NaN
2012-07-01T12:00:00Z,0.0,20.125,60.125,26.99,-0.15
2012-07-01T12:00:00Z,0.0,20.125,64.125,29.24,0.89
2012-07-01T12:00:00Z,0.0,20.125,68.125,29.67,0.78
2012-07-01T12:00:00Z,0.0,20.125,72.125,29.58,0.53
2012-07-01T12:00:00Z,0.0,20.125,76.125,NaN,NaN
2012-07-01T12:00:00Z,0.0,20.125,80.125,NaN,NaN
2012-07-01T12:00:00Z,0.0,20.125,84.125,NaN,NaN
2012-07-01T12:00:00Z,0.0,20.125,88.125,29.09,-0.29
2012-07-01T12:00:00Z,0.0,20.125,92.125,28.48,-0.72
2012-07-01T12:00:00Z,0.0,20.125,96.125,NaN,NaN
2012-07-01T12:00:00Z,0.0,20.125,100.125,NaN,NaN
2012-07-01T12:00:00Z,0.0,20.125,104.125,NaN,NaN
2012-07-01T12:00:00Z,0.0,20.125,108.125,28.56,-0.67
2012-07-01T12:00:00Z,0.0,20.125,112.125,27.73,-1.12
2012-07-01T12:00:00Z,0.0,20.125,116.125,28.14,-0.77
2012-07-01T12:00:00Z,0.0,20.125,120.125,29.44,0.15
2012-07-01T12:00:00Z,0.0,20.125,124.125,29.03,-0.23
2012-07-01T12:00:00Z,0.0,20.125,128.125,29.08,-0.32
2012-07-01T12:00:00Z,0.0,20.125,132.125,29.0,-0.37
2012-07-01T12:00:00Z,0.0,20.125,136.125,29.04,-0.34
2012-07-01T12:00:00Z,0.0,20.125,140.125,29.95,0.58
2012-07-01T12:00:00Z,0.0,20.125,144.125,29.62,0.41
2012-07-01T12:00:00Z,0.0,20.125,148.125,29.46,0.35
2012-07-01T12:00:00Z,0.0,20.125,152.125,29.42,0.47
2012-07-01T12:00:00Z,0.0,20.125,156.125,29.21,0.45
2012-07-01T12:00:00Z,0.0,20.125,160.125,29.11,0.63
2012-07-01T12:00:00Z,0.0,20.125,164.125,28.73,0.49
2012-07-01T12:00:00Z,0.0,20.125,168.125,28.63,0.61
2012-07-01T12:00:00Z,0.0,20.125,172.125,28.43,0.64
2012-07-01T12:00:00Z,0.0,20.125,176.125,27.74,0.2
2012-07-01T12:00:00Z,0.0,20.125,180.125,27.41,0.11
2012-07-01T12:00:00Z,0.0,20.125,184.125,26.66,-0.38
2012-07-01T12:00:00Z,0.0,20.125,188.125,26.29,-0.54
2012-07-01T12:00:00Z,0.0,20.125,192.125,25.82,-0.82
2012-07-01T12:00:00Z,0.0,20.125,196.125,25.46,-1.01
2012-07-01T12:00:00Z,0.0,20.125,200.125,25.0,-1.25
2012-07-01T12:00:00Z,0.0,20.125,204.125,24.73,-0.88
2012-07-01T12:00:00Z,0.0,20.125,208.125,24.02,-1.1
2012-07-01T12:00:00Z,0.0,20.125,212.125,23.25,-1.42
2012-07-01T12:00:00Z,0.0,20.125,216.125,22.99,-1.26
2012-07-01T12:00:00Z,0.0,20.125,220.125,22.63,-1.13
2012-07-01T12:00:00Z,0.0,20.125,224.125,22.19,-1.2
2012-07-01T12:00:00Z,0.0,20.125,228.125,21.89,-1.3
2012-07-01T12:00:00Z,0.0,20.125,232.125,21.73,-1.37
2012-07-01T12:00:00Z,0.0,20.125,236.125,22.64,-0.56
2012-07-01T12:00:00Z,0.0,20.125,240.125,23.27,-0.3
2012-07-01T12:00:00Z,0.0,20.125,244.125,24.24,-0.02
2012-07-01T12:00:00Z,0.0,20.125,248.125,26.33,1.36
2012-07-01T12:00:00Z,0.0,20.125,252.125,26.67,-0.38
2012-07-01T12:00:00Z,0.0,20.125,256.125,NaN,NaN
2012-07-01T12:00:00Z,0.0,20.125,260.125,NaN,NaN
2012-07-01T12:00:00Z,0.0,20.125,264.125,29.7,1.05
2012-07-01T12:00:00Z,0.0,20.125,268.125,29.11,0.64
2012-07-01T12:00:00Z,0.0,20.125,272.125,NaN,NaN
2012-07-01T12:00:00Z,0.0,20.125,276.125,28.35,-0.42
2012-07-01T12:00:00Z,0.0,20.125,280.125,29.09,0.07
2012-07-01T12:00:00Z,0.0,20.125,284.125,NaN,NaN
2012-07-01T12:00:00Z,0.0,20.125,288.125,28.93,0.73
2012-07-01T12:00:00Z,0.0,20.125,292.125,28.58,0.67
2012-07-01T12:00:00Z,0.0,20.125,296.125,28.42,0.66
2012-07-01T12:00:00Z,0.0,20.125,300.125,27.84,0.32
2012-07-01T12:00:00Z,0.0,20.125,304.125,27.8,0.62
2012-07-01T12:00:00Z,0.0,20.125,308.125,27.69,0.9
2012-07-01T12:00:00Z,0.0,20.125,312.125,27.12,0.75
2012-07-01T12:00:00Z,0.0,20.125,316.125,26.22,0.25
2012-07-01T12:00:00Z,0.0,20.125,320.125,25.74,0.22
2012-07-01T12:00:00Z,0.0,20.125,324.125,24.77,-0.23
2012-07-01T12:00:00Z,0.0,20.125,328.125,24.34,-0.1
2012-07-01T12:00:00Z,0.0,20.125,332.125,24.26,0.35
2012-07-01T12:00:00Z,0.0,20.125,336.125,23.26,0.12
2012-07-01T12:00:00Z,0.0,20.125,340.125,21.64,-0.11
2012-07-01T12:00:00Z,0.0,20.125,344.125,NaN,NaN
2012-07-01T12:00:00Z,0.0,20.125,348.125,NaN,NaN
2012-07-01T12:00:00Z,0.0,20.125,352.125,NaN,NaN
2012-07-01T12:00:00Z,0.0,20.125,356.125,NaN,NaN
2012-07-01T12:00:00Z,0.0,24.125,0.125,NaN,NaN
2012-07-01T12:00:00Z,0.0,24.125,4.125,NaN,NaN
2012-07-01T12:00:00Z,0.0,24.125,8.125,NaN,NaN
2012-07-01T12:00:00Z,0.0,24.125,12.125,NaN,NaN
2012-07-01T12:00:00Z,0.0,24.125,16.125,NaN,NaN
2012-07-01T12:00:00Z,0.0,24.125,20.125,NaN,NaN
2012-07-01T12:00:00Z,0.0,24.125,24.125,NaN,NaN
2012-07-01T12:00:00Z,0.0,24.125,28.125,NaN,NaN
2012-07-01T12:00:00Z,0.0,24.125,32.125,NaN,NaN
2012-07-01T12:00:00Z,0.0,24.125,36.125,29.91,1.26
2012-07-01T12:00:00Z,0.0,24.125,40.125,NaN,NaN
2012-07-01T12:00:00Z,0.0,24.125,44.125,NaN,NaN
2012-07-01T12:00:00Z,0.0,24.125,48.125,NaN,NaN
2012-07-01T12:00:00Z,0.0,24.125,52.125,31.89,1.25
2012-07-01T12:00:00Z,0.0,24.125,56.125,NaN,NaN
2012-07-01T12:00:00Z,0.0,24.125,60.125,31.12,1.02
2012-07-01T12:00:00Z,0.0,24.125,64.125,28.74,-0.19
2012-07-01T12:00:00Z,0.0,24.125,68.125,NaN,NaN
2012-07-01T12:00:00Z,0.0,24.125,72.125,NaN,NaN
2012-07-01T12:00:00Z,0.0,24.125,76.125,NaN,NaN
2012-07-01T12:00:00Z,0.0,24.125,80.125,NaN,NaN
2012-07-01T12:00:00Z,0.0,24.125,84.125,NaN,NaN
2012-07-01T12:00:00Z,0.0,24.125,88.125,NaN,NaN
2012-07-01T12:00:00Z,0.0,24.125,92.125,NaN,NaN
2012-07-01T12:00:00Z,0.0,24.125,96.125,NaN,NaN
2012-07-01T12:00:00Z,0.0,24.125,100.125,NaN,NaN
2012-07-01T12:00:00Z,0.0,24.125,104.125,NaN,NaN
2012-07-01T12:00:00Z,0.0,24.125,108.125,NaN,NaN
2012-07-01T12:00:00Z,0.0,24.125,112.125,NaN,NaN
2012-07-01T12:00:00Z,0.0,24.125,116.125,NaN,NaN
2012-07-01T12:00:00Z,0.0,24.125,120.125,28.63,0.95
2012-07-01T12:00:00Z,0.0,24.125,124.125,28.78,0.11
2012-07-01T12:00:00Z,0.0,24.125,128.125,28.84,0.46
2012-07-01T12:00:00Z,0.0,24.125,132.125,29.51,1.16
2012-07-01T12:00:00Z,0.0,24.125,136.125,29.16,0.57
2012-07-01T12:00:00Z,0.0,24.125,140.125,29.56,1.14
2012-07-01T12:00:00Z,0.0,24.125,144.125,29.31,0.85
2012-07-01T12:00:00Z,0.0,24.125,148.125,28.37,-0.18
2012-07-01T12:00:00Z,0.0,24.125,152.125,29.24,0.81
2012-07-01T12:00:00Z,0.0,24.125,156.125,28.56,0.24
2012-07-01T12:00:00Z,0.0,24.125,160.125,28.5,0.48
2012-07-01T12:00:00Z,0.0,24.125,164.125,28.24,0.44
2012-07-01T12:00:00Z,0.0,24.125,168.125,28.35,0.74
2012-07-01T12:00:00Z,0.0,24.125,172.125,27.97,0.58
2012-07-01T12:00:00Z,0.0,24.125,176.125,27.3,0.22
2012-07-01T12:00:00Z,0.0,24.125,180.125,27.07,0.23
2012-07-01T12:00:00Z,0.0,24.125,184.125,26.71,0.09
2012-07-01T12:00:00Z,0.0,24.125,188.125,25.8,-0.49
2012-07-01T12:00:00Z,0.0,24.125,192.125,25.21,-0.71
2012-07-01T12:00:00Z,0.0,24.125,196.125,24.87,-0.75
2012-07-01T12:00:00Z,0.0,24.125,200.125,24.17,-1.09
2012-07-01T12:00:00Z,0.0,24.125,204.125,23.59,-1.29
2012-07-01T12:00:00Z,0.0,24.125,208.125,23.36,-1.1
2012-07-01T12:00:00Z,0.0,24.125,212.125,22.59,-1.39
2012-07-01T12:00:00Z,0.0,24.125,216.125,22.49,-0.93
2012-07-01T12:00:00Z,0.0,24.125,220.125,21.77,-1.0
2012-07-01T12:00:00Z,0.0,24.125,224.125,20.76,-1.4
2012-07-01T12:00:00Z,0.0,24.125,228.125,20.59,-1.03
2012-07-01T12:00:00Z,0.0,24.125,232.125,20.23,-0.85
2012-07-01T12:00:00Z,0.0,24.125,236.125,19.24,-1.58
2012-07-01T12:00:00Z,0.0,24.125,240.125,19.78,-1.1
2012-07-01T12:00:00Z,0.0,24.125,244.125,20.21,-0.7
2012-07-01T12:00:00Z,0.0,24.125,248.125,20.63,-2.01
2012-07-01T12:00:00Z,0.0,24.125,252.125,27.81,-0.46
2012-07-01T12:00:00Z,0.0,24.125,256.125,NaN,NaN
2012-07-01T12:00:00Z,0.0,24.125,260.125,NaN,NaN
2012-07-01T12:00:00Z,0.0,24.125,264.125,29.4,0.8
2012-07-01T12:00:00Z,0.0,24.125,268.125,28.68,0.01
2012-07-01T12:00:00Z,0.0,24.125,272.125,28.3,-0.34
2012-07-01T12:00:00Z,0.0,24.125,276.125,29.1,0.25
2012-07-01T12:00:00Z,0.0,24.125,280.125,28.73,-0.19
2012-07-01T12:00:00Z,0.0,24.125,284.125,28.42,0.11
2012-07-01T12:00:00Z,0.0,24.125,288.125,27.87,0.02
2012-07-01T12:00:00Z,0.0,24.125,292.125,28.06,0.25
2012-07-01T12:00:00Z,0.0,24.125,296.125,27.86,0.19
2012-07-01T12:00:00Z,0.0,24.125,300.125,27.79,0.38
2012-07-01T12:00:00Z,0.0,24.125,304.125,28.15,1.13
2012-07-01T12:00:00Z,0.0,24.125,308.125,28.02,1.4
2012-07-01T12:00:00Z,0.0,24.125,312.125,27.59,1.37
2012-07-01T12:00:00Z,0.0,24.125,316.125,27.2,1.47
2012-07-01T12:00:00Z,0.0,24.125,320.125,25.8,0.55
2012-07-01T12:00:00Z,0.0,24.125,324.125,24.8,0.07
2012-07-01T12:00:00Z,0.0,24.125,328.125,24.2,-0.03
2012-07-01T12:00:00Z,0.0,24.125,332.125,23.82,0.17
2012-07-01T12:00:00Z,0.0,24.125,336.125,23.17,0.14
2012-07-01T12:00:00Z,0.0,24.125,340.125,22.54,0.29
2012-07-01T12:00:00Z,0.0,24.125,344.125,18.03,-2.22
2012-07-01T12:00:00Z,0.0,24.125,348.125,NaN,NaN
2012-07-01T12:00:00Z,0.0,24.125,352.125,NaN,NaN
2012-07-01T12:00:00Z,0.0,24.125,356.125,NaN,NaN
2012-07-01T12:00:00Z,0.0,28.125,0.125,NaN,NaN
2012-07-01T12:00:00Z,0.0,28.125,4.125,NaN,NaN
2012-07-01T12:00:00Z,0.0,28.125,8.125,NaN,NaN
2012-07-01T12:00:00Z,0.0,28.125,12.125,NaN,NaN
2012-07-01T12:00:00Z,0.0,28.125,16.125,NaN,NaN
2012-07-01T12:00:00Z,0.0,28.125,20.125,NaN,NaN
2012-07-01T12:00:00Z,0.0,28.125,24.125,NaN,NaN
2012-07-01T12:00:00Z,0.0,28.125,28.125,NaN,NaN
2012-07-01T12:00:00Z,0.0,28.125,32.125,NaN,NaN
2012-07-01T12:00:00Z,0.0,28.125,36.125,NaN,NaN
2012-07-01T12:00:00Z,0.0,28.125,40.125,NaN,NaN
2012-07-01T12:00:00Z,0.0,28.125,44.125,NaN,NaN
2012-07-01T12:00:00Z,0.0,28.125,48.125,NaN,NaN
2012-07-01T12:00:00Z,0.0,28.125,52.125,NaN,NaN
2012-07-01T12:00:00Z,0.0,28.125,56.125,NaN,NaN
2012-07-01T12:00:00Z,0.0,28.125,60.125,NaN,NaN
2012-07-01T12:00:00Z,0.0,28.125,64.125,NaN,NaN
2012-07-01T12:00:00Z,0.0,28.125,68.125,NaN,NaN
2012-07-01T12:00:00Z,0.0,28.125,72.125,NaN,NaN
2012-07-01T12:00:00Z,0.0,28.125,76.125,NaN,NaN
2012-07-01T12:00:00Z,0.0,28.125,80.125,NaN,NaN
2012-07-01T12:00:00Z,0.0,28.125,84.125,NaN,NaN
2012-07-01T12:00:00Z,0.0,28.125,88.125,NaN,NaN
2012-07-01T12:00:00Z,0.0,28.125,92.125,NaN,NaN
2012-07-01T12:00:00Z,0.0,28.125,96.125,NaN,NaN
2012-07-01T12:00:00Z,0.0,28.125,100.125,NaN,NaN
2012-07-01T12:00:00Z,0.0,28.125,104.125,NaN,NaN
2012-07-01T12:00:00Z,0.0,28.125,108.125,NaN,NaN
2012-07-01T12:00:00Z,0.0,28.125,112.125,NaN,NaN
2012-07-01T12:00:00Z,0.0,28.125,116.125,NaN,NaN
2012-07-01T12:00:00Z,0.0,28.125,120.125,NaN,NaN
2012-07-01T12:00:00Z,0.0,28.125,124.125,27.59,1.11
2012-07-01T12:00:00Z,0.0,28.125,128.125,27.79,0.35
2012-07-01T12:00:00Z,0.0,28.125,132.125,27.01,0.13
2012-07-01T12:00:00Z,0.0,28.125,136.125,26.65,0.18
2012-07-01T12:00:00Z,0.0,28.125,140.125,26.64,0.42
2012-07-01T12:00:00Z,0.0,28.125,144.125,26.41,-0.14
2012-07-01T12:00:00Z,0.0,28.125,148.125,26.9,0.03
2012-07-01T12:00:00Z,0.0,28.125,152.125,27.43,0.61
2012-07-01T12:00:00Z,0.0,28.125,156.125,27.91,1.14
2012-07-01T12:00:00Z,0.0,28.125,160.125,27.31,0.69
2012-07-01T12:00:00Z,0.0,28.125,164.125,26.87,0.34
2012-07-01T12:00:00Z,0.0,28.125,168.125,27.3,1.05
2012-07-01T12:00:00Z,0.0,28.125,172.125,25.96,-0.04
2012-07-01T12:00:00Z,0.0,28.125,176.125,26.6,0.73
2012-07-01T12:00:00Z,0.0,28.125,180.125,26.06,0.47
2012-07-01T12:00:00Z,0.0,28.125,184.125,25.77,0.41
2012-07-01T12:00:00Z,0.0,28.125,188.125,24.96,-0.18
2012-07-01T12:00:00Z,0.0,28.125,192.125,24.75,-0.19
2012-07-01T12:00:00Z,0.0,28.125,196.125,24.18,-0.51
2012-07-01T12:00:00Z,0.0,28.125,200.125,23.69,-0.69
2012-07-01T12:00:00Z,0.0,28.125,204.125,23.15,-0.86
2012-07-01T12:00:00Z,0.0,28.125,208.125,23.26,-0.3
2012-07-01T12:00:00Z,0.0,28.125,212.125,22.54,-0.46
2012-07-01T12:00:00Z,0.0,28.125,216.125,21.31,-1.04
2012-07-01T12:00:00Z,0.0,28.125,220.125,21.9,0.29
2012-07-01T12:00:00Z,0.0,28.125,224.125,20.97,0.09
2012-07-01T12:00:00Z,0.0,28.125,228.125,20.02,-0.27
2012-07-01T12:00:00Z,0.0,28.125,232.125,19.4,-0.23
2012-07-01T12:00:00Z,0.0,28.125,236.125,18.39,-0.7
2012-07-01T12:00:00Z,0.0,28.125,240.125,17.64,-1.1
2012-07-01T12:00:00Z,0.0,28.125,244.125,17.19,-1.07
2012-07-01T12:00:00Z,0.0,28.125,248.125,29.05,2.27
2012-07-01T12:00:00Z,0.0,28.125,252.125,NaN,NaN
2012-07-01T12:00:00Z,0.0,28.125,256.125,NaN,NaN
2012-07-01T12:00:00Z,0.0,28.125,260.125,NaN,NaN
2012-07-01T12:00:00Z,0.0,28.125,264.125,29.42,0.97
2012-07-01T12:00:00Z,0.0,28.125,268.125,28.69,-0.11
2012-07-01T12:00:00Z,0.0,28.125,272.125,27.99,-0.65
2012-07-01T12:00:00Z,0.0,28.125,276.125,27.61,-0.83
2012-07-01T12:00:00Z,0.0,28.125,280.125,28.14,-0.23
2012-07-01T12:00:00Z,0.0,28.125,284.125,26.93,-0.51
2012-07-01T12:00:00Z,0.0,28.125,288.125,26.43,-0.83
2012-07-01T12:00:00Z,0.0,28.125,292.125,26.97,-0.1
2012-07-01T12:00:00Z,0.0,28.125,296.125,27.25,0.19
2012-07-01T12:00:00Z,0.0,28.125,300.125,26.72,-0.17
2012-07-01T12:00:00Z,0.0,28.125,304.125,27.26,0.62
2012-07-01T12:00:00Z,0.0,28.125,308.125,26.51,0.26
2012-07-01T12:00:00Z,0.0,28.125,312.125,26.05,0.21
2012-07-01T12:00:00Z,0.0,28.125,316.125,25.96,0.57
2012-07-01T12:00:00Z,0.0,28.125,320.125,26.16,1.2
2012-07-01T12:00:00Z,0.0,28.125,324.125,26.13,1.73
2012-07-01T12:00:00Z,0.0,28.125,328.125,25.53,1.75
2012-07-01T12:00:00Z,0.0,28.125,332.125,24.56,1.42
2012-07-01T12:00:00Z,0.0,28.125,336.125,23.87,1.4
2012-07-01T12:00:00Z,0.0,28.125,340.125,22.93,0.9
2012-07-01T12:00:00Z,0.0,28.125,344.125,21.98,0.63
2012-07-01T12:00:00Z,0.0,28.125,348.125,NaN,NaN
2012-07-01T12:00:00Z,0.0,28.125,352.125,NaN,NaN
2012-07-01T12:00:00Z,0.0,28.125,356.125,NaN,NaN
2012-07-01T12:00:00Z,0.0,32.125,0.125,NaN,NaN
2012-07-01T12:00:00Z,0.0,32.125,4.125,NaN,NaN
2012-07-01T12:00:00Z,0.0,32.125,8.125,NaN,NaN
2012-07-01T12:00:00Z,0.0,32.125,12.125,NaN,NaN
2012-07-01T12:00:00Z,0.0,32.125,16.125,26.38,2.71
2012-07-01T12:00:00Z,0.0,32.125,20.125,NaN,NaN
2012-07-01T12:00:00Z,0.0,32.125,24.125,24.65,1.06
2012-07-01T12:00:00Z,0.0,32.125,28.125,25.75,1.87
2012-07-01T12:00:00Z,0.0,32.125,32.125,26.89,2.23
2012-07-01T12:00:00Z,0.0,32.125,36.125,NaN,NaN
2012-07-01T12:00:00Z,0.0,32.125,40.125,NaN,NaN
2012-07-01T12:00:00Z,0.0,32.125,44.125,NaN,NaN
2012-07-01T12:00:00Z,0.0,32.125,48.125,NaN,NaN
2012-07-01T12:00:00Z,0.0,32.125,52.125,NaN,NaN
2012-07-01T12:00:00Z,0.0,32.125,56.125,NaN,NaN
2012-07-01T12:00:00Z,0.0,32.125,60.125,NaN,NaN
2012-07-01T12:00:00Z,0.0,32.125,64.125,NaN,NaN
2012-07-01T12:00:00Z,0.0,32.125,68.125,NaN,NaN
2012-07-01T12:00:00Z,0.0,32.125,72.125,NaN,NaN
2012-07-01T12:00:00Z,0.0,32.125,76.125,NaN,NaN
2012-07-01T12:00:00Z,0.0,32.125,80.125,NaN,NaN
2012-07-01T12:00:00Z,0.0,32.125,84.125,NaN,NaN
2012-07-01T12:00:00Z,0.0,32.125,88.125,NaN,NaN
2012-07-01T12:00:00Z,0.0,32.125,92.125,NaN,NaN
2012-07-01T12:00:00Z,0.0,32.125,96.125,NaN,NaN
2012-07-01T12:00:00Z,0.0,32.125,100.125,NaN,NaN
2012-07-01T12:00:00Z,0.0,32.125,104.125,NaN,NaN
2012-07-01T12:00:00Z,0.0,32.125,108.125,NaN,NaN
2012-07-01T12:00:00Z,0.0,32.125,112.125,NaN,NaN
2012-07-01T12:00:00Z,0.0,32.125,116.125,NaN,NaN
2012-07-01T12:00:00Z,0.0,32.125,120.125,NaN,NaN
2012-07-01T12:00:00Z,0.0,32.125,124.125,21.21,-1.49
2012-07-01T12:00:00Z,0.0,32.125,128.125,24.42,0.31
2012-07-01T12:00:00Z,0.0,32.125,132.125,25.57,0.11
2012-07-01T12:00:00Z,0.0,32.125,136.125,22.54,-2.7
2012-07-01T12:00:00Z,0.0,32.125,140.125,24.21,-0.61
2012-07-01T12:00:00Z,0.0,32.125,144.125,22.69,-1.58
2012-07-01T12:00:00Z,0.0,32.125,148.125,21.47,-2.52
2012-07-01T12:00:00Z,0.0,32.125,152.125,22.92,-1.01
2012-07-01T12:00:00Z,0.0,32.125,156.125,22.19,-1.5
2012-07-01T12:00:00Z,0.0,32.125,160.125,21.46,-2.07
2012-07-01T12:00:00Z,0.0,32.125,164.125,22.56,-1.19
2012-07-01T12:00:00Z,0.0,32.125,168.125,22.9,-0.72
2012-07-01T12:00:00Z,0.0,32.125,172.125,24.0,0.63
2012-07-01T12:00:00Z,0.0,32.125,176.125,24.04,0.79
2012-07-01T12:00:00Z,0.0,32.125,180.125,23.58,0.28
2012-07-01T12:00:00Z,0.0,32.125,184.125,23.43,0.36
2012-07-01T12:00:00Z,0.0,32.125,188.125,24.01,0.85
2012-07-01T12:00:00Z,0.0,32.125,192.125,23.16,0.14
2012-07-01T12:00:00Z,0.0,32.125,196.125,22.81,0.15
2012-07-01T12:00:00Z,0.0,32.125,200.125,23.08,0.63
2012-07-01T12:00:00Z,0.0,32.125,204.125,22.15,-0.13
2012-07-01T12:00:00Z,0.0,32.125,208.125,21.9,-0.01
2012-07-01T12:00:00Z,0.0,32.125,212.125,21.56,0.13
2012-07-01T12:00:00Z,0.0,32.125,216.125,20.45,-0.47
2012-07-01T12:00:00Z,0.0,32.125,220.125,20.74,0.46
2012-07-01T12:00:00Z,0.0,32.125,224.125,19.96,0.3
2012-07-01T12:00:00Z,0.0,32.125,228.125,18.72,-0.18
2012-07-01T12:00:00Z,0.0,32.125,232.125,16.34,-1.58
2012-07-01T12:00:00Z,0.0,32.125,236.125,15.34,-1.57
2012-07-01T12:00:00Z,0.0,32.125,240.125,15.76,-1.02
2012-07-01T12:00:00Z,0.0,32.125,244.125,NaN,NaN
2012-07-01T12:00:00Z,0.0,32.125,248.125,NaN,NaN
2012-07-01T12:00:00Z,0.0,32.125,252.125,NaN,NaN
2012-07-01T12:00:00Z,0.0,32.125,256.125,NaN,NaN
2012-07-01T12:00:00Z,0.0,32.125,260.125,NaN,NaN
2012-07-01T12:00:00Z,0.0,32.125,264.125,NaN,NaN
2012-07-01T12:00:00Z,0.0,32.125,268.125,NaN,NaN
2012-07-01T12:00:00Z,0.0,32.125,272.125,NaN,NaN
2012-07-01T12:00:00Z,0.0,32.125,276.125,NaN,NaN
2012-07-01T12:00:00Z,0.0,32.125,280.125,27.26,-0.12
2012-07-01T12:00:00Z,0.0,32.125,284.125,27.39,0.16
2012-07-01T12:00:00Z,0.0,32.125,288.125,24.85,-0.93
2012-07-01T12:00:00Z,0.0,32.125,292.125,24.46,-1.05
2012-07-01T12:00:00Z,0.0,32.125,296.125,24.65,-0.86
2012-07-01T12:00:00Z,0.0,32.125,300.125,24.81,-0.54
2012-07-01T12:00:00Z,0.0,32.125,304.125,25.12,-0.11
2012-07-01T12:00:00Z,0.0,32.125,308.125,24.63,-0.38
2012-07-01T12:00:00Z,0.0,32.125,312.125,24.6,-0.16
2012-07-01T12:00:00Z,0.0,32.125,316.125,24.24,-0.23
2012-07-01T12:00:00Z,0.0,32.125,320.125,23.85,-0.21
2012-07-01T12:00:00Z,0.0,32.125,324.125,23.43,-0.3
2012-07-01T12:00:00Z,0.0,32.125,328.125,23.76,0.53
2012-07-01T12:00:00Z,0.0,32.125,332.125,23.69,1.16
2012-07-01T12:00:00Z,0.0,32.125,336.125,23.91,1.93
2012-07-01T12:00:00Z,0.0,32.125,340.125,23.44,2.12
2012-07-01T12:00:00Z,0.0,32.125,344.125,22.5,1.73
2012-07-01T12:00:00Z,0.0,32.125,348.125,21.54,1.2
2012-07-01T12:00:00Z,0.0,32.125,352.125,NaN,NaN
2012-07-01T12:00:00Z,0.0,32.125,356.125,NaN,NaN
2012-07-01T12:00:00Z,0.0,36.125,0.125,23.75,2.04
2012-07-01T12:00:00Z,0.0,36.125,4.125,NaN,NaN
2012-07-01T12:00:00Z,0.0,36.125,8.125,NaN,NaN
2012-07-01T12:00:00Z,0.0,36.125,12.125,25.56,3.08
2012-07-01T12:00:00Z,0.0,36.125,16.125,26.25,2.86
2012-07-01T12:00:00Z,0.0,36.125,20.125,25.82,2.49
2012-07-01T12:00:00Z,0.0,36.125,24.125,23.64,1.1
2012-07-01T12:00:00Z,0.0,36.125,28.125,24.83,1.75
2012-07-01T12:00:00Z,0.0,36.125,32.125,27.87,2.96
2012-07-01T12:00:00Z,0.0,36.125,36.125,NaN,NaN
2012-07-01T12:00:00Z,0.0,36.125,40.125,NaN,NaN
2012-07-01T12:00:00Z,0.0,36.125,44.125,NaN,NaN
2012-07-01T12:00:00Z,0.0,36.125,48.125,NaN,NaN
2012-07-01T12:00:00Z,0.0,36.125,52.125,NaN,NaN
2012-07-01T12:00:00Z,0.0,36.125,56.125,NaN,NaN
2012-07-01T12:00:00Z,0.0,36.125,60.125,NaN,NaN
2012-07-01T12:00:00Z,0.0,36.125,64.125,NaN,NaN
2012-07-01T12:00:00Z,0.0,36.125,68.125,NaN,NaN
2012-07-01T12:00:00Z,0.0,36.125,72.125,NaN,NaN
2012-07-01T12:00:00Z,0.0,36.125,76.125,NaN,NaN
2012-07-01T12:00:00Z,0.0,36.125,80.125,NaN,NaN
2012-07-01T12:00:00Z,0.0,36.125,84.125,NaN,NaN
2012-07-01T12:00:00Z,0.0,36.125,88.125,NaN,NaN
2012-07-01T12:00:00Z,0.0,36.125,92.125,NaN,NaN
2012-07-01T12:00:00Z,0.0,36.125,96.125,NaN,NaN
2012-07-01T12:00:00Z,0.0,36.125,100.125,NaN,NaN
2012-07-01T12:00:00Z,0.0,36.125,104.125,NaN,NaN
2012-07-01T12:00:00Z,0.0,36.125,108.125,NaN,NaN
2012-07-01T12:00:00Z,0.0,36.125,112.125,NaN,NaN
2012-07-01T12:00:00Z,0.0,36.125,116.125,NaN,NaN
2012-07-01T12:00:00Z,0.0,36.125,120.125,NaN,NaN
2012-07-01T12:00:00Z,0.0,36.125,124.125,22.57,1.49
2012-07-01T12:00:00Z,0.0,36.125,128.125,NaN,NaN
2012-07-01T12:00:00Z,0.0,36.125,132.125,22.88,1.61
2012-07-01T12:00:00Z,0.0,36.125,136.125,22.6,1.33
2012-07-01T12:00:00Z,0.0,36.125,140.125,NaN,NaN
2012-07-01T12:00:00Z,0.0,36.125,144.125,21.91,-0.28
2012-07-01T12:00:00Z,0.0,36.125,148.125,22.61,0.62
2012-07-01T12:00:00Z,0.0,36.125,152.125,22.62,1.11
2012-07-01T12:00:00Z,0.0,36.125,156.125,18.33,-2.34
2012-07-01T12:00:00Z,0.0,36.125,160.125,19.77,-0.55
2012-07-01T12:00:00Z,0.0,36.125,164.125,18.42,-1.62
2012-07-01T12:00:00Z,0.0,36.125,168.125,18.79,-1.0
2012-07-01T12:00:00Z,0.0,36.125,172.125,19.19,-0.39
2012-07-01T12:00:00Z,0.0,36.125,176.125,19.57,0.1
2012-07-01T12:00:00Z,0.0,36.125,180.125,19.52,-0.36
2012-07-01T12:00:00Z,0.0,36.125,184.125,19.71,0.01
2012-07-01T12:00:00Z,0.0,36.125,188.125,21.84,2.05
2012-07-01T12:00:00Z,0.0,36.125,192.125,22.1,2.29
2012-07-01T12:00:00Z,0.0,36.125,196.125,21.72,1.96
2012-07-01T12:00:00Z,0.0,36.125,200.125,21.21,1.56
2012-07-01T12:00:00Z,0.0,36.125,204.125,20.99,1.39
2012-07-01T12:00:00Z,0.0,36.125,208.125,19.06,-0.36
2012-07-01T12:00:00Z,0.0,36.125,212.125,20.77,1.58
2012-07-01T12:00:00Z,0.0,36.125,216.125,18.81,-0.13
2012-07-01T12:00:00Z,0.0,36.125,220.125,18.0,-0.65
2012-07-01T12:00:00Z,0.0,36.125,224.125,18.01,-0.26
2012-07-01T12:00:00Z,0.0,36.125,228.125,17.99,0.56
2012-07-01T12:00:00Z,0.0,36.125,232.125,15.55,-0.75
2012-07-01T12:00:00Z,0.0,36.125,236.125,15.54,1.06
2012-07-01T12:00:00Z,0.0,36.125,240.125,NaN,NaN
2012-07-01T12:00:00Z,0.0,36.125,244.125,NaN,NaN
2012-07-01T12:00:00Z,0.0,36.125,248.125,NaN,NaN
2012-07-01T12:00:00Z,0.0,36.125,252.125,NaN,NaN
2012-07-01T12:00:00Z,0.0,36.125,256.125,NaN,NaN
2012-07-01T12:00:00Z,0.0,36.125,260.125,NaN,NaN
2012-07-01T12:00:00Z,0.0,36.125,264.125,NaN,NaN
2012-07-01T12:00:00Z,0.0,36.125,268.125,NaN,NaN
2012-07-01T12:00:00Z,0.0,36.125,272.125,NaN,NaN
2012-07-01T12:00:00Z,0.0,36.125,276.125,NaN,NaN
2012-07-01T12:00:00Z,0.0,36.125,280.125,NaN,NaN
2012-07-01T12:00:00Z,0.0,36.125,284.125,25.87,1.3
2012-07-01T12:00:00Z,0.0,36.125,288.125,25.49,-0.01
2012-07-01T12:00:00Z,0.0,36.125,292.125,24.19,-1.05
2012-07-01T12:00:00Z,0.0,36.125,296.125,24.5,-0.02
2012-07-01T12:00:00Z,0.0,36.125,300.125,23.64,-0.3
2012-07-01T12:00:00Z,0.0,36.125,304.125,22.9,-0.57
2012-07-01T12:00:00Z,0.0,36.125,308.125,22.99,-0.32
2012-07-01T12:00:00Z,0.0,36.125,312.125,22.97,-0.26
2012-07-01T12:00:00Z,0.0,36.125,316.125,22.32,-0.78
2012-07-01T12:00:00Z,0.0,36.125,320.125,22.42,-0.43
2012-07-01T12:00:00Z,0.0,36.125,324.125,21.47,-0.96
2012-07-01T12:00:00Z,0.0,36.125,328.125,22.31,0.38
2012-07-01T12:00:00Z,0.0,36.125,332.125,21.69,0.29
2012-07-01T12:00:00Z,0.0,36.125,336.125,22.35,1.43
2012-07-01T12:00:00Z,0.0,36.125,340.125,22.27,1.92
2012-07-01T12:00:00Z,0.0,36.125,344.125,21.14,1.45
2012-07-01T12:00:00Z,0.0,36.125,348.125,20.79,1.24
2012-07-01T12:00:00Z,0.0,36.125,352.125,20.93,0.59
2012-07-01T12:00:00Z,0.0,36.125,356.125,20.94,0.22
2012-07-01T12:00:00Z,0.0,40.125,0.125,24.19,1.66
2012-07-01T12:00:00Z,0.0,40.125,4.125,24.18,2.38
2012-07-01T12:00:00Z,0.0,40.125,8.125,24.68,2.94
2012-07-01T12:00:00Z,0.0,40.125,12.125,26.55,3.83
2012-07-01T12:00:00Z,0.0,40.125,16.125,NaN,NaN
2012-07-01T12:00:00Z,0.0,40.125,20.125,NaN,NaN
2012-07-01T12:00:00Z,0.0,40.125,24.125,25.32,2.58
2012-07-01T12:00:00Z,0.0,40.125,28.125,NaN,NaN
2012-07-01T12:00:00Z,0.0,40.125,32.125,NaN,NaN
2012-07-01T12:00:00Z,0.0,40.125,36.125,NaN,NaN
2012-07-01T12:00:00Z,0.0,40.125,40.125,NaN,NaN
2012-07-01T12:00:00Z,0.0,40.125,44.125,NaN,NaN
2012-07-01T12:00:00Z,0.0,40.125,48.125,NaN,NaN
2012-07-01T12:00:00Z,0.0,40.125,52.125,20.6,-2.16
2012-07-01T12:00:00Z,0.0,40.125,56.125,NaN,NaN
2012-07-01T12:00:00Z,0.0,40.125,60.125,NaN,NaN
2012-07-01T12:00:00Z,0.0,40.125,64.125,NaN,NaN
2012-07-01T12:00:00Z,0.0,40.125,68.125,NaN,NaN
2012-07-01T12:00:00Z,0.0,40.125,72.125,NaN,NaN
2012-07-01T12:00:00Z,0.0,40.125,76.125,NaN,NaN
2012-07-01T12:00:00Z,0.0,40.125,80.125,NaN,NaN
2012-07-01T12:00:00Z,0.0,40.125,84.125,NaN,NaN
2012-07-01T12:00:00Z,0.0,40.125,88.125,NaN,NaN
2012-07-01T12:00:00Z,0.0,40.125,92.125,NaN,NaN
2012-07-01T12:00:00Z,0.0,40.125,96.125,NaN,NaN
2012-07-01T12:00:00Z,0.0,40.125,100.125,NaN,NaN
2012-07-01T12:00:00Z,0.0,40.125,104.125,NaN,NaN
2012-07-01T12:00:00Z,0.0,40.125,108.125,NaN,NaN
2012-07-01T12:00:00Z,0.0,40.125,112.125,NaN,NaN
2012-07-01T12:00:00Z,0.0,40.125,116.125,NaN,NaN
2012-07-01T12:00:00Z,0.0,40.125,120.125,21.03,1.35
2012-07-01T12:00:00Z,0.0,40.125,124.125,NaN,NaN
2012-07-01T12:00:00Z,0.0,40.125,128.125,NaN,NaN
2012-07-01T12:00:00Z,0.0,40.125,132.125,18.69,0.68
2012-07-01T12:00:00Z,0.0,40.125,136.125,21.73,3.71
2012-07-01T12:00:00Z,0.0,40.125,140.125,NaN,NaN
2012-07-01T12:00:00Z,0.0,40.125,144.125,16.02,0.27
2012-07-01T12:00:00Z,0.0,40.125,148.125,18.12,1.85
2012-07-01T12:00:00Z,0.0,40.125,152.125,19.23,2.7
2012-07-01T12:00:00Z,0.0,40.125,156.125,17.27,1.69
2012-07-01T12:00:00Z,0.0,40.125,160.125,16.7,1.8
2012-07-01T12:00:00Z,0.0,40.125,164.125,14.8,0.01
2012-07-01T12:00:00Z,0.0,40.125,168.125,15.78,0.86
2012-07-01T12:00:00Z,0.0,40.125,172.125,15.12,0.29
2012-07-01T12:00:00Z,0.0,40.125,176.125,14.51,-0.48
2012-07-01T12:00:00Z,0.0,40.125,180.125,15.02,-0.07
2012-07-01T12:00:00Z,0.0,40.125,184.125,15.85,0.67
2012-07-01T12:00:00Z,0.0,40.125,188.125,15.84,0.71
2012-07-01T12:00:00Z,0.0,40.125,192.125,17.0,1.75
2012-07-01T12:00:00Z,0.0,40.125,196.125,18.09,2.65
2012-07-01T12:00:00Z,0.0,40.125,200.125,18.05,2.59
2012-07-01T12:00:00Z,0.0,40.125,204.125,17.27,1.7
2012-07-01T12:00:00Z,0.0,40.125,208.125,17.36,1.61
2012-07-01T12:00:00Z,0.0,40.125,212.125,14.62,-1.29
2012-07-01T12:00:00Z,0.0,40.125,216.125,13.03,-3.0
2012-07-01T12:00:00Z,0.0,40.125,220.125,14.24,-1.93
2012-07-01T12:00:00Z,0.0,40.125,224.125,15.16,-0.93
2012-07-01T12:00:00Z,0.0,40.125,228.125,15.41,-0.21
2012-07-01T12:00:00Z,0.0,40.125,232.125,15.13,0.07
2012-07-01T12:00:00Z,0.0,40.125,236.125,NaN,NaN
2012-07-01T12:00:00Z,0.0,40.125,240.125,NaN,NaN
2012-07-01T12:00:00Z,0.0,40.125,244.125,NaN,NaN
2012-07-01T12:00:00Z,0.0,40.125,248.125,NaN,NaN
2012-07-01T12:00:00Z,0.0,40.125,252.125,NaN,NaN
2012-07-01T12:00:00Z,0.0,40.125,256.125,NaN,NaN
2012-07-01T12:00:00Z,0.0,40.125,260.125,NaN,NaN
2012-07-01T12:00:00Z,0.0,40.125,264.125,NaN,NaN
2012-07-01T12:00:00Z,0.0,40.125,268.125,NaN,NaN
2012-07-01T12:00:00Z,0.0,40.125,272.125,NaN,NaN
2012-07-01T12:00:00Z,0.0,40.125,276.125,NaN,NaN
2012-07-01T12:00:00Z,0.0,40.125,280.125,NaN,NaN
2012-07-01T12:00:00Z,0.0,40.125,284.125,NaN,NaN
2012-07-01T12:00:00Z,0.0,40.125,288.125,21.88,2.71
2012-07-01T12:00:00Z,0.0,40.125,292.125,20.67,1.67
2012-07-01T12:00:00Z,0.0,40.125,296.125,22.18,0.11
2012-07-01T12:00:00Z,0.0,40.125,300.125,21.33,-1.57
2012-07-01T12:00:00Z,0.0,40.125,304.125,23.26,0.49
2012-07-01T12:00:00Z,0.0,40.125,308.125,22.57,0.5
2012-07-01T12:00:00Z,0.0,40.125,312.125,22.87,1.35
2012-07-01T12:00:00Z,0.0,40.125,316.125,20.26,-1.14
2012-07-01T12:00:00Z,0.0,40.125,320.125,20.59,-0.27
2012-07-01T12:00:00Z,0.0,40.125,324.125,20.34,-0.42
2012-07-01T12:00:00Z,0.0,40.125,328.125,19.66,-0.66
2012-07-01T12:00:00Z,0.0,40.125,332.125,19.16,-0.59
2012-07-01T12:00:00Z,0.0,40.125,336.125,18.73,-0.74
2012-07-01T12:00:00Z,0.0,40.125,340.125,19.2,0.25
2012-07-01T12:00:00Z,0.0,40.125,344.125,18.85,0.42
2012-07-01T12:00:00Z,0.0,40.125,348.125,19.19,1.06
2012-07-01T12:00:00Z,0.0,40.125,352.125,NaN,NaN
2012-07-01T12:00:00Z,0.0,40.125,356.125,NaN,NaN
2012-07-01T12:00:00Z,0.0,44.125,0.125,NaN,NaN
2012-07-01T12:00:00Z,0.0,44.125,4.125,NaN,NaN
2012-07-01T12:00:00Z,0.0,44.125,8.125,NaN,NaN
2012-07-01T12:00:00Z,0.0,44.125,12.125,NaN,NaN
2012-07-01T12:00:00Z,0.0,44.125,16.125,NaN,NaN
2012-07-01T12:00:00Z,0.0,44.125,20.125,NaN,NaN
2012-07-01T12:00:00Z,0.0,44.125,24.125,NaN,NaN
2012-07-01T12:00:00Z,0.0,44.125,28.125,NaN,NaN
2012-07-01T12:00:00Z,0.0,44.125,32.125,23.1,2.2
2012-07-01T12:00:00Z,0.0,44.125,36.125,23.33,1.76
2012-07-01T12:00:00Z,0.0,44.125,40.125,NaN,NaN
2012-07-01T12:00:00Z,0.0,44.125,44.125,NaN,NaN
2012-07-01T12:00:00Z,0.0,44.125,48.125,23.6,0.54
2012-07-01T12:00:00Z,0.0,44.125,52.125,NaN,NaN
2012-07-01T12:00:00Z,0.0,44.125,56.125,NaN,NaN
2012-07-01T12:00:00Z,0.0,44.125,60.125,NaN,NaN
2012-07-01T12:00:00Z,0.0,44.125,64.125,NaN,NaN
2012-07-01T12:00:00Z,0.0,44.125,68.125,NaN,NaN
2012-07-01T12:00:00Z,0.0,44.125,72.125,NaN,NaN
2012-07-01T12:00:00Z,0.0,44.125,76.125,NaN,NaN
2012-07-01T12:00:00Z,0.0,44.125,80.125,NaN,NaN
2012-07-01T12:00:00Z,0.0,44.125,84.125,NaN,NaN
2012-07-01T12:00:00Z,0.0,44.125,88.125,NaN,NaN
2012-07-01T12:00:00Z,0.0,44.125,92.125,NaN,NaN
2012-07-01T12:00:00Z,0.0,44.125,96.125,NaN,NaN
2012-07-01T12:00:00Z,0.0,44.125,100.125,NaN,NaN
2012-07-01T12:00:00Z,0.0,44.125,104.125,NaN,NaN
2012-07-01T12:00:00Z,0.0,44.125,108.125,NaN,NaN
2012-07-01T12:00:00Z,0.0,44.125,112.125,NaN,NaN
2012-07-01T12:00:00Z,0.0,44.125,116.125,NaN,NaN
2012-07-01T12:00:00Z,0.0,44.125,120.125,NaN,NaN
2012-07-01T12:00:00Z,0.0,44.125,124.125,NaN,NaN
2012-07-01T12:00:00Z,0.0,44.125,128.125,NaN,NaN
2012-07-01T12:00:00Z,0.0,44.125,132.125,NaN,NaN
2012-07-01T12:00:00Z,0.0,44.125,136.125,12.37,-0.83
2012-07-01T12:00:00Z,0.0,44.125,140.125,16.7,1.84
2012-07-01T12:00:00Z,0.0,44.125,144.125,10.75,-0.16
2012-07-01T12:00:00Z,0.0,44.125,148.125,10.25,1.41
2012-07-01T12:00:00Z,0.0,44.125,152.125,8.58,-0.24
2012-07-01T12:00:00Z,0.0,44.125,156.125,8.73,-1.07
2012-07-01T12:00:00Z,0.0,44.125,160.125,9.37,-0.24
2012-07-01T12:00:00Z,0.0,44.125,164.125,8.82,-0.31
2012-07-01T12:00:00Z,0.0,44.125,168.125,8.37,-0.45
2012-07-01T12:00:00Z,0.0,44.125,172.125,8.81,-0.53
2012-07-01T12:00:00Z,0.0,44.125,176.125,9.65,-0.1
2012-07-01T12:00:00Z,0.0,44.125,180.125,9.5,-0.44
2012-07-01T12:00:00Z,0.0,44.125,184.125,10.06,-0.06
2012-07-01T12:00:00Z,0.0,44.125,188.125,10.24,-0.15
2012-07-01T12:00:00Z,0.0,44.125,192.125,11.76,0.99
2012-07-01T12:00:00Z,0.0,44.125,196.125,12.27,1.12
2012-07-01T12:00:00Z,0.0,44.125,200.125,13.18,1.74
2012-07-01T12:00:00Z,0.0,44.125,204.125,12.8,1.09
2012-07-01T12:00:00Z,0.0,44.125,208.125,11.76,-0.33
2012-07-01T12:00:00Z,0.0,44.125,212.125,9.96,-2.52
2012-07-01T12:00:00Z,0.0,44.125,216.125,11.21,-1.72
2012-07-01T12:00:00Z,0.0,44.125,220.125,11.25,-2.11
2012-07-01T12:00:00Z,0.0,44.125,224.125,11.47,-2.26
2012-07-01T12:00:00Z,0.0,44.125,228.125,11.95,-1.98
2012-07-01T12:00:00Z,0.0,44.125,232.125,14.2,-0.33
2012-07-01T12:00:00Z,0.0,44.125,236.125,NaN,NaN
2012-07-01T12:00:00Z,0.0,44.125,240.125,NaN,NaN
2012-07-01T12:00:00Z,0.0,44.125,244.125,NaN,NaN
2012-07-01T12:00:00Z,0.0,44.125,248.125,NaN,NaN
2012-07-01T12:00:00Z,0.0,44.125,252.125,NaN,NaN
2012-07-01T12:00:00Z,0.0,44.125,256.125,NaN,NaN
2012-07-01T12:00:00Z,0.0,44.125,260.125,NaN,NaN
2012-07-01T12:00:00Z,0.0,44.125,264.125,NaN,NaN
2012-07-01T12:00:00Z,0.0,44.125,268.125,NaN,NaN
2012-07-01T12:00:00Z,0.0,44.125,272.125,NaN,NaN
2012-07-01T12:00:00Z,0.0,44.125,276.125,NaN,NaN
2012-07-01T12:00:00Z,0.0,44.125,280.125,NaN,NaN
2012-07-01T12:00:00Z,0.0,44.125,284.125,NaN,NaN
2012-07-01T12:00:00Z,0.0,44.125,288.125,NaN,NaN
2012-07-01T12:00:00Z,0.0,44.125,292.125,13.79,1.69
2012-07-01T12:00:00Z,0.0,44.125,296.125,15.71,3.96
2012-07-01T12:00:00Z,0.0,44.125,300.125,13.86,1.64
2012-07-01T12:00:00Z,0.0,44.125,304.125,13.36,0.61
2012-07-01T12:00:00Z,0.0,44.125,308.125,13.36,1.38
2012-07-01T12:00:00Z,0.0,44.125,312.125,9.7,-3.06
2012-07-01T12:00:00Z,0.0,44.125,316.125,17.59,-0.11
2012-07-01T12:00:00Z,0.0,44.125,320.125,16.83,-1.52
2012-07-01T12:00:00Z,0.0,44.125,324.125,17.63,-0.47
2012-07-01T12:00:00Z,0.0,44.125,328.125,16.35,-1.85
2012-07-01T12:00:00Z,0.0,44.125,332.125,16.55,-1.32
2012-07-01T12:00:00Z,0.0,44.125,336.125,15.89,-1.75
2012-07-01T12:00:00Z,0.0,44.125,340.125,15.79,-1.58
2012-07-01T12:00:00Z,0.0,44.125,344.125,16.7,-0.46
2012-07-01T12:00:00Z,0.0,44.125,348.125,17.19,0.35
2012-07-01T12:00:00Z,0.0,44.125,352.125,17.32,0.4
2012-07-01T12:00:00Z,0.0,44.125,356.125,18.64,0.23
2012-07-01T12:00:00Z,0.0,48.125,0.125,NaN,NaN
2012-07-01T12:00:00Z,0.0,48.125,4.125,NaN,NaN
2012-07-01T12:00:00Z,0.0,48.125,8.125,NaN,NaN
2012-07-01T12:00:00Z,0.0,48.125,12.125,NaN,NaN
2012-07-01T12:00:00Z,0.0,48.125,16.125,NaN,NaN
2012-07-01T12:00:00Z,0.0,48.125,20.125,NaN,NaN
2012-07-01T12:00:00Z,0.0,48.125,24.125,NaN,NaN
2012-07-01T12:00:00Z,0.0,48.125,28.125,NaN,NaN
2012-07-01T12:00:00Z,0.0,48.125,32.125,NaN,NaN
2012-07-01T12:00:00Z,0.0,48.125,36.125,NaN,NaN
2012-07-01T12:00:00Z,0.0,48.125,40.125,NaN,NaN
2012-07-01T12:00:00Z,0.0,48.125,44.125,NaN,NaN
2012-07-01T12:00:00Z,0.0,48.125,48.125,NaN,NaN
2012-07-01T12:00:00Z,0.0,48.125,52.125,NaN,NaN
2012-07-01T12:00:00Z,0.0,48.125,56.125,NaN,NaN
2012-07-01T12:00:00Z,0.0,48.125,60.125,NaN,NaN
2012-07-01T12:00:00Z,0.0,48.125,64.125,NaN,NaN
2012-07-01T12:00:00Z,0.0,48.125,68.125,NaN,NaN
2012-07-01T12:00:00Z,0.0,48.125,72.125,NaN,NaN
2012-07-01T12:00:00Z,0.0,48.125,76.125,NaN,NaN
2012-07-01T12:00:00Z,0.0,48.125,80.125,NaN,NaN
2012-07-01T12:00:00Z,0.0,48.125,84.125,NaN,NaN
2012-07-01T12:00:00Z,0.0,48.125,88.125,NaN,NaN
2012-07-01T12:00:00Z,0.0,48.125,92.125,NaN,NaN
2012-07-01T12:00:00Z,0.0,48.125,96.125,NaN,NaN
2012-07-01T12:00:00Z,0.0,48.125,100.125,NaN,NaN
2012-07-01T12:00:00Z,0.0,48.125,104.125,NaN,NaN
2012-07-01T12:00:00Z,0.0,48.125,108.125,NaN,NaN
2012-07-01T12:00:00Z,0.0,48.125,112.125,NaN,NaN
2012-07-01T12:00:00Z,0.0,48.125,116.125,NaN,NaN
2012-07-01T12:00:00Z,0.0,48.125,120.125,NaN,NaN
2012-07-01T12:00:00Z,0.0,48.125,124.125,NaN,NaN
2012-07-01T12:00:00Z,0.0,48.125,128.125,NaN,NaN
2012-07-01T12:00:00Z,0.0,48.125,132.125,NaN,NaN
2012-07-01T12:00:00Z,0.0,48.125,136.125,NaN,NaN
2012-07-01T12:00:00Z,0.0,48.125,140.125,14.52,3.52
2012-07-01T12:00:00Z,0.0,48.125,144.125,9.98,1.09
2012-07-01T12:00:00Z,0.0,48.125,148.125,9.41,1.78
2012-07-01T12:00:00Z,0.0,48.125,152.125,6.5,0.38
2012-07-01T12:00:00Z,0.0,48.125,156.125,7.53,1.16
2012-07-01T12:00:00Z,0.0,48.125,160.125,7.06,0.03
2012-07-01T12:00:00Z,0.0,48.125,164.125,7.41,0.25
2012-07-01T12:00:00Z,0.0,48.125,168.125,6.71,-0.4
2012-07-01T12:00:00Z,0.0,48.125,172.125,5.99,-1.23
2012-07-01T12:00:00Z,0.0,48.125,176.125,5.78,-1.58
2012-07-01T12:00:00Z,0.0,48.125,180.125,5.6,-1.95
2012-07-01T12:00:00Z,0.0,48.125,184.125,6.26,-1.5
2012-07-01T12:00:00Z,0.0,48.125,188.125,6.73,-1.24
2012-07-01T12:00:00Z,0.0,48.125,192.125,7.0,-1.32
2012-07-01T12:00:00Z,0.0,48.125,196.125,8.11,-0.51
2012-07-01T12:00:00Z,0.0,48.125,200.125,8.15,-0.75
2012-07-01T12:00:00Z,0.0,48.125,204.125,8.59,-0.66
2012-07-01T12:00:00Z,0.0,48.125,208.125,7.87,-1.77
2012-07-01T12:00:00Z,0.0,48.125,212.125,8.06,-2.07
2012-07-01T12:00:00Z,0.0,48.125,216.125,8.79,-1.89
2012-07-01T12:00:00Z,0.0,48.125,220.125,8.87,-2.38
2012-07-01T12:00:00Z,0.0,48.125,224.125,9.02,-2.84
2012-07-01T12:00:00Z,0.0,48.125,228.125,11.78,-0.87
2012-07-01T12:00:00Z,0.0,48.125,232.125,12.76,-0.63
2012-07-01T12:00:00Z,0.0,48.125,236.125,NaN,NaN
2012-07-01T12:00:00Z,0.0,48.125,240.125,NaN,NaN
2012-07-01T12:00:00Z,0.0,48.125,244.125,NaN,NaN
2012-07-01T12:00:00Z,0.0,48.125,248.125,NaN,NaN
2012-07-01T12:00:00Z,0.0,48.125,252.125,NaN,NaN
2012-07-01T12:00:00Z,0.0,48.125,256.125,NaN,NaN
2012-07-01T12:00:00Z,0.0,48.125,260.125,NaN,NaN
2012-07-01T12:00:00Z,0.0,48.125,264.125,NaN,NaN
2012-07-01T12:00:00Z,0.0,48.125,268.125,NaN,NaN
2012-07-01T12:00:00Z,0.0,48.125,272.125,10.04,5.05
2012-07-01T12:00:00Z,0.0,48.125,276.125,NaN,NaN
2012-07-01T12:00:00Z,0.0,48.125,280.125,NaN,NaN
2012-07-01T12:00:00Z,0.0,48.125,284.125,NaN,NaN
2012-07-01T12:00:00Z,0.0,48.125,288.125,NaN,NaN
2012-07-01T12:00:00Z,0.0,48.125,292.125,NaN,NaN
2012-07-01T12:00:00Z,0.0,48.125,296.125,14.1,1.78
2012-07-01T12:00:00Z,0.0,48.125,300.125,12.36,1.91
2012-07-01T12:00:00Z,0.0,48.125,304.125,NaN,NaN
2012-07-01T12:00:00Z,0.0,48.125,308.125,10.01,2.7
2012-07-01T12:00:00Z,0.0,48.125,312.125,13.29,6.61
2012-07-01T12:00:00Z,0.0,48.125,316.125,12.24,1.84
2012-07-01T12:00:00Z,0.0,48.125,320.125,14.63,-0.32
2012-07-01T12:00:00Z,0.0,48.125,324.125,14.59,-0.57
2012-07-01T12:00:00Z,0.0,48.125,328.125,14.8,-0.57
2012-07-01T12:00:00Z,0.0,48.125,332.125,14.06,-1.51
2012-07-01T12:00:00Z,0.0,48.125,336.125,14.24,-1.46
2012-07-01T12:00:00Z,0.0,48.125,340.125,15.65,-0.14
2012-07-01T12:00:00Z,0.0,48.125,344.125,15.52,-0.15
2012-07-01T12:00:00Z,0.0,48.125,348.125,14.97,-0.55
2012-07-01T12:00:00Z,0.0,48.125,352.125,14.75,-0.78
2012-07-01T12:00:00Z,0.0,48.125,356.125,NaN,NaN
2012-07-01T12:00:00Z,0.0,52.125,0.125,NaN,NaN
2012-07-01T12:00:00Z,0.0,52.125,4.125,15.58,0.85
2012-07-01T12:00:00Z,0.0,52.125,8.125,NaN,NaN
2012-07-01T12:00:00Z,0.0,52.125,12.125,NaN,NaN
2012-07-01T12:00:00Z,0.0,52.125,16.125,NaN,NaN
2012-07-01T12:00:00Z,0.0,52.125,20.125,NaN,NaN
2012-07-01T12:00:00Z,0.0,52.125,24.125,NaN,NaN
2012-07-01T12:00:00Z,0.0,52.125,28.125,NaN,NaN
2012-07-01T12:00:00Z,0.0,52.125,32.125,NaN,NaN
2012-07-01T12:00:00Z,0.0,52.125,36.125,NaN,NaN
2012-07-01T12:00:00Z,0.0,52.125,40.125,NaN,NaN
2012-07-01T12:00:00Z,0.0,52.125,44.125,NaN,NaN
2012-07-01T12:00:00Z,0.0,52.125,48.125,NaN,NaN
2012-07-01T12:00:00Z,0.0,52.125,52.125,NaN,NaN
2012-07-01T12:00:00Z,0.0,52.125,56.125,NaN,NaN
2012-07-01T12:00:00Z,0.0,52.125,60.125,NaN,NaN
2012-07-01T12:00:00Z,0.0,52.125,64.125,NaN,NaN
2012-07-01T12:00:00Z,0.0,52.125,68.125,NaN,NaN
2012-07-01T12:00:00Z,0.0,52.125,72.125,NaN,NaN
2012-07-01T12:00:00Z,0.0,52.125,76.125,NaN,NaN
2012-07-01T12:00:00Z,0.0,52.125,80.125,NaN,NaN
2012-07-01T12:00:00Z,0.0,52.125,84.125,NaN,NaN
2012-07-01T12:00:00Z,0.0,52.125,88.125,NaN,NaN
2012-07-01T12:00:00Z,0.0,52.125,92.125,NaN,NaN
2012-07-01T12:00:00Z,0.0,52.125,96.125,NaN,NaN
2012-07-01T12:00:00Z,0.0,52.125,100.125,NaN,NaN
2012-07-01T12:00:00Z,0.0,52.125,104.125,NaN,NaN
2012-07-01T12:00:00Z,0.0,52.125,108.125,NaN,NaN
2012-07-01T12:00:00Z,0.0,52.125,112.125,NaN,NaN
2012-07-01T12:00:00Z,0.0,52.125,116.125,NaN,NaN
2012-07-01T12:00:00Z,0.0,52.125,120.125,NaN,NaN
2012-07-01T12:00:00Z,0.0,52.125,124.125,NaN,NaN
2012-07-01T12:00:00Z,0.0,52.125,128.125,NaN,NaN
2012-07-01T12:00:00Z,0.0,52.125,132.125,NaN,NaN
2012-07-01T12:00:00Z,0.0,52.125,136.125,NaN,NaN
2012-07-01T12:00:00Z,0.0,52.125,140.125,NaN,NaN
2012-07-01T12:00:00Z,0.0,52.125,144.125,7.87,1.35
2012-07-01T12:00:00Z,0.0,52.125,148.125,8.28,1.4
2012-07-01T12:00:00Z,0.0,52.125,152.125,9.25,2.04
2012-07-01T12:00:00Z,0.0,52.125,156.125,8.61,1.41
2012-07-01T12:00:00Z,0.0,52.125,160.125,7.25,-0.19
2012-07-01T12:00:00Z,0.0,52.125,164.125,6.27,-0.91
2012-07-01T12:00:00Z,0.0,52.125,168.125,6.44,-0.54
2012-07-01T12:00:00Z,0.0,52.125,172.125,5.22,-1.8
2012-07-01T12:00:00Z,0.0,52.125,176.125,6.89,0.05
2012-07-01T12:00:00Z,0.0,52.125,180.125,5.66,-1.16
2012-07-01T12:00:00Z,0.0,52.125,184.125,5.41,-1.74
2012-07-01T12:00:00Z,0.0,52.125,188.125,5.89,-1.46
2012-07-01T12:00:00Z,0.0,52.125,192.125,7.61,-0.33
2012-07-01T12:00:00Z,0.0,52.125,196.125,6.7,-1.6
2012-07-01T12:00:00Z,0.0,52.125,200.125,6.69,-1.84
2012-07-01T12:00:00Z,0.0,52.125,204.125,7.48,-1.11
2012-07-01T12:00:00Z,0.0,52.125,208.125,8.39,-0.38
2012-07-01T12:00:00Z,0.0,52.125,212.125,8.77,-0.37
2012-07-01T12:00:00Z,0.0,52.125,216.125,9.1,-0.7
2012-07-01T12:00:00Z,0.0,52.125,220.125,9.01,-1.58
2012-07-01T12:00:00Z,0.0,52.125,224.125,9.56,-1.81
2012-07-01T12:00:00Z,0.0,52.125,228.125,10.42,-1.81
2012-07-01T12:00:00Z,0.0,52.125,232.125,NaN,NaN
2012-07-01T12:00:00Z,0.0,52.125,236.125,NaN,NaN
2012-07-01T12:00:00Z,0.0,52.125,240.125,NaN,NaN
2012-07-01T12:00:00Z,0.0,52.125,244.125,NaN,NaN
2012-07-01T12:00:00Z,0.0,52.125,248.125,NaN,NaN
2012-07-01T12:00:00Z,0.0,52.125,252.125,NaN,NaN
2012-07-01T12:00:00Z,0.0,52.125,256.125,NaN,NaN
2012-07-01T12:00:00Z,0.0,52.125,260.125,NaN,NaN
2012-07-01T12:00:00Z,0.0,52.125,264.125,NaN,NaN
2012-07-01T12:00:00Z,0.0,52.125,268.125,NaN,NaN
2012-07-01T12:00:00Z,0.0,52.125,272.125,NaN,NaN
2012-07-01T12:00:00Z,0.0,52.125,276.125,NaN,NaN
2012-07-01T12:00:00Z,0.0,52.125,280.125,1.41,-0.61
2012-07-01T12:00:00Z,0.0,52.125,284.125,NaN,NaN
2012-07-01T12:00:00Z,0.0,52.125,288.125,NaN,NaN
2012-07-01T12:00:00Z,0.0,52.125,292.125,NaN,NaN
2012-07-01T12:00:00Z,0.0,52.125,296.125,NaN,NaN
2012-07-01T12:00:00Z,0.0,52.125,300.125,NaN,NaN
2012-07-01T12:00:00Z,0.0,52.125,304.125,NaN,NaN
2012-07-01T12:00:00Z,0.0,52.125,308.125,8.15,3.2
2012-07-01T12:00:00Z,0.0,52.125,312.125,12.12,4.12
2012-07-01T12:00:00Z,0.0,52.125,316.125,11.42,1.19
2012-07-01T12:00:00Z,0.0,52.125,320.125,10.65,-0.01
2012-07-01T12:00:00Z,0.0,52.125,324.125,12.42,1.45
2012-07-01T12:00:00Z,0.0,52.125,328.125,13.16,1.27
2012-07-01T12:00:00Z,0.0,52.125,332.125,13.4,0.59
2012-07-01T12:00:00Z,0.0,52.125,336.125,13.59,0.17
2012-07-01T12:00:00Z,0.0,52.125,340.125,13.78,-0.12
2012-07-01T12:00:00Z,0.0,52.125,344.125,14.64,0.62
2012-07-01T12:00:00Z,0.0,52.125,348.125,14.36,0.27
2012-07-01T12:00:00Z,0.0,52.125,352.125,NaN,NaN
2012-07-01T12:00:00Z,0.0,52.125,356.125,NaN,NaN
2012-07-01T12:00:00Z,0.0,56.125,0.125,12.41,-0.14
2012-07-01T12:00:00Z,0.0,56.125,4.125,12.7,-0.64
2012-07-01T12:00:00Z,0.0,56.125,8.125,14.69,0.28
2012-07-01T12:00:00Z,0.0,56.125,12.125,16.02,0.49
2012-07-01T12:00:00Z,0.0,56.125,16.125,13.62,-0.63
2012-07-01T12:00:00Z,0.0,56.125,20.125,13.84,-0.57
2012-07-01T12:00:00Z,0.0,56.125,24.125,NaN,NaN
2012-07-01T12:00:00Z,0.0,56.125,28.125,NaN,NaN
2012-07-01T12:00:00Z,0.0,56.125,32.125,NaN,NaN
2012-07-01T12:00:00Z,0.0,56.125,36.125,NaN,NaN
2012-07-01T12:00:00Z,0.0,56.125,40.125,NaN,NaN
2012-07-01T12:00:00Z,0.0,56.125,44.125,NaN,NaN
2012-07-01T12:00:00Z,0.0,56.125,48.125,NaN,NaN
2012-07-01T12:00:00Z,0.0,56.125,52.125,NaN,NaN
2012-07-01T12:00:00Z,0.0,56.125,56.125,NaN,NaN
2012-07-01T12:00:00Z,0.0,56.125,60.125,NaN,NaN
2012-07-01T12:00:00Z,0.0,56.125,64.125,NaN,NaN
2012-07-01T12:00:00Z,0.0,56.125,68.125,NaN,NaN
2012-07-01T12:00:00Z,0.0,56.125,72.125,NaN,NaN
2012-07-01T12:00:00Z,0.0,56.125,76.125,NaN,NaN
2012-07-01T12:00:00Z,0.0,56.125,80.125,NaN,NaN
2012-07-01T12:00:00Z,0.0,56.125,84.125,NaN,NaN
2012-07-01T12:00:00Z,0.0,56.125,88.125,NaN,NaN
2012-07-01T12:00:00Z,0.0,56.125,92.125,NaN,NaN
2012-07-01T12:00:00Z,0.0,56.125,96.125,NaN,NaN
2012-07-01T12:00:00Z,0.0,56.125,100.125,NaN,NaN
2012-07-01T12:00:00Z,0.0,56.125,104.125,NaN,NaN
2012-07-01T12:00:00Z,0.0,56.125,108.125,NaN,NaN
2012-07-01T12:00:00Z,0.0,56.125,112.125,NaN,NaN
2012-07-01T12:00:00Z,0.0,56.125,116.125,NaN,NaN
2012-07-01T12:00:00Z,0.0,56.125,120.125,NaN,NaN
2012-07-01T12:00:00Z,0.0,56.125,124.125,NaN,NaN
2012-07-01T12:00:00Z,0.0,56.125,128.125,NaN,NaN
2012-07-01T12:00:00Z,0.0,56.125,132.125,NaN,NaN
2012-07-01T12:00:00Z,0.0,56.125,136.125,NaN,NaN
2012-07-01T12:00:00Z,0.0,56.125,140.125,11.02,2.95
2012-07-01T12:00:00Z,0.0,56.125,144.125,7.78,0.21
2012-07-01T12:00:00Z,0.0,56.125,148.125,8.03,0.82
2012-07-01T12:00:00Z,0.0,56.125,152.125,7.83,0.47
2012-07-01T12:00:00Z,0.0,56.125,156.125,NaN,NaN
2012-07-01T12:00:00Z,0.0,56.125,160.125,NaN,NaN
2012-07-01T12:00:00Z,0.0,56.125,164.125,6.81,-0.58
2012-07-01T12:00:00Z,0.0,56.125,168.125,6.69,-0.05
2012-07-01T12:00:00Z,0.0,56.125,172.125,5.39,-1.0
2012-07-01T12:00:00Z,0.0,56.125,176.125,5.5,-0.71
2012-07-01T12:00:00Z,0.0,56.125,180.125,5.61,-0.66
2012-07-01T12:00:00Z,0.0,56.125,184.125,6.09,-0.63
2012-07-01T12:00:00Z,0.0,56.125,188.125,5.93,-1.03
2012-07-01T12:00:00Z,0.0,56.125,192.125,6.87,0.0
2012-07-01T12:00:00Z,0.0,56.125,196.125,5.41,-1.88
2012-07-01T12:00:00Z,0.0,56.125,200.125,NaN,NaN
2012-07-01T12:00:00Z,0.0,56.125,204.125,9.37,0.1
2012-07-01T12:00:00Z,0.0,56.125,208.125,10.2,0.62
2012-07-01T12:00:00Z,0.0,56.125,212.125,9.78,-0.03
2012-07-01T12:00:00Z,0.0,56.125,216.125,9.1,-1.02
2012-07-01T12:00:00Z,0.0,56.125,220.125,9.67,-1.16
2012-07-01T12:00:00Z,0.0,56.125,224.125,10.29,-0.88
2012-07-01T12:00:00Z,0.0,56.125,228.125,NaN,NaN
2012-07-01T12:00:00Z,0.0,56.125,232.125,NaN,NaN
2012-07-01T12:00:00Z,0.0,56.125,236.125,NaN,NaN
2012-07-01T12:00:00Z,0.0,56.125,240.125,NaN,NaN
2012-07-01T12:00:00Z,0.0,56.125,244.125,NaN,NaN
2012-07-01T12:00:00Z,0.0,56.125,248.125,NaN,NaN
2012-07-01T12:00:00Z,0.0,56.125,252.125,NaN,NaN
2012-07-01T12:00:00Z,0.0,56.125,256.125,NaN,NaN
2012-07-01T12:00:00Z,0.0,56.125,260.125,NaN,NaN
2012-07-01T12:00:00Z,0.0,56.125,264.125,NaN,NaN
2012-07-01T12:00:00Z,0.0,56.125,268.125,NaN,NaN
2012-07-01T12:00:00Z,0.0,56.125,272.125,NaN,NaN
2012-07-01T12:00:00Z,0.0,56.125,276.125,-0.64,-1.23
2012-07-01T12:00:00Z,0.0,56.125,280.125,0.3,-1.37
2012-07-01T12:00:00Z,0.0,56.125,284.125,NaN,NaN
2012-07-01T12:00:00Z,0.0,56.125,288.125,NaN,NaN
2012-07-01T12:00:00Z,0.0,56.125,292.125,NaN,NaN
2012-07-01T12:00:00Z,0.0,56.125,296.125,NaN,NaN
2012-07-01T12:00:00Z,0.0,56.125,300.125,4.75,2.3
2012-07-01T12:00:00Z,0.0,56.125,304.125,6.64,2.07
2012-07-01T12:00:00Z,0.0,56.125,308.125,8.4,2.89
2012-07-01T12:00:00Z,0.0,56.125,312.125,8.78,2.45
2012-07-01T12:00:00Z,0.0,56.125,316.125,8.39,1.78
2012-07-01T12:00:00Z,0.0,56.125,320.125,8.98,1.6
2012-07-01T12:00:00Z,0.0,56.125,324.125,12.1,3.54
2012-07-01T12:00:00Z,0.0,56.125,328.125,13.26,3.47
2012-07-01T12:00:00Z,0.0,56.125,332.125,13.74,2.9
2012-07-01T12:00:00Z,0.0,56.125,336.125,13.32,1.6
2012-07-01T12:00:00Z,0.0,56.125,340.125,12.92,0.66
2012-07-01T12:00:00Z,0.0,56.125,344.125,12.16,-0.2
2012-07-01T12:00:00Z,0.0,56.125,348.125,12.37,-0.27
2012-07-01T12:00:00Z,0.0,56.125,352.125,11.82,-0.73
2012-07-01T12:00:00Z,0.0,56.125,356.125,NaN,NaN
2012-07-01T12:00:00Z,0.0,60.125,0.125,11.93,0.66
2012-07-01T12:00:00Z,0.0,60.125,4.125,12.28,0.04
2012-07-01T12:00:00Z,0.0,60.125,8.125,NaN,NaN
2012-07-01T12:00:00Z,0.0,60.125,12.125,NaN,NaN
2012-07-01T12:00:00Z,0.0,60.125,16.125,NaN,NaN
2012-07-01T12:00:00Z,0.0,60.125,20.125,NaN,NaN
2012-07-01T12:00:00Z,0.0,60.125,24.125,NaN,NaN
2012-07-01T12:00:00Z,0.0,60.125,28.125,14.17,3.29
2012-07-01T12:00:00Z,0.0,60.125,32.125,NaN,NaN
2012-07-01T12:00:00Z,0.0,60.125,36.125,NaN,NaN
2012-07-01T12:00:00Z,0.0,60.125,40.125,NaN,NaN
2012-07-01T12:00:00Z,0.0,60.125,44.125,NaN,NaN
2012-07-01T12:00:00Z,0.0,60.125,48.125,NaN,NaN
2012-07-01T12:00:00Z,0.0,60.125,52.125,NaN,NaN
2012-07-01T12:00:00Z,0.0,60.125,56.125,NaN,NaN
2012-07-01T12:00:00Z,0.0,60.125,60.125,NaN,NaN
2012-07-01T12:00:00Z,0.0,60.125,64.125,NaN,NaN
2012-07-01T12:00:00Z,0.0,60.125,68.125,NaN,NaN
2012-07-01T12:00:00Z,0.0,60.125,72.125,NaN,NaN
2012-07-01T12:00:00Z,0.0,60.125,76.125,NaN,NaN
2012-07-01T12:00:00Z,0.0,60.125,80.125,NaN,NaN
2012-07-01T12:00:00Z,0.0,60.125,84.125,NaN,NaN
2012-07-01T12:00:00Z,0.0,60.125,88.125,NaN,NaN
2012-07-01T12:00:00Z,0.0,60.125,92.125,NaN,NaN
2012-07-01T12:00:00Z,0.0,60.125,96.125,NaN,NaN
2012-07-01T12:00:00Z,0.0,60.125,100.125,NaN,NaN
2012-07-01T12:00:00Z,0.0,60.125,104.125,NaN,NaN
2012-07-01T12:00:00Z,0.0,60.125,108.125,NaN,NaN
2012-07-01T12:00:00Z,0.0,60.125,112.125,NaN,NaN
2012-07-01T12:00:00Z,0.0,60.125,116.125,NaN,NaN
2012-07-01T12:00:00Z,0.0,60.125,120.125,NaN,NaN
2012-07-01T12:00:00Z,0.0,60.125,124.125,NaN,NaN
2012-07-01T12:00:00Z,0.0,60.125,128.125,NaN,NaN
2012-07-01T12:00:00Z,0.0,60.125,132.125,NaN,NaN
2012-07-01T12:00:00Z,0.0,60.125,136.125,NaN,NaN
2012-07-01T12:00:00Z,0.0,60.125,140.125,NaN,NaN
2012-07-01T12:00:00Z,0.0,60.125,144.125,NaN,NaN
2012-07-01T12:00:00Z,0.0,60.125,148.125,NaN,NaN
2012-07-01T12:00:00Z,0.0,60.125,152.125,NaN,NaN
2012-07-01T12:00:00Z,0.0,60.125,156.125,10.72,4.23
2012-07-01T12:00:00Z,0.0,60.125,160.125,5.97,-0.49
2012-07-01T12:00:00Z,0.0,60.125,164.125,NaN,NaN
2012-07-01T12:00:00Z,0.0,60.125,168.125,6.62,-0.2
2012-07-01T12:00:00Z,0.0,60.125,172.125,4.14,-2.11
2012-07-01T12:00:00Z,0.0,60.125,176.125,3.96,-1.99
2012-07-01T12:00:00Z,0.0,60.125,180.125,3.89,-1.71
2012-07-01T12:00:00Z,0.0,60.125,184.125,4.73,-0.69
2012-07-01T12:00:00Z,0.0,60.125,188.125,2.08,-3.03
2012-07-01T12:00:00Z,0.0,60.125,192.125,3.72,-1.79
2012-07-01T12:00:00Z,0.0,60.125,196.125,NaN,NaN
2012-07-01T12:00:00Z,0.0,60.125,200.125,NaN,NaN
2012-07-01T12:00:00Z,0.0,60.125,204.125,NaN,NaN
2012-07-01T12:00:00Z,0.0,60.125,208.125,9.26,0.04
2012-07-01T12:00:00Z,0.0,60.125,212.125,NaN,NaN
2012-07-01T12:00:00Z,0.0,60.125,216.125,NaN,NaN
2012-07-01T12:00:00Z,0.0,60.125,220.125,NaN,NaN
2012-07-01T12:00:00Z,0.0,60.125,224.125,NaN,NaN
2012-07-01T12:00:00Z,0.0,60.125,228.125,NaN,NaN
2012-07-01T12:00:00Z,0.0,60.125,232.125,NaN,NaN
2012-07-01T12:00:00Z,0.0,60.125,236.125,NaN,NaN
2012-07-01T12:00:00Z,0.0,60.125,240.125,NaN,NaN
2012-07-01T12:00:00Z,0.0,60.125,244.125,NaN,NaN
2012-07-01T12:00:00Z,0.0,60.125,248.125,NaN,NaN
2012-07-01T12:00:00Z,0.0,60.125,252.125,NaN,NaN
2012-07-01T12:00:00Z,0.0,60.125,256.125,NaN,NaN
2012-07-01T12:00:00Z,0.0,60.125,260.125,NaN,NaN
2012-07-01T12:00:00Z,0.0,60.125,264.125,NaN,NaN
2012-07-01T12:00:00Z,0.0,60.125,268.125,1.18,-0.55
2012-07-01T12:00:00Z,0.0,60.125,272.125,0.49,-0.41
2012-07-01T12:00:00Z,0.0,60.125,276.125,0.18,-0.99
2012-07-01T12:00:00Z,0.0,60.125,280.125,0.54,-1.81
2012-07-01T12:00:00Z,0.0,60.125,284.125,NaN,NaN
2012-07-01T12:00:00Z,0.0,60.125,288.125,NaN,NaN
2012-07-01T12:00:00Z,0.0,60.125,292.125,1.14,0.27
2012-07-01T12:00:00Z,0.0,60.125,296.125,1.06,-0.3
2012-07-01T12:00:00Z,0.0,60.125,300.125,5.46,1.8
2012-07-01T12:00:00Z,0.0,60.125,304.125,6.73,1.84
2012-07-01T12:00:00Z,0.0,60.125,308.125,7.45,2.83
2012-07-01T12:00:00Z,0.0,60.125,312.125,7.07,2.89
2012-07-01T12:00:00Z,0.0,60.125,316.125,NaN,NaN
2012-07-01T12:00:00Z,0.0,60.125,320.125,9.24,2.35
2012-07-01T12:00:00Z,0.0,60.125,324.125,10.76,2.98
2012-07-01T12:00:00Z,0.0,60.125,328.125,11.42,2.87
2012-07-01T12:00:00Z,0.0,60.125,332.125,12.03,2.48
2012-07-01T12:00:00Z,0.0,60.125,336.125,12.68,2.28
2012-07-01T12:00:00Z,0.0,60.125,340.125,12.74,1.92
2012-07-01T12:00:00Z,0.0,60.125,344.125,11.36,0.4
2012-07-01T12:00:00Z,0.0,60.125,348.125,10.86,-0.22
2012-07-01T12:00:00Z,0.0,60.125,352.125,10.97,0.05
2012-07-01T12:00:00Z,0.0,60.125,356.125,11.24,0.44
2012-07-01T12:00:00Z,0.0,64.125,0.125,9.53,-0.24
2012-07-01T12:00:00Z,0.0,64.125,4.125,10.84,0.21
2012-07-01T12:00:00Z,0.0,64.125,8.125,11.29,0.25
2012-07-01T12:00:00Z,0.0,64.125,12.125,NaN,NaN
2012-07-01T12:00:00Z,0.0,64.125,16.125,NaN,NaN
2012-07-01T12:00:00Z,0.0,64.125,20.125,NaN,NaN
2012-07-01T12:00:00Z,0.0,64.125,24.125,NaN,NaN
2012-07-01T12:00:00Z,0.0,64.125,28.125,NaN,NaN
2012-07-01T12:00:00Z,0.0,64.125,32.125,NaN,NaN
2012-07-01T12:00:00Z,0.0,64.125,36.125,NaN,NaN
2012-07-01T12:00:00Z,0.0,64.125,40.125,NaN,NaN
2012-07-01T12:00:00Z,0.0,64.125,44.125,NaN,NaN
2012-07-01T12:00:00Z,0.0,64.125,48.125,NaN,NaN
2012-07-01T12:00:00Z,0.0,64.125,52.125,NaN,NaN
2012-07-01T12:00:00Z,0.0,64.125,56.125,NaN,NaN
2012-07-01T12:00:00Z,0.0,64.125,60.125,NaN,NaN
2012-07-01T12:00:00Z,0.0,64.125,64.125,NaN,NaN
2012-07-01T12:00:00Z,0.0,64.125,68.125,NaN,NaN
2012-07-01T12:00:00Z,0.0,64.125,72.125,NaN,NaN
2012-07-01T12:00:00Z,0.0,64.125,76.125,NaN,NaN
2012-07-01T12:00:00Z,0.0,64.125,80.125,NaN,NaN
2012-07-01T12:00:00Z,0.0,64.125,84.125,NaN,NaN
2012-07-01T12:00:00Z,0.0,64.125,88.125,NaN,NaN
2012-07-01T12:00:00Z,0.0,64.125,92.125,NaN,NaN
2012-07-01T12:00:00Z,0.0,64.125,96.125,NaN,NaN
2012-07-01T12:00:00Z,0.0,64.125,100.125,NaN,NaN
2012-07-01T12:00:00Z,0.0,64.125,104.125,NaN,NaN
2012-07-01T12:00:00Z,0.0,64.125,108.125,NaN,NaN
2012-07-01T12:00:00Z,0.0,64.125,112.125,NaN,NaN
2012-07-01T12:00:00Z,0.0,64.125,116.125,NaN,NaN
2012-07-01T12:00:00Z,0.0,64.125,120.125,NaN,NaN
2012-07-01T12:00:00Z,0.0,64.125,124.125,NaN,NaN
2012-07-01T12:00:00Z,0.0,64.125,128.125,NaN,NaN
2012-07-01T12:00:00Z,0.0,64.125,132.125,NaN,NaN
2012-07-01T12:00:00Z,0.0,64.125,136.125,NaN,NaN
2012-07-01T12:00:00Z,0.0,64.125,140.125,NaN,NaN
2012-07-01T12:00:00Z,0.0,64.125,144.125,NaN,NaN
2012-07-01T12:00:00Z,0.0,64.125,148.125,NaN,NaN
2012-07-01T12:00:00Z,0.0,64.125,152.125,NaN,NaN
2012-07-01T12:00:00Z,0.0,64.125,156.125,NaN,NaN
2012-07-01T12:00:00Z,0.0,64.125,160.125,NaN,NaN
2012-07-01T12:00:00Z,0.0,64.125,164.125,NaN,NaN
2012-07-01T12:00:00Z,0.0,64.125,168.125,NaN,NaN
2012-07-01T12:00:00Z,0.0,64.125,172.125,NaN,NaN
2012-07-01T12:00:00Z,0.0,64.125,176.125,NaN,NaN
2012-07-01T12:00:00Z,0.0,64.125,180.125,3.39,-1.6
2012-07-01T12:00:00Z,0.0,64.125,184.125,3.97,-1.17
2012-07-01T12:00:00Z,0.0,64.125,188.125,3.4,-1.07
2012-07-01T12:00:00Z,0.0,64.125,192.125,3.93,-1.22
2012-07-01T12:00:00Z,0.0,64.125,196.125,8.95,1.81
2012-07-01T12:00:00Z,0.0,64.125,200.125,NaN,NaN
2012-07-01T12:00:00Z,0.0,64.125,204.125,NaN,NaN
2012-07-01T12:00:00Z,0.0,64.125,208.125,NaN,NaN
2012-07-01T12:00:00Z,0.0,64.125,212.125,NaN,NaN
2012-07-01T12:00:00Z,0.0,64.125,216.125,NaN,NaN
2012-07-01T12:00:00Z,0.0,64.125,220.125,NaN,NaN
2012-07-01T12:00:00Z,0.0,64.125,224.125,NaN,NaN
2012-07-01T12:00:00Z,0.0,64.125,228.125,NaN,NaN
2012-07-01T12:00:00Z,0.0,64.125,232.125,NaN,NaN
2012-07-01T12:00:00Z,0.0,64.125,236.125,NaN,NaN
2012-07-01T12:00:00Z,0.0,64.125,240.125,NaN,NaN
2012-07-01T12:00:00Z,0.0,64.125,244.125,NaN,NaN
2012-07-01T12:00:00Z,0.0,64.125,248.125,NaN,NaN
2012-07-01T12:00:00Z,0.0,64.125,252.125,NaN,NaN
2012-07-01T12:00:00Z,0.0,64.125,256.125,NaN,NaN
2012-07-01T12:00:00Z,0.0,64.125,260.125,NaN,NaN
2012-07-01T12:00:00Z,0.0,64.125,264.125,NaN,NaN
2012-07-01T12:00:00Z,0.0,64.125,268.125,NaN,NaN
2012-07-01T12:00:00Z,0.0,64.125,272.125,0.97,-1.41
2012-07-01T12:00:00Z,0.0,64.125,276.125,NaN,NaN
2012-07-01T12:00:00Z,0.0,64.125,280.125,1.04,0.49
2012-07-01T12:00:00Z,0.0,64.125,284.125,1.61,0.83
2012-07-01T12:00:00Z,0.0,64.125,288.125,NaN,NaN
2012-07-01T12:00:00Z,0.0,64.125,292.125,NaN,NaN
2012-07-01T12:00:00Z,0.0,64.125,296.125,-0.59,-1.18
2012-07-01T12:00:00Z,0.0,64.125,300.125,4.22,1.96
2012-07-01T12:00:00Z,0.0,64.125,304.125,8.07,4.51
2012-07-01T12:00:00Z,0.0,64.125,308.125,8.33,5.06
2012-07-01T12:00:00Z,0.0,64.125,312.125,NaN,NaN
2012-07-01T12:00:00Z,0.0,64.125,316.125,NaN,NaN
2012-07-01T12:00:00Z,0.0,64.125,320.125,2.5,-1.39
2012-07-01T12:00:00Z,0.0,64.125,324.125,6.17,-0.06
2012-07-01T12:00:00Z,0.0,64.125,328.125,10.91,2.73
2012-07-01T12:00:00Z,0.0,64.125,332.125,11.92,2.99
2012-07-01T12:00:00Z,0.0,64.125,336.125,12.77,3.53
2012-07-01T12:00:00Z,0.0,64.125,340.125,NaN,NaN
2012-07-01T12:00:00Z,0.0,64.125,344.125,9.96,0.64
2012-07-01T12:00:00Z,0.0,64.125,348.125,7.74,-0.54
2012-07-01T12:00:00Z,0.0,64.125,352.125,7.0,-1.02
2012-07-01T12:00:00Z,0.0,64.125,356.125,7.64,-0.94
2012-07-01T12:00:00Z,0.0,68.125,0.125,9.57,1.29
2012-07-01T12:00:00Z,0.0,68.125,4.125,9.91,1.12
2012-07-01T12:00:00Z,0.0,68.125,8.125,9.99,0.61
2012-07-01T12:00:00Z,0.0,68.125,12.125,9.95,0.1
2012-07-01T12:00:00Z,0.0,68.125,16.125,9.88,0.4
2012-07-01T12:00:00Z,0.0,68.125,20.125,NaN,NaN
2012-07-01T12:00:00Z,0.0,68.125,24.125,NaN,NaN
2012-07-01T12:00:00Z,0.0,68.125,28.125,NaN,NaN
2012-07-01T12:00:00Z,0.0,68.125,32.125,NaN,NaN
2012-07-01T12:00:00Z,0.0,68.125,36.125,NaN,NaN
2012-07-01T12:00:00Z,0.0,68.125,40.125,6.03,0.39
2012-07-01T12:00:00Z,0.0,68.125,44.125,7.33,2.56
2012-07-01T12:00:00Z,0.0,68.125,48.125,4.39,0.21
2012-07-01T12:00:00Z,0.0,68.125,52.125,NaN,NaN
2012-07-01T12:00:00Z,0.0,68.125,56.125,NaN,NaN
2012-07-01T12:00:00Z,0.0,68.125,60.125,NaN,NaN
2012-07-01T12:00:00Z,0.0,68.125,64.125,NaN,NaN
2012-07-01T12:00:00Z,0.0,68.125,68.125,NaN,NaN
2012-07-01T12:00:00Z,0.0,68.125,72.125,NaN,NaN
2012-07-01T12:00:00Z,0.0,68.125,76.125,NaN,NaN
2012-07-01T12:00:00Z,0.0,68.125,80.125,NaN,NaN
2012-07-01T12:00:00Z,0.0,68.125,84.125,NaN,NaN
2012-07-01T12:00:00Z,0.0,68.125,88.125,NaN,NaN
2012-07-01T12:00:00Z,0.0,68.125,92.125,NaN,NaN
2012-07-01T12:00:00Z,0.0,68.125,96.125,NaN,NaN
2012-07-01T12:00:00Z,0.0,68.125,100.125,NaN,NaN
2012-07-01T12:00:00Z,0.0,68.125,104.125,NaN,NaN
2012-07-01T12:00:00Z,0.0,68.125,108.125,NaN,NaN
2012-07-01T12:00:00Z,0.0,68.125,112.125,NaN,NaN
2012-07-01T12:00:00Z,0.0,68.125,116.125,NaN,NaN
2012-07-01T12:00:00Z,0.0,68.125,120.125,NaN,NaN
2012-07-01T12:00:00Z,0.0,68.125,124.125,NaN,NaN
2012-07-01T12:00:00Z,0.0,68.125,128.125,NaN,NaN
2012-07-01T12:00:00Z,0.0,68.125,132.125,NaN,NaN
2012-07-01T12:00:00Z,0.0,68.125,136.125,NaN,NaN
2012-07-01T12:00:00Z,0.0,68.125,140.125,NaN,NaN
2012-07-01T12:00:00Z,0.0,68.125,144.125,NaN,NaN
2012-07-01T12:00:00Z,0.0,68.125,148.125,NaN,NaN
2012-07-01T12:00:00Z,0.0,68.125,152.125,NaN,NaN
2012-07-01T12:00:00Z,0.0,68.125,156.125,NaN,NaN
2012-07-01T12:00:00Z,0.0,68.125,160.125,NaN,NaN
2012-07-01T12:00:00Z,0.0,68.125,164.125,NaN,NaN
2012-07-01T12:00:00Z,0.0,68.125,168.125,NaN,NaN
2012-07-01T12:00:00Z,0.0,68.125,172.125,NaN,NaN
2012-07-01T12:00:00Z,0.0,68.125,176.125,NaN,NaN
2012-07-01T12:00:00Z,0.0,68.125,180.125,NaN,NaN
2012-07-01T12:00:00Z,0.0,68.125,184.125,0.12,-1.15
2012-07-01T12:00:00Z,0.0,68.125,188.125,3.07,0.64
2012-07-01T12:00:00Z,0.0,68.125,192.125,2.07,-1.14
2012-07-01T12:00:00Z,0.0,68.125,196.125,NaN,NaN
2012-07-01T12:00:00Z,0.0,68.125,200.125,NaN,NaN
2012-07-01T12:00:00Z,0.0,68.125,204.125,NaN,NaN
2012-07-01T12:00:00Z,0.0,68.125,208.125,NaN,NaN
2012-07-01T12:00:00Z,0.0,68.125,212.125,NaN,NaN
2012-07-01T12:00:00Z,0.0,68.125,216.125,NaN,NaN
2012-07-01T12:00:00Z,0.0,68.125,220.125,NaN,NaN
2012-07-01T12:00:00Z,0.0,68.125,224.125,NaN,NaN
2012-07-01T12:00:00Z,0.0,68.125,228.125,NaN,NaN
2012-07-01T12:00:00Z,0.0,68.125,232.125,NaN,NaN
2012-07-01T12:00:00Z,0.0,68.125,236.125,NaN,NaN
2012-07-01T12:00:00Z,0.0,68.125,240.125,NaN,NaN
2012-07-01T12:00:00Z,0.0,68.125,244.125,NaN,NaN
2012-07-01T12:00:00Z,0.0,68.125,248.125,0.72,0.29
2012-07-01T12:00:00Z,0.0,68.125,252.125,0.76,0.87
2012-07-01T12:00:00Z,0.0,68.125,256.125,-0.77,-0.84
2012-07-01T12:00:00Z,0.0,68.125,260.125,-0.49,-0.46
2012-07-01T12:00:00Z,0.0,68.125,264.125,-0.24,0.05
2012-07-01T12:00:00Z,0.0,68.125,268.125,NaN,NaN
2012-07-01T12:00:00Z,0.0,68.125,272.125,-1.44,-0.15
2012-07-01T12:00:00Z,0.0,68.125,276.125,NaN,NaN
2012-07-01T12:00:00Z,0.0,68.125,280.125,-1.72,-1.37
2012-07-01T12:00:00Z,0.0,68.125,284.125,NaN,NaN
2012-07-01T12:00:00Z,0.0,68.125,288.125,NaN,NaN
2012-07-01T12:00:00Z,0.0,68.125,292.125,NaN,NaN
2012-07-01T12:00:00Z,0.0,68.125,296.125,0.14,0.39
2012-07-01T12:00:00Z,0.0,68.125,300.125,1.73,1.41
2012-07-01T12:00:00Z,0.0,68.125,304.125,7.07,3.64
2012-07-01T12:00:00Z,0.0,68.125,308.125,NaN,NaN
2012-07-01T12:00:00Z,0.0,68.125,312.125,NaN,NaN
2012-07-01T12:00:00Z,0.0,68.125,316.125,NaN,NaN
2012-07-01T12:00:00Z,0.0,68.125,320.125,NaN,NaN
2012-07-01T12:00:00Z,0.0,68.125,324.125,NaN,NaN
2012-07-01T12:00:00Z,0.0,68.125,328.125,-0.3,-1.34
2012-07-01T12:00:00Z,0.0,68.125,332.125,0.63,-1.03
2012-07-01T12:00:00Z,0.0,68.125,336.125,1.23,-1.73
2012-07-01T12:00:00Z,0.0,68.125,340.125,3.3,-0.88
2012-07-01T12:00:00Z,0.0,68.125,344.125,5.9,1.63
2012-07-01T12:00:00Z,0.0,68.125,348.125,6.0,1.72
2012-07-01T12:00:00Z,0.0,68.125,352.125,5.64,0.24
2012-07-01T12:00:00Z,0.0,68.125,356.125,7.58,0.35
2012-07-01T12:00:00Z,0.0,72.125,0.125,5.25,-0.05
2012-07-01T12:00:00Z,0.0,72.125,4.125,6.52,0.54
2012-07-01T12:00:00Z,0.0,72.125,8.125,6.32,-0.52
2012-07-01T12:00:00Z,0.0,72.125,12.125,7.27,-0.09
2012-07-01T12:00:00Z,0.0,72.125,16.125,7.99,0.24
2012-07-01T12:00:00Z,0.0,72.125,20.125,7.96,0.46
2012-07-01T12:00:00Z,0.0,72.125,24.125,7.98,0.57
2012-07-01T12:00:00Z,0.0,72.125,28.125,7.57,0.5
2012-07-01T12:00:00Z,0.0,72.125,32.125,6.92,0.49
2012-07-01T12:00:00Z,0.0,72.125,36.125,5.91,-0.05
2012-07-01T12:00:00Z,0.0,72.125,40.125,6.3,1.01
2012-07-01T12:00:00Z,0.0,72.125,44.125,6.65,1.96
2012-07-01T12:00:00Z,0.0,72.125,48.125,6.53,2.36
2012-07-01T12:00:00Z,0.0,72.125,52.125,5.17,1.7
2012-07-01T12:00:00Z,0.0,72.125,56.125,4.23,2.64
2012-07-01T12:00:00Z,0.0,72.125,60.125,5.01,4.49
2012-07-01T12:00:00Z,0.0,72.125,64.125,5.3,4.8
2012-07-01T12:00:00Z,0.0,72.125,68.125,6.4,5.1
2012-07-01T12:00:00Z,0.0,72.125,72.125,NaN,NaN
2012-07-01T12:00:00Z,0.0,72.125,76.125,1.34,0.83
2012-07-01T12:00:00Z,0.0,72.125,80.125,NaN,NaN
2012-07-01T12:00:00Z,0.0,72.125,84.125,NaN,NaN
2012-07-01T12:00:00Z,0.0,72.125,88.125,NaN,NaN
2012-07-01T12:00:00Z,0.0,72.125,92.125,NaN,NaN
2012-07-01T12:00:00Z,0.0,72.125,96.125,NaN,NaN
2012-07-01T12:00:00Z,0.0,72.125,100.125,NaN,NaN
2012-07-01T12:00:00Z,0.0,72.125,104.125,NaN,NaN
2012-07-01T12:00:00Z,0.0,72.125,108.125,NaN,NaN
2012-07-01T12:00:00Z,0.0,72.125,112.125,NaN,NaN
2012-07-01T12:00:00Z,0.0,72.125,116.125,NaN,NaN
2012-07-01T12:00:00Z,0.0,72.125,120.125,NaN,NaN
2012-07-01T12:00:00Z,0.0,72.125,124.125,NaN,NaN
2012-07-01T12:00:00Z,0.0,72.125,128.125,NaN,NaN
2012-07-01T12:00:00Z,0.0,72.125,132.125,0.15,-0.61
2012-07-01T12:00:00Z,0.0,72.125,136.125,-0.54,-1.06
2012-07-01T12:00:00Z,0.0,72.125,140.125,NaN,NaN
2012-07-01T12:00:00Z,0.0,72.125,144.125,NaN,NaN
2012-07-01T12:00:00Z,0.0,72.125,148.125,NaN,NaN
2012-07-01T12:00:00Z,0.0,72.125,152.125,-1.19,-1.72
2012-07-01T12:00:00Z,0.0,72.125,156.125,-1.16,-1.53
2012-07-01T12:00:00Z,0.0,72.125,160.125,-1.07,-0.92
2012-07-01T12:00:00Z,0.0,72.125,164.125,-1.03,-0.39
2012-07-01T12:00:00Z,0.0,72.125,168.125,-1.05,-0.17
2012-07-01T12:00:00Z,0.0,72.125,172.125,-1.16,-0.21
2012-07-01T12:00:00Z,0.0,72.125,176.125,-0.94,0.0
2012-07-01T12:00:00Z,0.0,72.125,180.125,-0.66,0.36
2012-07-01T12:00:00Z,0.0,72.125,184.125,-1.43,-0.23
2012-07-01T12:00:00Z,0.0,72.125,188.125,-1.42,-0.31
2012-07-01T12:00:00Z,0.0,72.125,192.125,-0.89,0.1
2012-07-01T12:00:00Z,0.0,72.125,196.125,-0.76,-0.07
2012-07-01T12:00:00Z,0.0,72.125,200.125,-0.93,-0.11
2012-07-01T12:00:00Z,0.0,72.125,204.125,-0.87,-0.01
2012-07-01T12:00:00Z,0.0,72.125,208.125,-0.81,0.01
2012-07-01T12:00:00Z,0.0,72.125,212.125,-0.6,0.24
2012-07-01T12:00:00Z,0.0,72.125,216.125,0.02,0.63
2012-07-01T12:00:00Z,0.0,72.125,220.125,2.66,3.03
2012-07-01T12:00:00Z,0.0,72.125,224.125,4.33,4.42
2012-07-01T12:00:00Z,0.0,72.125,228.125,4.28,3.48
2012-07-01T12:00:00Z,0.0,72.125,232.125,5.83,3.77
2012-07-01T12:00:00Z,0.0,72.125,236.125,NaN,NaN
2012-07-01T12:00:00Z,0.0,72.125,240.125,-0.19,-1.16
2012-07-01T12:00:00Z,0.0,72.125,244.125,NaN,NaN
2012-07-01T12:00:00Z,0.0,72.125,248.125,NaN,NaN
2012-07-01T12:00:00Z,0.0,72.125,252.125,0.05,0.64
2012-07-01T12:00:00Z,0.0,72.125,256.125,-0.65,-0.04
2012-07-01T12:00:00Z,0.0,72.125,260.125,NaN,NaN
2012-07-01T12:00:00Z,0.0,72.125,264.125,-0.71,0.0
2012-07-01T12:00:00Z,0.0,72.125,268.125,-0.79,-0.16
2012-07-01T12:00:00Z,0.0,72.125,272.125,NaN,NaN
2012-07-01T12:00:00Z,0.0,72.125,276.125,NaN,NaN
2012-07-01T12:00:00Z,0.0,72.125,280.125,NaN,NaN
2012-07-01T12:00:00Z,0.0,72.125,284.125,NaN,NaN
2012-07-01T12:00:00Z,0.0,72.125,288.125,1.96,1.71
2012-07-01T12:00:00Z,0.0,72.125,292.125,2.02,2.25
2012-07-01T12:00:00Z,0.0,72.125,296.125,0.45,0.94
2012-07-01T12:00:00Z,0.0,72.125,300.125,3.02,2.1
2012-07-01T12:00:00Z,0.0,72.125,304.125,5.38,2.83
2012-07-01T12:00:00Z,0.0,72.125,308.125,NaN,NaN
2012-07-01T12:00:00Z,0.0,72.125,312.125,NaN,NaN
2012-07-01T12:00:00Z,0.0,72.125,316.125,NaN,NaN
2012-07-01T12:00:00Z,0.0,72.125,320.125,NaN,NaN
2012-07-01T12:00:00Z,0.0,72.125,324.125,NaN,NaN
2012-07-01T12:00:00Z,0.0,72.125,328.125,NaN,NaN
2012-07-01T12:00:00Z,0.0,72.125,332.125,NaN,NaN
2012-07-01T12:00:00Z,0.0,72.125,336.125,NaN,NaN
2012-07-01T12:00:00Z,0.0,72.125,340.125,0.75,-0.48
2012-07-01T12:00:00Z,0.0,72.125,344.125,-0.45,-2.34
2012-07-01T12:00:00Z,0.0,72.125,348.125,1.5,-1.44
2012-07-01T12:00:00Z,0.0,72.125,352.125,2.76,-1.14
2012-07-01T12:00:00Z,0.0,72.125,356.125,3.18,-1.79
2012-07-01T12:00:00Z,0.0,76.125,0.125,2.22,-0.82
2012-07-01T12:00:00Z,0.0,76.125,4.125,3.66,-0.85
2012-07-01T12:00:00Z,0.0,76.125,8.125,5.31,-0.21
2012-07-01T12:00:00Z,0.0,76.125,12.125,6.11,1.05
2012-07-01T12:00:00Z,0.0,76.125,16.125,3.58,-0.44
2012-07-01T12:00:00Z,0.0,76.125,20.125,1.74,-0.79
2012-07-01T12:00:00Z,0.0,76.125,24.125,1.66,-1.07
2012-07-01T12:00:00Z,0.0,76.125,28.125,3.06,0.01
2012-07-01T12:00:00Z,0.0,76.125,32.125,3.58,0.62
2012-07-01T12:00:00Z,0.0,76.125,36.125,2.98,0.23
2012-07-01T12:00:00Z,0.0,76.125,40.125,1.79,-0.82
2012-07-01T12:00:00Z,0.0,76.125,44.125,2.85,0.13
2012-07-01T12:00:00Z,0.0,76.125,48.125,2.56,-0.04
2012-07-01T12:00:00Z,0.0,76.125,52.125,2.82,0.67
2012-07-01T12:00:00Z,0.0,76.125,56.125,0.1,-1.9
2012-07-01T12:00:00Z,0.0,76.125,60.125,1.83,0.79
2012-07-01T12:00:00Z,0.0,76.125,64.125,NaN,NaN
2012-07-01T12:00:00Z,0.0,76.125,68.125,2.03,1.96
2012-07-01T12:00:00Z,0.0,76.125,72.125,2.75,2.85
2012-07-01T12:00:00Z,0.0,76.125,76.125,2.01,2.39
2012-07-01T12:00:00Z,0.0,76.125,80.125,1.71,1.84
2012-07-01T12:00:00Z,0.0,76.125,84.125,1.84,1.71
2012-07-01T12:00:00Z,0.0,76.125,88.125,0.58,0.58
2012-07-01T12:00:00Z,0.0,76.125,92.125,-0.93,-0.46
2012-07-01T12:00:00Z,0.0,76.125,96.125,NaN,NaN
2012-07-01T12:00:00Z,0.0,76.125,100.125,NaN,NaN
2012-07-01T12:00:00Z,0.0,76.125,104.125,NaN,NaN
2012-07-01T12:00:00Z,0.0,76.125,108.125,NaN,NaN
2012-07-01T12:00:00Z,0.0,76.125,112.125,NaN,NaN
2012-07-01T12:00:00Z,0.0,76.125,116.125,-0.42,0.03
2012-07-01T12:00:00Z,0.0,76.125,120.125,-0.39,0.13
2012-07-01T12:00:00Z,0.0,76.125,124.125,-0.66,-0.36
2012-07-01T12:00:00Z,0.0,76.125,128.125,-1.19,-1.14
2012-07-01T12:00:00Z,0.0,76.125,132.125,1.12,1.18
2012-07-01T12:00:00Z,0.0,76.125,136.125,0.65,0.5
2012-07-01T12:00:00Z,0.0,76.125,140.125,-0.55,-0.7
2012-07-01T12:00:00Z,0.0,76.125,144.125,0.59,0.62
2012-07-01T12:00:00Z,0.0,76.125,148.125,1.49,1.79
2012-07-01T12:00:00Z,0.0,76.125,152.125,-0.01,0.78
2012-07-01T12:00:00Z,0.0,76.125,156.125,-0.74,0.23
2012-07-01T12:00:00Z,0.0,76.125,160.125,-1.0,0.31
2012-07-01T12:00:00Z,0.0,76.125,164.125,-0.9,0.68
2012-07-01T12:00:00Z,0.0,76.125,168.125,-0.92,0.77
2012-07-01T12:00:00Z,0.0,76.125,172.125,-0.82,0.9
2012-07-01T12:00:00Z,0.0,76.125,176.125,-0.81,0.92
2012-07-01T12:00:00Z,0.0,76.125,180.125,-0.71,1.02
2012-07-01T12:00:00Z,0.0,76.125,184.125,-0.65,1.09
2012-07-01T12:00:00Z,0.0,76.125,188.125,-1.08,0.65
2012-07-01T12:00:00Z,0.0,76.125,192.125,-1.16,0.58
2012-07-01T12:00:00Z,0.0,76.125,196.125,-1.11,0.63
2012-07-01T12:00:00Z,0.0,76.125,200.125,-0.86,0.87
2012-07-01T12:00:00Z,0.0,76.125,204.125,-0.47,1.25
2012-07-01T12:00:00Z,0.0,76.125,208.125,-0.56,1.15
2012-07-01T12:00:00Z,0.0,76.125,212.125,-0.23,1.47
2012-07-01T12:00:00Z,0.0,76.125,216.125,-0.15,1.53
2012-07-01T12:00:00Z,0.0,76.125,220.125,-0.02,1.65
2012-07-01T12:00:00Z,0.0,76.125,224.125,-0.28,1.39
2012-07-01T12:00:00Z,0.0,76.125,228.125,-0.2,1.47
2012-07-01T12:00:00Z,0.0,76.125,232.125,-0.03,1.33
2012-07-01T12:00:00Z,0.0,76.125,236.125,-0.31,0.33
2012-07-01T12:00:00Z,0.0,76.125,240.125,NaN,NaN
2012-07-01T12:00:00Z,0.0,76.125,244.125,NaN,NaN
2012-07-01T12:00:00Z,0.0,76.125,248.125,-0.87,-0.15
2012-07-01T12:00:00Z,0.0,76.125,252.125,-0.84,0.0
2012-07-01T12:00:00Z,0.0,76.125,256.125,NaN,NaN
2012-07-01T12:00:00Z,0.0,76.125,260.125,NaN,NaN
2012-07-01T12:00:00Z,0.0,76.125,264.125,0.33,0.72
2012-07-01T12:00:00Z,0.0,76.125,268.125,NaN,NaN
2012-07-01T12:00:00Z,0.0,76.125,272.125,-0.33,-0.45
2012-07-01T12:00:00Z,0.0,76.125,276.125,-0.6,-1.74
2012-07-01T12:00:00Z,0.0,76.125,280.125,1.4,-0.5
2012-07-01T12:00:00Z,0.0,76.125,284.125,3.99,2.1
2012-07-01T12:00:00Z,0.0,76.125,288.125,4.51,3.26
2012-07-01T12:00:00Z,0.0,76.125,292.125,NaN,NaN
2012-07-01T12:00:00Z,0.0,76.125,296.125,-0.25,-0.41
2012-07-01T12:00:00Z,0.0,76.125,300.125,NaN,NaN
2012-07-01T12:00:00Z,0.0,76.125,304.125,NaN,NaN
2012-07-01T12:00:00Z,0.0,76.125,308.125,NaN,NaN
2012-07-01T12:00:00Z,0.0,76.125,312.125,NaN,NaN
2012-07-01T12:00:00Z,0.0,76.125,316.125,NaN,NaN
2012-07-01T12:00:00Z,0.0,76.125,320.125,NaN,NaN
2012-07-01T12:00:00Z,0.0,76.125,324.125,NaN,NaN
2012-07-01T12:00:00Z,0.0,76.125,328.125,NaN,NaN
2012-07-01T12:00:00Z,0.0,76.125,332.125,NaN,NaN
2012-07-01T12:00:00Z,0.0,76.125,336.125,NaN,NaN
2012-07-01T12:00:00Z,0.0,76.125,340.125,NaN,NaN
2012-07-01T12:00:00Z,0.0,76.125,344.125,-0.42,0.11
2012-07-01T12:00:00Z,0.0,76.125,348.125,-0.3,-0.64
2012-07-01T12:00:00Z,0.0,76.125,352.125,0.14,-1.28
2012-07-01T12:00:00Z,0.0,76.125,356.125,1.77,-0.56
2012-07-01T12:00:00Z,0.0,80.125,0.125,-0.82,-0.96
2012-07-01T12:00:00Z,0.0,80.125,4.125,-0.42,-1.39
2012-07-01T12:00:00Z,0.0,80.125,8.125,1.69,0.23
2012-07-01T12:00:00Z,0.0,80.125,12.125,2.42,1.05
2012-07-01T12:00:00Z,0.0,80.125,16.125,1.1,0.25
2012-07-01T12:00:00Z,0.0,80.125,20.125,NaN,NaN
2012-07-01T12:00:00Z,0.0,80.125,24.125,NaN,NaN
2012-07-01T12:00:00Z,0.0,80.125,28.125,1.42,1.89
2012-07-01T12:00:00Z,0.0,80.125,32.125,0.56,1.09
2012-07-01T12:00:00Z,0.0,80.125,36.125,0.44,1.09
2012-07-01T12:00:00Z,0.0,80.125,40.125,0.3,0.9
2012-07-01T12:00:00Z,0.0,80.125,44.125,0.68,0.78
2012-07-01T12:00:00Z,0.0,80.125,48.125,-0.07,-0.46
2012-07-01T12:00:00Z,0.0,80.125,52.125,0.67,0.44
2012-07-01T12:00:00Z,0.0,80.125,56.125,NaN,NaN
2012-07-01T12:00:00Z,0.0,80.125,60.125,0.35,0.5
2012-07-01T12:00:00Z,0.0,80.125,64.125,-0.2,0.34
2012-07-01T12:00:00Z,0.0,80.125,68.125,-0.11,0.99
2012-07-01T12:00:00Z,0.0,80.125,72.125,0.71,2.14
2012-07-01T12:00:00Z,0.0,80.125,76.125,0.64,2.12
2012-07-01T12:00:00Z,0.0,80.125,80.125,0.77,2.3
2012-07-01T12:00:00Z,0.0,80.125,84.125,-0.13,1.4
2012-07-01T12:00:00Z,0.0,80.125,88.125,-1.37,-0.16
2012-07-01T12:00:00Z,0.0,80.125,92.125,-1.6,-0.87
2012-07-01T12:00:00Z,0.0,80.125,96.125,NaN,NaN
2012-07-01T12:00:00Z,0.0,80.125,100.125,-0.87,0.19
2012-07-01T12:00:00Z,0.0,80.125,104.125,-1.43,-0.33
2012-07-01T12:00:00Z,0.0,80.125,108.125,-1.46,-0.23
2012-07-01T12:00:00Z,0.0,80.125,112.125,-1.36,0.11
2012-07-01T12:00:00Z,0.0,80.125,116.125,-1.15,0.5
2012-07-01T12:00:00Z,0.0,80.125,120.125,-1.12,0.56
2012-07-01T12:00:00Z,0.0,80.125,124.125,-1.06,0.63
2012-07-01T12:00:00Z,0.0,80.125,128.125,-1.09,0.6
2012-07-01T12:00:00Z,0.0,80.125,132.125,-1.14,0.53
2012-07-01T12:00:00Z,0.0,80.125,136.125,-1.35,0.28
2012-07-01T12:00:00Z,0.0,80.125,140.125,-1.47,0.14
2012-07-01T12:00:00Z,0.0,80.125,144.125,-1.58,0.09
2012-07-01T12:00:00Z,0.0,80.125,148.125,-1.25,0.47
2012-07-01T12:00:00Z,0.0,80.125,152.125,-0.67,1.05
2012-07-01T12:00:00Z,0.0,80.125,156.125,-0.95,0.75
2012-07-01T12:00:00Z,0.0,80.125,160.125,-0.81,0.88
2012-07-01T12:00:00Z,0.0,80.125,164.125,-0.85,0.86
2012-07-01T12:00:00Z,0.0,80.125,168.125,-1.0,0.71
2012-07-01T12:00:00Z,0.0,80.125,172.125,-0.86,0.86
2012-07-01T12:00:00Z,0.0,80.125,176.125,-0.88,0.86
2012-07-01T12:00:00Z,0.0,80.125,180.125,-0.88,0.87
2012-07-01T12:00:00Z,0.0,80.125,184.125,-1.01,0.74
2012-07-01T12:00:00Z,0.0,80.125,188.125,-1.21,0.55
2012-07-01T12:00:00Z,0.0,80.125,192.125,-1.39,0.37
2012-07-01T12:00:00Z,0.0,80.125,196.125,-1.45,0.3
2012-07-01T12:00:00Z,0.0,80.125,200.125,-1.4,0.35
2012-07-01T12:00:00Z,0.0,80.125,204.125,-1.41,0.33
2012-07-01T12:00:00Z,0.0,80.125,208.125,-1.21,0.52
2012-07-01T12:00:00Z,0.0,80.125,212.125,-1.15,0.57
2012-07-01T12:00:00Z,0.0,80.125,216.125,-1.0,0.71
2012-07-01T12:00:00Z,0.0,80.125,220.125,-0.88,0.83
2012-07-01T12:00:00Z,0.0,80.125,224.125,-0.93,0.77
2012-07-01T12:00:00Z,0.0,80.125,228.125,-0.78,0.92
2012-07-01T12:00:00Z,0.0,80.125,232.125,-0.81,0.9
2012-07-01T12:00:00Z,0.0,80.125,236.125,-0.96,0.74
2012-07-01T12:00:00Z,0.0,80.125,240.125,-1.09,0.57
2012-07-01T12:00:00Z,0.0,80.125,244.125,-1.12,0.5
2012-07-01T12:00:00Z,0.0,80.125,248.125,-1.01,0.61
2012-07-01T12:00:00Z,0.0,80.125,252.125,-1.06,0.54
2012-07-01T12:00:00Z,0.0,80.125,256.125,-1.13,0.37
2012-07-01T12:00:00Z,0.0,80.125,260.125,-0.78,0.6
2012-07-01T12:00:00Z,0.0,80.125,264.125,NaN,NaN
2012-07-01T12:00:00Z,0.0,80.125,268.125,NaN,NaN
2012-07-01T12:00:00Z,0.0,80.125,272.125,NaN,NaN
2012-07-01T12:00:00Z,0.0,80.125,276.125,NaN,NaN
2012-07-01T12:00:00Z,0.0,80.125,280.125,NaN,NaN
2012-07-01T12:00:00Z,0.0,80.125,284.125,NaN,NaN
2012-07-01T12:00:00Z,0.0,80.125,288.125,NaN,NaN
2012-07-01T12:00:00Z,0.0,80.125,292.125,-0.78,0.39
2012-07-01T12:00:00Z,0.0,80.125,296.125,NaN,NaN
2012-07-01T12:00:00Z,0.0,80.125,300.125,NaN,NaN
2012-07-01T12:00:00Z,0.0,80.125,304.125,NaN,NaN
2012-07-01T12:00:00Z,0.0,80.125,308.125,NaN,NaN
2012-07-01T12:00:00Z,0.0,80.125,312.125,NaN,NaN
2012-07-01T12:00:00Z,0.0,80.125,316.125,NaN,NaN
2012-07-01T12:00:00Z,0.0,80.125,320.125,NaN,NaN
2012-07-01T12:00:00Z,0.0,80.125,324.125,NaN,NaN
2012-07-01T12:00:00Z,0.0,80.125,328.125,NaN,NaN
2012-07-01T12:00:00Z,0.0,80.125,332.125,NaN,NaN
2012-07-01T12:00:00Z,0.0,80.125,336.125,NaN,NaN
2012-07-01T12:00:00Z,0.0,80.125,340.125,NaN,NaN
2012-07-01T12:00:00Z,0.0,80.125,344.125,-0.68,-0.38
2012-07-01T12:00:00Z,0.0,80.125,348.125,0.44,0.62
2012-07-01T12:00:00Z,0.0,80.125,352.125,0.25,0.94
2012-07-01T12:00:00Z,0.0,80.125,356.125,-0.74,-0.17
2012-07-01T12:00:00Z,0.0,84.125,0.125,-1.58,0.1
2012-07-01T12:00:00Z,0.0,84.125,4.125,-1.56,0.12
2012-07-01T12:00:00Z,0.0,84.125,8.125,-1.54,0.13
2012-07-01T12:00:00Z,0.0,84.125,12.125,-1.51,0.15
2012-07-01T12:00:00Z,0.0,84.125,16.125,-1.58,0.06
2012-07-01T12:00:00Z,0.0,84.125,20.125,-1.58,0.07
2012-07-01T12:00:00Z,0.0,84.125,24.125,-1.61,0.06
2012-07-01T12:00:00Z,0.0,84.125,28.125,-1.64,0.04
2012-07-01T12:00:00Z,0.0,84.125,32.125,-1.69,0.01
2012-07-01T12:00:00Z,0.0,84.125,36.125,-1.67,0.03
2012-07-01T12:00:00Z,0.0,84.125,40.125,-1.7,0.01
2012-07-01T12:00:00Z,0.0,84.125,44.125,-1.73,-0.02
2012-07-01T12:00:00Z,0.0,84.125,48.125,-1.71,0.0
2012-07-01T12:00:00Z,0.0,84.125,52.125,-1.74,-0.05
2012-07-01T12:00:00Z,0.0,84.125,56.125,-1.71,-0.03
2012-07-01T12:00:00Z,0.0,84.125,60.125,-1.68,0.0
2012-07-01T12:00:00Z,0.0,84.125,64.125,-1.72,-0.05
2012-07-01T12:00:00Z,0.0,84.125,68.125,-1.72,-0.02
2012-07-01T12:00:00Z,0.0,84.125,72.125,-1.66,0.07
2012-07-01T12:00:00Z,0.0,84.125,76.125,-1.63,0.11
2012-07-01T12:00:00Z,0.0,84.125,80.125,-1.66,0.08
2012-07-01T12:00:00Z,0.0,84.125,84.125,-1.64,0.1
2012-07-01T12:00:00Z,0.0,84.125,88.125,-1.61,0.13
2012-07-01T12:00:00Z,0.0,84.125,92.125,-1.54,0.17
2012-07-01T12:00:00Z,0.0,84.125,96.125,-1.52,0.17
2012-07-01T12:00:00Z,0.0,84.125,100.125,-1.59,0.13
2012-07-01T12:00:00Z,0.0,84.125,104.125,-1.58,0.17
2012-07-01T12:00:00Z,0.0,84.125,108.125,-1.48,0.26
2012-07-01T12:00:00Z,0.0,84.125,112.125,-1.44,0.29
2012-07-01T12:00:00Z,0.0,84.125,116.125,-1.5,0.23
2012-07-01T12:00:00Z,0.0,84.125,120.125,-1.48,0.25
2012-07-01T12:00:00Z,0.0,84.125,124.125,-1.38,0.36
2012-07-01T12:00:00Z,0.0,84.125,128.125,-1.42,0.32
2012-07-01T12:00:00Z,0.0,84.125,132.125,-1.56,0.18
2012-07-01T12:00:00Z,0.0,84.125,136.125,-1.59,0.16
2012-07-01T12:00:00Z,0.0,84.125,140.125,-1.63,0.12
2012-07-01T12:00:00Z,0.0,84.125,144.125,-1.63,0.11
2012-07-01T12:00:00Z,0.0,84.125,148.125,-1.47,0.26
2012-07-01T12:00:00Z,0.0,84.125,152.125,-1.24,0.48
2012-07-01T12:00:00Z,0.0,84.125,156.125,-1.16,0.55
2012-07-01T12:00:00Z,0.0,84.125,160.125,-1.32,0.4
2012-07-01T12:00:00Z,0.0,84.125,164.125,-1.73,-0.01
2012-07-01T12:00:00Z,0.0,84.125,168.125,-1.75,-0.03
2012-07-01T12:00:00Z,0.0,84.125,172.125,-1.69,0.04
2012-07-01T12:00:00Z,0.0,84.125,176.125,-1.69,0.06
2012-07-01T12:00:00Z,0.0,84.125,180.125,-1.75,0.01
2012-07-01T12:00:00Z,0.0,84.125,184.125,-1.71,0.05
2012-07-01T12:00:00Z,0.0,84.125,188.125,-1.69,0.07
2012-07-01T12:00:00Z,0.0,84.125,192.125,-1.72,0.04
2012-07-01T12:00:00Z,0.0,84.125,196.125,-1.71,0.05
2012-07-01T12:00:00Z,0.0,84.125,200.125,-1.69,0.07
2012-07-01T12:00:00Z,0.0,84.125,204.125,-1.68,0.08
2012-07-01T12:00:00Z,0.0,84.125,208.125,-1.63,0.12
2012-07-01T12:00:00Z,0.0,84.125,212.125,-1.5,0.25
2012-07-01T12:00:00Z,0.0,84.125,216.125,-1.48,0.26
2012-07-01T12:00:00Z,0.0,84.125,220.125,-1.43,0.32
2012-07-01T12:00:00Z,0.0,84.125,224.125,-1.43,0.33
2012-07-01T12:00:00Z,0.0,84.125,228.125,-1.41,0.34
2012-07-01T12:00:00Z,0.0,84.125,232.125,-1.44,0.32
2012-07-01T12:00:00Z,0.0,84.125,236.125,-1.49,0.27
2012-07-01T12:00:00Z,0.0,84.125,240.125,-1.51,0.25
2012-07-01T12:00:00Z,0.0,84.125,244.125,-1.47,0.29
2012-07-01T12:00:00Z,0.0,84.125,248.125,-1.48,0.28
2012-07-01T12:00:00Z,0.0,84.125,252.125,-1.5,0.27
2012-07-01T12:00:00Z,0.0,84.125,256.125,-1.51,0.25
2012-07-01T12:00:00Z,0.0,84.125,260.125,-1.53,0.23
2012-07-01T12:00:00Z,0.0,84.125,264.125,-1.54,0.22
2012-07-01T12:00:00Z,0.0,84.125,268.125,-1.59,0.16
2012-07-01T12:00:00Z,0.0,84.125,272.125,-1.6,0.16
2012-07-01T12:00:00Z,0.0,84.125,276.125,-1.6,0.16
2012-07-01T12:00:00Z,0.0,84.125,280.125,-1.63,0.11
2012-07-01T12:00:00Z,0.0,84.125,284.125,-1.61,0.14
2012-07-01T12:00:00Z,0.0,84.125,288.125,-1.58,0.18
2012-07-01T12:00:00Z,0.0,84.125,292.125,-1.52,0.2
2012-07-01T12:00:00Z,0.0,84.125,296.125,-1.38,0.31
2012-07-01T12:00:00Z,0.0,84.125,300.125,-1.36,0.33
2012-07-01T12:00:00Z,0.0,84.125,304.125,-1.32,0.37
2012-07-01T12:00:00Z,0.0,84.125,308.125,-1.3,0.38
2012-07-01T12:00:00Z,0.0,84.125,312.125,-1.28,0.42
2012-07-01T12:00:00Z,0.0,84.125,316.125,-1.42,0.3
2012-07-01T12:00:00Z,0.0,84.125,320.125,-1.51,0.2
2012-07-01T12:00:00Z,0.0,84.125,324.125,-1.66,0.02
2012-07-01T12:00:00Z,0.0,84.125,328.125,-1.62,0.0
2012-07-01T12:00:00Z,0.0,84.125,332.125,-1.61,-0.07
2012-07-01T12:00:00Z,0.0,84.125,336.125,-1.66,-0.14
2012-07-01T12:00:00Z,0.0,84.125,340.125,-1.63,-0.08
2012-07-01T12:00:00Z,0.0,84.125,344.125,-1.64,-0.12
2012-07-01T12:00:00Z,0.0,84.125,348.125,-1.54,-0.02
2012-07-01T12:00:00Z,0.0,84.125,352.125,-1.48,0.14
2012-07-01T12:00:00Z,0.0,84.125,356.125,-1.58,0.09
2012-07-01T12:00:00Z,0.0,88.125,0.125,-1.59,0.2
2012-07-01T12:00:00Z,0.0,88.125,4.125,-1.58,0.2
2012-07-01T12:00:00Z,0.0,88.125,8.125,-1.57,0.2
2012-07-01T12:00:00Z,0.0,88.125,12.125,-1.57,0.2
2012-07-01T12:00:00Z,0.0,88.125,16.125,-1.58,0.19
2012-07-01T12:00:00Z,0.0,88.125,20.125,-1.59,0.19
2012-07-01T12:00:00Z,0.0,88.125,24.125,-1.59,0.19
2012-07-01T12:00:00Z,0.0,88.125,28.125,-1.6,0.18
2012-07-01T12:00:00Z,0.0,88.125,32.125,-1.6,0.18
2012-07-01T12:00:00Z,0.0,88.125,36.125,-1.6,0.19
2012-07-01T12:00:00Z,0.0,88.125,40.125,-1.6,0.18
2012-07-01T12:00:00Z,0.0,88.125,44.125,-1.61,0.17
2012-07-01T12:00:00Z,0.0,88.125,48.125,-1.6,0.16
2012-07-01T12:00:00Z,0.0,88.125,52.125,-1.61,0.16
2012-07-01T12:00:00Z,0.0,88.125,56.125,-1.6,0.17
2012-07-01T12:00:00Z,0.0,88.125,60.125,-1.6,0.18
2012-07-01T12:00:00Z,0.0,88.125,64.125,-1.6,0.18
2012-07-01T12:00:00Z,0.0,88.125,68.125,-1.6,0.18
2012-07-01T12:00:00Z,0.0,88.125,72.125,-1.6,0.19
2012-07-01T12:00:00Z,0.0,88.125,76.125,-1.6,0.19
2012-07-01T12:00:00Z,0.0,88.125,80.125,-1.6,0.19
2012-07-01T12:00:00Z,0.0,88.125,84.125,-1.6,0.19
2012-07-01T12:00:00Z,0.0,88.125,88.125,-1.59,0.19
2012-07-01T12:00:00Z,0.0,88.125,92.125,-1.58,0.2
2012-07-01T12:00:00Z,0.0,88.125,96.125,-1.58,0.2
2012-07-01T12:00:00Z,0.0,88.125,100.125,-1.59,0.2
2012-07-01T12:00:00Z,0.0,88.125,104.125,-1.59,0.2
2012-07-01T12:00:00Z,0.0,88.125,108.125,-1.57,0.22
2012-07-01T12:00:00Z,0.0,88.125,112.125,-1.56,0.23
2012-07-01T12:00:00Z,0.0,88.125,116.125,-1.57,0.22
2012-07-01T12:00:00Z,0.0,88.125,120.125,-1.57,0.22
2012-07-01T12:00:00Z,0.0,88.125,124.125,-1.56,0.24
2012-07-01T12:00:00Z,0.0,88.125,128.125,-1.56,0.23
2012-07-01T12:00:00Z,0.0,88.125,132.125,-1.58,0.21
2012-07-01T12:00:00Z,0.0,88.125,136.125,-1.59,0.21
2012-07-01T12:00:00Z,0.0,88.125,140.125,-1.59,0.2
2012-07-01T12:00:00Z,0.0,88.125,144.125,-1.59,0.2
2012-07-01T12:00:00Z,0.0,88.125,148.125,-1.57,0.23
2012-07-01T12:00:00Z,0.0,88.125,152.125,-1.53,0.26
2012-07-01T12:00:00Z,0.0,88.125,156.125,-1.52,0.27
2012-07-01T12:00:00Z,0.0,88.125,160.125,-1.55,0.24
2012-07-01T12:00:00Z,0.0,88.125,164.125,-1.61,0.18
2012-07-01T12:00:00Z,0.0,88.125,168.125,-1.61,0.18
2012-07-01T12:00:00Z,0.0,88.125,172.125,-1.6,0.19
2012-07-01T12:00:00Z,0.0,88.125,176.125,-1.6,0.19
2012-07-01T12:00:00Z,0.0,88.125,180.125,-1.61,0.18
2012-07-01T12:00:00Z,0.0,88.125,184.125,-1.6,0.19
2012-07-01T12:00:00Z,0.0,88.125,188.125,-1.6,0.19
2012-07-01T12:00:00Z,0.0,88.125,192.125,-1.6,0.19
2012-07-01T12:00:00Z,0.0,88.125,196.125,-1.6,0.19
2012-07-01T12:00:00Z,0.0,88.125,200.125,-1.6,0.19
2012-07-01T12:00:00Z,0.0,88.125,204.125,-1.6,0.19
2012-07-01T12:00:00Z,0.0,88.125,208.125,-1.59,0.2
2012-07-01T12:00:00Z,0.0,88.125,212.125,-1.57,0.22
2012-07-01T12:00:00Z,0.0,88.125,216.125,-1.57,0.22
2012-07-01T12:00:00Z,0.0,88.125,220.125,-1.57,0.23
2012-07-01T12:00:00Z,0.0,88.125,224.125,-1.57,0.23
2012-07-01T12:00:00Z,0.0,88.125,228.125,-1.57,0.23
2012-07-01T12:00:00Z,0.0,88.125,232.125,-1.57,0.22
2012-07-01T12:00:00Z,0.0,88.125,236.125,-1.58,0.21
2012-07-01T12:00:00Z,0.0,88.125,240.125,-1.58,0.21
2012-07-01T12:00:00Z,0.0,88.125,244.125,-1.58,0.22
2012-07-01T12:00:00Z,0.0,88.125,248.125,-1.58,0.22
2012-07-01T12:00:00Z,0.0,88.125,252.125,-1.58,0.21
2012-07-01T12:00:00Z,0.0,88.125,256.125,-1.58,0.21
2012-07-01T12:00:00Z,0.0,88.125,260.125,-1.58,0.21
2012-07-01T12:00:00Z,0.0,88.125,264.125,-1.59,0.21
2012-07-01T12:00:00Z,0.0,88.125,268.125,-1.59,0.21
2012-07-01T12:00:00Z,0.0,88.125,272.125,-1.59,0.21
2012-07-01T12:00:00Z,0.0,88.125,276.125,-1.59,0.21
2012-07-01T12:00:00Z,0.0,88.125,280.125,-1.59,0.21
2012-07-01T12:00:00Z,0.0,88.125,284.125,-1.59,0.21
2012-07-01T12:00:00Z,0.0,88.125,288.125,-1.59,0.21
2012-07-01T12:00:00Z,0.0,88.125,292.125,-1.58,0.21
2012-07-01T12:00:00Z,0.0,88.125,296.125,-1.57,0.23
2012-07-01T12:00:00Z,0.0,88.125,300.125,-1.57,0.23
2012-07-01T12:00:00Z,0.0,88.125,304.125,-1.56,0.24
2012-07-01T12:00:00Z,0.0,88.125,308.125,-1.56,0.24
2012-07-01T12:00:00Z,0.0,88.125,312.125,-1.56,0.24
2012-07-01T12:00:00Z,0.0,88.125,316.125,-1.57,0.22
2012-07-01T12:00:00Z,0.0,88.125,320.125,-1.58,0.21
2012-07-01T12:00:00Z,0.0,88.125,324.125,-1.59,0.19
2012-07-01T12:00:00Z,0.0,88.125,328.125,-1.59,0.2
2012-07-01T12:00:00Z,0.0,88.125,332.125,-1.59,0.2
2012-07-01T12:00:00Z,0.0,88.125,336.125,-1.59,0.2
2012-07-01T12:00:00Z,0.0,88.125,340.125,-1.59,0.2
2012-07-01T12:00:00Z,0.0,88.125,344.125,-1.59,0.19
2012-07-01T12:00:00Z,0.0,88.125,348.125,-1.58,0.2
2012-07-01T12:00:00Z,0.0,88.125,352.125,-1.57,0.21
2012-07-01T12:00:00Z,0.0,88.125,356.125,-1.59,0.2
