2008-01-01T12:00:00Z,0.0,-87.875,0.125,NaN,NaN
2008-01-01T12:00:00Z,0.0,-87.875,4.125,NaN,NaN
2008-01-01T12:00:00Z,0.0,-87.875,8.125,NaN,NaN
2008-01-01T12:00:00Z,0.0,-87.875,12.125,NaN,NaN
2008-01-01T12:00:00Z,0.0,-87.875,16.125,NaN,NaN
2008-01-01T12:00:00Z,0.0,-87.875,20.125,NaN,NaN
2008-01-01T12:00:00Z,0.0,-87.875,24.125,NaN,NaN
2008-01-01T12:00:00Z,0.0,-87.875,28.125,NaN,NaN
2008-01-01T12:00:00Z,0.0,-87.875,32.125,NaN,NaN
2008-01-01T12:00:00Z,0.0,-87.875,36.125,NaN,NaN
2008-01-01T12:00:00Z,0.0,-87.875,40.125,NaN,NaN
2008-01-01T12:00:00Z,0.0,-87.875,44.125,NaN,NaN
2008-01-01T12:00:00Z,0.0,-87.875,48.125,NaN,NaN
2008-01-01T12:00:00Z,0.0,-87.875,52.125,NaN,NaN
2008-01-01T12:00:00Z,0.0,-87.875,56.125,NaN,NaN
2008-01-01T12:00:00Z,0.0,-87.875,60.125,NaN,NaN
2008-01-01T12:00:00Z,0.0,-87.875,64.125,NaN,NaN
2008-01-01T12:00:00Z,0.0,-87.875,68.125,NaN,NaN
2008-01-01T12:00:00Z,0.0,-87.875,72.125,NaN,NaN
2008-01-01T12:00:00Z,0.0,-87.875,76.125,NaN,NaN
2008-01-01T12:00:00Z,0.0,-87.875,80.125,NaN,NaN
2008-01-01T12:00:00Z,0.0,-87.875,84.125,NaN,NaN
2008-01-01T12:00:00Z,0.0,-87.875,88.125,NaN,NaN
2008-01-01T12:00:00Z,0.0,-87.875,92.125,NaN,NaN
2008-01-01T12:00:00Z,0.0,-87.875,96.125,NaN,NaN
2008-01-01T12:00:00Z,0.0,-87.875,100.125,NaN,NaN
2008-01-01T12:00:00Z,0.0,-87.875,104.125,NaN,NaN
2008-01-01T12:00:00Z,0.0,-87.875,108.125,NaN,NaN
2008-01-01T12:00:00Z,0.0,-87.875,112.125,NaN,NaN
2008-01-01T12:00:00Z,0.0,-87.875,116.125,NaN,NaN
2008-01-01T12:00:00Z,0.0,-87.875,120.125,NaN,NaN
2008-01-01T12:00:00Z,0.0,-87.875,124.125,NaN,NaN
2008-01-01T12:00:00Z,0.0,-87.875,128.125,NaN,NaN
2008-01-01T12:00:00Z,0.0,-87.875,132.125,NaN,NaN
2008-01-01T12:00:00Z,0.0,-87.875,136.125,NaN,NaN
2008-01-01T12:00:00Z,0.0,-87.875,140.125,NaN,NaN
2008-01-01T12:00:00Z,0.0,-87.875,144.125,NaN,NaN
2008-01-01T12:00:00Z,0.0,-87.875,148.125,NaN,NaN
2008-01-01T12:00:00Z,0.0,-87.875,152.125,NaN,NaN
2008-01-01T12:00:00Z,0.0,-87.875,156.125,NaN,NaN
2008-01-01T12:00:00Z,0.0,-87.875,160.125,NaN,NaN
2008-01-01T12:00:00Z,0.0,-87.875,164.125,NaN,NaN
2008-01-01T12:00:00Z,0.0,-87.875,168.125,NaN,NaN
2008-01-01T12:00:00Z,0.0,-87.875,172.125,NaN,NaN
2008-01-01T12:00:00Z,0.0,-87.875,176.125,NaN,NaN
2008-01-01T12:00:00Z,0.0,-87.875,180.125,NaN,NaN
2008-01-01T12:00:00Z,0.0,-87.875,184.125,NaN,NaN
2008-01-01T12:00:00Z,0.0,-87.875,188.125,NaN,NaN
2008-01-01T12:00:00Z,0.0,-87.875,192.125,NaN,NaN
2008-01-01T12:00:00Z,0.0,-87.875,196.125,NaN,NaN
2008-01-01T12:00:00Z,0.0,-87.875,200.125,NaN,NaN
2008-01-01T12:00:00Z,0.0,-87.875,204.125,NaN,NaN
2008-01-01T12:00:00Z,0.0,-87.875,208.125,NaN,NaN
2008-01-01T12:00:00Z,0.0,-87.875,212.125,NaN,NaN
2008-01-01T12:00:00Z,0.0,-87.875,216.125,NaN,NaN
2008-01-01T12:00:00Z,0.0,-87.875,220.125,NaN,NaN
2008-01-01T12:00:00Z,0.0,-87.875,224.125,NaN,NaN
2008-01-01T12:00:00Z,0.0,-87.875,228.125,NaN,NaN
2008-01-01T12:00:00Z,0.0,-87.875,232.125,NaN,NaN
2008-01-01T12:00:00Z,0.0,-87.875,236.125,NaN,NaN
2008-01-01T12:00:00Z,0.0,-87.875,240.125,NaN,NaN
2008-01-01T12:00:00Z,0.0,-87.875,244.125,NaN,NaN
2008-01-01T12:00:00Z,0.0,-87.875,248.125,NaN,NaN
2008-01-01T12:00:00Z,0.0,-87.875,252.125,NaN,NaN
2008-01-01T12:00:00Z,0.0,-87.875,256.125,NaN,NaN
2008-01-01T12:00:00Z,0.0,-87.875,260.125,NaN,NaN
2008-01-01T12:00:00Z,0.0,-87.875,264.125,NaN,NaN
2008-01-01T12:00:00Z,0.0,-87.875,268.125,NaN,NaN
2008-01-01T12:00:00Z,0.0,-87.875,272.125,NaN,NaN
2008-01-01T12:00:00Z,0.0,-87.875,276.125,NaN,NaN
2008-01-01T12:00:00Z,0.0,-87.875,280.125,NaN,NaN
2008-01-01T12:00:00Z,0.0,-87.875,284.125,NaN,NaN
2008-01-01T12:00:00Z,0.0,-87.875,288.125,NaN,NaN
2008-01-01T12:00:00Z,0.0,-87.875,292.125,NaN,NaN
2008-01-01T12:00:00Z,0.0,-87.875,296.125,NaN,NaN
2008-01-01T12:00:00Z,0.0,-87.875,300.125,NaN,NaN
2008-01-01T12:00:00Z,0.0,-87.875,304.125,NaN,NaN
2008-01-01T12:00:00Z,0.0,-87.875,308.125,NaN,NaN
2008-01-01T12:00:00Z,0.0,-87.875,312.125,NaN,NaN
2008-01-01T12:00:00Z,0.0,-87.875,316.125,NaN,NaN
2008-01-01T12:00:00Z,0.0,-87.875,320.125,NaN,NaN
2008-01-01T12:00:00Z,0.0,-87.875,324.125,NaN,NaN
2008-01-01T12:00:00Z,0.0,-87.875,328.125,NaN,NaN
2008-01-01T12:00:00Z,0.0,-87.875,332.125,NaN,NaN
2008-01-01T12:00:00Z,0.0,-87.875,336.125,NaN,NaN
2008-01-01T12:00:00Z,0.0,-87.875,340.125,NaN,NaN
2008-01-01T12:00:00Z,0.0,-87.875,344.125,NaN,NaN
2008-01-01T12:00:00Z,0.0,-87.875,348.125,NaN,NaN
2008-01-01T12:00:00Z,0.0,-87.875,352.125,NaN,NaN
2008-01-01T12:00:00Z,0.0,-87.875,356.125,NaN,NaN
2008-01-01T12:00:00Z,0.0,-83.875,0.125,NaN,NaN
2008-01-01T12:00:00Z,0.0,-83.875,4.125,NaN,NaN
2008-01-01T12:00:00Z,0.0,-83.875,8.125,NaN,NaN
2008-01-01T12:00:00Z,0.0,-83.875,12.125,NaN,NaN
2008-01-01T12:00:00Z,0.0,-83.875,16.125,NaN,NaN
2008-01-01T12:00:00Z,0.0,-83.875,20.125,NaN,NaN
2008-01-01T12:00:00Z,0.0,-83.875,24.125,NaN,NaN
2008-01-01T12:00:00Z,0.0,-83.875,28.125,NaN,NaN
2008-01-01T12:00:00Z,0.0,-83.875,32.125,NaN,NaN
2008-01-01T12:00:00Z,0.0,-83.875,36.125,NaN,NaN
2008-01-01T12:00:00Z,0.0,-83.875,40.125,NaN,NaN
2008-01-01T12:00:00Z,0.0,-83.875,44.125,NaN,NaN
2008-01-01T12:00:00Z,0.0,-83.875,48.125,NaN,NaN
2008-01-01T12:00:00Z,0.0,-83.875,52.125,NaN,NaN
2008-01-01T12:00:00Z,0.0,-83.875,56.125,NaN,NaN
2008-01-01T12:00:00Z,0.0,-83.875,60.125,NaN,NaN
2008-01-01T12:00:00Z,0.0,-83.875,64.125,NaN,NaN
2008-01-01T12:00:00Z,0.0,-83.875,68.125,NaN,NaN
2008-01-01T12:00:00Z,0.0,-83.875,72.125,NaN,NaN
2008-01-01T12:00:00Z,0.0,-83.875,76.125,NaN,NaN
2008-01-01T12:00:00Z,0.0,-83.875,80.125,NaN,NaN
2008-01-01T12:00:00Z,0.0,-83.875,84.125,NaN,NaN
2008-01-01T12:00:00Z,0.0,-83.875,88.125,NaN,NaN
2008-01-01T12:00:00Z,0.0,-83.875,92.125,NaN,NaN
2008-01-01T12:00:00Z,0.0,-83.875,96.125,NaN,NaN
2008-01-01T12:00:00Z,0.0,-83.875,100.125,NaN,NaN
2008-01-01T12:00:00Z,0.0,-83.875,104.125,NaN,NaN
2008-01-01T12:00:00Z,0.0,-83.875,108.125,NaN,NaN
2008-01-01T12:00:00Z,0.0,-83.875,112.125,NaN,NaN
2008-01-01T12:00:00Z,0.0,-83.875,116.125,NaN,NaN
2008-01-01T12:00:00Z,0.0,-83.875,120.125,NaN,NaN
2008-01-01T12:00:00Z,0.0,-83.875,124.125,NaN,NaN
2008-01-01T12:00:00Z,0.0,-83.875,128.125,NaN,NaN
2008-01-01T12:00:00Z,0.0,-83.875,132.125,NaN,NaN
2008-01-01T12:00:00Z,0.0,-83.875,136.125,NaN,NaN
2008-01-01T12:00:00Z,0.0,-83.875,140.125,NaN,NaN
2008-01-01T12:00:00Z,0.0,-83.875,144.125,NaN,NaN
2008-01-01T12:00:00Z,0.0,-83.875,148.125,NaN,NaN
2008-01-01T12:00:00Z,0.0,-83.875,152.125,NaN,NaN
2008-01-01T12:00:00Z,0.0,-83.875,156.125,NaN,NaN
2008-01-01T12:00:00Z,0.0,-83.875,160.125,NaN,NaN
2008-01-01T12:00:00Z,0.0,-83.875,164.125,NaN,NaN
2008-01-01T12:00:00Z,0.0,-83.875,168.125,NaN,NaN
2008-01-01T12:00:00Z,0.0,-83.875,172.125,NaN,NaN
2008-01-01T12:00:00Z,0.0,-83.875,176.125,NaN,NaN
2008-01-01T12:00:00Z,0.0,-83.875,180.125,NaN,NaN
2008-01-01T12:00:00Z,0.0,-83.875,184.125,NaN,NaN
2008-01-01T12:00:00Z,0.0,-83.875,188.125,NaN,NaN
2008-01-01T12:00:00Z,0.0,-83.875,192.125,NaN,NaN
2008-01-01T12:00:00Z,0.0,-83.875,196.125,NaN,NaN
2008-01-01T12:00:00Z,0.0,-83.875,200.125,NaN,NaN
2008-01-01T12:00:00Z,0.0,-83.875,204.125,NaN,NaN
2008-01-01T12:00:00Z,0.0,-83.875,208.125,NaN,NaN
2008-01-01T12:00:00Z,0.0,-83.875,212.125,NaN,NaN
2008-01-01T12:00:00Z,0.0,-83.875,216.125,NaN,NaN
2008-01-01T12:00:00Z,0.0,-83.875,220.125,NaN,NaN
2008-01-01T12:00:00Z,0.0,-83.875,224.125,NaN,NaN
2008-01-01T12:00:00Z,0.0,-83.875,228.125,NaN,NaN
2008-01-01T12:00:00Z,0.0,-83.875,232.125,NaN,NaN
2008-01-01T12:00:00Z,0.0,-83.875,236.125,NaN,NaN
2008-01-01T12:00:00Z,0.0,-83.875,240.125,NaN,NaN
2008-01-01T12:00:00Z,0.0,-83.875,244.125,NaN,NaN
2008-01-01T12:00:00Z,0.0,-83.875,248.125,NaN,NaN
2008-01-01T12:00:00Z,0.0,-83.875,252.125,NaN,NaN
2008-01-01T12:00:00Z,0.0,-83.875,256.125,NaN,NaN
2008-01-01T12:00:00Z,0.0,-83.875,260.125,NaN,NaN
2008-01-01T12:00:00Z,0.0,-83.875,264.125,NaN,NaN
2008-01-01T12:00:00Z,0.0,-83.875,268.125,NaN,NaN
2008-01-01T12:00:00Z,0.0,-83.875,272.125,NaN,NaN
2008-01-01T12:00:00Z,0.0,-83.875,276.125,NaN,NaN
2008-01-01T12:00:00Z,0.0,-83.875,280.125,NaN,NaN
2008-01-01T12:00:00Z,0.0,-83.875,284.125,NaN,NaN
2008-01-01T12:00:00Z,0.0,-83.875,288.125,NaN,NaN
2008-01-01T12:00:00Z,0.0,-83.875,292.125,NaN,NaN
2008-01-01T12:00:00Z,0.0,-83.875,296.125,NaN,NaN
2008-01-01T12:00:00Z,0.0,-83.875,300.125,NaN,NaN
2008-01-01T12:00:00Z,0.0,-83.875,304.125,NaN,NaN
2008-01-01T12:00:00Z,0.0,-83.875,308.125,NaN,NaN
2008-01-01T12:00:00Z,0.0,-83.875,312.125,NaN,NaN
2008-01-01T12:00:00Z,0.0,-83.875,316.125,NaN,NaN
2008-01-01T12:00:00Z,0.0,-83.875,320.125,NaN,NaN
2008-01-01T12:00:00Z,0.0,-83.875,324.125,NaN,NaN
2008-01-01T12:00:00Z,0.0,-83.875,328.125,NaN,NaN
2008-01-01T12:00:00Z,0.0,-83.875,332.125,NaN,NaN
2008-01-01T12:00:00Z,0.0,-83.875,336.125,NaN,NaN
2008-01-01T12:00:00Z,0.0,-83.875,340.125,NaN,NaN
2008-01-01T12:00:00Z,0.0,-83.875,344.125,NaN,NaN
2008-01-01T12:00:00Z,0.0,-83.875,348.125,NaN,NaN
2008-01-01T12:00:00Z,0.0,-83.875,352.125,NaN,NaN
2008-01-01T12:00:00Z,0.0,-83.875,356.125,NaN,NaN
2008-01-01T12:00:00Z,0.0,-79.875,0.125,NaN,NaN
2008-01-01T12:00:00Z,0.0,-79.875,4.125,NaN,NaN
2008-01-01T12:00:00Z,0.0,-79.875,8.125,NaN,NaN
2008-01-01T12:00:00Z,0.0,-79.875,12.125,NaN,NaN
2008-01-01T12:00:00Z,0.0,-79.875,16.125,NaN,NaN
2008-01-01T12:00:00Z,0.0,-79.875,20.125,NaN,NaN
2008-01-01T12:00:00Z,0.0,-79.875,24.125,NaN,NaN
2008-01-01T12:00:00Z,0.0,-79.875,28.125,NaN,NaN
2008-01-01T12:00:00Z,0.0,-79.875,32.125,NaN,NaN
2008-01-01T12:00:00Z,0.0,-79.875,36.125,NaN,NaN
2008-01-01T12:00:00Z,0.0,-79.875,40.125,NaN,NaN
2008-01-01T12:00:00Z,0.0,-79.875,44.125,NaN,NaN
2008-01-01T12:00:00Z,0.0,-79.875,48.125,NaN,NaN
2008-01-01T12:00:00Z,0.0,-79.875,52.125,NaN,NaN
2008-01-01T12:00:00Z,0.0,-79.875,56.125,NaN,NaN
2008-01-01T12:00:00Z,0.0,-79.875,60.125,NaN,NaN
2008-01-01T12:00:00Z,0.0,-79.875,64.125,NaN,NaN
2008-01-01T12:00:00Z,0.0,-79.875,68.125,NaN,NaN
2008-01-01T12:00:00Z,0.0,-79.875,72.125,NaN,NaN
2008-01-01T12:00:00Z,0.0,-79.875,76.125,NaN,NaN
2008-01-01T12:00:00Z,0.0,-79.875,80.125,NaN,NaN
2008-01-01T12:00:00Z,0.0,-79.875,84.125,NaN,NaN
2008-01-01T12:00:00Z,0.0,-79.875,88.125,NaN,NaN
2008-01-01T12:00:00Z,0.0,-79.875,92.125,NaN,NaN
2008-01-01T12:00:00Z,0.0,-79.875,96.125,NaN,NaN
2008-01-01T12:00:00Z,0.0,-79.875,100.125,NaN,NaN
2008-01-01T12:00:00Z,0.0,-79.875,104.125,NaN,NaN
2008-01-01T12:00:00Z,0.0,-79.875,108.125,NaN,NaN
2008-01-01T12:00:00Z,0.0,-79.875,112.125,NaN,NaN
2008-01-01T12:00:00Z,0.0,-79.875,116.125,NaN,NaN
2008-01-01T12:00:00Z,0.0,-79.875,120.125,NaN,NaN
2008-01-01T12:00:00Z,0.0,-79.875,124.125,NaN,NaN
2008-01-01T12:00:00Z,0.0,-79.875,128.125,NaN,NaN
2008-01-01T12:00:00Z,0.0,-79.875,132.125,NaN,NaN
2008-01-01T12:00:00Z,0.0,-79.875,136.125,NaN,NaN
2008-01-01T12:00:00Z,0.0,-79.875,140.125,NaN,NaN
2008-01-01T12:00:00Z,0.0,-79.875,144.125,NaN,NaN
2008-01-01T12:00:00Z,0.0,-79.875,148.125,NaN,NaN
2008-01-01T12:00:00Z,0.0,-79.875,152.125,NaN,NaN
2008-01-01T12:00:00Z,0.0,-79.875,156.125,NaN,NaN
2008-01-01T12:00:00Z,0.0,-79.875,160.125,NaN,NaN
2008-01-01T12:00:00Z,0.0,-79.875,164.125,NaN,NaN
2008-01-01T12:00:00Z,0.0,-79.875,168.125,NaN,NaN
2008-01-01T12:00:00Z,0.0,-79.875,172.125,NaN,NaN
2008-01-01T12:00:00Z,0.0,-79.875,176.125,NaN,NaN
2008-01-01T12:00:00Z,0.0,-79.875,180.125,NaN,NaN
2008-01-01T12:00:00Z,0.0,-79.875,184.125,NaN,NaN
2008-01-01T12:00:00Z,0.0,-79.875,188.125,NaN,NaN
2008-01-01T12:00:00Z,0.0,-79.875,192.125,NaN,NaN
2008-01-01T12:00:00Z,0.0,-79.875,196.125,NaN,NaN
2008-01-01T12:00:00Z,0.0,-79.875,200.125,NaN,NaN
2008-01-01T12:00:00Z,0.0,-79.875,204.125,NaN,NaN
2008-01-01T12:00:00Z,0.0,-79.875,208.125,NaN,NaN
2008-01-01T12:00:00Z,0.0,-79.875,212.125,NaN,NaN
2008-01-01T12:00:00Z,0.0,-79.875,216.125,NaN,NaN
2008-01-01T12:00:00Z,0.0,-79.875,220.125,NaN,NaN
2008-01-01T12:00:00Z,0.0,-79.875,224.125,NaN,NaN
2008-01-01T12:00:00Z,0.0,-79.875,228.125,NaN,NaN
2008-01-01T12:00:00Z,0.0,-79.875,232.125,NaN,NaN
2008-01-01T12:00:00Z,0.0,-79.875,236.125,NaN,NaN
2008-01-01T12:00:00Z,0.0,-79.875,240.125,NaN,NaN
2008-01-01T12:00:00Z,0.0,-79.875,244.125,NaN,NaN
2008-01-01T12:00:00Z,0.0,-79.875,248.125,NaN,NaN
2008-01-01T12:00:00Z,0.0,-79.875,252.125,NaN,NaN
2008-01-01T12:00:00Z,0.0,-79.875,256.125,NaN,NaN
2008-01-01T12:00:00Z,0.0,-79.875,260.125,NaN,NaN
2008-01-01T12:00:00Z,0.0,-79.875,264.125,NaN,NaN
2008-01-01T12:00:00Z,0.0,-79.875,268.125,NaN,NaN
2008-01-01T12:00:00Z,0.0,-79.875,272.125,NaN,NaN
2008-01-01T12:00:00Z,0.0,-79.875,276.125,NaN,NaN
2008-01-01T12:00:00Z,0.0,-79.875,280.125,NaN,NaN
2008-01-01T12:00:00Z,0.0,-79.875,284.125,NaN,NaN
2008-01-01T12:00:00Z,0.0,-79.875,288.125,NaN,NaN
2008-01-01T12:00:00Z,0.0,-79.875,292.125,NaN,NaN
2008-01-01T12:00:00Z,0.0,-79.875,296.125,NaN,NaN
2008-01-01T12:00:00Z,0.0,-79.875,300.125,NaN,NaN
2008-01-01T12:00:00Z,0.0,-79.875,304.125,NaN,NaN
2008-01-01T12:00:00Z,0.0,-79.875,308.125,NaN,NaN
2008-01-01T12:00:00Z,0.0,-79.875,312.125,NaN,NaN
2008-01-01T12:00:00Z,0.0,-79.875,316.125,NaN,NaN
2008-01-01T12:00:00Z,0.0,-79.875,320.125,NaN,NaN
2008-01-01T12:00:00Z,0.0,-79.875,324.125,NaN,NaN
2008-01-01T12:00:00Z,0.0,-79.875,328.125,NaN,NaN
2008-01-01T12:00:00Z,0.0,-79.875,332.125,NaN,NaN
2008-01-01T12:00:00Z,0.0,-79.875,336.125,NaN,NaN
2008-01-01T12:00:00Z,0.0,-79.875,340.125,NaN,NaN
2008-01-01T12:00:00Z,0.0,-79.875,344.125,NaN,NaN
2008-01-01T12:00:00Z,0.0,-79.875,348.125,NaN,NaN
2008-01-01T12:00:00Z,0.0,-79.875,352.125,NaN,NaN
2008-01-01T12:00:00Z,0.0,-79.875,356.125,NaN,NaN
2008-01-01T12:00:00Z,0.0,-75.875,0.125,NaN,NaN
2008-01-01T12:00:00Z,0.0,-75.875,4.125,NaN,NaN
2008-01-01T12:00:00Z,0.0,-75.875,8.125,NaN,NaN
2008-01-01T12:00:00Z,0.0,-75.875,12.125,NaN,NaN
2008-01-01T12:00:00Z,0.0,-75.875,16.125,NaN,NaN
2008-01-01T12:00:00Z,0.0,-75.875,20.125,NaN,NaN
2008-01-01T12:00:00Z,0.0,-75.875,24.125,NaN,NaN
2008-01-01T12:00:00Z,0.0,-75.875,28.125,NaN,NaN
2008-01-01T12:00:00Z,0.0,-75.875,32.125,NaN,NaN
2008-01-01T12:00:00Z,0.0,-75.875,36.125,NaN,NaN
2008-01-01T12:00:00Z,0.0,-75.875,40.125,NaN,NaN
2008-01-01T12:00:00Z,0.0,-75.875,44.125,NaN,NaN
2008-01-01T12:00:00Z,0.0,-75.875,48.125,NaN,NaN
2008-01-01T12:00:00Z,0.0,-75.875,52.125,NaN,NaN
2008-01-01T12:00:00Z,0.0,-75.875,56.125,NaN,NaN
2008-01-01T12:00:00Z,0.0,-75.875,60.125,NaN,NaN
2008-01-01T12:00:00Z,0.0,-75.875,64.125,NaN,NaN
2008-01-01T12:00:00Z,0.0,-75.875,68.125,NaN,NaN
2008-01-01T12:00:00Z,0.0,-75.875,72.125,NaN,NaN
2008-01-01T12:00:00Z,0.0,-75.875,76.125,NaN,NaN
2008-01-01T12:00:00Z,0.0,-75.875,80.125,NaN,NaN
2008-01-01T12:00:00Z,0.0,-75.875,84.125,NaN,NaN
2008-01-01T12:00:00Z,0.0,-75.875,88.125,NaN,NaN
2008-01-01T12:00:00Z,0.0,-75.875,92.125,NaN,NaN
2008-01-01T12:00:00Z,0.0,-75.875,96.125,NaN,NaN
2008-01-01T12:00:00Z,0.0,-75.875,100.125,NaN,NaN
2008-01-01T12:00:00Z,0.0,-75.875,104.125,NaN,NaN
2008-01-01T12:00:00Z,0.0,-75.875,108.125,NaN,NaN
2008-01-01T12:00:00Z,0.0,-75.875,112.125,NaN,NaN
2008-01-01T12:00:00Z,0.0,-75.875,116.125,NaN,NaN
2008-01-01T12:00:00Z,0.0,-75.875,120.125,NaN,NaN
2008-01-01T12:00:00Z,0.0,-75.875,124.125,NaN,NaN
2008-01-01T12:00:00Z,0.0,-75.875,128.125,NaN,NaN
2008-01-01T12:00:00Z,0.0,-75.875,132.125,NaN,NaN
2008-01-01T12:00:00Z,0.0,-75.875,136.125,NaN,NaN
2008-01-01T12:00:00Z,0.0,-75.875,140.125,NaN,NaN
2008-01-01T12:00:00Z,0.0,-75.875,144.125,NaN,NaN
2008-01-01T12:00:00Z,0.0,-75.875,148.125,NaN,NaN
2008-01-01T12:00:00Z,0.0,-75.875,152.125,NaN,NaN
2008-01-01T12:00:00Z,0.0,-75.875,156.125,NaN,NaN
2008-01-01T12:00:00Z,0.0,-75.875,160.125,NaN,NaN
2008-01-01T12:00:00Z,0.0,-75.875,164.125,-1.64,-1.0
2008-01-01T12:00:00Z,0.0,-75.875,168.125,-1.35,-0.66
2008-01-01T12:00:00Z,0.0,-75.875,172.125,-0.21,-0.07
2008-01-01T12:00:00Z,0.0,-75.875,176.125,-0.52,-0.57
2008-01-01T12:00:00Z,0.0,-75.875,180.125,-0.39,-0.41
2008-01-01T12:00:00Z,0.0,-75.875,184.125,-1.12,-1.02
2008-01-01T12:00:00Z,0.0,-75.875,188.125,-1.56,-1.01
2008-01-01T12:00:00Z,0.0,-75.875,192.125,-1.57,-0.75
2008-01-01T12:00:00Z,0.0,-75.875,196.125,-1.51,-0.57
2008-01-01T12:00:00Z,0.0,-75.875,200.125,-1.33,-0.31
2008-01-01T12:00:00Z,0.0,-75.875,204.125,-1.55,-0.35
2008-01-01T12:00:00Z,0.0,-75.875,208.125,-1.41,-0.21
2008-01-01T12:00:00Z,0.0,-75.875,212.125,-1.53,-0.22
2008-01-01T12:00:00Z,0.0,-75.875,216.125,NaN,NaN
2008-01-01T12:00:00Z,0.0,-75.875,220.125,NaN,NaN
2008-01-01T12:00:00Z,0.0,-75.875,224.125,NaN,NaN
2008-01-01T12:00:00Z,0.0,-75.875,228.125,NaN,NaN
2008-01-01T12:00:00Z,0.0,-75.875,232.125,NaN,NaN
2008-01-01T12:00:00Z,0.0,-75.875,236.125,NaN,NaN
2008-01-01T12:00:00Z,0.0,-75.875,240.125,NaN,NaN
2008-01-01T12:00:00Z,0.0,-75.875,244.125,NaN,NaN
2008-01-01T12:00:00Z,0.0,-75.875,248.125,NaN,NaN
2008-01-01T12:00:00Z,0.0,-75.875,252.125,NaN,NaN
2008-01-01T12:00:00Z,0.0,-75.875,256.125,NaN,NaN
2008-01-01T12:00:00Z,0.0,-75.875,260.125,NaN,NaN
2008-01-01T12:00:00Z,0.0,-75.875,264.125,NaN,NaN
2008-01-01T12:00:00Z,0.0,-75.875,268.125,NaN,NaN
2008-01-01T12:00:00Z,0.0,-75.875,272.125,NaN,NaN
2008-01-01T12:00:00Z,0.0,-75.875,276.125,NaN,NaN
2008-01-01T12:00:00Z,0.0,-75.875,280.125,NaN,NaN
2008-01-01T12:00:00Z,0.0,-75.875,284.125,NaN,NaN
2008-01-01T12:00:00Z,0.0,-75.875,288.125,NaN,NaN
2008-01-01T12:00:00Z,0.0,-75.875,292.125,NaN,NaN
2008-01-01T12:00:00Z,0.0,-75.875,296.125,-1.56,-0.55
2008-01-01T12:00:00Z,0.0,-75.875,300.125,-1.67,-0.79
2008-01-01T12:00:00Z,0.0,-75.875,304.125,-1.2,-0.01
2008-01-01T12:00:00Z,0.0,-75.875,308.125,-1.44,-0.2
2008-01-01T12:00:00Z,0.0,-75.875,312.125,-1.06,0.18
2008-01-01T12:00:00Z,0.0,-75.875,316.125,-0.95,0.36
2008-01-01T12:00:00Z,0.0,-75.875,320.125,-1.75,-0.27
2008-01-01T12:00:00Z,0.0,-75.875,324.125,-1.71,-0.29
2008-01-01T12:00:00Z,0.0,-75.875,328.125,-1.35,-0.24
2008-01-01T12:00:00Z,0.0,-75.875,332.125,-1.23,-0.55
2008-01-01T12:00:00Z,0.0,-75.875,336.125,-1.74,-0.96
2008-01-01T12:00:00Z,0.0,-75.875,340.125,NaN,NaN
2008-01-01T12:00:00Z,0.0,-75.875,344.125,NaN,NaN
2008-01-01T12:00:00Z,0.0,-75.875,348.125,NaN,NaN
2008-01-01T12:00:00Z,0.0,-75.875,352.125,NaN,NaN
2008-01-01T12:00:00Z,0.0,-75.875,356.125,NaN,NaN
2008-01-01T12:00:00Z,0.0,-71.875,0.125,NaN,NaN
2008-01-01T12:00:00Z,0.0,-71.875,4.125,NaN,NaN
2008-01-01T12:00:00Z,0.0,-71.875,8.125,NaN,NaN
2008-01-01T12:00:00Z,0.0,-71.875,12.125,NaN,NaN
2008-01-01T12:00:00Z,0.0,-71.875,16.125,NaN,NaN
2008-01-01T12:00:00Z,0.0,-71.875,20.125,NaN,NaN
2008-01-01T12:00:00Z,0.0,-71.875,24.125,NaN,NaN
2008-01-01T12:00:00Z,0.0,-71.875,28.125,NaN,NaN
2008-01-01T12:00:00Z,0.0,-71.875,32.125,NaN,NaN
2008-01-01T12:00:00Z,0.0,-71.875,36.125,NaN,NaN
2008-01-01T12:00:00Z,0.0,-71.875,40.125,NaN,NaN
2008-01-01T12:00:00Z,0.0,-71.875,44.125,NaN,NaN
2008-01-01T12:00:00Z,0.0,-71.875,48.125,NaN,NaN
2008-01-01T12:00:00Z,0.0,-71.875,52.125,NaN,NaN
2008-01-01T12:00:00Z,0.0,-71.875,56.125,NaN,NaN
2008-01-01T12:00:00Z,0.0,-71.875,60.125,NaN,NaN
2008-01-01T12:00:00Z,0.0,-71.875,64.125,NaN,NaN
2008-01-01T12:00:00Z,0.0,-71.875,68.125,-0.97,0.0
2008-01-01T12:00:00Z,0.0,-71.875,72.125,NaN,NaN
2008-01-01T12:00:00Z,0.0,-71.875,76.125,NaN,NaN
2008-01-01T12:00:00Z,0.0,-71.875,80.125,NaN,NaN
2008-01-01T12:00:00Z,0.0,-71.875,84.125,NaN,NaN
2008-01-01T12:00:00Z,0.0,-71.875,88.125,NaN,NaN
2008-01-01T12:00:00Z,0.0,-71.875,92.125,NaN,NaN
2008-01-01T12:00:00Z,0.0,-71.875,96.125,NaN,NaN
2008-01-01T12:00:00Z,0.0,-71.875,100.125,NaN,NaN
2008-01-01T12:00:00Z,0.0,-71.875,104.125,NaN,NaN
2008-01-01T12:00:00Z,0.0,-71.875,108.125,NaN,NaN
2008-01-01T12:00:00Z,0.0,-71.875,112.125,NaN,NaN
2008-01-01T12:00:00Z,0.0,-71.875,116.125,NaN,NaN
2008-01-01T12:00:00Z,0.0,-71.875,120.125,NaN,NaN
2008-01-01T12:00:00Z,0.0,-71.875,124.125,NaN,NaN
2008-01-01T12:00:00Z,0.0,-71.875,128.125,NaN,NaN
2008-01-01T12:00:00Z,0.0,-71.875,132.125,NaN,NaN
2008-01-01T12:00:00Z,0.0,-71.875,136.125,NaN,NaN
2008-01-01T12:00:00Z,0.0,-71.875,140.125,NaN,NaN
2008-01-01T12:00:00Z,0.0,-71.875,144.125,NaN,NaN
2008-01-01T12:00:00Z,0.0,-71.875,148.125,NaN,NaN
2008-01-01T12:00:00Z,0.0,-71.875,152.125,NaN,NaN
2008-01-01T12:00:00Z,0.0,-71.875,156.125,NaN,NaN
2008-01-01T12:00:00Z,0.0,-71.875,160.125,NaN,NaN
2008-01-01T12:00:00Z,0.0,-71.875,164.125,NaN,NaN
2008-01-01T12:00:00Z,0.0,-71.875,168.125,NaN,NaN
2008-01-01T12:00:00Z,0.0,-71.875,172.125,-1.15,-0.54
2008-01-01T12:00:00Z,0.0,-71.875,176.125,-1.61,-1.16
2008-01-01T12:00:00Z,0.0,-71.875,180.125,-1.68,-1.12
2008-01-01T12:00:00Z,0.0,-71.875,184.125,-1.66,-0.95
2008-01-01T12:00:00Z,0.0,-71.875,188.125,-1.44,-0.42
2008-01-01T12:00:00Z,0.0,-71.875,192.125,-1.43,-0.27
2008-01-01T12:00:00Z,0.0,-71.875,196.125,-1.45,-0.27
2008-01-01T12:00:00Z,0.0,-71.875,200.125,-1.47,-0.27
2008-01-01T12:00:00Z,0.0,-71.875,204.125,-1.46,-0.25
2008-01-01T12:00:00Z,0.0,-71.875,208.125,-1.52,-0.31
2008-01-01T12:00:00Z,0.0,-71.875,212.125,-1.5,-0.24
2008-01-01T12:00:00Z,0.0,-71.875,216.125,-1.7,-0.38
2008-01-01T12:00:00Z,0.0,-71.875,220.125,-1.65,-0.3
2008-01-01T12:00:00Z,0.0,-71.875,224.125,-1.46,-0.1
2008-01-01T12:00:00Z,0.0,-71.875,228.125,-1.55,-0.14
2008-01-01T12:00:00Z,0.0,-71.875,232.125,-1.61,-0.21
2008-01-01T12:00:00Z,0.0,-71.875,236.125,-1.61,-0.11
2008-01-01T12:00:00Z,0.0,-71.875,240.125,-1.43,-0.14
2008-01-01T12:00:00Z,0.0,-71.875,244.125,-1.63,-0.64
2008-01-01T12:00:00Z,0.0,-71.875,248.125,-1.8,-0.87
2008-01-01T12:00:00Z,0.0,-71.875,252.125,-1.48,-0.2
2008-01-01T12:00:00Z,0.0,-71.875,256.125,-1.36,-0.28
2008-01-01T12:00:00Z,0.0,-71.875,260.125,-1.79,-0.57
2008-01-01T12:00:00Z,0.0,-71.875,264.125,-1.65,-0.24
2008-01-01T12:00:00Z,0.0,-71.875,268.125,-1.66,-0.15
2008-01-01T12:00:00Z,0.0,-71.875,272.125,-1.49,0.02
2008-01-01T12:00:00Z,0.0,-71.875,276.125,-0.54,0.71
2008-01-01T12:00:00Z,0.0,-71.875,280.125,-1.7,-0.86
2008-01-01T12:00:00Z,0.0,-71.875,284.125,-0.83,-0.09
2008-01-01T12:00:00Z,0.0,-71.875,288.125,-1.72,-0.67
2008-01-01T12:00:00Z,0.0,-71.875,292.125,-1.37,-0.03
2008-01-01T12:00:00Z,0.0,-71.875,296.125,NaN,NaN
2008-01-01T12:00:00Z,0.0,-71.875,300.125,-1.55,-0.09
2008-01-01T12:00:00Z,0.0,-71.875,304.125,-1.8,-0.14
2008-01-01T12:00:00Z,0.0,-71.875,308.125,-1.77,-0.04
2008-01-01T12:00:00Z,0.0,-71.875,312.125,-1.75,-0.02
2008-01-01T12:00:00Z,0.0,-71.875,316.125,-1.67,0.02
2008-01-01T12:00:00Z,0.0,-71.875,320.125,-1.57,0.02
2008-01-01T12:00:00Z,0.0,-71.875,324.125,-1.49,-0.06
2008-01-01T12:00:00Z,0.0,-71.875,328.125,-1.29,-0.08
2008-01-01T12:00:00Z,0.0,-71.875,332.125,-1.6,-0.58
2008-01-01T12:00:00Z,0.0,-71.875,336.125,-1.79,-0.87
2008-01-01T12:00:00Z,0.0,-71.875,340.125,-1.79,-1.05
2008-01-01T12:00:00Z,0.0,-71.875,344.125,-1.68,-0.85
2008-01-01T12:00:00Z,0.0,-71.875,348.125,-1.67,-0.82
2008-01-01T12:00:00Z,0.0,-71.875,352.125,NaN,NaN
2008-01-01T12:00:00Z,0.0,-71.875,356.125,NaN,NaN
2008-01-01T12:00:00Z,0.0,-67.875,0.125,-1.63,-1.36
2008-01-01T12:00:00Z,0.0,-67.875,4.125,-1.13,-0.91
2008-01-01T12:00:00Z,0.0,-67.875,8.125,-1.49,-1.12
2008-01-01T12:00:00Z,0.0,-67.875,12.125,-1.18,-0.64
2008-01-01T12:00:00Z,0.0,-67.875,16.125,-1.05,-0.51
2008-01-01T12:00:00Z,0.0,-67.875,20.125,-1.4,-0.99
2008-01-01T12:00:00Z,0.0,-67.875,24.125,-1.01,-0.41
2008-01-01T12:00:00Z,0.0,-67.875,28.125,-1.12,-0.25
2008-01-01T12:00:00Z,0.0,-67.875,32.125,-1.09,-0.11
2008-01-01T12:00:00Z,0.0,-67.875,36.125,-1.24,-0.13
2008-01-01T12:00:00Z,0.0,-67.875,40.125,-1.14,0.03
2008-01-01T12:00:00Z,0.0,-67.875,44.125,-1.78,-0.51
2008-01-01T12:00:00Z,0.0,-67.875,48.125,NaN,NaN
2008-01-01T12:00:00Z,0.0,-67.875,52.125,NaN,NaN
2008-01-01T12:00:00Z,0.0,-67.875,56.125,NaN,NaN
2008-01-01T12:00:00Z,0.0,-67.875,60.125,NaN,NaN
2008-01-01T12:00:00Z,0.0,-67.875,64.125,NaN,NaN
2008-01-01T12:00:00Z,0.0,-67.875,68.125,NaN,NaN
2008-01-01T12:00:00Z,0.0,-67.875,72.125,-1.79,-1.48
2008-01-01T12:00:00Z,0.0,-67.875,76.125,-0.27,-0.3
2008-01-01T12:00:00Z,0.0,-67.875,80.125,-0.39,0.33
2008-01-01T12:00:00Z,0.0,-67.875,84.125,NaN,NaN
2008-01-01T12:00:00Z,0.0,-67.875,88.125,NaN,NaN
2008-01-01T12:00:00Z,0.0,-67.875,92.125,NaN,NaN
2008-01-01T12:00:00Z,0.0,-67.875,96.125,NaN,NaN
2008-01-01T12:00:00Z,0.0,-67.875,100.125,NaN,NaN
2008-01-01T12:00:00Z,0.0,-67.875,104.125,NaN,NaN
2008-01-01T12:00:00Z,0.0,-67.875,108.125,NaN,NaN
2008-01-01T12:00:00Z,0.0,-67.875,112.125,NaN,NaN
2008-01-01T12:00:00Z,0.0,-67.875,116.125,NaN,NaN
2008-01-01T12:00:00Z,0.0,-67.875,120.125,NaN,NaN
2008-01-01T12:00:00Z,0.0,-67.875,124.125,NaN,NaN
2008-01-01T12:00:00Z,0.0,-67.875,128.125,NaN,NaN
2008-01-01T12:00:00Z,0.0,-67.875,132.125,NaN,NaN
2008-01-01T12:00:00Z,0.0,-67.875,136.125,NaN,NaN
2008-01-01T12:00:00Z,0.0,-67.875,140.125,NaN,NaN
2008-01-01T12:00:00Z,0.0,-67.875,144.125,NaN,NaN
2008-01-01T12:00:00Z,0.0,-67.875,148.125,-1.7,-0.78
2008-01-01T12:00:00Z,0.0,-67.875,152.125,-1.76,-0.37
2008-01-01T12:00:00Z,0.0,-67.875,156.125,-1.54,-0.26
2008-01-01T12:00:00Z,0.0,-67.875,160.125,-1.73,-0.52
2008-01-01T12:00:00Z,0.0,-67.875,164.125,-1.58,-0.52
2008-01-01T12:00:00Z,0.0,-67.875,168.125,-1.78,-0.84
2008-01-01T12:00:00Z,0.0,-67.875,172.125,-1.77,-0.99
2008-01-01T12:00:00Z,0.0,-67.875,176.125,-1.78,-1.16
2008-01-01T12:00:00Z,0.0,-67.875,180.125,-1.57,-1.14
2008-01-01T12:00:00Z,0.0,-67.875,184.125,-1.61,-1.17
2008-01-01T12:00:00Z,0.0,-67.875,188.125,-1.62,-1.1
2008-01-01T12:00:00Z,0.0,-67.875,192.125,-1.38,-0.78
2008-01-01T12:00:00Z,0.0,-67.875,196.125,-1.34,-0.7
2008-01-01T12:00:00Z,0.0,-67.875,200.125,-1.36,-0.67
2008-01-01T12:00:00Z,0.0,-67.875,204.125,-1.52,-0.75
2008-01-01T12:00:00Z,0.0,-67.875,208.125,-1.42,-0.62
2008-01-01T12:00:00Z,0.0,-67.875,212.125,-1.6,-0.78
2008-01-01T12:00:00Z,0.0,-67.875,216.125,-1.76,-1.01
2008-01-01T12:00:00Z,0.0,-67.875,220.125,-1.71,-1.02
2008-01-01T12:00:00Z,0.0,-67.875,224.125,-1.4,-0.8
2008-01-01T12:00:00Z,0.0,-67.875,228.125,-1.14,-0.56
2008-01-01T12:00:00Z,0.0,-67.875,232.125,-0.91,-0.38
2008-01-01T12:00:00Z,0.0,-67.875,236.125,-0.61,-0.25
2008-01-01T12:00:00Z,0.0,-67.875,240.125,-0.57,-0.46
2008-01-01T12:00:00Z,0.0,-67.875,244.125,-0.87,-0.91
2008-01-01T12:00:00Z,0.0,-67.875,248.125,0.08,-0.08
2008-01-01T12:00:00Z,0.0,-67.875,252.125,0.34,0.02
2008-01-01T12:00:00Z,0.0,-67.875,256.125,-0.71,-1.16
2008-01-01T12:00:00Z,0.0,-67.875,260.125,0.56,0.0
2008-01-01T12:00:00Z,0.0,-67.875,264.125,-0.13,-0.75
2008-01-01T12:00:00Z,0.0,-67.875,268.125,-0.31,-0.8
2008-01-01T12:00:00Z,0.0,-67.875,272.125,-0.29,-0.68
2008-01-01T12:00:00Z,0.0,-67.875,276.125,-0.6,-1.09
2008-01-01T12:00:00Z,0.0,-67.875,280.125,0.07,-0.25
2008-01-01T12:00:00Z,0.0,-67.875,284.125,-0.76,-0.77
2008-01-01T12:00:00Z,0.0,-67.875,288.125,-0.41,-0.18
2008-01-01T12:00:00Z,0.0,-67.875,292.125,0.11,0.76
2008-01-01T12:00:00Z,0.0,-67.875,296.125,-1.66,-0.64
2008-01-01T12:00:00Z,0.0,-67.875,300.125,-1.8,-0.23
2008-01-01T12:00:00Z,0.0,-67.875,304.125,-1.8,-0.12
2008-01-01T12:00:00Z,0.0,-67.875,308.125,-1.8,-0.18
2008-01-01T12:00:00Z,0.0,-67.875,312.125,-1.79,-0.34
2008-01-01T12:00:00Z,0.0,-67.875,316.125,-1.77,-0.49
2008-01-01T12:00:00Z,0.0,-67.875,320.125,-1.59,-0.5
2008-01-01T12:00:00Z,0.0,-67.875,324.125,-1.38,-0.5
2008-01-01T12:00:00Z,0.0,-67.875,328.125,-1.49,-0.69
2008-01-01T12:00:00Z,0.0,-67.875,332.125,-1.47,-0.69
2008-01-01T12:00:00Z,0.0,-67.875,336.125,-1.6,-0.87
2008-01-01T12:00:00Z,0.0,-67.875,340.125,-1.54,-0.9
2008-01-01T12:00:00Z,0.0,-67.875,344.125,-1.78,-1.22
2008-01-01T12:00:00Z,0.0,-67.875,348.125,-1.8,-1.26
2008-01-01T12:00:00Z,0.0,-67.875,352.125,-1.76,-1.24
2008-01-01T12:00:00Z,0.0,-67.875,356.125,-1.68,-1.28
2008-01-01T12:00:00Z,0.0,-63.875,0.125,-1.01,-1.14
2008-01-01T12:00:00Z,0.0,-63.875,4.125,-0.9,-1.07
2008-01-01T12:00:00Z,0.0,-63.875,8.125,-1.2,-1.45
2008-01-01T12:00:00Z,0.0,-63.875,12.125,-1.05,-1.33
2008-01-01T12:00:00Z,0.0,-63.875,16.125,-0.95,-1.16
2008-01-01T12:00:00Z,0.0,-63.875,20.125,-1.31,-1.43
2008-01-01T12:00:00Z,0.0,-63.875,24.125,-0.59,-0.69
2008-01-01T12:00:00Z,0.0,-63.875,28.125,-0.81,-0.98
2008-01-01T12:00:00Z,0.0,-63.875,32.125,-0.69,-0.91
2008-01-01T12:00:00Z,0.0,-63.875,36.125,-0.92,-1.28
2008-01-01T12:00:00Z,0.0,-63.875,40.125,-0.41,-0.84
2008-01-01T12:00:00Z,0.0,-63.875,44.125,-0.59,-0.99
2008-01-01T12:00:00Z,0.0,-63.875,48.125,-0.48,-0.77
2008-01-01T12:00:00Z,0.0,-63.875,52.125,-0.47,-0.66
2008-01-01T12:00:00Z,0.0,-63.875,56.125,-0.82,-0.97
2008-01-01T12:00:00Z,0.0,-63.875,60.125,-0.03,-0.38
2008-01-01T12:00:00Z,0.0,-63.875,64.125,-0.32,-0.63
2008-01-01T12:00:00Z,0.0,-63.875,68.125,-0.48,-0.68
2008-01-01T12:00:00Z,0.0,-63.875,72.125,0.22,-0.14
2008-01-01T12:00:00Z,0.0,-63.875,76.125,-0.4,-0.82
2008-01-01T12:00:00Z,0.0,-63.875,80.125,-0.41,-0.63
2008-01-01T12:00:00Z,0.0,-63.875,84.125,-0.93,-0.89
2008-01-01T12:00:00Z,0.0,-63.875,88.125,-0.23,-0.29
2008-01-01T12:00:00Z,0.0,-63.875,92.125,-0.2,-0.24
2008-01-01T12:00:00Z,0.0,-63.875,96.125,-1.39,-0.9
2008-01-01T12:00:00Z,0.0,-63.875,100.125,-1.75,-1.18
2008-01-01T12:00:00Z,0.0,-63.875,104.125,-1.0,-0.84
2008-01-01T12:00:00Z,0.0,-63.875,108.125,0.86,0.68
2008-01-01T12:00:00Z,0.0,-63.875,112.125,0.03,-0.32
2008-01-01T12:00:00Z,0.0,-63.875,116.125,-0.62,-0.81
2008-01-01T12:00:00Z,0.0,-63.875,120.125,1.54,1.22
2008-01-01T12:00:00Z,0.0,-63.875,124.125,1.31,0.94
2008-01-01T12:00:00Z,0.0,-63.875,128.125,0.84,0.45
2008-01-01T12:00:00Z,0.0,-63.875,132.125,1.14,0.64
2008-01-01T12:00:00Z,0.0,-63.875,136.125,0.26,-0.09
2008-01-01T12:00:00Z,0.0,-63.875,140.125,0.63,0.05
2008-01-01T12:00:00Z,0.0,-63.875,144.125,1.22,0.51
2008-01-01T12:00:00Z,0.0,-63.875,148.125,0.53,-0.08
2008-01-01T12:00:00Z,0.0,-63.875,152.125,-0.52,-0.88
2008-01-01T12:00:00Z,0.0,-63.875,156.125,-1.1,-1.43
2008-01-01T12:00:00Z,0.0,-63.875,160.125,-1.11,-1.33
2008-01-01T12:00:00Z,0.0,-63.875,164.125,-0.97,-1.32
2008-01-01T12:00:00Z,0.0,-63.875,168.125,-0.8,-1.44
2008-01-01T12:00:00Z,0.0,-63.875,172.125,-0.68,-1.71
2008-01-01T12:00:00Z,0.0,-63.875,176.125,0.4,-1.05
2008-01-01T12:00:00Z,0.0,-63.875,180.125,0.45,-1.23
2008-01-01T12:00:00Z,0.0,-63.875,184.125,-0.14,-1.49
2008-01-01T12:00:00Z,0.0,-63.875,188.125,-0.56,-1.38
2008-01-01T12:00:00Z,0.0,-63.875,192.125,-1.17,-1.56
2008-01-01T12:00:00Z,0.0,-63.875,196.125,-1.44,-1.64
2008-01-01T12:00:00Z,0.0,-63.875,200.125,-1.23,-1.36
2008-01-01T12:00:00Z,0.0,-63.875,204.125,-1.19,-1.27
2008-01-01T12:00:00Z,0.0,-63.875,208.125,-1.17,-1.12
2008-01-01T12:00:00Z,0.0,-63.875,212.125,-0.58,-0.49
2008-01-01T12:00:00Z,0.0,-63.875,216.125,-0.25,-0.23
2008-01-01T12:00:00Z,0.0,-63.875,220.125,-0.9,-0.98
2008-01-01T12:00:00Z,0.0,-63.875,224.125,-0.6,-0.86
2008-01-01T12:00:00Z,0.0,-63.875,228.125,-0.05,-0.56
2008-01-01T12:00:00Z,0.0,-63.875,232.125,0.53,-0.48
2008-01-01T12:00:00Z,0.0,-63.875,236.125,0.84,-0.59
2008-01-01T12:00:00Z,0.0,-63.875,240.125,0.54,-1.06
2008-01-01T12:00:00Z,0.0,-63.875,244.125,2.06,0.09
2008-01-01T12:00:00Z,0.0,-63.875,248.125,2.63,0.39
2008-01-01T12:00:00Z,0.0,-63.875,252.125,2.61,0.51
2008-01-01T12:00:00Z,0.0,-63.875,256.125,2.43,0.42
2008-01-01T12:00:00Z,0.0,-63.875,260.125,2.31,0.19
2008-01-01T12:00:00Z,0.0,-63.875,264.125,2.23,0.07
2008-01-01T12:00:00Z,0.0,-63.875,268.125,2.35,0.18
2008-01-01T12:00:00Z,0.0,-63.875,272.125,2.27,-0.28
2008-01-01T12:00:00Z,0.0,-63.875,276.125,2.92,0.46
2008-01-01T12:00:00Z,0.0,-63.875,280.125,1.7,-0.61
2008-01-01T12:00:00Z,0.0,-63.875,284.125,1.15,-1.08
2008-01-01T12:00:00Z,0.0,-63.875,288.125,0.48,-1.31
2008-01-01T12:00:00Z,0.0,-63.875,292.125,-0.03,-1.26
2008-01-01T12:00:00Z,0.0,-63.875,296.125,0.33,-0.31
2008-01-01T12:00:00Z,0.0,-63.875,300.125,-0.93,-0.87
2008-01-01T12:00:00Z,0.0,-63.875,304.125,-0.56,-0.13
2008-01-01T12:00:00Z,0.0,-63.875,308.125,-1.02,-0.61
2008-01-01T12:00:00Z,0.0,-63.875,312.125,-1.43,-1.06
2008-01-01T12:00:00Z,0.0,-63.875,316.125,-1.48,-1.04
2008-01-01T12:00:00Z,0.0,-63.875,320.125,-1.7,-1.12
2008-01-01T12:00:00Z,0.0,-63.875,324.125,-1.44,-0.88
2008-01-01T12:00:00Z,0.0,-63.875,328.125,-1.66,-1.05
2008-01-01T12:00:00Z,0.0,-63.875,332.125,-1.69,-1.05
2008-01-01T12:00:00Z,0.0,-63.875,336.125,-1.69,-1.06
2008-01-01T12:00:00Z,0.0,-63.875,340.125,-1.62,-1.04
2008-01-01T12:00:00Z,0.0,-63.875,344.125,-1.59,-1.07
2008-01-01T12:00:00Z,0.0,-63.875,348.125,-1.63,-1.22
2008-01-01T12:00:00Z,0.0,-63.875,352.125,-1.68,-1.4
2008-01-01T12:00:00Z,0.0,-63.875,356.125,-1.1,-1.03
2008-01-01T12:00:00Z,0.0,-59.875,0.125,-1.49,-1.5
2008-01-01T12:00:00Z,0.0,-59.875,4.125,-1.21,-1.21
2008-01-01T12:00:00Z,0.0,-59.875,8.125,-1.01,-1.03
2008-01-01T12:00:00Z,0.0,-59.875,12.125,-0.76,-0.84
2008-01-01T12:00:00Z,0.0,-59.875,16.125,-1.18,-1.3
2008-01-01T12:00:00Z,0.0,-59.875,20.125,-1.16,-1.38
2008-01-01T12:00:00Z,0.0,-59.875,24.125,-0.48,-1.01
2008-01-01T12:00:00Z,0.0,-59.875,28.125,-0.32,-1.05
2008-01-01T12:00:00Z,0.0,-59.875,32.125,-0.27,-0.98
2008-01-01T12:00:00Z,0.0,-59.875,36.125,0.28,-0.48
2008-01-01T12:00:00Z,0.0,-59.875,40.125,0.2,-0.49
2008-01-01T12:00:00Z,0.0,-59.875,44.125,-0.03,-0.75
2008-01-01T12:00:00Z,0.0,-59.875,48.125,0.17,-0.58
2008-01-01T12:00:00Z,0.0,-59.875,52.125,-0.25,-0.89
2008-01-01T12:00:00Z,0.0,-59.875,56.125,-0.35,-0.96
2008-01-01T12:00:00Z,0.0,-59.875,60.125,0.2,-0.46
2008-01-01T12:00:00Z,0.0,-59.875,64.125,-0.1,-0.84
2008-01-01T12:00:00Z,0.0,-59.875,68.125,-0.03,-0.74
2008-01-01T12:00:00Z,0.0,-59.875,72.125,0.12,-0.4
2008-01-01T12:00:00Z,0.0,-59.875,76.125,-0.17,-0.62
2008-01-01T12:00:00Z,0.0,-59.875,80.125,0.35,-0.2
2008-01-01T12:00:00Z,0.0,-59.875,84.125,0.49,-0.28
2008-01-01T12:00:00Z,0.0,-59.875,88.125,0.94,-0.28
2008-01-01T12:00:00Z,0.0,-59.875,92.125,0.95,-0.13
2008-01-01T12:00:00Z,0.0,-59.875,96.125,1.03,0.06
2008-01-01T12:00:00Z,0.0,-59.875,100.125,1.18,0.12
2008-01-01T12:00:00Z,0.0,-59.875,104.125,1.01,-0.32
2008-01-01T12:00:00Z,0.0,-59.875,108.125,1.36,-0.01
2008-01-01T12:00:00Z,0.0,-59.875,112.125,1.95,0.41
2008-01-01T12:00:00Z,0.0,-59.875,116.125,1.65,-0.11
2008-01-01T12:00:00Z,0.0,-59.875,120.125,2.03,0.3
2008-01-01T12:00:00Z,0.0,-59.875,124.125,1.7,-0.23
2008-01-01T12:00:00Z,0.0,-59.875,128.125,2.33,0.1
2008-01-01T12:00:00Z,0.0,-59.875,132.125,2.92,0.54
2008-01-01T12:00:00Z,0.0,-59.875,136.125,2.39,0.12
2008-01-01T12:00:00Z,0.0,-59.875,140.125,2.53,0.24
2008-01-01T12:00:00Z,0.0,-59.875,144.125,2.55,0.36
2008-01-01T12:00:00Z,0.0,-59.875,148.125,1.24,-0.31
2008-01-01T12:00:00Z,0.0,-59.875,152.125,0.35,-1.18
2008-01-01T12:00:00Z,0.0,-59.875,156.125,0.77,-1.31
2008-01-01T12:00:00Z,0.0,-59.875,160.125,1.54,-0.89
2008-01-01T12:00:00Z,0.0,-59.875,164.125,3.72,0.27
2008-01-01T12:00:00Z,0.0,-59.875,168.125,3.79,-0.68
2008-01-01T12:00:00Z,0.0,-59.875,172.125,4.19,-0.91
2008-01-01T12:00:00Z,0.0,-59.875,176.125,3.17,-1.58
2008-01-01T12:00:00Z,0.0,-59.875,180.125,3.43,-0.96
2008-01-01T12:00:00Z,0.0,-59.875,184.125,3.26,-0.85
2008-01-01T12:00:00Z,0.0,-59.875,188.125,2.64,-1.13
2008-01-01T12:00:00Z,0.0,-59.875,192.125,1.21,-2.09
2008-01-01T12:00:00Z,0.0,-59.875,196.125,0.27,-2.53
2008-01-01T12:00:00Z,0.0,-59.875,200.125,0.74,-1.43
2008-01-01T12:00:00Z,0.0,-59.875,204.125,0.17,-1.31
2008-01-01T12:00:00Z,0.0,-59.875,208.125,-0.12,-0.91
2008-01-01T12:00:00Z,0.0,-59.875,212.125,0.52,-0.03
2008-01-01T12:00:00Z,0.0,-59.875,216.125,0.39,-0.43
2008-01-01T12:00:00Z,0.0,-59.875,220.125,1.15,-0.15
2008-01-01T12:00:00Z,0.0,-59.875,224.125,1.53,-0.1
2008-01-01T12:00:00Z,0.0,-59.875,228.125,1.62,-0.55
2008-01-01T12:00:00Z,0.0,-59.875,232.125,1.8,-0.92
2008-01-01T12:00:00Z,0.0,-59.875,236.125,2.53,-0.75
2008-01-01T12:00:00Z,0.0,-59.875,240.125,2.93,-0.59
2008-01-01T12:00:00Z,0.0,-59.875,244.125,2.88,-1.02
2008-01-01T12:00:00Z,0.0,-59.875,248.125,3.84,-0.33
2008-01-01T12:00:00Z,0.0,-59.875,252.125,3.38,-0.9
2008-01-01T12:00:00Z,0.0,-59.875,256.125,4.8,0.28
2008-01-01T12:00:00Z,0.0,-59.875,260.125,4.92,0.07
2008-01-01T12:00:00Z,0.0,-59.875,264.125,4.19,-0.71
2008-01-01T12:00:00Z,0.0,-59.875,268.125,4.64,-0.26
2008-01-01T12:00:00Z,0.0,-59.875,272.125,5.36,0.15
2008-01-01T12:00:00Z,0.0,-59.875,276.125,4.65,-0.81
2008-01-01T12:00:00Z,0.0,-59.875,280.125,5.06,-0.57
2008-01-01T12:00:00Z,0.0,-59.875,284.125,4.59,-1.06
2008-01-01T12:00:00Z,0.0,-59.875,288.125,3.56,-1.56
2008-01-01T12:00:00Z,0.0,-59.875,292.125,3.4,-0.77
2008-01-01T12:00:00Z,0.0,-59.875,296.125,1.22,-1.55
2008-01-01T12:00:00Z,0.0,-59.875,300.125,1.69,-0.32
2008-01-01T12:00:00Z,0.0,-59.875,304.125,1.55,-0.02
2008-01-01T12:00:00Z,0.0,-59.875,308.125,1.42,0.25
2008-01-01T12:00:00Z,0.0,-59.875,312.125,0.65,-0.37
2008-01-01T12:00:00Z,0.0,-59.875,316.125,0.57,-0.34
2008-01-01T12:00:00Z,0.0,-59.875,320.125,-0.82,-1.33
2008-01-01T12:00:00Z,0.0,-59.875,324.125,-0.98,-1.3
2008-01-01T12:00:00Z,0.0,-59.875,328.125,-0.7,-0.84
2008-01-01T12:00:00Z,0.0,-59.875,332.125,-1.01,-0.96
2008-01-01T12:00:00Z,0.0,-59.875,336.125,-0.5,-0.7
2008-01-01T12:00:00Z,0.0,-59.875,340.125,-0.51,-0.63
2008-01-01T12:00:00Z,0.0,-59.875,344.125,-0.42,-0.32
2008-01-01T12:00:00Z,0.0,-59.875,348.125,-0.98,-0.82
2008-01-01T12:00:00Z,0.0,-59.875,352.125,-0.85,-0.7
2008-01-01T12:00:00Z,0.0,-59.875,356.125,-1.08,-0.99
2008-01-01T12:00:00Z,0.0,-55.875,0.125,0.45,-0.02
2008-01-01T12:00:00Z,0.0,-55.875,4.125,0.16,-0.28
2008-01-01T12:00:00Z,0.0,-55.875,8.125,-0.06,-0.45
2008-01-01T12:00:00Z,0.0,-55.875,12.125,-0.25,-0.63
2008-01-01T12:00:00Z,0.0,-55.875,16.125,-0.43,-1.0
2008-01-01T12:00:00Z,0.0,-55.875,20.125,-0.12,-0.68
2008-01-01T12:00:00Z,0.0,-55.875,24.125,-0.15,-1.0
2008-01-01T12:00:00Z,0.0,-55.875,28.125,0.86,-0.71
2008-01-01T12:00:00Z,0.0,-55.875,32.125,1.17,-0.58
2008-01-01T12:00:00Z,0.0,-55.875,36.125,1.18,-0.71
2008-01-01T12:00:00Z,0.0,-55.875,40.125,0.98,-0.66
2008-01-01T12:00:00Z,0.0,-55.875,44.125,0.67,-0.65
2008-01-01T12:00:00Z,0.0,-55.875,48.125,1.03,-0.5
2008-01-01T12:00:00Z,0.0,-55.875,52.125,1.39,-0.36
2008-01-01T12:00:00Z,0.0,-55.875,56.125,1.25,-0.65
2008-01-01T12:00:00Z,0.0,-55.875,60.125,1.65,-0.31
2008-01-01T12:00:00Z,0.0,-55.875,64.125,2.09,0.02
2008-01-01T12:00:00Z,0.0,-55.875,68.125,1.57,-0.47
2008-01-01T12:00:00Z,0.0,-55.875,72.125,1.07,-0.68
2008-01-01T12:00:00Z,0.0,-55.875,76.125,1.42,0.14
2008-01-01T12:00:00Z,0.0,-55.875,80.125,1.05,0.02
2008-01-01T12:00:00Z,0.0,-55.875,84.125,2.1,0.19
2008-01-01T12:00:00Z,0.0,-55.875,88.125,1.69,-0.5
2008-01-01T12:00:00Z,0.0,-55.875,92.125,2.04,0.01
2008-01-01T12:00:00Z,0.0,-55.875,96.125,2.26,0.16
2008-01-01T12:00:00Z,0.0,-55.875,100.125,1.48,-0.42
2008-01-01T12:00:00Z,0.0,-55.875,104.125,2.05,0.03
2008-01-01T12:00:00Z,0.0,-55.875,108.125,3.06,0.59
2008-01-01T12:00:00Z,0.0,-55.875,112.125,2.61,-0.29
2008-01-01T12:00:00Z,0.0,-55.875,116.125,2.99,-0.41
2008-01-01T12:00:00Z,0.0,-55.875,120.125,3.52,-0.07
2008-01-01T12:00:00Z,0.0,-55.875,124.125,3.97,0.13
2008-01-01T12:00:00Z,0.0,-55.875,128.125,4.68,0.63
2008-01-01T12:00:00Z,0.0,-55.875,132.125,5.11,0.84
2008-01-01T12:00:00Z,0.0,-55.875,136.125,4.32,-0.06
2008-01-01T12:00:00Z,0.0,-55.875,140.125,4.35,0.3
2008-01-01T12:00:00Z,0.0,-55.875,144.125,3.54,0.27
2008-01-01T12:00:00Z,0.0,-55.875,148.125,2.42,-1.12
2008-01-01T12:00:00Z,0.0,-55.875,152.125,3.67,-1.13
2008-01-01T12:00:00Z,0.0,-55.875,156.125,6.04,0.61
2008-01-01T12:00:00Z,0.0,-55.875,160.125,4.19,-1.0
2008-01-01T12:00:00Z,0.0,-55.875,164.125,6.02,-0.78
2008-01-01T12:00:00Z,0.0,-55.875,168.125,6.79,-0.84
2008-01-01T12:00:00Z,0.0,-55.875,172.125,6.51,-0.88
2008-01-01T12:00:00Z,0.0,-55.875,176.125,6.46,-0.7
2008-01-01T12:00:00Z,0.0,-55.875,180.125,7.31,-0.27
2008-01-01T12:00:00Z,0.0,-55.875,184.125,6.69,-0.78
2008-01-01T12:00:00Z,0.0,-55.875,188.125,5.73,-1.15
2008-01-01T12:00:00Z,0.0,-55.875,192.125,6.5,-0.01
2008-01-01T12:00:00Z,0.0,-55.875,196.125,4.95,-1.22
2008-01-01T12:00:00Z,0.0,-55.875,200.125,4.61,-1.22
2008-01-01T12:00:00Z,0.0,-55.875,204.125,4.14,-1.31
2008-01-01T12:00:00Z,0.0,-55.875,208.125,2.7,-1.94
2008-01-01T12:00:00Z,0.0,-55.875,212.125,2.51,-1.53
2008-01-01T12:00:00Z,0.0,-55.875,216.125,3.78,-0.55
2008-01-01T12:00:00Z,0.0,-55.875,220.125,5.58,0.36
2008-01-01T12:00:00Z,0.0,-55.875,224.125,3.39,-1.59
2008-01-01T12:00:00Z,0.0,-55.875,228.125,4.93,-0.46
2008-01-01T12:00:00Z,0.0,-55.875,232.125,5.16,-1.08
2008-01-01T12:00:00Z,0.0,-55.875,236.125,6.4,-0.08
2008-01-01T12:00:00Z,0.0,-55.875,240.125,6.71,0.48
2008-01-01T12:00:00Z,0.0,-55.875,244.125,6.14,-0.24
2008-01-01T12:00:00Z,0.0,-55.875,248.125,5.25,-1.36
2008-01-01T12:00:00Z,0.0,-55.875,252.125,6.54,-0.17
2008-01-01T12:00:00Z,0.0,-55.875,256.125,6.22,-0.5
2008-01-01T12:00:00Z,0.0,-55.875,260.125,6.77,0.02
2008-01-01T12:00:00Z,0.0,-55.875,264.125,6.93,0.14
2008-01-01T12:00:00Z,0.0,-55.875,268.125,6.59,-0.22
2008-01-01T12:00:00Z,0.0,-55.875,272.125,6.4,-0.5
2008-01-01T12:00:00Z,0.0,-55.875,276.125,6.31,-0.64
2008-01-01T12:00:00Z,0.0,-55.875,280.125,6.37,-0.68
2008-01-01T12:00:00Z,0.0,-55.875,284.125,6.09,-1.14
2008-01-01T12:00:00Z,0.0,-55.875,288.125,5.88,-1.76
2008-01-01T12:00:00Z,0.0,-55.875,292.125,7.96,0.38
2008-01-01T12:00:00Z,0.0,-55.875,296.125,4.89,-1.88
2008-01-01T12:00:00Z,0.0,-55.875,300.125,6.11,-0.21
2008-01-01T12:00:00Z,0.0,-55.875,304.125,5.75,0.16
2008-01-01T12:00:00Z,0.0,-55.875,308.125,3.09,-1.64
2008-01-01T12:00:00Z,0.0,-55.875,312.125,3.72,0.01
2008-01-01T12:00:00Z,0.0,-55.875,316.125,2.58,-0.13
2008-01-01T12:00:00Z,0.0,-55.875,320.125,1.67,-0.4
2008-01-01T12:00:00Z,0.0,-55.875,324.125,2.23,0.5
2008-01-01T12:00:00Z,0.0,-55.875,328.125,0.7,-0.35
2008-01-01T12:00:00Z,0.0,-55.875,332.125,-0.12,-1.08
2008-01-01T12:00:00Z,0.0,-55.875,336.125,0.6,-0.78
2008-01-01T12:00:00Z,0.0,-55.875,340.125,0.56,-0.8
2008-01-01T12:00:00Z,0.0,-55.875,344.125,0.62,-0.71
2008-01-01T12:00:00Z,0.0,-55.875,348.125,0.32,-0.71
2008-01-01T12:00:00Z,0.0,-55.875,352.125,0.23,-0.47
2008-01-01T12:00:00Z,0.0,-55.875,356.125,-0.43,-0.92
2008-01-01T12:00:00Z,0.0,-51.875,0.125,1.99,-0.27
2008-01-01T12:00:00Z,0.0,-51.875,4.125,1.81,-0.48
2008-01-01T12:00:00Z,0.0,-51.875,8.125,2.5,0.13
2008-01-01T12:00:00Z,0.0,-51.875,12.125,2.14,0.3
2008-01-01T12:00:00Z,0.0,-51.875,16.125,1.38,-0.56
2008-01-01T12:00:00Z,0.0,-51.875,20.125,1.09,-0.68
2008-01-01T12:00:00Z,0.0,-51.875,24.125,1.08,-0.64
2008-01-01T12:00:00Z,0.0,-51.875,28.125,1.4,-1.12
2008-01-01T12:00:00Z,0.0,-51.875,32.125,2.77,-0.33
2008-01-01T12:00:00Z,0.0,-51.875,36.125,3.88,0.61
2008-01-01T12:00:00Z,0.0,-51.875,40.125,2.76,-0.19
2008-01-01T12:00:00Z,0.0,-51.875,44.125,2.72,-0.1
2008-01-01T12:00:00Z,0.0,-51.875,48.125,3.58,0.39
2008-01-01T12:00:00Z,0.0,-51.875,52.125,3.48,0.06
2008-01-01T12:00:00Z,0.0,-51.875,56.125,3.0,-0.38
2008-01-01T12:00:00Z,0.0,-51.875,60.125,3.49,0.02
2008-01-01T12:00:00Z,0.0,-51.875,64.125,3.43,0.04
2008-01-01T12:00:00Z,0.0,-51.875,68.125,3.08,-0.21
2008-01-01T12:00:00Z,0.0,-51.875,72.125,2.81,-0.14
2008-01-01T12:00:00Z,0.0,-51.875,76.125,2.27,-0.34
2008-01-01T12:00:00Z,0.0,-51.875,80.125,2.57,0.07
2008-01-01T12:00:00Z,0.0,-51.875,84.125,1.96,-1.73
2008-01-01T12:00:00Z,0.0,-51.875,88.125,4.26,-0.31
2008-01-01T12:00:00Z,0.0,-51.875,92.125,4.0,-0.85
2008-01-01T12:00:00Z,0.0,-51.875,96.125,4.52,0.03
2008-01-01T12:00:00Z,0.0,-51.875,100.125,4.55,0.12
2008-01-01T12:00:00Z,0.0,-51.875,104.125,4.45,0.13
2008-01-01T12:00:00Z,0.0,-51.875,108.125,4.01,-0.08
2008-01-01T12:00:00Z,0.0,-51.875,112.125,3.64,-0.32
2008-01-01T12:00:00Z,0.0,-51.875,116.125,4.7,0.06
2008-01-01T12:00:00Z,0.0,-51.875,120.125,4.5,-0.92
2008-01-01T12:00:00Z,0.0,-51.875,124.125,6.11,-0.01
2008-01-01T12:00:00Z,0.0,-51.875,128.125,7.54,0.87
2008-01-01T12:00:00Z,0.0,-51.875,132.125,6.41,-0.51
2008-01-01T12:00:00Z,0.0,-51.875,136.125,6.85,-0.11
2008-01-01T12:00:00Z,0.0,-51.875,140.125,6.37,-0.43
2008-01-01T12:00:00Z,0.0,-51.875,144.125,7.31,0.11
2008-01-01T12:00:00Z,0.0,-51.875,148.125,7.91,-0.34
2008-01-01T12:00:00Z,0.0,-51.875,152.125,7.11,-1.35
2008-01-01T12:00:00Z,0.0,-51.875,156.125,8.06,-0.91
2008-01-01T12:00:00Z,0.0,-51.875,160.125,8.73,-0.42
2008-01-01T12:00:00Z,0.0,-51.875,164.125,9.05,-0.55
2008-01-01T12:00:00Z,0.0,-51.875,168.125,8.83,-0.57
2008-01-01T12:00:00Z,0.0,-51.875,172.125,9.12,-0.12
2008-01-01T12:00:00Z,0.0,-51.875,176.125,7.96,-0.73
2008-01-01T12:00:00Z,0.0,-51.875,180.125,9.04,-0.22
2008-01-01T12:00:00Z,0.0,-51.875,184.125,9.63,-0.43
2008-01-01T12:00:00Z,0.0,-51.875,188.125,9.05,-0.99
2008-01-01T12:00:00Z,0.0,-51.875,192.125,8.89,-0.74
2008-01-01T12:00:00Z,0.0,-51.875,196.125,9.42,-0.18
2008-01-01T12:00:00Z,0.0,-51.875,200.125,9.54,-0.05
2008-01-01T12:00:00Z,0.0,-51.875,204.125,8.46,-0.97
2008-01-01T12:00:00Z,0.0,-51.875,208.125,9.47,0.08
2008-01-01T12:00:00Z,0.0,-51.875,212.125,9.19,-0.1
2008-01-01T12:00:00Z,0.0,-51.875,216.125,9.15,0.11
2008-01-01T12:00:00Z,0.0,-51.875,220.125,9.66,0.86
2008-01-01T12:00:00Z,0.0,-51.875,224.125,9.44,0.81
2008-01-01T12:00:00Z,0.0,-51.875,228.125,8.85,0.24
2008-01-01T12:00:00Z,0.0,-51.875,232.125,8.84,0.38
2008-01-01T12:00:00Z,0.0,-51.875,236.125,8.72,0.51
2008-01-01T12:00:00Z,0.0,-51.875,240.125,8.17,0.38
2008-01-01T12:00:00Z,0.0,-51.875,244.125,8.54,0.59
2008-01-01T12:00:00Z,0.0,-51.875,248.125,7.93,-0.22
2008-01-01T12:00:00Z,0.0,-51.875,252.125,7.75,-0.33
2008-01-01T12:00:00Z,0.0,-51.875,256.125,7.74,-0.3
2008-01-01T12:00:00Z,0.0,-51.875,260.125,8.05,0.11
2008-01-01T12:00:00Z,0.0,-51.875,264.125,8.05,0.09
2008-01-01T12:00:00Z,0.0,-51.875,268.125,7.67,-0.32
2008-01-01T12:00:00Z,0.0,-51.875,272.125,7.83,-0.19
2008-01-01T12:00:00Z,0.0,-51.875,276.125,7.38,-0.82
2008-01-01T12:00:00Z,0.0,-51.875,280.125,7.92,-0.66
2008-01-01T12:00:00Z,0.0,-51.875,284.125,8.69,-0.71
2008-01-01T12:00:00Z,0.0,-51.875,288.125,NaN,NaN
2008-01-01T12:00:00Z,0.0,-51.875,292.125,9.63,-0.41
2008-01-01T12:00:00Z,0.0,-51.875,296.125,9.3,-0.32
2008-01-01T12:00:00Z,0.0,-51.875,300.125,9.02,-0.16
2008-01-01T12:00:00Z,0.0,-51.875,304.125,7.66,-0.22
2008-01-01T12:00:00Z,0.0,-51.875,308.125,6.37,-0.54
2008-01-01T12:00:00Z,0.0,-51.875,312.125,5.16,-0.56
2008-01-01T12:00:00Z,0.0,-51.875,316.125,5.09,0.55
2008-01-01T12:00:00Z,0.0,-51.875,320.125,4.03,0.62
2008-01-01T12:00:00Z,0.0,-51.875,324.125,3.75,0.54
2008-01-01T12:00:00Z,0.0,-51.875,328.125,2.34,-0.29
2008-01-01T12:00:00Z,0.0,-51.875,332.125,2.73,-0.45
2008-01-01T12:00:00Z,0.0,-51.875,336.125,4.26,0.62
2008-01-01T12:00:00Z,0.0,-51.875,340.125,3.32,-0.1
2008-01-01T12:00:00Z,0.0,-51.875,344.125,2.5,-0.68
2008-01-01T12:00:00Z,0.0,-51.875,348.125,2.64,-0.06
2008-01-01T12:00:00Z,0.0,-51.875,352.125,1.81,-0.26
2008-01-01T12:00:00Z,0.0,-51.875,356.125,1.86,-0.17
2008-01-01T12:00:00Z,0.0,-47.875,0.125,4.96,-0.9
2008-01-01T12:00:00Z,0.0,-47.875,4.125,5.33,-0.39
2008-01-01T12:00:00Z,0.0,-47.875,8.125,4.87,-0.66
2008-01-01T12:00:00Z,0.0,-47.875,12.125,5.23,-0.42
2008-01-01T12:00:00Z,0.0,-47.875,16.125,5.16,-0.49
2008-01-01T12:00:00Z,0.0,-47.875,20.125,5.15,-0.23
2008-01-01T12:00:00Z,0.0,-47.875,24.125,5.87,0.49
2008-01-01T12:00:00Z,0.0,-47.875,28.125,5.74,-0.18
2008-01-01T12:00:00Z,0.0,-47.875,32.125,7.73,1.25
2008-01-01T12:00:00Z,0.0,-47.875,36.125,5.79,-0.04
2008-01-01T12:00:00Z,0.0,-47.875,40.125,6.25,0.44
2008-01-01T12:00:00Z,0.0,-47.875,44.125,6.47,0.6
2008-01-01T12:00:00Z,0.0,-47.875,48.125,5.91,0.55
2008-01-01T12:00:00Z,0.0,-47.875,52.125,5.3,0.19
2008-01-01T12:00:00Z,0.0,-47.875,56.125,6.39,0.7
2008-01-01T12:00:00Z,0.0,-47.875,60.125,5.62,-0.4
2008-01-01T12:00:00Z,0.0,-47.875,64.125,4.6,-0.64
2008-01-01T12:00:00Z,0.0,-47.875,68.125,4.71,-0.39
2008-01-01T12:00:00Z,0.0,-47.875,72.125,4.18,-1.16
2008-01-01T12:00:00Z,0.0,-47.875,76.125,4.38,-1.9
2008-01-01T12:00:00Z,0.0,-47.875,80.125,6.33,-0.19
2008-01-01T12:00:00Z,0.0,-47.875,84.125,5.41,-1.96
2008-01-01T12:00:00Z,0.0,-47.875,88.125,7.7,-0.17
2008-01-01T12:00:00Z,0.0,-47.875,92.125,6.98,-0.74
2008-01-01T12:00:00Z,0.0,-47.875,96.125,6.52,-0.64
2008-01-01T12:00:00Z,0.0,-47.875,100.125,6.62,-0.57
2008-01-01T12:00:00Z,0.0,-47.875,104.125,7.15,-0.26
2008-01-01T12:00:00Z,0.0,-47.875,108.125,8.3,0.54
2008-01-01T12:00:00Z,0.0,-47.875,112.125,7.25,-1.22
2008-01-01T12:00:00Z,0.0,-47.875,116.125,9.08,0.14
2008-01-01T12:00:00Z,0.0,-47.875,120.125,8.87,-0.32
2008-01-01T12:00:00Z,0.0,-47.875,124.125,9.77,0.11
2008-01-01T12:00:00Z,0.0,-47.875,128.125,9.83,-0.18
2008-01-01T12:00:00Z,0.0,-47.875,132.125,9.95,-0.19
2008-01-01T12:00:00Z,0.0,-47.875,136.125,9.61,-0.62
2008-01-01T12:00:00Z,0.0,-47.875,140.125,10.85,0.18
2008-01-01T12:00:00Z,0.0,-47.875,144.125,10.75,-0.05
2008-01-01T12:00:00Z,0.0,-47.875,148.125,11.56,0.5
2008-01-01T12:00:00Z,0.0,-47.875,152.125,11.2,-0.02
2008-01-01T12:00:00Z,0.0,-47.875,156.125,11.47,0.04
2008-01-01T12:00:00Z,0.0,-47.875,160.125,11.51,0.02
2008-01-01T12:00:00Z,0.0,-47.875,164.125,12.24,0.3
2008-01-01T12:00:00Z,0.0,-47.875,168.125,11.41,-0.21
2008-01-01T12:00:00Z,0.0,-47.875,172.125,11.04,-0.31
2008-01-01T12:00:00Z,0.0,-47.875,176.125,9.39,-1.82
2008-01-01T12:00:00Z,0.0,-47.875,180.125,10.73,-0.6
2008-01-01T12:00:00Z,0.0,-47.875,184.125,11.52,-0.84
2008-01-01T12:00:00Z,0.0,-47.875,188.125,11.75,-0.68
2008-01-01T12:00:00Z,0.0,-47.875,192.125,12.64,0.51
2008-01-01T12:00:00Z,0.0,-47.875,196.125,11.95,0.08
2008-01-01T12:00:00Z,0.0,-47.875,200.125,11.45,-0.31
2008-01-01T12:00:00Z,0.0,-47.875,204.125,11.21,-0.22
2008-01-01T12:00:00Z,0.0,-47.875,208.125,10.95,-0.27
2008-01-01T12:00:00Z,0.0,-47.875,212.125,10.75,-0.25
2008-01-01T12:00:00Z,0.0,-47.875,216.125,10.41,-0.31
2008-01-01T12:00:00Z,0.0,-47.875,220.125,10.6,0.02
2008-01-01T12:00:00Z,0.0,-47.875,224.125,10.45,0.04
2008-01-01T12:00:00Z,0.0,-47.875,228.125,10.5,0.25
2008-01-01T12:00:00Z,0.0,-47.875,232.125,10.55,0.44
2008-01-01T12:00:00Z,0.0,-47.875,236.125,10.6,0.65
2008-01-01T12:00:00Z,0.0,-47.875,240.125,10.27,0.54
2008-01-01T12:00:00Z,0.0,-47.875,244.125,9.85,0.12
2008-01-01T12:00:00Z,0.0,-47.875,248.125,10.44,0.67
2008-01-01T12:00:00Z,0.0,-47.875,252.125,10.35,0.59
2008-01-01T12:00:00Z,0.0,-47.875,256.125,9.69,0.04
2008-01-01T12:00:00Z,0.0,-47.875,260.125,9.62,0.05
2008-01-01T12:00:00Z,0.0,-47.875,264.125,9.85,0.28
2008-01-01T12:00:00Z,0.0,-47.875,268.125,9.56,-0.05
2008-01-01T12:00:00Z,0.0,-47.875,272.125,9.74,0.06
2008-01-01T12:00:00Z,0.0,-47.875,276.125,9.43,-0.58
2008-01-01T12:00:00Z,0.0,-47.875,280.125,9.59,-1.07
2008-01-01T12:00:00Z,0.0,-47.875,284.125,10.63,-1.09
2008-01-01T12:00:00Z,0.0,-47.875,288.125,NaN,NaN
2008-01-01T12:00:00Z,0.0,-47.875,292.125,NaN,NaN
2008-01-01T12:00:00Z,0.0,-47.875,296.125,12.34,-0.38
2008-01-01T12:00:00Z,0.0,-47.875,300.125,10.62,-0.14
2008-01-01T12:00:00Z,0.0,-47.875,304.125,10.34,-0.19
2008-01-01T12:00:00Z,0.0,-47.875,308.125,12.76,1.27
2008-01-01T12:00:00Z,0.0,-47.875,312.125,11.72,0.43
2008-01-01T12:00:00Z,0.0,-47.875,316.125,12.81,2.42
2008-01-01T12:00:00Z,0.0,-47.875,320.125,9.38,0.13
2008-01-01T12:00:00Z,0.0,-47.875,324.125,8.54,0.08
2008-01-01T12:00:00Z,0.0,-47.875,328.125,7.2,-0.34
2008-01-01T12:00:00Z,0.0,-47.875,332.125,5.93,-0.91
2008-01-01T12:00:00Z,0.0,-47.875,336.125,5.91,-0.63
2008-01-01T12:00:00Z,0.0,-47.875,340.125,5.61,-0.98
2008-01-01T12:00:00Z,0.0,-47.875,344.125,6.41,0.21
2008-01-01T12:00:00Z,0.0,-47.875,348.125,4.73,-0.48
2008-01-01T12:00:00Z,0.0,-47.875,352.125,2.94,-1.65
2008-01-01T12:00:00Z,0.0,-47.875,356.125,5.12,-0.33
2008-01-01T12:00:00Z,0.0,-43.875,0.125,8.97,-0.76
2008-01-01T12:00:00Z,0.0,-43.875,4.125,8.54,-1.01
2008-01-01T12:00:00Z,0.0,-43.875,8.125,8.64,-0.53
2008-01-01T12:00:00Z,0.0,-43.875,12.125,8.61,-1.28
2008-01-01T12:00:00Z,0.0,-43.875,16.125,10.75,-0.11
2008-01-01T12:00:00Z,0.0,-43.875,20.125,13.52,2.24
2008-01-01T12:00:00Z,0.0,-43.875,24.125,14.15,2.73
2008-01-01T12:00:00Z,0.0,-43.875,28.125,12.69,1.29
2008-01-01T12:00:00Z,0.0,-43.875,32.125,12.53,1.54
2008-01-01T12:00:00Z,0.0,-43.875,36.125,11.84,1.89
2008-01-01T12:00:00Z,0.0,-43.875,40.125,11.34,1.89
2008-01-01T12:00:00Z,0.0,-43.875,44.125,9.98,1.12
2008-01-01T12:00:00Z,0.0,-43.875,48.125,11.03,2.92
2008-01-01T12:00:00Z,0.0,-43.875,52.125,10.0,1.43
2008-01-01T12:00:00Z,0.0,-43.875,56.125,13.07,2.07
2008-01-01T12:00:00Z,0.0,-43.875,60.125,15.08,2.11
2008-01-01T12:00:00Z,0.0,-43.875,64.125,12.6,0.2
2008-01-01T12:00:00Z,0.0,-43.875,68.125,8.64,-2.85
2008-01-01T12:00:00Z,0.0,-43.875,72.125,9.9,-2.02
2008-01-01T12:00:00Z,0.0,-43.875,76.125,10.76,-0.97
2008-01-01T12:00:00Z,0.0,-43.875,80.125,11.21,0.13
2008-01-01T12:00:00Z,0.0,-43.875,84.125,10.7,-0.65
2008-01-01T12:00:00Z,0.0,-43.875,88.125,10.5,-0.61
2008-01-01T12:00:00Z,0.0,-43.875,92.125,10.14,-0.78
2008-01-01T12:00:00Z,0.0,-43.875,96.125,11.48,0.44
2008-01-01T12:00:00Z,0.0,-43.875,100.125,11.6,0.08
2008-01-01T12:00:00Z,0.0,-43.875,104.125,10.94,-0.58
2008-01-01T12:00:00Z,0.0,-43.875,108.125,11.0,-0.57
2008-01-01T12:00:00Z,0.0,-43.875,112.125,11.35,-0.35
2008-01-01T12:00:00Z,0.0,-43.875,116.125,11.32,-0.43
2008-01-01T12:00:00Z,0.0,-43.875,120.125,11.4,-0.5
2008-01-01T12:00:00Z,0.0,-43.875,124.125,11.56,-0.52
2008-01-01T12:00:00Z,0.0,-43.875,128.125,12.06,-0.13
2008-01-01T12:00:00Z,0.0,-43.875,132.125,12.69,0.37
2008-01-01T12:00:00Z,0.0,-43.875,136.125,12.46,-0.16
2008-01-01T12:00:00Z,0.0,-43.875,140.125,14.21,1.14
2008-01-01T12:00:00Z,0.0,-43.875,144.125,14.52,0.82
2008-01-01T12:00:00Z,0.0,-43.875,148.125,16.7,2.1
2008-01-01T12:00:00Z,0.0,-43.875,152.125,16.82,2.43
2008-01-01T12:00:00Z,0.0,-43.875,156.125,15.58,1.37
2008-01-01T12:00:00Z,0.0,-43.875,160.125,14.46,0.26
2008-01-01T12:00:00Z,0.0,-43.875,164.125,14.66,0.13
2008-01-01T12:00:00Z,0.0,-43.875,168.125,15.88,0.43
2008-01-01T12:00:00Z,0.0,-43.875,172.125,15.94,1.97
2008-01-01T12:00:00Z,0.0,-43.875,176.125,15.06,0.49
2008-01-01T12:00:00Z,0.0,-43.875,180.125,15.38,0.52
2008-01-01T12:00:00Z,0.0,-43.875,184.125,13.84,-1.18
2008-01-01T12:00:00Z,0.0,-43.875,188.125,14.27,-0.47
2008-01-01T12:00:00Z,0.0,-43.875,192.125,14.43,0.18
2008-01-01T12:00:00Z,0.0,-43.875,196.125,13.71,-0.12
2008-01-01T12:00:00Z,0.0,-43.875,200.125,13.05,-0.52
2008-01-01T12:00:00Z,0.0,-43.875,204.125,12.92,-0.48
2008-01-01T12:00:00Z,0.0,-43.875,208.125,13.47,0.18
2008-01-01T12:00:00Z,0.0,-43.875,212.125,12.99,-0.11
2008-01-01T12:00:00Z,0.0,-43.875,216.125,12.61,-0.34
2008-01-01T12:00:00Z,0.0,-43.875,220.125,12.98,0.2
2008-01-01T12:00:00Z,0.0,-43.875,224.125,13.32,0.66
2008-01-01T12:00:00Z,0.0,-43.875,228.125,12.7,0.06
2008-01-01T12:00:00Z,0.0,-43.875,232.125,12.89,0.37
2008-01-01T12:00:00Z,0.0,-43.875,236.125,13.55,1.12
2008-01-01T12:00:00Z,0.0,-43.875,240.125,13.13,0.76
2008-01-01T12:00:00Z,0.0,-43.875,244.125,13.17,0.85
2008-01-01T12:00:00Z,0.0,-43.875,248.125,12.67,0.32
2008-01-01T12:00:00Z,0.0,-43.875,252.125,12.85,0.62
2008-01-01T12:00:00Z,0.0,-43.875,256.125,12.58,0.47
2008-01-01T12:00:00Z,0.0,-43.875,260.125,12.51,0.45
2008-01-01T12:00:00Z,0.0,-43.875,264.125,12.16,0.09
2008-01-01T12:00:00Z,0.0,-43.875,268.125,12.45,0.34
2008-01-01T12:00:00Z,0.0,-43.875,272.125,12.48,0.31
2008-01-01T12:00:00Z,0.0,-43.875,276.125,12.38,-0.09
2008-01-01T12:00:00Z,0.0,-43.875,280.125,13.14,0.16
2008-01-01T12:00:00Z,0.0,-43.875,284.125,13.49,-0.32
2008-01-01T12:00:00Z,0.0,-43.875,288.125,NaN,NaN
2008-01-01T12:00:00Z,0.0,-43.875,292.125,NaN,NaN
2008-01-01T12:00:00Z,0.0,-43.875,296.125,16.47,0.39
2008-01-01T12:00:00Z,0.0,-43.875,300.125,13.32,-0.2
2008-01-01T12:00:00Z,0.0,-43.875,304.125,15.18,1.0
2008-01-01T12:00:00Z,0.0,-43.875,308.125,16.54,1.05
2008-01-01T12:00:00Z,0.0,-43.875,312.125,14.93,1.02
2008-01-01T12:00:00Z,0.0,-43.875,316.125,13.97,1.43
2008-01-01T12:00:00Z,0.0,-43.875,320.125,12.41,0.49
2008-01-01T12:00:00Z,0.0,-43.875,324.125,12.39,0.84
2008-01-01T12:00:00Z,0.0,-43.875,328.125,11.08,-0.28
2008-01-01T12:00:00Z,0.0,-43.875,332.125,11.21,0.04
2008-01-01T12:00:00Z,0.0,-43.875,336.125,10.75,-0.58
2008-01-01T12:00:00Z,0.0,-43.875,340.125,10.8,-0.28
2008-01-01T12:00:00Z,0.0,-43.875,344.125,9.78,-0.34
2008-01-01T12:00:00Z,0.0,-43.875,348.125,11.6,1.38
2008-01-01T12:00:00Z,0.0,-43.875,352.125,10.58,0.55
2008-01-01T12:00:00Z,0.0,-43.875,356.125,8.58,-1.18
2008-01-01T12:00:00Z,0.0,-39.875,0.125,13.37,-0.41
2008-01-01T12:00:00Z,0.0,-39.875,4.125,14.22,0.48
2008-01-01T12:00:00Z,0.0,-39.875,8.125,15.14,1.28
2008-01-01T12:00:00Z,0.0,-39.875,12.125,14.77,-0.41
2008-01-01T12:00:00Z,0.0,-39.875,16.125,16.83,-0.99
2008-01-01T12:00:00Z,0.0,-39.875,20.125,22.26,3.0
2008-01-01T12:00:00Z,0.0,-39.875,24.125,19.62,1.24
2008-01-01T12:00:00Z,0.0,-39.875,28.125,18.44,0.39
2008-01-01T12:00:00Z,0.0,-39.875,32.125,20.14,2.2
2008-01-01T12:00:00Z,0.0,-39.875,36.125,19.08,1.4
2008-01-01T12:00:00Z,0.0,-39.875,40.125,18.9,1.69
2008-01-01T12:00:00Z,0.0,-39.875,44.125,19.24,1.7
2008-01-01T12:00:00Z,0.0,-39.875,48.125,18.88,2.2
2008-01-01T12:00:00Z,0.0,-39.875,52.125,18.88,2.25
2008-01-01T12:00:00Z,0.0,-39.875,56.125,18.36,1.34
2008-01-01T12:00:00Z,0.0,-39.875,60.125,16.96,0.34
2008-01-01T12:00:00Z,0.0,-39.875,64.125,16.3,0.26
2008-01-01T12:00:00Z,0.0,-39.875,68.125,15.7,-0.11
2008-01-01T12:00:00Z,0.0,-39.875,72.125,14.92,-0.63
2008-01-01T12:00:00Z,0.0,-39.875,76.125,14.88,-0.42
2008-01-01T12:00:00Z,0.0,-39.875,80.125,15.0,-0.2
2008-01-01T12:00:00Z,0.0,-39.875,84.125,14.27,-0.65
2008-01-01T12:00:00Z,0.0,-39.875,88.125,14.61,0.03
2008-01-01T12:00:00Z,0.0,-39.875,92.125,14.39,0.05
2008-01-01T12:00:00Z,0.0,-39.875,96.125,13.75,-0.36
2008-01-01T12:00:00Z,0.0,-39.875,100.125,13.48,-0.57
2008-01-01T12:00:00Z,0.0,-39.875,104.125,13.53,-0.57
2008-01-01T12:00:00Z,0.0,-39.875,108.125,13.15,-1.09
2008-01-01T12:00:00Z,0.0,-39.875,112.125,13.86,-0.74
2008-01-01T12:00:00Z,0.0,-39.875,116.125,14.24,-0.64
2008-01-01T12:00:00Z,0.0,-39.875,120.125,14.99,0.09
2008-01-01T12:00:00Z,0.0,-39.875,124.125,14.85,-0.04
2008-01-01T12:00:00Z,0.0,-39.875,128.125,14.91,-0.05
2008-01-01T12:00:00Z,0.0,-39.875,132.125,15.33,0.29
2008-01-01T12:00:00Z,0.0,-39.875,136.125,16.27,0.93
2008-01-01T12:00:00Z,0.0,-39.875,140.125,16.62,0.95
2008-01-01T12:00:00Z,0.0,-39.875,144.125,17.35,1.16
2008-01-01T12:00:00Z,0.0,-39.875,148.125,18.63,1.31
2008-01-01T12:00:00Z,0.0,-39.875,152.125,18.91,0.98
2008-01-01T12:00:00Z,0.0,-39.875,156.125,19.77,2.29
2008-01-01T12:00:00Z,0.0,-39.875,160.125,20.06,2.92
2008-01-01T12:00:00Z,0.0,-39.875,164.125,18.37,1.44
2008-01-01T12:00:00Z,0.0,-39.875,168.125,17.92,0.91
2008-01-01T12:00:00Z,0.0,-39.875,172.125,17.27,-0.05
2008-01-01T12:00:00Z,0.0,-39.875,176.125,NaN,NaN
2008-01-01T12:00:00Z,0.0,-39.875,180.125,18.55,0.43
2008-01-01T12:00:00Z,0.0,-39.875,184.125,17.78,0.16
2008-01-01T12:00:00Z,0.0,-39.875,188.125,17.66,0.52
2008-01-01T12:00:00Z,0.0,-39.875,192.125,17.04,0.25
2008-01-01T12:00:00Z,0.0,-39.875,196.125,16.58,0.18
2008-01-01T12:00:00Z,0.0,-39.875,200.125,16.52,0.39
2008-01-01T12:00:00Z,0.0,-39.875,204.125,16.58,0.59
2008-01-01T12:00:00Z,0.0,-39.875,208.125,16.07,0.22
2008-01-01T12:00:00Z,0.0,-39.875,212.125,15.05,-0.68
2008-01-01T12:00:00Z,0.0,-39.875,216.125,14.95,-0.7
2008-01-01T12:00:00Z,0.0,-39.875,220.125,14.72,-0.84
2008-01-01T12:00:00Z,0.0,-39.875,224.125,15.09,-0.47
2008-01-01T12:00:00Z,0.0,-39.875,228.125,15.41,-0.14
2008-01-01T12:00:00Z,0.0,-39.875,232.125,15.65,0.18
2008-01-01T12:00:00Z,0.0,-39.875,236.125,15.93,0.48
2008-01-01T12:00:00Z,0.0,-39.875,240.125,16.52,1.05
2008-01-01T12:00:00Z,0.0,-39.875,244.125,16.46,0.97
2008-01-01T12:00:00Z,0.0,-39.875,248.125,16.89,1.41
2008-01-01T12:00:00Z,0.0,-39.875,252.125,17.73,2.3
2008-01-01T12:00:00Z,0.0,-39.875,256.125,16.58,1.32
2008-01-01T12:00:00Z,0.0,-39.875,260.125,16.2,1.04
2008-01-01T12:00:00Z,0.0,-39.875,264.125,16.24,1.0
2008-01-01T12:00:00Z,0.0,-39.875,268.125,15.69,0.34
2008-01-01T12:00:00Z,0.0,-39.875,272.125,15.31,-0.04
2008-01-01T12:00:00Z,0.0,-39.875,276.125,15.38,-0.1
2008-01-01T12:00:00Z,0.0,-39.875,280.125,15.44,-0.14
2008-01-01T12:00:00Z,0.0,-39.875,284.125,15.14,-0.68
2008-01-01T12:00:00Z,0.0,-39.875,288.125,NaN,NaN
2008-01-01T12:00:00Z,0.0,-39.875,292.125,NaN,NaN
2008-01-01T12:00:00Z,0.0,-39.875,296.125,NaN,NaN
2008-01-01T12:00:00Z,0.0,-39.875,300.125,18.03,0.18
2008-01-01T12:00:00Z,0.0,-39.875,304.125,14.9,-0.35
2008-01-01T12:00:00Z,0.0,-39.875,308.125,19.1,0.28
2008-01-01T12:00:00Z,0.0,-39.875,312.125,18.95,1.0
2008-01-01T12:00:00Z,0.0,-39.875,316.125,18.97,1.75
2008-01-01T12:00:00Z,0.0,-39.875,320.125,17.54,0.64
2008-01-01T12:00:00Z,0.0,-39.875,324.125,15.25,-1.17
2008-01-01T12:00:00Z,0.0,-39.875,328.125,16.02,-0.02
2008-01-01T12:00:00Z,0.0,-39.875,332.125,16.36,0.7
2008-01-01T12:00:00Z,0.0,-39.875,336.125,15.56,0.31
2008-01-01T12:00:00Z,0.0,-39.875,340.125,14.89,0.03
2008-01-01T12:00:00Z,0.0,-39.875,344.125,14.42,-0.27
2008-01-01T12:00:00Z,0.0,-39.875,348.125,13.98,-0.43
2008-01-01T12:00:00Z,0.0,-39.875,352.125,13.77,-0.16
2008-01-01T12:00:00Z,0.0,-39.875,356.125,13.61,-0.13
2008-01-01T12:00:00Z,0.0,-35.875,0.125,17.85,-0.33
2008-01-01T12:00:00Z,0.0,-35.875,4.125,17.54,-0.58
2008-01-01T12:00:00Z,0.0,-35.875,8.125,19.68,1.53
2008-01-01T12:00:00Z,0.0,-35.875,12.125,19.54,0.64
2008-01-01T12:00:00Z,0.0,-35.875,16.125,21.8,1.99
2008-01-01T12:00:00Z,0.0,-35.875,20.125,20.84,0.41
2008-01-01T12:00:00Z,0.0,-35.875,24.125,23.64,2.0
2008-01-01T12:00:00Z,0.0,-35.875,28.125,21.07,-0.51
2008-01-01T12:00:00Z,0.0,-35.875,32.125,21.39,0.31
2008-01-01T12:00:00Z,0.0,-35.875,36.125,20.9,0.13
2008-01-01T12:00:00Z,0.0,-35.875,40.125,22.06,1.76
2008-01-01T12:00:00Z,0.0,-35.875,44.125,19.13,-0.64
2008-01-01T12:00:00Z,0.0,-35.875,48.125,20.2,0.56
2008-01-01T12:00:00Z,0.0,-35.875,52.125,18.37,-0.82
2008-01-01T12:00:00Z,0.0,-35.875,56.125,18.65,-0.29
2008-01-01T12:00:00Z,0.0,-35.875,60.125,18.98,0.05
2008-01-01T12:00:00Z,0.0,-35.875,64.125,18.59,-0.27
2008-01-01T12:00:00Z,0.0,-35.875,68.125,19.41,0.61
2008-01-01T12:00:00Z,0.0,-35.875,72.125,18.55,-0.25
2008-01-01T12:00:00Z,0.0,-35.875,76.125,18.36,-0.22
2008-01-01T12:00:00Z,0.0,-35.875,80.125,17.78,-0.63
2008-01-01T12:00:00Z,0.0,-35.875,84.125,17.95,-0.21
2008-01-01T12:00:00Z,0.0,-35.875,88.125,17.79,-0.04
2008-01-01T12:00:00Z,0.0,-35.875,92.125,17.1,-0.4
2008-01-01T12:00:00Z,0.0,-35.875,96.125,17.41,0.21
2008-01-01T12:00:00Z,0.0,-35.875,100.125,16.57,-0.5
2008-01-01T12:00:00Z,0.0,-35.875,104.125,17.02,-0.22
2008-01-01T12:00:00Z,0.0,-35.875,108.125,17.01,-0.47
2008-01-01T12:00:00Z,0.0,-35.875,112.125,19.25,1.15
2008-01-01T12:00:00Z,0.0,-35.875,116.125,19.73,1.19
2008-01-01T12:00:00Z,0.0,-35.875,120.125,18.04,-0.19
2008-01-01T12:00:00Z,0.0,-35.875,124.125,18.41,0.53
2008-01-01T12:00:00Z,0.0,-35.875,128.125,18.24,0.62
2008-01-01T12:00:00Z,0.0,-35.875,132.125,17.97,0.5
2008-01-01T12:00:00Z,0.0,-35.875,136.125,18.38,0.72
2008-01-01T12:00:00Z,0.0,-35.875,140.125,NaN,NaN
2008-01-01T12:00:00Z,0.0,-35.875,144.125,NaN,NaN
2008-01-01T12:00:00Z,0.0,-35.875,148.125,NaN,NaN
2008-01-01T12:00:00Z,0.0,-35.875,152.125,23.26,1.89
2008-01-01T12:00:00Z,0.0,-35.875,156.125,22.22,1.27
2008-01-01T12:00:00Z,0.0,-35.875,160.125,21.1,0.73
2008-01-01T12:00:00Z,0.0,-35.875,164.125,20.51,0.92
2008-01-01T12:00:00Z,0.0,-35.875,168.125,19.34,0.28
2008-01-01T12:00:00Z,0.0,-35.875,172.125,19.79,0.57
2008-01-01T12:00:00Z,0.0,-35.875,176.125,19.92,-0.06
2008-01-01T12:00:00Z,0.0,-35.875,180.125,20.08,0.51
2008-01-01T12:00:00Z,0.0,-35.875,184.125,19.84,0.48
2008-01-01T12:00:00Z,0.0,-35.875,188.125,19.26,0.1
2008-01-01T12:00:00Z,0.0,-35.875,192.125,19.52,0.65
2008-01-01T12:00:00Z,0.0,-35.875,196.125,20.16,1.58
2008-01-01T12:00:00Z,0.0,-35.875,200.125,20.11,1.78
2008-01-01T12:00:00Z,0.0,-35.875,204.125,19.7,1.46
2008-01-01T12:00:00Z,0.0,-35.875,208.125,19.76,1.61
2008-01-01T12:00:00Z,0.0,-35.875,212.125,18.39,0.28
2008-01-01T12:00:00Z,0.0,-35.875,216.125,18.12,0.05
2008-01-01T12:00:00Z,0.0,-35.875,220.125,17.83,-0.28
2008-01-01T12:00:00Z,0.0,-35.875,224.125,17.7,-0.51
2008-01-01T12:00:00Z,0.0,-35.875,228.125,18.99,0.73
2008-01-01T12:00:00Z,0.0,-35.875,232.125,19.96,1.65
2008-01-01T12:00:00Z,0.0,-35.875,236.125,20.48,1.97
2008-01-01T12:00:00Z,0.0,-35.875,240.125,20.71,1.97
2008-01-01T12:00:00Z,0.0,-35.875,244.125,21.61,2.82
2008-01-01T12:00:00Z,0.0,-35.875,248.125,21.36,2.53
2008-01-01T12:00:00Z,0.0,-35.875,252.125,21.23,2.5
2008-01-01T12:00:00Z,0.0,-35.875,256.125,20.91,2.31
2008-01-01T12:00:00Z,0.0,-35.875,260.125,20.83,2.2
2008-01-01T12:00:00Z,0.0,-35.875,264.125,19.14,0.54
2008-01-01T12:00:00Z,0.0,-35.875,268.125,19.1,0.62
2008-01-01T12:00:00Z,0.0,-35.875,272.125,18.94,0.63
2008-01-01T12:00:00Z,0.0,-35.875,276.125,18.05,-0.1
2008-01-01T12:00:00Z,0.0,-35.875,280.125,17.37,-0.42
2008-01-01T12:00:00Z,0.0,-35.875,284.125,16.09,-0.81
2008-01-01T12:00:00Z,0.0,-35.875,288.125,NaN,NaN
2008-01-01T12:00:00Z,0.0,-35.875,292.125,NaN,NaN
2008-01-01T12:00:00Z,0.0,-35.875,296.125,NaN,NaN
2008-01-01T12:00:00Z,0.0,-35.875,300.125,NaN,NaN
2008-01-01T12:00:00Z,0.0,-35.875,304.125,23.18,2.68
2008-01-01T12:00:00Z,0.0,-35.875,308.125,21.98,0.93
2008-01-01T12:00:00Z,0.0,-35.875,312.125,23.11,2.76
2008-01-01T12:00:00Z,0.0,-35.875,316.125,20.9,1.06
2008-01-01T12:00:00Z,0.0,-35.875,320.125,20.48,1.12
2008-01-01T12:00:00Z,0.0,-35.875,324.125,19.81,0.87
2008-01-01T12:00:00Z,0.0,-35.875,328.125,19.51,0.93
2008-01-01T12:00:00Z,0.0,-35.875,332.125,18.71,0.39
2008-01-01T12:00:00Z,0.0,-35.875,336.125,17.7,-0.49
2008-01-01T12:00:00Z,0.0,-35.875,340.125,18.47,0.15
2008-01-01T12:00:00Z,0.0,-35.875,344.125,17.88,-0.47
2008-01-01T12:00:00Z,0.0,-35.875,348.125,18.34,-0.05
2008-01-01T12:00:00Z,0.0,-35.875,352.125,18.23,0.04
2008-01-01T12:00:00Z,0.0,-35.875,356.125,17.56,-0.56
2008-01-01T12:00:00Z,0.0,-31.875,0.125,20.21,-0.48
2008-01-01T12:00:00Z,0.0,-31.875,4.125,19.99,-0.37
2008-01-01T12:00:00Z,0.0,-31.875,8.125,20.29,0.35
2008-01-01T12:00:00Z,0.0,-31.875,12.125,20.05,0.32
2008-01-01T12:00:00Z,0.0,-31.875,16.125,19.21,0.35
2008-01-01T12:00:00Z,0.0,-31.875,20.125,NaN,NaN
2008-01-01T12:00:00Z,0.0,-31.875,24.125,NaN,NaN
2008-01-01T12:00:00Z,0.0,-31.875,28.125,NaN,NaN
2008-01-01T12:00:00Z,0.0,-31.875,32.125,24.99,1.21
2008-01-01T12:00:00Z,0.0,-31.875,36.125,22.95,-0.51
2008-01-01T12:00:00Z,0.0,-31.875,40.125,22.94,-0.28
2008-01-01T12:00:00Z,0.0,-31.875,44.125,22.82,0.15
2008-01-01T12:00:00Z,0.0,-31.875,48.125,21.84,-0.75
2008-01-01T12:00:00Z,0.0,-31.875,52.125,22.22,0.01
2008-01-01T12:00:00Z,0.0,-31.875,56.125,21.21,-0.75
2008-01-01T12:00:00Z,0.0,-31.875,60.125,21.42,-0.41
2008-01-01T12:00:00Z,0.0,-31.875,64.125,21.74,-0.11
2008-01-01T12:00:00Z,0.0,-31.875,68.125,21.59,-0.17
2008-01-01T12:00:00Z,0.0,-31.875,72.125,21.72,0.03
2008-01-01T12:00:00Z,0.0,-31.875,76.125,21.48,0.05
2008-01-01T12:00:00Z,0.0,-31.875,80.125,21.28,0.04
2008-01-01T12:00:00Z,0.0,-31.875,84.125,21.26,0.3
2008-01-01T12:00:00Z,0.0,-31.875,88.125,21.46,0.87
2008-01-01T12:00:00Z,0.0,-31.875,92.125,19.8,-0.41
2008-01-01T12:00:00Z,0.0,-31.875,96.125,21.22,1.37
2008-01-01T12:00:00Z,0.0,-31.875,100.125,18.97,-0.61
2008-01-01T12:00:00Z,0.0,-31.875,104.125,19.7,0.15
2008-01-01T12:00:00Z,0.0,-31.875,108.125,19.25,-0.42
2008-01-01T12:00:00Z,0.0,-31.875,112.125,20.64,0.08
2008-01-01T12:00:00Z,0.0,-31.875,116.125,NaN,NaN
2008-01-01T12:00:00Z,0.0,-31.875,120.125,NaN,NaN
2008-01-01T12:00:00Z,0.0,-31.875,124.125,NaN,NaN
2008-01-01T12:00:00Z,0.0,-31.875,128.125,NaN,NaN
2008-01-01T12:00:00Z,0.0,-31.875,132.125,22.03,2.15
2008-01-01T12:00:00Z,0.0,-31.875,136.125,NaN,NaN
2008-01-01T12:00:00Z,0.0,-31.875,140.125,NaN,NaN
2008-01-01T12:00:00Z,0.0,-31.875,144.125,NaN,NaN
2008-01-01T12:00:00Z,0.0,-31.875,148.125,NaN,NaN
2008-01-01T12:00:00Z,0.0,-31.875,152.125,NaN,NaN
2008-01-01T12:00:00Z,0.0,-31.875,156.125,24.2,0.78
2008-01-01T12:00:00Z,0.0,-31.875,160.125,23.0,0.33
2008-01-01T12:00:00Z,0.0,-31.875,164.125,21.13,-0.82
2008-01-01T12:00:00Z,0.0,-31.875,168.125,20.08,-1.14
2008-01-01T12:00:00Z,0.0,-31.875,172.125,20.65,-0.56
2008-01-01T12:00:00Z,0.0,-31.875,176.125,20.98,-0.57
2008-01-01T12:00:00Z,0.0,-31.875,180.125,20.9,-0.47
2008-01-01T12:00:00Z,0.0,-31.875,184.125,21.7,0.31
2008-01-01T12:00:00Z,0.0,-31.875,188.125,22.37,1.16
2008-01-01T12:00:00Z,0.0,-31.875,192.125,21.98,1.05
2008-01-01T12:00:00Z,0.0,-31.875,196.125,22.1,1.34
2008-01-01T12:00:00Z,0.0,-31.875,200.125,20.96,0.32
2008-01-01T12:00:00Z,0.0,-31.875,204.125,21.29,0.67
2008-01-01T12:00:00Z,0.0,-31.875,208.125,20.53,-0.07
2008-01-01T12:00:00Z,0.0,-31.875,212.125,20.57,-0.12
2008-01-01T12:00:00Z,0.0,-31.875,216.125,20.74,-0.05
2008-01-01T12:00:00Z,0.0,-31.875,220.125,20.84,-0.13
2008-01-01T12:00:00Z,0.0,-31.875,224.125,21.39,0.26
2008-01-01T12:00:00Z,0.0,-31.875,228.125,21.89,0.57
2008-01-01T12:00:00Z,0.0,-31.875,232.125,22.25,0.76
2008-01-01T12:00:00Z,0.0,-31.875,236.125,23.75,2.02
2008-01-01T12:00:00Z,0.0,-31.875,240.125,23.71,1.91
2008-01-01T12:00:00Z,0.0,-31.875,244.125,23.2,1.42
2008-01-01T12:00:00Z,0.0,-31.875,248.125,23.4,1.73
2008-01-01T12:00:00Z,0.0,-31.875,252.125,23.7,2.17
2008-01-01T12:00:00Z,0.0,-31.875,256.125,23.21,1.85
2008-01-01T12:00:00Z,0.0,-31.875,260.125,22.64,1.51
2008-01-01T12:00:00Z,0.0,-31.875,264.125,21.73,0.84
2008-01-01T12:00:00Z,0.0,-31.875,268.125,20.86,0.17
2008-01-01T12:00:00Z,0.0,-31.875,272.125,20.21,-0.15
2008-01-01T12:00:00Z,0.0,-31.875,276.125,19.37,-0.49
2008-01-01T12:00:00Z,0.0,-31.875,280.125,17.77,-1.31
2008-01-01T12:00:00Z,0.0,-31.875,284.125,17.02,-0.94
2008-01-01T12:00:00Z,0.0,-31.875,288.125,16.41,-0.6
2008-01-01T12:00:00Z,0.0,-31.875,292.125,NaN,NaN
2008-01-01T12:00:00Z,0.0,-31.875,296.125,NaN,NaN
2008-01-01T12:00:00Z,0.0,-31.875,300.125,NaN,NaN
2008-01-01T12:00:00Z,0.0,-31.875,304.125,NaN,NaN
2008-01-01T12:00:00Z,0.0,-31.875,308.125,25.74,3.08
2008-01-01T12:00:00Z,0.0,-31.875,312.125,24.93,2.01
2008-01-01T12:00:00Z,0.0,-31.875,316.125,23.45,1.5
2008-01-01T12:00:00Z,0.0,-31.875,320.125,22.58,1.01
2008-01-01T12:00:00Z,0.0,-31.875,324.125,21.64,0.22
2008-01-01T12:00:00Z,0.0,-31.875,328.125,22.91,1.52
2008-01-01T12:00:00Z,0.0,-31.875,332.125,22.59,1.18
2008-01-01T12:00:00Z,0.0,-31.875,336.125,21.05,-0.51
2008-01-01T12:00:00Z,0.0,-31.875,340.125,22.01,0.4
2008-01-01T12:00:00Z,0.0,-31.875,344.125,21.99,0.44
2008-01-01T12:00:00Z,0.0,-31.875,348.125,21.01,-0.55
2008-01-01T12:00:00Z,0.0,-31.875,352.125,20.7,-0.65
2008-01-01T12:00:00Z,0.0,-31.875,356.125,20.85,-0.08
2008-01-01T12:00:00Z,0.0,-27.875,0.125,22.44,0.69
2008-01-01T12:00:00Z,0.0,-27.875,4.125,21.73,0.68
2008-01-01T12:00:00Z,0.0,-27.875,8.125,21.1,0.75
2008-01-01T12:00:00Z,0.0,-27.875,12.125,20.06,0.43
2008-01-01T12:00:00Z,0.0,-27.875,16.125,NaN,NaN
2008-01-01T12:00:00Z,0.0,-27.875,20.125,NaN,NaN
2008-01-01T12:00:00Z,0.0,-27.875,24.125,NaN,NaN
2008-01-01T12:00:00Z,0.0,-27.875,28.125,NaN,NaN
2008-01-01T12:00:00Z,0.0,-27.875,32.125,NaN,NaN
2008-01-01T12:00:00Z,0.0,-27.875,36.125,25.48,-0.16
2008-01-01T12:00:00Z,0.0,-27.875,40.125,24.87,-0.57
2008-01-01T12:00:00Z,0.0,-27.875,44.125,25.47,0.13
2008-01-01T12:00:00Z,0.0,-27.875,48.125,25.15,0.12
2008-01-01T12:00:00Z,0.0,-27.875,52.125,24.64,-0.43
2008-01-01T12:00:00Z,0.0,-27.875,56.125,25.03,0.31
2008-01-01T12:00:00Z,0.0,-27.875,60.125,25.12,0.59
2008-01-01T12:00:00Z,0.0,-27.875,64.125,24.66,0.31
2008-01-01T12:00:00Z,0.0,-27.875,68.125,24.1,-0.1
2008-01-01T12:00:00Z,0.0,-27.875,72.125,23.36,-0.62
2008-01-01T12:00:00Z,0.0,-27.875,76.125,23.15,-0.5
2008-01-01T12:00:00Z,0.0,-27.875,80.125,23.48,0.14
2008-01-01T12:00:00Z,0.0,-27.875,84.125,22.14,-0.85
2008-01-01T12:00:00Z,0.0,-27.875,88.125,22.18,-0.33
2008-01-01T12:00:00Z,0.0,-27.875,92.125,20.96,-1.11
2008-01-01T12:00:00Z,0.0,-27.875,96.125,21.0,-0.79
2008-01-01T12:00:00Z,0.0,-27.875,100.125,20.92,-0.64
2008-01-01T12:00:00Z,0.0,-27.875,104.125,21.39,-0.09
2008-01-01T12:00:00Z,0.0,-27.875,108.125,21.9,0.25
2008-01-01T12:00:00Z,0.0,-27.875,112.125,24.41,1.92
2008-01-01T12:00:00Z,0.0,-27.875,116.125,NaN,NaN
2008-01-01T12:00:00Z,0.0,-27.875,120.125,NaN,NaN
2008-01-01T12:00:00Z,0.0,-27.875,124.125,NaN,NaN
2008-01-01T12:00:00Z,0.0,-27.875,128.125,NaN,NaN
2008-01-01T12:00:00Z,0.0,-27.875,132.125,NaN,NaN
2008-01-01T12:00:00Z,0.0,-27.875,136.125,NaN,NaN
2008-01-01T12:00:00Z,0.0,-27.875,140.125,NaN,NaN
2008-01-01T12:00:00Z,0.0,-27.875,144.125,NaN,NaN
2008-01-01T12:00:00Z,0.0,-27.875,148.125,NaN,NaN
2008-01-01T12:00:00Z,0.0,-27.875,152.125,NaN,NaN
2008-01-01T12:00:00Z,0.0,-27.875,156.125,25.05,0.29
2008-01-01T12:00:00Z,0.0,-27.875,160.125,22.72,-1.24
2008-01-01T12:00:00Z,0.0,-27.875,164.125,23.29,-0.32
2008-01-01T12:00:00Z,0.0,-27.875,168.125,23.16,-0.23
2008-01-01T12:00:00Z,0.0,-27.875,172.125,23.82,0.41
2008-01-01T12:00:00Z,0.0,-27.875,176.125,23.4,-0.21
2008-01-01T12:00:00Z,0.0,-27.875,180.125,23.16,-0.41
2008-01-01T12:00:00Z,0.0,-27.875,184.125,23.55,0.11
2008-01-01T12:00:00Z,0.0,-27.875,188.125,23.42,0.13
2008-01-01T12:00:00Z,0.0,-27.875,192.125,24.01,0.92
2008-01-01T12:00:00Z,0.0,-27.875,196.125,23.65,0.57
2008-01-01T12:00:00Z,0.0,-27.875,200.125,22.77,-0.24
2008-01-01T12:00:00Z,0.0,-27.875,204.125,22.55,-0.42
2008-01-01T12:00:00Z,0.0,-27.875,208.125,22.24,-0.83
2008-01-01T12:00:00Z,0.0,-27.875,212.125,22.65,-0.52
2008-01-01T12:00:00Z,0.0,-27.875,216.125,23.06,-0.28
2008-01-01T12:00:00Z,0.0,-27.875,220.125,24.36,0.75
2008-01-01T12:00:00Z,0.0,-27.875,224.125,24.74,0.86
2008-01-01T12:00:00Z,0.0,-27.875,228.125,24.85,0.83
2008-01-01T12:00:00Z,0.0,-27.875,232.125,25.58,1.45
2008-01-01T12:00:00Z,0.0,-27.875,236.125,25.49,1.28
2008-01-01T12:00:00Z,0.0,-27.875,240.125,25.41,1.35
2008-01-01T12:00:00Z,0.0,-27.875,244.125,24.39,0.46
2008-01-01T12:00:00Z,0.0,-27.875,248.125,23.96,0.28
2008-01-01T12:00:00Z,0.0,-27.875,252.125,23.34,-0.01
2008-01-01T12:00:00Z,0.0,-27.875,256.125,22.96,-0.05
2008-01-01T12:00:00Z,0.0,-27.875,260.125,22.49,-0.17
2008-01-01T12:00:00Z,0.0,-27.875,264.125,21.77,-0.48
2008-01-01T12:00:00Z,0.0,-27.875,268.125,21.34,-0.43
2008-01-01T12:00:00Z,0.0,-27.875,272.125,20.2,-0.95
2008-01-01T12:00:00Z,0.0,-27.875,276.125,19.18,-1.24
2008-01-01T12:00:00Z,0.0,-27.875,280.125,18.2,-1.34
2008-01-01T12:00:00Z,0.0,-27.875,284.125,17.13,-1.4
2008-01-01T12:00:00Z,0.0,-27.875,288.125,17.13,-1.08
2008-01-01T12:00:00Z,0.0,-27.875,292.125,NaN,NaN
2008-01-01T12:00:00Z,0.0,-27.875,296.125,NaN,NaN
2008-01-01T12:00:00Z,0.0,-27.875,300.125,NaN,NaN
2008-01-01T12:00:00Z,0.0,-27.875,304.125,NaN,NaN
2008-01-01T12:00:00Z,0.0,-27.875,308.125,NaN,NaN
2008-01-01T12:00:00Z,0.0,-27.875,312.125,26.96,2.17
2008-01-01T12:00:00Z,0.0,-27.875,316.125,25.58,1.24
2008-01-01T12:00:00Z,0.0,-27.875,320.125,25.18,1.25
2008-01-01T12:00:00Z,0.0,-27.875,324.125,24.75,0.85
2008-01-01T12:00:00Z,0.0,-27.875,328.125,26.1,2.2
2008-01-01T12:00:00Z,0.0,-27.875,332.125,25.93,1.89
2008-01-01T12:00:00Z,0.0,-27.875,336.125,25.58,1.54
2008-01-01T12:00:00Z,0.0,-27.875,340.125,24.35,0.41
2008-01-01T12:00:00Z,0.0,-27.875,344.125,24.78,1.02
2008-01-01T12:00:00Z,0.0,-27.875,348.125,24.38,0.98
2008-01-01T12:00:00Z,0.0,-27.875,352.125,23.52,0.55
2008-01-01T12:00:00Z,0.0,-27.875,356.125,22.76,0.38
2008-01-01T12:00:00Z,0.0,-23.875,0.125,22.87,1.07
2008-01-01T12:00:00Z,0.0,-23.875,4.125,21.79,0.68
2008-01-01T12:00:00Z,0.0,-23.875,8.125,20.49,-0.03
2008-01-01T12:00:00Z,0.0,-23.875,12.125,19.44,0.73
2008-01-01T12:00:00Z,0.0,-23.875,16.125,NaN,NaN
2008-01-01T12:00:00Z,0.0,-23.875,20.125,NaN,NaN
2008-01-01T12:00:00Z,0.0,-23.875,24.125,NaN,NaN
2008-01-01T12:00:00Z,0.0,-23.875,28.125,NaN,NaN
2008-01-01T12:00:00Z,0.0,-23.875,32.125,NaN,NaN
2008-01-01T12:00:00Z,0.0,-23.875,36.125,27.69,0.42
2008-01-01T12:00:00Z,0.0,-23.875,40.125,27.19,-0.11
2008-01-01T12:00:00Z,0.0,-23.875,44.125,NaN,NaN
2008-01-01T12:00:00Z,0.0,-23.875,48.125,27.4,0.57
2008-01-01T12:00:00Z,0.0,-23.875,52.125,26.99,0.34
2008-01-01T12:00:00Z,0.0,-23.875,56.125,26.02,-0.35
2008-01-01T12:00:00Z,0.0,-23.875,60.125,25.81,-0.34
2008-01-01T12:00:00Z,0.0,-23.875,64.125,25.86,0.04
2008-01-01T12:00:00Z,0.0,-23.875,68.125,25.16,-0.39
2008-01-01T12:00:00Z,0.0,-23.875,72.125,24.93,-0.27
2008-01-01T12:00:00Z,0.0,-23.875,76.125,24.01,-0.87
2008-01-01T12:00:00Z,0.0,-23.875,80.125,23.98,-0.56
2008-01-01T12:00:00Z,0.0,-23.875,84.125,23.32,-0.83
2008-01-01T12:00:00Z,0.0,-23.875,88.125,23.09,-0.78
2008-01-01T12:00:00Z,0.0,-23.875,92.125,23.13,-0.52
2008-01-01T12:00:00Z,0.0,-23.875,96.125,22.68,-0.76
2008-01-01T12:00:00Z,0.0,-23.875,100.125,22.07,-1.07
2008-01-01T12:00:00Z,0.0,-23.875,104.125,22.65,-0.3
2008-01-01T12:00:00Z,0.0,-23.875,108.125,23.82,0.5
2008-01-01T12:00:00Z,0.0,-23.875,112.125,25.91,1.68
2008-01-01T12:00:00Z,0.0,-23.875,116.125,NaN,NaN
2008-01-01T12:00:00Z,0.0,-23.875,120.125,NaN,NaN
2008-01-01T12:00:00Z,0.0,-23.875,124.125,NaN,NaN
2008-01-01T12:00:00Z,0.0,-23.875,128.125,NaN,NaN
2008-01-01T12:00:00Z,0.0,-23.875,132.125,NaN,NaN
2008-01-01T12:00:00Z,0.0,-23.875,136.125,NaN,NaN
2008-01-01T12:00:00Z,0.0,-23.875,140.125,NaN,NaN
2008-01-01T12:00:00Z,0.0,-23.875,144.125,NaN,NaN
2008-01-01T12:00:00Z,0.0,-23.875,148.125,NaN,NaN
2008-01-01T12:00:00Z,0.0,-23.875,152.125,25.03,-1.75
2008-01-01T12:00:00Z,0.0,-23.875,156.125,25.08,-1.09
2008-01-01T12:00:00Z,0.0,-23.875,160.125,25.31,-0.18
2008-01-01T12:00:00Z,0.0,-23.875,164.125,24.88,-0.45
2008-01-01T12:00:00Z,0.0,-23.875,168.125,25.84,0.47
2008-01-01T12:00:00Z,0.0,-23.875,172.125,26.34,0.86
2008-01-01T12:00:00Z,0.0,-23.875,176.125,25.37,-0.11
2008-01-01T12:00:00Z,0.0,-23.875,180.125,24.99,-0.43
2008-01-01T12:00:00Z,0.0,-23.875,184.125,24.94,-0.41
2008-01-01T12:00:00Z,0.0,-23.875,188.125,26.1,0.87
2008-01-01T12:00:00Z,0.0,-23.875,192.125,25.65,0.43
2008-01-01T12:00:00Z,0.0,-23.875,196.125,24.37,-0.87
2008-01-01T12:00:00Z,0.0,-23.875,200.125,24.35,-0.88
2008-01-01T12:00:00Z,0.0,-23.875,204.125,23.67,-1.53
2008-01-01T12:00:00Z,0.0,-23.875,208.125,23.75,-1.42
2008-01-01T12:00:00Z,0.0,-23.875,212.125,24.97,-0.36
2008-01-01T12:00:00Z,0.0,-23.875,216.125,26.48,0.92
2008-01-01T12:00:00Z,0.0,-23.875,220.125,27.04,1.38
2008-01-01T12:00:00Z,0.0,-23.875,224.125,27.27,1.48
2008-01-01T12:00:00Z,0.0,-23.875,228.125,27.22,1.34
2008-01-01T12:00:00Z,0.0,-23.875,232.125,27.01,1.22
2008-01-01T12:00:00Z,0.0,-23.875,236.125,26.21,0.61
2008-01-01T12:00:00Z,0.0,-23.875,240.125,25.46,0.13
2008-01-01T12:00:00Z,0.0,-23.875,244.125,24.67,-0.31
2008-01-01T12:00:00Z,0.0,-23.875,248.125,23.84,-0.71
2008-01-01T12:00:00Z,0.0,-23.875,252.125,23.29,-0.83
2008-01-01T12:00:00Z,0.0,-23.875,256.125,22.48,-1.16
2008-01-01T12:00:00Z,0.0,-23.875,260.125,21.6,-1.53
2008-01-01T12:00:00Z,0.0,-23.875,264.125,21.23,-1.31
2008-01-01T12:00:00Z,0.0,-23.875,268.125,20.49,-1.41
2008-01-01T12:00:00Z,0.0,-23.875,272.125,19.84,-1.39
2008-01-01T12:00:00Z,0.0,-23.875,276.125,19.19,-1.33
2008-01-01T12:00:00Z,0.0,-23.875,280.125,18.79,-1.05
2008-01-01T12:00:00Z,0.0,-23.875,284.125,17.75,-1.63
2008-01-01T12:00:00Z,0.0,-23.875,288.125,19.91,-0.45
2008-01-01T12:00:00Z,0.0,-23.875,292.125,NaN,NaN
2008-01-01T12:00:00Z,0.0,-23.875,296.125,NaN,NaN
2008-01-01T12:00:00Z,0.0,-23.875,300.125,NaN,NaN
2008-01-01T12:00:00Z,0.0,-23.875,304.125,NaN,NaN
2008-01-01T12:00:00Z,0.0,-23.875,308.125,NaN,NaN
2008-01-01T12:00:00Z,0.0,-23.875,312.125,NaN,NaN
2008-01-01T12:00:00Z,0.0,-23.875,316.125,26.36,1.29
2008-01-01T12:00:00Z,0.0,-23.875,320.125,26.08,0.57
2008-01-01T12:00:00Z,0.0,-23.875,324.125,26.24,0.58
2008-01-01T12:00:00Z,0.0,-23.875,328.125,26.61,0.89
2008-01-01T12:00:00Z,0.0,-23.875,332.125,26.45,0.82
2008-01-01T12:00:00Z,0.0,-23.875,336.125,26.66,1.19
2008-01-01T12:00:00Z,0.0,-23.875,340.125,26.83,1.77
2008-01-01T12:00:00Z,0.0,-23.875,344.125,26.06,1.55
2008-01-01T12:00:00Z,0.0,-23.875,348.125,25.06,1.14
2008-01-01T12:00:00Z,0.0,-23.875,352.125,25.63,2.35
2008-01-01T12:00:00Z,0.0,-23.875,356.125,24.93,2.41
2008-01-01T12:00:00Z,0.0,-19.875,0.125,22.0,0.32
2008-01-01T12:00:00Z,0.0,-19.875,4.125,21.76,0.42
2008-01-01T12:00:00Z,0.0,-19.875,8.125,21.35,0.67
2008-01-01T12:00:00Z,0.0,-19.875,12.125,19.44,0.79
2008-01-01T12:00:00Z,0.0,-19.875,16.125,NaN,NaN
2008-01-01T12:00:00Z,0.0,-19.875,20.125,NaN,NaN
2008-01-01T12:00:00Z,0.0,-19.875,24.125,NaN,NaN
2008-01-01T12:00:00Z,0.0,-19.875,28.125,NaN,NaN
2008-01-01T12:00:00Z,0.0,-19.875,32.125,NaN,NaN
2008-01-01T12:00:00Z,0.0,-19.875,36.125,28.25,0.33
2008-01-01T12:00:00Z,0.0,-19.875,40.125,27.24,-1.14
2008-01-01T12:00:00Z,0.0,-19.875,44.125,30.24,1.61
2008-01-01T12:00:00Z,0.0,-19.875,48.125,NaN,NaN
2008-01-01T12:00:00Z,0.0,-19.875,52.125,27.05,-0.45
2008-01-01T12:00:00Z,0.0,-19.875,56.125,26.93,-0.18
2008-01-01T12:00:00Z,0.0,-19.875,60.125,25.96,-0.87
2008-01-01T12:00:00Z,0.0,-19.875,64.125,25.97,-0.55
2008-01-01T12:00:00Z,0.0,-19.875,68.125,25.09,-1.22
2008-01-01T12:00:00Z,0.0,-19.875,72.125,25.44,-0.63
2008-01-01T12:00:00Z,0.0,-19.875,76.125,25.53,-0.33
2008-01-01T12:00:00Z,0.0,-19.875,80.125,24.91,-0.7
2008-01-01T12:00:00Z,0.0,-19.875,84.125,25.04,-0.52
2008-01-01T12:00:00Z,0.0,-19.875,88.125,24.67,-0.74
2008-01-01T12:00:00Z,0.0,-19.875,92.125,24.9,-0.44
2008-01-01T12:00:00Z,0.0,-19.875,96.125,25.33,0.31
2008-01-01T12:00:00Z,0.0,-19.875,100.125,24.73,0.07
2008-01-01T12:00:00Z,0.0,-19.875,104.125,25.52,0.85
2008-01-01T12:00:00Z,0.0,-19.875,108.125,25.09,0.05
2008-01-01T12:00:00Z,0.0,-19.875,112.125,25.22,-0.97
2008-01-01T12:00:00Z,0.0,-19.875,116.125,27.85,0.17
2008-01-01T12:00:00Z,0.0,-19.875,120.125,30.11,1.61
2008-01-01T12:00:00Z,0.0,-19.875,124.125,NaN,NaN
2008-01-01T12:00:00Z,0.0,-19.875,128.125,NaN,NaN
2008-01-01T12:00:00Z,0.0,-19.875,132.125,NaN,NaN
2008-01-01T12:00:00Z,0.0,-19.875,136.125,NaN,NaN
2008-01-01T12:00:00Z,0.0,-19.875,140.125,NaN,NaN
2008-01-01T12:00:00Z,0.0,-19.875,144.125,NaN,NaN
2008-01-01T12:00:00Z,0.0,-19.875,148.125,28.19,0.25
2008-01-01T12:00:00Z,0.0,-19.875,152.125,27.22,-0.3
2008-01-01T12:00:00Z,0.0,-19.875,156.125,26.64,-0.55
2008-01-01T12:00:00Z,0.0,-19.875,160.125,26.96,-0.02
2008-01-01T12:00:00Z,0.0,-19.875,164.125,27.59,0.56
2008-01-01T12:00:00Z,0.0,-19.875,168.125,27.93,0.74
2008-01-01T12:00:00Z,0.0,-19.875,172.125,28.19,1.02
2008-01-01T12:00:00Z,0.0,-19.875,176.125,28.4,1.13
2008-01-01T12:00:00Z,0.0,-19.875,180.125,27.74,0.62
2008-01-01T12:00:00Z,0.0,-19.875,184.125,26.88,-0.19
2008-01-01T12:00:00Z,0.0,-19.875,188.125,27.62,0.53
2008-01-01T12:00:00Z,0.0,-19.875,192.125,27.24,0.12
2008-01-01T12:00:00Z,0.0,-19.875,196.125,27.81,0.71
2008-01-01T12:00:00Z,0.0,-19.875,200.125,27.29,0.27
2008-01-01T12:00:00Z,0.0,-19.875,204.125,26.59,-0.41
2008-01-01T12:00:00Z,0.0,-19.875,208.125,26.96,-0.12
2008-01-01T12:00:00Z,0.0,-19.875,212.125,27.84,0.67
2008-01-01T12:00:00Z,0.0,-19.875,216.125,28.15,0.95
2008-01-01T12:00:00Z,0.0,-19.875,220.125,28.16,1.02
2008-01-01T12:00:00Z,0.0,-19.875,224.125,27.45,0.34
2008-01-01T12:00:00Z,0.0,-19.875,228.125,27.07,0.15
2008-01-01T12:00:00Z,0.0,-19.875,232.125,26.79,0.16
2008-01-01T12:00:00Z,0.0,-19.875,236.125,26.19,-0.12
2008-01-01T12:00:00Z,0.0,-19.875,240.125,25.0,-0.9
2008-01-01T12:00:00Z,0.0,-19.875,244.125,24.44,-0.96
2008-01-01T12:00:00Z,0.0,-19.875,248.125,23.67,-1.18
2008-01-01T12:00:00Z,0.0,-19.875,252.125,23.1,-1.17
2008-01-01T12:00:00Z,0.0,-19.875,256.125,22.25,-1.4
2008-01-01T12:00:00Z,0.0,-19.875,260.125,21.6,-1.44
2008-01-01T12:00:00Z,0.0,-19.875,264.125,20.83,-1.6
2008-01-01T12:00:00Z,0.0,-19.875,268.125,20.21,-1.6
2008-01-01T12:00:00Z,0.0,-19.875,272.125,19.55,-1.59
2008-01-01T12:00:00Z,0.0,-19.875,276.125,19.5,-1.03
2008-01-01T12:00:00Z,0.0,-19.875,280.125,18.54,-1.65
2008-01-01T12:00:00Z,0.0,-19.875,284.125,20.37,-0.71
2008-01-01T12:00:00Z,0.0,-19.875,288.125,21.6,-0.91
2008-01-01T12:00:00Z,0.0,-19.875,292.125,NaN,NaN
2008-01-01T12:00:00Z,0.0,-19.875,296.125,NaN,NaN
2008-01-01T12:00:00Z,0.0,-19.875,300.125,NaN,NaN
2008-01-01T12:00:00Z,0.0,-19.875,304.125,NaN,NaN
2008-01-01T12:00:00Z,0.0,-19.875,308.125,NaN,NaN
2008-01-01T12:00:00Z,0.0,-19.875,312.125,NaN,NaN
2008-01-01T12:00:00Z,0.0,-19.875,316.125,NaN,NaN
2008-01-01T12:00:00Z,0.0,-19.875,320.125,26.57,0.49
2008-01-01T12:00:00Z,0.0,-19.875,324.125,26.82,0.14
2008-01-01T12:00:00Z,0.0,-19.875,328.125,26.23,-0.27
2008-01-01T12:00:00Z,0.0,-19.875,332.125,25.97,-0.14
2008-01-01T12:00:00Z,0.0,-19.875,336.125,25.47,-0.09
2008-01-01T12:00:00Z,0.0,-19.875,340.125,25.38,0.48
2008-01-01T12:00:00Z,0.0,-19.875,344.125,24.74,0.58
2008-01-01T12:00:00Z,0.0,-19.875,348.125,24.16,0.77
2008-01-01T12:00:00Z,0.0,-19.875,352.125,23.54,0.83
2008-01-01T12:00:00Z,0.0,-19.875,356.125,22.94,0.8
2008-01-01T12:00:00Z,0.0,-15.875,0.125,22.11,-0.04
2008-01-01T12:00:00Z,0.0,-15.875,4.125,21.94,-0.1
2008-01-01T12:00:00Z,0.0,-15.875,8.125,22.12,0.42
2008-01-01T12:00:00Z,0.0,-15.875,12.125,NaN,NaN
2008-01-01T12:00:00Z,0.0,-15.875,16.125,NaN,NaN
2008-01-01T12:00:00Z,0.0,-15.875,20.125,NaN,NaN
2008-01-01T12:00:00Z,0.0,-15.875,24.125,NaN,NaN
2008-01-01T12:00:00Z,0.0,-15.875,28.125,NaN,NaN
2008-01-01T12:00:00Z,0.0,-15.875,32.125,NaN,NaN
2008-01-01T12:00:00Z,0.0,-15.875,36.125,NaN,NaN
2008-01-01T12:00:00Z,0.0,-15.875,40.125,NaN,NaN
2008-01-01T12:00:00Z,0.0,-15.875,44.125,28.15,-0.7
2008-01-01T12:00:00Z,0.0,-15.875,48.125,NaN,NaN
2008-01-01T12:00:00Z,0.0,-15.875,52.125,27.32,-0.57
2008-01-01T12:00:00Z,0.0,-15.875,56.125,27.27,-0.4
2008-01-01T12:00:00Z,0.0,-15.875,60.125,27.58,0.12
2008-01-01T12:00:00Z,0.0,-15.875,64.125,27.07,-0.25
2008-01-01T12:00:00Z,0.0,-15.875,68.125,27.14,-0.05
2008-01-01T12:00:00Z,0.0,-15.875,72.125,26.94,-0.19
2008-01-01T12:00:00Z,0.0,-15.875,76.125,26.59,-0.59
2008-01-01T12:00:00Z,0.0,-15.875,80.125,26.58,-0.64
2008-01-01T12:00:00Z,0.0,-15.875,84.125,26.91,-0.25
2008-01-01T12:00:00Z,0.0,-15.875,88.125,27.74,0.67
2008-01-01T12:00:00Z,0.0,-15.875,92.125,26.48,-0.35
2008-01-01T12:00:00Z,0.0,-15.875,96.125,27.69,1.13
2008-01-01T12:00:00Z,0.0,-15.875,100.125,26.71,0.4
2008-01-01T12:00:00Z,0.0,-15.875,104.125,26.71,0.11
2008-01-01T12:00:00Z,0.0,-15.875,108.125,27.73,0.63
2008-01-01T12:00:00Z,0.0,-15.875,112.125,28.65,0.95
2008-01-01T12:00:00Z,0.0,-15.875,116.125,28.77,0.28
2008-01-01T12:00:00Z,0.0,-15.875,120.125,29.12,-0.04
2008-01-01T12:00:00Z,0.0,-15.875,124.125,29.84,0.68
2008-01-01T12:00:00Z,0.0,-15.875,128.125,NaN,NaN
2008-01-01T12:00:00Z,0.0,-15.875,132.125,NaN,NaN
2008-01-01T12:00:00Z,0.0,-15.875,136.125,NaN,NaN
2008-01-01T12:00:00Z,0.0,-15.875,140.125,30.54,0.56
2008-01-01T12:00:00Z,0.0,-15.875,144.125,NaN,NaN
2008-01-01T12:00:00Z,0.0,-15.875,148.125,29.14,0.8
2008-01-01T12:00:00Z,0.0,-15.875,152.125,28.99,0.65
2008-01-01T12:00:00Z,0.0,-15.875,156.125,28.83,0.39
2008-01-01T12:00:00Z,0.0,-15.875,160.125,28.85,0.44
2008-01-01T12:00:00Z,0.0,-15.875,164.125,28.71,0.28
2008-01-01T12:00:00Z,0.0,-15.875,168.125,29.44,0.94
2008-01-01T12:00:00Z,0.0,-15.875,172.125,29.09,0.56
2008-01-01T12:00:00Z,0.0,-15.875,176.125,28.73,0.07
2008-01-01T12:00:00Z,0.0,-15.875,180.125,26.84,-1.63
2008-01-01T12:00:00Z,0.0,-15.875,184.125,28.68,0.2
2008-01-01T12:00:00Z,0.0,-15.875,188.125,28.54,0.05
2008-01-01T12:00:00Z,0.0,-15.875,192.125,28.41,-0.05
2008-01-01T12:00:00Z,0.0,-15.875,196.125,28.46,0.09
2008-01-01T12:00:00Z,0.0,-15.875,200.125,27.93,-0.39
2008-01-01T12:00:00Z,0.0,-15.875,204.125,28.29,-0.01
2008-01-01T12:00:00Z,0.0,-15.875,208.125,28.1,-0.15
2008-01-01T12:00:00Z,0.0,-15.875,212.125,28.25,0.08
2008-01-01T12:00:00Z,0.0,-15.875,216.125,28.32,0.18
2008-01-01T12:00:00Z,0.0,-15.875,220.125,28.33,0.33
2008-01-01T12:00:00Z,0.0,-15.875,224.125,27.91,0.12
2008-01-01T12:00:00Z,0.0,-15.875,228.125,27.06,-0.4
2008-01-01T12:00:00Z,0.0,-15.875,232.125,26.38,-0.69
2008-01-01T12:00:00Z,0.0,-15.875,236.125,25.99,-0.64
2008-01-01T12:00:00Z,0.0,-15.875,240.125,25.19,-0.91
2008-01-01T12:00:00Z,0.0,-15.875,244.125,24.54,-1.02
2008-01-01T12:00:00Z,0.0,-15.875,248.125,23.45,-1.53
2008-01-01T12:00:00Z,0.0,-15.875,252.125,22.74,-1.63
2008-01-01T12:00:00Z,0.0,-15.875,256.125,22.33,-1.4
2008-01-01T12:00:00Z,0.0,-15.875,260.125,21.7,-1.4
2008-01-01T12:00:00Z,0.0,-15.875,264.125,20.89,-1.6
2008-01-01T12:00:00Z,0.0,-15.875,268.125,20.33,-1.55
2008-01-01T12:00:00Z,0.0,-15.875,272.125,19.68,-1.69
2008-01-01T12:00:00Z,0.0,-15.875,276.125,19.88,-1.33
2008-01-01T12:00:00Z,0.0,-15.875,280.125,21.25,-0.42
2008-01-01T12:00:00Z,0.0,-15.875,284.125,21.85,0.43
2008-01-01T12:00:00Z,0.0,-15.875,288.125,NaN,NaN
2008-01-01T12:00:00Z,0.0,-15.875,292.125,NaN,NaN
2008-01-01T12:00:00Z,0.0,-15.875,296.125,NaN,NaN
2008-01-01T12:00:00Z,0.0,-15.875,300.125,NaN,NaN
2008-01-01T12:00:00Z,0.0,-15.875,304.125,NaN,NaN
2008-01-01T12:00:00Z,0.0,-15.875,308.125,NaN,NaN
2008-01-01T12:00:00Z,0.0,-15.875,312.125,NaN,NaN
2008-01-01T12:00:00Z,0.0,-15.875,316.125,NaN,NaN
2008-01-01T12:00:00Z,0.0,-15.875,320.125,NaN,NaN
2008-01-01T12:00:00Z,0.0,-15.875,324.125,27.06,-0.23
2008-01-01T12:00:00Z,0.0,-15.875,328.125,26.14,-0.8
2008-01-01T12:00:00Z,0.0,-15.875,332.125,25.38,-0.86
2008-01-01T12:00:00Z,0.0,-15.875,336.125,24.72,-0.69
2008-01-01T12:00:00Z,0.0,-15.875,340.125,23.97,-0.64
2008-01-01T12:00:00Z,0.0,-15.875,344.125,23.59,-0.19
2008-01-01T12:00:00Z,0.0,-15.875,348.125,23.18,0.04
2008-01-01T12:00:00Z,0.0,-15.875,352.125,22.73,0.11
2008-01-01T12:00:00Z,0.0,-15.875,356.125,22.18,-0.09
2008-01-01T12:00:00Z,0.0,-11.875,0.125,23.29,-0.13
2008-01-01T12:00:00Z,0.0,-11.875,4.125,22.77,-0.86
2008-01-01T12:00:00Z,0.0,-11.875,8.125,23.16,-1.55
2008-01-01T12:00:00Z,0.0,-11.875,12.125,26.12,0.26
2008-01-01T12:00:00Z,0.0,-11.875,16.125,NaN,NaN
2008-01-01T12:00:00Z,0.0,-11.875,20.125,NaN,NaN
2008-01-01T12:00:00Z,0.0,-11.875,24.125,NaN,NaN
2008-01-01T12:00:00Z,0.0,-11.875,28.125,NaN,NaN
2008-01-01T12:00:00Z,0.0,-11.875,32.125,NaN,NaN
2008-01-01T12:00:00Z,0.0,-11.875,36.125,NaN,NaN
2008-01-01T12:00:00Z,0.0,-11.875,40.125,NaN,NaN
2008-01-01T12:00:00Z,0.0,-11.875,44.125,28.94,0.51
2008-01-01T12:00:00Z,0.0,-11.875,48.125,29.04,0.83
2008-01-01T12:00:00Z,0.0,-11.875,52.125,28.47,0.31
2008-01-01T12:00:00Z,0.0,-11.875,56.125,26.76,-1.42
2008-01-01T12:00:00Z,0.0,-11.875,60.125,28.12,-0.05
2008-01-01T12:00:00Z,0.0,-11.875,64.125,28.22,0.11
2008-01-01T12:00:00Z,0.0,-11.875,68.125,27.9,-0.12
2008-01-01T12:00:00Z,0.0,-11.875,72.125,28.48,0.4
2008-01-01T12:00:00Z,0.0,-11.875,76.125,28.72,0.58
2008-01-01T12:00:00Z,0.0,-11.875,80.125,28.14,-0.03
2008-01-01T12:00:00Z,0.0,-11.875,84.125,28.96,0.89
2008-01-01T12:00:00Z,0.0,-11.875,88.125,27.32,-0.52
2008-01-01T12:00:00Z,0.0,-11.875,92.125,27.87,0.16
2008-01-01T12:00:00Z,0.0,-11.875,96.125,28.47,0.89
2008-01-01T12:00:00Z,0.0,-11.875,100.125,28.69,1.01
2008-01-01T12:00:00Z,0.0,-11.875,104.125,27.97,0.03
2008-01-01T12:00:00Z,0.0,-11.875,108.125,28.39,0.15
2008-01-01T12:00:00Z,0.0,-11.875,112.125,28.78,0.06
2008-01-01T12:00:00Z,0.0,-11.875,116.125,28.7,-0.44
2008-01-01T12:00:00Z,0.0,-11.875,120.125,28.98,-0.51
2008-01-01T12:00:00Z,0.0,-11.875,124.125,29.29,-0.33
2008-01-01T12:00:00Z,0.0,-11.875,128.125,30.18,0.42
2008-01-01T12:00:00Z,0.0,-11.875,132.125,30.77,0.77
2008-01-01T12:00:00Z,0.0,-11.875,136.125,30.75,1.06
2008-01-01T12:00:00Z,0.0,-11.875,140.125,30.52,1.02
2008-01-01T12:00:00Z,0.0,-11.875,144.125,28.75,0.09
2008-01-01T12:00:00Z,0.0,-11.875,148.125,28.76,-0.01
2008-01-01T12:00:00Z,0.0,-11.875,152.125,29.32,0.43
2008-01-01T12:00:00Z,0.0,-11.875,156.125,29.31,0.07
2008-01-01T12:00:00Z,0.0,-11.875,160.125,29.66,0.4
2008-01-01T12:00:00Z,0.0,-11.875,164.125,29.62,0.43
2008-01-01T12:00:00Z,0.0,-11.875,168.125,29.99,0.83
2008-01-01T12:00:00Z,0.0,-11.875,172.125,29.28,0.08
2008-01-01T12:00:00Z,0.0,-11.875,176.125,28.53,-0.72
2008-01-01T12:00:00Z,0.0,-11.875,180.125,28.98,-0.24
2008-01-01T12:00:00Z,0.0,-11.875,184.125,29.26,0.11
2008-01-01T12:00:00Z,0.0,-11.875,188.125,28.88,-0.18
2008-01-01T12:00:00Z,0.0,-11.875,192.125,28.34,-0.69
2008-01-01T12:00:00Z,0.0,-11.875,196.125,28.36,-0.58
2008-01-01T12:00:00Z,0.0,-11.875,200.125,28.55,-0.31
2008-01-01T12:00:00Z,0.0,-11.875,204.125,28.09,-0.72
2008-01-01T12:00:00Z,0.0,-11.875,208.125,28.3,-0.37
2008-01-01T12:00:00Z,0.0,-11.875,212.125,28.24,-0.3
2008-01-01T12:00:00Z,0.0,-11.875,216.125,28.14,-0.24
2008-01-01T12:00:00Z,0.0,-11.875,220.125,27.91,-0.22
2008-01-01T12:00:00Z,0.0,-11.875,224.125,27.39,-0.4
2008-01-01T12:00:00Z,0.0,-11.875,228.125,26.84,-0.58
2008-01-01T12:00:00Z,0.0,-11.875,232.125,26.15,-0.89
2008-01-01T12:00:00Z,0.0,-11.875,236.125,25.48,-1.12
2008-01-01T12:00:00Z,0.0,-11.875,240.125,25.14,-1.01
2008-01-01T12:00:00Z,0.0,-11.875,244.125,24.33,-1.33
2008-01-01T12:00:00Z,0.0,-11.875,248.125,23.75,-1.37
2008-01-01T12:00:00Z,0.0,-11.875,252.125,23.3,-1.26
2008-01-01T12:00:00Z,0.0,-11.875,256.125,22.9,-1.12
2008-01-01T12:00:00Z,0.0,-11.875,260.125,22.3,-1.2
2008-01-01T12:00:00Z,0.0,-11.875,264.125,21.7,-1.35
2008-01-01T12:00:00Z,0.0,-11.875,268.125,21.26,-1.52
2008-01-01T12:00:00Z,0.0,-11.875,272.125,21.35,-1.42
2008-01-01T12:00:00Z,0.0,-11.875,276.125,21.63,-1.41
2008-01-01T12:00:00Z,0.0,-11.875,280.125,22.76,-0.04
2008-01-01T12:00:00Z,0.0,-11.875,284.125,NaN,NaN
2008-01-01T12:00:00Z,0.0,-11.875,288.125,NaN,NaN
2008-01-01T12:00:00Z,0.0,-11.875,292.125,NaN,NaN
2008-01-01T12:00:00Z,0.0,-11.875,296.125,NaN,NaN
2008-01-01T12:00:00Z,0.0,-11.875,300.125,NaN,NaN
2008-01-01T12:00:00Z,0.0,-11.875,304.125,NaN,NaN
2008-01-01T12:00:00Z,0.0,-11.875,308.125,NaN,NaN
2008-01-01T12:00:00Z,0.0,-11.875,312.125,NaN,NaN
2008-01-01T12:00:00Z,0.0,-11.875,316.125,NaN,NaN
2008-01-01T12:00:00Z,0.0,-11.875,320.125,NaN,NaN
2008-01-01T12:00:00Z,0.0,-11.875,324.125,27.17,-0.2
2008-01-01T12:00:00Z,0.0,-11.875,328.125,27.17,-0.04
2008-01-01T12:00:00Z,0.0,-11.875,332.125,26.13,-0.46
2008-01-01T12:00:00Z,0.0,-11.875,336.125,25.75,-0.17
2008-01-01T12:00:00Z,0.0,-11.875,340.125,24.82,-0.44
2008-01-01T12:00:00Z,0.0,-11.875,344.125,24.57,-0.05
2008-01-01T12:00:00Z,0.0,-11.875,348.125,24.01,-0.09
2008-01-01T12:00:00Z,0.0,-11.875,352.125,23.64,-0.1
2008-01-01T12:00:00Z,0.0,-11.875,356.125,23.43,-0.15
2008-01-01T12:00:00Z,0.0,-7.875,0.125,25.36,0.19
2008-01-01T12:00:00Z,0.0,-7.875,4.125,25.7,-0.07
2008-01-01T12:00:00Z,0.0,-7.875,8.125,26.45,-0.26
2008-01-01T12:00:00Z,0.0,-7.875,12.125,27.34,0.65
2008-01-01T12:00:00Z,0.0,-7.875,16.125,NaN,NaN
2008-01-01T12:00:00Z,0.0,-7.875,20.125,NaN,NaN
2008-01-01T12:00:00Z,0.0,-7.875,24.125,NaN,NaN
2008-01-01T12:00:00Z,0.0,-7.875,28.125,NaN,NaN
2008-01-01T12:00:00Z,0.0,-7.875,32.125,NaN,NaN
2008-01-01T12:00:00Z,0.0,-7.875,36.125,NaN,NaN
2008-01-01T12:00:00Z,0.0,-7.875,40.125,28.73,0.16
2008-01-01T12:00:00Z,0.0,-7.875,44.125,29.1,0.42
2008-01-01T12:00:00Z,0.0,-7.875,48.125,29.88,1.37
2008-01-01T12:00:00Z,0.0,-7.875,52.125,29.07,0.66
2008-01-01T12:00:00Z,0.0,-7.875,56.125,27.76,-0.52
2008-01-01T12:00:00Z,0.0,-7.875,60.125,27.99,-0.35
2008-01-01T12:00:00Z,0.0,-7.875,64.125,27.96,-0.41
2008-01-01T12:00:00Z,0.0,-7.875,68.125,28.65,0.22
2008-01-01T12:00:00Z,0.0,-7.875,72.125,29.03,0.71
2008-01-01T12:00:00Z,0.0,-7.875,76.125,29.04,0.73
2008-01-01T12:00:00Z,0.0,-7.875,80.125,29.05,0.73
2008-01-01T12:00:00Z,0.0,-7.875,84.125,28.8,0.5
2008-01-01T12:00:00Z,0.0,-7.875,88.125,28.49,0.18
2008-01-01T12:00:00Z,0.0,-7.875,92.125,28.09,-0.23
2008-01-01T12:00:00Z,0.0,-7.875,96.125,28.72,0.3
2008-01-01T12:00:00Z,0.0,-7.875,100.125,28.33,-0.13
2008-01-01T12:00:00Z,0.0,-7.875,104.125,28.61,0.13
2008-01-01T12:00:00Z,0.0,-7.875,108.125,28.71,0.06
2008-01-01T12:00:00Z,0.0,-7.875,112.125,NaN,NaN
2008-01-01T12:00:00Z,0.0,-7.875,116.125,27.93,-1.04
2008-01-01T12:00:00Z,0.0,-7.875,120.125,29.06,0.08
2008-01-01T12:00:00Z,0.0,-7.875,124.125,28.52,-0.57
2008-01-01T12:00:00Z,0.0,-7.875,128.125,29.38,0.05
2008-01-01T12:00:00Z,0.0,-7.875,132.125,29.5,0.15
2008-01-01T12:00:00Z,0.0,-7.875,136.125,29.98,0.71
2008-01-01T12:00:00Z,0.0,-7.875,140.125,NaN,NaN
2008-01-01T12:00:00Z,0.0,-7.875,144.125,29.88,0.9
2008-01-01T12:00:00Z,0.0,-7.875,148.125,30.43,0.95
2008-01-01T12:00:00Z,0.0,-7.875,152.125,29.59,0.02
2008-01-01T12:00:00Z,0.0,-7.875,156.125,29.53,-0.2
2008-01-01T12:00:00Z,0.0,-7.875,160.125,29.06,-0.65
2008-01-01T12:00:00Z,0.0,-7.875,164.125,29.82,0.22
2008-01-01T12:00:00Z,0.0,-7.875,168.125,29.66,0.1
2008-01-01T12:00:00Z,0.0,-7.875,172.125,28.71,-0.79
2008-01-01T12:00:00Z,0.0,-7.875,176.125,29.05,-0.45
2008-01-01T12:00:00Z,0.0,-7.875,180.125,29.09,-0.34
2008-01-01T12:00:00Z,0.0,-7.875,184.125,28.26,-1.06
2008-01-01T12:00:00Z,0.0,-7.875,188.125,28.83,-0.35
2008-01-01T12:00:00Z,0.0,-7.875,192.125,28.52,-0.53
2008-01-01T12:00:00Z,0.0,-7.875,196.125,28.08,-0.83
2008-01-01T12:00:00Z,0.0,-7.875,200.125,28.24,-0.55
2008-01-01T12:00:00Z,0.0,-7.875,204.125,27.15,-1.43
2008-01-01T12:00:00Z,0.0,-7.875,208.125,27.9,-0.44
2008-01-01T12:00:00Z,0.0,-7.875,212.125,27.27,-0.81
2008-01-01T12:00:00Z,0.0,-7.875,216.125,27.3,-0.55
2008-01-01T12:00:00Z,0.0,-7.875,220.125,26.88,-0.69
2008-01-01T12:00:00Z,0.0,-7.875,224.125,25.94,-1.31
2008-01-01T12:00:00Z,0.0,-7.875,228.125,26.05,-0.91
2008-01-01T12:00:00Z,0.0,-7.875,232.125,25.16,-1.43
2008-01-01T12:00:00Z,0.0,-7.875,236.125,25.26,-0.95
2008-01-01T12:00:00Z,0.0,-7.875,240.125,24.58,-1.26
2008-01-01T12:00:00Z,0.0,-7.875,244.125,24.42,-1.09
2008-01-01T12:00:00Z,0.0,-7.875,248.125,24.04,-1.1
2008-01-01T12:00:00Z,0.0,-7.875,252.125,23.47,-1.32
2008-01-01T12:00:00Z,0.0,-7.875,256.125,22.97,-1.5
2008-01-01T12:00:00Z,0.0,-7.875,260.125,23.0,-1.24
2008-01-01T12:00:00Z,0.0,-7.875,264.125,22.49,-1.61
2008-01-01T12:00:00Z,0.0,-7.875,268.125,23.33,-0.73
2008-01-01T12:00:00Z,0.0,-7.875,272.125,23.14,-0.98
2008-01-01T12:00:00Z,0.0,-7.875,276.125,23.05,-0.81
2008-01-01T12:00:00Z,0.0,-7.875,280.125,19.27,-2.06
2008-01-01T12:00:00Z,0.0,-7.875,284.125,NaN,NaN
2008-01-01T12:00:00Z,0.0,-7.875,288.125,NaN,NaN
2008-01-01T12:00:00Z,0.0,-7.875,292.125,NaN,NaN
2008-01-01T12:00:00Z,0.0,-7.875,296.125,NaN,NaN
2008-01-01T12:00:00Z,0.0,-7.875,300.125,NaN,NaN
2008-01-01T12:00:00Z,0.0,-7.875,304.125,NaN,NaN
2008-01-01T12:00:00Z,0.0,-7.875,308.125,NaN,NaN
2008-01-01T12:00:00Z,0.0,-7.875,312.125,NaN,NaN
2008-01-01T12:00:00Z,0.0,-7.875,316.125,NaN,NaN
2008-01-01T12:00:00Z,0.0,-7.875,320.125,NaN,NaN
2008-01-01T12:00:00Z,0.0,-7.875,324.125,NaN,NaN
2008-01-01T12:00:00Z,0.0,-7.875,328.125,27.3,-0.12
2008-01-01T12:00:00Z,0.0,-7.875,332.125,26.84,-0.12
2008-01-01T12:00:00Z,0.0,-7.875,336.125,26.37,-0.14
2008-01-01T12:00:00Z,0.0,-7.875,340.125,26.34,0.27
2008-01-01T12:00:00Z,0.0,-7.875,344.125,25.65,-0.01
2008-01-01T12:00:00Z,0.0,-7.875,348.125,25.17,-0.13
2008-01-01T12:00:00Z,0.0,-7.875,352.125,25.24,0.19
2008-01-01T12:00:00Z,0.0,-7.875,356.125,24.56,-0.36
2008-01-01T12:00:00Z,0.0,-3.875,0.125,27.12,0.66
2008-01-01T12:00:00Z,0.0,-3.875,4.125,27.27,0.26
2008-01-01T12:00:00Z,0.0,-3.875,8.125,27.11,-0.15
2008-01-01T12:00:00Z,0.0,-3.875,12.125,NaN,NaN
2008-01-01T12:00:00Z,0.0,-3.875,16.125,NaN,NaN
2008-01-01T12:00:00Z,0.0,-3.875,20.125,NaN,NaN
2008-01-01T12:00:00Z,0.0,-3.875,24.125,NaN,NaN
2008-01-01T12:00:00Z,0.0,-3.875,28.125,NaN,NaN
2008-01-01T12:00:00Z,0.0,-3.875,32.125,NaN,NaN
2008-01-01T12:00:00Z,0.0,-3.875,36.125,NaN,NaN
2008-01-01T12:00:00Z,0.0,-3.875,40.125,27.59,-0.48
2008-01-01T12:00:00Z,0.0,-3.875,44.125,27.73,-0.24
2008-01-01T12:00:00Z,0.0,-3.875,48.125,28.09,-0.21
2008-01-01T12:00:00Z,0.0,-3.875,52.125,28.62,0.24
2008-01-01T12:00:00Z,0.0,-3.875,56.125,28.38,0.14
2008-01-01T12:00:00Z,0.0,-3.875,60.125,28.63,0.39
2008-01-01T12:00:00Z,0.0,-3.875,64.125,28.47,0.18
2008-01-01T12:00:00Z,0.0,-3.875,68.125,28.19,-0.14
2008-01-01T12:00:00Z,0.0,-3.875,72.125,28.11,-0.21
2008-01-01T12:00:00Z,0.0,-3.875,76.125,28.32,-0.01
2008-01-01T12:00:00Z,0.0,-3.875,80.125,27.97,-0.36
2008-01-01T12:00:00Z,0.0,-3.875,84.125,27.75,-0.69
2008-01-01T12:00:00Z,0.0,-3.875,88.125,27.75,-0.79
2008-01-01T12:00:00Z,0.0,-3.875,92.125,27.64,-1.02
2008-01-01T12:00:00Z,0.0,-3.875,96.125,28.6,-0.12
2008-01-01T12:00:00Z,0.0,-3.875,100.125,28.67,-0.01
2008-01-01T12:00:00Z,0.0,-3.875,104.125,NaN,NaN
2008-01-01T12:00:00Z,0.0,-3.875,108.125,29.07,0.57
2008-01-01T12:00:00Z,0.0,-3.875,112.125,29.0,0.18
2008-01-01T12:00:00Z,0.0,-3.875,116.125,28.85,-0.23
2008-01-01T12:00:00Z,0.0,-3.875,120.125,NaN,NaN
2008-01-01T12:00:00Z,0.0,-3.875,124.125,29.58,0.2
2008-01-01T12:00:00Z,0.0,-3.875,128.125,29.37,0.16
2008-01-01T12:00:00Z,0.0,-3.875,132.125,29.99,0.71
2008-01-01T12:00:00Z,0.0,-3.875,136.125,NaN,NaN
2008-01-01T12:00:00Z,0.0,-3.875,140.125,NaN,NaN
2008-01-01T12:00:00Z,0.0,-3.875,144.125,NaN,NaN
2008-01-01T12:00:00Z,0.0,-3.875,148.125,29.78,0.48
2008-01-01T12:00:00Z,0.0,-3.875,152.125,29.8,0.17
2008-01-01T12:00:00Z,0.0,-3.875,156.125,29.03,-0.59
2008-01-01T12:00:00Z,0.0,-3.875,160.125,28.93,-0.66
2008-01-01T12:00:00Z,0.0,-3.875,164.125,29.44,-0.02
2008-01-01T12:00:00Z,0.0,-3.875,168.125,28.56,-0.86
2008-01-01T12:00:00Z,0.0,-3.875,172.125,29.16,-0.19
2008-01-01T12:00:00Z,0.0,-3.875,176.125,28.24,-0.98
2008-01-01T12:00:00Z,0.0,-3.875,180.125,28.87,-0.23
2008-01-01T12:00:00Z,0.0,-3.875,184.125,26.86,-2.05
2008-01-01T12:00:00Z,0.0,-3.875,188.125,27.81,-0.84
2008-01-01T12:00:00Z,0.0,-3.875,192.125,27.92,-0.47
2008-01-01T12:00:00Z,0.0,-3.875,196.125,27.34,-0.77
2008-01-01T12:00:00Z,0.0,-3.875,200.125,26.95,-0.93
2008-01-01T12:00:00Z,0.0,-3.875,204.125,26.63,-0.97
2008-01-01T12:00:00Z,0.0,-3.875,208.125,25.24,-2.1
2008-01-01T12:00:00Z,0.0,-3.875,212.125,26.32,-0.8
2008-01-01T12:00:00Z,0.0,-3.875,216.125,24.98,-1.92
2008-01-01T12:00:00Z,0.0,-3.875,220.125,25.04,-1.6
2008-01-01T12:00:00Z,0.0,-3.875,224.125,25.24,-1.14
2008-01-01T12:00:00Z,0.0,-3.875,228.125,24.02,-2.11
2008-01-01T12:00:00Z,0.0,-3.875,232.125,25.04,-0.77
2008-01-01T12:00:00Z,0.0,-3.875,236.125,23.8,-1.7
2008-01-01T12:00:00Z,0.0,-3.875,240.125,23.5,-1.71
2008-01-01T12:00:00Z,0.0,-3.875,244.125,23.4,-1.52
2008-01-01T12:00:00Z,0.0,-3.875,248.125,23.24,-1.44
2008-01-01T12:00:00Z,0.0,-3.875,252.125,22.75,-1.72
2008-01-01T12:00:00Z,0.0,-3.875,256.125,22.52,-1.81
2008-01-01T12:00:00Z,0.0,-3.875,260.125,22.95,-1.24
2008-01-01T12:00:00Z,0.0,-3.875,264.125,22.76,-1.4
2008-01-01T12:00:00Z,0.0,-3.875,268.125,23.2,-1.07
2008-01-01T12:00:00Z,0.0,-3.875,272.125,22.82,-1.46
2008-01-01T12:00:00Z,0.0,-3.875,276.125,21.85,-1.05
2008-01-01T12:00:00Z,0.0,-3.875,280.125,NaN,NaN
2008-01-01T12:00:00Z,0.0,-3.875,284.125,NaN,NaN
2008-01-01T12:00:00Z,0.0,-3.875,288.125,NaN,NaN
2008-01-01T12:00:00Z,0.0,-3.875,292.125,NaN,NaN
2008-01-01T12:00:00Z,0.0,-3.875,296.125,NaN,NaN
2008-01-01T12:00:00Z,0.0,-3.875,300.125,NaN,NaN
2008-01-01T12:00:00Z,0.0,-3.875,304.125,NaN,NaN
2008-01-01T12:00:00Z,0.0,-3.875,308.125,NaN,NaN
2008-01-01T12:00:00Z,0.0,-3.875,312.125,NaN,NaN
2008-01-01T12:00:00Z,0.0,-3.875,316.125,NaN,NaN
2008-01-01T12:00:00Z,0.0,-3.875,320.125,NaN,NaN
2008-01-01T12:00:00Z,0.0,-3.875,324.125,27.7,0.3
2008-01-01T12:00:00Z,0.0,-3.875,328.125,27.37,0.13
2008-01-01T12:00:00Z,0.0,-3.875,332.125,27.1,0.12
2008-01-01T12:00:00Z,0.0,-3.875,336.125,26.92,0.21
2008-01-01T12:00:00Z,0.0,-3.875,340.125,26.9,0.46
2008-01-01T12:00:00Z,0.0,-3.875,344.125,26.73,0.5
2008-01-01T12:00:00Z,0.0,-3.875,348.125,26.58,0.48
2008-01-01T12:00:00Z,0.0,-3.875,352.125,26.82,0.71
2008-01-01T12:00:00Z,0.0,-3.875,356.125,26.86,0.64
2008-01-01T12:00:00Z,0.0,0.125,0.125,27.82,0.2
2008-01-01T12:00:00Z,0.0,0.125,4.125,27.85,-0.02
2008-01-01T12:00:00Z,0.0,0.125,8.125,27.51,-0.32
2008-01-01T12:00:00Z,0.0,0.125,12.125,NaN,NaN
2008-01-01T12:00:00Z,0.0,0.125,16.125,NaN,NaN
2008-01-01T12:00:00Z,0.0,0.125,20.125,NaN,NaN
2008-01-01T12:00:00Z,0.0,0.125,24.125,NaN,NaN
2008-01-01T12:00:00Z,0.0,0.125,28.125,NaN,NaN
2008-01-01T12:00:00Z,0.0,0.125,32.125,NaN,NaN
2008-01-01T12:00:00Z,0.0,0.125,36.125,NaN,NaN
2008-01-01T12:00:00Z,0.0,0.125,40.125,NaN,NaN
2008-01-01T12:00:00Z,0.0,0.125,44.125,26.5,-0.23
2008-01-01T12:00:00Z,0.0,0.125,48.125,25.81,-1.08
2008-01-01T12:00:00Z,0.0,0.125,52.125,26.26,-0.98
2008-01-01T12:00:00Z,0.0,0.125,56.125,27.09,-0.61
2008-01-01T12:00:00Z,0.0,0.125,60.125,28.44,0.38
2008-01-01T12:00:00Z,0.0,0.125,64.125,28.54,0.3
2008-01-01T12:00:00Z,0.0,0.125,68.125,28.59,0.28
2008-01-01T12:00:00Z,0.0,0.125,72.125,28.24,-0.11
2008-01-01T12:00:00Z,0.0,0.125,76.125,28.27,-0.17
2008-01-01T12:00:00Z,0.0,0.125,80.125,28.43,-0.06
2008-01-01T12:00:00Z,0.0,0.125,84.125,28.35,-0.22
2008-01-01T12:00:00Z,0.0,0.125,88.125,28.81,0.18
2008-01-01T12:00:00Z,0.0,0.125,92.125,28.36,-0.36
2008-01-01T12:00:00Z,0.0,0.125,96.125,28.76,-0.06
2008-01-01T12:00:00Z,0.0,0.125,100.125,NaN,NaN
2008-01-01T12:00:00Z,0.0,0.125,104.125,28.52,0.51
2008-01-01T12:00:00Z,0.0,0.125,108.125,28.31,0.15
2008-01-01T12:00:00Z,0.0,0.125,112.125,NaN,NaN
2008-01-01T12:00:00Z,0.0,0.125,116.125,NaN,NaN
2008-01-01T12:00:00Z,0.0,0.125,120.125,30.0,1.18
2008-01-01T12:00:00Z,0.0,0.125,124.125,29.5,0.62
2008-01-01T12:00:00Z,0.0,0.125,128.125,28.57,-0.25
2008-01-01T12:00:00Z,0.0,0.125,132.125,28.98,0.01
2008-01-01T12:00:00Z,0.0,0.125,136.125,29.63,0.61
2008-01-01T12:00:00Z,0.0,0.125,140.125,29.73,0.61
2008-01-01T12:00:00Z,0.0,0.125,144.125,29.64,0.37
2008-01-01T12:00:00Z,0.0,0.125,148.125,29.48,0.05
2008-01-01T12:00:00Z,0.0,0.125,152.125,29.41,-0.11
2008-01-01T12:00:00Z,0.0,0.125,156.125,28.83,-0.65
2008-01-01T12:00:00Z,0.0,0.125,160.125,28.47,-0.87
2008-01-01T12:00:00Z,0.0,0.125,164.125,27.77,-1.39
2008-01-01T12:00:00Z,0.0,0.125,168.125,27.69,-1.3
2008-01-01T12:00:00Z,0.0,0.125,172.125,26.56,-2.19
2008-01-01T12:00:00Z,0.0,0.125,176.125,26.4,-2.13
2008-01-01T12:00:00Z,0.0,0.125,180.125,26.38,-1.94
2008-01-01T12:00:00Z,0.0,0.125,184.125,26.03,-2.06
2008-01-01T12:00:00Z,0.0,0.125,188.125,25.4,-2.34
2008-01-01T12:00:00Z,0.0,0.125,192.125,25.54,-1.88
2008-01-01T12:00:00Z,0.0,0.125,196.125,25.67,-1.42
2008-01-01T12:00:00Z,0.0,0.125,200.125,25.01,-1.76
2008-01-01T12:00:00Z,0.0,0.125,204.125,24.55,-2.01
2008-01-01T12:00:00Z,0.0,0.125,208.125,24.36,-1.92
2008-01-01T12:00:00Z,0.0,0.125,212.125,24.77,-1.26
2008-01-01T12:00:00Z,0.0,0.125,216.125,23.81,-2.01
2008-01-01T12:00:00Z,0.0,0.125,220.125,23.63,-1.91
2008-01-01T12:00:00Z,0.0,0.125,224.125,23.23,-2.11
2008-01-01T12:00:00Z,0.0,0.125,228.125,23.24,-1.83
2008-01-01T12:00:00Z,0.0,0.125,232.125,23.4,-1.39
2008-01-01T12:00:00Z,0.0,0.125,236.125,22.91,-1.65
2008-01-01T12:00:00Z,0.0,0.125,240.125,21.63,-2.67
2008-01-01T12:00:00Z,0.0,0.125,244.125,22.0,-1.99
2008-01-01T12:00:00Z,0.0,0.125,248.125,23.31,-0.46
2008-01-01T12:00:00Z,0.0,0.125,252.125,21.59,-2.02
2008-01-01T12:00:00Z,0.0,0.125,256.125,21.79,-1.85
2008-01-01T12:00:00Z,0.0,0.125,260.125,21.81,-1.93
2008-01-01T12:00:00Z,0.0,0.125,264.125,22.21,-1.6
2008-01-01T12:00:00Z,0.0,0.125,268.125,23.29,-0.86
2008-01-01T12:00:00Z,0.0,0.125,272.125,23.41,-1.46
2008-01-01T12:00:00Z,0.0,0.125,276.125,23.53,-1.25
2008-01-01T12:00:00Z,0.0,0.125,280.125,NaN,NaN
2008-01-01T12:00:00Z,0.0,0.125,284.125,NaN,NaN
2008-01-01T12:00:00Z,0.0,0.125,288.125,NaN,NaN
2008-01-01T12:00:00Z,0.0,0.125,292.125,NaN,NaN
2008-01-01T12:00:00Z,0.0,0.125,296.125,NaN,NaN
2008-01-01T12:00:00Z,0.0,0.125,300.125,NaN,NaN
2008-01-01T12:00:00Z,0.0,0.125,304.125,NaN,NaN
2008-01-01T12:00:00Z,0.0,0.125,308.125,NaN,NaN
2008-01-01T12:00:00Z,0.0,0.125,312.125,27.71,-0.33
2008-01-01T12:00:00Z,0.0,0.125,316.125,27.65,0.1
2008-01-01T12:00:00Z,0.0,0.125,320.125,27.62,0.1
2008-01-01T12:00:00Z,0.0,0.125,324.125,27.28,-0.12
2008-01-01T12:00:00Z,0.0,0.125,328.125,27.5,0.2
2008-01-01T12:00:00Z,0.0,0.125,332.125,27.01,-0.09
2008-01-01T12:00:00Z,0.0,0.125,336.125,27.18,0.38
2008-01-01T12:00:00Z,0.0,0.125,340.125,26.96,0.42
2008-01-01T12:00:00Z,0.0,0.125,344.125,27.65,1.18
2008-01-01T12:00:00Z,0.0,0.125,348.125,27.03,0.43
2008-01-01T12:00:00Z,0.0,0.125,352.125,27.46,0.49
2008-01-01T12:00:00Z,0.0,0.125,356.125,28.8,1.45
2008-01-01T12:00:00Z,0.0,4.125,0.125,28.91,0.78
2008-01-01T12:00:00Z,0.0,4.125,4.125,29.32,1.04
2008-01-01T12:00:00Z,0.0,4.125,8.125,29.25,1.15
2008-01-01T12:00:00Z,0.0,4.125,12.125,NaN,NaN
2008-01-01T12:00:00Z,0.0,4.125,16.125,NaN,NaN
2008-01-01T12:00:00Z,0.0,4.125,20.125,NaN,NaN
2008-01-01T12:00:00Z,0.0,4.125,24.125,NaN,NaN
2008-01-01T12:00:00Z,0.0,4.125,28.125,NaN,NaN
2008-01-01T12:00:00Z,0.0,4.125,32.125,NaN,NaN
2008-01-01T12:00:00Z,0.0,4.125,36.125,NaN,NaN
2008-01-01T12:00:00Z,0.0,4.125,40.125,NaN,NaN
2008-01-01T12:00:00Z,0.0,4.125,44.125,NaN,NaN
2008-01-01T12:00:00Z,0.0,4.125,48.125,26.47,-0.26
2008-01-01T12:00:00Z,0.0,4.125,52.125,26.03,-0.79
2008-01-01T12:00:00Z,0.0,4.125,56.125,26.73,-0.64
2008-01-01T12:00:00Z,0.0,4.125,60.125,26.76,-1.06
2008-01-01T12:00:00Z,0.0,4.125,64.125,27.65,-0.58
2008-01-01T12:00:00Z,0.0,4.125,68.125,28.67,0.33
2008-01-01T12:00:00Z,0.0,4.125,72.125,28.35,0.18
2008-01-01T12:00:00Z,0.0,4.125,76.125,27.83,-0.29
2008-01-01T12:00:00Z,0.0,4.125,80.125,27.46,-0.72
2008-01-01T12:00:00Z,0.0,4.125,84.125,28.35,-0.01
2008-01-01T12:00:00Z,0.0,4.125,88.125,28.25,-0.15
2008-01-01T12:00:00Z,0.0,4.125,92.125,28.78,0.3
2008-01-01T12:00:00Z,0.0,4.125,96.125,28.4,-0.29
2008-01-01T12:00:00Z,0.0,4.125,100.125,29.35,0.82
2008-01-01T12:00:00Z,0.0,4.125,104.125,27.43,0.25
2008-01-01T12:00:00Z,0.0,4.125,108.125,26.7,-0.33
2008-01-01T12:00:00Z,0.0,4.125,112.125,27.31,-0.5
2008-01-01T12:00:00Z,0.0,4.125,116.125,NaN,NaN
2008-01-01T12:00:00Z,0.0,4.125,120.125,27.85,-0.63
2008-01-01T12:00:00Z,0.0,4.125,124.125,28.84,0.36
2008-01-01T12:00:00Z,0.0,4.125,128.125,28.84,0.47
2008-01-01T12:00:00Z,0.0,4.125,132.125,29.38,0.75
2008-01-01T12:00:00Z,0.0,4.125,136.125,29.46,0.68
2008-01-01T12:00:00Z,0.0,4.125,140.125,29.62,0.68
2008-01-01T12:00:00Z,0.0,4.125,144.125,28.92,-0.18
2008-01-01T12:00:00Z,0.0,4.125,148.125,28.72,-0.46
2008-01-01T12:00:00Z,0.0,4.125,152.125,29.14,-0.03
2008-01-01T12:00:00Z,0.0,4.125,156.125,28.9,-0.22
2008-01-01T12:00:00Z,0.0,4.125,160.125,29.25,0.21
2008-01-01T12:00:00Z,0.0,4.125,164.125,27.47,-1.48
2008-01-01T12:00:00Z,0.0,4.125,168.125,27.83,-1.03
2008-01-01T12:00:00Z,0.0,4.125,172.125,26.29,-2.42
2008-01-01T12:00:00Z,0.0,4.125,176.125,27.24,-1.33
2008-01-01T12:00:00Z,0.0,4.125,180.125,26.68,-1.84
2008-01-01T12:00:00Z,0.0,4.125,184.125,27.76,-0.61
2008-01-01T12:00:00Z,0.0,4.125,188.125,27.23,-0.95
2008-01-01T12:00:00Z,0.0,4.125,192.125,27.01,-0.98
2008-01-01T12:00:00Z,0.0,4.125,196.125,26.55,-1.22
2008-01-01T12:00:00Z,0.0,4.125,200.125,25.53,-2.01
2008-01-01T12:00:00Z,0.0,4.125,204.125,25.31,-2.02
2008-01-01T12:00:00Z,0.0,4.125,208.125,25.52,-1.59
2008-01-01T12:00:00Z,0.0,4.125,212.125,25.83,-1.12
2008-01-01T12:00:00Z,0.0,4.125,216.125,24.19,-2.68
2008-01-01T12:00:00Z,0.0,4.125,220.125,24.61,-2.12
2008-01-01T12:00:00Z,0.0,4.125,224.125,25.26,-1.43
2008-01-01T12:00:00Z,0.0,4.125,228.125,24.43,-2.17
2008-01-01T12:00:00Z,0.0,4.125,232.125,25.44,-1.13
2008-01-01T12:00:00Z,0.0,4.125,236.125,25.46,-0.99
2008-01-01T12:00:00Z,0.0,4.125,240.125,25.49,-0.92
2008-01-01T12:00:00Z,0.0,4.125,244.125,24.3,-1.97
2008-01-01T12:00:00Z,0.0,4.125,248.125,23.95,-2.31
2008-01-01T12:00:00Z,0.0,4.125,252.125,25.33,-1.03
2008-01-01T12:00:00Z,0.0,4.125,256.125,24.24,-2.26
2008-01-01T12:00:00Z,0.0,4.125,260.125,25.55,-1.08
2008-01-01T12:00:00Z,0.0,4.125,264.125,26.23,-0.56
2008-01-01T12:00:00Z,0.0,4.125,268.125,25.98,-1.04
2008-01-01T12:00:00Z,0.0,4.125,272.125,26.18,-1.1
2008-01-01T12:00:00Z,0.0,4.125,276.125,27.06,-0.36
2008-01-01T12:00:00Z,0.0,4.125,280.125,25.89,-0.9
2008-01-01T12:00:00Z,0.0,4.125,284.125,NaN,NaN
2008-01-01T12:00:00Z,0.0,4.125,288.125,NaN,NaN
2008-01-01T12:00:00Z,0.0,4.125,292.125,NaN,NaN
2008-01-01T12:00:00Z,0.0,4.125,296.125,NaN,NaN
2008-01-01T12:00:00Z,0.0,4.125,300.125,NaN,NaN
2008-01-01T12:00:00Z,0.0,4.125,304.125,NaN,NaN
2008-01-01T12:00:00Z,0.0,4.125,308.125,NaN,NaN
2008-01-01T12:00:00Z,0.0,4.125,312.125,27.32,-0.07
2008-01-01T12:00:00Z,0.0,4.125,316.125,28.11,0.6
2008-01-01T12:00:00Z,0.0,4.125,320.125,27.7,0.16
2008-01-01T12:00:00Z,0.0,4.125,324.125,27.6,0.04
2008-01-01T12:00:00Z,0.0,4.125,328.125,27.21,-0.32
2008-01-01T12:00:00Z,0.0,4.125,332.125,27.55,0.05
2008-01-01T12:00:00Z,0.0,4.125,336.125,27.79,0.21
2008-01-01T12:00:00Z,0.0,4.125,340.125,28.02,0.21
2008-01-01T12:00:00Z,0.0,4.125,344.125,28.74,0.55
2008-01-01T12:00:00Z,0.0,4.125,348.125,29.35,0.99
2008-01-01T12:00:00Z,0.0,4.125,352.125,29.12,0.9
2008-01-01T12:00:00Z,0.0,4.125,356.125,28.48,0.35
2008-01-01T12:00:00Z,0.0,8.125,0.125,NaN,NaN
2008-01-01T12:00:00Z,0.0,8.125,4.125,NaN,NaN
2008-01-01T12:00:00Z,0.0,8.125,8.125,NaN,NaN
2008-01-01T12:00:00Z,0.0,8.125,12.125,NaN,NaN
2008-01-01T12:00:00Z,0.0,8.125,16.125,NaN,NaN
2008-01-01T12:00:00Z,0.0,8.125,20.125,NaN,NaN
2008-01-01T12:00:00Z,0.0,8.125,24.125,NaN,NaN
2008-01-01T12:00:00Z,0.0,8.125,28.125,NaN,NaN
2008-01-01T12:00:00Z,0.0,8.125,32.125,NaN,NaN
2008-01-01T12:00:00Z,0.0,8.125,36.125,NaN,NaN
2008-01-01T12:00:00Z,0.0,8.125,40.125,NaN,NaN
2008-01-01T12:00:00Z,0.0,8.125,44.125,NaN,NaN
2008-01-01T12:00:00Z,0.0,8.125,48.125,NaN,NaN
2008-01-01T12:00:00Z,0.0,8.125,52.125,26.58,0.0
2008-01-01T12:00:00Z,0.0,8.125,56.125,27.0,-0.07
2008-01-01T12:00:00Z,0.0,8.125,60.125,27.56,0.03
2008-01-01T12:00:00Z,0.0,8.125,64.125,27.94,-0.01
2008-01-01T12:00:00Z,0.0,8.125,68.125,28.14,-0.15
2008-01-01T12:00:00Z,0.0,8.125,72.125,28.29,-0.04
2008-01-01T12:00:00Z,0.0,8.125,76.125,28.53,0.44
2008-01-01T12:00:00Z,0.0,8.125,80.125,NaN,NaN
2008-01-01T12:00:00Z,0.0,8.125,84.125,27.47,-0.26
2008-01-01T12:00:00Z,0.0,8.125,88.125,28.1,0.14
2008-01-01T12:00:00Z,0.0,8.125,92.125,27.83,-0.13
2008-01-01T12:00:00Z,0.0,8.125,96.125,27.69,-0.41
2008-01-01T12:00:00Z,0.0,8.125,100.125,NaN,NaN
2008-01-01T12:00:00Z,0.0,8.125,104.125,26.66,-0.31
2008-01-01T12:00:00Z,0.0,8.125,108.125,25.18,-0.75
2008-01-01T12:00:00Z,0.0,8.125,112.125,26.96,-0.38
2008-01-01T12:00:00Z,0.0,8.125,116.125,26.58,-1.41
2008-01-01T12:00:00Z,0.0,8.125,120.125,28.0,0.12
2008-01-01T12:00:00Z,0.0,8.125,124.125,NaN,NaN
2008-01-01T12:00:00Z,0.0,8.125,128.125,29.0,0.66
2008-01-01T12:00:00Z,0.0,8.125,132.125,29.18,0.64
2008-01-01T12:00:00Z,0.0,8.125,136.125,28.88,0.3
2008-01-01T12:00:00Z,0.0,8.125,140.125,28.17,-0.42
2008-01-01T12:00:00Z,0.0,8.125,144.125,28.7,0.07
2008-01-01T12:00:00Z,0.0,8.125,148.125,28.49,-0.14
2008-01-01T12:00:00Z,0.0,8.125,152.125,28.55,-0.06
2008-01-01T12:00:00Z,0.0,8.125,156.125,28.37,-0.15
2008-01-01T12:00:00Z,0.0,8.125,160.125,28.17,-0.24
2008-01-01T12:00:00Z,0.0,8.125,164.125,28.3,-0.06
2008-01-01T12:00:00Z,0.0,8.125,168.125,28.18,-0.01
2008-01-01T12:00:00Z,0.0,8.125,172.125,27.17,-0.9
2008-01-01T12:00:00Z,0.0,8.125,176.125,28.72,0.65
2008-01-01T12:00:00Z,0.0,8.125,180.125,27.94,-0.1
2008-01-01T12:00:00Z,0.0,8.125,184.125,28.12,0.14
2008-01-01T12:00:00Z,0.0,8.125,188.125,28.15,0.22
2008-01-01T12:00:00Z,0.0,8.125,192.125,27.53,-0.24
2008-01-01T12:00:00Z,0.0,8.125,196.125,27.57,-0.19
2008-01-01T12:00:00Z,0.0,8.125,200.125,27.24,-0.43
2008-01-01T12:00:00Z,0.0,8.125,204.125,27.25,-0.3
2008-01-01T12:00:00Z,0.0,8.125,208.125,26.83,-0.6
2008-01-01T12:00:00Z,0.0,8.125,212.125,26.1,-1.21
2008-01-01T12:00:00Z,0.0,8.125,216.125,26.6,-0.71
2008-01-01T12:00:00Z,0.0,8.125,220.125,24.98,-2.23
2008-01-01T12:00:00Z,0.0,8.125,224.125,25.02,-2.13
2008-01-01T12:00:00Z,0.0,8.125,228.125,25.79,-1.29
2008-01-01T12:00:00Z,0.0,8.125,232.125,25.23,-1.9
2008-01-01T12:00:00Z,0.0,8.125,236.125,25.72,-1.45
2008-01-01T12:00:00Z,0.0,8.125,240.125,26.38,-0.96
2008-01-01T12:00:00Z,0.0,8.125,244.125,26.73,-0.69
2008-01-01T12:00:00Z,0.0,8.125,248.125,27.04,-0.36
2008-01-01T12:00:00Z,0.0,8.125,252.125,26.97,-0.37
2008-01-01T12:00:00Z,0.0,8.125,256.125,26.96,-0.25
2008-01-01T12:00:00Z,0.0,8.125,260.125,27.08,0.01
2008-01-01T12:00:00Z,0.0,8.125,264.125,26.6,-0.45
2008-01-01T12:00:00Z,0.0,8.125,268.125,25.94,-0.5
2008-01-01T12:00:00Z,0.0,8.125,272.125,24.25,-2.55
2008-01-01T12:00:00Z,0.0,8.125,276.125,27.54,-0.74
2008-01-01T12:00:00Z,0.0,8.125,280.125,27.71,0.36
2008-01-01T12:00:00Z,0.0,8.125,284.125,NaN,NaN
2008-01-01T12:00:00Z,0.0,8.125,288.125,NaN,NaN
2008-01-01T12:00:00Z,0.0,8.125,292.125,NaN,NaN
2008-01-01T12:00:00Z,0.0,8.125,296.125,NaN,NaN
2008-01-01T12:00:00Z,0.0,8.125,300.125,NaN,NaN
2008-01-01T12:00:00Z,0.0,8.125,304.125,27.25,0.21
2008-01-01T12:00:00Z,0.0,8.125,308.125,26.9,-0.27
2008-01-01T12:00:00Z,0.0,8.125,312.125,26.78,-0.2
2008-01-01T12:00:00Z,0.0,8.125,316.125,26.87,0.15
2008-01-01T12:00:00Z,0.0,8.125,320.125,25.93,-0.59
2008-01-01T12:00:00Z,0.0,8.125,324.125,27.52,0.88
2008-01-01T12:00:00Z,0.0,8.125,328.125,26.19,-0.55
2008-01-01T12:00:00Z,0.0,8.125,332.125,25.92,-0.67
2008-01-01T12:00:00Z,0.0,8.125,336.125,26.53,-0.07
2008-01-01T12:00:00Z,0.0,8.125,340.125,27.41,0.18
2008-01-01T12:00:00Z,0.0,8.125,344.125,28.79,0.89
2008-01-01T12:00:00Z,0.0,8.125,348.125,NaN,NaN
2008-01-01T12:00:00Z,0.0,8.125,352.125,NaN,NaN
2008-01-01T12:00:00Z,0.0,8.125,356.125,NaN,NaN
2008-01-01T12:00:00Z,0.0,12.125,0.125,NaN,NaN
2008-01-01T12:00:00Z,0.0,12.125,4.125,NaN,NaN
2008-01-01T12:00:00Z,0.0,12.125,8.125,NaN,NaN
2008-01-01T12:00:00Z,0.0,12.125,12.125,NaN,NaN
2008-01-01T12:00:00Z,0.0,12.125,16.125,NaN,NaN
2008-01-01T12:00:00Z,0.0,12.125,20.125,NaN,NaN
2008-01-01T12:00:00Z,0.0,12.125,24.125,NaN,NaN
2008-01-01T12:00:00Z,0.0,12.125,28.125,NaN,NaN
2008-01-01T12:00:00Z,0.0,12.125,32.125,NaN,NaN
2008-01-01T12:00:00Z,0.0,12.125,36.125,NaN,NaN
2008-01-01T12:00:00Z,0.0,12.125,40.125,NaN,NaN
2008-01-01T12:00:00Z,0.0,12.125,44.125,26.21,-0.07
2008-01-01T12:00:00Z,0.0,12.125,48.125,24.95,-0.89
2008-01-01T12:00:00Z,0.0,12.125,52.125,25.87,-0.18
2008-01-01T12:00:00Z,0.0,12.125,56.125,26.31,0.1
2008-01-01T12:00:00Z,0.0,12.125,60.125,26.32,-0.12
2008-01-01T12:00:00Z,0.0,12.125,64.125,26.76,-0.11
2008-01-01T12:00:00Z,0.0,12.125,68.125,27.8,0.2
2008-01-01T12:00:00Z,0.0,12.125,72.125,28.33,0.14
2008-01-01T12:00:00Z,0.0,12.125,76.125,NaN,NaN
2008-01-01T12:00:00Z,0.0,12.125,80.125,26.99,-0.06
2008-01-01T12:00:00Z,0.0,12.125,84.125,27.01,-0.2
2008-01-01T12:00:00Z,0.0,12.125,88.125,28.0,0.54
2008-01-01T12:00:00Z,0.0,12.125,92.125,27.48,-0.18
2008-01-01T12:00:00Z,0.0,12.125,96.125,27.91,0.04
2008-01-01T12:00:00Z,0.0,12.125,100.125,27.9,0.13
2008-01-01T12:00:00Z,0.0,12.125,104.125,NaN,NaN
2008-01-01T12:00:00Z,0.0,12.125,108.125,NaN,NaN
2008-01-01T12:00:00Z,0.0,12.125,112.125,25.45,-1.12
2008-01-01T12:00:00Z,0.0,12.125,116.125,26.98,-0.57
2008-01-01T12:00:00Z,0.0,12.125,120.125,27.79,0.23
2008-01-01T12:00:00Z,0.0,12.125,124.125,27.55,0.27
2008-01-01T12:00:00Z,0.0,12.125,128.125,28.74,0.71
2008-01-01T12:00:00Z,0.0,12.125,132.125,28.84,0.7
2008-01-01T12:00:00Z,0.0,12.125,136.125,28.79,0.61
2008-01-01T12:00:00Z,0.0,12.125,140.125,28.37,0.21
2008-01-01T12:00:00Z,0.0,12.125,144.125,28.24,0.11
2008-01-01T12:00:00Z,0.0,12.125,148.125,28.03,-0.06
2008-01-01T12:00:00Z,0.0,12.125,152.125,27.6,-0.4
2008-01-01T12:00:00Z,0.0,12.125,156.125,28.37,0.5
2008-01-01T12:00:00Z,0.0,12.125,160.125,27.85,0.1
2008-01-01T12:00:00Z,0.0,12.125,164.125,27.46,-0.12
2008-01-01T12:00:00Z,0.0,12.125,168.125,27.45,0.02
2008-01-01T12:00:00Z,0.0,12.125,172.125,27.24,-0.1
2008-01-01T12:00:00Z,0.0,12.125,176.125,27.12,-0.09
2008-01-01T12:00:00Z,0.0,12.125,180.125,27.08,0.04
2008-01-01T12:00:00Z,0.0,12.125,184.125,26.82,-0.1
2008-01-01T12:00:00Z,0.0,12.125,188.125,26.8,0.02
2008-01-01T12:00:00Z,0.0,12.125,192.125,26.32,-0.28
2008-01-01T12:00:00Z,0.0,12.125,196.125,26.75,0.22
2008-01-01T12:00:00Z,0.0,12.125,200.125,25.88,-0.54
2008-01-01T12:00:00Z,0.0,12.125,204.125,25.74,-0.48
2008-01-01T12:00:00Z,0.0,12.125,208.125,25.89,-0.14
2008-01-01T12:00:00Z,0.0,12.125,212.125,24.81,-0.97
2008-01-01T12:00:00Z,0.0,12.125,216.125,24.19,-1.41
2008-01-01T12:00:00Z,0.0,12.125,220.125,24.38,-1.17
2008-01-01T12:00:00Z,0.0,12.125,224.125,24.73,-0.78
2008-01-01T12:00:00Z,0.0,12.125,228.125,24.1,-1.43
2008-01-01T12:00:00Z,0.0,12.125,232.125,23.65,-2.09
2008-01-01T12:00:00Z,0.0,12.125,236.125,24.17,-1.9
2008-01-01T12:00:00Z,0.0,12.125,240.125,24.92,-1.69
2008-01-01T12:00:00Z,0.0,12.125,244.125,26.44,-0.64
2008-01-01T12:00:00Z,0.0,12.125,248.125,26.25,-1.18
2008-01-01T12:00:00Z,0.0,12.125,252.125,27.76,0.0
2008-01-01T12:00:00Z,0.0,12.125,256.125,28.43,0.41
2008-01-01T12:00:00Z,0.0,12.125,260.125,29.18,1.23
2008-01-01T12:00:00Z,0.0,12.125,264.125,27.18,0.21
2008-01-01T12:00:00Z,0.0,12.125,268.125,28.6,0.51
2008-01-01T12:00:00Z,0.0,12.125,272.125,27.33,0.07
2008-01-01T12:00:00Z,0.0,12.125,276.125,NaN,NaN
2008-01-01T12:00:00Z,0.0,12.125,280.125,27.39,0.07
2008-01-01T12:00:00Z,0.0,12.125,284.125,26.69,-0.2
2008-01-01T12:00:00Z,0.0,12.125,288.125,NaN,NaN
2008-01-01T12:00:00Z,0.0,12.125,292.125,27.45,0.6
2008-01-01T12:00:00Z,0.0,12.125,296.125,26.93,0.15
2008-01-01T12:00:00Z,0.0,12.125,300.125,26.96,-0.21
2008-01-01T12:00:00Z,0.0,12.125,304.125,26.94,-0.12
2008-01-01T12:00:00Z,0.0,12.125,308.125,26.56,-0.33
2008-01-01T12:00:00Z,0.0,12.125,312.125,25.92,-0.69
2008-01-01T12:00:00Z,0.0,12.125,316.125,25.67,-0.56
2008-01-01T12:00:00Z,0.0,12.125,320.125,25.79,-0.21
2008-01-01T12:00:00Z,0.0,12.125,324.125,24.39,-1.37
2008-01-01T12:00:00Z,0.0,12.125,328.125,25.52,0.01
2008-01-01T12:00:00Z,0.0,12.125,332.125,24.92,-0.38
2008-01-01T12:00:00Z,0.0,12.125,336.125,22.59,-2.46
2008-01-01T12:00:00Z,0.0,12.125,340.125,25.14,0.01
2008-01-01T12:00:00Z,0.0,12.125,344.125,NaN,NaN
2008-01-01T12:00:00Z,0.0,12.125,348.125,NaN,NaN
2008-01-01T12:00:00Z,0.0,12.125,352.125,NaN,NaN
2008-01-01T12:00:00Z,0.0,12.125,356.125,NaN,NaN
2008-01-01T12:00:00Z,0.0,16.125,0.125,NaN,NaN
2008-01-01T12:00:00Z,0.0,16.125,4.125,NaN,NaN
2008-01-01T12:00:00Z,0.0,16.125,8.125,NaN,NaN
2008-01-01T12:00:00Z,0.0,16.125,12.125,NaN,NaN
2008-01-01T12:00:00Z,0.0,16.125,16.125,NaN,NaN
2008-01-01T12:00:00Z,0.0,16.125,20.125,NaN,NaN
2008-01-01T12:00:00Z,0.0,16.125,24.125,NaN,NaN
2008-01-01T12:00:00Z,0.0,16.125,28.125,NaN,NaN
2008-01-01T12:00:00Z,0.0,16.125,32.125,NaN,NaN
2008-01-01T12:00:00Z,0.0,16.125,36.125,NaN,NaN
2008-01-01T12:00:00Z,0.0,16.125,40.125,26.62,-0.13
2008-01-01T12:00:00Z,0.0,16.125,44.125,NaN,NaN
2008-01-01T12:00:00Z,0.0,16.125,48.125,NaN,NaN
2008-01-01T12:00:00Z,0.0,16.125,52.125,NaN,NaN
2008-01-01T12:00:00Z,0.0,16.125,56.125,25.5,0.04
2008-01-01T12:00:00Z,0.0,16.125,60.125,25.66,-0.02
2008-01-01T12:00:00Z,0.0,16.125,64.125,25.91,-0.02
2008-01-01T12:00:00Z,0.0,16.125,68.125,26.97,0.08
2008-01-01T12:00:00Z,0.0,16.125,72.125,27.94,0.22
2008-01-01T12:00:00Z,0.0,16.125,76.125,NaN,NaN
2008-01-01T12:00:00Z,0.0,16.125,80.125,NaN,NaN
2008-01-01T12:00:00Z,0.0,16.125,84.125,26.64,0.11
2008-01-01T12:00:00Z,0.0,16.125,88.125,26.97,0.22
2008-01-01T12:00:00Z,0.0,16.125,92.125,25.86,-0.78
2008-01-01T12:00:00Z,0.0,16.125,96.125,26.27,-0.88
2008-01-01T12:00:00Z,0.0,16.125,100.125,NaN,NaN
2008-01-01T12:00:00Z,0.0,16.125,104.125,NaN,NaN
2008-01-01T12:00:00Z,0.0,16.125,108.125,NaN,NaN
2008-01-01T12:00:00Z,0.0,16.125,112.125,24.49,-0.7
2008-01-01T12:00:00Z,0.0,16.125,116.125,24.37,-1.2
2008-01-01T12:00:00Z,0.0,16.125,120.125,27.28,0.65
2008-01-01T12:00:00Z,0.0,16.125,124.125,27.99,1.07
2008-01-01T12:00:00Z,0.0,16.125,128.125,27.37,0.15
2008-01-01T12:00:00Z,0.0,16.125,132.125,28.72,1.29
2008-01-01T12:00:00Z,0.0,16.125,136.125,28.31,0.7
2008-01-01T12:00:00Z,0.0,16.125,140.125,28.65,0.93
2008-01-01T12:00:00Z,0.0,16.125,144.125,28.33,0.52
2008-01-01T12:00:00Z,0.0,16.125,148.125,28.12,0.33
2008-01-01T12:00:00Z,0.0,16.125,152.125,28.12,0.42
2008-01-01T12:00:00Z,0.0,16.125,156.125,27.92,0.36
2008-01-01T12:00:00Z,0.0,16.125,160.125,27.87,0.49
2008-01-01T12:00:00Z,0.0,16.125,164.125,27.43,0.21
2008-01-01T12:00:00Z,0.0,16.125,168.125,27.02,-0.01
2008-01-01T12:00:00Z,0.0,16.125,172.125,26.96,0.09
2008-01-01T12:00:00Z,0.0,16.125,176.125,26.33,-0.37
2008-01-01T12:00:00Z,0.0,16.125,180.125,26.35,-0.19
2008-01-01T12:00:00Z,0.0,16.125,184.125,26.3,-0.09
2008-01-01T12:00:00Z,0.0,16.125,188.125,25.85,-0.39
2008-01-01T12:00:00Z,0.0,16.125,192.125,25.91,-0.17
2008-01-01T12:00:00Z,0.0,16.125,196.125,25.37,-0.45
2008-01-01T12:00:00Z,0.0,16.125,200.125,25.21,-0.34
2008-01-01T12:00:00Z,0.0,16.125,204.125,24.9,-0.48
2008-01-01T12:00:00Z,0.0,16.125,208.125,24.56,-0.66
2008-01-01T12:00:00Z,0.0,16.125,212.125,24.49,-0.45
2008-01-01T12:00:00Z,0.0,16.125,216.125,23.38,-1.43
2008-01-01T12:00:00Z,0.0,16.125,220.125,23.68,-0.94
2008-01-01T12:00:00Z,0.0,16.125,224.125,23.57,-0.95
2008-01-01T12:00:00Z,0.0,16.125,228.125,23.4,-1.11
2008-01-01T12:00:00Z,0.0,16.125,232.125,23.49,-1.09
2008-01-01T12:00:00Z,0.0,16.125,236.125,22.98,-1.88
2008-01-01T12:00:00Z,0.0,16.125,240.125,23.81,-1.48
2008-01-01T12:00:00Z,0.0,16.125,244.125,25.75,-0.2
2008-01-01T12:00:00Z,0.0,16.125,248.125,26.6,0.11
2008-01-01T12:00:00Z,0.0,16.125,252.125,27.09,-0.07
2008-01-01T12:00:00Z,0.0,16.125,256.125,28.93,0.95
2008-01-01T12:00:00Z,0.0,16.125,260.125,28.32,-0.29
2008-01-01T12:00:00Z,0.0,16.125,264.125,NaN,NaN
2008-01-01T12:00:00Z,0.0,16.125,268.125,NaN,NaN
2008-01-01T12:00:00Z,0.0,16.125,272.125,27.26,-0.09
2008-01-01T12:00:00Z,0.0,16.125,276.125,27.06,-0.13
2008-01-01T12:00:00Z,0.0,16.125,280.125,27.41,-0.1
2008-01-01T12:00:00Z,0.0,16.125,284.125,27.32,-0.01
2008-01-01T12:00:00Z,0.0,16.125,288.125,26.91,-0.3
2008-01-01T12:00:00Z,0.0,16.125,292.125,27.1,-0.03
2008-01-01T12:00:00Z,0.0,16.125,296.125,26.79,-0.23
2008-01-01T12:00:00Z,0.0,16.125,300.125,26.53,-0.21
2008-01-01T12:00:00Z,0.0,16.125,304.125,26.32,-0.1
2008-01-01T12:00:00Z,0.0,16.125,308.125,25.93,-0.28
2008-01-01T12:00:00Z,0.0,16.125,312.125,25.7,-0.26
2008-01-01T12:00:00Z,0.0,16.125,316.125,25.46,-0.24
2008-01-01T12:00:00Z,0.0,16.125,320.125,25.36,0.0
2008-01-01T12:00:00Z,0.0,16.125,324.125,24.64,-0.34
2008-01-01T12:00:00Z,0.0,16.125,328.125,24.15,-0.38
2008-01-01T12:00:00Z,0.0,16.125,332.125,23.58,-0.51
2008-01-01T12:00:00Z,0.0,16.125,336.125,22.97,-0.51
2008-01-01T12:00:00Z,0.0,16.125,340.125,22.09,-0.86
2008-01-01T12:00:00Z,0.0,16.125,344.125,NaN,NaN
2008-01-01T12:00:00Z,0.0,16.125,348.125,NaN,NaN
2008-01-01T12:00:00Z,0.0,16.125,352.125,NaN,NaN
2008-01-01T12:00:00Z,0.0,16.125,356.125,NaN,NaN
2008-01-01T12:00:00Z,0.0,20.125,0.125,NaN,NaN
2008-01-01T12:00:00Z,0.0,20.125,4.125,NaN,NaN
2008-01-01T12:00:00Z,0.0,20.125,8.125,NaN,NaN
2008-01-01T12:00:00Z,0.0,20.125,12.125,NaN,NaN
2008-01-01T12:00:00Z,0.0,20.125,16.125,NaN,NaN
2008-01-01T12:00:00Z,0.0,20.125,20.125,NaN,NaN
2008-01-01T12:00:00Z,0.0,20.125,24.125,NaN,NaN
2008-01-01T12:00:00Z,0.0,20.125,28.125,NaN,NaN
2008-01-01T12:00:00Z,0.0,20.125,32.125,NaN,NaN
2008-01-01T12:00:00Z,0.0,20.125,36.125,NaN,NaN
2008-01-01T12:00:00Z,0.0,20.125,40.125,28.46,1.02
2008-01-01T12:00:00Z,0.0,20.125,44.125,NaN,NaN
2008-01-01T12:00:00Z,0.0,20.125,48.125,NaN,NaN
2008-01-01T12:00:00Z,0.0,20.125,52.125,NaN,NaN
2008-01-01T12:00:00Z,0.0,20.125,56.125,NaN,NaN
2008-01-01T12:00:00Z,0.0,20.125,60.125,25.34,0.23
2008-01-01T12:00:00Z,0.0,20.125,64.125,25.53,0.25
2008-01-01T12:00:00Z,0.0,20.125,68.125,25.93,0.13
2008-01-01T12:00:00Z,0.0,20.125,72.125,24.76,-0.88
2008-01-01T12:00:00Z,0.0,20.125,76.125,NaN,NaN
2008-01-01T12:00:00Z,0.0,20.125,80.125,NaN,NaN
2008-01-01T12:00:00Z,0.0,20.125,84.125,NaN,NaN
2008-01-01T12:00:00Z,0.0,20.125,88.125,24.89,-0.52
2008-01-01T12:00:00Z,0.0,20.125,92.125,24.82,-0.62
2008-01-01T12:00:00Z,0.0,20.125,96.125,NaN,NaN
2008-01-01T12:00:00Z,0.0,20.125,100.125,NaN,NaN
2008-01-01T12:00:00Z,0.0,20.125,104.125,NaN,NaN
2008-01-01T12:00:00Z,0.0,20.125,108.125,22.02,-0.26
2008-01-01T12:00:00Z,0.0,20.125,112.125,22.88,0.26
2008-01-01T12:00:00Z,0.0,20.125,116.125,22.61,-0.89
2008-01-01T12:00:00Z,0.0,20.125,120.125,25.29,0.19
2008-01-01T12:00:00Z,0.0,20.125,124.125,26.07,0.7
2008-01-01T12:00:00Z,0.0,20.125,128.125,24.95,-0.6
2008-01-01T12:00:00Z,0.0,20.125,132.125,25.82,-0.12
2008-01-01T12:00:00Z,0.0,20.125,136.125,27.2,0.91
2008-01-01T12:00:00Z,0.0,20.125,140.125,27.72,1.07
2008-01-01T12:00:00Z,0.0,20.125,144.125,28.21,1.36
2008-01-01T12:00:00Z,0.0,20.125,148.125,27.83,0.9
2008-01-01T12:00:00Z,0.0,20.125,152.125,27.98,1.04
2008-01-01T12:00:00Z,0.0,20.125,156.125,27.87,1.02
2008-01-01T12:00:00Z,0.0,20.125,160.125,27.94,1.26
2008-01-01T12:00:00Z,0.0,20.125,164.125,27.32,0.82
2008-01-01T12:00:00Z,0.0,20.125,168.125,27.36,1.08
2008-01-01T12:00:00Z,0.0,20.125,172.125,26.47,0.3
2008-01-01T12:00:00Z,0.0,20.125,176.125,26.36,0.38
2008-01-01T12:00:00Z,0.0,20.125,180.125,26.14,0.32
2008-01-01T12:00:00Z,0.0,20.125,184.125,25.16,-0.48
2008-01-01T12:00:00Z,0.0,20.125,188.125,25.06,-0.44
2008-01-01T12:00:00Z,0.0,20.125,192.125,24.78,-0.55
2008-01-01T12:00:00Z,0.0,20.125,196.125,25.28,-0.01
2008-01-01T12:00:00Z,0.0,20.125,200.125,24.77,-0.38
2008-01-01T12:00:00Z,0.0,20.125,204.125,24.58,-0.16
2008-01-01T12:00:00Z,0.0,20.125,208.125,24.45,0.13
2008-01-01T12:00:00Z,0.0,20.125,212.125,23.99,0.1
2008-01-01T12:00:00Z,0.0,20.125,216.125,23.07,-0.51
2008-01-01T12:00:00Z,0.0,20.125,220.125,22.29,-1.01
2008-01-01T12:00:00Z,0.0,20.125,224.125,21.88,-1.0
2008-01-01T12:00:00Z,0.0,20.125,228.125,22.14,-0.46
2008-01-01T12:00:00Z,0.0,20.125,232.125,20.98,-1.45
2008-01-01T12:00:00Z,0.0,20.125,236.125,21.14,-1.28
2008-01-01T12:00:00Z,0.0,20.125,240.125,20.82,-1.74
2008-01-01T12:00:00Z,0.0,20.125,244.125,23.21,-0.25
2008-01-01T12:00:00Z,0.0,20.125,248.125,23.65,-0.93
2008-01-01T12:00:00Z,0.0,20.125,252.125,24.75,-0.51
2008-01-01T12:00:00Z,0.0,20.125,256.125,NaN,NaN
2008-01-01T12:00:00Z,0.0,20.125,260.125,NaN,NaN
2008-01-01T12:00:00Z,0.0,20.125,264.125,24.89,0.72
2008-01-01T12:00:00Z,0.0,20.125,268.125,25.63,0.65
2008-01-01T12:00:00Z,0.0,20.125,272.125,NaN,NaN
2008-01-01T12:00:00Z,0.0,20.125,276.125,27.39,0.17
2008-01-01T12:00:00Z,0.0,20.125,280.125,27.16,0.11
2008-01-01T12:00:00Z,0.0,20.125,284.125,NaN,NaN
2008-01-01T12:00:00Z,0.0,20.125,288.125,26.88,0.03
2008-01-01T12:00:00Z,0.0,20.125,292.125,26.31,-0.22
2008-01-01T12:00:00Z,0.0,20.125,296.125,26.42,0.08
2008-01-01T12:00:00Z,0.0,20.125,300.125,25.95,-0.14
2008-01-01T12:00:00Z,0.0,20.125,304.125,25.85,-0.02
2008-01-01T12:00:00Z,0.0,20.125,308.125,25.56,-0.06
2008-01-01T12:00:00Z,0.0,20.125,312.125,25.74,0.37
2008-01-01T12:00:00Z,0.0,20.125,316.125,25.49,0.39
2008-01-01T12:00:00Z,0.0,20.125,320.125,25.18,0.4
2008-01-01T12:00:00Z,0.0,20.125,324.125,24.11,-0.27
2008-01-01T12:00:00Z,0.0,20.125,328.125,23.66,-0.24
2008-01-01T12:00:00Z,0.0,20.125,332.125,22.72,-0.51
2008-01-01T12:00:00Z,0.0,20.125,336.125,21.93,-0.49
2008-01-01T12:00:00Z,0.0,20.125,340.125,20.24,-0.82
2008-01-01T12:00:00Z,0.0,20.125,344.125,NaN,NaN
2008-01-01T12:00:00Z,0.0,20.125,348.125,NaN,NaN
2008-01-01T12:00:00Z,0.0,20.125,352.125,NaN,NaN
2008-01-01T12:00:00Z,0.0,20.125,356.125,NaN,NaN
2008-01-01T12:00:00Z,0.0,24.125,0.125,NaN,NaN
2008-01-01T12:00:00Z,0.0,24.125,4.125,NaN,NaN
2008-01-01T12:00:00Z,0.0,24.125,8.125,NaN,NaN
2008-01-01T12:00:00Z,0.0,24.125,12.125,NaN,NaN
2008-01-01T12:00:00Z,0.0,24.125,16.125,NaN,NaN
2008-01-01T12:00:00Z,0.0,24.125,20.125,NaN,NaN
2008-01-01T12:00:00Z,0.0,24.125,24.125,NaN,NaN
2008-01-01T12:00:00Z,0.0,24.125,28.125,NaN,NaN
2008-01-01T12:00:00Z,0.0,24.125,32.125,NaN,NaN
2008-01-01T12:00:00Z,0.0,24.125,36.125,24.45,-0.2
2008-01-01T12:00:00Z,0.0,24.125,40.125,NaN,NaN
2008-01-01T12:00:00Z,0.0,24.125,44.125,NaN,NaN
2008-01-01T12:00:00Z,0.0,24.125,48.125,NaN,NaN
2008-01-01T12:00:00Z,0.0,24.125,52.125,21.8,-1.56
2008-01-01T12:00:00Z,0.0,24.125,56.125,NaN,NaN
2008-01-01T12:00:00Z,0.0,24.125,60.125,24.83,0.39
2008-01-01T12:00:00Z,0.0,24.125,64.125,25.0,0.4
2008-01-01T12:00:00Z,0.0,24.125,68.125,NaN,NaN
2008-01-01T12:00:00Z,0.0,24.125,72.125,NaN,NaN
2008-01-01T12:00:00Z,0.0,24.125,76.125,NaN,NaN
2008-01-01T12:00:00Z,0.0,24.125,80.125,NaN,NaN
2008-01-01T12:00:00Z,0.0,24.125,84.125,NaN,NaN
2008-01-01T12:00:00Z,0.0,24.125,88.125,NaN,NaN
2008-01-01T12:00:00Z,0.0,24.125,92.125,NaN,NaN
2008-01-01T12:00:00Z,0.0,24.125,96.125,NaN,NaN
2008-01-01T12:00:00Z,0.0,24.125,100.125,NaN,NaN
2008-01-01T12:00:00Z,0.0,24.125,104.125,NaN,NaN
2008-01-01T12:00:00Z,0.0,24.125,108.125,NaN,NaN
2008-01-01T12:00:00Z,0.0,24.125,112.125,NaN,NaN
2008-01-01T12:00:00Z,0.0,24.125,116.125,NaN,NaN
2008-01-01T12:00:00Z,0.0,24.125,120.125,19.93,-0.58
2008-01-01T12:00:00Z,0.0,24.125,124.125,24.22,0.26
2008-01-01T12:00:00Z,0.0,24.125,128.125,23.06,-0.59
2008-01-01T12:00:00Z,0.0,24.125,132.125,24.88,1.06
2008-01-01T12:00:00Z,0.0,24.125,136.125,24.91,0.85
2008-01-01T12:00:00Z,0.0,24.125,140.125,23.85,-0.52
2008-01-01T12:00:00Z,0.0,24.125,144.125,24.63,-0.22
2008-01-01T12:00:00Z,0.0,24.125,148.125,25.38,0.23
2008-01-01T12:00:00Z,0.0,24.125,152.125,25.85,0.58
2008-01-01T12:00:00Z,0.0,24.125,156.125,27.02,1.84
2008-01-01T12:00:00Z,0.0,24.125,160.125,27.03,2.04
2008-01-01T12:00:00Z,0.0,24.125,164.125,26.31,1.35
2008-01-01T12:00:00Z,0.0,24.125,168.125,25.3,0.43
2008-01-01T12:00:00Z,0.0,24.125,172.125,25.85,1.21
2008-01-01T12:00:00Z,0.0,24.125,176.125,25.64,1.12
2008-01-01T12:00:00Z,0.0,24.125,180.125,25.12,0.83
2008-01-01T12:00:00Z,0.0,24.125,184.125,24.5,0.32
2008-01-01T12:00:00Z,0.0,24.125,188.125,24.51,0.48
2008-01-01T12:00:00Z,0.0,24.125,192.125,23.96,0.08
2008-01-01T12:00:00Z,0.0,24.125,196.125,23.53,-0.21
2008-01-01T12:00:00Z,0.0,24.125,200.125,24.16,0.46
2008-01-01T12:00:00Z,0.0,24.125,204.125,23.28,-0.21
2008-01-01T12:00:00Z,0.0,24.125,208.125,23.07,-0.19
2008-01-01T12:00:00Z,0.0,24.125,212.125,22.81,-0.1
2008-01-01T12:00:00Z,0.0,24.125,216.125,22.07,-0.32
2008-01-01T12:00:00Z,0.0,24.125,220.125,21.57,-0.35
2008-01-01T12:00:00Z,0.0,24.125,224.125,21.06,-0.27
2008-01-01T12:00:00Z,0.0,24.125,228.125,20.18,-0.6
2008-01-01T12:00:00Z,0.0,24.125,232.125,19.82,-0.51
2008-01-01T12:00:00Z,0.0,24.125,236.125,19.38,-0.65
2008-01-01T12:00:00Z,0.0,24.125,240.125,18.45,-1.35
2008-01-01T12:00:00Z,0.0,24.125,244.125,18.15,-2.19
2008-01-01T12:00:00Z,0.0,24.125,248.125,22.4,0.4
2008-01-01T12:00:00Z,0.0,24.125,252.125,17.18,-5.61
2008-01-01T12:00:00Z,0.0,24.125,256.125,NaN,NaN
2008-01-01T12:00:00Z,0.0,24.125,260.125,NaN,NaN
2008-01-01T12:00:00Z,0.0,24.125,264.125,24.22,0.53
2008-01-01T12:00:00Z,0.0,24.125,268.125,25.44,1.25
2008-01-01T12:00:00Z,0.0,24.125,272.125,25.48,0.16
2008-01-01T12:00:00Z,0.0,24.125,276.125,26.05,0.5
2008-01-01T12:00:00Z,0.0,24.125,280.125,26.45,1.35
2008-01-01T12:00:00Z,0.0,24.125,284.125,25.22,-0.01
2008-01-01T12:00:00Z,0.0,24.125,288.125,25.04,-0.49
2008-01-01T12:00:00Z,0.0,24.125,292.125,25.57,0.11
2008-01-01T12:00:00Z,0.0,24.125,296.125,25.18,-0.12
2008-01-01T12:00:00Z,0.0,24.125,300.125,24.83,-0.33
2008-01-01T12:00:00Z,0.0,24.125,304.125,24.75,-0.16
2008-01-01T12:00:00Z,0.0,24.125,308.125,24.89,0.26
2008-01-01T12:00:00Z,0.0,24.125,312.125,24.8,0.47
2008-01-01T12:00:00Z,0.0,24.125,316.125,24.63,0.61
2008-01-01T12:00:00Z,0.0,24.125,320.125,24.24,0.42
2008-01-01T12:00:00Z,0.0,24.125,324.125,23.83,0.33
2008-01-01T12:00:00Z,0.0,24.125,328.125,23.58,0.46
2008-01-01T12:00:00Z,0.0,24.125,332.125,22.27,-0.44
2008-01-01T12:00:00Z,0.0,24.125,336.125,21.88,-0.2
2008-01-01T12:00:00Z,0.0,24.125,340.125,21.61,0.53
2008-01-01T12:00:00Z,0.0,24.125,344.125,17.68,-1.65
2008-01-01T12:00:00Z,0.0,24.125,348.125,NaN,NaN
2008-01-01T12:00:00Z,0.0,24.125,352.125,NaN,NaN
2008-01-01T12:00:00Z,0.0,24.125,356.125,NaN,NaN
2008-01-01T12:00:00Z,0.0,28.125,0.125,NaN,NaN
2008-01-01T12:00:00Z,0.0,28.125,4.125,NaN,NaN
2008-01-01T12:00:00Z,0.0,28.125,8.125,NaN,NaN
2008-01-01T12:00:00Z,0.0,28.125,12.125,NaN,NaN
2008-01-01T12:00:00Z,0.0,28.125,16.125,NaN,NaN
2008-01-01T12:00:00Z,0.0,28.125,20.125,NaN,NaN
2008-01-01T12:00:00Z,0.0,28.125,24.125,NaN,NaN
2008-01-01T12:00:00Z,0.0,28.125,28.125,NaN,NaN
2008-01-01T12:00:00Z,0.0,28.125,32.125,NaN,NaN
2008-01-01T12:00:00Z,0.0,28.125,36.125,NaN,NaN
2008-01-01T12:00:00Z,0.0,28.125,40.125,NaN,NaN
2008-01-01T12:00:00Z,0.0,28.125,44.125,NaN,NaN
2008-01-01T12:00:00Z,0.0,28.125,48.125,NaN,NaN
2008-01-01T12:00:00Z,0.0,28.125,52.125,NaN,NaN
2008-01-01T12:00:00Z,0.0,28.125,56.125,NaN,NaN
2008-01-01T12:00:00Z,0.0,28.125,60.125,NaN,NaN
2008-01-01T12:00:00Z,0.0,28.125,64.125,NaN,NaN
2008-01-01T12:00:00Z,0.0,28.125,68.125,NaN,NaN
2008-01-01T12:00:00Z,0.0,28.125,72.125,NaN,NaN
2008-01-01T12:00:00Z,0.0,28.125,76.125,NaN,NaN
2008-01-01T12:00:00Z,0.0,28.125,80.125,NaN,NaN
2008-01-01T12:00:00Z,0.0,28.125,84.125,NaN,NaN
2008-01-01T12:00:00Z,0.0,28.125,88.125,NaN,NaN
2008-01-01T12:00:00Z,0.0,28.125,92.125,NaN,NaN
2008-01-01T12:00:00Z,0.0,28.125,96.125,NaN,NaN
2008-01-01T12:00:00Z,0.0,28.125,100.125,NaN,NaN
2008-01-01T12:00:00Z,0.0,28.125,104.125,NaN,NaN
2008-01-01T12:00:00Z,0.0,28.125,108.125,NaN,NaN
2008-01-01T12:00:00Z,0.0,28.125,112.125,NaN,NaN
2008-01-01T12:00:00Z,0.0,28.125,116.125,NaN,NaN
2008-01-01T12:00:00Z,0.0,28.125,120.125,NaN,NaN
2008-01-01T12:00:00Z,0.0,28.125,124.125,18.47,-0.8
2008-01-01T12:00:00Z,0.0,28.125,128.125,22.05,-0.19
2008-01-01T12:00:00Z,0.0,28.125,132.125,21.35,-0.59
2008-01-01T12:00:00Z,0.0,28.125,136.125,20.81,-0.7
2008-01-01T12:00:00Z,0.0,28.125,140.125,22.01,0.28
2008-01-01T12:00:00Z,0.0,28.125,144.125,22.35,0.21
2008-01-01T12:00:00Z,0.0,28.125,148.125,22.1,-0.11
2008-01-01T12:00:00Z,0.0,28.125,152.125,22.0,-0.44
2008-01-01T12:00:00Z,0.0,28.125,156.125,23.35,0.73
2008-01-01T12:00:00Z,0.0,28.125,160.125,24.0,1.65
2008-01-01T12:00:00Z,0.0,28.125,164.125,23.1,0.92
2008-01-01T12:00:00Z,0.0,28.125,168.125,23.22,1.03
2008-01-01T12:00:00Z,0.0,28.125,172.125,24.57,2.63
2008-01-01T12:00:00Z,0.0,28.125,176.125,23.09,1.4
2008-01-01T12:00:00Z,0.0,28.125,180.125,21.82,0.32
2008-01-01T12:00:00Z,0.0,28.125,184.125,22.32,0.84
2008-01-01T12:00:00Z,0.0,28.125,188.125,21.96,0.54
2008-01-01T12:00:00Z,0.0,28.125,192.125,21.99,0.6
2008-01-01T12:00:00Z,0.0,28.125,196.125,21.84,0.33
2008-01-01T12:00:00Z,0.0,28.125,200.125,22.35,0.69
2008-01-01T12:00:00Z,0.0,28.125,204.125,22.26,0.55
2008-01-01T12:00:00Z,0.0,28.125,208.125,21.73,0.09
2008-01-01T12:00:00Z,0.0,28.125,212.125,20.95,-0.45
2008-01-01T12:00:00Z,0.0,28.125,216.125,20.64,-0.41
2008-01-01T12:00:00Z,0.0,28.125,220.125,19.99,-0.51
2008-01-01T12:00:00Z,0.0,28.125,224.125,19.09,-0.86
2008-01-01T12:00:00Z,0.0,28.125,228.125,18.42,-0.9
2008-01-01T12:00:00Z,0.0,28.125,232.125,18.32,-0.38
2008-01-01T12:00:00Z,0.0,28.125,236.125,17.9,-0.27
2008-01-01T12:00:00Z,0.0,28.125,240.125,16.71,-1.01
2008-01-01T12:00:00Z,0.0,28.125,244.125,16.75,-0.87
2008-01-01T12:00:00Z,0.0,28.125,248.125,16.25,-2.31
2008-01-01T12:00:00Z,0.0,28.125,252.125,NaN,NaN
2008-01-01T12:00:00Z,0.0,28.125,256.125,NaN,NaN
2008-01-01T12:00:00Z,0.0,28.125,260.125,NaN,NaN
2008-01-01T12:00:00Z,0.0,28.125,264.125,19.84,-0.86
2008-01-01T12:00:00Z,0.0,28.125,268.125,22.36,1.38
2008-01-01T12:00:00Z,0.0,28.125,272.125,23.27,0.78
2008-01-01T12:00:00Z,0.0,28.125,276.125,22.16,0.75
2008-01-01T12:00:00Z,0.0,28.125,280.125,25.01,0.68
2008-01-01T12:00:00Z,0.0,28.125,284.125,23.33,-0.43
2008-01-01T12:00:00Z,0.0,28.125,288.125,23.22,-0.14
2008-01-01T12:00:00Z,0.0,28.125,292.125,23.85,0.55
2008-01-01T12:00:00Z,0.0,28.125,296.125,23.57,0.32
2008-01-01T12:00:00Z,0.0,28.125,300.125,23.53,0.26
2008-01-01T12:00:00Z,0.0,28.125,304.125,23.66,0.45
2008-01-01T12:00:00Z,0.0,28.125,308.125,23.96,0.99
2008-01-01T12:00:00Z,0.0,28.125,312.125,23.46,0.67
2008-01-01T12:00:00Z,0.0,28.125,316.125,22.23,-0.28
2008-01-01T12:00:00Z,0.0,28.125,320.125,22.83,0.54
2008-01-01T12:00:00Z,0.0,28.125,324.125,22.22,0.19
2008-01-01T12:00:00Z,0.0,28.125,328.125,22.2,0.45
2008-01-01T12:00:00Z,0.0,28.125,332.125,21.8,0.48
2008-01-01T12:00:00Z,0.0,28.125,336.125,21.06,0.13
2008-01-01T12:00:00Z,0.0,28.125,340.125,20.87,0.39
2008-01-01T12:00:00Z,0.0,28.125,344.125,20.39,0.62
2008-01-01T12:00:00Z,0.0,28.125,348.125,NaN,NaN
2008-01-01T12:00:00Z,0.0,28.125,352.125,NaN,NaN
2008-01-01T12:00:00Z,0.0,28.125,356.125,NaN,NaN
2008-01-01T12:00:00Z,0.0,32.125,0.125,NaN,NaN
2008-01-01T12:00:00Z,0.0,32.125,4.125,NaN,NaN
2008-01-01T12:00:00Z,0.0,32.125,8.125,NaN,NaN
2008-01-01T12:00:00Z,0.0,32.125,12.125,NaN,NaN
2008-01-01T12:00:00Z,0.0,32.125,16.125,17.87,-0.37
2008-01-01T12:00:00Z,0.0,32.125,20.125,NaN,NaN
2008-01-01T12:00:00Z,0.0,32.125,24.125,18.44,0.05
2008-01-01T12:00:00Z,0.0,32.125,28.125,19.06,0.56
2008-01-01T12:00:00Z,0.0,32.125,32.125,19.22,0.42
2008-01-01T12:00:00Z,0.0,32.125,36.125,NaN,NaN
2008-01-01T12:00:00Z,0.0,32.125,40.125,NaN,NaN
2008-01-01T12:00:00Z,0.0,32.125,44.125,NaN,NaN
2008-01-01T12:00:00Z,0.0,32.125,48.125,NaN,NaN
2008-01-01T12:00:00Z,0.0,32.125,52.125,NaN,NaN
2008-01-01T12:00:00Z,0.0,32.125,56.125,NaN,NaN
2008-01-01T12:00:00Z,0.0,32.125,60.125,NaN,NaN
2008-01-01T12:00:00Z,0.0,32.125,64.125,NaN,NaN
2008-01-01T12:00:00Z,0.0,32.125,68.125,NaN,NaN
2008-01-01T12:00:00Z,0.0,32.125,72.125,NaN,NaN
2008-01-01T12:00:00Z,0.0,32.125,76.125,NaN,NaN
2008-01-01T12:00:00Z,0.0,32.125,80.125,NaN,NaN
2008-01-01T12:00:00Z,0.0,32.125,84.125,NaN,NaN
2008-01-01T12:00:00Z,0.0,32.125,88.125,NaN,NaN
2008-01-01T12:00:00Z,0.0,32.125,92.125,NaN,NaN
2008-01-01T12:00:00Z,0.0,32.125,96.125,NaN,NaN
2008-01-01T12:00:00Z,0.0,32.125,100.125,NaN,NaN
2008-01-01T12:00:00Z,0.0,32.125,104.125,NaN,NaN
2008-01-01T12:00:00Z,0.0,32.125,108.125,NaN,NaN
2008-01-01T12:00:00Z,0.0,32.125,112.125,NaN,NaN
2008-01-01T12:00:00Z,0.0,32.125,116.125,NaN,NaN
2008-01-01T12:00:00Z,0.0,32.125,120.125,NaN,NaN
2008-01-01T12:00:00Z,0.0,32.125,124.125,14.63,0.75
2008-01-01T12:00:00Z,0.0,32.125,128.125,18.11,-0.55
2008-01-01T12:00:00Z,0.0,32.125,132.125,21.01,0.75
2008-01-01T12:00:00Z,0.0,32.125,136.125,20.95,0.62
2008-01-01T12:00:00Z,0.0,32.125,140.125,20.88,0.59
2008-01-01T12:00:00Z,0.0,32.125,144.125,20.13,-0.09
2008-01-01T12:00:00Z,0.0,32.125,148.125,19.96,-0.21
2008-01-01T12:00:00Z,0.0,32.125,152.125,20.53,0.5
2008-01-01T12:00:00Z,0.0,32.125,156.125,18.53,-1.3
2008-01-01T12:00:00Z,0.0,32.125,160.125,19.14,-0.7
2008-01-01T12:00:00Z,0.0,32.125,164.125,21.69,1.91
2008-01-01T12:00:00Z,0.0,32.125,168.125,19.23,-0.32
2008-01-01T12:00:00Z,0.0,32.125,172.125,20.82,1.56
2008-01-01T12:00:00Z,0.0,32.125,176.125,20.57,1.59
2008-01-01T12:00:00Z,0.0,32.125,180.125,19.15,0.64
2008-01-01T12:00:00Z,0.0,32.125,184.125,18.63,0.16
2008-01-01T12:00:00Z,0.0,32.125,188.125,18.97,0.63
2008-01-01T12:00:00Z,0.0,32.125,192.125,18.81,0.66
2008-01-01T12:00:00Z,0.0,32.125,196.125,18.49,0.33
2008-01-01T12:00:00Z,0.0,32.125,200.125,18.89,0.48
2008-01-01T12:00:00Z,0.0,32.125,204.125,19.47,0.78
2008-01-01T12:00:00Z,0.0,32.125,208.125,19.77,0.86
2008-01-01T12:00:00Z,0.0,32.125,212.125,19.61,0.59
2008-01-01T12:00:00Z,0.0,32.125,216.125,18.59,-0.34
2008-01-01T12:00:00Z,0.0,32.125,220.125,18.09,-0.51
2008-01-01T12:00:00Z,0.0,32.125,224.125,17.61,-0.58
2008-01-01T12:00:00Z,0.0,32.125,228.125,17.0,-0.63
2008-01-01T12:00:00Z,0.0,32.125,232.125,15.64,-1.21
2008-01-01T12:00:00Z,0.0,32.125,236.125,14.13,-1.68
2008-01-01T12:00:00Z,0.0,32.125,240.125,14.73,-0.67
2008-01-01T12:00:00Z,0.0,32.125,244.125,NaN,NaN
2008-01-01T12:00:00Z,0.0,32.125,248.125,NaN,NaN
2008-01-01T12:00:00Z,0.0,32.125,252.125,NaN,NaN
2008-01-01T12:00:00Z,0.0,32.125,256.125,NaN,NaN
2008-01-01T12:00:00Z,0.0,32.125,260.125,NaN,NaN
2008-01-01T12:00:00Z,0.0,32.125,264.125,NaN,NaN
2008-01-01T12:00:00Z,0.0,32.125,268.125,NaN,NaN
2008-01-01T12:00:00Z,0.0,32.125,272.125,NaN,NaN
2008-01-01T12:00:00Z,0.0,32.125,276.125,NaN,NaN
2008-01-01T12:00:00Z,0.0,32.125,280.125,19.1,-2.81
2008-01-01T12:00:00Z,0.0,32.125,284.125,23.48,0.49
2008-01-01T12:00:00Z,0.0,32.125,288.125,22.12,0.95
2008-01-01T12:00:00Z,0.0,32.125,292.125,21.33,0.42
2008-01-01T12:00:00Z,0.0,32.125,296.125,20.93,-0.21
2008-01-01T12:00:00Z,0.0,32.125,300.125,20.96,-0.21
2008-01-01T12:00:00Z,0.0,32.125,304.125,21.49,0.46
2008-01-01T12:00:00Z,0.0,32.125,308.125,22.09,1.09
2008-01-01T12:00:00Z,0.0,32.125,312.125,20.22,-0.64
2008-01-01T12:00:00Z,0.0,32.125,316.125,20.99,0.26
2008-01-01T12:00:00Z,0.0,32.125,320.125,20.97,0.49
2008-01-01T12:00:00Z,0.0,32.125,324.125,20.4,0.07
2008-01-01T12:00:00Z,0.0,32.125,328.125,20.95,0.74
2008-01-01T12:00:00Z,0.0,32.125,332.125,20.73,0.79
2008-01-01T12:00:00Z,0.0,32.125,336.125,20.11,0.49
2008-01-01T12:00:00Z,0.0,32.125,340.125,19.51,0.2
2008-01-01T12:00:00Z,0.0,32.125,344.125,19.12,0.26
2008-01-01T12:00:00Z,0.0,32.125,348.125,18.34,0.12
2008-01-01T12:00:00Z,0.0,32.125,352.125,NaN,NaN
2008-01-01T12:00:00Z,0.0,32.125,356.125,NaN,NaN
2008-01-01T12:00:00Z,0.0,36.125,0.125,16.4,0.46
2008-01-01T12:00:00Z,0.0,36.125,4.125,NaN,NaN
2008-01-01T12:00:00Z,0.0,36.125,8.125,NaN,NaN
2008-01-01T12:00:00Z,0.0,36.125,12.125,16.01,-0.39
2008-01-01T12:00:00Z,0.0,36.125,16.125,15.69,-1.06
2008-01-01T12:00:00Z,0.0,36.125,20.125,15.5,-1.08
2008-01-01T12:00:00Z,0.0,36.125,24.125,15.26,-1.2
2008-01-01T12:00:00Z,0.0,36.125,28.125,18.68,1.41
2008-01-01T12:00:00Z,0.0,36.125,32.125,18.99,1.42
2008-01-01T12:00:00Z,0.0,36.125,36.125,NaN,NaN
2008-01-01T12:00:00Z,0.0,36.125,40.125,NaN,NaN
2008-01-01T12:00:00Z,0.0,36.125,44.125,NaN,NaN
2008-01-01T12:00:00Z,0.0,36.125,48.125,NaN,NaN
2008-01-01T12:00:00Z,0.0,36.125,52.125,NaN,NaN
2008-01-01T12:00:00Z,0.0,36.125,56.125,NaN,NaN
2008-01-01T12:00:00Z,0.0,36.125,60.125,NaN,NaN
2008-01-01T12:00:00Z,0.0,36.125,64.125,NaN,NaN
2008-01-01T12:00:00Z,0.0,36.125,68.125,NaN,NaN
2008-01-01T12:00:00Z,0.0,36.125,72.125,NaN,NaN
2008-01-01T12:00:00Z,0.0,36.125,76.125,NaN,NaN
2008-01-01T12:00:00Z,0.0,36.125,80.125,NaN,NaN
2008-01-01T12:00:00Z,0.0,36.125,84.125,NaN,NaN
2008-01-01T12:00:00Z,0.0,36.125,88.125,NaN,NaN
2008-01-01T12:00:00Z,0.0,36.125,92.125,NaN,NaN
2008-01-01T12:00:00Z,0.0,36.125,96.125,NaN,NaN
2008-01-01T12:00:00Z,0.0,36.125,100.125,NaN,NaN
2008-01-01T12:00:00Z,0.0,36.125,104.125,NaN,NaN
2008-01-01T12:00:00Z,0.0,36.125,108.125,NaN,NaN
2008-01-01T12:00:00Z,0.0,36.125,112.125,NaN,NaN
2008-01-01T12:00:00Z,0.0,36.125,116.125,NaN,NaN
2008-01-01T12:00:00Z,0.0,36.125,120.125,NaN,NaN
2008-01-01T12:00:00Z,0.0,36.125,124.125,9.93,0.35
2008-01-01T12:00:00Z,0.0,36.125,128.125,NaN,NaN
2008-01-01T12:00:00Z,0.0,36.125,132.125,14.41,-0.68
2008-01-01T12:00:00Z,0.0,36.125,136.125,14.75,0.09
2008-01-01T12:00:00Z,0.0,36.125,140.125,NaN,NaN
2008-01-01T12:00:00Z,0.0,36.125,144.125,17.31,-0.22
2008-01-01T12:00:00Z,0.0,36.125,148.125,19.7,2.43
2008-01-01T12:00:00Z,0.0,36.125,152.125,16.88,-0.4
2008-01-01T12:00:00Z,0.0,36.125,156.125,18.49,1.64
2008-01-01T12:00:00Z,0.0,36.125,160.125,18.19,1.37
2008-01-01T12:00:00Z,0.0,36.125,164.125,15.4,-1.32
2008-01-01T12:00:00Z,0.0,36.125,168.125,16.72,0.29
2008-01-01T12:00:00Z,0.0,36.125,172.125,16.6,0.15
2008-01-01T12:00:00Z,0.0,36.125,176.125,17.13,0.97
2008-01-01T12:00:00Z,0.0,36.125,180.125,15.18,-0.59
2008-01-01T12:00:00Z,0.0,36.125,184.125,16.57,1.05
2008-01-01T12:00:00Z,0.0,36.125,188.125,15.45,0.18
2008-01-01T12:00:00Z,0.0,36.125,192.125,14.73,-0.37
2008-01-01T12:00:00Z,0.0,36.125,196.125,14.8,-0.27
2008-01-01T12:00:00Z,0.0,36.125,200.125,14.56,-0.61
2008-01-01T12:00:00Z,0.0,36.125,204.125,15.58,0.27
2008-01-01T12:00:00Z,0.0,36.125,208.125,16.11,0.41
2008-01-01T12:00:00Z,0.0,36.125,212.125,16.33,0.36
2008-01-01T12:00:00Z,0.0,36.125,216.125,16.25,0.07
2008-01-01T12:00:00Z,0.0,36.125,220.125,15.36,-0.86
2008-01-01T12:00:00Z,0.0,36.125,224.125,15.75,-0.36
2008-01-01T12:00:00Z,0.0,36.125,228.125,14.2,-1.57
2008-01-01T12:00:00Z,0.0,36.125,232.125,14.34,-0.42
2008-01-01T12:00:00Z,0.0,36.125,236.125,13.27,-0.08
2008-01-01T12:00:00Z,0.0,36.125,240.125,NaN,NaN
2008-01-01T12:00:00Z,0.0,36.125,244.125,NaN,NaN
2008-01-01T12:00:00Z,0.0,36.125,248.125,NaN,NaN
2008-01-01T12:00:00Z,0.0,36.125,252.125,NaN,NaN
2008-01-01T12:00:00Z,0.0,36.125,256.125,NaN,NaN
2008-01-01T12:00:00Z,0.0,36.125,260.125,NaN,NaN
2008-01-01T12:00:00Z,0.0,36.125,264.125,NaN,NaN
2008-01-01T12:00:00Z,0.0,36.125,268.125,NaN,NaN
2008-01-01T12:00:00Z,0.0,36.125,272.125,NaN,NaN
2008-01-01T12:00:00Z,0.0,36.125,276.125,NaN,NaN
2008-01-01T12:00:00Z,0.0,36.125,280.125,NaN,NaN
2008-01-01T12:00:00Z,0.0,36.125,284.125,9.49,-5.45
2008-01-01T12:00:00Z,0.0,36.125,288.125,22.56,1.79
2008-01-01T12:00:00Z,0.0,36.125,292.125,21.37,0.65
2008-01-01T12:00:00Z,0.0,36.125,296.125,20.58,-0.09
2008-01-01T12:00:00Z,0.0,36.125,300.125,19.94,-0.18
2008-01-01T12:00:00Z,0.0,36.125,304.125,19.9,0.06
2008-01-01T12:00:00Z,0.0,36.125,308.125,19.46,-0.13
2008-01-01T12:00:00Z,0.0,36.125,312.125,18.95,-0.35
2008-01-01T12:00:00Z,0.0,36.125,316.125,19.37,0.39
2008-01-01T12:00:00Z,0.0,36.125,320.125,18.2,-0.51
2008-01-01T12:00:00Z,0.0,36.125,324.125,17.96,-0.42
2008-01-01T12:00:00Z,0.0,36.125,328.125,18.27,0.02
2008-01-01T12:00:00Z,0.0,36.125,332.125,18.88,0.79
2008-01-01T12:00:00Z,0.0,36.125,336.125,18.0,0.11
2008-01-01T12:00:00Z,0.0,36.125,340.125,18.53,0.84
2008-01-01T12:00:00Z,0.0,36.125,344.125,18.24,0.86
2008-01-01T12:00:00Z,0.0,36.125,348.125,17.56,0.39
2008-01-01T12:00:00Z,0.0,36.125,352.125,17.76,0.77
2008-01-01T12:00:00Z,0.0,36.125,356.125,16.31,0.46
2008-01-01T12:00:00Z,0.0,40.125,0.125,15.87,1.26
2008-01-01T12:00:00Z,0.0,40.125,4.125,15.67,0.68
2008-01-01T12:00:00Z,0.0,40.125,8.125,14.18,-0.83
2008-01-01T12:00:00Z,0.0,40.125,12.125,14.64,-0.49
2008-01-01T12:00:00Z,0.0,40.125,16.125,NaN,NaN
2008-01-01T12:00:00Z,0.0,40.125,20.125,NaN,NaN
2008-01-01T12:00:00Z,0.0,40.125,24.125,14.3,0.07
2008-01-01T12:00:00Z,0.0,40.125,28.125,NaN,NaN
2008-01-01T12:00:00Z,0.0,40.125,32.125,NaN,NaN
2008-01-01T12:00:00Z,0.0,40.125,36.125,NaN,NaN
2008-01-01T12:00:00Z,0.0,40.125,40.125,NaN,NaN
2008-01-01T12:00:00Z,0.0,40.125,44.125,NaN,NaN
2008-01-01T12:00:00Z,0.0,40.125,48.125,NaN,NaN
2008-01-01T12:00:00Z,0.0,40.125,52.125,12.19,0.69
2008-01-01T12:00:00Z,0.0,40.125,56.125,NaN,NaN
2008-01-01T12:00:00Z,0.0,40.125,60.125,NaN,NaN
2008-01-01T12:00:00Z,0.0,40.125,64.125,NaN,NaN
2008-01-01T12:00:00Z,0.0,40.125,68.125,NaN,NaN
2008-01-01T12:00:00Z,0.0,40.125,72.125,NaN,NaN
2008-01-01T12:00:00Z,0.0,40.125,76.125,NaN,NaN
2008-01-01T12:00:00Z,0.0,40.125,80.125,NaN,NaN
2008-01-01T12:00:00Z,0.0,40.125,84.125,NaN,NaN
2008-01-01T12:00:00Z,0.0,40.125,88.125,NaN,NaN
2008-01-01T12:00:00Z,0.0,40.125,92.125,NaN,NaN
2008-01-01T12:00:00Z,0.0,40.125,96.125,NaN,NaN
2008-01-01T12:00:00Z,0.0,40.125,100.125,NaN,NaN
2008-01-01T12:00:00Z,0.0,40.125,104.125,NaN,NaN
2008-01-01T12:00:00Z,0.0,40.125,108.125,NaN,NaN
2008-01-01T12:00:00Z,0.0,40.125,112.125,NaN,NaN
2008-01-01T12:00:00Z,0.0,40.125,116.125,NaN,NaN
2008-01-01T12:00:00Z,0.0,40.125,120.125,4.61,0.15
2008-01-01T12:00:00Z,0.0,40.125,124.125,NaN,NaN
2008-01-01T12:00:00Z,0.0,40.125,128.125,NaN,NaN
2008-01-01T12:00:00Z,0.0,40.125,132.125,8.51,0.9
2008-01-01T12:00:00Z,0.0,40.125,136.125,9.34,1.21
2008-01-01T12:00:00Z,0.0,40.125,140.125,NaN,NaN
2008-01-01T12:00:00Z,0.0,40.125,144.125,10.0,0.54
2008-01-01T12:00:00Z,0.0,40.125,148.125,11.47,1.9
2008-01-01T12:00:00Z,0.0,40.125,152.125,9.03,-2.03
2008-01-01T12:00:00Z,0.0,40.125,156.125,10.93,-0.67
2008-01-01T12:00:00Z,0.0,40.125,160.125,12.15,0.47
2008-01-01T12:00:00Z,0.0,40.125,164.125,10.11,-1.49
2008-01-01T12:00:00Z,0.0,40.125,168.125,12.43,-0.05
2008-01-01T12:00:00Z,0.0,40.125,172.125,10.99,-1.41
2008-01-01T12:00:00Z,0.0,40.125,176.125,9.49,-2.53
2008-01-01T12:00:00Z,0.0,40.125,180.125,13.18,1.14
2008-01-01T12:00:00Z,0.0,40.125,184.125,11.38,-0.59
2008-01-01T12:00:00Z,0.0,40.125,188.125,11.09,-0.72
2008-01-01T12:00:00Z,0.0,40.125,192.125,11.7,0.0
2008-01-01T12:00:00Z,0.0,40.125,196.125,11.18,-0.63
2008-01-01T12:00:00Z,0.0,40.125,200.125,11.75,-0.11
2008-01-01T12:00:00Z,0.0,40.125,204.125,12.46,0.46
2008-01-01T12:00:00Z,0.0,40.125,208.125,12.04,-0.3
2008-01-01T12:00:00Z,0.0,40.125,212.125,12.57,-0.1
2008-01-01T12:00:00Z,0.0,40.125,216.125,12.26,-0.9
2008-01-01T12:00:00Z,0.0,40.125,220.125,12.7,-0.82
2008-01-01T12:00:00Z,0.0,40.125,224.125,12.08,-1.64
2008-01-01T12:00:00Z,0.0,40.125,228.125,12.21,-1.53
2008-01-01T12:00:00Z,0.0,40.125,232.125,11.61,-1.03
2008-01-01T12:00:00Z,0.0,40.125,236.125,NaN,NaN
2008-01-01T12:00:00Z,0.0,40.125,240.125,NaN,NaN
2008-01-01T12:00:00Z,0.0,40.125,244.125,NaN,NaN
2008-01-01T12:00:00Z,0.0,40.125,248.125,NaN,NaN
2008-01-01T12:00:00Z,0.0,40.125,252.125,NaN,NaN
2008-01-01T12:00:00Z,0.0,40.125,256.125,NaN,NaN
2008-01-01T12:00:00Z,0.0,40.125,260.125,NaN,NaN
2008-01-01T12:00:00Z,0.0,40.125,264.125,NaN,NaN
2008-01-01T12:00:00Z,0.0,40.125,268.125,NaN,NaN
2008-01-01T12:00:00Z,0.0,40.125,272.125,NaN,NaN
2008-01-01T12:00:00Z,0.0,40.125,276.125,NaN,NaN
2008-01-01T12:00:00Z,0.0,40.125,280.125,NaN,NaN
2008-01-01T12:00:00Z,0.0,40.125,284.125,NaN,NaN
2008-01-01T12:00:00Z,0.0,40.125,288.125,8.8,-0.88
2008-01-01T12:00:00Z,0.0,40.125,292.125,16.89,5.47
2008-01-01T12:00:00Z,0.0,40.125,296.125,16.07,0.47
2008-01-01T12:00:00Z,0.0,40.125,300.125,19.25,1.39
2008-01-01T12:00:00Z,0.0,40.125,304.125,19.69,1.39
2008-01-01T12:00:00Z,0.0,40.125,308.125,19.05,1.61
2008-01-01T12:00:00Z,0.0,40.125,312.125,9.15,-8.24
2008-01-01T12:00:00Z,0.0,40.125,316.125,18.2,0.31
2008-01-01T12:00:00Z,0.0,40.125,320.125,17.73,0.63
2008-01-01T12:00:00Z,0.0,40.125,324.125,17.38,0.51
2008-01-01T12:00:00Z,0.0,40.125,328.125,16.69,0.24
2008-01-01T12:00:00Z,0.0,40.125,332.125,17.09,1.14
2008-01-01T12:00:00Z,0.0,40.125,336.125,17.1,1.23
2008-01-01T12:00:00Z,0.0,40.125,340.125,16.82,1.08
2008-01-01T12:00:00Z,0.0,40.125,344.125,16.36,0.88
2008-01-01T12:00:00Z,0.0,40.125,348.125,15.51,0.12
2008-01-01T12:00:00Z,0.0,40.125,352.125,NaN,NaN
2008-01-01T12:00:00Z,0.0,40.125,356.125,NaN,NaN
2008-01-01T12:00:00Z,0.0,44.125,0.125,NaN,NaN
2008-01-01T12:00:00Z,0.0,44.125,4.125,NaN,NaN
2008-01-01T12:00:00Z,0.0,44.125,8.125,NaN,NaN
2008-01-01T12:00:00Z,0.0,44.125,12.125,NaN,NaN
2008-01-01T12:00:00Z,0.0,44.125,16.125,NaN,NaN
2008-01-01T12:00:00Z,0.0,44.125,20.125,NaN,NaN
2008-01-01T12:00:00Z,0.0,44.125,24.125,NaN,NaN
2008-01-01T12:00:00Z,0.0,44.125,28.125,NaN,NaN
2008-01-01T12:00:00Z,0.0,44.125,32.125,9.37,0.34
2008-01-01T12:00:00Z,0.0,44.125,36.125,10.21,1.17
2008-01-01T12:00:00Z,0.0,44.125,40.125,NaN,NaN
2008-01-01T12:00:00Z,0.0,44.125,44.125,NaN,NaN
2008-01-01T12:00:00Z,0.0,44.125,48.125,4.3,-2.19
2008-01-01T12:00:00Z,0.0,44.125,52.125,NaN,NaN
2008-01-01T12:00:00Z,0.0,44.125,56.125,NaN,NaN
2008-01-01T12:00:00Z,0.0,44.125,60.125,NaN,NaN
2008-01-01T12:00:00Z,0.0,44.125,64.125,NaN,NaN
2008-01-01T12:00:00Z,0.0,44.125,68.125,NaN,NaN
2008-01-01T12:00:00Z,0.0,44.125,72.125,NaN,NaN
2008-01-01T12:00:00Z,0.0,44.125,76.125,NaN,NaN
2008-01-01T12:00:00Z,0.0,44.125,80.125,NaN,NaN
2008-01-01T12:00:00Z,0.0,44.125,84.125,NaN,NaN
2008-01-01T12:00:00Z,0.0,44.125,88.125,NaN,NaN
2008-01-01T12:00:00Z,0.0,44.125,92.125,NaN,NaN
2008-01-01T12:00:00Z,0.0,44.125,96.125,NaN,NaN
2008-01-01T12:00:00Z,0.0,44.125,100.125,NaN,NaN
2008-01-01T12:00:00Z,0.0,44.125,104.125,NaN,NaN
2008-01-01T12:00:00Z,0.0,44.125,108.125,NaN,NaN
2008-01-01T12:00:00Z,0.0,44.125,112.125,NaN,NaN
2008-01-01T12:00:00Z,0.0,44.125,116.125,NaN,NaN
2008-01-01T12:00:00Z,0.0,44.125,120.125,NaN,NaN
2008-01-01T12:00:00Z,0.0,44.125,124.125,NaN,NaN
2008-01-01T12:00:00Z,0.0,44.125,128.125,NaN,NaN
2008-01-01T12:00:00Z,0.0,44.125,132.125,NaN,NaN
2008-01-01T12:00:00Z,0.0,44.125,136.125,1.55,-1.04
2008-01-01T12:00:00Z,0.0,44.125,140.125,6.9,1.03
2008-01-01T12:00:00Z,0.0,44.125,144.125,1.93,-0.63
2008-01-01T12:00:00Z,0.0,44.125,148.125,3.3,-0.27
2008-01-01T12:00:00Z,0.0,44.125,152.125,3.55,0.0
2008-01-01T12:00:00Z,0.0,44.125,156.125,4.71,-0.37
2008-01-01T12:00:00Z,0.0,44.125,160.125,6.45,0.35
2008-01-01T12:00:00Z,0.0,44.125,164.125,6.28,-0.03
2008-01-01T12:00:00Z,0.0,44.125,168.125,5.31,-0.7
2008-01-01T12:00:00Z,0.0,44.125,172.125,6.8,-0.26
2008-01-01T12:00:00Z,0.0,44.125,176.125,7.07,-0.62
2008-01-01T12:00:00Z,0.0,44.125,180.125,7.94,0.01
2008-01-01T12:00:00Z,0.0,44.125,184.125,8.22,0.19
2008-01-01T12:00:00Z,0.0,44.125,188.125,8.05,-0.01
2008-01-01T12:00:00Z,0.0,44.125,192.125,8.11,-0.12
2008-01-01T12:00:00Z,0.0,44.125,196.125,7.68,-0.76
2008-01-01T12:00:00Z,0.0,44.125,200.125,7.88,-0.74
2008-01-01T12:00:00Z,0.0,44.125,204.125,8.9,0.03
2008-01-01T12:00:00Z,0.0,44.125,208.125,7.98,-1.25
2008-01-01T12:00:00Z,0.0,44.125,212.125,8.97,-0.7
2008-01-01T12:00:00Z,0.0,44.125,216.125,9.3,-0.83
2008-01-01T12:00:00Z,0.0,44.125,220.125,9.8,-0.84
2008-01-01T12:00:00Z,0.0,44.125,224.125,9.83,-1.26
2008-01-01T12:00:00Z,0.0,44.125,228.125,10.27,-1.17
2008-01-01T12:00:00Z,0.0,44.125,232.125,9.29,-1.55
2008-01-01T12:00:00Z,0.0,44.125,236.125,NaN,NaN
2008-01-01T12:00:00Z,0.0,44.125,240.125,NaN,NaN
2008-01-01T12:00:00Z,0.0,44.125,244.125,NaN,NaN
2008-01-01T12:00:00Z,0.0,44.125,248.125,NaN,NaN
2008-01-01T12:00:00Z,0.0,44.125,252.125,NaN,NaN
2008-01-01T12:00:00Z,0.0,44.125,256.125,NaN,NaN
2008-01-01T12:00:00Z,0.0,44.125,260.125,NaN,NaN
2008-01-01T12:00:00Z,0.0,44.125,264.125,NaN,NaN
2008-01-01T12:00:00Z,0.0,44.125,268.125,NaN,NaN
2008-01-01T12:00:00Z,0.0,44.125,272.125,NaN,NaN
2008-01-01T12:00:00Z,0.0,44.125,276.125,NaN,NaN
2008-01-01T12:00:00Z,0.0,44.125,280.125,NaN,NaN
2008-01-01T12:00:00Z,0.0,44.125,284.125,NaN,NaN
2008-01-01T12:00:00Z,0.0,44.125,288.125,NaN,NaN
2008-01-01T12:00:00Z,0.0,44.125,292.125,5.88,-0.42
2008-01-01T12:00:00Z,0.0,44.125,296.125,4.15,0.13
2008-01-01T12:00:00Z,0.0,44.125,300.125,4.42,-0.35
2008-01-01T12:00:00Z,0.0,44.125,304.125,6.05,0.11
2008-01-01T12:00:00Z,0.0,44.125,308.125,5.32,0.53
2008-01-01T12:00:00Z,0.0,44.125,312.125,6.99,-0.07
2008-01-01T12:00:00Z,0.0,44.125,316.125,15.66,1.46
2008-01-01T12:00:00Z,0.0,44.125,320.125,15.8,0.38
2008-01-01T12:00:00Z,0.0,44.125,324.125,15.7,0.86
2008-01-01T12:00:00Z,0.0,44.125,328.125,15.38,0.64
2008-01-01T12:00:00Z,0.0,44.125,332.125,14.67,0.22
2008-01-01T12:00:00Z,0.0,44.125,336.125,15.45,1.28
2008-01-01T12:00:00Z,0.0,44.125,340.125,15.09,1.15
2008-01-01T12:00:00Z,0.0,44.125,344.125,14.79,1.06
2008-01-01T12:00:00Z,0.0,44.125,348.125,14.23,0.7
2008-01-01T12:00:00Z,0.0,44.125,352.125,13.87,0.47
2008-01-01T12:00:00Z,0.0,44.125,356.125,13.27,0.04
2008-01-01T12:00:00Z,0.0,48.125,0.125,NaN,NaN
2008-01-01T12:00:00Z,0.0,48.125,4.125,NaN,NaN
2008-01-01T12:00:00Z,0.0,48.125,8.125,NaN,NaN
2008-01-01T12:00:00Z,0.0,48.125,12.125,NaN,NaN
2008-01-01T12:00:00Z,0.0,48.125,16.125,NaN,NaN
2008-01-01T12:00:00Z,0.0,48.125,20.125,NaN,NaN
2008-01-01T12:00:00Z,0.0,48.125,24.125,NaN,NaN
2008-01-01T12:00:00Z,0.0,48.125,28.125,NaN,NaN
2008-01-01T12:00:00Z,0.0,48.125,32.125,NaN,NaN
2008-01-01T12:00:00Z,0.0,48.125,36.125,NaN,NaN
2008-01-01T12:00:00Z,0.0,48.125,40.125,NaN,NaN
2008-01-01T12:00:00Z,0.0,48.125,44.125,NaN,NaN
2008-01-01T12:00:00Z,0.0,48.125,48.125,NaN,NaN
2008-01-01T12:00:00Z,0.0,48.125,52.125,NaN,NaN
2008-01-01T12:00:00Z,0.0,48.125,56.125,NaN,NaN
2008-01-01T12:00:00Z,0.0,48.125,60.125,NaN,NaN
2008-01-01T12:00:00Z,0.0,48.125,64.125,NaN,NaN
2008-01-01T12:00:00Z,0.0,48.125,68.125,NaN,NaN
2008-01-01T12:00:00Z,0.0,48.125,72.125,NaN,NaN
2008-01-01T12:00:00Z,0.0,48.125,76.125,NaN,NaN
2008-01-01T12:00:00Z,0.0,48.125,80.125,NaN,NaN
2008-01-01T12:00:00Z,0.0,48.125,84.125,NaN,NaN
2008-01-01T12:00:00Z,0.0,48.125,88.125,NaN,NaN
2008-01-01T12:00:00Z,0.0,48.125,92.125,NaN,NaN
2008-01-01T12:00:00Z,0.0,48.125,96.125,NaN,NaN
2008-01-01T12:00:00Z,0.0,48.125,100.125,NaN,NaN
2008-01-01T12:00:00Z,0.0,48.125,104.125,NaN,NaN
2008-01-01T12:00:00Z,0.0,48.125,108.125,NaN,NaN
2008-01-01T12:00:00Z,0.0,48.125,112.125,NaN,NaN
2008-01-01T12:00:00Z,0.0,48.125,116.125,NaN,NaN
2008-01-01T12:00:00Z,0.0,48.125,120.125,NaN,NaN
2008-01-01T12:00:00Z,0.0,48.125,124.125,NaN,NaN
2008-01-01T12:00:00Z,0.0,48.125,128.125,NaN,NaN
2008-01-01T12:00:00Z,0.0,48.125,132.125,NaN,NaN
2008-01-01T12:00:00Z,0.0,48.125,136.125,NaN,NaN
2008-01-01T12:00:00Z,0.0,48.125,140.125,1.12,-0.58
2008-01-01T12:00:00Z,0.0,48.125,144.125,-0.48,-1.32
2008-01-01T12:00:00Z,0.0,48.125,148.125,3.26,1.17
2008-01-01T12:00:00Z,0.0,48.125,152.125,2.55,0.27
2008-01-01T12:00:00Z,0.0,48.125,156.125,2.14,-0.48
2008-01-01T12:00:00Z,0.0,48.125,160.125,2.09,-1.13
2008-01-01T12:00:00Z,0.0,48.125,164.125,3.46,-0.36
2008-01-01T12:00:00Z,0.0,48.125,168.125,3.63,-0.47
2008-01-01T12:00:00Z,0.0,48.125,172.125,3.84,-0.73
2008-01-01T12:00:00Z,0.0,48.125,176.125,3.93,-0.86
2008-01-01T12:00:00Z,0.0,48.125,180.125,4.54,-0.46
2008-01-01T12:00:00Z,0.0,48.125,184.125,4.02,-1.23
2008-01-01T12:00:00Z,0.0,48.125,188.125,4.39,-1.12
2008-01-01T12:00:00Z,0.0,48.125,192.125,4.49,-1.34
2008-01-01T12:00:00Z,0.0,48.125,196.125,5.0,-1.1
2008-01-01T12:00:00Z,0.0,48.125,200.125,5.46,-0.8
2008-01-01T12:00:00Z,0.0,48.125,204.125,5.71,-0.83
2008-01-01T12:00:00Z,0.0,48.125,208.125,5.79,-1.08
2008-01-01T12:00:00Z,0.0,48.125,212.125,6.3,-1.03
2008-01-01T12:00:00Z,0.0,48.125,216.125,6.46,-1.41
2008-01-01T12:00:00Z,0.0,48.125,220.125,6.95,-1.44
2008-01-01T12:00:00Z,0.0,48.125,224.125,7.27,-1.59
2008-01-01T12:00:00Z,0.0,48.125,228.125,7.37,-1.95
2008-01-01T12:00:00Z,0.0,48.125,232.125,8.17,-1.21
2008-01-01T12:00:00Z,0.0,48.125,236.125,NaN,NaN
2008-01-01T12:00:00Z,0.0,48.125,240.125,NaN,NaN
2008-01-01T12:00:00Z,0.0,48.125,244.125,NaN,NaN
2008-01-01T12:00:00Z,0.0,48.125,248.125,NaN,NaN
2008-01-01T12:00:00Z,0.0,48.125,252.125,NaN,NaN
2008-01-01T12:00:00Z,0.0,48.125,256.125,NaN,NaN
2008-01-01T12:00:00Z,0.0,48.125,260.125,NaN,NaN
2008-01-01T12:00:00Z,0.0,48.125,264.125,NaN,NaN
2008-01-01T12:00:00Z,0.0,48.125,268.125,NaN,NaN
2008-01-01T12:00:00Z,0.0,48.125,272.125,3.0,-0.04
2008-01-01T12:00:00Z,0.0,48.125,276.125,NaN,NaN
2008-01-01T12:00:00Z,0.0,48.125,280.125,NaN,NaN
2008-01-01T12:00:00Z,0.0,48.125,284.125,NaN,NaN
2008-01-01T12:00:00Z,0.0,48.125,288.125,NaN,NaN
2008-01-01T12:00:00Z,0.0,48.125,292.125,NaN,NaN
2008-01-01T12:00:00Z,0.0,48.125,296.125,-0.64,-1.18
2008-01-01T12:00:00Z,0.0,48.125,300.125,0.91,-0.45
2008-01-01T12:00:00Z,0.0,48.125,304.125,NaN,NaN
2008-01-01T12:00:00Z,0.0,48.125,308.125,-0.53,-1.55
2008-01-01T12:00:00Z,0.0,48.125,312.125,1.77,-0.21
2008-01-01T12:00:00Z,0.0,48.125,316.125,5.25,-1.7
2008-01-01T12:00:00Z,0.0,48.125,320.125,14.71,2.35
2008-01-01T12:00:00Z,0.0,48.125,324.125,14.11,1.66
2008-01-01T12:00:00Z,0.0,48.125,328.125,13.99,1.55
2008-01-01T12:00:00Z,0.0,48.125,332.125,14.06,1.46
2008-01-01T12:00:00Z,0.0,48.125,336.125,13.67,1.04
2008-01-01T12:00:00Z,0.0,48.125,340.125,13.73,1.07
2008-01-01T12:00:00Z,0.0,48.125,344.125,13.31,0.93
2008-01-01T12:00:00Z,0.0,48.125,348.125,13.02,0.81
2008-01-01T12:00:00Z,0.0,48.125,352.125,12.46,0.64
2008-01-01T12:00:00Z,0.0,48.125,356.125,NaN,NaN
2008-01-01T12:00:00Z,0.0,52.125,0.125,NaN,NaN
2008-01-01T12:00:00Z,0.0,52.125,4.125,6.25,-1.58
2008-01-01T12:00:00Z,0.0,52.125,8.125,NaN,NaN
2008-01-01T12:00:00Z,0.0,52.125,12.125,NaN,NaN
2008-01-01T12:00:00Z,0.0,52.125,16.125,NaN,NaN
2008-01-01T12:00:00Z,0.0,52.125,20.125,NaN,NaN
2008-01-01T12:00:00Z,0.0,52.125,24.125,NaN,NaN
2008-01-01T12:00:00Z,0.0,52.125,28.125,NaN,NaN
2008-01-01T12:00:00Z,0.0,52.125,32.125,NaN,NaN
2008-01-01T12:00:00Z,0.0,52.125,36.125,NaN,NaN
2008-01-01T12:00:00Z,0.0,52.125,40.125,NaN,NaN
2008-01-01T12:00:00Z,0.0,52.125,44.125,NaN,NaN
2008-01-01T12:00:00Z,0.0,52.125,48.125,NaN,NaN
2008-01-01T12:00:00Z,0.0,52.125,52.125,NaN,NaN
2008-01-01T12:00:00Z,0.0,52.125,56.125,NaN,NaN
2008-01-01T12:00:00Z,0.0,52.125,60.125,NaN,NaN
2008-01-01T12:00:00Z,0.0,52.125,64.125,NaN,NaN
2008-01-01T12:00:00Z,0.0,52.125,68.125,NaN,NaN
2008-01-01T12:00:00Z,0.0,52.125,72.125,NaN,NaN
2008-01-01T12:00:00Z,0.0,52.125,76.125,NaN,NaN
2008-01-01T12:00:00Z,0.0,52.125,80.125,NaN,NaN
2008-01-01T12:00:00Z,0.0,52.125,84.125,NaN,NaN
2008-01-01T12:00:00Z,0.0,52.125,88.125,NaN,NaN
2008-01-01T12:00:00Z,0.0,52.125,92.125,NaN,NaN
2008-01-01T12:00:00Z,0.0,52.125,96.125,NaN,NaN
2008-01-01T12:00:00Z,0.0,52.125,100.125,NaN,NaN
2008-01-01T12:00:00Z,0.0,52.125,104.125,NaN,NaN
2008-01-01T12:00:00Z,0.0,52.125,108.125,NaN,NaN
2008-01-01T12:00:00Z,0.0,52.125,112.125,NaN,NaN
2008-01-01T12:00:00Z,0.0,52.125,116.125,NaN,NaN
2008-01-01T12:00:00Z,0.0,52.125,120.125,NaN,NaN
2008-01-01T12:00:00Z,0.0,52.125,124.125,NaN,NaN
2008-01-01T12:00:00Z,0.0,52.125,128.125,NaN,NaN
2008-01-01T12:00:00Z,0.0,52.125,132.125,NaN,NaN
2008-01-01T12:00:00Z,0.0,52.125,136.125,NaN,NaN
2008-01-01T12:00:00Z,0.0,52.125,140.125,NaN,NaN
2008-01-01T12:00:00Z,0.0,52.125,144.125,-0.53,-0.55
2008-01-01T12:00:00Z,0.0,52.125,148.125,0.37,-0.51
2008-01-01T12:00:00Z,0.0,52.125,152.125,1.57,0.2
2008-01-01T12:00:00Z,0.0,52.125,156.125,0.05,-1.76
2008-01-01T12:00:00Z,0.0,52.125,160.125,1.69,-0.63
2008-01-01T12:00:00Z,0.0,52.125,164.125,2.15,-1.02
2008-01-01T12:00:00Z,0.0,52.125,168.125,3.6,-0.1
2008-01-01T12:00:00Z,0.0,52.125,172.125,3.48,-0.61
2008-01-01T12:00:00Z,0.0,52.125,176.125,3.46,-0.76
2008-01-01T12:00:00Z,0.0,52.125,180.125,3.39,-0.91
2008-01-01T12:00:00Z,0.0,52.125,184.125,3.11,-1.4
2008-01-01T12:00:00Z,0.0,52.125,188.125,3.95,-0.74
2008-01-01T12:00:00Z,0.0,52.125,192.125,4.35,-0.54
2008-01-01T12:00:00Z,0.0,52.125,196.125,4.02,-0.94
2008-01-01T12:00:00Z,0.0,52.125,200.125,4.04,-0.98
2008-01-01T12:00:00Z,0.0,52.125,204.125,4.32,-0.81
2008-01-01T12:00:00Z,0.0,52.125,208.125,4.14,-1.26
2008-01-01T12:00:00Z,0.0,52.125,212.125,4.71,-1.13
2008-01-01T12:00:00Z,0.0,52.125,216.125,4.93,-1.57
2008-01-01T12:00:00Z,0.0,52.125,220.125,6.21,-0.93
2008-01-01T12:00:00Z,0.0,52.125,224.125,6.57,-1.16
2008-01-01T12:00:00Z,0.0,52.125,228.125,7.1,-0.87
2008-01-01T12:00:00Z,0.0,52.125,232.125,NaN,NaN
2008-01-01T12:00:00Z,0.0,52.125,236.125,NaN,NaN
2008-01-01T12:00:00Z,0.0,52.125,240.125,NaN,NaN
2008-01-01T12:00:00Z,0.0,52.125,244.125,NaN,NaN
2008-01-01T12:00:00Z,0.0,52.125,248.125,NaN,NaN
2008-01-01T12:00:00Z,0.0,52.125,252.125,NaN,NaN
2008-01-01T12:00:00Z,0.0,52.125,256.125,NaN,NaN
2008-01-01T12:00:00Z,0.0,52.125,260.125,NaN,NaN
2008-01-01T12:00:00Z,0.0,52.125,264.125,NaN,NaN
2008-01-01T12:00:00Z,0.0,52.125,268.125,NaN,NaN
2008-01-01T12:00:00Z,0.0,52.125,272.125,NaN,NaN
2008-01-01T12:00:00Z,0.0,52.125,276.125,NaN,NaN
2008-01-01T12:00:00Z,0.0,52.125,280.125,-1.04,0.24
2008-01-01T12:00:00Z,0.0,52.125,284.125,NaN,NaN
2008-01-01T12:00:00Z,0.0,52.125,288.125,NaN,NaN
2008-01-01T12:00:00Z,0.0,52.125,292.125,NaN,NaN
2008-01-01T12:00:00Z,0.0,52.125,296.125,NaN,NaN
2008-01-01T12:00:00Z,0.0,52.125,300.125,NaN,NaN
2008-01-01T12:00:00Z,0.0,52.125,304.125,NaN,NaN
2008-01-01T12:00:00Z,0.0,52.125,308.125,0.15,-0.85
2008-01-01T12:00:00Z,0.0,52.125,312.125,5.44,0.72
2008-01-01T12:00:00Z,0.0,52.125,316.125,8.06,1.14
2008-01-01T12:00:00Z,0.0,52.125,320.125,6.67,-0.69
2008-01-01T12:00:00Z,0.0,52.125,324.125,7.82,0.26
2008-01-01T12:00:00Z,0.0,52.125,328.125,10.41,1.78
2008-01-01T12:00:00Z,0.0,52.125,332.125,11.62,2.02
2008-01-01T12:00:00Z,0.0,52.125,336.125,11.11,0.63
2008-01-01T12:00:00Z,0.0,52.125,340.125,11.4,0.27
2008-01-01T12:00:00Z,0.0,52.125,344.125,11.79,0.56
2008-01-01T12:00:00Z,0.0,52.125,348.125,11.69,0.87
2008-01-01T12:00:00Z,0.0,52.125,352.125,NaN,NaN
2008-01-01T12:00:00Z,0.0,52.125,356.125,NaN,NaN
2008-01-01T12:00:00Z,0.0,56.125,0.125,8.46,0.68
2008-01-01T12:00:00Z,0.0,56.125,4.125,7.67,0.42
2008-01-01T12:00:00Z,0.0,56.125,8.125,6.54,0.24
2008-01-01T12:00:00Z,0.0,56.125,12.125,4.89,1.7
2008-01-01T12:00:00Z,0.0,56.125,16.125,5.06,0.57
2008-01-01T12:00:00Z,0.0,56.125,20.125,5.73,1.09
2008-01-01T12:00:00Z,0.0,56.125,24.125,NaN,NaN
2008-01-01T12:00:00Z,0.0,56.125,28.125,NaN,NaN
2008-01-01T12:00:00Z,0.0,56.125,32.125,NaN,NaN
2008-01-01T12:00:00Z,0.0,56.125,36.125,NaN,NaN
2008-01-01T12:00:00Z,0.0,56.125,40.125,NaN,NaN
2008-01-01T12:00:00Z,0.0,56.125,44.125,NaN,NaN
2008-01-01T12:00:00Z,0.0,56.125,48.125,NaN,NaN
2008-01-01T12:00:00Z,0.0,56.125,52.125,NaN,NaN
2008-01-01T12:00:00Z,0.0,56.125,56.125,NaN,NaN
2008-01-01T12:00:00Z,0.0,56.125,60.125,NaN,NaN
2008-01-01T12:00:00Z,0.0,56.125,64.125,NaN,NaN
2008-01-01T12:00:00Z,0.0,56.125,68.125,NaN,NaN
2008-01-01T12:00:00Z,0.0,56.125,72.125,NaN,NaN
2008-01-01T12:00:00Z,0.0,56.125,76.125,NaN,NaN
2008-01-01T12:00:00Z,0.0,56.125,80.125,NaN,NaN
2008-01-01T12:00:00Z,0.0,56.125,84.125,NaN,NaN
2008-01-01T12:00:00Z,0.0,56.125,88.125,NaN,NaN
2008-01-01T12:00:00Z,0.0,56.125,92.125,NaN,NaN
2008-01-01T12:00:00Z,0.0,56.125,96.125,NaN,NaN
2008-01-01T12:00:00Z,0.0,56.125,100.125,NaN,NaN
2008-01-01T12:00:00Z,0.0,56.125,104.125,NaN,NaN
2008-01-01T12:00:00Z,0.0,56.125,108.125,NaN,NaN
2008-01-01T12:00:00Z,0.0,56.125,112.125,NaN,NaN
2008-01-01T12:00:00Z,0.0,56.125,116.125,NaN,NaN
2008-01-01T12:00:00Z,0.0,56.125,120.125,NaN,NaN
2008-01-01T12:00:00Z,0.0,56.125,124.125,NaN,NaN
2008-01-01T12:00:00Z,0.0,56.125,128.125,NaN,NaN
2008-01-01T12:00:00Z,0.0,56.125,132.125,NaN,NaN
2008-01-01T12:00:00Z,0.0,56.125,136.125,NaN,NaN
2008-01-01T12:00:00Z,0.0,56.125,140.125,0.07,0.2
2008-01-01T12:00:00Z,0.0,56.125,144.125,0.16,-0.04
2008-01-01T12:00:00Z,0.0,56.125,148.125,-0.52,-0.88
2008-01-01T12:00:00Z,0.0,56.125,152.125,-0.25,-0.82
2008-01-01T12:00:00Z,0.0,56.125,156.125,NaN,NaN
2008-01-01T12:00:00Z,0.0,56.125,160.125,NaN,NaN
2008-01-01T12:00:00Z,0.0,56.125,164.125,0.68,-0.79
2008-01-01T12:00:00Z,0.0,56.125,168.125,2.0,-0.08
2008-01-01T12:00:00Z,0.0,56.125,172.125,2.47,-0.21
2008-01-01T12:00:00Z,0.0,56.125,176.125,2.25,-0.58
2008-01-01T12:00:00Z,0.0,56.125,180.125,2.36,-0.63
2008-01-01T12:00:00Z,0.0,56.125,184.125,2.48,-1.03
2008-01-01T12:00:00Z,0.0,56.125,188.125,3.03,-0.78
2008-01-01T12:00:00Z,0.0,56.125,192.125,3.36,-0.48
2008-01-01T12:00:00Z,0.0,56.125,196.125,3.4,-0.42
2008-01-01T12:00:00Z,0.0,56.125,200.125,NaN,NaN
2008-01-01T12:00:00Z,0.0,56.125,204.125,4.24,-0.85
2008-01-01T12:00:00Z,0.0,56.125,208.125,3.92,-1.37
2008-01-01T12:00:00Z,0.0,56.125,212.125,4.26,-0.91
2008-01-01T12:00:00Z,0.0,56.125,216.125,5.29,-0.3
2008-01-01T12:00:00Z,0.0,56.125,220.125,5.96,-0.31
2008-01-01T12:00:00Z,0.0,56.125,224.125,6.47,-0.38
2008-01-01T12:00:00Z,0.0,56.125,228.125,NaN,NaN
2008-01-01T12:00:00Z,0.0,56.125,232.125,NaN,NaN
2008-01-01T12:00:00Z,0.0,56.125,236.125,NaN,NaN
2008-01-01T12:00:00Z,0.0,56.125,240.125,NaN,NaN
2008-01-01T12:00:00Z,0.0,56.125,244.125,NaN,NaN
2008-01-01T12:00:00Z,0.0,56.125,248.125,NaN,NaN
2008-01-01T12:00:00Z,0.0,56.125,252.125,NaN,NaN
2008-01-01T12:00:00Z,0.0,56.125,256.125,NaN,NaN
2008-01-01T12:00:00Z,0.0,56.125,260.125,NaN,NaN
2008-01-01T12:00:00Z,0.0,56.125,264.125,NaN,NaN
2008-01-01T12:00:00Z,0.0,56.125,268.125,NaN,NaN
2008-01-01T12:00:00Z,0.0,56.125,272.125,NaN,NaN
2008-01-01T12:00:00Z,0.0,56.125,276.125,-1.71,-0.21
2008-01-01T12:00:00Z,0.0,56.125,280.125,-1.19,0.16
2008-01-01T12:00:00Z,0.0,56.125,284.125,NaN,NaN
2008-01-01T12:00:00Z,0.0,56.125,288.125,NaN,NaN
2008-01-01T12:00:00Z,0.0,56.125,292.125,NaN,NaN
2008-01-01T12:00:00Z,0.0,56.125,296.125,NaN,NaN
2008-01-01T12:00:00Z,0.0,56.125,300.125,-0.16,0.2
2008-01-01T12:00:00Z,0.0,56.125,304.125,1.27,0.32
2008-01-01T12:00:00Z,0.0,56.125,308.125,2.96,0.61
2008-01-01T12:00:00Z,0.0,56.125,312.125,3.45,0.15
2008-01-01T12:00:00Z,0.0,56.125,316.125,4.03,0.42
2008-01-01T12:00:00Z,0.0,56.125,320.125,5.17,0.65
2008-01-01T12:00:00Z,0.0,56.125,324.125,7.34,1.38
2008-01-01T12:00:00Z,0.0,56.125,328.125,8.03,0.93
2008-01-01T12:00:00Z,0.0,56.125,332.125,9.29,1.18
2008-01-01T12:00:00Z,0.0,56.125,336.125,10.41,1.14
2008-01-01T12:00:00Z,0.0,56.125,340.125,10.9,0.92
2008-01-01T12:00:00Z,0.0,56.125,344.125,10.34,0.36
2008-01-01T12:00:00Z,0.0,56.125,348.125,11.46,1.39
2008-01-01T12:00:00Z,0.0,56.125,352.125,10.17,0.59
2008-01-01T12:00:00Z,0.0,56.125,356.125,NaN,NaN
2008-01-01T12:00:00Z,0.0,60.125,0.125,7.88,-0.43
2008-01-01T12:00:00Z,0.0,60.125,4.125,7.62,0.1
2008-01-01T12:00:00Z,0.0,60.125,8.125,NaN,NaN
2008-01-01T12:00:00Z,0.0,60.125,12.125,NaN,NaN
2008-01-01T12:00:00Z,0.0,60.125,16.125,NaN,NaN
2008-01-01T12:00:00Z,0.0,60.125,20.125,NaN,NaN
2008-01-01T12:00:00Z,0.0,60.125,24.125,NaN,NaN
2008-01-01T12:00:00Z,0.0,60.125,28.125,2.47,0.59
2008-01-01T12:00:00Z,0.0,60.125,32.125,NaN,NaN
2008-01-01T12:00:00Z,0.0,60.125,36.125,NaN,NaN
2008-01-01T12:00:00Z,0.0,60.125,40.125,NaN,NaN
2008-01-01T12:00:00Z,0.0,60.125,44.125,NaN,NaN
2008-01-01T12:00:00Z,0.0,60.125,48.125,NaN,NaN
2008-01-01T12:00:00Z,0.0,60.125,52.125,NaN,NaN
2008-01-01T12:00:00Z,0.0,60.125,56.125,NaN,NaN
2008-01-01T12:00:00Z,0.0,60.125,60.125,NaN,NaN
2008-01-01T12:00:00Z,0.0,60.125,64.125,NaN,NaN
2008-01-01T12:00:00Z,0.0,60.125,68.125,NaN,NaN
2008-01-01T12:00:00Z,0.0,60.125,72.125,NaN,NaN
2008-01-01T12:00:00Z,0.0,60.125,76.125,NaN,NaN
2008-01-01T12:00:00Z,0.0,60.125,80.125,NaN,NaN
2008-01-01T12:00:00Z,0.0,60.125,84.125,NaN,NaN
2008-01-01T12:00:00Z,0.0,60.125,88.125,NaN,NaN
2008-01-01T12:00:00Z,0.0,60.125,92.125,NaN,NaN
2008-01-01T12:00:00Z,0.0,60.125,96.125,NaN,NaN
2008-01-01T12:00:00Z,0.0,60.125,100.125,NaN,NaN
2008-01-01T12:00:00Z,0.0,60.125,104.125,NaN,NaN
2008-01-01T12:00:00Z,0.0,60.125,108.125,NaN,NaN
2008-01-01T12:00:00Z,0.0,60.125,112.125,NaN,NaN
2008-01-01T12:00:00Z,0.0,60.125,116.125,NaN,NaN
2008-01-01T12:00:00Z,0.0,60.125,120.125,NaN,NaN
2008-01-01T12:00:00Z,0.0,60.125,124.125,NaN,NaN
2008-01-01T12:00:00Z,0.0,60.125,128.125,NaN,NaN
2008-01-01T12:00:00Z,0.0,60.125,132.125,NaN,NaN
2008-01-01T12:00:00Z,0.0,60.125,136.125,NaN,NaN
2008-01-01T12:00:00Z,0.0,60.125,140.125,NaN,NaN
2008-01-01T12:00:00Z,0.0,60.125,144.125,NaN,NaN
2008-01-01T12:00:00Z,0.0,60.125,148.125,NaN,NaN
2008-01-01T12:00:00Z,0.0,60.125,152.125,NaN,NaN
2008-01-01T12:00:00Z,0.0,60.125,156.125,0.0,-0.09
2008-01-01T12:00:00Z,0.0,60.125,160.125,-0.34,-0.4
2008-01-01T12:00:00Z,0.0,60.125,164.125,NaN,NaN
2008-01-01T12:00:00Z,0.0,60.125,168.125,0.31,-0.5
2008-01-01T12:00:00Z,0.0,60.125,172.125,0.41,-0.61
2008-01-01T12:00:00Z,0.0,60.125,176.125,1.88,0.29
2008-01-01T12:00:00Z,0.0,60.125,180.125,1.51,-0.53
2008-01-01T12:00:00Z,0.0,60.125,184.125,0.58,-1.29
2008-01-01T12:00:00Z,0.0,60.125,188.125,-0.44,-1.52
2008-01-01T12:00:00Z,0.0,60.125,192.125,-0.02,-0.29
2008-01-01T12:00:00Z,0.0,60.125,196.125,NaN,NaN
2008-01-01T12:00:00Z,0.0,60.125,200.125,NaN,NaN
2008-01-01T12:00:00Z,0.0,60.125,204.125,NaN,NaN
2008-01-01T12:00:00Z,0.0,60.125,208.125,2.27,-3.04
2008-01-01T12:00:00Z,0.0,60.125,212.125,NaN,NaN
2008-01-01T12:00:00Z,0.0,60.125,216.125,NaN,NaN
2008-01-01T12:00:00Z,0.0,60.125,220.125,NaN,NaN
2008-01-01T12:00:00Z,0.0,60.125,224.125,NaN,NaN
2008-01-01T12:00:00Z,0.0,60.125,228.125,NaN,NaN
2008-01-01T12:00:00Z,0.0,60.125,232.125,NaN,NaN
2008-01-01T12:00:00Z,0.0,60.125,236.125,NaN,NaN
2008-01-01T12:00:00Z,0.0,60.125,240.125,NaN,NaN
2008-01-01T12:00:00Z,0.0,60.125,244.125,NaN,NaN
2008-01-01T12:00:00Z,0.0,60.125,248.125,NaN,NaN
2008-01-01T12:00:00Z,0.0,60.125,252.125,NaN,NaN
2008-01-01T12:00:00Z,0.0,60.125,256.125,NaN,NaN
2008-01-01T12:00:00Z,0.0,60.125,260.125,NaN,NaN
2008-01-01T12:00:00Z,0.0,60.125,264.125,NaN,NaN
2008-01-01T12:00:00Z,0.0,60.125,268.125,-1.74,-0.11
2008-01-01T12:00:00Z,0.0,60.125,272.125,-1.65,0.06
2008-01-01T12:00:00Z,0.0,60.125,276.125,-1.52,0.16
2008-01-01T12:00:00Z,0.0,60.125,280.125,-1.64,-0.11
2008-01-01T12:00:00Z,0.0,60.125,284.125,NaN,NaN
2008-01-01T12:00:00Z,0.0,60.125,288.125,NaN,NaN
2008-01-01T12:00:00Z,0.0,60.125,292.125,-0.73,0.54
2008-01-01T12:00:00Z,0.0,60.125,296.125,-0.04,0.93
2008-01-01T12:00:00Z,0.0,60.125,300.125,0.95,0.76
2008-01-01T12:00:00Z,0.0,60.125,304.125,3.17,1.19
2008-01-01T12:00:00Z,0.0,60.125,308.125,2.88,0.74
2008-01-01T12:00:00Z,0.0,60.125,312.125,1.09,-0.59
2008-01-01T12:00:00Z,0.0,60.125,316.125,NaN,NaN
2008-01-01T12:00:00Z,0.0,60.125,320.125,5.23,1.01
2008-01-01T12:00:00Z,0.0,60.125,324.125,5.3,0.45
2008-01-01T12:00:00Z,0.0,60.125,328.125,7.07,1.01
2008-01-01T12:00:00Z,0.0,60.125,332.125,8.14,0.79
2008-01-01T12:00:00Z,0.0,60.125,336.125,9.24,1.05
2008-01-01T12:00:00Z,0.0,60.125,340.125,9.83,1.19
2008-01-01T12:00:00Z,0.0,60.125,344.125,9.57,0.86
2008-01-01T12:00:00Z,0.0,60.125,348.125,9.58,0.63
2008-01-01T12:00:00Z,0.0,60.125,352.125,9.6,0.72
2008-01-01T12:00:00Z,0.0,60.125,356.125,9.11,0.48
2008-01-01T12:00:00Z,0.0,64.125,0.125,6.78,0.1
2008-01-01T12:00:00Z,0.0,64.125,4.125,7.85,0.33
2008-01-01T12:00:00Z,0.0,64.125,8.125,7.8,0.7
2008-01-01T12:00:00Z,0.0,64.125,12.125,NaN,NaN
2008-01-01T12:00:00Z,0.0,64.125,16.125,NaN,NaN
2008-01-01T12:00:00Z,0.0,64.125,20.125,NaN,NaN
2008-01-01T12:00:00Z,0.0,64.125,24.125,NaN,NaN
2008-01-01T12:00:00Z,0.0,64.125,28.125,NaN,NaN
2008-01-01T12:00:00Z,0.0,64.125,32.125,NaN,NaN
2008-01-01T12:00:00Z,0.0,64.125,36.125,NaN,NaN
2008-01-01T12:00:00Z,0.0,64.125,40.125,NaN,NaN
2008-01-01T12:00:00Z,0.0,64.125,44.125,NaN,NaN
2008-01-01T12:00:00Z,0.0,64.125,48.125,NaN,NaN
2008-01-01T12:00:00Z,0.0,64.125,52.125,NaN,NaN
2008-01-01T12:00:00Z,0.0,64.125,56.125,NaN,NaN
2008-01-01T12:00:00Z,0.0,64.125,60.125,NaN,NaN
2008-01-01T12:00:00Z,0.0,64.125,64.125,NaN,NaN
2008-01-01T12:00:00Z,0.0,64.125,68.125,NaN,NaN
2008-01-01T12:00:00Z,0.0,64.125,72.125,NaN,NaN
2008-01-01T12:00:00Z,0.0,64.125,76.125,NaN,NaN
2008-01-01T12:00:00Z,0.0,64.125,80.125,NaN,NaN
2008-01-01T12:00:00Z,0.0,64.125,84.125,NaN,NaN
2008-01-01T12:00:00Z,0.0,64.125,88.125,NaN,NaN
2008-01-01T12:00:00Z,0.0,64.125,92.125,NaN,NaN
2008-01-01T12:00:00Z,0.0,64.125,96.125,NaN,NaN
2008-01-01T12:00:00Z,0.0,64.125,100.125,NaN,NaN
2008-01-01T12:00:00Z,0.0,64.125,104.125,NaN,NaN
2008-01-01T12:00:00Z,0.0,64.125,108.125,NaN,NaN
2008-01-01T12:00:00Z,0.0,64.125,112.125,NaN,NaN
2008-01-01T12:00:00Z,0.0,64.125,116.125,NaN,NaN
2008-01-01T12:00:00Z,0.0,64.125,120.125,NaN,NaN
2008-01-01T12:00:00Z,0.0,64.125,124.125,NaN,NaN
2008-01-01T12:00:00Z,0.0,64.125,128.125,NaN,NaN
2008-01-01T12:00:00Z,0.0,64.125,132.125,NaN,NaN
2008-01-01T12:00:00Z,0.0,64.125,136.125,NaN,NaN
2008-01-01T12:00:00Z,0.0,64.125,140.125,NaN,NaN
2008-01-01T12:00:00Z,0.0,64.125,144.125,NaN,NaN
2008-01-01T12:00:00Z,0.0,64.125,148.125,NaN,NaN
2008-01-01T12:00:00Z,0.0,64.125,152.125,NaN,NaN
2008-01-01T12:00:00Z,0.0,64.125,156.125,NaN,NaN
2008-01-01T12:00:00Z,0.0,64.125,160.125,NaN,NaN
2008-01-01T12:00:00Z,0.0,64.125,164.125,NaN,NaN
2008-01-01T12:00:00Z,0.0,64.125,168.125,NaN,NaN
2008-01-01T12:00:00Z,0.0,64.125,172.125,NaN,NaN
2008-01-01T12:00:00Z,0.0,64.125,176.125,NaN,NaN
2008-01-01T12:00:00Z,0.0,64.125,180.125,-1.17,-0.38
2008-01-01T12:00:00Z,0.0,64.125,184.125,-0.53,-0.47
2008-01-01T12:00:00Z,0.0,64.125,188.125,-0.48,0.08
2008-01-01T12:00:00Z,0.0,64.125,192.125,-1.16,-0.31
2008-01-01T12:00:00Z,0.0,64.125,196.125,-1.08,-0.31
2008-01-01T12:00:00Z,0.0,64.125,200.125,NaN,NaN
2008-01-01T12:00:00Z,0.0,64.125,204.125,NaN,NaN
2008-01-01T12:00:00Z,0.0,64.125,208.125,NaN,NaN
2008-01-01T12:00:00Z,0.0,64.125,212.125,NaN,NaN
2008-01-01T12:00:00Z,0.0,64.125,216.125,NaN,NaN
2008-01-01T12:00:00Z,0.0,64.125,220.125,NaN,NaN
2008-01-01T12:00:00Z,0.0,64.125,224.125,NaN,NaN
2008-01-01T12:00:00Z,0.0,64.125,228.125,NaN,NaN
2008-01-01T12:00:00Z,0.0,64.125,232.125,NaN,NaN
2008-01-01T12:00:00Z,0.0,64.125,236.125,NaN,NaN
2008-01-01T12:00:00Z,0.0,64.125,240.125,NaN,NaN
2008-01-01T12:00:00Z,0.0,64.125,244.125,NaN,NaN
2008-01-01T12:00:00Z,0.0,64.125,248.125,NaN,NaN
2008-01-01T12:00:00Z,0.0,64.125,252.125,NaN,NaN
2008-01-01T12:00:00Z,0.0,64.125,256.125,NaN,NaN
2008-01-01T12:00:00Z,0.0,64.125,260.125,NaN,NaN
2008-01-01T12:00:00Z,0.0,64.125,264.125,NaN,NaN
2008-01-01T12:00:00Z,0.0,64.125,268.125,NaN,NaN
2008-01-01T12:00:00Z,0.0,64.125,272.125,-1.66,0.04
2008-01-01T12:00:00Z,0.0,64.125,276.125,NaN,NaN
2008-01-01T12:00:00Z,0.0,64.125,280.125,-1.62,0.09
2008-01-01T12:00:00Z,0.0,64.125,284.125,-1.25,0.28
2008-01-01T12:00:00Z,0.0,64.125,288.125,NaN,NaN
2008-01-01T12:00:00Z,0.0,64.125,292.125,NaN,NaN
2008-01-01T12:00:00Z,0.0,64.125,296.125,-0.86,0.73
2008-01-01T12:00:00Z,0.0,64.125,300.125,-1.02,-0.17
2008-01-01T12:00:00Z,0.0,64.125,304.125,-1.44,-1.94
2008-01-01T12:00:00Z,0.0,64.125,308.125,-0.07,-0.33
2008-01-01T12:00:00Z,0.0,64.125,312.125,NaN,NaN
2008-01-01T12:00:00Z,0.0,64.125,316.125,NaN,NaN
2008-01-01T12:00:00Z,0.0,64.125,320.125,-0.34,-3.17
2008-01-01T12:00:00Z,0.0,64.125,324.125,6.46,2.6
2008-01-01T12:00:00Z,0.0,64.125,328.125,5.57,0.35
2008-01-01T12:00:00Z,0.0,64.125,332.125,6.75,0.31
2008-01-01T12:00:00Z,0.0,64.125,336.125,6.73,0.41
2008-01-01T12:00:00Z,0.0,64.125,340.125,NaN,NaN
2008-01-01T12:00:00Z,0.0,64.125,344.125,6.81,-0.31
2008-01-01T12:00:00Z,0.0,64.125,348.125,6.84,0.84
2008-01-01T12:00:00Z,0.0,64.125,352.125,5.03,0.09
2008-01-01T12:00:00Z,0.0,64.125,356.125,3.7,-1.63
2008-01-01T12:00:00Z,0.0,68.125,0.125,6.39,0.76
2008-01-01T12:00:00Z,0.0,68.125,4.125,6.67,0.39
2008-01-01T12:00:00Z,0.0,68.125,8.125,7.39,0.75
2008-01-01T12:00:00Z,0.0,68.125,12.125,7.13,0.95
2008-01-01T12:00:00Z,0.0,68.125,16.125,5.46,-0.04
2008-01-01T12:00:00Z,0.0,68.125,20.125,NaN,NaN
2008-01-01T12:00:00Z,0.0,68.125,24.125,NaN,NaN
2008-01-01T12:00:00Z,0.0,68.125,28.125,NaN,NaN
2008-01-01T12:00:00Z,0.0,68.125,32.125,NaN,NaN
2008-01-01T12:00:00Z,0.0,68.125,36.125,NaN,NaN
2008-01-01T12:00:00Z,0.0,68.125,40.125,3.51,1.77
2008-01-01T12:00:00Z,0.0,68.125,44.125,-1.1,-1.62
2008-01-01T12:00:00Z,0.0,68.125,48.125,0.35,0.22
2008-01-01T12:00:00Z,0.0,68.125,52.125,NaN,NaN
2008-01-01T12:00:00Z,0.0,68.125,56.125,NaN,NaN
2008-01-01T12:00:00Z,0.0,68.125,60.125,NaN,NaN
2008-01-01T12:00:00Z,0.0,68.125,64.125,NaN,NaN
2008-01-01T12:00:00Z,0.0,68.125,68.125,NaN,NaN
2008-01-01T12:00:00Z,0.0,68.125,72.125,NaN,NaN
2008-01-01T12:00:00Z,0.0,68.125,76.125,NaN,NaN
2008-01-01T12:00:00Z,0.0,68.125,80.125,NaN,NaN
2008-01-01T12:00:00Z,0.0,68.125,84.125,NaN,NaN
2008-01-01T12:00:00Z,0.0,68.125,88.125,NaN,NaN
2008-01-01T12:00:00Z,0.0,68.125,92.125,NaN,NaN
2008-01-01T12:00:00Z,0.0,68.125,96.125,NaN,NaN
2008-01-01T12:00:00Z,0.0,68.125,100.125,NaN,NaN
2008-01-01T12:00:00Z,0.0,68.125,104.125,NaN,NaN
2008-01-01T12:00:00Z,0.0,68.125,108.125,NaN,NaN
2008-01-01T12:00:00Z,0.0,68.125,112.125,NaN,NaN
2008-01-01T12:00:00Z,0.0,68.125,116.125,NaN,NaN
2008-01-01T12:00:00Z,0.0,68.125,120.125,NaN,NaN
2008-01-01T12:00:00Z,0.0,68.125,124.125,NaN,NaN
2008-01-01T12:00:00Z,0.0,68.125,128.125,NaN,NaN
2008-01-01T12:00:00Z,0.0,68.125,132.125,NaN,NaN
2008-01-01T12:00:00Z,0.0,68.125,136.125,NaN,NaN
2008-01-01T12:00:00Z,0.0,68.125,140.125,NaN,NaN
2008-01-01T12:00:00Z,0.0,68.125,144.125,NaN,NaN
2008-01-01T12:00:00Z,0.0,68.125,148.125,NaN,NaN
2008-01-01T12:00:00Z,0.0,68.125,152.125,NaN,NaN
2008-01-01T12:00:00Z,0.0,68.125,156.125,NaN,NaN
2008-01-01T12:00:00Z,0.0,68.125,160.125,NaN,NaN
2008-01-01T12:00:00Z,0.0,68.125,164.125,NaN,NaN
2008-01-01T12:00:00Z,0.0,68.125,168.125,NaN,NaN
2008-01-01T12:00:00Z,0.0,68.125,172.125,NaN,NaN
2008-01-01T12:00:00Z,0.0,68.125,176.125,NaN,NaN
2008-01-01T12:00:00Z,0.0,68.125,180.125,NaN,NaN
2008-01-01T12:00:00Z,0.0,68.125,184.125,-1.76,-0.09
2008-01-01T12:00:00Z,0.0,68.125,188.125,-1.71,-0.01
2008-01-01T12:00:00Z,0.0,68.125,192.125,-1.53,-0.02
2008-01-01T12:00:00Z,0.0,68.125,196.125,NaN,NaN
2008-01-01T12:00:00Z,0.0,68.125,200.125,NaN,NaN
2008-01-01T12:00:00Z,0.0,68.125,204.125,NaN,NaN
2008-01-01T12:00:00Z,0.0,68.125,208.125,NaN,NaN
2008-01-01T12:00:00Z,0.0,68.125,212.125,NaN,NaN
2008-01-01T12:00:00Z,0.0,68.125,216.125,NaN,NaN
2008-01-01T12:00:00Z,0.0,68.125,220.125,NaN,NaN
2008-01-01T12:00:00Z,0.0,68.125,224.125,NaN,NaN
2008-01-01T12:00:00Z,0.0,68.125,228.125,NaN,NaN
2008-01-01T12:00:00Z,0.0,68.125,232.125,NaN,NaN
2008-01-01T12:00:00Z,0.0,68.125,236.125,NaN,NaN
2008-01-01T12:00:00Z,0.0,68.125,240.125,NaN,NaN
2008-01-01T12:00:00Z,0.0,68.125,244.125,NaN,NaN
2008-01-01T12:00:00Z,0.0,68.125,248.125,-1.63,0.16
2008-01-01T12:00:00Z,0.0,68.125,252.125,-1.62,0.18
2008-01-01T12:00:00Z,0.0,68.125,256.125,-1.59,0.17
2008-01-01T12:00:00Z,0.0,68.125,260.125,-1.53,0.23
2008-01-01T12:00:00Z,0.0,68.125,264.125,-1.49,0.25
2008-01-01T12:00:00Z,0.0,68.125,268.125,NaN,NaN
2008-01-01T12:00:00Z,0.0,68.125,272.125,-1.57,0.19
2008-01-01T12:00:00Z,0.0,68.125,276.125,NaN,NaN
2008-01-01T12:00:00Z,0.0,68.125,280.125,-1.74,0.03
2008-01-01T12:00:00Z,0.0,68.125,284.125,NaN,NaN
2008-01-01T12:00:00Z,0.0,68.125,288.125,NaN,NaN
2008-01-01T12:00:00Z,0.0,68.125,292.125,NaN,NaN
2008-01-01T12:00:00Z,0.0,68.125,296.125,-1.7,0.09
2008-01-01T12:00:00Z,0.0,68.125,300.125,-1.41,0.17
2008-01-01T12:00:00Z,0.0,68.125,304.125,-0.3,0.17
2008-01-01T12:00:00Z,0.0,68.125,308.125,NaN,NaN
2008-01-01T12:00:00Z,0.0,68.125,312.125,NaN,NaN
2008-01-01T12:00:00Z,0.0,68.125,316.125,NaN,NaN
2008-01-01T12:00:00Z,0.0,68.125,320.125,NaN,NaN
2008-01-01T12:00:00Z,0.0,68.125,324.125,NaN,NaN
2008-01-01T12:00:00Z,0.0,68.125,328.125,-1.52,-0.71
2008-01-01T12:00:00Z,0.0,68.125,332.125,-1.49,-1.3
2008-01-01T12:00:00Z,0.0,68.125,336.125,-0.99,-2.22
2008-01-01T12:00:00Z,0.0,68.125,340.125,0.56,-1.16
2008-01-01T12:00:00Z,0.0,68.125,344.125,0.9,-0.47
2008-01-01T12:00:00Z,0.0,68.125,348.125,0.78,-0.21
2008-01-01T12:00:00Z,0.0,68.125,352.125,2.87,0.51
2008-01-01T12:00:00Z,0.0,68.125,356.125,4.97,0.53
2008-01-01T12:00:00Z,0.0,72.125,0.125,3.0,0.97
2008-01-01T12:00:00Z,0.0,72.125,4.125,5.0,1.7
2008-01-01T12:00:00Z,0.0,72.125,8.125,4.79,0.43
2008-01-01T12:00:00Z,0.0,72.125,12.125,5.86,0.82
2008-01-01T12:00:00Z,0.0,72.125,16.125,6.66,1.2
2008-01-01T12:00:00Z,0.0,72.125,20.125,6.2,1.49
2008-01-01T12:00:00Z,0.0,72.125,24.125,6.22,1.61
2008-01-01T12:00:00Z,0.0,72.125,28.125,5.82,1.21
2008-01-01T12:00:00Z,0.0,72.125,32.125,5.11,1.26
2008-01-01T12:00:00Z,0.0,72.125,36.125,4.37,1.61
2008-01-01T12:00:00Z,0.0,72.125,40.125,2.52,0.54
2008-01-01T12:00:00Z,0.0,72.125,44.125,3.26,1.49
2008-01-01T12:00:00Z,0.0,72.125,48.125,3.08,1.73
2008-01-01T12:00:00Z,0.0,72.125,52.125,-1.24,-1.74
2008-01-01T12:00:00Z,0.0,72.125,56.125,-1.33,-0.41
2008-01-01T12:00:00Z,0.0,72.125,60.125,-1.12,0.23
2008-01-01T12:00:00Z,0.0,72.125,64.125,-1.65,-0.06
2008-01-01T12:00:00Z,0.0,72.125,68.125,-1.74,-0.16
2008-01-01T12:00:00Z,0.0,72.125,72.125,NaN,NaN
2008-01-01T12:00:00Z,0.0,72.125,76.125,-1.71,-0.01
2008-01-01T12:00:00Z,0.0,72.125,80.125,NaN,NaN
2008-01-01T12:00:00Z,0.0,72.125,84.125,NaN,NaN
2008-01-01T12:00:00Z,0.0,72.125,88.125,NaN,NaN
2008-01-01T12:00:00Z,0.0,72.125,92.125,NaN,NaN
2008-01-01T12:00:00Z,0.0,72.125,96.125,NaN,NaN
2008-01-01T12:00:00Z,0.0,72.125,100.125,NaN,NaN
2008-01-01T12:00:00Z,0.0,72.125,104.125,NaN,NaN
2008-01-01T12:00:00Z,0.0,72.125,108.125,NaN,NaN
2008-01-01T12:00:00Z,0.0,72.125,112.125,NaN,NaN
2008-01-01T12:00:00Z,0.0,72.125,116.125,NaN,NaN
2008-01-01T12:00:00Z,0.0,72.125,120.125,NaN,NaN
2008-01-01T12:00:00Z,0.0,72.125,124.125,NaN,NaN
2008-01-01T12:00:00Z,0.0,72.125,128.125,NaN,NaN
2008-01-01T12:00:00Z,0.0,72.125,132.125,-1.66,0.11
2008-01-01T12:00:00Z,0.0,72.125,136.125,-1.59,0.21
2008-01-01T12:00:00Z,0.0,72.125,140.125,NaN,NaN
2008-01-01T12:00:00Z,0.0,72.125,144.125,NaN,NaN
2008-01-01T12:00:00Z,0.0,72.125,148.125,NaN,NaN
2008-01-01T12:00:00Z,0.0,72.125,152.125,-1.8,0.0
2008-01-01T12:00:00Z,0.0,72.125,156.125,-1.8,0.0
2008-01-01T12:00:00Z,0.0,72.125,160.125,-1.8,-0.01
2008-01-01T12:00:00Z,0.0,72.125,164.125,-1.8,-0.03
2008-01-01T12:00:00Z,0.0,72.125,168.125,-1.8,-0.01
2008-01-01T12:00:00Z,0.0,72.125,172.125,-1.79,0.0
2008-01-01T12:00:00Z,0.0,72.125,176.125,-1.8,-0.01
2008-01-01T12:00:00Z,0.0,72.125,180.125,-1.78,0.0
2008-01-01T12:00:00Z,0.0,72.125,184.125,-1.74,0.04
2008-01-01T12:00:00Z,0.0,72.125,188.125,-1.75,0.03
2008-01-01T12:00:00Z,0.0,72.125,192.125,-1.74,0.04
2008-01-01T12:00:00Z,0.0,72.125,196.125,-1.72,0.02
2008-01-01T12:00:00Z,0.0,72.125,200.125,-1.7,-0.01
2008-01-01T12:00:00Z,0.0,72.125,204.125,-1.7,0.06
2008-01-01T12:00:00Z,0.0,72.125,208.125,-1.71,0.07
2008-01-01T12:00:00Z,0.0,72.125,212.125,-1.74,0.05
2008-01-01T12:00:00Z,0.0,72.125,216.125,-1.75,0.04
2008-01-01T12:00:00Z,0.0,72.125,220.125,-1.79,0.01
2008-01-01T12:00:00Z,0.0,72.125,224.125,-1.8,0.0
2008-01-01T12:00:00Z,0.0,72.125,228.125,-1.8,0.0
2008-01-01T12:00:00Z,0.0,72.125,232.125,-1.8,0.0
2008-01-01T12:00:00Z,0.0,72.125,236.125,NaN,NaN
2008-01-01T12:00:00Z,0.0,72.125,240.125,-1.74,-0.05
2008-01-01T12:00:00Z,0.0,72.125,244.125,NaN,NaN
2008-01-01T12:00:00Z,0.0,72.125,248.125,NaN,NaN
2008-01-01T12:00:00Z,0.0,72.125,252.125,-1.67,0.13
2008-01-01T12:00:00Z,0.0,72.125,256.125,-1.79,0.01
2008-01-01T12:00:00Z,0.0,72.125,260.125,NaN,NaN
2008-01-01T12:00:00Z,0.0,72.125,264.125,-1.62,0.17
2008-01-01T12:00:00Z,0.0,72.125,268.125,-1.74,0.06
2008-01-01T12:00:00Z,0.0,72.125,272.125,NaN,NaN
2008-01-01T12:00:00Z,0.0,72.125,276.125,NaN,NaN
2008-01-01T12:00:00Z,0.0,72.125,280.125,NaN,NaN
2008-01-01T12:00:00Z,0.0,72.125,284.125,NaN,NaN
2008-01-01T12:00:00Z,0.0,72.125,288.125,-1.8,0.0
2008-01-01T12:00:00Z,0.0,72.125,292.125,-1.8,0.0
2008-01-01T12:00:00Z,0.0,72.125,296.125,-1.8,0.0
2008-01-01T12:00:00Z,0.0,72.125,300.125,-1.77,-0.22
2008-01-01T12:00:00Z,0.0,72.125,304.125,0.12,0.85
2008-01-01T12:00:00Z,0.0,72.125,308.125,NaN,NaN
2008-01-01T12:00:00Z,0.0,72.125,312.125,NaN,NaN
2008-01-01T12:00:00Z,0.0,72.125,316.125,NaN,NaN
2008-01-01T12:00:00Z,0.0,72.125,320.125,NaN,NaN
2008-01-01T12:00:00Z,0.0,72.125,324.125,NaN,NaN
2008-01-01T12:00:00Z,0.0,72.125,328.125,NaN,NaN
2008-01-01T12:00:00Z,0.0,72.125,332.125,NaN,NaN
2008-01-01T12:00:00Z,0.0,72.125,336.125,NaN,NaN
2008-01-01T12:00:00Z,0.0,72.125,340.125,-1.55,-0.46
2008-01-01T12:00:00Z,0.0,72.125,344.125,-0.6,-0.79
2008-01-01T12:00:00Z,0.0,72.125,348.125,0.61,-0.31
2008-01-01T12:00:00Z,0.0,72.125,352.125,1.53,0.32
2008-01-01T12:00:00Z,0.0,72.125,356.125,1.45,-0.11
2008-01-01T12:00:00Z,0.0,76.125,0.125,1.02,-0.15
2008-01-01T12:00:00Z,0.0,76.125,4.125,1.61,-0.67
2008-01-01T12:00:00Z,0.0,76.125,8.125,3.58,1.32
2008-01-01T12:00:00Z,0.0,76.125,12.125,4.42,2.7
2008-01-01T12:00:00Z,0.0,76.125,16.125,4.31,2.81
2008-01-01T12:00:00Z,0.0,76.125,20.125,3.0,2.91
2008-01-01T12:00:00Z,0.0,76.125,24.125,0.95,0.81
2008-01-01T12:00:00Z,0.0,76.125,28.125,-0.94,-1.64
2008-01-01T12:00:00Z,0.0,76.125,32.125,3.43,2.67
2008-01-01T12:00:00Z,0.0,76.125,36.125,2.32,2.04
2008-01-01T12:00:00Z,0.0,76.125,40.125,0.59,0.58
2008-01-01T12:00:00Z,0.0,76.125,44.125,0.5,0.24
2008-01-01T12:00:00Z,0.0,76.125,48.125,1.1,0.76
2008-01-01T12:00:00Z,0.0,76.125,52.125,0.12,0.12
2008-01-01T12:00:00Z,0.0,76.125,56.125,-0.68,-0.43
2008-01-01T12:00:00Z,0.0,76.125,60.125,-0.52,0.59
2008-01-01T12:00:00Z,0.0,76.125,64.125,NaN,NaN
2008-01-01T12:00:00Z,0.0,76.125,68.125,-1.57,0.02
2008-01-01T12:00:00Z,0.0,76.125,72.125,-1.69,0.04
2008-01-01T12:00:00Z,0.0,76.125,76.125,-1.71,0.09
2008-01-01T12:00:00Z,0.0,76.125,80.125,-1.75,0.05
2008-01-01T12:00:00Z,0.0,76.125,84.125,-1.75,0.05
2008-01-01T12:00:00Z,0.0,76.125,88.125,-1.77,0.03
2008-01-01T12:00:00Z,0.0,76.125,92.125,-1.77,0.01
2008-01-01T12:00:00Z,0.0,76.125,96.125,NaN,NaN
2008-01-01T12:00:00Z,0.0,76.125,100.125,NaN,NaN
2008-01-01T12:00:00Z,0.0,76.125,104.125,NaN,NaN
2008-01-01T12:00:00Z,0.0,76.125,108.125,NaN,NaN
2008-01-01T12:00:00Z,0.0,76.125,112.125,NaN,NaN
2008-01-01T12:00:00Z,0.0,76.125,116.125,-1.79,0.0
2008-01-01T12:00:00Z,0.0,76.125,120.125,-1.76,0.04
2008-01-01T12:00:00Z,0.0,76.125,124.125,-1.78,0.02
2008-01-01T12:00:00Z,0.0,76.125,128.125,-1.7,0.1
2008-01-01T12:00:00Z,0.0,76.125,132.125,-1.74,0.06
2008-01-01T12:00:00Z,0.0,76.125,136.125,-1.67,0.13
2008-01-01T12:00:00Z,0.0,76.125,140.125,-1.61,0.19
2008-01-01T12:00:00Z,0.0,76.125,144.125,-1.71,0.09
2008-01-01T12:00:00Z,0.0,76.125,148.125,-1.8,0.0
2008-01-01T12:00:00Z,0.0,76.125,152.125,-1.8,0.0
2008-01-01T12:00:00Z,0.0,76.125,156.125,-1.8,0.0
2008-01-01T12:00:00Z,0.0,76.125,160.125,-1.8,0.0
2008-01-01T12:00:00Z,0.0,76.125,164.125,-1.8,0.0
2008-01-01T12:00:00Z,0.0,76.125,168.125,-1.78,0.02
2008-01-01T12:00:00Z,0.0,76.125,172.125,-1.79,0.01
2008-01-01T12:00:00Z,0.0,76.125,176.125,-1.8,0.0
2008-01-01T12:00:00Z,0.0,76.125,180.125,-1.8,0.0
2008-01-01T12:00:00Z,0.0,76.125,184.125,-1.8,0.0
2008-01-01T12:00:00Z,0.0,76.125,188.125,-1.8,0.0
2008-01-01T12:00:00Z,0.0,76.125,192.125,-1.8,0.0
2008-01-01T12:00:00Z,0.0,76.125,196.125,-1.8,0.0
2008-01-01T12:00:00Z,0.0,76.125,200.125,-1.8,0.0
2008-01-01T12:00:00Z,0.0,76.125,204.125,-1.8,0.0
2008-01-01T12:00:00Z,0.0,76.125,208.125,-1.8,0.0
2008-01-01T12:00:00Z,0.0,76.125,212.125,-1.8,0.0
2008-01-01T12:00:00Z,0.0,76.125,216.125,-1.8,0.0
2008-01-01T12:00:00Z,0.0,76.125,220.125,-1.8,0.0
2008-01-01T12:00:00Z,0.0,76.125,224.125,-1.8,0.0
2008-01-01T12:00:00Z,0.0,76.125,228.125,-1.8,0.0
2008-01-01T12:00:00Z,0.0,76.125,232.125,-1.8,0.0
2008-01-01T12:00:00Z,0.0,76.125,236.125,-1.8,0.0
2008-01-01T12:00:00Z,0.0,76.125,240.125,NaN,NaN
2008-01-01T12:00:00Z,0.0,76.125,244.125,NaN,NaN
2008-01-01T12:00:00Z,0.0,76.125,248.125,-1.73,0.07
2008-01-01T12:00:00Z,0.0,76.125,252.125,-1.71,0.09
2008-01-01T12:00:00Z,0.0,76.125,256.125,NaN,NaN
2008-01-01T12:00:00Z,0.0,76.125,260.125,NaN,NaN
2008-01-01T12:00:00Z,0.0,76.125,264.125,-1.76,0.04
2008-01-01T12:00:00Z,0.0,76.125,268.125,NaN,NaN
2008-01-01T12:00:00Z,0.0,76.125,272.125,-1.7,0.09
2008-01-01T12:00:00Z,0.0,76.125,276.125,-1.74,0.01
2008-01-01T12:00:00Z,0.0,76.125,280.125,-1.45,0.29
2008-01-01T12:00:00Z,0.0,76.125,284.125,-1.44,0.21
2008-01-01T12:00:00Z,0.0,76.125,288.125,-1.33,0.35
2008-01-01T12:00:00Z,0.0,76.125,292.125,NaN,NaN
2008-01-01T12:00:00Z,0.0,76.125,296.125,-0.89,0.82
2008-01-01T12:00:00Z,0.0,76.125,300.125,NaN,NaN
2008-01-01T12:00:00Z,0.0,76.125,304.125,NaN,NaN
2008-01-01T12:00:00Z,0.0,76.125,308.125,NaN,NaN
2008-01-01T12:00:00Z,0.0,76.125,312.125,NaN,NaN
2008-01-01T12:00:00Z,0.0,76.125,316.125,NaN,NaN
2008-01-01T12:00:00Z,0.0,76.125,320.125,NaN,NaN
2008-01-01T12:00:00Z,0.0,76.125,324.125,NaN,NaN
2008-01-01T12:00:00Z,0.0,76.125,328.125,NaN,NaN
2008-01-01T12:00:00Z,0.0,76.125,332.125,NaN,NaN
2008-01-01T12:00:00Z,0.0,76.125,336.125,NaN,NaN
2008-01-01T12:00:00Z,0.0,76.125,340.125,NaN,NaN
2008-01-01T12:00:00Z,0.0,76.125,344.125,-1.71,-0.03
2008-01-01T12:00:00Z,0.0,76.125,348.125,-1.65,-0.54
2008-01-01T12:00:00Z,0.0,76.125,352.125,-0.94,-0.79
2008-01-01T12:00:00Z,0.0,76.125,356.125,1.34,0.69
2008-01-01T12:00:00Z,0.0,80.125,0.125,-1.44,-0.98
2008-01-01T12:00:00Z,0.0,80.125,4.125,0.29,-0.44
2008-01-01T12:00:00Z,0.0,80.125,8.125,0.29,-0.52
2008-01-01T12:00:00Z,0.0,80.125,12.125,0.94,0.34
2008-01-01T12:00:00Z,0.0,80.125,16.125,1.19,0.88
2008-01-01T12:00:00Z,0.0,80.125,20.125,NaN,NaN
2008-01-01T12:00:00Z,0.0,80.125,24.125,NaN,NaN
2008-01-01T12:00:00Z,0.0,80.125,28.125,0.46,1.73
2008-01-01T12:00:00Z,0.0,80.125,32.125,-0.78,0.75
2008-01-01T12:00:00Z,0.0,80.125,36.125,-1.31,0.35
2008-01-01T12:00:00Z,0.0,80.125,40.125,-1.53,0.2
2008-01-01T12:00:00Z,0.0,80.125,44.125,-1.63,0.08
2008-01-01T12:00:00Z,0.0,80.125,48.125,-1.39,0.27
2008-01-01T12:00:00Z,0.0,80.125,52.125,-1.49,0.16
2008-01-01T12:00:00Z,0.0,80.125,56.125,NaN,NaN
2008-01-01T12:00:00Z,0.0,80.125,60.125,-1.56,0.08
2008-01-01T12:00:00Z,0.0,80.125,64.125,-1.64,0.06
2008-01-01T12:00:00Z,0.0,80.125,68.125,-1.73,0.02
2008-01-01T12:00:00Z,0.0,80.125,72.125,-1.67,0.11
2008-01-01T12:00:00Z,0.0,80.125,76.125,-1.71,0.09
2008-01-01T12:00:00Z,0.0,80.125,80.125,-1.74,0.06
2008-01-01T12:00:00Z,0.0,80.125,84.125,-1.76,0.04
2008-01-01T12:00:00Z,0.0,80.125,88.125,-1.79,0.01
2008-01-01T12:00:00Z,0.0,80.125,92.125,-1.73,0.05
2008-01-01T12:00:00Z,0.0,80.125,96.125,NaN,NaN
2008-01-01T12:00:00Z,0.0,80.125,100.125,-1.79,-0.06
2008-01-01T12:00:00Z,0.0,80.125,104.125,-1.8,-0.06
2008-01-01T12:00:00Z,0.0,80.125,108.125,-1.8,-0.02
2008-01-01T12:00:00Z,0.0,80.125,112.125,-1.8,0.0
2008-01-01T12:00:00Z,0.0,80.125,116.125,-1.79,0.01
2008-01-01T12:00:00Z,0.0,80.125,120.125,-1.79,0.01
2008-01-01T12:00:00Z,0.0,80.125,124.125,-1.79,0.01
2008-01-01T12:00:00Z,0.0,80.125,128.125,-1.78,0.02
2008-01-01T12:00:00Z,0.0,80.125,132.125,-1.78,0.02
2008-01-01T12:00:00Z,0.0,80.125,136.125,-1.75,0.05
2008-01-01T12:00:00Z,0.0,80.125,140.125,-1.8,0.0
2008-01-01T12:00:00Z,0.0,80.125,144.125,-1.77,0.03
2008-01-01T12:00:00Z,0.0,80.125,148.125,-1.72,0.08
2008-01-01T12:00:00Z,0.0,80.125,152.125,-1.8,0.0
2008-01-01T12:00:00Z,0.0,80.125,156.125,-1.8,0.0
2008-01-01T12:00:00Z,0.0,80.125,160.125,-1.8,0.0
2008-01-01T12:00:00Z,0.0,80.125,164.125,-1.8,0.0
2008-01-01T12:00:00Z,0.0,80.125,168.125,-1.8,0.0
2008-01-01T12:00:00Z,0.0,80.125,172.125,-1.79,0.01
2008-01-01T12:00:00Z,0.0,80.125,176.125,-1.8,0.0
2008-01-01T12:00:00Z,0.0,80.125,180.125,-1.8,0.0
2008-01-01T12:00:00Z,0.0,80.125,184.125,-1.8,0.0
2008-01-01T12:00:00Z,0.0,80.125,188.125,-1.8,0.0
2008-01-01T12:00:00Z,0.0,80.125,192.125,-1.8,0.0
2008-01-01T12:00:00Z,0.0,80.125,196.125,-1.8,0.0
2008-01-01T12:00:00Z,0.0,80.125,200.125,-1.8,0.0
2008-01-01T12:00:00Z,0.0,80.125,204.125,-1.8,0.0
2008-01-01T12:00:00Z,0.0,80.125,208.125,-1.8,0.0
2008-01-01T12:00:00Z,0.0,80.125,212.125,-1.8,0.0
2008-01-01T12:00:00Z,0.0,80.125,216.125,-1.8,0.0
2008-01-01T12:00:00Z,0.0,80.125,220.125,-1.8,0.0
2008-01-01T12:00:00Z,0.0,80.125,224.125,-1.8,0.0
2008-01-01T12:00:00Z,0.0,80.125,228.125,-1.8,0.0
2008-01-01T12:00:00Z,0.0,80.125,232.125,-1.8,0.0
2008-01-01T12:00:00Z,0.0,80.125,236.125,-1.8,0.0
2008-01-01T12:00:00Z,0.0,80.125,240.125,-1.8,0.0
2008-01-01T12:00:00Z,0.0,80.125,244.125,-1.8,0.0
2008-01-01T12:00:00Z,0.0,80.125,248.125,-1.8,0.0
2008-01-01T12:00:00Z,0.0,80.125,252.125,-1.8,0.0
2008-01-01T12:00:00Z,0.0,80.125,256.125,-1.8,-0.01
2008-01-01T12:00:00Z,0.0,80.125,260.125,-1.79,0.0
2008-01-01T12:00:00Z,0.0,80.125,264.125,NaN,NaN
2008-01-01T12:00:00Z,0.0,80.125,268.125,NaN,NaN
2008-01-01T12:00:00Z,0.0,80.125,272.125,NaN,NaN
2008-01-01T12:00:00Z,0.0,80.125,276.125,NaN,NaN
2008-01-01T12:00:00Z,0.0,80.125,280.125,NaN,NaN
2008-01-01T12:00:00Z,0.0,80.125,284.125,NaN,NaN
2008-01-01T12:00:00Z,0.0,80.125,288.125,NaN,NaN
2008-01-01T12:00:00Z,0.0,80.125,292.125,-0.77,1.0
2008-01-01T12:00:00Z,0.0,80.125,296.125,NaN,NaN
2008-01-01T12:00:00Z,0.0,80.125,300.125,NaN,NaN
2008-01-01T12:00:00Z,0.0,80.125,304.125,NaN,NaN
2008-01-01T12:00:00Z,0.0,80.125,308.125,NaN,NaN
2008-01-01T12:00:00Z,0.0,80.125,312.125,NaN,NaN
2008-01-01T12:00:00Z,0.0,80.125,316.125,NaN,NaN
2008-01-01T12:00:00Z,0.0,80.125,320.125,NaN,NaN
2008-01-01T12:00:00Z,0.0,80.125,324.125,NaN,NaN
2008-01-01T12:00:00Z,0.0,80.125,328.125,NaN,NaN
2008-01-01T12:00:00Z,0.0,80.125,332.125,NaN,NaN
2008-01-01T12:00:00Z,0.0,80.125,336.125,NaN,NaN
2008-01-01T12:00:00Z,0.0,80.125,340.125,NaN,NaN
2008-01-01T12:00:00Z,0.0,80.125,344.125,-1.4,0.31
2008-01-01T12:00:00Z,0.0,80.125,348.125,-1.53,0.22
2008-01-01T12:00:00Z,0.0,80.125,352.125,-1.58,0.19
2008-01-01T12:00:00Z,0.0,80.125,356.125,-1.66,-0.18
2008-01-01T12:00:00Z,0.0,84.125,0.125,-1.35,0.45
2008-01-01T12:00:00Z,0.0,84.125,4.125,-1.32,0.48
2008-01-01T12:00:00Z,0.0,84.125,8.125,-1.32,0.47
2008-01-01T12:00:00Z,0.0,84.125,12.125,-1.27,0.49
2008-01-01T12:00:00Z,0.0,84.125,16.125,-1.24,0.48
2008-01-01T12:00:00Z,0.0,84.125,20.125,-1.25,0.47
2008-01-01T12:00:00Z,0.0,84.125,24.125,-1.26,0.46
2008-01-01T12:00:00Z,0.0,84.125,28.125,-1.31,0.44
2008-01-01T12:00:00Z,0.0,84.125,32.125,-1.34,0.42
2008-01-01T12:00:00Z,0.0,84.125,36.125,-1.38,0.39
2008-01-01T12:00:00Z,0.0,84.125,40.125,-1.45,0.33
2008-01-01T12:00:00Z,0.0,84.125,44.125,-1.56,0.22
2008-01-01T12:00:00Z,0.0,84.125,48.125,-1.6,0.16
2008-01-01T12:00:00Z,0.0,84.125,52.125,-1.63,0.12
2008-01-01T12:00:00Z,0.0,84.125,56.125,-1.68,0.07
2008-01-01T12:00:00Z,0.0,84.125,60.125,-1.71,0.05
2008-01-01T12:00:00Z,0.0,84.125,64.125,-1.72,0.06
2008-01-01T12:00:00Z,0.0,84.125,68.125,-1.74,0.06
2008-01-01T12:00:00Z,0.0,84.125,72.125,-1.76,0.04
2008-01-01T12:00:00Z,0.0,84.125,76.125,-1.76,0.04
2008-01-01T12:00:00Z,0.0,84.125,80.125,-1.76,0.04
2008-01-01T12:00:00Z,0.0,84.125,84.125,-1.78,0.02
2008-01-01T12:00:00Z,0.0,84.125,88.125,-1.79,0.01
2008-01-01T12:00:00Z,0.0,84.125,92.125,-1.8,0.0
2008-01-01T12:00:00Z,0.0,84.125,96.125,-1.8,0.0
2008-01-01T12:00:00Z,0.0,84.125,100.125,-1.8,0.0
2008-01-01T12:00:00Z,0.0,84.125,104.125,-1.8,0.0
2008-01-01T12:00:00Z,0.0,84.125,108.125,-1.8,0.0
2008-01-01T12:00:00Z,0.0,84.125,112.125,-1.79,0.01
2008-01-01T12:00:00Z,0.0,84.125,116.125,-1.77,0.03
2008-01-01T12:00:00Z,0.0,84.125,120.125,-1.76,0.04
2008-01-01T12:00:00Z,0.0,84.125,124.125,-1.76,0.04
2008-01-01T12:00:00Z,0.0,84.125,128.125,-1.78,0.02
2008-01-01T12:00:00Z,0.0,84.125,132.125,-1.77,0.03
2008-01-01T12:00:00Z,0.0,84.125,136.125,-1.76,0.04
2008-01-01T12:00:00Z,0.0,84.125,140.125,-1.76,0.04
2008-01-01T12:00:00Z,0.0,84.125,144.125,-1.74,0.06
2008-01-01T12:00:00Z,0.0,84.125,148.125,-1.75,0.05
2008-01-01T12:00:00Z,0.0,84.125,152.125,-1.75,0.05
2008-01-01T12:00:00Z,0.0,84.125,156.125,-1.77,0.03
2008-01-01T12:00:00Z,0.0,84.125,160.125,-1.76,0.04
2008-01-01T12:00:00Z,0.0,84.125,164.125,-1.78,0.02
2008-01-01T12:00:00Z,0.0,84.125,168.125,-1.79,0.01
2008-01-01T12:00:00Z,0.0,84.125,172.125,-1.79,0.01
2008-01-01T12:00:00Z,0.0,84.125,176.125,-1.79,0.01
2008-01-01T12:00:00Z,0.0,84.125,180.125,-1.8,0.0
2008-01-01T12:00:00Z,0.0,84.125,184.125,-1.79,0.01
2008-01-01T12:00:00Z,0.0,84.125,188.125,-1.78,0.02
2008-01-01T12:00:00Z,0.0,84.125,192.125,-1.8,0.0
2008-01-01T12:00:00Z,0.0,84.125,196.125,-1.8,0.0
2008-01-01T12:00:00Z,0.0,84.125,200.125,-1.8,0.0
2008-01-01T12:00:00Z,0.0,84.125,204.125,-1.8,0.0
2008-01-01T12:00:00Z,0.0,84.125,208.125,-1.79,0.01
2008-01-01T12:00:00Z,0.0,84.125,212.125,-1.77,0.03
2008-01-01T12:00:00Z,0.0,84.125,216.125,-1.78,0.02
2008-01-01T12:00:00Z,0.0,84.125,220.125,-1.79,0.01
2008-01-01T12:00:00Z,0.0,84.125,224.125,-1.8,0.0
2008-01-01T12:00:00Z,0.0,84.125,228.125,-1.8,0.0
2008-01-01T12:00:00Z,0.0,84.125,232.125,-1.8,0.0
2008-01-01T12:00:00Z,0.0,84.125,236.125,-1.8,0.0
2008-01-01T12:00:00Z,0.0,84.125,240.125,-1.8,0.0
2008-01-01T12:00:00Z,0.0,84.125,244.125,-1.8,0.0
2008-01-01T12:00:00Z,0.0,84.125,248.125,-1.8,0.0
2008-01-01T12:00:00Z,0.0,84.125,252.125,-1.79,0.01
2008-01-01T12:00:00Z,0.0,84.125,256.125,-1.79,0.01
2008-01-01T12:00:00Z,0.0,84.125,260.125,-1.78,0.02
2008-01-01T12:00:00Z,0.0,84.125,264.125,-1.77,0.03
2008-01-01T12:00:00Z,0.0,84.125,268.125,-1.74,0.06
2008-01-01T12:00:00Z,0.0,84.125,272.125,-1.74,0.06
2008-01-01T12:00:00Z,0.0,84.125,276.125,-1.76,0.04
2008-01-01T12:00:00Z,0.0,84.125,280.125,-1.77,0.02
2008-01-01T12:00:00Z,0.0,84.125,284.125,-1.74,0.05
2008-01-01T12:00:00Z,0.0,84.125,288.125,-1.76,0.04
2008-01-01T12:00:00Z,0.0,84.125,292.125,-1.75,0.05
2008-01-01T12:00:00Z,0.0,84.125,296.125,-1.72,0.07
2008-01-01T12:00:00Z,0.0,84.125,300.125,-1.71,0.09
2008-01-01T12:00:00Z,0.0,84.125,304.125,-1.7,0.1
2008-01-01T12:00:00Z,0.0,84.125,308.125,-1.69,0.11
2008-01-01T12:00:00Z,0.0,84.125,312.125,-1.62,0.18
2008-01-01T12:00:00Z,0.0,84.125,316.125,-1.62,0.18
2008-01-01T12:00:00Z,0.0,84.125,320.125,-1.62,0.18
2008-01-01T12:00:00Z,0.0,84.125,324.125,-1.62,0.17
2008-01-01T12:00:00Z,0.0,84.125,328.125,-1.61,0.17
2008-01-01T12:00:00Z,0.0,84.125,332.125,-1.61,0.18
2008-01-01T12:00:00Z,0.0,84.125,336.125,-1.63,0.16
2008-01-01T12:00:00Z,0.0,84.125,340.125,-1.65,0.15
2008-01-01T12:00:00Z,0.0,84.125,344.125,-1.62,0.18
2008-01-01T12:00:00Z,0.0,84.125,348.125,-1.57,0.22
2008-01-01T12:00:00Z,0.0,84.125,352.125,-1.5,0.3
2008-01-01T12:00:00Z,0.0,84.125,356.125,-1.43,0.37
2008-01-01T12:00:00Z,0.0,88.125,0.125,-1.65,0.15
2008-01-01T12:00:00Z,0.0,88.125,4.125,-1.65,0.15
2008-01-01T12:00:00Z,0.0,88.125,8.125,-1.65,0.14
2008-01-01T12:00:00Z,0.0,88.125,12.125,-1.64,0.14
2008-01-01T12:00:00Z,0.0,88.125,16.125,-1.63,0.15
2008-01-01T12:00:00Z,0.0,88.125,20.125,-1.64,0.15
2008-01-01T12:00:00Z,0.0,88.125,24.125,-1.64,0.15
2008-01-01T12:00:00Z,0.0,88.125,28.125,-1.64,0.15
2008-01-01T12:00:00Z,0.0,88.125,32.125,-1.64,0.15
2008-01-01T12:00:00Z,0.0,88.125,36.125,-1.65,0.15
2008-01-01T12:00:00Z,0.0,88.125,40.125,-1.65,0.15
2008-01-01T12:00:00Z,0.0,88.125,44.125,-1.67,0.13
2008-01-01T12:00:00Z,0.0,88.125,48.125,-1.68,0.12
2008-01-01T12:00:00Z,0.0,88.125,52.125,-1.68,0.12
2008-01-01T12:00:00Z,0.0,88.125,56.125,-1.69,0.11
2008-01-01T12:00:00Z,0.0,88.125,60.125,-1.69,0.11
2008-01-01T12:00:00Z,0.0,88.125,64.125,-1.69,0.11
2008-01-01T12:00:00Z,0.0,88.125,68.125,-1.69,0.11
2008-01-01T12:00:00Z,0.0,88.125,72.125,-1.7,0.1
2008-01-01T12:00:00Z,0.0,88.125,76.125,-1.7,0.1
2008-01-01T12:00:00Z,0.0,88.125,80.125,-1.7,0.1
2008-01-01T12:00:00Z,0.0,88.125,84.125,-1.7,0.1
2008-01-01T12:00:00Z,0.0,88.125,88.125,-1.7,0.1
2008-01-01T12:00:00Z,0.0,88.125,92.125,-1.7,0.1
2008-01-01T12:00:00Z,0.0,88.125,96.125,-1.7,0.1
2008-01-01T12:00:00Z,0.0,88.125,100.125,-1.7,0.1
2008-01-01T12:00:00Z,0.0,88.125,104.125,-1.7,0.1
2008-01-01T12:00:00Z,0.0,88.125,108.125,-1.7,0.1
2008-01-01T12:00:00Z,0.0,88.125,112.125,-1.7,0.1
2008-01-01T12:00:00Z,0.0,88.125,116.125,-1.7,0.1
2008-01-01T12:00:00Z,0.0,88.125,120.125,-1.7,0.1
2008-01-01T12:00:00Z,0.0,88.125,124.125,-1.7,0.1
2008-01-01T12:00:00Z,0.0,88.125,128.125,-1.7,0.1
2008-01-01T12:00:00Z,0.0,88.125,132.125,-1.7,0.1
2008-01-01T12:00:00Z,0.0,88.125,136.125,-1.7,0.1
2008-01-01T12:00:00Z,0.0,88.125,140.125,-1.7,0.1
2008-01-01T12:00:00Z,0.0,88.125,144.125,-1.69,0.11
2008-01-01T12:00:00Z,0.0,88.125,148.125,-1.69,0.11
2008-01-01T12:00:00Z,0.0,88.125,152.125,-1.69,0.11
2008-01-01T12:00:00Z,0.0,88.125,156.125,-1.7,0.1
2008-01-01T12:00:00Z,0.0,88.125,160.125,-1.7,0.1
2008-01-01T12:00:00Z,0.0,88.125,164.125,-1.7,0.1
2008-01-01T12:00:00Z,0.0,88.125,168.125,-1.7,0.1
2008-01-01T12:00:00Z,0.0,88.125,172.125,-1.7,0.1
2008-01-01T12:00:00Z,0.0,88.125,176.125,-1.7,0.1
2008-01-01T12:00:00Z,0.0,88.125,180.125,-1.7,0.1
2008-01-01T12:00:00Z,0.0,88.125,184.125,-1.7,0.1
2008-01-01T12:00:00Z,0.0,88.125,188.125,-1.7,0.1
2008-01-01T12:00:00Z,0.0,88.125,192.125,-1.7,0.1
2008-01-01T12:00:00Z,0.0,88.125,196.125,-1.7,0.1
2008-01-01T12:00:00Z,0.0,88.125,200.125,-1.7,0.1
2008-01-01T12:00:00Z,0.0,88.125,204.125,-1.7,0.1
2008-01-01T12:00:00Z,0.0,88.125,208.125,-1.7,0.1
2008-01-01T12:00:00Z,0.0,88.125,212.125,-1.7,0.1
2008-01-01T12:00:00Z,0.0,88.125,216.125,-1.7,0.1
2008-01-01T12:00:00Z,0.0,88.125,220.125,-1.7,0.1
2008-01-01T12:00:00Z,0.0,88.125,224.125,-1.7,0.1
2008-01-01T12:00:00Z,0.0,88.125,228.125,-1.7,0.1
2008-01-01T12:00:00Z,0.0,88.125,232.125,-1.7,0.1
2008-01-01T12:00:00Z,0.0,88.125,236.125,-1.7,0.1
2008-01-01T12:00:00Z,0.0,88.125,240.125,-1.7,0.1
2008-01-01T12:00:00Z,0.0,88.125,244.125,-1.7,0.1
2008-01-01T12:00:00Z,0.0,88.125,248.125,-1.7,0.1
2008-01-01T12:00:00Z,0.0,88.125,252.125,-1.7,0.1
2008-01-01T12:00:00Z,0.0,88.125,256.125,-1.7,0.1
2008-01-01T12:00:00Z,0.0,88.125,260.125,-1.7,0.1
2008-01-01T12:00:00Z,0.0,88.125,264.125,-1.7,0.1
2008-01-01T12:00:00Z,0.0,88.125,268.125,-1.69,0.11
2008-01-01T12:00:00Z,0.0,88.125,272.125,-1.69,0.11
2008-01-01T12:00:00Z,0.0,88.125,276.125,-1.7,0.1
2008-01-01T12:00:00Z,0.0,88.125,280.125,-1.7,0.1
2008-01-01T12:00:00Z,0.0,88.125,284.125,-1.7,0.1
2008-01-01T12:00:00Z,0.0,88.125,288.125,-1.7,0.1
2008-01-01T12:00:00Z,0.0,88.125,292.125,-1.69,0.11
2008-01-01T12:00:00Z,0.0,88.125,296.125,-1.69,0.11
2008-01-01T12:00:00Z,0.0,88.125,300.125,-1.69,0.11
2008-01-01T12:00:00Z,0.0,88.125,304.125,-1.69,0.11
2008-01-01T12:00:00Z,0.0,88.125,308.125,-1.69,0.11
2008-01-01T12:00:00Z,0.0,88.125,312.125,-1.68,0.12
2008-01-01T12:00:00Z,0.0,88.125,316.125,-1.68,0.12
2008-01-01T12:00:00Z,0.0,88.125,320.125,-1.68,0.12
2008-01-01T12:00:00Z,0.0,88.125,324.125,-1.68,0.12
2008-01-01T12:00:00Z,0.0,88.125,328.125,-1.68,0.12
2008-01-01T12:00:00Z,0.0,88.125,332.125,-1.68,0.12
2008-01-01T12:00:00Z,0.0,88.125,336.125,-1.68,0.12
2008-01-01T12:00:00Z,0.0,88.125,340.125,-1.68,0.12
2008-01-01T12:00:00Z,0.0,88.125,344.125,-1.68,0.12
2008-01-01T12:00:00Z,0.0,88.125,348.125,-1.67,0.13
2008-01-01T12:00:00Z,0.0,88.125,352.125,-1.66,0.14
2008-01-01T12:00:00Z,0.0,88.125,356.125,-1.65,0.15
