2024-09-01T12:00:00Z,0.0,-87.875,0.125,NaN,NaN
2024-09-01T12:00:00Z,0.0,-87.875,4.125,NaN,NaN
2024-09-01T12:00:00Z,0.0,-87.875,8.125,NaN,NaN
2024-09-01T12:00:00Z,0.0,-87.875,12.125,NaN,NaN
2024-09-01T12:00:00Z,0.0,-87.875,16.125,NaN,NaN
2024-09-01T12:00:00Z,0.0,-87.875,20.125,NaN,NaN
2024-09-01T12:00:00Z,0.0,-87.875,24.125,NaN,NaN
2024-09-01T12:00:00Z,0.0,-87.875,28.125,NaN,NaN
2024-09-01T12:00:00Z,0.0,-87.875,32.125,NaN,NaN
2024-09-01T12:00:00Z,0.0,-87.875,36.125,NaN,NaN
2024-09-01T12:00:00Z,0.0,-87.875,40.125,NaN,NaN
2024-09-01T12:00:00Z,0.0,-87.875,44.125,NaN,NaN
2024-09-01T12:00:00Z,0.0,-87.875,48.125,NaN,NaN
2024-09-01T12:00:00Z,0.0,-87.875,52.125,NaN,NaN
2024-09-01T12:00:00Z,0.0,-87.875,56.125,NaN,NaN
2024-09-01T12:00:00Z,0.0,-87.875,60.125,NaN,NaN
2024-09-01T12:00:00Z,0.0,-87.875,64.125,NaN,NaN
2024-09-01T12:00:00Z,0.0,-87.875,68.125,NaN,NaN
2024-09-01T12:00:00Z,0.0,-87.875,72.125,NaN,NaN
2024-09-01T12:00:00Z,0.0,-87.875,76.125,NaN,NaN
2024-09-01T12:00:00Z,0.0,-87.875,80.125,NaN,NaN
2024-09-01T12:00:00Z,0.0,-87.875,84.125,NaN,NaN
2024-09-01T12:00:00Z,0.0,-87.875,88.125,NaN,NaN
2024-09-01T12:00:00Z,0.0,-87.875,92.125,NaN,NaN
2024-09-01T12:00:00Z,0.0,-87.875,96.125,NaN,NaN
2024-09-01T12:00:00Z,0.0,-87.875,100.125,NaN,NaN
2024-09-01T12:00:00Z,0.0,-87.875,104.125,NaN,NaN
2024-09-01T12:00:00Z,0.0,-87.875,108.125,NaN,NaN
2024-09-01T12:00:00Z,0.0,-87.875,112.125,NaN,NaN
2024-09-01T12:00:00Z,0.0,-87.875,116.125,NaN,NaN
2024-09-01T12:00:00Z,0.0,-87.875,120.125,NaN,NaN
2024-09-01T12:00:00Z,0.0,-87.875,124.125,NaN,NaN
2024-09-01T12:00:00Z,0.0,-87.875,128.125,NaN,NaN
2024-09-01T12:00:00Z,0.0,-87.875,132.125,NaN,NaN
2024-09-01T12:00:00Z,0.0,-87.875,136.125,NaN,NaN
2024-09-01T12:00:00Z,0.0,-87.875,140.125,NaN,NaN
2024-09-01T12:00:00Z,0.0,-87.875,144.125,NaN,NaN
2024-09-01T12:00:00Z,0.0,-87.875,148.125,NaN,NaN
2024-09-01T12:00:00Z,0.0,-87.875,152.125,NaN,NaN
2024-09-01T12:00:00Z,0.0,-87.875,156.125,NaN,NaN
2024-09-01T12:00:00Z,0.0,-87.875,160.125,NaN,NaN
2024-09-01T12:00:00Z,0.0,-87.875,164.125,NaN,NaN
2024-09-01T12:00:00Z,0.0,-87.875,168.125,NaN,NaN
2024-09-01T12:00:00Z,0.0,-87.875,172.125,NaN,NaN
2024-09-01T12:00:00Z,0.0,-87.875,176.125,NaN,NaN
2024-09-01T12:00:00Z,0.0,-87.875,180.125,NaN,NaN
2024-09-01T12:00:00Z,0.0,-87.875,184.125,NaN,NaN
2024-09-01T12:00:00Z,0.0,-87.875,188.125,NaN,NaN
2024-09-01T12:00:00Z,0.0,-87.875,192.125,NaN,NaN
2024-09-01T12:00:00Z,0.0,-87.875,196.125,NaN,NaN
2024-09-01T12:00:00Z,0.0,-87.875,200.125,NaN,NaN
2024-09-01T12:00:00Z,0.0,-87.875,204.125,NaN,NaN
2024-09-01T12:00:00Z,0.0,-87.875,208.125,NaN,NaN
2024-09-01T12:00:00Z,0.0,-87.875,212.125,NaN,NaN
2024-09-01T12:00:00Z,0.0,-87.875,216.125,NaN,NaN
2024-09-01T12:00:00Z,0.0,-87.875,220.125,NaN,NaN
2024-09-01T12:00:00Z,0.0,-87.875,224.125,NaN,NaN
2024-09-01T12:00:00Z,0.0,-87.875,228.125,NaN,NaN
2024-09-01T12:00:00Z,0.0,-87.875,232.125,NaN,NaN
2024-09-01T12:00:00Z,0.0,-87.875,236.125,NaN,NaN
2024-09-01T12:00:00Z,0.0,-87.875,240.125,NaN,NaN
2024-09-01T12:00:00Z,0.0,-87.875,244.125,NaN,NaN
2024-09-01T12:00:00Z,0.0,-87.875,248.125,NaN,NaN
2024-09-01T12:00:00Z,0.0,-87.875,252.125,NaN,NaN
2024-09-01T12:00:00Z,0.0,-87.875,256.125,NaN,NaN
2024-09-01T12:00:00Z,0.0,-87.875,260.125,NaN,NaN
2024-09-01T12:00:00Z,0.0,-87.875,264.125,NaN,NaN
2024-09-01T12:00:00Z,0.0,-87.875,268.125,NaN,NaN
2024-09-01T12:00:00Z,0.0,-87.875,272.125,NaN,NaN
2024-09-01T12:00:00Z,0.0,-87.875,276.125,NaN,NaN
2024-09-01T12:00:00Z,0.0,-87.875,280.125,NaN,NaN
2024-09-01T12:00:00Z,0.0,-87.875,284.125,NaN,NaN
2024-09-01T12:00:00Z,0.0,-87.875,288.125,NaN,NaN
2024-09-01T12:00:00Z,0.0,-87.875,292.125,NaN,NaN
2024-09-01T12:00:00Z,0.0,-87.875,296.125,NaN,NaN
2024-09-01T12:00:00Z,0.0,-87.875,300.125,NaN,NaN
2024-09-01T12:00:00Z,0.0,-87.875,304.125,NaN,NaN
2024-09-01T12:00:00Z,0.0,-87.875,308.125,NaN,NaN
2024-09-01T12:00:00Z,0.0,-87.875,312.125,NaN,NaN
2024-09-01T12:00:00Z,0.0,-87.875,316.125,NaN,NaN
2024-09-01T12:00:00Z,0.0,-87.875,320.125,NaN,NaN
2024-09-01T12:00:00Z,0.0,-87.875,324.125,NaN,NaN
2024-09-01T12:00:00Z,0.0,-87.875,328.125,NaN,NaN
2024-09-01T12:00:00Z,0.0,-87.875,332.125,NaN,NaN
2024-09-01T12:00:00Z,0.0,-87.875,336.125,NaN,NaN
2024-09-01T12:00:00Z,0.0,-87.875,340.125,NaN,NaN
2024-09-01T12:00:00Z,0.0,-87.875,344.125,NaN,NaN
2024-09-01T12:00:00Z,0.0,-87.875,348.125,NaN,NaN
2024-09-01T12:00:00Z,0.0,-87.875,352.125,NaN,NaN
2024-09-01T12:00:00Z,0.0,-87.875,356.125,NaN,NaN
2024-09-01T12:00:00Z,0.0,-83.875,0.125,NaN,NaN
2024-09-01T12:00:00Z,0.0,-83.875,4.125,NaN,NaN
2024-09-01T12:00:00Z,0.0,-83.875,8.125,NaN,NaN
2024-09-01T12:00:00Z,0.0,-83.875,12.125,NaN,NaN
2024-09-01T12:00:00Z,0.0,-83.875,16.125,NaN,NaN
2024-09-01T12:00:00Z,0.0,-83.875,20.125,NaN,NaN
2024-09-01T12:00:00Z,0.0,-83.875,24.125,NaN,NaN
2024-09-01T12:00:00Z,0.0,-83.875,28.125,NaN,NaN
2024-09-01T12:00:00Z,0.0,-83.875,32.125,NaN,NaN
2024-09-01T12:00:00Z,0.0,-83.875,36.125,NaN,NaN
2024-09-01T12:00:00Z,0.0,-83.875,40.125,NaN,NaN
2024-09-01T12:00:00Z,0.0,-83.875,44.125,NaN,NaN
2024-09-01T12:00:00Z,0.0,-83.875,48.125,NaN,NaN
2024-09-01T12:00:00Z,0.0,-83.875,52.125,NaN,NaN
2024-09-01T12:00:00Z,0.0,-83.875,56.125,NaN,NaN
2024-09-01T12:00:00Z,0.0,-83.875,60.125,NaN,NaN
2024-09-01T12:00:00Z,0.0,-83.875,64.125,NaN,NaN
2024-09-01T12:00:00Z,0.0,-83.875,68.125,NaN,NaN
2024-09-01T12:00:00Z,0.0,-83.875,72.125,NaN,NaN
2024-09-01T12:00:00Z,0.0,-83.875,76.125,NaN,NaN
2024-09-01T12:00:00Z,0.0,-83.875,80.125,NaN,NaN
2024-09-01T12:00:00Z,0.0,-83.875,84.125,NaN,NaN
2024-09-01T12:00:00Z,0.0,-83.875,88.125,NaN,NaN
2024-09-01T12:00:00Z,0.0,-83.875,92.125,NaN,NaN
2024-09-01T12:00:00Z,0.0,-83.875,96.125,NaN,NaN
2024-09-01T12:00:00Z,0.0,-83.875,100.125,NaN,NaN
2024-09-01T12:00:00Z,0.0,-83.875,104.125,NaN,NaN
2024-09-01T12:00:00Z,0.0,-83.875,108.125,NaN,NaN
2024-09-01T12:00:00Z,0.0,-83.875,112.125,NaN,NaN
2024-09-01T12:00:00Z,0.0,-83.875,116.125,NaN,NaN
2024-09-01T12:00:00Z,0.0,-83.875,120.125,NaN,NaN
2024-09-01T12:00:00Z,0.0,-83.875,124.125,NaN,NaN
2024-09-01T12:00:00Z,0.0,-83.875,128.125,NaN,NaN
2024-09-01T12:00:00Z,0.0,-83.875,132.125,NaN,NaN
2024-09-01T12:00:00Z,0.0,-83.875,136.125,NaN,NaN
2024-09-01T12:00:00Z,0.0,-83.875,140.125,NaN,NaN
2024-09-01T12:00:00Z,0.0,-83.875,144.125,NaN,NaN
2024-09-01T12:00:00Z,0.0,-83.875,148.125,NaN,NaN
2024-09-01T12:00:00Z,0.0,-83.875,152.125,NaN,NaN
2024-09-01T12:00:00Z,0.0,-83.875,156.125,NaN,NaN
2024-09-01T12:00:00Z,0.0,-83.875,160.125,NaN,NaN
2024-09-01T12:00:00Z,0.0,-83.875,164.125,NaN,NaN
2024-09-01T12:00:00Z,0.0,-83.875,168.125,NaN,NaN
2024-09-01T12:00:00Z,0.0,-83.875,172.125,NaN,NaN
2024-09-01T12:00:00Z,0.0,-83.875,176.125,NaN,NaN
2024-09-01T12:00:00Z,0.0,-83.875,180.125,NaN,NaN
2024-09-01T12:00:00Z,0.0,-83.875,184.125,NaN,NaN
2024-09-01T12:00:00Z,0.0,-83.875,188.125,NaN,NaN
2024-09-01T12:00:00Z,0.0,-83.875,192.125,NaN,NaN
2024-09-01T12:00:00Z,0.0,-83.875,196.125,NaN,NaN
2024-09-01T12:00:00Z,0.0,-83.875,200.125,NaN,NaN
2024-09-01T12:00:00Z,0.0,-83.875,204.125,NaN,NaN
2024-09-01T12:00:00Z,0.0,-83.875,208.125,NaN,NaN
2024-09-01T12:00:00Z,0.0,-83.875,212.125,NaN,NaN
2024-09-01T12:00:00Z,0.0,-83.875,216.125,NaN,NaN
2024-09-01T12:00:00Z,0.0,-83.875,220.125,NaN,NaN
2024-09-01T12:00:00Z,0.0,-83.875,224.125,NaN,NaN
2024-09-01T12:00:00Z,0.0,-83.875,228.125,NaN,NaN
2024-09-01T12:00:00Z,0.0,-83.875,232.125,NaN,NaN
2024-09-01T12:00:00Z,0.0,-83.875,236.125,NaN,NaN
2024-09-01T12:00:00Z,0.0,-83.875,240.125,NaN,NaN
2024-09-01T12:00:00Z,0.0,-83.875,244.125,NaN,NaN
2024-09-01T12:00:00Z,0.0,-83.875,248.125,NaN,NaN
2024-09-01T12:00:00Z,0.0,-83.875,252.125,NaN,NaN
2024-09-01T12:00:00Z,0.0,-83.875,256.125,NaN,NaN
2024-09-01T12:00:00Z,0.0,-83.875,260.125,NaN,NaN
2024-09-01T12:00:00Z,0.0,-83.875,264.125,NaN,NaN
2024-09-01T12:00:00Z,0.0,-83.875,268.125,NaN,NaN
2024-09-01T12:00:00Z,0.0,-83.875,272.125,NaN,NaN
2024-09-01T12:00:00Z,0.0,-83.875,276.125,NaN,NaN
2024-09-01T12:00:00Z,0.0,-83.875,280.125,NaN,NaN
2024-09-01T12:00:00Z,0.0,-83.875,284.125,NaN,NaN
2024-09-01T12:00:00Z,0.0,-83.875,288.125,NaN,NaN
2024-09-01T12:00:00Z,0.0,-83.875,292.125,NaN,NaN
2024-09-01T12:00:00Z,0.0,-83.875,296.125,NaN,NaN
2024-09-01T12:00:00Z,0.0,-83.875,300.125,NaN,NaN
2024-09-01T12:00:00Z,0.0,-83.875,304.125,NaN,NaN
2024-09-01T12:00:00Z,0.0,-83.875,308.125,NaN,NaN
2024-09-01T12:00:00Z,0.0,-83.875,312.125,NaN,NaN
2024-09-01T12:00:00Z,0.0,-83.875,316.125,NaN,NaN
2024-09-01T12:00:00Z,0.0,-83.875,320.125,NaN,NaN
2024-09-01T12:00:00Z,0.0,-83.875,324.125,NaN,NaN
2024-09-01T12:00:00Z,0.0,-83.875,328.125,NaN,NaN
2024-09-01T12:00:00Z,0.0,-83.875,332.125,NaN,NaN
2024-09-01T12:00:00Z,0.0,-83.875,336.125,NaN,NaN
2024-09-01T12:00:00Z,0.0,-83.875,340.125,NaN,NaN
2024-09-01T12:00:00Z,0.0,-83.875,344.125,NaN,NaN
2024-09-01T12:00:00Z,0.0,-83.875,348.125,NaN,NaN
2024-09-01T12:00:00Z,0.0,-83.875,352.125,NaN,NaN
2024-09-01T12:00:00Z,0.0,-83.875,356.125,NaN,NaN
2024-09-01T12:00:00Z,0.0,-79.875,0.125,NaN,NaN
2024-09-01T12:00:00Z,0.0,-79.875,4.125,NaN,NaN
2024-09-01T12:00:00Z,0.0,-79.875,8.125,NaN,NaN
2024-09-01T12:00:00Z,0.0,-79.875,12.125,NaN,NaN
2024-09-01T12:00:00Z,0.0,-79.875,16.125,NaN,NaN
2024-09-01T12:00:00Z,0.0,-79.875,20.125,NaN,NaN
2024-09-01T12:00:00Z,0.0,-79.875,24.125,NaN,NaN
2024-09-01T12:00:00Z,0.0,-79.875,28.125,NaN,NaN
2024-09-01T12:00:00Z,0.0,-79.875,32.125,NaN,NaN
2024-09-01T12:00:00Z,0.0,-79.875,36.125,NaN,NaN
2024-09-01T12:00:00Z,0.0,-79.875,40.125,NaN,NaN
2024-09-01T12:00:00Z,0.0,-79.875,44.125,NaN,NaN
2024-09-01T12:00:00Z,0.0,-79.875,48.125,NaN,NaN
2024-09-01T12:00:00Z,0.0,-79.875,52.125,NaN,NaN
2024-09-01T12:00:00Z,0.0,-79.875,56.125,NaN,NaN
2024-09-01T12:00:00Z,0.0,-79.875,60.125,NaN,NaN
2024-09-01T12:00:00Z,0.0,-79.875,64.125,NaN,NaN
2024-09-01T12:00:00Z,0.0,-79.875,68.125,NaN,NaN
2024-09-01T12:00:00Z,0.0,-79.875,72.125,NaN,NaN
2024-09-01T12:00:00Z,0.0,-79.875,76.125,NaN,NaN
2024-09-01T12:00:00Z,0.0,-79.875,80.125,NaN,NaN
2024-09-01T12:00:00Z,0.0,-79.875,84.125,NaN,NaN
2024-09-01T12:00:00Z,0.0,-79.875,88.125,NaN,NaN
2024-09-01T12:00:00Z,0.0,-79.875,92.125,NaN,NaN
2024-09-01T12:00:00Z,0.0,-79.875,96.125,NaN,NaN
2024-09-01T12:00:00Z,0.0,-79.875,100.125,NaN,NaN
2024-09-01T12:00:00Z,0.0,-79.875,104.125,NaN,NaN
2024-09-01T12:00:00Z,0.0,-79.875,108.125,NaN,NaN
2024-09-01T12:00:00Z,0.0,-79.875,112.125,NaN,NaN
2024-09-01T12:00:00Z,0.0,-79.875,116.125,NaN,NaN
2024-09-01T12:00:00Z,0.0,-79.875,120.125,NaN,NaN
2024-09-01T12:00:00Z,0.0,-79.875,124.125,NaN,NaN
2024-09-01T12:00:00Z,0.0,-79.875,128.125,NaN,NaN
2024-09-01T12:00:00Z,0.0,-79.875,132.125,NaN,NaN
2024-09-01T12:00:00Z,0.0,-79.875,136.125,NaN,NaN
2024-09-01T12:00:00Z,0.0,-79.875,140.125,NaN,NaN
2024-09-01T12:00:00Z,0.0,-79.875,144.125,NaN,NaN
2024-09-01T12:00:00Z,0.0,-79.875,148.125,NaN,NaN
2024-09-01T12:00:00Z,0.0,-79.875,152.125,NaN,NaN
2024-09-01T12:00:00Z,0.0,-79.875,156.125,NaN,NaN
2024-09-01T12:00:00Z,0.0,-79.875,160.125,NaN,NaN
2024-09-01T12:00:00Z,0.0,-79.875,164.125,NaN,NaN
2024-09-01T12:00:00Z,0.0,-79.875,168.125,NaN,NaN
2024-09-01T12:00:00Z,0.0,-79.875,172.125,NaN,NaN
2024-09-01T12:00:00Z,0.0,-79.875,176.125,NaN,NaN
2024-09-01T12:00:00Z,0.0,-79.875,180.125,NaN,NaN
2024-09-01T12:00:00Z,0.0,-79.875,184.125,NaN,NaN
2024-09-01T12:00:00Z,0.0,-79.875,188.125,NaN,NaN
2024-09-01T12:00:00Z,0.0,-79.875,192.125,NaN,NaN
2024-09-01T12:00:00Z,0.0,-79.875,196.125,NaN,NaN
2024-09-01T12:00:00Z,0.0,-79.875,200.125,NaN,NaN
2024-09-01T12:00:00Z,0.0,-79.875,204.125,NaN,NaN
2024-09-01T12:00:00Z,0.0,-79.875,208.125,NaN,NaN
2024-09-01T12:00:00Z,0.0,-79.875,212.125,NaN,NaN
2024-09-01T12:00:00Z,0.0,-79.875,216.125,NaN,NaN
2024-09-01T12:00:00Z,0.0,-79.875,220.125,NaN,NaN
2024-09-01T12:00:00Z,0.0,-79.875,224.125,NaN,NaN
2024-09-01T12:00:00Z,0.0,-79.875,228.125,NaN,NaN
2024-09-01T12:00:00Z,0.0,-79.875,232.125,NaN,NaN
2024-09-01T12:00:00Z,0.0,-79.875,236.125,NaN,NaN
2024-09-01T12:00:00Z,0.0,-79.875,240.125,NaN,NaN
2024-09-01T12:00:00Z,0.0,-79.875,244.125,NaN,NaN
2024-09-01T12:00:00Z,0.0,-79.875,248.125,NaN,NaN
2024-09-01T12:00:00Z,0.0,-79.875,252.125,NaN,NaN
2024-09-01T12:00:00Z,0.0,-79.875,256.125,NaN,NaN
2024-09-01T12:00:00Z,0.0,-79.875,260.125,NaN,NaN
2024-09-01T12:00:00Z,0.0,-79.875,264.125,NaN,NaN
2024-09-01T12:00:00Z,0.0,-79.875,268.125,NaN,NaN
2024-09-01T12:00:00Z,0.0,-79.875,272.125,NaN,NaN
2024-09-01T12:00:00Z,0.0,-79.875,276.125,NaN,NaN
2024-09-01T12:00:00Z,0.0,-79.875,280.125,NaN,NaN
2024-09-01T12:00:00Z,0.0,-79.875,284.125,NaN,NaN
2024-09-01T12:00:00Z,0.0,-79.875,288.125,NaN,NaN
2024-09-01T12:00:00Z,0.0,-79.875,292.125,NaN,NaN
2024-09-01T12:00:00Z,0.0,-79.875,296.125,NaN,NaN
2024-09-01T12:00:00Z,0.0,-79.875,300.125,NaN,NaN
2024-09-01T12:00:00Z,0.0,-79.875,304.125,NaN,NaN
2024-09-01T12:00:00Z,0.0,-79.875,308.125,NaN,NaN
2024-09-01T12:00:00Z,0.0,-79.875,312.125,NaN,NaN
2024-09-01T12:00:00Z,0.0,-79.875,316.125,NaN,NaN
2024-09-01T12:00:00Z,0.0,-79.875,320.125,NaN,NaN
2024-09-01T12:00:00Z,0.0,-79.875,324.125,NaN,NaN
2024-09-01T12:00:00Z,0.0,-79.875,328.125,NaN,NaN
2024-09-01T12:00:00Z,0.0,-79.875,332.125,NaN,NaN
2024-09-01T12:00:00Z,0.0,-79.875,336.125,NaN,NaN
2024-09-01T12:00:00Z,0.0,-79.875,340.125,NaN,NaN
2024-09-01T12:00:00Z,0.0,-79.875,344.125,NaN,NaN
2024-09-01T12:00:00Z,0.0,-79.875,348.125,NaN,NaN
2024-09-01T12:00:00Z,0.0,-79.875,352.125,NaN,NaN
2024-09-01T12:00:00Z,0.0,-79.875,356.125,NaN,NaN
2024-09-01T12:00:00Z,0.0,-75.875,0.125,NaN,NaN
2024-09-01T12:00:00Z,0.0,-75.875,4.125,NaN,NaN
2024-09-01T12:00:00Z,0.0,-75.875,8.125,NaN,NaN
2024-09-01T12:00:00Z,0.0,-75.875,12.125,NaN,NaN
2024-09-01T12:00:00Z,0.0,-75.875,16.125,NaN,NaN
2024-09-01T12:00:00Z,0.0,-75.875,20.125,NaN,NaN
2024-09-01T12:00:00Z,0.0,-75.875,24.125,NaN,NaN
2024-09-01T12:00:00Z,0.0,-75.875,28.125,NaN,NaN
2024-09-01T12:00:00Z,0.0,-75.875,32.125,NaN,NaN
2024-09-01T12:00:00Z,0.0,-75.875,36.125,NaN,NaN
2024-09-01T12:00:00Z,0.0,-75.875,40.125,NaN,NaN
2024-09-01T12:00:00Z,0.0,-75.875,44.125,NaN,NaN
2024-09-01T12:00:00Z,0.0,-75.875,48.125,NaN,NaN
2024-09-01T12:00:00Z,0.0,-75.875,52.125,NaN,NaN
2024-09-01T12:00:00Z,0.0,-75.875,56.125,NaN,NaN
2024-09-01T12:00:00Z,0.0,-75.875,60.125,NaN,NaN
2024-09-01T12:00:00Z,0.0,-75.875,64.125,NaN,NaN
2024-09-01T12:00:00Z,0.0,-75.875,68.125,NaN,NaN
2024-09-01T12:00:00Z,0.0,-75.875,72.125,NaN,NaN
2024-09-01T12:00:00Z,0.0,-75.875,76.125,NaN,NaN
2024-09-01T12:00:00Z,0.0,-75.875,80.125,NaN,NaN
2024-09-01T12:00:00Z,0.0,-75.875,84.125,NaN,NaN
2024-09-01T12:00:00Z,0.0,-75.875,88.125,NaN,NaN
2024-09-01T12:00:00Z,0.0,-75.875,92.125,NaN,NaN
2024-09-01T12:00:00Z,0.0,-75.875,96.125,NaN,NaN
2024-09-01T12:00:00Z,0.0,-75.875,100.125,NaN,NaN
2024-09-01T12:00:00Z,0.0,-75.875,104.125,NaN,NaN
2024-09-01T12:00:00Z,0.0,-75.875,108.125,NaN,NaN
2024-09-01T12:00:00Z,0.0,-75.875,112.125,NaN,NaN
2024-09-01T12:00:00Z,0.0,-75.875,116.125,NaN,NaN
2024-09-01T12:00:00Z,0.0,-75.875,120.125,NaN,NaN
2024-09-01T12:00:00Z,0.0,-75.875,124.125,NaN,NaN
2024-09-01T12:00:00Z,0.0,-75.875,128.125,NaN,NaN
2024-09-01T12:00:00Z,0.0,-75.875,132.125,NaN,NaN
2024-09-01T12:00:00Z,0.0,-75.875,136.125,NaN,NaN
2024-09-01T12:00:00Z,0.0,-75.875,140.125,NaN,NaN
2024-09-01T12:00:00Z,0.0,-75.875,144.125,NaN,NaN
2024-09-01T12:00:00Z,0.0,-75.875,148.125,NaN,NaN
2024-09-01T12:00:00Z,0.0,-75.875,152.125,NaN,NaN
2024-09-01T12:00:00Z,0.0,-75.875,156.125,NaN,NaN
2024-09-01T12:00:00Z,0.0,-75.875,160.125,NaN,NaN
2024-09-01T12:00:00Z,0.0,-75.875,164.125,-1.8,-0.51
2024-09-01T12:00:00Z,0.0,-75.875,168.125,-1.8,-0.06
2024-09-01T12:00:00Z,0.0,-75.875,172.125,-1.8,-0.12
2024-09-01T12:00:00Z,0.0,-75.875,176.125,-1.8,-0.25
2024-09-01T12:00:00Z,0.0,-75.875,180.125,-1.8,-0.17
2024-09-01T12:00:00Z,0.0,-75.875,184.125,-1.8,-0.11
2024-09-01T12:00:00Z,0.0,-75.875,188.125,-1.8,-0.03
2024-09-01T12:00:00Z,0.0,-75.875,192.125,-1.8,0.0
2024-09-01T12:00:00Z,0.0,-75.875,196.125,-1.8,0.0
2024-09-01T12:00:00Z,0.0,-75.875,200.125,-1.8,-0.02
2024-09-01T12:00:00Z,0.0,-75.875,204.125,-1.78,0.01
2024-09-01T12:00:00Z,0.0,-75.875,208.125,-1.8,-0.03
2024-09-01T12:00:00Z,0.0,-75.875,212.125,-1.77,-0.03
2024-09-01T12:00:00Z,0.0,-75.875,216.125,NaN,NaN
2024-09-01T12:00:00Z,0.0,-75.875,220.125,NaN,NaN
2024-09-01T12:00:00Z,0.0,-75.875,224.125,NaN,NaN
2024-09-01T12:00:00Z,0.0,-75.875,228.125,NaN,NaN
2024-09-01T12:00:00Z,0.0,-75.875,232.125,NaN,NaN
2024-09-01T12:00:00Z,0.0,-75.875,236.125,NaN,NaN
2024-09-01T12:00:00Z,0.0,-75.875,240.125,NaN,NaN
2024-09-01T12:00:00Z,0.0,-75.875,244.125,NaN,NaN
2024-09-01T12:00:00Z,0.0,-75.875,248.125,NaN,NaN
2024-09-01T12:00:00Z,0.0,-75.875,252.125,NaN,NaN
2024-09-01T12:00:00Z,0.0,-75.875,256.125,NaN,NaN
2024-09-01T12:00:00Z,0.0,-75.875,260.125,NaN,NaN
2024-09-01T12:00:00Z,0.0,-75.875,264.125,NaN,NaN
2024-09-01T12:00:00Z,0.0,-75.875,268.125,NaN,NaN
2024-09-01T12:00:00Z,0.0,-75.875,272.125,NaN,NaN
2024-09-01T12:00:00Z,0.0,-75.875,276.125,NaN,NaN
2024-09-01T12:00:00Z,0.0,-75.875,280.125,NaN,NaN
2024-09-01T12:00:00Z,0.0,-75.875,284.125,NaN,NaN
2024-09-01T12:00:00Z,0.0,-75.875,288.125,NaN,NaN
2024-09-01T12:00:00Z,0.0,-75.875,292.125,NaN,NaN
2024-09-01T12:00:00Z,0.0,-75.875,296.125,-1.71,-0.26
2024-09-01T12:00:00Z,0.0,-75.875,300.125,-1.78,-0.42
2024-09-01T12:00:00Z,0.0,-75.875,304.125,-1.79,-0.21
2024-09-01T12:00:00Z,0.0,-75.875,308.125,-1.8,-0.15
2024-09-01T12:00:00Z,0.0,-75.875,312.125,-1.8,-0.06
2024-09-01T12:00:00Z,0.0,-75.875,316.125,-1.8,-0.08
2024-09-01T12:00:00Z,0.0,-75.875,320.125,-1.8,-0.05
2024-09-01T12:00:00Z,0.0,-75.875,324.125,-1.8,-0.01
2024-09-01T12:00:00Z,0.0,-75.875,328.125,-1.8,-0.02
2024-09-01T12:00:00Z,0.0,-75.875,332.125,-1.79,-0.24
2024-09-01T12:00:00Z,0.0,-75.875,336.125,-1.64,-0.23
2024-09-01T12:00:00Z,0.0,-75.875,340.125,NaN,NaN
2024-09-01T12:00:00Z,0.0,-75.875,344.125,NaN,NaN
2024-09-01T12:00:00Z,0.0,-75.875,348.125,NaN,NaN
2024-09-01T12:00:00Z,0.0,-75.875,352.125,NaN,NaN
2024-09-01T12:00:00Z,0.0,-75.875,356.125,NaN,NaN
2024-09-01T12:00:00Z,0.0,-71.875,0.125,NaN,NaN
2024-09-01T12:00:00Z,0.0,-71.875,4.125,NaN,NaN
2024-09-01T12:00:00Z,0.0,-71.875,8.125,NaN,NaN
2024-09-01T12:00:00Z,0.0,-71.875,12.125,NaN,NaN
2024-09-01T12:00:00Z,0.0,-71.875,16.125,NaN,NaN
2024-09-01T12:00:00Z,0.0,-71.875,20.125,NaN,NaN
2024-09-01T12:00:00Z,0.0,-71.875,24.125,NaN,NaN
2024-09-01T12:00:00Z,0.0,-71.875,28.125,NaN,NaN
2024-09-01T12:00:00Z,0.0,-71.875,32.125,NaN,NaN
2024-09-01T12:00:00Z,0.0,-71.875,36.125,NaN,NaN
2024-09-01T12:00:00Z,0.0,-71.875,40.125,NaN,NaN
2024-09-01T12:00:00Z,0.0,-71.875,44.125,NaN,NaN
2024-09-01T12:00:00Z,0.0,-71.875,48.125,NaN,NaN
2024-09-01T12:00:00Z,0.0,-71.875,52.125,NaN,NaN
2024-09-01T12:00:00Z,0.0,-71.875,56.125,NaN,NaN
2024-09-01T12:00:00Z,0.0,-71.875,60.125,NaN,NaN
2024-09-01T12:00:00Z,0.0,-71.875,64.125,NaN,NaN
2024-09-01T12:00:00Z,0.0,-71.875,68.125,-1.52,0.0
2024-09-01T12:00:00Z,0.0,-71.875,72.125,NaN,NaN
2024-09-01T12:00:00Z,0.0,-71.875,76.125,NaN,NaN
2024-09-01T12:00:00Z,0.0,-71.875,80.125,NaN,NaN
2024-09-01T12:00:00Z,0.0,-71.875,84.125,NaN,NaN
2024-09-01T12:00:00Z,0.0,-71.875,88.125,NaN,NaN
2024-09-01T12:00:00Z,0.0,-71.875,92.125,NaN,NaN
2024-09-01T12:00:00Z,0.0,-71.875,96.125,NaN,NaN
2024-09-01T12:00:00Z,0.0,-71.875,100.125,NaN,NaN
2024-09-01T12:00:00Z,0.0,-71.875,104.125,NaN,NaN
2024-09-01T12:00:00Z,0.0,-71.875,108.125,NaN,NaN
2024-09-01T12:00:00Z,0.0,-71.875,112.125,NaN,NaN
2024-09-01T12:00:00Z,0.0,-71.875,116.125,NaN,NaN
2024-09-01T12:00:00Z,0.0,-71.875,120.125,NaN,NaN
2024-09-01T12:00:00Z,0.0,-71.875,124.125,NaN,NaN
2024-09-01T12:00:00Z,0.0,-71.875,128.125,NaN,NaN
2024-09-01T12:00:00Z,0.0,-71.875,132.125,NaN,NaN
2024-09-01T12:00:00Z,0.0,-71.875,136.125,NaN,NaN
2024-09-01T12:00:00Z,0.0,-71.875,140.125,NaN,NaN
2024-09-01T12:00:00Z,0.0,-71.875,144.125,NaN,NaN
2024-09-01T12:00:00Z,0.0,-71.875,148.125,NaN,NaN
2024-09-01T12:00:00Z,0.0,-71.875,152.125,NaN,NaN
2024-09-01T12:00:00Z,0.0,-71.875,156.125,NaN,NaN
2024-09-01T12:00:00Z,0.0,-71.875,160.125,NaN,NaN
2024-09-01T12:00:00Z,0.0,-71.875,164.125,NaN,NaN
2024-09-01T12:00:00Z,0.0,-71.875,168.125,NaN,NaN
2024-09-01T12:00:00Z,0.0,-71.875,172.125,-1.8,-0.12
2024-09-01T12:00:00Z,0.0,-71.875,176.125,-1.8,-0.04
2024-09-01T12:00:00Z,0.0,-71.875,180.125,-1.8,-0.01
2024-09-01T12:00:00Z,0.0,-71.875,184.125,-1.8,-0.01
2024-09-01T12:00:00Z,0.0,-71.875,188.125,-1.8,0.0
2024-09-01T12:00:00Z,0.0,-71.875,192.125,-1.8,0.0
2024-09-01T12:00:00Z,0.0,-71.875,196.125,-1.8,0.0
2024-09-01T12:00:00Z,0.0,-71.875,200.125,-1.8,0.0
2024-09-01T12:00:00Z,0.0,-71.875,204.125,-1.8,0.0
2024-09-01T12:00:00Z,0.0,-71.875,208.125,-1.8,-0.01
2024-09-01T12:00:00Z,0.0,-71.875,212.125,-1.79,0.01
2024-09-01T12:00:00Z,0.0,-71.875,216.125,-1.8,-0.01
2024-09-01T12:00:00Z,0.0,-71.875,220.125,-1.8,-0.01
2024-09-01T12:00:00Z,0.0,-71.875,224.125,-1.8,0.0
2024-09-01T12:00:00Z,0.0,-71.875,228.125,-1.8,-0.02
2024-09-01T12:00:00Z,0.0,-71.875,232.125,-1.8,-0.07
2024-09-01T12:00:00Z,0.0,-71.875,236.125,-1.8,-0.04
2024-09-01T12:00:00Z,0.0,-71.875,240.125,-1.8,-0.02
2024-09-01T12:00:00Z,0.0,-71.875,244.125,-1.77,-0.01
2024-09-01T12:00:00Z,0.0,-71.875,248.125,-1.8,-0.13
2024-09-01T12:00:00Z,0.0,-71.875,252.125,-1.8,-0.09
2024-09-01T12:00:00Z,0.0,-71.875,256.125,-1.76,-0.02
2024-09-01T12:00:00Z,0.0,-71.875,260.125,-1.7,-0.02
2024-09-01T12:00:00Z,0.0,-71.875,264.125,-1.73,-0.08
2024-09-01T12:00:00Z,0.0,-71.875,268.125,-1.8,-0.11
2024-09-01T12:00:00Z,0.0,-71.875,272.125,-1.8,-0.02
2024-09-01T12:00:00Z,0.0,-71.875,276.125,-1.8,-0.01
2024-09-01T12:00:00Z,0.0,-71.875,280.125,-1.77,-0.04
2024-09-01T12:00:00Z,0.0,-71.875,284.125,-1.75,-0.08
2024-09-01T12:00:00Z,0.0,-71.875,288.125,-1.68,-0.19
2024-09-01T12:00:00Z,0.0,-71.875,292.125,-1.42,-0.02
2024-09-01T12:00:00Z,0.0,-71.875,296.125,NaN,NaN
2024-09-01T12:00:00Z,0.0,-71.875,300.125,-1.8,-0.19
2024-09-01T12:00:00Z,0.0,-71.875,304.125,-1.8,0.0
2024-09-01T12:00:00Z,0.0,-71.875,308.125,-1.8,0.0
2024-09-01T12:00:00Z,0.0,-71.875,312.125,-1.8,0.0
2024-09-01T12:00:00Z,0.0,-71.875,316.125,-1.8,0.0
2024-09-01T12:00:00Z,0.0,-71.875,320.125,-1.8,0.0
2024-09-01T12:00:00Z,0.0,-71.875,324.125,-1.8,0.0
2024-09-01T12:00:00Z,0.0,-71.875,328.125,-1.8,0.0
2024-09-01T12:00:00Z,0.0,-71.875,332.125,-1.8,0.0
2024-09-01T12:00:00Z,0.0,-71.875,336.125,-1.8,-0.03
2024-09-01T12:00:00Z,0.0,-71.875,340.125,-1.8,-0.09
2024-09-01T12:00:00Z,0.0,-71.875,344.125,-1.8,-0.18
2024-09-01T12:00:00Z,0.0,-71.875,348.125,-1.67,-0.39
2024-09-01T12:00:00Z,0.0,-71.875,352.125,NaN,NaN
2024-09-01T12:00:00Z,0.0,-71.875,356.125,NaN,NaN
2024-09-01T12:00:00Z,0.0,-67.875,0.125,-1.8,-0.01
2024-09-01T12:00:00Z,0.0,-67.875,4.125,-1.8,-0.02
2024-09-01T12:00:00Z,0.0,-67.875,8.125,-1.8,-0.03
2024-09-01T12:00:00Z,0.0,-67.875,12.125,-1.8,-0.05
2024-09-01T12:00:00Z,0.0,-67.875,16.125,-1.8,-0.02
2024-09-01T12:00:00Z,0.0,-67.875,20.125,-1.8,-0.03
2024-09-01T12:00:00Z,0.0,-67.875,24.125,-1.8,-0.02
2024-09-01T12:00:00Z,0.0,-67.875,28.125,-1.8,-0.07
2024-09-01T12:00:00Z,0.0,-67.875,32.125,-1.8,-0.07
2024-09-01T12:00:00Z,0.0,-67.875,36.125,-1.8,-0.05
2024-09-01T12:00:00Z,0.0,-67.875,40.125,-1.8,-0.05
2024-09-01T12:00:00Z,0.0,-67.875,44.125,-1.78,-0.04
2024-09-01T12:00:00Z,0.0,-67.875,48.125,NaN,NaN
2024-09-01T12:00:00Z,0.0,-67.875,52.125,NaN,NaN
2024-09-01T12:00:00Z,0.0,-67.875,56.125,NaN,NaN
2024-09-01T12:00:00Z,0.0,-67.875,60.125,NaN,NaN
2024-09-01T12:00:00Z,0.0,-67.875,64.125,NaN,NaN
2024-09-01T12:00:00Z,0.0,-67.875,68.125,NaN,NaN
2024-09-01T12:00:00Z,0.0,-67.875,72.125,-1.8,-0.1
2024-09-01T12:00:00Z,0.0,-67.875,76.125,-1.8,-0.15
2024-09-01T12:00:00Z,0.0,-67.875,80.125,-1.79,-0.34
2024-09-01T12:00:00Z,0.0,-67.875,84.125,NaN,NaN
2024-09-01T12:00:00Z,0.0,-67.875,88.125,NaN,NaN
2024-09-01T12:00:00Z,0.0,-67.875,92.125,NaN,NaN
2024-09-01T12:00:00Z,0.0,-67.875,96.125,NaN,NaN
2024-09-01T12:00:00Z,0.0,-67.875,100.125,NaN,NaN
2024-09-01T12:00:00Z,0.0,-67.875,104.125,NaN,NaN
2024-09-01T12:00:00Z,0.0,-67.875,108.125,NaN,NaN
2024-09-01T12:00:00Z,0.0,-67.875,112.125,NaN,NaN
2024-09-01T12:00:00Z,0.0,-67.875,116.125,NaN,NaN
2024-09-01T12:00:00Z,0.0,-67.875,120.125,NaN,NaN
2024-09-01T12:00:00Z,0.0,-67.875,124.125,NaN,NaN
2024-09-01T12:00:00Z,0.0,-67.875,128.125,NaN,NaN
2024-09-01T12:00:00Z,0.0,-67.875,132.125,NaN,NaN
2024-09-01T12:00:00Z,0.0,-67.875,136.125,NaN,NaN
2024-09-01T12:00:00Z,0.0,-67.875,140.125,NaN,NaN
2024-09-01T12:00:00Z,0.0,-67.875,144.125,NaN,NaN
2024-09-01T12:00:00Z,0.0,-67.875,148.125,-1.79,-0.25
2024-09-01T12:00:00Z,0.0,-67.875,152.125,-1.77,-0.04
2024-09-01T12:00:00Z,0.0,-67.875,156.125,-1.8,-0.02
2024-09-01T12:00:00Z,0.0,-67.875,160.125,-1.8,-0.04
2024-09-01T12:00:00Z,0.0,-67.875,164.125,-1.8,-0.08
2024-09-01T12:00:00Z,0.0,-67.875,168.125,-1.8,-0.03
2024-09-01T12:00:00Z,0.0,-67.875,172.125,-1.8,-0.02
2024-09-01T12:00:00Z,0.0,-67.875,176.125,-1.8,-0.03
2024-09-01T12:00:00Z,0.0,-67.875,180.125,-1.8,-0.05
2024-09-01T12:00:00Z,0.0,-67.875,184.125,-1.8,-0.07
2024-09-01T12:00:00Z,0.0,-67.875,188.125,-1.8,-0.05
2024-09-01T12:00:00Z,0.0,-67.875,192.125,-1.8,-0.03
2024-09-01T12:00:00Z,0.0,-67.875,196.125,-1.8,-0.03
2024-09-01T12:00:00Z,0.0,-67.875,200.125,-1.8,-0.02
2024-09-01T12:00:00Z,0.0,-67.875,204.125,-1.8,-0.02
2024-09-01T12:00:00Z,0.0,-67.875,208.125,-1.8,-0.03
2024-09-01T12:00:00Z,0.0,-67.875,212.125,-1.8,-0.04
2024-09-01T12:00:00Z,0.0,-67.875,216.125,-1.8,-0.06
2024-09-01T12:00:00Z,0.0,-67.875,220.125,-1.8,-0.08
2024-09-01T12:00:00Z,0.0,-67.875,224.125,-1.8,-0.1
2024-09-01T12:00:00Z,0.0,-67.875,228.125,-1.79,-0.13
2024-09-01T12:00:00Z,0.0,-67.875,232.125,-1.8,-0.17
2024-09-01T12:00:00Z,0.0,-67.875,236.125,-1.8,-0.2
2024-09-01T12:00:00Z,0.0,-67.875,240.125,-1.8,-0.23
2024-09-01T12:00:00Z,0.0,-67.875,244.125,-1.8,-0.28
2024-09-01T12:00:00Z,0.0,-67.875,248.125,-1.8,-0.28
2024-09-01T12:00:00Z,0.0,-67.875,252.125,-1.8,-0.3
2024-09-01T12:00:00Z,0.0,-67.875,256.125,-1.74,-0.37
2024-09-01T12:00:00Z,0.0,-67.875,260.125,-1.69,-0.32
2024-09-01T12:00:00Z,0.0,-67.875,264.125,-1.73,-0.31
2024-09-01T12:00:00Z,0.0,-67.875,268.125,-1.8,-0.31
2024-09-01T12:00:00Z,0.0,-67.875,272.125,-1.8,-0.26
2024-09-01T12:00:00Z,0.0,-67.875,276.125,-1.78,-0.22
2024-09-01T12:00:00Z,0.0,-67.875,280.125,-1.8,-0.17
2024-09-01T12:00:00Z,0.0,-67.875,284.125,-1.8,-0.13
2024-09-01T12:00:00Z,0.0,-67.875,288.125,-1.8,-0.12
2024-09-01T12:00:00Z,0.0,-67.875,292.125,-1.73,-0.09
2024-09-01T12:00:00Z,0.0,-67.875,296.125,-1.62,-0.03
2024-09-01T12:00:00Z,0.0,-67.875,300.125,-1.8,-0.13
2024-09-01T12:00:00Z,0.0,-67.875,304.125,-1.8,0.0
2024-09-01T12:00:00Z,0.0,-67.875,308.125,-1.8,0.0
2024-09-01T12:00:00Z,0.0,-67.875,312.125,-1.8,0.0
2024-09-01T12:00:00Z,0.0,-67.875,316.125,-1.8,0.0
2024-09-01T12:00:00Z,0.0,-67.875,320.125,-1.8,0.0
2024-09-01T12:00:00Z,0.0,-67.875,324.125,-1.8,0.0
2024-09-01T12:00:00Z,0.0,-67.875,328.125,-1.8,0.0
2024-09-01T12:00:00Z,0.0,-67.875,332.125,-1.8,0.0
2024-09-01T12:00:00Z,0.0,-67.875,336.125,-1.8,0.0
2024-09-01T12:00:00Z,0.0,-67.875,340.125,-1.8,0.0
2024-09-01T12:00:00Z,0.0,-67.875,344.125,-1.8,0.0
2024-09-01T12:00:00Z,0.0,-67.875,348.125,-1.8,0.0
2024-09-01T12:00:00Z,0.0,-67.875,352.125,-1.8,0.0
2024-09-01T12:00:00Z,0.0,-67.875,356.125,-1.8,-0.01
2024-09-01T12:00:00Z,0.0,-63.875,0.125,-1.8,-0.02
2024-09-01T12:00:00Z,0.0,-63.875,4.125,-1.8,-0.02
2024-09-01T12:00:00Z,0.0,-63.875,8.125,-1.8,-0.01
2024-09-01T12:00:00Z,0.0,-63.875,12.125,-1.8,0.0
2024-09-01T12:00:00Z,0.0,-63.875,16.125,-1.8,0.0
2024-09-01T12:00:00Z,0.0,-63.875,20.125,-1.8,0.0
2024-09-01T12:00:00Z,0.0,-63.875,24.125,-1.79,0.01
2024-09-01T12:00:00Z,0.0,-63.875,28.125,-1.65,0.14
2024-09-01T12:00:00Z,0.0,-63.875,32.125,-1.47,0.31
2024-09-01T12:00:00Z,0.0,-63.875,36.125,-1.61,0.16
2024-09-01T12:00:00Z,0.0,-63.875,40.125,-1.54,0.21
2024-09-01T12:00:00Z,0.0,-63.875,44.125,-1.8,-0.07
2024-09-01T12:00:00Z,0.0,-63.875,48.125,-1.71,0.01
2024-09-01T12:00:00Z,0.0,-63.875,52.125,-1.8,-0.08
2024-09-01T12:00:00Z,0.0,-63.875,56.125,-1.8,-0.04
2024-09-01T12:00:00Z,0.0,-63.875,60.125,-1.8,-0.02
2024-09-01T12:00:00Z,0.0,-63.875,64.125,-1.8,-0.03
2024-09-01T12:00:00Z,0.0,-63.875,68.125,-1.8,-0.03
2024-09-01T12:00:00Z,0.0,-63.875,72.125,-1.8,-0.06
2024-09-01T12:00:00Z,0.0,-63.875,76.125,-1.8,-0.11
2024-09-01T12:00:00Z,0.0,-63.875,80.125,-1.8,-0.11
2024-09-01T12:00:00Z,0.0,-63.875,84.125,-1.8,-0.08
2024-09-01T12:00:00Z,0.0,-63.875,88.125,-1.8,-0.05
2024-09-01T12:00:00Z,0.0,-63.875,92.125,-1.8,-0.07
2024-09-01T12:00:00Z,0.0,-63.875,96.125,-1.8,-0.12
2024-09-01T12:00:00Z,0.0,-63.875,100.125,-1.8,-0.07
2024-09-01T12:00:00Z,0.0,-63.875,104.125,-1.8,-0.1
2024-09-01T12:00:00Z,0.0,-63.875,108.125,-1.77,-0.11
2024-09-01T12:00:00Z,0.0,-63.875,112.125,-1.75,-0.17
2024-09-01T12:00:00Z,0.0,-63.875,116.125,-1.8,-0.23
2024-09-01T12:00:00Z,0.0,-63.875,120.125,-1.8,-0.34
2024-09-01T12:00:00Z,0.0,-63.875,124.125,-1.79,-0.41
2024-09-01T12:00:00Z,0.0,-63.875,128.125,-1.79,-0.46
2024-09-01T12:00:00Z,0.0,-63.875,132.125,-1.78,-0.48
2024-09-01T12:00:00Z,0.0,-63.875,136.125,-1.8,-0.42
2024-09-01T12:00:00Z,0.0,-63.875,140.125,-1.76,-0.41
2024-09-01T12:00:00Z,0.0,-63.875,144.125,-1.77,-0.49
2024-09-01T12:00:00Z,0.0,-63.875,148.125,-1.77,-0.47
2024-09-01T12:00:00Z,0.0,-63.875,152.125,-1.78,-0.44
2024-09-01T12:00:00Z,0.0,-63.875,156.125,-1.77,-0.49
2024-09-01T12:00:00Z,0.0,-63.875,160.125,-1.79,-0.54
2024-09-01T12:00:00Z,0.0,-63.875,164.125,-1.8,-0.59
2024-09-01T12:00:00Z,0.0,-63.875,168.125,-1.8,-0.72
2024-09-01T12:00:00Z,0.0,-63.875,172.125,-1.79,-0.92
2024-09-01T12:00:00Z,0.0,-63.875,176.125,-1.39,-0.79
2024-09-01T12:00:00Z,0.0,-63.875,180.125,-0.9,-0.58
2024-09-01T12:00:00Z,0.0,-63.875,184.125,-1.4,-1.05
2024-09-01T12:00:00Z,0.0,-63.875,188.125,-1.6,-1.02
2024-09-01T12:00:00Z,0.0,-63.875,192.125,-1.77,-0.88
2024-09-01T12:00:00Z,0.0,-63.875,196.125,-1.68,-0.53
2024-09-01T12:00:00Z,0.0,-63.875,200.125,-1.8,-0.53
2024-09-01T12:00:00Z,0.0,-63.875,204.125,-1.8,-0.48
2024-09-01T12:00:00Z,0.0,-63.875,208.125,-1.8,-0.37
2024-09-01T12:00:00Z,0.0,-63.875,212.125,-1.8,-0.29
2024-09-01T12:00:00Z,0.0,-63.875,216.125,-1.77,-0.32
2024-09-01T12:00:00Z,0.0,-63.875,220.125,-1.44,-0.24
2024-09-01T12:00:00Z,0.0,-63.875,224.125,-1.33,-0.36
2024-09-01T12:00:00Z,0.0,-63.875,228.125,-0.91,-0.22
2024-09-01T12:00:00Z,0.0,-63.875,232.125,0.49,0.83
2024-09-01T12:00:00Z,0.0,-63.875,236.125,0.7,0.73
2024-09-01T12:00:00Z,0.0,-63.875,240.125,0.46,0.3
2024-09-01T12:00:00Z,0.0,-63.875,244.125,0.23,-0.2
2024-09-01T12:00:00Z,0.0,-63.875,248.125,1.5,0.88
2024-09-01T12:00:00Z,0.0,-63.875,252.125,0.93,0.54
2024-09-01T12:00:00Z,0.0,-63.875,256.125,0.54,0.17
2024-09-01T12:00:00Z,0.0,-63.875,260.125,0.68,0.27
2024-09-01T12:00:00Z,0.0,-63.875,264.125,0.27,-0.07
2024-09-01T12:00:00Z,0.0,-63.875,268.125,-0.25,-0.39
2024-09-01T12:00:00Z,0.0,-63.875,272.125,0.14,-0.11
2024-09-01T12:00:00Z,0.0,-63.875,276.125,-0.35,-0.48
2024-09-01T12:00:00Z,0.0,-63.875,280.125,-0.55,-0.38
2024-09-01T12:00:00Z,0.0,-63.875,284.125,-0.85,-0.48
2024-09-01T12:00:00Z,0.0,-63.875,288.125,-0.86,-0.01
2024-09-01T12:00:00Z,0.0,-63.875,292.125,-1.52,-0.35
2024-09-01T12:00:00Z,0.0,-63.875,296.125,-1.58,-0.56
2024-09-01T12:00:00Z,0.0,-63.875,300.125,-1.51,-0.43
2024-09-01T12:00:00Z,0.0,-63.875,304.125,-1.8,-0.37
2024-09-01T12:00:00Z,0.0,-63.875,308.125,-1.8,-0.17
2024-09-01T12:00:00Z,0.0,-63.875,312.125,-1.8,-0.06
2024-09-01T12:00:00Z,0.0,-63.875,316.125,-1.8,-0.04
2024-09-01T12:00:00Z,0.0,-63.875,320.125,-1.8,-0.03
2024-09-01T12:00:00Z,0.0,-63.875,324.125,-1.8,-0.03
2024-09-01T12:00:00Z,0.0,-63.875,328.125,-1.8,-0.02
2024-09-01T12:00:00Z,0.0,-63.875,332.125,-1.8,-0.01
2024-09-01T12:00:00Z,0.0,-63.875,336.125,-1.8,0.0
2024-09-01T12:00:00Z,0.0,-63.875,340.125,-1.8,-0.01
2024-09-01T12:00:00Z,0.0,-63.875,344.125,-1.8,-0.01
2024-09-01T12:00:00Z,0.0,-63.875,348.125,-1.8,-0.01
2024-09-01T12:00:00Z,0.0,-63.875,352.125,-1.8,-0.01
2024-09-01T12:00:00Z,0.0,-63.875,356.125,-1.8,0.0
2024-09-01T12:00:00Z,0.0,-59.875,0.125,-1.8,-0.05
2024-09-01T12:00:00Z,0.0,-59.875,4.125,-1.8,-0.03
2024-09-01T12:00:00Z,0.0,-59.875,8.125,-1.8,-0.04
2024-09-01T12:00:00Z,0.0,-59.875,12.125,-1.58,0.16
2024-09-01T12:00:00Z,0.0,-59.875,16.125,-1.58,0.1
2024-09-01T12:00:00Z,0.0,-59.875,20.125,-1.32,0.14
2024-09-01T12:00:00Z,0.0,-59.875,24.125,-0.72,0.37
2024-09-01T12:00:00Z,0.0,-59.875,28.125,-0.7,0.2
2024-09-01T12:00:00Z,0.0,-59.875,32.125,-0.81,0.18
2024-09-01T12:00:00Z,0.0,-59.875,36.125,-1.17,-0.27
2024-09-01T12:00:00Z,0.0,-59.875,40.125,-1.04,-0.14
2024-09-01T12:00:00Z,0.0,-59.875,44.125,-1.0,-0.07
2024-09-01T12:00:00Z,0.0,-59.875,48.125,-0.81,0.07
2024-09-01T12:00:00Z,0.0,-59.875,52.125,-1.27,-0.26
2024-09-01T12:00:00Z,0.0,-59.875,56.125,-0.98,0.1
2024-09-01T12:00:00Z,0.0,-59.875,60.125,-1.28,-0.26
2024-09-01T12:00:00Z,0.0,-59.875,64.125,-0.95,-0.01
2024-09-01T12:00:00Z,0.0,-59.875,68.125,-1.47,-0.51
2024-09-01T12:00:00Z,0.0,-59.875,72.125,-1.66,-0.41
2024-09-01T12:00:00Z,0.0,-59.875,76.125,-1.8,-0.34
2024-09-01T12:00:00Z,0.0,-59.875,80.125,-1.75,-0.35
2024-09-01T12:00:00Z,0.0,-59.875,84.125,-1.65,-0.54
2024-09-01T12:00:00Z,0.0,-59.875,88.125,0.4,1.13
2024-09-01T12:00:00Z,0.0,-59.875,92.125,-0.77,0.05
2024-09-01T12:00:00Z,0.0,-59.875,96.125,-0.85,0.04
2024-09-01T12:00:00Z,0.0,-59.875,100.125,-0.98,-0.07
2024-09-01T12:00:00Z,0.0,-59.875,104.125,-0.01,0.76
2024-09-01T12:00:00Z,0.0,-59.875,108.125,-0.21,0.46
2024-09-01T12:00:00Z,0.0,-59.875,112.125,0.82,1.39
2024-09-01T12:00:00Z,0.0,-59.875,116.125,0.18,0.55
2024-09-01T12:00:00Z,0.0,-59.875,120.125,0.36,0.65
2024-09-01T12:00:00Z,0.0,-59.875,124.125,0.41,0.55
2024-09-01T12:00:00Z,0.0,-59.875,128.125,0.74,0.67
2024-09-01T12:00:00Z,0.0,-59.875,132.125,0.59,0.38
2024-09-01T12:00:00Z,0.0,-59.875,136.125,0.2,0.09
2024-09-01T12:00:00Z,0.0,-59.875,140.125,0.45,0.26
2024-09-01T12:00:00Z,0.0,-59.875,144.125,0.51,0.52
2024-09-01T12:00:00Z,0.0,-59.875,148.125,-0.41,0.1
2024-09-01T12:00:00Z,0.0,-59.875,152.125,-1.11,-0.65
2024-09-01T12:00:00Z,0.0,-59.875,156.125,-0.57,-0.64
2024-09-01T12:00:00Z,0.0,-59.875,160.125,0.11,-0.35
2024-09-01T12:00:00Z,0.0,-59.875,164.125,2.36,1.01
2024-09-01T12:00:00Z,0.0,-59.875,168.125,4.24,1.65
2024-09-01T12:00:00Z,0.0,-59.875,172.125,3.49,0.18
2024-09-01T12:00:00Z,0.0,-59.875,176.125,3.03,0.06
2024-09-01T12:00:00Z,0.0,-59.875,180.125,2.97,0.44
2024-09-01T12:00:00Z,0.0,-59.875,184.125,1.65,-0.55
2024-09-01T12:00:00Z,0.0,-59.875,188.125,2.02,0.08
2024-09-01T12:00:00Z,0.0,-59.875,192.125,2.0,0.39
2024-09-01T12:00:00Z,0.0,-59.875,196.125,1.4,0.2
2024-09-01T12:00:00Z,0.0,-59.875,200.125,1.38,0.66
2024-09-01T12:00:00Z,0.0,-59.875,204.125,0.18,0.08
2024-09-01T12:00:00Z,0.0,-59.875,208.125,-1.25,-0.7
2024-09-01T12:00:00Z,0.0,-59.875,212.125,-0.59,0.29
2024-09-01T12:00:00Z,0.0,-59.875,216.125,0.51,1.22
2024-09-01T12:00:00Z,0.0,-59.875,220.125,0.09,0.25
2024-09-01T12:00:00Z,0.0,-59.875,224.125,-0.01,-0.25
2024-09-01T12:00:00Z,0.0,-59.875,228.125,1.07,0.28
2024-09-01T12:00:00Z,0.0,-59.875,232.125,1.65,0.26
2024-09-01T12:00:00Z,0.0,-59.875,236.125,2.72,0.9
2024-09-01T12:00:00Z,0.0,-59.875,240.125,2.42,0.42
2024-09-01T12:00:00Z,0.0,-59.875,244.125,2.37,0.06
2024-09-01T12:00:00Z,0.0,-59.875,248.125,3.38,0.88
2024-09-01T12:00:00Z,0.0,-59.875,252.125,3.11,0.49
2024-09-01T12:00:00Z,0.0,-59.875,256.125,4.29,1.39
2024-09-01T12:00:00Z,0.0,-59.875,260.125,4.07,0.95
2024-09-01T12:00:00Z,0.0,-59.875,264.125,3.87,0.8
2024-09-01T12:00:00Z,0.0,-59.875,268.125,4.22,1.2
2024-09-01T12:00:00Z,0.0,-59.875,272.125,3.48,0.26
2024-09-01T12:00:00Z,0.0,-59.875,276.125,4.25,0.77
2024-09-01T12:00:00Z,0.0,-59.875,280.125,4.76,1.13
2024-09-01T12:00:00Z,0.0,-59.875,284.125,3.3,-0.17
2024-09-01T12:00:00Z,0.0,-59.875,288.125,3.72,0.79
2024-09-01T12:00:00Z,0.0,-59.875,292.125,1.51,-0.33
2024-09-01T12:00:00Z,0.0,-59.875,296.125,-0.23,-0.44
2024-09-01T12:00:00Z,0.0,-59.875,300.125,-0.5,-0.11
2024-09-01T12:00:00Z,0.0,-59.875,304.125,-0.42,0.1
2024-09-01T12:00:00Z,0.0,-59.875,308.125,-0.53,0.18
2024-09-01T12:00:00Z,0.0,-59.875,312.125,-1.69,-0.73
2024-09-01T12:00:00Z,0.0,-59.875,316.125,-1.75,-0.67
2024-09-01T12:00:00Z,0.0,-59.875,320.125,-1.79,-0.5
2024-09-01T12:00:00Z,0.0,-59.875,324.125,-1.8,-0.39
2024-09-01T12:00:00Z,0.0,-59.875,328.125,-1.8,-0.3
2024-09-01T12:00:00Z,0.0,-59.875,332.125,-1.8,-0.17
2024-09-01T12:00:00Z,0.0,-59.875,336.125,-1.8,-0.37
2024-09-01T12:00:00Z,0.0,-59.875,340.125,-1.8,-0.39
2024-09-01T12:00:00Z,0.0,-59.875,344.125,-1.8,-0.23
2024-09-01T12:00:00Z,0.0,-59.875,348.125,-1.8,-0.13
2024-09-01T12:00:00Z,0.0,-59.875,352.125,-1.8,-0.09
2024-09-01T12:00:00Z,0.0,-59.875,356.125,-1.8,-0.07
2024-09-01T12:00:00Z,0.0,-55.875,0.125,-1.19,-0.15
2024-09-01T12:00:00Z,0.0,-55.875,4.125,-0.85,0.3
2024-09-01T12:00:00Z,0.0,-55.875,8.125,-1.16,0.07
2024-09-01T12:00:00Z,0.0,-55.875,12.125,-1.09,0.11
2024-09-01T12:00:00Z,0.0,-55.875,16.125,-0.72,0.24
2024-09-01T12:00:00Z,0.0,-55.875,20.125,-0.66,0.2
2024-09-01T12:00:00Z,0.0,-55.875,24.125,0.15,0.69
2024-09-01T12:00:00Z,0.0,-55.875,28.125,0.09,0.05
2024-09-01T12:00:00Z,0.0,-55.875,32.125,-0.19,-0.36
2024-09-01T12:00:00Z,0.0,-55.875,36.125,1.0,0.64
2024-09-01T12:00:00Z,0.0,-55.875,40.125,0.87,0.72
2024-09-01T12:00:00Z,0.0,-55.875,44.125,0.23,0.36
2024-09-01T12:00:00Z,0.0,-55.875,48.125,0.58,0.51
2024-09-01T12:00:00Z,0.0,-55.875,52.125,0.54,0.25
2024-09-01T12:00:00Z,0.0,-55.875,56.125,0.24,-0.21
2024-09-01T12:00:00Z,0.0,-55.875,60.125,0.94,0.33
2024-09-01T12:00:00Z,0.0,-55.875,64.125,1.22,0.44
2024-09-01T12:00:00Z,0.0,-55.875,68.125,1.36,0.62
2024-09-01T12:00:00Z,0.0,-55.875,72.125,1.1,0.68
2024-09-01T12:00:00Z,0.0,-55.875,76.125,0.45,0.56
2024-09-01T12:00:00Z,0.0,-55.875,80.125,-0.09,0.39
2024-09-01T12:00:00Z,0.0,-55.875,84.125,1.4,1.18
2024-09-01T12:00:00Z,0.0,-55.875,88.125,2.19,1.53
2024-09-01T12:00:00Z,0.0,-55.875,92.125,0.88,0.35
2024-09-01T12:00:00Z,0.0,-55.875,96.125,1.8,1.3
2024-09-01T12:00:00Z,0.0,-55.875,100.125,1.28,1.08
2024-09-01T12:00:00Z,0.0,-55.875,104.125,1.06,0.9
2024-09-01T12:00:00Z,0.0,-55.875,108.125,1.6,1.0
2024-09-01T12:00:00Z,0.0,-55.875,112.125,2.44,1.51
2024-09-01T12:00:00Z,0.0,-55.875,116.125,2.03,0.67
2024-09-01T12:00:00Z,0.0,-55.875,120.125,3.35,1.78
2024-09-01T12:00:00Z,0.0,-55.875,124.125,2.71,0.86
2024-09-01T12:00:00Z,0.0,-55.875,128.125,3.23,1.2
2024-09-01T12:00:00Z,0.0,-55.875,132.125,3.77,1.51
2024-09-01T12:00:00Z,0.0,-55.875,136.125,2.51,0.21
2024-09-01T12:00:00Z,0.0,-55.875,140.125,2.09,0.41
2024-09-01T12:00:00Z,0.0,-55.875,144.125,0.81,0.08
2024-09-01T12:00:00Z,0.0,-55.875,148.125,2.2,0.87
2024-09-01T12:00:00Z,0.0,-55.875,152.125,3.6,0.98
2024-09-01T12:00:00Z,0.0,-55.875,156.125,3.04,-0.1
2024-09-01T12:00:00Z,0.0,-55.875,160.125,2.88,-0.01
2024-09-01T12:00:00Z,0.0,-55.875,164.125,4.94,0.06
2024-09-01T12:00:00Z,0.0,-55.875,168.125,7.01,0.73
2024-09-01T12:00:00Z,0.0,-55.875,172.125,5.99,-0.07
2024-09-01T12:00:00Z,0.0,-55.875,176.125,5.08,-0.3
2024-09-01T12:00:00Z,0.0,-55.875,180.125,5.74,0.23
2024-09-01T12:00:00Z,0.0,-55.875,184.125,5.42,-0.04
2024-09-01T12:00:00Z,0.0,-55.875,188.125,5.33,0.53
2024-09-01T12:00:00Z,0.0,-55.875,192.125,4.51,0.21
2024-09-01T12:00:00Z,0.0,-55.875,196.125,2.83,-1.07
2024-09-01T12:00:00Z,0.0,-55.875,200.125,3.4,-0.23
2024-09-01T12:00:00Z,0.0,-55.875,204.125,2.72,-0.56
2024-09-01T12:00:00Z,0.0,-55.875,208.125,2.61,0.05
2024-09-01T12:00:00Z,0.0,-55.875,212.125,1.9,-0.08
2024-09-01T12:00:00Z,0.0,-55.875,216.125,0.85,-1.77
2024-09-01T12:00:00Z,0.0,-55.875,220.125,3.8,0.08
2024-09-01T12:00:00Z,0.0,-55.875,224.125,3.64,0.02
2024-09-01T12:00:00Z,0.0,-55.875,228.125,3.54,-0.33
2024-09-01T12:00:00Z,0.0,-55.875,232.125,4.53,-0.22
2024-09-01T12:00:00Z,0.0,-55.875,236.125,5.89,0.85
2024-09-01T12:00:00Z,0.0,-55.875,240.125,5.42,0.7
2024-09-01T12:00:00Z,0.0,-55.875,244.125,5.71,0.9
2024-09-01T12:00:00Z,0.0,-55.875,248.125,5.14,0.03
2024-09-01T12:00:00Z,0.0,-55.875,252.125,5.72,0.51
2024-09-01T12:00:00Z,0.0,-55.875,256.125,5.38,0.19
2024-09-01T12:00:00Z,0.0,-55.875,260.125,5.4,0.11
2024-09-01T12:00:00Z,0.0,-55.875,264.125,5.53,0.29
2024-09-01T12:00:00Z,0.0,-55.875,268.125,5.69,0.46
2024-09-01T12:00:00Z,0.0,-55.875,272.125,5.55,0.39
2024-09-01T12:00:00Z,0.0,-55.875,276.125,5.4,0.26
2024-09-01T12:00:00Z,0.0,-55.875,280.125,5.18,-0.01
2024-09-01T12:00:00Z,0.0,-55.875,284.125,4.9,-0.57
2024-09-01T12:00:00Z,0.0,-55.875,288.125,5.63,-0.12
2024-09-01T12:00:00Z,0.0,-55.875,292.125,6.98,1.4
2024-09-01T12:00:00Z,0.0,-55.875,296.125,4.93,0.14
2024-09-01T12:00:00Z,0.0,-55.875,300.125,5.28,1.2
2024-09-01T12:00:00Z,0.0,-55.875,304.125,3.3,-0.03
2024-09-01T12:00:00Z,0.0,-55.875,308.125,4.6,2.35
2024-09-01T12:00:00Z,0.0,-55.875,312.125,0.49,-0.7
2024-09-01T12:00:00Z,0.0,-55.875,316.125,-0.03,-0.41
2024-09-01T12:00:00Z,0.0,-55.875,320.125,-1.6,-1.65
2024-09-01T12:00:00Z,0.0,-55.875,324.125,-1.38,-1.32
2024-09-01T12:00:00Z,0.0,-55.875,328.125,-1.8,-1.38
2024-09-01T12:00:00Z,0.0,-55.875,332.125,-1.8,-1.18
2024-09-01T12:00:00Z,0.0,-55.875,336.125,-1.23,-0.94
2024-09-01T12:00:00Z,0.0,-55.875,340.125,0.29,0.41
2024-09-01T12:00:00Z,0.0,-55.875,344.125,0.57,0.72
2024-09-01T12:00:00Z,0.0,-55.875,348.125,0.6,0.98
2024-09-01T12:00:00Z,0.0,-55.875,352.125,-0.06,0.61
2024-09-01T12:00:00Z,0.0,-55.875,356.125,-0.62,0.3
2024-09-01T12:00:00Z,0.0,-51.875,0.125,1.19,0.46
2024-09-01T12:00:00Z,0.0,-51.875,4.125,1.19,0.4
2024-09-01T12:00:00Z,0.0,-51.875,8.125,1.44,0.72
2024-09-01T12:00:00Z,0.0,-51.875,12.125,0.83,0.55
2024-09-01T12:00:00Z,0.0,-51.875,16.125,0.76,0.34
2024-09-01T12:00:00Z,0.0,-51.875,20.125,0.82,0.5
2024-09-01T12:00:00Z,0.0,-51.875,24.125,0.18,-0.12
2024-09-01T12:00:00Z,0.0,-51.875,28.125,0.52,-0.41
2024-09-01T12:00:00Z,0.0,-51.875,32.125,2.46,1.09
2024-09-01T12:00:00Z,0.0,-51.875,36.125,2.53,1.02
2024-09-01T12:00:00Z,0.0,-51.875,40.125,1.47,0.18
2024-09-01T12:00:00Z,0.0,-51.875,44.125,1.77,0.49
2024-09-01T12:00:00Z,0.0,-51.875,48.125,2.64,0.97
2024-09-01T12:00:00Z,0.0,-51.875,52.125,2.61,0.72
2024-09-01T12:00:00Z,0.0,-51.875,56.125,2.6,0.77
2024-09-01T12:00:00Z,0.0,-51.875,60.125,2.89,0.93
2024-09-01T12:00:00Z,0.0,-51.875,64.125,2.69,0.76
2024-09-01T12:00:00Z,0.0,-51.875,68.125,2.4,0.58
2024-09-01T12:00:00Z,0.0,-51.875,72.125,2.16,0.68
2024-09-01T12:00:00Z,0.0,-51.875,76.125,1.67,0.56
2024-09-01T12:00:00Z,0.0,-51.875,80.125,1.0,-0.01
2024-09-01T12:00:00Z,0.0,-51.875,84.125,3.69,1.66
2024-09-01T12:00:00Z,0.0,-51.875,88.125,3.45,0.5
2024-09-01T12:00:00Z,0.0,-51.875,92.125,4.47,1.16
2024-09-01T12:00:00Z,0.0,-51.875,96.125,2.85,0.07
2024-09-01T12:00:00Z,0.0,-51.875,100.125,2.63,0.12
2024-09-01T12:00:00Z,0.0,-51.875,104.125,2.94,0.57
2024-09-01T12:00:00Z,0.0,-51.875,108.125,2.42,0.42
2024-09-01T12:00:00Z,0.0,-51.875,112.125,2.27,0.43
2024-09-01T12:00:00Z,0.0,-51.875,116.125,2.37,-0.17
2024-09-01T12:00:00Z,0.0,-51.875,120.125,4.33,0.75
2024-09-01T12:00:00Z,0.0,-51.875,124.125,5.47,1.0
2024-09-01T12:00:00Z,0.0,-51.875,128.125,6.87,1.7
2024-09-01T12:00:00Z,0.0,-51.875,132.125,5.48,0.11
2024-09-01T12:00:00Z,0.0,-51.875,136.125,5.83,0.66
2024-09-01T12:00:00Z,0.0,-51.875,140.125,3.63,-1.13
2024-09-01T12:00:00Z,0.0,-51.875,144.125,5.05,-0.2
2024-09-01T12:00:00Z,0.0,-51.875,148.125,7.57,1.01
2024-09-01T12:00:00Z,0.0,-51.875,152.125,6.43,-0.29
2024-09-01T12:00:00Z,0.0,-51.875,156.125,8.96,1.82
2024-09-01T12:00:00Z,0.0,-51.875,160.125,8.49,1.19
2024-09-01T12:00:00Z,0.0,-51.875,164.125,8.52,0.67
2024-09-01T12:00:00Z,0.0,-51.875,168.125,7.91,0.39
2024-09-01T12:00:00Z,0.0,-51.875,172.125,7.37,0.23
2024-09-01T12:00:00Z,0.0,-51.875,176.125,7.02,0.51
2024-09-01T12:00:00Z,0.0,-51.875,180.125,6.78,0.39
2024-09-01T12:00:00Z,0.0,-51.875,184.125,7.53,0.31
2024-09-01T12:00:00Z,0.0,-51.875,188.125,7.87,0.45
2024-09-01T12:00:00Z,0.0,-51.875,192.125,7.0,-0.2
2024-09-01T12:00:00Z,0.0,-51.875,196.125,6.68,-0.52
2024-09-01T12:00:00Z,0.0,-51.875,200.125,7.59,0.34
2024-09-01T12:00:00Z,0.0,-51.875,204.125,7.3,0.09
2024-09-01T12:00:00Z,0.0,-51.875,208.125,7.63,0.26
2024-09-01T12:00:00Z,0.0,-51.875,212.125,7.15,-0.15
2024-09-01T12:00:00Z,0.0,-51.875,216.125,7.86,0.65
2024-09-01T12:00:00Z,0.0,-51.875,220.125,7.88,0.85
2024-09-01T12:00:00Z,0.0,-51.875,224.125,7.42,0.45
2024-09-01T12:00:00Z,0.0,-51.875,228.125,8.1,1.05
2024-09-01T12:00:00Z,0.0,-51.875,232.125,6.76,-0.15
2024-09-01T12:00:00Z,0.0,-51.875,236.125,6.89,0.26
2024-09-01T12:00:00Z,0.0,-51.875,240.125,6.19,0.1
2024-09-01T12:00:00Z,0.0,-51.875,244.125,5.93,-0.02
2024-09-01T12:00:00Z,0.0,-51.875,248.125,7.18,0.83
2024-09-01T12:00:00Z,0.0,-51.875,252.125,6.96,0.65
2024-09-01T12:00:00Z,0.0,-51.875,256.125,6.68,0.49
2024-09-01T12:00:00Z,0.0,-51.875,260.125,6.53,0.45
2024-09-01T12:00:00Z,0.0,-51.875,264.125,6.31,0.35
2024-09-01T12:00:00Z,0.0,-51.875,268.125,5.81,-0.07
2024-09-01T12:00:00Z,0.0,-51.875,272.125,5.8,0.0
2024-09-01T12:00:00Z,0.0,-51.875,276.125,5.56,-0.31
2024-09-01T12:00:00Z,0.0,-51.875,280.125,5.88,-0.52
2024-09-01T12:00:00Z,0.0,-51.875,284.125,7.38,-0.03
2024-09-01T12:00:00Z,0.0,-51.875,288.125,NaN,NaN
2024-09-01T12:00:00Z,0.0,-51.875,292.125,4.87,-0.77
2024-09-01T12:00:00Z,0.0,-51.875,296.125,6.03,0.14
2024-09-01T12:00:00Z,0.0,-51.875,300.125,5.19,-0.36
2024-09-01T12:00:00Z,0.0,-51.875,304.125,4.92,0.04
2024-09-01T12:00:00Z,0.0,-51.875,308.125,4.55,0.56
2024-09-01T12:00:00Z,0.0,-51.875,312.125,3.38,0.41
2024-09-01T12:00:00Z,0.0,-51.875,316.125,2.38,0.57
2024-09-01T12:00:00Z,0.0,-51.875,320.125,1.15,0.13
2024-09-01T12:00:00Z,0.0,-51.875,324.125,1.36,0.37
2024-09-01T12:00:00Z,0.0,-51.875,328.125,-0.16,-0.75
2024-09-01T12:00:00Z,0.0,-51.875,332.125,1.39,0.35
2024-09-01T12:00:00Z,0.0,-51.875,336.125,1.86,0.27
2024-09-01T12:00:00Z,0.0,-51.875,340.125,1.11,-0.42
2024-09-01T12:00:00Z,0.0,-51.875,344.125,1.55,0.26
2024-09-01T12:00:00Z,0.0,-51.875,348.125,0.99,0.11
2024-09-01T12:00:00Z,0.0,-51.875,352.125,0.62,0.26
2024-09-01T12:00:00Z,0.0,-51.875,356.125,1.11,0.73
2024-09-01T12:00:00Z,0.0,-47.875,0.125,4.41,0.56
2024-09-01T12:00:00Z,0.0,-47.875,4.125,5.0,1.11
2024-09-01T12:00:00Z,0.0,-47.875,8.125,3.96,0.34
2024-09-01T12:00:00Z,0.0,-47.875,12.125,3.88,0.03
2024-09-01T12:00:00Z,0.0,-47.875,16.125,5.21,1.3
2024-09-01T12:00:00Z,0.0,-47.875,20.125,3.75,0.16
2024-09-01T12:00:00Z,0.0,-47.875,24.125,4.25,0.71
2024-09-01T12:00:00Z,0.0,-47.875,28.125,4.49,0.32
2024-09-01T12:00:00Z,0.0,-47.875,32.125,5.03,0.25
2024-09-01T12:00:00Z,0.0,-47.875,36.125,4.31,0.17
2024-09-01T12:00:00Z,0.0,-47.875,40.125,4.14,0.13
2024-09-01T12:00:00Z,0.0,-47.875,44.125,5.5,1.3
2024-09-01T12:00:00Z,0.0,-47.875,48.125,3.57,-0.1
2024-09-01T12:00:00Z,0.0,-47.875,52.125,3.67,0.28
2024-09-01T12:00:00Z,0.0,-47.875,56.125,5.08,1.26
2024-09-01T12:00:00Z,0.0,-47.875,60.125,5.65,1.51
2024-09-01T12:00:00Z,0.0,-47.875,64.125,4.42,1.11
2024-09-01T12:00:00Z,0.0,-47.875,68.125,4.09,1.07
2024-09-01T12:00:00Z,0.0,-47.875,72.125,2.71,-0.48
2024-09-01T12:00:00Z,0.0,-47.875,76.125,5.14,0.89
2024-09-01T12:00:00Z,0.0,-47.875,80.125,7.26,2.75
2024-09-01T12:00:00Z,0.0,-47.875,84.125,6.01,0.2
2024-09-01T12:00:00Z,0.0,-47.875,88.125,7.41,0.54
2024-09-01T12:00:00Z,0.0,-47.875,92.125,6.6,-0.19
2024-09-01T12:00:00Z,0.0,-47.875,96.125,6.21,0.33
2024-09-01T12:00:00Z,0.0,-47.875,100.125,5.2,-0.32
2024-09-01T12:00:00Z,0.0,-47.875,104.125,5.8,0.11
2024-09-01T12:00:00Z,0.0,-47.875,108.125,6.04,-0.12
2024-09-01T12:00:00Z,0.0,-47.875,112.125,6.19,-0.83
2024-09-01T12:00:00Z,0.0,-47.875,116.125,8.1,0.6
2024-09-01T12:00:00Z,0.0,-47.875,120.125,7.76,0.09
2024-09-01T12:00:00Z,0.0,-47.875,124.125,9.12,0.83
2024-09-01T12:00:00Z,0.0,-47.875,128.125,9.41,0.71
2024-09-01T12:00:00Z,0.0,-47.875,132.125,9.32,0.72
2024-09-01T12:00:00Z,0.0,-47.875,136.125,9.03,0.47
2024-09-01T12:00:00Z,0.0,-47.875,140.125,9.31,0.44
2024-09-01T12:00:00Z,0.0,-47.875,144.125,9.84,0.91
2024-09-01T12:00:00Z,0.0,-47.875,148.125,8.88,-0.28
2024-09-01T12:00:00Z,0.0,-47.875,152.125,11.11,1.93
2024-09-01T12:00:00Z,0.0,-47.875,156.125,9.48,0.52
2024-09-01T12:00:00Z,0.0,-47.875,160.125,9.55,0.52
2024-09-01T12:00:00Z,0.0,-47.875,164.125,11.21,1.24
2024-09-01T12:00:00Z,0.0,-47.875,168.125,10.71,1.29
2024-09-01T12:00:00Z,0.0,-47.875,172.125,8.24,0.54
2024-09-01T12:00:00Z,0.0,-47.875,176.125,7.99,0.3
2024-09-01T12:00:00Z,0.0,-47.875,180.125,8.69,0.97
2024-09-01T12:00:00Z,0.0,-47.875,184.125,10.31,1.36
2024-09-01T12:00:00Z,0.0,-47.875,188.125,10.63,1.12
2024-09-01T12:00:00Z,0.0,-47.875,192.125,10.1,0.82
2024-09-01T12:00:00Z,0.0,-47.875,196.125,10.05,1.05
2024-09-01T12:00:00Z,0.0,-47.875,200.125,10.01,1.19
2024-09-01T12:00:00Z,0.0,-47.875,204.125,9.52,0.96
2024-09-01T12:00:00Z,0.0,-47.875,208.125,9.71,1.36
2024-09-01T12:00:00Z,0.0,-47.875,212.125,9.0,0.86
2024-09-01T12:00:00Z,0.0,-47.875,216.125,8.96,0.98
2024-09-01T12:00:00Z,0.0,-47.875,220.125,8.97,1.12
2024-09-01T12:00:00Z,0.0,-47.875,224.125,8.69,0.94
2024-09-01T12:00:00Z,0.0,-47.875,228.125,8.29,0.7
2024-09-01T12:00:00Z,0.0,-47.875,232.125,8.07,0.64
2024-09-01T12:00:00Z,0.0,-47.875,236.125,7.88,0.52
2024-09-01T12:00:00Z,0.0,-47.875,240.125,8.17,0.96
2024-09-01T12:00:00Z,0.0,-47.875,244.125,7.9,0.62
2024-09-01T12:00:00Z,0.0,-47.875,248.125,8.59,1.17
2024-09-01T12:00:00Z,0.0,-47.875,252.125,8.13,0.73
2024-09-01T12:00:00Z,0.0,-47.875,256.125,7.88,0.61
2024-09-01T12:00:00Z,0.0,-47.875,260.125,7.36,0.28
2024-09-01T12:00:00Z,0.0,-47.875,264.125,7.24,0.23
2024-09-01T12:00:00Z,0.0,-47.875,268.125,6.91,-0.08
2024-09-01T12:00:00Z,0.0,-47.875,272.125,6.75,-0.28
2024-09-01T12:00:00Z,0.0,-47.875,276.125,7.18,-0.13
2024-09-01T12:00:00Z,0.0,-47.875,280.125,7.23,-0.68
2024-09-01T12:00:00Z,0.0,-47.875,284.125,8.54,-0.23
2024-09-01T12:00:00Z,0.0,-47.875,288.125,NaN,NaN
2024-09-01T12:00:00Z,0.0,-47.875,292.125,NaN,NaN
2024-09-01T12:00:00Z,0.0,-47.875,296.125,7.07,-0.02
2024-09-01T12:00:00Z,0.0,-47.875,300.125,5.88,-0.03
2024-09-01T12:00:00Z,0.0,-47.875,304.125,5.91,-0.03
2024-09-01T12:00:00Z,0.0,-47.875,308.125,10.54,3.01
2024-09-01T12:00:00Z,0.0,-47.875,312.125,7.9,0.33
2024-09-01T12:00:00Z,0.0,-47.875,316.125,9.47,2.42
2024-09-01T12:00:00Z,0.0,-47.875,320.125,8.53,2.3
2024-09-01T12:00:00Z,0.0,-47.875,324.125,8.18,2.62
2024-09-01T12:00:00Z,0.0,-47.875,328.125,4.36,-0.33
2024-09-01T12:00:00Z,0.0,-47.875,332.125,3.77,-0.38
2024-09-01T12:00:00Z,0.0,-47.875,336.125,2.57,-1.33
2024-09-01T12:00:00Z,0.0,-47.875,340.125,4.72,0.4
2024-09-01T12:00:00Z,0.0,-47.875,344.125,3.49,-0.51
2024-09-01T12:00:00Z,0.0,-47.875,348.125,3.08,0.17
2024-09-01T12:00:00Z,0.0,-47.875,352.125,1.85,-0.53
2024-09-01T12:00:00Z,0.0,-47.875,356.125,2.87,-0.38
2024-09-01T12:00:00Z,0.0,-43.875,0.125,9.35,1.63
2024-09-01T12:00:00Z,0.0,-43.875,4.125,8.98,1.35
2024-09-01T12:00:00Z,0.0,-43.875,8.125,7.46,0.29
2024-09-01T12:00:00Z,0.0,-43.875,12.125,7.73,-0.07
2024-09-01T12:00:00Z,0.0,-43.875,16.125,12.15,3.46
2024-09-01T12:00:00Z,0.0,-43.875,20.125,13.47,4.55
2024-09-01T12:00:00Z,0.0,-43.875,24.125,10.07,1.02
2024-09-01T12:00:00Z,0.0,-43.875,28.125,10.43,1.28
2024-09-01T12:00:00Z,0.0,-43.875,32.125,9.41,0.71
2024-09-01T12:00:00Z,0.0,-43.875,36.125,7.9,0.38
2024-09-01T12:00:00Z,0.0,-43.875,40.125,7.33,0.43
2024-09-01T12:00:00Z,0.0,-43.875,44.125,6.08,-0.32
2024-09-01T12:00:00Z,0.0,-43.875,48.125,5.71,0.35
2024-09-01T12:00:00Z,0.0,-43.875,52.125,6.76,0.94
2024-09-01T12:00:00Z,0.0,-43.875,56.125,7.86,-0.63
2024-09-01T12:00:00Z,0.0,-43.875,60.125,9.08,-2.38
2024-09-01T12:00:00Z,0.0,-43.875,64.125,12.12,1.36
2024-09-01T12:00:00Z,0.0,-43.875,68.125,8.36,-1.51
2024-09-01T12:00:00Z,0.0,-43.875,72.125,12.66,2.23
2024-09-01T12:00:00Z,0.0,-43.875,76.125,11.01,0.52
2024-09-01T12:00:00Z,0.0,-43.875,80.125,9.81,0.03
2024-09-01T12:00:00Z,0.0,-43.875,84.125,9.19,-0.84
2024-09-01T12:00:00Z,0.0,-43.875,88.125,9.81,0.01
2024-09-01T12:00:00Z,0.0,-43.875,92.125,9.81,0.29
2024-09-01T12:00:00Z,0.0,-43.875,96.125,10.6,1.03
2024-09-01T12:00:00Z,0.0,-43.875,100.125,10.79,0.89
2024-09-01T12:00:00Z,0.0,-43.875,104.125,10.59,0.64
2024-09-01T12:00:00Z,0.0,-43.875,108.125,10.52,0.62
2024-09-01T12:00:00Z,0.0,-43.875,112.125,10.19,0.41
2024-09-01T12:00:00Z,0.0,-43.875,116.125,9.96,0.24
2024-09-01T12:00:00Z,0.0,-43.875,120.125,10.05,0.35
2024-09-01T12:00:00Z,0.0,-43.875,124.125,9.72,-0.01
2024-09-01T12:00:00Z,0.0,-43.875,128.125,10.25,0.49
2024-09-01T12:00:00Z,0.0,-43.875,132.125,10.08,0.19
2024-09-01T12:00:00Z,0.0,-43.875,136.125,10.43,0.35
2024-09-01T12:00:00Z,0.0,-43.875,140.125,11.44,0.94
2024-09-01T12:00:00Z,0.0,-43.875,144.125,11.63,0.38
2024-09-01T12:00:00Z,0.0,-43.875,148.125,13.36,1.4
2024-09-01T12:00:00Z,0.0,-43.875,152.125,13.75,2.03
2024-09-01T12:00:00Z,0.0,-43.875,156.125,13.39,2.15
2024-09-01T12:00:00Z,0.0,-43.875,160.125,12.73,1.49
2024-09-01T12:00:00Z,0.0,-43.875,164.125,12.62,1.16
2024-09-01T12:00:00Z,0.0,-43.875,168.125,12.93,0.85
2024-09-01T12:00:00Z,0.0,-43.875,172.125,10.06,0.43
2024-09-01T12:00:00Z,0.0,-43.875,176.125,11.57,1.21
2024-09-01T12:00:00Z,0.0,-43.875,180.125,11.39,0.9
2024-09-01T12:00:00Z,0.0,-43.875,184.125,11.56,0.35
2024-09-01T12:00:00Z,0.0,-43.875,188.125,11.56,0.5
2024-09-01T12:00:00Z,0.0,-43.875,192.125,11.11,0.71
2024-09-01T12:00:00Z,0.0,-43.875,196.125,10.37,0.42
2024-09-01T12:00:00Z,0.0,-43.875,200.125,10.19,0.58
2024-09-01T12:00:00Z,0.0,-43.875,204.125,10.15,0.61
2024-09-01T12:00:00Z,0.0,-43.875,208.125,10.26,0.69
2024-09-01T12:00:00Z,0.0,-43.875,212.125,9.71,0.25
2024-09-01T12:00:00Z,0.0,-43.875,216.125,9.75,0.35
2024-09-01T12:00:00Z,0.0,-43.875,220.125,9.55,0.23
2024-09-01T12:00:00Z,0.0,-43.875,224.125,9.31,0.0
2024-09-01T12:00:00Z,0.0,-43.875,228.125,9.88,0.61
2024-09-01T12:00:00Z,0.0,-43.875,232.125,10.02,0.83
2024-09-01T12:00:00Z,0.0,-43.875,236.125,9.75,0.6
2024-09-01T12:00:00Z,0.0,-43.875,240.125,9.72,0.59
2024-09-01T12:00:00Z,0.0,-43.875,244.125,9.73,0.55
2024-09-01T12:00:00Z,0.0,-43.875,248.125,9.78,0.5
2024-09-01T12:00:00Z,0.0,-43.875,252.125,10.0,0.81
2024-09-01T12:00:00Z,0.0,-43.875,256.125,9.27,0.3
2024-09-01T12:00:00Z,0.0,-43.875,260.125,9.2,0.34
2024-09-01T12:00:00Z,0.0,-43.875,264.125,9.21,0.32
2024-09-01T12:00:00Z,0.0,-43.875,268.125,8.79,-0.14
2024-09-01T12:00:00Z,0.0,-43.875,272.125,8.57,-0.5
2024-09-01T12:00:00Z,0.0,-43.875,276.125,8.82,-0.47
2024-09-01T12:00:00Z,0.0,-43.875,280.125,9.05,-0.63
2024-09-01T12:00:00Z,0.0,-43.875,284.125,9.57,-0.48
2024-09-01T12:00:00Z,0.0,-43.875,288.125,NaN,NaN
2024-09-01T12:00:00Z,0.0,-43.875,292.125,NaN,NaN
2024-09-01T12:00:00Z,0.0,-43.875,296.125,9.48,0.41
2024-09-01T12:00:00Z,0.0,-43.875,300.125,7.03,-0.01
2024-09-01T12:00:00Z,0.0,-43.875,304.125,8.19,-0.07
2024-09-01T12:00:00Z,0.0,-43.875,308.125,13.33,2.0
2024-09-01T12:00:00Z,0.0,-43.875,312.125,11.28,1.72
2024-09-01T12:00:00Z,0.0,-43.875,316.125,8.59,-0.05
2024-09-01T12:00:00Z,0.0,-43.875,320.125,7.97,-0.45
2024-09-01T12:00:00Z,0.0,-43.875,324.125,8.17,-0.22
2024-09-01T12:00:00Z,0.0,-43.875,328.125,9.56,1.31
2024-09-01T12:00:00Z,0.0,-43.875,332.125,7.04,-1.29
2024-09-01T12:00:00Z,0.0,-43.875,336.125,9.78,1.04
2024-09-01T12:00:00Z,0.0,-43.875,340.125,8.91,0.22
2024-09-01T12:00:00Z,0.0,-43.875,344.125,6.6,-1.24
2024-09-01T12:00:00Z,0.0,-43.875,348.125,10.06,2.1
2024-09-01T12:00:00Z,0.0,-43.875,352.125,9.43,1.39
2024-09-01T12:00:00Z,0.0,-43.875,356.125,8.23,0.47
2024-09-01T12:00:00Z,0.0,-39.875,0.125,10.57,0.01
2024-09-01T12:00:00Z,0.0,-39.875,4.125,11.68,1.18
2024-09-01T12:00:00Z,0.0,-39.875,8.125,11.98,0.85
2024-09-01T12:00:00Z,0.0,-39.875,12.125,12.23,-0.44
2024-09-01T12:00:00Z,0.0,-39.875,16.125,18.48,3.63
2024-09-01T12:00:00Z,0.0,-39.875,20.125,18.08,1.9
2024-09-01T12:00:00Z,0.0,-39.875,24.125,17.45,2.51
2024-09-01T12:00:00Z,0.0,-39.875,28.125,14.43,-0.29
2024-09-01T12:00:00Z,0.0,-39.875,32.125,13.3,-1.7
2024-09-01T12:00:00Z,0.0,-39.875,36.125,17.37,2.43
2024-09-01T12:00:00Z,0.0,-39.875,40.125,14.64,0.35
2024-09-01T12:00:00Z,0.0,-39.875,44.125,16.23,1.36
2024-09-01T12:00:00Z,0.0,-39.875,48.125,16.58,2.18
2024-09-01T12:00:00Z,0.0,-39.875,52.125,15.87,1.4
2024-09-01T12:00:00Z,0.0,-39.875,56.125,14.66,-0.28
2024-09-01T12:00:00Z,0.0,-39.875,60.125,13.96,-0.64
2024-09-01T12:00:00Z,0.0,-39.875,64.125,14.07,0.11
2024-09-01T12:00:00Z,0.0,-39.875,68.125,13.98,0.42
2024-09-01T12:00:00Z,0.0,-39.875,72.125,13.17,-0.03
2024-09-01T12:00:00Z,0.0,-39.875,76.125,12.69,-0.09
2024-09-01T12:00:00Z,0.0,-39.875,80.125,12.2,-0.22
2024-09-01T12:00:00Z,0.0,-39.875,84.125,11.89,-0.18
2024-09-01T12:00:00Z,0.0,-39.875,88.125,11.46,-0.27
2024-09-01T12:00:00Z,0.0,-39.875,92.125,10.95,-0.5
2024-09-01T12:00:00Z,0.0,-39.875,96.125,11.12,-0.13
2024-09-01T12:00:00Z,0.0,-39.875,100.125,11.01,-0.08
2024-09-01T12:00:00Z,0.0,-39.875,104.125,11.6,0.32
2024-09-01T12:00:00Z,0.0,-39.875,108.125,10.91,-0.53
2024-09-01T12:00:00Z,0.0,-39.875,112.125,12.77,1.03
2024-09-01T12:00:00Z,0.0,-39.875,116.125,11.77,-0.24
2024-09-01T12:00:00Z,0.0,-39.875,120.125,12.43,0.61
2024-09-01T12:00:00Z,0.0,-39.875,124.125,12.11,0.4
2024-09-01T12:00:00Z,0.0,-39.875,128.125,12.09,0.36
2024-09-01T12:00:00Z,0.0,-39.875,132.125,11.54,-0.36
2024-09-01T12:00:00Z,0.0,-39.875,136.125,11.33,-0.83
2024-09-01T12:00:00Z,0.0,-39.875,140.125,13.67,0.67
2024-09-01T12:00:00Z,0.0,-39.875,144.125,13.74,0.78
2024-09-01T12:00:00Z,0.0,-39.875,148.125,12.81,-0.44
2024-09-01T12:00:00Z,0.0,-39.875,152.125,15.7,1.32
2024-09-01T12:00:00Z,0.0,-39.875,156.125,14.91,0.85
2024-09-01T12:00:00Z,0.0,-39.875,160.125,14.46,0.64
2024-09-01T12:00:00Z,0.0,-39.875,164.125,14.57,1.11
2024-09-01T12:00:00Z,0.0,-39.875,168.125,14.21,0.75
2024-09-01T12:00:00Z,0.0,-39.875,172.125,14.23,0.6
2024-09-01T12:00:00Z,0.0,-39.875,176.125,NaN,NaN
2024-09-01T12:00:00Z,0.0,-39.875,180.125,14.31,0.36
2024-09-01T12:00:00Z,0.0,-39.875,184.125,13.36,0.19
2024-09-01T12:00:00Z,0.0,-39.875,188.125,13.22,0.65
2024-09-01T12:00:00Z,0.0,-39.875,192.125,13.05,0.81
2024-09-01T12:00:00Z,0.0,-39.875,196.125,12.73,0.76
2024-09-01T12:00:00Z,0.0,-39.875,200.125,12.81,1.03
2024-09-01T12:00:00Z,0.0,-39.875,204.125,12.35,0.58
2024-09-01T12:00:00Z,0.0,-39.875,208.125,12.09,0.39
2024-09-01T12:00:00Z,0.0,-39.875,212.125,11.95,0.36
2024-09-01T12:00:00Z,0.0,-39.875,216.125,12.1,0.54
2024-09-01T12:00:00Z,0.0,-39.875,220.125,11.78,0.2
2024-09-01T12:00:00Z,0.0,-39.875,224.125,12.5,0.78
2024-09-01T12:00:00Z,0.0,-39.875,228.125,12.36,0.68
2024-09-01T12:00:00Z,0.0,-39.875,232.125,11.87,0.27
2024-09-01T12:00:00Z,0.0,-39.875,236.125,12.42,0.92
2024-09-01T12:00:00Z,0.0,-39.875,240.125,12.17,0.67
2024-09-01T12:00:00Z,0.0,-39.875,244.125,12.27,0.75
2024-09-01T12:00:00Z,0.0,-39.875,248.125,12.1,0.47
2024-09-01T12:00:00Z,0.0,-39.875,252.125,11.86,0.42
2024-09-01T12:00:00Z,0.0,-39.875,256.125,11.87,0.67
2024-09-01T12:00:00Z,0.0,-39.875,260.125,10.83,-0.3
2024-09-01T12:00:00Z,0.0,-39.875,264.125,11.15,-0.04
2024-09-01T12:00:00Z,0.0,-39.875,268.125,10.98,-0.42
2024-09-01T12:00:00Z,0.0,-39.875,272.125,11.87,0.32
2024-09-01T12:00:00Z,0.0,-39.875,276.125,11.45,-0.18
2024-09-01T12:00:00Z,0.0,-39.875,280.125,11.52,-0.16
2024-09-01T12:00:00Z,0.0,-39.875,284.125,10.95,-0.6
2024-09-01T12:00:00Z,0.0,-39.875,288.125,NaN,NaN
2024-09-01T12:00:00Z,0.0,-39.875,292.125,NaN,NaN
2024-09-01T12:00:00Z,0.0,-39.875,296.125,NaN,NaN
2024-09-01T12:00:00Z,0.0,-39.875,300.125,10.75,0.66
2024-09-01T12:00:00Z,0.0,-39.875,304.125,6.88,-1.18
2024-09-01T12:00:00Z,0.0,-39.875,308.125,15.18,1.19
2024-09-01T12:00:00Z,0.0,-39.875,312.125,11.95,-1.37
2024-09-01T12:00:00Z,0.0,-39.875,316.125,13.62,0.82
2024-09-01T12:00:00Z,0.0,-39.875,320.125,12.15,-0.77
2024-09-01T12:00:00Z,0.0,-39.875,324.125,12.46,-0.34
2024-09-01T12:00:00Z,0.0,-39.875,328.125,14.16,1.25
2024-09-01T12:00:00Z,0.0,-39.875,332.125,13.84,1.02
2024-09-01T12:00:00Z,0.0,-39.875,336.125,12.82,0.4
2024-09-01T12:00:00Z,0.0,-39.875,340.125,12.01,0.11
2024-09-01T12:00:00Z,0.0,-39.875,344.125,11.59,-0.06
2024-09-01T12:00:00Z,0.0,-39.875,348.125,11.5,0.07
2024-09-01T12:00:00Z,0.0,-39.875,352.125,10.97,0.16
2024-09-01T12:00:00Z,0.0,-39.875,356.125,10.83,0.27
2024-09-01T12:00:00Z,0.0,-35.875,0.125,14.59,0.17
2024-09-01T12:00:00Z,0.0,-35.875,4.125,15.42,0.93
2024-09-01T12:00:00Z,0.0,-35.875,8.125,16.34,1.67
2024-09-01T12:00:00Z,0.0,-35.875,12.125,15.58,0.25
2024-09-01T12:00:00Z,0.0,-35.875,16.125,14.28,-1.71
2024-09-01T12:00:00Z,0.0,-35.875,20.125,16.08,-0.6
2024-09-01T12:00:00Z,0.0,-35.875,24.125,19.09,0.38
2024-09-01T12:00:00Z,0.0,-35.875,28.125,18.37,-0.16
2024-09-01T12:00:00Z,0.0,-35.875,32.125,19.78,1.61
2024-09-01T12:00:00Z,0.0,-35.875,36.125,17.44,-0.44
2024-09-01T12:00:00Z,0.0,-35.875,40.125,17.45,0.08
2024-09-01T12:00:00Z,0.0,-35.875,44.125,16.86,-0.15
2024-09-01T12:00:00Z,0.0,-35.875,48.125,16.56,-0.04
2024-09-01T12:00:00Z,0.0,-35.875,52.125,16.09,-0.1
2024-09-01T12:00:00Z,0.0,-35.875,56.125,15.7,-0.04
2024-09-01T12:00:00Z,0.0,-35.875,60.125,14.94,-0.39
2024-09-01T12:00:00Z,0.0,-35.875,64.125,15.02,0.03
2024-09-01T12:00:00Z,0.0,-35.875,68.125,14.35,-0.35
2024-09-01T12:00:00Z,0.0,-35.875,72.125,13.77,-0.56
2024-09-01T12:00:00Z,0.0,-35.875,76.125,14.23,0.23
2024-09-01T12:00:00Z,0.0,-35.875,80.125,13.95,0.23
2024-09-01T12:00:00Z,0.0,-35.875,84.125,13.68,0.13
2024-09-01T12:00:00Z,0.0,-35.875,88.125,12.76,-0.48
2024-09-01T12:00:00Z,0.0,-35.875,92.125,13.9,0.87
2024-09-01T12:00:00Z,0.0,-35.875,96.125,12.55,-0.52
2024-09-01T12:00:00Z,0.0,-35.875,100.125,12.92,-0.2
2024-09-01T12:00:00Z,0.0,-35.875,104.125,13.59,-0.01
2024-09-01T12:00:00Z,0.0,-35.875,108.125,14.61,0.17
2024-09-01T12:00:00Z,0.0,-35.875,112.125,15.16,-0.17
2024-09-01T12:00:00Z,0.0,-35.875,116.125,15.89,-0.22
2024-09-01T12:00:00Z,0.0,-35.875,120.125,16.25,0.58
2024-09-01T12:00:00Z,0.0,-35.875,124.125,15.72,0.93
2024-09-01T12:00:00Z,0.0,-35.875,128.125,14.15,-0.01
2024-09-01T12:00:00Z,0.0,-35.875,132.125,13.72,-0.83
2024-09-01T12:00:00Z,0.0,-35.875,136.125,15.36,0.63
2024-09-01T12:00:00Z,0.0,-35.875,140.125,NaN,NaN
2024-09-01T12:00:00Z,0.0,-35.875,144.125,NaN,NaN
2024-09-01T12:00:00Z,0.0,-35.875,148.125,NaN,NaN
2024-09-01T12:00:00Z,0.0,-35.875,152.125,17.83,0.64
2024-09-01T12:00:00Z,0.0,-35.875,156.125,17.71,0.95
2024-09-01T12:00:00Z,0.0,-35.875,160.125,16.22,-0.22
2024-09-01T12:00:00Z,0.0,-35.875,164.125,16.15,0.29
2024-09-01T12:00:00Z,0.0,-35.875,168.125,16.65,1.38
2024-09-01T12:00:00Z,0.0,-35.875,172.125,15.85,0.76
2024-09-01T12:00:00Z,0.0,-35.875,176.125,16.55,0.75
2024-09-01T12:00:00Z,0.0,-35.875,180.125,15.93,0.57
2024-09-01T12:00:00Z,0.0,-35.875,184.125,15.8,1.25
2024-09-01T12:00:00Z,0.0,-35.875,188.125,14.79,0.59
2024-09-01T12:00:00Z,0.0,-35.875,192.125,15.09,0.87
2024-09-01T12:00:00Z,0.0,-35.875,196.125,14.8,0.66
2024-09-01T12:00:00Z,0.0,-35.875,200.125,15.0,0.96
2024-09-01T12:00:00Z,0.0,-35.875,204.125,15.36,1.31
2024-09-01T12:00:00Z,0.0,-35.875,208.125,14.84,0.75
2024-09-01T12:00:00Z,0.0,-35.875,212.125,15.13,0.97
2024-09-01T12:00:00Z,0.0,-35.875,216.125,15.12,0.93
2024-09-01T12:00:00Z,0.0,-35.875,220.125,14.76,0.5
2024-09-01T12:00:00Z,0.0,-35.875,224.125,14.7,0.34
2024-09-01T12:00:00Z,0.0,-35.875,228.125,14.79,0.49
2024-09-01T12:00:00Z,0.0,-35.875,232.125,14.57,0.29
2024-09-01T12:00:00Z,0.0,-35.875,236.125,14.22,0.0
2024-09-01T12:00:00Z,0.0,-35.875,240.125,14.84,0.68
2024-09-01T12:00:00Z,0.0,-35.875,244.125,15.28,1.03
2024-09-01T12:00:00Z,0.0,-35.875,248.125,14.22,0.02
2024-09-01T12:00:00Z,0.0,-35.875,252.125,13.81,-0.34
2024-09-01T12:00:00Z,0.0,-35.875,256.125,14.26,0.33
2024-09-01T12:00:00Z,0.0,-35.875,260.125,13.74,-0.25
2024-09-01T12:00:00Z,0.0,-35.875,264.125,14.51,0.5
2024-09-01T12:00:00Z,0.0,-35.875,268.125,14.36,0.36
2024-09-01T12:00:00Z,0.0,-35.875,272.125,14.18,0.24
2024-09-01T12:00:00Z,0.0,-35.875,276.125,13.72,0.01
2024-09-01T12:00:00Z,0.0,-35.875,280.125,13.18,-0.29
2024-09-01T12:00:00Z,0.0,-35.875,284.125,11.98,-0.99
2024-09-01T12:00:00Z,0.0,-35.875,288.125,NaN,NaN
2024-09-01T12:00:00Z,0.0,-35.875,292.125,NaN,NaN
2024-09-01T12:00:00Z,0.0,-35.875,296.125,NaN,NaN
2024-09-01T12:00:00Z,0.0,-35.875,300.125,NaN,NaN
2024-09-01T12:00:00Z,0.0,-35.875,304.125,11.04,0.46
2024-09-01T12:00:00Z,0.0,-35.875,308.125,18.41,3.26
2024-09-01T12:00:00Z,0.0,-35.875,312.125,16.98,0.66
2024-09-01T12:00:00Z,0.0,-35.875,316.125,16.41,0.49
2024-09-01T12:00:00Z,0.0,-35.875,320.125,15.72,0.11
2024-09-01T12:00:00Z,0.0,-35.875,324.125,15.49,0.08
2024-09-01T12:00:00Z,0.0,-35.875,328.125,14.84,-0.2
2024-09-01T12:00:00Z,0.0,-35.875,332.125,14.03,-0.72
2024-09-01T12:00:00Z,0.0,-35.875,336.125,13.75,-0.8
2024-09-01T12:00:00Z,0.0,-35.875,340.125,14.02,-0.39
2024-09-01T12:00:00Z,0.0,-35.875,344.125,14.84,0.25
2024-09-01T12:00:00Z,0.0,-35.875,348.125,14.53,-0.04
2024-09-01T12:00:00Z,0.0,-35.875,352.125,13.97,-0.33
2024-09-01T12:00:00Z,0.0,-35.875,356.125,14.91,0.75
2024-09-01T12:00:00Z,0.0,-31.875,0.125,16.12,-0.61
2024-09-01T12:00:00Z,0.0,-31.875,4.125,16.98,0.36
2024-09-01T12:00:00Z,0.0,-31.875,8.125,16.35,0.09
2024-09-01T12:00:00Z,0.0,-31.875,12.125,16.41,0.56
2024-09-01T12:00:00Z,0.0,-31.875,16.125,15.43,0.07
2024-09-01T12:00:00Z,0.0,-31.875,20.125,NaN,NaN
2024-09-01T12:00:00Z,0.0,-31.875,24.125,NaN,NaN
2024-09-01T12:00:00Z,0.0,-31.875,28.125,NaN,NaN
2024-09-01T12:00:00Z,0.0,-31.875,32.125,19.99,-0.74
2024-09-01T12:00:00Z,0.0,-31.875,36.125,20.72,0.6
2024-09-01T12:00:00Z,0.0,-31.875,40.125,17.74,-1.99
2024-09-01T12:00:00Z,0.0,-31.875,44.125,18.77,-0.32
2024-09-01T12:00:00Z,0.0,-31.875,48.125,17.66,-0.93
2024-09-01T12:00:00Z,0.0,-31.875,52.125,16.75,-1.58
2024-09-01T12:00:00Z,0.0,-31.875,56.125,18.26,0.3
2024-09-01T12:00:00Z,0.0,-31.875,60.125,18.24,0.56
2024-09-01T12:00:00Z,0.0,-31.875,64.125,17.84,0.41
2024-09-01T12:00:00Z,0.0,-31.875,68.125,17.55,0.46
2024-09-01T12:00:00Z,0.0,-31.875,72.125,17.04,0.4
2024-09-01T12:00:00Z,0.0,-31.875,76.125,16.07,-0.41
2024-09-01T12:00:00Z,0.0,-31.875,80.125,16.98,0.74
2024-09-01T12:00:00Z,0.0,-31.875,84.125,15.96,0.08
2024-09-01T12:00:00Z,0.0,-31.875,88.125,16.61,0.8
2024-09-01T12:00:00Z,0.0,-31.875,92.125,15.79,0.17
2024-09-01T12:00:00Z,0.0,-31.875,96.125,16.07,0.42
2024-09-01T12:00:00Z,0.0,-31.875,100.125,15.29,-0.41
2024-09-01T12:00:00Z,0.0,-31.875,104.125,15.63,-0.32
2024-09-01T12:00:00Z,0.0,-31.875,108.125,17.28,0.31
2024-09-01T12:00:00Z,0.0,-31.875,112.125,19.26,0.79
2024-09-01T12:00:00Z,0.0,-31.875,116.125,NaN,NaN
2024-09-01T12:00:00Z,0.0,-31.875,120.125,NaN,NaN
2024-09-01T12:00:00Z,0.0,-31.875,124.125,NaN,NaN
2024-09-01T12:00:00Z,0.0,-31.875,128.125,NaN,NaN
2024-09-01T12:00:00Z,0.0,-31.875,132.125,15.82,-0.63
2024-09-01T12:00:00Z,0.0,-31.875,136.125,NaN,NaN
2024-09-01T12:00:00Z,0.0,-31.875,140.125,NaN,NaN
2024-09-01T12:00:00Z,0.0,-31.875,144.125,NaN,NaN
2024-09-01T12:00:00Z,0.0,-31.875,148.125,NaN,NaN
2024-09-01T12:00:00Z,0.0,-31.875,152.125,NaN,NaN
2024-09-01T12:00:00Z,0.0,-31.875,156.125,21.54,2.28
2024-09-01T12:00:00Z,0.0,-31.875,160.125,19.79,1.2
2024-09-01T12:00:00Z,0.0,-31.875,164.125,19.19,1.04
2024-09-01T12:00:00Z,0.0,-31.875,168.125,17.92,0.3
2024-09-01T12:00:00Z,0.0,-31.875,172.125,19.09,1.59
2024-09-01T12:00:00Z,0.0,-31.875,176.125,18.08,0.74
2024-09-01T12:00:00Z,0.0,-31.875,180.125,18.35,1.39
2024-09-01T12:00:00Z,0.0,-31.875,184.125,17.87,1.19
2024-09-01T12:00:00Z,0.0,-31.875,188.125,16.85,0.23
2024-09-01T12:00:00Z,0.0,-31.875,192.125,17.13,0.46
2024-09-01T12:00:00Z,0.0,-31.875,196.125,16.76,0.1
2024-09-01T12:00:00Z,0.0,-31.875,200.125,17.17,0.5
2024-09-01T12:00:00Z,0.0,-31.875,204.125,17.07,0.38
2024-09-01T12:00:00Z,0.0,-31.875,208.125,16.57,-0.2
2024-09-01T12:00:00Z,0.0,-31.875,212.125,17.13,0.26
2024-09-01T12:00:00Z,0.0,-31.875,216.125,17.2,0.23
2024-09-01T12:00:00Z,0.0,-31.875,220.125,16.48,-0.64
2024-09-01T12:00:00Z,0.0,-31.875,224.125,16.81,-0.32
2024-09-01T12:00:00Z,0.0,-31.875,228.125,17.07,-0.21
2024-09-01T12:00:00Z,0.0,-31.875,232.125,16.85,-0.45
2024-09-01T12:00:00Z,0.0,-31.875,236.125,16.38,-0.88
2024-09-01T12:00:00Z,0.0,-31.875,240.125,17.44,0.13
2024-09-01T12:00:00Z,0.0,-31.875,244.125,16.9,-0.39
2024-09-01T12:00:00Z,0.0,-31.875,248.125,16.81,-0.32
2024-09-01T12:00:00Z,0.0,-31.875,252.125,17.98,0.97
2024-09-01T12:00:00Z,0.0,-31.875,256.125,17.29,0.3
2024-09-01T12:00:00Z,0.0,-31.875,260.125,16.96,0.12
2024-09-01T12:00:00Z,0.0,-31.875,264.125,16.87,0.24
2024-09-01T12:00:00Z,0.0,-31.875,268.125,16.79,0.42
2024-09-01T12:00:00Z,0.0,-31.875,272.125,16.9,0.85
2024-09-01T12:00:00Z,0.0,-31.875,276.125,16.28,0.6
2024-09-01T12:00:00Z,0.0,-31.875,280.125,14.88,-0.4
2024-09-01T12:00:00Z,0.0,-31.875,284.125,14.1,-0.49
2024-09-01T12:00:00Z,0.0,-31.875,288.125,12.77,-0.79
2024-09-01T12:00:00Z,0.0,-31.875,292.125,NaN,NaN
2024-09-01T12:00:00Z,0.0,-31.875,296.125,NaN,NaN
2024-09-01T12:00:00Z,0.0,-31.875,300.125,NaN,NaN
2024-09-01T12:00:00Z,0.0,-31.875,304.125,NaN,NaN
2024-09-01T12:00:00Z,0.0,-31.875,308.125,13.5,-1.89
2024-09-01T12:00:00Z,0.0,-31.875,312.125,21.09,2.28
2024-09-01T12:00:00Z,0.0,-31.875,316.125,18.21,0.14
2024-09-01T12:00:00Z,0.0,-31.875,320.125,17.45,-0.32
2024-09-01T12:00:00Z,0.0,-31.875,324.125,18.07,0.23
2024-09-01T12:00:00Z,0.0,-31.875,328.125,16.84,-1.03
2024-09-01T12:00:00Z,0.0,-31.875,332.125,17.68,0.0
2024-09-01T12:00:00Z,0.0,-31.875,336.125,16.76,-0.84
2024-09-01T12:00:00Z,0.0,-31.875,340.125,17.21,-0.38
2024-09-01T12:00:00Z,0.0,-31.875,344.125,16.66,-0.61
2024-09-01T12:00:00Z,0.0,-31.875,348.125,16.35,-0.77
2024-09-01T12:00:00Z,0.0,-31.875,352.125,16.36,-0.75
2024-09-01T12:00:00Z,0.0,-31.875,356.125,16.47,-0.45
2024-09-01T12:00:00Z,0.0,-27.875,0.125,18.5,0.44
2024-09-01T12:00:00Z,0.0,-27.875,4.125,18.28,0.72
2024-09-01T12:00:00Z,0.0,-27.875,8.125,17.34,0.48
2024-09-01T12:00:00Z,0.0,-27.875,12.125,16.53,0.53
2024-09-01T12:00:00Z,0.0,-27.875,16.125,NaN,NaN
2024-09-01T12:00:00Z,0.0,-27.875,20.125,NaN,NaN
2024-09-01T12:00:00Z,0.0,-27.875,24.125,NaN,NaN
2024-09-01T12:00:00Z,0.0,-27.875,28.125,NaN,NaN
2024-09-01T12:00:00Z,0.0,-27.875,32.125,NaN,NaN
2024-09-01T12:00:00Z,0.0,-27.875,36.125,22.07,-0.02
2024-09-01T12:00:00Z,0.0,-27.875,40.125,22.79,0.89
2024-09-01T12:00:00Z,0.0,-27.875,44.125,23.26,1.26
2024-09-01T12:00:00Z,0.0,-27.875,48.125,20.92,-0.39
2024-09-01T12:00:00Z,0.0,-27.875,52.125,20.3,-0.59
2024-09-01T12:00:00Z,0.0,-27.875,56.125,20.64,0.04
2024-09-01T12:00:00Z,0.0,-27.875,60.125,20.84,0.56
2024-09-01T12:00:00Z,0.0,-27.875,64.125,19.89,-0.03
2024-09-01T12:00:00Z,0.0,-27.875,68.125,19.99,0.43
2024-09-01T12:00:00Z,0.0,-27.875,72.125,19.86,0.51
2024-09-01T12:00:00Z,0.0,-27.875,76.125,20.63,1.26
2024-09-01T12:00:00Z,0.0,-27.875,80.125,18.7,-0.28
2024-09-01T12:00:00Z,0.0,-27.875,84.125,18.81,-0.02
2024-09-01T12:00:00Z,0.0,-27.875,88.125,19.34,0.63
2024-09-01T12:00:00Z,0.0,-27.875,92.125,17.86,-0.76
2024-09-01T12:00:00Z,0.0,-27.875,96.125,18.51,0.0
2024-09-01T12:00:00Z,0.0,-27.875,100.125,19.31,0.7
2024-09-01T12:00:00Z,0.0,-27.875,104.125,18.52,-0.35
2024-09-01T12:00:00Z,0.0,-27.875,108.125,19.87,0.28
2024-09-01T12:00:00Z,0.0,-27.875,112.125,21.13,0.51
2024-09-01T12:00:00Z,0.0,-27.875,116.125,NaN,NaN
2024-09-01T12:00:00Z,0.0,-27.875,120.125,NaN,NaN
2024-09-01T12:00:00Z,0.0,-27.875,124.125,NaN,NaN
2024-09-01T12:00:00Z,0.0,-27.875,128.125,NaN,NaN
2024-09-01T12:00:00Z,0.0,-27.875,132.125,NaN,NaN
2024-09-01T12:00:00Z,0.0,-27.875,136.125,NaN,NaN
2024-09-01T12:00:00Z,0.0,-27.875,140.125,NaN,NaN
2024-09-01T12:00:00Z,0.0,-27.875,144.125,NaN,NaN
2024-09-01T12:00:00Z,0.0,-27.875,148.125,NaN,NaN
2024-09-01T12:00:00Z,0.0,-27.875,152.125,NaN,NaN
2024-09-01T12:00:00Z,0.0,-27.875,156.125,22.54,1.84
2024-09-01T12:00:00Z,0.0,-27.875,160.125,21.61,1.62
2024-09-01T12:00:00Z,0.0,-27.875,164.125,21.83,2.04
2024-09-01T12:00:00Z,0.0,-27.875,168.125,20.94,1.2
2024-09-01T12:00:00Z,0.0,-27.875,172.125,20.87,1.35
2024-09-01T12:00:00Z,0.0,-27.875,176.125,21.31,1.78
2024-09-01T12:00:00Z,0.0,-27.875,180.125,20.98,1.44
2024-09-01T12:00:00Z,0.0,-27.875,184.125,20.09,0.69
2024-09-01T12:00:00Z,0.0,-27.875,188.125,20.21,0.85
2024-09-01T12:00:00Z,0.0,-27.875,192.125,19.89,0.53
2024-09-01T12:00:00Z,0.0,-27.875,196.125,18.76,-0.53
2024-09-01T12:00:00Z,0.0,-27.875,200.125,18.9,-0.46
2024-09-01T12:00:00Z,0.0,-27.875,204.125,20.24,0.81
2024-09-01T12:00:00Z,0.0,-27.875,208.125,19.59,0.04
2024-09-01T12:00:00Z,0.0,-27.875,212.125,19.55,-0.05
2024-09-01T12:00:00Z,0.0,-27.875,216.125,19.56,-0.25
2024-09-01T12:00:00Z,0.0,-27.875,220.125,19.08,-0.94
2024-09-01T12:00:00Z,0.0,-27.875,224.125,19.47,-0.67
2024-09-01T12:00:00Z,0.0,-27.875,228.125,19.51,-0.85
2024-09-01T12:00:00Z,0.0,-27.875,232.125,19.58,-0.77
2024-09-01T12:00:00Z,0.0,-27.875,236.125,19.73,-0.56
2024-09-01T12:00:00Z,0.0,-27.875,240.125,19.44,-0.77
2024-09-01T12:00:00Z,0.0,-27.875,244.125,19.15,-0.9
2024-09-01T12:00:00Z,0.0,-27.875,248.125,20.07,0.13
2024-09-01T12:00:00Z,0.0,-27.875,252.125,20.12,0.49
2024-09-01T12:00:00Z,0.0,-27.875,256.125,19.48,0.08
2024-09-01T12:00:00Z,0.0,-27.875,260.125,19.94,0.89
2024-09-01T12:00:00Z,0.0,-27.875,264.125,19.01,0.33
2024-09-01T12:00:00Z,0.0,-27.875,268.125,18.6,0.34
2024-09-01T12:00:00Z,0.0,-27.875,272.125,18.28,0.55
2024-09-01T12:00:00Z,0.0,-27.875,276.125,16.96,-0.27
2024-09-01T12:00:00Z,0.0,-27.875,280.125,15.88,-0.78
2024-09-01T12:00:00Z,0.0,-27.875,284.125,15.5,-0.26
2024-09-01T12:00:00Z,0.0,-27.875,288.125,13.65,-0.82
2024-09-01T12:00:00Z,0.0,-27.875,292.125,NaN,NaN
2024-09-01T12:00:00Z,0.0,-27.875,296.125,NaN,NaN
2024-09-01T12:00:00Z,0.0,-27.875,300.125,NaN,NaN
2024-09-01T12:00:00Z,0.0,-27.875,304.125,NaN,NaN
2024-09-01T12:00:00Z,0.0,-27.875,308.125,NaN,NaN
2024-09-01T12:00:00Z,0.0,-27.875,312.125,19.25,-0.35
2024-09-01T12:00:00Z,0.0,-27.875,316.125,21.98,1.0
2024-09-01T12:00:00Z,0.0,-27.875,320.125,21.19,0.73
2024-09-01T12:00:00Z,0.0,-27.875,324.125,20.34,0.04
2024-09-01T12:00:00Z,0.0,-27.875,328.125,20.72,0.59
2024-09-01T12:00:00Z,0.0,-27.875,332.125,19.18,-0.91
2024-09-01T12:00:00Z,0.0,-27.875,336.125,19.8,0.06
2024-09-01T12:00:00Z,0.0,-27.875,340.125,19.26,-0.37
2024-09-01T12:00:00Z,0.0,-27.875,344.125,20.37,1.08
2024-09-01T12:00:00Z,0.0,-27.875,348.125,20.02,0.84
2024-09-01T12:00:00Z,0.0,-27.875,352.125,18.84,0.01
2024-09-01T12:00:00Z,0.0,-27.875,356.125,18.67,0.25
2024-09-01T12:00:00Z,0.0,-23.875,0.125,20.05,1.14
2024-09-01T12:00:00Z,0.0,-23.875,4.125,18.57,0.39
2024-09-01T12:00:00Z,0.0,-23.875,8.125,17.49,0.32
2024-09-01T12:00:00Z,0.0,-23.875,12.125,16.13,0.71
2024-09-01T12:00:00Z,0.0,-23.875,16.125,NaN,NaN
2024-09-01T12:00:00Z,0.0,-23.875,20.125,NaN,NaN
2024-09-01T12:00:00Z,0.0,-23.875,24.125,NaN,NaN
2024-09-01T12:00:00Z,0.0,-23.875,28.125,NaN,NaN
2024-09-01T12:00:00Z,0.0,-23.875,32.125,NaN,NaN
2024-09-01T12:00:00Z,0.0,-23.875,36.125,24.86,1.28
2024-09-01T12:00:00Z,0.0,-23.875,40.125,24.44,1.14
2024-09-01T12:00:00Z,0.0,-23.875,44.125,NaN,NaN
2024-09-01T12:00:00Z,0.0,-23.875,48.125,24.48,1.09
2024-09-01T12:00:00Z,0.0,-23.875,52.125,23.88,0.93
2024-09-01T12:00:00Z,0.0,-23.875,56.125,22.73,0.19
2024-09-01T12:00:00Z,0.0,-23.875,60.125,22.2,0.05
2024-09-01T12:00:00Z,0.0,-23.875,64.125,21.44,-0.44
2024-09-01T12:00:00Z,0.0,-23.875,68.125,21.35,-0.37
2024-09-01T12:00:00Z,0.0,-23.875,72.125,21.74,0.28
2024-09-01T12:00:00Z,0.0,-23.875,76.125,21.34,0.08
2024-09-01T12:00:00Z,0.0,-23.875,80.125,20.66,-0.39
2024-09-01T12:00:00Z,0.0,-23.875,84.125,20.37,-0.47
2024-09-01T12:00:00Z,0.0,-23.875,88.125,20.43,-0.09
2024-09-01T12:00:00Z,0.0,-23.875,92.125,20.48,-0.01
2024-09-01T12:00:00Z,0.0,-23.875,96.125,20.95,0.5
2024-09-01T12:00:00Z,0.0,-23.875,100.125,20.65,-0.08
2024-09-01T12:00:00Z,0.0,-23.875,104.125,21.9,0.78
2024-09-01T12:00:00Z,0.0,-23.875,108.125,21.91,0.51
2024-09-01T12:00:00Z,0.0,-23.875,112.125,22.14,0.01
2024-09-01T12:00:00Z,0.0,-23.875,116.125,NaN,NaN
2024-09-01T12:00:00Z,0.0,-23.875,120.125,NaN,NaN
2024-09-01T12:00:00Z,0.0,-23.875,124.125,NaN,NaN
2024-09-01T12:00:00Z,0.0,-23.875,128.125,NaN,NaN
2024-09-01T12:00:00Z,0.0,-23.875,132.125,NaN,NaN
2024-09-01T12:00:00Z,0.0,-23.875,136.125,NaN,NaN
2024-09-01T12:00:00Z,0.0,-23.875,140.125,NaN,NaN
2024-09-01T12:00:00Z,0.0,-23.875,144.125,NaN,NaN
2024-09-01T12:00:00Z,0.0,-23.875,148.125,NaN,NaN
2024-09-01T12:00:00Z,0.0,-23.875,152.125,22.32,0.38
2024-09-01T12:00:00Z,0.0,-23.875,156.125,23.05,0.87
2024-09-01T12:00:00Z,0.0,-23.875,160.125,22.56,1.0
2024-09-01T12:00:00Z,0.0,-23.875,164.125,22.56,0.8
2024-09-01T12:00:00Z,0.0,-23.875,168.125,23.26,1.3
2024-09-01T12:00:00Z,0.0,-23.875,172.125,22.59,0.64
2024-09-01T12:00:00Z,0.0,-23.875,176.125,22.93,0.99
2024-09-01T12:00:00Z,0.0,-23.875,180.125,23.0,0.99
2024-09-01T12:00:00Z,0.0,-23.875,184.125,22.44,0.53
2024-09-01T12:00:00Z,0.0,-23.875,188.125,21.95,0.07
2024-09-01T12:00:00Z,0.0,-23.875,192.125,22.36,0.47
2024-09-01T12:00:00Z,0.0,-23.875,196.125,22.41,0.4
2024-09-01T12:00:00Z,0.0,-23.875,200.125,22.21,0.15
2024-09-01T12:00:00Z,0.0,-23.875,204.125,22.77,0.52
2024-09-01T12:00:00Z,0.0,-23.875,208.125,23.08,0.66
2024-09-01T12:00:00Z,0.0,-23.875,212.125,22.04,-0.46
2024-09-01T12:00:00Z,0.0,-23.875,216.125,21.66,-1.02
2024-09-01T12:00:00Z,0.0,-23.875,220.125,22.66,-0.14
2024-09-01T12:00:00Z,0.0,-23.875,224.125,21.94,-0.97
2024-09-01T12:00:00Z,0.0,-23.875,228.125,22.1,-0.75
2024-09-01T12:00:00Z,0.0,-23.875,232.125,22.13,-0.65
2024-09-01T12:00:00Z,0.0,-23.875,236.125,21.86,-0.77
2024-09-01T12:00:00Z,0.0,-23.875,240.125,21.96,-0.4
2024-09-01T12:00:00Z,0.0,-23.875,244.125,21.84,-0.28
2024-09-01T12:00:00Z,0.0,-23.875,248.125,21.73,0.01
2024-09-01T12:00:00Z,0.0,-23.875,252.125,21.65,0.34
2024-09-01T12:00:00Z,0.0,-23.875,256.125,21.66,0.67
2024-09-01T12:00:00Z,0.0,-23.875,260.125,21.09,0.57
2024-09-01T12:00:00Z,0.0,-23.875,264.125,19.89,-0.05
2024-09-01T12:00:00Z,0.0,-23.875,268.125,19.38,0.12
2024-09-01T12:00:00Z,0.0,-23.875,272.125,18.84,0.21
2024-09-01T12:00:00Z,0.0,-23.875,276.125,17.51,-0.54
2024-09-01T12:00:00Z,0.0,-23.875,280.125,16.41,-1.08
2024-09-01T12:00:00Z,0.0,-23.875,284.125,15.87,-0.73
2024-09-01T12:00:00Z,0.0,-23.875,288.125,15.17,-0.64
2024-09-01T12:00:00Z,0.0,-23.875,292.125,NaN,NaN
2024-09-01T12:00:00Z,0.0,-23.875,296.125,NaN,NaN
2024-09-01T12:00:00Z,0.0,-23.875,300.125,NaN,NaN
2024-09-01T12:00:00Z,0.0,-23.875,304.125,NaN,NaN
2024-09-01T12:00:00Z,0.0,-23.875,308.125,NaN,NaN
2024-09-01T12:00:00Z,0.0,-23.875,312.125,NaN,NaN
2024-09-01T12:00:00Z,0.0,-23.875,316.125,22.07,0.48
2024-09-01T12:00:00Z,0.0,-23.875,320.125,24.16,1.47
2024-09-01T12:00:00Z,0.0,-23.875,324.125,23.96,1.35
2024-09-01T12:00:00Z,0.0,-23.875,328.125,23.16,0.84
2024-09-01T12:00:00Z,0.0,-23.875,332.125,22.5,0.42
2024-09-01T12:00:00Z,0.0,-23.875,336.125,22.22,0.52
2024-09-01T12:00:00Z,0.0,-23.875,340.125,22.51,1.11
2024-09-01T12:00:00Z,0.0,-23.875,344.125,21.46,0.46
2024-09-01T12:00:00Z,0.0,-23.875,348.125,21.45,0.88
2024-09-01T12:00:00Z,0.0,-23.875,352.125,20.86,0.84
2024-09-01T12:00:00Z,0.0,-23.875,356.125,20.32,0.82
2024-09-01T12:00:00Z,0.0,-19.875,0.125,19.86,0.55
2024-09-01T12:00:00Z,0.0,-19.875,4.125,18.83,0.39
2024-09-01T12:00:00Z,0.0,-19.875,8.125,17.54,0.32
2024-09-01T12:00:00Z,0.0,-19.875,12.125,14.1,-1.25
2024-09-01T12:00:00Z,0.0,-19.875,16.125,NaN,NaN
2024-09-01T12:00:00Z,0.0,-19.875,20.125,NaN,NaN
2024-09-01T12:00:00Z,0.0,-19.875,24.125,NaN,NaN
2024-09-01T12:00:00Z,0.0,-19.875,28.125,NaN,NaN
2024-09-01T12:00:00Z,0.0,-19.875,32.125,NaN,NaN
2024-09-01T12:00:00Z,0.0,-19.875,36.125,25.5,1.29
2024-09-01T12:00:00Z,0.0,-19.875,40.125,24.89,0.09
2024-09-01T12:00:00Z,0.0,-19.875,44.125,26.09,1.21
2024-09-01T12:00:00Z,0.0,-19.875,48.125,NaN,NaN
2024-09-01T12:00:00Z,0.0,-19.875,52.125,24.6,0.77
2024-09-01T12:00:00Z,0.0,-19.875,56.125,24.0,0.48
2024-09-01T12:00:00Z,0.0,-19.875,60.125,23.44,0.1
2024-09-01T12:00:00Z,0.0,-19.875,64.125,23.02,-0.21
2024-09-01T12:00:00Z,0.0,-19.875,68.125,22.88,-0.28
2024-09-01T12:00:00Z,0.0,-19.875,72.125,23.15,0.08
2024-09-01T12:00:00Z,0.0,-19.875,76.125,23.34,0.54
2024-09-01T12:00:00Z,0.0,-19.875,80.125,22.77,0.13
2024-09-01T12:00:00Z,0.0,-19.875,84.125,22.46,0.0
2024-09-01T12:00:00Z,0.0,-19.875,88.125,22.43,0.11
2024-09-01T12:00:00Z,0.0,-19.875,92.125,22.84,0.44
2024-09-01T12:00:00Z,0.0,-19.875,96.125,23.52,0.86
2024-09-01T12:00:00Z,0.0,-19.875,100.125,24.01,0.87
2024-09-01T12:00:00Z,0.0,-19.875,104.125,24.76,1.44
2024-09-01T12:00:00Z,0.0,-19.875,108.125,24.36,0.77
2024-09-01T12:00:00Z,0.0,-19.875,112.125,24.29,0.37
2024-09-01T12:00:00Z,0.0,-19.875,116.125,24.95,0.69
2024-09-01T12:00:00Z,0.0,-19.875,120.125,24.89,0.62
2024-09-01T12:00:00Z,0.0,-19.875,124.125,NaN,NaN
2024-09-01T12:00:00Z,0.0,-19.875,128.125,NaN,NaN
2024-09-01T12:00:00Z,0.0,-19.875,132.125,NaN,NaN
2024-09-01T12:00:00Z,0.0,-19.875,136.125,NaN,NaN
2024-09-01T12:00:00Z,0.0,-19.875,140.125,NaN,NaN
2024-09-01T12:00:00Z,0.0,-19.875,144.125,NaN,NaN
2024-09-01T12:00:00Z,0.0,-19.875,148.125,24.05,0.73
2024-09-01T12:00:00Z,0.0,-19.875,152.125,24.38,0.6
2024-09-01T12:00:00Z,0.0,-19.875,156.125,24.36,0.59
2024-09-01T12:00:00Z,0.0,-19.875,160.125,24.22,0.66
2024-09-01T12:00:00Z,0.0,-19.875,164.125,24.19,0.35
2024-09-01T12:00:00Z,0.0,-19.875,168.125,24.71,0.54
2024-09-01T12:00:00Z,0.0,-19.875,172.125,24.22,0.1
2024-09-01T12:00:00Z,0.0,-19.875,176.125,25.01,0.64
2024-09-01T12:00:00Z,0.0,-19.875,180.125,25.18,0.97
2024-09-01T12:00:00Z,0.0,-19.875,184.125,24.97,0.7
2024-09-01T12:00:00Z,0.0,-19.875,188.125,24.99,0.49
2024-09-01T12:00:00Z,0.0,-19.875,192.125,25.36,0.7
2024-09-01T12:00:00Z,0.0,-19.875,196.125,25.0,0.23
2024-09-01T12:00:00Z,0.0,-19.875,200.125,24.98,0.12
2024-09-01T12:00:00Z,0.0,-19.875,204.125,24.52,-0.35
2024-09-01T12:00:00Z,0.0,-19.875,208.125,24.44,-0.56
2024-09-01T12:00:00Z,0.0,-19.875,212.125,24.01,-1.09
2024-09-01T12:00:00Z,0.0,-19.875,216.125,24.48,-0.65
2024-09-01T12:00:00Z,0.0,-19.875,220.125,24.18,-0.86
2024-09-01T12:00:00Z,0.0,-19.875,224.125,24.45,-0.48
2024-09-01T12:00:00Z,0.0,-19.875,228.125,24.5,-0.21
2024-09-01T12:00:00Z,0.0,-19.875,232.125,24.61,0.12
2024-09-01T12:00:00Z,0.0,-19.875,236.125,24.7,0.55
2024-09-01T12:00:00Z,0.0,-19.875,240.125,24.38,0.59
2024-09-01T12:00:00Z,0.0,-19.875,244.125,23.9,0.5
2024-09-01T12:00:00Z,0.0,-19.875,248.125,23.52,0.57
2024-09-01T12:00:00Z,0.0,-19.875,252.125,22.93,0.5
2024-09-01T12:00:00Z,0.0,-19.875,256.125,22.33,0.44
2024-09-01T12:00:00Z,0.0,-19.875,260.125,21.13,-0.1
2024-09-01T12:00:00Z,0.0,-19.875,264.125,20.57,-0.07
2024-09-01T12:00:00Z,0.0,-19.875,268.125,19.62,-0.36
2024-09-01T12:00:00Z,0.0,-19.875,272.125,19.0,-0.36
2024-09-01T12:00:00Z,0.0,-19.875,276.125,17.87,-0.83
2024-09-01T12:00:00Z,0.0,-19.875,280.125,17.44,-0.49
2024-09-01T12:00:00Z,0.0,-19.875,284.125,16.98,-0.29
2024-09-01T12:00:00Z,0.0,-19.875,288.125,16.66,-0.3
2024-09-01T12:00:00Z,0.0,-19.875,292.125,NaN,NaN
2024-09-01T12:00:00Z,0.0,-19.875,296.125,NaN,NaN
2024-09-01T12:00:00Z,0.0,-19.875,300.125,NaN,NaN
2024-09-01T12:00:00Z,0.0,-19.875,304.125,NaN,NaN
2024-09-01T12:00:00Z,0.0,-19.875,308.125,NaN,NaN
2024-09-01T12:00:00Z,0.0,-19.875,312.125,NaN,NaN
2024-09-01T12:00:00Z,0.0,-19.875,316.125,NaN,NaN
2024-09-01T12:00:00Z,0.0,-19.875,320.125,23.37,-0.41
2024-09-01T12:00:00Z,0.0,-19.875,324.125,25.34,1.19
2024-09-01T12:00:00Z,0.0,-19.875,328.125,24.78,0.98
2024-09-01T12:00:00Z,0.0,-19.875,332.125,24.26,0.84
2024-09-01T12:00:00Z,0.0,-19.875,336.125,23.43,0.51
2024-09-01T12:00:00Z,0.0,-19.875,340.125,23.14,0.76
2024-09-01T12:00:00Z,0.0,-19.875,344.125,22.64,0.81
2024-09-01T12:00:00Z,0.0,-19.875,348.125,21.92,0.67
2024-09-01T12:00:00Z,0.0,-19.875,352.125,21.48,0.83
2024-09-01T12:00:00Z,0.0,-19.875,356.125,20.74,0.72
2024-09-01T12:00:00Z,0.0,-15.875,0.125,19.64,0.03
2024-09-01T12:00:00Z,0.0,-15.875,4.125,18.39,-0.35
2024-09-01T12:00:00Z,0.0,-15.875,8.125,16.88,-0.86
2024-09-01T12:00:00Z,0.0,-15.875,12.125,NaN,NaN
2024-09-01T12:00:00Z,0.0,-15.875,16.125,NaN,NaN
2024-09-01T12:00:00Z,0.0,-15.875,20.125,NaN,NaN
2024-09-01T12:00:00Z,0.0,-15.875,24.125,NaN,NaN
2024-09-01T12:00:00Z,0.0,-15.875,28.125,NaN,NaN
2024-09-01T12:00:00Z,0.0,-15.875,32.125,NaN,NaN
2024-09-01T12:00:00Z,0.0,-15.875,36.125,NaN,NaN
2024-09-01T12:00:00Z,0.0,-15.875,40.125,NaN,NaN
2024-09-01T12:00:00Z,0.0,-15.875,44.125,26.4,0.91
2024-09-01T12:00:00Z,0.0,-15.875,48.125,NaN,NaN
2024-09-01T12:00:00Z,0.0,-15.875,52.125,25.19,0.71
2024-09-01T12:00:00Z,0.0,-15.875,56.125,24.99,0.48
2024-09-01T12:00:00Z,0.0,-15.875,60.125,24.83,0.48
2024-09-01T12:00:00Z,0.0,-15.875,64.125,24.5,0.1
2024-09-01T12:00:00Z,0.0,-15.875,68.125,24.83,0.5
2024-09-01T12:00:00Z,0.0,-15.875,72.125,24.83,0.6
2024-09-01T12:00:00Z,0.0,-15.875,76.125,25.08,0.85
2024-09-01T12:00:00Z,0.0,-15.875,80.125,25.04,0.72
2024-09-01T12:00:00Z,0.0,-15.875,84.125,23.92,-0.49
2024-09-01T12:00:00Z,0.0,-15.875,88.125,25.89,1.15
2024-09-01T12:00:00Z,0.0,-15.875,92.125,25.8,0.86
2024-09-01T12:00:00Z,0.0,-15.875,96.125,27.06,1.87
2024-09-01T12:00:00Z,0.0,-15.875,100.125,26.5,1.11
2024-09-01T12:00:00Z,0.0,-15.875,104.125,26.41,0.98
2024-09-01T12:00:00Z,0.0,-15.875,108.125,25.65,0.22
2024-09-01T12:00:00Z,0.0,-15.875,112.125,25.81,0.32
2024-09-01T12:00:00Z,0.0,-15.875,116.125,26.32,0.4
2024-09-01T12:00:00Z,0.0,-15.875,120.125,27.25,1.04
2024-09-01T12:00:00Z,0.0,-15.875,124.125,27.58,1.33
2024-09-01T12:00:00Z,0.0,-15.875,128.125,NaN,NaN
2024-09-01T12:00:00Z,0.0,-15.875,132.125,NaN,NaN
2024-09-01T12:00:00Z,0.0,-15.875,136.125,NaN,NaN
2024-09-01T12:00:00Z,0.0,-15.875,140.125,25.82,1.27
2024-09-01T12:00:00Z,0.0,-15.875,144.125,NaN,NaN
2024-09-01T12:00:00Z,0.0,-15.875,148.125,25.26,0.26
2024-09-01T12:00:00Z,0.0,-15.875,152.125,25.69,0.36
2024-09-01T12:00:00Z,0.0,-15.875,156.125,25.97,0.28
2024-09-01T12:00:00Z,0.0,-15.875,160.125,27.06,1.21
2024-09-01T12:00:00Z,0.0,-15.875,164.125,26.42,0.37
2024-09-01T12:00:00Z,0.0,-15.875,168.125,26.78,0.4
2024-09-01T12:00:00Z,0.0,-15.875,172.125,26.88,0.56
2024-09-01T12:00:00Z,0.0,-15.875,176.125,26.95,0.53
2024-09-01T12:00:00Z,0.0,-15.875,180.125,27.15,0.73
2024-09-01T12:00:00Z,0.0,-15.875,184.125,26.95,0.25
2024-09-01T12:00:00Z,0.0,-15.875,188.125,26.85,0.07
2024-09-01T12:00:00Z,0.0,-15.875,192.125,26.83,0.06
2024-09-01T12:00:00Z,0.0,-15.875,196.125,26.93,0.1
2024-09-01T12:00:00Z,0.0,-15.875,200.125,26.98,0.16
2024-09-01T12:00:00Z,0.0,-15.875,204.125,27.08,0.3
2024-09-01T12:00:00Z,0.0,-15.875,208.125,27.09,0.33
2024-09-01T12:00:00Z,0.0,-15.875,212.125,26.62,-0.04
2024-09-01T12:00:00Z,0.0,-15.875,216.125,26.49,-0.03
2024-09-01T12:00:00Z,0.0,-15.875,220.125,26.44,0.11
2024-09-01T12:00:00Z,0.0,-15.875,224.125,26.45,0.36
2024-09-01T12:00:00Z,0.0,-15.875,228.125,26.06,0.31
2024-09-01T12:00:00Z,0.0,-15.875,232.125,25.93,0.55
2024-09-01T12:00:00Z,0.0,-15.875,236.125,25.53,0.53
2024-09-01T12:00:00Z,0.0,-15.875,240.125,24.94,0.32
2024-09-01T12:00:00Z,0.0,-15.875,244.125,24.44,0.3
2024-09-01T12:00:00Z,0.0,-15.875,248.125,24.12,0.49
2024-09-01T12:00:00Z,0.0,-15.875,252.125,23.52,0.41
2024-09-01T12:00:00Z,0.0,-15.875,256.125,22.61,0.04
2024-09-01T12:00:00Z,0.0,-15.875,260.125,21.72,-0.21
2024-09-01T12:00:00Z,0.0,-15.875,264.125,20.61,-0.66
2024-09-01T12:00:00Z,0.0,-15.875,268.125,19.86,-0.66
2024-09-01T12:00:00Z,0.0,-15.875,272.125,19.5,-0.19
2024-09-01T12:00:00Z,0.0,-15.875,276.125,18.46,-0.32
2024-09-01T12:00:00Z,0.0,-15.875,280.125,16.76,-1.0
2024-09-01T12:00:00Z,0.0,-15.875,284.125,15.97,-0.49
2024-09-01T12:00:00Z,0.0,-15.875,288.125,NaN,NaN
2024-09-01T12:00:00Z,0.0,-15.875,292.125,NaN,NaN
2024-09-01T12:00:00Z,0.0,-15.875,296.125,NaN,NaN
2024-09-01T12:00:00Z,0.0,-15.875,300.125,NaN,NaN
2024-09-01T12:00:00Z,0.0,-15.875,304.125,NaN,NaN
2024-09-01T12:00:00Z,0.0,-15.875,308.125,NaN,NaN
2024-09-01T12:00:00Z,0.0,-15.875,312.125,NaN,NaN
2024-09-01T12:00:00Z,0.0,-15.875,316.125,NaN,NaN
2024-09-01T12:00:00Z,0.0,-15.875,320.125,NaN,NaN
2024-09-01T12:00:00Z,0.0,-15.875,324.125,25.7,0.49
2024-09-01T12:00:00Z,0.0,-15.875,328.125,25.41,0.55
2024-09-01T12:00:00Z,0.0,-15.875,332.125,24.62,0.29
2024-09-01T12:00:00Z,0.0,-15.875,336.125,24.08,0.37
2024-09-01T12:00:00Z,0.0,-15.875,340.125,23.61,0.53
2024-09-01T12:00:00Z,0.0,-15.875,344.125,22.64,0.18
2024-09-01T12:00:00Z,0.0,-15.875,348.125,21.93,0.19
2024-09-01T12:00:00Z,0.0,-15.875,352.125,20.97,-0.06
2024-09-01T12:00:00Z,0.0,-15.875,356.125,20.36,0.03
2024-09-01T12:00:00Z,0.0,-11.875,0.125,21.09,-0.14
2024-09-01T12:00:00Z,0.0,-11.875,4.125,20.3,-0.26
2024-09-01T12:00:00Z,0.0,-11.875,8.125,19.94,-0.52
2024-09-01T12:00:00Z,0.0,-11.875,12.125,22.53,1.15
2024-09-01T12:00:00Z,0.0,-11.875,16.125,NaN,NaN
2024-09-01T12:00:00Z,0.0,-11.875,20.125,NaN,NaN
2024-09-01T12:00:00Z,0.0,-11.875,24.125,NaN,NaN
2024-09-01T12:00:00Z,0.0,-11.875,28.125,NaN,NaN
2024-09-01T12:00:00Z,0.0,-11.875,32.125,NaN,NaN
2024-09-01T12:00:00Z,0.0,-11.875,36.125,NaN,NaN
2024-09-01T12:00:00Z,0.0,-11.875,40.125,NaN,NaN
2024-09-01T12:00:00Z,0.0,-11.875,44.125,26.34,0.81
2024-09-01T12:00:00Z,0.0,-11.875,48.125,26.66,1.37
2024-09-01T12:00:00Z,0.0,-11.875,52.125,26.03,1.04
2024-09-01T12:00:00Z,0.0,-11.875,56.125,26.25,0.89
2024-09-01T12:00:00Z,0.0,-11.875,60.125,26.42,1.03
2024-09-01T12:00:00Z,0.0,-11.875,64.125,26.06,0.62
2024-09-01T12:00:00Z,0.0,-11.875,68.125,26.4,0.98
2024-09-01T12:00:00Z,0.0,-11.875,72.125,27.7,2.17
2024-09-01T12:00:00Z,0.0,-11.875,76.125,26.72,1.22
2024-09-01T12:00:00Z,0.0,-11.875,80.125,26.98,1.37
2024-09-01T12:00:00Z,0.0,-11.875,84.125,26.79,0.85
2024-09-01T12:00:00Z,0.0,-11.875,88.125,28.03,1.61
2024-09-01T12:00:00Z,0.0,-11.875,92.125,28.17,1.31
2024-09-01T12:00:00Z,0.0,-11.875,96.125,27.43,0.55
2024-09-01T12:00:00Z,0.0,-11.875,100.125,26.86,0.2
2024-09-01T12:00:00Z,0.0,-11.875,104.125,26.64,0.28
2024-09-01T12:00:00Z,0.0,-11.875,108.125,26.53,0.23
2024-09-01T12:00:00Z,0.0,-11.875,112.125,26.98,0.63
2024-09-01T12:00:00Z,0.0,-11.875,116.125,27.11,0.56
2024-09-01T12:00:00Z,0.0,-11.875,120.125,28.26,1.49
2024-09-01T12:00:00Z,0.0,-11.875,124.125,28.22,1.09
2024-09-01T12:00:00Z,0.0,-11.875,128.125,28.42,1.18
2024-09-01T12:00:00Z,0.0,-11.875,132.125,27.33,0.81
2024-09-01T12:00:00Z,0.0,-11.875,136.125,26.68,0.83
2024-09-01T12:00:00Z,0.0,-11.875,140.125,26.6,0.39
2024-09-01T12:00:00Z,0.0,-11.875,144.125,25.84,0.68
2024-09-01T12:00:00Z,0.0,-11.875,148.125,25.98,0.53
2024-09-01T12:00:00Z,0.0,-11.875,152.125,26.31,0.18
2024-09-01T12:00:00Z,0.0,-11.875,156.125,27.81,0.62
2024-09-01T12:00:00Z,0.0,-11.875,160.125,28.0,0.43
2024-09-01T12:00:00Z,0.0,-11.875,164.125,27.64,0.03
2024-09-01T12:00:00Z,0.0,-11.875,168.125,27.98,0.24
2024-09-01T12:00:00Z,0.0,-11.875,172.125,28.28,0.37
2024-09-01T12:00:00Z,0.0,-11.875,176.125,28.27,0.23
2024-09-01T12:00:00Z,0.0,-11.875,180.125,28.24,0.11
2024-09-01T12:00:00Z,0.0,-11.875,184.125,28.25,0.1
2024-09-01T12:00:00Z,0.0,-11.875,188.125,28.4,0.28
2024-09-01T12:00:00Z,0.0,-11.875,192.125,28.64,0.54
2024-09-01T12:00:00Z,0.0,-11.875,196.125,28.67,0.66
2024-09-01T12:00:00Z,0.0,-11.875,200.125,28.41,0.5
2024-09-01T12:00:00Z,0.0,-11.875,204.125,28.23,0.45
2024-09-01T12:00:00Z,0.0,-11.875,208.125,28.17,0.53
2024-09-01T12:00:00Z,0.0,-11.875,212.125,28.03,0.56
2024-09-01T12:00:00Z,0.0,-11.875,216.125,27.95,0.68
2024-09-01T12:00:00Z,0.0,-11.875,220.125,27.51,0.5
2024-09-01T12:00:00Z,0.0,-11.875,224.125,27.07,0.39
2024-09-01T12:00:00Z,0.0,-11.875,228.125,26.7,0.35
2024-09-01T12:00:00Z,0.0,-11.875,232.125,26.42,0.39
2024-09-01T12:00:00Z,0.0,-11.875,236.125,26.04,0.34
2024-09-01T12:00:00Z,0.0,-11.875,240.125,25.63,0.31
2024-09-01T12:00:00Z,0.0,-11.875,244.125,25.26,0.36
2024-09-01T12:00:00Z,0.0,-11.875,248.125,24.67,0.23
2024-09-01T12:00:00Z,0.0,-11.875,252.125,24.37,0.36
2024-09-01T12:00:00Z,0.0,-11.875,256.125,23.59,0.12
2024-09-01T12:00:00Z,0.0,-11.875,260.125,23.13,0.27
2024-09-01T12:00:00Z,0.0,-11.875,264.125,22.3,0.07
2024-09-01T12:00:00Z,0.0,-11.875,268.125,21.2,-0.24
2024-09-01T12:00:00Z,0.0,-11.875,272.125,19.87,-0.5
2024-09-01T12:00:00Z,0.0,-11.875,276.125,18.59,-0.73
2024-09-01T12:00:00Z,0.0,-11.875,280.125,17.59,-0.61
2024-09-01T12:00:00Z,0.0,-11.875,284.125,NaN,NaN
2024-09-01T12:00:00Z,0.0,-11.875,288.125,NaN,NaN
2024-09-01T12:00:00Z,0.0,-11.875,292.125,NaN,NaN
2024-09-01T12:00:00Z,0.0,-11.875,296.125,NaN,NaN
2024-09-01T12:00:00Z,0.0,-11.875,300.125,NaN,NaN
2024-09-01T12:00:00Z,0.0,-11.875,304.125,NaN,NaN
2024-09-01T12:00:00Z,0.0,-11.875,308.125,NaN,NaN
2024-09-01T12:00:00Z,0.0,-11.875,312.125,NaN,NaN
2024-09-01T12:00:00Z,0.0,-11.875,316.125,NaN,NaN
2024-09-01T12:00:00Z,0.0,-11.875,320.125,NaN,NaN
2024-09-01T12:00:00Z,0.0,-11.875,324.125,26.39,0.47
2024-09-01T12:00:00Z,0.0,-11.875,328.125,26.08,0.21
2024-09-01T12:00:00Z,0.0,-11.875,332.125,25.6,0.13
2024-09-01T12:00:00Z,0.0,-11.875,336.125,25.24,0.3
2024-09-01T12:00:00Z,0.0,-11.875,340.125,24.61,0.23
2024-09-01T12:00:00Z,0.0,-11.875,344.125,23.53,-0.31
2024-09-01T12:00:00Z,0.0,-11.875,348.125,23.27,0.05
2024-09-01T12:00:00Z,0.0,-11.875,352.125,22.35,-0.17
2024-09-01T12:00:00Z,0.0,-11.875,356.125,22.04,0.22
2024-09-01T12:00:00Z,0.0,-7.875,0.125,22.29,-0.28
2024-09-01T12:00:00Z,0.0,-7.875,4.125,21.95,-0.17
2024-09-01T12:00:00Z,0.0,-7.875,8.125,23.21,0.83
2024-09-01T12:00:00Z,0.0,-7.875,12.125,22.83,0.49
2024-09-01T12:00:00Z,0.0,-7.875,16.125,NaN,NaN
2024-09-01T12:00:00Z,0.0,-7.875,20.125,NaN,NaN
2024-09-01T12:00:00Z,0.0,-7.875,24.125,NaN,NaN
2024-09-01T12:00:00Z,0.0,-7.875,28.125,NaN,NaN
2024-09-01T12:00:00Z,0.0,-7.875,32.125,NaN,NaN
2024-09-01T12:00:00Z,0.0,-7.875,36.125,NaN,NaN
2024-09-01T12:00:00Z,0.0,-7.875,40.125,26.26,0.83
2024-09-01T12:00:00Z,0.0,-7.875,44.125,25.99,0.94
2024-09-01T12:00:00Z,0.0,-7.875,48.125,25.16,0.13
2024-09-01T12:00:00Z,0.0,-7.875,52.125,26.47,0.87
2024-09-01T12:00:00Z,0.0,-7.875,56.125,26.72,0.66
2024-09-01T12:00:00Z,0.0,-7.875,60.125,27.67,1.23
2024-09-01T12:00:00Z,0.0,-7.875,64.125,26.96,0.33
2024-09-01T12:00:00Z,0.0,-7.875,68.125,27.11,0.38
2024-09-01T12:00:00Z,0.0,-7.875,72.125,27.51,0.89
2024-09-01T12:00:00Z,0.0,-7.875,76.125,28.2,1.3
2024-09-01T12:00:00Z,0.0,-7.875,80.125,29.31,2.03
2024-09-01T12:00:00Z,0.0,-7.875,84.125,29.0,1.51
2024-09-01T12:00:00Z,0.0,-7.875,88.125,28.9,1.21
2024-09-01T12:00:00Z,0.0,-7.875,92.125,28.69,1.02
2024-09-01T12:00:00Z,0.0,-7.875,96.125,27.3,-0.24
2024-09-01T12:00:00Z,0.0,-7.875,100.125,26.44,-0.95
2024-09-01T12:00:00Z,0.0,-7.875,104.125,27.22,-0.02
2024-09-01T12:00:00Z,0.0,-7.875,108.125,24.88,-1.89
2024-09-01T12:00:00Z,0.0,-7.875,112.125,NaN,NaN
2024-09-01T12:00:00Z,0.0,-7.875,116.125,28.38,1.22
2024-09-01T12:00:00Z,0.0,-7.875,120.125,28.42,1.37
2024-09-01T12:00:00Z,0.0,-7.875,124.125,28.27,0.92
2024-09-01T12:00:00Z,0.0,-7.875,128.125,26.74,-0.04
2024-09-01T12:00:00Z,0.0,-7.875,132.125,26.61,0.21
2024-09-01T12:00:00Z,0.0,-7.875,136.125,26.03,-0.01
2024-09-01T12:00:00Z,0.0,-7.875,140.125,NaN,NaN
2024-09-01T12:00:00Z,0.0,-7.875,144.125,26.87,0.97
2024-09-01T12:00:00Z,0.0,-7.875,148.125,28.7,1.24
2024-09-01T12:00:00Z,0.0,-7.875,152.125,28.45,0.73
2024-09-01T12:00:00Z,0.0,-7.875,156.125,28.59,0.33
2024-09-01T12:00:00Z,0.0,-7.875,160.125,28.7,0.12
2024-09-01T12:00:00Z,0.0,-7.875,164.125,29.21,0.48
2024-09-01T12:00:00Z,0.0,-7.875,168.125,29.42,0.55
2024-09-01T12:00:00Z,0.0,-7.875,172.125,29.64,0.67
2024-09-01T12:00:00Z,0.0,-7.875,176.125,29.65,0.68
2024-09-01T12:00:00Z,0.0,-7.875,180.125,29.61,0.7
2024-09-01T12:00:00Z,0.0,-7.875,184.125,29.29,0.46
2024-09-01T12:00:00Z,0.0,-7.875,188.125,29.2,0.47
2024-09-01T12:00:00Z,0.0,-7.875,192.125,28.84,0.25
2024-09-01T12:00:00Z,0.0,-7.875,196.125,28.85,0.42
2024-09-01T12:00:00Z,0.0,-7.875,200.125,28.59,0.32
2024-09-01T12:00:00Z,0.0,-7.875,204.125,28.35,0.25
2024-09-01T12:00:00Z,0.0,-7.875,208.125,28.37,0.47
2024-09-01T12:00:00Z,0.0,-7.875,212.125,27.65,-0.03
2024-09-01T12:00:00Z,0.0,-7.875,216.125,27.44,0.04
2024-09-01T12:00:00Z,0.0,-7.875,220.125,27.22,0.13
2024-09-01T12:00:00Z,0.0,-7.875,224.125,27.03,0.25
2024-09-01T12:00:00Z,0.0,-7.875,228.125,26.57,0.07
2024-09-01T12:00:00Z,0.0,-7.875,232.125,25.81,-0.4
2024-09-01T12:00:00Z,0.0,-7.875,236.125,25.94,0.08
2024-09-01T12:00:00Z,0.0,-7.875,240.125,25.54,0.06
2024-09-01T12:00:00Z,0.0,-7.875,244.125,25.49,0.36
2024-09-01T12:00:00Z,0.0,-7.875,248.125,24.89,0.17
2024-09-01T12:00:00Z,0.0,-7.875,252.125,24.81,0.49
2024-09-01T12:00:00Z,0.0,-7.875,256.125,24.15,0.33
2024-09-01T12:00:00Z,0.0,-7.875,260.125,23.05,-0.26
2024-09-01T12:00:00Z,0.0,-7.875,264.125,22.66,-0.15
2024-09-01T12:00:00Z,0.0,-7.875,268.125,21.92,-0.24
2024-09-01T12:00:00Z,0.0,-7.875,272.125,20.79,-0.39
2024-09-01T12:00:00Z,0.0,-7.875,276.125,18.82,-1.08
2024-09-01T12:00:00Z,0.0,-7.875,280.125,16.83,-1.12
2024-09-01T12:00:00Z,0.0,-7.875,284.125,NaN,NaN
2024-09-01T12:00:00Z,0.0,-7.875,288.125,NaN,NaN
2024-09-01T12:00:00Z,0.0,-7.875,292.125,NaN,NaN
2024-09-01T12:00:00Z,0.0,-7.875,296.125,NaN,NaN
2024-09-01T12:00:00Z,0.0,-7.875,300.125,NaN,NaN
2024-09-01T12:00:00Z,0.0,-7.875,304.125,NaN,NaN
2024-09-01T12:00:00Z,0.0,-7.875,308.125,NaN,NaN
2024-09-01T12:00:00Z,0.0,-7.875,312.125,NaN,NaN
2024-09-01T12:00:00Z,0.0,-7.875,316.125,NaN,NaN
2024-09-01T12:00:00Z,0.0,-7.875,320.125,NaN,NaN
2024-09-01T12:00:00Z,0.0,-7.875,324.125,NaN,NaN
2024-09-01T12:00:00Z,0.0,-7.875,328.125,26.56,0.02
2024-09-01T12:00:00Z,0.0,-7.875,332.125,26.14,-0.05
2024-09-01T12:00:00Z,0.0,-7.875,336.125,25.56,-0.2
2024-09-01T12:00:00Z,0.0,-7.875,340.125,24.98,-0.26
2024-09-01T12:00:00Z,0.0,-7.875,344.125,24.28,-0.43
2024-09-01T12:00:00Z,0.0,-7.875,348.125,23.89,-0.33
2024-09-01T12:00:00Z,0.0,-7.875,352.125,23.39,-0.29
2024-09-01T12:00:00Z,0.0,-7.875,356.125,22.98,-0.19
2024-09-01T12:00:00Z,0.0,-3.875,0.125,23.72,0.62
2024-09-01T12:00:00Z,0.0,-3.875,4.125,24.12,0.85
2024-09-01T12:00:00Z,0.0,-3.875,8.125,25.43,2.04
2024-09-01T12:00:00Z,0.0,-3.875,12.125,NaN,NaN
2024-09-01T12:00:00Z,0.0,-3.875,16.125,NaN,NaN
2024-09-01T12:00:00Z,0.0,-3.875,20.125,NaN,NaN
2024-09-01T12:00:00Z,0.0,-3.875,24.125,NaN,NaN
2024-09-01T12:00:00Z,0.0,-3.875,28.125,NaN,NaN
2024-09-01T12:00:00Z,0.0,-3.875,32.125,NaN,NaN
2024-09-01T12:00:00Z,0.0,-3.875,36.125,NaN,NaN
2024-09-01T12:00:00Z,0.0,-3.875,40.125,26.3,0.77
2024-09-01T12:00:00Z,0.0,-3.875,44.125,25.84,0.3
2024-09-01T12:00:00Z,0.0,-3.875,48.125,26.06,0.38
2024-09-01T12:00:00Z,0.0,-3.875,52.125,26.52,0.2
2024-09-01T12:00:00Z,0.0,-3.875,56.125,27.93,0.85
2024-09-01T12:00:00Z,0.0,-3.875,60.125,29.22,1.44
2024-09-01T12:00:00Z,0.0,-3.875,64.125,28.85,0.87
2024-09-01T12:00:00Z,0.0,-3.875,68.125,29.24,1.1
2024-09-01T12:00:00Z,0.0,-3.875,72.125,28.75,0.51
2024-09-01T12:00:00Z,0.0,-3.875,76.125,29.45,1.11
2024-09-01T12:00:00Z,0.0,-3.875,80.125,29.6,1.19
2024-09-01T12:00:00Z,0.0,-3.875,84.125,29.32,0.95
2024-09-01T12:00:00Z,0.0,-3.875,88.125,28.49,0.09
2024-09-01T12:00:00Z,0.0,-3.875,92.125,29.08,0.61
2024-09-01T12:00:00Z,0.0,-3.875,96.125,28.89,0.4
2024-09-01T12:00:00Z,0.0,-3.875,100.125,28.65,0.04
2024-09-01T12:00:00Z,0.0,-3.875,104.125,NaN,NaN
2024-09-01T12:00:00Z,0.0,-3.875,108.125,28.81,0.22
2024-09-01T12:00:00Z,0.0,-3.875,112.125,28.31,0.37
2024-09-01T12:00:00Z,0.0,-3.875,116.125,28.62,0.46
2024-09-01T12:00:00Z,0.0,-3.875,120.125,NaN,NaN
2024-09-01T12:00:00Z,0.0,-3.875,124.125,27.71,0.46
2024-09-01T12:00:00Z,0.0,-3.875,128.125,27.23,0.12
2024-09-01T12:00:00Z,0.0,-3.875,132.125,28.04,1.22
2024-09-01T12:00:00Z,0.0,-3.875,136.125,NaN,NaN
2024-09-01T12:00:00Z,0.0,-3.875,140.125,NaN,NaN
2024-09-01T12:00:00Z,0.0,-3.875,144.125,NaN,NaN
2024-09-01T12:00:00Z,0.0,-3.875,148.125,29.87,0.97
2024-09-01T12:00:00Z,0.0,-3.875,152.125,29.6,0.61
2024-09-01T12:00:00Z,0.0,-3.875,156.125,30.39,1.34
2024-09-01T12:00:00Z,0.0,-3.875,160.125,30.38,1.13
2024-09-01T12:00:00Z,0.0,-3.875,164.125,29.81,0.48
2024-09-01T12:00:00Z,0.0,-3.875,168.125,30.17,0.87
2024-09-01T12:00:00Z,0.0,-3.875,172.125,29.99,0.76
2024-09-01T12:00:00Z,0.0,-3.875,176.125,29.78,0.62
2024-09-01T12:00:00Z,0.0,-3.875,180.125,29.61,0.54
2024-09-01T12:00:00Z,0.0,-3.875,184.125,29.29,0.4
2024-09-01T12:00:00Z,0.0,-3.875,188.125,29.01,0.34
2024-09-01T12:00:00Z,0.0,-3.875,192.125,28.7,0.24
2024-09-01T12:00:00Z,0.0,-3.875,196.125,28.34,0.14
2024-09-01T12:00:00Z,0.0,-3.875,200.125,28.12,0.17
2024-09-01T12:00:00Z,0.0,-3.875,204.125,27.87,0.13
2024-09-01T12:00:00Z,0.0,-3.875,208.125,27.48,0.0
2024-09-01T12:00:00Z,0.0,-3.875,212.125,27.36,0.17
2024-09-01T12:00:00Z,0.0,-3.875,216.125,26.06,-0.82
2024-09-01T12:00:00Z,0.0,-3.875,220.125,26.39,-0.21
2024-09-01T12:00:00Z,0.0,-3.875,224.125,26.11,-0.16
2024-09-01T12:00:00Z,0.0,-3.875,228.125,26.22,0.3
2024-09-01T12:00:00Z,0.0,-3.875,232.125,24.91,-0.64
2024-09-01T12:00:00Z,0.0,-3.875,236.125,25.3,0.07
2024-09-01T12:00:00Z,0.0,-3.875,240.125,24.87,0.01
2024-09-01T12:00:00Z,0.0,-3.875,244.125,23.92,-0.5
2024-09-01T12:00:00Z,0.0,-3.875,248.125,24.23,0.27
2024-09-01T12:00:00Z,0.0,-3.875,252.125,22.87,-0.65
2024-09-01T12:00:00Z,0.0,-3.875,256.125,22.52,-0.51
2024-09-01T12:00:00Z,0.0,-3.875,260.125,22.55,0.02
2024-09-01T12:00:00Z,0.0,-3.875,264.125,21.86,-0.22
2024-09-01T12:00:00Z,0.0,-3.875,268.125,20.69,-1.07
2024-09-01T12:00:00Z,0.0,-3.875,272.125,20.62,-0.56
2024-09-01T12:00:00Z,0.0,-3.875,276.125,19.41,-0.14
2024-09-01T12:00:00Z,0.0,-3.875,280.125,NaN,NaN
2024-09-01T12:00:00Z,0.0,-3.875,284.125,NaN,NaN
2024-09-01T12:00:00Z,0.0,-3.875,288.125,NaN,NaN
2024-09-01T12:00:00Z,0.0,-3.875,292.125,NaN,NaN
2024-09-01T12:00:00Z,0.0,-3.875,296.125,NaN,NaN
2024-09-01T12:00:00Z,0.0,-3.875,300.125,NaN,NaN
2024-09-01T12:00:00Z,0.0,-3.875,304.125,NaN,NaN
2024-09-01T12:00:00Z,0.0,-3.875,308.125,NaN,NaN
2024-09-01T12:00:00Z,0.0,-3.875,312.125,NaN,NaN
2024-09-01T12:00:00Z,0.0,-3.875,316.125,NaN,NaN
2024-09-01T12:00:00Z,0.0,-3.875,320.125,NaN,NaN
2024-09-01T12:00:00Z,0.0,-3.875,324.125,26.78,0.24
2024-09-01T12:00:00Z,0.0,-3.875,328.125,26.81,0.33
2024-09-01T12:00:00Z,0.0,-3.875,332.125,26.41,0.27
2024-09-01T12:00:00Z,0.0,-3.875,336.125,25.57,-0.09
2024-09-01T12:00:00Z,0.0,-3.875,340.125,24.89,-0.18
2024-09-01T12:00:00Z,0.0,-3.875,344.125,24.57,0.19
2024-09-01T12:00:00Z,0.0,-3.875,348.125,23.6,-0.33
2024-09-01T12:00:00Z,0.0,-3.875,352.125,23.51,-0.06
2024-09-01T12:00:00Z,0.0,-3.875,356.125,23.18,-0.09
2024-09-01T12:00:00Z,0.0,0.125,0.125,25.92,0.73
2024-09-01T12:00:00Z,0.0,0.125,4.125,25.94,0.58
2024-09-01T12:00:00Z,0.0,0.125,8.125,26.45,0.9
2024-09-01T12:00:00Z,0.0,0.125,12.125,NaN,NaN
2024-09-01T12:00:00Z,0.0,0.125,16.125,NaN,NaN
2024-09-01T12:00:00Z,0.0,0.125,20.125,NaN,NaN
2024-09-01T12:00:00Z,0.0,0.125,24.125,NaN,NaN
2024-09-01T12:00:00Z,0.0,0.125,28.125,NaN,NaN
2024-09-01T12:00:00Z,0.0,0.125,32.125,NaN,NaN
2024-09-01T12:00:00Z,0.0,0.125,36.125,NaN,NaN
2024-09-01T12:00:00Z,0.0,0.125,40.125,NaN,NaN
2024-09-01T12:00:00Z,0.0,0.125,44.125,26.58,0.99
2024-09-01T12:00:00Z,0.0,0.125,48.125,26.52,0.52
2024-09-01T12:00:00Z,0.0,0.125,52.125,27.95,1.24
2024-09-01T12:00:00Z,0.0,0.125,56.125,29.09,1.22
2024-09-01T12:00:00Z,0.0,0.125,60.125,29.99,1.49
2024-09-01T12:00:00Z,0.0,0.125,64.125,30.28,1.52
2024-09-01T12:00:00Z,0.0,0.125,68.125,30.24,1.43
2024-09-01T12:00:00Z,0.0,0.125,72.125,29.95,1.17
2024-09-01T12:00:00Z,0.0,0.125,76.125,29.98,1.34
2024-09-01T12:00:00Z,0.0,0.125,80.125,29.83,1.29
2024-09-01T12:00:00Z,0.0,0.125,84.125,29.66,1.19
2024-09-01T12:00:00Z,0.0,0.125,88.125,29.51,0.97
2024-09-01T12:00:00Z,0.0,0.125,92.125,29.45,0.73
2024-09-01T12:00:00Z,0.0,0.125,96.125,29.61,0.5
2024-09-01T12:00:00Z,0.0,0.125,100.125,NaN,NaN
2024-09-01T12:00:00Z,0.0,0.125,104.125,29.86,0.91
2024-09-01T12:00:00Z,0.0,0.125,108.125,29.41,0.65
2024-09-01T12:00:00Z,0.0,0.125,112.125,NaN,NaN
2024-09-01T12:00:00Z,0.0,0.125,116.125,NaN,NaN
2024-09-01T12:00:00Z,0.0,0.125,120.125,29.62,0.49
2024-09-01T12:00:00Z,0.0,0.125,124.125,28.54,0.19
2024-09-01T12:00:00Z,0.0,0.125,128.125,29.17,0.96
2024-09-01T12:00:00Z,0.0,0.125,132.125,30.08,0.83
2024-09-01T12:00:00Z,0.0,0.125,136.125,29.92,0.62
2024-09-01T12:00:00Z,0.0,0.125,140.125,30.07,0.83
2024-09-01T12:00:00Z,0.0,0.125,144.125,30.09,0.87
2024-09-01T12:00:00Z,0.0,0.125,148.125,30.3,1.08
2024-09-01T12:00:00Z,0.0,0.125,152.125,30.51,1.32
2024-09-01T12:00:00Z,0.0,0.125,156.125,30.45,1.27
2024-09-01T12:00:00Z,0.0,0.125,160.125,30.29,1.13
2024-09-01T12:00:00Z,0.0,0.125,164.125,29.68,0.61
2024-09-01T12:00:00Z,0.0,0.125,168.125,29.57,0.63
2024-09-01T12:00:00Z,0.0,0.125,172.125,28.97,0.12
2024-09-01T12:00:00Z,0.0,0.125,176.125,29.23,0.38
2024-09-01T12:00:00Z,0.0,0.125,180.125,28.72,0.06
2024-09-01T12:00:00Z,0.0,0.125,184.125,28.46,0.07
2024-09-01T12:00:00Z,0.0,0.125,188.125,28.3,0.19
2024-09-01T12:00:00Z,0.0,0.125,192.125,27.69,-0.14
2024-09-01T12:00:00Z,0.0,0.125,196.125,26.96,-0.56
2024-09-01T12:00:00Z,0.0,0.125,200.125,26.91,-0.29
2024-09-01T12:00:00Z,0.0,0.125,204.125,26.56,-0.42
2024-09-01T12:00:00Z,0.0,0.125,208.125,26.24,-0.42
2024-09-01T12:00:00Z,0.0,0.125,212.125,26.12,-0.22
2024-09-01T12:00:00Z,0.0,0.125,216.125,25.89,-0.06
2024-09-01T12:00:00Z,0.0,0.125,220.125,25.64,0.03
2024-09-01T12:00:00Z,0.0,0.125,224.125,25.95,0.69
2024-09-01T12:00:00Z,0.0,0.125,228.125,24.86,-0.07
2024-09-01T12:00:00Z,0.0,0.125,232.125,23.97,-0.66
2024-09-01T12:00:00Z,0.0,0.125,236.125,24.06,-0.26
2024-09-01T12:00:00Z,0.0,0.125,240.125,23.03,-0.83
2024-09-01T12:00:00Z,0.0,0.125,244.125,23.84,0.46
2024-09-01T12:00:00Z,0.0,0.125,248.125,22.16,-0.82
2024-09-01T12:00:00Z,0.0,0.125,252.125,21.57,-1.02
2024-09-01T12:00:00Z,0.0,0.125,256.125,20.59,-1.7
2024-09-01T12:00:00Z,0.0,0.125,260.125,19.21,-2.92
2024-09-01T12:00:00Z,0.0,0.125,264.125,19.49,-2.44
2024-09-01T12:00:00Z,0.0,0.125,268.125,19.3,-2.83
2024-09-01T12:00:00Z,0.0,0.125,272.125,25.52,2.2
2024-09-01T12:00:00Z,0.0,0.125,276.125,24.91,1.19
2024-09-01T12:00:00Z,0.0,0.125,280.125,NaN,NaN
2024-09-01T12:00:00Z,0.0,0.125,284.125,NaN,NaN
2024-09-01T12:00:00Z,0.0,0.125,288.125,NaN,NaN
2024-09-01T12:00:00Z,0.0,0.125,292.125,NaN,NaN
2024-09-01T12:00:00Z,0.0,0.125,296.125,NaN,NaN
2024-09-01T12:00:00Z,0.0,0.125,300.125,NaN,NaN
2024-09-01T12:00:00Z,0.0,0.125,304.125,NaN,NaN
2024-09-01T12:00:00Z,0.0,0.125,308.125,NaN,NaN
2024-09-01T12:00:00Z,0.0,0.125,312.125,29.03,1.13
2024-09-01T12:00:00Z,0.0,0.125,316.125,27.87,0.96
2024-09-01T12:00:00Z,0.0,0.125,320.125,27.98,0.94
2024-09-01T12:00:00Z,0.0,0.125,324.125,27.03,0.25
2024-09-01T12:00:00Z,0.0,0.125,328.125,26.86,0.42
2024-09-01T12:00:00Z,0.0,0.125,332.125,25.94,-0.16
2024-09-01T12:00:00Z,0.0,0.125,336.125,25.33,-0.29
2024-09-01T12:00:00Z,0.0,0.125,340.125,25.31,0.33
2024-09-01T12:00:00Z,0.0,0.125,344.125,24.19,-0.26
2024-09-01T12:00:00Z,0.0,0.125,348.125,23.62,-0.41
2024-09-01T12:00:00Z,0.0,0.125,352.125,23.51,-0.42
2024-09-01T12:00:00Z,0.0,0.125,356.125,24.77,0.07
2024-09-01T12:00:00Z,0.0,4.125,0.125,25.0,-0.09
2024-09-01T12:00:00Z,0.0,4.125,4.125,26.01,0.04
2024-09-01T12:00:00Z,0.0,4.125,8.125,26.77,0.38
2024-09-01T12:00:00Z,0.0,4.125,12.125,NaN,NaN
2024-09-01T12:00:00Z,0.0,4.125,16.125,NaN,NaN
2024-09-01T12:00:00Z,0.0,4.125,20.125,NaN,NaN
2024-09-01T12:00:00Z,0.0,4.125,24.125,NaN,NaN
2024-09-01T12:00:00Z,0.0,4.125,28.125,NaN,NaN
2024-09-01T12:00:00Z,0.0,4.125,32.125,NaN,NaN
2024-09-01T12:00:00Z,0.0,4.125,36.125,NaN,NaN
2024-09-01T12:00:00Z,0.0,4.125,40.125,NaN,NaN
2024-09-01T12:00:00Z,0.0,4.125,44.125,NaN,NaN
2024-09-01T12:00:00Z,0.0,4.125,48.125,25.69,0.31
2024-09-01T12:00:00Z,0.0,4.125,52.125,26.1,0.19
2024-09-01T12:00:00Z,0.0,4.125,56.125,28.1,1.33
2024-09-01T12:00:00Z,0.0,4.125,60.125,30.01,1.82
2024-09-01T12:00:00Z,0.0,4.125,64.125,29.73,0.97
2024-09-01T12:00:00Z,0.0,4.125,68.125,30.05,1.22
2024-09-01T12:00:00Z,0.0,4.125,72.125,30.1,1.47
2024-09-01T12:00:00Z,0.0,4.125,76.125,29.34,1.05
2024-09-01T12:00:00Z,0.0,4.125,80.125,29.27,1.3
2024-09-01T12:00:00Z,0.0,4.125,84.125,29.42,1.39
2024-09-01T12:00:00Z,0.0,4.125,88.125,29.52,1.23
2024-09-01T12:00:00Z,0.0,4.125,92.125,29.83,1.4
2024-09-01T12:00:00Z,0.0,4.125,96.125,30.46,1.52
2024-09-01T12:00:00Z,0.0,4.125,100.125,30.95,1.5
2024-09-01T12:00:00Z,0.0,4.125,104.125,29.66,0.75
2024-09-01T12:00:00Z,0.0,4.125,108.125,29.77,0.73
2024-09-01T12:00:00Z,0.0,4.125,112.125,29.65,0.45
2024-09-01T12:00:00Z,0.0,4.125,116.125,NaN,NaN
2024-09-01T12:00:00Z,0.0,4.125,120.125,30.05,0.99
2024-09-01T12:00:00Z,0.0,4.125,124.125,29.73,0.63
2024-09-01T12:00:00Z,0.0,4.125,128.125,29.79,1.05
2024-09-01T12:00:00Z,0.0,4.125,132.125,30.07,1.09
2024-09-01T12:00:00Z,0.0,4.125,136.125,30.06,1.0
2024-09-01T12:00:00Z,0.0,4.125,140.125,30.21,1.05
2024-09-01T12:00:00Z,0.0,4.125,144.125,30.47,1.24
2024-09-01T12:00:00Z,0.0,4.125,148.125,30.43,1.14
2024-09-01T12:00:00Z,0.0,4.125,152.125,30.53,1.22
2024-09-01T12:00:00Z,0.0,4.125,156.125,30.33,1.04
2024-09-01T12:00:00Z,0.0,4.125,160.125,30.28,0.98
2024-09-01T12:00:00Z,0.0,4.125,164.125,30.43,1.13
2024-09-01T12:00:00Z,0.0,4.125,168.125,30.34,1.03
2024-09-01T12:00:00Z,0.0,4.125,172.125,30.31,1.04
2024-09-01T12:00:00Z,0.0,4.125,176.125,30.15,0.93
2024-09-01T12:00:00Z,0.0,4.125,180.125,29.71,0.62
2024-09-01T12:00:00Z,0.0,4.125,184.125,29.52,0.57
2024-09-01T12:00:00Z,0.0,4.125,188.125,29.67,0.87
2024-09-01T12:00:00Z,0.0,4.125,192.125,28.44,-0.16
2024-09-01T12:00:00Z,0.0,4.125,196.125,28.49,0.12
2024-09-01T12:00:00Z,0.0,4.125,200.125,28.46,0.29
2024-09-01T12:00:00Z,0.0,4.125,204.125,27.5,-0.49
2024-09-01T12:00:00Z,0.0,4.125,208.125,27.76,-0.06
2024-09-01T12:00:00Z,0.0,4.125,212.125,27.22,-0.38
2024-09-01T12:00:00Z,0.0,4.125,216.125,27.01,-0.4
2024-09-01T12:00:00Z,0.0,4.125,220.125,26.86,-0.41
2024-09-01T12:00:00Z,0.0,4.125,224.125,26.55,-0.59
2024-09-01T12:00:00Z,0.0,4.125,228.125,27.88,0.97
2024-09-01T12:00:00Z,0.0,4.125,232.125,25.16,-1.53
2024-09-01T12:00:00Z,0.0,4.125,236.125,26.2,-0.38
2024-09-01T12:00:00Z,0.0,4.125,240.125,26.7,0.41
2024-09-01T12:00:00Z,0.0,4.125,244.125,26.09,-0.16
2024-09-01T12:00:00Z,0.0,4.125,248.125,27.21,1.07
2024-09-01T12:00:00Z,0.0,4.125,252.125,26.45,0.31
2024-09-01T12:00:00Z,0.0,4.125,256.125,26.93,0.68
2024-09-01T12:00:00Z,0.0,4.125,260.125,26.96,0.43
2024-09-01T12:00:00Z,0.0,4.125,264.125,27.22,0.36
2024-09-01T12:00:00Z,0.0,4.125,268.125,27.59,0.52
2024-09-01T12:00:00Z,0.0,4.125,272.125,27.33,0.35
2024-09-01T12:00:00Z,0.0,4.125,276.125,27.39,0.34
2024-09-01T12:00:00Z,0.0,4.125,280.125,27.28,0.12
2024-09-01T12:00:00Z,0.0,4.125,284.125,NaN,NaN
2024-09-01T12:00:00Z,0.0,4.125,288.125,NaN,NaN
2024-09-01T12:00:00Z,0.0,4.125,292.125,NaN,NaN
2024-09-01T12:00:00Z,0.0,4.125,296.125,NaN,NaN
2024-09-01T12:00:00Z,0.0,4.125,300.125,NaN,NaN
2024-09-01T12:00:00Z,0.0,4.125,304.125,NaN,NaN
2024-09-01T12:00:00Z,0.0,4.125,308.125,NaN,NaN
2024-09-01T12:00:00Z,0.0,4.125,312.125,28.58,0.96
2024-09-01T12:00:00Z,0.0,4.125,316.125,28.6,0.74
2024-09-01T12:00:00Z,0.0,4.125,320.125,28.48,0.63
2024-09-01T12:00:00Z,0.0,4.125,324.125,28.38,0.59
2024-09-01T12:00:00Z,0.0,4.125,328.125,28.41,0.73
2024-09-01T12:00:00Z,0.0,4.125,332.125,27.97,0.42
2024-09-01T12:00:00Z,0.0,4.125,336.125,27.84,0.47
2024-09-01T12:00:00Z,0.0,4.125,340.125,27.42,0.42
2024-09-01T12:00:00Z,0.0,4.125,344.125,27.0,0.24
2024-09-01T12:00:00Z,0.0,4.125,348.125,26.59,-0.05
2024-09-01T12:00:00Z,0.0,4.125,352.125,25.85,-0.13
2024-09-01T12:00:00Z,0.0,4.125,356.125,24.27,-0.76
2024-09-01T12:00:00Z,0.0,8.125,0.125,NaN,NaN
2024-09-01T12:00:00Z,0.0,8.125,4.125,NaN,NaN
2024-09-01T12:00:00Z,0.0,8.125,8.125,NaN,NaN
2024-09-01T12:00:00Z,0.0,8.125,12.125,NaN,NaN
2024-09-01T12:00:00Z,0.0,8.125,16.125,NaN,NaN
2024-09-01T12:00:00Z,0.0,8.125,20.125,NaN,NaN
2024-09-01T12:00:00Z,0.0,8.125,24.125,NaN,NaN
2024-09-01T12:00:00Z,0.0,8.125,28.125,NaN,NaN
2024-09-01T12:00:00Z,0.0,8.125,32.125,NaN,NaN
2024-09-01T12:00:00Z,0.0,8.125,36.125,NaN,NaN
2024-09-01T12:00:00Z,0.0,8.125,40.125,NaN,NaN
2024-09-01T12:00:00Z,0.0,8.125,44.125,NaN,NaN
2024-09-01T12:00:00Z,0.0,8.125,48.125,NaN,NaN
2024-09-01T12:00:00Z,0.0,8.125,52.125,26.15,0.78
2024-09-01T12:00:00Z,0.0,8.125,56.125,26.0,-0.01
2024-09-01T12:00:00Z,0.0,8.125,60.125,27.74,0.45
2024-09-01T12:00:00Z,0.0,8.125,64.125,28.71,0.55
2024-09-01T12:00:00Z,0.0,8.125,68.125,28.72,0.44
2024-09-01T12:00:00Z,0.0,8.125,72.125,28.7,0.59
2024-09-01T12:00:00Z,0.0,8.125,76.125,28.68,1.35
2024-09-01T12:00:00Z,0.0,8.125,80.125,NaN,NaN
2024-09-01T12:00:00Z,0.0,8.125,84.125,29.13,0.74
2024-09-01T12:00:00Z,0.0,8.125,88.125,29.26,1.08
2024-09-01T12:00:00Z,0.0,8.125,92.125,29.38,1.06
2024-09-01T12:00:00Z,0.0,8.125,96.125,29.6,1.03
2024-09-01T12:00:00Z,0.0,8.125,100.125,NaN,NaN
2024-09-01T12:00:00Z,0.0,8.125,104.125,29.76,0.84
2024-09-01T12:00:00Z,0.0,8.125,108.125,29.4,0.6
2024-09-01T12:00:00Z,0.0,8.125,112.125,29.11,0.32
2024-09-01T12:00:00Z,0.0,8.125,116.125,29.61,0.58
2024-09-01T12:00:00Z,0.0,8.125,120.125,29.66,0.64
2024-09-01T12:00:00Z,0.0,8.125,124.125,NaN,NaN
2024-09-01T12:00:00Z,0.0,8.125,128.125,30.39,1.33
2024-09-01T12:00:00Z,0.0,8.125,132.125,30.24,1.33
2024-09-01T12:00:00Z,0.0,8.125,136.125,30.06,1.07
2024-09-01T12:00:00Z,0.0,8.125,140.125,30.32,1.26
2024-09-01T12:00:00Z,0.0,8.125,144.125,30.33,1.17
2024-09-01T12:00:00Z,0.0,8.125,148.125,30.41,1.16
2024-09-01T12:00:00Z,0.0,8.125,152.125,30.26,1.01
2024-09-01T12:00:00Z,0.0,8.125,156.125,30.11,0.82
2024-09-01T12:00:00Z,0.0,8.125,160.125,30.05,0.8
2024-09-01T12:00:00Z,0.0,8.125,164.125,29.85,0.65
2024-09-01T12:00:00Z,0.0,8.125,168.125,29.71,0.52
2024-09-01T12:00:00Z,0.0,8.125,172.125,29.6,0.5
2024-09-01T12:00:00Z,0.0,8.125,176.125,29.93,0.91
2024-09-01T12:00:00Z,0.0,8.125,180.125,29.78,0.86
2024-09-01T12:00:00Z,0.0,8.125,184.125,29.27,0.42
2024-09-01T12:00:00Z,0.0,8.125,188.125,29.39,0.62
2024-09-01T12:00:00Z,0.0,8.125,192.125,29.45,0.72
2024-09-01T12:00:00Z,0.0,8.125,196.125,28.8,0.16
2024-09-01T12:00:00Z,0.0,8.125,200.125,28.68,0.12
2024-09-01T12:00:00Z,0.0,8.125,204.125,28.86,0.35
2024-09-01T12:00:00Z,0.0,8.125,208.125,28.76,0.34
2024-09-01T12:00:00Z,0.0,8.125,212.125,28.95,0.57
2024-09-01T12:00:00Z,0.0,8.125,216.125,28.6,0.28
2024-09-01T12:00:00Z,0.0,8.125,220.125,28.69,0.45
2024-09-01T12:00:00Z,0.0,8.125,224.125,28.53,0.36
2024-09-01T12:00:00Z,0.0,8.125,228.125,28.32,0.2
2024-09-01T12:00:00Z,0.0,8.125,232.125,28.3,0.3
2024-09-01T12:00:00Z,0.0,8.125,236.125,28.34,0.4
2024-09-01T12:00:00Z,0.0,8.125,240.125,28.29,0.46
2024-09-01T12:00:00Z,0.0,8.125,244.125,28.27,0.52
2024-09-01T12:00:00Z,0.0,8.125,248.125,28.16,0.46
2024-09-01T12:00:00Z,0.0,8.125,252.125,28.22,0.46
2024-09-01T12:00:00Z,0.0,8.125,256.125,27.96,0.24
2024-09-01T12:00:00Z,0.0,8.125,260.125,28.5,0.74
2024-09-01T12:00:00Z,0.0,8.125,264.125,29.15,1.53
2024-09-01T12:00:00Z,0.0,8.125,268.125,28.21,0.72
2024-09-01T12:00:00Z,0.0,8.125,272.125,27.67,0.01
2024-09-01T12:00:00Z,0.0,8.125,276.125,28.87,0.58
2024-09-01T12:00:00Z,0.0,8.125,280.125,29.21,0.88
2024-09-01T12:00:00Z,0.0,8.125,284.125,NaN,NaN
2024-09-01T12:00:00Z,0.0,8.125,288.125,NaN,NaN
2024-09-01T12:00:00Z,0.0,8.125,292.125,NaN,NaN
2024-09-01T12:00:00Z,0.0,8.125,296.125,NaN,NaN
2024-09-01T12:00:00Z,0.0,8.125,300.125,NaN,NaN
2024-09-01T12:00:00Z,0.0,8.125,304.125,30.29,1.78
2024-09-01T12:00:00Z,0.0,8.125,308.125,29.38,0.75
2024-09-01T12:00:00Z,0.0,8.125,312.125,30.22,1.51
2024-09-01T12:00:00Z,0.0,8.125,316.125,29.45,0.73
2024-09-01T12:00:00Z,0.0,8.125,320.125,29.14,0.74
2024-09-01T12:00:00Z,0.0,8.125,324.125,28.68,0.54
2024-09-01T12:00:00Z,0.0,8.125,328.125,28.24,0.26
2024-09-01T12:00:00Z,0.0,8.125,332.125,28.2,0.39
2024-09-01T12:00:00Z,0.0,8.125,336.125,27.85,0.16
2024-09-01T12:00:00Z,0.0,8.125,340.125,27.66,0.21
2024-09-01T12:00:00Z,0.0,8.125,344.125,27.39,0.19
2024-09-01T12:00:00Z,0.0,8.125,348.125,NaN,NaN
2024-09-01T12:00:00Z,0.0,8.125,352.125,NaN,NaN
2024-09-01T12:00:00Z,0.0,8.125,356.125,NaN,NaN
2024-09-01T12:00:00Z,0.0,12.125,0.125,NaN,NaN
2024-09-01T12:00:00Z,0.0,12.125,4.125,NaN,NaN
2024-09-01T12:00:00Z,0.0,12.125,8.125,NaN,NaN
2024-09-01T12:00:00Z,0.0,12.125,12.125,NaN,NaN
2024-09-01T12:00:00Z,0.0,12.125,16.125,NaN,NaN
2024-09-01T12:00:00Z,0.0,12.125,20.125,NaN,NaN
2024-09-01T12:00:00Z,0.0,12.125,24.125,NaN,NaN
2024-09-01T12:00:00Z,0.0,12.125,28.125,NaN,NaN
2024-09-01T12:00:00Z,0.0,12.125,32.125,NaN,NaN
2024-09-01T12:00:00Z,0.0,12.125,36.125,NaN,NaN
2024-09-01T12:00:00Z,0.0,12.125,40.125,NaN,NaN
2024-09-01T12:00:00Z,0.0,12.125,44.125,28.46,-1.35
2024-09-01T12:00:00Z,0.0,12.125,48.125,31.84,1.42
2024-09-01T12:00:00Z,0.0,12.125,52.125,26.47,0.23
2024-09-01T12:00:00Z,0.0,12.125,56.125,26.19,0.83
2024-09-01T12:00:00Z,0.0,12.125,60.125,26.49,0.36
2024-09-01T12:00:00Z,0.0,12.125,64.125,27.64,0.52
2024-09-01T12:00:00Z,0.0,12.125,68.125,28.13,0.46
2024-09-01T12:00:00Z,0.0,12.125,72.125,28.33,0.58
2024-09-01T12:00:00Z,0.0,12.125,76.125,NaN,NaN
2024-09-01T12:00:00Z,0.0,12.125,80.125,29.57,0.82
2024-09-01T12:00:00Z,0.0,12.125,84.125,29.29,0.56
2024-09-01T12:00:00Z,0.0,12.125,88.125,28.97,0.43
2024-09-01T12:00:00Z,0.0,12.125,92.125,29.45,0.97
2024-09-01T12:00:00Z,0.0,12.125,96.125,29.45,1.15
2024-09-01T12:00:00Z,0.0,12.125,100.125,30.37,1.49
2024-09-01T12:00:00Z,0.0,12.125,104.125,NaN,NaN
2024-09-01T12:00:00Z,0.0,12.125,108.125,NaN,NaN
2024-09-01T12:00:00Z,0.0,12.125,112.125,30.07,1.49
2024-09-01T12:00:00Z,0.0,12.125,116.125,29.75,0.97
2024-09-01T12:00:00Z,0.0,12.125,120.125,30.03,1.09
2024-09-01T12:00:00Z,0.0,12.125,124.125,30.07,0.91
2024-09-01T12:00:00Z,0.0,12.125,128.125,30.23,1.02
2024-09-01T12:00:00Z,0.0,12.125,132.125,30.22,1.09
2024-09-01T12:00:00Z,0.0,12.125,136.125,30.34,1.24
2024-09-01T12:00:00Z,0.0,12.125,140.125,29.9,0.73
2024-09-01T12:00:00Z,0.0,12.125,144.125,30.37,1.14
2024-09-01T12:00:00Z,0.0,12.125,148.125,29.95,0.66
2024-09-01T12:00:00Z,0.0,12.125,152.125,30.07,0.77
2024-09-01T12:00:00Z,0.0,12.125,156.125,29.86,0.64
2024-09-01T12:00:00Z,0.0,12.125,160.125,29.69,0.61
2024-09-01T12:00:00Z,0.0,12.125,164.125,29.53,0.62
2024-09-01T12:00:00Z,0.0,12.125,168.125,29.44,0.64
2024-09-01T12:00:00Z,0.0,12.125,172.125,29.33,0.68
2024-09-01T12:00:00Z,0.0,12.125,176.125,29.12,0.64
2024-09-01T12:00:00Z,0.0,12.125,180.125,28.97,0.62
2024-09-01T12:00:00Z,0.0,12.125,184.125,29.07,0.82
2024-09-01T12:00:00Z,0.0,12.125,188.125,28.68,0.55
2024-09-01T12:00:00Z,0.0,12.125,192.125,28.55,0.51
2024-09-01T12:00:00Z,0.0,12.125,196.125,28.29,0.39
2024-09-01T12:00:00Z,0.0,12.125,200.125,28.36,0.59
2024-09-01T12:00:00Z,0.0,12.125,204.125,28.31,0.58
2024-09-01T12:00:00Z,0.0,12.125,208.125,28.36,0.6
2024-09-01T12:00:00Z,0.0,12.125,212.125,28.65,0.88
2024-09-01T12:00:00Z,0.0,12.125,216.125,28.55,0.73
2024-09-01T12:00:00Z,0.0,12.125,220.125,28.34,0.46
2024-09-01T12:00:00Z,0.0,12.125,224.125,28.52,0.62
2024-09-01T12:00:00Z,0.0,12.125,228.125,28.42,0.45
2024-09-01T12:00:00Z,0.0,12.125,232.125,28.04,0.04
2024-09-01T12:00:00Z,0.0,12.125,236.125,28.09,0.08
2024-09-01T12:00:00Z,0.0,12.125,240.125,28.32,0.22
2024-09-01T12:00:00Z,0.0,12.125,244.125,28.63,0.48
2024-09-01T12:00:00Z,0.0,12.125,248.125,29.43,1.19
2024-09-01T12:00:00Z,0.0,12.125,252.125,29.78,1.43
2024-09-01T12:00:00Z,0.0,12.125,256.125,30.15,1.64
2024-09-01T12:00:00Z,0.0,12.125,260.125,30.32,1.56
2024-09-01T12:00:00Z,0.0,12.125,264.125,30.31,1.55
2024-09-01T12:00:00Z,0.0,12.125,268.125,29.44,0.56
2024-09-01T12:00:00Z,0.0,12.125,272.125,30.1,1.21
2024-09-01T12:00:00Z,0.0,12.125,276.125,NaN,NaN
2024-09-01T12:00:00Z,0.0,12.125,280.125,29.84,1.46
2024-09-01T12:00:00Z,0.0,12.125,284.125,29.56,1.24
2024-09-01T12:00:00Z,0.0,12.125,288.125,NaN,NaN
2024-09-01T12:00:00Z,0.0,12.125,292.125,30.07,1.87
2024-09-01T12:00:00Z,0.0,12.125,296.125,30.22,1.92
2024-09-01T12:00:00Z,0.0,12.125,300.125,30.45,1.87
2024-09-01T12:00:00Z,0.0,12.125,304.125,30.13,1.7
2024-09-01T12:00:00Z,0.0,12.125,308.125,29.45,1.25
2024-09-01T12:00:00Z,0.0,12.125,312.125,29.36,1.4
2024-09-01T12:00:00Z,0.0,12.125,316.125,29.52,1.79
2024-09-01T12:00:00Z,0.0,12.125,320.125,29.44,1.87
2024-09-01T12:00:00Z,0.0,12.125,324.125,29.3,1.76
2024-09-01T12:00:00Z,0.0,12.125,328.125,29.44,1.82
2024-09-01T12:00:00Z,0.0,12.125,332.125,28.94,1.27
2024-09-01T12:00:00Z,0.0,12.125,336.125,28.74,1.14
2024-09-01T12:00:00Z,0.0,12.125,340.125,27.63,-0.13
2024-09-01T12:00:00Z,0.0,12.125,344.125,NaN,NaN
2024-09-01T12:00:00Z,0.0,12.125,348.125,NaN,NaN
2024-09-01T12:00:00Z,0.0,12.125,352.125,NaN,NaN
2024-09-01T12:00:00Z,0.0,12.125,356.125,NaN,NaN
2024-09-01T12:00:00Z,0.0,16.125,0.125,NaN,NaN
2024-09-01T12:00:00Z,0.0,16.125,4.125,NaN,NaN
2024-09-01T12:00:00Z,0.0,16.125,8.125,NaN,NaN
2024-09-01T12:00:00Z,0.0,16.125,12.125,NaN,NaN
2024-09-01T12:00:00Z,0.0,16.125,16.125,NaN,NaN
2024-09-01T12:00:00Z,0.0,16.125,20.125,NaN,NaN
2024-09-01T12:00:00Z,0.0,16.125,24.125,NaN,NaN
2024-09-01T12:00:00Z,0.0,16.125,28.125,NaN,NaN
2024-09-01T12:00:00Z,0.0,16.125,32.125,NaN,NaN
2024-09-01T12:00:00Z,0.0,16.125,36.125,NaN,NaN
2024-09-01T12:00:00Z,0.0,16.125,40.125,33.04,1.06
2024-09-01T12:00:00Z,0.0,16.125,44.125,NaN,NaN
2024-09-01T12:00:00Z,0.0,16.125,48.125,NaN,NaN
2024-09-01T12:00:00Z,0.0,16.125,52.125,NaN,NaN
2024-09-01T12:00:00Z,0.0,16.125,56.125,25.92,0.94
2024-09-01T12:00:00Z,0.0,16.125,60.125,25.56,0.05
2024-09-01T12:00:00Z,0.0,16.125,64.125,26.81,0.27
2024-09-01T12:00:00Z,0.0,16.125,68.125,27.53,0.15
2024-09-01T12:00:00Z,0.0,16.125,72.125,28.57,0.79
2024-09-01T12:00:00Z,0.0,16.125,76.125,NaN,NaN
2024-09-01T12:00:00Z,0.0,16.125,80.125,NaN,NaN
2024-09-01T12:00:00Z,0.0,16.125,84.125,29.1,0.18
2024-09-01T12:00:00Z,0.0,16.125,88.125,29.28,0.59
2024-09-01T12:00:00Z,0.0,16.125,92.125,29.14,0.51
2024-09-01T12:00:00Z,0.0,16.125,96.125,29.27,0.75
2024-09-01T12:00:00Z,0.0,16.125,100.125,NaN,NaN
2024-09-01T12:00:00Z,0.0,16.125,104.125,NaN,NaN
2024-09-01T12:00:00Z,0.0,16.125,108.125,NaN,NaN
2024-09-01T12:00:00Z,0.0,16.125,112.125,30.55,1.61
2024-09-01T12:00:00Z,0.0,16.125,116.125,29.99,1.04
2024-09-01T12:00:00Z,0.0,16.125,120.125,31.16,2.04
2024-09-01T12:00:00Z,0.0,16.125,124.125,30.97,1.66
2024-09-01T12:00:00Z,0.0,16.125,128.125,30.37,1.18
2024-09-01T12:00:00Z,0.0,16.125,132.125,30.38,1.18
2024-09-01T12:00:00Z,0.0,16.125,136.125,30.35,1.13
2024-09-01T12:00:00Z,0.0,16.125,140.125,29.89,0.57
2024-09-01T12:00:00Z,0.0,16.125,144.125,29.99,0.63
2024-09-01T12:00:00Z,0.0,16.125,148.125,29.95,0.62
2024-09-01T12:00:00Z,0.0,16.125,152.125,29.79,0.51
2024-09-01T12:00:00Z,0.0,16.125,156.125,29.76,0.55
2024-09-01T12:00:00Z,0.0,16.125,160.125,29.42,0.38
2024-09-01T12:00:00Z,0.0,16.125,164.125,29.36,0.45
2024-09-01T12:00:00Z,0.0,16.125,168.125,29.2,0.42
2024-09-01T12:00:00Z,0.0,16.125,172.125,29.23,0.63
2024-09-01T12:00:00Z,0.0,16.125,176.125,29.2,0.79
2024-09-01T12:00:00Z,0.0,16.125,180.125,29.28,1.04
2024-09-01T12:00:00Z,0.0,16.125,184.125,28.88,0.87
2024-09-01T12:00:00Z,0.0,16.125,188.125,28.58,0.76
2024-09-01T12:00:00Z,0.0,16.125,192.125,28.15,0.55
2024-09-01T12:00:00Z,0.0,16.125,196.125,27.83,0.51
2024-09-01T12:00:00Z,0.0,16.125,200.125,27.48,0.48
2024-09-01T12:00:00Z,0.0,16.125,204.125,27.21,0.44
2024-09-01T12:00:00Z,0.0,16.125,208.125,27.28,0.61
2024-09-01T12:00:00Z,0.0,16.125,212.125,27.37,0.87
2024-09-01T12:00:00Z,0.0,16.125,216.125,26.82,0.33
2024-09-01T12:00:00Z,0.0,16.125,220.125,27.28,0.77
2024-09-01T12:00:00Z,0.0,16.125,224.125,27.3,0.66
2024-09-01T12:00:00Z,0.0,16.125,228.125,27.3,0.53
2024-09-01T12:00:00Z,0.0,16.125,232.125,27.19,0.35
2024-09-01T12:00:00Z,0.0,16.125,236.125,26.9,-0.24
2024-09-01T12:00:00Z,0.0,16.125,240.125,27.68,0.23
2024-09-01T12:00:00Z,0.0,16.125,244.125,28.8,0.93
2024-09-01T12:00:00Z,0.0,16.125,248.125,29.54,1.41
2024-09-01T12:00:00Z,0.0,16.125,252.125,30.18,1.66
2024-09-01T12:00:00Z,0.0,16.125,256.125,31.0,1.85
2024-09-01T12:00:00Z,0.0,16.125,260.125,31.35,1.77
2024-09-01T12:00:00Z,0.0,16.125,264.125,NaN,NaN
2024-09-01T12:00:00Z,0.0,16.125,268.125,NaN,NaN
2024-09-01T12:00:00Z,0.0,16.125,272.125,30.85,1.67
2024-09-01T12:00:00Z,0.0,16.125,276.125,30.63,1.91
2024-09-01T12:00:00Z,0.0,16.125,280.125,30.0,1.41
2024-09-01T12:00:00Z,0.0,16.125,284.125,30.07,1.53
2024-09-01T12:00:00Z,0.0,16.125,288.125,29.92,1.33
2024-09-01T12:00:00Z,0.0,16.125,292.125,30.12,1.46
2024-09-01T12:00:00Z,0.0,16.125,296.125,30.19,1.56
2024-09-01T12:00:00Z,0.0,16.125,300.125,29.99,1.65
2024-09-01T12:00:00Z,0.0,16.125,304.125,29.78,1.73
2024-09-01T12:00:00Z,0.0,16.125,308.125,29.33,1.64
2024-09-01T12:00:00Z,0.0,16.125,312.125,28.96,1.66
2024-09-01T12:00:00Z,0.0,16.125,316.125,28.58,1.61
2024-09-01T12:00:00Z,0.0,16.125,320.125,28.32,1.69
2024-09-01T12:00:00Z,0.0,16.125,324.125,28.06,1.62
2024-09-01T12:00:00Z,0.0,16.125,328.125,27.73,1.3
2024-09-01T12:00:00Z,0.0,16.125,332.125,27.68,1.12
2024-09-01T12:00:00Z,0.0,16.125,336.125,27.58,1.17
2024-09-01T12:00:00Z,0.0,16.125,340.125,28.63,1.57
2024-09-01T12:00:00Z,0.0,16.125,344.125,NaN,NaN
2024-09-01T12:00:00Z,0.0,16.125,348.125,NaN,NaN
2024-09-01T12:00:00Z,0.0,16.125,352.125,NaN,NaN
2024-09-01T12:00:00Z,0.0,16.125,356.125,NaN,NaN
2024-09-01T12:00:00Z,0.0,20.125,0.125,NaN,NaN
2024-09-01T12:00:00Z,0.0,20.125,4.125,NaN,NaN
2024-09-01T12:00:00Z,0.0,20.125,8.125,NaN,NaN
2024-09-01T12:00:00Z,0.0,20.125,12.125,NaN,NaN
2024-09-01T12:00:00Z,0.0,20.125,16.125,NaN,NaN
2024-09-01T12:00:00Z,0.0,20.125,20.125,NaN,NaN
2024-09-01T12:00:00Z,0.0,20.125,24.125,NaN,NaN
2024-09-01T12:00:00Z,0.0,20.125,28.125,NaN,NaN
2024-09-01T12:00:00Z,0.0,20.125,32.125,NaN,NaN
2024-09-01T12:00:00Z,0.0,20.125,36.125,NaN,NaN
2024-09-01T12:00:00Z,0.0,20.125,40.125,31.38,0.41
2024-09-01T12:00:00Z,0.0,20.125,44.125,NaN,NaN
2024-09-01T12:00:00Z,0.0,20.125,48.125,NaN,NaN
2024-09-01T12:00:00Z,0.0,20.125,52.125,NaN,NaN
2024-09-01T12:00:00Z,0.0,20.125,56.125,NaN,NaN
2024-09-01T12:00:00Z,0.0,20.125,60.125,26.65,1.04
2024-09-01T12:00:00Z,0.0,20.125,64.125,27.44,0.47
2024-09-01T12:00:00Z,0.0,20.125,68.125,27.89,0.12
2024-09-01T12:00:00Z,0.0,20.125,72.125,28.69,0.61
2024-09-01T12:00:00Z,0.0,20.125,76.125,NaN,NaN
2024-09-01T12:00:00Z,0.0,20.125,80.125,NaN,NaN
2024-09-01T12:00:00Z,0.0,20.125,84.125,NaN,NaN
2024-09-01T12:00:00Z,0.0,20.125,88.125,29.39,0.26
2024-09-01T12:00:00Z,0.0,20.125,92.125,29.28,0.52
2024-09-01T12:00:00Z,0.0,20.125,96.125,NaN,NaN
2024-09-01T12:00:00Z,0.0,20.125,100.125,NaN,NaN
2024-09-01T12:00:00Z,0.0,20.125,104.125,NaN,NaN
2024-09-01T12:00:00Z,0.0,20.125,108.125,29.85,0.55
2024-09-01T12:00:00Z,0.0,20.125,112.125,29.99,1.09
2024-09-01T12:00:00Z,0.0,20.125,116.125,30.71,1.9
2024-09-01T12:00:00Z,0.0,20.125,120.125,31.11,2.14
2024-09-01T12:00:00Z,0.0,20.125,124.125,30.83,1.69
2024-09-01T12:00:00Z,0.0,20.125,128.125,30.75,1.65
2024-09-01T12:00:00Z,0.0,20.125,132.125,30.49,1.34
2024-09-01T12:00:00Z,0.0,20.125,136.125,30.0,0.87
2024-09-01T12:00:00Z,0.0,20.125,140.125,29.46,0.26
2024-09-01T12:00:00Z,0.0,20.125,144.125,29.4,0.24
2024-09-01T12:00:00Z,0.0,20.125,148.125,29.67,0.46
2024-09-01T12:00:00Z,0.0,20.125,152.125,29.66,0.44
2024-09-01T12:00:00Z,0.0,20.125,156.125,29.18,0.05
2024-09-01T12:00:00Z,0.0,20.125,160.125,29.49,0.5
2024-09-01T12:00:00Z,0.0,20.125,164.125,29.29,0.41
2024-09-01T12:00:00Z,0.0,20.125,168.125,29.17,0.44
2024-09-01T12:00:00Z,0.0,20.125,172.125,29.13,0.58
2024-09-01T12:00:00Z,0.0,20.125,176.125,29.21,0.85
2024-09-01T12:00:00Z,0.0,20.125,180.125,29.01,0.83
2024-09-01T12:00:00Z,0.0,20.125,184.125,28.94,0.99
2024-09-01T12:00:00Z,0.0,20.125,188.125,28.76,1.05
2024-09-01T12:00:00Z,0.0,20.125,192.125,27.73,0.25
2024-09-01T12:00:00Z,0.0,20.125,196.125,27.76,0.43
2024-09-01T12:00:00Z,0.0,20.125,200.125,27.8,0.69
2024-09-01T12:00:00Z,0.0,20.125,204.125,26.97,0.46
2024-09-01T12:00:00Z,0.0,20.125,208.125,26.16,0.18
2024-09-01T12:00:00Z,0.0,20.125,212.125,26.01,0.47
2024-09-01T12:00:00Z,0.0,20.125,216.125,25.26,0.13
2024-09-01T12:00:00Z,0.0,20.125,220.125,25.86,1.04
2024-09-01T12:00:00Z,0.0,20.125,224.125,25.16,0.55
2024-09-01T12:00:00Z,0.0,20.125,228.125,25.15,0.58
2024-09-01T12:00:00Z,0.0,20.125,232.125,25.75,1.22
2024-09-01T12:00:00Z,0.0,20.125,236.125,26.28,1.41
2024-09-01T12:00:00Z,0.0,20.125,240.125,26.91,1.46
2024-09-01T12:00:00Z,0.0,20.125,244.125,28.31,1.99
2024-09-01T12:00:00Z,0.0,20.125,248.125,29.58,2.23
2024-09-01T12:00:00Z,0.0,20.125,252.125,30.82,2.08
2024-09-01T12:00:00Z,0.0,20.125,256.125,NaN,NaN
2024-09-01T12:00:00Z,0.0,20.125,260.125,NaN,NaN
2024-09-01T12:00:00Z,0.0,20.125,264.125,31.26,2.12
2024-09-01T12:00:00Z,0.0,20.125,268.125,30.8,1.88
2024-09-01T12:00:00Z,0.0,20.125,272.125,NaN,NaN
2024-09-01T12:00:00Z,0.0,20.125,276.125,30.57,1.18
2024-09-01T12:00:00Z,0.0,20.125,280.125,30.54,0.89
2024-09-01T12:00:00Z,0.0,20.125,284.125,NaN,NaN
2024-09-01T12:00:00Z,0.0,20.125,288.125,29.66,0.82
2024-09-01T12:00:00Z,0.0,20.125,292.125,29.58,0.97
2024-09-01T12:00:00Z,0.0,20.125,296.125,29.32,0.93
2024-09-01T12:00:00Z,0.0,20.125,300.125,29.55,1.37
2024-09-01T12:00:00Z,0.0,20.125,304.125,29.34,1.41
2024-09-01T12:00:00Z,0.0,20.125,308.125,29.08,1.47
2024-09-01T12:00:00Z,0.0,20.125,312.125,28.85,1.64
2024-09-01T12:00:00Z,0.0,20.125,316.125,28.41,1.59
2024-09-01T12:00:00Z,0.0,20.125,320.125,27.81,1.4
2024-09-01T12:00:00Z,0.0,20.125,324.125,27.5,1.55
2024-09-01T12:00:00Z,0.0,20.125,328.125,26.86,1.26
2024-09-01T12:00:00Z,0.0,20.125,332.125,26.57,1.25
2024-09-01T12:00:00Z,0.0,20.125,336.125,26.22,1.33
2024-09-01T12:00:00Z,0.0,20.125,340.125,24.88,0.52
2024-09-01T12:00:00Z,0.0,20.125,344.125,NaN,NaN
2024-09-01T12:00:00Z,0.0,20.125,348.125,NaN,NaN
2024-09-01T12:00:00Z,0.0,20.125,352.125,NaN,NaN
2024-09-01T12:00:00Z,0.0,20.125,356.125,NaN,NaN
2024-09-01T12:00:00Z,0.0,24.125,0.125,NaN,NaN
2024-09-01T12:00:00Z,0.0,24.125,4.125,NaN,NaN
2024-09-01T12:00:00Z,0.0,24.125,8.125,NaN,NaN
2024-09-01T12:00:00Z,0.0,24.125,12.125,NaN,NaN
2024-09-01T12:00:00Z,0.0,24.125,16.125,NaN,NaN
2024-09-01T12:00:00Z,0.0,24.125,20.125,NaN,NaN
2024-09-01T12:00:00Z,0.0,24.125,24.125,NaN,NaN
2024-09-01T12:00:00Z,0.0,24.125,28.125,NaN,NaN
2024-09-01T12:00:00Z,0.0,24.125,32.125,NaN,NaN
2024-09-01T12:00:00Z,0.0,24.125,36.125,30.86,1.03
2024-09-01T12:00:00Z,0.0,24.125,40.125,NaN,NaN
2024-09-01T12:00:00Z,0.0,24.125,44.125,NaN,NaN
2024-09-01T12:00:00Z,0.0,24.125,48.125,NaN,NaN
2024-09-01T12:00:00Z,0.0,24.125,52.125,34.88,2.54
2024-09-01T12:00:00Z,0.0,24.125,56.125,NaN,NaN
2024-09-01T12:00:00Z,0.0,24.125,60.125,29.17,0.52
2024-09-01T12:00:00Z,0.0,24.125,64.125,28.06,0.52
2024-09-01T12:00:00Z,0.0,24.125,68.125,NaN,NaN
2024-09-01T12:00:00Z,0.0,24.125,72.125,NaN,NaN
2024-09-01T12:00:00Z,0.0,24.125,76.125,NaN,NaN
2024-09-01T12:00:00Z,0.0,24.125,80.125,NaN,NaN
2024-09-01T12:00:00Z,0.0,24.125,84.125,NaN,NaN
2024-09-01T12:00:00Z,0.0,24.125,88.125,NaN,NaN
2024-09-01T12:00:00Z,0.0,24.125,92.125,NaN,NaN
2024-09-01T12:00:00Z,0.0,24.125,96.125,NaN,NaN
2024-09-01T12:00:00Z,0.0,24.125,100.125,NaN,NaN
2024-09-01T12:00:00Z,0.0,24.125,104.125,NaN,NaN
2024-09-01T12:00:00Z,0.0,24.125,108.125,NaN,NaN
2024-09-01T12:00:00Z,0.0,24.125,112.125,NaN,NaN
2024-09-01T12:00:00Z,0.0,24.125,116.125,NaN,NaN
2024-09-01T12:00:00Z,0.0,24.125,120.125,29.97,2.02
2024-09-01T12:00:00Z,0.0,24.125,124.125,30.69,1.9
2024-09-01T12:00:00Z,0.0,24.125,128.125,30.55,1.81
2024-09-01T12:00:00Z,0.0,24.125,132.125,30.24,1.5
2024-09-01T12:00:00Z,0.0,24.125,136.125,29.59,0.91
2024-09-01T12:00:00Z,0.0,24.125,140.125,28.09,-0.55
2024-09-01T12:00:00Z,0.0,24.125,144.125,29.13,0.51
2024-09-01T12:00:00Z,0.0,24.125,148.125,29.29,0.56
2024-09-01T12:00:00Z,0.0,24.125,152.125,29.36,0.55
2024-09-01T12:00:00Z,0.0,24.125,156.125,28.96,0.23
2024-09-01T12:00:00Z,0.0,24.125,160.125,29.14,0.5
2024-09-01T12:00:00Z,0.0,24.125,164.125,28.95,0.45
2024-09-01T12:00:00Z,0.0,24.125,168.125,28.45,0.04
2024-09-01T12:00:00Z,0.0,24.125,172.125,28.64,0.4
2024-09-01T12:00:00Z,0.0,24.125,176.125,28.25,0.25
2024-09-01T12:00:00Z,0.0,24.125,180.125,28.55,0.72
2024-09-01T12:00:00Z,0.0,24.125,184.125,28.16,0.55
2024-09-01T12:00:00Z,0.0,24.125,188.125,27.77,0.45
2024-09-01T12:00:00Z,0.0,24.125,192.125,27.31,0.32
2024-09-01T12:00:00Z,0.0,24.125,196.125,27.28,0.56
2024-09-01T12:00:00Z,0.0,24.125,200.125,27.04,0.73
2024-09-01T12:00:00Z,0.0,24.125,204.125,26.47,0.58
2024-09-01T12:00:00Z,0.0,24.125,208.125,26.39,0.88
2024-09-01T12:00:00Z,0.0,24.125,212.125,25.62,0.69
2024-09-01T12:00:00Z,0.0,24.125,216.125,25.06,0.73
2024-09-01T12:00:00Z,0.0,24.125,220.125,24.09,0.41
2024-09-01T12:00:00Z,0.0,24.125,224.125,23.68,0.55
2024-09-01T12:00:00Z,0.0,24.125,228.125,23.24,0.61
2024-09-01T12:00:00Z,0.0,24.125,232.125,23.61,1.28
2024-09-01T12:00:00Z,0.0,24.125,236.125,23.59,1.22
2024-09-01T12:00:00Z,0.0,24.125,240.125,24.8,1.78
2024-09-01T12:00:00Z,0.0,24.125,244.125,24.22,0.48
2024-09-01T12:00:00Z,0.0,24.125,248.125,25.82,-0.93
2024-09-01T12:00:00Z,0.0,24.125,252.125,30.55,0.63
2024-09-01T12:00:00Z,0.0,24.125,256.125,NaN,NaN
2024-09-01T12:00:00Z,0.0,24.125,260.125,NaN,NaN
2024-09-01T12:00:00Z,0.0,24.125,264.125,31.33,2.01
2024-09-01T12:00:00Z,0.0,24.125,268.125,30.76,1.18
2024-09-01T12:00:00Z,0.0,24.125,272.125,30.5,1.17
2024-09-01T12:00:00Z,0.0,24.125,276.125,30.34,0.86
2024-09-01T12:00:00Z,0.0,24.125,280.125,29.82,0.37
2024-09-01T12:00:00Z,0.0,24.125,284.125,29.54,0.42
2024-09-01T12:00:00Z,0.0,24.125,288.125,29.17,0.4
2024-09-01T12:00:00Z,0.0,24.125,292.125,29.08,0.34
2024-09-01T12:00:00Z,0.0,24.125,296.125,29.09,0.53
2024-09-01T12:00:00Z,0.0,24.125,300.125,29.3,1.03
2024-09-01T12:00:00Z,0.0,24.125,304.125,29.16,1.12
2024-09-01T12:00:00Z,0.0,24.125,308.125,28.83,1.11
2024-09-01T12:00:00Z,0.0,24.125,312.125,28.72,1.45
2024-09-01T12:00:00Z,0.0,24.125,316.125,28.41,1.6
2024-09-01T12:00:00Z,0.0,24.125,320.125,27.97,1.58
2024-09-01T12:00:00Z,0.0,24.125,324.125,27.27,1.34
2024-09-01T12:00:00Z,0.0,24.125,328.125,26.49,1.07
2024-09-01T12:00:00Z,0.0,24.125,332.125,25.66,0.7
2024-09-01T12:00:00Z,0.0,24.125,336.125,25.45,0.95
2024-09-01T12:00:00Z,0.0,24.125,340.125,24.66,0.96
2024-09-01T12:00:00Z,0.0,24.125,344.125,20.07,-1.36
2024-09-01T12:00:00Z,0.0,24.125,348.125,NaN,NaN
2024-09-01T12:00:00Z,0.0,24.125,352.125,NaN,NaN
2024-09-01T12:00:00Z,0.0,24.125,356.125,NaN,NaN
2024-09-01T12:00:00Z,0.0,28.125,0.125,NaN,NaN
2024-09-01T12:00:00Z,0.0,28.125,4.125,NaN,NaN
2024-09-01T12:00:00Z,0.0,28.125,8.125,NaN,NaN
2024-09-01T12:00:00Z,0.0,28.125,12.125,NaN,NaN
2024-09-01T12:00:00Z,0.0,28.125,16.125,NaN,NaN
2024-09-01T12:00:00Z,0.0,28.125,20.125,NaN,NaN
2024-09-01T12:00:00Z,0.0,28.125,24.125,NaN,NaN
2024-09-01T12:00:00Z,0.0,28.125,28.125,NaN,NaN
2024-09-01T12:00:00Z,0.0,28.125,32.125,NaN,NaN
2024-09-01T12:00:00Z,0.0,28.125,36.125,NaN,NaN
2024-09-01T12:00:00Z,0.0,28.125,40.125,NaN,NaN
2024-09-01T12:00:00Z,0.0,28.125,44.125,NaN,NaN
2024-09-01T12:00:00Z,0.0,28.125,48.125,NaN,NaN
2024-09-01T12:00:00Z,0.0,28.125,52.125,NaN,NaN
2024-09-01T12:00:00Z,0.0,28.125,56.125,NaN,NaN
2024-09-01T12:00:00Z,0.0,28.125,60.125,NaN,NaN
2024-09-01T12:00:00Z,0.0,28.125,64.125,NaN,NaN
2024-09-01T12:00:00Z,0.0,28.125,68.125,NaN,NaN
2024-09-01T12:00:00Z,0.0,28.125,72.125,NaN,NaN
2024-09-01T12:00:00Z,0.0,28.125,76.125,NaN,NaN
2024-09-01T12:00:00Z,0.0,28.125,80.125,NaN,NaN
2024-09-01T12:00:00Z,0.0,28.125,84.125,NaN,NaN
2024-09-01T12:00:00Z,0.0,28.125,88.125,NaN,NaN
2024-09-01T12:00:00Z,0.0,28.125,92.125,NaN,NaN
2024-09-01T12:00:00Z,0.0,28.125,96.125,NaN,NaN
2024-09-01T12:00:00Z,0.0,28.125,100.125,NaN,NaN
2024-09-01T12:00:00Z,0.0,28.125,104.125,NaN,NaN
2024-09-01T12:00:00Z,0.0,28.125,108.125,NaN,NaN
2024-09-01T12:00:00Z,0.0,28.125,112.125,NaN,NaN
2024-09-01T12:00:00Z,0.0,28.125,116.125,NaN,NaN
2024-09-01T12:00:00Z,0.0,28.125,120.125,NaN,NaN
2024-09-01T12:00:00Z,0.0,28.125,124.125,30.75,2.85
2024-09-01T12:00:00Z,0.0,28.125,128.125,30.16,1.74
2024-09-01T12:00:00Z,0.0,28.125,132.125,28.87,0.48
2024-09-01T12:00:00Z,0.0,28.125,136.125,29.82,1.67
2024-09-01T12:00:00Z,0.0,28.125,140.125,30.01,2.05
2024-09-01T12:00:00Z,0.0,28.125,144.125,28.55,0.45
2024-09-01T12:00:00Z,0.0,28.125,148.125,28.11,0.03
2024-09-01T12:00:00Z,0.0,28.125,152.125,28.14,0.21
2024-09-01T12:00:00Z,0.0,28.125,156.125,28.19,0.29
2024-09-01T12:00:00Z,0.0,28.125,160.125,28.31,0.41
2024-09-01T12:00:00Z,0.0,28.125,164.125,28.76,0.95
2024-09-01T12:00:00Z,0.0,28.125,168.125,28.47,0.91
2024-09-01T12:00:00Z,0.0,28.125,172.125,28.03,0.62
2024-09-01T12:00:00Z,0.0,28.125,176.125,27.74,0.47
2024-09-01T12:00:00Z,0.0,28.125,180.125,27.57,0.51
2024-09-01T12:00:00Z,0.0,28.125,184.125,27.13,0.28
2024-09-01T12:00:00Z,0.0,28.125,188.125,26.69,0.03
2024-09-01T12:00:00Z,0.0,28.125,192.125,27.15,0.75
2024-09-01T12:00:00Z,0.0,28.125,196.125,27.2,1.07
2024-09-01T12:00:00Z,0.0,28.125,200.125,27.11,1.32
2024-09-01T12:00:00Z,0.0,28.125,204.125,27.06,1.66
2024-09-01T12:00:00Z,0.0,28.125,208.125,26.58,1.61
2024-09-01T12:00:00Z,0.0,28.125,212.125,26.4,2.03
2024-09-01T12:00:00Z,0.0,28.125,216.125,25.4,1.72
2024-09-01T12:00:00Z,0.0,28.125,220.125,24.67,1.7
2024-09-01T12:00:00Z,0.0,28.125,224.125,23.79,1.53
2024-09-01T12:00:00Z,0.0,28.125,228.125,22.94,1.32
2024-09-01T12:00:00Z,0.0,28.125,232.125,22.01,1.0
2024-09-01T12:00:00Z,0.0,28.125,236.125,21.96,1.42
2024-09-01T12:00:00Z,0.0,28.125,240.125,20.7,0.14
2024-09-01T12:00:00Z,0.0,28.125,244.125,19.76,-1.22
2024-09-01T12:00:00Z,0.0,28.125,248.125,31.13,1.54
2024-09-01T12:00:00Z,0.0,28.125,252.125,NaN,NaN
2024-09-01T12:00:00Z,0.0,28.125,256.125,NaN,NaN
2024-09-01T12:00:00Z,0.0,28.125,260.125,NaN,NaN
2024-09-01T12:00:00Z,0.0,28.125,264.125,30.49,1.48
2024-09-01T12:00:00Z,0.0,28.125,268.125,30.23,0.9
2024-09-01T12:00:00Z,0.0,28.125,272.125,30.2,1.01
2024-09-01T12:00:00Z,0.0,28.125,276.125,30.04,0.76
2024-09-01T12:00:00Z,0.0,28.125,280.125,29.8,0.83
2024-09-01T12:00:00Z,0.0,28.125,284.125,29.18,0.53
2024-09-01T12:00:00Z,0.0,28.125,288.125,29.5,1.02
2024-09-01T12:00:00Z,0.0,28.125,292.125,29.26,0.83
2024-09-01T12:00:00Z,0.0,28.125,296.125,29.23,0.88
2024-09-01T12:00:00Z,0.0,28.125,300.125,29.46,1.32
2024-09-01T12:00:00Z,0.0,28.125,304.125,29.86,1.86
2024-09-01T12:00:00Z,0.0,28.125,308.125,29.5,1.75
2024-09-01T12:00:00Z,0.0,28.125,312.125,29.09,1.71
2024-09-01T12:00:00Z,0.0,28.125,316.125,28.56,1.58
2024-09-01T12:00:00Z,0.0,28.125,320.125,28.16,1.54
2024-09-01T12:00:00Z,0.0,28.125,324.125,27.17,1.02
2024-09-01T12:00:00Z,0.0,28.125,328.125,26.62,1.01
2024-09-01T12:00:00Z,0.0,28.125,332.125,25.88,0.91
2024-09-01T12:00:00Z,0.0,28.125,336.125,25.07,0.81
2024-09-01T12:00:00Z,0.0,28.125,340.125,23.96,0.32
2024-09-01T12:00:00Z,0.0,28.125,344.125,23.48,0.65
2024-09-01T12:00:00Z,0.0,28.125,348.125,NaN,NaN
2024-09-01T12:00:00Z,0.0,28.125,352.125,NaN,NaN
2024-09-01T12:00:00Z,0.0,28.125,356.125,NaN,NaN
2024-09-01T12:00:00Z,0.0,32.125,0.125,NaN,NaN
2024-09-01T12:00:00Z,0.0,32.125,4.125,NaN,NaN
2024-09-01T12:00:00Z,0.0,32.125,8.125,NaN,NaN
2024-09-01T12:00:00Z,0.0,32.125,12.125,NaN,NaN
2024-09-01T12:00:00Z,0.0,32.125,16.125,29.82,3.12
2024-09-01T12:00:00Z,0.0,32.125,20.125,NaN,NaN
2024-09-01T12:00:00Z,0.0,32.125,24.125,28.61,2.82
2024-09-01T12:00:00Z,0.0,32.125,28.125,28.63,2.72
2024-09-01T12:00:00Z,0.0,32.125,32.125,29.06,2.38
2024-09-01T12:00:00Z,0.0,32.125,36.125,NaN,NaN
2024-09-01T12:00:00Z,0.0,32.125,40.125,NaN,NaN
2024-09-01T12:00:00Z,0.0,32.125,44.125,NaN,NaN
2024-09-01T12:00:00Z,0.0,32.125,48.125,NaN,NaN
2024-09-01T12:00:00Z,0.0,32.125,52.125,NaN,NaN
2024-09-01T12:00:00Z,0.0,32.125,56.125,NaN,NaN
2024-09-01T12:00:00Z,0.0,32.125,60.125,NaN,NaN
2024-09-01T12:00:00Z,0.0,32.125,64.125,NaN,NaN
2024-09-01T12:00:00Z,0.0,32.125,68.125,NaN,NaN
2024-09-01T12:00:00Z,0.0,32.125,72.125,NaN,NaN
2024-09-01T12:00:00Z,0.0,32.125,76.125,NaN,NaN
2024-09-01T12:00:00Z,0.0,32.125,80.125,NaN,NaN
2024-09-01T12:00:00Z,0.0,32.125,84.125,NaN,NaN
2024-09-01T12:00:00Z,0.0,32.125,88.125,NaN,NaN
2024-09-01T12:00:00Z,0.0,32.125,92.125,NaN,NaN
2024-09-01T12:00:00Z,0.0,32.125,96.125,NaN,NaN
2024-09-01T12:00:00Z,0.0,32.125,100.125,NaN,NaN
2024-09-01T12:00:00Z,0.0,32.125,104.125,NaN,NaN
2024-09-01T12:00:00Z,0.0,32.125,108.125,NaN,NaN
2024-09-01T12:00:00Z,0.0,32.125,112.125,NaN,NaN
2024-09-01T12:00:00Z,0.0,32.125,116.125,NaN,NaN
2024-09-01T12:00:00Z,0.0,32.125,120.125,NaN,NaN
2024-09-01T12:00:00Z,0.0,32.125,124.125,29.1,3.31
2024-09-01T12:00:00Z,0.0,32.125,128.125,29.77,2.55
2024-09-01T12:00:00Z,0.0,32.125,132.125,28.16,0.52
2024-09-01T12:00:00Z,0.0,32.125,136.125,29.03,1.29
2024-09-01T12:00:00Z,0.0,32.125,140.125,29.48,1.8
2024-09-01T12:00:00Z,0.0,32.125,144.125,27.79,0.23
2024-09-01T12:00:00Z,0.0,32.125,148.125,27.74,0.38
2024-09-01T12:00:00Z,0.0,32.125,152.125,27.66,0.5
2024-09-01T12:00:00Z,0.0,32.125,156.125,27.45,0.65
2024-09-01T12:00:00Z,0.0,32.125,160.125,27.69,1.17
2024-09-01T12:00:00Z,0.0,32.125,164.125,28.14,1.69
2024-09-01T12:00:00Z,0.0,32.125,168.125,28.04,1.71
2024-09-01T12:00:00Z,0.0,32.125,172.125,27.35,1.23
2024-09-01T12:00:00Z,0.0,32.125,176.125,26.48,0.51
2024-09-01T12:00:00Z,0.0,32.125,180.125,26.65,0.87
2024-09-01T12:00:00Z,0.0,32.125,184.125,26.01,0.39
2024-09-01T12:00:00Z,0.0,32.125,188.125,25.5,-0.03
2024-09-01T12:00:00Z,0.0,32.125,192.125,25.81,0.52
2024-09-01T12:00:00Z,0.0,32.125,196.125,25.81,0.84
2024-09-01T12:00:00Z,0.0,32.125,200.125,25.72,0.98
2024-09-01T12:00:00Z,0.0,32.125,204.125,26.62,2.16
2024-09-01T12:00:00Z,0.0,32.125,208.125,26.37,2.29
2024-09-01T12:00:00Z,0.0,32.125,212.125,26.64,3.1
2024-09-01T12:00:00Z,0.0,32.125,216.125,25.9,2.96
2024-09-01T12:00:00Z,0.0,32.125,220.125,24.52,2.2
2024-09-01T12:00:00Z,0.0,32.125,224.125,23.48,1.9
2024-09-01T12:00:00Z,0.0,32.125,228.125,22.46,1.69
2024-09-01T12:00:00Z,0.0,32.125,232.125,21.44,1.72
2024-09-01T12:00:00Z,0.0,32.125,236.125,19.57,1.04
2024-09-01T12:00:00Z,0.0,32.125,240.125,18.51,-0.08
2024-09-01T12:00:00Z,0.0,32.125,244.125,NaN,NaN
2024-09-01T12:00:00Z,0.0,32.125,248.125,NaN,NaN
2024-09-01T12:00:00Z,0.0,32.125,252.125,NaN,NaN
2024-09-01T12:00:00Z,0.0,32.125,256.125,NaN,NaN
2024-09-01T12:00:00Z,0.0,32.125,260.125,NaN,NaN
2024-09-01T12:00:00Z,0.0,32.125,264.125,NaN,NaN
2024-09-01T12:00:00Z,0.0,32.125,268.125,NaN,NaN
2024-09-01T12:00:00Z,0.0,32.125,272.125,NaN,NaN
2024-09-01T12:00:00Z,0.0,32.125,276.125,NaN,NaN
2024-09-01T12:00:00Z,0.0,32.125,280.125,28.9,0.76
2024-09-01T12:00:00Z,0.0,32.125,284.125,29.62,1.49
2024-09-01T12:00:00Z,0.0,32.125,288.125,28.45,1.09
2024-09-01T12:00:00Z,0.0,32.125,292.125,28.76,1.48
2024-09-01T12:00:00Z,0.0,32.125,296.125,28.02,0.69
2024-09-01T12:00:00Z,0.0,32.125,300.125,29.31,2.05
2024-09-01T12:00:00Z,0.0,32.125,304.125,29.39,2.2
2024-09-01T12:00:00Z,0.0,32.125,308.125,29.5,2.4
2024-09-01T12:00:00Z,0.0,32.125,312.125,29.49,2.62
2024-09-01T12:00:00Z,0.0,32.125,316.125,29.44,2.87
2024-09-01T12:00:00Z,0.0,32.125,320.125,28.34,2.11
2024-09-01T12:00:00Z,0.0,32.125,324.125,27.9,2.0
2024-09-01T12:00:00Z,0.0,32.125,328.125,27.11,1.64
2024-09-01T12:00:00Z,0.0,32.125,332.125,26.02,1.2
2024-09-01T12:00:00Z,0.0,32.125,336.125,25.62,1.35
2024-09-01T12:00:00Z,0.0,32.125,340.125,24.54,1.0
2024-09-01T12:00:00Z,0.0,32.125,344.125,23.58,0.81
2024-09-01T12:00:00Z,0.0,32.125,348.125,23.13,1.02
2024-09-01T12:00:00Z,0.0,32.125,352.125,NaN,NaN
2024-09-01T12:00:00Z,0.0,32.125,356.125,NaN,NaN
2024-09-01T12:00:00Z,0.0,36.125,0.125,25.89,1.77
2024-09-01T12:00:00Z,0.0,36.125,4.125,NaN,NaN
2024-09-01T12:00:00Z,0.0,36.125,8.125,NaN,NaN
2024-09-01T12:00:00Z,0.0,36.125,12.125,28.39,2.96
2024-09-01T12:00:00Z,0.0,36.125,16.125,29.09,3.14
2024-09-01T12:00:00Z,0.0,36.125,20.125,29.16,3.6
2024-09-01T12:00:00Z,0.0,36.125,24.125,27.01,2.92
2024-09-01T12:00:00Z,0.0,36.125,28.125,28.09,3.38
2024-09-01T12:00:00Z,0.0,36.125,32.125,29.94,3.3
2024-09-01T12:00:00Z,0.0,36.125,36.125,NaN,NaN
2024-09-01T12:00:00Z,0.0,36.125,40.125,NaN,NaN
2024-09-01T12:00:00Z,0.0,36.125,44.125,NaN,NaN
2024-09-01T12:00:00Z,0.0,36.125,48.125,NaN,NaN
2024-09-01T12:00:00Z,0.0,36.125,52.125,NaN,NaN
2024-09-01T12:00:00Z,0.0,36.125,56.125,NaN,NaN
2024-09-01T12:00:00Z,0.0,36.125,60.125,NaN,NaN
2024-09-01T12:00:00Z,0.0,36.125,64.125,NaN,NaN
2024-09-01T12:00:00Z,0.0,36.125,68.125,NaN,NaN
2024-09-01T12:00:00Z,0.0,36.125,72.125,NaN,NaN
2024-09-01T12:00:00Z,0.0,36.125,76.125,NaN,NaN
2024-09-01T12:00:00Z,0.0,36.125,80.125,NaN,NaN
2024-09-01T12:00:00Z,0.0,36.125,84.125,NaN,NaN
2024-09-01T12:00:00Z,0.0,36.125,88.125,NaN,NaN
2024-09-01T12:00:00Z,0.0,36.125,92.125,NaN,NaN
2024-09-01T12:00:00Z,0.0,36.125,96.125,NaN,NaN
2024-09-01T12:00:00Z,0.0,36.125,100.125,NaN,NaN
2024-09-01T12:00:00Z,0.0,36.125,104.125,NaN,NaN
2024-09-01T12:00:00Z,0.0,36.125,108.125,NaN,NaN
2024-09-01T12:00:00Z,0.0,36.125,112.125,NaN,NaN
2024-09-01T12:00:00Z,0.0,36.125,116.125,NaN,NaN
2024-09-01T12:00:00Z,0.0,36.125,120.125,NaN,NaN
2024-09-01T12:00:00Z,0.0,36.125,124.125,28.93,4.52
2024-09-01T12:00:00Z,0.0,36.125,128.125,NaN,NaN
2024-09-01T12:00:00Z,0.0,36.125,132.125,28.08,3.05
2024-09-01T12:00:00Z,0.0,36.125,136.125,28.06,2.64
2024-09-01T12:00:00Z,0.0,36.125,140.125,NaN,NaN
2024-09-01T12:00:00Z,0.0,36.125,144.125,27.83,2.28
2024-09-01T12:00:00Z,0.0,36.125,148.125,27.96,2.17
2024-09-01T12:00:00Z,0.0,36.125,152.125,26.79,1.2
2024-09-01T12:00:00Z,0.0,36.125,156.125,26.6,1.59
2024-09-01T12:00:00Z,0.0,36.125,160.125,27.48,2.87
2024-09-01T12:00:00Z,0.0,36.125,164.125,27.58,3.17
2024-09-01T12:00:00Z,0.0,36.125,168.125,28.25,4.17
2024-09-01T12:00:00Z,0.0,36.125,172.125,27.93,3.98
2024-09-01T12:00:00Z,0.0,36.125,176.125,26.84,3.03
2024-09-01T12:00:00Z,0.0,36.125,180.125,26.93,3.02
2024-09-01T12:00:00Z,0.0,36.125,184.125,25.69,2.1
2024-09-01T12:00:00Z,0.0,36.125,188.125,25.44,1.92
2024-09-01T12:00:00Z,0.0,36.125,192.125,24.92,1.47
2024-09-01T12:00:00Z,0.0,36.125,196.125,24.48,1.2
2024-09-01T12:00:00Z,0.0,36.125,200.125,24.46,1.39
2024-09-01T12:00:00Z,0.0,36.125,204.125,23.87,0.98
2024-09-01T12:00:00Z,0.0,36.125,208.125,24.45,1.81
2024-09-01T12:00:00Z,0.0,36.125,212.125,23.96,1.74
2024-09-01T12:00:00Z,0.0,36.125,216.125,24.41,2.67
2024-09-01T12:00:00Z,0.0,36.125,220.125,23.54,2.22
2024-09-01T12:00:00Z,0.0,36.125,224.125,22.3,1.66
2024-09-01T12:00:00Z,0.0,36.125,228.125,21.24,1.55
2024-09-01T12:00:00Z,0.0,36.125,232.125,19.85,1.64
2024-09-01T12:00:00Z,0.0,36.125,236.125,18.42,2.22
2024-09-01T12:00:00Z,0.0,36.125,240.125,NaN,NaN
2024-09-01T12:00:00Z,0.0,36.125,244.125,NaN,NaN
2024-09-01T12:00:00Z,0.0,36.125,248.125,NaN,NaN
2024-09-01T12:00:00Z,0.0,36.125,252.125,NaN,NaN
2024-09-01T12:00:00Z,0.0,36.125,256.125,NaN,NaN
2024-09-01T12:00:00Z,0.0,36.125,260.125,NaN,NaN
2024-09-01T12:00:00Z,0.0,36.125,264.125,NaN,NaN
2024-09-01T12:00:00Z,0.0,36.125,268.125,NaN,NaN
2024-09-01T12:00:00Z,0.0,36.125,272.125,NaN,NaN
2024-09-01T12:00:00Z,0.0,36.125,276.125,NaN,NaN
2024-09-01T12:00:00Z,0.0,36.125,280.125,NaN,NaN
2024-09-01T12:00:00Z,0.0,36.125,284.125,27.74,2.08
2024-09-01T12:00:00Z,0.0,36.125,288.125,27.94,1.17
2024-09-01T12:00:00Z,0.0,36.125,292.125,28.48,1.69
2024-09-01T12:00:00Z,0.0,36.125,296.125,27.69,1.23
2024-09-01T12:00:00Z,0.0,36.125,300.125,27.46,1.18
2024-09-01T12:00:00Z,0.0,36.125,304.125,28.31,2.27
2024-09-01T12:00:00Z,0.0,36.125,308.125,28.13,2.27
2024-09-01T12:00:00Z,0.0,36.125,312.125,28.57,2.92
2024-09-01T12:00:00Z,0.0,36.125,316.125,28.53,3.08
2024-09-01T12:00:00Z,0.0,36.125,320.125,27.66,2.42
2024-09-01T12:00:00Z,0.0,36.125,324.125,27.05,2.23
2024-09-01T12:00:00Z,0.0,36.125,328.125,26.56,2.24
2024-09-01T12:00:00Z,0.0,36.125,332.125,26.26,2.39
2024-09-01T12:00:00Z,0.0,36.125,336.125,25.49,1.98
2024-09-01T12:00:00Z,0.0,36.125,340.125,25.12,2.22
2024-09-01T12:00:00Z,0.0,36.125,344.125,23.49,1.49
2024-09-01T12:00:00Z,0.0,36.125,348.125,22.71,1.21
2024-09-01T12:00:00Z,0.0,36.125,352.125,23.68,1.9
2024-09-01T12:00:00Z,0.0,36.125,356.125,25.06,2.65
2024-09-01T12:00:00Z,0.0,40.125,0.125,27.43,2.61
2024-09-01T12:00:00Z,0.0,40.125,4.125,27.03,2.67
2024-09-01T12:00:00Z,0.0,40.125,8.125,26.38,2.32
2024-09-01T12:00:00Z,0.0,40.125,12.125,28.8,3.99
2024-09-01T12:00:00Z,0.0,40.125,16.125,NaN,NaN
2024-09-01T12:00:00Z,0.0,40.125,20.125,NaN,NaN
2024-09-01T12:00:00Z,0.0,40.125,24.125,26.87,3.12
2024-09-01T12:00:00Z,0.0,40.125,28.125,NaN,NaN
2024-09-01T12:00:00Z,0.0,40.125,32.125,NaN,NaN
2024-09-01T12:00:00Z,0.0,40.125,36.125,NaN,NaN
2024-09-01T12:00:00Z,0.0,40.125,40.125,NaN,NaN
2024-09-01T12:00:00Z,0.0,40.125,44.125,NaN,NaN
2024-09-01T12:00:00Z,0.0,40.125,48.125,NaN,NaN
2024-09-01T12:00:00Z,0.0,40.125,52.125,24.25,-0.15
2024-09-01T12:00:00Z,0.0,40.125,56.125,NaN,NaN
2024-09-01T12:00:00Z,0.0,40.125,60.125,NaN,NaN
2024-09-01T12:00:00Z,0.0,40.125,64.125,NaN,NaN
2024-09-01T12:00:00Z,0.0,40.125,68.125,NaN,NaN
2024-09-01T12:00:00Z,0.0,40.125,72.125,NaN,NaN
2024-09-01T12:00:00Z,0.0,40.125,76.125,NaN,NaN
2024-09-01T12:00:00Z,0.0,40.125,80.125,NaN,NaN
2024-09-01T12:00:00Z,0.0,40.125,84.125,NaN,NaN
2024-09-01T12:00:00Z,0.0,40.125,88.125,NaN,NaN
2024-09-01T12:00:00Z,0.0,40.125,92.125,NaN,NaN
2024-09-01T12:00:00Z,0.0,40.125,96.125,NaN,NaN
2024-09-01T12:00:00Z,0.0,40.125,100.125,NaN,NaN
2024-09-01T12:00:00Z,0.0,40.125,104.125,NaN,NaN
2024-09-01T12:00:00Z,0.0,40.125,108.125,NaN,NaN
2024-09-01T12:00:00Z,0.0,40.125,112.125,NaN,NaN
2024-09-01T12:00:00Z,0.0,40.125,116.125,NaN,NaN
2024-09-01T12:00:00Z,0.0,40.125,120.125,26.44,3.04
2024-09-01T12:00:00Z,0.0,40.125,124.125,NaN,NaN
2024-09-01T12:00:00Z,0.0,40.125,128.125,NaN,NaN
2024-09-01T12:00:00Z,0.0,40.125,132.125,25.68,3.93
2024-09-01T12:00:00Z,0.0,40.125,136.125,26.03,3.66
2024-09-01T12:00:00Z,0.0,40.125,140.125,NaN,NaN
2024-09-01T12:00:00Z,0.0,40.125,144.125,24.88,4.46
2024-09-01T12:00:00Z,0.0,40.125,148.125,25.0,4.09
2024-09-01T12:00:00Z,0.0,40.125,152.125,24.45,3.2
2024-09-01T12:00:00Z,0.0,40.125,156.125,24.14,3.58
2024-09-01T12:00:00Z,0.0,40.125,160.125,26.16,6.09
2024-09-01T12:00:00Z,0.0,40.125,164.125,25.88,5.98
2024-09-01T12:00:00Z,0.0,40.125,168.125,24.86,5.06
2024-09-01T12:00:00Z,0.0,40.125,172.125,25.33,5.6
2024-09-01T12:00:00Z,0.0,40.125,176.125,23.51,3.81
2024-09-01T12:00:00Z,0.0,40.125,180.125,24.66,4.91
2024-09-01T12:00:00Z,0.0,40.125,184.125,24.0,4.09
2024-09-01T12:00:00Z,0.0,40.125,188.125,23.11,3.23
2024-09-01T12:00:00Z,0.0,40.125,192.125,22.21,2.29
2024-09-01T12:00:00Z,0.0,40.125,196.125,22.03,1.98
2024-09-01T12:00:00Z,0.0,40.125,200.125,21.87,1.74
2024-09-01T12:00:00Z,0.0,40.125,204.125,21.63,1.57
2024-09-01T12:00:00Z,0.0,40.125,208.125,20.62,0.56
2024-09-01T12:00:00Z,0.0,40.125,212.125,21.28,1.37
2024-09-01T12:00:00Z,0.0,40.125,216.125,22.19,2.55
2024-09-01T12:00:00Z,0.0,40.125,220.125,21.82,2.4
2024-09-01T12:00:00Z,0.0,40.125,224.125,20.99,2.0
2024-09-01T12:00:00Z,0.0,40.125,228.125,20.14,1.75
2024-09-01T12:00:00Z,0.0,40.125,232.125,18.05,0.79
2024-09-01T12:00:00Z,0.0,40.125,236.125,NaN,NaN
2024-09-01T12:00:00Z,0.0,40.125,240.125,NaN,NaN
2024-09-01T12:00:00Z,0.0,40.125,244.125,NaN,NaN
2024-09-01T12:00:00Z,0.0,40.125,248.125,NaN,NaN
2024-09-01T12:00:00Z,0.0,40.125,252.125,NaN,NaN
2024-09-01T12:00:00Z,0.0,40.125,256.125,NaN,NaN
2024-09-01T12:00:00Z,0.0,40.125,260.125,NaN,NaN
2024-09-01T12:00:00Z,0.0,40.125,264.125,NaN,NaN
2024-09-01T12:00:00Z,0.0,40.125,268.125,NaN,NaN
2024-09-01T12:00:00Z,0.0,40.125,272.125,NaN,NaN
2024-09-01T12:00:00Z,0.0,40.125,276.125,NaN,NaN
2024-09-01T12:00:00Z,0.0,40.125,280.125,NaN,NaN
2024-09-01T12:00:00Z,0.0,40.125,284.125,NaN,NaN
2024-09-01T12:00:00Z,0.0,40.125,288.125,22.67,0.98
2024-09-01T12:00:00Z,0.0,40.125,292.125,26.27,4.57
2024-09-01T12:00:00Z,0.0,40.125,296.125,24.84,0.7
2024-09-01T12:00:00Z,0.0,40.125,300.125,26.47,1.42
2024-09-01T12:00:00Z,0.0,40.125,304.125,26.29,1.22
2024-09-01T12:00:00Z,0.0,40.125,308.125,26.66,2.13
2024-09-01T12:00:00Z,0.0,40.125,312.125,25.54,1.51
2024-09-01T12:00:00Z,0.0,40.125,316.125,26.92,2.96
2024-09-01T12:00:00Z,0.0,40.125,320.125,25.79,2.4
2024-09-01T12:00:00Z,0.0,40.125,324.125,26.02,2.84
2024-09-01T12:00:00Z,0.0,40.125,328.125,24.59,1.99
2024-09-01T12:00:00Z,0.0,40.125,332.125,24.83,2.76
2024-09-01T12:00:00Z,0.0,40.125,336.125,24.54,2.66
2024-09-01T12:00:00Z,0.0,40.125,340.125,24.15,2.74
2024-09-01T12:00:00Z,0.0,40.125,344.125,23.0,2.23
2024-09-01T12:00:00Z,0.0,40.125,348.125,21.48,1.41
2024-09-01T12:00:00Z,0.0,40.125,352.125,NaN,NaN
2024-09-01T12:00:00Z,0.0,40.125,356.125,NaN,NaN
2024-09-01T12:00:00Z,0.0,44.125,0.125,NaN,NaN
2024-09-01T12:00:00Z,0.0,44.125,4.125,NaN,NaN
2024-09-01T12:00:00Z,0.0,44.125,8.125,NaN,NaN
2024-09-01T12:00:00Z,0.0,44.125,12.125,NaN,NaN
2024-09-01T12:00:00Z,0.0,44.125,16.125,NaN,NaN
2024-09-01T12:00:00Z,0.0,44.125,20.125,NaN,NaN
2024-09-01T12:00:00Z,0.0,44.125,24.125,NaN,NaN
2024-09-01T12:00:00Z,0.0,44.125,28.125,NaN,NaN
2024-09-01T12:00:00Z,0.0,44.125,32.125,25.75,3.74
2024-09-01T12:00:00Z,0.0,44.125,36.125,25.42,3.12
2024-09-01T12:00:00Z,0.0,44.125,40.125,NaN,NaN
2024-09-01T12:00:00Z,0.0,44.125,44.125,NaN,NaN
2024-09-01T12:00:00Z,0.0,44.125,48.125,24.97,1.69
2024-09-01T12:00:00Z,0.0,44.125,52.125,NaN,NaN
2024-09-01T12:00:00Z,0.0,44.125,56.125,NaN,NaN
2024-09-01T12:00:00Z,0.0,44.125,60.125,NaN,NaN
2024-09-01T12:00:00Z,0.0,44.125,64.125,NaN,NaN
2024-09-01T12:00:00Z,0.0,44.125,68.125,NaN,NaN
2024-09-01T12:00:00Z,0.0,44.125,72.125,NaN,NaN
2024-09-01T12:00:00Z,0.0,44.125,76.125,NaN,NaN
2024-09-01T12:00:00Z,0.0,44.125,80.125,NaN,NaN
2024-09-01T12:00:00Z,0.0,44.125,84.125,NaN,NaN
2024-09-01T12:00:00Z,0.0,44.125,88.125,NaN,NaN
2024-09-01T12:00:00Z,0.0,44.125,92.125,NaN,NaN
2024-09-01T12:00:00Z,0.0,44.125,96.125,NaN,NaN
2024-09-01T12:00:00Z,0.0,44.125,100.125,NaN,NaN
2024-09-01T12:00:00Z,0.0,44.125,104.125,NaN,NaN
2024-09-01T12:00:00Z,0.0,44.125,108.125,NaN,NaN
2024-09-01T12:00:00Z,0.0,44.125,112.125,NaN,NaN
2024-09-01T12:00:00Z,0.0,44.125,116.125,NaN,NaN
2024-09-01T12:00:00Z,0.0,44.125,120.125,NaN,NaN
2024-09-01T12:00:00Z,0.0,44.125,124.125,NaN,NaN
2024-09-01T12:00:00Z,0.0,44.125,128.125,NaN,NaN
2024-09-01T12:00:00Z,0.0,44.125,132.125,NaN,NaN
2024-09-01T12:00:00Z,0.0,44.125,136.125,19.75,1.56
2024-09-01T12:00:00Z,0.0,44.125,140.125,21.84,2.01
2024-09-01T12:00:00Z,0.0,44.125,144.125,20.31,4.44
2024-09-01T12:00:00Z,0.0,44.125,148.125,12.59,-1.4
2024-09-01T12:00:00Z,0.0,44.125,152.125,19.23,5.41
2024-09-01T12:00:00Z,0.0,44.125,156.125,19.28,4.08
2024-09-01T12:00:00Z,0.0,44.125,160.125,21.25,6.28
2024-09-01T12:00:00Z,0.0,44.125,164.125,17.3,3.14
2024-09-01T12:00:00Z,0.0,44.125,168.125,16.11,2.34
2024-09-01T12:00:00Z,0.0,44.125,172.125,17.56,3.39
2024-09-01T12:00:00Z,0.0,44.125,176.125,19.09,4.68
2024-09-01T12:00:00Z,0.0,44.125,180.125,19.02,4.61
2024-09-01T12:00:00Z,0.0,44.125,184.125,19.22,4.77
2024-09-01T12:00:00Z,0.0,44.125,188.125,17.95,3.23
2024-09-01T12:00:00Z,0.0,44.125,192.125,17.67,2.63
2024-09-01T12:00:00Z,0.0,44.125,196.125,18.32,2.98
2024-09-01T12:00:00Z,0.0,44.125,200.125,17.87,2.2
2024-09-01T12:00:00Z,0.0,44.125,204.125,17.36,1.49
2024-09-01T12:00:00Z,0.0,44.125,208.125,17.86,1.62
2024-09-01T12:00:00Z,0.0,44.125,212.125,17.57,1.1
2024-09-01T12:00:00Z,0.0,44.125,216.125,18.97,2.21
2024-09-01T12:00:00Z,0.0,44.125,220.125,19.81,2.92
2024-09-01T12:00:00Z,0.0,44.125,224.125,19.5,2.53
2024-09-01T12:00:00Z,0.0,44.125,228.125,18.34,1.43
2024-09-01T12:00:00Z,0.0,44.125,232.125,17.57,0.58
2024-09-01T12:00:00Z,0.0,44.125,236.125,NaN,NaN
2024-09-01T12:00:00Z,0.0,44.125,240.125,NaN,NaN
2024-09-01T12:00:00Z,0.0,44.125,244.125,NaN,NaN
2024-09-01T12:00:00Z,0.0,44.125,248.125,NaN,NaN
2024-09-01T12:00:00Z,0.0,44.125,252.125,NaN,NaN
2024-09-01T12:00:00Z,0.0,44.125,256.125,NaN,NaN
2024-09-01T12:00:00Z,0.0,44.125,260.125,NaN,NaN
2024-09-01T12:00:00Z,0.0,44.125,264.125,NaN,NaN
2024-09-01T12:00:00Z,0.0,44.125,268.125,NaN,NaN
2024-09-01T12:00:00Z,0.0,44.125,272.125,NaN,NaN
2024-09-01T12:00:00Z,0.0,44.125,276.125,NaN,NaN
2024-09-01T12:00:00Z,0.0,44.125,280.125,NaN,NaN
2024-09-01T12:00:00Z,0.0,44.125,284.125,NaN,NaN
2024-09-01T12:00:00Z,0.0,44.125,288.125,NaN,NaN
2024-09-01T12:00:00Z,0.0,44.125,292.125,14.92,0.99
2024-09-01T12:00:00Z,0.0,44.125,296.125,18.21,2.49
2024-09-01T12:00:00Z,0.0,44.125,300.125,19.81,2.42
2024-09-01T12:00:00Z,0.0,44.125,304.125,19.29,1.63
2024-09-01T12:00:00Z,0.0,44.125,308.125,19.08,2.29
2024-09-01T12:00:00Z,0.0,44.125,312.125,19.79,3.12
2024-09-01T12:00:00Z,0.0,44.125,316.125,23.21,2.56
2024-09-01T12:00:00Z,0.0,44.125,320.125,23.6,2.77
2024-09-01T12:00:00Z,0.0,44.125,324.125,21.59,1.3
2024-09-01T12:00:00Z,0.0,44.125,328.125,23.27,3.11
2024-09-01T12:00:00Z,0.0,44.125,332.125,22.8,2.99
2024-09-01T12:00:00Z,0.0,44.125,336.125,21.52,1.93
2024-09-01T12:00:00Z,0.0,44.125,340.125,21.59,2.23
2024-09-01T12:00:00Z,0.0,44.125,344.125,20.79,1.58
2024-09-01T12:00:00Z,0.0,44.125,348.125,21.45,2.62
2024-09-01T12:00:00Z,0.0,44.125,352.125,20.67,1.93
2024-09-01T12:00:00Z,0.0,44.125,356.125,22.28,1.92
2024-09-01T12:00:00Z,0.0,48.125,0.125,NaN,NaN
2024-09-01T12:00:00Z,0.0,48.125,4.125,NaN,NaN
2024-09-01T12:00:00Z,0.0,48.125,8.125,NaN,NaN
2024-09-01T12:00:00Z,0.0,48.125,12.125,NaN,NaN
2024-09-01T12:00:00Z,0.0,48.125,16.125,NaN,NaN
2024-09-01T12:00:00Z,0.0,48.125,20.125,NaN,NaN
2024-09-01T12:00:00Z,0.0,48.125,24.125,NaN,NaN
2024-09-01T12:00:00Z,0.0,48.125,28.125,NaN,NaN
2024-09-01T12:00:00Z,0.0,48.125,32.125,NaN,NaN
2024-09-01T12:00:00Z,0.0,48.125,36.125,NaN,NaN
2024-09-01T12:00:00Z,0.0,48.125,40.125,NaN,NaN
2024-09-01T12:00:00Z,0.0,48.125,44.125,NaN,NaN
2024-09-01T12:00:00Z,0.0,48.125,48.125,NaN,NaN
2024-09-01T12:00:00Z,0.0,48.125,52.125,NaN,NaN
2024-09-01T12:00:00Z,0.0,48.125,56.125,NaN,NaN
2024-09-01T12:00:00Z,0.0,48.125,60.125,NaN,NaN
2024-09-01T12:00:00Z,0.0,48.125,64.125,NaN,NaN
2024-09-01T12:00:00Z,0.0,48.125,68.125,NaN,NaN
2024-09-01T12:00:00Z,0.0,48.125,72.125,NaN,NaN
2024-09-01T12:00:00Z,0.0,48.125,76.125,NaN,NaN
2024-09-01T12:00:00Z,0.0,48.125,80.125,NaN,NaN
2024-09-01T12:00:00Z,0.0,48.125,84.125,NaN,NaN
2024-09-01T12:00:00Z,0.0,48.125,88.125,NaN,NaN
2024-09-01T12:00:00Z,0.0,48.125,92.125,NaN,NaN
2024-09-01T12:00:00Z,0.0,48.125,96.125,NaN,NaN
2024-09-01T12:00:00Z,0.0,48.125,100.125,NaN,NaN
2024-09-01T12:00:00Z,0.0,48.125,104.125,NaN,NaN
2024-09-01T12:00:00Z,0.0,48.125,108.125,NaN,NaN
2024-09-01T12:00:00Z,0.0,48.125,112.125,NaN,NaN
2024-09-01T12:00:00Z,0.0,48.125,116.125,NaN,NaN
2024-09-01T12:00:00Z,0.0,48.125,120.125,NaN,NaN
2024-09-01T12:00:00Z,0.0,48.125,124.125,NaN,NaN
2024-09-01T12:00:00Z,0.0,48.125,128.125,NaN,NaN
2024-09-01T12:00:00Z,0.0,48.125,132.125,NaN,NaN
2024-09-01T12:00:00Z,0.0,48.125,136.125,NaN,NaN
2024-09-01T12:00:00Z,0.0,48.125,140.125,17.36,1.29
2024-09-01T12:00:00Z,0.0,48.125,144.125,13.11,-0.55
2024-09-01T12:00:00Z,0.0,48.125,148.125,14.03,1.61
2024-09-01T12:00:00Z,0.0,48.125,152.125,11.18,1.74
2024-09-01T12:00:00Z,0.0,48.125,156.125,12.1,1.91
2024-09-01T12:00:00Z,0.0,48.125,160.125,12.29,0.9
2024-09-01T12:00:00Z,0.0,48.125,164.125,15.61,4.21
2024-09-01T12:00:00Z,0.0,48.125,168.125,12.8,1.73
2024-09-01T12:00:00Z,0.0,48.125,172.125,12.27,1.29
2024-09-01T12:00:00Z,0.0,48.125,176.125,12.57,1.55
2024-09-01T12:00:00Z,0.0,48.125,180.125,11.06,-0.03
2024-09-01T12:00:00Z,0.0,48.125,184.125,12.79,1.54
2024-09-01T12:00:00Z,0.0,48.125,188.125,12.6,1.22
2024-09-01T12:00:00Z,0.0,48.125,192.125,12.58,0.97
2024-09-01T12:00:00Z,0.0,48.125,196.125,12.8,0.91
2024-09-01T12:00:00Z,0.0,48.125,200.125,13.64,1.36
2024-09-01T12:00:00Z,0.0,48.125,204.125,13.62,0.88
2024-09-01T12:00:00Z,0.0,48.125,208.125,14.06,0.94
2024-09-01T12:00:00Z,0.0,48.125,212.125,14.71,1.18
2024-09-01T12:00:00Z,0.0,48.125,216.125,15.36,1.34
2024-09-01T12:00:00Z,0.0,48.125,220.125,16.62,2.13
2024-09-01T12:00:00Z,0.0,48.125,224.125,17.32,2.37
2024-09-01T12:00:00Z,0.0,48.125,228.125,17.3,1.73
2024-09-01T12:00:00Z,0.0,48.125,232.125,15.95,0.51
2024-09-01T12:00:00Z,0.0,48.125,236.125,NaN,NaN
2024-09-01T12:00:00Z,0.0,48.125,240.125,NaN,NaN
2024-09-01T12:00:00Z,0.0,48.125,244.125,NaN,NaN
2024-09-01T12:00:00Z,0.0,48.125,248.125,NaN,NaN
2024-09-01T12:00:00Z,0.0,48.125,252.125,NaN,NaN
2024-09-01T12:00:00Z,0.0,48.125,256.125,NaN,NaN
2024-09-01T12:00:00Z,0.0,48.125,260.125,NaN,NaN
2024-09-01T12:00:00Z,0.0,48.125,264.125,NaN,NaN
2024-09-01T12:00:00Z,0.0,48.125,268.125,NaN,NaN
2024-09-01T12:00:00Z,0.0,48.125,272.125,15.68,3.33
2024-09-01T12:00:00Z,0.0,48.125,276.125,NaN,NaN
2024-09-01T12:00:00Z,0.0,48.125,280.125,NaN,NaN
2024-09-01T12:00:00Z,0.0,48.125,284.125,NaN,NaN
2024-09-01T12:00:00Z,0.0,48.125,288.125,NaN,NaN
2024-09-01T12:00:00Z,0.0,48.125,292.125,NaN,NaN
2024-09-01T12:00:00Z,0.0,48.125,296.125,15.4,0.93
2024-09-01T12:00:00Z,0.0,48.125,300.125,17.15,2.49
2024-09-01T12:00:00Z,0.0,48.125,304.125,NaN,NaN
2024-09-01T12:00:00Z,0.0,48.125,308.125,13.97,1.84
2024-09-01T12:00:00Z,0.0,48.125,312.125,14.31,3.23
2024-09-01T12:00:00Z,0.0,48.125,316.125,15.16,1.54
2024-09-01T12:00:00Z,0.0,48.125,320.125,18.27,1.13
2024-09-01T12:00:00Z,0.0,48.125,324.125,17.04,0.22
2024-09-01T12:00:00Z,0.0,48.125,328.125,17.85,0.98
2024-09-01T12:00:00Z,0.0,48.125,332.125,18.04,0.99
2024-09-01T12:00:00Z,0.0,48.125,336.125,18.51,1.34
2024-09-01T12:00:00Z,0.0,48.125,340.125,18.08,0.74
2024-09-01T12:00:00Z,0.0,48.125,344.125,18.05,0.74
2024-09-01T12:00:00Z,0.0,48.125,348.125,18.22,0.97
2024-09-01T12:00:00Z,0.0,48.125,352.125,18.21,0.99
2024-09-01T12:00:00Z,0.0,48.125,356.125,NaN,NaN
2024-09-01T12:00:00Z,0.0,52.125,0.125,NaN,NaN
2024-09-01T12:00:00Z,0.0,52.125,4.125,19.68,2.34
2024-09-01T12:00:00Z,0.0,52.125,8.125,NaN,NaN
2024-09-01T12:00:00Z,0.0,52.125,12.125,NaN,NaN
2024-09-01T12:00:00Z,0.0,52.125,16.125,NaN,NaN
2024-09-01T12:00:00Z,0.0,52.125,20.125,NaN,NaN
2024-09-01T12:00:00Z,0.0,52.125,24.125,NaN,NaN
2024-09-01T12:00:00Z,0.0,52.125,28.125,NaN,NaN
2024-09-01T12:00:00Z,0.0,52.125,32.125,NaN,NaN
2024-09-01T12:00:00Z,0.0,52.125,36.125,NaN,NaN
2024-09-01T12:00:00Z,0.0,52.125,40.125,NaN,NaN
2024-09-01T12:00:00Z,0.0,52.125,44.125,NaN,NaN
2024-09-01T12:00:00Z,0.0,52.125,48.125,NaN,NaN
2024-09-01T12:00:00Z,0.0,52.125,52.125,NaN,NaN
2024-09-01T12:00:00Z,0.0,52.125,56.125,NaN,NaN
2024-09-01T12:00:00Z,0.0,52.125,60.125,NaN,NaN
2024-09-01T12:00:00Z,0.0,52.125,64.125,NaN,NaN
2024-09-01T12:00:00Z,0.0,52.125,68.125,NaN,NaN
2024-09-01T12:00:00Z,0.0,52.125,72.125,NaN,NaN
2024-09-01T12:00:00Z,0.0,52.125,76.125,NaN,NaN
2024-09-01T12:00:00Z,0.0,52.125,80.125,NaN,NaN
2024-09-01T12:00:00Z,0.0,52.125,84.125,NaN,NaN
2024-09-01T12:00:00Z,0.0,52.125,88.125,NaN,NaN
2024-09-01T12:00:00Z,0.0,52.125,92.125,NaN,NaN
2024-09-01T12:00:00Z,0.0,52.125,96.125,NaN,NaN
2024-09-01T12:00:00Z,0.0,52.125,100.125,NaN,NaN
2024-09-01T12:00:00Z,0.0,52.125,104.125,NaN,NaN
2024-09-01T12:00:00Z,0.0,52.125,108.125,NaN,NaN
2024-09-01T12:00:00Z,0.0,52.125,112.125,NaN,NaN
2024-09-01T12:00:00Z,0.0,52.125,116.125,NaN,NaN
2024-09-01T12:00:00Z,0.0,52.125,120.125,NaN,NaN
2024-09-01T12:00:00Z,0.0,52.125,124.125,NaN,NaN
2024-09-01T12:00:00Z,0.0,52.125,128.125,NaN,NaN
2024-09-01T12:00:00Z,0.0,52.125,132.125,NaN,NaN
2024-09-01T12:00:00Z,0.0,52.125,136.125,NaN,NaN
2024-09-01T12:00:00Z,0.0,52.125,140.125,NaN,NaN
2024-09-01T12:00:00Z,0.0,52.125,144.125,12.32,0.14
2024-09-01T12:00:00Z,0.0,52.125,148.125,11.97,0.1
2024-09-01T12:00:00Z,0.0,52.125,152.125,10.94,-0.11
2024-09-01T12:00:00Z,0.0,52.125,156.125,9.46,-1.0
2024-09-01T12:00:00Z,0.0,52.125,160.125,11.66,0.8
2024-09-01T12:00:00Z,0.0,52.125,164.125,12.48,1.87
2024-09-01T12:00:00Z,0.0,52.125,168.125,10.98,0.96
2024-09-01T12:00:00Z,0.0,52.125,172.125,9.61,0.04
2024-09-01T12:00:00Z,0.0,52.125,176.125,7.85,-1.22
2024-09-01T12:00:00Z,0.0,52.125,180.125,7.06,-1.75
2024-09-01T12:00:00Z,0.0,52.125,184.125,7.98,-1.39
2024-09-01T12:00:00Z,0.0,52.125,188.125,4.93,-4.49
2024-09-01T12:00:00Z,0.0,52.125,192.125,10.72,0.47
2024-09-01T12:00:00Z,0.0,52.125,196.125,11.0,0.01
2024-09-01T12:00:00Z,0.0,52.125,200.125,11.71,0.43
2024-09-01T12:00:00Z,0.0,52.125,204.125,12.31,0.79
2024-09-01T12:00:00Z,0.0,52.125,208.125,12.99,1.21
2024-09-01T12:00:00Z,0.0,52.125,212.125,13.15,1.05
2024-09-01T12:00:00Z,0.0,52.125,216.125,13.73,1.11
2024-09-01T12:00:00Z,0.0,52.125,220.125,14.36,1.1
2024-09-01T12:00:00Z,0.0,52.125,224.125,15.37,1.35
2024-09-01T12:00:00Z,0.0,52.125,228.125,14.78,0.8
2024-09-01T12:00:00Z,0.0,52.125,232.125,NaN,NaN
2024-09-01T12:00:00Z,0.0,52.125,236.125,NaN,NaN
2024-09-01T12:00:00Z,0.0,52.125,240.125,NaN,NaN
2024-09-01T12:00:00Z,0.0,52.125,244.125,NaN,NaN
2024-09-01T12:00:00Z,0.0,52.125,248.125,NaN,NaN
2024-09-01T12:00:00Z,0.0,52.125,252.125,NaN,NaN
2024-09-01T12:00:00Z,0.0,52.125,256.125,NaN,NaN
2024-09-01T12:00:00Z,0.0,52.125,260.125,NaN,NaN
2024-09-01T12:00:00Z,0.0,52.125,264.125,NaN,NaN
2024-09-01T12:00:00Z,0.0,52.125,268.125,NaN,NaN
2024-09-01T12:00:00Z,0.0,52.125,272.125,NaN,NaN
2024-09-01T12:00:00Z,0.0,52.125,276.125,NaN,NaN
2024-09-01T12:00:00Z,0.0,52.125,280.125,11.93,8.41
2024-09-01T12:00:00Z,0.0,52.125,284.125,NaN,NaN
2024-09-01T12:00:00Z,0.0,52.125,288.125,NaN,NaN
2024-09-01T12:00:00Z,0.0,52.125,292.125,NaN,NaN
2024-09-01T12:00:00Z,0.0,52.125,296.125,NaN,NaN
2024-09-01T12:00:00Z,0.0,52.125,300.125,NaN,NaN
2024-09-01T12:00:00Z,0.0,52.125,304.125,NaN,NaN
2024-09-01T12:00:00Z,0.0,52.125,308.125,9.97,1.93
2024-09-01T12:00:00Z,0.0,52.125,312.125,13.25,2.7
2024-09-01T12:00:00Z,0.0,52.125,316.125,13.58,1.29
2024-09-01T12:00:00Z,0.0,52.125,320.125,14.35,1.94
2024-09-01T12:00:00Z,0.0,52.125,324.125,12.28,-0.17
2024-09-01T12:00:00Z,0.0,52.125,328.125,13.67,0.45
2024-09-01T12:00:00Z,0.0,52.125,332.125,14.76,0.8
2024-09-01T12:00:00Z,0.0,52.125,336.125,15.14,0.6
2024-09-01T12:00:00Z,0.0,52.125,340.125,14.42,-0.73
2024-09-01T12:00:00Z,0.0,52.125,344.125,14.76,-0.58
2024-09-01T12:00:00Z,0.0,52.125,348.125,15.29,-0.01
2024-09-01T12:00:00Z,0.0,52.125,352.125,NaN,NaN
2024-09-01T12:00:00Z,0.0,52.125,356.125,NaN,NaN
2024-09-01T12:00:00Z,0.0,56.125,0.125,14.36,0.39
2024-09-01T12:00:00Z,0.0,56.125,4.125,15.72,0.66
2024-09-01T12:00:00Z,0.0,56.125,8.125,17.74,2.06
2024-09-01T12:00:00Z,0.0,56.125,12.125,17.9,1.94
2024-09-01T12:00:00Z,0.0,56.125,16.125,15.83,-0.07
2024-09-01T12:00:00Z,0.0,56.125,20.125,19.33,2.93
2024-09-01T12:00:00Z,0.0,56.125,24.125,NaN,NaN
2024-09-01T12:00:00Z,0.0,56.125,28.125,NaN,NaN
2024-09-01T12:00:00Z,0.0,56.125,32.125,NaN,NaN
2024-09-01T12:00:00Z,0.0,56.125,36.125,NaN,NaN
2024-09-01T12:00:00Z,0.0,56.125,40.125,NaN,NaN
2024-09-01T12:00:00Z,0.0,56.125,44.125,NaN,NaN
2024-09-01T12:00:00Z,0.0,56.125,48.125,NaN,NaN
2024-09-01T12:00:00Z,0.0,56.125,52.125,NaN,NaN
2024-09-01T12:00:00Z,0.0,56.125,56.125,NaN,NaN
2024-09-01T12:00:00Z,0.0,56.125,60.125,NaN,NaN
2024-09-01T12:00:00Z,0.0,56.125,64.125,NaN,NaN
2024-09-01T12:00:00Z,0.0,56.125,68.125,NaN,NaN
2024-09-01T12:00:00Z,0.0,56.125,72.125,NaN,NaN
2024-09-01T12:00:00Z,0.0,56.125,76.125,NaN,NaN
2024-09-01T12:00:00Z,0.0,56.125,80.125,NaN,NaN
2024-09-01T12:00:00Z,0.0,56.125,84.125,NaN,NaN
2024-09-01T12:00:00Z,0.0,56.125,88.125,NaN,NaN
2024-09-01T12:00:00Z,0.0,56.125,92.125,NaN,NaN
2024-09-01T12:00:00Z,0.0,56.125,96.125,NaN,NaN
2024-09-01T12:00:00Z,0.0,56.125,100.125,NaN,NaN
2024-09-01T12:00:00Z,0.0,56.125,104.125,NaN,NaN
2024-09-01T12:00:00Z,0.0,56.125,108.125,NaN,NaN
2024-09-01T12:00:00Z,0.0,56.125,112.125,NaN,NaN
2024-09-01T12:00:00Z,0.0,56.125,116.125,NaN,NaN
2024-09-01T12:00:00Z,0.0,56.125,120.125,NaN,NaN
2024-09-01T12:00:00Z,0.0,56.125,124.125,NaN,NaN
2024-09-01T12:00:00Z,0.0,56.125,128.125,NaN,NaN
2024-09-01T12:00:00Z,0.0,56.125,132.125,NaN,NaN
2024-09-01T12:00:00Z,0.0,56.125,136.125,NaN,NaN
2024-09-01T12:00:00Z,0.0,56.125,140.125,14.31,1.82
2024-09-01T12:00:00Z,0.0,56.125,144.125,8.72,-2.7
2024-09-01T12:00:00Z,0.0,56.125,148.125,10.92,-0.35
2024-09-01T12:00:00Z,0.0,56.125,152.125,11.39,0.49
2024-09-01T12:00:00Z,0.0,56.125,156.125,NaN,NaN
2024-09-01T12:00:00Z,0.0,56.125,160.125,NaN,NaN
2024-09-01T12:00:00Z,0.0,56.125,164.125,11.73,1.18
2024-09-01T12:00:00Z,0.0,56.125,168.125,10.86,1.06
2024-09-01T12:00:00Z,0.0,56.125,172.125,9.47,0.16
2024-09-01T12:00:00Z,0.0,56.125,176.125,9.31,0.21
2024-09-01T12:00:00Z,0.0,56.125,180.125,8.85,-0.22
2024-09-01T12:00:00Z,0.0,56.125,184.125,8.84,-0.34
2024-09-01T12:00:00Z,0.0,56.125,188.125,8.32,-0.78
2024-09-01T12:00:00Z,0.0,56.125,192.125,8.42,-0.48
2024-09-01T12:00:00Z,0.0,56.125,196.125,8.98,-0.5
2024-09-01T12:00:00Z,0.0,56.125,200.125,NaN,NaN
2024-09-01T12:00:00Z,0.0,56.125,204.125,10.93,-0.35
2024-09-01T12:00:00Z,0.0,56.125,208.125,13.16,1.61
2024-09-01T12:00:00Z,0.0,56.125,212.125,13.51,1.36
2024-09-01T12:00:00Z,0.0,56.125,216.125,13.61,1.14
2024-09-01T12:00:00Z,0.0,56.125,220.125,14.64,1.64
2024-09-01T12:00:00Z,0.0,56.125,224.125,13.89,0.99
2024-09-01T12:00:00Z,0.0,56.125,228.125,NaN,NaN
2024-09-01T12:00:00Z,0.0,56.125,232.125,NaN,NaN
2024-09-01T12:00:00Z,0.0,56.125,236.125,NaN,NaN
2024-09-01T12:00:00Z,0.0,56.125,240.125,NaN,NaN
2024-09-01T12:00:00Z,0.0,56.125,244.125,NaN,NaN
2024-09-01T12:00:00Z,0.0,56.125,248.125,NaN,NaN
2024-09-01T12:00:00Z,0.0,56.125,252.125,NaN,NaN
2024-09-01T12:00:00Z,0.0,56.125,256.125,NaN,NaN
2024-09-01T12:00:00Z,0.0,56.125,260.125,NaN,NaN
2024-09-01T12:00:00Z,0.0,56.125,264.125,NaN,NaN
2024-09-01T12:00:00Z,0.0,56.125,268.125,NaN,NaN
2024-09-01T12:00:00Z,0.0,56.125,272.125,NaN,NaN
2024-09-01T12:00:00Z,0.0,56.125,276.125,6.89,0.93
2024-09-01T12:00:00Z,0.0,56.125,280.125,5.91,-0.67
2024-09-01T12:00:00Z,0.0,56.125,284.125,NaN,NaN
2024-09-01T12:00:00Z,0.0,56.125,288.125,NaN,NaN
2024-09-01T12:00:00Z,0.0,56.125,292.125,NaN,NaN
2024-09-01T12:00:00Z,0.0,56.125,296.125,NaN,NaN
2024-09-01T12:00:00Z,0.0,56.125,300.125,5.69,1.32
2024-09-01T12:00:00Z,0.0,56.125,304.125,9.83,3.01
2024-09-01T12:00:00Z,0.0,56.125,308.125,10.65,2.72
2024-09-01T12:00:00Z,0.0,56.125,312.125,9.87,1.42
2024-09-01T12:00:00Z,0.0,56.125,316.125,9.66,1.31
2024-09-01T12:00:00Z,0.0,56.125,320.125,9.93,1.0
2024-09-01T12:00:00Z,0.0,56.125,324.125,10.79,0.89
2024-09-01T12:00:00Z,0.0,56.125,328.125,11.28,0.26
2024-09-01T12:00:00Z,0.0,56.125,332.125,11.85,-0.16
2024-09-01T12:00:00Z,0.0,56.125,336.125,13.22,0.36
2024-09-01T12:00:00Z,0.0,56.125,340.125,13.16,-0.21
2024-09-01T12:00:00Z,0.0,56.125,344.125,12.81,-0.62
2024-09-01T12:00:00Z,0.0,56.125,348.125,13.52,-0.26
2024-09-01T12:00:00Z,0.0,56.125,352.125,13.6,-0.21
2024-09-01T12:00:00Z,0.0,56.125,356.125,NaN,NaN
2024-09-01T12:00:00Z,0.0,60.125,0.125,13.15,0.63
2024-09-01T12:00:00Z,0.0,60.125,4.125,14.27,0.67
2024-09-01T12:00:00Z,0.0,60.125,8.125,NaN,NaN
2024-09-01T12:00:00Z,0.0,60.125,12.125,NaN,NaN
2024-09-01T12:00:00Z,0.0,60.125,16.125,NaN,NaN
2024-09-01T12:00:00Z,0.0,60.125,20.125,NaN,NaN
2024-09-01T12:00:00Z,0.0,60.125,24.125,NaN,NaN
2024-09-01T12:00:00Z,0.0,60.125,28.125,19.08,5.36
2024-09-01T12:00:00Z,0.0,60.125,32.125,NaN,NaN
2024-09-01T12:00:00Z,0.0,60.125,36.125,NaN,NaN
2024-09-01T12:00:00Z,0.0,60.125,40.125,NaN,NaN
2024-09-01T12:00:00Z,0.0,60.125,44.125,NaN,NaN
2024-09-01T12:00:00Z,0.0,60.125,48.125,NaN,NaN
2024-09-01T12:00:00Z,0.0,60.125,52.125,NaN,NaN
2024-09-01T12:00:00Z,0.0,60.125,56.125,NaN,NaN
2024-09-01T12:00:00Z,0.0,60.125,60.125,NaN,NaN
2024-09-01T12:00:00Z,0.0,60.125,64.125,NaN,NaN
2024-09-01T12:00:00Z,0.0,60.125,68.125,NaN,NaN
2024-09-01T12:00:00Z,0.0,60.125,72.125,NaN,NaN
2024-09-01T12:00:00Z,0.0,60.125,76.125,NaN,NaN
2024-09-01T12:00:00Z,0.0,60.125,80.125,NaN,NaN
2024-09-01T12:00:00Z,0.0,60.125,84.125,NaN,NaN
2024-09-01T12:00:00Z,0.0,60.125,88.125,NaN,NaN
2024-09-01T12:00:00Z,0.0,60.125,92.125,NaN,NaN
2024-09-01T12:00:00Z,0.0,60.125,96.125,NaN,NaN
2024-09-01T12:00:00Z,0.0,60.125,100.125,NaN,NaN
2024-09-01T12:00:00Z,0.0,60.125,104.125,NaN,NaN
2024-09-01T12:00:00Z,0.0,60.125,108.125,NaN,NaN
2024-09-01T12:00:00Z,0.0,60.125,112.125,NaN,NaN
2024-09-01T12:00:00Z,0.0,60.125,116.125,NaN,NaN
2024-09-01T12:00:00Z,0.0,60.125,120.125,NaN,NaN
2024-09-01T12:00:00Z,0.0,60.125,124.125,NaN,NaN
2024-09-01T12:00:00Z,0.0,60.125,128.125,NaN,NaN
2024-09-01T12:00:00Z,0.0,60.125,132.125,NaN,NaN
2024-09-01T12:00:00Z,0.0,60.125,136.125,NaN,NaN
2024-09-01T12:00:00Z,0.0,60.125,140.125,NaN,NaN
2024-09-01T12:00:00Z,0.0,60.125,144.125,NaN,NaN
2024-09-01T12:00:00Z,0.0,60.125,148.125,NaN,NaN
2024-09-01T12:00:00Z,0.0,60.125,152.125,NaN,NaN
2024-09-01T12:00:00Z,0.0,60.125,156.125,10.77,2.5
2024-09-01T12:00:00Z,0.0,60.125,160.125,8.9,-0.03
2024-09-01T12:00:00Z,0.0,60.125,164.125,NaN,NaN
2024-09-01T12:00:00Z,0.0,60.125,168.125,11.37,1.84
2024-09-01T12:00:00Z,0.0,60.125,172.125,10.17,1.3
2024-09-01T12:00:00Z,0.0,60.125,176.125,9.68,0.94
2024-09-01T12:00:00Z,0.0,60.125,180.125,8.4,-0.07
2024-09-01T12:00:00Z,0.0,60.125,184.125,7.8,-0.55
2024-09-01T12:00:00Z,0.0,60.125,188.125,5.88,-2.25
2024-09-01T12:00:00Z,0.0,60.125,192.125,6.11,-2.54
2024-09-01T12:00:00Z,0.0,60.125,196.125,NaN,NaN
2024-09-01T12:00:00Z,0.0,60.125,200.125,NaN,NaN
2024-09-01T12:00:00Z,0.0,60.125,204.125,NaN,NaN
2024-09-01T12:00:00Z,0.0,60.125,208.125,12.0,0.93
2024-09-01T12:00:00Z,0.0,60.125,212.125,NaN,NaN
2024-09-01T12:00:00Z,0.0,60.125,216.125,NaN,NaN
2024-09-01T12:00:00Z,0.0,60.125,220.125,NaN,NaN
2024-09-01T12:00:00Z,0.0,60.125,224.125,NaN,NaN
2024-09-01T12:00:00Z,0.0,60.125,228.125,NaN,NaN
2024-09-01T12:00:00Z,0.0,60.125,232.125,NaN,NaN
2024-09-01T12:00:00Z,0.0,60.125,236.125,NaN,NaN
2024-09-01T12:00:00Z,0.0,60.125,240.125,NaN,NaN
2024-09-01T12:00:00Z,0.0,60.125,244.125,NaN,NaN
2024-09-01T12:00:00Z,0.0,60.125,248.125,NaN,NaN
2024-09-01T12:00:00Z,0.0,60.125,252.125,NaN,NaN
2024-09-01T12:00:00Z,0.0,60.125,256.125,NaN,NaN
2024-09-01T12:00:00Z,0.0,60.125,260.125,NaN,NaN
2024-09-01T12:00:00Z,0.0,60.125,264.125,NaN,NaN
2024-09-01T12:00:00Z,0.0,60.125,268.125,1.87,-4.96
2024-09-01T12:00:00Z,0.0,60.125,272.125,6.22,0.06
2024-09-01T12:00:00Z,0.0,60.125,276.125,6.9,0.8
2024-09-01T12:00:00Z,0.0,60.125,280.125,7.19,0.84
2024-09-01T12:00:00Z,0.0,60.125,284.125,NaN,NaN
2024-09-01T12:00:00Z,0.0,60.125,288.125,NaN,NaN
2024-09-01T12:00:00Z,0.0,60.125,292.125,1.74,-0.51
2024-09-01T12:00:00Z,0.0,60.125,296.125,0.98,-1.66
2024-09-01T12:00:00Z,0.0,60.125,300.125,5.64,0.69
2024-09-01T12:00:00Z,0.0,60.125,304.125,8.1,1.37
2024-09-01T12:00:00Z,0.0,60.125,308.125,7.29,1.08
2024-09-01T12:00:00Z,0.0,60.125,312.125,4.59,-0.54
2024-09-01T12:00:00Z,0.0,60.125,316.125,NaN,NaN
2024-09-01T12:00:00Z,0.0,60.125,320.125,9.81,1.82
2024-09-01T12:00:00Z,0.0,60.125,324.125,10.05,1.3
2024-09-01T12:00:00Z,0.0,60.125,328.125,10.87,1.42
2024-09-01T12:00:00Z,0.0,60.125,332.125,11.63,1.24
2024-09-01T12:00:00Z,0.0,60.125,336.125,11.77,0.45
2024-09-01T12:00:00Z,0.0,60.125,340.125,11.98,0.2
2024-09-01T12:00:00Z,0.0,60.125,344.125,12.07,0.07
2024-09-01T12:00:00Z,0.0,60.125,348.125,12.27,0.08
2024-09-01T12:00:00Z,0.0,60.125,352.125,12.25,0.35
2024-09-01T12:00:00Z,0.0,60.125,356.125,12.69,0.75
2024-09-01T12:00:00Z,0.0,64.125,0.125,11.76,0.76
2024-09-01T12:00:00Z,0.0,64.125,4.125,12.45,0.52
2024-09-01T12:00:00Z,0.0,64.125,8.125,13.91,1.54
2024-09-01T12:00:00Z,0.0,64.125,12.125,NaN,NaN
2024-09-01T12:00:00Z,0.0,64.125,16.125,NaN,NaN
2024-09-01T12:00:00Z,0.0,64.125,20.125,NaN,NaN
2024-09-01T12:00:00Z,0.0,64.125,24.125,NaN,NaN
2024-09-01T12:00:00Z,0.0,64.125,28.125,NaN,NaN
2024-09-01T12:00:00Z,0.0,64.125,32.125,NaN,NaN
2024-09-01T12:00:00Z,0.0,64.125,36.125,NaN,NaN
2024-09-01T12:00:00Z,0.0,64.125,40.125,NaN,NaN
2024-09-01T12:00:00Z,0.0,64.125,44.125,NaN,NaN
2024-09-01T12:00:00Z,0.0,64.125,48.125,NaN,NaN
2024-09-01T12:00:00Z,0.0,64.125,52.125,NaN,NaN
2024-09-01T12:00:00Z,0.0,64.125,56.125,NaN,NaN
2024-09-01T12:00:00Z,0.0,64.125,60.125,NaN,NaN
2024-09-01T12:00:00Z,0.0,64.125,64.125,NaN,NaN
2024-09-01T12:00:00Z,0.0,64.125,68.125,NaN,NaN
2024-09-01T12:00:00Z,0.0,64.125,72.125,NaN,NaN
2024-09-01T12:00:00Z,0.0,64.125,76.125,NaN,NaN
2024-09-01T12:00:00Z,0.0,64.125,80.125,NaN,NaN
2024-09-01T12:00:00Z,0.0,64.125,84.125,NaN,NaN
2024-09-01T12:00:00Z,0.0,64.125,88.125,NaN,NaN
2024-09-01T12:00:00Z,0.0,64.125,92.125,NaN,NaN
2024-09-01T12:00:00Z,0.0,64.125,96.125,NaN,NaN
2024-09-01T12:00:00Z,0.0,64.125,100.125,NaN,NaN
2024-09-01T12:00:00Z,0.0,64.125,104.125,NaN,NaN
2024-09-01T12:00:00Z,0.0,64.125,108.125,NaN,NaN
2024-09-01T12:00:00Z,0.0,64.125,112.125,NaN,NaN
2024-09-01T12:00:00Z,0.0,64.125,116.125,NaN,NaN
2024-09-01T12:00:00Z,0.0,64.125,120.125,NaN,NaN
2024-09-01T12:00:00Z,0.0,64.125,124.125,NaN,NaN
2024-09-01T12:00:00Z,0.0,64.125,128.125,NaN,NaN
2024-09-01T12:00:00Z,0.0,64.125,132.125,NaN,NaN
2024-09-01T12:00:00Z,0.0,64.125,136.125,NaN,NaN
2024-09-01T12:00:00Z,0.0,64.125,140.125,NaN,NaN
2024-09-01T12:00:00Z,0.0,64.125,144.125,NaN,NaN
2024-09-01T12:00:00Z,0.0,64.125,148.125,NaN,NaN
2024-09-01T12:00:00Z,0.0,64.125,152.125,NaN,NaN
2024-09-01T12:00:00Z,0.0,64.125,156.125,NaN,NaN
2024-09-01T12:00:00Z,0.0,64.125,160.125,NaN,NaN
2024-09-01T12:00:00Z,0.0,64.125,164.125,NaN,NaN
2024-09-01T12:00:00Z,0.0,64.125,168.125,NaN,NaN
2024-09-01T12:00:00Z,0.0,64.125,172.125,NaN,NaN
2024-09-01T12:00:00Z,0.0,64.125,176.125,NaN,NaN
2024-09-01T12:00:00Z,0.0,64.125,180.125,8.05,0.45
2024-09-01T12:00:00Z,0.0,64.125,184.125,6.79,-0.61
2024-09-01T12:00:00Z,0.0,64.125,188.125,5.92,-0.07
2024-09-01T12:00:00Z,0.0,64.125,192.125,5.72,-1.71
2024-09-01T12:00:00Z,0.0,64.125,196.125,9.99,-0.09
2024-09-01T12:00:00Z,0.0,64.125,200.125,NaN,NaN
2024-09-01T12:00:00Z,0.0,64.125,204.125,NaN,NaN
2024-09-01T12:00:00Z,0.0,64.125,208.125,NaN,NaN
2024-09-01T12:00:00Z,0.0,64.125,212.125,NaN,NaN
2024-09-01T12:00:00Z,0.0,64.125,216.125,NaN,NaN
2024-09-01T12:00:00Z,0.0,64.125,220.125,NaN,NaN
2024-09-01T12:00:00Z,0.0,64.125,224.125,NaN,NaN
2024-09-01T12:00:00Z,0.0,64.125,228.125,NaN,NaN
2024-09-01T12:00:00Z,0.0,64.125,232.125,NaN,NaN
2024-09-01T12:00:00Z,0.0,64.125,236.125,NaN,NaN
2024-09-01T12:00:00Z,0.0,64.125,240.125,NaN,NaN
2024-09-01T12:00:00Z,0.0,64.125,244.125,NaN,NaN
2024-09-01T12:00:00Z,0.0,64.125,248.125,NaN,NaN
2024-09-01T12:00:00Z,0.0,64.125,252.125,NaN,NaN
2024-09-01T12:00:00Z,0.0,64.125,256.125,NaN,NaN
2024-09-01T12:00:00Z,0.0,64.125,260.125,NaN,NaN
2024-09-01T12:00:00Z,0.0,64.125,264.125,NaN,NaN
2024-09-01T12:00:00Z,0.0,64.125,268.125,NaN,NaN
2024-09-01T12:00:00Z,0.0,64.125,272.125,4.81,-0.19
2024-09-01T12:00:00Z,0.0,64.125,276.125,NaN,NaN
2024-09-01T12:00:00Z,0.0,64.125,280.125,1.48,-0.62
2024-09-01T12:00:00Z,0.0,64.125,284.125,1.9,-0.23
2024-09-01T12:00:00Z,0.0,64.125,288.125,NaN,NaN
2024-09-01T12:00:00Z,0.0,64.125,292.125,NaN,NaN
2024-09-01T12:00:00Z,0.0,64.125,296.125,2.72,0.56
2024-09-01T12:00:00Z,0.0,64.125,300.125,4.67,1.17
2024-09-01T12:00:00Z,0.0,64.125,304.125,4.33,0.0
2024-09-01T12:00:00Z,0.0,64.125,308.125,3.93,0.27
2024-09-01T12:00:00Z,0.0,64.125,312.125,NaN,NaN
2024-09-01T12:00:00Z,0.0,64.125,316.125,NaN,NaN
2024-09-01T12:00:00Z,0.0,64.125,320.125,3.11,-2.58
2024-09-01T12:00:00Z,0.0,64.125,324.125,7.41,0.35
2024-09-01T12:00:00Z,0.0,64.125,328.125,10.33,1.61
2024-09-01T12:00:00Z,0.0,64.125,332.125,10.69,1.14
2024-09-01T12:00:00Z,0.0,64.125,336.125,10.02,0.12
2024-09-01T12:00:00Z,0.0,64.125,340.125,NaN,NaN
2024-09-01T12:00:00Z,0.0,64.125,344.125,10.15,-0.06
2024-09-01T12:00:00Z,0.0,64.125,348.125,9.89,0.59
2024-09-01T12:00:00Z,0.0,64.125,352.125,9.84,0.76
2024-09-01T12:00:00Z,0.0,64.125,356.125,11.06,1.24
2024-09-01T12:00:00Z,0.0,68.125,0.125,12.06,2.15
2024-09-01T12:00:00Z,0.0,68.125,4.125,12.26,1.96
2024-09-01T12:00:00Z,0.0,68.125,8.125,12.68,1.79
2024-09-01T12:00:00Z,0.0,68.125,12.125,12.8,1.45
2024-09-01T12:00:00Z,0.0,68.125,16.125,14.45,3.29
2024-09-01T12:00:00Z,0.0,68.125,20.125,NaN,NaN
2024-09-01T12:00:00Z,0.0,68.125,24.125,NaN,NaN
2024-09-01T12:00:00Z,0.0,68.125,28.125,NaN,NaN
2024-09-01T12:00:00Z,0.0,68.125,32.125,NaN,NaN
2024-09-01T12:00:00Z,0.0,68.125,36.125,NaN,NaN
2024-09-01T12:00:00Z,0.0,68.125,40.125,10.67,2.77
2024-09-01T12:00:00Z,0.0,68.125,44.125,11.28,3.69
2024-09-01T12:00:00Z,0.0,68.125,48.125,6.88,-0.21
2024-09-01T12:00:00Z,0.0,68.125,52.125,NaN,NaN
2024-09-01T12:00:00Z,0.0,68.125,56.125,NaN,NaN
2024-09-01T12:00:00Z,0.0,68.125,60.125,NaN,NaN
2024-09-01T12:00:00Z,0.0,68.125,64.125,NaN,NaN
2024-09-01T12:00:00Z,0.0,68.125,68.125,NaN,NaN
2024-09-01T12:00:00Z,0.0,68.125,72.125,NaN,NaN
2024-09-01T12:00:00Z,0.0,68.125,76.125,NaN,NaN
2024-09-01T12:00:00Z,0.0,68.125,80.125,NaN,NaN
2024-09-01T12:00:00Z,0.0,68.125,84.125,NaN,NaN
2024-09-01T12:00:00Z,0.0,68.125,88.125,NaN,NaN
2024-09-01T12:00:00Z,0.0,68.125,92.125,NaN,NaN
2024-09-01T12:00:00Z,0.0,68.125,96.125,NaN,NaN
2024-09-01T12:00:00Z,0.0,68.125,100.125,NaN,NaN
2024-09-01T12:00:00Z,0.0,68.125,104.125,NaN,NaN
2024-09-01T12:00:00Z,0.0,68.125,108.125,NaN,NaN
2024-09-01T12:00:00Z,0.0,68.125,112.125,NaN,NaN
2024-09-01T12:00:00Z,0.0,68.125,116.125,NaN,NaN
2024-09-01T12:00:00Z,0.0,68.125,120.125,NaN,NaN
2024-09-01T12:00:00Z,0.0,68.125,124.125,NaN,NaN
2024-09-01T12:00:00Z,0.0,68.125,128.125,NaN,NaN
2024-09-01T12:00:00Z,0.0,68.125,132.125,NaN,NaN
2024-09-01T12:00:00Z,0.0,68.125,136.125,NaN,NaN
2024-09-01T12:00:00Z,0.0,68.125,140.125,NaN,NaN
2024-09-01T12:00:00Z,0.0,68.125,144.125,NaN,NaN
2024-09-01T12:00:00Z,0.0,68.125,148.125,NaN,NaN
2024-09-01T12:00:00Z,0.0,68.125,152.125,NaN,NaN
2024-09-01T12:00:00Z,0.0,68.125,156.125,NaN,NaN
2024-09-01T12:00:00Z,0.0,68.125,160.125,NaN,NaN
2024-09-01T12:00:00Z,0.0,68.125,164.125,NaN,NaN
2024-09-01T12:00:00Z,0.0,68.125,168.125,NaN,NaN
2024-09-01T12:00:00Z,0.0,68.125,172.125,NaN,NaN
2024-09-01T12:00:00Z,0.0,68.125,176.125,NaN,NaN
2024-09-01T12:00:00Z,0.0,68.125,180.125,NaN,NaN
2024-09-01T12:00:00Z,0.0,68.125,184.125,-1.5,-5.23
2024-09-01T12:00:00Z,0.0,68.125,188.125,2.13,-2.77
2024-09-01T12:00:00Z,0.0,68.125,192.125,6.76,0.23
2024-09-01T12:00:00Z,0.0,68.125,196.125,NaN,NaN
2024-09-01T12:00:00Z,0.0,68.125,200.125,NaN,NaN
2024-09-01T12:00:00Z,0.0,68.125,204.125,NaN,NaN
2024-09-01T12:00:00Z,0.0,68.125,208.125,NaN,NaN
2024-09-01T12:00:00Z,0.0,68.125,212.125,NaN,NaN
2024-09-01T12:00:00Z,0.0,68.125,216.125,NaN,NaN
2024-09-01T12:00:00Z,0.0,68.125,220.125,NaN,NaN
2024-09-01T12:00:00Z,0.0,68.125,224.125,NaN,NaN
2024-09-01T12:00:00Z,0.0,68.125,228.125,NaN,NaN
2024-09-01T12:00:00Z,0.0,68.125,232.125,NaN,NaN
2024-09-01T12:00:00Z,0.0,68.125,236.125,NaN,NaN
2024-09-01T12:00:00Z,0.0,68.125,240.125,NaN,NaN
2024-09-01T12:00:00Z,0.0,68.125,244.125,NaN,NaN
2024-09-01T12:00:00Z,0.0,68.125,248.125,8.03,5.91
2024-09-01T12:00:00Z,0.0,68.125,252.125,9.8,8.99
2024-09-01T12:00:00Z,0.0,68.125,256.125,8.04,6.71
2024-09-01T12:00:00Z,0.0,68.125,260.125,7.71,6.37
2024-09-01T12:00:00Z,0.0,68.125,264.125,6.6,5.5
2024-09-01T12:00:00Z,0.0,68.125,268.125,NaN,NaN
2024-09-01T12:00:00Z,0.0,68.125,272.125,-1.39,-1.11
2024-09-01T12:00:00Z,0.0,68.125,276.125,NaN,NaN
2024-09-01T12:00:00Z,0.0,68.125,280.125,2.51,1.45
2024-09-01T12:00:00Z,0.0,68.125,284.125,NaN,NaN
2024-09-01T12:00:00Z,0.0,68.125,288.125,NaN,NaN
2024-09-01T12:00:00Z,0.0,68.125,292.125,NaN,NaN
2024-09-01T12:00:00Z,0.0,68.125,296.125,3.54,1.68
2024-09-01T12:00:00Z,0.0,68.125,300.125,2.93,1.03
2024-09-01T12:00:00Z,0.0,68.125,304.125,4.82,0.97
2024-09-01T12:00:00Z,0.0,68.125,308.125,NaN,NaN
2024-09-01T12:00:00Z,0.0,68.125,312.125,NaN,NaN
2024-09-01T12:00:00Z,0.0,68.125,316.125,NaN,NaN
2024-09-01T12:00:00Z,0.0,68.125,320.125,NaN,NaN
2024-09-01T12:00:00Z,0.0,68.125,324.125,NaN,NaN
2024-09-01T12:00:00Z,0.0,68.125,328.125,1.34,0.01
2024-09-01T12:00:00Z,0.0,68.125,332.125,2.6,0.91
2024-09-01T12:00:00Z,0.0,68.125,336.125,1.82,-1.08
2024-09-01T12:00:00Z,0.0,68.125,340.125,3.3,-1.13
2024-09-01T12:00:00Z,0.0,68.125,344.125,5.8,0.16
2024-09-01T12:00:00Z,0.0,68.125,348.125,8.05,1.63
2024-09-01T12:00:00Z,0.0,68.125,352.125,9.46,1.94
2024-09-01T12:00:00Z,0.0,68.125,356.125,11.28,2.3
2024-09-01T12:00:00Z,0.0,72.125,0.125,9.8,2.82
2024-09-01T12:00:00Z,0.0,72.125,4.125,10.11,2.49
2024-09-01T12:00:00Z,0.0,72.125,8.125,10.3,2.06
2024-09-01T12:00:00Z,0.0,72.125,12.125,11.25,2.7
2024-09-01T12:00:00Z,0.0,72.125,16.125,12.21,3.38
2024-09-01T12:00:00Z,0.0,72.125,20.125,12.61,4.14
2024-09-01T12:00:00Z,0.0,72.125,24.125,12.46,3.84
2024-09-01T12:00:00Z,0.0,72.125,28.125,12.26,3.85
2024-09-01T12:00:00Z,0.0,72.125,32.125,12.18,4.16
2024-09-01T12:00:00Z,0.0,72.125,36.125,11.45,3.76
2024-09-01T12:00:00Z,0.0,72.125,40.125,11.75,4.58
2024-09-01T12:00:00Z,0.0,72.125,44.125,11.48,4.67
2024-09-01T12:00:00Z,0.0,72.125,48.125,10.87,4.35
2024-09-01T12:00:00Z,0.0,72.125,52.125,11.0,5.54
2024-09-01T12:00:00Z,0.0,72.125,56.125,8.57,4.64
2024-09-01T12:00:00Z,0.0,72.125,60.125,7.55,3.91
2024-09-01T12:00:00Z,0.0,72.125,64.125,7.32,3.27
2024-09-01T12:00:00Z,0.0,72.125,68.125,5.46,1.87
2024-09-01T12:00:00Z,0.0,72.125,72.125,NaN,NaN
2024-09-01T12:00:00Z,0.0,72.125,76.125,9.46,7.0
2024-09-01T12:00:00Z,0.0,72.125,80.125,NaN,NaN
2024-09-01T12:00:00Z,0.0,72.125,84.125,NaN,NaN
2024-09-01T12:00:00Z,0.0,72.125,88.125,NaN,NaN
2024-09-01T12:00:00Z,0.0,72.125,92.125,NaN,NaN
2024-09-01T12:00:00Z,0.0,72.125,96.125,NaN,NaN
2024-09-01T12:00:00Z,0.0,72.125,100.125,NaN,NaN
2024-09-01T12:00:00Z,0.0,72.125,104.125,NaN,NaN
2024-09-01T12:00:00Z,0.0,72.125,108.125,NaN,NaN
2024-09-01T12:00:00Z,0.0,72.125,112.125,NaN,NaN
2024-09-01T12:00:00Z,0.0,72.125,116.125,NaN,NaN
2024-09-01T12:00:00Z,0.0,72.125,120.125,NaN,NaN
2024-09-01T12:00:00Z,0.0,72.125,124.125,NaN,NaN
2024-09-01T12:00:00Z,0.0,72.125,128.125,NaN,NaN
2024-09-01T12:00:00Z,0.0,72.125,132.125,8.2,5.46
2024-09-01T12:00:00Z,0.0,72.125,136.125,6.1,3.83
2024-09-01T12:00:00Z,0.0,72.125,140.125,NaN,NaN
2024-09-01T12:00:00Z,0.0,72.125,144.125,NaN,NaN
2024-09-01T12:00:00Z,0.0,72.125,148.125,NaN,NaN
2024-09-01T12:00:00Z,0.0,72.125,152.125,3.03,1.16
2024-09-01T12:00:00Z,0.0,72.125,156.125,2.66,0.75
2024-09-01T12:00:00Z,0.0,72.125,160.125,1.85,0.36
2024-09-01T12:00:00Z,0.0,72.125,164.125,0.16,-0.75
2024-09-01T12:00:00Z,0.0,72.125,168.125,-0.5,-0.94
2024-09-01T12:00:00Z,0.0,72.125,172.125,-0.62,-0.93
2024-09-01T12:00:00Z,0.0,72.125,176.125,-0.58,-0.94
2024-09-01T12:00:00Z,0.0,72.125,180.125,-0.4,-0.91
2024-09-01T12:00:00Z,0.0,72.125,184.125,-0.48,-1.76
2024-09-01T12:00:00Z,0.0,72.125,188.125,-0.47,-2.25
2024-09-01T12:00:00Z,0.0,72.125,192.125,0.01,-2.04
2024-09-01T12:00:00Z,0.0,72.125,196.125,0.01,-2.3
2024-09-01T12:00:00Z,0.0,72.125,200.125,0.92,-0.71
2024-09-01T12:00:00Z,0.0,72.125,204.125,2.02,0.61
2024-09-01T12:00:00Z,0.0,72.125,208.125,2.88,1.72
2024-09-01T12:00:00Z,0.0,72.125,212.125,2.78,2.08
2024-09-01T12:00:00Z,0.0,72.125,216.125,3.07,2.38
2024-09-01T12:00:00Z,0.0,72.125,220.125,1.59,0.87
2024-09-01T12:00:00Z,0.0,72.125,224.125,0.24,-0.19
2024-09-01T12:00:00Z,0.0,72.125,228.125,-0.12,-0.83
2024-09-01T12:00:00Z,0.0,72.125,232.125,4.72,2.93
2024-09-01T12:00:00Z,0.0,72.125,236.125,NaN,NaN
2024-09-01T12:00:00Z,0.0,72.125,240.125,6.29,3.75
2024-09-01T12:00:00Z,0.0,72.125,244.125,NaN,NaN
2024-09-01T12:00:00Z,0.0,72.125,248.125,NaN,NaN
2024-09-01T12:00:00Z,0.0,72.125,252.125,-0.27,-0.35
2024-09-01T12:00:00Z,0.0,72.125,256.125,-0.22,-0.21
2024-09-01T12:00:00Z,0.0,72.125,260.125,NaN,NaN
2024-09-01T12:00:00Z,0.0,72.125,264.125,0.18,-0.34
2024-09-01T12:00:00Z,0.0,72.125,268.125,2.36,1.4
2024-09-01T12:00:00Z,0.0,72.125,272.125,NaN,NaN
2024-09-01T12:00:00Z,0.0,72.125,276.125,NaN,NaN
2024-09-01T12:00:00Z,0.0,72.125,280.125,NaN,NaN
2024-09-01T12:00:00Z,0.0,72.125,284.125,NaN,NaN
2024-09-01T12:00:00Z,0.0,72.125,288.125,3.14,0.78
2024-09-01T12:00:00Z,0.0,72.125,292.125,3.94,1.49
2024-09-01T12:00:00Z,0.0,72.125,296.125,3.63,1.31
2024-09-01T12:00:00Z,0.0,72.125,300.125,5.02,2.1
2024-09-01T12:00:00Z,0.0,72.125,304.125,5.18,2.34
2024-09-01T12:00:00Z,0.0,72.125,308.125,NaN,NaN
2024-09-01T12:00:00Z,0.0,72.125,312.125,NaN,NaN
2024-09-01T12:00:00Z,0.0,72.125,316.125,NaN,NaN
2024-09-01T12:00:00Z,0.0,72.125,320.125,NaN,NaN
2024-09-01T12:00:00Z,0.0,72.125,324.125,NaN,NaN
2024-09-01T12:00:00Z,0.0,72.125,328.125,NaN,NaN
2024-09-01T12:00:00Z,0.0,72.125,332.125,NaN,NaN
2024-09-01T12:00:00Z,0.0,72.125,336.125,NaN,NaN
2024-09-01T12:00:00Z,0.0,72.125,340.125,1.9,0.47
2024-09-01T12:00:00Z,0.0,72.125,344.125,3.52,1.09
2024-09-01T12:00:00Z,0.0,72.125,348.125,4.2,0.06
2024-09-01T12:00:00Z,0.0,72.125,352.125,5.73,0.35
2024-09-01T12:00:00Z,0.0,72.125,356.125,7.6,1.24
2024-09-01T12:00:00Z,0.0,76.125,0.125,6.32,2.32
2024-09-01T12:00:00Z,0.0,76.125,4.125,7.17,1.3
2024-09-01T12:00:00Z,0.0,76.125,8.125,7.67,1.26
2024-09-01T12:00:00Z,0.0,76.125,12.125,7.57,1.74
2024-09-01T12:00:00Z,0.0,76.125,16.125,6.7,1.74
2024-09-01T12:00:00Z,0.0,76.125,20.125,6.76,3.38
2024-09-01T12:00:00Z,0.0,76.125,24.125,4.71,0.88
2024-09-01T12:00:00Z,0.0,76.125,28.125,7.24,2.61
2024-09-01T12:00:00Z,0.0,76.125,32.125,8.45,3.41
2024-09-01T12:00:00Z,0.0,76.125,36.125,8.23,3.35
2024-09-01T12:00:00Z,0.0,76.125,40.125,7.48,2.76
2024-09-01T12:00:00Z,0.0,76.125,44.125,7.41,2.54
2024-09-01T12:00:00Z,0.0,76.125,48.125,6.31,1.45
2024-09-01T12:00:00Z,0.0,76.125,52.125,6.48,2.54
2024-09-01T12:00:00Z,0.0,76.125,56.125,5.33,1.95
2024-09-01T12:00:00Z,0.0,76.125,60.125,6.78,3.73
2024-09-01T12:00:00Z,0.0,76.125,64.125,NaN,NaN
2024-09-01T12:00:00Z,0.0,76.125,68.125,6.84,4.08
2024-09-01T12:00:00Z,0.0,76.125,72.125,7.04,4.15
2024-09-01T12:00:00Z,0.0,76.125,76.125,7.72,5.06
2024-09-01T12:00:00Z,0.0,76.125,80.125,7.35,5.01
2024-09-01T12:00:00Z,0.0,76.125,84.125,6.58,4.64
2024-09-01T12:00:00Z,0.0,76.125,88.125,5.57,4.23
2024-09-01T12:00:00Z,0.0,76.125,92.125,5.5,4.96
2024-09-01T12:00:00Z,0.0,76.125,96.125,NaN,NaN
2024-09-01T12:00:00Z,0.0,76.125,100.125,NaN,NaN
2024-09-01T12:00:00Z,0.0,76.125,104.125,NaN,NaN
2024-09-01T12:00:00Z,0.0,76.125,108.125,NaN,NaN
2024-09-01T12:00:00Z,0.0,76.125,112.125,NaN,NaN
2024-09-01T12:00:00Z,0.0,76.125,116.125,4.13,3.12
2024-09-01T12:00:00Z,0.0,76.125,120.125,4.04,2.76
2024-09-01T12:00:00Z,0.0,76.125,124.125,5.2,3.58
2024-09-01T12:00:00Z,0.0,76.125,128.125,3.31,1.47
2024-09-01T12:00:00Z,0.0,76.125,132.125,3.37,1.57
2024-09-01T12:00:00Z,0.0,76.125,136.125,2.79,1.12
2024-09-01T12:00:00Z,0.0,76.125,140.125,3.03,1.46
2024-09-01T12:00:00Z,0.0,76.125,144.125,2.26,1.07
2024-09-01T12:00:00Z,0.0,76.125,148.125,1.31,0.48
2024-09-01T12:00:00Z,0.0,76.125,152.125,0.54,0.16
2024-09-01T12:00:00Z,0.0,76.125,156.125,-1.06,-1.03
2024-09-01T12:00:00Z,0.0,76.125,160.125,-0.93,-0.45
2024-09-01T12:00:00Z,0.0,76.125,164.125,-0.99,-0.18
2024-09-01T12:00:00Z,0.0,76.125,168.125,-0.62,0.57
2024-09-01T12:00:00Z,0.0,76.125,172.125,-0.81,0.69
2024-09-01T12:00:00Z,0.0,76.125,176.125,-1.24,0.32
2024-09-01T12:00:00Z,0.0,76.125,180.125,-1.3,0.17
2024-09-01T12:00:00Z,0.0,76.125,184.125,-1.18,0.17
2024-09-01T12:00:00Z,0.0,76.125,188.125,-1.23,0.04
2024-09-01T12:00:00Z,0.0,76.125,192.125,-1.11,0.13
2024-09-01T12:00:00Z,0.0,76.125,196.125,-1.31,-0.02
2024-09-01T12:00:00Z,0.0,76.125,200.125,-1.11,0.23
2024-09-01T12:00:00Z,0.0,76.125,204.125,-0.7,0.64
2024-09-01T12:00:00Z,0.0,76.125,208.125,-0.65,0.75
2024-09-01T12:00:00Z,0.0,76.125,212.125,-1.01,0.47
2024-09-01T12:00:00Z,0.0,76.125,216.125,-0.96,0.65
2024-09-01T12:00:00Z,0.0,76.125,220.125,-0.88,0.78
2024-09-01T12:00:00Z,0.0,76.125,224.125,-1.15,0.52
2024-09-01T12:00:00Z,0.0,76.125,228.125,-1.01,0.69
2024-09-01T12:00:00Z,0.0,76.125,232.125,-1.27,0.38
2024-09-01T12:00:00Z,0.0,76.125,236.125,-1.41,-0.45
2024-09-01T12:00:00Z,0.0,76.125,240.125,NaN,NaN
2024-09-01T12:00:00Z,0.0,76.125,244.125,NaN,NaN
2024-09-01T12:00:00Z,0.0,76.125,248.125,-1.31,-0.54
2024-09-01T12:00:00Z,0.0,76.125,252.125,-1.2,-0.53
2024-09-01T12:00:00Z,0.0,76.125,256.125,NaN,NaN
2024-09-01T12:00:00Z,0.0,76.125,260.125,NaN,NaN
2024-09-01T12:00:00Z,0.0,76.125,264.125,-1.02,-1.55
2024-09-01T12:00:00Z,0.0,76.125,268.125,NaN,NaN
2024-09-01T12:00:00Z,0.0,76.125,272.125,0.01,-0.79
2024-09-01T12:00:00Z,0.0,76.125,276.125,0.73,-0.6
2024-09-01T12:00:00Z,0.0,76.125,280.125,0.75,-0.88
2024-09-01T12:00:00Z,0.0,76.125,284.125,0.89,-0.8
2024-09-01T12:00:00Z,0.0,76.125,288.125,1.92,0.21
2024-09-01T12:00:00Z,0.0,76.125,292.125,NaN,NaN
2024-09-01T12:00:00Z,0.0,76.125,296.125,2.89,1.07
2024-09-01T12:00:00Z,0.0,76.125,300.125,NaN,NaN
2024-09-01T12:00:00Z,0.0,76.125,304.125,NaN,NaN
2024-09-01T12:00:00Z,0.0,76.125,308.125,NaN,NaN
2024-09-01T12:00:00Z,0.0,76.125,312.125,NaN,NaN
2024-09-01T12:00:00Z,0.0,76.125,316.125,NaN,NaN
2024-09-01T12:00:00Z,0.0,76.125,320.125,NaN,NaN
2024-09-01T12:00:00Z,0.0,76.125,324.125,NaN,NaN
2024-09-01T12:00:00Z,0.0,76.125,328.125,NaN,NaN
2024-09-01T12:00:00Z,0.0,76.125,332.125,NaN,NaN
2024-09-01T12:00:00Z,0.0,76.125,336.125,NaN,NaN
2024-09-01T12:00:00Z,0.0,76.125,340.125,NaN,NaN
2024-09-01T12:00:00Z,0.0,76.125,344.125,0.14,-0.31
2024-09-01T12:00:00Z,0.0,76.125,348.125,1.57,0.49
2024-09-01T12:00:00Z,0.0,76.125,352.125,2.37,0.71
2024-09-01T12:00:00Z,0.0,76.125,356.125,5.64,3.17
2024-09-01T12:00:00Z,0.0,80.125,0.125,0.94,0.24
2024-09-01T12:00:00Z,0.0,80.125,4.125,3.04,1.36
2024-09-01T12:00:00Z,0.0,80.125,8.125,5.83,3.7
2024-09-01T12:00:00Z,0.0,80.125,12.125,6.58,4.44
2024-09-01T12:00:00Z,0.0,80.125,16.125,6.57,4.49
2024-09-01T12:00:00Z,0.0,80.125,20.125,NaN,NaN
2024-09-01T12:00:00Z,0.0,80.125,24.125,NaN,NaN
2024-09-01T12:00:00Z,0.0,80.125,28.125,4.44,3.28
2024-09-01T12:00:00Z,0.0,80.125,32.125,1.13,0.08
2024-09-01T12:00:00Z,0.0,80.125,36.125,2.77,1.92
2024-09-01T12:00:00Z,0.0,80.125,40.125,3.29,2.51
2024-09-01T12:00:00Z,0.0,80.125,44.125,4.17,2.86
2024-09-01T12:00:00Z,0.0,80.125,48.125,3.11,1.22
2024-09-01T12:00:00Z,0.0,80.125,52.125,2.06,0.21
2024-09-01T12:00:00Z,0.0,80.125,56.125,NaN,NaN
2024-09-01T12:00:00Z,0.0,80.125,60.125,1.93,0.23
2024-09-01T12:00:00Z,0.0,80.125,64.125,2.69,1.4
2024-09-01T12:00:00Z,0.0,80.125,68.125,2.01,1.41
2024-09-01T12:00:00Z,0.0,80.125,72.125,2.84,2.42
2024-09-01T12:00:00Z,0.0,80.125,76.125,2.9,2.33
2024-09-01T12:00:00Z,0.0,80.125,80.125,2.0,1.88
2024-09-01T12:00:00Z,0.0,80.125,84.125,0.74,1.25
2024-09-01T12:00:00Z,0.0,80.125,88.125,2.13,2.7
2024-09-01T12:00:00Z,0.0,80.125,92.125,0.09,0.38
2024-09-01T12:00:00Z,0.0,80.125,96.125,NaN,NaN
2024-09-01T12:00:00Z,0.0,80.125,100.125,-0.41,0.13
2024-09-01T12:00:00Z,0.0,80.125,104.125,-1.17,-0.43
2024-09-01T12:00:00Z,0.0,80.125,108.125,-1.45,-0.42
2024-09-01T12:00:00Z,0.0,80.125,112.125,-1.52,-0.23
2024-09-01T12:00:00Z,0.0,80.125,116.125,-1.48,-0.09
2024-09-01T12:00:00Z,0.0,80.125,120.125,-1.61,-0.21
2024-09-01T12:00:00Z,0.0,80.125,124.125,-1.64,-0.28
2024-09-01T12:00:00Z,0.0,80.125,128.125,-1.55,-0.24
2024-09-01T12:00:00Z,0.0,80.125,132.125,-1.58,-0.36
2024-09-01T12:00:00Z,0.0,80.125,136.125,-1.35,-0.21
2024-09-01T12:00:00Z,0.0,80.125,140.125,-1.16,0.0
2024-09-01T12:00:00Z,0.0,80.125,144.125,-1.2,0.17
2024-09-01T12:00:00Z,0.0,80.125,148.125,-1.31,0.22
2024-09-01T12:00:00Z,0.0,80.125,152.125,-1.34,0.26
2024-09-01T12:00:00Z,0.0,80.125,156.125,-1.24,0.37
2024-09-01T12:00:00Z,0.0,80.125,160.125,-1.16,0.45
2024-09-01T12:00:00Z,0.0,80.125,164.125,-1.4,0.23
2024-09-01T12:00:00Z,0.0,80.125,168.125,-1.25,0.42
2024-09-01T12:00:00Z,0.0,80.125,172.125,-1.31,0.36
2024-09-01T12:00:00Z,0.0,80.125,176.125,-1.33,0.34
2024-09-01T12:00:00Z,0.0,80.125,180.125,-1.31,0.36
2024-09-01T12:00:00Z,0.0,80.125,184.125,-1.32,0.35
2024-09-01T12:00:00Z,0.0,80.125,188.125,-1.38,0.31
2024-09-01T12:00:00Z,0.0,80.125,192.125,-1.41,0.29
2024-09-01T12:00:00Z,0.0,80.125,196.125,-1.37,0.33
2024-09-01T12:00:00Z,0.0,80.125,200.125,-1.46,0.24
2024-09-01T12:00:00Z,0.0,80.125,204.125,-1.47,0.23
2024-09-01T12:00:00Z,0.0,80.125,208.125,-1.43,0.27
2024-09-01T12:00:00Z,0.0,80.125,212.125,-1.3,0.41
2024-09-01T12:00:00Z,0.0,80.125,216.125,-1.4,0.32
2024-09-01T12:00:00Z,0.0,80.125,220.125,-1.43,0.29
2024-09-01T12:00:00Z,0.0,80.125,224.125,-1.44,0.29
2024-09-01T12:00:00Z,0.0,80.125,228.125,-1.51,0.22
2024-09-01T12:00:00Z,0.0,80.125,232.125,-1.52,0.24
2024-09-01T12:00:00Z,0.0,80.125,236.125,-1.57,0.19
2024-09-01T12:00:00Z,0.0,80.125,240.125,-1.62,0.12
2024-09-01T12:00:00Z,0.0,80.125,244.125,-1.68,0.05
2024-09-01T12:00:00Z,0.0,80.125,248.125,-1.64,0.11
2024-09-01T12:00:00Z,0.0,80.125,252.125,-1.72,0.01
2024-09-01T12:00:00Z,0.0,80.125,256.125,-1.7,-0.07
2024-09-01T12:00:00Z,0.0,80.125,260.125,-1.69,-0.16
2024-09-01T12:00:00Z,0.0,80.125,264.125,NaN,NaN
2024-09-01T12:00:00Z,0.0,80.125,268.125,NaN,NaN
2024-09-01T12:00:00Z,0.0,80.125,272.125,NaN,NaN
2024-09-01T12:00:00Z,0.0,80.125,276.125,NaN,NaN
2024-09-01T12:00:00Z,0.0,80.125,280.125,NaN,NaN
2024-09-01T12:00:00Z,0.0,80.125,284.125,NaN,NaN
2024-09-01T12:00:00Z,0.0,80.125,288.125,NaN,NaN
2024-09-01T12:00:00Z,0.0,80.125,292.125,-1.24,-0.93
2024-09-01T12:00:00Z,0.0,80.125,296.125,NaN,NaN
2024-09-01T12:00:00Z,0.0,80.125,300.125,NaN,NaN
2024-09-01T12:00:00Z,0.0,80.125,304.125,NaN,NaN
2024-09-01T12:00:00Z,0.0,80.125,308.125,NaN,NaN
2024-09-01T12:00:00Z,0.0,80.125,312.125,NaN,NaN
2024-09-01T12:00:00Z,0.0,80.125,316.125,NaN,NaN
2024-09-01T12:00:00Z,0.0,80.125,320.125,NaN,NaN
2024-09-01T12:00:00Z,0.0,80.125,324.125,NaN,NaN
2024-09-01T12:00:00Z,0.0,80.125,328.125,NaN,NaN
2024-09-01T12:00:00Z,0.0,80.125,332.125,NaN,NaN
2024-09-01T12:00:00Z,0.0,80.125,336.125,NaN,NaN
2024-09-01T12:00:00Z,0.0,80.125,340.125,NaN,NaN
2024-09-01T12:00:00Z,0.0,80.125,344.125,-1.64,-1.62
2024-09-01T12:00:00Z,0.0,80.125,348.125,-0.74,-1.25
2024-09-01T12:00:00Z,0.0,80.125,352.125,-0.72,-0.84
2024-09-01T12:00:00Z,0.0,80.125,356.125,-0.74,-0.78
2024-09-01T12:00:00Z,0.0,84.125,0.125,-1.65,-0.01
2024-09-01T12:00:00Z,0.0,84.125,4.125,-1.71,-0.06
2024-09-01T12:00:00Z,0.0,84.125,8.125,-1.74,-0.12
2024-09-01T12:00:00Z,0.0,84.125,12.125,-1.71,-0.19
2024-09-01T12:00:00Z,0.0,84.125,16.125,-1.67,-0.2
2024-09-01T12:00:00Z,0.0,84.125,20.125,-1.66,-0.13
2024-09-01T12:00:00Z,0.0,84.125,24.125,-1.68,-0.12
2024-09-01T12:00:00Z,0.0,84.125,28.125,-1.65,-0.04
2024-09-01T12:00:00Z,0.0,84.125,32.125,-1.66,-0.02
2024-09-01T12:00:00Z,0.0,84.125,36.125,-1.61,0.03
2024-09-01T12:00:00Z,0.0,84.125,40.125,-1.47,0.15
2024-09-01T12:00:00Z,0.0,84.125,44.125,-1.43,0.15
2024-09-01T12:00:00Z,0.0,84.125,48.125,-1.23,0.35
2024-09-01T12:00:00Z,0.0,84.125,52.125,-1.21,0.4
2024-09-01T12:00:00Z,0.0,84.125,56.125,-1.28,0.32
2024-09-01T12:00:00Z,0.0,84.125,60.125,-1.43,0.13
2024-09-01T12:00:00Z,0.0,84.125,64.125,-1.46,0.09
2024-09-01T12:00:00Z,0.0,84.125,68.125,-1.44,0.14
2024-09-01T12:00:00Z,0.0,84.125,72.125,-1.52,0.08
2024-09-01T12:00:00Z,0.0,84.125,76.125,-1.57,0.05
2024-09-01T12:00:00Z,0.0,84.125,80.125,-1.63,0.01
2024-09-01T12:00:00Z,0.0,84.125,84.125,-1.47,0.19
2024-09-01T12:00:00Z,0.0,84.125,88.125,-1.63,0.05
2024-09-01T12:00:00Z,0.0,84.125,92.125,-1.66,-0.03
2024-09-01T12:00:00Z,0.0,84.125,96.125,-1.7,-0.11
2024-09-01T12:00:00Z,0.0,84.125,100.125,-1.74,-0.05
2024-09-01T12:00:00Z,0.0,84.125,104.125,-1.79,-0.05
2024-09-01T12:00:00Z,0.0,84.125,108.125,-1.8,-0.06
2024-09-01T12:00:00Z,0.0,84.125,112.125,-1.75,-0.03
2024-09-01T12:00:00Z,0.0,84.125,116.125,-1.74,-0.02
2024-09-01T12:00:00Z,0.0,84.125,120.125,-1.73,-0.01
2024-09-01T12:00:00Z,0.0,84.125,124.125,-1.72,0.0
2024-09-01T12:00:00Z,0.0,84.125,128.125,-1.71,0.0
2024-09-01T12:00:00Z,0.0,84.125,132.125,-1.69,0.01
2024-09-01T12:00:00Z,0.0,84.125,136.125,-1.69,0.0
2024-09-01T12:00:00Z,0.0,84.125,140.125,-1.68,0.0
2024-09-01T12:00:00Z,0.0,84.125,144.125,-1.64,0.03
2024-09-01T12:00:00Z,0.0,84.125,148.125,-1.59,0.1
2024-09-01T12:00:00Z,0.0,84.125,152.125,-1.57,0.12
2024-09-01T12:00:00Z,0.0,84.125,156.125,-1.54,0.14
2024-09-01T12:00:00Z,0.0,84.125,160.125,-1.62,0.06
2024-09-01T12:00:00Z,0.0,84.125,164.125,-1.54,0.16
2024-09-01T12:00:00Z,0.0,84.125,168.125,-1.51,0.19
2024-09-01T12:00:00Z,0.0,84.125,172.125,-1.39,0.32
2024-09-01T12:00:00Z,0.0,84.125,176.125,-1.47,0.25
2024-09-01T12:00:00Z,0.0,84.125,180.125,-1.47,0.26
2024-09-01T12:00:00Z,0.0,84.125,184.125,-1.59,0.11
2024-09-01T12:00:00Z,0.0,84.125,188.125,-1.6,0.1
2024-09-01T12:00:00Z,0.0,84.125,192.125,-1.5,0.21
2024-09-01T12:00:00Z,0.0,84.125,196.125,-1.48,0.25
2024-09-01T12:00:00Z,0.0,84.125,200.125,-1.34,0.41
2024-09-01T12:00:00Z,0.0,84.125,204.125,-1.5,0.26
2024-09-01T12:00:00Z,0.0,84.125,208.125,-1.45,0.32
2024-09-01T12:00:00Z,0.0,84.125,212.125,-1.42,0.34
2024-09-01T12:00:00Z,0.0,84.125,216.125,-1.42,0.33
2024-09-01T12:00:00Z,0.0,84.125,220.125,-1.59,0.15
2024-09-01T12:00:00Z,0.0,84.125,224.125,-1.59,0.15
2024-09-01T12:00:00Z,0.0,84.125,228.125,-1.52,0.21
2024-09-01T12:00:00Z,0.0,84.125,232.125,-1.52,0.22
2024-09-01T12:00:00Z,0.0,84.125,236.125,-1.53,0.22
2024-09-01T12:00:00Z,0.0,84.125,240.125,-1.54,0.22
2024-09-01T12:00:00Z,0.0,84.125,244.125,-1.6,0.17
2024-09-01T12:00:00Z,0.0,84.125,248.125,-1.58,0.19
2024-09-01T12:00:00Z,0.0,84.125,252.125,-1.58,0.2
2024-09-01T12:00:00Z,0.0,84.125,256.125,-1.59,0.19
2024-09-01T12:00:00Z,0.0,84.125,260.125,-1.58,0.19
2024-09-01T12:00:00Z,0.0,84.125,264.125,-1.6,0.16
2024-09-01T12:00:00Z,0.0,84.125,268.125,-1.58,0.17
2024-09-01T12:00:00Z,0.0,84.125,272.125,-1.64,0.11
2024-09-01T12:00:00Z,0.0,84.125,276.125,-1.63,0.12
2024-09-01T12:00:00Z,0.0,84.125,280.125,-1.62,0.11
2024-09-01T12:00:00Z,0.0,84.125,284.125,-1.66,0.08
2024-09-01T12:00:00Z,0.0,84.125,288.125,-1.62,0.11
2024-09-01T12:00:00Z,0.0,84.125,292.125,-1.64,0.06
2024-09-01T12:00:00Z,0.0,84.125,296.125,-1.69,0.0
2024-09-01T12:00:00Z,0.0,84.125,300.125,-1.64,0.08
2024-09-01T12:00:00Z,0.0,84.125,304.125,-1.62,0.12
2024-09-01T12:00:00Z,0.0,84.125,308.125,-1.59,0.14
2024-09-01T12:00:00Z,0.0,84.125,312.125,-1.66,0.03
2024-09-01T12:00:00Z,0.0,84.125,316.125,-1.66,-0.17
2024-09-01T12:00:00Z,0.0,84.125,320.125,-1.69,-0.31
2024-09-01T12:00:00Z,0.0,84.125,324.125,-1.71,-0.38
2024-09-01T12:00:00Z,0.0,84.125,328.125,-1.68,-0.59
2024-09-01T12:00:00Z,0.0,84.125,332.125,-1.63,-0.61
2024-09-01T12:00:00Z,0.0,84.125,336.125,-1.55,-0.41
2024-09-01T12:00:00Z,0.0,84.125,340.125,-1.61,-0.39
2024-09-01T12:00:00Z,0.0,84.125,344.125,-1.66,-0.42
2024-09-01T12:00:00Z,0.0,84.125,348.125,-1.57,-0.21
2024-09-01T12:00:00Z,0.0,84.125,352.125,-1.62,-0.13
2024-09-01T12:00:00Z,0.0,84.125,356.125,-1.71,-0.12
2024-09-01T12:00:00Z,0.0,88.125,0.125,-1.67,0.1
2024-09-01T12:00:00Z,0.0,88.125,4.125,-1.67,0.09
2024-09-01T12:00:00Z,0.0,88.125,8.125,-1.68,0.07
2024-09-01T12:00:00Z,0.0,88.125,12.125,-1.68,0.07
2024-09-01T12:00:00Z,0.0,88.125,16.125,-1.68,0.07
2024-09-01T12:00:00Z,0.0,88.125,20.125,-1.65,0.1
2024-09-01T12:00:00Z,0.0,88.125,24.125,-1.65,0.1
2024-09-01T12:00:00Z,0.0,88.125,28.125,-1.71,0.04
2024-09-01T12:00:00Z,0.0,88.125,32.125,-1.62,0.14
2024-09-01T12:00:00Z,0.0,88.125,36.125,-1.63,0.14
2024-09-01T12:00:00Z,0.0,88.125,40.125,-1.62,0.15
2024-09-01T12:00:00Z,0.0,88.125,44.125,-1.61,0.16
2024-09-01T12:00:00Z,0.0,88.125,48.125,-1.61,0.15
2024-09-01T12:00:00Z,0.0,88.125,52.125,-1.63,0.12
2024-09-01T12:00:00Z,0.0,88.125,56.125,-1.64,0.11
2024-09-01T12:00:00Z,0.0,88.125,60.125,-1.65,0.1
2024-09-01T12:00:00Z,0.0,88.125,64.125,-1.62,0.13
2024-09-01T12:00:00Z,0.0,88.125,68.125,-1.6,0.16
2024-09-01T12:00:00Z,0.0,88.125,72.125,-1.63,0.14
2024-09-01T12:00:00Z,0.0,88.125,76.125,-1.66,0.1
2024-09-01T12:00:00Z,0.0,88.125,80.125,-1.65,0.12
2024-09-01T12:00:00Z,0.0,88.125,84.125,-1.63,0.14
2024-09-01T12:00:00Z,0.0,88.125,88.125,-1.64,0.13
2024-09-01T12:00:00Z,0.0,88.125,92.125,-1.61,0.16
2024-09-01T12:00:00Z,0.0,88.125,96.125,-1.61,0.17
2024-09-01T12:00:00Z,0.0,88.125,100.125,-1.67,0.1
2024-09-01T12:00:00Z,0.0,88.125,104.125,-1.62,0.16
2024-09-01T12:00:00Z,0.0,88.125,108.125,-1.63,0.15
2024-09-01T12:00:00Z,0.0,88.125,112.125,-1.61,0.17
2024-09-01T12:00:00Z,0.0,88.125,116.125,-1.6,0.17
2024-09-01T12:00:00Z,0.0,88.125,120.125,-1.61,0.17
2024-09-01T12:00:00Z,0.0,88.125,124.125,-1.58,0.2
2024-09-01T12:00:00Z,0.0,88.125,128.125,-1.54,0.24
2024-09-01T12:00:00Z,0.0,88.125,132.125,-1.55,0.23
2024-09-01T12:00:00Z,0.0,88.125,136.125,-1.54,0.24
2024-09-01T12:00:00Z,0.0,88.125,140.125,-1.57,0.21
2024-09-01T12:00:00Z,0.0,88.125,144.125,-1.56,0.22
2024-09-01T12:00:00Z,0.0,88.125,148.125,-1.54,0.25
2024-09-01T12:00:00Z,0.0,88.125,152.125,-1.53,0.25
2024-09-01T12:00:00Z,0.0,88.125,156.125,-1.5,0.29
2024-09-01T12:00:00Z,0.0,88.125,160.125,-1.53,0.26
2024-09-01T12:00:00Z,0.0,88.125,164.125,-1.49,0.3
2024-09-01T12:00:00Z,0.0,88.125,168.125,-1.49,0.29
2024-09-01T12:00:00Z,0.0,88.125,172.125,-1.48,0.3
2024-09-01T12:00:00Z,0.0,88.125,176.125,-1.45,0.34
2024-09-01T12:00:00Z,0.0,88.125,180.125,-1.51,0.28
2024-09-01T12:00:00Z,0.0,88.125,184.125,-1.47,0.32
2024-09-01T12:00:00Z,0.0,88.125,188.125,-1.46,0.33
2024-09-01T12:00:00Z,0.0,88.125,192.125,-1.45,0.35
2024-09-01T12:00:00Z,0.0,88.125,196.125,-1.44,0.35
2024-09-01T12:00:00Z,0.0,88.125,200.125,-1.42,0.37
2024-09-01T12:00:00Z,0.0,88.125,204.125,-1.51,0.28
2024-09-01T12:00:00Z,0.0,88.125,208.125,-1.53,0.26
2024-09-01T12:00:00Z,0.0,88.125,212.125,-1.56,0.23
2024-09-01T12:00:00Z,0.0,88.125,216.125,-1.61,0.18
2024-09-01T12:00:00Z,0.0,88.125,220.125,-1.64,0.15
2024-09-01T12:00:00Z,0.0,88.125,224.125,-1.61,0.18
2024-09-01T12:00:00Z,0.0,88.125,228.125,-1.64,0.15
2024-09-01T12:00:00Z,0.0,88.125,232.125,-1.69,0.1
2024-09-01T12:00:00Z,0.0,88.125,236.125,-1.68,0.11
2024-09-01T12:00:00Z,0.0,88.125,240.125,-1.65,0.14
2024-09-01T12:00:00Z,0.0,88.125,244.125,-1.62,0.18
2024-09-01T12:00:00Z,0.0,88.125,248.125,-1.63,0.16
2024-09-01T12:00:00Z,0.0,88.125,252.125,-1.59,0.2
2024-09-01T12:00:00Z,0.0,88.125,256.125,-1.63,0.16
2024-09-01T12:00:00Z,0.0,88.125,260.125,-1.61,0.18
2024-09-01T12:00:00Z,0.0,88.125,264.125,-1.63,0.16
2024-09-01T12:00:00Z,0.0,88.125,268.125,-1.62,0.18
2024-09-01T12:00:00Z,0.0,88.125,272.125,-1.64,0.16
2024-09-01T12:00:00Z,0.0,88.125,276.125,-1.62,0.17
2024-09-01T12:00:00Z,0.0,88.125,280.125,-1.6,0.19
2024-09-01T12:00:00Z,0.0,88.125,284.125,-1.61,0.19
2024-09-01T12:00:00Z,0.0,88.125,288.125,-1.63,0.16
2024-09-01T12:00:00Z,0.0,88.125,292.125,-1.58,0.21
2024-09-01T12:00:00Z,0.0,88.125,296.125,-1.52,0.26
2024-09-01T12:00:00Z,0.0,88.125,300.125,-1.58,0.21
2024-09-01T12:00:00Z,0.0,88.125,304.125,-1.58,0.21
2024-09-01T12:00:00Z,0.0,88.125,308.125,-1.58,0.21
2024-09-01T12:00:00Z,0.0,88.125,312.125,-1.56,0.22
2024-09-01T12:00:00Z,0.0,88.125,316.125,-1.55,0.22
2024-09-01T12:00:00Z,0.0,88.125,320.125,-1.53,0.23
2024-09-01T12:00:00Z,0.0,88.125,324.125,-1.52,0.22
2024-09-01T12:00:00Z,0.0,88.125,328.125,-1.46,0.29
2024-09-01T12:00:00Z,0.0,88.125,332.125,-1.58,0.18
2024-09-01T12:00:00Z,0.0,88.125,336.125,-1.59,0.18
2024-09-01T12:00:00Z,0.0,88.125,340.125,-1.61,0.17
2024-09-01T12:00:00Z,0.0,88.125,344.125,-1.65,0.12
2024-09-01T12:00:00Z,0.0,88.125,348.125,-1.65,0.12
2024-09-01T12:00:00Z,0.0,88.125,352.125,-1.68,0.09
2024-09-01T12:00:00Z,0.0,88.125,356.125,-1.7,0.08
