1996-04-01T12:00:00Z,0.0,-87.875,0.125,NaN,NaN
1996-04-01T12:00:00Z,0.0,-87.875,4.125,NaN,NaN
1996-04-01T12:00:00Z,0.0,-87.875,8.125,NaN,NaN
1996-04-01T12:00:00Z,0.0,-87.875,12.125,NaN,NaN
1996-04-01T12:00:00Z,0.0,-87.875,16.125,NaN,NaN
1996-04-01T12:00:00Z,0.0,-87.875,20.125,NaN,NaN
1996-04-01T12:00:00Z,0.0,-87.875,24.125,NaN,NaN
1996-04-01T12:00:00Z,0.0,-87.875,28.125,NaN,NaN
1996-04-01T12:00:00Z,0.0,-87.875,32.125,NaN,NaN
1996-04-01T12:00:00Z,0.0,-87.875,36.125,NaN,NaN
1996-04-01T12:00:00Z,0.0,-87.875,40.125,NaN,NaN
1996-04-01T12:00:00Z,0.0,-87.875,44.125,NaN,NaN
1996-04-01T12:00:00Z,0.0,-87.875,48.125,NaN,NaN
1996-04-01T12:00:00Z,0.0,-87.875,52.125,NaN,NaN
1996-04-01T12:00:00Z,0.0,-87.875,56.125,NaN,NaN
1996-04-01T12:00:00Z,0.0,-87.875,60.125,NaN,NaN
1996-04-01T12:00:00Z,0.0,-87.875,64.125,NaN,NaN
1996-04-01T12:00:00Z,0.0,-87.875,68.125,NaN,NaN
1996-04-01T12:00:00Z,0.0,-87.875,72.125,NaN,NaN
1996-04-01T12:00:00Z,0.0,-87.875,76.125,NaN,NaN
1996-04-01T12:00:00Z,0.0,-87.875,80.125,NaN,NaN
1996-04-01T12:00:00Z,0.0,-87.875,84.125,NaN,NaN
1996-04-01T12:00:00Z,0.0,-87.875,88.125,NaN,NaN
1996-04-01T12:00:00Z,0.0,-87.875,92.125,NaN,NaN
1996-04-01T12:00:00Z,0.0,-87.875,96.125,NaN,NaN
1996-04-01T12:00:00Z,0.0,-87.875,100.125,NaN,NaN
1996-04-01T12:00:00Z,0.0,-87.875,104.125,NaN,NaN
1996-04-01T12:00:00Z,0.0,-87.875,108.125,NaN,NaN
1996-04-01T12:00:00Z,0.0,-87.875,112.125,NaN,NaN
1996-04-01T12:00:00Z,0.0,-87.875,116.125,NaN,NaN
1996-04-01T12:00:00Z,0.0,-87.875,120.125,NaN,NaN
1996-04-01T12:00:00Z,0.0,-87.875,124.125,NaN,NaN
1996-04-01T12:00:00Z,0.0,-87.875,128.125,NaN,NaN
1996-04-01T12:00:00Z,0.0,-87.875,132.125,NaN,NaN
1996-04-01T12:00:00Z,0.0,-87.875,136.125,NaN,NaN
1996-04-01T12:00:00Z,0.0,-87.875,140.125,NaN,NaN
1996-04-01T12:00:00Z,0.0,-87.875,144.125,NaN,NaN
1996-04-01T12:00:00Z,0.0,-87.875,148.125,NaN,NaN
1996-04-01T12:00:00Z,0.0,-87.875,152.125,NaN,NaN
1996-04-01T12:00:00Z,0.0,-87.875,156.125,NaN,NaN
1996-04-01T12:00:00Z,0.0,-87.875,160.125,NaN,NaN
1996-04-01T12:00:00Z,0.0,-87.875,164.125,NaN,NaN
1996-04-01T12:00:00Z,0.0,-87.875,168.125,NaN,NaN
1996-04-01T12:00:00Z,0.0,-87.875,172.125,NaN,NaN
1996-04-01T12:00:00Z,0.0,-87.875,176.125,NaN,NaN
1996-04-01T12:00:00Z,0.0,-87.875,180.125,NaN,NaN
1996-04-01T12:00:00Z,0.0,-87.875,184.125,NaN,NaN
1996-04-01T12:00:00Z,0.0,-87.875,188.125,NaN,NaN
1996-04-01T12:00:00Z,0.0,-87.875,192.125,NaN,NaN
1996-04-01T12:00:00Z,0.0,-87.875,196.125,NaN,NaN
1996-04-01T12:00:00Z,0.0,-87.875,200.125,NaN,NaN
1996-04-01T12:00:00Z,0.0,-87.875,204.125,NaN,NaN
1996-04-01T12:00:00Z,0.0,-87.875,208.125,NaN,NaN
1996-04-01T12:00:00Z,0.0,-87.875,212.125,NaN,NaN
1996-04-01T12:00:00Z,0.0,-87.875,216.125,NaN,NaN
1996-04-01T12:00:00Z,0.0,-87.875,220.125,NaN,NaN
1996-04-01T12:00:00Z,0.0,-87.875,224.125,NaN,NaN
1996-04-01T12:00:00Z,0.0,-87.875,228.125,NaN,NaN
1996-04-01T12:00:00Z,0.0,-87.875,232.125,NaN,NaN
1996-04-01T12:00:00Z,0.0,-87.875,236.125,NaN,NaN
1996-04-01T12:00:00Z,0.0,-87.875,240.125,NaN,NaN
1996-04-01T12:00:00Z,0.0,-87.875,244.125,NaN,NaN
1996-04-01T12:00:00Z,0.0,-87.875,248.125,NaN,NaN
1996-04-01T12:00:00Z,0.0,-87.875,252.125,NaN,NaN
1996-04-01T12:00:00Z,0.0,-87.875,256.125,NaN,NaN
1996-04-01T12:00:00Z,0.0,-87.875,260.125,NaN,NaN
1996-04-01T12:00:00Z,0.0,-87.875,264.125,NaN,NaN
1996-04-01T12:00:00Z,0.0,-87.875,268.125,NaN,NaN
1996-04-01T12:00:00Z,0.0,-87.875,272.125,NaN,NaN
1996-04-01T12:00:00Z,0.0,-87.875,276.125,NaN,NaN
1996-04-01T12:00:00Z,0.0,-87.875,280.125,NaN,NaN
1996-04-01T12:00:00Z,0.0,-87.875,284.125,NaN,NaN
1996-04-01T12:00:00Z,0.0,-87.875,288.125,NaN,NaN
1996-04-01T12:00:00Z,0.0,-87.875,292.125,NaN,NaN
1996-04-01T12:00:00Z,0.0,-87.875,296.125,NaN,NaN
1996-04-01T12:00:00Z,0.0,-87.875,300.125,NaN,NaN
1996-04-01T12:00:00Z,0.0,-87.875,304.125,NaN,NaN
1996-04-01T12:00:00Z,0.0,-87.875,308.125,NaN,NaN
1996-04-01T12:00:00Z,0.0,-87.875,312.125,NaN,NaN
1996-04-01T12:00:00Z,0.0,-87.875,316.125,NaN,NaN
1996-04-01T12:00:00Z,0.0,-87.875,320.125,NaN,NaN
1996-04-01T12:00:00Z,0.0,-87.875,324.125,NaN,NaN
1996-04-01T12:00:00Z,0.0,-87.875,328.125,NaN,NaN
1996-04-01T12:00:00Z,0.0,-87.875,332.125,NaN,NaN
1996-04-01T12:00:00Z,0.0,-87.875,336.125,NaN,NaN
1996-04-01T12:00:00Z,0.0,-87.875,340.125,NaN,NaN
1996-04-01T12:00:00Z,0.0,-87.875,344.125,NaN,NaN
1996-04-01T12:00:00Z,0.0,-87.875,348.125,NaN,NaN
1996-04-01T12:00:00Z,0.0,-87.875,352.125,NaN,NaN
1996-04-01T12:00:00Z,0.0,-87.875,356.125,NaN,NaN
1996-04-01T12:00:00Z,0.0,-83.875,0.125,NaN,NaN
1996-04-01T12:00:00Z,0.0,-83.875,4.125,NaN,NaN
1996-04-01T12:00:00Z,0.0,-83.875,8.125,NaN,NaN
1996-04-01T12:00:00Z,0.0,-83.875,12.125,NaN,NaN
1996-04-01T12:00:00Z,0.0,-83.875,16.125,NaN,NaN
1996-04-01T12:00:00Z,0.0,-83.875,20.125,NaN,NaN
1996-04-01T12:00:00Z,0.0,-83.875,24.125,NaN,NaN
1996-04-01T12:00:00Z,0.0,-83.875,28.125,NaN,NaN
1996-04-01T12:00:00Z,0.0,-83.875,32.125,NaN,NaN
1996-04-01T12:00:00Z,0.0,-83.875,36.125,NaN,NaN
1996-04-01T12:00:00Z,0.0,-83.875,40.125,NaN,NaN
1996-04-01T12:00:00Z,0.0,-83.875,44.125,NaN,NaN
1996-04-01T12:00:00Z,0.0,-83.875,48.125,NaN,NaN
1996-04-01T12:00:00Z,0.0,-83.875,52.125,NaN,NaN
1996-04-01T12:00:00Z,0.0,-83.875,56.125,NaN,NaN
1996-04-01T12:00:00Z,0.0,-83.875,60.125,NaN,NaN
1996-04-01T12:00:00Z,0.0,-83.875,64.125,NaN,NaN
1996-04-01T12:00:00Z,0.0,-83.875,68.125,NaN,NaN
1996-04-01T12:00:00Z,0.0,-83.875,72.125,NaN,NaN
1996-04-01T12:00:00Z,0.0,-83.875,76.125,NaN,NaN
1996-04-01T12:00:00Z,0.0,-83.875,80.125,NaN,NaN
1996-04-01T12:00:00Z,0.0,-83.875,84.125,NaN,NaN
1996-04-01T12:00:00Z,0.0,-83.875,88.125,NaN,NaN
1996-04-01T12:00:00Z,0.0,-83.875,92.125,NaN,NaN
1996-04-01T12:00:00Z,0.0,-83.875,96.125,NaN,NaN
1996-04-01T12:00:00Z,0.0,-83.875,100.125,NaN,NaN
1996-04-01T12:00:00Z,0.0,-83.875,104.125,NaN,NaN
1996-04-01T12:00:00Z,0.0,-83.875,108.125,NaN,NaN
1996-04-01T12:00:00Z,0.0,-83.875,112.125,NaN,NaN
1996-04-01T12:00:00Z,0.0,-83.875,116.125,NaN,NaN
1996-04-01T12:00:00Z,0.0,-83.875,120.125,NaN,NaN
1996-04-01T12:00:00Z,0.0,-83.875,124.125,NaN,NaN
1996-04-01T12:00:00Z,0.0,-83.875,128.125,NaN,NaN
1996-04-01T12:00:00Z,0.0,-83.875,132.125,NaN,NaN
1996-04-01T12:00:00Z,0.0,-83.875,136.125,NaN,NaN
1996-04-01T12:00:00Z,0.0,-83.875,140.125,NaN,NaN
1996-04-01T12:00:00Z,0.0,-83.875,144.125,NaN,NaN
1996-04-01T12:00:00Z,0.0,-83.875,148.125,NaN,NaN
1996-04-01T12:00:00Z,0.0,-83.875,152.125,NaN,NaN
1996-04-01T12:00:00Z,0.0,-83.875,156.125,NaN,NaN
1996-04-01T12:00:00Z,0.0,-83.875,160.125,NaN,NaN
1996-04-01T12:00:00Z,0.0,-83.875,164.125,NaN,NaN
1996-04-01T12:00:00Z,0.0,-83.875,168.125,NaN,NaN
1996-04-01T12:00:00Z,0.0,-83.875,172.125,NaN,NaN
1996-04-01T12:00:00Z,0.0,-83.875,176.125,NaN,NaN
1996-04-01T12:00:00Z,0.0,-83.875,180.125,NaN,NaN
1996-04-01T12:00:00Z,0.0,-83.875,184.125,NaN,NaN
1996-04-01T12:00:00Z,0.0,-83.875,188.125,NaN,NaN
1996-04-01T12:00:00Z,0.0,-83.875,192.125,NaN,NaN
1996-04-01T12:00:00Z,0.0,-83.875,196.125,NaN,NaN
1996-04-01T12:00:00Z,0.0,-83.875,200.125,NaN,NaN
1996-04-01T12:00:00Z,0.0,-83.875,204.125,NaN,NaN
1996-04-01T12:00:00Z,0.0,-83.875,208.125,NaN,NaN
1996-04-01T12:00:00Z,0.0,-83.875,212.125,NaN,NaN
1996-04-01T12:00:00Z,0.0,-83.875,216.125,NaN,NaN
1996-04-01T12:00:00Z,0.0,-83.875,220.125,NaN,NaN
1996-04-01T12:00:00Z,0.0,-83.875,224.125,NaN,NaN
1996-04-01T12:00:00Z,0.0,-83.875,228.125,NaN,NaN
1996-04-01T12:00:00Z,0.0,-83.875,232.125,NaN,NaN
1996-04-01T12:00:00Z,0.0,-83.875,236.125,NaN,NaN
1996-04-01T12:00:00Z,0.0,-83.875,240.125,NaN,NaN
1996-04-01T12:00:00Z,0.0,-83.875,244.125,NaN,NaN
1996-04-01T12:00:00Z,0.0,-83.875,248.125,NaN,NaN
1996-04-01T12:00:00Z,0.0,-83.875,252.125,NaN,NaN
1996-04-01T12:00:00Z,0.0,-83.875,256.125,NaN,NaN
1996-04-01T12:00:00Z,0.0,-83.875,260.125,NaN,NaN
1996-04-01T12:00:00Z,0.0,-83.875,264.125,NaN,NaN
1996-04-01T12:00:00Z,0.0,-83.875,268.125,NaN,NaN
1996-04-01T12:00:00Z,0.0,-83.875,272.125,NaN,NaN
1996-04-01T12:00:00Z,0.0,-83.875,276.125,NaN,NaN
1996-04-01T12:00:00Z,0.0,-83.875,280.125,NaN,NaN
1996-04-01T12:00:00Z,0.0,-83.875,284.125,NaN,NaN
1996-04-01T12:00:00Z,0.0,-83.875,288.125,NaN,NaN
1996-04-01T12:00:00Z,0.0,-83.875,292.125,NaN,NaN
1996-04-01T12:00:00Z,0.0,-83.875,296.125,NaN,NaN
1996-04-01T12:00:00Z,0.0,-83.875,300.125,NaN,NaN
1996-04-01T12:00:00Z,0.0,-83.875,304.125,NaN,NaN
1996-04-01T12:00:00Z,0.0,-83.875,308.125,NaN,NaN
1996-04-01T12:00:00Z,0.0,-83.875,312.125,NaN,NaN
1996-04-01T12:00:00Z,0.0,-83.875,316.125,NaN,NaN
1996-04-01T12:00:00Z,0.0,-83.875,320.125,NaN,NaN
1996-04-01T12:00:00Z,0.0,-83.875,324.125,NaN,NaN
1996-04-01T12:00:00Z,0.0,-83.875,328.125,NaN,NaN
1996-04-01T12:00:00Z,0.0,-83.875,332.125,NaN,NaN
1996-04-01T12:00:00Z,0.0,-83.875,336.125,NaN,NaN
1996-04-01T12:00:00Z,0.0,-83.875,340.125,NaN,NaN
1996-04-01T12:00:00Z,0.0,-83.875,344.125,NaN,NaN
1996-04-01T12:00:00Z,0.0,-83.875,348.125,NaN,NaN
1996-04-01T12:00:00Z,0.0,-83.875,352.125,NaN,NaN
1996-04-01T12:00:00Z,0.0,-83.875,356.125,NaN,NaN
1996-04-01T12:00:00Z,0.0,-79.875,0.125,NaN,NaN
1996-04-01T12:00:00Z,0.0,-79.875,4.125,NaN,NaN
1996-04-01T12:00:00Z,0.0,-79.875,8.125,NaN,NaN
1996-04-01T12:00:00Z,0.0,-79.875,12.125,NaN,NaN
1996-04-01T12:00:00Z,0.0,-79.875,16.125,NaN,NaN
1996-04-01T12:00:00Z,0.0,-79.875,20.125,NaN,NaN
1996-04-01T12:00:00Z,0.0,-79.875,24.125,NaN,NaN
1996-04-01T12:00:00Z,0.0,-79.875,28.125,NaN,NaN
1996-04-01T12:00:00Z,0.0,-79.875,32.125,NaN,NaN
1996-04-01T12:00:00Z,0.0,-79.875,36.125,NaN,NaN
1996-04-01T12:00:00Z,0.0,-79.875,40.125,NaN,NaN
1996-04-01T12:00:00Z,0.0,-79.875,44.125,NaN,NaN
1996-04-01T12:00:00Z,0.0,-79.875,48.125,NaN,NaN
1996-04-01T12:00:00Z,0.0,-79.875,52.125,NaN,NaN
1996-04-01T12:00:00Z,0.0,-79.875,56.125,NaN,NaN
1996-04-01T12:00:00Z,0.0,-79.875,60.125,NaN,NaN
1996-04-01T12:00:00Z,0.0,-79.875,64.125,NaN,NaN
1996-04-01T12:00:00Z,0.0,-79.875,68.125,NaN,NaN
1996-04-01T12:00:00Z,0.0,-79.875,72.125,NaN,NaN
1996-04-01T12:00:00Z,0.0,-79.875,76.125,NaN,NaN
1996-04-01T12:00:00Z,0.0,-79.875,80.125,NaN,NaN
1996-04-01T12:00:00Z,0.0,-79.875,84.125,NaN,NaN
1996-04-01T12:00:00Z,0.0,-79.875,88.125,NaN,NaN
1996-04-01T12:00:00Z,0.0,-79.875,92.125,NaN,NaN
1996-04-01T12:00:00Z,0.0,-79.875,96.125,NaN,NaN
1996-04-01T12:00:00Z,0.0,-79.875,100.125,NaN,NaN
1996-04-01T12:00:00Z,0.0,-79.875,104.125,NaN,NaN
1996-04-01T12:00:00Z,0.0,-79.875,108.125,NaN,NaN
1996-04-01T12:00:00Z,0.0,-79.875,112.125,NaN,NaN
1996-04-01T12:00:00Z,0.0,-79.875,116.125,NaN,NaN
1996-04-01T12:00:00Z,0.0,-79.875,120.125,NaN,NaN
1996-04-01T12:00:00Z,0.0,-79.875,124.125,NaN,NaN
1996-04-01T12:00:00Z,0.0,-79.875,128.125,NaN,NaN
1996-04-01T12:00:00Z,0.0,-79.875,132.125,NaN,NaN
1996-04-01T12:00:00Z,0.0,-79.875,136.125,NaN,NaN
1996-04-01T12:00:00Z,0.0,-79.875,140.125,NaN,NaN
1996-04-01T12:00:00Z,0.0,-79.875,144.125,NaN,NaN
1996-04-01T12:00:00Z,0.0,-79.875,148.125,NaN,NaN
1996-04-01T12:00:00Z,0.0,-79.875,152.125,NaN,NaN
1996-04-01T12:00:00Z,0.0,-79.875,156.125,NaN,NaN
1996-04-01T12:00:00Z,0.0,-79.875,160.125,NaN,NaN
1996-04-01T12:00:00Z,0.0,-79.875,164.125,NaN,NaN
1996-04-01T12:00:00Z,0.0,-79.875,168.125,NaN,NaN
1996-04-01T12:00:00Z,0.0,-79.875,172.125,NaN,NaN
1996-04-01T12:00:00Z,0.0,-79.875,176.125,NaN,NaN
1996-04-01T12:00:00Z,0.0,-79.875,180.125,NaN,NaN
1996-04-01T12:00:00Z,0.0,-79.875,184.125,NaN,NaN
1996-04-01T12:00:00Z,0.0,-79.875,188.125,NaN,NaN
1996-04-01T12:00:00Z,0.0,-79.875,192.125,NaN,NaN
1996-04-01T12:00:00Z,0.0,-79.875,196.125,NaN,NaN
1996-04-01T12:00:00Z,0.0,-79.875,200.125,NaN,NaN
1996-04-01T12:00:00Z,0.0,-79.875,204.125,NaN,NaN
1996-04-01T12:00:00Z,0.0,-79.875,208.125,NaN,NaN
1996-04-01T12:00:00Z,0.0,-79.875,212.125,NaN,NaN
1996-04-01T12:00:00Z,0.0,-79.875,216.125,NaN,NaN
1996-04-01T12:00:00Z,0.0,-79.875,220.125,NaN,NaN
1996-04-01T12:00:00Z,0.0,-79.875,224.125,NaN,NaN
1996-04-01T12:00:00Z,0.0,-79.875,228.125,NaN,NaN
1996-04-01T12:00:00Z,0.0,-79.875,232.125,NaN,NaN
1996-04-01T12:00:00Z,0.0,-79.875,236.125,NaN,NaN
1996-04-01T12:00:00Z,0.0,-79.875,240.125,NaN,NaN
1996-04-01T12:00:00Z,0.0,-79.875,244.125,NaN,NaN
1996-04-01T12:00:00Z,0.0,-79.875,248.125,NaN,NaN
1996-04-01T12:00:00Z,0.0,-79.875,252.125,NaN,NaN
1996-04-01T12:00:00Z,0.0,-79.875,256.125,NaN,NaN
1996-04-01T12:00:00Z,0.0,-79.875,260.125,NaN,NaN
1996-04-01T12:00:00Z,0.0,-79.875,264.125,NaN,NaN
1996-04-01T12:00:00Z,0.0,-79.875,268.125,NaN,NaN
1996-04-01T12:00:00Z,0.0,-79.875,272.125,NaN,NaN
1996-04-01T12:00:00Z,0.0,-79.875,276.125,NaN,NaN
1996-04-01T12:00:00Z,0.0,-79.875,280.125,NaN,NaN
1996-04-01T12:00:00Z,0.0,-79.875,284.125,NaN,NaN
1996-04-01T12:00:00Z,0.0,-79.875,288.125,NaN,NaN
1996-04-01T12:00:00Z,0.0,-79.875,292.125,NaN,NaN
1996-04-01T12:00:00Z,0.0,-79.875,296.125,NaN,NaN
1996-04-01T12:00:00Z,0.0,-79.875,300.125,NaN,NaN
1996-04-01T12:00:00Z,0.0,-79.875,304.125,NaN,NaN
1996-04-01T12:00:00Z,0.0,-79.875,308.125,NaN,NaN
1996-04-01T12:00:00Z,0.0,-79.875,312.125,NaN,NaN
1996-04-01T12:00:00Z,0.0,-79.875,316.125,NaN,NaN
1996-04-01T12:00:00Z,0.0,-79.875,320.125,NaN,NaN
1996-04-01T12:00:00Z,0.0,-79.875,324.125,NaN,NaN
1996-04-01T12:00:00Z,0.0,-79.875,328.125,NaN,NaN
1996-04-01T12:00:00Z,0.0,-79.875,332.125,NaN,NaN
1996-04-01T12:00:00Z,0.0,-79.875,336.125,NaN,NaN
1996-04-01T12:00:00Z,0.0,-79.875,340.125,NaN,NaN
1996-04-01T12:00:00Z,0.0,-79.875,344.125,NaN,NaN
1996-04-01T12:00:00Z,0.0,-79.875,348.125,NaN,NaN
1996-04-01T12:00:00Z,0.0,-79.875,352.125,NaN,NaN
1996-04-01T12:00:00Z,0.0,-79.875,356.125,NaN,NaN
1996-04-01T12:00:00Z,0.0,-75.875,0.125,NaN,NaN
1996-04-01T12:00:00Z,0.0,-75.875,4.125,NaN,NaN
1996-04-01T12:00:00Z,0.0,-75.875,8.125,NaN,NaN
1996-04-01T12:00:00Z,0.0,-75.875,12.125,NaN,NaN
1996-04-01T12:00:00Z,0.0,-75.875,16.125,NaN,NaN
1996-04-01T12:00:00Z,0.0,-75.875,20.125,NaN,NaN
1996-04-01T12:00:00Z,0.0,-75.875,24.125,NaN,NaN
1996-04-01T12:00:00Z,0.0,-75.875,28.125,NaN,NaN
1996-04-01T12:00:00Z,0.0,-75.875,32.125,NaN,NaN
1996-04-01T12:00:00Z,0.0,-75.875,36.125,NaN,NaN
1996-04-01T12:00:00Z,0.0,-75.875,40.125,NaN,NaN
1996-04-01T12:00:00Z,0.0,-75.875,44.125,NaN,NaN
1996-04-01T12:00:00Z,0.0,-75.875,48.125,NaN,NaN
1996-04-01T12:00:00Z,0.0,-75.875,52.125,NaN,NaN
1996-04-01T12:00:00Z,0.0,-75.875,56.125,NaN,NaN
1996-04-01T12:00:00Z,0.0,-75.875,60.125,NaN,NaN
1996-04-01T12:00:00Z,0.0,-75.875,64.125,NaN,NaN
1996-04-01T12:00:00Z,0.0,-75.875,68.125,NaN,NaN
1996-04-01T12:00:00Z,0.0,-75.875,72.125,NaN,NaN
1996-04-01T12:00:00Z,0.0,-75.875,76.125,NaN,NaN
1996-04-01T12:00:00Z,0.0,-75.875,80.125,NaN,NaN
1996-04-01T12:00:00Z,0.0,-75.875,84.125,NaN,NaN
1996-04-01T12:00:00Z,0.0,-75.875,88.125,NaN,NaN
1996-04-01T12:00:00Z,0.0,-75.875,92.125,NaN,NaN
1996-04-01T12:00:00Z,0.0,-75.875,96.125,NaN,NaN
1996-04-01T12:00:00Z,0.0,-75.875,100.125,NaN,NaN
1996-04-01T12:00:00Z,0.0,-75.875,104.125,NaN,NaN
1996-04-01T12:00:00Z,0.0,-75.875,108.125,NaN,NaN
1996-04-01T12:00:00Z,0.0,-75.875,112.125,NaN,NaN
1996-04-01T12:00:00Z,0.0,-75.875,116.125,NaN,NaN
1996-04-01T12:00:00Z,0.0,-75.875,120.125,NaN,NaN
1996-04-01T12:00:00Z,0.0,-75.875,124.125,NaN,NaN
1996-04-01T12:00:00Z,0.0,-75.875,128.125,NaN,NaN
1996-04-01T12:00:00Z,0.0,-75.875,132.125,NaN,NaN
1996-04-01T12:00:00Z,0.0,-75.875,136.125,NaN,NaN
1996-04-01T12:00:00Z,0.0,-75.875,140.125,NaN,NaN
1996-04-01T12:00:00Z,0.0,-75.875,144.125,NaN,NaN
1996-04-01T12:00:00Z,0.0,-75.875,148.125,NaN,NaN
1996-04-01T12:00:00Z,0.0,-75.875,152.125,NaN,NaN
1996-04-01T12:00:00Z,0.0,-75.875,156.125,NaN,NaN
1996-04-01T12:00:00Z,0.0,-75.875,160.125,NaN,NaN
1996-04-01T12:00:00Z,0.0,-75.875,164.125,-1.53,-0.28
1996-04-01T12:00:00Z,0.0,-75.875,168.125,-1.46,0.01
1996-04-01T12:00:00Z,0.0,-75.875,172.125,-1.44,-0.09
1996-04-01T12:00:00Z,0.0,-75.875,176.125,-1.58,-0.22
1996-04-01T12:00:00Z,0.0,-75.875,180.125,-1.7,-0.29
1996-04-01T12:00:00Z,0.0,-75.875,184.125,-1.73,-0.28
1996-04-01T12:00:00Z,0.0,-75.875,188.125,-1.73,-0.19
1996-04-01T12:00:00Z,0.0,-75.875,192.125,-1.73,-0.15
1996-04-01T12:00:00Z,0.0,-75.875,196.125,-1.74,-0.09
1996-04-01T12:00:00Z,0.0,-75.875,200.125,-1.72,-0.08
1996-04-01T12:00:00Z,0.0,-75.875,204.125,-1.73,-0.05
1996-04-01T12:00:00Z,0.0,-75.875,208.125,-1.66,0.01
1996-04-01T12:00:00Z,0.0,-75.875,212.125,-1.62,0.04
1996-04-01T12:00:00Z,0.0,-75.875,216.125,NaN,NaN
1996-04-01T12:00:00Z,0.0,-75.875,220.125,NaN,NaN
1996-04-01T12:00:00Z,0.0,-75.875,224.125,NaN,NaN
1996-04-01T12:00:00Z,0.0,-75.875,228.125,NaN,NaN
1996-04-01T12:00:00Z,0.0,-75.875,232.125,NaN,NaN
1996-04-01T12:00:00Z,0.0,-75.875,236.125,NaN,NaN
1996-04-01T12:00:00Z,0.0,-75.875,240.125,NaN,NaN
1996-04-01T12:00:00Z,0.0,-75.875,244.125,NaN,NaN
1996-04-01T12:00:00Z,0.0,-75.875,248.125,NaN,NaN
1996-04-01T12:00:00Z,0.0,-75.875,252.125,NaN,NaN
1996-04-01T12:00:00Z,0.0,-75.875,256.125,NaN,NaN
1996-04-01T12:00:00Z,0.0,-75.875,260.125,NaN,NaN
1996-04-01T12:00:00Z,0.0,-75.875,264.125,NaN,NaN
1996-04-01T12:00:00Z,0.0,-75.875,268.125,NaN,NaN
1996-04-01T12:00:00Z,0.0,-75.875,272.125,NaN,NaN
1996-04-01T12:00:00Z,0.0,-75.875,276.125,NaN,NaN
1996-04-01T12:00:00Z,0.0,-75.875,280.125,NaN,NaN
1996-04-01T12:00:00Z,0.0,-75.875,284.125,NaN,NaN
1996-04-01T12:00:00Z,0.0,-75.875,288.125,NaN,NaN
1996-04-01T12:00:00Z,0.0,-75.875,292.125,NaN,NaN
1996-04-01T12:00:00Z,0.0,-75.875,296.125,-1.4,-0.05
1996-04-01T12:00:00Z,0.0,-75.875,300.125,-1.41,-0.18
1996-04-01T12:00:00Z,0.0,-75.875,304.125,-1.36,0.18
1996-04-01T12:00:00Z,0.0,-75.875,308.125,-1.65,0.01
1996-04-01T12:00:00Z,0.0,-75.875,312.125,-1.59,0.11
1996-04-01T12:00:00Z,0.0,-75.875,316.125,-1.41,0.26
1996-04-01T12:00:00Z,0.0,-75.875,320.125,-1.57,0.12
1996-04-01T12:00:00Z,0.0,-75.875,324.125,-1.76,-0.11
1996-04-01T12:00:00Z,0.0,-75.875,328.125,-1.61,-0.08
1996-04-01T12:00:00Z,0.0,-75.875,332.125,-1.35,0.07
1996-04-01T12:00:00Z,0.0,-75.875,336.125,-1.46,-0.03
1996-04-01T12:00:00Z,0.0,-75.875,340.125,NaN,NaN
1996-04-01T12:00:00Z,0.0,-75.875,344.125,NaN,NaN
1996-04-01T12:00:00Z,0.0,-75.875,348.125,NaN,NaN
1996-04-01T12:00:00Z,0.0,-75.875,352.125,NaN,NaN
1996-04-01T12:00:00Z,0.0,-75.875,356.125,NaN,NaN
1996-04-01T12:00:00Z,0.0,-71.875,0.125,NaN,NaN
1996-04-01T12:00:00Z,0.0,-71.875,4.125,NaN,NaN
1996-04-01T12:00:00Z,0.0,-71.875,8.125,NaN,NaN
1996-04-01T12:00:00Z,0.0,-71.875,12.125,NaN,NaN
1996-04-01T12:00:00Z,0.0,-71.875,16.125,NaN,NaN
1996-04-01T12:00:00Z,0.0,-71.875,20.125,NaN,NaN
1996-04-01T12:00:00Z,0.0,-71.875,24.125,NaN,NaN
1996-04-01T12:00:00Z,0.0,-71.875,28.125,NaN,NaN
1996-04-01T12:00:00Z,0.0,-71.875,32.125,NaN,NaN
1996-04-01T12:00:00Z,0.0,-71.875,36.125,NaN,NaN
1996-04-01T12:00:00Z,0.0,-71.875,40.125,NaN,NaN
1996-04-01T12:00:00Z,0.0,-71.875,44.125,NaN,NaN
1996-04-01T12:00:00Z,0.0,-71.875,48.125,NaN,NaN
1996-04-01T12:00:00Z,0.0,-71.875,52.125,NaN,NaN
1996-04-01T12:00:00Z,0.0,-71.875,56.125,NaN,NaN
1996-04-01T12:00:00Z,0.0,-71.875,60.125,NaN,NaN
1996-04-01T12:00:00Z,0.0,-71.875,64.125,NaN,NaN
1996-04-01T12:00:00Z,0.0,-71.875,68.125,-1.1,0.01
1996-04-01T12:00:00Z,0.0,-71.875,72.125,NaN,NaN
1996-04-01T12:00:00Z,0.0,-71.875,76.125,NaN,NaN
1996-04-01T12:00:00Z,0.0,-71.875,80.125,NaN,NaN
1996-04-01T12:00:00Z,0.0,-71.875,84.125,NaN,NaN
1996-04-01T12:00:00Z,0.0,-71.875,88.125,NaN,NaN
1996-04-01T12:00:00Z,0.0,-71.875,92.125,NaN,NaN
1996-04-01T12:00:00Z,0.0,-71.875,96.125,NaN,NaN
1996-04-01T12:00:00Z,0.0,-71.875,100.125,NaN,NaN
1996-04-01T12:00:00Z,0.0,-71.875,104.125,NaN,NaN
1996-04-01T12:00:00Z,0.0,-71.875,108.125,NaN,NaN
1996-04-01T12:00:00Z,0.0,-71.875,112.125,NaN,NaN
1996-04-01T12:00:00Z,0.0,-71.875,116.125,NaN,NaN
1996-04-01T12:00:00Z,0.0,-71.875,120.125,NaN,NaN
1996-04-01T12:00:00Z,0.0,-71.875,124.125,NaN,NaN
1996-04-01T12:00:00Z,0.0,-71.875,128.125,NaN,NaN
1996-04-01T12:00:00Z,0.0,-71.875,132.125,NaN,NaN
1996-04-01T12:00:00Z,0.0,-71.875,136.125,NaN,NaN
1996-04-01T12:00:00Z,0.0,-71.875,140.125,NaN,NaN
1996-04-01T12:00:00Z,0.0,-71.875,144.125,NaN,NaN
1996-04-01T12:00:00Z,0.0,-71.875,148.125,NaN,NaN
1996-04-01T12:00:00Z,0.0,-71.875,152.125,NaN,NaN
1996-04-01T12:00:00Z,0.0,-71.875,156.125,NaN,NaN
1996-04-01T12:00:00Z,0.0,-71.875,160.125,NaN,NaN
1996-04-01T12:00:00Z,0.0,-71.875,164.125,NaN,NaN
1996-04-01T12:00:00Z,0.0,-71.875,168.125,NaN,NaN
1996-04-01T12:00:00Z,0.0,-71.875,172.125,-1.5,-0.26
1996-04-01T12:00:00Z,0.0,-71.875,176.125,-1.51,-0.26
1996-04-01T12:00:00Z,0.0,-71.875,180.125,-1.61,-0.31
1996-04-01T12:00:00Z,0.0,-71.875,184.125,-1.64,-0.26
1996-04-01T12:00:00Z,0.0,-71.875,188.125,-1.62,-0.15
1996-04-01T12:00:00Z,0.0,-71.875,192.125,-1.66,-0.17
1996-04-01T12:00:00Z,0.0,-71.875,196.125,-1.69,-0.23
1996-04-01T12:00:00Z,0.0,-71.875,200.125,-1.69,-0.26
1996-04-01T12:00:00Z,0.0,-71.875,204.125,-1.7,-0.28
1996-04-01T12:00:00Z,0.0,-71.875,208.125,-1.71,-0.31
1996-04-01T12:00:00Z,0.0,-71.875,212.125,-1.64,-0.27
1996-04-01T12:00:00Z,0.0,-71.875,216.125,-1.67,-0.33
1996-04-01T12:00:00Z,0.0,-71.875,220.125,-1.69,-0.37
1996-04-01T12:00:00Z,0.0,-71.875,224.125,-1.67,-0.31
1996-04-01T12:00:00Z,0.0,-71.875,228.125,-1.52,-0.05
1996-04-01T12:00:00Z,0.0,-71.875,232.125,-1.62,-0.18
1996-04-01T12:00:00Z,0.0,-71.875,236.125,-1.64,-0.22
1996-04-01T12:00:00Z,0.0,-71.875,240.125,-1.62,-0.34
1996-04-01T12:00:00Z,0.0,-71.875,244.125,-1.62,-0.41
1996-04-01T12:00:00Z,0.0,-71.875,248.125,-1.63,-0.54
1996-04-01T12:00:00Z,0.0,-71.875,252.125,-1.65,-0.4
1996-04-01T12:00:00Z,0.0,-71.875,256.125,-1.57,-0.4
1996-04-01T12:00:00Z,0.0,-71.875,260.125,-1.49,-0.32
1996-04-01T12:00:00Z,0.0,-71.875,264.125,-1.53,-0.3
1996-04-01T12:00:00Z,0.0,-71.875,268.125,-1.71,-0.42
1996-04-01T12:00:00Z,0.0,-71.875,272.125,-1.54,-0.25
1996-04-01T12:00:00Z,0.0,-71.875,276.125,-1.24,-0.17
1996-04-01T12:00:00Z,0.0,-71.875,280.125,-1.26,-0.46
1996-04-01T12:00:00Z,0.0,-71.875,284.125,-1.45,-0.89
1996-04-01T12:00:00Z,0.0,-71.875,288.125,-1.06,-0.28
1996-04-01T12:00:00Z,0.0,-71.875,292.125,-1.11,-0.04
1996-04-01T12:00:00Z,0.0,-71.875,296.125,NaN,NaN
1996-04-01T12:00:00Z,0.0,-71.875,300.125,-1.64,-0.01
1996-04-01T12:00:00Z,0.0,-71.875,304.125,-1.77,-0.04
1996-04-01T12:00:00Z,0.0,-71.875,308.125,-1.77,-0.04
1996-04-01T12:00:00Z,0.0,-71.875,312.125,-1.73,-0.01
1996-04-01T12:00:00Z,0.0,-71.875,316.125,-1.7,-0.04
1996-04-01T12:00:00Z,0.0,-71.875,320.125,-1.65,-0.1
1996-04-01T12:00:00Z,0.0,-71.875,324.125,-1.43,0.01
1996-04-01T12:00:00Z,0.0,-71.875,328.125,-1.15,0.17
1996-04-01T12:00:00Z,0.0,-71.875,332.125,-1.73,-0.51
1996-04-01T12:00:00Z,0.0,-71.875,336.125,-1.02,0.13
1996-04-01T12:00:00Z,0.0,-71.875,340.125,-1.21,-0.14
1996-04-01T12:00:00Z,0.0,-71.875,344.125,-1.66,-0.6
1996-04-01T12:00:00Z,0.0,-71.875,348.125,-1.51,-0.55
1996-04-01T12:00:00Z,0.0,-71.875,352.125,NaN,NaN
1996-04-01T12:00:00Z,0.0,-71.875,356.125,NaN,NaN
1996-04-01T12:00:00Z,0.0,-67.875,0.125,-0.58,-0.16
1996-04-01T12:00:00Z,0.0,-67.875,4.125,-0.24,0.2
1996-04-01T12:00:00Z,0.0,-67.875,8.125,-1.0,-0.49
1996-04-01T12:00:00Z,0.0,-67.875,12.125,-1.39,-0.75
1996-04-01T12:00:00Z,0.0,-67.875,16.125,-0.95,-0.37
1996-04-01T12:00:00Z,0.0,-67.875,20.125,-0.92,-0.41
1996-04-01T12:00:00Z,0.0,-67.875,24.125,-1.06,-0.56
1996-04-01T12:00:00Z,0.0,-67.875,28.125,-1.29,-0.8
1996-04-01T12:00:00Z,0.0,-67.875,32.125,-1.39,-0.91
1996-04-01T12:00:00Z,0.0,-67.875,36.125,-1.16,-0.54
1996-04-01T12:00:00Z,0.0,-67.875,40.125,-1.11,-0.47
1996-04-01T12:00:00Z,0.0,-67.875,44.125,-1.49,-0.83
1996-04-01T12:00:00Z,0.0,-67.875,48.125,NaN,NaN
1996-04-01T12:00:00Z,0.0,-67.875,52.125,NaN,NaN
1996-04-01T12:00:00Z,0.0,-67.875,56.125,NaN,NaN
1996-04-01T12:00:00Z,0.0,-67.875,60.125,NaN,NaN
1996-04-01T12:00:00Z,0.0,-67.875,64.125,NaN,NaN
1996-04-01T12:00:00Z,0.0,-67.875,68.125,NaN,NaN
1996-04-01T12:00:00Z,0.0,-67.875,72.125,-1.63,-0.49
1996-04-01T12:00:00Z,0.0,-67.875,76.125,-1.43,-0.32
1996-04-01T12:00:00Z,0.0,-67.875,80.125,-1.33,-0.31
1996-04-01T12:00:00Z,0.0,-67.875,84.125,NaN,NaN
1996-04-01T12:00:00Z,0.0,-67.875,88.125,NaN,NaN
1996-04-01T12:00:00Z,0.0,-67.875,92.125,NaN,NaN
1996-04-01T12:00:00Z,0.0,-67.875,96.125,NaN,NaN
1996-04-01T12:00:00Z,0.0,-67.875,100.125,NaN,NaN
1996-04-01T12:00:00Z,0.0,-67.875,104.125,NaN,NaN
1996-04-01T12:00:00Z,0.0,-67.875,108.125,NaN,NaN
1996-04-01T12:00:00Z,0.0,-67.875,112.125,NaN,NaN
1996-04-01T12:00:00Z,0.0,-67.875,116.125,NaN,NaN
1996-04-01T12:00:00Z,0.0,-67.875,120.125,NaN,NaN
1996-04-01T12:00:00Z,0.0,-67.875,124.125,NaN,NaN
1996-04-01T12:00:00Z,0.0,-67.875,128.125,NaN,NaN
1996-04-01T12:00:00Z,0.0,-67.875,132.125,NaN,NaN
1996-04-01T12:00:00Z,0.0,-67.875,136.125,NaN,NaN
1996-04-01T12:00:00Z,0.0,-67.875,140.125,NaN,NaN
1996-04-01T12:00:00Z,0.0,-67.875,144.125,NaN,NaN
1996-04-01T12:00:00Z,0.0,-67.875,148.125,-1.33,-0.07
1996-04-01T12:00:00Z,0.0,-67.875,152.125,-1.48,0.08
1996-04-01T12:00:00Z,0.0,-67.875,156.125,-1.57,-0.07
1996-04-01T12:00:00Z,0.0,-67.875,160.125,-1.65,-0.42
1996-04-01T12:00:00Z,0.0,-67.875,164.125,-1.58,-0.68
1996-04-01T12:00:00Z,0.0,-67.875,168.125,-1.58,-0.82
1996-04-01T12:00:00Z,0.0,-67.875,172.125,-1.39,-0.56
1996-04-01T12:00:00Z,0.0,-67.875,176.125,-1.24,-0.42
1996-04-01T12:00:00Z,0.0,-67.875,180.125,1.01,1.67
1996-04-01T12:00:00Z,0.0,-67.875,184.125,-1.42,-0.75
1996-04-01T12:00:00Z,0.0,-67.875,188.125,-0.14,0.59
1996-04-01T12:00:00Z,0.0,-67.875,192.125,0.49,1.29
1996-04-01T12:00:00Z,0.0,-67.875,196.125,-0.52,0.29
1996-04-01T12:00:00Z,0.0,-67.875,200.125,-1.22,-0.41
1996-04-01T12:00:00Z,0.0,-67.875,204.125,-1.65,-0.83
1996-04-01T12:00:00Z,0.0,-67.875,208.125,-1.6,-0.76
1996-04-01T12:00:00Z,0.0,-67.875,212.125,-1.58,-0.79
1996-04-01T12:00:00Z,0.0,-67.875,216.125,-1.39,-0.72
1996-04-01T12:00:00Z,0.0,-67.875,220.125,-1.51,-0.85
1996-04-01T12:00:00Z,0.0,-67.875,224.125,-1.35,-0.77
1996-04-01T12:00:00Z,0.0,-67.875,228.125,-1.39,-0.85
1996-04-01T12:00:00Z,0.0,-67.875,232.125,-1.23,-0.71
1996-04-01T12:00:00Z,0.0,-67.875,236.125,-1.23,-0.77
1996-04-01T12:00:00Z,0.0,-67.875,240.125,-0.82,-0.51
1996-04-01T12:00:00Z,0.0,-67.875,244.125,-0.41,-0.21
1996-04-01T12:00:00Z,0.0,-67.875,248.125,-0.65,-0.54
1996-04-01T12:00:00Z,0.0,-67.875,252.125,-0.7,-0.73
1996-04-01T12:00:00Z,0.0,-67.875,256.125,-0.65,-0.85
1996-04-01T12:00:00Z,0.0,-67.875,260.125,-0.33,-0.64
1996-04-01T12:00:00Z,0.0,-67.875,264.125,-0.17,-0.46
1996-04-01T12:00:00Z,0.0,-67.875,268.125,-0.14,-0.33
1996-04-01T12:00:00Z,0.0,-67.875,272.125,-0.3,-0.4
1996-04-01T12:00:00Z,0.0,-67.875,276.125,-0.35,-0.58
1996-04-01T12:00:00Z,0.0,-67.875,280.125,0.1,-0.16
1996-04-01T12:00:00Z,0.0,-67.875,284.125,-0.81,-0.91
1996-04-01T12:00:00Z,0.0,-67.875,288.125,-0.37,-0.41
1996-04-01T12:00:00Z,0.0,-67.875,292.125,-1.41,-1.37
1996-04-01T12:00:00Z,0.0,-67.875,296.125,-0.74,-0.15
1996-04-01T12:00:00Z,0.0,-67.875,300.125,-1.78,-0.41
1996-04-01T12:00:00Z,0.0,-67.875,304.125,-1.67,0.03
1996-04-01T12:00:00Z,0.0,-67.875,308.125,-1.66,0.02
1996-04-01T12:00:00Z,0.0,-67.875,312.125,-1.62,-0.18
1996-04-01T12:00:00Z,0.0,-67.875,316.125,-1.61,-0.43
1996-04-01T12:00:00Z,0.0,-67.875,320.125,-1.44,-0.4
1996-04-01T12:00:00Z,0.0,-67.875,324.125,-1.18,-0.21
1996-04-01T12:00:00Z,0.0,-67.875,328.125,-1.4,-0.52
1996-04-01T12:00:00Z,0.0,-67.875,332.125,-1.23,-0.45
1996-04-01T12:00:00Z,0.0,-67.875,336.125,-1.25,-0.55
1996-04-01T12:00:00Z,0.0,-67.875,340.125,-1.31,-0.66
1996-04-01T12:00:00Z,0.0,-67.875,344.125,-1.14,-0.54
1996-04-01T12:00:00Z,0.0,-67.875,348.125,-0.89,-0.33
1996-04-01T12:00:00Z,0.0,-67.875,352.125,-1.02,-0.48
1996-04-01T12:00:00Z,0.0,-67.875,356.125,-0.76,-0.28
1996-04-01T12:00:00Z,0.0,-63.875,0.125,0.4,0.28
1996-04-01T12:00:00Z,0.0,-63.875,4.125,0.04,-0.14
1996-04-01T12:00:00Z,0.0,-63.875,8.125,0.15,-0.07
1996-04-01T12:00:00Z,0.0,-63.875,12.125,-0.67,-0.86
1996-04-01T12:00:00Z,0.0,-63.875,16.125,-0.21,-0.41
1996-04-01T12:00:00Z,0.0,-63.875,20.125,-0.48,-0.72
1996-04-01T12:00:00Z,0.0,-63.875,24.125,-0.13,-0.42
1996-04-01T12:00:00Z,0.0,-63.875,28.125,-0.05,-0.44
1996-04-01T12:00:00Z,0.0,-63.875,32.125,-0.15,-0.54
1996-04-01T12:00:00Z,0.0,-63.875,36.125,0.18,-0.32
1996-04-01T12:00:00Z,0.0,-63.875,40.125,-0.03,-0.56
1996-04-01T12:00:00Z,0.0,-63.875,44.125,0.32,-0.12
1996-04-01T12:00:00Z,0.0,-63.875,48.125,0.51,0.28
1996-04-01T12:00:00Z,0.0,-63.875,52.125,0.17,0.09
1996-04-01T12:00:00Z,0.0,-63.875,56.125,-0.15,-0.13
1996-04-01T12:00:00Z,0.0,-63.875,60.125,-0.06,-0.02
1996-04-01T12:00:00Z,0.0,-63.875,64.125,-0.58,-0.44
1996-04-01T12:00:00Z,0.0,-63.875,68.125,-0.79,-0.55
1996-04-01T12:00:00Z,0.0,-63.875,72.125,-0.95,-0.81
1996-04-01T12:00:00Z,0.0,-63.875,76.125,-0.7,-0.63
1996-04-01T12:00:00Z,0.0,-63.875,80.125,-0.82,-0.73
1996-04-01T12:00:00Z,0.0,-63.875,84.125,-0.96,-0.75
1996-04-01T12:00:00Z,0.0,-63.875,88.125,-1.26,-0.96
1996-04-01T12:00:00Z,0.0,-63.875,92.125,-1.23,-0.87
1996-04-01T12:00:00Z,0.0,-63.875,96.125,-1.3,-0.86
1996-04-01T12:00:00Z,0.0,-63.875,100.125,-1.23,-0.76
1996-04-01T12:00:00Z,0.0,-63.875,104.125,-1.15,-0.81
1996-04-01T12:00:00Z,0.0,-63.875,108.125,-1.08,-0.78
1996-04-01T12:00:00Z,0.0,-63.875,112.125,-0.56,-0.44
1996-04-01T12:00:00Z,0.0,-63.875,116.125,-0.43,-0.4
1996-04-01T12:00:00Z,0.0,-63.875,120.125,-0.22,-0.36
1996-04-01T12:00:00Z,0.0,-63.875,124.125,0.27,0.06
1996-04-01T12:00:00Z,0.0,-63.875,128.125,0.23,-0.1
1996-04-01T12:00:00Z,0.0,-63.875,132.125,0.36,0.0
1996-04-01T12:00:00Z,0.0,-63.875,136.125,0.44,0.1
1996-04-01T12:00:00Z,0.0,-63.875,140.125,0.63,0.29
1996-04-01T12:00:00Z,0.0,-63.875,144.125,0.81,0.42
1996-04-01T12:00:00Z,0.0,-63.875,148.125,0.9,0.57
1996-04-01T12:00:00Z,0.0,-63.875,152.125,0.34,0.19
1996-04-01T12:00:00Z,0.0,-63.875,156.125,-1.22,-1.4
1996-04-01T12:00:00Z,0.0,-63.875,160.125,-0.79,-0.77
1996-04-01T12:00:00Z,0.0,-63.875,164.125,-1.03,-1.26
1996-04-01T12:00:00Z,0.0,-63.875,168.125,0.5,-0.07
1996-04-01T12:00:00Z,0.0,-63.875,172.125,-0.03,-1.01
1996-04-01T12:00:00Z,0.0,-63.875,176.125,0.2,-1.22
1996-04-01T12:00:00Z,0.0,-63.875,180.125,1.45,-0.41
1996-04-01T12:00:00Z,0.0,-63.875,184.125,1.35,-0.35
1996-04-01T12:00:00Z,0.0,-63.875,188.125,0.91,-0.37
1996-04-01T12:00:00Z,0.0,-63.875,192.125,0.65,-0.1
1996-04-01T12:00:00Z,0.0,-63.875,196.125,-0.03,-0.43
1996-04-01T12:00:00Z,0.0,-63.875,200.125,-0.02,-0.33
1996-04-01T12:00:00Z,0.0,-63.875,204.125,-0.48,-0.68
1996-04-01T12:00:00Z,0.0,-63.875,208.125,-0.69,-0.75
1996-04-01T12:00:00Z,0.0,-63.875,212.125,-0.35,-0.47
1996-04-01T12:00:00Z,0.0,-63.875,216.125,-0.54,-0.83
1996-04-01T12:00:00Z,0.0,-63.875,220.125,-0.04,-0.44
1996-04-01T12:00:00Z,0.0,-63.875,224.125,-0.11,-0.71
1996-04-01T12:00:00Z,0.0,-63.875,228.125,0.48,-0.42
1996-04-01T12:00:00Z,0.0,-63.875,232.125,0.88,-0.35
1996-04-01T12:00:00Z,0.0,-63.875,236.125,1.33,-0.22
1996-04-01T12:00:00Z,0.0,-63.875,240.125,1.45,-0.27
1996-04-01T12:00:00Z,0.0,-63.875,244.125,1.45,-0.55
1996-04-01T12:00:00Z,0.0,-63.875,248.125,2.62,0.33
1996-04-01T12:00:00Z,0.0,-63.875,252.125,1.22,-0.91
1996-04-01T12:00:00Z,0.0,-63.875,256.125,0.74,-1.31
1996-04-01T12:00:00Z,0.0,-63.875,260.125,1.02,-1.15
1996-04-01T12:00:00Z,0.0,-63.875,264.125,1.66,-0.56
1996-04-01T12:00:00Z,0.0,-63.875,268.125,1.68,-0.46
1996-04-01T12:00:00Z,0.0,-63.875,272.125,1.92,-0.41
1996-04-01T12:00:00Z,0.0,-63.875,276.125,2.07,-0.16
1996-04-01T12:00:00Z,0.0,-63.875,280.125,1.72,-0.4
1996-04-01T12:00:00Z,0.0,-63.875,284.125,1.26,-0.65
1996-04-01T12:00:00Z,0.0,-63.875,288.125,1.59,0.1
1996-04-01T12:00:00Z,0.0,-63.875,292.125,0.81,-0.25
1996-04-01T12:00:00Z,0.0,-63.875,296.125,0.61,0.03
1996-04-01T12:00:00Z,0.0,-63.875,300.125,-0.65,-0.51
1996-04-01T12:00:00Z,0.0,-63.875,304.125,-1.36,-0.69
1996-04-01T12:00:00Z,0.0,-63.875,308.125,-1.52,-0.61
1996-04-01T12:00:00Z,0.0,-63.875,312.125,-1.32,-0.71
1996-04-01T12:00:00Z,0.0,-63.875,316.125,-1.68,-1.24
1996-04-01T12:00:00Z,0.0,-63.875,320.125,-1.01,-0.54
1996-04-01T12:00:00Z,0.0,-63.875,324.125,-1.46,-1.0
1996-04-01T12:00:00Z,0.0,-63.875,328.125,-1.41,-0.99
1996-04-01T12:00:00Z,0.0,-63.875,332.125,-1.09,-0.67
1996-04-01T12:00:00Z,0.0,-63.875,336.125,-1.13,-0.72
1996-04-01T12:00:00Z,0.0,-63.875,340.125,-1.03,-0.67
1996-04-01T12:00:00Z,0.0,-63.875,344.125,-0.91,-0.64
1996-04-01T12:00:00Z,0.0,-63.875,348.125,-0.68,-0.47
1996-04-01T12:00:00Z,0.0,-63.875,352.125,-0.69,-0.61
1996-04-01T12:00:00Z,0.0,-63.875,356.125,-0.17,-0.24
1996-04-01T12:00:00Z,0.0,-59.875,0.125,0.14,-0.15
1996-04-01T12:00:00Z,0.0,-59.875,4.125,0.16,-0.18
1996-04-01T12:00:00Z,0.0,-59.875,8.125,0.15,-0.23
1996-04-01T12:00:00Z,0.0,-59.875,12.125,0.23,-0.23
1996-04-01T12:00:00Z,0.0,-59.875,16.125,0.2,-0.36
1996-04-01T12:00:00Z,0.0,-59.875,20.125,0.61,-0.18
1996-04-01T12:00:00Z,0.0,-59.875,24.125,0.64,-0.42
1996-04-01T12:00:00Z,0.0,-59.875,28.125,0.84,-0.37
1996-04-01T12:00:00Z,0.0,-59.875,32.125,0.8,-0.4
1996-04-01T12:00:00Z,0.0,-59.875,36.125,1.2,-0.08
1996-04-01T12:00:00Z,0.0,-59.875,40.125,0.82,-0.5
1996-04-01T12:00:00Z,0.0,-59.875,44.125,0.87,-0.5
1996-04-01T12:00:00Z,0.0,-59.875,48.125,1.13,-0.29
1996-04-01T12:00:00Z,0.0,-59.875,52.125,0.86,-0.41
1996-04-01T12:00:00Z,0.0,-59.875,56.125,0.64,-0.49
1996-04-01T12:00:00Z,0.0,-59.875,60.125,0.68,-0.48
1996-04-01T12:00:00Z,0.0,-59.875,64.125,0.94,-0.33
1996-04-01T12:00:00Z,0.0,-59.875,68.125,0.68,-0.52
1996-04-01T12:00:00Z,0.0,-59.875,72.125,-0.02,-0.94
1996-04-01T12:00:00Z,0.0,-59.875,76.125,0.45,-0.24
1996-04-01T12:00:00Z,0.0,-59.875,80.125,-0.07,-0.73
1996-04-01T12:00:00Z,0.0,-59.875,84.125,0.31,-0.4
1996-04-01T12:00:00Z,0.0,-59.875,88.125,1.45,0.2
1996-04-01T12:00:00Z,0.0,-59.875,92.125,0.45,-0.75
1996-04-01T12:00:00Z,0.0,-59.875,96.125,1.15,0.03
1996-04-01T12:00:00Z,0.0,-59.875,100.125,1.06,-0.04
1996-04-01T12:00:00Z,0.0,-59.875,104.125,1.53,0.18
1996-04-01T12:00:00Z,0.0,-59.875,108.125,0.45,-1.05
1996-04-01T12:00:00Z,0.0,-59.875,112.125,1.61,-0.06
1996-04-01T12:00:00Z,0.0,-59.875,116.125,1.99,0.12
1996-04-01T12:00:00Z,0.0,-59.875,120.125,1.62,-0.29
1996-04-01T12:00:00Z,0.0,-59.875,124.125,2.05,-0.02
1996-04-01T12:00:00Z,0.0,-59.875,128.125,2.5,0.11
1996-04-01T12:00:00Z,0.0,-59.875,132.125,2.34,-0.17
1996-04-01T12:00:00Z,0.0,-59.875,136.125,2.44,0.02
1996-04-01T12:00:00Z,0.0,-59.875,140.125,2.2,-0.31
1996-04-01T12:00:00Z,0.0,-59.875,144.125,1.61,-0.86
1996-04-01T12:00:00Z,0.0,-59.875,148.125,1.51,-0.42
1996-04-01T12:00:00Z,0.0,-59.875,152.125,1.57,-0.28
1996-04-01T12:00:00Z,0.0,-59.875,156.125,2.47,0.09
1996-04-01T12:00:00Z,0.0,-59.875,160.125,2.35,-0.42
1996-04-01T12:00:00Z,0.0,-59.875,164.125,4.72,1.05
1996-04-01T12:00:00Z,0.0,-59.875,168.125,5.07,0.42
1996-04-01T12:00:00Z,0.0,-59.875,172.125,4.54,-0.75
1996-04-01T12:00:00Z,0.0,-59.875,176.125,3.34,-1.54
1996-04-01T12:00:00Z,0.0,-59.875,180.125,4.68,0.15
1996-04-01T12:00:00Z,0.0,-59.875,184.125,4.66,0.39
1996-04-01T12:00:00Z,0.0,-59.875,188.125,2.84,-1.25
1996-04-01T12:00:00Z,0.0,-59.875,192.125,2.73,-1.05
1996-04-01T12:00:00Z,0.0,-59.875,196.125,2.81,-0.51
1996-04-01T12:00:00Z,0.0,-59.875,200.125,1.78,-0.99
1996-04-01T12:00:00Z,0.0,-59.875,204.125,1.44,-0.53
1996-04-01T12:00:00Z,0.0,-59.875,208.125,-0.29,-1.46
1996-04-01T12:00:00Z,0.0,-59.875,212.125,0.76,-0.35
1996-04-01T12:00:00Z,0.0,-59.875,216.125,0.99,-0.35
1996-04-01T12:00:00Z,0.0,-59.875,220.125,1.19,-0.5
1996-04-01T12:00:00Z,0.0,-59.875,224.125,0.97,-0.99
1996-04-01T12:00:00Z,0.0,-59.875,228.125,1.77,-0.7
1996-04-01T12:00:00Z,0.0,-59.875,232.125,1.63,-1.26
1996-04-01T12:00:00Z,0.0,-59.875,236.125,3.98,0.64
1996-04-01T12:00:00Z,0.0,-59.875,240.125,2.03,-1.37
1996-04-01T12:00:00Z,0.0,-59.875,244.125,2.63,-1.16
1996-04-01T12:00:00Z,0.0,-59.875,248.125,3.26,-0.73
1996-04-01T12:00:00Z,0.0,-59.875,252.125,2.68,-1.41
1996-04-01T12:00:00Z,0.0,-59.875,256.125,2.83,-1.53
1996-04-01T12:00:00Z,0.0,-59.875,260.125,4.32,-0.25
1996-04-01T12:00:00Z,0.0,-59.875,264.125,4.42,-0.23
1996-04-01T12:00:00Z,0.0,-59.875,268.125,4.18,-0.53
1996-04-01T12:00:00Z,0.0,-59.875,272.125,4.65,-0.25
1996-04-01T12:00:00Z,0.0,-59.875,276.125,5.34,0.17
1996-04-01T12:00:00Z,0.0,-59.875,280.125,5.48,0.16
1996-04-01T12:00:00Z,0.0,-59.875,284.125,4.99,-0.3
1996-04-01T12:00:00Z,0.0,-59.875,288.125,4.87,0.05
1996-04-01T12:00:00Z,0.0,-59.875,292.125,4.38,0.37
1996-04-01T12:00:00Z,0.0,-59.875,296.125,2.18,-0.6
1996-04-01T12:00:00Z,0.0,-59.875,300.125,2.82,0.66
1996-04-01T12:00:00Z,0.0,-59.875,304.125,1.76,-0.01
1996-04-01T12:00:00Z,0.0,-59.875,308.125,1.4,0.29
1996-04-01T12:00:00Z,0.0,-59.875,312.125,0.35,-0.64
1996-04-01T12:00:00Z,0.0,-59.875,316.125,0.51,-0.52
1996-04-01T12:00:00Z,0.0,-59.875,320.125,0.58,-0.28
1996-04-01T12:00:00Z,0.0,-59.875,324.125,0.23,-0.46
1996-04-01T12:00:00Z,0.0,-59.875,328.125,-0.23,-0.68
1996-04-01T12:00:00Z,0.0,-59.875,332.125,-0.16,-0.48
1996-04-01T12:00:00Z,0.0,-59.875,336.125,0.9,0.17
1996-04-01T12:00:00Z,0.0,-59.875,340.125,0.4,-0.24
1996-04-01T12:00:00Z,0.0,-59.875,344.125,-0.34,-0.63
1996-04-01T12:00:00Z,0.0,-59.875,348.125,-0.18,-0.31
1996-04-01T12:00:00Z,0.0,-59.875,352.125,-0.15,-0.33
1996-04-01T12:00:00Z,0.0,-59.875,356.125,0.09,-0.17
1996-04-01T12:00:00Z,0.0,-55.875,0.125,0.54,-0.31
1996-04-01T12:00:00Z,0.0,-55.875,4.125,0.79,0.04
1996-04-01T12:00:00Z,0.0,-55.875,8.125,0.77,-0.04
1996-04-01T12:00:00Z,0.0,-55.875,12.125,1.1,0.18
1996-04-01T12:00:00Z,0.0,-55.875,16.125,1.28,0.16
1996-04-01T12:00:00Z,0.0,-55.875,20.125,1.24,0.02
1996-04-01T12:00:00Z,0.0,-55.875,24.125,1.38,-0.12
1996-04-01T12:00:00Z,0.0,-55.875,28.125,1.84,-0.21
1996-04-01T12:00:00Z,0.0,-55.875,32.125,1.87,-0.34
1996-04-01T12:00:00Z,0.0,-55.875,36.125,2.09,-0.3
1996-04-01T12:00:00Z,0.0,-55.875,40.125,2.05,-0.18
1996-04-01T12:00:00Z,0.0,-55.875,44.125,1.76,-0.2
1996-04-01T12:00:00Z,0.0,-55.875,48.125,1.93,-0.29
1996-04-01T12:00:00Z,0.0,-55.875,52.125,1.87,-0.54
1996-04-01T12:00:00Z,0.0,-55.875,56.125,2.26,-0.34
1996-04-01T12:00:00Z,0.0,-55.875,60.125,2.09,-0.55
1996-04-01T12:00:00Z,0.0,-55.875,64.125,2.25,-0.42
1996-04-01T12:00:00Z,0.0,-55.875,68.125,1.63,-1.01
1996-04-01T12:00:00Z,0.0,-55.875,72.125,1.53,-0.87
1996-04-01T12:00:00Z,0.0,-55.875,76.125,1.32,-0.64
1996-04-01T12:00:00Z,0.0,-55.875,80.125,1.26,-0.44
1996-04-01T12:00:00Z,0.0,-55.875,84.125,2.54,0.19
1996-04-01T12:00:00Z,0.0,-55.875,88.125,2.51,-0.07
1996-04-01T12:00:00Z,0.0,-55.875,92.125,3.07,0.6
1996-04-01T12:00:00Z,0.0,-55.875,96.125,2.78,0.26
1996-04-01T12:00:00Z,0.0,-55.875,100.125,2.3,0.05
1996-04-01T12:00:00Z,0.0,-55.875,104.125,2.36,-0.01
1996-04-01T12:00:00Z,0.0,-55.875,108.125,2.27,-0.5
1996-04-01T12:00:00Z,0.0,-55.875,112.125,2.06,-1.17
1996-04-01T12:00:00Z,0.0,-55.875,116.125,4.1,0.34
1996-04-01T12:00:00Z,0.0,-55.875,120.125,4.29,0.4
1996-04-01T12:00:00Z,0.0,-55.875,124.125,4.72,0.65
1996-04-01T12:00:00Z,0.0,-55.875,128.125,4.34,0.03
1996-04-01T12:00:00Z,0.0,-55.875,132.125,4.34,-0.11
1996-04-01T12:00:00Z,0.0,-55.875,136.125,4.53,0.0
1996-04-01T12:00:00Z,0.0,-55.875,140.125,4.53,0.31
1996-04-01T12:00:00Z,0.0,-55.875,144.125,4.04,0.52
1996-04-01T12:00:00Z,0.0,-55.875,148.125,4.73,0.91
1996-04-01T12:00:00Z,0.0,-55.875,152.125,5.12,0.21
1996-04-01T12:00:00Z,0.0,-55.875,156.125,6.41,0.93
1996-04-01T12:00:00Z,0.0,-55.875,160.125,5.26,0.12
1996-04-01T12:00:00Z,0.0,-55.875,164.125,6.91,0.2
1996-04-01T12:00:00Z,0.0,-55.875,168.125,8.55,1.01
1996-04-01T12:00:00Z,0.0,-55.875,172.125,6.5,-0.73
1996-04-01T12:00:00Z,0.0,-55.875,176.125,6.46,-0.59
1996-04-01T12:00:00Z,0.0,-55.875,180.125,7.5,-0.08
1996-04-01T12:00:00Z,0.0,-55.875,184.125,7.32,-0.2
1996-04-01T12:00:00Z,0.0,-55.875,188.125,6.41,-0.49
1996-04-01T12:00:00Z,0.0,-55.875,192.125,6.69,0.11
1996-04-01T12:00:00Z,0.0,-55.875,196.125,5.51,-0.73
1996-04-01T12:00:00Z,0.0,-55.875,200.125,5.67,-0.31
1996-04-01T12:00:00Z,0.0,-55.875,204.125,5.78,0.14
1996-04-01T12:00:00Z,0.0,-55.875,208.125,3.73,-1.02
1996-04-01T12:00:00Z,0.0,-55.875,212.125,2.51,-1.66
1996-04-01T12:00:00Z,0.0,-55.875,216.125,4.06,-0.37
1996-04-01T12:00:00Z,0.0,-55.875,220.125,5.98,0.68
1996-04-01T12:00:00Z,0.0,-55.875,224.125,5.52,0.57
1996-04-01T12:00:00Z,0.0,-55.875,228.125,4.91,-0.42
1996-04-01T12:00:00Z,0.0,-55.875,232.125,5.34,-0.74
1996-04-01T12:00:00Z,0.0,-55.875,236.125,6.19,-0.2
1996-04-01T12:00:00Z,0.0,-55.875,240.125,5.53,-0.51
1996-04-01T12:00:00Z,0.0,-55.875,244.125,6.22,0.07
1996-04-01T12:00:00Z,0.0,-55.875,248.125,6.27,-0.13
1996-04-01T12:00:00Z,0.0,-55.875,252.125,6.3,-0.34
1996-04-01T12:00:00Z,0.0,-55.875,256.125,6.29,-0.37
1996-04-01T12:00:00Z,0.0,-55.875,260.125,6.75,0.07
1996-04-01T12:00:00Z,0.0,-55.875,264.125,6.34,-0.36
1996-04-01T12:00:00Z,0.0,-55.875,268.125,5.92,-0.85
1996-04-01T12:00:00Z,0.0,-55.875,272.125,6.99,0.08
1996-04-01T12:00:00Z,0.0,-55.875,276.125,6.97,0.03
1996-04-01T12:00:00Z,0.0,-55.875,280.125,7.21,0.16
1996-04-01T12:00:00Z,0.0,-55.875,284.125,6.66,-0.66
1996-04-01T12:00:00Z,0.0,-55.875,288.125,7.84,0.05
1996-04-01T12:00:00Z,0.0,-55.875,292.125,8.57,0.83
1996-04-01T12:00:00Z,0.0,-55.875,296.125,6.07,-0.61
1996-04-01T12:00:00Z,0.0,-55.875,300.125,6.06,-0.09
1996-04-01T12:00:00Z,0.0,-55.875,304.125,5.64,0.11
1996-04-01T12:00:00Z,0.0,-55.875,308.125,5.57,0.56
1996-04-01T12:00:00Z,0.0,-55.875,312.125,4.37,0.18
1996-04-01T12:00:00Z,0.0,-55.875,316.125,3.25,-0.2
1996-04-01T12:00:00Z,0.0,-55.875,320.125,2.19,-0.65
1996-04-01T12:00:00Z,0.0,-55.875,324.125,3.23,0.63
1996-04-01T12:00:00Z,0.0,-55.875,328.125,1.54,-0.23
1996-04-01T12:00:00Z,0.0,-55.875,332.125,1.41,-0.14
1996-04-01T12:00:00Z,0.0,-55.875,336.125,2.02,-0.05
1996-04-01T12:00:00Z,0.0,-55.875,340.125,2.18,0.13
1996-04-01T12:00:00Z,0.0,-55.875,344.125,2.16,0.16
1996-04-01T12:00:00Z,0.0,-55.875,348.125,1.34,-0.36
1996-04-01T12:00:00Z,0.0,-55.875,352.125,0.88,-0.48
1996-04-01T12:00:00Z,0.0,-55.875,356.125,0.96,-0.06
1996-04-01T12:00:00Z,0.0,-51.875,0.125,3.34,0.43
1996-04-01T12:00:00Z,0.0,-51.875,4.125,2.71,-0.04
1996-04-01T12:00:00Z,0.0,-51.875,8.125,3.93,1.1
1996-04-01T12:00:00Z,0.0,-51.875,12.125,2.09,-0.12
1996-04-01T12:00:00Z,0.0,-51.875,16.125,2.17,-0.23
1996-04-01T12:00:00Z,0.0,-51.875,20.125,2.33,0.08
1996-04-01T12:00:00Z,0.0,-51.875,24.125,2.05,-0.18
1996-04-01T12:00:00Z,0.0,-51.875,28.125,3.65,0.64
1996-04-01T12:00:00Z,0.0,-51.875,32.125,4.69,1.18
1996-04-01T12:00:00Z,0.0,-51.875,36.125,4.96,1.08
1996-04-01T12:00:00Z,0.0,-51.875,40.125,4.32,0.7
1996-04-01T12:00:00Z,0.0,-51.875,44.125,3.31,-0.23
1996-04-01T12:00:00Z,0.0,-51.875,48.125,4.31,0.23
1996-04-01T12:00:00Z,0.0,-51.875,52.125,4.92,0.61
1996-04-01T12:00:00Z,0.0,-51.875,56.125,3.85,-0.38
1996-04-01T12:00:00Z,0.0,-51.875,60.125,4.64,0.29
1996-04-01T12:00:00Z,0.0,-51.875,64.125,4.43,0.2
1996-04-01T12:00:00Z,0.0,-51.875,68.125,4.07,-0.07
1996-04-01T12:00:00Z,0.0,-51.875,72.125,3.63,0.0
1996-04-01T12:00:00Z,0.0,-51.875,76.125,2.48,-0.74
1996-04-01T12:00:00Z,0.0,-51.875,80.125,2.32,-0.87
1996-04-01T12:00:00Z,0.0,-51.875,84.125,4.5,0.28
1996-04-01T12:00:00Z,0.0,-51.875,88.125,4.64,-0.32
1996-04-01T12:00:00Z,0.0,-51.875,92.125,5.04,-0.1
1996-04-01T12:00:00Z,0.0,-51.875,96.125,4.54,-0.2
1996-04-01T12:00:00Z,0.0,-51.875,100.125,4.15,-0.53
1996-04-01T12:00:00Z,0.0,-51.875,104.125,5.06,0.46
1996-04-01T12:00:00Z,0.0,-51.875,108.125,5.76,1.43
1996-04-01T12:00:00Z,0.0,-51.875,112.125,4.93,0.69
1996-04-01T12:00:00Z,0.0,-51.875,116.125,4.53,-0.41
1996-04-01T12:00:00Z,0.0,-51.875,120.125,5.72,0.12
1996-04-01T12:00:00Z,0.0,-51.875,124.125,6.09,-0.13
1996-04-01T12:00:00Z,0.0,-51.875,128.125,6.34,-0.26
1996-04-01T12:00:00Z,0.0,-51.875,132.125,6.72,-0.1
1996-04-01T12:00:00Z,0.0,-51.875,136.125,6.87,0.13
1996-04-01T12:00:00Z,0.0,-51.875,140.125,7.31,0.72
1996-04-01T12:00:00Z,0.0,-51.875,144.125,8.3,1.21
1996-04-01T12:00:00Z,0.0,-51.875,148.125,8.86,0.81
1996-04-01T12:00:00Z,0.0,-51.875,152.125,8.08,-0.12
1996-04-01T12:00:00Z,0.0,-51.875,156.125,8.09,-0.69
1996-04-01T12:00:00Z,0.0,-51.875,160.125,7.69,-1.22
1996-04-01T12:00:00Z,0.0,-51.875,164.125,9.54,0.0
1996-04-01T12:00:00Z,0.0,-51.875,168.125,9.28,-0.07
1996-04-01T12:00:00Z,0.0,-51.875,172.125,9.04,-0.1
1996-04-01T12:00:00Z,0.0,-51.875,176.125,7.93,-0.49
1996-04-01T12:00:00Z,0.0,-51.875,180.125,9.78,0.47
1996-04-01T12:00:00Z,0.0,-51.875,184.125,10.41,0.15
1996-04-01T12:00:00Z,0.0,-51.875,188.125,10.74,0.51
1996-04-01T12:00:00Z,0.0,-51.875,192.125,8.77,-1.13
1996-04-01T12:00:00Z,0.0,-51.875,196.125,9.65,-0.24
1996-04-01T12:00:00Z,0.0,-51.875,200.125,9.57,-0.29
1996-04-01T12:00:00Z,0.0,-51.875,204.125,10.38,0.74
1996-04-01T12:00:00Z,0.0,-51.875,208.125,9.39,-0.21
1996-04-01T12:00:00Z,0.0,-51.875,212.125,10.15,0.73
1996-04-01T12:00:00Z,0.0,-51.875,216.125,9.62,0.35
1996-04-01T12:00:00Z,0.0,-51.875,220.125,9.38,0.38
1996-04-01T12:00:00Z,0.0,-51.875,224.125,7.65,-1.14
1996-04-01T12:00:00Z,0.0,-51.875,228.125,7.87,-0.89
1996-04-01T12:00:00Z,0.0,-51.875,232.125,8.68,0.22
1996-04-01T12:00:00Z,0.0,-51.875,236.125,8.16,0.04
1996-04-01T12:00:00Z,0.0,-51.875,240.125,7.59,0.0
1996-04-01T12:00:00Z,0.0,-51.875,244.125,7.67,-0.22
1996-04-01T12:00:00Z,0.0,-51.875,248.125,8.13,-0.24
1996-04-01T12:00:00Z,0.0,-51.875,252.125,8.44,0.14
1996-04-01T12:00:00Z,0.0,-51.875,256.125,7.71,-0.52
1996-04-01T12:00:00Z,0.0,-51.875,260.125,8.22,0.05
1996-04-01T12:00:00Z,0.0,-51.875,264.125,7.77,-0.41
1996-04-01T12:00:00Z,0.0,-51.875,268.125,7.68,-0.52
1996-04-01T12:00:00Z,0.0,-51.875,272.125,7.65,-0.62
1996-04-01T12:00:00Z,0.0,-51.875,276.125,8.18,-0.27
1996-04-01T12:00:00Z,0.0,-51.875,280.125,8.52,-0.24
1996-04-01T12:00:00Z,0.0,-51.875,284.125,9.53,-0.12
1996-04-01T12:00:00Z,0.0,-51.875,288.125,NaN,NaN
1996-04-01T12:00:00Z,0.0,-51.875,292.125,9.63,-0.47
1996-04-01T12:00:00Z,0.0,-51.875,296.125,8.81,-0.27
1996-04-01T12:00:00Z,0.0,-51.875,300.125,9.31,0.35
1996-04-01T12:00:00Z,0.0,-51.875,304.125,7.43,-0.13
1996-04-01T12:00:00Z,0.0,-51.875,308.125,7.12,0.31
1996-04-01T12:00:00Z,0.0,-51.875,312.125,6.24,0.24
1996-04-01T12:00:00Z,0.0,-51.875,316.125,6.73,1.34
1996-04-01T12:00:00Z,0.0,-51.875,320.125,5.73,1.38
1996-04-01T12:00:00Z,0.0,-51.875,324.125,6.08,1.95
1996-04-01T12:00:00Z,0.0,-51.875,328.125,2.13,-1.38
1996-04-01T12:00:00Z,0.0,-51.875,332.125,5.13,0.98
1996-04-01T12:00:00Z,0.0,-51.875,336.125,3.84,-0.64
1996-04-01T12:00:00Z,0.0,-51.875,340.125,4.06,-0.15
1996-04-01T12:00:00Z,0.0,-51.875,344.125,3.83,-0.02
1996-04-01T12:00:00Z,0.0,-51.875,348.125,2.81,-0.47
1996-04-01T12:00:00Z,0.0,-51.875,352.125,2.89,0.26
1996-04-01T12:00:00Z,0.0,-51.875,356.125,2.07,-0.53
1996-04-01T12:00:00Z,0.0,-47.875,0.125,6.48,-0.04
1996-04-01T12:00:00Z,0.0,-47.875,4.125,6.49,0.19
1996-04-01T12:00:00Z,0.0,-47.875,8.125,5.93,-0.1
1996-04-01T12:00:00Z,0.0,-47.875,12.125,6.05,-0.01
1996-04-01T12:00:00Z,0.0,-47.875,16.125,6.7,0.62
1996-04-01T12:00:00Z,0.0,-47.875,20.125,5.9,0.08
1996-04-01T12:00:00Z,0.0,-47.875,24.125,6.45,0.64
1996-04-01T12:00:00Z,0.0,-47.875,28.125,7.23,0.66
1996-04-01T12:00:00Z,0.0,-47.875,32.125,7.88,0.75
1996-04-01T12:00:00Z,0.0,-47.875,36.125,7.22,0.72
1996-04-01T12:00:00Z,0.0,-47.875,40.125,6.78,0.32
1996-04-01T12:00:00Z,0.0,-47.875,44.125,8.53,1.76
1996-04-01T12:00:00Z,0.0,-47.875,48.125,6.75,0.53
1996-04-01T12:00:00Z,0.0,-47.875,52.125,6.41,0.21
1996-04-01T12:00:00Z,0.0,-47.875,56.125,6.87,-0.11
1996-04-01T12:00:00Z,0.0,-47.875,60.125,7.93,0.71
1996-04-01T12:00:00Z,0.0,-47.875,64.125,6.62,0.35
1996-04-01T12:00:00Z,0.0,-47.875,68.125,6.37,0.45
1996-04-01T12:00:00Z,0.0,-47.875,72.125,5.12,-0.85
1996-04-01T12:00:00Z,0.0,-47.875,76.125,6.2,-0.99
1996-04-01T12:00:00Z,0.0,-47.875,80.125,7.32,-0.1
1996-04-01T12:00:00Z,0.0,-47.875,84.125,6.44,-1.79
1996-04-01T12:00:00Z,0.0,-47.875,88.125,9.17,0.43
1996-04-01T12:00:00Z,0.0,-47.875,92.125,8.34,0.07
1996-04-01T12:00:00Z,0.0,-47.875,96.125,7.74,0.23
1996-04-01T12:00:00Z,0.0,-47.875,100.125,8.23,0.94
1996-04-01T12:00:00Z,0.0,-47.875,104.125,7.76,0.35
1996-04-01T12:00:00Z,0.0,-47.875,108.125,7.48,-0.26
1996-04-01T12:00:00Z,0.0,-47.875,112.125,8.52,0.14
1996-04-01T12:00:00Z,0.0,-47.875,116.125,8.45,-0.31
1996-04-01T12:00:00Z,0.0,-47.875,120.125,8.48,-0.47
1996-04-01T12:00:00Z,0.0,-47.875,124.125,10.61,0.96
1996-04-01T12:00:00Z,0.0,-47.875,128.125,10.07,-0.01
1996-04-01T12:00:00Z,0.0,-47.875,132.125,10.41,0.31
1996-04-01T12:00:00Z,0.0,-47.875,136.125,9.77,-0.26
1996-04-01T12:00:00Z,0.0,-47.875,140.125,10.75,0.2
1996-04-01T12:00:00Z,0.0,-47.875,144.125,10.05,-0.57
1996-04-01T12:00:00Z,0.0,-47.875,148.125,10.33,-0.49
1996-04-01T12:00:00Z,0.0,-47.875,152.125,11.33,0.21
1996-04-01T12:00:00Z,0.0,-47.875,156.125,10.98,-0.47
1996-04-01T12:00:00Z,0.0,-47.875,160.125,11.45,0.01
1996-04-01T12:00:00Z,0.0,-47.875,164.125,12.58,0.49
1996-04-01T12:00:00Z,0.0,-47.875,168.125,12.14,0.49
1996-04-01T12:00:00Z,0.0,-47.875,172.125,11.32,0.07
1996-04-01T12:00:00Z,0.0,-47.875,176.125,8.63,-2.53
1996-04-01T12:00:00Z,0.0,-47.875,180.125,10.87,-0.76
1996-04-01T12:00:00Z,0.0,-47.875,184.125,12.58,-0.34
1996-04-01T12:00:00Z,0.0,-47.875,188.125,13.55,0.56
1996-04-01T12:00:00Z,0.0,-47.875,192.125,12.82,0.1
1996-04-01T12:00:00Z,0.0,-47.875,196.125,12.17,-0.25
1996-04-01T12:00:00Z,0.0,-47.875,200.125,12.54,0.27
1996-04-01T12:00:00Z,0.0,-47.875,204.125,12.37,0.45
1996-04-01T12:00:00Z,0.0,-47.875,208.125,12.05,0.43
1996-04-01T12:00:00Z,0.0,-47.875,212.125,11.24,-0.1
1996-04-01T12:00:00Z,0.0,-47.875,216.125,10.96,-0.19
1996-04-01T12:00:00Z,0.0,-47.875,220.125,10.69,-0.24
1996-04-01T12:00:00Z,0.0,-47.875,224.125,10.98,0.19
1996-04-01T12:00:00Z,0.0,-47.875,228.125,10.71,0.12
1996-04-01T12:00:00Z,0.0,-47.875,232.125,9.81,-0.59
1996-04-01T12:00:00Z,0.0,-47.875,236.125,9.92,-0.31
1996-04-01T12:00:00Z,0.0,-47.875,240.125,9.39,-0.61
1996-04-01T12:00:00Z,0.0,-47.875,244.125,9.37,-0.64
1996-04-01T12:00:00Z,0.0,-47.875,248.125,10.19,-0.08
1996-04-01T12:00:00Z,0.0,-47.875,252.125,9.64,-0.64
1996-04-01T12:00:00Z,0.0,-47.875,256.125,10.01,-0.17
1996-04-01T12:00:00Z,0.0,-47.875,260.125,9.69,-0.43
1996-04-01T12:00:00Z,0.0,-47.875,264.125,9.66,-0.43
1996-04-01T12:00:00Z,0.0,-47.875,268.125,9.82,-0.28
1996-04-01T12:00:00Z,0.0,-47.875,272.125,9.8,-0.4
1996-04-01T12:00:00Z,0.0,-47.875,276.125,10.13,-0.42
1996-04-01T12:00:00Z,0.0,-47.875,280.125,10.08,-0.93
1996-04-01T12:00:00Z,0.0,-47.875,284.125,11.48,-0.54
1996-04-01T12:00:00Z,0.0,-47.875,288.125,NaN,NaN
1996-04-01T12:00:00Z,0.0,-47.875,292.125,NaN,NaN
1996-04-01T12:00:00Z,0.0,-47.875,296.125,11.27,-1.05
1996-04-01T12:00:00Z,0.0,-47.875,300.125,9.89,-0.46
1996-04-01T12:00:00Z,0.0,-47.875,304.125,11.08,0.33
1996-04-01T12:00:00Z,0.0,-47.875,308.125,13.8,1.57
1996-04-01T12:00:00Z,0.0,-47.875,312.125,12.6,0.07
1996-04-01T12:00:00Z,0.0,-47.875,316.125,14.04,2.42
1996-04-01T12:00:00Z,0.0,-47.875,320.125,11.81,1.22
1996-04-01T12:00:00Z,0.0,-47.875,324.125,11.0,1.22
1996-04-01T12:00:00Z,0.0,-47.875,328.125,9.28,0.67
1996-04-01T12:00:00Z,0.0,-47.875,332.125,8.59,0.63
1996-04-01T12:00:00Z,0.0,-47.875,336.125,7.04,-0.5
1996-04-01T12:00:00Z,0.0,-47.875,340.125,7.58,-0.09
1996-04-01T12:00:00Z,0.0,-47.875,344.125,7.9,0.83
1996-04-01T12:00:00Z,0.0,-47.875,348.125,6.41,0.62
1996-04-01T12:00:00Z,0.0,-47.875,352.125,4.32,-0.82
1996-04-01T12:00:00Z,0.0,-47.875,356.125,6.81,0.65
1996-04-01T12:00:00Z,0.0,-43.875,0.125,10.91,0.68
1996-04-01T12:00:00Z,0.0,-43.875,4.125,9.34,-0.64
1996-04-01T12:00:00Z,0.0,-43.875,8.125,10.29,0.87
1996-04-01T12:00:00Z,0.0,-43.875,12.125,11.71,1.47
1996-04-01T12:00:00Z,0.0,-43.875,16.125,13.4,2.36
1996-04-01T12:00:00Z,0.0,-43.875,20.125,12.67,1.16
1996-04-01T12:00:00Z,0.0,-43.875,24.125,13.61,1.75
1996-04-01T12:00:00Z,0.0,-43.875,28.125,13.23,1.35
1996-04-01T12:00:00Z,0.0,-43.875,32.125,12.52,0.99
1996-04-01T12:00:00Z,0.0,-43.875,36.125,10.39,-0.25
1996-04-01T12:00:00Z,0.0,-43.875,40.125,9.99,-0.59
1996-04-01T12:00:00Z,0.0,-43.875,44.125,8.76,-1.1
1996-04-01T12:00:00Z,0.0,-43.875,48.125,9.12,0.0
1996-04-01T12:00:00Z,0.0,-43.875,52.125,9.42,-0.43
1996-04-01T12:00:00Z,0.0,-43.875,56.125,11.85,-0.62
1996-04-01T12:00:00Z,0.0,-43.875,60.125,16.58,1.82
1996-04-01T12:00:00Z,0.0,-43.875,64.125,14.49,0.41
1996-04-01T12:00:00Z,0.0,-43.875,68.125,14.35,1.36
1996-04-01T12:00:00Z,0.0,-43.875,72.125,13.05,0.01
1996-04-01T12:00:00Z,0.0,-43.875,76.125,12.12,-0.53
1996-04-01T12:00:00Z,0.0,-43.875,80.125,10.69,-1.16
1996-04-01T12:00:00Z,0.0,-43.875,84.125,11.35,-0.62
1996-04-01T12:00:00Z,0.0,-43.875,88.125,11.04,-0.34
1996-04-01T12:00:00Z,0.0,-43.875,92.125,10.7,-0.36
1996-04-01T12:00:00Z,0.0,-43.875,96.125,10.13,-1.09
1996-04-01T12:00:00Z,0.0,-43.875,100.125,12.33,0.58
1996-04-01T12:00:00Z,0.0,-43.875,104.125,11.36,-0.29
1996-04-01T12:00:00Z,0.0,-43.875,108.125,11.66,-0.06
1996-04-01T12:00:00Z,0.0,-43.875,112.125,10.84,-0.9
1996-04-01T12:00:00Z,0.0,-43.875,116.125,11.02,-0.84
1996-04-01T12:00:00Z,0.0,-43.875,120.125,10.13,-1.91
1996-04-01T12:00:00Z,0.0,-43.875,124.125,11.78,-0.53
1996-04-01T12:00:00Z,0.0,-43.875,128.125,11.72,-0.72
1996-04-01T12:00:00Z,0.0,-43.875,132.125,12.56,0.03
1996-04-01T12:00:00Z,0.0,-43.875,136.125,12.01,-0.86
1996-04-01T12:00:00Z,0.0,-43.875,140.125,11.7,-1.56
1996-04-01T12:00:00Z,0.0,-43.875,144.125,13.73,-0.32
1996-04-01T12:00:00Z,0.0,-43.875,148.125,13.59,-1.5
1996-04-01T12:00:00Z,0.0,-43.875,152.125,13.78,-1.05
1996-04-01T12:00:00Z,0.0,-43.875,156.125,14.1,-0.42
1996-04-01T12:00:00Z,0.0,-43.875,160.125,14.09,-0.48
1996-04-01T12:00:00Z,0.0,-43.875,164.125,14.85,0.04
1996-04-01T12:00:00Z,0.0,-43.875,168.125,16.03,0.36
1996-04-01T12:00:00Z,0.0,-43.875,172.125,14.55,0.93
1996-04-01T12:00:00Z,0.0,-43.875,176.125,13.28,-1.29
1996-04-01T12:00:00Z,0.0,-43.875,180.125,13.98,-1.18
1996-04-01T12:00:00Z,0.0,-43.875,184.125,14.65,-0.97
1996-04-01T12:00:00Z,0.0,-43.875,188.125,15.41,0.09
1996-04-01T12:00:00Z,0.0,-43.875,192.125,15.82,0.92
1996-04-01T12:00:00Z,0.0,-43.875,196.125,14.88,0.36
1996-04-01T12:00:00Z,0.0,-43.875,200.125,14.4,0.12
1996-04-01T12:00:00Z,0.0,-43.875,204.125,14.8,0.68
1996-04-01T12:00:00Z,0.0,-43.875,208.125,14.2,0.26
1996-04-01T12:00:00Z,0.0,-43.875,212.125,14.21,0.46
1996-04-01T12:00:00Z,0.0,-43.875,216.125,13.49,-0.09
1996-04-01T12:00:00Z,0.0,-43.875,220.125,13.45,0.02
1996-04-01T12:00:00Z,0.0,-43.875,224.125,13.24,-0.15
1996-04-01T12:00:00Z,0.0,-43.875,228.125,12.82,-0.47
1996-04-01T12:00:00Z,0.0,-43.875,232.125,11.22,-1.98
1996-04-01T12:00:00Z,0.0,-43.875,236.125,13.12,0.01
1996-04-01T12:00:00Z,0.0,-43.875,240.125,13.15,0.06
1996-04-01T12:00:00Z,0.0,-43.875,244.125,12.28,-0.76
1996-04-01T12:00:00Z,0.0,-43.875,248.125,12.99,-0.1
1996-04-01T12:00:00Z,0.0,-43.875,252.125,11.46,-1.59
1996-04-01T12:00:00Z,0.0,-43.875,256.125,13.24,0.3
1996-04-01T12:00:00Z,0.0,-43.875,260.125,12.42,-0.46
1996-04-01T12:00:00Z,0.0,-43.875,264.125,12.24,-0.57
1996-04-01T12:00:00Z,0.0,-43.875,268.125,12.55,-0.3
1996-04-01T12:00:00Z,0.0,-43.875,272.125,12.93,0.0
1996-04-01T12:00:00Z,0.0,-43.875,276.125,12.43,-0.76
1996-04-01T12:00:00Z,0.0,-43.875,280.125,12.7,-0.84
1996-04-01T12:00:00Z,0.0,-43.875,284.125,13.77,-0.15
1996-04-01T12:00:00Z,0.0,-43.875,288.125,NaN,NaN
1996-04-01T12:00:00Z,0.0,-43.875,292.125,NaN,NaN
1996-04-01T12:00:00Z,0.0,-43.875,296.125,15.62,-0.3
1996-04-01T12:00:00Z,0.0,-43.875,300.125,12.41,-0.75
1996-04-01T12:00:00Z,0.0,-43.875,304.125,15.3,0.55
1996-04-01T12:00:00Z,0.0,-43.875,308.125,15.64,-0.66
1996-04-01T12:00:00Z,0.0,-43.875,312.125,14.23,-0.65
1996-04-01T12:00:00Z,0.0,-43.875,316.125,14.34,0.61
1996-04-01T12:00:00Z,0.0,-43.875,320.125,12.83,-0.41
1996-04-01T12:00:00Z,0.0,-43.875,324.125,12.34,-0.54
1996-04-01T12:00:00Z,0.0,-43.875,328.125,13.54,0.79
1996-04-01T12:00:00Z,0.0,-43.875,332.125,13.08,0.45
1996-04-01T12:00:00Z,0.0,-43.875,336.125,12.38,-0.33
1996-04-01T12:00:00Z,0.0,-43.875,340.125,12.5,0.31
1996-04-01T12:00:00Z,0.0,-43.875,344.125,10.97,-0.01
1996-04-01T12:00:00Z,0.0,-43.875,348.125,12.22,1.22
1996-04-01T12:00:00Z,0.0,-43.875,352.125,11.3,0.51
1996-04-01T12:00:00Z,0.0,-43.875,356.125,10.28,-0.05
1996-04-01T12:00:00Z,0.0,-39.875,0.125,13.2,-1.08
1996-04-01T12:00:00Z,0.0,-39.875,4.125,15.22,1.06
1996-04-01T12:00:00Z,0.0,-39.875,8.125,13.87,-0.51
1996-04-01T12:00:00Z,0.0,-39.875,12.125,15.73,-0.31
1996-04-01T12:00:00Z,0.0,-39.875,16.125,18.77,0.37
1996-04-01T12:00:00Z,0.0,-39.875,20.125,21.59,2.23
1996-04-01T12:00:00Z,0.0,-39.875,24.125,17.17,-1.56
1996-04-01T12:00:00Z,0.0,-39.875,28.125,18.52,0.29
1996-04-01T12:00:00Z,0.0,-39.875,32.125,18.73,0.13
1996-04-01T12:00:00Z,0.0,-39.875,36.125,20.24,1.57
1996-04-01T12:00:00Z,0.0,-39.875,40.125,19.22,0.7
1996-04-01T12:00:00Z,0.0,-39.875,44.125,18.61,0.08
1996-04-01T12:00:00Z,0.0,-39.875,48.125,18.41,0.28
1996-04-01T12:00:00Z,0.0,-39.875,52.125,18.86,0.9
1996-04-01T12:00:00Z,0.0,-39.875,56.125,17.81,-0.19
1996-04-01T12:00:00Z,0.0,-39.875,60.125,17.16,-0.57
1996-04-01T12:00:00Z,0.0,-39.875,64.125,16.62,-0.35
1996-04-01T12:00:00Z,0.0,-39.875,68.125,15.36,-1.15
1996-04-01T12:00:00Z,0.0,-39.875,72.125,14.99,-1.2
1996-04-01T12:00:00Z,0.0,-39.875,76.125,15.75,-0.13
1996-04-01T12:00:00Z,0.0,-39.875,80.125,15.98,0.45
1996-04-01T12:00:00Z,0.0,-39.875,84.125,14.53,-0.68
1996-04-01T12:00:00Z,0.0,-39.875,88.125,13.65,-1.3
1996-04-01T12:00:00Z,0.0,-39.875,92.125,14.6,-0.14
1996-04-01T12:00:00Z,0.0,-39.875,96.125,14.7,0.19
1996-04-01T12:00:00Z,0.0,-39.875,100.125,15.84,1.31
1996-04-01T12:00:00Z,0.0,-39.875,104.125,14.64,0.06
1996-04-01T12:00:00Z,0.0,-39.875,108.125,15.01,0.12
1996-04-01T12:00:00Z,0.0,-39.875,112.125,14.94,-0.21
1996-04-01T12:00:00Z,0.0,-39.875,116.125,15.68,0.29
1996-04-01T12:00:00Z,0.0,-39.875,120.125,15.97,0.57
1996-04-01T12:00:00Z,0.0,-39.875,124.125,14.34,-1.19
1996-04-01T12:00:00Z,0.0,-39.875,128.125,15.19,-0.36
1996-04-01T12:00:00Z,0.0,-39.875,132.125,14.31,-1.28
1996-04-01T12:00:00Z,0.0,-39.875,136.125,15.03,-0.81
1996-04-01T12:00:00Z,0.0,-39.875,140.125,14.24,-1.85
1996-04-01T12:00:00Z,0.0,-39.875,144.125,14.69,-2.21
1996-04-01T12:00:00Z,0.0,-39.875,148.125,16.24,-2.08
1996-04-01T12:00:00Z,0.0,-39.875,152.125,17.08,-1.84
1996-04-01T12:00:00Z,0.0,-39.875,156.125,17.95,-0.32
1996-04-01T12:00:00Z,0.0,-39.875,160.125,17.01,-0.77
1996-04-01T12:00:00Z,0.0,-39.875,164.125,17.3,-0.25
1996-04-01T12:00:00Z,0.0,-39.875,168.125,16.15,-1.47
1996-04-01T12:00:00Z,0.0,-39.875,172.125,17.93,-0.05
1996-04-01T12:00:00Z,0.0,-39.875,176.125,NaN,NaN
1996-04-01T12:00:00Z,0.0,-39.875,180.125,17.9,-0.72
1996-04-01T12:00:00Z,0.0,-39.875,184.125,17.43,-0.61
1996-04-01T12:00:00Z,0.0,-39.875,188.125,17.72,0.12
1996-04-01T12:00:00Z,0.0,-39.875,192.125,17.7,0.38
1996-04-01T12:00:00Z,0.0,-39.875,196.125,18.1,0.99
1996-04-01T12:00:00Z,0.0,-39.875,200.125,17.97,1.05
1996-04-01T12:00:00Z,0.0,-39.875,204.125,16.93,0.16
1996-04-01T12:00:00Z,0.0,-39.875,208.125,16.78,0.24
1996-04-01T12:00:00Z,0.0,-39.875,212.125,16.51,0.03
1996-04-01T12:00:00Z,0.0,-39.875,216.125,15.87,-0.52
1996-04-01T12:00:00Z,0.0,-39.875,220.125,15.32,-1.02
1996-04-01T12:00:00Z,0.0,-39.875,224.125,15.81,-0.61
1996-04-01T12:00:00Z,0.0,-39.875,228.125,16.24,-0.09
1996-04-01T12:00:00Z,0.0,-39.875,232.125,16.53,0.31
1996-04-01T12:00:00Z,0.0,-39.875,236.125,17.33,1.15
1996-04-01T12:00:00Z,0.0,-39.875,240.125,17.17,0.94
1996-04-01T12:00:00Z,0.0,-39.875,244.125,16.95,0.69
1996-04-01T12:00:00Z,0.0,-39.875,248.125,17.2,0.8
1996-04-01T12:00:00Z,0.0,-39.875,252.125,17.6,1.25
1996-04-01T12:00:00Z,0.0,-39.875,256.125,16.94,0.78
1996-04-01T12:00:00Z,0.0,-39.875,260.125,16.44,0.35
1996-04-01T12:00:00Z,0.0,-39.875,264.125,16.54,0.4
1996-04-01T12:00:00Z,0.0,-39.875,268.125,15.83,-0.38
1996-04-01T12:00:00Z,0.0,-39.875,272.125,16.48,0.27
1996-04-01T12:00:00Z,0.0,-39.875,276.125,16.07,-0.15
1996-04-01T12:00:00Z,0.0,-39.875,280.125,16.28,-0.01
1996-04-01T12:00:00Z,0.0,-39.875,284.125,16.07,0.1
1996-04-01T12:00:00Z,0.0,-39.875,288.125,NaN,NaN
1996-04-01T12:00:00Z,0.0,-39.875,292.125,NaN,NaN
1996-04-01T12:00:00Z,0.0,-39.875,296.125,NaN,NaN
1996-04-01T12:00:00Z,0.0,-39.875,300.125,18.37,0.58
1996-04-01T12:00:00Z,0.0,-39.875,304.125,13.54,-1.49
1996-04-01T12:00:00Z,0.0,-39.875,308.125,21.18,1.64
1996-04-01T12:00:00Z,0.0,-39.875,312.125,17.94,-0.6
1996-04-01T12:00:00Z,0.0,-39.875,316.125,19.32,1.23
1996-04-01T12:00:00Z,0.0,-39.875,320.125,18.62,0.67
1996-04-01T12:00:00Z,0.0,-39.875,324.125,17.8,0.19
1996-04-01T12:00:00Z,0.0,-39.875,328.125,17.97,0.58
1996-04-01T12:00:00Z,0.0,-39.875,332.125,17.02,0.02
1996-04-01T12:00:00Z,0.0,-39.875,336.125,16.55,0.17
1996-04-01T12:00:00Z,0.0,-39.875,340.125,16.17,0.39
1996-04-01T12:00:00Z,0.0,-39.875,344.125,15.29,-0.26
1996-04-01T12:00:00Z,0.0,-39.875,348.125,14.37,-0.76
1996-04-01T12:00:00Z,0.0,-39.875,352.125,13.6,-0.92
1996-04-01T12:00:00Z,0.0,-39.875,356.125,13.71,-0.52
1996-04-01T12:00:00Z,0.0,-35.875,0.125,18.91,0.13
1996-04-01T12:00:00Z,0.0,-35.875,4.125,19.14,0.48
1996-04-01T12:00:00Z,0.0,-35.875,8.125,17.67,-1.02
1996-04-01T12:00:00Z,0.0,-35.875,12.125,18.98,-0.07
1996-04-01T12:00:00Z,0.0,-35.875,16.125,19.55,-0.17
1996-04-01T12:00:00Z,0.0,-35.875,20.125,19.5,-0.3
1996-04-01T12:00:00Z,0.0,-35.875,24.125,22.53,0.78
1996-04-01T12:00:00Z,0.0,-35.875,28.125,22.78,0.56
1996-04-01T12:00:00Z,0.0,-35.875,32.125,21.69,0.03
1996-04-01T12:00:00Z,0.0,-35.875,36.125,20.93,-0.61
1996-04-01T12:00:00Z,0.0,-35.875,40.125,20.47,-0.73
1996-04-01T12:00:00Z,0.0,-35.875,44.125,19.95,-1.04
1996-04-01T12:00:00Z,0.0,-35.875,48.125,20.7,0.04
1996-04-01T12:00:00Z,0.0,-35.875,52.125,19.91,-0.19
1996-04-01T12:00:00Z,0.0,-35.875,56.125,20.13,0.33
1996-04-01T12:00:00Z,0.0,-35.875,60.125,19.46,-0.2
1996-04-01T12:00:00Z,0.0,-35.875,64.125,18.51,-0.93
1996-04-01T12:00:00Z,0.0,-35.875,68.125,18.69,-0.75
1996-04-01T12:00:00Z,0.0,-35.875,72.125,18.93,-0.29
1996-04-01T12:00:00Z,0.0,-35.875,76.125,19.29,0.29
1996-04-01T12:00:00Z,0.0,-35.875,80.125,18.06,-0.62
1996-04-01T12:00:00Z,0.0,-35.875,84.125,18.23,-0.24
1996-04-01T12:00:00Z,0.0,-35.875,88.125,19.46,1.26
1996-04-01T12:00:00Z,0.0,-35.875,92.125,18.52,0.58
1996-04-01T12:00:00Z,0.0,-35.875,96.125,18.13,0.41
1996-04-01T12:00:00Z,0.0,-35.875,100.125,17.73,-0.04
1996-04-01T12:00:00Z,0.0,-35.875,104.125,17.9,0.18
1996-04-01T12:00:00Z,0.0,-35.875,108.125,17.29,-0.73
1996-04-01T12:00:00Z,0.0,-35.875,112.125,17.4,-1.54
1996-04-01T12:00:00Z,0.0,-35.875,116.125,19.41,0.0
1996-04-01T12:00:00Z,0.0,-35.875,120.125,18.35,-0.59
1996-04-01T12:00:00Z,0.0,-35.875,124.125,18.01,-0.61
1996-04-01T12:00:00Z,0.0,-35.875,128.125,17.39,-0.92
1996-04-01T12:00:00Z,0.0,-35.875,132.125,16.93,-1.36
1996-04-01T12:00:00Z,0.0,-35.875,136.125,16.94,-1.37
1996-04-01T12:00:00Z,0.0,-35.875,140.125,NaN,NaN
1996-04-01T12:00:00Z,0.0,-35.875,144.125,NaN,NaN
1996-04-01T12:00:00Z,0.0,-35.875,148.125,NaN,NaN
1996-04-01T12:00:00Z,0.0,-35.875,152.125,22.96,0.8
1996-04-01T12:00:00Z,0.0,-35.875,156.125,23.19,1.31
1996-04-01T12:00:00Z,0.0,-35.875,160.125,21.31,0.28
1996-04-01T12:00:00Z,0.0,-35.875,164.125,20.05,-0.18
1996-04-01T12:00:00Z,0.0,-35.875,168.125,19.48,-0.3
1996-04-01T12:00:00Z,0.0,-35.875,172.125,19.73,-0.01
1996-04-01T12:00:00Z,0.0,-35.875,176.125,19.86,-0.55
1996-04-01T12:00:00Z,0.0,-35.875,180.125,18.92,-1.13
1996-04-01T12:00:00Z,0.0,-35.875,184.125,19.7,-0.14
1996-04-01T12:00:00Z,0.0,-35.875,188.125,19.99,0.3
1996-04-01T12:00:00Z,0.0,-35.875,192.125,20.5,0.99
1996-04-01T12:00:00Z,0.0,-35.875,196.125,20.43,1.05
1996-04-01T12:00:00Z,0.0,-35.875,200.125,19.42,0.25
1996-04-01T12:00:00Z,0.0,-35.875,204.125,19.68,0.63
1996-04-01T12:00:00Z,0.0,-35.875,208.125,19.06,0.04
1996-04-01T12:00:00Z,0.0,-35.875,212.125,19.47,0.38
1996-04-01T12:00:00Z,0.0,-35.875,216.125,19.28,0.21
1996-04-01T12:00:00Z,0.0,-35.875,220.125,19.06,-0.09
1996-04-01T12:00:00Z,0.0,-35.875,224.125,19.12,-0.05
1996-04-01T12:00:00Z,0.0,-35.875,228.125,17.83,-1.37
1996-04-01T12:00:00Z,0.0,-35.875,232.125,20.44,1.13
1996-04-01T12:00:00Z,0.0,-35.875,236.125,20.59,1.17
1996-04-01T12:00:00Z,0.0,-35.875,240.125,20.73,1.18
1996-04-01T12:00:00Z,0.0,-35.875,244.125,20.78,1.19
1996-04-01T12:00:00Z,0.0,-35.875,248.125,21.68,1.96
1996-04-01T12:00:00Z,0.0,-35.875,252.125,20.76,1.13
1996-04-01T12:00:00Z,0.0,-35.875,256.125,20.51,0.89
1996-04-01T12:00:00Z,0.0,-35.875,260.125,20.25,0.69
1996-04-01T12:00:00Z,0.0,-35.875,264.125,19.43,-0.17
1996-04-01T12:00:00Z,0.0,-35.875,268.125,19.44,-0.06
1996-04-01T12:00:00Z,0.0,-35.875,272.125,19.52,0.27
1996-04-01T12:00:00Z,0.0,-35.875,276.125,19.75,0.82
1996-04-01T12:00:00Z,0.0,-35.875,280.125,19.22,0.76
1996-04-01T12:00:00Z,0.0,-35.875,284.125,17.19,0.14
1996-04-01T12:00:00Z,0.0,-35.875,288.125,NaN,NaN
1996-04-01T12:00:00Z,0.0,-35.875,292.125,NaN,NaN
1996-04-01T12:00:00Z,0.0,-35.875,296.125,NaN,NaN
1996-04-01T12:00:00Z,0.0,-35.875,300.125,NaN,NaN
1996-04-01T12:00:00Z,0.0,-35.875,304.125,21.41,1.65
1996-04-01T12:00:00Z,0.0,-35.875,308.125,23.3,1.83
1996-04-01T12:00:00Z,0.0,-35.875,312.125,21.72,0.75
1996-04-01T12:00:00Z,0.0,-35.875,316.125,21.51,0.89
1996-04-01T12:00:00Z,0.0,-35.875,320.125,21.36,1.03
1996-04-01T12:00:00Z,0.0,-35.875,324.125,21.05,0.93
1996-04-01T12:00:00Z,0.0,-35.875,328.125,20.03,0.29
1996-04-01T12:00:00Z,0.0,-35.875,332.125,18.97,-0.56
1996-04-01T12:00:00Z,0.0,-35.875,336.125,18.82,-0.57
1996-04-01T12:00:00Z,0.0,-35.875,340.125,19.51,0.06
1996-04-01T12:00:00Z,0.0,-35.875,344.125,18.18,-1.26
1996-04-01T12:00:00Z,0.0,-35.875,348.125,18.92,-0.4
1996-04-01T12:00:00Z,0.0,-35.875,352.125,19.02,-0.01
1996-04-01T12:00:00Z,0.0,-35.875,356.125,18.66,-0.12
1996-04-01T12:00:00Z,0.0,-31.875,0.125,20.99,-0.19
1996-04-01T12:00:00Z,0.0,-31.875,4.125,20.23,-0.56
1996-04-01T12:00:00Z,0.0,-31.875,8.125,19.8,-0.46
1996-04-01T12:00:00Z,0.0,-31.875,12.125,19.82,-0.07
1996-04-01T12:00:00Z,0.0,-31.875,16.125,18.05,-0.14
1996-04-01T12:00:00Z,0.0,-31.875,20.125,NaN,NaN
1996-04-01T12:00:00Z,0.0,-31.875,24.125,NaN,NaN
1996-04-01T12:00:00Z,0.0,-31.875,28.125,NaN,NaN
1996-04-01T12:00:00Z,0.0,-31.875,32.125,24.31,-0.18
1996-04-01T12:00:00Z,0.0,-31.875,36.125,23.03,-1.08
1996-04-01T12:00:00Z,0.0,-31.875,40.125,23.18,-0.62
1996-04-01T12:00:00Z,0.0,-31.875,44.125,23.44,0.21
1996-04-01T12:00:00Z,0.0,-31.875,48.125,23.6,0.58
1996-04-01T12:00:00Z,0.0,-31.875,52.125,21.54,-1.16
1996-04-01T12:00:00Z,0.0,-31.875,56.125,22.65,0.28
1996-04-01T12:00:00Z,0.0,-31.875,60.125,22.15,-0.19
1996-04-01T12:00:00Z,0.0,-31.875,64.125,22.01,-0.17
1996-04-01T12:00:00Z,0.0,-31.875,68.125,22.87,0.8
1996-04-01T12:00:00Z,0.0,-31.875,72.125,21.28,-0.48
1996-04-01T12:00:00Z,0.0,-31.875,76.125,21.07,-0.46
1996-04-01T12:00:00Z,0.0,-31.875,80.125,19.74,-1.58
1996-04-01T12:00:00Z,0.0,-31.875,84.125,20.94,-0.15
1996-04-01T12:00:00Z,0.0,-31.875,88.125,21.28,0.52
1996-04-01T12:00:00Z,0.0,-31.875,92.125,20.95,0.44
1996-04-01T12:00:00Z,0.0,-31.875,96.125,20.77,0.58
1996-04-01T12:00:00Z,0.0,-31.875,100.125,19.55,-0.44
1996-04-01T12:00:00Z,0.0,-31.875,104.125,20.27,0.31
1996-04-01T12:00:00Z,0.0,-31.875,108.125,20.14,-0.15
1996-04-01T12:00:00Z,0.0,-31.875,112.125,21.96,0.44
1996-04-01T12:00:00Z,0.0,-31.875,116.125,NaN,NaN
1996-04-01T12:00:00Z,0.0,-31.875,120.125,NaN,NaN
1996-04-01T12:00:00Z,0.0,-31.875,124.125,NaN,NaN
1996-04-01T12:00:00Z,0.0,-31.875,128.125,NaN,NaN
1996-04-01T12:00:00Z,0.0,-31.875,132.125,19.01,-1.47
1996-04-01T12:00:00Z,0.0,-31.875,136.125,NaN,NaN
1996-04-01T12:00:00Z,0.0,-31.875,140.125,NaN,NaN
1996-04-01T12:00:00Z,0.0,-31.875,144.125,NaN,NaN
1996-04-01T12:00:00Z,0.0,-31.875,148.125,NaN,NaN
1996-04-01T12:00:00Z,0.0,-31.875,152.125,NaN,NaN
1996-04-01T12:00:00Z,0.0,-31.875,156.125,24.05,0.18
1996-04-01T12:00:00Z,0.0,-31.875,160.125,22.47,-0.61
1996-04-01T12:00:00Z,0.0,-31.875,164.125,22.79,0.31
1996-04-01T12:00:00Z,0.0,-31.875,168.125,20.43,-1.34
1996-04-01T12:00:00Z,0.0,-31.875,172.125,21.82,0.12
1996-04-01T12:00:00Z,0.0,-31.875,176.125,22.24,0.3
1996-04-01T12:00:00Z,0.0,-31.875,180.125,21.61,-0.29
1996-04-01T12:00:00Z,0.0,-31.875,184.125,22.68,0.74
1996-04-01T12:00:00Z,0.0,-31.875,188.125,22.22,0.33
1996-04-01T12:00:00Z,0.0,-31.875,192.125,22.46,0.79
1996-04-01T12:00:00Z,0.0,-31.875,196.125,22.73,1.14
1996-04-01T12:00:00Z,0.0,-31.875,200.125,22.78,1.21
1996-04-01T12:00:00Z,0.0,-31.875,204.125,21.71,0.14
1996-04-01T12:00:00Z,0.0,-31.875,208.125,22.44,0.75
1996-04-01T12:00:00Z,0.0,-31.875,212.125,21.6,-0.14
1996-04-01T12:00:00Z,0.0,-31.875,216.125,21.14,-0.7
1996-04-01T12:00:00Z,0.0,-31.875,220.125,21.83,-0.14
1996-04-01T12:00:00Z,0.0,-31.875,224.125,22.88,0.82
1996-04-01T12:00:00Z,0.0,-31.875,228.125,21.51,-0.68
1996-04-01T12:00:00Z,0.0,-31.875,232.125,22.88,0.57
1996-04-01T12:00:00Z,0.0,-31.875,236.125,23.58,1.2
1996-04-01T12:00:00Z,0.0,-31.875,240.125,23.44,1.02
1996-04-01T12:00:00Z,0.0,-31.875,244.125,23.67,1.21
1996-04-01T12:00:00Z,0.0,-31.875,248.125,24.08,1.55
1996-04-01T12:00:00Z,0.0,-31.875,252.125,23.55,1.12
1996-04-01T12:00:00Z,0.0,-31.875,256.125,22.98,0.6
1996-04-01T12:00:00Z,0.0,-31.875,260.125,22.52,0.32
1996-04-01T12:00:00Z,0.0,-31.875,264.125,22.3,0.35
1996-04-01T12:00:00Z,0.0,-31.875,268.125,22.26,0.65
1996-04-01T12:00:00Z,0.0,-31.875,272.125,21.59,0.42
1996-04-01T12:00:00Z,0.0,-31.875,276.125,20.93,0.38
1996-04-01T12:00:00Z,0.0,-31.875,280.125,20.34,0.71
1996-04-01T12:00:00Z,0.0,-31.875,284.125,18.85,0.45
1996-04-01T12:00:00Z,0.0,-31.875,288.125,16.85,-0.22
1996-04-01T12:00:00Z,0.0,-31.875,292.125,NaN,NaN
1996-04-01T12:00:00Z,0.0,-31.875,296.125,NaN,NaN
1996-04-01T12:00:00Z,0.0,-31.875,300.125,NaN,NaN
1996-04-01T12:00:00Z,0.0,-31.875,304.125,NaN,NaN
1996-04-01T12:00:00Z,0.0,-31.875,308.125,22.37,-0.46
1996-04-01T12:00:00Z,0.0,-31.875,312.125,23.54,0.03
1996-04-01T12:00:00Z,0.0,-31.875,316.125,22.77,-0.06
1996-04-01T12:00:00Z,0.0,-31.875,320.125,24.08,1.44
1996-04-01T12:00:00Z,0.0,-31.875,324.125,22.86,0.24
1996-04-01T12:00:00Z,0.0,-31.875,328.125,23.42,0.81
1996-04-01T12:00:00Z,0.0,-31.875,332.125,22.32,-0.42
1996-04-01T12:00:00Z,0.0,-31.875,336.125,22.35,-0.36
1996-04-01T12:00:00Z,0.0,-31.875,340.125,22.97,0.38
1996-04-01T12:00:00Z,0.0,-31.875,344.125,22.06,-0.42
1996-04-01T12:00:00Z,0.0,-31.875,348.125,21.99,-0.23
1996-04-01T12:00:00Z,0.0,-31.875,352.125,21.47,-0.49
1996-04-01T12:00:00Z,0.0,-31.875,356.125,21.14,-0.43
1996-04-01T12:00:00Z,0.0,-27.875,0.125,21.83,-0.57
1996-04-01T12:00:00Z,0.0,-27.875,4.125,21.29,-0.42
1996-04-01T12:00:00Z,0.0,-27.875,8.125,21.06,0.08
1996-04-01T12:00:00Z,0.0,-27.875,12.125,20.51,0.47
1996-04-01T12:00:00Z,0.0,-27.875,16.125,NaN,NaN
1996-04-01T12:00:00Z,0.0,-27.875,20.125,NaN,NaN
1996-04-01T12:00:00Z,0.0,-27.875,24.125,NaN,NaN
1996-04-01T12:00:00Z,0.0,-27.875,28.125,NaN,NaN
1996-04-01T12:00:00Z,0.0,-27.875,32.125,NaN,NaN
1996-04-01T12:00:00Z,0.0,-27.875,36.125,26.1,0.17
1996-04-01T12:00:00Z,0.0,-27.875,40.125,26.28,0.56
1996-04-01T12:00:00Z,0.0,-27.875,44.125,25.32,-0.22
1996-04-01T12:00:00Z,0.0,-27.875,48.125,25.71,0.48
1996-04-01T12:00:00Z,0.0,-27.875,52.125,25.22,0.23
1996-04-01T12:00:00Z,0.0,-27.875,56.125,24.12,-0.72
1996-04-01T12:00:00Z,0.0,-27.875,60.125,24.77,0.22
1996-04-01T12:00:00Z,0.0,-27.875,64.125,23.61,-0.87
1996-04-01T12:00:00Z,0.0,-27.875,68.125,24.57,0.32
1996-04-01T12:00:00Z,0.0,-27.875,72.125,23.84,-0.08
1996-04-01T12:00:00Z,0.0,-27.875,76.125,23.38,-0.26
1996-04-01T12:00:00Z,0.0,-27.875,80.125,22.99,-0.51
1996-04-01T12:00:00Z,0.0,-27.875,84.125,23.29,0.09
1996-04-01T12:00:00Z,0.0,-27.875,88.125,22.51,-0.36
1996-04-01T12:00:00Z,0.0,-27.875,92.125,22.91,0.32
1996-04-01T12:00:00Z,0.0,-27.875,96.125,22.83,0.48
1996-04-01T12:00:00Z,0.0,-27.875,100.125,21.65,-0.46
1996-04-01T12:00:00Z,0.0,-27.875,104.125,21.88,-0.25
1996-04-01T12:00:00Z,0.0,-27.875,108.125,22.45,-0.08
1996-04-01T12:00:00Z,0.0,-27.875,112.125,24.7,0.65
1996-04-01T12:00:00Z,0.0,-27.875,116.125,NaN,NaN
1996-04-01T12:00:00Z,0.0,-27.875,120.125,NaN,NaN
1996-04-01T12:00:00Z,0.0,-27.875,124.125,NaN,NaN
1996-04-01T12:00:00Z,0.0,-27.875,128.125,NaN,NaN
1996-04-01T12:00:00Z,0.0,-27.875,132.125,NaN,NaN
1996-04-01T12:00:00Z,0.0,-27.875,136.125,NaN,NaN
1996-04-01T12:00:00Z,0.0,-27.875,140.125,NaN,NaN
1996-04-01T12:00:00Z,0.0,-27.875,144.125,NaN,NaN
1996-04-01T12:00:00Z,0.0,-27.875,148.125,NaN,NaN
1996-04-01T12:00:00Z,0.0,-27.875,152.125,NaN,NaN
1996-04-01T12:00:00Z,0.0,-27.875,156.125,24.42,-0.38
1996-04-01T12:00:00Z,0.0,-27.875,160.125,25.62,1.35
1996-04-01T12:00:00Z,0.0,-27.875,164.125,24.67,0.78
1996-04-01T12:00:00Z,0.0,-27.875,168.125,23.17,-0.48
1996-04-01T12:00:00Z,0.0,-27.875,172.125,24.7,0.89
1996-04-01T12:00:00Z,0.0,-27.875,176.125,24.15,0.21
1996-04-01T12:00:00Z,0.0,-27.875,180.125,25.16,1.11
1996-04-01T12:00:00Z,0.0,-27.875,184.125,24.3,0.36
1996-04-01T12:00:00Z,0.0,-27.875,188.125,24.19,0.28
1996-04-01T12:00:00Z,0.0,-27.875,192.125,24.45,0.54
1996-04-01T12:00:00Z,0.0,-27.875,196.125,25.3,1.39
1996-04-01T12:00:00Z,0.0,-27.875,200.125,24.83,0.86
1996-04-01T12:00:00Z,0.0,-27.875,204.125,24.92,0.86
1996-04-01T12:00:00Z,0.0,-27.875,208.125,24.38,0.22
1996-04-01T12:00:00Z,0.0,-27.875,212.125,25.15,0.94
1996-04-01T12:00:00Z,0.0,-27.875,216.125,24.38,0.11
1996-04-01T12:00:00Z,0.0,-27.875,220.125,24.56,0.06
1996-04-01T12:00:00Z,0.0,-27.875,224.125,23.76,-0.92
1996-04-01T12:00:00Z,0.0,-27.875,228.125,24.72,-0.02
1996-04-01T12:00:00Z,0.0,-27.875,232.125,24.96,0.14
1996-04-01T12:00:00Z,0.0,-27.875,236.125,25.09,0.33
1996-04-01T12:00:00Z,0.0,-27.875,240.125,24.99,0.24
1996-04-01T12:00:00Z,0.0,-27.875,244.125,25.08,0.44
1996-04-01T12:00:00Z,0.0,-27.875,248.125,25.21,0.72
1996-04-01T12:00:00Z,0.0,-27.875,252.125,24.98,0.65
1996-04-01T12:00:00Z,0.0,-27.875,256.125,24.15,0.18
1996-04-01T12:00:00Z,0.0,-27.875,260.125,23.67,0.07
1996-04-01T12:00:00Z,0.0,-27.875,264.125,23.22,0.05
1996-04-01T12:00:00Z,0.0,-27.875,268.125,22.8,0.16
1996-04-01T12:00:00Z,0.0,-27.875,272.125,21.97,-0.04
1996-04-01T12:00:00Z,0.0,-27.875,276.125,21.28,0.13
1996-04-01T12:00:00Z,0.0,-27.875,280.125,21.17,1.0
1996-04-01T12:00:00Z,0.0,-27.875,284.125,19.22,-0.03
1996-04-01T12:00:00Z,0.0,-27.875,288.125,18.43,0.1
1996-04-01T12:00:00Z,0.0,-27.875,292.125,NaN,NaN
1996-04-01T12:00:00Z,0.0,-27.875,296.125,NaN,NaN
1996-04-01T12:00:00Z,0.0,-27.875,300.125,NaN,NaN
1996-04-01T12:00:00Z,0.0,-27.875,304.125,NaN,NaN
1996-04-01T12:00:00Z,0.0,-27.875,308.125,NaN,NaN
1996-04-01T12:00:00Z,0.0,-27.875,312.125,23.77,-1.18
1996-04-01T12:00:00Z,0.0,-27.875,316.125,24.25,-0.96
1996-04-01T12:00:00Z,0.0,-27.875,320.125,24.62,-0.42
1996-04-01T12:00:00Z,0.0,-27.875,324.125,25.36,0.52
1996-04-01T12:00:00Z,0.0,-27.875,328.125,25.06,0.06
1996-04-01T12:00:00Z,0.0,-27.875,332.125,26.01,1.02
1996-04-01T12:00:00Z,0.0,-27.875,336.125,24.31,-0.56
1996-04-01T12:00:00Z,0.0,-27.875,340.125,24.95,0.22
1996-04-01T12:00:00Z,0.0,-27.875,344.125,23.81,-0.63
1996-04-01T12:00:00Z,0.0,-27.875,348.125,23.16,-0.89
1996-04-01T12:00:00Z,0.0,-27.875,352.125,23.36,-0.25
1996-04-01T12:00:00Z,0.0,-27.875,356.125,22.41,-0.62
1996-04-01T12:00:00Z,0.0,-23.875,0.125,22.64,-0.2
1996-04-01T12:00:00Z,0.0,-23.875,4.125,22.58,0.37
1996-04-01T12:00:00Z,0.0,-23.875,8.125,22.16,0.64
1996-04-01T12:00:00Z,0.0,-23.875,12.125,19.99,0.94
1996-04-01T12:00:00Z,0.0,-23.875,16.125,NaN,NaN
1996-04-01T12:00:00Z,0.0,-23.875,20.125,NaN,NaN
1996-04-01T12:00:00Z,0.0,-23.875,24.125,NaN,NaN
1996-04-01T12:00:00Z,0.0,-23.875,28.125,NaN,NaN
1996-04-01T12:00:00Z,0.0,-23.875,32.125,NaN,NaN
1996-04-01T12:00:00Z,0.0,-23.875,36.125,27.85,0.58
1996-04-01T12:00:00Z,0.0,-23.875,40.125,27.24,0.08
1996-04-01T12:00:00Z,0.0,-23.875,44.125,NaN,NaN
1996-04-01T12:00:00Z,0.0,-23.875,48.125,27.43,0.37
1996-04-01T12:00:00Z,0.0,-23.875,52.125,26.53,-0.11
1996-04-01T12:00:00Z,0.0,-23.875,56.125,26.34,-0.19
1996-04-01T12:00:00Z,0.0,-23.875,60.125,26.0,-0.28
1996-04-01T12:00:00Z,0.0,-23.875,64.125,25.47,-0.6
1996-04-01T12:00:00Z,0.0,-23.875,68.125,26.14,0.31
1996-04-01T12:00:00Z,0.0,-23.875,72.125,24.83,-0.67
1996-04-01T12:00:00Z,0.0,-23.875,76.125,25.39,0.08
1996-04-01T12:00:00Z,0.0,-23.875,80.125,24.92,-0.24
1996-04-01T12:00:00Z,0.0,-23.875,84.125,26.12,1.2
1996-04-01T12:00:00Z,0.0,-23.875,88.125,24.98,0.3
1996-04-01T12:00:00Z,0.0,-23.875,92.125,25.16,0.82
1996-04-01T12:00:00Z,0.0,-23.875,96.125,24.0,0.04
1996-04-01T12:00:00Z,0.0,-23.875,100.125,23.49,-0.26
1996-04-01T12:00:00Z,0.0,-23.875,104.125,23.5,-0.44
1996-04-01T12:00:00Z,0.0,-23.875,108.125,25.22,0.57
1996-04-01T12:00:00Z,0.0,-23.875,112.125,27.07,0.76
1996-04-01T12:00:00Z,0.0,-23.875,116.125,NaN,NaN
1996-04-01T12:00:00Z,0.0,-23.875,120.125,NaN,NaN
1996-04-01T12:00:00Z,0.0,-23.875,124.125,NaN,NaN
1996-04-01T12:00:00Z,0.0,-23.875,128.125,NaN,NaN
1996-04-01T12:00:00Z,0.0,-23.875,132.125,NaN,NaN
1996-04-01T12:00:00Z,0.0,-23.875,136.125,NaN,NaN
1996-04-01T12:00:00Z,0.0,-23.875,140.125,NaN,NaN
1996-04-01T12:00:00Z,0.0,-23.875,144.125,NaN,NaN
1996-04-01T12:00:00Z,0.0,-23.875,148.125,NaN,NaN
1996-04-01T12:00:00Z,0.0,-23.875,152.125,26.35,-0.08
1996-04-01T12:00:00Z,0.0,-23.875,156.125,26.91,0.98
1996-04-01T12:00:00Z,0.0,-23.875,160.125,26.28,0.81
1996-04-01T12:00:00Z,0.0,-23.875,164.125,25.5,-0.03
1996-04-01T12:00:00Z,0.0,-23.875,168.125,24.75,-0.99
1996-04-01T12:00:00Z,0.0,-23.875,172.125,25.95,0.2
1996-04-01T12:00:00Z,0.0,-23.875,176.125,25.9,0.03
1996-04-01T12:00:00Z,0.0,-23.875,180.125,25.98,0.11
1996-04-01T12:00:00Z,0.0,-23.875,184.125,26.47,0.54
1996-04-01T12:00:00Z,0.0,-23.875,188.125,26.65,0.74
1996-04-01T12:00:00Z,0.0,-23.875,192.125,26.98,1.08
1996-04-01T12:00:00Z,0.0,-23.875,196.125,26.27,0.33
1996-04-01T12:00:00Z,0.0,-23.875,200.125,27.15,1.1
1996-04-01T12:00:00Z,0.0,-23.875,204.125,26.83,0.7
1996-04-01T12:00:00Z,0.0,-23.875,208.125,26.52,0.36
1996-04-01T12:00:00Z,0.0,-23.875,212.125,26.92,0.6
1996-04-01T12:00:00Z,0.0,-23.875,216.125,27.12,0.64
1996-04-01T12:00:00Z,0.0,-23.875,220.125,26.51,0.03
1996-04-01T12:00:00Z,0.0,-23.875,224.125,26.37,-0.14
1996-04-01T12:00:00Z,0.0,-23.875,228.125,26.26,-0.25
1996-04-01T12:00:00Z,0.0,-23.875,232.125,26.2,-0.26
1996-04-01T12:00:00Z,0.0,-23.875,236.125,25.89,-0.44
1996-04-01T12:00:00Z,0.0,-23.875,240.125,25.56,-0.52
1996-04-01T12:00:00Z,0.0,-23.875,244.125,25.73,-0.04
1996-04-01T12:00:00Z,0.0,-23.875,248.125,25.01,-0.45
1996-04-01T12:00:00Z,0.0,-23.875,252.125,24.52,-0.55
1996-04-01T12:00:00Z,0.0,-23.875,256.125,24.51,-0.09
1996-04-01T12:00:00Z,0.0,-23.875,260.125,23.9,-0.18
1996-04-01T12:00:00Z,0.0,-23.875,264.125,23.31,-0.21
1996-04-01T12:00:00Z,0.0,-23.875,268.125,22.44,-0.44
1996-04-01T12:00:00Z,0.0,-23.875,272.125,22.08,-0.02
1996-04-01T12:00:00Z,0.0,-23.875,276.125,21.57,0.23
1996-04-01T12:00:00Z,0.0,-23.875,280.125,21.01,0.31
1996-04-01T12:00:00Z,0.0,-23.875,284.125,20.45,0.01
1996-04-01T12:00:00Z,0.0,-23.875,288.125,20.42,-0.01
1996-04-01T12:00:00Z,0.0,-23.875,292.125,NaN,NaN
1996-04-01T12:00:00Z,0.0,-23.875,296.125,NaN,NaN
1996-04-01T12:00:00Z,0.0,-23.875,300.125,NaN,NaN
1996-04-01T12:00:00Z,0.0,-23.875,304.125,NaN,NaN
1996-04-01T12:00:00Z,0.0,-23.875,308.125,NaN,NaN
1996-04-01T12:00:00Z,0.0,-23.875,312.125,NaN,NaN
1996-04-01T12:00:00Z,0.0,-23.875,316.125,26.89,1.21
1996-04-01T12:00:00Z,0.0,-23.875,320.125,27.66,1.02
1996-04-01T12:00:00Z,0.0,-23.875,324.125,28.04,1.25
1996-04-01T12:00:00Z,0.0,-23.875,328.125,28.43,1.65
1996-04-01T12:00:00Z,0.0,-23.875,332.125,27.33,0.66
1996-04-01T12:00:00Z,0.0,-23.875,336.125,26.55,0.12
1996-04-01T12:00:00Z,0.0,-23.875,340.125,26.34,0.32
1996-04-01T12:00:00Z,0.0,-23.875,344.125,25.33,-0.13
1996-04-01T12:00:00Z,0.0,-23.875,348.125,24.76,-0.16
1996-04-01T12:00:00Z,0.0,-23.875,352.125,24.04,-0.27
1996-04-01T12:00:00Z,0.0,-23.875,356.125,22.78,-0.77
1996-04-01T12:00:00Z,0.0,-19.875,0.125,23.49,0.09
1996-04-01T12:00:00Z,0.0,-19.875,4.125,23.11,0.2
1996-04-01T12:00:00Z,0.0,-19.875,8.125,23.0,1.06
1996-04-01T12:00:00Z,0.0,-19.875,12.125,21.79,2.4
1996-04-01T12:00:00Z,0.0,-19.875,16.125,NaN,NaN
1996-04-01T12:00:00Z,0.0,-19.875,20.125,NaN,NaN
1996-04-01T12:00:00Z,0.0,-19.875,24.125,NaN,NaN
1996-04-01T12:00:00Z,0.0,-19.875,28.125,NaN,NaN
1996-04-01T12:00:00Z,0.0,-19.875,32.125,NaN,NaN
1996-04-01T12:00:00Z,0.0,-19.875,36.125,27.98,0.04
1996-04-01T12:00:00Z,0.0,-19.875,40.125,27.97,-0.45
1996-04-01T12:00:00Z,0.0,-19.875,44.125,30.44,1.67
1996-04-01T12:00:00Z,0.0,-19.875,48.125,NaN,NaN
1996-04-01T12:00:00Z,0.0,-19.875,52.125,28.14,0.46
1996-04-01T12:00:00Z,0.0,-19.875,56.125,27.03,-0.41
1996-04-01T12:00:00Z,0.0,-19.875,60.125,27.37,0.12
1996-04-01T12:00:00Z,0.0,-19.875,64.125,27.18,0.08
1996-04-01T12:00:00Z,0.0,-19.875,68.125,27.59,0.65
1996-04-01T12:00:00Z,0.0,-19.875,72.125,27.19,0.35
1996-04-01T12:00:00Z,0.0,-19.875,76.125,27.47,0.71
1996-04-01T12:00:00Z,0.0,-19.875,80.125,27.35,0.72
1996-04-01T12:00:00Z,0.0,-19.875,84.125,27.43,0.93
1996-04-01T12:00:00Z,0.0,-19.875,88.125,26.49,0.28
1996-04-01T12:00:00Z,0.0,-19.875,92.125,26.37,0.49
1996-04-01T12:00:00Z,0.0,-19.875,96.125,25.0,-0.54
1996-04-01T12:00:00Z,0.0,-19.875,100.125,26.02,0.5
1996-04-01T12:00:00Z,0.0,-19.875,104.125,25.98,0.01
1996-04-01T12:00:00Z,0.0,-19.875,108.125,27.52,0.8
1996-04-01T12:00:00Z,0.0,-19.875,112.125,28.91,0.97
1996-04-01T12:00:00Z,0.0,-19.875,116.125,29.44,0.47
1996-04-01T12:00:00Z,0.0,-19.875,120.125,30.86,1.55
1996-04-01T12:00:00Z,0.0,-19.875,124.125,NaN,NaN
1996-04-01T12:00:00Z,0.0,-19.875,128.125,NaN,NaN
1996-04-01T12:00:00Z,0.0,-19.875,132.125,NaN,NaN
1996-04-01T12:00:00Z,0.0,-19.875,136.125,NaN,NaN
1996-04-01T12:00:00Z,0.0,-19.875,140.125,NaN,NaN
1996-04-01T12:00:00Z,0.0,-19.875,144.125,NaN,NaN
1996-04-01T12:00:00Z,0.0,-19.875,148.125,27.56,0.26
1996-04-01T12:00:00Z,0.0,-19.875,152.125,27.59,0.43
1996-04-01T12:00:00Z,0.0,-19.875,156.125,27.16,0.05
1996-04-01T12:00:00Z,0.0,-19.875,160.125,27.83,0.72
1996-04-01T12:00:00Z,0.0,-19.875,164.125,27.38,0.01
1996-04-01T12:00:00Z,0.0,-19.875,168.125,27.95,0.53
1996-04-01T12:00:00Z,0.0,-19.875,172.125,27.6,0.09
1996-04-01T12:00:00Z,0.0,-19.875,176.125,28.29,0.61
1996-04-01T12:00:00Z,0.0,-19.875,180.125,28.5,0.78
1996-04-01T12:00:00Z,0.0,-19.875,184.125,28.57,0.94
1996-04-01T12:00:00Z,0.0,-19.875,188.125,28.06,0.4
1996-04-01T12:00:00Z,0.0,-19.875,192.125,27.55,-0.12
1996-04-01T12:00:00Z,0.0,-19.875,196.125,27.47,-0.24
1996-04-01T12:00:00Z,0.0,-19.875,200.125,27.71,-0.06
1996-04-01T12:00:00Z,0.0,-19.875,204.125,27.89,0.05
1996-04-01T12:00:00Z,0.0,-19.875,208.125,27.64,-0.29
1996-04-01T12:00:00Z,0.0,-19.875,212.125,27.52,-0.45
1996-04-01T12:00:00Z,0.0,-19.875,216.125,27.15,-0.8
1996-04-01T12:00:00Z,0.0,-19.875,220.125,27.17,-0.69
1996-04-01T12:00:00Z,0.0,-19.875,224.125,26.88,-0.81
1996-04-01T12:00:00Z,0.0,-19.875,228.125,26.98,-0.5
1996-04-01T12:00:00Z,0.0,-19.875,232.125,26.8,-0.46
1996-04-01T12:00:00Z,0.0,-19.875,236.125,26.29,-0.68
1996-04-01T12:00:00Z,0.0,-19.875,240.125,26.04,-0.55
1996-04-01T12:00:00Z,0.0,-19.875,244.125,25.82,-0.36
1996-04-01T12:00:00Z,0.0,-19.875,248.125,25.29,-0.45
1996-04-01T12:00:00Z,0.0,-19.875,252.125,24.33,-0.87
1996-04-01T12:00:00Z,0.0,-19.875,256.125,24.08,-0.6
1996-04-01T12:00:00Z,0.0,-19.875,260.125,23.52,-0.57
1996-04-01T12:00:00Z,0.0,-19.875,264.125,23.21,-0.3
1996-04-01T12:00:00Z,0.0,-19.875,268.125,22.72,-0.19
1996-04-01T12:00:00Z,0.0,-19.875,272.125,22.17,-0.21
1996-04-01T12:00:00Z,0.0,-19.875,276.125,21.92,-0.03
1996-04-01T12:00:00Z,0.0,-19.875,280.125,21.89,0.06
1996-04-01T12:00:00Z,0.0,-19.875,284.125,22.63,0.16
1996-04-01T12:00:00Z,0.0,-19.875,288.125,22.83,0.33
1996-04-01T12:00:00Z,0.0,-19.875,292.125,NaN,NaN
1996-04-01T12:00:00Z,0.0,-19.875,296.125,NaN,NaN
1996-04-01T12:00:00Z,0.0,-19.875,300.125,NaN,NaN
1996-04-01T12:00:00Z,0.0,-19.875,304.125,NaN,NaN
1996-04-01T12:00:00Z,0.0,-19.875,308.125,NaN,NaN
1996-04-01T12:00:00Z,0.0,-19.875,312.125,NaN,NaN
1996-04-01T12:00:00Z,0.0,-19.875,316.125,NaN,NaN
1996-04-01T12:00:00Z,0.0,-19.875,320.125,27.56,0.51
1996-04-01T12:00:00Z,0.0,-19.875,324.125,28.76,1.0
1996-04-01T12:00:00Z,0.0,-19.875,328.125,28.19,0.59
1996-04-01T12:00:00Z,0.0,-19.875,332.125,27.66,0.42
1996-04-01T12:00:00Z,0.0,-19.875,336.125,27.0,0.25
1996-04-01T12:00:00Z,0.0,-19.875,340.125,26.34,0.17
1996-04-01T12:00:00Z,0.0,-19.875,344.125,25.54,-0.03
1996-04-01T12:00:00Z,0.0,-19.875,348.125,24.78,-0.17
1996-04-01T12:00:00Z,0.0,-19.875,352.125,24.01,-0.38
1996-04-01T12:00:00Z,0.0,-19.875,356.125,23.84,0.01
1996-04-01T12:00:00Z,0.0,-15.875,0.125,24.84,0.62
1996-04-01T12:00:00Z,0.0,-15.875,4.125,24.16,0.28
1996-04-01T12:00:00Z,0.0,-15.875,8.125,25.35,1.9
1996-04-01T12:00:00Z,0.0,-15.875,12.125,NaN,NaN
1996-04-01T12:00:00Z,0.0,-15.875,16.125,NaN,NaN
1996-04-01T12:00:00Z,0.0,-15.875,20.125,NaN,NaN
1996-04-01T12:00:00Z,0.0,-15.875,24.125,NaN,NaN
1996-04-01T12:00:00Z,0.0,-15.875,28.125,NaN,NaN
1996-04-01T12:00:00Z,0.0,-15.875,32.125,NaN,NaN
1996-04-01T12:00:00Z,0.0,-15.875,36.125,NaN,NaN
1996-04-01T12:00:00Z,0.0,-15.875,40.125,NaN,NaN
1996-04-01T12:00:00Z,0.0,-15.875,44.125,29.01,-0.13
1996-04-01T12:00:00Z,0.0,-15.875,48.125,NaN,NaN
1996-04-01T12:00:00Z,0.0,-15.875,52.125,28.57,0.32
1996-04-01T12:00:00Z,0.0,-15.875,56.125,28.78,0.55
1996-04-01T12:00:00Z,0.0,-15.875,60.125,27.91,-0.18
1996-04-01T12:00:00Z,0.0,-15.875,64.125,28.53,0.5
1996-04-01T12:00:00Z,0.0,-15.875,68.125,27.91,-0.03
1996-04-01T12:00:00Z,0.0,-15.875,72.125,28.23,0.31
1996-04-01T12:00:00Z,0.0,-15.875,76.125,28.32,0.36
1996-04-01T12:00:00Z,0.0,-15.875,80.125,27.65,-0.16
1996-04-01T12:00:00Z,0.0,-15.875,84.125,28.0,0.46
1996-04-01T12:00:00Z,0.0,-15.875,88.125,26.26,-1.07
1996-04-01T12:00:00Z,0.0,-15.875,92.125,26.06,-1.16
1996-04-01T12:00:00Z,0.0,-15.875,96.125,26.37,-0.89
1996-04-01T12:00:00Z,0.0,-15.875,100.125,27.44,0.05
1996-04-01T12:00:00Z,0.0,-15.875,104.125,28.24,0.53
1996-04-01T12:00:00Z,0.0,-15.875,108.125,28.05,-0.09
1996-04-01T12:00:00Z,0.0,-15.875,112.125,29.06,0.36
1996-04-01T12:00:00Z,0.0,-15.875,116.125,29.67,0.4
1996-04-01T12:00:00Z,0.0,-15.875,120.125,29.95,0.42
1996-04-01T12:00:00Z,0.0,-15.875,124.125,30.85,1.27
1996-04-01T12:00:00Z,0.0,-15.875,128.125,NaN,NaN
1996-04-01T12:00:00Z,0.0,-15.875,132.125,NaN,NaN
1996-04-01T12:00:00Z,0.0,-15.875,136.125,NaN,NaN
1996-04-01T12:00:00Z,0.0,-15.875,140.125,30.75,1.31
1996-04-01T12:00:00Z,0.0,-15.875,144.125,NaN,NaN
1996-04-01T12:00:00Z,0.0,-15.875,148.125,28.19,0.31
1996-04-01T12:00:00Z,0.0,-15.875,152.125,28.6,0.57
1996-04-01T12:00:00Z,0.0,-15.875,156.125,29.13,0.78
1996-04-01T12:00:00Z,0.0,-15.875,160.125,29.57,1.11
1996-04-01T12:00:00Z,0.0,-15.875,164.125,27.89,-0.72
1996-04-01T12:00:00Z,0.0,-15.875,168.125,28.64,-0.09
1996-04-01T12:00:00Z,0.0,-15.875,172.125,28.81,-0.02
1996-04-01T12:00:00Z,0.0,-15.875,176.125,29.21,0.28
1996-04-01T12:00:00Z,0.0,-15.875,180.125,29.08,0.24
1996-04-01T12:00:00Z,0.0,-15.875,184.125,28.95,0.16
1996-04-01T12:00:00Z,0.0,-15.875,188.125,28.72,-0.12
1996-04-01T12:00:00Z,0.0,-15.875,192.125,28.58,-0.22
1996-04-01T12:00:00Z,0.0,-15.875,196.125,28.37,-0.49
1996-04-01T12:00:00Z,0.0,-15.875,200.125,28.34,-0.53
1996-04-01T12:00:00Z,0.0,-15.875,204.125,29.12,0.28
1996-04-01T12:00:00Z,0.0,-15.875,208.125,29.17,0.38
1996-04-01T12:00:00Z,0.0,-15.875,212.125,29.02,0.31
1996-04-01T12:00:00Z,0.0,-15.875,216.125,28.26,-0.32
1996-04-01T12:00:00Z,0.0,-15.875,220.125,27.57,-0.85
1996-04-01T12:00:00Z,0.0,-15.875,224.125,27.78,-0.39
1996-04-01T12:00:00Z,0.0,-15.875,228.125,27.33,-0.55
1996-04-01T12:00:00Z,0.0,-15.875,232.125,26.96,-0.61
1996-04-01T12:00:00Z,0.0,-15.875,236.125,26.68,-0.5
1996-04-01T12:00:00Z,0.0,-15.875,240.125,26.47,-0.28
1996-04-01T12:00:00Z,0.0,-15.875,244.125,25.94,-0.35
1996-04-01T12:00:00Z,0.0,-15.875,248.125,25.13,-0.66
1996-04-01T12:00:00Z,0.0,-15.875,252.125,24.93,-0.34
1996-04-01T12:00:00Z,0.0,-15.875,256.125,24.38,-0.42
1996-04-01T12:00:00Z,0.0,-15.875,260.125,23.93,-0.42
1996-04-01T12:00:00Z,0.0,-15.875,264.125,23.88,-0.11
1996-04-01T12:00:00Z,0.0,-15.875,268.125,23.62,-0.13
1996-04-01T12:00:00Z,0.0,-15.875,272.125,23.85,0.17
1996-04-01T12:00:00Z,0.0,-15.875,276.125,23.41,-0.29
1996-04-01T12:00:00Z,0.0,-15.875,280.125,24.17,0.61
1996-04-01T12:00:00Z,0.0,-15.875,284.125,21.93,0.27
1996-04-01T12:00:00Z,0.0,-15.875,288.125,NaN,NaN
1996-04-01T12:00:00Z,0.0,-15.875,292.125,NaN,NaN
1996-04-01T12:00:00Z,0.0,-15.875,296.125,NaN,NaN
1996-04-01T12:00:00Z,0.0,-15.875,300.125,NaN,NaN
1996-04-01T12:00:00Z,0.0,-15.875,304.125,NaN,NaN
1996-04-01T12:00:00Z,0.0,-15.875,308.125,NaN,NaN
1996-04-01T12:00:00Z,0.0,-15.875,312.125,NaN,NaN
1996-04-01T12:00:00Z,0.0,-15.875,316.125,NaN,NaN
1996-04-01T12:00:00Z,0.0,-15.875,320.125,NaN,NaN
1996-04-01T12:00:00Z,0.0,-15.875,324.125,28.44,0.34
1996-04-01T12:00:00Z,0.0,-15.875,328.125,27.67,-0.06
1996-04-01T12:00:00Z,0.0,-15.875,332.125,27.07,-0.12
1996-04-01T12:00:00Z,0.0,-15.875,336.125,26.35,-0.3
1996-04-01T12:00:00Z,0.0,-15.875,340.125,25.83,-0.29
1996-04-01T12:00:00Z,0.0,-15.875,344.125,25.2,-0.45
1996-04-01T12:00:00Z,0.0,-15.875,348.125,24.71,-0.58
1996-04-01T12:00:00Z,0.0,-15.875,352.125,25.34,0.41
1996-04-01T12:00:00Z,0.0,-15.875,356.125,24.66,0.09
1996-04-01T12:00:00Z,0.0,-11.875,0.125,26.69,0.9
1996-04-01T12:00:00Z,0.0,-11.875,4.125,27.29,1.34
1996-04-01T12:00:00Z,0.0,-11.875,8.125,26.14,-0.14
1996-04-01T12:00:00Z,0.0,-11.875,12.125,27.85,0.27
1996-04-01T12:00:00Z,0.0,-11.875,16.125,NaN,NaN
1996-04-01T12:00:00Z,0.0,-11.875,20.125,NaN,NaN
1996-04-01T12:00:00Z,0.0,-11.875,24.125,NaN,NaN
1996-04-01T12:00:00Z,0.0,-11.875,28.125,NaN,NaN
1996-04-01T12:00:00Z,0.0,-11.875,32.125,NaN,NaN
1996-04-01T12:00:00Z,0.0,-11.875,36.125,NaN,NaN
1996-04-01T12:00:00Z,0.0,-11.875,40.125,NaN,NaN
1996-04-01T12:00:00Z,0.0,-11.875,44.125,29.57,0.57
1996-04-01T12:00:00Z,0.0,-11.875,48.125,29.18,0.5
1996-04-01T12:00:00Z,0.0,-11.875,52.125,29.23,0.74
1996-04-01T12:00:00Z,0.0,-11.875,56.125,29.01,0.35
1996-04-01T12:00:00Z,0.0,-11.875,60.125,28.64,0.08
1996-04-01T12:00:00Z,0.0,-11.875,64.125,28.76,0.1
1996-04-01T12:00:00Z,0.0,-11.875,68.125,28.95,0.4
1996-04-01T12:00:00Z,0.0,-11.875,72.125,28.71,0.16
1996-04-01T12:00:00Z,0.0,-11.875,76.125,28.62,0.04
1996-04-01T12:00:00Z,0.0,-11.875,80.125,28.21,-0.22
1996-04-01T12:00:00Z,0.0,-11.875,84.125,28.18,-0.12
1996-04-01T12:00:00Z,0.0,-11.875,88.125,27.42,-0.83
1996-04-01T12:00:00Z,0.0,-11.875,92.125,28.67,0.36
1996-04-01T12:00:00Z,0.0,-11.875,96.125,28.06,-0.39
1996-04-01T12:00:00Z,0.0,-11.875,100.125,28.35,-0.25
1996-04-01T12:00:00Z,0.0,-11.875,104.125,28.62,-0.13
1996-04-01T12:00:00Z,0.0,-11.875,108.125,28.52,-0.36
1996-04-01T12:00:00Z,0.0,-11.875,112.125,28.62,-0.37
1996-04-01T12:00:00Z,0.0,-11.875,116.125,28.98,-0.19
1996-04-01T12:00:00Z,0.0,-11.875,120.125,29.54,0.21
1996-04-01T12:00:00Z,0.0,-11.875,124.125,29.85,0.56
1996-04-01T12:00:00Z,0.0,-11.875,128.125,30.03,0.62
1996-04-01T12:00:00Z,0.0,-11.875,132.125,30.93,1.46
1996-04-01T12:00:00Z,0.0,-11.875,136.125,29.54,0.41
1996-04-01T12:00:00Z,0.0,-11.875,140.125,29.06,0.13
1996-04-01T12:00:00Z,0.0,-11.875,144.125,27.62,-0.64
1996-04-01T12:00:00Z,0.0,-11.875,148.125,28.9,0.35
1996-04-01T12:00:00Z,0.0,-11.875,152.125,28.72,0.01
1996-04-01T12:00:00Z,0.0,-11.875,156.125,29.69,0.61
1996-04-01T12:00:00Z,0.0,-11.875,160.125,29.16,-0.07
1996-04-01T12:00:00Z,0.0,-11.875,164.125,28.86,-0.4
1996-04-01T12:00:00Z,0.0,-11.875,168.125,28.56,-0.72
1996-04-01T12:00:00Z,0.0,-11.875,172.125,28.29,-1.03
1996-04-01T12:00:00Z,0.0,-11.875,176.125,28.49,-0.82
1996-04-01T12:00:00Z,0.0,-11.875,180.125,29.08,-0.27
1996-04-01T12:00:00Z,0.0,-11.875,184.125,29.48,0.13
1996-04-01T12:00:00Z,0.0,-11.875,188.125,29.0,-0.31
1996-04-01T12:00:00Z,0.0,-11.875,192.125,28.6,-0.72
1996-04-01T12:00:00Z,0.0,-11.875,196.125,28.68,-0.59
1996-04-01T12:00:00Z,0.0,-11.875,200.125,29.12,-0.09
1996-04-01T12:00:00Z,0.0,-11.875,204.125,28.99,-0.16
1996-04-01T12:00:00Z,0.0,-11.875,208.125,28.77,-0.29
1996-04-01T12:00:00Z,0.0,-11.875,212.125,27.94,-1.0
1996-04-01T12:00:00Z,0.0,-11.875,216.125,28.66,-0.13
1996-04-01T12:00:00Z,0.0,-11.875,220.125,28.63,0.05
1996-04-01T12:00:00Z,0.0,-11.875,224.125,28.15,-0.13
1996-04-01T12:00:00Z,0.0,-11.875,228.125,27.69,-0.3
1996-04-01T12:00:00Z,0.0,-11.875,232.125,27.29,-0.39
1996-04-01T12:00:00Z,0.0,-11.875,236.125,26.83,-0.51
1996-04-01T12:00:00Z,0.0,-11.875,240.125,26.78,-0.23
1996-04-01T12:00:00Z,0.0,-11.875,244.125,26.63,-0.06
1996-04-01T12:00:00Z,0.0,-11.875,248.125,26.49,0.13
1996-04-01T12:00:00Z,0.0,-11.875,252.125,26.11,0.03
1996-04-01T12:00:00Z,0.0,-11.875,256.125,26.01,0.15
1996-04-01T12:00:00Z,0.0,-11.875,260.125,25.93,0.26
1996-04-01T12:00:00Z,0.0,-11.875,264.125,25.08,-0.47
1996-04-01T12:00:00Z,0.0,-11.875,268.125,25.79,0.14
1996-04-01T12:00:00Z,0.0,-11.875,272.125,26.44,0.67
1996-04-01T12:00:00Z,0.0,-11.875,276.125,26.11,0.45
1996-04-01T12:00:00Z,0.0,-11.875,280.125,24.12,0.09
1996-04-01T12:00:00Z,0.0,-11.875,284.125,NaN,NaN
1996-04-01T12:00:00Z,0.0,-11.875,288.125,NaN,NaN
1996-04-01T12:00:00Z,0.0,-11.875,292.125,NaN,NaN
1996-04-01T12:00:00Z,0.0,-11.875,296.125,NaN,NaN
1996-04-01T12:00:00Z,0.0,-11.875,300.125,NaN,NaN
1996-04-01T12:00:00Z,0.0,-11.875,304.125,NaN,NaN
1996-04-01T12:00:00Z,0.0,-11.875,308.125,NaN,NaN
1996-04-01T12:00:00Z,0.0,-11.875,312.125,NaN,NaN
1996-04-01T12:00:00Z,0.0,-11.875,316.125,NaN,NaN
1996-04-01T12:00:00Z,0.0,-11.875,320.125,NaN,NaN
1996-04-01T12:00:00Z,0.0,-11.875,324.125,27.79,-0.4
1996-04-01T12:00:00Z,0.0,-11.875,328.125,27.6,-0.34
1996-04-01T12:00:00Z,0.0,-11.875,332.125,27.24,-0.32
1996-04-01T12:00:00Z,0.0,-11.875,336.125,26.75,-0.48
1996-04-01T12:00:00Z,0.0,-11.875,340.125,26.42,-0.52
1996-04-01T12:00:00Z,0.0,-11.875,344.125,26.3,-0.33
1996-04-01T12:00:00Z,0.0,-11.875,348.125,26.53,0.12
1996-04-01T12:00:00Z,0.0,-11.875,352.125,26.98,0.81
1996-04-01T12:00:00Z,0.0,-11.875,356.125,26.5,0.57
1996-04-01T12:00:00Z,0.0,-7.875,0.125,28.71,1.09
1996-04-01T12:00:00Z,0.0,-7.875,4.125,29.55,1.62
1996-04-01T12:00:00Z,0.0,-7.875,8.125,29.23,0.79
1996-04-01T12:00:00Z,0.0,-7.875,12.125,28.77,0.32
1996-04-01T12:00:00Z,0.0,-7.875,16.125,NaN,NaN
1996-04-01T12:00:00Z,0.0,-7.875,20.125,NaN,NaN
1996-04-01T12:00:00Z,0.0,-7.875,24.125,NaN,NaN
1996-04-01T12:00:00Z,0.0,-7.875,28.125,NaN,NaN
1996-04-01T12:00:00Z,0.0,-7.875,32.125,NaN,NaN
1996-04-01T12:00:00Z,0.0,-7.875,36.125,NaN,NaN
1996-04-01T12:00:00Z,0.0,-7.875,40.125,29.01,-0.23
1996-04-01T12:00:00Z,0.0,-7.875,44.125,30.14,0.9
1996-04-01T12:00:00Z,0.0,-7.875,48.125,29.53,0.34
1996-04-01T12:00:00Z,0.0,-7.875,52.125,29.03,-0.12
1996-04-01T12:00:00Z,0.0,-7.875,56.125,28.58,-0.4
1996-04-01T12:00:00Z,0.0,-7.875,60.125,27.44,-1.47
1996-04-01T12:00:00Z,0.0,-7.875,64.125,27.65,-1.35
1996-04-01T12:00:00Z,0.0,-7.875,68.125,27.94,-1.0
1996-04-01T12:00:00Z,0.0,-7.875,72.125,28.53,-0.38
1996-04-01T12:00:00Z,0.0,-7.875,76.125,28.71,-0.13
1996-04-01T12:00:00Z,0.0,-7.875,80.125,28.77,-0.02
1996-04-01T12:00:00Z,0.0,-7.875,84.125,28.21,-0.51
1996-04-01T12:00:00Z,0.0,-7.875,88.125,28.69,-0.09
1996-04-01T12:00:00Z,0.0,-7.875,92.125,29.53,0.62
1996-04-01T12:00:00Z,0.0,-7.875,96.125,28.48,-0.54
1996-04-01T12:00:00Z,0.0,-7.875,100.125,28.67,-0.38
1996-04-01T12:00:00Z,0.0,-7.875,104.125,28.9,-0.15
1996-04-01T12:00:00Z,0.0,-7.875,108.125,28.42,-0.66
1996-04-01T12:00:00Z,0.0,-7.875,112.125,NaN,NaN
1996-04-01T12:00:00Z,0.0,-7.875,116.125,29.24,0.19
1996-04-01T12:00:00Z,0.0,-7.875,120.125,30.25,1.21
1996-04-01T12:00:00Z,0.0,-7.875,124.125,30.28,1.25
1996-04-01T12:00:00Z,0.0,-7.875,128.125,30.17,1.21
1996-04-01T12:00:00Z,0.0,-7.875,132.125,29.65,0.67
1996-04-01T12:00:00Z,0.0,-7.875,136.125,28.46,-0.58
1996-04-01T12:00:00Z,0.0,-7.875,140.125,NaN,NaN
1996-04-01T12:00:00Z,0.0,-7.875,144.125,29.5,0.71
1996-04-01T12:00:00Z,0.0,-7.875,148.125,30.51,1.29
1996-04-01T12:00:00Z,0.0,-7.875,152.125,29.71,0.32
1996-04-01T12:00:00Z,0.0,-7.875,156.125,29.89,0.34
1996-04-01T12:00:00Z,0.0,-7.875,160.125,29.15,-0.33
1996-04-01T12:00:00Z,0.0,-7.875,164.125,29.58,0.13
1996-04-01T12:00:00Z,0.0,-7.875,168.125,29.4,-0.07
1996-04-01T12:00:00Z,0.0,-7.875,172.125,29.69,0.23
1996-04-01T12:00:00Z,0.0,-7.875,176.125,30.07,0.66
1996-04-01T12:00:00Z,0.0,-7.875,180.125,29.45,0.02
1996-04-01T12:00:00Z,0.0,-7.875,184.125,29.43,0.05
1996-04-01T12:00:00Z,0.0,-7.875,188.125,29.1,-0.25
1996-04-01T12:00:00Z,0.0,-7.875,192.125,29.23,-0.03
1996-04-01T12:00:00Z,0.0,-7.875,196.125,28.66,-0.5
1996-04-01T12:00:00Z,0.0,-7.875,200.125,29.02,-0.07
1996-04-01T12:00:00Z,0.0,-7.875,204.125,28.52,-0.48
1996-04-01T12:00:00Z,0.0,-7.875,208.125,28.9,0.05
1996-04-01T12:00:00Z,0.0,-7.875,212.125,28.15,-0.56
1996-04-01T12:00:00Z,0.0,-7.875,216.125,28.49,-0.03
1996-04-01T12:00:00Z,0.0,-7.875,220.125,27.5,-0.87
1996-04-01T12:00:00Z,0.0,-7.875,224.125,27.97,-0.16
1996-04-01T12:00:00Z,0.0,-7.875,228.125,27.72,-0.2
1996-04-01T12:00:00Z,0.0,-7.875,232.125,27.67,-0.06
1996-04-01T12:00:00Z,0.0,-7.875,236.125,27.39,-0.16
1996-04-01T12:00:00Z,0.0,-7.875,240.125,27.14,-0.25
1996-04-01T12:00:00Z,0.0,-7.875,244.125,27.03,-0.22
1996-04-01T12:00:00Z,0.0,-7.875,248.125,26.76,-0.33
1996-04-01T12:00:00Z,0.0,-7.875,252.125,27.19,0.23
1996-04-01T12:00:00Z,0.0,-7.875,256.125,26.86,0.01
1996-04-01T12:00:00Z,0.0,-7.875,260.125,26.68,-0.17
1996-04-01T12:00:00Z,0.0,-7.875,264.125,26.98,0.07
1996-04-01T12:00:00Z,0.0,-7.875,268.125,27.33,0.27
1996-04-01T12:00:00Z,0.0,-7.875,272.125,28.03,0.97
1996-04-01T12:00:00Z,0.0,-7.875,276.125,25.45,-0.83
1996-04-01T12:00:00Z,0.0,-7.875,280.125,20.8,-1.62
1996-04-01T12:00:00Z,0.0,-7.875,284.125,NaN,NaN
1996-04-01T12:00:00Z,0.0,-7.875,288.125,NaN,NaN
1996-04-01T12:00:00Z,0.0,-7.875,292.125,NaN,NaN
1996-04-01T12:00:00Z,0.0,-7.875,296.125,NaN,NaN
1996-04-01T12:00:00Z,0.0,-7.875,300.125,NaN,NaN
1996-04-01T12:00:00Z,0.0,-7.875,304.125,NaN,NaN
1996-04-01T12:00:00Z,0.0,-7.875,308.125,NaN,NaN
1996-04-01T12:00:00Z,0.0,-7.875,312.125,NaN,NaN
1996-04-01T12:00:00Z,0.0,-7.875,316.125,NaN,NaN
1996-04-01T12:00:00Z,0.0,-7.875,320.125,NaN,NaN
1996-04-01T12:00:00Z,0.0,-7.875,324.125,NaN,NaN
1996-04-01T12:00:00Z,0.0,-7.875,328.125,28.09,-0.2
1996-04-01T12:00:00Z,0.0,-7.875,332.125,27.86,-0.26
1996-04-01T12:00:00Z,0.0,-7.875,336.125,27.59,-0.37
1996-04-01T12:00:00Z,0.0,-7.875,340.125,27.45,-0.38
1996-04-01T12:00:00Z,0.0,-7.875,344.125,27.7,0.02
1996-04-01T12:00:00Z,0.0,-7.875,348.125,27.61,0.01
1996-04-01T12:00:00Z,0.0,-7.875,352.125,28.05,0.51
1996-04-01T12:00:00Z,0.0,-7.875,356.125,27.8,0.21
1996-04-01T12:00:00Z,0.0,-3.875,0.125,28.97,0.55
1996-04-01T12:00:00Z,0.0,-3.875,4.125,29.01,0.43
1996-04-01T12:00:00Z,0.0,-3.875,8.125,28.63,0.11
1996-04-01T12:00:00Z,0.0,-3.875,12.125,NaN,NaN
1996-04-01T12:00:00Z,0.0,-3.875,16.125,NaN,NaN
1996-04-01T12:00:00Z,0.0,-3.875,20.125,NaN,NaN
1996-04-01T12:00:00Z,0.0,-3.875,24.125,NaN,NaN
1996-04-01T12:00:00Z,0.0,-3.875,28.125,NaN,NaN
1996-04-01T12:00:00Z,0.0,-3.875,32.125,NaN,NaN
1996-04-01T12:00:00Z,0.0,-3.875,36.125,NaN,NaN
1996-04-01T12:00:00Z,0.0,-3.875,40.125,29.15,0.21
1996-04-01T12:00:00Z,0.0,-3.875,44.125,29.43,0.54
1996-04-01T12:00:00Z,0.0,-3.875,48.125,30.61,1.27
1996-04-01T12:00:00Z,0.0,-3.875,52.125,29.42,0.0
1996-04-01T12:00:00Z,0.0,-3.875,56.125,29.14,-0.26
1996-04-01T12:00:00Z,0.0,-3.875,60.125,28.61,-0.74
1996-04-01T12:00:00Z,0.0,-3.875,64.125,28.95,-0.41
1996-04-01T12:00:00Z,0.0,-3.875,68.125,29.05,-0.25
1996-04-01T12:00:00Z,0.0,-3.875,72.125,28.47,-0.75
1996-04-01T12:00:00Z,0.0,-3.875,76.125,28.8,-0.34
1996-04-01T12:00:00Z,0.0,-3.875,80.125,29.33,0.17
1996-04-01T12:00:00Z,0.0,-3.875,84.125,28.91,-0.23
1996-04-01T12:00:00Z,0.0,-3.875,88.125,28.46,-0.7
1996-04-01T12:00:00Z,0.0,-3.875,92.125,29.25,0.04
1996-04-01T12:00:00Z,0.0,-3.875,96.125,29.34,0.08
1996-04-01T12:00:00Z,0.0,-3.875,100.125,29.21,-0.21
1996-04-01T12:00:00Z,0.0,-3.875,104.125,NaN,NaN
1996-04-01T12:00:00Z,0.0,-3.875,108.125,28.41,-0.81
1996-04-01T12:00:00Z,0.0,-3.875,112.125,28.91,-0.41
1996-04-01T12:00:00Z,0.0,-3.875,116.125,29.47,0.14
1996-04-01T12:00:00Z,0.0,-3.875,120.125,NaN,NaN
1996-04-01T12:00:00Z,0.0,-3.875,124.125,29.38,-0.01
1996-04-01T12:00:00Z,0.0,-3.875,128.125,29.73,0.54
1996-04-01T12:00:00Z,0.0,-3.875,132.125,29.5,0.22
1996-04-01T12:00:00Z,0.0,-3.875,136.125,NaN,NaN
1996-04-01T12:00:00Z,0.0,-3.875,140.125,NaN,NaN
1996-04-01T12:00:00Z,0.0,-3.875,144.125,NaN,NaN
1996-04-01T12:00:00Z,0.0,-3.875,148.125,29.08,-0.21
1996-04-01T12:00:00Z,0.0,-3.875,152.125,29.7,0.1
1996-04-01T12:00:00Z,0.0,-3.875,156.125,29.57,0.1
1996-04-01T12:00:00Z,0.0,-3.875,160.125,28.84,-0.6
1996-04-01T12:00:00Z,0.0,-3.875,164.125,29.81,0.43
1996-04-01T12:00:00Z,0.0,-3.875,168.125,29.47,0.16
1996-04-01T12:00:00Z,0.0,-3.875,172.125,28.2,-0.99
1996-04-01T12:00:00Z,0.0,-3.875,176.125,27.73,-1.39
1996-04-01T12:00:00Z,0.0,-3.875,180.125,28.59,-0.47
1996-04-01T12:00:00Z,0.0,-3.875,184.125,28.08,-0.81
1996-04-01T12:00:00Z,0.0,-3.875,188.125,28.27,-0.47
1996-04-01T12:00:00Z,0.0,-3.875,192.125,28.01,-0.57
1996-04-01T12:00:00Z,0.0,-3.875,196.125,28.03,-0.44
1996-04-01T12:00:00Z,0.0,-3.875,200.125,27.61,-0.71
1996-04-01T12:00:00Z,0.0,-3.875,204.125,28.38,0.16
1996-04-01T12:00:00Z,0.0,-3.875,208.125,27.94,-0.21
1996-04-01T12:00:00Z,0.0,-3.875,212.125,27.37,-0.7
1996-04-01T12:00:00Z,0.0,-3.875,216.125,26.92,-1.06
1996-04-01T12:00:00Z,0.0,-3.875,220.125,27.18,-0.72
1996-04-01T12:00:00Z,0.0,-3.875,224.125,27.02,-0.83
1996-04-01T12:00:00Z,0.0,-3.875,228.125,27.45,-0.35
1996-04-01T12:00:00Z,0.0,-3.875,232.125,26.49,-1.2
1996-04-01T12:00:00Z,0.0,-3.875,236.125,26.93,-0.71
1996-04-01T12:00:00Z,0.0,-3.875,240.125,27.2,-0.39
1996-04-01T12:00:00Z,0.0,-3.875,244.125,26.87,-0.58
1996-04-01T12:00:00Z,0.0,-3.875,248.125,26.8,-0.61
1996-04-01T12:00:00Z,0.0,-3.875,252.125,27.1,-0.17
1996-04-01T12:00:00Z,0.0,-3.875,256.125,26.14,-1.08
1996-04-01T12:00:00Z,0.0,-3.875,260.125,26.51,-0.74
1996-04-01T12:00:00Z,0.0,-3.875,264.125,26.51,-0.8
1996-04-01T12:00:00Z,0.0,-3.875,268.125,26.33,-0.88
1996-04-01T12:00:00Z,0.0,-3.875,272.125,26.56,-0.73
1996-04-01T12:00:00Z,0.0,-3.875,276.125,23.12,-1.87
1996-04-01T12:00:00Z,0.0,-3.875,280.125,NaN,NaN
1996-04-01T12:00:00Z,0.0,-3.875,284.125,NaN,NaN
1996-04-01T12:00:00Z,0.0,-3.875,288.125,NaN,NaN
1996-04-01T12:00:00Z,0.0,-3.875,292.125,NaN,NaN
1996-04-01T12:00:00Z,0.0,-3.875,296.125,NaN,NaN
1996-04-01T12:00:00Z,0.0,-3.875,300.125,NaN,NaN
1996-04-01T12:00:00Z,0.0,-3.875,304.125,NaN,NaN
1996-04-01T12:00:00Z,0.0,-3.875,308.125,NaN,NaN
1996-04-01T12:00:00Z,0.0,-3.875,312.125,NaN,NaN
1996-04-01T12:00:00Z,0.0,-3.875,316.125,NaN,NaN
1996-04-01T12:00:00Z,0.0,-3.875,320.125,NaN,NaN
1996-04-01T12:00:00Z,0.0,-3.875,324.125,28.65,0.31
1996-04-01T12:00:00Z,0.0,-3.875,328.125,28.11,-0.28
1996-04-01T12:00:00Z,0.0,-3.875,332.125,28.47,0.05
1996-04-01T12:00:00Z,0.0,-3.875,336.125,28.16,-0.2
1996-04-01T12:00:00Z,0.0,-3.875,340.125,28.44,0.17
1996-04-01T12:00:00Z,0.0,-3.875,344.125,28.25,0.08
1996-04-01T12:00:00Z,0.0,-3.875,348.125,28.63,0.47
1996-04-01T12:00:00Z,0.0,-3.875,352.125,28.79,0.52
1996-04-01T12:00:00Z,0.0,-3.875,356.125,28.8,0.46
1996-04-01T12:00:00Z,0.0,0.125,0.125,28.7,-0.32
1996-04-01T12:00:00Z,0.0,0.125,4.125,28.74,-0.2
1996-04-01T12:00:00Z,0.0,0.125,8.125,28.83,0.03
1996-04-01T12:00:00Z,0.0,0.125,12.125,NaN,NaN
1996-04-01T12:00:00Z,0.0,0.125,16.125,NaN,NaN
1996-04-01T12:00:00Z,0.0,0.125,20.125,NaN,NaN
1996-04-01T12:00:00Z,0.0,0.125,24.125,NaN,NaN
1996-04-01T12:00:00Z,0.0,0.125,28.125,NaN,NaN
1996-04-01T12:00:00Z,0.0,0.125,32.125,NaN,NaN
1996-04-01T12:00:00Z,0.0,0.125,36.125,NaN,NaN
1996-04-01T12:00:00Z,0.0,0.125,40.125,NaN,NaN
1996-04-01T12:00:00Z,0.0,0.125,44.125,28.13,-0.16
1996-04-01T12:00:00Z,0.0,0.125,48.125,28.1,-0.53
1996-04-01T12:00:00Z,0.0,0.125,52.125,29.44,0.53
1996-04-01T12:00:00Z,0.0,0.125,56.125,28.83,-0.35
1996-04-01T12:00:00Z,0.0,0.125,60.125,29.31,-0.08
1996-04-01T12:00:00Z,0.0,0.125,64.125,29.33,-0.11
1996-04-01T12:00:00Z,0.0,0.125,68.125,28.18,-1.23
1996-04-01T12:00:00Z,0.0,0.125,72.125,28.65,-0.74
1996-04-01T12:00:00Z,0.0,0.125,76.125,28.84,-0.61
1996-04-01T12:00:00Z,0.0,0.125,80.125,29.15,-0.26
1996-04-01T12:00:00Z,0.0,0.125,84.125,28.7,-0.68
1996-04-01T12:00:00Z,0.0,0.125,88.125,28.76,-0.61
1996-04-01T12:00:00Z,0.0,0.125,92.125,29.36,-0.04
1996-04-01T12:00:00Z,0.0,0.125,96.125,29.63,0.19
1996-04-01T12:00:00Z,0.0,0.125,100.125,NaN,NaN
1996-04-01T12:00:00Z,0.0,0.125,104.125,27.69,-1.31
1996-04-01T12:00:00Z,0.0,0.125,108.125,28.86,-0.1
1996-04-01T12:00:00Z,0.0,0.125,112.125,NaN,NaN
1996-04-01T12:00:00Z,0.0,0.125,116.125,NaN,NaN
1996-04-01T12:00:00Z,0.0,0.125,120.125,29.66,0.74
1996-04-01T12:00:00Z,0.0,0.125,124.125,29.56,0.5
1996-04-01T12:00:00Z,0.0,0.125,128.125,29.88,0.9
1996-04-01T12:00:00Z,0.0,0.125,132.125,29.68,0.69
1996-04-01T12:00:00Z,0.0,0.125,136.125,29.64,0.64
1996-04-01T12:00:00Z,0.0,0.125,140.125,29.75,0.59
1996-04-01T12:00:00Z,0.0,0.125,144.125,29.91,0.64
1996-04-01T12:00:00Z,0.0,0.125,148.125,29.9,0.53
1996-04-01T12:00:00Z,0.0,0.125,152.125,30.16,0.78
1996-04-01T12:00:00Z,0.0,0.125,156.125,29.8,0.51
1996-04-01T12:00:00Z,0.0,0.125,160.125,28.65,-0.45
1996-04-01T12:00:00Z,0.0,0.125,164.125,28.5,-0.38
1996-04-01T12:00:00Z,0.0,0.125,168.125,26.72,-1.91
1996-04-01T12:00:00Z,0.0,0.125,172.125,27.4,-0.99
1996-04-01T12:00:00Z,0.0,0.125,176.125,27.03,-1.26
1996-04-01T12:00:00Z,0.0,0.125,180.125,26.8,-1.27
1996-04-01T12:00:00Z,0.0,0.125,184.125,26.08,-1.8
1996-04-01T12:00:00Z,0.0,0.125,188.125,27.34,-0.34
1996-04-01T12:00:00Z,0.0,0.125,192.125,26.6,-0.86
1996-04-01T12:00:00Z,0.0,0.125,196.125,26.56,-0.76
1996-04-01T12:00:00Z,0.0,0.125,200.125,26.05,-1.1
1996-04-01T12:00:00Z,0.0,0.125,204.125,26.54,-0.54
1996-04-01T12:00:00Z,0.0,0.125,208.125,26.34,-0.6
1996-04-01T12:00:00Z,0.0,0.125,212.125,26.08,-0.74
1996-04-01T12:00:00Z,0.0,0.125,216.125,26.05,-0.66
1996-04-01T12:00:00Z,0.0,0.125,220.125,25.4,-1.26
1996-04-01T12:00:00Z,0.0,0.125,224.125,24.98,-1.69
1996-04-01T12:00:00Z,0.0,0.125,228.125,25.01,-1.63
1996-04-01T12:00:00Z,0.0,0.125,232.125,25.19,-1.4
1996-04-01T12:00:00Z,0.0,0.125,236.125,24.81,-1.62
1996-04-01T12:00:00Z,0.0,0.125,240.125,24.93,-1.48
1996-04-01T12:00:00Z,0.0,0.125,244.125,24.95,-1.43
1996-04-01T12:00:00Z,0.0,0.125,248.125,25.2,-1.17
1996-04-01T12:00:00Z,0.0,0.125,252.125,24.46,-1.94
1996-04-01T12:00:00Z,0.0,0.125,256.125,24.44,-2.09
1996-04-01T12:00:00Z,0.0,0.125,260.125,24.58,-2.11
1996-04-01T12:00:00Z,0.0,0.125,264.125,24.26,-2.41
1996-04-01T12:00:00Z,0.0,0.125,268.125,23.96,-2.19
1996-04-01T12:00:00Z,0.0,0.125,272.125,24.13,-1.76
1996-04-01T12:00:00Z,0.0,0.125,276.125,22.62,-2.76
1996-04-01T12:00:00Z,0.0,0.125,280.125,NaN,NaN
1996-04-01T12:00:00Z,0.0,0.125,284.125,NaN,NaN
1996-04-01T12:00:00Z,0.0,0.125,288.125,NaN,NaN
1996-04-01T12:00:00Z,0.0,0.125,292.125,NaN,NaN
1996-04-01T12:00:00Z,0.0,0.125,296.125,NaN,NaN
1996-04-01T12:00:00Z,0.0,0.125,300.125,NaN,NaN
1996-04-01T12:00:00Z,0.0,0.125,304.125,NaN,NaN
1996-04-01T12:00:00Z,0.0,0.125,308.125,NaN,NaN
1996-04-01T12:00:00Z,0.0,0.125,312.125,28.03,0.09
1996-04-01T12:00:00Z,0.0,0.125,316.125,28.27,0.23
1996-04-01T12:00:00Z,0.0,0.125,320.125,27.55,-0.31
1996-04-01T12:00:00Z,0.0,0.125,324.125,28.39,0.54
1996-04-01T12:00:00Z,0.0,0.125,328.125,27.83,-0.13
1996-04-01T12:00:00Z,0.0,0.125,332.125,28.06,-0.04
1996-04-01T12:00:00Z,0.0,0.125,336.125,27.8,-0.37
1996-04-01T12:00:00Z,0.0,0.125,340.125,27.98,-0.25
1996-04-01T12:00:00Z,0.0,0.125,344.125,27.91,-0.36
1996-04-01T12:00:00Z,0.0,0.125,348.125,28.63,0.31
1996-04-01T12:00:00Z,0.0,0.125,352.125,27.94,-0.61
1996-04-01T12:00:00Z,0.0,0.125,356.125,28.68,-0.14
1996-04-01T12:00:00Z,0.0,4.125,0.125,29.14,0.17
1996-04-01T12:00:00Z,0.0,4.125,4.125,29.37,0.23
1996-04-01T12:00:00Z,0.0,4.125,8.125,29.14,0.06
1996-04-01T12:00:00Z,0.0,4.125,12.125,NaN,NaN
1996-04-01T12:00:00Z,0.0,4.125,16.125,NaN,NaN
1996-04-01T12:00:00Z,0.0,4.125,20.125,NaN,NaN
1996-04-01T12:00:00Z,0.0,4.125,24.125,NaN,NaN
1996-04-01T12:00:00Z,0.0,4.125,28.125,NaN,NaN
1996-04-01T12:00:00Z,0.0,4.125,32.125,NaN,NaN
1996-04-01T12:00:00Z,0.0,4.125,36.125,NaN,NaN
1996-04-01T12:00:00Z,0.0,4.125,40.125,NaN,NaN
1996-04-01T12:00:00Z,0.0,4.125,44.125,NaN,NaN
1996-04-01T12:00:00Z,0.0,4.125,48.125,28.0,-0.76
1996-04-01T12:00:00Z,0.0,4.125,52.125,27.83,-1.29
1996-04-01T12:00:00Z,0.0,4.125,56.125,28.48,-0.84
1996-04-01T12:00:00Z,0.0,4.125,60.125,28.91,-0.46
1996-04-01T12:00:00Z,0.0,4.125,64.125,28.7,-0.72
1996-04-01T12:00:00Z,0.0,4.125,68.125,28.74,-0.68
1996-04-01T12:00:00Z,0.0,4.125,72.125,28.63,-0.7
1996-04-01T12:00:00Z,0.0,4.125,76.125,29.13,-0.27
1996-04-01T12:00:00Z,0.0,4.125,80.125,28.95,-0.37
1996-04-01T12:00:00Z,0.0,4.125,84.125,29.19,-0.19
1996-04-01T12:00:00Z,0.0,4.125,88.125,29.31,-0.06
1996-04-01T12:00:00Z,0.0,4.125,92.125,29.17,-0.16
1996-04-01T12:00:00Z,0.0,4.125,96.125,29.0,-0.46
1996-04-01T12:00:00Z,0.0,4.125,100.125,28.84,-0.74
1996-04-01T12:00:00Z,0.0,4.125,104.125,27.84,-0.81
1996-04-01T12:00:00Z,0.0,4.125,108.125,27.43,-1.1
1996-04-01T12:00:00Z,0.0,4.125,112.125,27.24,-1.32
1996-04-01T12:00:00Z,0.0,4.125,116.125,NaN,NaN
1996-04-01T12:00:00Z,0.0,4.125,120.125,28.63,-0.11
1996-04-01T12:00:00Z,0.0,4.125,124.125,29.23,0.66
1996-04-01T12:00:00Z,0.0,4.125,128.125,28.46,-0.02
1996-04-01T12:00:00Z,0.0,4.125,132.125,28.7,-0.07
1996-04-01T12:00:00Z,0.0,4.125,136.125,29.24,0.34
1996-04-01T12:00:00Z,0.0,4.125,140.125,29.25,0.23
1996-04-01T12:00:00Z,0.0,4.125,144.125,29.93,0.84
1996-04-01T12:00:00Z,0.0,4.125,148.125,29.12,-0.09
1996-04-01T12:00:00Z,0.0,4.125,152.125,29.0,-0.24
1996-04-01T12:00:00Z,0.0,4.125,156.125,28.92,-0.27
1996-04-01T12:00:00Z,0.0,4.125,160.125,28.61,-0.46
1996-04-01T12:00:00Z,0.0,4.125,164.125,28.74,-0.22
1996-04-01T12:00:00Z,0.0,4.125,168.125,28.66,-0.18
1996-04-01T12:00:00Z,0.0,4.125,172.125,27.95,-0.69
1996-04-01T12:00:00Z,0.0,4.125,176.125,27.29,-1.28
1996-04-01T12:00:00Z,0.0,4.125,180.125,27.92,-0.51
1996-04-01T12:00:00Z,0.0,4.125,184.125,28.3,-0.03
1996-04-01T12:00:00Z,0.0,4.125,188.125,27.39,-0.74
1996-04-01T12:00:00Z,0.0,4.125,192.125,27.15,-0.81
1996-04-01T12:00:00Z,0.0,4.125,196.125,27.14,-0.7
1996-04-01T12:00:00Z,0.0,4.125,200.125,27.1,-0.6
1996-04-01T12:00:00Z,0.0,4.125,204.125,27.8,0.25
1996-04-01T12:00:00Z,0.0,4.125,208.125,27.09,-0.34
1996-04-01T12:00:00Z,0.0,4.125,212.125,26.9,-0.52
1996-04-01T12:00:00Z,0.0,4.125,216.125,26.73,-0.68
1996-04-01T12:00:00Z,0.0,4.125,220.125,27.35,-0.11
1996-04-01T12:00:00Z,0.0,4.125,224.125,27.18,-0.35
1996-04-01T12:00:00Z,0.0,4.125,228.125,26.74,-0.85
1996-04-01T12:00:00Z,0.0,4.125,232.125,27.58,-0.14
1996-04-01T12:00:00Z,0.0,4.125,236.125,27.78,-0.05
1996-04-01T12:00:00Z,0.0,4.125,240.125,27.28,-0.63
1996-04-01T12:00:00Z,0.0,4.125,244.125,27.32,-0.71
1996-04-01T12:00:00Z,0.0,4.125,248.125,27.56,-0.57
1996-04-01T12:00:00Z,0.0,4.125,252.125,27.26,-0.86
1996-04-01T12:00:00Z,0.0,4.125,256.125,26.94,-1.17
1996-04-01T12:00:00Z,0.0,4.125,260.125,27.02,-1.25
1996-04-01T12:00:00Z,0.0,4.125,264.125,27.71,-0.71
1996-04-01T12:00:00Z,0.0,4.125,268.125,27.79,-0.91
1996-04-01T12:00:00Z,0.0,4.125,272.125,28.52,-0.37
1996-04-01T12:00:00Z,0.0,4.125,276.125,27.09,-1.37
1996-04-01T12:00:00Z,0.0,4.125,280.125,26.28,-0.17
1996-04-01T12:00:00Z,0.0,4.125,284.125,NaN,NaN
1996-04-01T12:00:00Z,0.0,4.125,288.125,NaN,NaN
1996-04-01T12:00:00Z,0.0,4.125,292.125,NaN,NaN
1996-04-01T12:00:00Z,0.0,4.125,296.125,NaN,NaN
1996-04-01T12:00:00Z,0.0,4.125,300.125,NaN,NaN
1996-04-01T12:00:00Z,0.0,4.125,304.125,NaN,NaN
1996-04-01T12:00:00Z,0.0,4.125,308.125,NaN,NaN
1996-04-01T12:00:00Z,0.0,4.125,312.125,27.7,0.25
1996-04-01T12:00:00Z,0.0,4.125,316.125,27.33,0.15
1996-04-01T12:00:00Z,0.0,4.125,320.125,26.88,-0.33
1996-04-01T12:00:00Z,0.0,4.125,324.125,26.57,-0.7
1996-04-01T12:00:00Z,0.0,4.125,328.125,26.56,-0.87
1996-04-01T12:00:00Z,0.0,4.125,332.125,26.94,-0.76
1996-04-01T12:00:00Z,0.0,4.125,336.125,26.34,-1.66
1996-04-01T12:00:00Z,0.0,4.125,340.125,28.21,-0.26
1996-04-01T12:00:00Z,0.0,4.125,344.125,28.62,-0.49
1996-04-01T12:00:00Z,0.0,4.125,348.125,28.99,-0.14
1996-04-01T12:00:00Z,0.0,4.125,352.125,28.46,-0.37
1996-04-01T12:00:00Z,0.0,4.125,356.125,28.93,0.08
1996-04-01T12:00:00Z,0.0,8.125,0.125,NaN,NaN
1996-04-01T12:00:00Z,0.0,8.125,4.125,NaN,NaN
1996-04-01T12:00:00Z,0.0,8.125,8.125,NaN,NaN
1996-04-01T12:00:00Z,0.0,8.125,12.125,NaN,NaN
1996-04-01T12:00:00Z,0.0,8.125,16.125,NaN,NaN
1996-04-01T12:00:00Z,0.0,8.125,20.125,NaN,NaN
1996-04-01T12:00:00Z,0.0,8.125,24.125,NaN,NaN
1996-04-01T12:00:00Z,0.0,8.125,28.125,NaN,NaN
1996-04-01T12:00:00Z,0.0,8.125,32.125,NaN,NaN
1996-04-01T12:00:00Z,0.0,8.125,36.125,NaN,NaN
1996-04-01T12:00:00Z,0.0,8.125,40.125,NaN,NaN
1996-04-01T12:00:00Z,0.0,8.125,44.125,NaN,NaN
1996-04-01T12:00:00Z,0.0,8.125,48.125,NaN,NaN
1996-04-01T12:00:00Z,0.0,8.125,52.125,28.5,0.07
1996-04-01T12:00:00Z,0.0,8.125,56.125,27.58,-0.96
1996-04-01T12:00:00Z,0.0,8.125,60.125,28.59,-0.13
1996-04-01T12:00:00Z,0.0,8.125,64.125,28.97,-0.04
1996-04-01T12:00:00Z,0.0,8.125,68.125,29.32,0.0
1996-04-01T12:00:00Z,0.0,8.125,72.125,28.87,-0.61
1996-04-01T12:00:00Z,0.0,8.125,76.125,30.1,0.56
1996-04-01T12:00:00Z,0.0,8.125,80.125,NaN,NaN
1996-04-01T12:00:00Z,0.0,8.125,84.125,29.24,0.0
1996-04-01T12:00:00Z,0.0,8.125,88.125,29.21,-0.01
1996-04-01T12:00:00Z,0.0,8.125,92.125,28.91,-0.34
1996-04-01T12:00:00Z,0.0,8.125,96.125,27.59,-1.8
1996-04-01T12:00:00Z,0.0,8.125,100.125,NaN,NaN
1996-04-01T12:00:00Z,0.0,8.125,104.125,28.34,-0.38
1996-04-01T12:00:00Z,0.0,8.125,108.125,27.82,-0.16
1996-04-01T12:00:00Z,0.0,8.125,112.125,28.13,-0.25
1996-04-01T12:00:00Z,0.0,8.125,116.125,27.92,-0.46
1996-04-01T12:00:00Z,0.0,8.125,120.125,29.98,1.63
1996-04-01T12:00:00Z,0.0,8.125,124.125,NaN,NaN
1996-04-01T12:00:00Z,0.0,8.125,128.125,28.05,-0.25
1996-04-01T12:00:00Z,0.0,8.125,132.125,28.97,0.63
1996-04-01T12:00:00Z,0.0,8.125,136.125,28.07,-0.29
1996-04-01T12:00:00Z,0.0,8.125,140.125,27.82,-0.58
1996-04-01T12:00:00Z,0.0,8.125,144.125,27.87,-0.55
1996-04-01T12:00:00Z,0.0,8.125,148.125,28.1,-0.37
1996-04-01T12:00:00Z,0.0,8.125,152.125,29.05,0.57
1996-04-01T12:00:00Z,0.0,8.125,156.125,28.35,-0.13
1996-04-01T12:00:00Z,0.0,8.125,160.125,28.7,0.28
1996-04-01T12:00:00Z,0.0,8.125,164.125,28.02,-0.33
1996-04-01T12:00:00Z,0.0,8.125,168.125,27.67,-0.52
1996-04-01T12:00:00Z,0.0,8.125,172.125,28.47,0.39
1996-04-01T12:00:00Z,0.0,8.125,176.125,27.78,-0.23
1996-04-01T12:00:00Z,0.0,8.125,180.125,28.16,0.24
1996-04-01T12:00:00Z,0.0,8.125,184.125,27.19,-0.68
1996-04-01T12:00:00Z,0.0,8.125,188.125,28.11,0.35
1996-04-01T12:00:00Z,0.0,8.125,192.125,28.67,1.01
1996-04-01T12:00:00Z,0.0,8.125,196.125,27.33,-0.21
1996-04-01T12:00:00Z,0.0,8.125,200.125,27.48,0.09
1996-04-01T12:00:00Z,0.0,8.125,204.125,27.64,0.38
1996-04-01T12:00:00Z,0.0,8.125,208.125,27.82,0.64
1996-04-01T12:00:00Z,0.0,8.125,212.125,27.42,0.31
1996-04-01T12:00:00Z,0.0,8.125,216.125,26.58,-0.45
1996-04-01T12:00:00Z,0.0,8.125,220.125,26.72,-0.32
1996-04-01T12:00:00Z,0.0,8.125,224.125,26.73,-0.32
1996-04-01T12:00:00Z,0.0,8.125,228.125,26.97,-0.17
1996-04-01T12:00:00Z,0.0,8.125,232.125,27.22,-0.08
1996-04-01T12:00:00Z,0.0,8.125,236.125,27.12,-0.32
1996-04-01T12:00:00Z,0.0,8.125,240.125,27.54,-0.1
1996-04-01T12:00:00Z,0.0,8.125,244.125,27.5,-0.4
1996-04-01T12:00:00Z,0.0,8.125,248.125,27.99,-0.15
1996-04-01T12:00:00Z,0.0,8.125,252.125,27.42,-0.9
1996-04-01T12:00:00Z,0.0,8.125,256.125,27.61,-0.8
1996-04-01T12:00:00Z,0.0,8.125,260.125,27.77,-0.61
1996-04-01T12:00:00Z,0.0,8.125,264.125,28.14,-0.17
1996-04-01T12:00:00Z,0.0,8.125,268.125,26.79,-1.18
1996-04-01T12:00:00Z,0.0,8.125,272.125,27.95,-0.39
1996-04-01T12:00:00Z,0.0,8.125,276.125,29.42,-0.02
1996-04-01T12:00:00Z,0.0,8.125,280.125,26.1,-0.76
1996-04-01T12:00:00Z,0.0,8.125,284.125,NaN,NaN
1996-04-01T12:00:00Z,0.0,8.125,288.125,NaN,NaN
1996-04-01T12:00:00Z,0.0,8.125,292.125,NaN,NaN
1996-04-01T12:00:00Z,0.0,8.125,296.125,NaN,NaN
1996-04-01T12:00:00Z,0.0,8.125,300.125,NaN,NaN
1996-04-01T12:00:00Z,0.0,8.125,304.125,27.05,0.06
1996-04-01T12:00:00Z,0.0,8.125,308.125,26.65,-0.47
1996-04-01T12:00:00Z,0.0,8.125,312.125,26.95,0.24
1996-04-01T12:00:00Z,0.0,8.125,316.125,26.94,0.13
1996-04-01T12:00:00Z,0.0,8.125,320.125,26.47,-0.06
1996-04-01T12:00:00Z,0.0,8.125,324.125,25.46,-0.86
1996-04-01T12:00:00Z,0.0,8.125,328.125,25.37,-0.79
1996-04-01T12:00:00Z,0.0,8.125,332.125,26.05,0.03
1996-04-01T12:00:00Z,0.0,8.125,336.125,26.03,0.08
1996-04-01T12:00:00Z,0.0,8.125,340.125,25.29,-0.68
1996-04-01T12:00:00Z,0.0,8.125,344.125,25.87,-0.85
1996-04-01T12:00:00Z,0.0,8.125,348.125,NaN,NaN
1996-04-01T12:00:00Z,0.0,8.125,352.125,NaN,NaN
1996-04-01T12:00:00Z,0.0,8.125,356.125,NaN,NaN
1996-04-01T12:00:00Z,0.0,12.125,0.125,NaN,NaN
1996-04-01T12:00:00Z,0.0,12.125,4.125,NaN,NaN
1996-04-01T12:00:00Z,0.0,12.125,8.125,NaN,NaN
1996-04-01T12:00:00Z,0.0,12.125,12.125,NaN,NaN
1996-04-01T12:00:00Z,0.0,12.125,16.125,NaN,NaN
1996-04-01T12:00:00Z,0.0,12.125,20.125,NaN,NaN
1996-04-01T12:00:00Z,0.0,12.125,24.125,NaN,NaN
1996-04-01T12:00:00Z,0.0,12.125,28.125,NaN,NaN
1996-04-01T12:00:00Z,0.0,12.125,32.125,NaN,NaN
1996-04-01T12:00:00Z,0.0,12.125,36.125,NaN,NaN
1996-04-01T12:00:00Z,0.0,12.125,40.125,NaN,NaN
1996-04-01T12:00:00Z,0.0,12.125,44.125,26.75,-0.76
1996-04-01T12:00:00Z,0.0,12.125,48.125,26.59,-0.74
1996-04-01T12:00:00Z,0.0,12.125,52.125,28.11,0.22
1996-04-01T12:00:00Z,0.0,12.125,56.125,27.48,-0.47
1996-04-01T12:00:00Z,0.0,12.125,60.125,27.16,-0.8
1996-04-01T12:00:00Z,0.0,12.125,64.125,28.19,-0.17
1996-04-01T12:00:00Z,0.0,12.125,68.125,28.62,-0.12
1996-04-01T12:00:00Z,0.0,12.125,72.125,29.3,0.19
1996-04-01T12:00:00Z,0.0,12.125,76.125,NaN,NaN
1996-04-01T12:00:00Z,0.0,12.125,80.125,29.52,0.54
1996-04-01T12:00:00Z,0.0,12.125,84.125,29.76,0.8
1996-04-01T12:00:00Z,0.0,12.125,88.125,28.02,-0.94
1996-04-01T12:00:00Z,0.0,12.125,92.125,30.4,1.33
1996-04-01T12:00:00Z,0.0,12.125,96.125,29.57,0.11
1996-04-01T12:00:00Z,0.0,12.125,100.125,29.93,0.59
1996-04-01T12:00:00Z,0.0,12.125,104.125,NaN,NaN
1996-04-01T12:00:00Z,0.0,12.125,108.125,NaN,NaN
1996-04-01T12:00:00Z,0.0,12.125,112.125,27.71,-0.33
1996-04-01T12:00:00Z,0.0,12.125,116.125,29.03,0.66
1996-04-01T12:00:00Z,0.0,12.125,120.125,28.49,0.24
1996-04-01T12:00:00Z,0.0,12.125,124.125,28.35,0.59
1996-04-01T12:00:00Z,0.0,12.125,128.125,28.07,0.01
1996-04-01T12:00:00Z,0.0,12.125,132.125,28.37,0.36
1996-04-01T12:00:00Z,0.0,12.125,136.125,28.14,0.16
1996-04-01T12:00:00Z,0.0,12.125,140.125,27.3,-0.6
1996-04-01T12:00:00Z,0.0,12.125,144.125,27.89,0.03
1996-04-01T12:00:00Z,0.0,12.125,148.125,27.56,-0.24
1996-04-01T12:00:00Z,0.0,12.125,152.125,28.11,0.43
1996-04-01T12:00:00Z,0.0,12.125,156.125,27.93,0.38
1996-04-01T12:00:00Z,0.0,12.125,160.125,28.08,0.65
1996-04-01T12:00:00Z,0.0,12.125,164.125,27.55,0.23
1996-04-01T12:00:00Z,0.0,12.125,168.125,27.49,0.26
1996-04-01T12:00:00Z,0.0,12.125,172.125,26.94,-0.16
1996-04-01T12:00:00Z,0.0,12.125,176.125,27.62,0.67
1996-04-01T12:00:00Z,0.0,12.125,180.125,27.77,0.91
1996-04-01T12:00:00Z,0.0,12.125,184.125,27.07,0.32
1996-04-01T12:00:00Z,0.0,12.125,188.125,26.66,-0.01
1996-04-01T12:00:00Z,0.0,12.125,192.125,27.25,0.73
1996-04-01T12:00:00Z,0.0,12.125,196.125,27.3,0.95
1996-04-01T12:00:00Z,0.0,12.125,200.125,27.57,1.41
1996-04-01T12:00:00Z,0.0,12.125,204.125,26.91,0.92
1996-04-01T12:00:00Z,0.0,12.125,208.125,27.21,1.38
1996-04-01T12:00:00Z,0.0,12.125,212.125,26.67,1.02
1996-04-01T12:00:00Z,0.0,12.125,216.125,26.03,0.49
1996-04-01T12:00:00Z,0.0,12.125,220.125,25.47,0.02
1996-04-01T12:00:00Z,0.0,12.125,224.125,25.27,-0.18
1996-04-01T12:00:00Z,0.0,12.125,228.125,26.06,0.39
1996-04-01T12:00:00Z,0.0,12.125,232.125,26.13,0.1
1996-04-01T12:00:00Z,0.0,12.125,236.125,26.16,-0.23
1996-04-01T12:00:00Z,0.0,12.125,240.125,26.31,-0.52
1996-04-01T12:00:00Z,0.0,12.125,244.125,26.66,-0.47
1996-04-01T12:00:00Z,0.0,12.125,248.125,27.14,-0.46
1996-04-01T12:00:00Z,0.0,12.125,252.125,27.51,-0.58
1996-04-01T12:00:00Z,0.0,12.125,256.125,27.56,-1.01
1996-04-01T12:00:00Z,0.0,12.125,260.125,28.49,-0.37
1996-04-01T12:00:00Z,0.0,12.125,264.125,27.74,-0.79
1996-04-01T12:00:00Z,0.0,12.125,268.125,28.63,-0.22
1996-04-01T12:00:00Z,0.0,12.125,272.125,27.95,0.23
1996-04-01T12:00:00Z,0.0,12.125,276.125,NaN,NaN
1996-04-01T12:00:00Z,0.0,12.125,280.125,27.23,0.07
1996-04-01T12:00:00Z,0.0,12.125,284.125,26.36,-0.17
1996-04-01T12:00:00Z,0.0,12.125,288.125,NaN,NaN
1996-04-01T12:00:00Z,0.0,12.125,292.125,26.15,-0.07
1996-04-01T12:00:00Z,0.0,12.125,296.125,27.1,0.82
1996-04-01T12:00:00Z,0.0,12.125,300.125,27.17,0.32
1996-04-01T12:00:00Z,0.0,12.125,304.125,26.84,0.12
1996-04-01T12:00:00Z,0.0,12.125,308.125,26.18,-0.05
1996-04-01T12:00:00Z,0.0,12.125,312.125,25.64,-0.16
1996-04-01T12:00:00Z,0.0,12.125,316.125,25.77,0.3
1996-04-01T12:00:00Z,0.0,12.125,320.125,25.43,0.32
1996-04-01T12:00:00Z,0.0,12.125,324.125,25.08,0.41
1996-04-01T12:00:00Z,0.0,12.125,328.125,24.09,-0.46
1996-04-01T12:00:00Z,0.0,12.125,332.125,24.16,-0.2
1996-04-01T12:00:00Z,0.0,12.125,336.125,23.79,0.1
1996-04-01T12:00:00Z,0.0,12.125,340.125,22.15,-0.76
1996-04-01T12:00:00Z,0.0,12.125,344.125,NaN,NaN
1996-04-01T12:00:00Z,0.0,12.125,348.125,NaN,NaN
1996-04-01T12:00:00Z,0.0,12.125,352.125,NaN,NaN
1996-04-01T12:00:00Z,0.0,12.125,356.125,NaN,NaN
1996-04-01T12:00:00Z,0.0,16.125,0.125,NaN,NaN
1996-04-01T12:00:00Z,0.0,16.125,4.125,NaN,NaN
1996-04-01T12:00:00Z,0.0,16.125,8.125,NaN,NaN
1996-04-01T12:00:00Z,0.0,16.125,12.125,NaN,NaN
1996-04-01T12:00:00Z,0.0,16.125,16.125,NaN,NaN
1996-04-01T12:00:00Z,0.0,16.125,20.125,NaN,NaN
1996-04-01T12:00:00Z,0.0,16.125,24.125,NaN,NaN
1996-04-01T12:00:00Z,0.0,16.125,28.125,NaN,NaN
1996-04-01T12:00:00Z,0.0,16.125,32.125,NaN,NaN
1996-04-01T12:00:00Z,0.0,16.125,36.125,NaN,NaN
1996-04-01T12:00:00Z,0.0,16.125,40.125,27.68,0.41
1996-04-01T12:00:00Z,0.0,16.125,44.125,NaN,NaN
1996-04-01T12:00:00Z,0.0,16.125,48.125,NaN,NaN
1996-04-01T12:00:00Z,0.0,16.125,52.125,NaN,NaN
1996-04-01T12:00:00Z,0.0,16.125,56.125,26.76,-0.56
1996-04-01T12:00:00Z,0.0,16.125,60.125,26.89,-0.47
1996-04-01T12:00:00Z,0.0,16.125,64.125,27.59,0.05
1996-04-01T12:00:00Z,0.0,16.125,68.125,27.91,-0.12
1996-04-01T12:00:00Z,0.0,16.125,72.125,28.48,0.07
1996-04-01T12:00:00Z,0.0,16.125,76.125,NaN,NaN
1996-04-01T12:00:00Z,0.0,16.125,80.125,NaN,NaN
1996-04-01T12:00:00Z,0.0,16.125,84.125,28.69,0.12
1996-04-01T12:00:00Z,0.0,16.125,88.125,28.2,-0.18
1996-04-01T12:00:00Z,0.0,16.125,92.125,28.85,0.7
1996-04-01T12:00:00Z,0.0,16.125,96.125,29.67,0.91
1996-04-01T12:00:00Z,0.0,16.125,100.125,NaN,NaN
1996-04-01T12:00:00Z,0.0,16.125,104.125,NaN,NaN
1996-04-01T12:00:00Z,0.0,16.125,108.125,NaN,NaN
1996-04-01T12:00:00Z,0.0,16.125,112.125,26.89,-0.2
1996-04-01T12:00:00Z,0.0,16.125,116.125,27.88,0.45
1996-04-01T12:00:00Z,0.0,16.125,120.125,28.36,0.66
1996-04-01T12:00:00Z,0.0,16.125,124.125,27.35,-0.29
1996-04-01T12:00:00Z,0.0,16.125,128.125,28.65,1.1
1996-04-01T12:00:00Z,0.0,16.125,132.125,27.41,-0.07
1996-04-01T12:00:00Z,0.0,16.125,136.125,27.67,0.19
1996-04-01T12:00:00Z,0.0,16.125,140.125,27.3,-0.2
1996-04-01T12:00:00Z,0.0,16.125,144.125,27.47,0.04
1996-04-01T12:00:00Z,0.0,16.125,148.125,27.13,-0.21
1996-04-01T12:00:00Z,0.0,16.125,152.125,26.97,-0.25
1996-04-01T12:00:00Z,0.0,16.125,156.125,26.98,-0.1
1996-04-01T12:00:00Z,0.0,16.125,160.125,27.26,0.36
1996-04-01T12:00:00Z,0.0,16.125,164.125,27.13,0.41
1996-04-01T12:00:00Z,0.0,16.125,168.125,26.53,-0.04
1996-04-01T12:00:00Z,0.0,16.125,172.125,26.61,0.16
1996-04-01T12:00:00Z,0.0,16.125,176.125,26.31,-0.02
1996-04-01T12:00:00Z,0.0,16.125,180.125,26.13,-0.06
1996-04-01T12:00:00Z,0.0,16.125,184.125,26.79,0.74
1996-04-01T12:00:00Z,0.0,16.125,188.125,25.69,-0.2
1996-04-01T12:00:00Z,0.0,16.125,192.125,25.25,-0.39
1996-04-01T12:00:00Z,0.0,16.125,196.125,25.03,-0.4
1996-04-01T12:00:00Z,0.0,16.125,200.125,24.48,-0.72
1996-04-01T12:00:00Z,0.0,16.125,204.125,25.65,0.64
1996-04-01T12:00:00Z,0.0,16.125,208.125,24.5,-0.3
1996-04-01T12:00:00Z,0.0,16.125,212.125,25.71,1.17
1996-04-01T12:00:00Z,0.0,16.125,216.125,25.57,1.32
1996-04-01T12:00:00Z,0.0,16.125,220.125,24.91,0.88
1996-04-01T12:00:00Z,0.0,16.125,224.125,24.15,0.29
1996-04-01T12:00:00Z,0.0,16.125,228.125,23.93,0.06
1996-04-01T12:00:00Z,0.0,16.125,232.125,23.54,-0.51
1996-04-01T12:00:00Z,0.0,16.125,236.125,24.47,0.1
1996-04-01T12:00:00Z,0.0,16.125,240.125,24.68,-0.19
1996-04-01T12:00:00Z,0.0,16.125,244.125,25.54,0.35
1996-04-01T12:00:00Z,0.0,16.125,248.125,26.3,0.45
1996-04-01T12:00:00Z,0.0,16.125,252.125,26.6,0.08
1996-04-01T12:00:00Z,0.0,16.125,256.125,27.85,0.52
1996-04-01T12:00:00Z,0.0,16.125,260.125,28.49,0.24
1996-04-01T12:00:00Z,0.0,16.125,264.125,NaN,NaN
1996-04-01T12:00:00Z,0.0,16.125,268.125,NaN,NaN
1996-04-01T12:00:00Z,0.0,16.125,272.125,27.5,-0.07
1996-04-01T12:00:00Z,0.0,16.125,276.125,27.62,0.35
1996-04-01T12:00:00Z,0.0,16.125,280.125,27.31,0.18
1996-04-01T12:00:00Z,0.0,16.125,284.125,27.46,0.59
1996-04-01T12:00:00Z,0.0,16.125,288.125,27.05,0.34
1996-04-01T12:00:00Z,0.0,16.125,292.125,26.89,0.31
1996-04-01T12:00:00Z,0.0,16.125,296.125,26.75,0.2
1996-04-01T12:00:00Z,0.0,16.125,300.125,26.33,0.03
1996-04-01T12:00:00Z,0.0,16.125,304.125,26.16,0.21
1996-04-01T12:00:00Z,0.0,16.125,308.125,25.15,-0.44
1996-04-01T12:00:00Z,0.0,16.125,312.125,24.76,-0.5
1996-04-01T12:00:00Z,0.0,16.125,316.125,24.74,-0.16
1996-04-01T12:00:00Z,0.0,16.125,320.125,24.1,-0.32
1996-04-01T12:00:00Z,0.0,16.125,324.125,23.38,-0.48
1996-04-01T12:00:00Z,0.0,16.125,328.125,23.13,-0.17
1996-04-01T12:00:00Z,0.0,16.125,332.125,22.73,-0.31
1996-04-01T12:00:00Z,0.0,16.125,336.125,22.05,-0.41
1996-04-01T12:00:00Z,0.0,16.125,340.125,21.12,-0.25
1996-04-01T12:00:00Z,0.0,16.125,344.125,NaN,NaN
1996-04-01T12:00:00Z,0.0,16.125,348.125,NaN,NaN
1996-04-01T12:00:00Z,0.0,16.125,352.125,NaN,NaN
1996-04-01T12:00:00Z,0.0,16.125,356.125,NaN,NaN
1996-04-01T12:00:00Z,0.0,20.125,0.125,NaN,NaN
1996-04-01T12:00:00Z,0.0,20.125,4.125,NaN,NaN
1996-04-01T12:00:00Z,0.0,20.125,8.125,NaN,NaN
1996-04-01T12:00:00Z,0.0,20.125,12.125,NaN,NaN
1996-04-01T12:00:00Z,0.0,20.125,16.125,NaN,NaN
1996-04-01T12:00:00Z,0.0,20.125,20.125,NaN,NaN
1996-04-01T12:00:00Z,0.0,20.125,24.125,NaN,NaN
1996-04-01T12:00:00Z,0.0,20.125,28.125,NaN,NaN
1996-04-01T12:00:00Z,0.0,20.125,32.125,NaN,NaN
1996-04-01T12:00:00Z,0.0,20.125,36.125,NaN,NaN
1996-04-01T12:00:00Z,0.0,20.125,40.125,27.95,1.06
1996-04-01T12:00:00Z,0.0,20.125,44.125,NaN,NaN
1996-04-01T12:00:00Z,0.0,20.125,48.125,NaN,NaN
1996-04-01T12:00:00Z,0.0,20.125,52.125,NaN,NaN
1996-04-01T12:00:00Z,0.0,20.125,56.125,NaN,NaN
1996-04-01T12:00:00Z,0.0,20.125,60.125,26.3,-0.21
1996-04-01T12:00:00Z,0.0,20.125,64.125,27.39,0.71
1996-04-01T12:00:00Z,0.0,20.125,68.125,27.33,0.43
1996-04-01T12:00:00Z,0.0,20.125,72.125,26.7,0.26
1996-04-01T12:00:00Z,0.0,20.125,76.125,NaN,NaN
1996-04-01T12:00:00Z,0.0,20.125,80.125,NaN,NaN
1996-04-01T12:00:00Z,0.0,20.125,84.125,NaN,NaN
1996-04-01T12:00:00Z,0.0,20.125,88.125,26.94,-0.78
1996-04-01T12:00:00Z,0.0,20.125,92.125,27.65,-0.05
1996-04-01T12:00:00Z,0.0,20.125,96.125,NaN,NaN
1996-04-01T12:00:00Z,0.0,20.125,100.125,NaN,NaN
1996-04-01T12:00:00Z,0.0,20.125,104.125,NaN,NaN
1996-04-01T12:00:00Z,0.0,20.125,108.125,21.61,-1.5
1996-04-01T12:00:00Z,0.0,20.125,112.125,24.57,0.55
1996-04-01T12:00:00Z,0.0,20.125,116.125,24.91,0.01
1996-04-01T12:00:00Z,0.0,20.125,120.125,26.94,0.68
1996-04-01T12:00:00Z,0.0,20.125,124.125,25.99,-0.1
1996-04-01T12:00:00Z,0.0,20.125,128.125,26.41,0.29
1996-04-01T12:00:00Z,0.0,20.125,132.125,26.03,-0.28
1996-04-01T12:00:00Z,0.0,20.125,136.125,26.13,-0.22
1996-04-01T12:00:00Z,0.0,20.125,140.125,26.76,0.39
1996-04-01T12:00:00Z,0.0,20.125,144.125,26.62,0.22
1996-04-01T12:00:00Z,0.0,20.125,148.125,26.02,-0.34
1996-04-01T12:00:00Z,0.0,20.125,152.125,25.83,-0.52
1996-04-01T12:00:00Z,0.0,20.125,156.125,25.96,-0.33
1996-04-01T12:00:00Z,0.0,20.125,160.125,25.38,-0.7
1996-04-01T12:00:00Z,0.0,20.125,164.125,25.33,-0.65
1996-04-01T12:00:00Z,0.0,20.125,168.125,26.37,0.56
1996-04-01T12:00:00Z,0.0,20.125,172.125,25.27,-0.39
1996-04-01T12:00:00Z,0.0,20.125,176.125,25.3,-0.32
1996-04-01T12:00:00Z,0.0,20.125,180.125,25.58,0.1
1996-04-01T12:00:00Z,0.0,20.125,184.125,25.87,0.57
1996-04-01T12:00:00Z,0.0,20.125,188.125,24.56,-0.62
1996-04-01T12:00:00Z,0.0,20.125,192.125,24.36,-0.65
1996-04-01T12:00:00Z,0.0,20.125,196.125,24.02,-0.86
1996-04-01T12:00:00Z,0.0,20.125,200.125,23.69,-1.06
1996-04-01T12:00:00Z,0.0,20.125,204.125,23.56,-0.75
1996-04-01T12:00:00Z,0.0,20.125,208.125,23.81,-0.04
1996-04-01T12:00:00Z,0.0,20.125,212.125,23.72,0.2
1996-04-01T12:00:00Z,0.0,20.125,216.125,24.07,0.91
1996-04-01T12:00:00Z,0.0,20.125,220.125,23.87,1.12
1996-04-01T12:00:00Z,0.0,20.125,224.125,22.89,0.55
1996-04-01T12:00:00Z,0.0,20.125,228.125,22.42,0.44
1996-04-01T12:00:00Z,0.0,20.125,232.125,21.16,-0.55
1996-04-01T12:00:00Z,0.0,20.125,236.125,21.27,-0.39
1996-04-01T12:00:00Z,0.0,20.125,240.125,21.21,-0.63
1996-04-01T12:00:00Z,0.0,20.125,244.125,22.57,0.04
1996-04-01T12:00:00Z,0.0,20.125,248.125,24.73,1.48
1996-04-01T12:00:00Z,0.0,20.125,252.125,25.01,1.05
1996-04-01T12:00:00Z,0.0,20.125,256.125,NaN,NaN
1996-04-01T12:00:00Z,0.0,20.125,260.125,NaN,NaN
1996-04-01T12:00:00Z,0.0,20.125,264.125,23.26,-1.25
1996-04-01T12:00:00Z,0.0,20.125,268.125,23.99,-1.52
1996-04-01T12:00:00Z,0.0,20.125,272.125,NaN,NaN
1996-04-01T12:00:00Z,0.0,20.125,276.125,26.7,-0.16
1996-04-01T12:00:00Z,0.0,20.125,280.125,27.04,0.23
1996-04-01T12:00:00Z,0.0,20.125,284.125,NaN,NaN
1996-04-01T12:00:00Z,0.0,20.125,288.125,25.85,-0.36
1996-04-01T12:00:00Z,0.0,20.125,292.125,25.67,-0.22
1996-04-01T12:00:00Z,0.0,20.125,296.125,25.65,-0.02
1996-04-01T12:00:00Z,0.0,20.125,300.125,25.42,0.01
1996-04-01T12:00:00Z,0.0,20.125,304.125,24.96,-0.2
1996-04-01T12:00:00Z,0.0,20.125,308.125,24.44,-0.42
1996-04-01T12:00:00Z,0.0,20.125,312.125,24.1,-0.47
1996-04-01T12:00:00Z,0.0,20.125,316.125,23.97,-0.25
1996-04-01T12:00:00Z,0.0,20.125,320.125,23.68,-0.14
1996-04-01T12:00:00Z,0.0,20.125,324.125,23.64,0.29
1996-04-01T12:00:00Z,0.0,20.125,328.125,23.04,0.21
1996-04-01T12:00:00Z,0.0,20.125,332.125,22.39,0.17
1996-04-01T12:00:00Z,0.0,20.125,336.125,20.62,-0.85
1996-04-01T12:00:00Z,0.0,20.125,340.125,20.18,0.09
1996-04-01T12:00:00Z,0.0,20.125,344.125,NaN,NaN
1996-04-01T12:00:00Z,0.0,20.125,348.125,NaN,NaN
1996-04-01T12:00:00Z,0.0,20.125,352.125,NaN,NaN
1996-04-01T12:00:00Z,0.0,20.125,356.125,NaN,NaN
1996-04-01T12:00:00Z,0.0,24.125,0.125,NaN,NaN
1996-04-01T12:00:00Z,0.0,24.125,4.125,NaN,NaN
1996-04-01T12:00:00Z,0.0,24.125,8.125,NaN,NaN
1996-04-01T12:00:00Z,0.0,24.125,12.125,NaN,NaN
1996-04-01T12:00:00Z,0.0,24.125,16.125,NaN,NaN
1996-04-01T12:00:00Z,0.0,24.125,20.125,NaN,NaN
1996-04-01T12:00:00Z,0.0,24.125,24.125,NaN,NaN
1996-04-01T12:00:00Z,0.0,24.125,28.125,NaN,NaN
1996-04-01T12:00:00Z,0.0,24.125,32.125,NaN,NaN
1996-04-01T12:00:00Z,0.0,24.125,36.125,23.24,-0.9
1996-04-01T12:00:00Z,0.0,24.125,40.125,NaN,NaN
1996-04-01T12:00:00Z,0.0,24.125,44.125,NaN,NaN
1996-04-01T12:00:00Z,0.0,24.125,48.125,NaN,NaN
1996-04-01T12:00:00Z,0.0,24.125,52.125,22.76,-0.07
1996-04-01T12:00:00Z,0.0,24.125,56.125,NaN,NaN
1996-04-01T12:00:00Z,0.0,24.125,60.125,25.49,0.01
1996-04-01T12:00:00Z,0.0,24.125,64.125,26.05,0.67
1996-04-01T12:00:00Z,0.0,24.125,68.125,NaN,NaN
1996-04-01T12:00:00Z,0.0,24.125,72.125,NaN,NaN
1996-04-01T12:00:00Z,0.0,24.125,76.125,NaN,NaN
1996-04-01T12:00:00Z,0.0,24.125,80.125,NaN,NaN
1996-04-01T12:00:00Z,0.0,24.125,84.125,NaN,NaN
1996-04-01T12:00:00Z,0.0,24.125,88.125,NaN,NaN
1996-04-01T12:00:00Z,0.0,24.125,92.125,NaN,NaN
1996-04-01T12:00:00Z,0.0,24.125,96.125,NaN,NaN
1996-04-01T12:00:00Z,0.0,24.125,100.125,NaN,NaN
1996-04-01T12:00:00Z,0.0,24.125,104.125,NaN,NaN
1996-04-01T12:00:00Z,0.0,24.125,108.125,NaN,NaN
1996-04-01T12:00:00Z,0.0,24.125,112.125,NaN,NaN
1996-04-01T12:00:00Z,0.0,24.125,116.125,NaN,NaN
1996-04-01T12:00:00Z,0.0,24.125,120.125,22.32,0.59
1996-04-01T12:00:00Z,0.0,24.125,124.125,25.07,0.66
1996-04-01T12:00:00Z,0.0,24.125,128.125,24.05,0.55
1996-04-01T12:00:00Z,0.0,24.125,132.125,24.98,1.47
1996-04-01T12:00:00Z,0.0,24.125,136.125,24.93,1.2
1996-04-01T12:00:00Z,0.0,24.125,140.125,24.08,0.08
1996-04-01T12:00:00Z,0.0,24.125,144.125,25.19,1.01
1996-04-01T12:00:00Z,0.0,24.125,148.125,24.99,0.74
1996-04-01T12:00:00Z,0.0,24.125,152.125,24.83,0.62
1996-04-01T12:00:00Z,0.0,24.125,156.125,24.61,0.47
1996-04-01T12:00:00Z,0.0,24.125,160.125,23.36,-0.75
1996-04-01T12:00:00Z,0.0,24.125,164.125,24.37,0.25
1996-04-01T12:00:00Z,0.0,24.125,168.125,23.45,-0.63
1996-04-01T12:00:00Z,0.0,24.125,172.125,24.2,0.16
1996-04-01T12:00:00Z,0.0,24.125,176.125,24.29,0.41
1996-04-01T12:00:00Z,0.0,24.125,180.125,24.61,0.84
1996-04-01T12:00:00Z,0.0,24.125,184.125,24.1,0.46
1996-04-01T12:00:00Z,0.0,24.125,188.125,23.4,-0.16
1996-04-01T12:00:00Z,0.0,24.125,192.125,23.21,-0.23
1996-04-01T12:00:00Z,0.0,24.125,196.125,22.47,-0.76
1996-04-01T12:00:00Z,0.0,24.125,200.125,21.82,-1.3
1996-04-01T12:00:00Z,0.0,24.125,204.125,22.24,-0.61
1996-04-01T12:00:00Z,0.0,24.125,208.125,21.51,-1.11
1996-04-01T12:00:00Z,0.0,24.125,212.125,21.47,-0.76
1996-04-01T12:00:00Z,0.0,24.125,216.125,21.66,-0.23
1996-04-01T12:00:00Z,0.0,24.125,220.125,21.86,0.49
1996-04-01T12:00:00Z,0.0,24.125,224.125,22.04,1.18
1996-04-01T12:00:00Z,0.0,24.125,228.125,21.24,0.94
1996-04-01T12:00:00Z,0.0,24.125,232.125,20.48,0.76
1996-04-01T12:00:00Z,0.0,24.125,236.125,19.62,0.48
1996-04-01T12:00:00Z,0.0,24.125,240.125,18.72,-0.11
1996-04-01T12:00:00Z,0.0,24.125,244.125,20.5,1.3
1996-04-01T12:00:00Z,0.0,24.125,248.125,18.57,-1.28
1996-04-01T12:00:00Z,0.0,24.125,252.125,23.47,1.13
1996-04-01T12:00:00Z,0.0,24.125,256.125,NaN,NaN
1996-04-01T12:00:00Z,0.0,24.125,260.125,NaN,NaN
1996-04-01T12:00:00Z,0.0,24.125,264.125,22.65,-0.91
1996-04-01T12:00:00Z,0.0,24.125,268.125,22.94,-0.83
1996-04-01T12:00:00Z,0.0,24.125,272.125,24.79,-0.52
1996-04-01T12:00:00Z,0.0,24.125,276.125,24.22,-1.15
1996-04-01T12:00:00Z,0.0,24.125,280.125,24.97,-0.26
1996-04-01T12:00:00Z,0.0,24.125,284.125,24.56,-0.32
1996-04-01T12:00:00Z,0.0,24.125,288.125,24.71,0.02
1996-04-01T12:00:00Z,0.0,24.125,292.125,24.68,-0.04
1996-04-01T12:00:00Z,0.0,24.125,296.125,24.49,-0.1
1996-04-01T12:00:00Z,0.0,24.125,300.125,24.14,-0.21
1996-04-01T12:00:00Z,0.0,24.125,304.125,24.18,0.14
1996-04-01T12:00:00Z,0.0,24.125,308.125,23.48,-0.22
1996-04-01T12:00:00Z,0.0,24.125,312.125,23.07,-0.33
1996-04-01T12:00:00Z,0.0,24.125,316.125,22.6,-0.54
1996-04-01T12:00:00Z,0.0,24.125,320.125,22.53,-0.26
1996-04-01T12:00:00Z,0.0,24.125,324.125,22.23,-0.13
1996-04-01T12:00:00Z,0.0,24.125,328.125,22.21,0.25
1996-04-01T12:00:00Z,0.0,24.125,332.125,21.16,-0.36
1996-04-01T12:00:00Z,0.0,24.125,336.125,21.31,0.38
1996-04-01T12:00:00Z,0.0,24.125,340.125,20.48,0.37
1996-04-01T12:00:00Z,0.0,24.125,344.125,17.54,-0.92
1996-04-01T12:00:00Z,0.0,24.125,348.125,NaN,NaN
1996-04-01T12:00:00Z,0.0,24.125,352.125,NaN,NaN
1996-04-01T12:00:00Z,0.0,24.125,356.125,NaN,NaN
1996-04-01T12:00:00Z,0.0,28.125,0.125,NaN,NaN
1996-04-01T12:00:00Z,0.0,28.125,4.125,NaN,NaN
1996-04-01T12:00:00Z,0.0,28.125,8.125,NaN,NaN
1996-04-01T12:00:00Z,0.0,28.125,12.125,NaN,NaN
1996-04-01T12:00:00Z,0.0,28.125,16.125,NaN,NaN
1996-04-01T12:00:00Z,0.0,28.125,20.125,NaN,NaN
1996-04-01T12:00:00Z,0.0,28.125,24.125,NaN,NaN
1996-04-01T12:00:00Z,0.0,28.125,28.125,NaN,NaN
1996-04-01T12:00:00Z,0.0,28.125,32.125,NaN,NaN
1996-04-01T12:00:00Z,0.0,28.125,36.125,NaN,NaN
1996-04-01T12:00:00Z,0.0,28.125,40.125,NaN,NaN
1996-04-01T12:00:00Z,0.0,28.125,44.125,NaN,NaN
1996-04-01T12:00:00Z,0.0,28.125,48.125,NaN,NaN
1996-04-01T12:00:00Z,0.0,28.125,52.125,NaN,NaN
1996-04-01T12:00:00Z,0.0,28.125,56.125,NaN,NaN
1996-04-01T12:00:00Z,0.0,28.125,60.125,NaN,NaN
1996-04-01T12:00:00Z,0.0,28.125,64.125,NaN,NaN
1996-04-01T12:00:00Z,0.0,28.125,68.125,NaN,NaN
1996-04-01T12:00:00Z,0.0,28.125,72.125,NaN,NaN
1996-04-01T12:00:00Z,0.0,28.125,76.125,NaN,NaN
1996-04-01T12:00:00Z,0.0,28.125,80.125,NaN,NaN
1996-04-01T12:00:00Z,0.0,28.125,84.125,NaN,NaN
1996-04-01T12:00:00Z,0.0,28.125,88.125,NaN,NaN
1996-04-01T12:00:00Z,0.0,28.125,92.125,NaN,NaN
1996-04-01T12:00:00Z,0.0,28.125,96.125,NaN,NaN
1996-04-01T12:00:00Z,0.0,28.125,100.125,NaN,NaN
1996-04-01T12:00:00Z,0.0,28.125,104.125,NaN,NaN
1996-04-01T12:00:00Z,0.0,28.125,108.125,NaN,NaN
1996-04-01T12:00:00Z,0.0,28.125,112.125,NaN,NaN
1996-04-01T12:00:00Z,0.0,28.125,116.125,NaN,NaN
1996-04-01T12:00:00Z,0.0,28.125,120.125,NaN,NaN
1996-04-01T12:00:00Z,0.0,28.125,124.125,18.14,0.08
1996-04-01T12:00:00Z,0.0,28.125,128.125,22.12,0.13
1996-04-01T12:00:00Z,0.0,28.125,132.125,21.02,-0.04
1996-04-01T12:00:00Z,0.0,28.125,136.125,19.84,-0.33
1996-04-01T12:00:00Z,0.0,28.125,140.125,19.59,-0.83
1996-04-01T12:00:00Z,0.0,28.125,144.125,19.1,-1.28
1996-04-01T12:00:00Z,0.0,28.125,148.125,21.18,0.62
1996-04-01T12:00:00Z,0.0,28.125,152.125,21.55,0.97
1996-04-01T12:00:00Z,0.0,28.125,156.125,19.8,-0.69
1996-04-01T12:00:00Z,0.0,28.125,160.125,20.22,-0.38
1996-04-01T12:00:00Z,0.0,28.125,164.125,20.19,-0.53
1996-04-01T12:00:00Z,0.0,28.125,168.125,20.18,-0.62
1996-04-01T12:00:00Z,0.0,28.125,172.125,19.57,-1.03
1996-04-01T12:00:00Z,0.0,28.125,176.125,21.09,0.5
1996-04-01T12:00:00Z,0.0,28.125,180.125,21.25,0.66
1996-04-01T12:00:00Z,0.0,28.125,184.125,20.65,0.17
1996-04-01T12:00:00Z,0.0,28.125,188.125,19.14,-1.23
1996-04-01T12:00:00Z,0.0,28.125,192.125,20.5,0.03
1996-04-01T12:00:00Z,0.0,28.125,196.125,19.74,-0.89
1996-04-01T12:00:00Z,0.0,28.125,200.125,19.8,-0.96
1996-04-01T12:00:00Z,0.0,28.125,204.125,19.95,-0.7
1996-04-01T12:00:00Z,0.0,28.125,208.125,20.47,-0.06
1996-04-01T12:00:00Z,0.0,28.125,212.125,19.45,-0.93
1996-04-01T12:00:00Z,0.0,28.125,216.125,19.88,-0.16
1996-04-01T12:00:00Z,0.0,28.125,220.125,20.07,0.49
1996-04-01T12:00:00Z,0.0,28.125,224.125,19.88,0.77
1996-04-01T12:00:00Z,0.0,28.125,228.125,19.71,1.17
1996-04-01T12:00:00Z,0.0,28.125,232.125,19.59,1.64
1996-04-01T12:00:00Z,0.0,28.125,236.125,19.02,1.77
1996-04-01T12:00:00Z,0.0,28.125,240.125,17.82,1.05
1996-04-01T12:00:00Z,0.0,28.125,244.125,16.1,-0.29
1996-04-01T12:00:00Z,0.0,28.125,248.125,20.42,1.42
1996-04-01T12:00:00Z,0.0,28.125,252.125,NaN,NaN
1996-04-01T12:00:00Z,0.0,28.125,256.125,NaN,NaN
1996-04-01T12:00:00Z,0.0,28.125,260.125,NaN,NaN
1996-04-01T12:00:00Z,0.0,28.125,264.125,17.79,-2.91
1996-04-01T12:00:00Z,0.0,28.125,268.125,20.54,-0.82
1996-04-01T12:00:00Z,0.0,28.125,272.125,20.96,-1.83
1996-04-01T12:00:00Z,0.0,28.125,276.125,17.93,-3.26
1996-04-01T12:00:00Z,0.0,28.125,280.125,21.77,-2.47
1996-04-01T12:00:00Z,0.0,28.125,284.125,22.38,-0.49
1996-04-01T12:00:00Z,0.0,28.125,288.125,22.26,-0.09
1996-04-01T12:00:00Z,0.0,28.125,292.125,22.98,0.61
1996-04-01T12:00:00Z,0.0,28.125,296.125,21.11,-1.09
1996-04-01T12:00:00Z,0.0,28.125,300.125,21.22,-1.12
1996-04-01T12:00:00Z,0.0,28.125,304.125,21.84,-0.37
1996-04-01T12:00:00Z,0.0,28.125,308.125,21.49,-0.49
1996-04-01T12:00:00Z,0.0,28.125,312.125,21.2,-0.51
1996-04-01T12:00:00Z,0.0,28.125,316.125,21.39,-0.06
1996-04-01T12:00:00Z,0.0,28.125,320.125,20.71,-0.5
1996-04-01T12:00:00Z,0.0,28.125,324.125,20.53,-0.38
1996-04-01T12:00:00Z,0.0,28.125,328.125,20.68,0.19
1996-04-01T12:00:00Z,0.0,28.125,332.125,20.01,-0.1
1996-04-01T12:00:00Z,0.0,28.125,336.125,19.52,-0.23
1996-04-01T12:00:00Z,0.0,28.125,340.125,19.63,0.24
1996-04-01T12:00:00Z,0.0,28.125,344.125,19.75,0.99
1996-04-01T12:00:00Z,0.0,28.125,348.125,NaN,NaN
1996-04-01T12:00:00Z,0.0,28.125,352.125,NaN,NaN
1996-04-01T12:00:00Z,0.0,28.125,356.125,NaN,NaN
1996-04-01T12:00:00Z,0.0,32.125,0.125,NaN,NaN
1996-04-01T12:00:00Z,0.0,32.125,4.125,NaN,NaN
1996-04-01T12:00:00Z,0.0,32.125,8.125,NaN,NaN
1996-04-01T12:00:00Z,0.0,32.125,12.125,NaN,NaN
1996-04-01T12:00:00Z,0.0,32.125,16.125,17.11,0.33
1996-04-01T12:00:00Z,0.0,32.125,20.125,NaN,NaN
1996-04-01T12:00:00Z,0.0,32.125,24.125,16.56,-0.43
1996-04-01T12:00:00Z,0.0,32.125,28.125,16.89,-0.2
1996-04-01T12:00:00Z,0.0,32.125,32.125,16.78,-0.66
1996-04-01T12:00:00Z,0.0,32.125,36.125,NaN,NaN
1996-04-01T12:00:00Z,0.0,32.125,40.125,NaN,NaN
1996-04-01T12:00:00Z,0.0,32.125,44.125,NaN,NaN
1996-04-01T12:00:00Z,0.0,32.125,48.125,NaN,NaN
1996-04-01T12:00:00Z,0.0,32.125,52.125,NaN,NaN
1996-04-01T12:00:00Z,0.0,32.125,56.125,NaN,NaN
1996-04-01T12:00:00Z,0.0,32.125,60.125,NaN,NaN
1996-04-01T12:00:00Z,0.0,32.125,64.125,NaN,NaN
1996-04-01T12:00:00Z,0.0,32.125,68.125,NaN,NaN
1996-04-01T12:00:00Z,0.0,32.125,72.125,NaN,NaN
1996-04-01T12:00:00Z,0.0,32.125,76.125,NaN,NaN
1996-04-01T12:00:00Z,0.0,32.125,80.125,NaN,NaN
1996-04-01T12:00:00Z,0.0,32.125,84.125,NaN,NaN
1996-04-01T12:00:00Z,0.0,32.125,88.125,NaN,NaN
1996-04-01T12:00:00Z,0.0,32.125,92.125,NaN,NaN
1996-04-01T12:00:00Z,0.0,32.125,96.125,NaN,NaN
1996-04-01T12:00:00Z,0.0,32.125,100.125,NaN,NaN
1996-04-01T12:00:00Z,0.0,32.125,104.125,NaN,NaN
1996-04-01T12:00:00Z,0.0,32.125,108.125,NaN,NaN
1996-04-01T12:00:00Z,0.0,32.125,112.125,NaN,NaN
1996-04-01T12:00:00Z,0.0,32.125,116.125,NaN,NaN
1996-04-01T12:00:00Z,0.0,32.125,120.125,NaN,NaN
1996-04-01T12:00:00Z,0.0,32.125,124.125,9.38,-2.18
1996-04-01T12:00:00Z,0.0,32.125,128.125,16.38,-0.99
1996-04-01T12:00:00Z,0.0,32.125,132.125,17.7,-1.83
1996-04-01T12:00:00Z,0.0,32.125,136.125,18.11,-1.23
1996-04-01T12:00:00Z,0.0,32.125,140.125,18.52,-0.43
1996-04-01T12:00:00Z,0.0,32.125,144.125,18.21,-0.05
1996-04-01T12:00:00Z,0.0,32.125,148.125,17.87,0.0
1996-04-01T12:00:00Z,0.0,32.125,152.125,17.63,-0.2
1996-04-01T12:00:00Z,0.0,32.125,156.125,16.39,-1.24
1996-04-01T12:00:00Z,0.0,32.125,160.125,16.7,-0.81
1996-04-01T12:00:00Z,0.0,32.125,164.125,15.68,-1.81
1996-04-01T12:00:00Z,0.0,32.125,168.125,16.31,-0.97
1996-04-01T12:00:00Z,0.0,32.125,172.125,16.16,-1.11
1996-04-01T12:00:00Z,0.0,32.125,176.125,15.47,-1.56
1996-04-01T12:00:00Z,0.0,32.125,180.125,16.39,-0.67
1996-04-01T12:00:00Z,0.0,32.125,184.125,16.07,-0.92
1996-04-01T12:00:00Z,0.0,32.125,188.125,15.25,-1.62
1996-04-01T12:00:00Z,0.0,32.125,192.125,15.26,-1.51
1996-04-01T12:00:00Z,0.0,32.125,196.125,15.2,-1.57
1996-04-01T12:00:00Z,0.0,32.125,200.125,14.89,-1.96
1996-04-01T12:00:00Z,0.0,32.125,204.125,16.06,-1.05
1996-04-01T12:00:00Z,0.0,32.125,208.125,15.55,-1.68
1996-04-01T12:00:00Z,0.0,32.125,212.125,16.04,-1.36
1996-04-01T12:00:00Z,0.0,32.125,216.125,17.32,-0.1
1996-04-01T12:00:00Z,0.0,32.125,220.125,17.64,0.42
1996-04-01T12:00:00Z,0.0,32.125,224.125,17.71,0.77
1996-04-01T12:00:00Z,0.0,32.125,228.125,17.8,1.3
1996-04-01T12:00:00Z,0.0,32.125,232.125,16.69,0.98
1996-04-01T12:00:00Z,0.0,32.125,236.125,16.2,1.28
1996-04-01T12:00:00Z,0.0,32.125,240.125,14.97,0.32
1996-04-01T12:00:00Z,0.0,32.125,244.125,NaN,NaN
1996-04-01T12:00:00Z,0.0,32.125,248.125,NaN,NaN
1996-04-01T12:00:00Z,0.0,32.125,252.125,NaN,NaN
1996-04-01T12:00:00Z,0.0,32.125,256.125,NaN,NaN
1996-04-01T12:00:00Z,0.0,32.125,260.125,NaN,NaN
1996-04-01T12:00:00Z,0.0,32.125,264.125,NaN,NaN
1996-04-01T12:00:00Z,0.0,32.125,268.125,NaN,NaN
1996-04-01T12:00:00Z,0.0,32.125,272.125,NaN,NaN
1996-04-01T12:00:00Z,0.0,32.125,276.125,NaN,NaN
1996-04-01T12:00:00Z,0.0,32.125,280.125,16.98,-4.04
1996-04-01T12:00:00Z,0.0,32.125,284.125,21.14,-1.42
1996-04-01T12:00:00Z,0.0,32.125,288.125,19.52,-0.32
1996-04-01T12:00:00Z,0.0,32.125,292.125,18.85,-0.66
1996-04-01T12:00:00Z,0.0,32.125,296.125,18.84,-0.87
1996-04-01T12:00:00Z,0.0,32.125,300.125,19.58,-0.18
1996-04-01T12:00:00Z,0.0,32.125,304.125,20.13,0.27
1996-04-01T12:00:00Z,0.0,32.125,308.125,19.05,-0.73
1996-04-01T12:00:00Z,0.0,32.125,312.125,17.92,-1.82
1996-04-01T12:00:00Z,0.0,32.125,316.125,18.62,-0.93
1996-04-01T12:00:00Z,0.0,32.125,320.125,18.11,-1.32
1996-04-01T12:00:00Z,0.0,32.125,324.125,18.89,-0.48
1996-04-01T12:00:00Z,0.0,32.125,328.125,18.35,-0.79
1996-04-01T12:00:00Z,0.0,32.125,332.125,18.14,-0.61
1996-04-01T12:00:00Z,0.0,32.125,336.125,17.88,-0.64
1996-04-01T12:00:00Z,0.0,32.125,340.125,17.96,-0.21
1996-04-01T12:00:00Z,0.0,32.125,344.125,18.44,0.65
1996-04-01T12:00:00Z,0.0,32.125,348.125,18.46,1.1
1996-04-01T12:00:00Z,0.0,32.125,352.125,NaN,NaN
1996-04-01T12:00:00Z,0.0,32.125,356.125,NaN,NaN
1996-04-01T12:00:00Z,0.0,36.125,0.125,16.01,0.27
1996-04-01T12:00:00Z,0.0,36.125,4.125,NaN,NaN
1996-04-01T12:00:00Z,0.0,36.125,8.125,NaN,NaN
1996-04-01T12:00:00Z,0.0,36.125,12.125,15.07,-0.21
1996-04-01T12:00:00Z,0.0,36.125,16.125,15.69,0.02
1996-04-01T12:00:00Z,0.0,36.125,20.125,15.04,-0.49
1996-04-01T12:00:00Z,0.0,36.125,24.125,14.72,-0.87
1996-04-01T12:00:00Z,0.0,36.125,28.125,16.12,-0.39
1996-04-01T12:00:00Z,0.0,36.125,32.125,16.75,-0.05
1996-04-01T12:00:00Z,0.0,36.125,36.125,NaN,NaN
1996-04-01T12:00:00Z,0.0,36.125,40.125,NaN,NaN
1996-04-01T12:00:00Z,0.0,36.125,44.125,NaN,NaN
1996-04-01T12:00:00Z,0.0,36.125,48.125,NaN,NaN
1996-04-01T12:00:00Z,0.0,36.125,52.125,NaN,NaN
1996-04-01T12:00:00Z,0.0,36.125,56.125,NaN,NaN
1996-04-01T12:00:00Z,0.0,36.125,60.125,NaN,NaN
1996-04-01T12:00:00Z,0.0,36.125,64.125,NaN,NaN
1996-04-01T12:00:00Z,0.0,36.125,68.125,NaN,NaN
1996-04-01T12:00:00Z,0.0,36.125,72.125,NaN,NaN
1996-04-01T12:00:00Z,0.0,36.125,76.125,NaN,NaN
1996-04-01T12:00:00Z,0.0,36.125,80.125,NaN,NaN
1996-04-01T12:00:00Z,0.0,36.125,84.125,NaN,NaN
1996-04-01T12:00:00Z,0.0,36.125,88.125,NaN,NaN
1996-04-01T12:00:00Z,0.0,36.125,92.125,NaN,NaN
1996-04-01T12:00:00Z,0.0,36.125,96.125,NaN,NaN
1996-04-01T12:00:00Z,0.0,36.125,100.125,NaN,NaN
1996-04-01T12:00:00Z,0.0,36.125,104.125,NaN,NaN
1996-04-01T12:00:00Z,0.0,36.125,108.125,NaN,NaN
1996-04-01T12:00:00Z,0.0,36.125,112.125,NaN,NaN
1996-04-01T12:00:00Z,0.0,36.125,116.125,NaN,NaN
1996-04-01T12:00:00Z,0.0,36.125,120.125,NaN,NaN
1996-04-01T12:00:00Z,0.0,36.125,124.125,7.71,-0.81
1996-04-01T12:00:00Z,0.0,36.125,128.125,NaN,NaN
1996-04-01T12:00:00Z,0.0,36.125,132.125,11.27,-1.84
1996-04-01T12:00:00Z,0.0,36.125,136.125,10.51,-2.02
1996-04-01T12:00:00Z,0.0,36.125,140.125,NaN,NaN
1996-04-01T12:00:00Z,0.0,36.125,144.125,16.25,0.59
1996-04-01T12:00:00Z,0.0,36.125,148.125,16.27,0.61
1996-04-01T12:00:00Z,0.0,36.125,152.125,17.05,1.75
1996-04-01T12:00:00Z,0.0,36.125,156.125,13.76,-0.86
1996-04-01T12:00:00Z,0.0,36.125,160.125,14.18,-0.31
1996-04-01T12:00:00Z,0.0,36.125,164.125,13.83,-0.66
1996-04-01T12:00:00Z,0.0,36.125,168.125,11.95,-2.43
1996-04-01T12:00:00Z,0.0,36.125,172.125,13.86,-0.64
1996-04-01T12:00:00Z,0.0,36.125,176.125,12.39,-1.81
1996-04-01T12:00:00Z,0.0,36.125,180.125,13.03,-1.08
1996-04-01T12:00:00Z,0.0,36.125,184.125,13.45,-0.71
1996-04-01T12:00:00Z,0.0,36.125,188.125,13.0,-0.9
1996-04-01T12:00:00Z,0.0,36.125,192.125,11.78,-1.84
1996-04-01T12:00:00Z,0.0,36.125,196.125,11.89,-1.7
1996-04-01T12:00:00Z,0.0,36.125,200.125,11.96,-1.55
1996-04-01T12:00:00Z,0.0,36.125,204.125,11.49,-2.09
1996-04-01T12:00:00Z,0.0,36.125,208.125,12.59,-1.23
1996-04-01T12:00:00Z,0.0,36.125,212.125,13.51,-0.61
1996-04-01T12:00:00Z,0.0,36.125,216.125,14.45,0.0
1996-04-01T12:00:00Z,0.0,36.125,220.125,15.29,0.74
1996-04-01T12:00:00Z,0.0,36.125,224.125,15.51,0.91
1996-04-01T12:00:00Z,0.0,36.125,228.125,15.17,0.87
1996-04-01T12:00:00Z,0.0,36.125,232.125,14.56,0.94
1996-04-01T12:00:00Z,0.0,36.125,236.125,13.46,0.67
1996-04-01T12:00:00Z,0.0,36.125,240.125,NaN,NaN
1996-04-01T12:00:00Z,0.0,36.125,244.125,NaN,NaN
1996-04-01T12:00:00Z,0.0,36.125,248.125,NaN,NaN
1996-04-01T12:00:00Z,0.0,36.125,252.125,NaN,NaN
1996-04-01T12:00:00Z,0.0,36.125,256.125,NaN,NaN
1996-04-01T12:00:00Z,0.0,36.125,260.125,NaN,NaN
1996-04-01T12:00:00Z,0.0,36.125,264.125,NaN,NaN
1996-04-01T12:00:00Z,0.0,36.125,268.125,NaN,NaN
1996-04-01T12:00:00Z,0.0,36.125,272.125,NaN,NaN
1996-04-01T12:00:00Z,0.0,36.125,276.125,NaN,NaN
1996-04-01T12:00:00Z,0.0,36.125,280.125,NaN,NaN
1996-04-01T12:00:00Z,0.0,36.125,284.125,8.12,-6.55
1996-04-01T12:00:00Z,0.0,36.125,288.125,20.8,0.83
1996-04-01T12:00:00Z,0.0,36.125,292.125,17.78,-2.09
1996-04-01T12:00:00Z,0.0,36.125,296.125,18.57,-0.87
1996-04-01T12:00:00Z,0.0,36.125,300.125,17.93,-0.64
1996-04-01T12:00:00Z,0.0,36.125,304.125,18.09,-0.18
1996-04-01T12:00:00Z,0.0,36.125,308.125,17.91,-0.16
1996-04-01T12:00:00Z,0.0,36.125,312.125,17.64,-0.32
1996-04-01T12:00:00Z,0.0,36.125,316.125,17.23,-0.64
1996-04-01T12:00:00Z,0.0,36.125,320.125,16.21,-1.47
1996-04-01T12:00:00Z,0.0,36.125,324.125,16.63,-0.86
1996-04-01T12:00:00Z,0.0,36.125,328.125,15.86,-1.39
1996-04-01T12:00:00Z,0.0,36.125,332.125,16.25,-0.77
1996-04-01T12:00:00Z,0.0,36.125,336.125,16.35,-0.51
1996-04-01T12:00:00Z,0.0,36.125,340.125,15.0,-1.61
1996-04-01T12:00:00Z,0.0,36.125,344.125,16.07,-0.27
1996-04-01T12:00:00Z,0.0,36.125,348.125,16.78,0.54
1996-04-01T12:00:00Z,0.0,36.125,352.125,16.61,0.21
1996-04-01T12:00:00Z,0.0,36.125,356.125,15.48,-0.22
1996-04-01T12:00:00Z,0.0,40.125,0.125,14.12,-0.24
1996-04-01T12:00:00Z,0.0,40.125,4.125,13.75,-0.63
1996-04-01T12:00:00Z,0.0,40.125,8.125,13.69,-0.67
1996-04-01T12:00:00Z,0.0,40.125,12.125,14.41,-0.1
1996-04-01T12:00:00Z,0.0,40.125,16.125,NaN,NaN
1996-04-01T12:00:00Z,0.0,40.125,20.125,NaN,NaN
1996-04-01T12:00:00Z,0.0,40.125,24.125,11.28,-2.62
1996-04-01T12:00:00Z,0.0,40.125,28.125,NaN,NaN
1996-04-01T12:00:00Z,0.0,40.125,32.125,NaN,NaN
1996-04-01T12:00:00Z,0.0,40.125,36.125,NaN,NaN
1996-04-01T12:00:00Z,0.0,40.125,40.125,NaN,NaN
1996-04-01T12:00:00Z,0.0,40.125,44.125,NaN,NaN
1996-04-01T12:00:00Z,0.0,40.125,48.125,NaN,NaN
1996-04-01T12:00:00Z,0.0,40.125,52.125,9.59,-1.29
1996-04-01T12:00:00Z,0.0,40.125,56.125,NaN,NaN
1996-04-01T12:00:00Z,0.0,40.125,60.125,NaN,NaN
1996-04-01T12:00:00Z,0.0,40.125,64.125,NaN,NaN
1996-04-01T12:00:00Z,0.0,40.125,68.125,NaN,NaN
1996-04-01T12:00:00Z,0.0,40.125,72.125,NaN,NaN
1996-04-01T12:00:00Z,0.0,40.125,76.125,NaN,NaN
1996-04-01T12:00:00Z,0.0,40.125,80.125,NaN,NaN
1996-04-01T12:00:00Z,0.0,40.125,84.125,NaN,NaN
1996-04-01T12:00:00Z,0.0,40.125,88.125,NaN,NaN
1996-04-01T12:00:00Z,0.0,40.125,92.125,NaN,NaN
1996-04-01T12:00:00Z,0.0,40.125,96.125,NaN,NaN
1996-04-01T12:00:00Z,0.0,40.125,100.125,NaN,NaN
1996-04-01T12:00:00Z,0.0,40.125,104.125,NaN,NaN
1996-04-01T12:00:00Z,0.0,40.125,108.125,NaN,NaN
1996-04-01T12:00:00Z,0.0,40.125,112.125,NaN,NaN
1996-04-01T12:00:00Z,0.0,40.125,116.125,NaN,NaN
1996-04-01T12:00:00Z,0.0,40.125,120.125,4.69,0.52
1996-04-01T12:00:00Z,0.0,40.125,124.125,NaN,NaN
1996-04-01T12:00:00Z,0.0,40.125,128.125,NaN,NaN
1996-04-01T12:00:00Z,0.0,40.125,132.125,6.89,0.09
1996-04-01T12:00:00Z,0.0,40.125,136.125,6.54,-0.4
1996-04-01T12:00:00Z,0.0,40.125,140.125,NaN,NaN
1996-04-01T12:00:00Z,0.0,40.125,144.125,5.41,-0.88
1996-04-01T12:00:00Z,0.0,40.125,148.125,5.29,-2.54
1996-04-01T12:00:00Z,0.0,40.125,152.125,8.65,-0.61
1996-04-01T12:00:00Z,0.0,40.125,156.125,8.17,-1.44
1996-04-01T12:00:00Z,0.0,40.125,160.125,9.25,-0.21
1996-04-01T12:00:00Z,0.0,40.125,164.125,10.51,1.13
1996-04-01T12:00:00Z,0.0,40.125,168.125,11.07,0.55
1996-04-01T12:00:00Z,0.0,40.125,172.125,10.6,0.18
1996-04-01T12:00:00Z,0.0,40.125,176.125,10.34,-0.13
1996-04-01T12:00:00Z,0.0,40.125,180.125,10.38,-0.22
1996-04-01T12:00:00Z,0.0,40.125,184.125,10.93,0.23
1996-04-01T12:00:00Z,0.0,40.125,188.125,10.46,-0.27
1996-04-01T12:00:00Z,0.0,40.125,192.125,10.21,-0.35
1996-04-01T12:00:00Z,0.0,40.125,196.125,10.11,-0.43
1996-04-01T12:00:00Z,0.0,40.125,200.125,10.26,-0.35
1996-04-01T12:00:00Z,0.0,40.125,204.125,9.57,-1.11
1996-04-01T12:00:00Z,0.0,40.125,208.125,9.6,-1.31
1996-04-01T12:00:00Z,0.0,40.125,212.125,9.95,-1.25
1996-04-01T12:00:00Z,0.0,40.125,216.125,12.02,0.42
1996-04-01T12:00:00Z,0.0,40.125,220.125,13.25,1.31
1996-04-01T12:00:00Z,0.0,40.125,224.125,13.17,0.91
1996-04-01T12:00:00Z,0.0,40.125,228.125,13.57,1.41
1996-04-01T12:00:00Z,0.0,40.125,232.125,12.14,0.49
1996-04-01T12:00:00Z,0.0,40.125,236.125,NaN,NaN
1996-04-01T12:00:00Z,0.0,40.125,240.125,NaN,NaN
1996-04-01T12:00:00Z,0.0,40.125,244.125,NaN,NaN
1996-04-01T12:00:00Z,0.0,40.125,248.125,NaN,NaN
1996-04-01T12:00:00Z,0.0,40.125,252.125,NaN,NaN
1996-04-01T12:00:00Z,0.0,40.125,256.125,NaN,NaN
1996-04-01T12:00:00Z,0.0,40.125,260.125,NaN,NaN
1996-04-01T12:00:00Z,0.0,40.125,264.125,NaN,NaN
1996-04-01T12:00:00Z,0.0,40.125,268.125,NaN,NaN
1996-04-01T12:00:00Z,0.0,40.125,272.125,NaN,NaN
1996-04-01T12:00:00Z,0.0,40.125,276.125,NaN,NaN
1996-04-01T12:00:00Z,0.0,40.125,280.125,NaN,NaN
1996-04-01T12:00:00Z,0.0,40.125,284.125,NaN,NaN
1996-04-01T12:00:00Z,0.0,40.125,288.125,5.52,-1.93
1996-04-01T12:00:00Z,0.0,40.125,292.125,7.52,-2.43
1996-04-01T12:00:00Z,0.0,40.125,296.125,11.57,-2.97
1996-04-01T12:00:00Z,0.0,40.125,300.125,16.18,-0.72
1996-04-01T12:00:00Z,0.0,40.125,304.125,18.5,1.12
1996-04-01T12:00:00Z,0.0,40.125,308.125,17.72,1.17
1996-04-01T12:00:00Z,0.0,40.125,312.125,16.93,0.48
1996-04-01T12:00:00Z,0.0,40.125,316.125,16.35,-0.47
1996-04-01T12:00:00Z,0.0,40.125,320.125,16.48,0.29
1996-04-01T12:00:00Z,0.0,40.125,324.125,15.44,-0.56
1996-04-01T12:00:00Z,0.0,40.125,328.125,15.35,-0.3
1996-04-01T12:00:00Z,0.0,40.125,332.125,14.91,-0.23
1996-04-01T12:00:00Z,0.0,40.125,336.125,14.39,-0.61
1996-04-01T12:00:00Z,0.0,40.125,340.125,13.98,-0.76
1996-04-01T12:00:00Z,0.0,40.125,344.125,13.93,-0.53
1996-04-01T12:00:00Z,0.0,40.125,348.125,14.46,-0.04
1996-04-01T12:00:00Z,0.0,40.125,352.125,NaN,NaN
1996-04-01T12:00:00Z,0.0,40.125,356.125,NaN,NaN
1996-04-01T12:00:00Z,0.0,44.125,0.125,NaN,NaN
1996-04-01T12:00:00Z,0.0,44.125,4.125,NaN,NaN
1996-04-01T12:00:00Z,0.0,44.125,8.125,NaN,NaN
1996-04-01T12:00:00Z,0.0,44.125,12.125,NaN,NaN
1996-04-01T12:00:00Z,0.0,44.125,16.125,NaN,NaN
1996-04-01T12:00:00Z,0.0,44.125,20.125,NaN,NaN
1996-04-01T12:00:00Z,0.0,44.125,24.125,NaN,NaN
1996-04-01T12:00:00Z,0.0,44.125,28.125,NaN,NaN
1996-04-01T12:00:00Z,0.0,44.125,32.125,7.8,-0.69
1996-04-01T12:00:00Z,0.0,44.125,36.125,8.49,-0.34
1996-04-01T12:00:00Z,0.0,44.125,40.125,NaN,NaN
1996-04-01T12:00:00Z,0.0,44.125,44.125,NaN,NaN
1996-04-01T12:00:00Z,0.0,44.125,48.125,4.79,-1.01
1996-04-01T12:00:00Z,0.0,44.125,52.125,NaN,NaN
1996-04-01T12:00:00Z,0.0,44.125,56.125,NaN,NaN
1996-04-01T12:00:00Z,0.0,44.125,60.125,NaN,NaN
1996-04-01T12:00:00Z,0.0,44.125,64.125,NaN,NaN
1996-04-01T12:00:00Z,0.0,44.125,68.125,NaN,NaN
1996-04-01T12:00:00Z,0.0,44.125,72.125,NaN,NaN
1996-04-01T12:00:00Z,0.0,44.125,76.125,NaN,NaN
1996-04-01T12:00:00Z,0.0,44.125,80.125,NaN,NaN
1996-04-01T12:00:00Z,0.0,44.125,84.125,NaN,NaN
1996-04-01T12:00:00Z,0.0,44.125,88.125,NaN,NaN
1996-04-01T12:00:00Z,0.0,44.125,92.125,NaN,NaN
1996-04-01T12:00:00Z,0.0,44.125,96.125,NaN,NaN
1996-04-01T12:00:00Z,0.0,44.125,100.125,NaN,NaN
1996-04-01T12:00:00Z,0.0,44.125,104.125,NaN,NaN
1996-04-01T12:00:00Z,0.0,44.125,108.125,NaN,NaN
1996-04-01T12:00:00Z,0.0,44.125,112.125,NaN,NaN
1996-04-01T12:00:00Z,0.0,44.125,116.125,NaN,NaN
1996-04-01T12:00:00Z,0.0,44.125,120.125,NaN,NaN
1996-04-01T12:00:00Z,0.0,44.125,124.125,NaN,NaN
1996-04-01T12:00:00Z,0.0,44.125,128.125,NaN,NaN
1996-04-01T12:00:00Z,0.0,44.125,132.125,NaN,NaN
1996-04-01T12:00:00Z,0.0,44.125,136.125,1.97,-0.5
1996-04-01T12:00:00Z,0.0,44.125,140.125,5.76,0.8
1996-04-01T12:00:00Z,0.0,44.125,144.125,0.15,-0.57
1996-04-01T12:00:00Z,0.0,44.125,148.125,1.96,0.49
1996-04-01T12:00:00Z,0.0,44.125,152.125,1.84,-0.26
1996-04-01T12:00:00Z,0.0,44.125,156.125,1.69,-1.53
1996-04-01T12:00:00Z,0.0,44.125,160.125,2.95,-1.11
1996-04-01T12:00:00Z,0.0,44.125,164.125,4.37,-0.07
1996-04-01T12:00:00Z,0.0,44.125,168.125,4.86,0.61
1996-04-01T12:00:00Z,0.0,44.125,172.125,6.98,1.64
1996-04-01T12:00:00Z,0.0,44.125,176.125,8.7,2.46
1996-04-01T12:00:00Z,0.0,44.125,180.125,7.77,1.14
1996-04-01T12:00:00Z,0.0,44.125,184.125,7.82,0.94
1996-04-01T12:00:00Z,0.0,44.125,188.125,8.12,1.09
1996-04-01T12:00:00Z,0.0,44.125,192.125,8.04,0.82
1996-04-01T12:00:00Z,0.0,44.125,196.125,8.57,1.16
1996-04-01T12:00:00Z,0.0,44.125,200.125,8.51,0.89
1996-04-01T12:00:00Z,0.0,44.125,204.125,8.4,0.58
1996-04-01T12:00:00Z,0.0,44.125,208.125,8.76,0.63
1996-04-01T12:00:00Z,0.0,44.125,212.125,8.92,0.37
1996-04-01T12:00:00Z,0.0,44.125,216.125,9.55,0.61
1996-04-01T12:00:00Z,0.0,44.125,220.125,9.99,0.59
1996-04-01T12:00:00Z,0.0,44.125,224.125,10.57,0.78
1996-04-01T12:00:00Z,0.0,44.125,228.125,10.49,0.43
1996-04-01T12:00:00Z,0.0,44.125,232.125,9.38,-0.65
1996-04-01T12:00:00Z,0.0,44.125,236.125,NaN,NaN
1996-04-01T12:00:00Z,0.0,44.125,240.125,NaN,NaN
1996-04-01T12:00:00Z,0.0,44.125,244.125,NaN,NaN
1996-04-01T12:00:00Z,0.0,44.125,248.125,NaN,NaN
1996-04-01T12:00:00Z,0.0,44.125,252.125,NaN,NaN
1996-04-01T12:00:00Z,0.0,44.125,256.125,NaN,NaN
1996-04-01T12:00:00Z,0.0,44.125,260.125,NaN,NaN
1996-04-01T12:00:00Z,0.0,44.125,264.125,NaN,NaN
1996-04-01T12:00:00Z,0.0,44.125,268.125,NaN,NaN
1996-04-01T12:00:00Z,0.0,44.125,272.125,NaN,NaN
1996-04-01T12:00:00Z,0.0,44.125,276.125,NaN,NaN
1996-04-01T12:00:00Z,0.0,44.125,280.125,NaN,NaN
1996-04-01T12:00:00Z,0.0,44.125,284.125,NaN,NaN
1996-04-01T12:00:00Z,0.0,44.125,288.125,NaN,NaN
1996-04-01T12:00:00Z,0.0,44.125,292.125,3.96,-0.18
1996-04-01T12:00:00Z,0.0,44.125,296.125,0.73,-0.78
1996-04-01T12:00:00Z,0.0,44.125,300.125,1.95,-0.6
1996-04-01T12:00:00Z,0.0,44.125,304.125,5.0,1.33
1996-04-01T12:00:00Z,0.0,44.125,308.125,2.73,-0.03
1996-04-01T12:00:00Z,0.0,44.125,312.125,4.87,-0.85
1996-04-01T12:00:00Z,0.0,44.125,316.125,14.6,1.09
1996-04-01T12:00:00Z,0.0,44.125,320.125,14.52,-0.07
1996-04-01T12:00:00Z,0.0,44.125,324.125,14.46,0.25
1996-04-01T12:00:00Z,0.0,44.125,328.125,14.41,0.18
1996-04-01T12:00:00Z,0.0,44.125,332.125,13.72,-0.14
1996-04-01T12:00:00Z,0.0,44.125,336.125,13.03,-0.48
1996-04-01T12:00:00Z,0.0,44.125,340.125,12.77,-0.4
1996-04-01T12:00:00Z,0.0,44.125,344.125,12.95,0.08
1996-04-01T12:00:00Z,0.0,44.125,348.125,12.63,-0.1
1996-04-01T12:00:00Z,0.0,44.125,352.125,12.9,0.23
1996-04-01T12:00:00Z,0.0,44.125,356.125,13.05,0.45
1996-04-01T12:00:00Z,0.0,48.125,0.125,NaN,NaN
1996-04-01T12:00:00Z,0.0,48.125,4.125,NaN,NaN
1996-04-01T12:00:00Z,0.0,48.125,8.125,NaN,NaN
1996-04-01T12:00:00Z,0.0,48.125,12.125,NaN,NaN
1996-04-01T12:00:00Z,0.0,48.125,16.125,NaN,NaN
1996-04-01T12:00:00Z,0.0,48.125,20.125,NaN,NaN
1996-04-01T12:00:00Z,0.0,48.125,24.125,NaN,NaN
1996-04-01T12:00:00Z,0.0,48.125,28.125,NaN,NaN
1996-04-01T12:00:00Z,0.0,48.125,32.125,NaN,NaN
1996-04-01T12:00:00Z,0.0,48.125,36.125,NaN,NaN
1996-04-01T12:00:00Z,0.0,48.125,40.125,NaN,NaN
1996-04-01T12:00:00Z,0.0,48.125,44.125,NaN,NaN
1996-04-01T12:00:00Z,0.0,48.125,48.125,NaN,NaN
1996-04-01T12:00:00Z,0.0,48.125,52.125,NaN,NaN
1996-04-01T12:00:00Z,0.0,48.125,56.125,NaN,NaN
1996-04-01T12:00:00Z,0.0,48.125,60.125,NaN,NaN
1996-04-01T12:00:00Z,0.0,48.125,64.125,NaN,NaN
1996-04-01T12:00:00Z,0.0,48.125,68.125,NaN,NaN
1996-04-01T12:00:00Z,0.0,48.125,72.125,NaN,NaN
1996-04-01T12:00:00Z,0.0,48.125,76.125,NaN,NaN
1996-04-01T12:00:00Z,0.0,48.125,80.125,NaN,NaN
1996-04-01T12:00:00Z,0.0,48.125,84.125,NaN,NaN
1996-04-01T12:00:00Z,0.0,48.125,88.125,NaN,NaN
1996-04-01T12:00:00Z,0.0,48.125,92.125,NaN,NaN
1996-04-01T12:00:00Z,0.0,48.125,96.125,NaN,NaN
1996-04-01T12:00:00Z,0.0,48.125,100.125,NaN,NaN
1996-04-01T12:00:00Z,0.0,48.125,104.125,NaN,NaN
1996-04-01T12:00:00Z,0.0,48.125,108.125,NaN,NaN
1996-04-01T12:00:00Z,0.0,48.125,112.125,NaN,NaN
1996-04-01T12:00:00Z,0.0,48.125,116.125,NaN,NaN
1996-04-01T12:00:00Z,0.0,48.125,120.125,NaN,NaN
1996-04-01T12:00:00Z,0.0,48.125,124.125,NaN,NaN
1996-04-01T12:00:00Z,0.0,48.125,128.125,NaN,NaN
1996-04-01T12:00:00Z,0.0,48.125,132.125,NaN,NaN
1996-04-01T12:00:00Z,0.0,48.125,136.125,NaN,NaN
1996-04-01T12:00:00Z,0.0,48.125,140.125,2.09,0.53
1996-04-01T12:00:00Z,0.0,48.125,144.125,-0.79,-0.64
1996-04-01T12:00:00Z,0.0,48.125,148.125,0.62,0.23
1996-04-01T12:00:00Z,0.0,48.125,152.125,2.05,0.68
1996-04-01T12:00:00Z,0.0,48.125,156.125,2.85,1.26
1996-04-01T12:00:00Z,0.0,48.125,160.125,1.97,-0.15
1996-04-01T12:00:00Z,0.0,48.125,164.125,1.69,-1.02
1996-04-01T12:00:00Z,0.0,48.125,168.125,2.6,-0.44
1996-04-01T12:00:00Z,0.0,48.125,172.125,3.24,-0.22
1996-04-01T12:00:00Z,0.0,48.125,176.125,4.08,0.37
1996-04-01T12:00:00Z,0.0,48.125,180.125,4.49,0.59
1996-04-01T12:00:00Z,0.0,48.125,184.125,5.04,0.87
1996-04-01T12:00:00Z,0.0,48.125,188.125,5.91,1.45
1996-04-01T12:00:00Z,0.0,48.125,192.125,7.01,2.19
1996-04-01T12:00:00Z,0.0,48.125,196.125,6.32,1.2
1996-04-01T12:00:00Z,0.0,48.125,200.125,5.68,0.38
1996-04-01T12:00:00Z,0.0,48.125,204.125,6.54,0.96
1996-04-01T12:00:00Z,0.0,48.125,208.125,6.61,0.68
1996-04-01T12:00:00Z,0.0,48.125,212.125,6.43,0.13
1996-04-01T12:00:00Z,0.0,48.125,216.125,7.32,0.5
1996-04-01T12:00:00Z,0.0,48.125,220.125,7.64,0.3
1996-04-01T12:00:00Z,0.0,48.125,224.125,7.94,0.12
1996-04-01T12:00:00Z,0.0,48.125,228.125,8.24,-0.03
1996-04-01T12:00:00Z,0.0,48.125,232.125,8.43,-0.45
1996-04-01T12:00:00Z,0.0,48.125,236.125,NaN,NaN
1996-04-01T12:00:00Z,0.0,48.125,240.125,NaN,NaN
1996-04-01T12:00:00Z,0.0,48.125,244.125,NaN,NaN
1996-04-01T12:00:00Z,0.0,48.125,248.125,NaN,NaN
1996-04-01T12:00:00Z,0.0,48.125,252.125,NaN,NaN
1996-04-01T12:00:00Z,0.0,48.125,256.125,NaN,NaN
1996-04-01T12:00:00Z,0.0,48.125,260.125,NaN,NaN
1996-04-01T12:00:00Z,0.0,48.125,264.125,NaN,NaN
1996-04-01T12:00:00Z,0.0,48.125,268.125,NaN,NaN
1996-04-01T12:00:00Z,0.0,48.125,272.125,0.65,-1.25
1996-04-01T12:00:00Z,0.0,48.125,276.125,NaN,NaN
1996-04-01T12:00:00Z,0.0,48.125,280.125,NaN,NaN
1996-04-01T12:00:00Z,0.0,48.125,284.125,NaN,NaN
1996-04-01T12:00:00Z,0.0,48.125,288.125,NaN,NaN
1996-04-01T12:00:00Z,0.0,48.125,292.125,NaN,NaN
1996-04-01T12:00:00Z,0.0,48.125,296.125,-0.64,-0.61
1996-04-01T12:00:00Z,0.0,48.125,300.125,-0.59,-0.51
1996-04-01T12:00:00Z,0.0,48.125,304.125,NaN,NaN
1996-04-01T12:00:00Z,0.0,48.125,308.125,-1.15,-1.22
1996-04-01T12:00:00Z,0.0,48.125,312.125,-0.12,-0.98
1996-04-01T12:00:00Z,0.0,48.125,316.125,4.72,-1.18
1996-04-01T12:00:00Z,0.0,48.125,320.125,12.77,0.94
1996-04-01T12:00:00Z,0.0,48.125,324.125,12.99,0.93
1996-04-01T12:00:00Z,0.0,48.125,328.125,12.32,0.28
1996-04-01T12:00:00Z,0.0,48.125,332.125,12.22,0.06
1996-04-01T12:00:00Z,0.0,48.125,336.125,11.89,-0.24
1996-04-01T12:00:00Z,0.0,48.125,340.125,12.29,0.12
1996-04-01T12:00:00Z,0.0,48.125,344.125,12.24,0.4
1996-04-01T12:00:00Z,0.0,48.125,348.125,11.51,-0.08
1996-04-01T12:00:00Z,0.0,48.125,352.125,11.42,0.28
1996-04-01T12:00:00Z,0.0,48.125,356.125,NaN,NaN
1996-04-01T12:00:00Z,0.0,52.125,0.125,NaN,NaN
1996-04-01T12:00:00Z,0.0,52.125,4.125,4.44,-2.45
1996-04-01T12:00:00Z,0.0,52.125,8.125,NaN,NaN
1996-04-01T12:00:00Z,0.0,52.125,12.125,NaN,NaN
1996-04-01T12:00:00Z,0.0,52.125,16.125,NaN,NaN
1996-04-01T12:00:00Z,0.0,52.125,20.125,NaN,NaN
1996-04-01T12:00:00Z,0.0,52.125,24.125,NaN,NaN
1996-04-01T12:00:00Z,0.0,52.125,28.125,NaN,NaN
1996-04-01T12:00:00Z,0.0,52.125,32.125,NaN,NaN
1996-04-01T12:00:00Z,0.0,52.125,36.125,NaN,NaN
1996-04-01T12:00:00Z,0.0,52.125,40.125,NaN,NaN
1996-04-01T12:00:00Z,0.0,52.125,44.125,NaN,NaN
1996-04-01T12:00:00Z,0.0,52.125,48.125,NaN,NaN
1996-04-01T12:00:00Z,0.0,52.125,52.125,NaN,NaN
1996-04-01T12:00:00Z,0.0,52.125,56.125,NaN,NaN
1996-04-01T12:00:00Z,0.0,52.125,60.125,NaN,NaN
1996-04-01T12:00:00Z,0.0,52.125,64.125,NaN,NaN
1996-04-01T12:00:00Z,0.0,52.125,68.125,NaN,NaN
1996-04-01T12:00:00Z,0.0,52.125,72.125,NaN,NaN
1996-04-01T12:00:00Z,0.0,52.125,76.125,NaN,NaN
1996-04-01T12:00:00Z,0.0,52.125,80.125,NaN,NaN
1996-04-01T12:00:00Z,0.0,52.125,84.125,NaN,NaN
1996-04-01T12:00:00Z,0.0,52.125,88.125,NaN,NaN
1996-04-01T12:00:00Z,0.0,52.125,92.125,NaN,NaN
1996-04-01T12:00:00Z,0.0,52.125,96.125,NaN,NaN
1996-04-01T12:00:00Z,0.0,52.125,100.125,NaN,NaN
1996-04-01T12:00:00Z,0.0,52.125,104.125,NaN,NaN
1996-04-01T12:00:00Z,0.0,52.125,108.125,NaN,NaN
1996-04-01T12:00:00Z,0.0,52.125,112.125,NaN,NaN
1996-04-01T12:00:00Z,0.0,52.125,116.125,NaN,NaN
1996-04-01T12:00:00Z,0.0,52.125,120.125,NaN,NaN
1996-04-01T12:00:00Z,0.0,52.125,124.125,NaN,NaN
1996-04-01T12:00:00Z,0.0,52.125,128.125,NaN,NaN
1996-04-01T12:00:00Z,0.0,52.125,132.125,NaN,NaN
1996-04-01T12:00:00Z,0.0,52.125,136.125,NaN,NaN
1996-04-01T12:00:00Z,0.0,52.125,140.125,NaN,NaN
1996-04-01T12:00:00Z,0.0,52.125,144.125,-0.21,0.51
1996-04-01T12:00:00Z,0.0,52.125,148.125,-0.07,-0.12
1996-04-01T12:00:00Z,0.0,52.125,152.125,1.74,1.15
1996-04-01T12:00:00Z,0.0,52.125,156.125,0.3,-0.31
1996-04-01T12:00:00Z,0.0,52.125,160.125,2.21,0.95
1996-04-01T12:00:00Z,0.0,52.125,164.125,2.73,0.42
1996-04-01T12:00:00Z,0.0,52.125,168.125,3.09,0.12
1996-04-01T12:00:00Z,0.0,52.125,172.125,4.13,0.68
1996-04-01T12:00:00Z,0.0,52.125,176.125,3.94,0.42
1996-04-01T12:00:00Z,0.0,52.125,180.125,4.22,0.67
1996-04-01T12:00:00Z,0.0,52.125,184.125,4.54,0.84
1996-04-01T12:00:00Z,0.0,52.125,188.125,4.42,0.58
1996-04-01T12:00:00Z,0.0,52.125,192.125,4.58,0.55
1996-04-01T12:00:00Z,0.0,52.125,196.125,4.16,0.17
1996-04-01T12:00:00Z,0.0,52.125,200.125,4.11,0.01
1996-04-01T12:00:00Z,0.0,52.125,204.125,4.57,0.4
1996-04-01T12:00:00Z,0.0,52.125,208.125,4.63,0.26
1996-04-01T12:00:00Z,0.0,52.125,212.125,5.06,0.21
1996-04-01T12:00:00Z,0.0,52.125,216.125,5.38,-0.16
1996-04-01T12:00:00Z,0.0,52.125,220.125,5.94,-0.25
1996-04-01T12:00:00Z,0.0,52.125,224.125,6.45,-0.52
1996-04-01T12:00:00Z,0.0,52.125,228.125,7.66,-0.03
1996-04-01T12:00:00Z,0.0,52.125,232.125,NaN,NaN
1996-04-01T12:00:00Z,0.0,52.125,236.125,NaN,NaN
1996-04-01T12:00:00Z,0.0,52.125,240.125,NaN,NaN
1996-04-01T12:00:00Z,0.0,52.125,244.125,NaN,NaN
1996-04-01T12:00:00Z,0.0,52.125,248.125,NaN,NaN
1996-04-01T12:00:00Z,0.0,52.125,252.125,NaN,NaN
1996-04-01T12:00:00Z,0.0,52.125,256.125,NaN,NaN
1996-04-01T12:00:00Z,0.0,52.125,260.125,NaN,NaN
1996-04-01T12:00:00Z,0.0,52.125,264.125,NaN,NaN
1996-04-01T12:00:00Z,0.0,52.125,268.125,NaN,NaN
1996-04-01T12:00:00Z,0.0,52.125,272.125,NaN,NaN
1996-04-01T12:00:00Z,0.0,52.125,276.125,NaN,NaN
1996-04-01T12:00:00Z,0.0,52.125,280.125,-1.79,-0.06
1996-04-01T12:00:00Z,0.0,52.125,284.125,NaN,NaN
1996-04-01T12:00:00Z,0.0,52.125,288.125,NaN,NaN
1996-04-01T12:00:00Z,0.0,52.125,292.125,NaN,NaN
1996-04-01T12:00:00Z,0.0,52.125,296.125,NaN,NaN
1996-04-01T12:00:00Z,0.0,52.125,300.125,NaN,NaN
1996-04-01T12:00:00Z,0.0,52.125,304.125,NaN,NaN
1996-04-01T12:00:00Z,0.0,52.125,308.125,0.22,-0.22
1996-04-01T12:00:00Z,0.0,52.125,312.125,5.35,1.44
1996-04-01T12:00:00Z,0.0,52.125,316.125,8.01,1.69
1996-04-01T12:00:00Z,0.0,52.125,320.125,7.8,0.95
1996-04-01T12:00:00Z,0.0,52.125,324.125,7.74,0.61
1996-04-01T12:00:00Z,0.0,52.125,328.125,10.05,1.95
1996-04-01T12:00:00Z,0.0,52.125,332.125,10.45,1.16
1996-04-01T12:00:00Z,0.0,52.125,336.125,9.93,-0.07
1996-04-01T12:00:00Z,0.0,52.125,340.125,9.93,-0.68
1996-04-01T12:00:00Z,0.0,52.125,344.125,10.88,0.1
1996-04-01T12:00:00Z,0.0,52.125,348.125,10.86,0.48
1996-04-01T12:00:00Z,0.0,52.125,352.125,NaN,NaN
1996-04-01T12:00:00Z,0.0,52.125,356.125,NaN,NaN
1996-04-01T12:00:00Z,0.0,56.125,0.125,5.3,-1.08
1996-04-01T12:00:00Z,0.0,56.125,4.125,2.87,-2.99
1996-04-01T12:00:00Z,0.0,56.125,8.125,1.75,-3.65
1996-04-01T12:00:00Z,0.0,56.125,12.125,1.62,-2.23
1996-04-01T12:00:00Z,0.0,56.125,16.125,1.33,-2.1
1996-04-01T12:00:00Z,0.0,56.125,20.125,1.14,-2.13
1996-04-01T12:00:00Z,0.0,56.125,24.125,NaN,NaN
1996-04-01T12:00:00Z,0.0,56.125,28.125,NaN,NaN
1996-04-01T12:00:00Z,0.0,56.125,32.125,NaN,NaN
1996-04-01T12:00:00Z,0.0,56.125,36.125,NaN,NaN
1996-04-01T12:00:00Z,0.0,56.125,40.125,NaN,NaN
1996-04-01T12:00:00Z,0.0,56.125,44.125,NaN,NaN
1996-04-01T12:00:00Z,0.0,56.125,48.125,NaN,NaN
1996-04-01T12:00:00Z,0.0,56.125,52.125,NaN,NaN
1996-04-01T12:00:00Z,0.0,56.125,56.125,NaN,NaN
1996-04-01T12:00:00Z,0.0,56.125,60.125,NaN,NaN
1996-04-01T12:00:00Z,0.0,56.125,64.125,NaN,NaN
1996-04-01T12:00:00Z,0.0,56.125,68.125,NaN,NaN
1996-04-01T12:00:00Z,0.0,56.125,72.125,NaN,NaN
1996-04-01T12:00:00Z,0.0,56.125,76.125,NaN,NaN
1996-04-01T12:00:00Z,0.0,56.125,80.125,NaN,NaN
1996-04-01T12:00:00Z,0.0,56.125,84.125,NaN,NaN
1996-04-01T12:00:00Z,0.0,56.125,88.125,NaN,NaN
1996-04-01T12:00:00Z,0.0,56.125,92.125,NaN,NaN
1996-04-01T12:00:00Z,0.0,56.125,96.125,NaN,NaN
1996-04-01T12:00:00Z,0.0,56.125,100.125,NaN,NaN
1996-04-01T12:00:00Z,0.0,56.125,104.125,NaN,NaN
1996-04-01T12:00:00Z,0.0,56.125,108.125,NaN,NaN
1996-04-01T12:00:00Z,0.0,56.125,112.125,NaN,NaN
1996-04-01T12:00:00Z,0.0,56.125,116.125,NaN,NaN
1996-04-01T12:00:00Z,0.0,56.125,120.125,NaN,NaN
1996-04-01T12:00:00Z,0.0,56.125,124.125,NaN,NaN
1996-04-01T12:00:00Z,0.0,56.125,128.125,NaN,NaN
1996-04-01T12:00:00Z,0.0,56.125,132.125,NaN,NaN
1996-04-01T12:00:00Z,0.0,56.125,136.125,NaN,NaN
1996-04-01T12:00:00Z,0.0,56.125,140.125,-0.12,0.96
1996-04-01T12:00:00Z,0.0,56.125,144.125,-0.32,0.74
1996-04-01T12:00:00Z,0.0,56.125,148.125,-0.88,-0.34
1996-04-01T12:00:00Z,0.0,56.125,152.125,0.45,0.4
1996-04-01T12:00:00Z,0.0,56.125,156.125,NaN,NaN
1996-04-01T12:00:00Z,0.0,56.125,160.125,NaN,NaN
1996-04-01T12:00:00Z,0.0,56.125,164.125,1.43,0.65
1996-04-01T12:00:00Z,0.0,56.125,168.125,1.54,0.25
1996-04-01T12:00:00Z,0.0,56.125,172.125,2.85,1.02
1996-04-01T12:00:00Z,0.0,56.125,176.125,2.87,0.9
1996-04-01T12:00:00Z,0.0,56.125,180.125,2.41,0.33
1996-04-01T12:00:00Z,0.0,56.125,184.125,3.46,0.82
1996-04-01T12:00:00Z,0.0,56.125,188.125,4.09,1.43
1996-04-01T12:00:00Z,0.0,56.125,192.125,3.37,1.05
1996-04-01T12:00:00Z,0.0,56.125,196.125,2.98,1.07
1996-04-01T12:00:00Z,0.0,56.125,200.125,NaN,NaN
1996-04-01T12:00:00Z,0.0,56.125,204.125,4.13,-0.08
1996-04-01T12:00:00Z,0.0,56.125,208.125,4.73,0.16
1996-04-01T12:00:00Z,0.0,56.125,212.125,4.21,-0.24
1996-04-01T12:00:00Z,0.0,56.125,216.125,4.64,-0.21
1996-04-01T12:00:00Z,0.0,56.125,220.125,4.63,-0.95
1996-04-01T12:00:00Z,0.0,56.125,224.125,6.22,-0.24
1996-04-01T12:00:00Z,0.0,56.125,228.125,NaN,NaN
1996-04-01T12:00:00Z,0.0,56.125,232.125,NaN,NaN
1996-04-01T12:00:00Z,0.0,56.125,236.125,NaN,NaN
1996-04-01T12:00:00Z,0.0,56.125,240.125,NaN,NaN
1996-04-01T12:00:00Z,0.0,56.125,244.125,NaN,NaN
1996-04-01T12:00:00Z,0.0,56.125,248.125,NaN,NaN
1996-04-01T12:00:00Z,0.0,56.125,252.125,NaN,NaN
1996-04-01T12:00:00Z,0.0,56.125,256.125,NaN,NaN
1996-04-01T12:00:00Z,0.0,56.125,260.125,NaN,NaN
1996-04-01T12:00:00Z,0.0,56.125,264.125,NaN,NaN
1996-04-01T12:00:00Z,0.0,56.125,268.125,NaN,NaN
1996-04-01T12:00:00Z,0.0,56.125,272.125,NaN,NaN
1996-04-01T12:00:00Z,0.0,56.125,276.125,-1.8,-0.07
1996-04-01T12:00:00Z,0.0,56.125,280.125,-1.7,0.01
1996-04-01T12:00:00Z,0.0,56.125,284.125,NaN,NaN
1996-04-01T12:00:00Z,0.0,56.125,288.125,NaN,NaN
1996-04-01T12:00:00Z,0.0,56.125,292.125,NaN,NaN
1996-04-01T12:00:00Z,0.0,56.125,296.125,NaN,NaN
1996-04-01T12:00:00Z,0.0,56.125,300.125,-1.45,-0.22
1996-04-01T12:00:00Z,0.0,56.125,304.125,-0.01,-0.7
1996-04-01T12:00:00Z,0.0,56.125,308.125,2.55,0.29
1996-04-01T12:00:00Z,0.0,56.125,312.125,3.52,0.59
1996-04-01T12:00:00Z,0.0,56.125,316.125,3.05,0.08
1996-04-01T12:00:00Z,0.0,56.125,320.125,3.87,-0.01
1996-04-01T12:00:00Z,0.0,56.125,324.125,4.73,-0.75
1996-04-01T12:00:00Z,0.0,56.125,328.125,6.82,0.29
1996-04-01T12:00:00Z,0.0,56.125,332.125,8.12,0.65
1996-04-01T12:00:00Z,0.0,56.125,336.125,8.73,0.1
1996-04-01T12:00:00Z,0.0,56.125,340.125,9.46,0.02
1996-04-01T12:00:00Z,0.0,56.125,344.125,9.48,-0.05
1996-04-01T12:00:00Z,0.0,56.125,348.125,10.05,0.37
1996-04-01T12:00:00Z,0.0,56.125,352.125,8.91,0.14
1996-04-01T12:00:00Z,0.0,56.125,356.125,NaN,NaN
1996-04-01T12:00:00Z,0.0,60.125,0.125,6.37,-1.04
1996-04-01T12:00:00Z,0.0,60.125,4.125,5.0,-1.17
1996-04-01T12:00:00Z,0.0,60.125,8.125,NaN,NaN
1996-04-01T12:00:00Z,0.0,60.125,12.125,NaN,NaN
1996-04-01T12:00:00Z,0.0,60.125,16.125,NaN,NaN
1996-04-01T12:00:00Z,0.0,60.125,20.125,NaN,NaN
1996-04-01T12:00:00Z,0.0,60.125,24.125,NaN,NaN
1996-04-01T12:00:00Z,0.0,60.125,28.125,0.55,0.0
1996-04-01T12:00:00Z,0.0,60.125,32.125,NaN,NaN
1996-04-01T12:00:00Z,0.0,60.125,36.125,NaN,NaN
1996-04-01T12:00:00Z,0.0,60.125,40.125,NaN,NaN
1996-04-01T12:00:00Z,0.0,60.125,44.125,NaN,NaN
1996-04-01T12:00:00Z,0.0,60.125,48.125,NaN,NaN
1996-04-01T12:00:00Z,0.0,60.125,52.125,NaN,NaN
1996-04-01T12:00:00Z,0.0,60.125,56.125,NaN,NaN
1996-04-01T12:00:00Z,0.0,60.125,60.125,NaN,NaN
1996-04-01T12:00:00Z,0.0,60.125,64.125,NaN,NaN
1996-04-01T12:00:00Z,0.0,60.125,68.125,NaN,NaN
1996-04-01T12:00:00Z,0.0,60.125,72.125,NaN,NaN
1996-04-01T12:00:00Z,0.0,60.125,76.125,NaN,NaN
1996-04-01T12:00:00Z,0.0,60.125,80.125,NaN,NaN
1996-04-01T12:00:00Z,0.0,60.125,84.125,NaN,NaN
1996-04-01T12:00:00Z,0.0,60.125,88.125,NaN,NaN
1996-04-01T12:00:00Z,0.0,60.125,92.125,NaN,NaN
1996-04-01T12:00:00Z,0.0,60.125,96.125,NaN,NaN
1996-04-01T12:00:00Z,0.0,60.125,100.125,NaN,NaN
1996-04-01T12:00:00Z,0.0,60.125,104.125,NaN,NaN
1996-04-01T12:00:00Z,0.0,60.125,108.125,NaN,NaN
1996-04-01T12:00:00Z,0.0,60.125,112.125,NaN,NaN
1996-04-01T12:00:00Z,0.0,60.125,116.125,NaN,NaN
1996-04-01T12:00:00Z,0.0,60.125,120.125,NaN,NaN
1996-04-01T12:00:00Z,0.0,60.125,124.125,NaN,NaN
1996-04-01T12:00:00Z,0.0,60.125,128.125,NaN,NaN
1996-04-01T12:00:00Z,0.0,60.125,132.125,NaN,NaN
1996-04-01T12:00:00Z,0.0,60.125,136.125,NaN,NaN
1996-04-01T12:00:00Z,0.0,60.125,140.125,NaN,NaN
1996-04-01T12:00:00Z,0.0,60.125,144.125,NaN,NaN
1996-04-01T12:00:00Z,0.0,60.125,148.125,NaN,NaN
1996-04-01T12:00:00Z,0.0,60.125,152.125,NaN,NaN
1996-04-01T12:00:00Z,0.0,60.125,156.125,-1.0,-0.27
1996-04-01T12:00:00Z,0.0,60.125,160.125,-0.42,-0.24
1996-04-01T12:00:00Z,0.0,60.125,164.125,NaN,NaN
1996-04-01T12:00:00Z,0.0,60.125,168.125,0.93,0.45
1996-04-01T12:00:00Z,0.0,60.125,172.125,1.62,0.92
1996-04-01T12:00:00Z,0.0,60.125,176.125,2.14,1.18
1996-04-01T12:00:00Z,0.0,60.125,180.125,2.86,2.03
1996-04-01T12:00:00Z,0.0,60.125,184.125,1.94,2.1
1996-04-01T12:00:00Z,0.0,60.125,188.125,-0.28,0.68
1996-04-01T12:00:00Z,0.0,60.125,192.125,-0.47,0.24
1996-04-01T12:00:00Z,0.0,60.125,196.125,NaN,NaN
1996-04-01T12:00:00Z,0.0,60.125,200.125,NaN,NaN
1996-04-01T12:00:00Z,0.0,60.125,204.125,NaN,NaN
1996-04-01T12:00:00Z,0.0,60.125,208.125,2.09,-2.07
1996-04-01T12:00:00Z,0.0,60.125,212.125,NaN,NaN
1996-04-01T12:00:00Z,0.0,60.125,216.125,NaN,NaN
1996-04-01T12:00:00Z,0.0,60.125,220.125,NaN,NaN
1996-04-01T12:00:00Z,0.0,60.125,224.125,NaN,NaN
1996-04-01T12:00:00Z,0.0,60.125,228.125,NaN,NaN
1996-04-01T12:00:00Z,0.0,60.125,232.125,NaN,NaN
1996-04-01T12:00:00Z,0.0,60.125,236.125,NaN,NaN
1996-04-01T12:00:00Z,0.0,60.125,240.125,NaN,NaN
1996-04-01T12:00:00Z,0.0,60.125,244.125,NaN,NaN
1996-04-01T12:00:00Z,0.0,60.125,248.125,NaN,NaN
1996-04-01T12:00:00Z,0.0,60.125,252.125,NaN,NaN
1996-04-01T12:00:00Z,0.0,60.125,256.125,NaN,NaN
1996-04-01T12:00:00Z,0.0,60.125,260.125,NaN,NaN
1996-04-01T12:00:00Z,0.0,60.125,264.125,NaN,NaN
1996-04-01T12:00:00Z,0.0,60.125,268.125,-1.73,-0.05
1996-04-01T12:00:00Z,0.0,60.125,272.125,-1.71,0.05
1996-04-01T12:00:00Z,0.0,60.125,276.125,-1.78,-0.04
1996-04-01T12:00:00Z,0.0,60.125,280.125,-1.55,0.15
1996-04-01T12:00:00Z,0.0,60.125,284.125,NaN,NaN
1996-04-01T12:00:00Z,0.0,60.125,288.125,NaN,NaN
1996-04-01T12:00:00Z,0.0,60.125,292.125,-1.79,-0.08
1996-04-01T12:00:00Z,0.0,60.125,296.125,-1.37,0.2
1996-04-01T12:00:00Z,0.0,60.125,300.125,1.0,1.2
1996-04-01T12:00:00Z,0.0,60.125,304.125,2.1,0.67
1996-04-01T12:00:00Z,0.0,60.125,308.125,2.63,1.02
1996-04-01T12:00:00Z,0.0,60.125,312.125,1.7,0.65
1996-04-01T12:00:00Z,0.0,60.125,316.125,NaN,NaN
1996-04-01T12:00:00Z,0.0,60.125,320.125,4.74,1.0
1996-04-01T12:00:00Z,0.0,60.125,324.125,3.73,-0.67
1996-04-01T12:00:00Z,0.0,60.125,328.125,6.38,0.55
1996-04-01T12:00:00Z,0.0,60.125,332.125,7.41,0.44
1996-04-01T12:00:00Z,0.0,60.125,336.125,7.95,0.28
1996-04-01T12:00:00Z,0.0,60.125,340.125,8.56,0.43
1996-04-01T12:00:00Z,0.0,60.125,344.125,8.6,0.36
1996-04-01T12:00:00Z,0.0,60.125,348.125,8.34,-0.28
1996-04-01T12:00:00Z,0.0,60.125,352.125,8.13,-0.4
1996-04-01T12:00:00Z,0.0,60.125,356.125,8.67,0.8
1996-04-01T12:00:00Z,0.0,64.125,0.125,6.01,-0.03
1996-04-01T12:00:00Z,0.0,64.125,4.125,6.68,-0.19
1996-04-01T12:00:00Z,0.0,64.125,8.125,6.18,-0.21
1996-04-01T12:00:00Z,0.0,64.125,12.125,NaN,NaN
1996-04-01T12:00:00Z,0.0,64.125,16.125,NaN,NaN
1996-04-01T12:00:00Z,0.0,64.125,20.125,NaN,NaN
1996-04-01T12:00:00Z,0.0,64.125,24.125,NaN,NaN
1996-04-01T12:00:00Z,0.0,64.125,28.125,NaN,NaN
1996-04-01T12:00:00Z,0.0,64.125,32.125,NaN,NaN
1996-04-01T12:00:00Z,0.0,64.125,36.125,NaN,NaN
1996-04-01T12:00:00Z,0.0,64.125,40.125,NaN,NaN
1996-04-01T12:00:00Z,0.0,64.125,44.125,NaN,NaN
1996-04-01T12:00:00Z,0.0,64.125,48.125,NaN,NaN
1996-04-01T12:00:00Z,0.0,64.125,52.125,NaN,NaN
1996-04-01T12:00:00Z,0.0,64.125,56.125,NaN,NaN
1996-04-01T12:00:00Z,0.0,64.125,60.125,NaN,NaN
1996-04-01T12:00:00Z,0.0,64.125,64.125,NaN,NaN
1996-04-01T12:00:00Z,0.0,64.125,68.125,NaN,NaN
1996-04-01T12:00:00Z,0.0,64.125,72.125,NaN,NaN
1996-04-01T12:00:00Z,0.0,64.125,76.125,NaN,NaN
1996-04-01T12:00:00Z,0.0,64.125,80.125,NaN,NaN
1996-04-01T12:00:00Z,0.0,64.125,84.125,NaN,NaN
1996-04-01T12:00:00Z,0.0,64.125,88.125,NaN,NaN
1996-04-01T12:00:00Z,0.0,64.125,92.125,NaN,NaN
1996-04-01T12:00:00Z,0.0,64.125,96.125,NaN,NaN
1996-04-01T12:00:00Z,0.0,64.125,100.125,NaN,NaN
1996-04-01T12:00:00Z,0.0,64.125,104.125,NaN,NaN
1996-04-01T12:00:00Z,0.0,64.125,108.125,NaN,NaN
1996-04-01T12:00:00Z,0.0,64.125,112.125,NaN,NaN
1996-04-01T12:00:00Z,0.0,64.125,116.125,NaN,NaN
1996-04-01T12:00:00Z,0.0,64.125,120.125,NaN,NaN
1996-04-01T12:00:00Z,0.0,64.125,124.125,NaN,NaN
1996-04-01T12:00:00Z,0.0,64.125,128.125,NaN,NaN
1996-04-01T12:00:00Z,0.0,64.125,132.125,NaN,NaN
1996-04-01T12:00:00Z,0.0,64.125,136.125,NaN,NaN
1996-04-01T12:00:00Z,0.0,64.125,140.125,NaN,NaN
1996-04-01T12:00:00Z,0.0,64.125,144.125,NaN,NaN
1996-04-01T12:00:00Z,0.0,64.125,148.125,NaN,NaN
1996-04-01T12:00:00Z,0.0,64.125,152.125,NaN,NaN
1996-04-01T12:00:00Z,0.0,64.125,156.125,NaN,NaN
1996-04-01T12:00:00Z,0.0,64.125,160.125,NaN,NaN
1996-04-01T12:00:00Z,0.0,64.125,164.125,NaN,NaN
1996-04-01T12:00:00Z,0.0,64.125,168.125,NaN,NaN
1996-04-01T12:00:00Z,0.0,64.125,172.125,NaN,NaN
1996-04-01T12:00:00Z,0.0,64.125,176.125,NaN,NaN
1996-04-01T12:00:00Z,0.0,64.125,180.125,-1.59,-0.21
1996-04-01T12:00:00Z,0.0,64.125,184.125,-1.11,-0.37
1996-04-01T12:00:00Z,0.0,64.125,188.125,-0.09,0.76
1996-04-01T12:00:00Z,0.0,64.125,192.125,0.22,1.54
1996-04-01T12:00:00Z,0.0,64.125,196.125,-0.47,0.34
1996-04-01T12:00:00Z,0.0,64.125,200.125,NaN,NaN
1996-04-01T12:00:00Z,0.0,64.125,204.125,NaN,NaN
1996-04-01T12:00:00Z,0.0,64.125,208.125,NaN,NaN
1996-04-01T12:00:00Z,0.0,64.125,212.125,NaN,NaN
1996-04-01T12:00:00Z,0.0,64.125,216.125,NaN,NaN
1996-04-01T12:00:00Z,0.0,64.125,220.125,NaN,NaN
1996-04-01T12:00:00Z,0.0,64.125,224.125,NaN,NaN
1996-04-01T12:00:00Z,0.0,64.125,228.125,NaN,NaN
1996-04-01T12:00:00Z,0.0,64.125,232.125,NaN,NaN
1996-04-01T12:00:00Z,0.0,64.125,236.125,NaN,NaN
1996-04-01T12:00:00Z,0.0,64.125,240.125,NaN,NaN
1996-04-01T12:00:00Z,0.0,64.125,244.125,NaN,NaN
1996-04-01T12:00:00Z,0.0,64.125,248.125,NaN,NaN
1996-04-01T12:00:00Z,0.0,64.125,252.125,NaN,NaN
1996-04-01T12:00:00Z,0.0,64.125,256.125,NaN,NaN
1996-04-01T12:00:00Z,0.0,64.125,260.125,NaN,NaN
1996-04-01T12:00:00Z,0.0,64.125,264.125,NaN,NaN
1996-04-01T12:00:00Z,0.0,64.125,268.125,NaN,NaN
1996-04-01T12:00:00Z,0.0,64.125,272.125,-1.29,0.36
1996-04-01T12:00:00Z,0.0,64.125,276.125,NaN,NaN
1996-04-01T12:00:00Z,0.0,64.125,280.125,-1.67,0.11
1996-04-01T12:00:00Z,0.0,64.125,284.125,-1.03,0.72
1996-04-01T12:00:00Z,0.0,64.125,288.125,NaN,NaN
1996-04-01T12:00:00Z,0.0,64.125,292.125,NaN,NaN
1996-04-01T12:00:00Z,0.0,64.125,296.125,-1.72,-0.03
1996-04-01T12:00:00Z,0.0,64.125,300.125,-0.49,0.84
1996-04-01T12:00:00Z,0.0,64.125,304.125,-0.04,-0.02
1996-04-01T12:00:00Z,0.0,64.125,308.125,-0.97,-1.35
1996-04-01T12:00:00Z,0.0,64.125,312.125,NaN,NaN
1996-04-01T12:00:00Z,0.0,64.125,316.125,NaN,NaN
1996-04-01T12:00:00Z,0.0,64.125,320.125,0.35,-0.58
1996-04-01T12:00:00Z,0.0,64.125,324.125,4.27,0.71
1996-04-01T12:00:00Z,0.0,64.125,328.125,5.47,0.08
1996-04-01T12:00:00Z,0.0,64.125,332.125,6.45,0.24
1996-04-01T12:00:00Z,0.0,64.125,336.125,5.81,-0.04
1996-04-01T12:00:00Z,0.0,64.125,340.125,NaN,NaN
1996-04-01T12:00:00Z,0.0,64.125,344.125,6.36,-0.46
1996-04-01T12:00:00Z,0.0,64.125,348.125,7.28,1.69
1996-04-01T12:00:00Z,0.0,64.125,352.125,4.5,0.16
1996-04-01T12:00:00Z,0.0,64.125,356.125,5.03,0.56
1996-04-01T12:00:00Z,0.0,68.125,0.125,2.12,-2.82
1996-04-01T12:00:00Z,0.0,68.125,4.125,4.67,-1.06
1996-04-01T12:00:00Z,0.0,68.125,8.125,6.18,0.14
1996-04-01T12:00:00Z,0.0,68.125,12.125,3.68,-1.68
1996-04-01T12:00:00Z,0.0,68.125,16.125,2.28,-2.08
1996-04-01T12:00:00Z,0.0,68.125,20.125,NaN,NaN
1996-04-01T12:00:00Z,0.0,68.125,24.125,NaN,NaN
1996-04-01T12:00:00Z,0.0,68.125,28.125,NaN,NaN
1996-04-01T12:00:00Z,0.0,68.125,32.125,NaN,NaN
1996-04-01T12:00:00Z,0.0,68.125,36.125,NaN,NaN
1996-04-01T12:00:00Z,0.0,68.125,40.125,-0.4,-0.94
1996-04-01T12:00:00Z,0.0,68.125,44.125,-1.38,-1.06
1996-04-01T12:00:00Z,0.0,68.125,48.125,-1.38,-0.96
1996-04-01T12:00:00Z,0.0,68.125,52.125,NaN,NaN
1996-04-01T12:00:00Z,0.0,68.125,56.125,NaN,NaN
1996-04-01T12:00:00Z,0.0,68.125,60.125,NaN,NaN
1996-04-01T12:00:00Z,0.0,68.125,64.125,NaN,NaN
1996-04-01T12:00:00Z,0.0,68.125,68.125,NaN,NaN
1996-04-01T12:00:00Z,0.0,68.125,72.125,NaN,NaN
1996-04-01T12:00:00Z,0.0,68.125,76.125,NaN,NaN
1996-04-01T12:00:00Z,0.0,68.125,80.125,NaN,NaN
1996-04-01T12:00:00Z,0.0,68.125,84.125,NaN,NaN
1996-04-01T12:00:00Z,0.0,68.125,88.125,NaN,NaN
1996-04-01T12:00:00Z,0.0,68.125,92.125,NaN,NaN
1996-04-01T12:00:00Z,0.0,68.125,96.125,NaN,NaN
1996-04-01T12:00:00Z,0.0,68.125,100.125,NaN,NaN
1996-04-01T12:00:00Z,0.0,68.125,104.125,NaN,NaN
1996-04-01T12:00:00Z,0.0,68.125,108.125,NaN,NaN
1996-04-01T12:00:00Z,0.0,68.125,112.125,NaN,NaN
1996-04-01T12:00:00Z,0.0,68.125,116.125,NaN,NaN
1996-04-01T12:00:00Z,0.0,68.125,120.125,NaN,NaN
1996-04-01T12:00:00Z,0.0,68.125,124.125,NaN,NaN
1996-04-01T12:00:00Z,0.0,68.125,128.125,NaN,NaN
1996-04-01T12:00:00Z,0.0,68.125,132.125,NaN,NaN
1996-04-01T12:00:00Z,0.0,68.125,136.125,NaN,NaN
1996-04-01T12:00:00Z,0.0,68.125,140.125,NaN,NaN
1996-04-01T12:00:00Z,0.0,68.125,144.125,NaN,NaN
1996-04-01T12:00:00Z,0.0,68.125,148.125,NaN,NaN
1996-04-01T12:00:00Z,0.0,68.125,152.125,NaN,NaN
1996-04-01T12:00:00Z,0.0,68.125,156.125,NaN,NaN
1996-04-01T12:00:00Z,0.0,68.125,160.125,NaN,NaN
1996-04-01T12:00:00Z,0.0,68.125,164.125,NaN,NaN
1996-04-01T12:00:00Z,0.0,68.125,168.125,NaN,NaN
1996-04-01T12:00:00Z,0.0,68.125,172.125,NaN,NaN
1996-04-01T12:00:00Z,0.0,68.125,176.125,NaN,NaN
1996-04-01T12:00:00Z,0.0,68.125,180.125,NaN,NaN
1996-04-01T12:00:00Z,0.0,68.125,184.125,-1.1,0.61
1996-04-01T12:00:00Z,0.0,68.125,188.125,-1.25,0.52
1996-04-01T12:00:00Z,0.0,68.125,192.125,-1.58,0.19
1996-04-01T12:00:00Z,0.0,68.125,196.125,NaN,NaN
1996-04-01T12:00:00Z,0.0,68.125,200.125,NaN,NaN
1996-04-01T12:00:00Z,0.0,68.125,204.125,NaN,NaN
1996-04-01T12:00:00Z,0.0,68.125,208.125,NaN,NaN
1996-04-01T12:00:00Z,0.0,68.125,212.125,NaN,NaN
1996-04-01T12:00:00Z,0.0,68.125,216.125,NaN,NaN
1996-04-01T12:00:00Z,0.0,68.125,220.125,NaN,NaN
1996-04-01T12:00:00Z,0.0,68.125,224.125,NaN,NaN
1996-04-01T12:00:00Z,0.0,68.125,228.125,NaN,NaN
1996-04-01T12:00:00Z,0.0,68.125,232.125,NaN,NaN
1996-04-01T12:00:00Z,0.0,68.125,236.125,NaN,NaN
1996-04-01T12:00:00Z,0.0,68.125,240.125,NaN,NaN
1996-04-01T12:00:00Z,0.0,68.125,244.125,NaN,NaN
1996-04-01T12:00:00Z,0.0,68.125,248.125,-1.71,0.09
1996-04-01T12:00:00Z,0.0,68.125,252.125,-1.76,0.04
1996-04-01T12:00:00Z,0.0,68.125,256.125,-1.79,-0.01
1996-04-01T12:00:00Z,0.0,68.125,260.125,-1.68,0.1
1996-04-01T12:00:00Z,0.0,68.125,264.125,-1.68,0.1
1996-04-01T12:00:00Z,0.0,68.125,268.125,NaN,NaN
1996-04-01T12:00:00Z,0.0,68.125,272.125,-1.8,-0.02
1996-04-01T12:00:00Z,0.0,68.125,276.125,NaN,NaN
1996-04-01T12:00:00Z,0.0,68.125,280.125,-1.75,0.03
1996-04-01T12:00:00Z,0.0,68.125,284.125,NaN,NaN
1996-04-01T12:00:00Z,0.0,68.125,288.125,NaN,NaN
1996-04-01T12:00:00Z,0.0,68.125,292.125,NaN,NaN
1996-04-01T12:00:00Z,0.0,68.125,296.125,-1.8,-0.02
1996-04-01T12:00:00Z,0.0,68.125,300.125,-1.57,0.13
1996-04-01T12:00:00Z,0.0,68.125,304.125,-0.9,0.0
1996-04-01T12:00:00Z,0.0,68.125,308.125,NaN,NaN
1996-04-01T12:00:00Z,0.0,68.125,312.125,NaN,NaN
1996-04-01T12:00:00Z,0.0,68.125,316.125,NaN,NaN
1996-04-01T12:00:00Z,0.0,68.125,320.125,NaN,NaN
1996-04-01T12:00:00Z,0.0,68.125,324.125,NaN,NaN
1996-04-01T12:00:00Z,0.0,68.125,328.125,-0.91,0.34
1996-04-01T12:00:00Z,0.0,68.125,332.125,-1.13,-0.57
1996-04-01T12:00:00Z,0.0,68.125,336.125,-1.14,-1.74
1996-04-01T12:00:00Z,0.0,68.125,340.125,0.72,-0.51
1996-04-01T12:00:00Z,0.0,68.125,344.125,0.35,-0.31
1996-04-01T12:00:00Z,0.0,68.125,348.125,-0.15,-0.24
1996-04-01T12:00:00Z,0.0,68.125,352.125,0.65,-0.8
1996-04-01T12:00:00Z,0.0,68.125,356.125,0.82,-2.72
1996-04-01T12:00:00Z,0.0,72.125,0.125,2.0,0.01
1996-04-01T12:00:00Z,0.0,72.125,4.125,2.64,-0.56
1996-04-01T12:00:00Z,0.0,72.125,8.125,4.56,0.47
1996-04-01T12:00:00Z,0.0,72.125,12.125,4.26,-0.74
1996-04-01T12:00:00Z,0.0,72.125,16.125,5.06,-0.38
1996-04-01T12:00:00Z,0.0,72.125,20.125,4.1,-0.36
1996-04-01T12:00:00Z,0.0,72.125,24.125,4.18,0.06
1996-04-01T12:00:00Z,0.0,72.125,28.125,3.2,-0.83
1996-04-01T12:00:00Z,0.0,72.125,32.125,2.67,-0.64
1996-04-01T12:00:00Z,0.0,72.125,36.125,1.97,-0.36
1996-04-01T12:00:00Z,0.0,72.125,40.125,0.59,-0.84
1996-04-01T12:00:00Z,0.0,72.125,44.125,1.32,0.42
1996-04-01T12:00:00Z,0.0,72.125,48.125,1.13,0.82
1996-04-01T12:00:00Z,0.0,72.125,52.125,-0.44,-0.27
1996-04-01T12:00:00Z,0.0,72.125,56.125,-0.95,0.16
1996-04-01T12:00:00Z,0.0,72.125,60.125,-1.75,-0.19
1996-04-01T12:00:00Z,0.0,72.125,64.125,-1.8,-0.07
1996-04-01T12:00:00Z,0.0,72.125,68.125,-1.64,0.08
1996-04-01T12:00:00Z,0.0,72.125,72.125,NaN,NaN
1996-04-01T12:00:00Z,0.0,72.125,76.125,-1.63,0.08
1996-04-01T12:00:00Z,0.0,72.125,80.125,NaN,NaN
1996-04-01T12:00:00Z,0.0,72.125,84.125,NaN,NaN
1996-04-01T12:00:00Z,0.0,72.125,88.125,NaN,NaN
1996-04-01T12:00:00Z,0.0,72.125,92.125,NaN,NaN
1996-04-01T12:00:00Z,0.0,72.125,96.125,NaN,NaN
1996-04-01T12:00:00Z,0.0,72.125,100.125,NaN,NaN
1996-04-01T12:00:00Z,0.0,72.125,104.125,NaN,NaN
1996-04-01T12:00:00Z,0.0,72.125,108.125,NaN,NaN
1996-04-01T12:00:00Z,0.0,72.125,112.125,NaN,NaN
1996-04-01T12:00:00Z,0.0,72.125,116.125,NaN,NaN
1996-04-01T12:00:00Z,0.0,72.125,120.125,NaN,NaN
1996-04-01T12:00:00Z,0.0,72.125,124.125,NaN,NaN
1996-04-01T12:00:00Z,0.0,72.125,128.125,NaN,NaN
1996-04-01T12:00:00Z,0.0,72.125,132.125,-1.67,0.13
1996-04-01T12:00:00Z,0.0,72.125,136.125,-1.73,0.07
1996-04-01T12:00:00Z,0.0,72.125,140.125,NaN,NaN
1996-04-01T12:00:00Z,0.0,72.125,144.125,NaN,NaN
1996-04-01T12:00:00Z,0.0,72.125,148.125,NaN,NaN
1996-04-01T12:00:00Z,0.0,72.125,152.125,-1.7,0.09
1996-04-01T12:00:00Z,0.0,72.125,156.125,-1.68,0.12
1996-04-01T12:00:00Z,0.0,72.125,160.125,-1.69,0.11
1996-04-01T12:00:00Z,0.0,72.125,164.125,-1.7,0.09
1996-04-01T12:00:00Z,0.0,72.125,168.125,-1.63,0.17
1996-04-01T12:00:00Z,0.0,72.125,172.125,-1.48,0.31
1996-04-01T12:00:00Z,0.0,72.125,176.125,-1.52,0.28
1996-04-01T12:00:00Z,0.0,72.125,180.125,-1.57,0.23
1996-04-01T12:00:00Z,0.0,72.125,184.125,-1.78,0.02
1996-04-01T12:00:00Z,0.0,72.125,188.125,-1.78,0.01
1996-04-01T12:00:00Z,0.0,72.125,192.125,-1.79,-0.01
1996-04-01T12:00:00Z,0.0,72.125,196.125,-1.79,-0.02
1996-04-01T12:00:00Z,0.0,72.125,200.125,-1.76,0.0
1996-04-01T12:00:00Z,0.0,72.125,204.125,-1.72,0.04
1996-04-01T12:00:00Z,0.0,72.125,208.125,-1.74,0.03
1996-04-01T12:00:00Z,0.0,72.125,212.125,-1.73,0.05
1996-04-01T12:00:00Z,0.0,72.125,216.125,-1.74,0.05
1996-04-01T12:00:00Z,0.0,72.125,220.125,-1.74,0.05
1996-04-01T12:00:00Z,0.0,72.125,224.125,-1.76,0.02
1996-04-01T12:00:00Z,0.0,72.125,228.125,-1.78,-0.02
1996-04-01T12:00:00Z,0.0,72.125,232.125,-1.79,-0.06
1996-04-01T12:00:00Z,0.0,72.125,236.125,NaN,NaN
1996-04-01T12:00:00Z,0.0,72.125,240.125,-1.58,0.16
1996-04-01T12:00:00Z,0.0,72.125,244.125,NaN,NaN
1996-04-01T12:00:00Z,0.0,72.125,248.125,NaN,NaN
1996-04-01T12:00:00Z,0.0,72.125,252.125,-1.58,0.22
1996-04-01T12:00:00Z,0.0,72.125,256.125,-1.69,0.11
1996-04-01T12:00:00Z,0.0,72.125,260.125,NaN,NaN
1996-04-01T12:00:00Z,0.0,72.125,264.125,-1.62,0.18
1996-04-01T12:00:00Z,0.0,72.125,268.125,-1.8,-0.01
1996-04-01T12:00:00Z,0.0,72.125,272.125,NaN,NaN
1996-04-01T12:00:00Z,0.0,72.125,276.125,NaN,NaN
1996-04-01T12:00:00Z,0.0,72.125,280.125,NaN,NaN
1996-04-01T12:00:00Z,0.0,72.125,284.125,NaN,NaN
1996-04-01T12:00:00Z,0.0,72.125,288.125,-1.72,0.08
1996-04-01T12:00:00Z,0.0,72.125,292.125,-1.8,0.0
1996-04-01T12:00:00Z,0.0,72.125,296.125,-1.8,0.0
1996-04-01T12:00:00Z,0.0,72.125,300.125,-1.8,-0.02
1996-04-01T12:00:00Z,0.0,72.125,304.125,-1.43,0.19
1996-04-01T12:00:00Z,0.0,72.125,308.125,NaN,NaN
1996-04-01T12:00:00Z,0.0,72.125,312.125,NaN,NaN
1996-04-01T12:00:00Z,0.0,72.125,316.125,NaN,NaN
1996-04-01T12:00:00Z,0.0,72.125,320.125,NaN,NaN
1996-04-01T12:00:00Z,0.0,72.125,324.125,NaN,NaN
1996-04-01T12:00:00Z,0.0,72.125,328.125,NaN,NaN
1996-04-01T12:00:00Z,0.0,72.125,332.125,NaN,NaN
1996-04-01T12:00:00Z,0.0,72.125,336.125,NaN,NaN
1996-04-01T12:00:00Z,0.0,72.125,340.125,-1.36,-0.07
1996-04-01T12:00:00Z,0.0,72.125,344.125,-1.08,-0.95
1996-04-01T12:00:00Z,0.0,72.125,348.125,-0.79,-1.3
1996-04-01T12:00:00Z,0.0,72.125,352.125,-0.06,-0.69
1996-04-01T12:00:00Z,0.0,72.125,356.125,0.78,-0.23
1996-04-01T12:00:00Z,0.0,76.125,0.125,0.23,-0.46
1996-04-01T12:00:00Z,0.0,76.125,4.125,2.32,0.47
1996-04-01T12:00:00Z,0.0,76.125,8.125,2.29,-0.25
1996-04-01T12:00:00Z,0.0,76.125,12.125,2.96,1.0
1996-04-01T12:00:00Z,0.0,76.125,16.125,2.81,1.51
1996-04-01T12:00:00Z,0.0,76.125,20.125,1.09,1.29
1996-04-01T12:00:00Z,0.0,76.125,24.125,-1.21,-1.26
1996-04-01T12:00:00Z,0.0,76.125,28.125,-1.15,-1.8
1996-04-01T12:00:00Z,0.0,76.125,32.125,-0.47,-1.05
1996-04-01T12:00:00Z,0.0,76.125,36.125,-1.11,-1.16
1996-04-01T12:00:00Z,0.0,76.125,40.125,-1.34,-1.1
1996-04-01T12:00:00Z,0.0,76.125,44.125,-1.49,-1.32
1996-04-01T12:00:00Z,0.0,76.125,48.125,-1.48,-1.17
1996-04-01T12:00:00Z,0.0,76.125,52.125,-1.56,-0.81
1996-04-01T12:00:00Z,0.0,76.125,56.125,-1.63,-0.61
1996-04-01T12:00:00Z,0.0,76.125,60.125,-1.44,-0.05
1996-04-01T12:00:00Z,0.0,76.125,64.125,NaN,NaN
1996-04-01T12:00:00Z,0.0,76.125,68.125,-1.66,0.04
1996-04-01T12:00:00Z,0.0,76.125,72.125,-1.77,-0.01
1996-04-01T12:00:00Z,0.0,76.125,76.125,-1.7,0.1
1996-04-01T12:00:00Z,0.0,76.125,80.125,-1.67,0.11
1996-04-01T12:00:00Z,0.0,76.125,84.125,-1.77,0.01
1996-04-01T12:00:00Z,0.0,76.125,88.125,-1.75,0.02
1996-04-01T12:00:00Z,0.0,76.125,92.125,-1.7,0.08
1996-04-01T12:00:00Z,0.0,76.125,96.125,NaN,NaN
1996-04-01T12:00:00Z,0.0,76.125,100.125,NaN,NaN
1996-04-01T12:00:00Z,0.0,76.125,104.125,NaN,NaN
1996-04-01T12:00:00Z,0.0,76.125,108.125,NaN,NaN
1996-04-01T12:00:00Z,0.0,76.125,112.125,NaN,NaN
1996-04-01T12:00:00Z,0.0,76.125,116.125,-1.69,0.09
1996-04-01T12:00:00Z,0.0,76.125,120.125,-1.77,0.02
1996-04-01T12:00:00Z,0.0,76.125,124.125,-1.8,0.0
1996-04-01T12:00:00Z,0.0,76.125,128.125,-1.8,0.0
1996-04-01T12:00:00Z,0.0,76.125,132.125,-1.8,0.0
1996-04-01T12:00:00Z,0.0,76.125,136.125,-1.8,0.0
1996-04-01T12:00:00Z,0.0,76.125,140.125,-1.69,0.11
1996-04-01T12:00:00Z,0.0,76.125,144.125,-1.79,0.01
1996-04-01T12:00:00Z,0.0,76.125,148.125,-1.8,0.0
1996-04-01T12:00:00Z,0.0,76.125,152.125,-1.8,0.0
1996-04-01T12:00:00Z,0.0,76.125,156.125,-1.8,0.0
1996-04-01T12:00:00Z,0.0,76.125,160.125,-1.78,0.02
1996-04-01T12:00:00Z,0.0,76.125,164.125,-1.78,0.02
1996-04-01T12:00:00Z,0.0,76.125,168.125,-1.72,0.08
1996-04-01T12:00:00Z,0.0,76.125,172.125,-1.72,0.08
1996-04-01T12:00:00Z,0.0,76.125,176.125,-1.68,0.12
1996-04-01T12:00:00Z,0.0,76.125,180.125,-1.68,0.12
1996-04-01T12:00:00Z,0.0,76.125,184.125,-1.7,0.1
1996-04-01T12:00:00Z,0.0,76.125,188.125,-1.74,0.06
1996-04-01T12:00:00Z,0.0,76.125,192.125,-1.72,0.08
1996-04-01T12:00:00Z,0.0,76.125,196.125,-1.74,0.06
1996-04-01T12:00:00Z,0.0,76.125,200.125,-1.74,0.06
1996-04-01T12:00:00Z,0.0,76.125,204.125,-1.74,0.06
1996-04-01T12:00:00Z,0.0,76.125,208.125,-1.72,0.08
1996-04-01T12:00:00Z,0.0,76.125,212.125,-1.74,0.06
1996-04-01T12:00:00Z,0.0,76.125,216.125,-1.77,0.03
1996-04-01T12:00:00Z,0.0,76.125,220.125,-1.76,0.04
1996-04-01T12:00:00Z,0.0,76.125,224.125,-1.8,0.0
1996-04-01T12:00:00Z,0.0,76.125,228.125,-1.77,0.03
1996-04-01T12:00:00Z,0.0,76.125,232.125,-1.73,0.07
1996-04-01T12:00:00Z,0.0,76.125,236.125,-1.77,0.02
1996-04-01T12:00:00Z,0.0,76.125,240.125,NaN,NaN
1996-04-01T12:00:00Z,0.0,76.125,244.125,NaN,NaN
1996-04-01T12:00:00Z,0.0,76.125,248.125,-1.61,0.19
1996-04-01T12:00:00Z,0.0,76.125,252.125,-1.65,0.15
1996-04-01T12:00:00Z,0.0,76.125,256.125,NaN,NaN
1996-04-01T12:00:00Z,0.0,76.125,260.125,NaN,NaN
1996-04-01T12:00:00Z,0.0,76.125,264.125,-1.77,0.02
1996-04-01T12:00:00Z,0.0,76.125,268.125,NaN,NaN
1996-04-01T12:00:00Z,0.0,76.125,272.125,-1.8,-0.07
1996-04-01T12:00:00Z,0.0,76.125,276.125,-1.8,-0.09
1996-04-01T12:00:00Z,0.0,76.125,280.125,-1.3,0.38
1996-04-01T12:00:00Z,0.0,76.125,284.125,-1.63,0.03
1996-04-01T12:00:00Z,0.0,76.125,288.125,-1.6,0.12
1996-04-01T12:00:00Z,0.0,76.125,292.125,NaN,NaN
1996-04-01T12:00:00Z,0.0,76.125,296.125,-1.76,0.01
1996-04-01T12:00:00Z,0.0,76.125,300.125,NaN,NaN
1996-04-01T12:00:00Z,0.0,76.125,304.125,NaN,NaN
1996-04-01T12:00:00Z,0.0,76.125,308.125,NaN,NaN
1996-04-01T12:00:00Z,0.0,76.125,312.125,NaN,NaN
1996-04-01T12:00:00Z,0.0,76.125,316.125,NaN,NaN
1996-04-01T12:00:00Z,0.0,76.125,320.125,NaN,NaN
1996-04-01T12:00:00Z,0.0,76.125,324.125,NaN,NaN
1996-04-01T12:00:00Z,0.0,76.125,328.125,NaN,NaN
1996-04-01T12:00:00Z,0.0,76.125,332.125,NaN,NaN
1996-04-01T12:00:00Z,0.0,76.125,336.125,NaN,NaN
1996-04-01T12:00:00Z,0.0,76.125,340.125,NaN,NaN
1996-04-01T12:00:00Z,0.0,76.125,344.125,-1.41,0.28
1996-04-01T12:00:00Z,0.0,76.125,348.125,-1.32,-0.09
1996-04-01T12:00:00Z,0.0,76.125,352.125,-0.69,-0.21
1996-04-01T12:00:00Z,0.0,76.125,356.125,0.97,0.69
1996-04-01T12:00:00Z,0.0,80.125,0.125,-0.27,0.55
1996-04-01T12:00:00Z,0.0,80.125,4.125,1.93,1.73
1996-04-01T12:00:00Z,0.0,80.125,8.125,3.04,2.66
1996-04-01T12:00:00Z,0.0,80.125,12.125,2.3,2.17
1996-04-01T12:00:00Z,0.0,80.125,16.125,1.93,2.17
1996-04-01T12:00:00Z,0.0,80.125,20.125,NaN,NaN
1996-04-01T12:00:00Z,0.0,80.125,24.125,NaN,NaN
1996-04-01T12:00:00Z,0.0,80.125,28.125,-0.6,1.0
1996-04-01T12:00:00Z,0.0,80.125,32.125,-0.77,0.93
1996-04-01T12:00:00Z,0.0,80.125,36.125,-1.18,0.55
1996-04-01T12:00:00Z,0.0,80.125,40.125,-1.4,0.34
1996-04-01T12:00:00Z,0.0,80.125,44.125,-1.51,0.19
1996-04-01T12:00:00Z,0.0,80.125,48.125,-1.46,0.18
1996-04-01T12:00:00Z,0.0,80.125,52.125,-1.6,0.02
1996-04-01T12:00:00Z,0.0,80.125,56.125,NaN,NaN
1996-04-01T12:00:00Z,0.0,80.125,60.125,-1.64,0.03
1996-04-01T12:00:00Z,0.0,80.125,64.125,-1.71,0.01
1996-04-01T12:00:00Z,0.0,80.125,68.125,-1.64,0.13
1996-04-01T12:00:00Z,0.0,80.125,72.125,-1.64,0.16
1996-04-01T12:00:00Z,0.0,80.125,76.125,-1.78,0.02
1996-04-01T12:00:00Z,0.0,80.125,80.125,-1.8,0.0
1996-04-01T12:00:00Z,0.0,80.125,84.125,-1.8,0.0
1996-04-01T12:00:00Z,0.0,80.125,88.125,-1.74,0.06
1996-04-01T12:00:00Z,0.0,80.125,92.125,-1.5,0.28
1996-04-01T12:00:00Z,0.0,80.125,96.125,NaN,NaN
1996-04-01T12:00:00Z,0.0,80.125,100.125,-1.57,0.17
1996-04-01T12:00:00Z,0.0,80.125,104.125,-1.8,-0.05
1996-04-01T12:00:00Z,0.0,80.125,108.125,-1.69,0.09
1996-04-01T12:00:00Z,0.0,80.125,112.125,-1.69,0.1
1996-04-01T12:00:00Z,0.0,80.125,116.125,-1.78,0.02
1996-04-01T12:00:00Z,0.0,80.125,120.125,-1.8,0.0
1996-04-01T12:00:00Z,0.0,80.125,124.125,-1.8,0.0
1996-04-01T12:00:00Z,0.0,80.125,128.125,-1.8,0.0
1996-04-01T12:00:00Z,0.0,80.125,132.125,-1.79,0.01
1996-04-01T12:00:00Z,0.0,80.125,136.125,-1.8,0.0
1996-04-01T12:00:00Z,0.0,80.125,140.125,-1.8,0.0
1996-04-01T12:00:00Z,0.0,80.125,144.125,-1.8,0.0
1996-04-01T12:00:00Z,0.0,80.125,148.125,-1.8,0.0
1996-04-01T12:00:00Z,0.0,80.125,152.125,-1.8,0.0
1996-04-01T12:00:00Z,0.0,80.125,156.125,-1.8,0.0
1996-04-01T12:00:00Z,0.0,80.125,160.125,-1.8,0.0
1996-04-01T12:00:00Z,0.0,80.125,164.125,-1.8,0.0
1996-04-01T12:00:00Z,0.0,80.125,168.125,-1.8,0.0
1996-04-01T12:00:00Z,0.0,80.125,172.125,-1.79,0.01
1996-04-01T12:00:00Z,0.0,80.125,176.125,-1.76,0.04
1996-04-01T12:00:00Z,0.0,80.125,180.125,-1.76,0.04
1996-04-01T12:00:00Z,0.0,80.125,184.125,-1.76,0.04
1996-04-01T12:00:00Z,0.0,80.125,188.125,-1.78,0.02
1996-04-01T12:00:00Z,0.0,80.125,192.125,-1.8,0.0
1996-04-01T12:00:00Z,0.0,80.125,196.125,-1.76,0.04
1996-04-01T12:00:00Z,0.0,80.125,200.125,-1.77,0.03
1996-04-01T12:00:00Z,0.0,80.125,204.125,-1.8,0.0
1996-04-01T12:00:00Z,0.0,80.125,208.125,-1.78,0.02
1996-04-01T12:00:00Z,0.0,80.125,212.125,-1.8,0.0
1996-04-01T12:00:00Z,0.0,80.125,216.125,-1.77,0.03
1996-04-01T12:00:00Z,0.0,80.125,220.125,-1.78,0.02
1996-04-01T12:00:00Z,0.0,80.125,224.125,-1.73,0.07
1996-04-01T12:00:00Z,0.0,80.125,228.125,-1.8,0.0
1996-04-01T12:00:00Z,0.0,80.125,232.125,-1.76,0.04
1996-04-01T12:00:00Z,0.0,80.125,236.125,-1.8,0.0
1996-04-01T12:00:00Z,0.0,80.125,240.125,-1.8,0.0
1996-04-01T12:00:00Z,0.0,80.125,244.125,-1.8,0.0
1996-04-01T12:00:00Z,0.0,80.125,248.125,-1.8,0.0
1996-04-01T12:00:00Z,0.0,80.125,252.125,-1.8,0.0
1996-04-01T12:00:00Z,0.0,80.125,256.125,-1.79,0.01
1996-04-01T12:00:00Z,0.0,80.125,260.125,-1.74,0.06
1996-04-01T12:00:00Z,0.0,80.125,264.125,NaN,NaN
1996-04-01T12:00:00Z,0.0,80.125,268.125,NaN,NaN
1996-04-01T12:00:00Z,0.0,80.125,272.125,NaN,NaN
1996-04-01T12:00:00Z,0.0,80.125,276.125,NaN,NaN
1996-04-01T12:00:00Z,0.0,80.125,280.125,NaN,NaN
1996-04-01T12:00:00Z,0.0,80.125,284.125,NaN,NaN
1996-04-01T12:00:00Z,0.0,80.125,288.125,NaN,NaN
1996-04-01T12:00:00Z,0.0,80.125,292.125,-1.75,0.02
1996-04-01T12:00:00Z,0.0,80.125,296.125,NaN,NaN
1996-04-01T12:00:00Z,0.0,80.125,300.125,NaN,NaN
1996-04-01T12:00:00Z,0.0,80.125,304.125,NaN,NaN
1996-04-01T12:00:00Z,0.0,80.125,308.125,NaN,NaN
1996-04-01T12:00:00Z,0.0,80.125,312.125,NaN,NaN
1996-04-01T12:00:00Z,0.0,80.125,316.125,NaN,NaN
1996-04-01T12:00:00Z,0.0,80.125,320.125,NaN,NaN
1996-04-01T12:00:00Z,0.0,80.125,324.125,NaN,NaN
1996-04-01T12:00:00Z,0.0,80.125,328.125,NaN,NaN
1996-04-01T12:00:00Z,0.0,80.125,332.125,NaN,NaN
1996-04-01T12:00:00Z,0.0,80.125,336.125,NaN,NaN
1996-04-01T12:00:00Z,0.0,80.125,340.125,NaN,NaN
1996-04-01T12:00:00Z,0.0,80.125,344.125,-1.36,0.4
1996-04-01T12:00:00Z,0.0,80.125,348.125,-1.72,0.07
1996-04-01T12:00:00Z,0.0,80.125,352.125,-1.54,0.25
1996-04-01T12:00:00Z,0.0,80.125,356.125,-1.2,0.4
1996-04-01T12:00:00Z,0.0,84.125,0.125,-1.74,0.06
1996-04-01T12:00:00Z,0.0,84.125,4.125,-1.57,0.23
1996-04-01T12:00:00Z,0.0,84.125,8.125,-1.38,0.42
1996-04-01T12:00:00Z,0.0,84.125,12.125,-1.33,0.46
1996-04-01T12:00:00Z,0.0,84.125,16.125,-1.24,0.53
1996-04-01T12:00:00Z,0.0,84.125,20.125,-1.21,0.57
1996-04-01T12:00:00Z,0.0,84.125,24.125,-1.26,0.52
1996-04-01T12:00:00Z,0.0,84.125,28.125,-1.32,0.46
1996-04-01T12:00:00Z,0.0,84.125,32.125,-1.45,0.33
1996-04-01T12:00:00Z,0.0,84.125,36.125,-1.55,0.24
1996-04-01T12:00:00Z,0.0,84.125,40.125,-1.63,0.16
1996-04-01T12:00:00Z,0.0,84.125,44.125,-1.71,0.08
1996-04-01T12:00:00Z,0.0,84.125,48.125,-1.75,0.03
1996-04-01T12:00:00Z,0.0,84.125,52.125,-1.78,-0.02
1996-04-01T12:00:00Z,0.0,84.125,56.125,-1.79,-0.03
1996-04-01T12:00:00Z,0.0,84.125,60.125,-1.8,-0.03
1996-04-01T12:00:00Z,0.0,84.125,64.125,-1.8,-0.01
1996-04-01T12:00:00Z,0.0,84.125,68.125,-1.8,0.0
1996-04-01T12:00:00Z,0.0,84.125,72.125,-1.79,0.01
1996-04-01T12:00:00Z,0.0,84.125,76.125,-1.78,0.02
1996-04-01T12:00:00Z,0.0,84.125,80.125,-1.78,0.02
1996-04-01T12:00:00Z,0.0,84.125,84.125,-1.79,0.01
1996-04-01T12:00:00Z,0.0,84.125,88.125,-1.8,0.0
1996-04-01T12:00:00Z,0.0,84.125,92.125,-1.8,0.0
1996-04-01T12:00:00Z,0.0,84.125,96.125,-1.8,0.0
1996-04-01T12:00:00Z,0.0,84.125,100.125,-1.8,0.0
1996-04-01T12:00:00Z,0.0,84.125,104.125,-1.8,0.0
1996-04-01T12:00:00Z,0.0,84.125,108.125,-1.8,0.0
1996-04-01T12:00:00Z,0.0,84.125,112.125,-1.8,0.0
1996-04-01T12:00:00Z,0.0,84.125,116.125,-1.8,0.0
1996-04-01T12:00:00Z,0.0,84.125,120.125,-1.8,0.0
1996-04-01T12:00:00Z,0.0,84.125,124.125,-1.8,0.0
1996-04-01T12:00:00Z,0.0,84.125,128.125,-1.8,0.0
1996-04-01T12:00:00Z,0.0,84.125,132.125,-1.8,0.0
1996-04-01T12:00:00Z,0.0,84.125,136.125,-1.8,0.0
1996-04-01T12:00:00Z,0.0,84.125,140.125,-1.8,0.0
1996-04-01T12:00:00Z,0.0,84.125,144.125,-1.8,0.0
1996-04-01T12:00:00Z,0.0,84.125,148.125,-1.8,0.0
1996-04-01T12:00:00Z,0.0,84.125,152.125,-1.8,0.0
1996-04-01T12:00:00Z,0.0,84.125,156.125,-1.79,0.01
1996-04-01T12:00:00Z,0.0,84.125,160.125,-1.8,0.0
1996-04-01T12:00:00Z,0.0,84.125,164.125,-1.79,0.01
1996-04-01T12:00:00Z,0.0,84.125,168.125,-1.74,0.06
1996-04-01T12:00:00Z,0.0,84.125,172.125,-1.73,0.07
1996-04-01T12:00:00Z,0.0,84.125,176.125,-1.75,0.05
1996-04-01T12:00:00Z,0.0,84.125,180.125,-1.76,0.04
1996-04-01T12:00:00Z,0.0,84.125,184.125,-1.76,0.04
1996-04-01T12:00:00Z,0.0,84.125,188.125,-1.73,0.07
1996-04-01T12:00:00Z,0.0,84.125,192.125,-1.7,0.1
1996-04-01T12:00:00Z,0.0,84.125,196.125,-1.69,0.11
1996-04-01T12:00:00Z,0.0,84.125,200.125,-1.68,0.12
1996-04-01T12:00:00Z,0.0,84.125,204.125,-1.7,0.1
1996-04-01T12:00:00Z,0.0,84.125,208.125,-1.71,0.09
1996-04-01T12:00:00Z,0.0,84.125,212.125,-1.72,0.08
1996-04-01T12:00:00Z,0.0,84.125,216.125,-1.73,0.07
1996-04-01T12:00:00Z,0.0,84.125,220.125,-1.78,0.02
1996-04-01T12:00:00Z,0.0,84.125,224.125,-1.8,0.0
1996-04-01T12:00:00Z,0.0,84.125,228.125,-1.79,0.01
1996-04-01T12:00:00Z,0.0,84.125,232.125,-1.8,0.0
1996-04-01T12:00:00Z,0.0,84.125,236.125,-1.8,0.0
1996-04-01T12:00:00Z,0.0,84.125,240.125,-1.8,0.0
1996-04-01T12:00:00Z,0.0,84.125,244.125,-1.8,0.0
1996-04-01T12:00:00Z,0.0,84.125,248.125,-1.8,0.0
1996-04-01T12:00:00Z,0.0,84.125,252.125,-1.8,0.0
1996-04-01T12:00:00Z,0.0,84.125,256.125,-1.8,0.0
1996-04-01T12:00:00Z,0.0,84.125,260.125,-1.8,0.0
1996-04-01T12:00:00Z,0.0,84.125,264.125,-1.8,0.0
1996-04-01T12:00:00Z,0.0,84.125,268.125,-1.8,0.0
1996-04-01T12:00:00Z,0.0,84.125,272.125,-1.8,0.0
1996-04-01T12:00:00Z,0.0,84.125,276.125,-1.8,0.0
1996-04-01T12:00:00Z,0.0,84.125,280.125,-1.8,-0.02
1996-04-01T12:00:00Z,0.0,84.125,284.125,-1.8,-0.01
1996-04-01T12:00:00Z,0.0,84.125,288.125,-1.8,0.0
1996-04-01T12:00:00Z,0.0,84.125,292.125,-1.8,0.0
1996-04-01T12:00:00Z,0.0,84.125,296.125,-1.8,0.0
1996-04-01T12:00:00Z,0.0,84.125,300.125,-1.8,0.0
1996-04-01T12:00:00Z,0.0,84.125,304.125,-1.8,0.0
1996-04-01T12:00:00Z,0.0,84.125,308.125,-1.8,0.0
1996-04-01T12:00:00Z,0.0,84.125,312.125,-1.8,0.0
1996-04-01T12:00:00Z,0.0,84.125,316.125,-1.8,0.0
1996-04-01T12:00:00Z,0.0,84.125,320.125,-1.8,0.0
1996-04-01T12:00:00Z,0.0,84.125,324.125,-1.79,0.01
1996-04-01T12:00:00Z,0.0,84.125,328.125,-1.79,0.01
1996-04-01T12:00:00Z,0.0,84.125,332.125,-1.79,0.01
1996-04-01T12:00:00Z,0.0,84.125,336.125,-1.79,0.01
1996-04-01T12:00:00Z,0.0,84.125,340.125,-1.8,0.0
1996-04-01T12:00:00Z,0.0,84.125,344.125,-1.8,0.0
1996-04-01T12:00:00Z,0.0,84.125,348.125,-1.8,-0.01
1996-04-01T12:00:00Z,0.0,84.125,352.125,-1.8,0.0
1996-04-01T12:00:00Z,0.0,84.125,356.125,-1.79,0.01
1996-04-01T12:00:00Z,0.0,88.125,0.125,-1.74,0.06
1996-04-01T12:00:00Z,0.0,88.125,4.125,-1.72,0.08
1996-04-01T12:00:00Z,0.0,88.125,8.125,-1.7,0.09
1996-04-01T12:00:00Z,0.0,88.125,12.125,-1.7,0.09
1996-04-01T12:00:00Z,0.0,88.125,16.125,-1.69,0.1
1996-04-01T12:00:00Z,0.0,88.125,20.125,-1.68,0.11
1996-04-01T12:00:00Z,0.0,88.125,24.125,-1.69,0.11
1996-04-01T12:00:00Z,0.0,88.125,28.125,-1.69,0.11
1996-04-01T12:00:00Z,0.0,88.125,32.125,-1.71,0.09
1996-04-01T12:00:00Z,0.0,88.125,36.125,-1.72,0.08
1996-04-01T12:00:00Z,0.0,88.125,40.125,-1.73,0.07
1996-04-01T12:00:00Z,0.0,88.125,44.125,-1.74,0.06
1996-04-01T12:00:00Z,0.0,88.125,48.125,-1.75,0.05
1996-04-01T12:00:00Z,0.0,88.125,52.125,-1.75,0.05
1996-04-01T12:00:00Z,0.0,88.125,56.125,-1.75,0.05
1996-04-01T12:00:00Z,0.0,88.125,60.125,-1.75,0.05
1996-04-01T12:00:00Z,0.0,88.125,64.125,-1.75,0.05
1996-04-01T12:00:00Z,0.0,88.125,68.125,-1.75,0.05
1996-04-01T12:00:00Z,0.0,88.125,72.125,-1.75,0.05
1996-04-01T12:00:00Z,0.0,88.125,76.125,-1.75,0.05
1996-04-01T12:00:00Z,0.0,88.125,80.125,-1.75,0.05
1996-04-01T12:00:00Z,0.0,88.125,84.125,-1.75,0.05
1996-04-01T12:00:00Z,0.0,88.125,88.125,-1.75,0.05
1996-04-01T12:00:00Z,0.0,88.125,92.125,-1.75,0.05
1996-04-01T12:00:00Z,0.0,88.125,96.125,-1.75,0.05
1996-04-01T12:00:00Z,0.0,88.125,100.125,-1.75,0.05
1996-04-01T12:00:00Z,0.0,88.125,104.125,-1.75,0.05
1996-04-01T12:00:00Z,0.0,88.125,108.125,-1.75,0.05
1996-04-01T12:00:00Z,0.0,88.125,112.125,-1.75,0.05
1996-04-01T12:00:00Z,0.0,88.125,116.125,-1.75,0.05
1996-04-01T12:00:00Z,0.0,88.125,120.125,-1.75,0.05
1996-04-01T12:00:00Z,0.0,88.125,124.125,-1.75,0.05
1996-04-01T12:00:00Z,0.0,88.125,128.125,-1.75,0.05
1996-04-01T12:00:00Z,0.0,88.125,132.125,-1.75,0.05
1996-04-01T12:00:00Z,0.0,88.125,136.125,-1.75,0.05
1996-04-01T12:00:00Z,0.0,88.125,140.125,-1.75,0.05
1996-04-01T12:00:00Z,0.0,88.125,144.125,-1.75,0.05
1996-04-01T12:00:00Z,0.0,88.125,148.125,-1.75,0.05
1996-04-01T12:00:00Z,0.0,88.125,152.125,-1.75,0.05
1996-04-01T12:00:00Z,0.0,88.125,156.125,-1.75,0.05
1996-04-01T12:00:00Z,0.0,88.125,160.125,-1.75,0.05
1996-04-01T12:00:00Z,0.0,88.125,164.125,-1.75,0.05
1996-04-01T12:00:00Z,0.0,88.125,168.125,-1.74,0.06
1996-04-01T12:00:00Z,0.0,88.125,172.125,-1.74,0.06
1996-04-01T12:00:00Z,0.0,88.125,176.125,-1.75,0.05
1996-04-01T12:00:00Z,0.0,88.125,180.125,-1.75,0.05
1996-04-01T12:00:00Z,0.0,88.125,184.125,-1.75,0.05
1996-04-01T12:00:00Z,0.0,88.125,188.125,-1.74,0.06
1996-04-01T12:00:00Z,0.0,88.125,192.125,-1.74,0.06
1996-04-01T12:00:00Z,0.0,88.125,196.125,-1.73,0.07
1996-04-01T12:00:00Z,0.0,88.125,200.125,-1.73,0.07
1996-04-01T12:00:00Z,0.0,88.125,204.125,-1.74,0.06
1996-04-01T12:00:00Z,0.0,88.125,208.125,-1.74,0.06
1996-04-01T12:00:00Z,0.0,88.125,212.125,-1.74,0.06
1996-04-01T12:00:00Z,0.0,88.125,216.125,-1.74,0.06
1996-04-01T12:00:00Z,0.0,88.125,220.125,-1.75,0.05
1996-04-01T12:00:00Z,0.0,88.125,224.125,-1.75,0.05
1996-04-01T12:00:00Z,0.0,88.125,228.125,-1.75,0.05
1996-04-01T12:00:00Z,0.0,88.125,232.125,-1.75,0.05
1996-04-01T12:00:00Z,0.0,88.125,236.125,-1.75,0.05
1996-04-01T12:00:00Z,0.0,88.125,240.125,-1.75,0.05
1996-04-01T12:00:00Z,0.0,88.125,244.125,-1.75,0.05
1996-04-01T12:00:00Z,0.0,88.125,248.125,-1.75,0.05
1996-04-01T12:00:00Z,0.0,88.125,252.125,-1.75,0.05
1996-04-01T12:00:00Z,0.0,88.125,256.125,-1.75,0.05
1996-04-01T12:00:00Z,0.0,88.125,260.125,-1.75,0.05
1996-04-01T12:00:00Z,0.0,88.125,264.125,-1.75,0.05
1996-04-01T12:00:00Z,0.0,88.125,268.125,-1.75,0.05
1996-04-01T12:00:00Z,0.0,88.125,272.125,-1.75,0.05
1996-04-01T12:00:00Z,0.0,88.125,276.125,-1.75,0.05
1996-04-01T12:00:00Z,0.0,88.125,280.125,-1.75,0.05
1996-04-01T12:00:00Z,0.0,88.125,284.125,-1.75,0.05
1996-04-01T12:00:00Z,0.0,88.125,288.125,-1.75,0.05
1996-04-01T12:00:00Z,0.0,88.125,292.125,-1.75,0.05
1996-04-01T12:00:00Z,0.0,88.125,296.125,-1.75,0.05
1996-04-01T12:00:00Z,0.0,88.125,300.125,-1.75,0.05
1996-04-01T12:00:00Z,0.0,88.125,304.125,-1.75,0.05
1996-04-01T12:00:00Z,0.0,88.125,308.125,-1.75,0.05
1996-04-01T12:00:00Z,0.0,88.125,312.125,-1.75,0.05
1996-04-01T12:00:00Z,0.0,88.125,316.125,-1.75,0.05
1996-04-01T12:00:00Z,0.0,88.125,320.125,-1.75,0.05
1996-04-01T12:00:00Z,0.0,88.125,324.125,-1.75,0.05
1996-04-01T12:00:00Z,0.0,88.125,328.125,-1.75,0.05
1996-04-01T12:00:00Z,0.0,88.125,332.125,-1.75,0.05
1996-04-01T12:00:00Z,0.0,88.125,336.125,-1.75,0.05
1996-04-01T12:00:00Z,0.0,88.125,340.125,-1.75,0.05
1996-04-01T12:00:00Z,0.0,88.125,344.125,-1.75,0.05
1996-04-01T12:00:00Z,0.0,88.125,348.125,-1.75,0.05
1996-04-01T12:00:00Z,0.0,88.125,352.125,-1.75,0.05
1996-04-01T12:00:00Z,0.0,88.125,356.125,-1.75,0.05
