1988-04-01T12:00:00Z,0.0,-87.875,0.125,NaN,NaN
1988-04-01T12:00:00Z,0.0,-87.875,4.125,NaN,NaN
1988-04-01T12:00:00Z,0.0,-87.875,8.125,NaN,NaN
1988-04-01T12:00:00Z,0.0,-87.875,12.125,NaN,NaN
1988-04-01T12:00:00Z,0.0,-87.875,16.125,NaN,NaN
1988-04-01T12:00:00Z,0.0,-87.875,20.125,NaN,NaN
1988-04-01T12:00:00Z,0.0,-87.875,24.125,NaN,NaN
1988-04-01T12:00:00Z,0.0,-87.875,28.125,NaN,NaN
1988-04-01T12:00:00Z,0.0,-87.875,32.125,NaN,NaN
1988-04-01T12:00:00Z,0.0,-87.875,36.125,NaN,NaN
1988-04-01T12:00:00Z,0.0,-87.875,40.125,NaN,NaN
1988-04-01T12:00:00Z,0.0,-87.875,44.125,NaN,NaN
1988-04-01T12:00:00Z,0.0,-87.875,48.125,NaN,NaN
1988-04-01T12:00:00Z,0.0,-87.875,52.125,NaN,NaN
1988-04-01T12:00:00Z,0.0,-87.875,56.125,NaN,NaN
1988-04-01T12:00:00Z,0.0,-87.875,60.125,NaN,NaN
1988-04-01T12:00:00Z,0.0,-87.875,64.125,NaN,NaN
1988-04-01T12:00:00Z,0.0,-87.875,68.125,NaN,NaN
1988-04-01T12:00:00Z,0.0,-87.875,72.125,NaN,NaN
1988-04-01T12:00:00Z,0.0,-87.875,76.125,NaN,NaN
1988-04-01T12:00:00Z,0.0,-87.875,80.125,NaN,NaN
1988-04-01T12:00:00Z,0.0,-87.875,84.125,NaN,NaN
1988-04-01T12:00:00Z,0.0,-87.875,88.125,NaN,NaN
1988-04-01T12:00:00Z,0.0,-87.875,92.125,NaN,NaN
1988-04-01T12:00:00Z,0.0,-87.875,96.125,NaN,NaN
1988-04-01T12:00:00Z,0.0,-87.875,100.125,NaN,NaN
1988-04-01T12:00:00Z,0.0,-87.875,104.125,NaN,NaN
1988-04-01T12:00:00Z,0.0,-87.875,108.125,NaN,NaN
1988-04-01T12:00:00Z,0.0,-87.875,112.125,NaN,NaN
1988-04-01T12:00:00Z,0.0,-87.875,116.125,NaN,NaN
1988-04-01T12:00:00Z,0.0,-87.875,120.125,NaN,NaN
1988-04-01T12:00:00Z,0.0,-87.875,124.125,NaN,NaN
1988-04-01T12:00:00Z,0.0,-87.875,128.125,NaN,NaN
1988-04-01T12:00:00Z,0.0,-87.875,132.125,NaN,NaN
1988-04-01T12:00:00Z,0.0,-87.875,136.125,NaN,NaN
1988-04-01T12:00:00Z,0.0,-87.875,140.125,NaN,NaN
1988-04-01T12:00:00Z,0.0,-87.875,144.125,NaN,NaN
1988-04-01T12:00:00Z,0.0,-87.875,148.125,NaN,NaN
1988-04-01T12:00:00Z,0.0,-87.875,152.125,NaN,NaN
1988-04-01T12:00:00Z,0.0,-87.875,156.125,NaN,NaN
1988-04-01T12:00:00Z,0.0,-87.875,160.125,NaN,NaN
1988-04-01T12:00:00Z,0.0,-87.875,164.125,NaN,NaN
1988-04-01T12:00:00Z,0.0,-87.875,168.125,NaN,NaN
1988-04-01T12:00:00Z,0.0,-87.875,172.125,NaN,NaN
1988-04-01T12:00:00Z,0.0,-87.875,176.125,NaN,NaN
1988-04-01T12:00:00Z,0.0,-87.875,180.125,NaN,NaN
1988-04-01T12:00:00Z,0.0,-87.875,184.125,NaN,NaN
1988-04-01T12:00:00Z,0.0,-87.875,188.125,NaN,NaN
1988-04-01T12:00:00Z,0.0,-87.875,192.125,NaN,NaN
1988-04-01T12:00:00Z,0.0,-87.875,196.125,NaN,NaN
1988-04-01T12:00:00Z,0.0,-87.875,200.125,NaN,NaN
1988-04-01T12:00:00Z,0.0,-87.875,204.125,NaN,NaN
1988-04-01T12:00:00Z,0.0,-87.875,208.125,NaN,NaN
1988-04-01T12:00:00Z,0.0,-87.875,212.125,NaN,NaN
1988-04-01T12:00:00Z,0.0,-87.875,216.125,NaN,NaN
1988-04-01T12:00:00Z,0.0,-87.875,220.125,NaN,NaN
1988-04-01T12:00:00Z,0.0,-87.875,224.125,NaN,NaN
1988-04-01T12:00:00Z,0.0,-87.875,228.125,NaN,NaN
1988-04-01T12:00:00Z,0.0,-87.875,232.125,NaN,NaN
1988-04-01T12:00:00Z,0.0,-87.875,236.125,NaN,NaN
1988-04-01T12:00:00Z,0.0,-87.875,240.125,NaN,NaN
1988-04-01T12:00:00Z,0.0,-87.875,244.125,NaN,NaN
1988-04-01T12:00:00Z,0.0,-87.875,248.125,NaN,NaN
1988-04-01T12:00:00Z,0.0,-87.875,252.125,NaN,NaN
1988-04-01T12:00:00Z,0.0,-87.875,256.125,NaN,NaN
1988-04-01T12:00:00Z,0.0,-87.875,260.125,NaN,NaN
1988-04-01T12:00:00Z,0.0,-87.875,264.125,NaN,NaN
1988-04-01T12:00:00Z,0.0,-87.875,268.125,NaN,NaN
1988-04-01T12:00:00Z,0.0,-87.875,272.125,NaN,NaN
1988-04-01T12:00:00Z,0.0,-87.875,276.125,NaN,NaN
1988-04-01T12:00:00Z,0.0,-87.875,280.125,NaN,NaN
1988-04-01T12:00:00Z,0.0,-87.875,284.125,NaN,NaN
1988-04-01T12:00:00Z,0.0,-87.875,288.125,NaN,NaN
1988-04-01T12:00:00Z,0.0,-87.875,292.125,NaN,NaN
1988-04-01T12:00:00Z,0.0,-87.875,296.125,NaN,NaN
1988-04-01T12:00:00Z,0.0,-87.875,300.125,NaN,NaN
1988-04-01T12:00:00Z,0.0,-87.875,304.125,NaN,NaN
1988-04-01T12:00:00Z,0.0,-87.875,308.125,NaN,NaN
1988-04-01T12:00:00Z,0.0,-87.875,312.125,NaN,NaN
1988-04-01T12:00:00Z,0.0,-87.875,316.125,NaN,NaN
1988-04-01T12:00:00Z,0.0,-87.875,320.125,NaN,NaN
1988-04-01T12:00:00Z,0.0,-87.875,324.125,NaN,NaN
1988-04-01T12:00:00Z,0.0,-87.875,328.125,NaN,NaN
1988-04-01T12:00:00Z,0.0,-87.875,332.125,NaN,NaN
1988-04-01T12:00:00Z,0.0,-87.875,336.125,NaN,NaN
1988-04-01T12:00:00Z,0.0,-87.875,340.125,NaN,NaN
1988-04-01T12:00:00Z,0.0,-87.875,344.125,NaN,NaN
1988-04-01T12:00:00Z,0.0,-87.875,348.125,NaN,NaN
1988-04-01T12:00:00Z,0.0,-87.875,352.125,NaN,NaN
1988-04-01T12:00:00Z,0.0,-87.875,356.125,NaN,NaN
1988-04-01T12:00:00Z,0.0,-83.875,0.125,NaN,NaN
1988-04-01T12:00:00Z,0.0,-83.875,4.125,NaN,NaN
1988-04-01T12:00:00Z,0.0,-83.875,8.125,NaN,NaN
1988-04-01T12:00:00Z,0.0,-83.875,12.125,NaN,NaN
1988-04-01T12:00:00Z,0.0,-83.875,16.125,NaN,NaN
1988-04-01T12:00:00Z,0.0,-83.875,20.125,NaN,NaN
1988-04-01T12:00:00Z,0.0,-83.875,24.125,NaN,NaN
1988-04-01T12:00:00Z,0.0,-83.875,28.125,NaN,NaN
1988-04-01T12:00:00Z,0.0,-83.875,32.125,NaN,NaN
1988-04-01T12:00:00Z,0.0,-83.875,36.125,NaN,NaN
1988-04-01T12:00:00Z,0.0,-83.875,40.125,NaN,NaN
1988-04-01T12:00:00Z,0.0,-83.875,44.125,NaN,NaN
1988-04-01T12:00:00Z,0.0,-83.875,48.125,NaN,NaN
1988-04-01T12:00:00Z,0.0,-83.875,52.125,NaN,NaN
1988-04-01T12:00:00Z,0.0,-83.875,56.125,NaN,NaN
1988-04-01T12:00:00Z,0.0,-83.875,60.125,NaN,NaN
1988-04-01T12:00:00Z,0.0,-83.875,64.125,NaN,NaN
1988-04-01T12:00:00Z,0.0,-83.875,68.125,NaN,NaN
1988-04-01T12:00:00Z,0.0,-83.875,72.125,NaN,NaN
1988-04-01T12:00:00Z,0.0,-83.875,76.125,NaN,NaN
1988-04-01T12:00:00Z,0.0,-83.875,80.125,NaN,NaN
1988-04-01T12:00:00Z,0.0,-83.875,84.125,NaN,NaN
1988-04-01T12:00:00Z,0.0,-83.875,88.125,NaN,NaN
1988-04-01T12:00:00Z,0.0,-83.875,92.125,NaN,NaN
1988-04-01T12:00:00Z,0.0,-83.875,96.125,NaN,NaN
1988-04-01T12:00:00Z,0.0,-83.875,100.125,NaN,NaN
1988-04-01T12:00:00Z,0.0,-83.875,104.125,NaN,NaN
1988-04-01T12:00:00Z,0.0,-83.875,108.125,NaN,NaN
1988-04-01T12:00:00Z,0.0,-83.875,112.125,NaN,NaN
1988-04-01T12:00:00Z,0.0,-83.875,116.125,NaN,NaN
1988-04-01T12:00:00Z,0.0,-83.875,120.125,NaN,NaN
1988-04-01T12:00:00Z,0.0,-83.875,124.125,NaN,NaN
1988-04-01T12:00:00Z,0.0,-83.875,128.125,NaN,NaN
1988-04-01T12:00:00Z,0.0,-83.875,132.125,NaN,NaN
1988-04-01T12:00:00Z,0.0,-83.875,136.125,NaN,NaN
1988-04-01T12:00:00Z,0.0,-83.875,140.125,NaN,NaN
1988-04-01T12:00:00Z,0.0,-83.875,144.125,NaN,NaN
1988-04-01T12:00:00Z,0.0,-83.875,148.125,NaN,NaN
1988-04-01T12:00:00Z,0.0,-83.875,152.125,NaN,NaN
1988-04-01T12:00:00Z,0.0,-83.875,156.125,NaN,NaN
1988-04-01T12:00:00Z,0.0,-83.875,160.125,NaN,NaN
1988-04-01T12:00:00Z,0.0,-83.875,164.125,NaN,NaN
1988-04-01T12:00:00Z,0.0,-83.875,168.125,NaN,NaN
1988-04-01T12:00:00Z,0.0,-83.875,172.125,NaN,NaN
1988-04-01T12:00:00Z,0.0,-83.875,176.125,NaN,NaN
1988-04-01T12:00:00Z,0.0,-83.875,180.125,NaN,NaN
1988-04-01T12:00:00Z,0.0,-83.875,184.125,NaN,NaN
1988-04-01T12:00:00Z,0.0,-83.875,188.125,NaN,NaN
1988-04-01T12:00:00Z,0.0,-83.875,192.125,NaN,NaN
1988-04-01T12:00:00Z,0.0,-83.875,196.125,NaN,NaN
1988-04-01T12:00:00Z,0.0,-83.875,200.125,NaN,NaN
1988-04-01T12:00:00Z,0.0,-83.875,204.125,NaN,NaN
1988-04-01T12:00:00Z,0.0,-83.875,208.125,NaN,NaN
1988-04-01T12:00:00Z,0.0,-83.875,212.125,NaN,NaN
1988-04-01T12:00:00Z,0.0,-83.875,216.125,NaN,NaN
1988-04-01T12:00:00Z,0.0,-83.875,220.125,NaN,NaN
1988-04-01T12:00:00Z,0.0,-83.875,224.125,NaN,NaN
1988-04-01T12:00:00Z,0.0,-83.875,228.125,NaN,NaN
1988-04-01T12:00:00Z,0.0,-83.875,232.125,NaN,NaN
1988-04-01T12:00:00Z,0.0,-83.875,236.125,NaN,NaN
1988-04-01T12:00:00Z,0.0,-83.875,240.125,NaN,NaN
1988-04-01T12:00:00Z,0.0,-83.875,244.125,NaN,NaN
1988-04-01T12:00:00Z,0.0,-83.875,248.125,NaN,NaN
1988-04-01T12:00:00Z,0.0,-83.875,252.125,NaN,NaN
1988-04-01T12:00:00Z,0.0,-83.875,256.125,NaN,NaN
1988-04-01T12:00:00Z,0.0,-83.875,260.125,NaN,NaN
1988-04-01T12:00:00Z,0.0,-83.875,264.125,NaN,NaN
1988-04-01T12:00:00Z,0.0,-83.875,268.125,NaN,NaN
1988-04-01T12:00:00Z,0.0,-83.875,272.125,NaN,NaN
1988-04-01T12:00:00Z,0.0,-83.875,276.125,NaN,NaN
1988-04-01T12:00:00Z,0.0,-83.875,280.125,NaN,NaN
1988-04-01T12:00:00Z,0.0,-83.875,284.125,NaN,NaN
1988-04-01T12:00:00Z,0.0,-83.875,288.125,NaN,NaN
1988-04-01T12:00:00Z,0.0,-83.875,292.125,NaN,NaN
1988-04-01T12:00:00Z,0.0,-83.875,296.125,NaN,NaN
1988-04-01T12:00:00Z,0.0,-83.875,300.125,NaN,NaN
1988-04-01T12:00:00Z,0.0,-83.875,304.125,NaN,NaN
1988-04-01T12:00:00Z,0.0,-83.875,308.125,NaN,NaN
1988-04-01T12:00:00Z,0.0,-83.875,312.125,NaN,NaN
1988-04-01T12:00:00Z,0.0,-83.875,316.125,NaN,NaN
1988-04-01T12:00:00Z,0.0,-83.875,320.125,NaN,NaN
1988-04-01T12:00:00Z,0.0,-83.875,324.125,NaN,NaN
1988-04-01T12:00:00Z,0.0,-83.875,328.125,NaN,NaN
1988-04-01T12:00:00Z,0.0,-83.875,332.125,NaN,NaN
1988-04-01T12:00:00Z,0.0,-83.875,336.125,NaN,NaN
1988-04-01T12:00:00Z,0.0,-83.875,340.125,NaN,NaN
1988-04-01T12:00:00Z,0.0,-83.875,344.125,NaN,NaN
1988-04-01T12:00:00Z,0.0,-83.875,348.125,NaN,NaN
1988-04-01T12:00:00Z,0.0,-83.875,352.125,NaN,NaN
1988-04-01T12:00:00Z,0.0,-83.875,356.125,NaN,NaN
1988-04-01T12:00:00Z,0.0,-79.875,0.125,NaN,NaN
1988-04-01T12:00:00Z,0.0,-79.875,4.125,NaN,NaN
1988-04-01T12:00:00Z,0.0,-79.875,8.125,NaN,NaN
1988-04-01T12:00:00Z,0.0,-79.875,12.125,NaN,NaN
1988-04-01T12:00:00Z,0.0,-79.875,16.125,NaN,NaN
1988-04-01T12:00:00Z,0.0,-79.875,20.125,NaN,NaN
1988-04-01T12:00:00Z,0.0,-79.875,24.125,NaN,NaN
1988-04-01T12:00:00Z,0.0,-79.875,28.125,NaN,NaN
1988-04-01T12:00:00Z,0.0,-79.875,32.125,NaN,NaN
1988-04-01T12:00:00Z,0.0,-79.875,36.125,NaN,NaN
1988-04-01T12:00:00Z,0.0,-79.875,40.125,NaN,NaN
1988-04-01T12:00:00Z,0.0,-79.875,44.125,NaN,NaN
1988-04-01T12:00:00Z,0.0,-79.875,48.125,NaN,NaN
1988-04-01T12:00:00Z,0.0,-79.875,52.125,NaN,NaN
1988-04-01T12:00:00Z,0.0,-79.875,56.125,NaN,NaN
1988-04-01T12:00:00Z,0.0,-79.875,60.125,NaN,NaN
1988-04-01T12:00:00Z,0.0,-79.875,64.125,NaN,NaN
1988-04-01T12:00:00Z,0.0,-79.875,68.125,NaN,NaN
1988-04-01T12:00:00Z,0.0,-79.875,72.125,NaN,NaN
1988-04-01T12:00:00Z,0.0,-79.875,76.125,NaN,NaN
1988-04-01T12:00:00Z,0.0,-79.875,80.125,NaN,NaN
1988-04-01T12:00:00Z,0.0,-79.875,84.125,NaN,NaN
1988-04-01T12:00:00Z,0.0,-79.875,88.125,NaN,NaN
1988-04-01T12:00:00Z,0.0,-79.875,92.125,NaN,NaN
1988-04-01T12:00:00Z,0.0,-79.875,96.125,NaN,NaN
1988-04-01T12:00:00Z,0.0,-79.875,100.125,NaN,NaN
1988-04-01T12:00:00Z,0.0,-79.875,104.125,NaN,NaN
1988-04-01T12:00:00Z,0.0,-79.875,108.125,NaN,NaN
1988-04-01T12:00:00Z,0.0,-79.875,112.125,NaN,NaN
1988-04-01T12:00:00Z,0.0,-79.875,116.125,NaN,NaN
1988-04-01T12:00:00Z,0.0,-79.875,120.125,NaN,NaN
1988-04-01T12:00:00Z,0.0,-79.875,124.125,NaN,NaN
1988-04-01T12:00:00Z,0.0,-79.875,128.125,NaN,NaN
1988-04-01T12:00:00Z,0.0,-79.875,132.125,NaN,NaN
1988-04-01T12:00:00Z,0.0,-79.875,136.125,NaN,NaN
1988-04-01T12:00:00Z,0.0,-79.875,140.125,NaN,NaN
1988-04-01T12:00:00Z,0.0,-79.875,144.125,NaN,NaN
1988-04-01T12:00:00Z,0.0,-79.875,148.125,NaN,NaN
1988-04-01T12:00:00Z,0.0,-79.875,152.125,NaN,NaN
1988-04-01T12:00:00Z,0.0,-79.875,156.125,NaN,NaN
1988-04-01T12:00:00Z,0.0,-79.875,160.125,NaN,NaN
1988-04-01T12:00:00Z,0.0,-79.875,164.125,NaN,NaN
1988-04-01T12:00:00Z,0.0,-79.875,168.125,NaN,NaN
1988-04-01T12:00:00Z,0.0,-79.875,172.125,NaN,NaN
1988-04-01T12:00:00Z,0.0,-79.875,176.125,NaN,NaN
1988-04-01T12:00:00Z,0.0,-79.875,180.125,NaN,NaN
1988-04-01T12:00:00Z,0.0,-79.875,184.125,NaN,NaN
1988-04-01T12:00:00Z,0.0,-79.875,188.125,NaN,NaN
1988-04-01T12:00:00Z,0.0,-79.875,192.125,NaN,NaN
1988-04-01T12:00:00Z,0.0,-79.875,196.125,NaN,NaN
1988-04-01T12:00:00Z,0.0,-79.875,200.125,NaN,NaN
1988-04-01T12:00:00Z,0.0,-79.875,204.125,NaN,NaN
1988-04-01T12:00:00Z,0.0,-79.875,208.125,NaN,NaN
1988-04-01T12:00:00Z,0.0,-79.875,212.125,NaN,NaN
1988-04-01T12:00:00Z,0.0,-79.875,216.125,NaN,NaN
1988-04-01T12:00:00Z,0.0,-79.875,220.125,NaN,NaN
1988-04-01T12:00:00Z,0.0,-79.875,224.125,NaN,NaN
1988-04-01T12:00:00Z,0.0,-79.875,228.125,NaN,NaN
1988-04-01T12:00:00Z,0.0,-79.875,232.125,NaN,NaN
1988-04-01T12:00:00Z,0.0,-79.875,236.125,NaN,NaN
1988-04-01T12:00:00Z,0.0,-79.875,240.125,NaN,NaN
1988-04-01T12:00:00Z,0.0,-79.875,244.125,NaN,NaN
1988-04-01T12:00:00Z,0.0,-79.875,248.125,NaN,NaN
1988-04-01T12:00:00Z,0.0,-79.875,252.125,NaN,NaN
1988-04-01T12:00:00Z,0.0,-79.875,256.125,NaN,NaN
1988-04-01T12:00:00Z,0.0,-79.875,260.125,NaN,NaN
1988-04-01T12:00:00Z,0.0,-79.875,264.125,NaN,NaN
1988-04-01T12:00:00Z,0.0,-79.875,268.125,NaN,NaN
1988-04-01T12:00:00Z,0.0,-79.875,272.125,NaN,NaN
1988-04-01T12:00:00Z,0.0,-79.875,276.125,NaN,NaN
1988-04-01T12:00:00Z,0.0,-79.875,280.125,NaN,NaN
1988-04-01T12:00:00Z,0.0,-79.875,284.125,NaN,NaN
1988-04-01T12:00:00Z,0.0,-79.875,288.125,NaN,NaN
1988-04-01T12:00:00Z,0.0,-79.875,292.125,NaN,NaN
1988-04-01T12:00:00Z,0.0,-79.875,296.125,NaN,NaN
1988-04-01T12:00:00Z,0.0,-79.875,300.125,NaN,NaN
1988-04-01T12:00:00Z,0.0,-79.875,304.125,NaN,NaN
1988-04-01T12:00:00Z,0.0,-79.875,308.125,NaN,NaN
1988-04-01T12:00:00Z,0.0,-79.875,312.125,NaN,NaN
1988-04-01T12:00:00Z,0.0,-79.875,316.125,NaN,NaN
1988-04-01T12:00:00Z,0.0,-79.875,320.125,NaN,NaN
1988-04-01T12:00:00Z,0.0,-79.875,324.125,NaN,NaN
1988-04-01T12:00:00Z,0.0,-79.875,328.125,NaN,NaN
1988-04-01T12:00:00Z,0.0,-79.875,332.125,NaN,NaN
1988-04-01T12:00:00Z,0.0,-79.875,336.125,NaN,NaN
1988-04-01T12:00:00Z,0.0,-79.875,340.125,NaN,NaN
1988-04-01T12:00:00Z,0.0,-79.875,344.125,NaN,NaN
1988-04-01T12:00:00Z,0.0,-79.875,348.125,NaN,NaN
1988-04-01T12:00:00Z,0.0,-79.875,352.125,NaN,NaN
1988-04-01T12:00:00Z,0.0,-79.875,356.125,NaN,NaN
1988-04-01T12:00:00Z,0.0,-75.875,0.125,NaN,NaN
1988-04-01T12:00:00Z,0.0,-75.875,4.125,NaN,NaN
1988-04-01T12:00:00Z,0.0,-75.875,8.125,NaN,NaN
1988-04-01T12:00:00Z,0.0,-75.875,12.125,NaN,NaN
1988-04-01T12:00:00Z,0.0,-75.875,16.125,NaN,NaN
1988-04-01T12:00:00Z,0.0,-75.875,20.125,NaN,NaN
1988-04-01T12:00:00Z,0.0,-75.875,24.125,NaN,NaN
1988-04-01T12:00:00Z,0.0,-75.875,28.125,NaN,NaN
1988-04-01T12:00:00Z,0.0,-75.875,32.125,NaN,NaN
1988-04-01T12:00:00Z,0.0,-75.875,36.125,NaN,NaN
1988-04-01T12:00:00Z,0.0,-75.875,40.125,NaN,NaN
1988-04-01T12:00:00Z,0.0,-75.875,44.125,NaN,NaN
1988-04-01T12:00:00Z,0.0,-75.875,48.125,NaN,NaN
1988-04-01T12:00:00Z,0.0,-75.875,52.125,NaN,NaN
1988-04-01T12:00:00Z,0.0,-75.875,56.125,NaN,NaN
1988-04-01T12:00:00Z,0.0,-75.875,60.125,NaN,NaN
1988-04-01T12:00:00Z,0.0,-75.875,64.125,NaN,NaN
1988-04-01T12:00:00Z,0.0,-75.875,68.125,NaN,NaN
1988-04-01T12:00:00Z,0.0,-75.875,72.125,NaN,NaN
1988-04-01T12:00:00Z,0.0,-75.875,76.125,NaN,NaN
1988-04-01T12:00:00Z,0.0,-75.875,80.125,NaN,NaN
1988-04-01T12:00:00Z,0.0,-75.875,84.125,NaN,NaN
1988-04-01T12:00:00Z,0.0,-75.875,88.125,NaN,NaN
1988-04-01T12:00:00Z,0.0,-75.875,92.125,NaN,NaN
1988-04-01T12:00:00Z,0.0,-75.875,96.125,NaN,NaN
1988-04-01T12:00:00Z,0.0,-75.875,100.125,NaN,NaN
1988-04-01T12:00:00Z,0.0,-75.875,104.125,NaN,NaN
1988-04-01T12:00:00Z,0.0,-75.875,108.125,NaN,NaN
1988-04-01T12:00:00Z,0.0,-75.875,112.125,NaN,NaN
1988-04-01T12:00:00Z,0.0,-75.875,116.125,NaN,NaN
1988-04-01T12:00:00Z,0.0,-75.875,120.125,NaN,NaN
1988-04-01T12:00:00Z,0.0,-75.875,124.125,NaN,NaN
1988-04-01T12:00:00Z,0.0,-75.875,128.125,NaN,NaN
1988-04-01T12:00:00Z,0.0,-75.875,132.125,NaN,NaN
1988-04-01T12:00:00Z,0.0,-75.875,136.125,NaN,NaN
1988-04-01T12:00:00Z,0.0,-75.875,140.125,NaN,NaN
1988-04-01T12:00:00Z,0.0,-75.875,144.125,NaN,NaN
1988-04-01T12:00:00Z,0.0,-75.875,148.125,NaN,NaN
1988-04-01T12:00:00Z,0.0,-75.875,152.125,NaN,NaN
1988-04-01T12:00:00Z,0.0,-75.875,156.125,NaN,NaN
1988-04-01T12:00:00Z,0.0,-75.875,160.125,NaN,NaN
1988-04-01T12:00:00Z,0.0,-75.875,164.125,-1.51,-0.27
1988-04-01T12:00:00Z,0.0,-75.875,168.125,-1.62,-0.14
1988-04-01T12:00:00Z,0.0,-75.875,172.125,-1.23,0.12
1988-04-01T12:00:00Z,0.0,-75.875,176.125,-1.3,0.06
1988-04-01T12:00:00Z,0.0,-75.875,180.125,-1.53,-0.12
1988-04-01T12:00:00Z,0.0,-75.875,184.125,-1.59,-0.14
1988-04-01T12:00:00Z,0.0,-75.875,188.125,-1.64,-0.11
1988-04-01T12:00:00Z,0.0,-75.875,192.125,-1.68,-0.1
1988-04-01T12:00:00Z,0.0,-75.875,196.125,-1.7,-0.06
1988-04-01T12:00:00Z,0.0,-75.875,200.125,-1.71,-0.07
1988-04-01T12:00:00Z,0.0,-75.875,204.125,-1.72,-0.04
1988-04-01T12:00:00Z,0.0,-75.875,208.125,-1.66,0.02
1988-04-01T12:00:00Z,0.0,-75.875,212.125,-1.58,0.08
1988-04-01T12:00:00Z,0.0,-75.875,216.125,NaN,NaN
1988-04-01T12:00:00Z,0.0,-75.875,220.125,NaN,NaN
1988-04-01T12:00:00Z,0.0,-75.875,224.125,NaN,NaN
1988-04-01T12:00:00Z,0.0,-75.875,228.125,NaN,NaN
1988-04-01T12:00:00Z,0.0,-75.875,232.125,NaN,NaN
1988-04-01T12:00:00Z,0.0,-75.875,236.125,NaN,NaN
1988-04-01T12:00:00Z,0.0,-75.875,240.125,NaN,NaN
1988-04-01T12:00:00Z,0.0,-75.875,244.125,NaN,NaN
1988-04-01T12:00:00Z,0.0,-75.875,248.125,NaN,NaN
1988-04-01T12:00:00Z,0.0,-75.875,252.125,NaN,NaN
1988-04-01T12:00:00Z,0.0,-75.875,256.125,NaN,NaN
1988-04-01T12:00:00Z,0.0,-75.875,260.125,NaN,NaN
1988-04-01T12:00:00Z,0.0,-75.875,264.125,NaN,NaN
1988-04-01T12:00:00Z,0.0,-75.875,268.125,NaN,NaN
1988-04-01T12:00:00Z,0.0,-75.875,272.125,NaN,NaN
1988-04-01T12:00:00Z,0.0,-75.875,276.125,NaN,NaN
1988-04-01T12:00:00Z,0.0,-75.875,280.125,NaN,NaN
1988-04-01T12:00:00Z,0.0,-75.875,284.125,NaN,NaN
1988-04-01T12:00:00Z,0.0,-75.875,288.125,NaN,NaN
1988-04-01T12:00:00Z,0.0,-75.875,292.125,NaN,NaN
1988-04-01T12:00:00Z,0.0,-75.875,296.125,-1.31,0.04
1988-04-01T12:00:00Z,0.0,-75.875,300.125,-1.38,-0.15
1988-04-01T12:00:00Z,0.0,-75.875,304.125,-1.41,0.13
1988-04-01T12:00:00Z,0.0,-75.875,308.125,-1.64,0.02
1988-04-01T12:00:00Z,0.0,-75.875,312.125,-1.7,0.0
1988-04-01T12:00:00Z,0.0,-75.875,316.125,-1.71,-0.04
1988-04-01T12:00:00Z,0.0,-75.875,320.125,-1.71,-0.01
1988-04-01T12:00:00Z,0.0,-75.875,324.125,-1.69,-0.05
1988-04-01T12:00:00Z,0.0,-75.875,328.125,-1.62,-0.09
1988-04-01T12:00:00Z,0.0,-75.875,332.125,-1.56,-0.14
1988-04-01T12:00:00Z,0.0,-75.875,336.125,-1.54,-0.11
1988-04-01T12:00:00Z,0.0,-75.875,340.125,NaN,NaN
1988-04-01T12:00:00Z,0.0,-75.875,344.125,NaN,NaN
1988-04-01T12:00:00Z,0.0,-75.875,348.125,NaN,NaN
1988-04-01T12:00:00Z,0.0,-75.875,352.125,NaN,NaN
1988-04-01T12:00:00Z,0.0,-75.875,356.125,NaN,NaN
1988-04-01T12:00:00Z,0.0,-71.875,0.125,NaN,NaN
1988-04-01T12:00:00Z,0.0,-71.875,4.125,NaN,NaN
1988-04-01T12:00:00Z,0.0,-71.875,8.125,NaN,NaN
1988-04-01T12:00:00Z,0.0,-71.875,12.125,NaN,NaN
1988-04-01T12:00:00Z,0.0,-71.875,16.125,NaN,NaN
1988-04-01T12:00:00Z,0.0,-71.875,20.125,NaN,NaN
1988-04-01T12:00:00Z,0.0,-71.875,24.125,NaN,NaN
1988-04-01T12:00:00Z,0.0,-71.875,28.125,NaN,NaN
1988-04-01T12:00:00Z,0.0,-71.875,32.125,NaN,NaN
1988-04-01T12:00:00Z,0.0,-71.875,36.125,NaN,NaN
1988-04-01T12:00:00Z,0.0,-71.875,40.125,NaN,NaN
1988-04-01T12:00:00Z,0.0,-71.875,44.125,NaN,NaN
1988-04-01T12:00:00Z,0.0,-71.875,48.125,NaN,NaN
1988-04-01T12:00:00Z,0.0,-71.875,52.125,NaN,NaN
1988-04-01T12:00:00Z,0.0,-71.875,56.125,NaN,NaN
1988-04-01T12:00:00Z,0.0,-71.875,60.125,NaN,NaN
1988-04-01T12:00:00Z,0.0,-71.875,64.125,NaN,NaN
1988-04-01T12:00:00Z,0.0,-71.875,68.125,-1.11,0.01
1988-04-01T12:00:00Z,0.0,-71.875,72.125,NaN,NaN
1988-04-01T12:00:00Z,0.0,-71.875,76.125,NaN,NaN
1988-04-01T12:00:00Z,0.0,-71.875,80.125,NaN,NaN
1988-04-01T12:00:00Z,0.0,-71.875,84.125,NaN,NaN
1988-04-01T12:00:00Z,0.0,-71.875,88.125,NaN,NaN
1988-04-01T12:00:00Z,0.0,-71.875,92.125,NaN,NaN
1988-04-01T12:00:00Z,0.0,-71.875,96.125,NaN,NaN
1988-04-01T12:00:00Z,0.0,-71.875,100.125,NaN,NaN
1988-04-01T12:00:00Z,0.0,-71.875,104.125,NaN,NaN
1988-04-01T12:00:00Z,0.0,-71.875,108.125,NaN,NaN
1988-04-01T12:00:00Z,0.0,-71.875,112.125,NaN,NaN
1988-04-01T12:00:00Z,0.0,-71.875,116.125,NaN,NaN
1988-04-01T12:00:00Z,0.0,-71.875,120.125,NaN,NaN
1988-04-01T12:00:00Z,0.0,-71.875,124.125,NaN,NaN
1988-04-01T12:00:00Z,0.0,-71.875,128.125,NaN,NaN
1988-04-01T12:00:00Z,0.0,-71.875,132.125,NaN,NaN
1988-04-01T12:00:00Z,0.0,-71.875,136.125,NaN,NaN
1988-04-01T12:00:00Z,0.0,-71.875,140.125,NaN,NaN
1988-04-01T12:00:00Z,0.0,-71.875,144.125,NaN,NaN
1988-04-01T12:00:00Z,0.0,-71.875,148.125,NaN,NaN
1988-04-01T12:00:00Z,0.0,-71.875,152.125,NaN,NaN
1988-04-01T12:00:00Z,0.0,-71.875,156.125,NaN,NaN
1988-04-01T12:00:00Z,0.0,-71.875,160.125,NaN,NaN
1988-04-01T12:00:00Z,0.0,-71.875,164.125,NaN,NaN
1988-04-01T12:00:00Z,0.0,-71.875,168.125,NaN,NaN
1988-04-01T12:00:00Z,0.0,-71.875,172.125,-1.5,-0.26
1988-04-01T12:00:00Z,0.0,-71.875,176.125,-1.6,-0.35
1988-04-01T12:00:00Z,0.0,-71.875,180.125,-1.73,-0.43
1988-04-01T12:00:00Z,0.0,-71.875,184.125,-1.71,-0.32
1988-04-01T12:00:00Z,0.0,-71.875,188.125,-1.71,-0.23
1988-04-01T12:00:00Z,0.0,-71.875,192.125,-1.67,-0.18
1988-04-01T12:00:00Z,0.0,-71.875,196.125,-1.63,-0.17
1988-04-01T12:00:00Z,0.0,-71.875,200.125,-1.69,-0.26
1988-04-01T12:00:00Z,0.0,-71.875,204.125,-1.68,-0.26
1988-04-01T12:00:00Z,0.0,-71.875,208.125,-1.64,-0.24
1988-04-01T12:00:00Z,0.0,-71.875,212.125,-1.61,-0.23
1988-04-01T12:00:00Z,0.0,-71.875,216.125,-1.61,-0.27
1988-04-01T12:00:00Z,0.0,-71.875,220.125,-1.59,-0.27
1988-04-01T12:00:00Z,0.0,-71.875,224.125,-1.62,-0.26
1988-04-01T12:00:00Z,0.0,-71.875,228.125,-1.64,-0.17
1988-04-01T12:00:00Z,0.0,-71.875,232.125,-1.64,-0.19
1988-04-01T12:00:00Z,0.0,-71.875,236.125,-1.63,-0.22
1988-04-01T12:00:00Z,0.0,-71.875,240.125,-1.6,-0.32
1988-04-01T12:00:00Z,0.0,-71.875,244.125,-1.5,-0.29
1988-04-01T12:00:00Z,0.0,-71.875,248.125,-1.5,-0.4
1988-04-01T12:00:00Z,0.0,-71.875,252.125,-1.43,-0.19
1988-04-01T12:00:00Z,0.0,-71.875,256.125,-1.48,-0.3
1988-04-01T12:00:00Z,0.0,-71.875,260.125,-1.55,-0.37
1988-04-01T12:00:00Z,0.0,-71.875,264.125,-1.53,-0.29
1988-04-01T12:00:00Z,0.0,-71.875,268.125,-1.66,-0.36
1988-04-01T12:00:00Z,0.0,-71.875,272.125,-1.65,-0.36
1988-04-01T12:00:00Z,0.0,-71.875,276.125,-1.57,-0.49
1988-04-01T12:00:00Z,0.0,-71.875,280.125,-1.42,-0.62
1988-04-01T12:00:00Z,0.0,-71.875,284.125,-1.34,-0.79
1988-04-01T12:00:00Z,0.0,-71.875,288.125,-1.26,-0.48
1988-04-01T12:00:00Z,0.0,-71.875,292.125,-1.06,0.01
1988-04-01T12:00:00Z,0.0,-71.875,296.125,NaN,NaN
1988-04-01T12:00:00Z,0.0,-71.875,300.125,-1.67,-0.05
1988-04-01T12:00:00Z,0.0,-71.875,304.125,-1.8,-0.07
1988-04-01T12:00:00Z,0.0,-71.875,308.125,-1.8,-0.07
1988-04-01T12:00:00Z,0.0,-71.875,312.125,-1.71,0.0
1988-04-01T12:00:00Z,0.0,-71.875,316.125,-1.69,-0.04
1988-04-01T12:00:00Z,0.0,-71.875,320.125,-1.69,-0.13
1988-04-01T12:00:00Z,0.0,-71.875,324.125,-1.68,-0.24
1988-04-01T12:00:00Z,0.0,-71.875,328.125,-1.47,-0.16
1988-04-01T12:00:00Z,0.0,-71.875,332.125,-1.27,-0.05
1988-04-01T12:00:00Z,0.0,-71.875,336.125,-1.29,-0.14
1988-04-01T12:00:00Z,0.0,-71.875,340.125,-1.65,-0.58
1988-04-01T12:00:00Z,0.0,-71.875,344.125,-1.67,-0.62
1988-04-01T12:00:00Z,0.0,-71.875,348.125,-1.56,-0.61
1988-04-01T12:00:00Z,0.0,-71.875,352.125,NaN,NaN
1988-04-01T12:00:00Z,0.0,-71.875,356.125,NaN,NaN
1988-04-01T12:00:00Z,0.0,-67.875,0.125,-0.71,-0.28
1988-04-01T12:00:00Z,0.0,-67.875,4.125,-0.9,-0.45
1988-04-01T12:00:00Z,0.0,-67.875,8.125,-1.0,-0.49
1988-04-01T12:00:00Z,0.0,-67.875,12.125,-1.49,-0.85
1988-04-01T12:00:00Z,0.0,-67.875,16.125,-0.93,-0.34
1988-04-01T12:00:00Z,0.0,-67.875,20.125,-1.3,-0.8
1988-04-01T12:00:00Z,0.0,-67.875,24.125,-1.46,-0.97
1988-04-01T12:00:00Z,0.0,-67.875,28.125,-0.88,-0.39
1988-04-01T12:00:00Z,0.0,-67.875,32.125,-0.51,-0.03
1988-04-01T12:00:00Z,0.0,-67.875,36.125,-1.11,-0.49
1988-04-01T12:00:00Z,0.0,-67.875,40.125,-1.33,-0.69
1988-04-01T12:00:00Z,0.0,-67.875,44.125,-1.61,-0.95
1988-04-01T12:00:00Z,0.0,-67.875,48.125,NaN,NaN
1988-04-01T12:00:00Z,0.0,-67.875,52.125,NaN,NaN
1988-04-01T12:00:00Z,0.0,-67.875,56.125,NaN,NaN
1988-04-01T12:00:00Z,0.0,-67.875,60.125,NaN,NaN
1988-04-01T12:00:00Z,0.0,-67.875,64.125,NaN,NaN
1988-04-01T12:00:00Z,0.0,-67.875,68.125,NaN,NaN
1988-04-01T12:00:00Z,0.0,-67.875,72.125,-1.27,-0.13
1988-04-01T12:00:00Z,0.0,-67.875,76.125,-1.63,-0.52
1988-04-01T12:00:00Z,0.0,-67.875,80.125,-1.64,-0.62
1988-04-01T12:00:00Z,0.0,-67.875,84.125,NaN,NaN
1988-04-01T12:00:00Z,0.0,-67.875,88.125,NaN,NaN
1988-04-01T12:00:00Z,0.0,-67.875,92.125,NaN,NaN
1988-04-01T12:00:00Z,0.0,-67.875,96.125,NaN,NaN
1988-04-01T12:00:00Z,0.0,-67.875,100.125,NaN,NaN
1988-04-01T12:00:00Z,0.0,-67.875,104.125,NaN,NaN
1988-04-01T12:00:00Z,0.0,-67.875,108.125,NaN,NaN
1988-04-01T12:00:00Z,0.0,-67.875,112.125,NaN,NaN
1988-04-01T12:00:00Z,0.0,-67.875,116.125,NaN,NaN
1988-04-01T12:00:00Z,0.0,-67.875,120.125,NaN,NaN
1988-04-01T12:00:00Z,0.0,-67.875,124.125,NaN,NaN
1988-04-01T12:00:00Z,0.0,-67.875,128.125,NaN,NaN
1988-04-01T12:00:00Z,0.0,-67.875,132.125,NaN,NaN
1988-04-01T12:00:00Z,0.0,-67.875,136.125,NaN,NaN
1988-04-01T12:00:00Z,0.0,-67.875,140.125,NaN,NaN
1988-04-01T12:00:00Z,0.0,-67.875,144.125,NaN,NaN
1988-04-01T12:00:00Z,0.0,-67.875,148.125,-1.54,-0.29
1988-04-01T12:00:00Z,0.0,-67.875,152.125,-1.8,-0.24
1988-04-01T12:00:00Z,0.0,-67.875,156.125,-1.73,-0.24
1988-04-01T12:00:00Z,0.0,-67.875,160.125,-1.29,-0.05
1988-04-01T12:00:00Z,0.0,-67.875,164.125,-1.69,-0.8
1988-04-01T12:00:00Z,0.0,-67.875,168.125,-1.36,-0.6
1988-04-01T12:00:00Z,0.0,-67.875,172.125,-1.36,-0.52
1988-04-01T12:00:00Z,0.0,-67.875,176.125,-1.37,-0.54
1988-04-01T12:00:00Z,0.0,-67.875,180.125,-0.91,-0.25
1988-04-01T12:00:00Z,0.0,-67.875,184.125,-0.72,-0.05
1988-04-01T12:00:00Z,0.0,-67.875,188.125,-0.69,0.04
1988-04-01T12:00:00Z,0.0,-67.875,192.125,-1.27,-0.47
1988-04-01T12:00:00Z,0.0,-67.875,196.125,-1.26,-0.45
1988-04-01T12:00:00Z,0.0,-67.875,200.125,-1.31,-0.5
1988-04-01T12:00:00Z,0.0,-67.875,204.125,-1.39,-0.57
1988-04-01T12:00:00Z,0.0,-67.875,208.125,-1.75,-0.91
1988-04-01T12:00:00Z,0.0,-67.875,212.125,-1.76,-0.97
1988-04-01T12:00:00Z,0.0,-67.875,216.125,-1.34,-0.67
1988-04-01T12:00:00Z,0.0,-67.875,220.125,-0.93,-0.27
1988-04-01T12:00:00Z,0.0,-67.875,224.125,-1.32,-0.75
1988-04-01T12:00:00Z,0.0,-67.875,228.125,-1.73,-1.2
1988-04-01T12:00:00Z,0.0,-67.875,232.125,-0.85,-0.34
1988-04-01T12:00:00Z,0.0,-67.875,236.125,0.12,0.58
1988-04-01T12:00:00Z,0.0,-67.875,240.125,-0.6,-0.29
1988-04-01T12:00:00Z,0.0,-67.875,244.125,-0.82,-0.62
1988-04-01T12:00:00Z,0.0,-67.875,248.125,-0.86,-0.75
1988-04-01T12:00:00Z,0.0,-67.875,252.125,0.05,0.02
1988-04-01T12:00:00Z,0.0,-67.875,256.125,-0.29,-0.5
1988-04-01T12:00:00Z,0.0,-67.875,260.125,0.53,0.21
1988-04-01T12:00:00Z,0.0,-67.875,264.125,-0.05,-0.34
1988-04-01T12:00:00Z,0.0,-67.875,268.125,-0.2,-0.39
1988-04-01T12:00:00Z,0.0,-67.875,272.125,-0.19,-0.29
1988-04-01T12:00:00Z,0.0,-67.875,276.125,-0.47,-0.7
1988-04-01T12:00:00Z,0.0,-67.875,280.125,-0.52,-0.79
1988-04-01T12:00:00Z,0.0,-67.875,284.125,-1.17,-1.27
1988-04-01T12:00:00Z,0.0,-67.875,288.125,-1.25,-1.3
1988-04-01T12:00:00Z,0.0,-67.875,292.125,-1.15,-1.11
1988-04-01T12:00:00Z,0.0,-67.875,296.125,-0.64,-0.04
1988-04-01T12:00:00Z,0.0,-67.875,300.125,-1.71,-0.34
1988-04-01T12:00:00Z,0.0,-67.875,304.125,-1.8,-0.09
1988-04-01T12:00:00Z,0.0,-67.875,308.125,-1.67,0.0
1988-04-01T12:00:00Z,0.0,-67.875,312.125,-1.49,-0.05
1988-04-01T12:00:00Z,0.0,-67.875,316.125,-1.37,-0.18
1988-04-01T12:00:00Z,0.0,-67.875,320.125,-1.6,-0.57
1988-04-01T12:00:00Z,0.0,-67.875,324.125,-1.06,-0.08
1988-04-01T12:00:00Z,0.0,-67.875,328.125,-1.06,-0.17
1988-04-01T12:00:00Z,0.0,-67.875,332.125,-1.28,-0.5
1988-04-01T12:00:00Z,0.0,-67.875,336.125,-0.93,-0.23
1988-04-01T12:00:00Z,0.0,-67.875,340.125,-0.53,0.12
1988-04-01T12:00:00Z,0.0,-67.875,344.125,-0.64,-0.04
1988-04-01T12:00:00Z,0.0,-67.875,348.125,-0.81,-0.25
1988-04-01T12:00:00Z,0.0,-67.875,352.125,-0.62,-0.08
1988-04-01T12:00:00Z,0.0,-67.875,356.125,-0.58,-0.11
1988-04-01T12:00:00Z,0.0,-63.875,0.125,-0.7,-0.83
1988-04-01T12:00:00Z,0.0,-63.875,4.125,-0.33,-0.5
1988-04-01T12:00:00Z,0.0,-63.875,8.125,-0.37,-0.6
1988-04-01T12:00:00Z,0.0,-63.875,12.125,-0.13,-0.32
1988-04-01T12:00:00Z,0.0,-63.875,16.125,-0.25,-0.45
1988-04-01T12:00:00Z,0.0,-63.875,20.125,-0.4,-0.64
1988-04-01T12:00:00Z,0.0,-63.875,24.125,-0.11,-0.41
1988-04-01T12:00:00Z,0.0,-63.875,28.125,0.2,-0.18
1988-04-01T12:00:00Z,0.0,-63.875,32.125,0.55,0.16
1988-04-01T12:00:00Z,0.0,-63.875,36.125,0.18,-0.32
1988-04-01T12:00:00Z,0.0,-63.875,40.125,0.74,0.21
1988-04-01T12:00:00Z,0.0,-63.875,44.125,0.45,0.02
1988-04-01T12:00:00Z,0.0,-63.875,48.125,0.67,0.44
1988-04-01T12:00:00Z,0.0,-63.875,52.125,-0.17,-0.25
1988-04-01T12:00:00Z,0.0,-63.875,56.125,-0.03,-0.02
1988-04-01T12:00:00Z,0.0,-63.875,60.125,-0.32,-0.27
1988-04-01T12:00:00Z,0.0,-63.875,64.125,-0.6,-0.45
1988-04-01T12:00:00Z,0.0,-63.875,68.125,-0.57,-0.33
1988-04-01T12:00:00Z,0.0,-63.875,72.125,-0.68,-0.54
1988-04-01T12:00:00Z,0.0,-63.875,76.125,-0.61,-0.54
1988-04-01T12:00:00Z,0.0,-63.875,80.125,-0.61,-0.52
1988-04-01T12:00:00Z,0.0,-63.875,84.125,-0.64,-0.43
1988-04-01T12:00:00Z,0.0,-63.875,88.125,-0.33,-0.03
1988-04-01T12:00:00Z,0.0,-63.875,92.125,-0.34,0.02
1988-04-01T12:00:00Z,0.0,-63.875,96.125,-0.63,-0.19
1988-04-01T12:00:00Z,0.0,-63.875,100.125,-0.39,0.08
1988-04-01T12:00:00Z,0.0,-63.875,104.125,-0.55,-0.21
1988-04-01T12:00:00Z,0.0,-63.875,108.125,-0.33,-0.04
1988-04-01T12:00:00Z,0.0,-63.875,112.125,-0.42,-0.3
1988-04-01T12:00:00Z,0.0,-63.875,116.125,-1.07,-1.04
1988-04-01T12:00:00Z,0.0,-63.875,120.125,0.24,0.1
1988-04-01T12:00:00Z,0.0,-63.875,124.125,-0.1,-0.31
1988-04-01T12:00:00Z,0.0,-63.875,128.125,-0.07,-0.4
1988-04-01T12:00:00Z,0.0,-63.875,132.125,-0.22,-0.58
1988-04-01T12:00:00Z,0.0,-63.875,136.125,-0.74,-1.07
1988-04-01T12:00:00Z,0.0,-63.875,140.125,0.0,-0.34
1988-04-01T12:00:00Z,0.0,-63.875,144.125,0.3,-0.09
1988-04-01T12:00:00Z,0.0,-63.875,148.125,-0.36,-0.69
1988-04-01T12:00:00Z,0.0,-63.875,152.125,-0.18,-0.33
1988-04-01T12:00:00Z,0.0,-63.875,156.125,-0.63,-0.8
1988-04-01T12:00:00Z,0.0,-63.875,160.125,-0.61,-0.59
1988-04-01T12:00:00Z,0.0,-63.875,164.125,0.13,-0.1
1988-04-01T12:00:00Z,0.0,-63.875,168.125,0.48,-0.1
1988-04-01T12:00:00Z,0.0,-63.875,172.125,1.1,0.12
1988-04-01T12:00:00Z,0.0,-63.875,176.125,2.19,0.76
1988-04-01T12:00:00Z,0.0,-63.875,180.125,2.21,0.35
1988-04-01T12:00:00Z,0.0,-63.875,184.125,2.01,0.32
1988-04-01T12:00:00Z,0.0,-63.875,188.125,2.08,0.81
1988-04-01T12:00:00Z,0.0,-63.875,192.125,1.37,0.62
1988-04-01T12:00:00Z,0.0,-63.875,196.125,0.41,0.01
1988-04-01T12:00:00Z,0.0,-63.875,200.125,-0.06,-0.37
1988-04-01T12:00:00Z,0.0,-63.875,204.125,-0.09,-0.29
1988-04-01T12:00:00Z,0.0,-63.875,208.125,-0.08,-0.14
1988-04-01T12:00:00Z,0.0,-63.875,212.125,-0.39,-0.51
1988-04-01T12:00:00Z,0.0,-63.875,216.125,-0.32,-0.62
1988-04-01T12:00:00Z,0.0,-63.875,220.125,-0.52,-0.92
1988-04-01T12:00:00Z,0.0,-63.875,224.125,1.71,1.11
1988-04-01T12:00:00Z,0.0,-63.875,228.125,0.86,-0.04
1988-04-01T12:00:00Z,0.0,-63.875,232.125,1.59,0.37
1988-04-01T12:00:00Z,0.0,-63.875,236.125,1.73,0.18
1988-04-01T12:00:00Z,0.0,-63.875,240.125,1.77,0.05
1988-04-01T12:00:00Z,0.0,-63.875,244.125,0.27,-1.73
1988-04-01T12:00:00Z,0.0,-63.875,248.125,1.37,-0.92
1988-04-01T12:00:00Z,0.0,-63.875,252.125,0.53,-1.6
1988-04-01T12:00:00Z,0.0,-63.875,256.125,0.81,-1.24
1988-04-01T12:00:00Z,0.0,-63.875,260.125,1.09,-1.07
1988-04-01T12:00:00Z,0.0,-63.875,264.125,1.81,-0.4
1988-04-01T12:00:00Z,0.0,-63.875,268.125,1.09,-1.05
1988-04-01T12:00:00Z,0.0,-63.875,272.125,2.75,0.42
1988-04-01T12:00:00Z,0.0,-63.875,276.125,1.39,-0.84
1988-04-01T12:00:00Z,0.0,-63.875,280.125,1.82,-0.3
1988-04-01T12:00:00Z,0.0,-63.875,284.125,1.12,-0.79
1988-04-01T12:00:00Z,0.0,-63.875,288.125,0.54,-0.95
1988-04-01T12:00:00Z,0.0,-63.875,292.125,0.52,-0.53
1988-04-01T12:00:00Z,0.0,-63.875,296.125,0.07,-0.5
1988-04-01T12:00:00Z,0.0,-63.875,300.125,-0.56,-0.42
1988-04-01T12:00:00Z,0.0,-63.875,304.125,-1.43,-0.76
1988-04-01T12:00:00Z,0.0,-63.875,308.125,-1.53,-0.62
1988-04-01T12:00:00Z,0.0,-63.875,312.125,-1.45,-0.85
1988-04-01T12:00:00Z,0.0,-63.875,316.125,-0.63,-0.19
1988-04-01T12:00:00Z,0.0,-63.875,320.125,-0.85,-0.37
1988-04-01T12:00:00Z,0.0,-63.875,324.125,-0.59,-0.14
1988-04-01T12:00:00Z,0.0,-63.875,328.125,-0.82,-0.39
1988-04-01T12:00:00Z,0.0,-63.875,332.125,-0.84,-0.43
1988-04-01T12:00:00Z,0.0,-63.875,336.125,-0.81,-0.4
1988-04-01T12:00:00Z,0.0,-63.875,340.125,-0.92,-0.57
1988-04-01T12:00:00Z,0.0,-63.875,344.125,-0.6,-0.32
1988-04-01T12:00:00Z,0.0,-63.875,348.125,-0.61,-0.4
1988-04-01T12:00:00Z,0.0,-63.875,352.125,-0.62,-0.55
1988-04-01T12:00:00Z,0.0,-63.875,356.125,-0.31,-0.38
1988-04-01T12:00:00Z,0.0,-59.875,0.125,-0.59,-0.88
1988-04-01T12:00:00Z,0.0,-59.875,4.125,-0.21,-0.54
1988-04-01T12:00:00Z,0.0,-59.875,8.125,0.1,-0.28
1988-04-01T12:00:00Z,0.0,-59.875,12.125,0.48,0.02
1988-04-01T12:00:00Z,0.0,-59.875,16.125,0.41,-0.15
1988-04-01T12:00:00Z,0.0,-59.875,20.125,0.19,-0.61
1988-04-01T12:00:00Z,0.0,-59.875,24.125,0.55,-0.51
1988-04-01T12:00:00Z,0.0,-59.875,28.125,1.04,-0.16
1988-04-01T12:00:00Z,0.0,-59.875,32.125,0.69,-0.51
1988-04-01T12:00:00Z,0.0,-59.875,36.125,1.16,-0.12
1988-04-01T12:00:00Z,0.0,-59.875,40.125,1.87,0.55
1988-04-01T12:00:00Z,0.0,-59.875,44.125,1.68,0.31
1988-04-01T12:00:00Z,0.0,-59.875,48.125,1.4,-0.02
1988-04-01T12:00:00Z,0.0,-59.875,52.125,0.94,-0.33
1988-04-01T12:00:00Z,0.0,-59.875,56.125,1.45,0.32
1988-04-01T12:00:00Z,0.0,-59.875,60.125,1.16,0.0
1988-04-01T12:00:00Z,0.0,-59.875,64.125,1.16,-0.1
1988-04-01T12:00:00Z,0.0,-59.875,68.125,1.04,-0.17
1988-04-01T12:00:00Z,0.0,-59.875,72.125,0.61,-0.32
1988-04-01T12:00:00Z,0.0,-59.875,76.125,0.22,-0.48
1988-04-01T12:00:00Z,0.0,-59.875,80.125,0.25,-0.42
1988-04-01T12:00:00Z,0.0,-59.875,84.125,1.18,0.47
1988-04-01T12:00:00Z,0.0,-59.875,88.125,1.85,0.6
1988-04-01T12:00:00Z,0.0,-59.875,92.125,1.23,0.04
1988-04-01T12:00:00Z,0.0,-59.875,96.125,1.74,0.62
1988-04-01T12:00:00Z,0.0,-59.875,100.125,1.67,0.58
1988-04-01T12:00:00Z,0.0,-59.875,104.125,1.67,0.31
1988-04-01T12:00:00Z,0.0,-59.875,108.125,1.33,-0.17
1988-04-01T12:00:00Z,0.0,-59.875,112.125,1.54,-0.13
1988-04-01T12:00:00Z,0.0,-59.875,116.125,2.07,0.2
1988-04-01T12:00:00Z,0.0,-59.875,120.125,1.63,-0.28
1988-04-01T12:00:00Z,0.0,-59.875,124.125,1.75,-0.33
1988-04-01T12:00:00Z,0.0,-59.875,128.125,1.69,-0.7
1988-04-01T12:00:00Z,0.0,-59.875,132.125,2.54,0.04
1988-04-01T12:00:00Z,0.0,-59.875,136.125,1.37,-1.05
1988-04-01T12:00:00Z,0.0,-59.875,140.125,1.92,-0.59
1988-04-01T12:00:00Z,0.0,-59.875,144.125,1.97,-0.49
1988-04-01T12:00:00Z,0.0,-59.875,148.125,1.37,-0.56
1988-04-01T12:00:00Z,0.0,-59.875,152.125,1.31,-0.55
1988-04-01T12:00:00Z,0.0,-59.875,156.125,1.98,-0.4
1988-04-01T12:00:00Z,0.0,-59.875,160.125,2.07,-0.69
1988-04-01T12:00:00Z,0.0,-59.875,164.125,3.18,-0.49
1988-04-01T12:00:00Z,0.0,-59.875,168.125,4.59,-0.05
1988-04-01T12:00:00Z,0.0,-59.875,172.125,5.8,0.51
1988-04-01T12:00:00Z,0.0,-59.875,176.125,4.51,-0.37
1988-04-01T12:00:00Z,0.0,-59.875,180.125,4.3,-0.22
1988-04-01T12:00:00Z,0.0,-59.875,184.125,4.34,0.07
1988-04-01T12:00:00Z,0.0,-59.875,188.125,4.33,0.25
1988-04-01T12:00:00Z,0.0,-59.875,192.125,4.51,0.73
1988-04-01T12:00:00Z,0.0,-59.875,196.125,3.87,0.54
1988-04-01T12:00:00Z,0.0,-59.875,200.125,3.2,0.43
1988-04-01T12:00:00Z,0.0,-59.875,204.125,2.47,0.5
1988-04-01T12:00:00Z,0.0,-59.875,208.125,0.91,-0.26
1988-04-01T12:00:00Z,0.0,-59.875,212.125,1.14,0.03
1988-04-01T12:00:00Z,0.0,-59.875,216.125,1.05,-0.29
1988-04-01T12:00:00Z,0.0,-59.875,220.125,1.37,-0.32
1988-04-01T12:00:00Z,0.0,-59.875,224.125,1.54,-0.42
1988-04-01T12:00:00Z,0.0,-59.875,228.125,1.85,-0.62
1988-04-01T12:00:00Z,0.0,-59.875,232.125,3.19,0.3
1988-04-01T12:00:00Z,0.0,-59.875,236.125,1.89,-1.45
1988-04-01T12:00:00Z,0.0,-59.875,240.125,2.11,-1.29
1988-04-01T12:00:00Z,0.0,-59.875,244.125,3.47,-0.32
1988-04-01T12:00:00Z,0.0,-59.875,248.125,3.56,-0.43
1988-04-01T12:00:00Z,0.0,-59.875,252.125,3.28,-0.81
1988-04-01T12:00:00Z,0.0,-59.875,256.125,3.45,-0.91
1988-04-01T12:00:00Z,0.0,-59.875,260.125,3.39,-1.18
1988-04-01T12:00:00Z,0.0,-59.875,264.125,4.3,-0.35
1988-04-01T12:00:00Z,0.0,-59.875,268.125,4.39,-0.31
1988-04-01T12:00:00Z,0.0,-59.875,272.125,4.4,-0.5
1988-04-01T12:00:00Z,0.0,-59.875,276.125,3.81,-1.36
1988-04-01T12:00:00Z,0.0,-59.875,280.125,4.56,-0.76
1988-04-01T12:00:00Z,0.0,-59.875,284.125,4.38,-0.91
1988-04-01T12:00:00Z,0.0,-59.875,288.125,4.55,-0.28
1988-04-01T12:00:00Z,0.0,-59.875,292.125,4.49,0.48
1988-04-01T12:00:00Z,0.0,-59.875,296.125,2.5,-0.28
1988-04-01T12:00:00Z,0.0,-59.875,300.125,2.24,0.08
1988-04-01T12:00:00Z,0.0,-59.875,304.125,1.64,-0.13
1988-04-01T12:00:00Z,0.0,-59.875,308.125,1.26,0.15
1988-04-01T12:00:00Z,0.0,-59.875,312.125,1.07,0.07
1988-04-01T12:00:00Z,0.0,-59.875,316.125,1.47,0.43
1988-04-01T12:00:00Z,0.0,-59.875,320.125,1.23,0.37
1988-04-01T12:00:00Z,0.0,-59.875,324.125,0.55,-0.13
1988-04-01T12:00:00Z,0.0,-59.875,328.125,-1.53,-1.98
1988-04-01T12:00:00Z,0.0,-59.875,332.125,-0.28,-0.61
1988-04-01T12:00:00Z,0.0,-59.875,336.125,0.62,-0.11
1988-04-01T12:00:00Z,0.0,-59.875,340.125,0.47,-0.16
1988-04-01T12:00:00Z,0.0,-59.875,344.125,0.33,0.04
1988-04-01T12:00:00Z,0.0,-59.875,348.125,-0.04,-0.18
1988-04-01T12:00:00Z,0.0,-59.875,352.125,-0.33,-0.5
1988-04-01T12:00:00Z,0.0,-59.875,356.125,-0.17,-0.43
1988-04-01T12:00:00Z,0.0,-55.875,0.125,0.15,-0.7
1988-04-01T12:00:00Z,0.0,-55.875,4.125,0.53,-0.22
1988-04-01T12:00:00Z,0.0,-55.875,8.125,0.63,-0.18
1988-04-01T12:00:00Z,0.0,-55.875,12.125,1.03,0.11
1988-04-01T12:00:00Z,0.0,-55.875,16.125,1.29,0.16
1988-04-01T12:00:00Z,0.0,-55.875,20.125,1.0,-0.22
1988-04-01T12:00:00Z,0.0,-55.875,24.125,1.05,-0.46
1988-04-01T12:00:00Z,0.0,-55.875,28.125,2.13,0.08
1988-04-01T12:00:00Z,0.0,-55.875,32.125,2.61,0.4
1988-04-01T12:00:00Z,0.0,-55.875,36.125,2.56,0.17
1988-04-01T12:00:00Z,0.0,-55.875,40.125,2.54,0.31
1988-04-01T12:00:00Z,0.0,-55.875,44.125,2.18,0.22
1988-04-01T12:00:00Z,0.0,-55.875,48.125,2.45,0.23
1988-04-01T12:00:00Z,0.0,-55.875,52.125,2.52,0.1
1988-04-01T12:00:00Z,0.0,-55.875,56.125,2.74,0.13
1988-04-01T12:00:00Z,0.0,-55.875,60.125,2.96,0.31
1988-04-01T12:00:00Z,0.0,-55.875,64.125,2.64,-0.03
1988-04-01T12:00:00Z,0.0,-55.875,68.125,2.5,-0.15
1988-04-01T12:00:00Z,0.0,-55.875,72.125,2.38,-0.02
1988-04-01T12:00:00Z,0.0,-55.875,76.125,2.34,0.38
1988-04-01T12:00:00Z,0.0,-55.875,80.125,1.78,0.08
1988-04-01T12:00:00Z,0.0,-55.875,84.125,2.57,0.23
1988-04-01T12:00:00Z,0.0,-55.875,88.125,3.05,0.47
1988-04-01T12:00:00Z,0.0,-55.875,92.125,2.75,0.27
1988-04-01T12:00:00Z,0.0,-55.875,96.125,3.17,0.65
1988-04-01T12:00:00Z,0.0,-55.875,100.125,3.0,0.75
1988-04-01T12:00:00Z,0.0,-55.875,104.125,2.63,0.26
1988-04-01T12:00:00Z,0.0,-55.875,108.125,3.26,0.48
1988-04-01T12:00:00Z,0.0,-55.875,112.125,3.24,0.01
1988-04-01T12:00:00Z,0.0,-55.875,116.125,4.11,0.35
1988-04-01T12:00:00Z,0.0,-55.875,120.125,3.17,-0.71
1988-04-01T12:00:00Z,0.0,-55.875,124.125,3.71,-0.36
1988-04-01T12:00:00Z,0.0,-55.875,128.125,3.83,-0.47
1988-04-01T12:00:00Z,0.0,-55.875,132.125,4.28,-0.18
1988-04-01T12:00:00Z,0.0,-55.875,136.125,3.69,-0.84
1988-04-01T12:00:00Z,0.0,-55.875,140.125,3.69,-0.52
1988-04-01T12:00:00Z,0.0,-55.875,144.125,3.06,-0.45
1988-04-01T12:00:00Z,0.0,-55.875,148.125,2.93,-0.88
1988-04-01T12:00:00Z,0.0,-55.875,152.125,4.28,-0.63
1988-04-01T12:00:00Z,0.0,-55.875,156.125,5.26,-0.21
1988-04-01T12:00:00Z,0.0,-55.875,160.125,3.66,-1.48
1988-04-01T12:00:00Z,0.0,-55.875,164.125,4.41,-2.3
1988-04-01T12:00:00Z,0.0,-55.875,168.125,7.28,-0.25
1988-04-01T12:00:00Z,0.0,-55.875,172.125,6.52,-0.71
1988-04-01T12:00:00Z,0.0,-55.875,176.125,6.08,-0.98
1988-04-01T12:00:00Z,0.0,-55.875,180.125,7.82,0.23
1988-04-01T12:00:00Z,0.0,-55.875,184.125,7.31,-0.21
1988-04-01T12:00:00Z,0.0,-55.875,188.125,6.37,-0.53
1988-04-01T12:00:00Z,0.0,-55.875,192.125,7.0,0.42
1988-04-01T12:00:00Z,0.0,-55.875,196.125,6.08,-0.17
1988-04-01T12:00:00Z,0.0,-55.875,200.125,6.3,0.32
1988-04-01T12:00:00Z,0.0,-55.875,204.125,5.54,-0.1
1988-04-01T12:00:00Z,0.0,-55.875,208.125,4.27,-0.48
1988-04-01T12:00:00Z,0.0,-55.875,212.125,3.99,-0.18
1988-04-01T12:00:00Z,0.0,-55.875,216.125,4.38,-0.04
1988-04-01T12:00:00Z,0.0,-55.875,220.125,6.63,1.33
1988-04-01T12:00:00Z,0.0,-55.875,224.125,5.43,0.48
1988-04-01T12:00:00Z,0.0,-55.875,228.125,5.16,-0.16
1988-04-01T12:00:00Z,0.0,-55.875,232.125,4.82,-1.26
1988-04-01T12:00:00Z,0.0,-55.875,236.125,5.65,-0.74
1988-04-01T12:00:00Z,0.0,-55.875,240.125,5.83,-0.21
1988-04-01T12:00:00Z,0.0,-55.875,244.125,4.89,-1.26
1988-04-01T12:00:00Z,0.0,-55.875,248.125,6.53,0.13
1988-04-01T12:00:00Z,0.0,-55.875,252.125,6.7,0.07
1988-04-01T12:00:00Z,0.0,-55.875,256.125,6.25,-0.4
1988-04-01T12:00:00Z,0.0,-55.875,260.125,6.64,-0.04
1988-04-01T12:00:00Z,0.0,-55.875,264.125,7.01,0.31
1988-04-01T12:00:00Z,0.0,-55.875,268.125,6.8,0.04
1988-04-01T12:00:00Z,0.0,-55.875,272.125,6.18,-0.72
1988-04-01T12:00:00Z,0.0,-55.875,276.125,6.81,-0.13
1988-04-01T12:00:00Z,0.0,-55.875,280.125,6.49,-0.56
1988-04-01T12:00:00Z,0.0,-55.875,284.125,6.97,-0.35
1988-04-01T12:00:00Z,0.0,-55.875,288.125,7.88,0.09
1988-04-01T12:00:00Z,0.0,-55.875,292.125,9.04,1.3
1988-04-01T12:00:00Z,0.0,-55.875,296.125,5.7,-0.98
1988-04-01T12:00:00Z,0.0,-55.875,300.125,5.45,-0.7
1988-04-01T12:00:00Z,0.0,-55.875,304.125,6.02,0.48
1988-04-01T12:00:00Z,0.0,-55.875,308.125,4.66,-0.35
1988-04-01T12:00:00Z,0.0,-55.875,312.125,5.3,1.1
1988-04-01T12:00:00Z,0.0,-55.875,316.125,3.33,-0.12
1988-04-01T12:00:00Z,0.0,-55.875,320.125,2.13,-0.71
1988-04-01T12:00:00Z,0.0,-55.875,324.125,2.59,-0.01
1988-04-01T12:00:00Z,0.0,-55.875,328.125,1.83,0.07
1988-04-01T12:00:00Z,0.0,-55.875,332.125,1.05,-0.5
1988-04-01T12:00:00Z,0.0,-55.875,336.125,1.61,-0.45
1988-04-01T12:00:00Z,0.0,-55.875,340.125,1.55,-0.51
1988-04-01T12:00:00Z,0.0,-55.875,344.125,1.52,-0.48
1988-04-01T12:00:00Z,0.0,-55.875,348.125,1.64,-0.05
1988-04-01T12:00:00Z,0.0,-55.875,352.125,1.18,-0.18
1988-04-01T12:00:00Z,0.0,-55.875,356.125,0.74,-0.28
1988-04-01T12:00:00Z,0.0,-51.875,0.125,2.55,-0.36
1988-04-01T12:00:00Z,0.0,-51.875,4.125,3.31,0.56
1988-04-01T12:00:00Z,0.0,-51.875,8.125,3.08,0.25
1988-04-01T12:00:00Z,0.0,-51.875,12.125,2.17,-0.05
1988-04-01T12:00:00Z,0.0,-51.875,16.125,2.54,0.14
1988-04-01T12:00:00Z,0.0,-51.875,20.125,2.47,0.22
1988-04-01T12:00:00Z,0.0,-51.875,24.125,2.06,-0.18
1988-04-01T12:00:00Z,0.0,-51.875,28.125,2.52,-0.49
1988-04-01T12:00:00Z,0.0,-51.875,32.125,3.54,0.02
1988-04-01T12:00:00Z,0.0,-51.875,36.125,2.61,-1.27
1988-04-01T12:00:00Z,0.0,-51.875,40.125,3.23,-0.39
1988-04-01T12:00:00Z,0.0,-51.875,44.125,3.41,-0.13
1988-04-01T12:00:00Z,0.0,-51.875,48.125,3.62,-0.46
1988-04-01T12:00:00Z,0.0,-51.875,52.125,3.64,-0.67
1988-04-01T12:00:00Z,0.0,-51.875,56.125,3.64,-0.59
1988-04-01T12:00:00Z,0.0,-51.875,60.125,4.25,-0.09
1988-04-01T12:00:00Z,0.0,-51.875,64.125,4.15,-0.08
1988-04-01T12:00:00Z,0.0,-51.875,68.125,3.93,-0.21
1988-04-01T12:00:00Z,0.0,-51.875,72.125,3.8,0.16
1988-04-01T12:00:00Z,0.0,-51.875,76.125,3.06,-0.16
1988-04-01T12:00:00Z,0.0,-51.875,80.125,2.53,-0.66
1988-04-01T12:00:00Z,0.0,-51.875,84.125,3.39,-0.84
1988-04-01T12:00:00Z,0.0,-51.875,88.125,5.77,0.81
1988-04-01T12:00:00Z,0.0,-51.875,92.125,5.26,0.12
1988-04-01T12:00:00Z,0.0,-51.875,96.125,4.82,0.07
1988-04-01T12:00:00Z,0.0,-51.875,100.125,4.16,-0.52
1988-04-01T12:00:00Z,0.0,-51.875,104.125,4.69,0.09
1988-04-01T12:00:00Z,0.0,-51.875,108.125,4.84,0.51
1988-04-01T12:00:00Z,0.0,-51.875,112.125,3.1,-1.14
1988-04-01T12:00:00Z,0.0,-51.875,116.125,5.55,0.61
1988-04-01T12:00:00Z,0.0,-51.875,120.125,5.02,-0.58
1988-04-01T12:00:00Z,0.0,-51.875,124.125,5.75,-0.47
1988-04-01T12:00:00Z,0.0,-51.875,128.125,7.56,0.96
1988-04-01T12:00:00Z,0.0,-51.875,132.125,6.04,-0.77
1988-04-01T12:00:00Z,0.0,-51.875,136.125,6.45,-0.29
1988-04-01T12:00:00Z,0.0,-51.875,140.125,4.99,-1.6
1988-04-01T12:00:00Z,0.0,-51.875,144.125,5.23,-1.85
1988-04-01T12:00:00Z,0.0,-51.875,148.125,8.28,0.23
1988-04-01T12:00:00Z,0.0,-51.875,152.125,7.39,-0.81
1988-04-01T12:00:00Z,0.0,-51.875,156.125,8.82,0.04
1988-04-01T12:00:00Z,0.0,-51.875,160.125,7.87,-1.04
1988-04-01T12:00:00Z,0.0,-51.875,164.125,9.18,-0.35
1988-04-01T12:00:00Z,0.0,-51.875,168.125,8.14,-1.21
1988-04-01T12:00:00Z,0.0,-51.875,172.125,7.97,-1.17
1988-04-01T12:00:00Z,0.0,-51.875,176.125,7.23,-1.18
1988-04-01T12:00:00Z,0.0,-51.875,180.125,8.7,-0.6
1988-04-01T12:00:00Z,0.0,-51.875,184.125,9.56,-0.7
1988-04-01T12:00:00Z,0.0,-51.875,188.125,9.79,-0.44
1988-04-01T12:00:00Z,0.0,-51.875,192.125,8.19,-1.7
1988-04-01T12:00:00Z,0.0,-51.875,196.125,10.16,0.27
1988-04-01T12:00:00Z,0.0,-51.875,200.125,10.67,0.81
1988-04-01T12:00:00Z,0.0,-51.875,204.125,9.5,-0.13
1988-04-01T12:00:00Z,0.0,-51.875,208.125,10.49,0.88
1988-04-01T12:00:00Z,0.0,-51.875,212.125,8.86,-0.56
1988-04-01T12:00:00Z,0.0,-51.875,216.125,9.81,0.54
1988-04-01T12:00:00Z,0.0,-51.875,220.125,10.18,1.19
1988-04-01T12:00:00Z,0.0,-51.875,224.125,9.34,0.55
1988-04-01T12:00:00Z,0.0,-51.875,228.125,8.24,-0.51
1988-04-01T12:00:00Z,0.0,-51.875,232.125,7.92,-0.54
1988-04-01T12:00:00Z,0.0,-51.875,236.125,8.0,-0.12
1988-04-01T12:00:00Z,0.0,-51.875,240.125,7.47,-0.12
1988-04-01T12:00:00Z,0.0,-51.875,244.125,7.53,-0.36
1988-04-01T12:00:00Z,0.0,-51.875,248.125,7.21,-1.15
1988-04-01T12:00:00Z,0.0,-51.875,252.125,7.76,-0.54
1988-04-01T12:00:00Z,0.0,-51.875,256.125,7.01,-1.21
1988-04-01T12:00:00Z,0.0,-51.875,260.125,6.55,-1.61
1988-04-01T12:00:00Z,0.0,-51.875,264.125,7.83,-0.36
1988-04-01T12:00:00Z,0.0,-51.875,268.125,7.74,-0.47
1988-04-01T12:00:00Z,0.0,-51.875,272.125,7.57,-0.7
1988-04-01T12:00:00Z,0.0,-51.875,276.125,7.48,-0.97
1988-04-01T12:00:00Z,0.0,-51.875,280.125,8.38,-0.38
1988-04-01T12:00:00Z,0.0,-51.875,284.125,9.72,0.08
1988-04-01T12:00:00Z,0.0,-51.875,288.125,NaN,NaN
1988-04-01T12:00:00Z,0.0,-51.875,292.125,9.76,-0.34
1988-04-01T12:00:00Z,0.0,-51.875,296.125,9.11,0.03
1988-04-01T12:00:00Z,0.0,-51.875,300.125,10.34,1.38
1988-04-01T12:00:00Z,0.0,-51.875,304.125,8.23,0.66
1988-04-01T12:00:00Z,0.0,-51.875,308.125,7.75,0.94
1988-04-01T12:00:00Z,0.0,-51.875,312.125,5.96,-0.05
1988-04-01T12:00:00Z,0.0,-51.875,316.125,6.52,1.12
1988-04-01T12:00:00Z,0.0,-51.875,320.125,4.22,-0.13
1988-04-01T12:00:00Z,0.0,-51.875,324.125,3.72,-0.41
1988-04-01T12:00:00Z,0.0,-51.875,328.125,2.54,-0.97
1988-04-01T12:00:00Z,0.0,-51.875,332.125,3.95,-0.19
1988-04-01T12:00:00Z,0.0,-51.875,336.125,5.51,1.04
1988-04-01T12:00:00Z,0.0,-51.875,340.125,3.99,-0.23
1988-04-01T12:00:00Z,0.0,-51.875,344.125,3.9,0.05
1988-04-01T12:00:00Z,0.0,-51.875,348.125,5.84,2.56
1988-04-01T12:00:00Z,0.0,-51.875,352.125,3.71,1.08
1988-04-01T12:00:00Z,0.0,-51.875,356.125,2.62,0.02
1988-04-01T12:00:00Z,0.0,-47.875,0.125,6.24,-0.28
1988-04-01T12:00:00Z,0.0,-47.875,4.125,5.96,-0.34
1988-04-01T12:00:00Z,0.0,-47.875,8.125,5.69,-0.33
1988-04-01T12:00:00Z,0.0,-47.875,12.125,5.54,-0.52
1988-04-01T12:00:00Z,0.0,-47.875,16.125,4.89,-1.19
1988-04-01T12:00:00Z,0.0,-47.875,20.125,5.91,0.09
1988-04-01T12:00:00Z,0.0,-47.875,24.125,4.32,-1.49
1988-04-01T12:00:00Z,0.0,-47.875,28.125,4.33,-2.24
1988-04-01T12:00:00Z,0.0,-47.875,32.125,5.23,-1.9
1988-04-01T12:00:00Z,0.0,-47.875,36.125,6.17,-0.34
1988-04-01T12:00:00Z,0.0,-47.875,40.125,5.4,-1.07
1988-04-01T12:00:00Z,0.0,-47.875,44.125,6.15,-0.62
1988-04-01T12:00:00Z,0.0,-47.875,48.125,4.88,-1.34
1988-04-01T12:00:00Z,0.0,-47.875,52.125,4.93,-1.27
1988-04-01T12:00:00Z,0.0,-47.875,56.125,5.82,-1.17
1988-04-01T12:00:00Z,0.0,-47.875,60.125,5.3,-1.92
1988-04-01T12:00:00Z,0.0,-47.875,64.125,5.06,-1.22
1988-04-01T12:00:00Z,0.0,-47.875,68.125,5.51,-0.41
1988-04-01T12:00:00Z,0.0,-47.875,72.125,4.36,-1.61
1988-04-01T12:00:00Z,0.0,-47.875,76.125,5.38,-1.81
1988-04-01T12:00:00Z,0.0,-47.875,80.125,6.5,-0.92
1988-04-01T12:00:00Z,0.0,-47.875,84.125,8.62,0.38
1988-04-01T12:00:00Z,0.0,-47.875,88.125,9.45,0.71
1988-04-01T12:00:00Z,0.0,-47.875,92.125,9.38,1.11
1988-04-01T12:00:00Z,0.0,-47.875,96.125,8.28,0.78
1988-04-01T12:00:00Z,0.0,-47.875,100.125,7.04,-0.25
1988-04-01T12:00:00Z,0.0,-47.875,104.125,6.99,-0.41
1988-04-01T12:00:00Z,0.0,-47.875,108.125,8.28,0.54
1988-04-01T12:00:00Z,0.0,-47.875,112.125,10.07,1.69
1988-04-01T12:00:00Z,0.0,-47.875,116.125,8.44,-0.33
1988-04-01T12:00:00Z,0.0,-47.875,120.125,9.36,0.41
1988-04-01T12:00:00Z,0.0,-47.875,124.125,10.72,1.07
1988-04-01T12:00:00Z,0.0,-47.875,128.125,10.17,0.1
1988-04-01T12:00:00Z,0.0,-47.875,132.125,9.98,-0.12
1988-04-01T12:00:00Z,0.0,-47.875,136.125,9.86,-0.17
1988-04-01T12:00:00Z,0.0,-47.875,140.125,10.81,0.26
1988-04-01T12:00:00Z,0.0,-47.875,144.125,10.31,-0.31
1988-04-01T12:00:00Z,0.0,-47.875,148.125,10.22,-0.6
1988-04-01T12:00:00Z,0.0,-47.875,152.125,10.44,-0.68
1988-04-01T12:00:00Z,0.0,-47.875,156.125,10.25,-1.19
1988-04-01T12:00:00Z,0.0,-47.875,160.125,10.05,-1.39
1988-04-01T12:00:00Z,0.0,-47.875,164.125,10.13,-1.95
1988-04-01T12:00:00Z,0.0,-47.875,168.125,11.03,-0.62
1988-04-01T12:00:00Z,0.0,-47.875,172.125,9.93,-1.32
1988-04-01T12:00:00Z,0.0,-47.875,176.125,8.75,-2.42
1988-04-01T12:00:00Z,0.0,-47.875,180.125,10.23,-1.41
1988-04-01T12:00:00Z,0.0,-47.875,184.125,12.85,-0.07
1988-04-01T12:00:00Z,0.0,-47.875,188.125,12.63,-0.36
1988-04-01T12:00:00Z,0.0,-47.875,192.125,12.91,0.19
1988-04-01T12:00:00Z,0.0,-47.875,196.125,13.2,0.79
1988-04-01T12:00:00Z,0.0,-47.875,200.125,12.52,0.26
1988-04-01T12:00:00Z,0.0,-47.875,204.125,12.77,0.85
1988-04-01T12:00:00Z,0.0,-47.875,208.125,12.33,0.72
1988-04-01T12:00:00Z,0.0,-47.875,212.125,12.43,1.08
1988-04-01T12:00:00Z,0.0,-47.875,216.125,11.52,0.37
1988-04-01T12:00:00Z,0.0,-47.875,220.125,11.01,0.08
1988-04-01T12:00:00Z,0.0,-47.875,224.125,10.26,-0.52
1988-04-01T12:00:00Z,0.0,-47.875,228.125,10.25,-0.35
1988-04-01T12:00:00Z,0.0,-47.875,232.125,10.11,-0.29
1988-04-01T12:00:00Z,0.0,-47.875,236.125,9.16,-1.06
1988-04-01T12:00:00Z,0.0,-47.875,240.125,8.87,-1.13
1988-04-01T12:00:00Z,0.0,-47.875,244.125,8.99,-1.02
1988-04-01T12:00:00Z,0.0,-47.875,248.125,9.81,-0.46
1988-04-01T12:00:00Z,0.0,-47.875,252.125,9.93,-0.35
1988-04-01T12:00:00Z,0.0,-47.875,256.125,10.06,-0.11
1988-04-01T12:00:00Z,0.0,-47.875,260.125,9.23,-0.89
1988-04-01T12:00:00Z,0.0,-47.875,264.125,10.4,0.31
1988-04-01T12:00:00Z,0.0,-47.875,268.125,10.05,-0.04
1988-04-01T12:00:00Z,0.0,-47.875,272.125,9.3,-0.91
1988-04-01T12:00:00Z,0.0,-47.875,276.125,9.82,-0.74
1988-04-01T12:00:00Z,0.0,-47.875,280.125,10.52,-0.48
1988-04-01T12:00:00Z,0.0,-47.875,284.125,12.5,0.49
1988-04-01T12:00:00Z,0.0,-47.875,288.125,NaN,NaN
1988-04-01T12:00:00Z,0.0,-47.875,292.125,NaN,NaN
1988-04-01T12:00:00Z,0.0,-47.875,296.125,11.71,-0.61
1988-04-01T12:00:00Z,0.0,-47.875,300.125,9.36,-0.98
1988-04-01T12:00:00Z,0.0,-47.875,304.125,9.91,-0.83
1988-04-01T12:00:00Z,0.0,-47.875,308.125,13.45,1.22
1988-04-01T12:00:00Z,0.0,-47.875,312.125,12.79,0.26
1988-04-01T12:00:00Z,0.0,-47.875,316.125,11.51,-0.1
1988-04-01T12:00:00Z,0.0,-47.875,320.125,11.73,1.14
1988-04-01T12:00:00Z,0.0,-47.875,324.125,10.2,0.43
1988-04-01T12:00:00Z,0.0,-47.875,328.125,8.09,-0.52
1988-04-01T12:00:00Z,0.0,-47.875,332.125,7.66,-0.29
1988-04-01T12:00:00Z,0.0,-47.875,336.125,8.56,1.02
1988-04-01T12:00:00Z,0.0,-47.875,340.125,9.24,1.57
1988-04-01T12:00:00Z,0.0,-47.875,344.125,7.28,0.21
1988-04-01T12:00:00Z,0.0,-47.875,348.125,6.32,0.53
1988-04-01T12:00:00Z,0.0,-47.875,352.125,4.61,-0.54
1988-04-01T12:00:00Z,0.0,-47.875,356.125,7.56,1.4
1988-04-01T12:00:00Z,0.0,-43.875,0.125,10.53,0.3
1988-04-01T12:00:00Z,0.0,-43.875,4.125,9.8,-0.18
1988-04-01T12:00:00Z,0.0,-43.875,8.125,9.23,-0.19
1988-04-01T12:00:00Z,0.0,-43.875,12.125,11.45,1.21
1988-04-01T12:00:00Z,0.0,-43.875,16.125,8.75,-2.29
1988-04-01T12:00:00Z,0.0,-43.875,20.125,9.98,-1.53
1988-04-01T12:00:00Z,0.0,-43.875,24.125,10.99,-0.87
1988-04-01T12:00:00Z,0.0,-43.875,28.125,8.66,-3.21
1988-04-01T12:00:00Z,0.0,-43.875,32.125,8.96,-2.56
1988-04-01T12:00:00Z,0.0,-43.875,36.125,10.03,-0.6
1988-04-01T12:00:00Z,0.0,-43.875,40.125,8.59,-1.99
1988-04-01T12:00:00Z,0.0,-43.875,44.125,6.95,-2.91
1988-04-01T12:00:00Z,0.0,-43.875,48.125,7.4,-1.71
1988-04-01T12:00:00Z,0.0,-43.875,52.125,7.82,-2.03
1988-04-01T12:00:00Z,0.0,-43.875,56.125,9.47,-3.0
1988-04-01T12:00:00Z,0.0,-43.875,60.125,12.74,-2.01
1988-04-01T12:00:00Z,0.0,-43.875,64.125,10.7,-3.39
1988-04-01T12:00:00Z,0.0,-43.875,68.125,11.54,-1.44
1988-04-01T12:00:00Z,0.0,-43.875,72.125,13.51,0.46
1988-04-01T12:00:00Z,0.0,-43.875,76.125,12.12,-0.54
1988-04-01T12:00:00Z,0.0,-43.875,80.125,10.56,-1.28
1988-04-01T12:00:00Z,0.0,-43.875,84.125,12.4,0.43
1988-04-01T12:00:00Z,0.0,-43.875,88.125,11.33,-0.05
1988-04-01T12:00:00Z,0.0,-43.875,92.125,10.96,-0.1
1988-04-01T12:00:00Z,0.0,-43.875,96.125,12.35,1.13
1988-04-01T12:00:00Z,0.0,-43.875,100.125,13.58,1.82
1988-04-01T12:00:00Z,0.0,-43.875,104.125,12.86,1.22
1988-04-01T12:00:00Z,0.0,-43.875,108.125,12.42,0.7
1988-04-01T12:00:00Z,0.0,-43.875,112.125,13.08,1.35
1988-04-01T12:00:00Z,0.0,-43.875,116.125,13.02,1.17
1988-04-01T12:00:00Z,0.0,-43.875,120.125,13.17,1.14
1988-04-01T12:00:00Z,0.0,-43.875,124.125,13.18,0.88
1988-04-01T12:00:00Z,0.0,-43.875,128.125,13.67,1.24
1988-04-01T12:00:00Z,0.0,-43.875,132.125,13.18,0.66
1988-04-01T12:00:00Z,0.0,-43.875,136.125,12.35,-0.52
1988-04-01T12:00:00Z,0.0,-43.875,140.125,13.27,0.01
1988-04-01T12:00:00Z,0.0,-43.875,144.125,13.28,-0.77
1988-04-01T12:00:00Z,0.0,-43.875,148.125,16.32,1.23
1988-04-01T12:00:00Z,0.0,-43.875,152.125,13.13,-1.7
1988-04-01T12:00:00Z,0.0,-43.875,156.125,13.15,-1.37
1988-04-01T12:00:00Z,0.0,-43.875,160.125,13.68,-0.89
1988-04-01T12:00:00Z,0.0,-43.875,164.125,13.34,-1.46
1988-04-01T12:00:00Z,0.0,-43.875,168.125,13.43,-2.24
1988-04-01T12:00:00Z,0.0,-43.875,172.125,14.09,0.47
1988-04-01T12:00:00Z,0.0,-43.875,176.125,12.77,-1.8
1988-04-01T12:00:00Z,0.0,-43.875,180.125,13.98,-1.18
1988-04-01T12:00:00Z,0.0,-43.875,184.125,14.88,-0.73
1988-04-01T12:00:00Z,0.0,-43.875,188.125,15.57,0.26
1988-04-01T12:00:00Z,0.0,-43.875,192.125,15.8,0.9
1988-04-01T12:00:00Z,0.0,-43.875,196.125,15.42,0.9
1988-04-01T12:00:00Z,0.0,-43.875,200.125,15.34,1.06
1988-04-01T12:00:00Z,0.0,-43.875,204.125,14.65,0.53
1988-04-01T12:00:00Z,0.0,-43.875,208.125,15.15,1.21
1988-04-01T12:00:00Z,0.0,-43.875,212.125,14.28,0.52
1988-04-01T12:00:00Z,0.0,-43.875,216.125,13.72,0.14
1988-04-01T12:00:00Z,0.0,-43.875,220.125,14.25,0.82
1988-04-01T12:00:00Z,0.0,-43.875,224.125,13.04,-0.35
1988-04-01T12:00:00Z,0.0,-43.875,228.125,12.91,-0.39
1988-04-01T12:00:00Z,0.0,-43.875,232.125,12.55,-0.65
1988-04-01T12:00:00Z,0.0,-43.875,236.125,12.29,-0.83
1988-04-01T12:00:00Z,0.0,-43.875,240.125,11.67,-1.42
1988-04-01T12:00:00Z,0.0,-43.875,244.125,11.71,-1.32
1988-04-01T12:00:00Z,0.0,-43.875,248.125,12.06,-1.02
1988-04-01T12:00:00Z,0.0,-43.875,252.125,12.75,-0.29
1988-04-01T12:00:00Z,0.0,-43.875,256.125,13.22,0.28
1988-04-01T12:00:00Z,0.0,-43.875,260.125,13.76,0.88
1988-04-01T12:00:00Z,0.0,-43.875,264.125,11.94,-0.87
1988-04-01T12:00:00Z,0.0,-43.875,268.125,13.11,0.25
1988-04-01T12:00:00Z,0.0,-43.875,272.125,13.43,0.51
1988-04-01T12:00:00Z,0.0,-43.875,276.125,13.78,0.59
1988-04-01T12:00:00Z,0.0,-43.875,280.125,12.68,-0.86
1988-04-01T12:00:00Z,0.0,-43.875,284.125,14.18,0.26
1988-04-01T12:00:00Z,0.0,-43.875,288.125,NaN,NaN
1988-04-01T12:00:00Z,0.0,-43.875,292.125,NaN,NaN
1988-04-01T12:00:00Z,0.0,-43.875,296.125,15.75,-0.17
1988-04-01T12:00:00Z,0.0,-43.875,300.125,11.15,-2.0
1988-04-01T12:00:00Z,0.0,-43.875,304.125,15.22,0.47
1988-04-01T12:00:00Z,0.0,-43.875,308.125,16.06,-0.24
1988-04-01T12:00:00Z,0.0,-43.875,312.125,14.31,-0.57
1988-04-01T12:00:00Z,0.0,-43.875,316.125,13.86,0.12
1988-04-01T12:00:00Z,0.0,-43.875,320.125,13.64,0.4
1988-04-01T12:00:00Z,0.0,-43.875,324.125,12.87,-0.01
1988-04-01T12:00:00Z,0.0,-43.875,328.125,13.2,0.45
1988-04-01T12:00:00Z,0.0,-43.875,332.125,11.56,-1.07
1988-04-01T12:00:00Z,0.0,-43.875,336.125,12.34,-0.37
1988-04-01T12:00:00Z,0.0,-43.875,340.125,12.6,0.41
1988-04-01T12:00:00Z,0.0,-43.875,344.125,9.96,-1.02
1988-04-01T12:00:00Z,0.0,-43.875,348.125,11.71,0.71
1988-04-01T12:00:00Z,0.0,-43.875,352.125,11.06,0.27
1988-04-01T12:00:00Z,0.0,-43.875,356.125,8.43,-1.91
1988-04-01T12:00:00Z,0.0,-39.875,0.125,13.59,-0.69
1988-04-01T12:00:00Z,0.0,-39.875,4.125,12.4,-1.75
1988-04-01T12:00:00Z,0.0,-39.875,8.125,12.26,-2.12
1988-04-01T12:00:00Z,0.0,-39.875,12.125,15.19,-0.85
1988-04-01T12:00:00Z,0.0,-39.875,16.125,17.63,-0.77
1988-04-01T12:00:00Z,0.0,-39.875,20.125,17.66,-1.7
1988-04-01T12:00:00Z,0.0,-39.875,24.125,17.4,-1.33
1988-04-01T12:00:00Z,0.0,-39.875,28.125,19.22,0.99
1988-04-01T12:00:00Z,0.0,-39.875,32.125,18.33,-0.27
1988-04-01T12:00:00Z,0.0,-39.875,36.125,19.03,0.36
1988-04-01T12:00:00Z,0.0,-39.875,40.125,17.26,-1.26
1988-04-01T12:00:00Z,0.0,-39.875,44.125,19.32,0.79
1988-04-01T12:00:00Z,0.0,-39.875,48.125,16.09,-2.05
1988-04-01T12:00:00Z,0.0,-39.875,52.125,16.01,-1.94
1988-04-01T12:00:00Z,0.0,-39.875,56.125,16.87,-1.13
1988-04-01T12:00:00Z,0.0,-39.875,60.125,15.9,-1.83
1988-04-01T12:00:00Z,0.0,-39.875,64.125,14.09,-2.88
1988-04-01T12:00:00Z,0.0,-39.875,68.125,15.14,-1.36
1988-04-01T12:00:00Z,0.0,-39.875,72.125,14.77,-1.41
1988-04-01T12:00:00Z,0.0,-39.875,76.125,15.76,-0.12
1988-04-01T12:00:00Z,0.0,-39.875,80.125,14.95,-0.57
1988-04-01T12:00:00Z,0.0,-39.875,84.125,15.28,0.07
1988-04-01T12:00:00Z,0.0,-39.875,88.125,15.17,0.22
1988-04-01T12:00:00Z,0.0,-39.875,92.125,16.21,1.46
1988-04-01T12:00:00Z,0.0,-39.875,96.125,14.9,0.39
1988-04-01T12:00:00Z,0.0,-39.875,100.125,15.9,1.37
1988-04-01T12:00:00Z,0.0,-39.875,104.125,16.71,2.13
1988-04-01T12:00:00Z,0.0,-39.875,108.125,16.93,2.04
1988-04-01T12:00:00Z,0.0,-39.875,112.125,16.88,1.73
1988-04-01T12:00:00Z,0.0,-39.875,116.125,16.05,0.67
1988-04-01T12:00:00Z,0.0,-39.875,120.125,15.6,0.2
1988-04-01T12:00:00Z,0.0,-39.875,124.125,15.99,0.46
1988-04-01T12:00:00Z,0.0,-39.875,128.125,15.61,0.07
1988-04-01T12:00:00Z,0.0,-39.875,132.125,15.29,-0.29
1988-04-01T12:00:00Z,0.0,-39.875,136.125,15.51,-0.33
1988-04-01T12:00:00Z,0.0,-39.875,140.125,15.81,-0.28
1988-04-01T12:00:00Z,0.0,-39.875,144.125,16.99,0.1
1988-04-01T12:00:00Z,0.0,-39.875,148.125,18.46,0.13
1988-04-01T12:00:00Z,0.0,-39.875,152.125,18.65,-0.26
1988-04-01T12:00:00Z,0.0,-39.875,156.125,18.08,-0.19
1988-04-01T12:00:00Z,0.0,-39.875,160.125,17.09,-0.7
1988-04-01T12:00:00Z,0.0,-39.875,164.125,16.13,-1.41
1988-04-01T12:00:00Z,0.0,-39.875,168.125,16.49,-1.14
1988-04-01T12:00:00Z,0.0,-39.875,172.125,16.96,-1.02
1988-04-01T12:00:00Z,0.0,-39.875,176.125,NaN,NaN
1988-04-01T12:00:00Z,0.0,-39.875,180.125,17.51,-1.11
1988-04-01T12:00:00Z,0.0,-39.875,184.125,18.27,0.22
1988-04-01T12:00:00Z,0.0,-39.875,188.125,18.3,0.71
1988-04-01T12:00:00Z,0.0,-39.875,192.125,17.93,0.62
1988-04-01T12:00:00Z,0.0,-39.875,196.125,18.19,1.08
1988-04-01T12:00:00Z,0.0,-39.875,200.125,17.69,0.78
1988-04-01T12:00:00Z,0.0,-39.875,204.125,17.46,0.69
1988-04-01T12:00:00Z,0.0,-39.875,208.125,16.73,0.19
1988-04-01T12:00:00Z,0.0,-39.875,212.125,16.38,-0.1
1988-04-01T12:00:00Z,0.0,-39.875,216.125,16.44,0.05
1988-04-01T12:00:00Z,0.0,-39.875,220.125,17.17,0.83
1988-04-01T12:00:00Z,0.0,-39.875,224.125,16.05,-0.37
1988-04-01T12:00:00Z,0.0,-39.875,228.125,16.25,-0.09
1988-04-01T12:00:00Z,0.0,-39.875,232.125,15.73,-0.49
1988-04-01T12:00:00Z,0.0,-39.875,236.125,15.12,-1.06
1988-04-01T12:00:00Z,0.0,-39.875,240.125,14.54,-1.69
1988-04-01T12:00:00Z,0.0,-39.875,244.125,14.77,-1.5
1988-04-01T12:00:00Z,0.0,-39.875,248.125,14.66,-1.75
1988-04-01T12:00:00Z,0.0,-39.875,252.125,14.5,-1.84
1988-04-01T12:00:00Z,0.0,-39.875,256.125,14.32,-1.84
1988-04-01T12:00:00Z,0.0,-39.875,260.125,15.83,-0.25
1988-04-01T12:00:00Z,0.0,-39.875,264.125,15.82,-0.32
1988-04-01T12:00:00Z,0.0,-39.875,268.125,15.86,-0.35
1988-04-01T12:00:00Z,0.0,-39.875,272.125,16.94,0.73
1988-04-01T12:00:00Z,0.0,-39.875,276.125,17.16,0.94
1988-04-01T12:00:00Z,0.0,-39.875,280.125,17.05,0.76
1988-04-01T12:00:00Z,0.0,-39.875,284.125,16.26,0.29
1988-04-01T12:00:00Z,0.0,-39.875,288.125,NaN,NaN
1988-04-01T12:00:00Z,0.0,-39.875,292.125,NaN,NaN
1988-04-01T12:00:00Z,0.0,-39.875,296.125,NaN,NaN
1988-04-01T12:00:00Z,0.0,-39.875,300.125,17.34,-0.45
1988-04-01T12:00:00Z,0.0,-39.875,304.125,12.29,-2.74
1988-04-01T12:00:00Z,0.0,-39.875,308.125,19.18,-0.36
1988-04-01T12:00:00Z,0.0,-39.875,312.125,19.95,1.41
1988-04-01T12:00:00Z,0.0,-39.875,316.125,17.33,-0.76
1988-04-01T12:00:00Z,0.0,-39.875,320.125,18.74,0.8
1988-04-01T12:00:00Z,0.0,-39.875,324.125,17.64,0.03
1988-04-01T12:00:00Z,0.0,-39.875,328.125,17.29,-0.11
1988-04-01T12:00:00Z,0.0,-39.875,332.125,17.9,0.9
1988-04-01T12:00:00Z,0.0,-39.875,336.125,16.08,-0.3
1988-04-01T12:00:00Z,0.0,-39.875,340.125,15.12,-0.66
1988-04-01T12:00:00Z,0.0,-39.875,344.125,15.1,-0.45
1988-04-01T12:00:00Z,0.0,-39.875,348.125,14.93,-0.2
1988-04-01T12:00:00Z,0.0,-39.875,352.125,13.6,-0.92
1988-04-01T12:00:00Z,0.0,-39.875,356.125,13.26,-0.97
1988-04-01T12:00:00Z,0.0,-35.875,0.125,18.19,-0.58
1988-04-01T12:00:00Z,0.0,-35.875,4.125,18.4,-0.27
1988-04-01T12:00:00Z,0.0,-35.875,8.125,18.98,0.28
1988-04-01T12:00:00Z,0.0,-35.875,12.125,17.25,-1.8
1988-04-01T12:00:00Z,0.0,-35.875,16.125,19.02,-0.7
1988-04-01T12:00:00Z,0.0,-35.875,20.125,20.01,0.21
1988-04-01T12:00:00Z,0.0,-35.875,24.125,22.0,0.24
1988-04-01T12:00:00Z,0.0,-35.875,28.125,21.36,-0.86
1988-04-01T12:00:00Z,0.0,-35.875,32.125,21.85,0.19
1988-04-01T12:00:00Z,0.0,-35.875,36.125,22.24,0.7
1988-04-01T12:00:00Z,0.0,-35.875,40.125,20.76,-0.44
1988-04-01T12:00:00Z,0.0,-35.875,44.125,19.86,-1.13
1988-04-01T12:00:00Z,0.0,-35.875,48.125,20.68,0.02
1988-04-01T12:00:00Z,0.0,-35.875,52.125,20.5,0.4
1988-04-01T12:00:00Z,0.0,-35.875,56.125,18.79,-1.01
1988-04-01T12:00:00Z,0.0,-35.875,60.125,18.43,-1.23
1988-04-01T12:00:00Z,0.0,-35.875,64.125,18.25,-1.19
1988-04-01T12:00:00Z,0.0,-35.875,68.125,18.44,-1.01
1988-04-01T12:00:00Z,0.0,-35.875,72.125,18.86,-0.36
1988-04-01T12:00:00Z,0.0,-35.875,76.125,18.28,-0.71
1988-04-01T12:00:00Z,0.0,-35.875,80.125,18.52,-0.16
1988-04-01T12:00:00Z,0.0,-35.875,84.125,18.3,-0.17
1988-04-01T12:00:00Z,0.0,-35.875,88.125,19.06,0.86
1988-04-01T12:00:00Z,0.0,-35.875,92.125,18.78,0.84
1988-04-01T12:00:00Z,0.0,-35.875,96.125,18.97,1.26
1988-04-01T12:00:00Z,0.0,-35.875,100.125,19.46,1.68
1988-04-01T12:00:00Z,0.0,-35.875,104.125,18.97,1.25
1988-04-01T12:00:00Z,0.0,-35.875,108.125,18.56,0.53
1988-04-01T12:00:00Z,0.0,-35.875,112.125,20.34,1.4
1988-04-01T12:00:00Z,0.0,-35.875,116.125,20.02,0.61
1988-04-01T12:00:00Z,0.0,-35.875,120.125,18.31,-0.62
1988-04-01T12:00:00Z,0.0,-35.875,124.125,18.2,-0.42
1988-04-01T12:00:00Z,0.0,-35.875,128.125,17.75,-0.56
1988-04-01T12:00:00Z,0.0,-35.875,132.125,17.28,-1.0
1988-04-01T12:00:00Z,0.0,-35.875,136.125,18.29,-0.01
1988-04-01T12:00:00Z,0.0,-35.875,140.125,NaN,NaN
1988-04-01T12:00:00Z,0.0,-35.875,144.125,NaN,NaN
1988-04-01T12:00:00Z,0.0,-35.875,148.125,NaN,NaN
1988-04-01T12:00:00Z,0.0,-35.875,152.125,21.46,-0.7
1988-04-01T12:00:00Z,0.0,-35.875,156.125,23.28,1.41
1988-04-01T12:00:00Z,0.0,-35.875,160.125,20.89,-0.15
1988-04-01T12:00:00Z,0.0,-35.875,164.125,19.14,-1.09
1988-04-01T12:00:00Z,0.0,-35.875,168.125,19.86,0.08
1988-04-01T12:00:00Z,0.0,-35.875,172.125,18.84,-0.9
1988-04-01T12:00:00Z,0.0,-35.875,176.125,20.23,-0.18
1988-04-01T12:00:00Z,0.0,-35.875,180.125,20.91,0.87
1988-04-01T12:00:00Z,0.0,-35.875,184.125,20.11,0.27
1988-04-01T12:00:00Z,0.0,-35.875,188.125,20.77,1.07
1988-04-01T12:00:00Z,0.0,-35.875,192.125,19.58,0.07
1988-04-01T12:00:00Z,0.0,-35.875,196.125,20.2,0.82
1988-04-01T12:00:00Z,0.0,-35.875,200.125,19.12,-0.04
1988-04-01T12:00:00Z,0.0,-35.875,204.125,19.36,0.31
1988-04-01T12:00:00Z,0.0,-35.875,208.125,19.16,0.14
1988-04-01T12:00:00Z,0.0,-35.875,212.125,20.01,0.92
1988-04-01T12:00:00Z,0.0,-35.875,216.125,18.28,-0.79
1988-04-01T12:00:00Z,0.0,-35.875,220.125,19.2,0.05
1988-04-01T12:00:00Z,0.0,-35.875,224.125,18.33,-0.83
1988-04-01T12:00:00Z,0.0,-35.875,228.125,17.68,-1.52
1988-04-01T12:00:00Z,0.0,-35.875,232.125,17.66,-1.65
1988-04-01T12:00:00Z,0.0,-35.875,236.125,17.46,-1.96
1988-04-01T12:00:00Z,0.0,-35.875,240.125,17.83,-1.71
1988-04-01T12:00:00Z,0.0,-35.875,244.125,17.46,-2.13
1988-04-01T12:00:00Z,0.0,-35.875,248.125,17.25,-2.47
1988-04-01T12:00:00Z,0.0,-35.875,252.125,17.7,-1.93
1988-04-01T12:00:00Z,0.0,-35.875,256.125,17.2,-2.42
1988-04-01T12:00:00Z,0.0,-35.875,260.125,18.39,-1.17
1988-04-01T12:00:00Z,0.0,-35.875,264.125,19.21,-0.39
1988-04-01T12:00:00Z,0.0,-35.875,268.125,19.82,0.32
1988-04-01T12:00:00Z,0.0,-35.875,272.125,20.32,1.07
1988-04-01T12:00:00Z,0.0,-35.875,276.125,19.78,0.85
1988-04-01T12:00:00Z,0.0,-35.875,280.125,19.15,0.7
1988-04-01T12:00:00Z,0.0,-35.875,284.125,16.64,-0.41
1988-04-01T12:00:00Z,0.0,-35.875,288.125,NaN,NaN
1988-04-01T12:00:00Z,0.0,-35.875,292.125,NaN,NaN
1988-04-01T12:00:00Z,0.0,-35.875,296.125,NaN,NaN
1988-04-01T12:00:00Z,0.0,-35.875,300.125,NaN,NaN
1988-04-01T12:00:00Z,0.0,-35.875,304.125,21.2,1.44
1988-04-01T12:00:00Z,0.0,-35.875,308.125,22.59,1.11
1988-04-01T12:00:00Z,0.0,-35.875,312.125,20.79,-0.18
1988-04-01T12:00:00Z,0.0,-35.875,316.125,19.47,-1.15
1988-04-01T12:00:00Z,0.0,-35.875,320.125,20.59,0.27
1988-04-01T12:00:00Z,0.0,-35.875,324.125,20.22,0.1
1988-04-01T12:00:00Z,0.0,-35.875,328.125,19.96,0.21
1988-04-01T12:00:00Z,0.0,-35.875,332.125,19.81,0.28
1988-04-01T12:00:00Z,0.0,-35.875,336.125,19.42,0.03
1988-04-01T12:00:00Z,0.0,-35.875,340.125,18.42,-1.03
1988-04-01T12:00:00Z,0.0,-35.875,344.125,19.41,-0.03
1988-04-01T12:00:00Z,0.0,-35.875,348.125,18.62,-0.71
1988-04-01T12:00:00Z,0.0,-35.875,352.125,18.62,-0.4
1988-04-01T12:00:00Z,0.0,-35.875,356.125,17.57,-1.21
1988-04-01T12:00:00Z,0.0,-31.875,0.125,21.07,-0.11
1988-04-01T12:00:00Z,0.0,-31.875,4.125,21.6,0.8
1988-04-01T12:00:00Z,0.0,-31.875,8.125,20.71,0.44
1988-04-01T12:00:00Z,0.0,-31.875,12.125,19.46,-0.43
1988-04-01T12:00:00Z,0.0,-31.875,16.125,18.39,0.2
1988-04-01T12:00:00Z,0.0,-31.875,20.125,NaN,NaN
1988-04-01T12:00:00Z,0.0,-31.875,24.125,NaN,NaN
1988-04-01T12:00:00Z,0.0,-31.875,28.125,NaN,NaN
1988-04-01T12:00:00Z,0.0,-31.875,32.125,26.07,1.58
1988-04-01T12:00:00Z,0.0,-31.875,36.125,26.04,1.93
1988-04-01T12:00:00Z,0.0,-31.875,40.125,23.8,0.0
1988-04-01T12:00:00Z,0.0,-31.875,44.125,24.44,1.21
1988-04-01T12:00:00Z,0.0,-31.875,48.125,23.62,0.61
1988-04-01T12:00:00Z,0.0,-31.875,52.125,23.99,1.29
1988-04-01T12:00:00Z,0.0,-31.875,56.125,22.42,0.04
1988-04-01T12:00:00Z,0.0,-31.875,60.125,21.72,-0.63
1988-04-01T12:00:00Z,0.0,-31.875,64.125,21.49,-0.7
1988-04-01T12:00:00Z,0.0,-31.875,68.125,22.23,0.16
1988-04-01T12:00:00Z,0.0,-31.875,72.125,21.44,-0.32
1988-04-01T12:00:00Z,0.0,-31.875,76.125,21.52,-0.01
1988-04-01T12:00:00Z,0.0,-31.875,80.125,20.49,-0.84
1988-04-01T12:00:00Z,0.0,-31.875,84.125,20.57,-0.52
1988-04-01T12:00:00Z,0.0,-31.875,88.125,21.74,0.98
1988-04-01T12:00:00Z,0.0,-31.875,92.125,21.22,0.7
1988-04-01T12:00:00Z,0.0,-31.875,96.125,21.44,1.25
1988-04-01T12:00:00Z,0.0,-31.875,100.125,21.55,1.57
1988-04-01T12:00:00Z,0.0,-31.875,104.125,21.22,1.26
1988-04-01T12:00:00Z,0.0,-31.875,108.125,20.62,0.33
1988-04-01T12:00:00Z,0.0,-31.875,112.125,21.94,0.42
1988-04-01T12:00:00Z,0.0,-31.875,116.125,NaN,NaN
1988-04-01T12:00:00Z,0.0,-31.875,120.125,NaN,NaN
1988-04-01T12:00:00Z,0.0,-31.875,124.125,NaN,NaN
1988-04-01T12:00:00Z,0.0,-31.875,128.125,NaN,NaN
1988-04-01T12:00:00Z,0.0,-31.875,132.125,18.41,-2.08
1988-04-01T12:00:00Z,0.0,-31.875,136.125,NaN,NaN
1988-04-01T12:00:00Z,0.0,-31.875,140.125,NaN,NaN
1988-04-01T12:00:00Z,0.0,-31.875,144.125,NaN,NaN
1988-04-01T12:00:00Z,0.0,-31.875,148.125,NaN,NaN
1988-04-01T12:00:00Z,0.0,-31.875,152.125,NaN,NaN
1988-04-01T12:00:00Z,0.0,-31.875,156.125,22.92,-0.95
1988-04-01T12:00:00Z,0.0,-31.875,160.125,22.5,-0.58
1988-04-01T12:00:00Z,0.0,-31.875,164.125,21.67,-0.81
1988-04-01T12:00:00Z,0.0,-31.875,168.125,20.57,-1.2
1988-04-01T12:00:00Z,0.0,-31.875,172.125,21.32,-0.38
1988-04-01T12:00:00Z,0.0,-31.875,176.125,21.47,-0.47
1988-04-01T12:00:00Z,0.0,-31.875,180.125,22.48,0.58
1988-04-01T12:00:00Z,0.0,-31.875,184.125,21.79,-0.15
1988-04-01T12:00:00Z,0.0,-31.875,188.125,22.74,0.85
1988-04-01T12:00:00Z,0.0,-31.875,192.125,22.1,0.43
1988-04-01T12:00:00Z,0.0,-31.875,196.125,21.58,-0.02
1988-04-01T12:00:00Z,0.0,-31.875,200.125,22.28,0.71
1988-04-01T12:00:00Z,0.0,-31.875,204.125,21.01,-0.56
1988-04-01T12:00:00Z,0.0,-31.875,208.125,22.0,0.31
1988-04-01T12:00:00Z,0.0,-31.875,212.125,22.78,1.05
1988-04-01T12:00:00Z,0.0,-31.875,216.125,22.42,0.57
1988-04-01T12:00:00Z,0.0,-31.875,220.125,21.87,-0.1
1988-04-01T12:00:00Z,0.0,-31.875,224.125,21.13,-0.93
1988-04-01T12:00:00Z,0.0,-31.875,228.125,21.35,-0.84
1988-04-01T12:00:00Z,0.0,-31.875,232.125,21.34,-0.97
1988-04-01T12:00:00Z,0.0,-31.875,236.125,20.94,-1.44
1988-04-01T12:00:00Z,0.0,-31.875,240.125,20.35,-2.06
1988-04-01T12:00:00Z,0.0,-31.875,244.125,19.85,-2.61
1988-04-01T12:00:00Z,0.0,-31.875,248.125,20.83,-1.69
1988-04-01T12:00:00Z,0.0,-31.875,252.125,21.45,-0.98
1988-04-01T12:00:00Z,0.0,-31.875,256.125,21.39,-0.98
1988-04-01T12:00:00Z,0.0,-31.875,260.125,22.34,0.15
1988-04-01T12:00:00Z,0.0,-31.875,264.125,22.45,0.5
1988-04-01T12:00:00Z,0.0,-31.875,268.125,22.0,0.39
1988-04-01T12:00:00Z,0.0,-31.875,272.125,21.58,0.41
1988-04-01T12:00:00Z,0.0,-31.875,276.125,21.54,1.0
1988-04-01T12:00:00Z,0.0,-31.875,280.125,20.31,0.67
1988-04-01T12:00:00Z,0.0,-31.875,284.125,17.76,-0.63
1988-04-01T12:00:00Z,0.0,-31.875,288.125,15.71,-1.37
1988-04-01T12:00:00Z,0.0,-31.875,292.125,NaN,NaN
1988-04-01T12:00:00Z,0.0,-31.875,296.125,NaN,NaN
1988-04-01T12:00:00Z,0.0,-31.875,300.125,NaN,NaN
1988-04-01T12:00:00Z,0.0,-31.875,304.125,NaN,NaN
1988-04-01T12:00:00Z,0.0,-31.875,308.125,23.58,0.75
1988-04-01T12:00:00Z,0.0,-31.875,312.125,24.26,0.74
1988-04-01T12:00:00Z,0.0,-31.875,316.125,21.44,-1.38
1988-04-01T12:00:00Z,0.0,-31.875,320.125,21.87,-0.77
1988-04-01T12:00:00Z,0.0,-31.875,324.125,21.97,-0.65
1988-04-01T12:00:00Z,0.0,-31.875,328.125,22.81,0.2
1988-04-01T12:00:00Z,0.0,-31.875,332.125,22.09,-0.65
1988-04-01T12:00:00Z,0.0,-31.875,336.125,21.78,-0.94
1988-04-01T12:00:00Z,0.0,-31.875,340.125,21.68,-0.91
1988-04-01T12:00:00Z,0.0,-31.875,344.125,21.65,-0.83
1988-04-01T12:00:00Z,0.0,-31.875,348.125,22.18,-0.04
1988-04-01T12:00:00Z,0.0,-31.875,352.125,20.73,-1.24
1988-04-01T12:00:00Z,0.0,-31.875,356.125,22.06,0.48
1988-04-01T12:00:00Z,0.0,-27.875,0.125,23.91,1.51
1988-04-01T12:00:00Z,0.0,-27.875,4.125,22.83,1.12
1988-04-01T12:00:00Z,0.0,-27.875,8.125,21.72,0.74
1988-04-01T12:00:00Z,0.0,-27.875,12.125,21.56,1.51
1988-04-01T12:00:00Z,0.0,-27.875,16.125,NaN,NaN
1988-04-01T12:00:00Z,0.0,-27.875,20.125,NaN,NaN
1988-04-01T12:00:00Z,0.0,-27.875,24.125,NaN,NaN
1988-04-01T12:00:00Z,0.0,-27.875,28.125,NaN,NaN
1988-04-01T12:00:00Z,0.0,-27.875,32.125,NaN,NaN
1988-04-01T12:00:00Z,0.0,-27.875,36.125,27.77,1.84
1988-04-01T12:00:00Z,0.0,-27.875,40.125,26.52,0.8
1988-04-01T12:00:00Z,0.0,-27.875,44.125,25.78,0.24
1988-04-01T12:00:00Z,0.0,-27.875,48.125,26.27,1.04
1988-04-01T12:00:00Z,0.0,-27.875,52.125,26.77,1.78
1988-04-01T12:00:00Z,0.0,-27.875,56.125,24.48,-0.36
1988-04-01T12:00:00Z,0.0,-27.875,60.125,24.49,-0.06
1988-04-01T12:00:00Z,0.0,-27.875,64.125,25.48,1.01
1988-04-01T12:00:00Z,0.0,-27.875,68.125,25.22,0.98
1988-04-01T12:00:00Z,0.0,-27.875,72.125,24.58,0.67
1988-04-01T12:00:00Z,0.0,-27.875,76.125,24.16,0.52
1988-04-01T12:00:00Z,0.0,-27.875,80.125,23.52,0.03
1988-04-01T12:00:00Z,0.0,-27.875,84.125,23.47,0.27
1988-04-01T12:00:00Z,0.0,-27.875,88.125,23.34,0.46
1988-04-01T12:00:00Z,0.0,-27.875,92.125,24.46,1.87
1988-04-01T12:00:00Z,0.0,-27.875,96.125,24.6,2.24
1988-04-01T12:00:00Z,0.0,-27.875,100.125,23.03,0.92
1988-04-01T12:00:00Z,0.0,-27.875,104.125,22.86,0.73
1988-04-01T12:00:00Z,0.0,-27.875,108.125,22.99,0.46
1988-04-01T12:00:00Z,0.0,-27.875,112.125,24.54,0.49
1988-04-01T12:00:00Z,0.0,-27.875,116.125,NaN,NaN
1988-04-01T12:00:00Z,0.0,-27.875,120.125,NaN,NaN
1988-04-01T12:00:00Z,0.0,-27.875,124.125,NaN,NaN
1988-04-01T12:00:00Z,0.0,-27.875,128.125,NaN,NaN
1988-04-01T12:00:00Z,0.0,-27.875,132.125,NaN,NaN
1988-04-01T12:00:00Z,0.0,-27.875,136.125,NaN,NaN
1988-04-01T12:00:00Z,0.0,-27.875,140.125,NaN,NaN
1988-04-01T12:00:00Z,0.0,-27.875,144.125,NaN,NaN
1988-04-01T12:00:00Z,0.0,-27.875,148.125,NaN,NaN
1988-04-01T12:00:00Z,0.0,-27.875,152.125,NaN,NaN
1988-04-01T12:00:00Z,0.0,-27.875,156.125,24.22,-0.59
1988-04-01T12:00:00Z,0.0,-27.875,160.125,23.29,-0.98
1988-04-01T12:00:00Z,0.0,-27.875,164.125,23.5,-0.39
1988-04-01T12:00:00Z,0.0,-27.875,168.125,23.71,0.06
1988-04-01T12:00:00Z,0.0,-27.875,172.125,23.62,-0.18
1988-04-01T12:00:00Z,0.0,-27.875,176.125,23.56,-0.39
1988-04-01T12:00:00Z,0.0,-27.875,180.125,24.36,0.3
1988-04-01T12:00:00Z,0.0,-27.875,184.125,24.11,0.18
1988-04-01T12:00:00Z,0.0,-27.875,188.125,24.29,0.38
1988-04-01T12:00:00Z,0.0,-27.875,192.125,24.29,0.38
1988-04-01T12:00:00Z,0.0,-27.875,196.125,25.63,1.72
1988-04-01T12:00:00Z,0.0,-27.875,200.125,24.82,0.85
1988-04-01T12:00:00Z,0.0,-27.875,204.125,24.37,0.31
1988-04-01T12:00:00Z,0.0,-27.875,208.125,25.35,1.19
1988-04-01T12:00:00Z,0.0,-27.875,212.125,24.59,0.38
1988-04-01T12:00:00Z,0.0,-27.875,216.125,24.0,-0.28
1988-04-01T12:00:00Z,0.0,-27.875,220.125,23.94,-0.56
1988-04-01T12:00:00Z,0.0,-27.875,224.125,24.3,-0.38
1988-04-01T12:00:00Z,0.0,-27.875,228.125,24.26,-0.48
1988-04-01T12:00:00Z,0.0,-27.875,232.125,23.94,-0.87
1988-04-01T12:00:00Z,0.0,-27.875,236.125,23.16,-1.61
1988-04-01T12:00:00Z,0.0,-27.875,240.125,23.28,-1.47
1988-04-01T12:00:00Z,0.0,-27.875,244.125,22.75,-1.89
1988-04-01T12:00:00Z,0.0,-27.875,248.125,23.43,-1.06
1988-04-01T12:00:00Z,0.0,-27.875,252.125,23.77,-0.55
1988-04-01T12:00:00Z,0.0,-27.875,256.125,24.07,0.1
1988-04-01T12:00:00Z,0.0,-27.875,260.125,23.99,0.39
1988-04-01T12:00:00Z,0.0,-27.875,264.125,23.86,0.68
1988-04-01T12:00:00Z,0.0,-27.875,268.125,22.97,0.32
1988-04-01T12:00:00Z,0.0,-27.875,272.125,22.69,0.68
1988-04-01T12:00:00Z,0.0,-27.875,276.125,21.45,0.3
1988-04-01T12:00:00Z,0.0,-27.875,280.125,19.86,-0.31
1988-04-01T12:00:00Z,0.0,-27.875,284.125,18.46,-0.79
1988-04-01T12:00:00Z,0.0,-27.875,288.125,16.92,-1.41
1988-04-01T12:00:00Z,0.0,-27.875,292.125,NaN,NaN
1988-04-01T12:00:00Z,0.0,-27.875,296.125,NaN,NaN
1988-04-01T12:00:00Z,0.0,-27.875,300.125,NaN,NaN
1988-04-01T12:00:00Z,0.0,-27.875,304.125,NaN,NaN
1988-04-01T12:00:00Z,0.0,-27.875,308.125,NaN,NaN
1988-04-01T12:00:00Z,0.0,-27.875,312.125,25.5,0.55
1988-04-01T12:00:00Z,0.0,-27.875,316.125,25.56,0.34
1988-04-01T12:00:00Z,0.0,-27.875,320.125,24.79,-0.25
1988-04-01T12:00:00Z,0.0,-27.875,324.125,24.31,-0.53
1988-04-01T12:00:00Z,0.0,-27.875,328.125,24.54,-0.45
1988-04-01T12:00:00Z,0.0,-27.875,332.125,25.39,0.41
1988-04-01T12:00:00Z,0.0,-27.875,336.125,24.59,-0.27
1988-04-01T12:00:00Z,0.0,-27.875,340.125,24.02,-0.71
1988-04-01T12:00:00Z,0.0,-27.875,344.125,23.66,-0.77
1988-04-01T12:00:00Z,0.0,-27.875,348.125,24.67,0.62
1988-04-01T12:00:00Z,0.0,-27.875,352.125,24.32,0.71
1988-04-01T12:00:00Z,0.0,-27.875,356.125,24.48,1.45
1988-04-01T12:00:00Z,0.0,-23.875,0.125,24.57,1.72
1988-04-01T12:00:00Z,0.0,-23.875,4.125,23.43,1.22
1988-04-01T12:00:00Z,0.0,-23.875,8.125,22.76,1.24
1988-04-01T12:00:00Z,0.0,-23.875,12.125,18.96,-0.09
1988-04-01T12:00:00Z,0.0,-23.875,16.125,NaN,NaN
1988-04-01T12:00:00Z,0.0,-23.875,20.125,NaN,NaN
1988-04-01T12:00:00Z,0.0,-23.875,24.125,NaN,NaN
1988-04-01T12:00:00Z,0.0,-23.875,28.125,NaN,NaN
1988-04-01T12:00:00Z,0.0,-23.875,32.125,NaN,NaN
1988-04-01T12:00:00Z,0.0,-23.875,36.125,28.06,0.79
1988-04-01T12:00:00Z,0.0,-23.875,40.125,27.26,0.09
1988-04-01T12:00:00Z,0.0,-23.875,44.125,NaN,NaN
1988-04-01T12:00:00Z,0.0,-23.875,48.125,27.7,0.64
1988-04-01T12:00:00Z,0.0,-23.875,52.125,26.63,-0.02
1988-04-01T12:00:00Z,0.0,-23.875,56.125,26.58,0.05
1988-04-01T12:00:00Z,0.0,-23.875,60.125,27.07,0.8
1988-04-01T12:00:00Z,0.0,-23.875,64.125,25.94,-0.13
1988-04-01T12:00:00Z,0.0,-23.875,68.125,26.42,0.59
1988-04-01T12:00:00Z,0.0,-23.875,72.125,25.14,-0.35
1988-04-01T12:00:00Z,0.0,-23.875,76.125,25.96,0.64
1988-04-01T12:00:00Z,0.0,-23.875,80.125,26.04,0.88
1988-04-01T12:00:00Z,0.0,-23.875,84.125,25.57,0.65
1988-04-01T12:00:00Z,0.0,-23.875,88.125,25.98,1.3
1988-04-01T12:00:00Z,0.0,-23.875,92.125,25.75,1.42
1988-04-01T12:00:00Z,0.0,-23.875,96.125,25.32,1.36
1988-04-01T12:00:00Z,0.0,-23.875,100.125,24.34,0.58
1988-04-01T12:00:00Z,0.0,-23.875,104.125,24.71,0.76
1988-04-01T12:00:00Z,0.0,-23.875,108.125,25.52,0.87
1988-04-01T12:00:00Z,0.0,-23.875,112.125,28.08,1.78
1988-04-01T12:00:00Z,0.0,-23.875,116.125,NaN,NaN
1988-04-01T12:00:00Z,0.0,-23.875,120.125,NaN,NaN
1988-04-01T12:00:00Z,0.0,-23.875,124.125,NaN,NaN
1988-04-01T12:00:00Z,0.0,-23.875,128.125,NaN,NaN
1988-04-01T12:00:00Z,0.0,-23.875,132.125,NaN,NaN
1988-04-01T12:00:00Z,0.0,-23.875,136.125,NaN,NaN
1988-04-01T12:00:00Z,0.0,-23.875,140.125,NaN,NaN
1988-04-01T12:00:00Z,0.0,-23.875,144.125,NaN,NaN
1988-04-01T12:00:00Z,0.0,-23.875,148.125,NaN,NaN
1988-04-01T12:00:00Z,0.0,-23.875,152.125,25.59,-0.84
1988-04-01T12:00:00Z,0.0,-23.875,156.125,25.39,-0.54
1988-04-01T12:00:00Z,0.0,-23.875,160.125,24.32,-1.15
1988-04-01T12:00:00Z,0.0,-23.875,164.125,24.6,-0.92
1988-04-01T12:00:00Z,0.0,-23.875,168.125,25.66,-0.07
1988-04-01T12:00:00Z,0.0,-23.875,172.125,25.89,0.14
1988-04-01T12:00:00Z,0.0,-23.875,176.125,26.22,0.35
1988-04-01T12:00:00Z,0.0,-23.875,180.125,25.07,-0.8
1988-04-01T12:00:00Z,0.0,-23.875,184.125,27.65,1.72
1988-04-01T12:00:00Z,0.0,-23.875,188.125,27.05,1.14
1988-04-01T12:00:00Z,0.0,-23.875,192.125,27.17,1.28
1988-04-01T12:00:00Z,0.0,-23.875,196.125,27.86,1.92
1988-04-01T12:00:00Z,0.0,-23.875,200.125,25.88,-0.17
1988-04-01T12:00:00Z,0.0,-23.875,204.125,26.8,0.66
1988-04-01T12:00:00Z,0.0,-23.875,208.125,26.01,-0.15
1988-04-01T12:00:00Z,0.0,-23.875,212.125,25.09,-1.23
1988-04-01T12:00:00Z,0.0,-23.875,216.125,25.53,-0.94
1988-04-01T12:00:00Z,0.0,-23.875,220.125,25.63,-0.85
1988-04-01T12:00:00Z,0.0,-23.875,224.125,26.16,-0.35
1988-04-01T12:00:00Z,0.0,-23.875,228.125,25.21,-1.3
1988-04-01T12:00:00Z,0.0,-23.875,232.125,25.47,-0.99
1988-04-01T12:00:00Z,0.0,-23.875,236.125,25.12,-1.2
1988-04-01T12:00:00Z,0.0,-23.875,240.125,25.6,-0.48
1988-04-01T12:00:00Z,0.0,-23.875,244.125,25.67,-0.1
1988-04-01T12:00:00Z,0.0,-23.875,248.125,25.52,0.06
1988-04-01T12:00:00Z,0.0,-23.875,252.125,25.66,0.6
1988-04-01T12:00:00Z,0.0,-23.875,256.125,25.21,0.61
1988-04-01T12:00:00Z,0.0,-23.875,260.125,24.0,-0.08
1988-04-01T12:00:00Z,0.0,-23.875,264.125,23.31,-0.22
1988-04-01T12:00:00Z,0.0,-23.875,268.125,22.42,-0.46
1988-04-01T12:00:00Z,0.0,-23.875,272.125,21.93,-0.17
1988-04-01T12:00:00Z,0.0,-23.875,276.125,21.32,-0.02
1988-04-01T12:00:00Z,0.0,-23.875,280.125,20.67,-0.03
1988-04-01T12:00:00Z,0.0,-23.875,284.125,20.45,0.01
1988-04-01T12:00:00Z,0.0,-23.875,288.125,19.11,-1.32
1988-04-01T12:00:00Z,0.0,-23.875,292.125,NaN,NaN
1988-04-01T12:00:00Z,0.0,-23.875,296.125,NaN,NaN
1988-04-01T12:00:00Z,0.0,-23.875,300.125,NaN,NaN
1988-04-01T12:00:00Z,0.0,-23.875,304.125,NaN,NaN
1988-04-01T12:00:00Z,0.0,-23.875,308.125,NaN,NaN
1988-04-01T12:00:00Z,0.0,-23.875,312.125,NaN,NaN
1988-04-01T12:00:00Z,0.0,-23.875,316.125,25.75,0.07
1988-04-01T12:00:00Z,0.0,-23.875,320.125,27.61,0.97
1988-04-01T12:00:00Z,0.0,-23.875,324.125,27.27,0.48
1988-04-01T12:00:00Z,0.0,-23.875,328.125,27.49,0.71
1988-04-01T12:00:00Z,0.0,-23.875,332.125,26.95,0.27
1988-04-01T12:00:00Z,0.0,-23.875,336.125,26.73,0.3
1988-04-01T12:00:00Z,0.0,-23.875,340.125,26.88,0.86
1988-04-01T12:00:00Z,0.0,-23.875,344.125,26.53,1.06
1988-04-01T12:00:00Z,0.0,-23.875,348.125,26.3,1.38
1988-04-01T12:00:00Z,0.0,-23.875,352.125,26.18,1.88
1988-04-01T12:00:00Z,0.0,-23.875,356.125,25.58,2.02
1988-04-01T12:00:00Z,0.0,-19.875,0.125,24.31,0.91
1988-04-01T12:00:00Z,0.0,-19.875,4.125,23.49,0.58
1988-04-01T12:00:00Z,0.0,-19.875,8.125,22.17,0.23
1988-04-01T12:00:00Z,0.0,-19.875,12.125,19.41,0.02
1988-04-01T12:00:00Z,0.0,-19.875,16.125,NaN,NaN
1988-04-01T12:00:00Z,0.0,-19.875,20.125,NaN,NaN
1988-04-01T12:00:00Z,0.0,-19.875,24.125,NaN,NaN
1988-04-01T12:00:00Z,0.0,-19.875,28.125,NaN,NaN
1988-04-01T12:00:00Z,0.0,-19.875,32.125,NaN,NaN
1988-04-01T12:00:00Z,0.0,-19.875,36.125,27.65,-0.29
1988-04-01T12:00:00Z,0.0,-19.875,40.125,29.29,0.87
1988-04-01T12:00:00Z,0.0,-19.875,44.125,30.38,1.61
1988-04-01T12:00:00Z,0.0,-19.875,48.125,NaN,NaN
1988-04-01T12:00:00Z,0.0,-19.875,52.125,27.8,0.12
1988-04-01T12:00:00Z,0.0,-19.875,56.125,27.74,0.31
1988-04-01T12:00:00Z,0.0,-19.875,60.125,27.46,0.22
1988-04-01T12:00:00Z,0.0,-19.875,64.125,27.28,0.18
1988-04-01T12:00:00Z,0.0,-19.875,68.125,26.42,-0.52
1988-04-01T12:00:00Z,0.0,-19.875,72.125,27.34,0.5
1988-04-01T12:00:00Z,0.0,-19.875,76.125,27.29,0.52
1988-04-01T12:00:00Z,0.0,-19.875,80.125,26.43,-0.21
1988-04-01T12:00:00Z,0.0,-19.875,84.125,27.42,0.92
1988-04-01T12:00:00Z,0.0,-19.875,88.125,27.38,1.17
1988-04-01T12:00:00Z,0.0,-19.875,92.125,26.53,0.65
1988-04-01T12:00:00Z,0.0,-19.875,96.125,26.28,0.75
1988-04-01T12:00:00Z,0.0,-19.875,100.125,25.93,0.41
1988-04-01T12:00:00Z,0.0,-19.875,104.125,26.36,0.39
1988-04-01T12:00:00Z,0.0,-19.875,108.125,27.02,0.3
1988-04-01T12:00:00Z,0.0,-19.875,112.125,28.89,0.95
1988-04-01T12:00:00Z,0.0,-19.875,116.125,30.0,1.04
1988-04-01T12:00:00Z,0.0,-19.875,120.125,30.32,1.01
1988-04-01T12:00:00Z,0.0,-19.875,124.125,NaN,NaN
1988-04-01T12:00:00Z,0.0,-19.875,128.125,NaN,NaN
1988-04-01T12:00:00Z,0.0,-19.875,132.125,NaN,NaN
1988-04-01T12:00:00Z,0.0,-19.875,136.125,NaN,NaN
1988-04-01T12:00:00Z,0.0,-19.875,140.125,NaN,NaN
1988-04-01T12:00:00Z,0.0,-19.875,144.125,NaN,NaN
1988-04-01T12:00:00Z,0.0,-19.875,148.125,26.35,-0.95
1988-04-01T12:00:00Z,0.0,-19.875,152.125,27.39,0.22
1988-04-01T12:00:00Z,0.0,-19.875,156.125,26.76,-0.35
1988-04-01T12:00:00Z,0.0,-19.875,160.125,27.07,-0.05
1988-04-01T12:00:00Z,0.0,-19.875,164.125,27.0,-0.36
1988-04-01T12:00:00Z,0.0,-19.875,168.125,26.85,-0.57
1988-04-01T12:00:00Z,0.0,-19.875,172.125,26.7,-0.81
1988-04-01T12:00:00Z,0.0,-19.875,176.125,27.44,-0.24
1988-04-01T12:00:00Z,0.0,-19.875,180.125,26.97,-0.74
1988-04-01T12:00:00Z,0.0,-19.875,184.125,28.32,0.69
1988-04-01T12:00:00Z,0.0,-19.875,188.125,28.22,0.56
1988-04-01T12:00:00Z,0.0,-19.875,192.125,28.37,0.7
1988-04-01T12:00:00Z,0.0,-19.875,196.125,28.45,0.74
1988-04-01T12:00:00Z,0.0,-19.875,200.125,27.7,-0.07
1988-04-01T12:00:00Z,0.0,-19.875,204.125,27.5,-0.34
1988-04-01T12:00:00Z,0.0,-19.875,208.125,27.79,-0.14
1988-04-01T12:00:00Z,0.0,-19.875,212.125,27.5,-0.47
1988-04-01T12:00:00Z,0.0,-19.875,216.125,27.19,-0.77
1988-04-01T12:00:00Z,0.0,-19.875,220.125,27.3,-0.57
1988-04-01T12:00:00Z,0.0,-19.875,224.125,27.14,-0.56
1988-04-01T12:00:00Z,0.0,-19.875,228.125,27.23,-0.25
1988-04-01T12:00:00Z,0.0,-19.875,232.125,26.71,-0.55
1988-04-01T12:00:00Z,0.0,-19.875,236.125,27.5,0.53
1988-04-01T12:00:00Z,0.0,-19.875,240.125,26.62,0.03
1988-04-01T12:00:00Z,0.0,-19.875,244.125,26.83,0.65
1988-04-01T12:00:00Z,0.0,-19.875,248.125,26.39,0.65
1988-04-01T12:00:00Z,0.0,-19.875,252.125,25.8,0.6
1988-04-01T12:00:00Z,0.0,-19.875,256.125,24.85,0.18
1988-04-01T12:00:00Z,0.0,-19.875,260.125,23.6,-0.49
1988-04-01T12:00:00Z,0.0,-19.875,264.125,23.07,-0.45
1988-04-01T12:00:00Z,0.0,-19.875,268.125,22.78,-0.12
1988-04-01T12:00:00Z,0.0,-19.875,272.125,21.84,-0.53
1988-04-01T12:00:00Z,0.0,-19.875,276.125,21.36,-0.58
1988-04-01T12:00:00Z,0.0,-19.875,280.125,21.2,-0.63
1988-04-01T12:00:00Z,0.0,-19.875,284.125,21.73,-0.74
1988-04-01T12:00:00Z,0.0,-19.875,288.125,24.07,1.57
1988-04-01T12:00:00Z,0.0,-19.875,292.125,NaN,NaN
1988-04-01T12:00:00Z,0.0,-19.875,296.125,NaN,NaN
1988-04-01T12:00:00Z,0.0,-19.875,300.125,NaN,NaN
1988-04-01T12:00:00Z,0.0,-19.875,304.125,NaN,NaN
1988-04-01T12:00:00Z,0.0,-19.875,308.125,NaN,NaN
1988-04-01T12:00:00Z,0.0,-19.875,312.125,NaN,NaN
1988-04-01T12:00:00Z,0.0,-19.875,316.125,NaN,NaN
1988-04-01T12:00:00Z,0.0,-19.875,320.125,27.15,0.1
1988-04-01T12:00:00Z,0.0,-19.875,324.125,28.09,0.33
1988-04-01T12:00:00Z,0.0,-19.875,328.125,28.94,1.34
1988-04-01T12:00:00Z,0.0,-19.875,332.125,28.59,1.35
1988-04-01T12:00:00Z,0.0,-19.875,336.125,28.24,1.49
1988-04-01T12:00:00Z,0.0,-19.875,340.125,27.95,1.77
1988-04-01T12:00:00Z,0.0,-19.875,344.125,27.55,1.98
1988-04-01T12:00:00Z,0.0,-19.875,348.125,27.23,2.28
1988-04-01T12:00:00Z,0.0,-19.875,352.125,25.91,1.52
1988-04-01T12:00:00Z,0.0,-19.875,356.125,25.23,1.4
1988-04-01T12:00:00Z,0.0,-15.875,0.125,24.54,0.32
1988-04-01T12:00:00Z,0.0,-15.875,4.125,24.57,0.69
1988-04-01T12:00:00Z,0.0,-15.875,8.125,24.17,0.72
1988-04-01T12:00:00Z,0.0,-15.875,12.125,NaN,NaN
1988-04-01T12:00:00Z,0.0,-15.875,16.125,NaN,NaN
1988-04-01T12:00:00Z,0.0,-15.875,20.125,NaN,NaN
1988-04-01T12:00:00Z,0.0,-15.875,24.125,NaN,NaN
1988-04-01T12:00:00Z,0.0,-15.875,28.125,NaN,NaN
1988-04-01T12:00:00Z,0.0,-15.875,32.125,NaN,NaN
1988-04-01T12:00:00Z,0.0,-15.875,36.125,NaN,NaN
1988-04-01T12:00:00Z,0.0,-15.875,40.125,NaN,NaN
1988-04-01T12:00:00Z,0.0,-15.875,44.125,30.44,1.3
1988-04-01T12:00:00Z,0.0,-15.875,48.125,NaN,NaN
1988-04-01T12:00:00Z,0.0,-15.875,52.125,28.33,0.08
1988-04-01T12:00:00Z,0.0,-15.875,56.125,28.28,0.05
1988-04-01T12:00:00Z,0.0,-15.875,60.125,28.39,0.3
1988-04-01T12:00:00Z,0.0,-15.875,64.125,27.19,-0.84
1988-04-01T12:00:00Z,0.0,-15.875,68.125,27.28,-0.67
1988-04-01T12:00:00Z,0.0,-15.875,72.125,27.75,-0.17
1988-04-01T12:00:00Z,0.0,-15.875,76.125,28.8,0.84
1988-04-01T12:00:00Z,0.0,-15.875,80.125,28.31,0.51
1988-04-01T12:00:00Z,0.0,-15.875,84.125,28.22,0.68
1988-04-01T12:00:00Z,0.0,-15.875,88.125,27.98,0.65
1988-04-01T12:00:00Z,0.0,-15.875,92.125,28.24,1.02
1988-04-01T12:00:00Z,0.0,-15.875,96.125,27.66,0.4
1988-04-01T12:00:00Z,0.0,-15.875,100.125,27.69,0.3
1988-04-01T12:00:00Z,0.0,-15.875,104.125,28.35,0.65
1988-04-01T12:00:00Z,0.0,-15.875,108.125,28.21,0.07
1988-04-01T12:00:00Z,0.0,-15.875,112.125,27.64,-1.06
1988-04-01T12:00:00Z,0.0,-15.875,116.125,28.33,-0.94
1988-04-01T12:00:00Z,0.0,-15.875,120.125,29.46,-0.06
1988-04-01T12:00:00Z,0.0,-15.875,124.125,29.99,0.41
1988-04-01T12:00:00Z,0.0,-15.875,128.125,NaN,NaN
1988-04-01T12:00:00Z,0.0,-15.875,132.125,NaN,NaN
1988-04-01T12:00:00Z,0.0,-15.875,136.125,NaN,NaN
1988-04-01T12:00:00Z,0.0,-15.875,140.125,29.29,-0.15
1988-04-01T12:00:00Z,0.0,-15.875,144.125,NaN,NaN
1988-04-01T12:00:00Z,0.0,-15.875,148.125,27.77,-0.11
1988-04-01T12:00:00Z,0.0,-15.875,152.125,27.02,-1.0
1988-04-01T12:00:00Z,0.0,-15.875,156.125,27.55,-0.8
1988-04-01T12:00:00Z,0.0,-15.875,160.125,27.39,-1.07
1988-04-01T12:00:00Z,0.0,-15.875,164.125,27.3,-1.3
1988-04-01T12:00:00Z,0.0,-15.875,168.125,28.17,-0.56
1988-04-01T12:00:00Z,0.0,-15.875,172.125,27.85,-0.97
1988-04-01T12:00:00Z,0.0,-15.875,176.125,28.03,-0.91
1988-04-01T12:00:00Z,0.0,-15.875,180.125,27.84,-0.99
1988-04-01T12:00:00Z,0.0,-15.875,184.125,27.38,-1.42
1988-04-01T12:00:00Z,0.0,-15.875,188.125,28.94,0.1
1988-04-01T12:00:00Z,0.0,-15.875,192.125,27.79,-1.0
1988-04-01T12:00:00Z,0.0,-15.875,196.125,29.25,0.39
1988-04-01T12:00:00Z,0.0,-15.875,200.125,28.26,-0.61
1988-04-01T12:00:00Z,0.0,-15.875,204.125,28.73,-0.1
1988-04-01T12:00:00Z,0.0,-15.875,208.125,28.2,-0.59
1988-04-01T12:00:00Z,0.0,-15.875,212.125,28.61,-0.1
1988-04-01T12:00:00Z,0.0,-15.875,216.125,28.44,-0.14
1988-04-01T12:00:00Z,0.0,-15.875,220.125,27.69,-0.74
1988-04-01T12:00:00Z,0.0,-15.875,224.125,29.73,1.56
1988-04-01T12:00:00Z,0.0,-15.875,228.125,28.23,0.34
1988-04-01T12:00:00Z,0.0,-15.875,232.125,28.3,0.72
1988-04-01T12:00:00Z,0.0,-15.875,236.125,27.51,0.32
1988-04-01T12:00:00Z,0.0,-15.875,240.125,27.04,0.29
1988-04-01T12:00:00Z,0.0,-15.875,244.125,26.21,-0.08
1988-04-01T12:00:00Z,0.0,-15.875,248.125,25.27,-0.53
1988-04-01T12:00:00Z,0.0,-15.875,252.125,24.98,-0.29
1988-04-01T12:00:00Z,0.0,-15.875,256.125,24.22,-0.59
1988-04-01T12:00:00Z,0.0,-15.875,260.125,23.77,-0.58
1988-04-01T12:00:00Z,0.0,-15.875,264.125,23.67,-0.31
1988-04-01T12:00:00Z,0.0,-15.875,268.125,23.36,-0.4
1988-04-01T12:00:00Z,0.0,-15.875,272.125,23.16,-0.52
1988-04-01T12:00:00Z,0.0,-15.875,276.125,23.82,0.12
1988-04-01T12:00:00Z,0.0,-15.875,280.125,23.63,0.08
1988-04-01T12:00:00Z,0.0,-15.875,284.125,21.64,-0.02
1988-04-01T12:00:00Z,0.0,-15.875,288.125,NaN,NaN
1988-04-01T12:00:00Z,0.0,-15.875,292.125,NaN,NaN
1988-04-01T12:00:00Z,0.0,-15.875,296.125,NaN,NaN
1988-04-01T12:00:00Z,0.0,-15.875,300.125,NaN,NaN
1988-04-01T12:00:00Z,0.0,-15.875,304.125,NaN,NaN
1988-04-01T12:00:00Z,0.0,-15.875,308.125,NaN,NaN
1988-04-01T12:00:00Z,0.0,-15.875,312.125,NaN,NaN
1988-04-01T12:00:00Z,0.0,-15.875,316.125,NaN,NaN
1988-04-01T12:00:00Z,0.0,-15.875,320.125,NaN,NaN
1988-04-01T12:00:00Z,0.0,-15.875,324.125,29.01,0.91
1988-04-01T12:00:00Z,0.0,-15.875,328.125,28.76,1.03
1988-04-01T12:00:00Z,0.0,-15.875,332.125,28.25,1.07
1988-04-01T12:00:00Z,0.0,-15.875,336.125,27.74,1.09
1988-04-01T12:00:00Z,0.0,-15.875,340.125,27.2,1.08
1988-04-01T12:00:00Z,0.0,-15.875,344.125,27.16,1.51
1988-04-01T12:00:00Z,0.0,-15.875,348.125,26.34,1.05
1988-04-01T12:00:00Z,0.0,-15.875,352.125,25.98,1.06
1988-04-01T12:00:00Z,0.0,-15.875,356.125,25.02,0.45
1988-04-01T12:00:00Z,0.0,-11.875,0.125,25.85,0.07
1988-04-01T12:00:00Z,0.0,-11.875,4.125,26.66,0.71
1988-04-01T12:00:00Z,0.0,-11.875,8.125,26.24,-0.03
1988-04-01T12:00:00Z,0.0,-11.875,12.125,28.25,0.67
1988-04-01T12:00:00Z,0.0,-11.875,16.125,NaN,NaN
1988-04-01T12:00:00Z,0.0,-11.875,20.125,NaN,NaN
1988-04-01T12:00:00Z,0.0,-11.875,24.125,NaN,NaN
1988-04-01T12:00:00Z,0.0,-11.875,28.125,NaN,NaN
1988-04-01T12:00:00Z,0.0,-11.875,32.125,NaN,NaN
1988-04-01T12:00:00Z,0.0,-11.875,36.125,NaN,NaN
1988-04-01T12:00:00Z,0.0,-11.875,40.125,NaN,NaN
1988-04-01T12:00:00Z,0.0,-11.875,44.125,29.59,0.59
1988-04-01T12:00:00Z,0.0,-11.875,48.125,29.75,1.08
1988-04-01T12:00:00Z,0.0,-11.875,52.125,27.34,-1.15
1988-04-01T12:00:00Z,0.0,-11.875,56.125,28.16,-0.5
1988-04-01T12:00:00Z,0.0,-11.875,60.125,27.2,-1.36
1988-04-01T12:00:00Z,0.0,-11.875,64.125,28.81,0.15
1988-04-01T12:00:00Z,0.0,-11.875,68.125,29.46,0.9
1988-04-01T12:00:00Z,0.0,-11.875,72.125,28.54,-0.01
1988-04-01T12:00:00Z,0.0,-11.875,76.125,29.43,0.86
1988-04-01T12:00:00Z,0.0,-11.875,80.125,28.53,0.1
1988-04-01T12:00:00Z,0.0,-11.875,84.125,28.3,0.01
1988-04-01T12:00:00Z,0.0,-11.875,88.125,28.52,0.27
1988-04-01T12:00:00Z,0.0,-11.875,92.125,28.77,0.46
1988-04-01T12:00:00Z,0.0,-11.875,96.125,28.56,0.11
1988-04-01T12:00:00Z,0.0,-11.875,100.125,28.36,-0.24
1988-04-01T12:00:00Z,0.0,-11.875,104.125,28.62,-0.12
1988-04-01T12:00:00Z,0.0,-11.875,108.125,28.46,-0.42
1988-04-01T12:00:00Z,0.0,-11.875,112.125,28.35,-0.64
1988-04-01T12:00:00Z,0.0,-11.875,116.125,29.16,-0.02
1988-04-01T12:00:00Z,0.0,-11.875,120.125,28.83,-0.5
1988-04-01T12:00:00Z,0.0,-11.875,124.125,28.69,-0.61
1988-04-01T12:00:00Z,0.0,-11.875,128.125,28.97,-0.43
1988-04-01T12:00:00Z,0.0,-11.875,132.125,29.37,-0.1
1988-04-01T12:00:00Z,0.0,-11.875,136.125,28.84,-0.29
1988-04-01T12:00:00Z,0.0,-11.875,140.125,27.9,-1.03
1988-04-01T12:00:00Z,0.0,-11.875,144.125,27.49,-0.77
1988-04-01T12:00:00Z,0.0,-11.875,148.125,27.54,-1.01
1988-04-01T12:00:00Z,0.0,-11.875,152.125,28.9,0.19
1988-04-01T12:00:00Z,0.0,-11.875,156.125,29.61,0.53
1988-04-01T12:00:00Z,0.0,-11.875,160.125,28.87,-0.36
1988-04-01T12:00:00Z,0.0,-11.875,164.125,28.89,-0.36
1988-04-01T12:00:00Z,0.0,-11.875,168.125,28.43,-0.86
1988-04-01T12:00:00Z,0.0,-11.875,172.125,29.02,-0.3
1988-04-01T12:00:00Z,0.0,-11.875,176.125,29.42,0.11
1988-04-01T12:00:00Z,0.0,-11.875,180.125,28.63,-0.72
1988-04-01T12:00:00Z,0.0,-11.875,184.125,29.13,-0.21
1988-04-01T12:00:00Z,0.0,-11.875,188.125,28.98,-0.33
1988-04-01T12:00:00Z,0.0,-11.875,192.125,29.46,0.15
1988-04-01T12:00:00Z,0.0,-11.875,196.125,29.47,0.21
1988-04-01T12:00:00Z,0.0,-11.875,200.125,29.44,0.23
1988-04-01T12:00:00Z,0.0,-11.875,204.125,29.66,0.51
1988-04-01T12:00:00Z,0.0,-11.875,208.125,29.92,0.86
1988-04-01T12:00:00Z,0.0,-11.875,212.125,29.73,0.79
1988-04-01T12:00:00Z,0.0,-11.875,216.125,29.78,0.99
1988-04-01T12:00:00Z,0.0,-11.875,220.125,28.84,0.27
1988-04-01T12:00:00Z,0.0,-11.875,224.125,28.9,0.62
1988-04-01T12:00:00Z,0.0,-11.875,228.125,27.88,-0.11
1988-04-01T12:00:00Z,0.0,-11.875,232.125,28.43,0.75
1988-04-01T12:00:00Z,0.0,-11.875,236.125,27.71,0.37
1988-04-01T12:00:00Z,0.0,-11.875,240.125,27.34,0.34
1988-04-01T12:00:00Z,0.0,-11.875,244.125,26.42,-0.28
1988-04-01T12:00:00Z,0.0,-11.875,248.125,26.54,0.18
1988-04-01T12:00:00Z,0.0,-11.875,252.125,26.04,-0.04
1988-04-01T12:00:00Z,0.0,-11.875,256.125,25.92,0.05
1988-04-01T12:00:00Z,0.0,-11.875,260.125,25.08,-0.59
1988-04-01T12:00:00Z,0.0,-11.875,264.125,25.64,0.09
1988-04-01T12:00:00Z,0.0,-11.875,268.125,25.98,0.32
1988-04-01T12:00:00Z,0.0,-11.875,272.125,25.64,-0.14
1988-04-01T12:00:00Z,0.0,-11.875,276.125,26.13,0.47
1988-04-01T12:00:00Z,0.0,-11.875,280.125,23.43,-0.61
1988-04-01T12:00:00Z,0.0,-11.875,284.125,NaN,NaN
1988-04-01T12:00:00Z,0.0,-11.875,288.125,NaN,NaN
1988-04-01T12:00:00Z,0.0,-11.875,292.125,NaN,NaN
1988-04-01T12:00:00Z,0.0,-11.875,296.125,NaN,NaN
1988-04-01T12:00:00Z,0.0,-11.875,300.125,NaN,NaN
1988-04-01T12:00:00Z,0.0,-11.875,304.125,NaN,NaN
1988-04-01T12:00:00Z,0.0,-11.875,308.125,NaN,NaN
1988-04-01T12:00:00Z,0.0,-11.875,312.125,NaN,NaN
1988-04-01T12:00:00Z,0.0,-11.875,316.125,NaN,NaN
1988-04-01T12:00:00Z,0.0,-11.875,320.125,NaN,NaN
1988-04-01T12:00:00Z,0.0,-11.875,324.125,28.96,0.78
1988-04-01T12:00:00Z,0.0,-11.875,328.125,28.84,0.9
1988-04-01T12:00:00Z,0.0,-11.875,332.125,28.56,1.0
1988-04-01T12:00:00Z,0.0,-11.875,336.125,27.8,0.57
1988-04-01T12:00:00Z,0.0,-11.875,340.125,27.37,0.43
1988-04-01T12:00:00Z,0.0,-11.875,344.125,27.2,0.56
1988-04-01T12:00:00Z,0.0,-11.875,348.125,26.4,-0.01
1988-04-01T12:00:00Z,0.0,-11.875,352.125,26.87,0.69
1988-04-01T12:00:00Z,0.0,-11.875,356.125,26.13,0.21
1988-04-01T12:00:00Z,0.0,-7.875,0.125,28.01,0.39
1988-04-01T12:00:00Z,0.0,-7.875,4.125,29.73,1.8
1988-04-01T12:00:00Z,0.0,-7.875,8.125,29.97,1.53
1988-04-01T12:00:00Z,0.0,-7.875,12.125,28.93,0.48
1988-04-01T12:00:00Z,0.0,-7.875,16.125,NaN,NaN
1988-04-01T12:00:00Z,0.0,-7.875,20.125,NaN,NaN
1988-04-01T12:00:00Z,0.0,-7.875,24.125,NaN,NaN
1988-04-01T12:00:00Z,0.0,-7.875,28.125,NaN,NaN
1988-04-01T12:00:00Z,0.0,-7.875,32.125,NaN,NaN
1988-04-01T12:00:00Z,0.0,-7.875,36.125,NaN,NaN
1988-04-01T12:00:00Z,0.0,-7.875,40.125,30.04,0.79
1988-04-01T12:00:00Z,0.0,-7.875,44.125,29.5,0.26
1988-04-01T12:00:00Z,0.0,-7.875,48.125,29.41,0.22
1988-04-01T12:00:00Z,0.0,-7.875,52.125,28.46,-0.69
1988-04-01T12:00:00Z,0.0,-7.875,56.125,28.17,-0.8
1988-04-01T12:00:00Z,0.0,-7.875,60.125,28.44,-0.47
1988-04-01T12:00:00Z,0.0,-7.875,64.125,29.48,0.48
1988-04-01T12:00:00Z,0.0,-7.875,68.125,30.21,1.26
1988-04-01T12:00:00Z,0.0,-7.875,72.125,30.31,1.4
1988-04-01T12:00:00Z,0.0,-7.875,76.125,30.09,1.25
1988-04-01T12:00:00Z,0.0,-7.875,80.125,29.34,0.56
1988-04-01T12:00:00Z,0.0,-7.875,84.125,28.66,-0.06
1988-04-01T12:00:00Z,0.0,-7.875,88.125,28.56,-0.22
1988-04-01T12:00:00Z,0.0,-7.875,92.125,28.85,-0.06
1988-04-01T12:00:00Z,0.0,-7.875,96.125,28.87,-0.15
1988-04-01T12:00:00Z,0.0,-7.875,100.125,27.98,-1.08
1988-04-01T12:00:00Z,0.0,-7.875,104.125,28.37,-0.68
1988-04-01T12:00:00Z,0.0,-7.875,108.125,29.16,0.08
1988-04-01T12:00:00Z,0.0,-7.875,112.125,NaN,NaN
1988-04-01T12:00:00Z,0.0,-7.875,116.125,29.0,-0.06
1988-04-01T12:00:00Z,0.0,-7.875,120.125,28.25,-0.79
1988-04-01T12:00:00Z,0.0,-7.875,124.125,27.21,-1.82
1988-04-01T12:00:00Z,0.0,-7.875,128.125,27.54,-1.43
1988-04-01T12:00:00Z,0.0,-7.875,132.125,28.08,-0.9
1988-04-01T12:00:00Z,0.0,-7.875,136.125,28.73,-0.31
1988-04-01T12:00:00Z,0.0,-7.875,140.125,NaN,NaN
1988-04-01T12:00:00Z,0.0,-7.875,144.125,30.45,1.66
1988-04-01T12:00:00Z,0.0,-7.875,148.125,29.77,0.55
1988-04-01T12:00:00Z,0.0,-7.875,152.125,29.82,0.44
1988-04-01T12:00:00Z,0.0,-7.875,156.125,29.55,0.0
1988-04-01T12:00:00Z,0.0,-7.875,160.125,29.99,0.5
1988-04-01T12:00:00Z,0.0,-7.875,164.125,30.07,0.63
1988-04-01T12:00:00Z,0.0,-7.875,168.125,29.73,0.26
1988-04-01T12:00:00Z,0.0,-7.875,172.125,28.53,-0.93
1988-04-01T12:00:00Z,0.0,-7.875,176.125,29.48,0.07
1988-04-01T12:00:00Z,0.0,-7.875,180.125,29.26,-0.17
1988-04-01T12:00:00Z,0.0,-7.875,184.125,29.7,0.33
1988-04-01T12:00:00Z,0.0,-7.875,188.125,29.09,-0.26
1988-04-01T12:00:00Z,0.0,-7.875,192.125,29.64,0.38
1988-04-01T12:00:00Z,0.0,-7.875,196.125,29.6,0.44
1988-04-01T12:00:00Z,0.0,-7.875,200.125,29.43,0.34
1988-04-01T12:00:00Z,0.0,-7.875,204.125,30.05,1.05
1988-04-01T12:00:00Z,0.0,-7.875,208.125,30.39,1.54
1988-04-01T12:00:00Z,0.0,-7.875,212.125,29.74,1.03
1988-04-01T12:00:00Z,0.0,-7.875,216.125,29.36,0.84
1988-04-01T12:00:00Z,0.0,-7.875,220.125,28.6,0.23
1988-04-01T12:00:00Z,0.0,-7.875,224.125,27.57,-0.56
1988-04-01T12:00:00Z,0.0,-7.875,228.125,27.91,0.0
1988-04-01T12:00:00Z,0.0,-7.875,232.125,27.74,0.01
1988-04-01T12:00:00Z,0.0,-7.875,236.125,27.56,0.01
1988-04-01T12:00:00Z,0.0,-7.875,240.125,27.75,0.35
1988-04-01T12:00:00Z,0.0,-7.875,244.125,27.54,0.28
1988-04-01T12:00:00Z,0.0,-7.875,248.125,27.04,-0.05
1988-04-01T12:00:00Z,0.0,-7.875,252.125,27.21,0.25
1988-04-01T12:00:00Z,0.0,-7.875,256.125,27.09,0.25
1988-04-01T12:00:00Z,0.0,-7.875,260.125,27.12,0.27
1988-04-01T12:00:00Z,0.0,-7.875,264.125,27.23,0.32
1988-04-01T12:00:00Z,0.0,-7.875,268.125,27.16,0.1
1988-04-01T12:00:00Z,0.0,-7.875,272.125,27.19,0.13
1988-04-01T12:00:00Z,0.0,-7.875,276.125,25.4,-0.88
1988-04-01T12:00:00Z,0.0,-7.875,280.125,20.3,-2.12
1988-04-01T12:00:00Z,0.0,-7.875,284.125,NaN,NaN
1988-04-01T12:00:00Z,0.0,-7.875,288.125,NaN,NaN
1988-04-01T12:00:00Z,0.0,-7.875,292.125,NaN,NaN
1988-04-01T12:00:00Z,0.0,-7.875,296.125,NaN,NaN
1988-04-01T12:00:00Z,0.0,-7.875,300.125,NaN,NaN
1988-04-01T12:00:00Z,0.0,-7.875,304.125,NaN,NaN
1988-04-01T12:00:00Z,0.0,-7.875,308.125,NaN,NaN
1988-04-01T12:00:00Z,0.0,-7.875,312.125,NaN,NaN
1988-04-01T12:00:00Z,0.0,-7.875,316.125,NaN,NaN
1988-04-01T12:00:00Z,0.0,-7.875,320.125,NaN,NaN
1988-04-01T12:00:00Z,0.0,-7.875,324.125,NaN,NaN
1988-04-01T12:00:00Z,0.0,-7.875,328.125,29.79,1.5
1988-04-01T12:00:00Z,0.0,-7.875,332.125,28.73,0.62
1988-04-01T12:00:00Z,0.0,-7.875,336.125,28.62,0.67
1988-04-01T12:00:00Z,0.0,-7.875,340.125,28.34,0.51
1988-04-01T12:00:00Z,0.0,-7.875,344.125,28.17,0.5
1988-04-01T12:00:00Z,0.0,-7.875,348.125,27.55,-0.05
1988-04-01T12:00:00Z,0.0,-7.875,352.125,27.11,-0.42
1988-04-01T12:00:00Z,0.0,-7.875,356.125,27.95,0.36
1988-04-01T12:00:00Z,0.0,-3.875,0.125,29.45,1.03
1988-04-01T12:00:00Z,0.0,-3.875,4.125,29.97,1.39
1988-04-01T12:00:00Z,0.0,-3.875,8.125,29.56,1.05
1988-04-01T12:00:00Z,0.0,-3.875,12.125,NaN,NaN
1988-04-01T12:00:00Z,0.0,-3.875,16.125,NaN,NaN
1988-04-01T12:00:00Z,0.0,-3.875,20.125,NaN,NaN
1988-04-01T12:00:00Z,0.0,-3.875,24.125,NaN,NaN
1988-04-01T12:00:00Z,0.0,-3.875,28.125,NaN,NaN
1988-04-01T12:00:00Z,0.0,-3.875,32.125,NaN,NaN
1988-04-01T12:00:00Z,0.0,-3.875,36.125,NaN,NaN
1988-04-01T12:00:00Z,0.0,-3.875,40.125,29.76,0.82
1988-04-01T12:00:00Z,0.0,-3.875,44.125,29.57,0.68
1988-04-01T12:00:00Z,0.0,-3.875,48.125,29.74,0.4
1988-04-01T12:00:00Z,0.0,-3.875,52.125,29.73,0.31
1988-04-01T12:00:00Z,0.0,-3.875,56.125,29.35,-0.05
1988-04-01T12:00:00Z,0.0,-3.875,60.125,29.04,-0.31
1988-04-01T12:00:00Z,0.0,-3.875,64.125,28.95,-0.4
1988-04-01T12:00:00Z,0.0,-3.875,68.125,29.4,0.1
1988-04-01T12:00:00Z,0.0,-3.875,72.125,29.26,0.04
1988-04-01T12:00:00Z,0.0,-3.875,76.125,29.0,-0.14
1988-04-01T12:00:00Z,0.0,-3.875,80.125,28.85,-0.31
1988-04-01T12:00:00Z,0.0,-3.875,84.125,28.31,-0.83
1988-04-01T12:00:00Z,0.0,-3.875,88.125,28.7,-0.47
1988-04-01T12:00:00Z,0.0,-3.875,92.125,28.48,-0.73
1988-04-01T12:00:00Z,0.0,-3.875,96.125,28.78,-0.48
1988-04-01T12:00:00Z,0.0,-3.875,100.125,28.18,-1.24
1988-04-01T12:00:00Z,0.0,-3.875,104.125,NaN,NaN
1988-04-01T12:00:00Z,0.0,-3.875,108.125,29.79,0.57
1988-04-01T12:00:00Z,0.0,-3.875,112.125,30.0,0.67
1988-04-01T12:00:00Z,0.0,-3.875,116.125,30.36,1.03
1988-04-01T12:00:00Z,0.0,-3.875,120.125,NaN,NaN
1988-04-01T12:00:00Z,0.0,-3.875,124.125,29.8,0.42
1988-04-01T12:00:00Z,0.0,-3.875,128.125,28.86,-0.33
1988-04-01T12:00:00Z,0.0,-3.875,132.125,29.37,0.09
1988-04-01T12:00:00Z,0.0,-3.875,136.125,NaN,NaN
1988-04-01T12:00:00Z,0.0,-3.875,140.125,NaN,NaN
1988-04-01T12:00:00Z,0.0,-3.875,144.125,NaN,NaN
1988-04-01T12:00:00Z,0.0,-3.875,148.125,29.44,0.15
1988-04-01T12:00:00Z,0.0,-3.875,152.125,30.14,0.54
1988-04-01T12:00:00Z,0.0,-3.875,156.125,30.14,0.67
1988-04-01T12:00:00Z,0.0,-3.875,160.125,30.26,0.82
1988-04-01T12:00:00Z,0.0,-3.875,164.125,29.76,0.38
1988-04-01T12:00:00Z,0.0,-3.875,168.125,29.27,-0.04
1988-04-01T12:00:00Z,0.0,-3.875,172.125,29.47,0.28
1988-04-01T12:00:00Z,0.0,-3.875,176.125,28.67,-0.45
1988-04-01T12:00:00Z,0.0,-3.875,180.125,29.58,0.52
1988-04-01T12:00:00Z,0.0,-3.875,184.125,29.36,0.46
1988-04-01T12:00:00Z,0.0,-3.875,188.125,29.07,0.32
1988-04-01T12:00:00Z,0.0,-3.875,192.125,29.33,0.75
1988-04-01T12:00:00Z,0.0,-3.875,196.125,29.04,0.57
1988-04-01T12:00:00Z,0.0,-3.875,200.125,29.24,0.92
1988-04-01T12:00:00Z,0.0,-3.875,204.125,28.34,0.12
1988-04-01T12:00:00Z,0.0,-3.875,208.125,29.16,1.02
1988-04-01T12:00:00Z,0.0,-3.875,212.125,29.23,1.17
1988-04-01T12:00:00Z,0.0,-3.875,216.125,28.45,0.47
1988-04-01T12:00:00Z,0.0,-3.875,220.125,28.91,1.02
1988-04-01T12:00:00Z,0.0,-3.875,224.125,28.53,0.69
1988-04-01T12:00:00Z,0.0,-3.875,228.125,28.51,0.7
1988-04-01T12:00:00Z,0.0,-3.875,232.125,27.91,0.21
1988-04-01T12:00:00Z,0.0,-3.875,236.125,28.46,0.82
1988-04-01T12:00:00Z,0.0,-3.875,240.125,28.0,0.41
1988-04-01T12:00:00Z,0.0,-3.875,244.125,26.7,-0.75
1988-04-01T12:00:00Z,0.0,-3.875,248.125,27.97,0.56
1988-04-01T12:00:00Z,0.0,-3.875,252.125,27.09,-0.18
1988-04-01T12:00:00Z,0.0,-3.875,256.125,26.97,-0.26
1988-04-01T12:00:00Z,0.0,-3.875,260.125,27.18,-0.08
1988-04-01T12:00:00Z,0.0,-3.875,264.125,27.53,0.22
1988-04-01T12:00:00Z,0.0,-3.875,268.125,27.44,0.23
1988-04-01T12:00:00Z,0.0,-3.875,272.125,27.07,-0.23
1988-04-01T12:00:00Z,0.0,-3.875,276.125,22.97,-2.03
1988-04-01T12:00:00Z,0.0,-3.875,280.125,NaN,NaN
1988-04-01T12:00:00Z,0.0,-3.875,284.125,NaN,NaN
1988-04-01T12:00:00Z,0.0,-3.875,288.125,NaN,NaN
1988-04-01T12:00:00Z,0.0,-3.875,292.125,NaN,NaN
1988-04-01T12:00:00Z,0.0,-3.875,296.125,NaN,NaN
1988-04-01T12:00:00Z,0.0,-3.875,300.125,NaN,NaN
1988-04-01T12:00:00Z,0.0,-3.875,304.125,NaN,NaN
1988-04-01T12:00:00Z,0.0,-3.875,308.125,NaN,NaN
1988-04-01T12:00:00Z,0.0,-3.875,312.125,NaN,NaN
1988-04-01T12:00:00Z,0.0,-3.875,316.125,NaN,NaN
1988-04-01T12:00:00Z,0.0,-3.875,320.125,NaN,NaN
1988-04-01T12:00:00Z,0.0,-3.875,324.125,28.6,0.26
1988-04-01T12:00:00Z,0.0,-3.875,328.125,28.24,-0.15
1988-04-01T12:00:00Z,0.0,-3.875,332.125,28.11,-0.32
1988-04-01T12:00:00Z,0.0,-3.875,336.125,27.89,-0.47
1988-04-01T12:00:00Z,0.0,-3.875,340.125,28.18,-0.09
1988-04-01T12:00:00Z,0.0,-3.875,344.125,27.02,-1.14
1988-04-01T12:00:00Z,0.0,-3.875,348.125,27.51,-0.65
1988-04-01T12:00:00Z,0.0,-3.875,352.125,28.07,-0.2
1988-04-01T12:00:00Z,0.0,-3.875,356.125,29.26,0.92
1988-04-01T12:00:00Z,0.0,0.125,0.125,30.1,1.08
1988-04-01T12:00:00Z,0.0,0.125,4.125,30.0,1.07
1988-04-01T12:00:00Z,0.0,0.125,8.125,29.28,0.49
1988-04-01T12:00:00Z,0.0,0.125,12.125,NaN,NaN
1988-04-01T12:00:00Z,0.0,0.125,16.125,NaN,NaN
1988-04-01T12:00:00Z,0.0,0.125,20.125,NaN,NaN
1988-04-01T12:00:00Z,0.0,0.125,24.125,NaN,NaN
1988-04-01T12:00:00Z,0.0,0.125,28.125,NaN,NaN
1988-04-01T12:00:00Z,0.0,0.125,32.125,NaN,NaN
1988-04-01T12:00:00Z,0.0,0.125,36.125,NaN,NaN
1988-04-01T12:00:00Z,0.0,0.125,40.125,NaN,NaN
1988-04-01T12:00:00Z,0.0,0.125,44.125,28.95,0.66
1988-04-01T12:00:00Z,0.0,0.125,48.125,29.38,0.75
1988-04-01T12:00:00Z,0.0,0.125,52.125,30.06,1.16
1988-04-01T12:00:00Z,0.0,0.125,56.125,29.74,0.56
1988-04-01T12:00:00Z,0.0,0.125,60.125,29.85,0.45
1988-04-01T12:00:00Z,0.0,0.125,64.125,30.35,0.92
1988-04-01T12:00:00Z,0.0,0.125,68.125,30.28,0.87
1988-04-01T12:00:00Z,0.0,0.125,72.125,29.9,0.51
1988-04-01T12:00:00Z,0.0,0.125,76.125,29.63,0.18
1988-04-01T12:00:00Z,0.0,0.125,80.125,29.45,0.04
1988-04-01T12:00:00Z,0.0,0.125,84.125,29.47,0.08
1988-04-01T12:00:00Z,0.0,0.125,88.125,28.76,-0.61
1988-04-01T12:00:00Z,0.0,0.125,92.125,29.38,-0.01
1988-04-01T12:00:00Z,0.0,0.125,96.125,29.27,-0.16
1988-04-01T12:00:00Z,0.0,0.125,100.125,NaN,NaN
1988-04-01T12:00:00Z,0.0,0.125,104.125,28.68,-0.32
1988-04-01T12:00:00Z,0.0,0.125,108.125,29.13,0.17
1988-04-01T12:00:00Z,0.0,0.125,112.125,NaN,NaN
1988-04-01T12:00:00Z,0.0,0.125,116.125,NaN,NaN
1988-04-01T12:00:00Z,0.0,0.125,120.125,29.75,0.84
1988-04-01T12:00:00Z,0.0,0.125,124.125,29.46,0.4
1988-04-01T12:00:00Z,0.0,0.125,128.125,29.87,0.88
1988-04-01T12:00:00Z,0.0,0.125,132.125,28.81,-0.18
1988-04-01T12:00:00Z,0.0,0.125,136.125,29.45,0.45
1988-04-01T12:00:00Z,0.0,0.125,140.125,29.22,0.07
1988-04-01T12:00:00Z,0.0,0.125,144.125,30.16,0.89
1988-04-01T12:00:00Z,0.0,0.125,148.125,29.87,0.5
1988-04-01T12:00:00Z,0.0,0.125,152.125,29.64,0.27
1988-04-01T12:00:00Z,0.0,0.125,156.125,28.78,-0.51
1988-04-01T12:00:00Z,0.0,0.125,160.125,28.03,-1.07
1988-04-01T12:00:00Z,0.0,0.125,164.125,28.16,-0.72
1988-04-01T12:00:00Z,0.0,0.125,168.125,27.61,-1.01
1988-04-01T12:00:00Z,0.0,0.125,172.125,27.59,-0.79
1988-04-01T12:00:00Z,0.0,0.125,176.125,27.51,-0.78
1988-04-01T12:00:00Z,0.0,0.125,180.125,27.71,-0.36
1988-04-01T12:00:00Z,0.0,0.125,184.125,27.36,-0.52
1988-04-01T12:00:00Z,0.0,0.125,188.125,27.29,-0.39
1988-04-01T12:00:00Z,0.0,0.125,192.125,26.2,-1.26
1988-04-01T12:00:00Z,0.0,0.125,196.125,27.28,-0.03
1988-04-01T12:00:00Z,0.0,0.125,200.125,27.3,0.16
1988-04-01T12:00:00Z,0.0,0.125,204.125,26.12,-0.95
1988-04-01T12:00:00Z,0.0,0.125,208.125,26.1,-0.84
1988-04-01T12:00:00Z,0.0,0.125,212.125,26.16,-0.67
1988-04-01T12:00:00Z,0.0,0.125,216.125,25.43,-1.28
1988-04-01T12:00:00Z,0.0,0.125,220.125,26.17,-0.5
1988-04-01T12:00:00Z,0.0,0.125,224.125,26.83,0.16
1988-04-01T12:00:00Z,0.0,0.125,228.125,25.65,-0.98
1988-04-01T12:00:00Z,0.0,0.125,232.125,25.36,-1.23
1988-04-01T12:00:00Z,0.0,0.125,236.125,24.75,-1.68
1988-04-01T12:00:00Z,0.0,0.125,240.125,23.18,-3.23
1988-04-01T12:00:00Z,0.0,0.125,244.125,23.3,-3.09
1988-04-01T12:00:00Z,0.0,0.125,248.125,23.82,-2.55
1988-04-01T12:00:00Z,0.0,0.125,252.125,25.39,-1.01
1988-04-01T12:00:00Z,0.0,0.125,256.125,25.39,-1.14
1988-04-01T12:00:00Z,0.0,0.125,260.125,26.18,-0.51
1988-04-01T12:00:00Z,0.0,0.125,264.125,25.14,-1.53
1988-04-01T12:00:00Z,0.0,0.125,268.125,23.7,-2.45
1988-04-01T12:00:00Z,0.0,0.125,272.125,23.66,-2.22
1988-04-01T12:00:00Z,0.0,0.125,276.125,22.77,-2.61
1988-04-01T12:00:00Z,0.0,0.125,280.125,NaN,NaN
1988-04-01T12:00:00Z,0.0,0.125,284.125,NaN,NaN
1988-04-01T12:00:00Z,0.0,0.125,288.125,NaN,NaN
1988-04-01T12:00:00Z,0.0,0.125,292.125,NaN,NaN
1988-04-01T12:00:00Z,0.0,0.125,296.125,NaN,NaN
1988-04-01T12:00:00Z,0.0,0.125,300.125,NaN,NaN
1988-04-01T12:00:00Z,0.0,0.125,304.125,NaN,NaN
1988-04-01T12:00:00Z,0.0,0.125,308.125,NaN,NaN
1988-04-01T12:00:00Z,0.0,0.125,312.125,27.68,-0.26
1988-04-01T12:00:00Z,0.0,0.125,316.125,28.03,-0.01
1988-04-01T12:00:00Z,0.0,0.125,320.125,27.8,-0.06
1988-04-01T12:00:00Z,0.0,0.125,324.125,27.33,-0.52
1988-04-01T12:00:00Z,0.0,0.125,328.125,28.03,0.06
1988-04-01T12:00:00Z,0.0,0.125,332.125,27.9,-0.19
1988-04-01T12:00:00Z,0.0,0.125,336.125,27.72,-0.45
1988-04-01T12:00:00Z,0.0,0.125,340.125,27.51,-0.72
1988-04-01T12:00:00Z,0.0,0.125,344.125,27.76,-0.51
1988-04-01T12:00:00Z,0.0,0.125,348.125,27.9,-0.41
1988-04-01T12:00:00Z,0.0,0.125,352.125,28.07,-0.48
1988-04-01T12:00:00Z,0.0,0.125,356.125,29.72,0.9
1988-04-01T12:00:00Z,0.0,4.125,0.125,28.16,-0.81
1988-04-01T12:00:00Z,0.0,4.125,4.125,29.17,0.02
1988-04-01T12:00:00Z,0.0,4.125,8.125,29.07,-0.01
1988-04-01T12:00:00Z,0.0,4.125,12.125,NaN,NaN
1988-04-01T12:00:00Z,0.0,4.125,16.125,NaN,NaN
1988-04-01T12:00:00Z,0.0,4.125,20.125,NaN,NaN
1988-04-01T12:00:00Z,0.0,4.125,24.125,NaN,NaN
1988-04-01T12:00:00Z,0.0,4.125,28.125,NaN,NaN
1988-04-01T12:00:00Z,0.0,4.125,32.125,NaN,NaN
1988-04-01T12:00:00Z,0.0,4.125,36.125,NaN,NaN
1988-04-01T12:00:00Z,0.0,4.125,40.125,NaN,NaN
1988-04-01T12:00:00Z,0.0,4.125,44.125,NaN,NaN
1988-04-01T12:00:00Z,0.0,4.125,48.125,29.27,0.51
1988-04-01T12:00:00Z,0.0,4.125,52.125,29.63,0.51
1988-04-01T12:00:00Z,0.0,4.125,56.125,29.96,0.64
1988-04-01T12:00:00Z,0.0,4.125,60.125,30.36,1.0
1988-04-01T12:00:00Z,0.0,4.125,64.125,29.83,0.4
1988-04-01T12:00:00Z,0.0,4.125,68.125,29.81,0.39
1988-04-01T12:00:00Z,0.0,4.125,72.125,29.8,0.47
1988-04-01T12:00:00Z,0.0,4.125,76.125,29.6,0.2
1988-04-01T12:00:00Z,0.0,4.125,80.125,29.74,0.43
1988-04-01T12:00:00Z,0.0,4.125,84.125,30.17,0.79
1988-04-01T12:00:00Z,0.0,4.125,88.125,30.13,0.76
1988-04-01T12:00:00Z,0.0,4.125,92.125,29.87,0.54
1988-04-01T12:00:00Z,0.0,4.125,96.125,30.94,1.48
1988-04-01T12:00:00Z,0.0,4.125,100.125,30.06,0.48
1988-04-01T12:00:00Z,0.0,4.125,104.125,29.34,0.69
1988-04-01T12:00:00Z,0.0,4.125,108.125,28.43,-0.1
1988-04-01T12:00:00Z,0.0,4.125,112.125,28.35,-0.21
1988-04-01T12:00:00Z,0.0,4.125,116.125,NaN,NaN
1988-04-01T12:00:00Z,0.0,4.125,120.125,29.57,0.83
1988-04-01T12:00:00Z,0.0,4.125,124.125,28.38,-0.19
1988-04-01T12:00:00Z,0.0,4.125,128.125,28.39,-0.09
1988-04-01T12:00:00Z,0.0,4.125,132.125,29.0,0.23
1988-04-01T12:00:00Z,0.0,4.125,136.125,28.54,-0.37
1988-04-01T12:00:00Z,0.0,4.125,140.125,29.08,0.06
1988-04-01T12:00:00Z,0.0,4.125,144.125,29.08,-0.02
1988-04-01T12:00:00Z,0.0,4.125,148.125,29.21,0.0
1988-04-01T12:00:00Z,0.0,4.125,152.125,27.71,-1.52
1988-04-01T12:00:00Z,0.0,4.125,156.125,29.21,0.01
1988-04-01T12:00:00Z,0.0,4.125,160.125,29.28,0.21
1988-04-01T12:00:00Z,0.0,4.125,164.125,28.34,-0.62
1988-04-01T12:00:00Z,0.0,4.125,168.125,29.56,0.73
1988-04-01T12:00:00Z,0.0,4.125,172.125,28.4,-0.24
1988-04-01T12:00:00Z,0.0,4.125,176.125,28.31,-0.26
1988-04-01T12:00:00Z,0.0,4.125,180.125,28.45,0.02
1988-04-01T12:00:00Z,0.0,4.125,184.125,29.06,0.74
1988-04-01T12:00:00Z,0.0,4.125,188.125,27.26,-0.87
1988-04-01T12:00:00Z,0.0,4.125,192.125,27.78,-0.18
1988-04-01T12:00:00Z,0.0,4.125,196.125,27.11,-0.74
1988-04-01T12:00:00Z,0.0,4.125,200.125,27.63,-0.06
1988-04-01T12:00:00Z,0.0,4.125,204.125,27.95,0.4
1988-04-01T12:00:00Z,0.0,4.125,208.125,27.33,-0.09
1988-04-01T12:00:00Z,0.0,4.125,212.125,27.37,-0.05
1988-04-01T12:00:00Z,0.0,4.125,216.125,27.3,-0.11
1988-04-01T12:00:00Z,0.0,4.125,220.125,27.41,-0.05
1988-04-01T12:00:00Z,0.0,4.125,224.125,28.2,0.68
1988-04-01T12:00:00Z,0.0,4.125,228.125,27.87,0.28
1988-04-01T12:00:00Z,0.0,4.125,232.125,28.04,0.31
1988-04-01T12:00:00Z,0.0,4.125,236.125,27.98,0.15
1988-04-01T12:00:00Z,0.0,4.125,240.125,27.47,-0.45
1988-04-01T12:00:00Z,0.0,4.125,244.125,28.18,0.15
1988-04-01T12:00:00Z,0.0,4.125,248.125,28.24,0.11
1988-04-01T12:00:00Z,0.0,4.125,252.125,28.44,0.33
1988-04-01T12:00:00Z,0.0,4.125,256.125,27.84,-0.27
1988-04-01T12:00:00Z,0.0,4.125,260.125,28.35,0.08
1988-04-01T12:00:00Z,0.0,4.125,264.125,28.93,0.51
1988-04-01T12:00:00Z,0.0,4.125,268.125,29.33,0.63
1988-04-01T12:00:00Z,0.0,4.125,272.125,28.62,-0.27
1988-04-01T12:00:00Z,0.0,4.125,276.125,28.28,-0.18
1988-04-01T12:00:00Z,0.0,4.125,280.125,24.59,-1.86
1988-04-01T12:00:00Z,0.0,4.125,284.125,NaN,NaN
1988-04-01T12:00:00Z,0.0,4.125,288.125,NaN,NaN
1988-04-01T12:00:00Z,0.0,4.125,292.125,NaN,NaN
1988-04-01T12:00:00Z,0.0,4.125,296.125,NaN,NaN
1988-04-01T12:00:00Z,0.0,4.125,300.125,NaN,NaN
1988-04-01T12:00:00Z,0.0,4.125,304.125,NaN,NaN
1988-04-01T12:00:00Z,0.0,4.125,308.125,NaN,NaN
1988-04-01T12:00:00Z,0.0,4.125,312.125,27.14,-0.31
1988-04-01T12:00:00Z,0.0,4.125,316.125,26.27,-0.91
1988-04-01T12:00:00Z,0.0,4.125,320.125,26.23,-0.98
1988-04-01T12:00:00Z,0.0,4.125,324.125,26.38,-0.89
1988-04-01T12:00:00Z,0.0,4.125,328.125,26.88,-0.56
1988-04-01T12:00:00Z,0.0,4.125,332.125,28.03,0.33
1988-04-01T12:00:00Z,0.0,4.125,336.125,28.55,0.54
1988-04-01T12:00:00Z,0.0,4.125,340.125,28.39,-0.09
1988-04-01T12:00:00Z,0.0,4.125,344.125,29.04,-0.07
1988-04-01T12:00:00Z,0.0,4.125,348.125,28.8,-0.32
1988-04-01T12:00:00Z,0.0,4.125,352.125,28.05,-0.78
1988-04-01T12:00:00Z,0.0,4.125,356.125,27.95,-0.9
1988-04-01T12:00:00Z,0.0,8.125,0.125,NaN,NaN
1988-04-01T12:00:00Z,0.0,8.125,4.125,NaN,NaN
1988-04-01T12:00:00Z,0.0,8.125,8.125,NaN,NaN
1988-04-01T12:00:00Z,0.0,8.125,12.125,NaN,NaN
1988-04-01T12:00:00Z,0.0,8.125,16.125,NaN,NaN
1988-04-01T12:00:00Z,0.0,8.125,20.125,NaN,NaN
1988-04-01T12:00:00Z,0.0,8.125,24.125,NaN,NaN
1988-04-01T12:00:00Z,0.0,8.125,28.125,NaN,NaN
1988-04-01T12:00:00Z,0.0,8.125,32.125,NaN,NaN
1988-04-01T12:00:00Z,0.0,8.125,36.125,NaN,NaN
1988-04-01T12:00:00Z,0.0,8.125,40.125,NaN,NaN
1988-04-01T12:00:00Z,0.0,8.125,44.125,NaN,NaN
1988-04-01T12:00:00Z,0.0,8.125,48.125,NaN,NaN
1988-04-01T12:00:00Z,0.0,8.125,52.125,29.24,0.81
1988-04-01T12:00:00Z,0.0,8.125,56.125,28.66,0.11
1988-04-01T12:00:00Z,0.0,8.125,60.125,28.42,-0.3
1988-04-01T12:00:00Z,0.0,8.125,64.125,29.16,0.14
1988-04-01T12:00:00Z,0.0,8.125,68.125,30.4,1.08
1988-04-01T12:00:00Z,0.0,8.125,72.125,29.56,0.08
1988-04-01T12:00:00Z,0.0,8.125,76.125,29.28,-0.26
1988-04-01T12:00:00Z,0.0,8.125,80.125,NaN,NaN
1988-04-01T12:00:00Z,0.0,8.125,84.125,29.86,0.62
1988-04-01T12:00:00Z,0.0,8.125,88.125,29.92,0.7
1988-04-01T12:00:00Z,0.0,8.125,92.125,30.15,0.9
1988-04-01T12:00:00Z,0.0,8.125,96.125,30.7,1.31
1988-04-01T12:00:00Z,0.0,8.125,100.125,NaN,NaN
1988-04-01T12:00:00Z,0.0,8.125,104.125,29.03,0.32
1988-04-01T12:00:00Z,0.0,8.125,108.125,28.5,0.52
1988-04-01T12:00:00Z,0.0,8.125,112.125,27.71,-0.67
1988-04-01T12:00:00Z,0.0,8.125,116.125,28.75,0.37
1988-04-01T12:00:00Z,0.0,8.125,120.125,28.09,-0.26
1988-04-01T12:00:00Z,0.0,8.125,124.125,NaN,NaN
1988-04-01T12:00:00Z,0.0,8.125,128.125,28.17,-0.13
1988-04-01T12:00:00Z,0.0,8.125,132.125,28.72,0.38
1988-04-01T12:00:00Z,0.0,8.125,136.125,27.95,-0.4
1988-04-01T12:00:00Z,0.0,8.125,140.125,28.04,-0.36
1988-04-01T12:00:00Z,0.0,8.125,144.125,28.9,0.48
1988-04-01T12:00:00Z,0.0,8.125,148.125,28.3,-0.17
1988-04-01T12:00:00Z,0.0,8.125,152.125,29.04,0.56
1988-04-01T12:00:00Z,0.0,8.125,156.125,29.06,0.58
1988-04-01T12:00:00Z,0.0,8.125,160.125,29.21,0.79
1988-04-01T12:00:00Z,0.0,8.125,164.125,28.41,0.06
1988-04-01T12:00:00Z,0.0,8.125,168.125,28.08,-0.11
1988-04-01T12:00:00Z,0.0,8.125,172.125,28.04,-0.04
1988-04-01T12:00:00Z,0.0,8.125,176.125,28.0,-0.01
1988-04-01T12:00:00Z,0.0,8.125,180.125,27.94,0.02
1988-04-01T12:00:00Z,0.0,8.125,184.125,27.83,-0.03
1988-04-01T12:00:00Z,0.0,8.125,188.125,28.42,0.66
1988-04-01T12:00:00Z,0.0,8.125,192.125,27.84,0.18
1988-04-01T12:00:00Z,0.0,8.125,196.125,27.5,-0.04
1988-04-01T12:00:00Z,0.0,8.125,200.125,27.4,0.02
1988-04-01T12:00:00Z,0.0,8.125,204.125,27.67,0.41
1988-04-01T12:00:00Z,0.0,8.125,208.125,27.52,0.34
1988-04-01T12:00:00Z,0.0,8.125,212.125,27.03,-0.08
1988-04-01T12:00:00Z,0.0,8.125,216.125,26.63,-0.39
1988-04-01T12:00:00Z,0.0,8.125,220.125,26.62,-0.41
1988-04-01T12:00:00Z,0.0,8.125,224.125,26.83,-0.22
1988-04-01T12:00:00Z,0.0,8.125,228.125,27.2,0.05
1988-04-01T12:00:00Z,0.0,8.125,232.125,27.92,0.62
1988-04-01T12:00:00Z,0.0,8.125,236.125,28.36,0.92
1988-04-01T12:00:00Z,0.0,8.125,240.125,27.89,0.26
1988-04-01T12:00:00Z,0.0,8.125,244.125,27.95,0.04
1988-04-01T12:00:00Z,0.0,8.125,248.125,28.46,0.32
1988-04-01T12:00:00Z,0.0,8.125,252.125,28.26,-0.05
1988-04-01T12:00:00Z,0.0,8.125,256.125,27.98,-0.43
1988-04-01T12:00:00Z,0.0,8.125,260.125,28.31,-0.07
1988-04-01T12:00:00Z,0.0,8.125,264.125,27.66,-0.65
1988-04-01T12:00:00Z,0.0,8.125,268.125,26.82,-1.15
1988-04-01T12:00:00Z,0.0,8.125,272.125,29.24,0.91
1988-04-01T12:00:00Z,0.0,8.125,276.125,30.37,0.93
1988-04-01T12:00:00Z,0.0,8.125,280.125,25.19,-1.67
1988-04-01T12:00:00Z,0.0,8.125,284.125,NaN,NaN
1988-04-01T12:00:00Z,0.0,8.125,288.125,NaN,NaN
1988-04-01T12:00:00Z,0.0,8.125,292.125,NaN,NaN
1988-04-01T12:00:00Z,0.0,8.125,296.125,NaN,NaN
1988-04-01T12:00:00Z,0.0,8.125,300.125,NaN,NaN
1988-04-01T12:00:00Z,0.0,8.125,304.125,26.77,-0.22
1988-04-01T12:00:00Z,0.0,8.125,308.125,26.49,-0.63
1988-04-01T12:00:00Z,0.0,8.125,312.125,26.19,-0.52
1988-04-01T12:00:00Z,0.0,8.125,316.125,25.74,-1.07
1988-04-01T12:00:00Z,0.0,8.125,320.125,26.27,-0.27
1988-04-01T12:00:00Z,0.0,8.125,324.125,26.46,0.14
1988-04-01T12:00:00Z,0.0,8.125,328.125,25.64,-0.52
1988-04-01T12:00:00Z,0.0,8.125,332.125,25.65,-0.37
1988-04-01T12:00:00Z,0.0,8.125,336.125,26.32,0.37
1988-04-01T12:00:00Z,0.0,8.125,340.125,27.34,1.37
1988-04-01T12:00:00Z,0.0,8.125,344.125,26.89,0.17
1988-04-01T12:00:00Z,0.0,8.125,348.125,NaN,NaN
1988-04-01T12:00:00Z,0.0,8.125,352.125,NaN,NaN
1988-04-01T12:00:00Z,0.0,8.125,356.125,NaN,NaN
1988-04-01T12:00:00Z,0.0,12.125,0.125,NaN,NaN
1988-04-01T12:00:00Z,0.0,12.125,4.125,NaN,NaN
1988-04-01T12:00:00Z,0.0,12.125,8.125,NaN,NaN
1988-04-01T12:00:00Z,0.0,12.125,12.125,NaN,NaN
1988-04-01T12:00:00Z,0.0,12.125,16.125,NaN,NaN
1988-04-01T12:00:00Z,0.0,12.125,20.125,NaN,NaN
1988-04-01T12:00:00Z,0.0,12.125,24.125,NaN,NaN
1988-04-01T12:00:00Z,0.0,12.125,28.125,NaN,NaN
1988-04-01T12:00:00Z,0.0,12.125,32.125,NaN,NaN
1988-04-01T12:00:00Z,0.0,12.125,36.125,NaN,NaN
1988-04-01T12:00:00Z,0.0,12.125,40.125,NaN,NaN
1988-04-01T12:00:00Z,0.0,12.125,44.125,27.43,-0.09
1988-04-01T12:00:00Z,0.0,12.125,48.125,28.02,0.69
1988-04-01T12:00:00Z,0.0,12.125,52.125,28.62,0.74
1988-04-01T12:00:00Z,0.0,12.125,56.125,28.61,0.67
1988-04-01T12:00:00Z,0.0,12.125,60.125,27.98,0.02
1988-04-01T12:00:00Z,0.0,12.125,64.125,28.76,0.4
1988-04-01T12:00:00Z,0.0,12.125,68.125,28.65,-0.09
1988-04-01T12:00:00Z,0.0,12.125,72.125,28.88,-0.23
1988-04-01T12:00:00Z,0.0,12.125,76.125,NaN,NaN
1988-04-01T12:00:00Z,0.0,12.125,80.125,30.11,1.13
1988-04-01T12:00:00Z,0.0,12.125,84.125,29.13,0.16
1988-04-01T12:00:00Z,0.0,12.125,88.125,29.14,0.18
1988-04-01T12:00:00Z,0.0,12.125,92.125,27.95,-1.12
1988-04-01T12:00:00Z,0.0,12.125,96.125,29.1,-0.36
1988-04-01T12:00:00Z,0.0,12.125,100.125,30.06,0.73
1988-04-01T12:00:00Z,0.0,12.125,104.125,NaN,NaN
1988-04-01T12:00:00Z,0.0,12.125,108.125,NaN,NaN
1988-04-01T12:00:00Z,0.0,12.125,112.125,28.45,0.41
1988-04-01T12:00:00Z,0.0,12.125,116.125,28.52,0.14
1988-04-01T12:00:00Z,0.0,12.125,120.125,29.12,0.88
1988-04-01T12:00:00Z,0.0,12.125,124.125,27.71,-0.05
1988-04-01T12:00:00Z,0.0,12.125,128.125,27.96,-0.1
1988-04-01T12:00:00Z,0.0,12.125,132.125,29.08,1.07
1988-04-01T12:00:00Z,0.0,12.125,136.125,28.17,0.2
1988-04-01T12:00:00Z,0.0,12.125,140.125,27.78,-0.12
1988-04-01T12:00:00Z,0.0,12.125,144.125,27.79,-0.08
1988-04-01T12:00:00Z,0.0,12.125,148.125,27.75,-0.04
1988-04-01T12:00:00Z,0.0,12.125,152.125,27.51,-0.17
1988-04-01T12:00:00Z,0.0,12.125,156.125,27.44,-0.12
1988-04-01T12:00:00Z,0.0,12.125,160.125,27.08,-0.35
1988-04-01T12:00:00Z,0.0,12.125,164.125,27.04,-0.28
1988-04-01T12:00:00Z,0.0,12.125,168.125,26.74,-0.49
1988-04-01T12:00:00Z,0.0,12.125,172.125,26.7,-0.4
1988-04-01T12:00:00Z,0.0,12.125,176.125,26.86,-0.08
1988-04-01T12:00:00Z,0.0,12.125,180.125,26.78,-0.08
1988-04-01T12:00:00Z,0.0,12.125,184.125,26.79,0.03
1988-04-01T12:00:00Z,0.0,12.125,188.125,26.81,0.14
1988-04-01T12:00:00Z,0.0,12.125,192.125,26.58,0.06
1988-04-01T12:00:00Z,0.0,12.125,196.125,26.15,-0.21
1988-04-01T12:00:00Z,0.0,12.125,200.125,25.87,-0.29
1988-04-01T12:00:00Z,0.0,12.125,204.125,25.87,-0.12
1988-04-01T12:00:00Z,0.0,12.125,208.125,25.63,-0.2
1988-04-01T12:00:00Z,0.0,12.125,212.125,26.14,0.49
1988-04-01T12:00:00Z,0.0,12.125,216.125,25.91,0.36
1988-04-01T12:00:00Z,0.0,12.125,220.125,25.7,0.25
1988-04-01T12:00:00Z,0.0,12.125,224.125,24.97,-0.47
1988-04-01T12:00:00Z,0.0,12.125,228.125,25.83,0.17
1988-04-01T12:00:00Z,0.0,12.125,232.125,26.6,0.57
1988-04-01T12:00:00Z,0.0,12.125,236.125,27.45,1.06
1988-04-01T12:00:00Z,0.0,12.125,240.125,27.1,0.28
1988-04-01T12:00:00Z,0.0,12.125,244.125,27.08,-0.06
1988-04-01T12:00:00Z,0.0,12.125,248.125,28.19,0.6
1988-04-01T12:00:00Z,0.0,12.125,252.125,28.69,0.6
1988-04-01T12:00:00Z,0.0,12.125,256.125,29.41,0.84
1988-04-01T12:00:00Z,0.0,12.125,260.125,29.0,0.14
1988-04-01T12:00:00Z,0.0,12.125,264.125,26.88,-1.65
1988-04-01T12:00:00Z,0.0,12.125,268.125,27.79,-1.06
1988-04-01T12:00:00Z,0.0,12.125,272.125,26.82,-0.89
1988-04-01T12:00:00Z,0.0,12.125,276.125,NaN,NaN
1988-04-01T12:00:00Z,0.0,12.125,280.125,26.91,-0.25
1988-04-01T12:00:00Z,0.0,12.125,284.125,26.54,0.01
1988-04-01T12:00:00Z,0.0,12.125,288.125,NaN,NaN
1988-04-01T12:00:00Z,0.0,12.125,292.125,26.57,0.34
1988-04-01T12:00:00Z,0.0,12.125,296.125,27.0,0.72
1988-04-01T12:00:00Z,0.0,12.125,300.125,27.2,0.35
1988-04-01T12:00:00Z,0.0,12.125,304.125,26.76,0.03
1988-04-01T12:00:00Z,0.0,12.125,308.125,25.48,-0.75
1988-04-01T12:00:00Z,0.0,12.125,312.125,25.71,-0.1
1988-04-01T12:00:00Z,0.0,12.125,316.125,24.78,-0.68
1988-04-01T12:00:00Z,0.0,12.125,320.125,24.63,-0.48
1988-04-01T12:00:00Z,0.0,12.125,324.125,24.39,-0.29
1988-04-01T12:00:00Z,0.0,12.125,328.125,24.76,0.21
1988-04-01T12:00:00Z,0.0,12.125,332.125,24.22,-0.14
1988-04-01T12:00:00Z,0.0,12.125,336.125,23.53,-0.16
1988-04-01T12:00:00Z,0.0,12.125,340.125,24.15,1.24
1988-04-01T12:00:00Z,0.0,12.125,344.125,NaN,NaN
1988-04-01T12:00:00Z,0.0,12.125,348.125,NaN,NaN
1988-04-01T12:00:00Z,0.0,12.125,352.125,NaN,NaN
1988-04-01T12:00:00Z,0.0,12.125,356.125,NaN,NaN
1988-04-01T12:00:00Z,0.0,16.125,0.125,NaN,NaN
1988-04-01T12:00:00Z,0.0,16.125,4.125,NaN,NaN
1988-04-01T12:00:00Z,0.0,16.125,8.125,NaN,NaN
1988-04-01T12:00:00Z,0.0,16.125,12.125,NaN,NaN
1988-04-01T12:00:00Z,0.0,16.125,16.125,NaN,NaN
1988-04-01T12:00:00Z,0.0,16.125,20.125,NaN,NaN
1988-04-01T12:00:00Z,0.0,16.125,24.125,NaN,NaN
1988-04-01T12:00:00Z,0.0,16.125,28.125,NaN,NaN
1988-04-01T12:00:00Z,0.0,16.125,32.125,NaN,NaN
1988-04-01T12:00:00Z,0.0,16.125,36.125,NaN,NaN
1988-04-01T12:00:00Z,0.0,16.125,40.125,27.89,0.62
1988-04-01T12:00:00Z,0.0,16.125,44.125,NaN,NaN
1988-04-01T12:00:00Z,0.0,16.125,48.125,NaN,NaN
1988-04-01T12:00:00Z,0.0,16.125,52.125,NaN,NaN
1988-04-01T12:00:00Z,0.0,16.125,56.125,26.76,-0.56
1988-04-01T12:00:00Z,0.0,16.125,60.125,26.56,-0.79
1988-04-01T12:00:00Z,0.0,16.125,64.125,27.56,0.01
1988-04-01T12:00:00Z,0.0,16.125,68.125,28.13,0.1
1988-04-01T12:00:00Z,0.0,16.125,72.125,27.57,-0.84
1988-04-01T12:00:00Z,0.0,16.125,76.125,NaN,NaN
1988-04-01T12:00:00Z,0.0,16.125,80.125,NaN,NaN
1988-04-01T12:00:00Z,0.0,16.125,84.125,28.13,-0.43
1988-04-01T12:00:00Z,0.0,16.125,88.125,28.37,-0.01
1988-04-01T12:00:00Z,0.0,16.125,92.125,27.29,-0.86
1988-04-01T12:00:00Z,0.0,16.125,96.125,28.7,-0.06
1988-04-01T12:00:00Z,0.0,16.125,100.125,NaN,NaN
1988-04-01T12:00:00Z,0.0,16.125,104.125,NaN,NaN
1988-04-01T12:00:00Z,0.0,16.125,108.125,NaN,NaN
1988-04-01T12:00:00Z,0.0,16.125,112.125,27.58,0.49
1988-04-01T12:00:00Z,0.0,16.125,116.125,28.56,1.14
1988-04-01T12:00:00Z,0.0,16.125,120.125,28.74,1.04
1988-04-01T12:00:00Z,0.0,16.125,124.125,28.43,0.79
1988-04-01T12:00:00Z,0.0,16.125,128.125,27.94,0.4
1988-04-01T12:00:00Z,0.0,16.125,132.125,27.48,0.01
1988-04-01T12:00:00Z,0.0,16.125,136.125,27.35,-0.13
1988-04-01T12:00:00Z,0.0,16.125,140.125,27.01,-0.48
1988-04-01T12:00:00Z,0.0,16.125,144.125,27.54,0.11
1988-04-01T12:00:00Z,0.0,16.125,148.125,28.55,1.21
1988-04-01T12:00:00Z,0.0,16.125,152.125,28.6,1.38
1988-04-01T12:00:00Z,0.0,16.125,156.125,28.31,1.23
1988-04-01T12:00:00Z,0.0,16.125,160.125,26.53,-0.38
1988-04-01T12:00:00Z,0.0,16.125,164.125,26.11,-0.62
1988-04-01T12:00:00Z,0.0,16.125,168.125,26.09,-0.48
1988-04-01T12:00:00Z,0.0,16.125,172.125,26.23,-0.22
1988-04-01T12:00:00Z,0.0,16.125,176.125,25.94,-0.38
1988-04-01T12:00:00Z,0.0,16.125,180.125,25.83,-0.37
1988-04-01T12:00:00Z,0.0,16.125,184.125,25.64,-0.41
1988-04-01T12:00:00Z,0.0,16.125,188.125,25.93,0.04
1988-04-01T12:00:00Z,0.0,16.125,192.125,25.82,0.18
1988-04-01T12:00:00Z,0.0,16.125,196.125,25.3,-0.13
1988-04-01T12:00:00Z,0.0,16.125,200.125,25.23,0.03
1988-04-01T12:00:00Z,0.0,16.125,204.125,24.82,-0.2
1988-04-01T12:00:00Z,0.0,16.125,208.125,24.45,-0.35
1988-04-01T12:00:00Z,0.0,16.125,212.125,24.53,-0.01
1988-04-01T12:00:00Z,0.0,16.125,216.125,24.27,0.02
1988-04-01T12:00:00Z,0.0,16.125,220.125,24.13,0.1
1988-04-01T12:00:00Z,0.0,16.125,224.125,22.77,-1.08
1988-04-01T12:00:00Z,0.0,16.125,228.125,24.42,0.55
1988-04-01T12:00:00Z,0.0,16.125,232.125,24.52,0.47
1988-04-01T12:00:00Z,0.0,16.125,236.125,24.89,0.52
1988-04-01T12:00:00Z,0.0,16.125,240.125,25.17,0.31
1988-04-01T12:00:00Z,0.0,16.125,244.125,24.98,-0.2
1988-04-01T12:00:00Z,0.0,16.125,248.125,26.63,0.79
1988-04-01T12:00:00Z,0.0,16.125,252.125,26.79,0.27
1988-04-01T12:00:00Z,0.0,16.125,256.125,26.43,-0.91
1988-04-01T12:00:00Z,0.0,16.125,260.125,28.05,-0.2
1988-04-01T12:00:00Z,0.0,16.125,264.125,NaN,NaN
1988-04-01T12:00:00Z,0.0,16.125,268.125,NaN,NaN
1988-04-01T12:00:00Z,0.0,16.125,272.125,26.77,-0.81
1988-04-01T12:00:00Z,0.0,16.125,276.125,27.26,-0.01
1988-04-01T12:00:00Z,0.0,16.125,280.125,26.58,-0.55
1988-04-01T12:00:00Z,0.0,16.125,284.125,26.72,-0.15
1988-04-01T12:00:00Z,0.0,16.125,288.125,26.68,-0.03
1988-04-01T12:00:00Z,0.0,16.125,292.125,26.51,-0.07
1988-04-01T12:00:00Z,0.0,16.125,296.125,26.03,-0.52
1988-04-01T12:00:00Z,0.0,16.125,300.125,26.3,0.01
1988-04-01T12:00:00Z,0.0,16.125,304.125,25.96,0.01
1988-04-01T12:00:00Z,0.0,16.125,308.125,25.27,-0.32
1988-04-01T12:00:00Z,0.0,16.125,312.125,24.7,-0.56
1988-04-01T12:00:00Z,0.0,16.125,316.125,24.44,-0.46
1988-04-01T12:00:00Z,0.0,16.125,320.125,24.66,0.24
1988-04-01T12:00:00Z,0.0,16.125,324.125,25.02,1.17
1988-04-01T12:00:00Z,0.0,16.125,328.125,24.09,0.78
1988-04-01T12:00:00Z,0.0,16.125,332.125,23.3,0.26
1988-04-01T12:00:00Z,0.0,16.125,336.125,23.7,1.24
1988-04-01T12:00:00Z,0.0,16.125,340.125,22.48,1.11
1988-04-01T12:00:00Z,0.0,16.125,344.125,NaN,NaN
1988-04-01T12:00:00Z,0.0,16.125,348.125,NaN,NaN
1988-04-01T12:00:00Z,0.0,16.125,352.125,NaN,NaN
1988-04-01T12:00:00Z,0.0,16.125,356.125,NaN,NaN
1988-04-01T12:00:00Z,0.0,20.125,0.125,NaN,NaN
1988-04-01T12:00:00Z,0.0,20.125,4.125,NaN,NaN
1988-04-01T12:00:00Z,0.0,20.125,8.125,NaN,NaN
1988-04-01T12:00:00Z,0.0,20.125,12.125,NaN,NaN
1988-04-01T12:00:00Z,0.0,20.125,16.125,NaN,NaN
1988-04-01T12:00:00Z,0.0,20.125,20.125,NaN,NaN
1988-04-01T12:00:00Z,0.0,20.125,24.125,NaN,NaN
1988-04-01T12:00:00Z,0.0,20.125,28.125,NaN,NaN
1988-04-01T12:00:00Z,0.0,20.125,32.125,NaN,NaN
1988-04-01T12:00:00Z,0.0,20.125,36.125,NaN,NaN
1988-04-01T12:00:00Z,0.0,20.125,40.125,27.76,0.88
1988-04-01T12:00:00Z,0.0,20.125,44.125,NaN,NaN
1988-04-01T12:00:00Z,0.0,20.125,48.125,NaN,NaN
1988-04-01T12:00:00Z,0.0,20.125,52.125,NaN,NaN
1988-04-01T12:00:00Z,0.0,20.125,56.125,NaN,NaN
1988-04-01T12:00:00Z,0.0,20.125,60.125,25.9,-0.61
1988-04-01T12:00:00Z,0.0,20.125,64.125,27.52,0.84
1988-04-01T12:00:00Z,0.0,20.125,68.125,27.13,0.23
1988-04-01T12:00:00Z,0.0,20.125,72.125,27.14,0.69
1988-04-01T12:00:00Z,0.0,20.125,76.125,NaN,NaN
1988-04-01T12:00:00Z,0.0,20.125,80.125,NaN,NaN
1988-04-01T12:00:00Z,0.0,20.125,84.125,NaN,NaN
1988-04-01T12:00:00Z,0.0,20.125,88.125,27.53,-0.18
1988-04-01T12:00:00Z,0.0,20.125,92.125,27.65,-0.05
1988-04-01T12:00:00Z,0.0,20.125,96.125,NaN,NaN
1988-04-01T12:00:00Z,0.0,20.125,100.125,NaN,NaN
1988-04-01T12:00:00Z,0.0,20.125,104.125,NaN,NaN
1988-04-01T12:00:00Z,0.0,20.125,108.125,19.61,-3.5
1988-04-01T12:00:00Z,0.0,20.125,112.125,23.98,-0.03
1988-04-01T12:00:00Z,0.0,20.125,116.125,24.27,-0.63
1988-04-01T12:00:00Z,0.0,20.125,120.125,26.65,0.4
1988-04-01T12:00:00Z,0.0,20.125,124.125,27.77,1.68
1988-04-01T12:00:00Z,0.0,20.125,128.125,26.97,0.85
1988-04-01T12:00:00Z,0.0,20.125,132.125,27.54,1.24
1988-04-01T12:00:00Z,0.0,20.125,136.125,27.04,0.69
1988-04-01T12:00:00Z,0.0,20.125,140.125,27.03,0.66
1988-04-01T12:00:00Z,0.0,20.125,144.125,26.9,0.5
1988-04-01T12:00:00Z,0.0,20.125,148.125,26.61,0.25
1988-04-01T12:00:00Z,0.0,20.125,152.125,26.66,0.3
1988-04-01T12:00:00Z,0.0,20.125,156.125,26.86,0.57
1988-04-01T12:00:00Z,0.0,20.125,160.125,26.3,0.21
1988-04-01T12:00:00Z,0.0,20.125,164.125,25.73,-0.25
1988-04-01T12:00:00Z,0.0,20.125,168.125,25.58,-0.23
1988-04-01T12:00:00Z,0.0,20.125,172.125,25.33,-0.34
1988-04-01T12:00:00Z,0.0,20.125,176.125,25.51,-0.1
1988-04-01T12:00:00Z,0.0,20.125,180.125,25.13,-0.34
1988-04-01T12:00:00Z,0.0,20.125,184.125,25.21,-0.1
1988-04-01T12:00:00Z,0.0,20.125,188.125,25.6,0.42
1988-04-01T12:00:00Z,0.0,20.125,192.125,24.89,-0.12
1988-04-01T12:00:00Z,0.0,20.125,196.125,25.08,0.2
1988-04-01T12:00:00Z,0.0,20.125,200.125,24.84,0.09
1988-04-01T12:00:00Z,0.0,20.125,204.125,24.51,0.2
1988-04-01T12:00:00Z,0.0,20.125,208.125,23.57,-0.28
1988-04-01T12:00:00Z,0.0,20.125,212.125,24.08,0.56
1988-04-01T12:00:00Z,0.0,20.125,216.125,23.04,-0.13
1988-04-01T12:00:00Z,0.0,20.125,220.125,22.45,-0.31
1988-04-01T12:00:00Z,0.0,20.125,224.125,22.25,-0.1
1988-04-01T12:00:00Z,0.0,20.125,228.125,22.66,0.68
1988-04-01T12:00:00Z,0.0,20.125,232.125,21.37,-0.33
1988-04-01T12:00:00Z,0.0,20.125,236.125,22.01,0.36
1988-04-01T12:00:00Z,0.0,20.125,240.125,20.99,-0.85
1988-04-01T12:00:00Z,0.0,20.125,244.125,21.9,-0.64
1988-04-01T12:00:00Z,0.0,20.125,248.125,23.42,0.17
1988-04-01T12:00:00Z,0.0,20.125,252.125,23.19,-0.77
1988-04-01T12:00:00Z,0.0,20.125,256.125,NaN,NaN
1988-04-01T12:00:00Z,0.0,20.125,260.125,NaN,NaN
1988-04-01T12:00:00Z,0.0,20.125,264.125,23.93,-0.58
1988-04-01T12:00:00Z,0.0,20.125,268.125,24.78,-0.74
1988-04-01T12:00:00Z,0.0,20.125,272.125,NaN,NaN
1988-04-01T12:00:00Z,0.0,20.125,276.125,26.33,-0.53
1988-04-01T12:00:00Z,0.0,20.125,280.125,26.28,-0.52
1988-04-01T12:00:00Z,0.0,20.125,284.125,NaN,NaN
1988-04-01T12:00:00Z,0.0,20.125,288.125,25.76,-0.45
1988-04-01T12:00:00Z,0.0,20.125,292.125,25.41,-0.48
1988-04-01T12:00:00Z,0.0,20.125,296.125,24.94,-0.73
1988-04-01T12:00:00Z,0.0,20.125,300.125,24.72,-0.7
1988-04-01T12:00:00Z,0.0,20.125,304.125,25.01,-0.16
1988-04-01T12:00:00Z,0.0,20.125,308.125,24.8,-0.06
1988-04-01T12:00:00Z,0.0,20.125,312.125,24.88,0.31
1988-04-01T12:00:00Z,0.0,20.125,316.125,23.86,-0.36
1988-04-01T12:00:00Z,0.0,20.125,320.125,23.19,-0.63
1988-04-01T12:00:00Z,0.0,20.125,324.125,22.88,-0.47
1988-04-01T12:00:00Z,0.0,20.125,328.125,23.48,0.64
1988-04-01T12:00:00Z,0.0,20.125,332.125,22.05,-0.17
1988-04-01T12:00:00Z,0.0,20.125,336.125,21.22,-0.26
1988-04-01T12:00:00Z,0.0,20.125,340.125,20.1,0.01
1988-04-01T12:00:00Z,0.0,20.125,344.125,NaN,NaN
1988-04-01T12:00:00Z,0.0,20.125,348.125,NaN,NaN
1988-04-01T12:00:00Z,0.0,20.125,352.125,NaN,NaN
1988-04-01T12:00:00Z,0.0,20.125,356.125,NaN,NaN
1988-04-01T12:00:00Z,0.0,24.125,0.125,NaN,NaN
1988-04-01T12:00:00Z,0.0,24.125,4.125,NaN,NaN
1988-04-01T12:00:00Z,0.0,24.125,8.125,NaN,NaN
1988-04-01T12:00:00Z,0.0,24.125,12.125,NaN,NaN
1988-04-01T12:00:00Z,0.0,24.125,16.125,NaN,NaN
1988-04-01T12:00:00Z,0.0,24.125,20.125,NaN,NaN
1988-04-01T12:00:00Z,0.0,24.125,24.125,NaN,NaN
1988-04-01T12:00:00Z,0.0,24.125,28.125,NaN,NaN
1988-04-01T12:00:00Z,0.0,24.125,32.125,NaN,NaN
1988-04-01T12:00:00Z,0.0,24.125,36.125,23.35,-0.79
1988-04-01T12:00:00Z,0.0,24.125,40.125,NaN,NaN
1988-04-01T12:00:00Z,0.0,24.125,44.125,NaN,NaN
1988-04-01T12:00:00Z,0.0,24.125,48.125,NaN,NaN
1988-04-01T12:00:00Z,0.0,24.125,52.125,20.17,-2.66
1988-04-01T12:00:00Z,0.0,24.125,56.125,NaN,NaN
1988-04-01T12:00:00Z,0.0,24.125,60.125,24.72,-0.76
1988-04-01T12:00:00Z,0.0,24.125,64.125,24.83,-0.55
1988-04-01T12:00:00Z,0.0,24.125,68.125,NaN,NaN
1988-04-01T12:00:00Z,0.0,24.125,72.125,NaN,NaN
1988-04-01T12:00:00Z,0.0,24.125,76.125,NaN,NaN
1988-04-01T12:00:00Z,0.0,24.125,80.125,NaN,NaN
1988-04-01T12:00:00Z,0.0,24.125,84.125,NaN,NaN
1988-04-01T12:00:00Z,0.0,24.125,88.125,NaN,NaN
1988-04-01T12:00:00Z,0.0,24.125,92.125,NaN,NaN
1988-04-01T12:00:00Z,0.0,24.125,96.125,NaN,NaN
1988-04-01T12:00:00Z,0.0,24.125,100.125,NaN,NaN
1988-04-01T12:00:00Z,0.0,24.125,104.125,NaN,NaN
1988-04-01T12:00:00Z,0.0,24.125,108.125,NaN,NaN
1988-04-01T12:00:00Z,0.0,24.125,112.125,NaN,NaN
1988-04-01T12:00:00Z,0.0,24.125,116.125,NaN,NaN
1988-04-01T12:00:00Z,0.0,24.125,120.125,22.29,0.56
1988-04-01T12:00:00Z,0.0,24.125,124.125,24.53,0.12
1988-04-01T12:00:00Z,0.0,24.125,128.125,24.6,1.1
1988-04-01T12:00:00Z,0.0,24.125,132.125,24.2,0.7
1988-04-01T12:00:00Z,0.0,24.125,136.125,23.45,-0.27
1988-04-01T12:00:00Z,0.0,24.125,140.125,24.34,0.34
1988-04-01T12:00:00Z,0.0,24.125,144.125,26.25,2.06
1988-04-01T12:00:00Z,0.0,24.125,148.125,25.99,1.74
1988-04-01T12:00:00Z,0.0,24.125,152.125,25.03,0.82
1988-04-01T12:00:00Z,0.0,24.125,156.125,25.02,0.89
1988-04-01T12:00:00Z,0.0,24.125,160.125,24.83,0.71
1988-04-01T12:00:00Z,0.0,24.125,164.125,24.91,0.79
1988-04-01T12:00:00Z,0.0,24.125,168.125,24.34,0.26
1988-04-01T12:00:00Z,0.0,24.125,172.125,24.18,0.14
1988-04-01T12:00:00Z,0.0,24.125,176.125,24.02,0.14
1988-04-01T12:00:00Z,0.0,24.125,180.125,24.01,0.23
1988-04-01T12:00:00Z,0.0,24.125,184.125,24.08,0.44
1988-04-01T12:00:00Z,0.0,24.125,188.125,24.56,1.0
1988-04-01T12:00:00Z,0.0,24.125,192.125,23.77,0.33
1988-04-01T12:00:00Z,0.0,24.125,196.125,23.2,-0.03
1988-04-01T12:00:00Z,0.0,24.125,200.125,23.35,0.24
1988-04-01T12:00:00Z,0.0,24.125,204.125,22.18,-0.67
1988-04-01T12:00:00Z,0.0,24.125,208.125,22.33,-0.29
1988-04-01T12:00:00Z,0.0,24.125,212.125,22.5,0.26
1988-04-01T12:00:00Z,0.0,24.125,216.125,21.5,-0.4
1988-04-01T12:00:00Z,0.0,24.125,220.125,21.39,0.01
1988-04-01T12:00:00Z,0.0,24.125,224.125,20.47,-0.39
1988-04-01T12:00:00Z,0.0,24.125,228.125,19.17,-1.14
1988-04-01T12:00:00Z,0.0,24.125,232.125,18.15,-1.57
1988-04-01T12:00:00Z,0.0,24.125,236.125,17.85,-1.3
1988-04-01T12:00:00Z,0.0,24.125,240.125,18.92,0.1
1988-04-01T12:00:00Z,0.0,24.125,244.125,18.15,-1.06
1988-04-01T12:00:00Z,0.0,24.125,248.125,18.62,-1.23
1988-04-01T12:00:00Z,0.0,24.125,252.125,21.29,-1.06
1988-04-01T12:00:00Z,0.0,24.125,256.125,NaN,NaN
1988-04-01T12:00:00Z,0.0,24.125,260.125,NaN,NaN
1988-04-01T12:00:00Z,0.0,24.125,264.125,22.45,-1.11
1988-04-01T12:00:00Z,0.0,24.125,268.125,23.75,-0.03
1988-04-01T12:00:00Z,0.0,24.125,272.125,24.66,-0.64
1988-04-01T12:00:00Z,0.0,24.125,276.125,25.46,0.09
1988-04-01T12:00:00Z,0.0,24.125,280.125,24.73,-0.5
1988-04-01T12:00:00Z,0.0,24.125,284.125,24.13,-0.75
1988-04-01T12:00:00Z,0.0,24.125,288.125,24.73,0.04
1988-04-01T12:00:00Z,0.0,24.125,292.125,24.34,-0.38
1988-04-01T12:00:00Z,0.0,24.125,296.125,23.98,-0.61
1988-04-01T12:00:00Z,0.0,24.125,300.125,23.24,-1.11
1988-04-01T12:00:00Z,0.0,24.125,304.125,23.23,-0.81
1988-04-01T12:00:00Z,0.0,24.125,308.125,23.19,-0.52
1988-04-01T12:00:00Z,0.0,24.125,312.125,23.32,-0.07
1988-04-01T12:00:00Z,0.0,24.125,316.125,23.35,0.22
1988-04-01T12:00:00Z,0.0,24.125,320.125,21.77,-1.01
1988-04-01T12:00:00Z,0.0,24.125,324.125,21.01,-1.35
1988-04-01T12:00:00Z,0.0,24.125,328.125,22.35,0.39
1988-04-01T12:00:00Z,0.0,24.125,332.125,21.63,0.1
1988-04-01T12:00:00Z,0.0,24.125,336.125,20.93,0.0
1988-04-01T12:00:00Z,0.0,24.125,340.125,19.68,-0.42
1988-04-01T12:00:00Z,0.0,24.125,344.125,18.17,-0.29
1988-04-01T12:00:00Z,0.0,24.125,348.125,NaN,NaN
1988-04-01T12:00:00Z,0.0,24.125,352.125,NaN,NaN
1988-04-01T12:00:00Z,0.0,24.125,356.125,NaN,NaN
1988-04-01T12:00:00Z,0.0,28.125,0.125,NaN,NaN
1988-04-01T12:00:00Z,0.0,28.125,4.125,NaN,NaN
1988-04-01T12:00:00Z,0.0,28.125,8.125,NaN,NaN
1988-04-01T12:00:00Z,0.0,28.125,12.125,NaN,NaN
1988-04-01T12:00:00Z,0.0,28.125,16.125,NaN,NaN
1988-04-01T12:00:00Z,0.0,28.125,20.125,NaN,NaN
1988-04-01T12:00:00Z,0.0,28.125,24.125,NaN,NaN
1988-04-01T12:00:00Z,0.0,28.125,28.125,NaN,NaN
1988-04-01T12:00:00Z,0.0,28.125,32.125,NaN,NaN
1988-04-01T12:00:00Z,0.0,28.125,36.125,NaN,NaN
1988-04-01T12:00:00Z,0.0,28.125,40.125,NaN,NaN
1988-04-01T12:00:00Z,0.0,28.125,44.125,NaN,NaN
1988-04-01T12:00:00Z,0.0,28.125,48.125,NaN,NaN
1988-04-01T12:00:00Z,0.0,28.125,52.125,NaN,NaN
1988-04-01T12:00:00Z,0.0,28.125,56.125,NaN,NaN
1988-04-01T12:00:00Z,0.0,28.125,60.125,NaN,NaN
1988-04-01T12:00:00Z,0.0,28.125,64.125,NaN,NaN
1988-04-01T12:00:00Z,0.0,28.125,68.125,NaN,NaN
1988-04-01T12:00:00Z,0.0,28.125,72.125,NaN,NaN
1988-04-01T12:00:00Z,0.0,28.125,76.125,NaN,NaN
1988-04-01T12:00:00Z,0.0,28.125,80.125,NaN,NaN
1988-04-01T12:00:00Z,0.0,28.125,84.125,NaN,NaN
1988-04-01T12:00:00Z,0.0,28.125,88.125,NaN,NaN
1988-04-01T12:00:00Z,0.0,28.125,92.125,NaN,NaN
1988-04-01T12:00:00Z,0.0,28.125,96.125,NaN,NaN
1988-04-01T12:00:00Z,0.0,28.125,100.125,NaN,NaN
1988-04-01T12:00:00Z,0.0,28.125,104.125,NaN,NaN
1988-04-01T12:00:00Z,0.0,28.125,108.125,NaN,NaN
1988-04-01T12:00:00Z,0.0,28.125,112.125,NaN,NaN
1988-04-01T12:00:00Z,0.0,28.125,116.125,NaN,NaN
1988-04-01T12:00:00Z,0.0,28.125,120.125,NaN,NaN
1988-04-01T12:00:00Z,0.0,28.125,124.125,17.09,-0.97
1988-04-01T12:00:00Z,0.0,28.125,128.125,22.97,0.98
1988-04-01T12:00:00Z,0.0,28.125,132.125,21.13,0.07
1988-04-01T12:00:00Z,0.0,28.125,136.125,19.57,-0.61
1988-04-01T12:00:00Z,0.0,28.125,140.125,20.5,0.08
1988-04-01T12:00:00Z,0.0,28.125,144.125,20.89,0.52
1988-04-01T12:00:00Z,0.0,28.125,148.125,20.76,0.19
1988-04-01T12:00:00Z,0.0,28.125,152.125,20.24,-0.34
1988-04-01T12:00:00Z,0.0,28.125,156.125,21.88,1.39
1988-04-01T12:00:00Z,0.0,28.125,160.125,21.55,0.95
1988-04-01T12:00:00Z,0.0,28.125,164.125,22.54,1.81
1988-04-01T12:00:00Z,0.0,28.125,168.125,23.01,2.22
1988-04-01T12:00:00Z,0.0,28.125,172.125,22.51,1.9
1988-04-01T12:00:00Z,0.0,28.125,176.125,22.02,1.43
1988-04-01T12:00:00Z,0.0,28.125,180.125,21.73,1.14
1988-04-01T12:00:00Z,0.0,28.125,184.125,21.49,1.0
1988-04-01T12:00:00Z,0.0,28.125,188.125,20.8,0.43
1988-04-01T12:00:00Z,0.0,28.125,192.125,22.01,1.54
1988-04-01T12:00:00Z,0.0,28.125,196.125,21.85,1.21
1988-04-01T12:00:00Z,0.0,28.125,200.125,21.18,0.42
1988-04-01T12:00:00Z,0.0,28.125,204.125,20.51,-0.13
1988-04-01T12:00:00Z,0.0,28.125,208.125,21.37,0.84
1988-04-01T12:00:00Z,0.0,28.125,212.125,20.78,0.39
1988-04-01T12:00:00Z,0.0,28.125,216.125,21.19,1.15
1988-04-01T12:00:00Z,0.0,28.125,220.125,19.2,-0.39
1988-04-01T12:00:00Z,0.0,28.125,224.125,17.93,-1.18
1988-04-01T12:00:00Z,0.0,28.125,228.125,18.55,0.01
1988-04-01T12:00:00Z,0.0,28.125,232.125,17.69,-0.26
1988-04-01T12:00:00Z,0.0,28.125,236.125,16.81,-0.43
1988-04-01T12:00:00Z,0.0,28.125,240.125,15.93,-0.83
1988-04-01T12:00:00Z,0.0,28.125,244.125,17.25,0.86
1988-04-01T12:00:00Z,0.0,28.125,248.125,18.66,-0.34
1988-04-01T12:00:00Z,0.0,28.125,252.125,NaN,NaN
1988-04-01T12:00:00Z,0.0,28.125,256.125,NaN,NaN
1988-04-01T12:00:00Z,0.0,28.125,260.125,NaN,NaN
1988-04-01T12:00:00Z,0.0,28.125,264.125,18.36,-2.34
1988-04-01T12:00:00Z,0.0,28.125,268.125,21.43,0.07
1988-04-01T12:00:00Z,0.0,28.125,272.125,23.83,1.04
1988-04-01T12:00:00Z,0.0,28.125,276.125,20.19,-1.0
1988-04-01T12:00:00Z,0.0,28.125,280.125,24.21,-0.03
1988-04-01T12:00:00Z,0.0,28.125,284.125,22.32,-0.55
1988-04-01T12:00:00Z,0.0,28.125,288.125,22.48,0.13
1988-04-01T12:00:00Z,0.0,28.125,292.125,20.64,-1.73
1988-04-01T12:00:00Z,0.0,28.125,296.125,20.28,-1.92
1988-04-01T12:00:00Z,0.0,28.125,300.125,20.62,-1.72
1988-04-01T12:00:00Z,0.0,28.125,304.125,20.99,-1.22
1988-04-01T12:00:00Z,0.0,28.125,308.125,20.75,-1.23
1988-04-01T12:00:00Z,0.0,28.125,312.125,21.18,-0.53
1988-04-01T12:00:00Z,0.0,28.125,316.125,21.15,-0.3
1988-04-01T12:00:00Z,0.0,28.125,320.125,21.2,-0.01
1988-04-01T12:00:00Z,0.0,28.125,324.125,20.02,-0.89
1988-04-01T12:00:00Z,0.0,28.125,328.125,20.23,-0.26
1988-04-01T12:00:00Z,0.0,28.125,332.125,18.72,-1.4
1988-04-01T12:00:00Z,0.0,28.125,336.125,19.52,-0.23
1988-04-01T12:00:00Z,0.0,28.125,340.125,19.05,-0.34
1988-04-01T12:00:00Z,0.0,28.125,344.125,18.65,-0.11
1988-04-01T12:00:00Z,0.0,28.125,348.125,NaN,NaN
1988-04-01T12:00:00Z,0.0,28.125,352.125,NaN,NaN
1988-04-01T12:00:00Z,0.0,28.125,356.125,NaN,NaN
1988-04-01T12:00:00Z,0.0,32.125,0.125,NaN,NaN
1988-04-01T12:00:00Z,0.0,32.125,4.125,NaN,NaN
1988-04-01T12:00:00Z,0.0,32.125,8.125,NaN,NaN
1988-04-01T12:00:00Z,0.0,32.125,12.125,NaN,NaN
1988-04-01T12:00:00Z,0.0,32.125,16.125,15.71,-1.06
1988-04-01T12:00:00Z,0.0,32.125,20.125,NaN,NaN
1988-04-01T12:00:00Z,0.0,32.125,24.125,16.74,-0.26
1988-04-01T12:00:00Z,0.0,32.125,28.125,16.32,-0.78
1988-04-01T12:00:00Z,0.0,32.125,32.125,16.75,-0.69
1988-04-01T12:00:00Z,0.0,32.125,36.125,NaN,NaN
1988-04-01T12:00:00Z,0.0,32.125,40.125,NaN,NaN
1988-04-01T12:00:00Z,0.0,32.125,44.125,NaN,NaN
1988-04-01T12:00:00Z,0.0,32.125,48.125,NaN,NaN
1988-04-01T12:00:00Z,0.0,32.125,52.125,NaN,NaN
1988-04-01T12:00:00Z,0.0,32.125,56.125,NaN,NaN
1988-04-01T12:00:00Z,0.0,32.125,60.125,NaN,NaN
1988-04-01T12:00:00Z,0.0,32.125,64.125,NaN,NaN
1988-04-01T12:00:00Z,0.0,32.125,68.125,NaN,NaN
1988-04-01T12:00:00Z,0.0,32.125,72.125,NaN,NaN
1988-04-01T12:00:00Z,0.0,32.125,76.125,NaN,NaN
1988-04-01T12:00:00Z,0.0,32.125,80.125,NaN,NaN
1988-04-01T12:00:00Z,0.0,32.125,84.125,NaN,NaN
1988-04-01T12:00:00Z,0.0,32.125,88.125,NaN,NaN
1988-04-01T12:00:00Z,0.0,32.125,92.125,NaN,NaN
1988-04-01T12:00:00Z,0.0,32.125,96.125,NaN,NaN
1988-04-01T12:00:00Z,0.0,32.125,100.125,NaN,NaN
1988-04-01T12:00:00Z,0.0,32.125,104.125,NaN,NaN
1988-04-01T12:00:00Z,0.0,32.125,108.125,NaN,NaN
1988-04-01T12:00:00Z,0.0,32.125,112.125,NaN,NaN
1988-04-01T12:00:00Z,0.0,32.125,116.125,NaN,NaN
1988-04-01T12:00:00Z,0.0,32.125,120.125,NaN,NaN
1988-04-01T12:00:00Z,0.0,32.125,124.125,9.53,-2.04
1988-04-01T12:00:00Z,0.0,32.125,128.125,17.02,-0.35
1988-04-01T12:00:00Z,0.0,32.125,132.125,20.12,0.59
1988-04-01T12:00:00Z,0.0,32.125,136.125,20.19,0.85
1988-04-01T12:00:00Z,0.0,32.125,140.125,17.73,-1.22
1988-04-01T12:00:00Z,0.0,32.125,144.125,19.0,0.74
1988-04-01T12:00:00Z,0.0,32.125,148.125,17.96,0.09
1988-04-01T12:00:00Z,0.0,32.125,152.125,17.72,-0.1
1988-04-01T12:00:00Z,0.0,32.125,156.125,18.22,0.59
1988-04-01T12:00:00Z,0.0,32.125,160.125,17.85,0.33
1988-04-01T12:00:00Z,0.0,32.125,164.125,17.69,0.2
1988-04-01T12:00:00Z,0.0,32.125,168.125,18.15,0.87
1988-04-01T12:00:00Z,0.0,32.125,172.125,18.65,1.38
1988-04-01T12:00:00Z,0.0,32.125,176.125,18.4,1.37
1988-04-01T12:00:00Z,0.0,32.125,180.125,17.81,0.75
1988-04-01T12:00:00Z,0.0,32.125,184.125,17.9,0.91
1988-04-01T12:00:00Z,0.0,32.125,188.125,18.9,2.04
1988-04-01T12:00:00Z,0.0,32.125,192.125,19.11,2.34
1988-04-01T12:00:00Z,0.0,32.125,196.125,19.66,2.9
1988-04-01T12:00:00Z,0.0,32.125,200.125,19.0,2.14
1988-04-01T12:00:00Z,0.0,32.125,204.125,18.66,1.56
1988-04-01T12:00:00Z,0.0,32.125,208.125,17.45,0.22
1988-04-01T12:00:00Z,0.0,32.125,212.125,17.54,0.14
1988-04-01T12:00:00Z,0.0,32.125,216.125,17.43,0.01
1988-04-01T12:00:00Z,0.0,32.125,220.125,16.16,-1.06
1988-04-01T12:00:00Z,0.0,32.125,224.125,16.11,-0.83
1988-04-01T12:00:00Z,0.0,32.125,228.125,15.74,-0.75
1988-04-01T12:00:00Z,0.0,32.125,232.125,14.68,-1.04
1988-04-01T12:00:00Z,0.0,32.125,236.125,13.74,-1.18
1988-04-01T12:00:00Z,0.0,32.125,240.125,15.26,0.6
1988-04-01T12:00:00Z,0.0,32.125,244.125,NaN,NaN
1988-04-01T12:00:00Z,0.0,32.125,248.125,NaN,NaN
1988-04-01T12:00:00Z,0.0,32.125,252.125,NaN,NaN
1988-04-01T12:00:00Z,0.0,32.125,256.125,NaN,NaN
1988-04-01T12:00:00Z,0.0,32.125,260.125,NaN,NaN
1988-04-01T12:00:00Z,0.0,32.125,264.125,NaN,NaN
1988-04-01T12:00:00Z,0.0,32.125,268.125,NaN,NaN
1988-04-01T12:00:00Z,0.0,32.125,272.125,NaN,NaN
1988-04-01T12:00:00Z,0.0,32.125,276.125,NaN,NaN
1988-04-01T12:00:00Z,0.0,32.125,280.125,19.73,-1.29
1988-04-01T12:00:00Z,0.0,32.125,284.125,20.07,-2.48
1988-04-01T12:00:00Z,0.0,32.125,288.125,19.83,0.0
1988-04-01T12:00:00Z,0.0,32.125,292.125,18.89,-0.61
1988-04-01T12:00:00Z,0.0,32.125,296.125,19.01,-0.7
1988-04-01T12:00:00Z,0.0,32.125,300.125,18.2,-1.56
1988-04-01T12:00:00Z,0.0,32.125,304.125,18.56,-1.3
1988-04-01T12:00:00Z,0.0,32.125,308.125,18.58,-1.21
1988-04-01T12:00:00Z,0.0,32.125,312.125,18.88,-0.85
1988-04-01T12:00:00Z,0.0,32.125,316.125,18.75,-0.8
1988-04-01T12:00:00Z,0.0,32.125,320.125,19.09,-0.33
1988-04-01T12:00:00Z,0.0,32.125,324.125,18.86,-0.51
1988-04-01T12:00:00Z,0.0,32.125,328.125,17.72,-1.42
1988-04-01T12:00:00Z,0.0,32.125,332.125,18.28,-0.47
1988-04-01T12:00:00Z,0.0,32.125,336.125,17.9,-0.61
1988-04-01T12:00:00Z,0.0,32.125,340.125,17.88,-0.29
1988-04-01T12:00:00Z,0.0,32.125,344.125,16.69,-1.11
1988-04-01T12:00:00Z,0.0,32.125,348.125,16.67,-0.69
1988-04-01T12:00:00Z,0.0,32.125,352.125,NaN,NaN
1988-04-01T12:00:00Z,0.0,32.125,356.125,NaN,NaN
1988-04-01T12:00:00Z,0.0,36.125,0.125,16.11,0.37
1988-04-01T12:00:00Z,0.0,36.125,4.125,NaN,NaN
1988-04-01T12:00:00Z,0.0,36.125,8.125,NaN,NaN
1988-04-01T12:00:00Z,0.0,36.125,12.125,14.95,-0.32
1988-04-01T12:00:00Z,0.0,36.125,16.125,15.22,-0.44
1988-04-01T12:00:00Z,0.0,36.125,20.125,14.73,-0.8
1988-04-01T12:00:00Z,0.0,36.125,24.125,15.12,-0.46
1988-04-01T12:00:00Z,0.0,36.125,28.125,16.2,-0.31
1988-04-01T12:00:00Z,0.0,36.125,32.125,16.44,-0.35
1988-04-01T12:00:00Z,0.0,36.125,36.125,NaN,NaN
1988-04-01T12:00:00Z,0.0,36.125,40.125,NaN,NaN
1988-04-01T12:00:00Z,0.0,36.125,44.125,NaN,NaN
1988-04-01T12:00:00Z,0.0,36.125,48.125,NaN,NaN
1988-04-01T12:00:00Z,0.0,36.125,52.125,NaN,NaN
1988-04-01T12:00:00Z,0.0,36.125,56.125,NaN,NaN
1988-04-01T12:00:00Z,0.0,36.125,60.125,NaN,NaN
1988-04-01T12:00:00Z,0.0,36.125,64.125,NaN,NaN
1988-04-01T12:00:00Z,0.0,36.125,68.125,NaN,NaN
1988-04-01T12:00:00Z,0.0,36.125,72.125,NaN,NaN
1988-04-01T12:00:00Z,0.0,36.125,76.125,NaN,NaN
1988-04-01T12:00:00Z,0.0,36.125,80.125,NaN,NaN
1988-04-01T12:00:00Z,0.0,36.125,84.125,NaN,NaN
1988-04-01T12:00:00Z,0.0,36.125,88.125,NaN,NaN
1988-04-01T12:00:00Z,0.0,36.125,92.125,NaN,NaN
1988-04-01T12:00:00Z,0.0,36.125,96.125,NaN,NaN
1988-04-01T12:00:00Z,0.0,36.125,100.125,NaN,NaN
1988-04-01T12:00:00Z,0.0,36.125,104.125,NaN,NaN
1988-04-01T12:00:00Z,0.0,36.125,108.125,NaN,NaN
1988-04-01T12:00:00Z,0.0,36.125,112.125,NaN,NaN
1988-04-01T12:00:00Z,0.0,36.125,116.125,NaN,NaN
1988-04-01T12:00:00Z,0.0,36.125,120.125,NaN,NaN
1988-04-01T12:00:00Z,0.0,36.125,124.125,9.36,0.84
1988-04-01T12:00:00Z,0.0,36.125,128.125,NaN,NaN
1988-04-01T12:00:00Z,0.0,36.125,132.125,13.11,0.0
1988-04-01T12:00:00Z,0.0,36.125,136.125,11.34,-1.19
1988-04-01T12:00:00Z,0.0,36.125,140.125,NaN,NaN
1988-04-01T12:00:00Z,0.0,36.125,144.125,16.69,1.04
1988-04-01T12:00:00Z,0.0,36.125,148.125,17.55,1.89
1988-04-01T12:00:00Z,0.0,36.125,152.125,14.29,-1.01
1988-04-01T12:00:00Z,0.0,36.125,156.125,15.39,0.77
1988-04-01T12:00:00Z,0.0,36.125,160.125,13.58,-0.91
1988-04-01T12:00:00Z,0.0,36.125,164.125,14.83,0.34
1988-04-01T12:00:00Z,0.0,36.125,168.125,15.07,0.69
1988-04-01T12:00:00Z,0.0,36.125,172.125,13.84,-0.66
1988-04-01T12:00:00Z,0.0,36.125,176.125,12.34,-1.86
1988-04-01T12:00:00Z,0.0,36.125,180.125,13.21,-0.9
1988-04-01T12:00:00Z,0.0,36.125,184.125,13.25,-0.91
1988-04-01T12:00:00Z,0.0,36.125,188.125,14.23,0.34
1988-04-01T12:00:00Z,0.0,36.125,192.125,14.59,0.97
1988-04-01T12:00:00Z,0.0,36.125,196.125,13.49,-0.1
1988-04-01T12:00:00Z,0.0,36.125,200.125,13.35,-0.15
1988-04-01T12:00:00Z,0.0,36.125,204.125,14.02,0.43
1988-04-01T12:00:00Z,0.0,36.125,208.125,14.29,0.47
1988-04-01T12:00:00Z,0.0,36.125,212.125,14.23,0.1
1988-04-01T12:00:00Z,0.0,36.125,216.125,14.2,-0.26
1988-04-01T12:00:00Z,0.0,36.125,220.125,14.2,-0.35
1988-04-01T12:00:00Z,0.0,36.125,224.125,15.46,0.85
1988-04-01T12:00:00Z,0.0,36.125,228.125,14.92,0.63
1988-04-01T12:00:00Z,0.0,36.125,232.125,12.46,-1.16
1988-04-01T12:00:00Z,0.0,36.125,236.125,12.71,-0.08
1988-04-01T12:00:00Z,0.0,36.125,240.125,NaN,NaN
1988-04-01T12:00:00Z,0.0,36.125,244.125,NaN,NaN
1988-04-01T12:00:00Z,0.0,36.125,248.125,NaN,NaN
1988-04-01T12:00:00Z,0.0,36.125,252.125,NaN,NaN
1988-04-01T12:00:00Z,0.0,36.125,256.125,NaN,NaN
1988-04-01T12:00:00Z,0.0,36.125,260.125,NaN,NaN
1988-04-01T12:00:00Z,0.0,36.125,264.125,NaN,NaN
1988-04-01T12:00:00Z,0.0,36.125,268.125,NaN,NaN
1988-04-01T12:00:00Z,0.0,36.125,272.125,NaN,NaN
1988-04-01T12:00:00Z,0.0,36.125,276.125,NaN,NaN
1988-04-01T12:00:00Z,0.0,36.125,280.125,NaN,NaN
1988-04-01T12:00:00Z,0.0,36.125,284.125,11.36,-3.31
1988-04-01T12:00:00Z,0.0,36.125,288.125,20.04,0.07
1988-04-01T12:00:00Z,0.0,36.125,292.125,18.5,-1.36
1988-04-01T12:00:00Z,0.0,36.125,296.125,19.85,0.41
1988-04-01T12:00:00Z,0.0,36.125,300.125,17.74,-0.84
1988-04-01T12:00:00Z,0.0,36.125,304.125,18.19,-0.08
1988-04-01T12:00:00Z,0.0,36.125,308.125,16.71,-1.35
1988-04-01T12:00:00Z,0.0,36.125,312.125,17.45,-0.51
1988-04-01T12:00:00Z,0.0,36.125,316.125,16.88,-0.98
1988-04-01T12:00:00Z,0.0,36.125,320.125,16.34,-1.34
1988-04-01T12:00:00Z,0.0,36.125,324.125,17.04,-0.46
1988-04-01T12:00:00Z,0.0,36.125,328.125,16.47,-0.79
1988-04-01T12:00:00Z,0.0,36.125,332.125,16.38,-0.64
1988-04-01T12:00:00Z,0.0,36.125,336.125,16.85,-0.01
1988-04-01T12:00:00Z,0.0,36.125,340.125,16.18,-0.43
1988-04-01T12:00:00Z,0.0,36.125,344.125,16.31,-0.02
1988-04-01T12:00:00Z,0.0,36.125,348.125,16.44,0.2
1988-04-01T12:00:00Z,0.0,36.125,352.125,16.72,0.31
1988-04-01T12:00:00Z,0.0,36.125,356.125,16.02,0.32
1988-04-01T12:00:00Z,0.0,40.125,0.125,14.41,0.05
1988-04-01T12:00:00Z,0.0,40.125,4.125,14.08,-0.31
1988-04-01T12:00:00Z,0.0,40.125,8.125,13.35,-1.01
1988-04-01T12:00:00Z,0.0,40.125,12.125,14.11,-0.41
1988-04-01T12:00:00Z,0.0,40.125,16.125,NaN,NaN
1988-04-01T12:00:00Z,0.0,40.125,20.125,NaN,NaN
1988-04-01T12:00:00Z,0.0,40.125,24.125,12.88,-1.01
1988-04-01T12:00:00Z,0.0,40.125,28.125,NaN,NaN
1988-04-01T12:00:00Z,0.0,40.125,32.125,NaN,NaN
1988-04-01T12:00:00Z,0.0,40.125,36.125,NaN,NaN
1988-04-01T12:00:00Z,0.0,40.125,40.125,NaN,NaN
1988-04-01T12:00:00Z,0.0,40.125,44.125,NaN,NaN
1988-04-01T12:00:00Z,0.0,40.125,48.125,NaN,NaN
1988-04-01T12:00:00Z,0.0,40.125,52.125,9.55,-1.33
1988-04-01T12:00:00Z,0.0,40.125,56.125,NaN,NaN
1988-04-01T12:00:00Z,0.0,40.125,60.125,NaN,NaN
1988-04-01T12:00:00Z,0.0,40.125,64.125,NaN,NaN
1988-04-01T12:00:00Z,0.0,40.125,68.125,NaN,NaN
1988-04-01T12:00:00Z,0.0,40.125,72.125,NaN,NaN
1988-04-01T12:00:00Z,0.0,40.125,76.125,NaN,NaN
1988-04-01T12:00:00Z,0.0,40.125,80.125,NaN,NaN
1988-04-01T12:00:00Z,0.0,40.125,84.125,NaN,NaN
1988-04-01T12:00:00Z,0.0,40.125,88.125,NaN,NaN
1988-04-01T12:00:00Z,0.0,40.125,92.125,NaN,NaN
1988-04-01T12:00:00Z,0.0,40.125,96.125,NaN,NaN
1988-04-01T12:00:00Z,0.0,40.125,100.125,NaN,NaN
1988-04-01T12:00:00Z,0.0,40.125,104.125,NaN,NaN
1988-04-01T12:00:00Z,0.0,40.125,108.125,NaN,NaN
1988-04-01T12:00:00Z,0.0,40.125,112.125,NaN,NaN
1988-04-01T12:00:00Z,0.0,40.125,116.125,NaN,NaN
1988-04-01T12:00:00Z,0.0,40.125,120.125,2.88,-1.3
1988-04-01T12:00:00Z,0.0,40.125,124.125,NaN,NaN
1988-04-01T12:00:00Z,0.0,40.125,128.125,NaN,NaN
1988-04-01T12:00:00Z,0.0,40.125,132.125,8.88,2.08
1988-04-01T12:00:00Z,0.0,40.125,136.125,6.71,-0.23
1988-04-01T12:00:00Z,0.0,40.125,140.125,NaN,NaN
1988-04-01T12:00:00Z,0.0,40.125,144.125,3.19,-3.1
1988-04-01T12:00:00Z,0.0,40.125,148.125,7.06,-0.77
1988-04-01T12:00:00Z,0.0,40.125,152.125,9.58,0.32
1988-04-01T12:00:00Z,0.0,40.125,156.125,8.59,-1.02
1988-04-01T12:00:00Z,0.0,40.125,160.125,9.52,0.06
1988-04-01T12:00:00Z,0.0,40.125,164.125,9.11,-0.26
1988-04-01T12:00:00Z,0.0,40.125,168.125,8.84,-1.68
1988-04-01T12:00:00Z,0.0,40.125,172.125,7.71,-2.71
1988-04-01T12:00:00Z,0.0,40.125,176.125,9.43,-1.03
1988-04-01T12:00:00Z,0.0,40.125,180.125,9.5,-1.1
1988-04-01T12:00:00Z,0.0,40.125,184.125,9.22,-1.49
1988-04-01T12:00:00Z,0.0,40.125,188.125,10.08,-0.65
1988-04-01T12:00:00Z,0.0,40.125,192.125,9.41,-1.15
1988-04-01T12:00:00Z,0.0,40.125,196.125,10.44,-0.1
1988-04-01T12:00:00Z,0.0,40.125,200.125,10.34,-0.26
1988-04-01T12:00:00Z,0.0,40.125,204.125,8.48,-2.2
1988-04-01T12:00:00Z,0.0,40.125,208.125,10.12,-0.79
1988-04-01T12:00:00Z,0.0,40.125,212.125,10.69,-0.51
1988-04-01T12:00:00Z,0.0,40.125,216.125,10.8,-0.8
1988-04-01T12:00:00Z,0.0,40.125,220.125,13.02,1.07
1988-04-01T12:00:00Z,0.0,40.125,224.125,12.92,0.66
1988-04-01T12:00:00Z,0.0,40.125,228.125,11.52,-0.64
1988-04-01T12:00:00Z,0.0,40.125,232.125,11.59,-0.06
1988-04-01T12:00:00Z,0.0,40.125,236.125,NaN,NaN
1988-04-01T12:00:00Z,0.0,40.125,240.125,NaN,NaN
1988-04-01T12:00:00Z,0.0,40.125,244.125,NaN,NaN
1988-04-01T12:00:00Z,0.0,40.125,248.125,NaN,NaN
1988-04-01T12:00:00Z,0.0,40.125,252.125,NaN,NaN
1988-04-01T12:00:00Z,0.0,40.125,256.125,NaN,NaN
1988-04-01T12:00:00Z,0.0,40.125,260.125,NaN,NaN
1988-04-01T12:00:00Z,0.0,40.125,264.125,NaN,NaN
1988-04-01T12:00:00Z,0.0,40.125,268.125,NaN,NaN
1988-04-01T12:00:00Z,0.0,40.125,272.125,NaN,NaN
1988-04-01T12:00:00Z,0.0,40.125,276.125,NaN,NaN
1988-04-01T12:00:00Z,0.0,40.125,280.125,NaN,NaN
1988-04-01T12:00:00Z,0.0,40.125,284.125,NaN,NaN
1988-04-01T12:00:00Z,0.0,40.125,288.125,7.19,-0.27
1988-04-01T12:00:00Z,0.0,40.125,292.125,8.24,-1.71
1988-04-01T12:00:00Z,0.0,40.125,296.125,13.15,-1.38
1988-04-01T12:00:00Z,0.0,40.125,300.125,16.18,-0.72
1988-04-01T12:00:00Z,0.0,40.125,304.125,14.27,-3.11
1988-04-01T12:00:00Z,0.0,40.125,308.125,16.2,-0.35
1988-04-01T12:00:00Z,0.0,40.125,312.125,15.8,-0.65
1988-04-01T12:00:00Z,0.0,40.125,316.125,16.33,-0.49
1988-04-01T12:00:00Z,0.0,40.125,320.125,16.2,0.01
1988-04-01T12:00:00Z,0.0,40.125,324.125,15.4,-0.61
1988-04-01T12:00:00Z,0.0,40.125,328.125,15.29,-0.36
1988-04-01T12:00:00Z,0.0,40.125,332.125,14.77,-0.37
1988-04-01T12:00:00Z,0.0,40.125,336.125,14.33,-0.66
1988-04-01T12:00:00Z,0.0,40.125,340.125,15.54,0.8
1988-04-01T12:00:00Z,0.0,40.125,344.125,14.66,0.19
1988-04-01T12:00:00Z,0.0,40.125,348.125,14.07,-0.43
1988-04-01T12:00:00Z,0.0,40.125,352.125,NaN,NaN
1988-04-01T12:00:00Z,0.0,40.125,356.125,NaN,NaN
1988-04-01T12:00:00Z,0.0,44.125,0.125,NaN,NaN
1988-04-01T12:00:00Z,0.0,44.125,4.125,NaN,NaN
1988-04-01T12:00:00Z,0.0,44.125,8.125,NaN,NaN
1988-04-01T12:00:00Z,0.0,44.125,12.125,NaN,NaN
1988-04-01T12:00:00Z,0.0,44.125,16.125,NaN,NaN
1988-04-01T12:00:00Z,0.0,44.125,20.125,NaN,NaN
1988-04-01T12:00:00Z,0.0,44.125,24.125,NaN,NaN
1988-04-01T12:00:00Z,0.0,44.125,28.125,NaN,NaN
1988-04-01T12:00:00Z,0.0,44.125,32.125,8.02,-0.47
1988-04-01T12:00:00Z,0.0,44.125,36.125,8.55,-0.28
1988-04-01T12:00:00Z,0.0,44.125,40.125,NaN,NaN
1988-04-01T12:00:00Z,0.0,44.125,44.125,NaN,NaN
1988-04-01T12:00:00Z,0.0,44.125,48.125,3.31,-2.49
1988-04-01T12:00:00Z,0.0,44.125,52.125,NaN,NaN
1988-04-01T12:00:00Z,0.0,44.125,56.125,NaN,NaN
1988-04-01T12:00:00Z,0.0,44.125,60.125,NaN,NaN
1988-04-01T12:00:00Z,0.0,44.125,64.125,NaN,NaN
1988-04-01T12:00:00Z,0.0,44.125,68.125,NaN,NaN
1988-04-01T12:00:00Z,0.0,44.125,72.125,NaN,NaN
1988-04-01T12:00:00Z,0.0,44.125,76.125,NaN,NaN
1988-04-01T12:00:00Z,0.0,44.125,80.125,NaN,NaN
1988-04-01T12:00:00Z,0.0,44.125,84.125,NaN,NaN
1988-04-01T12:00:00Z,0.0,44.125,88.125,NaN,NaN
1988-04-01T12:00:00Z,0.0,44.125,92.125,NaN,NaN
1988-04-01T12:00:00Z,0.0,44.125,96.125,NaN,NaN
1988-04-01T12:00:00Z,0.0,44.125,100.125,NaN,NaN
1988-04-01T12:00:00Z,0.0,44.125,104.125,NaN,NaN
1988-04-01T12:00:00Z,0.0,44.125,108.125,NaN,NaN
1988-04-01T12:00:00Z,0.0,44.125,112.125,NaN,NaN
1988-04-01T12:00:00Z,0.0,44.125,116.125,NaN,NaN
1988-04-01T12:00:00Z,0.0,44.125,120.125,NaN,NaN
1988-04-01T12:00:00Z,0.0,44.125,124.125,NaN,NaN
1988-04-01T12:00:00Z,0.0,44.125,128.125,NaN,NaN
1988-04-01T12:00:00Z,0.0,44.125,132.125,NaN,NaN
1988-04-01T12:00:00Z,0.0,44.125,136.125,0.97,-1.49
1988-04-01T12:00:00Z,0.0,44.125,140.125,5.62,0.66
1988-04-01T12:00:00Z,0.0,44.125,144.125,-0.2,-0.92
1988-04-01T12:00:00Z,0.0,44.125,148.125,1.1,-0.37
1988-04-01T12:00:00Z,0.0,44.125,152.125,2.5,0.39
1988-04-01T12:00:00Z,0.0,44.125,156.125,2.57,-0.64
1988-04-01T12:00:00Z,0.0,44.125,160.125,4.74,0.68
1988-04-01T12:00:00Z,0.0,44.125,164.125,3.73,-0.7
1988-04-01T12:00:00Z,0.0,44.125,168.125,3.13,-1.12
1988-04-01T12:00:00Z,0.0,44.125,172.125,5.45,0.12
1988-04-01T12:00:00Z,0.0,44.125,176.125,5.28,-0.96
1988-04-01T12:00:00Z,0.0,44.125,180.125,5.48,-1.15
1988-04-01T12:00:00Z,0.0,44.125,184.125,4.86,-2.02
1988-04-01T12:00:00Z,0.0,44.125,188.125,5.14,-1.89
1988-04-01T12:00:00Z,0.0,44.125,192.125,5.92,-1.31
1988-04-01T12:00:00Z,0.0,44.125,196.125,5.37,-2.03
1988-04-01T12:00:00Z,0.0,44.125,200.125,5.43,-2.18
1988-04-01T12:00:00Z,0.0,44.125,204.125,7.01,-0.81
1988-04-01T12:00:00Z,0.0,44.125,208.125,6.75,-1.38
1988-04-01T12:00:00Z,0.0,44.125,212.125,7.96,-0.58
1988-04-01T12:00:00Z,0.0,44.125,216.125,8.44,-0.5
1988-04-01T12:00:00Z,0.0,44.125,220.125,8.76,-0.64
1988-04-01T12:00:00Z,0.0,44.125,224.125,9.76,-0.03
1988-04-01T12:00:00Z,0.0,44.125,228.125,9.86,-0.2
1988-04-01T12:00:00Z,0.0,44.125,232.125,8.5,-1.53
1988-04-01T12:00:00Z,0.0,44.125,236.125,NaN,NaN
1988-04-01T12:00:00Z,0.0,44.125,240.125,NaN,NaN
1988-04-01T12:00:00Z,0.0,44.125,244.125,NaN,NaN
1988-04-01T12:00:00Z,0.0,44.125,248.125,NaN,NaN
1988-04-01T12:00:00Z,0.0,44.125,252.125,NaN,NaN
1988-04-01T12:00:00Z,0.0,44.125,256.125,NaN,NaN
1988-04-01T12:00:00Z,0.0,44.125,260.125,NaN,NaN
1988-04-01T12:00:00Z,0.0,44.125,264.125,NaN,NaN
1988-04-01T12:00:00Z,0.0,44.125,268.125,NaN,NaN
1988-04-01T12:00:00Z,0.0,44.125,272.125,NaN,NaN
1988-04-01T12:00:00Z,0.0,44.125,276.125,NaN,NaN
1988-04-01T12:00:00Z,0.0,44.125,280.125,NaN,NaN
1988-04-01T12:00:00Z,0.0,44.125,284.125,NaN,NaN
1988-04-01T12:00:00Z,0.0,44.125,288.125,NaN,NaN
1988-04-01T12:00:00Z,0.0,44.125,292.125,4.31,0.17
1988-04-01T12:00:00Z,0.0,44.125,296.125,1.59,0.08
1988-04-01T12:00:00Z,0.0,44.125,300.125,2.43,-0.12
1988-04-01T12:00:00Z,0.0,44.125,304.125,3.88,0.21
1988-04-01T12:00:00Z,0.0,44.125,308.125,3.57,0.81
1988-04-01T12:00:00Z,0.0,44.125,312.125,8.42,2.7
1988-04-01T12:00:00Z,0.0,44.125,316.125,14.81,1.29
1988-04-01T12:00:00Z,0.0,44.125,320.125,13.9,-0.69
1988-04-01T12:00:00Z,0.0,44.125,324.125,13.44,-0.76
1988-04-01T12:00:00Z,0.0,44.125,328.125,14.33,0.1
1988-04-01T12:00:00Z,0.0,44.125,332.125,13.95,0.09
1988-04-01T12:00:00Z,0.0,44.125,336.125,13.5,-0.01
1988-04-01T12:00:00Z,0.0,44.125,340.125,12.73,-0.44
1988-04-01T12:00:00Z,0.0,44.125,344.125,11.9,-0.97
1988-04-01T12:00:00Z,0.0,44.125,348.125,12.24,-0.48
1988-04-01T12:00:00Z,0.0,44.125,352.125,12.29,-0.38
1988-04-01T12:00:00Z,0.0,44.125,356.125,11.81,-0.79
1988-04-01T12:00:00Z,0.0,48.125,0.125,NaN,NaN
1988-04-01T12:00:00Z,0.0,48.125,4.125,NaN,NaN
1988-04-01T12:00:00Z,0.0,48.125,8.125,NaN,NaN
1988-04-01T12:00:00Z,0.0,48.125,12.125,NaN,NaN
1988-04-01T12:00:00Z,0.0,48.125,16.125,NaN,NaN
1988-04-01T12:00:00Z,0.0,48.125,20.125,NaN,NaN
1988-04-01T12:00:00Z,0.0,48.125,24.125,NaN,NaN
1988-04-01T12:00:00Z,0.0,48.125,28.125,NaN,NaN
1988-04-01T12:00:00Z,0.0,48.125,32.125,NaN,NaN
1988-04-01T12:00:00Z,0.0,48.125,36.125,NaN,NaN
1988-04-01T12:00:00Z,0.0,48.125,40.125,NaN,NaN
1988-04-01T12:00:00Z,0.0,48.125,44.125,NaN,NaN
1988-04-01T12:00:00Z,0.0,48.125,48.125,NaN,NaN
1988-04-01T12:00:00Z,0.0,48.125,52.125,NaN,NaN
1988-04-01T12:00:00Z,0.0,48.125,56.125,NaN,NaN
1988-04-01T12:00:00Z,0.0,48.125,60.125,NaN,NaN
1988-04-01T12:00:00Z,0.0,48.125,64.125,NaN,NaN
1988-04-01T12:00:00Z,0.0,48.125,68.125,NaN,NaN
1988-04-01T12:00:00Z,0.0,48.125,72.125,NaN,NaN
1988-04-01T12:00:00Z,0.0,48.125,76.125,NaN,NaN
1988-04-01T12:00:00Z,0.0,48.125,80.125,NaN,NaN
1988-04-01T12:00:00Z,0.0,48.125,84.125,NaN,NaN
1988-04-01T12:00:00Z,0.0,48.125,88.125,NaN,NaN
1988-04-01T12:00:00Z,0.0,48.125,92.125,NaN,NaN
1988-04-01T12:00:00Z,0.0,48.125,96.125,NaN,NaN
1988-04-01T12:00:00Z,0.0,48.125,100.125,NaN,NaN
1988-04-01T12:00:00Z,0.0,48.125,104.125,NaN,NaN
1988-04-01T12:00:00Z,0.0,48.125,108.125,NaN,NaN
1988-04-01T12:00:00Z,0.0,48.125,112.125,NaN,NaN
1988-04-01T12:00:00Z,0.0,48.125,116.125,NaN,NaN
1988-04-01T12:00:00Z,0.0,48.125,120.125,NaN,NaN
1988-04-01T12:00:00Z,0.0,48.125,124.125,NaN,NaN
1988-04-01T12:00:00Z,0.0,48.125,128.125,NaN,NaN
1988-04-01T12:00:00Z,0.0,48.125,132.125,NaN,NaN
1988-04-01T12:00:00Z,0.0,48.125,136.125,NaN,NaN
1988-04-01T12:00:00Z,0.0,48.125,140.125,1.13,-0.43
1988-04-01T12:00:00Z,0.0,48.125,144.125,-0.34,-0.19
1988-04-01T12:00:00Z,0.0,48.125,148.125,0.6,0.21
1988-04-01T12:00:00Z,0.0,48.125,152.125,0.89,-0.47
1988-04-01T12:00:00Z,0.0,48.125,156.125,1.33,-0.25
1988-04-01T12:00:00Z,0.0,48.125,160.125,1.95,-0.16
1988-04-01T12:00:00Z,0.0,48.125,164.125,2.61,-0.1
1988-04-01T12:00:00Z,0.0,48.125,168.125,2.87,-0.16
1988-04-01T12:00:00Z,0.0,48.125,172.125,3.07,-0.39
1988-04-01T12:00:00Z,0.0,48.125,176.125,3.19,-0.51
1988-04-01T12:00:00Z,0.0,48.125,180.125,3.79,-0.11
1988-04-01T12:00:00Z,0.0,48.125,184.125,3.81,-0.36
1988-04-01T12:00:00Z,0.0,48.125,188.125,3.68,-0.78
1988-04-01T12:00:00Z,0.0,48.125,192.125,4.18,-0.64
1988-04-01T12:00:00Z,0.0,48.125,196.125,4.52,-0.6
1988-04-01T12:00:00Z,0.0,48.125,200.125,4.65,-0.66
1988-04-01T12:00:00Z,0.0,48.125,204.125,4.89,-0.69
1988-04-01T12:00:00Z,0.0,48.125,208.125,7.35,1.42
1988-04-01T12:00:00Z,0.0,48.125,212.125,6.02,-0.28
1988-04-01T12:00:00Z,0.0,48.125,216.125,6.21,-0.61
1988-04-01T12:00:00Z,0.0,48.125,220.125,6.84,-0.5
1988-04-01T12:00:00Z,0.0,48.125,224.125,7.3,-0.52
1988-04-01T12:00:00Z,0.0,48.125,228.125,8.15,-0.13
1988-04-01T12:00:00Z,0.0,48.125,232.125,8.61,-0.26
1988-04-01T12:00:00Z,0.0,48.125,236.125,NaN,NaN
1988-04-01T12:00:00Z,0.0,48.125,240.125,NaN,NaN
1988-04-01T12:00:00Z,0.0,48.125,244.125,NaN,NaN
1988-04-01T12:00:00Z,0.0,48.125,248.125,NaN,NaN
1988-04-01T12:00:00Z,0.0,48.125,252.125,NaN,NaN
1988-04-01T12:00:00Z,0.0,48.125,256.125,NaN,NaN
1988-04-01T12:00:00Z,0.0,48.125,260.125,NaN,NaN
1988-04-01T12:00:00Z,0.0,48.125,264.125,NaN,NaN
1988-04-01T12:00:00Z,0.0,48.125,268.125,NaN,NaN
1988-04-01T12:00:00Z,0.0,48.125,272.125,1.08,-0.82
1988-04-01T12:00:00Z,0.0,48.125,276.125,NaN,NaN
1988-04-01T12:00:00Z,0.0,48.125,280.125,NaN,NaN
1988-04-01T12:00:00Z,0.0,48.125,284.125,NaN,NaN
1988-04-01T12:00:00Z,0.0,48.125,288.125,NaN,NaN
1988-04-01T12:00:00Z,0.0,48.125,292.125,NaN,NaN
1988-04-01T12:00:00Z,0.0,48.125,296.125,-0.1,-0.07
1988-04-01T12:00:00Z,0.0,48.125,300.125,0.09,0.16
1988-04-01T12:00:00Z,0.0,48.125,304.125,NaN,NaN
1988-04-01T12:00:00Z,0.0,48.125,308.125,0.97,0.9
1988-04-01T12:00:00Z,0.0,48.125,312.125,2.44,1.59
1988-04-01T12:00:00Z,0.0,48.125,316.125,5.17,-0.73
1988-04-01T12:00:00Z,0.0,48.125,320.125,13.38,1.55
1988-04-01T12:00:00Z,0.0,48.125,324.125,11.08,-0.98
1988-04-01T12:00:00Z,0.0,48.125,328.125,10.79,-1.25
1988-04-01T12:00:00Z,0.0,48.125,332.125,11.68,-0.48
1988-04-01T12:00:00Z,0.0,48.125,336.125,11.79,-0.34
1988-04-01T12:00:00Z,0.0,48.125,340.125,11.43,-0.73
1988-04-01T12:00:00Z,0.0,48.125,344.125,11.39,-0.46
1988-04-01T12:00:00Z,0.0,48.125,348.125,11.18,-0.4
1988-04-01T12:00:00Z,0.0,48.125,352.125,11.16,0.03
1988-04-01T12:00:00Z,0.0,48.125,356.125,NaN,NaN
1988-04-01T12:00:00Z,0.0,52.125,0.125,NaN,NaN
1988-04-01T12:00:00Z,0.0,52.125,4.125,7.69,0.8
1988-04-01T12:00:00Z,0.0,52.125,8.125,NaN,NaN
1988-04-01T12:00:00Z,0.0,52.125,12.125,NaN,NaN
1988-04-01T12:00:00Z,0.0,52.125,16.125,NaN,NaN
1988-04-01T12:00:00Z,0.0,52.125,20.125,NaN,NaN
1988-04-01T12:00:00Z,0.0,52.125,24.125,NaN,NaN
1988-04-01T12:00:00Z,0.0,52.125,28.125,NaN,NaN
1988-04-01T12:00:00Z,0.0,52.125,32.125,NaN,NaN
1988-04-01T12:00:00Z,0.0,52.125,36.125,NaN,NaN
1988-04-01T12:00:00Z,0.0,52.125,40.125,NaN,NaN
1988-04-01T12:00:00Z,0.0,52.125,44.125,NaN,NaN
1988-04-01T12:00:00Z,0.0,52.125,48.125,NaN,NaN
1988-04-01T12:00:00Z,0.0,52.125,52.125,NaN,NaN
1988-04-01T12:00:00Z,0.0,52.125,56.125,NaN,NaN
1988-04-01T12:00:00Z,0.0,52.125,60.125,NaN,NaN
1988-04-01T12:00:00Z,0.0,52.125,64.125,NaN,NaN
1988-04-01T12:00:00Z,0.0,52.125,68.125,NaN,NaN
1988-04-01T12:00:00Z,0.0,52.125,72.125,NaN,NaN
1988-04-01T12:00:00Z,0.0,52.125,76.125,NaN,NaN
1988-04-01T12:00:00Z,0.0,52.125,80.125,NaN,NaN
1988-04-01T12:00:00Z,0.0,52.125,84.125,NaN,NaN
1988-04-01T12:00:00Z,0.0,52.125,88.125,NaN,NaN
1988-04-01T12:00:00Z,0.0,52.125,92.125,NaN,NaN
1988-04-01T12:00:00Z,0.0,52.125,96.125,NaN,NaN
1988-04-01T12:00:00Z,0.0,52.125,100.125,NaN,NaN
1988-04-01T12:00:00Z,0.0,52.125,104.125,NaN,NaN
1988-04-01T12:00:00Z,0.0,52.125,108.125,NaN,NaN
1988-04-01T12:00:00Z,0.0,52.125,112.125,NaN,NaN
1988-04-01T12:00:00Z,0.0,52.125,116.125,NaN,NaN
1988-04-01T12:00:00Z,0.0,52.125,120.125,NaN,NaN
1988-04-01T12:00:00Z,0.0,52.125,124.125,NaN,NaN
1988-04-01T12:00:00Z,0.0,52.125,128.125,NaN,NaN
1988-04-01T12:00:00Z,0.0,52.125,132.125,NaN,NaN
1988-04-01T12:00:00Z,0.0,52.125,136.125,NaN,NaN
1988-04-01T12:00:00Z,0.0,52.125,140.125,NaN,NaN
1988-04-01T12:00:00Z,0.0,52.125,144.125,-1.35,-0.63
1988-04-01T12:00:00Z,0.0,52.125,148.125,0.2,0.15
1988-04-01T12:00:00Z,0.0,52.125,152.125,0.48,-0.11
1988-04-01T12:00:00Z,0.0,52.125,156.125,0.28,-0.34
1988-04-01T12:00:00Z,0.0,52.125,160.125,0.35,-0.92
1988-04-01T12:00:00Z,0.0,52.125,164.125,1.43,-0.87
1988-04-01T12:00:00Z,0.0,52.125,168.125,2.31,-0.66
1988-04-01T12:00:00Z,0.0,52.125,172.125,2.76,-0.68
1988-04-01T12:00:00Z,0.0,52.125,176.125,2.84,-0.68
1988-04-01T12:00:00Z,0.0,52.125,180.125,3.52,-0.03
1988-04-01T12:00:00Z,0.0,52.125,184.125,3.7,0.0
1988-04-01T12:00:00Z,0.0,52.125,188.125,4.56,0.72
1988-04-01T12:00:00Z,0.0,52.125,192.125,4.11,0.08
1988-04-01T12:00:00Z,0.0,52.125,196.125,3.79,-0.2
1988-04-01T12:00:00Z,0.0,52.125,200.125,3.89,-0.21
1988-04-01T12:00:00Z,0.0,52.125,204.125,4.0,-0.16
1988-04-01T12:00:00Z,0.0,52.125,208.125,4.4,0.03
1988-04-01T12:00:00Z,0.0,52.125,212.125,4.8,-0.05
1988-04-01T12:00:00Z,0.0,52.125,216.125,5.08,-0.46
1988-04-01T12:00:00Z,0.0,52.125,220.125,5.93,-0.25
1988-04-01T12:00:00Z,0.0,52.125,224.125,6.49,-0.48
1988-04-01T12:00:00Z,0.0,52.125,228.125,7.31,-0.38
1988-04-01T12:00:00Z,0.0,52.125,232.125,NaN,NaN
1988-04-01T12:00:00Z,0.0,52.125,236.125,NaN,NaN
1988-04-01T12:00:00Z,0.0,52.125,240.125,NaN,NaN
1988-04-01T12:00:00Z,0.0,52.125,244.125,NaN,NaN
1988-04-01T12:00:00Z,0.0,52.125,248.125,NaN,NaN
1988-04-01T12:00:00Z,0.0,52.125,252.125,NaN,NaN
1988-04-01T12:00:00Z,0.0,52.125,256.125,NaN,NaN
1988-04-01T12:00:00Z,0.0,52.125,260.125,NaN,NaN
1988-04-01T12:00:00Z,0.0,52.125,264.125,NaN,NaN
1988-04-01T12:00:00Z,0.0,52.125,268.125,NaN,NaN
1988-04-01T12:00:00Z,0.0,52.125,272.125,NaN,NaN
1988-04-01T12:00:00Z,0.0,52.125,276.125,NaN,NaN
1988-04-01T12:00:00Z,0.0,52.125,280.125,-1.06,0.67
1988-04-01T12:00:00Z,0.0,52.125,284.125,NaN,NaN
1988-04-01T12:00:00Z,0.0,52.125,288.125,NaN,NaN
1988-04-01T12:00:00Z,0.0,52.125,292.125,NaN,NaN
1988-04-01T12:00:00Z,0.0,52.125,296.125,NaN,NaN
1988-04-01T12:00:00Z,0.0,52.125,300.125,NaN,NaN
1988-04-01T12:00:00Z,0.0,52.125,304.125,NaN,NaN
1988-04-01T12:00:00Z,0.0,52.125,308.125,-0.44,-0.87
1988-04-01T12:00:00Z,0.0,52.125,312.125,4.07,0.16
1988-04-01T12:00:00Z,0.0,52.125,316.125,5.66,-0.66
1988-04-01T12:00:00Z,0.0,52.125,320.125,5.57,-1.28
1988-04-01T12:00:00Z,0.0,52.125,324.125,6.9,-0.24
1988-04-01T12:00:00Z,0.0,52.125,328.125,7.27,-0.84
1988-04-01T12:00:00Z,0.0,52.125,332.125,9.64,0.34
1988-04-01T12:00:00Z,0.0,52.125,336.125,9.4,-0.59
1988-04-01T12:00:00Z,0.0,52.125,340.125,9.98,-0.63
1988-04-01T12:00:00Z,0.0,52.125,344.125,10.11,-0.67
1988-04-01T12:00:00Z,0.0,52.125,348.125,10.28,-0.1
1988-04-01T12:00:00Z,0.0,52.125,352.125,NaN,NaN
1988-04-01T12:00:00Z,0.0,52.125,356.125,NaN,NaN
1988-04-01T12:00:00Z,0.0,56.125,0.125,6.71,0.34
1988-04-01T12:00:00Z,0.0,56.125,4.125,6.45,0.6
1988-04-01T12:00:00Z,0.0,56.125,8.125,4.37,-1.03
1988-04-01T12:00:00Z,0.0,56.125,12.125,3.48,-0.37
1988-04-01T12:00:00Z,0.0,56.125,16.125,3.02,-0.41
1988-04-01T12:00:00Z,0.0,56.125,20.125,3.11,-0.17
1988-04-01T12:00:00Z,0.0,56.125,24.125,NaN,NaN
1988-04-01T12:00:00Z,0.0,56.125,28.125,NaN,NaN
1988-04-01T12:00:00Z,0.0,56.125,32.125,NaN,NaN
1988-04-01T12:00:00Z,0.0,56.125,36.125,NaN,NaN
1988-04-01T12:00:00Z,0.0,56.125,40.125,NaN,NaN
1988-04-01T12:00:00Z,0.0,56.125,44.125,NaN,NaN
1988-04-01T12:00:00Z,0.0,56.125,48.125,NaN,NaN
1988-04-01T12:00:00Z,0.0,56.125,52.125,NaN,NaN
1988-04-01T12:00:00Z,0.0,56.125,56.125,NaN,NaN
1988-04-01T12:00:00Z,0.0,56.125,60.125,NaN,NaN
1988-04-01T12:00:00Z,0.0,56.125,64.125,NaN,NaN
1988-04-01T12:00:00Z,0.0,56.125,68.125,NaN,NaN
1988-04-01T12:00:00Z,0.0,56.125,72.125,NaN,NaN
1988-04-01T12:00:00Z,0.0,56.125,76.125,NaN,NaN
1988-04-01T12:00:00Z,0.0,56.125,80.125,NaN,NaN
1988-04-01T12:00:00Z,0.0,56.125,84.125,NaN,NaN
1988-04-01T12:00:00Z,0.0,56.125,88.125,NaN,NaN
1988-04-01T12:00:00Z,0.0,56.125,92.125,NaN,NaN
1988-04-01T12:00:00Z,0.0,56.125,96.125,NaN,NaN
1988-04-01T12:00:00Z,0.0,56.125,100.125,NaN,NaN
1988-04-01T12:00:00Z,0.0,56.125,104.125,NaN,NaN
1988-04-01T12:00:00Z,0.0,56.125,108.125,NaN,NaN
1988-04-01T12:00:00Z,0.0,56.125,112.125,NaN,NaN
1988-04-01T12:00:00Z,0.0,56.125,116.125,NaN,NaN
1988-04-01T12:00:00Z,0.0,56.125,120.125,NaN,NaN
1988-04-01T12:00:00Z,0.0,56.125,124.125,NaN,NaN
1988-04-01T12:00:00Z,0.0,56.125,128.125,NaN,NaN
1988-04-01T12:00:00Z,0.0,56.125,132.125,NaN,NaN
1988-04-01T12:00:00Z,0.0,56.125,136.125,NaN,NaN
1988-04-01T12:00:00Z,0.0,56.125,140.125,-1.53,-0.46
1988-04-01T12:00:00Z,0.0,56.125,144.125,-1.28,-0.23
1988-04-01T12:00:00Z,0.0,56.125,148.125,-0.16,0.38
1988-04-01T12:00:00Z,0.0,56.125,152.125,-0.52,-0.57
1988-04-01T12:00:00Z,0.0,56.125,156.125,NaN,NaN
1988-04-01T12:00:00Z,0.0,56.125,160.125,NaN,NaN
1988-04-01T12:00:00Z,0.0,56.125,164.125,0.32,-0.45
1988-04-01T12:00:00Z,0.0,56.125,168.125,0.89,-0.39
1988-04-01T12:00:00Z,0.0,56.125,172.125,1.28,-0.55
1988-04-01T12:00:00Z,0.0,56.125,176.125,1.61,-0.36
1988-04-01T12:00:00Z,0.0,56.125,180.125,1.92,-0.16
1988-04-01T12:00:00Z,0.0,56.125,184.125,1.91,-0.73
1988-04-01T12:00:00Z,0.0,56.125,188.125,1.67,-0.98
1988-04-01T12:00:00Z,0.0,56.125,192.125,0.83,-1.49
1988-04-01T12:00:00Z,0.0,56.125,196.125,2.16,0.25
1988-04-01T12:00:00Z,0.0,56.125,200.125,NaN,NaN
1988-04-01T12:00:00Z,0.0,56.125,204.125,4.66,0.45
1988-04-01T12:00:00Z,0.0,56.125,208.125,4.93,0.36
1988-04-01T12:00:00Z,0.0,56.125,212.125,4.61,0.16
1988-04-01T12:00:00Z,0.0,56.125,216.125,5.06,0.21
1988-04-01T12:00:00Z,0.0,56.125,220.125,5.38,-0.2
1988-04-01T12:00:00Z,0.0,56.125,224.125,5.87,-0.59
1988-04-01T12:00:00Z,0.0,56.125,228.125,NaN,NaN
1988-04-01T12:00:00Z,0.0,56.125,232.125,NaN,NaN
1988-04-01T12:00:00Z,0.0,56.125,236.125,NaN,NaN
1988-04-01T12:00:00Z,0.0,56.125,240.125,NaN,NaN
1988-04-01T12:00:00Z,0.0,56.125,244.125,NaN,NaN
1988-04-01T12:00:00Z,0.0,56.125,248.125,NaN,NaN
1988-04-01T12:00:00Z,0.0,56.125,252.125,NaN,NaN
1988-04-01T12:00:00Z,0.0,56.125,256.125,NaN,NaN
1988-04-01T12:00:00Z,0.0,56.125,260.125,NaN,NaN
1988-04-01T12:00:00Z,0.0,56.125,264.125,NaN,NaN
1988-04-01T12:00:00Z,0.0,56.125,268.125,NaN,NaN
1988-04-01T12:00:00Z,0.0,56.125,272.125,NaN,NaN
1988-04-01T12:00:00Z,0.0,56.125,276.125,-1.79,-0.07
1988-04-01T12:00:00Z,0.0,56.125,280.125,-1.77,-0.06
1988-04-01T12:00:00Z,0.0,56.125,284.125,NaN,NaN
1988-04-01T12:00:00Z,0.0,56.125,288.125,NaN,NaN
1988-04-01T12:00:00Z,0.0,56.125,292.125,NaN,NaN
1988-04-01T12:00:00Z,0.0,56.125,296.125,NaN,NaN
1988-04-01T12:00:00Z,0.0,56.125,300.125,-0.89,0.33
1988-04-01T12:00:00Z,0.0,56.125,304.125,1.8,1.11
1988-04-01T12:00:00Z,0.0,56.125,308.125,3.08,0.82
1988-04-01T12:00:00Z,0.0,56.125,312.125,3.39,0.46
1988-04-01T12:00:00Z,0.0,56.125,316.125,3.68,0.71
1988-04-01T12:00:00Z,0.0,56.125,320.125,5.02,1.14
1988-04-01T12:00:00Z,0.0,56.125,324.125,5.18,-0.3
1988-04-01T12:00:00Z,0.0,56.125,328.125,5.84,-0.69
1988-04-01T12:00:00Z,0.0,56.125,332.125,8.03,0.56
1988-04-01T12:00:00Z,0.0,56.125,336.125,8.44,-0.19
1988-04-01T12:00:00Z,0.0,56.125,340.125,9.35,-0.1
1988-04-01T12:00:00Z,0.0,56.125,344.125,9.0,-0.53
1988-04-01T12:00:00Z,0.0,56.125,348.125,9.43,-0.25
1988-04-01T12:00:00Z,0.0,56.125,352.125,8.72,-0.05
1988-04-01T12:00:00Z,0.0,56.125,356.125,NaN,NaN
1988-04-01T12:00:00Z,0.0,60.125,0.125,7.41,-0.01
1988-04-01T12:00:00Z,0.0,60.125,4.125,5.03,-1.14
1988-04-01T12:00:00Z,0.0,60.125,8.125,NaN,NaN
1988-04-01T12:00:00Z,0.0,60.125,12.125,NaN,NaN
1988-04-01T12:00:00Z,0.0,60.125,16.125,NaN,NaN
1988-04-01T12:00:00Z,0.0,60.125,20.125,NaN,NaN
1988-04-01T12:00:00Z,0.0,60.125,24.125,NaN,NaN
1988-04-01T12:00:00Z,0.0,60.125,28.125,0.92,0.38
1988-04-01T12:00:00Z,0.0,60.125,32.125,NaN,NaN
1988-04-01T12:00:00Z,0.0,60.125,36.125,NaN,NaN
1988-04-01T12:00:00Z,0.0,60.125,40.125,NaN,NaN
1988-04-01T12:00:00Z,0.0,60.125,44.125,NaN,NaN
1988-04-01T12:00:00Z,0.0,60.125,48.125,NaN,NaN
1988-04-01T12:00:00Z,0.0,60.125,52.125,NaN,NaN
1988-04-01T12:00:00Z,0.0,60.125,56.125,NaN,NaN
1988-04-01T12:00:00Z,0.0,60.125,60.125,NaN,NaN
1988-04-01T12:00:00Z,0.0,60.125,64.125,NaN,NaN
1988-04-01T12:00:00Z,0.0,60.125,68.125,NaN,NaN
1988-04-01T12:00:00Z,0.0,60.125,72.125,NaN,NaN
1988-04-01T12:00:00Z,0.0,60.125,76.125,NaN,NaN
1988-04-01T12:00:00Z,0.0,60.125,80.125,NaN,NaN
1988-04-01T12:00:00Z,0.0,60.125,84.125,NaN,NaN
1988-04-01T12:00:00Z,0.0,60.125,88.125,NaN,NaN
1988-04-01T12:00:00Z,0.0,60.125,92.125,NaN,NaN
1988-04-01T12:00:00Z,0.0,60.125,96.125,NaN,NaN
1988-04-01T12:00:00Z,0.0,60.125,100.125,NaN,NaN
1988-04-01T12:00:00Z,0.0,60.125,104.125,NaN,NaN
1988-04-01T12:00:00Z,0.0,60.125,108.125,NaN,NaN
1988-04-01T12:00:00Z,0.0,60.125,112.125,NaN,NaN
1988-04-01T12:00:00Z,0.0,60.125,116.125,NaN,NaN
1988-04-01T12:00:00Z,0.0,60.125,120.125,NaN,NaN
1988-04-01T12:00:00Z,0.0,60.125,124.125,NaN,NaN
1988-04-01T12:00:00Z,0.0,60.125,128.125,NaN,NaN
1988-04-01T12:00:00Z,0.0,60.125,132.125,NaN,NaN
1988-04-01T12:00:00Z,0.0,60.125,136.125,NaN,NaN
1988-04-01T12:00:00Z,0.0,60.125,140.125,NaN,NaN
1988-04-01T12:00:00Z,0.0,60.125,144.125,NaN,NaN
1988-04-01T12:00:00Z,0.0,60.125,148.125,NaN,NaN
1988-04-01T12:00:00Z,0.0,60.125,152.125,NaN,NaN
1988-04-01T12:00:00Z,0.0,60.125,156.125,-1.15,-0.42
1988-04-01T12:00:00Z,0.0,60.125,160.125,-0.64,-0.47
1988-04-01T12:00:00Z,0.0,60.125,164.125,NaN,NaN
1988-04-01T12:00:00Z,0.0,60.125,168.125,-0.2,-0.68
1988-04-01T12:00:00Z,0.0,60.125,172.125,0.97,0.27
1988-04-01T12:00:00Z,0.0,60.125,176.125,1.93,0.97
1988-04-01T12:00:00Z,0.0,60.125,180.125,0.95,0.13
1988-04-01T12:00:00Z,0.0,60.125,184.125,-1.04,-0.88
1988-04-01T12:00:00Z,0.0,60.125,188.125,-1.17,-0.2
1988-04-01T12:00:00Z,0.0,60.125,192.125,-0.79,-0.09
1988-04-01T12:00:00Z,0.0,60.125,196.125,NaN,NaN
1988-04-01T12:00:00Z,0.0,60.125,200.125,NaN,NaN
1988-04-01T12:00:00Z,0.0,60.125,204.125,NaN,NaN
1988-04-01T12:00:00Z,0.0,60.125,208.125,2.4,-1.76
1988-04-01T12:00:00Z,0.0,60.125,212.125,NaN,NaN
1988-04-01T12:00:00Z,0.0,60.125,216.125,NaN,NaN
1988-04-01T12:00:00Z,0.0,60.125,220.125,NaN,NaN
1988-04-01T12:00:00Z,0.0,60.125,224.125,NaN,NaN
1988-04-01T12:00:00Z,0.0,60.125,228.125,NaN,NaN
1988-04-01T12:00:00Z,0.0,60.125,232.125,NaN,NaN
1988-04-01T12:00:00Z,0.0,60.125,236.125,NaN,NaN
1988-04-01T12:00:00Z,0.0,60.125,240.125,NaN,NaN
1988-04-01T12:00:00Z,0.0,60.125,244.125,NaN,NaN
1988-04-01T12:00:00Z,0.0,60.125,248.125,NaN,NaN
1988-04-01T12:00:00Z,0.0,60.125,252.125,NaN,NaN
1988-04-01T12:00:00Z,0.0,60.125,256.125,NaN,NaN
1988-04-01T12:00:00Z,0.0,60.125,260.125,NaN,NaN
1988-04-01T12:00:00Z,0.0,60.125,264.125,NaN,NaN
1988-04-01T12:00:00Z,0.0,60.125,268.125,-1.7,-0.02
1988-04-01T12:00:00Z,0.0,60.125,272.125,-1.8,-0.04
1988-04-01T12:00:00Z,0.0,60.125,276.125,-1.8,-0.06
1988-04-01T12:00:00Z,0.0,60.125,280.125,-1.4,0.29
1988-04-01T12:00:00Z,0.0,60.125,284.125,NaN,NaN
1988-04-01T12:00:00Z,0.0,60.125,288.125,NaN,NaN
1988-04-01T12:00:00Z,0.0,60.125,292.125,-1.41,0.3
1988-04-01T12:00:00Z,0.0,60.125,296.125,-0.72,0.85
1988-04-01T12:00:00Z,0.0,60.125,300.125,0.02,0.22
1988-04-01T12:00:00Z,0.0,60.125,304.125,2.95,1.52
1988-04-01T12:00:00Z,0.0,60.125,308.125,3.28,1.68
1988-04-01T12:00:00Z,0.0,60.125,312.125,2.61,1.56
1988-04-01T12:00:00Z,0.0,60.125,316.125,NaN,NaN
1988-04-01T12:00:00Z,0.0,60.125,320.125,3.97,0.24
1988-04-01T12:00:00Z,0.0,60.125,324.125,4.59,0.19
1988-04-01T12:00:00Z,0.0,60.125,328.125,6.01,0.18
1988-04-01T12:00:00Z,0.0,60.125,332.125,6.26,-0.71
1988-04-01T12:00:00Z,0.0,60.125,336.125,7.55,-0.13
1988-04-01T12:00:00Z,0.0,60.125,340.125,7.39,-0.74
1988-04-01T12:00:00Z,0.0,60.125,344.125,8.43,0.18
1988-04-01T12:00:00Z,0.0,60.125,348.125,8.76,0.14
1988-04-01T12:00:00Z,0.0,60.125,352.125,8.87,0.35
1988-04-01T12:00:00Z,0.0,60.125,356.125,8.4,0.53
1988-04-01T12:00:00Z,0.0,64.125,0.125,6.78,0.74
1988-04-01T12:00:00Z,0.0,64.125,4.125,6.83,-0.05
1988-04-01T12:00:00Z,0.0,64.125,8.125,5.59,-0.8
1988-04-01T12:00:00Z,0.0,64.125,12.125,NaN,NaN
1988-04-01T12:00:00Z,0.0,64.125,16.125,NaN,NaN
1988-04-01T12:00:00Z,0.0,64.125,20.125,NaN,NaN
1988-04-01T12:00:00Z,0.0,64.125,24.125,NaN,NaN
1988-04-01T12:00:00Z,0.0,64.125,28.125,NaN,NaN
1988-04-01T12:00:00Z,0.0,64.125,32.125,NaN,NaN
1988-04-01T12:00:00Z,0.0,64.125,36.125,NaN,NaN
1988-04-01T12:00:00Z,0.0,64.125,40.125,NaN,NaN
1988-04-01T12:00:00Z,0.0,64.125,44.125,NaN,NaN
1988-04-01T12:00:00Z,0.0,64.125,48.125,NaN,NaN
1988-04-01T12:00:00Z,0.0,64.125,52.125,NaN,NaN
1988-04-01T12:00:00Z,0.0,64.125,56.125,NaN,NaN
1988-04-01T12:00:00Z,0.0,64.125,60.125,NaN,NaN
1988-04-01T12:00:00Z,0.0,64.125,64.125,NaN,NaN
1988-04-01T12:00:00Z,0.0,64.125,68.125,NaN,NaN
1988-04-01T12:00:00Z,0.0,64.125,72.125,NaN,NaN
1988-04-01T12:00:00Z,0.0,64.125,76.125,NaN,NaN
1988-04-01T12:00:00Z,0.0,64.125,80.125,NaN,NaN
1988-04-01T12:00:00Z,0.0,64.125,84.125,NaN,NaN
1988-04-01T12:00:00Z,0.0,64.125,88.125,NaN,NaN
1988-04-01T12:00:00Z,0.0,64.125,92.125,NaN,NaN
1988-04-01T12:00:00Z,0.0,64.125,96.125,NaN,NaN
1988-04-01T12:00:00Z,0.0,64.125,100.125,NaN,NaN
1988-04-01T12:00:00Z,0.0,64.125,104.125,NaN,NaN
1988-04-01T12:00:00Z,0.0,64.125,108.125,NaN,NaN
1988-04-01T12:00:00Z,0.0,64.125,112.125,NaN,NaN
1988-04-01T12:00:00Z,0.0,64.125,116.125,NaN,NaN
1988-04-01T12:00:00Z,0.0,64.125,120.125,NaN,NaN
1988-04-01T12:00:00Z,0.0,64.125,124.125,NaN,NaN
1988-04-01T12:00:00Z,0.0,64.125,128.125,NaN,NaN
1988-04-01T12:00:00Z,0.0,64.125,132.125,NaN,NaN
1988-04-01T12:00:00Z,0.0,64.125,136.125,NaN,NaN
1988-04-01T12:00:00Z,0.0,64.125,140.125,NaN,NaN
1988-04-01T12:00:00Z,0.0,64.125,144.125,NaN,NaN
1988-04-01T12:00:00Z,0.0,64.125,148.125,NaN,NaN
1988-04-01T12:00:00Z,0.0,64.125,152.125,NaN,NaN
1988-04-01T12:00:00Z,0.0,64.125,156.125,NaN,NaN
1988-04-01T12:00:00Z,0.0,64.125,160.125,NaN,NaN
1988-04-01T12:00:00Z,0.0,64.125,164.125,NaN,NaN
1988-04-01T12:00:00Z,0.0,64.125,168.125,NaN,NaN
1988-04-01T12:00:00Z,0.0,64.125,172.125,NaN,NaN
1988-04-01T12:00:00Z,0.0,64.125,176.125,NaN,NaN
1988-04-01T12:00:00Z,0.0,64.125,180.125,-1.28,0.1
1988-04-01T12:00:00Z,0.0,64.125,184.125,0.16,0.9
1988-04-01T12:00:00Z,0.0,64.125,188.125,-0.1,0.75
1988-04-01T12:00:00Z,0.0,64.125,192.125,-0.89,0.44
1988-04-01T12:00:00Z,0.0,64.125,196.125,0.41,1.21
1988-04-01T12:00:00Z,0.0,64.125,200.125,NaN,NaN
1988-04-01T12:00:00Z,0.0,64.125,204.125,NaN,NaN
1988-04-01T12:00:00Z,0.0,64.125,208.125,NaN,NaN
1988-04-01T12:00:00Z,0.0,64.125,212.125,NaN,NaN
1988-04-01T12:00:00Z,0.0,64.125,216.125,NaN,NaN
1988-04-01T12:00:00Z,0.0,64.125,220.125,NaN,NaN
1988-04-01T12:00:00Z,0.0,64.125,224.125,NaN,NaN
1988-04-01T12:00:00Z,0.0,64.125,228.125,NaN,NaN
1988-04-01T12:00:00Z,0.0,64.125,232.125,NaN,NaN
1988-04-01T12:00:00Z,0.0,64.125,236.125,NaN,NaN
1988-04-01T12:00:00Z,0.0,64.125,240.125,NaN,NaN
1988-04-01T12:00:00Z,0.0,64.125,244.125,NaN,NaN
1988-04-01T12:00:00Z,0.0,64.125,248.125,NaN,NaN
1988-04-01T12:00:00Z,0.0,64.125,252.125,NaN,NaN
1988-04-01T12:00:00Z,0.0,64.125,256.125,NaN,NaN
1988-04-01T12:00:00Z,0.0,64.125,260.125,NaN,NaN
1988-04-01T12:00:00Z,0.0,64.125,264.125,NaN,NaN
1988-04-01T12:00:00Z,0.0,64.125,268.125,NaN,NaN
1988-04-01T12:00:00Z,0.0,64.125,272.125,-1.4,0.25
1988-04-01T12:00:00Z,0.0,64.125,276.125,NaN,NaN
1988-04-01T12:00:00Z,0.0,64.125,280.125,-1.8,-0.02
1988-04-01T12:00:00Z,0.0,64.125,284.125,-0.96,0.78
1988-04-01T12:00:00Z,0.0,64.125,288.125,NaN,NaN
1988-04-01T12:00:00Z,0.0,64.125,292.125,NaN,NaN
1988-04-01T12:00:00Z,0.0,64.125,296.125,-1.79,-0.1
1988-04-01T12:00:00Z,0.0,64.125,300.125,-1.26,0.06
1988-04-01T12:00:00Z,0.0,64.125,304.125,0.01,0.02
1988-04-01T12:00:00Z,0.0,64.125,308.125,-0.41,-0.79
1988-04-01T12:00:00Z,0.0,64.125,312.125,NaN,NaN
1988-04-01T12:00:00Z,0.0,64.125,316.125,NaN,NaN
1988-04-01T12:00:00Z,0.0,64.125,320.125,0.1,-0.83
1988-04-01T12:00:00Z,0.0,64.125,324.125,4.83,1.26
1988-04-01T12:00:00Z,0.0,64.125,328.125,4.46,-0.92
1988-04-01T12:00:00Z,0.0,64.125,332.125,6.22,0.01
1988-04-01T12:00:00Z,0.0,64.125,336.125,5.41,-0.44
1988-04-01T12:00:00Z,0.0,64.125,340.125,NaN,NaN
1988-04-01T12:00:00Z,0.0,64.125,344.125,6.8,-0.02
1988-04-01T12:00:00Z,0.0,64.125,348.125,5.9,0.32
1988-04-01T12:00:00Z,0.0,64.125,352.125,3.07,-1.27
1988-04-01T12:00:00Z,0.0,64.125,356.125,4.47,0.0
1988-04-01T12:00:00Z,0.0,68.125,0.125,5.46,0.53
1988-04-01T12:00:00Z,0.0,68.125,4.125,6.05,0.32
1988-04-01T12:00:00Z,0.0,68.125,8.125,6.49,0.45
1988-04-01T12:00:00Z,0.0,68.125,12.125,4.5,-0.87
1988-04-01T12:00:00Z,0.0,68.125,16.125,2.91,-1.45
1988-04-01T12:00:00Z,0.0,68.125,20.125,NaN,NaN
1988-04-01T12:00:00Z,0.0,68.125,24.125,NaN,NaN
1988-04-01T12:00:00Z,0.0,68.125,28.125,NaN,NaN
1988-04-01T12:00:00Z,0.0,68.125,32.125,NaN,NaN
1988-04-01T12:00:00Z,0.0,68.125,36.125,NaN,NaN
1988-04-01T12:00:00Z,0.0,68.125,40.125,-0.57,-1.11
1988-04-01T12:00:00Z,0.0,68.125,44.125,-1.24,-0.92
1988-04-01T12:00:00Z,0.0,68.125,48.125,-0.92,-0.5
1988-04-01T12:00:00Z,0.0,68.125,52.125,NaN,NaN
1988-04-01T12:00:00Z,0.0,68.125,56.125,NaN,NaN
1988-04-01T12:00:00Z,0.0,68.125,60.125,NaN,NaN
1988-04-01T12:00:00Z,0.0,68.125,64.125,NaN,NaN
1988-04-01T12:00:00Z,0.0,68.125,68.125,NaN,NaN
1988-04-01T12:00:00Z,0.0,68.125,72.125,NaN,NaN
1988-04-01T12:00:00Z,0.0,68.125,76.125,NaN,NaN
1988-04-01T12:00:00Z,0.0,68.125,80.125,NaN,NaN
1988-04-01T12:00:00Z,0.0,68.125,84.125,NaN,NaN
1988-04-01T12:00:00Z,0.0,68.125,88.125,NaN,NaN
1988-04-01T12:00:00Z,0.0,68.125,92.125,NaN,NaN
1988-04-01T12:00:00Z,0.0,68.125,96.125,NaN,NaN
1988-04-01T12:00:00Z,0.0,68.125,100.125,NaN,NaN
1988-04-01T12:00:00Z,0.0,68.125,104.125,NaN,NaN
1988-04-01T12:00:00Z,0.0,68.125,108.125,NaN,NaN
1988-04-01T12:00:00Z,0.0,68.125,112.125,NaN,NaN
1988-04-01T12:00:00Z,0.0,68.125,116.125,NaN,NaN
1988-04-01T12:00:00Z,0.0,68.125,120.125,NaN,NaN
1988-04-01T12:00:00Z,0.0,68.125,124.125,NaN,NaN
1988-04-01T12:00:00Z,0.0,68.125,128.125,NaN,NaN
1988-04-01T12:00:00Z,0.0,68.125,132.125,NaN,NaN
1988-04-01T12:00:00Z,0.0,68.125,136.125,NaN,NaN
1988-04-01T12:00:00Z,0.0,68.125,140.125,NaN,NaN
1988-04-01T12:00:00Z,0.0,68.125,144.125,NaN,NaN
1988-04-01T12:00:00Z,0.0,68.125,148.125,NaN,NaN
1988-04-01T12:00:00Z,0.0,68.125,152.125,NaN,NaN
1988-04-01T12:00:00Z,0.0,68.125,156.125,NaN,NaN
1988-04-01T12:00:00Z,0.0,68.125,160.125,NaN,NaN
1988-04-01T12:00:00Z,0.0,68.125,164.125,NaN,NaN
1988-04-01T12:00:00Z,0.0,68.125,168.125,NaN,NaN
1988-04-01T12:00:00Z,0.0,68.125,172.125,NaN,NaN
1988-04-01T12:00:00Z,0.0,68.125,176.125,NaN,NaN
1988-04-01T12:00:00Z,0.0,68.125,180.125,NaN,NaN
1988-04-01T12:00:00Z,0.0,68.125,184.125,-1.79,-0.08
1988-04-01T12:00:00Z,0.0,68.125,188.125,-1.8,-0.03
1988-04-01T12:00:00Z,0.0,68.125,192.125,-1.6,0.16
1988-04-01T12:00:00Z,0.0,68.125,196.125,NaN,NaN
1988-04-01T12:00:00Z,0.0,68.125,200.125,NaN,NaN
1988-04-01T12:00:00Z,0.0,68.125,204.125,NaN,NaN
1988-04-01T12:00:00Z,0.0,68.125,208.125,NaN,NaN
1988-04-01T12:00:00Z,0.0,68.125,212.125,NaN,NaN
1988-04-01T12:00:00Z,0.0,68.125,216.125,NaN,NaN
1988-04-01T12:00:00Z,0.0,68.125,220.125,NaN,NaN
1988-04-01T12:00:00Z,0.0,68.125,224.125,NaN,NaN
1988-04-01T12:00:00Z,0.0,68.125,228.125,NaN,NaN
1988-04-01T12:00:00Z,0.0,68.125,232.125,NaN,NaN
1988-04-01T12:00:00Z,0.0,68.125,236.125,NaN,NaN
1988-04-01T12:00:00Z,0.0,68.125,240.125,NaN,NaN
1988-04-01T12:00:00Z,0.0,68.125,244.125,NaN,NaN
1988-04-01T12:00:00Z,0.0,68.125,248.125,-1.76,0.04
1988-04-01T12:00:00Z,0.0,68.125,252.125,-1.79,0.01
1988-04-01T12:00:00Z,0.0,68.125,256.125,-1.74,0.03
1988-04-01T12:00:00Z,0.0,68.125,260.125,-1.79,-0.01
1988-04-01T12:00:00Z,0.0,68.125,264.125,-1.8,-0.02
1988-04-01T12:00:00Z,0.0,68.125,268.125,NaN,NaN
1988-04-01T12:00:00Z,0.0,68.125,272.125,-1.8,-0.02
1988-04-01T12:00:00Z,0.0,68.125,276.125,NaN,NaN
1988-04-01T12:00:00Z,0.0,68.125,280.125,-1.79,-0.01
1988-04-01T12:00:00Z,0.0,68.125,284.125,NaN,NaN
1988-04-01T12:00:00Z,0.0,68.125,288.125,NaN,NaN
1988-04-01T12:00:00Z,0.0,68.125,292.125,NaN,NaN
1988-04-01T12:00:00Z,0.0,68.125,296.125,-1.8,-0.02
1988-04-01T12:00:00Z,0.0,68.125,300.125,-1.77,-0.07
1988-04-01T12:00:00Z,0.0,68.125,304.125,-0.72,0.19
1988-04-01T12:00:00Z,0.0,68.125,308.125,NaN,NaN
1988-04-01T12:00:00Z,0.0,68.125,312.125,NaN,NaN
1988-04-01T12:00:00Z,0.0,68.125,316.125,NaN,NaN
1988-04-01T12:00:00Z,0.0,68.125,320.125,NaN,NaN
1988-04-01T12:00:00Z,0.0,68.125,324.125,NaN,NaN
1988-04-01T12:00:00Z,0.0,68.125,328.125,-1.3,-0.06
1988-04-01T12:00:00Z,0.0,68.125,332.125,-1.55,-0.99
1988-04-01T12:00:00Z,0.0,68.125,336.125,-1.59,-2.19
1988-04-01T12:00:00Z,0.0,68.125,340.125,-1.31,-2.54
1988-04-01T12:00:00Z,0.0,68.125,344.125,1.08,0.42
1988-04-01T12:00:00Z,0.0,68.125,348.125,-0.03,-0.12
1988-04-01T12:00:00Z,0.0,68.125,352.125,1.36,-0.1
1988-04-01T12:00:00Z,0.0,68.125,356.125,3.7,0.16
1988-04-01T12:00:00Z,0.0,72.125,0.125,4.76,2.76
1988-04-01T12:00:00Z,0.0,72.125,4.125,3.54,0.34
1988-04-01T12:00:00Z,0.0,72.125,8.125,4.05,-0.04
1988-04-01T12:00:00Z,0.0,72.125,12.125,4.72,-0.28
1988-04-01T12:00:00Z,0.0,72.125,16.125,4.86,-0.58
1988-04-01T12:00:00Z,0.0,72.125,20.125,4.72,0.26
1988-04-01T12:00:00Z,0.0,72.125,24.125,3.86,-0.25
1988-04-01T12:00:00Z,0.0,72.125,28.125,3.72,-0.31
1988-04-01T12:00:00Z,0.0,72.125,32.125,3.17,-0.13
1988-04-01T12:00:00Z,0.0,72.125,36.125,2.56,0.22
1988-04-01T12:00:00Z,0.0,72.125,40.125,1.27,-0.17
1988-04-01T12:00:00Z,0.0,72.125,44.125,1.67,0.77
1988-04-01T12:00:00Z,0.0,72.125,48.125,0.31,0.0
1988-04-01T12:00:00Z,0.0,72.125,52.125,-0.81,-0.65
1988-04-01T12:00:00Z,0.0,72.125,56.125,-1.21,-0.09
1988-04-01T12:00:00Z,0.0,72.125,60.125,-1.76,-0.2
1988-04-01T12:00:00Z,0.0,72.125,64.125,-1.8,-0.07
1988-04-01T12:00:00Z,0.0,72.125,68.125,-1.73,0.0
1988-04-01T12:00:00Z,0.0,72.125,72.125,NaN,NaN
1988-04-01T12:00:00Z,0.0,72.125,76.125,-1.67,0.04
1988-04-01T12:00:00Z,0.0,72.125,80.125,NaN,NaN
1988-04-01T12:00:00Z,0.0,72.125,84.125,NaN,NaN
1988-04-01T12:00:00Z,0.0,72.125,88.125,NaN,NaN
1988-04-01T12:00:00Z,0.0,72.125,92.125,NaN,NaN
1988-04-01T12:00:00Z,0.0,72.125,96.125,NaN,NaN
1988-04-01T12:00:00Z,0.0,72.125,100.125,NaN,NaN
1988-04-01T12:00:00Z,0.0,72.125,104.125,NaN,NaN
1988-04-01T12:00:00Z,0.0,72.125,108.125,NaN,NaN
1988-04-01T12:00:00Z,0.0,72.125,112.125,NaN,NaN
1988-04-01T12:00:00Z,0.0,72.125,116.125,NaN,NaN
1988-04-01T12:00:00Z,0.0,72.125,120.125,NaN,NaN
1988-04-01T12:00:00Z,0.0,72.125,124.125,NaN,NaN
1988-04-01T12:00:00Z,0.0,72.125,128.125,NaN,NaN
1988-04-01T12:00:00Z,0.0,72.125,132.125,-1.6,0.2
1988-04-01T12:00:00Z,0.0,72.125,136.125,-1.59,0.21
1988-04-01T12:00:00Z,0.0,72.125,140.125,NaN,NaN
1988-04-01T12:00:00Z,0.0,72.125,144.125,NaN,NaN
1988-04-01T12:00:00Z,0.0,72.125,148.125,NaN,NaN
1988-04-01T12:00:00Z,0.0,72.125,152.125,-1.72,0.07
1988-04-01T12:00:00Z,0.0,72.125,156.125,-1.77,0.03
1988-04-01T12:00:00Z,0.0,72.125,160.125,-1.8,0.0
1988-04-01T12:00:00Z,0.0,72.125,164.125,-1.8,-0.01
1988-04-01T12:00:00Z,0.0,72.125,168.125,-1.8,0.0
1988-04-01T12:00:00Z,0.0,72.125,172.125,-1.8,0.0
1988-04-01T12:00:00Z,0.0,72.125,176.125,-1.8,0.0
1988-04-01T12:00:00Z,0.0,72.125,180.125,-1.8,0.0
1988-04-01T12:00:00Z,0.0,72.125,184.125,-1.8,0.0
1988-04-01T12:00:00Z,0.0,72.125,188.125,-1.8,-0.01
1988-04-01T12:00:00Z,0.0,72.125,192.125,-1.8,-0.01
1988-04-01T12:00:00Z,0.0,72.125,196.125,-1.8,-0.03
1988-04-01T12:00:00Z,0.0,72.125,200.125,-1.8,-0.04
1988-04-01T12:00:00Z,0.0,72.125,204.125,-1.8,-0.03
1988-04-01T12:00:00Z,0.0,72.125,208.125,-1.8,-0.03
1988-04-01T12:00:00Z,0.0,72.125,212.125,-1.8,-0.02
1988-04-01T12:00:00Z,0.0,72.125,216.125,-1.8,-0.01
1988-04-01T12:00:00Z,0.0,72.125,220.125,-1.8,0.0
1988-04-01T12:00:00Z,0.0,72.125,224.125,-1.8,-0.02
1988-04-01T12:00:00Z,0.0,72.125,228.125,-1.8,-0.04
1988-04-01T12:00:00Z,0.0,72.125,232.125,-1.8,-0.07
1988-04-01T12:00:00Z,0.0,72.125,236.125,NaN,NaN
1988-04-01T12:00:00Z,0.0,72.125,240.125,-1.62,0.12
1988-04-01T12:00:00Z,0.0,72.125,244.125,NaN,NaN
1988-04-01T12:00:00Z,0.0,72.125,248.125,NaN,NaN
1988-04-01T12:00:00Z,0.0,72.125,252.125,-1.6,0.2
1988-04-01T12:00:00Z,0.0,72.125,256.125,-1.72,0.08
1988-04-01T12:00:00Z,0.0,72.125,260.125,NaN,NaN
1988-04-01T12:00:00Z,0.0,72.125,264.125,-1.64,0.16
1988-04-01T12:00:00Z,0.0,72.125,268.125,-1.8,-0.01
1988-04-01T12:00:00Z,0.0,72.125,272.125,NaN,NaN
1988-04-01T12:00:00Z,0.0,72.125,276.125,NaN,NaN
1988-04-01T12:00:00Z,0.0,72.125,280.125,NaN,NaN
1988-04-01T12:00:00Z,0.0,72.125,284.125,NaN,NaN
1988-04-01T12:00:00Z,0.0,72.125,288.125,-1.8,0.0
1988-04-01T12:00:00Z,0.0,72.125,292.125,-1.75,0.05
1988-04-01T12:00:00Z,0.0,72.125,296.125,-1.8,0.0
1988-04-01T12:00:00Z,0.0,72.125,300.125,-1.8,-0.02
1988-04-01T12:00:00Z,0.0,72.125,304.125,-1.26,0.36
1988-04-01T12:00:00Z,0.0,72.125,308.125,NaN,NaN
1988-04-01T12:00:00Z,0.0,72.125,312.125,NaN,NaN
1988-04-01T12:00:00Z,0.0,72.125,316.125,NaN,NaN
1988-04-01T12:00:00Z,0.0,72.125,320.125,NaN,NaN
1988-04-01T12:00:00Z,0.0,72.125,324.125,NaN,NaN
1988-04-01T12:00:00Z,0.0,72.125,328.125,NaN,NaN
1988-04-01T12:00:00Z,0.0,72.125,332.125,NaN,NaN
1988-04-01T12:00:00Z,0.0,72.125,336.125,NaN,NaN
1988-04-01T12:00:00Z,0.0,72.125,340.125,-1.53,-0.24
1988-04-01T12:00:00Z,0.0,72.125,344.125,-1.44,-1.31
1988-04-01T12:00:00Z,0.0,72.125,348.125,0.27,-0.25
1988-04-01T12:00:00Z,0.0,72.125,352.125,0.78,0.15
1988-04-01T12:00:00Z,0.0,72.125,356.125,0.7,-0.31
1988-04-01T12:00:00Z,0.0,76.125,0.125,-0.4,-1.1
1988-04-01T12:00:00Z,0.0,76.125,4.125,1.11,-0.74
1988-04-01T12:00:00Z,0.0,76.125,8.125,2.57,0.03
1988-04-01T12:00:00Z,0.0,76.125,12.125,2.63,0.67
1988-04-01T12:00:00Z,0.0,76.125,16.125,-0.46,-1.75
1988-04-01T12:00:00Z,0.0,76.125,20.125,-1.19,-0.99
1988-04-01T12:00:00Z,0.0,76.125,24.125,-1.18,-1.22
1988-04-01T12:00:00Z,0.0,76.125,28.125,0.07,-0.57
1988-04-01T12:00:00Z,0.0,76.125,32.125,-0.9,-1.48
1988-04-01T12:00:00Z,0.0,76.125,36.125,-1.45,-1.5
1988-04-01T12:00:00Z,0.0,76.125,40.125,-1.38,-1.14
1988-04-01T12:00:00Z,0.0,76.125,44.125,-1.31,-1.14
1988-04-01T12:00:00Z,0.0,76.125,48.125,-1.33,-1.02
1988-04-01T12:00:00Z,0.0,76.125,52.125,-1.45,-0.7
1988-04-01T12:00:00Z,0.0,76.125,56.125,-1.79,-0.76
1988-04-01T12:00:00Z,0.0,76.125,60.125,-1.63,-0.24
1988-04-01T12:00:00Z,0.0,76.125,64.125,NaN,NaN
1988-04-01T12:00:00Z,0.0,76.125,68.125,-1.69,0.01
1988-04-01T12:00:00Z,0.0,76.125,72.125,-1.8,-0.04
1988-04-01T12:00:00Z,0.0,76.125,76.125,-1.76,0.03
1988-04-01T12:00:00Z,0.0,76.125,80.125,-1.78,0.01
1988-04-01T12:00:00Z,0.0,76.125,84.125,-1.79,-0.01
1988-04-01T12:00:00Z,0.0,76.125,88.125,-1.73,0.03
1988-04-01T12:00:00Z,0.0,76.125,92.125,-1.7,0.08
1988-04-01T12:00:00Z,0.0,76.125,96.125,NaN,NaN
1988-04-01T12:00:00Z,0.0,76.125,100.125,NaN,NaN
1988-04-01T12:00:00Z,0.0,76.125,104.125,NaN,NaN
1988-04-01T12:00:00Z,0.0,76.125,108.125,NaN,NaN
1988-04-01T12:00:00Z,0.0,76.125,112.125,NaN,NaN
1988-04-01T12:00:00Z,0.0,76.125,116.125,-1.77,0.01
1988-04-01T12:00:00Z,0.0,76.125,120.125,-1.78,0.02
1988-04-01T12:00:00Z,0.0,76.125,124.125,-1.79,0.0
1988-04-01T12:00:00Z,0.0,76.125,128.125,-1.7,0.1
1988-04-01T12:00:00Z,0.0,76.125,132.125,-1.71,0.09
1988-04-01T12:00:00Z,0.0,76.125,136.125,-1.63,0.17
1988-04-01T12:00:00Z,0.0,76.125,140.125,-1.58,0.22
1988-04-01T12:00:00Z,0.0,76.125,144.125,-1.51,0.28
1988-04-01T12:00:00Z,0.0,76.125,148.125,-1.69,0.11
1988-04-01T12:00:00Z,0.0,76.125,152.125,-1.79,0.01
1988-04-01T12:00:00Z,0.0,76.125,156.125,-1.8,0.0
1988-04-01T12:00:00Z,0.0,76.125,160.125,-1.8,0.0
1988-04-01T12:00:00Z,0.0,76.125,164.125,-1.8,0.0
1988-04-01T12:00:00Z,0.0,76.125,168.125,-1.8,0.0
1988-04-01T12:00:00Z,0.0,76.125,172.125,-1.8,0.0
1988-04-01T12:00:00Z,0.0,76.125,176.125,-1.8,0.0
1988-04-01T12:00:00Z,0.0,76.125,180.125,-1.8,0.0
1988-04-01T12:00:00Z,0.0,76.125,184.125,-1.8,0.0
1988-04-01T12:00:00Z,0.0,76.125,188.125,-1.8,0.0
1988-04-01T12:00:00Z,0.0,76.125,192.125,-1.8,0.0
1988-04-01T12:00:00Z,0.0,76.125,196.125,-1.8,0.0
1988-04-01T12:00:00Z,0.0,76.125,200.125,-1.8,0.0
1988-04-01T12:00:00Z,0.0,76.125,204.125,-1.8,0.0
1988-04-01T12:00:00Z,0.0,76.125,208.125,-1.8,0.0
1988-04-01T12:00:00Z,0.0,76.125,212.125,-1.8,0.0
1988-04-01T12:00:00Z,0.0,76.125,216.125,-1.8,0.0
1988-04-01T12:00:00Z,0.0,76.125,220.125,-1.8,0.0
1988-04-01T12:00:00Z,0.0,76.125,224.125,-1.8,0.0
1988-04-01T12:00:00Z,0.0,76.125,228.125,-1.78,0.02
1988-04-01T12:00:00Z,0.0,76.125,232.125,-1.8,0.0
1988-04-01T12:00:00Z,0.0,76.125,236.125,-1.77,0.02
1988-04-01T12:00:00Z,0.0,76.125,240.125,NaN,NaN
1988-04-01T12:00:00Z,0.0,76.125,244.125,NaN,NaN
1988-04-01T12:00:00Z,0.0,76.125,248.125,-1.65,0.15
1988-04-01T12:00:00Z,0.0,76.125,252.125,-1.65,0.15
1988-04-01T12:00:00Z,0.0,76.125,256.125,NaN,NaN
1988-04-01T12:00:00Z,0.0,76.125,260.125,NaN,NaN
1988-04-01T12:00:00Z,0.0,76.125,264.125,-1.64,0.16
1988-04-01T12:00:00Z,0.0,76.125,268.125,NaN,NaN
1988-04-01T12:00:00Z,0.0,76.125,272.125,-1.56,0.17
1988-04-01T12:00:00Z,0.0,76.125,276.125,-1.44,0.26
1988-04-01T12:00:00Z,0.0,76.125,280.125,-1.02,0.67
1988-04-01T12:00:00Z,0.0,76.125,284.125,-1.49,0.17
1988-04-01T12:00:00Z,0.0,76.125,288.125,-1.71,0.01
1988-04-01T12:00:00Z,0.0,76.125,292.125,NaN,NaN
1988-04-01T12:00:00Z,0.0,76.125,296.125,-1.76,0.01
1988-04-01T12:00:00Z,0.0,76.125,300.125,NaN,NaN
1988-04-01T12:00:00Z,0.0,76.125,304.125,NaN,NaN
1988-04-01T12:00:00Z,0.0,76.125,308.125,NaN,NaN
1988-04-01T12:00:00Z,0.0,76.125,312.125,NaN,NaN
1988-04-01T12:00:00Z,0.0,76.125,316.125,NaN,NaN
1988-04-01T12:00:00Z,0.0,76.125,320.125,NaN,NaN
1988-04-01T12:00:00Z,0.0,76.125,324.125,NaN,NaN
1988-04-01T12:00:00Z,0.0,76.125,328.125,NaN,NaN
1988-04-01T12:00:00Z,0.0,76.125,332.125,NaN,NaN
1988-04-01T12:00:00Z,0.0,76.125,336.125,NaN,NaN
1988-04-01T12:00:00Z,0.0,76.125,340.125,NaN,NaN
1988-04-01T12:00:00Z,0.0,76.125,344.125,-1.63,0.05
1988-04-01T12:00:00Z,0.0,76.125,348.125,-1.43,-0.2
1988-04-01T12:00:00Z,0.0,76.125,352.125,-0.62,-0.13
1988-04-01T12:00:00Z,0.0,76.125,356.125,0.79,0.51
1988-04-01T12:00:00Z,0.0,80.125,0.125,-1.34,-0.52
1988-04-01T12:00:00Z,0.0,80.125,4.125,-0.97,-1.17
1988-04-01T12:00:00Z,0.0,80.125,8.125,-0.2,-0.58
1988-04-01T12:00:00Z,0.0,80.125,12.125,-0.62,-0.75
1988-04-01T12:00:00Z,0.0,80.125,16.125,-0.09,0.15
1988-04-01T12:00:00Z,0.0,80.125,20.125,NaN,NaN
1988-04-01T12:00:00Z,0.0,80.125,24.125,NaN,NaN
1988-04-01T12:00:00Z,0.0,80.125,28.125,-1.37,0.22
1988-04-01T12:00:00Z,0.0,80.125,32.125,-1.48,0.22
1988-04-01T12:00:00Z,0.0,80.125,36.125,-1.63,0.1
1988-04-01T12:00:00Z,0.0,80.125,40.125,-1.7,0.04
1988-04-01T12:00:00Z,0.0,80.125,44.125,-1.66,0.04
1988-04-01T12:00:00Z,0.0,80.125,48.125,-1.6,0.04
1988-04-01T12:00:00Z,0.0,80.125,52.125,-1.7,-0.08
1988-04-01T12:00:00Z,0.0,80.125,56.125,NaN,NaN
1988-04-01T12:00:00Z,0.0,80.125,60.125,-1.73,-0.06
1988-04-01T12:00:00Z,0.0,80.125,64.125,-1.79,-0.06
1988-04-01T12:00:00Z,0.0,80.125,68.125,-1.8,-0.03
1988-04-01T12:00:00Z,0.0,80.125,72.125,-1.8,0.0
1988-04-01T12:00:00Z,0.0,80.125,76.125,-1.8,0.0
1988-04-01T12:00:00Z,0.0,80.125,80.125,-1.8,0.0
1988-04-01T12:00:00Z,0.0,80.125,84.125,-1.8,0.0
1988-04-01T12:00:00Z,0.0,80.125,88.125,-1.8,0.0
1988-04-01T12:00:00Z,0.0,80.125,92.125,-1.57,0.21
1988-04-01T12:00:00Z,0.0,80.125,96.125,NaN,NaN
1988-04-01T12:00:00Z,0.0,80.125,100.125,-1.65,0.09
1988-04-01T12:00:00Z,0.0,80.125,104.125,-1.8,-0.05
1988-04-01T12:00:00Z,0.0,80.125,108.125,-1.8,-0.02
1988-04-01T12:00:00Z,0.0,80.125,112.125,-1.8,0.0
1988-04-01T12:00:00Z,0.0,80.125,116.125,-1.8,0.0
1988-04-01T12:00:00Z,0.0,80.125,120.125,-1.8,0.0
1988-04-01T12:00:00Z,0.0,80.125,124.125,-1.8,0.0
1988-04-01T12:00:00Z,0.0,80.125,128.125,-1.8,0.0
1988-04-01T12:00:00Z,0.0,80.125,132.125,-1.79,0.01
1988-04-01T12:00:00Z,0.0,80.125,136.125,-1.75,0.05
1988-04-01T12:00:00Z,0.0,80.125,140.125,-1.75,0.05
1988-04-01T12:00:00Z,0.0,80.125,144.125,-1.75,0.05
1988-04-01T12:00:00Z,0.0,80.125,148.125,-1.8,0.0
1988-04-01T12:00:00Z,0.0,80.125,152.125,-1.8,0.0
1988-04-01T12:00:00Z,0.0,80.125,156.125,-1.8,0.0
1988-04-01T12:00:00Z,0.0,80.125,160.125,-1.8,0.0
1988-04-01T12:00:00Z,0.0,80.125,164.125,-1.8,0.0
1988-04-01T12:00:00Z,0.0,80.125,168.125,-1.8,0.0
1988-04-01T12:00:00Z,0.0,80.125,172.125,-1.8,0.0
1988-04-01T12:00:00Z,0.0,80.125,176.125,-1.8,0.0
1988-04-01T12:00:00Z,0.0,80.125,180.125,-1.8,0.0
1988-04-01T12:00:00Z,0.0,80.125,184.125,-1.8,0.0
1988-04-01T12:00:00Z,0.0,80.125,188.125,-1.77,0.03
1988-04-01T12:00:00Z,0.0,80.125,192.125,-1.76,0.04
1988-04-01T12:00:00Z,0.0,80.125,196.125,-1.79,0.01
1988-04-01T12:00:00Z,0.0,80.125,200.125,-1.8,0.0
1988-04-01T12:00:00Z,0.0,80.125,204.125,-1.8,0.0
1988-04-01T12:00:00Z,0.0,80.125,208.125,-1.8,0.0
1988-04-01T12:00:00Z,0.0,80.125,212.125,-1.8,0.0
1988-04-01T12:00:00Z,0.0,80.125,216.125,-1.8,0.0
1988-04-01T12:00:00Z,0.0,80.125,220.125,-1.8,0.0
1988-04-01T12:00:00Z,0.0,80.125,224.125,-1.8,0.0
1988-04-01T12:00:00Z,0.0,80.125,228.125,-1.8,0.0
1988-04-01T12:00:00Z,0.0,80.125,232.125,-1.8,0.0
1988-04-01T12:00:00Z,0.0,80.125,236.125,-1.8,0.0
1988-04-01T12:00:00Z,0.0,80.125,240.125,-1.8,0.0
1988-04-01T12:00:00Z,0.0,80.125,244.125,-1.8,0.0
1988-04-01T12:00:00Z,0.0,80.125,248.125,-1.8,0.0
1988-04-01T12:00:00Z,0.0,80.125,252.125,-1.8,0.0
1988-04-01T12:00:00Z,0.0,80.125,256.125,-1.8,0.0
1988-04-01T12:00:00Z,0.0,80.125,260.125,-1.68,0.12
1988-04-01T12:00:00Z,0.0,80.125,264.125,NaN,NaN
1988-04-01T12:00:00Z,0.0,80.125,268.125,NaN,NaN
1988-04-01T12:00:00Z,0.0,80.125,272.125,NaN,NaN
1988-04-01T12:00:00Z,0.0,80.125,276.125,NaN,NaN
1988-04-01T12:00:00Z,0.0,80.125,280.125,NaN,NaN
1988-04-01T12:00:00Z,0.0,80.125,284.125,NaN,NaN
1988-04-01T12:00:00Z,0.0,80.125,288.125,NaN,NaN
1988-04-01T12:00:00Z,0.0,80.125,292.125,-1.71,0.06
1988-04-01T12:00:00Z,0.0,80.125,296.125,NaN,NaN
1988-04-01T12:00:00Z,0.0,80.125,300.125,NaN,NaN
1988-04-01T12:00:00Z,0.0,80.125,304.125,NaN,NaN
1988-04-01T12:00:00Z,0.0,80.125,308.125,NaN,NaN
1988-04-01T12:00:00Z,0.0,80.125,312.125,NaN,NaN
1988-04-01T12:00:00Z,0.0,80.125,316.125,NaN,NaN
1988-04-01T12:00:00Z,0.0,80.125,320.125,NaN,NaN
1988-04-01T12:00:00Z,0.0,80.125,324.125,NaN,NaN
1988-04-01T12:00:00Z,0.0,80.125,328.125,NaN,NaN
1988-04-01T12:00:00Z,0.0,80.125,332.125,NaN,NaN
1988-04-01T12:00:00Z,0.0,80.125,336.125,NaN,NaN
1988-04-01T12:00:00Z,0.0,80.125,340.125,NaN,NaN
1988-04-01T12:00:00Z,0.0,80.125,344.125,-1.52,0.24
1988-04-01T12:00:00Z,0.0,80.125,348.125,-1.68,0.1
1988-04-01T12:00:00Z,0.0,80.125,352.125,-1.59,0.2
1988-04-01T12:00:00Z,0.0,80.125,356.125,-1.51,0.09
1988-04-01T12:00:00Z,0.0,84.125,0.125,-1.7,0.1
1988-04-01T12:00:00Z,0.0,84.125,4.125,-1.69,0.11
1988-04-01T12:00:00Z,0.0,84.125,8.125,-1.7,0.1
1988-04-01T12:00:00Z,0.0,84.125,12.125,-1.69,0.1
1988-04-01T12:00:00Z,0.0,84.125,16.125,-1.66,0.12
1988-04-01T12:00:00Z,0.0,84.125,20.125,-1.66,0.11
1988-04-01T12:00:00Z,0.0,84.125,24.125,-1.66,0.12
1988-04-01T12:00:00Z,0.0,84.125,28.125,-1.64,0.14
1988-04-01T12:00:00Z,0.0,84.125,32.125,-1.67,0.11
1988-04-01T12:00:00Z,0.0,84.125,36.125,-1.7,0.08
1988-04-01T12:00:00Z,0.0,84.125,40.125,-1.74,0.05
1988-04-01T12:00:00Z,0.0,84.125,44.125,-1.77,0.02
1988-04-01T12:00:00Z,0.0,84.125,48.125,-1.78,-0.01
1988-04-01T12:00:00Z,0.0,84.125,52.125,-1.78,-0.02
1988-04-01T12:00:00Z,0.0,84.125,56.125,-1.78,-0.02
1988-04-01T12:00:00Z,0.0,84.125,60.125,-1.79,-0.02
1988-04-01T12:00:00Z,0.0,84.125,64.125,-1.79,-0.01
1988-04-01T12:00:00Z,0.0,84.125,68.125,-1.8,0.0
1988-04-01T12:00:00Z,0.0,84.125,72.125,-1.8,0.0
1988-04-01T12:00:00Z,0.0,84.125,76.125,-1.8,0.0
1988-04-01T12:00:00Z,0.0,84.125,80.125,-1.8,0.0
1988-04-01T12:00:00Z,0.0,84.125,84.125,-1.8,0.0
1988-04-01T12:00:00Z,0.0,84.125,88.125,-1.8,0.0
1988-04-01T12:00:00Z,0.0,84.125,92.125,-1.8,0.0
1988-04-01T12:00:00Z,0.0,84.125,96.125,-1.8,0.0
1988-04-01T12:00:00Z,0.0,84.125,100.125,-1.8,0.0
1988-04-01T12:00:00Z,0.0,84.125,104.125,-1.8,0.0
1988-04-01T12:00:00Z,0.0,84.125,108.125,-1.8,0.0
1988-04-01T12:00:00Z,0.0,84.125,112.125,-1.8,0.0
1988-04-01T12:00:00Z,0.0,84.125,116.125,-1.8,0.0
1988-04-01T12:00:00Z,0.0,84.125,120.125,-1.8,0.0
1988-04-01T12:00:00Z,0.0,84.125,124.125,-1.8,0.0
1988-04-01T12:00:00Z,0.0,84.125,128.125,-1.8,0.0
1988-04-01T12:00:00Z,0.0,84.125,132.125,-1.8,0.0
1988-04-01T12:00:00Z,0.0,84.125,136.125,-1.8,0.0
1988-04-01T12:00:00Z,0.0,84.125,140.125,-1.8,0.0
1988-04-01T12:00:00Z,0.0,84.125,144.125,-1.8,0.0
1988-04-01T12:00:00Z,0.0,84.125,148.125,-1.8,0.0
1988-04-01T12:00:00Z,0.0,84.125,152.125,-1.8,0.0
1988-04-01T12:00:00Z,0.0,84.125,156.125,-1.8,0.0
1988-04-01T12:00:00Z,0.0,84.125,160.125,-1.8,0.0
1988-04-01T12:00:00Z,0.0,84.125,164.125,-1.8,0.0
1988-04-01T12:00:00Z,0.0,84.125,168.125,-1.8,0.0
1988-04-01T12:00:00Z,0.0,84.125,172.125,-1.8,0.0
1988-04-01T12:00:00Z,0.0,84.125,176.125,-1.8,0.0
1988-04-01T12:00:00Z,0.0,84.125,180.125,-1.8,0.0
1988-04-01T12:00:00Z,0.0,84.125,184.125,-1.8,0.0
1988-04-01T12:00:00Z,0.0,84.125,188.125,-1.8,0.0
1988-04-01T12:00:00Z,0.0,84.125,192.125,-1.8,0.0
1988-04-01T12:00:00Z,0.0,84.125,196.125,-1.8,0.0
1988-04-01T12:00:00Z,0.0,84.125,200.125,-1.8,0.0
1988-04-01T12:00:00Z,0.0,84.125,204.125,-1.8,0.0
1988-04-01T12:00:00Z,0.0,84.125,208.125,-1.8,0.0
1988-04-01T12:00:00Z,0.0,84.125,212.125,-1.8,0.0
1988-04-01T12:00:00Z,0.0,84.125,216.125,-1.8,0.0
1988-04-01T12:00:00Z,0.0,84.125,220.125,-1.8,0.0
1988-04-01T12:00:00Z,0.0,84.125,224.125,-1.8,0.0
1988-04-01T12:00:00Z,0.0,84.125,228.125,-1.8,0.0
1988-04-01T12:00:00Z,0.0,84.125,232.125,-1.8,0.0
1988-04-01T12:00:00Z,0.0,84.125,236.125,-1.8,0.0
1988-04-01T12:00:00Z,0.0,84.125,240.125,-1.8,0.0
1988-04-01T12:00:00Z,0.0,84.125,244.125,-1.8,0.0
1988-04-01T12:00:00Z,0.0,84.125,248.125,-1.8,0.0
1988-04-01T12:00:00Z,0.0,84.125,252.125,-1.8,0.0
1988-04-01T12:00:00Z,0.0,84.125,256.125,-1.8,0.0
1988-04-01T12:00:00Z,0.0,84.125,260.125,-1.8,0.0
1988-04-01T12:00:00Z,0.0,84.125,264.125,-1.8,0.0
1988-04-01T12:00:00Z,0.0,84.125,268.125,-1.8,0.0
1988-04-01T12:00:00Z,0.0,84.125,272.125,-1.8,0.0
1988-04-01T12:00:00Z,0.0,84.125,276.125,-1.8,0.0
1988-04-01T12:00:00Z,0.0,84.125,280.125,-1.8,-0.02
1988-04-01T12:00:00Z,0.0,84.125,284.125,-1.8,-0.01
1988-04-01T12:00:00Z,0.0,84.125,288.125,-1.8,0.0
1988-04-01T12:00:00Z,0.0,84.125,292.125,-1.8,0.0
1988-04-01T12:00:00Z,0.0,84.125,296.125,-1.8,0.0
1988-04-01T12:00:00Z,0.0,84.125,300.125,-1.8,0.0
1988-04-01T12:00:00Z,0.0,84.125,304.125,-1.8,0.0
1988-04-01T12:00:00Z,0.0,84.125,308.125,-1.8,0.0
1988-04-01T12:00:00Z,0.0,84.125,312.125,-1.8,0.0
1988-04-01T12:00:00Z,0.0,84.125,316.125,-1.8,0.0
1988-04-01T12:00:00Z,0.0,84.125,320.125,-1.8,0.0
1988-04-01T12:00:00Z,0.0,84.125,324.125,-1.78,0.02
1988-04-01T12:00:00Z,0.0,84.125,328.125,-1.78,0.02
1988-04-01T12:00:00Z,0.0,84.125,332.125,-1.76,0.04
1988-04-01T12:00:00Z,0.0,84.125,336.125,-1.79,0.01
1988-04-01T12:00:00Z,0.0,84.125,340.125,-1.8,0.0
1988-04-01T12:00:00Z,0.0,84.125,344.125,-1.8,0.0
1988-04-01T12:00:00Z,0.0,84.125,348.125,-1.79,0.0
1988-04-01T12:00:00Z,0.0,84.125,352.125,-1.74,0.06
1988-04-01T12:00:00Z,0.0,84.125,356.125,-1.68,0.12
1988-04-01T12:00:00Z,0.0,88.125,0.125,-1.77,0.03
1988-04-01T12:00:00Z,0.0,88.125,4.125,-1.77,0.03
1988-04-01T12:00:00Z,0.0,88.125,8.125,-1.78,0.02
1988-04-01T12:00:00Z,0.0,88.125,12.125,-1.77,0.01
1988-04-01T12:00:00Z,0.0,88.125,16.125,-1.77,0.01
1988-04-01T12:00:00Z,0.0,88.125,20.125,-1.77,0.02
1988-04-01T12:00:00Z,0.0,88.125,24.125,-1.77,0.02
1988-04-01T12:00:00Z,0.0,88.125,28.125,-1.77,0.03
1988-04-01T12:00:00Z,0.0,88.125,32.125,-1.77,0.03
1988-04-01T12:00:00Z,0.0,88.125,36.125,-1.78,0.02
1988-04-01T12:00:00Z,0.0,88.125,40.125,-1.78,0.02
1988-04-01T12:00:00Z,0.0,88.125,44.125,-1.78,0.02
1988-04-01T12:00:00Z,0.0,88.125,48.125,-1.79,0.01
1988-04-01T12:00:00Z,0.0,88.125,52.125,-1.79,0.01
1988-04-01T12:00:00Z,0.0,88.125,56.125,-1.79,0.01
1988-04-01T12:00:00Z,0.0,88.125,60.125,-1.79,0.01
1988-04-01T12:00:00Z,0.0,88.125,64.125,-1.79,0.01
1988-04-01T12:00:00Z,0.0,88.125,68.125,-1.79,0.01
1988-04-01T12:00:00Z,0.0,88.125,72.125,-1.79,0.01
1988-04-01T12:00:00Z,0.0,88.125,76.125,-1.79,0.01
1988-04-01T12:00:00Z,0.0,88.125,80.125,-1.79,0.01
1988-04-01T12:00:00Z,0.0,88.125,84.125,-1.79,0.01
1988-04-01T12:00:00Z,0.0,88.125,88.125,-1.79,0.01
1988-04-01T12:00:00Z,0.0,88.125,92.125,-1.79,0.01
1988-04-01T12:00:00Z,0.0,88.125,96.125,-1.79,0.01
1988-04-01T12:00:00Z,0.0,88.125,100.125,-1.79,0.01
1988-04-01T12:00:00Z,0.0,88.125,104.125,-1.79,0.01
1988-04-01T12:00:00Z,0.0,88.125,108.125,-1.79,0.01
1988-04-01T12:00:00Z,0.0,88.125,112.125,-1.79,0.01
1988-04-01T12:00:00Z,0.0,88.125,116.125,-1.79,0.01
1988-04-01T12:00:00Z,0.0,88.125,120.125,-1.79,0.01
1988-04-01T12:00:00Z,0.0,88.125,124.125,-1.79,0.01
1988-04-01T12:00:00Z,0.0,88.125,128.125,-1.79,0.01
1988-04-01T12:00:00Z,0.0,88.125,132.125,-1.79,0.01
1988-04-01T12:00:00Z,0.0,88.125,136.125,-1.79,0.01
1988-04-01T12:00:00Z,0.0,88.125,140.125,-1.79,0.01
1988-04-01T12:00:00Z,0.0,88.125,144.125,-1.79,0.01
1988-04-01T12:00:00Z,0.0,88.125,148.125,-1.79,0.01
1988-04-01T12:00:00Z,0.0,88.125,152.125,-1.79,0.01
1988-04-01T12:00:00Z,0.0,88.125,156.125,-1.79,0.01
1988-04-01T12:00:00Z,0.0,88.125,160.125,-1.79,0.01
1988-04-01T12:00:00Z,0.0,88.125,164.125,-1.79,0.01
1988-04-01T12:00:00Z,0.0,88.125,168.125,-1.79,0.01
1988-04-01T12:00:00Z,0.0,88.125,172.125,-1.79,0.01
1988-04-01T12:00:00Z,0.0,88.125,176.125,-1.79,0.01
1988-04-01T12:00:00Z,0.0,88.125,180.125,-1.79,0.01
1988-04-01T12:00:00Z,0.0,88.125,184.125,-1.79,0.01
1988-04-01T12:00:00Z,0.0,88.125,188.125,-1.79,0.01
1988-04-01T12:00:00Z,0.0,88.125,192.125,-1.79,0.01
1988-04-01T12:00:00Z,0.0,88.125,196.125,-1.79,0.01
1988-04-01T12:00:00Z,0.0,88.125,200.125,-1.79,0.01
1988-04-01T12:00:00Z,0.0,88.125,204.125,-1.79,0.01
1988-04-01T12:00:00Z,0.0,88.125,208.125,-1.79,0.01
1988-04-01T12:00:00Z,0.0,88.125,212.125,-1.79,0.01
1988-04-01T12:00:00Z,0.0,88.125,216.125,-1.79,0.01
1988-04-01T12:00:00Z,0.0,88.125,220.125,-1.79,0.01
1988-04-01T12:00:00Z,0.0,88.125,224.125,-1.79,0.01
1988-04-01T12:00:00Z,0.0,88.125,228.125,-1.79,0.01
1988-04-01T12:00:00Z,0.0,88.125,232.125,-1.79,0.01
1988-04-01T12:00:00Z,0.0,88.125,236.125,-1.79,0.01
1988-04-01T12:00:00Z,0.0,88.125,240.125,-1.79,0.01
1988-04-01T12:00:00Z,0.0,88.125,244.125,-1.79,0.01
1988-04-01T12:00:00Z,0.0,88.125,248.125,-1.79,0.01
1988-04-01T12:00:00Z,0.0,88.125,252.125,-1.79,0.01
1988-04-01T12:00:00Z,0.0,88.125,256.125,-1.79,0.01
1988-04-01T12:00:00Z,0.0,88.125,260.125,-1.79,0.01
1988-04-01T12:00:00Z,0.0,88.125,264.125,-1.79,0.01
1988-04-01T12:00:00Z,0.0,88.125,268.125,-1.79,0.01
1988-04-01T12:00:00Z,0.0,88.125,272.125,-1.79,0.01
1988-04-01T12:00:00Z,0.0,88.125,276.125,-1.79,0.01
1988-04-01T12:00:00Z,0.0,88.125,280.125,-1.79,0.01
1988-04-01T12:00:00Z,0.0,88.125,284.125,-1.79,0.01
1988-04-01T12:00:00Z,0.0,88.125,288.125,-1.79,0.01
1988-04-01T12:00:00Z,0.0,88.125,292.125,-1.79,0.01
1988-04-01T12:00:00Z,0.0,88.125,296.125,-1.79,0.01
1988-04-01T12:00:00Z,0.0,88.125,300.125,-1.79,0.01
1988-04-01T12:00:00Z,0.0,88.125,304.125,-1.79,0.01
1988-04-01T12:00:00Z,0.0,88.125,308.125,-1.79,0.01
1988-04-01T12:00:00Z,0.0,88.125,312.125,-1.79,0.01
1988-04-01T12:00:00Z,0.0,88.125,316.125,-1.79,0.01
1988-04-01T12:00:00Z,0.0,88.125,320.125,-1.79,0.01
1988-04-01T12:00:00Z,0.0,88.125,324.125,-1.79,0.01
1988-04-01T12:00:00Z,0.0,88.125,328.125,-1.79,0.01
1988-04-01T12:00:00Z,0.0,88.125,332.125,-1.78,0.02
1988-04-01T12:00:00Z,0.0,88.125,336.125,-1.79,0.01
1988-04-01T12:00:00Z,0.0,88.125,340.125,-1.79,0.01
1988-04-01T12:00:00Z,0.0,88.125,344.125,-1.79,0.01
1988-04-01T12:00:00Z,0.0,88.125,348.125,-1.78,0.02
1988-04-01T12:00:00Z,0.0,88.125,352.125,-1.78,0.02
1988-04-01T12:00:00Z,0.0,88.125,356.125,-1.77,0.03
