1997-07-01T12:00:00Z,0.0,-87.875,0.125,NaN,NaN
1997-07-01T12:00:00Z,0.0,-87.875,4.125,NaN,NaN
1997-07-01T12:00:00Z,0.0,-87.875,8.125,NaN,NaN
1997-07-01T12:00:00Z,0.0,-87.875,12.125,NaN,NaN
1997-07-01T12:00:00Z,0.0,-87.875,16.125,NaN,NaN
1997-07-01T12:00:00Z,0.0,-87.875,20.125,NaN,NaN
1997-07-01T12:00:00Z,0.0,-87.875,24.125,NaN,NaN
1997-07-01T12:00:00Z,0.0,-87.875,28.125,NaN,NaN
1997-07-01T12:00:00Z,0.0,-87.875,32.125,NaN,NaN
1997-07-01T12:00:00Z,0.0,-87.875,36.125,NaN,NaN
1997-07-01T12:00:00Z,0.0,-87.875,40.125,NaN,NaN
1997-07-01T12:00:00Z,0.0,-87.875,44.125,NaN,NaN
1997-07-01T12:00:00Z,0.0,-87.875,48.125,NaN,NaN
1997-07-01T12:00:00Z,0.0,-87.875,52.125,NaN,NaN
1997-07-01T12:00:00Z,0.0,-87.875,56.125,NaN,NaN
1997-07-01T12:00:00Z,0.0,-87.875,60.125,NaN,NaN
1997-07-01T12:00:00Z,0.0,-87.875,64.125,NaN,NaN
1997-07-01T12:00:00Z,0.0,-87.875,68.125,NaN,NaN
1997-07-01T12:00:00Z,0.0,-87.875,72.125,NaN,NaN
1997-07-01T12:00:00Z,0.0,-87.875,76.125,NaN,NaN
1997-07-01T12:00:00Z,0.0,-87.875,80.125,NaN,NaN
1997-07-01T12:00:00Z,0.0,-87.875,84.125,NaN,NaN
1997-07-01T12:00:00Z,0.0,-87.875,88.125,NaN,NaN
1997-07-01T12:00:00Z,0.0,-87.875,92.125,NaN,NaN
1997-07-01T12:00:00Z,0.0,-87.875,96.125,NaN,NaN
1997-07-01T12:00:00Z,0.0,-87.875,100.125,NaN,NaN
1997-07-01T12:00:00Z,0.0,-87.875,104.125,NaN,NaN
1997-07-01T12:00:00Z,0.0,-87.875,108.125,NaN,NaN
1997-07-01T12:00:00Z,0.0,-87.875,112.125,NaN,NaN
1997-07-01T12:00:00Z,0.0,-87.875,116.125,NaN,NaN
1997-07-01T12:00:00Z,0.0,-87.875,120.125,NaN,NaN
1997-07-01T12:00:00Z,0.0,-87.875,124.125,NaN,NaN
1997-07-01T12:00:00Z,0.0,-87.875,128.125,NaN,NaN
1997-07-01T12:00:00Z,0.0,-87.875,132.125,NaN,NaN
1997-07-01T12:00:00Z,0.0,-87.875,136.125,NaN,NaN
1997-07-01T12:00:00Z,0.0,-87.875,140.125,NaN,NaN
1997-07-01T12:00:00Z,0.0,-87.875,144.125,NaN,NaN
1997-07-01T12:00:00Z,0.0,-87.875,148.125,NaN,NaN
1997-07-01T12:00:00Z,0.0,-87.875,152.125,NaN,NaN
1997-07-01T12:00:00Z,0.0,-87.875,156.125,NaN,NaN
1997-07-01T12:00:00Z,0.0,-87.875,160.125,NaN,NaN
1997-07-01T12:00:00Z,0.0,-87.875,164.125,NaN,NaN
1997-07-01T12:00:00Z,0.0,-87.875,168.125,NaN,NaN
1997-07-01T12:00:00Z,0.0,-87.875,172.125,NaN,NaN
1997-07-01T12:00:00Z,0.0,-87.875,176.125,NaN,NaN
1997-07-01T12:00:00Z,0.0,-87.875,180.125,NaN,NaN
1997-07-01T12:00:00Z,0.0,-87.875,184.125,NaN,NaN
1997-07-01T12:00:00Z,0.0,-87.875,188.125,NaN,NaN
1997-07-01T12:00:00Z,0.0,-87.875,192.125,NaN,NaN
1997-07-01T12:00:00Z,0.0,-87.875,196.125,NaN,NaN
1997-07-01T12:00:00Z,0.0,-87.875,200.125,NaN,NaN
1997-07-01T12:00:00Z,0.0,-87.875,204.125,NaN,NaN
1997-07-01T12:00:00Z,0.0,-87.875,208.125,NaN,NaN
1997-07-01T12:00:00Z,0.0,-87.875,212.125,NaN,NaN
1997-07-01T12:00:00Z,0.0,-87.875,216.125,NaN,NaN
1997-07-01T12:00:00Z,0.0,-87.875,220.125,NaN,NaN
1997-07-01T12:00:00Z,0.0,-87.875,224.125,NaN,NaN
1997-07-01T12:00:00Z,0.0,-87.875,228.125,NaN,NaN
1997-07-01T12:00:00Z,0.0,-87.875,232.125,NaN,NaN
1997-07-01T12:00:00Z,0.0,-87.875,236.125,NaN,NaN
1997-07-01T12:00:00Z,0.0,-87.875,240.125,NaN,NaN
1997-07-01T12:00:00Z,0.0,-87.875,244.125,NaN,NaN
1997-07-01T12:00:00Z,0.0,-87.875,248.125,NaN,NaN
1997-07-01T12:00:00Z,0.0,-87.875,252.125,NaN,NaN
1997-07-01T12:00:00Z,0.0,-87.875,256.125,NaN,NaN
1997-07-01T12:00:00Z,0.0,-87.875,260.125,NaN,NaN
1997-07-01T12:00:00Z,0.0,-87.875,264.125,NaN,NaN
1997-07-01T12:00:00Z,0.0,-87.875,268.125,NaN,NaN
1997-07-01T12:00:00Z,0.0,-87.875,272.125,NaN,NaN
1997-07-01T12:00:00Z,0.0,-87.875,276.125,NaN,NaN
1997-07-01T12:00:00Z,0.0,-87.875,280.125,NaN,NaN
1997-07-01T12:00:00Z,0.0,-87.875,284.125,NaN,NaN
1997-07-01T12:00:00Z,0.0,-87.875,288.125,NaN,NaN
1997-07-01T12:00:00Z,0.0,-87.875,292.125,NaN,NaN
1997-07-01T12:00:00Z,0.0,-87.875,296.125,NaN,NaN
1997-07-01T12:00:00Z,0.0,-87.875,300.125,NaN,NaN
1997-07-01T12:00:00Z,0.0,-87.875,304.125,NaN,NaN
1997-07-01T12:00:00Z,0.0,-87.875,308.125,NaN,NaN
1997-07-01T12:00:00Z,0.0,-87.875,312.125,NaN,NaN
1997-07-01T12:00:00Z,0.0,-87.875,316.125,NaN,NaN
1997-07-01T12:00:00Z,0.0,-87.875,320.125,NaN,NaN
1997-07-01T12:00:00Z,0.0,-87.875,324.125,NaN,NaN
1997-07-01T12:00:00Z,0.0,-87.875,328.125,NaN,NaN
1997-07-01T12:00:00Z,0.0,-87.875,332.125,NaN,NaN
1997-07-01T12:00:00Z,0.0,-87.875,336.125,NaN,NaN
1997-07-01T12:00:00Z,0.0,-87.875,340.125,NaN,NaN
1997-07-01T12:00:00Z,0.0,-87.875,344.125,NaN,NaN
1997-07-01T12:00:00Z,0.0,-87.875,348.125,NaN,NaN
1997-07-01T12:00:00Z,0.0,-87.875,352.125,NaN,NaN
1997-07-01T12:00:00Z,0.0,-87.875,356.125,NaN,NaN
1997-07-01T12:00:00Z,0.0,-83.875,0.125,NaN,NaN
1997-07-01T12:00:00Z,0.0,-83.875,4.125,NaN,NaN
1997-07-01T12:00:00Z,0.0,-83.875,8.125,NaN,NaN
1997-07-01T12:00:00Z,0.0,-83.875,12.125,NaN,NaN
1997-07-01T12:00:00Z,0.0,-83.875,16.125,NaN,NaN
1997-07-01T12:00:00Z,0.0,-83.875,20.125,NaN,NaN
1997-07-01T12:00:00Z,0.0,-83.875,24.125,NaN,NaN
1997-07-01T12:00:00Z,0.0,-83.875,28.125,NaN,NaN
1997-07-01T12:00:00Z,0.0,-83.875,32.125,NaN,NaN
1997-07-01T12:00:00Z,0.0,-83.875,36.125,NaN,NaN
1997-07-01T12:00:00Z,0.0,-83.875,40.125,NaN,NaN
1997-07-01T12:00:00Z,0.0,-83.875,44.125,NaN,NaN
1997-07-01T12:00:00Z,0.0,-83.875,48.125,NaN,NaN
1997-07-01T12:00:00Z,0.0,-83.875,52.125,NaN,NaN
1997-07-01T12:00:00Z,0.0,-83.875,56.125,NaN,NaN
1997-07-01T12:00:00Z,0.0,-83.875,60.125,NaN,NaN
1997-07-01T12:00:00Z,0.0,-83.875,64.125,NaN,NaN
1997-07-01T12:00:00Z,0.0,-83.875,68.125,NaN,NaN
1997-07-01T12:00:00Z,0.0,-83.875,72.125,NaN,NaN
1997-07-01T12:00:00Z,0.0,-83.875,76.125,NaN,NaN
1997-07-01T12:00:00Z,0.0,-83.875,80.125,NaN,NaN
1997-07-01T12:00:00Z,0.0,-83.875,84.125,NaN,NaN
1997-07-01T12:00:00Z,0.0,-83.875,88.125,NaN,NaN
1997-07-01T12:00:00Z,0.0,-83.875,92.125,NaN,NaN
1997-07-01T12:00:00Z,0.0,-83.875,96.125,NaN,NaN
1997-07-01T12:00:00Z,0.0,-83.875,100.125,NaN,NaN
1997-07-01T12:00:00Z,0.0,-83.875,104.125,NaN,NaN
1997-07-01T12:00:00Z,0.0,-83.875,108.125,NaN,NaN
1997-07-01T12:00:00Z,0.0,-83.875,112.125,NaN,NaN
1997-07-01T12:00:00Z,0.0,-83.875,116.125,NaN,NaN
1997-07-01T12:00:00Z,0.0,-83.875,120.125,NaN,NaN
1997-07-01T12:00:00Z,0.0,-83.875,124.125,NaN,NaN
1997-07-01T12:00:00Z,0.0,-83.875,128.125,NaN,NaN
1997-07-01T12:00:00Z,0.0,-83.875,132.125,NaN,NaN
1997-07-01T12:00:00Z,0.0,-83.875,136.125,NaN,NaN
1997-07-01T12:00:00Z,0.0,-83.875,140.125,NaN,NaN
1997-07-01T12:00:00Z,0.0,-83.875,144.125,NaN,NaN
1997-07-01T12:00:00Z,0.0,-83.875,148.125,NaN,NaN
1997-07-01T12:00:00Z,0.0,-83.875,152.125,NaN,NaN
1997-07-01T12:00:00Z,0.0,-83.875,156.125,NaN,NaN
1997-07-01T12:00:00Z,0.0,-83.875,160.125,NaN,NaN
1997-07-01T12:00:00Z,0.0,-83.875,164.125,NaN,NaN
1997-07-01T12:00:00Z,0.0,-83.875,168.125,NaN,NaN
1997-07-01T12:00:00Z,0.0,-83.875,172.125,NaN,NaN
1997-07-01T12:00:00Z,0.0,-83.875,176.125,NaN,NaN
1997-07-01T12:00:00Z,0.0,-83.875,180.125,NaN,NaN
1997-07-01T12:00:00Z,0.0,-83.875,184.125,NaN,NaN
1997-07-01T12:00:00Z,0.0,-83.875,188.125,NaN,NaN
1997-07-01T12:00:00Z,0.0,-83.875,192.125,NaN,NaN
1997-07-01T12:00:00Z,0.0,-83.875,196.125,NaN,NaN
1997-07-01T12:00:00Z,0.0,-83.875,200.125,NaN,NaN
1997-07-01T12:00:00Z,0.0,-83.875,204.125,NaN,NaN
1997-07-01T12:00:00Z,0.0,-83.875,208.125,NaN,NaN
1997-07-01T12:00:00Z,0.0,-83.875,212.125,NaN,NaN
1997-07-01T12:00:00Z,0.0,-83.875,216.125,NaN,NaN
1997-07-01T12:00:00Z,0.0,-83.875,220.125,NaN,NaN
1997-07-01T12:00:00Z,0.0,-83.875,224.125,NaN,NaN
1997-07-01T12:00:00Z,0.0,-83.875,228.125,NaN,NaN
1997-07-01T12:00:00Z,0.0,-83.875,232.125,NaN,NaN
1997-07-01T12:00:00Z,0.0,-83.875,236.125,NaN,NaN
1997-07-01T12:00:00Z,0.0,-83.875,240.125,NaN,NaN
1997-07-01T12:00:00Z,0.0,-83.875,244.125,NaN,NaN
1997-07-01T12:00:00Z,0.0,-83.875,248.125,NaN,NaN
1997-07-01T12:00:00Z,0.0,-83.875,252.125,NaN,NaN
1997-07-01T12:00:00Z,0.0,-83.875,256.125,NaN,NaN
1997-07-01T12:00:00Z,0.0,-83.875,260.125,NaN,NaN
1997-07-01T12:00:00Z,0.0,-83.875,264.125,NaN,NaN
1997-07-01T12:00:00Z,0.0,-83.875,268.125,NaN,NaN
1997-07-01T12:00:00Z,0.0,-83.875,272.125,NaN,NaN
1997-07-01T12:00:00Z,0.0,-83.875,276.125,NaN,NaN
1997-07-01T12:00:00Z,0.0,-83.875,280.125,NaN,NaN
1997-07-01T12:00:00Z,0.0,-83.875,284.125,NaN,NaN
1997-07-01T12:00:00Z,0.0,-83.875,288.125,NaN,NaN
1997-07-01T12:00:00Z,0.0,-83.875,292.125,NaN,NaN
1997-07-01T12:00:00Z,0.0,-83.875,296.125,NaN,NaN
1997-07-01T12:00:00Z,0.0,-83.875,300.125,NaN,NaN
1997-07-01T12:00:00Z,0.0,-83.875,304.125,NaN,NaN
1997-07-01T12:00:00Z,0.0,-83.875,308.125,NaN,NaN
1997-07-01T12:00:00Z,0.0,-83.875,312.125,NaN,NaN
1997-07-01T12:00:00Z,0.0,-83.875,316.125,NaN,NaN
1997-07-01T12:00:00Z,0.0,-83.875,320.125,NaN,NaN
1997-07-01T12:00:00Z,0.0,-83.875,324.125,NaN,NaN
1997-07-01T12:00:00Z,0.0,-83.875,328.125,NaN,NaN
1997-07-01T12:00:00Z,0.0,-83.875,332.125,NaN,NaN
1997-07-01T12:00:00Z,0.0,-83.875,336.125,NaN,NaN
1997-07-01T12:00:00Z,0.0,-83.875,340.125,NaN,NaN
1997-07-01T12:00:00Z,0.0,-83.875,344.125,NaN,NaN
1997-07-01T12:00:00Z,0.0,-83.875,348.125,NaN,NaN
1997-07-01T12:00:00Z,0.0,-83.875,352.125,NaN,NaN
1997-07-01T12:00:00Z,0.0,-83.875,356.125,NaN,NaN
1997-07-01T12:00:00Z,0.0,-79.875,0.125,NaN,NaN
1997-07-01T12:00:00Z,0.0,-79.875,4.125,NaN,NaN
1997-07-01T12:00:00Z,0.0,-79.875,8.125,NaN,NaN
1997-07-01T12:00:00Z,0.0,-79.875,12.125,NaN,NaN
1997-07-01T12:00:00Z,0.0,-79.875,16.125,NaN,NaN
1997-07-01T12:00:00Z,0.0,-79.875,20.125,NaN,NaN
1997-07-01T12:00:00Z,0.0,-79.875,24.125,NaN,NaN
1997-07-01T12:00:00Z,0.0,-79.875,28.125,NaN,NaN
1997-07-01T12:00:00Z,0.0,-79.875,32.125,NaN,NaN
1997-07-01T12:00:00Z,0.0,-79.875,36.125,NaN,NaN
1997-07-01T12:00:00Z,0.0,-79.875,40.125,NaN,NaN
1997-07-01T12:00:00Z,0.0,-79.875,44.125,NaN,NaN
1997-07-01T12:00:00Z,0.0,-79.875,48.125,NaN,NaN
1997-07-01T12:00:00Z,0.0,-79.875,52.125,NaN,NaN
1997-07-01T12:00:00Z,0.0,-79.875,56.125,NaN,NaN
1997-07-01T12:00:00Z,0.0,-79.875,60.125,NaN,NaN
1997-07-01T12:00:00Z,0.0,-79.875,64.125,NaN,NaN
1997-07-01T12:00:00Z,0.0,-79.875,68.125,NaN,NaN
1997-07-01T12:00:00Z,0.0,-79.875,72.125,NaN,NaN
1997-07-01T12:00:00Z,0.0,-79.875,76.125,NaN,NaN
1997-07-01T12:00:00Z,0.0,-79.875,80.125,NaN,NaN
1997-07-01T12:00:00Z,0.0,-79.875,84.125,NaN,NaN
1997-07-01T12:00:00Z,0.0,-79.875,88.125,NaN,NaN
1997-07-01T12:00:00Z,0.0,-79.875,92.125,NaN,NaN
1997-07-01T12:00:00Z,0.0,-79.875,96.125,NaN,NaN
1997-07-01T12:00:00Z,0.0,-79.875,100.125,NaN,NaN
1997-07-01T12:00:00Z,0.0,-79.875,104.125,NaN,NaN
1997-07-01T12:00:00Z,0.0,-79.875,108.125,NaN,NaN
1997-07-01T12:00:00Z,0.0,-79.875,112.125,NaN,NaN
1997-07-01T12:00:00Z,0.0,-79.875,116.125,NaN,NaN
1997-07-01T12:00:00Z,0.0,-79.875,120.125,NaN,NaN
1997-07-01T12:00:00Z,0.0,-79.875,124.125,NaN,NaN
1997-07-01T12:00:00Z,0.0,-79.875,128.125,NaN,NaN
1997-07-01T12:00:00Z,0.0,-79.875,132.125,NaN,NaN
1997-07-01T12:00:00Z,0.0,-79.875,136.125,NaN,NaN
1997-07-01T12:00:00Z,0.0,-79.875,140.125,NaN,NaN
1997-07-01T12:00:00Z,0.0,-79.875,144.125,NaN,NaN
1997-07-01T12:00:00Z,0.0,-79.875,148.125,NaN,NaN
1997-07-01T12:00:00Z,0.0,-79.875,152.125,NaN,NaN
1997-07-01T12:00:00Z,0.0,-79.875,156.125,NaN,NaN
1997-07-01T12:00:00Z,0.0,-79.875,160.125,NaN,NaN
1997-07-01T12:00:00Z,0.0,-79.875,164.125,NaN,NaN
1997-07-01T12:00:00Z,0.0,-79.875,168.125,NaN,NaN
1997-07-01T12:00:00Z,0.0,-79.875,172.125,NaN,NaN
1997-07-01T12:00:00Z,0.0,-79.875,176.125,NaN,NaN
1997-07-01T12:00:00Z,0.0,-79.875,180.125,NaN,NaN
1997-07-01T12:00:00Z,0.0,-79.875,184.125,NaN,NaN
1997-07-01T12:00:00Z,0.0,-79.875,188.125,NaN,NaN
1997-07-01T12:00:00Z,0.0,-79.875,192.125,NaN,NaN
1997-07-01T12:00:00Z,0.0,-79.875,196.125,NaN,NaN
1997-07-01T12:00:00Z,0.0,-79.875,200.125,NaN,NaN
1997-07-01T12:00:00Z,0.0,-79.875,204.125,NaN,NaN
1997-07-01T12:00:00Z,0.0,-79.875,208.125,NaN,NaN
1997-07-01T12:00:00Z,0.0,-79.875,212.125,NaN,NaN
1997-07-01T12:00:00Z,0.0,-79.875,216.125,NaN,NaN
1997-07-01T12:00:00Z,0.0,-79.875,220.125,NaN,NaN
1997-07-01T12:00:00Z,0.0,-79.875,224.125,NaN,NaN
1997-07-01T12:00:00Z,0.0,-79.875,228.125,NaN,NaN
1997-07-01T12:00:00Z,0.0,-79.875,232.125,NaN,NaN
1997-07-01T12:00:00Z,0.0,-79.875,236.125,NaN,NaN
1997-07-01T12:00:00Z,0.0,-79.875,240.125,NaN,NaN
1997-07-01T12:00:00Z,0.0,-79.875,244.125,NaN,NaN
1997-07-01T12:00:00Z,0.0,-79.875,248.125,NaN,NaN
1997-07-01T12:00:00Z,0.0,-79.875,252.125,NaN,NaN
1997-07-01T12:00:00Z,0.0,-79.875,256.125,NaN,NaN
1997-07-01T12:00:00Z,0.0,-79.875,260.125,NaN,NaN
1997-07-01T12:00:00Z,0.0,-79.875,264.125,NaN,NaN
1997-07-01T12:00:00Z,0.0,-79.875,268.125,NaN,NaN
1997-07-01T12:00:00Z,0.0,-79.875,272.125,NaN,NaN
1997-07-01T12:00:00Z,0.0,-79.875,276.125,NaN,NaN
1997-07-01T12:00:00Z,0.0,-79.875,280.125,NaN,NaN
1997-07-01T12:00:00Z,0.0,-79.875,284.125,NaN,NaN
1997-07-01T12:00:00Z,0.0,-79.875,288.125,NaN,NaN
1997-07-01T12:00:00Z,0.0,-79.875,292.125,NaN,NaN
1997-07-01T12:00:00Z,0.0,-79.875,296.125,NaN,NaN
1997-07-01T12:00:00Z,0.0,-79.875,300.125,NaN,NaN
1997-07-01T12:00:00Z,0.0,-79.875,304.125,NaN,NaN
1997-07-01T12:00:00Z,0.0,-79.875,308.125,NaN,NaN
1997-07-01T12:00:00Z,0.0,-79.875,312.125,NaN,NaN
1997-07-01T12:00:00Z,0.0,-79.875,316.125,NaN,NaN
1997-07-01T12:00:00Z,0.0,-79.875,320.125,NaN,NaN
1997-07-01T12:00:00Z,0.0,-79.875,324.125,NaN,NaN
1997-07-01T12:00:00Z,0.0,-79.875,328.125,NaN,NaN
1997-07-01T12:00:00Z,0.0,-79.875,332.125,NaN,NaN
1997-07-01T12:00:00Z,0.0,-79.875,336.125,NaN,NaN
1997-07-01T12:00:00Z,0.0,-79.875,340.125,NaN,NaN
1997-07-01T12:00:00Z,0.0,-79.875,344.125,NaN,NaN
1997-07-01T12:00:00Z,0.0,-79.875,348.125,NaN,NaN
1997-07-01T12:00:00Z,0.0,-79.875,352.125,NaN,NaN
1997-07-01T12:00:00Z,0.0,-79.875,356.125,NaN,NaN
1997-07-01T12:00:00Z,0.0,-75.875,0.125,NaN,NaN
1997-07-01T12:00:00Z,0.0,-75.875,4.125,NaN,NaN
1997-07-01T12:00:00Z,0.0,-75.875,8.125,NaN,NaN
1997-07-01T12:00:00Z,0.0,-75.875,12.125,NaN,NaN
1997-07-01T12:00:00Z,0.0,-75.875,16.125,NaN,NaN
1997-07-01T12:00:00Z,0.0,-75.875,20.125,NaN,NaN
1997-07-01T12:00:00Z,0.0,-75.875,24.125,NaN,NaN
1997-07-01T12:00:00Z,0.0,-75.875,28.125,NaN,NaN
1997-07-01T12:00:00Z,0.0,-75.875,32.125,NaN,NaN
1997-07-01T12:00:00Z,0.0,-75.875,36.125,NaN,NaN
1997-07-01T12:00:00Z,0.0,-75.875,40.125,NaN,NaN
1997-07-01T12:00:00Z,0.0,-75.875,44.125,NaN,NaN
1997-07-01T12:00:00Z,0.0,-75.875,48.125,NaN,NaN
1997-07-01T12:00:00Z,0.0,-75.875,52.125,NaN,NaN
1997-07-01T12:00:00Z,0.0,-75.875,56.125,NaN,NaN
1997-07-01T12:00:00Z,0.0,-75.875,60.125,NaN,NaN
1997-07-01T12:00:00Z,0.0,-75.875,64.125,NaN,NaN
1997-07-01T12:00:00Z,0.0,-75.875,68.125,NaN,NaN
1997-07-01T12:00:00Z,0.0,-75.875,72.125,NaN,NaN
1997-07-01T12:00:00Z,0.0,-75.875,76.125,NaN,NaN
1997-07-01T12:00:00Z,0.0,-75.875,80.125,NaN,NaN
1997-07-01T12:00:00Z,0.0,-75.875,84.125,NaN,NaN
1997-07-01T12:00:00Z,0.0,-75.875,88.125,NaN,NaN
1997-07-01T12:00:00Z,0.0,-75.875,92.125,NaN,NaN
1997-07-01T12:00:00Z,0.0,-75.875,96.125,NaN,NaN
1997-07-01T12:00:00Z,0.0,-75.875,100.125,NaN,NaN
1997-07-01T12:00:00Z,0.0,-75.875,104.125,NaN,NaN
1997-07-01T12:00:00Z,0.0,-75.875,108.125,NaN,NaN
1997-07-01T12:00:00Z,0.0,-75.875,112.125,NaN,NaN
1997-07-01T12:00:00Z,0.0,-75.875,116.125,NaN,NaN
1997-07-01T12:00:00Z,0.0,-75.875,120.125,NaN,NaN
1997-07-01T12:00:00Z,0.0,-75.875,124.125,NaN,NaN
1997-07-01T12:00:00Z,0.0,-75.875,128.125,NaN,NaN
1997-07-01T12:00:00Z,0.0,-75.875,132.125,NaN,NaN
1997-07-01T12:00:00Z,0.0,-75.875,136.125,NaN,NaN
1997-07-01T12:00:00Z,0.0,-75.875,140.125,NaN,NaN
1997-07-01T12:00:00Z,0.0,-75.875,144.125,NaN,NaN
1997-07-01T12:00:00Z,0.0,-75.875,148.125,NaN,NaN
1997-07-01T12:00:00Z,0.0,-75.875,152.125,NaN,NaN
1997-07-01T12:00:00Z,0.0,-75.875,156.125,NaN,NaN
1997-07-01T12:00:00Z,0.0,-75.875,160.125,NaN,NaN
1997-07-01T12:00:00Z,0.0,-75.875,164.125,-1.65,-0.3
1997-07-01T12:00:00Z,0.0,-75.875,168.125,-1.74,-0.01
1997-07-01T12:00:00Z,0.0,-75.875,172.125,-1.59,0.08
1997-07-01T12:00:00Z,0.0,-75.875,176.125,-1.66,-0.07
1997-07-01T12:00:00Z,0.0,-75.875,180.125,-1.72,-0.03
1997-07-01T12:00:00Z,0.0,-75.875,184.125,-1.71,0.03
1997-07-01T12:00:00Z,0.0,-75.875,188.125,-1.71,0.07
1997-07-01T12:00:00Z,0.0,-75.875,192.125,-1.72,0.08
1997-07-01T12:00:00Z,0.0,-75.875,196.125,-1.75,0.05
1997-07-01T12:00:00Z,0.0,-75.875,200.125,-1.73,0.05
1997-07-01T12:00:00Z,0.0,-75.875,204.125,-1.73,0.06
1997-07-01T12:00:00Z,0.0,-75.875,208.125,-1.68,0.09
1997-07-01T12:00:00Z,0.0,-75.875,212.125,-1.56,0.18
1997-07-01T12:00:00Z,0.0,-75.875,216.125,NaN,NaN
1997-07-01T12:00:00Z,0.0,-75.875,220.125,NaN,NaN
1997-07-01T12:00:00Z,0.0,-75.875,224.125,NaN,NaN
1997-07-01T12:00:00Z,0.0,-75.875,228.125,NaN,NaN
1997-07-01T12:00:00Z,0.0,-75.875,232.125,NaN,NaN
1997-07-01T12:00:00Z,0.0,-75.875,236.125,NaN,NaN
1997-07-01T12:00:00Z,0.0,-75.875,240.125,NaN,NaN
1997-07-01T12:00:00Z,0.0,-75.875,244.125,NaN,NaN
1997-07-01T12:00:00Z,0.0,-75.875,248.125,NaN,NaN
1997-07-01T12:00:00Z,0.0,-75.875,252.125,NaN,NaN
1997-07-01T12:00:00Z,0.0,-75.875,256.125,NaN,NaN
1997-07-01T12:00:00Z,0.0,-75.875,260.125,NaN,NaN
1997-07-01T12:00:00Z,0.0,-75.875,264.125,NaN,NaN
1997-07-01T12:00:00Z,0.0,-75.875,268.125,NaN,NaN
1997-07-01T12:00:00Z,0.0,-75.875,272.125,NaN,NaN
1997-07-01T12:00:00Z,0.0,-75.875,276.125,NaN,NaN
1997-07-01T12:00:00Z,0.0,-75.875,280.125,NaN,NaN
1997-07-01T12:00:00Z,0.0,-75.875,284.125,NaN,NaN
1997-07-01T12:00:00Z,0.0,-75.875,288.125,NaN,NaN
1997-07-01T12:00:00Z,0.0,-75.875,292.125,NaN,NaN
1997-07-01T12:00:00Z,0.0,-75.875,296.125,-1.42,0.03
1997-07-01T12:00:00Z,0.0,-75.875,300.125,-1.48,-0.12
1997-07-01T12:00:00Z,0.0,-75.875,304.125,-1.6,-0.01
1997-07-01T12:00:00Z,0.0,-75.875,308.125,-1.77,-0.1
1997-07-01T12:00:00Z,0.0,-75.875,312.125,-1.79,-0.04
1997-07-01T12:00:00Z,0.0,-75.875,316.125,-1.74,-0.02
1997-07-01T12:00:00Z,0.0,-75.875,320.125,-1.69,0.05
1997-07-01T12:00:00Z,0.0,-75.875,324.125,-1.77,0.02
1997-07-01T12:00:00Z,0.0,-75.875,328.125,-1.8,-0.02
1997-07-01T12:00:00Z,0.0,-75.875,332.125,-1.73,-0.16
1997-07-01T12:00:00Z,0.0,-75.875,336.125,-1.59,-0.17
1997-07-01T12:00:00Z,0.0,-75.875,340.125,NaN,NaN
1997-07-01T12:00:00Z,0.0,-75.875,344.125,NaN,NaN
1997-07-01T12:00:00Z,0.0,-75.875,348.125,NaN,NaN
1997-07-01T12:00:00Z,0.0,-75.875,352.125,NaN,NaN
1997-07-01T12:00:00Z,0.0,-75.875,356.125,NaN,NaN
1997-07-01T12:00:00Z,0.0,-71.875,0.125,NaN,NaN
1997-07-01T12:00:00Z,0.0,-71.875,4.125,NaN,NaN
1997-07-01T12:00:00Z,0.0,-71.875,8.125,NaN,NaN
1997-07-01T12:00:00Z,0.0,-71.875,12.125,NaN,NaN
1997-07-01T12:00:00Z,0.0,-71.875,16.125,NaN,NaN
1997-07-01T12:00:00Z,0.0,-71.875,20.125,NaN,NaN
1997-07-01T12:00:00Z,0.0,-71.875,24.125,NaN,NaN
1997-07-01T12:00:00Z,0.0,-71.875,28.125,NaN,NaN
1997-07-01T12:00:00Z,0.0,-71.875,32.125,NaN,NaN
1997-07-01T12:00:00Z,0.0,-71.875,36.125,NaN,NaN
1997-07-01T12:00:00Z,0.0,-71.875,40.125,NaN,NaN
1997-07-01T12:00:00Z,0.0,-71.875,44.125,NaN,NaN
1997-07-01T12:00:00Z,0.0,-71.875,48.125,NaN,NaN
1997-07-01T12:00:00Z,0.0,-71.875,52.125,NaN,NaN
1997-07-01T12:00:00Z,0.0,-71.875,56.125,NaN,NaN
1997-07-01T12:00:00Z,0.0,-71.875,60.125,NaN,NaN
1997-07-01T12:00:00Z,0.0,-71.875,64.125,NaN,NaN
1997-07-01T12:00:00Z,0.0,-71.875,68.125,-1.51,0.0
1997-07-01T12:00:00Z,0.0,-71.875,72.125,NaN,NaN
1997-07-01T12:00:00Z,0.0,-71.875,76.125,NaN,NaN
1997-07-01T12:00:00Z,0.0,-71.875,80.125,NaN,NaN
1997-07-01T12:00:00Z,0.0,-71.875,84.125,NaN,NaN
1997-07-01T12:00:00Z,0.0,-71.875,88.125,NaN,NaN
1997-07-01T12:00:00Z,0.0,-71.875,92.125,NaN,NaN
1997-07-01T12:00:00Z,0.0,-71.875,96.125,NaN,NaN
1997-07-01T12:00:00Z,0.0,-71.875,100.125,NaN,NaN
1997-07-01T12:00:00Z,0.0,-71.875,104.125,NaN,NaN
1997-07-01T12:00:00Z,0.0,-71.875,108.125,NaN,NaN
1997-07-01T12:00:00Z,0.0,-71.875,112.125,NaN,NaN
1997-07-01T12:00:00Z,0.0,-71.875,116.125,NaN,NaN
1997-07-01T12:00:00Z,0.0,-71.875,120.125,NaN,NaN
1997-07-01T12:00:00Z,0.0,-71.875,124.125,NaN,NaN
1997-07-01T12:00:00Z,0.0,-71.875,128.125,NaN,NaN
1997-07-01T12:00:00Z,0.0,-71.875,132.125,NaN,NaN
1997-07-01T12:00:00Z,0.0,-71.875,136.125,NaN,NaN
1997-07-01T12:00:00Z,0.0,-71.875,140.125,NaN,NaN
1997-07-01T12:00:00Z,0.0,-71.875,144.125,NaN,NaN
1997-07-01T12:00:00Z,0.0,-71.875,148.125,NaN,NaN
1997-07-01T12:00:00Z,0.0,-71.875,152.125,NaN,NaN
1997-07-01T12:00:00Z,0.0,-71.875,156.125,NaN,NaN
1997-07-01T12:00:00Z,0.0,-71.875,160.125,NaN,NaN
1997-07-01T12:00:00Z,0.0,-71.875,164.125,NaN,NaN
1997-07-01T12:00:00Z,0.0,-71.875,168.125,NaN,NaN
1997-07-01T12:00:00Z,0.0,-71.875,172.125,-1.67,0.01
1997-07-01T12:00:00Z,0.0,-71.875,176.125,-1.69,0.06
1997-07-01T12:00:00Z,0.0,-71.875,180.125,-1.74,0.05
1997-07-01T12:00:00Z,0.0,-71.875,184.125,-1.74,0.05
1997-07-01T12:00:00Z,0.0,-71.875,188.125,-1.72,0.08
1997-07-01T12:00:00Z,0.0,-71.875,192.125,-1.7,0.09
1997-07-01T12:00:00Z,0.0,-71.875,196.125,-1.75,0.05
1997-07-01T12:00:00Z,0.0,-71.875,200.125,-1.73,0.07
1997-07-01T12:00:00Z,0.0,-71.875,204.125,-1.74,0.06
1997-07-01T12:00:00Z,0.0,-71.875,208.125,-1.73,0.06
1997-07-01T12:00:00Z,0.0,-71.875,212.125,-1.72,0.07
1997-07-01T12:00:00Z,0.0,-71.875,216.125,-1.7,0.09
1997-07-01T12:00:00Z,0.0,-71.875,220.125,-1.74,0.04
1997-07-01T12:00:00Z,0.0,-71.875,224.125,-1.72,0.06
1997-07-01T12:00:00Z,0.0,-71.875,228.125,-1.7,0.07
1997-07-01T12:00:00Z,0.0,-71.875,232.125,-1.7,0.04
1997-07-01T12:00:00Z,0.0,-71.875,236.125,-1.68,0.06
1997-07-01T12:00:00Z,0.0,-71.875,240.125,-1.7,0.04
1997-07-01T12:00:00Z,0.0,-71.875,244.125,-1.69,0.05
1997-07-01T12:00:00Z,0.0,-71.875,248.125,-1.7,-0.07
1997-07-01T12:00:00Z,0.0,-71.875,252.125,-1.68,-0.02
1997-07-01T12:00:00Z,0.0,-71.875,256.125,-1.63,0.05
1997-07-01T12:00:00Z,0.0,-71.875,260.125,-1.54,0.05
1997-07-01T12:00:00Z,0.0,-71.875,264.125,-1.53,0.01
1997-07-01T12:00:00Z,0.0,-71.875,268.125,-1.67,-0.05
1997-07-01T12:00:00Z,0.0,-71.875,272.125,-1.69,0.05
1997-07-01T12:00:00Z,0.0,-71.875,276.125,-1.68,0.07
1997-07-01T12:00:00Z,0.0,-71.875,280.125,-1.66,0.03
1997-07-01T12:00:00Z,0.0,-71.875,284.125,-1.65,-0.04
1997-07-01T12:00:00Z,0.0,-71.875,288.125,-1.2,0.22
1997-07-01T12:00:00Z,0.0,-71.875,292.125,-1.43,0.0
1997-07-01T12:00:00Z,0.0,-71.875,296.125,NaN,NaN
1997-07-01T12:00:00Z,0.0,-71.875,300.125,-1.7,-0.06
1997-07-01T12:00:00Z,0.0,-71.875,304.125,-1.75,0.04
1997-07-01T12:00:00Z,0.0,-71.875,308.125,-1.78,0.02
1997-07-01T12:00:00Z,0.0,-71.875,312.125,-1.8,0.0
1997-07-01T12:00:00Z,0.0,-71.875,316.125,-1.8,0.0
1997-07-01T12:00:00Z,0.0,-71.875,320.125,-1.8,0.0
1997-07-01T12:00:00Z,0.0,-71.875,324.125,-1.77,0.03
1997-07-01T12:00:00Z,0.0,-71.875,328.125,-1.77,0.03
1997-07-01T12:00:00Z,0.0,-71.875,332.125,-1.77,0.03
1997-07-01T12:00:00Z,0.0,-71.875,336.125,-1.79,-0.02
1997-07-01T12:00:00Z,0.0,-71.875,340.125,-1.77,-0.05
1997-07-01T12:00:00Z,0.0,-71.875,344.125,-1.68,-0.05
1997-07-01T12:00:00Z,0.0,-71.875,348.125,-1.46,-0.19
1997-07-01T12:00:00Z,0.0,-71.875,352.125,NaN,NaN
1997-07-01T12:00:00Z,0.0,-71.875,356.125,NaN,NaN
1997-07-01T12:00:00Z,0.0,-67.875,0.125,-1.72,0.0
1997-07-01T12:00:00Z,0.0,-67.875,4.125,-1.74,-0.01
1997-07-01T12:00:00Z,0.0,-67.875,8.125,-1.75,-0.01
1997-07-01T12:00:00Z,0.0,-67.875,12.125,-1.72,0.01
1997-07-01T12:00:00Z,0.0,-67.875,16.125,-1.74,-0.01
1997-07-01T12:00:00Z,0.0,-67.875,20.125,-1.74,-0.01
1997-07-01T12:00:00Z,0.0,-67.875,24.125,-1.74,0.02
1997-07-01T12:00:00Z,0.0,-67.875,28.125,-1.75,-0.05
1997-07-01T12:00:00Z,0.0,-67.875,32.125,-1.76,-0.06
1997-07-01T12:00:00Z,0.0,-67.875,36.125,-1.76,-0.08
1997-07-01T12:00:00Z,0.0,-67.875,40.125,-1.7,-0.01
1997-07-01T12:00:00Z,0.0,-67.875,44.125,-1.69,0.03
1997-07-01T12:00:00Z,0.0,-67.875,48.125,NaN,NaN
1997-07-01T12:00:00Z,0.0,-67.875,52.125,NaN,NaN
1997-07-01T12:00:00Z,0.0,-67.875,56.125,NaN,NaN
1997-07-01T12:00:00Z,0.0,-67.875,60.125,NaN,NaN
1997-07-01T12:00:00Z,0.0,-67.875,64.125,NaN,NaN
1997-07-01T12:00:00Z,0.0,-67.875,68.125,NaN,NaN
1997-07-01T12:00:00Z,0.0,-67.875,72.125,-1.69,0.01
1997-07-01T12:00:00Z,0.0,-67.875,76.125,-1.66,-0.02
1997-07-01T12:00:00Z,0.0,-67.875,80.125,-1.57,-0.13
1997-07-01T12:00:00Z,0.0,-67.875,84.125,NaN,NaN
1997-07-01T12:00:00Z,0.0,-67.875,88.125,NaN,NaN
1997-07-01T12:00:00Z,0.0,-67.875,92.125,NaN,NaN
1997-07-01T12:00:00Z,0.0,-67.875,96.125,NaN,NaN
1997-07-01T12:00:00Z,0.0,-67.875,100.125,NaN,NaN
1997-07-01T12:00:00Z,0.0,-67.875,104.125,NaN,NaN
1997-07-01T12:00:00Z,0.0,-67.875,108.125,NaN,NaN
1997-07-01T12:00:00Z,0.0,-67.875,112.125,NaN,NaN
1997-07-01T12:00:00Z,0.0,-67.875,116.125,NaN,NaN
1997-07-01T12:00:00Z,0.0,-67.875,120.125,NaN,NaN
1997-07-01T12:00:00Z,0.0,-67.875,124.125,NaN,NaN
1997-07-01T12:00:00Z,0.0,-67.875,128.125,NaN,NaN
1997-07-01T12:00:00Z,0.0,-67.875,132.125,NaN,NaN
1997-07-01T12:00:00Z,0.0,-67.875,136.125,NaN,NaN
1997-07-01T12:00:00Z,0.0,-67.875,140.125,NaN,NaN
1997-07-01T12:00:00Z,0.0,-67.875,144.125,NaN,NaN
1997-07-01T12:00:00Z,0.0,-67.875,148.125,-1.62,-0.1
1997-07-01T12:00:00Z,0.0,-67.875,152.125,-1.78,-0.07
1997-07-01T12:00:00Z,0.0,-67.875,156.125,-1.78,-0.01
1997-07-01T12:00:00Z,0.0,-67.875,160.125,-1.74,0.03
1997-07-01T12:00:00Z,0.0,-67.875,164.125,-1.63,0.11
1997-07-01T12:00:00Z,0.0,-67.875,168.125,-1.72,0.03
1997-07-01T12:00:00Z,0.0,-67.875,172.125,-1.66,0.08
1997-07-01T12:00:00Z,0.0,-67.875,176.125,-1.69,0.05
1997-07-01T12:00:00Z,0.0,-67.875,180.125,-1.65,0.01
1997-07-01T12:00:00Z,0.0,-67.875,184.125,-1.66,-0.03
1997-07-01T12:00:00Z,0.0,-67.875,188.125,-1.65,0.01
1997-07-01T12:00:00Z,0.0,-67.875,192.125,-1.66,0.04
1997-07-01T12:00:00Z,0.0,-67.875,196.125,-1.68,0.05
1997-07-01T12:00:00Z,0.0,-67.875,200.125,-1.66,0.09
1997-07-01T12:00:00Z,0.0,-67.875,204.125,-1.7,0.03
1997-07-01T12:00:00Z,0.0,-67.875,208.125,-1.65,0.07
1997-07-01T12:00:00Z,0.0,-67.875,212.125,-1.64,0.05
1997-07-01T12:00:00Z,0.0,-67.875,216.125,-1.68,-0.08
1997-07-01T12:00:00Z,0.0,-67.875,220.125,-1.69,-0.16
1997-07-01T12:00:00Z,0.0,-67.875,224.125,-1.74,-0.26
1997-07-01T12:00:00Z,0.0,-67.875,228.125,-1.7,-0.28
1997-07-01T12:00:00Z,0.0,-67.875,232.125,-1.52,-0.08
1997-07-01T12:00:00Z,0.0,-67.875,236.125,-1.66,-0.22
1997-07-01T12:00:00Z,0.0,-67.875,240.125,-1.67,-0.33
1997-07-01T12:00:00Z,0.0,-67.875,244.125,-1.6,-0.34
1997-07-01T12:00:00Z,0.0,-67.875,248.125,-1.56,-0.28
1997-07-01T12:00:00Z,0.0,-67.875,252.125,-1.53,-0.26
1997-07-01T12:00:00Z,0.0,-67.875,256.125,-1.6,-0.5
1997-07-01T12:00:00Z,0.0,-67.875,260.125,-1.63,-0.56
1997-07-01T12:00:00Z,0.0,-67.875,264.125,-1.6,-0.49
1997-07-01T12:00:00Z,0.0,-67.875,268.125,-1.6,-0.41
1997-07-01T12:00:00Z,0.0,-67.875,272.125,-1.64,-0.32
1997-07-01T12:00:00Z,0.0,-67.875,276.125,-1.65,-0.25
1997-07-01T12:00:00Z,0.0,-67.875,280.125,-1.7,-0.19
1997-07-01T12:00:00Z,0.0,-67.875,284.125,-1.72,-0.17
1997-07-01T12:00:00Z,0.0,-67.875,288.125,-1.72,-0.2
1997-07-01T12:00:00Z,0.0,-67.875,292.125,-1.68,-0.33
1997-07-01T12:00:00Z,0.0,-67.875,296.125,-1.44,-0.05
1997-07-01T12:00:00Z,0.0,-67.875,300.125,-1.79,-0.15
1997-07-01T12:00:00Z,0.0,-67.875,304.125,-1.8,0.0
1997-07-01T12:00:00Z,0.0,-67.875,308.125,-1.8,0.0
1997-07-01T12:00:00Z,0.0,-67.875,312.125,-1.8,-0.01
1997-07-01T12:00:00Z,0.0,-67.875,316.125,-1.8,0.0
1997-07-01T12:00:00Z,0.0,-67.875,320.125,-1.76,0.03
1997-07-01T12:00:00Z,0.0,-67.875,324.125,-1.7,0.1
1997-07-01T12:00:00Z,0.0,-67.875,328.125,-1.64,0.16
1997-07-01T12:00:00Z,0.0,-67.875,332.125,-1.73,0.06
1997-07-01T12:00:00Z,0.0,-67.875,336.125,-1.75,0.04
1997-07-01T12:00:00Z,0.0,-67.875,340.125,-1.76,0.03
1997-07-01T12:00:00Z,0.0,-67.875,344.125,-1.75,0.04
1997-07-01T12:00:00Z,0.0,-67.875,348.125,-1.74,0.04
1997-07-01T12:00:00Z,0.0,-67.875,352.125,-1.71,0.05
1997-07-01T12:00:00Z,0.0,-67.875,356.125,-1.7,0.04
1997-07-01T12:00:00Z,0.0,-63.875,0.125,-1.74,-0.23
1997-07-01T12:00:00Z,0.0,-63.875,4.125,-1.66,-0.19
1997-07-01T12:00:00Z,0.0,-63.875,8.125,-1.63,-0.19
1997-07-01T12:00:00Z,0.0,-63.875,12.125,-1.58,-0.13
1997-07-01T12:00:00Z,0.0,-63.875,16.125,-1.63,-0.11
1997-07-01T12:00:00Z,0.0,-63.875,20.125,-1.57,-0.06
1997-07-01T12:00:00Z,0.0,-63.875,24.125,-1.62,-0.15
1997-07-01T12:00:00Z,0.0,-63.875,28.125,-1.5,-0.1
1997-07-01T12:00:00Z,0.0,-63.875,32.125,-1.78,-0.41
1997-07-01T12:00:00Z,0.0,-63.875,36.125,-1.61,-0.34
1997-07-01T12:00:00Z,0.0,-63.875,40.125,-1.54,-0.37
1997-07-01T12:00:00Z,0.0,-63.875,44.125,-1.5,-0.34
1997-07-01T12:00:00Z,0.0,-63.875,48.125,-1.49,-0.29
1997-07-01T12:00:00Z,0.0,-63.875,52.125,-1.51,-0.18
1997-07-01T12:00:00Z,0.0,-63.875,56.125,-1.68,-0.2
1997-07-01T12:00:00Z,0.0,-63.875,60.125,-1.66,-0.1
1997-07-01T12:00:00Z,0.0,-63.875,64.125,-1.7,-0.08
1997-07-01T12:00:00Z,0.0,-63.875,68.125,-1.69,-0.01
1997-07-01T12:00:00Z,0.0,-63.875,72.125,-1.63,0.05
1997-07-01T12:00:00Z,0.0,-63.875,76.125,-1.6,0.04
1997-07-01T12:00:00Z,0.0,-63.875,80.125,-1.6,0.01
1997-07-01T12:00:00Z,0.0,-63.875,84.125,-1.71,-0.05
1997-07-01T12:00:00Z,0.0,-63.875,88.125,-1.66,-0.03
1997-07-01T12:00:00Z,0.0,-63.875,92.125,-1.61,-0.01
1997-07-01T12:00:00Z,0.0,-63.875,96.125,-1.61,-0.12
1997-07-01T12:00:00Z,0.0,-63.875,100.125,-1.7,-0.16
1997-07-01T12:00:00Z,0.0,-63.875,104.125,-1.68,-0.19
1997-07-01T12:00:00Z,0.0,-63.875,108.125,-1.54,-0.04
1997-07-01T12:00:00Z,0.0,-63.875,112.125,-1.41,0.01
1997-07-01T12:00:00Z,0.0,-63.875,116.125,-1.36,0.05
1997-07-01T12:00:00Z,0.0,-63.875,120.125,-1.57,-0.36
1997-07-01T12:00:00Z,0.0,-63.875,124.125,-1.38,-0.27
1997-07-01T12:00:00Z,0.0,-63.875,128.125,-1.22,-0.1
1997-07-01T12:00:00Z,0.0,-63.875,132.125,-1.12,-0.03
1997-07-01T12:00:00Z,0.0,-63.875,136.125,-1.46,-0.31
1997-07-01T12:00:00Z,0.0,-63.875,140.125,-1.49,-0.37
1997-07-01T12:00:00Z,0.0,-63.875,144.125,-1.6,-0.51
1997-07-01T12:00:00Z,0.0,-63.875,148.125,-1.6,-0.4
1997-07-01T12:00:00Z,0.0,-63.875,152.125,-1.59,-0.27
1997-07-01T12:00:00Z,0.0,-63.875,156.125,-1.5,-0.23
1997-07-01T12:00:00Z,0.0,-63.875,160.125,-1.54,-0.22
1997-07-01T12:00:00Z,0.0,-63.875,164.125,-1.55,-0.28
1997-07-01T12:00:00Z,0.0,-63.875,168.125,-1.51,-0.49
1997-07-01T12:00:00Z,0.0,-63.875,172.125,-1.49,-0.86
1997-07-01T12:00:00Z,0.0,-63.875,176.125,-1.46,-1.21
1997-07-01T12:00:00Z,0.0,-63.875,180.125,-1.05,-1.28
1997-07-01T12:00:00Z,0.0,-63.875,184.125,-1.6,-1.75
1997-07-01T12:00:00Z,0.0,-63.875,188.125,-1.23,-0.99
1997-07-01T12:00:00Z,0.0,-63.875,192.125,-1.6,-0.91
1997-07-01T12:00:00Z,0.0,-63.875,196.125,-1.69,-0.64
1997-07-01T12:00:00Z,0.0,-63.875,200.125,-1.67,-0.53
1997-07-01T12:00:00Z,0.0,-63.875,204.125,-1.54,-0.39
1997-07-01T12:00:00Z,0.0,-63.875,208.125,-1.74,-0.54
1997-07-01T12:00:00Z,0.0,-63.875,212.125,-1.62,-0.54
1997-07-01T12:00:00Z,0.0,-63.875,216.125,-1.15,-0.38
1997-07-01T12:00:00Z,0.0,-63.875,220.125,-1.46,-0.91
1997-07-01T12:00:00Z,0.0,-63.875,224.125,-0.62,-0.24
1997-07-01T12:00:00Z,0.0,-63.875,228.125,-0.35,-0.31
1997-07-01T12:00:00Z,0.0,-63.875,232.125,-0.36,-0.66
1997-07-01T12:00:00Z,0.0,-63.875,236.125,-0.29,-0.84
1997-07-01T12:00:00Z,0.0,-63.875,240.125,-0.01,-0.75
1997-07-01T12:00:00Z,0.0,-63.875,244.125,0.13,-0.82
1997-07-01T12:00:00Z,0.0,-63.875,248.125,-0.22,-1.4
1997-07-01T12:00:00Z,0.0,-63.875,252.125,0.69,-0.26
1997-07-01T12:00:00Z,0.0,-63.875,256.125,-0.02,-0.87
1997-07-01T12:00:00Z,0.0,-63.875,260.125,-0.59,-1.48
1997-07-01T12:00:00Z,0.0,-63.875,264.125,0.16,-0.67
1997-07-01T12:00:00Z,0.0,-63.875,268.125,-1.1,-1.77
1997-07-01T12:00:00Z,0.0,-63.875,272.125,-0.14,-0.88
1997-07-01T12:00:00Z,0.0,-63.875,276.125,-0.33,-0.88
1997-07-01T12:00:00Z,0.0,-63.875,280.125,-1.36,-1.61
1997-07-01T12:00:00Z,0.0,-63.875,284.125,-1.52,-1.51
1997-07-01T12:00:00Z,0.0,-63.875,288.125,-1.65,-1.12
1997-07-01T12:00:00Z,0.0,-63.875,292.125,-1.55,-0.67
1997-07-01T12:00:00Z,0.0,-63.875,296.125,-1.48,-0.74
1997-07-01T12:00:00Z,0.0,-63.875,300.125,-1.48,-0.45
1997-07-01T12:00:00Z,0.0,-63.875,304.125,-1.79,-0.32
1997-07-01T12:00:00Z,0.0,-63.875,308.125,-1.69,0.01
1997-07-01T12:00:00Z,0.0,-63.875,312.125,-1.69,0.06
1997-07-01T12:00:00Z,0.0,-63.875,316.125,-1.58,0.16
1997-07-01T12:00:00Z,0.0,-63.875,320.125,-1.71,0.04
1997-07-01T12:00:00Z,0.0,-63.875,324.125,-1.73,0.01
1997-07-01T12:00:00Z,0.0,-63.875,328.125,-1.7,0.05
1997-07-01T12:00:00Z,0.0,-63.875,332.125,-1.71,0.05
1997-07-01T12:00:00Z,0.0,-63.875,336.125,-1.69,0.07
1997-07-01T12:00:00Z,0.0,-63.875,340.125,-1.66,0.1
1997-07-01T12:00:00Z,0.0,-63.875,344.125,-1.67,0.08
1997-07-01T12:00:00Z,0.0,-63.875,348.125,-1.65,0.07
1997-07-01T12:00:00Z,0.0,-63.875,352.125,-1.69,0.0
1997-07-01T12:00:00Z,0.0,-63.875,356.125,-1.72,-0.12
1997-07-01T12:00:00Z,0.0,-59.875,0.125,-1.58,-0.37
1997-07-01T12:00:00Z,0.0,-59.875,4.125,-1.67,-0.46
1997-07-01T12:00:00Z,0.0,-59.875,8.125,-1.68,-0.53
1997-07-01T12:00:00Z,0.0,-59.875,12.125,-1.52,-0.5
1997-07-01T12:00:00Z,0.0,-59.875,16.125,-1.54,-0.6
1997-07-01T12:00:00Z,0.0,-59.875,20.125,-1.28,-0.61
1997-07-01T12:00:00Z,0.0,-59.875,24.125,-1.39,-0.98
1997-07-01T12:00:00Z,0.0,-59.875,28.125,-1.1,-0.83
1997-07-01T12:00:00Z,0.0,-59.875,32.125,-0.73,-0.37
1997-07-01T12:00:00Z,0.0,-59.875,36.125,-0.4,-0.09
1997-07-01T12:00:00Z,0.0,-59.875,40.125,-0.24,0.07
1997-07-01T12:00:00Z,0.0,-59.875,44.125,-0.82,-0.61
1997-07-01T12:00:00Z,0.0,-59.875,48.125,-1.39,-1.25
1997-07-01T12:00:00Z,0.0,-59.875,52.125,-0.81,-0.51
1997-07-01T12:00:00Z,0.0,-59.875,56.125,-0.89,-0.45
1997-07-01T12:00:00Z,0.0,-59.875,60.125,-0.79,-0.41
1997-07-01T12:00:00Z,0.0,-59.875,64.125,-0.56,-0.33
1997-07-01T12:00:00Z,0.0,-59.875,68.125,-0.41,-0.07
1997-07-01T12:00:00Z,0.0,-59.875,72.125,-0.83,-0.17
1997-07-01T12:00:00Z,0.0,-59.875,76.125,-1.44,-0.53
1997-07-01T12:00:00Z,0.0,-59.875,80.125,-1.45,-0.58
1997-07-01T12:00:00Z,0.0,-59.875,84.125,-1.49,-0.81
1997-07-01T12:00:00Z,0.0,-59.875,88.125,-1.11,-0.87
1997-07-01T12:00:00Z,0.0,-59.875,92.125,-0.91,-0.6
1997-07-01T12:00:00Z,0.0,-59.875,96.125,-1.07,-0.64
1997-07-01T12:00:00Z,0.0,-59.875,100.125,-1.13,-0.71
1997-07-01T12:00:00Z,0.0,-59.875,104.125,-0.21,-0.04
1997-07-01T12:00:00Z,0.0,-59.875,108.125,-0.48,-0.46
1997-07-01T12:00:00Z,0.0,-59.875,112.125,-0.46,-0.53
1997-07-01T12:00:00Z,0.0,-59.875,116.125,0.14,-0.09
1997-07-01T12:00:00Z,0.0,-59.875,120.125,-0.47,-0.8
1997-07-01T12:00:00Z,0.0,-59.875,124.125,0.28,-0.17
1997-07-01T12:00:00Z,0.0,-59.875,128.125,0.35,-0.32
1997-07-01T12:00:00Z,0.0,-59.875,132.125,0.51,-0.31
1997-07-01T12:00:00Z,0.0,-59.875,136.125,0.49,-0.18
1997-07-01T12:00:00Z,0.0,-59.875,140.125,0.04,-0.7
1997-07-01T12:00:00Z,0.0,-59.875,144.125,0.6,0.06
1997-07-01T12:00:00Z,0.0,-59.875,148.125,0.12,0.09
1997-07-01T12:00:00Z,0.0,-59.875,152.125,-0.4,-0.49
1997-07-01T12:00:00Z,0.0,-59.875,156.125,0.31,-0.26
1997-07-01T12:00:00Z,0.0,-59.875,160.125,0.06,-0.84
1997-07-01T12:00:00Z,0.0,-59.875,164.125,1.46,-0.36
1997-07-01T12:00:00Z,0.0,-59.875,168.125,3.15,0.25
1997-07-01T12:00:00Z,0.0,-59.875,172.125,2.62,-0.87
1997-07-01T12:00:00Z,0.0,-59.875,176.125,2.39,-0.81
1997-07-01T12:00:00Z,0.0,-59.875,180.125,2.69,-0.2
1997-07-01T12:00:00Z,0.0,-59.875,184.125,2.21,-0.38
1997-07-01T12:00:00Z,0.0,-59.875,188.125,1.93,-0.4
1997-07-01T12:00:00Z,0.0,-59.875,192.125,1.56,-0.52
1997-07-01T12:00:00Z,0.0,-59.875,196.125,1.33,-0.33
1997-07-01T12:00:00Z,0.0,-59.875,200.125,0.56,-0.6
1997-07-01T12:00:00Z,0.0,-59.875,204.125,0.4,-0.1
1997-07-01T12:00:00Z,0.0,-59.875,208.125,-1.07,-0.86
1997-07-01T12:00:00Z,0.0,-59.875,212.125,-0.46,-0.19
1997-07-01T12:00:00Z,0.0,-59.875,216.125,-0.02,-0.12
1997-07-01T12:00:00Z,0.0,-59.875,220.125,0.57,0.11
1997-07-01T12:00:00Z,0.0,-59.875,224.125,0.18,-0.68
1997-07-01T12:00:00Z,0.0,-59.875,228.125,1.08,-0.35
1997-07-01T12:00:00Z,0.0,-59.875,232.125,1.67,-0.32
1997-07-01T12:00:00Z,0.0,-59.875,236.125,1.6,-0.81
1997-07-01T12:00:00Z,0.0,-59.875,240.125,1.97,-0.6
1997-07-01T12:00:00Z,0.0,-59.875,244.125,2.42,-0.38
1997-07-01T12:00:00Z,0.0,-59.875,248.125,1.28,-1.7
1997-07-01T12:00:00Z,0.0,-59.875,252.125,3.24,0.21
1997-07-01T12:00:00Z,0.0,-59.875,256.125,2.41,-0.8
1997-07-01T12:00:00Z,0.0,-59.875,260.125,2.79,-0.68
1997-07-01T12:00:00Z,0.0,-59.875,264.125,2.85,-0.54
1997-07-01T12:00:00Z,0.0,-59.875,268.125,2.68,-0.69
1997-07-01T12:00:00Z,0.0,-59.875,272.125,3.18,-0.33
1997-07-01T12:00:00Z,0.0,-59.875,276.125,3.25,-0.49
1997-07-01T12:00:00Z,0.0,-59.875,280.125,2.85,-1.02
1997-07-01T12:00:00Z,0.0,-59.875,284.125,3.5,-0.19
1997-07-01T12:00:00Z,0.0,-59.875,288.125,2.98,-0.2
1997-07-01T12:00:00Z,0.0,-59.875,292.125,0.6,-1.56
1997-07-01T12:00:00Z,0.0,-59.875,296.125,-1.34,-2.05
1997-07-01T12:00:00Z,0.0,-59.875,300.125,-1.34,-1.42
1997-07-01T12:00:00Z,0.0,-59.875,304.125,-1.15,-0.91
1997-07-01T12:00:00Z,0.0,-59.875,308.125,-1.13,-0.49
1997-07-01T12:00:00Z,0.0,-59.875,312.125,-1.36,-0.53
1997-07-01T12:00:00Z,0.0,-59.875,316.125,-1.16,-0.36
1997-07-01T12:00:00Z,0.0,-59.875,320.125,-0.98,-0.04
1997-07-01T12:00:00Z,0.0,-59.875,324.125,-1.14,-0.19
1997-07-01T12:00:00Z,0.0,-59.875,328.125,-1.43,-0.32
1997-07-01T12:00:00Z,0.0,-59.875,332.125,-1.38,-0.2
1997-07-01T12:00:00Z,0.0,-59.875,336.125,-1.51,-0.78
1997-07-01T12:00:00Z,0.0,-59.875,340.125,-1.48,-0.69
1997-07-01T12:00:00Z,0.0,-59.875,344.125,-1.38,-0.25
1997-07-01T12:00:00Z,0.0,-59.875,348.125,-1.61,-0.35
1997-07-01T12:00:00Z,0.0,-59.875,352.125,-1.62,-0.38
1997-07-01T12:00:00Z,0.0,-59.875,356.125,-1.61,-0.39
1997-07-01T12:00:00Z,0.0,-55.875,0.125,-1.45,-0.97
1997-07-01T12:00:00Z,0.0,-55.875,4.125,-1.24,-0.67
1997-07-01T12:00:00Z,0.0,-55.875,8.125,-1.45,-0.86
1997-07-01T12:00:00Z,0.0,-55.875,12.125,-0.88,-0.33
1997-07-01T12:00:00Z,0.0,-55.875,16.125,-0.79,-0.49
1997-07-01T12:00:00Z,0.0,-55.875,20.125,-1.37,-1.18
1997-07-01T12:00:00Z,0.0,-55.875,24.125,-0.27,-0.37
1997-07-01T12:00:00Z,0.0,-55.875,28.125,0.24,-0.46
1997-07-01T12:00:00Z,0.0,-55.875,32.125,1.27,0.42
1997-07-01T12:00:00Z,0.0,-55.875,36.125,0.78,-0.21
1997-07-01T12:00:00Z,0.0,-55.875,40.125,-0.02,-0.78
1997-07-01T12:00:00Z,0.0,-55.875,44.125,-0.8,-1.3
1997-07-01T12:00:00Z,0.0,-55.875,48.125,0.14,-0.61
1997-07-01T12:00:00Z,0.0,-55.875,52.125,1.3,0.29
1997-07-01T12:00:00Z,0.0,-55.875,56.125,1.27,0.08
1997-07-01T12:00:00Z,0.0,-55.875,60.125,1.44,0.17
1997-07-01T12:00:00Z,0.0,-55.875,64.125,1.79,0.43
1997-07-01T12:00:00Z,0.0,-55.875,68.125,1.25,-0.07
1997-07-01T12:00:00Z,0.0,-55.875,72.125,0.91,-0.1
1997-07-01T12:00:00Z,0.0,-55.875,76.125,0.29,-0.21
1997-07-01T12:00:00Z,0.0,-55.875,80.125,-0.88,-1.02
1997-07-01T12:00:00Z,0.0,-55.875,84.125,1.11,0.25
1997-07-01T12:00:00Z,0.0,-55.875,88.125,1.54,0.35
1997-07-01T12:00:00Z,0.0,-55.875,92.125,0.36,-0.69
1997-07-01T12:00:00Z,0.0,-55.875,96.125,0.7,-0.36
1997-07-01T12:00:00Z,0.0,-55.875,100.125,0.5,-0.26
1997-07-01T12:00:00Z,0.0,-55.875,104.125,-0.47,-1.2
1997-07-01T12:00:00Z,0.0,-55.875,108.125,1.28,0.12
1997-07-01T12:00:00Z,0.0,-55.875,112.125,0.78,-0.72
1997-07-01T12:00:00Z,0.0,-55.875,116.125,1.9,-0.13
1997-07-01T12:00:00Z,0.0,-55.875,120.125,1.47,-0.81
1997-07-01T12:00:00Z,0.0,-55.875,124.125,2.15,-0.32
1997-07-01T12:00:00Z,0.0,-55.875,128.125,2.64,0.01
1997-07-01T12:00:00Z,0.0,-55.875,132.125,2.31,-0.54
1997-07-01T12:00:00Z,0.0,-55.875,136.125,2.11,-0.74
1997-07-01T12:00:00Z,0.0,-55.875,140.125,2.19,-0.14
1997-07-01T12:00:00Z,0.0,-55.875,144.125,1.59,0.05
1997-07-01T12:00:00Z,0.0,-55.875,148.125,0.94,-1.13
1997-07-01T12:00:00Z,0.0,-55.875,152.125,2.02,-1.25
1997-07-01T12:00:00Z,0.0,-55.875,156.125,4.43,0.67
1997-07-01T12:00:00Z,0.0,-55.875,160.125,2.21,-1.25
1997-07-01T12:00:00Z,0.0,-55.875,164.125,5.69,0.33
1997-07-01T12:00:00Z,0.0,-55.875,168.125,6.68,0.14
1997-07-01T12:00:00Z,0.0,-55.875,172.125,6.05,-0.02
1997-07-01T12:00:00Z,0.0,-55.875,176.125,5.24,-0.27
1997-07-01T12:00:00Z,0.0,-55.875,180.125,6.63,0.85
1997-07-01T12:00:00Z,0.0,-55.875,184.125,5.19,-0.53
1997-07-01T12:00:00Z,0.0,-55.875,188.125,5.29,0.21
1997-07-01T12:00:00Z,0.0,-55.875,192.125,5.68,1.0
1997-07-01T12:00:00Z,0.0,-55.875,196.125,3.46,-0.83
1997-07-01T12:00:00Z,0.0,-55.875,200.125,2.99,-1.09
1997-07-01T12:00:00Z,0.0,-55.875,204.125,3.35,-0.48
1997-07-01T12:00:00Z,0.0,-55.875,208.125,2.54,-0.58
1997-07-01T12:00:00Z,0.0,-55.875,212.125,1.45,-1.31
1997-07-01T12:00:00Z,0.0,-55.875,216.125,2.42,-0.93
1997-07-01T12:00:00Z,0.0,-55.875,220.125,3.33,-0.8
1997-07-01T12:00:00Z,0.0,-55.875,224.125,3.71,-0.31
1997-07-01T12:00:00Z,0.0,-55.875,228.125,4.82,0.43
1997-07-01T12:00:00Z,0.0,-55.875,232.125,5.19,-0.03
1997-07-01T12:00:00Z,0.0,-55.875,236.125,5.81,0.35
1997-07-01T12:00:00Z,0.0,-55.875,240.125,5.85,0.67
1997-07-01T12:00:00Z,0.0,-55.875,244.125,5.61,0.39
1997-07-01T12:00:00Z,0.0,-55.875,248.125,5.71,0.26
1997-07-01T12:00:00Z,0.0,-55.875,252.125,5.94,0.38
1997-07-01T12:00:00Z,0.0,-55.875,256.125,5.38,-0.17
1997-07-01T12:00:00Z,0.0,-55.875,260.125,6.0,0.4
1997-07-01T12:00:00Z,0.0,-55.875,264.125,5.51,0.02
1997-07-01T12:00:00Z,0.0,-55.875,268.125,5.38,-0.13
1997-07-01T12:00:00Z,0.0,-55.875,272.125,5.65,0.11
1997-07-01T12:00:00Z,0.0,-55.875,276.125,5.86,0.39
1997-07-01T12:00:00Z,0.0,-55.875,280.125,5.44,-0.04
1997-07-01T12:00:00Z,0.0,-55.875,284.125,6.27,0.41
1997-07-01T12:00:00Z,0.0,-55.875,288.125,6.3,-0.08
1997-07-01T12:00:00Z,0.0,-55.875,292.125,6.88,0.71
1997-07-01T12:00:00Z,0.0,-55.875,296.125,5.82,0.76
1997-07-01T12:00:00Z,0.0,-55.875,300.125,3.75,-0.64
1997-07-01T12:00:00Z,0.0,-55.875,304.125,2.67,-0.91
1997-07-01T12:00:00Z,0.0,-55.875,308.125,0.83,-1.78
1997-07-01T12:00:00Z,0.0,-55.875,312.125,0.68,-1.08
1997-07-01T12:00:00Z,0.0,-55.875,316.125,0.52,-0.6
1997-07-01T12:00:00Z,0.0,-55.875,320.125,-0.72,-1.46
1997-07-01T12:00:00Z,0.0,-55.875,324.125,0.07,-0.65
1997-07-01T12:00:00Z,0.0,-55.875,328.125,-1.25,-1.39
1997-07-01T12:00:00Z,0.0,-55.875,332.125,-0.18,-0.18
1997-07-01T12:00:00Z,0.0,-55.875,336.125,-0.15,-0.68
1997-07-01T12:00:00Z,0.0,-55.875,340.125,0.35,-0.33
1997-07-01T12:00:00Z,0.0,-55.875,344.125,-0.29,-0.87
1997-07-01T12:00:00Z,0.0,-55.875,348.125,-0.02,-0.31
1997-07-01T12:00:00Z,0.0,-55.875,352.125,-0.34,-0.3
1997-07-01T12:00:00Z,0.0,-55.875,356.125,-0.86,-0.55
1997-07-01T12:00:00Z,0.0,-51.875,0.125,1.04,-0.44
1997-07-01T12:00:00Z,0.0,-51.875,4.125,0.85,-0.65
1997-07-01T12:00:00Z,0.0,-51.875,8.125,0.87,-0.64
1997-07-01T12:00:00Z,0.0,-51.875,12.125,0.85,-0.16
1997-07-01T12:00:00Z,0.0,-51.875,16.125,0.88,-0.21
1997-07-01T12:00:00Z,0.0,-51.875,20.125,1.11,0.15
1997-07-01T12:00:00Z,0.0,-51.875,24.125,0.92,-0.09
1997-07-01T12:00:00Z,0.0,-51.875,28.125,1.23,-0.4
1997-07-01T12:00:00Z,0.0,-51.875,32.125,2.69,0.57
1997-07-01T12:00:00Z,0.0,-51.875,36.125,3.16,0.84
1997-07-01T12:00:00Z,0.0,-51.875,40.125,2.33,0.26
1997-07-01T12:00:00Z,0.0,-51.875,44.125,2.31,0.27
1997-07-01T12:00:00Z,0.0,-51.875,48.125,2.18,-0.26
1997-07-01T12:00:00Z,0.0,-51.875,52.125,2.99,0.31
1997-07-01T12:00:00Z,0.0,-51.875,56.125,2.84,0.24
1997-07-01T12:00:00Z,0.0,-51.875,60.125,3.15,0.41
1997-07-01T12:00:00Z,0.0,-51.875,64.125,3.25,0.58
1997-07-01T12:00:00Z,0.0,-51.875,68.125,2.75,0.18
1997-07-01T12:00:00Z,0.0,-51.875,72.125,2.58,0.47
1997-07-01T12:00:00Z,0.0,-51.875,76.125,1.64,-0.07
1997-07-01T12:00:00Z,0.0,-51.875,80.125,1.15,-0.53
1997-07-01T12:00:00Z,0.0,-51.875,84.125,2.81,-0.1
1997-07-01T12:00:00Z,0.0,-51.875,88.125,3.3,-0.43
1997-07-01T12:00:00Z,0.0,-51.875,92.125,4.35,0.42
1997-07-01T12:00:00Z,0.0,-51.875,96.125,2.18,-1.16
1997-07-01T12:00:00Z,0.0,-51.875,100.125,2.67,-0.45
1997-07-01T12:00:00Z,0.0,-51.875,104.125,2.81,-0.13
1997-07-01T12:00:00Z,0.0,-51.875,108.125,1.96,-0.69
1997-07-01T12:00:00Z,0.0,-51.875,112.125,1.65,-0.97
1997-07-01T12:00:00Z,0.0,-51.875,116.125,2.3,-1.02
1997-07-01T12:00:00Z,0.0,-51.875,120.125,4.4,0.21
1997-07-01T12:00:00Z,0.0,-51.875,124.125,5.28,0.28
1997-07-01T12:00:00Z,0.0,-51.875,128.125,6.48,0.89
1997-07-01T12:00:00Z,0.0,-51.875,132.125,5.27,-0.43
1997-07-01T12:00:00Z,0.0,-51.875,136.125,6.0,0.47
1997-07-01T12:00:00Z,0.0,-51.875,140.125,4.46,-0.75
1997-07-01T12:00:00Z,0.0,-51.875,144.125,4.93,-0.8
1997-07-01T12:00:00Z,0.0,-51.875,148.125,5.49,-1.26
1997-07-01T12:00:00Z,0.0,-51.875,152.125,5.74,-1.22
1997-07-01T12:00:00Z,0.0,-51.875,156.125,6.05,-1.29
1997-07-01T12:00:00Z,0.0,-51.875,160.125,6.13,-1.33
1997-07-01T12:00:00Z,0.0,-51.875,164.125,8.86,0.7
1997-07-01T12:00:00Z,0.0,-51.875,168.125,8.41,0.54
1997-07-01T12:00:00Z,0.0,-51.875,172.125,7.79,0.42
1997-07-01T12:00:00Z,0.0,-51.875,176.125,7.0,0.41
1997-07-01T12:00:00Z,0.0,-51.875,180.125,7.53,0.72
1997-07-01T12:00:00Z,0.0,-51.875,184.125,7.14,-0.53
1997-07-01T12:00:00Z,0.0,-51.875,188.125,7.23,-0.64
1997-07-01T12:00:00Z,0.0,-51.875,192.125,7.56,0.01
1997-07-01T12:00:00Z,0.0,-51.875,196.125,6.78,-0.82
1997-07-01T12:00:00Z,0.0,-51.875,200.125,7.42,-0.3
1997-07-01T12:00:00Z,0.0,-51.875,204.125,7.13,-0.6
1997-07-01T12:00:00Z,0.0,-51.875,208.125,8.52,0.7
1997-07-01T12:00:00Z,0.0,-51.875,212.125,7.77,-0.09
1997-07-01T12:00:00Z,0.0,-51.875,216.125,8.24,0.54
1997-07-01T12:00:00Z,0.0,-51.875,220.125,7.47,0.0
1997-07-01T12:00:00Z,0.0,-51.875,224.125,7.42,0.03
1997-07-01T12:00:00Z,0.0,-51.875,228.125,7.36,-0.07
1997-07-01T12:00:00Z,0.0,-51.875,232.125,6.8,-0.38
1997-07-01T12:00:00Z,0.0,-51.875,236.125,6.19,-0.71
1997-07-01T12:00:00Z,0.0,-51.875,240.125,5.93,-0.44
1997-07-01T12:00:00Z,0.0,-51.875,244.125,5.04,-1.32
1997-07-01T12:00:00Z,0.0,-51.875,248.125,6.59,-0.22
1997-07-01T12:00:00Z,0.0,-51.875,252.125,5.77,-1.01
1997-07-01T12:00:00Z,0.0,-51.875,256.125,5.68,-0.97
1997-07-01T12:00:00Z,0.0,-51.875,260.125,6.37,-0.17
1997-07-01T12:00:00Z,0.0,-51.875,264.125,6.1,-0.34
1997-07-01T12:00:00Z,0.0,-51.875,268.125,6.61,0.21
1997-07-01T12:00:00Z,0.0,-51.875,272.125,6.14,-0.25
1997-07-01T12:00:00Z,0.0,-51.875,276.125,6.59,0.11
1997-07-01T12:00:00Z,0.0,-51.875,280.125,7.32,0.4
1997-07-01T12:00:00Z,0.0,-51.875,284.125,9.21,1.16
1997-07-01T12:00:00Z,0.0,-51.875,288.125,NaN,NaN
1997-07-01T12:00:00Z,0.0,-51.875,292.125,7.13,-0.03
1997-07-01T12:00:00Z,0.0,-51.875,296.125,6.82,0.21
1997-07-01T12:00:00Z,0.0,-51.875,300.125,5.8,-0.4
1997-07-01T12:00:00Z,0.0,-51.875,304.125,5.52,0.42
1997-07-01T12:00:00Z,0.0,-51.875,308.125,2.94,-1.27
1997-07-01T12:00:00Z,0.0,-51.875,312.125,2.98,-0.42
1997-07-01T12:00:00Z,0.0,-51.875,316.125,1.82,-0.7
1997-07-01T12:00:00Z,0.0,-51.875,320.125,1.25,-0.59
1997-07-01T12:00:00Z,0.0,-51.875,324.125,1.6,-0.19
1997-07-01T12:00:00Z,0.0,-51.875,328.125,0.41,-0.97
1997-07-01T12:00:00Z,0.0,-51.875,332.125,1.14,-0.8
1997-07-01T12:00:00Z,0.0,-51.875,336.125,1.7,-0.7
1997-07-01T12:00:00Z,0.0,-51.875,340.125,2.59,0.24
1997-07-01T12:00:00Z,0.0,-51.875,344.125,1.6,-0.52
1997-07-01T12:00:00Z,0.0,-51.875,348.125,1.0,-0.62
1997-07-01T12:00:00Z,0.0,-51.875,352.125,0.9,-0.13
1997-07-01T12:00:00Z,0.0,-51.875,356.125,0.56,-0.57
1997-07-01T12:00:00Z,0.0,-47.875,0.125,4.43,-0.37
1997-07-01T12:00:00Z,0.0,-47.875,4.125,4.0,-0.78
1997-07-01T12:00:00Z,0.0,-47.875,8.125,4.94,0.43
1997-07-01T12:00:00Z,0.0,-47.875,12.125,5.31,0.7
1997-07-01T12:00:00Z,0.0,-47.875,16.125,5.32,0.73
1997-07-01T12:00:00Z,0.0,-47.875,20.125,4.12,-0.18
1997-07-01T12:00:00Z,0.0,-47.875,24.125,5.87,1.62
1997-07-01T12:00:00Z,0.0,-47.875,28.125,5.25,0.4
1997-07-01T12:00:00Z,0.0,-47.875,32.125,7.03,1.56
1997-07-01T12:00:00Z,0.0,-47.875,36.125,6.92,2.1
1997-07-01T12:00:00Z,0.0,-47.875,40.125,5.98,1.26
1997-07-01T12:00:00Z,0.0,-47.875,44.125,5.27,0.2
1997-07-01T12:00:00Z,0.0,-47.875,48.125,4.64,0.14
1997-07-01T12:00:00Z,0.0,-47.875,52.125,5.2,0.88
1997-07-01T12:00:00Z,0.0,-47.875,56.125,5.4,0.57
1997-07-01T12:00:00Z,0.0,-47.875,60.125,5.49,0.25
1997-07-01T12:00:00Z,0.0,-47.875,64.125,5.28,0.85
1997-07-01T12:00:00Z,0.0,-47.875,68.125,5.06,1.02
1997-07-01T12:00:00Z,0.0,-47.875,72.125,3.26,-0.86
1997-07-01T12:00:00Z,0.0,-47.875,76.125,5.37,0.11
1997-07-01T12:00:00Z,0.0,-47.875,80.125,6.49,0.89
1997-07-01T12:00:00Z,0.0,-47.875,84.125,6.42,-0.4
1997-07-01T12:00:00Z,0.0,-47.875,88.125,6.93,-0.64
1997-07-01T12:00:00Z,0.0,-47.875,92.125,7.23,-0.02
1997-07-01T12:00:00Z,0.0,-47.875,96.125,6.63,0.36
1997-07-01T12:00:00Z,0.0,-47.875,100.125,6.37,0.37
1997-07-01T12:00:00Z,0.0,-47.875,104.125,5.63,-0.4
1997-07-01T12:00:00Z,0.0,-47.875,108.125,5.7,-0.8
1997-07-01T12:00:00Z,0.0,-47.875,112.125,6.35,-0.95
1997-07-01T12:00:00Z,0.0,-47.875,116.125,8.65,0.99
1997-07-01T12:00:00Z,0.0,-47.875,120.125,6.6,-1.18
1997-07-01T12:00:00Z,0.0,-47.875,124.125,8.27,-0.23
1997-07-01T12:00:00Z,0.0,-47.875,128.125,8.8,-0.18
1997-07-01T12:00:00Z,0.0,-47.875,132.125,8.81,-0.06
1997-07-01T12:00:00Z,0.0,-47.875,136.125,9.01,0.16
1997-07-01T12:00:00Z,0.0,-47.875,140.125,7.61,-1.59
1997-07-01T12:00:00Z,0.0,-47.875,144.125,8.03,-1.29
1997-07-01T12:00:00Z,0.0,-47.875,148.125,7.72,-1.7
1997-07-01T12:00:00Z,0.0,-47.875,152.125,8.23,-1.34
1997-07-01T12:00:00Z,0.0,-47.875,156.125,8.96,-0.47
1997-07-01T12:00:00Z,0.0,-47.875,160.125,9.44,-0.03
1997-07-01T12:00:00Z,0.0,-47.875,164.125,10.26,-0.15
1997-07-01T12:00:00Z,0.0,-47.875,168.125,11.19,1.42
1997-07-01T12:00:00Z,0.0,-47.875,172.125,9.02,0.84
1997-07-01T12:00:00Z,0.0,-47.875,176.125,8.06,-0.09
1997-07-01T12:00:00Z,0.0,-47.875,180.125,8.4,0.01
1997-07-01T12:00:00Z,0.0,-47.875,184.125,10.28,0.65
1997-07-01T12:00:00Z,0.0,-47.875,188.125,10.72,0.63
1997-07-01T12:00:00Z,0.0,-47.875,192.125,10.99,1.08
1997-07-01T12:00:00Z,0.0,-47.875,196.125,9.96,0.32
1997-07-01T12:00:00Z,0.0,-47.875,200.125,10.2,0.68
1997-07-01T12:00:00Z,0.0,-47.875,204.125,9.81,0.51
1997-07-01T12:00:00Z,0.0,-47.875,208.125,9.39,0.29
1997-07-01T12:00:00Z,0.0,-47.875,212.125,8.87,-0.06
1997-07-01T12:00:00Z,0.0,-47.875,216.125,8.11,-0.63
1997-07-01T12:00:00Z,0.0,-47.875,220.125,7.94,-0.62
1997-07-01T12:00:00Z,0.0,-47.875,224.125,7.91,-0.5
1997-07-01T12:00:00Z,0.0,-47.875,228.125,8.14,-0.13
1997-07-01T12:00:00Z,0.0,-47.875,232.125,7.39,-0.67
1997-07-01T12:00:00Z,0.0,-47.875,236.125,7.45,-0.54
1997-07-01T12:00:00Z,0.0,-47.875,240.125,8.13,0.29
1997-07-01T12:00:00Z,0.0,-47.875,244.125,7.04,-0.88
1997-07-01T12:00:00Z,0.0,-47.875,248.125,7.76,-0.35
1997-07-01T12:00:00Z,0.0,-47.875,252.125,6.9,-1.18
1997-07-01T12:00:00Z,0.0,-47.875,256.125,8.14,0.19
1997-07-01T12:00:00Z,0.0,-47.875,260.125,6.72,-1.12
1997-07-01T12:00:00Z,0.0,-47.875,264.125,7.47,-0.31
1997-07-01T12:00:00Z,0.0,-47.875,268.125,6.61,-1.19
1997-07-01T12:00:00Z,0.0,-47.875,272.125,7.55,-0.32
1997-07-01T12:00:00Z,0.0,-47.875,276.125,6.99,-1.13
1997-07-01T12:00:00Z,0.0,-47.875,280.125,8.69,0.08
1997-07-01T12:00:00Z,0.0,-47.875,284.125,9.55,0.12
1997-07-01T12:00:00Z,0.0,-47.875,288.125,NaN,NaN
1997-07-01T12:00:00Z,0.0,-47.875,292.125,NaN,NaN
1997-07-01T12:00:00Z,0.0,-47.875,296.125,8.39,0.46
1997-07-01T12:00:00Z,0.0,-47.875,300.125,6.9,0.48
1997-07-01T12:00:00Z,0.0,-47.875,304.125,8.79,1.94
1997-07-01T12:00:00Z,0.0,-47.875,308.125,10.24,1.89
1997-07-01T12:00:00Z,0.0,-47.875,312.125,11.58,2.92
1997-07-01T12:00:00Z,0.0,-47.875,316.125,9.56,1.51
1997-07-01T12:00:00Z,0.0,-47.875,320.125,8.62,1.25
1997-07-01T12:00:00Z,0.0,-47.875,324.125,8.16,1.39
1997-07-01T12:00:00Z,0.0,-47.875,328.125,7.3,1.65
1997-07-01T12:00:00Z,0.0,-47.875,332.125,5.06,-0.12
1997-07-01T12:00:00Z,0.0,-47.875,336.125,4.93,-0.11
1997-07-01T12:00:00Z,0.0,-47.875,340.125,4.79,-0.67
1997-07-01T12:00:00Z,0.0,-47.875,344.125,4.69,-0.33
1997-07-01T12:00:00Z,0.0,-47.875,348.125,3.91,0.08
1997-07-01T12:00:00Z,0.0,-47.875,352.125,2.1,-1.19
1997-07-01T12:00:00Z,0.0,-47.875,356.125,4.1,-0.09
1997-07-01T12:00:00Z,0.0,-43.875,0.125,9.39,0.86
1997-07-01T12:00:00Z,0.0,-43.875,4.125,7.33,-0.99
1997-07-01T12:00:00Z,0.0,-43.875,8.125,7.48,-0.3
1997-07-01T12:00:00Z,0.0,-43.875,12.125,9.59,1.1
1997-07-01T12:00:00Z,0.0,-43.875,16.125,11.44,2.16
1997-07-01T12:00:00Z,0.0,-43.875,20.125,11.97,2.34
1997-07-01T12:00:00Z,0.0,-43.875,24.125,9.83,0.0
1997-07-01T12:00:00Z,0.0,-43.875,28.125,10.72,0.91
1997-07-01T12:00:00Z,0.0,-43.875,32.125,9.07,-0.17
1997-07-01T12:00:00Z,0.0,-43.875,36.125,8.03,-0.21
1997-07-01T12:00:00Z,0.0,-43.875,40.125,8.12,0.29
1997-07-01T12:00:00Z,0.0,-43.875,44.125,6.93,-0.41
1997-07-01T12:00:00Z,0.0,-43.875,48.125,5.82,-0.54
1997-07-01T12:00:00Z,0.0,-43.875,52.125,7.37,0.2
1997-07-01T12:00:00Z,0.0,-43.875,56.125,9.19,-0.66
1997-07-01T12:00:00Z,0.0,-43.875,60.125,10.96,-1.68
1997-07-01T12:00:00Z,0.0,-43.875,64.125,12.4,0.31
1997-07-01T12:00:00Z,0.0,-43.875,68.125,11.79,0.74
1997-07-01T12:00:00Z,0.0,-43.875,72.125,11.42,0.08
1997-07-01T12:00:00Z,0.0,-43.875,76.125,10.13,-1.12
1997-07-01T12:00:00Z,0.0,-43.875,80.125,10.15,-0.43
1997-07-01T12:00:00Z,0.0,-43.875,84.125,10.79,0.18
1997-07-01T12:00:00Z,0.0,-43.875,88.125,10.98,0.76
1997-07-01T12:00:00Z,0.0,-43.875,92.125,9.97,0.15
1997-07-01T12:00:00Z,0.0,-43.875,96.125,10.54,0.68
1997-07-01T12:00:00Z,0.0,-43.875,100.125,10.74,0.47
1997-07-01T12:00:00Z,0.0,-43.875,104.125,10.26,-0.01
1997-07-01T12:00:00Z,0.0,-43.875,108.125,10.06,-0.22
1997-07-01T12:00:00Z,0.0,-43.875,112.125,9.09,-1.09
1997-07-01T12:00:00Z,0.0,-43.875,116.125,9.91,-0.31
1997-07-01T12:00:00Z,0.0,-43.875,120.125,9.29,-0.95
1997-07-01T12:00:00Z,0.0,-43.875,124.125,10.02,-0.43
1997-07-01T12:00:00Z,0.0,-43.875,128.125,9.07,-1.4
1997-07-01T12:00:00Z,0.0,-43.875,132.125,10.55,-0.02
1997-07-01T12:00:00Z,0.0,-43.875,136.125,10.18,-0.59
1997-07-01T12:00:00Z,0.0,-43.875,140.125,10.42,-0.7
1997-07-01T12:00:00Z,0.0,-43.875,144.125,11.94,-0.04
1997-07-01T12:00:00Z,0.0,-43.875,148.125,13.57,0.87
1997-07-01T12:00:00Z,0.0,-43.875,152.125,11.7,-0.83
1997-07-01T12:00:00Z,0.0,-43.875,156.125,12.85,0.86
1997-07-01T12:00:00Z,0.0,-43.875,160.125,12.24,0.28
1997-07-01T12:00:00Z,0.0,-43.875,164.125,12.53,0.39
1997-07-01T12:00:00Z,0.0,-43.875,168.125,14.34,1.62
1997-07-01T12:00:00Z,0.0,-43.875,172.125,10.52,0.35
1997-07-01T12:00:00Z,0.0,-43.875,176.125,9.96,-0.91
1997-07-01T12:00:00Z,0.0,-43.875,180.125,11.13,0.0
1997-07-01T12:00:00Z,0.0,-43.875,184.125,12.51,0.56
1997-07-01T12:00:00Z,0.0,-43.875,188.125,13.58,1.76
1997-07-01T12:00:00Z,0.0,-43.875,192.125,12.58,1.31
1997-07-01T12:00:00Z,0.0,-43.875,196.125,12.07,1.15
1997-07-01T12:00:00Z,0.0,-43.875,200.125,11.27,0.6
1997-07-01T12:00:00Z,0.0,-43.875,204.125,11.31,0.75
1997-07-01T12:00:00Z,0.0,-43.875,208.125,11.07,0.48
1997-07-01T12:00:00Z,0.0,-43.875,212.125,10.83,0.35
1997-07-01T12:00:00Z,0.0,-43.875,216.125,10.1,-0.33
1997-07-01T12:00:00Z,0.0,-43.875,220.125,9.72,-0.61
1997-07-01T12:00:00Z,0.0,-43.875,224.125,9.62,-0.63
1997-07-01T12:00:00Z,0.0,-43.875,228.125,9.85,-0.4
1997-07-01T12:00:00Z,0.0,-43.875,232.125,9.76,-0.37
1997-07-01T12:00:00Z,0.0,-43.875,236.125,9.83,-0.3
1997-07-01T12:00:00Z,0.0,-43.875,240.125,10.38,0.27
1997-07-01T12:00:00Z,0.0,-43.875,244.125,10.17,0.02
1997-07-01T12:00:00Z,0.0,-43.875,248.125,10.03,-0.23
1997-07-01T12:00:00Z,0.0,-43.875,252.125,10.62,0.44
1997-07-01T12:00:00Z,0.0,-43.875,256.125,9.4,-0.57
1997-07-01T12:00:00Z,0.0,-43.875,260.125,8.79,-1.08
1997-07-01T12:00:00Z,0.0,-43.875,264.125,7.58,-2.31
1997-07-01T12:00:00Z,0.0,-43.875,268.125,8.76,-1.21
1997-07-01T12:00:00Z,0.0,-43.875,272.125,9.69,-0.37
1997-07-01T12:00:00Z,0.0,-43.875,276.125,10.71,0.46
1997-07-01T12:00:00Z,0.0,-43.875,280.125,9.74,-0.86
1997-07-01T12:00:00Z,0.0,-43.875,284.125,11.52,0.69
1997-07-01T12:00:00Z,0.0,-43.875,288.125,NaN,NaN
1997-07-01T12:00:00Z,0.0,-43.875,292.125,NaN,NaN
1997-07-01T12:00:00Z,0.0,-43.875,296.125,10.46,0.18
1997-07-01T12:00:00Z,0.0,-43.875,300.125,7.55,-0.26
1997-07-01T12:00:00Z,0.0,-43.875,304.125,9.8,0.55
1997-07-01T12:00:00Z,0.0,-43.875,308.125,10.27,-1.7
1997-07-01T12:00:00Z,0.0,-43.875,312.125,11.39,0.79
1997-07-01T12:00:00Z,0.0,-43.875,316.125,9.14,-0.61
1997-07-01T12:00:00Z,0.0,-43.875,320.125,8.84,-0.58
1997-07-01T12:00:00Z,0.0,-43.875,324.125,8.11,-1.23
1997-07-01T12:00:00Z,0.0,-43.875,328.125,9.92,0.66
1997-07-01T12:00:00Z,0.0,-43.875,332.125,8.82,-0.58
1997-07-01T12:00:00Z,0.0,-43.875,336.125,9.4,-0.46
1997-07-01T12:00:00Z,0.0,-43.875,340.125,9.68,-0.04
1997-07-01T12:00:00Z,0.0,-43.875,344.125,7.8,-1.02
1997-07-01T12:00:00Z,0.0,-43.875,348.125,9.83,0.91
1997-07-01T12:00:00Z,0.0,-43.875,352.125,10.11,1.2
1997-07-01T12:00:00Z,0.0,-43.875,356.125,7.87,-0.69
1997-07-01T12:00:00Z,0.0,-39.875,0.125,11.2,-0.31
1997-07-01T12:00:00Z,0.0,-39.875,4.125,10.59,-0.88
1997-07-01T12:00:00Z,0.0,-39.875,8.125,11.53,-0.52
1997-07-01T12:00:00Z,0.0,-39.875,12.125,14.2,0.65
1997-07-01T12:00:00Z,0.0,-39.875,16.125,16.01,0.51
1997-07-01T12:00:00Z,0.0,-39.875,20.125,17.13,0.43
1997-07-01T12:00:00Z,0.0,-39.875,24.125,16.87,1.41
1997-07-01T12:00:00Z,0.0,-39.875,28.125,13.6,-1.74
1997-07-01T12:00:00Z,0.0,-39.875,32.125,14.98,-0.52
1997-07-01T12:00:00Z,0.0,-39.875,36.125,13.97,-1.71
1997-07-01T12:00:00Z,0.0,-39.875,40.125,15.4,0.12
1997-07-01T12:00:00Z,0.0,-39.875,44.125,15.02,-0.72
1997-07-01T12:00:00Z,0.0,-39.875,48.125,15.87,0.55
1997-07-01T12:00:00Z,0.0,-39.875,52.125,15.56,0.09
1997-07-01T12:00:00Z,0.0,-39.875,56.125,14.35,-1.41
1997-07-01T12:00:00Z,0.0,-39.875,60.125,14.84,-0.51
1997-07-01T12:00:00Z,0.0,-39.875,64.125,14.83,0.05
1997-07-01T12:00:00Z,0.0,-39.875,68.125,14.47,0.19
1997-07-01T12:00:00Z,0.0,-39.875,72.125,13.45,-0.47
1997-07-01T12:00:00Z,0.0,-39.875,76.125,12.95,-0.47
1997-07-01T12:00:00Z,0.0,-39.875,80.125,12.88,-0.1
1997-07-01T12:00:00Z,0.0,-39.875,84.125,12.47,-0.21
1997-07-01T12:00:00Z,0.0,-39.875,88.125,12.14,-0.22
1997-07-01T12:00:00Z,0.0,-39.875,92.125,11.64,-0.46
1997-07-01T12:00:00Z,0.0,-39.875,96.125,11.72,-0.29
1997-07-01T12:00:00Z,0.0,-39.875,100.125,12.07,0.2
1997-07-01T12:00:00Z,0.0,-39.875,104.125,11.81,-0.29
1997-07-01T12:00:00Z,0.0,-39.875,108.125,11.59,-0.84
1997-07-01T12:00:00Z,0.0,-39.875,112.125,12.41,-0.31
1997-07-01T12:00:00Z,0.0,-39.875,116.125,12.87,-0.13
1997-07-01T12:00:00Z,0.0,-39.875,120.125,11.64,-1.11
1997-07-01T12:00:00Z,0.0,-39.875,124.125,12.17,-0.62
1997-07-01T12:00:00Z,0.0,-39.875,128.125,11.73,-1.06
1997-07-01T12:00:00Z,0.0,-39.875,132.125,12.35,-0.51
1997-07-01T12:00:00Z,0.0,-39.875,136.125,12.56,-0.38
1997-07-01T12:00:00Z,0.0,-39.875,140.125,13.49,-0.18
1997-07-01T12:00:00Z,0.0,-39.875,144.125,13.77,-0.14
1997-07-01T12:00:00Z,0.0,-39.875,148.125,13.23,-1.19
1997-07-01T12:00:00Z,0.0,-39.875,152.125,16.84,1.35
1997-07-01T12:00:00Z,0.0,-39.875,156.125,15.67,0.66
1997-07-01T12:00:00Z,0.0,-39.875,160.125,14.98,0.42
1997-07-01T12:00:00Z,0.0,-39.875,164.125,15.33,1.08
1997-07-01T12:00:00Z,0.0,-39.875,168.125,15.77,1.52
1997-07-01T12:00:00Z,0.0,-39.875,172.125,15.2,0.69
1997-07-01T12:00:00Z,0.0,-39.875,176.125,NaN,NaN
1997-07-01T12:00:00Z,0.0,-39.875,180.125,14.67,-0.1
1997-07-01T12:00:00Z,0.0,-39.875,184.125,15.13,1.01
1997-07-01T12:00:00Z,0.0,-39.875,188.125,14.59,1.02
1997-07-01T12:00:00Z,0.0,-39.875,192.125,14.64,1.35
1997-07-01T12:00:00Z,0.0,-39.875,196.125,14.1,0.98
1997-07-01T12:00:00Z,0.0,-39.875,200.125,14.06,1.11
1997-07-01T12:00:00Z,0.0,-39.875,204.125,13.78,0.8
1997-07-01T12:00:00Z,0.0,-39.875,208.125,14.05,1.17
1997-07-01T12:00:00Z,0.0,-39.875,212.125,13.16,0.41
1997-07-01T12:00:00Z,0.0,-39.875,216.125,13.3,0.59
1997-07-01T12:00:00Z,0.0,-39.875,220.125,12.59,-0.16
1997-07-01T12:00:00Z,0.0,-39.875,224.125,13.41,0.57
1997-07-01T12:00:00Z,0.0,-39.875,228.125,13.39,0.59
1997-07-01T12:00:00Z,0.0,-39.875,232.125,12.33,-0.36
1997-07-01T12:00:00Z,0.0,-39.875,236.125,12.37,-0.22
1997-07-01T12:00:00Z,0.0,-39.875,240.125,12.25,-0.36
1997-07-01T12:00:00Z,0.0,-39.875,244.125,12.21,-0.36
1997-07-01T12:00:00Z,0.0,-39.875,248.125,11.56,-1.15
1997-07-01T12:00:00Z,0.0,-39.875,252.125,12.79,0.26
1997-07-01T12:00:00Z,0.0,-39.875,256.125,11.92,-0.37
1997-07-01T12:00:00Z,0.0,-39.875,260.125,11.34,-0.9
1997-07-01T12:00:00Z,0.0,-39.875,264.125,11.61,-0.7
1997-07-01T12:00:00Z,0.0,-39.875,268.125,12.08,-0.4
1997-07-01T12:00:00Z,0.0,-39.875,272.125,12.95,0.32
1997-07-01T12:00:00Z,0.0,-39.875,276.125,12.67,-0.02
1997-07-01T12:00:00Z,0.0,-39.875,280.125,11.92,-0.84
1997-07-01T12:00:00Z,0.0,-39.875,284.125,12.65,0.17
1997-07-01T12:00:00Z,0.0,-39.875,288.125,NaN,NaN
1997-07-01T12:00:00Z,0.0,-39.875,292.125,NaN,NaN
1997-07-01T12:00:00Z,0.0,-39.875,296.125,NaN,NaN
1997-07-01T12:00:00Z,0.0,-39.875,300.125,12.85,1.58
1997-07-01T12:00:00Z,0.0,-39.875,304.125,8.11,-0.62
1997-07-01T12:00:00Z,0.0,-39.875,308.125,16.12,1.62
1997-07-01T12:00:00Z,0.0,-39.875,312.125,13.93,-0.25
1997-07-01T12:00:00Z,0.0,-39.875,316.125,11.84,-1.75
1997-07-01T12:00:00Z,0.0,-39.875,320.125,15.53,1.75
1997-07-01T12:00:00Z,0.0,-39.875,324.125,14.54,0.76
1997-07-01T12:00:00Z,0.0,-39.875,328.125,13.42,-0.5
1997-07-01T12:00:00Z,0.0,-39.875,332.125,13.3,-0.47
1997-07-01T12:00:00Z,0.0,-39.875,336.125,12.61,-0.72
1997-07-01T12:00:00Z,0.0,-39.875,340.125,12.91,0.13
1997-07-01T12:00:00Z,0.0,-39.875,344.125,12.34,-0.19
1997-07-01T12:00:00Z,0.0,-39.875,348.125,13.33,1.05
1997-07-01T12:00:00Z,0.0,-39.875,352.125,11.9,0.16
1997-07-01T12:00:00Z,0.0,-39.875,356.125,11.29,-0.19
1997-07-01T12:00:00Z,0.0,-35.875,0.125,15.32,-0.26
1997-07-01T12:00:00Z,0.0,-35.875,4.125,15.14,-0.52
1997-07-01T12:00:00Z,0.0,-35.875,8.125,14.79,-1.06
1997-07-01T12:00:00Z,0.0,-35.875,12.125,16.5,0.14
1997-07-01T12:00:00Z,0.0,-35.875,16.125,16.5,-0.33
1997-07-01T12:00:00Z,0.0,-35.875,20.125,15.21,-1.84
1997-07-01T12:00:00Z,0.0,-35.875,24.125,18.44,-0.96
1997-07-01T12:00:00Z,0.0,-35.875,28.125,18.5,-0.83
1997-07-01T12:00:00Z,0.0,-35.875,32.125,18.33,-0.5
1997-07-01T12:00:00Z,0.0,-35.875,36.125,18.41,-0.36
1997-07-01T12:00:00Z,0.0,-35.875,40.125,17.72,-0.48
1997-07-01T12:00:00Z,0.0,-35.875,44.125,18.07,0.26
1997-07-01T12:00:00Z,0.0,-35.875,48.125,17.1,-0.37
1997-07-01T12:00:00Z,0.0,-35.875,52.125,17.08,0.05
1997-07-01T12:00:00Z,0.0,-35.875,56.125,17.07,0.4
1997-07-01T12:00:00Z,0.0,-35.875,60.125,16.0,-0.27
1997-07-01T12:00:00Z,0.0,-35.875,64.125,15.19,-0.79
1997-07-01T12:00:00Z,0.0,-35.875,68.125,15.07,-0.65
1997-07-01T12:00:00Z,0.0,-35.875,72.125,14.34,-1.14
1997-07-01T12:00:00Z,0.0,-35.875,76.125,13.46,-1.54
1997-07-01T12:00:00Z,0.0,-35.875,80.125,12.88,-1.87
1997-07-01T12:00:00Z,0.0,-35.875,84.125,14.73,0.12
1997-07-01T12:00:00Z,0.0,-35.875,88.125,13.48,-0.86
1997-07-01T12:00:00Z,0.0,-35.875,92.125,13.66,-0.48
1997-07-01T12:00:00Z,0.0,-35.875,96.125,14.04,-0.18
1997-07-01T12:00:00Z,0.0,-35.875,100.125,13.31,-1.02
1997-07-01T12:00:00Z,0.0,-35.875,104.125,14.36,-0.39
1997-07-01T12:00:00Z,0.0,-35.875,108.125,15.2,-0.29
1997-07-01T12:00:00Z,0.0,-35.875,112.125,16.19,-0.39
1997-07-01T12:00:00Z,0.0,-35.875,116.125,16.66,-0.65
1997-07-01T12:00:00Z,0.0,-35.875,120.125,16.13,-0.7
1997-07-01T12:00:00Z,0.0,-35.875,124.125,14.68,-1.29
1997-07-01T12:00:00Z,0.0,-35.875,128.125,14.39,-0.82
1997-07-01T12:00:00Z,0.0,-35.875,132.125,14.64,-0.9
1997-07-01T12:00:00Z,0.0,-35.875,136.125,16.47,0.54
1997-07-01T12:00:00Z,0.0,-35.875,140.125,NaN,NaN
1997-07-01T12:00:00Z,0.0,-35.875,144.125,NaN,NaN
1997-07-01T12:00:00Z,0.0,-35.875,148.125,NaN,NaN
1997-07-01T12:00:00Z,0.0,-35.875,152.125,19.11,1.15
1997-07-01T12:00:00Z,0.0,-35.875,156.125,18.15,0.36
1997-07-01T12:00:00Z,0.0,-35.875,160.125,18.72,1.35
1997-07-01T12:00:00Z,0.0,-35.875,164.125,18.0,1.21
1997-07-01T12:00:00Z,0.0,-35.875,168.125,17.96,1.74
1997-07-01T12:00:00Z,0.0,-35.875,172.125,16.03,-0.01
1997-07-01T12:00:00Z,0.0,-35.875,176.125,17.14,0.41
1997-07-01T12:00:00Z,0.0,-35.875,180.125,16.73,0.47
1997-07-01T12:00:00Z,0.0,-35.875,184.125,16.05,0.42
1997-07-01T12:00:00Z,0.0,-35.875,188.125,16.11,0.7
1997-07-01T12:00:00Z,0.0,-35.875,192.125,15.7,0.21
1997-07-01T12:00:00Z,0.0,-35.875,196.125,16.22,0.81
1997-07-01T12:00:00Z,0.0,-35.875,200.125,15.36,0.06
1997-07-01T12:00:00Z,0.0,-35.875,204.125,15.91,0.65
1997-07-01T12:00:00Z,0.0,-35.875,208.125,15.5,0.15
1997-07-01T12:00:00Z,0.0,-35.875,212.125,15.96,0.5
1997-07-01T12:00:00Z,0.0,-35.875,216.125,16.14,0.65
1997-07-01T12:00:00Z,0.0,-35.875,220.125,16.22,0.69
1997-07-01T12:00:00Z,0.0,-35.875,224.125,16.61,1.03
1997-07-01T12:00:00Z,0.0,-35.875,228.125,16.55,1.03
1997-07-01T12:00:00Z,0.0,-35.875,232.125,15.78,0.25
1997-07-01T12:00:00Z,0.0,-35.875,236.125,15.86,0.35
1997-07-01T12:00:00Z,0.0,-35.875,240.125,15.27,-0.14
1997-07-01T12:00:00Z,0.0,-35.875,244.125,15.66,0.22
1997-07-01T12:00:00Z,0.0,-35.875,248.125,15.47,0.03
1997-07-01T12:00:00Z,0.0,-35.875,252.125,14.79,-0.47
1997-07-01T12:00:00Z,0.0,-35.875,256.125,14.81,-0.35
1997-07-01T12:00:00Z,0.0,-35.875,260.125,14.45,-0.73
1997-07-01T12:00:00Z,0.0,-35.875,264.125,14.23,-0.98
1997-07-01T12:00:00Z,0.0,-35.875,268.125,15.15,-0.04
1997-07-01T12:00:00Z,0.0,-35.875,272.125,13.8,-1.32
1997-07-01T12:00:00Z,0.0,-35.875,276.125,14.58,-0.4
1997-07-01T12:00:00Z,0.0,-35.875,280.125,15.78,0.98
1997-07-01T12:00:00Z,0.0,-35.875,284.125,13.53,-0.43
1997-07-01T12:00:00Z,0.0,-35.875,288.125,NaN,NaN
1997-07-01T12:00:00Z,0.0,-35.875,292.125,NaN,NaN
1997-07-01T12:00:00Z,0.0,-35.875,296.125,NaN,NaN
1997-07-01T12:00:00Z,0.0,-35.875,300.125,NaN,NaN
1997-07-01T12:00:00Z,0.0,-35.875,304.125,12.29,0.92
1997-07-01T12:00:00Z,0.0,-35.875,308.125,15.42,-0.55
1997-07-01T12:00:00Z,0.0,-35.875,312.125,16.44,-0.55
1997-07-01T12:00:00Z,0.0,-35.875,316.125,16.74,0.05
1997-07-01T12:00:00Z,0.0,-35.875,320.125,16.41,-0.11
1997-07-01T12:00:00Z,0.0,-35.875,324.125,15.91,-0.4
1997-07-01T12:00:00Z,0.0,-35.875,328.125,15.2,-0.87
1997-07-01T12:00:00Z,0.0,-35.875,332.125,15.39,-0.42
1997-07-01T12:00:00Z,0.0,-35.875,336.125,14.79,-0.78
1997-07-01T12:00:00Z,0.0,-35.875,340.125,15.42,-0.06
1997-07-01T12:00:00Z,0.0,-35.875,344.125,14.7,-0.84
1997-07-01T12:00:00Z,0.0,-35.875,348.125,16.39,0.78
1997-07-01T12:00:00Z,0.0,-35.875,352.125,15.42,0.02
1997-07-01T12:00:00Z,0.0,-35.875,356.125,15.77,0.47
1997-07-01T12:00:00Z,0.0,-31.875,0.125,17.26,-0.64
1997-07-01T12:00:00Z,0.0,-31.875,4.125,16.59,-1.23
1997-07-01T12:00:00Z,0.0,-31.875,8.125,16.19,-1.25
1997-07-01T12:00:00Z,0.0,-31.875,12.125,16.09,-0.92
1997-07-01T12:00:00Z,0.0,-31.875,16.125,15.62,-0.23
1997-07-01T12:00:00Z,0.0,-31.875,20.125,NaN,NaN
1997-07-01T12:00:00Z,0.0,-31.875,24.125,NaN,NaN
1997-07-01T12:00:00Z,0.0,-31.875,28.125,NaN,NaN
1997-07-01T12:00:00Z,0.0,-31.875,32.125,21.86,0.46
1997-07-01T12:00:00Z,0.0,-31.875,36.125,20.7,-0.11
1997-07-01T12:00:00Z,0.0,-31.875,40.125,20.84,0.57
1997-07-01T12:00:00Z,0.0,-31.875,44.125,20.19,0.51
1997-07-01T12:00:00Z,0.0,-31.875,48.125,19.91,0.51
1997-07-01T12:00:00Z,0.0,-31.875,52.125,19.44,0.42
1997-07-01T12:00:00Z,0.0,-31.875,56.125,18.72,-0.22
1997-07-01T12:00:00Z,0.0,-31.875,60.125,19.19,0.52
1997-07-01T12:00:00Z,0.0,-31.875,64.125,18.02,-0.61
1997-07-01T12:00:00Z,0.0,-31.875,68.125,17.27,-1.08
1997-07-01T12:00:00Z,0.0,-31.875,72.125,15.63,-2.32
1997-07-01T12:00:00Z,0.0,-31.875,76.125,15.95,-1.65
1997-07-01T12:00:00Z,0.0,-31.875,80.125,17.34,-0.21
1997-07-01T12:00:00Z,0.0,-31.875,84.125,15.54,-1.54
1997-07-01T12:00:00Z,0.0,-31.875,88.125,16.67,-0.31
1997-07-01T12:00:00Z,0.0,-31.875,92.125,16.76,-0.05
1997-07-01T12:00:00Z,0.0,-31.875,96.125,16.52,-0.4
1997-07-01T12:00:00Z,0.0,-31.875,100.125,17.21,0.33
1997-07-01T12:00:00Z,0.0,-31.875,104.125,16.27,-0.85
1997-07-01T12:00:00Z,0.0,-31.875,108.125,17.43,-0.28
1997-07-01T12:00:00Z,0.0,-31.875,112.125,19.15,-0.22
1997-07-01T12:00:00Z,0.0,-31.875,116.125,NaN,NaN
1997-07-01T12:00:00Z,0.0,-31.875,120.125,NaN,NaN
1997-07-01T12:00:00Z,0.0,-31.875,124.125,NaN,NaN
1997-07-01T12:00:00Z,0.0,-31.875,128.125,NaN,NaN
1997-07-01T12:00:00Z,0.0,-31.875,132.125,16.1,-1.6
1997-07-01T12:00:00Z,0.0,-31.875,136.125,NaN,NaN
1997-07-01T12:00:00Z,0.0,-31.875,140.125,NaN,NaN
1997-07-01T12:00:00Z,0.0,-31.875,144.125,NaN,NaN
1997-07-01T12:00:00Z,0.0,-31.875,148.125,NaN,NaN
1997-07-01T12:00:00Z,0.0,-31.875,152.125,NaN,NaN
1997-07-01T12:00:00Z,0.0,-31.875,156.125,20.38,0.27
1997-07-01T12:00:00Z,0.0,-31.875,160.125,20.3,0.83
1997-07-01T12:00:00Z,0.0,-31.875,164.125,19.02,-0.05
1997-07-01T12:00:00Z,0.0,-31.875,168.125,18.09,-0.4
1997-07-01T12:00:00Z,0.0,-31.875,172.125,19.26,0.94
1997-07-01T12:00:00Z,0.0,-31.875,176.125,18.76,0.44
1997-07-01T12:00:00Z,0.0,-31.875,180.125,18.16,0.18
1997-07-01T12:00:00Z,0.0,-31.875,184.125,17.43,-0.41
1997-07-01T12:00:00Z,0.0,-31.875,188.125,17.79,-0.01
1997-07-01T12:00:00Z,0.0,-31.875,192.125,17.99,0.16
1997-07-01T12:00:00Z,0.0,-31.875,196.125,17.72,-0.14
1997-07-01T12:00:00Z,0.0,-31.875,200.125,17.84,-0.03
1997-07-01T12:00:00Z,0.0,-31.875,204.125,18.15,0.25
1997-07-01T12:00:00Z,0.0,-31.875,208.125,17.63,-0.37
1997-07-01T12:00:00Z,0.0,-31.875,212.125,18.73,0.62
1997-07-01T12:00:00Z,0.0,-31.875,216.125,18.24,0.02
1997-07-01T12:00:00Z,0.0,-31.875,220.125,18.59,0.28
1997-07-01T12:00:00Z,0.0,-31.875,224.125,18.62,0.31
1997-07-01T12:00:00Z,0.0,-31.875,228.125,19.16,0.78
1997-07-01T12:00:00Z,0.0,-31.875,232.125,18.15,-0.28
1997-07-01T12:00:00Z,0.0,-31.875,236.125,18.95,0.49
1997-07-01T12:00:00Z,0.0,-31.875,240.125,18.68,0.29
1997-07-01T12:00:00Z,0.0,-31.875,244.125,18.47,0.04
1997-07-01T12:00:00Z,0.0,-31.875,248.125,18.62,0.25
1997-07-01T12:00:00Z,0.0,-31.875,252.125,17.87,-0.33
1997-07-01T12:00:00Z,0.0,-31.875,256.125,18.24,0.03
1997-07-01T12:00:00Z,0.0,-31.875,260.125,18.5,0.37
1997-07-01T12:00:00Z,0.0,-31.875,264.125,18.24,0.34
1997-07-01T12:00:00Z,0.0,-31.875,268.125,17.41,-0.26
1997-07-01T12:00:00Z,0.0,-31.875,272.125,17.62,0.23
1997-07-01T12:00:00Z,0.0,-31.875,276.125,17.28,0.18
1997-07-01T12:00:00Z,0.0,-31.875,280.125,17.22,0.58
1997-07-01T12:00:00Z,0.0,-31.875,284.125,16.38,0.61
1997-07-01T12:00:00Z,0.0,-31.875,288.125,14.89,0.58
1997-07-01T12:00:00Z,0.0,-31.875,292.125,NaN,NaN
1997-07-01T12:00:00Z,0.0,-31.875,296.125,NaN,NaN
1997-07-01T12:00:00Z,0.0,-31.875,300.125,NaN,NaN
1997-07-01T12:00:00Z,0.0,-31.875,304.125,NaN,NaN
1997-07-01T12:00:00Z,0.0,-31.875,308.125,13.43,-2.86
1997-07-01T12:00:00Z,0.0,-31.875,312.125,19.31,-0.22
1997-07-01T12:00:00Z,0.0,-31.875,316.125,18.16,-0.74
1997-07-01T12:00:00Z,0.0,-31.875,320.125,19.31,0.53
1997-07-01T12:00:00Z,0.0,-31.875,324.125,17.97,-0.87
1997-07-01T12:00:00Z,0.0,-31.875,328.125,18.15,-0.78
1997-07-01T12:00:00Z,0.0,-31.875,332.125,18.19,-0.68
1997-07-01T12:00:00Z,0.0,-31.875,336.125,18.75,-0.01
1997-07-01T12:00:00Z,0.0,-31.875,340.125,18.94,0.21
1997-07-01T12:00:00Z,0.0,-31.875,344.125,17.68,-0.85
1997-07-01T12:00:00Z,0.0,-31.875,348.125,19.14,0.76
1997-07-01T12:00:00Z,0.0,-31.875,352.125,18.2,-0.07
1997-07-01T12:00:00Z,0.0,-31.875,356.125,17.79,-0.38
1997-07-01T12:00:00Z,0.0,-27.875,0.125,18.83,-0.43
1997-07-01T12:00:00Z,0.0,-27.875,4.125,17.87,-0.92
1997-07-01T12:00:00Z,0.0,-27.875,8.125,17.77,-0.34
1997-07-01T12:00:00Z,0.0,-27.875,12.125,16.51,-0.64
1997-07-01T12:00:00Z,0.0,-27.875,16.125,NaN,NaN
1997-07-01T12:00:00Z,0.0,-27.875,20.125,NaN,NaN
1997-07-01T12:00:00Z,0.0,-27.875,24.125,NaN,NaN
1997-07-01T12:00:00Z,0.0,-27.875,28.125,NaN,NaN
1997-07-01T12:00:00Z,0.0,-27.875,32.125,NaN,NaN
1997-07-01T12:00:00Z,0.0,-27.875,36.125,23.61,1.02
1997-07-01T12:00:00Z,0.0,-27.875,40.125,22.62,0.24
1997-07-01T12:00:00Z,0.0,-27.875,44.125,23.65,1.12
1997-07-01T12:00:00Z,0.0,-27.875,48.125,22.07,0.12
1997-07-01T12:00:00Z,0.0,-27.875,52.125,22.19,0.56
1997-07-01T12:00:00Z,0.0,-27.875,56.125,21.85,0.38
1997-07-01T12:00:00Z,0.0,-27.875,60.125,20.98,-0.28
1997-07-01T12:00:00Z,0.0,-27.875,64.125,20.93,-0.14
1997-07-01T12:00:00Z,0.0,-27.875,68.125,19.58,-1.11
1997-07-01T12:00:00Z,0.0,-27.875,72.125,19.57,-0.83
1997-07-01T12:00:00Z,0.0,-27.875,76.125,19.98,-0.34
1997-07-01T12:00:00Z,0.0,-27.875,80.125,20.51,0.39
1997-07-01T12:00:00Z,0.0,-27.875,84.125,19.22,-0.65
1997-07-01T12:00:00Z,0.0,-27.875,88.125,20.6,0.81
1997-07-01T12:00:00Z,0.0,-27.875,92.125,20.16,0.57
1997-07-01T12:00:00Z,0.0,-27.875,96.125,19.25,-0.29
1997-07-01T12:00:00Z,0.0,-27.875,100.125,19.93,0.44
1997-07-01T12:00:00Z,0.0,-27.875,104.125,19.04,-0.65
1997-07-01T12:00:00Z,0.0,-27.875,108.125,20.61,0.25
1997-07-01T12:00:00Z,0.0,-27.875,112.125,23.3,1.13
1997-07-01T12:00:00Z,0.0,-27.875,116.125,NaN,NaN
1997-07-01T12:00:00Z,0.0,-27.875,120.125,NaN,NaN
1997-07-01T12:00:00Z,0.0,-27.875,124.125,NaN,NaN
1997-07-01T12:00:00Z,0.0,-27.875,128.125,NaN,NaN
1997-07-01T12:00:00Z,0.0,-27.875,132.125,NaN,NaN
1997-07-01T12:00:00Z,0.0,-27.875,136.125,NaN,NaN
1997-07-01T12:00:00Z,0.0,-27.875,140.125,NaN,NaN
1997-07-01T12:00:00Z,0.0,-27.875,144.125,NaN,NaN
1997-07-01T12:00:00Z,0.0,-27.875,148.125,NaN,NaN
1997-07-01T12:00:00Z,0.0,-27.875,152.125,NaN,NaN
1997-07-01T12:00:00Z,0.0,-27.875,156.125,21.25,-0.17
1997-07-01T12:00:00Z,0.0,-27.875,160.125,21.0,0.04
1997-07-01T12:00:00Z,0.0,-27.875,164.125,19.77,-0.89
1997-07-01T12:00:00Z,0.0,-27.875,168.125,20.34,-0.16
1997-07-01T12:00:00Z,0.0,-27.875,172.125,20.53,0.04
1997-07-01T12:00:00Z,0.0,-27.875,176.125,20.4,-0.1
1997-07-01T12:00:00Z,0.0,-27.875,180.125,19.77,-0.79
1997-07-01T12:00:00Z,0.0,-27.875,184.125,20.44,0.08
1997-07-01T12:00:00Z,0.0,-27.875,188.125,20.8,0.41
1997-07-01T12:00:00Z,0.0,-27.875,192.125,19.78,-0.6
1997-07-01T12:00:00Z,0.0,-27.875,196.125,19.95,-0.49
1997-07-01T12:00:00Z,0.0,-27.875,200.125,20.51,0.08
1997-07-01T12:00:00Z,0.0,-27.875,204.125,20.45,-0.05
1997-07-01T12:00:00Z,0.0,-27.875,208.125,20.58,-0.14
1997-07-01T12:00:00Z,0.0,-27.875,212.125,19.78,-0.87
1997-07-01T12:00:00Z,0.0,-27.875,216.125,20.86,-0.03
1997-07-01T12:00:00Z,0.0,-27.875,220.125,21.85,0.73
1997-07-01T12:00:00Z,0.0,-27.875,224.125,21.18,0.04
1997-07-01T12:00:00Z,0.0,-27.875,228.125,22.02,0.72
1997-07-01T12:00:00Z,0.0,-27.875,232.125,22.46,1.13
1997-07-01T12:00:00Z,0.0,-27.875,236.125,21.58,0.29
1997-07-01T12:00:00Z,0.0,-27.875,240.125,21.66,0.38
1997-07-01T12:00:00Z,0.0,-27.875,244.125,21.49,0.36
1997-07-01T12:00:00Z,0.0,-27.875,248.125,21.43,0.4
1997-07-01T12:00:00Z,0.0,-27.875,252.125,20.84,0.02
1997-07-01T12:00:00Z,0.0,-27.875,256.125,20.87,0.26
1997-07-01T12:00:00Z,0.0,-27.875,260.125,20.8,0.52
1997-07-01T12:00:00Z,0.0,-27.875,264.125,20.64,0.71
1997-07-01T12:00:00Z,0.0,-27.875,268.125,20.95,1.43
1997-07-01T12:00:00Z,0.0,-27.875,272.125,19.67,0.63
1997-07-01T12:00:00Z,0.0,-27.875,276.125,19.55,1.04
1997-07-01T12:00:00Z,0.0,-27.875,280.125,18.08,0.24
1997-07-01T12:00:00Z,0.0,-27.875,284.125,17.93,1.04
1997-07-01T12:00:00Z,0.0,-27.875,288.125,15.79,0.41
1997-07-01T12:00:00Z,0.0,-27.875,292.125,NaN,NaN
1997-07-01T12:00:00Z,0.0,-27.875,296.125,NaN,NaN
1997-07-01T12:00:00Z,0.0,-27.875,300.125,NaN,NaN
1997-07-01T12:00:00Z,0.0,-27.875,304.125,NaN,NaN
1997-07-01T12:00:00Z,0.0,-27.875,308.125,NaN,NaN
1997-07-01T12:00:00Z,0.0,-27.875,312.125,19.6,-0.56
1997-07-01T12:00:00Z,0.0,-27.875,316.125,20.67,-1.08
1997-07-01T12:00:00Z,0.0,-27.875,320.125,20.22,-1.06
1997-07-01T12:00:00Z,0.0,-27.875,324.125,20.46,-0.88
1997-07-01T12:00:00Z,0.0,-27.875,328.125,20.34,-0.78
1997-07-01T12:00:00Z,0.0,-27.875,332.125,21.02,-0.17
1997-07-01T12:00:00Z,0.0,-27.875,336.125,20.31,-0.69
1997-07-01T12:00:00Z,0.0,-27.875,340.125,20.78,-0.04
1997-07-01T12:00:00Z,0.0,-27.875,344.125,20.72,0.11
1997-07-01T12:00:00Z,0.0,-27.875,348.125,20.84,0.5
1997-07-01T12:00:00Z,0.0,-27.875,352.125,20.27,0.19
1997-07-01T12:00:00Z,0.0,-27.875,356.125,19.28,-0.42
1997-07-01T12:00:00Z,0.0,-23.875,0.125,18.98,-1.17
1997-07-01T12:00:00Z,0.0,-23.875,4.125,18.72,-0.8
1997-07-01T12:00:00Z,0.0,-23.875,8.125,18.18,-0.4
1997-07-01T12:00:00Z,0.0,-23.875,12.125,16.89,0.45
1997-07-01T12:00:00Z,0.0,-23.875,16.125,NaN,NaN
1997-07-01T12:00:00Z,0.0,-23.875,20.125,NaN,NaN
1997-07-01T12:00:00Z,0.0,-23.875,24.125,NaN,NaN
1997-07-01T12:00:00Z,0.0,-23.875,28.125,NaN,NaN
1997-07-01T12:00:00Z,0.0,-23.875,32.125,NaN,NaN
1997-07-01T12:00:00Z,0.0,-23.875,36.125,24.96,0.86
1997-07-01T12:00:00Z,0.0,-23.875,40.125,24.73,1.11
1997-07-01T12:00:00Z,0.0,-23.875,44.125,NaN,NaN
1997-07-01T12:00:00Z,0.0,-23.875,48.125,24.8,0.56
1997-07-01T12:00:00Z,0.0,-23.875,52.125,23.26,-0.49
1997-07-01T12:00:00Z,0.0,-23.875,56.125,23.63,0.17
1997-07-01T12:00:00Z,0.0,-23.875,60.125,22.58,-0.6
1997-07-01T12:00:00Z,0.0,-23.875,64.125,22.38,-0.51
1997-07-01T12:00:00Z,0.0,-23.875,68.125,21.56,-1.08
1997-07-01T12:00:00Z,0.0,-23.875,72.125,21.88,-0.56
1997-07-01T12:00:00Z,0.0,-23.875,76.125,21.66,-0.55
1997-07-01T12:00:00Z,0.0,-23.875,80.125,20.8,-1.32
1997-07-01T12:00:00Z,0.0,-23.875,84.125,22.12,0.18
1997-07-01T12:00:00Z,0.0,-23.875,88.125,20.82,-0.84
1997-07-01T12:00:00Z,0.0,-23.875,92.125,21.6,0.12
1997-07-01T12:00:00Z,0.0,-23.875,96.125,20.92,-0.45
1997-07-01T12:00:00Z,0.0,-23.875,100.125,21.74,0.26
1997-07-01T12:00:00Z,0.0,-23.875,104.125,20.68,-1.16
1997-07-01T12:00:00Z,0.0,-23.875,108.125,21.5,-0.94
1997-07-01T12:00:00Z,0.0,-23.875,112.125,21.96,-1.55
1997-07-01T12:00:00Z,0.0,-23.875,116.125,NaN,NaN
1997-07-01T12:00:00Z,0.0,-23.875,120.125,NaN,NaN
1997-07-01T12:00:00Z,0.0,-23.875,124.125,NaN,NaN
1997-07-01T12:00:00Z,0.0,-23.875,128.125,NaN,NaN
1997-07-01T12:00:00Z,0.0,-23.875,132.125,NaN,NaN
1997-07-01T12:00:00Z,0.0,-23.875,136.125,NaN,NaN
1997-07-01T12:00:00Z,0.0,-23.875,140.125,NaN,NaN
1997-07-01T12:00:00Z,0.0,-23.875,144.125,NaN,NaN
1997-07-01T12:00:00Z,0.0,-23.875,148.125,NaN,NaN
1997-07-01T12:00:00Z,0.0,-23.875,152.125,21.41,-0.98
1997-07-01T12:00:00Z,0.0,-23.875,156.125,22.66,-0.02
1997-07-01T12:00:00Z,0.0,-23.875,160.125,21.99,-0.29
1997-07-01T12:00:00Z,0.0,-23.875,164.125,21.83,-0.69
1997-07-01T12:00:00Z,0.0,-23.875,168.125,22.71,-0.14
1997-07-01T12:00:00Z,0.0,-23.875,172.125,22.01,-0.63
1997-07-01T12:00:00Z,0.0,-23.875,176.125,22.06,-0.63
1997-07-01T12:00:00Z,0.0,-23.875,180.125,22.17,-0.57
1997-07-01T12:00:00Z,0.0,-23.875,184.125,23.28,0.44
1997-07-01T12:00:00Z,0.0,-23.875,188.125,22.94,0.29
1997-07-01T12:00:00Z,0.0,-23.875,192.125,22.42,-0.27
1997-07-01T12:00:00Z,0.0,-23.875,196.125,22.03,-0.8
1997-07-01T12:00:00Z,0.0,-23.875,200.125,22.12,-0.83
1997-07-01T12:00:00Z,0.0,-23.875,204.125,22.05,-1.03
1997-07-01T12:00:00Z,0.0,-23.875,208.125,22.86,-0.32
1997-07-01T12:00:00Z,0.0,-23.875,212.125,23.27,-0.14
1997-07-01T12:00:00Z,0.0,-23.875,216.125,24.39,0.87
1997-07-01T12:00:00Z,0.0,-23.875,220.125,23.14,-0.54
1997-07-01T12:00:00Z,0.0,-23.875,224.125,23.76,-0.03
1997-07-01T12:00:00Z,0.0,-23.875,228.125,24.19,0.34
1997-07-01T12:00:00Z,0.0,-23.875,232.125,24.46,0.75
1997-07-01T12:00:00Z,0.0,-23.875,236.125,24.15,0.56
1997-07-01T12:00:00Z,0.0,-23.875,240.125,23.97,0.66
1997-07-01T12:00:00Z,0.0,-23.875,244.125,24.05,0.94
1997-07-01T12:00:00Z,0.0,-23.875,248.125,23.06,0.26
1997-07-01T12:00:00Z,0.0,-23.875,252.125,23.19,0.74
1997-07-01T12:00:00Z,0.0,-23.875,256.125,22.74,0.66
1997-07-01T12:00:00Z,0.0,-23.875,260.125,22.61,0.91
1997-07-01T12:00:00Z,0.0,-23.875,264.125,22.71,1.56
1997-07-01T12:00:00Z,0.0,-23.875,268.125,21.88,1.37
1997-07-01T12:00:00Z,0.0,-23.875,272.125,21.03,1.22
1997-07-01T12:00:00Z,0.0,-23.875,276.125,20.11,0.95
1997-07-01T12:00:00Z,0.0,-23.875,280.125,19.4,0.81
1997-07-01T12:00:00Z,0.0,-23.875,284.125,18.96,1.22
1997-07-01T12:00:00Z,0.0,-23.875,288.125,18.0,1.21
1997-07-01T12:00:00Z,0.0,-23.875,292.125,NaN,NaN
1997-07-01T12:00:00Z,0.0,-23.875,296.125,NaN,NaN
1997-07-01T12:00:00Z,0.0,-23.875,300.125,NaN,NaN
1997-07-01T12:00:00Z,0.0,-23.875,304.125,NaN,NaN
1997-07-01T12:00:00Z,0.0,-23.875,308.125,NaN,NaN
1997-07-01T12:00:00Z,0.0,-23.875,312.125,NaN,NaN
1997-07-01T12:00:00Z,0.0,-23.875,316.125,20.41,-1.79
1997-07-01T12:00:00Z,0.0,-23.875,320.125,22.25,-1.39
1997-07-01T12:00:00Z,0.0,-23.875,324.125,22.85,-0.75
1997-07-01T12:00:00Z,0.0,-23.875,328.125,23.05,-0.32
1997-07-01T12:00:00Z,0.0,-23.875,332.125,23.22,-0.01
1997-07-01T12:00:00Z,0.0,-23.875,336.125,23.22,0.26
1997-07-01T12:00:00Z,0.0,-23.875,340.125,22.22,-0.37
1997-07-01T12:00:00Z,0.0,-23.875,344.125,22.37,0.12
1997-07-01T12:00:00Z,0.0,-23.875,348.125,21.32,-0.48
1997-07-01T12:00:00Z,0.0,-23.875,352.125,20.41,-0.81
1997-07-01T12:00:00Z,0.0,-23.875,356.125,19.13,-1.54
1997-07-01T12:00:00Z,0.0,-19.875,0.125,19.31,-1.39
1997-07-01T12:00:00Z,0.0,-19.875,4.125,19.43,-0.51
1997-07-01T12:00:00Z,0.0,-19.875,8.125,18.2,-0.51
1997-07-01T12:00:00Z,0.0,-19.875,12.125,14.69,-1.53
1997-07-01T12:00:00Z,0.0,-19.875,16.125,NaN,NaN
1997-07-01T12:00:00Z,0.0,-19.875,20.125,NaN,NaN
1997-07-01T12:00:00Z,0.0,-19.875,24.125,NaN,NaN
1997-07-01T12:00:00Z,0.0,-19.875,28.125,NaN,NaN
1997-07-01T12:00:00Z,0.0,-19.875,32.125,NaN,NaN
1997-07-01T12:00:00Z,0.0,-19.875,36.125,25.05,0.36
1997-07-01T12:00:00Z,0.0,-19.875,40.125,26.23,0.99
1997-07-01T12:00:00Z,0.0,-19.875,44.125,26.48,1.07
1997-07-01T12:00:00Z,0.0,-19.875,48.125,NaN,NaN
1997-07-01T12:00:00Z,0.0,-19.875,52.125,24.88,-0.04
1997-07-01T12:00:00Z,0.0,-19.875,56.125,24.0,-0.56
1997-07-01T12:00:00Z,0.0,-19.875,60.125,23.7,-0.7
1997-07-01T12:00:00Z,0.0,-19.875,64.125,22.7,-1.55
1997-07-01T12:00:00Z,0.0,-19.875,68.125,23.14,-0.99
1997-07-01T12:00:00Z,0.0,-19.875,72.125,23.42,-0.64
1997-07-01T12:00:00Z,0.0,-19.875,76.125,23.37,-0.63
1997-07-01T12:00:00Z,0.0,-19.875,80.125,22.73,-1.03
1997-07-01T12:00:00Z,0.0,-19.875,84.125,23.07,-0.48
1997-07-01T12:00:00Z,0.0,-19.875,88.125,22.73,-0.61
1997-07-01T12:00:00Z,0.0,-19.875,92.125,23.71,0.53
1997-07-01T12:00:00Z,0.0,-19.875,96.125,22.66,-0.57
1997-07-01T12:00:00Z,0.0,-19.875,100.125,23.27,-0.34
1997-07-01T12:00:00Z,0.0,-19.875,104.125,24.26,0.18
1997-07-01T12:00:00Z,0.0,-19.875,108.125,23.67,-0.85
1997-07-01T12:00:00Z,0.0,-19.875,112.125,25.37,0.22
1997-07-01T12:00:00Z,0.0,-19.875,116.125,25.09,-0.17
1997-07-01T12:00:00Z,0.0,-19.875,120.125,22.69,-2.56
1997-07-01T12:00:00Z,0.0,-19.875,124.125,NaN,NaN
1997-07-01T12:00:00Z,0.0,-19.875,128.125,NaN,NaN
1997-07-01T12:00:00Z,0.0,-19.875,132.125,NaN,NaN
1997-07-01T12:00:00Z,0.0,-19.875,136.125,NaN,NaN
1997-07-01T12:00:00Z,0.0,-19.875,140.125,NaN,NaN
1997-07-01T12:00:00Z,0.0,-19.875,144.125,NaN,NaN
1997-07-01T12:00:00Z,0.0,-19.875,148.125,21.56,-1.72
1997-07-01T12:00:00Z,0.0,-19.875,152.125,23.84,-0.28
1997-07-01T12:00:00Z,0.0,-19.875,156.125,24.03,-0.29
1997-07-01T12:00:00Z,0.0,-19.875,160.125,24.4,0.12
1997-07-01T12:00:00Z,0.0,-19.875,164.125,24.24,-0.22
1997-07-01T12:00:00Z,0.0,-19.875,168.125,25.18,0.33
1997-07-01T12:00:00Z,0.0,-19.875,172.125,23.75,-0.92
1997-07-01T12:00:00Z,0.0,-19.875,176.125,24.59,-0.39
1997-07-01T12:00:00Z,0.0,-19.875,180.125,24.86,-0.06
1997-07-01T12:00:00Z,0.0,-19.875,184.125,24.29,-0.71
1997-07-01T12:00:00Z,0.0,-19.875,188.125,25.31,0.15
1997-07-01T12:00:00Z,0.0,-19.875,192.125,24.52,-0.78
1997-07-01T12:00:00Z,0.0,-19.875,196.125,24.09,-1.18
1997-07-01T12:00:00Z,0.0,-19.875,200.125,24.47,-0.96
1997-07-01T12:00:00Z,0.0,-19.875,204.125,24.67,-0.89
1997-07-01T12:00:00Z,0.0,-19.875,208.125,24.7,-1.03
1997-07-01T12:00:00Z,0.0,-19.875,212.125,24.98,-0.82
1997-07-01T12:00:00Z,0.0,-19.875,216.125,25.19,-0.74
1997-07-01T12:00:00Z,0.0,-19.875,220.125,25.89,-0.01
1997-07-01T12:00:00Z,0.0,-19.875,224.125,26.21,0.41
1997-07-01T12:00:00Z,0.0,-19.875,228.125,25.49,-0.12
1997-07-01T12:00:00Z,0.0,-19.875,232.125,25.8,0.46
1997-07-01T12:00:00Z,0.0,-19.875,236.125,25.75,0.7
1997-07-01T12:00:00Z,0.0,-19.875,240.125,25.57,0.86
1997-07-01T12:00:00Z,0.0,-19.875,244.125,24.77,0.45
1997-07-01T12:00:00Z,0.0,-19.875,248.125,24.54,0.62
1997-07-01T12:00:00Z,0.0,-19.875,252.125,23.96,0.5
1997-07-01T12:00:00Z,0.0,-19.875,256.125,23.22,0.29
1997-07-01T12:00:00Z,0.0,-19.875,260.125,23.12,0.76
1997-07-01T12:00:00Z,0.0,-19.875,264.125,22.83,1.14
1997-07-01T12:00:00Z,0.0,-19.875,268.125,21.96,0.87
1997-07-01T12:00:00Z,0.0,-19.875,272.125,21.33,0.9
1997-07-01T12:00:00Z,0.0,-19.875,276.125,21.22,1.37
1997-07-01T12:00:00Z,0.0,-19.875,280.125,20.47,1.27
1997-07-01T12:00:00Z,0.0,-19.875,284.125,20.36,1.75
1997-07-01T12:00:00Z,0.0,-19.875,288.125,19.24,1.06
1997-07-01T12:00:00Z,0.0,-19.875,292.125,NaN,NaN
1997-07-01T12:00:00Z,0.0,-19.875,296.125,NaN,NaN
1997-07-01T12:00:00Z,0.0,-19.875,300.125,NaN,NaN
1997-07-01T12:00:00Z,0.0,-19.875,304.125,NaN,NaN
1997-07-01T12:00:00Z,0.0,-19.875,308.125,NaN,NaN
1997-07-01T12:00:00Z,0.0,-19.875,312.125,NaN,NaN
1997-07-01T12:00:00Z,0.0,-19.875,316.125,NaN,NaN
1997-07-01T12:00:00Z,0.0,-19.875,320.125,23.45,-0.96
1997-07-01T12:00:00Z,0.0,-19.875,324.125,25.31,0.13
1997-07-01T12:00:00Z,0.0,-19.875,328.125,25.54,0.66
1997-07-01T12:00:00Z,0.0,-19.875,332.125,25.11,0.58
1997-07-01T12:00:00Z,0.0,-19.875,336.125,24.11,0.04
1997-07-01T12:00:00Z,0.0,-19.875,340.125,23.2,-0.38
1997-07-01T12:00:00Z,0.0,-19.875,344.125,22.75,-0.25
1997-07-01T12:00:00Z,0.0,-19.875,348.125,22.15,-0.28
1997-07-01T12:00:00Z,0.0,-19.875,352.125,21.22,-0.63
1997-07-01T12:00:00Z,0.0,-19.875,356.125,20.61,-0.67
1997-07-01T12:00:00Z,0.0,-15.875,0.125,20.42,-0.88
1997-07-01T12:00:00Z,0.0,-15.875,4.125,19.17,-1.55
1997-07-01T12:00:00Z,0.0,-15.875,8.125,17.92,-1.53
1997-07-01T12:00:00Z,0.0,-15.875,12.125,NaN,NaN
1997-07-01T12:00:00Z,0.0,-15.875,16.125,NaN,NaN
1997-07-01T12:00:00Z,0.0,-15.875,20.125,NaN,NaN
1997-07-01T12:00:00Z,0.0,-15.875,24.125,NaN,NaN
1997-07-01T12:00:00Z,0.0,-15.875,28.125,NaN,NaN
1997-07-01T12:00:00Z,0.0,-15.875,32.125,NaN,NaN
1997-07-01T12:00:00Z,0.0,-15.875,36.125,NaN,NaN
1997-07-01T12:00:00Z,0.0,-15.875,40.125,NaN,NaN
1997-07-01T12:00:00Z,0.0,-15.875,44.125,26.6,0.36
1997-07-01T12:00:00Z,0.0,-15.875,48.125,NaN,NaN
1997-07-01T12:00:00Z,0.0,-15.875,52.125,24.86,-0.61
1997-07-01T12:00:00Z,0.0,-15.875,56.125,24.11,-1.37
1997-07-01T12:00:00Z,0.0,-15.875,60.125,24.28,-1.1
1997-07-01T12:00:00Z,0.0,-15.875,64.125,24.1,-1.21
1997-07-01T12:00:00Z,0.0,-15.875,68.125,24.85,-0.47
1997-07-01T12:00:00Z,0.0,-15.875,72.125,25.0,-0.31
1997-07-01T12:00:00Z,0.0,-15.875,76.125,24.87,-0.3
1997-07-01T12:00:00Z,0.0,-15.875,80.125,24.46,-0.59
1997-07-01T12:00:00Z,0.0,-15.875,84.125,24.77,-0.27
1997-07-01T12:00:00Z,0.0,-15.875,88.125,24.76,-0.37
1997-07-01T12:00:00Z,0.0,-15.875,92.125,25.99,0.68
1997-07-01T12:00:00Z,0.0,-15.875,96.125,27.25,1.69
1997-07-01T12:00:00Z,0.0,-15.875,100.125,27.12,1.25
1997-07-01T12:00:00Z,0.0,-15.875,104.125,25.72,-0.58
1997-07-01T12:00:00Z,0.0,-15.875,108.125,26.1,-0.28
1997-07-01T12:00:00Z,0.0,-15.875,112.125,26.22,-0.35
1997-07-01T12:00:00Z,0.0,-15.875,116.125,25.9,-0.76
1997-07-01T12:00:00Z,0.0,-15.875,120.125,26.41,-0.46
1997-07-01T12:00:00Z,0.0,-15.875,124.125,25.7,-1.27
1997-07-01T12:00:00Z,0.0,-15.875,128.125,NaN,NaN
1997-07-01T12:00:00Z,0.0,-15.875,132.125,NaN,NaN
1997-07-01T12:00:00Z,0.0,-15.875,136.125,NaN,NaN
1997-07-01T12:00:00Z,0.0,-15.875,140.125,24.2,-0.45
1997-07-01T12:00:00Z,0.0,-15.875,144.125,NaN,NaN
1997-07-01T12:00:00Z,0.0,-15.875,148.125,24.23,-1.08
1997-07-01T12:00:00Z,0.0,-15.875,152.125,25.19,-0.47
1997-07-01T12:00:00Z,0.0,-15.875,156.125,24.94,-1.18
1997-07-01T12:00:00Z,0.0,-15.875,160.125,24.71,-1.58
1997-07-01T12:00:00Z,0.0,-15.875,164.125,26.05,-0.4
1997-07-01T12:00:00Z,0.0,-15.875,168.125,26.88,0.04
1997-07-01T12:00:00Z,0.0,-15.875,172.125,27.84,0.91
1997-07-01T12:00:00Z,0.0,-15.875,176.125,27.39,0.39
1997-07-01T12:00:00Z,0.0,-15.875,180.125,26.28,-0.64
1997-07-01T12:00:00Z,0.0,-15.875,184.125,26.26,-0.88
1997-07-01T12:00:00Z,0.0,-15.875,188.125,26.54,-0.77
1997-07-01T12:00:00Z,0.0,-15.875,192.125,26.45,-0.9
1997-07-01T12:00:00Z,0.0,-15.875,196.125,26.06,-1.27
1997-07-01T12:00:00Z,0.0,-15.875,200.125,26.47,-0.91
1997-07-01T12:00:00Z,0.0,-15.875,204.125,26.47,-0.91
1997-07-01T12:00:00Z,0.0,-15.875,208.125,26.58,-0.83
1997-07-01T12:00:00Z,0.0,-15.875,212.125,26.61,-0.78
1997-07-01T12:00:00Z,0.0,-15.875,216.125,26.92,-0.33
1997-07-01T12:00:00Z,0.0,-15.875,220.125,27.06,0.0
1997-07-01T12:00:00Z,0.0,-15.875,224.125,27.1,0.28
1997-07-01T12:00:00Z,0.0,-15.875,228.125,26.79,0.28
1997-07-01T12:00:00Z,0.0,-15.875,232.125,26.2,0.06
1997-07-01T12:00:00Z,0.0,-15.875,236.125,25.78,0.06
1997-07-01T12:00:00Z,0.0,-15.875,240.125,25.55,0.23
1997-07-01T12:00:00Z,0.0,-15.875,244.125,25.31,0.39
1997-07-01T12:00:00Z,0.0,-15.875,248.125,24.97,0.5
1997-07-01T12:00:00Z,0.0,-15.875,252.125,24.39,0.4
1997-07-01T12:00:00Z,0.0,-15.875,256.125,24.16,0.69
1997-07-01T12:00:00Z,0.0,-15.875,260.125,23.94,0.98
1997-07-01T12:00:00Z,0.0,-15.875,264.125,22.85,0.42
1997-07-01T12:00:00Z,0.0,-15.875,268.125,22.44,0.58
1997-07-01T12:00:00Z,0.0,-15.875,272.125,22.09,0.85
1997-07-01T12:00:00Z,0.0,-15.875,276.125,21.75,1.34
1997-07-01T12:00:00Z,0.0,-15.875,280.125,21.85,2.48
1997-07-01T12:00:00Z,0.0,-15.875,284.125,21.33,3.79
1997-07-01T12:00:00Z,0.0,-15.875,288.125,NaN,NaN
1997-07-01T12:00:00Z,0.0,-15.875,292.125,NaN,NaN
1997-07-01T12:00:00Z,0.0,-15.875,296.125,NaN,NaN
1997-07-01T12:00:00Z,0.0,-15.875,300.125,NaN,NaN
1997-07-01T12:00:00Z,0.0,-15.875,304.125,NaN,NaN
1997-07-01T12:00:00Z,0.0,-15.875,308.125,NaN,NaN
1997-07-01T12:00:00Z,0.0,-15.875,312.125,NaN,NaN
1997-07-01T12:00:00Z,0.0,-15.875,316.125,NaN,NaN
1997-07-01T12:00:00Z,0.0,-15.875,320.125,NaN,NaN
1997-07-01T12:00:00Z,0.0,-15.875,324.125,25.83,-0.24
1997-07-01T12:00:00Z,0.0,-15.875,328.125,26.13,0.4
1997-07-01T12:00:00Z,0.0,-15.875,332.125,25.49,0.2
1997-07-01T12:00:00Z,0.0,-15.875,336.125,25.27,0.5
1997-07-01T12:00:00Z,0.0,-15.875,340.125,24.45,0.25
1997-07-01T12:00:00Z,0.0,-15.875,344.125,23.69,0.01
1997-07-01T12:00:00Z,0.0,-15.875,348.125,23.22,0.11
1997-07-01T12:00:00Z,0.0,-15.875,352.125,22.15,-0.31
1997-07-01T12:00:00Z,0.0,-15.875,356.125,21.26,-0.56
1997-07-01T12:00:00Z,0.0,-11.875,0.125,21.98,-1.14
1997-07-01T12:00:00Z,0.0,-11.875,4.125,20.9,-1.7
1997-07-01T12:00:00Z,0.0,-11.875,8.125,21.34,-0.87
1997-07-01T12:00:00Z,0.0,-11.875,12.125,22.77,0.2
1997-07-01T12:00:00Z,0.0,-11.875,16.125,NaN,NaN
1997-07-01T12:00:00Z,0.0,-11.875,20.125,NaN,NaN
1997-07-01T12:00:00Z,0.0,-11.875,24.125,NaN,NaN
1997-07-01T12:00:00Z,0.0,-11.875,28.125,NaN,NaN
1997-07-01T12:00:00Z,0.0,-11.875,32.125,NaN,NaN
1997-07-01T12:00:00Z,0.0,-11.875,36.125,NaN,NaN
1997-07-01T12:00:00Z,0.0,-11.875,40.125,NaN,NaN
1997-07-01T12:00:00Z,0.0,-11.875,44.125,26.57,0.21
1997-07-01T12:00:00Z,0.0,-11.875,48.125,26.71,0.52
1997-07-01T12:00:00Z,0.0,-11.875,52.125,25.22,-0.47
1997-07-01T12:00:00Z,0.0,-11.875,56.125,24.75,-1.24
1997-07-01T12:00:00Z,0.0,-11.875,60.125,24.96,-1.17
1997-07-01T12:00:00Z,0.0,-11.875,64.125,25.59,-0.62
1997-07-01T12:00:00Z,0.0,-11.875,68.125,25.63,-0.54
1997-07-01T12:00:00Z,0.0,-11.875,72.125,25.67,-0.54
1997-07-01T12:00:00Z,0.0,-11.875,76.125,24.78,-1.36
1997-07-01T12:00:00Z,0.0,-11.875,80.125,24.28,-1.84
1997-07-01T12:00:00Z,0.0,-11.875,84.125,26.21,-0.07
1997-07-01T12:00:00Z,0.0,-11.875,88.125,25.68,-0.85
1997-07-01T12:00:00Z,0.0,-11.875,92.125,27.56,0.54
1997-07-01T12:00:00Z,0.0,-11.875,96.125,28.27,0.76
1997-07-01T12:00:00Z,0.0,-11.875,100.125,27.79,0.18
1997-07-01T12:00:00Z,0.0,-11.875,104.125,27.67,0.17
1997-07-01T12:00:00Z,0.0,-11.875,108.125,25.89,-1.45
1997-07-01T12:00:00Z,0.0,-11.875,112.125,27.29,0.17
1997-07-01T12:00:00Z,0.0,-11.875,116.125,26.22,-0.81
1997-07-01T12:00:00Z,0.0,-11.875,120.125,26.4,-0.62
1997-07-01T12:00:00Z,0.0,-11.875,124.125,26.81,-0.46
1997-07-01T12:00:00Z,0.0,-11.875,128.125,27.82,0.45
1997-07-01T12:00:00Z,0.0,-11.875,132.125,26.33,-0.33
1997-07-01T12:00:00Z,0.0,-11.875,136.125,25.56,-0.64
1997-07-01T12:00:00Z,0.0,-11.875,140.125,26.55,-0.1
1997-07-01T12:00:00Z,0.0,-11.875,144.125,24.36,-1.15
1997-07-01T12:00:00Z,0.0,-11.875,148.125,25.52,-0.53
1997-07-01T12:00:00Z,0.0,-11.875,152.125,26.12,-0.37
1997-07-01T12:00:00Z,0.0,-11.875,156.125,27.42,-0.01
1997-07-01T12:00:00Z,0.0,-11.875,160.125,27.76,-0.1
1997-07-01T12:00:00Z,0.0,-11.875,164.125,27.72,-0.27
1997-07-01T12:00:00Z,0.0,-11.875,168.125,28.45,0.33
1997-07-01T12:00:00Z,0.0,-11.875,172.125,27.76,-0.47
1997-07-01T12:00:00Z,0.0,-11.875,176.125,27.44,-0.88
1997-07-01T12:00:00Z,0.0,-11.875,180.125,27.55,-0.85
1997-07-01T12:00:00Z,0.0,-11.875,184.125,27.44,-1.02
1997-07-01T12:00:00Z,0.0,-11.875,188.125,27.08,-1.38
1997-07-01T12:00:00Z,0.0,-11.875,192.125,26.79,-1.65
1997-07-01T12:00:00Z,0.0,-11.875,196.125,26.93,-1.47
1997-07-01T12:00:00Z,0.0,-11.875,200.125,27.53,-0.81
1997-07-01T12:00:00Z,0.0,-11.875,204.125,27.72,-0.51
1997-07-01T12:00:00Z,0.0,-11.875,208.125,28.05,-0.08
1997-07-01T12:00:00Z,0.0,-11.875,212.125,27.69,-0.29
1997-07-01T12:00:00Z,0.0,-11.875,216.125,27.29,-0.49
1997-07-01T12:00:00Z,0.0,-11.875,220.125,27.88,0.32
1997-07-01T12:00:00Z,0.0,-11.875,224.125,27.41,0.15
1997-07-01T12:00:00Z,0.0,-11.875,228.125,27.07,0.11
1997-07-01T12:00:00Z,0.0,-11.875,232.125,26.77,0.11
1997-07-01T12:00:00Z,0.0,-11.875,236.125,26.35,0.01
1997-07-01T12:00:00Z,0.0,-11.875,240.125,26.26,0.21
1997-07-01T12:00:00Z,0.0,-11.875,244.125,25.65,-0.11
1997-07-01T12:00:00Z,0.0,-11.875,248.125,25.62,0.2
1997-07-01T12:00:00Z,0.0,-11.875,252.125,25.44,0.41
1997-07-01T12:00:00Z,0.0,-11.875,256.125,24.93,0.34
1997-07-01T12:00:00Z,0.0,-11.875,260.125,24.86,0.62
1997-07-01T12:00:00Z,0.0,-11.875,264.125,24.6,0.88
1997-07-01T12:00:00Z,0.0,-11.875,268.125,24.07,0.88
1997-07-01T12:00:00Z,0.0,-11.875,272.125,24.48,2.04
1997-07-01T12:00:00Z,0.0,-11.875,276.125,23.6,2.23
1997-07-01T12:00:00Z,0.0,-11.875,280.125,23.54,3.51
1997-07-01T12:00:00Z,0.0,-11.875,284.125,NaN,NaN
1997-07-01T12:00:00Z,0.0,-11.875,288.125,NaN,NaN
1997-07-01T12:00:00Z,0.0,-11.875,292.125,NaN,NaN
1997-07-01T12:00:00Z,0.0,-11.875,296.125,NaN,NaN
1997-07-01T12:00:00Z,0.0,-11.875,300.125,NaN,NaN
1997-07-01T12:00:00Z,0.0,-11.875,304.125,NaN,NaN
1997-07-01T12:00:00Z,0.0,-11.875,308.125,NaN,NaN
1997-07-01T12:00:00Z,0.0,-11.875,312.125,NaN,NaN
1997-07-01T12:00:00Z,0.0,-11.875,316.125,NaN,NaN
1997-07-01T12:00:00Z,0.0,-11.875,320.125,NaN,NaN
1997-07-01T12:00:00Z,0.0,-11.875,324.125,26.37,-0.24
1997-07-01T12:00:00Z,0.0,-11.875,328.125,26.51,-0.09
1997-07-01T12:00:00Z,0.0,-11.875,332.125,26.74,0.43
1997-07-01T12:00:00Z,0.0,-11.875,336.125,25.98,0.04
1997-07-01T12:00:00Z,0.0,-11.875,340.125,25.58,0.07
1997-07-01T12:00:00Z,0.0,-11.875,344.125,24.74,-0.29
1997-07-01T12:00:00Z,0.0,-11.875,348.125,23.65,-0.87
1997-07-01T12:00:00Z,0.0,-11.875,352.125,23.36,-0.62
1997-07-01T12:00:00Z,0.0,-11.875,356.125,22.22,-1.3
1997-07-01T12:00:00Z,0.0,-7.875,0.125,23.25,-1.35
1997-07-01T12:00:00Z,0.0,-7.875,4.125,22.65,-1.47
1997-07-01T12:00:00Z,0.0,-7.875,8.125,22.1,-1.93
1997-07-01T12:00:00Z,0.0,-7.875,12.125,22.36,-0.85
1997-07-01T12:00:00Z,0.0,-7.875,16.125,NaN,NaN
1997-07-01T12:00:00Z,0.0,-7.875,20.125,NaN,NaN
1997-07-01T12:00:00Z,0.0,-7.875,24.125,NaN,NaN
1997-07-01T12:00:00Z,0.0,-7.875,28.125,NaN,NaN
1997-07-01T12:00:00Z,0.0,-7.875,32.125,NaN,NaN
1997-07-01T12:00:00Z,0.0,-7.875,36.125,NaN,NaN
1997-07-01T12:00:00Z,0.0,-7.875,40.125,26.26,-0.06
1997-07-01T12:00:00Z,0.0,-7.875,44.125,26.95,0.92
1997-07-01T12:00:00Z,0.0,-7.875,48.125,26.53,0.76
1997-07-01T12:00:00Z,0.0,-7.875,52.125,26.01,-0.09
1997-07-01T12:00:00Z,0.0,-7.875,56.125,26.69,0.3
1997-07-01T12:00:00Z,0.0,-7.875,60.125,26.43,-0.5
1997-07-01T12:00:00Z,0.0,-7.875,64.125,26.92,-0.16
1997-07-01T12:00:00Z,0.0,-7.875,68.125,27.19,0.03
1997-07-01T12:00:00Z,0.0,-7.875,72.125,26.79,-0.28
1997-07-01T12:00:00Z,0.0,-7.875,76.125,26.18,-0.95
1997-07-01T12:00:00Z,0.0,-7.875,80.125,26.75,-0.5
1997-07-01T12:00:00Z,0.0,-7.875,84.125,27.97,0.41
1997-07-01T12:00:00Z,0.0,-7.875,88.125,28.59,0.72
1997-07-01T12:00:00Z,0.0,-7.875,92.125,28.34,0.12
1997-07-01T12:00:00Z,0.0,-7.875,96.125,28.29,-0.14
1997-07-01T12:00:00Z,0.0,-7.875,100.125,27.86,-0.51
1997-07-01T12:00:00Z,0.0,-7.875,104.125,26.02,-2.26
1997-07-01T12:00:00Z,0.0,-7.875,108.125,26.01,-1.91
1997-07-01T12:00:00Z,0.0,-7.875,112.125,NaN,NaN
1997-07-01T12:00:00Z,0.0,-7.875,116.125,27.12,-0.55
1997-07-01T12:00:00Z,0.0,-7.875,120.125,27.62,0.11
1997-07-01T12:00:00Z,0.0,-7.875,124.125,27.69,-0.09
1997-07-01T12:00:00Z,0.0,-7.875,128.125,27.27,-0.07
1997-07-01T12:00:00Z,0.0,-7.875,132.125,25.89,-1.03
1997-07-01T12:00:00Z,0.0,-7.875,136.125,25.52,-1.12
1997-07-01T12:00:00Z,0.0,-7.875,140.125,NaN,NaN
1997-07-01T12:00:00Z,0.0,-7.875,144.125,25.87,-0.48
1997-07-01T12:00:00Z,0.0,-7.875,148.125,27.7,-0.24
1997-07-01T12:00:00Z,0.0,-7.875,152.125,27.06,-1.01
1997-07-01T12:00:00Z,0.0,-7.875,156.125,27.95,-0.75
1997-07-01T12:00:00Z,0.0,-7.875,160.125,28.75,-0.2
1997-07-01T12:00:00Z,0.0,-7.875,164.125,28.46,-0.49
1997-07-01T12:00:00Z,0.0,-7.875,168.125,28.52,-0.47
1997-07-01T12:00:00Z,0.0,-7.875,172.125,29.02,-0.01
1997-07-01T12:00:00Z,0.0,-7.875,176.125,28.98,-0.08
1997-07-01T12:00:00Z,0.0,-7.875,180.125,28.78,-0.28
1997-07-01T12:00:00Z,0.0,-7.875,184.125,28.66,-0.36
1997-07-01T12:00:00Z,0.0,-7.875,188.125,28.28,-0.67
1997-07-01T12:00:00Z,0.0,-7.875,192.125,28.29,-0.6
1997-07-01T12:00:00Z,0.0,-7.875,196.125,28.23,-0.52
1997-07-01T12:00:00Z,0.0,-7.875,200.125,28.63,0.0
1997-07-01T12:00:00Z,0.0,-7.875,204.125,28.73,0.25
1997-07-01T12:00:00Z,0.0,-7.875,208.125,28.63,0.32
1997-07-01T12:00:00Z,0.0,-7.875,212.125,28.89,0.73
1997-07-01T12:00:00Z,0.0,-7.875,216.125,28.42,0.46
1997-07-01T12:00:00Z,0.0,-7.875,220.125,27.87,0.13
1997-07-01T12:00:00Z,0.0,-7.875,224.125,27.76,0.28
1997-07-01T12:00:00Z,0.0,-7.875,228.125,27.2,-0.08
1997-07-01T12:00:00Z,0.0,-7.875,232.125,26.88,-0.16
1997-07-01T12:00:00Z,0.0,-7.875,236.125,26.46,-0.37
1997-07-01T12:00:00Z,0.0,-7.875,240.125,26.29,-0.3
1997-07-01T12:00:00Z,0.0,-7.875,244.125,26.14,-0.14
1997-07-01T12:00:00Z,0.0,-7.875,248.125,26.1,0.13
1997-07-01T12:00:00Z,0.0,-7.875,252.125,26.14,0.49
1997-07-01T12:00:00Z,0.0,-7.875,256.125,26.07,0.65
1997-07-01T12:00:00Z,0.0,-7.875,260.125,25.95,0.88
1997-07-01T12:00:00Z,0.0,-7.875,264.125,26.07,1.38
1997-07-01T12:00:00Z,0.0,-7.875,268.125,25.62,1.36
1997-07-01T12:00:00Z,0.0,-7.875,272.125,26.46,3.07
1997-07-01T12:00:00Z,0.0,-7.875,276.125,25.89,4.09
1997-07-01T12:00:00Z,0.0,-7.875,280.125,22.84,3.61
1997-07-01T12:00:00Z,0.0,-7.875,284.125,NaN,NaN
1997-07-01T12:00:00Z,0.0,-7.875,288.125,NaN,NaN
1997-07-01T12:00:00Z,0.0,-7.875,292.125,NaN,NaN
1997-07-01T12:00:00Z,0.0,-7.875,296.125,NaN,NaN
1997-07-01T12:00:00Z,0.0,-7.875,300.125,NaN,NaN
1997-07-01T12:00:00Z,0.0,-7.875,304.125,NaN,NaN
1997-07-01T12:00:00Z,0.0,-7.875,308.125,NaN,NaN
1997-07-01T12:00:00Z,0.0,-7.875,312.125,NaN,NaN
1997-07-01T12:00:00Z,0.0,-7.875,316.125,NaN,NaN
1997-07-01T12:00:00Z,0.0,-7.875,320.125,NaN,NaN
1997-07-01T12:00:00Z,0.0,-7.875,324.125,NaN,NaN
1997-07-01T12:00:00Z,0.0,-7.875,328.125,27.32,-0.13
1997-07-01T12:00:00Z,0.0,-7.875,332.125,26.86,-0.42
1997-07-01T12:00:00Z,0.0,-7.875,336.125,26.41,-0.64
1997-07-01T12:00:00Z,0.0,-7.875,340.125,26.05,-0.72
1997-07-01T12:00:00Z,0.0,-7.875,344.125,25.25,-1.17
1997-07-01T12:00:00Z,0.0,-7.875,348.125,25.17,-0.84
1997-07-01T12:00:00Z,0.0,-7.875,352.125,24.64,-0.91
1997-07-01T12:00:00Z,0.0,-7.875,356.125,23.73,-1.32
1997-07-01T12:00:00Z,0.0,-3.875,0.125,22.04,-2.25
1997-07-01T12:00:00Z,0.0,-3.875,4.125,23.41,-0.66
1997-07-01T12:00:00Z,0.0,-3.875,8.125,22.63,-0.94
1997-07-01T12:00:00Z,0.0,-3.875,12.125,NaN,NaN
1997-07-01T12:00:00Z,0.0,-3.875,16.125,NaN,NaN
1997-07-01T12:00:00Z,0.0,-3.875,20.125,NaN,NaN
1997-07-01T12:00:00Z,0.0,-3.875,24.125,NaN,NaN
1997-07-01T12:00:00Z,0.0,-3.875,28.125,NaN,NaN
1997-07-01T12:00:00Z,0.0,-3.875,32.125,NaN,NaN
1997-07-01T12:00:00Z,0.0,-3.875,36.125,NaN,NaN
1997-07-01T12:00:00Z,0.0,-3.875,40.125,26.17,-0.24
1997-07-01T12:00:00Z,0.0,-3.875,44.125,27.88,1.61
1997-07-01T12:00:00Z,0.0,-3.875,48.125,26.76,0.49
1997-07-01T12:00:00Z,0.0,-3.875,52.125,27.38,0.66
1997-07-01T12:00:00Z,0.0,-3.875,56.125,27.94,0.89
1997-07-01T12:00:00Z,0.0,-3.875,60.125,27.91,0.11
1997-07-01T12:00:00Z,0.0,-3.875,64.125,27.73,-0.49
1997-07-01T12:00:00Z,0.0,-3.875,68.125,28.36,-0.1
1997-07-01T12:00:00Z,0.0,-3.875,72.125,28.71,0.15
1997-07-01T12:00:00Z,0.0,-3.875,76.125,29.43,0.69
1997-07-01T12:00:00Z,0.0,-3.875,80.125,28.84,0.04
1997-07-01T12:00:00Z,0.0,-3.875,84.125,29.27,0.46
1997-07-01T12:00:00Z,0.0,-3.875,88.125,29.9,0.95
1997-07-01T12:00:00Z,0.0,-3.875,92.125,29.23,0.16
1997-07-01T12:00:00Z,0.0,-3.875,96.125,28.83,-0.27
1997-07-01T12:00:00Z,0.0,-3.875,100.125,27.73,-1.39
1997-07-01T12:00:00Z,0.0,-3.875,104.125,NaN,NaN
1997-07-01T12:00:00Z,0.0,-3.875,108.125,27.73,-1.3
1997-07-01T12:00:00Z,0.0,-3.875,112.125,26.82,-1.75
1997-07-01T12:00:00Z,0.0,-3.875,116.125,27.15,-1.37
1997-07-01T12:00:00Z,0.0,-3.875,120.125,NaN,NaN
1997-07-01T12:00:00Z,0.0,-3.875,124.125,25.83,-1.97
1997-07-01T12:00:00Z,0.0,-3.875,128.125,25.76,-1.79
1997-07-01T12:00:00Z,0.0,-3.875,132.125,25.13,-2.22
1997-07-01T12:00:00Z,0.0,-3.875,136.125,NaN,NaN
1997-07-01T12:00:00Z,0.0,-3.875,140.125,NaN,NaN
1997-07-01T12:00:00Z,0.0,-3.875,144.125,NaN,NaN
1997-07-01T12:00:00Z,0.0,-3.875,148.125,28.47,-0.68
1997-07-01T12:00:00Z,0.0,-3.875,152.125,28.71,-0.57
1997-07-01T12:00:00Z,0.0,-3.875,156.125,28.62,-0.72
1997-07-01T12:00:00Z,0.0,-3.875,160.125,29.49,0.02
1997-07-01T12:00:00Z,0.0,-3.875,164.125,28.96,-0.46
1997-07-01T12:00:00Z,0.0,-3.875,168.125,29.08,-0.28
1997-07-01T12:00:00Z,0.0,-3.875,172.125,29.17,-0.09
1997-07-01T12:00:00Z,0.0,-3.875,176.125,29.29,0.07
1997-07-01T12:00:00Z,0.0,-3.875,180.125,29.58,0.43
1997-07-01T12:00:00Z,0.0,-3.875,184.125,28.97,-0.05
1997-07-01T12:00:00Z,0.0,-3.875,188.125,28.42,-0.43
1997-07-01T12:00:00Z,0.0,-3.875,192.125,28.34,-0.35
1997-07-01T12:00:00Z,0.0,-3.875,196.125,28.68,0.16
1997-07-01T12:00:00Z,0.0,-3.875,200.125,28.89,0.55
1997-07-01T12:00:00Z,0.0,-3.875,204.125,28.55,0.38
1997-07-01T12:00:00Z,0.0,-3.875,208.125,28.93,0.92
1997-07-01T12:00:00Z,0.0,-3.875,212.125,28.66,0.79
1997-07-01T12:00:00Z,0.0,-3.875,216.125,28.21,0.54
1997-07-01T12:00:00Z,0.0,-3.875,220.125,27.98,0.49
1997-07-01T12:00:00Z,0.0,-3.875,224.125,27.49,0.26
1997-07-01T12:00:00Z,0.0,-3.875,228.125,27.31,0.33
1997-07-01T12:00:00Z,0.0,-3.875,232.125,27.32,0.63
1997-07-01T12:00:00Z,0.0,-3.875,236.125,27.51,1.17
1997-07-01T12:00:00Z,0.0,-3.875,240.125,26.88,0.87
1997-07-01T12:00:00Z,0.0,-3.875,244.125,26.79,1.15
1997-07-01T12:00:00Z,0.0,-3.875,248.125,26.89,1.6
1997-07-01T12:00:00Z,0.0,-3.875,252.125,27.24,2.28
1997-07-01T12:00:00Z,0.0,-3.875,256.125,27.19,2.48
1997-07-01T12:00:00Z,0.0,-3.875,260.125,26.9,2.51
1997-07-01T12:00:00Z,0.0,-3.875,264.125,26.74,2.7
1997-07-01T12:00:00Z,0.0,-3.875,268.125,26.68,2.92
1997-07-01T12:00:00Z,0.0,-3.875,272.125,27.03,3.78
1997-07-01T12:00:00Z,0.0,-3.875,276.125,25.6,4.26
1997-07-01T12:00:00Z,0.0,-3.875,280.125,NaN,NaN
1997-07-01T12:00:00Z,0.0,-3.875,284.125,NaN,NaN
1997-07-01T12:00:00Z,0.0,-3.875,288.125,NaN,NaN
1997-07-01T12:00:00Z,0.0,-3.875,292.125,NaN,NaN
1997-07-01T12:00:00Z,0.0,-3.875,296.125,NaN,NaN
1997-07-01T12:00:00Z,0.0,-3.875,300.125,NaN,NaN
1997-07-01T12:00:00Z,0.0,-3.875,304.125,NaN,NaN
1997-07-01T12:00:00Z,0.0,-3.875,308.125,NaN,NaN
1997-07-01T12:00:00Z,0.0,-3.875,312.125,NaN,NaN
1997-07-01T12:00:00Z,0.0,-3.875,316.125,NaN,NaN
1997-07-01T12:00:00Z,0.0,-3.875,320.125,NaN,NaN
1997-07-01T12:00:00Z,0.0,-3.875,324.125,26.77,-0.57
1997-07-01T12:00:00Z,0.0,-3.875,328.125,26.82,-0.52
1997-07-01T12:00:00Z,0.0,-3.875,332.125,26.37,-0.67
1997-07-01T12:00:00Z,0.0,-3.875,336.125,25.53,-1.12
1997-07-01T12:00:00Z,0.0,-3.875,340.125,24.92,-1.27
1997-07-01T12:00:00Z,0.0,-3.875,344.125,25.21,-0.51
1997-07-01T12:00:00Z,0.0,-3.875,348.125,24.61,-0.66
1997-07-01T12:00:00Z,0.0,-3.875,352.125,23.56,-1.33
1997-07-01T12:00:00Z,0.0,-3.875,356.125,22.79,-1.74
1997-07-01T12:00:00Z,0.0,0.125,0.125,23.58,-1.9
1997-07-01T12:00:00Z,0.0,0.125,4.125,24.45,-1.02
1997-07-01T12:00:00Z,0.0,0.125,8.125,24.27,-1.1
1997-07-01T12:00:00Z,0.0,0.125,12.125,NaN,NaN
1997-07-01T12:00:00Z,0.0,0.125,16.125,NaN,NaN
1997-07-01T12:00:00Z,0.0,0.125,20.125,NaN,NaN
1997-07-01T12:00:00Z,0.0,0.125,24.125,NaN,NaN
1997-07-01T12:00:00Z,0.0,0.125,28.125,NaN,NaN
1997-07-01T12:00:00Z,0.0,0.125,32.125,NaN,NaN
1997-07-01T12:00:00Z,0.0,0.125,36.125,NaN,NaN
1997-07-01T12:00:00Z,0.0,0.125,40.125,NaN,NaN
1997-07-01T12:00:00Z,0.0,0.125,44.125,26.7,0.27
1997-07-01T12:00:00Z,0.0,0.125,48.125,27.15,0.7
1997-07-01T12:00:00Z,0.0,0.125,52.125,28.06,0.96
1997-07-01T12:00:00Z,0.0,0.125,56.125,28.13,0.01
1997-07-01T12:00:00Z,0.0,0.125,60.125,27.2,-1.66
1997-07-01T12:00:00Z,0.0,0.125,64.125,27.61,-1.48
1997-07-01T12:00:00Z,0.0,0.125,68.125,28.65,-0.51
1997-07-01T12:00:00Z,0.0,0.125,72.125,29.74,0.58
1997-07-01T12:00:00Z,0.0,0.125,76.125,29.09,0.02
1997-07-01T12:00:00Z,0.0,0.125,80.125,29.53,0.53
1997-07-01T12:00:00Z,0.0,0.125,84.125,29.56,0.64
1997-07-01T12:00:00Z,0.0,0.125,88.125,29.98,0.96
1997-07-01T12:00:00Z,0.0,0.125,92.125,29.65,0.41
1997-07-01T12:00:00Z,0.0,0.125,96.125,29.44,0.02
1997-07-01T12:00:00Z,0.0,0.125,100.125,NaN,NaN
1997-07-01T12:00:00Z,0.0,0.125,104.125,29.1,-0.36
1997-07-01T12:00:00Z,0.0,0.125,108.125,28.76,-0.61
1997-07-01T12:00:00Z,0.0,0.125,112.125,NaN,NaN
1997-07-01T12:00:00Z,0.0,0.125,116.125,NaN,NaN
1997-07-01T12:00:00Z,0.0,0.125,120.125,28.92,-0.36
1997-07-01T12:00:00Z,0.0,0.125,124.125,27.75,-1.1
1997-07-01T12:00:00Z,0.0,0.125,128.125,26.91,-1.72
1997-07-01T12:00:00Z,0.0,0.125,132.125,29.25,-0.08
1997-07-01T12:00:00Z,0.0,0.125,136.125,30.05,0.69
1997-07-01T12:00:00Z,0.0,0.125,140.125,28.66,-0.68
1997-07-01T12:00:00Z,0.0,0.125,144.125,28.93,-0.39
1997-07-01T12:00:00Z,0.0,0.125,148.125,28.78,-0.59
1997-07-01T12:00:00Z,0.0,0.125,152.125,28.89,-0.5
1997-07-01T12:00:00Z,0.0,0.125,156.125,28.83,-0.55
1997-07-01T12:00:00Z,0.0,0.125,160.125,29.59,0.29
1997-07-01T12:00:00Z,0.0,0.125,164.125,29.59,0.42
1997-07-01T12:00:00Z,0.0,0.125,168.125,29.2,0.18
1997-07-01T12:00:00Z,0.0,0.125,172.125,29.32,0.5
1997-07-01T12:00:00Z,0.0,0.125,176.125,28.84,0.04
1997-07-01T12:00:00Z,0.0,0.125,180.125,28.94,0.29
1997-07-01T12:00:00Z,0.0,0.125,184.125,28.68,0.24
1997-07-01T12:00:00Z,0.0,0.125,188.125,28.76,0.53
1997-07-01T12:00:00Z,0.0,0.125,192.125,27.8,-0.24
1997-07-01T12:00:00Z,0.0,0.125,196.125,28.55,0.72
1997-07-01T12:00:00Z,0.0,0.125,200.125,28.39,0.87
1997-07-01T12:00:00Z,0.0,0.125,204.125,28.65,1.38
1997-07-01T12:00:00Z,0.0,0.125,208.125,28.82,1.79
1997-07-01T12:00:00Z,0.0,0.125,212.125,28.44,1.63
1997-07-01T12:00:00Z,0.0,0.125,216.125,28.56,1.99
1997-07-01T12:00:00Z,0.0,0.125,220.125,28.91,2.62
1997-07-01T12:00:00Z,0.0,0.125,224.125,28.89,2.86
1997-07-01T12:00:00Z,0.0,0.125,228.125,28.41,2.67
1997-07-01T12:00:00Z,0.0,0.125,232.125,28.21,2.72
1997-07-01T12:00:00Z,0.0,0.125,236.125,28.39,3.22
1997-07-01T12:00:00Z,0.0,0.125,240.125,27.68,2.73
1997-07-01T12:00:00Z,0.0,0.125,244.125,27.39,2.71
1997-07-01T12:00:00Z,0.0,0.125,248.125,27.2,2.76
1997-07-01T12:00:00Z,0.0,0.125,252.125,27.25,3.07
1997-07-01T12:00:00Z,0.0,0.125,256.125,27.26,3.25
1997-07-01T12:00:00Z,0.0,0.125,260.125,27.3,3.49
1997-07-01T12:00:00Z,0.0,0.125,264.125,26.87,3.31
1997-07-01T12:00:00Z,0.0,0.125,268.125,26.37,3.18
1997-07-01T12:00:00Z,0.0,0.125,272.125,26.82,2.95
1997-07-01T12:00:00Z,0.0,0.125,276.125,27.06,2.74
1997-07-01T12:00:00Z,0.0,0.125,280.125,NaN,NaN
1997-07-01T12:00:00Z,0.0,0.125,284.125,NaN,NaN
1997-07-01T12:00:00Z,0.0,0.125,288.125,NaN,NaN
1997-07-01T12:00:00Z,0.0,0.125,292.125,NaN,NaN
1997-07-01T12:00:00Z,0.0,0.125,296.125,NaN,NaN
1997-07-01T12:00:00Z,0.0,0.125,300.125,NaN,NaN
1997-07-01T12:00:00Z,0.0,0.125,304.125,NaN,NaN
1997-07-01T12:00:00Z,0.0,0.125,308.125,NaN,NaN
1997-07-01T12:00:00Z,0.0,0.125,312.125,28.14,-0.12
1997-07-01T12:00:00Z,0.0,0.125,316.125,27.06,-0.43
1997-07-01T12:00:00Z,0.0,0.125,320.125,27.29,-0.08
1997-07-01T12:00:00Z,0.0,0.125,324.125,27.1,-0.19
1997-07-01T12:00:00Z,0.0,0.125,328.125,26.42,-0.62
1997-07-01T12:00:00Z,0.0,0.125,332.125,26.4,-0.22
1997-07-01T12:00:00Z,0.0,0.125,336.125,25.31,-0.71
1997-07-01T12:00:00Z,0.0,0.125,340.125,26.18,0.75
1997-07-01T12:00:00Z,0.0,0.125,344.125,23.62,-1.21
1997-07-01T12:00:00Z,0.0,0.125,348.125,23.16,-1.26
1997-07-01T12:00:00Z,0.0,0.125,352.125,23.05,-1.39
1997-07-01T12:00:00Z,0.0,0.125,356.125,23.31,-1.93
1997-07-01T12:00:00Z,0.0,4.125,0.125,26.02,-0.67
1997-07-01T12:00:00Z,0.0,4.125,4.125,26.88,-0.38
1997-07-01T12:00:00Z,0.0,4.125,8.125,27.0,-0.48
1997-07-01T12:00:00Z,0.0,4.125,12.125,NaN,NaN
1997-07-01T12:00:00Z,0.0,4.125,16.125,NaN,NaN
1997-07-01T12:00:00Z,0.0,4.125,20.125,NaN,NaN
1997-07-01T12:00:00Z,0.0,4.125,24.125,NaN,NaN
1997-07-01T12:00:00Z,0.0,4.125,28.125,NaN,NaN
1997-07-01T12:00:00Z,0.0,4.125,32.125,NaN,NaN
1997-07-01T12:00:00Z,0.0,4.125,36.125,NaN,NaN
1997-07-01T12:00:00Z,0.0,4.125,40.125,NaN,NaN
1997-07-01T12:00:00Z,0.0,4.125,44.125,NaN,NaN
1997-07-01T12:00:00Z,0.0,4.125,48.125,25.19,-0.74
1997-07-01T12:00:00Z,0.0,4.125,52.125,27.02,0.14
1997-07-01T12:00:00Z,0.0,4.125,56.125,27.44,-0.48
1997-07-01T12:00:00Z,0.0,4.125,60.125,28.59,-0.17
1997-07-01T12:00:00Z,0.0,4.125,64.125,28.56,-0.42
1997-07-01T12:00:00Z,0.0,4.125,68.125,29.24,0.26
1997-07-01T12:00:00Z,0.0,4.125,72.125,29.56,0.7
1997-07-01T12:00:00Z,0.0,4.125,76.125,29.3,0.69
1997-07-01T12:00:00Z,0.0,4.125,80.125,29.77,1.47
1997-07-01T12:00:00Z,0.0,4.125,84.125,29.3,0.85
1997-07-01T12:00:00Z,0.0,4.125,88.125,28.65,-0.05
1997-07-01T12:00:00Z,0.0,4.125,92.125,28.4,-0.53
1997-07-01T12:00:00Z,0.0,4.125,96.125,30.43,1.07
1997-07-01T12:00:00Z,0.0,4.125,100.125,29.16,-0.56
1997-07-01T12:00:00Z,0.0,4.125,104.125,28.75,-0.53
1997-07-01T12:00:00Z,0.0,4.125,108.125,29.5,0.02
1997-07-01T12:00:00Z,0.0,4.125,112.125,28.25,-1.35
1997-07-01T12:00:00Z,0.0,4.125,116.125,NaN,NaN
1997-07-01T12:00:00Z,0.0,4.125,120.125,29.05,-0.12
1997-07-01T12:00:00Z,0.0,4.125,124.125,29.07,-0.11
1997-07-01T12:00:00Z,0.0,4.125,128.125,28.88,-0.14
1997-07-01T12:00:00Z,0.0,4.125,132.125,28.72,-0.49
1997-07-01T12:00:00Z,0.0,4.125,136.125,28.55,-0.68
1997-07-01T12:00:00Z,0.0,4.125,140.125,28.6,-0.67
1997-07-01T12:00:00Z,0.0,4.125,144.125,28.04,-1.24
1997-07-01T12:00:00Z,0.0,4.125,148.125,29.71,0.37
1997-07-01T12:00:00Z,0.0,4.125,152.125,29.56,0.23
1997-07-01T12:00:00Z,0.0,4.125,156.125,29.51,0.18
1997-07-01T12:00:00Z,0.0,4.125,160.125,29.84,0.52
1997-07-01T12:00:00Z,0.0,4.125,164.125,29.88,0.63
1997-07-01T12:00:00Z,0.0,4.125,168.125,29.69,0.51
1997-07-01T12:00:00Z,0.0,4.125,172.125,28.49,-0.61
1997-07-01T12:00:00Z,0.0,4.125,176.125,29.63,0.63
1997-07-01T12:00:00Z,0.0,4.125,180.125,29.01,0.07
1997-07-01T12:00:00Z,0.0,4.125,184.125,28.77,-0.07
1997-07-01T12:00:00Z,0.0,4.125,188.125,28.82,0.08
1997-07-01T12:00:00Z,0.0,4.125,192.125,28.37,-0.24
1997-07-01T12:00:00Z,0.0,4.125,196.125,28.57,0.07
1997-07-01T12:00:00Z,0.0,4.125,200.125,29.1,0.72
1997-07-01T12:00:00Z,0.0,4.125,204.125,29.03,0.79
1997-07-01T12:00:00Z,0.0,4.125,208.125,28.13,-0.01
1997-07-01T12:00:00Z,0.0,4.125,212.125,28.78,0.74
1997-07-01T12:00:00Z,0.0,4.125,216.125,29.01,1.06
1997-07-01T12:00:00Z,0.0,4.125,220.125,29.68,1.86
1997-07-01T12:00:00Z,0.0,4.125,224.125,28.44,0.66
1997-07-01T12:00:00Z,0.0,4.125,228.125,28.24,0.56
1997-07-01T12:00:00Z,0.0,4.125,232.125,27.76,0.18
1997-07-01T12:00:00Z,0.0,4.125,236.125,27.89,0.44
1997-07-01T12:00:00Z,0.0,4.125,240.125,28.42,0.97
1997-07-01T12:00:00Z,0.0,4.125,244.125,28.51,1.16
1997-07-01T12:00:00Z,0.0,4.125,248.125,28.78,1.6
1997-07-01T12:00:00Z,0.0,4.125,252.125,28.37,1.25
1997-07-01T12:00:00Z,0.0,4.125,256.125,28.4,1.26
1997-07-01T12:00:00Z,0.0,4.125,260.125,28.28,1.08
1997-07-01T12:00:00Z,0.0,4.125,264.125,27.22,-0.05
1997-07-01T12:00:00Z,0.0,4.125,268.125,27.5,0.08
1997-07-01T12:00:00Z,0.0,4.125,272.125,28.01,0.57
1997-07-01T12:00:00Z,0.0,4.125,276.125,28.34,0.91
1997-07-01T12:00:00Z,0.0,4.125,280.125,28.02,0.58
1997-07-01T12:00:00Z,0.0,4.125,284.125,NaN,NaN
1997-07-01T12:00:00Z,0.0,4.125,288.125,NaN,NaN
1997-07-01T12:00:00Z,0.0,4.125,292.125,NaN,NaN
1997-07-01T12:00:00Z,0.0,4.125,296.125,NaN,NaN
1997-07-01T12:00:00Z,0.0,4.125,300.125,NaN,NaN
1997-07-01T12:00:00Z,0.0,4.125,304.125,NaN,NaN
1997-07-01T12:00:00Z,0.0,4.125,308.125,NaN,NaN
1997-07-01T12:00:00Z,0.0,4.125,312.125,27.71,-0.28
1997-07-01T12:00:00Z,0.0,4.125,316.125,27.89,-0.03
1997-07-01T12:00:00Z,0.0,4.125,320.125,27.95,-0.01
1997-07-01T12:00:00Z,0.0,4.125,324.125,27.63,-0.41
1997-07-01T12:00:00Z,0.0,4.125,328.125,28.35,0.33
1997-07-01T12:00:00Z,0.0,4.125,332.125,27.52,-0.45
1997-07-01T12:00:00Z,0.0,4.125,336.125,26.68,-1.28
1997-07-01T12:00:00Z,0.0,4.125,340.125,27.18,-0.62
1997-07-01T12:00:00Z,0.0,4.125,344.125,27.35,-0.31
1997-07-01T12:00:00Z,0.0,4.125,348.125,26.31,-1.28
1997-07-01T12:00:00Z,0.0,4.125,352.125,26.21,-1.18
1997-07-01T12:00:00Z,0.0,4.125,356.125,26.1,-0.9
1997-07-01T12:00:00Z,0.0,8.125,0.125,NaN,NaN
1997-07-01T12:00:00Z,0.0,8.125,4.125,NaN,NaN
1997-07-01T12:00:00Z,0.0,8.125,8.125,NaN,NaN
1997-07-01T12:00:00Z,0.0,8.125,12.125,NaN,NaN
1997-07-01T12:00:00Z,0.0,8.125,16.125,NaN,NaN
1997-07-01T12:00:00Z,0.0,8.125,20.125,NaN,NaN
1997-07-01T12:00:00Z,0.0,8.125,24.125,NaN,NaN
1997-07-01T12:00:00Z,0.0,8.125,28.125,NaN,NaN
1997-07-01T12:00:00Z,0.0,8.125,32.125,NaN,NaN
1997-07-01T12:00:00Z,0.0,8.125,36.125,NaN,NaN
1997-07-01T12:00:00Z,0.0,8.125,40.125,NaN,NaN
1997-07-01T12:00:00Z,0.0,8.125,44.125,NaN,NaN
1997-07-01T12:00:00Z,0.0,8.125,48.125,NaN,NaN
1997-07-01T12:00:00Z,0.0,8.125,52.125,25.65,-0.51
1997-07-01T12:00:00Z,0.0,8.125,56.125,26.45,-0.7
1997-07-01T12:00:00Z,0.0,8.125,60.125,28.5,0.29
1997-07-01T12:00:00Z,0.0,8.125,64.125,28.12,-0.56
1997-07-01T12:00:00Z,0.0,8.125,68.125,29.2,0.52
1997-07-01T12:00:00Z,0.0,8.125,72.125,28.72,0.15
1997-07-01T12:00:00Z,0.0,8.125,76.125,28.46,0.6
1997-07-01T12:00:00Z,0.0,8.125,80.125,NaN,NaN
1997-07-01T12:00:00Z,0.0,8.125,84.125,30.05,1.18
1997-07-01T12:00:00Z,0.0,8.125,88.125,29.76,1.14
1997-07-01T12:00:00Z,0.0,8.125,92.125,28.82,0.09
1997-07-01T12:00:00Z,0.0,8.125,96.125,28.27,-0.7
1997-07-01T12:00:00Z,0.0,8.125,100.125,NaN,NaN
1997-07-01T12:00:00Z,0.0,8.125,104.125,28.2,-1.19
1997-07-01T12:00:00Z,0.0,8.125,108.125,29.44,0.27
1997-07-01T12:00:00Z,0.0,8.125,112.125,29.9,0.72
1997-07-01T12:00:00Z,0.0,8.125,116.125,28.88,-0.52
1997-07-01T12:00:00Z,0.0,8.125,120.125,28.98,-0.32
1997-07-01T12:00:00Z,0.0,8.125,124.125,NaN,NaN
1997-07-01T12:00:00Z,0.0,8.125,128.125,29.49,0.16
1997-07-01T12:00:00Z,0.0,8.125,132.125,28.97,-0.23
1997-07-01T12:00:00Z,0.0,8.125,136.125,28.15,-1.02
1997-07-01T12:00:00Z,0.0,8.125,140.125,28.85,-0.34
1997-07-01T12:00:00Z,0.0,8.125,144.125,29.41,0.19
1997-07-01T12:00:00Z,0.0,8.125,148.125,29.06,-0.13
1997-07-01T12:00:00Z,0.0,8.125,152.125,29.26,0.13
1997-07-01T12:00:00Z,0.0,8.125,156.125,28.47,-0.57
1997-07-01T12:00:00Z,0.0,8.125,160.125,29.06,0.15
1997-07-01T12:00:00Z,0.0,8.125,164.125,29.02,0.2
1997-07-01T12:00:00Z,0.0,8.125,168.125,29.2,0.5
1997-07-01T12:00:00Z,0.0,8.125,172.125,28.46,-0.16
1997-07-01T12:00:00Z,0.0,8.125,176.125,29.41,0.87
1997-07-01T12:00:00Z,0.0,8.125,180.125,28.94,0.52
1997-07-01T12:00:00Z,0.0,8.125,184.125,27.84,-0.47
1997-07-01T12:00:00Z,0.0,8.125,188.125,27.53,-0.71
1997-07-01T12:00:00Z,0.0,8.125,192.125,27.96,-0.2
1997-07-01T12:00:00Z,0.0,8.125,196.125,28.08,-0.01
1997-07-01T12:00:00Z,0.0,8.125,200.125,27.98,-0.08
1997-07-01T12:00:00Z,0.0,8.125,204.125,28.22,0.26
1997-07-01T12:00:00Z,0.0,8.125,208.125,27.73,-0.2
1997-07-01T12:00:00Z,0.0,8.125,212.125,27.47,-0.52
1997-07-01T12:00:00Z,0.0,8.125,216.125,27.37,-0.6
1997-07-01T12:00:00Z,0.0,8.125,220.125,28.03,0.01
1997-07-01T12:00:00Z,0.0,8.125,224.125,28.01,-0.09
1997-07-01T12:00:00Z,0.0,8.125,228.125,28.43,0.26
1997-07-01T12:00:00Z,0.0,8.125,232.125,28.49,0.28
1997-07-01T12:00:00Z,0.0,8.125,236.125,27.88,-0.34
1997-07-01T12:00:00Z,0.0,8.125,240.125,28.37,0.14
1997-07-01T12:00:00Z,0.0,8.125,244.125,27.68,-0.63
1997-07-01T12:00:00Z,0.0,8.125,248.125,28.38,-0.04
1997-07-01T12:00:00Z,0.0,8.125,252.125,28.42,-0.07
1997-07-01T12:00:00Z,0.0,8.125,256.125,28.47,-0.03
1997-07-01T12:00:00Z,0.0,8.125,260.125,28.43,-0.12
1997-07-01T12:00:00Z,0.0,8.125,264.125,28.62,0.26
1997-07-01T12:00:00Z,0.0,8.125,268.125,29.25,1.03
1997-07-01T12:00:00Z,0.0,8.125,272.125,28.52,0.24
1997-07-01T12:00:00Z,0.0,8.125,276.125,29.15,0.66
1997-07-01T12:00:00Z,0.0,8.125,280.125,28.96,0.59
1997-07-01T12:00:00Z,0.0,8.125,284.125,NaN,NaN
1997-07-01T12:00:00Z,0.0,8.125,288.125,NaN,NaN
1997-07-01T12:00:00Z,0.0,8.125,292.125,NaN,NaN
1997-07-01T12:00:00Z,0.0,8.125,296.125,NaN,NaN
1997-07-01T12:00:00Z,0.0,8.125,300.125,NaN,NaN
1997-07-01T12:00:00Z,0.0,8.125,304.125,27.74,-0.04
1997-07-01T12:00:00Z,0.0,8.125,308.125,27.83,-0.24
1997-07-01T12:00:00Z,0.0,8.125,312.125,27.48,-0.31
1997-07-01T12:00:00Z,0.0,8.125,316.125,27.72,0.11
1997-07-01T12:00:00Z,0.0,8.125,320.125,27.92,0.43
1997-07-01T12:00:00Z,0.0,8.125,324.125,28.11,0.62
1997-07-01T12:00:00Z,0.0,8.125,328.125,27.24,-0.28
1997-07-01T12:00:00Z,0.0,8.125,332.125,27.25,-0.25
1997-07-01T12:00:00Z,0.0,8.125,336.125,27.48,-0.16
1997-07-01T12:00:00Z,0.0,8.125,340.125,26.98,-0.93
1997-07-01T12:00:00Z,0.0,8.125,344.125,26.37,-1.65
1997-07-01T12:00:00Z,0.0,8.125,348.125,NaN,NaN
1997-07-01T12:00:00Z,0.0,8.125,352.125,NaN,NaN
1997-07-01T12:00:00Z,0.0,8.125,356.125,NaN,NaN
1997-07-01T12:00:00Z,0.0,12.125,0.125,NaN,NaN
1997-07-01T12:00:00Z,0.0,12.125,4.125,NaN,NaN
1997-07-01T12:00:00Z,0.0,12.125,8.125,NaN,NaN
1997-07-01T12:00:00Z,0.0,12.125,12.125,NaN,NaN
1997-07-01T12:00:00Z,0.0,12.125,16.125,NaN,NaN
1997-07-01T12:00:00Z,0.0,12.125,20.125,NaN,NaN
1997-07-01T12:00:00Z,0.0,12.125,24.125,NaN,NaN
1997-07-01T12:00:00Z,0.0,12.125,28.125,NaN,NaN
1997-07-01T12:00:00Z,0.0,12.125,32.125,NaN,NaN
1997-07-01T12:00:00Z,0.0,12.125,36.125,NaN,NaN
1997-07-01T12:00:00Z,0.0,12.125,40.125,NaN,NaN
1997-07-01T12:00:00Z,0.0,12.125,44.125,29.26,-1.03
1997-07-01T12:00:00Z,0.0,12.125,48.125,30.75,0.08
1997-07-01T12:00:00Z,0.0,12.125,52.125,26.89,-0.2
1997-07-01T12:00:00Z,0.0,12.125,56.125,27.23,0.43
1997-07-01T12:00:00Z,0.0,12.125,60.125,27.6,0.11
1997-07-01T12:00:00Z,0.0,12.125,64.125,28.4,0.2
1997-07-01T12:00:00Z,0.0,12.125,68.125,29.24,0.74
1997-07-01T12:00:00Z,0.0,12.125,72.125,28.74,0.23
1997-07-01T12:00:00Z,0.0,12.125,76.125,NaN,NaN
1997-07-01T12:00:00Z,0.0,12.125,80.125,29.92,0.71
1997-07-01T12:00:00Z,0.0,12.125,84.125,29.54,0.27
1997-07-01T12:00:00Z,0.0,12.125,88.125,28.55,-0.46
1997-07-01T12:00:00Z,0.0,12.125,92.125,28.25,-0.72
1997-07-01T12:00:00Z,0.0,12.125,96.125,29.91,1.07
1997-07-01T12:00:00Z,0.0,12.125,100.125,30.53,1.15
1997-07-01T12:00:00Z,0.0,12.125,104.125,NaN,NaN
1997-07-01T12:00:00Z,0.0,12.125,108.125,NaN,NaN
1997-07-01T12:00:00Z,0.0,12.125,112.125,28.0,-0.92
1997-07-01T12:00:00Z,0.0,12.125,116.125,29.93,0.59
1997-07-01T12:00:00Z,0.0,12.125,120.125,28.12,-1.42
1997-07-01T12:00:00Z,0.0,12.125,124.125,28.29,-1.15
1997-07-01T12:00:00Z,0.0,12.125,128.125,28.89,-0.57
1997-07-01T12:00:00Z,0.0,12.125,132.125,28.79,-0.58
1997-07-01T12:00:00Z,0.0,12.125,136.125,29.23,-0.04
1997-07-01T12:00:00Z,0.0,12.125,140.125,28.87,-0.28
1997-07-01T12:00:00Z,0.0,12.125,144.125,28.8,-0.28
1997-07-01T12:00:00Z,0.0,12.125,148.125,28.82,-0.19
1997-07-01T12:00:00Z,0.0,12.125,152.125,29.0,0.11
1997-07-01T12:00:00Z,0.0,12.125,156.125,27.61,-1.08
1997-07-01T12:00:00Z,0.0,12.125,160.125,28.7,0.2
1997-07-01T12:00:00Z,0.0,12.125,164.125,28.0,-0.32
1997-07-01T12:00:00Z,0.0,12.125,168.125,28.13,-0.06
1997-07-01T12:00:00Z,0.0,12.125,172.125,27.58,-0.48
1997-07-01T12:00:00Z,0.0,12.125,176.125,27.51,-0.39
1997-07-01T12:00:00Z,0.0,12.125,180.125,27.84,0.08
1997-07-01T12:00:00Z,0.0,12.125,184.125,27.98,0.36
1997-07-01T12:00:00Z,0.0,12.125,188.125,27.71,0.25
1997-07-01T12:00:00Z,0.0,12.125,192.125,27.25,-0.08
1997-07-01T12:00:00Z,0.0,12.125,196.125,27.49,0.27
1997-07-01T12:00:00Z,0.0,12.125,200.125,26.93,-0.12
1997-07-01T12:00:00Z,0.0,12.125,204.125,26.91,-0.03
1997-07-01T12:00:00Z,0.0,12.125,208.125,26.78,-0.06
1997-07-01T12:00:00Z,0.0,12.125,212.125,26.9,0.15
1997-07-01T12:00:00Z,0.0,12.125,216.125,26.01,-0.79
1997-07-01T12:00:00Z,0.0,12.125,220.125,27.25,0.23
1997-07-01T12:00:00Z,0.0,12.125,224.125,27.73,0.52
1997-07-01T12:00:00Z,0.0,12.125,228.125,28.24,0.78
1997-07-01T12:00:00Z,0.0,12.125,232.125,27.57,-0.03
1997-07-01T12:00:00Z,0.0,12.125,236.125,28.0,0.25
1997-07-01T12:00:00Z,0.0,12.125,240.125,28.13,0.15
1997-07-01T12:00:00Z,0.0,12.125,244.125,27.64,-0.62
1997-07-01T12:00:00Z,0.0,12.125,248.125,28.2,-0.21
1997-07-01T12:00:00Z,0.0,12.125,252.125,28.5,-0.16
1997-07-01T12:00:00Z,0.0,12.125,256.125,29.66,0.84
1997-07-01T12:00:00Z,0.0,12.125,260.125,29.38,0.46
1997-07-01T12:00:00Z,0.0,12.125,264.125,29.05,0.05
1997-07-01T12:00:00Z,0.0,12.125,268.125,28.34,-0.63
1997-07-01T12:00:00Z,0.0,12.125,272.125,29.5,0.65
1997-07-01T12:00:00Z,0.0,12.125,276.125,NaN,NaN
1997-07-01T12:00:00Z,0.0,12.125,280.125,27.67,-0.29
1997-07-01T12:00:00Z,0.0,12.125,284.125,27.05,-0.72
1997-07-01T12:00:00Z,0.0,12.125,288.125,NaN,NaN
1997-07-01T12:00:00Z,0.0,12.125,292.125,27.55,0.14
1997-07-01T12:00:00Z,0.0,12.125,296.125,27.99,0.56
1997-07-01T12:00:00Z,0.0,12.125,300.125,27.07,-0.7
1997-07-01T12:00:00Z,0.0,12.125,304.125,26.66,-0.94
1997-07-01T12:00:00Z,0.0,12.125,308.125,27.22,-0.05
1997-07-01T12:00:00Z,0.0,12.125,312.125,27.52,0.63
1997-07-01T12:00:00Z,0.0,12.125,316.125,27.86,1.34
1997-07-01T12:00:00Z,0.0,12.125,320.125,27.98,1.74
1997-07-01T12:00:00Z,0.0,12.125,324.125,26.43,0.26
1997-07-01T12:00:00Z,0.0,12.125,328.125,27.4,1.09
1997-07-01T12:00:00Z,0.0,12.125,332.125,26.44,0.09
1997-07-01T12:00:00Z,0.0,12.125,336.125,25.79,-0.23
1997-07-01T12:00:00Z,0.0,12.125,340.125,27.62,0.62
1997-07-01T12:00:00Z,0.0,12.125,344.125,NaN,NaN
1997-07-01T12:00:00Z,0.0,12.125,348.125,NaN,NaN
1997-07-01T12:00:00Z,0.0,12.125,352.125,NaN,NaN
1997-07-01T12:00:00Z,0.0,12.125,356.125,NaN,NaN
1997-07-01T12:00:00Z,0.0,16.125,0.125,NaN,NaN
1997-07-01T12:00:00Z,0.0,16.125,4.125,NaN,NaN
1997-07-01T12:00:00Z,0.0,16.125,8.125,NaN,NaN
1997-07-01T12:00:00Z,0.0,16.125,12.125,NaN,NaN
1997-07-01T12:00:00Z,0.0,16.125,16.125,NaN,NaN
1997-07-01T12:00:00Z,0.0,16.125,20.125,NaN,NaN
1997-07-01T12:00:00Z,0.0,16.125,24.125,NaN,NaN
1997-07-01T12:00:00Z,0.0,16.125,28.125,NaN,NaN
1997-07-01T12:00:00Z,0.0,16.125,32.125,NaN,NaN
1997-07-01T12:00:00Z,0.0,16.125,36.125,NaN,NaN
1997-07-01T12:00:00Z,0.0,16.125,40.125,32.14,0.85
1997-07-01T12:00:00Z,0.0,16.125,44.125,NaN,NaN
1997-07-01T12:00:00Z,0.0,16.125,48.125,NaN,NaN
1997-07-01T12:00:00Z,0.0,16.125,52.125,NaN,NaN
1997-07-01T12:00:00Z,0.0,16.125,56.125,28.65,1.67
1997-07-01T12:00:00Z,0.0,16.125,60.125,27.93,0.63
1997-07-01T12:00:00Z,0.0,16.125,64.125,27.85,-0.36
1997-07-01T12:00:00Z,0.0,16.125,68.125,28.11,-0.42
1997-07-01T12:00:00Z,0.0,16.125,72.125,28.3,-0.44
1997-07-01T12:00:00Z,0.0,16.125,76.125,NaN,NaN
1997-07-01T12:00:00Z,0.0,16.125,80.125,NaN,NaN
1997-07-01T12:00:00Z,0.0,16.125,84.125,28.02,-1.36
1997-07-01T12:00:00Z,0.0,16.125,88.125,28.51,-0.61
1997-07-01T12:00:00Z,0.0,16.125,92.125,28.72,-0.4
1997-07-01T12:00:00Z,0.0,16.125,96.125,28.6,-0.53
1997-07-01T12:00:00Z,0.0,16.125,100.125,NaN,NaN
1997-07-01T12:00:00Z,0.0,16.125,104.125,NaN,NaN
1997-07-01T12:00:00Z,0.0,16.125,108.125,NaN,NaN
1997-07-01T12:00:00Z,0.0,16.125,112.125,29.33,0.08
1997-07-01T12:00:00Z,0.0,16.125,116.125,29.59,0.18
1997-07-01T12:00:00Z,0.0,16.125,120.125,29.58,-0.09
1997-07-01T12:00:00Z,0.0,16.125,124.125,28.11,-1.51
1997-07-01T12:00:00Z,0.0,16.125,128.125,28.58,-0.95
1997-07-01T12:00:00Z,0.0,16.125,132.125,28.24,-1.3
1997-07-01T12:00:00Z,0.0,16.125,136.125,28.89,-0.56
1997-07-01T12:00:00Z,0.0,16.125,140.125,29.24,-0.12
1997-07-01T12:00:00Z,0.0,16.125,144.125,28.89,-0.35
1997-07-01T12:00:00Z,0.0,16.125,148.125,27.89,-1.18
1997-07-01T12:00:00Z,0.0,16.125,152.125,27.93,-0.94
1997-07-01T12:00:00Z,0.0,16.125,156.125,27.98,-0.68
1997-07-01T12:00:00Z,0.0,16.125,160.125,28.05,-0.35
1997-07-01T12:00:00Z,0.0,16.125,164.125,28.11,-0.11
1997-07-01T12:00:00Z,0.0,16.125,168.125,27.47,-0.55
1997-07-01T12:00:00Z,0.0,16.125,172.125,27.75,-0.09
1997-07-01T12:00:00Z,0.0,16.125,176.125,26.68,-0.99
1997-07-01T12:00:00Z,0.0,16.125,180.125,27.35,-0.11
1997-07-01T12:00:00Z,0.0,16.125,184.125,27.2,-0.03
1997-07-01T12:00:00Z,0.0,16.125,188.125,27.36,0.31
1997-07-01T12:00:00Z,0.0,16.125,192.125,27.17,0.35
1997-07-01T12:00:00Z,0.0,16.125,196.125,27.0,0.44
1997-07-01T12:00:00Z,0.0,16.125,200.125,27.13,0.85
1997-07-01T12:00:00Z,0.0,16.125,204.125,26.73,0.71
1997-07-01T12:00:00Z,0.0,16.125,208.125,26.08,0.24
1997-07-01T12:00:00Z,0.0,16.125,212.125,25.55,0.03
1997-07-01T12:00:00Z,0.0,16.125,216.125,25.27,-0.06
1997-07-01T12:00:00Z,0.0,16.125,220.125,24.82,-0.35
1997-07-01T12:00:00Z,0.0,16.125,224.125,25.4,0.21
1997-07-01T12:00:00Z,0.0,16.125,228.125,25.45,0.02
1997-07-01T12:00:00Z,0.0,16.125,232.125,26.86,1.18
1997-07-01T12:00:00Z,0.0,16.125,236.125,26.97,1.23
1997-07-01T12:00:00Z,0.0,16.125,240.125,27.45,1.28
1997-07-01T12:00:00Z,0.0,16.125,244.125,26.77,0.03
1997-07-01T12:00:00Z,0.0,16.125,248.125,26.72,-0.51
1997-07-01T12:00:00Z,0.0,16.125,252.125,28.61,0.7
1997-07-01T12:00:00Z,0.0,16.125,256.125,28.32,-0.47
1997-07-01T12:00:00Z,0.0,16.125,260.125,28.97,-0.53
1997-07-01T12:00:00Z,0.0,16.125,264.125,NaN,NaN
1997-07-01T12:00:00Z,0.0,16.125,268.125,NaN,NaN
1997-07-01T12:00:00Z,0.0,16.125,272.125,28.66,-0.2
1997-07-01T12:00:00Z,0.0,16.125,276.125,28.18,-0.08
1997-07-01T12:00:00Z,0.0,16.125,280.125,27.43,-0.57
1997-07-01T12:00:00Z,0.0,16.125,284.125,27.89,-0.08
1997-07-01T12:00:00Z,0.0,16.125,288.125,27.87,-0.14
1997-07-01T12:00:00Z,0.0,16.125,292.125,27.31,-0.73
1997-07-01T12:00:00Z,0.0,16.125,296.125,27.22,-0.81
1997-07-01T12:00:00Z,0.0,16.125,300.125,27.44,-0.32
1997-07-01T12:00:00Z,0.0,16.125,304.125,26.91,-0.56
1997-07-01T12:00:00Z,0.0,16.125,308.125,27.85,0.87
1997-07-01T12:00:00Z,0.0,16.125,312.125,27.46,0.96
1997-07-01T12:00:00Z,0.0,16.125,316.125,26.72,0.73
1997-07-01T12:00:00Z,0.0,16.125,320.125,25.89,0.44
1997-07-01T12:00:00Z,0.0,16.125,324.125,25.01,0.02
1997-07-01T12:00:00Z,0.0,16.125,328.125,25.55,0.77
1997-07-01T12:00:00Z,0.0,16.125,332.125,24.74,-0.13
1997-07-01T12:00:00Z,0.0,16.125,336.125,24.16,-0.03
1997-07-01T12:00:00Z,0.0,16.125,340.125,24.26,0.09
1997-07-01T12:00:00Z,0.0,16.125,344.125,NaN,NaN
1997-07-01T12:00:00Z,0.0,16.125,348.125,NaN,NaN
1997-07-01T12:00:00Z,0.0,16.125,352.125,NaN,NaN
1997-07-01T12:00:00Z,0.0,16.125,356.125,NaN,NaN
1997-07-01T12:00:00Z,0.0,20.125,0.125,NaN,NaN
1997-07-01T12:00:00Z,0.0,20.125,4.125,NaN,NaN
1997-07-01T12:00:00Z,0.0,20.125,8.125,NaN,NaN
1997-07-01T12:00:00Z,0.0,20.125,12.125,NaN,NaN
1997-07-01T12:00:00Z,0.0,20.125,16.125,NaN,NaN
1997-07-01T12:00:00Z,0.0,20.125,20.125,NaN,NaN
1997-07-01T12:00:00Z,0.0,20.125,24.125,NaN,NaN
1997-07-01T12:00:00Z,0.0,20.125,28.125,NaN,NaN
1997-07-01T12:00:00Z,0.0,20.125,32.125,NaN,NaN
1997-07-01T12:00:00Z,0.0,20.125,36.125,NaN,NaN
1997-07-01T12:00:00Z,0.0,20.125,40.125,30.71,0.38
1997-07-01T12:00:00Z,0.0,20.125,44.125,NaN,NaN
1997-07-01T12:00:00Z,0.0,20.125,48.125,NaN,NaN
1997-07-01T12:00:00Z,0.0,20.125,52.125,NaN,NaN
1997-07-01T12:00:00Z,0.0,20.125,56.125,NaN,NaN
1997-07-01T12:00:00Z,0.0,20.125,60.125,26.95,-0.2
1997-07-01T12:00:00Z,0.0,20.125,64.125,28.38,0.03
1997-07-01T12:00:00Z,0.0,20.125,68.125,29.2,0.31
1997-07-01T12:00:00Z,0.0,20.125,72.125,27.77,-1.29
1997-07-01T12:00:00Z,0.0,20.125,76.125,NaN,NaN
1997-07-01T12:00:00Z,0.0,20.125,80.125,NaN,NaN
1997-07-01T12:00:00Z,0.0,20.125,84.125,NaN,NaN
1997-07-01T12:00:00Z,0.0,20.125,88.125,29.07,-0.3
1997-07-01T12:00:00Z,0.0,20.125,92.125,27.84,-1.36
1997-07-01T12:00:00Z,0.0,20.125,96.125,NaN,NaN
1997-07-01T12:00:00Z,0.0,20.125,100.125,NaN,NaN
1997-07-01T12:00:00Z,0.0,20.125,104.125,NaN,NaN
1997-07-01T12:00:00Z,0.0,20.125,108.125,28.99,-0.23
1997-07-01T12:00:00Z,0.0,20.125,112.125,28.42,-0.42
1997-07-01T12:00:00Z,0.0,20.125,116.125,29.05,0.14
1997-07-01T12:00:00Z,0.0,20.125,120.125,28.3,-0.99
1997-07-01T12:00:00Z,0.0,20.125,124.125,28.15,-1.11
1997-07-01T12:00:00Z,0.0,20.125,128.125,27.68,-1.71
1997-07-01T12:00:00Z,0.0,20.125,132.125,28.67,-0.7
1997-07-01T12:00:00Z,0.0,20.125,136.125,29.04,-0.33
1997-07-01T12:00:00Z,0.0,20.125,140.125,28.87,-0.5
1997-07-01T12:00:00Z,0.0,20.125,144.125,28.53,-0.68
1997-07-01T12:00:00Z,0.0,20.125,148.125,28.64,-0.47
1997-07-01T12:00:00Z,0.0,20.125,152.125,28.14,-0.81
1997-07-01T12:00:00Z,0.0,20.125,156.125,27.64,-1.11
1997-07-01T12:00:00Z,0.0,20.125,160.125,27.94,-0.54
1997-07-01T12:00:00Z,0.0,20.125,164.125,27.42,-0.82
1997-07-01T12:00:00Z,0.0,20.125,168.125,28.19,0.17
1997-07-01T12:00:00Z,0.0,20.125,172.125,27.6,-0.19
1997-07-01T12:00:00Z,0.0,20.125,176.125,27.9,0.36
1997-07-01T12:00:00Z,0.0,20.125,180.125,26.44,-0.86
1997-07-01T12:00:00Z,0.0,20.125,184.125,26.5,-0.55
1997-07-01T12:00:00Z,0.0,20.125,188.125,26.72,-0.1
1997-07-01T12:00:00Z,0.0,20.125,192.125,26.58,-0.06
1997-07-01T12:00:00Z,0.0,20.125,196.125,26.68,0.22
1997-07-01T12:00:00Z,0.0,20.125,200.125,25.76,-0.49
1997-07-01T12:00:00Z,0.0,20.125,204.125,26.37,0.76
1997-07-01T12:00:00Z,0.0,20.125,208.125,25.72,0.6
1997-07-01T12:00:00Z,0.0,20.125,212.125,25.01,0.33
1997-07-01T12:00:00Z,0.0,20.125,216.125,24.56,0.3
1997-07-01T12:00:00Z,0.0,20.125,220.125,23.9,0.14
1997-07-01T12:00:00Z,0.0,20.125,224.125,23.36,-0.03
1997-07-01T12:00:00Z,0.0,20.125,228.125,23.71,0.52
1997-07-01T12:00:00Z,0.0,20.125,232.125,23.64,0.54
1997-07-01T12:00:00Z,0.0,20.125,236.125,24.08,0.89
1997-07-01T12:00:00Z,0.0,20.125,240.125,24.78,1.22
1997-07-01T12:00:00Z,0.0,20.125,244.125,25.51,1.25
1997-07-01T12:00:00Z,0.0,20.125,248.125,27.08,2.11
1997-07-01T12:00:00Z,0.0,20.125,252.125,28.27,1.23
1997-07-01T12:00:00Z,0.0,20.125,256.125,NaN,NaN
1997-07-01T12:00:00Z,0.0,20.125,260.125,NaN,NaN
1997-07-01T12:00:00Z,0.0,20.125,264.125,29.09,0.44
1997-07-01T12:00:00Z,0.0,20.125,268.125,28.18,-0.29
1997-07-01T12:00:00Z,0.0,20.125,272.125,NaN,NaN
1997-07-01T12:00:00Z,0.0,20.125,276.125,28.87,0.1
1997-07-01T12:00:00Z,0.0,20.125,280.125,27.63,-1.39
1997-07-01T12:00:00Z,0.0,20.125,284.125,NaN,NaN
1997-07-01T12:00:00Z,0.0,20.125,288.125,27.98,-0.22
1997-07-01T12:00:00Z,0.0,20.125,292.125,28.57,0.66
1997-07-01T12:00:00Z,0.0,20.125,296.125,28.09,0.33
1997-07-01T12:00:00Z,0.0,20.125,300.125,28.51,1.0
1997-07-01T12:00:00Z,0.0,20.125,304.125,28.51,1.33
1997-07-01T12:00:00Z,0.0,20.125,308.125,27.42,0.63
1997-07-01T12:00:00Z,0.0,20.125,312.125,27.26,0.89
1997-07-01T12:00:00Z,0.0,20.125,316.125,26.68,0.7
1997-07-01T12:00:00Z,0.0,20.125,320.125,25.75,0.23
1997-07-01T12:00:00Z,0.0,20.125,324.125,25.02,0.02
1997-07-01T12:00:00Z,0.0,20.125,328.125,25.22,0.78
1997-07-01T12:00:00Z,0.0,20.125,332.125,24.8,0.89
1997-07-01T12:00:00Z,0.0,20.125,336.125,22.8,-0.34
1997-07-01T12:00:00Z,0.0,20.125,340.125,21.66,-0.09
1997-07-01T12:00:00Z,0.0,20.125,344.125,NaN,NaN
1997-07-01T12:00:00Z,0.0,20.125,348.125,NaN,NaN
1997-07-01T12:00:00Z,0.0,20.125,352.125,NaN,NaN
1997-07-01T12:00:00Z,0.0,20.125,356.125,NaN,NaN
1997-07-01T12:00:00Z,0.0,24.125,0.125,NaN,NaN
1997-07-01T12:00:00Z,0.0,24.125,4.125,NaN,NaN
1997-07-01T12:00:00Z,0.0,24.125,8.125,NaN,NaN
1997-07-01T12:00:00Z,0.0,24.125,12.125,NaN,NaN
1997-07-01T12:00:00Z,0.0,24.125,16.125,NaN,NaN
1997-07-01T12:00:00Z,0.0,24.125,20.125,NaN,NaN
1997-07-01T12:00:00Z,0.0,24.125,24.125,NaN,NaN
1997-07-01T12:00:00Z,0.0,24.125,28.125,NaN,NaN
1997-07-01T12:00:00Z,0.0,24.125,32.125,NaN,NaN
1997-07-01T12:00:00Z,0.0,24.125,36.125,29.3,0.66
1997-07-01T12:00:00Z,0.0,24.125,40.125,NaN,NaN
1997-07-01T12:00:00Z,0.0,24.125,44.125,NaN,NaN
1997-07-01T12:00:00Z,0.0,24.125,48.125,NaN,NaN
1997-07-01T12:00:00Z,0.0,24.125,52.125,33.25,2.61
1997-07-01T12:00:00Z,0.0,24.125,56.125,NaN,NaN
1997-07-01T12:00:00Z,0.0,24.125,60.125,29.85,-0.26
1997-07-01T12:00:00Z,0.0,24.125,64.125,29.09,0.16
1997-07-01T12:00:00Z,0.0,24.125,68.125,NaN,NaN
1997-07-01T12:00:00Z,0.0,24.125,72.125,NaN,NaN
1997-07-01T12:00:00Z,0.0,24.125,76.125,NaN,NaN
1997-07-01T12:00:00Z,0.0,24.125,80.125,NaN,NaN
1997-07-01T12:00:00Z,0.0,24.125,84.125,NaN,NaN
1997-07-01T12:00:00Z,0.0,24.125,88.125,NaN,NaN
1997-07-01T12:00:00Z,0.0,24.125,92.125,NaN,NaN
1997-07-01T12:00:00Z,0.0,24.125,96.125,NaN,NaN
1997-07-01T12:00:00Z,0.0,24.125,100.125,NaN,NaN
1997-07-01T12:00:00Z,0.0,24.125,104.125,NaN,NaN
1997-07-01T12:00:00Z,0.0,24.125,108.125,NaN,NaN
1997-07-01T12:00:00Z,0.0,24.125,112.125,NaN,NaN
1997-07-01T12:00:00Z,0.0,24.125,116.125,NaN,NaN
1997-07-01T12:00:00Z,0.0,24.125,120.125,27.25,-0.43
1997-07-01T12:00:00Z,0.0,24.125,124.125,27.44,-1.24
1997-07-01T12:00:00Z,0.0,24.125,128.125,26.81,-1.57
1997-07-01T12:00:00Z,0.0,24.125,132.125,29.11,0.77
1997-07-01T12:00:00Z,0.0,24.125,136.125,28.6,0.01
1997-07-01T12:00:00Z,0.0,24.125,140.125,28.28,-0.14
1997-07-01T12:00:00Z,0.0,24.125,144.125,29.04,0.58
1997-07-01T12:00:00Z,0.0,24.125,148.125,28.28,-0.27
1997-07-01T12:00:00Z,0.0,24.125,152.125,28.24,-0.19
1997-07-01T12:00:00Z,0.0,24.125,156.125,27.93,-0.39
1997-07-01T12:00:00Z,0.0,24.125,160.125,26.47,-1.55
1997-07-01T12:00:00Z,0.0,24.125,164.125,27.33,-0.47
1997-07-01T12:00:00Z,0.0,24.125,168.125,27.09,-0.51
1997-07-01T12:00:00Z,0.0,24.125,172.125,28.03,0.64
1997-07-01T12:00:00Z,0.0,24.125,176.125,27.32,0.24
1997-07-01T12:00:00Z,0.0,24.125,180.125,27.71,0.87
1997-07-01T12:00:00Z,0.0,24.125,184.125,26.55,-0.07
1997-07-01T12:00:00Z,0.0,24.125,188.125,25.84,-0.45
1997-07-01T12:00:00Z,0.0,24.125,192.125,25.65,-0.27
1997-07-01T12:00:00Z,0.0,24.125,196.125,24.94,-0.68
1997-07-01T12:00:00Z,0.0,24.125,200.125,25.84,0.58
1997-07-01T12:00:00Z,0.0,24.125,204.125,24.86,-0.02
1997-07-01T12:00:00Z,0.0,24.125,208.125,24.2,-0.26
1997-07-01T12:00:00Z,0.0,24.125,212.125,23.76,-0.21
1997-07-01T12:00:00Z,0.0,24.125,216.125,23.82,0.4
1997-07-01T12:00:00Z,0.0,24.125,220.125,23.17,0.41
1997-07-01T12:00:00Z,0.0,24.125,224.125,22.48,0.33
1997-07-01T12:00:00Z,0.0,24.125,228.125,22.41,0.79
1997-07-01T12:00:00Z,0.0,24.125,232.125,21.36,0.28
1997-07-01T12:00:00Z,0.0,24.125,236.125,20.94,0.13
1997-07-01T12:00:00Z,0.0,24.125,240.125,22.53,1.65
1997-07-01T12:00:00Z,0.0,24.125,244.125,22.12,1.21
1997-07-01T12:00:00Z,0.0,24.125,248.125,23.69,1.05
1997-07-01T12:00:00Z,0.0,24.125,252.125,29.17,0.9
1997-07-01T12:00:00Z,0.0,24.125,256.125,NaN,NaN
1997-07-01T12:00:00Z,0.0,24.125,260.125,NaN,NaN
1997-07-01T12:00:00Z,0.0,24.125,264.125,29.08,0.48
1997-07-01T12:00:00Z,0.0,24.125,268.125,28.08,-0.59
1997-07-01T12:00:00Z,0.0,24.125,272.125,28.03,-0.61
1997-07-01T12:00:00Z,0.0,24.125,276.125,28.71,-0.15
1997-07-01T12:00:00Z,0.0,24.125,280.125,27.78,-1.15
1997-07-01T12:00:00Z,0.0,24.125,284.125,28.93,0.62
1997-07-01T12:00:00Z,0.0,24.125,288.125,28.52,0.67
1997-07-01T12:00:00Z,0.0,24.125,292.125,28.38,0.57
1997-07-01T12:00:00Z,0.0,24.125,296.125,28.69,1.03
1997-07-01T12:00:00Z,0.0,24.125,300.125,28.27,0.86
1997-07-01T12:00:00Z,0.0,24.125,304.125,28.35,1.33
1997-07-01T12:00:00Z,0.0,24.125,308.125,27.95,1.33
1997-07-01T12:00:00Z,0.0,24.125,312.125,27.8,1.58
1997-07-01T12:00:00Z,0.0,24.125,316.125,27.22,1.5
1997-07-01T12:00:00Z,0.0,24.125,320.125,26.44,1.19
1997-07-01T12:00:00Z,0.0,24.125,324.125,25.8,1.07
1997-07-01T12:00:00Z,0.0,24.125,328.125,25.29,1.07
1997-07-01T12:00:00Z,0.0,24.125,332.125,24.49,0.85
1997-07-01T12:00:00Z,0.0,24.125,336.125,24.52,1.5
1997-07-01T12:00:00Z,0.0,24.125,340.125,24.35,2.1
1997-07-01T12:00:00Z,0.0,24.125,344.125,19.82,-0.43
1997-07-01T12:00:00Z,0.0,24.125,348.125,NaN,NaN
1997-07-01T12:00:00Z,0.0,24.125,352.125,NaN,NaN
1997-07-01T12:00:00Z,0.0,24.125,356.125,NaN,NaN
1997-07-01T12:00:00Z,0.0,28.125,0.125,NaN,NaN
1997-07-01T12:00:00Z,0.0,28.125,4.125,NaN,NaN
1997-07-01T12:00:00Z,0.0,28.125,8.125,NaN,NaN
1997-07-01T12:00:00Z,0.0,28.125,12.125,NaN,NaN
1997-07-01T12:00:00Z,0.0,28.125,16.125,NaN,NaN
1997-07-01T12:00:00Z,0.0,28.125,20.125,NaN,NaN
1997-07-01T12:00:00Z,0.0,28.125,24.125,NaN,NaN
1997-07-01T12:00:00Z,0.0,28.125,28.125,NaN,NaN
1997-07-01T12:00:00Z,0.0,28.125,32.125,NaN,NaN
1997-07-01T12:00:00Z,0.0,28.125,36.125,NaN,NaN
1997-07-01T12:00:00Z,0.0,28.125,40.125,NaN,NaN
1997-07-01T12:00:00Z,0.0,28.125,44.125,NaN,NaN
1997-07-01T12:00:00Z,0.0,28.125,48.125,NaN,NaN
1997-07-01T12:00:00Z,0.0,28.125,52.125,NaN,NaN
1997-07-01T12:00:00Z,0.0,28.125,56.125,NaN,NaN
1997-07-01T12:00:00Z,0.0,28.125,60.125,NaN,NaN
1997-07-01T12:00:00Z,0.0,28.125,64.125,NaN,NaN
1997-07-01T12:00:00Z,0.0,28.125,68.125,NaN,NaN
1997-07-01T12:00:00Z,0.0,28.125,72.125,NaN,NaN
1997-07-01T12:00:00Z,0.0,28.125,76.125,NaN,NaN
1997-07-01T12:00:00Z,0.0,28.125,80.125,NaN,NaN
1997-07-01T12:00:00Z,0.0,28.125,84.125,NaN,NaN
1997-07-01T12:00:00Z,0.0,28.125,88.125,NaN,NaN
1997-07-01T12:00:00Z,0.0,28.125,92.125,NaN,NaN
1997-07-01T12:00:00Z,0.0,28.125,96.125,NaN,NaN
1997-07-01T12:00:00Z,0.0,28.125,100.125,NaN,NaN
1997-07-01T12:00:00Z,0.0,28.125,104.125,NaN,NaN
1997-07-01T12:00:00Z,0.0,28.125,108.125,NaN,NaN
1997-07-01T12:00:00Z,0.0,28.125,112.125,NaN,NaN
1997-07-01T12:00:00Z,0.0,28.125,116.125,NaN,NaN
1997-07-01T12:00:00Z,0.0,28.125,120.125,NaN,NaN
1997-07-01T12:00:00Z,0.0,28.125,124.125,26.63,0.14
1997-07-01T12:00:00Z,0.0,28.125,128.125,26.09,-1.34
1997-07-01T12:00:00Z,0.0,28.125,132.125,25.88,-0.99
1997-07-01T12:00:00Z,0.0,28.125,136.125,26.02,-0.45
1997-07-01T12:00:00Z,0.0,28.125,140.125,26.97,0.76
1997-07-01T12:00:00Z,0.0,28.125,144.125,28.69,2.15
1997-07-01T12:00:00Z,0.0,28.125,148.125,27.3,0.43
1997-07-01T12:00:00Z,0.0,28.125,152.125,27.17,0.35
1997-07-01T12:00:00Z,0.0,28.125,156.125,27.11,0.34
1997-07-01T12:00:00Z,0.0,28.125,160.125,27.97,1.34
1997-07-01T12:00:00Z,0.0,28.125,164.125,26.4,-0.13
1997-07-01T12:00:00Z,0.0,28.125,168.125,26.46,0.21
1997-07-01T12:00:00Z,0.0,28.125,172.125,26.82,0.81
1997-07-01T12:00:00Z,0.0,28.125,176.125,26.57,0.71
1997-07-01T12:00:00Z,0.0,28.125,180.125,26.36,0.78
1997-07-01T12:00:00Z,0.0,28.125,184.125,26.25,0.89
1997-07-01T12:00:00Z,0.0,28.125,188.125,24.71,-0.43
1997-07-01T12:00:00Z,0.0,28.125,192.125,24.68,-0.25
1997-07-01T12:00:00Z,0.0,28.125,196.125,24.21,-0.49
1997-07-01T12:00:00Z,0.0,28.125,200.125,23.53,-0.85
1997-07-01T12:00:00Z,0.0,28.125,204.125,23.73,-0.28
1997-07-01T12:00:00Z,0.0,28.125,208.125,23.25,-0.31
1997-07-01T12:00:00Z,0.0,28.125,212.125,22.44,-0.57
1997-07-01T12:00:00Z,0.0,28.125,216.125,22.49,0.15
1997-07-01T12:00:00Z,0.0,28.125,220.125,21.99,0.39
1997-07-01T12:00:00Z,0.0,28.125,224.125,21.81,0.93
1997-07-01T12:00:00Z,0.0,28.125,228.125,21.1,0.81
1997-07-01T12:00:00Z,0.0,28.125,232.125,20.52,0.89
1997-07-01T12:00:00Z,0.0,28.125,236.125,19.76,0.66
1997-07-01T12:00:00Z,0.0,28.125,240.125,19.88,1.14
1997-07-01T12:00:00Z,0.0,28.125,244.125,19.17,0.91
1997-07-01T12:00:00Z,0.0,28.125,248.125,28.8,2.03
1997-07-01T12:00:00Z,0.0,28.125,252.125,NaN,NaN
1997-07-01T12:00:00Z,0.0,28.125,256.125,NaN,NaN
1997-07-01T12:00:00Z,0.0,28.125,260.125,NaN,NaN
1997-07-01T12:00:00Z,0.0,28.125,264.125,28.68,0.23
1997-07-01T12:00:00Z,0.0,28.125,268.125,29.7,0.9
1997-07-01T12:00:00Z,0.0,28.125,272.125,29.08,0.44
1997-07-01T12:00:00Z,0.0,28.125,276.125,29.26,0.81
1997-07-01T12:00:00Z,0.0,28.125,280.125,28.86,0.49
1997-07-01T12:00:00Z,0.0,28.125,284.125,27.41,-0.02
1997-07-01T12:00:00Z,0.0,28.125,288.125,28.35,1.09
1997-07-01T12:00:00Z,0.0,28.125,292.125,26.89,-0.18
1997-07-01T12:00:00Z,0.0,28.125,296.125,26.64,-0.42
1997-07-01T12:00:00Z,0.0,28.125,300.125,27.55,0.66
1997-07-01T12:00:00Z,0.0,28.125,304.125,26.86,0.22
1997-07-01T12:00:00Z,0.0,28.125,308.125,26.22,-0.02
1997-07-01T12:00:00Z,0.0,28.125,312.125,26.21,0.37
1997-07-01T12:00:00Z,0.0,28.125,316.125,26.82,1.43
1997-07-01T12:00:00Z,0.0,28.125,320.125,26.38,1.42
1997-07-01T12:00:00Z,0.0,28.125,324.125,25.98,1.58
1997-07-01T12:00:00Z,0.0,28.125,328.125,24.23,0.45
1997-07-01T12:00:00Z,0.0,28.125,332.125,24.3,1.16
1997-07-01T12:00:00Z,0.0,28.125,336.125,23.6,1.13
1997-07-01T12:00:00Z,0.0,28.125,340.125,23.33,1.3
1997-07-01T12:00:00Z,0.0,28.125,344.125,23.22,1.87
1997-07-01T12:00:00Z,0.0,28.125,348.125,NaN,NaN
1997-07-01T12:00:00Z,0.0,28.125,352.125,NaN,NaN
1997-07-01T12:00:00Z,0.0,28.125,356.125,NaN,NaN
1997-07-01T12:00:00Z,0.0,32.125,0.125,NaN,NaN
1997-07-01T12:00:00Z,0.0,32.125,4.125,NaN,NaN
1997-07-01T12:00:00Z,0.0,32.125,8.125,NaN,NaN
1997-07-01T12:00:00Z,0.0,32.125,12.125,NaN,NaN
1997-07-01T12:00:00Z,0.0,32.125,16.125,24.27,0.59
1997-07-01T12:00:00Z,0.0,32.125,20.125,NaN,NaN
1997-07-01T12:00:00Z,0.0,32.125,24.125,23.29,-0.3
1997-07-01T12:00:00Z,0.0,32.125,28.125,22.85,-1.03
1997-07-01T12:00:00Z,0.0,32.125,32.125,24.56,-0.1
1997-07-01T12:00:00Z,0.0,32.125,36.125,NaN,NaN
1997-07-01T12:00:00Z,0.0,32.125,40.125,NaN,NaN
1997-07-01T12:00:00Z,0.0,32.125,44.125,NaN,NaN
1997-07-01T12:00:00Z,0.0,32.125,48.125,NaN,NaN
1997-07-01T12:00:00Z,0.0,32.125,52.125,NaN,NaN
1997-07-01T12:00:00Z,0.0,32.125,56.125,NaN,NaN
1997-07-01T12:00:00Z,0.0,32.125,60.125,NaN,NaN
1997-07-01T12:00:00Z,0.0,32.125,64.125,NaN,NaN
1997-07-01T12:00:00Z,0.0,32.125,68.125,NaN,NaN
1997-07-01T12:00:00Z,0.0,32.125,72.125,NaN,NaN
1997-07-01T12:00:00Z,0.0,32.125,76.125,NaN,NaN
1997-07-01T12:00:00Z,0.0,32.125,80.125,NaN,NaN
1997-07-01T12:00:00Z,0.0,32.125,84.125,NaN,NaN
1997-07-01T12:00:00Z,0.0,32.125,88.125,NaN,NaN
1997-07-01T12:00:00Z,0.0,32.125,92.125,NaN,NaN
1997-07-01T12:00:00Z,0.0,32.125,96.125,NaN,NaN
1997-07-01T12:00:00Z,0.0,32.125,100.125,NaN,NaN
1997-07-01T12:00:00Z,0.0,32.125,104.125,NaN,NaN
1997-07-01T12:00:00Z,0.0,32.125,108.125,NaN,NaN
1997-07-01T12:00:00Z,0.0,32.125,112.125,NaN,NaN
1997-07-01T12:00:00Z,0.0,32.125,116.125,NaN,NaN
1997-07-01T12:00:00Z,0.0,32.125,120.125,NaN,NaN
1997-07-01T12:00:00Z,0.0,32.125,124.125,22.47,-0.23
1997-07-01T12:00:00Z,0.0,32.125,128.125,24.03,-0.08
1997-07-01T12:00:00Z,0.0,32.125,132.125,25.6,0.14
1997-07-01T12:00:00Z,0.0,32.125,136.125,24.22,-1.02
1997-07-01T12:00:00Z,0.0,32.125,140.125,24.15,-0.67
1997-07-01T12:00:00Z,0.0,32.125,144.125,24.82,0.56
1997-07-01T12:00:00Z,0.0,32.125,148.125,24.63,0.63
1997-07-01T12:00:00Z,0.0,32.125,152.125,24.9,0.96
1997-07-01T12:00:00Z,0.0,32.125,156.125,23.81,0.12
1997-07-01T12:00:00Z,0.0,32.125,160.125,23.54,0.01
1997-07-01T12:00:00Z,0.0,32.125,164.125,23.76,0.01
1997-07-01T12:00:00Z,0.0,32.125,168.125,23.11,-0.51
1997-07-01T12:00:00Z,0.0,32.125,172.125,21.02,-2.34
1997-07-01T12:00:00Z,0.0,32.125,176.125,21.61,-1.64
1997-07-01T12:00:00Z,0.0,32.125,180.125,23.03,-0.27
1997-07-01T12:00:00Z,0.0,32.125,184.125,22.79,-0.28
1997-07-01T12:00:00Z,0.0,32.125,188.125,23.94,0.78
1997-07-01T12:00:00Z,0.0,32.125,192.125,23.58,0.56
1997-07-01T12:00:00Z,0.0,32.125,196.125,22.43,-0.23
1997-07-01T12:00:00Z,0.0,32.125,200.125,22.02,-0.43
1997-07-01T12:00:00Z,0.0,32.125,204.125,22.05,-0.23
1997-07-01T12:00:00Z,0.0,32.125,208.125,22.17,0.26
1997-07-01T12:00:00Z,0.0,32.125,212.125,21.91,0.48
1997-07-01T12:00:00Z,0.0,32.125,216.125,21.61,0.7
1997-07-01T12:00:00Z,0.0,32.125,220.125,20.72,0.45
1997-07-01T12:00:00Z,0.0,32.125,224.125,20.82,1.16
1997-07-01T12:00:00Z,0.0,32.125,228.125,20.33,1.43
1997-07-01T12:00:00Z,0.0,32.125,232.125,18.3,0.39
1997-07-01T12:00:00Z,0.0,32.125,236.125,17.62,0.71
1997-07-01T12:00:00Z,0.0,32.125,240.125,17.15,0.37
1997-07-01T12:00:00Z,0.0,32.125,244.125,NaN,NaN
1997-07-01T12:00:00Z,0.0,32.125,248.125,NaN,NaN
1997-07-01T12:00:00Z,0.0,32.125,252.125,NaN,NaN
1997-07-01T12:00:00Z,0.0,32.125,256.125,NaN,NaN
1997-07-01T12:00:00Z,0.0,32.125,260.125,NaN,NaN
1997-07-01T12:00:00Z,0.0,32.125,264.125,NaN,NaN
1997-07-01T12:00:00Z,0.0,32.125,268.125,NaN,NaN
1997-07-01T12:00:00Z,0.0,32.125,272.125,NaN,NaN
1997-07-01T12:00:00Z,0.0,32.125,276.125,NaN,NaN
1997-07-01T12:00:00Z,0.0,32.125,280.125,25.85,-1.53
1997-07-01T12:00:00Z,0.0,32.125,284.125,27.41,0.18
1997-07-01T12:00:00Z,0.0,32.125,288.125,24.27,-1.51
1997-07-01T12:00:00Z,0.0,32.125,292.125,24.69,-0.82
1997-07-01T12:00:00Z,0.0,32.125,296.125,24.48,-1.02
1997-07-01T12:00:00Z,0.0,32.125,300.125,24.49,-0.85
1997-07-01T12:00:00Z,0.0,32.125,304.125,24.28,-0.95
1997-07-01T12:00:00Z,0.0,32.125,308.125,24.91,-0.1
1997-07-01T12:00:00Z,0.0,32.125,312.125,24.63,-0.14
1997-07-01T12:00:00Z,0.0,32.125,316.125,24.6,0.13
1997-07-01T12:00:00Z,0.0,32.125,320.125,23.61,-0.46
1997-07-01T12:00:00Z,0.0,32.125,324.125,23.38,-0.35
1997-07-01T12:00:00Z,0.0,32.125,328.125,22.64,-0.59
1997-07-01T12:00:00Z,0.0,32.125,332.125,22.27,-0.25
1997-07-01T12:00:00Z,0.0,32.125,336.125,22.09,0.12
1997-07-01T12:00:00Z,0.0,32.125,340.125,21.69,0.36
1997-07-01T12:00:00Z,0.0,32.125,344.125,21.65,0.89
1997-07-01T12:00:00Z,0.0,32.125,348.125,22.01,1.67
1997-07-01T12:00:00Z,0.0,32.125,352.125,NaN,NaN
1997-07-01T12:00:00Z,0.0,32.125,356.125,NaN,NaN
1997-07-01T12:00:00Z,0.0,36.125,0.125,20.71,-1.0
1997-07-01T12:00:00Z,0.0,36.125,4.125,NaN,NaN
1997-07-01T12:00:00Z,0.0,36.125,8.125,NaN,NaN
1997-07-01T12:00:00Z,0.0,36.125,12.125,22.38,-0.11
1997-07-01T12:00:00Z,0.0,36.125,16.125,24.26,0.87
1997-07-01T12:00:00Z,0.0,36.125,20.125,22.64,-0.69
1997-07-01T12:00:00Z,0.0,36.125,24.125,23.07,0.54
1997-07-01T12:00:00Z,0.0,36.125,28.125,23.2,0.11
1997-07-01T12:00:00Z,0.0,36.125,32.125,27.14,2.23
1997-07-01T12:00:00Z,0.0,36.125,36.125,NaN,NaN
1997-07-01T12:00:00Z,0.0,36.125,40.125,NaN,NaN
1997-07-01T12:00:00Z,0.0,36.125,44.125,NaN,NaN
1997-07-01T12:00:00Z,0.0,36.125,48.125,NaN,NaN
1997-07-01T12:00:00Z,0.0,36.125,52.125,NaN,NaN
1997-07-01T12:00:00Z,0.0,36.125,56.125,NaN,NaN
1997-07-01T12:00:00Z,0.0,36.125,60.125,NaN,NaN
1997-07-01T12:00:00Z,0.0,36.125,64.125,NaN,NaN
1997-07-01T12:00:00Z,0.0,36.125,68.125,NaN,NaN
1997-07-01T12:00:00Z,0.0,36.125,72.125,NaN,NaN
1997-07-01T12:00:00Z,0.0,36.125,76.125,NaN,NaN
1997-07-01T12:00:00Z,0.0,36.125,80.125,NaN,NaN
1997-07-01T12:00:00Z,0.0,36.125,84.125,NaN,NaN
1997-07-01T12:00:00Z,0.0,36.125,88.125,NaN,NaN
1997-07-01T12:00:00Z,0.0,36.125,92.125,NaN,NaN
1997-07-01T12:00:00Z,0.0,36.125,96.125,NaN,NaN
1997-07-01T12:00:00Z,0.0,36.125,100.125,NaN,NaN
1997-07-01T12:00:00Z,0.0,36.125,104.125,NaN,NaN
1997-07-01T12:00:00Z,0.0,36.125,108.125,NaN,NaN
1997-07-01T12:00:00Z,0.0,36.125,112.125,NaN,NaN
1997-07-01T12:00:00Z,0.0,36.125,116.125,NaN,NaN
1997-07-01T12:00:00Z,0.0,36.125,120.125,NaN,NaN
1997-07-01T12:00:00Z,0.0,36.125,124.125,22.56,1.49
1997-07-01T12:00:00Z,0.0,36.125,128.125,NaN,NaN
1997-07-01T12:00:00Z,0.0,36.125,132.125,21.59,0.32
1997-07-01T12:00:00Z,0.0,36.125,136.125,21.79,0.52
1997-07-01T12:00:00Z,0.0,36.125,140.125,NaN,NaN
1997-07-01T12:00:00Z,0.0,36.125,144.125,22.9,0.72
1997-07-01T12:00:00Z,0.0,36.125,148.125,21.64,-0.34
1997-07-01T12:00:00Z,0.0,36.125,152.125,18.84,-2.68
1997-07-01T12:00:00Z,0.0,36.125,156.125,18.33,-2.34
1997-07-01T12:00:00Z,0.0,36.125,160.125,18.21,-2.11
1997-07-01T12:00:00Z,0.0,36.125,164.125,19.12,-0.92
1997-07-01T12:00:00Z,0.0,36.125,168.125,19.48,-0.31
1997-07-01T12:00:00Z,0.0,36.125,172.125,18.02,-1.56
1997-07-01T12:00:00Z,0.0,36.125,176.125,15.87,-3.6
1997-07-01T12:00:00Z,0.0,36.125,180.125,18.49,-1.39
1997-07-01T12:00:00Z,0.0,36.125,184.125,19.21,-0.48
1997-07-01T12:00:00Z,0.0,36.125,188.125,18.78,-1.01
1997-07-01T12:00:00Z,0.0,36.125,192.125,20.11,0.3
1997-07-01T12:00:00Z,0.0,36.125,196.125,19.18,-0.59
1997-07-01T12:00:00Z,0.0,36.125,200.125,20.88,1.22
1997-07-01T12:00:00Z,0.0,36.125,204.125,18.79,-0.81
1997-07-01T12:00:00Z,0.0,36.125,208.125,17.68,-1.74
1997-07-01T12:00:00Z,0.0,36.125,212.125,18.28,-0.91
1997-07-01T12:00:00Z,0.0,36.125,216.125,19.45,0.51
1997-07-01T12:00:00Z,0.0,36.125,220.125,19.18,0.53
1997-07-01T12:00:00Z,0.0,36.125,224.125,18.15,-0.12
1997-07-01T12:00:00Z,0.0,36.125,228.125,18.63,1.19
1997-07-01T12:00:00Z,0.0,36.125,232.125,16.9,0.6
1997-07-01T12:00:00Z,0.0,36.125,236.125,16.44,1.96
1997-07-01T12:00:00Z,0.0,36.125,240.125,NaN,NaN
1997-07-01T12:00:00Z,0.0,36.125,244.125,NaN,NaN
1997-07-01T12:00:00Z,0.0,36.125,248.125,NaN,NaN
1997-07-01T12:00:00Z,0.0,36.125,252.125,NaN,NaN
1997-07-01T12:00:00Z,0.0,36.125,256.125,NaN,NaN
1997-07-01T12:00:00Z,0.0,36.125,260.125,NaN,NaN
1997-07-01T12:00:00Z,0.0,36.125,264.125,NaN,NaN
1997-07-01T12:00:00Z,0.0,36.125,268.125,NaN,NaN
1997-07-01T12:00:00Z,0.0,36.125,272.125,NaN,NaN
1997-07-01T12:00:00Z,0.0,36.125,276.125,NaN,NaN
1997-07-01T12:00:00Z,0.0,36.125,280.125,NaN,NaN
1997-07-01T12:00:00Z,0.0,36.125,284.125,24.64,0.08
1997-07-01T12:00:00Z,0.0,36.125,288.125,25.86,0.35
1997-07-01T12:00:00Z,0.0,36.125,292.125,25.09,-0.15
1997-07-01T12:00:00Z,0.0,36.125,296.125,24.42,-0.1
1997-07-01T12:00:00Z,0.0,36.125,300.125,23.43,-0.51
1997-07-01T12:00:00Z,0.0,36.125,304.125,22.18,-1.29
1997-07-01T12:00:00Z,0.0,36.125,308.125,22.26,-1.05
1997-07-01T12:00:00Z,0.0,36.125,312.125,22.63,-0.6
1997-07-01T12:00:00Z,0.0,36.125,316.125,22.45,-0.65
1997-07-01T12:00:00Z,0.0,36.125,320.125,21.92,-0.93
1997-07-01T12:00:00Z,0.0,36.125,324.125,22.44,0.02
1997-07-01T12:00:00Z,0.0,36.125,328.125,20.46,-1.47
1997-07-01T12:00:00Z,0.0,36.125,332.125,20.25,-1.14
1997-07-01T12:00:00Z,0.0,36.125,336.125,20.46,-0.47
1997-07-01T12:00:00Z,0.0,36.125,340.125,19.69,-0.66
1997-07-01T12:00:00Z,0.0,36.125,344.125,20.36,0.67
1997-07-01T12:00:00Z,0.0,36.125,348.125,20.13,0.58
1997-07-01T12:00:00Z,0.0,36.125,352.125,20.33,-0.01
1997-07-01T12:00:00Z,0.0,36.125,356.125,20.68,-0.04
1997-07-01T12:00:00Z,0.0,40.125,0.125,21.55,-0.98
1997-07-01T12:00:00Z,0.0,40.125,4.125,21.09,-0.71
1997-07-01T12:00:00Z,0.0,40.125,8.125,22.06,0.32
1997-07-01T12:00:00Z,0.0,40.125,12.125,22.68,-0.04
1997-07-01T12:00:00Z,0.0,40.125,16.125,NaN,NaN
1997-07-01T12:00:00Z,0.0,40.125,20.125,NaN,NaN
1997-07-01T12:00:00Z,0.0,40.125,24.125,24.05,1.3
1997-07-01T12:00:00Z,0.0,40.125,28.125,NaN,NaN
1997-07-01T12:00:00Z,0.0,40.125,32.125,NaN,NaN
1997-07-01T12:00:00Z,0.0,40.125,36.125,NaN,NaN
1997-07-01T12:00:00Z,0.0,40.125,40.125,NaN,NaN
1997-07-01T12:00:00Z,0.0,40.125,44.125,NaN,NaN
1997-07-01T12:00:00Z,0.0,40.125,48.125,NaN,NaN
1997-07-01T12:00:00Z,0.0,40.125,52.125,24.5,1.74
1997-07-01T12:00:00Z,0.0,40.125,56.125,NaN,NaN
1997-07-01T12:00:00Z,0.0,40.125,60.125,NaN,NaN
1997-07-01T12:00:00Z,0.0,40.125,64.125,NaN,NaN
1997-07-01T12:00:00Z,0.0,40.125,68.125,NaN,NaN
1997-07-01T12:00:00Z,0.0,40.125,72.125,NaN,NaN
1997-07-01T12:00:00Z,0.0,40.125,76.125,NaN,NaN
1997-07-01T12:00:00Z,0.0,40.125,80.125,NaN,NaN
1997-07-01T12:00:00Z,0.0,40.125,84.125,NaN,NaN
1997-07-01T12:00:00Z,0.0,40.125,88.125,NaN,NaN
1997-07-01T12:00:00Z,0.0,40.125,92.125,NaN,NaN
1997-07-01T12:00:00Z,0.0,40.125,96.125,NaN,NaN
1997-07-01T12:00:00Z,0.0,40.125,100.125,NaN,NaN
1997-07-01T12:00:00Z,0.0,40.125,104.125,NaN,NaN
1997-07-01T12:00:00Z,0.0,40.125,108.125,NaN,NaN
1997-07-01T12:00:00Z,0.0,40.125,112.125,NaN,NaN
1997-07-01T12:00:00Z,0.0,40.125,116.125,NaN,NaN
1997-07-01T12:00:00Z,0.0,40.125,120.125,22.53,2.85
1997-07-01T12:00:00Z,0.0,40.125,124.125,NaN,NaN
1997-07-01T12:00:00Z,0.0,40.125,128.125,NaN,NaN
1997-07-01T12:00:00Z,0.0,40.125,132.125,20.05,2.04
1997-07-01T12:00:00Z,0.0,40.125,136.125,18.85,0.83
1997-07-01T12:00:00Z,0.0,40.125,140.125,NaN,NaN
1997-07-01T12:00:00Z,0.0,40.125,144.125,13.68,-2.07
1997-07-01T12:00:00Z,0.0,40.125,148.125,14.58,-1.69
1997-07-01T12:00:00Z,0.0,40.125,152.125,13.16,-3.37
1997-07-01T12:00:00Z,0.0,40.125,156.125,14.22,-1.36
1997-07-01T12:00:00Z,0.0,40.125,160.125,13.18,-1.73
1997-07-01T12:00:00Z,0.0,40.125,164.125,13.51,-1.28
1997-07-01T12:00:00Z,0.0,40.125,168.125,13.52,-1.4
1997-07-01T12:00:00Z,0.0,40.125,172.125,11.9,-2.92
1997-07-01T12:00:00Z,0.0,40.125,176.125,13.97,-1.02
1997-07-01T12:00:00Z,0.0,40.125,180.125,14.36,-0.73
1997-07-01T12:00:00Z,0.0,40.125,184.125,14.84,-0.33
1997-07-01T12:00:00Z,0.0,40.125,188.125,15.24,0.12
1997-07-01T12:00:00Z,0.0,40.125,192.125,14.41,-0.84
1997-07-01T12:00:00Z,0.0,40.125,196.125,14.68,-0.75
1997-07-01T12:00:00Z,0.0,40.125,200.125,14.79,-0.66
1997-07-01T12:00:00Z,0.0,40.125,204.125,14.89,-0.69
1997-07-01T12:00:00Z,0.0,40.125,208.125,13.78,-1.98
1997-07-01T12:00:00Z,0.0,40.125,212.125,14.74,-1.16
1997-07-01T12:00:00Z,0.0,40.125,216.125,15.16,-0.87
1997-07-01T12:00:00Z,0.0,40.125,220.125,15.12,-1.05
1997-07-01T12:00:00Z,0.0,40.125,224.125,15.1,-0.99
1997-07-01T12:00:00Z,0.0,40.125,228.125,17.16,1.54
1997-07-01T12:00:00Z,0.0,40.125,232.125,16.35,1.29
1997-07-01T12:00:00Z,0.0,40.125,236.125,NaN,NaN
1997-07-01T12:00:00Z,0.0,40.125,240.125,NaN,NaN
1997-07-01T12:00:00Z,0.0,40.125,244.125,NaN,NaN
1997-07-01T12:00:00Z,0.0,40.125,248.125,NaN,NaN
1997-07-01T12:00:00Z,0.0,40.125,252.125,NaN,NaN
1997-07-01T12:00:00Z,0.0,40.125,256.125,NaN,NaN
1997-07-01T12:00:00Z,0.0,40.125,260.125,NaN,NaN
1997-07-01T12:00:00Z,0.0,40.125,264.125,NaN,NaN
1997-07-01T12:00:00Z,0.0,40.125,268.125,NaN,NaN
1997-07-01T12:00:00Z,0.0,40.125,272.125,NaN,NaN
1997-07-01T12:00:00Z,0.0,40.125,276.125,NaN,NaN
1997-07-01T12:00:00Z,0.0,40.125,280.125,NaN,NaN
1997-07-01T12:00:00Z,0.0,40.125,284.125,NaN,NaN
1997-07-01T12:00:00Z,0.0,40.125,288.125,21.19,2.02
1997-07-01T12:00:00Z,0.0,40.125,292.125,19.77,0.77
1997-07-01T12:00:00Z,0.0,40.125,296.125,20.16,-1.92
1997-07-01T12:00:00Z,0.0,40.125,300.125,22.86,-0.05
1997-07-01T12:00:00Z,0.0,40.125,304.125,22.98,0.21
1997-07-01T12:00:00Z,0.0,40.125,308.125,21.96,-0.11
1997-07-01T12:00:00Z,0.0,40.125,312.125,20.86,-0.66
1997-07-01T12:00:00Z,0.0,40.125,316.125,20.72,-0.68
1997-07-01T12:00:00Z,0.0,40.125,320.125,19.14,-1.73
1997-07-01T12:00:00Z,0.0,40.125,324.125,18.52,-2.24
1997-07-01T12:00:00Z,0.0,40.125,328.125,18.9,-1.42
1997-07-01T12:00:00Z,0.0,40.125,332.125,19.18,-0.57
1997-07-01T12:00:00Z,0.0,40.125,336.125,18.59,-0.88
1997-07-01T12:00:00Z,0.0,40.125,340.125,18.18,-0.77
1997-07-01T12:00:00Z,0.0,40.125,344.125,18.13,-0.3
1997-07-01T12:00:00Z,0.0,40.125,348.125,18.71,0.58
1997-07-01T12:00:00Z,0.0,40.125,352.125,NaN,NaN
1997-07-01T12:00:00Z,0.0,40.125,356.125,NaN,NaN
1997-07-01T12:00:00Z,0.0,44.125,0.125,NaN,NaN
1997-07-01T12:00:00Z,0.0,44.125,4.125,NaN,NaN
1997-07-01T12:00:00Z,0.0,44.125,8.125,NaN,NaN
1997-07-01T12:00:00Z,0.0,44.125,12.125,NaN,NaN
1997-07-01T12:00:00Z,0.0,44.125,16.125,NaN,NaN
1997-07-01T12:00:00Z,0.0,44.125,20.125,NaN,NaN
1997-07-01T12:00:00Z,0.0,44.125,24.125,NaN,NaN
1997-07-01T12:00:00Z,0.0,44.125,28.125,NaN,NaN
1997-07-01T12:00:00Z,0.0,44.125,32.125,23.03,2.13
1997-07-01T12:00:00Z,0.0,44.125,36.125,23.2,1.62
1997-07-01T12:00:00Z,0.0,44.125,40.125,NaN,NaN
1997-07-01T12:00:00Z,0.0,44.125,44.125,NaN,NaN
1997-07-01T12:00:00Z,0.0,44.125,48.125,26.51,3.45
1997-07-01T12:00:00Z,0.0,44.125,52.125,NaN,NaN
1997-07-01T12:00:00Z,0.0,44.125,56.125,NaN,NaN
1997-07-01T12:00:00Z,0.0,44.125,60.125,NaN,NaN
1997-07-01T12:00:00Z,0.0,44.125,64.125,NaN,NaN
1997-07-01T12:00:00Z,0.0,44.125,68.125,NaN,NaN
1997-07-01T12:00:00Z,0.0,44.125,72.125,NaN,NaN
1997-07-01T12:00:00Z,0.0,44.125,76.125,NaN,NaN
1997-07-01T12:00:00Z,0.0,44.125,80.125,NaN,NaN
1997-07-01T12:00:00Z,0.0,44.125,84.125,NaN,NaN
1997-07-01T12:00:00Z,0.0,44.125,88.125,NaN,NaN
1997-07-01T12:00:00Z,0.0,44.125,92.125,NaN,NaN
1997-07-01T12:00:00Z,0.0,44.125,96.125,NaN,NaN
1997-07-01T12:00:00Z,0.0,44.125,100.125,NaN,NaN
1997-07-01T12:00:00Z,0.0,44.125,104.125,NaN,NaN
1997-07-01T12:00:00Z,0.0,44.125,108.125,NaN,NaN
1997-07-01T12:00:00Z,0.0,44.125,112.125,NaN,NaN
1997-07-01T12:00:00Z,0.0,44.125,116.125,NaN,NaN
1997-07-01T12:00:00Z,0.0,44.125,120.125,NaN,NaN
1997-07-01T12:00:00Z,0.0,44.125,124.125,NaN,NaN
1997-07-01T12:00:00Z,0.0,44.125,128.125,NaN,NaN
1997-07-01T12:00:00Z,0.0,44.125,132.125,NaN,NaN
1997-07-01T12:00:00Z,0.0,44.125,136.125,13.94,0.74
1997-07-01T12:00:00Z,0.0,44.125,140.125,13.85,-1.0
1997-07-01T12:00:00Z,0.0,44.125,144.125,9.32,-1.59
1997-07-01T12:00:00Z,0.0,44.125,148.125,6.92,-1.92
1997-07-01T12:00:00Z,0.0,44.125,152.125,6.91,-1.91
1997-07-01T12:00:00Z,0.0,44.125,156.125,9.13,-0.67
1997-07-01T12:00:00Z,0.0,44.125,160.125,9.68,0.07
1997-07-01T12:00:00Z,0.0,44.125,164.125,7.93,-1.2
1997-07-01T12:00:00Z,0.0,44.125,168.125,8.67,-0.15
1997-07-01T12:00:00Z,0.0,44.125,172.125,8.49,-0.85
1997-07-01T12:00:00Z,0.0,44.125,176.125,9.99,0.24
1997-07-01T12:00:00Z,0.0,44.125,180.125,11.0,1.06
1997-07-01T12:00:00Z,0.0,44.125,184.125,9.98,-0.14
1997-07-01T12:00:00Z,0.0,44.125,188.125,13.65,3.26
1997-07-01T12:00:00Z,0.0,44.125,192.125,10.03,-0.74
1997-07-01T12:00:00Z,0.0,44.125,196.125,11.43,0.29
1997-07-01T12:00:00Z,0.0,44.125,200.125,11.76,0.32
1997-07-01T12:00:00Z,0.0,44.125,204.125,11.58,-0.13
1997-07-01T12:00:00Z,0.0,44.125,208.125,12.16,0.06
1997-07-01T12:00:00Z,0.0,44.125,212.125,12.92,0.45
1997-07-01T12:00:00Z,0.0,44.125,216.125,11.92,-1.02
1997-07-01T12:00:00Z,0.0,44.125,220.125,12.35,-1.01
1997-07-01T12:00:00Z,0.0,44.125,224.125,13.42,-0.31
1997-07-01T12:00:00Z,0.0,44.125,228.125,14.53,0.6
1997-07-01T12:00:00Z,0.0,44.125,232.125,16.37,1.84
1997-07-01T12:00:00Z,0.0,44.125,236.125,NaN,NaN
1997-07-01T12:00:00Z,0.0,44.125,240.125,NaN,NaN
1997-07-01T12:00:00Z,0.0,44.125,244.125,NaN,NaN
1997-07-01T12:00:00Z,0.0,44.125,248.125,NaN,NaN
1997-07-01T12:00:00Z,0.0,44.125,252.125,NaN,NaN
1997-07-01T12:00:00Z,0.0,44.125,256.125,NaN,NaN
1997-07-01T12:00:00Z,0.0,44.125,260.125,NaN,NaN
1997-07-01T12:00:00Z,0.0,44.125,264.125,NaN,NaN
1997-07-01T12:00:00Z,0.0,44.125,268.125,NaN,NaN
1997-07-01T12:00:00Z,0.0,44.125,272.125,NaN,NaN
1997-07-01T12:00:00Z,0.0,44.125,276.125,NaN,NaN
1997-07-01T12:00:00Z,0.0,44.125,280.125,NaN,NaN
1997-07-01T12:00:00Z,0.0,44.125,284.125,NaN,NaN
1997-07-01T12:00:00Z,0.0,44.125,288.125,NaN,NaN
1997-07-01T12:00:00Z,0.0,44.125,292.125,12.31,0.22
1997-07-01T12:00:00Z,0.0,44.125,296.125,12.3,0.55
1997-07-01T12:00:00Z,0.0,44.125,300.125,10.81,-1.41
1997-07-01T12:00:00Z,0.0,44.125,304.125,10.04,-2.71
1997-07-01T12:00:00Z,0.0,44.125,308.125,11.4,-0.57
1997-07-01T12:00:00Z,0.0,44.125,312.125,13.69,0.94
1997-07-01T12:00:00Z,0.0,44.125,316.125,14.44,-3.26
1997-07-01T12:00:00Z,0.0,44.125,320.125,16.85,-1.5
1997-07-01T12:00:00Z,0.0,44.125,324.125,18.03,-0.06
1997-07-01T12:00:00Z,0.0,44.125,328.125,17.79,-0.42
1997-07-01T12:00:00Z,0.0,44.125,332.125,17.24,-0.63
1997-07-01T12:00:00Z,0.0,44.125,336.125,17.34,-0.3
1997-07-01T12:00:00Z,0.0,44.125,340.125,17.24,-0.13
1997-07-01T12:00:00Z,0.0,44.125,344.125,16.79,-0.37
1997-07-01T12:00:00Z,0.0,44.125,348.125,17.07,0.22
1997-07-01T12:00:00Z,0.0,44.125,352.125,16.37,-0.55
1997-07-01T12:00:00Z,0.0,44.125,356.125,16.01,-2.41
1997-07-01T12:00:00Z,0.0,48.125,0.125,NaN,NaN
1997-07-01T12:00:00Z,0.0,48.125,4.125,NaN,NaN
1997-07-01T12:00:00Z,0.0,48.125,8.125,NaN,NaN
1997-07-01T12:00:00Z,0.0,48.125,12.125,NaN,NaN
1997-07-01T12:00:00Z,0.0,48.125,16.125,NaN,NaN
1997-07-01T12:00:00Z,0.0,48.125,20.125,NaN,NaN
1997-07-01T12:00:00Z,0.0,48.125,24.125,NaN,NaN
1997-07-01T12:00:00Z,0.0,48.125,28.125,NaN,NaN
1997-07-01T12:00:00Z,0.0,48.125,32.125,NaN,NaN
1997-07-01T12:00:00Z,0.0,48.125,36.125,NaN,NaN
1997-07-01T12:00:00Z,0.0,48.125,40.125,NaN,NaN
1997-07-01T12:00:00Z,0.0,48.125,44.125,NaN,NaN
1997-07-01T12:00:00Z,0.0,48.125,48.125,NaN,NaN
1997-07-01T12:00:00Z,0.0,48.125,52.125,NaN,NaN
1997-07-01T12:00:00Z,0.0,48.125,56.125,NaN,NaN
1997-07-01T12:00:00Z,0.0,48.125,60.125,NaN,NaN
1997-07-01T12:00:00Z,0.0,48.125,64.125,NaN,NaN
1997-07-01T12:00:00Z,0.0,48.125,68.125,NaN,NaN
1997-07-01T12:00:00Z,0.0,48.125,72.125,NaN,NaN
1997-07-01T12:00:00Z,0.0,48.125,76.125,NaN,NaN
1997-07-01T12:00:00Z,0.0,48.125,80.125,NaN,NaN
1997-07-01T12:00:00Z,0.0,48.125,84.125,NaN,NaN
1997-07-01T12:00:00Z,0.0,48.125,88.125,NaN,NaN
1997-07-01T12:00:00Z,0.0,48.125,92.125,NaN,NaN
1997-07-01T12:00:00Z,0.0,48.125,96.125,NaN,NaN
1997-07-01T12:00:00Z,0.0,48.125,100.125,NaN,NaN
1997-07-01T12:00:00Z,0.0,48.125,104.125,NaN,NaN
1997-07-01T12:00:00Z,0.0,48.125,108.125,NaN,NaN
1997-07-01T12:00:00Z,0.0,48.125,112.125,NaN,NaN
1997-07-01T12:00:00Z,0.0,48.125,116.125,NaN,NaN
1997-07-01T12:00:00Z,0.0,48.125,120.125,NaN,NaN
1997-07-01T12:00:00Z,0.0,48.125,124.125,NaN,NaN
1997-07-01T12:00:00Z,0.0,48.125,128.125,NaN,NaN
1997-07-01T12:00:00Z,0.0,48.125,132.125,NaN,NaN
1997-07-01T12:00:00Z,0.0,48.125,136.125,NaN,NaN
1997-07-01T12:00:00Z,0.0,48.125,140.125,10.37,-0.63
1997-07-01T12:00:00Z,0.0,48.125,144.125,7.62,-1.26
1997-07-01T12:00:00Z,0.0,48.125,148.125,5.58,-2.06
1997-07-01T12:00:00Z,0.0,48.125,152.125,5.5,-0.62
1997-07-01T12:00:00Z,0.0,48.125,156.125,6.06,-0.31
1997-07-01T12:00:00Z,0.0,48.125,160.125,6.65,-0.38
1997-07-01T12:00:00Z,0.0,48.125,164.125,7.38,0.22
1997-07-01T12:00:00Z,0.0,48.125,168.125,7.24,0.13
1997-07-01T12:00:00Z,0.0,48.125,172.125,8.58,1.37
1997-07-01T12:00:00Z,0.0,48.125,176.125,9.62,2.26
1997-07-01T12:00:00Z,0.0,48.125,180.125,8.67,1.12
1997-07-01T12:00:00Z,0.0,48.125,184.125,8.49,0.73
1997-07-01T12:00:00Z,0.0,48.125,188.125,9.35,1.38
1997-07-01T12:00:00Z,0.0,48.125,192.125,10.03,1.71
1997-07-01T12:00:00Z,0.0,48.125,196.125,9.78,1.16
1997-07-01T12:00:00Z,0.0,48.125,200.125,9.96,1.06
1997-07-01T12:00:00Z,0.0,48.125,204.125,10.19,0.95
1997-07-01T12:00:00Z,0.0,48.125,208.125,10.88,1.24
1997-07-01T12:00:00Z,0.0,48.125,212.125,11.28,1.16
1997-07-01T12:00:00Z,0.0,48.125,216.125,10.93,0.25
1997-07-01T12:00:00Z,0.0,48.125,220.125,9.99,-1.26
1997-07-01T12:00:00Z,0.0,48.125,224.125,11.98,0.12
1997-07-01T12:00:00Z,0.0,48.125,228.125,13.69,1.04
1997-07-01T12:00:00Z,0.0,48.125,232.125,13.91,0.52
1997-07-01T12:00:00Z,0.0,48.125,236.125,NaN,NaN
1997-07-01T12:00:00Z,0.0,48.125,240.125,NaN,NaN
1997-07-01T12:00:00Z,0.0,48.125,244.125,NaN,NaN
1997-07-01T12:00:00Z,0.0,48.125,248.125,NaN,NaN
1997-07-01T12:00:00Z,0.0,48.125,252.125,NaN,NaN
1997-07-01T12:00:00Z,0.0,48.125,256.125,NaN,NaN
1997-07-01T12:00:00Z,0.0,48.125,260.125,NaN,NaN
1997-07-01T12:00:00Z,0.0,48.125,264.125,NaN,NaN
1997-07-01T12:00:00Z,0.0,48.125,268.125,NaN,NaN
1997-07-01T12:00:00Z,0.0,48.125,272.125,3.22,-1.76
1997-07-01T12:00:00Z,0.0,48.125,276.125,NaN,NaN
1997-07-01T12:00:00Z,0.0,48.125,280.125,NaN,NaN
1997-07-01T12:00:00Z,0.0,48.125,284.125,NaN,NaN
1997-07-01T12:00:00Z,0.0,48.125,288.125,NaN,NaN
1997-07-01T12:00:00Z,0.0,48.125,292.125,NaN,NaN
1997-07-01T12:00:00Z,0.0,48.125,296.125,14.53,2.21
1997-07-01T12:00:00Z,0.0,48.125,300.125,10.36,-0.09
1997-07-01T12:00:00Z,0.0,48.125,304.125,NaN,NaN
1997-07-01T12:00:00Z,0.0,48.125,308.125,6.82,-0.49
1997-07-01T12:00:00Z,0.0,48.125,312.125,6.26,-0.42
1997-07-01T12:00:00Z,0.0,48.125,316.125,10.3,-0.1
1997-07-01T12:00:00Z,0.0,48.125,320.125,15.22,0.27
1997-07-01T12:00:00Z,0.0,48.125,324.125,15.7,0.53
1997-07-01T12:00:00Z,0.0,48.125,328.125,16.08,0.71
1997-07-01T12:00:00Z,0.0,48.125,332.125,16.43,0.86
1997-07-01T12:00:00Z,0.0,48.125,336.125,15.92,0.22
1997-07-01T12:00:00Z,0.0,48.125,340.125,15.39,-0.41
1997-07-01T12:00:00Z,0.0,48.125,344.125,15.2,-0.47
1997-07-01T12:00:00Z,0.0,48.125,348.125,14.48,-1.04
1997-07-01T12:00:00Z,0.0,48.125,352.125,14.05,-1.47
1997-07-01T12:00:00Z,0.0,48.125,356.125,NaN,NaN
1997-07-01T12:00:00Z,0.0,52.125,0.125,NaN,NaN
1997-07-01T12:00:00Z,0.0,52.125,4.125,15.49,0.75
1997-07-01T12:00:00Z,0.0,52.125,8.125,NaN,NaN
1997-07-01T12:00:00Z,0.0,52.125,12.125,NaN,NaN
1997-07-01T12:00:00Z,0.0,52.125,16.125,NaN,NaN
1997-07-01T12:00:00Z,0.0,52.125,20.125,NaN,NaN
1997-07-01T12:00:00Z,0.0,52.125,24.125,NaN,NaN
1997-07-01T12:00:00Z,0.0,52.125,28.125,NaN,NaN
1997-07-01T12:00:00Z,0.0,52.125,32.125,NaN,NaN
1997-07-01T12:00:00Z,0.0,52.125,36.125,NaN,NaN
1997-07-01T12:00:00Z,0.0,52.125,40.125,NaN,NaN
1997-07-01T12:00:00Z,0.0,52.125,44.125,NaN,NaN
1997-07-01T12:00:00Z,0.0,52.125,48.125,NaN,NaN
1997-07-01T12:00:00Z,0.0,52.125,52.125,NaN,NaN
1997-07-01T12:00:00Z,0.0,52.125,56.125,NaN,NaN
1997-07-01T12:00:00Z,0.0,52.125,60.125,NaN,NaN
1997-07-01T12:00:00Z,0.0,52.125,64.125,NaN,NaN
1997-07-01T12:00:00Z,0.0,52.125,68.125,NaN,NaN
1997-07-01T12:00:00Z,0.0,52.125,72.125,NaN,NaN
1997-07-01T12:00:00Z,0.0,52.125,76.125,NaN,NaN
1997-07-01T12:00:00Z,0.0,52.125,80.125,NaN,NaN
1997-07-01T12:00:00Z,0.0,52.125,84.125,NaN,NaN
1997-07-01T12:00:00Z,0.0,52.125,88.125,NaN,NaN
1997-07-01T12:00:00Z,0.0,52.125,92.125,NaN,NaN
1997-07-01T12:00:00Z,0.0,52.125,96.125,NaN,NaN
1997-07-01T12:00:00Z,0.0,52.125,100.125,NaN,NaN
1997-07-01T12:00:00Z,0.0,52.125,104.125,NaN,NaN
1997-07-01T12:00:00Z,0.0,52.125,108.125,NaN,NaN
1997-07-01T12:00:00Z,0.0,52.125,112.125,NaN,NaN
1997-07-01T12:00:00Z,0.0,52.125,116.125,NaN,NaN
1997-07-01T12:00:00Z,0.0,52.125,120.125,NaN,NaN
1997-07-01T12:00:00Z,0.0,52.125,124.125,NaN,NaN
1997-07-01T12:00:00Z,0.0,52.125,128.125,NaN,NaN
1997-07-01T12:00:00Z,0.0,52.125,132.125,NaN,NaN
1997-07-01T12:00:00Z,0.0,52.125,136.125,NaN,NaN
1997-07-01T12:00:00Z,0.0,52.125,140.125,NaN,NaN
1997-07-01T12:00:00Z,0.0,52.125,144.125,8.53,2.01
1997-07-01T12:00:00Z,0.0,52.125,148.125,6.65,-0.22
1997-07-01T12:00:00Z,0.0,52.125,152.125,8.2,1.0
1997-07-01T12:00:00Z,0.0,52.125,156.125,8.31,1.11
1997-07-01T12:00:00Z,0.0,52.125,160.125,7.77,0.33
1997-07-01T12:00:00Z,0.0,52.125,164.125,8.61,1.43
1997-07-01T12:00:00Z,0.0,52.125,168.125,7.4,0.42
1997-07-01T12:00:00Z,0.0,52.125,172.125,7.08,0.05
1997-07-01T12:00:00Z,0.0,52.125,176.125,7.91,1.07
1997-07-01T12:00:00Z,0.0,52.125,180.125,7.15,0.34
1997-07-01T12:00:00Z,0.0,52.125,184.125,7.54,0.38
1997-07-01T12:00:00Z,0.0,52.125,188.125,7.69,0.33
1997-07-01T12:00:00Z,0.0,52.125,192.125,10.53,2.59
1997-07-01T12:00:00Z,0.0,52.125,196.125,9.14,0.85
1997-07-01T12:00:00Z,0.0,52.125,200.125,9.65,1.12
1997-07-01T12:00:00Z,0.0,52.125,204.125,10.71,2.12
1997-07-01T12:00:00Z,0.0,52.125,208.125,11.55,2.78
1997-07-01T12:00:00Z,0.0,52.125,212.125,11.7,2.57
1997-07-01T12:00:00Z,0.0,52.125,216.125,11.49,1.68
1997-07-01T12:00:00Z,0.0,52.125,220.125,10.57,-0.02
1997-07-01T12:00:00Z,0.0,52.125,224.125,12.77,1.4
1997-07-01T12:00:00Z,0.0,52.125,228.125,12.76,0.53
1997-07-01T12:00:00Z,0.0,52.125,232.125,NaN,NaN
1997-07-01T12:00:00Z,0.0,52.125,236.125,NaN,NaN
1997-07-01T12:00:00Z,0.0,52.125,240.125,NaN,NaN
1997-07-01T12:00:00Z,0.0,52.125,244.125,NaN,NaN
1997-07-01T12:00:00Z,0.0,52.125,248.125,NaN,NaN
1997-07-01T12:00:00Z,0.0,52.125,252.125,NaN,NaN
1997-07-01T12:00:00Z,0.0,52.125,256.125,NaN,NaN
1997-07-01T12:00:00Z,0.0,52.125,260.125,NaN,NaN
1997-07-01T12:00:00Z,0.0,52.125,264.125,NaN,NaN
1997-07-01T12:00:00Z,0.0,52.125,268.125,NaN,NaN
1997-07-01T12:00:00Z,0.0,52.125,272.125,NaN,NaN
1997-07-01T12:00:00Z,0.0,52.125,276.125,NaN,NaN
1997-07-01T12:00:00Z,0.0,52.125,280.125,2.1,0.08
1997-07-01T12:00:00Z,0.0,52.125,284.125,NaN,NaN
1997-07-01T12:00:00Z,0.0,52.125,288.125,NaN,NaN
1997-07-01T12:00:00Z,0.0,52.125,292.125,NaN,NaN
1997-07-01T12:00:00Z,0.0,52.125,296.125,NaN,NaN
1997-07-01T12:00:00Z,0.0,52.125,300.125,NaN,NaN
1997-07-01T12:00:00Z,0.0,52.125,304.125,NaN,NaN
1997-07-01T12:00:00Z,0.0,52.125,308.125,5.75,0.81
1997-07-01T12:00:00Z,0.0,52.125,312.125,9.33,1.33
1997-07-01T12:00:00Z,0.0,52.125,316.125,11.02,0.8
1997-07-01T12:00:00Z,0.0,52.125,320.125,11.62,0.96
1997-07-01T12:00:00Z,0.0,52.125,324.125,12.91,1.94
1997-07-01T12:00:00Z,0.0,52.125,328.125,14.81,2.92
1997-07-01T12:00:00Z,0.0,52.125,332.125,14.9,2.09
1997-07-01T12:00:00Z,0.0,52.125,336.125,14.72,1.3
1997-07-01T12:00:00Z,0.0,52.125,340.125,14.33,0.43
1997-07-01T12:00:00Z,0.0,52.125,344.125,13.74,-0.28
1997-07-01T12:00:00Z,0.0,52.125,348.125,13.48,-0.61
1997-07-01T12:00:00Z,0.0,52.125,352.125,NaN,NaN
1997-07-01T12:00:00Z,0.0,52.125,356.125,NaN,NaN
1997-07-01T12:00:00Z,0.0,56.125,0.125,11.14,-1.41
1997-07-01T12:00:00Z,0.0,56.125,4.125,12.05,-1.29
1997-07-01T12:00:00Z,0.0,56.125,8.125,14.68,0.27
1997-07-01T12:00:00Z,0.0,56.125,12.125,15.78,0.25
1997-07-01T12:00:00Z,0.0,56.125,16.125,14.75,0.5
1997-07-01T12:00:00Z,0.0,56.125,20.125,16.04,1.63
1997-07-01T12:00:00Z,0.0,56.125,24.125,NaN,NaN
1997-07-01T12:00:00Z,0.0,56.125,28.125,NaN,NaN
1997-07-01T12:00:00Z,0.0,56.125,32.125,NaN,NaN
1997-07-01T12:00:00Z,0.0,56.125,36.125,NaN,NaN
1997-07-01T12:00:00Z,0.0,56.125,40.125,NaN,NaN
1997-07-01T12:00:00Z,0.0,56.125,44.125,NaN,NaN
1997-07-01T12:00:00Z,0.0,56.125,48.125,NaN,NaN
1997-07-01T12:00:00Z,0.0,56.125,52.125,NaN,NaN
1997-07-01T12:00:00Z,0.0,56.125,56.125,NaN,NaN
1997-07-01T12:00:00Z,0.0,56.125,60.125,NaN,NaN
1997-07-01T12:00:00Z,0.0,56.125,64.125,NaN,NaN
1997-07-01T12:00:00Z,0.0,56.125,68.125,NaN,NaN
1997-07-01T12:00:00Z,0.0,56.125,72.125,NaN,NaN
1997-07-01T12:00:00Z,0.0,56.125,76.125,NaN,NaN
1997-07-01T12:00:00Z,0.0,56.125,80.125,NaN,NaN
1997-07-01T12:00:00Z,0.0,56.125,84.125,NaN,NaN
1997-07-01T12:00:00Z,0.0,56.125,88.125,NaN,NaN
1997-07-01T12:00:00Z,0.0,56.125,92.125,NaN,NaN
1997-07-01T12:00:00Z,0.0,56.125,96.125,NaN,NaN
1997-07-01T12:00:00Z,0.0,56.125,100.125,NaN,NaN
1997-07-01T12:00:00Z,0.0,56.125,104.125,NaN,NaN
1997-07-01T12:00:00Z,0.0,56.125,108.125,NaN,NaN
1997-07-01T12:00:00Z,0.0,56.125,112.125,NaN,NaN
1997-07-01T12:00:00Z,0.0,56.125,116.125,NaN,NaN
1997-07-01T12:00:00Z,0.0,56.125,120.125,NaN,NaN
1997-07-01T12:00:00Z,0.0,56.125,124.125,NaN,NaN
1997-07-01T12:00:00Z,0.0,56.125,128.125,NaN,NaN
1997-07-01T12:00:00Z,0.0,56.125,132.125,NaN,NaN
1997-07-01T12:00:00Z,0.0,56.125,136.125,NaN,NaN
1997-07-01T12:00:00Z,0.0,56.125,140.125,10.32,2.26
1997-07-01T12:00:00Z,0.0,56.125,144.125,9.63,2.06
1997-07-01T12:00:00Z,0.0,56.125,148.125,8.65,1.44
1997-07-01T12:00:00Z,0.0,56.125,152.125,9.44,2.08
1997-07-01T12:00:00Z,0.0,56.125,156.125,NaN,NaN
1997-07-01T12:00:00Z,0.0,56.125,160.125,NaN,NaN
1997-07-01T12:00:00Z,0.0,56.125,164.125,7.9,0.51
1997-07-01T12:00:00Z,0.0,56.125,168.125,6.21,-0.53
1997-07-01T12:00:00Z,0.0,56.125,172.125,6.2,-0.2
1997-07-01T12:00:00Z,0.0,56.125,176.125,6.93,0.71
1997-07-01T12:00:00Z,0.0,56.125,180.125,7.0,0.72
1997-07-01T12:00:00Z,0.0,56.125,184.125,6.34,-0.38
1997-07-01T12:00:00Z,0.0,56.125,188.125,7.84,0.88
1997-07-01T12:00:00Z,0.0,56.125,192.125,6.6,-0.27
1997-07-01T12:00:00Z,0.0,56.125,196.125,9.75,2.45
1997-07-01T12:00:00Z,0.0,56.125,200.125,NaN,NaN
1997-07-01T12:00:00Z,0.0,56.125,204.125,10.54,1.28
1997-07-01T12:00:00Z,0.0,56.125,208.125,12.36,2.78
1997-07-01T12:00:00Z,0.0,56.125,212.125,12.7,2.88
1997-07-01T12:00:00Z,0.0,56.125,216.125,11.99,1.87
1997-07-01T12:00:00Z,0.0,56.125,220.125,11.84,1.01
1997-07-01T12:00:00Z,0.0,56.125,224.125,11.15,-0.02
1997-07-01T12:00:00Z,0.0,56.125,228.125,NaN,NaN
1997-07-01T12:00:00Z,0.0,56.125,232.125,NaN,NaN
1997-07-01T12:00:00Z,0.0,56.125,236.125,NaN,NaN
1997-07-01T12:00:00Z,0.0,56.125,240.125,NaN,NaN
1997-07-01T12:00:00Z,0.0,56.125,244.125,NaN,NaN
1997-07-01T12:00:00Z,0.0,56.125,248.125,NaN,NaN
1997-07-01T12:00:00Z,0.0,56.125,252.125,NaN,NaN
1997-07-01T12:00:00Z,0.0,56.125,256.125,NaN,NaN
1997-07-01T12:00:00Z,0.0,56.125,260.125,NaN,NaN
1997-07-01T12:00:00Z,0.0,56.125,264.125,NaN,NaN
1997-07-01T12:00:00Z,0.0,56.125,268.125,NaN,NaN
1997-07-01T12:00:00Z,0.0,56.125,272.125,NaN,NaN
1997-07-01T12:00:00Z,0.0,56.125,276.125,-0.05,-0.64
1997-07-01T12:00:00Z,0.0,56.125,280.125,0.11,-1.57
1997-07-01T12:00:00Z,0.0,56.125,284.125,NaN,NaN
1997-07-01T12:00:00Z,0.0,56.125,288.125,NaN,NaN
1997-07-01T12:00:00Z,0.0,56.125,292.125,NaN,NaN
1997-07-01T12:00:00Z,0.0,56.125,296.125,NaN,NaN
1997-07-01T12:00:00Z,0.0,56.125,300.125,1.15,-1.29
1997-07-01T12:00:00Z,0.0,56.125,304.125,5.9,1.33
1997-07-01T12:00:00Z,0.0,56.125,308.125,6.13,0.63
1997-07-01T12:00:00Z,0.0,56.125,312.125,6.79,0.45
1997-07-01T12:00:00Z,0.0,56.125,316.125,7.57,0.96
1997-07-01T12:00:00Z,0.0,56.125,320.125,9.47,2.08
1997-07-01T12:00:00Z,0.0,56.125,324.125,10.18,1.62
1997-07-01T12:00:00Z,0.0,56.125,328.125,11.34,1.55
1997-07-01T12:00:00Z,0.0,56.125,332.125,11.56,0.72
1997-07-01T12:00:00Z,0.0,56.125,336.125,13.07,1.35
1997-07-01T12:00:00Z,0.0,56.125,340.125,12.74,0.48
1997-07-01T12:00:00Z,0.0,56.125,344.125,11.61,-0.75
1997-07-01T12:00:00Z,0.0,56.125,348.125,11.67,-0.98
1997-07-01T12:00:00Z,0.0,56.125,352.125,11.91,-0.64
1997-07-01T12:00:00Z,0.0,56.125,356.125,NaN,NaN
1997-07-01T12:00:00Z,0.0,60.125,0.125,9.7,-1.58
1997-07-01T12:00:00Z,0.0,60.125,4.125,13.62,1.39
1997-07-01T12:00:00Z,0.0,60.125,8.125,NaN,NaN
1997-07-01T12:00:00Z,0.0,60.125,12.125,NaN,NaN
1997-07-01T12:00:00Z,0.0,60.125,16.125,NaN,NaN
1997-07-01T12:00:00Z,0.0,60.125,20.125,NaN,NaN
1997-07-01T12:00:00Z,0.0,60.125,24.125,NaN,NaN
1997-07-01T12:00:00Z,0.0,60.125,28.125,16.75,5.88
1997-07-01T12:00:00Z,0.0,60.125,32.125,NaN,NaN
1997-07-01T12:00:00Z,0.0,60.125,36.125,NaN,NaN
1997-07-01T12:00:00Z,0.0,60.125,40.125,NaN,NaN
1997-07-01T12:00:00Z,0.0,60.125,44.125,NaN,NaN
1997-07-01T12:00:00Z,0.0,60.125,48.125,NaN,NaN
1997-07-01T12:00:00Z,0.0,60.125,52.125,NaN,NaN
1997-07-01T12:00:00Z,0.0,60.125,56.125,NaN,NaN
1997-07-01T12:00:00Z,0.0,60.125,60.125,NaN,NaN
1997-07-01T12:00:00Z,0.0,60.125,64.125,NaN,NaN
1997-07-01T12:00:00Z,0.0,60.125,68.125,NaN,NaN
1997-07-01T12:00:00Z,0.0,60.125,72.125,NaN,NaN
1997-07-01T12:00:00Z,0.0,60.125,76.125,NaN,NaN
1997-07-01T12:00:00Z,0.0,60.125,80.125,NaN,NaN
1997-07-01T12:00:00Z,0.0,60.125,84.125,NaN,NaN
1997-07-01T12:00:00Z,0.0,60.125,88.125,NaN,NaN
1997-07-01T12:00:00Z,0.0,60.125,92.125,NaN,NaN
1997-07-01T12:00:00Z,0.0,60.125,96.125,NaN,NaN
1997-07-01T12:00:00Z,0.0,60.125,100.125,NaN,NaN
1997-07-01T12:00:00Z,0.0,60.125,104.125,NaN,NaN
1997-07-01T12:00:00Z,0.0,60.125,108.125,NaN,NaN
1997-07-01T12:00:00Z,0.0,60.125,112.125,NaN,NaN
1997-07-01T12:00:00Z,0.0,60.125,116.125,NaN,NaN
1997-07-01T12:00:00Z,0.0,60.125,120.125,NaN,NaN
1997-07-01T12:00:00Z,0.0,60.125,124.125,NaN,NaN
1997-07-01T12:00:00Z,0.0,60.125,128.125,NaN,NaN
1997-07-01T12:00:00Z,0.0,60.125,132.125,NaN,NaN
1997-07-01T12:00:00Z,0.0,60.125,136.125,NaN,NaN
1997-07-01T12:00:00Z,0.0,60.125,140.125,NaN,NaN
1997-07-01T12:00:00Z,0.0,60.125,144.125,NaN,NaN
1997-07-01T12:00:00Z,0.0,60.125,148.125,NaN,NaN
1997-07-01T12:00:00Z,0.0,60.125,152.125,NaN,NaN
1997-07-01T12:00:00Z,0.0,60.125,156.125,8.8,2.32
1997-07-01T12:00:00Z,0.0,60.125,160.125,6.13,-0.33
1997-07-01T12:00:00Z,0.0,60.125,164.125,NaN,NaN
1997-07-01T12:00:00Z,0.0,60.125,168.125,8.16,1.35
1997-07-01T12:00:00Z,0.0,60.125,172.125,6.63,0.38
1997-07-01T12:00:00Z,0.0,60.125,176.125,5.65,-0.3
1997-07-01T12:00:00Z,0.0,60.125,180.125,6.87,1.27
1997-07-01T12:00:00Z,0.0,60.125,184.125,5.85,0.44
1997-07-01T12:00:00Z,0.0,60.125,188.125,6.09,0.99
1997-07-01T12:00:00Z,0.0,60.125,192.125,4.89,-0.63
1997-07-01T12:00:00Z,0.0,60.125,196.125,NaN,NaN
1997-07-01T12:00:00Z,0.0,60.125,200.125,NaN,NaN
1997-07-01T12:00:00Z,0.0,60.125,204.125,NaN,NaN
1997-07-01T12:00:00Z,0.0,60.125,208.125,9.92,0.7
1997-07-01T12:00:00Z,0.0,60.125,212.125,NaN,NaN
1997-07-01T12:00:00Z,0.0,60.125,216.125,NaN,NaN
1997-07-01T12:00:00Z,0.0,60.125,220.125,NaN,NaN
1997-07-01T12:00:00Z,0.0,60.125,224.125,NaN,NaN
1997-07-01T12:00:00Z,0.0,60.125,228.125,NaN,NaN
1997-07-01T12:00:00Z,0.0,60.125,232.125,NaN,NaN
1997-07-01T12:00:00Z,0.0,60.125,236.125,NaN,NaN
1997-07-01T12:00:00Z,0.0,60.125,240.125,NaN,NaN
1997-07-01T12:00:00Z,0.0,60.125,244.125,NaN,NaN
1997-07-01T12:00:00Z,0.0,60.125,248.125,NaN,NaN
1997-07-01T12:00:00Z,0.0,60.125,252.125,NaN,NaN
1997-07-01T12:00:00Z,0.0,60.125,256.125,NaN,NaN
1997-07-01T12:00:00Z,0.0,60.125,260.125,NaN,NaN
1997-07-01T12:00:00Z,0.0,60.125,264.125,NaN,NaN
1997-07-01T12:00:00Z,0.0,60.125,268.125,3.37,1.64
1997-07-01T12:00:00Z,0.0,60.125,272.125,0.08,-0.82
1997-07-01T12:00:00Z,0.0,60.125,276.125,-0.03,-1.2
1997-07-01T12:00:00Z,0.0,60.125,280.125,3.2,0.85
1997-07-01T12:00:00Z,0.0,60.125,284.125,NaN,NaN
1997-07-01T12:00:00Z,0.0,60.125,288.125,NaN,NaN
1997-07-01T12:00:00Z,0.0,60.125,292.125,0.66,-0.21
1997-07-01T12:00:00Z,0.0,60.125,296.125,0.56,-0.79
1997-07-01T12:00:00Z,0.0,60.125,300.125,4.96,1.3
1997-07-01T12:00:00Z,0.0,60.125,304.125,4.42,-0.47
1997-07-01T12:00:00Z,0.0,60.125,308.125,4.78,0.15
1997-07-01T12:00:00Z,0.0,60.125,312.125,4.87,0.68
1997-07-01T12:00:00Z,0.0,60.125,316.125,NaN,NaN
1997-07-01T12:00:00Z,0.0,60.125,320.125,6.48,-0.42
1997-07-01T12:00:00Z,0.0,60.125,324.125,8.59,0.81
1997-07-01T12:00:00Z,0.0,60.125,328.125,9.77,1.22
1997-07-01T12:00:00Z,0.0,60.125,332.125,10.84,1.29
1997-07-01T12:00:00Z,0.0,60.125,336.125,11.09,0.69
1997-07-01T12:00:00Z,0.0,60.125,340.125,11.41,0.6
1997-07-01T12:00:00Z,0.0,60.125,344.125,10.78,-0.18
1997-07-01T12:00:00Z,0.0,60.125,348.125,10.13,-0.96
1997-07-01T12:00:00Z,0.0,60.125,352.125,9.72,-1.2
1997-07-01T12:00:00Z,0.0,60.125,356.125,9.31,-1.5
1997-07-01T12:00:00Z,0.0,64.125,0.125,9.13,-0.64
1997-07-01T12:00:00Z,0.0,64.125,4.125,10.49,-0.14
1997-07-01T12:00:00Z,0.0,64.125,8.125,11.46,0.42
1997-07-01T12:00:00Z,0.0,64.125,12.125,NaN,NaN
1997-07-01T12:00:00Z,0.0,64.125,16.125,NaN,NaN
1997-07-01T12:00:00Z,0.0,64.125,20.125,NaN,NaN
1997-07-01T12:00:00Z,0.0,64.125,24.125,NaN,NaN
1997-07-01T12:00:00Z,0.0,64.125,28.125,NaN,NaN
1997-07-01T12:00:00Z,0.0,64.125,32.125,NaN,NaN
1997-07-01T12:00:00Z,0.0,64.125,36.125,NaN,NaN
1997-07-01T12:00:00Z,0.0,64.125,40.125,NaN,NaN
1997-07-01T12:00:00Z,0.0,64.125,44.125,NaN,NaN
1997-07-01T12:00:00Z,0.0,64.125,48.125,NaN,NaN
1997-07-01T12:00:00Z,0.0,64.125,52.125,NaN,NaN
1997-07-01T12:00:00Z,0.0,64.125,56.125,NaN,NaN
1997-07-01T12:00:00Z,0.0,64.125,60.125,NaN,NaN
1997-07-01T12:00:00Z,0.0,64.125,64.125,NaN,NaN
1997-07-01T12:00:00Z,0.0,64.125,68.125,NaN,NaN
1997-07-01T12:00:00Z,0.0,64.125,72.125,NaN,NaN
1997-07-01T12:00:00Z,0.0,64.125,76.125,NaN,NaN
1997-07-01T12:00:00Z,0.0,64.125,80.125,NaN,NaN
1997-07-01T12:00:00Z,0.0,64.125,84.125,NaN,NaN
1997-07-01T12:00:00Z,0.0,64.125,88.125,NaN,NaN
1997-07-01T12:00:00Z,0.0,64.125,92.125,NaN,NaN
1997-07-01T12:00:00Z,0.0,64.125,96.125,NaN,NaN
1997-07-01T12:00:00Z,0.0,64.125,100.125,NaN,NaN
1997-07-01T12:00:00Z,0.0,64.125,104.125,NaN,NaN
1997-07-01T12:00:00Z,0.0,64.125,108.125,NaN,NaN
1997-07-01T12:00:00Z,0.0,64.125,112.125,NaN,NaN
1997-07-01T12:00:00Z,0.0,64.125,116.125,NaN,NaN
1997-07-01T12:00:00Z,0.0,64.125,120.125,NaN,NaN
1997-07-01T12:00:00Z,0.0,64.125,124.125,NaN,NaN
1997-07-01T12:00:00Z,0.0,64.125,128.125,NaN,NaN
1997-07-01T12:00:00Z,0.0,64.125,132.125,NaN,NaN
1997-07-01T12:00:00Z,0.0,64.125,136.125,NaN,NaN
1997-07-01T12:00:00Z,0.0,64.125,140.125,NaN,NaN
1997-07-01T12:00:00Z,0.0,64.125,144.125,NaN,NaN
1997-07-01T12:00:00Z,0.0,64.125,148.125,NaN,NaN
1997-07-01T12:00:00Z,0.0,64.125,152.125,NaN,NaN
1997-07-01T12:00:00Z,0.0,64.125,156.125,NaN,NaN
1997-07-01T12:00:00Z,0.0,64.125,160.125,NaN,NaN
1997-07-01T12:00:00Z,0.0,64.125,164.125,NaN,NaN
1997-07-01T12:00:00Z,0.0,64.125,168.125,NaN,NaN
1997-07-01T12:00:00Z,0.0,64.125,172.125,NaN,NaN
1997-07-01T12:00:00Z,0.0,64.125,176.125,NaN,NaN
1997-07-01T12:00:00Z,0.0,64.125,180.125,6.76,1.77
1997-07-01T12:00:00Z,0.0,64.125,184.125,5.6,0.46
1997-07-01T12:00:00Z,0.0,64.125,188.125,4.8,0.33
1997-07-01T12:00:00Z,0.0,64.125,192.125,5.96,0.81
1997-07-01T12:00:00Z,0.0,64.125,196.125,10.09,2.95
1997-07-01T12:00:00Z,0.0,64.125,200.125,NaN,NaN
1997-07-01T12:00:00Z,0.0,64.125,204.125,NaN,NaN
1997-07-01T12:00:00Z,0.0,64.125,208.125,NaN,NaN
1997-07-01T12:00:00Z,0.0,64.125,212.125,NaN,NaN
1997-07-01T12:00:00Z,0.0,64.125,216.125,NaN,NaN
1997-07-01T12:00:00Z,0.0,64.125,220.125,NaN,NaN
1997-07-01T12:00:00Z,0.0,64.125,224.125,NaN,NaN
1997-07-01T12:00:00Z,0.0,64.125,228.125,NaN,NaN
1997-07-01T12:00:00Z,0.0,64.125,232.125,NaN,NaN
1997-07-01T12:00:00Z,0.0,64.125,236.125,NaN,NaN
1997-07-01T12:00:00Z,0.0,64.125,240.125,NaN,NaN
1997-07-01T12:00:00Z,0.0,64.125,244.125,NaN,NaN
1997-07-01T12:00:00Z,0.0,64.125,248.125,NaN,NaN
1997-07-01T12:00:00Z,0.0,64.125,252.125,NaN,NaN
1997-07-01T12:00:00Z,0.0,64.125,256.125,NaN,NaN
1997-07-01T12:00:00Z,0.0,64.125,260.125,NaN,NaN
1997-07-01T12:00:00Z,0.0,64.125,264.125,NaN,NaN
1997-07-01T12:00:00Z,0.0,64.125,268.125,NaN,NaN
1997-07-01T12:00:00Z,0.0,64.125,272.125,3.34,0.96
1997-07-01T12:00:00Z,0.0,64.125,276.125,NaN,NaN
1997-07-01T12:00:00Z,0.0,64.125,280.125,-0.17,-0.72
1997-07-01T12:00:00Z,0.0,64.125,284.125,-0.11,-0.9
1997-07-01T12:00:00Z,0.0,64.125,288.125,NaN,NaN
1997-07-01T12:00:00Z,0.0,64.125,292.125,NaN,NaN
1997-07-01T12:00:00Z,0.0,64.125,296.125,0.51,-0.09
1997-07-01T12:00:00Z,0.0,64.125,300.125,1.81,-0.44
1997-07-01T12:00:00Z,0.0,64.125,304.125,2.92,-0.64
1997-07-01T12:00:00Z,0.0,64.125,308.125,1.62,-1.64
1997-07-01T12:00:00Z,0.0,64.125,312.125,NaN,NaN
1997-07-01T12:00:00Z,0.0,64.125,316.125,NaN,NaN
1997-07-01T12:00:00Z,0.0,64.125,320.125,2.39,-1.5
1997-07-01T12:00:00Z,0.0,64.125,324.125,5.25,-0.98
1997-07-01T12:00:00Z,0.0,64.125,328.125,8.64,0.45
1997-07-01T12:00:00Z,0.0,64.125,332.125,9.53,0.6
1997-07-01T12:00:00Z,0.0,64.125,336.125,9.66,0.42
1997-07-01T12:00:00Z,0.0,64.125,340.125,NaN,NaN
1997-07-01T12:00:00Z,0.0,64.125,344.125,8.57,-0.75
1997-07-01T12:00:00Z,0.0,64.125,348.125,8.26,-0.02
1997-07-01T12:00:00Z,0.0,64.125,352.125,6.1,-1.92
1997-07-01T12:00:00Z,0.0,64.125,356.125,7.01,-1.56
1997-07-01T12:00:00Z,0.0,68.125,0.125,7.94,-0.34
1997-07-01T12:00:00Z,0.0,68.125,4.125,7.83,-0.95
1997-07-01T12:00:00Z,0.0,68.125,8.125,8.27,-1.1
1997-07-01T12:00:00Z,0.0,68.125,12.125,9.57,-0.27
1997-07-01T12:00:00Z,0.0,68.125,16.125,11.48,2.0
1997-07-01T12:00:00Z,0.0,68.125,20.125,NaN,NaN
1997-07-01T12:00:00Z,0.0,68.125,24.125,NaN,NaN
1997-07-01T12:00:00Z,0.0,68.125,28.125,NaN,NaN
1997-07-01T12:00:00Z,0.0,68.125,32.125,NaN,NaN
1997-07-01T12:00:00Z,0.0,68.125,36.125,NaN,NaN
1997-07-01T12:00:00Z,0.0,68.125,40.125,4.77,-0.87
1997-07-01T12:00:00Z,0.0,68.125,44.125,4.42,-0.35
1997-07-01T12:00:00Z,0.0,68.125,48.125,3.16,-1.01
1997-07-01T12:00:00Z,0.0,68.125,52.125,NaN,NaN
1997-07-01T12:00:00Z,0.0,68.125,56.125,NaN,NaN
1997-07-01T12:00:00Z,0.0,68.125,60.125,NaN,NaN
1997-07-01T12:00:00Z,0.0,68.125,64.125,NaN,NaN
1997-07-01T12:00:00Z,0.0,68.125,68.125,NaN,NaN
1997-07-01T12:00:00Z,0.0,68.125,72.125,NaN,NaN
1997-07-01T12:00:00Z,0.0,68.125,76.125,NaN,NaN
1997-07-01T12:00:00Z,0.0,68.125,80.125,NaN,NaN
1997-07-01T12:00:00Z,0.0,68.125,84.125,NaN,NaN
1997-07-01T12:00:00Z,0.0,68.125,88.125,NaN,NaN
1997-07-01T12:00:00Z,0.0,68.125,92.125,NaN,NaN
1997-07-01T12:00:00Z,0.0,68.125,96.125,NaN,NaN
1997-07-01T12:00:00Z,0.0,68.125,100.125,NaN,NaN
1997-07-01T12:00:00Z,0.0,68.125,104.125,NaN,NaN
1997-07-01T12:00:00Z,0.0,68.125,108.125,NaN,NaN
1997-07-01T12:00:00Z,0.0,68.125,112.125,NaN,NaN
1997-07-01T12:00:00Z,0.0,68.125,116.125,NaN,NaN
1997-07-01T12:00:00Z,0.0,68.125,120.125,NaN,NaN
1997-07-01T12:00:00Z,0.0,68.125,124.125,NaN,NaN
1997-07-01T12:00:00Z,0.0,68.125,128.125,NaN,NaN
1997-07-01T12:00:00Z,0.0,68.125,132.125,NaN,NaN
1997-07-01T12:00:00Z,0.0,68.125,136.125,NaN,NaN
1997-07-01T12:00:00Z,0.0,68.125,140.125,NaN,NaN
1997-07-01T12:00:00Z,0.0,68.125,144.125,NaN,NaN
1997-07-01T12:00:00Z,0.0,68.125,148.125,NaN,NaN
1997-07-01T12:00:00Z,0.0,68.125,152.125,NaN,NaN
1997-07-01T12:00:00Z,0.0,68.125,156.125,NaN,NaN
1997-07-01T12:00:00Z,0.0,68.125,160.125,NaN,NaN
1997-07-01T12:00:00Z,0.0,68.125,164.125,NaN,NaN
1997-07-01T12:00:00Z,0.0,68.125,168.125,NaN,NaN
1997-07-01T12:00:00Z,0.0,68.125,172.125,NaN,NaN
1997-07-01T12:00:00Z,0.0,68.125,176.125,NaN,NaN
1997-07-01T12:00:00Z,0.0,68.125,180.125,NaN,NaN
1997-07-01T12:00:00Z,0.0,68.125,184.125,5.42,4.16
1997-07-01T12:00:00Z,0.0,68.125,188.125,6.14,3.71
1997-07-01T12:00:00Z,0.0,68.125,192.125,4.16,0.95
1997-07-01T12:00:00Z,0.0,68.125,196.125,NaN,NaN
1997-07-01T12:00:00Z,0.0,68.125,200.125,NaN,NaN
1997-07-01T12:00:00Z,0.0,68.125,204.125,NaN,NaN
1997-07-01T12:00:00Z,0.0,68.125,208.125,NaN,NaN
1997-07-01T12:00:00Z,0.0,68.125,212.125,NaN,NaN
1997-07-01T12:00:00Z,0.0,68.125,216.125,NaN,NaN
1997-07-01T12:00:00Z,0.0,68.125,220.125,NaN,NaN
1997-07-01T12:00:00Z,0.0,68.125,224.125,NaN,NaN
1997-07-01T12:00:00Z,0.0,68.125,228.125,NaN,NaN
1997-07-01T12:00:00Z,0.0,68.125,232.125,NaN,NaN
1997-07-01T12:00:00Z,0.0,68.125,236.125,NaN,NaN
1997-07-01T12:00:00Z,0.0,68.125,240.125,NaN,NaN
1997-07-01T12:00:00Z,0.0,68.125,244.125,NaN,NaN
1997-07-01T12:00:00Z,0.0,68.125,248.125,-0.39,-0.82
1997-07-01T12:00:00Z,0.0,68.125,252.125,-0.66,-0.56
1997-07-01T12:00:00Z,0.0,68.125,256.125,-0.72,-0.79
1997-07-01T12:00:00Z,0.0,68.125,260.125,-0.26,-0.23
1997-07-01T12:00:00Z,0.0,68.125,264.125,-0.31,-0.02
1997-07-01T12:00:00Z,0.0,68.125,268.125,NaN,NaN
1997-07-01T12:00:00Z,0.0,68.125,272.125,-0.9,0.39
1997-07-01T12:00:00Z,0.0,68.125,276.125,NaN,NaN
1997-07-01T12:00:00Z,0.0,68.125,280.125,-1.43,-1.08
1997-07-01T12:00:00Z,0.0,68.125,284.125,NaN,NaN
1997-07-01T12:00:00Z,0.0,68.125,288.125,NaN,NaN
1997-07-01T12:00:00Z,0.0,68.125,292.125,NaN,NaN
1997-07-01T12:00:00Z,0.0,68.125,296.125,0.75,1.0
1997-07-01T12:00:00Z,0.0,68.125,300.125,0.5,0.17
1997-07-01T12:00:00Z,0.0,68.125,304.125,3.07,-0.36
1997-07-01T12:00:00Z,0.0,68.125,308.125,NaN,NaN
1997-07-01T12:00:00Z,0.0,68.125,312.125,NaN,NaN
1997-07-01T12:00:00Z,0.0,68.125,316.125,NaN,NaN
1997-07-01T12:00:00Z,0.0,68.125,320.125,NaN,NaN
1997-07-01T12:00:00Z,0.0,68.125,324.125,NaN,NaN
1997-07-01T12:00:00Z,0.0,68.125,328.125,0.69,-0.36
1997-07-01T12:00:00Z,0.0,68.125,332.125,1.31,-0.35
1997-07-01T12:00:00Z,0.0,68.125,336.125,0.92,-2.05
1997-07-01T12:00:00Z,0.0,68.125,340.125,2.7,-1.48
1997-07-01T12:00:00Z,0.0,68.125,344.125,2.61,-1.66
1997-07-01T12:00:00Z,0.0,68.125,348.125,2.67,-1.6
1997-07-01T12:00:00Z,0.0,68.125,352.125,4.55,-0.84
1997-07-01T12:00:00Z,0.0,68.125,356.125,5.95,-1.28
1997-07-01T12:00:00Z,0.0,72.125,0.125,3.92,-1.38
1997-07-01T12:00:00Z,0.0,72.125,4.125,5.74,-0.25
1997-07-01T12:00:00Z,0.0,72.125,8.125,5.86,-0.98
1997-07-01T12:00:00Z,0.0,72.125,12.125,6.99,-0.37
1997-07-01T12:00:00Z,0.0,72.125,16.125,7.03,-0.71
1997-07-01T12:00:00Z,0.0,72.125,20.125,6.39,-1.11
1997-07-01T12:00:00Z,0.0,72.125,24.125,6.43,-0.99
1997-07-01T12:00:00Z,0.0,72.125,28.125,6.04,-1.03
1997-07-01T12:00:00Z,0.0,72.125,32.125,5.0,-1.43
1997-07-01T12:00:00Z,0.0,72.125,36.125,4.93,-1.03
1997-07-01T12:00:00Z,0.0,72.125,40.125,4.82,-0.46
1997-07-01T12:00:00Z,0.0,72.125,44.125,4.23,-0.46
1997-07-01T12:00:00Z,0.0,72.125,48.125,2.1,-2.07
1997-07-01T12:00:00Z,0.0,72.125,52.125,2.45,-1.02
1997-07-01T12:00:00Z,0.0,72.125,56.125,-0.52,-2.1
1997-07-01T12:00:00Z,0.0,72.125,60.125,-0.33,-0.85
1997-07-01T12:00:00Z,0.0,72.125,64.125,0.6,0.1
1997-07-01T12:00:00Z,0.0,72.125,68.125,0.35,-0.94
1997-07-01T12:00:00Z,0.0,72.125,72.125,NaN,NaN
1997-07-01T12:00:00Z,0.0,72.125,76.125,-0.07,-0.58
1997-07-01T12:00:00Z,0.0,72.125,80.125,NaN,NaN
1997-07-01T12:00:00Z,0.0,72.125,84.125,NaN,NaN
1997-07-01T12:00:00Z,0.0,72.125,88.125,NaN,NaN
1997-07-01T12:00:00Z,0.0,72.125,92.125,NaN,NaN
1997-07-01T12:00:00Z,0.0,72.125,96.125,NaN,NaN
1997-07-01T12:00:00Z,0.0,72.125,100.125,NaN,NaN
1997-07-01T12:00:00Z,0.0,72.125,104.125,NaN,NaN
1997-07-01T12:00:00Z,0.0,72.125,108.125,NaN,NaN
1997-07-01T12:00:00Z,0.0,72.125,112.125,NaN,NaN
1997-07-01T12:00:00Z,0.0,72.125,116.125,NaN,NaN
1997-07-01T12:00:00Z,0.0,72.125,120.125,NaN,NaN
1997-07-01T12:00:00Z,0.0,72.125,124.125,NaN,NaN
1997-07-01T12:00:00Z,0.0,72.125,128.125,NaN,NaN
1997-07-01T12:00:00Z,0.0,72.125,132.125,-0.21,-0.97
1997-07-01T12:00:00Z,0.0,72.125,136.125,0.66,0.13
1997-07-01T12:00:00Z,0.0,72.125,140.125,NaN,NaN
1997-07-01T12:00:00Z,0.0,72.125,144.125,NaN,NaN
1997-07-01T12:00:00Z,0.0,72.125,148.125,NaN,NaN
1997-07-01T12:00:00Z,0.0,72.125,152.125,-1.15,-1.67
1997-07-01T12:00:00Z,0.0,72.125,156.125,-1.44,-1.81
1997-07-01T12:00:00Z,0.0,72.125,160.125,-1.21,-1.06
1997-07-01T12:00:00Z,0.0,72.125,164.125,-0.88,-0.23
1997-07-01T12:00:00Z,0.0,72.125,168.125,-0.89,-0.01
1997-07-01T12:00:00Z,0.0,72.125,172.125,-0.52,0.42
1997-07-01T12:00:00Z,0.0,72.125,176.125,-0.58,0.36
1997-07-01T12:00:00Z,0.0,72.125,180.125,0.2,1.21
1997-07-01T12:00:00Z,0.0,72.125,184.125,0.41,1.61
1997-07-01T12:00:00Z,0.0,72.125,188.125,-0.84,0.28
1997-07-01T12:00:00Z,0.0,72.125,192.125,-0.55,0.44
1997-07-01T12:00:00Z,0.0,72.125,196.125,-0.05,0.64
1997-07-01T12:00:00Z,0.0,72.125,200.125,-0.87,-0.05
1997-07-01T12:00:00Z,0.0,72.125,204.125,-1.31,-0.45
1997-07-01T12:00:00Z,0.0,72.125,208.125,-1.06,-0.24
1997-07-01T12:00:00Z,0.0,72.125,212.125,-0.99,-0.15
1997-07-01T12:00:00Z,0.0,72.125,216.125,-0.87,-0.26
1997-07-01T12:00:00Z,0.0,72.125,220.125,-0.59,-0.22
1997-07-01T12:00:00Z,0.0,72.125,224.125,0.0,0.08
1997-07-01T12:00:00Z,0.0,72.125,228.125,0.9,0.11
1997-07-01T12:00:00Z,0.0,72.125,232.125,1.08,-0.98
1997-07-01T12:00:00Z,0.0,72.125,236.125,NaN,NaN
1997-07-01T12:00:00Z,0.0,72.125,240.125,-0.5,-1.47
1997-07-01T12:00:00Z,0.0,72.125,244.125,NaN,NaN
1997-07-01T12:00:00Z,0.0,72.125,248.125,NaN,NaN
1997-07-01T12:00:00Z,0.0,72.125,252.125,-0.37,0.22
1997-07-01T12:00:00Z,0.0,72.125,256.125,0.64,1.24
1997-07-01T12:00:00Z,0.0,72.125,260.125,NaN,NaN
1997-07-01T12:00:00Z,0.0,72.125,264.125,-0.41,0.3
1997-07-01T12:00:00Z,0.0,72.125,268.125,-0.62,0.01
1997-07-01T12:00:00Z,0.0,72.125,272.125,NaN,NaN
1997-07-01T12:00:00Z,0.0,72.125,276.125,NaN,NaN
1997-07-01T12:00:00Z,0.0,72.125,280.125,NaN,NaN
1997-07-01T12:00:00Z,0.0,72.125,284.125,NaN,NaN
1997-07-01T12:00:00Z,0.0,72.125,288.125,0.11,-0.14
1997-07-01T12:00:00Z,0.0,72.125,292.125,-0.64,-0.42
1997-07-01T12:00:00Z,0.0,72.125,296.125,-0.51,-0.02
1997-07-01T12:00:00Z,0.0,72.125,300.125,3.14,2.23
1997-07-01T12:00:00Z,0.0,72.125,304.125,4.6,2.05
1997-07-01T12:00:00Z,0.0,72.125,308.125,NaN,NaN
1997-07-01T12:00:00Z,0.0,72.125,312.125,NaN,NaN
1997-07-01T12:00:00Z,0.0,72.125,316.125,NaN,NaN
1997-07-01T12:00:00Z,0.0,72.125,320.125,NaN,NaN
1997-07-01T12:00:00Z,0.0,72.125,324.125,NaN,NaN
1997-07-01T12:00:00Z,0.0,72.125,328.125,NaN,NaN
1997-07-01T12:00:00Z,0.0,72.125,332.125,NaN,NaN
1997-07-01T12:00:00Z,0.0,72.125,336.125,NaN,NaN
1997-07-01T12:00:00Z,0.0,72.125,340.125,-0.29,-1.52
1997-07-01T12:00:00Z,0.0,72.125,344.125,0.75,-1.13
1997-07-01T12:00:00Z,0.0,72.125,348.125,0.76,-2.18
1997-07-01T12:00:00Z,0.0,72.125,352.125,1.7,-2.2
1997-07-01T12:00:00Z,0.0,72.125,356.125,1.59,-3.39
1997-07-01T12:00:00Z,0.0,76.125,0.125,2.2,-0.83
1997-07-01T12:00:00Z,0.0,76.125,4.125,1.06,-3.45
1997-07-01T12:00:00Z,0.0,76.125,8.125,4.55,-0.97
1997-07-01T12:00:00Z,0.0,76.125,12.125,5.3,0.24
1997-07-01T12:00:00Z,0.0,76.125,16.125,3.07,-0.95
1997-07-01T12:00:00Z,0.0,76.125,20.125,0.99,-1.54
1997-07-01T12:00:00Z,0.0,76.125,24.125,0.12,-2.61
1997-07-01T12:00:00Z,0.0,76.125,28.125,1.96,-1.08
1997-07-01T12:00:00Z,0.0,76.125,32.125,1.17,-1.79
1997-07-01T12:00:00Z,0.0,76.125,36.125,0.12,-2.63
1997-07-01T12:00:00Z,0.0,76.125,40.125,0.79,-1.82
1997-07-01T12:00:00Z,0.0,76.125,44.125,0.94,-1.78
1997-07-01T12:00:00Z,0.0,76.125,48.125,0.43,-2.17
1997-07-01T12:00:00Z,0.0,76.125,52.125,1.32,-0.82
1997-07-01T12:00:00Z,0.0,76.125,56.125,1.65,-0.34
1997-07-01T12:00:00Z,0.0,76.125,60.125,1.62,0.58
1997-07-01T12:00:00Z,0.0,76.125,64.125,NaN,NaN
1997-07-01T12:00:00Z,0.0,76.125,68.125,-0.63,-0.7
1997-07-01T12:00:00Z,0.0,76.125,72.125,-0.17,-0.07
1997-07-01T12:00:00Z,0.0,76.125,76.125,1.05,1.43
1997-07-01T12:00:00Z,0.0,76.125,80.125,0.72,0.85
1997-07-01T12:00:00Z,0.0,76.125,84.125,0.35,0.22
1997-07-01T12:00:00Z,0.0,76.125,88.125,0.87,0.87
1997-07-01T12:00:00Z,0.0,76.125,92.125,0.34,0.81
1997-07-01T12:00:00Z,0.0,76.125,96.125,NaN,NaN
1997-07-01T12:00:00Z,0.0,76.125,100.125,NaN,NaN
1997-07-01T12:00:00Z,0.0,76.125,104.125,NaN,NaN
1997-07-01T12:00:00Z,0.0,76.125,108.125,NaN,NaN
1997-07-01T12:00:00Z,0.0,76.125,112.125,NaN,NaN
1997-07-01T12:00:00Z,0.0,76.125,116.125,-1.39,-0.94
1997-07-01T12:00:00Z,0.0,76.125,120.125,-0.53,-0.01
1997-07-01T12:00:00Z,0.0,76.125,124.125,1.65,1.95
1997-07-01T12:00:00Z,0.0,76.125,128.125,1.55,1.59
1997-07-01T12:00:00Z,0.0,76.125,132.125,1.97,2.03
1997-07-01T12:00:00Z,0.0,76.125,136.125,2.27,2.11
1997-07-01T12:00:00Z,0.0,76.125,140.125,1.22,1.07
1997-07-01T12:00:00Z,0.0,76.125,144.125,0.49,0.52
1997-07-01T12:00:00Z,0.0,76.125,148.125,0.38,0.68
1997-07-01T12:00:00Z,0.0,76.125,152.125,-0.75,0.04
1997-07-01T12:00:00Z,0.0,76.125,156.125,-1.13,-0.17
1997-07-01T12:00:00Z,0.0,76.125,160.125,-1.2,0.11
1997-07-01T12:00:00Z,0.0,76.125,164.125,-1.01,0.57
1997-07-01T12:00:00Z,0.0,76.125,168.125,-0.79,0.91
1997-07-01T12:00:00Z,0.0,76.125,172.125,-0.86,0.87
1997-07-01T12:00:00Z,0.0,76.125,176.125,-0.97,0.77
1997-07-01T12:00:00Z,0.0,76.125,180.125,-1.05,0.69
1997-07-01T12:00:00Z,0.0,76.125,184.125,-0.98,0.75
1997-07-01T12:00:00Z,0.0,76.125,188.125,-1.05,0.68
1997-07-01T12:00:00Z,0.0,76.125,192.125,-1.15,0.59
1997-07-01T12:00:00Z,0.0,76.125,196.125,-1.2,0.54
1997-07-01T12:00:00Z,0.0,76.125,200.125,-1.23,0.5
1997-07-01T12:00:00Z,0.0,76.125,204.125,-1.16,0.56
1997-07-01T12:00:00Z,0.0,76.125,208.125,-1.14,0.58
1997-07-01T12:00:00Z,0.0,76.125,212.125,-0.94,0.76
1997-07-01T12:00:00Z,0.0,76.125,216.125,-0.73,0.95
1997-07-01T12:00:00Z,0.0,76.125,220.125,-0.73,0.93
1997-07-01T12:00:00Z,0.0,76.125,224.125,-0.49,1.18
1997-07-01T12:00:00Z,0.0,76.125,228.125,-0.11,1.57
1997-07-01T12:00:00Z,0.0,76.125,232.125,0.03,1.39
1997-07-01T12:00:00Z,0.0,76.125,236.125,0.75,1.39
1997-07-01T12:00:00Z,0.0,76.125,240.125,NaN,NaN
1997-07-01T12:00:00Z,0.0,76.125,244.125,NaN,NaN
1997-07-01T12:00:00Z,0.0,76.125,248.125,-0.22,0.5
1997-07-01T12:00:00Z,0.0,76.125,252.125,-1.15,-0.31
1997-07-01T12:00:00Z,0.0,76.125,256.125,NaN,NaN
1997-07-01T12:00:00Z,0.0,76.125,260.125,NaN,NaN
1997-07-01T12:00:00Z,0.0,76.125,264.125,-1.03,-0.64
1997-07-01T12:00:00Z,0.0,76.125,268.125,NaN,NaN
1997-07-01T12:00:00Z,0.0,76.125,272.125,-0.78,-0.9
1997-07-01T12:00:00Z,0.0,76.125,276.125,-0.76,-1.91
1997-07-01T12:00:00Z,0.0,76.125,280.125,0.43,-1.47
1997-07-01T12:00:00Z,0.0,76.125,284.125,0.92,-0.98
1997-07-01T12:00:00Z,0.0,76.125,288.125,0.51,-0.74
1997-07-01T12:00:00Z,0.0,76.125,292.125,NaN,NaN
1997-07-01T12:00:00Z,0.0,76.125,296.125,-0.89,-1.05
1997-07-01T12:00:00Z,0.0,76.125,300.125,NaN,NaN
1997-07-01T12:00:00Z,0.0,76.125,304.125,NaN,NaN
1997-07-01T12:00:00Z,0.0,76.125,308.125,NaN,NaN
1997-07-01T12:00:00Z,0.0,76.125,312.125,NaN,NaN
1997-07-01T12:00:00Z,0.0,76.125,316.125,NaN,NaN
1997-07-01T12:00:00Z,0.0,76.125,320.125,NaN,NaN
1997-07-01T12:00:00Z,0.0,76.125,324.125,NaN,NaN
1997-07-01T12:00:00Z,0.0,76.125,328.125,NaN,NaN
1997-07-01T12:00:00Z,0.0,76.125,332.125,NaN,NaN
1997-07-01T12:00:00Z,0.0,76.125,336.125,NaN,NaN
1997-07-01T12:00:00Z,0.0,76.125,340.125,NaN,NaN
1997-07-01T12:00:00Z,0.0,76.125,344.125,-1.3,-0.78
1997-07-01T12:00:00Z,0.0,76.125,348.125,-0.38,-0.72
1997-07-01T12:00:00Z,0.0,76.125,352.125,0.45,-0.98
1997-07-01T12:00:00Z,0.0,76.125,356.125,1.27,-1.06
1997-07-01T12:00:00Z,0.0,80.125,0.125,-1.67,-1.81
1997-07-01T12:00:00Z,0.0,80.125,4.125,-0.68,-1.65
1997-07-01T12:00:00Z,0.0,80.125,8.125,0.38,-1.08
1997-07-01T12:00:00Z,0.0,80.125,12.125,0.41,-0.96
1997-07-01T12:00:00Z,0.0,80.125,16.125,0.25,-0.61
1997-07-01T12:00:00Z,0.0,80.125,20.125,NaN,NaN
1997-07-01T12:00:00Z,0.0,80.125,24.125,NaN,NaN
1997-07-01T12:00:00Z,0.0,80.125,28.125,-1.43,-0.97
1997-07-01T12:00:00Z,0.0,80.125,32.125,-1.12,-0.59
1997-07-01T12:00:00Z,0.0,80.125,36.125,-0.14,0.51
1997-07-01T12:00:00Z,0.0,80.125,40.125,1.5,2.1
1997-07-01T12:00:00Z,0.0,80.125,44.125,-0.36,-0.25
1997-07-01T12:00:00Z,0.0,80.125,48.125,0.57,0.18
1997-07-01T12:00:00Z,0.0,80.125,52.125,-1.02,-1.25
1997-07-01T12:00:00Z,0.0,80.125,56.125,NaN,NaN
1997-07-01T12:00:00Z,0.0,80.125,60.125,-1.8,-1.65
1997-07-01T12:00:00Z,0.0,80.125,64.125,-1.8,-1.25
1997-07-01T12:00:00Z,0.0,80.125,68.125,-1.78,-0.69
1997-07-01T12:00:00Z,0.0,80.125,72.125,-1.2,0.23
1997-07-01T12:00:00Z,0.0,80.125,76.125,-1.21,0.27
1997-07-01T12:00:00Z,0.0,80.125,80.125,-0.96,0.58
1997-07-01T12:00:00Z,0.0,80.125,84.125,0.61,2.14
1997-07-01T12:00:00Z,0.0,80.125,88.125,0.33,1.53
1997-07-01T12:00:00Z,0.0,80.125,92.125,0.62,1.34
1997-07-01T12:00:00Z,0.0,80.125,96.125,NaN,NaN
1997-07-01T12:00:00Z,0.0,80.125,100.125,-1.08,-0.02
1997-07-01T12:00:00Z,0.0,80.125,104.125,-1.3,-0.2
1997-07-01T12:00:00Z,0.0,80.125,108.125,-1.07,0.15
1997-07-01T12:00:00Z,0.0,80.125,112.125,-1.04,0.43
1997-07-01T12:00:00Z,0.0,80.125,116.125,-1.02,0.63
1997-07-01T12:00:00Z,0.0,80.125,120.125,-0.93,0.76
1997-07-01T12:00:00Z,0.0,80.125,124.125,-0.99,0.7
1997-07-01T12:00:00Z,0.0,80.125,128.125,-1.13,0.56
1997-07-01T12:00:00Z,0.0,80.125,132.125,-1.2,0.47
1997-07-01T12:00:00Z,0.0,80.125,136.125,-1.12,0.51
1997-07-01T12:00:00Z,0.0,80.125,140.125,-1.04,0.56
1997-07-01T12:00:00Z,0.0,80.125,144.125,-1.05,0.62
1997-07-01T12:00:00Z,0.0,80.125,148.125,-0.85,0.87
1997-07-01T12:00:00Z,0.0,80.125,152.125,-0.54,1.19
1997-07-01T12:00:00Z,0.0,80.125,156.125,-0.27,1.43
1997-07-01T12:00:00Z,0.0,80.125,160.125,-0.31,1.39
1997-07-01T12:00:00Z,0.0,80.125,164.125,-0.44,1.26
1997-07-01T12:00:00Z,0.0,80.125,168.125,-0.55,1.16
1997-07-01T12:00:00Z,0.0,80.125,172.125,-0.68,1.04
1997-07-01T12:00:00Z,0.0,80.125,176.125,-0.71,1.03
1997-07-01T12:00:00Z,0.0,80.125,180.125,-0.91,0.84
1997-07-01T12:00:00Z,0.0,80.125,184.125,-1.12,0.64
1997-07-01T12:00:00Z,0.0,80.125,188.125,-1.39,0.37
1997-07-01T12:00:00Z,0.0,80.125,192.125,-1.29,0.47
1997-07-01T12:00:00Z,0.0,80.125,196.125,-1.32,0.43
1997-07-01T12:00:00Z,0.0,80.125,200.125,-1.24,0.51
1997-07-01T12:00:00Z,0.0,80.125,204.125,-1.37,0.37
1997-07-01T12:00:00Z,0.0,80.125,208.125,-1.28,0.45
1997-07-01T12:00:00Z,0.0,80.125,212.125,-1.19,0.53
1997-07-01T12:00:00Z,0.0,80.125,216.125,-1.13,0.57
1997-07-01T12:00:00Z,0.0,80.125,220.125,-0.86,0.84
1997-07-01T12:00:00Z,0.0,80.125,224.125,-0.73,0.97
1997-07-01T12:00:00Z,0.0,80.125,228.125,-0.78,0.93
1997-07-01T12:00:00Z,0.0,80.125,232.125,-1.61,0.1
1997-07-01T12:00:00Z,0.0,80.125,236.125,-1.75,-0.05
1997-07-01T12:00:00Z,0.0,80.125,240.125,-1.78,-0.12
1997-07-01T12:00:00Z,0.0,80.125,244.125,-1.75,-0.14
1997-07-01T12:00:00Z,0.0,80.125,248.125,-1.76,-0.15
1997-07-01T12:00:00Z,0.0,80.125,252.125,-1.69,-0.09
1997-07-01T12:00:00Z,0.0,80.125,256.125,-1.68,-0.18
1997-07-01T12:00:00Z,0.0,80.125,260.125,-1.75,-0.37
1997-07-01T12:00:00Z,0.0,80.125,264.125,NaN,NaN
1997-07-01T12:00:00Z,0.0,80.125,268.125,NaN,NaN
1997-07-01T12:00:00Z,0.0,80.125,272.125,NaN,NaN
1997-07-01T12:00:00Z,0.0,80.125,276.125,NaN,NaN
1997-07-01T12:00:00Z,0.0,80.125,280.125,NaN,NaN
1997-07-01T12:00:00Z,0.0,80.125,284.125,NaN,NaN
1997-07-01T12:00:00Z,0.0,80.125,288.125,NaN,NaN
1997-07-01T12:00:00Z,0.0,80.125,292.125,-1.61,-0.44
1997-07-01T12:00:00Z,0.0,80.125,296.125,NaN,NaN
1997-07-01T12:00:00Z,0.0,80.125,300.125,NaN,NaN
1997-07-01T12:00:00Z,0.0,80.125,304.125,NaN,NaN
1997-07-01T12:00:00Z,0.0,80.125,308.125,NaN,NaN
1997-07-01T12:00:00Z,0.0,80.125,312.125,NaN,NaN
1997-07-01T12:00:00Z,0.0,80.125,316.125,NaN,NaN
1997-07-01T12:00:00Z,0.0,80.125,320.125,NaN,NaN
1997-07-01T12:00:00Z,0.0,80.125,324.125,NaN,NaN
1997-07-01T12:00:00Z,0.0,80.125,328.125,NaN,NaN
1997-07-01T12:00:00Z,0.0,80.125,332.125,NaN,NaN
1997-07-01T12:00:00Z,0.0,80.125,336.125,NaN,NaN
1997-07-01T12:00:00Z,0.0,80.125,340.125,NaN,NaN
1997-07-01T12:00:00Z,0.0,80.125,344.125,0.36,0.66
1997-07-01T12:00:00Z,0.0,80.125,348.125,-0.37,-0.19
1997-07-01T12:00:00Z,0.0,80.125,352.125,-1.02,-0.33
1997-07-01T12:00:00Z,0.0,80.125,356.125,-1.66,-1.08
1997-07-01T12:00:00Z,0.0,84.125,0.125,-1.39,0.29
1997-07-01T12:00:00Z,0.0,84.125,4.125,-1.26,0.42
1997-07-01T12:00:00Z,0.0,84.125,8.125,-1.52,0.15
1997-07-01T12:00:00Z,0.0,84.125,12.125,-1.75,-0.1
1997-07-01T12:00:00Z,0.0,84.125,16.125,-1.77,-0.13
1997-07-01T12:00:00Z,0.0,84.125,20.125,-1.64,0.02
1997-07-01T12:00:00Z,0.0,84.125,24.125,-1.63,0.03
1997-07-01T12:00:00Z,0.0,84.125,28.125,-1.65,0.04
1997-07-01T12:00:00Z,0.0,84.125,32.125,-1.75,-0.05
1997-07-01T12:00:00Z,0.0,84.125,36.125,-1.79,-0.09
1997-07-01T12:00:00Z,0.0,84.125,40.125,-1.8,-0.09
1997-07-01T12:00:00Z,0.0,84.125,44.125,-1.8,-0.08
1997-07-01T12:00:00Z,0.0,84.125,48.125,-1.8,-0.09
1997-07-01T12:00:00Z,0.0,84.125,52.125,-1.78,-0.09
1997-07-01T12:00:00Z,0.0,84.125,56.125,-1.74,-0.07
1997-07-01T12:00:00Z,0.0,84.125,60.125,-1.72,-0.05
1997-07-01T12:00:00Z,0.0,84.125,64.125,-1.66,0.01
1997-07-01T12:00:00Z,0.0,84.125,68.125,-1.63,0.06
1997-07-01T12:00:00Z,0.0,84.125,72.125,-1.67,0.06
1997-07-01T12:00:00Z,0.0,84.125,76.125,-1.69,0.05
1997-07-01T12:00:00Z,0.0,84.125,80.125,-1.68,0.06
1997-07-01T12:00:00Z,0.0,84.125,84.125,-1.66,0.08
1997-07-01T12:00:00Z,0.0,84.125,88.125,-1.58,0.16
1997-07-01T12:00:00Z,0.0,84.125,92.125,-1.5,0.2
1997-07-01T12:00:00Z,0.0,84.125,96.125,-1.42,0.27
1997-07-01T12:00:00Z,0.0,84.125,100.125,-1.35,0.37
1997-07-01T12:00:00Z,0.0,84.125,104.125,-1.3,0.45
1997-07-01T12:00:00Z,0.0,84.125,108.125,-1.32,0.41
1997-07-01T12:00:00Z,0.0,84.125,112.125,-1.31,0.43
1997-07-01T12:00:00Z,0.0,84.125,116.125,-1.28,0.45
1997-07-01T12:00:00Z,0.0,84.125,120.125,-1.32,0.41
1997-07-01T12:00:00Z,0.0,84.125,124.125,-1.32,0.42
1997-07-01T12:00:00Z,0.0,84.125,128.125,-1.32,0.42
1997-07-01T12:00:00Z,0.0,84.125,132.125,-1.32,0.43
1997-07-01T12:00:00Z,0.0,84.125,136.125,-1.25,0.5
1997-07-01T12:00:00Z,0.0,84.125,140.125,-1.21,0.53
1997-07-01T12:00:00Z,0.0,84.125,144.125,-1.18,0.57
1997-07-01T12:00:00Z,0.0,84.125,148.125,-1.16,0.58
1997-07-01T12:00:00Z,0.0,84.125,152.125,-1.26,0.46
1997-07-01T12:00:00Z,0.0,84.125,156.125,-1.33,0.38
1997-07-01T12:00:00Z,0.0,84.125,160.125,-1.26,0.46
1997-07-01T12:00:00Z,0.0,84.125,164.125,-1.2,0.52
1997-07-01T12:00:00Z,0.0,84.125,168.125,-1.24,0.48
1997-07-01T12:00:00Z,0.0,84.125,172.125,-1.44,0.3
1997-07-01T12:00:00Z,0.0,84.125,176.125,-1.52,0.23
1997-07-01T12:00:00Z,0.0,84.125,180.125,-1.63,0.13
1997-07-01T12:00:00Z,0.0,84.125,184.125,-1.76,0.0
1997-07-01T12:00:00Z,0.0,84.125,188.125,-1.78,-0.02
1997-07-01T12:00:00Z,0.0,84.125,192.125,-1.79,-0.03
1997-07-01T12:00:00Z,0.0,84.125,196.125,-1.79,-0.04
1997-07-01T12:00:00Z,0.0,84.125,200.125,-1.78,-0.03
1997-07-01T12:00:00Z,0.0,84.125,204.125,-1.78,-0.02
1997-07-01T12:00:00Z,0.0,84.125,208.125,-1.78,-0.02
1997-07-01T12:00:00Z,0.0,84.125,212.125,-1.79,-0.04
1997-07-01T12:00:00Z,0.0,84.125,216.125,-1.74,0.0
1997-07-01T12:00:00Z,0.0,84.125,220.125,-1.71,0.04
1997-07-01T12:00:00Z,0.0,84.125,224.125,-1.64,0.12
1997-07-01T12:00:00Z,0.0,84.125,228.125,-1.71,0.05
1997-07-01T12:00:00Z,0.0,84.125,232.125,-1.77,-0.01
1997-07-01T12:00:00Z,0.0,84.125,236.125,-1.76,0.0
1997-07-01T12:00:00Z,0.0,84.125,240.125,-1.77,-0.01
1997-07-01T12:00:00Z,0.0,84.125,244.125,-1.79,-0.03
1997-07-01T12:00:00Z,0.0,84.125,248.125,-1.78,-0.01
1997-07-01T12:00:00Z,0.0,84.125,252.125,-1.75,0.02
1997-07-01T12:00:00Z,0.0,84.125,256.125,-1.8,-0.03
1997-07-01T12:00:00Z,0.0,84.125,260.125,-1.8,-0.04
1997-07-01T12:00:00Z,0.0,84.125,264.125,-1.8,-0.04
1997-07-01T12:00:00Z,0.0,84.125,268.125,-1.8,-0.04
1997-07-01T12:00:00Z,0.0,84.125,272.125,-1.8,-0.05
1997-07-01T12:00:00Z,0.0,84.125,276.125,-1.8,-0.04
1997-07-01T12:00:00Z,0.0,84.125,280.125,-1.8,-0.07
1997-07-01T12:00:00Z,0.0,84.125,284.125,-1.8,-0.05
1997-07-01T12:00:00Z,0.0,84.125,288.125,-1.8,-0.05
1997-07-01T12:00:00Z,0.0,84.125,292.125,-1.8,-0.08
1997-07-01T12:00:00Z,0.0,84.125,296.125,-1.8,-0.11
1997-07-01T12:00:00Z,0.0,84.125,300.125,-1.8,-0.11
1997-07-01T12:00:00Z,0.0,84.125,304.125,-1.8,-0.11
1997-07-01T12:00:00Z,0.0,84.125,308.125,-1.8,-0.11
1997-07-01T12:00:00Z,0.0,84.125,312.125,-1.8,-0.1
1997-07-01T12:00:00Z,0.0,84.125,316.125,-1.8,-0.08
1997-07-01T12:00:00Z,0.0,84.125,320.125,-1.8,-0.09
1997-07-01T12:00:00Z,0.0,84.125,324.125,-1.79,-0.11
1997-07-01T12:00:00Z,0.0,84.125,328.125,-1.79,-0.17
1997-07-01T12:00:00Z,0.0,84.125,332.125,-1.8,-0.26
1997-07-01T12:00:00Z,0.0,84.125,336.125,-1.79,-0.27
1997-07-01T12:00:00Z,0.0,84.125,340.125,-1.8,-0.25
1997-07-01T12:00:00Z,0.0,84.125,344.125,-1.8,-0.29
1997-07-01T12:00:00Z,0.0,84.125,348.125,-1.8,-0.29
1997-07-01T12:00:00Z,0.0,84.125,352.125,-1.78,-0.16
1997-07-01T12:00:00Z,0.0,84.125,356.125,-1.62,0.05
1997-07-01T12:00:00Z,0.0,88.125,0.125,-1.62,0.16
1997-07-01T12:00:00Z,0.0,88.125,4.125,-1.6,0.18
1997-07-01T12:00:00Z,0.0,88.125,8.125,-1.64,0.14
1997-07-01T12:00:00Z,0.0,88.125,12.125,-1.66,0.11
1997-07-01T12:00:00Z,0.0,88.125,16.125,-1.66,0.11
1997-07-01T12:00:00Z,0.0,88.125,20.125,-1.65,0.13
1997-07-01T12:00:00Z,0.0,88.125,24.125,-1.65,0.13
1997-07-01T12:00:00Z,0.0,88.125,28.125,-1.65,0.13
1997-07-01T12:00:00Z,0.0,88.125,32.125,-1.66,0.12
1997-07-01T12:00:00Z,0.0,88.125,36.125,-1.66,0.12
1997-07-01T12:00:00Z,0.0,88.125,40.125,-1.67,0.12
1997-07-01T12:00:00Z,0.0,88.125,44.125,-1.67,0.11
1997-07-01T12:00:00Z,0.0,88.125,48.125,-1.67,0.1
1997-07-01T12:00:00Z,0.0,88.125,52.125,-1.66,0.1
1997-07-01T12:00:00Z,0.0,88.125,56.125,-1.65,0.12
1997-07-01T12:00:00Z,0.0,88.125,60.125,-1.65,0.13
1997-07-01T12:00:00Z,0.0,88.125,64.125,-1.64,0.14
1997-07-01T12:00:00Z,0.0,88.125,68.125,-1.64,0.15
1997-07-01T12:00:00Z,0.0,88.125,72.125,-1.65,0.14
1997-07-01T12:00:00Z,0.0,88.125,76.125,-1.65,0.13
1997-07-01T12:00:00Z,0.0,88.125,80.125,-1.65,0.14
1997-07-01T12:00:00Z,0.0,88.125,84.125,-1.65,0.14
1997-07-01T12:00:00Z,0.0,88.125,88.125,-1.64,0.14
1997-07-01T12:00:00Z,0.0,88.125,92.125,-1.63,0.15
1997-07-01T12:00:00Z,0.0,88.125,96.125,-1.62,0.16
1997-07-01T12:00:00Z,0.0,88.125,100.125,-1.61,0.18
1997-07-01T12:00:00Z,0.0,88.125,104.125,-1.6,0.19
1997-07-01T12:00:00Z,0.0,88.125,108.125,-1.6,0.19
1997-07-01T12:00:00Z,0.0,88.125,112.125,-1.59,0.19
1997-07-01T12:00:00Z,0.0,88.125,116.125,-1.59,0.19
1997-07-01T12:00:00Z,0.0,88.125,120.125,-1.6,0.19
1997-07-01T12:00:00Z,0.0,88.125,124.125,-1.6,0.19
1997-07-01T12:00:00Z,0.0,88.125,128.125,-1.6,0.19
1997-07-01T12:00:00Z,0.0,88.125,132.125,-1.6,0.19
1997-07-01T12:00:00Z,0.0,88.125,136.125,-1.6,0.2
1997-07-01T12:00:00Z,0.0,88.125,140.125,-1.59,0.2
1997-07-01T12:00:00Z,0.0,88.125,144.125,-1.59,0.21
1997-07-01T12:00:00Z,0.0,88.125,148.125,-1.58,0.21
1997-07-01T12:00:00Z,0.0,88.125,152.125,-1.6,0.19
1997-07-01T12:00:00Z,0.0,88.125,156.125,-1.61,0.18
1997-07-01T12:00:00Z,0.0,88.125,160.125,-1.61,0.19
1997-07-01T12:00:00Z,0.0,88.125,164.125,-1.6,0.19
1997-07-01T12:00:00Z,0.0,88.125,168.125,-1.6,0.19
1997-07-01T12:00:00Z,0.0,88.125,172.125,-1.63,0.16
1997-07-01T12:00:00Z,0.0,88.125,176.125,-1.63,0.16
1997-07-01T12:00:00Z,0.0,88.125,180.125,-1.65,0.14
1997-07-01T12:00:00Z,0.0,88.125,184.125,-1.66,0.13
1997-07-01T12:00:00Z,0.0,88.125,188.125,-1.66,0.13
1997-07-01T12:00:00Z,0.0,88.125,192.125,-1.66,0.13
1997-07-01T12:00:00Z,0.0,88.125,196.125,-1.66,0.13
1997-07-01T12:00:00Z,0.0,88.125,200.125,-1.66,0.13
1997-07-01T12:00:00Z,0.0,88.125,204.125,-1.66,0.13
1997-07-01T12:00:00Z,0.0,88.125,208.125,-1.66,0.13
1997-07-01T12:00:00Z,0.0,88.125,212.125,-1.66,0.13
1997-07-01T12:00:00Z,0.0,88.125,216.125,-1.66,0.13
1997-07-01T12:00:00Z,0.0,88.125,220.125,-1.65,0.14
1997-07-01T12:00:00Z,0.0,88.125,224.125,-1.64,0.15
1997-07-01T12:00:00Z,0.0,88.125,228.125,-1.66,0.14
1997-07-01T12:00:00Z,0.0,88.125,232.125,-1.66,0.13
1997-07-01T12:00:00Z,0.0,88.125,236.125,-1.66,0.14
1997-07-01T12:00:00Z,0.0,88.125,240.125,-1.66,0.13
1997-07-01T12:00:00Z,0.0,88.125,244.125,-1.66,0.13
1997-07-01T12:00:00Z,0.0,88.125,248.125,-1.66,0.13
1997-07-01T12:00:00Z,0.0,88.125,252.125,-1.66,0.14
1997-07-01T12:00:00Z,0.0,88.125,256.125,-1.67,0.13
1997-07-01T12:00:00Z,0.0,88.125,260.125,-1.67,0.13
1997-07-01T12:00:00Z,0.0,88.125,264.125,-1.67,0.13
1997-07-01T12:00:00Z,0.0,88.125,268.125,-1.67,0.13
1997-07-01T12:00:00Z,0.0,88.125,272.125,-1.67,0.13
1997-07-01T12:00:00Z,0.0,88.125,276.125,-1.67,0.13
1997-07-01T12:00:00Z,0.0,88.125,280.125,-1.67,0.13
1997-07-01T12:00:00Z,0.0,88.125,284.125,-1.67,0.13
1997-07-01T12:00:00Z,0.0,88.125,288.125,-1.67,0.13
1997-07-01T12:00:00Z,0.0,88.125,292.125,-1.67,0.13
1997-07-01T12:00:00Z,0.0,88.125,296.125,-1.67,0.13
1997-07-01T12:00:00Z,0.0,88.125,300.125,-1.67,0.13
1997-07-01T12:00:00Z,0.0,88.125,304.125,-1.67,0.13
1997-07-01T12:00:00Z,0.0,88.125,308.125,-1.67,0.13
1997-07-01T12:00:00Z,0.0,88.125,312.125,-1.67,0.13
1997-07-01T12:00:00Z,0.0,88.125,316.125,-1.67,0.13
1997-07-01T12:00:00Z,0.0,88.125,320.125,-1.67,0.12
1997-07-01T12:00:00Z,0.0,88.125,324.125,-1.67,0.12
1997-07-01T12:00:00Z,0.0,88.125,328.125,-1.67,0.12
1997-07-01T12:00:00Z,0.0,88.125,332.125,-1.67,0.12
1997-07-01T12:00:00Z,0.0,88.125,336.125,-1.67,0.12
1997-07-01T12:00:00Z,0.0,88.125,340.125,-1.67,0.12
1997-07-01T12:00:00Z,0.0,88.125,344.125,-1.67,0.11
1997-07-01T12:00:00Z,0.0,88.125,348.125,-1.67,0.11
1997-07-01T12:00:00Z,0.0,88.125,352.125,-1.66,0.12
1997-07-01T12:00:00Z,0.0,88.125,356.125,-1.65,0.14
