2016-09-30T12:00:00Z,0.0,-87.875,0.125,NaN,NaN
2016-09-30T12:00:00Z,0.0,-87.875,4.125,NaN,NaN
2016-09-30T12:00:00Z,0.0,-87.875,8.125,NaN,NaN
2016-09-30T12:00:00Z,0.0,-87.875,12.125,NaN,NaN
2016-09-30T12:00:00Z,0.0,-87.875,16.125,NaN,NaN
2016-09-30T12:00:00Z,0.0,-87.875,20.125,NaN,NaN
2016-09-30T12:00:00Z,0.0,-87.875,24.125,NaN,NaN
2016-09-30T12:00:00Z,0.0,-87.875,28.125,NaN,NaN
2016-09-30T12:00:00Z,0.0,-87.875,32.125,NaN,NaN
2016-09-30T12:00:00Z,0.0,-87.875,36.125,NaN,NaN
2016-09-30T12:00:00Z,0.0,-87.875,40.125,NaN,NaN
2016-09-30T12:00:00Z,0.0,-87.875,44.125,NaN,NaN
2016-09-30T12:00:00Z,0.0,-87.875,48.125,NaN,NaN
2016-09-30T12:00:00Z,0.0,-87.875,52.125,NaN,NaN
2016-09-30T12:00:00Z,0.0,-87.875,56.125,NaN,NaN
2016-09-30T12:00:00Z,0.0,-87.875,60.125,NaN,NaN
2016-09-30T12:00:00Z,0.0,-87.875,64.125,NaN,NaN
2016-09-30T12:00:00Z,0.0,-87.875,68.125,NaN,NaN
2016-09-30T12:00:00Z,0.0,-87.875,72.125,NaN,NaN
2016-09-30T12:00:00Z,0.0,-87.875,76.125,NaN,NaN
2016-09-30T12:00:00Z,0.0,-87.875,80.125,NaN,NaN
2016-09-30T12:00:00Z,0.0,-87.875,84.125,NaN,NaN
2016-09-30T12:00:00Z,0.0,-87.875,88.125,NaN,NaN
2016-09-30T12:00:00Z,0.0,-87.875,92.125,NaN,NaN
2016-09-30T12:00:00Z,0.0,-87.875,96.125,NaN,NaN
2016-09-30T12:00:00Z,0.0,-87.875,100.125,NaN,NaN
2016-09-30T12:00:00Z,0.0,-87.875,104.125,NaN,NaN
2016-09-30T12:00:00Z,0.0,-87.875,108.125,NaN,NaN
2016-09-30T12:00:00Z,0.0,-87.875,112.125,NaN,NaN
2016-09-30T12:00:00Z,0.0,-87.875,116.125,NaN,NaN
2016-09-30T12:00:00Z,0.0,-87.875,120.125,NaN,NaN
2016-09-30T12:00:00Z,0.0,-87.875,124.125,NaN,NaN
2016-09-30T12:00:00Z,0.0,-87.875,128.125,NaN,NaN
2016-09-30T12:00:00Z,0.0,-87.875,132.125,NaN,NaN
2016-09-30T12:00:00Z,0.0,-87.875,136.125,NaN,NaN
2016-09-30T12:00:00Z,0.0,-87.875,140.125,NaN,NaN
2016-09-30T12:00:00Z,0.0,-87.875,144.125,NaN,NaN
2016-09-30T12:00:00Z,0.0,-87.875,148.125,NaN,NaN
2016-09-30T12:00:00Z,0.0,-87.875,152.125,NaN,NaN
2016-09-30T12:00:00Z,0.0,-87.875,156.125,NaN,NaN
2016-09-30T12:00:00Z,0.0,-87.875,160.125,NaN,NaN
2016-09-30T12:00:00Z,0.0,-87.875,164.125,NaN,NaN
2016-09-30T12:00:00Z,0.0,-87.875,168.125,NaN,NaN
2016-09-30T12:00:00Z,0.0,-87.875,172.125,NaN,NaN
2016-09-30T12:00:00Z,0.0,-87.875,176.125,NaN,NaN
2016-09-30T12:00:00Z,0.0,-87.875,180.125,NaN,NaN
2016-09-30T12:00:00Z,0.0,-87.875,184.125,NaN,NaN
2016-09-30T12:00:00Z,0.0,-87.875,188.125,NaN,NaN
2016-09-30T12:00:00Z,0.0,-87.875,192.125,NaN,NaN
2016-09-30T12:00:00Z,0.0,-87.875,196.125,NaN,NaN
2016-09-30T12:00:00Z,0.0,-87.875,200.125,NaN,NaN
2016-09-30T12:00:00Z,0.0,-87.875,204.125,NaN,NaN
2016-09-30T12:00:00Z,0.0,-87.875,208.125,NaN,NaN
2016-09-30T12:00:00Z,0.0,-87.875,212.125,NaN,NaN
2016-09-30T12:00:00Z,0.0,-87.875,216.125,NaN,NaN
2016-09-30T12:00:00Z,0.0,-87.875,220.125,NaN,NaN
2016-09-30T12:00:00Z,0.0,-87.875,224.125,NaN,NaN
2016-09-30T12:00:00Z,0.0,-87.875,228.125,NaN,NaN
2016-09-30T12:00:00Z,0.0,-87.875,232.125,NaN,NaN
2016-09-30T12:00:00Z,0.0,-87.875,236.125,NaN,NaN
2016-09-30T12:00:00Z,0.0,-87.875,240.125,NaN,NaN
2016-09-30T12:00:00Z,0.0,-87.875,244.125,NaN,NaN
2016-09-30T12:00:00Z,0.0,-87.875,248.125,NaN,NaN
2016-09-30T12:00:00Z,0.0,-87.875,252.125,NaN,NaN
2016-09-30T12:00:00Z,0.0,-87.875,256.125,NaN,NaN
2016-09-30T12:00:00Z,0.0,-87.875,260.125,NaN,NaN
2016-09-30T12:00:00Z,0.0,-87.875,264.125,NaN,NaN
2016-09-30T12:00:00Z,0.0,-87.875,268.125,NaN,NaN
2016-09-30T12:00:00Z,0.0,-87.875,272.125,NaN,NaN
2016-09-30T12:00:00Z,0.0,-87.875,276.125,NaN,NaN
2016-09-30T12:00:00Z,0.0,-87.875,280.125,NaN,NaN
2016-09-30T12:00:00Z,0.0,-87.875,284.125,NaN,NaN
2016-09-30T12:00:00Z,0.0,-87.875,288.125,NaN,NaN
2016-09-30T12:00:00Z,0.0,-87.875,292.125,NaN,NaN
2016-09-30T12:00:00Z,0.0,-87.875,296.125,NaN,NaN
2016-09-30T12:00:00Z,0.0,-87.875,300.125,NaN,NaN
2016-09-30T12:00:00Z,0.0,-87.875,304.125,NaN,NaN
2016-09-30T12:00:00Z,0.0,-87.875,308.125,NaN,NaN
2016-09-30T12:00:00Z,0.0,-87.875,312.125,NaN,NaN
2016-09-30T12:00:00Z,0.0,-87.875,316.125,NaN,NaN
2016-09-30T12:00:00Z,0.0,-87.875,320.125,NaN,NaN
2016-09-30T12:00:00Z,0.0,-87.875,324.125,NaN,NaN
2016-09-30T12:00:00Z,0.0,-87.875,328.125,NaN,NaN
2016-09-30T12:00:00Z,0.0,-87.875,332.125,NaN,NaN
2016-09-30T12:00:00Z,0.0,-87.875,336.125,NaN,NaN
2016-09-30T12:00:00Z,0.0,-87.875,340.125,NaN,NaN
2016-09-30T12:00:00Z,0.0,-87.875,344.125,NaN,NaN
2016-09-30T12:00:00Z,0.0,-87.875,348.125,NaN,NaN
2016-09-30T12:00:00Z,0.0,-87.875,352.125,NaN,NaN
2016-09-30T12:00:00Z,0.0,-87.875,356.125,NaN,NaN
2016-09-30T12:00:00Z,0.0,-83.875,0.125,NaN,NaN
2016-09-30T12:00:00Z,0.0,-83.875,4.125,NaN,NaN
2016-09-30T12:00:00Z,0.0,-83.875,8.125,NaN,NaN
2016-09-30T12:00:00Z,0.0,-83.875,12.125,NaN,NaN
2016-09-30T12:00:00Z,0.0,-83.875,16.125,NaN,NaN
2016-09-30T12:00:00Z,0.0,-83.875,20.125,NaN,NaN
2016-09-30T12:00:00Z,0.0,-83.875,24.125,NaN,NaN
2016-09-30T12:00:00Z,0.0,-83.875,28.125,NaN,NaN
2016-09-30T12:00:00Z,0.0,-83.875,32.125,NaN,NaN
2016-09-30T12:00:00Z,0.0,-83.875,36.125,NaN,NaN
2016-09-30T12:00:00Z,0.0,-83.875,40.125,NaN,NaN
2016-09-30T12:00:00Z,0.0,-83.875,44.125,NaN,NaN
2016-09-30T12:00:00Z,0.0,-83.875,48.125,NaN,NaN
2016-09-30T12:00:00Z,0.0,-83.875,52.125,NaN,NaN
2016-09-30T12:00:00Z,0.0,-83.875,56.125,NaN,NaN
2016-09-30T12:00:00Z,0.0,-83.875,60.125,NaN,NaN
2016-09-30T12:00:00Z,0.0,-83.875,64.125,NaN,NaN
2016-09-30T12:00:00Z,0.0,-83.875,68.125,NaN,NaN
2016-09-30T12:00:00Z,0.0,-83.875,72.125,NaN,NaN
2016-09-30T12:00:00Z,0.0,-83.875,76.125,NaN,NaN
2016-09-30T12:00:00Z,0.0,-83.875,80.125,NaN,NaN
2016-09-30T12:00:00Z,0.0,-83.875,84.125,NaN,NaN
2016-09-30T12:00:00Z,0.0,-83.875,88.125,NaN,NaN
2016-09-30T12:00:00Z,0.0,-83.875,92.125,NaN,NaN
2016-09-30T12:00:00Z,0.0,-83.875,96.125,NaN,NaN
2016-09-30T12:00:00Z,0.0,-83.875,100.125,NaN,NaN
2016-09-30T12:00:00Z,0.0,-83.875,104.125,NaN,NaN
2016-09-30T12:00:00Z,0.0,-83.875,108.125,NaN,NaN
2016-09-30T12:00:00Z,0.0,-83.875,112.125,NaN,NaN
2016-09-30T12:00:00Z,0.0,-83.875,116.125,NaN,NaN
2016-09-30T12:00:00Z,0.0,-83.875,120.125,NaN,NaN
2016-09-30T12:00:00Z,0.0,-83.875,124.125,NaN,NaN
2016-09-30T12:00:00Z,0.0,-83.875,128.125,NaN,NaN
2016-09-30T12:00:00Z,0.0,-83.875,132.125,NaN,NaN
2016-09-30T12:00:00Z,0.0,-83.875,136.125,NaN,NaN
2016-09-30T12:00:00Z,0.0,-83.875,140.125,NaN,NaN
2016-09-30T12:00:00Z,0.0,-83.875,144.125,NaN,NaN
2016-09-30T12:00:00Z,0.0,-83.875,148.125,NaN,NaN
2016-09-30T12:00:00Z,0.0,-83.875,152.125,NaN,NaN
2016-09-30T12:00:00Z,0.0,-83.875,156.125,NaN,NaN
2016-09-30T12:00:00Z,0.0,-83.875,160.125,NaN,NaN
2016-09-30T12:00:00Z,0.0,-83.875,164.125,NaN,NaN
2016-09-30T12:00:00Z,0.0,-83.875,168.125,NaN,NaN
2016-09-30T12:00:00Z,0.0,-83.875,172.125,NaN,NaN
2016-09-30T12:00:00Z,0.0,-83.875,176.125,NaN,NaN
2016-09-30T12:00:00Z,0.0,-83.875,180.125,NaN,NaN
2016-09-30T12:00:00Z,0.0,-83.875,184.125,NaN,NaN
2016-09-30T12:00:00Z,0.0,-83.875,188.125,NaN,NaN
2016-09-30T12:00:00Z,0.0,-83.875,192.125,NaN,NaN
2016-09-30T12:00:00Z,0.0,-83.875,196.125,NaN,NaN
2016-09-30T12:00:00Z,0.0,-83.875,200.125,NaN,NaN
2016-09-30T12:00:00Z,0.0,-83.875,204.125,NaN,NaN
2016-09-30T12:00:00Z,0.0,-83.875,208.125,NaN,NaN
2016-09-30T12:00:00Z,0.0,-83.875,212.125,NaN,NaN
2016-09-30T12:00:00Z,0.0,-83.875,216.125,NaN,NaN
2016-09-30T12:00:00Z,0.0,-83.875,220.125,NaN,NaN
2016-09-30T12:00:00Z,0.0,-83.875,224.125,NaN,NaN
2016-09-30T12:00:00Z,0.0,-83.875,228.125,NaN,NaN
2016-09-30T12:00:00Z,0.0,-83.875,232.125,NaN,NaN
2016-09-30T12:00:00Z,0.0,-83.875,236.125,NaN,NaN
2016-09-30T12:00:00Z,0.0,-83.875,240.125,NaN,NaN
2016-09-30T12:00:00Z,0.0,-83.875,244.125,NaN,NaN
2016-09-30T12:00:00Z,0.0,-83.875,248.125,NaN,NaN
2016-09-30T12:00:00Z,0.0,-83.875,252.125,NaN,NaN
2016-09-30T12:00:00Z,0.0,-83.875,256.125,NaN,NaN
2016-09-30T12:00:00Z,0.0,-83.875,260.125,NaN,NaN
2016-09-30T12:00:00Z,0.0,-83.875,264.125,NaN,NaN
2016-09-30T12:00:00Z,0.0,-83.875,268.125,NaN,NaN
2016-09-30T12:00:00Z,0.0,-83.875,272.125,NaN,NaN
2016-09-30T12:00:00Z,0.0,-83.875,276.125,NaN,NaN
2016-09-30T12:00:00Z,0.0,-83.875,280.125,NaN,NaN
2016-09-30T12:00:00Z,0.0,-83.875,284.125,NaN,NaN
2016-09-30T12:00:00Z,0.0,-83.875,288.125,NaN,NaN
2016-09-30T12:00:00Z,0.0,-83.875,292.125,NaN,NaN
2016-09-30T12:00:00Z,0.0,-83.875,296.125,NaN,NaN
2016-09-30T12:00:00Z,0.0,-83.875,300.125,NaN,NaN
2016-09-30T12:00:00Z,0.0,-83.875,304.125,NaN,NaN
2016-09-30T12:00:00Z,0.0,-83.875,308.125,NaN,NaN
2016-09-30T12:00:00Z,0.0,-83.875,312.125,NaN,NaN
2016-09-30T12:00:00Z,0.0,-83.875,316.125,NaN,NaN
2016-09-30T12:00:00Z,0.0,-83.875,320.125,NaN,NaN
2016-09-30T12:00:00Z,0.0,-83.875,324.125,NaN,NaN
2016-09-30T12:00:00Z,0.0,-83.875,328.125,NaN,NaN
2016-09-30T12:00:00Z,0.0,-83.875,332.125,NaN,NaN
2016-09-30T12:00:00Z,0.0,-83.875,336.125,NaN,NaN
2016-09-30T12:00:00Z,0.0,-83.875,340.125,NaN,NaN
2016-09-30T12:00:00Z,0.0,-83.875,344.125,NaN,NaN
2016-09-30T12:00:00Z,0.0,-83.875,348.125,NaN,NaN
2016-09-30T12:00:00Z,0.0,-83.875,352.125,NaN,NaN
2016-09-30T12:00:00Z,0.0,-83.875,356.125,NaN,NaN
2016-09-30T12:00:00Z,0.0,-79.875,0.125,NaN,NaN
2016-09-30T12:00:00Z,0.0,-79.875,4.125,NaN,NaN
2016-09-30T12:00:00Z,0.0,-79.875,8.125,NaN,NaN
2016-09-30T12:00:00Z,0.0,-79.875,12.125,NaN,NaN
2016-09-30T12:00:00Z,0.0,-79.875,16.125,NaN,NaN
2016-09-30T12:00:00Z,0.0,-79.875,20.125,NaN,NaN
2016-09-30T12:00:00Z,0.0,-79.875,24.125,NaN,NaN
2016-09-30T12:00:00Z,0.0,-79.875,28.125,NaN,NaN
2016-09-30T12:00:00Z,0.0,-79.875,32.125,NaN,NaN
2016-09-30T12:00:00Z,0.0,-79.875,36.125,NaN,NaN
2016-09-30T12:00:00Z,0.0,-79.875,40.125,NaN,NaN
2016-09-30T12:00:00Z,0.0,-79.875,44.125,NaN,NaN
2016-09-30T12:00:00Z,0.0,-79.875,48.125,NaN,NaN
2016-09-30T12:00:00Z,0.0,-79.875,52.125,NaN,NaN
2016-09-30T12:00:00Z,0.0,-79.875,56.125,NaN,NaN
2016-09-30T12:00:00Z,0.0,-79.875,60.125,NaN,NaN
2016-09-30T12:00:00Z,0.0,-79.875,64.125,NaN,NaN
2016-09-30T12:00:00Z,0.0,-79.875,68.125,NaN,NaN
2016-09-30T12:00:00Z,0.0,-79.875,72.125,NaN,NaN
2016-09-30T12:00:00Z,0.0,-79.875,76.125,NaN,NaN
2016-09-30T12:00:00Z,0.0,-79.875,80.125,NaN,NaN
2016-09-30T12:00:00Z,0.0,-79.875,84.125,NaN,NaN
2016-09-30T12:00:00Z,0.0,-79.875,88.125,NaN,NaN
2016-09-30T12:00:00Z,0.0,-79.875,92.125,NaN,NaN
2016-09-30T12:00:00Z,0.0,-79.875,96.125,NaN,NaN
2016-09-30T12:00:00Z,0.0,-79.875,100.125,NaN,NaN
2016-09-30T12:00:00Z,0.0,-79.875,104.125,NaN,NaN
2016-09-30T12:00:00Z,0.0,-79.875,108.125,NaN,NaN
2016-09-30T12:00:00Z,0.0,-79.875,112.125,NaN,NaN
2016-09-30T12:00:00Z,0.0,-79.875,116.125,NaN,NaN
2016-09-30T12:00:00Z,0.0,-79.875,120.125,NaN,NaN
2016-09-30T12:00:00Z,0.0,-79.875,124.125,NaN,NaN
2016-09-30T12:00:00Z,0.0,-79.875,128.125,NaN,NaN
2016-09-30T12:00:00Z,0.0,-79.875,132.125,NaN,NaN
2016-09-30T12:00:00Z,0.0,-79.875,136.125,NaN,NaN
2016-09-30T12:00:00Z,0.0,-79.875,140.125,NaN,NaN
2016-09-30T12:00:00Z,0.0,-79.875,144.125,NaN,NaN
2016-09-30T12:00:00Z,0.0,-79.875,148.125,NaN,NaN
2016-09-30T12:00:00Z,0.0,-79.875,152.125,NaN,NaN
2016-09-30T12:00:00Z,0.0,-79.875,156.125,NaN,NaN
2016-09-30T12:00:00Z,0.0,-79.875,160.125,NaN,NaN
2016-09-30T12:00:00Z,0.0,-79.875,164.125,NaN,NaN
2016-09-30T12:00:00Z,0.0,-79.875,168.125,NaN,NaN
2016-09-30T12:00:00Z,0.0,-79.875,172.125,NaN,NaN
2016-09-30T12:00:00Z,0.0,-79.875,176.125,NaN,NaN
2016-09-30T12:00:00Z,0.0,-79.875,180.125,NaN,NaN
2016-09-30T12:00:00Z,0.0,-79.875,184.125,NaN,NaN
2016-09-30T12:00:00Z,0.0,-79.875,188.125,NaN,NaN
2016-09-30T12:00:00Z,0.0,-79.875,192.125,NaN,NaN
2016-09-30T12:00:00Z,0.0,-79.875,196.125,NaN,NaN
2016-09-30T12:00:00Z,0.0,-79.875,200.125,NaN,NaN
2016-09-30T12:00:00Z,0.0,-79.875,204.125,NaN,NaN
2016-09-30T12:00:00Z,0.0,-79.875,208.125,NaN,NaN
2016-09-30T12:00:00Z,0.0,-79.875,212.125,NaN,NaN
2016-09-30T12:00:00Z,0.0,-79.875,216.125,NaN,NaN
2016-09-30T12:00:00Z,0.0,-79.875,220.125,NaN,NaN
2016-09-30T12:00:00Z,0.0,-79.875,224.125,NaN,NaN
2016-09-30T12:00:00Z,0.0,-79.875,228.125,NaN,NaN
2016-09-30T12:00:00Z,0.0,-79.875,232.125,NaN,NaN
2016-09-30T12:00:00Z,0.0,-79.875,236.125,NaN,NaN
2016-09-30T12:00:00Z,0.0,-79.875,240.125,NaN,NaN
2016-09-30T12:00:00Z,0.0,-79.875,244.125,NaN,NaN
2016-09-30T12:00:00Z,0.0,-79.875,248.125,NaN,NaN
2016-09-30T12:00:00Z,0.0,-79.875,252.125,NaN,NaN
2016-09-30T12:00:00Z,0.0,-79.875,256.125,NaN,NaN
2016-09-30T12:00:00Z,0.0,-79.875,260.125,NaN,NaN
2016-09-30T12:00:00Z,0.0,-79.875,264.125,NaN,NaN
2016-09-30T12:00:00Z,0.0,-79.875,268.125,NaN,NaN
2016-09-30T12:00:00Z,0.0,-79.875,272.125,NaN,NaN
2016-09-30T12:00:00Z,0.0,-79.875,276.125,NaN,NaN
2016-09-30T12:00:00Z,0.0,-79.875,280.125,NaN,NaN
2016-09-30T12:00:00Z,0.0,-79.875,284.125,NaN,NaN
2016-09-30T12:00:00Z,0.0,-79.875,288.125,NaN,NaN
2016-09-30T12:00:00Z,0.0,-79.875,292.125,NaN,NaN
2016-09-30T12:00:00Z,0.0,-79.875,296.125,NaN,NaN
2016-09-30T12:00:00Z,0.0,-79.875,300.125,NaN,NaN
2016-09-30T12:00:00Z,0.0,-79.875,304.125,NaN,NaN
2016-09-30T12:00:00Z,0.0,-79.875,308.125,NaN,NaN
2016-09-30T12:00:00Z,0.0,-79.875,312.125,NaN,NaN
2016-09-30T12:00:00Z,0.0,-79.875,316.125,NaN,NaN
2016-09-30T12:00:00Z,0.0,-79.875,320.125,NaN,NaN
2016-09-30T12:00:00Z,0.0,-79.875,324.125,NaN,NaN
2016-09-30T12:00:00Z,0.0,-79.875,328.125,NaN,NaN
2016-09-30T12:00:00Z,0.0,-79.875,332.125,NaN,NaN
2016-09-30T12:00:00Z,0.0,-79.875,336.125,NaN,NaN
2016-09-30T12:00:00Z,0.0,-79.875,340.125,NaN,NaN
2016-09-30T12:00:00Z,0.0,-79.875,344.125,NaN,NaN
2016-09-30T12:00:00Z,0.0,-79.875,348.125,NaN,NaN
2016-09-30T12:00:00Z,0.0,-79.875,352.125,NaN,NaN
2016-09-30T12:00:00Z,0.0,-79.875,356.125,NaN,NaN
2016-09-30T12:00:00Z,0.0,-75.875,0.125,NaN,NaN
2016-09-30T12:00:00Z,0.0,-75.875,4.125,NaN,NaN
2016-09-30T12:00:00Z,0.0,-75.875,8.125,NaN,NaN
2016-09-30T12:00:00Z,0.0,-75.875,12.125,NaN,NaN
2016-09-30T12:00:00Z,0.0,-75.875,16.125,NaN,NaN
2016-09-30T12:00:00Z,0.0,-75.875,20.125,NaN,NaN
2016-09-30T12:00:00Z,0.0,-75.875,24.125,NaN,NaN
2016-09-30T12:00:00Z,0.0,-75.875,28.125,NaN,NaN
2016-09-30T12:00:00Z,0.0,-75.875,32.125,NaN,NaN
2016-09-30T12:00:00Z,0.0,-75.875,36.125,NaN,NaN
2016-09-30T12:00:00Z,0.0,-75.875,40.125,NaN,NaN
2016-09-30T12:00:00Z,0.0,-75.875,44.125,NaN,NaN
2016-09-30T12:00:00Z,0.0,-75.875,48.125,NaN,NaN
2016-09-30T12:00:00Z,0.0,-75.875,52.125,NaN,NaN
2016-09-30T12:00:00Z,0.0,-75.875,56.125,NaN,NaN
2016-09-30T12:00:00Z,0.0,-75.875,60.125,NaN,NaN
2016-09-30T12:00:00Z,0.0,-75.875,64.125,NaN,NaN
2016-09-30T12:00:00Z,0.0,-75.875,68.125,NaN,NaN
2016-09-30T12:00:00Z,0.0,-75.875,72.125,NaN,NaN
2016-09-30T12:00:00Z,0.0,-75.875,76.125,NaN,NaN
2016-09-30T12:00:00Z,0.0,-75.875,80.125,NaN,NaN
2016-09-30T12:00:00Z,0.0,-75.875,84.125,NaN,NaN
2016-09-30T12:00:00Z,0.0,-75.875,88.125,NaN,NaN
2016-09-30T12:00:00Z,0.0,-75.875,92.125,NaN,NaN
2016-09-30T12:00:00Z,0.0,-75.875,96.125,NaN,NaN
2016-09-30T12:00:00Z,0.0,-75.875,100.125,NaN,NaN
2016-09-30T12:00:00Z,0.0,-75.875,104.125,NaN,NaN
2016-09-30T12:00:00Z,0.0,-75.875,108.125,NaN,NaN
2016-09-30T12:00:00Z,0.0,-75.875,112.125,NaN,NaN
2016-09-30T12:00:00Z,0.0,-75.875,116.125,NaN,NaN
2016-09-30T12:00:00Z,0.0,-75.875,120.125,NaN,NaN
2016-09-30T12:00:00Z,0.0,-75.875,124.125,NaN,NaN
2016-09-30T12:00:00Z,0.0,-75.875,128.125,NaN,NaN
2016-09-30T12:00:00Z,0.0,-75.875,132.125,NaN,NaN
2016-09-30T12:00:00Z,0.0,-75.875,136.125,NaN,NaN
2016-09-30T12:00:00Z,0.0,-75.875,140.125,NaN,NaN
2016-09-30T12:00:00Z,0.0,-75.875,144.125,NaN,NaN
2016-09-30T12:00:00Z,0.0,-75.875,148.125,NaN,NaN
2016-09-30T12:00:00Z,0.0,-75.875,152.125,NaN,NaN
2016-09-30T12:00:00Z,0.0,-75.875,156.125,NaN,NaN
2016-09-30T12:00:00Z,0.0,-75.875,160.125,NaN,NaN
2016-09-30T12:00:00Z,0.0,-75.875,164.125,-1.8,-0.51
2016-09-30T12:00:00Z,0.0,-75.875,168.125,-1.78,-0.05
2016-09-30T12:00:00Z,0.0,-75.875,172.125,-1.75,-0.1
2016-09-30T12:00:00Z,0.0,-75.875,176.125,-1.66,-0.15
2016-09-30T12:00:00Z,0.0,-75.875,180.125,-1.71,-0.11
2016-09-30T12:00:00Z,0.0,-75.875,184.125,-1.8,-0.14
2016-09-30T12:00:00Z,0.0,-75.875,188.125,-1.8,-0.05
2016-09-30T12:00:00Z,0.0,-75.875,192.125,-1.8,-0.01
2016-09-30T12:00:00Z,0.0,-75.875,196.125,-1.8,-0.01
2016-09-30T12:00:00Z,0.0,-75.875,200.125,-1.8,-0.03
2016-09-30T12:00:00Z,0.0,-75.875,204.125,-1.79,-0.01
2016-09-30T12:00:00Z,0.0,-75.875,208.125,-1.72,0.04
2016-09-30T12:00:00Z,0.0,-75.875,212.125,-1.63,0.1
2016-09-30T12:00:00Z,0.0,-75.875,216.125,NaN,NaN
2016-09-30T12:00:00Z,0.0,-75.875,220.125,NaN,NaN
2016-09-30T12:00:00Z,0.0,-75.875,224.125,NaN,NaN
2016-09-30T12:00:00Z,0.0,-75.875,228.125,NaN,NaN
2016-09-30T12:00:00Z,0.0,-75.875,232.125,NaN,NaN
2016-09-30T12:00:00Z,0.0,-75.875,236.125,NaN,NaN
2016-09-30T12:00:00Z,0.0,-75.875,240.125,NaN,NaN
2016-09-30T12:00:00Z,0.0,-75.875,244.125,NaN,NaN
2016-09-30T12:00:00Z,0.0,-75.875,248.125,NaN,NaN
2016-09-30T12:00:00Z,0.0,-75.875,252.125,NaN,NaN
2016-09-30T12:00:00Z,0.0,-75.875,256.125,NaN,NaN
2016-09-30T12:00:00Z,0.0,-75.875,260.125,NaN,NaN
2016-09-30T12:00:00Z,0.0,-75.875,264.125,NaN,NaN
2016-09-30T12:00:00Z,0.0,-75.875,268.125,NaN,NaN
2016-09-30T12:00:00Z,0.0,-75.875,272.125,NaN,NaN
2016-09-30T12:00:00Z,0.0,-75.875,276.125,NaN,NaN
2016-09-30T12:00:00Z,0.0,-75.875,280.125,NaN,NaN
2016-09-30T12:00:00Z,0.0,-75.875,284.125,NaN,NaN
2016-09-30T12:00:00Z,0.0,-75.875,288.125,NaN,NaN
2016-09-30T12:00:00Z,0.0,-75.875,292.125,NaN,NaN
2016-09-30T12:00:00Z,0.0,-75.875,296.125,-1.57,-0.16
2016-09-30T12:00:00Z,0.0,-75.875,300.125,-1.75,-0.42
2016-09-30T12:00:00Z,0.0,-75.875,304.125,-1.78,-0.22
2016-09-30T12:00:00Z,0.0,-75.875,308.125,-1.8,-0.16
2016-09-30T12:00:00Z,0.0,-75.875,312.125,-1.8,-0.08
2016-09-30T12:00:00Z,0.0,-75.875,316.125,-1.8,-0.09
2016-09-30T12:00:00Z,0.0,-75.875,320.125,-1.8,-0.05
2016-09-30T12:00:00Z,0.0,-75.875,324.125,-1.8,-0.01
2016-09-30T12:00:00Z,0.0,-75.875,328.125,-1.8,-0.03
2016-09-30T12:00:00Z,0.0,-75.875,332.125,-1.7,-0.17
2016-09-30T12:00:00Z,0.0,-75.875,336.125,-1.68,-0.3
2016-09-30T12:00:00Z,0.0,-75.875,340.125,NaN,NaN
2016-09-30T12:00:00Z,0.0,-75.875,344.125,NaN,NaN
2016-09-30T12:00:00Z,0.0,-75.875,348.125,NaN,NaN
2016-09-30T12:00:00Z,0.0,-75.875,352.125,NaN,NaN
2016-09-30T12:00:00Z,0.0,-75.875,356.125,NaN,NaN
2016-09-30T12:00:00Z,0.0,-71.875,0.125,NaN,NaN
2016-09-30T12:00:00Z,0.0,-71.875,4.125,NaN,NaN
2016-09-30T12:00:00Z,0.0,-71.875,8.125,NaN,NaN
2016-09-30T12:00:00Z,0.0,-71.875,12.125,NaN,NaN
2016-09-30T12:00:00Z,0.0,-71.875,16.125,NaN,NaN
2016-09-30T12:00:00Z,0.0,-71.875,20.125,NaN,NaN
2016-09-30T12:00:00Z,0.0,-71.875,24.125,NaN,NaN
2016-09-30T12:00:00Z,0.0,-71.875,28.125,NaN,NaN
2016-09-30T12:00:00Z,0.0,-71.875,32.125,NaN,NaN
2016-09-30T12:00:00Z,0.0,-71.875,36.125,NaN,NaN
2016-09-30T12:00:00Z,0.0,-71.875,40.125,NaN,NaN
2016-09-30T12:00:00Z,0.0,-71.875,44.125,NaN,NaN
2016-09-30T12:00:00Z,0.0,-71.875,48.125,NaN,NaN
2016-09-30T12:00:00Z,0.0,-71.875,52.125,NaN,NaN
2016-09-30T12:00:00Z,0.0,-71.875,56.125,NaN,NaN
2016-09-30T12:00:00Z,0.0,-71.875,60.125,NaN,NaN
2016-09-30T12:00:00Z,0.0,-71.875,64.125,NaN,NaN
2016-09-30T12:00:00Z,0.0,-71.875,68.125,-1.52,0.0
2016-09-30T12:00:00Z,0.0,-71.875,72.125,NaN,NaN
2016-09-30T12:00:00Z,0.0,-71.875,76.125,NaN,NaN
2016-09-30T12:00:00Z,0.0,-71.875,80.125,NaN,NaN
2016-09-30T12:00:00Z,0.0,-71.875,84.125,NaN,NaN
2016-09-30T12:00:00Z,0.0,-71.875,88.125,NaN,NaN
2016-09-30T12:00:00Z,0.0,-71.875,92.125,NaN,NaN
2016-09-30T12:00:00Z,0.0,-71.875,96.125,NaN,NaN
2016-09-30T12:00:00Z,0.0,-71.875,100.125,NaN,NaN
2016-09-30T12:00:00Z,0.0,-71.875,104.125,NaN,NaN
2016-09-30T12:00:00Z,0.0,-71.875,108.125,NaN,NaN
2016-09-30T12:00:00Z,0.0,-71.875,112.125,NaN,NaN
2016-09-30T12:00:00Z,0.0,-71.875,116.125,NaN,NaN
2016-09-30T12:00:00Z,0.0,-71.875,120.125,NaN,NaN
2016-09-30T12:00:00Z,0.0,-71.875,124.125,NaN,NaN
2016-09-30T12:00:00Z,0.0,-71.875,128.125,NaN,NaN
2016-09-30T12:00:00Z,0.0,-71.875,132.125,NaN,NaN
2016-09-30T12:00:00Z,0.0,-71.875,136.125,NaN,NaN
2016-09-30T12:00:00Z,0.0,-71.875,140.125,NaN,NaN
2016-09-30T12:00:00Z,0.0,-71.875,144.125,NaN,NaN
2016-09-30T12:00:00Z,0.0,-71.875,148.125,NaN,NaN
2016-09-30T12:00:00Z,0.0,-71.875,152.125,NaN,NaN
2016-09-30T12:00:00Z,0.0,-71.875,156.125,NaN,NaN
2016-09-30T12:00:00Z,0.0,-71.875,160.125,NaN,NaN
2016-09-30T12:00:00Z,0.0,-71.875,164.125,NaN,NaN
2016-09-30T12:00:00Z,0.0,-71.875,168.125,NaN,NaN
2016-09-30T12:00:00Z,0.0,-71.875,172.125,-1.8,-0.12
2016-09-30T12:00:00Z,0.0,-71.875,176.125,-1.8,-0.04
2016-09-30T12:00:00Z,0.0,-71.875,180.125,-1.8,-0.01
2016-09-30T12:00:00Z,0.0,-71.875,184.125,-1.79,0.0
2016-09-30T12:00:00Z,0.0,-71.875,188.125,-1.8,-0.01
2016-09-30T12:00:00Z,0.0,-71.875,192.125,-1.8,-0.01
2016-09-30T12:00:00Z,0.0,-71.875,196.125,-1.8,-0.01
2016-09-30T12:00:00Z,0.0,-71.875,200.125,-1.8,0.0
2016-09-30T12:00:00Z,0.0,-71.875,204.125,-1.77,0.03
2016-09-30T12:00:00Z,0.0,-71.875,208.125,-1.8,0.0
2016-09-30T12:00:00Z,0.0,-71.875,212.125,-1.73,0.07
2016-09-30T12:00:00Z,0.0,-71.875,216.125,-1.75,0.04
2016-09-30T12:00:00Z,0.0,-71.875,220.125,-1.77,0.02
2016-09-30T12:00:00Z,0.0,-71.875,224.125,-1.77,0.03
2016-09-30T12:00:00Z,0.0,-71.875,228.125,-1.79,0.0
2016-09-30T12:00:00Z,0.0,-71.875,232.125,-1.8,-0.07
2016-09-30T12:00:00Z,0.0,-71.875,236.125,-1.8,-0.04
2016-09-30T12:00:00Z,0.0,-71.875,240.125,-1.8,-0.02
2016-09-30T12:00:00Z,0.0,-71.875,244.125,-1.78,-0.03
2016-09-30T12:00:00Z,0.0,-71.875,248.125,-1.78,-0.14
2016-09-30T12:00:00Z,0.0,-71.875,252.125,-1.76,-0.05
2016-09-30T12:00:00Z,0.0,-71.875,256.125,-1.73,0.0
2016-09-30T12:00:00Z,0.0,-71.875,260.125,-1.7,-0.03
2016-09-30T12:00:00Z,0.0,-71.875,264.125,-1.76,-0.12
2016-09-30T12:00:00Z,0.0,-71.875,268.125,-1.79,-0.1
2016-09-30T12:00:00Z,0.0,-71.875,272.125,-1.78,-0.02
2016-09-30T12:00:00Z,0.0,-71.875,276.125,-1.79,0.0
2016-09-30T12:00:00Z,0.0,-71.875,280.125,-1.75,-0.04
2016-09-30T12:00:00Z,0.0,-71.875,284.125,-1.73,-0.09
2016-09-30T12:00:00Z,0.0,-71.875,288.125,-1.62,-0.13
2016-09-30T12:00:00Z,0.0,-71.875,292.125,-1.4,-0.04
2016-09-30T12:00:00Z,0.0,-71.875,296.125,NaN,NaN
2016-09-30T12:00:00Z,0.0,-71.875,300.125,-1.76,-0.16
2016-09-30T12:00:00Z,0.0,-71.875,304.125,-1.8,0.0
2016-09-30T12:00:00Z,0.0,-71.875,308.125,-1.8,0.0
2016-09-30T12:00:00Z,0.0,-71.875,312.125,-1.8,0.0
2016-09-30T12:00:00Z,0.0,-71.875,316.125,-1.8,0.0
2016-09-30T12:00:00Z,0.0,-71.875,320.125,-1.8,0.0
2016-09-30T12:00:00Z,0.0,-71.875,324.125,-1.8,0.0
2016-09-30T12:00:00Z,0.0,-71.875,328.125,-1.8,0.0
2016-09-30T12:00:00Z,0.0,-71.875,332.125,-1.8,0.0
2016-09-30T12:00:00Z,0.0,-71.875,336.125,-1.8,-0.04
2016-09-30T12:00:00Z,0.0,-71.875,340.125,-1.8,-0.11
2016-09-30T12:00:00Z,0.0,-71.875,344.125,-1.8,-0.17
2016-09-30T12:00:00Z,0.0,-71.875,348.125,-1.65,-0.35
2016-09-30T12:00:00Z,0.0,-71.875,352.125,NaN,NaN
2016-09-30T12:00:00Z,0.0,-71.875,356.125,NaN,NaN
2016-09-30T12:00:00Z,0.0,-67.875,0.125,-1.8,-0.03
2016-09-30T12:00:00Z,0.0,-67.875,4.125,-1.8,-0.04
2016-09-30T12:00:00Z,0.0,-67.875,8.125,-1.8,-0.05
2016-09-30T12:00:00Z,0.0,-67.875,12.125,-1.8,-0.07
2016-09-30T12:00:00Z,0.0,-67.875,16.125,-1.8,-0.03
2016-09-30T12:00:00Z,0.0,-67.875,20.125,-1.8,-0.04
2016-09-30T12:00:00Z,0.0,-67.875,24.125,-1.8,-0.02
2016-09-30T12:00:00Z,0.0,-67.875,28.125,-1.8,-0.06
2016-09-30T12:00:00Z,0.0,-67.875,32.125,-1.8,-0.07
2016-09-30T12:00:00Z,0.0,-67.875,36.125,-1.8,-0.05
2016-09-30T12:00:00Z,0.0,-67.875,40.125,-1.8,-0.04
2016-09-30T12:00:00Z,0.0,-67.875,44.125,-1.75,0.0
2016-09-30T12:00:00Z,0.0,-67.875,48.125,NaN,NaN
2016-09-30T12:00:00Z,0.0,-67.875,52.125,NaN,NaN
2016-09-30T12:00:00Z,0.0,-67.875,56.125,NaN,NaN
2016-09-30T12:00:00Z,0.0,-67.875,60.125,NaN,NaN
2016-09-30T12:00:00Z,0.0,-67.875,64.125,NaN,NaN
2016-09-30T12:00:00Z,0.0,-67.875,68.125,NaN,NaN
2016-09-30T12:00:00Z,0.0,-67.875,72.125,-1.73,-0.03
2016-09-30T12:00:00Z,0.0,-67.875,76.125,-1.71,-0.06
2016-09-30T12:00:00Z,0.0,-67.875,80.125,-1.67,-0.17
2016-09-30T12:00:00Z,0.0,-67.875,84.125,NaN,NaN
2016-09-30T12:00:00Z,0.0,-67.875,88.125,NaN,NaN
2016-09-30T12:00:00Z,0.0,-67.875,92.125,NaN,NaN
2016-09-30T12:00:00Z,0.0,-67.875,96.125,NaN,NaN
2016-09-30T12:00:00Z,0.0,-67.875,100.125,NaN,NaN
2016-09-30T12:00:00Z,0.0,-67.875,104.125,NaN,NaN
2016-09-30T12:00:00Z,0.0,-67.875,108.125,NaN,NaN
2016-09-30T12:00:00Z,0.0,-67.875,112.125,NaN,NaN
2016-09-30T12:00:00Z,0.0,-67.875,116.125,NaN,NaN
2016-09-30T12:00:00Z,0.0,-67.875,120.125,NaN,NaN
2016-09-30T12:00:00Z,0.0,-67.875,124.125,NaN,NaN
2016-09-30T12:00:00Z,0.0,-67.875,128.125,NaN,NaN
2016-09-30T12:00:00Z,0.0,-67.875,132.125,NaN,NaN
2016-09-30T12:00:00Z,0.0,-67.875,136.125,NaN,NaN
2016-09-30T12:00:00Z,0.0,-67.875,140.125,NaN,NaN
2016-09-30T12:00:00Z,0.0,-67.875,144.125,NaN,NaN
2016-09-30T12:00:00Z,0.0,-67.875,148.125,-1.79,-0.25
2016-09-30T12:00:00Z,0.0,-67.875,152.125,-1.75,-0.01
2016-09-30T12:00:00Z,0.0,-67.875,156.125,-1.8,-0.03
2016-09-30T12:00:00Z,0.0,-67.875,160.125,-1.8,-0.03
2016-09-30T12:00:00Z,0.0,-67.875,164.125,-1.8,-0.06
2016-09-30T12:00:00Z,0.0,-67.875,168.125,-1.78,0.0
2016-09-30T12:00:00Z,0.0,-67.875,172.125,-1.76,0.03
2016-09-30T12:00:00Z,0.0,-67.875,176.125,-1.77,0.02
2016-09-30T12:00:00Z,0.0,-67.875,180.125,-1.76,0.0
2016-09-30T12:00:00Z,0.0,-67.875,184.125,-1.78,-0.04
2016-09-30T12:00:00Z,0.0,-67.875,188.125,-1.75,0.0
2016-09-30T12:00:00Z,0.0,-67.875,192.125,-1.78,-0.02
2016-09-30T12:00:00Z,0.0,-67.875,196.125,-1.77,-0.01
2016-09-30T12:00:00Z,0.0,-67.875,200.125,-1.77,0.0
2016-09-30T12:00:00Z,0.0,-67.875,204.125,-1.78,-0.01
2016-09-30T12:00:00Z,0.0,-67.875,208.125,-1.77,-0.01
2016-09-30T12:00:00Z,0.0,-67.875,212.125,-1.77,0.0
2016-09-30T12:00:00Z,0.0,-67.875,216.125,-1.77,0.0
2016-09-30T12:00:00Z,0.0,-67.875,220.125,-1.8,-0.04
2016-09-30T12:00:00Z,0.0,-67.875,224.125,-1.79,-0.05
2016-09-30T12:00:00Z,0.0,-67.875,228.125,-1.78,-0.07
2016-09-30T12:00:00Z,0.0,-67.875,232.125,-1.8,-0.12
2016-09-30T12:00:00Z,0.0,-67.875,236.125,-1.8,-0.16
2016-09-30T12:00:00Z,0.0,-67.875,240.125,-1.8,-0.22
2016-09-30T12:00:00Z,0.0,-67.875,244.125,-1.8,-0.27
2016-09-30T12:00:00Z,0.0,-67.875,248.125,-1.8,-0.29
2016-09-30T12:00:00Z,0.0,-67.875,252.125,-1.8,-0.32
2016-09-30T12:00:00Z,0.0,-67.875,256.125,-1.72,-0.37
2016-09-30T12:00:00Z,0.0,-67.875,260.125,-1.74,-0.39
2016-09-30T12:00:00Z,0.0,-67.875,264.125,-1.75,-0.34
2016-09-30T12:00:00Z,0.0,-67.875,268.125,-1.76,-0.3
2016-09-30T12:00:00Z,0.0,-67.875,272.125,-1.76,-0.25
2016-09-30T12:00:00Z,0.0,-67.875,276.125,-1.66,-0.12
2016-09-30T12:00:00Z,0.0,-67.875,280.125,-1.44,0.15
2016-09-30T12:00:00Z,0.0,-67.875,284.125,-1.46,0.18
2016-09-30T12:00:00Z,0.0,-67.875,288.125,-1.75,-0.09
2016-09-30T12:00:00Z,0.0,-67.875,292.125,-1.73,-0.1
2016-09-30T12:00:00Z,0.0,-67.875,296.125,-1.55,0.02
2016-09-30T12:00:00Z,0.0,-67.875,300.125,-1.72,-0.06
2016-09-30T12:00:00Z,0.0,-67.875,304.125,-1.8,-0.01
2016-09-30T12:00:00Z,0.0,-67.875,308.125,-1.8,-0.01
2016-09-30T12:00:00Z,0.0,-67.875,312.125,-1.8,-0.01
2016-09-30T12:00:00Z,0.0,-67.875,316.125,-1.77,0.02
2016-09-30T12:00:00Z,0.0,-67.875,320.125,-1.76,0.04
2016-09-30T12:00:00Z,0.0,-67.875,324.125,-1.74,0.06
2016-09-30T12:00:00Z,0.0,-67.875,328.125,-1.71,0.09
2016-09-30T12:00:00Z,0.0,-67.875,332.125,-1.73,0.07
2016-09-30T12:00:00Z,0.0,-67.875,336.125,-1.77,0.03
2016-09-30T12:00:00Z,0.0,-67.875,340.125,-1.8,0.0
2016-09-30T12:00:00Z,0.0,-67.875,344.125,-1.8,0.0
2016-09-30T12:00:00Z,0.0,-67.875,348.125,-1.8,0.0
2016-09-30T12:00:00Z,0.0,-67.875,352.125,-1.8,-0.01
2016-09-30T12:00:00Z,0.0,-67.875,356.125,-1.8,-0.02
2016-09-30T12:00:00Z,0.0,-63.875,0.125,-1.8,-0.02
2016-09-30T12:00:00Z,0.0,-63.875,4.125,-1.8,-0.03
2016-09-30T12:00:00Z,0.0,-63.875,8.125,-1.8,-0.02
2016-09-30T12:00:00Z,0.0,-63.875,12.125,-1.8,-0.01
2016-09-30T12:00:00Z,0.0,-63.875,16.125,-1.8,-0.01
2016-09-30T12:00:00Z,0.0,-63.875,20.125,-1.8,0.0
2016-09-30T12:00:00Z,0.0,-63.875,24.125,-1.8,0.0
2016-09-30T12:00:00Z,0.0,-63.875,28.125,-1.8,0.0
2016-09-30T12:00:00Z,0.0,-63.875,32.125,-1.8,-0.01
2016-09-30T12:00:00Z,0.0,-63.875,36.125,-1.8,-0.01
2016-09-30T12:00:00Z,0.0,-63.875,40.125,-1.8,-0.02
2016-09-30T12:00:00Z,0.0,-63.875,44.125,-1.8,-0.04
2016-09-30T12:00:00Z,0.0,-63.875,48.125,-1.8,-0.05
2016-09-30T12:00:00Z,0.0,-63.875,52.125,-1.79,-0.07
2016-09-30T12:00:00Z,0.0,-63.875,56.125,-1.8,-0.06
2016-09-30T12:00:00Z,0.0,-63.875,60.125,-1.79,-0.04
2016-09-30T12:00:00Z,0.0,-63.875,64.125,-1.8,-0.05
2016-09-30T12:00:00Z,0.0,-63.875,68.125,-1.78,-0.03
2016-09-30T12:00:00Z,0.0,-63.875,72.125,-1.73,-0.01
2016-09-30T12:00:00Z,0.0,-63.875,76.125,-1.79,-0.14
2016-09-30T12:00:00Z,0.0,-63.875,80.125,-1.8,-0.16
2016-09-30T12:00:00Z,0.0,-63.875,84.125,-1.8,-0.1
2016-09-30T12:00:00Z,0.0,-63.875,88.125,-1.8,-0.06
2016-09-30T12:00:00Z,0.0,-63.875,92.125,-1.8,-0.08
2016-09-30T12:00:00Z,0.0,-63.875,96.125,-1.8,-0.14
2016-09-30T12:00:00Z,0.0,-63.875,100.125,-1.8,-0.08
2016-09-30T12:00:00Z,0.0,-63.875,104.125,-1.8,-0.11
2016-09-30T12:00:00Z,0.0,-63.875,108.125,-1.8,-0.17
2016-09-30T12:00:00Z,0.0,-63.875,112.125,-1.8,-0.26
2016-09-30T12:00:00Z,0.0,-63.875,116.125,-1.8,-0.26
2016-09-30T12:00:00Z,0.0,-63.875,120.125,-1.8,-0.35
2016-09-30T12:00:00Z,0.0,-63.875,124.125,-1.8,-0.43
2016-09-30T12:00:00Z,0.0,-63.875,128.125,-1.77,-0.45
2016-09-30T12:00:00Z,0.0,-63.875,132.125,-1.6,-0.3
2016-09-30T12:00:00Z,0.0,-63.875,136.125,-1.73,-0.37
2016-09-30T12:00:00Z,0.0,-63.875,140.125,-1.66,-0.34
2016-09-30T12:00:00Z,0.0,-63.875,144.125,-1.58,-0.36
2016-09-30T12:00:00Z,0.0,-63.875,148.125,-1.44,-0.22
2016-09-30T12:00:00Z,0.0,-63.875,152.125,-1.39,-0.11
2016-09-30T12:00:00Z,0.0,-63.875,156.125,-1.15,0.07
2016-09-30T12:00:00Z,0.0,-63.875,160.125,-1.37,-0.14
2016-09-30T12:00:00Z,0.0,-63.875,164.125,-1.53,-0.34
2016-09-30T12:00:00Z,0.0,-63.875,168.125,-1.59,-0.55
2016-09-30T12:00:00Z,0.0,-63.875,172.125,-1.55,-0.73
2016-09-30T12:00:00Z,0.0,-63.875,176.125,-1.64,-1.09
2016-09-30T12:00:00Z,0.0,-63.875,180.125,-1.57,-1.3
2016-09-30T12:00:00Z,0.0,-63.875,184.125,-1.46,-1.08
2016-09-30T12:00:00Z,0.0,-63.875,188.125,-1.48,-0.86
2016-09-30T12:00:00Z,0.0,-63.875,192.125,-1.6,-0.71
2016-09-30T12:00:00Z,0.0,-63.875,196.125,-1.64,-0.55
2016-09-30T12:00:00Z,0.0,-63.875,200.125,-1.69,-0.49
2016-09-30T12:00:00Z,0.0,-63.875,204.125,-1.76,-0.51
2016-09-30T12:00:00Z,0.0,-63.875,208.125,-1.8,-0.45
2016-09-30T12:00:00Z,0.0,-63.875,212.125,-1.8,-0.34
2016-09-30T12:00:00Z,0.0,-63.875,216.125,-1.8,-0.29
2016-09-30T12:00:00Z,0.0,-63.875,220.125,-1.77,-0.42
2016-09-30T12:00:00Z,0.0,-63.875,224.125,-1.74,-0.63
2016-09-30T12:00:00Z,0.0,-63.875,228.125,-1.53,-0.72
2016-09-30T12:00:00Z,0.0,-63.875,232.125,-1.56,-1.1
2016-09-30T12:00:00Z,0.0,-63.875,236.125,-0.08,0.01
2016-09-30T12:00:00Z,0.0,-63.875,240.125,-0.4,-0.52
2016-09-30T12:00:00Z,0.0,-63.875,244.125,0.54,0.14
2016-09-30T12:00:00Z,0.0,-63.875,248.125,0.63,0.03
2016-09-30T12:00:00Z,0.0,-63.875,252.125,0.2,-0.18
2016-09-30T12:00:00Z,0.0,-63.875,256.125,0.68,0.35
2016-09-30T12:00:00Z,0.0,-63.875,260.125,1.04,0.66
2016-09-30T12:00:00Z,0.0,-63.875,264.125,0.42,0.09
2016-09-30T12:00:00Z,0.0,-63.875,268.125,0.32,0.18
2016-09-30T12:00:00Z,0.0,-63.875,272.125,0.65,0.38
2016-09-30T12:00:00Z,0.0,-63.875,276.125,0.68,0.49
2016-09-30T12:00:00Z,0.0,-63.875,280.125,-0.13,-0.08
2016-09-30T12:00:00Z,0.0,-63.875,284.125,-1.45,-1.24
2016-09-30T12:00:00Z,0.0,-63.875,288.125,-1.37,-0.71
2016-09-30T12:00:00Z,0.0,-63.875,292.125,-1.46,-0.44
2016-09-30T12:00:00Z,0.0,-63.875,296.125,-1.48,-0.52
2016-09-30T12:00:00Z,0.0,-63.875,300.125,-1.73,-0.71
2016-09-30T12:00:00Z,0.0,-63.875,304.125,-1.29,0.04
2016-09-30T12:00:00Z,0.0,-63.875,308.125,-1.43,0.08
2016-09-30T12:00:00Z,0.0,-63.875,312.125,-1.8,-0.13
2016-09-30T12:00:00Z,0.0,-63.875,316.125,-1.73,-0.01
2016-09-30T12:00:00Z,0.0,-63.875,320.125,-1.73,0.03
2016-09-30T12:00:00Z,0.0,-63.875,324.125,-1.66,0.1
2016-09-30T12:00:00Z,0.0,-63.875,328.125,-1.75,0.02
2016-09-30T12:00:00Z,0.0,-63.875,332.125,-1.72,0.05
2016-09-30T12:00:00Z,0.0,-63.875,336.125,-1.75,0.03
2016-09-30T12:00:00Z,0.0,-63.875,340.125,-1.76,0.02
2016-09-30T12:00:00Z,0.0,-63.875,344.125,-1.78,0.01
2016-09-30T12:00:00Z,0.0,-63.875,348.125,-1.79,0.01
2016-09-30T12:00:00Z,0.0,-63.875,352.125,-1.8,0.0
2016-09-30T12:00:00Z,0.0,-63.875,356.125,-1.75,0.05
2016-09-30T12:00:00Z,0.0,-59.875,0.125,-1.8,-0.07
2016-09-30T12:00:00Z,0.0,-59.875,4.125,-1.8,-0.04
2016-09-30T12:00:00Z,0.0,-59.875,8.125,-1.8,-0.03
2016-09-30T12:00:00Z,0.0,-59.875,12.125,-1.8,-0.02
2016-09-30T12:00:00Z,0.0,-59.875,16.125,-1.8,-0.03
2016-09-30T12:00:00Z,0.0,-59.875,20.125,-1.79,-0.12
2016-09-30T12:00:00Z,0.0,-59.875,24.125,-1.72,-0.4
2016-09-30T12:00:00Z,0.0,-59.875,28.125,-1.72,-0.65
2016-09-30T12:00:00Z,0.0,-59.875,32.125,-1.59,-0.5
2016-09-30T12:00:00Z,0.0,-59.875,36.125,-1.51,-0.49
2016-09-30T12:00:00Z,0.0,-59.875,40.125,-1.5,-0.46
2016-09-30T12:00:00Z,0.0,-59.875,44.125,-1.6,-0.54
2016-09-30T12:00:00Z,0.0,-59.875,48.125,-1.47,-0.43
2016-09-30T12:00:00Z,0.0,-59.875,52.125,-1.45,-0.31
2016-09-30T12:00:00Z,0.0,-59.875,56.125,-1.35,-0.17
2016-09-30T12:00:00Z,0.0,-59.875,60.125,-1.45,-0.3
2016-09-30T12:00:00Z,0.0,-59.875,64.125,-1.43,-0.35
2016-09-30T12:00:00Z,0.0,-59.875,68.125,-1.47,-0.36
2016-09-30T12:00:00Z,0.0,-59.875,72.125,-1.59,-0.29
2016-09-30T12:00:00Z,0.0,-59.875,76.125,-1.75,-0.32
2016-09-30T12:00:00Z,0.0,-59.875,80.125,-1.7,-0.36
2016-09-30T12:00:00Z,0.0,-59.875,84.125,-1.66,-0.58
2016-09-30T12:00:00Z,0.0,-59.875,88.125,-1.38,-0.61
2016-09-30T12:00:00Z,0.0,-59.875,92.125,-1.55,-0.7
2016-09-30T12:00:00Z,0.0,-59.875,96.125,-1.53,-0.65
2016-09-30T12:00:00Z,0.0,-59.875,100.125,-1.62,-0.72
2016-09-30T12:00:00Z,0.0,-59.875,104.125,-1.73,-0.92
2016-09-30T12:00:00Z,0.0,-59.875,108.125,-1.71,-0.98
2016-09-30T12:00:00Z,0.0,-59.875,112.125,-1.55,-0.96
2016-09-30T12:00:00Z,0.0,-59.875,116.125,-1.27,-0.85
2016-09-30T12:00:00Z,0.0,-59.875,120.125,-1.21,-0.85
2016-09-30T12:00:00Z,0.0,-59.875,124.125,0.25,0.43
2016-09-30T12:00:00Z,0.0,-59.875,128.125,0.88,0.85
2016-09-30T12:00:00Z,0.0,-59.875,132.125,0.69,0.58
2016-09-30T12:00:00Z,0.0,-59.875,136.125,0.32,0.27
2016-09-30T12:00:00Z,0.0,-59.875,140.125,0.35,0.19
2016-09-30T12:00:00Z,0.0,-59.875,144.125,0.64,0.64
2016-09-30T12:00:00Z,0.0,-59.875,148.125,0.05,0.59
2016-09-30T12:00:00Z,0.0,-59.875,152.125,-0.51,-0.02
2016-09-30T12:00:00Z,0.0,-59.875,156.125,0.26,0.21
2016-09-30T12:00:00Z,0.0,-59.875,160.125,0.02,-0.43
2016-09-30T12:00:00Z,0.0,-59.875,164.125,2.67,1.33
2016-09-30T12:00:00Z,0.0,-59.875,168.125,2.85,0.28
2016-09-30T12:00:00Z,0.0,-59.875,172.125,3.41,0.09
2016-09-30T12:00:00Z,0.0,-59.875,176.125,1.03,-1.87
2016-09-30T12:00:00Z,0.0,-59.875,180.125,2.16,-0.32
2016-09-30T12:00:00Z,0.0,-59.875,184.125,1.9,-0.24
2016-09-30T12:00:00Z,0.0,-59.875,188.125,1.62,-0.28
2016-09-30T12:00:00Z,0.0,-59.875,192.125,1.27,-0.27
2016-09-30T12:00:00Z,0.0,-59.875,196.125,1.45,0.28
2016-09-30T12:00:00Z,0.0,-59.875,200.125,0.39,-0.27
2016-09-30T12:00:00Z,0.0,-59.875,204.125,-0.54,-0.61
2016-09-30T12:00:00Z,0.0,-59.875,208.125,-1.39,-0.83
2016-09-30T12:00:00Z,0.0,-59.875,212.125,-1.48,-0.58
2016-09-30T12:00:00Z,0.0,-59.875,216.125,-1.5,-0.68
2016-09-30T12:00:00Z,0.0,-59.875,220.125,-1.62,-1.38
2016-09-30T12:00:00Z,0.0,-59.875,224.125,-0.81,-0.96
2016-09-30T12:00:00Z,0.0,-59.875,228.125,0.43,-0.24
2016-09-30T12:00:00Z,0.0,-59.875,232.125,0.45,-0.84
2016-09-30T12:00:00Z,0.0,-59.875,236.125,2.93,1.09
2016-09-30T12:00:00Z,0.0,-59.875,240.125,3.37,1.37
2016-09-30T12:00:00Z,0.0,-59.875,244.125,2.78,0.47
2016-09-30T12:00:00Z,0.0,-59.875,248.125,3.02,0.47
2016-09-30T12:00:00Z,0.0,-59.875,252.125,1.85,-0.81
2016-09-30T12:00:00Z,0.0,-59.875,256.125,3.6,0.63
2016-09-30T12:00:00Z,0.0,-59.875,260.125,2.9,-0.33
2016-09-30T12:00:00Z,0.0,-59.875,264.125,3.83,0.67
2016-09-30T12:00:00Z,0.0,-59.875,268.125,3.39,0.3
2016-09-30T12:00:00Z,0.0,-59.875,272.125,3.2,-0.15
2016-09-30T12:00:00Z,0.0,-59.875,276.125,3.05,-0.56
2016-09-30T12:00:00Z,0.0,-59.875,280.125,3.44,-0.33
2016-09-30T12:00:00Z,0.0,-59.875,284.125,3.7,0.1
2016-09-30T12:00:00Z,0.0,-59.875,288.125,1.96,-1.0
2016-09-30T12:00:00Z,0.0,-59.875,292.125,0.36,-1.49
2016-09-30T12:00:00Z,0.0,-59.875,296.125,-0.99,-1.2
2016-09-30T12:00:00Z,0.0,-59.875,300.125,-1.14,-0.74
2016-09-30T12:00:00Z,0.0,-59.875,304.125,-1.47,-0.92
2016-09-30T12:00:00Z,0.0,-59.875,308.125,-1.23,-0.64
2016-09-30T12:00:00Z,0.0,-59.875,312.125,-1.48,-0.69
2016-09-30T12:00:00Z,0.0,-59.875,316.125,-1.44,-0.52
2016-09-30T12:00:00Z,0.0,-59.875,320.125,-1.5,-0.32
2016-09-30T12:00:00Z,0.0,-59.875,324.125,-1.63,-0.32
2016-09-30T12:00:00Z,0.0,-59.875,328.125,-1.58,-0.13
2016-09-30T12:00:00Z,0.0,-59.875,332.125,-1.73,-0.13
2016-09-30T12:00:00Z,0.0,-59.875,336.125,-1.78,-0.34
2016-09-30T12:00:00Z,0.0,-59.875,340.125,-1.72,-0.28
2016-09-30T12:00:00Z,0.0,-59.875,344.125,-1.71,-0.12
2016-09-30T12:00:00Z,0.0,-59.875,348.125,-1.74,-0.07
2016-09-30T12:00:00Z,0.0,-59.875,352.125,-1.77,-0.07
2016-09-30T12:00:00Z,0.0,-59.875,356.125,-1.8,-0.09
2016-09-30T12:00:00Z,0.0,-55.875,0.125,-1.7,-0.7
2016-09-30T12:00:00Z,0.0,-55.875,4.125,-1.66,-0.53
2016-09-30T12:00:00Z,0.0,-55.875,8.125,-1.79,-0.57
2016-09-30T12:00:00Z,0.0,-55.875,12.125,-1.8,-0.52
2016-09-30T12:00:00Z,0.0,-55.875,16.125,-1.79,-0.66
2016-09-30T12:00:00Z,0.0,-55.875,20.125,-1.78,-0.76
2016-09-30T12:00:00Z,0.0,-55.875,24.125,-1.45,-0.74
2016-09-30T12:00:00Z,0.0,-55.875,28.125,-0.13,-0.03
2016-09-30T12:00:00Z,0.0,-55.875,32.125,-0.35,-0.43
2016-09-30T12:00:00Z,0.0,-55.875,36.125,-0.08,-0.34
2016-09-30T12:00:00Z,0.0,-55.875,40.125,0.47,0.44
2016-09-30T12:00:00Z,0.0,-55.875,44.125,-0.53,-0.23
2016-09-30T12:00:00Z,0.0,-55.875,48.125,0.07,0.18
2016-09-30T12:00:00Z,0.0,-55.875,52.125,0.0,-0.13
2016-09-30T12:00:00Z,0.0,-55.875,56.125,0.24,-0.05
2016-09-30T12:00:00Z,0.0,-55.875,60.125,0.94,0.51
2016-09-30T12:00:00Z,0.0,-55.875,64.125,0.96,0.35
2016-09-30T12:00:00Z,0.0,-55.875,68.125,0.62,0.05
2016-09-30T12:00:00Z,0.0,-55.875,72.125,0.58,0.35
2016-09-30T12:00:00Z,0.0,-55.875,76.125,-0.17,0.13
2016-09-30T12:00:00Z,0.0,-55.875,80.125,-0.89,-0.19
2016-09-30T12:00:00Z,0.0,-55.875,84.125,0.4,0.36
2016-09-30T12:00:00Z,0.0,-55.875,88.125,0.59,0.12
2016-09-30T12:00:00Z,0.0,-55.875,92.125,0.43,0.07
2016-09-30T12:00:00Z,0.0,-55.875,96.125,0.32,-0.05
2016-09-30T12:00:00Z,0.0,-55.875,100.125,0.83,0.78
2016-09-30T12:00:00Z,0.0,-55.875,104.125,-0.39,-0.42
2016-09-30T12:00:00Z,0.0,-55.875,108.125,0.54,0.04
2016-09-30T12:00:00Z,0.0,-55.875,112.125,0.5,-0.38
2016-09-30T12:00:00Z,0.0,-55.875,116.125,0.97,-0.35
2016-09-30T12:00:00Z,0.0,-55.875,120.125,0.53,-0.97
2016-09-30T12:00:00Z,0.0,-55.875,124.125,2.79,1.02
2016-09-30T12:00:00Z,0.0,-55.875,128.125,2.7,0.72
2016-09-30T12:00:00Z,0.0,-55.875,132.125,2.71,0.48
2016-09-30T12:00:00Z,0.0,-55.875,136.125,1.97,-0.32
2016-09-30T12:00:00Z,0.0,-55.875,140.125,2.4,0.71
2016-09-30T12:00:00Z,0.0,-55.875,144.125,1.41,0.69
2016-09-30T12:00:00Z,0.0,-55.875,148.125,1.09,-0.16
2016-09-30T12:00:00Z,0.0,-55.875,152.125,3.28,0.74
2016-09-30T12:00:00Z,0.0,-55.875,156.125,4.91,1.74
2016-09-30T12:00:00Z,0.0,-55.875,160.125,2.11,-0.75
2016-09-30T12:00:00Z,0.0,-55.875,164.125,5.77,0.94
2016-09-30T12:00:00Z,0.0,-55.875,168.125,6.14,-0.09
2016-09-30T12:00:00Z,0.0,-55.875,172.125,7.32,1.27
2016-09-30T12:00:00Z,0.0,-55.875,176.125,4.87,-0.57
2016-09-30T12:00:00Z,0.0,-55.875,180.125,6.05,0.47
2016-09-30T12:00:00Z,0.0,-55.875,184.125,5.37,-0.18
2016-09-30T12:00:00Z,0.0,-55.875,188.125,5.22,0.32
2016-09-30T12:00:00Z,0.0,-55.875,192.125,4.42,0.06
2016-09-30T12:00:00Z,0.0,-55.875,196.125,2.77,-1.21
2016-09-30T12:00:00Z,0.0,-55.875,200.125,3.6,-0.08
2016-09-30T12:00:00Z,0.0,-55.875,204.125,2.24,-1.07
2016-09-30T12:00:00Z,0.0,-55.875,208.125,1.72,-0.86
2016-09-30T12:00:00Z,0.0,-55.875,212.125,0.75,-1.17
2016-09-30T12:00:00Z,0.0,-55.875,216.125,1.65,-0.82
2016-09-30T12:00:00Z,0.0,-55.875,220.125,3.81,0.08
2016-09-30T12:00:00Z,0.0,-55.875,224.125,1.54,-2.02
2016-09-30T12:00:00Z,0.0,-55.875,228.125,2.41,-1.42
2016-09-30T12:00:00Z,0.0,-55.875,232.125,3.03,-1.75
2016-09-30T12:00:00Z,0.0,-55.875,236.125,5.25,0.09
2016-09-30T12:00:00Z,0.0,-55.875,240.125,5.41,0.6
2016-09-30T12:00:00Z,0.0,-55.875,244.125,5.03,0.14
2016-09-30T12:00:00Z,0.0,-55.875,248.125,5.53,0.36
2016-09-30T12:00:00Z,0.0,-55.875,252.125,6.01,0.73
2016-09-30T12:00:00Z,0.0,-55.875,256.125,5.47,0.18
2016-09-30T12:00:00Z,0.0,-55.875,260.125,5.64,0.24
2016-09-30T12:00:00Z,0.0,-55.875,264.125,5.36,0.02
2016-09-30T12:00:00Z,0.0,-55.875,268.125,5.53,0.25
2016-09-30T12:00:00Z,0.0,-55.875,272.125,5.39,0.16
2016-09-30T12:00:00Z,0.0,-55.875,276.125,5.45,0.25
2016-09-30T12:00:00Z,0.0,-55.875,280.125,5.47,0.19
2016-09-30T12:00:00Z,0.0,-55.875,284.125,5.7,0.2
2016-09-30T12:00:00Z,0.0,-55.875,288.125,5.92,0.17
2016-09-30T12:00:00Z,0.0,-55.875,292.125,7.02,1.32
2016-09-30T12:00:00Z,0.0,-55.875,296.125,4.41,-0.53
2016-09-30T12:00:00Z,0.0,-55.875,300.125,2.58,-1.68
2016-09-30T12:00:00Z,0.0,-55.875,304.125,4.47,1.12
2016-09-30T12:00:00Z,0.0,-55.875,308.125,3.51,1.14
2016-09-30T12:00:00Z,0.0,-55.875,312.125,1.09,-0.13
2016-09-30T12:00:00Z,0.0,-55.875,316.125,-0.4,-0.79
2016-09-30T12:00:00Z,0.0,-55.875,320.125,-0.8,-0.84
2016-09-30T12:00:00Z,0.0,-55.875,324.125,-0.2,-0.09
2016-09-30T12:00:00Z,0.0,-55.875,328.125,-1.0,-0.5
2016-09-30T12:00:00Z,0.0,-55.875,332.125,-1.48,-0.87
2016-09-30T12:00:00Z,0.0,-55.875,336.125,-1.49,-1.2
2016-09-30T12:00:00Z,0.0,-55.875,340.125,-1.57,-1.31
2016-09-30T12:00:00Z,0.0,-55.875,344.125,-1.66,-1.37
2016-09-30T12:00:00Z,0.0,-55.875,348.125,-1.66,-1.22
2016-09-30T12:00:00Z,0.0,-55.875,352.125,-1.65,-0.95
2016-09-30T12:00:00Z,0.0,-55.875,356.125,-1.72,-0.83
2016-09-30T12:00:00Z,0.0,-51.875,0.125,1.17,0.51
2016-09-30T12:00:00Z,0.0,-51.875,4.125,-0.64,-1.37
2016-09-30T12:00:00Z,0.0,-51.875,8.125,0.52,-0.19
2016-09-30T12:00:00Z,0.0,-51.875,12.125,-0.25,-0.48
2016-09-30T12:00:00Z,0.0,-51.875,16.125,0.32,-0.07
2016-09-30T12:00:00Z,0.0,-51.875,20.125,-0.17,-0.49
2016-09-30T12:00:00Z,0.0,-51.875,24.125,-0.16,-0.37
2016-09-30T12:00:00Z,0.0,-51.875,28.125,-0.1,-0.96
2016-09-30T12:00:00Z,0.0,-51.875,32.125,1.4,0.05
2016-09-30T12:00:00Z,0.0,-51.875,36.125,1.18,-0.28
2016-09-30T12:00:00Z,0.0,-51.875,40.125,1.06,-0.16
2016-09-30T12:00:00Z,0.0,-51.875,44.125,1.17,-0.02
2016-09-30T12:00:00Z,0.0,-51.875,48.125,1.71,0.16
2016-09-30T12:00:00Z,0.0,-51.875,52.125,2.17,0.4
2016-09-30T12:00:00Z,0.0,-51.875,56.125,2.02,0.29
2016-09-30T12:00:00Z,0.0,-51.875,60.125,2.62,0.76
2016-09-30T12:00:00Z,0.0,-51.875,64.125,2.28,0.48
2016-09-30T12:00:00Z,0.0,-51.875,68.125,2.07,0.36
2016-09-30T12:00:00Z,0.0,-51.875,72.125,1.95,0.53
2016-09-30T12:00:00Z,0.0,-51.875,76.125,1.16,0.14
2016-09-30T12:00:00Z,0.0,-51.875,80.125,2.38,1.49
2016-09-30T12:00:00Z,0.0,-51.875,84.125,2.72,0.79
2016-09-30T12:00:00Z,0.0,-51.875,88.125,3.51,0.68
2016-09-30T12:00:00Z,0.0,-51.875,92.125,5.66,2.41
2016-09-30T12:00:00Z,0.0,-51.875,96.125,3.77,1.0
2016-09-30T12:00:00Z,0.0,-51.875,100.125,2.59,0.14
2016-09-30T12:00:00Z,0.0,-51.875,104.125,2.83,0.51
2016-09-30T12:00:00Z,0.0,-51.875,108.125,2.0,0.05
2016-09-30T12:00:00Z,0.0,-51.875,112.125,1.38,-0.36
2016-09-30T12:00:00Z,0.0,-51.875,116.125,1.82,-0.65
2016-09-30T12:00:00Z,0.0,-51.875,120.125,2.88,-0.67
2016-09-30T12:00:00Z,0.0,-51.875,124.125,5.06,0.61
2016-09-30T12:00:00Z,0.0,-51.875,128.125,7.63,2.47
2016-09-30T12:00:00Z,0.0,-51.875,132.125,6.82,1.43
2016-09-30T12:00:00Z,0.0,-51.875,136.125,5.69,0.51
2016-09-30T12:00:00Z,0.0,-51.875,140.125,5.05,0.28
2016-09-30T12:00:00Z,0.0,-51.875,144.125,5.51,0.25
2016-09-30T12:00:00Z,0.0,-51.875,148.125,7.15,0.47
2016-09-30T12:00:00Z,0.0,-51.875,152.125,4.73,-2.12
2016-09-30T12:00:00Z,0.0,-51.875,156.125,6.39,-0.91
2016-09-30T12:00:00Z,0.0,-51.875,160.125,6.82,-0.59
2016-09-30T12:00:00Z,0.0,-51.875,164.125,8.24,0.29
2016-09-30T12:00:00Z,0.0,-51.875,168.125,8.25,0.65
2016-09-30T12:00:00Z,0.0,-51.875,172.125,7.81,0.57
2016-09-30T12:00:00Z,0.0,-51.875,176.125,6.09,-0.61
2016-09-30T12:00:00Z,0.0,-51.875,180.125,7.32,0.74
2016-09-30T12:00:00Z,0.0,-51.875,184.125,7.39,0.01
2016-09-30T12:00:00Z,0.0,-51.875,188.125,7.57,0.03
2016-09-30T12:00:00Z,0.0,-51.875,192.125,6.13,-1.15
2016-09-30T12:00:00Z,0.0,-51.875,196.125,6.55,-0.76
2016-09-30T12:00:00Z,0.0,-51.875,200.125,6.76,-0.63
2016-09-30T12:00:00Z,0.0,-51.875,204.125,6.36,-0.95
2016-09-30T12:00:00Z,0.0,-51.875,208.125,7.57,0.15
2016-09-30T12:00:00Z,0.0,-51.875,212.125,6.44,-0.96
2016-09-30T12:00:00Z,0.0,-51.875,216.125,6.64,-0.68
2016-09-30T12:00:00Z,0.0,-51.875,220.125,6.76,-0.36
2016-09-30T12:00:00Z,0.0,-51.875,224.125,7.04,-0.02
2016-09-30T12:00:00Z,0.0,-51.875,228.125,6.39,-0.73
2016-09-30T12:00:00Z,0.0,-51.875,232.125,6.35,-0.62
2016-09-30T12:00:00Z,0.0,-51.875,236.125,6.53,-0.16
2016-09-30T12:00:00Z,0.0,-51.875,240.125,6.26,0.08
2016-09-30T12:00:00Z,0.0,-51.875,244.125,5.92,-0.17
2016-09-30T12:00:00Z,0.0,-51.875,248.125,6.47,0.02
2016-09-30T12:00:00Z,0.0,-51.875,252.125,6.71,0.33
2016-09-30T12:00:00Z,0.0,-51.875,256.125,6.6,0.29
2016-09-30T12:00:00Z,0.0,-51.875,260.125,6.41,0.21
2016-09-30T12:00:00Z,0.0,-51.875,264.125,6.41,0.34
2016-09-30T12:00:00Z,0.0,-51.875,268.125,6.36,0.38
2016-09-30T12:00:00Z,0.0,-51.875,272.125,6.67,0.78
2016-09-30T12:00:00Z,0.0,-51.875,276.125,6.23,0.26
2016-09-30T12:00:00Z,0.0,-51.875,280.125,6.78,0.25
2016-09-30T12:00:00Z,0.0,-51.875,284.125,8.13,0.6
2016-09-30T12:00:00Z,0.0,-51.875,288.125,NaN,NaN
2016-09-30T12:00:00Z,0.0,-51.875,292.125,6.16,0.38
2016-09-30T12:00:00Z,0.0,-51.875,296.125,6.25,0.08
2016-09-30T12:00:00Z,0.0,-51.875,300.125,5.42,-0.38
2016-09-30T12:00:00Z,0.0,-51.875,304.125,4.86,-0.28
2016-09-30T12:00:00Z,0.0,-51.875,308.125,3.13,-1.1
2016-09-30T12:00:00Z,0.0,-51.875,312.125,1.9,-1.23
2016-09-30T12:00:00Z,0.0,-51.875,316.125,0.14,-1.76
2016-09-30T12:00:00Z,0.0,-51.875,320.125,1.05,0.03
2016-09-30T12:00:00Z,0.0,-51.875,324.125,0.98,-0.01
2016-09-30T12:00:00Z,0.0,-51.875,328.125,-0.21,-0.77
2016-09-30T12:00:00Z,0.0,-51.875,332.125,1.03,-0.03
2016-09-30T12:00:00Z,0.0,-51.875,336.125,1.6,-0.03
2016-09-30T12:00:00Z,0.0,-51.875,340.125,1.74,0.23
2016-09-30T12:00:00Z,0.0,-51.875,344.125,0.84,-0.39
2016-09-30T12:00:00Z,0.0,-51.875,348.125,0.21,-0.65
2016-09-30T12:00:00Z,0.0,-51.875,352.125,-0.36,-0.71
2016-09-30T12:00:00Z,0.0,-51.875,356.125,-0.3,-0.65
2016-09-30T12:00:00Z,0.0,-47.875,0.125,3.5,-0.3
2016-09-30T12:00:00Z,0.0,-47.875,4.125,4.16,0.29
2016-09-30T12:00:00Z,0.0,-47.875,8.125,3.72,0.13
2016-09-30T12:00:00Z,0.0,-47.875,12.125,3.26,-0.53
2016-09-30T12:00:00Z,0.0,-47.875,16.125,3.2,-0.7
2016-09-30T12:00:00Z,0.0,-47.875,20.125,3.99,0.39
2016-09-30T12:00:00Z,0.0,-47.875,24.125,4.07,0.51
2016-09-30T12:00:00Z,0.0,-47.875,28.125,3.13,-1.1
2016-09-30T12:00:00Z,0.0,-47.875,32.125,5.67,0.81
2016-09-30T12:00:00Z,0.0,-47.875,36.125,4.4,0.26
2016-09-30T12:00:00Z,0.0,-47.875,40.125,3.35,-0.64
2016-09-30T12:00:00Z,0.0,-47.875,44.125,4.37,0.24
2016-09-30T12:00:00Z,0.0,-47.875,48.125,3.63,0.05
2016-09-30T12:00:00Z,0.0,-47.875,52.125,3.27,-0.04
2016-09-30T12:00:00Z,0.0,-47.875,56.125,4.01,0.24
2016-09-30T12:00:00Z,0.0,-47.875,60.125,4.3,0.27
2016-09-30T12:00:00Z,0.0,-47.875,64.125,3.73,0.55
2016-09-30T12:00:00Z,0.0,-47.875,68.125,3.28,0.38
2016-09-30T12:00:00Z,0.0,-47.875,72.125,2.39,-0.72
2016-09-30T12:00:00Z,0.0,-47.875,76.125,3.78,-0.4
2016-09-30T12:00:00Z,0.0,-47.875,80.125,4.46,0.06
2016-09-30T12:00:00Z,0.0,-47.875,84.125,6.54,0.95
2016-09-30T12:00:00Z,0.0,-47.875,88.125,7.1,0.5
2016-09-30T12:00:00Z,0.0,-47.875,92.125,6.77,0.13
2016-09-30T12:00:00Z,0.0,-47.875,96.125,6.08,0.24
2016-09-30T12:00:00Z,0.0,-47.875,100.125,5.17,-0.36
2016-09-30T12:00:00Z,0.0,-47.875,104.125,4.39,-1.3
2016-09-30T12:00:00Z,0.0,-47.875,108.125,5.54,-0.61
2016-09-30T12:00:00Z,0.0,-47.875,112.125,7.34,0.31
2016-09-30T12:00:00Z,0.0,-47.875,116.125,8.48,0.92
2016-09-30T12:00:00Z,0.0,-47.875,120.125,7.05,-0.71
2016-09-30T12:00:00Z,0.0,-47.875,124.125,9.01,0.65
2016-09-30T12:00:00Z,0.0,-47.875,128.125,8.89,0.17
2016-09-30T12:00:00Z,0.0,-47.875,132.125,9.08,0.45
2016-09-30T12:00:00Z,0.0,-47.875,136.125,9.06,0.47
2016-09-30T12:00:00Z,0.0,-47.875,140.125,9.02,0.1
2016-09-30T12:00:00Z,0.0,-47.875,144.125,10.62,1.62
2016-09-30T12:00:00Z,0.0,-47.875,148.125,9.61,0.38
2016-09-30T12:00:00Z,0.0,-47.875,152.125,10.56,1.34
2016-09-30T12:00:00Z,0.0,-47.875,156.125,9.46,0.36
2016-09-30T12:00:00Z,0.0,-47.875,160.125,9.98,0.83
2016-09-30T12:00:00Z,0.0,-47.875,164.125,10.42,0.42
2016-09-30T12:00:00Z,0.0,-47.875,168.125,9.97,0.45
2016-09-30T12:00:00Z,0.0,-47.875,172.125,8.22,0.23
2016-09-30T12:00:00Z,0.0,-47.875,176.125,8.38,0.48
2016-09-30T12:00:00Z,0.0,-47.875,180.125,8.61,0.69
2016-09-30T12:00:00Z,0.0,-47.875,184.125,10.02,0.93
2016-09-30T12:00:00Z,0.0,-47.875,188.125,9.79,0.22
2016-09-30T12:00:00Z,0.0,-47.875,192.125,9.27,-0.08
2016-09-30T12:00:00Z,0.0,-47.875,196.125,9.62,0.54
2016-09-30T12:00:00Z,0.0,-47.875,200.125,8.96,0.05
2016-09-30T12:00:00Z,0.0,-47.875,204.125,8.85,0.22
2016-09-30T12:00:00Z,0.0,-47.875,208.125,8.33,-0.07
2016-09-30T12:00:00Z,0.0,-47.875,212.125,7.93,-0.29
2016-09-30T12:00:00Z,0.0,-47.875,216.125,7.73,-0.35
2016-09-30T12:00:00Z,0.0,-47.875,220.125,7.41,-0.5
2016-09-30T12:00:00Z,0.0,-47.875,224.125,7.31,-0.5
2016-09-30T12:00:00Z,0.0,-47.875,228.125,7.39,-0.27
2016-09-30T12:00:00Z,0.0,-47.875,232.125,7.33,-0.22
2016-09-30T12:00:00Z,0.0,-47.875,236.125,7.25,-0.25
2016-09-30T12:00:00Z,0.0,-47.875,240.125,6.83,-0.52
2016-09-30T12:00:00Z,0.0,-47.875,244.125,7.32,-0.08
2016-09-30T12:00:00Z,0.0,-47.875,248.125,7.28,-0.26
2016-09-30T12:00:00Z,0.0,-47.875,252.125,7.49,-0.02
2016-09-30T12:00:00Z,0.0,-47.875,256.125,7.57,0.18
2016-09-30T12:00:00Z,0.0,-47.875,260.125,7.35,0.14
2016-09-30T12:00:00Z,0.0,-47.875,264.125,7.83,0.69
2016-09-30T12:00:00Z,0.0,-47.875,268.125,7.93,0.79
2016-09-30T12:00:00Z,0.0,-47.875,272.125,8.13,0.93
2016-09-30T12:00:00Z,0.0,-47.875,276.125,8.69,1.21
2016-09-30T12:00:00Z,0.0,-47.875,280.125,8.92,0.8
2016-09-30T12:00:00Z,0.0,-47.875,284.125,9.96,0.9
2016-09-30T12:00:00Z,0.0,-47.875,288.125,NaN,NaN
2016-09-30T12:00:00Z,0.0,-47.875,292.125,NaN,NaN
2016-09-30T12:00:00Z,0.0,-47.875,296.125,7.72,0.23
2016-09-30T12:00:00Z,0.0,-47.875,300.125,5.58,-0.68
2016-09-30T12:00:00Z,0.0,-47.875,304.125,4.69,-1.52
2016-09-30T12:00:00Z,0.0,-47.875,308.125,7.63,-0.06
2016-09-30T12:00:00Z,0.0,-47.875,312.125,8.57,0.78
2016-09-30T12:00:00Z,0.0,-47.875,316.125,9.2,2.0
2016-09-30T12:00:00Z,0.0,-47.875,320.125,7.08,0.82
2016-09-30T12:00:00Z,0.0,-47.875,324.125,8.34,2.68
2016-09-30T12:00:00Z,0.0,-47.875,328.125,5.21,0.41
2016-09-30T12:00:00Z,0.0,-47.875,332.125,2.93,-1.28
2016-09-30T12:00:00Z,0.0,-47.875,336.125,2.74,-1.18
2016-09-30T12:00:00Z,0.0,-47.875,340.125,4.93,0.61
2016-09-30T12:00:00Z,0.0,-47.875,344.125,3.42,-0.52
2016-09-30T12:00:00Z,0.0,-47.875,348.125,2.81,-0.08
2016-09-30T12:00:00Z,0.0,-47.875,352.125,1.5,-0.84
2016-09-30T12:00:00Z,0.0,-47.875,356.125,3.5,0.27
2016-09-30T12:00:00Z,0.0,-43.875,0.125,8.34,0.6
2016-09-30T12:00:00Z,0.0,-43.875,4.125,7.33,-0.36
2016-09-30T12:00:00Z,0.0,-43.875,8.125,7.91,0.63
2016-09-30T12:00:00Z,0.0,-43.875,12.125,8.01,0.02
2016-09-30T12:00:00Z,0.0,-43.875,16.125,9.52,0.61
2016-09-30T12:00:00Z,0.0,-43.875,20.125,7.78,-1.4
2016-09-30T12:00:00Z,0.0,-43.875,24.125,12.32,3.0
2016-09-30T12:00:00Z,0.0,-43.875,28.125,11.2,1.91
2016-09-30T12:00:00Z,0.0,-43.875,32.125,8.51,-0.36
2016-09-30T12:00:00Z,0.0,-43.875,36.125,7.56,-0.11
2016-09-30T12:00:00Z,0.0,-43.875,40.125,6.71,-0.32
2016-09-30T12:00:00Z,0.0,-43.875,44.125,5.73,-0.68
2016-09-30T12:00:00Z,0.0,-43.875,48.125,5.15,-0.18
2016-09-30T12:00:00Z,0.0,-43.875,52.125,5.13,-0.67
2016-09-30T12:00:00Z,0.0,-43.875,56.125,8.17,-0.24
2016-09-30T12:00:00Z,0.0,-43.875,60.125,13.42,2.18
2016-09-30T12:00:00Z,0.0,-43.875,64.125,13.2,2.64
2016-09-30T12:00:00Z,0.0,-43.875,68.125,10.71,1.05
2016-09-30T12:00:00Z,0.0,-43.875,72.125,12.67,2.42
2016-09-30T12:00:00Z,0.0,-43.875,76.125,9.29,-1.03
2016-09-30T12:00:00Z,0.0,-43.875,80.125,10.3,0.67
2016-09-30T12:00:00Z,0.0,-43.875,84.125,10.73,0.81
2016-09-30T12:00:00Z,0.0,-43.875,88.125,10.36,0.63
2016-09-30T12:00:00Z,0.0,-43.875,92.125,9.84,0.35
2016-09-30T12:00:00Z,0.0,-43.875,96.125,9.68,0.12
2016-09-30T12:00:00Z,0.0,-43.875,100.125,9.94,0.05
2016-09-30T12:00:00Z,0.0,-43.875,104.125,9.92,-0.01
2016-09-30T12:00:00Z,0.0,-43.875,108.125,9.73,-0.15
2016-09-30T12:00:00Z,0.0,-43.875,112.125,9.57,-0.24
2016-09-30T12:00:00Z,0.0,-43.875,116.125,9.56,-0.17
2016-09-30T12:00:00Z,0.0,-43.875,120.125,9.33,-0.4
2016-09-30T12:00:00Z,0.0,-43.875,124.125,9.37,-0.39
2016-09-30T12:00:00Z,0.0,-43.875,128.125,9.37,-0.45
2016-09-30T12:00:00Z,0.0,-43.875,132.125,9.79,-0.12
2016-09-30T12:00:00Z,0.0,-43.875,136.125,10.07,-0.09
2016-09-30T12:00:00Z,0.0,-43.875,140.125,10.34,-0.27
2016-09-30T12:00:00Z,0.0,-43.875,144.125,11.67,0.43
2016-09-30T12:00:00Z,0.0,-43.875,148.125,13.85,1.78
2016-09-30T12:00:00Z,0.0,-43.875,152.125,13.68,1.83
2016-09-30T12:00:00Z,0.0,-43.875,156.125,12.5,1.08
2016-09-30T12:00:00Z,0.0,-43.875,160.125,12.4,1.01
2016-09-30T12:00:00Z,0.0,-43.875,164.125,12.53,0.92
2016-09-30T12:00:00Z,0.0,-43.875,168.125,13.75,1.47
2016-09-30T12:00:00Z,0.0,-43.875,172.125,10.75,0.67
2016-09-30T12:00:00Z,0.0,-43.875,176.125,11.45,0.73
2016-09-30T12:00:00Z,0.0,-43.875,180.125,11.23,0.44
2016-09-30T12:00:00Z,0.0,-43.875,184.125,11.29,-0.17
2016-09-30T12:00:00Z,0.0,-43.875,188.125,11.27,0.02
2016-09-30T12:00:00Z,0.0,-43.875,192.125,10.98,0.37
2016-09-30T12:00:00Z,0.0,-43.875,196.125,10.61,0.47
2016-09-30T12:00:00Z,0.0,-43.875,200.125,9.7,-0.12
2016-09-30T12:00:00Z,0.0,-43.875,204.125,9.69,-0.04
2016-09-30T12:00:00Z,0.0,-43.875,208.125,9.33,-0.38
2016-09-30T12:00:00Z,0.0,-43.875,212.125,9.2,-0.4
2016-09-30T12:00:00Z,0.0,-43.875,216.125,9.05,-0.46
2016-09-30T12:00:00Z,0.0,-43.875,220.125,8.93,-0.45
2016-09-30T12:00:00Z,0.0,-43.875,224.125,8.7,-0.7
2016-09-30T12:00:00Z,0.0,-43.875,228.125,8.48,-0.88
2016-09-30T12:00:00Z,0.0,-43.875,232.125,8.9,-0.43
2016-09-30T12:00:00Z,0.0,-43.875,236.125,8.48,-0.8
2016-09-30T12:00:00Z,0.0,-43.875,240.125,8.52,-0.74
2016-09-30T12:00:00Z,0.0,-43.875,244.125,8.54,-0.75
2016-09-30T12:00:00Z,0.0,-43.875,248.125,8.68,-0.73
2016-09-30T12:00:00Z,0.0,-43.875,252.125,9.2,-0.09
2016-09-30T12:00:00Z,0.0,-43.875,256.125,9.3,0.18
2016-09-30T12:00:00Z,0.0,-43.875,260.125,8.98,-0.03
2016-09-30T12:00:00Z,0.0,-43.875,264.125,9.04,-0.01
2016-09-30T12:00:00Z,0.0,-43.875,268.125,9.8,0.71
2016-09-30T12:00:00Z,0.0,-43.875,272.125,10.07,0.81
2016-09-30T12:00:00Z,0.0,-43.875,276.125,10.19,0.7
2016-09-30T12:00:00Z,0.0,-43.875,280.125,10.97,1.09
2016-09-30T12:00:00Z,0.0,-43.875,284.125,11.24,0.88
2016-09-30T12:00:00Z,0.0,-43.875,288.125,NaN,NaN
2016-09-30T12:00:00Z,0.0,-43.875,292.125,NaN,NaN
2016-09-30T12:00:00Z,0.0,-43.875,296.125,10.37,0.6
2016-09-30T12:00:00Z,0.0,-43.875,300.125,7.0,-0.66
2016-09-30T12:00:00Z,0.0,-43.875,304.125,6.65,-2.17
2016-09-30T12:00:00Z,0.0,-43.875,308.125,9.03,-2.6
2016-09-30T12:00:00Z,0.0,-43.875,312.125,9.31,-0.52
2016-09-30T12:00:00Z,0.0,-43.875,316.125,8.25,-0.56
2016-09-30T12:00:00Z,0.0,-43.875,320.125,7.74,-0.78
2016-09-30T12:00:00Z,0.0,-43.875,324.125,9.67,1.25
2016-09-30T12:00:00Z,0.0,-43.875,328.125,8.6,0.24
2016-09-30T12:00:00Z,0.0,-43.875,332.125,9.64,1.26
2016-09-30T12:00:00Z,0.0,-43.875,336.125,9.41,0.62
2016-09-30T12:00:00Z,0.0,-43.875,340.125,9.02,0.31
2016-09-30T12:00:00Z,0.0,-43.875,344.125,7.3,-0.55
2016-09-30T12:00:00Z,0.0,-43.875,348.125,9.79,1.77
2016-09-30T12:00:00Z,0.0,-43.875,352.125,9.53,1.51
2016-09-30T12:00:00Z,0.0,-43.875,356.125,8.3,0.52
2016-09-30T12:00:00Z,0.0,-39.875,0.125,10.7,0.03
2016-09-30T12:00:00Z,0.0,-39.875,4.125,10.77,0.06
2016-09-30T12:00:00Z,0.0,-39.875,8.125,12.17,0.87
2016-09-30T12:00:00Z,0.0,-39.875,12.125,15.29,2.49
2016-09-30T12:00:00Z,0.0,-39.875,16.125,16.38,1.17
2016-09-30T12:00:00Z,0.0,-39.875,20.125,19.41,2.8
2016-09-30T12:00:00Z,0.0,-39.875,24.125,14.39,-1.06
2016-09-30T12:00:00Z,0.0,-39.875,28.125,16.73,1.54
2016-09-30T12:00:00Z,0.0,-39.875,32.125,14.24,-1.15
2016-09-30T12:00:00Z,0.0,-39.875,36.125,15.84,0.74
2016-09-30T12:00:00Z,0.0,-39.875,40.125,13.24,-1.22
2016-09-30T12:00:00Z,0.0,-39.875,44.125,16.17,1.2
2016-09-30T12:00:00Z,0.0,-39.875,48.125,11.74,-2.58
2016-09-30T12:00:00Z,0.0,-39.875,52.125,15.74,1.29
2016-09-30T12:00:00Z,0.0,-39.875,56.125,15.59,0.72
2016-09-30T12:00:00Z,0.0,-39.875,60.125,14.05,-0.49
2016-09-30T12:00:00Z,0.0,-39.875,64.125,13.64,-0.26
2016-09-30T12:00:00Z,0.0,-39.875,68.125,13.43,-0.07
2016-09-30T12:00:00Z,0.0,-39.875,72.125,12.5,-0.64
2016-09-30T12:00:00Z,0.0,-39.875,76.125,12.04,-0.73
2016-09-30T12:00:00Z,0.0,-39.875,80.125,12.39,-0.11
2016-09-30T12:00:00Z,0.0,-39.875,84.125,12.18,0.03
2016-09-30T12:00:00Z,0.0,-39.875,88.125,12.16,0.35
2016-09-30T12:00:00Z,0.0,-39.875,92.125,11.49,-0.09
2016-09-30T12:00:00Z,0.0,-39.875,96.125,11.45,0.11
2016-09-30T12:00:00Z,0.0,-39.875,100.125,10.78,-0.37
2016-09-30T12:00:00Z,0.0,-39.875,104.125,11.37,0.07
2016-09-30T12:00:00Z,0.0,-39.875,108.125,10.57,-0.89
2016-09-30T12:00:00Z,0.0,-39.875,112.125,11.19,-0.6
2016-09-30T12:00:00Z,0.0,-39.875,116.125,10.38,-1.64
2016-09-30T12:00:00Z,0.0,-39.875,120.125,10.47,-1.45
2016-09-30T12:00:00Z,0.0,-39.875,124.125,10.2,-1.6
2016-09-30T12:00:00Z,0.0,-39.875,128.125,10.62,-1.21
2016-09-30T12:00:00Z,0.0,-39.875,132.125,11.29,-0.69
2016-09-30T12:00:00Z,0.0,-39.875,136.125,12.04,-0.32
2016-09-30T12:00:00Z,0.0,-39.875,140.125,12.94,-0.15
2016-09-30T12:00:00Z,0.0,-39.875,144.125,13.26,0.17
2016-09-30T12:00:00Z,0.0,-39.875,148.125,12.78,-0.83
2016-09-30T12:00:00Z,0.0,-39.875,152.125,16.49,1.9
2016-09-30T12:00:00Z,0.0,-39.875,156.125,15.94,1.69
2016-09-30T12:00:00Z,0.0,-39.875,160.125,15.12,1.07
2016-09-30T12:00:00Z,0.0,-39.875,164.125,14.38,0.72
2016-09-30T12:00:00Z,0.0,-39.875,168.125,14.23,0.56
2016-09-30T12:00:00Z,0.0,-39.875,172.125,13.61,-0.25
2016-09-30T12:00:00Z,0.0,-39.875,176.125,NaN,NaN
2016-09-30T12:00:00Z,0.0,-39.875,180.125,14.97,0.68
2016-09-30T12:00:00Z,0.0,-39.875,184.125,13.19,-0.35
2016-09-30T12:00:00Z,0.0,-39.875,188.125,12.73,-0.16
2016-09-30T12:00:00Z,0.0,-39.875,192.125,13.09,0.55
2016-09-30T12:00:00Z,0.0,-39.875,196.125,12.45,0.15
2016-09-30T12:00:00Z,0.0,-39.875,200.125,12.5,0.41
2016-09-30T12:00:00Z,0.0,-39.875,204.125,12.16,0.14
2016-09-30T12:00:00Z,0.0,-39.875,208.125,11.88,-0.04
2016-09-30T12:00:00Z,0.0,-39.875,212.125,11.54,-0.25
2016-09-30T12:00:00Z,0.0,-39.875,216.125,12.11,0.36
2016-09-30T12:00:00Z,0.0,-39.875,220.125,11.64,-0.07
2016-09-30T12:00:00Z,0.0,-39.875,224.125,11.79,-0.05
2016-09-30T12:00:00Z,0.0,-39.875,228.125,10.87,-0.93
2016-09-30T12:00:00Z,0.0,-39.875,232.125,11.19,-0.57
2016-09-30T12:00:00Z,0.0,-39.875,236.125,10.55,-1.08
2016-09-30T12:00:00Z,0.0,-39.875,240.125,10.5,-1.14
2016-09-30T12:00:00Z,0.0,-39.875,244.125,10.42,-1.22
2016-09-30T12:00:00Z,0.0,-39.875,248.125,9.8,-1.89
2016-09-30T12:00:00Z,0.0,-39.875,252.125,10.84,-0.71
2016-09-30T12:00:00Z,0.0,-39.875,256.125,10.54,-0.83
2016-09-30T12:00:00Z,0.0,-39.875,260.125,11.0,-0.32
2016-09-30T12:00:00Z,0.0,-39.875,264.125,11.27,-0.16
2016-09-30T12:00:00Z,0.0,-39.875,268.125,11.93,0.31
2016-09-30T12:00:00Z,0.0,-39.875,272.125,12.76,1.02
2016-09-30T12:00:00Z,0.0,-39.875,276.125,12.58,0.71
2016-09-30T12:00:00Z,0.0,-39.875,280.125,12.91,1.04
2016-09-30T12:00:00Z,0.0,-39.875,284.125,12.57,0.66
2016-09-30T12:00:00Z,0.0,-39.875,288.125,NaN,NaN
2016-09-30T12:00:00Z,0.0,-39.875,292.125,NaN,NaN
2016-09-30T12:00:00Z,0.0,-39.875,296.125,NaN,NaN
2016-09-30T12:00:00Z,0.0,-39.875,300.125,11.47,0.52
2016-09-30T12:00:00Z,0.0,-39.875,304.125,7.0,-1.85
2016-09-30T12:00:00Z,0.0,-39.875,308.125,14.12,-0.34
2016-09-30T12:00:00Z,0.0,-39.875,312.125,15.99,2.28
2016-09-30T12:00:00Z,0.0,-39.875,316.125,10.95,-2.09
2016-09-30T12:00:00Z,0.0,-39.875,320.125,13.05,-0.12
2016-09-30T12:00:00Z,0.0,-39.875,324.125,14.35,1.39
2016-09-30T12:00:00Z,0.0,-39.875,328.125,14.24,1.2
2016-09-30T12:00:00Z,0.0,-39.875,332.125,13.09,0.17
2016-09-30T12:00:00Z,0.0,-39.875,336.125,12.82,0.31
2016-09-30T12:00:00Z,0.0,-39.875,340.125,12.96,0.96
2016-09-30T12:00:00Z,0.0,-39.875,344.125,11.68,-0.12
2016-09-30T12:00:00Z,0.0,-39.875,348.125,12.22,0.67
2016-09-30T12:00:00Z,0.0,-39.875,352.125,11.21,0.26
2016-09-30T12:00:00Z,0.0,-39.875,356.125,10.28,-0.41
2016-09-30T12:00:00Z,0.0,-35.875,0.125,14.76,0.32
2016-09-30T12:00:00Z,0.0,-35.875,4.125,14.88,0.26
2016-09-30T12:00:00Z,0.0,-35.875,8.125,17.3,2.47
2016-09-30T12:00:00Z,0.0,-35.875,12.125,17.9,2.44
2016-09-30T12:00:00Z,0.0,-35.875,16.125,16.76,0.58
2016-09-30T12:00:00Z,0.0,-35.875,20.125,17.27,0.23
2016-09-30T12:00:00Z,0.0,-35.875,24.125,19.5,0.51
2016-09-30T12:00:00Z,0.0,-35.875,28.125,17.44,-1.36
2016-09-30T12:00:00Z,0.0,-35.875,32.125,17.95,-0.41
2016-09-30T12:00:00Z,0.0,-35.875,36.125,17.64,-0.4
2016-09-30T12:00:00Z,0.0,-35.875,40.125,17.26,-0.25
2016-09-30T12:00:00Z,0.0,-35.875,44.125,16.99,-0.2
2016-09-30T12:00:00Z,0.0,-35.875,48.125,16.32,-0.4
2016-09-30T12:00:00Z,0.0,-35.875,52.125,15.48,-0.87
2016-09-30T12:00:00Z,0.0,-35.875,56.125,15.25,-0.62
2016-09-30T12:00:00Z,0.0,-35.875,60.125,14.84,-0.65
2016-09-30T12:00:00Z,0.0,-35.875,64.125,14.6,-0.54
2016-09-30T12:00:00Z,0.0,-35.875,68.125,14.12,-0.69
2016-09-30T12:00:00Z,0.0,-35.875,72.125,14.09,-0.39
2016-09-30T12:00:00Z,0.0,-35.875,76.125,13.62,-0.58
2016-09-30T12:00:00Z,0.0,-35.875,80.125,14.4,0.47
2016-09-30T12:00:00Z,0.0,-35.875,84.125,14.32,0.6
2016-09-30T12:00:00Z,0.0,-35.875,88.125,14.34,0.93
2016-09-30T12:00:00Z,0.0,-35.875,92.125,13.57,0.37
2016-09-30T12:00:00Z,0.0,-35.875,96.125,13.93,0.73
2016-09-30T12:00:00Z,0.0,-35.875,100.125,12.59,-0.65
2016-09-30T12:00:00Z,0.0,-35.875,104.125,13.25,-0.43
2016-09-30T12:00:00Z,0.0,-35.875,108.125,13.62,-0.9
2016-09-30T12:00:00Z,0.0,-35.875,112.125,12.96,-2.4
2016-09-30T12:00:00Z,0.0,-35.875,116.125,13.7,-2.38
2016-09-30T12:00:00Z,0.0,-35.875,120.125,13.49,-2.16
2016-09-30T12:00:00Z,0.0,-35.875,124.125,13.31,-1.59
2016-09-30T12:00:00Z,0.0,-35.875,128.125,12.8,-1.61
2016-09-30T12:00:00Z,0.0,-35.875,132.125,13.48,-1.21
2016-09-30T12:00:00Z,0.0,-35.875,136.125,14.36,-0.42
2016-09-30T12:00:00Z,0.0,-35.875,140.125,NaN,NaN
2016-09-30T12:00:00Z,0.0,-35.875,144.125,NaN,NaN
2016-09-30T12:00:00Z,0.0,-35.875,148.125,NaN,NaN
2016-09-30T12:00:00Z,0.0,-35.875,152.125,20.8,3.15
2016-09-30T12:00:00Z,0.0,-35.875,156.125,18.69,1.46
2016-09-30T12:00:00Z,0.0,-35.875,160.125,19.01,2.28
2016-09-30T12:00:00Z,0.0,-35.875,164.125,16.23,0.14
2016-09-30T12:00:00Z,0.0,-35.875,168.125,15.99,0.48
2016-09-30T12:00:00Z,0.0,-35.875,172.125,16.63,1.25
2016-09-30T12:00:00Z,0.0,-35.875,176.125,17.04,0.94
2016-09-30T12:00:00Z,0.0,-35.875,180.125,16.21,0.5
2016-09-30T12:00:00Z,0.0,-35.875,184.125,15.98,0.97
2016-09-30T12:00:00Z,0.0,-35.875,188.125,15.37,0.77
2016-09-30T12:00:00Z,0.0,-35.875,192.125,14.79,0.28
2016-09-30T12:00:00Z,0.0,-35.875,196.125,15.47,1.08
2016-09-30T12:00:00Z,0.0,-35.875,200.125,15.42,1.16
2016-09-30T12:00:00Z,0.0,-35.875,204.125,15.9,1.64
2016-09-30T12:00:00Z,0.0,-35.875,208.125,15.24,1.0
2016-09-30T12:00:00Z,0.0,-35.875,212.125,14.99,0.69
2016-09-30T12:00:00Z,0.0,-35.875,216.125,15.1,0.76
2016-09-30T12:00:00Z,0.0,-35.875,220.125,15.63,1.25
2016-09-30T12:00:00Z,0.0,-35.875,224.125,14.47,-0.01
2016-09-30T12:00:00Z,0.0,-35.875,228.125,14.6,0.16
2016-09-30T12:00:00Z,0.0,-35.875,232.125,13.77,-0.62
2016-09-30T12:00:00Z,0.0,-35.875,236.125,14.5,0.17
2016-09-30T12:00:00Z,0.0,-35.875,240.125,13.78,-0.52
2016-09-30T12:00:00Z,0.0,-35.875,244.125,13.42,-0.95
2016-09-30T12:00:00Z,0.0,-35.875,248.125,13.5,-0.84
2016-09-30T12:00:00Z,0.0,-35.875,252.125,13.38,-0.95
2016-09-30T12:00:00Z,0.0,-35.875,256.125,13.68,-0.47
2016-09-30T12:00:00Z,0.0,-35.875,260.125,13.82,-0.4
2016-09-30T12:00:00Z,0.0,-35.875,264.125,13.27,-0.99
2016-09-30T12:00:00Z,0.0,-35.875,268.125,14.84,0.61
2016-09-30T12:00:00Z,0.0,-35.875,272.125,15.21,1.08
2016-09-30T12:00:00Z,0.0,-35.875,276.125,14.6,0.67
2016-09-30T12:00:00Z,0.0,-35.875,280.125,14.36,0.69
2016-09-30T12:00:00Z,0.0,-35.875,284.125,13.41,0.1
2016-09-30T12:00:00Z,0.0,-35.875,288.125,NaN,NaN
2016-09-30T12:00:00Z,0.0,-35.875,292.125,NaN,NaN
2016-09-30T12:00:00Z,0.0,-35.875,296.125,NaN,NaN
2016-09-30T12:00:00Z,0.0,-35.875,300.125,NaN,NaN
2016-09-30T12:00:00Z,0.0,-35.875,304.125,12.69,0.59
2016-09-30T12:00:00Z,0.0,-35.875,308.125,19.01,3.15
2016-09-30T12:00:00Z,0.0,-35.875,312.125,16.35,-0.32
2016-09-30T12:00:00Z,0.0,-35.875,316.125,16.28,0.13
2016-09-30T12:00:00Z,0.0,-35.875,320.125,16.22,0.38
2016-09-30T12:00:00Z,0.0,-35.875,324.125,15.36,-0.23
2016-09-30T12:00:00Z,0.0,-35.875,328.125,15.38,0.18
2016-09-30T12:00:00Z,0.0,-35.875,332.125,14.97,0.02
2016-09-30T12:00:00Z,0.0,-35.875,336.125,15.05,0.28
2016-09-30T12:00:00Z,0.0,-35.875,340.125,15.69,1.03
2016-09-30T12:00:00Z,0.0,-35.875,344.125,14.64,-0.17
2016-09-30T12:00:00Z,0.0,-35.875,348.125,14.96,0.23
2016-09-30T12:00:00Z,0.0,-35.875,352.125,15.13,0.68
2016-09-30T12:00:00Z,0.0,-35.875,356.125,14.49,0.17
2016-09-30T12:00:00Z,0.0,-31.875,0.125,17.35,0.53
2016-09-30T12:00:00Z,0.0,-31.875,4.125,17.37,0.69
2016-09-30T12:00:00Z,0.0,-31.875,8.125,17.02,0.73
2016-09-30T12:00:00Z,0.0,-31.875,12.125,17.84,1.85
2016-09-30T12:00:00Z,0.0,-31.875,16.125,16.44,0.77
2016-09-30T12:00:00Z,0.0,-31.875,20.125,NaN,NaN
2016-09-30T12:00:00Z,0.0,-31.875,24.125,NaN,NaN
2016-09-30T12:00:00Z,0.0,-31.875,28.125,NaN,NaN
2016-09-30T12:00:00Z,0.0,-31.875,32.125,20.18,-0.84
2016-09-30T12:00:00Z,0.0,-31.875,36.125,20.34,-0.14
2016-09-30T12:00:00Z,0.0,-31.875,40.125,19.38,-0.72
2016-09-30T12:00:00Z,0.0,-31.875,44.125,20.47,1.08
2016-09-30T12:00:00Z,0.0,-31.875,48.125,17.85,-1.02
2016-09-30T12:00:00Z,0.0,-31.875,52.125,18.89,0.21
2016-09-30T12:00:00Z,0.0,-31.875,56.125,17.84,-0.4
2016-09-30T12:00:00Z,0.0,-31.875,60.125,17.24,-0.73
2016-09-30T12:00:00Z,0.0,-31.875,64.125,16.67,-0.98
2016-09-30T12:00:00Z,0.0,-31.875,68.125,17.08,-0.24
2016-09-30T12:00:00Z,0.0,-31.875,72.125,15.84,-1.09
2016-09-30T12:00:00Z,0.0,-31.875,76.125,16.2,-0.62
2016-09-30T12:00:00Z,0.0,-31.875,80.125,17.22,0.78
2016-09-30T12:00:00Z,0.0,-31.875,84.125,15.91,-0.26
2016-09-30T12:00:00Z,0.0,-31.875,88.125,16.76,0.7
2016-09-30T12:00:00Z,0.0,-31.875,92.125,17.23,1.38
2016-09-30T12:00:00Z,0.0,-31.875,96.125,16.23,0.43
2016-09-30T12:00:00Z,0.0,-31.875,100.125,16.53,0.63
2016-09-30T12:00:00Z,0.0,-31.875,104.125,15.67,-0.53
2016-09-30T12:00:00Z,0.0,-31.875,108.125,16.31,-0.78
2016-09-30T12:00:00Z,0.0,-31.875,112.125,16.49,-2.0
2016-09-30T12:00:00Z,0.0,-31.875,116.125,NaN,NaN
2016-09-30T12:00:00Z,0.0,-31.875,120.125,NaN,NaN
2016-09-30T12:00:00Z,0.0,-31.875,124.125,NaN,NaN
2016-09-30T12:00:00Z,0.0,-31.875,128.125,NaN,NaN
2016-09-30T12:00:00Z,0.0,-31.875,132.125,14.63,-2.14
2016-09-30T12:00:00Z,0.0,-31.875,136.125,NaN,NaN
2016-09-30T12:00:00Z,0.0,-31.875,140.125,NaN,NaN
2016-09-30T12:00:00Z,0.0,-31.875,144.125,NaN,NaN
2016-09-30T12:00:00Z,0.0,-31.875,148.125,NaN,NaN
2016-09-30T12:00:00Z,0.0,-31.875,152.125,NaN,NaN
2016-09-30T12:00:00Z,0.0,-31.875,156.125,19.68,-0.13
2016-09-30T12:00:00Z,0.0,-31.875,160.125,18.85,-0.07
2016-09-30T12:00:00Z,0.0,-31.875,164.125,19.08,0.68
2016-09-30T12:00:00Z,0.0,-31.875,168.125,19.03,1.13
2016-09-30T12:00:00Z,0.0,-31.875,172.125,18.93,1.18
2016-09-30T12:00:00Z,0.0,-31.875,176.125,17.81,0.14
2016-09-30T12:00:00Z,0.0,-31.875,180.125,18.68,1.36
2016-09-30T12:00:00Z,0.0,-31.875,184.125,18.19,1.08
2016-09-30T12:00:00Z,0.0,-31.875,188.125,18.71,1.7
2016-09-30T12:00:00Z,0.0,-31.875,192.125,18.29,1.3
2016-09-30T12:00:00Z,0.0,-31.875,196.125,18.14,1.21
2016-09-30T12:00:00Z,0.0,-31.875,200.125,17.85,0.94
2016-09-30T12:00:00Z,0.0,-31.875,204.125,18.05,1.14
2016-09-30T12:00:00Z,0.0,-31.875,208.125,19.03,2.01
2016-09-30T12:00:00Z,0.0,-31.875,212.125,18.04,0.95
2016-09-30T12:00:00Z,0.0,-31.875,216.125,18.06,0.85
2016-09-30T12:00:00Z,0.0,-31.875,220.125,18.23,0.91
2016-09-30T12:00:00Z,0.0,-31.875,224.125,17.75,0.41
2016-09-30T12:00:00Z,0.0,-31.875,228.125,16.5,-0.95
2016-09-30T12:00:00Z,0.0,-31.875,232.125,16.92,-0.59
2016-09-30T12:00:00Z,0.0,-31.875,236.125,16.58,-0.82
2016-09-30T12:00:00Z,0.0,-31.875,240.125,16.26,-1.2
2016-09-30T12:00:00Z,0.0,-31.875,244.125,16.27,-1.16
2016-09-30T12:00:00Z,0.0,-31.875,248.125,17.02,-0.27
2016-09-30T12:00:00Z,0.0,-31.875,252.125,17.0,-0.19
2016-09-30T12:00:00Z,0.0,-31.875,256.125,16.67,-0.46
2016-09-30T12:00:00Z,0.0,-31.875,260.125,16.38,-0.58
2016-09-30T12:00:00Z,0.0,-31.875,264.125,17.01,0.28
2016-09-30T12:00:00Z,0.0,-31.875,268.125,16.54,0.04
2016-09-30T12:00:00Z,0.0,-31.875,272.125,16.96,0.77
2016-09-30T12:00:00Z,0.0,-31.875,276.125,16.59,0.78
2016-09-30T12:00:00Z,0.0,-31.875,280.125,16.37,0.95
2016-09-30T12:00:00Z,0.0,-31.875,284.125,14.82,0.05
2016-09-30T12:00:00Z,0.0,-31.875,288.125,13.92,0.03
2016-09-30T12:00:00Z,0.0,-31.875,292.125,NaN,NaN
2016-09-30T12:00:00Z,0.0,-31.875,296.125,NaN,NaN
2016-09-30T12:00:00Z,0.0,-31.875,300.125,NaN,NaN
2016-09-30T12:00:00Z,0.0,-31.875,304.125,NaN,NaN
2016-09-30T12:00:00Z,0.0,-31.875,308.125,15.44,-1.12
2016-09-30T12:00:00Z,0.0,-31.875,312.125,20.45,1.28
2016-09-30T12:00:00Z,0.0,-31.875,316.125,18.45,0.14
2016-09-30T12:00:00Z,0.0,-31.875,320.125,18.36,0.35
2016-09-30T12:00:00Z,0.0,-31.875,324.125,17.61,-0.43
2016-09-30T12:00:00Z,0.0,-31.875,328.125,18.21,0.19
2016-09-30T12:00:00Z,0.0,-31.875,332.125,17.54,-0.32
2016-09-30T12:00:00Z,0.0,-31.875,336.125,18.24,0.44
2016-09-30T12:00:00Z,0.0,-31.875,340.125,18.65,0.95
2016-09-30T12:00:00Z,0.0,-31.875,344.125,18.04,0.6
2016-09-30T12:00:00Z,0.0,-31.875,348.125,18.42,1.17
2016-09-30T12:00:00Z,0.0,-31.875,352.125,18.43,1.18
2016-09-30T12:00:00Z,0.0,-31.875,356.125,17.12,0.12
2016-09-30T12:00:00Z,0.0,-27.875,0.125,18.66,0.57
2016-09-30T12:00:00Z,0.0,-27.875,4.125,18.16,0.57
2016-09-30T12:00:00Z,0.0,-27.875,8.125,17.06,0.16
2016-09-30T12:00:00Z,0.0,-27.875,12.125,16.03,-0.09
2016-09-30T12:00:00Z,0.0,-27.875,16.125,NaN,NaN
2016-09-30T12:00:00Z,0.0,-27.875,20.125,NaN,NaN
2016-09-30T12:00:00Z,0.0,-27.875,24.125,NaN,NaN
2016-09-30T12:00:00Z,0.0,-27.875,28.125,NaN,NaN
2016-09-30T12:00:00Z,0.0,-27.875,32.125,NaN,NaN
2016-09-30T12:00:00Z,0.0,-27.875,36.125,21.72,-0.75
2016-09-30T12:00:00Z,0.0,-27.875,40.125,22.45,0.2
2016-09-30T12:00:00Z,0.0,-27.875,44.125,22.2,-0.16
2016-09-30T12:00:00Z,0.0,-27.875,48.125,20.99,-0.7
2016-09-30T12:00:00Z,0.0,-27.875,52.125,21.81,0.49
2016-09-30T12:00:00Z,0.0,-27.875,56.125,20.32,-0.7
2016-09-30T12:00:00Z,0.0,-27.875,60.125,19.45,-1.16
2016-09-30T12:00:00Z,0.0,-27.875,64.125,19.66,-0.56
2016-09-30T12:00:00Z,0.0,-27.875,68.125,18.46,-1.45
2016-09-30T12:00:00Z,0.0,-27.875,72.125,19.65,-0.09
2016-09-30T12:00:00Z,0.0,-27.875,76.125,19.77,0.12
2016-09-30T12:00:00Z,0.0,-27.875,80.125,19.37,0.13
2016-09-30T12:00:00Z,0.0,-27.875,84.125,18.95,-0.14
2016-09-30T12:00:00Z,0.0,-27.875,88.125,20.15,1.23
2016-09-30T12:00:00Z,0.0,-27.875,92.125,19.59,0.77
2016-09-30T12:00:00Z,0.0,-27.875,96.125,19.03,0.32
2016-09-30T12:00:00Z,0.0,-27.875,100.125,18.93,0.15
2016-09-30T12:00:00Z,0.0,-27.875,104.125,19.19,0.08
2016-09-30T12:00:00Z,0.0,-27.875,108.125,18.98,-0.67
2016-09-30T12:00:00Z,0.0,-27.875,112.125,19.81,-0.62
2016-09-30T12:00:00Z,0.0,-27.875,116.125,NaN,NaN
2016-09-30T12:00:00Z,0.0,-27.875,120.125,NaN,NaN
2016-09-30T12:00:00Z,0.0,-27.875,124.125,NaN,NaN
2016-09-30T12:00:00Z,0.0,-27.875,128.125,NaN,NaN
2016-09-30T12:00:00Z,0.0,-27.875,132.125,NaN,NaN
2016-09-30T12:00:00Z,0.0,-27.875,136.125,NaN,NaN
2016-09-30T12:00:00Z,0.0,-27.875,140.125,NaN,NaN
2016-09-30T12:00:00Z,0.0,-27.875,144.125,NaN,NaN
2016-09-30T12:00:00Z,0.0,-27.875,148.125,NaN,NaN
2016-09-30T12:00:00Z,0.0,-27.875,152.125,NaN,NaN
2016-09-30T12:00:00Z,0.0,-27.875,156.125,20.18,-1.02
2016-09-30T12:00:00Z,0.0,-27.875,160.125,21.19,0.82
2016-09-30T12:00:00Z,0.0,-27.875,164.125,20.32,0.15
2016-09-30T12:00:00Z,0.0,-27.875,168.125,20.68,0.63
2016-09-30T12:00:00Z,0.0,-27.875,172.125,20.26,0.43
2016-09-30T12:00:00Z,0.0,-27.875,176.125,19.93,0.08
2016-09-30T12:00:00Z,0.0,-27.875,180.125,21.13,1.27
2016-09-30T12:00:00Z,0.0,-27.875,184.125,19.85,0.09
2016-09-30T12:00:00Z,0.0,-27.875,188.125,20.7,1.0
2016-09-30T12:00:00Z,0.0,-27.875,192.125,20.64,0.97
2016-09-30T12:00:00Z,0.0,-27.875,196.125,21.57,1.98
2016-09-30T12:00:00Z,0.0,-27.875,200.125,20.69,1.06
2016-09-30T12:00:00Z,0.0,-27.875,204.125,21.32,1.65
2016-09-30T12:00:00Z,0.0,-27.875,208.125,21.26,1.52
2016-09-30T12:00:00Z,0.0,-27.875,212.125,21.05,1.18
2016-09-30T12:00:00Z,0.0,-27.875,216.125,21.56,1.54
2016-09-30T12:00:00Z,0.0,-27.875,220.125,20.84,0.67
2016-09-30T12:00:00Z,0.0,-27.875,224.125,20.82,0.47
2016-09-30T12:00:00Z,0.0,-27.875,228.125,21.07,0.54
2016-09-30T12:00:00Z,0.0,-27.875,232.125,20.55,0.02
2016-09-30T12:00:00Z,0.0,-27.875,236.125,20.97,0.5
2016-09-30T12:00:00Z,0.0,-27.875,240.125,20.12,-0.24
2016-09-30T12:00:00Z,0.0,-27.875,244.125,19.51,-0.72
2016-09-30T12:00:00Z,0.0,-27.875,248.125,20.0,-0.1
2016-09-30T12:00:00Z,0.0,-27.875,252.125,19.44,-0.34
2016-09-30T12:00:00Z,0.0,-27.875,256.125,19.34,-0.16
2016-09-30T12:00:00Z,0.0,-27.875,260.125,19.55,0.42
2016-09-30T12:00:00Z,0.0,-27.875,264.125,19.82,1.08
2016-09-30T12:00:00Z,0.0,-27.875,268.125,19.43,1.15
2016-09-30T12:00:00Z,0.0,-27.875,272.125,18.67,0.91
2016-09-30T12:00:00Z,0.0,-27.875,276.125,17.98,0.71
2016-09-30T12:00:00Z,0.0,-27.875,280.125,17.11,0.42
2016-09-30T12:00:00Z,0.0,-27.875,284.125,15.7,-0.12
2016-09-30T12:00:00Z,0.0,-27.875,288.125,14.75,0.01
2016-09-30T12:00:00Z,0.0,-27.875,292.125,NaN,NaN
2016-09-30T12:00:00Z,0.0,-27.875,296.125,NaN,NaN
2016-09-30T12:00:00Z,0.0,-27.875,300.125,NaN,NaN
2016-09-30T12:00:00Z,0.0,-27.875,304.125,NaN,NaN
2016-09-30T12:00:00Z,0.0,-27.875,308.125,NaN,NaN
2016-09-30T12:00:00Z,0.0,-27.875,312.125,20.03,-0.37
2016-09-30T12:00:00Z,0.0,-27.875,316.125,20.16,-1.01
2016-09-30T12:00:00Z,0.0,-27.875,320.125,21.18,0.6
2016-09-30T12:00:00Z,0.0,-27.875,324.125,20.61,0.21
2016-09-30T12:00:00Z,0.0,-27.875,328.125,20.07,-0.29
2016-09-30T12:00:00Z,0.0,-27.875,332.125,20.23,0.01
2016-09-30T12:00:00Z,0.0,-27.875,336.125,20.16,0.21
2016-09-30T12:00:00Z,0.0,-27.875,340.125,20.19,0.43
2016-09-30T12:00:00Z,0.0,-27.875,344.125,20.35,0.85
2016-09-30T12:00:00Z,0.0,-27.875,348.125,19.83,0.52
2016-09-30T12:00:00Z,0.0,-27.875,352.125,18.91,0.02
2016-09-30T12:00:00Z,0.0,-27.875,356.125,18.79,0.3
2016-09-30T12:00:00Z,0.0,-23.875,0.125,18.2,-0.65
2016-09-30T12:00:00Z,0.0,-23.875,4.125,18.09,0.0
2016-09-30T12:00:00Z,0.0,-23.875,8.125,17.0,-0.19
2016-09-30T12:00:00Z,0.0,-23.875,12.125,15.56,-0.04
2016-09-30T12:00:00Z,0.0,-23.875,16.125,NaN,NaN
2016-09-30T12:00:00Z,0.0,-23.875,20.125,NaN,NaN
2016-09-30T12:00:00Z,0.0,-23.875,24.125,NaN,NaN
2016-09-30T12:00:00Z,0.0,-23.875,28.125,NaN,NaN
2016-09-30T12:00:00Z,0.0,-23.875,32.125,NaN,NaN
2016-09-30T12:00:00Z,0.0,-23.875,36.125,25.2,1.05
2016-09-30T12:00:00Z,0.0,-23.875,40.125,24.36,0.48
2016-09-30T12:00:00Z,0.0,-23.875,44.125,NaN,NaN
2016-09-30T12:00:00Z,0.0,-23.875,48.125,23.73,0.07
2016-09-30T12:00:00Z,0.0,-23.875,52.125,23.02,-0.23
2016-09-30T12:00:00Z,0.0,-23.875,56.125,22.45,-0.42
2016-09-30T12:00:00Z,0.0,-23.875,60.125,21.88,-0.61
2016-09-30T12:00:00Z,0.0,-23.875,64.125,21.57,-0.64
2016-09-30T12:00:00Z,0.0,-23.875,68.125,22.24,0.2
2016-09-30T12:00:00Z,0.0,-23.875,72.125,21.57,-0.18
2016-09-30T12:00:00Z,0.0,-23.875,76.125,21.21,-0.3
2016-09-30T12:00:00Z,0.0,-23.875,80.125,20.78,-0.5
2016-09-30T12:00:00Z,0.0,-23.875,84.125,21.53,0.52
2016-09-30T12:00:00Z,0.0,-23.875,88.125,21.1,0.33
2016-09-30T12:00:00Z,0.0,-23.875,92.125,20.89,0.21
2016-09-30T12:00:00Z,0.0,-23.875,96.125,20.47,-0.23
2016-09-30T12:00:00Z,0.0,-23.875,100.125,19.81,-1.18
2016-09-30T12:00:00Z,0.0,-23.875,104.125,19.33,-1.89
2016-09-30T12:00:00Z,0.0,-23.875,108.125,20.1,-1.35
2016-09-30T12:00:00Z,0.0,-23.875,112.125,21.56,-0.57
2016-09-30T12:00:00Z,0.0,-23.875,116.125,NaN,NaN
2016-09-30T12:00:00Z,0.0,-23.875,120.125,NaN,NaN
2016-09-30T12:00:00Z,0.0,-23.875,124.125,NaN,NaN
2016-09-30T12:00:00Z,0.0,-23.875,128.125,NaN,NaN
2016-09-30T12:00:00Z,0.0,-23.875,132.125,NaN,NaN
2016-09-30T12:00:00Z,0.0,-23.875,136.125,NaN,NaN
2016-09-30T12:00:00Z,0.0,-23.875,140.125,NaN,NaN
2016-09-30T12:00:00Z,0.0,-23.875,144.125,NaN,NaN
2016-09-30T12:00:00Z,0.0,-23.875,148.125,NaN,NaN
2016-09-30T12:00:00Z,0.0,-23.875,152.125,22.26,-0.64
2016-09-30T12:00:00Z,0.0,-23.875,156.125,23.64,0.8
2016-09-30T12:00:00Z,0.0,-23.875,160.125,22.81,0.71
2016-09-30T12:00:00Z,0.0,-23.875,164.125,22.55,0.38
2016-09-30T12:00:00Z,0.0,-23.875,168.125,23.29,1.0
2016-09-30T12:00:00Z,0.0,-23.875,172.125,23.14,0.82
2016-09-30T12:00:00Z,0.0,-23.875,176.125,23.86,1.57
2016-09-30T12:00:00Z,0.0,-23.875,180.125,22.51,0.25
2016-09-30T12:00:00Z,0.0,-23.875,184.125,23.52,1.31
2016-09-30T12:00:00Z,0.0,-23.875,188.125,24.07,1.85
2016-09-30T12:00:00Z,0.0,-23.875,192.125,23.31,1.11
2016-09-30T12:00:00Z,0.0,-23.875,196.125,23.75,1.42
2016-09-30T12:00:00Z,0.0,-23.875,200.125,25.01,2.7
2016-09-30T12:00:00Z,0.0,-23.875,204.125,24.75,2.2
2016-09-30T12:00:00Z,0.0,-23.875,208.125,25.46,2.84
2016-09-30T12:00:00Z,0.0,-23.875,212.125,24.49,1.84
2016-09-30T12:00:00Z,0.0,-23.875,216.125,24.53,1.67
2016-09-30T12:00:00Z,0.0,-23.875,220.125,24.54,1.55
2016-09-30T12:00:00Z,0.0,-23.875,224.125,23.89,0.85
2016-09-30T12:00:00Z,0.0,-23.875,228.125,23.58,0.58
2016-09-30T12:00:00Z,0.0,-23.875,232.125,23.1,0.17
2016-09-30T12:00:00Z,0.0,-23.875,236.125,22.9,0.14
2016-09-30T12:00:00Z,0.0,-23.875,240.125,22.48,-0.07
2016-09-30T12:00:00Z,0.0,-23.875,244.125,23.04,0.79
2016-09-30T12:00:00Z,0.0,-23.875,248.125,22.26,0.41
2016-09-30T12:00:00Z,0.0,-23.875,252.125,22.0,0.59
2016-09-30T12:00:00Z,0.0,-23.875,256.125,21.86,0.82
2016-09-30T12:00:00Z,0.0,-23.875,260.125,21.55,1.06
2016-09-30T12:00:00Z,0.0,-23.875,264.125,20.83,0.94
2016-09-30T12:00:00Z,0.0,-23.875,268.125,20.21,1.02
2016-09-30T12:00:00Z,0.0,-23.875,272.125,19.27,0.65
2016-09-30T12:00:00Z,0.0,-23.875,276.125,18.49,0.45
2016-09-30T12:00:00Z,0.0,-23.875,280.125,17.35,-0.11
2016-09-30T12:00:00Z,0.0,-23.875,284.125,16.69,0.02
2016-09-30T12:00:00Z,0.0,-23.875,288.125,16.03,-0.16
2016-09-30T12:00:00Z,0.0,-23.875,292.125,NaN,NaN
2016-09-30T12:00:00Z,0.0,-23.875,296.125,NaN,NaN
2016-09-30T12:00:00Z,0.0,-23.875,300.125,NaN,NaN
2016-09-30T12:00:00Z,0.0,-23.875,304.125,NaN,NaN
2016-09-30T12:00:00Z,0.0,-23.875,308.125,NaN,NaN
2016-09-30T12:00:00Z,0.0,-23.875,312.125,NaN,NaN
2016-09-30T12:00:00Z,0.0,-23.875,316.125,22.16,0.16
2016-09-30T12:00:00Z,0.0,-23.875,320.125,22.7,-0.13
2016-09-30T12:00:00Z,0.0,-23.875,324.125,22.37,-0.35
2016-09-30T12:00:00Z,0.0,-23.875,328.125,22.68,0.17
2016-09-30T12:00:00Z,0.0,-23.875,332.125,22.31,0.06
2016-09-30T12:00:00Z,0.0,-23.875,336.125,22.57,0.7
2016-09-30T12:00:00Z,0.0,-23.875,340.125,21.98,0.47
2016-09-30T12:00:00Z,0.0,-23.875,344.125,21.28,0.17
2016-09-30T12:00:00Z,0.0,-23.875,348.125,21.16,0.53
2016-09-30T12:00:00Z,0.0,-23.875,352.125,20.31,0.22
2016-09-30T12:00:00Z,0.0,-23.875,356.125,19.46,-0.05
2016-09-30T12:00:00Z,0.0,-19.875,0.125,19.07,-0.07
2016-09-30T12:00:00Z,0.0,-19.875,4.125,18.61,0.28
2016-09-30T12:00:00Z,0.0,-19.875,8.125,17.12,-0.13
2016-09-30T12:00:00Z,0.0,-19.875,12.125,15.19,-0.44
2016-09-30T12:00:00Z,0.0,-19.875,16.125,NaN,NaN
2016-09-30T12:00:00Z,0.0,-19.875,20.125,NaN,NaN
2016-09-30T12:00:00Z,0.0,-19.875,24.125,NaN,NaN
2016-09-30T12:00:00Z,0.0,-19.875,28.125,NaN,NaN
2016-09-30T12:00:00Z,0.0,-19.875,32.125,NaN,NaN
2016-09-30T12:00:00Z,0.0,-19.875,36.125,25.39,0.58
2016-09-30T12:00:00Z,0.0,-19.875,40.125,26.06,0.72
2016-09-30T12:00:00Z,0.0,-19.875,44.125,26.55,1.07
2016-09-30T12:00:00Z,0.0,-19.875,48.125,NaN,NaN
2016-09-30T12:00:00Z,0.0,-19.875,52.125,23.59,-0.6
2016-09-30T12:00:00Z,0.0,-19.875,56.125,23.69,-0.15
2016-09-30T12:00:00Z,0.0,-19.875,60.125,23.05,-0.6
2016-09-30T12:00:00Z,0.0,-19.875,64.125,23.54,0.01
2016-09-30T12:00:00Z,0.0,-19.875,68.125,23.38,-0.01
2016-09-30T12:00:00Z,0.0,-19.875,72.125,22.8,-0.38
2016-09-30T12:00:00Z,0.0,-19.875,76.125,22.41,-0.53
2016-09-30T12:00:00Z,0.0,-19.875,80.125,23.19,0.41
2016-09-30T12:00:00Z,0.0,-19.875,84.125,22.39,-0.24
2016-09-30T12:00:00Z,0.0,-19.875,88.125,22.19,-0.45
2016-09-30T12:00:00Z,0.0,-19.875,92.125,22.91,0.19
2016-09-30T12:00:00Z,0.0,-19.875,96.125,23.13,0.08
2016-09-30T12:00:00Z,0.0,-19.875,100.125,22.15,-1.22
2016-09-30T12:00:00Z,0.0,-19.875,104.125,21.98,-1.39
2016-09-30T12:00:00Z,0.0,-19.875,108.125,22.49,-1.03
2016-09-30T12:00:00Z,0.0,-19.875,112.125,23.03,-0.91
2016-09-30T12:00:00Z,0.0,-19.875,116.125,24.77,0.06
2016-09-30T12:00:00Z,0.0,-19.875,120.125,24.51,-0.55
2016-09-30T12:00:00Z,0.0,-19.875,124.125,NaN,NaN
2016-09-30T12:00:00Z,0.0,-19.875,128.125,NaN,NaN
2016-09-30T12:00:00Z,0.0,-19.875,132.125,NaN,NaN
2016-09-30T12:00:00Z,0.0,-19.875,136.125,NaN,NaN
2016-09-30T12:00:00Z,0.0,-19.875,140.125,NaN,NaN
2016-09-30T12:00:00Z,0.0,-19.875,144.125,NaN,NaN
2016-09-30T12:00:00Z,0.0,-19.875,148.125,25.67,1.22
2016-09-30T12:00:00Z,0.0,-19.875,152.125,25.85,1.31
2016-09-30T12:00:00Z,0.0,-19.875,156.125,25.48,1.14
2016-09-30T12:00:00Z,0.0,-19.875,160.125,24.95,0.86
2016-09-30T12:00:00Z,0.0,-19.875,164.125,24.92,0.63
2016-09-30T12:00:00Z,0.0,-19.875,168.125,25.14,0.64
2016-09-30T12:00:00Z,0.0,-19.875,172.125,25.33,0.87
2016-09-30T12:00:00Z,0.0,-19.875,176.125,25.19,0.55
2016-09-30T12:00:00Z,0.0,-19.875,180.125,25.37,0.93
2016-09-30T12:00:00Z,0.0,-19.875,184.125,25.94,1.42
2016-09-30T12:00:00Z,0.0,-19.875,188.125,26.99,2.24
2016-09-30T12:00:00Z,0.0,-19.875,192.125,27.88,2.92
2016-09-30T12:00:00Z,0.0,-19.875,196.125,27.39,2.36
2016-09-30T12:00:00Z,0.0,-19.875,200.125,27.31,2.24
2016-09-30T12:00:00Z,0.0,-19.875,204.125,27.08,1.97
2016-09-30T12:00:00Z,0.0,-19.875,208.125,27.08,1.85
2016-09-30T12:00:00Z,0.0,-19.875,212.125,26.93,1.64
2016-09-30T12:00:00Z,0.0,-19.875,216.125,26.42,1.12
2016-09-30T12:00:00Z,0.0,-19.875,220.125,26.02,0.79
2016-09-30T12:00:00Z,0.0,-19.875,224.125,25.87,0.79
2016-09-30T12:00:00Z,0.0,-19.875,228.125,24.88,-0.02
2016-09-30T12:00:00Z,0.0,-19.875,232.125,24.25,-0.39
2016-09-30T12:00:00Z,0.0,-19.875,236.125,24.51,0.21
2016-09-30T12:00:00Z,0.0,-19.875,240.125,25.05,1.09
2016-09-30T12:00:00Z,0.0,-19.875,244.125,24.55,1.01
2016-09-30T12:00:00Z,0.0,-19.875,248.125,24.37,1.33
2016-09-30T12:00:00Z,0.0,-19.875,252.125,24.02,1.54
2016-09-30T12:00:00Z,0.0,-19.875,256.125,23.21,1.34
2016-09-30T12:00:00Z,0.0,-19.875,260.125,22.6,1.42
2016-09-30T12:00:00Z,0.0,-19.875,264.125,21.22,0.67
2016-09-30T12:00:00Z,0.0,-19.875,268.125,20.42,0.53
2016-09-30T12:00:00Z,0.0,-19.875,272.125,20.1,0.82
2016-09-30T12:00:00Z,0.0,-19.875,276.125,18.79,0.21
2016-09-30T12:00:00Z,0.0,-19.875,280.125,18.21,0.36
2016-09-30T12:00:00Z,0.0,-19.875,284.125,17.95,0.6
2016-09-30T12:00:00Z,0.0,-19.875,288.125,18.45,0.94
2016-09-30T12:00:00Z,0.0,-19.875,292.125,NaN,NaN
2016-09-30T12:00:00Z,0.0,-19.875,296.125,NaN,NaN
2016-09-30T12:00:00Z,0.0,-19.875,300.125,NaN,NaN
2016-09-30T12:00:00Z,0.0,-19.875,304.125,NaN,NaN
2016-09-30T12:00:00Z,0.0,-19.875,308.125,NaN,NaN
2016-09-30T12:00:00Z,0.0,-19.875,312.125,NaN,NaN
2016-09-30T12:00:00Z,0.0,-19.875,316.125,NaN,NaN
2016-09-30T12:00:00Z,0.0,-19.875,320.125,23.44,-0.66
2016-09-30T12:00:00Z,0.0,-19.875,324.125,24.29,-0.07
2016-09-30T12:00:00Z,0.0,-19.875,328.125,24.56,0.5
2016-09-30T12:00:00Z,0.0,-19.875,332.125,23.89,0.26
2016-09-30T12:00:00Z,0.0,-19.875,336.125,23.71,0.6
2016-09-30T12:00:00Z,0.0,-19.875,340.125,22.77,0.25
2016-09-30T12:00:00Z,0.0,-19.875,344.125,22.09,0.18
2016-09-30T12:00:00Z,0.0,-19.875,348.125,21.21,-0.07
2016-09-30T12:00:00Z,0.0,-19.875,352.125,20.67,0.08
2016-09-30T12:00:00Z,0.0,-19.875,356.125,19.61,-0.29
2016-09-30T12:00:00Z,0.0,-15.875,0.125,18.5,-0.91
2016-09-30T12:00:00Z,0.0,-15.875,4.125,18.36,-0.3
2016-09-30T12:00:00Z,0.0,-15.875,8.125,16.98,-1.11
2016-09-30T12:00:00Z,0.0,-15.875,12.125,NaN,NaN
2016-09-30T12:00:00Z,0.0,-15.875,16.125,NaN,NaN
2016-09-30T12:00:00Z,0.0,-15.875,20.125,NaN,NaN
2016-09-30T12:00:00Z,0.0,-15.875,24.125,NaN,NaN
2016-09-30T12:00:00Z,0.0,-15.875,28.125,NaN,NaN
2016-09-30T12:00:00Z,0.0,-15.875,32.125,NaN,NaN
2016-09-30T12:00:00Z,0.0,-15.875,36.125,NaN,NaN
2016-09-30T12:00:00Z,0.0,-15.875,40.125,NaN,NaN
2016-09-30T12:00:00Z,0.0,-15.875,44.125,26.18,0.05
2016-09-30T12:00:00Z,0.0,-15.875,48.125,NaN,NaN
2016-09-30T12:00:00Z,0.0,-15.875,52.125,24.38,-0.42
2016-09-30T12:00:00Z,0.0,-15.875,56.125,25.03,0.25
2016-09-30T12:00:00Z,0.0,-15.875,60.125,24.47,-0.17
2016-09-30T12:00:00Z,0.0,-15.875,64.125,24.48,-0.11
2016-09-30T12:00:00Z,0.0,-15.875,68.125,24.98,0.46
2016-09-30T12:00:00Z,0.0,-15.875,72.125,25.01,0.57
2016-09-30T12:00:00Z,0.0,-15.875,76.125,24.17,-0.34
2016-09-30T12:00:00Z,0.0,-15.875,80.125,24.48,-0.1
2016-09-30T12:00:00Z,0.0,-15.875,84.125,25.03,0.23
2016-09-30T12:00:00Z,0.0,-15.875,88.125,24.49,-0.59
2016-09-30T12:00:00Z,0.0,-15.875,92.125,24.63,-0.58
2016-09-30T12:00:00Z,0.0,-15.875,96.125,24.09,-1.31
2016-09-30T12:00:00Z,0.0,-15.875,100.125,25.48,0.11
2016-09-30T12:00:00Z,0.0,-15.875,104.125,25.07,-0.29
2016-09-30T12:00:00Z,0.0,-15.875,108.125,25.46,0.04
2016-09-30T12:00:00Z,0.0,-15.875,112.125,25.33,-0.39
2016-09-30T12:00:00Z,0.0,-15.875,116.125,27.44,0.99
2016-09-30T12:00:00Z,0.0,-15.875,120.125,28.29,1.3
2016-09-30T12:00:00Z,0.0,-15.875,124.125,29.04,2.04
2016-09-30T12:00:00Z,0.0,-15.875,128.125,NaN,NaN
2016-09-30T12:00:00Z,0.0,-15.875,132.125,NaN,NaN
2016-09-30T12:00:00Z,0.0,-15.875,136.125,NaN,NaN
2016-09-30T12:00:00Z,0.0,-15.875,140.125,27.73,1.45
2016-09-30T12:00:00Z,0.0,-15.875,144.125,NaN,NaN
2016-09-30T12:00:00Z,0.0,-15.875,148.125,27.02,1.36
2016-09-30T12:00:00Z,0.0,-15.875,152.125,26.76,0.83
2016-09-30T12:00:00Z,0.0,-15.875,156.125,27.01,0.83
2016-09-30T12:00:00Z,0.0,-15.875,160.125,27.11,0.9
2016-09-30T12:00:00Z,0.0,-15.875,164.125,27.21,0.86
2016-09-30T12:00:00Z,0.0,-15.875,168.125,27.63,1.09
2016-09-30T12:00:00Z,0.0,-15.875,172.125,27.57,1.05
2016-09-30T12:00:00Z,0.0,-15.875,176.125,27.53,0.84
2016-09-30T12:00:00Z,0.0,-15.875,180.125,27.98,1.29
2016-09-30T12:00:00Z,0.0,-15.875,184.125,28.23,1.31
2016-09-30T12:00:00Z,0.0,-15.875,188.125,28.71,1.71
2016-09-30T12:00:00Z,0.0,-15.875,192.125,28.89,1.85
2016-09-30T12:00:00Z,0.0,-15.875,196.125,29.2,2.14
2016-09-30T12:00:00Z,0.0,-15.875,200.125,28.17,1.09
2016-09-30T12:00:00Z,0.0,-15.875,204.125,28.2,1.14
2016-09-30T12:00:00Z,0.0,-15.875,208.125,28.02,1.0
2016-09-30T12:00:00Z,0.0,-15.875,212.125,27.62,0.71
2016-09-30T12:00:00Z,0.0,-15.875,216.125,27.21,0.45
2016-09-30T12:00:00Z,0.0,-15.875,220.125,26.81,0.23
2016-09-30T12:00:00Z,0.0,-15.875,224.125,26.66,0.33
2016-09-30T12:00:00Z,0.0,-15.875,228.125,26.33,0.31
2016-09-30T12:00:00Z,0.0,-15.875,232.125,26.29,0.65
2016-09-30T12:00:00Z,0.0,-15.875,236.125,26.07,0.83
2016-09-30T12:00:00Z,0.0,-15.875,240.125,25.74,0.94
2016-09-30T12:00:00Z,0.0,-15.875,244.125,25.34,1.1
2016-09-30T12:00:00Z,0.0,-15.875,248.125,24.89,1.18
2016-09-30T12:00:00Z,0.0,-15.875,252.125,24.14,1.01
2016-09-30T12:00:00Z,0.0,-15.875,256.125,23.29,0.75
2016-09-30T12:00:00Z,0.0,-15.875,260.125,22.15,0.32
2016-09-30T12:00:00Z,0.0,-15.875,264.125,21.49,0.39
2016-09-30T12:00:00Z,0.0,-15.875,268.125,20.77,0.47
2016-09-30T12:00:00Z,0.0,-15.875,272.125,19.71,0.26
2016-09-30T12:00:00Z,0.0,-15.875,276.125,18.81,0.23
2016-09-30T12:00:00Z,0.0,-15.875,280.125,17.98,0.17
2016-09-30T12:00:00Z,0.0,-15.875,284.125,18.16,1.31
2016-09-30T12:00:00Z,0.0,-15.875,288.125,NaN,NaN
2016-09-30T12:00:00Z,0.0,-15.875,292.125,NaN,NaN
2016-09-30T12:00:00Z,0.0,-15.875,296.125,NaN,NaN
2016-09-30T12:00:00Z,0.0,-15.875,300.125,NaN,NaN
2016-09-30T12:00:00Z,0.0,-15.875,304.125,NaN,NaN
2016-09-30T12:00:00Z,0.0,-15.875,308.125,NaN,NaN
2016-09-30T12:00:00Z,0.0,-15.875,312.125,NaN,NaN
2016-09-30T12:00:00Z,0.0,-15.875,316.125,NaN,NaN
2016-09-30T12:00:00Z,0.0,-15.875,320.125,NaN,NaN
2016-09-30T12:00:00Z,0.0,-15.875,324.125,26.0,0.45
2016-09-30T12:00:00Z,0.0,-15.875,328.125,25.56,0.34
2016-09-30T12:00:00Z,0.0,-15.875,332.125,25.29,0.71
2016-09-30T12:00:00Z,0.0,-15.875,336.125,24.17,0.3
2016-09-30T12:00:00Z,0.0,-15.875,340.125,23.0,-0.12
2016-09-30T12:00:00Z,0.0,-15.875,344.125,22.23,-0.17
2016-09-30T12:00:00Z,0.0,-15.875,348.125,21.13,-0.44
2016-09-30T12:00:00Z,0.0,-15.875,352.125,20.92,0.09
2016-09-30T12:00:00Z,0.0,-15.875,356.125,20.07,-0.04
2016-09-30T12:00:00Z,0.0,-11.875,0.125,21.74,0.66
2016-09-30T12:00:00Z,0.0,-11.875,4.125,20.62,0.09
2016-09-30T12:00:00Z,0.0,-11.875,8.125,20.28,-0.57
2016-09-30T12:00:00Z,0.0,-11.875,12.125,22.82,0.29
2016-09-30T12:00:00Z,0.0,-11.875,16.125,NaN,NaN
2016-09-30T12:00:00Z,0.0,-11.875,20.125,NaN,NaN
2016-09-30T12:00:00Z,0.0,-11.875,24.125,NaN,NaN
2016-09-30T12:00:00Z,0.0,-11.875,28.125,NaN,NaN
2016-09-30T12:00:00Z,0.0,-11.875,32.125,NaN,NaN
2016-09-30T12:00:00Z,0.0,-11.875,36.125,NaN,NaN
2016-09-30T12:00:00Z,0.0,-11.875,40.125,NaN,NaN
2016-09-30T12:00:00Z,0.0,-11.875,44.125,26.59,0.62
2016-09-30T12:00:00Z,0.0,-11.875,48.125,25.71,0.04
2016-09-30T12:00:00Z,0.0,-11.875,52.125,25.23,-0.22
2016-09-30T12:00:00Z,0.0,-11.875,56.125,25.29,-0.42
2016-09-30T12:00:00Z,0.0,-11.875,60.125,25.23,-0.49
2016-09-30T12:00:00Z,0.0,-11.875,64.125,25.48,-0.22
2016-09-30T12:00:00Z,0.0,-11.875,68.125,26.0,0.26
2016-09-30T12:00:00Z,0.0,-11.875,72.125,26.3,0.45
2016-09-30T12:00:00Z,0.0,-11.875,76.125,25.66,-0.16
2016-09-30T12:00:00Z,0.0,-11.875,80.125,26.05,-0.05
2016-09-30T12:00:00Z,0.0,-11.875,84.125,26.28,-0.19
2016-09-30T12:00:00Z,0.0,-11.875,88.125,26.82,-0.01
2016-09-30T12:00:00Z,0.0,-11.875,92.125,26.06,-0.9
2016-09-30T12:00:00Z,0.0,-11.875,96.125,27.76,0.98
2016-09-30T12:00:00Z,0.0,-11.875,100.125,27.45,0.94
2016-09-30T12:00:00Z,0.0,-11.875,104.125,27.47,1.11
2016-09-30T12:00:00Z,0.0,-11.875,108.125,26.97,0.44
2016-09-30T12:00:00Z,0.0,-11.875,112.125,28.38,1.55
2016-09-30T12:00:00Z,0.0,-11.875,116.125,28.74,1.46
2016-09-30T12:00:00Z,0.0,-11.875,120.125,29.32,1.62
2016-09-30T12:00:00Z,0.0,-11.875,124.125,29.84,1.7
2016-09-30T12:00:00Z,0.0,-11.875,128.125,30.07,1.79
2016-09-30T12:00:00Z,0.0,-11.875,132.125,29.61,1.85
2016-09-30T12:00:00Z,0.0,-11.875,136.125,28.9,1.89
2016-09-30T12:00:00Z,0.0,-11.875,140.125,28.43,1.4
2016-09-30T12:00:00Z,0.0,-11.875,144.125,27.1,1.3
2016-09-30T12:00:00Z,0.0,-11.875,148.125,26.79,0.83
2016-09-30T12:00:00Z,0.0,-11.875,152.125,27.22,0.52
2016-09-30T12:00:00Z,0.0,-11.875,156.125,28.63,1.03
2016-09-30T12:00:00Z,0.0,-11.875,160.125,27.87,0.05
2016-09-30T12:00:00Z,0.0,-11.875,164.125,28.57,0.77
2016-09-30T12:00:00Z,0.0,-11.875,168.125,28.82,0.91
2016-09-30T12:00:00Z,0.0,-11.875,172.125,28.92,0.81
2016-09-30T12:00:00Z,0.0,-11.875,176.125,29.14,0.91
2016-09-30T12:00:00Z,0.0,-11.875,180.125,29.28,0.93
2016-09-30T12:00:00Z,0.0,-11.875,184.125,29.64,1.28
2016-09-30T12:00:00Z,0.0,-11.875,188.125,29.63,1.25
2016-09-30T12:00:00Z,0.0,-11.875,192.125,29.37,1.06
2016-09-30T12:00:00Z,0.0,-11.875,196.125,29.05,0.81
2016-09-30T12:00:00Z,0.0,-11.875,200.125,28.96,0.76
2016-09-30T12:00:00Z,0.0,-11.875,204.125,28.8,0.74
2016-09-30T12:00:00Z,0.0,-11.875,208.125,28.21,0.31
2016-09-30T12:00:00Z,0.0,-11.875,212.125,27.86,0.16
2016-09-30T12:00:00Z,0.0,-11.875,216.125,27.72,0.24
2016-09-30T12:00:00Z,0.0,-11.875,220.125,27.15,-0.05
2016-09-30T12:00:00Z,0.0,-11.875,224.125,27.16,0.32
2016-09-30T12:00:00Z,0.0,-11.875,228.125,26.87,0.36
2016-09-30T12:00:00Z,0.0,-11.875,232.125,26.48,0.29
2016-09-30T12:00:00Z,0.0,-11.875,236.125,26.52,0.73
2016-09-30T12:00:00Z,0.0,-11.875,240.125,25.99,0.63
2016-09-30T12:00:00Z,0.0,-11.875,244.125,25.71,0.83
2016-09-30T12:00:00Z,0.0,-11.875,248.125,24.51,0.13
2016-09-30T12:00:00Z,0.0,-11.875,252.125,24.31,0.44
2016-09-30T12:00:00Z,0.0,-11.875,256.125,23.61,0.35
2016-09-30T12:00:00Z,0.0,-11.875,260.125,22.88,0.25
2016-09-30T12:00:00Z,0.0,-11.875,264.125,22.4,0.47
2016-09-30T12:00:00Z,0.0,-11.875,268.125,21.34,0.32
2016-09-30T12:00:00Z,0.0,-11.875,272.125,20.18,0.18
2016-09-30T12:00:00Z,0.0,-11.875,276.125,19.48,0.24
2016-09-30T12:00:00Z,0.0,-11.875,280.125,19.44,1.14
2016-09-30T12:00:00Z,0.0,-11.875,284.125,NaN,NaN
2016-09-30T12:00:00Z,0.0,-11.875,288.125,NaN,NaN
2016-09-30T12:00:00Z,0.0,-11.875,292.125,NaN,NaN
2016-09-30T12:00:00Z,0.0,-11.875,296.125,NaN,NaN
2016-09-30T12:00:00Z,0.0,-11.875,300.125,NaN,NaN
2016-09-30T12:00:00Z,0.0,-11.875,304.125,NaN,NaN
2016-09-30T12:00:00Z,0.0,-11.875,308.125,NaN,NaN
2016-09-30T12:00:00Z,0.0,-11.875,312.125,NaN,NaN
2016-09-30T12:00:00Z,0.0,-11.875,316.125,NaN,NaN
2016-09-30T12:00:00Z,0.0,-11.875,320.125,NaN,NaN
2016-09-30T12:00:00Z,0.0,-11.875,324.125,26.68,0.5
2016-09-30T12:00:00Z,0.0,-11.875,328.125,26.23,0.15
2016-09-30T12:00:00Z,0.0,-11.875,332.125,25.74,0.19
2016-09-30T12:00:00Z,0.0,-11.875,336.125,25.18,0.23
2016-09-30T12:00:00Z,0.0,-11.875,340.125,24.18,-0.14
2016-09-30T12:00:00Z,0.0,-11.875,344.125,23.84,0.17
2016-09-30T12:00:00Z,0.0,-11.875,348.125,23.22,0.25
2016-09-30T12:00:00Z,0.0,-11.875,352.125,22.14,-0.1
2016-09-30T12:00:00Z,0.0,-11.875,356.125,21.92,0.35
2016-09-30T12:00:00Z,0.0,-7.875,0.125,22.5,-0.04
2016-09-30T12:00:00Z,0.0,-7.875,4.125,22.42,0.03
2016-09-30T12:00:00Z,0.0,-7.875,8.125,23.32,0.28
2016-09-30T12:00:00Z,0.0,-7.875,12.125,23.97,0.26
2016-09-30T12:00:00Z,0.0,-7.875,16.125,NaN,NaN
2016-09-30T12:00:00Z,0.0,-7.875,20.125,NaN,NaN
2016-09-30T12:00:00Z,0.0,-7.875,24.125,NaN,NaN
2016-09-30T12:00:00Z,0.0,-7.875,28.125,NaN,NaN
2016-09-30T12:00:00Z,0.0,-7.875,32.125,NaN,NaN
2016-09-30T12:00:00Z,0.0,-7.875,36.125,NaN,NaN
2016-09-30T12:00:00Z,0.0,-7.875,40.125,25.78,-0.1
2016-09-30T12:00:00Z,0.0,-7.875,44.125,24.74,-0.87
2016-09-30T12:00:00Z,0.0,-7.875,48.125,25.39,-0.34
2016-09-30T12:00:00Z,0.0,-7.875,52.125,25.47,-0.77
2016-09-30T12:00:00Z,0.0,-7.875,56.125,26.07,-0.55
2016-09-30T12:00:00Z,0.0,-7.875,60.125,26.2,-0.65
2016-09-30T12:00:00Z,0.0,-7.875,64.125,26.39,-0.65
2016-09-30T12:00:00Z,0.0,-7.875,68.125,27.44,0.37
2016-09-30T12:00:00Z,0.0,-7.875,72.125,26.86,-0.19
2016-09-30T12:00:00Z,0.0,-7.875,76.125,27.15,-0.23
2016-09-30T12:00:00Z,0.0,-7.875,80.125,27.17,-0.47
2016-09-30T12:00:00Z,0.0,-7.875,84.125,27.48,-0.25
2016-09-30T12:00:00Z,0.0,-7.875,88.125,27.31,-0.38
2016-09-30T12:00:00Z,0.0,-7.875,92.125,27.2,-0.38
2016-09-30T12:00:00Z,0.0,-7.875,96.125,27.92,0.52
2016-09-30T12:00:00Z,0.0,-7.875,100.125,28.72,1.4
2016-09-30T12:00:00Z,0.0,-7.875,104.125,29.24,1.92
2016-09-30T12:00:00Z,0.0,-7.875,108.125,28.79,1.67
2016-09-30T12:00:00Z,0.0,-7.875,112.125,NaN,NaN
2016-09-30T12:00:00Z,0.0,-7.875,116.125,29.31,1.53
2016-09-30T12:00:00Z,0.0,-7.875,120.125,29.9,2.13
2016-09-30T12:00:00Z,0.0,-7.875,124.125,29.91,1.84
2016-09-30T12:00:00Z,0.0,-7.875,128.125,29.49,1.86
2016-09-30T12:00:00Z,0.0,-7.875,132.125,29.31,2.02
2016-09-30T12:00:00Z,0.0,-7.875,136.125,28.84,1.99
2016-09-30T12:00:00Z,0.0,-7.875,140.125,NaN,NaN
2016-09-30T12:00:00Z,0.0,-7.875,144.125,28.55,2.0
2016-09-30T12:00:00Z,0.0,-7.875,148.125,28.32,0.47
2016-09-30T12:00:00Z,0.0,-7.875,152.125,29.48,1.35
2016-09-30T12:00:00Z,0.0,-7.875,156.125,29.76,1.2
2016-09-30T12:00:00Z,0.0,-7.875,160.125,29.47,0.7
2016-09-30T12:00:00Z,0.0,-7.875,164.125,29.45,0.55
2016-09-30T12:00:00Z,0.0,-7.875,168.125,29.69,0.62
2016-09-30T12:00:00Z,0.0,-7.875,172.125,29.59,0.41
2016-09-30T12:00:00Z,0.0,-7.875,176.125,30.17,0.99
2016-09-30T12:00:00Z,0.0,-7.875,180.125,29.75,0.6
2016-09-30T12:00:00Z,0.0,-7.875,184.125,29.82,0.77
2016-09-30T12:00:00Z,0.0,-7.875,188.125,29.52,0.59
2016-09-30T12:00:00Z,0.0,-7.875,192.125,29.22,0.45
2016-09-30T12:00:00Z,0.0,-7.875,196.125,28.75,0.14
2016-09-30T12:00:00Z,0.0,-7.875,200.125,28.23,-0.23
2016-09-30T12:00:00Z,0.0,-7.875,204.125,28.49,0.23
2016-09-30T12:00:00Z,0.0,-7.875,208.125,27.91,-0.08
2016-09-30T12:00:00Z,0.0,-7.875,212.125,27.07,-0.64
2016-09-30T12:00:00Z,0.0,-7.875,216.125,26.55,-0.85
2016-09-30T12:00:00Z,0.0,-7.875,220.125,26.75,-0.32
2016-09-30T12:00:00Z,0.0,-7.875,224.125,26.79,0.02
2016-09-30T12:00:00Z,0.0,-7.875,228.125,26.26,-0.23
2016-09-30T12:00:00Z,0.0,-7.875,232.125,25.66,-0.51
2016-09-30T12:00:00Z,0.0,-7.875,236.125,25.82,0.02
2016-09-30T12:00:00Z,0.0,-7.875,240.125,25.91,0.51
2016-09-30T12:00:00Z,0.0,-7.875,244.125,25.03,0.05
2016-09-30T12:00:00Z,0.0,-7.875,248.125,24.46,-0.02
2016-09-30T12:00:00Z,0.0,-7.875,252.125,24.19,0.18
2016-09-30T12:00:00Z,0.0,-7.875,256.125,23.73,0.27
2016-09-30T12:00:00Z,0.0,-7.875,260.125,23.31,0.35
2016-09-30T12:00:00Z,0.0,-7.875,264.125,22.79,0.33
2016-09-30T12:00:00Z,0.0,-7.875,268.125,22.12,0.27
2016-09-30T12:00:00Z,0.0,-7.875,272.125,21.21,0.19
2016-09-30T12:00:00Z,0.0,-7.875,276.125,20.65,0.7
2016-09-30T12:00:00Z,0.0,-7.875,280.125,18.14,0.26
2016-09-30T12:00:00Z,0.0,-7.875,284.125,NaN,NaN
2016-09-30T12:00:00Z,0.0,-7.875,288.125,NaN,NaN
2016-09-30T12:00:00Z,0.0,-7.875,292.125,NaN,NaN
2016-09-30T12:00:00Z,0.0,-7.875,296.125,NaN,NaN
2016-09-30T12:00:00Z,0.0,-7.875,300.125,NaN,NaN
2016-09-30T12:00:00Z,0.0,-7.875,304.125,NaN,NaN
2016-09-30T12:00:00Z,0.0,-7.875,308.125,NaN,NaN
2016-09-30T12:00:00Z,0.0,-7.875,312.125,NaN,NaN
2016-09-30T12:00:00Z,0.0,-7.875,316.125,NaN,NaN
2016-09-30T12:00:00Z,0.0,-7.875,320.125,NaN,NaN
2016-09-30T12:00:00Z,0.0,-7.875,324.125,NaN,NaN
2016-09-30T12:00:00Z,0.0,-7.875,328.125,26.78,0.23
2016-09-30T12:00:00Z,0.0,-7.875,332.125,26.36,0.24
2016-09-30T12:00:00Z,0.0,-7.875,336.125,25.97,0.38
2016-09-30T12:00:00Z,0.0,-7.875,340.125,25.02,0.04
2016-09-30T12:00:00Z,0.0,-7.875,344.125,24.85,0.37
2016-09-30T12:00:00Z,0.0,-7.875,348.125,24.23,0.26
2016-09-30T12:00:00Z,0.0,-7.875,352.125,23.57,0.09
2016-09-30T12:00:00Z,0.0,-7.875,356.125,23.01,-0.02
2016-09-30T12:00:00Z,0.0,-3.875,0.125,24.37,0.6
2016-09-30T12:00:00Z,0.0,-3.875,4.125,24.52,0.36
2016-09-30T12:00:00Z,0.0,-3.875,8.125,24.78,0.19
2016-09-30T12:00:00Z,0.0,-3.875,12.125,NaN,NaN
2016-09-30T12:00:00Z,0.0,-3.875,16.125,NaN,NaN
2016-09-30T12:00:00Z,0.0,-3.875,20.125,NaN,NaN
2016-09-30T12:00:00Z,0.0,-3.875,24.125,NaN,NaN
2016-09-30T12:00:00Z,0.0,-3.875,28.125,NaN,NaN
2016-09-30T12:00:00Z,0.0,-3.875,32.125,NaN,NaN
2016-09-30T12:00:00Z,0.0,-3.875,36.125,NaN,NaN
2016-09-30T12:00:00Z,0.0,-3.875,40.125,25.6,-0.42
2016-09-30T12:00:00Z,0.0,-3.875,44.125,25.68,-0.43
2016-09-30T12:00:00Z,0.0,-3.875,48.125,25.94,-0.39
2016-09-30T12:00:00Z,0.0,-3.875,52.125,27.33,0.38
2016-09-30T12:00:00Z,0.0,-3.875,56.125,27.96,0.39
2016-09-30T12:00:00Z,0.0,-3.875,60.125,28.84,0.85
2016-09-30T12:00:00Z,0.0,-3.875,64.125,28.14,0.01
2016-09-30T12:00:00Z,0.0,-3.875,68.125,28.72,0.45
2016-09-30T12:00:00Z,0.0,-3.875,72.125,28.17,-0.11
2016-09-30T12:00:00Z,0.0,-3.875,76.125,28.22,-0.1
2016-09-30T12:00:00Z,0.0,-3.875,80.125,28.37,0.0
2016-09-30T12:00:00Z,0.0,-3.875,84.125,28.16,-0.22
2016-09-30T12:00:00Z,0.0,-3.875,88.125,28.08,-0.27
2016-09-30T12:00:00Z,0.0,-3.875,92.125,28.81,0.44
2016-09-30T12:00:00Z,0.0,-3.875,96.125,29.14,0.8
2016-09-30T12:00:00Z,0.0,-3.875,100.125,28.98,0.49
2016-09-30T12:00:00Z,0.0,-3.875,104.125,NaN,NaN
2016-09-30T12:00:00Z,0.0,-3.875,108.125,30.19,1.28
2016-09-30T12:00:00Z,0.0,-3.875,112.125,29.61,1.23
2016-09-30T12:00:00Z,0.0,-3.875,116.125,30.01,1.45
2016-09-30T12:00:00Z,0.0,-3.875,120.125,NaN,NaN
2016-09-30T12:00:00Z,0.0,-3.875,124.125,29.55,1.67
2016-09-30T12:00:00Z,0.0,-3.875,128.125,29.2,1.35
2016-09-30T12:00:00Z,0.0,-3.875,132.125,29.28,1.68
2016-09-30T12:00:00Z,0.0,-3.875,136.125,NaN,NaN
2016-09-30T12:00:00Z,0.0,-3.875,140.125,NaN,NaN
2016-09-30T12:00:00Z,0.0,-3.875,144.125,NaN,NaN
2016-09-30T12:00:00Z,0.0,-3.875,148.125,30.42,1.28
2016-09-30T12:00:00Z,0.0,-3.875,152.125,29.93,0.7
2016-09-30T12:00:00Z,0.0,-3.875,156.125,30.1,0.84
2016-09-30T12:00:00Z,0.0,-3.875,160.125,30.14,0.75
2016-09-30T12:00:00Z,0.0,-3.875,164.125,30.0,0.55
2016-09-30T12:00:00Z,0.0,-3.875,168.125,30.13,0.69
2016-09-30T12:00:00Z,0.0,-3.875,172.125,29.52,0.14
2016-09-30T12:00:00Z,0.0,-3.875,176.125,29.24,-0.05
2016-09-30T12:00:00Z,0.0,-3.875,180.125,29.22,0.04
2016-09-30T12:00:00Z,0.0,-3.875,184.125,29.1,0.14
2016-09-30T12:00:00Z,0.0,-3.875,188.125,28.6,-0.13
2016-09-30T12:00:00Z,0.0,-3.875,192.125,28.76,0.3
2016-09-30T12:00:00Z,0.0,-3.875,196.125,27.71,-0.49
2016-09-30T12:00:00Z,0.0,-3.875,200.125,27.74,-0.2
2016-09-30T12:00:00Z,0.0,-3.875,204.125,27.31,-0.4
2016-09-30T12:00:00Z,0.0,-3.875,208.125,26.56,-0.87
2016-09-30T12:00:00Z,0.0,-3.875,212.125,25.48,-1.64
2016-09-30T12:00:00Z,0.0,-3.875,216.125,26.3,-0.47
2016-09-30T12:00:00Z,0.0,-3.875,220.125,26.1,-0.4
2016-09-30T12:00:00Z,0.0,-3.875,224.125,25.78,-0.45
2016-09-30T12:00:00Z,0.0,-3.875,228.125,26.11,0.16
2016-09-30T12:00:00Z,0.0,-3.875,232.125,26.23,0.65
2016-09-30T12:00:00Z,0.0,-3.875,236.125,25.27,0.06
2016-09-30T12:00:00Z,0.0,-3.875,240.125,24.44,-0.36
2016-09-30T12:00:00Z,0.0,-3.875,244.125,24.04,-0.29
2016-09-30T12:00:00Z,0.0,-3.875,248.125,24.22,0.39
2016-09-30T12:00:00Z,0.0,-3.875,252.125,23.62,0.25
2016-09-30T12:00:00Z,0.0,-3.875,256.125,23.13,0.25
2016-09-30T12:00:00Z,0.0,-3.875,260.125,22.69,0.28
2016-09-30T12:00:00Z,0.0,-3.875,264.125,21.9,-0.04
2016-09-30T12:00:00Z,0.0,-3.875,268.125,23.03,1.4
2016-09-30T12:00:00Z,0.0,-3.875,272.125,21.99,0.84
2016-09-30T12:00:00Z,0.0,-3.875,276.125,20.58,0.89
2016-09-30T12:00:00Z,0.0,-3.875,280.125,NaN,NaN
2016-09-30T12:00:00Z,0.0,-3.875,284.125,NaN,NaN
2016-09-30T12:00:00Z,0.0,-3.875,288.125,NaN,NaN
2016-09-30T12:00:00Z,0.0,-3.875,292.125,NaN,NaN
2016-09-30T12:00:00Z,0.0,-3.875,296.125,NaN,NaN
2016-09-30T12:00:00Z,0.0,-3.875,300.125,NaN,NaN
2016-09-30T12:00:00Z,0.0,-3.875,304.125,NaN,NaN
2016-09-30T12:00:00Z,0.0,-3.875,308.125,NaN,NaN
2016-09-30T12:00:00Z,0.0,-3.875,312.125,NaN,NaN
2016-09-30T12:00:00Z,0.0,-3.875,316.125,NaN,NaN
2016-09-30T12:00:00Z,0.0,-3.875,320.125,NaN,NaN
2016-09-30T12:00:00Z,0.0,-3.875,324.125,27.0,0.41
2016-09-30T12:00:00Z,0.0,-3.875,328.125,26.94,0.45
2016-09-30T12:00:00Z,0.0,-3.875,332.125,26.61,0.44
2016-09-30T12:00:00Z,0.0,-3.875,336.125,26.32,0.58
2016-09-30T12:00:00Z,0.0,-3.875,340.125,25.86,0.61
2016-09-30T12:00:00Z,0.0,-3.875,344.125,25.37,0.67
2016-09-30T12:00:00Z,0.0,-3.875,348.125,24.42,0.12
2016-09-30T12:00:00Z,0.0,-3.875,352.125,24.25,0.27
2016-09-30T12:00:00Z,0.0,-3.875,356.125,23.7,-0.1
2016-09-30T12:00:00Z,0.0,0.125,0.125,26.49,0.66
2016-09-30T12:00:00Z,0.0,0.125,4.125,26.29,0.28
2016-09-30T12:00:00Z,0.0,0.125,8.125,26.49,0.33
2016-09-30T12:00:00Z,0.0,0.125,12.125,NaN,NaN
2016-09-30T12:00:00Z,0.0,0.125,16.125,NaN,NaN
2016-09-30T12:00:00Z,0.0,0.125,20.125,NaN,NaN
2016-09-30T12:00:00Z,0.0,0.125,24.125,NaN,NaN
2016-09-30T12:00:00Z,0.0,0.125,28.125,NaN,NaN
2016-09-30T12:00:00Z,0.0,0.125,32.125,NaN,NaN
2016-09-30T12:00:00Z,0.0,0.125,36.125,NaN,NaN
2016-09-30T12:00:00Z,0.0,0.125,40.125,NaN,NaN
2016-09-30T12:00:00Z,0.0,0.125,44.125,25.98,-0.1
2016-09-30T12:00:00Z,0.0,0.125,48.125,26.6,0.05
2016-09-30T12:00:00Z,0.0,0.125,52.125,26.98,-0.24
2016-09-30T12:00:00Z,0.0,0.125,56.125,28.19,0.13
2016-09-30T12:00:00Z,0.0,0.125,60.125,28.8,0.33
2016-09-30T12:00:00Z,0.0,0.125,64.125,29.17,0.46
2016-09-30T12:00:00Z,0.0,0.125,68.125,28.9,0.17
2016-09-30T12:00:00Z,0.0,0.125,72.125,29.02,0.39
2016-09-30T12:00:00Z,0.0,0.125,76.125,28.77,0.29
2016-09-30T12:00:00Z,0.0,0.125,80.125,28.84,0.43
2016-09-30T12:00:00Z,0.0,0.125,84.125,28.6,0.22
2016-09-30T12:00:00Z,0.0,0.125,88.125,28.82,0.37
2016-09-30T12:00:00Z,0.0,0.125,92.125,28.94,0.38
2016-09-30T12:00:00Z,0.0,0.125,96.125,29.06,0.17
2016-09-30T12:00:00Z,0.0,0.125,100.125,NaN,NaN
2016-09-30T12:00:00Z,0.0,0.125,104.125,29.98,0.88
2016-09-30T12:00:00Z,0.0,0.125,108.125,29.9,0.94
2016-09-30T12:00:00Z,0.0,0.125,112.125,NaN,NaN
2016-09-30T12:00:00Z,0.0,0.125,116.125,NaN,NaN
2016-09-30T12:00:00Z,0.0,0.125,120.125,30.25,0.92
2016-09-30T12:00:00Z,0.0,0.125,124.125,30.0,1.32
2016-09-30T12:00:00Z,0.0,0.125,128.125,29.28,0.67
2016-09-30T12:00:00Z,0.0,0.125,132.125,29.74,0.39
2016-09-30T12:00:00Z,0.0,0.125,136.125,29.77,0.42
2016-09-30T12:00:00Z,0.0,0.125,140.125,30.24,0.92
2016-09-30T12:00:00Z,0.0,0.125,144.125,30.08,0.76
2016-09-30T12:00:00Z,0.0,0.125,148.125,30.48,1.12
2016-09-30T12:00:00Z,0.0,0.125,152.125,30.08,0.75
2016-09-30T12:00:00Z,0.0,0.125,156.125,29.61,0.3
2016-09-30T12:00:00Z,0.0,0.125,160.125,29.75,0.53
2016-09-30T12:00:00Z,0.0,0.125,164.125,29.13,0.04
2016-09-30T12:00:00Z,0.0,0.125,168.125,29.02,0.08
2016-09-30T12:00:00Z,0.0,0.125,172.125,28.53,-0.31
2016-09-30T12:00:00Z,0.0,0.125,176.125,28.71,-0.11
2016-09-30T12:00:00Z,0.0,0.125,180.125,27.87,-0.72
2016-09-30T12:00:00Z,0.0,0.125,184.125,27.77,-0.53
2016-09-30T12:00:00Z,0.0,0.125,188.125,27.04,-0.97
2016-09-30T12:00:00Z,0.0,0.125,192.125,26.83,-0.85
2016-09-30T12:00:00Z,0.0,0.125,196.125,25.85,-1.53
2016-09-30T12:00:00Z,0.0,0.125,200.125,26.3,-0.78
2016-09-30T12:00:00Z,0.0,0.125,204.125,26.07,-0.83
2016-09-30T12:00:00Z,0.0,0.125,208.125,25.15,-1.41
2016-09-30T12:00:00Z,0.0,0.125,212.125,25.18,-1.04
2016-09-30T12:00:00Z,0.0,0.125,216.125,25.86,-0.03
2016-09-30T12:00:00Z,0.0,0.125,220.125,25.22,-0.37
2016-09-30T12:00:00Z,0.0,0.125,224.125,25.39,0.12
2016-09-30T12:00:00Z,0.0,0.125,228.125,23.69,-1.29
2016-09-30T12:00:00Z,0.0,0.125,232.125,23.95,-0.69
2016-09-30T12:00:00Z,0.0,0.125,236.125,23.39,-0.85
2016-09-30T12:00:00Z,0.0,0.125,240.125,24.5,0.73
2016-09-30T12:00:00Z,0.0,0.125,244.125,22.72,-0.6
2016-09-30T12:00:00Z,0.0,0.125,248.125,22.43,-0.51
2016-09-30T12:00:00Z,0.0,0.125,252.125,22.52,-0.09
2016-09-30T12:00:00Z,0.0,0.125,256.125,21.06,-1.27
2016-09-30T12:00:00Z,0.0,0.125,260.125,22.05,-0.21
2016-09-30T12:00:00Z,0.0,0.125,264.125,21.13,-0.97
2016-09-30T12:00:00Z,0.0,0.125,268.125,21.8,-0.52
2016-09-30T12:00:00Z,0.0,0.125,272.125,23.41,-0.09
2016-09-30T12:00:00Z,0.0,0.125,276.125,24.54,0.53
2016-09-30T12:00:00Z,0.0,0.125,280.125,NaN,NaN
2016-09-30T12:00:00Z,0.0,0.125,284.125,NaN,NaN
2016-09-30T12:00:00Z,0.0,0.125,288.125,NaN,NaN
2016-09-30T12:00:00Z,0.0,0.125,292.125,NaN,NaN
2016-09-30T12:00:00Z,0.0,0.125,296.125,NaN,NaN
2016-09-30T12:00:00Z,0.0,0.125,300.125,NaN,NaN
2016-09-30T12:00:00Z,0.0,0.125,304.125,NaN,NaN
2016-09-30T12:00:00Z,0.0,0.125,308.125,NaN,NaN
2016-09-30T12:00:00Z,0.0,0.125,312.125,27.86,-0.04
2016-09-30T12:00:00Z,0.0,0.125,316.125,27.47,0.47
2016-09-30T12:00:00Z,0.0,0.125,320.125,27.32,0.2
2016-09-30T12:00:00Z,0.0,0.125,324.125,27.43,0.49
2016-09-30T12:00:00Z,0.0,0.125,328.125,27.09,0.4
2016-09-30T12:00:00Z,0.0,0.125,332.125,26.97,0.58
2016-09-30T12:00:00Z,0.0,0.125,336.125,26.68,0.7
2016-09-30T12:00:00Z,0.0,0.125,340.125,26.62,1.15
2016-09-30T12:00:00Z,0.0,0.125,344.125,25.62,0.43
2016-09-30T12:00:00Z,0.0,0.125,348.125,25.59,0.78
2016-09-30T12:00:00Z,0.0,0.125,352.125,24.66,0.05
2016-09-30T12:00:00Z,0.0,0.125,356.125,25.89,0.58
2016-09-30T12:00:00Z,0.0,4.125,0.125,26.63,0.64
2016-09-30T12:00:00Z,0.0,4.125,4.125,27.29,0.7
2016-09-30T12:00:00Z,0.0,4.125,8.125,27.57,0.77
2016-09-30T12:00:00Z,0.0,4.125,12.125,NaN,NaN
2016-09-30T12:00:00Z,0.0,4.125,16.125,NaN,NaN
2016-09-30T12:00:00Z,0.0,4.125,20.125,NaN,NaN
2016-09-30T12:00:00Z,0.0,4.125,24.125,NaN,NaN
2016-09-30T12:00:00Z,0.0,4.125,28.125,NaN,NaN
2016-09-30T12:00:00Z,0.0,4.125,32.125,NaN,NaN
2016-09-30T12:00:00Z,0.0,4.125,36.125,NaN,NaN
2016-09-30T12:00:00Z,0.0,4.125,40.125,NaN,NaN
2016-09-30T12:00:00Z,0.0,4.125,44.125,NaN,NaN
2016-09-30T12:00:00Z,0.0,4.125,48.125,25.47,-0.6
2016-09-30T12:00:00Z,0.0,4.125,52.125,26.29,-0.37
2016-09-30T12:00:00Z,0.0,4.125,56.125,27.09,-0.33
2016-09-30T12:00:00Z,0.0,4.125,60.125,28.28,-0.18
2016-09-30T12:00:00Z,0.0,4.125,64.125,29.11,0.35
2016-09-30T12:00:00Z,0.0,4.125,68.125,28.63,-0.11
2016-09-30T12:00:00Z,0.0,4.125,72.125,28.52,-0.02
2016-09-30T12:00:00Z,0.0,4.125,76.125,28.27,-0.03
2016-09-30T12:00:00Z,0.0,4.125,80.125,28.19,0.07
2016-09-30T12:00:00Z,0.0,4.125,84.125,28.21,0.09
2016-09-30T12:00:00Z,0.0,4.125,88.125,28.5,0.19
2016-09-30T12:00:00Z,0.0,4.125,92.125,28.72,0.34
2016-09-30T12:00:00Z,0.0,4.125,96.125,29.25,0.45
2016-09-30T12:00:00Z,0.0,4.125,100.125,30.28,0.96
2016-09-30T12:00:00Z,0.0,4.125,104.125,29.63,0.55
2016-09-30T12:00:00Z,0.0,4.125,108.125,29.72,0.64
2016-09-30T12:00:00Z,0.0,4.125,112.125,30.36,1.21
2016-09-30T12:00:00Z,0.0,4.125,116.125,NaN,NaN
2016-09-30T12:00:00Z,0.0,4.125,120.125,29.16,-0.04
2016-09-30T12:00:00Z,0.0,4.125,124.125,28.73,-0.49
2016-09-30T12:00:00Z,0.0,4.125,128.125,30.14,1.13
2016-09-30T12:00:00Z,0.0,4.125,132.125,29.1,-0.06
2016-09-30T12:00:00Z,0.0,4.125,136.125,29.58,0.37
2016-09-30T12:00:00Z,0.0,4.125,140.125,30.21,0.92
2016-09-30T12:00:00Z,0.0,4.125,144.125,30.52,1.15
2016-09-30T12:00:00Z,0.0,4.125,148.125,30.52,1.12
2016-09-30T12:00:00Z,0.0,4.125,152.125,30.46,1.02
2016-09-30T12:00:00Z,0.0,4.125,156.125,30.62,1.21
2016-09-30T12:00:00Z,0.0,4.125,160.125,30.99,1.61
2016-09-30T12:00:00Z,0.0,4.125,164.125,30.39,1.08
2016-09-30T12:00:00Z,0.0,4.125,168.125,30.15,0.89
2016-09-30T12:00:00Z,0.0,4.125,172.125,29.31,0.09
2016-09-30T12:00:00Z,0.0,4.125,176.125,29.8,0.58
2016-09-30T12:00:00Z,0.0,4.125,180.125,28.77,-0.28
2016-09-30T12:00:00Z,0.0,4.125,184.125,28.13,-0.76
2016-09-30T12:00:00Z,0.0,4.125,188.125,27.47,-1.27
2016-09-30T12:00:00Z,0.0,4.125,192.125,27.63,-0.91
2016-09-30T12:00:00Z,0.0,4.125,196.125,28.59,0.28
2016-09-30T12:00:00Z,0.0,4.125,200.125,28.13,0.01
2016-09-30T12:00:00Z,0.0,4.125,204.125,27.62,-0.36
2016-09-30T12:00:00Z,0.0,4.125,208.125,26.8,-1.0
2016-09-30T12:00:00Z,0.0,4.125,212.125,27.2,-0.37
2016-09-30T12:00:00Z,0.0,4.125,216.125,28.27,0.88
2016-09-30T12:00:00Z,0.0,4.125,220.125,26.17,-1.05
2016-09-30T12:00:00Z,0.0,4.125,224.125,26.02,-1.06
2016-09-30T12:00:00Z,0.0,4.125,228.125,27.45,0.59
2016-09-30T12:00:00Z,0.0,4.125,232.125,26.53,-0.1
2016-09-30T12:00:00Z,0.0,4.125,236.125,26.01,-0.39
2016-09-30T12:00:00Z,0.0,4.125,240.125,26.29,0.1
2016-09-30T12:00:00Z,0.0,4.125,244.125,26.54,0.36
2016-09-30T12:00:00Z,0.0,4.125,248.125,26.55,0.5
2016-09-30T12:00:00Z,0.0,4.125,252.125,25.97,-0.24
2016-09-30T12:00:00Z,0.0,4.125,256.125,26.99,0.67
2016-09-30T12:00:00Z,0.0,4.125,260.125,26.4,-0.17
2016-09-30T12:00:00Z,0.0,4.125,264.125,27.06,0.25
2016-09-30T12:00:00Z,0.0,4.125,268.125,27.27,0.32
2016-09-30T12:00:00Z,0.0,4.125,272.125,27.33,0.5
2016-09-30T12:00:00Z,0.0,4.125,276.125,26.98,0.08
2016-09-30T12:00:00Z,0.0,4.125,280.125,27.45,0.39
2016-09-30T12:00:00Z,0.0,4.125,284.125,NaN,NaN
2016-09-30T12:00:00Z,0.0,4.125,288.125,NaN,NaN
2016-09-30T12:00:00Z,0.0,4.125,292.125,NaN,NaN
2016-09-30T12:00:00Z,0.0,4.125,296.125,NaN,NaN
2016-09-30T12:00:00Z,0.0,4.125,300.125,NaN,NaN
2016-09-30T12:00:00Z,0.0,4.125,304.125,NaN,NaN
2016-09-30T12:00:00Z,0.0,4.125,308.125,NaN,NaN
2016-09-30T12:00:00Z,0.0,4.125,312.125,28.18,0.57
2016-09-30T12:00:00Z,0.0,4.125,316.125,28.49,0.63
2016-09-30T12:00:00Z,0.0,4.125,320.125,28.2,0.27
2016-09-30T12:00:00Z,0.0,4.125,324.125,28.24,0.33
2016-09-30T12:00:00Z,0.0,4.125,328.125,28.36,0.49
2016-09-30T12:00:00Z,0.0,4.125,332.125,28.66,0.9
2016-09-30T12:00:00Z,0.0,4.125,336.125,28.31,0.63
2016-09-30T12:00:00Z,0.0,4.125,340.125,28.05,0.6
2016-09-30T12:00:00Z,0.0,4.125,344.125,27.74,0.43
2016-09-30T12:00:00Z,0.0,4.125,348.125,27.53,0.42
2016-09-30T12:00:00Z,0.0,4.125,352.125,27.15,0.69
2016-09-30T12:00:00Z,0.0,4.125,356.125,26.38,0.64
2016-09-30T12:00:00Z,0.0,8.125,0.125,NaN,NaN
2016-09-30T12:00:00Z,0.0,8.125,4.125,NaN,NaN
2016-09-30T12:00:00Z,0.0,8.125,8.125,NaN,NaN
2016-09-30T12:00:00Z,0.0,8.125,12.125,NaN,NaN
2016-09-30T12:00:00Z,0.0,8.125,16.125,NaN,NaN
2016-09-30T12:00:00Z,0.0,8.125,20.125,NaN,NaN
2016-09-30T12:00:00Z,0.0,8.125,24.125,NaN,NaN
2016-09-30T12:00:00Z,0.0,8.125,28.125,NaN,NaN
2016-09-30T12:00:00Z,0.0,8.125,32.125,NaN,NaN
2016-09-30T12:00:00Z,0.0,8.125,36.125,NaN,NaN
2016-09-30T12:00:00Z,0.0,8.125,40.125,NaN,NaN
2016-09-30T12:00:00Z,0.0,8.125,44.125,NaN,NaN
2016-09-30T12:00:00Z,0.0,8.125,48.125,NaN,NaN
2016-09-30T12:00:00Z,0.0,8.125,52.125,26.03,-0.14
2016-09-30T12:00:00Z,0.0,8.125,56.125,26.56,-0.24
2016-09-30T12:00:00Z,0.0,8.125,60.125,27.48,-0.36
2016-09-30T12:00:00Z,0.0,8.125,64.125,28.32,-0.02
2016-09-30T12:00:00Z,0.0,8.125,68.125,28.53,0.15
2016-09-30T12:00:00Z,0.0,8.125,72.125,28.34,0.02
2016-09-30T12:00:00Z,0.0,8.125,76.125,26.97,-0.86
2016-09-30T12:00:00Z,0.0,8.125,80.125,NaN,NaN
2016-09-30T12:00:00Z,0.0,8.125,84.125,28.13,-0.4
2016-09-30T12:00:00Z,0.0,8.125,88.125,28.4,0.05
2016-09-30T12:00:00Z,0.0,8.125,92.125,28.02,-0.32
2016-09-30T12:00:00Z,0.0,8.125,96.125,28.22,-0.32
2016-09-30T12:00:00Z,0.0,8.125,100.125,NaN,NaN
2016-09-30T12:00:00Z,0.0,8.125,104.125,28.57,-0.4
2016-09-30T12:00:00Z,0.0,8.125,108.125,28.72,0.0
2016-09-30T12:00:00Z,0.0,8.125,112.125,28.2,-0.65
2016-09-30T12:00:00Z,0.0,8.125,116.125,28.8,-0.23
2016-09-30T12:00:00Z,0.0,8.125,120.125,29.19,0.07
2016-09-30T12:00:00Z,0.0,8.125,124.125,NaN,NaN
2016-09-30T12:00:00Z,0.0,8.125,128.125,30.02,0.81
2016-09-30T12:00:00Z,0.0,8.125,132.125,29.49,0.41
2016-09-30T12:00:00Z,0.0,8.125,136.125,29.73,0.6
2016-09-30T12:00:00Z,0.0,8.125,140.125,30.24,1.07
2016-09-30T12:00:00Z,0.0,8.125,144.125,30.32,1.07
2016-09-30T12:00:00Z,0.0,8.125,148.125,30.2,0.91
2016-09-30T12:00:00Z,0.0,8.125,152.125,30.17,0.86
2016-09-30T12:00:00Z,0.0,8.125,156.125,30.56,1.23
2016-09-30T12:00:00Z,0.0,8.125,160.125,30.64,1.33
2016-09-30T12:00:00Z,0.0,8.125,164.125,30.02,0.77
2016-09-30T12:00:00Z,0.0,8.125,168.125,30.12,0.87
2016-09-30T12:00:00Z,0.0,8.125,172.125,30.21,1.03
2016-09-30T12:00:00Z,0.0,8.125,176.125,29.98,0.83
2016-09-30T12:00:00Z,0.0,8.125,180.125,29.82,0.76
2016-09-30T12:00:00Z,0.0,8.125,184.125,29.46,0.48
2016-09-30T12:00:00Z,0.0,8.125,188.125,28.51,-0.4
2016-09-30T12:00:00Z,0.0,8.125,192.125,29.44,0.56
2016-09-30T12:00:00Z,0.0,8.125,196.125,30.03,1.28
2016-09-30T12:00:00Z,0.0,8.125,200.125,29.23,0.54
2016-09-30T12:00:00Z,0.0,8.125,204.125,29.51,0.89
2016-09-30T12:00:00Z,0.0,8.125,208.125,28.81,0.31
2016-09-30T12:00:00Z,0.0,8.125,212.125,28.81,0.41
2016-09-30T12:00:00Z,0.0,8.125,216.125,28.54,0.25
2016-09-30T12:00:00Z,0.0,8.125,220.125,28.26,0.03
2016-09-30T12:00:00Z,0.0,8.125,224.125,28.12,-0.04
2016-09-30T12:00:00Z,0.0,8.125,228.125,27.98,-0.09
2016-09-30T12:00:00Z,0.0,8.125,232.125,28.28,0.34
2016-09-30T12:00:00Z,0.0,8.125,236.125,27.88,0.04
2016-09-30T12:00:00Z,0.0,8.125,240.125,27.65,-0.06
2016-09-30T12:00:00Z,0.0,8.125,244.125,27.73,0.15
2016-09-30T12:00:00Z,0.0,8.125,248.125,27.78,0.3
2016-09-30T12:00:00Z,0.0,8.125,252.125,27.71,0.17
2016-09-30T12:00:00Z,0.0,8.125,256.125,27.51,0.0
2016-09-30T12:00:00Z,0.0,8.125,260.125,27.96,0.48
2016-09-30T12:00:00Z,0.0,8.125,264.125,28.53,1.13
2016-09-30T12:00:00Z,0.0,8.125,268.125,28.7,1.36
2016-09-30T12:00:00Z,0.0,8.125,272.125,28.56,1.13
2016-09-30T12:00:00Z,0.0,8.125,276.125,28.45,0.43
2016-09-30T12:00:00Z,0.0,8.125,280.125,29.18,0.94
2016-09-30T12:00:00Z,0.0,8.125,284.125,NaN,NaN
2016-09-30T12:00:00Z,0.0,8.125,288.125,NaN,NaN
2016-09-30T12:00:00Z,0.0,8.125,292.125,NaN,NaN
2016-09-30T12:00:00Z,0.0,8.125,296.125,NaN,NaN
2016-09-30T12:00:00Z,0.0,8.125,300.125,NaN,NaN
2016-09-30T12:00:00Z,0.0,8.125,304.125,29.9,1.42
2016-09-30T12:00:00Z,0.0,8.125,308.125,30.31,1.8
2016-09-30T12:00:00Z,0.0,8.125,312.125,30.14,1.38
2016-09-30T12:00:00Z,0.0,8.125,316.125,30.03,1.17
2016-09-30T12:00:00Z,0.0,8.125,320.125,29.36,0.77
2016-09-30T12:00:00Z,0.0,8.125,324.125,29.09,0.73
2016-09-30T12:00:00Z,0.0,8.125,328.125,29.31,1.06
2016-09-30T12:00:00Z,0.0,8.125,332.125,29.06,0.9
2016-09-30T12:00:00Z,0.0,8.125,336.125,28.75,0.6
2016-09-30T12:00:00Z,0.0,8.125,340.125,27.81,-0.23
2016-09-30T12:00:00Z,0.0,8.125,344.125,27.49,-0.29
2016-09-30T12:00:00Z,0.0,8.125,348.125,NaN,NaN
2016-09-30T12:00:00Z,0.0,8.125,352.125,NaN,NaN
2016-09-30T12:00:00Z,0.0,8.125,356.125,NaN,NaN
2016-09-30T12:00:00Z,0.0,12.125,0.125,NaN,NaN
2016-09-30T12:00:00Z,0.0,12.125,4.125,NaN,NaN
2016-09-30T12:00:00Z,0.0,12.125,8.125,NaN,NaN
2016-09-30T12:00:00Z,0.0,12.125,12.125,NaN,NaN
2016-09-30T12:00:00Z,0.0,12.125,16.125,NaN,NaN
2016-09-30T12:00:00Z,0.0,12.125,20.125,NaN,NaN
2016-09-30T12:00:00Z,0.0,12.125,24.125,NaN,NaN
2016-09-30T12:00:00Z,0.0,12.125,28.125,NaN,NaN
2016-09-30T12:00:00Z,0.0,12.125,32.125,NaN,NaN
2016-09-30T12:00:00Z,0.0,12.125,36.125,NaN,NaN
2016-09-30T12:00:00Z,0.0,12.125,40.125,NaN,NaN
2016-09-30T12:00:00Z,0.0,12.125,44.125,31.75,1.63
2016-09-30T12:00:00Z,0.0,12.125,48.125,31.33,1.28
2016-09-30T12:00:00Z,0.0,12.125,52.125,26.08,-0.74
2016-09-30T12:00:00Z,0.0,12.125,56.125,26.24,-0.19
2016-09-30T12:00:00Z,0.0,12.125,60.125,25.63,-1.39
2016-09-30T12:00:00Z,0.0,12.125,64.125,27.45,-0.17
2016-09-30T12:00:00Z,0.0,12.125,68.125,28.04,0.05
2016-09-30T12:00:00Z,0.0,12.125,72.125,28.31,0.13
2016-09-30T12:00:00Z,0.0,12.125,76.125,NaN,NaN
2016-09-30T12:00:00Z,0.0,12.125,80.125,29.06,0.17
2016-09-30T12:00:00Z,0.0,12.125,84.125,28.91,0.08
2016-09-30T12:00:00Z,0.0,12.125,88.125,28.93,0.21
2016-09-30T12:00:00Z,0.0,12.125,92.125,28.55,-0.04
2016-09-30T12:00:00Z,0.0,12.125,96.125,28.0,-0.47
2016-09-30T12:00:00Z,0.0,12.125,100.125,28.84,-0.09
2016-09-30T12:00:00Z,0.0,12.125,104.125,NaN,NaN
2016-09-30T12:00:00Z,0.0,12.125,108.125,NaN,NaN
2016-09-30T12:00:00Z,0.0,12.125,112.125,28.42,-0.28
2016-09-30T12:00:00Z,0.0,12.125,116.125,29.52,0.62
2016-09-30T12:00:00Z,0.0,12.125,120.125,28.5,-0.5
2016-09-30T12:00:00Z,0.0,12.125,124.125,29.55,0.44
2016-09-30T12:00:00Z,0.0,12.125,128.125,29.61,0.42
2016-09-30T12:00:00Z,0.0,12.125,132.125,29.59,0.45
2016-09-30T12:00:00Z,0.0,12.125,136.125,29.24,0.11
2016-09-30T12:00:00Z,0.0,12.125,140.125,29.27,0.1
2016-09-30T12:00:00Z,0.0,12.125,144.125,30.02,0.79
2016-09-30T12:00:00Z,0.0,12.125,148.125,30.11,0.84
2016-09-30T12:00:00Z,0.0,12.125,152.125,29.82,0.51
2016-09-30T12:00:00Z,0.0,12.125,156.125,29.88,0.66
2016-09-30T12:00:00Z,0.0,12.125,160.125,29.57,0.46
2016-09-30T12:00:00Z,0.0,12.125,164.125,29.88,0.95
2016-09-30T12:00:00Z,0.0,12.125,168.125,29.89,1.02
2016-09-30T12:00:00Z,0.0,12.125,172.125,29.71,0.94
2016-09-30T12:00:00Z,0.0,12.125,176.125,29.68,1.05
2016-09-30T12:00:00Z,0.0,12.125,180.125,29.72,1.19
2016-09-30T12:00:00Z,0.0,12.125,184.125,29.3,0.87
2016-09-30T12:00:00Z,0.0,12.125,188.125,29.37,1.07
2016-09-30T12:00:00Z,0.0,12.125,192.125,28.9,0.69
2016-09-30T12:00:00Z,0.0,12.125,196.125,28.95,0.92
2016-09-30T12:00:00Z,0.0,12.125,200.125,29.22,1.33
2016-09-30T12:00:00Z,0.0,12.125,204.125,28.86,0.98
2016-09-30T12:00:00Z,0.0,12.125,208.125,28.3,0.43
2016-09-30T12:00:00Z,0.0,12.125,212.125,28.39,0.58
2016-09-30T12:00:00Z,0.0,12.125,216.125,29.06,1.29
2016-09-30T12:00:00Z,0.0,12.125,220.125,27.34,-0.39
2016-09-30T12:00:00Z,0.0,12.125,224.125,28.07,0.36
2016-09-30T12:00:00Z,0.0,12.125,228.125,27.9,0.13
2016-09-30T12:00:00Z,0.0,12.125,232.125,28.29,0.47
2016-09-30T12:00:00Z,0.0,12.125,236.125,28.35,0.45
2016-09-30T12:00:00Z,0.0,12.125,240.125,28.6,0.61
2016-09-30T12:00:00Z,0.0,12.125,244.125,28.78,0.74
2016-09-30T12:00:00Z,0.0,12.125,248.125,28.58,0.47
2016-09-30T12:00:00Z,0.0,12.125,252.125,28.79,0.56
2016-09-30T12:00:00Z,0.0,12.125,256.125,29.47,1.08
2016-09-30T12:00:00Z,0.0,12.125,260.125,29.4,0.81
2016-09-30T12:00:00Z,0.0,12.125,264.125,29.23,0.79
2016-09-30T12:00:00Z,0.0,12.125,268.125,29.69,0.97
2016-09-30T12:00:00Z,0.0,12.125,272.125,29.6,0.89
2016-09-30T12:00:00Z,0.0,12.125,276.125,NaN,NaN
2016-09-30T12:00:00Z,0.0,12.125,280.125,29.12,0.48
2016-09-30T12:00:00Z,0.0,12.125,284.125,28.92,0.34
2016-09-30T12:00:00Z,0.0,12.125,288.125,NaN,NaN
2016-09-30T12:00:00Z,0.0,12.125,292.125,29.56,1.17
2016-09-30T12:00:00Z,0.0,12.125,296.125,29.15,0.72
2016-09-30T12:00:00Z,0.0,12.125,300.125,29.56,0.93
2016-09-30T12:00:00Z,0.0,12.125,304.125,28.88,0.35
2016-09-30T12:00:00Z,0.0,12.125,308.125,28.26,-0.08
2016-09-30T12:00:00Z,0.0,12.125,312.125,28.57,0.41
2016-09-30T12:00:00Z,0.0,12.125,316.125,28.15,0.25
2016-09-30T12:00:00Z,0.0,12.125,320.125,28.23,0.52
2016-09-30T12:00:00Z,0.0,12.125,324.125,28.24,0.55
2016-09-30T12:00:00Z,0.0,12.125,328.125,28.68,0.96
2016-09-30T12:00:00Z,0.0,12.125,332.125,28.42,0.65
2016-09-30T12:00:00Z,0.0,12.125,336.125,28.29,0.49
2016-09-30T12:00:00Z,0.0,12.125,340.125,28.49,0.39
2016-09-30T12:00:00Z,0.0,12.125,344.125,NaN,NaN
2016-09-30T12:00:00Z,0.0,12.125,348.125,NaN,NaN
2016-09-30T12:00:00Z,0.0,12.125,352.125,NaN,NaN
2016-09-30T12:00:00Z,0.0,12.125,356.125,NaN,NaN
2016-09-30T12:00:00Z,0.0,16.125,0.125,NaN,NaN
2016-09-30T12:00:00Z,0.0,16.125,4.125,NaN,NaN
2016-09-30T12:00:00Z,0.0,16.125,8.125,NaN,NaN
2016-09-30T12:00:00Z,0.0,16.125,12.125,NaN,NaN
2016-09-30T12:00:00Z,0.0,16.125,16.125,NaN,NaN
2016-09-30T12:00:00Z,0.0,16.125,20.125,NaN,NaN
2016-09-30T12:00:00Z,0.0,16.125,24.125,NaN,NaN
2016-09-30T12:00:00Z,0.0,16.125,28.125,NaN,NaN
2016-09-30T12:00:00Z,0.0,16.125,32.125,NaN,NaN
2016-09-30T12:00:00Z,0.0,16.125,36.125,NaN,NaN
2016-09-30T12:00:00Z,0.0,16.125,40.125,32.46,0.87
2016-09-30T12:00:00Z,0.0,16.125,44.125,NaN,NaN
2016-09-30T12:00:00Z,0.0,16.125,48.125,NaN,NaN
2016-09-30T12:00:00Z,0.0,16.125,52.125,NaN,NaN
2016-09-30T12:00:00Z,0.0,16.125,56.125,25.78,-0.7
2016-09-30T12:00:00Z,0.0,16.125,60.125,26.37,-0.4
2016-09-30T12:00:00Z,0.0,16.125,64.125,27.19,-0.11
2016-09-30T12:00:00Z,0.0,16.125,68.125,28.12,0.26
2016-09-30T12:00:00Z,0.0,16.125,72.125,27.82,-0.44
2016-09-30T12:00:00Z,0.0,16.125,76.125,NaN,NaN
2016-09-30T12:00:00Z,0.0,16.125,80.125,NaN,NaN
2016-09-30T12:00:00Z,0.0,16.125,84.125,29.27,0.22
2016-09-30T12:00:00Z,0.0,16.125,88.125,29.42,0.46
2016-09-30T12:00:00Z,0.0,16.125,92.125,29.17,0.28
2016-09-30T12:00:00Z,0.0,16.125,96.125,29.14,0.39
2016-09-30T12:00:00Z,0.0,16.125,100.125,NaN,NaN
2016-09-30T12:00:00Z,0.0,16.125,104.125,NaN,NaN
2016-09-30T12:00:00Z,0.0,16.125,108.125,NaN,NaN
2016-09-30T12:00:00Z,0.0,16.125,112.125,28.79,0.23
2016-09-30T12:00:00Z,0.0,16.125,116.125,29.31,0.48
2016-09-30T12:00:00Z,0.0,16.125,120.125,29.36,0.33
2016-09-30T12:00:00Z,0.0,16.125,124.125,29.73,0.66
2016-09-30T12:00:00Z,0.0,16.125,128.125,29.49,0.44
2016-09-30T12:00:00Z,0.0,16.125,132.125,29.46,0.35
2016-09-30T12:00:00Z,0.0,16.125,136.125,28.94,-0.18
2016-09-30T12:00:00Z,0.0,16.125,140.125,29.09,-0.12
2016-09-30T12:00:00Z,0.0,16.125,144.125,29.65,0.42
2016-09-30T12:00:00Z,0.0,16.125,148.125,29.44,0.21
2016-09-30T12:00:00Z,0.0,16.125,152.125,28.96,-0.25
2016-09-30T12:00:00Z,0.0,16.125,156.125,28.93,-0.19
2016-09-30T12:00:00Z,0.0,16.125,160.125,29.11,0.12
2016-09-30T12:00:00Z,0.0,16.125,164.125,28.91,0.03
2016-09-30T12:00:00Z,0.0,16.125,168.125,28.89,0.11
2016-09-30T12:00:00Z,0.0,16.125,172.125,28.79,0.13
2016-09-30T12:00:00Z,0.0,16.125,176.125,29.17,0.65
2016-09-30T12:00:00Z,0.0,16.125,180.125,29.55,1.18
2016-09-30T12:00:00Z,0.0,16.125,184.125,29.29,1.15
2016-09-30T12:00:00Z,0.0,16.125,188.125,28.88,0.92
2016-09-30T12:00:00Z,0.0,16.125,192.125,28.8,1.03
2016-09-30T12:00:00Z,0.0,16.125,196.125,28.07,0.59
2016-09-30T12:00:00Z,0.0,16.125,200.125,28.66,1.5
2016-09-30T12:00:00Z,0.0,16.125,204.125,28.18,1.25
2016-09-30T12:00:00Z,0.0,16.125,208.125,27.8,0.99
2016-09-30T12:00:00Z,0.0,16.125,212.125,27.45,0.76
2016-09-30T12:00:00Z,0.0,16.125,216.125,27.7,1.08
2016-09-30T12:00:00Z,0.0,16.125,220.125,27.35,0.71
2016-09-30T12:00:00Z,0.0,16.125,224.125,26.89,0.22
2016-09-30T12:00:00Z,0.0,16.125,228.125,27.73,1.01
2016-09-30T12:00:00Z,0.0,16.125,232.125,28.04,1.26
2016-09-30T12:00:00Z,0.0,16.125,236.125,27.48,0.44
2016-09-30T12:00:00Z,0.0,16.125,240.125,25.77,-1.53
2016-09-30T12:00:00Z,0.0,16.125,244.125,28.0,0.26
2016-09-30T12:00:00Z,0.0,16.125,248.125,28.31,0.34
2016-09-30T12:00:00Z,0.0,16.125,252.125,29.11,0.67
2016-09-30T12:00:00Z,0.0,16.125,256.125,29.41,0.38
2016-09-30T12:00:00Z,0.0,16.125,260.125,29.87,0.42
2016-09-30T12:00:00Z,0.0,16.125,264.125,NaN,NaN
2016-09-30T12:00:00Z,0.0,16.125,268.125,NaN,NaN
2016-09-30T12:00:00Z,0.0,16.125,272.125,29.8,0.63
2016-09-30T12:00:00Z,0.0,16.125,276.125,30.12,1.28
2016-09-30T12:00:00Z,0.0,16.125,280.125,29.45,0.66
2016-09-30T12:00:00Z,0.0,16.125,284.125,29.64,0.94
2016-09-30T12:00:00Z,0.0,16.125,288.125,29.22,0.49
2016-09-30T12:00:00Z,0.0,16.125,292.125,29.74,1.0
2016-09-30T12:00:00Z,0.0,16.125,296.125,28.74,0.04
2016-09-30T12:00:00Z,0.0,16.125,300.125,28.86,0.48
2016-09-30T12:00:00Z,0.0,16.125,304.125,28.68,0.57
2016-09-30T12:00:00Z,0.0,16.125,308.125,28.53,0.73
2016-09-30T12:00:00Z,0.0,16.125,312.125,27.6,0.14
2016-09-30T12:00:00Z,0.0,16.125,316.125,27.04,-0.16
2016-09-30T12:00:00Z,0.0,16.125,320.125,27.65,0.69
2016-09-30T12:00:00Z,0.0,16.125,324.125,27.53,0.7
2016-09-30T12:00:00Z,0.0,16.125,328.125,27.42,0.65
2016-09-30T12:00:00Z,0.0,16.125,332.125,27.3,0.49
2016-09-30T12:00:00Z,0.0,16.125,336.125,27.18,0.55
2016-09-30T12:00:00Z,0.0,16.125,340.125,28.19,0.91
2016-09-30T12:00:00Z,0.0,16.125,344.125,NaN,NaN
2016-09-30T12:00:00Z,0.0,16.125,348.125,NaN,NaN
2016-09-30T12:00:00Z,0.0,16.125,352.125,NaN,NaN
2016-09-30T12:00:00Z,0.0,16.125,356.125,NaN,NaN
2016-09-30T12:00:00Z,0.0,20.125,0.125,NaN,NaN
2016-09-30T12:00:00Z,0.0,20.125,4.125,NaN,NaN
2016-09-30T12:00:00Z,0.0,20.125,8.125,NaN,NaN
2016-09-30T12:00:00Z,0.0,20.125,12.125,NaN,NaN
2016-09-30T12:00:00Z,0.0,20.125,16.125,NaN,NaN
2016-09-30T12:00:00Z,0.0,20.125,20.125,NaN,NaN
2016-09-30T12:00:00Z,0.0,20.125,24.125,NaN,NaN
2016-09-30T12:00:00Z,0.0,20.125,28.125,NaN,NaN
2016-09-30T12:00:00Z,0.0,20.125,32.125,NaN,NaN
2016-09-30T12:00:00Z,0.0,20.125,36.125,NaN,NaN
2016-09-30T12:00:00Z,0.0,20.125,40.125,31.85,0.97
2016-09-30T12:00:00Z,0.0,20.125,44.125,NaN,NaN
2016-09-30T12:00:00Z,0.0,20.125,48.125,NaN,NaN
2016-09-30T12:00:00Z,0.0,20.125,52.125,NaN,NaN
2016-09-30T12:00:00Z,0.0,20.125,56.125,NaN,NaN
2016-09-30T12:00:00Z,0.0,20.125,60.125,27.11,0.31
2016-09-30T12:00:00Z,0.0,20.125,64.125,27.75,0.12
2016-09-30T12:00:00Z,0.0,20.125,68.125,28.36,0.23
2016-09-30T12:00:00Z,0.0,20.125,72.125,28.61,0.14
2016-09-30T12:00:00Z,0.0,20.125,76.125,NaN,NaN
2016-09-30T12:00:00Z,0.0,20.125,80.125,NaN,NaN
2016-09-30T12:00:00Z,0.0,20.125,84.125,NaN,NaN
2016-09-30T12:00:00Z,0.0,20.125,88.125,29.9,0.72
2016-09-30T12:00:00Z,0.0,20.125,92.125,29.35,0.35
2016-09-30T12:00:00Z,0.0,20.125,96.125,NaN,NaN
2016-09-30T12:00:00Z,0.0,20.125,100.125,NaN,NaN
2016-09-30T12:00:00Z,0.0,20.125,104.125,NaN,NaN
2016-09-30T12:00:00Z,0.0,20.125,108.125,28.0,-0.49
2016-09-30T12:00:00Z,0.0,20.125,112.125,27.91,-0.2
2016-09-30T12:00:00Z,0.0,20.125,116.125,29.07,0.93
2016-09-30T12:00:00Z,0.0,20.125,120.125,28.7,0.21
2016-09-30T12:00:00Z,0.0,20.125,124.125,28.58,-0.05
2016-09-30T12:00:00Z,0.0,20.125,128.125,28.33,-0.36
2016-09-30T12:00:00Z,0.0,20.125,132.125,28.27,-0.6
2016-09-30T12:00:00Z,0.0,20.125,136.125,29.1,0.21
2016-09-30T12:00:00Z,0.0,20.125,140.125,29.88,0.94
2016-09-30T12:00:00Z,0.0,20.125,144.125,29.44,0.49
2016-09-30T12:00:00Z,0.0,20.125,148.125,29.37,0.31
2016-09-30T12:00:00Z,0.0,20.125,152.125,29.15,0.11
2016-09-30T12:00:00Z,0.0,20.125,156.125,28.85,-0.09
2016-09-30T12:00:00Z,0.0,20.125,160.125,28.77,-0.05
2016-09-30T12:00:00Z,0.0,20.125,164.125,28.47,-0.28
2016-09-30T12:00:00Z,0.0,20.125,168.125,28.67,0.03
2016-09-30T12:00:00Z,0.0,20.125,172.125,28.6,0.09
2016-09-30T12:00:00Z,0.0,20.125,176.125,28.38,0.05
2016-09-30T12:00:00Z,0.0,20.125,180.125,28.53,0.34
2016-09-30T12:00:00Z,0.0,20.125,184.125,28.85,0.86
2016-09-30T12:00:00Z,0.0,20.125,188.125,28.48,0.74
2016-09-30T12:00:00Z,0.0,20.125,192.125,28.27,0.71
2016-09-30T12:00:00Z,0.0,20.125,196.125,27.34,-0.05
2016-09-30T12:00:00Z,0.0,20.125,200.125,27.65,0.43
2016-09-30T12:00:00Z,0.0,20.125,204.125,27.17,0.55
2016-09-30T12:00:00Z,0.0,20.125,208.125,26.14,0.05
2016-09-30T12:00:00Z,0.0,20.125,212.125,26.3,0.66
2016-09-30T12:00:00Z,0.0,20.125,216.125,26.39,1.13
2016-09-30T12:00:00Z,0.0,20.125,220.125,26.36,1.38
2016-09-30T12:00:00Z,0.0,20.125,224.125,25.52,0.75
2016-09-30T12:00:00Z,0.0,20.125,228.125,25.15,0.45
2016-09-30T12:00:00Z,0.0,20.125,232.125,25.58,1.0
2016-09-30T12:00:00Z,0.0,20.125,236.125,25.57,0.63
2016-09-30T12:00:00Z,0.0,20.125,240.125,25.35,0.04
2016-09-30T12:00:00Z,0.0,20.125,244.125,24.72,-1.28
2016-09-30T12:00:00Z,0.0,20.125,248.125,27.63,0.48
2016-09-30T12:00:00Z,0.0,20.125,252.125,28.46,-0.21
2016-09-30T12:00:00Z,0.0,20.125,256.125,NaN,NaN
2016-09-30T12:00:00Z,0.0,20.125,260.125,NaN,NaN
2016-09-30T12:00:00Z,0.0,20.125,264.125,30.18,1.57
2016-09-30T12:00:00Z,0.0,20.125,268.125,29.63,0.96
2016-09-30T12:00:00Z,0.0,20.125,272.125,NaN,NaN
2016-09-30T12:00:00Z,0.0,20.125,276.125,30.43,1.22
2016-09-30T12:00:00Z,0.0,20.125,280.125,30.01,0.56
2016-09-30T12:00:00Z,0.0,20.125,284.125,NaN,NaN
2016-09-30T12:00:00Z,0.0,20.125,288.125,29.23,0.3
2016-09-30T12:00:00Z,0.0,20.125,292.125,29.45,0.8
2016-09-30T12:00:00Z,0.0,20.125,296.125,29.18,0.75
2016-09-30T12:00:00Z,0.0,20.125,300.125,28.73,0.53
2016-09-30T12:00:00Z,0.0,20.125,304.125,28.36,0.4
2016-09-30T12:00:00Z,0.0,20.125,308.125,28.7,0.98
2016-09-30T12:00:00Z,0.0,20.125,312.125,27.79,0.44
2016-09-30T12:00:00Z,0.0,20.125,316.125,26.9,-0.13
2016-09-30T12:00:00Z,0.0,20.125,320.125,26.86,0.17
2016-09-30T12:00:00Z,0.0,20.125,324.125,26.18,-0.12
2016-09-30T12:00:00Z,0.0,20.125,328.125,25.95,-0.04
2016-09-30T12:00:00Z,0.0,20.125,332.125,26.0,0.3
2016-09-30T12:00:00Z,0.0,20.125,336.125,25.63,0.46
2016-09-30T12:00:00Z,0.0,20.125,340.125,24.28,-0.23
2016-09-30T12:00:00Z,0.0,20.125,344.125,NaN,NaN
2016-09-30T12:00:00Z,0.0,20.125,348.125,NaN,NaN
2016-09-30T12:00:00Z,0.0,20.125,352.125,NaN,NaN
2016-09-30T12:00:00Z,0.0,20.125,356.125,NaN,NaN
2016-09-30T12:00:00Z,0.0,24.125,0.125,NaN,NaN
2016-09-30T12:00:00Z,0.0,24.125,4.125,NaN,NaN
2016-09-30T12:00:00Z,0.0,24.125,8.125,NaN,NaN
2016-09-30T12:00:00Z,0.0,24.125,12.125,NaN,NaN
2016-09-30T12:00:00Z,0.0,24.125,16.125,NaN,NaN
2016-09-30T12:00:00Z,0.0,24.125,20.125,NaN,NaN
2016-09-30T12:00:00Z,0.0,24.125,24.125,NaN,NaN
2016-09-30T12:00:00Z,0.0,24.125,28.125,NaN,NaN
2016-09-30T12:00:00Z,0.0,24.125,32.125,NaN,NaN
2016-09-30T12:00:00Z,0.0,24.125,36.125,28.57,-0.5
2016-09-30T12:00:00Z,0.0,24.125,40.125,NaN,NaN
2016-09-30T12:00:00Z,0.0,24.125,44.125,NaN,NaN
2016-09-30T12:00:00Z,0.0,24.125,48.125,NaN,NaN
2016-09-30T12:00:00Z,0.0,24.125,52.125,32.26,0.69
2016-09-30T12:00:00Z,0.0,24.125,56.125,NaN,NaN
2016-09-30T12:00:00Z,0.0,24.125,60.125,29.28,0.7
2016-09-30T12:00:00Z,0.0,24.125,64.125,28.41,0.63
2016-09-30T12:00:00Z,0.0,24.125,68.125,NaN,NaN
2016-09-30T12:00:00Z,0.0,24.125,72.125,NaN,NaN
2016-09-30T12:00:00Z,0.0,24.125,76.125,NaN,NaN
2016-09-30T12:00:00Z,0.0,24.125,80.125,NaN,NaN
2016-09-30T12:00:00Z,0.0,24.125,84.125,NaN,NaN
2016-09-30T12:00:00Z,0.0,24.125,88.125,NaN,NaN
2016-09-30T12:00:00Z,0.0,24.125,92.125,NaN,NaN
2016-09-30T12:00:00Z,0.0,24.125,96.125,NaN,NaN
2016-09-30T12:00:00Z,0.0,24.125,100.125,NaN,NaN
2016-09-30T12:00:00Z,0.0,24.125,104.125,NaN,NaN
2016-09-30T12:00:00Z,0.0,24.125,108.125,NaN,NaN
2016-09-30T12:00:00Z,0.0,24.125,112.125,NaN,NaN
2016-09-30T12:00:00Z,0.0,24.125,116.125,NaN,NaN
2016-09-30T12:00:00Z,0.0,24.125,120.125,26.76,-0.14
2016-09-30T12:00:00Z,0.0,24.125,124.125,27.51,-0.51
2016-09-30T12:00:00Z,0.0,24.125,128.125,28.87,0.79
2016-09-30T12:00:00Z,0.0,24.125,132.125,28.64,0.41
2016-09-30T12:00:00Z,0.0,24.125,136.125,29.06,0.71
2016-09-30T12:00:00Z,0.0,24.125,140.125,28.59,0.24
2016-09-30T12:00:00Z,0.0,24.125,144.125,28.28,-0.12
2016-09-30T12:00:00Z,0.0,24.125,148.125,28.64,0.11
2016-09-30T12:00:00Z,0.0,24.125,152.125,28.13,-0.39
2016-09-30T12:00:00Z,0.0,24.125,156.125,28.19,-0.26
2016-09-30T12:00:00Z,0.0,24.125,160.125,28.22,-0.1
2016-09-30T12:00:00Z,0.0,24.125,164.125,28.44,0.23
2016-09-30T12:00:00Z,0.0,24.125,168.125,28.28,0.1
2016-09-30T12:00:00Z,0.0,24.125,172.125,28.62,0.62
2016-09-30T12:00:00Z,0.0,24.125,176.125,28.33,0.56
2016-09-30T12:00:00Z,0.0,24.125,180.125,28.2,0.54
2016-09-30T12:00:00Z,0.0,24.125,184.125,28.08,0.63
2016-09-30T12:00:00Z,0.0,24.125,188.125,27.59,0.4
2016-09-30T12:00:00Z,0.0,24.125,192.125,27.88,0.95
2016-09-30T12:00:00Z,0.0,24.125,196.125,27.69,0.99
2016-09-30T12:00:00Z,0.0,24.125,200.125,26.89,0.55
2016-09-30T12:00:00Z,0.0,24.125,204.125,26.24,0.27
2016-09-30T12:00:00Z,0.0,24.125,208.125,25.52,-0.07
2016-09-30T12:00:00Z,0.0,24.125,212.125,25.64,0.61
2016-09-30T12:00:00Z,0.0,24.125,216.125,24.83,0.39
2016-09-30T12:00:00Z,0.0,24.125,220.125,24.23,0.38
2016-09-30T12:00:00Z,0.0,24.125,224.125,23.07,-0.18
2016-09-30T12:00:00Z,0.0,24.125,228.125,22.17,-0.6
2016-09-30T12:00:00Z,0.0,24.125,232.125,22.65,0.2
2016-09-30T12:00:00Z,0.0,24.125,236.125,22.46,-0.02
2016-09-30T12:00:00Z,0.0,24.125,240.125,23.37,0.43
2016-09-30T12:00:00Z,0.0,24.125,244.125,24.2,0.56
2016-09-30T12:00:00Z,0.0,24.125,248.125,26.53,-0.21
2016-09-30T12:00:00Z,0.0,24.125,252.125,29.79,0.18
2016-09-30T12:00:00Z,0.0,24.125,256.125,NaN,NaN
2016-09-30T12:00:00Z,0.0,24.125,260.125,NaN,NaN
2016-09-30T12:00:00Z,0.0,24.125,264.125,29.96,1.36
2016-09-30T12:00:00Z,0.0,24.125,268.125,30.1,1.26
2016-09-30T12:00:00Z,0.0,24.125,272.125,30.07,1.34
2016-09-30T12:00:00Z,0.0,24.125,276.125,30.15,1.26
2016-09-30T12:00:00Z,0.0,24.125,280.125,30.36,1.48
2016-09-30T12:00:00Z,0.0,24.125,284.125,29.71,0.92
2016-09-30T12:00:00Z,0.0,24.125,288.125,29.67,1.12
2016-09-30T12:00:00Z,0.0,24.125,292.125,29.55,1.02
2016-09-30T12:00:00Z,0.0,24.125,296.125,29.5,1.12
2016-09-30T12:00:00Z,0.0,24.125,300.125,28.55,0.43
2016-09-30T12:00:00Z,0.0,24.125,304.125,28.44,0.49
2016-09-30T12:00:00Z,0.0,24.125,308.125,27.96,0.29
2016-09-30T12:00:00Z,0.0,24.125,312.125,27.51,0.21
2016-09-30T12:00:00Z,0.0,24.125,316.125,27.01,0.1
2016-09-30T12:00:00Z,0.0,24.125,320.125,26.3,-0.23
2016-09-30T12:00:00Z,0.0,24.125,324.125,25.66,-0.49
2016-09-30T12:00:00Z,0.0,24.125,328.125,25.37,-0.37
2016-09-30T12:00:00Z,0.0,24.125,332.125,25.65,0.33
2016-09-30T12:00:00Z,0.0,24.125,336.125,25.42,0.6
2016-09-30T12:00:00Z,0.0,24.125,340.125,24.79,0.89
2016-09-30T12:00:00Z,0.0,24.125,344.125,19.49,-2.16
2016-09-30T12:00:00Z,0.0,24.125,348.125,NaN,NaN
2016-09-30T12:00:00Z,0.0,24.125,352.125,NaN,NaN
2016-09-30T12:00:00Z,0.0,24.125,356.125,NaN,NaN
2016-09-30T12:00:00Z,0.0,28.125,0.125,NaN,NaN
2016-09-30T12:00:00Z,0.0,28.125,4.125,NaN,NaN
2016-09-30T12:00:00Z,0.0,28.125,8.125,NaN,NaN
2016-09-30T12:00:00Z,0.0,28.125,12.125,NaN,NaN
2016-09-30T12:00:00Z,0.0,28.125,16.125,NaN,NaN
2016-09-30T12:00:00Z,0.0,28.125,20.125,NaN,NaN
2016-09-30T12:00:00Z,0.0,28.125,24.125,NaN,NaN
2016-09-30T12:00:00Z,0.0,28.125,28.125,NaN,NaN
2016-09-30T12:00:00Z,0.0,28.125,32.125,NaN,NaN
2016-09-30T12:00:00Z,0.0,28.125,36.125,NaN,NaN
2016-09-30T12:00:00Z,0.0,28.125,40.125,NaN,NaN
2016-09-30T12:00:00Z,0.0,28.125,44.125,NaN,NaN
2016-09-30T12:00:00Z,0.0,28.125,48.125,NaN,NaN
2016-09-30T12:00:00Z,0.0,28.125,52.125,NaN,NaN
2016-09-30T12:00:00Z,0.0,28.125,56.125,NaN,NaN
2016-09-30T12:00:00Z,0.0,28.125,60.125,NaN,NaN
2016-09-30T12:00:00Z,0.0,28.125,64.125,NaN,NaN
2016-09-30T12:00:00Z,0.0,28.125,68.125,NaN,NaN
2016-09-30T12:00:00Z,0.0,28.125,72.125,NaN,NaN
2016-09-30T12:00:00Z,0.0,28.125,76.125,NaN,NaN
2016-09-30T12:00:00Z,0.0,28.125,80.125,NaN,NaN
2016-09-30T12:00:00Z,0.0,28.125,84.125,NaN,NaN
2016-09-30T12:00:00Z,0.0,28.125,88.125,NaN,NaN
2016-09-30T12:00:00Z,0.0,28.125,92.125,NaN,NaN
2016-09-30T12:00:00Z,0.0,28.125,96.125,NaN,NaN
2016-09-30T12:00:00Z,0.0,28.125,100.125,NaN,NaN
2016-09-30T12:00:00Z,0.0,28.125,104.125,NaN,NaN
2016-09-30T12:00:00Z,0.0,28.125,108.125,NaN,NaN
2016-09-30T12:00:00Z,0.0,28.125,112.125,NaN,NaN
2016-09-30T12:00:00Z,0.0,28.125,116.125,NaN,NaN
2016-09-30T12:00:00Z,0.0,28.125,120.125,NaN,NaN
2016-09-30T12:00:00Z,0.0,28.125,124.125,27.6,1.27
2016-09-30T12:00:00Z,0.0,28.125,128.125,28.74,1.35
2016-09-30T12:00:00Z,0.0,28.125,132.125,28.7,1.15
2016-09-30T12:00:00Z,0.0,28.125,136.125,28.58,1.1
2016-09-30T12:00:00Z,0.0,28.125,140.125,28.47,1.03
2016-09-30T12:00:00Z,0.0,28.125,144.125,28.13,0.52
2016-09-30T12:00:00Z,0.0,28.125,148.125,28.54,0.9
2016-09-30T12:00:00Z,0.0,28.125,152.125,28.36,0.82
2016-09-30T12:00:00Z,0.0,28.125,156.125,28.33,0.85
2016-09-30T12:00:00Z,0.0,28.125,160.125,27.98,0.6
2016-09-30T12:00:00Z,0.0,28.125,164.125,28.02,0.83
2016-09-30T12:00:00Z,0.0,28.125,168.125,27.85,0.9
2016-09-30T12:00:00Z,0.0,28.125,172.125,28.21,1.46
2016-09-30T12:00:00Z,0.0,28.125,176.125,28.92,2.34
2016-09-30T12:00:00Z,0.0,28.125,180.125,27.53,1.11
2016-09-30T12:00:00Z,0.0,28.125,184.125,27.46,1.15
2016-09-30T12:00:00Z,0.0,28.125,188.125,27.32,1.16
2016-09-30T12:00:00Z,0.0,28.125,192.125,27.21,1.2
2016-09-30T12:00:00Z,0.0,28.125,196.125,26.02,0.19
2016-09-30T12:00:00Z,0.0,28.125,200.125,25.7,0.1
2016-09-30T12:00:00Z,0.0,28.125,204.125,25.53,0.27
2016-09-30T12:00:00Z,0.0,28.125,208.125,25.19,0.32
2016-09-30T12:00:00Z,0.0,28.125,212.125,24.21,-0.1
2016-09-30T12:00:00Z,0.0,28.125,216.125,23.47,-0.25
2016-09-30T12:00:00Z,0.0,28.125,220.125,22.67,-0.36
2016-09-30T12:00:00Z,0.0,28.125,224.125,22.16,-0.17
2016-09-30T12:00:00Z,0.0,28.125,228.125,21.49,-0.19
2016-09-30T12:00:00Z,0.0,28.125,232.125,20.91,-0.18
2016-09-30T12:00:00Z,0.0,28.125,236.125,21.31,0.67
2016-09-30T12:00:00Z,0.0,28.125,240.125,20.61,0.01
2016-09-30T12:00:00Z,0.0,28.125,244.125,21.93,0.99
2016-09-30T12:00:00Z,0.0,28.125,248.125,28.88,0.38
2016-09-30T12:00:00Z,0.0,28.125,252.125,NaN,NaN
2016-09-30T12:00:00Z,0.0,28.125,256.125,NaN,NaN
2016-09-30T12:00:00Z,0.0,28.125,260.125,NaN,NaN
2016-09-30T12:00:00Z,0.0,28.125,264.125,29.7,1.93
2016-09-30T12:00:00Z,0.0,28.125,268.125,29.72,1.87
2016-09-30T12:00:00Z,0.0,28.125,272.125,29.3,1.41
2016-09-30T12:00:00Z,0.0,28.125,276.125,28.86,0.83
2016-09-30T12:00:00Z,0.0,28.125,280.125,29.11,0.88
2016-09-30T12:00:00Z,0.0,28.125,284.125,29.29,1.41
2016-09-30T12:00:00Z,0.0,28.125,288.125,29.47,1.73
2016-09-30T12:00:00Z,0.0,28.125,292.125,29.69,1.93
2016-09-30T12:00:00Z,0.0,28.125,296.125,28.62,0.89
2016-09-30T12:00:00Z,0.0,28.125,300.125,28.35,0.78
2016-09-30T12:00:00Z,0.0,28.125,304.125,28.07,0.63
2016-09-30T12:00:00Z,0.0,28.125,308.125,27.85,0.58
2016-09-30T12:00:00Z,0.0,28.125,312.125,27.35,0.41
2016-09-30T12:00:00Z,0.0,28.125,316.125,26.85,0.21
2016-09-30T12:00:00Z,0.0,28.125,320.125,26.58,0.27
2016-09-30T12:00:00Z,0.0,28.125,324.125,26.24,0.29
2016-09-30T12:00:00Z,0.0,28.125,328.125,25.49,-0.03
2016-09-30T12:00:00Z,0.0,28.125,332.125,25.03,0.05
2016-09-30T12:00:00Z,0.0,28.125,336.125,24.75,0.39
2016-09-30T12:00:00Z,0.0,28.125,340.125,24.54,0.78
2016-09-30T12:00:00Z,0.0,28.125,344.125,23.43,0.47
2016-09-30T12:00:00Z,0.0,28.125,348.125,NaN,NaN
2016-09-30T12:00:00Z,0.0,28.125,352.125,NaN,NaN
2016-09-30T12:00:00Z,0.0,28.125,356.125,NaN,NaN
2016-09-30T12:00:00Z,0.0,32.125,0.125,NaN,NaN
2016-09-30T12:00:00Z,0.0,32.125,4.125,NaN,NaN
2016-09-30T12:00:00Z,0.0,32.125,8.125,NaN,NaN
2016-09-30T12:00:00Z,0.0,32.125,12.125,NaN,NaN
2016-09-30T12:00:00Z,0.0,32.125,16.125,26.33,0.82
2016-09-30T12:00:00Z,0.0,32.125,20.125,NaN,NaN
2016-09-30T12:00:00Z,0.0,32.125,24.125,25.97,1.08
2016-09-30T12:00:00Z,0.0,32.125,28.125,25.47,0.41
2016-09-30T12:00:00Z,0.0,32.125,32.125,26.49,0.69
2016-09-30T12:00:00Z,0.0,32.125,36.125,NaN,NaN
2016-09-30T12:00:00Z,0.0,32.125,40.125,NaN,NaN
2016-09-30T12:00:00Z,0.0,32.125,44.125,NaN,NaN
2016-09-30T12:00:00Z,0.0,32.125,48.125,NaN,NaN
2016-09-30T12:00:00Z,0.0,32.125,52.125,NaN,NaN
2016-09-30T12:00:00Z,0.0,32.125,56.125,NaN,NaN
2016-09-30T12:00:00Z,0.0,32.125,60.125,NaN,NaN
2016-09-30T12:00:00Z,0.0,32.125,64.125,NaN,NaN
2016-09-30T12:00:00Z,0.0,32.125,68.125,NaN,NaN
2016-09-30T12:00:00Z,0.0,32.125,72.125,NaN,NaN
2016-09-30T12:00:00Z,0.0,32.125,76.125,NaN,NaN
2016-09-30T12:00:00Z,0.0,32.125,80.125,NaN,NaN
2016-09-30T12:00:00Z,0.0,32.125,84.125,NaN,NaN
2016-09-30T12:00:00Z,0.0,32.125,88.125,NaN,NaN
2016-09-30T12:00:00Z,0.0,32.125,92.125,NaN,NaN
2016-09-30T12:00:00Z,0.0,32.125,96.125,NaN,NaN
2016-09-30T12:00:00Z,0.0,32.125,100.125,NaN,NaN
2016-09-30T12:00:00Z,0.0,32.125,104.125,NaN,NaN
2016-09-30T12:00:00Z,0.0,32.125,108.125,NaN,NaN
2016-09-30T12:00:00Z,0.0,32.125,112.125,NaN,NaN
2016-09-30T12:00:00Z,0.0,32.125,116.125,NaN,NaN
2016-09-30T12:00:00Z,0.0,32.125,120.125,NaN,NaN
2016-09-30T12:00:00Z,0.0,32.125,124.125,25.43,1.89
2016-09-30T12:00:00Z,0.0,32.125,128.125,27.45,1.86
2016-09-30T12:00:00Z,0.0,32.125,132.125,27.33,1.04
2016-09-30T12:00:00Z,0.0,32.125,136.125,28.09,1.59
2016-09-30T12:00:00Z,0.0,32.125,140.125,27.86,1.3
2016-09-30T12:00:00Z,0.0,32.125,144.125,27.6,1.0
2016-09-30T12:00:00Z,0.0,32.125,148.125,27.54,0.98
2016-09-30T12:00:00Z,0.0,32.125,152.125,27.7,1.25
2016-09-30T12:00:00Z,0.0,32.125,156.125,28.31,2.15
2016-09-30T12:00:00Z,0.0,32.125,160.125,27.68,1.68
2016-09-30T12:00:00Z,0.0,32.125,164.125,27.18,1.49
2016-09-30T12:00:00Z,0.0,32.125,168.125,26.55,1.18
2016-09-30T12:00:00Z,0.0,32.125,172.125,26.68,1.52
2016-09-30T12:00:00Z,0.0,32.125,176.125,25.92,1.08
2016-09-30T12:00:00Z,0.0,32.125,180.125,24.56,-0.03
2016-09-30T12:00:00Z,0.0,32.125,184.125,25.4,0.94
2016-09-30T12:00:00Z,0.0,32.125,188.125,26.25,1.76
2016-09-30T12:00:00Z,0.0,32.125,192.125,24.96,0.55
2016-09-30T12:00:00Z,0.0,32.125,196.125,24.85,0.62
2016-09-30T12:00:00Z,0.0,32.125,200.125,24.52,0.37
2016-09-30T12:00:00Z,0.0,32.125,204.125,24.32,0.39
2016-09-30T12:00:00Z,0.0,32.125,208.125,24.08,0.42
2016-09-30T12:00:00Z,0.0,32.125,212.125,23.73,0.5
2016-09-30T12:00:00Z,0.0,32.125,216.125,22.76,0.05
2016-09-30T12:00:00Z,0.0,32.125,220.125,21.94,-0.21
2016-09-30T12:00:00Z,0.0,32.125,224.125,21.2,-0.3
2016-09-30T12:00:00Z,0.0,32.125,228.125,20.75,0.03
2016-09-30T12:00:00Z,0.0,32.125,232.125,19.9,0.18
2016-09-30T12:00:00Z,0.0,32.125,236.125,18.33,-0.29
2016-09-30T12:00:00Z,0.0,32.125,240.125,18.94,0.38
2016-09-30T12:00:00Z,0.0,32.125,244.125,NaN,NaN
2016-09-30T12:00:00Z,0.0,32.125,248.125,NaN,NaN
2016-09-30T12:00:00Z,0.0,32.125,252.125,NaN,NaN
2016-09-30T12:00:00Z,0.0,32.125,256.125,NaN,NaN
2016-09-30T12:00:00Z,0.0,32.125,260.125,NaN,NaN
2016-09-30T12:00:00Z,0.0,32.125,264.125,NaN,NaN
2016-09-30T12:00:00Z,0.0,32.125,268.125,NaN,NaN
2016-09-30T12:00:00Z,0.0,32.125,272.125,NaN,NaN
2016-09-30T12:00:00Z,0.0,32.125,276.125,NaN,NaN
2016-09-30T12:00:00Z,0.0,32.125,280.125,26.97,0.15
2016-09-30T12:00:00Z,0.0,32.125,284.125,28.66,1.45
2016-09-30T12:00:00Z,0.0,32.125,288.125,28.24,2.0
2016-09-30T12:00:00Z,0.0,32.125,292.125,28.4,2.14
2016-09-30T12:00:00Z,0.0,32.125,296.125,27.96,1.61
2016-09-30T12:00:00Z,0.0,32.125,300.125,27.38,1.15
2016-09-30T12:00:00Z,0.0,32.125,304.125,26.63,0.46
2016-09-30T12:00:00Z,0.0,32.125,308.125,26.5,0.4
2016-09-30T12:00:00Z,0.0,32.125,312.125,26.61,0.68
2016-09-30T12:00:00Z,0.0,32.125,316.125,26.48,0.77
2016-09-30T12:00:00Z,0.0,32.125,320.125,26.3,0.89
2016-09-30T12:00:00Z,0.0,32.125,324.125,26.21,1.01
2016-09-30T12:00:00Z,0.0,32.125,328.125,25.52,0.63
2016-09-30T12:00:00Z,0.0,32.125,332.125,24.6,0.28
2016-09-30T12:00:00Z,0.0,32.125,336.125,24.23,0.32
2016-09-30T12:00:00Z,0.0,32.125,340.125,23.9,0.57
2016-09-30T12:00:00Z,0.0,32.125,344.125,23.3,0.64
2016-09-30T12:00:00Z,0.0,32.125,348.125,22.55,0.62
2016-09-30T12:00:00Z,0.0,32.125,352.125,NaN,NaN
2016-09-30T12:00:00Z,0.0,32.125,356.125,NaN,NaN
2016-09-30T12:00:00Z,0.0,36.125,0.125,25.05,2.51
2016-09-30T12:00:00Z,0.0,36.125,4.125,NaN,NaN
2016-09-30T12:00:00Z,0.0,36.125,8.125,NaN,NaN
2016-09-30T12:00:00Z,0.0,36.125,12.125,24.2,0.18
2016-09-30T12:00:00Z,0.0,36.125,16.125,24.41,0.1
2016-09-30T12:00:00Z,0.0,36.125,20.125,25.06,1.07
2016-09-30T12:00:00Z,0.0,36.125,24.125,23.92,1.09
2016-09-30T12:00:00Z,0.0,36.125,28.125,25.05,1.58
2016-09-30T12:00:00Z,0.0,36.125,32.125,27.2,2.17
2016-09-30T12:00:00Z,0.0,36.125,36.125,NaN,NaN
2016-09-30T12:00:00Z,0.0,36.125,40.125,NaN,NaN
2016-09-30T12:00:00Z,0.0,36.125,44.125,NaN,NaN
2016-09-30T12:00:00Z,0.0,36.125,48.125,NaN,NaN
2016-09-30T12:00:00Z,0.0,36.125,52.125,NaN,NaN
2016-09-30T12:00:00Z,0.0,36.125,56.125,NaN,NaN
2016-09-30T12:00:00Z,0.0,36.125,60.125,NaN,NaN
2016-09-30T12:00:00Z,0.0,36.125,64.125,NaN,NaN
2016-09-30T12:00:00Z,0.0,36.125,68.125,NaN,NaN
2016-09-30T12:00:00Z,0.0,36.125,72.125,NaN,NaN
2016-09-30T12:00:00Z,0.0,36.125,76.125,NaN,NaN
2016-09-30T12:00:00Z,0.0,36.125,80.125,NaN,NaN
2016-09-30T12:00:00Z,0.0,36.125,84.125,NaN,NaN
2016-09-30T12:00:00Z,0.0,36.125,88.125,NaN,NaN
2016-09-30T12:00:00Z,0.0,36.125,92.125,NaN,NaN
2016-09-30T12:00:00Z,0.0,36.125,96.125,NaN,NaN
2016-09-30T12:00:00Z,0.0,36.125,100.125,NaN,NaN
2016-09-30T12:00:00Z,0.0,36.125,104.125,NaN,NaN
2016-09-30T12:00:00Z,0.0,36.125,108.125,NaN,NaN
2016-09-30T12:00:00Z,0.0,36.125,112.125,NaN,NaN
2016-09-30T12:00:00Z,0.0,36.125,116.125,NaN,NaN
2016-09-30T12:00:00Z,0.0,36.125,120.125,NaN,NaN
2016-09-30T12:00:00Z,0.0,36.125,124.125,22.5,0.95
2016-09-30T12:00:00Z,0.0,36.125,128.125,NaN,NaN
2016-09-30T12:00:00Z,0.0,36.125,132.125,22.2,-0.86
2016-09-30T12:00:00Z,0.0,36.125,136.125,23.23,-0.1
2016-09-30T12:00:00Z,0.0,36.125,140.125,NaN,NaN
2016-09-30T12:00:00Z,0.0,36.125,144.125,24.75,0.79
2016-09-30T12:00:00Z,0.0,36.125,148.125,25.87,1.66
2016-09-30T12:00:00Z,0.0,36.125,152.125,25.88,1.48
2016-09-30T12:00:00Z,0.0,36.125,156.125,25.07,1.09
2016-09-30T12:00:00Z,0.0,36.125,160.125,25.0,1.26
2016-09-30T12:00:00Z,0.0,36.125,164.125,25.76,2.24
2016-09-30T12:00:00Z,0.0,36.125,168.125,24.86,1.81
2016-09-30T12:00:00Z,0.0,36.125,172.125,25.21,2.41
2016-09-30T12:00:00Z,0.0,36.125,176.125,23.26,0.83
2016-09-30T12:00:00Z,0.0,36.125,180.125,22.07,-0.21
2016-09-30T12:00:00Z,0.0,36.125,184.125,22.54,0.6
2016-09-30T12:00:00Z,0.0,36.125,188.125,22.34,0.46
2016-09-30T12:00:00Z,0.0,36.125,192.125,23.44,1.53
2016-09-30T12:00:00Z,0.0,36.125,196.125,22.99,1.04
2016-09-30T12:00:00Z,0.0,36.125,200.125,23.05,1.09
2016-09-30T12:00:00Z,0.0,36.125,204.125,22.86,0.94
2016-09-30T12:00:00Z,0.0,36.125,208.125,23.02,1.15
2016-09-30T12:00:00Z,0.0,36.125,212.125,22.23,0.6
2016-09-30T12:00:00Z,0.0,36.125,216.125,21.54,0.24
2016-09-30T12:00:00Z,0.0,36.125,220.125,21.57,0.65
2016-09-30T12:00:00Z,0.0,36.125,224.125,20.47,0.13
2016-09-30T12:00:00Z,0.0,36.125,228.125,19.78,0.24
2016-09-30T12:00:00Z,0.0,36.125,232.125,18.36,0.19
2016-09-30T12:00:00Z,0.0,36.125,236.125,15.87,-0.32
2016-09-30T12:00:00Z,0.0,36.125,240.125,NaN,NaN
2016-09-30T12:00:00Z,0.0,36.125,244.125,NaN,NaN
2016-09-30T12:00:00Z,0.0,36.125,248.125,NaN,NaN
2016-09-30T12:00:00Z,0.0,36.125,252.125,NaN,NaN
2016-09-30T12:00:00Z,0.0,36.125,256.125,NaN,NaN
2016-09-30T12:00:00Z,0.0,36.125,260.125,NaN,NaN
2016-09-30T12:00:00Z,0.0,36.125,264.125,NaN,NaN
2016-09-30T12:00:00Z,0.0,36.125,268.125,NaN,NaN
2016-09-30T12:00:00Z,0.0,36.125,272.125,NaN,NaN
2016-09-30T12:00:00Z,0.0,36.125,276.125,NaN,NaN
2016-09-30T12:00:00Z,0.0,36.125,280.125,NaN,NaN
2016-09-30T12:00:00Z,0.0,36.125,284.125,25.25,1.88
2016-09-30T12:00:00Z,0.0,36.125,288.125,28.19,2.56
2016-09-30T12:00:00Z,0.0,36.125,292.125,27.7,1.93
2016-09-30T12:00:00Z,0.0,36.125,296.125,26.68,1.2
2016-09-30T12:00:00Z,0.0,36.125,300.125,26.7,1.48
2016-09-30T12:00:00Z,0.0,36.125,304.125,26.07,1.18
2016-09-30T12:00:00Z,0.0,36.125,308.125,26.38,1.67
2016-09-30T12:00:00Z,0.0,36.125,312.125,24.3,-0.13
2016-09-30T12:00:00Z,0.0,36.125,316.125,25.16,0.87
2016-09-30T12:00:00Z,0.0,36.125,320.125,24.22,0.14
2016-09-30T12:00:00Z,0.0,36.125,324.125,24.66,0.89
2016-09-30T12:00:00Z,0.0,36.125,328.125,23.78,0.43
2016-09-30T12:00:00Z,0.0,36.125,332.125,23.81,0.78
2016-09-30T12:00:00Z,0.0,36.125,336.125,23.84,1.08
2016-09-30T12:00:00Z,0.0,36.125,340.125,23.33,1.07
2016-09-30T12:00:00Z,0.0,36.125,344.125,22.65,1.07
2016-09-30T12:00:00Z,0.0,36.125,348.125,22.47,1.25
2016-09-30T12:00:00Z,0.0,36.125,352.125,22.34,1.22
2016-09-30T12:00:00Z,0.0,36.125,356.125,21.7,0.8
2016-09-30T12:00:00Z,0.0,40.125,0.125,24.32,1.64
2016-09-30T12:00:00Z,0.0,40.125,4.125,24.63,2.05
2016-09-30T12:00:00Z,0.0,40.125,8.125,23.3,1.03
2016-09-30T12:00:00Z,0.0,40.125,12.125,24.02,1.35
2016-09-30T12:00:00Z,0.0,40.125,16.125,NaN,NaN
2016-09-30T12:00:00Z,0.0,40.125,20.125,NaN,NaN
2016-09-30T12:00:00Z,0.0,40.125,24.125,22.9,1.18
2016-09-30T12:00:00Z,0.0,40.125,28.125,NaN,NaN
2016-09-30T12:00:00Z,0.0,40.125,32.125,NaN,NaN
2016-09-30T12:00:00Z,0.0,40.125,36.125,NaN,NaN
2016-09-30T12:00:00Z,0.0,40.125,40.125,NaN,NaN
2016-09-30T12:00:00Z,0.0,40.125,44.125,NaN,NaN
2016-09-30T12:00:00Z,0.0,40.125,48.125,NaN,NaN
2016-09-30T12:00:00Z,0.0,40.125,52.125,21.78,0.18
2016-09-30T12:00:00Z,0.0,40.125,56.125,NaN,NaN
2016-09-30T12:00:00Z,0.0,40.125,60.125,NaN,NaN
2016-09-30T12:00:00Z,0.0,40.125,64.125,NaN,NaN
2016-09-30T12:00:00Z,0.0,40.125,68.125,NaN,NaN
2016-09-30T12:00:00Z,0.0,40.125,72.125,NaN,NaN
2016-09-30T12:00:00Z,0.0,40.125,76.125,NaN,NaN
2016-09-30T12:00:00Z,0.0,40.125,80.125,NaN,NaN
2016-09-30T12:00:00Z,0.0,40.125,84.125,NaN,NaN
2016-09-30T12:00:00Z,0.0,40.125,88.125,NaN,NaN
2016-09-30T12:00:00Z,0.0,40.125,92.125,NaN,NaN
2016-09-30T12:00:00Z,0.0,40.125,96.125,NaN,NaN
2016-09-30T12:00:00Z,0.0,40.125,100.125,NaN,NaN
2016-09-30T12:00:00Z,0.0,40.125,104.125,NaN,NaN
2016-09-30T12:00:00Z,0.0,40.125,108.125,NaN,NaN
2016-09-30T12:00:00Z,0.0,40.125,112.125,NaN,NaN
2016-09-30T12:00:00Z,0.0,40.125,116.125,NaN,NaN
2016-09-30T12:00:00Z,0.0,40.125,120.125,22.04,1.7
2016-09-30T12:00:00Z,0.0,40.125,124.125,NaN,NaN
2016-09-30T12:00:00Z,0.0,40.125,128.125,NaN,NaN
2016-09-30T12:00:00Z,0.0,40.125,132.125,19.16,0.12
2016-09-30T12:00:00Z,0.0,40.125,136.125,21.3,1.7
2016-09-30T12:00:00Z,0.0,40.125,140.125,NaN,NaN
2016-09-30T12:00:00Z,0.0,40.125,144.125,21.37,2.82
2016-09-30T12:00:00Z,0.0,40.125,148.125,20.67,1.82
2016-09-30T12:00:00Z,0.0,40.125,152.125,23.17,3.59
2016-09-30T12:00:00Z,0.0,40.125,156.125,23.45,4.21
2016-09-30T12:00:00Z,0.0,40.125,160.125,21.2,2.15
2016-09-30T12:00:00Z,0.0,40.125,164.125,22.07,3.26
2016-09-30T12:00:00Z,0.0,40.125,168.125,21.1,2.4
2016-09-30T12:00:00Z,0.0,40.125,172.125,17.93,-0.56
2016-09-30T12:00:00Z,0.0,40.125,176.125,16.37,-1.75
2016-09-30T12:00:00Z,0.0,40.125,180.125,17.49,-0.45
2016-09-30T12:00:00Z,0.0,40.125,184.125,18.46,0.46
2016-09-30T12:00:00Z,0.0,40.125,188.125,19.31,1.27
2016-09-30T12:00:00Z,0.0,40.125,192.125,20.04,1.87
2016-09-30T12:00:00Z,0.0,40.125,196.125,19.82,1.39
2016-09-30T12:00:00Z,0.0,40.125,200.125,20.65,1.96
2016-09-30T12:00:00Z,0.0,40.125,204.125,20.64,1.77
2016-09-30T12:00:00Z,0.0,40.125,208.125,21.28,2.18
2016-09-30T12:00:00Z,0.0,40.125,212.125,21.12,1.94
2016-09-30T12:00:00Z,0.0,40.125,216.125,20.8,1.67
2016-09-30T12:00:00Z,0.0,40.125,220.125,20.52,1.53
2016-09-30T12:00:00Z,0.0,40.125,224.125,19.45,0.83
2016-09-30T12:00:00Z,0.0,40.125,228.125,18.63,0.47
2016-09-30T12:00:00Z,0.0,40.125,232.125,17.94,1.05
2016-09-30T12:00:00Z,0.0,40.125,236.125,NaN,NaN
2016-09-30T12:00:00Z,0.0,40.125,240.125,NaN,NaN
2016-09-30T12:00:00Z,0.0,40.125,244.125,NaN,NaN
2016-09-30T12:00:00Z,0.0,40.125,248.125,NaN,NaN
2016-09-30T12:00:00Z,0.0,40.125,252.125,NaN,NaN
2016-09-30T12:00:00Z,0.0,40.125,256.125,NaN,NaN
2016-09-30T12:00:00Z,0.0,40.125,260.125,NaN,NaN
2016-09-30T12:00:00Z,0.0,40.125,264.125,NaN,NaN
2016-09-30T12:00:00Z,0.0,40.125,268.125,NaN,NaN
2016-09-30T12:00:00Z,0.0,40.125,272.125,NaN,NaN
2016-09-30T12:00:00Z,0.0,40.125,276.125,NaN,NaN
2016-09-30T12:00:00Z,0.0,40.125,280.125,NaN,NaN
2016-09-30T12:00:00Z,0.0,40.125,284.125,NaN,NaN
2016-09-30T12:00:00Z,0.0,40.125,288.125,20.33,1.14
2016-09-30T12:00:00Z,0.0,40.125,292.125,23.75,3.88
2016-09-30T12:00:00Z,0.0,40.125,296.125,22.76,0.07
2016-09-30T12:00:00Z,0.0,40.125,300.125,24.88,1.05
2016-09-30T12:00:00Z,0.0,40.125,304.125,25.13,1.2
2016-09-30T12:00:00Z,0.0,40.125,308.125,24.66,1.38
2016-09-30T12:00:00Z,0.0,40.125,312.125,20.2,-2.57
2016-09-30T12:00:00Z,0.0,40.125,316.125,23.87,1.04
2016-09-30T12:00:00Z,0.0,40.125,320.125,21.73,-0.49
2016-09-30T12:00:00Z,0.0,40.125,324.125,21.56,-0.37
2016-09-30T12:00:00Z,0.0,40.125,328.125,22.23,0.84
2016-09-30T12:00:00Z,0.0,40.125,332.125,21.44,0.48
2016-09-30T12:00:00Z,0.0,40.125,336.125,21.48,0.64
2016-09-30T12:00:00Z,0.0,40.125,340.125,22.45,1.94
2016-09-30T12:00:00Z,0.0,40.125,344.125,21.32,1.32
2016-09-30T12:00:00Z,0.0,40.125,348.125,19.92,0.41
2016-09-30T12:00:00Z,0.0,40.125,352.125,NaN,NaN
2016-09-30T12:00:00Z,0.0,40.125,356.125,NaN,NaN
2016-09-30T12:00:00Z,0.0,44.125,0.125,NaN,NaN
2016-09-30T12:00:00Z,0.0,44.125,4.125,NaN,NaN
2016-09-30T12:00:00Z,0.0,44.125,8.125,NaN,NaN
2016-09-30T12:00:00Z,0.0,44.125,12.125,NaN,NaN
2016-09-30T12:00:00Z,0.0,44.125,16.125,NaN,NaN
2016-09-30T12:00:00Z,0.0,44.125,20.125,NaN,NaN
2016-09-30T12:00:00Z,0.0,44.125,24.125,NaN,NaN
2016-09-30T12:00:00Z,0.0,44.125,28.125,NaN,NaN
2016-09-30T12:00:00Z,0.0,44.125,32.125,20.86,1.69
2016-09-30T12:00:00Z,0.0,44.125,36.125,19.71,0.55
2016-09-30T12:00:00Z,0.0,44.125,40.125,NaN,NaN
2016-09-30T12:00:00Z,0.0,44.125,44.125,NaN,NaN
2016-09-30T12:00:00Z,0.0,44.125,48.125,18.91,-0.17
2016-09-30T12:00:00Z,0.0,44.125,52.125,NaN,NaN
2016-09-30T12:00:00Z,0.0,44.125,56.125,NaN,NaN
2016-09-30T12:00:00Z,0.0,44.125,60.125,NaN,NaN
2016-09-30T12:00:00Z,0.0,44.125,64.125,NaN,NaN
2016-09-30T12:00:00Z,0.0,44.125,68.125,NaN,NaN
2016-09-30T12:00:00Z,0.0,44.125,72.125,NaN,NaN
2016-09-30T12:00:00Z,0.0,44.125,76.125,NaN,NaN
2016-09-30T12:00:00Z,0.0,44.125,80.125,NaN,NaN
2016-09-30T12:00:00Z,0.0,44.125,84.125,NaN,NaN
2016-09-30T12:00:00Z,0.0,44.125,88.125,NaN,NaN
2016-09-30T12:00:00Z,0.0,44.125,92.125,NaN,NaN
2016-09-30T12:00:00Z,0.0,44.125,96.125,NaN,NaN
2016-09-30T12:00:00Z,0.0,44.125,100.125,NaN,NaN
2016-09-30T12:00:00Z,0.0,44.125,104.125,NaN,NaN
2016-09-30T12:00:00Z,0.0,44.125,108.125,NaN,NaN
2016-09-30T12:00:00Z,0.0,44.125,112.125,NaN,NaN
2016-09-30T12:00:00Z,0.0,44.125,116.125,NaN,NaN
2016-09-30T12:00:00Z,0.0,44.125,120.125,NaN,NaN
2016-09-30T12:00:00Z,0.0,44.125,124.125,NaN,NaN
2016-09-30T12:00:00Z,0.0,44.125,128.125,NaN,NaN
2016-09-30T12:00:00Z,0.0,44.125,132.125,NaN,NaN
2016-09-30T12:00:00Z,0.0,44.125,136.125,15.78,0.56
2016-09-30T12:00:00Z,0.0,44.125,140.125,20.47,3.01
2016-09-30T12:00:00Z,0.0,44.125,144.125,16.58,2.83
2016-09-30T12:00:00Z,0.0,44.125,148.125,12.98,0.36
2016-09-30T12:00:00Z,0.0,44.125,152.125,15.29,3.0
2016-09-30T12:00:00Z,0.0,44.125,156.125,17.35,3.48
2016-09-30T12:00:00Z,0.0,44.125,160.125,18.19,4.32
2016-09-30T12:00:00Z,0.0,44.125,164.125,15.9,2.69
2016-09-30T12:00:00Z,0.0,44.125,168.125,13.48,0.78
2016-09-30T12:00:00Z,0.0,44.125,172.125,13.63,0.63
2016-09-30T12:00:00Z,0.0,44.125,176.125,13.06,-0.12
2016-09-30T12:00:00Z,0.0,44.125,180.125,11.75,-1.36
2016-09-30T12:00:00Z,0.0,44.125,184.125,13.07,-0.04
2016-09-30T12:00:00Z,0.0,44.125,188.125,13.91,0.59
2016-09-30T12:00:00Z,0.0,44.125,192.125,14.44,0.77
2016-09-30T12:00:00Z,0.0,44.125,196.125,15.26,1.1
2016-09-30T12:00:00Z,0.0,44.125,200.125,15.76,1.17
2016-09-30T12:00:00Z,0.0,44.125,204.125,17.76,2.8
2016-09-30T12:00:00Z,0.0,44.125,208.125,18.45,3.02
2016-09-30T12:00:00Z,0.0,44.125,212.125,18.71,2.93
2016-09-30T12:00:00Z,0.0,44.125,216.125,18.43,2.27
2016-09-30T12:00:00Z,0.0,44.125,220.125,17.89,1.57
2016-09-30T12:00:00Z,0.0,44.125,224.125,17.57,1.08
2016-09-30T12:00:00Z,0.0,44.125,228.125,17.51,0.98
2016-09-30T12:00:00Z,0.0,44.125,232.125,17.36,1.08
2016-09-30T12:00:00Z,0.0,44.125,236.125,NaN,NaN
2016-09-30T12:00:00Z,0.0,44.125,240.125,NaN,NaN
2016-09-30T12:00:00Z,0.0,44.125,244.125,NaN,NaN
2016-09-30T12:00:00Z,0.0,44.125,248.125,NaN,NaN
2016-09-30T12:00:00Z,0.0,44.125,252.125,NaN,NaN
2016-09-30T12:00:00Z,0.0,44.125,256.125,NaN,NaN
2016-09-30T12:00:00Z,0.0,44.125,260.125,NaN,NaN
2016-09-30T12:00:00Z,0.0,44.125,264.125,NaN,NaN
2016-09-30T12:00:00Z,0.0,44.125,268.125,NaN,NaN
2016-09-30T12:00:00Z,0.0,44.125,272.125,NaN,NaN
2016-09-30T12:00:00Z,0.0,44.125,276.125,NaN,NaN
2016-09-30T12:00:00Z,0.0,44.125,280.125,NaN,NaN
2016-09-30T12:00:00Z,0.0,44.125,284.125,NaN,NaN
2016-09-30T12:00:00Z,0.0,44.125,288.125,NaN,NaN
2016-09-30T12:00:00Z,0.0,44.125,292.125,13.48,1.32
2016-09-30T12:00:00Z,0.0,44.125,296.125,16.32,2.44
2016-09-30T12:00:00Z,0.0,44.125,300.125,16.63,1.43
2016-09-30T12:00:00Z,0.0,44.125,304.125,17.46,1.77
2016-09-30T12:00:00Z,0.0,44.125,308.125,16.38,1.59
2016-09-30T12:00:00Z,0.0,44.125,312.125,12.74,-2.15
2016-09-30T12:00:00Z,0.0,44.125,316.125,19.02,-0.45
2016-09-30T12:00:00Z,0.0,44.125,320.125,16.62,-3.11
2016-09-30T12:00:00Z,0.0,44.125,324.125,16.73,-2.48
2016-09-30T12:00:00Z,0.0,44.125,328.125,18.99,-0.08
2016-09-30T12:00:00Z,0.0,44.125,332.125,18.73,-0.01
2016-09-30T12:00:00Z,0.0,44.125,336.125,18.68,0.16
2016-09-30T12:00:00Z,0.0,44.125,340.125,18.99,0.71
2016-09-30T12:00:00Z,0.0,44.125,344.125,19.43,1.25
2016-09-30T12:00:00Z,0.0,44.125,348.125,19.71,1.83
2016-09-30T12:00:00Z,0.0,44.125,352.125,19.6,1.92
2016-09-30T12:00:00Z,0.0,44.125,356.125,20.18,1.38
2016-09-30T12:00:00Z,0.0,48.125,0.125,NaN,NaN
2016-09-30T12:00:00Z,0.0,48.125,4.125,NaN,NaN
2016-09-30T12:00:00Z,0.0,48.125,8.125,NaN,NaN
2016-09-30T12:00:00Z,0.0,48.125,12.125,NaN,NaN
2016-09-30T12:00:00Z,0.0,48.125,16.125,NaN,NaN
2016-09-30T12:00:00Z,0.0,48.125,20.125,NaN,NaN
2016-09-30T12:00:00Z,0.0,48.125,24.125,NaN,NaN
2016-09-30T12:00:00Z,0.0,48.125,28.125,NaN,NaN
2016-09-30T12:00:00Z,0.0,48.125,32.125,NaN,NaN
2016-09-30T12:00:00Z,0.0,48.125,36.125,NaN,NaN
2016-09-30T12:00:00Z,0.0,48.125,40.125,NaN,NaN
2016-09-30T12:00:00Z,0.0,48.125,44.125,NaN,NaN
2016-09-30T12:00:00Z,0.0,48.125,48.125,NaN,NaN
2016-09-30T12:00:00Z,0.0,48.125,52.125,NaN,NaN
2016-09-30T12:00:00Z,0.0,48.125,56.125,NaN,NaN
2016-09-30T12:00:00Z,0.0,48.125,60.125,NaN,NaN
2016-09-30T12:00:00Z,0.0,48.125,64.125,NaN,NaN
2016-09-30T12:00:00Z,0.0,48.125,68.125,NaN,NaN
2016-09-30T12:00:00Z,0.0,48.125,72.125,NaN,NaN
2016-09-30T12:00:00Z,0.0,48.125,76.125,NaN,NaN
2016-09-30T12:00:00Z,0.0,48.125,80.125,NaN,NaN
2016-09-30T12:00:00Z,0.0,48.125,84.125,NaN,NaN
2016-09-30T12:00:00Z,0.0,48.125,88.125,NaN,NaN
2016-09-30T12:00:00Z,0.0,48.125,92.125,NaN,NaN
2016-09-30T12:00:00Z,0.0,48.125,96.125,NaN,NaN
2016-09-30T12:00:00Z,0.0,48.125,100.125,NaN,NaN
2016-09-30T12:00:00Z,0.0,48.125,104.125,NaN,NaN
2016-09-30T12:00:00Z,0.0,48.125,108.125,NaN,NaN
2016-09-30T12:00:00Z,0.0,48.125,112.125,NaN,NaN
2016-09-30T12:00:00Z,0.0,48.125,116.125,NaN,NaN
2016-09-30T12:00:00Z,0.0,48.125,120.125,NaN,NaN
2016-09-30T12:00:00Z,0.0,48.125,124.125,NaN,NaN
2016-09-30T12:00:00Z,0.0,48.125,128.125,NaN,NaN
2016-09-30T12:00:00Z,0.0,48.125,132.125,NaN,NaN
2016-09-30T12:00:00Z,0.0,48.125,136.125,NaN,NaN
2016-09-30T12:00:00Z,0.0,48.125,140.125,15.34,1.98
2016-09-30T12:00:00Z,0.0,48.125,144.125,10.85,-0.35
2016-09-30T12:00:00Z,0.0,48.125,148.125,11.4,0.57
2016-09-30T12:00:00Z,0.0,48.125,152.125,9.77,1.49
2016-09-30T12:00:00Z,0.0,48.125,156.125,11.76,2.75
2016-09-30T12:00:00Z,0.0,48.125,160.125,12.21,1.94
2016-09-30T12:00:00Z,0.0,48.125,164.125,12.64,2.12
2016-09-30T12:00:00Z,0.0,48.125,168.125,12.09,1.85
2016-09-30T12:00:00Z,0.0,48.125,172.125,12.16,1.94
2016-09-30T12:00:00Z,0.0,48.125,176.125,11.71,1.47
2016-09-30T12:00:00Z,0.0,48.125,180.125,10.26,0.0
2016-09-30T12:00:00Z,0.0,48.125,184.125,10.38,0.01
2016-09-30T12:00:00Z,0.0,48.125,188.125,11.17,0.7
2016-09-30T12:00:00Z,0.0,48.125,192.125,12.48,1.77
2016-09-30T12:00:00Z,0.0,48.125,196.125,12.61,1.61
2016-09-30T12:00:00Z,0.0,48.125,200.125,12.81,1.4
2016-09-30T12:00:00Z,0.0,48.125,204.125,13.77,1.85
2016-09-30T12:00:00Z,0.0,48.125,208.125,14.31,1.93
2016-09-30T12:00:00Z,0.0,48.125,212.125,14.88,2.05
2016-09-30T12:00:00Z,0.0,48.125,216.125,15.58,2.24
2016-09-30T12:00:00Z,0.0,48.125,220.125,15.56,1.8
2016-09-30T12:00:00Z,0.0,48.125,224.125,15.55,1.33
2016-09-30T12:00:00Z,0.0,48.125,228.125,16.25,1.4
2016-09-30T12:00:00Z,0.0,48.125,232.125,15.22,0.64
2016-09-30T12:00:00Z,0.0,48.125,236.125,NaN,NaN
2016-09-30T12:00:00Z,0.0,48.125,240.125,NaN,NaN
2016-09-30T12:00:00Z,0.0,48.125,244.125,NaN,NaN
2016-09-30T12:00:00Z,0.0,48.125,248.125,NaN,NaN
2016-09-30T12:00:00Z,0.0,48.125,252.125,NaN,NaN
2016-09-30T12:00:00Z,0.0,48.125,256.125,NaN,NaN
2016-09-30T12:00:00Z,0.0,48.125,260.125,NaN,NaN
2016-09-30T12:00:00Z,0.0,48.125,264.125,NaN,NaN
2016-09-30T12:00:00Z,0.0,48.125,268.125,NaN,NaN
2016-09-30T12:00:00Z,0.0,48.125,272.125,14.22,4.03
2016-09-30T12:00:00Z,0.0,48.125,276.125,NaN,NaN
2016-09-30T12:00:00Z,0.0,48.125,280.125,NaN,NaN
2016-09-30T12:00:00Z,0.0,48.125,284.125,NaN,NaN
2016-09-30T12:00:00Z,0.0,48.125,288.125,NaN,NaN
2016-09-30T12:00:00Z,0.0,48.125,292.125,NaN,NaN
2016-09-30T12:00:00Z,0.0,48.125,296.125,11.23,0.2
2016-09-30T12:00:00Z,0.0,48.125,300.125,12.5,0.95
2016-09-30T12:00:00Z,0.0,48.125,304.125,NaN,NaN
2016-09-30T12:00:00Z,0.0,48.125,308.125,8.56,-1.32
2016-09-30T12:00:00Z,0.0,48.125,312.125,9.42,-0.09
2016-09-30T12:00:00Z,0.0,48.125,316.125,11.13,-1.4
2016-09-30T12:00:00Z,0.0,48.125,320.125,13.99,-2.21
2016-09-30T12:00:00Z,0.0,48.125,324.125,14.06,-1.8
2016-09-30T12:00:00Z,0.0,48.125,328.125,15.11,-0.8
2016-09-30T12:00:00Z,0.0,48.125,332.125,15.42,-0.62
2016-09-30T12:00:00Z,0.0,48.125,336.125,16.37,0.2
2016-09-30T12:00:00Z,0.0,48.125,340.125,15.65,-0.65
2016-09-30T12:00:00Z,0.0,48.125,344.125,16.31,0.11
2016-09-30T12:00:00Z,0.0,48.125,348.125,16.89,0.66
2016-09-30T12:00:00Z,0.0,48.125,352.125,16.66,0.63
2016-09-30T12:00:00Z,0.0,48.125,356.125,NaN,NaN
2016-09-30T12:00:00Z,0.0,52.125,0.125,NaN,NaN
2016-09-30T12:00:00Z,0.0,52.125,4.125,18.74,2.78
2016-09-30T12:00:00Z,0.0,52.125,8.125,NaN,NaN
2016-09-30T12:00:00Z,0.0,52.125,12.125,NaN,NaN
2016-09-30T12:00:00Z,0.0,52.125,16.125,NaN,NaN
2016-09-30T12:00:00Z,0.0,52.125,20.125,NaN,NaN
2016-09-30T12:00:00Z,0.0,52.125,24.125,NaN,NaN
2016-09-30T12:00:00Z,0.0,52.125,28.125,NaN,NaN
2016-09-30T12:00:00Z,0.0,52.125,32.125,NaN,NaN
2016-09-30T12:00:00Z,0.0,52.125,36.125,NaN,NaN
2016-09-30T12:00:00Z,0.0,52.125,40.125,NaN,NaN
2016-09-30T12:00:00Z,0.0,52.125,44.125,NaN,NaN
2016-09-30T12:00:00Z,0.0,52.125,48.125,NaN,NaN
2016-09-30T12:00:00Z,0.0,52.125,52.125,NaN,NaN
2016-09-30T12:00:00Z,0.0,52.125,56.125,NaN,NaN
2016-09-30T12:00:00Z,0.0,52.125,60.125,NaN,NaN
2016-09-30T12:00:00Z,0.0,52.125,64.125,NaN,NaN
2016-09-30T12:00:00Z,0.0,52.125,68.125,NaN,NaN
2016-09-30T12:00:00Z,0.0,52.125,72.125,NaN,NaN
2016-09-30T12:00:00Z,0.0,52.125,76.125,NaN,NaN
2016-09-30T12:00:00Z,0.0,52.125,80.125,NaN,NaN
2016-09-30T12:00:00Z,0.0,52.125,84.125,NaN,NaN
2016-09-30T12:00:00Z,0.0,52.125,88.125,NaN,NaN
2016-09-30T12:00:00Z,0.0,52.125,92.125,NaN,NaN
2016-09-30T12:00:00Z,0.0,52.125,96.125,NaN,NaN
2016-09-30T12:00:00Z,0.0,52.125,100.125,NaN,NaN
2016-09-30T12:00:00Z,0.0,52.125,104.125,NaN,NaN
2016-09-30T12:00:00Z,0.0,52.125,108.125,NaN,NaN
2016-09-30T12:00:00Z,0.0,52.125,112.125,NaN,NaN
2016-09-30T12:00:00Z,0.0,52.125,116.125,NaN,NaN
2016-09-30T12:00:00Z,0.0,52.125,120.125,NaN,NaN
2016-09-30T12:00:00Z,0.0,52.125,124.125,NaN,NaN
2016-09-30T12:00:00Z,0.0,52.125,128.125,NaN,NaN
2016-09-30T12:00:00Z,0.0,52.125,132.125,NaN,NaN
2016-09-30T12:00:00Z,0.0,52.125,136.125,NaN,NaN
2016-09-30T12:00:00Z,0.0,52.125,140.125,NaN,NaN
2016-09-30T12:00:00Z,0.0,52.125,144.125,10.41,0.57
2016-09-30T12:00:00Z,0.0,52.125,148.125,10.16,0.12
2016-09-30T12:00:00Z,0.0,52.125,152.125,9.54,0.15
2016-09-30T12:00:00Z,0.0,52.125,156.125,8.94,0.12
2016-09-30T12:00:00Z,0.0,52.125,160.125,9.32,-0.03
2016-09-30T12:00:00Z,0.0,52.125,164.125,10.49,0.95
2016-09-30T12:00:00Z,0.0,52.125,168.125,10.45,1.28
2016-09-30T12:00:00Z,0.0,52.125,172.125,10.97,2.28
2016-09-30T12:00:00Z,0.0,52.125,176.125,9.21,0.91
2016-09-30T12:00:00Z,0.0,52.125,180.125,8.87,0.83
2016-09-30T12:00:00Z,0.0,52.125,184.125,9.36,0.82
2016-09-30T12:00:00Z,0.0,52.125,188.125,9.19,0.61
2016-09-30T12:00:00Z,0.0,52.125,192.125,10.96,1.69
2016-09-30T12:00:00Z,0.0,52.125,196.125,11.61,1.68
2016-09-30T12:00:00Z,0.0,52.125,200.125,12.34,2.2
2016-09-30T12:00:00Z,0.0,52.125,204.125,12.62,2.24
2016-09-30T12:00:00Z,0.0,52.125,208.125,13.02,2.32
2016-09-30T12:00:00Z,0.0,52.125,212.125,13.5,2.43
2016-09-30T12:00:00Z,0.0,52.125,216.125,14.17,2.59
2016-09-30T12:00:00Z,0.0,52.125,220.125,13.94,1.74
2016-09-30T12:00:00Z,0.0,52.125,224.125,14.16,1.19
2016-09-30T12:00:00Z,0.0,52.125,228.125,13.19,0.48
2016-09-30T12:00:00Z,0.0,52.125,232.125,NaN,NaN
2016-09-30T12:00:00Z,0.0,52.125,236.125,NaN,NaN
2016-09-30T12:00:00Z,0.0,52.125,240.125,NaN,NaN
2016-09-30T12:00:00Z,0.0,52.125,244.125,NaN,NaN
2016-09-30T12:00:00Z,0.0,52.125,248.125,NaN,NaN
2016-09-30T12:00:00Z,0.0,52.125,252.125,NaN,NaN
2016-09-30T12:00:00Z,0.0,52.125,256.125,NaN,NaN
2016-09-30T12:00:00Z,0.0,52.125,260.125,NaN,NaN
2016-09-30T12:00:00Z,0.0,52.125,264.125,NaN,NaN
2016-09-30T12:00:00Z,0.0,52.125,268.125,NaN,NaN
2016-09-30T12:00:00Z,0.0,52.125,272.125,NaN,NaN
2016-09-30T12:00:00Z,0.0,52.125,276.125,NaN,NaN
2016-09-30T12:00:00Z,0.0,52.125,280.125,10.01,7.7
2016-09-30T12:00:00Z,0.0,52.125,284.125,NaN,NaN
2016-09-30T12:00:00Z,0.0,52.125,288.125,NaN,NaN
2016-09-30T12:00:00Z,0.0,52.125,292.125,NaN,NaN
2016-09-30T12:00:00Z,0.0,52.125,296.125,NaN,NaN
2016-09-30T12:00:00Z,0.0,52.125,300.125,NaN,NaN
2016-09-30T12:00:00Z,0.0,52.125,304.125,NaN,NaN
2016-09-30T12:00:00Z,0.0,52.125,308.125,6.57,0.41
2016-09-30T12:00:00Z,0.0,52.125,312.125,10.45,1.06
2016-09-30T12:00:00Z,0.0,52.125,316.125,11.59,0.38
2016-09-30T12:00:00Z,0.0,52.125,320.125,10.87,-0.47
2016-09-30T12:00:00Z,0.0,52.125,324.125,10.64,-0.78
2016-09-30T12:00:00Z,0.0,52.125,328.125,11.89,-0.34
2016-09-30T12:00:00Z,0.0,52.125,332.125,12.77,-0.25
2016-09-30T12:00:00Z,0.0,52.125,336.125,13.06,-0.58
2016-09-30T12:00:00Z,0.0,52.125,340.125,13.47,-0.79
2016-09-30T12:00:00Z,0.0,52.125,344.125,14.86,0.41
2016-09-30T12:00:00Z,0.0,52.125,348.125,14.72,0.45
2016-09-30T12:00:00Z,0.0,52.125,352.125,NaN,NaN
2016-09-30T12:00:00Z,0.0,52.125,356.125,NaN,NaN
2016-09-30T12:00:00Z,0.0,56.125,0.125,13.67,1.27
2016-09-30T12:00:00Z,0.0,56.125,4.125,15.64,2.29
2016-09-30T12:00:00Z,0.0,56.125,8.125,17.21,3.38
2016-09-30T12:00:00Z,0.0,56.125,12.125,16.37,3.2
2016-09-30T12:00:00Z,0.0,56.125,16.125,15.43,2.44
2016-09-30T12:00:00Z,0.0,56.125,20.125,15.75,2.23
2016-09-30T12:00:00Z,0.0,56.125,24.125,NaN,NaN
2016-09-30T12:00:00Z,0.0,56.125,28.125,NaN,NaN
2016-09-30T12:00:00Z,0.0,56.125,32.125,NaN,NaN
2016-09-30T12:00:00Z,0.0,56.125,36.125,NaN,NaN
2016-09-30T12:00:00Z,0.0,56.125,40.125,NaN,NaN
2016-09-30T12:00:00Z,0.0,56.125,44.125,NaN,NaN
2016-09-30T12:00:00Z,0.0,56.125,48.125,NaN,NaN
2016-09-30T12:00:00Z,0.0,56.125,52.125,NaN,NaN
2016-09-30T12:00:00Z,0.0,56.125,56.125,NaN,NaN
2016-09-30T12:00:00Z,0.0,56.125,60.125,NaN,NaN
2016-09-30T12:00:00Z,0.0,56.125,64.125,NaN,NaN
2016-09-30T12:00:00Z,0.0,56.125,68.125,NaN,NaN
2016-09-30T12:00:00Z,0.0,56.125,72.125,NaN,NaN
2016-09-30T12:00:00Z,0.0,56.125,76.125,NaN,NaN
2016-09-30T12:00:00Z,0.0,56.125,80.125,NaN,NaN
2016-09-30T12:00:00Z,0.0,56.125,84.125,NaN,NaN
2016-09-30T12:00:00Z,0.0,56.125,88.125,NaN,NaN
2016-09-30T12:00:00Z,0.0,56.125,92.125,NaN,NaN
2016-09-30T12:00:00Z,0.0,56.125,96.125,NaN,NaN
2016-09-30T12:00:00Z,0.0,56.125,100.125,NaN,NaN
2016-09-30T12:00:00Z,0.0,56.125,104.125,NaN,NaN
2016-09-30T12:00:00Z,0.0,56.125,108.125,NaN,NaN
2016-09-30T12:00:00Z,0.0,56.125,112.125,NaN,NaN
2016-09-30T12:00:00Z,0.0,56.125,116.125,NaN,NaN
2016-09-30T12:00:00Z,0.0,56.125,120.125,NaN,NaN
2016-09-30T12:00:00Z,0.0,56.125,124.125,NaN,NaN
2016-09-30T12:00:00Z,0.0,56.125,128.125,NaN,NaN
2016-09-30T12:00:00Z,0.0,56.125,132.125,NaN,NaN
2016-09-30T12:00:00Z,0.0,56.125,136.125,NaN,NaN
2016-09-30T12:00:00Z,0.0,56.125,140.125,7.73,-0.88
2016-09-30T12:00:00Z,0.0,56.125,144.125,7.39,-0.73
2016-09-30T12:00:00Z,0.0,56.125,148.125,7.08,-1.64
2016-09-30T12:00:00Z,0.0,56.125,152.125,7.37,-1.25
2016-09-30T12:00:00Z,0.0,56.125,156.125,NaN,NaN
2016-09-30T12:00:00Z,0.0,56.125,160.125,NaN,NaN
2016-09-30T12:00:00Z,0.0,56.125,164.125,8.67,-0.02
2016-09-30T12:00:00Z,0.0,56.125,168.125,8.59,0.22
2016-09-30T12:00:00Z,0.0,56.125,172.125,8.88,0.74
2016-09-30T12:00:00Z,0.0,56.125,176.125,9.36,1.38
2016-09-30T12:00:00Z,0.0,56.125,180.125,9.3,1.3
2016-09-30T12:00:00Z,0.0,56.125,184.125,9.56,1.41
2016-09-30T12:00:00Z,0.0,56.125,188.125,9.58,1.52
2016-09-30T12:00:00Z,0.0,56.125,192.125,10.13,2.32
2016-09-30T12:00:00Z,0.0,56.125,196.125,11.12,2.89
2016-09-30T12:00:00Z,0.0,56.125,200.125,NaN,NaN
2016-09-30T12:00:00Z,0.0,56.125,204.125,12.09,2.31
2016-09-30T12:00:00Z,0.0,56.125,208.125,12.6,2.66
2016-09-30T12:00:00Z,0.0,56.125,212.125,13.26,2.73
2016-09-30T12:00:00Z,0.0,56.125,216.125,12.81,1.82
2016-09-30T12:00:00Z,0.0,56.125,220.125,12.57,1.08
2016-09-30T12:00:00Z,0.0,56.125,224.125,12.42,0.93
2016-09-30T12:00:00Z,0.0,56.125,228.125,NaN,NaN
2016-09-30T12:00:00Z,0.0,56.125,232.125,NaN,NaN
2016-09-30T12:00:00Z,0.0,56.125,236.125,NaN,NaN
2016-09-30T12:00:00Z,0.0,56.125,240.125,NaN,NaN
2016-09-30T12:00:00Z,0.0,56.125,244.125,NaN,NaN
2016-09-30T12:00:00Z,0.0,56.125,248.125,NaN,NaN
2016-09-30T12:00:00Z,0.0,56.125,252.125,NaN,NaN
2016-09-30T12:00:00Z,0.0,56.125,256.125,NaN,NaN
2016-09-30T12:00:00Z,0.0,56.125,260.125,NaN,NaN
2016-09-30T12:00:00Z,0.0,56.125,264.125,NaN,NaN
2016-09-30T12:00:00Z,0.0,56.125,268.125,NaN,NaN
2016-09-30T12:00:00Z,0.0,56.125,272.125,NaN,NaN
2016-09-30T12:00:00Z,0.0,56.125,276.125,6.88,2.0
2016-09-30T12:00:00Z,0.0,56.125,280.125,6.46,1.49
2016-09-30T12:00:00Z,0.0,56.125,284.125,NaN,NaN
2016-09-30T12:00:00Z,0.0,56.125,288.125,NaN,NaN
2016-09-30T12:00:00Z,0.0,56.125,292.125,NaN,NaN
2016-09-30T12:00:00Z,0.0,56.125,296.125,NaN,NaN
2016-09-30T12:00:00Z,0.0,56.125,300.125,3.12,0.41
2016-09-30T12:00:00Z,0.0,56.125,304.125,7.22,2.04
2016-09-30T12:00:00Z,0.0,56.125,308.125,7.8,1.15
2016-09-30T12:00:00Z,0.0,56.125,312.125,7.3,-0.08
2016-09-30T12:00:00Z,0.0,56.125,316.125,8.04,0.69
2016-09-30T12:00:00Z,0.0,56.125,320.125,8.51,0.49
2016-09-30T12:00:00Z,0.0,56.125,324.125,9.34,0.28
2016-09-30T12:00:00Z,0.0,56.125,328.125,10.55,0.36
2016-09-30T12:00:00Z,0.0,56.125,332.125,11.03,-0.18
2016-09-30T12:00:00Z,0.0,56.125,336.125,12.01,-0.04
2016-09-30T12:00:00Z,0.0,56.125,340.125,12.63,0.12
2016-09-30T12:00:00Z,0.0,56.125,344.125,12.61,0.09
2016-09-30T12:00:00Z,0.0,56.125,348.125,13.12,0.25
2016-09-30T12:00:00Z,0.0,56.125,352.125,13.26,0.29
2016-09-30T12:00:00Z,0.0,56.125,356.125,NaN,NaN
2016-09-30T12:00:00Z,0.0,60.125,0.125,12.36,0.99
2016-09-30T12:00:00Z,0.0,60.125,4.125,13.66,1.69
2016-09-30T12:00:00Z,0.0,60.125,8.125,NaN,NaN
2016-09-30T12:00:00Z,0.0,60.125,12.125,NaN,NaN
2016-09-30T12:00:00Z,0.0,60.125,16.125,NaN,NaN
2016-09-30T12:00:00Z,0.0,60.125,20.125,NaN,NaN
2016-09-30T12:00:00Z,0.0,60.125,24.125,NaN,NaN
2016-09-30T12:00:00Z,0.0,60.125,28.125,13.85,2.81
2016-09-30T12:00:00Z,0.0,60.125,32.125,NaN,NaN
2016-09-30T12:00:00Z,0.0,60.125,36.125,NaN,NaN
2016-09-30T12:00:00Z,0.0,60.125,40.125,NaN,NaN
2016-09-30T12:00:00Z,0.0,60.125,44.125,NaN,NaN
2016-09-30T12:00:00Z,0.0,60.125,48.125,NaN,NaN
2016-09-30T12:00:00Z,0.0,60.125,52.125,NaN,NaN
2016-09-30T12:00:00Z,0.0,60.125,56.125,NaN,NaN
2016-09-30T12:00:00Z,0.0,60.125,60.125,NaN,NaN
2016-09-30T12:00:00Z,0.0,60.125,64.125,NaN,NaN
2016-09-30T12:00:00Z,0.0,60.125,68.125,NaN,NaN
2016-09-30T12:00:00Z,0.0,60.125,72.125,NaN,NaN
2016-09-30T12:00:00Z,0.0,60.125,76.125,NaN,NaN
2016-09-30T12:00:00Z,0.0,60.125,80.125,NaN,NaN
2016-09-30T12:00:00Z,0.0,60.125,84.125,NaN,NaN
2016-09-30T12:00:00Z,0.0,60.125,88.125,NaN,NaN
2016-09-30T12:00:00Z,0.0,60.125,92.125,NaN,NaN
2016-09-30T12:00:00Z,0.0,60.125,96.125,NaN,NaN
2016-09-30T12:00:00Z,0.0,60.125,100.125,NaN,NaN
2016-09-30T12:00:00Z,0.0,60.125,104.125,NaN,NaN
2016-09-30T12:00:00Z,0.0,60.125,108.125,NaN,NaN
2016-09-30T12:00:00Z,0.0,60.125,112.125,NaN,NaN
2016-09-30T12:00:00Z,0.0,60.125,116.125,NaN,NaN
2016-09-30T12:00:00Z,0.0,60.125,120.125,NaN,NaN
2016-09-30T12:00:00Z,0.0,60.125,124.125,NaN,NaN
2016-09-30T12:00:00Z,0.0,60.125,128.125,NaN,NaN
2016-09-30T12:00:00Z,0.0,60.125,132.125,NaN,NaN
2016-09-30T12:00:00Z,0.0,60.125,136.125,NaN,NaN
2016-09-30T12:00:00Z,0.0,60.125,140.125,NaN,NaN
2016-09-30T12:00:00Z,0.0,60.125,144.125,NaN,NaN
2016-09-30T12:00:00Z,0.0,60.125,148.125,NaN,NaN
2016-09-30T12:00:00Z,0.0,60.125,152.125,NaN,NaN
2016-09-30T12:00:00Z,0.0,60.125,156.125,7.72,1.71
2016-09-30T12:00:00Z,0.0,60.125,160.125,7.56,1.08
2016-09-30T12:00:00Z,0.0,60.125,164.125,NaN,NaN
2016-09-30T12:00:00Z,0.0,60.125,168.125,8.26,1.04
2016-09-30T12:00:00Z,0.0,60.125,172.125,8.25,1.22
2016-09-30T12:00:00Z,0.0,60.125,176.125,7.04,-0.04
2016-09-30T12:00:00Z,0.0,60.125,180.125,8.58,1.52
2016-09-30T12:00:00Z,0.0,60.125,184.125,8.41,1.62
2016-09-30T12:00:00Z,0.0,60.125,188.125,8.11,1.62
2016-09-30T12:00:00Z,0.0,60.125,192.125,10.77,3.46
2016-09-30T12:00:00Z,0.0,60.125,196.125,NaN,NaN
2016-09-30T12:00:00Z,0.0,60.125,200.125,NaN,NaN
2016-09-30T12:00:00Z,0.0,60.125,204.125,NaN,NaN
2016-09-30T12:00:00Z,0.0,60.125,208.125,11.65,1.98
2016-09-30T12:00:00Z,0.0,60.125,212.125,NaN,NaN
2016-09-30T12:00:00Z,0.0,60.125,216.125,NaN,NaN
2016-09-30T12:00:00Z,0.0,60.125,220.125,NaN,NaN
2016-09-30T12:00:00Z,0.0,60.125,224.125,NaN,NaN
2016-09-30T12:00:00Z,0.0,60.125,228.125,NaN,NaN
2016-09-30T12:00:00Z,0.0,60.125,232.125,NaN,NaN
2016-09-30T12:00:00Z,0.0,60.125,236.125,NaN,NaN
2016-09-30T12:00:00Z,0.0,60.125,240.125,NaN,NaN
2016-09-30T12:00:00Z,0.0,60.125,244.125,NaN,NaN
2016-09-30T12:00:00Z,0.0,60.125,248.125,NaN,NaN
2016-09-30T12:00:00Z,0.0,60.125,252.125,NaN,NaN
2016-09-30T12:00:00Z,0.0,60.125,256.125,NaN,NaN
2016-09-30T12:00:00Z,0.0,60.125,260.125,NaN,NaN
2016-09-30T12:00:00Z,0.0,60.125,264.125,NaN,NaN
2016-09-30T12:00:00Z,0.0,60.125,268.125,5.53,1.15
2016-09-30T12:00:00Z,0.0,60.125,272.125,5.3,1.26
2016-09-30T12:00:00Z,0.0,60.125,276.125,5.01,0.87
2016-09-30T12:00:00Z,0.0,60.125,280.125,6.24,2.0
2016-09-30T12:00:00Z,0.0,60.125,284.125,NaN,NaN
2016-09-30T12:00:00Z,0.0,60.125,288.125,NaN,NaN
2016-09-30T12:00:00Z,0.0,60.125,292.125,2.72,1.27
2016-09-30T12:00:00Z,0.0,60.125,296.125,1.42,-0.27
2016-09-30T12:00:00Z,0.0,60.125,300.125,5.82,2.05
2016-09-30T12:00:00Z,0.0,60.125,304.125,6.69,0.97
2016-09-30T12:00:00Z,0.0,60.125,308.125,6.49,1.23
2016-09-30T12:00:00Z,0.0,60.125,312.125,5.71,1.43
2016-09-30T12:00:00Z,0.0,60.125,316.125,NaN,NaN
2016-09-30T12:00:00Z,0.0,60.125,320.125,8.81,1.88
2016-09-30T12:00:00Z,0.0,60.125,324.125,9.25,1.61
2016-09-30T12:00:00Z,0.0,60.125,328.125,9.85,1.34
2016-09-30T12:00:00Z,0.0,60.125,332.125,10.96,1.39
2016-09-30T12:00:00Z,0.0,60.125,336.125,11.55,1.09
2016-09-30T12:00:00Z,0.0,60.125,340.125,11.58,0.71
2016-09-30T12:00:00Z,0.0,60.125,344.125,11.3,0.28
2016-09-30T12:00:00Z,0.0,60.125,348.125,11.64,0.39
2016-09-30T12:00:00Z,0.0,60.125,352.125,11.47,0.42
2016-09-30T12:00:00Z,0.0,60.125,356.125,12.04,0.87
2016-09-30T12:00:00Z,0.0,64.125,0.125,10.72,0.94
2016-09-30T12:00:00Z,0.0,64.125,4.125,11.64,1.02
2016-09-30T12:00:00Z,0.0,64.125,8.125,12.06,1.25
2016-09-30T12:00:00Z,0.0,64.125,12.125,NaN,NaN
2016-09-30T12:00:00Z,0.0,64.125,16.125,NaN,NaN
2016-09-30T12:00:00Z,0.0,64.125,20.125,NaN,NaN
2016-09-30T12:00:00Z,0.0,64.125,24.125,NaN,NaN
2016-09-30T12:00:00Z,0.0,64.125,28.125,NaN,NaN
2016-09-30T12:00:00Z,0.0,64.125,32.125,NaN,NaN
2016-09-30T12:00:00Z,0.0,64.125,36.125,NaN,NaN
2016-09-30T12:00:00Z,0.0,64.125,40.125,NaN,NaN
2016-09-30T12:00:00Z,0.0,64.125,44.125,NaN,NaN
2016-09-30T12:00:00Z,0.0,64.125,48.125,NaN,NaN
2016-09-30T12:00:00Z,0.0,64.125,52.125,NaN,NaN
2016-09-30T12:00:00Z,0.0,64.125,56.125,NaN,NaN
2016-09-30T12:00:00Z,0.0,64.125,60.125,NaN,NaN
2016-09-30T12:00:00Z,0.0,64.125,64.125,NaN,NaN
2016-09-30T12:00:00Z,0.0,64.125,68.125,NaN,NaN
2016-09-30T12:00:00Z,0.0,64.125,72.125,NaN,NaN
2016-09-30T12:00:00Z,0.0,64.125,76.125,NaN,NaN
2016-09-30T12:00:00Z,0.0,64.125,80.125,NaN,NaN
2016-09-30T12:00:00Z,0.0,64.125,84.125,NaN,NaN
2016-09-30T12:00:00Z,0.0,64.125,88.125,NaN,NaN
2016-09-30T12:00:00Z,0.0,64.125,92.125,NaN,NaN
2016-09-30T12:00:00Z,0.0,64.125,96.125,NaN,NaN
2016-09-30T12:00:00Z,0.0,64.125,100.125,NaN,NaN
2016-09-30T12:00:00Z,0.0,64.125,104.125,NaN,NaN
2016-09-30T12:00:00Z,0.0,64.125,108.125,NaN,NaN
2016-09-30T12:00:00Z,0.0,64.125,112.125,NaN,NaN
2016-09-30T12:00:00Z,0.0,64.125,116.125,NaN,NaN
2016-09-30T12:00:00Z,0.0,64.125,120.125,NaN,NaN
2016-09-30T12:00:00Z,0.0,64.125,124.125,NaN,NaN
2016-09-30T12:00:00Z,0.0,64.125,128.125,NaN,NaN
2016-09-30T12:00:00Z,0.0,64.125,132.125,NaN,NaN
2016-09-30T12:00:00Z,0.0,64.125,136.125,NaN,NaN
2016-09-30T12:00:00Z,0.0,64.125,140.125,NaN,NaN
2016-09-30T12:00:00Z,0.0,64.125,144.125,NaN,NaN
2016-09-30T12:00:00Z,0.0,64.125,148.125,NaN,NaN
2016-09-30T12:00:00Z,0.0,64.125,152.125,NaN,NaN
2016-09-30T12:00:00Z,0.0,64.125,156.125,NaN,NaN
2016-09-30T12:00:00Z,0.0,64.125,160.125,NaN,NaN
2016-09-30T12:00:00Z,0.0,64.125,164.125,NaN,NaN
2016-09-30T12:00:00Z,0.0,64.125,168.125,NaN,NaN
2016-09-30T12:00:00Z,0.0,64.125,172.125,NaN,NaN
2016-09-30T12:00:00Z,0.0,64.125,176.125,NaN,NaN
2016-09-30T12:00:00Z,0.0,64.125,180.125,5.54,0.84
2016-09-30T12:00:00Z,0.0,64.125,184.125,6.66,1.75
2016-09-30T12:00:00Z,0.0,64.125,188.125,6.19,2.21
2016-09-30T12:00:00Z,0.0,64.125,192.125,6.59,1.28
2016-09-30T12:00:00Z,0.0,64.125,196.125,8.58,1.91
2016-09-30T12:00:00Z,0.0,64.125,200.125,NaN,NaN
2016-09-30T12:00:00Z,0.0,64.125,204.125,NaN,NaN
2016-09-30T12:00:00Z,0.0,64.125,208.125,NaN,NaN
2016-09-30T12:00:00Z,0.0,64.125,212.125,NaN,NaN
2016-09-30T12:00:00Z,0.0,64.125,216.125,NaN,NaN
2016-09-30T12:00:00Z,0.0,64.125,220.125,NaN,NaN
2016-09-30T12:00:00Z,0.0,64.125,224.125,NaN,NaN
2016-09-30T12:00:00Z,0.0,64.125,228.125,NaN,NaN
2016-09-30T12:00:00Z,0.0,64.125,232.125,NaN,NaN
2016-09-30T12:00:00Z,0.0,64.125,236.125,NaN,NaN
2016-09-30T12:00:00Z,0.0,64.125,240.125,NaN,NaN
2016-09-30T12:00:00Z,0.0,64.125,244.125,NaN,NaN
2016-09-30T12:00:00Z,0.0,64.125,248.125,NaN,NaN
2016-09-30T12:00:00Z,0.0,64.125,252.125,NaN,NaN
2016-09-30T12:00:00Z,0.0,64.125,256.125,NaN,NaN
2016-09-30T12:00:00Z,0.0,64.125,260.125,NaN,NaN
2016-09-30T12:00:00Z,0.0,64.125,264.125,NaN,NaN
2016-09-30T12:00:00Z,0.0,64.125,268.125,NaN,NaN
2016-09-30T12:00:00Z,0.0,64.125,272.125,4.73,2.12
2016-09-30T12:00:00Z,0.0,64.125,276.125,NaN,NaN
2016-09-30T12:00:00Z,0.0,64.125,280.125,1.71,0.87
2016-09-30T12:00:00Z,0.0,64.125,284.125,1.71,0.45
2016-09-30T12:00:00Z,0.0,64.125,288.125,NaN,NaN
2016-09-30T12:00:00Z,0.0,64.125,292.125,NaN,NaN
2016-09-30T12:00:00Z,0.0,64.125,296.125,1.8,0.47
2016-09-30T12:00:00Z,0.0,64.125,300.125,3.57,1.22
2016-09-30T12:00:00Z,0.0,64.125,304.125,4.49,1.19
2016-09-30T12:00:00Z,0.0,64.125,308.125,3.54,0.77
2016-09-30T12:00:00Z,0.0,64.125,312.125,NaN,NaN
2016-09-30T12:00:00Z,0.0,64.125,316.125,NaN,NaN
2016-09-30T12:00:00Z,0.0,64.125,320.125,4.89,-0.33
2016-09-30T12:00:00Z,0.0,64.125,324.125,7.87,1.7
2016-09-30T12:00:00Z,0.0,64.125,328.125,9.03,1.39
2016-09-30T12:00:00Z,0.0,64.125,332.125,9.3,0.77
2016-09-30T12:00:00Z,0.0,64.125,336.125,9.45,0.68
2016-09-30T12:00:00Z,0.0,64.125,340.125,NaN,NaN
2016-09-30T12:00:00Z,0.0,64.125,344.125,9.17,0.04
2016-09-30T12:00:00Z,0.0,64.125,348.125,9.86,1.62
2016-09-30T12:00:00Z,0.0,64.125,352.125,9.52,1.59
2016-09-30T12:00:00Z,0.0,64.125,356.125,9.62,1.02
2016-09-30T12:00:00Z,0.0,68.125,0.125,9.51,0.72
2016-09-30T12:00:00Z,0.0,68.125,4.125,10.69,1.6
2016-09-30T12:00:00Z,0.0,68.125,8.125,11.42,1.84
2016-09-30T12:00:00Z,0.0,68.125,12.125,11.55,1.67
2016-09-30T12:00:00Z,0.0,68.125,16.125,10.78,1.16
2016-09-30T12:00:00Z,0.0,68.125,20.125,NaN,NaN
2016-09-30T12:00:00Z,0.0,68.125,24.125,NaN,NaN
2016-09-30T12:00:00Z,0.0,68.125,28.125,NaN,NaN
2016-09-30T12:00:00Z,0.0,68.125,32.125,NaN,NaN
2016-09-30T12:00:00Z,0.0,68.125,36.125,NaN,NaN
2016-09-30T12:00:00Z,0.0,68.125,40.125,8.7,2.43
2016-09-30T12:00:00Z,0.0,68.125,44.125,9.05,3.33
2016-09-30T12:00:00Z,0.0,68.125,48.125,9.89,4.84
2016-09-30T12:00:00Z,0.0,68.125,52.125,NaN,NaN
2016-09-30T12:00:00Z,0.0,68.125,56.125,NaN,NaN
2016-09-30T12:00:00Z,0.0,68.125,60.125,NaN,NaN
2016-09-30T12:00:00Z,0.0,68.125,64.125,NaN,NaN
2016-09-30T12:00:00Z,0.0,68.125,68.125,NaN,NaN
2016-09-30T12:00:00Z,0.0,68.125,72.125,NaN,NaN
2016-09-30T12:00:00Z,0.0,68.125,76.125,NaN,NaN
2016-09-30T12:00:00Z,0.0,68.125,80.125,NaN,NaN
2016-09-30T12:00:00Z,0.0,68.125,84.125,NaN,NaN
2016-09-30T12:00:00Z,0.0,68.125,88.125,NaN,NaN
2016-09-30T12:00:00Z,0.0,68.125,92.125,NaN,NaN
2016-09-30T12:00:00Z,0.0,68.125,96.125,NaN,NaN
2016-09-30T12:00:00Z,0.0,68.125,100.125,NaN,NaN
2016-09-30T12:00:00Z,0.0,68.125,104.125,NaN,NaN
2016-09-30T12:00:00Z,0.0,68.125,108.125,NaN,NaN
2016-09-30T12:00:00Z,0.0,68.125,112.125,NaN,NaN
2016-09-30T12:00:00Z,0.0,68.125,116.125,NaN,NaN
2016-09-30T12:00:00Z,0.0,68.125,120.125,NaN,NaN
2016-09-30T12:00:00Z,0.0,68.125,124.125,NaN,NaN
2016-09-30T12:00:00Z,0.0,68.125,128.125,NaN,NaN
2016-09-30T12:00:00Z,0.0,68.125,132.125,NaN,NaN
2016-09-30T12:00:00Z,0.0,68.125,136.125,NaN,NaN
2016-09-30T12:00:00Z,0.0,68.125,140.125,NaN,NaN
2016-09-30T12:00:00Z,0.0,68.125,144.125,NaN,NaN
2016-09-30T12:00:00Z,0.0,68.125,148.125,NaN,NaN
2016-09-30T12:00:00Z,0.0,68.125,152.125,NaN,NaN
2016-09-30T12:00:00Z,0.0,68.125,156.125,NaN,NaN
2016-09-30T12:00:00Z,0.0,68.125,160.125,NaN,NaN
2016-09-30T12:00:00Z,0.0,68.125,164.125,NaN,NaN
2016-09-30T12:00:00Z,0.0,68.125,168.125,NaN,NaN
2016-09-30T12:00:00Z,0.0,68.125,172.125,NaN,NaN
2016-09-30T12:00:00Z,0.0,68.125,176.125,NaN,NaN
2016-09-30T12:00:00Z,0.0,68.125,180.125,NaN,NaN
2016-09-30T12:00:00Z,0.0,68.125,184.125,4.29,2.41
2016-09-30T12:00:00Z,0.0,68.125,188.125,4.33,1.41
2016-09-30T12:00:00Z,0.0,68.125,192.125,4.79,0.35
2016-09-30T12:00:00Z,0.0,68.125,196.125,NaN,NaN
2016-09-30T12:00:00Z,0.0,68.125,200.125,NaN,NaN
2016-09-30T12:00:00Z,0.0,68.125,204.125,NaN,NaN
2016-09-30T12:00:00Z,0.0,68.125,208.125,NaN,NaN
2016-09-30T12:00:00Z,0.0,68.125,212.125,NaN,NaN
2016-09-30T12:00:00Z,0.0,68.125,216.125,NaN,NaN
2016-09-30T12:00:00Z,0.0,68.125,220.125,NaN,NaN
2016-09-30T12:00:00Z,0.0,68.125,224.125,NaN,NaN
2016-09-30T12:00:00Z,0.0,68.125,228.125,NaN,NaN
2016-09-30T12:00:00Z,0.0,68.125,232.125,NaN,NaN
2016-09-30T12:00:00Z,0.0,68.125,236.125,NaN,NaN
2016-09-30T12:00:00Z,0.0,68.125,240.125,NaN,NaN
2016-09-30T12:00:00Z,0.0,68.125,244.125,NaN,NaN
2016-09-30T12:00:00Z,0.0,68.125,248.125,2.69,1.35
2016-09-30T12:00:00Z,0.0,68.125,252.125,4.79,4.73
2016-09-30T12:00:00Z,0.0,68.125,256.125,4.05,3.66
2016-09-30T12:00:00Z,0.0,68.125,260.125,2.92,2.58
2016-09-30T12:00:00Z,0.0,68.125,264.125,2.77,2.61
2016-09-30T12:00:00Z,0.0,68.125,268.125,NaN,NaN
2016-09-30T12:00:00Z,0.0,68.125,272.125,-0.95,-0.21
2016-09-30T12:00:00Z,0.0,68.125,276.125,NaN,NaN
2016-09-30T12:00:00Z,0.0,68.125,280.125,1.52,1.2
2016-09-30T12:00:00Z,0.0,68.125,284.125,NaN,NaN
2016-09-30T12:00:00Z,0.0,68.125,288.125,NaN,NaN
2016-09-30T12:00:00Z,0.0,68.125,292.125,NaN,NaN
2016-09-30T12:00:00Z,0.0,68.125,296.125,2.14,1.03
2016-09-30T12:00:00Z,0.0,68.125,300.125,2.72,1.5
2016-09-30T12:00:00Z,0.0,68.125,304.125,4.07,1.33
2016-09-30T12:00:00Z,0.0,68.125,308.125,NaN,NaN
2016-09-30T12:00:00Z,0.0,68.125,312.125,NaN,NaN
2016-09-30T12:00:00Z,0.0,68.125,316.125,NaN,NaN
2016-09-30T12:00:00Z,0.0,68.125,320.125,NaN,NaN
2016-09-30T12:00:00Z,0.0,68.125,324.125,NaN,NaN
2016-09-30T12:00:00Z,0.0,68.125,328.125,3.69,3.42
2016-09-30T12:00:00Z,0.0,68.125,332.125,3.9,3.15
2016-09-30T12:00:00Z,0.0,68.125,336.125,2.38,0.38
2016-09-30T12:00:00Z,0.0,68.125,340.125,4.44,1.13
2016-09-30T12:00:00Z,0.0,68.125,344.125,6.17,1.92
2016-09-30T12:00:00Z,0.0,68.125,348.125,6.59,1.56
2016-09-30T12:00:00Z,0.0,68.125,352.125,7.24,0.91
2016-09-30T12:00:00Z,0.0,68.125,356.125,8.79,0.89
2016-09-30T12:00:00Z,0.0,72.125,0.125,7.25,1.36
2016-09-30T12:00:00Z,0.0,72.125,4.125,8.18,1.63
2016-09-30T12:00:00Z,0.0,72.125,8.125,8.57,1.42
2016-09-30T12:00:00Z,0.0,72.125,12.125,8.99,1.59
2016-09-30T12:00:00Z,0.0,72.125,16.125,10.05,2.42
2016-09-30T12:00:00Z,0.0,72.125,20.125,9.21,2.03
2016-09-30T12:00:00Z,0.0,72.125,24.125,8.98,1.72
2016-09-30T12:00:00Z,0.0,72.125,28.125,8.6,1.49
2016-09-30T12:00:00Z,0.0,72.125,32.125,8.25,1.6
2016-09-30T12:00:00Z,0.0,72.125,36.125,7.17,1.01
2016-09-30T12:00:00Z,0.0,72.125,40.125,7.82,2.15
2016-09-30T12:00:00Z,0.0,72.125,44.125,7.06,1.69
2016-09-30T12:00:00Z,0.0,72.125,48.125,8.54,3.49
2016-09-30T12:00:00Z,0.0,72.125,52.125,7.99,3.93
2016-09-30T12:00:00Z,0.0,72.125,56.125,5.46,2.69
2016-09-30T12:00:00Z,0.0,72.125,60.125,7.46,4.59
2016-09-30T12:00:00Z,0.0,72.125,64.125,6.61,3.32
2016-09-30T12:00:00Z,0.0,72.125,68.125,8.66,6.1
2016-09-30T12:00:00Z,0.0,72.125,72.125,NaN,NaN
2016-09-30T12:00:00Z,0.0,72.125,76.125,7.1,5.67
2016-09-30T12:00:00Z,0.0,72.125,80.125,NaN,NaN
2016-09-30T12:00:00Z,0.0,72.125,84.125,NaN,NaN
2016-09-30T12:00:00Z,0.0,72.125,88.125,NaN,NaN
2016-09-30T12:00:00Z,0.0,72.125,92.125,NaN,NaN
2016-09-30T12:00:00Z,0.0,72.125,96.125,NaN,NaN
2016-09-30T12:00:00Z,0.0,72.125,100.125,NaN,NaN
2016-09-30T12:00:00Z,0.0,72.125,104.125,NaN,NaN
2016-09-30T12:00:00Z,0.0,72.125,108.125,NaN,NaN
2016-09-30T12:00:00Z,0.0,72.125,112.125,NaN,NaN
2016-09-30T12:00:00Z,0.0,72.125,116.125,NaN,NaN
2016-09-30T12:00:00Z,0.0,72.125,120.125,NaN,NaN
2016-09-30T12:00:00Z,0.0,72.125,124.125,NaN,NaN
2016-09-30T12:00:00Z,0.0,72.125,128.125,NaN,NaN
2016-09-30T12:00:00Z,0.0,72.125,132.125,3.55,2.19
2016-09-30T12:00:00Z,0.0,72.125,136.125,3.71,2.68
2016-09-30T12:00:00Z,0.0,72.125,140.125,NaN,NaN
2016-09-30T12:00:00Z,0.0,72.125,144.125,NaN,NaN
2016-09-30T12:00:00Z,0.0,72.125,148.125,NaN,NaN
2016-09-30T12:00:00Z,0.0,72.125,152.125,0.34,-0.28
2016-09-30T12:00:00Z,0.0,72.125,156.125,2.42,1.74
2016-09-30T12:00:00Z,0.0,72.125,160.125,1.87,1.45
2016-09-30T12:00:00Z,0.0,72.125,164.125,1.88,1.86
2016-09-30T12:00:00Z,0.0,72.125,168.125,1.61,1.89
2016-09-30T12:00:00Z,0.0,72.125,172.125,-0.42,-0.04
2016-09-30T12:00:00Z,0.0,72.125,176.125,-0.6,-0.21
2016-09-30T12:00:00Z,0.0,72.125,180.125,-1.12,-0.88
2016-09-30T12:00:00Z,0.0,72.125,184.125,-1.27,-1.83
2016-09-30T12:00:00Z,0.0,72.125,188.125,-1.04,-2.1
2016-09-30T12:00:00Z,0.0,72.125,192.125,2.78,1.6
2016-09-30T12:00:00Z,0.0,72.125,196.125,1.67,0.43
2016-09-30T12:00:00Z,0.0,72.125,200.125,0.66,-0.11
2016-09-30T12:00:00Z,0.0,72.125,204.125,2.53,2.02
2016-09-30T12:00:00Z,0.0,72.125,208.125,1.6,1.29
2016-09-30T12:00:00Z,0.0,72.125,212.125,1.41,1.46
2016-09-30T12:00:00Z,0.0,72.125,216.125,1.74,1.91
2016-09-30T12:00:00Z,0.0,72.125,220.125,0.63,0.9
2016-09-30T12:00:00Z,0.0,72.125,224.125,-0.51,0.03
2016-09-30T12:00:00Z,0.0,72.125,228.125,-0.43,-0.12
2016-09-30T12:00:00Z,0.0,72.125,232.125,1.3,0.63
2016-09-30T12:00:00Z,0.0,72.125,236.125,NaN,NaN
2016-09-30T12:00:00Z,0.0,72.125,240.125,2.54,1.08
2016-09-30T12:00:00Z,0.0,72.125,244.125,NaN,NaN
2016-09-30T12:00:00Z,0.0,72.125,248.125,NaN,NaN
2016-09-30T12:00:00Z,0.0,72.125,252.125,-0.63,0.05
2016-09-30T12:00:00Z,0.0,72.125,256.125,-0.69,0.15
2016-09-30T12:00:00Z,0.0,72.125,260.125,NaN,NaN
2016-09-30T12:00:00Z,0.0,72.125,264.125,0.73,1.02
2016-09-30T12:00:00Z,0.0,72.125,268.125,0.48,0.42
2016-09-30T12:00:00Z,0.0,72.125,272.125,NaN,NaN
2016-09-30T12:00:00Z,0.0,72.125,276.125,NaN,NaN
2016-09-30T12:00:00Z,0.0,72.125,280.125,NaN,NaN
2016-09-30T12:00:00Z,0.0,72.125,284.125,NaN,NaN
2016-09-30T12:00:00Z,0.0,72.125,288.125,1.75,0.37
2016-09-30T12:00:00Z,0.0,72.125,292.125,2.26,0.71
2016-09-30T12:00:00Z,0.0,72.125,296.125,2.9,1.5
2016-09-30T12:00:00Z,0.0,72.125,300.125,2.71,0.89
2016-09-30T12:00:00Z,0.0,72.125,304.125,2.71,0.9
2016-09-30T12:00:00Z,0.0,72.125,308.125,NaN,NaN
2016-09-30T12:00:00Z,0.0,72.125,312.125,NaN,NaN
2016-09-30T12:00:00Z,0.0,72.125,316.125,NaN,NaN
2016-09-30T12:00:00Z,0.0,72.125,320.125,NaN,NaN
2016-09-30T12:00:00Z,0.0,72.125,324.125,NaN,NaN
2016-09-30T12:00:00Z,0.0,72.125,328.125,NaN,NaN
2016-09-30T12:00:00Z,0.0,72.125,332.125,NaN,NaN
2016-09-30T12:00:00Z,0.0,72.125,336.125,NaN,NaN
2016-09-30T12:00:00Z,0.0,72.125,340.125,0.2,-0.12
2016-09-30T12:00:00Z,0.0,72.125,344.125,2.95,1.38
2016-09-30T12:00:00Z,0.0,72.125,348.125,5.0,1.75
2016-09-30T12:00:00Z,0.0,72.125,352.125,5.55,1.23
2016-09-30T12:00:00Z,0.0,72.125,356.125,5.98,0.7
2016-09-30T12:00:00Z,0.0,76.125,0.125,3.79,0.63
2016-09-30T12:00:00Z,0.0,76.125,4.125,5.29,0.53
2016-09-30T12:00:00Z,0.0,76.125,8.125,5.74,0.58
2016-09-30T12:00:00Z,0.0,76.125,12.125,6.58,2.04
2016-09-30T12:00:00Z,0.0,76.125,16.125,3.49,-0.41
2016-09-30T12:00:00Z,0.0,76.125,20.125,3.06,0.76
2016-09-30T12:00:00Z,0.0,76.125,24.125,4.84,2.31
2016-09-30T12:00:00Z,0.0,76.125,28.125,5.94,2.66
2016-09-30T12:00:00Z,0.0,76.125,32.125,4.31,0.52
2016-09-30T12:00:00Z,0.0,76.125,36.125,4.18,0.6
2016-09-30T12:00:00Z,0.0,76.125,40.125,3.97,0.49
2016-09-30T12:00:00Z,0.0,76.125,44.125,4.56,0.87
2016-09-30T12:00:00Z,0.0,76.125,48.125,4.82,1.19
2016-09-30T12:00:00Z,0.0,76.125,52.125,5.66,2.81
2016-09-30T12:00:00Z,0.0,76.125,56.125,5.36,3.04
2016-09-30T12:00:00Z,0.0,76.125,60.125,5.92,3.95
2016-09-30T12:00:00Z,0.0,76.125,64.125,NaN,NaN
2016-09-30T12:00:00Z,0.0,76.125,68.125,4.1,2.26
2016-09-30T12:00:00Z,0.0,76.125,72.125,4.73,2.89
2016-09-30T12:00:00Z,0.0,76.125,76.125,4.14,2.5
2016-09-30T12:00:00Z,0.0,76.125,80.125,3.65,2.36
2016-09-30T12:00:00Z,0.0,76.125,84.125,2.82,1.88
2016-09-30T12:00:00Z,0.0,76.125,88.125,1.0,0.43
2016-09-30T12:00:00Z,0.0,76.125,92.125,-0.45,-0.6
2016-09-30T12:00:00Z,0.0,76.125,96.125,NaN,NaN
2016-09-30T12:00:00Z,0.0,76.125,100.125,NaN,NaN
2016-09-30T12:00:00Z,0.0,76.125,104.125,NaN,NaN
2016-09-30T12:00:00Z,0.0,76.125,108.125,NaN,NaN
2016-09-30T12:00:00Z,0.0,76.125,112.125,NaN,NaN
2016-09-30T12:00:00Z,0.0,76.125,116.125,1.84,1.83
2016-09-30T12:00:00Z,0.0,76.125,120.125,0.08,-0.16
2016-09-30T12:00:00Z,0.0,76.125,124.125,-1.65,-2.16
2016-09-30T12:00:00Z,0.0,76.125,128.125,-0.38,-1.08
2016-09-30T12:00:00Z,0.0,76.125,132.125,-0.86,-1.55
2016-09-30T12:00:00Z,0.0,76.125,136.125,-0.12,-0.68
2016-09-30T12:00:00Z,0.0,76.125,140.125,-0.92,-1.38
2016-09-30T12:00:00Z,0.0,76.125,144.125,-1.2,-1.41
2016-09-30T12:00:00Z,0.0,76.125,148.125,0.28,0.3
2016-09-30T12:00:00Z,0.0,76.125,152.125,-0.66,-0.33
2016-09-30T12:00:00Z,0.0,76.125,156.125,-0.7,-0.08
2016-09-30T12:00:00Z,0.0,76.125,160.125,-0.25,0.66
2016-09-30T12:00:00Z,0.0,76.125,164.125,-1.02,0.12
2016-09-30T12:00:00Z,0.0,76.125,168.125,-1.13,0.29
2016-09-30T12:00:00Z,0.0,76.125,172.125,-1.1,0.53
2016-09-30T12:00:00Z,0.0,76.125,176.125,-1.26,0.41
2016-09-30T12:00:00Z,0.0,76.125,180.125,-1.13,0.45
2016-09-30T12:00:00Z,0.0,76.125,184.125,-1.24,0.27
2016-09-30T12:00:00Z,0.0,76.125,188.125,-1.11,0.34
2016-09-30T12:00:00Z,0.0,76.125,192.125,-1.09,0.33
2016-09-30T12:00:00Z,0.0,76.125,196.125,-1.09,0.37
2016-09-30T12:00:00Z,0.0,76.125,200.125,-1.01,0.48
2016-09-30T12:00:00Z,0.0,76.125,204.125,-1.31,0.21
2016-09-30T12:00:00Z,0.0,76.125,208.125,-1.08,0.49
2016-09-30T12:00:00Z,0.0,76.125,212.125,-0.98,0.64
2016-09-30T12:00:00Z,0.0,76.125,216.125,-1.1,0.61
2016-09-30T12:00:00Z,0.0,76.125,220.125,-0.66,1.09
2016-09-30T12:00:00Z,0.0,76.125,224.125,-1.32,0.41
2016-09-30T12:00:00Z,0.0,76.125,228.125,-1.09,0.66
2016-09-30T12:00:00Z,0.0,76.125,232.125,-1.08,0.66
2016-09-30T12:00:00Z,0.0,76.125,236.125,-1.46,-0.04
2016-09-30T12:00:00Z,0.0,76.125,240.125,NaN,NaN
2016-09-30T12:00:00Z,0.0,76.125,244.125,NaN,NaN
2016-09-30T12:00:00Z,0.0,76.125,248.125,-1.11,0.2
2016-09-30T12:00:00Z,0.0,76.125,252.125,-1.43,-0.25
2016-09-30T12:00:00Z,0.0,76.125,256.125,NaN,NaN
2016-09-30T12:00:00Z,0.0,76.125,260.125,NaN,NaN
2016-09-30T12:00:00Z,0.0,76.125,264.125,-1.26,-0.8
2016-09-30T12:00:00Z,0.0,76.125,268.125,NaN,NaN
2016-09-30T12:00:00Z,0.0,76.125,272.125,-0.67,-0.4
2016-09-30T12:00:00Z,0.0,76.125,276.125,-0.81,-0.96
2016-09-30T12:00:00Z,0.0,76.125,280.125,-0.29,-0.56
2016-09-30T12:00:00Z,0.0,76.125,284.125,0.59,0.25
2016-09-30T12:00:00Z,0.0,76.125,288.125,1.3,0.84
2016-09-30T12:00:00Z,0.0,76.125,292.125,NaN,NaN
2016-09-30T12:00:00Z,0.0,76.125,296.125,1.15,0.31
2016-09-30T12:00:00Z,0.0,76.125,300.125,NaN,NaN
2016-09-30T12:00:00Z,0.0,76.125,304.125,NaN,NaN
2016-09-30T12:00:00Z,0.0,76.125,308.125,NaN,NaN
2016-09-30T12:00:00Z,0.0,76.125,312.125,NaN,NaN
2016-09-30T12:00:00Z,0.0,76.125,316.125,NaN,NaN
2016-09-30T12:00:00Z,0.0,76.125,320.125,NaN,NaN
2016-09-30T12:00:00Z,0.0,76.125,324.125,NaN,NaN
2016-09-30T12:00:00Z,0.0,76.125,328.125,NaN,NaN
2016-09-30T12:00:00Z,0.0,76.125,332.125,NaN,NaN
2016-09-30T12:00:00Z,0.0,76.125,336.125,NaN,NaN
2016-09-30T12:00:00Z,0.0,76.125,340.125,NaN,NaN
2016-09-30T12:00:00Z,0.0,76.125,344.125,-1.1,-0.54
2016-09-30T12:00:00Z,0.0,76.125,348.125,-0.96,-1.15
2016-09-30T12:00:00Z,0.0,76.125,352.125,-1.25,-2.2
2016-09-30T12:00:00Z,0.0,76.125,356.125,0.24,-1.6
2016-09-30T12:00:00Z,0.0,80.125,0.125,-1.5,-1.76
2016-09-30T12:00:00Z,0.0,80.125,4.125,-1.26,-2.57
2016-09-30T12:00:00Z,0.0,80.125,8.125,-1.3,-2.93
2016-09-30T12:00:00Z,0.0,80.125,12.125,-1.55,-3.09
2016-09-30T12:00:00Z,0.0,80.125,16.125,-1.55,-3.11
2016-09-30T12:00:00Z,0.0,80.125,20.125,NaN,NaN
2016-09-30T12:00:00Z,0.0,80.125,24.125,NaN,NaN
2016-09-30T12:00:00Z,0.0,80.125,28.125,1.87,1.17
2016-09-30T12:00:00Z,0.0,80.125,32.125,-1.54,-2.04
2016-09-30T12:00:00Z,0.0,80.125,36.125,1.74,1.44
2016-09-30T12:00:00Z,0.0,80.125,40.125,2.25,2.0
2016-09-30T12:00:00Z,0.0,80.125,44.125,2.09,1.42
2016-09-30T12:00:00Z,0.0,80.125,48.125,0.6,-0.45
2016-09-30T12:00:00Z,0.0,80.125,52.125,0.21,-0.76
2016-09-30T12:00:00Z,0.0,80.125,56.125,NaN,NaN
2016-09-30T12:00:00Z,0.0,80.125,60.125,0.37,-0.4
2016-09-30T12:00:00Z,0.0,80.125,64.125,0.45,0.02
2016-09-30T12:00:00Z,0.0,80.125,68.125,0.27,0.29
2016-09-30T12:00:00Z,0.0,80.125,72.125,1.61,1.61
2016-09-30T12:00:00Z,0.0,80.125,76.125,1.2,1.08
2016-09-30T12:00:00Z,0.0,80.125,80.125,0.76,1.04
2016-09-30T12:00:00Z,0.0,80.125,84.125,1.49,2.31
2016-09-30T12:00:00Z,0.0,80.125,88.125,0.07,1.02
2016-09-30T12:00:00Z,0.0,80.125,92.125,-1.22,-0.46
2016-09-30T12:00:00Z,0.0,80.125,96.125,NaN,NaN
2016-09-30T12:00:00Z,0.0,80.125,100.125,-1.18,-0.31
2016-09-30T12:00:00Z,0.0,80.125,104.125,-1.24,-0.18
2016-09-30T12:00:00Z,0.0,80.125,108.125,-1.39,-0.08
2016-09-30T12:00:00Z,0.0,80.125,112.125,-1.59,-0.11
2016-09-30T12:00:00Z,0.0,80.125,116.125,-1.6,-0.07
2016-09-30T12:00:00Z,0.0,80.125,120.125,-1.64,-0.15
2016-09-30T12:00:00Z,0.0,80.125,124.125,-1.66,-0.22
2016-09-30T12:00:00Z,0.0,80.125,128.125,-1.55,-0.14
2016-09-30T12:00:00Z,0.0,80.125,132.125,-1.62,-0.26
2016-09-30T12:00:00Z,0.0,80.125,136.125,-1.58,-0.26
2016-09-30T12:00:00Z,0.0,80.125,140.125,-1.34,0.02
2016-09-30T12:00:00Z,0.0,80.125,144.125,-1.48,0.02
2016-09-30T12:00:00Z,0.0,80.125,148.125,-1.47,0.13
2016-09-30T12:00:00Z,0.0,80.125,152.125,-1.45,0.21
2016-09-30T12:00:00Z,0.0,80.125,156.125,-1.35,0.33
2016-09-30T12:00:00Z,0.0,80.125,160.125,-1.19,0.51
2016-09-30T12:00:00Z,0.0,80.125,164.125,-1.36,0.37
2016-09-30T12:00:00Z,0.0,80.125,168.125,-1.08,0.67
2016-09-30T12:00:00Z,0.0,80.125,172.125,-1.31,0.44
2016-09-30T12:00:00Z,0.0,80.125,176.125,-1.3,0.44
2016-09-30T12:00:00Z,0.0,80.125,180.125,-1.25,0.48
2016-09-30T12:00:00Z,0.0,80.125,184.125,-1.42,0.32
2016-09-30T12:00:00Z,0.0,80.125,188.125,-1.44,0.31
2016-09-30T12:00:00Z,0.0,80.125,192.125,-1.48,0.28
2016-09-30T12:00:00Z,0.0,80.125,196.125,-1.48,0.28
2016-09-30T12:00:00Z,0.0,80.125,200.125,-1.52,0.23
2016-09-30T12:00:00Z,0.0,80.125,204.125,-1.48,0.26
2016-09-30T12:00:00Z,0.0,80.125,208.125,-1.38,0.36
2016-09-30T12:00:00Z,0.0,80.125,212.125,-1.25,0.5
2016-09-30T12:00:00Z,0.0,80.125,216.125,-1.26,0.5
2016-09-30T12:00:00Z,0.0,80.125,220.125,-1.33,0.44
2016-09-30T12:00:00Z,0.0,80.125,224.125,-1.37,0.4
2016-09-30T12:00:00Z,0.0,80.125,228.125,-1.45,0.31
2016-09-30T12:00:00Z,0.0,80.125,232.125,-1.45,0.32
2016-09-30T12:00:00Z,0.0,80.125,236.125,-1.45,0.32
2016-09-30T12:00:00Z,0.0,80.125,240.125,-1.46,0.28
2016-09-30T12:00:00Z,0.0,80.125,244.125,-1.52,0.22
2016-09-30T12:00:00Z,0.0,80.125,248.125,-1.57,0.19
2016-09-30T12:00:00Z,0.0,80.125,252.125,-1.62,0.14
2016-09-30T12:00:00Z,0.0,80.125,256.125,-1.54,0.16
2016-09-30T12:00:00Z,0.0,80.125,260.125,-1.61,0.06
2016-09-30T12:00:00Z,0.0,80.125,264.125,NaN,NaN
2016-09-30T12:00:00Z,0.0,80.125,268.125,NaN,NaN
2016-09-30T12:00:00Z,0.0,80.125,272.125,NaN,NaN
2016-09-30T12:00:00Z,0.0,80.125,276.125,NaN,NaN
2016-09-30T12:00:00Z,0.0,80.125,280.125,NaN,NaN
2016-09-30T12:00:00Z,0.0,80.125,284.125,NaN,NaN
2016-09-30T12:00:00Z,0.0,80.125,288.125,NaN,NaN
2016-09-30T12:00:00Z,0.0,80.125,292.125,-1.23,-0.13
2016-09-30T12:00:00Z,0.0,80.125,296.125,NaN,NaN
2016-09-30T12:00:00Z,0.0,80.125,300.125,NaN,NaN
2016-09-30T12:00:00Z,0.0,80.125,304.125,NaN,NaN
2016-09-30T12:00:00Z,0.0,80.125,308.125,NaN,NaN
2016-09-30T12:00:00Z,0.0,80.125,312.125,NaN,NaN
2016-09-30T12:00:00Z,0.0,80.125,316.125,NaN,NaN
2016-09-30T12:00:00Z,0.0,80.125,320.125,NaN,NaN
2016-09-30T12:00:00Z,0.0,80.125,324.125,NaN,NaN
2016-09-30T12:00:00Z,0.0,80.125,328.125,NaN,NaN
2016-09-30T12:00:00Z,0.0,80.125,332.125,NaN,NaN
2016-09-30T12:00:00Z,0.0,80.125,336.125,NaN,NaN
2016-09-30T12:00:00Z,0.0,80.125,340.125,NaN,NaN
2016-09-30T12:00:00Z,0.0,80.125,344.125,-1.63,-0.61
2016-09-30T12:00:00Z,0.0,80.125,348.125,-1.54,-0.85
2016-09-30T12:00:00Z,0.0,80.125,352.125,-1.62,-0.76
2016-09-30T12:00:00Z,0.0,80.125,356.125,-1.52,-0.87
2016-09-30T12:00:00Z,0.0,84.125,0.125,-1.69,0.02
2016-09-30T12:00:00Z,0.0,84.125,4.125,-1.72,-0.02
2016-09-30T12:00:00Z,0.0,84.125,8.125,-1.76,-0.09
2016-09-30T12:00:00Z,0.0,84.125,12.125,-1.76,-0.17
2016-09-30T12:00:00Z,0.0,84.125,16.125,-1.72,-0.18
2016-09-30T12:00:00Z,0.0,84.125,20.125,-1.72,-0.12
2016-09-30T12:00:00Z,0.0,84.125,24.125,-1.69,-0.09
2016-09-30T12:00:00Z,0.0,84.125,28.125,-1.67,-0.04
2016-09-30T12:00:00Z,0.0,84.125,32.125,-1.71,-0.06
2016-09-30T12:00:00Z,0.0,84.125,36.125,-1.66,-0.01
2016-09-30T12:00:00Z,0.0,84.125,40.125,-1.74,-0.1
2016-09-30T12:00:00Z,0.0,84.125,44.125,-1.78,-0.15
2016-09-30T12:00:00Z,0.0,84.125,48.125,-1.74,-0.1
2016-09-30T12:00:00Z,0.0,84.125,52.125,-1.71,-0.04
2016-09-30T12:00:00Z,0.0,84.125,56.125,-1.71,-0.05
2016-09-30T12:00:00Z,0.0,84.125,60.125,-1.74,-0.1
2016-09-30T12:00:00Z,0.0,84.125,64.125,-1.75,-0.12
2016-09-30T12:00:00Z,0.0,84.125,68.125,-1.69,-0.04
2016-09-30T12:00:00Z,0.0,84.125,72.125,-1.65,0.02
2016-09-30T12:00:00Z,0.0,84.125,76.125,-1.64,0.05
2016-09-30T12:00:00Z,0.0,84.125,80.125,-1.63,0.07
2016-09-30T12:00:00Z,0.0,84.125,84.125,-1.74,-0.03
2016-09-30T12:00:00Z,0.0,84.125,88.125,-1.63,0.1
2016-09-30T12:00:00Z,0.0,84.125,92.125,-1.61,0.07
2016-09-30T12:00:00Z,0.0,84.125,96.125,-1.65,-0.01
2016-09-30T12:00:00Z,0.0,84.125,100.125,-1.68,0.05
2016-09-30T12:00:00Z,0.0,84.125,104.125,-1.69,0.07
2016-09-30T12:00:00Z,0.0,84.125,108.125,-1.74,0.03
2016-09-30T12:00:00Z,0.0,84.125,112.125,-1.72,0.04
2016-09-30T12:00:00Z,0.0,84.125,116.125,-1.71,0.04
2016-09-30T12:00:00Z,0.0,84.125,120.125,-1.71,0.04
2016-09-30T12:00:00Z,0.0,84.125,124.125,-1.71,0.04
2016-09-30T12:00:00Z,0.0,84.125,128.125,-1.69,0.06
2016-09-30T12:00:00Z,0.0,84.125,132.125,-1.7,0.04
2016-09-30T12:00:00Z,0.0,84.125,136.125,-1.72,0.02
2016-09-30T12:00:00Z,0.0,84.125,140.125,-1.71,0.02
2016-09-30T12:00:00Z,0.0,84.125,144.125,-1.69,0.04
2016-09-30T12:00:00Z,0.0,84.125,148.125,-1.64,0.09
2016-09-30T12:00:00Z,0.0,84.125,152.125,-1.61,0.12
2016-09-30T12:00:00Z,0.0,84.125,156.125,-1.57,0.16
2016-09-30T12:00:00Z,0.0,84.125,160.125,-1.73,0.0
2016-09-30T12:00:00Z,0.0,84.125,164.125,-1.7,0.05
2016-09-30T12:00:00Z,0.0,84.125,168.125,-1.7,0.06
2016-09-30T12:00:00Z,0.0,84.125,172.125,-1.58,0.18
2016-09-30T12:00:00Z,0.0,84.125,176.125,-1.63,0.14
2016-09-30T12:00:00Z,0.0,84.125,180.125,-1.64,0.14
2016-09-30T12:00:00Z,0.0,84.125,184.125,-1.7,0.07
2016-09-30T12:00:00Z,0.0,84.125,188.125,-1.67,0.09
2016-09-30T12:00:00Z,0.0,84.125,192.125,-1.67,0.09
2016-09-30T12:00:00Z,0.0,84.125,196.125,-1.66,0.12
2016-09-30T12:00:00Z,0.0,84.125,200.125,-1.62,0.17
2016-09-30T12:00:00Z,0.0,84.125,204.125,-1.7,0.09
2016-09-30T12:00:00Z,0.0,84.125,208.125,-1.65,0.13
2016-09-30T12:00:00Z,0.0,84.125,212.125,-1.65,0.13
2016-09-30T12:00:00Z,0.0,84.125,216.125,-1.6,0.18
2016-09-30T12:00:00Z,0.0,84.125,220.125,-1.64,0.13
2016-09-30T12:00:00Z,0.0,84.125,224.125,-1.6,0.17
2016-09-30T12:00:00Z,0.0,84.125,228.125,-1.52,0.24
2016-09-30T12:00:00Z,0.0,84.125,232.125,-1.52,0.23
2016-09-30T12:00:00Z,0.0,84.125,236.125,-1.54,0.24
2016-09-30T12:00:00Z,0.0,84.125,240.125,-1.54,0.23
2016-09-30T12:00:00Z,0.0,84.125,244.125,-1.57,0.21
2016-09-30T12:00:00Z,0.0,84.125,248.125,-1.54,0.24
2016-09-30T12:00:00Z,0.0,84.125,252.125,-1.49,0.31
2016-09-30T12:00:00Z,0.0,84.125,256.125,-1.51,0.28
2016-09-30T12:00:00Z,0.0,84.125,260.125,-1.56,0.22
2016-09-30T12:00:00Z,0.0,84.125,264.125,-1.57,0.2
2016-09-30T12:00:00Z,0.0,84.125,268.125,-1.55,0.21
2016-09-30T12:00:00Z,0.0,84.125,272.125,-1.6,0.16
2016-09-30T12:00:00Z,0.0,84.125,276.125,-1.58,0.2
2016-09-30T12:00:00Z,0.0,84.125,280.125,-1.55,0.22
2016-09-30T12:00:00Z,0.0,84.125,284.125,-1.56,0.21
2016-09-30T12:00:00Z,0.0,84.125,288.125,-1.55,0.22
2016-09-30T12:00:00Z,0.0,84.125,292.125,-1.58,0.2
2016-09-30T12:00:00Z,0.0,84.125,296.125,-1.63,0.15
2016-09-30T12:00:00Z,0.0,84.125,300.125,-1.65,0.14
2016-09-30T12:00:00Z,0.0,84.125,304.125,-1.62,0.16
2016-09-30T12:00:00Z,0.0,84.125,308.125,-1.6,0.19
2016-09-30T12:00:00Z,0.0,84.125,312.125,-1.66,0.11
2016-09-30T12:00:00Z,0.0,84.125,316.125,-1.67,0.04
2016-09-30T12:00:00Z,0.0,84.125,320.125,-1.66,0.01
2016-09-30T12:00:00Z,0.0,84.125,324.125,-1.72,-0.07
2016-09-30T12:00:00Z,0.0,84.125,328.125,-1.69,-0.19
2016-09-30T12:00:00Z,0.0,84.125,332.125,-1.7,-0.21
2016-09-30T12:00:00Z,0.0,84.125,336.125,-1.71,-0.14
2016-09-30T12:00:00Z,0.0,84.125,340.125,-1.73,-0.14
2016-09-30T12:00:00Z,0.0,84.125,344.125,-1.73,-0.15
2016-09-30T12:00:00Z,0.0,84.125,348.125,-1.65,-0.02
2016-09-30T12:00:00Z,0.0,84.125,352.125,-1.61,0.06
2016-09-30T12:00:00Z,0.0,84.125,356.125,-1.72,-0.04
2016-09-30T12:00:00Z,0.0,88.125,0.125,-1.65,0.13
2016-09-30T12:00:00Z,0.0,88.125,4.125,-1.69,0.08
2016-09-30T12:00:00Z,0.0,88.125,8.125,-1.66,0.1
2016-09-30T12:00:00Z,0.0,88.125,12.125,-1.66,0.1
2016-09-30T12:00:00Z,0.0,88.125,16.125,-1.65,0.11
2016-09-30T12:00:00Z,0.0,88.125,20.125,-1.61,0.15
2016-09-30T12:00:00Z,0.0,88.125,24.125,-1.62,0.15
2016-09-30T12:00:00Z,0.0,88.125,28.125,-1.67,0.09
2016-09-30T12:00:00Z,0.0,88.125,32.125,-1.61,0.17
2016-09-30T12:00:00Z,0.0,88.125,36.125,-1.62,0.16
2016-09-30T12:00:00Z,0.0,88.125,40.125,-1.63,0.15
2016-09-30T12:00:00Z,0.0,88.125,44.125,-1.64,0.14
2016-09-30T12:00:00Z,0.0,88.125,48.125,-1.64,0.13
2016-09-30T12:00:00Z,0.0,88.125,52.125,-1.65,0.12
2016-09-30T12:00:00Z,0.0,88.125,56.125,-1.66,0.1
2016-09-30T12:00:00Z,0.0,88.125,60.125,-1.66,0.11
2016-09-30T12:00:00Z,0.0,88.125,64.125,-1.64,0.13
2016-09-30T12:00:00Z,0.0,88.125,68.125,-1.63,0.14
2016-09-30T12:00:00Z,0.0,88.125,72.125,-1.65,0.12
2016-09-30T12:00:00Z,0.0,88.125,76.125,-1.67,0.1
2016-09-30T12:00:00Z,0.0,88.125,80.125,-1.65,0.12
2016-09-30T12:00:00Z,0.0,88.125,84.125,-1.65,0.12
2016-09-30T12:00:00Z,0.0,88.125,88.125,-1.67,0.11
2016-09-30T12:00:00Z,0.0,88.125,92.125,-1.67,0.12
2016-09-30T12:00:00Z,0.0,88.125,96.125,-1.63,0.15
2016-09-30T12:00:00Z,0.0,88.125,100.125,-1.66,0.13
2016-09-30T12:00:00Z,0.0,88.125,104.125,-1.6,0.19
2016-09-30T12:00:00Z,0.0,88.125,108.125,-1.63,0.16
2016-09-30T12:00:00Z,0.0,88.125,112.125,-1.63,0.16
2016-09-30T12:00:00Z,0.0,88.125,116.125,-1.63,0.16
2016-09-30T12:00:00Z,0.0,88.125,120.125,-1.65,0.14
2016-09-30T12:00:00Z,0.0,88.125,124.125,-1.66,0.13
2016-09-30T12:00:00Z,0.0,88.125,128.125,-1.66,0.13
2016-09-30T12:00:00Z,0.0,88.125,132.125,-1.67,0.12
2016-09-30T12:00:00Z,0.0,88.125,136.125,-1.68,0.11
2016-09-30T12:00:00Z,0.0,88.125,140.125,-1.64,0.15
2016-09-30T12:00:00Z,0.0,88.125,144.125,-1.6,0.19
2016-09-30T12:00:00Z,0.0,88.125,148.125,-1.62,0.17
2016-09-30T12:00:00Z,0.0,88.125,152.125,-1.59,0.2
2016-09-30T12:00:00Z,0.0,88.125,156.125,-1.56,0.23
2016-09-30T12:00:00Z,0.0,88.125,160.125,-1.61,0.18
2016-09-30T12:00:00Z,0.0,88.125,164.125,-1.58,0.21
2016-09-30T12:00:00Z,0.0,88.125,168.125,-1.56,0.24
2016-09-30T12:00:00Z,0.0,88.125,172.125,-1.53,0.27
2016-09-30T12:00:00Z,0.0,88.125,176.125,-1.5,0.29
2016-09-30T12:00:00Z,0.0,88.125,180.125,-1.56,0.24
2016-09-30T12:00:00Z,0.0,88.125,184.125,-1.57,0.23
2016-09-30T12:00:00Z,0.0,88.125,188.125,-1.53,0.27
2016-09-30T12:00:00Z,0.0,88.125,192.125,-1.52,0.28
2016-09-30T12:00:00Z,0.0,88.125,196.125,-1.52,0.28
2016-09-30T12:00:00Z,0.0,88.125,200.125,-1.53,0.27
2016-09-30T12:00:00Z,0.0,88.125,204.125,-1.66,0.13
2016-09-30T12:00:00Z,0.0,88.125,208.125,-1.67,0.13
2016-09-30T12:00:00Z,0.0,88.125,212.125,-1.67,0.13
2016-09-30T12:00:00Z,0.0,88.125,216.125,-1.65,0.15
2016-09-30T12:00:00Z,0.0,88.125,220.125,-1.65,0.15
2016-09-30T12:00:00Z,0.0,88.125,224.125,-1.62,0.18
2016-09-30T12:00:00Z,0.0,88.125,228.125,-1.62,0.17
2016-09-30T12:00:00Z,0.0,88.125,232.125,-1.67,0.12
2016-09-30T12:00:00Z,0.0,88.125,236.125,-1.66,0.13
2016-09-30T12:00:00Z,0.0,88.125,240.125,-1.64,0.15
2016-09-30T12:00:00Z,0.0,88.125,244.125,-1.64,0.16
2016-09-30T12:00:00Z,0.0,88.125,248.125,-1.65,0.14
2016-09-30T12:00:00Z,0.0,88.125,252.125,-1.63,0.17
2016-09-30T12:00:00Z,0.0,88.125,256.125,-1.63,0.16
2016-09-30T12:00:00Z,0.0,88.125,260.125,-1.66,0.14
2016-09-30T12:00:00Z,0.0,88.125,264.125,-1.69,0.11
2016-09-30T12:00:00Z,0.0,88.125,268.125,-1.66,0.14
2016-09-30T12:00:00Z,0.0,88.125,272.125,-1.7,0.1
2016-09-30T12:00:00Z,0.0,88.125,276.125,-1.64,0.16
2016-09-30T12:00:00Z,0.0,88.125,280.125,-1.59,0.21
2016-09-30T12:00:00Z,0.0,88.125,284.125,-1.59,0.2
2016-09-30T12:00:00Z,0.0,88.125,288.125,-1.64,0.16
2016-09-30T12:00:00Z,0.0,88.125,292.125,-1.63,0.17
2016-09-30T12:00:00Z,0.0,88.125,296.125,-1.58,0.22
2016-09-30T12:00:00Z,0.0,88.125,300.125,-1.64,0.15
2016-09-30T12:00:00Z,0.0,88.125,304.125,-1.65,0.14
2016-09-30T12:00:00Z,0.0,88.125,308.125,-1.66,0.14
2016-09-30T12:00:00Z,0.0,88.125,312.125,-1.66,0.13
2016-09-30T12:00:00Z,0.0,88.125,316.125,-1.64,0.15
2016-09-30T12:00:00Z,0.0,88.125,320.125,-1.6,0.18
2016-09-30T12:00:00Z,0.0,88.125,324.125,-1.61,0.17
2016-09-30T12:00:00Z,0.0,88.125,328.125,-1.55,0.23
2016-09-30T12:00:00Z,0.0,88.125,332.125,-1.66,0.12
2016-09-30T12:00:00Z,0.0,88.125,336.125,-1.65,0.14
2016-09-30T12:00:00Z,0.0,88.125,340.125,-1.64,0.15
2016-09-30T12:00:00Z,0.0,88.125,344.125,-1.63,0.16
2016-09-30T12:00:00Z,0.0,88.125,348.125,-1.63,0.15
2016-09-30T12:00:00Z,0.0,88.125,352.125,-1.66,0.12
2016-09-30T12:00:00Z,0.0,88.125,356.125,-1.66,0.12
