2017-01-02T12:00:00Z,0.0,-87.875,0.125,NaN,NaN
2017-01-02T12:00:00Z,0.0,-87.875,4.125,NaN,NaN
2017-01-02T12:00:00Z,0.0,-87.875,8.125,NaN,NaN
2017-01-02T12:00:00Z,0.0,-87.875,12.125,NaN,NaN
2017-01-02T12:00:00Z,0.0,-87.875,16.125,NaN,NaN
2017-01-02T12:00:00Z,0.0,-87.875,20.125,NaN,NaN
2017-01-02T12:00:00Z,0.0,-87.875,24.125,NaN,NaN
2017-01-02T12:00:00Z,0.0,-87.875,28.125,NaN,NaN
2017-01-02T12:00:00Z,0.0,-87.875,32.125,NaN,NaN
2017-01-02T12:00:00Z,0.0,-87.875,36.125,NaN,NaN
2017-01-02T12:00:00Z,0.0,-87.875,40.125,NaN,NaN
2017-01-02T12:00:00Z,0.0,-87.875,44.125,NaN,NaN
2017-01-02T12:00:00Z,0.0,-87.875,48.125,NaN,NaN
2017-01-02T12:00:00Z,0.0,-87.875,52.125,NaN,NaN
2017-01-02T12:00:00Z,0.0,-87.875,56.125,NaN,NaN
2017-01-02T12:00:00Z,0.0,-87.875,60.125,NaN,NaN
2017-01-02T12:00:00Z,0.0,-87.875,64.125,NaN,NaN
2017-01-02T12:00:00Z,0.0,-87.875,68.125,NaN,NaN
2017-01-02T12:00:00Z,0.0,-87.875,72.125,NaN,NaN
2017-01-02T12:00:00Z,0.0,-87.875,76.125,NaN,NaN
2017-01-02T12:00:00Z,0.0,-87.875,80.125,NaN,NaN
2017-01-02T12:00:00Z,0.0,-87.875,84.125,NaN,NaN
2017-01-02T12:00:00Z,0.0,-87.875,88.125,NaN,NaN
2017-01-02T12:00:00Z,0.0,-87.875,92.125,NaN,NaN
2017-01-02T12:00:00Z,0.0,-87.875,96.125,NaN,NaN
2017-01-02T12:00:00Z,0.0,-87.875,100.125,NaN,NaN
2017-01-02T12:00:00Z,0.0,-87.875,104.125,NaN,NaN
2017-01-02T12:00:00Z,0.0,-87.875,108.125,NaN,NaN
2017-01-02T12:00:00Z,0.0,-87.875,112.125,NaN,NaN
2017-01-02T12:00:00Z,0.0,-87.875,116.125,NaN,NaN
2017-01-02T12:00:00Z,0.0,-87.875,120.125,NaN,NaN
2017-01-02T12:00:00Z,0.0,-87.875,124.125,NaN,NaN
2017-01-02T12:00:00Z,0.0,-87.875,128.125,NaN,NaN
2017-01-02T12:00:00Z,0.0,-87.875,132.125,NaN,NaN
2017-01-02T12:00:00Z,0.0,-87.875,136.125,NaN,NaN
2017-01-02T12:00:00Z,0.0,-87.875,140.125,NaN,NaN
2017-01-02T12:00:00Z,0.0,-87.875,144.125,NaN,NaN
2017-01-02T12:00:00Z,0.0,-87.875,148.125,NaN,NaN
2017-01-02T12:00:00Z,0.0,-87.875,152.125,NaN,NaN
2017-01-02T12:00:00Z,0.0,-87.875,156.125,NaN,NaN
2017-01-02T12:00:00Z,0.0,-87.875,160.125,NaN,NaN
2017-01-02T12:00:00Z,0.0,-87.875,164.125,NaN,NaN
2017-01-02T12:00:00Z,0.0,-87.875,168.125,NaN,NaN
2017-01-02T12:00:00Z,0.0,-87.875,172.125,NaN,NaN
2017-01-02T12:00:00Z,0.0,-87.875,176.125,NaN,NaN
2017-01-02T12:00:00Z,0.0,-87.875,180.125,NaN,NaN
2017-01-02T12:00:00Z,0.0,-87.875,184.125,NaN,NaN
2017-01-02T12:00:00Z,0.0,-87.875,188.125,NaN,NaN
2017-01-02T12:00:00Z,0.0,-87.875,192.125,NaN,NaN
2017-01-02T12:00:00Z,0.0,-87.875,196.125,NaN,NaN
2017-01-02T12:00:00Z,0.0,-87.875,200.125,NaN,NaN
2017-01-02T12:00:00Z,0.0,-87.875,204.125,NaN,NaN
2017-01-02T12:00:00Z,0.0,-87.875,208.125,NaN,NaN
2017-01-02T12:00:00Z,0.0,-87.875,212.125,NaN,NaN
2017-01-02T12:00:00Z,0.0,-87.875,216.125,NaN,NaN
2017-01-02T12:00:00Z,0.0,-87.875,220.125,NaN,NaN
2017-01-02T12:00:00Z,0.0,-87.875,224.125,NaN,NaN
2017-01-02T12:00:00Z,0.0,-87.875,228.125,NaN,NaN
2017-01-02T12:00:00Z,0.0,-87.875,232.125,NaN,NaN
2017-01-02T12:00:00Z,0.0,-87.875,236.125,NaN,NaN
2017-01-02T12:00:00Z,0.0,-87.875,240.125,NaN,NaN
2017-01-02T12:00:00Z,0.0,-87.875,244.125,NaN,NaN
2017-01-02T12:00:00Z,0.0,-87.875,248.125,NaN,NaN
2017-01-02T12:00:00Z,0.0,-87.875,252.125,NaN,NaN
2017-01-02T12:00:00Z,0.0,-87.875,256.125,NaN,NaN
2017-01-02T12:00:00Z,0.0,-87.875,260.125,NaN,NaN
2017-01-02T12:00:00Z,0.0,-87.875,264.125,NaN,NaN
2017-01-02T12:00:00Z,0.0,-87.875,268.125,NaN,NaN
2017-01-02T12:00:00Z,0.0,-87.875,272.125,NaN,NaN
2017-01-02T12:00:00Z,0.0,-87.875,276.125,NaN,NaN
2017-01-02T12:00:00Z,0.0,-87.875,280.125,NaN,NaN
2017-01-02T12:00:00Z,0.0,-87.875,284.125,NaN,NaN
2017-01-02T12:00:00Z,0.0,-87.875,288.125,NaN,NaN
2017-01-02T12:00:00Z,0.0,-87.875,292.125,NaN,NaN
2017-01-02T12:00:00Z,0.0,-87.875,296.125,NaN,NaN
2017-01-02T12:00:00Z,0.0,-87.875,300.125,NaN,NaN
2017-01-02T12:00:00Z,0.0,-87.875,304.125,NaN,NaN
2017-01-02T12:00:00Z,0.0,-87.875,308.125,NaN,NaN
2017-01-02T12:00:00Z,0.0,-87.875,312.125,NaN,NaN
2017-01-02T12:00:00Z,0.0,-87.875,316.125,NaN,NaN
2017-01-02T12:00:00Z,0.0,-87.875,320.125,NaN,NaN
2017-01-02T12:00:00Z,0.0,-87.875,324.125,NaN,NaN
2017-01-02T12:00:00Z,0.0,-87.875,328.125,NaN,NaN
2017-01-02T12:00:00Z,0.0,-87.875,332.125,NaN,NaN
2017-01-02T12:00:00Z,0.0,-87.875,336.125,NaN,NaN
2017-01-02T12:00:00Z,0.0,-87.875,340.125,NaN,NaN
2017-01-02T12:00:00Z,0.0,-87.875,344.125,NaN,NaN
2017-01-02T12:00:00Z,0.0,-87.875,348.125,NaN,NaN
2017-01-02T12:00:00Z,0.0,-87.875,352.125,NaN,NaN
2017-01-02T12:00:00Z,0.0,-87.875,356.125,NaN,NaN
2017-01-02T12:00:00Z,0.0,-83.875,0.125,NaN,NaN
2017-01-02T12:00:00Z,0.0,-83.875,4.125,NaN,NaN
2017-01-02T12:00:00Z,0.0,-83.875,8.125,NaN,NaN
2017-01-02T12:00:00Z,0.0,-83.875,12.125,NaN,NaN
2017-01-02T12:00:00Z,0.0,-83.875,16.125,NaN,NaN
2017-01-02T12:00:00Z,0.0,-83.875,20.125,NaN,NaN
2017-01-02T12:00:00Z,0.0,-83.875,24.125,NaN,NaN
2017-01-02T12:00:00Z,0.0,-83.875,28.125,NaN,NaN
2017-01-02T12:00:00Z,0.0,-83.875,32.125,NaN,NaN
2017-01-02T12:00:00Z,0.0,-83.875,36.125,NaN,NaN
2017-01-02T12:00:00Z,0.0,-83.875,40.125,NaN,NaN
2017-01-02T12:00:00Z,0.0,-83.875,44.125,NaN,NaN
2017-01-02T12:00:00Z,0.0,-83.875,48.125,NaN,NaN
2017-01-02T12:00:00Z,0.0,-83.875,52.125,NaN,NaN
2017-01-02T12:00:00Z,0.0,-83.875,56.125,NaN,NaN
2017-01-02T12:00:00Z,0.0,-83.875,60.125,NaN,NaN
2017-01-02T12:00:00Z,0.0,-83.875,64.125,NaN,NaN
2017-01-02T12:00:00Z,0.0,-83.875,68.125,NaN,NaN
2017-01-02T12:00:00Z,0.0,-83.875,72.125,NaN,NaN
2017-01-02T12:00:00Z,0.0,-83.875,76.125,NaN,NaN
2017-01-02T12:00:00Z,0.0,-83.875,80.125,NaN,NaN
2017-01-02T12:00:00Z,0.0,-83.875,84.125,NaN,NaN
2017-01-02T12:00:00Z,0.0,-83.875,88.125,NaN,NaN
2017-01-02T12:00:00Z,0.0,-83.875,92.125,NaN,NaN
2017-01-02T12:00:00Z,0.0,-83.875,96.125,NaN,NaN
2017-01-02T12:00:00Z,0.0,-83.875,100.125,NaN,NaN
2017-01-02T12:00:00Z,0.0,-83.875,104.125,NaN,NaN
2017-01-02T12:00:00Z,0.0,-83.875,108.125,NaN,NaN
2017-01-02T12:00:00Z,0.0,-83.875,112.125,NaN,NaN
2017-01-02T12:00:00Z,0.0,-83.875,116.125,NaN,NaN
2017-01-02T12:00:00Z,0.0,-83.875,120.125,NaN,NaN
2017-01-02T12:00:00Z,0.0,-83.875,124.125,NaN,NaN
2017-01-02T12:00:00Z,0.0,-83.875,128.125,NaN,NaN
2017-01-02T12:00:00Z,0.0,-83.875,132.125,NaN,NaN
2017-01-02T12:00:00Z,0.0,-83.875,136.125,NaN,NaN
2017-01-02T12:00:00Z,0.0,-83.875,140.125,NaN,NaN
2017-01-02T12:00:00Z,0.0,-83.875,144.125,NaN,NaN
2017-01-02T12:00:00Z,0.0,-83.875,148.125,NaN,NaN
2017-01-02T12:00:00Z,0.0,-83.875,152.125,NaN,NaN
2017-01-02T12:00:00Z,0.0,-83.875,156.125,NaN,NaN
2017-01-02T12:00:00Z,0.0,-83.875,160.125,NaN,NaN
2017-01-02T12:00:00Z,0.0,-83.875,164.125,NaN,NaN
2017-01-02T12:00:00Z,0.0,-83.875,168.125,NaN,NaN
2017-01-02T12:00:00Z,0.0,-83.875,172.125,NaN,NaN
2017-01-02T12:00:00Z,0.0,-83.875,176.125,NaN,NaN
2017-01-02T12:00:00Z,0.0,-83.875,180.125,NaN,NaN
2017-01-02T12:00:00Z,0.0,-83.875,184.125,NaN,NaN
2017-01-02T12:00:00Z,0.0,-83.875,188.125,NaN,NaN
2017-01-02T12:00:00Z,0.0,-83.875,192.125,NaN,NaN
2017-01-02T12:00:00Z,0.0,-83.875,196.125,NaN,NaN
2017-01-02T12:00:00Z,0.0,-83.875,200.125,NaN,NaN
2017-01-02T12:00:00Z,0.0,-83.875,204.125,NaN,NaN
2017-01-02T12:00:00Z,0.0,-83.875,208.125,NaN,NaN
2017-01-02T12:00:00Z,0.0,-83.875,212.125,NaN,NaN
2017-01-02T12:00:00Z,0.0,-83.875,216.125,NaN,NaN
2017-01-02T12:00:00Z,0.0,-83.875,220.125,NaN,NaN
2017-01-02T12:00:00Z,0.0,-83.875,224.125,NaN,NaN
2017-01-02T12:00:00Z,0.0,-83.875,228.125,NaN,NaN
2017-01-02T12:00:00Z,0.0,-83.875,232.125,NaN,NaN
2017-01-02T12:00:00Z,0.0,-83.875,236.125,NaN,NaN
2017-01-02T12:00:00Z,0.0,-83.875,240.125,NaN,NaN
2017-01-02T12:00:00Z,0.0,-83.875,244.125,NaN,NaN
2017-01-02T12:00:00Z,0.0,-83.875,248.125,NaN,NaN
2017-01-02T12:00:00Z,0.0,-83.875,252.125,NaN,NaN
2017-01-02T12:00:00Z,0.0,-83.875,256.125,NaN,NaN
2017-01-02T12:00:00Z,0.0,-83.875,260.125,NaN,NaN
2017-01-02T12:00:00Z,0.0,-83.875,264.125,NaN,NaN
2017-01-02T12:00:00Z,0.0,-83.875,268.125,NaN,NaN
2017-01-02T12:00:00Z,0.0,-83.875,272.125,NaN,NaN
2017-01-02T12:00:00Z,0.0,-83.875,276.125,NaN,NaN
2017-01-02T12:00:00Z,0.0,-83.875,280.125,NaN,NaN
2017-01-02T12:00:00Z,0.0,-83.875,284.125,NaN,NaN
2017-01-02T12:00:00Z,0.0,-83.875,288.125,NaN,NaN
2017-01-02T12:00:00Z,0.0,-83.875,292.125,NaN,NaN
2017-01-02T12:00:00Z,0.0,-83.875,296.125,NaN,NaN
2017-01-02T12:00:00Z,0.0,-83.875,300.125,NaN,NaN
2017-01-02T12:00:00Z,0.0,-83.875,304.125,NaN,NaN
2017-01-02T12:00:00Z,0.0,-83.875,308.125,NaN,NaN
2017-01-02T12:00:00Z,0.0,-83.875,312.125,NaN,NaN
2017-01-02T12:00:00Z,0.0,-83.875,316.125,NaN,NaN
2017-01-02T12:00:00Z,0.0,-83.875,320.125,NaN,NaN
2017-01-02T12:00:00Z,0.0,-83.875,324.125,NaN,NaN
2017-01-02T12:00:00Z,0.0,-83.875,328.125,NaN,NaN
2017-01-02T12:00:00Z,0.0,-83.875,332.125,NaN,NaN
2017-01-02T12:00:00Z,0.0,-83.875,336.125,NaN,NaN
2017-01-02T12:00:00Z,0.0,-83.875,340.125,NaN,NaN
2017-01-02T12:00:00Z,0.0,-83.875,344.125,NaN,NaN
2017-01-02T12:00:00Z,0.0,-83.875,348.125,NaN,NaN
2017-01-02T12:00:00Z,0.0,-83.875,352.125,NaN,NaN
2017-01-02T12:00:00Z,0.0,-83.875,356.125,NaN,NaN
2017-01-02T12:00:00Z,0.0,-79.875,0.125,NaN,NaN
2017-01-02T12:00:00Z,0.0,-79.875,4.125,NaN,NaN
2017-01-02T12:00:00Z,0.0,-79.875,8.125,NaN,NaN
2017-01-02T12:00:00Z,0.0,-79.875,12.125,NaN,NaN
2017-01-02T12:00:00Z,0.0,-79.875,16.125,NaN,NaN
2017-01-02T12:00:00Z,0.0,-79.875,20.125,NaN,NaN
2017-01-02T12:00:00Z,0.0,-79.875,24.125,NaN,NaN
2017-01-02T12:00:00Z,0.0,-79.875,28.125,NaN,NaN
2017-01-02T12:00:00Z,0.0,-79.875,32.125,NaN,NaN
2017-01-02T12:00:00Z,0.0,-79.875,36.125,NaN,NaN
2017-01-02T12:00:00Z,0.0,-79.875,40.125,NaN,NaN
2017-01-02T12:00:00Z,0.0,-79.875,44.125,NaN,NaN
2017-01-02T12:00:00Z,0.0,-79.875,48.125,NaN,NaN
2017-01-02T12:00:00Z,0.0,-79.875,52.125,NaN,NaN
2017-01-02T12:00:00Z,0.0,-79.875,56.125,NaN,NaN
2017-01-02T12:00:00Z,0.0,-79.875,60.125,NaN,NaN
2017-01-02T12:00:00Z,0.0,-79.875,64.125,NaN,NaN
2017-01-02T12:00:00Z,0.0,-79.875,68.125,NaN,NaN
2017-01-02T12:00:00Z,0.0,-79.875,72.125,NaN,NaN
2017-01-02T12:00:00Z,0.0,-79.875,76.125,NaN,NaN
2017-01-02T12:00:00Z,0.0,-79.875,80.125,NaN,NaN
2017-01-02T12:00:00Z,0.0,-79.875,84.125,NaN,NaN
2017-01-02T12:00:00Z,0.0,-79.875,88.125,NaN,NaN
2017-01-02T12:00:00Z,0.0,-79.875,92.125,NaN,NaN
2017-01-02T12:00:00Z,0.0,-79.875,96.125,NaN,NaN
2017-01-02T12:00:00Z,0.0,-79.875,100.125,NaN,NaN
2017-01-02T12:00:00Z,0.0,-79.875,104.125,NaN,NaN
2017-01-02T12:00:00Z,0.0,-79.875,108.125,NaN,NaN
2017-01-02T12:00:00Z,0.0,-79.875,112.125,NaN,NaN
2017-01-02T12:00:00Z,0.0,-79.875,116.125,NaN,NaN
2017-01-02T12:00:00Z,0.0,-79.875,120.125,NaN,NaN
2017-01-02T12:00:00Z,0.0,-79.875,124.125,NaN,NaN
2017-01-02T12:00:00Z,0.0,-79.875,128.125,NaN,NaN
2017-01-02T12:00:00Z,0.0,-79.875,132.125,NaN,NaN
2017-01-02T12:00:00Z,0.0,-79.875,136.125,NaN,NaN
2017-01-02T12:00:00Z,0.0,-79.875,140.125,NaN,NaN
2017-01-02T12:00:00Z,0.0,-79.875,144.125,NaN,NaN
2017-01-02T12:00:00Z,0.0,-79.875,148.125,NaN,NaN
2017-01-02T12:00:00Z,0.0,-79.875,152.125,NaN,NaN
2017-01-02T12:00:00Z,0.0,-79.875,156.125,NaN,NaN
2017-01-02T12:00:00Z,0.0,-79.875,160.125,NaN,NaN
2017-01-02T12:00:00Z,0.0,-79.875,164.125,NaN,NaN
2017-01-02T12:00:00Z,0.0,-79.875,168.125,NaN,NaN
2017-01-02T12:00:00Z,0.0,-79.875,172.125,NaN,NaN
2017-01-02T12:00:00Z,0.0,-79.875,176.125,NaN,NaN
2017-01-02T12:00:00Z,0.0,-79.875,180.125,NaN,NaN
2017-01-02T12:00:00Z,0.0,-79.875,184.125,NaN,NaN
2017-01-02T12:00:00Z,0.0,-79.875,188.125,NaN,NaN
2017-01-02T12:00:00Z,0.0,-79.875,192.125,NaN,NaN
2017-01-02T12:00:00Z,0.0,-79.875,196.125,NaN,NaN
2017-01-02T12:00:00Z,0.0,-79.875,200.125,NaN,NaN
2017-01-02T12:00:00Z,0.0,-79.875,204.125,NaN,NaN
2017-01-02T12:00:00Z,0.0,-79.875,208.125,NaN,NaN
2017-01-02T12:00:00Z,0.0,-79.875,212.125,NaN,NaN
2017-01-02T12:00:00Z,0.0,-79.875,216.125,NaN,NaN
2017-01-02T12:00:00Z,0.0,-79.875,220.125,NaN,NaN
2017-01-02T12:00:00Z,0.0,-79.875,224.125,NaN,NaN
2017-01-02T12:00:00Z,0.0,-79.875,228.125,NaN,NaN
2017-01-02T12:00:00Z,0.0,-79.875,232.125,NaN,NaN
2017-01-02T12:00:00Z,0.0,-79.875,236.125,NaN,NaN
2017-01-02T12:00:00Z,0.0,-79.875,240.125,NaN,NaN
2017-01-02T12:00:00Z,0.0,-79.875,244.125,NaN,NaN
2017-01-02T12:00:00Z,0.0,-79.875,248.125,NaN,NaN
2017-01-02T12:00:00Z,0.0,-79.875,252.125,NaN,NaN
2017-01-02T12:00:00Z,0.0,-79.875,256.125,NaN,NaN
2017-01-02T12:00:00Z,0.0,-79.875,260.125,NaN,NaN
2017-01-02T12:00:00Z,0.0,-79.875,264.125,NaN,NaN
2017-01-02T12:00:00Z,0.0,-79.875,268.125,NaN,NaN
2017-01-02T12:00:00Z,0.0,-79.875,272.125,NaN,NaN
2017-01-02T12:00:00Z,0.0,-79.875,276.125,NaN,NaN
2017-01-02T12:00:00Z,0.0,-79.875,280.125,NaN,NaN
2017-01-02T12:00:00Z,0.0,-79.875,284.125,NaN,NaN
2017-01-02T12:00:00Z,0.0,-79.875,288.125,NaN,NaN
2017-01-02T12:00:00Z,0.0,-79.875,292.125,NaN,NaN
2017-01-02T12:00:00Z,0.0,-79.875,296.125,NaN,NaN
2017-01-02T12:00:00Z,0.0,-79.875,300.125,NaN,NaN
2017-01-02T12:00:00Z,0.0,-79.875,304.125,NaN,NaN
2017-01-02T12:00:00Z,0.0,-79.875,308.125,NaN,NaN
2017-01-02T12:00:00Z,0.0,-79.875,312.125,NaN,NaN
2017-01-02T12:00:00Z,0.0,-79.875,316.125,NaN,NaN
2017-01-02T12:00:00Z,0.0,-79.875,320.125,NaN,NaN
2017-01-02T12:00:00Z,0.0,-79.875,324.125,NaN,NaN
2017-01-02T12:00:00Z,0.0,-79.875,328.125,NaN,NaN
2017-01-02T12:00:00Z,0.0,-79.875,332.125,NaN,NaN
2017-01-02T12:00:00Z,0.0,-79.875,336.125,NaN,NaN
2017-01-02T12:00:00Z,0.0,-79.875,340.125,NaN,NaN
2017-01-02T12:00:00Z,0.0,-79.875,344.125,NaN,NaN
2017-01-02T12:00:00Z,0.0,-79.875,348.125,NaN,NaN
2017-01-02T12:00:00Z,0.0,-79.875,352.125,NaN,NaN
2017-01-02T12:00:00Z,0.0,-79.875,356.125,NaN,NaN
2017-01-02T12:00:00Z,0.0,-75.875,0.125,NaN,NaN
2017-01-02T12:00:00Z,0.0,-75.875,4.125,NaN,NaN
2017-01-02T12:00:00Z,0.0,-75.875,8.125,NaN,NaN
2017-01-02T12:00:00Z,0.0,-75.875,12.125,NaN,NaN
2017-01-02T12:00:00Z,0.0,-75.875,16.125,NaN,NaN
2017-01-02T12:00:00Z,0.0,-75.875,20.125,NaN,NaN
2017-01-02T12:00:00Z,0.0,-75.875,24.125,NaN,NaN
2017-01-02T12:00:00Z,0.0,-75.875,28.125,NaN,NaN
2017-01-02T12:00:00Z,0.0,-75.875,32.125,NaN,NaN
2017-01-02T12:00:00Z,0.0,-75.875,36.125,NaN,NaN
2017-01-02T12:00:00Z,0.0,-75.875,40.125,NaN,NaN
2017-01-02T12:00:00Z,0.0,-75.875,44.125,NaN,NaN
2017-01-02T12:00:00Z,0.0,-75.875,48.125,NaN,NaN
2017-01-02T12:00:00Z,0.0,-75.875,52.125,NaN,NaN
2017-01-02T12:00:00Z,0.0,-75.875,56.125,NaN,NaN
2017-01-02T12:00:00Z,0.0,-75.875,60.125,NaN,NaN
2017-01-02T12:00:00Z,0.0,-75.875,64.125,NaN,NaN
2017-01-02T12:00:00Z,0.0,-75.875,68.125,NaN,NaN
2017-01-02T12:00:00Z,0.0,-75.875,72.125,NaN,NaN
2017-01-02T12:00:00Z,0.0,-75.875,76.125,NaN,NaN
2017-01-02T12:00:00Z,0.0,-75.875,80.125,NaN,NaN
2017-01-02T12:00:00Z,0.0,-75.875,84.125,NaN,NaN
2017-01-02T12:00:00Z,0.0,-75.875,88.125,NaN,NaN
2017-01-02T12:00:00Z,0.0,-75.875,92.125,NaN,NaN
2017-01-02T12:00:00Z,0.0,-75.875,96.125,NaN,NaN
2017-01-02T12:00:00Z,0.0,-75.875,100.125,NaN,NaN
2017-01-02T12:00:00Z,0.0,-75.875,104.125,NaN,NaN
2017-01-02T12:00:00Z,0.0,-75.875,108.125,NaN,NaN
2017-01-02T12:00:00Z,0.0,-75.875,112.125,NaN,NaN
2017-01-02T12:00:00Z,0.0,-75.875,116.125,NaN,NaN
2017-01-02T12:00:00Z,0.0,-75.875,120.125,NaN,NaN
2017-01-02T12:00:00Z,0.0,-75.875,124.125,NaN,NaN
2017-01-02T12:00:00Z,0.0,-75.875,128.125,NaN,NaN
2017-01-02T12:00:00Z,0.0,-75.875,132.125,NaN,NaN
2017-01-02T12:00:00Z,0.0,-75.875,136.125,NaN,NaN
2017-01-02T12:00:00Z,0.0,-75.875,140.125,NaN,NaN
2017-01-02T12:00:00Z,0.0,-75.875,144.125,NaN,NaN
2017-01-02T12:00:00Z,0.0,-75.875,148.125,NaN,NaN
2017-01-02T12:00:00Z,0.0,-75.875,152.125,NaN,NaN
2017-01-02T12:00:00Z,0.0,-75.875,156.125,NaN,NaN
2017-01-02T12:00:00Z,0.0,-75.875,160.125,NaN,NaN
2017-01-02T12:00:00Z,0.0,-75.875,164.125,-1.66,-1.02
2017-01-02T12:00:00Z,0.0,-75.875,168.125,-1.4,-0.73
2017-01-02T12:00:00Z,0.0,-75.875,172.125,-0.97,-0.83
2017-01-02T12:00:00Z,0.0,-75.875,176.125,-0.87,-0.93
2017-01-02T12:00:00Z,0.0,-75.875,180.125,-0.7,-0.73
2017-01-02T12:00:00Z,0.0,-75.875,184.125,-0.38,-0.29
2017-01-02T12:00:00Z,0.0,-75.875,188.125,-0.75,-0.23
2017-01-02T12:00:00Z,0.0,-75.875,192.125,-1.27,-0.48
2017-01-02T12:00:00Z,0.0,-75.875,196.125,-1.32,-0.39
2017-01-02T12:00:00Z,0.0,-75.875,200.125,-1.23,-0.22
2017-01-02T12:00:00Z,0.0,-75.875,204.125,-1.32,-0.13
2017-01-02T12:00:00Z,0.0,-75.875,208.125,-1.36,-0.16
2017-01-02T12:00:00Z,0.0,-75.875,212.125,-1.5,-0.2
2017-01-02T12:00:00Z,0.0,-75.875,216.125,NaN,NaN
2017-01-02T12:00:00Z,0.0,-75.875,220.125,NaN,NaN
2017-01-02T12:00:00Z,0.0,-75.875,224.125,NaN,NaN
2017-01-02T12:00:00Z,0.0,-75.875,228.125,NaN,NaN
2017-01-02T12:00:00Z,0.0,-75.875,232.125,NaN,NaN
2017-01-02T12:00:00Z,0.0,-75.875,236.125,NaN,NaN
2017-01-02T12:00:00Z,0.0,-75.875,240.125,NaN,NaN
2017-01-02T12:00:00Z,0.0,-75.875,244.125,NaN,NaN
2017-01-02T12:00:00Z,0.0,-75.875,248.125,NaN,NaN
2017-01-02T12:00:00Z,0.0,-75.875,252.125,NaN,NaN
2017-01-02T12:00:00Z,0.0,-75.875,256.125,NaN,NaN
2017-01-02T12:00:00Z,0.0,-75.875,260.125,NaN,NaN
2017-01-02T12:00:00Z,0.0,-75.875,264.125,NaN,NaN
2017-01-02T12:00:00Z,0.0,-75.875,268.125,NaN,NaN
2017-01-02T12:00:00Z,0.0,-75.875,272.125,NaN,NaN
2017-01-02T12:00:00Z,0.0,-75.875,276.125,NaN,NaN
2017-01-02T12:00:00Z,0.0,-75.875,280.125,NaN,NaN
2017-01-02T12:00:00Z,0.0,-75.875,284.125,NaN,NaN
2017-01-02T12:00:00Z,0.0,-75.875,288.125,NaN,NaN
2017-01-02T12:00:00Z,0.0,-75.875,292.125,NaN,NaN
2017-01-02T12:00:00Z,0.0,-75.875,296.125,-1.36,-0.34
2017-01-02T12:00:00Z,0.0,-75.875,300.125,-1.7,-0.82
2017-01-02T12:00:00Z,0.0,-75.875,304.125,-1.69,-0.5
2017-01-02T12:00:00Z,0.0,-75.875,308.125,-1.8,-0.56
2017-01-02T12:00:00Z,0.0,-75.875,312.125,-1.71,-0.48
2017-01-02T12:00:00Z,0.0,-75.875,316.125,-1.8,-0.5
2017-01-02T12:00:00Z,0.0,-75.875,320.125,-1.74,-0.27
2017-01-02T12:00:00Z,0.0,-75.875,324.125,-1.8,-0.39
2017-01-02T12:00:00Z,0.0,-75.875,328.125,-1.64,-0.54
2017-01-02T12:00:00Z,0.0,-75.875,332.125,-1.4,-0.73
2017-01-02T12:00:00Z,0.0,-75.875,336.125,-1.68,-0.9
2017-01-02T12:00:00Z,0.0,-75.875,340.125,NaN,NaN
2017-01-02T12:00:00Z,0.0,-75.875,344.125,NaN,NaN
2017-01-02T12:00:00Z,0.0,-75.875,348.125,NaN,NaN
2017-01-02T12:00:00Z,0.0,-75.875,352.125,NaN,NaN
2017-01-02T12:00:00Z,0.0,-75.875,356.125,NaN,NaN
2017-01-02T12:00:00Z,0.0,-71.875,0.125,NaN,NaN
2017-01-02T12:00:00Z,0.0,-71.875,4.125,NaN,NaN
2017-01-02T12:00:00Z,0.0,-71.875,8.125,NaN,NaN
2017-01-02T12:00:00Z,0.0,-71.875,12.125,NaN,NaN
2017-01-02T12:00:00Z,0.0,-71.875,16.125,NaN,NaN
2017-01-02T12:00:00Z,0.0,-71.875,20.125,NaN,NaN
2017-01-02T12:00:00Z,0.0,-71.875,24.125,NaN,NaN
2017-01-02T12:00:00Z,0.0,-71.875,28.125,NaN,NaN
2017-01-02T12:00:00Z,0.0,-71.875,32.125,NaN,NaN
2017-01-02T12:00:00Z,0.0,-71.875,36.125,NaN,NaN
2017-01-02T12:00:00Z,0.0,-71.875,40.125,NaN,NaN
2017-01-02T12:00:00Z,0.0,-71.875,44.125,NaN,NaN
2017-01-02T12:00:00Z,0.0,-71.875,48.125,NaN,NaN
2017-01-02T12:00:00Z,0.0,-71.875,52.125,NaN,NaN
2017-01-02T12:00:00Z,0.0,-71.875,56.125,NaN,NaN
2017-01-02T12:00:00Z,0.0,-71.875,60.125,NaN,NaN
2017-01-02T12:00:00Z,0.0,-71.875,64.125,NaN,NaN
2017-01-02T12:00:00Z,0.0,-71.875,68.125,-0.97,0.0
2017-01-02T12:00:00Z,0.0,-71.875,72.125,NaN,NaN
2017-01-02T12:00:00Z,0.0,-71.875,76.125,NaN,NaN
2017-01-02T12:00:00Z,0.0,-71.875,80.125,NaN,NaN
2017-01-02T12:00:00Z,0.0,-71.875,84.125,NaN,NaN
2017-01-02T12:00:00Z,0.0,-71.875,88.125,NaN,NaN
2017-01-02T12:00:00Z,0.0,-71.875,92.125,NaN,NaN
2017-01-02T12:00:00Z,0.0,-71.875,96.125,NaN,NaN
2017-01-02T12:00:00Z,0.0,-71.875,100.125,NaN,NaN
2017-01-02T12:00:00Z,0.0,-71.875,104.125,NaN,NaN
2017-01-02T12:00:00Z,0.0,-71.875,108.125,NaN,NaN
2017-01-02T12:00:00Z,0.0,-71.875,112.125,NaN,NaN
2017-01-02T12:00:00Z,0.0,-71.875,116.125,NaN,NaN
2017-01-02T12:00:00Z,0.0,-71.875,120.125,NaN,NaN
2017-01-02T12:00:00Z,0.0,-71.875,124.125,NaN,NaN
2017-01-02T12:00:00Z,0.0,-71.875,128.125,NaN,NaN
2017-01-02T12:00:00Z,0.0,-71.875,132.125,NaN,NaN
2017-01-02T12:00:00Z,0.0,-71.875,136.125,NaN,NaN
2017-01-02T12:00:00Z,0.0,-71.875,140.125,NaN,NaN
2017-01-02T12:00:00Z,0.0,-71.875,144.125,NaN,NaN
2017-01-02T12:00:00Z,0.0,-71.875,148.125,NaN,NaN
2017-01-02T12:00:00Z,0.0,-71.875,152.125,NaN,NaN
2017-01-02T12:00:00Z,0.0,-71.875,156.125,NaN,NaN
2017-01-02T12:00:00Z,0.0,-71.875,160.125,NaN,NaN
2017-01-02T12:00:00Z,0.0,-71.875,164.125,NaN,NaN
2017-01-02T12:00:00Z,0.0,-71.875,168.125,NaN,NaN
2017-01-02T12:00:00Z,0.0,-71.875,172.125,-1.42,-0.84
2017-01-02T12:00:00Z,0.0,-71.875,176.125,-1.39,-0.97
2017-01-02T12:00:00Z,0.0,-71.875,180.125,-1.43,-0.89
2017-01-02T12:00:00Z,0.0,-71.875,184.125,-1.35,-0.66
2017-01-02T12:00:00Z,0.0,-71.875,188.125,-1.39,-0.4
2017-01-02T12:00:00Z,0.0,-71.875,192.125,-1.66,-0.51
2017-01-02T12:00:00Z,0.0,-71.875,196.125,-1.68,-0.51
2017-01-02T12:00:00Z,0.0,-71.875,200.125,-1.72,-0.53
2017-01-02T12:00:00Z,0.0,-71.875,204.125,-1.63,-0.43
2017-01-02T12:00:00Z,0.0,-71.875,208.125,-1.63,-0.44
2017-01-02T12:00:00Z,0.0,-71.875,212.125,-1.37,-0.13
2017-01-02T12:00:00Z,0.0,-71.875,216.125,-1.47,-0.17
2017-01-02T12:00:00Z,0.0,-71.875,220.125,-1.59,-0.26
2017-01-02T12:00:00Z,0.0,-71.875,224.125,-1.5,-0.17
2017-01-02T12:00:00Z,0.0,-71.875,228.125,-1.51,-0.11
2017-01-02T12:00:00Z,0.0,-71.875,232.125,-1.48,-0.09
2017-01-02T12:00:00Z,0.0,-71.875,236.125,-1.43,0.05
2017-01-02T12:00:00Z,0.0,-71.875,240.125,-1.3,-0.02
2017-01-02T12:00:00Z,0.0,-71.875,244.125,-1.21,-0.24
2017-01-02T12:00:00Z,0.0,-71.875,248.125,-1.68,-0.76
2017-01-02T12:00:00Z,0.0,-71.875,252.125,-1.76,-0.48
2017-01-02T12:00:00Z,0.0,-71.875,256.125,-1.63,-0.56
2017-01-02T12:00:00Z,0.0,-71.875,260.125,-1.59,-0.39
2017-01-02T12:00:00Z,0.0,-71.875,264.125,-1.8,-0.39
2017-01-02T12:00:00Z,0.0,-71.875,268.125,-1.8,-0.28
2017-01-02T12:00:00Z,0.0,-71.875,272.125,-1.8,-0.29
2017-01-02T12:00:00Z,0.0,-71.875,276.125,-1.8,-0.56
2017-01-02T12:00:00Z,0.0,-71.875,280.125,-1.73,-0.92
2017-01-02T12:00:00Z,0.0,-71.875,284.125,-1.7,-0.98
2017-01-02T12:00:00Z,0.0,-71.875,288.125,-1.78,-0.74
2017-01-02T12:00:00Z,0.0,-71.875,292.125,-1.41,-0.07
2017-01-02T12:00:00Z,0.0,-71.875,296.125,NaN,NaN
2017-01-02T12:00:00Z,0.0,-71.875,300.125,-1.8,-0.34
2017-01-02T12:00:00Z,0.0,-71.875,304.125,-1.8,-0.14
2017-01-02T12:00:00Z,0.0,-71.875,308.125,-1.8,-0.08
2017-01-02T12:00:00Z,0.0,-71.875,312.125,-1.8,-0.07
2017-01-02T12:00:00Z,0.0,-71.875,316.125,-1.8,-0.12
2017-01-02T12:00:00Z,0.0,-71.875,320.125,-1.8,-0.21
2017-01-02T12:00:00Z,0.0,-71.875,324.125,-1.8,-0.38
2017-01-02T12:00:00Z,0.0,-71.875,328.125,-1.73,-0.53
2017-01-02T12:00:00Z,0.0,-71.875,332.125,-1.52,-0.51
2017-01-02T12:00:00Z,0.0,-71.875,336.125,-1.41,-0.51
2017-01-02T12:00:00Z,0.0,-71.875,340.125,-1.62,-0.89
2017-01-02T12:00:00Z,0.0,-71.875,344.125,-1.56,-0.74
2017-01-02T12:00:00Z,0.0,-71.875,348.125,-1.58,-0.73
2017-01-02T12:00:00Z,0.0,-71.875,352.125,NaN,NaN
2017-01-02T12:00:00Z,0.0,-71.875,356.125,NaN,NaN
2017-01-02T12:00:00Z,0.0,-67.875,0.125,1.78,2.02
2017-01-02T12:00:00Z,0.0,-67.875,4.125,1.37,1.56
2017-01-02T12:00:00Z,0.0,-67.875,8.125,2.56,2.91
2017-01-02T12:00:00Z,0.0,-67.875,12.125,-1.5,-0.99
2017-01-02T12:00:00Z,0.0,-67.875,16.125,-1.51,-0.99
2017-01-02T12:00:00Z,0.0,-67.875,20.125,-1.46,-1.08
2017-01-02T12:00:00Z,0.0,-67.875,24.125,-1.6,-1.03
2017-01-02T12:00:00Z,0.0,-67.875,28.125,-1.52,-0.67
2017-01-02T12:00:00Z,0.0,-67.875,32.125,-1.6,-0.63
2017-01-02T12:00:00Z,0.0,-67.875,36.125,-1.8,-0.71
2017-01-02T12:00:00Z,0.0,-67.875,40.125,-1.8,-0.64
2017-01-02T12:00:00Z,0.0,-67.875,44.125,-1.8,-0.55
2017-01-02T12:00:00Z,0.0,-67.875,48.125,NaN,NaN
2017-01-02T12:00:00Z,0.0,-67.875,52.125,NaN,NaN
2017-01-02T12:00:00Z,0.0,-67.875,56.125,NaN,NaN
2017-01-02T12:00:00Z,0.0,-67.875,60.125,NaN,NaN
2017-01-02T12:00:00Z,0.0,-67.875,64.125,NaN,NaN
2017-01-02T12:00:00Z,0.0,-67.875,68.125,NaN,NaN
2017-01-02T12:00:00Z,0.0,-67.875,72.125,0.28,0.57
2017-01-02T12:00:00Z,0.0,-67.875,76.125,0.03,-0.02
2017-01-02T12:00:00Z,0.0,-67.875,80.125,-0.08,0.64
2017-01-02T12:00:00Z,0.0,-67.875,84.125,NaN,NaN
2017-01-02T12:00:00Z,0.0,-67.875,88.125,NaN,NaN
2017-01-02T12:00:00Z,0.0,-67.875,92.125,NaN,NaN
2017-01-02T12:00:00Z,0.0,-67.875,96.125,NaN,NaN
2017-01-02T12:00:00Z,0.0,-67.875,100.125,NaN,NaN
2017-01-02T12:00:00Z,0.0,-67.875,104.125,NaN,NaN
2017-01-02T12:00:00Z,0.0,-67.875,108.125,NaN,NaN
2017-01-02T12:00:00Z,0.0,-67.875,112.125,NaN,NaN
2017-01-02T12:00:00Z,0.0,-67.875,116.125,NaN,NaN
2017-01-02T12:00:00Z,0.0,-67.875,120.125,NaN,NaN
2017-01-02T12:00:00Z,0.0,-67.875,124.125,NaN,NaN
2017-01-02T12:00:00Z,0.0,-67.875,128.125,NaN,NaN
2017-01-02T12:00:00Z,0.0,-67.875,132.125,NaN,NaN
2017-01-02T12:00:00Z,0.0,-67.875,136.125,NaN,NaN
2017-01-02T12:00:00Z,0.0,-67.875,140.125,NaN,NaN
2017-01-02T12:00:00Z,0.0,-67.875,144.125,NaN,NaN
2017-01-02T12:00:00Z,0.0,-67.875,148.125,-1.65,-0.73
2017-01-02T12:00:00Z,0.0,-67.875,152.125,-1.79,-0.4
2017-01-02T12:00:00Z,0.0,-67.875,156.125,-1.8,-0.52
2017-01-02T12:00:00Z,0.0,-67.875,160.125,-1.8,-0.6
2017-01-02T12:00:00Z,0.0,-67.875,164.125,-1.71,-0.68
2017-01-02T12:00:00Z,0.0,-67.875,168.125,-0.67,0.24
2017-01-02T12:00:00Z,0.0,-67.875,172.125,-1.12,-0.38
2017-01-02T12:00:00Z,0.0,-67.875,176.125,-1.21,-0.6
2017-01-02T12:00:00Z,0.0,-67.875,180.125,-1.41,-1.0
2017-01-02T12:00:00Z,0.0,-67.875,184.125,-1.53,-1.11
2017-01-02T12:00:00Z,0.0,-67.875,188.125,-1.42,-0.92
2017-01-02T12:00:00Z,0.0,-67.875,192.125,-1.59,-1.02
2017-01-02T12:00:00Z,0.0,-67.875,196.125,-1.51,-0.89
2017-01-02T12:00:00Z,0.0,-67.875,200.125,-1.55,-0.88
2017-01-02T12:00:00Z,0.0,-67.875,204.125,-1.58,-0.84
2017-01-02T12:00:00Z,0.0,-67.875,208.125,-1.67,-0.89
2017-01-02T12:00:00Z,0.0,-67.875,212.125,-1.71,-0.92
2017-01-02T12:00:00Z,0.0,-67.875,216.125,-1.62,-0.9
2017-01-02T12:00:00Z,0.0,-67.875,220.125,-1.5,-0.84
2017-01-02T12:00:00Z,0.0,-67.875,224.125,-1.45,-0.87
2017-01-02T12:00:00Z,0.0,-67.875,228.125,-0.09,0.46
2017-01-02T12:00:00Z,0.0,-67.875,232.125,-0.46,0.04
2017-01-02T12:00:00Z,0.0,-67.875,236.125,-0.42,-0.1
2017-01-02T12:00:00Z,0.0,-67.875,240.125,0.95,1.02
2017-01-02T12:00:00Z,0.0,-67.875,244.125,0.41,0.34
2017-01-02T12:00:00Z,0.0,-67.875,248.125,-0.19,-0.38
2017-01-02T12:00:00Z,0.0,-67.875,252.125,0.33,-0.01
2017-01-02T12:00:00Z,0.0,-67.875,256.125,-0.52,-1.0
2017-01-02T12:00:00Z,0.0,-67.875,260.125,1.14,0.54
2017-01-02T12:00:00Z,0.0,-67.875,264.125,1.76,1.11
2017-01-02T12:00:00Z,0.0,-67.875,268.125,1.31,0.79
2017-01-02T12:00:00Z,0.0,-67.875,272.125,1.23,0.82
2017-01-02T12:00:00Z,0.0,-67.875,276.125,1.21,0.68
2017-01-02T12:00:00Z,0.0,-67.875,280.125,1.4,1.05
2017-01-02T12:00:00Z,0.0,-67.875,284.125,0.69,0.65
2017-01-02T12:00:00Z,0.0,-67.875,288.125,-1.18,-0.98
2017-01-02T12:00:00Z,0.0,-67.875,292.125,-1.71,-1.06
2017-01-02T12:00:00Z,0.0,-67.875,296.125,-1.21,-0.2
2017-01-02T12:00:00Z,0.0,-67.875,300.125,-1.8,-0.23
2017-01-02T12:00:00Z,0.0,-67.875,304.125,-1.8,-0.12
2017-01-02T12:00:00Z,0.0,-67.875,308.125,-1.8,-0.19
2017-01-02T12:00:00Z,0.0,-67.875,312.125,-1.8,-0.36
2017-01-02T12:00:00Z,0.0,-67.875,316.125,-1.79,-0.54
2017-01-02T12:00:00Z,0.0,-67.875,320.125,-1.74,-0.67
2017-01-02T12:00:00Z,0.0,-67.875,324.125,-1.6,-0.74
2017-01-02T12:00:00Z,0.0,-67.875,328.125,-1.53,-0.76
2017-01-02T12:00:00Z,0.0,-67.875,332.125,-1.5,-0.75
2017-01-02T12:00:00Z,0.0,-67.875,336.125,-1.17,-0.46
2017-01-02T12:00:00Z,0.0,-67.875,340.125,-0.56,0.05
2017-01-02T12:00:00Z,0.0,-67.875,344.125,-0.05,0.48
2017-01-02T12:00:00Z,0.0,-67.875,348.125,1.1,1.61
2017-01-02T12:00:00Z,0.0,-67.875,352.125,0.85,1.34
2017-01-02T12:00:00Z,0.0,-67.875,356.125,1.59,1.97
2017-01-02T12:00:00Z,0.0,-63.875,0.125,1.03,0.88
2017-01-02T12:00:00Z,0.0,-63.875,4.125,1.48,1.28
2017-01-02T12:00:00Z,0.0,-63.875,8.125,1.19,0.91
2017-01-02T12:00:00Z,0.0,-63.875,12.125,1.51,1.2
2017-01-02T12:00:00Z,0.0,-63.875,16.125,0.32,0.08
2017-01-02T12:00:00Z,0.0,-63.875,20.125,-0.36,-0.53
2017-01-02T12:00:00Z,0.0,-63.875,24.125,-0.07,-0.22
2017-01-02T12:00:00Z,0.0,-63.875,28.125,0.08,-0.15
2017-01-02T12:00:00Z,0.0,-63.875,32.125,0.31,0.05
2017-01-02T12:00:00Z,0.0,-63.875,36.125,0.46,0.06
2017-01-02T12:00:00Z,0.0,-63.875,40.125,0.56,0.08
2017-01-02T12:00:00Z,0.0,-63.875,44.125,0.35,-0.09
2017-01-02T12:00:00Z,0.0,-63.875,48.125,0.45,0.13
2017-01-02T12:00:00Z,0.0,-63.875,52.125,0.28,0.07
2017-01-02T12:00:00Z,0.0,-63.875,56.125,0.54,0.37
2017-01-02T12:00:00Z,0.0,-63.875,60.125,0.73,0.34
2017-01-02T12:00:00Z,0.0,-63.875,64.125,0.57,0.23
2017-01-02T12:00:00Z,0.0,-63.875,68.125,0.39,0.16
2017-01-02T12:00:00Z,0.0,-63.875,72.125,0.07,-0.32
2017-01-02T12:00:00Z,0.0,-63.875,76.125,-0.04,-0.49
2017-01-02T12:00:00Z,0.0,-63.875,80.125,-0.1,-0.35
2017-01-02T12:00:00Z,0.0,-63.875,84.125,-0.01,0.0
2017-01-02T12:00:00Z,0.0,-63.875,88.125,0.07,-0.02
2017-01-02T12:00:00Z,0.0,-63.875,92.125,-1.35,-1.41
2017-01-02T12:00:00Z,0.0,-63.875,96.125,-1.7,-1.23
2017-01-02T12:00:00Z,0.0,-63.875,100.125,-1.64,-1.1
2017-01-02T12:00:00Z,0.0,-63.875,104.125,-1.18,-1.05
2017-01-02T12:00:00Z,0.0,-63.875,108.125,-0.49,-0.7
2017-01-02T12:00:00Z,0.0,-63.875,112.125,-0.41,-0.79
2017-01-02T12:00:00Z,0.0,-63.875,116.125,-0.48,-0.7
2017-01-02T12:00:00Z,0.0,-63.875,120.125,1.15,0.79
2017-01-02T12:00:00Z,0.0,-63.875,124.125,1.12,0.71
2017-01-02T12:00:00Z,0.0,-63.875,128.125,-0.15,-0.57
2017-01-02T12:00:00Z,0.0,-63.875,132.125,-0.41,-0.94
2017-01-02T12:00:00Z,0.0,-63.875,136.125,0.1,-0.28
2017-01-02T12:00:00Z,0.0,-63.875,140.125,0.76,0.15
2017-01-02T12:00:00Z,0.0,-63.875,144.125,0.44,-0.31
2017-01-02T12:00:00Z,0.0,-63.875,148.125,0.8,0.15
2017-01-02T12:00:00Z,0.0,-63.875,152.125,0.07,-0.31
2017-01-02T12:00:00Z,0.0,-63.875,156.125,-0.19,-0.54
2017-01-02T12:00:00Z,0.0,-63.875,160.125,0.48,0.24
2017-01-02T12:00:00Z,0.0,-63.875,164.125,0.69,0.31
2017-01-02T12:00:00Z,0.0,-63.875,168.125,1.0,0.32
2017-01-02T12:00:00Z,0.0,-63.875,172.125,0.9,-0.16
2017-01-02T12:00:00Z,0.0,-63.875,176.125,1.61,0.13
2017-01-02T12:00:00Z,0.0,-63.875,180.125,2.35,0.64
2017-01-02T12:00:00Z,0.0,-63.875,184.125,1.04,-0.35
2017-01-02T12:00:00Z,0.0,-63.875,188.125,0.68,-0.17
2017-01-02T12:00:00Z,0.0,-63.875,192.125,0.17,-0.24
2017-01-02T12:00:00Z,0.0,-63.875,196.125,0.6,0.37
2017-01-02T12:00:00Z,0.0,-63.875,200.125,0.79,0.64
2017-01-02T12:00:00Z,0.0,-63.875,204.125,0.55,0.44
2017-01-02T12:00:00Z,0.0,-63.875,208.125,0.42,0.45
2017-01-02T12:00:00Z,0.0,-63.875,212.125,0.57,0.64
2017-01-02T12:00:00Z,0.0,-63.875,216.125,-0.61,-0.61
2017-01-02T12:00:00Z,0.0,-63.875,220.125,0.11,0.0
2017-01-02T12:00:00Z,0.0,-63.875,224.125,-0.12,-0.41
2017-01-02T12:00:00Z,0.0,-63.875,228.125,1.02,0.48
2017-01-02T12:00:00Z,0.0,-63.875,232.125,0.9,-0.14
2017-01-02T12:00:00Z,0.0,-63.875,236.125,1.63,0.16
2017-01-02T12:00:00Z,0.0,-63.875,240.125,2.84,1.2
2017-01-02T12:00:00Z,0.0,-63.875,244.125,0.9,-1.1
2017-01-02T12:00:00Z,0.0,-63.875,248.125,3.57,1.3
2017-01-02T12:00:00Z,0.0,-63.875,252.125,2.86,0.72
2017-01-02T12:00:00Z,0.0,-63.875,256.125,2.97,0.94
2017-01-02T12:00:00Z,0.0,-63.875,260.125,2.86,0.71
2017-01-02T12:00:00Z,0.0,-63.875,264.125,2.08,-0.1
2017-01-02T12:00:00Z,0.0,-63.875,268.125,1.94,-0.26
2017-01-02T12:00:00Z,0.0,-63.875,272.125,2.75,0.17
2017-01-02T12:00:00Z,0.0,-63.875,276.125,2.19,-0.31
2017-01-02T12:00:00Z,0.0,-63.875,280.125,1.05,-1.29
2017-01-02T12:00:00Z,0.0,-63.875,284.125,1.15,-1.12
2017-01-02T12:00:00Z,0.0,-63.875,288.125,1.51,-0.32
2017-01-02T12:00:00Z,0.0,-63.875,292.125,1.61,0.34
2017-01-02T12:00:00Z,0.0,-63.875,296.125,2.65,1.99
2017-01-02T12:00:00Z,0.0,-63.875,300.125,-1.67,-1.61
2017-01-02T12:00:00Z,0.0,-63.875,304.125,-1.3,-0.89
2017-01-02T12:00:00Z,0.0,-63.875,308.125,-1.48,-1.09
2017-01-02T12:00:00Z,0.0,-63.875,312.125,-0.92,-0.57
2017-01-02T12:00:00Z,0.0,-63.875,316.125,-1.39,-0.97
2017-01-02T12:00:00Z,0.0,-63.875,320.125,-1.11,-0.55
2017-01-02T12:00:00Z,0.0,-63.875,324.125,-1.23,-0.69
2017-01-02T12:00:00Z,0.0,-63.875,328.125,-0.52,0.06
2017-01-02T12:00:00Z,0.0,-63.875,332.125,-0.09,0.52
2017-01-02T12:00:00Z,0.0,-63.875,336.125,-0.26,0.35
2017-01-02T12:00:00Z,0.0,-63.875,340.125,-0.57,-0.02
2017-01-02T12:00:00Z,0.0,-63.875,344.125,-0.35,0.13
2017-01-02T12:00:00Z,0.0,-63.875,348.125,0.37,0.74
2017-01-02T12:00:00Z,0.0,-63.875,352.125,0.68,0.93
2017-01-02T12:00:00Z,0.0,-63.875,356.125,0.77,0.81
2017-01-02T12:00:00Z,0.0,-59.875,0.125,1.9,1.86
2017-01-02T12:00:00Z,0.0,-59.875,4.125,1.37,1.34
2017-01-02T12:00:00Z,0.0,-59.875,8.125,1.59,1.54
2017-01-02T12:00:00Z,0.0,-59.875,12.125,0.42,0.3
2017-01-02T12:00:00Z,0.0,-59.875,16.125,0.23,0.08
2017-01-02T12:00:00Z,0.0,-59.875,20.125,0.54,0.27
2017-01-02T12:00:00Z,0.0,-59.875,24.125,0.38,-0.19
2017-01-02T12:00:00Z,0.0,-59.875,28.125,0.8,0.03
2017-01-02T12:00:00Z,0.0,-59.875,32.125,1.11,0.36
2017-01-02T12:00:00Z,0.0,-59.875,36.125,0.77,-0.03
2017-01-02T12:00:00Z,0.0,-59.875,40.125,1.33,0.6
2017-01-02T12:00:00Z,0.0,-59.875,44.125,1.24,0.49
2017-01-02T12:00:00Z,0.0,-59.875,48.125,1.39,0.61
2017-01-02T12:00:00Z,0.0,-59.875,52.125,0.82,0.14
2017-01-02T12:00:00Z,0.0,-59.875,56.125,1.12,0.47
2017-01-02T12:00:00Z,0.0,-59.875,60.125,0.94,0.25
2017-01-02T12:00:00Z,0.0,-59.875,64.125,1.25,0.48
2017-01-02T12:00:00Z,0.0,-59.875,68.125,1.05,0.31
2017-01-02T12:00:00Z,0.0,-59.875,72.125,1.13,0.58
2017-01-02T12:00:00Z,0.0,-59.875,76.125,1.3,0.82
2017-01-02T12:00:00Z,0.0,-59.875,80.125,1.06,0.49
2017-01-02T12:00:00Z,0.0,-59.875,84.125,0.51,-0.29
2017-01-02T12:00:00Z,0.0,-59.875,88.125,1.52,0.28
2017-01-02T12:00:00Z,0.0,-59.875,92.125,1.19,0.07
2017-01-02T12:00:00Z,0.0,-59.875,96.125,0.94,-0.06
2017-01-02T12:00:00Z,0.0,-59.875,100.125,0.89,-0.2
2017-01-02T12:00:00Z,0.0,-59.875,104.125,1.01,-0.35
2017-01-02T12:00:00Z,0.0,-59.875,108.125,0.66,-0.74
2017-01-02T12:00:00Z,0.0,-59.875,112.125,1.36,-0.22
2017-01-02T12:00:00Z,0.0,-59.875,116.125,2.44,0.64
2017-01-02T12:00:00Z,0.0,-59.875,120.125,2.05,0.28
2017-01-02T12:00:00Z,0.0,-59.875,124.125,3.01,1.04
2017-01-02T12:00:00Z,0.0,-59.875,128.125,3.0,0.72
2017-01-02T12:00:00Z,0.0,-59.875,132.125,3.62,1.2
2017-01-02T12:00:00Z,0.0,-59.875,136.125,3.56,1.24
2017-01-02T12:00:00Z,0.0,-59.875,140.125,3.07,0.74
2017-01-02T12:00:00Z,0.0,-59.875,144.125,3.52,1.3
2017-01-02T12:00:00Z,0.0,-59.875,148.125,2.5,0.9
2017-01-02T12:00:00Z,0.0,-59.875,152.125,1.9,0.33
2017-01-02T12:00:00Z,0.0,-59.875,156.125,2.58,0.46
2017-01-02T12:00:00Z,0.0,-59.875,160.125,2.32,-0.15
2017-01-02T12:00:00Z,0.0,-59.875,164.125,3.77,0.28
2017-01-02T12:00:00Z,0.0,-59.875,168.125,4.61,0.11
2017-01-02T12:00:00Z,0.0,-59.875,172.125,5.51,0.39
2017-01-02T12:00:00Z,0.0,-59.875,176.125,5.04,0.26
2017-01-02T12:00:00Z,0.0,-59.875,180.125,4.92,0.49
2017-01-02T12:00:00Z,0.0,-59.875,184.125,4.3,0.16
2017-01-02T12:00:00Z,0.0,-59.875,188.125,4.53,0.73
2017-01-02T12:00:00Z,0.0,-59.875,192.125,4.03,0.7
2017-01-02T12:00:00Z,0.0,-59.875,196.125,3.76,0.92
2017-01-02T12:00:00Z,0.0,-59.875,200.125,3.47,1.26
2017-01-02T12:00:00Z,0.0,-59.875,204.125,2.5,0.98
2017-01-02T12:00:00Z,0.0,-59.875,208.125,1.43,0.61
2017-01-02T12:00:00Z,0.0,-59.875,212.125,1.38,0.8
2017-01-02T12:00:00Z,0.0,-59.875,216.125,1.86,1.0
2017-01-02T12:00:00Z,0.0,-59.875,220.125,2.47,1.14
2017-01-02T12:00:00Z,0.0,-59.875,224.125,2.69,1.04
2017-01-02T12:00:00Z,0.0,-59.875,228.125,3.42,1.23
2017-01-02T12:00:00Z,0.0,-59.875,232.125,3.82,1.07
2017-01-02T12:00:00Z,0.0,-59.875,236.125,4.2,0.89
2017-01-02T12:00:00Z,0.0,-59.875,240.125,4.03,0.48
2017-01-02T12:00:00Z,0.0,-59.875,244.125,3.89,-0.03
2017-01-02T12:00:00Z,0.0,-59.875,248.125,4.71,0.52
2017-01-02T12:00:00Z,0.0,-59.875,252.125,4.27,-0.03
2017-01-02T12:00:00Z,0.0,-59.875,256.125,4.82,0.28
2017-01-02T12:00:00Z,0.0,-59.875,260.125,5.07,0.21
2017-01-02T12:00:00Z,0.0,-59.875,264.125,5.13,0.22
2017-01-02T12:00:00Z,0.0,-59.875,268.125,5.14,0.22
2017-01-02T12:00:00Z,0.0,-59.875,272.125,5.3,0.06
2017-01-02T12:00:00Z,0.0,-59.875,276.125,5.18,-0.31
2017-01-02T12:00:00Z,0.0,-59.875,280.125,5.26,-0.4
2017-01-02T12:00:00Z,0.0,-59.875,284.125,5.31,-0.36
2017-01-02T12:00:00Z,0.0,-59.875,288.125,4.54,-0.61
2017-01-02T12:00:00Z,0.0,-59.875,292.125,3.02,-1.19
2017-01-02T12:00:00Z,0.0,-59.875,296.125,2.0,-0.81
2017-01-02T12:00:00Z,0.0,-59.875,300.125,2.16,0.12
2017-01-02T12:00:00Z,0.0,-59.875,304.125,2.06,0.46
2017-01-02T12:00:00Z,0.0,-59.875,308.125,1.98,0.78
2017-01-02T12:00:00Z,0.0,-59.875,312.125,0.96,-0.1
2017-01-02T12:00:00Z,0.0,-59.875,316.125,1.16,0.22
2017-01-02T12:00:00Z,0.0,-59.875,320.125,1.08,0.54
2017-01-02T12:00:00Z,0.0,-59.875,324.125,0.8,0.45
2017-01-02T12:00:00Z,0.0,-59.875,328.125,-0.05,-0.22
2017-01-02T12:00:00Z,0.0,-59.875,332.125,0.48,0.51
2017-01-02T12:00:00Z,0.0,-59.875,336.125,0.76,0.54
2017-01-02T12:00:00Z,0.0,-59.875,340.125,1.0,0.85
2017-01-02T12:00:00Z,0.0,-59.875,344.125,1.28,1.35
2017-01-02T12:00:00Z,0.0,-59.875,348.125,1.17,1.3
2017-01-02T12:00:00Z,0.0,-59.875,352.125,1.22,1.34
2017-01-02T12:00:00Z,0.0,-59.875,356.125,1.57,1.63
2017-01-02T12:00:00Z,0.0,-55.875,0.125,0.8,0.31
2017-01-02T12:00:00Z,0.0,-55.875,4.125,0.62,0.15
2017-01-02T12:00:00Z,0.0,-55.875,8.125,0.53,0.11
2017-01-02T12:00:00Z,0.0,-55.875,12.125,0.68,0.29
2017-01-02T12:00:00Z,0.0,-55.875,16.125,0.57,-0.03
2017-01-02T12:00:00Z,0.0,-55.875,20.125,0.17,-0.42
2017-01-02T12:00:00Z,0.0,-55.875,24.125,0.62,-0.25
2017-01-02T12:00:00Z,0.0,-55.875,28.125,2.07,0.47
2017-01-02T12:00:00Z,0.0,-55.875,32.125,1.93,0.14
2017-01-02T12:00:00Z,0.0,-55.875,36.125,1.95,0.02
2017-01-02T12:00:00Z,0.0,-55.875,40.125,2.23,0.56
2017-01-02T12:00:00Z,0.0,-55.875,44.125,1.93,0.58
2017-01-02T12:00:00Z,0.0,-55.875,48.125,2.11,0.55
2017-01-02T12:00:00Z,0.0,-55.875,52.125,2.44,0.67
2017-01-02T12:00:00Z,0.0,-55.875,56.125,2.93,1.0
2017-01-02T12:00:00Z,0.0,-55.875,60.125,2.68,0.69
2017-01-02T12:00:00Z,0.0,-55.875,64.125,3.01,0.92
2017-01-02T12:00:00Z,0.0,-55.875,68.125,2.51,0.45
2017-01-02T12:00:00Z,0.0,-55.875,72.125,1.8,0.02
2017-01-02T12:00:00Z,0.0,-55.875,76.125,2.41,1.1
2017-01-02T12:00:00Z,0.0,-55.875,80.125,2.25,1.19
2017-01-02T12:00:00Z,0.0,-55.875,84.125,4.25,2.32
2017-01-02T12:00:00Z,0.0,-55.875,88.125,3.23,1.01
2017-01-02T12:00:00Z,0.0,-55.875,92.125,2.71,0.65
2017-01-02T12:00:00Z,0.0,-55.875,96.125,3.59,1.45
2017-01-02T12:00:00Z,0.0,-55.875,100.125,2.53,0.6
2017-01-02T12:00:00Z,0.0,-55.875,104.125,2.36,0.32
2017-01-02T12:00:00Z,0.0,-55.875,108.125,2.76,0.26
2017-01-02T12:00:00Z,0.0,-55.875,112.125,3.05,0.11
2017-01-02T12:00:00Z,0.0,-55.875,116.125,3.65,0.22
2017-01-02T12:00:00Z,0.0,-55.875,120.125,3.92,0.3
2017-01-02T12:00:00Z,0.0,-55.875,124.125,4.34,0.47
2017-01-02T12:00:00Z,0.0,-55.875,128.125,4.96,0.87
2017-01-02T12:00:00Z,0.0,-55.875,132.125,5.39,1.08
2017-01-02T12:00:00Z,0.0,-55.875,136.125,5.58,1.16
2017-01-02T12:00:00Z,0.0,-55.875,140.125,5.7,1.62
2017-01-02T12:00:00Z,0.0,-55.875,144.125,4.51,1.2
2017-01-02T12:00:00Z,0.0,-55.875,148.125,4.9,1.33
2017-01-02T12:00:00Z,0.0,-55.875,152.125,5.27,0.43
2017-01-02T12:00:00Z,0.0,-55.875,156.125,6.46,1.0
2017-01-02T12:00:00Z,0.0,-55.875,160.125,5.22,-0.01
2017-01-02T12:00:00Z,0.0,-55.875,164.125,7.09,0.26
2017-01-02T12:00:00Z,0.0,-55.875,168.125,7.89,0.24
2017-01-02T12:00:00Z,0.0,-55.875,172.125,7.6,0.19
2017-01-02T12:00:00Z,0.0,-55.875,176.125,7.6,0.41
2017-01-02T12:00:00Z,0.0,-55.875,180.125,7.88,0.27
2017-01-02T12:00:00Z,0.0,-55.875,184.125,8.16,0.66
2017-01-02T12:00:00Z,0.0,-55.875,188.125,6.69,-0.21
2017-01-02T12:00:00Z,0.0,-55.875,192.125,7.01,0.47
2017-01-02T12:00:00Z,0.0,-55.875,196.125,6.42,0.21
2017-01-02T12:00:00Z,0.0,-55.875,200.125,6.12,0.25
2017-01-02T12:00:00Z,0.0,-55.875,204.125,5.6,0.12
2017-01-02T12:00:00Z,0.0,-55.875,208.125,6.0,1.33
2017-01-02T12:00:00Z,0.0,-55.875,212.125,4.96,0.88
2017-01-02T12:00:00Z,0.0,-55.875,216.125,5.6,1.24
2017-01-02T12:00:00Z,0.0,-55.875,220.125,6.42,1.18
2017-01-02T12:00:00Z,0.0,-55.875,224.125,5.55,0.55
2017-01-02T12:00:00Z,0.0,-55.875,228.125,6.24,0.84
2017-01-02T12:00:00Z,0.0,-55.875,232.125,6.76,0.5
2017-01-02T12:00:00Z,0.0,-55.875,236.125,7.37,0.87
2017-01-02T12:00:00Z,0.0,-55.875,240.125,6.62,0.38
2017-01-02T12:00:00Z,0.0,-55.875,244.125,6.01,-0.38
2017-01-02T12:00:00Z,0.0,-55.875,248.125,6.44,-0.19
2017-01-02T12:00:00Z,0.0,-55.875,252.125,7.29,0.57
2017-01-02T12:00:00Z,0.0,-55.875,256.125,7.48,0.75
2017-01-02T12:00:00Z,0.0,-55.875,260.125,7.08,0.31
2017-01-02T12:00:00Z,0.0,-55.875,264.125,7.09,0.28
2017-01-02T12:00:00Z,0.0,-55.875,268.125,6.69,-0.14
2017-01-02T12:00:00Z,0.0,-55.875,272.125,7.64,0.72
2017-01-02T12:00:00Z,0.0,-55.875,276.125,6.39,-0.58
2017-01-02T12:00:00Z,0.0,-55.875,280.125,7.29,0.23
2017-01-02T12:00:00Z,0.0,-55.875,284.125,8.09,0.84
2017-01-02T12:00:00Z,0.0,-55.875,288.125,8.04,0.38
2017-01-02T12:00:00Z,0.0,-55.875,292.125,8.39,0.78
2017-01-02T12:00:00Z,0.0,-55.875,296.125,5.3,-1.5
2017-01-02T12:00:00Z,0.0,-55.875,300.125,6.59,0.23
2017-01-02T12:00:00Z,0.0,-55.875,304.125,5.37,-0.25
2017-01-02T12:00:00Z,0.0,-55.875,308.125,5.33,0.57
2017-01-02T12:00:00Z,0.0,-55.875,312.125,1.98,-1.77
2017-01-02T12:00:00Z,0.0,-55.875,316.125,2.02,-0.73
2017-01-02T12:00:00Z,0.0,-55.875,320.125,1.55,-0.56
2017-01-02T12:00:00Z,0.0,-55.875,324.125,1.71,-0.05
2017-01-02T12:00:00Z,0.0,-55.875,328.125,1.31,0.23
2017-01-02T12:00:00Z,0.0,-55.875,332.125,1.06,0.08
2017-01-02T12:00:00Z,0.0,-55.875,336.125,2.05,0.64
2017-01-02T12:00:00Z,0.0,-55.875,340.125,1.41,0.03
2017-01-02T12:00:00Z,0.0,-55.875,344.125,1.84,0.49
2017-01-02T12:00:00Z,0.0,-55.875,348.125,1.15,0.1
2017-01-02T12:00:00Z,0.0,-55.875,352.125,0.86,0.13
2017-01-02T12:00:00Z,0.0,-55.875,356.125,1.07,0.56
2017-01-02T12:00:00Z,0.0,-51.875,0.125,2.1,-0.19
2017-01-02T12:00:00Z,0.0,-51.875,4.125,2.06,-0.24
2017-01-02T12:00:00Z,0.0,-51.875,8.125,2.64,0.25
2017-01-02T12:00:00Z,0.0,-51.875,12.125,1.3,-0.56
2017-01-02T12:00:00Z,0.0,-51.875,16.125,1.69,-0.27
2017-01-02T12:00:00Z,0.0,-51.875,20.125,1.36,-0.43
2017-01-02T12:00:00Z,0.0,-51.875,24.125,0.96,-0.79
2017-01-02T12:00:00Z,0.0,-51.875,28.125,1.61,-0.94
2017-01-02T12:00:00Z,0.0,-51.875,32.125,1.8,-1.32
2017-01-02T12:00:00Z,0.0,-51.875,36.125,3.1,-0.2
2017-01-02T12:00:00Z,0.0,-51.875,40.125,2.54,-0.45
2017-01-02T12:00:00Z,0.0,-51.875,44.125,2.78,-0.06
2017-01-02T12:00:00Z,0.0,-51.875,48.125,3.08,-0.13
2017-01-02T12:00:00Z,0.0,-51.875,52.125,3.35,-0.09
2017-01-02T12:00:00Z,0.0,-51.875,56.125,3.67,0.26
2017-01-02T12:00:00Z,0.0,-51.875,60.125,3.79,0.3
2017-01-02T12:00:00Z,0.0,-51.875,64.125,4.18,0.76
2017-01-02T12:00:00Z,0.0,-51.875,68.125,3.76,0.44
2017-01-02T12:00:00Z,0.0,-51.875,72.125,3.63,0.65
2017-01-02T12:00:00Z,0.0,-51.875,76.125,2.91,0.27
2017-01-02T12:00:00Z,0.0,-51.875,80.125,2.32,-0.2
2017-01-02T12:00:00Z,0.0,-51.875,84.125,5.23,1.52
2017-01-02T12:00:00Z,0.0,-51.875,88.125,5.34,0.75
2017-01-02T12:00:00Z,0.0,-51.875,92.125,4.93,0.06
2017-01-02T12:00:00Z,0.0,-51.875,96.125,4.33,-0.18
2017-01-02T12:00:00Z,0.0,-51.875,100.125,5.71,1.26
2017-01-02T12:00:00Z,0.0,-51.875,104.125,4.88,0.53
2017-01-02T12:00:00Z,0.0,-51.875,108.125,4.69,0.58
2017-01-02T12:00:00Z,0.0,-51.875,112.125,5.24,1.24
2017-01-02T12:00:00Z,0.0,-51.875,116.125,5.03,0.37
2017-01-02T12:00:00Z,0.0,-51.875,120.125,5.78,0.34
2017-01-02T12:00:00Z,0.0,-51.875,124.125,6.55,0.4
2017-01-02T12:00:00Z,0.0,-51.875,128.125,7.16,0.48
2017-01-02T12:00:00Z,0.0,-51.875,132.125,8.56,1.62
2017-01-02T12:00:00Z,0.0,-51.875,136.125,8.87,1.89
2017-01-02T12:00:00Z,0.0,-51.875,140.125,8.14,1.32
2017-01-02T12:00:00Z,0.0,-51.875,144.125,8.26,1.04
2017-01-02T12:00:00Z,0.0,-51.875,148.125,9.28,1.0
2017-01-02T12:00:00Z,0.0,-51.875,152.125,8.47,-0.02
2017-01-02T12:00:00Z,0.0,-51.875,156.125,8.6,-0.4
2017-01-02T12:00:00Z,0.0,-51.875,160.125,8.92,-0.26
2017-01-02T12:00:00Z,0.0,-51.875,164.125,9.44,-0.19
2017-01-02T12:00:00Z,0.0,-51.875,168.125,9.33,-0.09
2017-01-02T12:00:00Z,0.0,-51.875,172.125,8.75,-0.52
2017-01-02T12:00:00Z,0.0,-51.875,176.125,8.2,-0.52
2017-01-02T12:00:00Z,0.0,-51.875,180.125,9.08,-0.22
2017-01-02T12:00:00Z,0.0,-51.875,184.125,9.95,-0.14
2017-01-02T12:00:00Z,0.0,-51.875,188.125,9.98,-0.1
2017-01-02T12:00:00Z,0.0,-51.875,192.125,9.12,-0.56
2017-01-02T12:00:00Z,0.0,-51.875,196.125,9.7,0.07
2017-01-02T12:00:00Z,0.0,-51.875,200.125,10.07,0.45
2017-01-02T12:00:00Z,0.0,-51.875,204.125,10.2,0.74
2017-01-02T12:00:00Z,0.0,-51.875,208.125,10.36,0.94
2017-01-02T12:00:00Z,0.0,-51.875,212.125,10.27,0.94
2017-01-02T12:00:00Z,0.0,-51.875,216.125,9.47,0.41
2017-01-02T12:00:00Z,0.0,-51.875,220.125,9.01,0.19
2017-01-02T12:00:00Z,0.0,-51.875,224.125,9.8,1.14
2017-01-02T12:00:00Z,0.0,-51.875,228.125,9.51,0.87
2017-01-02T12:00:00Z,0.0,-51.875,232.125,8.97,0.48
2017-01-02T12:00:00Z,0.0,-51.875,236.125,8.52,0.29
2017-01-02T12:00:00Z,0.0,-51.875,240.125,7.69,-0.12
2017-01-02T12:00:00Z,0.0,-51.875,244.125,8.46,0.49
2017-01-02T12:00:00Z,0.0,-51.875,248.125,8.54,0.36
2017-01-02T12:00:00Z,0.0,-51.875,252.125,8.19,0.1
2017-01-02T12:00:00Z,0.0,-51.875,256.125,8.03,-0.02
2017-01-02T12:00:00Z,0.0,-51.875,260.125,8.14,0.18
2017-01-02T12:00:00Z,0.0,-51.875,264.125,8.27,0.29
2017-01-02T12:00:00Z,0.0,-51.875,268.125,8.09,0.07
2017-01-02T12:00:00Z,0.0,-51.875,272.125,8.77,0.73
2017-01-02T12:00:00Z,0.0,-51.875,276.125,8.59,0.37
2017-01-02T12:00:00Z,0.0,-51.875,280.125,8.92,0.31
2017-01-02T12:00:00Z,0.0,-51.875,284.125,10.02,0.61
2017-01-02T12:00:00Z,0.0,-51.875,288.125,NaN,NaN
2017-01-02T12:00:00Z,0.0,-51.875,292.125,9.8,-0.29
2017-01-02T12:00:00Z,0.0,-51.875,296.125,8.88,-0.79
2017-01-02T12:00:00Z,0.0,-51.875,300.125,9.74,0.53
2017-01-02T12:00:00Z,0.0,-51.875,304.125,7.42,-0.5
2017-01-02T12:00:00Z,0.0,-51.875,308.125,6.5,-0.45
2017-01-02T12:00:00Z,0.0,-51.875,312.125,5.02,-0.74
2017-01-02T12:00:00Z,0.0,-51.875,316.125,4.36,-0.22
2017-01-02T12:00:00Z,0.0,-51.875,320.125,2.6,-0.85
2017-01-02T12:00:00Z,0.0,-51.875,324.125,2.92,-0.31
2017-01-02T12:00:00Z,0.0,-51.875,328.125,1.96,-0.7
2017-01-02T12:00:00Z,0.0,-51.875,332.125,2.6,-0.62
2017-01-02T12:00:00Z,0.0,-51.875,336.125,2.7,-0.98
2017-01-02T12:00:00Z,0.0,-51.875,340.125,3.2,-0.25
2017-01-02T12:00:00Z,0.0,-51.875,344.125,2.72,-0.49
2017-01-02T12:00:00Z,0.0,-51.875,348.125,2.03,-0.69
2017-01-02T12:00:00Z,0.0,-51.875,352.125,1.41,-0.69
2017-01-02T12:00:00Z,0.0,-51.875,356.125,1.68,-0.37
2017-01-02T12:00:00Z,0.0,-47.875,0.125,4.98,-0.91
2017-01-02T12:00:00Z,0.0,-47.875,4.125,5.6,-0.13
2017-01-02T12:00:00Z,0.0,-47.875,8.125,5.15,-0.4
2017-01-02T12:00:00Z,0.0,-47.875,12.125,4.75,-0.91
2017-01-02T12:00:00Z,0.0,-47.875,16.125,5.0,-0.68
2017-01-02T12:00:00Z,0.0,-47.875,20.125,5.46,0.05
2017-01-02T12:00:00Z,0.0,-47.875,24.125,4.49,-0.91
2017-01-02T12:00:00Z,0.0,-47.875,28.125,4.22,-1.73
2017-01-02T12:00:00Z,0.0,-47.875,32.125,5.96,-0.55
2017-01-02T12:00:00Z,0.0,-47.875,36.125,6.81,0.95
2017-01-02T12:00:00Z,0.0,-47.875,40.125,6.22,0.38
2017-01-02T12:00:00Z,0.0,-47.875,44.125,5.34,-0.56
2017-01-02T12:00:00Z,0.0,-47.875,48.125,4.29,-1.1
2017-01-02T12:00:00Z,0.0,-47.875,52.125,4.53,-0.61
2017-01-02T12:00:00Z,0.0,-47.875,56.125,5.54,-0.19
2017-01-02T12:00:00Z,0.0,-47.875,60.125,5.66,-0.39
2017-01-02T12:00:00Z,0.0,-47.875,64.125,4.63,-0.65
2017-01-02T12:00:00Z,0.0,-47.875,68.125,4.83,-0.3
2017-01-02T12:00:00Z,0.0,-47.875,72.125,4.76,-0.62
2017-01-02T12:00:00Z,0.0,-47.875,76.125,6.06,-0.24
2017-01-02T12:00:00Z,0.0,-47.875,80.125,6.2,-0.35
2017-01-02T12:00:00Z,0.0,-47.875,84.125,7.94,0.54
2017-01-02T12:00:00Z,0.0,-47.875,88.125,7.11,-0.78
2017-01-02T12:00:00Z,0.0,-47.875,92.125,8.72,0.98
2017-01-02T12:00:00Z,0.0,-47.875,96.125,7.46,0.29
2017-01-02T12:00:00Z,0.0,-47.875,100.125,7.47,0.26
2017-01-02T12:00:00Z,0.0,-47.875,104.125,8.36,0.94
2017-01-02T12:00:00Z,0.0,-47.875,108.125,9.51,1.73
2017-01-02T12:00:00Z,0.0,-47.875,112.125,10.03,1.55
2017-01-02T12:00:00Z,0.0,-47.875,116.125,10.19,1.24
2017-01-02T12:00:00Z,0.0,-47.875,120.125,10.06,0.86
2017-01-02T12:00:00Z,0.0,-47.875,124.125,11.04,1.37
2017-01-02T12:00:00Z,0.0,-47.875,128.125,11.31,1.28
2017-01-02T12:00:00Z,0.0,-47.875,132.125,11.0,0.85
2017-01-02T12:00:00Z,0.0,-47.875,136.125,11.4,1.15
2017-01-02T12:00:00Z,0.0,-47.875,140.125,11.03,0.34
2017-01-02T12:00:00Z,0.0,-47.875,144.125,11.51,0.69
2017-01-02T12:00:00Z,0.0,-47.875,148.125,10.73,-0.35
2017-01-02T12:00:00Z,0.0,-47.875,152.125,10.99,-0.25
2017-01-02T12:00:00Z,0.0,-47.875,156.125,11.25,-0.21
2017-01-02T12:00:00Z,0.0,-47.875,160.125,10.99,-0.53
2017-01-02T12:00:00Z,0.0,-47.875,164.125,11.21,-0.76
2017-01-02T12:00:00Z,0.0,-47.875,168.125,11.57,-0.08
2017-01-02T12:00:00Z,0.0,-47.875,172.125,11.3,-0.09
2017-01-02T12:00:00Z,0.0,-47.875,176.125,10.13,-1.12
2017-01-02T12:00:00Z,0.0,-47.875,180.125,10.37,-1.01
2017-01-02T12:00:00Z,0.0,-47.875,184.125,12.02,-0.37
2017-01-02T12:00:00Z,0.0,-47.875,188.125,12.55,0.07
2017-01-02T12:00:00Z,0.0,-47.875,192.125,11.8,-0.37
2017-01-02T12:00:00Z,0.0,-47.875,196.125,12.51,0.6
2017-01-02T12:00:00Z,0.0,-47.875,200.125,12.43,0.63
2017-01-02T12:00:00Z,0.0,-47.875,204.125,12.27,0.8
2017-01-02T12:00:00Z,0.0,-47.875,208.125,12.55,1.29
2017-01-02T12:00:00Z,0.0,-47.875,212.125,12.39,1.35
2017-01-02T12:00:00Z,0.0,-47.875,216.125,12.26,1.5
2017-01-02T12:00:00Z,0.0,-47.875,220.125,11.37,0.76
2017-01-02T12:00:00Z,0.0,-47.875,224.125,11.26,0.81
2017-01-02T12:00:00Z,0.0,-47.875,228.125,10.75,0.46
2017-01-02T12:00:00Z,0.0,-47.875,232.125,10.8,0.66
2017-01-02T12:00:00Z,0.0,-47.875,236.125,10.33,0.35
2017-01-02T12:00:00Z,0.0,-47.875,240.125,9.91,0.14
2017-01-02T12:00:00Z,0.0,-47.875,244.125,10.14,0.39
2017-01-02T12:00:00Z,0.0,-47.875,248.125,9.97,0.18
2017-01-02T12:00:00Z,0.0,-47.875,252.125,9.81,0.02
2017-01-02T12:00:00Z,0.0,-47.875,256.125,9.76,0.09
2017-01-02T12:00:00Z,0.0,-47.875,260.125,9.44,-0.15
2017-01-02T12:00:00Z,0.0,-47.875,264.125,9.51,-0.09
2017-01-02T12:00:00Z,0.0,-47.875,268.125,9.66,0.03
2017-01-02T12:00:00Z,0.0,-47.875,272.125,9.33,-0.38
2017-01-02T12:00:00Z,0.0,-47.875,276.125,10.06,0.02
2017-01-02T12:00:00Z,0.0,-47.875,280.125,10.94,0.25
2017-01-02T12:00:00Z,0.0,-47.875,284.125,12.28,0.53
2017-01-02T12:00:00Z,0.0,-47.875,288.125,NaN,NaN
2017-01-02T12:00:00Z,0.0,-47.875,292.125,NaN,NaN
2017-01-02T12:00:00Z,0.0,-47.875,296.125,11.91,-0.88
2017-01-02T12:00:00Z,0.0,-47.875,300.125,9.38,-1.44
2017-01-02T12:00:00Z,0.0,-47.875,304.125,10.9,0.3
2017-01-02T12:00:00Z,0.0,-47.875,308.125,11.89,0.34
2017-01-02T12:00:00Z,0.0,-47.875,312.125,13.56,2.22
2017-01-02T12:00:00Z,0.0,-47.875,316.125,7.97,-2.47
2017-01-02T12:00:00Z,0.0,-47.875,320.125,7.62,-1.66
2017-01-02T12:00:00Z,0.0,-47.875,324.125,8.72,0.22
2017-01-02T12:00:00Z,0.0,-47.875,328.125,7.34,-0.23
2017-01-02T12:00:00Z,0.0,-47.875,332.125,5.38,-1.49
2017-01-02T12:00:00Z,0.0,-47.875,336.125,4.81,-1.76
2017-01-02T12:00:00Z,0.0,-47.875,340.125,6.21,-0.41
2017-01-02T12:00:00Z,0.0,-47.875,344.125,5.73,-0.5
2017-01-02T12:00:00Z,0.0,-47.875,348.125,4.6,-0.64
2017-01-02T12:00:00Z,0.0,-47.875,352.125,3.5,-1.12
2017-01-02T12:00:00Z,0.0,-47.875,356.125,5.63,0.16
2017-01-02T12:00:00Z,0.0,-43.875,0.125,8.71,-1.04
2017-01-02T12:00:00Z,0.0,-43.875,4.125,9.31,-0.25
2017-01-02T12:00:00Z,0.0,-43.875,8.125,8.49,-0.69
2017-01-02T12:00:00Z,0.0,-43.875,12.125,11.34,1.45
2017-01-02T12:00:00Z,0.0,-43.875,16.125,10.65,-0.22
2017-01-02T12:00:00Z,0.0,-43.875,20.125,12.65,1.35
2017-01-02T12:00:00Z,0.0,-43.875,24.125,9.51,-1.93
2017-01-02T12:00:00Z,0.0,-43.875,28.125,13.15,1.72
2017-01-02T12:00:00Z,0.0,-43.875,32.125,13.74,2.72
2017-01-02T12:00:00Z,0.0,-43.875,36.125,10.85,0.86
2017-01-02T12:00:00Z,0.0,-43.875,40.125,8.75,-0.74
2017-01-02T12:00:00Z,0.0,-43.875,44.125,8.15,-0.75
2017-01-02T12:00:00Z,0.0,-43.875,48.125,7.96,-0.19
2017-01-02T12:00:00Z,0.0,-43.875,52.125,7.47,-1.14
2017-01-02T12:00:00Z,0.0,-43.875,56.125,10.29,-0.76
2017-01-02T12:00:00Z,0.0,-43.875,60.125,11.0,-2.01
2017-01-02T12:00:00Z,0.0,-43.875,64.125,13.16,0.73
2017-01-02T12:00:00Z,0.0,-43.875,68.125,9.67,-1.86
2017-01-02T12:00:00Z,0.0,-43.875,72.125,10.82,-1.13
2017-01-02T12:00:00Z,0.0,-43.875,76.125,12.46,0.7
2017-01-02T12:00:00Z,0.0,-43.875,80.125,9.22,-1.89
2017-01-02T12:00:00Z,0.0,-43.875,84.125,12.58,1.2
2017-01-02T12:00:00Z,0.0,-43.875,88.125,10.91,-0.22
2017-01-02T12:00:00Z,0.0,-43.875,92.125,11.01,0.07
2017-01-02T12:00:00Z,0.0,-43.875,96.125,11.14,0.09
2017-01-02T12:00:00Z,0.0,-43.875,100.125,12.13,0.6
2017-01-02T12:00:00Z,0.0,-43.875,104.125,11.95,0.43
2017-01-02T12:00:00Z,0.0,-43.875,108.125,11.9,0.31
2017-01-02T12:00:00Z,0.0,-43.875,112.125,11.88,0.17
2017-01-02T12:00:00Z,0.0,-43.875,116.125,12.44,0.68
2017-01-02T12:00:00Z,0.0,-43.875,120.125,12.4,0.47
2017-01-02T12:00:00Z,0.0,-43.875,124.125,12.13,0.03
2017-01-02T12:00:00Z,0.0,-43.875,128.125,12.45,0.24
2017-01-02T12:00:00Z,0.0,-43.875,132.125,12.47,0.12
2017-01-02T12:00:00Z,0.0,-43.875,136.125,13.53,0.88
2017-01-02T12:00:00Z,0.0,-43.875,140.125,13.96,0.86
2017-01-02T12:00:00Z,0.0,-43.875,144.125,12.68,-1.06
2017-01-02T12:00:00Z,0.0,-43.875,148.125,15.25,0.61
2017-01-02T12:00:00Z,0.0,-43.875,152.125,15.22,0.8
2017-01-02T12:00:00Z,0.0,-43.875,156.125,14.55,0.31
2017-01-02T12:00:00Z,0.0,-43.875,160.125,14.17,-0.08
2017-01-02T12:00:00Z,0.0,-43.875,164.125,14.09,-0.48
2017-01-02T12:00:00Z,0.0,-43.875,168.125,14.91,-0.58
2017-01-02T12:00:00Z,0.0,-43.875,172.125,16.67,2.64
2017-01-02T12:00:00Z,0.0,-43.875,176.125,15.17,0.56
2017-01-02T12:00:00Z,0.0,-43.875,180.125,14.67,-0.23
2017-01-02T12:00:00Z,0.0,-43.875,184.125,14.36,-0.7
2017-01-02T12:00:00Z,0.0,-43.875,188.125,15.17,0.38
2017-01-02T12:00:00Z,0.0,-43.875,192.125,15.0,0.71
2017-01-02T12:00:00Z,0.0,-43.875,196.125,15.07,1.19
2017-01-02T12:00:00Z,0.0,-43.875,200.125,14.66,1.04
2017-01-02T12:00:00Z,0.0,-43.875,204.125,14.6,1.15
2017-01-02T12:00:00Z,0.0,-43.875,208.125,14.46,1.13
2017-01-02T12:00:00Z,0.0,-43.875,212.125,14.41,1.25
2017-01-02T12:00:00Z,0.0,-43.875,216.125,13.54,0.54
2017-01-02T12:00:00Z,0.0,-43.875,220.125,13.05,0.22
2017-01-02T12:00:00Z,0.0,-43.875,224.125,12.97,0.26
2017-01-02T12:00:00Z,0.0,-43.875,228.125,12.78,0.09
2017-01-02T12:00:00Z,0.0,-43.875,232.125,12.69,0.13
2017-01-02T12:00:00Z,0.0,-43.875,236.125,12.73,0.25
2017-01-02T12:00:00Z,0.0,-43.875,240.125,12.77,0.36
2017-01-02T12:00:00Z,0.0,-43.875,244.125,12.79,0.44
2017-01-02T12:00:00Z,0.0,-43.875,248.125,12.86,0.48
2017-01-02T12:00:00Z,0.0,-43.875,252.125,12.3,0.05
2017-01-02T12:00:00Z,0.0,-43.875,256.125,11.83,-0.31
2017-01-02T12:00:00Z,0.0,-43.875,260.125,11.73,-0.37
2017-01-02T12:00:00Z,0.0,-43.875,264.125,11.19,-0.92
2017-01-02T12:00:00Z,0.0,-43.875,268.125,11.33,-0.81
2017-01-02T12:00:00Z,0.0,-43.875,272.125,12.12,-0.09
2017-01-02T12:00:00Z,0.0,-43.875,276.125,11.71,-0.81
2017-01-02T12:00:00Z,0.0,-43.875,280.125,12.6,-0.43
2017-01-02T12:00:00Z,0.0,-43.875,284.125,13.71,-0.15
2017-01-02T12:00:00Z,0.0,-43.875,288.125,NaN,NaN
2017-01-02T12:00:00Z,0.0,-43.875,292.125,NaN,NaN
2017-01-02T12:00:00Z,0.0,-43.875,296.125,16.12,-0.03
2017-01-02T12:00:00Z,0.0,-43.875,300.125,13.36,-0.22
2017-01-02T12:00:00Z,0.0,-43.875,304.125,14.15,-0.1
2017-01-02T12:00:00Z,0.0,-43.875,308.125,14.99,-0.56
2017-01-02T12:00:00Z,0.0,-43.875,312.125,14.34,0.37
2017-01-02T12:00:00Z,0.0,-43.875,316.125,11.59,-1.0
2017-01-02T12:00:00Z,0.0,-43.875,320.125,10.93,-1.04
2017-01-02T12:00:00Z,0.0,-43.875,324.125,12.15,0.55
2017-01-02T12:00:00Z,0.0,-43.875,328.125,11.1,-0.31
2017-01-02T12:00:00Z,0.0,-43.875,332.125,9.63,-1.59
2017-01-02T12:00:00Z,0.0,-43.875,336.125,9.34,-2.02
2017-01-02T12:00:00Z,0.0,-43.875,340.125,11.03,-0.08
2017-01-02T12:00:00Z,0.0,-43.875,344.125,9.74,-0.42
2017-01-02T12:00:00Z,0.0,-43.875,348.125,12.03,1.79
2017-01-02T12:00:00Z,0.0,-43.875,352.125,10.44,0.39
2017-01-02T12:00:00Z,0.0,-43.875,356.125,9.57,-0.21
2017-01-02T12:00:00Z,0.0,-39.875,0.125,14.02,0.21
2017-01-02T12:00:00Z,0.0,-39.875,4.125,14.32,0.55
2017-01-02T12:00:00Z,0.0,-39.875,8.125,15.29,1.41
2017-01-02T12:00:00Z,0.0,-39.875,12.125,15.79,0.6
2017-01-02T12:00:00Z,0.0,-39.875,16.125,17.03,-0.81
2017-01-02T12:00:00Z,0.0,-39.875,20.125,22.73,3.44
2017-01-02T12:00:00Z,0.0,-39.875,24.125,16.34,-2.06
2017-01-02T12:00:00Z,0.0,-39.875,28.125,18.25,0.17
2017-01-02T12:00:00Z,0.0,-39.875,32.125,20.15,2.19
2017-01-02T12:00:00Z,0.0,-39.875,36.125,16.6,-1.12
2017-01-02T12:00:00Z,0.0,-39.875,40.125,16.78,-0.47
2017-01-02T12:00:00Z,0.0,-39.875,44.125,18.81,1.24
2017-01-02T12:00:00Z,0.0,-39.875,48.125,17.27,0.55
2017-01-02T12:00:00Z,0.0,-39.875,52.125,16.55,-0.12
2017-01-02T12:00:00Z,0.0,-39.875,56.125,14.77,-2.28
2017-01-02T12:00:00Z,0.0,-39.875,60.125,15.61,-1.05
2017-01-02T12:00:00Z,0.0,-39.875,64.125,15.35,-0.73
2017-01-02T12:00:00Z,0.0,-39.875,68.125,14.98,-0.87
2017-01-02T12:00:00Z,0.0,-39.875,72.125,15.12,-0.47
2017-01-02T12:00:00Z,0.0,-39.875,76.125,14.81,-0.52
2017-01-02T12:00:00Z,0.0,-39.875,80.125,14.04,-1.2
2017-01-02T12:00:00Z,0.0,-39.875,84.125,14.75,-0.21
2017-01-02T12:00:00Z,0.0,-39.875,88.125,14.84,0.23
2017-01-02T12:00:00Z,0.0,-39.875,92.125,14.23,-0.15
2017-01-02T12:00:00Z,0.0,-39.875,96.125,14.08,-0.07
2017-01-02T12:00:00Z,0.0,-39.875,100.125,14.37,0.28
2017-01-02T12:00:00Z,0.0,-39.875,104.125,13.61,-0.51
2017-01-02T12:00:00Z,0.0,-39.875,108.125,14.92,0.65
2017-01-02T12:00:00Z,0.0,-39.875,112.125,14.66,0.04
2017-01-02T12:00:00Z,0.0,-39.875,116.125,15.06,0.15
2017-01-02T12:00:00Z,0.0,-39.875,120.125,14.5,-0.44
2017-01-02T12:00:00Z,0.0,-39.875,124.125,15.1,0.18
2017-01-02T12:00:00Z,0.0,-39.875,128.125,14.63,-0.38
2017-01-02T12:00:00Z,0.0,-39.875,132.125,15.28,0.2
2017-01-02T12:00:00Z,0.0,-39.875,136.125,15.44,0.07
2017-01-02T12:00:00Z,0.0,-39.875,140.125,15.56,-0.14
2017-01-02T12:00:00Z,0.0,-39.875,144.125,15.22,-1.01
2017-01-02T12:00:00Z,0.0,-39.875,148.125,17.24,-0.12
2017-01-02T12:00:00Z,0.0,-39.875,152.125,21.41,3.45
2017-01-02T12:00:00Z,0.0,-39.875,156.125,19.61,2.08
2017-01-02T12:00:00Z,0.0,-39.875,160.125,17.97,0.78
2017-01-02T12:00:00Z,0.0,-39.875,164.125,17.38,0.4
2017-01-02T12:00:00Z,0.0,-39.875,168.125,17.29,0.23
2017-01-02T12:00:00Z,0.0,-39.875,172.125,16.13,-1.24
2017-01-02T12:00:00Z,0.0,-39.875,176.125,NaN,NaN
2017-01-02T12:00:00Z,0.0,-39.875,180.125,18.06,-0.11
2017-01-02T12:00:00Z,0.0,-39.875,184.125,18.2,0.53
2017-01-02T12:00:00Z,0.0,-39.875,188.125,17.52,0.33
2017-01-02T12:00:00Z,0.0,-39.875,192.125,17.6,0.76
2017-01-02T12:00:00Z,0.0,-39.875,196.125,17.67,1.21
2017-01-02T12:00:00Z,0.0,-39.875,200.125,16.9,0.72
2017-01-02T12:00:00Z,0.0,-39.875,204.125,17.06,1.03
2017-01-02T12:00:00Z,0.0,-39.875,208.125,16.7,0.8
2017-01-02T12:00:00Z,0.0,-39.875,212.125,15.96,0.18
2017-01-02T12:00:00Z,0.0,-39.875,216.125,15.82,0.11
2017-01-02T12:00:00Z,0.0,-39.875,220.125,14.81,-0.8
2017-01-02T12:00:00Z,0.0,-39.875,224.125,14.9,-0.71
2017-01-02T12:00:00Z,0.0,-39.875,228.125,13.81,-1.79
2017-01-02T12:00:00Z,0.0,-39.875,232.125,15.17,-0.35
2017-01-02T12:00:00Z,0.0,-39.875,236.125,14.8,-0.71
2017-01-02T12:00:00Z,0.0,-39.875,240.125,14.79,-0.73
2017-01-02T12:00:00Z,0.0,-39.875,244.125,15.19,-0.35
2017-01-02T12:00:00Z,0.0,-39.875,248.125,15.56,0.04
2017-01-02T12:00:00Z,0.0,-39.875,252.125,14.67,-0.8
2017-01-02T12:00:00Z,0.0,-39.875,256.125,15.07,-0.23
2017-01-02T12:00:00Z,0.0,-39.875,260.125,14.77,-0.44
2017-01-02T12:00:00Z,0.0,-39.875,264.125,14.41,-0.87
2017-01-02T12:00:00Z,0.0,-39.875,268.125,14.1,-1.3
2017-01-02T12:00:00Z,0.0,-39.875,272.125,15.2,-0.2
2017-01-02T12:00:00Z,0.0,-39.875,276.125,15.29,-0.24
2017-01-02T12:00:00Z,0.0,-39.875,280.125,15.53,-0.11
2017-01-02T12:00:00Z,0.0,-39.875,284.125,16.57,0.7
2017-01-02T12:00:00Z,0.0,-39.875,288.125,NaN,NaN
2017-01-02T12:00:00Z,0.0,-39.875,292.125,NaN,NaN
2017-01-02T12:00:00Z,0.0,-39.875,296.125,NaN,NaN
2017-01-02T12:00:00Z,0.0,-39.875,300.125,18.3,0.39
2017-01-02T12:00:00Z,0.0,-39.875,304.125,13.79,-1.53
2017-01-02T12:00:00Z,0.0,-39.875,308.125,20.1,1.22
2017-01-02T12:00:00Z,0.0,-39.875,312.125,17.2,-0.81
2017-01-02T12:00:00Z,0.0,-39.875,316.125,16.41,-0.87
2017-01-02T12:00:00Z,0.0,-39.875,320.125,16.05,-0.91
2017-01-02T12:00:00Z,0.0,-39.875,324.125,15.8,-0.68
2017-01-02T12:00:00Z,0.0,-39.875,328.125,16.77,0.68
2017-01-02T12:00:00Z,0.0,-39.875,332.125,14.97,-0.73
2017-01-02T12:00:00Z,0.0,-39.875,336.125,14.9,-0.39
2017-01-02T12:00:00Z,0.0,-39.875,340.125,14.6,-0.29
2017-01-02T12:00:00Z,0.0,-39.875,344.125,14.74,0.01
2017-01-02T12:00:00Z,0.0,-39.875,348.125,14.03,-0.41
2017-01-02T12:00:00Z,0.0,-39.875,352.125,13.58,-0.37
2017-01-02T12:00:00Z,0.0,-39.875,356.125,14.26,0.49
2017-01-02T12:00:00Z,0.0,-35.875,0.125,17.98,-0.23
2017-01-02T12:00:00Z,0.0,-35.875,4.125,18.12,-0.04
2017-01-02T12:00:00Z,0.0,-35.875,8.125,18.7,0.51
2017-01-02T12:00:00Z,0.0,-35.875,12.125,21.42,2.48
2017-01-02T12:00:00Z,0.0,-35.875,16.125,22.72,2.87
2017-01-02T12:00:00Z,0.0,-35.875,20.125,21.18,0.72
2017-01-02T12:00:00Z,0.0,-35.875,24.125,24.1,2.43
2017-01-02T12:00:00Z,0.0,-35.875,28.125,23.89,2.29
2017-01-02T12:00:00Z,0.0,-35.875,32.125,22.4,1.29
2017-01-02T12:00:00Z,0.0,-35.875,36.125,21.43,0.62
2017-01-02T12:00:00Z,0.0,-35.875,40.125,19.85,-0.49
2017-01-02T12:00:00Z,0.0,-35.875,44.125,20.07,0.26
2017-01-02T12:00:00Z,0.0,-35.875,48.125,19.7,0.01
2017-01-02T12:00:00Z,0.0,-35.875,52.125,19.66,0.43
2017-01-02T12:00:00Z,0.0,-35.875,56.125,18.46,-0.52
2017-01-02T12:00:00Z,0.0,-35.875,60.125,19.02,0.04
2017-01-02T12:00:00Z,0.0,-35.875,64.125,18.94,0.03
2017-01-02T12:00:00Z,0.0,-35.875,68.125,18.43,-0.43
2017-01-02T12:00:00Z,0.0,-35.875,72.125,18.84,-0.02
2017-01-02T12:00:00Z,0.0,-35.875,76.125,18.78,0.14
2017-01-02T12:00:00Z,0.0,-35.875,80.125,19.37,0.9
2017-01-02T12:00:00Z,0.0,-35.875,84.125,18.78,0.57
2017-01-02T12:00:00Z,0.0,-35.875,88.125,18.17,0.27
2017-01-02T12:00:00Z,0.0,-35.875,92.125,17.95,0.4
2017-01-02T12:00:00Z,0.0,-35.875,96.125,18.02,0.77
2017-01-02T12:00:00Z,0.0,-35.875,100.125,17.04,-0.08
2017-01-02T12:00:00Z,0.0,-35.875,104.125,17.15,-0.13
2017-01-02T12:00:00Z,0.0,-35.875,108.125,17.42,-0.1
2017-01-02T12:00:00Z,0.0,-35.875,112.125,17.36,-0.77
2017-01-02T12:00:00Z,0.0,-35.875,116.125,16.81,-1.75
2017-01-02T12:00:00Z,0.0,-35.875,120.125,17.66,-0.6
2017-01-02T12:00:00Z,0.0,-35.875,124.125,16.93,-0.99
2017-01-02T12:00:00Z,0.0,-35.875,128.125,16.52,-1.14
2017-01-02T12:00:00Z,0.0,-35.875,132.125,16.7,-0.81
2017-01-02T12:00:00Z,0.0,-35.875,136.125,18.02,0.32
2017-01-02T12:00:00Z,0.0,-35.875,140.125,NaN,NaN
2017-01-02T12:00:00Z,0.0,-35.875,144.125,NaN,NaN
2017-01-02T12:00:00Z,0.0,-35.875,148.125,NaN,NaN
2017-01-02T12:00:00Z,0.0,-35.875,152.125,22.44,1.03
2017-01-02T12:00:00Z,0.0,-35.875,156.125,21.42,0.42
2017-01-02T12:00:00Z,0.0,-35.875,160.125,22.03,1.62
2017-01-02T12:00:00Z,0.0,-35.875,164.125,20.11,0.47
2017-01-02T12:00:00Z,0.0,-35.875,168.125,19.85,0.75
2017-01-02T12:00:00Z,0.0,-35.875,172.125,19.14,-0.13
2017-01-02T12:00:00Z,0.0,-35.875,176.125,19.54,-0.49
2017-01-02T12:00:00Z,0.0,-35.875,180.125,19.97,0.34
2017-01-02T12:00:00Z,0.0,-35.875,184.125,19.59,0.18
2017-01-02T12:00:00Z,0.0,-35.875,188.125,20.0,0.78
2017-01-02T12:00:00Z,0.0,-35.875,192.125,19.49,0.57
2017-01-02T12:00:00Z,0.0,-35.875,196.125,20.07,1.45
2017-01-02T12:00:00Z,0.0,-35.875,200.125,20.06,1.69
2017-01-02T12:00:00Z,0.0,-35.875,204.125,18.84,0.55
2017-01-02T12:00:00Z,0.0,-35.875,208.125,18.37,0.17
2017-01-02T12:00:00Z,0.0,-35.875,212.125,18.05,-0.1
2017-01-02T12:00:00Z,0.0,-35.875,216.125,18.1,-0.02
2017-01-02T12:00:00Z,0.0,-35.875,220.125,17.35,-0.81
2017-01-02T12:00:00Z,0.0,-35.875,224.125,17.41,-0.85
2017-01-02T12:00:00Z,0.0,-35.875,228.125,17.75,-0.56
2017-01-02T12:00:00Z,0.0,-35.875,232.125,17.66,-0.71
2017-01-02T12:00:00Z,0.0,-35.875,236.125,17.39,-1.18
2017-01-02T12:00:00Z,0.0,-35.875,240.125,17.1,-1.7
2017-01-02T12:00:00Z,0.0,-35.875,244.125,17.38,-1.46
2017-01-02T12:00:00Z,0.0,-35.875,248.125,17.33,-1.55
2017-01-02T12:00:00Z,0.0,-35.875,252.125,18.87,0.09
2017-01-02T12:00:00Z,0.0,-35.875,256.125,18.42,-0.24
2017-01-02T12:00:00Z,0.0,-35.875,260.125,18.09,-0.58
2017-01-02T12:00:00Z,0.0,-35.875,264.125,18.26,-0.39
2017-01-02T12:00:00Z,0.0,-35.875,268.125,18.76,0.23
2017-01-02T12:00:00Z,0.0,-35.875,272.125,18.77,0.42
2017-01-02T12:00:00Z,0.0,-35.875,276.125,18.71,0.5
2017-01-02T12:00:00Z,0.0,-35.875,280.125,18.13,0.29
2017-01-02T12:00:00Z,0.0,-35.875,284.125,18.05,1.11
2017-01-02T12:00:00Z,0.0,-35.875,288.125,NaN,NaN
2017-01-02T12:00:00Z,0.0,-35.875,292.125,NaN,NaN
2017-01-02T12:00:00Z,0.0,-35.875,296.125,NaN,NaN
2017-01-02T12:00:00Z,0.0,-35.875,300.125,NaN,NaN
2017-01-02T12:00:00Z,0.0,-35.875,304.125,23.17,2.61
2017-01-02T12:00:00Z,0.0,-35.875,308.125,21.97,0.85
2017-01-02T12:00:00Z,0.0,-35.875,312.125,21.25,0.85
2017-01-02T12:00:00Z,0.0,-35.875,316.125,20.16,0.27
2017-01-02T12:00:00Z,0.0,-35.875,320.125,19.6,0.18
2017-01-02T12:00:00Z,0.0,-35.875,324.125,18.84,-0.15
2017-01-02T12:00:00Z,0.0,-35.875,328.125,18.49,-0.13
2017-01-02T12:00:00Z,0.0,-35.875,332.125,18.99,0.63
2017-01-02T12:00:00Z,0.0,-35.875,336.125,17.68,-0.55
2017-01-02T12:00:00Z,0.0,-35.875,340.125,18.19,-0.16
2017-01-02T12:00:00Z,0.0,-35.875,344.125,18.23,-0.17
2017-01-02T12:00:00Z,0.0,-35.875,348.125,18.6,0.16
2017-01-02T12:00:00Z,0.0,-35.875,352.125,18.2,-0.03
2017-01-02T12:00:00Z,0.0,-35.875,356.125,18.29,0.12
2017-01-02T12:00:00Z,0.0,-31.875,0.125,22.41,1.67
2017-01-02T12:00:00Z,0.0,-31.875,4.125,22.0,1.6
2017-01-02T12:00:00Z,0.0,-31.875,8.125,22.23,2.25
2017-01-02T12:00:00Z,0.0,-31.875,12.125,22.33,2.55
2017-01-02T12:00:00Z,0.0,-31.875,16.125,20.86,1.97
2017-01-02T12:00:00Z,0.0,-31.875,20.125,NaN,NaN
2017-01-02T12:00:00Z,0.0,-31.875,24.125,NaN,NaN
2017-01-02T12:00:00Z,0.0,-31.875,28.125,NaN,NaN
2017-01-02T12:00:00Z,0.0,-31.875,32.125,24.06,0.23
2017-01-02T12:00:00Z,0.0,-31.875,36.125,24.09,0.58
2017-01-02T12:00:00Z,0.0,-31.875,40.125,22.62,-0.64
2017-01-02T12:00:00Z,0.0,-31.875,44.125,22.19,-0.52
2017-01-02T12:00:00Z,0.0,-31.875,48.125,22.93,0.29
2017-01-02T12:00:00Z,0.0,-31.875,52.125,22.4,0.14
2017-01-02T12:00:00Z,0.0,-31.875,56.125,23.01,1.01
2017-01-02T12:00:00Z,0.0,-31.875,60.125,22.73,0.86
2017-01-02T12:00:00Z,0.0,-31.875,64.125,22.45,0.55
2017-01-02T12:00:00Z,0.0,-31.875,68.125,21.72,-0.1
2017-01-02T12:00:00Z,0.0,-31.875,72.125,22.07,0.32
2017-01-02T12:00:00Z,0.0,-31.875,76.125,22.6,1.11
2017-01-02T12:00:00Z,0.0,-31.875,80.125,22.37,1.07
2017-01-02T12:00:00Z,0.0,-31.875,84.125,23.16,2.13
2017-01-02T12:00:00Z,0.0,-31.875,88.125,22.61,1.97
2017-01-02T12:00:00Z,0.0,-31.875,92.125,21.71,1.45
2017-01-02T12:00:00Z,0.0,-31.875,96.125,20.74,0.84
2017-01-02T12:00:00Z,0.0,-31.875,100.125,21.04,1.42
2017-01-02T12:00:00Z,0.0,-31.875,104.125,20.3,0.71
2017-01-02T12:00:00Z,0.0,-31.875,108.125,19.92,0.22
2017-01-02T12:00:00Z,0.0,-31.875,112.125,20.57,-0.02
2017-01-02T12:00:00Z,0.0,-31.875,116.125,NaN,NaN
2017-01-02T12:00:00Z,0.0,-31.875,120.125,NaN,NaN
2017-01-02T12:00:00Z,0.0,-31.875,124.125,NaN,NaN
2017-01-02T12:00:00Z,0.0,-31.875,128.125,NaN,NaN
2017-01-02T12:00:00Z,0.0,-31.875,132.125,19.83,-0.09
2017-01-02T12:00:00Z,0.0,-31.875,136.125,NaN,NaN
2017-01-02T12:00:00Z,0.0,-31.875,140.125,NaN,NaN
2017-01-02T12:00:00Z,0.0,-31.875,144.125,NaN,NaN
2017-01-02T12:00:00Z,0.0,-31.875,148.125,NaN,NaN
2017-01-02T12:00:00Z,0.0,-31.875,152.125,NaN,NaN
2017-01-02T12:00:00Z,0.0,-31.875,156.125,22.53,-0.94
2017-01-02T12:00:00Z,0.0,-31.875,160.125,23.59,0.88
2017-01-02T12:00:00Z,0.0,-31.875,164.125,23.18,1.19
2017-01-02T12:00:00Z,0.0,-31.875,168.125,22.22,0.95
2017-01-02T12:00:00Z,0.0,-31.875,172.125,21.96,0.71
2017-01-02T12:00:00Z,0.0,-31.875,176.125,21.68,0.09
2017-01-02T12:00:00Z,0.0,-31.875,180.125,22.76,1.34
2017-01-02T12:00:00Z,0.0,-31.875,184.125,21.47,0.03
2017-01-02T12:00:00Z,0.0,-31.875,188.125,21.64,0.38
2017-01-02T12:00:00Z,0.0,-31.875,192.125,21.69,0.71
2017-01-02T12:00:00Z,0.0,-31.875,196.125,21.97,1.17
2017-01-02T12:00:00Z,0.0,-31.875,200.125,21.14,0.46
2017-01-02T12:00:00Z,0.0,-31.875,204.125,21.15,0.48
2017-01-02T12:00:00Z,0.0,-31.875,208.125,20.83,0.19
2017-01-02T12:00:00Z,0.0,-31.875,212.125,20.56,-0.18
2017-01-02T12:00:00Z,0.0,-31.875,216.125,20.88,0.03
2017-01-02T12:00:00Z,0.0,-31.875,220.125,19.45,-1.56
2017-01-02T12:00:00Z,0.0,-31.875,224.125,20.41,-0.77
2017-01-02T12:00:00Z,0.0,-31.875,228.125,19.99,-1.39
2017-01-02T12:00:00Z,0.0,-31.875,232.125,19.21,-2.34
2017-01-02T12:00:00Z,0.0,-31.875,236.125,19.68,-2.11
2017-01-02T12:00:00Z,0.0,-31.875,240.125,19.64,-2.21
2017-01-02T12:00:00Z,0.0,-31.875,244.125,21.01,-0.82
2017-01-02T12:00:00Z,0.0,-31.875,248.125,19.71,-2.02
2017-01-02T12:00:00Z,0.0,-31.875,252.125,20.29,-1.28
2017-01-02T12:00:00Z,0.0,-31.875,256.125,21.31,-0.1
2017-01-02T12:00:00Z,0.0,-31.875,260.125,21.13,-0.05
2017-01-02T12:00:00Z,0.0,-31.875,264.125,20.89,-0.06
2017-01-02T12:00:00Z,0.0,-31.875,268.125,21.35,0.61
2017-01-02T12:00:00Z,0.0,-31.875,272.125,20.96,0.54
2017-01-02T12:00:00Z,0.0,-31.875,276.125,20.46,0.54
2017-01-02T12:00:00Z,0.0,-31.875,280.125,19.97,0.83
2017-01-02T12:00:00Z,0.0,-31.875,284.125,18.61,0.61
2017-01-02T12:00:00Z,0.0,-31.875,288.125,18.41,1.37
2017-01-02T12:00:00Z,0.0,-31.875,292.125,NaN,NaN
2017-01-02T12:00:00Z,0.0,-31.875,296.125,NaN,NaN
2017-01-02T12:00:00Z,0.0,-31.875,300.125,NaN,NaN
2017-01-02T12:00:00Z,0.0,-31.875,304.125,NaN,NaN
2017-01-02T12:00:00Z,0.0,-31.875,308.125,24.74,2.03
2017-01-02T12:00:00Z,0.0,-31.875,312.125,23.09,0.12
2017-01-02T12:00:00Z,0.0,-31.875,316.125,23.19,1.2
2017-01-02T12:00:00Z,0.0,-31.875,320.125,21.13,-0.49
2017-01-02T12:00:00Z,0.0,-31.875,324.125,21.24,-0.23
2017-01-02T12:00:00Z,0.0,-31.875,328.125,21.89,0.45
2017-01-02T12:00:00Z,0.0,-31.875,332.125,21.28,-0.19
2017-01-02T12:00:00Z,0.0,-31.875,336.125,22.16,0.55
2017-01-02T12:00:00Z,0.0,-31.875,340.125,22.17,0.51
2017-01-02T12:00:00Z,0.0,-31.875,344.125,22.03,0.43
2017-01-02T12:00:00Z,0.0,-31.875,348.125,21.22,-0.39
2017-01-02T12:00:00Z,0.0,-31.875,352.125,22.4,1.0
2017-01-02T12:00:00Z,0.0,-31.875,356.125,21.19,0.21
2017-01-02T12:00:00Z,0.0,-27.875,0.125,24.05,2.25
2017-01-02T12:00:00Z,0.0,-27.875,4.125,22.56,1.46
2017-01-02T12:00:00Z,0.0,-27.875,8.125,22.09,1.69
2017-01-02T12:00:00Z,0.0,-27.875,12.125,21.17,1.51
2017-01-02T12:00:00Z,0.0,-27.875,16.125,NaN,NaN
2017-01-02T12:00:00Z,0.0,-27.875,20.125,NaN,NaN
2017-01-02T12:00:00Z,0.0,-27.875,24.125,NaN,NaN
2017-01-02T12:00:00Z,0.0,-27.875,28.125,NaN,NaN
2017-01-02T12:00:00Z,0.0,-27.875,32.125,NaN,NaN
2017-01-02T12:00:00Z,0.0,-27.875,36.125,26.2,0.52
2017-01-02T12:00:00Z,0.0,-27.875,40.125,24.99,-0.48
2017-01-02T12:00:00Z,0.0,-27.875,44.125,25.35,-0.03
2017-01-02T12:00:00Z,0.0,-27.875,48.125,24.71,-0.36
2017-01-02T12:00:00Z,0.0,-27.875,52.125,26.19,1.07
2017-01-02T12:00:00Z,0.0,-27.875,56.125,25.97,1.21
2017-01-02T12:00:00Z,0.0,-27.875,60.125,25.99,1.41
2017-01-02T12:00:00Z,0.0,-27.875,64.125,26.33,1.92
2017-01-02T12:00:00Z,0.0,-27.875,68.125,26.05,1.81
2017-01-02T12:00:00Z,0.0,-27.875,72.125,25.83,1.8
2017-01-02T12:00:00Z,0.0,-27.875,76.125,26.1,2.4
2017-01-02T12:00:00Z,0.0,-27.875,80.125,25.13,1.74
2017-01-02T12:00:00Z,0.0,-27.875,84.125,24.66,1.62
2017-01-02T12:00:00Z,0.0,-27.875,88.125,24.07,1.52
2017-01-02T12:00:00Z,0.0,-27.875,92.125,23.69,1.57
2017-01-02T12:00:00Z,0.0,-27.875,96.125,23.09,1.27
2017-01-02T12:00:00Z,0.0,-27.875,100.125,21.7,0.11
2017-01-02T12:00:00Z,0.0,-27.875,104.125,21.41,-0.09
2017-01-02T12:00:00Z,0.0,-27.875,108.125,20.24,-1.44
2017-01-02T12:00:00Z,0.0,-27.875,112.125,21.75,-0.77
2017-01-02T12:00:00Z,0.0,-27.875,116.125,NaN,NaN
2017-01-02T12:00:00Z,0.0,-27.875,120.125,NaN,NaN
2017-01-02T12:00:00Z,0.0,-27.875,124.125,NaN,NaN
2017-01-02T12:00:00Z,0.0,-27.875,128.125,NaN,NaN
2017-01-02T12:00:00Z,0.0,-27.875,132.125,NaN,NaN
2017-01-02T12:00:00Z,0.0,-27.875,136.125,NaN,NaN
2017-01-02T12:00:00Z,0.0,-27.875,140.125,NaN,NaN
2017-01-02T12:00:00Z,0.0,-27.875,144.125,NaN,NaN
2017-01-02T12:00:00Z,0.0,-27.875,148.125,NaN,NaN
2017-01-02T12:00:00Z,0.0,-27.875,152.125,NaN,NaN
2017-01-02T12:00:00Z,0.0,-27.875,156.125,25.33,0.53
2017-01-02T12:00:00Z,0.0,-27.875,160.125,25.0,1.0
2017-01-02T12:00:00Z,0.0,-27.875,164.125,23.48,-0.17
2017-01-02T12:00:00Z,0.0,-27.875,168.125,23.49,0.07
2017-01-02T12:00:00Z,0.0,-27.875,172.125,22.88,-0.58
2017-01-02T12:00:00Z,0.0,-27.875,176.125,22.82,-0.83
2017-01-02T12:00:00Z,0.0,-27.875,180.125,23.35,-0.26
2017-01-02T12:00:00Z,0.0,-27.875,184.125,23.31,-0.17
2017-01-02T12:00:00Z,0.0,-27.875,188.125,22.91,-0.41
2017-01-02T12:00:00Z,0.0,-27.875,192.125,23.91,0.78
2017-01-02T12:00:00Z,0.0,-27.875,196.125,24.21,1.09
2017-01-02T12:00:00Z,0.0,-27.875,200.125,23.19,0.14
2017-01-02T12:00:00Z,0.0,-27.875,204.125,23.34,0.33
2017-01-02T12:00:00Z,0.0,-27.875,208.125,22.52,-0.59
2017-01-02T12:00:00Z,0.0,-27.875,212.125,22.6,-0.62
2017-01-02T12:00:00Z,0.0,-27.875,216.125,22.45,-0.93
2017-01-02T12:00:00Z,0.0,-27.875,220.125,23.15,-0.51
2017-01-02T12:00:00Z,0.0,-27.875,224.125,22.5,-1.42
2017-01-02T12:00:00Z,0.0,-27.875,228.125,22.5,-1.57
2017-01-02T12:00:00Z,0.0,-27.875,232.125,22.75,-1.43
2017-01-02T12:00:00Z,0.0,-27.875,236.125,22.97,-1.29
2017-01-02T12:00:00Z,0.0,-27.875,240.125,22.44,-1.66
2017-01-02T12:00:00Z,0.0,-27.875,244.125,22.53,-1.44
2017-01-02T12:00:00Z,0.0,-27.875,248.125,22.91,-0.82
2017-01-02T12:00:00Z,0.0,-27.875,252.125,22.91,-0.5
2017-01-02T12:00:00Z,0.0,-27.875,256.125,23.63,0.56
2017-01-02T12:00:00Z,0.0,-27.875,260.125,23.53,0.82
2017-01-02T12:00:00Z,0.0,-27.875,264.125,23.17,0.86
2017-01-02T12:00:00Z,0.0,-27.875,268.125,22.78,0.95
2017-01-02T12:00:00Z,0.0,-27.875,272.125,22.62,1.42
2017-01-02T12:00:00Z,0.0,-27.875,276.125,21.6,1.13
2017-01-02T12:00:00Z,0.0,-27.875,280.125,20.21,0.63
2017-01-02T12:00:00Z,0.0,-27.875,284.125,19.72,1.15
2017-01-02T12:00:00Z,0.0,-27.875,288.125,19.6,1.34
2017-01-02T12:00:00Z,0.0,-27.875,292.125,NaN,NaN
2017-01-02T12:00:00Z,0.0,-27.875,296.125,NaN,NaN
2017-01-02T12:00:00Z,0.0,-27.875,300.125,NaN,NaN
2017-01-02T12:00:00Z,0.0,-27.875,304.125,NaN,NaN
2017-01-02T12:00:00Z,0.0,-27.875,308.125,NaN,NaN
2017-01-02T12:00:00Z,0.0,-27.875,312.125,27.29,2.46
2017-01-02T12:00:00Z,0.0,-27.875,316.125,25.89,1.51
2017-01-02T12:00:00Z,0.0,-27.875,320.125,25.22,1.24
2017-01-02T12:00:00Z,0.0,-27.875,324.125,25.57,1.62
2017-01-02T12:00:00Z,0.0,-27.875,328.125,25.71,1.75
2017-01-02T12:00:00Z,0.0,-27.875,332.125,25.52,1.43
2017-01-02T12:00:00Z,0.0,-27.875,336.125,24.56,0.47
2017-01-02T12:00:00Z,0.0,-27.875,340.125,24.5,0.5
2017-01-02T12:00:00Z,0.0,-27.875,344.125,24.44,0.63
2017-01-02T12:00:00Z,0.0,-27.875,348.125,24.14,0.68
2017-01-02T12:00:00Z,0.0,-27.875,352.125,24.33,1.3
2017-01-02T12:00:00Z,0.0,-27.875,356.125,24.55,2.13
2017-01-02T12:00:00Z,0.0,-23.875,0.125,23.23,1.38
2017-01-02T12:00:00Z,0.0,-23.875,4.125,22.3,1.15
2017-01-02T12:00:00Z,0.0,-23.875,8.125,21.55,0.98
2017-01-02T12:00:00Z,0.0,-23.875,12.125,19.94,1.19
2017-01-02T12:00:00Z,0.0,-23.875,16.125,NaN,NaN
2017-01-02T12:00:00Z,0.0,-23.875,20.125,NaN,NaN
2017-01-02T12:00:00Z,0.0,-23.875,24.125,NaN,NaN
2017-01-02T12:00:00Z,0.0,-23.875,28.125,NaN,NaN
2017-01-02T12:00:00Z,0.0,-23.875,32.125,NaN,NaN
2017-01-02T12:00:00Z,0.0,-23.875,36.125,27.85,0.56
2017-01-02T12:00:00Z,0.0,-23.875,40.125,28.29,0.96
2017-01-02T12:00:00Z,0.0,-23.875,44.125,NaN,NaN
2017-01-02T12:00:00Z,0.0,-23.875,48.125,27.43,0.57
2017-01-02T12:00:00Z,0.0,-23.875,52.125,27.86,1.18
2017-01-02T12:00:00Z,0.0,-23.875,56.125,27.63,1.23
2017-01-02T12:00:00Z,0.0,-23.875,60.125,27.44,1.25
2017-01-02T12:00:00Z,0.0,-23.875,64.125,26.68,0.83
2017-01-02T12:00:00Z,0.0,-23.875,68.125,26.52,0.93
2017-01-02T12:00:00Z,0.0,-23.875,72.125,26.33,1.1
2017-01-02T12:00:00Z,0.0,-23.875,76.125,25.58,0.67
2017-01-02T12:00:00Z,0.0,-23.875,80.125,25.04,0.46
2017-01-02T12:00:00Z,0.0,-23.875,84.125,25.0,0.82
2017-01-02T12:00:00Z,0.0,-23.875,88.125,24.04,0.13
2017-01-02T12:00:00Z,0.0,-23.875,92.125,23.59,-0.1
2017-01-02T12:00:00Z,0.0,-23.875,96.125,23.32,-0.15
2017-01-02T12:00:00Z,0.0,-23.875,100.125,22.87,-0.3
2017-01-02T12:00:00Z,0.0,-23.875,104.125,22.21,-0.76
2017-01-02T12:00:00Z,0.0,-23.875,108.125,22.95,-0.4
2017-01-02T12:00:00Z,0.0,-23.875,112.125,24.04,-0.23
2017-01-02T12:00:00Z,0.0,-23.875,116.125,NaN,NaN
2017-01-02T12:00:00Z,0.0,-23.875,120.125,NaN,NaN
2017-01-02T12:00:00Z,0.0,-23.875,124.125,NaN,NaN
2017-01-02T12:00:00Z,0.0,-23.875,128.125,NaN,NaN
2017-01-02T12:00:00Z,0.0,-23.875,132.125,NaN,NaN
2017-01-02T12:00:00Z,0.0,-23.875,136.125,NaN,NaN
2017-01-02T12:00:00Z,0.0,-23.875,140.125,NaN,NaN
2017-01-02T12:00:00Z,0.0,-23.875,144.125,NaN,NaN
2017-01-02T12:00:00Z,0.0,-23.875,148.125,NaN,NaN
2017-01-02T12:00:00Z,0.0,-23.875,152.125,27.12,0.3
2017-01-02T12:00:00Z,0.0,-23.875,156.125,26.84,0.63
2017-01-02T12:00:00Z,0.0,-23.875,160.125,25.81,0.29
2017-01-02T12:00:00Z,0.0,-23.875,164.125,24.66,-0.7
2017-01-02T12:00:00Z,0.0,-23.875,168.125,26.15,0.75
2017-01-02T12:00:00Z,0.0,-23.875,172.125,25.12,-0.38
2017-01-02T12:00:00Z,0.0,-23.875,176.125,25.44,-0.06
2017-01-02T12:00:00Z,0.0,-23.875,180.125,24.43,-1.02
2017-01-02T12:00:00Z,0.0,-23.875,184.125,24.97,-0.4
2017-01-02T12:00:00Z,0.0,-23.875,188.125,25.49,0.23
2017-01-02T12:00:00Z,0.0,-23.875,192.125,25.33,0.08
2017-01-02T12:00:00Z,0.0,-23.875,196.125,26.59,1.32
2017-01-02T12:00:00Z,0.0,-23.875,200.125,26.09,0.83
2017-01-02T12:00:00Z,0.0,-23.875,204.125,26.89,1.66
2017-01-02T12:00:00Z,0.0,-23.875,208.125,26.25,1.06
2017-01-02T12:00:00Z,0.0,-23.875,212.125,27.01,1.65
2017-01-02T12:00:00Z,0.0,-23.875,216.125,25.25,-0.34
2017-01-02T12:00:00Z,0.0,-23.875,220.125,25.86,0.17
2017-01-02T12:00:00Z,0.0,-23.875,224.125,25.67,-0.16
2017-01-02T12:00:00Z,0.0,-23.875,228.125,24.91,-1.0
2017-01-02T12:00:00Z,0.0,-23.875,232.125,25.87,0.04
2017-01-02T12:00:00Z,0.0,-23.875,236.125,25.17,-0.46
2017-01-02T12:00:00Z,0.0,-23.875,240.125,25.52,0.16
2017-01-02T12:00:00Z,0.0,-23.875,244.125,25.74,0.74
2017-01-02T12:00:00Z,0.0,-23.875,248.125,25.58,0.99
2017-01-02T12:00:00Z,0.0,-23.875,252.125,25.53,1.37
2017-01-02T12:00:00Z,0.0,-23.875,256.125,24.98,1.3
2017-01-02T12:00:00Z,0.0,-23.875,260.125,24.11,0.93
2017-01-02T12:00:00Z,0.0,-23.875,264.125,23.26,0.67
2017-01-02T12:00:00Z,0.0,-23.875,268.125,22.24,0.29
2017-01-02T12:00:00Z,0.0,-23.875,272.125,21.81,0.53
2017-01-02T12:00:00Z,0.0,-23.875,276.125,21.04,0.47
2017-01-02T12:00:00Z,0.0,-23.875,280.125,20.78,0.9
2017-01-02T12:00:00Z,0.0,-23.875,284.125,21.16,1.74
2017-01-02T12:00:00Z,0.0,-23.875,288.125,21.53,1.11
2017-01-02T12:00:00Z,0.0,-23.875,292.125,NaN,NaN
2017-01-02T12:00:00Z,0.0,-23.875,296.125,NaN,NaN
2017-01-02T12:00:00Z,0.0,-23.875,300.125,NaN,NaN
2017-01-02T12:00:00Z,0.0,-23.875,304.125,NaN,NaN
2017-01-02T12:00:00Z,0.0,-23.875,308.125,NaN,NaN
2017-01-02T12:00:00Z,0.0,-23.875,312.125,NaN,NaN
2017-01-02T12:00:00Z,0.0,-23.875,316.125,28.62,3.52
2017-01-02T12:00:00Z,0.0,-23.875,320.125,26.88,1.34
2017-01-02T12:00:00Z,0.0,-23.875,324.125,26.47,0.76
2017-01-02T12:00:00Z,0.0,-23.875,328.125,26.88,1.12
2017-01-02T12:00:00Z,0.0,-23.875,332.125,27.05,1.37
2017-01-02T12:00:00Z,0.0,-23.875,336.125,26.39,0.88
2017-01-02T12:00:00Z,0.0,-23.875,340.125,26.09,0.99
2017-01-02T12:00:00Z,0.0,-23.875,344.125,26.1,1.55
2017-01-02T12:00:00Z,0.0,-23.875,348.125,25.37,1.41
2017-01-02T12:00:00Z,0.0,-23.875,352.125,24.44,1.11
2017-01-02T12:00:00Z,0.0,-23.875,356.125,24.0,1.44
2017-01-02T12:00:00Z,0.0,-19.875,0.125,22.37,0.64
2017-01-02T12:00:00Z,0.0,-19.875,4.125,22.16,0.77
2017-01-02T12:00:00Z,0.0,-19.875,8.125,21.56,0.83
2017-01-02T12:00:00Z,0.0,-19.875,12.125,19.0,0.3
2017-01-02T12:00:00Z,0.0,-19.875,16.125,NaN,NaN
2017-01-02T12:00:00Z,0.0,-19.875,20.125,NaN,NaN
2017-01-02T12:00:00Z,0.0,-19.875,24.125,NaN,NaN
2017-01-02T12:00:00Z,0.0,-19.875,28.125,NaN,NaN
2017-01-02T12:00:00Z,0.0,-19.875,32.125,NaN,NaN
2017-01-02T12:00:00Z,0.0,-19.875,36.125,28.89,0.95
2017-01-02T12:00:00Z,0.0,-19.875,40.125,29.24,0.84
2017-01-02T12:00:00Z,0.0,-19.875,44.125,30.34,1.69
2017-01-02T12:00:00Z,0.0,-19.875,48.125,NaN,NaN
2017-01-02T12:00:00Z,0.0,-19.875,52.125,27.81,0.29
2017-01-02T12:00:00Z,0.0,-19.875,56.125,27.52,0.38
2017-01-02T12:00:00Z,0.0,-19.875,60.125,26.69,-0.17
2017-01-02T12:00:00Z,0.0,-19.875,64.125,26.18,-0.37
2017-01-02T12:00:00Z,0.0,-19.875,68.125,25.77,-0.57
2017-01-02T12:00:00Z,0.0,-19.875,72.125,25.83,-0.27
2017-01-02T12:00:00Z,0.0,-19.875,76.125,25.49,-0.4
2017-01-02T12:00:00Z,0.0,-19.875,80.125,25.5,-0.14
2017-01-02T12:00:00Z,0.0,-19.875,84.125,24.87,-0.72
2017-01-02T12:00:00Z,0.0,-19.875,88.125,25.18,-0.27
2017-01-02T12:00:00Z,0.0,-19.875,92.125,24.12,-1.23
2017-01-02T12:00:00Z,0.0,-19.875,96.125,24.32,-0.71
2017-01-02T12:00:00Z,0.0,-19.875,100.125,23.96,-0.71
2017-01-02T12:00:00Z,0.0,-19.875,104.125,22.94,-1.75
2017-01-02T12:00:00Z,0.0,-19.875,108.125,23.92,-1.14
2017-01-02T12:00:00Z,0.0,-19.875,112.125,25.42,-0.8
2017-01-02T12:00:00Z,0.0,-19.875,116.125,27.92,0.2
2017-01-02T12:00:00Z,0.0,-19.875,120.125,31.31,2.77
2017-01-02T12:00:00Z,0.0,-19.875,124.125,NaN,NaN
2017-01-02T12:00:00Z,0.0,-19.875,128.125,NaN,NaN
2017-01-02T12:00:00Z,0.0,-19.875,132.125,NaN,NaN
2017-01-02T12:00:00Z,0.0,-19.875,136.125,NaN,NaN
2017-01-02T12:00:00Z,0.0,-19.875,140.125,NaN,NaN
2017-01-02T12:00:00Z,0.0,-19.875,144.125,NaN,NaN
2017-01-02T12:00:00Z,0.0,-19.875,148.125,29.4,1.44
2017-01-02T12:00:00Z,0.0,-19.875,152.125,28.22,0.69
2017-01-02T12:00:00Z,0.0,-19.875,156.125,27.38,0.17
2017-01-02T12:00:00Z,0.0,-19.875,160.125,27.31,0.31
2017-01-02T12:00:00Z,0.0,-19.875,164.125,26.78,-0.27
2017-01-02T12:00:00Z,0.0,-19.875,168.125,26.91,-0.3
2017-01-02T12:00:00Z,0.0,-19.875,172.125,26.84,-0.34
2017-01-02T12:00:00Z,0.0,-19.875,176.125,27.22,-0.07
2017-01-02T12:00:00Z,0.0,-19.875,180.125,26.2,-0.93
2017-01-02T12:00:00Z,0.0,-19.875,184.125,27.16,0.08
2017-01-02T12:00:00Z,0.0,-19.875,188.125,28.3,1.19
2017-01-02T12:00:00Z,0.0,-19.875,192.125,27.7,0.56
2017-01-02T12:00:00Z,0.0,-19.875,196.125,26.89,-0.24
2017-01-02T12:00:00Z,0.0,-19.875,200.125,27.64,0.6
2017-01-02T12:00:00Z,0.0,-19.875,204.125,27.74,0.72
2017-01-02T12:00:00Z,0.0,-19.875,208.125,27.79,0.69
2017-01-02T12:00:00Z,0.0,-19.875,212.125,27.98,0.79
2017-01-02T12:00:00Z,0.0,-19.875,216.125,27.49,0.27
2017-01-02T12:00:00Z,0.0,-19.875,220.125,27.13,-0.03
2017-01-02T12:00:00Z,0.0,-19.875,224.125,27.63,0.5
2017-01-02T12:00:00Z,0.0,-19.875,228.125,27.54,0.6
2017-01-02T12:00:00Z,0.0,-19.875,232.125,26.94,0.3
2017-01-02T12:00:00Z,0.0,-19.875,236.125,27.8,1.46
2017-01-02T12:00:00Z,0.0,-19.875,240.125,27.26,1.34
2017-01-02T12:00:00Z,0.0,-19.875,244.125,26.93,1.51
2017-01-02T12:00:00Z,0.0,-19.875,248.125,26.4,1.52
2017-01-02T12:00:00Z,0.0,-19.875,252.125,25.59,1.29
2017-01-02T12:00:00Z,0.0,-19.875,256.125,24.3,0.61
2017-01-02T12:00:00Z,0.0,-19.875,260.125,23.31,0.23
2017-01-02T12:00:00Z,0.0,-19.875,264.125,22.61,0.15
2017-01-02T12:00:00Z,0.0,-19.875,268.125,22.06,0.21
2017-01-02T12:00:00Z,0.0,-19.875,272.125,21.39,0.21
2017-01-02T12:00:00Z,0.0,-19.875,276.125,21.21,0.64
2017-01-02T12:00:00Z,0.0,-19.875,280.125,21.55,1.31
2017-01-02T12:00:00Z,0.0,-19.875,284.125,21.93,0.79
2017-01-02T12:00:00Z,0.0,-19.875,288.125,23.04,0.47
2017-01-02T12:00:00Z,0.0,-19.875,292.125,NaN,NaN
2017-01-02T12:00:00Z,0.0,-19.875,296.125,NaN,NaN
2017-01-02T12:00:00Z,0.0,-19.875,300.125,NaN,NaN
2017-01-02T12:00:00Z,0.0,-19.875,304.125,NaN,NaN
2017-01-02T12:00:00Z,0.0,-19.875,308.125,NaN,NaN
2017-01-02T12:00:00Z,0.0,-19.875,312.125,NaN,NaN
2017-01-02T12:00:00Z,0.0,-19.875,316.125,NaN,NaN
2017-01-02T12:00:00Z,0.0,-19.875,320.125,26.71,0.61
2017-01-02T12:00:00Z,0.0,-19.875,324.125,27.74,1.04
2017-01-02T12:00:00Z,0.0,-19.875,328.125,27.09,0.57
2017-01-02T12:00:00Z,0.0,-19.875,332.125,26.59,0.46
2017-01-02T12:00:00Z,0.0,-19.875,336.125,26.02,0.44
2017-01-02T12:00:00Z,0.0,-19.875,340.125,25.44,0.52
2017-01-02T12:00:00Z,0.0,-19.875,344.125,24.72,0.53
2017-01-02T12:00:00Z,0.0,-19.875,348.125,24.06,0.63
2017-01-02T12:00:00Z,0.0,-19.875,352.125,23.67,0.92
2017-01-02T12:00:00Z,0.0,-19.875,356.125,22.85,0.66
2017-01-02T12:00:00Z,0.0,-15.875,0.125,22.54,0.34
2017-01-02T12:00:00Z,0.0,-15.875,4.125,22.44,0.34
2017-01-02T12:00:00Z,0.0,-15.875,8.125,22.01,0.27
2017-01-02T12:00:00Z,0.0,-15.875,12.125,NaN,NaN
2017-01-02T12:00:00Z,0.0,-15.875,16.125,NaN,NaN
2017-01-02T12:00:00Z,0.0,-15.875,20.125,NaN,NaN
2017-01-02T12:00:00Z,0.0,-15.875,24.125,NaN,NaN
2017-01-02T12:00:00Z,0.0,-15.875,28.125,NaN,NaN
2017-01-02T12:00:00Z,0.0,-15.875,32.125,NaN,NaN
2017-01-02T12:00:00Z,0.0,-15.875,36.125,NaN,NaN
2017-01-02T12:00:00Z,0.0,-15.875,40.125,NaN,NaN
2017-01-02T12:00:00Z,0.0,-15.875,44.125,29.53,0.67
2017-01-02T12:00:00Z,0.0,-15.875,48.125,NaN,NaN
2017-01-02T12:00:00Z,0.0,-15.875,52.125,28.3,0.39
2017-01-02T12:00:00Z,0.0,-15.875,56.125,27.08,-0.61
2017-01-02T12:00:00Z,0.0,-15.875,60.125,27.12,-0.36
2017-01-02T12:00:00Z,0.0,-15.875,64.125,27.12,-0.22
2017-01-02T12:00:00Z,0.0,-15.875,68.125,26.64,-0.58
2017-01-02T12:00:00Z,0.0,-15.875,72.125,26.13,-1.03
2017-01-02T12:00:00Z,0.0,-15.875,76.125,27.33,0.12
2017-01-02T12:00:00Z,0.0,-15.875,80.125,26.35,-0.89
2017-01-02T12:00:00Z,0.0,-15.875,84.125,25.82,-1.36
2017-01-02T12:00:00Z,0.0,-15.875,88.125,25.56,-1.53
2017-01-02T12:00:00Z,0.0,-15.875,92.125,25.16,-1.67
2017-01-02T12:00:00Z,0.0,-15.875,96.125,26.18,-0.39
2017-01-02T12:00:00Z,0.0,-15.875,100.125,27.02,0.69
2017-01-02T12:00:00Z,0.0,-15.875,104.125,26.09,-0.54
2017-01-02T12:00:00Z,0.0,-15.875,108.125,26.6,-0.53
2017-01-02T12:00:00Z,0.0,-15.875,112.125,27.33,-0.4
2017-01-02T12:00:00Z,0.0,-15.875,116.125,28.7,0.19
2017-01-02T12:00:00Z,0.0,-15.875,120.125,29.89,0.72
2017-01-02T12:00:00Z,0.0,-15.875,124.125,30.76,1.58
2017-01-02T12:00:00Z,0.0,-15.875,128.125,NaN,NaN
2017-01-02T12:00:00Z,0.0,-15.875,132.125,NaN,NaN
2017-01-02T12:00:00Z,0.0,-15.875,136.125,NaN,NaN
2017-01-02T12:00:00Z,0.0,-15.875,140.125,30.48,0.49
2017-01-02T12:00:00Z,0.0,-15.875,144.125,NaN,NaN
2017-01-02T12:00:00Z,0.0,-15.875,148.125,28.52,0.16
2017-01-02T12:00:00Z,0.0,-15.875,152.125,28.74,0.38
2017-01-02T12:00:00Z,0.0,-15.875,156.125,29.46,1.0
2017-01-02T12:00:00Z,0.0,-15.875,160.125,28.75,0.34
2017-01-02T12:00:00Z,0.0,-15.875,164.125,28.4,-0.04
2017-01-02T12:00:00Z,0.0,-15.875,168.125,28.41,-0.11
2017-01-02T12:00:00Z,0.0,-15.875,172.125,27.77,-0.77
2017-01-02T12:00:00Z,0.0,-15.875,176.125,28.75,0.08
2017-01-02T12:00:00Z,0.0,-15.875,180.125,28.15,-0.32
2017-01-02T12:00:00Z,0.0,-15.875,184.125,28.77,0.28
2017-01-02T12:00:00Z,0.0,-15.875,188.125,28.68,0.18
2017-01-02T12:00:00Z,0.0,-15.875,192.125,28.82,0.35
2017-01-02T12:00:00Z,0.0,-15.875,196.125,29.41,1.03
2017-01-02T12:00:00Z,0.0,-15.875,200.125,28.92,0.59
2017-01-02T12:00:00Z,0.0,-15.875,204.125,28.92,0.62
2017-01-02T12:00:00Z,0.0,-15.875,208.125,29.25,0.98
2017-01-02T12:00:00Z,0.0,-15.875,212.125,29.3,1.13
2017-01-02T12:00:00Z,0.0,-15.875,216.125,29.35,1.21
2017-01-02T12:00:00Z,0.0,-15.875,220.125,28.57,0.56
2017-01-02T12:00:00Z,0.0,-15.875,224.125,28.51,0.71
2017-01-02T12:00:00Z,0.0,-15.875,228.125,28.76,1.29
2017-01-02T12:00:00Z,0.0,-15.875,232.125,28.21,1.12
2017-01-02T12:00:00Z,0.0,-15.875,236.125,27.86,1.23
2017-01-02T12:00:00Z,0.0,-15.875,240.125,27.23,1.12
2017-01-02T12:00:00Z,0.0,-15.875,244.125,26.45,0.88
2017-01-02T12:00:00Z,0.0,-15.875,248.125,25.38,0.38
2017-01-02T12:00:00Z,0.0,-15.875,252.125,24.69,0.3
2017-01-02T12:00:00Z,0.0,-15.875,256.125,24.03,0.28
2017-01-02T12:00:00Z,0.0,-15.875,260.125,23.09,-0.04
2017-01-02T12:00:00Z,0.0,-15.875,264.125,22.61,0.08
2017-01-02T12:00:00Z,0.0,-15.875,268.125,22.24,0.33
2017-01-02T12:00:00Z,0.0,-15.875,272.125,21.99,0.57
2017-01-02T12:00:00Z,0.0,-15.875,276.125,22.54,1.27
2017-01-02T12:00:00Z,0.0,-15.875,280.125,22.94,1.21
2017-01-02T12:00:00Z,0.0,-15.875,284.125,20.94,-0.54
2017-01-02T12:00:00Z,0.0,-15.875,288.125,NaN,NaN
2017-01-02T12:00:00Z,0.0,-15.875,292.125,NaN,NaN
2017-01-02T12:00:00Z,0.0,-15.875,296.125,NaN,NaN
2017-01-02T12:00:00Z,0.0,-15.875,300.125,NaN,NaN
2017-01-02T12:00:00Z,0.0,-15.875,304.125,NaN,NaN
2017-01-02T12:00:00Z,0.0,-15.875,308.125,NaN,NaN
2017-01-02T12:00:00Z,0.0,-15.875,312.125,NaN,NaN
2017-01-02T12:00:00Z,0.0,-15.875,316.125,NaN,NaN
2017-01-02T12:00:00Z,0.0,-15.875,320.125,NaN,NaN
2017-01-02T12:00:00Z,0.0,-15.875,324.125,27.8,0.49
2017-01-02T12:00:00Z,0.0,-15.875,328.125,26.99,0.04
2017-01-02T12:00:00Z,0.0,-15.875,332.125,26.05,-0.2
2017-01-02T12:00:00Z,0.0,-15.875,336.125,25.39,-0.03
2017-01-02T12:00:00Z,0.0,-15.875,340.125,24.76,0.13
2017-01-02T12:00:00Z,0.0,-15.875,344.125,23.95,0.15
2017-01-02T12:00:00Z,0.0,-15.875,348.125,23.06,-0.12
2017-01-02T12:00:00Z,0.0,-15.875,352.125,22.92,0.26
2017-01-02T12:00:00Z,0.0,-15.875,356.125,22.44,0.12
2017-01-02T12:00:00Z,0.0,-11.875,0.125,24.16,0.69
2017-01-02T12:00:00Z,0.0,-11.875,4.125,24.3,0.63
2017-01-02T12:00:00Z,0.0,-11.875,8.125,25.98,1.23
2017-01-02T12:00:00Z,0.0,-11.875,12.125,28.15,2.29
2017-01-02T12:00:00Z,0.0,-11.875,16.125,NaN,NaN
2017-01-02T12:00:00Z,0.0,-11.875,20.125,NaN,NaN
2017-01-02T12:00:00Z,0.0,-11.875,24.125,NaN,NaN
2017-01-02T12:00:00Z,0.0,-11.875,28.125,NaN,NaN
2017-01-02T12:00:00Z,0.0,-11.875,32.125,NaN,NaN
2017-01-02T12:00:00Z,0.0,-11.875,36.125,NaN,NaN
2017-01-02T12:00:00Z,0.0,-11.875,40.125,NaN,NaN
2017-01-02T12:00:00Z,0.0,-11.875,44.125,29.38,0.94
2017-01-02T12:00:00Z,0.0,-11.875,48.125,29.37,1.14
2017-01-02T12:00:00Z,0.0,-11.875,52.125,28.83,0.65
2017-01-02T12:00:00Z,0.0,-11.875,56.125,27.75,-0.44
2017-01-02T12:00:00Z,0.0,-11.875,60.125,28.18,0.0
2017-01-02T12:00:00Z,0.0,-11.875,64.125,27.9,-0.22
2017-01-02T12:00:00Z,0.0,-11.875,68.125,27.88,-0.16
2017-01-02T12:00:00Z,0.0,-11.875,72.125,27.86,-0.23
2017-01-02T12:00:00Z,0.0,-11.875,76.125,27.7,-0.45
2017-01-02T12:00:00Z,0.0,-11.875,80.125,27.94,-0.23
2017-01-02T12:00:00Z,0.0,-11.875,84.125,27.32,-0.75
2017-01-02T12:00:00Z,0.0,-11.875,88.125,27.32,-0.53
2017-01-02T12:00:00Z,0.0,-11.875,92.125,26.83,-0.89
2017-01-02T12:00:00Z,0.0,-11.875,96.125,27.91,0.32
2017-01-02T12:00:00Z,0.0,-11.875,100.125,28.01,0.31
2017-01-02T12:00:00Z,0.0,-11.875,104.125,27.81,-0.15
2017-01-02T12:00:00Z,0.0,-11.875,108.125,28.42,0.17
2017-01-02T12:00:00Z,0.0,-11.875,112.125,28.64,-0.1
2017-01-02T12:00:00Z,0.0,-11.875,116.125,29.19,0.04
2017-01-02T12:00:00Z,0.0,-11.875,120.125,29.57,0.08
2017-01-02T12:00:00Z,0.0,-11.875,124.125,29.92,0.31
2017-01-02T12:00:00Z,0.0,-11.875,128.125,29.76,0.0
2017-01-02T12:00:00Z,0.0,-11.875,132.125,29.79,-0.2
2017-01-02T12:00:00Z,0.0,-11.875,136.125,30.24,0.56
2017-01-02T12:00:00Z,0.0,-11.875,140.125,30.0,0.5
2017-01-02T12:00:00Z,0.0,-11.875,144.125,28.8,0.13
2017-01-02T12:00:00Z,0.0,-11.875,148.125,28.93,0.14
2017-01-02T12:00:00Z,0.0,-11.875,152.125,29.35,0.46
2017-01-02T12:00:00Z,0.0,-11.875,156.125,29.57,0.33
2017-01-02T12:00:00Z,0.0,-11.875,160.125,29.68,0.4
2017-01-02T12:00:00Z,0.0,-11.875,164.125,29.73,0.53
2017-01-02T12:00:00Z,0.0,-11.875,168.125,29.8,0.64
2017-01-02T12:00:00Z,0.0,-11.875,172.125,29.45,0.24
2017-01-02T12:00:00Z,0.0,-11.875,176.125,28.8,-0.44
2017-01-02T12:00:00Z,0.0,-11.875,180.125,29.7,0.48
2017-01-02T12:00:00Z,0.0,-11.875,184.125,29.59,0.43
2017-01-02T12:00:00Z,0.0,-11.875,188.125,29.17,0.12
2017-01-02T12:00:00Z,0.0,-11.875,192.125,29.59,0.56
2017-01-02T12:00:00Z,0.0,-11.875,196.125,29.21,0.26
2017-01-02T12:00:00Z,0.0,-11.875,200.125,29.07,0.2
2017-01-02T12:00:00Z,0.0,-11.875,204.125,29.25,0.44
2017-01-02T12:00:00Z,0.0,-11.875,208.125,29.25,0.58
2017-01-02T12:00:00Z,0.0,-11.875,212.125,28.94,0.39
2017-01-02T12:00:00Z,0.0,-11.875,216.125,28.85,0.47
2017-01-02T12:00:00Z,0.0,-11.875,220.125,28.87,0.73
2017-01-02T12:00:00Z,0.0,-11.875,224.125,28.71,0.92
2017-01-02T12:00:00Z,0.0,-11.875,228.125,28.43,1.0
2017-01-02T12:00:00Z,0.0,-11.875,232.125,28.01,0.96
2017-01-02T12:00:00Z,0.0,-11.875,236.125,27.49,0.88
2017-01-02T12:00:00Z,0.0,-11.875,240.125,26.87,0.71
2017-01-02T12:00:00Z,0.0,-11.875,244.125,26.45,0.77
2017-01-02T12:00:00Z,0.0,-11.875,248.125,25.7,0.57
2017-01-02T12:00:00Z,0.0,-11.875,252.125,25.15,0.57
2017-01-02T12:00:00Z,0.0,-11.875,256.125,24.53,0.49
2017-01-02T12:00:00Z,0.0,-11.875,260.125,23.75,0.23
2017-01-02T12:00:00Z,0.0,-11.875,264.125,23.87,0.78
2017-01-02T12:00:00Z,0.0,-11.875,268.125,23.75,0.92
2017-01-02T12:00:00Z,0.0,-11.875,272.125,23.5,0.68
2017-01-02T12:00:00Z,0.0,-11.875,276.125,24.02,0.91
2017-01-02T12:00:00Z,0.0,-11.875,280.125,24.41,1.55
2017-01-02T12:00:00Z,0.0,-11.875,284.125,NaN,NaN
2017-01-02T12:00:00Z,0.0,-11.875,288.125,NaN,NaN
2017-01-02T12:00:00Z,0.0,-11.875,292.125,NaN,NaN
2017-01-02T12:00:00Z,0.0,-11.875,296.125,NaN,NaN
2017-01-02T12:00:00Z,0.0,-11.875,300.125,NaN,NaN
2017-01-02T12:00:00Z,0.0,-11.875,304.125,NaN,NaN
2017-01-02T12:00:00Z,0.0,-11.875,308.125,NaN,NaN
2017-01-02T12:00:00Z,0.0,-11.875,312.125,NaN,NaN
2017-01-02T12:00:00Z,0.0,-11.875,316.125,NaN,NaN
2017-01-02T12:00:00Z,0.0,-11.875,320.125,NaN,NaN
2017-01-02T12:00:00Z,0.0,-11.875,324.125,27.59,0.21
2017-01-02T12:00:00Z,0.0,-11.875,328.125,27.1,-0.11
2017-01-02T12:00:00Z,0.0,-11.875,332.125,26.2,-0.4
2017-01-02T12:00:00Z,0.0,-11.875,336.125,26.17,0.24
2017-01-02T12:00:00Z,0.0,-11.875,340.125,25.06,-0.22
2017-01-02T12:00:00Z,0.0,-11.875,344.125,24.83,0.18
2017-01-02T12:00:00Z,0.0,-11.875,348.125,24.36,0.23
2017-01-02T12:00:00Z,0.0,-11.875,352.125,24.22,0.43
2017-01-02T12:00:00Z,0.0,-11.875,356.125,24.06,0.44
2017-01-02T12:00:00Z,0.0,-7.875,0.125,25.27,0.06
2017-01-02T12:00:00Z,0.0,-7.875,4.125,26.54,0.73
2017-01-02T12:00:00Z,0.0,-7.875,8.125,27.56,0.82
2017-01-02T12:00:00Z,0.0,-7.875,12.125,28.51,1.81
2017-01-02T12:00:00Z,0.0,-7.875,16.125,NaN,NaN
2017-01-02T12:00:00Z,0.0,-7.875,20.125,NaN,NaN
2017-01-02T12:00:00Z,0.0,-7.875,24.125,NaN,NaN
2017-01-02T12:00:00Z,0.0,-7.875,28.125,NaN,NaN
2017-01-02T12:00:00Z,0.0,-7.875,32.125,NaN,NaN
2017-01-02T12:00:00Z,0.0,-7.875,36.125,NaN,NaN
2017-01-02T12:00:00Z,0.0,-7.875,40.125,29.32,0.74
2017-01-02T12:00:00Z,0.0,-7.875,44.125,29.74,1.06
2017-01-02T12:00:00Z,0.0,-7.875,48.125,29.3,0.78
2017-01-02T12:00:00Z,0.0,-7.875,52.125,28.09,-0.32
2017-01-02T12:00:00Z,0.0,-7.875,56.125,28.17,-0.11
2017-01-02T12:00:00Z,0.0,-7.875,60.125,28.9,0.57
2017-01-02T12:00:00Z,0.0,-7.875,64.125,29.16,0.8
2017-01-02T12:00:00Z,0.0,-7.875,68.125,28.81,0.4
2017-01-02T12:00:00Z,0.0,-7.875,72.125,28.74,0.44
2017-01-02T12:00:00Z,0.0,-7.875,76.125,28.75,0.45
2017-01-02T12:00:00Z,0.0,-7.875,80.125,29.1,0.79
2017-01-02T12:00:00Z,0.0,-7.875,84.125,28.57,0.29
2017-01-02T12:00:00Z,0.0,-7.875,88.125,28.99,0.68
2017-01-02T12:00:00Z,0.0,-7.875,92.125,28.17,-0.16
2017-01-02T12:00:00Z,0.0,-7.875,96.125,28.71,0.27
2017-01-02T12:00:00Z,0.0,-7.875,100.125,28.34,-0.13
2017-01-02T12:00:00Z,0.0,-7.875,104.125,29.02,0.53
2017-01-02T12:00:00Z,0.0,-7.875,108.125,29.39,0.74
2017-01-02T12:00:00Z,0.0,-7.875,112.125,NaN,NaN
2017-01-02T12:00:00Z,0.0,-7.875,116.125,29.33,0.36
2017-01-02T12:00:00Z,0.0,-7.875,120.125,28.54,-0.43
2017-01-02T12:00:00Z,0.0,-7.875,124.125,28.3,-0.78
2017-01-02T12:00:00Z,0.0,-7.875,128.125,30.0,0.68
2017-01-02T12:00:00Z,0.0,-7.875,132.125,29.91,0.58
2017-01-02T12:00:00Z,0.0,-7.875,136.125,29.6,0.34
2017-01-02T12:00:00Z,0.0,-7.875,140.125,NaN,NaN
2017-01-02T12:00:00Z,0.0,-7.875,144.125,29.77,0.78
2017-01-02T12:00:00Z,0.0,-7.875,148.125,29.8,0.31
2017-01-02T12:00:00Z,0.0,-7.875,152.125,29.44,-0.13
2017-01-02T12:00:00Z,0.0,-7.875,156.125,30.13,0.4
2017-01-02T12:00:00Z,0.0,-7.875,160.125,29.4,-0.3
2017-01-02T12:00:00Z,0.0,-7.875,164.125,29.81,0.21
2017-01-02T12:00:00Z,0.0,-7.875,168.125,29.78,0.23
2017-01-02T12:00:00Z,0.0,-7.875,172.125,30.36,0.86
2017-01-02T12:00:00Z,0.0,-7.875,176.125,29.41,-0.08
2017-01-02T12:00:00Z,0.0,-7.875,180.125,29.8,0.37
2017-01-02T12:00:00Z,0.0,-7.875,184.125,29.91,0.59
2017-01-02T12:00:00Z,0.0,-7.875,188.125,29.82,0.64
2017-01-02T12:00:00Z,0.0,-7.875,192.125,29.73,0.67
2017-01-02T12:00:00Z,0.0,-7.875,196.125,29.34,0.44
2017-01-02T12:00:00Z,0.0,-7.875,200.125,28.79,0.0
2017-01-02T12:00:00Z,0.0,-7.875,204.125,28.49,-0.09
2017-01-02T12:00:00Z,0.0,-7.875,208.125,28.06,-0.28
2017-01-02T12:00:00Z,0.0,-7.875,212.125,28.42,0.33
2017-01-02T12:00:00Z,0.0,-7.875,216.125,27.82,-0.03
2017-01-02T12:00:00Z,0.0,-7.875,220.125,27.65,0.07
2017-01-02T12:00:00Z,0.0,-7.875,224.125,28.01,0.75
2017-01-02T12:00:00Z,0.0,-7.875,228.125,27.5,0.54
2017-01-02T12:00:00Z,0.0,-7.875,232.125,27.18,0.59
2017-01-02T12:00:00Z,0.0,-7.875,236.125,26.44,0.23
2017-01-02T12:00:00Z,0.0,-7.875,240.125,25.92,0.07
2017-01-02T12:00:00Z,0.0,-7.875,244.125,26.01,0.5
2017-01-02T12:00:00Z,0.0,-7.875,248.125,24.85,-0.3
2017-01-02T12:00:00Z,0.0,-7.875,252.125,25.1,0.29
2017-01-02T12:00:00Z,0.0,-7.875,256.125,24.59,0.1
2017-01-02T12:00:00Z,0.0,-7.875,260.125,24.57,0.3
2017-01-02T12:00:00Z,0.0,-7.875,264.125,24.4,0.26
2017-01-02T12:00:00Z,0.0,-7.875,268.125,24.49,0.39
2017-01-02T12:00:00Z,0.0,-7.875,272.125,24.76,0.58
2017-01-02T12:00:00Z,0.0,-7.875,276.125,24.46,0.53
2017-01-02T12:00:00Z,0.0,-7.875,280.125,20.23,-1.15
2017-01-02T12:00:00Z,0.0,-7.875,284.125,NaN,NaN
2017-01-02T12:00:00Z,0.0,-7.875,288.125,NaN,NaN
2017-01-02T12:00:00Z,0.0,-7.875,292.125,NaN,NaN
2017-01-02T12:00:00Z,0.0,-7.875,296.125,NaN,NaN
2017-01-02T12:00:00Z,0.0,-7.875,300.125,NaN,NaN
2017-01-02T12:00:00Z,0.0,-7.875,304.125,NaN,NaN
2017-01-02T12:00:00Z,0.0,-7.875,308.125,NaN,NaN
2017-01-02T12:00:00Z,0.0,-7.875,312.125,NaN,NaN
2017-01-02T12:00:00Z,0.0,-7.875,316.125,NaN,NaN
2017-01-02T12:00:00Z,0.0,-7.875,320.125,NaN,NaN
2017-01-02T12:00:00Z,0.0,-7.875,324.125,NaN,NaN
2017-01-02T12:00:00Z,0.0,-7.875,328.125,27.54,0.11
2017-01-02T12:00:00Z,0.0,-7.875,332.125,27.21,0.24
2017-01-02T12:00:00Z,0.0,-7.875,336.125,26.91,0.4
2017-01-02T12:00:00Z,0.0,-7.875,340.125,26.21,0.13
2017-01-02T12:00:00Z,0.0,-7.875,344.125,25.95,0.28
2017-01-02T12:00:00Z,0.0,-7.875,348.125,25.88,0.55
2017-01-02T12:00:00Z,0.0,-7.875,352.125,25.6,0.52
2017-01-02T12:00:00Z,0.0,-7.875,356.125,25.55,0.58
2017-01-02T12:00:00Z,0.0,-3.875,0.125,27.32,0.83
2017-01-02T12:00:00Z,0.0,-3.875,4.125,27.77,0.74
2017-01-02T12:00:00Z,0.0,-3.875,8.125,27.98,0.7
2017-01-02T12:00:00Z,0.0,-3.875,12.125,NaN,NaN
2017-01-02T12:00:00Z,0.0,-3.875,16.125,NaN,NaN
2017-01-02T12:00:00Z,0.0,-3.875,20.125,NaN,NaN
2017-01-02T12:00:00Z,0.0,-3.875,24.125,NaN,NaN
2017-01-02T12:00:00Z,0.0,-3.875,28.125,NaN,NaN
2017-01-02T12:00:00Z,0.0,-3.875,32.125,NaN,NaN
2017-01-02T12:00:00Z,0.0,-3.875,36.125,NaN,NaN
2017-01-02T12:00:00Z,0.0,-3.875,40.125,29.0,0.94
2017-01-02T12:00:00Z,0.0,-3.875,44.125,28.18,0.23
2017-01-02T12:00:00Z,0.0,-3.875,48.125,29.44,1.15
2017-01-02T12:00:00Z,0.0,-3.875,52.125,28.83,0.46
2017-01-02T12:00:00Z,0.0,-3.875,56.125,28.87,0.63
2017-01-02T12:00:00Z,0.0,-3.875,60.125,29.12,0.88
2017-01-02T12:00:00Z,0.0,-3.875,64.125,28.94,0.65
2017-01-02T12:00:00Z,0.0,-3.875,68.125,28.27,-0.06
2017-01-02T12:00:00Z,0.0,-3.875,72.125,28.01,-0.31
2017-01-02T12:00:00Z,0.0,-3.875,76.125,28.82,0.48
2017-01-02T12:00:00Z,0.0,-3.875,80.125,28.45,0.12
2017-01-02T12:00:00Z,0.0,-3.875,84.125,28.45,0.01
2017-01-02T12:00:00Z,0.0,-3.875,88.125,28.72,0.18
2017-01-02T12:00:00Z,0.0,-3.875,92.125,28.8,0.14
2017-01-02T12:00:00Z,0.0,-3.875,96.125,29.08,0.36
2017-01-02T12:00:00Z,0.0,-3.875,100.125,28.69,0.0
2017-01-02T12:00:00Z,0.0,-3.875,104.125,NaN,NaN
2017-01-02T12:00:00Z,0.0,-3.875,108.125,29.07,0.59
2017-01-02T12:00:00Z,0.0,-3.875,112.125,29.35,0.54
2017-01-02T12:00:00Z,0.0,-3.875,116.125,29.13,0.06
2017-01-02T12:00:00Z,0.0,-3.875,120.125,NaN,NaN
2017-01-02T12:00:00Z,0.0,-3.875,124.125,29.93,0.56
2017-01-02T12:00:00Z,0.0,-3.875,128.125,29.45,0.25
2017-01-02T12:00:00Z,0.0,-3.875,132.125,29.86,0.6
2017-01-02T12:00:00Z,0.0,-3.875,136.125,NaN,NaN
2017-01-02T12:00:00Z,0.0,-3.875,140.125,NaN,NaN
2017-01-02T12:00:00Z,0.0,-3.875,144.125,NaN,NaN
2017-01-02T12:00:00Z,0.0,-3.875,148.125,29.22,-0.08
2017-01-02T12:00:00Z,0.0,-3.875,152.125,29.95,0.33
2017-01-02T12:00:00Z,0.0,-3.875,156.125,30.4,0.79
2017-01-02T12:00:00Z,0.0,-3.875,160.125,29.52,-0.06
2017-01-02T12:00:00Z,0.0,-3.875,164.125,29.41,-0.04
2017-01-02T12:00:00Z,0.0,-3.875,168.125,30.27,0.86
2017-01-02T12:00:00Z,0.0,-3.875,172.125,30.17,0.83
2017-01-02T12:00:00Z,0.0,-3.875,176.125,30.23,1.02
2017-01-02T12:00:00Z,0.0,-3.875,180.125,29.67,0.57
2017-01-02T12:00:00Z,0.0,-3.875,184.125,29.47,0.57
2017-01-02T12:00:00Z,0.0,-3.875,188.125,29.64,1.0
2017-01-02T12:00:00Z,0.0,-3.875,192.125,27.91,-0.48
2017-01-02T12:00:00Z,0.0,-3.875,196.125,28.12,0.01
2017-01-02T12:00:00Z,0.0,-3.875,200.125,27.2,-0.68
2017-01-02T12:00:00Z,0.0,-3.875,204.125,27.79,0.18
2017-01-02T12:00:00Z,0.0,-3.875,208.125,27.3,-0.05
2017-01-02T12:00:00Z,0.0,-3.875,212.125,26.76,-0.37
2017-01-02T12:00:00Z,0.0,-3.875,216.125,27.25,0.36
2017-01-02T12:00:00Z,0.0,-3.875,220.125,26.68,0.03
2017-01-02T12:00:00Z,0.0,-3.875,224.125,25.67,-0.72
2017-01-02T12:00:00Z,0.0,-3.875,228.125,26.32,0.19
2017-01-02T12:00:00Z,0.0,-3.875,232.125,25.89,0.07
2017-01-02T12:00:00Z,0.0,-3.875,236.125,25.11,-0.4
2017-01-02T12:00:00Z,0.0,-3.875,240.125,25.32,0.09
2017-01-02T12:00:00Z,0.0,-3.875,244.125,24.64,-0.29
2017-01-02T12:00:00Z,0.0,-3.875,248.125,23.57,-1.14
2017-01-02T12:00:00Z,0.0,-3.875,252.125,24.53,0.03
2017-01-02T12:00:00Z,0.0,-3.875,256.125,24.06,-0.31
2017-01-02T12:00:00Z,0.0,-3.875,260.125,24.12,-0.11
2017-01-02T12:00:00Z,0.0,-3.875,264.125,23.71,-0.5
2017-01-02T12:00:00Z,0.0,-3.875,268.125,24.47,0.15
2017-01-02T12:00:00Z,0.0,-3.875,272.125,24.76,0.43
2017-01-02T12:00:00Z,0.0,-3.875,276.125,23.18,0.22
2017-01-02T12:00:00Z,0.0,-3.875,280.125,NaN,NaN
2017-01-02T12:00:00Z,0.0,-3.875,284.125,NaN,NaN
2017-01-02T12:00:00Z,0.0,-3.875,288.125,NaN,NaN
2017-01-02T12:00:00Z,0.0,-3.875,292.125,NaN,NaN
2017-01-02T12:00:00Z,0.0,-3.875,296.125,NaN,NaN
2017-01-02T12:00:00Z,0.0,-3.875,300.125,NaN,NaN
2017-01-02T12:00:00Z,0.0,-3.875,304.125,NaN,NaN
2017-01-02T12:00:00Z,0.0,-3.875,308.125,NaN,NaN
2017-01-02T12:00:00Z,0.0,-3.875,312.125,NaN,NaN
2017-01-02T12:00:00Z,0.0,-3.875,316.125,NaN,NaN
2017-01-02T12:00:00Z,0.0,-3.875,320.125,NaN,NaN
2017-01-02T12:00:00Z,0.0,-3.875,324.125,27.69,0.29
2017-01-02T12:00:00Z,0.0,-3.875,328.125,27.84,0.59
2017-01-02T12:00:00Z,0.0,-3.875,332.125,27.38,0.39
2017-01-02T12:00:00Z,0.0,-3.875,336.125,27.24,0.51
2017-01-02T12:00:00Z,0.0,-3.875,340.125,26.59,0.13
2017-01-02T12:00:00Z,0.0,-3.875,344.125,26.53,0.28
2017-01-02T12:00:00Z,0.0,-3.875,348.125,26.78,0.65
2017-01-02T12:00:00Z,0.0,-3.875,352.125,26.71,0.57
2017-01-02T12:00:00Z,0.0,-3.875,356.125,26.95,0.7
2017-01-02T12:00:00Z,0.0,0.125,0.125,28.8,1.16
2017-01-02T12:00:00Z,0.0,0.125,4.125,29.28,1.39
2017-01-02T12:00:00Z,0.0,0.125,8.125,29.49,1.65
2017-01-02T12:00:00Z,0.0,0.125,12.125,NaN,NaN
2017-01-02T12:00:00Z,0.0,0.125,16.125,NaN,NaN
2017-01-02T12:00:00Z,0.0,0.125,20.125,NaN,NaN
2017-01-02T12:00:00Z,0.0,0.125,24.125,NaN,NaN
2017-01-02T12:00:00Z,0.0,0.125,28.125,NaN,NaN
2017-01-02T12:00:00Z,0.0,0.125,32.125,NaN,NaN
2017-01-02T12:00:00Z,0.0,0.125,36.125,NaN,NaN
2017-01-02T12:00:00Z,0.0,0.125,40.125,NaN,NaN
2017-01-02T12:00:00Z,0.0,0.125,44.125,27.25,0.53
2017-01-02T12:00:00Z,0.0,0.125,48.125,27.69,0.81
2017-01-02T12:00:00Z,0.0,0.125,52.125,27.61,0.39
2017-01-02T12:00:00Z,0.0,0.125,56.125,28.7,1.02
2017-01-02T12:00:00Z,0.0,0.125,60.125,29.37,1.31
2017-01-02T12:00:00Z,0.0,0.125,64.125,29.43,1.18
2017-01-02T12:00:00Z,0.0,0.125,68.125,28.84,0.52
2017-01-02T12:00:00Z,0.0,0.125,72.125,28.35,0.0
2017-01-02T12:00:00Z,0.0,0.125,76.125,28.25,-0.19
2017-01-02T12:00:00Z,0.0,0.125,80.125,28.32,-0.17
2017-01-02T12:00:00Z,0.0,0.125,84.125,28.34,-0.23
2017-01-02T12:00:00Z,0.0,0.125,88.125,28.9,0.26
2017-01-02T12:00:00Z,0.0,0.125,92.125,29.24,0.5
2017-01-02T12:00:00Z,0.0,0.125,96.125,28.98,0.14
2017-01-02T12:00:00Z,0.0,0.125,100.125,NaN,NaN
2017-01-02T12:00:00Z,0.0,0.125,104.125,29.23,1.23
2017-01-02T12:00:00Z,0.0,0.125,108.125,29.66,1.53
2017-01-02T12:00:00Z,0.0,0.125,112.125,NaN,NaN
2017-01-02T12:00:00Z,0.0,0.125,116.125,NaN,NaN
2017-01-02T12:00:00Z,0.0,0.125,120.125,28.43,-0.38
2017-01-02T12:00:00Z,0.0,0.125,124.125,29.64,0.77
2017-01-02T12:00:00Z,0.0,0.125,128.125,28.58,-0.22
2017-01-02T12:00:00Z,0.0,0.125,132.125,29.38,0.43
2017-01-02T12:00:00Z,0.0,0.125,136.125,29.58,0.57
2017-01-02T12:00:00Z,0.0,0.125,140.125,29.16,0.05
2017-01-02T12:00:00Z,0.0,0.125,144.125,29.94,0.68
2017-01-02T12:00:00Z,0.0,0.125,148.125,29.36,-0.07
2017-01-02T12:00:00Z,0.0,0.125,152.125,29.98,0.47
2017-01-02T12:00:00Z,0.0,0.125,156.125,30.4,0.93
2017-01-02T12:00:00Z,0.0,0.125,160.125,30.81,1.47
2017-01-02T12:00:00Z,0.0,0.125,164.125,30.19,1.04
2017-01-02T12:00:00Z,0.0,0.125,168.125,29.76,0.77
2017-01-02T12:00:00Z,0.0,0.125,172.125,29.34,0.6
2017-01-02T12:00:00Z,0.0,0.125,176.125,28.41,-0.11
2017-01-02T12:00:00Z,0.0,0.125,180.125,27.98,-0.33
2017-01-02T12:00:00Z,0.0,0.125,184.125,27.5,-0.59
2017-01-02T12:00:00Z,0.0,0.125,188.125,27.28,-0.46
2017-01-02T12:00:00Z,0.0,0.125,192.125,26.65,-0.76
2017-01-02T12:00:00Z,0.0,0.125,196.125,26.54,-0.54
2017-01-02T12:00:00Z,0.0,0.125,200.125,26.04,-0.73
2017-01-02T12:00:00Z,0.0,0.125,204.125,25.89,-0.67
2017-01-02T12:00:00Z,0.0,0.125,208.125,25.24,-1.04
2017-01-02T12:00:00Z,0.0,0.125,212.125,25.22,-0.82
2017-01-02T12:00:00Z,0.0,0.125,216.125,25.79,-0.03
2017-01-02T12:00:00Z,0.0,0.125,220.125,25.53,-0.02
2017-01-02T12:00:00Z,0.0,0.125,224.125,24.56,-0.78
2017-01-02T12:00:00Z,0.0,0.125,228.125,24.55,-0.53
2017-01-02T12:00:00Z,0.0,0.125,232.125,23.88,-0.93
2017-01-02T12:00:00Z,0.0,0.125,236.125,23.87,-0.71
2017-01-02T12:00:00Z,0.0,0.125,240.125,24.0,-0.31
2017-01-02T12:00:00Z,0.0,0.125,244.125,23.43,-0.58
2017-01-02T12:00:00Z,0.0,0.125,248.125,23.72,-0.09
2017-01-02T12:00:00Z,0.0,0.125,252.125,23.2,-0.45
2017-01-02T12:00:00Z,0.0,0.125,256.125,23.37,-0.32
2017-01-02T12:00:00Z,0.0,0.125,260.125,24.46,0.68
2017-01-02T12:00:00Z,0.0,0.125,264.125,22.59,-1.27
2017-01-02T12:00:00Z,0.0,0.125,268.125,20.91,-3.28
2017-01-02T12:00:00Z,0.0,0.125,272.125,24.75,-0.15
2017-01-02T12:00:00Z,0.0,0.125,276.125,24.86,0.06
2017-01-02T12:00:00Z,0.0,0.125,280.125,NaN,NaN
2017-01-02T12:00:00Z,0.0,0.125,284.125,NaN,NaN
2017-01-02T12:00:00Z,0.0,0.125,288.125,NaN,NaN
2017-01-02T12:00:00Z,0.0,0.125,292.125,NaN,NaN
2017-01-02T12:00:00Z,0.0,0.125,296.125,NaN,NaN
2017-01-02T12:00:00Z,0.0,0.125,300.125,NaN,NaN
2017-01-02T12:00:00Z,0.0,0.125,304.125,NaN,NaN
2017-01-02T12:00:00Z,0.0,0.125,308.125,NaN,NaN
2017-01-02T12:00:00Z,0.0,0.125,312.125,28.9,0.86
2017-01-02T12:00:00Z,0.0,0.125,316.125,28.37,0.81
2017-01-02T12:00:00Z,0.0,0.125,320.125,27.93,0.41
2017-01-02T12:00:00Z,0.0,0.125,324.125,27.92,0.52
2017-01-02T12:00:00Z,0.0,0.125,328.125,27.91,0.6
2017-01-02T12:00:00Z,0.0,0.125,332.125,27.57,0.46
2017-01-02T12:00:00Z,0.0,0.125,336.125,27.31,0.49
2017-01-02T12:00:00Z,0.0,0.125,340.125,27.37,0.8
2017-01-02T12:00:00Z,0.0,0.125,344.125,27.17,0.67
2017-01-02T12:00:00Z,0.0,0.125,348.125,27.83,1.19
2017-01-02T12:00:00Z,0.0,0.125,352.125,27.99,1.0
2017-01-02T12:00:00Z,0.0,0.125,356.125,28.95,1.57
2017-01-02T12:00:00Z,0.0,4.125,0.125,29.4,1.28
2017-01-02T12:00:00Z,0.0,4.125,4.125,29.2,0.94
2017-01-02T12:00:00Z,0.0,4.125,8.125,29.22,1.13
2017-01-02T12:00:00Z,0.0,4.125,12.125,NaN,NaN
2017-01-02T12:00:00Z,0.0,4.125,16.125,NaN,NaN
2017-01-02T12:00:00Z,0.0,4.125,20.125,NaN,NaN
2017-01-02T12:00:00Z,0.0,4.125,24.125,NaN,NaN
2017-01-02T12:00:00Z,0.0,4.125,28.125,NaN,NaN
2017-01-02T12:00:00Z,0.0,4.125,32.125,NaN,NaN
2017-01-02T12:00:00Z,0.0,4.125,36.125,NaN,NaN
2017-01-02T12:00:00Z,0.0,4.125,40.125,NaN,NaN
2017-01-02T12:00:00Z,0.0,4.125,44.125,NaN,NaN
2017-01-02T12:00:00Z,0.0,4.125,48.125,27.11,0.39
2017-01-02T12:00:00Z,0.0,4.125,52.125,26.21,-0.59
2017-01-02T12:00:00Z,0.0,4.125,56.125,27.31,-0.03
2017-01-02T12:00:00Z,0.0,4.125,60.125,27.43,-0.39
2017-01-02T12:00:00Z,0.0,4.125,64.125,27.93,-0.29
2017-01-02T12:00:00Z,0.0,4.125,68.125,28.47,0.12
2017-01-02T12:00:00Z,0.0,4.125,72.125,27.95,-0.21
2017-01-02T12:00:00Z,0.0,4.125,76.125,28.17,0.05
2017-01-02T12:00:00Z,0.0,4.125,80.125,28.81,0.64
2017-01-02T12:00:00Z,0.0,4.125,84.125,28.41,0.05
2017-01-02T12:00:00Z,0.0,4.125,88.125,28.16,-0.24
2017-01-02T12:00:00Z,0.0,4.125,92.125,28.73,0.25
2017-01-02T12:00:00Z,0.0,4.125,96.125,28.54,-0.15
2017-01-02T12:00:00Z,0.0,4.125,100.125,29.31,0.79
2017-01-02T12:00:00Z,0.0,4.125,104.125,28.06,0.9
2017-01-02T12:00:00Z,0.0,4.125,108.125,27.1,0.1
2017-01-02T12:00:00Z,0.0,4.125,112.125,28.7,0.9
2017-01-02T12:00:00Z,0.0,4.125,116.125,NaN,NaN
2017-01-02T12:00:00Z,0.0,4.125,120.125,28.74,0.27
2017-01-02T12:00:00Z,0.0,4.125,124.125,28.81,0.34
2017-01-02T12:00:00Z,0.0,4.125,128.125,27.82,-0.53
2017-01-02T12:00:00Z,0.0,4.125,132.125,28.82,0.22
2017-01-02T12:00:00Z,0.0,4.125,136.125,29.83,1.06
2017-01-02T12:00:00Z,0.0,4.125,140.125,29.62,0.69
2017-01-02T12:00:00Z,0.0,4.125,144.125,29.87,0.77
2017-01-02T12:00:00Z,0.0,4.125,148.125,29.95,0.77
2017-01-02T12:00:00Z,0.0,4.125,152.125,30.22,1.05
2017-01-02T12:00:00Z,0.0,4.125,156.125,29.61,0.5
2017-01-02T12:00:00Z,0.0,4.125,160.125,29.21,0.17
2017-01-02T12:00:00Z,0.0,4.125,164.125,28.96,0.02
2017-01-02T12:00:00Z,0.0,4.125,168.125,29.39,0.53
2017-01-02T12:00:00Z,0.0,4.125,172.125,29.18,0.47
2017-01-02T12:00:00Z,0.0,4.125,176.125,28.86,0.29
2017-01-02T12:00:00Z,0.0,4.125,180.125,29.22,0.7
2017-01-02T12:00:00Z,0.0,4.125,184.125,27.81,-0.56
2017-01-02T12:00:00Z,0.0,4.125,188.125,28.54,0.36
2017-01-02T12:00:00Z,0.0,4.125,192.125,28.15,0.16
2017-01-02T12:00:00Z,0.0,4.125,196.125,27.58,-0.18
2017-01-02T12:00:00Z,0.0,4.125,200.125,26.99,-0.54
2017-01-02T12:00:00Z,0.0,4.125,204.125,27.48,0.16
2017-01-02T12:00:00Z,0.0,4.125,208.125,26.31,-0.79
2017-01-02T12:00:00Z,0.0,4.125,212.125,26.36,-0.59
2017-01-02T12:00:00Z,0.0,4.125,216.125,26.73,-0.13
2017-01-02T12:00:00Z,0.0,4.125,220.125,26.74,0.01
2017-01-02T12:00:00Z,0.0,4.125,224.125,26.07,-0.63
2017-01-02T12:00:00Z,0.0,4.125,228.125,26.43,-0.16
2017-01-02T12:00:00Z,0.0,4.125,232.125,26.1,-0.47
2017-01-02T12:00:00Z,0.0,4.125,236.125,25.57,-0.89
2017-01-02T12:00:00Z,0.0,4.125,240.125,25.9,-0.52
2017-01-02T12:00:00Z,0.0,4.125,244.125,26.14,-0.14
2017-01-02T12:00:00Z,0.0,4.125,248.125,25.04,-1.23
2017-01-02T12:00:00Z,0.0,4.125,252.125,25.05,-1.33
2017-01-02T12:00:00Z,0.0,4.125,256.125,24.82,-1.7
2017-01-02T12:00:00Z,0.0,4.125,260.125,25.65,-1.0
2017-01-02T12:00:00Z,0.0,4.125,264.125,26.11,-0.69
2017-01-02T12:00:00Z,0.0,4.125,268.125,27.07,0.03
2017-01-02T12:00:00Z,0.0,4.125,272.125,26.9,-0.41
2017-01-02T12:00:00Z,0.0,4.125,276.125,26.98,-0.47
2017-01-02T12:00:00Z,0.0,4.125,280.125,26.78,0.0
2017-01-02T12:00:00Z,0.0,4.125,284.125,NaN,NaN
2017-01-02T12:00:00Z,0.0,4.125,288.125,NaN,NaN
2017-01-02T12:00:00Z,0.0,4.125,292.125,NaN,NaN
2017-01-02T12:00:00Z,0.0,4.125,296.125,NaN,NaN
2017-01-02T12:00:00Z,0.0,4.125,300.125,NaN,NaN
2017-01-02T12:00:00Z,0.0,4.125,304.125,NaN,NaN
2017-01-02T12:00:00Z,0.0,4.125,308.125,NaN,NaN
2017-01-02T12:00:00Z,0.0,4.125,312.125,27.77,0.39
2017-01-02T12:00:00Z,0.0,4.125,316.125,27.43,-0.07
2017-01-02T12:00:00Z,0.0,4.125,320.125,28.06,0.53
2017-01-02T12:00:00Z,0.0,4.125,324.125,28.23,0.68
2017-01-02T12:00:00Z,0.0,4.125,328.125,28.01,0.5
2017-01-02T12:00:00Z,0.0,4.125,332.125,27.7,0.21
2017-01-02T12:00:00Z,0.0,4.125,336.125,28.46,0.9
2017-01-02T12:00:00Z,0.0,4.125,340.125,29.23,1.43
2017-01-02T12:00:00Z,0.0,4.125,344.125,29.67,1.47
2017-01-02T12:00:00Z,0.0,4.125,348.125,29.76,1.4
2017-01-02T12:00:00Z,0.0,4.125,352.125,29.44,1.23
2017-01-02T12:00:00Z,0.0,4.125,356.125,29.2,1.07
2017-01-02T12:00:00Z,0.0,8.125,0.125,NaN,NaN
2017-01-02T12:00:00Z,0.0,8.125,4.125,NaN,NaN
2017-01-02T12:00:00Z,0.0,8.125,8.125,NaN,NaN
2017-01-02T12:00:00Z,0.0,8.125,12.125,NaN,NaN
2017-01-02T12:00:00Z,0.0,8.125,16.125,NaN,NaN
2017-01-02T12:00:00Z,0.0,8.125,20.125,NaN,NaN
2017-01-02T12:00:00Z,0.0,8.125,24.125,NaN,NaN
2017-01-02T12:00:00Z,0.0,8.125,28.125,NaN,NaN
2017-01-02T12:00:00Z,0.0,8.125,32.125,NaN,NaN
2017-01-02T12:00:00Z,0.0,8.125,36.125,NaN,NaN
2017-01-02T12:00:00Z,0.0,8.125,40.125,NaN,NaN
2017-01-02T12:00:00Z,0.0,8.125,44.125,NaN,NaN
2017-01-02T12:00:00Z,0.0,8.125,48.125,NaN,NaN
2017-01-02T12:00:00Z,0.0,8.125,52.125,26.57,0.01
2017-01-02T12:00:00Z,0.0,8.125,56.125,27.6,0.55
2017-01-02T12:00:00Z,0.0,8.125,60.125,28.2,0.69
2017-01-02T12:00:00Z,0.0,8.125,64.125,28.54,0.6
2017-01-02T12:00:00Z,0.0,8.125,68.125,28.38,0.11
2017-01-02T12:00:00Z,0.0,8.125,72.125,28.37,0.06
2017-01-02T12:00:00Z,0.0,8.125,76.125,28.79,0.71
2017-01-02T12:00:00Z,0.0,8.125,80.125,NaN,NaN
2017-01-02T12:00:00Z,0.0,8.125,84.125,27.7,-0.02
2017-01-02T12:00:00Z,0.0,8.125,88.125,28.41,0.47
2017-01-02T12:00:00Z,0.0,8.125,92.125,28.09,0.14
2017-01-02T12:00:00Z,0.0,8.125,96.125,28.72,0.63
2017-01-02T12:00:00Z,0.0,8.125,100.125,NaN,NaN
2017-01-02T12:00:00Z,0.0,8.125,104.125,27.14,0.18
2017-01-02T12:00:00Z,0.0,8.125,108.125,26.31,0.4
2017-01-02T12:00:00Z,0.0,8.125,112.125,27.92,0.61
2017-01-02T12:00:00Z,0.0,8.125,116.125,27.98,0.01
2017-01-02T12:00:00Z,0.0,8.125,120.125,28.49,0.64
2017-01-02T12:00:00Z,0.0,8.125,124.125,NaN,NaN
2017-01-02T12:00:00Z,0.0,8.125,128.125,28.38,0.05
2017-01-02T12:00:00Z,0.0,8.125,132.125,28.82,0.29
2017-01-02T12:00:00Z,0.0,8.125,136.125,29.12,0.56
2017-01-02T12:00:00Z,0.0,8.125,140.125,28.85,0.27
2017-01-02T12:00:00Z,0.0,8.125,144.125,29.31,0.69
2017-01-02T12:00:00Z,0.0,8.125,148.125,29.57,0.96
2017-01-02T12:00:00Z,0.0,8.125,152.125,28.87,0.28
2017-01-02T12:00:00Z,0.0,8.125,156.125,29.12,0.61
2017-01-02T12:00:00Z,0.0,8.125,160.125,28.81,0.41
2017-01-02T12:00:00Z,0.0,8.125,164.125,28.63,0.29
2017-01-02T12:00:00Z,0.0,8.125,168.125,28.74,0.57
2017-01-02T12:00:00Z,0.0,8.125,172.125,28.62,0.57
2017-01-02T12:00:00Z,0.0,8.125,176.125,28.98,0.92
2017-01-02T12:00:00Z,0.0,8.125,180.125,28.28,0.25
2017-01-02T12:00:00Z,0.0,8.125,184.125,27.98,0.01
2017-01-02T12:00:00Z,0.0,8.125,188.125,27.99,0.07
2017-01-02T12:00:00Z,0.0,8.125,192.125,28.38,0.62
2017-01-02T12:00:00Z,0.0,8.125,196.125,28.09,0.34
2017-01-02T12:00:00Z,0.0,8.125,200.125,27.79,0.13
2017-01-02T12:00:00Z,0.0,8.125,204.125,28.1,0.56
2017-01-02T12:00:00Z,0.0,8.125,208.125,27.95,0.54
2017-01-02T12:00:00Z,0.0,8.125,212.125,27.74,0.45
2017-01-02T12:00:00Z,0.0,8.125,216.125,27.65,0.35
2017-01-02T12:00:00Z,0.0,8.125,220.125,27.21,0.02
2017-01-02T12:00:00Z,0.0,8.125,224.125,27.4,0.26
2017-01-02T12:00:00Z,0.0,8.125,228.125,26.67,-0.39
2017-01-02T12:00:00Z,0.0,8.125,232.125,26.71,-0.41
2017-01-02T12:00:00Z,0.0,8.125,236.125,27.05,-0.12
2017-01-02T12:00:00Z,0.0,8.125,240.125,27.28,-0.05
2017-01-02T12:00:00Z,0.0,8.125,244.125,27.49,0.08
2017-01-02T12:00:00Z,0.0,8.125,248.125,27.51,0.11
2017-01-02T12:00:00Z,0.0,8.125,252.125,27.48,0.15
2017-01-02T12:00:00Z,0.0,8.125,256.125,27.41,0.2
2017-01-02T12:00:00Z,0.0,8.125,260.125,27.17,0.11
2017-01-02T12:00:00Z,0.0,8.125,264.125,26.8,-0.25
2017-01-02T12:00:00Z,0.0,8.125,268.125,25.43,-0.99
2017-01-02T12:00:00Z,0.0,8.125,272.125,28.01,1.21
2017-01-02T12:00:00Z,0.0,8.125,276.125,28.6,0.31
2017-01-02T12:00:00Z,0.0,8.125,280.125,27.99,0.67
2017-01-02T12:00:00Z,0.0,8.125,284.125,NaN,NaN
2017-01-02T12:00:00Z,0.0,8.125,288.125,NaN,NaN
2017-01-02T12:00:00Z,0.0,8.125,292.125,NaN,NaN
2017-01-02T12:00:00Z,0.0,8.125,296.125,NaN,NaN
2017-01-02T12:00:00Z,0.0,8.125,300.125,NaN,NaN
2017-01-02T12:00:00Z,0.0,8.125,304.125,27.15,0.13
2017-01-02T12:00:00Z,0.0,8.125,308.125,27.57,0.42
2017-01-02T12:00:00Z,0.0,8.125,312.125,27.23,0.28
2017-01-02T12:00:00Z,0.0,8.125,316.125,26.3,-0.4
2017-01-02T12:00:00Z,0.0,8.125,320.125,26.3,-0.2
2017-01-02T12:00:00Z,0.0,8.125,324.125,26.77,0.15
2017-01-02T12:00:00Z,0.0,8.125,328.125,25.77,-0.95
2017-01-02T12:00:00Z,0.0,8.125,332.125,26.54,-0.02
2017-01-02T12:00:00Z,0.0,8.125,336.125,26.35,-0.21
2017-01-02T12:00:00Z,0.0,8.125,340.125,28.46,1.28
2017-01-02T12:00:00Z,0.0,8.125,344.125,29.15,1.28
2017-01-02T12:00:00Z,0.0,8.125,348.125,NaN,NaN
2017-01-02T12:00:00Z,0.0,8.125,352.125,NaN,NaN
2017-01-02T12:00:00Z,0.0,8.125,356.125,NaN,NaN
2017-01-02T12:00:00Z,0.0,12.125,0.125,NaN,NaN
2017-01-02T12:00:00Z,0.0,12.125,4.125,NaN,NaN
2017-01-02T12:00:00Z,0.0,12.125,8.125,NaN,NaN
2017-01-02T12:00:00Z,0.0,12.125,12.125,NaN,NaN
2017-01-02T12:00:00Z,0.0,12.125,16.125,NaN,NaN
2017-01-02T12:00:00Z,0.0,12.125,20.125,NaN,NaN
2017-01-02T12:00:00Z,0.0,12.125,24.125,NaN,NaN
2017-01-02T12:00:00Z,0.0,12.125,28.125,NaN,NaN
2017-01-02T12:00:00Z,0.0,12.125,32.125,NaN,NaN
2017-01-02T12:00:00Z,0.0,12.125,36.125,NaN,NaN
2017-01-02T12:00:00Z,0.0,12.125,40.125,NaN,NaN
2017-01-02T12:00:00Z,0.0,12.125,44.125,27.15,0.89
2017-01-02T12:00:00Z,0.0,12.125,48.125,26.8,0.98
2017-01-02T12:00:00Z,0.0,12.125,52.125,26.21,0.18
2017-01-02T12:00:00Z,0.0,12.125,56.125,26.47,0.29
2017-01-02T12:00:00Z,0.0,12.125,60.125,27.1,0.67
2017-01-02T12:00:00Z,0.0,12.125,64.125,27.77,0.93
2017-01-02T12:00:00Z,0.0,12.125,68.125,27.97,0.38
2017-01-02T12:00:00Z,0.0,12.125,72.125,28.52,0.34
2017-01-02T12:00:00Z,0.0,12.125,76.125,NaN,NaN
2017-01-02T12:00:00Z,0.0,12.125,80.125,27.32,0.28
2017-01-02T12:00:00Z,0.0,12.125,84.125,27.83,0.64
2017-01-02T12:00:00Z,0.0,12.125,88.125,28.02,0.58
2017-01-02T12:00:00Z,0.0,12.125,92.125,28.7,1.06
2017-01-02T12:00:00Z,0.0,12.125,96.125,28.73,0.88
2017-01-02T12:00:00Z,0.0,12.125,100.125,27.81,0.05
2017-01-02T12:00:00Z,0.0,12.125,104.125,NaN,NaN
2017-01-02T12:00:00Z,0.0,12.125,108.125,NaN,NaN
2017-01-02T12:00:00Z,0.0,12.125,112.125,26.67,0.11
2017-01-02T12:00:00Z,0.0,12.125,116.125,27.82,0.29
2017-01-02T12:00:00Z,0.0,12.125,120.125,28.83,1.3
2017-01-02T12:00:00Z,0.0,12.125,124.125,26.45,-0.81
2017-01-02T12:00:00Z,0.0,12.125,128.125,27.96,-0.04
2017-01-02T12:00:00Z,0.0,12.125,132.125,28.36,0.24
2017-01-02T12:00:00Z,0.0,12.125,136.125,28.44,0.28
2017-01-02T12:00:00Z,0.0,12.125,140.125,28.41,0.25
2017-01-02T12:00:00Z,0.0,12.125,144.125,28.44,0.32
2017-01-02T12:00:00Z,0.0,12.125,148.125,28.41,0.33
2017-01-02T12:00:00Z,0.0,12.125,152.125,28.45,0.46
2017-01-02T12:00:00Z,0.0,12.125,156.125,28.29,0.44
2017-01-02T12:00:00Z,0.0,12.125,160.125,27.96,0.23
2017-01-02T12:00:00Z,0.0,12.125,164.125,27.65,0.08
2017-01-02T12:00:00Z,0.0,12.125,168.125,27.6,0.19
2017-01-02T12:00:00Z,0.0,12.125,172.125,27.39,0.06
2017-01-02T12:00:00Z,0.0,12.125,176.125,27.09,-0.1
2017-01-02T12:00:00Z,0.0,12.125,180.125,27.45,0.43
2017-01-02T12:00:00Z,0.0,12.125,184.125,27.44,0.54
2017-01-02T12:00:00Z,0.0,12.125,188.125,27.23,0.46
2017-01-02T12:00:00Z,0.0,12.125,192.125,26.99,0.4
2017-01-02T12:00:00Z,0.0,12.125,196.125,26.89,0.37
2017-01-02T12:00:00Z,0.0,12.125,200.125,26.42,0.02
2017-01-02T12:00:00Z,0.0,12.125,204.125,26.38,0.18
2017-01-02T12:00:00Z,0.0,12.125,208.125,26.45,0.43
2017-01-02T12:00:00Z,0.0,12.125,212.125,25.93,0.17
2017-01-02T12:00:00Z,0.0,12.125,216.125,25.57,-0.01
2017-01-02T12:00:00Z,0.0,12.125,220.125,25.82,0.29
2017-01-02T12:00:00Z,0.0,12.125,224.125,25.41,-0.08
2017-01-02T12:00:00Z,0.0,12.125,228.125,26.02,0.51
2017-01-02T12:00:00Z,0.0,12.125,232.125,26.1,0.38
2017-01-02T12:00:00Z,0.0,12.125,236.125,26.35,0.29
2017-01-02T12:00:00Z,0.0,12.125,240.125,27.0,0.4
2017-01-02T12:00:00Z,0.0,12.125,244.125,27.68,0.62
2017-01-02T12:00:00Z,0.0,12.125,248.125,28.12,0.7
2017-01-02T12:00:00Z,0.0,12.125,252.125,28.64,0.88
2017-01-02T12:00:00Z,0.0,12.125,256.125,28.01,-0.01
2017-01-02T12:00:00Z,0.0,12.125,260.125,28.47,0.53
2017-01-02T12:00:00Z,0.0,12.125,264.125,26.65,-0.32
2017-01-02T12:00:00Z,0.0,12.125,268.125,28.36,0.28
2017-01-02T12:00:00Z,0.0,12.125,272.125,27.95,0.7
2017-01-02T12:00:00Z,0.0,12.125,276.125,NaN,NaN
2017-01-02T12:00:00Z,0.0,12.125,280.125,27.66,0.35
2017-01-02T12:00:00Z,0.0,12.125,284.125,27.05,0.19
2017-01-02T12:00:00Z,0.0,12.125,288.125,NaN,NaN
2017-01-02T12:00:00Z,0.0,12.125,292.125,27.34,0.52
2017-01-02T12:00:00Z,0.0,12.125,296.125,27.5,0.74
2017-01-02T12:00:00Z,0.0,12.125,300.125,27.51,0.36
2017-01-02T12:00:00Z,0.0,12.125,304.125,27.41,0.36
2017-01-02T12:00:00Z,0.0,12.125,308.125,27.16,0.3
2017-01-02T12:00:00Z,0.0,12.125,312.125,26.85,0.27
2017-01-02T12:00:00Z,0.0,12.125,316.125,26.23,0.02
2017-01-02T12:00:00Z,0.0,12.125,320.125,25.81,-0.16
2017-01-02T12:00:00Z,0.0,12.125,324.125,25.52,-0.2
2017-01-02T12:00:00Z,0.0,12.125,328.125,25.32,-0.15
2017-01-02T12:00:00Z,0.0,12.125,332.125,25.71,0.46
2017-01-02T12:00:00Z,0.0,12.125,336.125,25.34,0.34
2017-01-02T12:00:00Z,0.0,12.125,340.125,25.66,0.6
2017-01-02T12:00:00Z,0.0,12.125,344.125,NaN,NaN
2017-01-02T12:00:00Z,0.0,12.125,348.125,NaN,NaN
2017-01-02T12:00:00Z,0.0,12.125,352.125,NaN,NaN
2017-01-02T12:00:00Z,0.0,12.125,356.125,NaN,NaN
2017-01-02T12:00:00Z,0.0,16.125,0.125,NaN,NaN
2017-01-02T12:00:00Z,0.0,16.125,4.125,NaN,NaN
2017-01-02T12:00:00Z,0.0,16.125,8.125,NaN,NaN
2017-01-02T12:00:00Z,0.0,16.125,12.125,NaN,NaN
2017-01-02T12:00:00Z,0.0,16.125,16.125,NaN,NaN
2017-01-02T12:00:00Z,0.0,16.125,20.125,NaN,NaN
2017-01-02T12:00:00Z,0.0,16.125,24.125,NaN,NaN
2017-01-02T12:00:00Z,0.0,16.125,28.125,NaN,NaN
2017-01-02T12:00:00Z,0.0,16.125,32.125,NaN,NaN
2017-01-02T12:00:00Z,0.0,16.125,36.125,NaN,NaN
2017-01-02T12:00:00Z,0.0,16.125,40.125,27.87,1.15
2017-01-02T12:00:00Z,0.0,16.125,44.125,NaN,NaN
2017-01-02T12:00:00Z,0.0,16.125,48.125,NaN,NaN
2017-01-02T12:00:00Z,0.0,16.125,52.125,NaN,NaN
2017-01-02T12:00:00Z,0.0,16.125,56.125,26.14,0.71
2017-01-02T12:00:00Z,0.0,16.125,60.125,26.18,0.53
2017-01-02T12:00:00Z,0.0,16.125,64.125,26.32,0.42
2017-01-02T12:00:00Z,0.0,16.125,68.125,26.96,0.1
2017-01-02T12:00:00Z,0.0,16.125,72.125,28.32,0.62
2017-01-02T12:00:00Z,0.0,16.125,76.125,NaN,NaN
2017-01-02T12:00:00Z,0.0,16.125,80.125,NaN,NaN
2017-01-02T12:00:00Z,0.0,16.125,84.125,26.5,-0.01
2017-01-02T12:00:00Z,0.0,16.125,88.125,26.73,0.01
2017-01-02T12:00:00Z,0.0,16.125,92.125,27.33,0.72
2017-01-02T12:00:00Z,0.0,16.125,96.125,27.89,0.78
2017-01-02T12:00:00Z,0.0,16.125,100.125,NaN,NaN
2017-01-02T12:00:00Z,0.0,16.125,104.125,NaN,NaN
2017-01-02T12:00:00Z,0.0,16.125,108.125,NaN,NaN
2017-01-02T12:00:00Z,0.0,16.125,112.125,25.53,0.37
2017-01-02T12:00:00Z,0.0,16.125,116.125,25.71,0.17
2017-01-02T12:00:00Z,0.0,16.125,120.125,28.23,1.62
2017-01-02T12:00:00Z,0.0,16.125,124.125,27.64,0.73
2017-01-02T12:00:00Z,0.0,16.125,128.125,27.49,0.29
2017-01-02T12:00:00Z,0.0,16.125,132.125,27.8,0.4
2017-01-02T12:00:00Z,0.0,16.125,136.125,27.52,-0.06
2017-01-02T12:00:00Z,0.0,16.125,140.125,27.47,-0.22
2017-01-02T12:00:00Z,0.0,16.125,144.125,28.12,0.34
2017-01-02T12:00:00Z,0.0,16.125,148.125,28.28,0.5
2017-01-02T12:00:00Z,0.0,16.125,152.125,28.12,0.43
2017-01-02T12:00:00Z,0.0,16.125,156.125,27.92,0.38
2017-01-02T12:00:00Z,0.0,16.125,160.125,27.42,0.05
2017-01-02T12:00:00Z,0.0,16.125,164.125,27.14,-0.06
2017-01-02T12:00:00Z,0.0,16.125,168.125,27.25,0.24
2017-01-02T12:00:00Z,0.0,16.125,172.125,27.29,0.45
2017-01-02T12:00:00Z,0.0,16.125,176.125,27.0,0.31
2017-01-02T12:00:00Z,0.0,16.125,180.125,26.84,0.32
2017-01-02T12:00:00Z,0.0,16.125,184.125,26.54,0.16
2017-01-02T12:00:00Z,0.0,16.125,188.125,26.61,0.39
2017-01-02T12:00:00Z,0.0,16.125,192.125,26.3,0.25
2017-01-02T12:00:00Z,0.0,16.125,196.125,25.86,0.06
2017-01-02T12:00:00Z,0.0,16.125,200.125,25.6,0.07
2017-01-02T12:00:00Z,0.0,16.125,204.125,25.55,0.19
2017-01-02T12:00:00Z,0.0,16.125,208.125,25.32,0.12
2017-01-02T12:00:00Z,0.0,16.125,212.125,24.89,-0.03
2017-01-02T12:00:00Z,0.0,16.125,216.125,24.9,0.11
2017-01-02T12:00:00Z,0.0,16.125,220.125,25.0,0.4
2017-01-02T12:00:00Z,0.0,16.125,224.125,25.04,0.54
2017-01-02T12:00:00Z,0.0,16.125,228.125,24.5,0.01
2017-01-02T12:00:00Z,0.0,16.125,232.125,24.89,0.33
2017-01-02T12:00:00Z,0.0,16.125,236.125,25.53,0.7
2017-01-02T12:00:00Z,0.0,16.125,240.125,25.43,0.16
2017-01-02T12:00:00Z,0.0,16.125,244.125,26.15,0.23
2017-01-02T12:00:00Z,0.0,16.125,248.125,27.17,0.71
2017-01-02T12:00:00Z,0.0,16.125,252.125,28.7,1.58
2017-01-02T12:00:00Z,0.0,16.125,256.125,29.04,1.08
2017-01-02T12:00:00Z,0.0,16.125,260.125,29.59,0.99
2017-01-02T12:00:00Z,0.0,16.125,264.125,NaN,NaN
2017-01-02T12:00:00Z,0.0,16.125,268.125,NaN,NaN
2017-01-02T12:00:00Z,0.0,16.125,272.125,27.13,-0.2
2017-01-02T12:00:00Z,0.0,16.125,276.125,27.37,0.21
2017-01-02T12:00:00Z,0.0,16.125,280.125,27.9,0.41
2017-01-02T12:00:00Z,0.0,16.125,284.125,27.68,0.37
2017-01-02T12:00:00Z,0.0,16.125,288.125,27.77,0.59
2017-01-02T12:00:00Z,0.0,16.125,292.125,27.71,0.61
2017-01-02T12:00:00Z,0.0,16.125,296.125,27.59,0.6
2017-01-02T12:00:00Z,0.0,16.125,300.125,27.17,0.45
2017-01-02T12:00:00Z,0.0,16.125,304.125,26.8,0.41
2017-01-02T12:00:00Z,0.0,16.125,308.125,26.48,0.3
2017-01-02T12:00:00Z,0.0,16.125,312.125,26.33,0.4
2017-01-02T12:00:00Z,0.0,16.125,316.125,25.7,0.03
2017-01-02T12:00:00Z,0.0,16.125,320.125,25.28,-0.06
2017-01-02T12:00:00Z,0.0,16.125,324.125,25.24,0.29
2017-01-02T12:00:00Z,0.0,16.125,328.125,24.95,0.47
2017-01-02T12:00:00Z,0.0,16.125,332.125,24.38,0.33
2017-01-02T12:00:00Z,0.0,16.125,336.125,24.34,0.9
2017-01-02T12:00:00Z,0.0,16.125,340.125,23.72,0.83
2017-01-02T12:00:00Z,0.0,16.125,344.125,NaN,NaN
2017-01-02T12:00:00Z,0.0,16.125,348.125,NaN,NaN
2017-01-02T12:00:00Z,0.0,16.125,352.125,NaN,NaN
2017-01-02T12:00:00Z,0.0,16.125,356.125,NaN,NaN
2017-01-02T12:00:00Z,0.0,20.125,0.125,NaN,NaN
2017-01-02T12:00:00Z,0.0,20.125,4.125,NaN,NaN
2017-01-02T12:00:00Z,0.0,20.125,8.125,NaN,NaN
2017-01-02T12:00:00Z,0.0,20.125,12.125,NaN,NaN
2017-01-02T12:00:00Z,0.0,20.125,16.125,NaN,NaN
2017-01-02T12:00:00Z,0.0,20.125,20.125,NaN,NaN
2017-01-02T12:00:00Z,0.0,20.125,24.125,NaN,NaN
2017-01-02T12:00:00Z,0.0,20.125,28.125,NaN,NaN
2017-01-02T12:00:00Z,0.0,20.125,32.125,NaN,NaN
2017-01-02T12:00:00Z,0.0,20.125,36.125,NaN,NaN
2017-01-02T12:00:00Z,0.0,20.125,40.125,28.91,1.51
2017-01-02T12:00:00Z,0.0,20.125,44.125,NaN,NaN
2017-01-02T12:00:00Z,0.0,20.125,48.125,NaN,NaN
2017-01-02T12:00:00Z,0.0,20.125,52.125,NaN,NaN
2017-01-02T12:00:00Z,0.0,20.125,56.125,NaN,NaN
2017-01-02T12:00:00Z,0.0,20.125,60.125,26.03,0.95
2017-01-02T12:00:00Z,0.0,20.125,64.125,25.68,0.45
2017-01-02T12:00:00Z,0.0,20.125,68.125,26.13,0.36
2017-01-02T12:00:00Z,0.0,20.125,72.125,24.89,-0.72
2017-01-02T12:00:00Z,0.0,20.125,76.125,NaN,NaN
2017-01-02T12:00:00Z,0.0,20.125,80.125,NaN,NaN
2017-01-02T12:00:00Z,0.0,20.125,84.125,NaN,NaN
2017-01-02T12:00:00Z,0.0,20.125,88.125,26.62,1.24
2017-01-02T12:00:00Z,0.0,20.125,92.125,27.32,1.93
2017-01-02T12:00:00Z,0.0,20.125,96.125,NaN,NaN
2017-01-02T12:00:00Z,0.0,20.125,100.125,NaN,NaN
2017-01-02T12:00:00Z,0.0,20.125,104.125,NaN,NaN
2017-01-02T12:00:00Z,0.0,20.125,108.125,23.0,0.77
2017-01-02T12:00:00Z,0.0,20.125,112.125,24.69,2.12
2017-01-02T12:00:00Z,0.0,20.125,116.125,24.88,1.41
2017-01-02T12:00:00Z,0.0,20.125,120.125,25.73,0.65
2017-01-02T12:00:00Z,0.0,20.125,124.125,25.54,0.2
2017-01-02T12:00:00Z,0.0,20.125,128.125,26.51,1.0
2017-01-02T12:00:00Z,0.0,20.125,132.125,26.05,0.14
2017-01-02T12:00:00Z,0.0,20.125,136.125,26.82,0.57
2017-01-02T12:00:00Z,0.0,20.125,140.125,27.3,0.69
2017-01-02T12:00:00Z,0.0,20.125,144.125,27.45,0.64
2017-01-02T12:00:00Z,0.0,20.125,148.125,27.39,0.49
2017-01-02T12:00:00Z,0.0,20.125,152.125,27.02,0.11
2017-01-02T12:00:00Z,0.0,20.125,156.125,27.18,0.36
2017-01-02T12:00:00Z,0.0,20.125,160.125,27.0,0.34
2017-01-02T12:00:00Z,0.0,20.125,164.125,26.67,0.2
2017-01-02T12:00:00Z,0.0,20.125,168.125,26.63,0.38
2017-01-02T12:00:00Z,0.0,20.125,172.125,26.9,0.76
2017-01-02T12:00:00Z,0.0,20.125,176.125,26.34,0.38
2017-01-02T12:00:00Z,0.0,20.125,180.125,26.1,0.31
2017-01-02T12:00:00Z,0.0,20.125,184.125,26.73,1.11
2017-01-02T12:00:00Z,0.0,20.125,188.125,25.59,0.1
2017-01-02T12:00:00Z,0.0,20.125,192.125,26.13,0.82
2017-01-02T12:00:00Z,0.0,20.125,196.125,25.32,0.05
2017-01-02T12:00:00Z,0.0,20.125,200.125,25.16,0.03
2017-01-02T12:00:00Z,0.0,20.125,204.125,24.96,0.23
2017-01-02T12:00:00Z,0.0,20.125,208.125,24.68,0.38
2017-01-02T12:00:00Z,0.0,20.125,212.125,24.53,0.65
2017-01-02T12:00:00Z,0.0,20.125,216.125,23.54,-0.02
2017-01-02T12:00:00Z,0.0,20.125,220.125,23.8,0.51
2017-01-02T12:00:00Z,0.0,20.125,224.125,23.46,0.6
2017-01-02T12:00:00Z,0.0,20.125,228.125,23.39,0.81
2017-01-02T12:00:00Z,0.0,20.125,232.125,22.72,0.31
2017-01-02T12:00:00Z,0.0,20.125,236.125,22.31,-0.09
2017-01-02T12:00:00Z,0.0,20.125,240.125,23.16,0.62
2017-01-02T12:00:00Z,0.0,20.125,244.125,23.89,0.47
2017-01-02T12:00:00Z,0.0,20.125,248.125,24.76,0.21
2017-01-02T12:00:00Z,0.0,20.125,252.125,25.97,0.75
2017-01-02T12:00:00Z,0.0,20.125,256.125,NaN,NaN
2017-01-02T12:00:00Z,0.0,20.125,260.125,NaN,NaN
2017-01-02T12:00:00Z,0.0,20.125,264.125,26.4,2.27
2017-01-02T12:00:00Z,0.0,20.125,268.125,26.82,1.87
2017-01-02T12:00:00Z,0.0,20.125,272.125,NaN,NaN
2017-01-02T12:00:00Z,0.0,20.125,276.125,27.78,0.58
2017-01-02T12:00:00Z,0.0,20.125,280.125,27.78,0.75
2017-01-02T12:00:00Z,0.0,20.125,284.125,NaN,NaN
2017-01-02T12:00:00Z,0.0,20.125,288.125,27.29,0.46
2017-01-02T12:00:00Z,0.0,20.125,292.125,27.53,1.02
2017-01-02T12:00:00Z,0.0,20.125,296.125,27.06,0.75
2017-01-02T12:00:00Z,0.0,20.125,300.125,26.56,0.5
2017-01-02T12:00:00Z,0.0,20.125,304.125,27.19,1.35
2017-01-02T12:00:00Z,0.0,20.125,308.125,26.44,0.84
2017-01-02T12:00:00Z,0.0,20.125,312.125,26.02,0.68
2017-01-02T12:00:00Z,0.0,20.125,316.125,25.77,0.71
2017-01-02T12:00:00Z,0.0,20.125,320.125,25.03,0.27
2017-01-02T12:00:00Z,0.0,20.125,324.125,24.62,0.28
2017-01-02T12:00:00Z,0.0,20.125,328.125,24.26,0.39
2017-01-02T12:00:00Z,0.0,20.125,332.125,23.51,0.32
2017-01-02T12:00:00Z,0.0,20.125,336.125,23.33,0.96
2017-01-02T12:00:00Z,0.0,20.125,340.125,21.56,0.53
2017-01-02T12:00:00Z,0.0,20.125,344.125,NaN,NaN
2017-01-02T12:00:00Z,0.0,20.125,348.125,NaN,NaN
2017-01-02T12:00:00Z,0.0,20.125,352.125,NaN,NaN
2017-01-02T12:00:00Z,0.0,20.125,356.125,NaN,NaN
2017-01-02T12:00:00Z,0.0,24.125,0.125,NaN,NaN
2017-01-02T12:00:00Z,0.0,24.125,4.125,NaN,NaN
2017-01-02T12:00:00Z,0.0,24.125,8.125,NaN,NaN
2017-01-02T12:00:00Z,0.0,24.125,12.125,NaN,NaN
2017-01-02T12:00:00Z,0.0,24.125,16.125,NaN,NaN
2017-01-02T12:00:00Z,0.0,24.125,20.125,NaN,NaN
2017-01-02T12:00:00Z,0.0,24.125,24.125,NaN,NaN
2017-01-02T12:00:00Z,0.0,24.125,28.125,NaN,NaN
2017-01-02T12:00:00Z,0.0,24.125,32.125,NaN,NaN
2017-01-02T12:00:00Z,0.0,24.125,36.125,24.68,0.08
2017-01-02T12:00:00Z,0.0,24.125,40.125,NaN,NaN
2017-01-02T12:00:00Z,0.0,24.125,44.125,NaN,NaN
2017-01-02T12:00:00Z,0.0,24.125,48.125,NaN,NaN
2017-01-02T12:00:00Z,0.0,24.125,52.125,22.73,-0.55
2017-01-02T12:00:00Z,0.0,24.125,56.125,NaN,NaN
2017-01-02T12:00:00Z,0.0,24.125,60.125,24.98,0.58
2017-01-02T12:00:00Z,0.0,24.125,64.125,25.45,0.9
2017-01-02T12:00:00Z,0.0,24.125,68.125,NaN,NaN
2017-01-02T12:00:00Z,0.0,24.125,72.125,NaN,NaN
2017-01-02T12:00:00Z,0.0,24.125,76.125,NaN,NaN
2017-01-02T12:00:00Z,0.0,24.125,80.125,NaN,NaN
2017-01-02T12:00:00Z,0.0,24.125,84.125,NaN,NaN
2017-01-02T12:00:00Z,0.0,24.125,88.125,NaN,NaN
2017-01-02T12:00:00Z,0.0,24.125,92.125,NaN,NaN
2017-01-02T12:00:00Z,0.0,24.125,96.125,NaN,NaN
2017-01-02T12:00:00Z,0.0,24.125,100.125,NaN,NaN
2017-01-02T12:00:00Z,0.0,24.125,104.125,NaN,NaN
2017-01-02T12:00:00Z,0.0,24.125,108.125,NaN,NaN
2017-01-02T12:00:00Z,0.0,24.125,112.125,NaN,NaN
2017-01-02T12:00:00Z,0.0,24.125,116.125,NaN,NaN
2017-01-02T12:00:00Z,0.0,24.125,120.125,20.63,0.18
2017-01-02T12:00:00Z,0.0,24.125,124.125,25.17,1.25
2017-01-02T12:00:00Z,0.0,24.125,128.125,25.53,1.92
2017-01-02T12:00:00Z,0.0,24.125,132.125,23.79,0.01
2017-01-02T12:00:00Z,0.0,24.125,136.125,24.93,0.91
2017-01-02T12:00:00Z,0.0,24.125,140.125,23.85,-0.47
2017-01-02T12:00:00Z,0.0,24.125,144.125,23.38,-1.42
2017-01-02T12:00:00Z,0.0,24.125,148.125,25.18,0.08
2017-01-02T12:00:00Z,0.0,24.125,152.125,24.51,-0.7
2017-01-02T12:00:00Z,0.0,24.125,156.125,26.15,1.02
2017-01-02T12:00:00Z,0.0,24.125,160.125,25.7,0.75
2017-01-02T12:00:00Z,0.0,24.125,164.125,25.92,1.0
2017-01-02T12:00:00Z,0.0,24.125,168.125,25.59,0.76
2017-01-02T12:00:00Z,0.0,24.125,172.125,25.61,1.0
2017-01-02T12:00:00Z,0.0,24.125,176.125,25.66,1.18
2017-01-02T12:00:00Z,0.0,24.125,180.125,25.23,0.98
2017-01-02T12:00:00Z,0.0,24.125,184.125,24.78,0.63
2017-01-02T12:00:00Z,0.0,24.125,188.125,25.74,1.74
2017-01-02T12:00:00Z,0.0,24.125,192.125,25.28,1.43
2017-01-02T12:00:00Z,0.0,24.125,196.125,24.69,0.98
2017-01-02T12:00:00Z,0.0,24.125,200.125,24.17,0.5
2017-01-02T12:00:00Z,0.0,24.125,204.125,24.05,0.58
2017-01-02T12:00:00Z,0.0,24.125,208.125,23.19,-0.05
2017-01-02T12:00:00Z,0.0,24.125,212.125,23.2,0.31
2017-01-02T12:00:00Z,0.0,24.125,216.125,22.65,0.28
2017-01-02T12:00:00Z,0.0,24.125,220.125,22.08,0.19
2017-01-02T12:00:00Z,0.0,24.125,224.125,21.22,-0.09
2017-01-02T12:00:00Z,0.0,24.125,228.125,21.05,0.28
2017-01-02T12:00:00Z,0.0,24.125,232.125,20.81,0.51
2017-01-02T12:00:00Z,0.0,24.125,236.125,21.13,1.11
2017-01-02T12:00:00Z,0.0,24.125,240.125,20.26,0.49
2017-01-02T12:00:00Z,0.0,24.125,244.125,20.46,0.16
2017-01-02T12:00:00Z,0.0,24.125,248.125,21.04,-0.91
2017-01-02T12:00:00Z,0.0,24.125,252.125,21.66,-1.08
2017-01-02T12:00:00Z,0.0,24.125,256.125,NaN,NaN
2017-01-02T12:00:00Z,0.0,24.125,260.125,NaN,NaN
2017-01-02T12:00:00Z,0.0,24.125,264.125,25.56,1.9
2017-01-02T12:00:00Z,0.0,24.125,268.125,25.81,1.66
2017-01-02T12:00:00Z,0.0,24.125,272.125,25.86,0.57
2017-01-02T12:00:00Z,0.0,24.125,276.125,27.33,1.81
2017-01-02T12:00:00Z,0.0,24.125,280.125,26.01,0.95
2017-01-02T12:00:00Z,0.0,24.125,284.125,25.95,0.74
2017-01-02T12:00:00Z,0.0,24.125,288.125,25.98,0.49
2017-01-02T12:00:00Z,0.0,24.125,292.125,26.41,0.98
2017-01-02T12:00:00Z,0.0,24.125,296.125,26.42,1.14
2017-01-02T12:00:00Z,0.0,24.125,300.125,26.03,0.9
2017-01-02T12:00:00Z,0.0,24.125,304.125,25.8,0.93
2017-01-02T12:00:00Z,0.0,24.125,308.125,25.37,0.78
2017-01-02T12:00:00Z,0.0,24.125,312.125,25.26,0.95
2017-01-02T12:00:00Z,0.0,24.125,316.125,24.46,0.48
2017-01-02T12:00:00Z,0.0,24.125,320.125,23.66,-0.12
2017-01-02T12:00:00Z,0.0,24.125,324.125,23.96,0.5
2017-01-02T12:00:00Z,0.0,24.125,328.125,23.46,0.37
2017-01-02T12:00:00Z,0.0,24.125,332.125,23.25,0.58
2017-01-02T12:00:00Z,0.0,24.125,336.125,22.59,0.54
2017-01-02T12:00:00Z,0.0,24.125,340.125,21.74,0.69
2017-01-02T12:00:00Z,0.0,24.125,344.125,18.83,-0.46
2017-01-02T12:00:00Z,0.0,24.125,348.125,NaN,NaN
2017-01-02T12:00:00Z,0.0,24.125,352.125,NaN,NaN
2017-01-02T12:00:00Z,0.0,24.125,356.125,NaN,NaN
2017-01-02T12:00:00Z,0.0,28.125,0.125,NaN,NaN
2017-01-02T12:00:00Z,0.0,28.125,4.125,NaN,NaN
2017-01-02T12:00:00Z,0.0,28.125,8.125,NaN,NaN
2017-01-02T12:00:00Z,0.0,28.125,12.125,NaN,NaN
2017-01-02T12:00:00Z,0.0,28.125,16.125,NaN,NaN
2017-01-02T12:00:00Z,0.0,28.125,20.125,NaN,NaN
2017-01-02T12:00:00Z,0.0,28.125,24.125,NaN,NaN
2017-01-02T12:00:00Z,0.0,28.125,28.125,NaN,NaN
2017-01-02T12:00:00Z,0.0,28.125,32.125,NaN,NaN
2017-01-02T12:00:00Z,0.0,28.125,36.125,NaN,NaN
2017-01-02T12:00:00Z,0.0,28.125,40.125,NaN,NaN
2017-01-02T12:00:00Z,0.0,28.125,44.125,NaN,NaN
2017-01-02T12:00:00Z,0.0,28.125,48.125,NaN,NaN
2017-01-02T12:00:00Z,0.0,28.125,52.125,NaN,NaN
2017-01-02T12:00:00Z,0.0,28.125,56.125,NaN,NaN
2017-01-02T12:00:00Z,0.0,28.125,60.125,NaN,NaN
2017-01-02T12:00:00Z,0.0,28.125,64.125,NaN,NaN
2017-01-02T12:00:00Z,0.0,28.125,68.125,NaN,NaN
2017-01-02T12:00:00Z,0.0,28.125,72.125,NaN,NaN
2017-01-02T12:00:00Z,0.0,28.125,76.125,NaN,NaN
2017-01-02T12:00:00Z,0.0,28.125,80.125,NaN,NaN
2017-01-02T12:00:00Z,0.0,28.125,84.125,NaN,NaN
2017-01-02T12:00:00Z,0.0,28.125,88.125,NaN,NaN
2017-01-02T12:00:00Z,0.0,28.125,92.125,NaN,NaN
2017-01-02T12:00:00Z,0.0,28.125,96.125,NaN,NaN
2017-01-02T12:00:00Z,0.0,28.125,100.125,NaN,NaN
2017-01-02T12:00:00Z,0.0,28.125,104.125,NaN,NaN
2017-01-02T12:00:00Z,0.0,28.125,108.125,NaN,NaN
2017-01-02T12:00:00Z,0.0,28.125,112.125,NaN,NaN
2017-01-02T12:00:00Z,0.0,28.125,116.125,NaN,NaN
2017-01-02T12:00:00Z,0.0,28.125,120.125,NaN,NaN
2017-01-02T12:00:00Z,0.0,28.125,124.125,19.71,0.5
2017-01-02T12:00:00Z,0.0,28.125,128.125,23.73,1.55
2017-01-02T12:00:00Z,0.0,28.125,132.125,23.84,1.96
2017-01-02T12:00:00Z,0.0,28.125,136.125,22.18,0.72
2017-01-02T12:00:00Z,0.0,28.125,140.125,21.32,-0.36
2017-01-02T12:00:00Z,0.0,28.125,144.125,22.48,0.4
2017-01-02T12:00:00Z,0.0,28.125,148.125,22.14,-0.01
2017-01-02T12:00:00Z,0.0,28.125,152.125,22.69,0.32
2017-01-02T12:00:00Z,0.0,28.125,156.125,22.24,-0.31
2017-01-02T12:00:00Z,0.0,28.125,160.125,22.23,-0.06
2017-01-02T12:00:00Z,0.0,28.125,164.125,22.69,0.57
2017-01-02T12:00:00Z,0.0,28.125,168.125,22.81,0.68
2017-01-02T12:00:00Z,0.0,28.125,172.125,23.1,1.22
2017-01-02T12:00:00Z,0.0,28.125,176.125,23.26,1.63
2017-01-02T12:00:00Z,0.0,28.125,180.125,22.94,1.5
2017-01-02T12:00:00Z,0.0,28.125,184.125,22.94,1.51
2017-01-02T12:00:00Z,0.0,28.125,188.125,22.99,1.62
2017-01-02T12:00:00Z,0.0,28.125,192.125,23.75,2.4
2017-01-02T12:00:00Z,0.0,28.125,196.125,21.96,0.49
2017-01-02T12:00:00Z,0.0,28.125,200.125,22.87,1.25
2017-01-02T12:00:00Z,0.0,28.125,204.125,23.69,2.02
2017-01-02T12:00:00Z,0.0,28.125,208.125,23.0,1.38
2017-01-02T12:00:00Z,0.0,28.125,212.125,22.4,1.03
2017-01-02T12:00:00Z,0.0,28.125,216.125,21.35,0.32
2017-01-02T12:00:00Z,0.0,28.125,220.125,21.64,1.16
2017-01-02T12:00:00Z,0.0,28.125,224.125,20.19,0.27
2017-01-02T12:00:00Z,0.0,28.125,228.125,19.52,0.22
2017-01-02T12:00:00Z,0.0,28.125,232.125,18.98,0.31
2017-01-02T12:00:00Z,0.0,28.125,236.125,18.62,0.48
2017-01-02T12:00:00Z,0.0,28.125,240.125,18.26,0.56
2017-01-02T12:00:00Z,0.0,28.125,244.125,17.97,0.38
2017-01-02T12:00:00Z,0.0,28.125,248.125,17.45,-1.06
2017-01-02T12:00:00Z,0.0,28.125,252.125,NaN,NaN
2017-01-02T12:00:00Z,0.0,28.125,256.125,NaN,NaN
2017-01-02T12:00:00Z,0.0,28.125,260.125,NaN,NaN
2017-01-02T12:00:00Z,0.0,28.125,264.125,21.95,1.31
2017-01-02T12:00:00Z,0.0,28.125,268.125,23.65,2.72
2017-01-02T12:00:00Z,0.0,28.125,272.125,23.64,1.19
2017-01-02T12:00:00Z,0.0,28.125,276.125,21.57,0.21
2017-01-02T12:00:00Z,0.0,28.125,280.125,25.82,1.52
2017-01-02T12:00:00Z,0.0,28.125,284.125,24.5,0.77
2017-01-02T12:00:00Z,0.0,28.125,288.125,24.21,0.88
2017-01-02T12:00:00Z,0.0,28.125,292.125,23.5,0.24
2017-01-02T12:00:00Z,0.0,28.125,296.125,23.13,-0.08
2017-01-02T12:00:00Z,0.0,28.125,300.125,24.18,0.95
2017-01-02T12:00:00Z,0.0,28.125,304.125,23.46,0.3
2017-01-02T12:00:00Z,0.0,28.125,308.125,23.19,0.26
2017-01-02T12:00:00Z,0.0,28.125,312.125,23.79,1.04
2017-01-02T12:00:00Z,0.0,28.125,316.125,22.68,0.2
2017-01-02T12:00:00Z,0.0,28.125,320.125,22.86,0.6
2017-01-02T12:00:00Z,0.0,28.125,324.125,22.58,0.59
2017-01-02T12:00:00Z,0.0,28.125,328.125,22.59,0.87
2017-01-02T12:00:00Z,0.0,28.125,332.125,21.63,0.34
2017-01-02T12:00:00Z,0.0,28.125,336.125,21.54,0.64
2017-01-02T12:00:00Z,0.0,28.125,340.125,21.09,0.64
2017-01-02T12:00:00Z,0.0,28.125,344.125,20.21,0.48
2017-01-02T12:00:00Z,0.0,28.125,348.125,NaN,NaN
2017-01-02T12:00:00Z,0.0,28.125,352.125,NaN,NaN
2017-01-02T12:00:00Z,0.0,28.125,356.125,NaN,NaN
2017-01-02T12:00:00Z,0.0,32.125,0.125,NaN,NaN
2017-01-02T12:00:00Z,0.0,32.125,4.125,NaN,NaN
2017-01-02T12:00:00Z,0.0,32.125,8.125,NaN,NaN
2017-01-02T12:00:00Z,0.0,32.125,12.125,NaN,NaN
2017-01-02T12:00:00Z,0.0,32.125,16.125,19.47,1.29
2017-01-02T12:00:00Z,0.0,32.125,20.125,NaN,NaN
2017-01-02T12:00:00Z,0.0,32.125,24.125,17.87,-0.46
2017-01-02T12:00:00Z,0.0,32.125,28.125,18.69,0.25
2017-01-02T12:00:00Z,0.0,32.125,32.125,19.42,0.68
2017-01-02T12:00:00Z,0.0,32.125,36.125,NaN,NaN
2017-01-02T12:00:00Z,0.0,32.125,40.125,NaN,NaN
2017-01-02T12:00:00Z,0.0,32.125,44.125,NaN,NaN
2017-01-02T12:00:00Z,0.0,32.125,48.125,NaN,NaN
2017-01-02T12:00:00Z,0.0,32.125,52.125,NaN,NaN
2017-01-02T12:00:00Z,0.0,32.125,56.125,NaN,NaN
2017-01-02T12:00:00Z,0.0,32.125,60.125,NaN,NaN
2017-01-02T12:00:00Z,0.0,32.125,64.125,NaN,NaN
2017-01-02T12:00:00Z,0.0,32.125,68.125,NaN,NaN
2017-01-02T12:00:00Z,0.0,32.125,72.125,NaN,NaN
2017-01-02T12:00:00Z,0.0,32.125,76.125,NaN,NaN
2017-01-02T12:00:00Z,0.0,32.125,80.125,NaN,NaN
2017-01-02T12:00:00Z,0.0,32.125,84.125,NaN,NaN
2017-01-02T12:00:00Z,0.0,32.125,88.125,NaN,NaN
2017-01-02T12:00:00Z,0.0,32.125,92.125,NaN,NaN
2017-01-02T12:00:00Z,0.0,32.125,96.125,NaN,NaN
2017-01-02T12:00:00Z,0.0,32.125,100.125,NaN,NaN
2017-01-02T12:00:00Z,0.0,32.125,104.125,NaN,NaN
2017-01-02T12:00:00Z,0.0,32.125,108.125,NaN,NaN
2017-01-02T12:00:00Z,0.0,32.125,112.125,NaN,NaN
2017-01-02T12:00:00Z,0.0,32.125,116.125,NaN,NaN
2017-01-02T12:00:00Z,0.0,32.125,120.125,NaN,NaN
2017-01-02T12:00:00Z,0.0,32.125,124.125,14.09,0.3
2017-01-02T12:00:00Z,0.0,32.125,128.125,19.22,0.62
2017-01-02T12:00:00Z,0.0,32.125,132.125,21.66,1.45
2017-01-02T12:00:00Z,0.0,32.125,136.125,20.66,0.39
2017-01-02T12:00:00Z,0.0,32.125,140.125,21.38,1.15
2017-01-02T12:00:00Z,0.0,32.125,144.125,20.39,0.23
2017-01-02T12:00:00Z,0.0,32.125,148.125,21.66,1.56
2017-01-02T12:00:00Z,0.0,32.125,152.125,20.68,0.71
2017-01-02T12:00:00Z,0.0,32.125,156.125,20.22,0.45
2017-01-02T12:00:00Z,0.0,32.125,160.125,20.59,0.82
2017-01-02T12:00:00Z,0.0,32.125,164.125,19.35,-0.36
2017-01-02T12:00:00Z,0.0,32.125,168.125,19.29,-0.2
2017-01-02T12:00:00Z,0.0,32.125,172.125,20.52,1.32
2017-01-02T12:00:00Z,0.0,32.125,176.125,20.07,1.15
2017-01-02T12:00:00Z,0.0,32.125,180.125,19.59,1.14
2017-01-02T12:00:00Z,0.0,32.125,184.125,19.09,0.68
2017-01-02T12:00:00Z,0.0,32.125,188.125,19.96,1.68
2017-01-02T12:00:00Z,0.0,32.125,192.125,19.67,1.58
2017-01-02T12:00:00Z,0.0,32.125,196.125,18.17,0.07
2017-01-02T12:00:00Z,0.0,32.125,200.125,20.23,1.87
2017-01-02T12:00:00Z,0.0,32.125,204.125,18.79,0.15
2017-01-02T12:00:00Z,0.0,32.125,208.125,19.43,0.57
2017-01-02T12:00:00Z,0.0,32.125,212.125,20.04,1.07
2017-01-02T12:00:00Z,0.0,32.125,216.125,18.91,0.02
2017-01-02T12:00:00Z,0.0,32.125,220.125,18.78,0.22
2017-01-02T12:00:00Z,0.0,32.125,224.125,18.61,0.45
2017-01-02T12:00:00Z,0.0,32.125,228.125,17.71,0.1
2017-01-02T12:00:00Z,0.0,32.125,232.125,17.15,0.33
2017-01-02T12:00:00Z,0.0,32.125,236.125,14.79,-0.99
2017-01-02T12:00:00Z,0.0,32.125,240.125,16.2,0.83
2017-01-02T12:00:00Z,0.0,32.125,244.125,NaN,NaN
2017-01-02T12:00:00Z,0.0,32.125,248.125,NaN,NaN
2017-01-02T12:00:00Z,0.0,32.125,252.125,NaN,NaN
2017-01-02T12:00:00Z,0.0,32.125,256.125,NaN,NaN
2017-01-02T12:00:00Z,0.0,32.125,260.125,NaN,NaN
2017-01-02T12:00:00Z,0.0,32.125,264.125,NaN,NaN
2017-01-02T12:00:00Z,0.0,32.125,268.125,NaN,NaN
2017-01-02T12:00:00Z,0.0,32.125,272.125,NaN,NaN
2017-01-02T12:00:00Z,0.0,32.125,276.125,NaN,NaN
2017-01-02T12:00:00Z,0.0,32.125,280.125,19.37,-2.5
2017-01-02T12:00:00Z,0.0,32.125,284.125,23.12,0.17
2017-01-02T12:00:00Z,0.0,32.125,288.125,21.2,0.08
2017-01-02T12:00:00Z,0.0,32.125,292.125,21.45,0.59
2017-01-02T12:00:00Z,0.0,32.125,296.125,21.21,0.11
2017-01-02T12:00:00Z,0.0,32.125,300.125,20.94,-0.19
2017-01-02T12:00:00Z,0.0,32.125,304.125,21.58,0.58
2017-01-02T12:00:00Z,0.0,32.125,308.125,22.1,1.14
2017-01-02T12:00:00Z,0.0,32.125,312.125,20.58,-0.24
2017-01-02T12:00:00Z,0.0,32.125,316.125,20.94,0.24
2017-01-02T12:00:00Z,0.0,32.125,320.125,21.05,0.61
2017-01-02T12:00:00Z,0.0,32.125,324.125,20.76,0.47
2017-01-02T12:00:00Z,0.0,32.125,328.125,20.32,0.15
2017-01-02T12:00:00Z,0.0,32.125,332.125,20.64,0.74
2017-01-02T12:00:00Z,0.0,32.125,336.125,20.23,0.65
2017-01-02T12:00:00Z,0.0,32.125,340.125,19.79,0.52
2017-01-02T12:00:00Z,0.0,32.125,344.125,19.15,0.32
2017-01-02T12:00:00Z,0.0,32.125,348.125,19.12,0.93
2017-01-02T12:00:00Z,0.0,32.125,352.125,NaN,NaN
2017-01-02T12:00:00Z,0.0,32.125,356.125,NaN,NaN
2017-01-02T12:00:00Z,0.0,36.125,0.125,16.33,0.42
2017-01-02T12:00:00Z,0.0,36.125,4.125,NaN,NaN
2017-01-02T12:00:00Z,0.0,36.125,8.125,NaN,NaN
2017-01-02T12:00:00Z,0.0,36.125,12.125,17.47,1.12
2017-01-02T12:00:00Z,0.0,36.125,16.125,17.12,0.42
2017-01-02T12:00:00Z,0.0,36.125,20.125,18.17,1.64
2017-01-02T12:00:00Z,0.0,36.125,24.125,16.83,0.41
2017-01-02T12:00:00Z,0.0,36.125,28.125,17.7,0.47
2017-01-02T12:00:00Z,0.0,36.125,32.125,17.53,0.02
2017-01-02T12:00:00Z,0.0,36.125,36.125,NaN,NaN
2017-01-02T12:00:00Z,0.0,36.125,40.125,NaN,NaN
2017-01-02T12:00:00Z,0.0,36.125,44.125,NaN,NaN
2017-01-02T12:00:00Z,0.0,36.125,48.125,NaN,NaN
2017-01-02T12:00:00Z,0.0,36.125,52.125,NaN,NaN
2017-01-02T12:00:00Z,0.0,36.125,56.125,NaN,NaN
2017-01-02T12:00:00Z,0.0,36.125,60.125,NaN,NaN
2017-01-02T12:00:00Z,0.0,36.125,64.125,NaN,NaN
2017-01-02T12:00:00Z,0.0,36.125,68.125,NaN,NaN
2017-01-02T12:00:00Z,0.0,36.125,72.125,NaN,NaN
2017-01-02T12:00:00Z,0.0,36.125,76.125,NaN,NaN
2017-01-02T12:00:00Z,0.0,36.125,80.125,NaN,NaN
2017-01-02T12:00:00Z,0.0,36.125,84.125,NaN,NaN
2017-01-02T12:00:00Z,0.0,36.125,88.125,NaN,NaN
2017-01-02T12:00:00Z,0.0,36.125,92.125,NaN,NaN
2017-01-02T12:00:00Z,0.0,36.125,96.125,NaN,NaN
2017-01-02T12:00:00Z,0.0,36.125,100.125,NaN,NaN
2017-01-02T12:00:00Z,0.0,36.125,104.125,NaN,NaN
2017-01-02T12:00:00Z,0.0,36.125,108.125,NaN,NaN
2017-01-02T12:00:00Z,0.0,36.125,112.125,NaN,NaN
2017-01-02T12:00:00Z,0.0,36.125,116.125,NaN,NaN
2017-01-02T12:00:00Z,0.0,36.125,120.125,NaN,NaN
2017-01-02T12:00:00Z,0.0,36.125,124.125,10.04,0.55
2017-01-02T12:00:00Z,0.0,36.125,128.125,NaN,NaN
2017-01-02T12:00:00Z,0.0,36.125,132.125,15.5,0.48
2017-01-02T12:00:00Z,0.0,36.125,136.125,14.4,-0.17
2017-01-02T12:00:00Z,0.0,36.125,140.125,NaN,NaN
2017-01-02T12:00:00Z,0.0,36.125,144.125,20.22,2.75
2017-01-02T12:00:00Z,0.0,36.125,148.125,14.26,-2.96
2017-01-02T12:00:00Z,0.0,36.125,152.125,16.79,-0.42
2017-01-02T12:00:00Z,0.0,36.125,156.125,18.92,2.14
2017-01-02T12:00:00Z,0.0,36.125,160.125,15.91,-0.84
2017-01-02T12:00:00Z,0.0,36.125,164.125,16.9,0.25
2017-01-02T12:00:00Z,0.0,36.125,168.125,18.09,1.72
2017-01-02T12:00:00Z,0.0,36.125,172.125,15.43,-0.96
2017-01-02T12:00:00Z,0.0,36.125,176.125,16.6,0.5
2017-01-02T12:00:00Z,0.0,36.125,180.125,16.2,0.49
2017-01-02T12:00:00Z,0.0,36.125,184.125,17.46,1.98
2017-01-02T12:00:00Z,0.0,36.125,188.125,15.63,0.41
2017-01-02T12:00:00Z,0.0,36.125,192.125,16.82,1.77
2017-01-02T12:00:00Z,0.0,36.125,196.125,15.22,0.21
2017-01-02T12:00:00Z,0.0,36.125,200.125,14.94,-0.17
2017-01-02T12:00:00Z,0.0,36.125,204.125,16.6,1.34
2017-01-02T12:00:00Z,0.0,36.125,208.125,15.37,-0.28
2017-01-02T12:00:00Z,0.0,36.125,212.125,16.04,0.12
2017-01-02T12:00:00Z,0.0,36.125,216.125,15.35,-0.79
2017-01-02T12:00:00Z,0.0,36.125,220.125,15.69,-0.51
2017-01-02T12:00:00Z,0.0,36.125,224.125,15.47,-0.6
2017-01-02T12:00:00Z,0.0,36.125,228.125,15.79,0.05
2017-01-02T12:00:00Z,0.0,36.125,232.125,14.65,-0.07
2017-01-02T12:00:00Z,0.0,36.125,236.125,14.06,0.74
2017-01-02T12:00:00Z,0.0,36.125,240.125,NaN,NaN
2017-01-02T12:00:00Z,0.0,36.125,244.125,NaN,NaN
2017-01-02T12:00:00Z,0.0,36.125,248.125,NaN,NaN
2017-01-02T12:00:00Z,0.0,36.125,252.125,NaN,NaN
2017-01-02T12:00:00Z,0.0,36.125,256.125,NaN,NaN
2017-01-02T12:00:00Z,0.0,36.125,260.125,NaN,NaN
2017-01-02T12:00:00Z,0.0,36.125,264.125,NaN,NaN
2017-01-02T12:00:00Z,0.0,36.125,268.125,NaN,NaN
2017-01-02T12:00:00Z,0.0,36.125,272.125,NaN,NaN
2017-01-02T12:00:00Z,0.0,36.125,276.125,NaN,NaN
2017-01-02T12:00:00Z,0.0,36.125,280.125,NaN,NaN
2017-01-02T12:00:00Z,0.0,36.125,284.125,9.51,-5.35
2017-01-02T12:00:00Z,0.0,36.125,288.125,20.96,0.24
2017-01-02T12:00:00Z,0.0,36.125,292.125,20.21,-0.47
2017-01-02T12:00:00Z,0.0,36.125,296.125,20.52,-0.12
2017-01-02T12:00:00Z,0.0,36.125,300.125,20.55,0.47
2017-01-02T12:00:00Z,0.0,36.125,304.125,20.78,0.98
2017-01-02T12:00:00Z,0.0,36.125,308.125,20.19,0.63
2017-01-02T12:00:00Z,0.0,36.125,312.125,19.39,0.12
2017-01-02T12:00:00Z,0.0,36.125,316.125,18.94,0.0
2017-01-02T12:00:00Z,0.0,36.125,320.125,18.56,-0.12
2017-01-02T12:00:00Z,0.0,36.125,324.125,18.29,-0.05
2017-01-02T12:00:00Z,0.0,36.125,328.125,18.75,0.54
2017-01-02T12:00:00Z,0.0,36.125,332.125,18.52,0.48
2017-01-02T12:00:00Z,0.0,36.125,336.125,18.02,0.17
2017-01-02T12:00:00Z,0.0,36.125,340.125,18.08,0.43
2017-01-02T12:00:00Z,0.0,36.125,344.125,17.33,-0.02
2017-01-02T12:00:00Z,0.0,36.125,348.125,17.64,0.5
2017-01-02T12:00:00Z,0.0,36.125,352.125,17.87,0.91
2017-01-02T12:00:00Z,0.0,36.125,356.125,16.55,0.72
2017-01-02T12:00:00Z,0.0,40.125,0.125,15.81,1.25
2017-01-02T12:00:00Z,0.0,40.125,4.125,15.56,0.61
2017-01-02T12:00:00Z,0.0,40.125,8.125,16.62,1.65
2017-01-02T12:00:00Z,0.0,40.125,12.125,16.27,1.18
2017-01-02T12:00:00Z,0.0,40.125,16.125,NaN,NaN
2017-01-02T12:00:00Z,0.0,40.125,20.125,NaN,NaN
2017-01-02T12:00:00Z,0.0,40.125,24.125,14.84,0.66
2017-01-02T12:00:00Z,0.0,40.125,28.125,NaN,NaN
2017-01-02T12:00:00Z,0.0,40.125,32.125,NaN,NaN
2017-01-02T12:00:00Z,0.0,40.125,36.125,NaN,NaN
2017-01-02T12:00:00Z,0.0,40.125,40.125,NaN,NaN
2017-01-02T12:00:00Z,0.0,40.125,44.125,NaN,NaN
2017-01-02T12:00:00Z,0.0,40.125,48.125,NaN,NaN
2017-01-02T12:00:00Z,0.0,40.125,52.125,12.06,0.63
2017-01-02T12:00:00Z,0.0,40.125,56.125,NaN,NaN
2017-01-02T12:00:00Z,0.0,40.125,60.125,NaN,NaN
2017-01-02T12:00:00Z,0.0,40.125,64.125,NaN,NaN
2017-01-02T12:00:00Z,0.0,40.125,68.125,NaN,NaN
2017-01-02T12:00:00Z,0.0,40.125,72.125,NaN,NaN
2017-01-02T12:00:00Z,0.0,40.125,76.125,NaN,NaN
2017-01-02T12:00:00Z,0.0,40.125,80.125,NaN,NaN
2017-01-02T12:00:00Z,0.0,40.125,84.125,NaN,NaN
2017-01-02T12:00:00Z,0.0,40.125,88.125,NaN,NaN
2017-01-02T12:00:00Z,0.0,40.125,92.125,NaN,NaN
2017-01-02T12:00:00Z,0.0,40.125,96.125,NaN,NaN
2017-01-02T12:00:00Z,0.0,40.125,100.125,NaN,NaN
2017-01-02T12:00:00Z,0.0,40.125,104.125,NaN,NaN
2017-01-02T12:00:00Z,0.0,40.125,108.125,NaN,NaN
2017-01-02T12:00:00Z,0.0,40.125,112.125,NaN,NaN
2017-01-02T12:00:00Z,0.0,40.125,116.125,NaN,NaN
2017-01-02T12:00:00Z,0.0,40.125,120.125,5.99,1.69
2017-01-02T12:00:00Z,0.0,40.125,124.125,NaN,NaN
2017-01-02T12:00:00Z,0.0,40.125,128.125,NaN,NaN
2017-01-02T12:00:00Z,0.0,40.125,132.125,7.05,-0.48
2017-01-02T12:00:00Z,0.0,40.125,136.125,10.64,2.6
2017-01-02T12:00:00Z,0.0,40.125,140.125,NaN,NaN
2017-01-02T12:00:00Z,0.0,40.125,144.125,12.53,3.17
2017-01-02T12:00:00Z,0.0,40.125,148.125,11.05,1.57
2017-01-02T12:00:00Z,0.0,40.125,152.125,12.81,1.82
2017-01-02T12:00:00Z,0.0,40.125,156.125,14.39,2.85
2017-01-02T12:00:00Z,0.0,40.125,160.125,10.93,-0.67
2017-01-02T12:00:00Z,0.0,40.125,164.125,9.88,-1.66
2017-01-02T12:00:00Z,0.0,40.125,168.125,12.62,0.2
2017-01-02T12:00:00Z,0.0,40.125,172.125,12.89,0.55
2017-01-02T12:00:00Z,0.0,40.125,176.125,12.44,0.47
2017-01-02T12:00:00Z,0.0,40.125,180.125,13.66,1.67
2017-01-02T12:00:00Z,0.0,40.125,184.125,11.38,-0.56
2017-01-02T12:00:00Z,0.0,40.125,188.125,12.41,0.63
2017-01-02T12:00:00Z,0.0,40.125,192.125,10.56,-1.1
2017-01-02T12:00:00Z,0.0,40.125,196.125,10.97,-0.82
2017-01-02T12:00:00Z,0.0,40.125,200.125,10.75,-1.07
2017-01-02T12:00:00Z,0.0,40.125,204.125,10.53,-1.44
2017-01-02T12:00:00Z,0.0,40.125,208.125,10.42,-1.88
2017-01-02T12:00:00Z,0.0,40.125,212.125,11.29,-1.34
2017-01-02T12:00:00Z,0.0,40.125,216.125,11.84,-1.29
2017-01-02T12:00:00Z,0.0,40.125,220.125,13.12,-0.36
2017-01-02T12:00:00Z,0.0,40.125,224.125,14.14,0.46
2017-01-02T12:00:00Z,0.0,40.125,228.125,13.5,-0.2
2017-01-02T12:00:00Z,0.0,40.125,232.125,11.56,-1.05
2017-01-02T12:00:00Z,0.0,40.125,236.125,NaN,NaN
2017-01-02T12:00:00Z,0.0,40.125,240.125,NaN,NaN
2017-01-02T12:00:00Z,0.0,40.125,244.125,NaN,NaN
2017-01-02T12:00:00Z,0.0,40.125,248.125,NaN,NaN
2017-01-02T12:00:00Z,0.0,40.125,252.125,NaN,NaN
2017-01-02T12:00:00Z,0.0,40.125,256.125,NaN,NaN
2017-01-02T12:00:00Z,0.0,40.125,260.125,NaN,NaN
2017-01-02T12:00:00Z,0.0,40.125,264.125,NaN,NaN
2017-01-02T12:00:00Z,0.0,40.125,268.125,NaN,NaN
2017-01-02T12:00:00Z,0.0,40.125,272.125,NaN,NaN
2017-01-02T12:00:00Z,0.0,40.125,276.125,NaN,NaN
2017-01-02T12:00:00Z,0.0,40.125,280.125,NaN,NaN
2017-01-02T12:00:00Z,0.0,40.125,284.125,NaN,NaN
2017-01-02T12:00:00Z,0.0,40.125,288.125,12.11,2.52
2017-01-02T12:00:00Z,0.0,40.125,292.125,13.55,2.19
2017-01-02T12:00:00Z,0.0,40.125,296.125,16.99,1.44
2017-01-02T12:00:00Z,0.0,40.125,300.125,18.97,1.15
2017-01-02T12:00:00Z,0.0,40.125,304.125,19.99,1.73
2017-01-02T12:00:00Z,0.0,40.125,308.125,16.68,-0.72
2017-01-02T12:00:00Z,0.0,40.125,312.125,19.64,2.29
2017-01-02T12:00:00Z,0.0,40.125,316.125,17.73,-0.12
2017-01-02T12:00:00Z,0.0,40.125,320.125,17.42,0.35
2017-01-02T12:00:00Z,0.0,40.125,324.125,17.61,0.77
2017-01-02T12:00:00Z,0.0,40.125,328.125,17.8,1.37
2017-01-02T12:00:00Z,0.0,40.125,332.125,16.84,0.92
2017-01-02T12:00:00Z,0.0,40.125,336.125,17.12,1.28
2017-01-02T12:00:00Z,0.0,40.125,340.125,16.46,0.76
2017-01-02T12:00:00Z,0.0,40.125,344.125,15.95,0.51
2017-01-02T12:00:00Z,0.0,40.125,348.125,15.88,0.53
2017-01-02T12:00:00Z,0.0,40.125,352.125,NaN,NaN
2017-01-02T12:00:00Z,0.0,40.125,356.125,NaN,NaN
2017-01-02T12:00:00Z,0.0,44.125,0.125,NaN,NaN
2017-01-02T12:00:00Z,0.0,44.125,4.125,NaN,NaN
2017-01-02T12:00:00Z,0.0,44.125,8.125,NaN,NaN
2017-01-02T12:00:00Z,0.0,44.125,12.125,NaN,NaN
2017-01-02T12:00:00Z,0.0,44.125,16.125,NaN,NaN
2017-01-02T12:00:00Z,0.0,44.125,20.125,NaN,NaN
2017-01-02T12:00:00Z,0.0,44.125,24.125,NaN,NaN
2017-01-02T12:00:00Z,0.0,44.125,28.125,NaN,NaN
2017-01-02T12:00:00Z,0.0,44.125,32.125,8.82,-0.15
2017-01-02T12:00:00Z,0.0,44.125,36.125,8.3,-0.69
2017-01-02T12:00:00Z,0.0,44.125,40.125,NaN,NaN
2017-01-02T12:00:00Z,0.0,44.125,44.125,NaN,NaN
2017-01-02T12:00:00Z,0.0,44.125,48.125,4.96,-1.44
2017-01-02T12:00:00Z,0.0,44.125,52.125,NaN,NaN
2017-01-02T12:00:00Z,0.0,44.125,56.125,NaN,NaN
2017-01-02T12:00:00Z,0.0,44.125,60.125,NaN,NaN
2017-01-02T12:00:00Z,0.0,44.125,64.125,NaN,NaN
2017-01-02T12:00:00Z,0.0,44.125,68.125,NaN,NaN
2017-01-02T12:00:00Z,0.0,44.125,72.125,NaN,NaN
2017-01-02T12:00:00Z,0.0,44.125,76.125,NaN,NaN
2017-01-02T12:00:00Z,0.0,44.125,80.125,NaN,NaN
2017-01-02T12:00:00Z,0.0,44.125,84.125,NaN,NaN
2017-01-02T12:00:00Z,0.0,44.125,88.125,NaN,NaN
2017-01-02T12:00:00Z,0.0,44.125,92.125,NaN,NaN
2017-01-02T12:00:00Z,0.0,44.125,96.125,NaN,NaN
2017-01-02T12:00:00Z,0.0,44.125,100.125,NaN,NaN
2017-01-02T12:00:00Z,0.0,44.125,104.125,NaN,NaN
2017-01-02T12:00:00Z,0.0,44.125,108.125,NaN,NaN
2017-01-02T12:00:00Z,0.0,44.125,112.125,NaN,NaN
2017-01-02T12:00:00Z,0.0,44.125,116.125,NaN,NaN
2017-01-02T12:00:00Z,0.0,44.125,120.125,NaN,NaN
2017-01-02T12:00:00Z,0.0,44.125,124.125,NaN,NaN
2017-01-02T12:00:00Z,0.0,44.125,128.125,NaN,NaN
2017-01-02T12:00:00Z,0.0,44.125,132.125,NaN,NaN
2017-01-02T12:00:00Z,0.0,44.125,136.125,2.34,-0.2
2017-01-02T12:00:00Z,0.0,44.125,140.125,6.94,1.15
2017-01-02T12:00:00Z,0.0,44.125,144.125,1.06,-1.42
2017-01-02T12:00:00Z,0.0,44.125,148.125,4.28,0.78
2017-01-02T12:00:00Z,0.0,44.125,152.125,3.21,-0.29
2017-01-02T12:00:00Z,0.0,44.125,156.125,4.3,-0.71
2017-01-02T12:00:00Z,0.0,44.125,160.125,5.3,-0.74
2017-01-02T12:00:00Z,0.0,44.125,164.125,5.8,-0.47
2017-01-02T12:00:00Z,0.0,44.125,168.125,4.43,-1.53
2017-01-02T12:00:00Z,0.0,44.125,172.125,7.14,0.13
2017-01-02T12:00:00Z,0.0,44.125,176.125,6.43,-1.22
2017-01-02T12:00:00Z,0.0,44.125,180.125,6.02,-1.87
2017-01-02T12:00:00Z,0.0,44.125,184.125,6.86,-1.14
2017-01-02T12:00:00Z,0.0,44.125,188.125,7.44,-0.59
2017-01-02T12:00:00Z,0.0,44.125,192.125,6.88,-1.32
2017-01-02T12:00:00Z,0.0,44.125,196.125,6.74,-1.67
2017-01-02T12:00:00Z,0.0,44.125,200.125,6.86,-1.73
2017-01-02T12:00:00Z,0.0,44.125,204.125,6.91,-1.93
2017-01-02T12:00:00Z,0.0,44.125,208.125,7.79,-1.42
2017-01-02T12:00:00Z,0.0,44.125,212.125,8.25,-1.39
2017-01-02T12:00:00Z,0.0,44.125,216.125,8.94,-1.16
2017-01-02T12:00:00Z,0.0,44.125,220.125,9.82,-0.8
2017-01-02T12:00:00Z,0.0,44.125,224.125,9.74,-1.31
2017-01-02T12:00:00Z,0.0,44.125,228.125,10.31,-1.09
2017-01-02T12:00:00Z,0.0,44.125,232.125,10.39,-0.43
2017-01-02T12:00:00Z,0.0,44.125,236.125,NaN,NaN
2017-01-02T12:00:00Z,0.0,44.125,240.125,NaN,NaN
2017-01-02T12:00:00Z,0.0,44.125,244.125,NaN,NaN
2017-01-02T12:00:00Z,0.0,44.125,248.125,NaN,NaN
2017-01-02T12:00:00Z,0.0,44.125,252.125,NaN,NaN
2017-01-02T12:00:00Z,0.0,44.125,256.125,NaN,NaN
2017-01-02T12:00:00Z,0.0,44.125,260.125,NaN,NaN
2017-01-02T12:00:00Z,0.0,44.125,264.125,NaN,NaN
2017-01-02T12:00:00Z,0.0,44.125,268.125,NaN,NaN
2017-01-02T12:00:00Z,0.0,44.125,272.125,NaN,NaN
2017-01-02T12:00:00Z,0.0,44.125,276.125,NaN,NaN
2017-01-02T12:00:00Z,0.0,44.125,280.125,NaN,NaN
2017-01-02T12:00:00Z,0.0,44.125,284.125,NaN,NaN
2017-01-02T12:00:00Z,0.0,44.125,288.125,NaN,NaN
2017-01-02T12:00:00Z,0.0,44.125,292.125,8.44,2.19
2017-01-02T12:00:00Z,0.0,44.125,296.125,5.54,1.61
2017-01-02T12:00:00Z,0.0,44.125,300.125,4.87,0.18
2017-01-02T12:00:00Z,0.0,44.125,304.125,6.81,0.95
2017-01-02T12:00:00Z,0.0,44.125,308.125,5.98,1.28
2017-01-02T12:00:00Z,0.0,44.125,312.125,7.66,0.67
2017-01-02T12:00:00Z,0.0,44.125,316.125,13.97,-0.19
2017-01-02T12:00:00Z,0.0,44.125,320.125,14.97,-0.42
2017-01-02T12:00:00Z,0.0,44.125,324.125,14.3,-0.51
2017-01-02T12:00:00Z,0.0,44.125,328.125,15.79,1.07
2017-01-02T12:00:00Z,0.0,44.125,332.125,15.4,0.97
2017-01-02T12:00:00Z,0.0,44.125,336.125,15.01,0.86
2017-01-02T12:00:00Z,0.0,44.125,340.125,14.92,1.01
2017-01-02T12:00:00Z,0.0,44.125,344.125,14.32,0.62
2017-01-02T12:00:00Z,0.0,44.125,348.125,14.37,0.88
2017-01-02T12:00:00Z,0.0,44.125,352.125,13.79,0.42
2017-01-02T12:00:00Z,0.0,44.125,356.125,13.56,0.36
2017-01-02T12:00:00Z,0.0,48.125,0.125,NaN,NaN
2017-01-02T12:00:00Z,0.0,48.125,4.125,NaN,NaN
2017-01-02T12:00:00Z,0.0,48.125,8.125,NaN,NaN
2017-01-02T12:00:00Z,0.0,48.125,12.125,NaN,NaN
2017-01-02T12:00:00Z,0.0,48.125,16.125,NaN,NaN
2017-01-02T12:00:00Z,0.0,48.125,20.125,NaN,NaN
2017-01-02T12:00:00Z,0.0,48.125,24.125,NaN,NaN
2017-01-02T12:00:00Z,0.0,48.125,28.125,NaN,NaN
2017-01-02T12:00:00Z,0.0,48.125,32.125,NaN,NaN
2017-01-02T12:00:00Z,0.0,48.125,36.125,NaN,NaN
2017-01-02T12:00:00Z,0.0,48.125,40.125,NaN,NaN
2017-01-02T12:00:00Z,0.0,48.125,44.125,NaN,NaN
2017-01-02T12:00:00Z,0.0,48.125,48.125,NaN,NaN
2017-01-02T12:00:00Z,0.0,48.125,52.125,NaN,NaN
2017-01-02T12:00:00Z,0.0,48.125,56.125,NaN,NaN
2017-01-02T12:00:00Z,0.0,48.125,60.125,NaN,NaN
2017-01-02T12:00:00Z,0.0,48.125,64.125,NaN,NaN
2017-01-02T12:00:00Z,0.0,48.125,68.125,NaN,NaN
2017-01-02T12:00:00Z,0.0,48.125,72.125,NaN,NaN
2017-01-02T12:00:00Z,0.0,48.125,76.125,NaN,NaN
2017-01-02T12:00:00Z,0.0,48.125,80.125,NaN,NaN
2017-01-02T12:00:00Z,0.0,48.125,84.125,NaN,NaN
2017-01-02T12:00:00Z,0.0,48.125,88.125,NaN,NaN
2017-01-02T12:00:00Z,0.0,48.125,92.125,NaN,NaN
2017-01-02T12:00:00Z,0.0,48.125,96.125,NaN,NaN
2017-01-02T12:00:00Z,0.0,48.125,100.125,NaN,NaN
2017-01-02T12:00:00Z,0.0,48.125,104.125,NaN,NaN
2017-01-02T12:00:00Z,0.0,48.125,108.125,NaN,NaN
2017-01-02T12:00:00Z,0.0,48.125,112.125,NaN,NaN
2017-01-02T12:00:00Z,0.0,48.125,116.125,NaN,NaN
2017-01-02T12:00:00Z,0.0,48.125,120.125,NaN,NaN
2017-01-02T12:00:00Z,0.0,48.125,124.125,NaN,NaN
2017-01-02T12:00:00Z,0.0,48.125,128.125,NaN,NaN
2017-01-02T12:00:00Z,0.0,48.125,132.125,NaN,NaN
2017-01-02T12:00:00Z,0.0,48.125,136.125,NaN,NaN
2017-01-02T12:00:00Z,0.0,48.125,140.125,0.66,-1.01
2017-01-02T12:00:00Z,0.0,48.125,144.125,-0.91,-1.7
2017-01-02T12:00:00Z,0.0,48.125,148.125,1.36,-0.68
2017-01-02T12:00:00Z,0.0,48.125,152.125,1.5,-0.75
2017-01-02T12:00:00Z,0.0,48.125,156.125,2.44,-0.14
2017-01-02T12:00:00Z,0.0,48.125,160.125,2.63,-0.55
2017-01-02T12:00:00Z,0.0,48.125,164.125,2.41,-1.38
2017-01-02T12:00:00Z,0.0,48.125,168.125,2.84,-1.22
2017-01-02T12:00:00Z,0.0,48.125,172.125,3.67,-0.86
2017-01-02T12:00:00Z,0.0,48.125,176.125,3.49,-1.27
2017-01-02T12:00:00Z,0.0,48.125,180.125,3.57,-1.4
2017-01-02T12:00:00Z,0.0,48.125,184.125,3.8,-1.41
2017-01-02T12:00:00Z,0.0,48.125,188.125,4.4,-1.09
2017-01-02T12:00:00Z,0.0,48.125,192.125,5.46,-0.34
2017-01-02T12:00:00Z,0.0,48.125,196.125,5.31,-0.77
2017-01-02T12:00:00Z,0.0,48.125,200.125,5.31,-0.93
2017-01-02T12:00:00Z,0.0,48.125,204.125,5.55,-0.97
2017-01-02T12:00:00Z,0.0,48.125,208.125,6.02,-0.83
2017-01-02T12:00:00Z,0.0,48.125,212.125,6.83,-0.48
2017-01-02T12:00:00Z,0.0,48.125,216.125,7.95,0.1
2017-01-02T12:00:00Z,0.0,48.125,220.125,8.11,-0.25
2017-01-02T12:00:00Z,0.0,48.125,224.125,8.12,-0.72
2017-01-02T12:00:00Z,0.0,48.125,228.125,8.63,-0.66
2017-01-02T12:00:00Z,0.0,48.125,232.125,8.63,-0.72
2017-01-02T12:00:00Z,0.0,48.125,236.125,NaN,NaN
2017-01-02T12:00:00Z,0.0,48.125,240.125,NaN,NaN
2017-01-02T12:00:00Z,0.0,48.125,244.125,NaN,NaN
2017-01-02T12:00:00Z,0.0,48.125,248.125,NaN,NaN
2017-01-02T12:00:00Z,0.0,48.125,252.125,NaN,NaN
2017-01-02T12:00:00Z,0.0,48.125,256.125,NaN,NaN
2017-01-02T12:00:00Z,0.0,48.125,260.125,NaN,NaN
2017-01-02T12:00:00Z,0.0,48.125,264.125,NaN,NaN
2017-01-02T12:00:00Z,0.0,48.125,268.125,NaN,NaN
2017-01-02T12:00:00Z,0.0,48.125,272.125,3.16,0.15
2017-01-02T12:00:00Z,0.0,48.125,276.125,NaN,NaN
2017-01-02T12:00:00Z,0.0,48.125,280.125,NaN,NaN
2017-01-02T12:00:00Z,0.0,48.125,284.125,NaN,NaN
2017-01-02T12:00:00Z,0.0,48.125,288.125,NaN,NaN
2017-01-02T12:00:00Z,0.0,48.125,292.125,NaN,NaN
2017-01-02T12:00:00Z,0.0,48.125,296.125,1.52,1.03
2017-01-02T12:00:00Z,0.0,48.125,300.125,2.56,1.26
2017-01-02T12:00:00Z,0.0,48.125,304.125,NaN,NaN
2017-01-02T12:00:00Z,0.0,48.125,308.125,0.77,-0.21
2017-01-02T12:00:00Z,0.0,48.125,312.125,2.27,0.33
2017-01-02T12:00:00Z,0.0,48.125,316.125,5.88,-1.03
2017-01-02T12:00:00Z,0.0,48.125,320.125,12.97,0.64
2017-01-02T12:00:00Z,0.0,48.125,324.125,11.7,-0.73
2017-01-02T12:00:00Z,0.0,48.125,328.125,13.14,0.73
2017-01-02T12:00:00Z,0.0,48.125,332.125,13.57,0.99
2017-01-02T12:00:00Z,0.0,48.125,336.125,12.35,-0.25
2017-01-02T12:00:00Z,0.0,48.125,340.125,13.59,0.95
2017-01-02T12:00:00Z,0.0,48.125,344.125,12.92,0.57
2017-01-02T12:00:00Z,0.0,48.125,348.125,12.5,0.31
2017-01-02T12:00:00Z,0.0,48.125,352.125,12.24,0.45
2017-01-02T12:00:00Z,0.0,48.125,356.125,NaN,NaN
2017-01-02T12:00:00Z,0.0,52.125,0.125,NaN,NaN
2017-01-02T12:00:00Z,0.0,52.125,4.125,7.71,-0.05
2017-01-02T12:00:00Z,0.0,52.125,8.125,NaN,NaN
2017-01-02T12:00:00Z,0.0,52.125,12.125,NaN,NaN
2017-01-02T12:00:00Z,0.0,52.125,16.125,NaN,NaN
2017-01-02T12:00:00Z,0.0,52.125,20.125,NaN,NaN
2017-01-02T12:00:00Z,0.0,52.125,24.125,NaN,NaN
2017-01-02T12:00:00Z,0.0,52.125,28.125,NaN,NaN
2017-01-02T12:00:00Z,0.0,52.125,32.125,NaN,NaN
2017-01-02T12:00:00Z,0.0,52.125,36.125,NaN,NaN
2017-01-02T12:00:00Z,0.0,52.125,40.125,NaN,NaN
2017-01-02T12:00:00Z,0.0,52.125,44.125,NaN,NaN
2017-01-02T12:00:00Z,0.0,52.125,48.125,NaN,NaN
2017-01-02T12:00:00Z,0.0,52.125,52.125,NaN,NaN
2017-01-02T12:00:00Z,0.0,52.125,56.125,NaN,NaN
2017-01-02T12:00:00Z,0.0,52.125,60.125,NaN,NaN
2017-01-02T12:00:00Z,0.0,52.125,64.125,NaN,NaN
2017-01-02T12:00:00Z,0.0,52.125,68.125,NaN,NaN
2017-01-02T12:00:00Z,0.0,52.125,72.125,NaN,NaN
2017-01-02T12:00:00Z,0.0,52.125,76.125,NaN,NaN
2017-01-02T12:00:00Z,0.0,52.125,80.125,NaN,NaN
2017-01-02T12:00:00Z,0.0,52.125,84.125,NaN,NaN
2017-01-02T12:00:00Z,0.0,52.125,88.125,NaN,NaN
2017-01-02T12:00:00Z,0.0,52.125,92.125,NaN,NaN
2017-01-02T12:00:00Z,0.0,52.125,96.125,NaN,NaN
2017-01-02T12:00:00Z,0.0,52.125,100.125,NaN,NaN
2017-01-02T12:00:00Z,0.0,52.125,104.125,NaN,NaN
2017-01-02T12:00:00Z,0.0,52.125,108.125,NaN,NaN
2017-01-02T12:00:00Z,0.0,52.125,112.125,NaN,NaN
2017-01-02T12:00:00Z,0.0,52.125,116.125,NaN,NaN
2017-01-02T12:00:00Z,0.0,52.125,120.125,NaN,NaN
2017-01-02T12:00:00Z,0.0,52.125,124.125,NaN,NaN
2017-01-02T12:00:00Z,0.0,52.125,128.125,NaN,NaN
2017-01-02T12:00:00Z,0.0,52.125,132.125,NaN,NaN
2017-01-02T12:00:00Z,0.0,52.125,136.125,NaN,NaN
2017-01-02T12:00:00Z,0.0,52.125,140.125,NaN,NaN
2017-01-02T12:00:00Z,0.0,52.125,144.125,-1.4,-1.39
2017-01-02T12:00:00Z,0.0,52.125,148.125,0.37,-0.48
2017-01-02T12:00:00Z,0.0,52.125,152.125,0.93,-0.42
2017-01-02T12:00:00Z,0.0,52.125,156.125,1.31,-0.47
2017-01-02T12:00:00Z,0.0,52.125,160.125,2.82,0.53
2017-01-02T12:00:00Z,0.0,52.125,164.125,3.3,0.17
2017-01-02T12:00:00Z,0.0,52.125,168.125,2.55,-1.12
2017-01-02T12:00:00Z,0.0,52.125,172.125,4.53,0.46
2017-01-02T12:00:00Z,0.0,52.125,176.125,4.44,0.24
2017-01-02T12:00:00Z,0.0,52.125,180.125,4.38,0.1
2017-01-02T12:00:00Z,0.0,52.125,184.125,4.86,0.38
2017-01-02T12:00:00Z,0.0,52.125,188.125,5.24,0.58
2017-01-02T12:00:00Z,0.0,52.125,192.125,5.56,0.7
2017-01-02T12:00:00Z,0.0,52.125,196.125,4.67,-0.26
2017-01-02T12:00:00Z,0.0,52.125,200.125,4.71,-0.27
2017-01-02T12:00:00Z,0.0,52.125,204.125,5.07,-0.04
2017-01-02T12:00:00Z,0.0,52.125,208.125,4.89,-0.47
2017-01-02T12:00:00Z,0.0,52.125,212.125,5.58,-0.24
2017-01-02T12:00:00Z,0.0,52.125,216.125,6.54,0.07
2017-01-02T12:00:00Z,0.0,52.125,220.125,7.43,0.32
2017-01-02T12:00:00Z,0.0,52.125,224.125,7.93,0.23
2017-01-02T12:00:00Z,0.0,52.125,228.125,8.99,1.05
2017-01-02T12:00:00Z,0.0,52.125,232.125,NaN,NaN
2017-01-02T12:00:00Z,0.0,52.125,236.125,NaN,NaN
2017-01-02T12:00:00Z,0.0,52.125,240.125,NaN,NaN
2017-01-02T12:00:00Z,0.0,52.125,244.125,NaN,NaN
2017-01-02T12:00:00Z,0.0,52.125,248.125,NaN,NaN
2017-01-02T12:00:00Z,0.0,52.125,252.125,NaN,NaN
2017-01-02T12:00:00Z,0.0,52.125,256.125,NaN,NaN
2017-01-02T12:00:00Z,0.0,52.125,260.125,NaN,NaN
2017-01-02T12:00:00Z,0.0,52.125,264.125,NaN,NaN
2017-01-02T12:00:00Z,0.0,52.125,268.125,NaN,NaN
2017-01-02T12:00:00Z,0.0,52.125,272.125,NaN,NaN
2017-01-02T12:00:00Z,0.0,52.125,276.125,NaN,NaN
2017-01-02T12:00:00Z,0.0,52.125,280.125,-1.03,0.27
2017-01-02T12:00:00Z,0.0,52.125,284.125,NaN,NaN
2017-01-02T12:00:00Z,0.0,52.125,288.125,NaN,NaN
2017-01-02T12:00:00Z,0.0,52.125,292.125,NaN,NaN
2017-01-02T12:00:00Z,0.0,52.125,296.125,NaN,NaN
2017-01-02T12:00:00Z,0.0,52.125,300.125,NaN,NaN
2017-01-02T12:00:00Z,0.0,52.125,304.125,NaN,NaN
2017-01-02T12:00:00Z,0.0,52.125,308.125,0.02,-0.96
2017-01-02T12:00:00Z,0.0,52.125,312.125,5.04,0.36
2017-01-02T12:00:00Z,0.0,52.125,316.125,6.54,-0.34
2017-01-02T12:00:00Z,0.0,52.125,320.125,7.45,0.12
2017-01-02T12:00:00Z,0.0,52.125,324.125,7.89,0.35
2017-01-02T12:00:00Z,0.0,52.125,328.125,9.47,0.86
2017-01-02T12:00:00Z,0.0,52.125,332.125,9.64,0.06
2017-01-02T12:00:00Z,0.0,52.125,336.125,10.48,0.02
2017-01-02T12:00:00Z,0.0,52.125,340.125,11.1,-0.02
2017-01-02T12:00:00Z,0.0,52.125,344.125,11.9,0.69
2017-01-02T12:00:00Z,0.0,52.125,348.125,11.36,0.56
2017-01-02T12:00:00Z,0.0,52.125,352.125,NaN,NaN
2017-01-02T12:00:00Z,0.0,52.125,356.125,NaN,NaN
2017-01-02T12:00:00Z,0.0,56.125,0.125,8.91,1.17
2017-01-02T12:00:00Z,0.0,56.125,4.125,8.25,1.05
2017-01-02T12:00:00Z,0.0,56.125,8.125,6.77,0.52
2017-01-02T12:00:00Z,0.0,56.125,12.125,4.84,1.7
2017-01-02T12:00:00Z,0.0,56.125,16.125,5.64,1.2
2017-01-02T12:00:00Z,0.0,56.125,20.125,5.71,1.13
2017-01-02T12:00:00Z,0.0,56.125,24.125,NaN,NaN
2017-01-02T12:00:00Z,0.0,56.125,28.125,NaN,NaN
2017-01-02T12:00:00Z,0.0,56.125,32.125,NaN,NaN
2017-01-02T12:00:00Z,0.0,56.125,36.125,NaN,NaN
2017-01-02T12:00:00Z,0.0,56.125,40.125,NaN,NaN
2017-01-02T12:00:00Z,0.0,56.125,44.125,NaN,NaN
2017-01-02T12:00:00Z,0.0,56.125,48.125,NaN,NaN
2017-01-02T12:00:00Z,0.0,56.125,52.125,NaN,NaN
2017-01-02T12:00:00Z,0.0,56.125,56.125,NaN,NaN
2017-01-02T12:00:00Z,0.0,56.125,60.125,NaN,NaN
2017-01-02T12:00:00Z,0.0,56.125,64.125,NaN,NaN
2017-01-02T12:00:00Z,0.0,56.125,68.125,NaN,NaN
2017-01-02T12:00:00Z,0.0,56.125,72.125,NaN,NaN
2017-01-02T12:00:00Z,0.0,56.125,76.125,NaN,NaN
2017-01-02T12:00:00Z,0.0,56.125,80.125,NaN,NaN
2017-01-02T12:00:00Z,0.0,56.125,84.125,NaN,NaN
2017-01-02T12:00:00Z,0.0,56.125,88.125,NaN,NaN
2017-01-02T12:00:00Z,0.0,56.125,92.125,NaN,NaN
2017-01-02T12:00:00Z,0.0,56.125,96.125,NaN,NaN
2017-01-02T12:00:00Z,0.0,56.125,100.125,NaN,NaN
2017-01-02T12:00:00Z,0.0,56.125,104.125,NaN,NaN
2017-01-02T12:00:00Z,0.0,56.125,108.125,NaN,NaN
2017-01-02T12:00:00Z,0.0,56.125,112.125,NaN,NaN
2017-01-02T12:00:00Z,0.0,56.125,116.125,NaN,NaN
2017-01-02T12:00:00Z,0.0,56.125,120.125,NaN,NaN
2017-01-02T12:00:00Z,0.0,56.125,124.125,NaN,NaN
2017-01-02T12:00:00Z,0.0,56.125,128.125,NaN,NaN
2017-01-02T12:00:00Z,0.0,56.125,132.125,NaN,NaN
2017-01-02T12:00:00Z,0.0,56.125,136.125,NaN,NaN
2017-01-02T12:00:00Z,0.0,56.125,140.125,-1.41,-1.25
2017-01-02T12:00:00Z,0.0,56.125,144.125,-0.93,-1.1
2017-01-02T12:00:00Z,0.0,56.125,148.125,0.51,0.17
2017-01-02T12:00:00Z,0.0,56.125,152.125,1.01,0.46
2017-01-02T12:00:00Z,0.0,56.125,156.125,NaN,NaN
2017-01-02T12:00:00Z,0.0,56.125,160.125,NaN,NaN
2017-01-02T12:00:00Z,0.0,56.125,164.125,2.74,1.3
2017-01-02T12:00:00Z,0.0,56.125,168.125,2.36,0.31
2017-01-02T12:00:00Z,0.0,56.125,172.125,3.68,1.03
2017-01-02T12:00:00Z,0.0,56.125,176.125,3.85,1.04
2017-01-02T12:00:00Z,0.0,56.125,180.125,3.48,0.52
2017-01-02T12:00:00Z,0.0,56.125,184.125,3.96,0.48
2017-01-02T12:00:00Z,0.0,56.125,188.125,4.9,1.12
2017-01-02T12:00:00Z,0.0,56.125,192.125,5.33,1.52
2017-01-02T12:00:00Z,0.0,56.125,196.125,5.47,1.69
2017-01-02T12:00:00Z,0.0,56.125,200.125,NaN,NaN
2017-01-02T12:00:00Z,0.0,56.125,204.125,5.9,0.83
2017-01-02T12:00:00Z,0.0,56.125,208.125,6.99,1.72
2017-01-02T12:00:00Z,0.0,56.125,212.125,5.86,0.71
2017-01-02T12:00:00Z,0.0,56.125,216.125,6.27,0.7
2017-01-02T12:00:00Z,0.0,56.125,220.125,7.21,0.97
2017-01-02T12:00:00Z,0.0,56.125,224.125,8.24,1.42
2017-01-02T12:00:00Z,0.0,56.125,228.125,NaN,NaN
2017-01-02T12:00:00Z,0.0,56.125,232.125,NaN,NaN
2017-01-02T12:00:00Z,0.0,56.125,236.125,NaN,NaN
2017-01-02T12:00:00Z,0.0,56.125,240.125,NaN,NaN
2017-01-02T12:00:00Z,0.0,56.125,244.125,NaN,NaN
2017-01-02T12:00:00Z,0.0,56.125,248.125,NaN,NaN
2017-01-02T12:00:00Z,0.0,56.125,252.125,NaN,NaN
2017-01-02T12:00:00Z,0.0,56.125,256.125,NaN,NaN
2017-01-02T12:00:00Z,0.0,56.125,260.125,NaN,NaN
2017-01-02T12:00:00Z,0.0,56.125,264.125,NaN,NaN
2017-01-02T12:00:00Z,0.0,56.125,268.125,NaN,NaN
2017-01-02T12:00:00Z,0.0,56.125,272.125,NaN,NaN
2017-01-02T12:00:00Z,0.0,56.125,276.125,-1.33,0.19
2017-01-02T12:00:00Z,0.0,56.125,280.125,-0.91,0.47
2017-01-02T12:00:00Z,0.0,56.125,284.125,NaN,NaN
2017-01-02T12:00:00Z,0.0,56.125,288.125,NaN,NaN
2017-01-02T12:00:00Z,0.0,56.125,292.125,NaN,NaN
2017-01-02T12:00:00Z,0.0,56.125,296.125,NaN,NaN
2017-01-02T12:00:00Z,0.0,56.125,300.125,-1.38,-0.99
2017-01-02T12:00:00Z,0.0,56.125,304.125,1.91,1.0
2017-01-02T12:00:00Z,0.0,56.125,308.125,2.89,0.56
2017-01-02T12:00:00Z,0.0,56.125,312.125,3.36,0.09
2017-01-02T12:00:00Z,0.0,56.125,316.125,3.49,-0.1
2017-01-02T12:00:00Z,0.0,56.125,320.125,4.57,0.08
2017-01-02T12:00:00Z,0.0,56.125,324.125,5.8,-0.14
2017-01-02T12:00:00Z,0.0,56.125,328.125,6.71,-0.36
2017-01-02T12:00:00Z,0.0,56.125,332.125,7.6,-0.5
2017-01-02T12:00:00Z,0.0,56.125,336.125,8.86,-0.39
2017-01-02T12:00:00Z,0.0,56.125,340.125,10.11,0.16
2017-01-02T12:00:00Z,0.0,56.125,344.125,9.46,-0.5
2017-01-02T12:00:00Z,0.0,56.125,348.125,10.75,0.7
2017-01-02T12:00:00Z,0.0,56.125,352.125,10.03,0.47
2017-01-02T12:00:00Z,0.0,56.125,356.125,NaN,NaN
2017-01-02T12:00:00Z,0.0,60.125,0.125,9.16,0.87
2017-01-02T12:00:00Z,0.0,60.125,4.125,8.39,0.91
2017-01-02T12:00:00Z,0.0,60.125,8.125,NaN,NaN
2017-01-02T12:00:00Z,0.0,60.125,12.125,NaN,NaN
2017-01-02T12:00:00Z,0.0,60.125,16.125,NaN,NaN
2017-01-02T12:00:00Z,0.0,60.125,20.125,NaN,NaN
2017-01-02T12:00:00Z,0.0,60.125,24.125,NaN,NaN
2017-01-02T12:00:00Z,0.0,60.125,28.125,0.78,-1.05
2017-01-02T12:00:00Z,0.0,60.125,32.125,NaN,NaN
2017-01-02T12:00:00Z,0.0,60.125,36.125,NaN,NaN
2017-01-02T12:00:00Z,0.0,60.125,40.125,NaN,NaN
2017-01-02T12:00:00Z,0.0,60.125,44.125,NaN,NaN
2017-01-02T12:00:00Z,0.0,60.125,48.125,NaN,NaN
2017-01-02T12:00:00Z,0.0,60.125,52.125,NaN,NaN
2017-01-02T12:00:00Z,0.0,60.125,56.125,NaN,NaN
2017-01-02T12:00:00Z,0.0,60.125,60.125,NaN,NaN
2017-01-02T12:00:00Z,0.0,60.125,64.125,NaN,NaN
2017-01-02T12:00:00Z,0.0,60.125,68.125,NaN,NaN
2017-01-02T12:00:00Z,0.0,60.125,72.125,NaN,NaN
2017-01-02T12:00:00Z,0.0,60.125,76.125,NaN,NaN
2017-01-02T12:00:00Z,0.0,60.125,80.125,NaN,NaN
2017-01-02T12:00:00Z,0.0,60.125,84.125,NaN,NaN
2017-01-02T12:00:00Z,0.0,60.125,88.125,NaN,NaN
2017-01-02T12:00:00Z,0.0,60.125,92.125,NaN,NaN
2017-01-02T12:00:00Z,0.0,60.125,96.125,NaN,NaN
2017-01-02T12:00:00Z,0.0,60.125,100.125,NaN,NaN
2017-01-02T12:00:00Z,0.0,60.125,104.125,NaN,NaN
2017-01-02T12:00:00Z,0.0,60.125,108.125,NaN,NaN
2017-01-02T12:00:00Z,0.0,60.125,112.125,NaN,NaN
2017-01-02T12:00:00Z,0.0,60.125,116.125,NaN,NaN
2017-01-02T12:00:00Z,0.0,60.125,120.125,NaN,NaN
2017-01-02T12:00:00Z,0.0,60.125,124.125,NaN,NaN
2017-01-02T12:00:00Z,0.0,60.125,128.125,NaN,NaN
2017-01-02T12:00:00Z,0.0,60.125,132.125,NaN,NaN
2017-01-02T12:00:00Z,0.0,60.125,136.125,NaN,NaN
2017-01-02T12:00:00Z,0.0,60.125,140.125,NaN,NaN
2017-01-02T12:00:00Z,0.0,60.125,144.125,NaN,NaN
2017-01-02T12:00:00Z,0.0,60.125,148.125,NaN,NaN
2017-01-02T12:00:00Z,0.0,60.125,152.125,NaN,NaN
2017-01-02T12:00:00Z,0.0,60.125,156.125,-0.3,-0.36
2017-01-02T12:00:00Z,0.0,60.125,160.125,-1.12,-1.15
2017-01-02T12:00:00Z,0.0,60.125,164.125,NaN,NaN
2017-01-02T12:00:00Z,0.0,60.125,168.125,1.68,0.89
2017-01-02T12:00:00Z,0.0,60.125,172.125,3.3,2.29
2017-01-02T12:00:00Z,0.0,60.125,176.125,3.37,1.8
2017-01-02T12:00:00Z,0.0,60.125,180.125,4.2,2.18
2017-01-02T12:00:00Z,0.0,60.125,184.125,4.04,2.19
2017-01-02T12:00:00Z,0.0,60.125,188.125,4.03,2.98
2017-01-02T12:00:00Z,0.0,60.125,192.125,-0.05,-0.28
2017-01-02T12:00:00Z,0.0,60.125,196.125,NaN,NaN
2017-01-02T12:00:00Z,0.0,60.125,200.125,NaN,NaN
2017-01-02T12:00:00Z,0.0,60.125,204.125,NaN,NaN
2017-01-02T12:00:00Z,0.0,60.125,208.125,3.71,-1.59
2017-01-02T12:00:00Z,0.0,60.125,212.125,NaN,NaN
2017-01-02T12:00:00Z,0.0,60.125,216.125,NaN,NaN
2017-01-02T12:00:00Z,0.0,60.125,220.125,NaN,NaN
2017-01-02T12:00:00Z,0.0,60.125,224.125,NaN,NaN
2017-01-02T12:00:00Z,0.0,60.125,228.125,NaN,NaN
2017-01-02T12:00:00Z,0.0,60.125,232.125,NaN,NaN
2017-01-02T12:00:00Z,0.0,60.125,236.125,NaN,NaN
2017-01-02T12:00:00Z,0.0,60.125,240.125,NaN,NaN
2017-01-02T12:00:00Z,0.0,60.125,244.125,NaN,NaN
2017-01-02T12:00:00Z,0.0,60.125,248.125,NaN,NaN
2017-01-02T12:00:00Z,0.0,60.125,252.125,NaN,NaN
2017-01-02T12:00:00Z,0.0,60.125,256.125,NaN,NaN
2017-01-02T12:00:00Z,0.0,60.125,260.125,NaN,NaN
2017-01-02T12:00:00Z,0.0,60.125,264.125,NaN,NaN
2017-01-02T12:00:00Z,0.0,60.125,268.125,-1.59,0.05
2017-01-02T12:00:00Z,0.0,60.125,272.125,-1.54,0.18
2017-01-02T12:00:00Z,0.0,60.125,276.125,-1.57,0.11
2017-01-02T12:00:00Z,0.0,60.125,280.125,-1.33,0.21
2017-01-02T12:00:00Z,0.0,60.125,284.125,NaN,NaN
2017-01-02T12:00:00Z,0.0,60.125,288.125,NaN,NaN
2017-01-02T12:00:00Z,0.0,60.125,292.125,-1.47,-0.18
2017-01-02T12:00:00Z,0.0,60.125,296.125,-1.44,-0.43
2017-01-02T12:00:00Z,0.0,60.125,300.125,1.24,1.07
2017-01-02T12:00:00Z,0.0,60.125,304.125,2.21,0.25
2017-01-02T12:00:00Z,0.0,60.125,308.125,3.94,1.82
2017-01-02T12:00:00Z,0.0,60.125,312.125,1.59,-0.09
2017-01-02T12:00:00Z,0.0,60.125,316.125,NaN,NaN
2017-01-02T12:00:00Z,0.0,60.125,320.125,5.02,0.81
2017-01-02T12:00:00Z,0.0,60.125,324.125,4.78,-0.06
2017-01-02T12:00:00Z,0.0,60.125,328.125,5.74,-0.31
2017-01-02T12:00:00Z,0.0,60.125,332.125,7.41,0.07
2017-01-02T12:00:00Z,0.0,60.125,336.125,7.49,-0.68
2017-01-02T12:00:00Z,0.0,60.125,340.125,8.32,-0.31
2017-01-02T12:00:00Z,0.0,60.125,344.125,7.95,-0.75
2017-01-02T12:00:00Z,0.0,60.125,348.125,9.13,0.19
2017-01-02T12:00:00Z,0.0,60.125,352.125,8.93,0.06
2017-01-02T12:00:00Z,0.0,60.125,356.125,9.51,0.9
2017-01-02T12:00:00Z,0.0,64.125,0.125,7.6,0.94
2017-01-02T12:00:00Z,0.0,64.125,4.125,8.54,1.03
2017-01-02T12:00:00Z,0.0,64.125,8.125,8.62,1.54
2017-01-02T12:00:00Z,0.0,64.125,12.125,NaN,NaN
2017-01-02T12:00:00Z,0.0,64.125,16.125,NaN,NaN
2017-01-02T12:00:00Z,0.0,64.125,20.125,NaN,NaN
2017-01-02T12:00:00Z,0.0,64.125,24.125,NaN,NaN
2017-01-02T12:00:00Z,0.0,64.125,28.125,NaN,NaN
2017-01-02T12:00:00Z,0.0,64.125,32.125,NaN,NaN
2017-01-02T12:00:00Z,0.0,64.125,36.125,NaN,NaN
2017-01-02T12:00:00Z,0.0,64.125,40.125,NaN,NaN
2017-01-02T12:00:00Z,0.0,64.125,44.125,NaN,NaN
2017-01-02T12:00:00Z,0.0,64.125,48.125,NaN,NaN
2017-01-02T12:00:00Z,0.0,64.125,52.125,NaN,NaN
2017-01-02T12:00:00Z,0.0,64.125,56.125,NaN,NaN
2017-01-02T12:00:00Z,0.0,64.125,60.125,NaN,NaN
2017-01-02T12:00:00Z,0.0,64.125,64.125,NaN,NaN
2017-01-02T12:00:00Z,0.0,64.125,68.125,NaN,NaN
2017-01-02T12:00:00Z,0.0,64.125,72.125,NaN,NaN
2017-01-02T12:00:00Z,0.0,64.125,76.125,NaN,NaN
2017-01-02T12:00:00Z,0.0,64.125,80.125,NaN,NaN
2017-01-02T12:00:00Z,0.0,64.125,84.125,NaN,NaN
2017-01-02T12:00:00Z,0.0,64.125,88.125,NaN,NaN
2017-01-02T12:00:00Z,0.0,64.125,92.125,NaN,NaN
2017-01-02T12:00:00Z,0.0,64.125,96.125,NaN,NaN
2017-01-02T12:00:00Z,0.0,64.125,100.125,NaN,NaN
2017-01-02T12:00:00Z,0.0,64.125,104.125,NaN,NaN
2017-01-02T12:00:00Z,0.0,64.125,108.125,NaN,NaN
2017-01-02T12:00:00Z,0.0,64.125,112.125,NaN,NaN
2017-01-02T12:00:00Z,0.0,64.125,116.125,NaN,NaN
2017-01-02T12:00:00Z,0.0,64.125,120.125,NaN,NaN
2017-01-02T12:00:00Z,0.0,64.125,124.125,NaN,NaN
2017-01-02T12:00:00Z,0.0,64.125,128.125,NaN,NaN
2017-01-02T12:00:00Z,0.0,64.125,132.125,NaN,NaN
2017-01-02T12:00:00Z,0.0,64.125,136.125,NaN,NaN
2017-01-02T12:00:00Z,0.0,64.125,140.125,NaN,NaN
2017-01-02T12:00:00Z,0.0,64.125,144.125,NaN,NaN
2017-01-02T12:00:00Z,0.0,64.125,148.125,NaN,NaN
2017-01-02T12:00:00Z,0.0,64.125,152.125,NaN,NaN
2017-01-02T12:00:00Z,0.0,64.125,156.125,NaN,NaN
2017-01-02T12:00:00Z,0.0,64.125,160.125,NaN,NaN
2017-01-02T12:00:00Z,0.0,64.125,164.125,NaN,NaN
2017-01-02T12:00:00Z,0.0,64.125,168.125,NaN,NaN
2017-01-02T12:00:00Z,0.0,64.125,172.125,NaN,NaN
2017-01-02T12:00:00Z,0.0,64.125,176.125,NaN,NaN
2017-01-02T12:00:00Z,0.0,64.125,180.125,-0.57,0.26
2017-01-02T12:00:00Z,0.0,64.125,184.125,1.35,1.44
2017-01-02T12:00:00Z,0.0,64.125,188.125,1.5,2.08
2017-01-02T12:00:00Z,0.0,64.125,192.125,-0.89,-0.01
2017-01-02T12:00:00Z,0.0,64.125,196.125,-1.32,-0.54
2017-01-02T12:00:00Z,0.0,64.125,200.125,NaN,NaN
2017-01-02T12:00:00Z,0.0,64.125,204.125,NaN,NaN
2017-01-02T12:00:00Z,0.0,64.125,208.125,NaN,NaN
2017-01-02T12:00:00Z,0.0,64.125,212.125,NaN,NaN
2017-01-02T12:00:00Z,0.0,64.125,216.125,NaN,NaN
2017-01-02T12:00:00Z,0.0,64.125,220.125,NaN,NaN
2017-01-02T12:00:00Z,0.0,64.125,224.125,NaN,NaN
2017-01-02T12:00:00Z,0.0,64.125,228.125,NaN,NaN
2017-01-02T12:00:00Z,0.0,64.125,232.125,NaN,NaN
2017-01-02T12:00:00Z,0.0,64.125,236.125,NaN,NaN
2017-01-02T12:00:00Z,0.0,64.125,240.125,NaN,NaN
2017-01-02T12:00:00Z,0.0,64.125,244.125,NaN,NaN
2017-01-02T12:00:00Z,0.0,64.125,248.125,NaN,NaN
2017-01-02T12:00:00Z,0.0,64.125,252.125,NaN,NaN
2017-01-02T12:00:00Z,0.0,64.125,256.125,NaN,NaN
2017-01-02T12:00:00Z,0.0,64.125,260.125,NaN,NaN
2017-01-02T12:00:00Z,0.0,64.125,264.125,NaN,NaN
2017-01-02T12:00:00Z,0.0,64.125,268.125,NaN,NaN
2017-01-02T12:00:00Z,0.0,64.125,272.125,-1.62,0.09
2017-01-02T12:00:00Z,0.0,64.125,276.125,NaN,NaN
2017-01-02T12:00:00Z,0.0,64.125,280.125,-1.58,0.13
2017-01-02T12:00:00Z,0.0,64.125,284.125,-1.42,0.13
2017-01-02T12:00:00Z,0.0,64.125,288.125,NaN,NaN
2017-01-02T12:00:00Z,0.0,64.125,292.125,NaN,NaN
2017-01-02T12:00:00Z,0.0,64.125,296.125,-1.57,0.03
2017-01-02T12:00:00Z,0.0,64.125,300.125,-1.57,-0.7
2017-01-02T12:00:00Z,0.0,64.125,304.125,1.46,0.97
2017-01-02T12:00:00Z,0.0,64.125,308.125,1.44,1.18
2017-01-02T12:00:00Z,0.0,64.125,312.125,NaN,NaN
2017-01-02T12:00:00Z,0.0,64.125,316.125,NaN,NaN
2017-01-02T12:00:00Z,0.0,64.125,320.125,0.34,-2.46
2017-01-02T12:00:00Z,0.0,64.125,324.125,5.87,2.03
2017-01-02T12:00:00Z,0.0,64.125,328.125,5.8,0.59
2017-01-02T12:00:00Z,0.0,64.125,332.125,6.04,-0.4
2017-01-02T12:00:00Z,0.0,64.125,336.125,6.45,0.14
2017-01-02T12:00:00Z,0.0,64.125,340.125,NaN,NaN
2017-01-02T12:00:00Z,0.0,64.125,344.125,7.32,0.22
2017-01-02T12:00:00Z,0.0,64.125,348.125,7.83,1.84
2017-01-02T12:00:00Z,0.0,64.125,352.125,5.42,0.5
2017-01-02T12:00:00Z,0.0,64.125,356.125,6.03,0.73
2017-01-02T12:00:00Z,0.0,68.125,0.125,6.28,0.67
2017-01-02T12:00:00Z,0.0,68.125,4.125,7.46,1.19
2017-01-02T12:00:00Z,0.0,68.125,8.125,7.53,0.9
2017-01-02T12:00:00Z,0.0,68.125,12.125,7.22,1.07
2017-01-02T12:00:00Z,0.0,68.125,16.125,5.82,0.35
2017-01-02T12:00:00Z,0.0,68.125,20.125,NaN,NaN
2017-01-02T12:00:00Z,0.0,68.125,24.125,NaN,NaN
2017-01-02T12:00:00Z,0.0,68.125,28.125,NaN,NaN
2017-01-02T12:00:00Z,0.0,68.125,32.125,NaN,NaN
2017-01-02T12:00:00Z,0.0,68.125,36.125,NaN,NaN
2017-01-02T12:00:00Z,0.0,68.125,40.125,3.42,1.72
2017-01-02T12:00:00Z,0.0,68.125,44.125,-1.55,-2.04
2017-01-02T12:00:00Z,0.0,68.125,48.125,-1.0,-1.11
2017-01-02T12:00:00Z,0.0,68.125,52.125,NaN,NaN
2017-01-02T12:00:00Z,0.0,68.125,56.125,NaN,NaN
2017-01-02T12:00:00Z,0.0,68.125,60.125,NaN,NaN
2017-01-02T12:00:00Z,0.0,68.125,64.125,NaN,NaN
2017-01-02T12:00:00Z,0.0,68.125,68.125,NaN,NaN
2017-01-02T12:00:00Z,0.0,68.125,72.125,NaN,NaN
2017-01-02T12:00:00Z,0.0,68.125,76.125,NaN,NaN
2017-01-02T12:00:00Z,0.0,68.125,80.125,NaN,NaN
2017-01-02T12:00:00Z,0.0,68.125,84.125,NaN,NaN
2017-01-02T12:00:00Z,0.0,68.125,88.125,NaN,NaN
2017-01-02T12:00:00Z,0.0,68.125,92.125,NaN,NaN
2017-01-02T12:00:00Z,0.0,68.125,96.125,NaN,NaN
2017-01-02T12:00:00Z,0.0,68.125,100.125,NaN,NaN
2017-01-02T12:00:00Z,0.0,68.125,104.125,NaN,NaN
2017-01-02T12:00:00Z,0.0,68.125,108.125,NaN,NaN
2017-01-02T12:00:00Z,0.0,68.125,112.125,NaN,NaN
2017-01-02T12:00:00Z,0.0,68.125,116.125,NaN,NaN
2017-01-02T12:00:00Z,0.0,68.125,120.125,NaN,NaN
2017-01-02T12:00:00Z,0.0,68.125,124.125,NaN,NaN
2017-01-02T12:00:00Z,0.0,68.125,128.125,NaN,NaN
2017-01-02T12:00:00Z,0.0,68.125,132.125,NaN,NaN
2017-01-02T12:00:00Z,0.0,68.125,136.125,NaN,NaN
2017-01-02T12:00:00Z,0.0,68.125,140.125,NaN,NaN
2017-01-02T12:00:00Z,0.0,68.125,144.125,NaN,NaN
2017-01-02T12:00:00Z,0.0,68.125,148.125,NaN,NaN
2017-01-02T12:00:00Z,0.0,68.125,152.125,NaN,NaN
2017-01-02T12:00:00Z,0.0,68.125,156.125,NaN,NaN
2017-01-02T12:00:00Z,0.0,68.125,160.125,NaN,NaN
2017-01-02T12:00:00Z,0.0,68.125,164.125,NaN,NaN
2017-01-02T12:00:00Z,0.0,68.125,168.125,NaN,NaN
2017-01-02T12:00:00Z,0.0,68.125,172.125,NaN,NaN
2017-01-02T12:00:00Z,0.0,68.125,176.125,NaN,NaN
2017-01-02T12:00:00Z,0.0,68.125,180.125,NaN,NaN
2017-01-02T12:00:00Z,0.0,68.125,184.125,-1.58,0.1
2017-01-02T12:00:00Z,0.0,68.125,188.125,-1.59,0.11
2017-01-02T12:00:00Z,0.0,68.125,192.125,-1.36,0.17
2017-01-02T12:00:00Z,0.0,68.125,196.125,NaN,NaN
2017-01-02T12:00:00Z,0.0,68.125,200.125,NaN,NaN
2017-01-02T12:00:00Z,0.0,68.125,204.125,NaN,NaN
2017-01-02T12:00:00Z,0.0,68.125,208.125,NaN,NaN
2017-01-02T12:00:00Z,0.0,68.125,212.125,NaN,NaN
2017-01-02T12:00:00Z,0.0,68.125,216.125,NaN,NaN
2017-01-02T12:00:00Z,0.0,68.125,220.125,NaN,NaN
2017-01-02T12:00:00Z,0.0,68.125,224.125,NaN,NaN
2017-01-02T12:00:00Z,0.0,68.125,228.125,NaN,NaN
2017-01-02T12:00:00Z,0.0,68.125,232.125,NaN,NaN
2017-01-02T12:00:00Z,0.0,68.125,236.125,NaN,NaN
2017-01-02T12:00:00Z,0.0,68.125,240.125,NaN,NaN
2017-01-02T12:00:00Z,0.0,68.125,244.125,NaN,NaN
2017-01-02T12:00:00Z,0.0,68.125,248.125,-1.01,0.78
2017-01-02T12:00:00Z,0.0,68.125,252.125,-1.17,0.63
2017-01-02T12:00:00Z,0.0,68.125,256.125,-1.47,0.29
2017-01-02T12:00:00Z,0.0,68.125,260.125,-1.29,0.47
2017-01-02T12:00:00Z,0.0,68.125,264.125,-1.07,0.67
2017-01-02T12:00:00Z,0.0,68.125,268.125,NaN,NaN
2017-01-02T12:00:00Z,0.0,68.125,272.125,-1.55,0.21
2017-01-02T12:00:00Z,0.0,68.125,276.125,NaN,NaN
2017-01-02T12:00:00Z,0.0,68.125,280.125,-1.64,0.13
2017-01-02T12:00:00Z,0.0,68.125,284.125,NaN,NaN
2017-01-02T12:00:00Z,0.0,68.125,288.125,NaN,NaN
2017-01-02T12:00:00Z,0.0,68.125,292.125,NaN,NaN
2017-01-02T12:00:00Z,0.0,68.125,296.125,-1.68,0.11
2017-01-02T12:00:00Z,0.0,68.125,300.125,-1.73,-0.14
2017-01-02T12:00:00Z,0.0,68.125,304.125,-1.6,-1.11
2017-01-02T12:00:00Z,0.0,68.125,308.125,NaN,NaN
2017-01-02T12:00:00Z,0.0,68.125,312.125,NaN,NaN
2017-01-02T12:00:00Z,0.0,68.125,316.125,NaN,NaN
2017-01-02T12:00:00Z,0.0,68.125,320.125,NaN,NaN
2017-01-02T12:00:00Z,0.0,68.125,324.125,NaN,NaN
2017-01-02T12:00:00Z,0.0,68.125,328.125,-1.51,-0.68
2017-01-02T12:00:00Z,0.0,68.125,332.125,-1.58,-1.37
2017-01-02T12:00:00Z,0.0,68.125,336.125,-0.32,-1.54
2017-01-02T12:00:00Z,0.0,68.125,340.125,0.99,-0.71
2017-01-02T12:00:00Z,0.0,68.125,344.125,1.48,0.13
2017-01-02T12:00:00Z,0.0,68.125,348.125,1.23,0.26
2017-01-02T12:00:00Z,0.0,68.125,352.125,4.5,2.17
2017-01-02T12:00:00Z,0.0,68.125,356.125,5.13,0.72
2017-01-02T12:00:00Z,0.0,72.125,0.125,3.44,1.44
2017-01-02T12:00:00Z,0.0,72.125,4.125,4.42,1.13
2017-01-02T12:00:00Z,0.0,72.125,8.125,5.38,1.03
2017-01-02T12:00:00Z,0.0,72.125,12.125,5.86,0.83
2017-01-02T12:00:00Z,0.0,72.125,16.125,7.04,1.58
2017-01-02T12:00:00Z,0.0,72.125,20.125,6.18,1.47
2017-01-02T12:00:00Z,0.0,72.125,24.125,5.85,1.25
2017-01-02T12:00:00Z,0.0,72.125,28.125,5.41,0.82
2017-01-02T12:00:00Z,0.0,72.125,32.125,5.09,1.26
2017-01-02T12:00:00Z,0.0,72.125,36.125,2.87,0.13
2017-01-02T12:00:00Z,0.0,72.125,40.125,2.89,0.92
2017-01-02T12:00:00Z,0.0,72.125,44.125,3.76,2.0
2017-01-02T12:00:00Z,0.0,72.125,48.125,2.86,1.53
2017-01-02T12:00:00Z,0.0,72.125,52.125,-1.55,-2.03
2017-01-02T12:00:00Z,0.0,72.125,56.125,-1.34,-0.41
2017-01-02T12:00:00Z,0.0,72.125,60.125,-0.98,0.4
2017-01-02T12:00:00Z,0.0,72.125,64.125,-1.45,0.15
2017-01-02T12:00:00Z,0.0,72.125,68.125,-1.24,0.35
2017-01-02T12:00:00Z,0.0,72.125,72.125,NaN,NaN
2017-01-02T12:00:00Z,0.0,72.125,76.125,-0.55,1.15
2017-01-02T12:00:00Z,0.0,72.125,80.125,NaN,NaN
2017-01-02T12:00:00Z,0.0,72.125,84.125,NaN,NaN
2017-01-02T12:00:00Z,0.0,72.125,88.125,NaN,NaN
2017-01-02T12:00:00Z,0.0,72.125,92.125,NaN,NaN
2017-01-02T12:00:00Z,0.0,72.125,96.125,NaN,NaN
2017-01-02T12:00:00Z,0.0,72.125,100.125,NaN,NaN
2017-01-02T12:00:00Z,0.0,72.125,104.125,NaN,NaN
2017-01-02T12:00:00Z,0.0,72.125,108.125,NaN,NaN
2017-01-02T12:00:00Z,0.0,72.125,112.125,NaN,NaN
2017-01-02T12:00:00Z,0.0,72.125,116.125,NaN,NaN
2017-01-02T12:00:00Z,0.0,72.125,120.125,NaN,NaN
2017-01-02T12:00:00Z,0.0,72.125,124.125,NaN,NaN
2017-01-02T12:00:00Z,0.0,72.125,128.125,NaN,NaN
2017-01-02T12:00:00Z,0.0,72.125,132.125,-0.45,1.32
2017-01-02T12:00:00Z,0.0,72.125,136.125,-0.78,1.02
2017-01-02T12:00:00Z,0.0,72.125,140.125,NaN,NaN
2017-01-02T12:00:00Z,0.0,72.125,144.125,NaN,NaN
2017-01-02T12:00:00Z,0.0,72.125,148.125,NaN,NaN
2017-01-02T12:00:00Z,0.0,72.125,152.125,-0.87,0.93
2017-01-02T12:00:00Z,0.0,72.125,156.125,-1.0,0.8
2017-01-02T12:00:00Z,0.0,72.125,160.125,-1.08,0.71
2017-01-02T12:00:00Z,0.0,72.125,164.125,-1.4,0.37
2017-01-02T12:00:00Z,0.0,72.125,168.125,-1.47,0.32
2017-01-02T12:00:00Z,0.0,72.125,172.125,-1.48,0.31
2017-01-02T12:00:00Z,0.0,72.125,176.125,-1.54,0.24
2017-01-02T12:00:00Z,0.0,72.125,180.125,-1.59,0.19
2017-01-02T12:00:00Z,0.0,72.125,184.125,-1.59,0.19
2017-01-02T12:00:00Z,0.0,72.125,188.125,-1.56,0.23
2017-01-02T12:00:00Z,0.0,72.125,192.125,-1.64,0.15
2017-01-02T12:00:00Z,0.0,72.125,196.125,-1.51,0.23
2017-01-02T12:00:00Z,0.0,72.125,200.125,-1.69,0.0
2017-01-02T12:00:00Z,0.0,72.125,204.125,-1.8,-0.05
2017-01-02T12:00:00Z,0.0,72.125,208.125,-1.63,0.14
2017-01-02T12:00:00Z,0.0,72.125,212.125,-1.57,0.22
2017-01-02T12:00:00Z,0.0,72.125,216.125,-1.47,0.33
2017-01-02T12:00:00Z,0.0,72.125,220.125,-1.43,0.37
2017-01-02T12:00:00Z,0.0,72.125,224.125,-1.43,0.37
2017-01-02T12:00:00Z,0.0,72.125,228.125,-1.58,0.22
2017-01-02T12:00:00Z,0.0,72.125,232.125,-1.57,0.22
2017-01-02T12:00:00Z,0.0,72.125,236.125,NaN,NaN
2017-01-02T12:00:00Z,0.0,72.125,240.125,-1.54,0.15
2017-01-02T12:00:00Z,0.0,72.125,244.125,NaN,NaN
2017-01-02T12:00:00Z,0.0,72.125,248.125,NaN,NaN
2017-01-02T12:00:00Z,0.0,72.125,252.125,-0.84,0.96
2017-01-02T12:00:00Z,0.0,72.125,256.125,-1.75,0.05
2017-01-02T12:00:00Z,0.0,72.125,260.125,NaN,NaN
2017-01-02T12:00:00Z,0.0,72.125,264.125,-1.31,0.49
2017-01-02T12:00:00Z,0.0,72.125,268.125,-1.6,0.19
2017-01-02T12:00:00Z,0.0,72.125,272.125,NaN,NaN
2017-01-02T12:00:00Z,0.0,72.125,276.125,NaN,NaN
2017-01-02T12:00:00Z,0.0,72.125,280.125,NaN,NaN
2017-01-02T12:00:00Z,0.0,72.125,284.125,NaN,NaN
2017-01-02T12:00:00Z,0.0,72.125,288.125,-1.7,0.1
2017-01-02T12:00:00Z,0.0,72.125,292.125,-1.72,0.08
2017-01-02T12:00:00Z,0.0,72.125,296.125,-1.63,0.17
2017-01-02T12:00:00Z,0.0,72.125,300.125,-1.71,-0.14
2017-01-02T12:00:00Z,0.0,72.125,304.125,-1.58,-0.82
2017-01-02T12:00:00Z,0.0,72.125,308.125,NaN,NaN
2017-01-02T12:00:00Z,0.0,72.125,312.125,NaN,NaN
2017-01-02T12:00:00Z,0.0,72.125,316.125,NaN,NaN
2017-01-02T12:00:00Z,0.0,72.125,320.125,NaN,NaN
2017-01-02T12:00:00Z,0.0,72.125,324.125,NaN,NaN
2017-01-02T12:00:00Z,0.0,72.125,328.125,NaN,NaN
2017-01-02T12:00:00Z,0.0,72.125,332.125,NaN,NaN
2017-01-02T12:00:00Z,0.0,72.125,336.125,NaN,NaN
2017-01-02T12:00:00Z,0.0,72.125,340.125,-1.59,-0.49
2017-01-02T12:00:00Z,0.0,72.125,344.125,0.49,0.3
2017-01-02T12:00:00Z,0.0,72.125,348.125,0.75,-0.16
2017-01-02T12:00:00Z,0.0,72.125,352.125,0.07,-1.12
2017-01-02T12:00:00Z,0.0,72.125,356.125,0.69,-0.84
2017-01-02T12:00:00Z,0.0,76.125,0.125,1.74,0.57
2017-01-02T12:00:00Z,0.0,76.125,4.125,2.76,0.49
2017-01-02T12:00:00Z,0.0,76.125,8.125,4.38,2.14
2017-01-02T12:00:00Z,0.0,76.125,12.125,4.75,3.04
2017-01-02T12:00:00Z,0.0,76.125,16.125,5.2,3.71
2017-01-02T12:00:00Z,0.0,76.125,20.125,3.33,3.25
2017-01-02T12:00:00Z,0.0,76.125,24.125,0.3,0.17
2017-01-02T12:00:00Z,0.0,76.125,28.125,0.61,-0.09
2017-01-02T12:00:00Z,0.0,76.125,32.125,2.41,1.66
2017-01-02T12:00:00Z,0.0,76.125,36.125,2.38,2.1
2017-01-02T12:00:00Z,0.0,76.125,40.125,1.79,1.78
2017-01-02T12:00:00Z,0.0,76.125,44.125,1.1,0.85
2017-01-02T12:00:00Z,0.0,76.125,48.125,0.91,0.58
2017-01-02T12:00:00Z,0.0,76.125,52.125,1.01,1.02
2017-01-02T12:00:00Z,0.0,76.125,56.125,1.53,1.79
2017-01-02T12:00:00Z,0.0,76.125,60.125,-0.06,1.05
2017-01-02T12:00:00Z,0.0,76.125,64.125,NaN,NaN
2017-01-02T12:00:00Z,0.0,76.125,68.125,-1.31,0.29
2017-01-02T12:00:00Z,0.0,76.125,72.125,-1.41,0.32
2017-01-02T12:00:00Z,0.0,76.125,76.125,-1.29,0.5
2017-01-02T12:00:00Z,0.0,76.125,80.125,-1.31,0.49
2017-01-02T12:00:00Z,0.0,76.125,84.125,-1.4,0.4
2017-01-02T12:00:00Z,0.0,76.125,88.125,-1.2,0.6
2017-01-02T12:00:00Z,0.0,76.125,92.125,-1.19,0.58
2017-01-02T12:00:00Z,0.0,76.125,96.125,NaN,NaN
2017-01-02T12:00:00Z,0.0,76.125,100.125,NaN,NaN
2017-01-02T12:00:00Z,0.0,76.125,104.125,NaN,NaN
2017-01-02T12:00:00Z,0.0,76.125,108.125,NaN,NaN
2017-01-02T12:00:00Z,0.0,76.125,112.125,NaN,NaN
2017-01-02T12:00:00Z,0.0,76.125,116.125,-1.5,0.29
2017-01-02T12:00:00Z,0.0,76.125,120.125,-1.49,0.31
2017-01-02T12:00:00Z,0.0,76.125,124.125,-1.41,0.39
2017-01-02T12:00:00Z,0.0,76.125,128.125,-1.31,0.49
2017-01-02T12:00:00Z,0.0,76.125,132.125,-1.3,0.5
2017-01-02T12:00:00Z,0.0,76.125,136.125,-1.22,0.58
2017-01-02T12:00:00Z,0.0,76.125,140.125,-1.25,0.55
2017-01-02T12:00:00Z,0.0,76.125,144.125,-1.22,0.58
2017-01-02T12:00:00Z,0.0,76.125,148.125,-1.41,0.39
2017-01-02T12:00:00Z,0.0,76.125,152.125,-1.33,0.47
2017-01-02T12:00:00Z,0.0,76.125,156.125,-1.3,0.5
2017-01-02T12:00:00Z,0.0,76.125,160.125,-1.49,0.31
2017-01-02T12:00:00Z,0.0,76.125,164.125,-1.36,0.44
2017-01-02T12:00:00Z,0.0,76.125,168.125,-1.59,0.21
2017-01-02T12:00:00Z,0.0,76.125,172.125,-1.45,0.35
2017-01-02T12:00:00Z,0.0,76.125,176.125,-1.6,0.2
2017-01-02T12:00:00Z,0.0,76.125,180.125,-1.56,0.24
2017-01-02T12:00:00Z,0.0,76.125,184.125,-1.6,0.2
2017-01-02T12:00:00Z,0.0,76.125,188.125,-1.53,0.27
2017-01-02T12:00:00Z,0.0,76.125,192.125,-1.56,0.23
2017-01-02T12:00:00Z,0.0,76.125,196.125,-1.58,0.22
2017-01-02T12:00:00Z,0.0,76.125,200.125,-1.73,0.07
2017-01-02T12:00:00Z,0.0,76.125,204.125,-1.56,0.24
2017-01-02T12:00:00Z,0.0,76.125,208.125,-1.54,0.26
2017-01-02T12:00:00Z,0.0,76.125,212.125,-1.55,0.25
2017-01-02T12:00:00Z,0.0,76.125,216.125,-1.54,0.26
2017-01-02T12:00:00Z,0.0,76.125,220.125,-1.48,0.32
2017-01-02T12:00:00Z,0.0,76.125,224.125,-1.52,0.28
2017-01-02T12:00:00Z,0.0,76.125,228.125,-1.45,0.35
2017-01-02T12:00:00Z,0.0,76.125,232.125,-1.52,0.28
2017-01-02T12:00:00Z,0.0,76.125,236.125,-1.59,0.21
2017-01-02T12:00:00Z,0.0,76.125,240.125,NaN,NaN
2017-01-02T12:00:00Z,0.0,76.125,244.125,NaN,NaN
2017-01-02T12:00:00Z,0.0,76.125,248.125,-1.48,0.32
2017-01-02T12:00:00Z,0.0,76.125,252.125,-1.54,0.26
2017-01-02T12:00:00Z,0.0,76.125,256.125,NaN,NaN
2017-01-02T12:00:00Z,0.0,76.125,260.125,NaN,NaN
2017-01-02T12:00:00Z,0.0,76.125,264.125,-1.62,0.18
2017-01-02T12:00:00Z,0.0,76.125,268.125,NaN,NaN
2017-01-02T12:00:00Z,0.0,76.125,272.125,-1.42,0.37
2017-01-02T12:00:00Z,0.0,76.125,276.125,-1.6,0.16
2017-01-02T12:00:00Z,0.0,76.125,280.125,-1.63,0.11
2017-01-02T12:00:00Z,0.0,76.125,284.125,-1.69,-0.03
2017-01-02T12:00:00Z,0.0,76.125,288.125,-1.7,-0.03
2017-01-02T12:00:00Z,0.0,76.125,292.125,NaN,NaN
2017-01-02T12:00:00Z,0.0,76.125,296.125,-1.66,0.06
2017-01-02T12:00:00Z,0.0,76.125,300.125,NaN,NaN
2017-01-02T12:00:00Z,0.0,76.125,304.125,NaN,NaN
2017-01-02T12:00:00Z,0.0,76.125,308.125,NaN,NaN
2017-01-02T12:00:00Z,0.0,76.125,312.125,NaN,NaN
2017-01-02T12:00:00Z,0.0,76.125,316.125,NaN,NaN
2017-01-02T12:00:00Z,0.0,76.125,320.125,NaN,NaN
2017-01-02T12:00:00Z,0.0,76.125,324.125,NaN,NaN
2017-01-02T12:00:00Z,0.0,76.125,328.125,NaN,NaN
2017-01-02T12:00:00Z,0.0,76.125,332.125,NaN,NaN
2017-01-02T12:00:00Z,0.0,76.125,336.125,NaN,NaN
2017-01-02T12:00:00Z,0.0,76.125,340.125,NaN,NaN
2017-01-02T12:00:00Z,0.0,76.125,344.125,-1.66,0.02
2017-01-02T12:00:00Z,0.0,76.125,348.125,-1.65,-0.54
2017-01-02T12:00:00Z,0.0,76.125,352.125,-1.55,-1.41
2017-01-02T12:00:00Z,0.0,76.125,356.125,1.91,1.25
2017-01-02T12:00:00Z,0.0,80.125,0.125,-1.31,-0.86
2017-01-02T12:00:00Z,0.0,80.125,4.125,0.01,-0.72
2017-01-02T12:00:00Z,0.0,80.125,8.125,1.37,0.56
2017-01-02T12:00:00Z,0.0,80.125,12.125,1.9,1.3
2017-01-02T12:00:00Z,0.0,80.125,16.125,-0.98,-1.28
2017-01-02T12:00:00Z,0.0,80.125,20.125,NaN,NaN
2017-01-02T12:00:00Z,0.0,80.125,24.125,NaN,NaN
2017-01-02T12:00:00Z,0.0,80.125,28.125,-0.95,0.32
2017-01-02T12:00:00Z,0.0,80.125,32.125,-0.41,1.12
2017-01-02T12:00:00Z,0.0,80.125,36.125,-1.3,0.36
2017-01-02T12:00:00Z,0.0,80.125,40.125,-1.48,0.25
2017-01-02T12:00:00Z,0.0,80.125,44.125,-1.54,0.17
2017-01-02T12:00:00Z,0.0,80.125,48.125,-1.53,0.13
2017-01-02T12:00:00Z,0.0,80.125,52.125,-1.61,0.05
2017-01-02T12:00:00Z,0.0,80.125,56.125,NaN,NaN
2017-01-02T12:00:00Z,0.0,80.125,60.125,-1.65,-0.01
2017-01-02T12:00:00Z,0.0,80.125,64.125,-1.56,0.15
2017-01-02T12:00:00Z,0.0,80.125,68.125,-1.53,0.23
2017-01-02T12:00:00Z,0.0,80.125,72.125,-1.29,0.5
2017-01-02T12:00:00Z,0.0,80.125,76.125,-1.3,0.49
2017-01-02T12:00:00Z,0.0,80.125,80.125,-1.4,0.4
2017-01-02T12:00:00Z,0.0,80.125,84.125,-1.54,0.26
2017-01-02T12:00:00Z,0.0,80.125,88.125,-1.52,0.28
2017-01-02T12:00:00Z,0.0,80.125,92.125,-1.51,0.26
2017-01-02T12:00:00Z,0.0,80.125,96.125,NaN,NaN
2017-01-02T12:00:00Z,0.0,80.125,100.125,-1.57,0.16
2017-01-02T12:00:00Z,0.0,80.125,104.125,-1.7,0.04
2017-01-02T12:00:00Z,0.0,80.125,108.125,-1.56,0.21
2017-01-02T12:00:00Z,0.0,80.125,112.125,-1.7,0.1
2017-01-02T12:00:00Z,0.0,80.125,116.125,-1.69,0.11
2017-01-02T12:00:00Z,0.0,80.125,120.125,-1.8,0.0
2017-01-02T12:00:00Z,0.0,80.125,124.125,-1.8,0.0
2017-01-02T12:00:00Z,0.0,80.125,128.125,-1.6,0.2
2017-01-02T12:00:00Z,0.0,80.125,132.125,-1.6,0.2
2017-01-02T12:00:00Z,0.0,80.125,136.125,-1.59,0.21
2017-01-02T12:00:00Z,0.0,80.125,140.125,-1.59,0.21
2017-01-02T12:00:00Z,0.0,80.125,144.125,-1.62,0.18
2017-01-02T12:00:00Z,0.0,80.125,148.125,-1.6,0.2
2017-01-02T12:00:00Z,0.0,80.125,152.125,-1.65,0.15
2017-01-02T12:00:00Z,0.0,80.125,156.125,-1.64,0.16
2017-01-02T12:00:00Z,0.0,80.125,160.125,-1.54,0.26
2017-01-02T12:00:00Z,0.0,80.125,164.125,-1.7,0.1
2017-01-02T12:00:00Z,0.0,80.125,168.125,-1.4,0.4
2017-01-02T12:00:00Z,0.0,80.125,172.125,-1.52,0.28
2017-01-02T12:00:00Z,0.0,80.125,176.125,-1.53,0.27
2017-01-02T12:00:00Z,0.0,80.125,180.125,-1.58,0.22
2017-01-02T12:00:00Z,0.0,80.125,184.125,-1.61,0.19
2017-01-02T12:00:00Z,0.0,80.125,188.125,-1.6,0.2
2017-01-02T12:00:00Z,0.0,80.125,192.125,-1.64,0.16
2017-01-02T12:00:00Z,0.0,80.125,196.125,-1.61,0.19
2017-01-02T12:00:00Z,0.0,80.125,200.125,-1.65,0.15
2017-01-02T12:00:00Z,0.0,80.125,204.125,-1.63,0.17
2017-01-02T12:00:00Z,0.0,80.125,208.125,-1.59,0.21
2017-01-02T12:00:00Z,0.0,80.125,212.125,-1.56,0.24
2017-01-02T12:00:00Z,0.0,80.125,216.125,-1.57,0.23
2017-01-02T12:00:00Z,0.0,80.125,220.125,-1.6,0.2
2017-01-02T12:00:00Z,0.0,80.125,224.125,-1.55,0.25
2017-01-02T12:00:00Z,0.0,80.125,228.125,-1.57,0.23
2017-01-02T12:00:00Z,0.0,80.125,232.125,-1.57,0.23
2017-01-02T12:00:00Z,0.0,80.125,236.125,-1.61,0.19
2017-01-02T12:00:00Z,0.0,80.125,240.125,-1.62,0.18
2017-01-02T12:00:00Z,0.0,80.125,244.125,-1.67,0.13
2017-01-02T12:00:00Z,0.0,80.125,248.125,-1.7,0.1
2017-01-02T12:00:00Z,0.0,80.125,252.125,-1.72,0.08
2017-01-02T12:00:00Z,0.0,80.125,256.125,-1.71,0.09
2017-01-02T12:00:00Z,0.0,80.125,260.125,-1.72,0.08
2017-01-02T12:00:00Z,0.0,80.125,264.125,NaN,NaN
2017-01-02T12:00:00Z,0.0,80.125,268.125,NaN,NaN
2017-01-02T12:00:00Z,0.0,80.125,272.125,NaN,NaN
2017-01-02T12:00:00Z,0.0,80.125,276.125,NaN,NaN
2017-01-02T12:00:00Z,0.0,80.125,280.125,NaN,NaN
2017-01-02T12:00:00Z,0.0,80.125,284.125,NaN,NaN
2017-01-02T12:00:00Z,0.0,80.125,288.125,NaN,NaN
2017-01-02T12:00:00Z,0.0,80.125,292.125,-1.58,0.18
2017-01-02T12:00:00Z,0.0,80.125,296.125,NaN,NaN
2017-01-02T12:00:00Z,0.0,80.125,300.125,NaN,NaN
2017-01-02T12:00:00Z,0.0,80.125,304.125,NaN,NaN
2017-01-02T12:00:00Z,0.0,80.125,308.125,NaN,NaN
2017-01-02T12:00:00Z,0.0,80.125,312.125,NaN,NaN
2017-01-02T12:00:00Z,0.0,80.125,316.125,NaN,NaN
2017-01-02T12:00:00Z,0.0,80.125,320.125,NaN,NaN
2017-01-02T12:00:00Z,0.0,80.125,324.125,NaN,NaN
2017-01-02T12:00:00Z,0.0,80.125,328.125,NaN,NaN
2017-01-02T12:00:00Z,0.0,80.125,332.125,NaN,NaN
2017-01-02T12:00:00Z,0.0,80.125,336.125,NaN,NaN
2017-01-02T12:00:00Z,0.0,80.125,340.125,NaN,NaN
2017-01-02T12:00:00Z,0.0,80.125,344.125,-1.69,0.02
2017-01-02T12:00:00Z,0.0,80.125,348.125,-1.64,0.11
2017-01-02T12:00:00Z,0.0,80.125,352.125,-1.72,0.05
2017-01-02T12:00:00Z,0.0,80.125,356.125,-1.48,0.0
2017-01-02T12:00:00Z,0.0,84.125,0.125,-1.57,0.23
2017-01-02T12:00:00Z,0.0,84.125,4.125,-1.6,0.19
2017-01-02T12:00:00Z,0.0,84.125,8.125,-1.62,0.17
2017-01-02T12:00:00Z,0.0,84.125,12.125,-1.61,0.15
2017-01-02T12:00:00Z,0.0,84.125,16.125,-1.56,0.16
2017-01-02T12:00:00Z,0.0,84.125,20.125,-1.57,0.15
2017-01-02T12:00:00Z,0.0,84.125,24.125,-1.59,0.12
2017-01-02T12:00:00Z,0.0,84.125,28.125,-1.63,0.11
2017-01-02T12:00:00Z,0.0,84.125,32.125,-1.69,0.08
2017-01-02T12:00:00Z,0.0,84.125,36.125,-1.62,0.15
2017-01-02T12:00:00Z,0.0,84.125,40.125,-1.62,0.16
2017-01-02T12:00:00Z,0.0,84.125,44.125,-1.6,0.19
2017-01-02T12:00:00Z,0.0,84.125,48.125,-1.53,0.24
2017-01-02T12:00:00Z,0.0,84.125,52.125,-1.49,0.27
2017-01-02T12:00:00Z,0.0,84.125,56.125,-1.48,0.27
2017-01-02T12:00:00Z,0.0,84.125,60.125,-1.55,0.21
2017-01-02T12:00:00Z,0.0,84.125,64.125,-1.59,0.19
2017-01-02T12:00:00Z,0.0,84.125,68.125,-1.55,0.25
2017-01-02T12:00:00Z,0.0,84.125,72.125,-1.56,0.24
2017-01-02T12:00:00Z,0.0,84.125,76.125,-1.59,0.21
2017-01-02T12:00:00Z,0.0,84.125,80.125,-1.62,0.18
2017-01-02T12:00:00Z,0.0,84.125,84.125,-1.73,0.07
2017-01-02T12:00:00Z,0.0,84.125,88.125,-1.67,0.13
2017-01-02T12:00:00Z,0.0,84.125,92.125,-1.7,0.1
2017-01-02T12:00:00Z,0.0,84.125,96.125,-1.71,0.09
2017-01-02T12:00:00Z,0.0,84.125,100.125,-1.73,0.07
2017-01-02T12:00:00Z,0.0,84.125,104.125,-1.8,0.0
2017-01-02T12:00:00Z,0.0,84.125,108.125,-1.8,0.0
2017-01-02T12:00:00Z,0.0,84.125,112.125,-1.77,0.03
2017-01-02T12:00:00Z,0.0,84.125,116.125,-1.78,0.02
2017-01-02T12:00:00Z,0.0,84.125,120.125,-1.72,0.08
2017-01-02T12:00:00Z,0.0,84.125,124.125,-1.72,0.08
2017-01-02T12:00:00Z,0.0,84.125,128.125,-1.69,0.11
2017-01-02T12:00:00Z,0.0,84.125,132.125,-1.67,0.13
2017-01-02T12:00:00Z,0.0,84.125,136.125,-1.64,0.16
2017-01-02T12:00:00Z,0.0,84.125,140.125,-1.65,0.15
2017-01-02T12:00:00Z,0.0,84.125,144.125,-1.67,0.13
2017-01-02T12:00:00Z,0.0,84.125,148.125,-1.63,0.17
2017-01-02T12:00:00Z,0.0,84.125,152.125,-1.65,0.15
2017-01-02T12:00:00Z,0.0,84.125,156.125,-1.64,0.16
2017-01-02T12:00:00Z,0.0,84.125,160.125,-1.8,0.0
2017-01-02T12:00:00Z,0.0,84.125,164.125,-1.78,0.02
2017-01-02T12:00:00Z,0.0,84.125,168.125,-1.77,0.03
2017-01-02T12:00:00Z,0.0,84.125,172.125,-1.65,0.15
2017-01-02T12:00:00Z,0.0,84.125,176.125,-1.7,0.1
2017-01-02T12:00:00Z,0.0,84.125,180.125,-1.69,0.11
2017-01-02T12:00:00Z,0.0,84.125,184.125,-1.74,0.06
2017-01-02T12:00:00Z,0.0,84.125,188.125,-1.73,0.07
2017-01-02T12:00:00Z,0.0,84.125,192.125,-1.7,0.1
2017-01-02T12:00:00Z,0.0,84.125,196.125,-1.7,0.1
2017-01-02T12:00:00Z,0.0,84.125,200.125,-1.64,0.16
2017-01-02T12:00:00Z,0.0,84.125,204.125,-1.71,0.09
2017-01-02T12:00:00Z,0.0,84.125,208.125,-1.7,0.1
2017-01-02T12:00:00Z,0.0,84.125,212.125,-1.69,0.11
2017-01-02T12:00:00Z,0.0,84.125,216.125,-1.66,0.14
2017-01-02T12:00:00Z,0.0,84.125,220.125,-1.72,0.08
2017-01-02T12:00:00Z,0.0,84.125,224.125,-1.7,0.1
2017-01-02T12:00:00Z,0.0,84.125,228.125,-1.67,0.13
2017-01-02T12:00:00Z,0.0,84.125,232.125,-1.61,0.19
2017-01-02T12:00:00Z,0.0,84.125,236.125,-1.65,0.15
2017-01-02T12:00:00Z,0.0,84.125,240.125,-1.62,0.18
2017-01-02T12:00:00Z,0.0,84.125,244.125,-1.65,0.15
2017-01-02T12:00:00Z,0.0,84.125,248.125,-1.61,0.19
2017-01-02T12:00:00Z,0.0,84.125,252.125,-1.61,0.19
2017-01-02T12:00:00Z,0.0,84.125,256.125,-1.6,0.2
2017-01-02T12:00:00Z,0.0,84.125,260.125,-1.63,0.17
2017-01-02T12:00:00Z,0.0,84.125,264.125,-1.62,0.18
2017-01-02T12:00:00Z,0.0,84.125,268.125,-1.6,0.2
2017-01-02T12:00:00Z,0.0,84.125,272.125,-1.64,0.16
2017-01-02T12:00:00Z,0.0,84.125,276.125,-1.68,0.12
2017-01-02T12:00:00Z,0.0,84.125,280.125,-1.67,0.12
2017-01-02T12:00:00Z,0.0,84.125,284.125,-1.63,0.17
2017-01-02T12:00:00Z,0.0,84.125,288.125,-1.62,0.18
2017-01-02T12:00:00Z,0.0,84.125,292.125,-1.68,0.12
2017-01-02T12:00:00Z,0.0,84.125,296.125,-1.73,0.07
2017-01-02T12:00:00Z,0.0,84.125,300.125,-1.69,0.11
2017-01-02T12:00:00Z,0.0,84.125,304.125,-1.65,0.15
2017-01-02T12:00:00Z,0.0,84.125,308.125,-1.6,0.2
2017-01-02T12:00:00Z,0.0,84.125,312.125,-1.66,0.14
2017-01-02T12:00:00Z,0.0,84.125,316.125,-1.66,0.14
2017-01-02T12:00:00Z,0.0,84.125,320.125,-1.66,0.14
2017-01-02T12:00:00Z,0.0,84.125,324.125,-1.69,0.1
2017-01-02T12:00:00Z,0.0,84.125,328.125,-1.66,0.12
2017-01-02T12:00:00Z,0.0,84.125,332.125,-1.64,0.15
2017-01-02T12:00:00Z,0.0,84.125,336.125,-1.65,0.15
2017-01-02T12:00:00Z,0.0,84.125,340.125,-1.7,0.1
2017-01-02T12:00:00Z,0.0,84.125,344.125,-1.72,0.08
2017-01-02T12:00:00Z,0.0,84.125,348.125,-1.64,0.15
2017-01-02T12:00:00Z,0.0,84.125,352.125,-1.6,0.19
2017-01-02T12:00:00Z,0.0,84.125,356.125,-1.64,0.16
2017-01-02T12:00:00Z,0.0,88.125,0.125,-1.65,0.15
2017-01-02T12:00:00Z,0.0,88.125,4.125,-1.62,0.17
2017-01-02T12:00:00Z,0.0,88.125,8.125,-1.64,0.15
2017-01-02T12:00:00Z,0.0,88.125,12.125,-1.63,0.16
2017-01-02T12:00:00Z,0.0,88.125,16.125,-1.64,0.14
2017-01-02T12:00:00Z,0.0,88.125,20.125,-1.63,0.16
2017-01-02T12:00:00Z,0.0,88.125,24.125,-1.64,0.14
2017-01-02T12:00:00Z,0.0,88.125,28.125,-1.7,0.09
2017-01-02T12:00:00Z,0.0,88.125,32.125,-1.64,0.16
2017-01-02T12:00:00Z,0.0,88.125,36.125,-1.65,0.15
2017-01-02T12:00:00Z,0.0,88.125,40.125,-1.67,0.13
2017-01-02T12:00:00Z,0.0,88.125,44.125,-1.66,0.14
2017-01-02T12:00:00Z,0.0,88.125,48.125,-1.66,0.14
2017-01-02T12:00:00Z,0.0,88.125,52.125,-1.67,0.13
2017-01-02T12:00:00Z,0.0,88.125,56.125,-1.67,0.13
2017-01-02T12:00:00Z,0.0,88.125,60.125,-1.65,0.15
2017-01-02T12:00:00Z,0.0,88.125,64.125,-1.64,0.16
2017-01-02T12:00:00Z,0.0,88.125,68.125,-1.62,0.18
2017-01-02T12:00:00Z,0.0,88.125,72.125,-1.64,0.16
2017-01-02T12:00:00Z,0.0,88.125,76.125,-1.67,0.13
2017-01-02T12:00:00Z,0.0,88.125,80.125,-1.65,0.15
2017-01-02T12:00:00Z,0.0,88.125,84.125,-1.66,0.14
2017-01-02T12:00:00Z,0.0,88.125,88.125,-1.68,0.12
2017-01-02T12:00:00Z,0.0,88.125,92.125,-1.66,0.14
2017-01-02T12:00:00Z,0.0,88.125,96.125,-1.62,0.18
2017-01-02T12:00:00Z,0.0,88.125,100.125,-1.66,0.14
2017-01-02T12:00:00Z,0.0,88.125,104.125,-1.59,0.21
2017-01-02T12:00:00Z,0.0,88.125,108.125,-1.63,0.17
2017-01-02T12:00:00Z,0.0,88.125,112.125,-1.63,0.17
2017-01-02T12:00:00Z,0.0,88.125,116.125,-1.67,0.13
2017-01-02T12:00:00Z,0.0,88.125,120.125,-1.67,0.13
2017-01-02T12:00:00Z,0.0,88.125,124.125,-1.68,0.12
2017-01-02T12:00:00Z,0.0,88.125,128.125,-1.71,0.09
2017-01-02T12:00:00Z,0.0,88.125,132.125,-1.7,0.1
2017-01-02T12:00:00Z,0.0,88.125,136.125,-1.73,0.07
2017-01-02T12:00:00Z,0.0,88.125,140.125,-1.71,0.09
2017-01-02T12:00:00Z,0.0,88.125,144.125,-1.68,0.12
2017-01-02T12:00:00Z,0.0,88.125,148.125,-1.67,0.13
2017-01-02T12:00:00Z,0.0,88.125,152.125,-1.65,0.15
2017-01-02T12:00:00Z,0.0,88.125,156.125,-1.61,0.19
2017-01-02T12:00:00Z,0.0,88.125,160.125,-1.64,0.16
2017-01-02T12:00:00Z,0.0,88.125,164.125,-1.62,0.18
2017-01-02T12:00:00Z,0.0,88.125,168.125,-1.61,0.19
2017-01-02T12:00:00Z,0.0,88.125,172.125,-1.59,0.21
2017-01-02T12:00:00Z,0.0,88.125,176.125,-1.57,0.23
2017-01-02T12:00:00Z,0.0,88.125,180.125,-1.62,0.18
2017-01-02T12:00:00Z,0.0,88.125,184.125,-1.62,0.18
2017-01-02T12:00:00Z,0.0,88.125,188.125,-1.59,0.21
2017-01-02T12:00:00Z,0.0,88.125,192.125,-1.58,0.22
2017-01-02T12:00:00Z,0.0,88.125,196.125,-1.57,0.23
2017-01-02T12:00:00Z,0.0,88.125,200.125,-1.58,0.22
2017-01-02T12:00:00Z,0.0,88.125,204.125,-1.66,0.14
2017-01-02T12:00:00Z,0.0,88.125,208.125,-1.66,0.14
2017-01-02T12:00:00Z,0.0,88.125,212.125,-1.66,0.14
2017-01-02T12:00:00Z,0.0,88.125,216.125,-1.69,0.11
2017-01-02T12:00:00Z,0.0,88.125,220.125,-1.66,0.14
2017-01-02T12:00:00Z,0.0,88.125,224.125,-1.61,0.19
2017-01-02T12:00:00Z,0.0,88.125,228.125,-1.65,0.15
2017-01-02T12:00:00Z,0.0,88.125,232.125,-1.69,0.11
2017-01-02T12:00:00Z,0.0,88.125,236.125,-1.67,0.13
2017-01-02T12:00:00Z,0.0,88.125,240.125,-1.65,0.15
2017-01-02T12:00:00Z,0.0,88.125,244.125,-1.62,0.18
2017-01-02T12:00:00Z,0.0,88.125,248.125,-1.61,0.19
2017-01-02T12:00:00Z,0.0,88.125,252.125,-1.57,0.23
2017-01-02T12:00:00Z,0.0,88.125,256.125,-1.62,0.18
2017-01-02T12:00:00Z,0.0,88.125,260.125,-1.63,0.17
2017-01-02T12:00:00Z,0.0,88.125,264.125,-1.61,0.19
2017-01-02T12:00:00Z,0.0,88.125,268.125,-1.57,0.23
2017-01-02T12:00:00Z,0.0,88.125,272.125,-1.6,0.2
2017-01-02T12:00:00Z,0.0,88.125,276.125,-1.57,0.23
2017-01-02T12:00:00Z,0.0,88.125,280.125,-1.55,0.25
2017-01-02T12:00:00Z,0.0,88.125,284.125,-1.55,0.25
2017-01-02T12:00:00Z,0.0,88.125,288.125,-1.58,0.22
2017-01-02T12:00:00Z,0.0,88.125,292.125,-1.57,0.23
2017-01-02T12:00:00Z,0.0,88.125,296.125,-1.52,0.28
2017-01-02T12:00:00Z,0.0,88.125,300.125,-1.57,0.23
2017-01-02T12:00:00Z,0.0,88.125,304.125,-1.58,0.22
2017-01-02T12:00:00Z,0.0,88.125,308.125,-1.59,0.21
2017-01-02T12:00:00Z,0.0,88.125,312.125,-1.6,0.2
2017-01-02T12:00:00Z,0.0,88.125,316.125,-1.59,0.21
2017-01-02T12:00:00Z,0.0,88.125,320.125,-1.57,0.23
2017-01-02T12:00:00Z,0.0,88.125,324.125,-1.56,0.24
2017-01-02T12:00:00Z,0.0,88.125,328.125,-1.51,0.29
2017-01-02T12:00:00Z,0.0,88.125,332.125,-1.62,0.18
2017-01-02T12:00:00Z,0.0,88.125,336.125,-1.61,0.19
2017-01-02T12:00:00Z,0.0,88.125,340.125,-1.62,0.18
2017-01-02T12:00:00Z,0.0,88.125,344.125,-1.62,0.18
2017-01-02T12:00:00Z,0.0,88.125,348.125,-1.62,0.18
2017-01-02T12:00:00Z,0.0,88.125,352.125,-1.63,0.17
2017-01-02T12:00:00Z,0.0,88.125,356.125,-1.64,0.16
