2009-07-01T12:00:00Z,0.0,-87.875,0.125,NaN,NaN
2009-07-01T12:00:00Z,0.0,-87.875,4.125,NaN,NaN
2009-07-01T12:00:00Z,0.0,-87.875,8.125,NaN,NaN
2009-07-01T12:00:00Z,0.0,-87.875,12.125,NaN,NaN
2009-07-01T12:00:00Z,0.0,-87.875,16.125,NaN,NaN
2009-07-01T12:00:00Z,0.0,-87.875,20.125,NaN,NaN
2009-07-01T12:00:00Z,0.0,-87.875,24.125,NaN,NaN
2009-07-01T12:00:00Z,0.0,-87.875,28.125,NaN,NaN
2009-07-01T12:00:00Z,0.0,-87.875,32.125,NaN,NaN
2009-07-01T12:00:00Z,0.0,-87.875,36.125,NaN,NaN
2009-07-01T12:00:00Z,0.0,-87.875,40.125,NaN,NaN
2009-07-01T12:00:00Z,0.0,-87.875,44.125,NaN,NaN
2009-07-01T12:00:00Z,0.0,-87.875,48.125,NaN,NaN
2009-07-01T12:00:00Z,0.0,-87.875,52.125,NaN,NaN
2009-07-01T12:00:00Z,0.0,-87.875,56.125,NaN,NaN
2009-07-01T12:00:00Z,0.0,-87.875,60.125,NaN,NaN
2009-07-01T12:00:00Z,0.0,-87.875,64.125,NaN,NaN
2009-07-01T12:00:00Z,0.0,-87.875,68.125,NaN,NaN
2009-07-01T12:00:00Z,0.0,-87.875,72.125,NaN,NaN
2009-07-01T12:00:00Z,0.0,-87.875,76.125,NaN,NaN
2009-07-01T12:00:00Z,0.0,-87.875,80.125,NaN,NaN
2009-07-01T12:00:00Z,0.0,-87.875,84.125,NaN,NaN
2009-07-01T12:00:00Z,0.0,-87.875,88.125,NaN,NaN
2009-07-01T12:00:00Z,0.0,-87.875,92.125,NaN,NaN
2009-07-01T12:00:00Z,0.0,-87.875,96.125,NaN,NaN
2009-07-01T12:00:00Z,0.0,-87.875,100.125,NaN,NaN
2009-07-01T12:00:00Z,0.0,-87.875,104.125,NaN,NaN
2009-07-01T12:00:00Z,0.0,-87.875,108.125,NaN,NaN
2009-07-01T12:00:00Z,0.0,-87.875,112.125,NaN,NaN
2009-07-01T12:00:00Z,0.0,-87.875,116.125,NaN,NaN
2009-07-01T12:00:00Z,0.0,-87.875,120.125,NaN,NaN
2009-07-01T12:00:00Z,0.0,-87.875,124.125,NaN,NaN
2009-07-01T12:00:00Z,0.0,-87.875,128.125,NaN,NaN
2009-07-01T12:00:00Z,0.0,-87.875,132.125,NaN,NaN
2009-07-01T12:00:00Z,0.0,-87.875,136.125,NaN,NaN
2009-07-01T12:00:00Z,0.0,-87.875,140.125,NaN,NaN
2009-07-01T12:00:00Z,0.0,-87.875,144.125,NaN,NaN
2009-07-01T12:00:00Z,0.0,-87.875,148.125,NaN,NaN
2009-07-01T12:00:00Z,0.0,-87.875,152.125,NaN,NaN
2009-07-01T12:00:00Z,0.0,-87.875,156.125,NaN,NaN
2009-07-01T12:00:00Z,0.0,-87.875,160.125,NaN,NaN
2009-07-01T12:00:00Z,0.0,-87.875,164.125,NaN,NaN
2009-07-01T12:00:00Z,0.0,-87.875,168.125,NaN,NaN
2009-07-01T12:00:00Z,0.0,-87.875,172.125,NaN,NaN
2009-07-01T12:00:00Z,0.0,-87.875,176.125,NaN,NaN
2009-07-01T12:00:00Z,0.0,-87.875,180.125,NaN,NaN
2009-07-01T12:00:00Z,0.0,-87.875,184.125,NaN,NaN
2009-07-01T12:00:00Z,0.0,-87.875,188.125,NaN,NaN
2009-07-01T12:00:00Z,0.0,-87.875,192.125,NaN,NaN
2009-07-01T12:00:00Z,0.0,-87.875,196.125,NaN,NaN
2009-07-01T12:00:00Z,0.0,-87.875,200.125,NaN,NaN
2009-07-01T12:00:00Z,0.0,-87.875,204.125,NaN,NaN
2009-07-01T12:00:00Z,0.0,-87.875,208.125,NaN,NaN
2009-07-01T12:00:00Z,0.0,-87.875,212.125,NaN,NaN
2009-07-01T12:00:00Z,0.0,-87.875,216.125,NaN,NaN
2009-07-01T12:00:00Z,0.0,-87.875,220.125,NaN,NaN
2009-07-01T12:00:00Z,0.0,-87.875,224.125,NaN,NaN
2009-07-01T12:00:00Z,0.0,-87.875,228.125,NaN,NaN
2009-07-01T12:00:00Z,0.0,-87.875,232.125,NaN,NaN
2009-07-01T12:00:00Z,0.0,-87.875,236.125,NaN,NaN
2009-07-01T12:00:00Z,0.0,-87.875,240.125,NaN,NaN
2009-07-01T12:00:00Z,0.0,-87.875,244.125,NaN,NaN
2009-07-01T12:00:00Z,0.0,-87.875,248.125,NaN,NaN
2009-07-01T12:00:00Z,0.0,-87.875,252.125,NaN,NaN
2009-07-01T12:00:00Z,0.0,-87.875,256.125,NaN,NaN
2009-07-01T12:00:00Z,0.0,-87.875,260.125,NaN,NaN
2009-07-01T12:00:00Z,0.0,-87.875,264.125,NaN,NaN
2009-07-01T12:00:00Z,0.0,-87.875,268.125,NaN,NaN
2009-07-01T12:00:00Z,0.0,-87.875,272.125,NaN,NaN
2009-07-01T12:00:00Z,0.0,-87.875,276.125,NaN,NaN
2009-07-01T12:00:00Z,0.0,-87.875,280.125,NaN,NaN
2009-07-01T12:00:00Z,0.0,-87.875,284.125,NaN,NaN
2009-07-01T12:00:00Z,0.0,-87.875,288.125,NaN,NaN
2009-07-01T12:00:00Z,0.0,-87.875,292.125,NaN,NaN
2009-07-01T12:00:00Z,0.0,-87.875,296.125,NaN,NaN
2009-07-01T12:00:00Z,0.0,-87.875,300.125,NaN,NaN
2009-07-01T12:00:00Z,0.0,-87.875,304.125,NaN,NaN
2009-07-01T12:00:00Z,0.0,-87.875,308.125,NaN,NaN
2009-07-01T12:00:00Z,0.0,-87.875,312.125,NaN,NaN
2009-07-01T12:00:00Z,0.0,-87.875,316.125,NaN,NaN
2009-07-01T12:00:00Z,0.0,-87.875,320.125,NaN,NaN
2009-07-01T12:00:00Z,0.0,-87.875,324.125,NaN,NaN
2009-07-01T12:00:00Z,0.0,-87.875,328.125,NaN,NaN
2009-07-01T12:00:00Z,0.0,-87.875,332.125,NaN,NaN
2009-07-01T12:00:00Z,0.0,-87.875,336.125,NaN,NaN
2009-07-01T12:00:00Z,0.0,-87.875,340.125,NaN,NaN
2009-07-01T12:00:00Z,0.0,-87.875,344.125,NaN,NaN
2009-07-01T12:00:00Z,0.0,-87.875,348.125,NaN,NaN
2009-07-01T12:00:00Z,0.0,-87.875,352.125,NaN,NaN
2009-07-01T12:00:00Z,0.0,-87.875,356.125,NaN,NaN
2009-07-01T12:00:00Z,0.0,-83.875,0.125,NaN,NaN
2009-07-01T12:00:00Z,0.0,-83.875,4.125,NaN,NaN
2009-07-01T12:00:00Z,0.0,-83.875,8.125,NaN,NaN
2009-07-01T12:00:00Z,0.0,-83.875,12.125,NaN,NaN
2009-07-01T12:00:00Z,0.0,-83.875,16.125,NaN,NaN
2009-07-01T12:00:00Z,0.0,-83.875,20.125,NaN,NaN
2009-07-01T12:00:00Z,0.0,-83.875,24.125,NaN,NaN
2009-07-01T12:00:00Z,0.0,-83.875,28.125,NaN,NaN
2009-07-01T12:00:00Z,0.0,-83.875,32.125,NaN,NaN
2009-07-01T12:00:00Z,0.0,-83.875,36.125,NaN,NaN
2009-07-01T12:00:00Z,0.0,-83.875,40.125,NaN,NaN
2009-07-01T12:00:00Z,0.0,-83.875,44.125,NaN,NaN
2009-07-01T12:00:00Z,0.0,-83.875,48.125,NaN,NaN
2009-07-01T12:00:00Z,0.0,-83.875,52.125,NaN,NaN
2009-07-01T12:00:00Z,0.0,-83.875,56.125,NaN,NaN
2009-07-01T12:00:00Z,0.0,-83.875,60.125,NaN,NaN
2009-07-01T12:00:00Z,0.0,-83.875,64.125,NaN,NaN
2009-07-01T12:00:00Z,0.0,-83.875,68.125,NaN,NaN
2009-07-01T12:00:00Z,0.0,-83.875,72.125,NaN,NaN
2009-07-01T12:00:00Z,0.0,-83.875,76.125,NaN,NaN
2009-07-01T12:00:00Z,0.0,-83.875,80.125,NaN,NaN
2009-07-01T12:00:00Z,0.0,-83.875,84.125,NaN,NaN
2009-07-01T12:00:00Z,0.0,-83.875,88.125,NaN,NaN
2009-07-01T12:00:00Z,0.0,-83.875,92.125,NaN,NaN
2009-07-01T12:00:00Z,0.0,-83.875,96.125,NaN,NaN
2009-07-01T12:00:00Z,0.0,-83.875,100.125,NaN,NaN
2009-07-01T12:00:00Z,0.0,-83.875,104.125,NaN,NaN
2009-07-01T12:00:00Z,0.0,-83.875,108.125,NaN,NaN
2009-07-01T12:00:00Z,0.0,-83.875,112.125,NaN,NaN
2009-07-01T12:00:00Z,0.0,-83.875,116.125,NaN,NaN
2009-07-01T12:00:00Z,0.0,-83.875,120.125,NaN,NaN
2009-07-01T12:00:00Z,0.0,-83.875,124.125,NaN,NaN
2009-07-01T12:00:00Z,0.0,-83.875,128.125,NaN,NaN
2009-07-01T12:00:00Z,0.0,-83.875,132.125,NaN,NaN
2009-07-01T12:00:00Z,0.0,-83.875,136.125,NaN,NaN
2009-07-01T12:00:00Z,0.0,-83.875,140.125,NaN,NaN
2009-07-01T12:00:00Z,0.0,-83.875,144.125,NaN,NaN
2009-07-01T12:00:00Z,0.0,-83.875,148.125,NaN,NaN
2009-07-01T12:00:00Z,0.0,-83.875,152.125,NaN,NaN
2009-07-01T12:00:00Z,0.0,-83.875,156.125,NaN,NaN
2009-07-01T12:00:00Z,0.0,-83.875,160.125,NaN,NaN
2009-07-01T12:00:00Z,0.0,-83.875,164.125,NaN,NaN
2009-07-01T12:00:00Z,0.0,-83.875,168.125,NaN,NaN
2009-07-01T12:00:00Z,0.0,-83.875,172.125,NaN,NaN
2009-07-01T12:00:00Z,0.0,-83.875,176.125,NaN,NaN
2009-07-01T12:00:00Z,0.0,-83.875,180.125,NaN,NaN
2009-07-01T12:00:00Z,0.0,-83.875,184.125,NaN,NaN
2009-07-01T12:00:00Z,0.0,-83.875,188.125,NaN,NaN
2009-07-01T12:00:00Z,0.0,-83.875,192.125,NaN,NaN
2009-07-01T12:00:00Z,0.0,-83.875,196.125,NaN,NaN
2009-07-01T12:00:00Z,0.0,-83.875,200.125,NaN,NaN
2009-07-01T12:00:00Z,0.0,-83.875,204.125,NaN,NaN
2009-07-01T12:00:00Z,0.0,-83.875,208.125,NaN,NaN
2009-07-01T12:00:00Z,0.0,-83.875,212.125,NaN,NaN
2009-07-01T12:00:00Z,0.0,-83.875,216.125,NaN,NaN
2009-07-01T12:00:00Z,0.0,-83.875,220.125,NaN,NaN
2009-07-01T12:00:00Z,0.0,-83.875,224.125,NaN,NaN
2009-07-01T12:00:00Z,0.0,-83.875,228.125,NaN,NaN
2009-07-01T12:00:00Z,0.0,-83.875,232.125,NaN,NaN
2009-07-01T12:00:00Z,0.0,-83.875,236.125,NaN,NaN
2009-07-01T12:00:00Z,0.0,-83.875,240.125,NaN,NaN
2009-07-01T12:00:00Z,0.0,-83.875,244.125,NaN,NaN
2009-07-01T12:00:00Z,0.0,-83.875,248.125,NaN,NaN
2009-07-01T12:00:00Z,0.0,-83.875,252.125,NaN,NaN
2009-07-01T12:00:00Z,0.0,-83.875,256.125,NaN,NaN
2009-07-01T12:00:00Z,0.0,-83.875,260.125,NaN,NaN
2009-07-01T12:00:00Z,0.0,-83.875,264.125,NaN,NaN
2009-07-01T12:00:00Z,0.0,-83.875,268.125,NaN,NaN
2009-07-01T12:00:00Z,0.0,-83.875,272.125,NaN,NaN
2009-07-01T12:00:00Z,0.0,-83.875,276.125,NaN,NaN
2009-07-01T12:00:00Z,0.0,-83.875,280.125,NaN,NaN
2009-07-01T12:00:00Z,0.0,-83.875,284.125,NaN,NaN
2009-07-01T12:00:00Z,0.0,-83.875,288.125,NaN,NaN
2009-07-01T12:00:00Z,0.0,-83.875,292.125,NaN,NaN
2009-07-01T12:00:00Z,0.0,-83.875,296.125,NaN,NaN
2009-07-01T12:00:00Z,0.0,-83.875,300.125,NaN,NaN
2009-07-01T12:00:00Z,0.0,-83.875,304.125,NaN,NaN
2009-07-01T12:00:00Z,0.0,-83.875,308.125,NaN,NaN
2009-07-01T12:00:00Z,0.0,-83.875,312.125,NaN,NaN
2009-07-01T12:00:00Z,0.0,-83.875,316.125,NaN,NaN
2009-07-01T12:00:00Z,0.0,-83.875,320.125,NaN,NaN
2009-07-01T12:00:00Z,0.0,-83.875,324.125,NaN,NaN
2009-07-01T12:00:00Z,0.0,-83.875,328.125,NaN,NaN
2009-07-01T12:00:00Z,0.0,-83.875,332.125,NaN,NaN
2009-07-01T12:00:00Z,0.0,-83.875,336.125,NaN,NaN
2009-07-01T12:00:00Z,0.0,-83.875,340.125,NaN,NaN
2009-07-01T12:00:00Z,0.0,-83.875,344.125,NaN,NaN
2009-07-01T12:00:00Z,0.0,-83.875,348.125,NaN,NaN
2009-07-01T12:00:00Z,0.0,-83.875,352.125,NaN,NaN
2009-07-01T12:00:00Z,0.0,-83.875,356.125,NaN,NaN
2009-07-01T12:00:00Z,0.0,-79.875,0.125,NaN,NaN
2009-07-01T12:00:00Z,0.0,-79.875,4.125,NaN,NaN
2009-07-01T12:00:00Z,0.0,-79.875,8.125,NaN,NaN
2009-07-01T12:00:00Z,0.0,-79.875,12.125,NaN,NaN
2009-07-01T12:00:00Z,0.0,-79.875,16.125,NaN,NaN
2009-07-01T12:00:00Z,0.0,-79.875,20.125,NaN,NaN
2009-07-01T12:00:00Z,0.0,-79.875,24.125,NaN,NaN
2009-07-01T12:00:00Z,0.0,-79.875,28.125,NaN,NaN
2009-07-01T12:00:00Z,0.0,-79.875,32.125,NaN,NaN
2009-07-01T12:00:00Z,0.0,-79.875,36.125,NaN,NaN
2009-07-01T12:00:00Z,0.0,-79.875,40.125,NaN,NaN
2009-07-01T12:00:00Z,0.0,-79.875,44.125,NaN,NaN
2009-07-01T12:00:00Z,0.0,-79.875,48.125,NaN,NaN
2009-07-01T12:00:00Z,0.0,-79.875,52.125,NaN,NaN
2009-07-01T12:00:00Z,0.0,-79.875,56.125,NaN,NaN
2009-07-01T12:00:00Z,0.0,-79.875,60.125,NaN,NaN
2009-07-01T12:00:00Z,0.0,-79.875,64.125,NaN,NaN
2009-07-01T12:00:00Z,0.0,-79.875,68.125,NaN,NaN
2009-07-01T12:00:00Z,0.0,-79.875,72.125,NaN,NaN
2009-07-01T12:00:00Z,0.0,-79.875,76.125,NaN,NaN
2009-07-01T12:00:00Z,0.0,-79.875,80.125,NaN,NaN
2009-07-01T12:00:00Z,0.0,-79.875,84.125,NaN,NaN
2009-07-01T12:00:00Z,0.0,-79.875,88.125,NaN,NaN
2009-07-01T12:00:00Z,0.0,-79.875,92.125,NaN,NaN
2009-07-01T12:00:00Z,0.0,-79.875,96.125,NaN,NaN
2009-07-01T12:00:00Z,0.0,-79.875,100.125,NaN,NaN
2009-07-01T12:00:00Z,0.0,-79.875,104.125,NaN,NaN
2009-07-01T12:00:00Z,0.0,-79.875,108.125,NaN,NaN
2009-07-01T12:00:00Z,0.0,-79.875,112.125,NaN,NaN
2009-07-01T12:00:00Z,0.0,-79.875,116.125,NaN,NaN
2009-07-01T12:00:00Z,0.0,-79.875,120.125,NaN,NaN
2009-07-01T12:00:00Z,0.0,-79.875,124.125,NaN,NaN
2009-07-01T12:00:00Z,0.0,-79.875,128.125,NaN,NaN
2009-07-01T12:00:00Z,0.0,-79.875,132.125,NaN,NaN
2009-07-01T12:00:00Z,0.0,-79.875,136.125,NaN,NaN
2009-07-01T12:00:00Z,0.0,-79.875,140.125,NaN,NaN
2009-07-01T12:00:00Z,0.0,-79.875,144.125,NaN,NaN
2009-07-01T12:00:00Z,0.0,-79.875,148.125,NaN,NaN
2009-07-01T12:00:00Z,0.0,-79.875,152.125,NaN,NaN
2009-07-01T12:00:00Z,0.0,-79.875,156.125,NaN,NaN
2009-07-01T12:00:00Z,0.0,-79.875,160.125,NaN,NaN
2009-07-01T12:00:00Z,0.0,-79.875,164.125,NaN,NaN
2009-07-01T12:00:00Z,0.0,-79.875,168.125,NaN,NaN
2009-07-01T12:00:00Z,0.0,-79.875,172.125,NaN,NaN
2009-07-01T12:00:00Z,0.0,-79.875,176.125,NaN,NaN
2009-07-01T12:00:00Z,0.0,-79.875,180.125,NaN,NaN
2009-07-01T12:00:00Z,0.0,-79.875,184.125,NaN,NaN
2009-07-01T12:00:00Z,0.0,-79.875,188.125,NaN,NaN
2009-07-01T12:00:00Z,0.0,-79.875,192.125,NaN,NaN
2009-07-01T12:00:00Z,0.0,-79.875,196.125,NaN,NaN
2009-07-01T12:00:00Z,0.0,-79.875,200.125,NaN,NaN
2009-07-01T12:00:00Z,0.0,-79.875,204.125,NaN,NaN
2009-07-01T12:00:00Z,0.0,-79.875,208.125,NaN,NaN
2009-07-01T12:00:00Z,0.0,-79.875,212.125,NaN,NaN
2009-07-01T12:00:00Z,0.0,-79.875,216.125,NaN,NaN
2009-07-01T12:00:00Z,0.0,-79.875,220.125,NaN,NaN
2009-07-01T12:00:00Z,0.0,-79.875,224.125,NaN,NaN
2009-07-01T12:00:00Z,0.0,-79.875,228.125,NaN,NaN
2009-07-01T12:00:00Z,0.0,-79.875,232.125,NaN,NaN
2009-07-01T12:00:00Z,0.0,-79.875,236.125,NaN,NaN
2009-07-01T12:00:00Z,0.0,-79.875,240.125,NaN,NaN
2009-07-01T12:00:00Z,0.0,-79.875,244.125,NaN,NaN
2009-07-01T12:00:00Z,0.0,-79.875,248.125,NaN,NaN
2009-07-01T12:00:00Z,0.0,-79.875,252.125,NaN,NaN
2009-07-01T12:00:00Z,0.0,-79.875,256.125,NaN,NaN
2009-07-01T12:00:00Z,0.0,-79.875,260.125,NaN,NaN
2009-07-01T12:00:00Z,0.0,-79.875,264.125,NaN,NaN
2009-07-01T12:00:00Z,0.0,-79.875,268.125,NaN,NaN
2009-07-01T12:00:00Z,0.0,-79.875,272.125,NaN,NaN
2009-07-01T12:00:00Z,0.0,-79.875,276.125,NaN,NaN
2009-07-01T12:00:00Z,0.0,-79.875,280.125,NaN,NaN
2009-07-01T12:00:00Z,0.0,-79.875,284.125,NaN,NaN
2009-07-01T12:00:00Z,0.0,-79.875,288.125,NaN,NaN
2009-07-01T12:00:00Z,0.0,-79.875,292.125,NaN,NaN
2009-07-01T12:00:00Z,0.0,-79.875,296.125,NaN,NaN
2009-07-01T12:00:00Z,0.0,-79.875,300.125,NaN,NaN
2009-07-01T12:00:00Z,0.0,-79.875,304.125,NaN,NaN
2009-07-01T12:00:00Z,0.0,-79.875,308.125,NaN,NaN
2009-07-01T12:00:00Z,0.0,-79.875,312.125,NaN,NaN
2009-07-01T12:00:00Z,0.0,-79.875,316.125,NaN,NaN
2009-07-01T12:00:00Z,0.0,-79.875,320.125,NaN,NaN
2009-07-01T12:00:00Z,0.0,-79.875,324.125,NaN,NaN
2009-07-01T12:00:00Z,0.0,-79.875,328.125,NaN,NaN
2009-07-01T12:00:00Z,0.0,-79.875,332.125,NaN,NaN
2009-07-01T12:00:00Z,0.0,-79.875,336.125,NaN,NaN
2009-07-01T12:00:00Z,0.0,-79.875,340.125,NaN,NaN
2009-07-01T12:00:00Z,0.0,-79.875,344.125,NaN,NaN
2009-07-01T12:00:00Z,0.0,-79.875,348.125,NaN,NaN
2009-07-01T12:00:00Z,0.0,-79.875,352.125,NaN,NaN
2009-07-01T12:00:00Z,0.0,-79.875,356.125,NaN,NaN
2009-07-01T12:00:00Z,0.0,-75.875,0.125,NaN,NaN
2009-07-01T12:00:00Z,0.0,-75.875,4.125,NaN,NaN
2009-07-01T12:00:00Z,0.0,-75.875,8.125,NaN,NaN
2009-07-01T12:00:00Z,0.0,-75.875,12.125,NaN,NaN
2009-07-01T12:00:00Z,0.0,-75.875,16.125,NaN,NaN
2009-07-01T12:00:00Z,0.0,-75.875,20.125,NaN,NaN
2009-07-01T12:00:00Z,0.0,-75.875,24.125,NaN,NaN
2009-07-01T12:00:00Z,0.0,-75.875,28.125,NaN,NaN
2009-07-01T12:00:00Z,0.0,-75.875,32.125,NaN,NaN
2009-07-01T12:00:00Z,0.0,-75.875,36.125,NaN,NaN
2009-07-01T12:00:00Z,0.0,-75.875,40.125,NaN,NaN
2009-07-01T12:00:00Z,0.0,-75.875,44.125,NaN,NaN
2009-07-01T12:00:00Z,0.0,-75.875,48.125,NaN,NaN
2009-07-01T12:00:00Z,0.0,-75.875,52.125,NaN,NaN
2009-07-01T12:00:00Z,0.0,-75.875,56.125,NaN,NaN
2009-07-01T12:00:00Z,0.0,-75.875,60.125,NaN,NaN
2009-07-01T12:00:00Z,0.0,-75.875,64.125,NaN,NaN
2009-07-01T12:00:00Z,0.0,-75.875,68.125,NaN,NaN
2009-07-01T12:00:00Z,0.0,-75.875,72.125,NaN,NaN
2009-07-01T12:00:00Z,0.0,-75.875,76.125,NaN,NaN
2009-07-01T12:00:00Z,0.0,-75.875,80.125,NaN,NaN
2009-07-01T12:00:00Z,0.0,-75.875,84.125,NaN,NaN
2009-07-01T12:00:00Z,0.0,-75.875,88.125,NaN,NaN
2009-07-01T12:00:00Z,0.0,-75.875,92.125,NaN,NaN
2009-07-01T12:00:00Z,0.0,-75.875,96.125,NaN,NaN
2009-07-01T12:00:00Z,0.0,-75.875,100.125,NaN,NaN
2009-07-01T12:00:00Z,0.0,-75.875,104.125,NaN,NaN
2009-07-01T12:00:00Z,0.0,-75.875,108.125,NaN,NaN
2009-07-01T12:00:00Z,0.0,-75.875,112.125,NaN,NaN
2009-07-01T12:00:00Z,0.0,-75.875,116.125,NaN,NaN
2009-07-01T12:00:00Z,0.0,-75.875,120.125,NaN,NaN
2009-07-01T12:00:00Z,0.0,-75.875,124.125,NaN,NaN
2009-07-01T12:00:00Z,0.0,-75.875,128.125,NaN,NaN
2009-07-01T12:00:00Z,0.0,-75.875,132.125,NaN,NaN
2009-07-01T12:00:00Z,0.0,-75.875,136.125,NaN,NaN
2009-07-01T12:00:00Z,0.0,-75.875,140.125,NaN,NaN
2009-07-01T12:00:00Z,0.0,-75.875,144.125,NaN,NaN
2009-07-01T12:00:00Z,0.0,-75.875,148.125,NaN,NaN
2009-07-01T12:00:00Z,0.0,-75.875,152.125,NaN,NaN
2009-07-01T12:00:00Z,0.0,-75.875,156.125,NaN,NaN
2009-07-01T12:00:00Z,0.0,-75.875,160.125,NaN,NaN
2009-07-01T12:00:00Z,0.0,-75.875,164.125,-1.74,-0.39
2009-07-01T12:00:00Z,0.0,-75.875,168.125,-1.79,-0.06
2009-07-01T12:00:00Z,0.0,-75.875,172.125,-1.63,0.04
2009-07-01T12:00:00Z,0.0,-75.875,176.125,-1.78,-0.18
2009-07-01T12:00:00Z,0.0,-75.875,180.125,-1.8,-0.11
2009-07-01T12:00:00Z,0.0,-75.875,184.125,-1.8,-0.05
2009-07-01T12:00:00Z,0.0,-75.875,188.125,-1.8,-0.02
2009-07-01T12:00:00Z,0.0,-75.875,192.125,-1.8,0.0
2009-07-01T12:00:00Z,0.0,-75.875,196.125,-1.8,0.0
2009-07-01T12:00:00Z,0.0,-75.875,200.125,-1.79,-0.01
2009-07-01T12:00:00Z,0.0,-75.875,204.125,-1.8,-0.01
2009-07-01T12:00:00Z,0.0,-75.875,208.125,-1.79,-0.02
2009-07-01T12:00:00Z,0.0,-75.875,212.125,-1.69,0.05
2009-07-01T12:00:00Z,0.0,-75.875,216.125,NaN,NaN
2009-07-01T12:00:00Z,0.0,-75.875,220.125,NaN,NaN
2009-07-01T12:00:00Z,0.0,-75.875,224.125,NaN,NaN
2009-07-01T12:00:00Z,0.0,-75.875,228.125,NaN,NaN
2009-07-01T12:00:00Z,0.0,-75.875,232.125,NaN,NaN
2009-07-01T12:00:00Z,0.0,-75.875,236.125,NaN,NaN
2009-07-01T12:00:00Z,0.0,-75.875,240.125,NaN,NaN
2009-07-01T12:00:00Z,0.0,-75.875,244.125,NaN,NaN
2009-07-01T12:00:00Z,0.0,-75.875,248.125,NaN,NaN
2009-07-01T12:00:00Z,0.0,-75.875,252.125,NaN,NaN
2009-07-01T12:00:00Z,0.0,-75.875,256.125,NaN,NaN
2009-07-01T12:00:00Z,0.0,-75.875,260.125,NaN,NaN
2009-07-01T12:00:00Z,0.0,-75.875,264.125,NaN,NaN
2009-07-01T12:00:00Z,0.0,-75.875,268.125,NaN,NaN
2009-07-01T12:00:00Z,0.0,-75.875,272.125,NaN,NaN
2009-07-01T12:00:00Z,0.0,-75.875,276.125,NaN,NaN
2009-07-01T12:00:00Z,0.0,-75.875,280.125,NaN,NaN
2009-07-01T12:00:00Z,0.0,-75.875,284.125,NaN,NaN
2009-07-01T12:00:00Z,0.0,-75.875,288.125,NaN,NaN
2009-07-01T12:00:00Z,0.0,-75.875,292.125,NaN,NaN
2009-07-01T12:00:00Z,0.0,-75.875,296.125,-1.68,-0.23
2009-07-01T12:00:00Z,0.0,-75.875,300.125,-1.63,-0.27
2009-07-01T12:00:00Z,0.0,-75.875,304.125,-1.73,-0.14
2009-07-01T12:00:00Z,0.0,-75.875,308.125,-1.8,-0.13
2009-07-01T12:00:00Z,0.0,-75.875,312.125,-1.8,-0.05
2009-07-01T12:00:00Z,0.0,-75.875,316.125,-1.79,-0.07
2009-07-01T12:00:00Z,0.0,-75.875,320.125,-1.8,-0.06
2009-07-01T12:00:00Z,0.0,-75.875,324.125,-1.8,-0.01
2009-07-01T12:00:00Z,0.0,-75.875,328.125,-1.8,-0.02
2009-07-01T12:00:00Z,0.0,-75.875,332.125,-1.69,-0.12
2009-07-01T12:00:00Z,0.0,-75.875,336.125,-1.65,-0.23
2009-07-01T12:00:00Z,0.0,-75.875,340.125,NaN,NaN
2009-07-01T12:00:00Z,0.0,-75.875,344.125,NaN,NaN
2009-07-01T12:00:00Z,0.0,-75.875,348.125,NaN,NaN
2009-07-01T12:00:00Z,0.0,-75.875,352.125,NaN,NaN
2009-07-01T12:00:00Z,0.0,-75.875,356.125,NaN,NaN
2009-07-01T12:00:00Z,0.0,-71.875,0.125,NaN,NaN
2009-07-01T12:00:00Z,0.0,-71.875,4.125,NaN,NaN
2009-07-01T12:00:00Z,0.0,-71.875,8.125,NaN,NaN
2009-07-01T12:00:00Z,0.0,-71.875,12.125,NaN,NaN
2009-07-01T12:00:00Z,0.0,-71.875,16.125,NaN,NaN
2009-07-01T12:00:00Z,0.0,-71.875,20.125,NaN,NaN
2009-07-01T12:00:00Z,0.0,-71.875,24.125,NaN,NaN
2009-07-01T12:00:00Z,0.0,-71.875,28.125,NaN,NaN
2009-07-01T12:00:00Z,0.0,-71.875,32.125,NaN,NaN
2009-07-01T12:00:00Z,0.0,-71.875,36.125,NaN,NaN
2009-07-01T12:00:00Z,0.0,-71.875,40.125,NaN,NaN
2009-07-01T12:00:00Z,0.0,-71.875,44.125,NaN,NaN
2009-07-01T12:00:00Z,0.0,-71.875,48.125,NaN,NaN
2009-07-01T12:00:00Z,0.0,-71.875,52.125,NaN,NaN
2009-07-01T12:00:00Z,0.0,-71.875,56.125,NaN,NaN
2009-07-01T12:00:00Z,0.0,-71.875,60.125,NaN,NaN
2009-07-01T12:00:00Z,0.0,-71.875,64.125,NaN,NaN
2009-07-01T12:00:00Z,0.0,-71.875,68.125,-1.52,0.0
2009-07-01T12:00:00Z,0.0,-71.875,72.125,NaN,NaN
2009-07-01T12:00:00Z,0.0,-71.875,76.125,NaN,NaN
2009-07-01T12:00:00Z,0.0,-71.875,80.125,NaN,NaN
2009-07-01T12:00:00Z,0.0,-71.875,84.125,NaN,NaN
2009-07-01T12:00:00Z,0.0,-71.875,88.125,NaN,NaN
2009-07-01T12:00:00Z,0.0,-71.875,92.125,NaN,NaN
2009-07-01T12:00:00Z,0.0,-71.875,96.125,NaN,NaN
2009-07-01T12:00:00Z,0.0,-71.875,100.125,NaN,NaN
2009-07-01T12:00:00Z,0.0,-71.875,104.125,NaN,NaN
2009-07-01T12:00:00Z,0.0,-71.875,108.125,NaN,NaN
2009-07-01T12:00:00Z,0.0,-71.875,112.125,NaN,NaN
2009-07-01T12:00:00Z,0.0,-71.875,116.125,NaN,NaN
2009-07-01T12:00:00Z,0.0,-71.875,120.125,NaN,NaN
2009-07-01T12:00:00Z,0.0,-71.875,124.125,NaN,NaN
2009-07-01T12:00:00Z,0.0,-71.875,128.125,NaN,NaN
2009-07-01T12:00:00Z,0.0,-71.875,132.125,NaN,NaN
2009-07-01T12:00:00Z,0.0,-71.875,136.125,NaN,NaN
2009-07-01T12:00:00Z,0.0,-71.875,140.125,NaN,NaN
2009-07-01T12:00:00Z,0.0,-71.875,144.125,NaN,NaN
2009-07-01T12:00:00Z,0.0,-71.875,148.125,NaN,NaN
2009-07-01T12:00:00Z,0.0,-71.875,152.125,NaN,NaN
2009-07-01T12:00:00Z,0.0,-71.875,156.125,NaN,NaN
2009-07-01T12:00:00Z,0.0,-71.875,160.125,NaN,NaN
2009-07-01T12:00:00Z,0.0,-71.875,164.125,NaN,NaN
2009-07-01T12:00:00Z,0.0,-71.875,168.125,NaN,NaN
2009-07-01T12:00:00Z,0.0,-71.875,172.125,-1.69,-0.01
2009-07-01T12:00:00Z,0.0,-71.875,176.125,-1.74,0.01
2009-07-01T12:00:00Z,0.0,-71.875,180.125,-1.79,-0.01
2009-07-01T12:00:00Z,0.0,-71.875,184.125,-1.74,0.05
2009-07-01T12:00:00Z,0.0,-71.875,188.125,-1.8,0.0
2009-07-01T12:00:00Z,0.0,-71.875,192.125,-1.8,-0.01
2009-07-01T12:00:00Z,0.0,-71.875,196.125,-1.8,0.0
2009-07-01T12:00:00Z,0.0,-71.875,200.125,-1.8,0.0
2009-07-01T12:00:00Z,0.0,-71.875,204.125,-1.8,0.0
2009-07-01T12:00:00Z,0.0,-71.875,208.125,-1.8,-0.01
2009-07-01T12:00:00Z,0.0,-71.875,212.125,-1.8,-0.01
2009-07-01T12:00:00Z,0.0,-71.875,216.125,-1.8,-0.01
2009-07-01T12:00:00Z,0.0,-71.875,220.125,-1.8,-0.02
2009-07-01T12:00:00Z,0.0,-71.875,224.125,-1.79,-0.01
2009-07-01T12:00:00Z,0.0,-71.875,228.125,-1.77,-0.01
2009-07-01T12:00:00Z,0.0,-71.875,232.125,-1.79,-0.06
2009-07-01T12:00:00Z,0.0,-71.875,236.125,-1.8,-0.06
2009-07-01T12:00:00Z,0.0,-71.875,240.125,-1.8,-0.05
2009-07-01T12:00:00Z,0.0,-71.875,244.125,-1.77,-0.03
2009-07-01T12:00:00Z,0.0,-71.875,248.125,-1.8,-0.18
2009-07-01T12:00:00Z,0.0,-71.875,252.125,-1.8,-0.14
2009-07-01T12:00:00Z,0.0,-71.875,256.125,-1.75,-0.07
2009-07-01T12:00:00Z,0.0,-71.875,260.125,-1.74,-0.15
2009-07-01T12:00:00Z,0.0,-71.875,264.125,-1.78,-0.24
2009-07-01T12:00:00Z,0.0,-71.875,268.125,-1.78,-0.16
2009-07-01T12:00:00Z,0.0,-71.875,272.125,-1.8,-0.06
2009-07-01T12:00:00Z,0.0,-71.875,276.125,-1.8,-0.05
2009-07-01T12:00:00Z,0.0,-71.875,280.125,-1.71,-0.02
2009-07-01T12:00:00Z,0.0,-71.875,284.125,-1.79,-0.17
2009-07-01T12:00:00Z,0.0,-71.875,288.125,-1.67,-0.24
2009-07-01T12:00:00Z,0.0,-71.875,292.125,-1.43,0.0
2009-07-01T12:00:00Z,0.0,-71.875,296.125,NaN,NaN
2009-07-01T12:00:00Z,0.0,-71.875,300.125,-1.8,-0.16
2009-07-01T12:00:00Z,0.0,-71.875,304.125,-1.8,0.0
2009-07-01T12:00:00Z,0.0,-71.875,308.125,-1.8,0.0
2009-07-01T12:00:00Z,0.0,-71.875,312.125,-1.8,0.0
2009-07-01T12:00:00Z,0.0,-71.875,316.125,-1.8,0.0
2009-07-01T12:00:00Z,0.0,-71.875,320.125,-1.8,0.0
2009-07-01T12:00:00Z,0.0,-71.875,324.125,-1.8,0.0
2009-07-01T12:00:00Z,0.0,-71.875,328.125,-1.8,0.0
2009-07-01T12:00:00Z,0.0,-71.875,332.125,-1.8,0.0
2009-07-01T12:00:00Z,0.0,-71.875,336.125,-1.8,-0.03
2009-07-01T12:00:00Z,0.0,-71.875,340.125,-1.8,-0.09
2009-07-01T12:00:00Z,0.0,-71.875,344.125,-1.72,-0.09
2009-07-01T12:00:00Z,0.0,-71.875,348.125,-1.6,-0.33
2009-07-01T12:00:00Z,0.0,-71.875,352.125,NaN,NaN
2009-07-01T12:00:00Z,0.0,-71.875,356.125,NaN,NaN
2009-07-01T12:00:00Z,0.0,-67.875,0.125,-1.8,-0.08
2009-07-01T12:00:00Z,0.0,-67.875,4.125,-1.8,-0.08
2009-07-01T12:00:00Z,0.0,-67.875,8.125,-1.8,-0.06
2009-07-01T12:00:00Z,0.0,-67.875,12.125,-1.8,-0.07
2009-07-01T12:00:00Z,0.0,-67.875,16.125,-1.8,-0.07
2009-07-01T12:00:00Z,0.0,-67.875,20.125,-1.8,-0.07
2009-07-01T12:00:00Z,0.0,-67.875,24.125,-1.8,-0.04
2009-07-01T12:00:00Z,0.0,-67.875,28.125,-1.8,-0.1
2009-07-01T12:00:00Z,0.0,-67.875,32.125,-1.8,-0.1
2009-07-01T12:00:00Z,0.0,-67.875,36.125,-1.8,-0.12
2009-07-01T12:00:00Z,0.0,-67.875,40.125,-1.8,-0.1
2009-07-01T12:00:00Z,0.0,-67.875,44.125,-1.76,-0.04
2009-07-01T12:00:00Z,0.0,-67.875,48.125,NaN,NaN
2009-07-01T12:00:00Z,0.0,-67.875,52.125,NaN,NaN
2009-07-01T12:00:00Z,0.0,-67.875,56.125,NaN,NaN
2009-07-01T12:00:00Z,0.0,-67.875,60.125,NaN,NaN
2009-07-01T12:00:00Z,0.0,-67.875,64.125,NaN,NaN
2009-07-01T12:00:00Z,0.0,-67.875,68.125,NaN,NaN
2009-07-01T12:00:00Z,0.0,-67.875,72.125,-1.76,-0.06
2009-07-01T12:00:00Z,0.0,-67.875,76.125,-1.8,-0.16
2009-07-01T12:00:00Z,0.0,-67.875,80.125,-1.63,-0.2
2009-07-01T12:00:00Z,0.0,-67.875,84.125,NaN,NaN
2009-07-01T12:00:00Z,0.0,-67.875,88.125,NaN,NaN
2009-07-01T12:00:00Z,0.0,-67.875,92.125,NaN,NaN
2009-07-01T12:00:00Z,0.0,-67.875,96.125,NaN,NaN
2009-07-01T12:00:00Z,0.0,-67.875,100.125,NaN,NaN
2009-07-01T12:00:00Z,0.0,-67.875,104.125,NaN,NaN
2009-07-01T12:00:00Z,0.0,-67.875,108.125,NaN,NaN
2009-07-01T12:00:00Z,0.0,-67.875,112.125,NaN,NaN
2009-07-01T12:00:00Z,0.0,-67.875,116.125,NaN,NaN
2009-07-01T12:00:00Z,0.0,-67.875,120.125,NaN,NaN
2009-07-01T12:00:00Z,0.0,-67.875,124.125,NaN,NaN
2009-07-01T12:00:00Z,0.0,-67.875,128.125,NaN,NaN
2009-07-01T12:00:00Z,0.0,-67.875,132.125,NaN,NaN
2009-07-01T12:00:00Z,0.0,-67.875,136.125,NaN,NaN
2009-07-01T12:00:00Z,0.0,-67.875,140.125,NaN,NaN
2009-07-01T12:00:00Z,0.0,-67.875,144.125,NaN,NaN
2009-07-01T12:00:00Z,0.0,-67.875,148.125,-1.76,-0.23
2009-07-01T12:00:00Z,0.0,-67.875,152.125,-1.78,-0.07
2009-07-01T12:00:00Z,0.0,-67.875,156.125,-1.8,-0.03
2009-07-01T12:00:00Z,0.0,-67.875,160.125,-1.8,-0.04
2009-07-01T12:00:00Z,0.0,-67.875,164.125,-1.79,-0.05
2009-07-01T12:00:00Z,0.0,-67.875,168.125,-1.79,-0.05
2009-07-01T12:00:00Z,0.0,-67.875,172.125,-1.79,-0.05
2009-07-01T12:00:00Z,0.0,-67.875,176.125,-1.79,-0.05
2009-07-01T12:00:00Z,0.0,-67.875,180.125,-1.8,-0.14
2009-07-01T12:00:00Z,0.0,-67.875,184.125,-1.79,-0.16
2009-07-01T12:00:00Z,0.0,-67.875,188.125,-1.79,-0.13
2009-07-01T12:00:00Z,0.0,-67.875,192.125,-1.8,-0.09
2009-07-01T12:00:00Z,0.0,-67.875,196.125,-1.8,-0.06
2009-07-01T12:00:00Z,0.0,-67.875,200.125,-1.8,-0.06
2009-07-01T12:00:00Z,0.0,-67.875,204.125,-1.8,-0.07
2009-07-01T12:00:00Z,0.0,-67.875,208.125,-1.8,-0.08
2009-07-01T12:00:00Z,0.0,-67.875,212.125,-1.79,-0.1
2009-07-01T12:00:00Z,0.0,-67.875,216.125,-1.8,-0.2
2009-07-01T12:00:00Z,0.0,-67.875,220.125,-1.8,-0.27
2009-07-01T12:00:00Z,0.0,-67.875,224.125,-1.8,-0.32
2009-07-01T12:00:00Z,0.0,-67.875,228.125,-1.8,-0.37
2009-07-01T12:00:00Z,0.0,-67.875,232.125,-1.74,-0.3
2009-07-01T12:00:00Z,0.0,-67.875,236.125,-1.72,-0.29
2009-07-01T12:00:00Z,0.0,-67.875,240.125,-1.63,-0.3
2009-07-01T12:00:00Z,0.0,-67.875,244.125,-1.69,-0.43
2009-07-01T12:00:00Z,0.0,-67.875,248.125,-1.8,-0.52
2009-07-01T12:00:00Z,0.0,-67.875,252.125,-1.79,-0.52
2009-07-01T12:00:00Z,0.0,-67.875,256.125,-1.8,-0.7
2009-07-01T12:00:00Z,0.0,-67.875,260.125,-1.8,-0.72
2009-07-01T12:00:00Z,0.0,-67.875,264.125,-1.8,-0.69
2009-07-01T12:00:00Z,0.0,-67.875,268.125,-1.77,-0.58
2009-07-01T12:00:00Z,0.0,-67.875,272.125,-1.79,-0.47
2009-07-01T12:00:00Z,0.0,-67.875,276.125,-1.79,-0.39
2009-07-01T12:00:00Z,0.0,-67.875,280.125,-1.78,-0.27
2009-07-01T12:00:00Z,0.0,-67.875,284.125,-1.45,0.09
2009-07-01T12:00:00Z,0.0,-67.875,288.125,-1.54,-0.02
2009-07-01T12:00:00Z,0.0,-67.875,292.125,-1.51,-0.16
2009-07-01T12:00:00Z,0.0,-67.875,296.125,-1.71,-0.32
2009-07-01T12:00:00Z,0.0,-67.875,300.125,-1.8,-0.16
2009-07-01T12:00:00Z,0.0,-67.875,304.125,-1.8,0.0
2009-07-01T12:00:00Z,0.0,-67.875,308.125,-1.8,0.0
2009-07-01T12:00:00Z,0.0,-67.875,312.125,-1.8,-0.01
2009-07-01T12:00:00Z,0.0,-67.875,316.125,-1.8,0.0
2009-07-01T12:00:00Z,0.0,-67.875,320.125,-1.8,-0.01
2009-07-01T12:00:00Z,0.0,-67.875,324.125,-1.8,0.0
2009-07-01T12:00:00Z,0.0,-67.875,328.125,-1.8,0.0
2009-07-01T12:00:00Z,0.0,-67.875,332.125,-1.8,-0.01
2009-07-01T12:00:00Z,0.0,-67.875,336.125,-1.8,-0.01
2009-07-01T12:00:00Z,0.0,-67.875,340.125,-1.8,-0.01
2009-07-01T12:00:00Z,0.0,-67.875,344.125,-1.8,-0.01
2009-07-01T12:00:00Z,0.0,-67.875,348.125,-1.8,-0.02
2009-07-01T12:00:00Z,0.0,-67.875,352.125,-1.8,-0.03
2009-07-01T12:00:00Z,0.0,-67.875,356.125,-1.8,-0.06
2009-07-01T12:00:00Z,0.0,-63.875,0.125,-1.8,-0.29
2009-07-01T12:00:00Z,0.0,-63.875,4.125,-1.8,-0.34
2009-07-01T12:00:00Z,0.0,-63.875,8.125,-1.8,-0.37
2009-07-01T12:00:00Z,0.0,-63.875,12.125,-1.8,-0.35
2009-07-01T12:00:00Z,0.0,-63.875,16.125,-1.79,-0.28
2009-07-01T12:00:00Z,0.0,-63.875,20.125,-1.8,-0.29
2009-07-01T12:00:00Z,0.0,-63.875,24.125,-1.79,-0.32
2009-07-01T12:00:00Z,0.0,-63.875,28.125,-1.8,-0.39
2009-07-01T12:00:00Z,0.0,-63.875,32.125,-1.79,-0.42
2009-07-01T12:00:00Z,0.0,-63.875,36.125,-1.79,-0.52
2009-07-01T12:00:00Z,0.0,-63.875,40.125,-1.7,-0.54
2009-07-01T12:00:00Z,0.0,-63.875,44.125,-1.66,-0.51
2009-07-01T12:00:00Z,0.0,-63.875,48.125,-1.46,-0.25
2009-07-01T12:00:00Z,0.0,-63.875,52.125,-1.59,-0.27
2009-07-01T12:00:00Z,0.0,-63.875,56.125,-1.71,-0.23
2009-07-01T12:00:00Z,0.0,-63.875,60.125,-1.75,-0.19
2009-07-01T12:00:00Z,0.0,-63.875,64.125,-1.75,-0.13
2009-07-01T12:00:00Z,0.0,-63.875,68.125,-1.77,-0.08
2009-07-01T12:00:00Z,0.0,-63.875,72.125,-1.77,-0.09
2009-07-01T12:00:00Z,0.0,-63.875,76.125,-1.8,-0.16
2009-07-01T12:00:00Z,0.0,-63.875,80.125,-1.8,-0.19
2009-07-01T12:00:00Z,0.0,-63.875,84.125,-1.8,-0.14
2009-07-01T12:00:00Z,0.0,-63.875,88.125,-1.8,-0.17
2009-07-01T12:00:00Z,0.0,-63.875,92.125,-1.8,-0.21
2009-07-01T12:00:00Z,0.0,-63.875,96.125,-1.79,-0.3
2009-07-01T12:00:00Z,0.0,-63.875,100.125,-1.8,-0.26
2009-07-01T12:00:00Z,0.0,-63.875,104.125,-1.76,-0.27
2009-07-01T12:00:00Z,0.0,-63.875,108.125,-1.61,-0.1
2009-07-01T12:00:00Z,0.0,-63.875,112.125,-1.67,-0.25
2009-07-01T12:00:00Z,0.0,-63.875,116.125,-1.77,-0.36
2009-07-01T12:00:00Z,0.0,-63.875,120.125,-1.37,-0.16
2009-07-01T12:00:00Z,0.0,-63.875,124.125,-1.33,-0.22
2009-07-01T12:00:00Z,0.0,-63.875,128.125,-1.36,-0.24
2009-07-01T12:00:00Z,0.0,-63.875,132.125,-1.36,-0.26
2009-07-01T12:00:00Z,0.0,-63.875,136.125,-1.5,-0.35
2009-07-01T12:00:00Z,0.0,-63.875,140.125,-1.27,-0.15
2009-07-01T12:00:00Z,0.0,-63.875,144.125,-1.36,-0.28
2009-07-01T12:00:00Z,0.0,-63.875,148.125,-1.22,-0.02
2009-07-01T12:00:00Z,0.0,-63.875,152.125,-1.53,-0.21
2009-07-01T12:00:00Z,0.0,-63.875,156.125,-1.8,-0.53
2009-07-01T12:00:00Z,0.0,-63.875,160.125,-1.8,-0.48
2009-07-01T12:00:00Z,0.0,-63.875,164.125,-1.8,-0.52
2009-07-01T12:00:00Z,0.0,-63.875,168.125,-1.8,-0.77
2009-07-01T12:00:00Z,0.0,-63.875,172.125,-1.79,-1.16
2009-07-01T12:00:00Z,0.0,-63.875,176.125,-1.68,-1.43
2009-07-01T12:00:00Z,0.0,-63.875,180.125,-0.09,-0.32
2009-07-01T12:00:00Z,0.0,-63.875,184.125,-0.76,-0.9
2009-07-01T12:00:00Z,0.0,-63.875,188.125,-1.44,-1.2
2009-07-01T12:00:00Z,0.0,-63.875,192.125,-1.69,-1.0
2009-07-01T12:00:00Z,0.0,-63.875,196.125,-1.79,-0.75
2009-07-01T12:00:00Z,0.0,-63.875,200.125,-1.8,-0.66
2009-07-01T12:00:00Z,0.0,-63.875,204.125,-1.8,-0.65
2009-07-01T12:00:00Z,0.0,-63.875,208.125,-1.8,-0.6
2009-07-01T12:00:00Z,0.0,-63.875,212.125,-1.8,-0.71
2009-07-01T12:00:00Z,0.0,-63.875,216.125,-1.74,-0.97
2009-07-01T12:00:00Z,0.0,-63.875,220.125,-1.56,-1.01
2009-07-01T12:00:00Z,0.0,-63.875,224.125,-1.38,-1.0
2009-07-01T12:00:00Z,0.0,-63.875,228.125,-1.13,-1.09
2009-07-01T12:00:00Z,0.0,-63.875,232.125,-0.84,-1.14
2009-07-01T12:00:00Z,0.0,-63.875,236.125,0.24,-0.3
2009-07-01T12:00:00Z,0.0,-63.875,240.125,0.1,-0.64
2009-07-01T12:00:00Z,0.0,-63.875,244.125,-1.3,-2.25
2009-07-01T12:00:00Z,0.0,-63.875,248.125,0.61,-0.58
2009-07-01T12:00:00Z,0.0,-63.875,252.125,0.43,-0.52
2009-07-01T12:00:00Z,0.0,-63.875,256.125,0.17,-0.68
2009-07-01T12:00:00Z,0.0,-63.875,260.125,-0.29,-1.19
2009-07-01T12:00:00Z,0.0,-63.875,264.125,-0.08,-0.91
2009-07-01T12:00:00Z,0.0,-63.875,268.125,-0.28,-0.95
2009-07-01T12:00:00Z,0.0,-63.875,272.125,-0.26,-0.99
2009-07-01T12:00:00Z,0.0,-63.875,276.125,-0.41,-0.97
2009-07-01T12:00:00Z,0.0,-63.875,280.125,-0.93,-1.18
2009-07-01T12:00:00Z,0.0,-63.875,284.125,-1.19,-1.18
2009-07-01T12:00:00Z,0.0,-63.875,288.125,-1.34,-0.81
2009-07-01T12:00:00Z,0.0,-63.875,292.125,-1.22,-0.34
2009-07-01T12:00:00Z,0.0,-63.875,296.125,-0.88,-0.13
2009-07-01T12:00:00Z,0.0,-63.875,300.125,-1.77,-0.74
2009-07-01T12:00:00Z,0.0,-63.875,304.125,-1.8,-0.33
2009-07-01T12:00:00Z,0.0,-63.875,308.125,-1.8,-0.1
2009-07-01T12:00:00Z,0.0,-63.875,312.125,-1.8,-0.05
2009-07-01T12:00:00Z,0.0,-63.875,316.125,-1.8,-0.06
2009-07-01T12:00:00Z,0.0,-63.875,320.125,-1.8,-0.05
2009-07-01T12:00:00Z,0.0,-63.875,324.125,-1.8,-0.05
2009-07-01T12:00:00Z,0.0,-63.875,328.125,-1.8,-0.04
2009-07-01T12:00:00Z,0.0,-63.875,332.125,-1.8,-0.04
2009-07-01T12:00:00Z,0.0,-63.875,336.125,-1.8,-0.04
2009-07-01T12:00:00Z,0.0,-63.875,340.125,-1.8,-0.04
2009-07-01T12:00:00Z,0.0,-63.875,344.125,-1.8,-0.05
2009-07-01T12:00:00Z,0.0,-63.875,348.125,-1.8,-0.07
2009-07-01T12:00:00Z,0.0,-63.875,352.125,-1.8,-0.11
2009-07-01T12:00:00Z,0.0,-63.875,356.125,-1.8,-0.2
2009-07-01T12:00:00Z,0.0,-59.875,0.125,-1.76,-0.55
2009-07-01T12:00:00Z,0.0,-59.875,4.125,-1.79,-0.58
2009-07-01T12:00:00Z,0.0,-59.875,8.125,-1.56,-0.41
2009-07-01T12:00:00Z,0.0,-59.875,12.125,-1.33,-0.31
2009-07-01T12:00:00Z,0.0,-59.875,16.125,-1.6,-0.67
2009-07-01T12:00:00Z,0.0,-59.875,20.125,-1.22,-0.54
2009-07-01T12:00:00Z,0.0,-59.875,24.125,-0.33,0.09
2009-07-01T12:00:00Z,0.0,-59.875,28.125,-0.58,-0.31
2009-07-01T12:00:00Z,0.0,-59.875,32.125,-0.67,-0.31
2009-07-01T12:00:00Z,0.0,-59.875,36.125,-1.19,-0.87
2009-07-01T12:00:00Z,0.0,-59.875,40.125,-1.38,-1.07
2009-07-01T12:00:00Z,0.0,-59.875,44.125,-1.05,-0.83
2009-07-01T12:00:00Z,0.0,-59.875,48.125,-0.89,-0.74
2009-07-01T12:00:00Z,0.0,-59.875,52.125,-1.02,-0.72
2009-07-01T12:00:00Z,0.0,-59.875,56.125,-1.18,-0.74
2009-07-01T12:00:00Z,0.0,-59.875,60.125,-0.38,0.0
2009-07-01T12:00:00Z,0.0,-59.875,64.125,-0.38,-0.15
2009-07-01T12:00:00Z,0.0,-59.875,68.125,-1.18,-0.84
2009-07-01T12:00:00Z,0.0,-59.875,72.125,-1.16,-0.5
2009-07-01T12:00:00Z,0.0,-59.875,76.125,-1.45,-0.53
2009-07-01T12:00:00Z,0.0,-59.875,80.125,-1.6,-0.73
2009-07-01T12:00:00Z,0.0,-59.875,84.125,-1.48,-0.8
2009-07-01T12:00:00Z,0.0,-59.875,88.125,-0.11,0.14
2009-07-01T12:00:00Z,0.0,-59.875,92.125,-0.51,-0.21
2009-07-01T12:00:00Z,0.0,-59.875,96.125,-0.72,-0.3
2009-07-01T12:00:00Z,0.0,-59.875,100.125,-0.51,-0.09
2009-07-01T12:00:00Z,0.0,-59.875,104.125,0.23,0.4
2009-07-01T12:00:00Z,0.0,-59.875,108.125,-0.47,-0.44
2009-07-01T12:00:00Z,0.0,-59.875,112.125,0.1,0.03
2009-07-01T12:00:00Z,0.0,-59.875,116.125,0.21,-0.02
2009-07-01T12:00:00Z,0.0,-59.875,120.125,0.24,-0.09
2009-07-01T12:00:00Z,0.0,-59.875,124.125,0.45,0.0
2009-07-01T12:00:00Z,0.0,-59.875,128.125,0.19,-0.48
2009-07-01T12:00:00Z,0.0,-59.875,132.125,0.44,-0.37
2009-07-01T12:00:00Z,0.0,-59.875,136.125,1.21,0.53
2009-07-01T12:00:00Z,0.0,-59.875,140.125,0.06,-0.68
2009-07-01T12:00:00Z,0.0,-59.875,144.125,0.07,-0.47
2009-07-01T12:00:00Z,0.0,-59.875,148.125,2.44,2.4
2009-07-01T12:00:00Z,0.0,-59.875,152.125,-0.69,-0.78
2009-07-01T12:00:00Z,0.0,-59.875,156.125,0.38,-0.2
2009-07-01T12:00:00Z,0.0,-59.875,160.125,1.4,0.51
2009-07-01T12:00:00Z,0.0,-59.875,164.125,2.02,0.2
2009-07-01T12:00:00Z,0.0,-59.875,168.125,2.59,-0.31
2009-07-01T12:00:00Z,0.0,-59.875,172.125,2.43,-1.06
2009-07-01T12:00:00Z,0.0,-59.875,176.125,3.24,0.04
2009-07-01T12:00:00Z,0.0,-59.875,180.125,2.13,-0.76
2009-07-01T12:00:00Z,0.0,-59.875,184.125,2.43,-0.16
2009-07-01T12:00:00Z,0.0,-59.875,188.125,1.9,-0.43
2009-07-01T12:00:00Z,0.0,-59.875,192.125,1.85,-0.24
2009-07-01T12:00:00Z,0.0,-59.875,196.125,1.2,-0.46
2009-07-01T12:00:00Z,0.0,-59.875,200.125,0.66,-0.5
2009-07-01T12:00:00Z,0.0,-59.875,204.125,-0.1,-0.6
2009-07-01T12:00:00Z,0.0,-59.875,208.125,-1.45,-1.23
2009-07-01T12:00:00Z,0.0,-59.875,212.125,-1.14,-0.87
2009-07-01T12:00:00Z,0.0,-59.875,216.125,-0.93,-1.02
2009-07-01T12:00:00Z,0.0,-59.875,220.125,-0.51,-0.97
2009-07-01T12:00:00Z,0.0,-59.875,224.125,-0.16,-1.01
2009-07-01T12:00:00Z,0.0,-59.875,228.125,-0.42,-1.84
2009-07-01T12:00:00Z,0.0,-59.875,232.125,1.41,-0.58
2009-07-01T12:00:00Z,0.0,-59.875,236.125,1.46,-0.95
2009-07-01T12:00:00Z,0.0,-59.875,240.125,1.48,-1.09
2009-07-01T12:00:00Z,0.0,-59.875,244.125,1.95,-0.85
2009-07-01T12:00:00Z,0.0,-59.875,248.125,1.3,-1.68
2009-07-01T12:00:00Z,0.0,-59.875,252.125,2.13,-0.9
2009-07-01T12:00:00Z,0.0,-59.875,256.125,2.2,-1.02
2009-07-01T12:00:00Z,0.0,-59.875,260.125,2.44,-1.03
2009-07-01T12:00:00Z,0.0,-59.875,264.125,2.61,-0.78
2009-07-01T12:00:00Z,0.0,-59.875,268.125,1.69,-1.68
2009-07-01T12:00:00Z,0.0,-59.875,272.125,1.55,-1.96
2009-07-01T12:00:00Z,0.0,-59.875,276.125,2.33,-1.41
2009-07-01T12:00:00Z,0.0,-59.875,280.125,3.01,-0.86
2009-07-01T12:00:00Z,0.0,-59.875,284.125,2.84,-0.85
2009-07-01T12:00:00Z,0.0,-59.875,288.125,2.83,-0.35
2009-07-01T12:00:00Z,0.0,-59.875,292.125,-0.06,-2.21
2009-07-01T12:00:00Z,0.0,-59.875,296.125,1.01,0.3
2009-07-01T12:00:00Z,0.0,-59.875,300.125,0.57,0.49
2009-07-01T12:00:00Z,0.0,-59.875,304.125,-0.47,-0.23
2009-07-01T12:00:00Z,0.0,-59.875,308.125,-1.0,-0.36
2009-07-01T12:00:00Z,0.0,-59.875,312.125,-1.17,-0.34
2009-07-01T12:00:00Z,0.0,-59.875,316.125,-0.77,0.03
2009-07-01T12:00:00Z,0.0,-59.875,320.125,-1.09,-0.14
2009-07-01T12:00:00Z,0.0,-59.875,324.125,-1.29,-0.35
2009-07-01T12:00:00Z,0.0,-59.875,328.125,-1.48,-0.37
2009-07-01T12:00:00Z,0.0,-59.875,332.125,-1.46,-0.28
2009-07-01T12:00:00Z,0.0,-59.875,336.125,-0.38,0.35
2009-07-01T12:00:00Z,0.0,-59.875,340.125,-1.06,-0.27
2009-07-01T12:00:00Z,0.0,-59.875,344.125,-1.42,-0.3
2009-07-01T12:00:00Z,0.0,-59.875,348.125,-1.61,-0.35
2009-07-01T12:00:00Z,0.0,-59.875,352.125,-1.71,-0.46
2009-07-01T12:00:00Z,0.0,-59.875,356.125,-1.72,-0.5
2009-07-01T12:00:00Z,0.0,-55.875,0.125,-0.56,-0.09
2009-07-01T12:00:00Z,0.0,-55.875,4.125,-0.47,0.1
2009-07-01T12:00:00Z,0.0,-55.875,8.125,-0.83,-0.23
2009-07-01T12:00:00Z,0.0,-55.875,12.125,-0.63,-0.08
2009-07-01T12:00:00Z,0.0,-55.875,16.125,-0.51,-0.2
2009-07-01T12:00:00Z,0.0,-55.875,20.125,-0.16,0.03
2009-07-01T12:00:00Z,0.0,-55.875,24.125,-0.03,-0.13
2009-07-01T12:00:00Z,0.0,-55.875,28.125,0.93,0.23
2009-07-01T12:00:00Z,0.0,-55.875,32.125,1.1,0.25
2009-07-01T12:00:00Z,0.0,-55.875,36.125,1.24,0.25
2009-07-01T12:00:00Z,0.0,-55.875,40.125,0.0,-0.76
2009-07-01T12:00:00Z,0.0,-55.875,44.125,-0.42,-0.92
2009-07-01T12:00:00Z,0.0,-55.875,48.125,0.33,-0.42
2009-07-01T12:00:00Z,0.0,-55.875,52.125,0.58,-0.43
2009-07-01T12:00:00Z,0.0,-55.875,56.125,0.99,-0.19
2009-07-01T12:00:00Z,0.0,-55.875,60.125,0.02,-1.25
2009-07-01T12:00:00Z,0.0,-55.875,64.125,1.27,-0.09
2009-07-01T12:00:00Z,0.0,-55.875,68.125,0.75,-0.56
2009-07-01T12:00:00Z,0.0,-55.875,72.125,0.49,-0.53
2009-07-01T12:00:00Z,0.0,-55.875,76.125,-0.34,-0.84
2009-07-01T12:00:00Z,0.0,-55.875,80.125,0.05,-0.09
2009-07-01T12:00:00Z,0.0,-55.875,84.125,0.99,0.12
2009-07-01T12:00:00Z,0.0,-55.875,88.125,0.61,-0.58
2009-07-01T12:00:00Z,0.0,-55.875,92.125,0.64,-0.42
2009-07-01T12:00:00Z,0.0,-55.875,96.125,1.35,0.3
2009-07-01T12:00:00Z,0.0,-55.875,100.125,0.91,0.15
2009-07-01T12:00:00Z,0.0,-55.875,104.125,0.62,-0.11
2009-07-01T12:00:00Z,0.0,-55.875,108.125,1.01,-0.15
2009-07-01T12:00:00Z,0.0,-55.875,112.125,1.6,0.11
2009-07-01T12:00:00Z,0.0,-55.875,116.125,2.05,0.01
2009-07-01T12:00:00Z,0.0,-55.875,120.125,2.55,0.28
2009-07-01T12:00:00Z,0.0,-55.875,124.125,3.26,0.8
2009-07-01T12:00:00Z,0.0,-55.875,128.125,3.06,0.43
2009-07-01T12:00:00Z,0.0,-55.875,132.125,3.86,1.02
2009-07-01T12:00:00Z,0.0,-55.875,136.125,3.17,0.32
2009-07-01T12:00:00Z,0.0,-55.875,140.125,3.12,0.78
2009-07-01T12:00:00Z,0.0,-55.875,144.125,2.11,0.57
2009-07-01T12:00:00Z,0.0,-55.875,148.125,1.65,-0.42
2009-07-01T12:00:00Z,0.0,-55.875,152.125,4.13,0.86
2009-07-01T12:00:00Z,0.0,-55.875,156.125,4.16,0.4
2009-07-01T12:00:00Z,0.0,-55.875,160.125,4.47,1.02
2009-07-01T12:00:00Z,0.0,-55.875,164.125,5.47,0.11
2009-07-01T12:00:00Z,0.0,-55.875,168.125,7.46,0.91
2009-07-01T12:00:00Z,0.0,-55.875,172.125,5.54,-0.52
2009-07-01T12:00:00Z,0.0,-55.875,176.125,6.19,0.68
2009-07-01T12:00:00Z,0.0,-55.875,180.125,5.46,-0.33
2009-07-01T12:00:00Z,0.0,-55.875,184.125,5.45,-0.27
2009-07-01T12:00:00Z,0.0,-55.875,188.125,5.0,-0.08
2009-07-01T12:00:00Z,0.0,-55.875,192.125,4.37,-0.31
2009-07-01T12:00:00Z,0.0,-55.875,196.125,3.12,-1.17
2009-07-01T12:00:00Z,0.0,-55.875,200.125,4.12,0.05
2009-07-01T12:00:00Z,0.0,-55.875,204.125,2.57,-1.25
2009-07-01T12:00:00Z,0.0,-55.875,208.125,2.0,-1.13
2009-07-01T12:00:00Z,0.0,-55.875,212.125,2.13,-0.63
2009-07-01T12:00:00Z,0.0,-55.875,216.125,2.56,-0.79
2009-07-01T12:00:00Z,0.0,-55.875,220.125,4.21,0.08
2009-07-01T12:00:00Z,0.0,-55.875,224.125,3.93,-0.09
2009-07-01T12:00:00Z,0.0,-55.875,228.125,3.79,-0.61
2009-07-01T12:00:00Z,0.0,-55.875,232.125,3.82,-1.4
2009-07-01T12:00:00Z,0.0,-55.875,236.125,6.01,0.54
2009-07-01T12:00:00Z,0.0,-55.875,240.125,5.84,0.65
2009-07-01T12:00:00Z,0.0,-55.875,244.125,4.43,-0.79
2009-07-01T12:00:00Z,0.0,-55.875,248.125,4.56,-0.88
2009-07-01T12:00:00Z,0.0,-55.875,252.125,5.26,-0.3
2009-07-01T12:00:00Z,0.0,-55.875,256.125,3.89,-1.66
2009-07-01T12:00:00Z,0.0,-55.875,260.125,5.39,-0.21
2009-07-01T12:00:00Z,0.0,-55.875,264.125,4.81,-0.68
2009-07-01T12:00:00Z,0.0,-55.875,268.125,4.99,-0.53
2009-07-01T12:00:00Z,0.0,-55.875,272.125,4.94,-0.6
2009-07-01T12:00:00Z,0.0,-55.875,276.125,4.85,-0.62
2009-07-01T12:00:00Z,0.0,-55.875,280.125,4.89,-0.6
2009-07-01T12:00:00Z,0.0,-55.875,284.125,4.86,-1.0
2009-07-01T12:00:00Z,0.0,-55.875,288.125,6.27,-0.11
2009-07-01T12:00:00Z,0.0,-55.875,292.125,6.41,0.24
2009-07-01T12:00:00Z,0.0,-55.875,296.125,3.62,-1.44
2009-07-01T12:00:00Z,0.0,-55.875,300.125,5.08,0.68
2009-07-01T12:00:00Z,0.0,-55.875,304.125,2.99,-0.59
2009-07-01T12:00:00Z,0.0,-55.875,308.125,0.73,-1.89
2009-07-01T12:00:00Z,0.0,-55.875,312.125,0.91,-0.85
2009-07-01T12:00:00Z,0.0,-55.875,316.125,0.75,-0.37
2009-07-01T12:00:00Z,0.0,-55.875,320.125,0.84,0.1
2009-07-01T12:00:00Z,0.0,-55.875,324.125,1.79,1.07
2009-07-01T12:00:00Z,0.0,-55.875,328.125,0.6,0.46
2009-07-01T12:00:00Z,0.0,-55.875,332.125,-0.38,-0.38
2009-07-01T12:00:00Z,0.0,-55.875,336.125,0.95,0.42
2009-07-01T12:00:00Z,0.0,-55.875,340.125,1.33,0.65
2009-07-01T12:00:00Z,0.0,-55.875,344.125,1.06,0.48
2009-07-01T12:00:00Z,0.0,-55.875,348.125,0.53,0.24
2009-07-01T12:00:00Z,0.0,-55.875,352.125,-0.01,0.02
2009-07-01T12:00:00Z,0.0,-55.875,356.125,-0.36,-0.05
2009-07-01T12:00:00Z,0.0,-51.875,0.125,2.09,0.62
2009-07-01T12:00:00Z,0.0,-51.875,4.125,2.25,0.75
2009-07-01T12:00:00Z,0.0,-51.875,8.125,2.63,1.12
2009-07-01T12:00:00Z,0.0,-51.875,12.125,1.11,0.11
2009-07-01T12:00:00Z,0.0,-51.875,16.125,1.82,0.73
2009-07-01T12:00:00Z,0.0,-51.875,20.125,1.41,0.46
2009-07-01T12:00:00Z,0.0,-51.875,24.125,0.97,-0.04
2009-07-01T12:00:00Z,0.0,-51.875,28.125,2.4,0.77
2009-07-01T12:00:00Z,0.0,-51.875,32.125,2.97,0.84
2009-07-01T12:00:00Z,0.0,-51.875,36.125,2.5,0.18
2009-07-01T12:00:00Z,0.0,-51.875,40.125,2.42,0.36
2009-07-01T12:00:00Z,0.0,-51.875,44.125,0.87,-1.16
2009-07-01T12:00:00Z,0.0,-51.875,48.125,1.01,-1.43
2009-07-01T12:00:00Z,0.0,-51.875,52.125,2.48,-0.21
2009-07-01T12:00:00Z,0.0,-51.875,56.125,1.77,-0.82
2009-07-01T12:00:00Z,0.0,-51.875,60.125,2.19,-0.54
2009-07-01T12:00:00Z,0.0,-51.875,64.125,2.51,-0.16
2009-07-01T12:00:00Z,0.0,-51.875,68.125,1.94,-0.63
2009-07-01T12:00:00Z,0.0,-51.875,72.125,1.85,-0.26
2009-07-01T12:00:00Z,0.0,-51.875,76.125,1.35,-0.36
2009-07-01T12:00:00Z,0.0,-51.875,80.125,0.5,-1.18
2009-07-01T12:00:00Z,0.0,-51.875,84.125,3.65,0.73
2009-07-01T12:00:00Z,0.0,-51.875,88.125,4.05,0.32
2009-07-01T12:00:00Z,0.0,-51.875,92.125,4.35,0.43
2009-07-01T12:00:00Z,0.0,-51.875,96.125,3.35,0.01
2009-07-01T12:00:00Z,0.0,-51.875,100.125,3.31,0.2
2009-07-01T12:00:00Z,0.0,-51.875,104.125,3.67,0.73
2009-07-01T12:00:00Z,0.0,-51.875,108.125,3.35,0.69
2009-07-01T12:00:00Z,0.0,-51.875,112.125,3.97,1.36
2009-07-01T12:00:00Z,0.0,-51.875,116.125,3.35,0.03
2009-07-01T12:00:00Z,0.0,-51.875,120.125,3.88,-0.31
2009-07-01T12:00:00Z,0.0,-51.875,124.125,5.87,0.87
2009-07-01T12:00:00Z,0.0,-51.875,128.125,4.85,-0.73
2009-07-01T12:00:00Z,0.0,-51.875,132.125,6.66,0.97
2009-07-01T12:00:00Z,0.0,-51.875,136.125,6.39,0.86
2009-07-01T12:00:00Z,0.0,-51.875,140.125,5.54,0.32
2009-07-01T12:00:00Z,0.0,-51.875,144.125,5.0,-0.73
2009-07-01T12:00:00Z,0.0,-51.875,148.125,7.12,0.36
2009-07-01T12:00:00Z,0.0,-51.875,152.125,7.02,0.06
2009-07-01T12:00:00Z,0.0,-51.875,156.125,8.4,1.05
2009-07-01T12:00:00Z,0.0,-51.875,160.125,7.41,-0.05
2009-07-01T12:00:00Z,0.0,-51.875,164.125,9.14,0.98
2009-07-01T12:00:00Z,0.0,-51.875,168.125,8.0,0.13
2009-07-01T12:00:00Z,0.0,-51.875,172.125,7.42,0.05
2009-07-01T12:00:00Z,0.0,-51.875,176.125,6.49,-0.1
2009-07-01T12:00:00Z,0.0,-51.875,180.125,6.95,0.15
2009-07-01T12:00:00Z,0.0,-51.875,184.125,7.27,-0.4
2009-07-01T12:00:00Z,0.0,-51.875,188.125,7.88,0.01
2009-07-01T12:00:00Z,0.0,-51.875,192.125,6.98,-0.57
2009-07-01T12:00:00Z,0.0,-51.875,196.125,6.96,-0.64
2009-07-01T12:00:00Z,0.0,-51.875,200.125,7.07,-0.65
2009-07-01T12:00:00Z,0.0,-51.875,204.125,6.86,-0.86
2009-07-01T12:00:00Z,0.0,-51.875,208.125,7.84,0.02
2009-07-01T12:00:00Z,0.0,-51.875,212.125,7.18,-0.69
2009-07-01T12:00:00Z,0.0,-51.875,216.125,8.67,0.97
2009-07-01T12:00:00Z,0.0,-51.875,220.125,5.99,-1.48
2009-07-01T12:00:00Z,0.0,-51.875,224.125,7.99,0.6
2009-07-01T12:00:00Z,0.0,-51.875,228.125,6.87,-0.56
2009-07-01T12:00:00Z,0.0,-51.875,232.125,6.98,-0.2
2009-07-01T12:00:00Z,0.0,-51.875,236.125,6.87,-0.04
2009-07-01T12:00:00Z,0.0,-51.875,240.125,5.89,-0.48
2009-07-01T12:00:00Z,0.0,-51.875,244.125,5.64,-0.71
2009-07-01T12:00:00Z,0.0,-51.875,248.125,5.87,-0.94
2009-07-01T12:00:00Z,0.0,-51.875,252.125,6.6,-0.18
2009-07-01T12:00:00Z,0.0,-51.875,256.125,6.25,-0.39
2009-07-01T12:00:00Z,0.0,-51.875,260.125,6.12,-0.41
2009-07-01T12:00:00Z,0.0,-51.875,264.125,5.8,-0.64
2009-07-01T12:00:00Z,0.0,-51.875,268.125,6.04,-0.35
2009-07-01T12:00:00Z,0.0,-51.875,272.125,5.67,-0.72
2009-07-01T12:00:00Z,0.0,-51.875,276.125,5.63,-0.85
2009-07-01T12:00:00Z,0.0,-51.875,280.125,5.99,-0.94
2009-07-01T12:00:00Z,0.0,-51.875,284.125,7.85,-0.19
2009-07-01T12:00:00Z,0.0,-51.875,288.125,NaN,NaN
2009-07-01T12:00:00Z,0.0,-51.875,292.125,6.04,-1.12
2009-07-01T12:00:00Z,0.0,-51.875,296.125,6.23,-0.39
2009-07-01T12:00:00Z,0.0,-51.875,300.125,5.49,-0.71
2009-07-01T12:00:00Z,0.0,-51.875,304.125,5.68,0.58
2009-07-01T12:00:00Z,0.0,-51.875,308.125,3.22,-0.99
2009-07-01T12:00:00Z,0.0,-51.875,312.125,3.8,0.4
2009-07-01T12:00:00Z,0.0,-51.875,316.125,3.07,0.55
2009-07-01T12:00:00Z,0.0,-51.875,320.125,1.68,-0.16
2009-07-01T12:00:00Z,0.0,-51.875,324.125,1.41,-0.38
2009-07-01T12:00:00Z,0.0,-51.875,328.125,1.17,-0.21
2009-07-01T12:00:00Z,0.0,-51.875,332.125,1.69,-0.24
2009-07-01T12:00:00Z,0.0,-51.875,336.125,3.11,0.71
2009-07-01T12:00:00Z,0.0,-51.875,340.125,2.74,0.38
2009-07-01T12:00:00Z,0.0,-51.875,344.125,2.33,0.21
2009-07-01T12:00:00Z,0.0,-51.875,348.125,2.25,0.63
2009-07-01T12:00:00Z,0.0,-51.875,352.125,1.06,0.03
2009-07-01T12:00:00Z,0.0,-51.875,356.125,1.32,0.2
2009-07-01T12:00:00Z,0.0,-47.875,0.125,5.42,0.62
2009-07-01T12:00:00Z,0.0,-47.875,4.125,5.63,0.85
2009-07-01T12:00:00Z,0.0,-47.875,8.125,5.3,0.78
2009-07-01T12:00:00Z,0.0,-47.875,12.125,6.12,1.51
2009-07-01T12:00:00Z,0.0,-47.875,16.125,5.5,0.91
2009-07-01T12:00:00Z,0.0,-47.875,20.125,4.27,-0.03
2009-07-01T12:00:00Z,0.0,-47.875,24.125,4.81,0.56
2009-07-01T12:00:00Z,0.0,-47.875,28.125,3.86,-0.99
2009-07-01T12:00:00Z,0.0,-47.875,32.125,6.0,0.53
2009-07-01T12:00:00Z,0.0,-47.875,36.125,3.82,-0.99
2009-07-01T12:00:00Z,0.0,-47.875,40.125,4.01,-0.7
2009-07-01T12:00:00Z,0.0,-47.875,44.125,5.76,0.68
2009-07-01T12:00:00Z,0.0,-47.875,48.125,3.46,-1.04
2009-07-01T12:00:00Z,0.0,-47.875,52.125,3.77,-0.55
2009-07-01T12:00:00Z,0.0,-47.875,56.125,4.3,-0.54
2009-07-01T12:00:00Z,0.0,-47.875,60.125,4.32,-0.92
2009-07-01T12:00:00Z,0.0,-47.875,64.125,3.09,-1.34
2009-07-01T12:00:00Z,0.0,-47.875,68.125,3.25,-0.78
2009-07-01T12:00:00Z,0.0,-47.875,72.125,2.02,-2.1
2009-07-01T12:00:00Z,0.0,-47.875,76.125,3.74,-1.52
2009-07-01T12:00:00Z,0.0,-47.875,80.125,4.73,-0.88
2009-07-01T12:00:00Z,0.0,-47.875,84.125,4.42,-2.39
2009-07-01T12:00:00Z,0.0,-47.875,88.125,7.19,-0.38
2009-07-01T12:00:00Z,0.0,-47.875,92.125,7.3,0.05
2009-07-01T12:00:00Z,0.0,-47.875,96.125,6.11,-0.16
2009-07-01T12:00:00Z,0.0,-47.875,100.125,6.47,0.47
2009-07-01T12:00:00Z,0.0,-47.875,104.125,6.1,0.07
2009-07-01T12:00:00Z,0.0,-47.875,108.125,6.89,0.38
2009-07-01T12:00:00Z,0.0,-47.875,112.125,7.34,0.04
2009-07-01T12:00:00Z,0.0,-47.875,116.125,6.92,-0.74
2009-07-01T12:00:00Z,0.0,-47.875,120.125,8.48,0.71
2009-07-01T12:00:00Z,0.0,-47.875,124.125,9.46,0.96
2009-07-01T12:00:00Z,0.0,-47.875,128.125,9.03,0.05
2009-07-01T12:00:00Z,0.0,-47.875,132.125,8.95,0.08
2009-07-01T12:00:00Z,0.0,-47.875,136.125,8.45,-0.4
2009-07-01T12:00:00Z,0.0,-47.875,140.125,9.43,0.23
2009-07-01T12:00:00Z,0.0,-47.875,144.125,10.63,1.31
2009-07-01T12:00:00Z,0.0,-47.875,148.125,9.51,0.09
2009-07-01T12:00:00Z,0.0,-47.875,152.125,10.31,0.75
2009-07-01T12:00:00Z,0.0,-47.875,156.125,9.35,-0.08
2009-07-01T12:00:00Z,0.0,-47.875,160.125,9.56,0.09
2009-07-01T12:00:00Z,0.0,-47.875,164.125,10.69,0.28
2009-07-01T12:00:00Z,0.0,-47.875,168.125,10.85,1.08
2009-07-01T12:00:00Z,0.0,-47.875,172.125,7.52,-0.67
2009-07-01T12:00:00Z,0.0,-47.875,176.125,7.36,-0.79
2009-07-01T12:00:00Z,0.0,-47.875,180.125,7.17,-1.22
2009-07-01T12:00:00Z,0.0,-47.875,184.125,9.91,0.28
2009-07-01T12:00:00Z,0.0,-47.875,188.125,10.24,0.15
2009-07-01T12:00:00Z,0.0,-47.875,192.125,10.48,0.57
2009-07-01T12:00:00Z,0.0,-47.875,196.125,8.84,-0.79
2009-07-01T12:00:00Z,0.0,-47.875,200.125,9.85,0.32
2009-07-01T12:00:00Z,0.0,-47.875,204.125,9.73,0.43
2009-07-01T12:00:00Z,0.0,-47.875,208.125,9.71,0.61
2009-07-01T12:00:00Z,0.0,-47.875,212.125,9.29,0.36
2009-07-01T12:00:00Z,0.0,-47.875,216.125,8.47,-0.27
2009-07-01T12:00:00Z,0.0,-47.875,220.125,8.33,-0.23
2009-07-01T12:00:00Z,0.0,-47.875,224.125,8.07,-0.34
2009-07-01T12:00:00Z,0.0,-47.875,228.125,7.54,-0.73
2009-07-01T12:00:00Z,0.0,-47.875,232.125,7.49,-0.58
2009-07-01T12:00:00Z,0.0,-47.875,236.125,7.19,-0.81
2009-07-01T12:00:00Z,0.0,-47.875,240.125,7.1,-0.74
2009-07-01T12:00:00Z,0.0,-47.875,244.125,7.11,-0.81
2009-07-01T12:00:00Z,0.0,-47.875,248.125,7.14,-0.97
2009-07-01T12:00:00Z,0.0,-47.875,252.125,7.66,-0.42
2009-07-01T12:00:00Z,0.0,-47.875,256.125,7.68,-0.27
2009-07-01T12:00:00Z,0.0,-47.875,260.125,7.39,-0.46
2009-07-01T12:00:00Z,0.0,-47.875,264.125,8.01,0.23
2009-07-01T12:00:00Z,0.0,-47.875,268.125,7.46,-0.34
2009-07-01T12:00:00Z,0.0,-47.875,272.125,7.26,-0.61
2009-07-01T12:00:00Z,0.0,-47.875,276.125,7.09,-1.04
2009-07-01T12:00:00Z,0.0,-47.875,280.125,7.1,-1.51
2009-07-01T12:00:00Z,0.0,-47.875,284.125,9.11,-0.32
2009-07-01T12:00:00Z,0.0,-47.875,288.125,NaN,NaN
2009-07-01T12:00:00Z,0.0,-47.875,292.125,NaN,NaN
2009-07-01T12:00:00Z,0.0,-47.875,296.125,8.31,0.38
2009-07-01T12:00:00Z,0.0,-47.875,300.125,5.73,-0.69
2009-07-01T12:00:00Z,0.0,-47.875,304.125,6.4,-0.46
2009-07-01T12:00:00Z,0.0,-47.875,308.125,8.36,0.01
2009-07-01T12:00:00Z,0.0,-47.875,312.125,9.04,0.38
2009-07-01T12:00:00Z,0.0,-47.875,316.125,8.61,0.56
2009-07-01T12:00:00Z,0.0,-47.875,320.125,8.3,0.93
2009-07-01T12:00:00Z,0.0,-47.875,324.125,5.35,-1.42
2009-07-01T12:00:00Z,0.0,-47.875,328.125,4.64,-1.01
2009-07-01T12:00:00Z,0.0,-47.875,332.125,3.57,-1.61
2009-07-01T12:00:00Z,0.0,-47.875,336.125,4.89,-0.15
2009-07-01T12:00:00Z,0.0,-47.875,340.125,4.94,-0.52
2009-07-01T12:00:00Z,0.0,-47.875,344.125,6.99,1.97
2009-07-01T12:00:00Z,0.0,-47.875,348.125,4.7,0.87
2009-07-01T12:00:00Z,0.0,-47.875,352.125,3.67,0.39
2009-07-01T12:00:00Z,0.0,-47.875,356.125,5.9,1.71
2009-07-01T12:00:00Z,0.0,-43.875,0.125,9.57,1.04
2009-07-01T12:00:00Z,0.0,-43.875,4.125,10.26,1.94
2009-07-01T12:00:00Z,0.0,-43.875,8.125,9.07,1.29
2009-07-01T12:00:00Z,0.0,-43.875,12.125,10.04,1.55
2009-07-01T12:00:00Z,0.0,-43.875,16.125,9.12,-0.16
2009-07-01T12:00:00Z,0.0,-43.875,20.125,10.93,1.3
2009-07-01T12:00:00Z,0.0,-43.875,24.125,8.53,-1.3
2009-07-01T12:00:00Z,0.0,-43.875,28.125,11.05,1.24
2009-07-01T12:00:00Z,0.0,-43.875,32.125,9.18,-0.06
2009-07-01T12:00:00Z,0.0,-43.875,36.125,7.2,-1.04
2009-07-01T12:00:00Z,0.0,-43.875,40.125,7.86,0.02
2009-07-01T12:00:00Z,0.0,-43.875,44.125,6.47,-0.87
2009-07-01T12:00:00Z,0.0,-43.875,48.125,6.31,-0.05
2009-07-01T12:00:00Z,0.0,-43.875,52.125,7.17,0.01
2009-07-01T12:00:00Z,0.0,-43.875,56.125,9.46,-0.39
2009-07-01T12:00:00Z,0.0,-43.875,60.125,13.94,1.3
2009-07-01T12:00:00Z,0.0,-43.875,64.125,11.26,-0.83
2009-07-01T12:00:00Z,0.0,-43.875,68.125,11.04,-0.02
2009-07-01T12:00:00Z,0.0,-43.875,72.125,10.87,-0.46
2009-07-01T12:00:00Z,0.0,-43.875,76.125,10.39,-0.86
2009-07-01T12:00:00Z,0.0,-43.875,80.125,10.42,-0.16
2009-07-01T12:00:00Z,0.0,-43.875,84.125,10.2,-0.41
2009-07-01T12:00:00Z,0.0,-43.875,88.125,10.76,0.54
2009-07-01T12:00:00Z,0.0,-43.875,92.125,9.67,-0.15
2009-07-01T12:00:00Z,0.0,-43.875,96.125,10.27,0.41
2009-07-01T12:00:00Z,0.0,-43.875,100.125,10.66,0.38
2009-07-01T12:00:00Z,0.0,-43.875,104.125,9.67,-0.6
2009-07-01T12:00:00Z,0.0,-43.875,108.125,10.27,-0.01
2009-07-01T12:00:00Z,0.0,-43.875,112.125,9.91,-0.28
2009-07-01T12:00:00Z,0.0,-43.875,116.125,10.09,-0.14
2009-07-01T12:00:00Z,0.0,-43.875,120.125,9.8,-0.44
2009-07-01T12:00:00Z,0.0,-43.875,124.125,9.8,-0.65
2009-07-01T12:00:00Z,0.0,-43.875,128.125,10.64,0.18
2009-07-01T12:00:00Z,0.0,-43.875,132.125,10.41,-0.15
2009-07-01T12:00:00Z,0.0,-43.875,136.125,11.31,0.53
2009-07-01T12:00:00Z,0.0,-43.875,140.125,10.95,-0.17
2009-07-01T12:00:00Z,0.0,-43.875,144.125,12.4,0.42
2009-07-01T12:00:00Z,0.0,-43.875,148.125,13.09,0.38
2009-07-01T12:00:00Z,0.0,-43.875,152.125,13.32,0.79
2009-07-01T12:00:00Z,0.0,-43.875,156.125,12.22,0.23
2009-07-01T12:00:00Z,0.0,-43.875,160.125,12.29,0.33
2009-07-01T12:00:00Z,0.0,-43.875,164.125,11.93,-0.21
2009-07-01T12:00:00Z,0.0,-43.875,168.125,13.3,0.58
2009-07-01T12:00:00Z,0.0,-43.875,172.125,9.97,-0.19
2009-07-01T12:00:00Z,0.0,-43.875,176.125,10.11,-0.77
2009-07-01T12:00:00Z,0.0,-43.875,180.125,10.02,-1.12
2009-07-01T12:00:00Z,0.0,-43.875,184.125,10.91,-1.04
2009-07-01T12:00:00Z,0.0,-43.875,188.125,12.49,0.68
2009-07-01T12:00:00Z,0.0,-43.875,192.125,11.97,0.7
2009-07-01T12:00:00Z,0.0,-43.875,196.125,11.44,0.52
2009-07-01T12:00:00Z,0.0,-43.875,200.125,10.94,0.26
2009-07-01T12:00:00Z,0.0,-43.875,204.125,10.72,0.15
2009-07-01T12:00:00Z,0.0,-43.875,208.125,10.67,0.08
2009-07-01T12:00:00Z,0.0,-43.875,212.125,10.33,-0.15
2009-07-01T12:00:00Z,0.0,-43.875,216.125,10.46,0.04
2009-07-01T12:00:00Z,0.0,-43.875,220.125,10.13,-0.2
2009-07-01T12:00:00Z,0.0,-43.875,224.125,9.52,-0.73
2009-07-01T12:00:00Z,0.0,-43.875,228.125,9.38,-0.87
2009-07-01T12:00:00Z,0.0,-43.875,232.125,10.28,0.15
2009-07-01T12:00:00Z,0.0,-43.875,236.125,10.26,0.14
2009-07-01T12:00:00Z,0.0,-43.875,240.125,9.83,-0.28
2009-07-01T12:00:00Z,0.0,-43.875,244.125,9.65,-0.5
2009-07-01T12:00:00Z,0.0,-43.875,248.125,9.63,-0.62
2009-07-01T12:00:00Z,0.0,-43.875,252.125,9.49,-0.69
2009-07-01T12:00:00Z,0.0,-43.875,256.125,9.53,-0.44
2009-07-01T12:00:00Z,0.0,-43.875,260.125,9.87,0.0
2009-07-01T12:00:00Z,0.0,-43.875,264.125,9.83,-0.06
2009-07-01T12:00:00Z,0.0,-43.875,268.125,9.41,-0.56
2009-07-01T12:00:00Z,0.0,-43.875,272.125,9.54,-0.52
2009-07-01T12:00:00Z,0.0,-43.875,276.125,10.3,0.04
2009-07-01T12:00:00Z,0.0,-43.875,280.125,10.25,-0.35
2009-07-01T12:00:00Z,0.0,-43.875,284.125,11.11,0.28
2009-07-01T12:00:00Z,0.0,-43.875,288.125,NaN,NaN
2009-07-01T12:00:00Z,0.0,-43.875,292.125,NaN,NaN
2009-07-01T12:00:00Z,0.0,-43.875,296.125,10.53,0.25
2009-07-01T12:00:00Z,0.0,-43.875,300.125,7.34,-0.47
2009-07-01T12:00:00Z,0.0,-43.875,304.125,9.02,-0.22
2009-07-01T12:00:00Z,0.0,-43.875,308.125,10.54,-1.43
2009-07-01T12:00:00Z,0.0,-43.875,312.125,12.54,1.93
2009-07-01T12:00:00Z,0.0,-43.875,316.125,9.88,0.14
2009-07-01T12:00:00Z,0.0,-43.875,320.125,10.0,0.58
2009-07-01T12:00:00Z,0.0,-43.875,324.125,8.18,-1.16
2009-07-01T12:00:00Z,0.0,-43.875,328.125,9.72,0.46
2009-07-01T12:00:00Z,0.0,-43.875,332.125,9.02,-0.38
2009-07-01T12:00:00Z,0.0,-43.875,336.125,9.64,-0.22
2009-07-01T12:00:00Z,0.0,-43.875,340.125,10.89,1.17
2009-07-01T12:00:00Z,0.0,-43.875,344.125,8.61,-0.21
2009-07-01T12:00:00Z,0.0,-43.875,348.125,8.82,-0.1
2009-07-01T12:00:00Z,0.0,-43.875,352.125,10.64,1.74
2009-07-01T12:00:00Z,0.0,-43.875,356.125,9.66,1.09
2009-07-01T12:00:00Z,0.0,-39.875,0.125,12.07,0.56
2009-07-01T12:00:00Z,0.0,-39.875,4.125,12.22,0.75
2009-07-01T12:00:00Z,0.0,-39.875,8.125,13.31,1.26
2009-07-01T12:00:00Z,0.0,-39.875,12.125,15.85,2.3
2009-07-01T12:00:00Z,0.0,-39.875,16.125,13.74,-1.76
2009-07-01T12:00:00Z,0.0,-39.875,20.125,18.59,1.9
2009-07-01T12:00:00Z,0.0,-39.875,24.125,14.11,-1.35
2009-07-01T12:00:00Z,0.0,-39.875,28.125,15.77,0.43
2009-07-01T12:00:00Z,0.0,-39.875,32.125,16.99,1.49
2009-07-01T12:00:00Z,0.0,-39.875,36.125,13.44,-2.24
2009-07-01T12:00:00Z,0.0,-39.875,40.125,14.54,-0.74
2009-07-01T12:00:00Z,0.0,-39.875,44.125,18.53,2.79
2009-07-01T12:00:00Z,0.0,-39.875,48.125,14.94,-0.38
2009-07-01T12:00:00Z,0.0,-39.875,52.125,16.8,1.34
2009-07-01T12:00:00Z,0.0,-39.875,56.125,16.18,0.42
2009-07-01T12:00:00Z,0.0,-39.875,60.125,14.27,-1.08
2009-07-01T12:00:00Z,0.0,-39.875,64.125,14.21,-0.56
2009-07-01T12:00:00Z,0.0,-39.875,68.125,13.35,-0.93
2009-07-01T12:00:00Z,0.0,-39.875,72.125,12.67,-1.25
2009-07-01T12:00:00Z,0.0,-39.875,76.125,12.42,-1.0
2009-07-01T12:00:00Z,0.0,-39.875,80.125,11.76,-1.22
2009-07-01T12:00:00Z,0.0,-39.875,84.125,11.82,-0.85
2009-07-01T12:00:00Z,0.0,-39.875,88.125,12.31,-0.05
2009-07-01T12:00:00Z,0.0,-39.875,92.125,12.0,-0.1
2009-07-01T12:00:00Z,0.0,-39.875,96.125,11.68,-0.33
2009-07-01T12:00:00Z,0.0,-39.875,100.125,11.19,-0.68
2009-07-01T12:00:00Z,0.0,-39.875,104.125,10.89,-1.21
2009-07-01T12:00:00Z,0.0,-39.875,108.125,12.09,-0.33
2009-07-01T12:00:00Z,0.0,-39.875,112.125,10.95,-1.77
2009-07-01T12:00:00Z,0.0,-39.875,116.125,11.94,-1.05
2009-07-01T12:00:00Z,0.0,-39.875,120.125,12.19,-0.56
2009-07-01T12:00:00Z,0.0,-39.875,124.125,12.52,-0.27
2009-07-01T12:00:00Z,0.0,-39.875,128.125,12.72,-0.06
2009-07-01T12:00:00Z,0.0,-39.875,132.125,12.54,-0.33
2009-07-01T12:00:00Z,0.0,-39.875,136.125,13.21,0.27
2009-07-01T12:00:00Z,0.0,-39.875,140.125,13.81,0.15
2009-07-01T12:00:00Z,0.0,-39.875,144.125,14.77,0.86
2009-07-01T12:00:00Z,0.0,-39.875,148.125,13.56,-0.85
2009-07-01T12:00:00Z,0.0,-39.875,152.125,17.44,1.95
2009-07-01T12:00:00Z,0.0,-39.875,156.125,15.61,0.6
2009-07-01T12:00:00Z,0.0,-39.875,160.125,13.59,-0.98
2009-07-01T12:00:00Z,0.0,-39.875,164.125,14.38,0.12
2009-07-01T12:00:00Z,0.0,-39.875,168.125,14.49,0.24
2009-07-01T12:00:00Z,0.0,-39.875,172.125,14.18,-0.33
2009-07-01T12:00:00Z,0.0,-39.875,176.125,NaN,NaN
2009-07-01T12:00:00Z,0.0,-39.875,180.125,13.09,-1.68
2009-07-01T12:00:00Z,0.0,-39.875,184.125,13.36,-0.76
2009-07-01T12:00:00Z,0.0,-39.875,188.125,13.21,-0.36
2009-07-01T12:00:00Z,0.0,-39.875,192.125,12.84,-0.45
2009-07-01T12:00:00Z,0.0,-39.875,196.125,13.02,-0.1
2009-07-01T12:00:00Z,0.0,-39.875,200.125,13.36,0.41
2009-07-01T12:00:00Z,0.0,-39.875,204.125,13.51,0.54
2009-07-01T12:00:00Z,0.0,-39.875,208.125,13.22,0.35
2009-07-01T12:00:00Z,0.0,-39.875,212.125,14.25,1.5
2009-07-01T12:00:00Z,0.0,-39.875,216.125,12.77,0.07
2009-07-01T12:00:00Z,0.0,-39.875,220.125,12.56,-0.19
2009-07-01T12:00:00Z,0.0,-39.875,224.125,13.25,0.41
2009-07-01T12:00:00Z,0.0,-39.875,228.125,13.01,0.21
2009-07-01T12:00:00Z,0.0,-39.875,232.125,12.65,-0.04
2009-07-01T12:00:00Z,0.0,-39.875,236.125,12.22,-0.37
2009-07-01T12:00:00Z,0.0,-39.875,240.125,12.82,0.21
2009-07-01T12:00:00Z,0.0,-39.875,244.125,12.09,-0.49
2009-07-01T12:00:00Z,0.0,-39.875,248.125,12.91,0.21
2009-07-01T12:00:00Z,0.0,-39.875,252.125,12.2,-0.33
2009-07-01T12:00:00Z,0.0,-39.875,256.125,12.53,0.23
2009-07-01T12:00:00Z,0.0,-39.875,260.125,12.75,0.51
2009-07-01T12:00:00Z,0.0,-39.875,264.125,13.3,0.99
2009-07-01T12:00:00Z,0.0,-39.875,268.125,12.06,-0.42
2009-07-01T12:00:00Z,0.0,-39.875,272.125,12.43,-0.2
2009-07-01T12:00:00Z,0.0,-39.875,276.125,13.02,0.33
2009-07-01T12:00:00Z,0.0,-39.875,280.125,12.87,0.11
2009-07-01T12:00:00Z,0.0,-39.875,284.125,12.21,-0.27
2009-07-01T12:00:00Z,0.0,-39.875,288.125,NaN,NaN
2009-07-01T12:00:00Z,0.0,-39.875,292.125,NaN,NaN
2009-07-01T12:00:00Z,0.0,-39.875,296.125,NaN,NaN
2009-07-01T12:00:00Z,0.0,-39.875,300.125,13.21,1.94
2009-07-01T12:00:00Z,0.0,-39.875,304.125,7.93,-0.8
2009-07-01T12:00:00Z,0.0,-39.875,308.125,16.27,1.77
2009-07-01T12:00:00Z,0.0,-39.875,312.125,13.4,-0.78
2009-07-01T12:00:00Z,0.0,-39.875,316.125,13.48,-0.11
2009-07-01T12:00:00Z,0.0,-39.875,320.125,17.24,3.46
2009-07-01T12:00:00Z,0.0,-39.875,324.125,13.11,-0.67
2009-07-01T12:00:00Z,0.0,-39.875,328.125,14.59,0.66
2009-07-01T12:00:00Z,0.0,-39.875,332.125,14.25,0.48
2009-07-01T12:00:00Z,0.0,-39.875,336.125,13.46,0.12
2009-07-01T12:00:00Z,0.0,-39.875,340.125,12.51,-0.27
2009-07-01T12:00:00Z,0.0,-39.875,344.125,13.23,0.7
2009-07-01T12:00:00Z,0.0,-39.875,348.125,11.86,-0.43
2009-07-01T12:00:00Z,0.0,-39.875,352.125,11.93,0.2
2009-07-01T12:00:00Z,0.0,-39.875,356.125,12.33,0.86
2009-07-01T12:00:00Z,0.0,-35.875,0.125,16.0,0.42
2009-07-01T12:00:00Z,0.0,-35.875,4.125,15.86,0.2
2009-07-01T12:00:00Z,0.0,-35.875,8.125,16.67,0.83
2009-07-01T12:00:00Z,0.0,-35.875,12.125,16.74,0.38
2009-07-01T12:00:00Z,0.0,-35.875,16.125,19.28,2.44
2009-07-01T12:00:00Z,0.0,-35.875,20.125,18.0,0.94
2009-07-01T12:00:00Z,0.0,-35.875,24.125,21.18,1.78
2009-07-01T12:00:00Z,0.0,-35.875,28.125,19.32,-0.01
2009-07-01T12:00:00Z,0.0,-35.875,32.125,18.32,-0.5
2009-07-01T12:00:00Z,0.0,-35.875,36.125,18.36,-0.41
2009-07-01T12:00:00Z,0.0,-35.875,40.125,18.47,0.27
2009-07-01T12:00:00Z,0.0,-35.875,44.125,17.36,-0.46
2009-07-01T12:00:00Z,0.0,-35.875,48.125,17.69,0.22
2009-07-01T12:00:00Z,0.0,-35.875,52.125,16.9,-0.14
2009-07-01T12:00:00Z,0.0,-35.875,56.125,16.0,-0.68
2009-07-01T12:00:00Z,0.0,-35.875,60.125,16.21,-0.06
2009-07-01T12:00:00Z,0.0,-35.875,64.125,15.66,-0.32
2009-07-01T12:00:00Z,0.0,-35.875,68.125,15.58,-0.14
2009-07-01T12:00:00Z,0.0,-35.875,72.125,15.38,-0.09
2009-07-01T12:00:00Z,0.0,-35.875,76.125,14.54,-0.47
2009-07-01T12:00:00Z,0.0,-35.875,80.125,14.22,-0.53
2009-07-01T12:00:00Z,0.0,-35.875,84.125,16.0,1.4
2009-07-01T12:00:00Z,0.0,-35.875,88.125,14.76,0.41
2009-07-01T12:00:00Z,0.0,-35.875,92.125,15.41,1.27
2009-07-01T12:00:00Z,0.0,-35.875,96.125,13.63,-0.59
2009-07-01T12:00:00Z,0.0,-35.875,100.125,13.2,-1.14
2009-07-01T12:00:00Z,0.0,-35.875,104.125,15.17,0.42
2009-07-01T12:00:00Z,0.0,-35.875,108.125,17.57,2.08
2009-07-01T12:00:00Z,0.0,-35.875,112.125,15.45,-1.13
2009-07-01T12:00:00Z,0.0,-35.875,116.125,16.71,-0.6
2009-07-01T12:00:00Z,0.0,-35.875,120.125,15.98,-0.85
2009-07-01T12:00:00Z,0.0,-35.875,124.125,15.69,-0.28
2009-07-01T12:00:00Z,0.0,-35.875,128.125,14.99,-0.22
2009-07-01T12:00:00Z,0.0,-35.875,132.125,14.55,-1.0
2009-07-01T12:00:00Z,0.0,-35.875,136.125,16.95,1.02
2009-07-01T12:00:00Z,0.0,-35.875,140.125,NaN,NaN
2009-07-01T12:00:00Z,0.0,-35.875,144.125,NaN,NaN
2009-07-01T12:00:00Z,0.0,-35.875,148.125,NaN,NaN
2009-07-01T12:00:00Z,0.0,-35.875,152.125,20.28,2.31
2009-07-01T12:00:00Z,0.0,-35.875,156.125,18.11,0.32
2009-07-01T12:00:00Z,0.0,-35.875,160.125,18.3,0.93
2009-07-01T12:00:00Z,0.0,-35.875,164.125,17.06,0.27
2009-07-01T12:00:00Z,0.0,-35.875,168.125,16.46,0.25
2009-07-01T12:00:00Z,0.0,-35.875,172.125,15.84,-0.2
2009-07-01T12:00:00Z,0.0,-35.875,176.125,15.99,-0.74
2009-07-01T12:00:00Z,0.0,-35.875,180.125,14.8,-1.46
2009-07-01T12:00:00Z,0.0,-35.875,184.125,14.66,-0.96
2009-07-01T12:00:00Z,0.0,-35.875,188.125,14.78,-0.63
2009-07-01T12:00:00Z,0.0,-35.875,192.125,15.09,-0.39
2009-07-01T12:00:00Z,0.0,-35.875,196.125,14.93,-0.48
2009-07-01T12:00:00Z,0.0,-35.875,200.125,15.97,0.67
2009-07-01T12:00:00Z,0.0,-35.875,204.125,15.92,0.66
2009-07-01T12:00:00Z,0.0,-35.875,208.125,16.07,0.72
2009-07-01T12:00:00Z,0.0,-35.875,212.125,16.07,0.61
2009-07-01T12:00:00Z,0.0,-35.875,216.125,15.52,0.03
2009-07-01T12:00:00Z,0.0,-35.875,220.125,16.33,0.79
2009-07-01T12:00:00Z,0.0,-35.875,224.125,16.25,0.66
2009-07-01T12:00:00Z,0.0,-35.875,228.125,15.32,-0.21
2009-07-01T12:00:00Z,0.0,-35.875,232.125,15.58,0.05
2009-07-01T12:00:00Z,0.0,-35.875,236.125,16.58,1.07
2009-07-01T12:00:00Z,0.0,-35.875,240.125,15.02,-0.39
2009-07-01T12:00:00Z,0.0,-35.875,244.125,15.06,-0.38
2009-07-01T12:00:00Z,0.0,-35.875,248.125,14.27,-1.17
2009-07-01T12:00:00Z,0.0,-35.875,252.125,14.3,-0.95
2009-07-01T12:00:00Z,0.0,-35.875,256.125,15.14,-0.03
2009-07-01T12:00:00Z,0.0,-35.875,260.125,14.4,-0.78
2009-07-01T12:00:00Z,0.0,-35.875,264.125,15.46,0.25
2009-07-01T12:00:00Z,0.0,-35.875,268.125,14.72,-0.47
2009-07-01T12:00:00Z,0.0,-35.875,272.125,15.1,-0.02
2009-07-01T12:00:00Z,0.0,-35.875,276.125,15.98,1.0
2009-07-01T12:00:00Z,0.0,-35.875,280.125,15.5,0.7
2009-07-01T12:00:00Z,0.0,-35.875,284.125,14.06,0.1
2009-07-01T12:00:00Z,0.0,-35.875,288.125,NaN,NaN
2009-07-01T12:00:00Z,0.0,-35.875,292.125,NaN,NaN
2009-07-01T12:00:00Z,0.0,-35.875,296.125,NaN,NaN
2009-07-01T12:00:00Z,0.0,-35.875,300.125,NaN,NaN
2009-07-01T12:00:00Z,0.0,-35.875,304.125,12.58,1.2
2009-07-01T12:00:00Z,0.0,-35.875,308.125,18.32,2.36
2009-07-01T12:00:00Z,0.0,-35.875,312.125,17.26,0.27
2009-07-01T12:00:00Z,0.0,-35.875,316.125,17.92,1.23
2009-07-01T12:00:00Z,0.0,-35.875,320.125,16.63,0.11
2009-07-01T12:00:00Z,0.0,-35.875,324.125,16.26,-0.05
2009-07-01T12:00:00Z,0.0,-35.875,328.125,15.98,-0.09
2009-07-01T12:00:00Z,0.0,-35.875,332.125,15.41,-0.4
2009-07-01T12:00:00Z,0.0,-35.875,336.125,15.62,0.05
2009-07-01T12:00:00Z,0.0,-35.875,340.125,15.01,-0.47
2009-07-01T12:00:00Z,0.0,-35.875,344.125,15.76,0.23
2009-07-01T12:00:00Z,0.0,-35.875,348.125,15.13,-0.48
2009-07-01T12:00:00Z,0.0,-35.875,352.125,15.55,0.16
2009-07-01T12:00:00Z,0.0,-35.875,356.125,14.41,-0.89
2009-07-01T12:00:00Z,0.0,-31.875,0.125,18.66,0.76
2009-07-01T12:00:00Z,0.0,-31.875,4.125,18.5,0.68
2009-07-01T12:00:00Z,0.0,-31.875,8.125,18.3,0.86
2009-07-01T12:00:00Z,0.0,-31.875,12.125,17.7,0.68
2009-07-01T12:00:00Z,0.0,-31.875,16.125,17.33,1.48
2009-07-01T12:00:00Z,0.0,-31.875,20.125,NaN,NaN
2009-07-01T12:00:00Z,0.0,-31.875,24.125,NaN,NaN
2009-07-01T12:00:00Z,0.0,-31.875,28.125,NaN,NaN
2009-07-01T12:00:00Z,0.0,-31.875,32.125,19.85,-1.56
2009-07-01T12:00:00Z,0.0,-31.875,36.125,20.27,-0.54
2009-07-01T12:00:00Z,0.0,-31.875,40.125,19.52,-0.75
2009-07-01T12:00:00Z,0.0,-31.875,44.125,19.42,-0.26
2009-07-01T12:00:00Z,0.0,-31.875,48.125,18.78,-0.61
2009-07-01T12:00:00Z,0.0,-31.875,52.125,19.31,0.29
2009-07-01T12:00:00Z,0.0,-31.875,56.125,19.74,0.81
2009-07-01T12:00:00Z,0.0,-31.875,60.125,17.54,-1.13
2009-07-01T12:00:00Z,0.0,-31.875,64.125,19.19,0.57
2009-07-01T12:00:00Z,0.0,-31.875,68.125,18.2,-0.15
2009-07-01T12:00:00Z,0.0,-31.875,72.125,18.05,0.11
2009-07-01T12:00:00Z,0.0,-31.875,76.125,18.55,0.95
2009-07-01T12:00:00Z,0.0,-31.875,80.125,18.52,0.97
2009-07-01T12:00:00Z,0.0,-31.875,84.125,18.66,1.59
2009-07-01T12:00:00Z,0.0,-31.875,88.125,16.72,-0.27
2009-07-01T12:00:00Z,0.0,-31.875,92.125,17.28,0.47
2009-07-01T12:00:00Z,0.0,-31.875,96.125,16.07,-0.86
2009-07-01T12:00:00Z,0.0,-31.875,100.125,16.44,-0.44
2009-07-01T12:00:00Z,0.0,-31.875,104.125,17.11,-0.01
2009-07-01T12:00:00Z,0.0,-31.875,108.125,17.51,-0.19
2009-07-01T12:00:00Z,0.0,-31.875,112.125,17.67,-1.7
2009-07-01T12:00:00Z,0.0,-31.875,116.125,NaN,NaN
2009-07-01T12:00:00Z,0.0,-31.875,120.125,NaN,NaN
2009-07-01T12:00:00Z,0.0,-31.875,124.125,NaN,NaN
2009-07-01T12:00:00Z,0.0,-31.875,128.125,NaN,NaN
2009-07-01T12:00:00Z,0.0,-31.875,132.125,16.14,-1.56
2009-07-01T12:00:00Z,0.0,-31.875,136.125,NaN,NaN
2009-07-01T12:00:00Z,0.0,-31.875,140.125,NaN,NaN
2009-07-01T12:00:00Z,0.0,-31.875,144.125,NaN,NaN
2009-07-01T12:00:00Z,0.0,-31.875,148.125,NaN,NaN
2009-07-01T12:00:00Z,0.0,-31.875,152.125,NaN,NaN
2009-07-01T12:00:00Z,0.0,-31.875,156.125,20.14,0.03
2009-07-01T12:00:00Z,0.0,-31.875,160.125,18.89,-0.58
2009-07-01T12:00:00Z,0.0,-31.875,164.125,19.35,0.28
2009-07-01T12:00:00Z,0.0,-31.875,168.125,17.65,-0.84
2009-07-01T12:00:00Z,0.0,-31.875,172.125,18.06,-0.27
2009-07-01T12:00:00Z,0.0,-31.875,176.125,17.27,-1.05
2009-07-01T12:00:00Z,0.0,-31.875,180.125,16.96,-1.02
2009-07-01T12:00:00Z,0.0,-31.875,184.125,16.5,-1.34
2009-07-01T12:00:00Z,0.0,-31.875,188.125,16.75,-1.06
2009-07-01T12:00:00Z,0.0,-31.875,192.125,17.64,-0.19
2009-07-01T12:00:00Z,0.0,-31.875,196.125,18.02,0.16
2009-07-01T12:00:00Z,0.0,-31.875,200.125,18.17,0.3
2009-07-01T12:00:00Z,0.0,-31.875,204.125,18.14,0.23
2009-07-01T12:00:00Z,0.0,-31.875,208.125,18.62,0.62
2009-07-01T12:00:00Z,0.0,-31.875,212.125,19.18,1.07
2009-07-01T12:00:00Z,0.0,-31.875,216.125,18.61,0.39
2009-07-01T12:00:00Z,0.0,-31.875,220.125,19.02,0.71
2009-07-01T12:00:00Z,0.0,-31.875,224.125,18.48,0.16
2009-07-01T12:00:00Z,0.0,-31.875,228.125,17.75,-0.63
2009-07-01T12:00:00Z,0.0,-31.875,232.125,18.23,-0.2
2009-07-01T12:00:00Z,0.0,-31.875,236.125,19.11,0.65
2009-07-01T12:00:00Z,0.0,-31.875,240.125,19.28,0.89
2009-07-01T12:00:00Z,0.0,-31.875,244.125,18.15,-0.29
2009-07-01T12:00:00Z,0.0,-31.875,248.125,18.6,0.24
2009-07-01T12:00:00Z,0.0,-31.875,252.125,18.19,-0.01
2009-07-01T12:00:00Z,0.0,-31.875,256.125,17.91,-0.3
2009-07-01T12:00:00Z,0.0,-31.875,260.125,17.91,-0.22
2009-07-01T12:00:00Z,0.0,-31.875,264.125,18.36,0.46
2009-07-01T12:00:00Z,0.0,-31.875,268.125,18.22,0.54
2009-07-01T12:00:00Z,0.0,-31.875,272.125,18.43,1.04
2009-07-01T12:00:00Z,0.0,-31.875,276.125,18.48,1.38
2009-07-01T12:00:00Z,0.0,-31.875,280.125,17.62,0.98
2009-07-01T12:00:00Z,0.0,-31.875,284.125,16.28,0.52
2009-07-01T12:00:00Z,0.0,-31.875,288.125,13.58,-0.72
2009-07-01T12:00:00Z,0.0,-31.875,292.125,NaN,NaN
2009-07-01T12:00:00Z,0.0,-31.875,296.125,NaN,NaN
2009-07-01T12:00:00Z,0.0,-31.875,300.125,NaN,NaN
2009-07-01T12:00:00Z,0.0,-31.875,304.125,NaN,NaN
2009-07-01T12:00:00Z,0.0,-31.875,308.125,14.77,-1.51
2009-07-01T12:00:00Z,0.0,-31.875,312.125,19.61,0.09
2009-07-01T12:00:00Z,0.0,-31.875,316.125,20.04,1.14
2009-07-01T12:00:00Z,0.0,-31.875,320.125,19.7,0.92
2009-07-01T12:00:00Z,0.0,-31.875,324.125,19.16,0.32
2009-07-01T12:00:00Z,0.0,-31.875,328.125,19.58,0.65
2009-07-01T12:00:00Z,0.0,-31.875,332.125,19.23,0.36
2009-07-01T12:00:00Z,0.0,-31.875,336.125,18.56,-0.2
2009-07-01T12:00:00Z,0.0,-31.875,340.125,18.06,-0.67
2009-07-01T12:00:00Z,0.0,-31.875,344.125,18.13,-0.4
2009-07-01T12:00:00Z,0.0,-31.875,348.125,17.71,-0.66
2009-07-01T12:00:00Z,0.0,-31.875,352.125,18.61,0.35
2009-07-01T12:00:00Z,0.0,-31.875,356.125,18.19,0.03
2009-07-01T12:00:00Z,0.0,-27.875,0.125,19.36,0.09
2009-07-01T12:00:00Z,0.0,-27.875,4.125,19.75,0.96
2009-07-01T12:00:00Z,0.0,-27.875,8.125,18.59,0.49
2009-07-01T12:00:00Z,0.0,-27.875,12.125,18.53,1.38
2009-07-01T12:00:00Z,0.0,-27.875,16.125,NaN,NaN
2009-07-01T12:00:00Z,0.0,-27.875,20.125,NaN,NaN
2009-07-01T12:00:00Z,0.0,-27.875,24.125,NaN,NaN
2009-07-01T12:00:00Z,0.0,-27.875,28.125,NaN,NaN
2009-07-01T12:00:00Z,0.0,-27.875,32.125,NaN,NaN
2009-07-01T12:00:00Z,0.0,-27.875,36.125,21.41,-1.19
2009-07-01T12:00:00Z,0.0,-27.875,40.125,22.2,-0.18
2009-07-01T12:00:00Z,0.0,-27.875,44.125,21.66,-0.87
2009-07-01T12:00:00Z,0.0,-27.875,48.125,22.45,0.5
2009-07-01T12:00:00Z,0.0,-27.875,52.125,21.45,-0.18
2009-07-01T12:00:00Z,0.0,-27.875,56.125,21.94,0.46
2009-07-01T12:00:00Z,0.0,-27.875,60.125,20.62,-0.63
2009-07-01T12:00:00Z,0.0,-27.875,64.125,20.87,-0.2
2009-07-01T12:00:00Z,0.0,-27.875,68.125,20.2,-0.48
2009-07-01T12:00:00Z,0.0,-27.875,72.125,20.64,0.25
2009-07-01T12:00:00Z,0.0,-27.875,76.125,20.53,0.2
2009-07-01T12:00:00Z,0.0,-27.875,80.125,21.34,1.22
2009-07-01T12:00:00Z,0.0,-27.875,84.125,20.39,0.52
2009-07-01T12:00:00Z,0.0,-27.875,88.125,19.21,-0.58
2009-07-01T12:00:00Z,0.0,-27.875,92.125,19.45,-0.14
2009-07-01T12:00:00Z,0.0,-27.875,96.125,19.71,0.17
2009-07-01T12:00:00Z,0.0,-27.875,100.125,19.12,-0.38
2009-07-01T12:00:00Z,0.0,-27.875,104.125,20.88,1.2
2009-07-01T12:00:00Z,0.0,-27.875,108.125,20.27,-0.09
2009-07-01T12:00:00Z,0.0,-27.875,112.125,22.45,0.28
2009-07-01T12:00:00Z,0.0,-27.875,116.125,NaN,NaN
2009-07-01T12:00:00Z,0.0,-27.875,120.125,NaN,NaN
2009-07-01T12:00:00Z,0.0,-27.875,124.125,NaN,NaN
2009-07-01T12:00:00Z,0.0,-27.875,128.125,NaN,NaN
2009-07-01T12:00:00Z,0.0,-27.875,132.125,NaN,NaN
2009-07-01T12:00:00Z,0.0,-27.875,136.125,NaN,NaN
2009-07-01T12:00:00Z,0.0,-27.875,140.125,NaN,NaN
2009-07-01T12:00:00Z,0.0,-27.875,144.125,NaN,NaN
2009-07-01T12:00:00Z,0.0,-27.875,148.125,NaN,NaN
2009-07-01T12:00:00Z,0.0,-27.875,152.125,NaN,NaN
2009-07-01T12:00:00Z,0.0,-27.875,156.125,22.84,1.42
2009-07-01T12:00:00Z,0.0,-27.875,160.125,21.02,0.07
2009-07-01T12:00:00Z,0.0,-27.875,164.125,20.05,-0.61
2009-07-01T12:00:00Z,0.0,-27.875,168.125,20.57,0.07
2009-07-01T12:00:00Z,0.0,-27.875,172.125,20.99,0.51
2009-07-01T12:00:00Z,0.0,-27.875,176.125,19.92,-0.57
2009-07-01T12:00:00Z,0.0,-27.875,180.125,20.54,-0.02
2009-07-01T12:00:00Z,0.0,-27.875,184.125,20.95,0.59
2009-07-01T12:00:00Z,0.0,-27.875,188.125,20.23,-0.16
2009-07-01T12:00:00Z,0.0,-27.875,192.125,21.26,0.88
2009-07-01T12:00:00Z,0.0,-27.875,196.125,20.51,0.07
2009-07-01T12:00:00Z,0.0,-27.875,200.125,20.81,0.38
2009-07-01T12:00:00Z,0.0,-27.875,204.125,21.23,0.73
2009-07-01T12:00:00Z,0.0,-27.875,208.125,21.33,0.61
2009-07-01T12:00:00Z,0.0,-27.875,212.125,21.44,0.79
2009-07-01T12:00:00Z,0.0,-27.875,216.125,21.87,0.97
2009-07-01T12:00:00Z,0.0,-27.875,220.125,21.02,-0.1
2009-07-01T12:00:00Z,0.0,-27.875,224.125,21.56,0.42
2009-07-01T12:00:00Z,0.0,-27.875,228.125,22.14,0.84
2009-07-01T12:00:00Z,0.0,-27.875,232.125,20.79,-0.53
2009-07-01T12:00:00Z,0.0,-27.875,236.125,21.43,0.14
2009-07-01T12:00:00Z,0.0,-27.875,240.125,20.98,-0.3
2009-07-01T12:00:00Z,0.0,-27.875,244.125,20.78,-0.36
2009-07-01T12:00:00Z,0.0,-27.875,248.125,21.44,0.4
2009-07-01T12:00:00Z,0.0,-27.875,252.125,20.45,-0.36
2009-07-01T12:00:00Z,0.0,-27.875,256.125,20.68,0.07
2009-07-01T12:00:00Z,0.0,-27.875,260.125,20.2,-0.08
2009-07-01T12:00:00Z,0.0,-27.875,264.125,20.22,0.3
2009-07-01T12:00:00Z,0.0,-27.875,268.125,19.99,0.48
2009-07-01T12:00:00Z,0.0,-27.875,272.125,20.03,0.99
2009-07-01T12:00:00Z,0.0,-27.875,276.125,19.26,0.75
2009-07-01T12:00:00Z,0.0,-27.875,280.125,18.78,0.95
2009-07-01T12:00:00Z,0.0,-27.875,284.125,16.88,-0.01
2009-07-01T12:00:00Z,0.0,-27.875,288.125,15.25,-0.14
2009-07-01T12:00:00Z,0.0,-27.875,292.125,NaN,NaN
2009-07-01T12:00:00Z,0.0,-27.875,296.125,NaN,NaN
2009-07-01T12:00:00Z,0.0,-27.875,300.125,NaN,NaN
2009-07-01T12:00:00Z,0.0,-27.875,304.125,NaN,NaN
2009-07-01T12:00:00Z,0.0,-27.875,308.125,NaN,NaN
2009-07-01T12:00:00Z,0.0,-27.875,312.125,18.98,-1.19
2009-07-01T12:00:00Z,0.0,-27.875,316.125,22.55,0.8
2009-07-01T12:00:00Z,0.0,-27.875,320.125,22.14,0.85
2009-07-01T12:00:00Z,0.0,-27.875,324.125,21.47,0.13
2009-07-01T12:00:00Z,0.0,-27.875,328.125,20.11,-1.01
2009-07-01T12:00:00Z,0.0,-27.875,332.125,21.75,0.56
2009-07-01T12:00:00Z,0.0,-27.875,336.125,20.47,-0.52
2009-07-01T12:00:00Z,0.0,-27.875,340.125,21.8,0.97
2009-07-01T12:00:00Z,0.0,-27.875,344.125,20.38,-0.23
2009-07-01T12:00:00Z,0.0,-27.875,348.125,19.58,-0.76
2009-07-01T12:00:00Z,0.0,-27.875,352.125,20.58,0.5
2009-07-01T12:00:00Z,0.0,-27.875,356.125,20.24,0.53
2009-07-01T12:00:00Z,0.0,-23.875,0.125,20.84,0.69
2009-07-01T12:00:00Z,0.0,-23.875,4.125,20.21,0.69
2009-07-01T12:00:00Z,0.0,-23.875,8.125,19.35,0.78
2009-07-01T12:00:00Z,0.0,-23.875,12.125,17.29,0.85
2009-07-01T12:00:00Z,0.0,-23.875,16.125,NaN,NaN
2009-07-01T12:00:00Z,0.0,-23.875,20.125,NaN,NaN
2009-07-01T12:00:00Z,0.0,-23.875,24.125,NaN,NaN
2009-07-01T12:00:00Z,0.0,-23.875,28.125,NaN,NaN
2009-07-01T12:00:00Z,0.0,-23.875,32.125,NaN,NaN
2009-07-01T12:00:00Z,0.0,-23.875,36.125,23.93,-0.16
2009-07-01T12:00:00Z,0.0,-23.875,40.125,23.95,0.33
2009-07-01T12:00:00Z,0.0,-23.875,44.125,NaN,NaN
2009-07-01T12:00:00Z,0.0,-23.875,48.125,25.33,1.09
2009-07-01T12:00:00Z,0.0,-23.875,52.125,25.01,1.27
2009-07-01T12:00:00Z,0.0,-23.875,56.125,24.51,1.05
2009-07-01T12:00:00Z,0.0,-23.875,60.125,23.73,0.55
2009-07-01T12:00:00Z,0.0,-23.875,64.125,23.45,0.56
2009-07-01T12:00:00Z,0.0,-23.875,68.125,22.53,-0.11
2009-07-01T12:00:00Z,0.0,-23.875,72.125,22.46,0.02
2009-07-01T12:00:00Z,0.0,-23.875,76.125,23.33,1.11
2009-07-01T12:00:00Z,0.0,-23.875,80.125,22.7,0.58
2009-07-01T12:00:00Z,0.0,-23.875,84.125,22.29,0.35
2009-07-01T12:00:00Z,0.0,-23.875,88.125,22.04,0.38
2009-07-01T12:00:00Z,0.0,-23.875,92.125,21.74,0.26
2009-07-01T12:00:00Z,0.0,-23.875,96.125,21.35,-0.03
2009-07-01T12:00:00Z,0.0,-23.875,100.125,21.9,0.42
2009-07-01T12:00:00Z,0.0,-23.875,104.125,22.22,0.38
2009-07-01T12:00:00Z,0.0,-23.875,108.125,22.04,-0.41
2009-07-01T12:00:00Z,0.0,-23.875,112.125,22.59,-0.91
2009-07-01T12:00:00Z,0.0,-23.875,116.125,NaN,NaN
2009-07-01T12:00:00Z,0.0,-23.875,120.125,NaN,NaN
2009-07-01T12:00:00Z,0.0,-23.875,124.125,NaN,NaN
2009-07-01T12:00:00Z,0.0,-23.875,128.125,NaN,NaN
2009-07-01T12:00:00Z,0.0,-23.875,132.125,NaN,NaN
2009-07-01T12:00:00Z,0.0,-23.875,136.125,NaN,NaN
2009-07-01T12:00:00Z,0.0,-23.875,140.125,NaN,NaN
2009-07-01T12:00:00Z,0.0,-23.875,144.125,NaN,NaN
2009-07-01T12:00:00Z,0.0,-23.875,148.125,NaN,NaN
2009-07-01T12:00:00Z,0.0,-23.875,152.125,22.46,0.08
2009-07-01T12:00:00Z,0.0,-23.875,156.125,24.0,1.32
2009-07-01T12:00:00Z,0.0,-23.875,160.125,21.95,-0.34
2009-07-01T12:00:00Z,0.0,-23.875,164.125,21.69,-0.82
2009-07-01T12:00:00Z,0.0,-23.875,168.125,22.01,-0.83
2009-07-01T12:00:00Z,0.0,-23.875,172.125,22.07,-0.57
2009-07-01T12:00:00Z,0.0,-23.875,176.125,21.91,-0.78
2009-07-01T12:00:00Z,0.0,-23.875,180.125,22.72,-0.03
2009-07-01T12:00:00Z,0.0,-23.875,184.125,21.81,-1.02
2009-07-01T12:00:00Z,0.0,-23.875,188.125,22.9,0.25
2009-07-01T12:00:00Z,0.0,-23.875,192.125,22.0,-0.69
2009-07-01T12:00:00Z,0.0,-23.875,196.125,23.56,0.73
2009-07-01T12:00:00Z,0.0,-23.875,200.125,23.58,0.63
2009-07-01T12:00:00Z,0.0,-23.875,204.125,23.81,0.73
2009-07-01T12:00:00Z,0.0,-23.875,208.125,23.67,0.49
2009-07-01T12:00:00Z,0.0,-23.875,212.125,24.01,0.6
2009-07-01T12:00:00Z,0.0,-23.875,216.125,24.37,0.86
2009-07-01T12:00:00Z,0.0,-23.875,220.125,24.23,0.54
2009-07-01T12:00:00Z,0.0,-23.875,224.125,24.97,1.18
2009-07-01T12:00:00Z,0.0,-23.875,228.125,23.96,0.11
2009-07-01T12:00:00Z,0.0,-23.875,232.125,23.86,0.15
2009-07-01T12:00:00Z,0.0,-23.875,236.125,24.18,0.59
2009-07-01T12:00:00Z,0.0,-23.875,240.125,23.89,0.57
2009-07-01T12:00:00Z,0.0,-23.875,244.125,23.32,0.21
2009-07-01T12:00:00Z,0.0,-23.875,248.125,22.92,0.12
2009-07-01T12:00:00Z,0.0,-23.875,252.125,22.66,0.21
2009-07-01T12:00:00Z,0.0,-23.875,256.125,22.03,-0.06
2009-07-01T12:00:00Z,0.0,-23.875,260.125,21.94,0.24
2009-07-01T12:00:00Z,0.0,-23.875,264.125,21.78,0.63
2009-07-01T12:00:00Z,0.0,-23.875,268.125,21.1,0.59
2009-07-01T12:00:00Z,0.0,-23.875,272.125,20.48,0.66
2009-07-01T12:00:00Z,0.0,-23.875,276.125,19.33,0.16
2009-07-01T12:00:00Z,0.0,-23.875,280.125,18.74,0.16
2009-07-01T12:00:00Z,0.0,-23.875,284.125,18.06,0.32
2009-07-01T12:00:00Z,0.0,-23.875,288.125,16.65,-0.14
2009-07-01T12:00:00Z,0.0,-23.875,292.125,NaN,NaN
2009-07-01T12:00:00Z,0.0,-23.875,296.125,NaN,NaN
2009-07-01T12:00:00Z,0.0,-23.875,300.125,NaN,NaN
2009-07-01T12:00:00Z,0.0,-23.875,304.125,NaN,NaN
2009-07-01T12:00:00Z,0.0,-23.875,308.125,NaN,NaN
2009-07-01T12:00:00Z,0.0,-23.875,312.125,NaN,NaN
2009-07-01T12:00:00Z,0.0,-23.875,316.125,22.02,-0.18
2009-07-01T12:00:00Z,0.0,-23.875,320.125,23.85,0.21
2009-07-01T12:00:00Z,0.0,-23.875,324.125,23.45,-0.16
2009-07-01T12:00:00Z,0.0,-23.875,328.125,23.48,0.11
2009-07-01T12:00:00Z,0.0,-23.875,332.125,23.46,0.23
2009-07-01T12:00:00Z,0.0,-23.875,336.125,23.12,0.17
2009-07-01T12:00:00Z,0.0,-23.875,340.125,22.77,0.19
2009-07-01T12:00:00Z,0.0,-23.875,344.125,23.01,0.76
2009-07-01T12:00:00Z,0.0,-23.875,348.125,21.89,0.08
2009-07-01T12:00:00Z,0.0,-23.875,352.125,21.87,0.64
2009-07-01T12:00:00Z,0.0,-23.875,356.125,21.07,0.41
2009-07-01T12:00:00Z,0.0,-19.875,0.125,21.21,0.51
2009-07-01T12:00:00Z,0.0,-19.875,4.125,20.15,0.21
2009-07-01T12:00:00Z,0.0,-19.875,8.125,18.91,0.19
2009-07-01T12:00:00Z,0.0,-19.875,12.125,14.96,-1.25
2009-07-01T12:00:00Z,0.0,-19.875,16.125,NaN,NaN
2009-07-01T12:00:00Z,0.0,-19.875,20.125,NaN,NaN
2009-07-01T12:00:00Z,0.0,-19.875,24.125,NaN,NaN
2009-07-01T12:00:00Z,0.0,-19.875,28.125,NaN,NaN
2009-07-01T12:00:00Z,0.0,-19.875,32.125,NaN,NaN
2009-07-01T12:00:00Z,0.0,-19.875,36.125,25.0,0.31
2009-07-01T12:00:00Z,0.0,-19.875,40.125,26.21,0.96
2009-07-01T12:00:00Z,0.0,-19.875,44.125,25.29,-0.12
2009-07-01T12:00:00Z,0.0,-19.875,48.125,NaN,NaN
2009-07-01T12:00:00Z,0.0,-19.875,52.125,25.52,0.6
2009-07-01T12:00:00Z,0.0,-19.875,56.125,25.46,0.9
2009-07-01T12:00:00Z,0.0,-19.875,60.125,25.22,0.82
2009-07-01T12:00:00Z,0.0,-19.875,64.125,24.97,0.72
2009-07-01T12:00:00Z,0.0,-19.875,68.125,25.51,1.38
2009-07-01T12:00:00Z,0.0,-19.875,72.125,24.61,0.54
2009-07-01T12:00:00Z,0.0,-19.875,76.125,24.66,0.66
2009-07-01T12:00:00Z,0.0,-19.875,80.125,24.08,0.31
2009-07-01T12:00:00Z,0.0,-19.875,84.125,23.06,-0.49
2009-07-01T12:00:00Z,0.0,-19.875,88.125,23.63,0.29
2009-07-01T12:00:00Z,0.0,-19.875,92.125,23.59,0.41
2009-07-01T12:00:00Z,0.0,-19.875,96.125,22.69,-0.55
2009-07-01T12:00:00Z,0.0,-19.875,100.125,23.59,-0.02
2009-07-01T12:00:00Z,0.0,-19.875,104.125,25.11,1.02
2009-07-01T12:00:00Z,0.0,-19.875,108.125,24.67,0.15
2009-07-01T12:00:00Z,0.0,-19.875,112.125,25.16,0.01
2009-07-01T12:00:00Z,0.0,-19.875,116.125,25.21,-0.06
2009-07-01T12:00:00Z,0.0,-19.875,120.125,23.52,-1.72
2009-07-01T12:00:00Z,0.0,-19.875,124.125,NaN,NaN
2009-07-01T12:00:00Z,0.0,-19.875,128.125,NaN,NaN
2009-07-01T12:00:00Z,0.0,-19.875,132.125,NaN,NaN
2009-07-01T12:00:00Z,0.0,-19.875,136.125,NaN,NaN
2009-07-01T12:00:00Z,0.0,-19.875,140.125,NaN,NaN
2009-07-01T12:00:00Z,0.0,-19.875,144.125,NaN,NaN
2009-07-01T12:00:00Z,0.0,-19.875,148.125,23.76,0.48
2009-07-01T12:00:00Z,0.0,-19.875,152.125,24.88,0.76
2009-07-01T12:00:00Z,0.0,-19.875,156.125,24.33,0.0
2009-07-01T12:00:00Z,0.0,-19.875,160.125,24.79,0.51
2009-07-01T12:00:00Z,0.0,-19.875,164.125,24.41,-0.05
2009-07-01T12:00:00Z,0.0,-19.875,168.125,23.74,-1.11
2009-07-01T12:00:00Z,0.0,-19.875,172.125,24.8,0.13
2009-07-01T12:00:00Z,0.0,-19.875,176.125,25.31,0.33
2009-07-01T12:00:00Z,0.0,-19.875,180.125,24.06,-0.86
2009-07-01T12:00:00Z,0.0,-19.875,184.125,24.25,-0.74
2009-07-01T12:00:00Z,0.0,-19.875,188.125,25.15,0.0
2009-07-01T12:00:00Z,0.0,-19.875,192.125,25.79,0.49
2009-07-01T12:00:00Z,0.0,-19.875,196.125,25.5,0.23
2009-07-01T12:00:00Z,0.0,-19.875,200.125,25.34,-0.1
2009-07-01T12:00:00Z,0.0,-19.875,204.125,26.01,0.45
2009-07-01T12:00:00Z,0.0,-19.875,208.125,26.21,0.47
2009-07-01T12:00:00Z,0.0,-19.875,212.125,25.83,0.03
2009-07-01T12:00:00Z,0.0,-19.875,216.125,26.02,0.09
2009-07-01T12:00:00Z,0.0,-19.875,220.125,26.24,0.34
2009-07-01T12:00:00Z,0.0,-19.875,224.125,25.71,-0.09
2009-07-01T12:00:00Z,0.0,-19.875,228.125,25.23,-0.37
2009-07-01T12:00:00Z,0.0,-19.875,232.125,25.11,-0.24
2009-07-01T12:00:00Z,0.0,-19.875,236.125,25.0,-0.04
2009-07-01T12:00:00Z,0.0,-19.875,240.125,24.71,0.0
2009-07-01T12:00:00Z,0.0,-19.875,244.125,24.38,0.05
2009-07-01T12:00:00Z,0.0,-19.875,248.125,23.87,-0.05
2009-07-01T12:00:00Z,0.0,-19.875,252.125,23.89,0.44
2009-07-01T12:00:00Z,0.0,-19.875,256.125,23.21,0.29
2009-07-01T12:00:00Z,0.0,-19.875,260.125,22.84,0.48
2009-07-01T12:00:00Z,0.0,-19.875,264.125,22.54,0.85
2009-07-01T12:00:00Z,0.0,-19.875,268.125,21.53,0.45
2009-07-01T12:00:00Z,0.0,-19.875,272.125,20.85,0.42
2009-07-01T12:00:00Z,0.0,-19.875,276.125,20.39,0.53
2009-07-01T12:00:00Z,0.0,-19.875,280.125,19.74,0.53
2009-07-01T12:00:00Z,0.0,-19.875,284.125,18.8,0.19
2009-07-01T12:00:00Z,0.0,-19.875,288.125,19.09,0.91
2009-07-01T12:00:00Z,0.0,-19.875,292.125,NaN,NaN
2009-07-01T12:00:00Z,0.0,-19.875,296.125,NaN,NaN
2009-07-01T12:00:00Z,0.0,-19.875,300.125,NaN,NaN
2009-07-01T12:00:00Z,0.0,-19.875,304.125,NaN,NaN
2009-07-01T12:00:00Z,0.0,-19.875,308.125,NaN,NaN
2009-07-01T12:00:00Z,0.0,-19.875,312.125,NaN,NaN
2009-07-01T12:00:00Z,0.0,-19.875,316.125,NaN,NaN
2009-07-01T12:00:00Z,0.0,-19.875,320.125,23.73,-0.69
2009-07-01T12:00:00Z,0.0,-19.875,324.125,25.14,-0.04
2009-07-01T12:00:00Z,0.0,-19.875,328.125,25.17,0.29
2009-07-01T12:00:00Z,0.0,-19.875,332.125,25.19,0.65
2009-07-01T12:00:00Z,0.0,-19.875,336.125,24.46,0.38
2009-07-01T12:00:00Z,0.0,-19.875,340.125,24.17,0.59
2009-07-01T12:00:00Z,0.0,-19.875,344.125,23.82,0.82
2009-07-01T12:00:00Z,0.0,-19.875,348.125,22.91,0.49
2009-07-01T12:00:00Z,0.0,-19.875,352.125,22.48,0.64
2009-07-01T12:00:00Z,0.0,-19.875,356.125,21.87,0.59
2009-07-01T12:00:00Z,0.0,-15.875,0.125,21.42,0.11
2009-07-01T12:00:00Z,0.0,-15.875,4.125,20.81,0.09
2009-07-01T12:00:00Z,0.0,-15.875,8.125,18.11,-1.34
2009-07-01T12:00:00Z,0.0,-15.875,12.125,NaN,NaN
2009-07-01T12:00:00Z,0.0,-15.875,16.125,NaN,NaN
2009-07-01T12:00:00Z,0.0,-15.875,20.125,NaN,NaN
2009-07-01T12:00:00Z,0.0,-15.875,24.125,NaN,NaN
2009-07-01T12:00:00Z,0.0,-15.875,28.125,NaN,NaN
2009-07-01T12:00:00Z,0.0,-15.875,32.125,NaN,NaN
2009-07-01T12:00:00Z,0.0,-15.875,36.125,NaN,NaN
2009-07-01T12:00:00Z,0.0,-15.875,40.125,NaN,NaN
2009-07-01T12:00:00Z,0.0,-15.875,44.125,26.29,0.05
2009-07-01T12:00:00Z,0.0,-15.875,48.125,NaN,NaN
2009-07-01T12:00:00Z,0.0,-15.875,52.125,26.0,0.53
2009-07-01T12:00:00Z,0.0,-15.875,56.125,26.43,0.95
2009-07-01T12:00:00Z,0.0,-15.875,60.125,26.32,0.94
2009-07-01T12:00:00Z,0.0,-15.875,64.125,26.42,1.1
2009-07-01T12:00:00Z,0.0,-15.875,68.125,25.76,0.44
2009-07-01T12:00:00Z,0.0,-15.875,72.125,25.66,0.35
2009-07-01T12:00:00Z,0.0,-15.875,76.125,25.01,-0.16
2009-07-01T12:00:00Z,0.0,-15.875,80.125,24.99,-0.06
2009-07-01T12:00:00Z,0.0,-15.875,84.125,24.69,-0.35
2009-07-01T12:00:00Z,0.0,-15.875,88.125,25.25,0.12
2009-07-01T12:00:00Z,0.0,-15.875,92.125,24.44,-0.88
2009-07-01T12:00:00Z,0.0,-15.875,96.125,25.24,-0.32
2009-07-01T12:00:00Z,0.0,-15.875,100.125,26.84,0.97
2009-07-01T12:00:00Z,0.0,-15.875,104.125,26.06,-0.24
2009-07-01T12:00:00Z,0.0,-15.875,108.125,27.47,1.09
2009-07-01T12:00:00Z,0.0,-15.875,112.125,26.77,0.2
2009-07-01T12:00:00Z,0.0,-15.875,116.125,26.86,0.19
2009-07-01T12:00:00Z,0.0,-15.875,120.125,27.39,0.51
2009-07-01T12:00:00Z,0.0,-15.875,124.125,27.61,0.63
2009-07-01T12:00:00Z,0.0,-15.875,128.125,NaN,NaN
2009-07-01T12:00:00Z,0.0,-15.875,132.125,NaN,NaN
2009-07-01T12:00:00Z,0.0,-15.875,136.125,NaN,NaN
2009-07-01T12:00:00Z,0.0,-15.875,140.125,26.34,1.69
2009-07-01T12:00:00Z,0.0,-15.875,144.125,NaN,NaN
2009-07-01T12:00:00Z,0.0,-15.875,148.125,26.73,1.41
2009-07-01T12:00:00Z,0.0,-15.875,152.125,26.32,0.65
2009-07-01T12:00:00Z,0.0,-15.875,156.125,27.17,1.06
2009-07-01T12:00:00Z,0.0,-15.875,160.125,26.47,0.18
2009-07-01T12:00:00Z,0.0,-15.875,164.125,26.64,0.2
2009-07-01T12:00:00Z,0.0,-15.875,168.125,27.3,0.45
2009-07-01T12:00:00Z,0.0,-15.875,172.125,27.06,0.13
2009-07-01T12:00:00Z,0.0,-15.875,176.125,26.9,-0.09
2009-07-01T12:00:00Z,0.0,-15.875,180.125,26.37,-0.55
2009-07-01T12:00:00Z,0.0,-15.875,184.125,27.62,0.48
2009-07-01T12:00:00Z,0.0,-15.875,188.125,27.36,0.05
2009-07-01T12:00:00Z,0.0,-15.875,192.125,27.53,0.18
2009-07-01T12:00:00Z,0.0,-15.875,196.125,27.82,0.48
2009-07-01T12:00:00Z,0.0,-15.875,200.125,27.2,-0.18
2009-07-01T12:00:00Z,0.0,-15.875,204.125,27.85,0.47
2009-07-01T12:00:00Z,0.0,-15.875,208.125,27.27,-0.14
2009-07-01T12:00:00Z,0.0,-15.875,212.125,27.44,0.06
2009-07-01T12:00:00Z,0.0,-15.875,216.125,27.66,0.41
2009-07-01T12:00:00Z,0.0,-15.875,220.125,27.25,0.18
2009-07-01T12:00:00Z,0.0,-15.875,224.125,26.69,-0.13
2009-07-01T12:00:00Z,0.0,-15.875,228.125,26.06,-0.45
2009-07-01T12:00:00Z,0.0,-15.875,232.125,26.1,-0.04
2009-07-01T12:00:00Z,0.0,-15.875,236.125,25.69,-0.04
2009-07-01T12:00:00Z,0.0,-15.875,240.125,25.52,0.2
2009-07-01T12:00:00Z,0.0,-15.875,244.125,25.47,0.55
2009-07-01T12:00:00Z,0.0,-15.875,248.125,25.08,0.6
2009-07-01T12:00:00Z,0.0,-15.875,252.125,24.67,0.68
2009-07-01T12:00:00Z,0.0,-15.875,256.125,24.19,0.72
2009-07-01T12:00:00Z,0.0,-15.875,260.125,23.39,0.43
2009-07-01T12:00:00Z,0.0,-15.875,264.125,22.99,0.55
2009-07-01T12:00:00Z,0.0,-15.875,268.125,21.97,0.12
2009-07-01T12:00:00Z,0.0,-15.875,272.125,21.24,0.01
2009-07-01T12:00:00Z,0.0,-15.875,276.125,21.11,0.7
2009-07-01T12:00:00Z,0.0,-15.875,280.125,20.35,0.98
2009-07-01T12:00:00Z,0.0,-15.875,284.125,17.44,-0.1
2009-07-01T12:00:00Z,0.0,-15.875,288.125,NaN,NaN
2009-07-01T12:00:00Z,0.0,-15.875,292.125,NaN,NaN
2009-07-01T12:00:00Z,0.0,-15.875,296.125,NaN,NaN
2009-07-01T12:00:00Z,0.0,-15.875,300.125,NaN,NaN
2009-07-01T12:00:00Z,0.0,-15.875,304.125,NaN,NaN
2009-07-01T12:00:00Z,0.0,-15.875,308.125,NaN,NaN
2009-07-01T12:00:00Z,0.0,-15.875,312.125,NaN,NaN
2009-07-01T12:00:00Z,0.0,-15.875,316.125,NaN,NaN
2009-07-01T12:00:00Z,0.0,-15.875,320.125,NaN,NaN
2009-07-01T12:00:00Z,0.0,-15.875,324.125,26.3,0.23
2009-07-01T12:00:00Z,0.0,-15.875,328.125,26.1,0.37
2009-07-01T12:00:00Z,0.0,-15.875,332.125,25.58,0.28
2009-07-01T12:00:00Z,0.0,-15.875,336.125,25.09,0.32
2009-07-01T12:00:00Z,0.0,-15.875,340.125,24.64,0.44
2009-07-01T12:00:00Z,0.0,-15.875,344.125,24.61,0.94
2009-07-01T12:00:00Z,0.0,-15.875,348.125,23.51,0.4
2009-07-01T12:00:00Z,0.0,-15.875,352.125,22.85,0.39
2009-07-01T12:00:00Z,0.0,-15.875,356.125,22.45,0.64
2009-07-01T12:00:00Z,0.0,-11.875,0.125,23.37,0.25
2009-07-01T12:00:00Z,0.0,-11.875,4.125,23.04,0.44
2009-07-01T12:00:00Z,0.0,-11.875,8.125,21.6,-0.61
2009-07-01T12:00:00Z,0.0,-11.875,12.125,23.36,0.78
2009-07-01T12:00:00Z,0.0,-11.875,16.125,NaN,NaN
2009-07-01T12:00:00Z,0.0,-11.875,20.125,NaN,NaN
2009-07-01T12:00:00Z,0.0,-11.875,24.125,NaN,NaN
2009-07-01T12:00:00Z,0.0,-11.875,28.125,NaN,NaN
2009-07-01T12:00:00Z,0.0,-11.875,32.125,NaN,NaN
2009-07-01T12:00:00Z,0.0,-11.875,36.125,NaN,NaN
2009-07-01T12:00:00Z,0.0,-11.875,40.125,NaN,NaN
2009-07-01T12:00:00Z,0.0,-11.875,44.125,26.73,0.37
2009-07-01T12:00:00Z,0.0,-11.875,48.125,27.08,0.89
2009-07-01T12:00:00Z,0.0,-11.875,52.125,26.81,1.12
2009-07-01T12:00:00Z,0.0,-11.875,56.125,26.76,0.77
2009-07-01T12:00:00Z,0.0,-11.875,60.125,26.33,0.21
2009-07-01T12:00:00Z,0.0,-11.875,64.125,26.23,0.02
2009-07-01T12:00:00Z,0.0,-11.875,68.125,26.34,0.16
2009-07-01T12:00:00Z,0.0,-11.875,72.125,25.97,-0.23
2009-07-01T12:00:00Z,0.0,-11.875,76.125,26.19,0.05
2009-07-01T12:00:00Z,0.0,-11.875,80.125,25.94,-0.18
2009-07-01T12:00:00Z,0.0,-11.875,84.125,26.14,-0.14
2009-07-01T12:00:00Z,0.0,-11.875,88.125,25.88,-0.65
2009-07-01T12:00:00Z,0.0,-11.875,92.125,26.79,-0.22
2009-07-01T12:00:00Z,0.0,-11.875,96.125,27.41,-0.1
2009-07-01T12:00:00Z,0.0,-11.875,100.125,29.21,1.6
2009-07-01T12:00:00Z,0.0,-11.875,104.125,28.9,1.4
2009-07-01T12:00:00Z,0.0,-11.875,108.125,27.81,0.47
2009-07-01T12:00:00Z,0.0,-11.875,112.125,27.93,0.81
2009-07-01T12:00:00Z,0.0,-11.875,116.125,27.85,0.82
2009-07-01T12:00:00Z,0.0,-11.875,120.125,27.51,0.5
2009-07-01T12:00:00Z,0.0,-11.875,124.125,28.51,1.24
2009-07-01T12:00:00Z,0.0,-11.875,128.125,28.67,1.3
2009-07-01T12:00:00Z,0.0,-11.875,132.125,27.85,1.19
2009-07-01T12:00:00Z,0.0,-11.875,136.125,26.95,0.75
2009-07-01T12:00:00Z,0.0,-11.875,140.125,28.08,1.43
2009-07-01T12:00:00Z,0.0,-11.875,144.125,27.03,1.51
2009-07-01T12:00:00Z,0.0,-11.875,148.125,27.29,1.24
2009-07-01T12:00:00Z,0.0,-11.875,152.125,27.44,0.94
2009-07-01T12:00:00Z,0.0,-11.875,156.125,27.75,0.32
2009-07-01T12:00:00Z,0.0,-11.875,160.125,28.32,0.46
2009-07-01T12:00:00Z,0.0,-11.875,164.125,27.84,-0.14
2009-07-01T12:00:00Z,0.0,-11.875,168.125,27.98,-0.14
2009-07-01T12:00:00Z,0.0,-11.875,172.125,27.45,-0.79
2009-07-01T12:00:00Z,0.0,-11.875,176.125,28.4,0.08
2009-07-01T12:00:00Z,0.0,-11.875,180.125,28.09,-0.32
2009-07-01T12:00:00Z,0.0,-11.875,184.125,28.78,0.32
2009-07-01T12:00:00Z,0.0,-11.875,188.125,28.5,0.04
2009-07-01T12:00:00Z,0.0,-11.875,192.125,28.57,0.13
2009-07-01T12:00:00Z,0.0,-11.875,196.125,28.46,0.07
2009-07-01T12:00:00Z,0.0,-11.875,200.125,28.08,-0.26
2009-07-01T12:00:00Z,0.0,-11.875,204.125,28.19,-0.04
2009-07-01T12:00:00Z,0.0,-11.875,208.125,28.14,0.01
2009-07-01T12:00:00Z,0.0,-11.875,212.125,28.07,0.09
2009-07-01T12:00:00Z,0.0,-11.875,216.125,27.64,-0.14
2009-07-01T12:00:00Z,0.0,-11.875,220.125,27.65,0.08
2009-07-01T12:00:00Z,0.0,-11.875,224.125,27.55,0.28
2009-07-01T12:00:00Z,0.0,-11.875,228.125,27.01,0.05
2009-07-01T12:00:00Z,0.0,-11.875,232.125,26.75,0.1
2009-07-01T12:00:00Z,0.0,-11.875,236.125,26.38,0.03
2009-07-01T12:00:00Z,0.0,-11.875,240.125,26.02,-0.03
2009-07-01T12:00:00Z,0.0,-11.875,244.125,26.34,0.59
2009-07-01T12:00:00Z,0.0,-11.875,248.125,26.13,0.7
2009-07-01T12:00:00Z,0.0,-11.875,252.125,25.4,0.37
2009-07-01T12:00:00Z,0.0,-11.875,256.125,25.26,0.67
2009-07-01T12:00:00Z,0.0,-11.875,260.125,25.28,1.04
2009-07-01T12:00:00Z,0.0,-11.875,264.125,24.25,0.53
2009-07-01T12:00:00Z,0.0,-11.875,268.125,24.0,0.81
2009-07-01T12:00:00Z,0.0,-11.875,272.125,22.79,0.34
2009-07-01T12:00:00Z,0.0,-11.875,276.125,21.96,0.59
2009-07-01T12:00:00Z,0.0,-11.875,280.125,20.11,0.08
2009-07-01T12:00:00Z,0.0,-11.875,284.125,NaN,NaN
2009-07-01T12:00:00Z,0.0,-11.875,288.125,NaN,NaN
2009-07-01T12:00:00Z,0.0,-11.875,292.125,NaN,NaN
2009-07-01T12:00:00Z,0.0,-11.875,296.125,NaN,NaN
2009-07-01T12:00:00Z,0.0,-11.875,300.125,NaN,NaN
2009-07-01T12:00:00Z,0.0,-11.875,304.125,NaN,NaN
2009-07-01T12:00:00Z,0.0,-11.875,308.125,NaN,NaN
2009-07-01T12:00:00Z,0.0,-11.875,312.125,NaN,NaN
2009-07-01T12:00:00Z,0.0,-11.875,316.125,NaN,NaN
2009-07-01T12:00:00Z,0.0,-11.875,320.125,NaN,NaN
2009-07-01T12:00:00Z,0.0,-11.875,324.125,26.84,0.22
2009-07-01T12:00:00Z,0.0,-11.875,328.125,26.98,0.38
2009-07-01T12:00:00Z,0.0,-11.875,332.125,26.72,0.42
2009-07-01T12:00:00Z,0.0,-11.875,336.125,26.64,0.69
2009-07-01T12:00:00Z,0.0,-11.875,340.125,25.98,0.47
2009-07-01T12:00:00Z,0.0,-11.875,344.125,25.38,0.35
2009-07-01T12:00:00Z,0.0,-11.875,348.125,24.75,0.23
2009-07-01T12:00:00Z,0.0,-11.875,352.125,23.89,-0.08
2009-07-01T12:00:00Z,0.0,-11.875,356.125,23.5,-0.02
2009-07-01T12:00:00Z,0.0,-7.875,0.125,25.45,0.85
2009-07-01T12:00:00Z,0.0,-7.875,4.125,24.47,0.36
2009-07-01T12:00:00Z,0.0,-7.875,8.125,24.25,0.22
2009-07-01T12:00:00Z,0.0,-7.875,12.125,23.83,0.62
2009-07-01T12:00:00Z,0.0,-7.875,16.125,NaN,NaN
2009-07-01T12:00:00Z,0.0,-7.875,20.125,NaN,NaN
2009-07-01T12:00:00Z,0.0,-7.875,24.125,NaN,NaN
2009-07-01T12:00:00Z,0.0,-7.875,28.125,NaN,NaN
2009-07-01T12:00:00Z,0.0,-7.875,32.125,NaN,NaN
2009-07-01T12:00:00Z,0.0,-7.875,36.125,NaN,NaN
2009-07-01T12:00:00Z,0.0,-7.875,40.125,26.83,0.51
2009-07-01T12:00:00Z,0.0,-7.875,44.125,26.11,0.08
2009-07-01T12:00:00Z,0.0,-7.875,48.125,25.39,-0.38
2009-07-01T12:00:00Z,0.0,-7.875,52.125,27.35,1.25
2009-07-01T12:00:00Z,0.0,-7.875,56.125,27.4,1.02
2009-07-01T12:00:00Z,0.0,-7.875,60.125,27.14,0.21
2009-07-01T12:00:00Z,0.0,-7.875,64.125,27.06,-0.02
2009-07-01T12:00:00Z,0.0,-7.875,68.125,27.01,-0.15
2009-07-01T12:00:00Z,0.0,-7.875,72.125,26.31,-0.76
2009-07-01T12:00:00Z,0.0,-7.875,76.125,26.23,-0.9
2009-07-01T12:00:00Z,0.0,-7.875,80.125,27.28,0.03
2009-07-01T12:00:00Z,0.0,-7.875,84.125,27.19,-0.36
2009-07-01T12:00:00Z,0.0,-7.875,88.125,27.86,-0.01
2009-07-01T12:00:00Z,0.0,-7.875,92.125,28.56,0.34
2009-07-01T12:00:00Z,0.0,-7.875,96.125,28.73,0.3
2009-07-01T12:00:00Z,0.0,-7.875,100.125,29.38,1.01
2009-07-01T12:00:00Z,0.0,-7.875,104.125,29.73,1.45
2009-07-01T12:00:00Z,0.0,-7.875,108.125,28.67,0.75
2009-07-01T12:00:00Z,0.0,-7.875,112.125,NaN,NaN
2009-07-01T12:00:00Z,0.0,-7.875,116.125,28.84,1.17
2009-07-01T12:00:00Z,0.0,-7.875,120.125,29.15,1.64
2009-07-01T12:00:00Z,0.0,-7.875,124.125,29.08,1.29
2009-07-01T12:00:00Z,0.0,-7.875,128.125,28.32,0.98
2009-07-01T12:00:00Z,0.0,-7.875,132.125,28.65,1.74
2009-07-01T12:00:00Z,0.0,-7.875,136.125,27.79,1.15
2009-07-01T12:00:00Z,0.0,-7.875,140.125,NaN,NaN
2009-07-01T12:00:00Z,0.0,-7.875,144.125,26.98,0.63
2009-07-01T12:00:00Z,0.0,-7.875,148.125,28.46,0.52
2009-07-01T12:00:00Z,0.0,-7.875,152.125,29.0,0.92
2009-07-01T12:00:00Z,0.0,-7.875,156.125,29.04,0.34
2009-07-01T12:00:00Z,0.0,-7.875,160.125,29.04,0.09
2009-07-01T12:00:00Z,0.0,-7.875,164.125,28.72,-0.23
2009-07-01T12:00:00Z,0.0,-7.875,168.125,29.12,0.12
2009-07-01T12:00:00Z,0.0,-7.875,172.125,29.0,-0.04
2009-07-01T12:00:00Z,0.0,-7.875,176.125,29.07,0.0
2009-07-01T12:00:00Z,0.0,-7.875,180.125,29.11,0.04
2009-07-01T12:00:00Z,0.0,-7.875,184.125,29.29,0.27
2009-07-01T12:00:00Z,0.0,-7.875,188.125,28.59,-0.35
2009-07-01T12:00:00Z,0.0,-7.875,192.125,28.59,-0.3
2009-07-01T12:00:00Z,0.0,-7.875,196.125,28.56,-0.2
2009-07-01T12:00:00Z,0.0,-7.875,200.125,29.0,0.38
2009-07-01T12:00:00Z,0.0,-7.875,204.125,28.61,0.13
2009-07-01T12:00:00Z,0.0,-7.875,208.125,28.43,0.12
2009-07-01T12:00:00Z,0.0,-7.875,212.125,28.14,-0.02
2009-07-01T12:00:00Z,0.0,-7.875,216.125,28.19,0.23
2009-07-01T12:00:00Z,0.0,-7.875,220.125,27.74,0.01
2009-07-01T12:00:00Z,0.0,-7.875,224.125,26.9,-0.58
2009-07-01T12:00:00Z,0.0,-7.875,228.125,27.87,0.59
2009-07-01T12:00:00Z,0.0,-7.875,232.125,27.02,-0.01
2009-07-01T12:00:00Z,0.0,-7.875,236.125,27.06,0.23
2009-07-01T12:00:00Z,0.0,-7.875,240.125,26.69,0.1
2009-07-01T12:00:00Z,0.0,-7.875,244.125,26.42,0.15
2009-07-01T12:00:00Z,0.0,-7.875,248.125,26.12,0.16
2009-07-01T12:00:00Z,0.0,-7.875,252.125,26.46,0.81
2009-07-01T12:00:00Z,0.0,-7.875,256.125,25.99,0.56
2009-07-01T12:00:00Z,0.0,-7.875,260.125,25.68,0.61
2009-07-01T12:00:00Z,0.0,-7.875,264.125,24.76,0.07
2009-07-01T12:00:00Z,0.0,-7.875,268.125,24.66,0.4
2009-07-01T12:00:00Z,0.0,-7.875,272.125,24.34,0.94
2009-07-01T12:00:00Z,0.0,-7.875,276.125,24.11,2.31
2009-07-01T12:00:00Z,0.0,-7.875,280.125,19.98,0.74
2009-07-01T12:00:00Z,0.0,-7.875,284.125,NaN,NaN
2009-07-01T12:00:00Z,0.0,-7.875,288.125,NaN,NaN
2009-07-01T12:00:00Z,0.0,-7.875,292.125,NaN,NaN
2009-07-01T12:00:00Z,0.0,-7.875,296.125,NaN,NaN
2009-07-01T12:00:00Z,0.0,-7.875,300.125,NaN,NaN
2009-07-01T12:00:00Z,0.0,-7.875,304.125,NaN,NaN
2009-07-01T12:00:00Z,0.0,-7.875,308.125,NaN,NaN
2009-07-01T12:00:00Z,0.0,-7.875,312.125,NaN,NaN
2009-07-01T12:00:00Z,0.0,-7.875,316.125,NaN,NaN
2009-07-01T12:00:00Z,0.0,-7.875,320.125,NaN,NaN
2009-07-01T12:00:00Z,0.0,-7.875,324.125,NaN,NaN
2009-07-01T12:00:00Z,0.0,-7.875,328.125,27.45,0.0
2009-07-01T12:00:00Z,0.0,-7.875,332.125,27.77,0.49
2009-07-01T12:00:00Z,0.0,-7.875,336.125,27.88,0.82
2009-07-01T12:00:00Z,0.0,-7.875,340.125,27.18,0.42
2009-07-01T12:00:00Z,0.0,-7.875,344.125,26.96,0.54
2009-07-01T12:00:00Z,0.0,-7.875,348.125,26.41,0.4
2009-07-01T12:00:00Z,0.0,-7.875,352.125,25.94,0.39
2009-07-01T12:00:00Z,0.0,-7.875,356.125,25.83,0.78
2009-07-01T12:00:00Z,0.0,-3.875,0.125,24.91,0.62
2009-07-01T12:00:00Z,0.0,-3.875,4.125,23.99,-0.07
2009-07-01T12:00:00Z,0.0,-3.875,8.125,24.21,0.64
2009-07-01T12:00:00Z,0.0,-3.875,12.125,NaN,NaN
2009-07-01T12:00:00Z,0.0,-3.875,16.125,NaN,NaN
2009-07-01T12:00:00Z,0.0,-3.875,20.125,NaN,NaN
2009-07-01T12:00:00Z,0.0,-3.875,24.125,NaN,NaN
2009-07-01T12:00:00Z,0.0,-3.875,28.125,NaN,NaN
2009-07-01T12:00:00Z,0.0,-3.875,32.125,NaN,NaN
2009-07-01T12:00:00Z,0.0,-3.875,36.125,NaN,NaN
2009-07-01T12:00:00Z,0.0,-3.875,40.125,26.34,-0.07
2009-07-01T12:00:00Z,0.0,-3.875,44.125,27.03,0.76
2009-07-01T12:00:00Z,0.0,-3.875,48.125,26.57,0.31
2009-07-01T12:00:00Z,0.0,-3.875,52.125,27.99,1.27
2009-07-01T12:00:00Z,0.0,-3.875,56.125,27.43,0.38
2009-07-01T12:00:00Z,0.0,-3.875,60.125,28.16,0.35
2009-07-01T12:00:00Z,0.0,-3.875,64.125,28.54,0.32
2009-07-01T12:00:00Z,0.0,-3.875,68.125,27.63,-0.83
2009-07-01T12:00:00Z,0.0,-3.875,72.125,28.48,-0.08
2009-07-01T12:00:00Z,0.0,-3.875,76.125,28.36,-0.38
2009-07-01T12:00:00Z,0.0,-3.875,80.125,28.62,-0.17
2009-07-01T12:00:00Z,0.0,-3.875,84.125,29.08,0.27
2009-07-01T12:00:00Z,0.0,-3.875,88.125,29.73,0.77
2009-07-01T12:00:00Z,0.0,-3.875,92.125,29.62,0.54
2009-07-01T12:00:00Z,0.0,-3.875,96.125,30.09,0.99
2009-07-01T12:00:00Z,0.0,-3.875,100.125,30.11,0.99
2009-07-01T12:00:00Z,0.0,-3.875,104.125,NaN,NaN
2009-07-01T12:00:00Z,0.0,-3.875,108.125,29.54,0.51
2009-07-01T12:00:00Z,0.0,-3.875,112.125,28.8,0.24
2009-07-01T12:00:00Z,0.0,-3.875,116.125,29.08,0.56
2009-07-01T12:00:00Z,0.0,-3.875,120.125,NaN,NaN
2009-07-01T12:00:00Z,0.0,-3.875,124.125,28.38,0.57
2009-07-01T12:00:00Z,0.0,-3.875,128.125,28.22,0.68
2009-07-01T12:00:00Z,0.0,-3.875,132.125,29.05,1.7
2009-07-01T12:00:00Z,0.0,-3.875,136.125,NaN,NaN
2009-07-01T12:00:00Z,0.0,-3.875,140.125,NaN,NaN
2009-07-01T12:00:00Z,0.0,-3.875,144.125,NaN,NaN
2009-07-01T12:00:00Z,0.0,-3.875,148.125,29.77,0.63
2009-07-01T12:00:00Z,0.0,-3.875,152.125,29.1,-0.18
2009-07-01T12:00:00Z,0.0,-3.875,156.125,29.72,0.38
2009-07-01T12:00:00Z,0.0,-3.875,160.125,29.65,0.17
2009-07-01T12:00:00Z,0.0,-3.875,164.125,30.0,0.59
2009-07-01T12:00:00Z,0.0,-3.875,168.125,29.91,0.56
2009-07-01T12:00:00Z,0.0,-3.875,172.125,30.28,1.03
2009-07-01T12:00:00Z,0.0,-3.875,176.125,29.7,0.49
2009-07-01T12:00:00Z,0.0,-3.875,180.125,30.06,0.91
2009-07-01T12:00:00Z,0.0,-3.875,184.125,29.37,0.35
2009-07-01T12:00:00Z,0.0,-3.875,188.125,29.09,0.24
2009-07-01T12:00:00Z,0.0,-3.875,192.125,28.79,0.1
2009-07-01T12:00:00Z,0.0,-3.875,196.125,28.65,0.13
2009-07-01T12:00:00Z,0.0,-3.875,200.125,29.17,0.82
2009-07-01T12:00:00Z,0.0,-3.875,204.125,28.69,0.51
2009-07-01T12:00:00Z,0.0,-3.875,208.125,28.91,0.89
2009-07-01T12:00:00Z,0.0,-3.875,212.125,28.33,0.46
2009-07-01T12:00:00Z,0.0,-3.875,216.125,27.91,0.25
2009-07-01T12:00:00Z,0.0,-3.875,220.125,27.92,0.44
2009-07-01T12:00:00Z,0.0,-3.875,224.125,27.67,0.43
2009-07-01T12:00:00Z,0.0,-3.875,228.125,27.42,0.43
2009-07-01T12:00:00Z,0.0,-3.875,232.125,27.29,0.59
2009-07-01T12:00:00Z,0.0,-3.875,236.125,27.15,0.8
2009-07-01T12:00:00Z,0.0,-3.875,240.125,27.06,1.05
2009-07-01T12:00:00Z,0.0,-3.875,244.125,26.67,1.03
2009-07-01T12:00:00Z,0.0,-3.875,248.125,26.77,1.47
2009-07-01T12:00:00Z,0.0,-3.875,252.125,26.35,1.39
2009-07-01T12:00:00Z,0.0,-3.875,256.125,25.72,1.02
2009-07-01T12:00:00Z,0.0,-3.875,260.125,25.38,0.98
2009-07-01T12:00:00Z,0.0,-3.875,264.125,24.93,0.88
2009-07-01T12:00:00Z,0.0,-3.875,268.125,24.88,1.12
2009-07-01T12:00:00Z,0.0,-3.875,272.125,24.57,1.33
2009-07-01T12:00:00Z,0.0,-3.875,276.125,23.92,2.57
2009-07-01T12:00:00Z,0.0,-3.875,280.125,NaN,NaN
2009-07-01T12:00:00Z,0.0,-3.875,284.125,NaN,NaN
2009-07-01T12:00:00Z,0.0,-3.875,288.125,NaN,NaN
2009-07-01T12:00:00Z,0.0,-3.875,292.125,NaN,NaN
2009-07-01T12:00:00Z,0.0,-3.875,296.125,NaN,NaN
2009-07-01T12:00:00Z,0.0,-3.875,300.125,NaN,NaN
2009-07-01T12:00:00Z,0.0,-3.875,304.125,NaN,NaN
2009-07-01T12:00:00Z,0.0,-3.875,308.125,NaN,NaN
2009-07-01T12:00:00Z,0.0,-3.875,312.125,NaN,NaN
2009-07-01T12:00:00Z,0.0,-3.875,316.125,NaN,NaN
2009-07-01T12:00:00Z,0.0,-3.875,320.125,NaN,NaN
2009-07-01T12:00:00Z,0.0,-3.875,324.125,28.0,0.65
2009-07-01T12:00:00Z,0.0,-3.875,328.125,28.01,0.66
2009-07-01T12:00:00Z,0.0,-3.875,332.125,27.45,0.41
2009-07-01T12:00:00Z,0.0,-3.875,336.125,26.48,-0.17
2009-07-01T12:00:00Z,0.0,-3.875,340.125,26.57,0.39
2009-07-01T12:00:00Z,0.0,-3.875,344.125,25.81,0.08
2009-07-01T12:00:00Z,0.0,-3.875,348.125,25.28,0.01
2009-07-01T12:00:00Z,0.0,-3.875,352.125,25.05,0.16
2009-07-01T12:00:00Z,0.0,-3.875,356.125,25.44,0.91
2009-07-01T12:00:00Z,0.0,0.125,0.125,25.89,0.4
2009-07-01T12:00:00Z,0.0,0.125,4.125,26.49,1.02
2009-07-01T12:00:00Z,0.0,0.125,8.125,24.95,-0.42
2009-07-01T12:00:00Z,0.0,0.125,12.125,NaN,NaN
2009-07-01T12:00:00Z,0.0,0.125,16.125,NaN,NaN
2009-07-01T12:00:00Z,0.0,0.125,20.125,NaN,NaN
2009-07-01T12:00:00Z,0.0,0.125,24.125,NaN,NaN
2009-07-01T12:00:00Z,0.0,0.125,28.125,NaN,NaN
2009-07-01T12:00:00Z,0.0,0.125,32.125,NaN,NaN
2009-07-01T12:00:00Z,0.0,0.125,36.125,NaN,NaN
2009-07-01T12:00:00Z,0.0,0.125,40.125,NaN,NaN
2009-07-01T12:00:00Z,0.0,0.125,44.125,25.99,-0.45
2009-07-01T12:00:00Z,0.0,0.125,48.125,27.32,0.86
2009-07-01T12:00:00Z,0.0,0.125,52.125,28.28,1.17
2009-07-01T12:00:00Z,0.0,0.125,56.125,28.47,0.35
2009-07-01T12:00:00Z,0.0,0.125,60.125,29.7,0.84
2009-07-01T12:00:00Z,0.0,0.125,64.125,29.34,0.24
2009-07-01T12:00:00Z,0.0,0.125,68.125,29.68,0.52
2009-07-01T12:00:00Z,0.0,0.125,72.125,29.56,0.41
2009-07-01T12:00:00Z,0.0,0.125,76.125,29.62,0.55
2009-07-01T12:00:00Z,0.0,0.125,80.125,28.95,-0.04
2009-07-01T12:00:00Z,0.0,0.125,84.125,29.68,0.76
2009-07-01T12:00:00Z,0.0,0.125,88.125,29.87,0.85
2009-07-01T12:00:00Z,0.0,0.125,92.125,30.62,1.38
2009-07-01T12:00:00Z,0.0,0.125,96.125,30.12,0.7
2009-07-01T12:00:00Z,0.0,0.125,100.125,NaN,NaN
2009-07-01T12:00:00Z,0.0,0.125,104.125,30.32,0.86
2009-07-01T12:00:00Z,0.0,0.125,108.125,29.77,0.41
2009-07-01T12:00:00Z,0.0,0.125,112.125,NaN,NaN
2009-07-01T12:00:00Z,0.0,0.125,116.125,NaN,NaN
2009-07-01T12:00:00Z,0.0,0.125,120.125,29.55,0.27
2009-07-01T12:00:00Z,0.0,0.125,124.125,28.73,-0.12
2009-07-01T12:00:00Z,0.0,0.125,128.125,29.04,0.42
2009-07-01T12:00:00Z,0.0,0.125,132.125,29.46,0.13
2009-07-01T12:00:00Z,0.0,0.125,136.125,29.49,0.13
2009-07-01T12:00:00Z,0.0,0.125,140.125,29.6,0.26
2009-07-01T12:00:00Z,0.0,0.125,144.125,29.81,0.49
2009-07-01T12:00:00Z,0.0,0.125,148.125,29.17,-0.2
2009-07-01T12:00:00Z,0.0,0.125,152.125,29.24,-0.16
2009-07-01T12:00:00Z,0.0,0.125,156.125,29.61,0.24
2009-07-01T12:00:00Z,0.0,0.125,160.125,29.95,0.64
2009-07-01T12:00:00Z,0.0,0.125,164.125,29.81,0.64
2009-07-01T12:00:00Z,0.0,0.125,168.125,29.86,0.84
2009-07-01T12:00:00Z,0.0,0.125,172.125,29.8,0.98
2009-07-01T12:00:00Z,0.0,0.125,176.125,29.68,0.88
2009-07-01T12:00:00Z,0.0,0.125,180.125,29.72,1.07
2009-07-01T12:00:00Z,0.0,0.125,184.125,29.08,0.65
2009-07-01T12:00:00Z,0.0,0.125,188.125,28.42,0.19
2009-07-01T12:00:00Z,0.0,0.125,192.125,28.82,0.77
2009-07-01T12:00:00Z,0.0,0.125,196.125,28.23,0.4
2009-07-01T12:00:00Z,0.0,0.125,200.125,28.55,1.04
2009-07-01T12:00:00Z,0.0,0.125,204.125,28.32,1.05
2009-07-01T12:00:00Z,0.0,0.125,208.125,28.1,1.07
2009-07-01T12:00:00Z,0.0,0.125,212.125,28.09,1.28
2009-07-01T12:00:00Z,0.0,0.125,216.125,27.89,1.31
2009-07-01T12:00:00Z,0.0,0.125,220.125,27.63,1.34
2009-07-01T12:00:00Z,0.0,0.125,224.125,27.22,1.19
2009-07-01T12:00:00Z,0.0,0.125,228.125,27.01,1.27
2009-07-01T12:00:00Z,0.0,0.125,232.125,26.88,1.38
2009-07-01T12:00:00Z,0.0,0.125,236.125,26.22,1.04
2009-07-01T12:00:00Z,0.0,0.125,240.125,25.86,0.91
2009-07-01T12:00:00Z,0.0,0.125,244.125,25.84,1.16
2009-07-01T12:00:00Z,0.0,0.125,248.125,26.04,1.6
2009-07-01T12:00:00Z,0.0,0.125,252.125,25.22,1.04
2009-07-01T12:00:00Z,0.0,0.125,256.125,24.84,0.83
2009-07-01T12:00:00Z,0.0,0.125,260.125,24.36,0.55
2009-07-01T12:00:00Z,0.0,0.125,264.125,24.64,1.08
2009-07-01T12:00:00Z,0.0,0.125,268.125,22.59,-0.6
2009-07-01T12:00:00Z,0.0,0.125,272.125,24.29,0.43
2009-07-01T12:00:00Z,0.0,0.125,276.125,25.42,1.09
2009-07-01T12:00:00Z,0.0,0.125,280.125,NaN,NaN
2009-07-01T12:00:00Z,0.0,0.125,284.125,NaN,NaN
2009-07-01T12:00:00Z,0.0,0.125,288.125,NaN,NaN
2009-07-01T12:00:00Z,0.0,0.125,292.125,NaN,NaN
2009-07-01T12:00:00Z,0.0,0.125,296.125,NaN,NaN
2009-07-01T12:00:00Z,0.0,0.125,300.125,NaN,NaN
2009-07-01T12:00:00Z,0.0,0.125,304.125,NaN,NaN
2009-07-01T12:00:00Z,0.0,0.125,308.125,NaN,NaN
2009-07-01T12:00:00Z,0.0,0.125,312.125,28.22,-0.04
2009-07-01T12:00:00Z,0.0,0.125,316.125,27.45,-0.04
2009-07-01T12:00:00Z,0.0,0.125,320.125,28.19,0.83
2009-07-01T12:00:00Z,0.0,0.125,324.125,28.26,0.97
2009-07-01T12:00:00Z,0.0,0.125,328.125,27.49,0.45
2009-07-01T12:00:00Z,0.0,0.125,332.125,26.7,0.09
2009-07-01T12:00:00Z,0.0,0.125,336.125,25.14,-0.89
2009-07-01T12:00:00Z,0.0,0.125,340.125,26.28,0.84
2009-07-01T12:00:00Z,0.0,0.125,344.125,24.7,-0.14
2009-07-01T12:00:00Z,0.0,0.125,348.125,24.34,-0.08
2009-07-01T12:00:00Z,0.0,0.125,352.125,23.83,-0.61
2009-07-01T12:00:00Z,0.0,0.125,356.125,25.16,-0.08
2009-07-01T12:00:00Z,0.0,4.125,0.125,27.73,1.04
2009-07-01T12:00:00Z,0.0,4.125,4.125,28.09,0.83
2009-07-01T12:00:00Z,0.0,4.125,8.125,27.46,-0.01
2009-07-01T12:00:00Z,0.0,4.125,12.125,NaN,NaN
2009-07-01T12:00:00Z,0.0,4.125,16.125,NaN,NaN
2009-07-01T12:00:00Z,0.0,4.125,20.125,NaN,NaN
2009-07-01T12:00:00Z,0.0,4.125,24.125,NaN,NaN
2009-07-01T12:00:00Z,0.0,4.125,28.125,NaN,NaN
2009-07-01T12:00:00Z,0.0,4.125,32.125,NaN,NaN
2009-07-01T12:00:00Z,0.0,4.125,36.125,NaN,NaN
2009-07-01T12:00:00Z,0.0,4.125,40.125,NaN,NaN
2009-07-01T12:00:00Z,0.0,4.125,44.125,NaN,NaN
2009-07-01T12:00:00Z,0.0,4.125,48.125,25.96,0.03
2009-07-01T12:00:00Z,0.0,4.125,52.125,27.58,0.7
2009-07-01T12:00:00Z,0.0,4.125,56.125,28.79,0.87
2009-07-01T12:00:00Z,0.0,4.125,60.125,29.53,0.76
2009-07-01T12:00:00Z,0.0,4.125,64.125,29.4,0.42
2009-07-01T12:00:00Z,0.0,4.125,68.125,28.56,-0.41
2009-07-01T12:00:00Z,0.0,4.125,72.125,28.88,0.02
2009-07-01T12:00:00Z,0.0,4.125,76.125,29.14,0.53
2009-07-01T12:00:00Z,0.0,4.125,80.125,28.55,0.25
2009-07-01T12:00:00Z,0.0,4.125,84.125,28.99,0.54
2009-07-01T12:00:00Z,0.0,4.125,88.125,28.94,0.25
2009-07-01T12:00:00Z,0.0,4.125,92.125,28.97,0.04
2009-07-01T12:00:00Z,0.0,4.125,96.125,30.18,0.82
2009-07-01T12:00:00Z,0.0,4.125,100.125,30.7,0.97
2009-07-01T12:00:00Z,0.0,4.125,104.125,29.96,0.68
2009-07-01T12:00:00Z,0.0,4.125,108.125,29.91,0.44
2009-07-01T12:00:00Z,0.0,4.125,112.125,29.97,0.37
2009-07-01T12:00:00Z,0.0,4.125,116.125,NaN,NaN
2009-07-01T12:00:00Z,0.0,4.125,120.125,29.61,0.45
2009-07-01T12:00:00Z,0.0,4.125,124.125,29.52,0.33
2009-07-01T12:00:00Z,0.0,4.125,128.125,29.4,0.38
2009-07-01T12:00:00Z,0.0,4.125,132.125,29.62,0.41
2009-07-01T12:00:00Z,0.0,4.125,136.125,29.2,-0.04
2009-07-01T12:00:00Z,0.0,4.125,140.125,29.84,0.57
2009-07-01T12:00:00Z,0.0,4.125,144.125,29.72,0.44
2009-07-01T12:00:00Z,0.0,4.125,148.125,29.45,0.11
2009-07-01T12:00:00Z,0.0,4.125,152.125,29.42,0.09
2009-07-01T12:00:00Z,0.0,4.125,156.125,29.81,0.48
2009-07-01T12:00:00Z,0.0,4.125,160.125,29.87,0.55
2009-07-01T12:00:00Z,0.0,4.125,164.125,29.08,-0.17
2009-07-01T12:00:00Z,0.0,4.125,168.125,29.07,-0.11
2009-07-01T12:00:00Z,0.0,4.125,172.125,29.17,0.07
2009-07-01T12:00:00Z,0.0,4.125,176.125,28.89,-0.11
2009-07-01T12:00:00Z,0.0,4.125,180.125,28.94,0.0
2009-07-01T12:00:00Z,0.0,4.125,184.125,28.89,0.05
2009-07-01T12:00:00Z,0.0,4.125,188.125,29.24,0.5
2009-07-01T12:00:00Z,0.0,4.125,192.125,29.1,0.49
2009-07-01T12:00:00Z,0.0,4.125,196.125,28.64,0.14
2009-07-01T12:00:00Z,0.0,4.125,200.125,28.87,0.48
2009-07-01T12:00:00Z,0.0,4.125,204.125,29.21,0.97
2009-07-01T12:00:00Z,0.0,4.125,208.125,28.88,0.75
2009-07-01T12:00:00Z,0.0,4.125,212.125,28.22,0.18
2009-07-01T12:00:00Z,0.0,4.125,216.125,29.42,1.47
2009-07-01T12:00:00Z,0.0,4.125,220.125,28.81,0.99
2009-07-01T12:00:00Z,0.0,4.125,224.125,28.56,0.78
2009-07-01T12:00:00Z,0.0,4.125,228.125,28.69,1.01
2009-07-01T12:00:00Z,0.0,4.125,232.125,28.31,0.73
2009-07-01T12:00:00Z,0.0,4.125,236.125,28.11,0.66
2009-07-01T12:00:00Z,0.0,4.125,240.125,28.23,0.78
2009-07-01T12:00:00Z,0.0,4.125,244.125,28.18,0.84
2009-07-01T12:00:00Z,0.0,4.125,248.125,27.87,0.69
2009-07-01T12:00:00Z,0.0,4.125,252.125,27.95,0.84
2009-07-01T12:00:00Z,0.0,4.125,256.125,27.49,0.35
2009-07-01T12:00:00Z,0.0,4.125,260.125,27.86,0.66
2009-07-01T12:00:00Z,0.0,4.125,264.125,28.09,0.82
2009-07-01T12:00:00Z,0.0,4.125,268.125,27.11,-0.3
2009-07-01T12:00:00Z,0.0,4.125,272.125,26.97,-0.46
2009-07-01T12:00:00Z,0.0,4.125,276.125,27.59,0.16
2009-07-01T12:00:00Z,0.0,4.125,280.125,27.47,0.04
2009-07-01T12:00:00Z,0.0,4.125,284.125,NaN,NaN
2009-07-01T12:00:00Z,0.0,4.125,288.125,NaN,NaN
2009-07-01T12:00:00Z,0.0,4.125,292.125,NaN,NaN
2009-07-01T12:00:00Z,0.0,4.125,296.125,NaN,NaN
2009-07-01T12:00:00Z,0.0,4.125,300.125,NaN,NaN
2009-07-01T12:00:00Z,0.0,4.125,304.125,NaN,NaN
2009-07-01T12:00:00Z,0.0,4.125,308.125,NaN,NaN
2009-07-01T12:00:00Z,0.0,4.125,312.125,28.29,0.29
2009-07-01T12:00:00Z,0.0,4.125,316.125,28.33,0.41
2009-07-01T12:00:00Z,0.0,4.125,320.125,28.23,0.27
2009-07-01T12:00:00Z,0.0,4.125,324.125,28.24,0.21
2009-07-01T12:00:00Z,0.0,4.125,328.125,28.08,0.06
2009-07-01T12:00:00Z,0.0,4.125,332.125,28.34,0.37
2009-07-01T12:00:00Z,0.0,4.125,336.125,27.54,-0.42
2009-07-01T12:00:00Z,0.0,4.125,340.125,28.17,0.37
2009-07-01T12:00:00Z,0.0,4.125,344.125,28.0,0.34
2009-07-01T12:00:00Z,0.0,4.125,348.125,27.54,-0.05
2009-07-01T12:00:00Z,0.0,4.125,352.125,27.84,0.46
2009-07-01T12:00:00Z,0.0,4.125,356.125,27.71,0.71
2009-07-01T12:00:00Z,0.0,8.125,0.125,NaN,NaN
2009-07-01T12:00:00Z,0.0,8.125,4.125,NaN,NaN
2009-07-01T12:00:00Z,0.0,8.125,8.125,NaN,NaN
2009-07-01T12:00:00Z,0.0,8.125,12.125,NaN,NaN
2009-07-01T12:00:00Z,0.0,8.125,16.125,NaN,NaN
2009-07-01T12:00:00Z,0.0,8.125,20.125,NaN,NaN
2009-07-01T12:00:00Z,0.0,8.125,24.125,NaN,NaN
2009-07-01T12:00:00Z,0.0,8.125,28.125,NaN,NaN
2009-07-01T12:00:00Z,0.0,8.125,32.125,NaN,NaN
2009-07-01T12:00:00Z,0.0,8.125,36.125,NaN,NaN
2009-07-01T12:00:00Z,0.0,8.125,40.125,NaN,NaN
2009-07-01T12:00:00Z,0.0,8.125,44.125,NaN,NaN
2009-07-01T12:00:00Z,0.0,8.125,48.125,NaN,NaN
2009-07-01T12:00:00Z,0.0,8.125,52.125,27.26,1.1
2009-07-01T12:00:00Z,0.0,8.125,56.125,25.68,-1.47
2009-07-01T12:00:00Z,0.0,8.125,60.125,28.27,0.06
2009-07-01T12:00:00Z,0.0,8.125,64.125,28.72,0.04
2009-07-01T12:00:00Z,0.0,8.125,68.125,28.39,-0.29
2009-07-01T12:00:00Z,0.0,8.125,72.125,28.51,-0.07
2009-07-01T12:00:00Z,0.0,8.125,76.125,27.35,-0.51
2009-07-01T12:00:00Z,0.0,8.125,80.125,NaN,NaN
2009-07-01T12:00:00Z,0.0,8.125,84.125,28.9,0.03
2009-07-01T12:00:00Z,0.0,8.125,88.125,28.48,-0.14
2009-07-01T12:00:00Z,0.0,8.125,92.125,28.65,-0.09
2009-07-01T12:00:00Z,0.0,8.125,96.125,29.29,0.32
2009-07-01T12:00:00Z,0.0,8.125,100.125,NaN,NaN
2009-07-01T12:00:00Z,0.0,8.125,104.125,29.41,0.02
2009-07-01T12:00:00Z,0.0,8.125,108.125,29.61,0.44
2009-07-01T12:00:00Z,0.0,8.125,112.125,29.35,0.17
2009-07-01T12:00:00Z,0.0,8.125,116.125,29.53,0.14
2009-07-01T12:00:00Z,0.0,8.125,120.125,29.74,0.44
2009-07-01T12:00:00Z,0.0,8.125,124.125,NaN,NaN
2009-07-01T12:00:00Z,0.0,8.125,128.125,30.15,0.82
2009-07-01T12:00:00Z,0.0,8.125,132.125,30.01,0.81
2009-07-01T12:00:00Z,0.0,8.125,136.125,30.44,1.27
2009-07-01T12:00:00Z,0.0,8.125,140.125,29.87,0.68
2009-07-01T12:00:00Z,0.0,8.125,144.125,29.65,0.43
2009-07-01T12:00:00Z,0.0,8.125,148.125,29.4,0.2
2009-07-01T12:00:00Z,0.0,8.125,152.125,29.4,0.27
2009-07-01T12:00:00Z,0.0,8.125,156.125,29.55,0.51
2009-07-01T12:00:00Z,0.0,8.125,160.125,29.56,0.65
2009-07-01T12:00:00Z,0.0,8.125,164.125,29.25,0.43
2009-07-01T12:00:00Z,0.0,8.125,168.125,29.27,0.57
2009-07-01T12:00:00Z,0.0,8.125,172.125,29.11,0.49
2009-07-01T12:00:00Z,0.0,8.125,176.125,28.58,0.05
2009-07-01T12:00:00Z,0.0,8.125,180.125,28.21,-0.21
2009-07-01T12:00:00Z,0.0,8.125,184.125,28.46,0.15
2009-07-01T12:00:00Z,0.0,8.125,188.125,28.14,-0.11
2009-07-01T12:00:00Z,0.0,8.125,192.125,28.51,0.34
2009-07-01T12:00:00Z,0.0,8.125,196.125,28.38,0.3
2009-07-01T12:00:00Z,0.0,8.125,200.125,28.56,0.5
2009-07-01T12:00:00Z,0.0,8.125,204.125,28.72,0.76
2009-07-01T12:00:00Z,0.0,8.125,208.125,28.61,0.68
2009-07-01T12:00:00Z,0.0,8.125,212.125,28.81,0.82
2009-07-01T12:00:00Z,0.0,8.125,216.125,29.31,1.33
2009-07-01T12:00:00Z,0.0,8.125,220.125,29.31,1.3
2009-07-01T12:00:00Z,0.0,8.125,224.125,29.14,1.04
2009-07-01T12:00:00Z,0.0,8.125,228.125,29.0,0.84
2009-07-01T12:00:00Z,0.0,8.125,232.125,28.83,0.62
2009-07-01T12:00:00Z,0.0,8.125,236.125,28.79,0.57
2009-07-01T12:00:00Z,0.0,8.125,240.125,29.23,1.0
2009-07-01T12:00:00Z,0.0,8.125,244.125,28.41,0.1
2009-07-01T12:00:00Z,0.0,8.125,248.125,28.89,0.47
2009-07-01T12:00:00Z,0.0,8.125,252.125,28.78,0.29
2009-07-01T12:00:00Z,0.0,8.125,256.125,28.63,0.13
2009-07-01T12:00:00Z,0.0,8.125,260.125,28.39,-0.16
2009-07-01T12:00:00Z,0.0,8.125,264.125,28.27,-0.09
2009-07-01T12:00:00Z,0.0,8.125,268.125,28.96,0.75
2009-07-01T12:00:00Z,0.0,8.125,272.125,27.91,-0.37
2009-07-01T12:00:00Z,0.0,8.125,276.125,28.09,-0.4
2009-07-01T12:00:00Z,0.0,8.125,280.125,28.57,0.21
2009-07-01T12:00:00Z,0.0,8.125,284.125,NaN,NaN
2009-07-01T12:00:00Z,0.0,8.125,288.125,NaN,NaN
2009-07-01T12:00:00Z,0.0,8.125,292.125,NaN,NaN
2009-07-01T12:00:00Z,0.0,8.125,296.125,NaN,NaN
2009-07-01T12:00:00Z,0.0,8.125,300.125,NaN,NaN
2009-07-01T12:00:00Z,0.0,8.125,304.125,27.66,-0.12
2009-07-01T12:00:00Z,0.0,8.125,308.125,28.53,0.45
2009-07-01T12:00:00Z,0.0,8.125,312.125,28.24,0.45
2009-07-01T12:00:00Z,0.0,8.125,316.125,27.32,-0.29
2009-07-01T12:00:00Z,0.0,8.125,320.125,27.85,0.36
2009-07-01T12:00:00Z,0.0,8.125,324.125,27.57,0.07
2009-07-01T12:00:00Z,0.0,8.125,328.125,27.64,0.11
2009-07-01T12:00:00Z,0.0,8.125,332.125,27.04,-0.46
2009-07-01T12:00:00Z,0.0,8.125,336.125,28.03,0.4
2009-07-01T12:00:00Z,0.0,8.125,340.125,28.07,0.16
2009-07-01T12:00:00Z,0.0,8.125,344.125,28.03,0.0
2009-07-01T12:00:00Z,0.0,8.125,348.125,NaN,NaN
2009-07-01T12:00:00Z,0.0,8.125,352.125,NaN,NaN
2009-07-01T12:00:00Z,0.0,8.125,356.125,NaN,NaN
2009-07-01T12:00:00Z,0.0,12.125,0.125,NaN,NaN
2009-07-01T12:00:00Z,0.0,12.125,4.125,NaN,NaN
2009-07-01T12:00:00Z,0.0,12.125,8.125,NaN,NaN
2009-07-01T12:00:00Z,0.0,12.125,12.125,NaN,NaN
2009-07-01T12:00:00Z,0.0,12.125,16.125,NaN,NaN
2009-07-01T12:00:00Z,0.0,12.125,20.125,NaN,NaN
2009-07-01T12:00:00Z,0.0,12.125,24.125,NaN,NaN
2009-07-01T12:00:00Z,0.0,12.125,28.125,NaN,NaN
2009-07-01T12:00:00Z,0.0,12.125,32.125,NaN,NaN
2009-07-01T12:00:00Z,0.0,12.125,36.125,NaN,NaN
2009-07-01T12:00:00Z,0.0,12.125,40.125,NaN,NaN
2009-07-01T12:00:00Z,0.0,12.125,44.125,31.33,1.04
2009-07-01T12:00:00Z,0.0,12.125,48.125,31.13,0.46
2009-07-01T12:00:00Z,0.0,12.125,52.125,24.46,-2.62
2009-07-01T12:00:00Z,0.0,12.125,56.125,27.38,0.58
2009-07-01T12:00:00Z,0.0,12.125,60.125,27.67,0.18
2009-07-01T12:00:00Z,0.0,12.125,64.125,28.98,0.77
2009-07-01T12:00:00Z,0.0,12.125,68.125,28.6,0.1
2009-07-01T12:00:00Z,0.0,12.125,72.125,29.22,0.7
2009-07-01T12:00:00Z,0.0,12.125,76.125,NaN,NaN
2009-07-01T12:00:00Z,0.0,12.125,80.125,29.32,0.11
2009-07-01T12:00:00Z,0.0,12.125,84.125,29.33,0.06
2009-07-01T12:00:00Z,0.0,12.125,88.125,28.93,-0.08
2009-07-01T12:00:00Z,0.0,12.125,92.125,29.12,0.15
2009-07-01T12:00:00Z,0.0,12.125,96.125,28.77,-0.07
2009-07-01T12:00:00Z,0.0,12.125,100.125,29.82,0.45
2009-07-01T12:00:00Z,0.0,12.125,104.125,NaN,NaN
2009-07-01T12:00:00Z,0.0,12.125,108.125,NaN,NaN
2009-07-01T12:00:00Z,0.0,12.125,112.125,28.94,0.02
2009-07-01T12:00:00Z,0.0,12.125,116.125,29.5,0.16
2009-07-01T12:00:00Z,0.0,12.125,120.125,29.73,0.2
2009-07-01T12:00:00Z,0.0,12.125,124.125,29.76,0.31
2009-07-01T12:00:00Z,0.0,12.125,128.125,29.68,0.22
2009-07-01T12:00:00Z,0.0,12.125,132.125,29.47,0.09
2009-07-01T12:00:00Z,0.0,12.125,136.125,29.57,0.31
2009-07-01T12:00:00Z,0.0,12.125,140.125,30.02,0.86
2009-07-01T12:00:00Z,0.0,12.125,144.125,29.81,0.73
2009-07-01T12:00:00Z,0.0,12.125,148.125,29.68,0.66
2009-07-01T12:00:00Z,0.0,12.125,152.125,29.52,0.63
2009-07-01T12:00:00Z,0.0,12.125,156.125,29.53,0.84
2009-07-01T12:00:00Z,0.0,12.125,160.125,29.28,0.79
2009-07-01T12:00:00Z,0.0,12.125,164.125,29.15,0.82
2009-07-01T12:00:00Z,0.0,12.125,168.125,28.72,0.53
2009-07-01T12:00:00Z,0.0,12.125,172.125,28.71,0.65
2009-07-01T12:00:00Z,0.0,12.125,176.125,28.59,0.69
2009-07-01T12:00:00Z,0.0,12.125,180.125,28.55,0.8
2009-07-01T12:00:00Z,0.0,12.125,184.125,28.08,0.46
2009-07-01T12:00:00Z,0.0,12.125,188.125,27.78,0.32
2009-07-01T12:00:00Z,0.0,12.125,192.125,27.58,0.25
2009-07-01T12:00:00Z,0.0,12.125,196.125,27.36,0.14
2009-07-01T12:00:00Z,0.0,12.125,200.125,27.41,0.36
2009-07-01T12:00:00Z,0.0,12.125,204.125,27.71,0.77
2009-07-01T12:00:00Z,0.0,12.125,208.125,27.86,1.03
2009-07-01T12:00:00Z,0.0,12.125,212.125,27.21,0.46
2009-07-01T12:00:00Z,0.0,12.125,216.125,27.85,1.05
2009-07-01T12:00:00Z,0.0,12.125,220.125,27.93,0.91
2009-07-01T12:00:00Z,0.0,12.125,224.125,27.88,0.67
2009-07-01T12:00:00Z,0.0,12.125,228.125,28.3,0.85
2009-07-01T12:00:00Z,0.0,12.125,232.125,28.77,1.18
2009-07-01T12:00:00Z,0.0,12.125,236.125,28.23,0.48
2009-07-01T12:00:00Z,0.0,12.125,240.125,28.75,0.77
2009-07-01T12:00:00Z,0.0,12.125,244.125,29.31,1.04
2009-07-01T12:00:00Z,0.0,12.125,248.125,28.82,0.4
2009-07-01T12:00:00Z,0.0,12.125,252.125,28.93,0.27
2009-07-01T12:00:00Z,0.0,12.125,256.125,29.34,0.52
2009-07-01T12:00:00Z,0.0,12.125,260.125,29.73,0.81
2009-07-01T12:00:00Z,0.0,12.125,264.125,29.64,0.63
2009-07-01T12:00:00Z,0.0,12.125,268.125,30.3,1.33
2009-07-01T12:00:00Z,0.0,12.125,272.125,28.86,0.02
2009-07-01T12:00:00Z,0.0,12.125,276.125,NaN,NaN
2009-07-01T12:00:00Z,0.0,12.125,280.125,28.88,0.92
2009-07-01T12:00:00Z,0.0,12.125,284.125,28.71,0.94
2009-07-01T12:00:00Z,0.0,12.125,288.125,NaN,NaN
2009-07-01T12:00:00Z,0.0,12.125,292.125,27.8,0.39
2009-07-01T12:00:00Z,0.0,12.125,296.125,27.43,0.0
2009-07-01T12:00:00Z,0.0,12.125,300.125,27.94,0.17
2009-07-01T12:00:00Z,0.0,12.125,304.125,28.03,0.43
2009-07-01T12:00:00Z,0.0,12.125,308.125,27.27,0.0
2009-07-01T12:00:00Z,0.0,12.125,312.125,27.43,0.54
2009-07-01T12:00:00Z,0.0,12.125,316.125,27.09,0.57
2009-07-01T12:00:00Z,0.0,12.125,320.125,26.83,0.59
2009-07-01T12:00:00Z,0.0,12.125,324.125,25.54,-0.63
2009-07-01T12:00:00Z,0.0,12.125,328.125,25.77,-0.54
2009-07-01T12:00:00Z,0.0,12.125,332.125,25.49,-0.87
2009-07-01T12:00:00Z,0.0,12.125,336.125,26.19,0.17
2009-07-01T12:00:00Z,0.0,12.125,340.125,27.73,0.74
2009-07-01T12:00:00Z,0.0,12.125,344.125,NaN,NaN
2009-07-01T12:00:00Z,0.0,12.125,348.125,NaN,NaN
2009-07-01T12:00:00Z,0.0,12.125,352.125,NaN,NaN
2009-07-01T12:00:00Z,0.0,12.125,356.125,NaN,NaN
2009-07-01T12:00:00Z,0.0,16.125,0.125,NaN,NaN
2009-07-01T12:00:00Z,0.0,16.125,4.125,NaN,NaN
2009-07-01T12:00:00Z,0.0,16.125,8.125,NaN,NaN
2009-07-01T12:00:00Z,0.0,16.125,12.125,NaN,NaN
2009-07-01T12:00:00Z,0.0,16.125,16.125,NaN,NaN
2009-07-01T12:00:00Z,0.0,16.125,20.125,NaN,NaN
2009-07-01T12:00:00Z,0.0,16.125,24.125,NaN,NaN
2009-07-01T12:00:00Z,0.0,16.125,28.125,NaN,NaN
2009-07-01T12:00:00Z,0.0,16.125,32.125,NaN,NaN
2009-07-01T12:00:00Z,0.0,16.125,36.125,NaN,NaN
2009-07-01T12:00:00Z,0.0,16.125,40.125,31.71,0.43
2009-07-01T12:00:00Z,0.0,16.125,44.125,NaN,NaN
2009-07-01T12:00:00Z,0.0,16.125,48.125,NaN,NaN
2009-07-01T12:00:00Z,0.0,16.125,52.125,NaN,NaN
2009-07-01T12:00:00Z,0.0,16.125,56.125,27.49,0.5
2009-07-01T12:00:00Z,0.0,16.125,60.125,27.15,-0.15
2009-07-01T12:00:00Z,0.0,16.125,64.125,28.75,0.54
2009-07-01T12:00:00Z,0.0,16.125,68.125,28.86,0.33
2009-07-01T12:00:00Z,0.0,16.125,72.125,29.4,0.66
2009-07-01T12:00:00Z,0.0,16.125,76.125,NaN,NaN
2009-07-01T12:00:00Z,0.0,16.125,80.125,NaN,NaN
2009-07-01T12:00:00Z,0.0,16.125,84.125,29.36,-0.02
2009-07-01T12:00:00Z,0.0,16.125,88.125,29.91,0.79
2009-07-01T12:00:00Z,0.0,16.125,92.125,29.57,0.44
2009-07-01T12:00:00Z,0.0,16.125,96.125,28.38,-0.75
2009-07-01T12:00:00Z,0.0,16.125,100.125,NaN,NaN
2009-07-01T12:00:00Z,0.0,16.125,104.125,NaN,NaN
2009-07-01T12:00:00Z,0.0,16.125,108.125,NaN,NaN
2009-07-01T12:00:00Z,0.0,16.125,112.125,29.12,-0.13
2009-07-01T12:00:00Z,0.0,16.125,116.125,29.64,0.23
2009-07-01T12:00:00Z,0.0,16.125,120.125,29.82,0.15
2009-07-01T12:00:00Z,0.0,16.125,124.125,30.12,0.51
2009-07-01T12:00:00Z,0.0,16.125,128.125,29.8,0.27
2009-07-01T12:00:00Z,0.0,16.125,132.125,29.88,0.34
2009-07-01T12:00:00Z,0.0,16.125,136.125,29.67,0.22
2009-07-01T12:00:00Z,0.0,16.125,140.125,29.89,0.52
2009-07-01T12:00:00Z,0.0,16.125,144.125,29.55,0.32
2009-07-01T12:00:00Z,0.0,16.125,148.125,30.01,0.93
2009-07-01T12:00:00Z,0.0,16.125,152.125,29.76,0.88
2009-07-01T12:00:00Z,0.0,16.125,156.125,29.7,1.03
2009-07-01T12:00:00Z,0.0,16.125,160.125,29.8,1.39
2009-07-01T12:00:00Z,0.0,16.125,164.125,29.45,1.22
2009-07-01T12:00:00Z,0.0,16.125,168.125,29.19,1.18
2009-07-01T12:00:00Z,0.0,16.125,172.125,28.98,1.14
2009-07-01T12:00:00Z,0.0,16.125,176.125,28.28,0.62
2009-07-01T12:00:00Z,0.0,16.125,180.125,27.95,0.49
2009-07-01T12:00:00Z,0.0,16.125,184.125,28.3,1.07
2009-07-01T12:00:00Z,0.0,16.125,188.125,27.83,0.78
2009-07-01T12:00:00Z,0.0,16.125,192.125,27.45,0.63
2009-07-01T12:00:00Z,0.0,16.125,196.125,27.09,0.53
2009-07-01T12:00:00Z,0.0,16.125,200.125,26.88,0.6
2009-07-01T12:00:00Z,0.0,16.125,204.125,26.1,0.08
2009-07-01T12:00:00Z,0.0,16.125,208.125,26.61,0.77
2009-07-01T12:00:00Z,0.0,16.125,212.125,25.88,0.35
2009-07-01T12:00:00Z,0.0,16.125,216.125,25.51,0.19
2009-07-01T12:00:00Z,0.0,16.125,220.125,25.27,0.1
2009-07-01T12:00:00Z,0.0,16.125,224.125,26.26,1.07
2009-07-01T12:00:00Z,0.0,16.125,228.125,27.14,1.71
2009-07-01T12:00:00Z,0.0,16.125,232.125,26.35,0.67
2009-07-01T12:00:00Z,0.0,16.125,236.125,26.61,0.87
2009-07-01T12:00:00Z,0.0,16.125,240.125,26.52,0.35
2009-07-01T12:00:00Z,0.0,16.125,244.125,27.45,0.71
2009-07-01T12:00:00Z,0.0,16.125,248.125,28.76,1.53
2009-07-01T12:00:00Z,0.0,16.125,252.125,29.11,1.2
2009-07-01T12:00:00Z,0.0,16.125,256.125,29.08,0.29
2009-07-01T12:00:00Z,0.0,16.125,260.125,29.33,-0.16
2009-07-01T12:00:00Z,0.0,16.125,264.125,NaN,NaN
2009-07-01T12:00:00Z,0.0,16.125,268.125,NaN,NaN
2009-07-01T12:00:00Z,0.0,16.125,272.125,29.86,1.0
2009-07-01T12:00:00Z,0.0,16.125,276.125,28.96,0.7
2009-07-01T12:00:00Z,0.0,16.125,280.125,28.5,0.5
2009-07-01T12:00:00Z,0.0,16.125,284.125,28.11,0.15
2009-07-01T12:00:00Z,0.0,16.125,288.125,28.68,0.67
2009-07-01T12:00:00Z,0.0,16.125,292.125,28.62,0.58
2009-07-01T12:00:00Z,0.0,16.125,296.125,28.66,0.63
2009-07-01T12:00:00Z,0.0,16.125,300.125,28.43,0.67
2009-07-01T12:00:00Z,0.0,16.125,304.125,28.39,0.93
2009-07-01T12:00:00Z,0.0,16.125,308.125,27.25,0.27
2009-07-01T12:00:00Z,0.0,16.125,312.125,27.12,0.62
2009-07-01T12:00:00Z,0.0,16.125,316.125,26.34,0.35
2009-07-01T12:00:00Z,0.0,16.125,320.125,25.96,0.52
2009-07-01T12:00:00Z,0.0,16.125,324.125,25.8,0.81
2009-07-01T12:00:00Z,0.0,16.125,328.125,24.65,-0.13
2009-07-01T12:00:00Z,0.0,16.125,332.125,24.26,-0.61
2009-07-01T12:00:00Z,0.0,16.125,336.125,24.87,0.68
2009-07-01T12:00:00Z,0.0,16.125,340.125,24.57,0.4
2009-07-01T12:00:00Z,0.0,16.125,344.125,NaN,NaN
2009-07-01T12:00:00Z,0.0,16.125,348.125,NaN,NaN
2009-07-01T12:00:00Z,0.0,16.125,352.125,NaN,NaN
2009-07-01T12:00:00Z,0.0,16.125,356.125,NaN,NaN
2009-07-01T12:00:00Z,0.0,20.125,0.125,NaN,NaN
2009-07-01T12:00:00Z,0.0,20.125,4.125,NaN,NaN
2009-07-01T12:00:00Z,0.0,20.125,8.125,NaN,NaN
2009-07-01T12:00:00Z,0.0,20.125,12.125,NaN,NaN
2009-07-01T12:00:00Z,0.0,20.125,16.125,NaN,NaN
2009-07-01T12:00:00Z,0.0,20.125,20.125,NaN,NaN
2009-07-01T12:00:00Z,0.0,20.125,24.125,NaN,NaN
2009-07-01T12:00:00Z,0.0,20.125,28.125,NaN,NaN
2009-07-01T12:00:00Z,0.0,20.125,32.125,NaN,NaN
2009-07-01T12:00:00Z,0.0,20.125,36.125,NaN,NaN
2009-07-01T12:00:00Z,0.0,20.125,40.125,31.23,0.9
2009-07-01T12:00:00Z,0.0,20.125,44.125,NaN,NaN
2009-07-01T12:00:00Z,0.0,20.125,48.125,NaN,NaN
2009-07-01T12:00:00Z,0.0,20.125,52.125,NaN,NaN
2009-07-01T12:00:00Z,0.0,20.125,56.125,NaN,NaN
2009-07-01T12:00:00Z,0.0,20.125,60.125,26.33,-0.82
2009-07-01T12:00:00Z,0.0,20.125,64.125,28.45,0.1
2009-07-01T12:00:00Z,0.0,20.125,68.125,29.12,0.23
2009-07-01T12:00:00Z,0.0,20.125,72.125,30.08,1.02
2009-07-01T12:00:00Z,0.0,20.125,76.125,NaN,NaN
2009-07-01T12:00:00Z,0.0,20.125,80.125,NaN,NaN
2009-07-01T12:00:00Z,0.0,20.125,84.125,NaN,NaN
2009-07-01T12:00:00Z,0.0,20.125,88.125,29.49,0.11
2009-07-01T12:00:00Z,0.0,20.125,92.125,30.5,1.3
2009-07-01T12:00:00Z,0.0,20.125,96.125,NaN,NaN
2009-07-01T12:00:00Z,0.0,20.125,100.125,NaN,NaN
2009-07-01T12:00:00Z,0.0,20.125,104.125,NaN,NaN
2009-07-01T12:00:00Z,0.0,20.125,108.125,28.05,-1.18
2009-07-01T12:00:00Z,0.0,20.125,112.125,28.46,-0.38
2009-07-01T12:00:00Z,0.0,20.125,116.125,28.62,-0.29
2009-07-01T12:00:00Z,0.0,20.125,120.125,29.49,0.2
2009-07-01T12:00:00Z,0.0,20.125,124.125,29.52,0.25
2009-07-01T12:00:00Z,0.0,20.125,128.125,29.03,-0.36
2009-07-01T12:00:00Z,0.0,20.125,132.125,29.53,0.16
2009-07-01T12:00:00Z,0.0,20.125,136.125,29.53,0.16
2009-07-01T12:00:00Z,0.0,20.125,140.125,29.91,0.54
2009-07-01T12:00:00Z,0.0,20.125,144.125,30.21,0.99
2009-07-01T12:00:00Z,0.0,20.125,148.125,29.89,0.78
2009-07-01T12:00:00Z,0.0,20.125,152.125,29.9,0.95
2009-07-01T12:00:00Z,0.0,20.125,156.125,29.89,1.14
2009-07-01T12:00:00Z,0.0,20.125,160.125,29.69,1.21
2009-07-01T12:00:00Z,0.0,20.125,164.125,29.63,1.39
2009-07-01T12:00:00Z,0.0,20.125,168.125,29.12,1.09
2009-07-01T12:00:00Z,0.0,20.125,172.125,29.12,1.33
2009-07-01T12:00:00Z,0.0,20.125,176.125,28.92,1.38
2009-07-01T12:00:00Z,0.0,20.125,180.125,28.46,1.16
2009-07-01T12:00:00Z,0.0,20.125,184.125,27.99,0.94
2009-07-01T12:00:00Z,0.0,20.125,188.125,27.55,0.72
2009-07-01T12:00:00Z,0.0,20.125,192.125,27.16,0.52
2009-07-01T12:00:00Z,0.0,20.125,196.125,26.78,0.31
2009-07-01T12:00:00Z,0.0,20.125,200.125,26.44,0.19
2009-07-01T12:00:00Z,0.0,20.125,204.125,25.96,0.35
2009-07-01T12:00:00Z,0.0,20.125,208.125,25.59,0.47
2009-07-01T12:00:00Z,0.0,20.125,212.125,25.01,0.34
2009-07-01T12:00:00Z,0.0,20.125,216.125,24.47,0.21
2009-07-01T12:00:00Z,0.0,20.125,220.125,24.0,0.24
2009-07-01T12:00:00Z,0.0,20.125,224.125,24.32,0.93
2009-07-01T12:00:00Z,0.0,20.125,228.125,24.42,1.23
2009-07-01T12:00:00Z,0.0,20.125,232.125,24.69,1.59
2009-07-01T12:00:00Z,0.0,20.125,236.125,24.03,0.84
2009-07-01T12:00:00Z,0.0,20.125,240.125,23.93,0.37
2009-07-01T12:00:00Z,0.0,20.125,244.125,23.24,-1.02
2009-07-01T12:00:00Z,0.0,20.125,248.125,26.2,1.24
2009-07-01T12:00:00Z,0.0,20.125,252.125,26.68,-0.37
2009-07-01T12:00:00Z,0.0,20.125,256.125,NaN,NaN
2009-07-01T12:00:00Z,0.0,20.125,260.125,NaN,NaN
2009-07-01T12:00:00Z,0.0,20.125,264.125,30.14,1.5
2009-07-01T12:00:00Z,0.0,20.125,268.125,29.45,0.98
2009-07-01T12:00:00Z,0.0,20.125,272.125,NaN,NaN
2009-07-01T12:00:00Z,0.0,20.125,276.125,28.65,-0.12
2009-07-01T12:00:00Z,0.0,20.125,280.125,28.85,-0.17
2009-07-01T12:00:00Z,0.0,20.125,284.125,NaN,NaN
2009-07-01T12:00:00Z,0.0,20.125,288.125,28.69,0.49
2009-07-01T12:00:00Z,0.0,20.125,292.125,28.48,0.56
2009-07-01T12:00:00Z,0.0,20.125,296.125,28.58,0.82
2009-07-01T12:00:00Z,0.0,20.125,300.125,28.42,0.9
2009-07-01T12:00:00Z,0.0,20.125,304.125,27.88,0.7
2009-07-01T12:00:00Z,0.0,20.125,308.125,27.38,0.59
2009-07-01T12:00:00Z,0.0,20.125,312.125,26.96,0.59
2009-07-01T12:00:00Z,0.0,20.125,316.125,26.63,0.66
2009-07-01T12:00:00Z,0.0,20.125,320.125,26.38,0.86
2009-07-01T12:00:00Z,0.0,20.125,324.125,25.63,0.64
2009-07-01T12:00:00Z,0.0,20.125,328.125,25.1,0.66
2009-07-01T12:00:00Z,0.0,20.125,332.125,23.39,-0.52
2009-07-01T12:00:00Z,0.0,20.125,336.125,23.06,-0.08
2009-07-01T12:00:00Z,0.0,20.125,340.125,21.81,0.06
2009-07-01T12:00:00Z,0.0,20.125,344.125,NaN,NaN
2009-07-01T12:00:00Z,0.0,20.125,348.125,NaN,NaN
2009-07-01T12:00:00Z,0.0,20.125,352.125,NaN,NaN
2009-07-01T12:00:00Z,0.0,20.125,356.125,NaN,NaN
2009-07-01T12:00:00Z,0.0,24.125,0.125,NaN,NaN
2009-07-01T12:00:00Z,0.0,24.125,4.125,NaN,NaN
2009-07-01T12:00:00Z,0.0,24.125,8.125,NaN,NaN
2009-07-01T12:00:00Z,0.0,24.125,12.125,NaN,NaN
2009-07-01T12:00:00Z,0.0,24.125,16.125,NaN,NaN
2009-07-01T12:00:00Z,0.0,24.125,20.125,NaN,NaN
2009-07-01T12:00:00Z,0.0,24.125,24.125,NaN,NaN
2009-07-01T12:00:00Z,0.0,24.125,28.125,NaN,NaN
2009-07-01T12:00:00Z,0.0,24.125,32.125,NaN,NaN
2009-07-01T12:00:00Z,0.0,24.125,36.125,28.41,-0.24
2009-07-01T12:00:00Z,0.0,24.125,40.125,NaN,NaN
2009-07-01T12:00:00Z,0.0,24.125,44.125,NaN,NaN
2009-07-01T12:00:00Z,0.0,24.125,48.125,NaN,NaN
2009-07-01T12:00:00Z,0.0,24.125,52.125,32.37,1.73
2009-07-01T12:00:00Z,0.0,24.125,56.125,NaN,NaN
2009-07-01T12:00:00Z,0.0,24.125,60.125,30.92,0.81
2009-07-01T12:00:00Z,0.0,24.125,64.125,28.8,-0.13
2009-07-01T12:00:00Z,0.0,24.125,68.125,NaN,NaN
2009-07-01T12:00:00Z,0.0,24.125,72.125,NaN,NaN
2009-07-01T12:00:00Z,0.0,24.125,76.125,NaN,NaN
2009-07-01T12:00:00Z,0.0,24.125,80.125,NaN,NaN
2009-07-01T12:00:00Z,0.0,24.125,84.125,NaN,NaN
2009-07-01T12:00:00Z,0.0,24.125,88.125,NaN,NaN
2009-07-01T12:00:00Z,0.0,24.125,92.125,NaN,NaN
2009-07-01T12:00:00Z,0.0,24.125,96.125,NaN,NaN
2009-07-01T12:00:00Z,0.0,24.125,100.125,NaN,NaN
2009-07-01T12:00:00Z,0.0,24.125,104.125,NaN,NaN
2009-07-01T12:00:00Z,0.0,24.125,108.125,NaN,NaN
2009-07-01T12:00:00Z,0.0,24.125,112.125,NaN,NaN
2009-07-01T12:00:00Z,0.0,24.125,116.125,NaN,NaN
2009-07-01T12:00:00Z,0.0,24.125,120.125,27.75,0.07
2009-07-01T12:00:00Z,0.0,24.125,124.125,29.2,0.53
2009-07-01T12:00:00Z,0.0,24.125,128.125,28.81,0.42
2009-07-01T12:00:00Z,0.0,24.125,132.125,28.66,0.31
2009-07-01T12:00:00Z,0.0,24.125,136.125,29.51,0.93
2009-07-01T12:00:00Z,0.0,24.125,140.125,29.32,0.9
2009-07-01T12:00:00Z,0.0,24.125,144.125,30.49,2.02
2009-07-01T12:00:00Z,0.0,24.125,148.125,30.18,1.63
2009-07-01T12:00:00Z,0.0,24.125,152.125,29.77,1.35
2009-07-01T12:00:00Z,0.0,24.125,156.125,29.3,0.98
2009-07-01T12:00:00Z,0.0,24.125,160.125,27.95,-0.07
2009-07-01T12:00:00Z,0.0,24.125,164.125,28.44,0.63
2009-07-01T12:00:00Z,0.0,24.125,168.125,27.6,-0.01
2009-07-01T12:00:00Z,0.0,24.125,172.125,27.62,0.23
2009-07-01T12:00:00Z,0.0,24.125,176.125,27.75,0.67
2009-07-01T12:00:00Z,0.0,24.125,180.125,27.34,0.51
2009-07-01T12:00:00Z,0.0,24.125,184.125,27.62,1.0
2009-07-01T12:00:00Z,0.0,24.125,188.125,27.34,1.05
2009-07-01T12:00:00Z,0.0,24.125,192.125,26.63,0.71
2009-07-01T12:00:00Z,0.0,24.125,196.125,26.8,1.18
2009-07-01T12:00:00Z,0.0,24.125,200.125,26.42,1.16
2009-07-01T12:00:00Z,0.0,24.125,204.125,25.69,0.81
2009-07-01T12:00:00Z,0.0,24.125,208.125,24.53,0.07
2009-07-01T12:00:00Z,0.0,24.125,212.125,23.83,-0.15
2009-07-01T12:00:00Z,0.0,24.125,216.125,23.59,0.17
2009-07-01T12:00:00Z,0.0,24.125,220.125,22.79,0.02
2009-07-01T12:00:00Z,0.0,24.125,224.125,22.32,0.17
2009-07-01T12:00:00Z,0.0,24.125,228.125,22.33,0.71
2009-07-01T12:00:00Z,0.0,24.125,232.125,21.56,0.48
2009-07-01T12:00:00Z,0.0,24.125,236.125,22.09,1.27
2009-07-01T12:00:00Z,0.0,24.125,240.125,21.51,0.63
2009-07-01T12:00:00Z,0.0,24.125,244.125,20.47,-0.44
2009-07-01T12:00:00Z,0.0,24.125,248.125,18.55,-4.08
2009-07-01T12:00:00Z,0.0,24.125,252.125,26.99,-1.29
2009-07-01T12:00:00Z,0.0,24.125,256.125,NaN,NaN
2009-07-01T12:00:00Z,0.0,24.125,260.125,NaN,NaN
2009-07-01T12:00:00Z,0.0,24.125,264.125,29.55,0.95
2009-07-01T12:00:00Z,0.0,24.125,268.125,29.83,1.16
2009-07-01T12:00:00Z,0.0,24.125,272.125,28.93,0.28
2009-07-01T12:00:00Z,0.0,24.125,276.125,28.68,-0.18
2009-07-01T12:00:00Z,0.0,24.125,280.125,28.85,-0.07
2009-07-01T12:00:00Z,0.0,24.125,284.125,28.37,0.05
2009-07-01T12:00:00Z,0.0,24.125,288.125,27.9,0.05
2009-07-01T12:00:00Z,0.0,24.125,292.125,27.61,-0.19
2009-07-01T12:00:00Z,0.0,24.125,296.125,27.98,0.32
2009-07-01T12:00:00Z,0.0,24.125,300.125,27.35,-0.06
2009-07-01T12:00:00Z,0.0,24.125,304.125,28.01,0.99
2009-07-01T12:00:00Z,0.0,24.125,308.125,28.21,1.59
2009-07-01T12:00:00Z,0.0,24.125,312.125,27.24,1.02
2009-07-01T12:00:00Z,0.0,24.125,316.125,26.87,1.14
2009-07-01T12:00:00Z,0.0,24.125,320.125,26.21,0.97
2009-07-01T12:00:00Z,0.0,24.125,324.125,25.53,0.8
2009-07-01T12:00:00Z,0.0,24.125,328.125,24.87,0.65
2009-07-01T12:00:00Z,0.0,24.125,332.125,24.49,0.84
2009-07-01T12:00:00Z,0.0,24.125,336.125,24.03,1.0
2009-07-01T12:00:00Z,0.0,24.125,340.125,22.91,0.66
2009-07-01T12:00:00Z,0.0,24.125,344.125,19.94,-0.31
2009-07-01T12:00:00Z,0.0,24.125,348.125,NaN,NaN
2009-07-01T12:00:00Z,0.0,24.125,352.125,NaN,NaN
2009-07-01T12:00:00Z,0.0,24.125,356.125,NaN,NaN
2009-07-01T12:00:00Z,0.0,28.125,0.125,NaN,NaN
2009-07-01T12:00:00Z,0.0,28.125,4.125,NaN,NaN
2009-07-01T12:00:00Z,0.0,28.125,8.125,NaN,NaN
2009-07-01T12:00:00Z,0.0,28.125,12.125,NaN,NaN
2009-07-01T12:00:00Z,0.0,28.125,16.125,NaN,NaN
2009-07-01T12:00:00Z,0.0,28.125,20.125,NaN,NaN
2009-07-01T12:00:00Z,0.0,28.125,24.125,NaN,NaN
2009-07-01T12:00:00Z,0.0,28.125,28.125,NaN,NaN
2009-07-01T12:00:00Z,0.0,28.125,32.125,NaN,NaN
2009-07-01T12:00:00Z,0.0,28.125,36.125,NaN,NaN
2009-07-01T12:00:00Z,0.0,28.125,40.125,NaN,NaN
2009-07-01T12:00:00Z,0.0,28.125,44.125,NaN,NaN
2009-07-01T12:00:00Z,0.0,28.125,48.125,NaN,NaN
2009-07-01T12:00:00Z,0.0,28.125,52.125,NaN,NaN
2009-07-01T12:00:00Z,0.0,28.125,56.125,NaN,NaN
2009-07-01T12:00:00Z,0.0,28.125,60.125,NaN,NaN
2009-07-01T12:00:00Z,0.0,28.125,64.125,NaN,NaN
2009-07-01T12:00:00Z,0.0,28.125,68.125,NaN,NaN
2009-07-01T12:00:00Z,0.0,28.125,72.125,NaN,NaN
2009-07-01T12:00:00Z,0.0,28.125,76.125,NaN,NaN
2009-07-01T12:00:00Z,0.0,28.125,80.125,NaN,NaN
2009-07-01T12:00:00Z,0.0,28.125,84.125,NaN,NaN
2009-07-01T12:00:00Z,0.0,28.125,88.125,NaN,NaN
2009-07-01T12:00:00Z,0.0,28.125,92.125,NaN,NaN
2009-07-01T12:00:00Z,0.0,28.125,96.125,NaN,NaN
2009-07-01T12:00:00Z,0.0,28.125,100.125,NaN,NaN
2009-07-01T12:00:00Z,0.0,28.125,104.125,NaN,NaN
2009-07-01T12:00:00Z,0.0,28.125,108.125,NaN,NaN
2009-07-01T12:00:00Z,0.0,28.125,112.125,NaN,NaN
2009-07-01T12:00:00Z,0.0,28.125,116.125,NaN,NaN
2009-07-01T12:00:00Z,0.0,28.125,120.125,NaN,NaN
2009-07-01T12:00:00Z,0.0,28.125,124.125,26.35,-0.14
2009-07-01T12:00:00Z,0.0,28.125,128.125,26.45,-0.98
2009-07-01T12:00:00Z,0.0,28.125,132.125,26.7,-0.17
2009-07-01T12:00:00Z,0.0,28.125,136.125,26.81,0.34
2009-07-01T12:00:00Z,0.0,28.125,140.125,27.39,1.17
2009-07-01T12:00:00Z,0.0,28.125,144.125,28.39,1.85
2009-07-01T12:00:00Z,0.0,28.125,148.125,28.35,1.48
2009-07-01T12:00:00Z,0.0,28.125,152.125,27.46,0.64
2009-07-01T12:00:00Z,0.0,28.125,156.125,26.54,-0.24
2009-07-01T12:00:00Z,0.0,28.125,160.125,25.18,-1.44
2009-07-01T12:00:00Z,0.0,28.125,164.125,26.11,-0.42
2009-07-01T12:00:00Z,0.0,28.125,168.125,26.14,-0.11
2009-07-01T12:00:00Z,0.0,28.125,172.125,25.79,-0.21
2009-07-01T12:00:00Z,0.0,28.125,176.125,26.22,0.36
2009-07-01T12:00:00Z,0.0,28.125,180.125,26.52,0.94
2009-07-01T12:00:00Z,0.0,28.125,184.125,26.04,0.68
2009-07-01T12:00:00Z,0.0,28.125,188.125,25.98,0.84
2009-07-01T12:00:00Z,0.0,28.125,192.125,26.02,1.08
2009-07-01T12:00:00Z,0.0,28.125,196.125,25.85,1.15
2009-07-01T12:00:00Z,0.0,28.125,200.125,25.49,1.1
2009-07-01T12:00:00Z,0.0,28.125,204.125,25.04,1.03
2009-07-01T12:00:00Z,0.0,28.125,208.125,24.46,0.9
2009-07-01T12:00:00Z,0.0,28.125,212.125,23.74,0.73
2009-07-01T12:00:00Z,0.0,28.125,216.125,23.76,1.41
2009-07-01T12:00:00Z,0.0,28.125,220.125,21.63,0.02
2009-07-01T12:00:00Z,0.0,28.125,224.125,20.68,-0.19
2009-07-01T12:00:00Z,0.0,28.125,228.125,19.93,-0.37
2009-07-01T12:00:00Z,0.0,28.125,232.125,19.53,-0.11
2009-07-01T12:00:00Z,0.0,28.125,236.125,18.88,-0.22
2009-07-01T12:00:00Z,0.0,28.125,240.125,19.71,0.97
2009-07-01T12:00:00Z,0.0,28.125,244.125,17.68,-0.57
2009-07-01T12:00:00Z,0.0,28.125,248.125,26.03,-0.74
2009-07-01T12:00:00Z,0.0,28.125,252.125,NaN,NaN
2009-07-01T12:00:00Z,0.0,28.125,256.125,NaN,NaN
2009-07-01T12:00:00Z,0.0,28.125,260.125,NaN,NaN
2009-07-01T12:00:00Z,0.0,28.125,264.125,29.14,0.69
2009-07-01T12:00:00Z,0.0,28.125,268.125,29.85,1.05
2009-07-01T12:00:00Z,0.0,28.125,272.125,29.38,0.74
2009-07-01T12:00:00Z,0.0,28.125,276.125,28.82,0.38
2009-07-01T12:00:00Z,0.0,28.125,280.125,27.23,-1.15
2009-07-01T12:00:00Z,0.0,28.125,284.125,27.28,-0.15
2009-07-01T12:00:00Z,0.0,28.125,288.125,26.72,-0.55
2009-07-01T12:00:00Z,0.0,28.125,292.125,25.78,-1.3
2009-07-01T12:00:00Z,0.0,28.125,296.125,25.35,-1.71
2009-07-01T12:00:00Z,0.0,28.125,300.125,25.93,-0.96
2009-07-01T12:00:00Z,0.0,28.125,304.125,27.29,0.65
2009-07-01T12:00:00Z,0.0,28.125,308.125,27.29,1.05
2009-07-01T12:00:00Z,0.0,28.125,312.125,27.3,1.46
2009-07-01T12:00:00Z,0.0,28.125,316.125,26.71,1.32
2009-07-01T12:00:00Z,0.0,28.125,320.125,26.32,1.35
2009-07-01T12:00:00Z,0.0,28.125,324.125,25.62,1.22
2009-07-01T12:00:00Z,0.0,28.125,328.125,25.04,1.25
2009-07-01T12:00:00Z,0.0,28.125,332.125,24.62,1.48
2009-07-01T12:00:00Z,0.0,28.125,336.125,24.02,1.55
2009-07-01T12:00:00Z,0.0,28.125,340.125,23.87,1.84
2009-07-01T12:00:00Z,0.0,28.125,344.125,23.31,1.96
2009-07-01T12:00:00Z,0.0,28.125,348.125,NaN,NaN
2009-07-01T12:00:00Z,0.0,28.125,352.125,NaN,NaN
2009-07-01T12:00:00Z,0.0,28.125,356.125,NaN,NaN
2009-07-01T12:00:00Z,0.0,32.125,0.125,NaN,NaN
2009-07-01T12:00:00Z,0.0,32.125,4.125,NaN,NaN
2009-07-01T12:00:00Z,0.0,32.125,8.125,NaN,NaN
2009-07-01T12:00:00Z,0.0,32.125,12.125,NaN,NaN
2009-07-01T12:00:00Z,0.0,32.125,16.125,26.09,2.41
2009-07-01T12:00:00Z,0.0,32.125,20.125,NaN,NaN
2009-07-01T12:00:00Z,0.0,32.125,24.125,24.86,1.27
2009-07-01T12:00:00Z,0.0,32.125,28.125,25.22,1.35
2009-07-01T12:00:00Z,0.0,32.125,32.125,26.58,1.91
2009-07-01T12:00:00Z,0.0,32.125,36.125,NaN,NaN
2009-07-01T12:00:00Z,0.0,32.125,40.125,NaN,NaN
2009-07-01T12:00:00Z,0.0,32.125,44.125,NaN,NaN
2009-07-01T12:00:00Z,0.0,32.125,48.125,NaN,NaN
2009-07-01T12:00:00Z,0.0,32.125,52.125,NaN,NaN
2009-07-01T12:00:00Z,0.0,32.125,56.125,NaN,NaN
2009-07-01T12:00:00Z,0.0,32.125,60.125,NaN,NaN
2009-07-01T12:00:00Z,0.0,32.125,64.125,NaN,NaN
2009-07-01T12:00:00Z,0.0,32.125,68.125,NaN,NaN
2009-07-01T12:00:00Z,0.0,32.125,72.125,NaN,NaN
2009-07-01T12:00:00Z,0.0,32.125,76.125,NaN,NaN
2009-07-01T12:00:00Z,0.0,32.125,80.125,NaN,NaN
2009-07-01T12:00:00Z,0.0,32.125,84.125,NaN,NaN
2009-07-01T12:00:00Z,0.0,32.125,88.125,NaN,NaN
2009-07-01T12:00:00Z,0.0,32.125,92.125,NaN,NaN
2009-07-01T12:00:00Z,0.0,32.125,96.125,NaN,NaN
2009-07-01T12:00:00Z,0.0,32.125,100.125,NaN,NaN
2009-07-01T12:00:00Z,0.0,32.125,104.125,NaN,NaN
2009-07-01T12:00:00Z,0.0,32.125,108.125,NaN,NaN
2009-07-01T12:00:00Z,0.0,32.125,112.125,NaN,NaN
2009-07-01T12:00:00Z,0.0,32.125,116.125,NaN,NaN
2009-07-01T12:00:00Z,0.0,32.125,120.125,NaN,NaN
2009-07-01T12:00:00Z,0.0,32.125,124.125,21.78,-0.92
2009-07-01T12:00:00Z,0.0,32.125,128.125,23.12,-0.99
2009-07-01T12:00:00Z,0.0,32.125,132.125,25.46,0.01
2009-07-01T12:00:00Z,0.0,32.125,136.125,24.62,-0.62
2009-07-01T12:00:00Z,0.0,32.125,140.125,25.8,0.98
2009-07-01T12:00:00Z,0.0,32.125,144.125,23.65,-0.62
2009-07-01T12:00:00Z,0.0,32.125,148.125,24.04,0.05
2009-07-01T12:00:00Z,0.0,32.125,152.125,24.99,1.06
2009-07-01T12:00:00Z,0.0,32.125,156.125,23.79,0.1
2009-07-01T12:00:00Z,0.0,32.125,160.125,23.17,-0.37
2009-07-01T12:00:00Z,0.0,32.125,164.125,23.24,-0.51
2009-07-01T12:00:00Z,0.0,32.125,168.125,22.23,-1.39
2009-07-01T12:00:00Z,0.0,32.125,172.125,23.56,0.2
2009-07-01T12:00:00Z,0.0,32.125,176.125,24.68,1.42
2009-07-01T12:00:00Z,0.0,32.125,180.125,24.98,1.68
2009-07-01T12:00:00Z,0.0,32.125,184.125,24.79,1.72
2009-07-01T12:00:00Z,0.0,32.125,188.125,24.01,0.85
2009-07-01T12:00:00Z,0.0,32.125,192.125,24.07,1.05
2009-07-01T12:00:00Z,0.0,32.125,196.125,23.65,0.99
2009-07-01T12:00:00Z,0.0,32.125,200.125,24.32,1.87
2009-07-01T12:00:00Z,0.0,32.125,204.125,24.03,1.74
2009-07-01T12:00:00Z,0.0,32.125,208.125,23.55,1.65
2009-07-01T12:00:00Z,0.0,32.125,212.125,22.9,1.47
2009-07-01T12:00:00Z,0.0,32.125,216.125,22.26,1.34
2009-07-01T12:00:00Z,0.0,32.125,220.125,20.84,0.56
2009-07-01T12:00:00Z,0.0,32.125,224.125,19.45,-0.21
2009-07-01T12:00:00Z,0.0,32.125,228.125,18.6,-0.3
2009-07-01T12:00:00Z,0.0,32.125,232.125,17.42,-0.49
2009-07-01T12:00:00Z,0.0,32.125,236.125,17.04,0.13
2009-07-01T12:00:00Z,0.0,32.125,240.125,16.44,-0.34
2009-07-01T12:00:00Z,0.0,32.125,244.125,NaN,NaN
2009-07-01T12:00:00Z,0.0,32.125,248.125,NaN,NaN
2009-07-01T12:00:00Z,0.0,32.125,252.125,NaN,NaN
2009-07-01T12:00:00Z,0.0,32.125,256.125,NaN,NaN
2009-07-01T12:00:00Z,0.0,32.125,260.125,NaN,NaN
2009-07-01T12:00:00Z,0.0,32.125,264.125,NaN,NaN
2009-07-01T12:00:00Z,0.0,32.125,268.125,NaN,NaN
2009-07-01T12:00:00Z,0.0,32.125,272.125,NaN,NaN
2009-07-01T12:00:00Z,0.0,32.125,276.125,NaN,NaN
2009-07-01T12:00:00Z,0.0,32.125,280.125,27.99,0.61
2009-07-01T12:00:00Z,0.0,32.125,284.125,28.41,1.18
2009-07-01T12:00:00Z,0.0,32.125,288.125,25.51,-0.27
2009-07-01T12:00:00Z,0.0,32.125,292.125,24.9,-0.62
2009-07-01T12:00:00Z,0.0,32.125,296.125,24.68,-0.83
2009-07-01T12:00:00Z,0.0,32.125,300.125,23.88,-1.46
2009-07-01T12:00:00Z,0.0,32.125,304.125,25.12,-0.11
2009-07-01T12:00:00Z,0.0,32.125,308.125,26.17,1.16
2009-07-01T12:00:00Z,0.0,32.125,312.125,26.09,1.32
2009-07-01T12:00:00Z,0.0,32.125,316.125,25.39,0.92
2009-07-01T12:00:00Z,0.0,32.125,320.125,24.52,0.45
2009-07-01T12:00:00Z,0.0,32.125,324.125,23.91,0.18
2009-07-01T12:00:00Z,0.0,32.125,328.125,23.62,0.39
2009-07-01T12:00:00Z,0.0,32.125,332.125,23.37,0.84
2009-07-01T12:00:00Z,0.0,32.125,336.125,23.09,1.12
2009-07-01T12:00:00Z,0.0,32.125,340.125,22.44,1.11
2009-07-01T12:00:00Z,0.0,32.125,344.125,23.43,2.67
2009-07-01T12:00:00Z,0.0,32.125,348.125,23.42,3.09
2009-07-01T12:00:00Z,0.0,32.125,352.125,NaN,NaN
2009-07-01T12:00:00Z,0.0,32.125,356.125,NaN,NaN
2009-07-01T12:00:00Z,0.0,36.125,0.125,23.99,2.28
2009-07-01T12:00:00Z,0.0,36.125,4.125,NaN,NaN
2009-07-01T12:00:00Z,0.0,36.125,8.125,NaN,NaN
2009-07-01T12:00:00Z,0.0,36.125,12.125,23.68,1.2
2009-07-01T12:00:00Z,0.0,36.125,16.125,23.75,0.36
2009-07-01T12:00:00Z,0.0,36.125,20.125,23.78,0.45
2009-07-01T12:00:00Z,0.0,36.125,24.125,23.67,1.14
2009-07-01T12:00:00Z,0.0,36.125,28.125,24.81,1.72
2009-07-01T12:00:00Z,0.0,36.125,32.125,27.47,2.56
2009-07-01T12:00:00Z,0.0,36.125,36.125,NaN,NaN
2009-07-01T12:00:00Z,0.0,36.125,40.125,NaN,NaN
2009-07-01T12:00:00Z,0.0,36.125,44.125,NaN,NaN
2009-07-01T12:00:00Z,0.0,36.125,48.125,NaN,NaN
2009-07-01T12:00:00Z,0.0,36.125,52.125,NaN,NaN
2009-07-01T12:00:00Z,0.0,36.125,56.125,NaN,NaN
2009-07-01T12:00:00Z,0.0,36.125,60.125,NaN,NaN
2009-07-01T12:00:00Z,0.0,36.125,64.125,NaN,NaN
2009-07-01T12:00:00Z,0.0,36.125,68.125,NaN,NaN
2009-07-01T12:00:00Z,0.0,36.125,72.125,NaN,NaN
2009-07-01T12:00:00Z,0.0,36.125,76.125,NaN,NaN
2009-07-01T12:00:00Z,0.0,36.125,80.125,NaN,NaN
2009-07-01T12:00:00Z,0.0,36.125,84.125,NaN,NaN
2009-07-01T12:00:00Z,0.0,36.125,88.125,NaN,NaN
2009-07-01T12:00:00Z,0.0,36.125,92.125,NaN,NaN
2009-07-01T12:00:00Z,0.0,36.125,96.125,NaN,NaN
2009-07-01T12:00:00Z,0.0,36.125,100.125,NaN,NaN
2009-07-01T12:00:00Z,0.0,36.125,104.125,NaN,NaN
2009-07-01T12:00:00Z,0.0,36.125,108.125,NaN,NaN
2009-07-01T12:00:00Z,0.0,36.125,112.125,NaN,NaN
2009-07-01T12:00:00Z,0.0,36.125,116.125,NaN,NaN
2009-07-01T12:00:00Z,0.0,36.125,120.125,NaN,NaN
2009-07-01T12:00:00Z,0.0,36.125,124.125,20.76,-0.31
2009-07-01T12:00:00Z,0.0,36.125,128.125,NaN,NaN
2009-07-01T12:00:00Z,0.0,36.125,132.125,20.4,-0.87
2009-07-01T12:00:00Z,0.0,36.125,136.125,23.37,2.1
2009-07-01T12:00:00Z,0.0,36.125,140.125,NaN,NaN
2009-07-01T12:00:00Z,0.0,36.125,144.125,24.2,2.01
2009-07-01T12:00:00Z,0.0,36.125,148.125,22.25,0.27
2009-07-01T12:00:00Z,0.0,36.125,152.125,22.07,0.55
2009-07-01T12:00:00Z,0.0,36.125,156.125,20.34,-0.33
2009-07-01T12:00:00Z,0.0,36.125,160.125,21.25,0.93
2009-07-01T12:00:00Z,0.0,36.125,164.125,21.07,1.03
2009-07-01T12:00:00Z,0.0,36.125,168.125,20.55,0.76
2009-07-01T12:00:00Z,0.0,36.125,172.125,20.24,0.66
2009-07-01T12:00:00Z,0.0,36.125,176.125,20.3,0.84
2009-07-01T12:00:00Z,0.0,36.125,180.125,18.31,-1.57
2009-07-01T12:00:00Z,0.0,36.125,184.125,20.13,0.44
2009-07-01T12:00:00Z,0.0,36.125,188.125,18.87,-0.92
2009-07-01T12:00:00Z,0.0,36.125,192.125,18.03,-1.79
2009-07-01T12:00:00Z,0.0,36.125,196.125,19.45,-0.32
2009-07-01T12:00:00Z,0.0,36.125,200.125,20.0,0.34
2009-07-01T12:00:00Z,0.0,36.125,204.125,19.53,-0.07
2009-07-01T12:00:00Z,0.0,36.125,208.125,20.86,1.43
2009-07-01T12:00:00Z,0.0,36.125,212.125,21.47,2.29
2009-07-01T12:00:00Z,0.0,36.125,216.125,20.6,1.66
2009-07-01T12:00:00Z,0.0,36.125,220.125,19.6,0.96
2009-07-01T12:00:00Z,0.0,36.125,224.125,18.35,0.09
2009-07-01T12:00:00Z,0.0,36.125,228.125,17.74,0.3
2009-07-01T12:00:00Z,0.0,36.125,232.125,16.03,-0.27
2009-07-01T12:00:00Z,0.0,36.125,236.125,15.08,0.6
2009-07-01T12:00:00Z,0.0,36.125,240.125,NaN,NaN
2009-07-01T12:00:00Z,0.0,36.125,244.125,NaN,NaN
2009-07-01T12:00:00Z,0.0,36.125,248.125,NaN,NaN
2009-07-01T12:00:00Z,0.0,36.125,252.125,NaN,NaN
2009-07-01T12:00:00Z,0.0,36.125,256.125,NaN,NaN
2009-07-01T12:00:00Z,0.0,36.125,260.125,NaN,NaN
2009-07-01T12:00:00Z,0.0,36.125,264.125,NaN,NaN
2009-07-01T12:00:00Z,0.0,36.125,268.125,NaN,NaN
2009-07-01T12:00:00Z,0.0,36.125,272.125,NaN,NaN
2009-07-01T12:00:00Z,0.0,36.125,276.125,NaN,NaN
2009-07-01T12:00:00Z,0.0,36.125,280.125,NaN,NaN
2009-07-01T12:00:00Z,0.0,36.125,284.125,26.8,2.24
2009-07-01T12:00:00Z,0.0,36.125,288.125,26.52,1.01
2009-07-01T12:00:00Z,0.0,36.125,292.125,25.22,-0.02
2009-07-01T12:00:00Z,0.0,36.125,296.125,24.91,0.39
2009-07-01T12:00:00Z,0.0,36.125,300.125,24.3,0.36
2009-07-01T12:00:00Z,0.0,36.125,304.125,24.2,0.73
2009-07-01T12:00:00Z,0.0,36.125,308.125,24.42,1.1
2009-07-01T12:00:00Z,0.0,36.125,312.125,24.32,1.09
2009-07-01T12:00:00Z,0.0,36.125,316.125,24.65,1.55
2009-07-01T12:00:00Z,0.0,36.125,320.125,22.28,-0.57
2009-07-01T12:00:00Z,0.0,36.125,324.125,21.38,-1.05
2009-07-01T12:00:00Z,0.0,36.125,328.125,21.18,-0.75
2009-07-01T12:00:00Z,0.0,36.125,332.125,20.48,-0.91
2009-07-01T12:00:00Z,0.0,36.125,336.125,21.57,0.65
2009-07-01T12:00:00Z,0.0,36.125,340.125,20.47,0.11
2009-07-01T12:00:00Z,0.0,36.125,344.125,21.18,1.48
2009-07-01T12:00:00Z,0.0,36.125,348.125,21.99,2.44
2009-07-01T12:00:00Z,0.0,36.125,352.125,22.58,2.24
2009-07-01T12:00:00Z,0.0,36.125,356.125,22.08,1.36
2009-07-01T12:00:00Z,0.0,40.125,0.125,25.97,3.44
2009-07-01T12:00:00Z,0.0,40.125,4.125,24.96,3.16
2009-07-01T12:00:00Z,0.0,40.125,8.125,23.37,1.63
2009-07-01T12:00:00Z,0.0,40.125,12.125,24.01,1.29
2009-07-01T12:00:00Z,0.0,40.125,16.125,NaN,NaN
2009-07-01T12:00:00Z,0.0,40.125,20.125,NaN,NaN
2009-07-01T12:00:00Z,0.0,40.125,24.125,24.76,2.01
2009-07-01T12:00:00Z,0.0,40.125,28.125,NaN,NaN
2009-07-01T12:00:00Z,0.0,40.125,32.125,NaN,NaN
2009-07-01T12:00:00Z,0.0,40.125,36.125,NaN,NaN
2009-07-01T12:00:00Z,0.0,40.125,40.125,NaN,NaN
2009-07-01T12:00:00Z,0.0,40.125,44.125,NaN,NaN
2009-07-01T12:00:00Z,0.0,40.125,48.125,NaN,NaN
2009-07-01T12:00:00Z,0.0,40.125,52.125,21.77,-0.99
2009-07-01T12:00:00Z,0.0,40.125,56.125,NaN,NaN
2009-07-01T12:00:00Z,0.0,40.125,60.125,NaN,NaN
2009-07-01T12:00:00Z,0.0,40.125,64.125,NaN,NaN
2009-07-01T12:00:00Z,0.0,40.125,68.125,NaN,NaN
2009-07-01T12:00:00Z,0.0,40.125,72.125,NaN,NaN
2009-07-01T12:00:00Z,0.0,40.125,76.125,NaN,NaN
2009-07-01T12:00:00Z,0.0,40.125,80.125,NaN,NaN
2009-07-01T12:00:00Z,0.0,40.125,84.125,NaN,NaN
2009-07-01T12:00:00Z,0.0,40.125,88.125,NaN,NaN
2009-07-01T12:00:00Z,0.0,40.125,92.125,NaN,NaN
2009-07-01T12:00:00Z,0.0,40.125,96.125,NaN,NaN
2009-07-01T12:00:00Z,0.0,40.125,100.125,NaN,NaN
2009-07-01T12:00:00Z,0.0,40.125,104.125,NaN,NaN
2009-07-01T12:00:00Z,0.0,40.125,108.125,NaN,NaN
2009-07-01T12:00:00Z,0.0,40.125,112.125,NaN,NaN
2009-07-01T12:00:00Z,0.0,40.125,116.125,NaN,NaN
2009-07-01T12:00:00Z,0.0,40.125,120.125,21.18,1.5
2009-07-01T12:00:00Z,0.0,40.125,124.125,NaN,NaN
2009-07-01T12:00:00Z,0.0,40.125,128.125,NaN,NaN
2009-07-01T12:00:00Z,0.0,40.125,132.125,17.57,-0.44
2009-07-01T12:00:00Z,0.0,40.125,136.125,18.09,0.08
2009-07-01T12:00:00Z,0.0,40.125,140.125,NaN,NaN
2009-07-01T12:00:00Z,0.0,40.125,144.125,15.44,-0.31
2009-07-01T12:00:00Z,0.0,40.125,148.125,15.21,-1.06
2009-07-01T12:00:00Z,0.0,40.125,152.125,16.39,-0.14
2009-07-01T12:00:00Z,0.0,40.125,156.125,16.19,0.61
2009-07-01T12:00:00Z,0.0,40.125,160.125,15.87,0.97
2009-07-01T12:00:00Z,0.0,40.125,164.125,17.08,2.29
2009-07-01T12:00:00Z,0.0,40.125,168.125,15.26,0.34
2009-07-01T12:00:00Z,0.0,40.125,172.125,17.13,2.3
2009-07-01T12:00:00Z,0.0,40.125,176.125,16.13,1.13
2009-07-01T12:00:00Z,0.0,40.125,180.125,15.93,0.84
2009-07-01T12:00:00Z,0.0,40.125,184.125,17.0,1.82
2009-07-01T12:00:00Z,0.0,40.125,188.125,16.17,1.05
2009-07-01T12:00:00Z,0.0,40.125,192.125,14.76,-0.49
2009-07-01T12:00:00Z,0.0,40.125,196.125,16.37,0.94
2009-07-01T12:00:00Z,0.0,40.125,200.125,15.92,0.46
2009-07-01T12:00:00Z,0.0,40.125,204.125,15.6,0.02
2009-07-01T12:00:00Z,0.0,40.125,208.125,16.08,0.32
2009-07-01T12:00:00Z,0.0,40.125,212.125,16.75,0.84
2009-07-01T12:00:00Z,0.0,40.125,216.125,17.22,1.19
2009-07-01T12:00:00Z,0.0,40.125,220.125,16.17,0.0
2009-07-01T12:00:00Z,0.0,40.125,224.125,17.15,1.06
2009-07-01T12:00:00Z,0.0,40.125,228.125,15.89,0.26
2009-07-01T12:00:00Z,0.0,40.125,232.125,14.4,-0.66
2009-07-01T12:00:00Z,0.0,40.125,236.125,NaN,NaN
2009-07-01T12:00:00Z,0.0,40.125,240.125,NaN,NaN
2009-07-01T12:00:00Z,0.0,40.125,244.125,NaN,NaN
2009-07-01T12:00:00Z,0.0,40.125,248.125,NaN,NaN
2009-07-01T12:00:00Z,0.0,40.125,252.125,NaN,NaN
2009-07-01T12:00:00Z,0.0,40.125,256.125,NaN,NaN
2009-07-01T12:00:00Z,0.0,40.125,260.125,NaN,NaN
2009-07-01T12:00:00Z,0.0,40.125,264.125,NaN,NaN
2009-07-01T12:00:00Z,0.0,40.125,268.125,NaN,NaN
2009-07-01T12:00:00Z,0.0,40.125,272.125,NaN,NaN
2009-07-01T12:00:00Z,0.0,40.125,276.125,NaN,NaN
2009-07-01T12:00:00Z,0.0,40.125,280.125,NaN,NaN
2009-07-01T12:00:00Z,0.0,40.125,284.125,NaN,NaN
2009-07-01T12:00:00Z,0.0,40.125,288.125,18.59,-0.59
2009-07-01T12:00:00Z,0.0,40.125,292.125,23.96,4.96
2009-07-01T12:00:00Z,0.0,40.125,296.125,24.6,2.53
2009-07-01T12:00:00Z,0.0,40.125,300.125,25.18,2.28
2009-07-01T12:00:00Z,0.0,40.125,304.125,23.95,1.18
2009-07-01T12:00:00Z,0.0,40.125,308.125,23.51,1.44
2009-07-01T12:00:00Z,0.0,40.125,312.125,17.47,-4.05
2009-07-01T12:00:00Z,0.0,40.125,316.125,21.91,0.52
2009-07-01T12:00:00Z,0.0,40.125,320.125,20.11,-0.76
2009-07-01T12:00:00Z,0.0,40.125,324.125,19.51,-1.25
2009-07-01T12:00:00Z,0.0,40.125,328.125,18.91,-1.41
2009-07-01T12:00:00Z,0.0,40.125,332.125,19.0,-0.74
2009-07-01T12:00:00Z,0.0,40.125,336.125,19.12,-0.35
2009-07-01T12:00:00Z,0.0,40.125,340.125,18.27,-0.68
2009-07-01T12:00:00Z,0.0,40.125,344.125,19.05,0.61
2009-07-01T12:00:00Z,0.0,40.125,348.125,18.7,0.57
2009-07-01T12:00:00Z,0.0,40.125,352.125,NaN,NaN
2009-07-01T12:00:00Z,0.0,40.125,356.125,NaN,NaN
2009-07-01T12:00:00Z,0.0,44.125,0.125,NaN,NaN
2009-07-01T12:00:00Z,0.0,44.125,4.125,NaN,NaN
2009-07-01T12:00:00Z,0.0,44.125,8.125,NaN,NaN
2009-07-01T12:00:00Z,0.0,44.125,12.125,NaN,NaN
2009-07-01T12:00:00Z,0.0,44.125,16.125,NaN,NaN
2009-07-01T12:00:00Z,0.0,44.125,20.125,NaN,NaN
2009-07-01T12:00:00Z,0.0,44.125,24.125,NaN,NaN
2009-07-01T12:00:00Z,0.0,44.125,28.125,NaN,NaN
2009-07-01T12:00:00Z,0.0,44.125,32.125,24.7,3.8
2009-07-01T12:00:00Z,0.0,44.125,36.125,25.65,4.08
2009-07-01T12:00:00Z,0.0,44.125,40.125,NaN,NaN
2009-07-01T12:00:00Z,0.0,44.125,44.125,NaN,NaN
2009-07-01T12:00:00Z,0.0,44.125,48.125,23.67,0.62
2009-07-01T12:00:00Z,0.0,44.125,52.125,NaN,NaN
2009-07-01T12:00:00Z,0.0,44.125,56.125,NaN,NaN
2009-07-01T12:00:00Z,0.0,44.125,60.125,NaN,NaN
2009-07-01T12:00:00Z,0.0,44.125,64.125,NaN,NaN
2009-07-01T12:00:00Z,0.0,44.125,68.125,NaN,NaN
2009-07-01T12:00:00Z,0.0,44.125,72.125,NaN,NaN
2009-07-01T12:00:00Z,0.0,44.125,76.125,NaN,NaN
2009-07-01T12:00:00Z,0.0,44.125,80.125,NaN,NaN
2009-07-01T12:00:00Z,0.0,44.125,84.125,NaN,NaN
2009-07-01T12:00:00Z,0.0,44.125,88.125,NaN,NaN
2009-07-01T12:00:00Z,0.0,44.125,92.125,NaN,NaN
2009-07-01T12:00:00Z,0.0,44.125,96.125,NaN,NaN
2009-07-01T12:00:00Z,0.0,44.125,100.125,NaN,NaN
2009-07-01T12:00:00Z,0.0,44.125,104.125,NaN,NaN
2009-07-01T12:00:00Z,0.0,44.125,108.125,NaN,NaN
2009-07-01T12:00:00Z,0.0,44.125,112.125,NaN,NaN
2009-07-01T12:00:00Z,0.0,44.125,116.125,NaN,NaN
2009-07-01T12:00:00Z,0.0,44.125,120.125,NaN,NaN
2009-07-01T12:00:00Z,0.0,44.125,124.125,NaN,NaN
2009-07-01T12:00:00Z,0.0,44.125,128.125,NaN,NaN
2009-07-01T12:00:00Z,0.0,44.125,132.125,NaN,NaN
2009-07-01T12:00:00Z,0.0,44.125,136.125,10.93,-2.27
2009-07-01T12:00:00Z,0.0,44.125,140.125,15.22,0.37
2009-07-01T12:00:00Z,0.0,44.125,144.125,12.21,1.29
2009-07-01T12:00:00Z,0.0,44.125,148.125,9.12,0.28
2009-07-01T12:00:00Z,0.0,44.125,152.125,7.36,-1.46
2009-07-01T12:00:00Z,0.0,44.125,156.125,9.68,-0.11
2009-07-01T12:00:00Z,0.0,44.125,160.125,10.76,1.16
2009-07-01T12:00:00Z,0.0,44.125,164.125,9.74,0.61
2009-07-01T12:00:00Z,0.0,44.125,168.125,8.34,-0.48
2009-07-01T12:00:00Z,0.0,44.125,172.125,8.46,-0.87
2009-07-01T12:00:00Z,0.0,44.125,176.125,11.0,1.25
2009-07-01T12:00:00Z,0.0,44.125,180.125,10.74,0.81
2009-07-01T12:00:00Z,0.0,44.125,184.125,11.77,1.65
2009-07-01T12:00:00Z,0.0,44.125,188.125,11.63,1.25
2009-07-01T12:00:00Z,0.0,44.125,192.125,13.36,2.58
2009-07-01T12:00:00Z,0.0,44.125,196.125,13.15,2.01
2009-07-01T12:00:00Z,0.0,44.125,200.125,12.63,1.19
2009-07-01T12:00:00Z,0.0,44.125,204.125,11.49,-0.23
2009-07-01T12:00:00Z,0.0,44.125,208.125,13.89,1.79
2009-07-01T12:00:00Z,0.0,44.125,212.125,12.78,0.31
2009-07-01T12:00:00Z,0.0,44.125,216.125,13.55,0.61
2009-07-01T12:00:00Z,0.0,44.125,220.125,12.46,-0.9
2009-07-01T12:00:00Z,0.0,44.125,224.125,13.57,-0.16
2009-07-01T12:00:00Z,0.0,44.125,228.125,14.19,0.26
2009-07-01T12:00:00Z,0.0,44.125,232.125,14.2,-0.33
2009-07-01T12:00:00Z,0.0,44.125,236.125,NaN,NaN
2009-07-01T12:00:00Z,0.0,44.125,240.125,NaN,NaN
2009-07-01T12:00:00Z,0.0,44.125,244.125,NaN,NaN
2009-07-01T12:00:00Z,0.0,44.125,248.125,NaN,NaN
2009-07-01T12:00:00Z,0.0,44.125,252.125,NaN,NaN
2009-07-01T12:00:00Z,0.0,44.125,256.125,NaN,NaN
2009-07-01T12:00:00Z,0.0,44.125,260.125,NaN,NaN
2009-07-01T12:00:00Z,0.0,44.125,264.125,NaN,NaN
2009-07-01T12:00:00Z,0.0,44.125,268.125,NaN,NaN
2009-07-01T12:00:00Z,0.0,44.125,272.125,NaN,NaN
2009-07-01T12:00:00Z,0.0,44.125,276.125,NaN,NaN
2009-07-01T12:00:00Z,0.0,44.125,280.125,NaN,NaN
2009-07-01T12:00:00Z,0.0,44.125,284.125,NaN,NaN
2009-07-01T12:00:00Z,0.0,44.125,288.125,NaN,NaN
2009-07-01T12:00:00Z,0.0,44.125,292.125,9.72,-2.38
2009-07-01T12:00:00Z,0.0,44.125,296.125,13.05,1.29
2009-07-01T12:00:00Z,0.0,44.125,300.125,15.15,2.93
2009-07-01T12:00:00Z,0.0,44.125,304.125,15.64,2.89
2009-07-01T12:00:00Z,0.0,44.125,308.125,12.26,0.29
2009-07-01T12:00:00Z,0.0,44.125,312.125,14.05,1.29
2009-07-01T12:00:00Z,0.0,44.125,316.125,18.12,0.42
2009-07-01T12:00:00Z,0.0,44.125,320.125,17.46,-0.89
2009-07-01T12:00:00Z,0.0,44.125,324.125,17.06,-1.03
2009-07-01T12:00:00Z,0.0,44.125,328.125,16.24,-1.96
2009-07-01T12:00:00Z,0.0,44.125,332.125,16.18,-1.68
2009-07-01T12:00:00Z,0.0,44.125,336.125,16.63,-1.01
2009-07-01T12:00:00Z,0.0,44.125,340.125,17.56,0.19
2009-07-01T12:00:00Z,0.0,44.125,344.125,17.43,0.27
2009-07-01T12:00:00Z,0.0,44.125,348.125,17.37,0.52
2009-07-01T12:00:00Z,0.0,44.125,352.125,18.43,1.52
2009-07-01T12:00:00Z,0.0,44.125,356.125,21.45,3.03
2009-07-01T12:00:00Z,0.0,48.125,0.125,NaN,NaN
2009-07-01T12:00:00Z,0.0,48.125,4.125,NaN,NaN
2009-07-01T12:00:00Z,0.0,48.125,8.125,NaN,NaN
2009-07-01T12:00:00Z,0.0,48.125,12.125,NaN,NaN
2009-07-01T12:00:00Z,0.0,48.125,16.125,NaN,NaN
2009-07-01T12:00:00Z,0.0,48.125,20.125,NaN,NaN
2009-07-01T12:00:00Z,0.0,48.125,24.125,NaN,NaN
2009-07-01T12:00:00Z,0.0,48.125,28.125,NaN,NaN
2009-07-01T12:00:00Z,0.0,48.125,32.125,NaN,NaN
2009-07-01T12:00:00Z,0.0,48.125,36.125,NaN,NaN
2009-07-01T12:00:00Z,0.0,48.125,40.125,NaN,NaN
2009-07-01T12:00:00Z,0.0,48.125,44.125,NaN,NaN
2009-07-01T12:00:00Z,0.0,48.125,48.125,NaN,NaN
2009-07-01T12:00:00Z,0.0,48.125,52.125,NaN,NaN
2009-07-01T12:00:00Z,0.0,48.125,56.125,NaN,NaN
2009-07-01T12:00:00Z,0.0,48.125,60.125,NaN,NaN
2009-07-01T12:00:00Z,0.0,48.125,64.125,NaN,NaN
2009-07-01T12:00:00Z,0.0,48.125,68.125,NaN,NaN
2009-07-01T12:00:00Z,0.0,48.125,72.125,NaN,NaN
2009-07-01T12:00:00Z,0.0,48.125,76.125,NaN,NaN
2009-07-01T12:00:00Z,0.0,48.125,80.125,NaN,NaN
2009-07-01T12:00:00Z,0.0,48.125,84.125,NaN,NaN
2009-07-01T12:00:00Z,0.0,48.125,88.125,NaN,NaN
2009-07-01T12:00:00Z,0.0,48.125,92.125,NaN,NaN
2009-07-01T12:00:00Z,0.0,48.125,96.125,NaN,NaN
2009-07-01T12:00:00Z,0.0,48.125,100.125,NaN,NaN
2009-07-01T12:00:00Z,0.0,48.125,104.125,NaN,NaN
2009-07-01T12:00:00Z,0.0,48.125,108.125,NaN,NaN
2009-07-01T12:00:00Z,0.0,48.125,112.125,NaN,NaN
2009-07-01T12:00:00Z,0.0,48.125,116.125,NaN,NaN
2009-07-01T12:00:00Z,0.0,48.125,120.125,NaN,NaN
2009-07-01T12:00:00Z,0.0,48.125,124.125,NaN,NaN
2009-07-01T12:00:00Z,0.0,48.125,128.125,NaN,NaN
2009-07-01T12:00:00Z,0.0,48.125,132.125,NaN,NaN
2009-07-01T12:00:00Z,0.0,48.125,136.125,NaN,NaN
2009-07-01T12:00:00Z,0.0,48.125,140.125,10.03,-0.97
2009-07-01T12:00:00Z,0.0,48.125,144.125,8.1,-0.79
2009-07-01T12:00:00Z,0.0,48.125,148.125,8.84,1.21
2009-07-01T12:00:00Z,0.0,48.125,152.125,5.85,-0.27
2009-07-01T12:00:00Z,0.0,48.125,156.125,6.67,0.3
2009-07-01T12:00:00Z,0.0,48.125,160.125,6.6,-0.43
2009-07-01T12:00:00Z,0.0,48.125,164.125,6.75,-0.41
2009-07-01T12:00:00Z,0.0,48.125,168.125,7.17,0.06
2009-07-01T12:00:00Z,0.0,48.125,172.125,7.35,0.13
2009-07-01T12:00:00Z,0.0,48.125,176.125,6.88,-0.49
2009-07-01T12:00:00Z,0.0,48.125,180.125,7.77,0.22
2009-07-01T12:00:00Z,0.0,48.125,184.125,8.33,0.58
2009-07-01T12:00:00Z,0.0,48.125,188.125,9.03,1.07
2009-07-01T12:00:00Z,0.0,48.125,192.125,9.04,0.73
2009-07-01T12:00:00Z,0.0,48.125,196.125,9.93,1.3
2009-07-01T12:00:00Z,0.0,48.125,200.125,9.35,0.45
2009-07-01T12:00:00Z,0.0,48.125,204.125,10.36,1.11
2009-07-01T12:00:00Z,0.0,48.125,208.125,11.44,1.79
2009-07-01T12:00:00Z,0.0,48.125,212.125,10.27,0.15
2009-07-01T12:00:00Z,0.0,48.125,216.125,10.03,-0.65
2009-07-01T12:00:00Z,0.0,48.125,220.125,10.11,-1.13
2009-07-01T12:00:00Z,0.0,48.125,224.125,11.56,-0.3
2009-07-01T12:00:00Z,0.0,48.125,228.125,11.97,-0.68
2009-07-01T12:00:00Z,0.0,48.125,232.125,12.69,-0.7
2009-07-01T12:00:00Z,0.0,48.125,236.125,NaN,NaN
2009-07-01T12:00:00Z,0.0,48.125,240.125,NaN,NaN
2009-07-01T12:00:00Z,0.0,48.125,244.125,NaN,NaN
2009-07-01T12:00:00Z,0.0,48.125,248.125,NaN,NaN
2009-07-01T12:00:00Z,0.0,48.125,252.125,NaN,NaN
2009-07-01T12:00:00Z,0.0,48.125,256.125,NaN,NaN
2009-07-01T12:00:00Z,0.0,48.125,260.125,NaN,NaN
2009-07-01T12:00:00Z,0.0,48.125,264.125,NaN,NaN
2009-07-01T12:00:00Z,0.0,48.125,268.125,NaN,NaN
2009-07-01T12:00:00Z,0.0,48.125,272.125,3.49,-1.49
2009-07-01T12:00:00Z,0.0,48.125,276.125,NaN,NaN
2009-07-01T12:00:00Z,0.0,48.125,280.125,NaN,NaN
2009-07-01T12:00:00Z,0.0,48.125,284.125,NaN,NaN
2009-07-01T12:00:00Z,0.0,48.125,288.125,NaN,NaN
2009-07-01T12:00:00Z,0.0,48.125,292.125,NaN,NaN
2009-07-01T12:00:00Z,0.0,48.125,296.125,12.68,0.36
2009-07-01T12:00:00Z,0.0,48.125,300.125,12.84,2.39
2009-07-01T12:00:00Z,0.0,48.125,304.125,NaN,NaN
2009-07-01T12:00:00Z,0.0,48.125,308.125,10.82,3.52
2009-07-01T12:00:00Z,0.0,48.125,312.125,9.1,2.41
2009-07-01T12:00:00Z,0.0,48.125,316.125,10.19,-0.21
2009-07-01T12:00:00Z,0.0,48.125,320.125,17.31,2.36
2009-07-01T12:00:00Z,0.0,48.125,324.125,14.5,-0.66
2009-07-01T12:00:00Z,0.0,48.125,328.125,14.29,-1.08
2009-07-01T12:00:00Z,0.0,48.125,332.125,14.07,-1.5
2009-07-01T12:00:00Z,0.0,48.125,336.125,15.35,-0.35
2009-07-01T12:00:00Z,0.0,48.125,340.125,15.6,-0.19
2009-07-01T12:00:00Z,0.0,48.125,344.125,15.93,0.26
2009-07-01T12:00:00Z,0.0,48.125,348.125,16.75,1.23
2009-07-01T12:00:00Z,0.0,48.125,352.125,16.63,1.11
2009-07-01T12:00:00Z,0.0,48.125,356.125,NaN,NaN
2009-07-01T12:00:00Z,0.0,52.125,0.125,NaN,NaN
2009-07-01T12:00:00Z,0.0,52.125,4.125,18.12,3.39
2009-07-01T12:00:00Z,0.0,52.125,8.125,NaN,NaN
2009-07-01T12:00:00Z,0.0,52.125,12.125,NaN,NaN
2009-07-01T12:00:00Z,0.0,52.125,16.125,NaN,NaN
2009-07-01T12:00:00Z,0.0,52.125,20.125,NaN,NaN
2009-07-01T12:00:00Z,0.0,52.125,24.125,NaN,NaN
2009-07-01T12:00:00Z,0.0,52.125,28.125,NaN,NaN
2009-07-01T12:00:00Z,0.0,52.125,32.125,NaN,NaN
2009-07-01T12:00:00Z,0.0,52.125,36.125,NaN,NaN
2009-07-01T12:00:00Z,0.0,52.125,40.125,NaN,NaN
2009-07-01T12:00:00Z,0.0,52.125,44.125,NaN,NaN
2009-07-01T12:00:00Z,0.0,52.125,48.125,NaN,NaN
2009-07-01T12:00:00Z,0.0,52.125,52.125,NaN,NaN
2009-07-01T12:00:00Z,0.0,52.125,56.125,NaN,NaN
2009-07-01T12:00:00Z,0.0,52.125,60.125,NaN,NaN
2009-07-01T12:00:00Z,0.0,52.125,64.125,NaN,NaN
2009-07-01T12:00:00Z,0.0,52.125,68.125,NaN,NaN
2009-07-01T12:00:00Z,0.0,52.125,72.125,NaN,NaN
2009-07-01T12:00:00Z,0.0,52.125,76.125,NaN,NaN
2009-07-01T12:00:00Z,0.0,52.125,80.125,NaN,NaN
2009-07-01T12:00:00Z,0.0,52.125,84.125,NaN,NaN
2009-07-01T12:00:00Z,0.0,52.125,88.125,NaN,NaN
2009-07-01T12:00:00Z,0.0,52.125,92.125,NaN,NaN
2009-07-01T12:00:00Z,0.0,52.125,96.125,NaN,NaN
2009-07-01T12:00:00Z,0.0,52.125,100.125,NaN,NaN
2009-07-01T12:00:00Z,0.0,52.125,104.125,NaN,NaN
2009-07-01T12:00:00Z,0.0,52.125,108.125,NaN,NaN
2009-07-01T12:00:00Z,0.0,52.125,112.125,NaN,NaN
2009-07-01T12:00:00Z,0.0,52.125,116.125,NaN,NaN
2009-07-01T12:00:00Z,0.0,52.125,120.125,NaN,NaN
2009-07-01T12:00:00Z,0.0,52.125,124.125,NaN,NaN
2009-07-01T12:00:00Z,0.0,52.125,128.125,NaN,NaN
2009-07-01T12:00:00Z,0.0,52.125,132.125,NaN,NaN
2009-07-01T12:00:00Z,0.0,52.125,136.125,NaN,NaN
2009-07-01T12:00:00Z,0.0,52.125,140.125,NaN,NaN
2009-07-01T12:00:00Z,0.0,52.125,144.125,4.92,-1.6
2009-07-01T12:00:00Z,0.0,52.125,148.125,8.07,1.2
2009-07-01T12:00:00Z,0.0,52.125,152.125,8.28,1.08
2009-07-01T12:00:00Z,0.0,52.125,156.125,8.16,0.96
2009-07-01T12:00:00Z,0.0,52.125,160.125,8.82,1.39
2009-07-01T12:00:00Z,0.0,52.125,164.125,6.58,-0.6
2009-07-01T12:00:00Z,0.0,52.125,168.125,7.76,0.78
2009-07-01T12:00:00Z,0.0,52.125,172.125,6.91,-0.12
2009-07-01T12:00:00Z,0.0,52.125,176.125,6.47,-0.37
2009-07-01T12:00:00Z,0.0,52.125,180.125,5.9,-0.91
2009-07-01T12:00:00Z,0.0,52.125,184.125,6.62,-0.53
2009-07-01T12:00:00Z,0.0,52.125,188.125,7.25,-0.11
2009-07-01T12:00:00Z,0.0,52.125,192.125,7.39,-0.56
2009-07-01T12:00:00Z,0.0,52.125,196.125,8.04,-0.25
2009-07-01T12:00:00Z,0.0,52.125,200.125,8.35,-0.18
2009-07-01T12:00:00Z,0.0,52.125,204.125,8.54,-0.05
2009-07-01T12:00:00Z,0.0,52.125,208.125,8.93,0.16
2009-07-01T12:00:00Z,0.0,52.125,212.125,8.4,-0.73
2009-07-01T12:00:00Z,0.0,52.125,216.125,8.55,-1.25
2009-07-01T12:00:00Z,0.0,52.125,220.125,8.73,-1.86
2009-07-01T12:00:00Z,0.0,52.125,224.125,9.84,-1.53
2009-07-01T12:00:00Z,0.0,52.125,228.125,10.04,-2.19
2009-07-01T12:00:00Z,0.0,52.125,232.125,NaN,NaN
2009-07-01T12:00:00Z,0.0,52.125,236.125,NaN,NaN
2009-07-01T12:00:00Z,0.0,52.125,240.125,NaN,NaN
2009-07-01T12:00:00Z,0.0,52.125,244.125,NaN,NaN
2009-07-01T12:00:00Z,0.0,52.125,248.125,NaN,NaN
2009-07-01T12:00:00Z,0.0,52.125,252.125,NaN,NaN
2009-07-01T12:00:00Z,0.0,52.125,256.125,NaN,NaN
2009-07-01T12:00:00Z,0.0,52.125,260.125,NaN,NaN
2009-07-01T12:00:00Z,0.0,52.125,264.125,NaN,NaN
2009-07-01T12:00:00Z,0.0,52.125,268.125,NaN,NaN
2009-07-01T12:00:00Z,0.0,52.125,272.125,NaN,NaN
2009-07-01T12:00:00Z,0.0,52.125,276.125,NaN,NaN
2009-07-01T12:00:00Z,0.0,52.125,280.125,2.31,0.29
2009-07-01T12:00:00Z,0.0,52.125,284.125,NaN,NaN
2009-07-01T12:00:00Z,0.0,52.125,288.125,NaN,NaN
2009-07-01T12:00:00Z,0.0,52.125,292.125,NaN,NaN
2009-07-01T12:00:00Z,0.0,52.125,296.125,NaN,NaN
2009-07-01T12:00:00Z,0.0,52.125,300.125,NaN,NaN
2009-07-01T12:00:00Z,0.0,52.125,304.125,NaN,NaN
2009-07-01T12:00:00Z,0.0,52.125,308.125,8.23,3.29
2009-07-01T12:00:00Z,0.0,52.125,312.125,10.96,2.97
2009-07-01T12:00:00Z,0.0,52.125,316.125,10.49,0.26
2009-07-01T12:00:00Z,0.0,52.125,320.125,9.68,-0.98
2009-07-01T12:00:00Z,0.0,52.125,324.125,9.66,-1.31
2009-07-01T12:00:00Z,0.0,52.125,328.125,10.21,-1.68
2009-07-01T12:00:00Z,0.0,52.125,332.125,12.38,-0.43
2009-07-01T12:00:00Z,0.0,52.125,336.125,13.48,0.07
2009-07-01T12:00:00Z,0.0,52.125,340.125,13.93,0.03
2009-07-01T12:00:00Z,0.0,52.125,344.125,14.95,0.93
2009-07-01T12:00:00Z,0.0,52.125,348.125,15.91,1.82
2009-07-01T12:00:00Z,0.0,52.125,352.125,NaN,NaN
2009-07-01T12:00:00Z,0.0,52.125,356.125,NaN,NaN
2009-07-01T12:00:00Z,0.0,56.125,0.125,16.04,3.49
2009-07-01T12:00:00Z,0.0,56.125,4.125,17.69,4.35
2009-07-01T12:00:00Z,0.0,56.125,8.125,17.22,2.81
2009-07-01T12:00:00Z,0.0,56.125,12.125,19.64,4.11
2009-07-01T12:00:00Z,0.0,56.125,16.125,16.46,2.21
2009-07-01T12:00:00Z,0.0,56.125,20.125,16.78,2.38
2009-07-01T12:00:00Z,0.0,56.125,24.125,NaN,NaN
2009-07-01T12:00:00Z,0.0,56.125,28.125,NaN,NaN
2009-07-01T12:00:00Z,0.0,56.125,32.125,NaN,NaN
2009-07-01T12:00:00Z,0.0,56.125,36.125,NaN,NaN
2009-07-01T12:00:00Z,0.0,56.125,40.125,NaN,NaN
2009-07-01T12:00:00Z,0.0,56.125,44.125,NaN,NaN
2009-07-01T12:00:00Z,0.0,56.125,48.125,NaN,NaN
2009-07-01T12:00:00Z,0.0,56.125,52.125,NaN,NaN
2009-07-01T12:00:00Z,0.0,56.125,56.125,NaN,NaN
2009-07-01T12:00:00Z,0.0,56.125,60.125,NaN,NaN
2009-07-01T12:00:00Z,0.0,56.125,64.125,NaN,NaN
2009-07-01T12:00:00Z,0.0,56.125,68.125,NaN,NaN
2009-07-01T12:00:00Z,0.0,56.125,72.125,NaN,NaN
2009-07-01T12:00:00Z,0.0,56.125,76.125,NaN,NaN
2009-07-01T12:00:00Z,0.0,56.125,80.125,NaN,NaN
2009-07-01T12:00:00Z,0.0,56.125,84.125,NaN,NaN
2009-07-01T12:00:00Z,0.0,56.125,88.125,NaN,NaN
2009-07-01T12:00:00Z,0.0,56.125,92.125,NaN,NaN
2009-07-01T12:00:00Z,0.0,56.125,96.125,NaN,NaN
2009-07-01T12:00:00Z,0.0,56.125,100.125,NaN,NaN
2009-07-01T12:00:00Z,0.0,56.125,104.125,NaN,NaN
2009-07-01T12:00:00Z,0.0,56.125,108.125,NaN,NaN
2009-07-01T12:00:00Z,0.0,56.125,112.125,NaN,NaN
2009-07-01T12:00:00Z,0.0,56.125,116.125,NaN,NaN
2009-07-01T12:00:00Z,0.0,56.125,120.125,NaN,NaN
2009-07-01T12:00:00Z,0.0,56.125,124.125,NaN,NaN
2009-07-01T12:00:00Z,0.0,56.125,128.125,NaN,NaN
2009-07-01T12:00:00Z,0.0,56.125,132.125,NaN,NaN
2009-07-01T12:00:00Z,0.0,56.125,136.125,NaN,NaN
2009-07-01T12:00:00Z,0.0,56.125,140.125,10.11,2.05
2009-07-01T12:00:00Z,0.0,56.125,144.125,7.39,-0.18
2009-07-01T12:00:00Z,0.0,56.125,148.125,8.25,1.03
2009-07-01T12:00:00Z,0.0,56.125,152.125,8.33,0.97
2009-07-01T12:00:00Z,0.0,56.125,156.125,NaN,NaN
2009-07-01T12:00:00Z,0.0,56.125,160.125,NaN,NaN
2009-07-01T12:00:00Z,0.0,56.125,164.125,8.01,0.63
2009-07-01T12:00:00Z,0.0,56.125,168.125,6.98,0.24
2009-07-01T12:00:00Z,0.0,56.125,172.125,4.85,-1.54
2009-07-01T12:00:00Z,0.0,56.125,176.125,5.46,-0.76
2009-07-01T12:00:00Z,0.0,56.125,180.125,6.14,-0.13
2009-07-01T12:00:00Z,0.0,56.125,184.125,6.77,0.05
2009-07-01T12:00:00Z,0.0,56.125,188.125,6.56,-0.4
2009-07-01T12:00:00Z,0.0,56.125,192.125,7.74,0.86
2009-07-01T12:00:00Z,0.0,56.125,196.125,8.03,0.73
2009-07-01T12:00:00Z,0.0,56.125,200.125,NaN,NaN
2009-07-01T12:00:00Z,0.0,56.125,204.125,8.81,-0.45
2009-07-01T12:00:00Z,0.0,56.125,208.125,9.81,0.23
2009-07-01T12:00:00Z,0.0,56.125,212.125,9.14,-0.67
2009-07-01T12:00:00Z,0.0,56.125,216.125,9.27,-0.86
2009-07-01T12:00:00Z,0.0,56.125,220.125,10.43,-0.4
2009-07-01T12:00:00Z,0.0,56.125,224.125,9.72,-1.45
2009-07-01T12:00:00Z,0.0,56.125,228.125,NaN,NaN
2009-07-01T12:00:00Z,0.0,56.125,232.125,NaN,NaN
2009-07-01T12:00:00Z,0.0,56.125,236.125,NaN,NaN
2009-07-01T12:00:00Z,0.0,56.125,240.125,NaN,NaN
2009-07-01T12:00:00Z,0.0,56.125,244.125,NaN,NaN
2009-07-01T12:00:00Z,0.0,56.125,248.125,NaN,NaN
2009-07-01T12:00:00Z,0.0,56.125,252.125,NaN,NaN
2009-07-01T12:00:00Z,0.0,56.125,256.125,NaN,NaN
2009-07-01T12:00:00Z,0.0,56.125,260.125,NaN,NaN
2009-07-01T12:00:00Z,0.0,56.125,264.125,NaN,NaN
2009-07-01T12:00:00Z,0.0,56.125,268.125,NaN,NaN
2009-07-01T12:00:00Z,0.0,56.125,272.125,NaN,NaN
2009-07-01T12:00:00Z,0.0,56.125,276.125,-1.55,-2.15
2009-07-01T12:00:00Z,0.0,56.125,280.125,-1.03,-2.7
2009-07-01T12:00:00Z,0.0,56.125,284.125,NaN,NaN
2009-07-01T12:00:00Z,0.0,56.125,288.125,NaN,NaN
2009-07-01T12:00:00Z,0.0,56.125,292.125,NaN,NaN
2009-07-01T12:00:00Z,0.0,56.125,296.125,NaN,NaN
2009-07-01T12:00:00Z,0.0,56.125,300.125,1.07,-1.37
2009-07-01T12:00:00Z,0.0,56.125,304.125,4.23,-0.34
2009-07-01T12:00:00Z,0.0,56.125,308.125,6.59,1.08
2009-07-01T12:00:00Z,0.0,56.125,312.125,6.59,0.25
2009-07-01T12:00:00Z,0.0,56.125,316.125,7.95,1.34
2009-07-01T12:00:00Z,0.0,56.125,320.125,8.19,0.81
2009-07-01T12:00:00Z,0.0,56.125,324.125,8.68,0.11
2009-07-01T12:00:00Z,0.0,56.125,328.125,9.94,0.15
2009-07-01T12:00:00Z,0.0,56.125,332.125,10.89,0.05
2009-07-01T12:00:00Z,0.0,56.125,336.125,12.13,0.41
2009-07-01T12:00:00Z,0.0,56.125,340.125,12.84,0.58
2009-07-01T12:00:00Z,0.0,56.125,344.125,13.51,1.15
2009-07-01T12:00:00Z,0.0,56.125,348.125,15.54,2.89
2009-07-01T12:00:00Z,0.0,56.125,352.125,15.08,2.53
2009-07-01T12:00:00Z,0.0,56.125,356.125,NaN,NaN
2009-07-01T12:00:00Z,0.0,60.125,0.125,15.63,4.35
2009-07-01T12:00:00Z,0.0,60.125,4.125,17.18,4.94
2009-07-01T12:00:00Z,0.0,60.125,8.125,NaN,NaN
2009-07-01T12:00:00Z,0.0,60.125,12.125,NaN,NaN
2009-07-01T12:00:00Z,0.0,60.125,16.125,NaN,NaN
2009-07-01T12:00:00Z,0.0,60.125,20.125,NaN,NaN
2009-07-01T12:00:00Z,0.0,60.125,24.125,NaN,NaN
2009-07-01T12:00:00Z,0.0,60.125,28.125,15.58,4.71
2009-07-01T12:00:00Z,0.0,60.125,32.125,NaN,NaN
2009-07-01T12:00:00Z,0.0,60.125,36.125,NaN,NaN
2009-07-01T12:00:00Z,0.0,60.125,40.125,NaN,NaN
2009-07-01T12:00:00Z,0.0,60.125,44.125,NaN,NaN
2009-07-01T12:00:00Z,0.0,60.125,48.125,NaN,NaN
2009-07-01T12:00:00Z,0.0,60.125,52.125,NaN,NaN
2009-07-01T12:00:00Z,0.0,60.125,56.125,NaN,NaN
2009-07-01T12:00:00Z,0.0,60.125,60.125,NaN,NaN
2009-07-01T12:00:00Z,0.0,60.125,64.125,NaN,NaN
2009-07-01T12:00:00Z,0.0,60.125,68.125,NaN,NaN
2009-07-01T12:00:00Z,0.0,60.125,72.125,NaN,NaN
2009-07-01T12:00:00Z,0.0,60.125,76.125,NaN,NaN
2009-07-01T12:00:00Z,0.0,60.125,80.125,NaN,NaN
2009-07-01T12:00:00Z,0.0,60.125,84.125,NaN,NaN
2009-07-01T12:00:00Z,0.0,60.125,88.125,NaN,NaN
2009-07-01T12:00:00Z,0.0,60.125,92.125,NaN,NaN
2009-07-01T12:00:00Z,0.0,60.125,96.125,NaN,NaN
2009-07-01T12:00:00Z,0.0,60.125,100.125,NaN,NaN
2009-07-01T12:00:00Z,0.0,60.125,104.125,NaN,NaN
2009-07-01T12:00:00Z,0.0,60.125,108.125,NaN,NaN
2009-07-01T12:00:00Z,0.0,60.125,112.125,NaN,NaN
2009-07-01T12:00:00Z,0.0,60.125,116.125,NaN,NaN
2009-07-01T12:00:00Z,0.0,60.125,120.125,NaN,NaN
2009-07-01T12:00:00Z,0.0,60.125,124.125,NaN,NaN
2009-07-01T12:00:00Z,0.0,60.125,128.125,NaN,NaN
2009-07-01T12:00:00Z,0.0,60.125,132.125,NaN,NaN
2009-07-01T12:00:00Z,0.0,60.125,136.125,NaN,NaN
2009-07-01T12:00:00Z,0.0,60.125,140.125,NaN,NaN
2009-07-01T12:00:00Z,0.0,60.125,144.125,NaN,NaN
2009-07-01T12:00:00Z,0.0,60.125,148.125,NaN,NaN
2009-07-01T12:00:00Z,0.0,60.125,152.125,NaN,NaN
2009-07-01T12:00:00Z,0.0,60.125,156.125,12.51,6.03
2009-07-01T12:00:00Z,0.0,60.125,160.125,7.41,0.96
2009-07-01T12:00:00Z,0.0,60.125,164.125,NaN,NaN
2009-07-01T12:00:00Z,0.0,60.125,168.125,9.99,3.17
2009-07-01T12:00:00Z,0.0,60.125,172.125,7.08,0.83
2009-07-01T12:00:00Z,0.0,60.125,176.125,4.98,-0.97
2009-07-01T12:00:00Z,0.0,60.125,180.125,5.41,-0.19
2009-07-01T12:00:00Z,0.0,60.125,184.125,6.34,0.93
2009-07-01T12:00:00Z,0.0,60.125,188.125,4.99,-0.12
2009-07-01T12:00:00Z,0.0,60.125,192.125,4.86,-0.65
2009-07-01T12:00:00Z,0.0,60.125,196.125,NaN,NaN
2009-07-01T12:00:00Z,0.0,60.125,200.125,NaN,NaN
2009-07-01T12:00:00Z,0.0,60.125,204.125,NaN,NaN
2009-07-01T12:00:00Z,0.0,60.125,208.125,9.2,-0.02
2009-07-01T12:00:00Z,0.0,60.125,212.125,NaN,NaN
2009-07-01T12:00:00Z,0.0,60.125,216.125,NaN,NaN
2009-07-01T12:00:00Z,0.0,60.125,220.125,NaN,NaN
2009-07-01T12:00:00Z,0.0,60.125,224.125,NaN,NaN
2009-07-01T12:00:00Z,0.0,60.125,228.125,NaN,NaN
2009-07-01T12:00:00Z,0.0,60.125,232.125,NaN,NaN
2009-07-01T12:00:00Z,0.0,60.125,236.125,NaN,NaN
2009-07-01T12:00:00Z,0.0,60.125,240.125,NaN,NaN
2009-07-01T12:00:00Z,0.0,60.125,244.125,NaN,NaN
2009-07-01T12:00:00Z,0.0,60.125,248.125,NaN,NaN
2009-07-01T12:00:00Z,0.0,60.125,252.125,NaN,NaN
2009-07-01T12:00:00Z,0.0,60.125,256.125,NaN,NaN
2009-07-01T12:00:00Z,0.0,60.125,260.125,NaN,NaN
2009-07-01T12:00:00Z,0.0,60.125,264.125,NaN,NaN
2009-07-01T12:00:00Z,0.0,60.125,268.125,-1.07,-2.8
2009-07-01T12:00:00Z,0.0,60.125,272.125,-1.2,-2.1
2009-07-01T12:00:00Z,0.0,60.125,276.125,-1.54,-2.71
2009-07-01T12:00:00Z,0.0,60.125,280.125,0.05,-2.3
2009-07-01T12:00:00Z,0.0,60.125,284.125,NaN,NaN
2009-07-01T12:00:00Z,0.0,60.125,288.125,NaN,NaN
2009-07-01T12:00:00Z,0.0,60.125,292.125,0.31,-0.56
2009-07-01T12:00:00Z,0.0,60.125,296.125,1.14,-0.22
2009-07-01T12:00:00Z,0.0,60.125,300.125,3.22,-0.43
2009-07-01T12:00:00Z,0.0,60.125,304.125,4.98,0.1
2009-07-01T12:00:00Z,0.0,60.125,308.125,4.32,-0.3
2009-07-01T12:00:00Z,0.0,60.125,312.125,4.41,0.22
2009-07-01T12:00:00Z,0.0,60.125,316.125,NaN,NaN
2009-07-01T12:00:00Z,0.0,60.125,320.125,8.56,1.67
2009-07-01T12:00:00Z,0.0,60.125,324.125,9.83,2.05
2009-07-01T12:00:00Z,0.0,60.125,328.125,9.76,1.21
2009-07-01T12:00:00Z,0.0,60.125,332.125,11.28,1.73
2009-07-01T12:00:00Z,0.0,60.125,336.125,11.1,0.71
2009-07-01T12:00:00Z,0.0,60.125,340.125,12.16,1.35
2009-07-01T12:00:00Z,0.0,60.125,344.125,13.43,2.46
2009-07-01T12:00:00Z,0.0,60.125,348.125,12.8,1.71
2009-07-01T12:00:00Z,0.0,60.125,352.125,12.93,2.01
2009-07-01T12:00:00Z,0.0,60.125,356.125,14.16,3.35
2009-07-01T12:00:00Z,0.0,64.125,0.125,12.76,2.99
2009-07-01T12:00:00Z,0.0,64.125,4.125,13.38,2.75
2009-07-01T12:00:00Z,0.0,64.125,8.125,15.24,4.21
2009-07-01T12:00:00Z,0.0,64.125,12.125,NaN,NaN
2009-07-01T12:00:00Z,0.0,64.125,16.125,NaN,NaN
2009-07-01T12:00:00Z,0.0,64.125,20.125,NaN,NaN
2009-07-01T12:00:00Z,0.0,64.125,24.125,NaN,NaN
2009-07-01T12:00:00Z,0.0,64.125,28.125,NaN,NaN
2009-07-01T12:00:00Z,0.0,64.125,32.125,NaN,NaN
2009-07-01T12:00:00Z,0.0,64.125,36.125,NaN,NaN
2009-07-01T12:00:00Z,0.0,64.125,40.125,NaN,NaN
2009-07-01T12:00:00Z,0.0,64.125,44.125,NaN,NaN
2009-07-01T12:00:00Z,0.0,64.125,48.125,NaN,NaN
2009-07-01T12:00:00Z,0.0,64.125,52.125,NaN,NaN
2009-07-01T12:00:00Z,0.0,64.125,56.125,NaN,NaN
2009-07-01T12:00:00Z,0.0,64.125,60.125,NaN,NaN
2009-07-01T12:00:00Z,0.0,64.125,64.125,NaN,NaN
2009-07-01T12:00:00Z,0.0,64.125,68.125,NaN,NaN
2009-07-01T12:00:00Z,0.0,64.125,72.125,NaN,NaN
2009-07-01T12:00:00Z,0.0,64.125,76.125,NaN,NaN
2009-07-01T12:00:00Z,0.0,64.125,80.125,NaN,NaN
2009-07-01T12:00:00Z,0.0,64.125,84.125,NaN,NaN
2009-07-01T12:00:00Z,0.0,64.125,88.125,NaN,NaN
2009-07-01T12:00:00Z,0.0,64.125,92.125,NaN,NaN
2009-07-01T12:00:00Z,0.0,64.125,96.125,NaN,NaN
2009-07-01T12:00:00Z,0.0,64.125,100.125,NaN,NaN
2009-07-01T12:00:00Z,0.0,64.125,104.125,NaN,NaN
2009-07-01T12:00:00Z,0.0,64.125,108.125,NaN,NaN
2009-07-01T12:00:00Z,0.0,64.125,112.125,NaN,NaN
2009-07-01T12:00:00Z,0.0,64.125,116.125,NaN,NaN
2009-07-01T12:00:00Z,0.0,64.125,120.125,NaN,NaN
2009-07-01T12:00:00Z,0.0,64.125,124.125,NaN,NaN
2009-07-01T12:00:00Z,0.0,64.125,128.125,NaN,NaN
2009-07-01T12:00:00Z,0.0,64.125,132.125,NaN,NaN
2009-07-01T12:00:00Z,0.0,64.125,136.125,NaN,NaN
2009-07-01T12:00:00Z,0.0,64.125,140.125,NaN,NaN
2009-07-01T12:00:00Z,0.0,64.125,144.125,NaN,NaN
2009-07-01T12:00:00Z,0.0,64.125,148.125,NaN,NaN
2009-07-01T12:00:00Z,0.0,64.125,152.125,NaN,NaN
2009-07-01T12:00:00Z,0.0,64.125,156.125,NaN,NaN
2009-07-01T12:00:00Z,0.0,64.125,160.125,NaN,NaN
2009-07-01T12:00:00Z,0.0,64.125,164.125,NaN,NaN
2009-07-01T12:00:00Z,0.0,64.125,168.125,NaN,NaN
2009-07-01T12:00:00Z,0.0,64.125,172.125,NaN,NaN
2009-07-01T12:00:00Z,0.0,64.125,176.125,NaN,NaN
2009-07-01T12:00:00Z,0.0,64.125,180.125,5.44,0.45
2009-07-01T12:00:00Z,0.0,64.125,184.125,7.84,2.7
2009-07-01T12:00:00Z,0.0,64.125,188.125,6.01,1.53
2009-07-01T12:00:00Z,0.0,64.125,192.125,5.59,0.44
2009-07-01T12:00:00Z,0.0,64.125,196.125,11.22,4.08
2009-07-01T12:00:00Z,0.0,64.125,200.125,NaN,NaN
2009-07-01T12:00:00Z,0.0,64.125,204.125,NaN,NaN
2009-07-01T12:00:00Z,0.0,64.125,208.125,NaN,NaN
2009-07-01T12:00:00Z,0.0,64.125,212.125,NaN,NaN
2009-07-01T12:00:00Z,0.0,64.125,216.125,NaN,NaN
2009-07-01T12:00:00Z,0.0,64.125,220.125,NaN,NaN
2009-07-01T12:00:00Z,0.0,64.125,224.125,NaN,NaN
2009-07-01T12:00:00Z,0.0,64.125,228.125,NaN,NaN
2009-07-01T12:00:00Z,0.0,64.125,232.125,NaN,NaN
2009-07-01T12:00:00Z,0.0,64.125,236.125,NaN,NaN
2009-07-01T12:00:00Z,0.0,64.125,240.125,NaN,NaN
2009-07-01T12:00:00Z,0.0,64.125,244.125,NaN,NaN
2009-07-01T12:00:00Z,0.0,64.125,248.125,NaN,NaN
2009-07-01T12:00:00Z,0.0,64.125,252.125,NaN,NaN
2009-07-01T12:00:00Z,0.0,64.125,256.125,NaN,NaN
2009-07-01T12:00:00Z,0.0,64.125,260.125,NaN,NaN
2009-07-01T12:00:00Z,0.0,64.125,264.125,NaN,NaN
2009-07-01T12:00:00Z,0.0,64.125,268.125,NaN,NaN
2009-07-01T12:00:00Z,0.0,64.125,272.125,2.06,-0.32
2009-07-01T12:00:00Z,0.0,64.125,276.125,NaN,NaN
2009-07-01T12:00:00Z,0.0,64.125,280.125,1.54,0.99
2009-07-01T12:00:00Z,0.0,64.125,284.125,0.61,-0.17
2009-07-01T12:00:00Z,0.0,64.125,288.125,NaN,NaN
2009-07-01T12:00:00Z,0.0,64.125,292.125,NaN,NaN
2009-07-01T12:00:00Z,0.0,64.125,296.125,-1.24,-1.83
2009-07-01T12:00:00Z,0.0,64.125,300.125,0.37,-1.88
2009-07-01T12:00:00Z,0.0,64.125,304.125,3.81,0.25
2009-07-01T12:00:00Z,0.0,64.125,308.125,2.09,-1.18
2009-07-01T12:00:00Z,0.0,64.125,312.125,NaN,NaN
2009-07-01T12:00:00Z,0.0,64.125,316.125,NaN,NaN
2009-07-01T12:00:00Z,0.0,64.125,320.125,0.64,-3.25
2009-07-01T12:00:00Z,0.0,64.125,324.125,7.56,1.33
2009-07-01T12:00:00Z,0.0,64.125,328.125,10.1,1.91
2009-07-01T12:00:00Z,0.0,64.125,332.125,9.78,0.84
2009-07-01T12:00:00Z,0.0,64.125,336.125,10.76,1.52
2009-07-01T12:00:00Z,0.0,64.125,340.125,NaN,NaN
2009-07-01T12:00:00Z,0.0,64.125,344.125,10.45,1.12
2009-07-01T12:00:00Z,0.0,64.125,348.125,10.76,2.48
2009-07-01T12:00:00Z,0.0,64.125,352.125,10.74,2.73
2009-07-01T12:00:00Z,0.0,64.125,356.125,10.72,2.15
2009-07-01T12:00:00Z,0.0,68.125,0.125,9.71,1.43
2009-07-01T12:00:00Z,0.0,68.125,4.125,9.53,0.74
2009-07-01T12:00:00Z,0.0,68.125,8.125,10.51,1.13
2009-07-01T12:00:00Z,0.0,68.125,12.125,11.21,1.36
2009-07-01T12:00:00Z,0.0,68.125,16.125,11.47,1.99
2009-07-01T12:00:00Z,0.0,68.125,20.125,NaN,NaN
2009-07-01T12:00:00Z,0.0,68.125,24.125,NaN,NaN
2009-07-01T12:00:00Z,0.0,68.125,28.125,NaN,NaN
2009-07-01T12:00:00Z,0.0,68.125,32.125,NaN,NaN
2009-07-01T12:00:00Z,0.0,68.125,36.125,NaN,NaN
2009-07-01T12:00:00Z,0.0,68.125,40.125,4.91,-0.73
2009-07-01T12:00:00Z,0.0,68.125,44.125,5.9,1.13
2009-07-01T12:00:00Z,0.0,68.125,48.125,2.28,-1.89
2009-07-01T12:00:00Z,0.0,68.125,52.125,NaN,NaN
2009-07-01T12:00:00Z,0.0,68.125,56.125,NaN,NaN
2009-07-01T12:00:00Z,0.0,68.125,60.125,NaN,NaN
2009-07-01T12:00:00Z,0.0,68.125,64.125,NaN,NaN
2009-07-01T12:00:00Z,0.0,68.125,68.125,NaN,NaN
2009-07-01T12:00:00Z,0.0,68.125,72.125,NaN,NaN
2009-07-01T12:00:00Z,0.0,68.125,76.125,NaN,NaN
2009-07-01T12:00:00Z,0.0,68.125,80.125,NaN,NaN
2009-07-01T12:00:00Z,0.0,68.125,84.125,NaN,NaN
2009-07-01T12:00:00Z,0.0,68.125,88.125,NaN,NaN
2009-07-01T12:00:00Z,0.0,68.125,92.125,NaN,NaN
2009-07-01T12:00:00Z,0.0,68.125,96.125,NaN,NaN
2009-07-01T12:00:00Z,0.0,68.125,100.125,NaN,NaN
2009-07-01T12:00:00Z,0.0,68.125,104.125,NaN,NaN
2009-07-01T12:00:00Z,0.0,68.125,108.125,NaN,NaN
2009-07-01T12:00:00Z,0.0,68.125,112.125,NaN,NaN
2009-07-01T12:00:00Z,0.0,68.125,116.125,NaN,NaN
2009-07-01T12:00:00Z,0.0,68.125,120.125,NaN,NaN
2009-07-01T12:00:00Z,0.0,68.125,124.125,NaN,NaN
2009-07-01T12:00:00Z,0.0,68.125,128.125,NaN,NaN
2009-07-01T12:00:00Z,0.0,68.125,132.125,NaN,NaN
2009-07-01T12:00:00Z,0.0,68.125,136.125,NaN,NaN
2009-07-01T12:00:00Z,0.0,68.125,140.125,NaN,NaN
2009-07-01T12:00:00Z,0.0,68.125,144.125,NaN,NaN
2009-07-01T12:00:00Z,0.0,68.125,148.125,NaN,NaN
2009-07-01T12:00:00Z,0.0,68.125,152.125,NaN,NaN
2009-07-01T12:00:00Z,0.0,68.125,156.125,NaN,NaN
2009-07-01T12:00:00Z,0.0,68.125,160.125,NaN,NaN
2009-07-01T12:00:00Z,0.0,68.125,164.125,NaN,NaN
2009-07-01T12:00:00Z,0.0,68.125,168.125,NaN,NaN
2009-07-01T12:00:00Z,0.0,68.125,172.125,NaN,NaN
2009-07-01T12:00:00Z,0.0,68.125,176.125,NaN,NaN
2009-07-01T12:00:00Z,0.0,68.125,180.125,NaN,NaN
2009-07-01T12:00:00Z,0.0,68.125,184.125,0.16,-1.1
2009-07-01T12:00:00Z,0.0,68.125,188.125,3.09,0.66
2009-07-01T12:00:00Z,0.0,68.125,192.125,5.2,1.99
2009-07-01T12:00:00Z,0.0,68.125,196.125,NaN,NaN
2009-07-01T12:00:00Z,0.0,68.125,200.125,NaN,NaN
2009-07-01T12:00:00Z,0.0,68.125,204.125,NaN,NaN
2009-07-01T12:00:00Z,0.0,68.125,208.125,NaN,NaN
2009-07-01T12:00:00Z,0.0,68.125,212.125,NaN,NaN
2009-07-01T12:00:00Z,0.0,68.125,216.125,NaN,NaN
2009-07-01T12:00:00Z,0.0,68.125,220.125,NaN,NaN
2009-07-01T12:00:00Z,0.0,68.125,224.125,NaN,NaN
2009-07-01T12:00:00Z,0.0,68.125,228.125,NaN,NaN
2009-07-01T12:00:00Z,0.0,68.125,232.125,NaN,NaN
2009-07-01T12:00:00Z,0.0,68.125,236.125,NaN,NaN
2009-07-01T12:00:00Z,0.0,68.125,240.125,NaN,NaN
2009-07-01T12:00:00Z,0.0,68.125,244.125,NaN,NaN
2009-07-01T12:00:00Z,0.0,68.125,248.125,-0.84,-1.27
2009-07-01T12:00:00Z,0.0,68.125,252.125,-1.33,-1.22
2009-07-01T12:00:00Z,0.0,68.125,256.125,0.6,0.53
2009-07-01T12:00:00Z,0.0,68.125,260.125,0.41,0.45
2009-07-01T12:00:00Z,0.0,68.125,264.125,0.48,0.77
2009-07-01T12:00:00Z,0.0,68.125,268.125,NaN,NaN
2009-07-01T12:00:00Z,0.0,68.125,272.125,-1.51,-0.22
2009-07-01T12:00:00Z,0.0,68.125,276.125,NaN,NaN
2009-07-01T12:00:00Z,0.0,68.125,280.125,-1.6,-1.25
2009-07-01T12:00:00Z,0.0,68.125,284.125,NaN,NaN
2009-07-01T12:00:00Z,0.0,68.125,288.125,NaN,NaN
2009-07-01T12:00:00Z,0.0,68.125,292.125,NaN,NaN
2009-07-01T12:00:00Z,0.0,68.125,296.125,-1.4,-1.16
2009-07-01T12:00:00Z,0.0,68.125,300.125,-1.0,-1.33
2009-07-01T12:00:00Z,0.0,68.125,304.125,3.08,-0.35
2009-07-01T12:00:00Z,0.0,68.125,308.125,NaN,NaN
2009-07-01T12:00:00Z,0.0,68.125,312.125,NaN,NaN
2009-07-01T12:00:00Z,0.0,68.125,316.125,NaN,NaN
2009-07-01T12:00:00Z,0.0,68.125,320.125,NaN,NaN
2009-07-01T12:00:00Z,0.0,68.125,324.125,NaN,NaN
2009-07-01T12:00:00Z,0.0,68.125,328.125,-0.3,-1.35
2009-07-01T12:00:00Z,0.0,68.125,332.125,1.16,-0.5
2009-07-01T12:00:00Z,0.0,68.125,336.125,4.71,1.75
2009-07-01T12:00:00Z,0.0,68.125,340.125,6.63,2.45
2009-07-01T12:00:00Z,0.0,68.125,344.125,7.17,2.9
2009-07-01T12:00:00Z,0.0,68.125,348.125,6.84,2.56
2009-07-01T12:00:00Z,0.0,68.125,352.125,7.72,2.33
2009-07-01T12:00:00Z,0.0,68.125,356.125,8.66,1.44
2009-07-01T12:00:00Z,0.0,72.125,0.125,6.72,1.41
2009-07-01T12:00:00Z,0.0,72.125,4.125,6.99,1.01
2009-07-01T12:00:00Z,0.0,72.125,8.125,7.28,0.44
2009-07-01T12:00:00Z,0.0,72.125,12.125,7.81,0.45
2009-07-01T12:00:00Z,0.0,72.125,16.125,8.28,0.53
2009-07-01T12:00:00Z,0.0,72.125,20.125,11.03,3.53
2009-07-01T12:00:00Z,0.0,72.125,24.125,6.95,-0.47
2009-07-01T12:00:00Z,0.0,72.125,28.125,6.66,-0.41
2009-07-01T12:00:00Z,0.0,72.125,32.125,5.67,-0.75
2009-07-01T12:00:00Z,0.0,72.125,36.125,3.86,-2.1
2009-07-01T12:00:00Z,0.0,72.125,40.125,4.62,-0.66
2009-07-01T12:00:00Z,0.0,72.125,44.125,4.49,-0.2
2009-07-01T12:00:00Z,0.0,72.125,48.125,3.3,-0.87
2009-07-01T12:00:00Z,0.0,72.125,52.125,0.61,-2.86
2009-07-01T12:00:00Z,0.0,72.125,56.125,0.47,-1.12
2009-07-01T12:00:00Z,0.0,72.125,60.125,-0.63,-1.15
2009-07-01T12:00:00Z,0.0,72.125,64.125,-1.23,-1.73
2009-07-01T12:00:00Z,0.0,72.125,68.125,-1.22,-2.52
2009-07-01T12:00:00Z,0.0,72.125,72.125,NaN,NaN
2009-07-01T12:00:00Z,0.0,72.125,76.125,-1.73,-2.25
2009-07-01T12:00:00Z,0.0,72.125,80.125,NaN,NaN
2009-07-01T12:00:00Z,0.0,72.125,84.125,NaN,NaN
2009-07-01T12:00:00Z,0.0,72.125,88.125,NaN,NaN
2009-07-01T12:00:00Z,0.0,72.125,92.125,NaN,NaN
2009-07-01T12:00:00Z,0.0,72.125,96.125,NaN,NaN
2009-07-01T12:00:00Z,0.0,72.125,100.125,NaN,NaN
2009-07-01T12:00:00Z,0.0,72.125,104.125,NaN,NaN
2009-07-01T12:00:00Z,0.0,72.125,108.125,NaN,NaN
2009-07-01T12:00:00Z,0.0,72.125,112.125,NaN,NaN
2009-07-01T12:00:00Z,0.0,72.125,116.125,NaN,NaN
2009-07-01T12:00:00Z,0.0,72.125,120.125,NaN,NaN
2009-07-01T12:00:00Z,0.0,72.125,124.125,NaN,NaN
2009-07-01T12:00:00Z,0.0,72.125,128.125,NaN,NaN
2009-07-01T12:00:00Z,0.0,72.125,132.125,-0.69,-1.46
2009-07-01T12:00:00Z,0.0,72.125,136.125,-1.04,-1.57
2009-07-01T12:00:00Z,0.0,72.125,140.125,NaN,NaN
2009-07-01T12:00:00Z,0.0,72.125,144.125,NaN,NaN
2009-07-01T12:00:00Z,0.0,72.125,148.125,NaN,NaN
2009-07-01T12:00:00Z,0.0,72.125,152.125,-1.15,-1.67
2009-07-01T12:00:00Z,0.0,72.125,156.125,-0.59,-0.95
2009-07-01T12:00:00Z,0.0,72.125,160.125,-1.48,-1.33
2009-07-01T12:00:00Z,0.0,72.125,164.125,-1.74,-1.1
2009-07-01T12:00:00Z,0.0,72.125,168.125,-1.74,-0.86
2009-07-01T12:00:00Z,0.0,72.125,172.125,-1.66,-0.71
2009-07-01T12:00:00Z,0.0,72.125,176.125,-1.01,-0.08
2009-07-01T12:00:00Z,0.0,72.125,180.125,1.6,2.61
2009-07-01T12:00:00Z,0.0,72.125,184.125,0.08,1.27
2009-07-01T12:00:00Z,0.0,72.125,188.125,-1.6,-0.48
2009-07-01T12:00:00Z,0.0,72.125,192.125,-1.54,-0.55
2009-07-01T12:00:00Z,0.0,72.125,196.125,-1.74,-1.05
2009-07-01T12:00:00Z,0.0,72.125,200.125,-1.49,-0.67
2009-07-01T12:00:00Z,0.0,72.125,204.125,-1.65,-0.79
2009-07-01T12:00:00Z,0.0,72.125,208.125,-0.89,-0.07
2009-07-01T12:00:00Z,0.0,72.125,212.125,0.15,1.0
2009-07-01T12:00:00Z,0.0,72.125,216.125,-1.77,-1.15
2009-07-01T12:00:00Z,0.0,72.125,220.125,-1.62,-1.25
2009-07-01T12:00:00Z,0.0,72.125,224.125,-0.48,-0.4
2009-07-01T12:00:00Z,0.0,72.125,228.125,0.91,0.11
2009-07-01T12:00:00Z,0.0,72.125,232.125,0.87,-1.18
2009-07-01T12:00:00Z,0.0,72.125,236.125,NaN,NaN
2009-07-01T12:00:00Z,0.0,72.125,240.125,-1.32,-2.28
2009-07-01T12:00:00Z,0.0,72.125,244.125,NaN,NaN
2009-07-01T12:00:00Z,0.0,72.125,248.125,NaN,NaN
2009-07-01T12:00:00Z,0.0,72.125,252.125,-1.15,-0.56
2009-07-01T12:00:00Z,0.0,72.125,256.125,-1.03,-0.42
2009-07-01T12:00:00Z,0.0,72.125,260.125,NaN,NaN
2009-07-01T12:00:00Z,0.0,72.125,264.125,-1.21,-0.5
2009-07-01T12:00:00Z,0.0,72.125,268.125,-1.52,-0.89
2009-07-01T12:00:00Z,0.0,72.125,272.125,NaN,NaN
2009-07-01T12:00:00Z,0.0,72.125,276.125,NaN,NaN
2009-07-01T12:00:00Z,0.0,72.125,280.125,NaN,NaN
2009-07-01T12:00:00Z,0.0,72.125,284.125,NaN,NaN
2009-07-01T12:00:00Z,0.0,72.125,288.125,-1.5,-1.75
2009-07-01T12:00:00Z,0.0,72.125,292.125,1.26,1.49
2009-07-01T12:00:00Z,0.0,72.125,296.125,-0.64,-0.15
2009-07-01T12:00:00Z,0.0,72.125,300.125,3.43,2.51
2009-07-01T12:00:00Z,0.0,72.125,304.125,1.62,-0.93
2009-07-01T12:00:00Z,0.0,72.125,308.125,NaN,NaN
2009-07-01T12:00:00Z,0.0,72.125,312.125,NaN,NaN
2009-07-01T12:00:00Z,0.0,72.125,316.125,NaN,NaN
2009-07-01T12:00:00Z,0.0,72.125,320.125,NaN,NaN
2009-07-01T12:00:00Z,0.0,72.125,324.125,NaN,NaN
2009-07-01T12:00:00Z,0.0,72.125,328.125,NaN,NaN
2009-07-01T12:00:00Z,0.0,72.125,332.125,NaN,NaN
2009-07-01T12:00:00Z,0.0,72.125,336.125,NaN,NaN
2009-07-01T12:00:00Z,0.0,72.125,340.125,2.14,0.91
2009-07-01T12:00:00Z,0.0,72.125,344.125,0.34,-1.54
2009-07-01T12:00:00Z,0.0,72.125,348.125,2.59,-0.34
2009-07-01T12:00:00Z,0.0,72.125,352.125,3.78,-0.12
2009-07-01T12:00:00Z,0.0,72.125,356.125,4.38,-0.59
2009-07-01T12:00:00Z,0.0,76.125,0.125,2.35,-0.68
2009-07-01T12:00:00Z,0.0,76.125,4.125,3.55,-0.96
2009-07-01T12:00:00Z,0.0,76.125,8.125,5.72,0.2
2009-07-01T12:00:00Z,0.0,76.125,12.125,7.71,2.64
2009-07-01T12:00:00Z,0.0,76.125,16.125,2.47,-1.55
2009-07-01T12:00:00Z,0.0,76.125,20.125,2.08,-0.44
2009-07-01T12:00:00Z,0.0,76.125,24.125,-0.24,-2.97
2009-07-01T12:00:00Z,0.0,76.125,28.125,1.01,-2.04
2009-07-01T12:00:00Z,0.0,76.125,32.125,1.68,-1.29
2009-07-01T12:00:00Z,0.0,76.125,36.125,0.37,-2.38
2009-07-01T12:00:00Z,0.0,76.125,40.125,0.04,-2.57
2009-07-01T12:00:00Z,0.0,76.125,44.125,0.81,-1.91
2009-07-01T12:00:00Z,0.0,76.125,48.125,0.5,-2.1
2009-07-01T12:00:00Z,0.0,76.125,52.125,0.63,-1.52
2009-07-01T12:00:00Z,0.0,76.125,56.125,1.08,-0.91
2009-07-01T12:00:00Z,0.0,76.125,60.125,0.84,-0.2
2009-07-01T12:00:00Z,0.0,76.125,64.125,NaN,NaN
2009-07-01T12:00:00Z,0.0,76.125,68.125,-0.98,-1.05
2009-07-01T12:00:00Z,0.0,76.125,72.125,-1.14,-1.05
2009-07-01T12:00:00Z,0.0,76.125,76.125,-0.95,-0.57
2009-07-01T12:00:00Z,0.0,76.125,80.125,-1.74,-1.61
2009-07-01T12:00:00Z,0.0,76.125,84.125,0.12,0.0
2009-07-01T12:00:00Z,0.0,76.125,88.125,-1.75,-1.75
2009-07-01T12:00:00Z,0.0,76.125,92.125,-1.58,-1.12
2009-07-01T12:00:00Z,0.0,76.125,96.125,NaN,NaN
2009-07-01T12:00:00Z,0.0,76.125,100.125,NaN,NaN
2009-07-01T12:00:00Z,0.0,76.125,104.125,NaN,NaN
2009-07-01T12:00:00Z,0.0,76.125,108.125,NaN,NaN
2009-07-01T12:00:00Z,0.0,76.125,112.125,NaN,NaN
2009-07-01T12:00:00Z,0.0,76.125,116.125,-0.59,-0.15
2009-07-01T12:00:00Z,0.0,76.125,120.125,-0.99,-0.47
2009-07-01T12:00:00Z,0.0,76.125,124.125,-1.45,-1.15
2009-07-01T12:00:00Z,0.0,76.125,128.125,-1.21,-1.16
2009-07-01T12:00:00Z,0.0,76.125,132.125,-0.04,0.02
2009-07-01T12:00:00Z,0.0,76.125,136.125,0.86,0.71
2009-07-01T12:00:00Z,0.0,76.125,140.125,-0.63,-0.77
2009-07-01T12:00:00Z,0.0,76.125,144.125,1.46,1.49
2009-07-01T12:00:00Z,0.0,76.125,148.125,2.33,2.64
2009-07-01T12:00:00Z,0.0,76.125,152.125,0.8,1.59
2009-07-01T12:00:00Z,0.0,76.125,156.125,-1.73,-0.76
2009-07-01T12:00:00Z,0.0,76.125,160.125,-1.72,-0.41
2009-07-01T12:00:00Z,0.0,76.125,164.125,-1.74,-0.16
2009-07-01T12:00:00Z,0.0,76.125,168.125,-1.76,-0.07
2009-07-01T12:00:00Z,0.0,76.125,172.125,-1.49,0.23
2009-07-01T12:00:00Z,0.0,76.125,176.125,-1.73,0.01
2009-07-01T12:00:00Z,0.0,76.125,180.125,-1.73,0.01
2009-07-01T12:00:00Z,0.0,76.125,184.125,-1.72,0.02
2009-07-01T12:00:00Z,0.0,76.125,188.125,-1.59,0.14
2009-07-01T12:00:00Z,0.0,76.125,192.125,-1.75,-0.02
2009-07-01T12:00:00Z,0.0,76.125,196.125,-1.75,-0.01
2009-07-01T12:00:00Z,0.0,76.125,200.125,-1.75,-0.01
2009-07-01T12:00:00Z,0.0,76.125,204.125,-1.71,0.01
2009-07-01T12:00:00Z,0.0,76.125,208.125,-1.77,-0.05
2009-07-01T12:00:00Z,0.0,76.125,212.125,-1.75,-0.05
2009-07-01T12:00:00Z,0.0,76.125,216.125,-1.75,-0.07
2009-07-01T12:00:00Z,0.0,76.125,220.125,-1.78,-0.11
2009-07-01T12:00:00Z,0.0,76.125,224.125,-1.75,-0.09
2009-07-01T12:00:00Z,0.0,76.125,228.125,-1.75,-0.07
2009-07-01T12:00:00Z,0.0,76.125,232.125,-1.71,-0.34
2009-07-01T12:00:00Z,0.0,76.125,236.125,1.04,1.68
2009-07-01T12:00:00Z,0.0,76.125,240.125,NaN,NaN
2009-07-01T12:00:00Z,0.0,76.125,244.125,NaN,NaN
2009-07-01T12:00:00Z,0.0,76.125,248.125,-1.74,-1.02
2009-07-01T12:00:00Z,0.0,76.125,252.125,-1.74,-0.9
2009-07-01T12:00:00Z,0.0,76.125,256.125,NaN,NaN
2009-07-01T12:00:00Z,0.0,76.125,260.125,NaN,NaN
2009-07-01T12:00:00Z,0.0,76.125,264.125,-0.8,-0.41
2009-07-01T12:00:00Z,0.0,76.125,268.125,NaN,NaN
2009-07-01T12:00:00Z,0.0,76.125,272.125,-0.38,-0.5
2009-07-01T12:00:00Z,0.0,76.125,276.125,-0.81,-1.95
2009-07-01T12:00:00Z,0.0,76.125,280.125,0.64,-1.26
2009-07-01T12:00:00Z,0.0,76.125,284.125,1.91,0.02
2009-07-01T12:00:00Z,0.0,76.125,288.125,3.67,2.41
2009-07-01T12:00:00Z,0.0,76.125,292.125,NaN,NaN
2009-07-01T12:00:00Z,0.0,76.125,296.125,0.59,0.43
2009-07-01T12:00:00Z,0.0,76.125,300.125,NaN,NaN
2009-07-01T12:00:00Z,0.0,76.125,304.125,NaN,NaN
2009-07-01T12:00:00Z,0.0,76.125,308.125,NaN,NaN
2009-07-01T12:00:00Z,0.0,76.125,312.125,NaN,NaN
2009-07-01T12:00:00Z,0.0,76.125,316.125,NaN,NaN
2009-07-01T12:00:00Z,0.0,76.125,320.125,NaN,NaN
2009-07-01T12:00:00Z,0.0,76.125,324.125,NaN,NaN
2009-07-01T12:00:00Z,0.0,76.125,328.125,NaN,NaN
2009-07-01T12:00:00Z,0.0,76.125,332.125,NaN,NaN
2009-07-01T12:00:00Z,0.0,76.125,336.125,NaN,NaN
2009-07-01T12:00:00Z,0.0,76.125,340.125,NaN,NaN
2009-07-01T12:00:00Z,0.0,76.125,344.125,-0.5,0.03
2009-07-01T12:00:00Z,0.0,76.125,348.125,-0.47,-0.81
2009-07-01T12:00:00Z,0.0,76.125,352.125,1.82,0.39
2009-07-01T12:00:00Z,0.0,76.125,356.125,0.06,-2.26
2009-07-01T12:00:00Z,0.0,80.125,0.125,-1.76,-1.9
2009-07-01T12:00:00Z,0.0,80.125,4.125,-1.21,-2.18
2009-07-01T12:00:00Z,0.0,80.125,8.125,-0.92,-2.38
2009-07-01T12:00:00Z,0.0,80.125,12.125,0.21,-1.15
2009-07-01T12:00:00Z,0.0,80.125,16.125,0.07,-0.79
2009-07-01T12:00:00Z,0.0,80.125,20.125,NaN,NaN
2009-07-01T12:00:00Z,0.0,80.125,24.125,NaN,NaN
2009-07-01T12:00:00Z,0.0,80.125,28.125,-1.73,-1.27
2009-07-01T12:00:00Z,0.0,80.125,32.125,-0.96,-0.43
2009-07-01T12:00:00Z,0.0,80.125,36.125,-1.38,-0.73
2009-07-01T12:00:00Z,0.0,80.125,40.125,-0.17,0.43
2009-07-01T12:00:00Z,0.0,80.125,44.125,-0.23,-0.13
2009-07-01T12:00:00Z,0.0,80.125,48.125,-0.2,-0.59
2009-07-01T12:00:00Z,0.0,80.125,52.125,-0.76,-0.99
2009-07-01T12:00:00Z,0.0,80.125,56.125,NaN,NaN
2009-07-01T12:00:00Z,0.0,80.125,60.125,-1.7,-1.55
2009-07-01T12:00:00Z,0.0,80.125,64.125,-1.74,-1.19
2009-07-01T12:00:00Z,0.0,80.125,68.125,-1.25,-0.16
2009-07-01T12:00:00Z,0.0,80.125,72.125,-0.61,0.83
2009-07-01T12:00:00Z,0.0,80.125,76.125,-1.0,0.48
2009-07-01T12:00:00Z,0.0,80.125,80.125,-1.65,-0.12
2009-07-01T12:00:00Z,0.0,80.125,84.125,-1.75,-0.22
2009-07-01T12:00:00Z,0.0,80.125,88.125,-1.67,-0.47
2009-07-01T12:00:00Z,0.0,80.125,92.125,-1.79,-1.06
2009-07-01T12:00:00Z,0.0,80.125,96.125,NaN,NaN
2009-07-01T12:00:00Z,0.0,80.125,100.125,-1.03,0.03
2009-07-01T12:00:00Z,0.0,80.125,104.125,-0.53,0.58
2009-07-01T12:00:00Z,0.0,80.125,108.125,-1.58,-0.35
2009-07-01T12:00:00Z,0.0,80.125,112.125,-1.74,-0.26
2009-07-01T12:00:00Z,0.0,80.125,116.125,-1.76,-0.11
2009-07-01T12:00:00Z,0.0,80.125,120.125,-1.76,-0.08
2009-07-01T12:00:00Z,0.0,80.125,124.125,-1.76,-0.07
2009-07-01T12:00:00Z,0.0,80.125,128.125,-1.73,-0.04
2009-07-01T12:00:00Z,0.0,80.125,132.125,-1.69,-0.01
2009-07-01T12:00:00Z,0.0,80.125,136.125,-1.74,-0.11
2009-07-01T12:00:00Z,0.0,80.125,140.125,-1.74,-0.14
2009-07-01T12:00:00Z,0.0,80.125,144.125,-1.76,-0.09
2009-07-01T12:00:00Z,0.0,80.125,148.125,-1.78,-0.06
2009-07-01T12:00:00Z,0.0,80.125,152.125,-1.79,-0.07
2009-07-01T12:00:00Z,0.0,80.125,156.125,-1.77,-0.07
2009-07-01T12:00:00Z,0.0,80.125,160.125,-1.79,-0.1
2009-07-01T12:00:00Z,0.0,80.125,164.125,-1.76,-0.06
2009-07-01T12:00:00Z,0.0,80.125,168.125,-1.75,-0.04
2009-07-01T12:00:00Z,0.0,80.125,172.125,-1.75,-0.02
2009-07-01T12:00:00Z,0.0,80.125,176.125,-1.75,-0.01
2009-07-01T12:00:00Z,0.0,80.125,180.125,-1.75,0.0
2009-07-01T12:00:00Z,0.0,80.125,184.125,-1.76,0.0
2009-07-01T12:00:00Z,0.0,80.125,188.125,-1.74,0.02
2009-07-01T12:00:00Z,0.0,80.125,192.125,-1.78,-0.02
2009-07-01T12:00:00Z,0.0,80.125,196.125,-1.49,0.26
2009-07-01T12:00:00Z,0.0,80.125,200.125,-1.59,0.16
2009-07-01T12:00:00Z,0.0,80.125,204.125,-1.79,-0.05
2009-07-01T12:00:00Z,0.0,80.125,208.125,-1.76,-0.03
2009-07-01T12:00:00Z,0.0,80.125,212.125,-1.78,-0.07
2009-07-01T12:00:00Z,0.0,80.125,216.125,-1.75,-0.05
2009-07-01T12:00:00Z,0.0,80.125,220.125,-1.64,0.07
2009-07-01T12:00:00Z,0.0,80.125,224.125,-1.78,-0.08
2009-07-01T12:00:00Z,0.0,80.125,228.125,-1.78,-0.08
2009-07-01T12:00:00Z,0.0,80.125,232.125,-1.78,-0.07
2009-07-01T12:00:00Z,0.0,80.125,236.125,-1.79,-0.09
2009-07-01T12:00:00Z,0.0,80.125,240.125,-1.78,-0.12
2009-07-01T12:00:00Z,0.0,80.125,244.125,-1.76,-0.14
2009-07-01T12:00:00Z,0.0,80.125,248.125,-1.79,-0.17
2009-07-01T12:00:00Z,0.0,80.125,252.125,-1.79,-0.2
2009-07-01T12:00:00Z,0.0,80.125,256.125,-1.77,-0.27
2009-07-01T12:00:00Z,0.0,80.125,260.125,-1.77,-0.39
2009-07-01T12:00:00Z,0.0,80.125,264.125,NaN,NaN
2009-07-01T12:00:00Z,0.0,80.125,268.125,NaN,NaN
2009-07-01T12:00:00Z,0.0,80.125,272.125,NaN,NaN
2009-07-01T12:00:00Z,0.0,80.125,276.125,NaN,NaN
2009-07-01T12:00:00Z,0.0,80.125,280.125,NaN,NaN
2009-07-01T12:00:00Z,0.0,80.125,284.125,NaN,NaN
2009-07-01T12:00:00Z,0.0,80.125,288.125,NaN,NaN
2009-07-01T12:00:00Z,0.0,80.125,292.125,0.07,1.23
2009-07-01T12:00:00Z,0.0,80.125,296.125,NaN,NaN
2009-07-01T12:00:00Z,0.0,80.125,300.125,NaN,NaN
2009-07-01T12:00:00Z,0.0,80.125,304.125,NaN,NaN
2009-07-01T12:00:00Z,0.0,80.125,308.125,NaN,NaN
2009-07-01T12:00:00Z,0.0,80.125,312.125,NaN,NaN
2009-07-01T12:00:00Z,0.0,80.125,316.125,NaN,NaN
2009-07-01T12:00:00Z,0.0,80.125,320.125,NaN,NaN
2009-07-01T12:00:00Z,0.0,80.125,324.125,NaN,NaN
2009-07-01T12:00:00Z,0.0,80.125,328.125,NaN,NaN
2009-07-01T12:00:00Z,0.0,80.125,332.125,NaN,NaN
2009-07-01T12:00:00Z,0.0,80.125,336.125,NaN,NaN
2009-07-01T12:00:00Z,0.0,80.125,340.125,NaN,NaN
2009-07-01T12:00:00Z,0.0,80.125,344.125,-1.77,-1.48
2009-07-01T12:00:00Z,0.0,80.125,348.125,-0.11,0.07
2009-07-01T12:00:00Z,0.0,80.125,352.125,-1.72,-1.03
2009-07-01T12:00:00Z,0.0,80.125,356.125,-1.72,-1.14
2009-07-01T12:00:00Z,0.0,84.125,0.125,-1.79,-0.1
2009-07-01T12:00:00Z,0.0,84.125,4.125,-1.79,-0.1
2009-07-01T12:00:00Z,0.0,84.125,8.125,-1.79,-0.11
2009-07-01T12:00:00Z,0.0,84.125,12.125,-1.79,-0.14
2009-07-01T12:00:00Z,0.0,84.125,16.125,-1.79,-0.15
2009-07-01T12:00:00Z,0.0,84.125,20.125,-1.79,-0.13
2009-07-01T12:00:00Z,0.0,84.125,24.125,-1.79,-0.12
2009-07-01T12:00:00Z,0.0,84.125,28.125,-1.79,-0.1
2009-07-01T12:00:00Z,0.0,84.125,32.125,-1.79,-0.09
2009-07-01T12:00:00Z,0.0,84.125,36.125,-1.79,-0.09
2009-07-01T12:00:00Z,0.0,84.125,40.125,-1.78,-0.07
2009-07-01T12:00:00Z,0.0,84.125,44.125,-1.77,-0.05
2009-07-01T12:00:00Z,0.0,84.125,48.125,-1.77,-0.06
2009-07-01T12:00:00Z,0.0,84.125,52.125,-1.77,-0.08
2009-07-01T12:00:00Z,0.0,84.125,56.125,-1.77,-0.09
2009-07-01T12:00:00Z,0.0,84.125,60.125,-1.77,-0.09
2009-07-01T12:00:00Z,0.0,84.125,64.125,-1.76,-0.09
2009-07-01T12:00:00Z,0.0,84.125,68.125,-1.77,-0.07
2009-07-01T12:00:00Z,0.0,84.125,72.125,-1.76,-0.03
2009-07-01T12:00:00Z,0.0,84.125,76.125,-1.75,-0.01
2009-07-01T12:00:00Z,0.0,84.125,80.125,-1.75,-0.01
2009-07-01T12:00:00Z,0.0,84.125,84.125,-1.76,-0.02
2009-07-01T12:00:00Z,0.0,84.125,88.125,-1.76,-0.03
2009-07-01T12:00:00Z,0.0,84.125,92.125,-1.77,-0.07
2009-07-01T12:00:00Z,0.0,84.125,96.125,-1.79,-0.1
2009-07-01T12:00:00Z,0.0,84.125,100.125,-1.79,-0.07
2009-07-01T12:00:00Z,0.0,84.125,104.125,-1.8,-0.06
2009-07-01T12:00:00Z,0.0,84.125,108.125,-1.79,-0.06
2009-07-01T12:00:00Z,0.0,84.125,112.125,-1.79,-0.05
2009-07-01T12:00:00Z,0.0,84.125,116.125,-1.78,-0.05
2009-07-01T12:00:00Z,0.0,84.125,120.125,-1.77,-0.04
2009-07-01T12:00:00Z,0.0,84.125,124.125,-1.78,-0.04
2009-07-01T12:00:00Z,0.0,84.125,128.125,-1.79,-0.05
2009-07-01T12:00:00Z,0.0,84.125,132.125,-1.8,-0.05
2009-07-01T12:00:00Z,0.0,84.125,136.125,-1.8,-0.05
2009-07-01T12:00:00Z,0.0,84.125,140.125,-1.8,-0.05
2009-07-01T12:00:00Z,0.0,84.125,144.125,-1.8,-0.06
2009-07-01T12:00:00Z,0.0,84.125,148.125,-1.8,-0.07
2009-07-01T12:00:00Z,0.0,84.125,152.125,-1.8,-0.08
2009-07-01T12:00:00Z,0.0,84.125,156.125,-1.8,-0.09
2009-07-01T12:00:00Z,0.0,84.125,160.125,-1.8,-0.08
2009-07-01T12:00:00Z,0.0,84.125,164.125,-1.8,-0.08
2009-07-01T12:00:00Z,0.0,84.125,168.125,-1.8,-0.07
2009-07-01T12:00:00Z,0.0,84.125,172.125,-1.79,-0.05
2009-07-01T12:00:00Z,0.0,84.125,176.125,-1.77,-0.02
2009-07-01T12:00:00Z,0.0,84.125,180.125,-1.76,0.0
2009-07-01T12:00:00Z,0.0,84.125,184.125,-1.66,0.1
2009-07-01T12:00:00Z,0.0,84.125,188.125,-1.74,0.02
2009-07-01T12:00:00Z,0.0,84.125,192.125,-1.76,-0.01
2009-07-01T12:00:00Z,0.0,84.125,196.125,-1.77,-0.01
2009-07-01T12:00:00Z,0.0,84.125,200.125,-1.79,-0.03
2009-07-01T12:00:00Z,0.0,84.125,204.125,-1.8,-0.04
2009-07-01T12:00:00Z,0.0,84.125,208.125,-1.8,-0.04
2009-07-01T12:00:00Z,0.0,84.125,212.125,-1.8,-0.05
2009-07-01T12:00:00Z,0.0,84.125,216.125,-1.8,-0.06
2009-07-01T12:00:00Z,0.0,84.125,220.125,-1.79,-0.04
2009-07-01T12:00:00Z,0.0,84.125,224.125,-1.8,-0.04
2009-07-01T12:00:00Z,0.0,84.125,228.125,-1.8,-0.04
2009-07-01T12:00:00Z,0.0,84.125,232.125,-1.79,-0.03
2009-07-01T12:00:00Z,0.0,84.125,236.125,-1.79,-0.04
2009-07-01T12:00:00Z,0.0,84.125,240.125,-1.76,0.0
2009-07-01T12:00:00Z,0.0,84.125,244.125,-1.73,0.03
2009-07-01T12:00:00Z,0.0,84.125,248.125,-1.76,0.0
2009-07-01T12:00:00Z,0.0,84.125,252.125,-1.77,-0.01
2009-07-01T12:00:00Z,0.0,84.125,256.125,-1.78,-0.02
2009-07-01T12:00:00Z,0.0,84.125,260.125,-1.8,-0.04
2009-07-01T12:00:00Z,0.0,84.125,264.125,-1.8,-0.04
2009-07-01T12:00:00Z,0.0,84.125,268.125,-1.8,-0.04
2009-07-01T12:00:00Z,0.0,84.125,272.125,-1.8,-0.05
2009-07-01T12:00:00Z,0.0,84.125,276.125,-1.8,-0.04
2009-07-01T12:00:00Z,0.0,84.125,280.125,-1.8,-0.07
2009-07-01T12:00:00Z,0.0,84.125,284.125,-1.79,-0.05
2009-07-01T12:00:00Z,0.0,84.125,288.125,-1.8,-0.04
2009-07-01T12:00:00Z,0.0,84.125,292.125,-1.8,-0.08
2009-07-01T12:00:00Z,0.0,84.125,296.125,-1.8,-0.11
2009-07-01T12:00:00Z,0.0,84.125,300.125,-1.76,-0.07
2009-07-01T12:00:00Z,0.0,84.125,304.125,-1.8,-0.11
2009-07-01T12:00:00Z,0.0,84.125,308.125,-1.8,-0.11
2009-07-01T12:00:00Z,0.0,84.125,312.125,-1.78,-0.07
2009-07-01T12:00:00Z,0.0,84.125,316.125,-1.8,-0.08
2009-07-01T12:00:00Z,0.0,84.125,320.125,-1.79,-0.08
2009-07-01T12:00:00Z,0.0,84.125,324.125,-1.8,-0.12
2009-07-01T12:00:00Z,0.0,84.125,328.125,-1.79,-0.17
2009-07-01T12:00:00Z,0.0,84.125,332.125,-1.79,-0.25
2009-07-01T12:00:00Z,0.0,84.125,336.125,-1.8,-0.28
2009-07-01T12:00:00Z,0.0,84.125,340.125,-1.8,-0.25
2009-07-01T12:00:00Z,0.0,84.125,344.125,-1.8,-0.29
2009-07-01T12:00:00Z,0.0,84.125,348.125,-1.8,-0.29
2009-07-01T12:00:00Z,0.0,84.125,352.125,-1.8,-0.18
2009-07-01T12:00:00Z,0.0,84.125,356.125,-1.79,-0.12
2009-07-01T12:00:00Z,0.0,88.125,0.125,-1.78,0.0
2009-07-01T12:00:00Z,0.0,88.125,4.125,-1.78,-0.01
2009-07-01T12:00:00Z,0.0,88.125,8.125,-1.79,-0.01
2009-07-01T12:00:00Z,0.0,88.125,12.125,-1.79,-0.02
2009-07-01T12:00:00Z,0.0,88.125,16.125,-1.79,-0.02
2009-07-01T12:00:00Z,0.0,88.125,20.125,-1.79,-0.01
2009-07-01T12:00:00Z,0.0,88.125,24.125,-1.79,-0.01
2009-07-01T12:00:00Z,0.0,88.125,28.125,-1.79,-0.01
2009-07-01T12:00:00Z,0.0,88.125,32.125,-1.79,-0.01
2009-07-01T12:00:00Z,0.0,88.125,36.125,-1.79,0.0
2009-07-01T12:00:00Z,0.0,88.125,40.125,-1.79,0.0
2009-07-01T12:00:00Z,0.0,88.125,44.125,-1.78,-0.01
2009-07-01T12:00:00Z,0.0,88.125,48.125,-1.78,-0.02
2009-07-01T12:00:00Z,0.0,88.125,52.125,-1.78,-0.02
2009-07-01T12:00:00Z,0.0,88.125,56.125,-1.78,-0.01
2009-07-01T12:00:00Z,0.0,88.125,60.125,-1.78,-0.01
2009-07-01T12:00:00Z,0.0,88.125,64.125,-1.78,0.0
2009-07-01T12:00:00Z,0.0,88.125,68.125,-1.78,0.0
2009-07-01T12:00:00Z,0.0,88.125,72.125,-1.78,0.0
2009-07-01T12:00:00Z,0.0,88.125,76.125,-1.78,0.01
2009-07-01T12:00:00Z,0.0,88.125,80.125,-1.78,0.01
2009-07-01T12:00:00Z,0.0,88.125,84.125,-1.78,0.01
2009-07-01T12:00:00Z,0.0,88.125,88.125,-1.78,0.0
2009-07-01T12:00:00Z,0.0,88.125,92.125,-1.78,0.0
2009-07-01T12:00:00Z,0.0,88.125,96.125,-1.79,0.0
2009-07-01T12:00:00Z,0.0,88.125,100.125,-1.79,0.0
2009-07-01T12:00:00Z,0.0,88.125,104.125,-1.79,0.0
2009-07-01T12:00:00Z,0.0,88.125,108.125,-1.79,0.0
2009-07-01T12:00:00Z,0.0,88.125,112.125,-1.79,0.0
2009-07-01T12:00:00Z,0.0,88.125,116.125,-1.79,0.0
2009-07-01T12:00:00Z,0.0,88.125,120.125,-1.78,0.0
2009-07-01T12:00:00Z,0.0,88.125,124.125,-1.79,0.01
2009-07-01T12:00:00Z,0.0,88.125,128.125,-1.79,0.01
2009-07-01T12:00:00Z,0.0,88.125,132.125,-1.79,0.01
2009-07-01T12:00:00Z,0.0,88.125,136.125,-1.79,0.01
2009-07-01T12:00:00Z,0.0,88.125,140.125,-1.79,0.01
2009-07-01T12:00:00Z,0.0,88.125,144.125,-1.79,0.01
2009-07-01T12:00:00Z,0.0,88.125,148.125,-1.79,0.01
2009-07-01T12:00:00Z,0.0,88.125,152.125,-1.79,0.01
2009-07-01T12:00:00Z,0.0,88.125,156.125,-1.79,0.0
2009-07-01T12:00:00Z,0.0,88.125,160.125,-1.79,0.0
2009-07-01T12:00:00Z,0.0,88.125,164.125,-1.79,0.0
2009-07-01T12:00:00Z,0.0,88.125,168.125,-1.79,0.0
2009-07-01T12:00:00Z,0.0,88.125,172.125,-1.79,0.0
2009-07-01T12:00:00Z,0.0,88.125,176.125,-1.79,0.01
2009-07-01T12:00:00Z,0.0,88.125,180.125,-1.78,0.01
2009-07-01T12:00:00Z,0.0,88.125,184.125,-1.77,0.02
2009-07-01T12:00:00Z,0.0,88.125,188.125,-1.78,0.01
2009-07-01T12:00:00Z,0.0,88.125,192.125,-1.78,0.01
2009-07-01T12:00:00Z,0.0,88.125,196.125,-1.78,0.01
2009-07-01T12:00:00Z,0.0,88.125,200.125,-1.79,0.01
2009-07-01T12:00:00Z,0.0,88.125,204.125,-1.79,0.01
2009-07-01T12:00:00Z,0.0,88.125,208.125,-1.79,0.0
2009-07-01T12:00:00Z,0.0,88.125,212.125,-1.79,0.0
2009-07-01T12:00:00Z,0.0,88.125,216.125,-1.79,0.0
2009-07-01T12:00:00Z,0.0,88.125,220.125,-1.79,0.0
2009-07-01T12:00:00Z,0.0,88.125,224.125,-1.79,0.01
2009-07-01T12:00:00Z,0.0,88.125,228.125,-1.79,0.01
2009-07-01T12:00:00Z,0.0,88.125,232.125,-1.79,0.01
2009-07-01T12:00:00Z,0.0,88.125,236.125,-1.79,0.01
2009-07-01T12:00:00Z,0.0,88.125,240.125,-1.78,0.01
2009-07-01T12:00:00Z,0.0,88.125,244.125,-1.78,0.01
2009-07-01T12:00:00Z,0.0,88.125,248.125,-1.78,0.01
2009-07-01T12:00:00Z,0.0,88.125,252.125,-1.78,0.01
2009-07-01T12:00:00Z,0.0,88.125,256.125,-1.78,0.01
2009-07-01T12:00:00Z,0.0,88.125,260.125,-1.79,0.01
2009-07-01T12:00:00Z,0.0,88.125,264.125,-1.79,0.01
2009-07-01T12:00:00Z,0.0,88.125,268.125,-1.79,0.01
2009-07-01T12:00:00Z,0.0,88.125,272.125,-1.79,0.01
2009-07-01T12:00:00Z,0.0,88.125,276.125,-1.79,0.01
2009-07-01T12:00:00Z,0.0,88.125,280.125,-1.79,0.01
2009-07-01T12:00:00Z,0.0,88.125,284.125,-1.79,0.01
2009-07-01T12:00:00Z,0.0,88.125,288.125,-1.79,0.01
2009-07-01T12:00:00Z,0.0,88.125,292.125,-1.79,0.01
2009-07-01T12:00:00Z,0.0,88.125,296.125,-1.79,0.01
2009-07-01T12:00:00Z,0.0,88.125,300.125,-1.79,0.01
2009-07-01T12:00:00Z,0.0,88.125,304.125,-1.79,0.01
2009-07-01T12:00:00Z,0.0,88.125,308.125,-1.79,0.01
2009-07-01T12:00:00Z,0.0,88.125,312.125,-1.79,0.01
2009-07-01T12:00:00Z,0.0,88.125,316.125,-1.79,0.01
2009-07-01T12:00:00Z,0.0,88.125,320.125,-1.79,0.0
2009-07-01T12:00:00Z,0.0,88.125,324.125,-1.79,0.0
2009-07-01T12:00:00Z,0.0,88.125,328.125,-1.79,0.0
2009-07-01T12:00:00Z,0.0,88.125,332.125,-1.79,0.0
2009-07-01T12:00:00Z,0.0,88.125,336.125,-1.79,0.0
2009-07-01T12:00:00Z,0.0,88.125,340.125,-1.79,0.0
2009-07-01T12:00:00Z,0.0,88.125,344.125,-1.79,-0.01
2009-07-01T12:00:00Z,0.0,88.125,348.125,-1.79,-0.01
2009-07-01T12:00:00Z,0.0,88.125,352.125,-1.79,-0.01
2009-07-01T12:00:00Z,0.0,88.125,356.125,-1.79,0.0
