1990-01-01T12:00:00Z,0.0,-87.875,0.125,NaN,NaN
1990-01-01T12:00:00Z,0.0,-87.875,4.125,NaN,NaN
1990-01-01T12:00:00Z,0.0,-87.875,8.125,NaN,NaN
1990-01-01T12:00:00Z,0.0,-87.875,12.125,NaN,NaN
1990-01-01T12:00:00Z,0.0,-87.875,16.125,NaN,NaN
1990-01-01T12:00:00Z,0.0,-87.875,20.125,NaN,NaN
1990-01-01T12:00:00Z,0.0,-87.875,24.125,NaN,NaN
1990-01-01T12:00:00Z,0.0,-87.875,28.125,NaN,NaN
1990-01-01T12:00:00Z,0.0,-87.875,32.125,NaN,NaN
1990-01-01T12:00:00Z,0.0,-87.875,36.125,NaN,NaN
1990-01-01T12:00:00Z,0.0,-87.875,40.125,NaN,NaN
1990-01-01T12:00:00Z,0.0,-87.875,44.125,NaN,NaN
1990-01-01T12:00:00Z,0.0,-87.875,48.125,NaN,NaN
1990-01-01T12:00:00Z,0.0,-87.875,52.125,NaN,NaN
1990-01-01T12:00:00Z,0.0,-87.875,56.125,NaN,NaN
1990-01-01T12:00:00Z,0.0,-87.875,60.125,NaN,NaN
1990-01-01T12:00:00Z,0.0,-87.875,64.125,NaN,NaN
1990-01-01T12:00:00Z,0.0,-87.875,68.125,NaN,NaN
1990-01-01T12:00:00Z,0.0,-87.875,72.125,NaN,NaN
1990-01-01T12:00:00Z,0.0,-87.875,76.125,NaN,NaN
1990-01-01T12:00:00Z,0.0,-87.875,80.125,NaN,NaN
1990-01-01T12:00:00Z,0.0,-87.875,84.125,NaN,NaN
1990-01-01T12:00:00Z,0.0,-87.875,88.125,NaN,NaN
1990-01-01T12:00:00Z,0.0,-87.875,92.125,NaN,NaN
1990-01-01T12:00:00Z,0.0,-87.875,96.125,NaN,NaN
1990-01-01T12:00:00Z,0.0,-87.875,100.125,NaN,NaN
1990-01-01T12:00:00Z,0.0,-87.875,104.125,NaN,NaN
1990-01-01T12:00:00Z,0.0,-87.875,108.125,NaN,NaN
1990-01-01T12:00:00Z,0.0,-87.875,112.125,NaN,NaN
1990-01-01T12:00:00Z,0.0,-87.875,116.125,NaN,NaN
1990-01-01T12:00:00Z,0.0,-87.875,120.125,NaN,NaN
1990-01-01T12:00:00Z,0.0,-87.875,124.125,NaN,NaN
1990-01-01T12:00:00Z,0.0,-87.875,128.125,NaN,NaN
1990-01-01T12:00:00Z,0.0,-87.875,132.125,NaN,NaN
1990-01-01T12:00:00Z,0.0,-87.875,136.125,NaN,NaN
1990-01-01T12:00:00Z,0.0,-87.875,140.125,NaN,NaN
1990-01-01T12:00:00Z,0.0,-87.875,144.125,NaN,NaN
1990-01-01T12:00:00Z,0.0,-87.875,148.125,NaN,NaN
1990-01-01T12:00:00Z,0.0,-87.875,152.125,NaN,NaN
1990-01-01T12:00:00Z,0.0,-87.875,156.125,NaN,NaN
1990-01-01T12:00:00Z,0.0,-87.875,160.125,NaN,NaN
1990-01-01T12:00:00Z,0.0,-87.875,164.125,NaN,NaN
1990-01-01T12:00:00Z,0.0,-87.875,168.125,NaN,NaN
1990-01-01T12:00:00Z,0.0,-87.875,172.125,NaN,NaN
1990-01-01T12:00:00Z,0.0,-87.875,176.125,NaN,NaN
1990-01-01T12:00:00Z,0.0,-87.875,180.125,NaN,NaN
1990-01-01T12:00:00Z,0.0,-87.875,184.125,NaN,NaN
1990-01-01T12:00:00Z,0.0,-87.875,188.125,NaN,NaN
1990-01-01T12:00:00Z,0.0,-87.875,192.125,NaN,NaN
1990-01-01T12:00:00Z,0.0,-87.875,196.125,NaN,NaN
1990-01-01T12:00:00Z,0.0,-87.875,200.125,NaN,NaN
1990-01-01T12:00:00Z,0.0,-87.875,204.125,NaN,NaN
1990-01-01T12:00:00Z,0.0,-87.875,208.125,NaN,NaN
1990-01-01T12:00:00Z,0.0,-87.875,212.125,NaN,NaN
1990-01-01T12:00:00Z,0.0,-87.875,216.125,NaN,NaN
1990-01-01T12:00:00Z,0.0,-87.875,220.125,NaN,NaN
1990-01-01T12:00:00Z,0.0,-87.875,224.125,NaN,NaN
1990-01-01T12:00:00Z,0.0,-87.875,228.125,NaN,NaN
1990-01-01T12:00:00Z,0.0,-87.875,232.125,NaN,NaN
1990-01-01T12:00:00Z,0.0,-87.875,236.125,NaN,NaN
1990-01-01T12:00:00Z,0.0,-87.875,240.125,NaN,NaN
1990-01-01T12:00:00Z,0.0,-87.875,244.125,NaN,NaN
1990-01-01T12:00:00Z,0.0,-87.875,248.125,NaN,NaN
1990-01-01T12:00:00Z,0.0,-87.875,252.125,NaN,NaN
1990-01-01T12:00:00Z,0.0,-87.875,256.125,NaN,NaN
1990-01-01T12:00:00Z,0.0,-87.875,260.125,NaN,NaN
1990-01-01T12:00:00Z,0.0,-87.875,264.125,NaN,NaN
1990-01-01T12:00:00Z,0.0,-87.875,268.125,NaN,NaN
1990-01-01T12:00:00Z,0.0,-87.875,272.125,NaN,NaN
1990-01-01T12:00:00Z,0.0,-87.875,276.125,NaN,NaN
1990-01-01T12:00:00Z,0.0,-87.875,280.125,NaN,NaN
1990-01-01T12:00:00Z,0.0,-87.875,284.125,NaN,NaN
1990-01-01T12:00:00Z,0.0,-87.875,288.125,NaN,NaN
1990-01-01T12:00:00Z,0.0,-87.875,292.125,NaN,NaN
1990-01-01T12:00:00Z,0.0,-87.875,296.125,NaN,NaN
1990-01-01T12:00:00Z,0.0,-87.875,300.125,NaN,NaN
1990-01-01T12:00:00Z,0.0,-87.875,304.125,NaN,NaN
1990-01-01T12:00:00Z,0.0,-87.875,308.125,NaN,NaN
1990-01-01T12:00:00Z,0.0,-87.875,312.125,NaN,NaN
1990-01-01T12:00:00Z,0.0,-87.875,316.125,NaN,NaN
1990-01-01T12:00:00Z,0.0,-87.875,320.125,NaN,NaN
1990-01-01T12:00:00Z,0.0,-87.875,324.125,NaN,NaN
1990-01-01T12:00:00Z,0.0,-87.875,328.125,NaN,NaN
1990-01-01T12:00:00Z,0.0,-87.875,332.125,NaN,NaN
1990-01-01T12:00:00Z,0.0,-87.875,336.125,NaN,NaN
1990-01-01T12:00:00Z,0.0,-87.875,340.125,NaN,NaN
1990-01-01T12:00:00Z,0.0,-87.875,344.125,NaN,NaN
1990-01-01T12:00:00Z,0.0,-87.875,348.125,NaN,NaN
1990-01-01T12:00:00Z,0.0,-87.875,352.125,NaN,NaN
1990-01-01T12:00:00Z,0.0,-87.875,356.125,NaN,NaN
1990-01-01T12:00:00Z,0.0,-83.875,0.125,NaN,NaN
1990-01-01T12:00:00Z,0.0,-83.875,4.125,NaN,NaN
1990-01-01T12:00:00Z,0.0,-83.875,8.125,NaN,NaN
1990-01-01T12:00:00Z,0.0,-83.875,12.125,NaN,NaN
1990-01-01T12:00:00Z,0.0,-83.875,16.125,NaN,NaN
1990-01-01T12:00:00Z,0.0,-83.875,20.125,NaN,NaN
1990-01-01T12:00:00Z,0.0,-83.875,24.125,NaN,NaN
1990-01-01T12:00:00Z,0.0,-83.875,28.125,NaN,NaN
1990-01-01T12:00:00Z,0.0,-83.875,32.125,NaN,NaN
1990-01-01T12:00:00Z,0.0,-83.875,36.125,NaN,NaN
1990-01-01T12:00:00Z,0.0,-83.875,40.125,NaN,NaN
1990-01-01T12:00:00Z,0.0,-83.875,44.125,NaN,NaN
1990-01-01T12:00:00Z,0.0,-83.875,48.125,NaN,NaN
1990-01-01T12:00:00Z,0.0,-83.875,52.125,NaN,NaN
1990-01-01T12:00:00Z,0.0,-83.875,56.125,NaN,NaN
1990-01-01T12:00:00Z,0.0,-83.875,60.125,NaN,NaN
1990-01-01T12:00:00Z,0.0,-83.875,64.125,NaN,NaN
1990-01-01T12:00:00Z,0.0,-83.875,68.125,NaN,NaN
1990-01-01T12:00:00Z,0.0,-83.875,72.125,NaN,NaN
1990-01-01T12:00:00Z,0.0,-83.875,76.125,NaN,NaN
1990-01-01T12:00:00Z,0.0,-83.875,80.125,NaN,NaN
1990-01-01T12:00:00Z,0.0,-83.875,84.125,NaN,NaN
1990-01-01T12:00:00Z,0.0,-83.875,88.125,NaN,NaN
1990-01-01T12:00:00Z,0.0,-83.875,92.125,NaN,NaN
1990-01-01T12:00:00Z,0.0,-83.875,96.125,NaN,NaN
1990-01-01T12:00:00Z,0.0,-83.875,100.125,NaN,NaN
1990-01-01T12:00:00Z,0.0,-83.875,104.125,NaN,NaN
1990-01-01T12:00:00Z,0.0,-83.875,108.125,NaN,NaN
1990-01-01T12:00:00Z,0.0,-83.875,112.125,NaN,NaN
1990-01-01T12:00:00Z,0.0,-83.875,116.125,NaN,NaN
1990-01-01T12:00:00Z,0.0,-83.875,120.125,NaN,NaN
1990-01-01T12:00:00Z,0.0,-83.875,124.125,NaN,NaN
1990-01-01T12:00:00Z,0.0,-83.875,128.125,NaN,NaN
1990-01-01T12:00:00Z,0.0,-83.875,132.125,NaN,NaN
1990-01-01T12:00:00Z,0.0,-83.875,136.125,NaN,NaN
1990-01-01T12:00:00Z,0.0,-83.875,140.125,NaN,NaN
1990-01-01T12:00:00Z,0.0,-83.875,144.125,NaN,NaN
1990-01-01T12:00:00Z,0.0,-83.875,148.125,NaN,NaN
1990-01-01T12:00:00Z,0.0,-83.875,152.125,NaN,NaN
1990-01-01T12:00:00Z,0.0,-83.875,156.125,NaN,NaN
1990-01-01T12:00:00Z,0.0,-83.875,160.125,NaN,NaN
1990-01-01T12:00:00Z,0.0,-83.875,164.125,NaN,NaN
1990-01-01T12:00:00Z,0.0,-83.875,168.125,NaN,NaN
1990-01-01T12:00:00Z,0.0,-83.875,172.125,NaN,NaN
1990-01-01T12:00:00Z,0.0,-83.875,176.125,NaN,NaN
1990-01-01T12:00:00Z,0.0,-83.875,180.125,NaN,NaN
1990-01-01T12:00:00Z,0.0,-83.875,184.125,NaN,NaN
1990-01-01T12:00:00Z,0.0,-83.875,188.125,NaN,NaN
1990-01-01T12:00:00Z,0.0,-83.875,192.125,NaN,NaN
1990-01-01T12:00:00Z,0.0,-83.875,196.125,NaN,NaN
1990-01-01T12:00:00Z,0.0,-83.875,200.125,NaN,NaN
1990-01-01T12:00:00Z,0.0,-83.875,204.125,NaN,NaN
1990-01-01T12:00:00Z,0.0,-83.875,208.125,NaN,NaN
1990-01-01T12:00:00Z,0.0,-83.875,212.125,NaN,NaN
1990-01-01T12:00:00Z,0.0,-83.875,216.125,NaN,NaN
1990-01-01T12:00:00Z,0.0,-83.875,220.125,NaN,NaN
1990-01-01T12:00:00Z,0.0,-83.875,224.125,NaN,NaN
1990-01-01T12:00:00Z,0.0,-83.875,228.125,NaN,NaN
1990-01-01T12:00:00Z,0.0,-83.875,232.125,NaN,NaN
1990-01-01T12:00:00Z,0.0,-83.875,236.125,NaN,NaN
1990-01-01T12:00:00Z,0.0,-83.875,240.125,NaN,NaN
1990-01-01T12:00:00Z,0.0,-83.875,244.125,NaN,NaN
1990-01-01T12:00:00Z,0.0,-83.875,248.125,NaN,NaN
1990-01-01T12:00:00Z,0.0,-83.875,252.125,NaN,NaN
1990-01-01T12:00:00Z,0.0,-83.875,256.125,NaN,NaN
1990-01-01T12:00:00Z,0.0,-83.875,260.125,NaN,NaN
1990-01-01T12:00:00Z,0.0,-83.875,264.125,NaN,NaN
1990-01-01T12:00:00Z,0.0,-83.875,268.125,NaN,NaN
1990-01-01T12:00:00Z,0.0,-83.875,272.125,NaN,NaN
1990-01-01T12:00:00Z,0.0,-83.875,276.125,NaN,NaN
1990-01-01T12:00:00Z,0.0,-83.875,280.125,NaN,NaN
1990-01-01T12:00:00Z,0.0,-83.875,284.125,NaN,NaN
1990-01-01T12:00:00Z,0.0,-83.875,288.125,NaN,NaN
1990-01-01T12:00:00Z,0.0,-83.875,292.125,NaN,NaN
1990-01-01T12:00:00Z,0.0,-83.875,296.125,NaN,NaN
1990-01-01T12:00:00Z,0.0,-83.875,300.125,NaN,NaN
1990-01-01T12:00:00Z,0.0,-83.875,304.125,NaN,NaN
1990-01-01T12:00:00Z,0.0,-83.875,308.125,NaN,NaN
1990-01-01T12:00:00Z,0.0,-83.875,312.125,NaN,NaN
1990-01-01T12:00:00Z,0.0,-83.875,316.125,NaN,NaN
1990-01-01T12:00:00Z,0.0,-83.875,320.125,NaN,NaN
1990-01-01T12:00:00Z,0.0,-83.875,324.125,NaN,NaN
1990-01-01T12:00:00Z,0.0,-83.875,328.125,NaN,NaN
1990-01-01T12:00:00Z,0.0,-83.875,332.125,NaN,NaN
1990-01-01T12:00:00Z,0.0,-83.875,336.125,NaN,NaN
1990-01-01T12:00:00Z,0.0,-83.875,340.125,NaN,NaN
1990-01-01T12:00:00Z,0.0,-83.875,344.125,NaN,NaN
1990-01-01T12:00:00Z,0.0,-83.875,348.125,NaN,NaN
1990-01-01T12:00:00Z,0.0,-83.875,352.125,NaN,NaN
1990-01-01T12:00:00Z,0.0,-83.875,356.125,NaN,NaN
1990-01-01T12:00:00Z,0.0,-79.875,0.125,NaN,NaN
1990-01-01T12:00:00Z,0.0,-79.875,4.125,NaN,NaN
1990-01-01T12:00:00Z,0.0,-79.875,8.125,NaN,NaN
1990-01-01T12:00:00Z,0.0,-79.875,12.125,NaN,NaN
1990-01-01T12:00:00Z,0.0,-79.875,16.125,NaN,NaN
1990-01-01T12:00:00Z,0.0,-79.875,20.125,NaN,NaN
1990-01-01T12:00:00Z,0.0,-79.875,24.125,NaN,NaN
1990-01-01T12:00:00Z,0.0,-79.875,28.125,NaN,NaN
1990-01-01T12:00:00Z,0.0,-79.875,32.125,NaN,NaN
1990-01-01T12:00:00Z,0.0,-79.875,36.125,NaN,NaN
1990-01-01T12:00:00Z,0.0,-79.875,40.125,NaN,NaN
1990-01-01T12:00:00Z,0.0,-79.875,44.125,NaN,NaN
1990-01-01T12:00:00Z,0.0,-79.875,48.125,NaN,NaN
1990-01-01T12:00:00Z,0.0,-79.875,52.125,NaN,NaN
1990-01-01T12:00:00Z,0.0,-79.875,56.125,NaN,NaN
1990-01-01T12:00:00Z,0.0,-79.875,60.125,NaN,NaN
1990-01-01T12:00:00Z,0.0,-79.875,64.125,NaN,NaN
1990-01-01T12:00:00Z,0.0,-79.875,68.125,NaN,NaN
1990-01-01T12:00:00Z,0.0,-79.875,72.125,NaN,NaN
1990-01-01T12:00:00Z,0.0,-79.875,76.125,NaN,NaN
1990-01-01T12:00:00Z,0.0,-79.875,80.125,NaN,NaN
1990-01-01T12:00:00Z,0.0,-79.875,84.125,NaN,NaN
1990-01-01T12:00:00Z,0.0,-79.875,88.125,NaN,NaN
1990-01-01T12:00:00Z,0.0,-79.875,92.125,NaN,NaN
1990-01-01T12:00:00Z,0.0,-79.875,96.125,NaN,NaN
1990-01-01T12:00:00Z,0.0,-79.875,100.125,NaN,NaN
1990-01-01T12:00:00Z,0.0,-79.875,104.125,NaN,NaN
1990-01-01T12:00:00Z,0.0,-79.875,108.125,NaN,NaN
1990-01-01T12:00:00Z,0.0,-79.875,112.125,NaN,NaN
1990-01-01T12:00:00Z,0.0,-79.875,116.125,NaN,NaN
1990-01-01T12:00:00Z,0.0,-79.875,120.125,NaN,NaN
1990-01-01T12:00:00Z,0.0,-79.875,124.125,NaN,NaN
1990-01-01T12:00:00Z,0.0,-79.875,128.125,NaN,NaN
1990-01-01T12:00:00Z,0.0,-79.875,132.125,NaN,NaN
1990-01-01T12:00:00Z,0.0,-79.875,136.125,NaN,NaN
1990-01-01T12:00:00Z,0.0,-79.875,140.125,NaN,NaN
1990-01-01T12:00:00Z,0.0,-79.875,144.125,NaN,NaN
1990-01-01T12:00:00Z,0.0,-79.875,148.125,NaN,NaN
1990-01-01T12:00:00Z,0.0,-79.875,152.125,NaN,NaN
1990-01-01T12:00:00Z,0.0,-79.875,156.125,NaN,NaN
1990-01-01T12:00:00Z,0.0,-79.875,160.125,NaN,NaN
1990-01-01T12:00:00Z,0.0,-79.875,164.125,NaN,NaN
1990-01-01T12:00:00Z,0.0,-79.875,168.125,NaN,NaN
1990-01-01T12:00:00Z,0.0,-79.875,172.125,NaN,NaN
1990-01-01T12:00:00Z,0.0,-79.875,176.125,NaN,NaN
1990-01-01T12:00:00Z,0.0,-79.875,180.125,NaN,NaN
1990-01-01T12:00:00Z,0.0,-79.875,184.125,NaN,NaN
1990-01-01T12:00:00Z,0.0,-79.875,188.125,NaN,NaN
1990-01-01T12:00:00Z,0.0,-79.875,192.125,NaN,NaN
1990-01-01T12:00:00Z,0.0,-79.875,196.125,NaN,NaN
1990-01-01T12:00:00Z,0.0,-79.875,200.125,NaN,NaN
1990-01-01T12:00:00Z,0.0,-79.875,204.125,NaN,NaN
1990-01-01T12:00:00Z,0.0,-79.875,208.125,NaN,NaN
1990-01-01T12:00:00Z,0.0,-79.875,212.125,NaN,NaN
1990-01-01T12:00:00Z,0.0,-79.875,216.125,NaN,NaN
1990-01-01T12:00:00Z,0.0,-79.875,220.125,NaN,NaN
1990-01-01T12:00:00Z,0.0,-79.875,224.125,NaN,NaN
1990-01-01T12:00:00Z,0.0,-79.875,228.125,NaN,NaN
1990-01-01T12:00:00Z,0.0,-79.875,232.125,NaN,NaN
1990-01-01T12:00:00Z,0.0,-79.875,236.125,NaN,NaN
1990-01-01T12:00:00Z,0.0,-79.875,240.125,NaN,NaN
1990-01-01T12:00:00Z,0.0,-79.875,244.125,NaN,NaN
1990-01-01T12:00:00Z,0.0,-79.875,248.125,NaN,NaN
1990-01-01T12:00:00Z,0.0,-79.875,252.125,NaN,NaN
1990-01-01T12:00:00Z,0.0,-79.875,256.125,NaN,NaN
1990-01-01T12:00:00Z,0.0,-79.875,260.125,NaN,NaN
1990-01-01T12:00:00Z,0.0,-79.875,264.125,NaN,NaN
1990-01-01T12:00:00Z,0.0,-79.875,268.125,NaN,NaN
1990-01-01T12:00:00Z,0.0,-79.875,272.125,NaN,NaN
1990-01-01T12:00:00Z,0.0,-79.875,276.125,NaN,NaN
1990-01-01T12:00:00Z,0.0,-79.875,280.125,NaN,NaN
1990-01-01T12:00:00Z,0.0,-79.875,284.125,NaN,NaN
1990-01-01T12:00:00Z,0.0,-79.875,288.125,NaN,NaN
1990-01-01T12:00:00Z,0.0,-79.875,292.125,NaN,NaN
1990-01-01T12:00:00Z,0.0,-79.875,296.125,NaN,NaN
1990-01-01T12:00:00Z,0.0,-79.875,300.125,NaN,NaN
1990-01-01T12:00:00Z,0.0,-79.875,304.125,NaN,NaN
1990-01-01T12:00:00Z,0.0,-79.875,308.125,NaN,NaN
1990-01-01T12:00:00Z,0.0,-79.875,312.125,NaN,NaN
1990-01-01T12:00:00Z,0.0,-79.875,316.125,NaN,NaN
1990-01-01T12:00:00Z,0.0,-79.875,320.125,NaN,NaN
1990-01-01T12:00:00Z,0.0,-79.875,324.125,NaN,NaN
1990-01-01T12:00:00Z,0.0,-79.875,328.125,NaN,NaN
1990-01-01T12:00:00Z,0.0,-79.875,332.125,NaN,NaN
1990-01-01T12:00:00Z,0.0,-79.875,336.125,NaN,NaN
1990-01-01T12:00:00Z,0.0,-79.875,340.125,NaN,NaN
1990-01-01T12:00:00Z,0.0,-79.875,344.125,NaN,NaN
1990-01-01T12:00:00Z,0.0,-79.875,348.125,NaN,NaN
1990-01-01T12:00:00Z,0.0,-79.875,352.125,NaN,NaN
1990-01-01T12:00:00Z,0.0,-79.875,356.125,NaN,NaN
1990-01-01T12:00:00Z,0.0,-75.875,0.125,NaN,NaN
1990-01-01T12:00:00Z,0.0,-75.875,4.125,NaN,NaN
1990-01-01T12:00:00Z,0.0,-75.875,8.125,NaN,NaN
1990-01-01T12:00:00Z,0.0,-75.875,12.125,NaN,NaN
1990-01-01T12:00:00Z,0.0,-75.875,16.125,NaN,NaN
1990-01-01T12:00:00Z,0.0,-75.875,20.125,NaN,NaN
1990-01-01T12:00:00Z,0.0,-75.875,24.125,NaN,NaN
1990-01-01T12:00:00Z,0.0,-75.875,28.125,NaN,NaN
1990-01-01T12:00:00Z,0.0,-75.875,32.125,NaN,NaN
1990-01-01T12:00:00Z,0.0,-75.875,36.125,NaN,NaN
1990-01-01T12:00:00Z,0.0,-75.875,40.125,NaN,NaN
1990-01-01T12:00:00Z,0.0,-75.875,44.125,NaN,NaN
1990-01-01T12:00:00Z,0.0,-75.875,48.125,NaN,NaN
1990-01-01T12:00:00Z,0.0,-75.875,52.125,NaN,NaN
1990-01-01T12:00:00Z,0.0,-75.875,56.125,NaN,NaN
1990-01-01T12:00:00Z,0.0,-75.875,60.125,NaN,NaN
1990-01-01T12:00:00Z,0.0,-75.875,64.125,NaN,NaN
1990-01-01T12:00:00Z,0.0,-75.875,68.125,NaN,NaN
1990-01-01T12:00:00Z,0.0,-75.875,72.125,NaN,NaN
1990-01-01T12:00:00Z,0.0,-75.875,76.125,NaN,NaN
1990-01-01T12:00:00Z,0.0,-75.875,80.125,NaN,NaN
1990-01-01T12:00:00Z,0.0,-75.875,84.125,NaN,NaN
1990-01-01T12:00:00Z,0.0,-75.875,88.125,NaN,NaN
1990-01-01T12:00:00Z,0.0,-75.875,92.125,NaN,NaN
1990-01-01T12:00:00Z,0.0,-75.875,96.125,NaN,NaN
1990-01-01T12:00:00Z,0.0,-75.875,100.125,NaN,NaN
1990-01-01T12:00:00Z,0.0,-75.875,104.125,NaN,NaN
1990-01-01T12:00:00Z,0.0,-75.875,108.125,NaN,NaN
1990-01-01T12:00:00Z,0.0,-75.875,112.125,NaN,NaN
1990-01-01T12:00:00Z,0.0,-75.875,116.125,NaN,NaN
1990-01-01T12:00:00Z,0.0,-75.875,120.125,NaN,NaN
1990-01-01T12:00:00Z,0.0,-75.875,124.125,NaN,NaN
1990-01-01T12:00:00Z,0.0,-75.875,128.125,NaN,NaN
1990-01-01T12:00:00Z,0.0,-75.875,132.125,NaN,NaN
1990-01-01T12:00:00Z,0.0,-75.875,136.125,NaN,NaN
1990-01-01T12:00:00Z,0.0,-75.875,140.125,NaN,NaN
1990-01-01T12:00:00Z,0.0,-75.875,144.125,NaN,NaN
1990-01-01T12:00:00Z,0.0,-75.875,148.125,NaN,NaN
1990-01-01T12:00:00Z,0.0,-75.875,152.125,NaN,NaN
1990-01-01T12:00:00Z,0.0,-75.875,156.125,NaN,NaN
1990-01-01T12:00:00Z,0.0,-75.875,160.125,NaN,NaN
1990-01-01T12:00:00Z,0.0,-75.875,164.125,-0.52,0.13
1990-01-01T12:00:00Z,0.0,-75.875,168.125,-0.65,0.04
1990-01-01T12:00:00Z,0.0,-75.875,172.125,0.38,0.52
1990-01-01T12:00:00Z,0.0,-75.875,176.125,-0.25,-0.3
1990-01-01T12:00:00Z,0.0,-75.875,180.125,-0.87,-0.9
1990-01-01T12:00:00Z,0.0,-75.875,184.125,-1.17,-1.07
1990-01-01T12:00:00Z,0.0,-75.875,188.125,-1.47,-0.93
1990-01-01T12:00:00Z,0.0,-75.875,192.125,-1.8,-0.98
1990-01-01T12:00:00Z,0.0,-75.875,196.125,-1.66,-0.71
1990-01-01T12:00:00Z,0.0,-75.875,200.125,-1.3,-0.27
1990-01-01T12:00:00Z,0.0,-75.875,204.125,-1.55,-0.35
1990-01-01T12:00:00Z,0.0,-75.875,208.125,-1.66,-0.47
1990-01-01T12:00:00Z,0.0,-75.875,212.125,-1.5,-0.19
1990-01-01T12:00:00Z,0.0,-75.875,216.125,NaN,NaN
1990-01-01T12:00:00Z,0.0,-75.875,220.125,NaN,NaN
1990-01-01T12:00:00Z,0.0,-75.875,224.125,NaN,NaN
1990-01-01T12:00:00Z,0.0,-75.875,228.125,NaN,NaN
1990-01-01T12:00:00Z,0.0,-75.875,232.125,NaN,NaN
1990-01-01T12:00:00Z,0.0,-75.875,236.125,NaN,NaN
1990-01-01T12:00:00Z,0.0,-75.875,240.125,NaN,NaN
1990-01-01T12:00:00Z,0.0,-75.875,244.125,NaN,NaN
1990-01-01T12:00:00Z,0.0,-75.875,248.125,NaN,NaN
1990-01-01T12:00:00Z,0.0,-75.875,252.125,NaN,NaN
1990-01-01T12:00:00Z,0.0,-75.875,256.125,NaN,NaN
1990-01-01T12:00:00Z,0.0,-75.875,260.125,NaN,NaN
1990-01-01T12:00:00Z,0.0,-75.875,264.125,NaN,NaN
1990-01-01T12:00:00Z,0.0,-75.875,268.125,NaN,NaN
1990-01-01T12:00:00Z,0.0,-75.875,272.125,NaN,NaN
1990-01-01T12:00:00Z,0.0,-75.875,276.125,NaN,NaN
1990-01-01T12:00:00Z,0.0,-75.875,280.125,NaN,NaN
1990-01-01T12:00:00Z,0.0,-75.875,284.125,NaN,NaN
1990-01-01T12:00:00Z,0.0,-75.875,288.125,NaN,NaN
1990-01-01T12:00:00Z,0.0,-75.875,292.125,NaN,NaN
1990-01-01T12:00:00Z,0.0,-75.875,296.125,-0.78,0.23
1990-01-01T12:00:00Z,0.0,-75.875,300.125,-1.1,-0.23
1990-01-01T12:00:00Z,0.0,-75.875,304.125,-1.16,0.04
1990-01-01T12:00:00Z,0.0,-75.875,308.125,-1.7,-0.46
1990-01-01T12:00:00Z,0.0,-75.875,312.125,-1.41,-0.17
1990-01-01T12:00:00Z,0.0,-75.875,316.125,-1.26,0.04
1990-01-01T12:00:00Z,0.0,-75.875,320.125,-1.35,0.13
1990-01-01T12:00:00Z,0.0,-75.875,324.125,-1.22,0.2
1990-01-01T12:00:00Z,0.0,-75.875,328.125,-1.43,-0.31
1990-01-01T12:00:00Z,0.0,-75.875,332.125,-0.38,0.3
1990-01-01T12:00:00Z,0.0,-75.875,336.125,-0.38,0.4
1990-01-01T12:00:00Z,0.0,-75.875,340.125,NaN,NaN
1990-01-01T12:00:00Z,0.0,-75.875,344.125,NaN,NaN
1990-01-01T12:00:00Z,0.0,-75.875,348.125,NaN,NaN
1990-01-01T12:00:00Z,0.0,-75.875,352.125,NaN,NaN
1990-01-01T12:00:00Z,0.0,-75.875,356.125,NaN,NaN
1990-01-01T12:00:00Z,0.0,-71.875,0.125,NaN,NaN
1990-01-01T12:00:00Z,0.0,-71.875,4.125,NaN,NaN
1990-01-01T12:00:00Z,0.0,-71.875,8.125,NaN,NaN
1990-01-01T12:00:00Z,0.0,-71.875,12.125,NaN,NaN
1990-01-01T12:00:00Z,0.0,-71.875,16.125,NaN,NaN
1990-01-01T12:00:00Z,0.0,-71.875,20.125,NaN,NaN
1990-01-01T12:00:00Z,0.0,-71.875,24.125,NaN,NaN
1990-01-01T12:00:00Z,0.0,-71.875,28.125,NaN,NaN
1990-01-01T12:00:00Z,0.0,-71.875,32.125,NaN,NaN
1990-01-01T12:00:00Z,0.0,-71.875,36.125,NaN,NaN
1990-01-01T12:00:00Z,0.0,-71.875,40.125,NaN,NaN
1990-01-01T12:00:00Z,0.0,-71.875,44.125,NaN,NaN
1990-01-01T12:00:00Z,0.0,-71.875,48.125,NaN,NaN
1990-01-01T12:00:00Z,0.0,-71.875,52.125,NaN,NaN
1990-01-01T12:00:00Z,0.0,-71.875,56.125,NaN,NaN
1990-01-01T12:00:00Z,0.0,-71.875,60.125,NaN,NaN
1990-01-01T12:00:00Z,0.0,-71.875,64.125,NaN,NaN
1990-01-01T12:00:00Z,0.0,-71.875,68.125,-0.97,0.0
1990-01-01T12:00:00Z,0.0,-71.875,72.125,NaN,NaN
1990-01-01T12:00:00Z,0.0,-71.875,76.125,NaN,NaN
1990-01-01T12:00:00Z,0.0,-71.875,80.125,NaN,NaN
1990-01-01T12:00:00Z,0.0,-71.875,84.125,NaN,NaN
1990-01-01T12:00:00Z,0.0,-71.875,88.125,NaN,NaN
1990-01-01T12:00:00Z,0.0,-71.875,92.125,NaN,NaN
1990-01-01T12:00:00Z,0.0,-71.875,96.125,NaN,NaN
1990-01-01T12:00:00Z,0.0,-71.875,100.125,NaN,NaN
1990-01-01T12:00:00Z,0.0,-71.875,104.125,NaN,NaN
1990-01-01T12:00:00Z,0.0,-71.875,108.125,NaN,NaN
1990-01-01T12:00:00Z,0.0,-71.875,112.125,NaN,NaN
1990-01-01T12:00:00Z,0.0,-71.875,116.125,NaN,NaN
1990-01-01T12:00:00Z,0.0,-71.875,120.125,NaN,NaN
1990-01-01T12:00:00Z,0.0,-71.875,124.125,NaN,NaN
1990-01-01T12:00:00Z,0.0,-71.875,128.125,NaN,NaN
1990-01-01T12:00:00Z,0.0,-71.875,132.125,NaN,NaN
1990-01-01T12:00:00Z,0.0,-71.875,136.125,NaN,NaN
1990-01-01T12:00:00Z,0.0,-71.875,140.125,NaN,NaN
1990-01-01T12:00:00Z,0.0,-71.875,144.125,NaN,NaN
1990-01-01T12:00:00Z,0.0,-71.875,148.125,NaN,NaN
1990-01-01T12:00:00Z,0.0,-71.875,152.125,NaN,NaN
1990-01-01T12:00:00Z,0.0,-71.875,156.125,NaN,NaN
1990-01-01T12:00:00Z,0.0,-71.875,160.125,NaN,NaN
1990-01-01T12:00:00Z,0.0,-71.875,164.125,NaN,NaN
1990-01-01T12:00:00Z,0.0,-71.875,168.125,NaN,NaN
1990-01-01T12:00:00Z,0.0,-71.875,172.125,-0.85,-0.25
1990-01-01T12:00:00Z,0.0,-71.875,176.125,-0.93,-0.48
1990-01-01T12:00:00Z,0.0,-71.875,180.125,-0.86,-0.31
1990-01-01T12:00:00Z,0.0,-71.875,184.125,-1.55,-0.84
1990-01-01T12:00:00Z,0.0,-71.875,188.125,-1.21,-0.19
1990-01-01T12:00:00Z,0.0,-71.875,192.125,-1.33,-0.17
1990-01-01T12:00:00Z,0.0,-71.875,196.125,-1.31,-0.12
1990-01-01T12:00:00Z,0.0,-71.875,200.125,-1.3,-0.1
1990-01-01T12:00:00Z,0.0,-71.875,204.125,-1.36,-0.15
1990-01-01T12:00:00Z,0.0,-71.875,208.125,-1.34,-0.13
1990-01-01T12:00:00Z,0.0,-71.875,212.125,-1.36,-0.11
1990-01-01T12:00:00Z,0.0,-71.875,216.125,-1.55,-0.23
1990-01-01T12:00:00Z,0.0,-71.875,220.125,-1.35,-0.01
1990-01-01T12:00:00Z,0.0,-71.875,224.125,-1.44,-0.09
1990-01-01T12:00:00Z,0.0,-71.875,228.125,-1.76,-0.35
1990-01-01T12:00:00Z,0.0,-71.875,232.125,-1.79,-0.4
1990-01-01T12:00:00Z,0.0,-71.875,236.125,-1.8,-0.3
1990-01-01T12:00:00Z,0.0,-71.875,240.125,-1.78,-0.49
1990-01-01T12:00:00Z,0.0,-71.875,244.125,-1.67,-0.68
1990-01-01T12:00:00Z,0.0,-71.875,248.125,-1.8,-0.87
1990-01-01T12:00:00Z,0.0,-71.875,252.125,-1.79,-0.5
1990-01-01T12:00:00Z,0.0,-71.875,256.125,-1.7,-0.62
1990-01-01T12:00:00Z,0.0,-71.875,260.125,-1.54,-0.32
1990-01-01T12:00:00Z,0.0,-71.875,264.125,-1.63,-0.22
1990-01-01T12:00:00Z,0.0,-71.875,268.125,-1.63,-0.11
1990-01-01T12:00:00Z,0.0,-71.875,272.125,-1.8,-0.29
1990-01-01T12:00:00Z,0.0,-71.875,276.125,-1.63,-0.38
1990-01-01T12:00:00Z,0.0,-71.875,280.125,-1.77,-0.93
1990-01-01T12:00:00Z,0.0,-71.875,284.125,-0.72,0.02
1990-01-01T12:00:00Z,0.0,-71.875,288.125,-0.76,0.28
1990-01-01T12:00:00Z,0.0,-71.875,292.125,-1.29,0.05
1990-01-01T12:00:00Z,0.0,-71.875,296.125,NaN,NaN
1990-01-01T12:00:00Z,0.0,-71.875,300.125,-1.76,-0.3
1990-01-01T12:00:00Z,0.0,-71.875,304.125,-1.8,-0.14
1990-01-01T12:00:00Z,0.0,-71.875,308.125,-1.8,-0.07
1990-01-01T12:00:00Z,0.0,-71.875,312.125,-1.8,-0.07
1990-01-01T12:00:00Z,0.0,-71.875,316.125,-1.8,-0.12
1990-01-01T12:00:00Z,0.0,-71.875,320.125,-1.8,-0.2
1990-01-01T12:00:00Z,0.0,-71.875,324.125,-1.74,-0.32
1990-01-01T12:00:00Z,0.0,-71.875,328.125,-1.68,-0.46
1990-01-01T12:00:00Z,0.0,-71.875,332.125,-1.56,-0.54
1990-01-01T12:00:00Z,0.0,-71.875,336.125,-0.97,-0.05
1990-01-01T12:00:00Z,0.0,-71.875,340.125,-0.15,0.6
1990-01-01T12:00:00Z,0.0,-71.875,344.125,-0.48,0.35
1990-01-01T12:00:00Z,0.0,-71.875,348.125,-1.45,-0.6
1990-01-01T12:00:00Z,0.0,-71.875,352.125,NaN,NaN
1990-01-01T12:00:00Z,0.0,-71.875,356.125,NaN,NaN
1990-01-01T12:00:00Z,0.0,-67.875,0.125,0.38,0.64
1990-01-01T12:00:00Z,0.0,-67.875,4.125,-1.19,-0.97
1990-01-01T12:00:00Z,0.0,-67.875,8.125,-1.26,-0.88
1990-01-01T12:00:00Z,0.0,-67.875,12.125,-1.42,-0.87
1990-01-01T12:00:00Z,0.0,-67.875,16.125,-0.95,-0.41
1990-01-01T12:00:00Z,0.0,-67.875,20.125,-1.0,-0.59
1990-01-01T12:00:00Z,0.0,-67.875,24.125,-1.8,-1.2
1990-01-01T12:00:00Z,0.0,-67.875,28.125,-1.77,-0.89
1990-01-01T12:00:00Z,0.0,-67.875,32.125,-1.8,-0.82
1990-01-01T12:00:00Z,0.0,-67.875,36.125,-1.8,-0.7
1990-01-01T12:00:00Z,0.0,-67.875,40.125,-1.46,-0.28
1990-01-01T12:00:00Z,0.0,-67.875,44.125,-1.36,-0.1
1990-01-01T12:00:00Z,0.0,-67.875,48.125,NaN,NaN
1990-01-01T12:00:00Z,0.0,-67.875,52.125,NaN,NaN
1990-01-01T12:00:00Z,0.0,-67.875,56.125,NaN,NaN
1990-01-01T12:00:00Z,0.0,-67.875,60.125,NaN,NaN
1990-01-01T12:00:00Z,0.0,-67.875,64.125,NaN,NaN
1990-01-01T12:00:00Z,0.0,-67.875,68.125,NaN,NaN
1990-01-01T12:00:00Z,0.0,-67.875,72.125,-0.5,-0.18
1990-01-01T12:00:00Z,0.0,-67.875,76.125,1.18,1.15
1990-01-01T12:00:00Z,0.0,-67.875,80.125,-0.36,0.37
1990-01-01T12:00:00Z,0.0,-67.875,84.125,NaN,NaN
1990-01-01T12:00:00Z,0.0,-67.875,88.125,NaN,NaN
1990-01-01T12:00:00Z,0.0,-67.875,92.125,NaN,NaN
1990-01-01T12:00:00Z,0.0,-67.875,96.125,NaN,NaN
1990-01-01T12:00:00Z,0.0,-67.875,100.125,NaN,NaN
1990-01-01T12:00:00Z,0.0,-67.875,104.125,NaN,NaN
1990-01-01T12:00:00Z,0.0,-67.875,108.125,NaN,NaN
1990-01-01T12:00:00Z,0.0,-67.875,112.125,NaN,NaN
1990-01-01T12:00:00Z,0.0,-67.875,116.125,NaN,NaN
1990-01-01T12:00:00Z,0.0,-67.875,120.125,NaN,NaN
1990-01-01T12:00:00Z,0.0,-67.875,124.125,NaN,NaN
1990-01-01T12:00:00Z,0.0,-67.875,128.125,NaN,NaN
1990-01-01T12:00:00Z,0.0,-67.875,132.125,NaN,NaN
1990-01-01T12:00:00Z,0.0,-67.875,136.125,NaN,NaN
1990-01-01T12:00:00Z,0.0,-67.875,140.125,NaN,NaN
1990-01-01T12:00:00Z,0.0,-67.875,144.125,NaN,NaN
1990-01-01T12:00:00Z,0.0,-67.875,148.125,-1.48,-0.56
1990-01-01T12:00:00Z,0.0,-67.875,152.125,-1.8,-0.41
1990-01-01T12:00:00Z,0.0,-67.875,156.125,-1.8,-0.52
1990-01-01T12:00:00Z,0.0,-67.875,160.125,-1.8,-0.58
1990-01-01T12:00:00Z,0.0,-67.875,164.125,-1.67,-0.62
1990-01-01T12:00:00Z,0.0,-67.875,168.125,-1.43,-0.49
1990-01-01T12:00:00Z,0.0,-67.875,172.125,-1.39,-0.61
1990-01-01T12:00:00Z,0.0,-67.875,176.125,-1.24,-0.61
1990-01-01T12:00:00Z,0.0,-67.875,180.125,-1.26,-0.83
1990-01-01T12:00:00Z,0.0,-67.875,184.125,-1.28,-0.84
1990-01-01T12:00:00Z,0.0,-67.875,188.125,-1.44,-0.91
1990-01-01T12:00:00Z,0.0,-67.875,192.125,-1.41,-0.81
1990-01-01T12:00:00Z,0.0,-67.875,196.125,-1.53,-0.89
1990-01-01T12:00:00Z,0.0,-67.875,200.125,-1.52,-0.82
1990-01-01T12:00:00Z,0.0,-67.875,204.125,-1.24,-0.48
1990-01-01T12:00:00Z,0.0,-67.875,208.125,-1.59,-0.78
1990-01-01T12:00:00Z,0.0,-67.875,212.125,-1.22,-0.41
1990-01-01T12:00:00Z,0.0,-67.875,216.125,-1.37,-0.63
1990-01-01T12:00:00Z,0.0,-67.875,220.125,-1.39,-0.7
1990-01-01T12:00:00Z,0.0,-67.875,224.125,-1.17,-0.56
1990-01-01T12:00:00Z,0.0,-67.875,228.125,-0.62,-0.04
1990-01-01T12:00:00Z,0.0,-67.875,232.125,-0.46,0.08
1990-01-01T12:00:00Z,0.0,-67.875,236.125,-1.15,-0.8
1990-01-01T12:00:00Z,0.0,-67.875,240.125,-0.58,-0.47
1990-01-01T12:00:00Z,0.0,-67.875,244.125,-0.25,-0.3
1990-01-01T12:00:00Z,0.0,-67.875,248.125,-0.35,-0.51
1990-01-01T12:00:00Z,0.0,-67.875,252.125,-0.16,-0.47
1990-01-01T12:00:00Z,0.0,-67.875,256.125,-0.11,-0.56
1990-01-01T12:00:00Z,0.0,-67.875,260.125,-0.09,-0.65
1990-01-01T12:00:00Z,0.0,-67.875,264.125,0.21,-0.4
1990-01-01T12:00:00Z,0.0,-67.875,268.125,0.19,-0.29
1990-01-01T12:00:00Z,0.0,-67.875,272.125,-0.11,-0.5
1990-01-01T12:00:00Z,0.0,-67.875,276.125,1.06,0.56
1990-01-01T12:00:00Z,0.0,-67.875,280.125,1.37,1.05
1990-01-01T12:00:00Z,0.0,-67.875,284.125,1.27,1.26
1990-01-01T12:00:00Z,0.0,-67.875,288.125,0.97,1.2
1990-01-01T12:00:00Z,0.0,-67.875,292.125,1.65,2.31
1990-01-01T12:00:00Z,0.0,-67.875,296.125,-0.98,0.04
1990-01-01T12:00:00Z,0.0,-67.875,300.125,-1.68,-0.11
1990-01-01T12:00:00Z,0.0,-67.875,304.125,-1.8,-0.12
1990-01-01T12:00:00Z,0.0,-67.875,308.125,-1.8,-0.18
1990-01-01T12:00:00Z,0.0,-67.875,312.125,-1.8,-0.35
1990-01-01T12:00:00Z,0.0,-67.875,316.125,-1.76,-0.48
1990-01-01T12:00:00Z,0.0,-67.875,320.125,-1.66,-0.57
1990-01-01T12:00:00Z,0.0,-67.875,324.125,-1.36,-0.48
1990-01-01T12:00:00Z,0.0,-67.875,328.125,-1.53,-0.73
1990-01-01T12:00:00Z,0.0,-67.875,332.125,-1.66,-0.88
1990-01-01T12:00:00Z,0.0,-67.875,336.125,-1.56,-0.82
1990-01-01T12:00:00Z,0.0,-67.875,340.125,-1.12,-0.48
1990-01-01T12:00:00Z,0.0,-67.875,344.125,-0.62,-0.06
1990-01-01T12:00:00Z,0.0,-67.875,348.125,-0.21,0.33
1990-01-01T12:00:00Z,0.0,-67.875,352.125,-0.2,0.32
1990-01-01T12:00:00Z,0.0,-67.875,356.125,2.58,2.98
1990-01-01T12:00:00Z,0.0,-63.875,0.125,0.51,0.38
1990-01-01T12:00:00Z,0.0,-63.875,4.125,0.06,-0.11
1990-01-01T12:00:00Z,0.0,-63.875,8.125,-0.09,-0.33
1990-01-01T12:00:00Z,0.0,-63.875,12.125,-0.1,-0.37
1990-01-01T12:00:00Z,0.0,-63.875,16.125,-0.16,-0.37
1990-01-01T12:00:00Z,0.0,-63.875,20.125,0.35,0.22
1990-01-01T12:00:00Z,0.0,-63.875,24.125,-0.68,-0.78
1990-01-01T12:00:00Z,0.0,-63.875,28.125,-1.72,-1.9
1990-01-01T12:00:00Z,0.0,-63.875,32.125,-1.25,-1.46
1990-01-01T12:00:00Z,0.0,-63.875,36.125,-0.7,-1.05
1990-01-01T12:00:00Z,0.0,-63.875,40.125,-0.9,-1.34
1990-01-01T12:00:00Z,0.0,-63.875,44.125,-0.62,-1.02
1990-01-01T12:00:00Z,0.0,-63.875,48.125,-0.12,-0.41
1990-01-01T12:00:00Z,0.0,-63.875,52.125,-0.78,-0.97
1990-01-01T12:00:00Z,0.0,-63.875,56.125,-1.02,-1.16
1990-01-01T12:00:00Z,0.0,-63.875,60.125,-0.77,-1.12
1990-01-01T12:00:00Z,0.0,-63.875,64.125,-0.29,-0.6
1990-01-01T12:00:00Z,0.0,-63.875,68.125,-0.49,-0.69
1990-01-01T12:00:00Z,0.0,-63.875,72.125,-0.87,-1.23
1990-01-01T12:00:00Z,0.0,-63.875,76.125,-0.36,-0.77
1990-01-01T12:00:00Z,0.0,-63.875,80.125,-0.56,-0.79
1990-01-01T12:00:00Z,0.0,-63.875,84.125,-0.84,-0.8
1990-01-01T12:00:00Z,0.0,-63.875,88.125,-0.44,-0.49
1990-01-01T12:00:00Z,0.0,-63.875,92.125,-1.0,-1.04
1990-01-01T12:00:00Z,0.0,-63.875,96.125,-0.96,-0.46
1990-01-01T12:00:00Z,0.0,-63.875,100.125,-0.22,0.35
1990-01-01T12:00:00Z,0.0,-63.875,104.125,-1.28,-1.13
1990-01-01T12:00:00Z,0.0,-63.875,108.125,-0.22,-0.41
1990-01-01T12:00:00Z,0.0,-63.875,112.125,-0.49,-0.84
1990-01-01T12:00:00Z,0.0,-63.875,116.125,0.21,0.02
1990-01-01T12:00:00Z,0.0,-63.875,120.125,1.43,1.1
1990-01-01T12:00:00Z,0.0,-63.875,124.125,2.12,1.75
1990-01-01T12:00:00Z,0.0,-63.875,128.125,-0.46,-0.85
1990-01-01T12:00:00Z,0.0,-63.875,132.125,-0.04,-0.55
1990-01-01T12:00:00Z,0.0,-63.875,136.125,0.98,0.64
1990-01-01T12:00:00Z,0.0,-63.875,140.125,0.45,-0.12
1990-01-01T12:00:00Z,0.0,-63.875,144.125,0.53,-0.19
1990-01-01T12:00:00Z,0.0,-63.875,148.125,0.21,-0.4
1990-01-01T12:00:00Z,0.0,-63.875,152.125,-0.92,-1.27
1990-01-01T12:00:00Z,0.0,-63.875,156.125,-0.96,-1.28
1990-01-01T12:00:00Z,0.0,-63.875,160.125,-1.0,-1.22
1990-01-01T12:00:00Z,0.0,-63.875,164.125,-0.89,-1.24
1990-01-01T12:00:00Z,0.0,-63.875,168.125,0.41,-0.23
1990-01-01T12:00:00Z,0.0,-63.875,172.125,0.63,-0.41
1990-01-01T12:00:00Z,0.0,-63.875,176.125,1.14,-0.31
1990-01-01T12:00:00Z,0.0,-63.875,180.125,2.24,0.56
1990-01-01T12:00:00Z,0.0,-63.875,184.125,2.02,0.66
1990-01-01T12:00:00Z,0.0,-63.875,188.125,0.64,-0.18
1990-01-01T12:00:00Z,0.0,-63.875,192.125,-0.43,-0.82
1990-01-01T12:00:00Z,0.0,-63.875,196.125,-0.75,-0.96
1990-01-01T12:00:00Z,0.0,-63.875,200.125,-0.25,-0.38
1990-01-01T12:00:00Z,0.0,-63.875,204.125,-0.26,-0.35
1990-01-01T12:00:00Z,0.0,-63.875,208.125,0.05,0.1
1990-01-01T12:00:00Z,0.0,-63.875,212.125,0.02,0.11
1990-01-01T12:00:00Z,0.0,-63.875,216.125,-0.37,-0.35
1990-01-01T12:00:00Z,0.0,-63.875,220.125,-0.42,-0.51
1990-01-01T12:00:00Z,0.0,-63.875,224.125,-0.89,-1.15
1990-01-01T12:00:00Z,0.0,-63.875,228.125,-1.63,-2.14
1990-01-01T12:00:00Z,0.0,-63.875,232.125,-0.91,-1.91
1990-01-01T12:00:00Z,0.0,-63.875,236.125,-0.54,-1.97
1990-01-01T12:00:00Z,0.0,-63.875,240.125,-0.48,-2.09
1990-01-01T12:00:00Z,0.0,-63.875,244.125,0.94,-1.04
1990-01-01T12:00:00Z,0.0,-63.875,248.125,1.43,-0.81
1990-01-01T12:00:00Z,0.0,-63.875,252.125,1.85,-0.26
1990-01-01T12:00:00Z,0.0,-63.875,256.125,2.0,-0.01
1990-01-01T12:00:00Z,0.0,-63.875,260.125,2.32,0.2
1990-01-01T12:00:00Z,0.0,-63.875,264.125,4.04,1.88
1990-01-01T12:00:00Z,0.0,-63.875,268.125,4.38,2.21
1990-01-01T12:00:00Z,0.0,-63.875,272.125,4.84,2.29
1990-01-01T12:00:00Z,0.0,-63.875,276.125,4.81,2.34
1990-01-01T12:00:00Z,0.0,-63.875,280.125,3.38,1.08
1990-01-01T12:00:00Z,0.0,-63.875,284.125,2.95,0.72
1990-01-01T12:00:00Z,0.0,-63.875,288.125,2.11,0.31
1990-01-01T12:00:00Z,0.0,-63.875,292.125,1.05,-0.18
1990-01-01T12:00:00Z,0.0,-63.875,296.125,1.65,1.01
1990-01-01T12:00:00Z,0.0,-63.875,300.125,0.7,0.76
1990-01-01T12:00:00Z,0.0,-63.875,304.125,-0.16,0.26
1990-01-01T12:00:00Z,0.0,-63.875,308.125,-1.48,-1.07
1990-01-01T12:00:00Z,0.0,-63.875,312.125,-0.15,0.23
1990-01-01T12:00:00Z,0.0,-63.875,316.125,0.08,0.52
1990-01-01T12:00:00Z,0.0,-63.875,320.125,-0.27,0.31
1990-01-01T12:00:00Z,0.0,-63.875,324.125,0.16,0.72
1990-01-01T12:00:00Z,0.0,-63.875,328.125,-0.47,0.14
1990-01-01T12:00:00Z,0.0,-63.875,332.125,-0.97,-0.34
1990-01-01T12:00:00Z,0.0,-63.875,336.125,-1.18,-0.55
1990-01-01T12:00:00Z,0.0,-63.875,340.125,-1.51,-0.93
1990-01-01T12:00:00Z,0.0,-63.875,344.125,-1.44,-0.93
1990-01-01T12:00:00Z,0.0,-63.875,348.125,-1.43,-1.02
1990-01-01T12:00:00Z,0.0,-63.875,352.125,-0.26,0.02
1990-01-01T12:00:00Z,0.0,-63.875,356.125,0.35,0.42
1990-01-01T12:00:00Z,0.0,-59.875,0.125,-0.62,-0.63
1990-01-01T12:00:00Z,0.0,-59.875,4.125,-0.51,-0.51
1990-01-01T12:00:00Z,0.0,-59.875,8.125,-0.32,-0.33
1990-01-01T12:00:00Z,0.0,-59.875,12.125,-0.51,-0.6
1990-01-01T12:00:00Z,0.0,-59.875,16.125,-0.55,-0.67
1990-01-01T12:00:00Z,0.0,-59.875,20.125,-0.43,-0.65
1990-01-01T12:00:00Z,0.0,-59.875,24.125,-0.35,-0.89
1990-01-01T12:00:00Z,0.0,-59.875,28.125,-0.28,-1.02
1990-01-01T12:00:00Z,0.0,-59.875,32.125,-0.17,-0.89
1990-01-01T12:00:00Z,0.0,-59.875,36.125,-1.13,-1.89
1990-01-01T12:00:00Z,0.0,-59.875,40.125,-0.55,-1.24
1990-01-01T12:00:00Z,0.0,-59.875,44.125,-0.03,-0.75
1990-01-01T12:00:00Z,0.0,-59.875,48.125,-1.16,-1.9
1990-01-01T12:00:00Z,0.0,-59.875,52.125,0.3,-0.35
1990-01-01T12:00:00Z,0.0,-59.875,56.125,0.7,0.08
1990-01-01T12:00:00Z,0.0,-59.875,60.125,0.22,-0.43
1990-01-01T12:00:00Z,0.0,-59.875,64.125,0.28,-0.46
1990-01-01T12:00:00Z,0.0,-59.875,68.125,0.24,-0.47
1990-01-01T12:00:00Z,0.0,-59.875,72.125,0.33,-0.18
1990-01-01T12:00:00Z,0.0,-59.875,76.125,-0.62,-1.06
1990-01-01T12:00:00Z,0.0,-59.875,80.125,0.27,-0.27
1990-01-01T12:00:00Z,0.0,-59.875,84.125,0.65,-0.13
1990-01-01T12:00:00Z,0.0,-59.875,88.125,0.54,-0.67
1990-01-01T12:00:00Z,0.0,-59.875,92.125,0.49,-0.6
1990-01-01T12:00:00Z,0.0,-59.875,96.125,0.36,-0.6
1990-01-01T12:00:00Z,0.0,-59.875,100.125,0.93,-0.12
1990-01-01T12:00:00Z,0.0,-59.875,104.125,1.25,-0.08
1990-01-01T12:00:00Z,0.0,-59.875,108.125,0.9,-0.47
1990-01-01T12:00:00Z,0.0,-59.875,112.125,0.46,-1.09
1990-01-01T12:00:00Z,0.0,-59.875,116.125,2.94,1.18
1990-01-01T12:00:00Z,0.0,-59.875,120.125,3.48,1.75
1990-01-01T12:00:00Z,0.0,-59.875,124.125,0.73,-1.21
1990-01-01T12:00:00Z,0.0,-59.875,128.125,1.64,-0.59
1990-01-01T12:00:00Z,0.0,-59.875,132.125,1.38,-1.0
1990-01-01T12:00:00Z,0.0,-59.875,136.125,0.47,-1.81
1990-01-01T12:00:00Z,0.0,-59.875,140.125,1.72,-0.57
1990-01-01T12:00:00Z,0.0,-59.875,144.125,1.73,-0.46
1990-01-01T12:00:00Z,0.0,-59.875,148.125,1.56,0.01
1990-01-01T12:00:00Z,0.0,-59.875,152.125,0.36,-1.17
1990-01-01T12:00:00Z,0.0,-59.875,156.125,2.12,0.04
1990-01-01T12:00:00Z,0.0,-59.875,160.125,0.16,-2.28
1990-01-01T12:00:00Z,0.0,-59.875,164.125,2.14,-1.31
1990-01-01T12:00:00Z,0.0,-59.875,168.125,4.31,-0.16
1990-01-01T12:00:00Z,0.0,-59.875,172.125,5.29,0.18
1990-01-01T12:00:00Z,0.0,-59.875,176.125,5.83,1.08
1990-01-01T12:00:00Z,0.0,-59.875,180.125,5.23,0.84
1990-01-01T12:00:00Z,0.0,-59.875,184.125,4.44,0.34
1990-01-01T12:00:00Z,0.0,-59.875,188.125,4.34,0.58
1990-01-01T12:00:00Z,0.0,-59.875,192.125,4.1,0.8
1990-01-01T12:00:00Z,0.0,-59.875,196.125,3.69,0.89
1990-01-01T12:00:00Z,0.0,-59.875,200.125,2.29,0.11
1990-01-01T12:00:00Z,0.0,-59.875,204.125,0.12,-1.37
1990-01-01T12:00:00Z,0.0,-59.875,208.125,0.82,0.03
1990-01-01T12:00:00Z,0.0,-59.875,212.125,-0.35,-0.9
1990-01-01T12:00:00Z,0.0,-59.875,216.125,-0.25,-1.07
1990-01-01T12:00:00Z,0.0,-59.875,220.125,0.72,-0.58
1990-01-01T12:00:00Z,0.0,-59.875,224.125,0.43,-1.2
1990-01-01T12:00:00Z,0.0,-59.875,228.125,1.57,-0.59
1990-01-01T12:00:00Z,0.0,-59.875,232.125,1.31,-1.41
1990-01-01T12:00:00Z,0.0,-59.875,236.125,2.85,-0.43
1990-01-01T12:00:00Z,0.0,-59.875,240.125,3.16,-0.36
1990-01-01T12:00:00Z,0.0,-59.875,244.125,3.66,-0.24
1990-01-01T12:00:00Z,0.0,-59.875,248.125,3.94,-0.23
1990-01-01T12:00:00Z,0.0,-59.875,252.125,4.19,-0.09
1990-01-01T12:00:00Z,0.0,-59.875,256.125,4.17,-0.36
1990-01-01T12:00:00Z,0.0,-59.875,260.125,3.6,-1.24
1990-01-01T12:00:00Z,0.0,-59.875,264.125,5.17,0.27
1990-01-01T12:00:00Z,0.0,-59.875,268.125,5.84,0.94
1990-01-01T12:00:00Z,0.0,-59.875,272.125,6.0,0.78
1990-01-01T12:00:00Z,0.0,-59.875,276.125,6.58,1.12
1990-01-01T12:00:00Z,0.0,-59.875,280.125,6.85,1.22
1990-01-01T12:00:00Z,0.0,-59.875,284.125,7.26,1.61
1990-01-01T12:00:00Z,0.0,-59.875,288.125,7.14,2.02
1990-01-01T12:00:00Z,0.0,-59.875,292.125,6.14,1.97
1990-01-01T12:00:00Z,0.0,-59.875,296.125,4.72,1.95
1990-01-01T12:00:00Z,0.0,-59.875,300.125,3.93,1.92
1990-01-01T12:00:00Z,0.0,-59.875,304.125,2.48,0.91
1990-01-01T12:00:00Z,0.0,-59.875,308.125,2.64,1.47
1990-01-01T12:00:00Z,0.0,-59.875,312.125,1.23,0.2
1990-01-01T12:00:00Z,0.0,-59.875,316.125,0.01,-0.9
1990-01-01T12:00:00Z,0.0,-59.875,320.125,0.04,-0.47
1990-01-01T12:00:00Z,0.0,-59.875,324.125,1.26,0.94
1990-01-01T12:00:00Z,0.0,-59.875,328.125,0.86,0.72
1990-01-01T12:00:00Z,0.0,-59.875,332.125,0.22,0.27
1990-01-01T12:00:00Z,0.0,-59.875,336.125,-0.12,-0.31
1990-01-01T12:00:00Z,0.0,-59.875,340.125,0.12,0.01
1990-01-01T12:00:00Z,0.0,-59.875,344.125,-0.33,-0.24
1990-01-01T12:00:00Z,0.0,-59.875,348.125,-0.29,-0.13
1990-01-01T12:00:00Z,0.0,-59.875,352.125,-0.75,-0.61
1990-01-01T12:00:00Z,0.0,-59.875,356.125,-0.57,-0.48
1990-01-01T12:00:00Z,0.0,-55.875,0.125,0.12,-0.35
1990-01-01T12:00:00Z,0.0,-55.875,4.125,0.02,-0.42
1990-01-01T12:00:00Z,0.0,-55.875,8.125,-0.44,-0.84
1990-01-01T12:00:00Z,0.0,-55.875,12.125,-0.43,-0.8
1990-01-01T12:00:00Z,0.0,-55.875,16.125,-0.55,-1.11
1990-01-01T12:00:00Z,0.0,-55.875,20.125,-0.98,-1.55
1990-01-01T12:00:00Z,0.0,-55.875,24.125,-0.96,-1.81
1990-01-01T12:00:00Z,0.0,-55.875,28.125,-0.77,-2.34
1990-01-01T12:00:00Z,0.0,-55.875,32.125,0.64,-1.11
1990-01-01T12:00:00Z,0.0,-55.875,36.125,1.14,-0.75
1990-01-01T12:00:00Z,0.0,-55.875,40.125,0.47,-1.17
1990-01-01T12:00:00Z,0.0,-55.875,44.125,-0.16,-1.49
1990-01-01T12:00:00Z,0.0,-55.875,48.125,-0.13,-1.66
1990-01-01T12:00:00Z,0.0,-55.875,52.125,1.06,-0.69
1990-01-01T12:00:00Z,0.0,-55.875,56.125,1.53,-0.36
1990-01-01T12:00:00Z,0.0,-55.875,60.125,1.76,-0.21
1990-01-01T12:00:00Z,0.0,-55.875,64.125,0.82,-1.25
1990-01-01T12:00:00Z,0.0,-55.875,68.125,2.03,0.0
1990-01-01T12:00:00Z,0.0,-55.875,72.125,1.05,-0.7
1990-01-01T12:00:00Z,0.0,-55.875,76.125,-0.6,-1.87
1990-01-01T12:00:00Z,0.0,-55.875,80.125,-0.04,-1.07
1990-01-01T12:00:00Z,0.0,-55.875,84.125,2.02,0.11
1990-01-01T12:00:00Z,0.0,-55.875,88.125,1.21,-0.98
1990-01-01T12:00:00Z,0.0,-55.875,92.125,1.97,-0.06
1990-01-01T12:00:00Z,0.0,-55.875,96.125,2.89,0.79
1990-01-01T12:00:00Z,0.0,-55.875,100.125,1.03,-0.87
1990-01-01T12:00:00Z,0.0,-55.875,104.125,1.83,-0.18
1990-01-01T12:00:00Z,0.0,-55.875,108.125,2.8,0.33
1990-01-01T12:00:00Z,0.0,-55.875,112.125,4.01,1.1
1990-01-01T12:00:00Z,0.0,-55.875,116.125,3.86,0.47
1990-01-01T12:00:00Z,0.0,-55.875,120.125,5.11,1.53
1990-01-01T12:00:00Z,0.0,-55.875,124.125,3.93,0.09
1990-01-01T12:00:00Z,0.0,-55.875,128.125,2.42,-1.63
1990-01-01T12:00:00Z,0.0,-55.875,132.125,3.51,-0.77
1990-01-01T12:00:00Z,0.0,-55.875,136.125,4.76,0.38
1990-01-01T12:00:00Z,0.0,-55.875,140.125,4.4,0.36
1990-01-01T12:00:00Z,0.0,-55.875,144.125,3.25,-0.03
1990-01-01T12:00:00Z,0.0,-55.875,148.125,3.77,0.23
1990-01-01T12:00:00Z,0.0,-55.875,152.125,3.82,-0.99
1990-01-01T12:00:00Z,0.0,-55.875,156.125,4.12,-1.3
1990-01-01T12:00:00Z,0.0,-55.875,160.125,3.62,-1.58
1990-01-01T12:00:00Z,0.0,-55.875,164.125,4.81,-1.99
1990-01-01T12:00:00Z,0.0,-55.875,168.125,7.07,-0.56
1990-01-01T12:00:00Z,0.0,-55.875,172.125,6.24,-1.15
1990-01-01T12:00:00Z,0.0,-55.875,176.125,6.67,-0.5
1990-01-01T12:00:00Z,0.0,-55.875,180.125,8.43,0.86
1990-01-01T12:00:00Z,0.0,-55.875,184.125,7.49,0.02
1990-01-01T12:00:00Z,0.0,-55.875,188.125,7.13,0.25
1990-01-01T12:00:00Z,0.0,-55.875,192.125,6.46,-0.05
1990-01-01T12:00:00Z,0.0,-55.875,196.125,6.01,-0.17
1990-01-01T12:00:00Z,0.0,-55.875,200.125,5.96,0.13
1990-01-01T12:00:00Z,0.0,-55.875,204.125,5.95,0.5
1990-01-01T12:00:00Z,0.0,-55.875,208.125,4.75,0.11
1990-01-01T12:00:00Z,0.0,-55.875,212.125,2.95,-1.1
1990-01-01T12:00:00Z,0.0,-55.875,216.125,3.72,-0.61
1990-01-01T12:00:00Z,0.0,-55.875,220.125,5.51,0.29
1990-01-01T12:00:00Z,0.0,-55.875,224.125,4.52,-0.46
1990-01-01T12:00:00Z,0.0,-55.875,228.125,5.06,-0.32
1990-01-01T12:00:00Z,0.0,-55.875,232.125,5.15,-1.09
1990-01-01T12:00:00Z,0.0,-55.875,236.125,6.25,-0.23
1990-01-01T12:00:00Z,0.0,-55.875,240.125,6.23,0.01
1990-01-01T12:00:00Z,0.0,-55.875,244.125,5.31,-1.06
1990-01-01T12:00:00Z,0.0,-55.875,248.125,5.96,-0.66
1990-01-01T12:00:00Z,0.0,-55.875,252.125,6.07,-0.64
1990-01-01T12:00:00Z,0.0,-55.875,256.125,5.97,-0.75
1990-01-01T12:00:00Z,0.0,-55.875,260.125,6.42,-0.34
1990-01-01T12:00:00Z,0.0,-55.875,264.125,6.99,0.2
1990-01-01T12:00:00Z,0.0,-55.875,268.125,7.5,0.69
1990-01-01T12:00:00Z,0.0,-55.875,272.125,7.24,0.34
1990-01-01T12:00:00Z,0.0,-55.875,276.125,7.67,0.72
1990-01-01T12:00:00Z,0.0,-55.875,280.125,7.33,0.29
1990-01-01T12:00:00Z,0.0,-55.875,284.125,7.38,0.15
1990-01-01T12:00:00Z,0.0,-55.875,288.125,8.07,0.43
1990-01-01T12:00:00Z,0.0,-55.875,292.125,8.8,1.21
1990-01-01T12:00:00Z,0.0,-55.875,296.125,7.23,0.45
1990-01-01T12:00:00Z,0.0,-55.875,300.125,6.52,0.19
1990-01-01T12:00:00Z,0.0,-55.875,304.125,6.86,1.27
1990-01-01T12:00:00Z,0.0,-55.875,308.125,6.07,1.35
1990-01-01T12:00:00Z,0.0,-55.875,312.125,3.1,-0.61
1990-01-01T12:00:00Z,0.0,-55.875,316.125,2.38,-0.32
1990-01-01T12:00:00Z,0.0,-55.875,320.125,1.24,-0.83
1990-01-01T12:00:00Z,0.0,-55.875,324.125,1.35,-0.37
1990-01-01T12:00:00Z,0.0,-55.875,328.125,1.7,0.65
1990-01-01T12:00:00Z,0.0,-55.875,332.125,1.48,0.52
1990-01-01T12:00:00Z,0.0,-55.875,336.125,1.6,0.22
1990-01-01T12:00:00Z,0.0,-55.875,340.125,0.91,-0.45
1990-01-01T12:00:00Z,0.0,-55.875,344.125,1.72,0.39
1990-01-01T12:00:00Z,0.0,-55.875,348.125,0.36,-0.66
1990-01-01T12:00:00Z,0.0,-55.875,352.125,0.64,-0.06
1990-01-01T12:00:00Z,0.0,-55.875,356.125,-0.24,-0.73
1990-01-01T12:00:00Z,0.0,-51.875,0.125,1.5,-0.76
1990-01-01T12:00:00Z,0.0,-51.875,4.125,1.33,-0.96
1990-01-01T12:00:00Z,0.0,-51.875,8.125,1.31,-1.05
1990-01-01T12:00:00Z,0.0,-51.875,12.125,0.57,-1.27
1990-01-01T12:00:00Z,0.0,-51.875,16.125,1.01,-0.93
1990-01-01T12:00:00Z,0.0,-51.875,20.125,1.21,-0.56
1990-01-01T12:00:00Z,0.0,-51.875,24.125,0.93,-0.79
1990-01-01T12:00:00Z,0.0,-51.875,28.125,0.73,-1.79
1990-01-01T12:00:00Z,0.0,-51.875,32.125,2.45,-0.65
1990-01-01T12:00:00Z,0.0,-51.875,36.125,2.84,-0.43
1990-01-01T12:00:00Z,0.0,-51.875,40.125,2.51,-0.44
1990-01-01T12:00:00Z,0.0,-51.875,44.125,2.81,-0.01
1990-01-01T12:00:00Z,0.0,-51.875,48.125,3.33,0.14
1990-01-01T12:00:00Z,0.0,-51.875,52.125,4.02,0.6
1990-01-01T12:00:00Z,0.0,-51.875,56.125,2.9,-0.48
1990-01-01T12:00:00Z,0.0,-51.875,60.125,3.23,-0.23
1990-01-01T12:00:00Z,0.0,-51.875,64.125,3.68,0.28
1990-01-01T12:00:00Z,0.0,-51.875,68.125,2.98,-0.31
1990-01-01T12:00:00Z,0.0,-51.875,72.125,1.85,-1.11
1990-01-01T12:00:00Z,0.0,-51.875,76.125,2.22,-0.39
1990-01-01T12:00:00Z,0.0,-51.875,80.125,2.71,0.21
1990-01-01T12:00:00Z,0.0,-51.875,84.125,4.84,1.15
1990-01-01T12:00:00Z,0.0,-51.875,88.125,2.82,-1.75
1990-01-01T12:00:00Z,0.0,-51.875,92.125,3.95,-0.9
1990-01-01T12:00:00Z,0.0,-51.875,96.125,3.8,-0.7
1990-01-01T12:00:00Z,0.0,-51.875,100.125,4.67,0.24
1990-01-01T12:00:00Z,0.0,-51.875,104.125,4.26,-0.07
1990-01-01T12:00:00Z,0.0,-51.875,108.125,3.91,-0.18
1990-01-01T12:00:00Z,0.0,-51.875,112.125,4.94,0.97
1990-01-01T12:00:00Z,0.0,-51.875,116.125,4.41,-0.23
1990-01-01T12:00:00Z,0.0,-51.875,120.125,6.04,0.62
1990-01-01T12:00:00Z,0.0,-51.875,124.125,5.66,-0.46
1990-01-01T12:00:00Z,0.0,-51.875,128.125,5.84,-0.83
1990-01-01T12:00:00Z,0.0,-51.875,132.125,5.68,-1.24
1990-01-01T12:00:00Z,0.0,-51.875,136.125,4.92,-2.04
1990-01-01T12:00:00Z,0.0,-51.875,140.125,5.55,-1.25
1990-01-01T12:00:00Z,0.0,-51.875,144.125,5.74,-1.45
1990-01-01T12:00:00Z,0.0,-51.875,148.125,7.41,-0.84
1990-01-01T12:00:00Z,0.0,-51.875,152.125,7.88,-0.58
1990-01-01T12:00:00Z,0.0,-51.875,156.125,8.56,-0.41
1990-01-01T12:00:00Z,0.0,-51.875,160.125,8.74,-0.41
1990-01-01T12:00:00Z,0.0,-51.875,164.125,9.77,0.17
1990-01-01T12:00:00Z,0.0,-51.875,168.125,9.37,-0.03
1990-01-01T12:00:00Z,0.0,-51.875,172.125,9.5,0.26
1990-01-01T12:00:00Z,0.0,-51.875,176.125,8.37,-0.32
1990-01-01T12:00:00Z,0.0,-51.875,180.125,9.18,-0.09
1990-01-01T12:00:00Z,0.0,-51.875,184.125,10.54,0.48
1990-01-01T12:00:00Z,0.0,-51.875,188.125,10.46,0.42
1990-01-01T12:00:00Z,0.0,-51.875,192.125,9.8,0.17
1990-01-01T12:00:00Z,0.0,-51.875,196.125,10.25,0.65
1990-01-01T12:00:00Z,0.0,-51.875,200.125,10.67,1.08
1990-01-01T12:00:00Z,0.0,-51.875,204.125,10.96,1.53
1990-01-01T12:00:00Z,0.0,-51.875,208.125,10.1,0.71
1990-01-01T12:00:00Z,0.0,-51.875,212.125,9.62,0.33
1990-01-01T12:00:00Z,0.0,-51.875,216.125,9.25,0.21
1990-01-01T12:00:00Z,0.0,-51.875,220.125,8.75,-0.05
1990-01-01T12:00:00Z,0.0,-51.875,224.125,8.65,0.01
1990-01-01T12:00:00Z,0.0,-51.875,228.125,8.0,-0.62
1990-01-01T12:00:00Z,0.0,-51.875,232.125,7.5,-0.96
1990-01-01T12:00:00Z,0.0,-51.875,236.125,7.51,-0.7
1990-01-01T12:00:00Z,0.0,-51.875,240.125,7.24,-0.56
1990-01-01T12:00:00Z,0.0,-51.875,244.125,7.23,-0.72
1990-01-01T12:00:00Z,0.0,-51.875,248.125,7.57,-0.58
1990-01-01T12:00:00Z,0.0,-51.875,252.125,7.26,-0.81
1990-01-01T12:00:00Z,0.0,-51.875,256.125,7.23,-0.8
1990-01-01T12:00:00Z,0.0,-51.875,260.125,7.08,-0.87
1990-01-01T12:00:00Z,0.0,-51.875,264.125,7.27,-0.69
1990-01-01T12:00:00Z,0.0,-51.875,268.125,7.31,-0.68
1990-01-01T12:00:00Z,0.0,-51.875,272.125,7.95,-0.06
1990-01-01T12:00:00Z,0.0,-51.875,276.125,7.92,-0.28
1990-01-01T12:00:00Z,0.0,-51.875,280.125,8.33,-0.25
1990-01-01T12:00:00Z,0.0,-51.875,284.125,9.03,-0.36
1990-01-01T12:00:00Z,0.0,-51.875,288.125,NaN,NaN
1990-01-01T12:00:00Z,0.0,-51.875,292.125,10.58,0.54
1990-01-01T12:00:00Z,0.0,-51.875,296.125,10.21,0.59
1990-01-01T12:00:00Z,0.0,-51.875,300.125,10.45,1.28
1990-01-01T12:00:00Z,0.0,-51.875,304.125,7.44,-0.44
1990-01-01T12:00:00Z,0.0,-51.875,308.125,7.56,0.64
1990-01-01T12:00:00Z,0.0,-51.875,312.125,5.71,-0.01
1990-01-01T12:00:00Z,0.0,-51.875,316.125,5.49,0.95
1990-01-01T12:00:00Z,0.0,-51.875,320.125,3.65,0.24
1990-01-01T12:00:00Z,0.0,-51.875,324.125,4.35,1.14
1990-01-01T12:00:00Z,0.0,-51.875,328.125,2.46,-0.17
1990-01-01T12:00:00Z,0.0,-51.875,332.125,2.98,-0.21
1990-01-01T12:00:00Z,0.0,-51.875,336.125,3.41,-0.24
1990-01-01T12:00:00Z,0.0,-51.875,340.125,3.16,-0.26
1990-01-01T12:00:00Z,0.0,-51.875,344.125,2.94,-0.25
1990-01-01T12:00:00Z,0.0,-51.875,348.125,3.85,1.16
1990-01-01T12:00:00Z,0.0,-51.875,352.125,1.0,-1.07
1990-01-01T12:00:00Z,0.0,-51.875,356.125,1.02,-1.01
1990-01-01T12:00:00Z,0.0,-47.875,0.125,4.89,-0.98
1990-01-01T12:00:00Z,0.0,-47.875,4.125,4.68,-1.04
1990-01-01T12:00:00Z,0.0,-47.875,8.125,4.25,-1.28
1990-01-01T12:00:00Z,0.0,-47.875,12.125,4.06,-1.59
1990-01-01T12:00:00Z,0.0,-47.875,16.125,4.61,-1.04
1990-01-01T12:00:00Z,0.0,-47.875,20.125,5.23,-0.16
1990-01-01T12:00:00Z,0.0,-47.875,24.125,4.9,-0.48
1990-01-01T12:00:00Z,0.0,-47.875,28.125,5.46,-0.47
1990-01-01T12:00:00Z,0.0,-47.875,32.125,7.15,0.67
1990-01-01T12:00:00Z,0.0,-47.875,36.125,6.07,0.23
1990-01-01T12:00:00Z,0.0,-47.875,40.125,5.41,-0.4
1990-01-01T12:00:00Z,0.0,-47.875,44.125,6.26,0.39
1990-01-01T12:00:00Z,0.0,-47.875,48.125,5.13,-0.23
1990-01-01T12:00:00Z,0.0,-47.875,52.125,5.14,0.04
1990-01-01T12:00:00Z,0.0,-47.875,56.125,5.83,0.13
1990-01-01T12:00:00Z,0.0,-47.875,60.125,5.45,-0.57
1990-01-01T12:00:00Z,0.0,-47.875,64.125,5.24,0.0
1990-01-01T12:00:00Z,0.0,-47.875,68.125,4.88,-0.21
1990-01-01T12:00:00Z,0.0,-47.875,72.125,4.49,-0.86
1990-01-01T12:00:00Z,0.0,-47.875,76.125,4.85,-1.43
1990-01-01T12:00:00Z,0.0,-47.875,80.125,5.82,-0.7
1990-01-01T12:00:00Z,0.0,-47.875,84.125,6.06,-1.32
1990-01-01T12:00:00Z,0.0,-47.875,88.125,8.13,0.25
1990-01-01T12:00:00Z,0.0,-47.875,92.125,7.02,-0.7
1990-01-01T12:00:00Z,0.0,-47.875,96.125,7.37,0.21
1990-01-01T12:00:00Z,0.0,-47.875,100.125,6.26,-0.93
1990-01-01T12:00:00Z,0.0,-47.875,104.125,6.87,-0.54
1990-01-01T12:00:00Z,0.0,-47.875,108.125,7.22,-0.54
1990-01-01T12:00:00Z,0.0,-47.875,112.125,8.84,0.37
1990-01-01T12:00:00Z,0.0,-47.875,116.125,9.41,0.47
1990-01-01T12:00:00Z,0.0,-47.875,120.125,9.14,-0.05
1990-01-01T12:00:00Z,0.0,-47.875,124.125,11.13,1.47
1990-01-01T12:00:00Z,0.0,-47.875,128.125,9.62,-0.39
1990-01-01T12:00:00Z,0.0,-47.875,132.125,9.17,-0.97
1990-01-01T12:00:00Z,0.0,-47.875,136.125,10.35,0.12
1990-01-01T12:00:00Z,0.0,-47.875,140.125,12.12,1.45
1990-01-01T12:00:00Z,0.0,-47.875,144.125,11.1,0.3
1990-01-01T12:00:00Z,0.0,-47.875,148.125,11.42,0.35
1990-01-01T12:00:00Z,0.0,-47.875,152.125,11.81,0.6
1990-01-01T12:00:00Z,0.0,-47.875,156.125,11.52,0.09
1990-01-01T12:00:00Z,0.0,-47.875,160.125,12.26,0.77
1990-01-01T12:00:00Z,0.0,-47.875,164.125,12.62,0.68
1990-01-01T12:00:00Z,0.0,-47.875,168.125,13.49,1.87
1990-01-01T12:00:00Z,0.0,-47.875,172.125,11.61,0.26
1990-01-01T12:00:00Z,0.0,-47.875,176.125,11.65,0.44
1990-01-01T12:00:00Z,0.0,-47.875,180.125,11.53,0.2
1990-01-01T12:00:00Z,0.0,-47.875,184.125,13.0,0.64
1990-01-01T12:00:00Z,0.0,-47.875,188.125,13.34,0.9
1990-01-01T12:00:00Z,0.0,-47.875,192.125,12.75,0.62
1990-01-01T12:00:00Z,0.0,-47.875,196.125,12.6,0.73
1990-01-01T12:00:00Z,0.0,-47.875,200.125,12.92,1.16
1990-01-01T12:00:00Z,0.0,-47.875,204.125,12.66,1.22
1990-01-01T12:00:00Z,0.0,-47.875,208.125,12.8,1.59
1990-01-01T12:00:00Z,0.0,-47.875,212.125,12.37,1.36
1990-01-01T12:00:00Z,0.0,-47.875,216.125,11.79,1.07
1990-01-01T12:00:00Z,0.0,-47.875,220.125,11.66,1.08
1990-01-01T12:00:00Z,0.0,-47.875,224.125,11.02,0.61
1990-01-01T12:00:00Z,0.0,-47.875,228.125,10.62,0.37
1990-01-01T12:00:00Z,0.0,-47.875,232.125,10.19,0.08
1990-01-01T12:00:00Z,0.0,-47.875,236.125,9.49,-0.46
1990-01-01T12:00:00Z,0.0,-47.875,240.125,9.09,-0.64
1990-01-01T12:00:00Z,0.0,-47.875,244.125,9.01,-0.71
1990-01-01T12:00:00Z,0.0,-47.875,248.125,8.89,-0.88
1990-01-01T12:00:00Z,0.0,-47.875,252.125,8.6,-1.16
1990-01-01T12:00:00Z,0.0,-47.875,256.125,8.65,-1.0
1990-01-01T12:00:00Z,0.0,-47.875,260.125,8.03,-1.54
1990-01-01T12:00:00Z,0.0,-47.875,264.125,8.21,-1.36
1990-01-01T12:00:00Z,0.0,-47.875,268.125,8.34,-1.27
1990-01-01T12:00:00Z,0.0,-47.875,272.125,8.72,-0.96
1990-01-01T12:00:00Z,0.0,-47.875,276.125,9.01,-1.0
1990-01-01T12:00:00Z,0.0,-47.875,280.125,10.23,-0.43
1990-01-01T12:00:00Z,0.0,-47.875,284.125,10.98,-0.74
1990-01-01T12:00:00Z,0.0,-47.875,288.125,NaN,NaN
1990-01-01T12:00:00Z,0.0,-47.875,292.125,NaN,NaN
1990-01-01T12:00:00Z,0.0,-47.875,296.125,12.76,0.03
1990-01-01T12:00:00Z,0.0,-47.875,300.125,11.74,0.98
1990-01-01T12:00:00Z,0.0,-47.875,304.125,9.41,-1.13
1990-01-01T12:00:00Z,0.0,-47.875,308.125,12.76,1.27
1990-01-01T12:00:00Z,0.0,-47.875,312.125,13.19,1.9
1990-01-01T12:00:00Z,0.0,-47.875,316.125,12.57,2.18
1990-01-01T12:00:00Z,0.0,-47.875,320.125,10.62,1.37
1990-01-01T12:00:00Z,0.0,-47.875,324.125,9.01,0.55
1990-01-01T12:00:00Z,0.0,-47.875,328.125,7.3,-0.24
1990-01-01T12:00:00Z,0.0,-47.875,332.125,6.33,-0.51
1990-01-01T12:00:00Z,0.0,-47.875,336.125,7.0,0.46
1990-01-01T12:00:00Z,0.0,-47.875,340.125,7.48,0.89
1990-01-01T12:00:00Z,0.0,-47.875,344.125,6.8,0.6
1990-01-01T12:00:00Z,0.0,-47.875,348.125,4.56,-0.65
1990-01-01T12:00:00Z,0.0,-47.875,352.125,3.95,-0.64
1990-01-01T12:00:00Z,0.0,-47.875,356.125,4.51,-0.94
1990-01-01T12:00:00Z,0.0,-43.875,0.125,9.46,-0.27
1990-01-01T12:00:00Z,0.0,-43.875,4.125,7.86,-1.69
1990-01-01T12:00:00Z,0.0,-43.875,8.125,7.79,-1.38
1990-01-01T12:00:00Z,0.0,-43.875,12.125,8.57,-1.31
1990-01-01T12:00:00Z,0.0,-43.875,16.125,9.53,-1.34
1990-01-01T12:00:00Z,0.0,-43.875,20.125,11.37,0.08
1990-01-01T12:00:00Z,0.0,-43.875,24.125,11.65,0.22
1990-01-01T12:00:00Z,0.0,-43.875,28.125,12.62,1.22
1990-01-01T12:00:00Z,0.0,-43.875,32.125,11.32,0.33
1990-01-01T12:00:00Z,0.0,-43.875,36.125,11.74,1.79
1990-01-01T12:00:00Z,0.0,-43.875,40.125,9.61,0.16
1990-01-01T12:00:00Z,0.0,-43.875,44.125,8.67,-0.19
1990-01-01T12:00:00Z,0.0,-43.875,48.125,8.52,0.41
1990-01-01T12:00:00Z,0.0,-43.875,52.125,9.31,0.75
1990-01-01T12:00:00Z,0.0,-43.875,56.125,10.34,-0.67
1990-01-01T12:00:00Z,0.0,-43.875,60.125,13.0,0.02
1990-01-01T12:00:00Z,0.0,-43.875,64.125,14.37,1.97
1990-01-01T12:00:00Z,0.0,-43.875,68.125,10.78,-0.72
1990-01-01T12:00:00Z,0.0,-43.875,72.125,11.04,-0.88
1990-01-01T12:00:00Z,0.0,-43.875,76.125,10.32,-1.41
1990-01-01T12:00:00Z,0.0,-43.875,80.125,11.79,0.71
1990-01-01T12:00:00Z,0.0,-43.875,84.125,11.19,-0.16
1990-01-01T12:00:00Z,0.0,-43.875,88.125,9.75,-1.36
1990-01-01T12:00:00Z,0.0,-43.875,92.125,9.88,-1.04
1990-01-01T12:00:00Z,0.0,-43.875,96.125,10.94,-0.1
1990-01-01T12:00:00Z,0.0,-43.875,100.125,11.19,-0.33
1990-01-01T12:00:00Z,0.0,-43.875,104.125,11.38,-0.13
1990-01-01T12:00:00Z,0.0,-43.875,108.125,11.37,-0.2
1990-01-01T12:00:00Z,0.0,-43.875,112.125,11.41,-0.29
1990-01-01T12:00:00Z,0.0,-43.875,116.125,11.14,-0.61
1990-01-01T12:00:00Z,0.0,-43.875,120.125,11.59,-0.32
1990-01-01T12:00:00Z,0.0,-43.875,124.125,12.27,0.19
1990-01-01T12:00:00Z,0.0,-43.875,128.125,12.05,-0.14
1990-01-01T12:00:00Z,0.0,-43.875,132.125,11.54,-0.78
1990-01-01T12:00:00Z,0.0,-43.875,136.125,12.99,0.37
1990-01-01T12:00:00Z,0.0,-43.875,140.125,13.23,0.16
1990-01-01T12:00:00Z,0.0,-43.875,144.125,13.46,-0.24
1990-01-01T12:00:00Z,0.0,-43.875,148.125,15.91,1.3
1990-01-01T12:00:00Z,0.0,-43.875,152.125,14.22,-0.16
1990-01-01T12:00:00Z,0.0,-43.875,156.125,13.68,-0.52
1990-01-01T12:00:00Z,0.0,-43.875,160.125,14.29,0.08
1990-01-01T12:00:00Z,0.0,-43.875,164.125,15.16,0.64
1990-01-01T12:00:00Z,0.0,-43.875,168.125,16.36,0.92
1990-01-01T12:00:00Z,0.0,-43.875,172.125,15.97,2.0
1990-01-01T12:00:00Z,0.0,-43.875,176.125,14.04,-0.52
1990-01-01T12:00:00Z,0.0,-43.875,180.125,14.4,-0.45
1990-01-01T12:00:00Z,0.0,-43.875,184.125,15.44,0.42
1990-01-01T12:00:00Z,0.0,-43.875,188.125,15.09,0.34
1990-01-01T12:00:00Z,0.0,-43.875,192.125,15.17,0.93
1990-01-01T12:00:00Z,0.0,-43.875,196.125,15.36,1.52
1990-01-01T12:00:00Z,0.0,-43.875,200.125,15.71,2.14
1990-01-01T12:00:00Z,0.0,-43.875,204.125,15.32,1.92
1990-01-01T12:00:00Z,0.0,-43.875,208.125,15.21,1.93
1990-01-01T12:00:00Z,0.0,-43.875,212.125,14.55,1.44
1990-01-01T12:00:00Z,0.0,-43.875,216.125,14.79,1.84
1990-01-01T12:00:00Z,0.0,-43.875,220.125,14.57,1.79
1990-01-01T12:00:00Z,0.0,-43.875,224.125,13.95,1.28
1990-01-01T12:00:00Z,0.0,-43.875,228.125,13.31,0.67
1990-01-01T12:00:00Z,0.0,-43.875,232.125,13.1,0.59
1990-01-01T12:00:00Z,0.0,-43.875,236.125,12.55,0.11
1990-01-01T12:00:00Z,0.0,-43.875,240.125,12.15,-0.22
1990-01-01T12:00:00Z,0.0,-43.875,244.125,12.02,-0.3
1990-01-01T12:00:00Z,0.0,-43.875,248.125,11.26,-1.09
1990-01-01T12:00:00Z,0.0,-43.875,252.125,10.86,-1.36
1990-01-01T12:00:00Z,0.0,-43.875,256.125,10.68,-1.43
1990-01-01T12:00:00Z,0.0,-43.875,260.125,10.95,-1.12
1990-01-01T12:00:00Z,0.0,-43.875,264.125,10.69,-1.39
1990-01-01T12:00:00Z,0.0,-43.875,268.125,10.66,-1.45
1990-01-01T12:00:00Z,0.0,-43.875,272.125,10.98,-1.19
1990-01-01T12:00:00Z,0.0,-43.875,276.125,11.23,-1.25
1990-01-01T12:00:00Z,0.0,-43.875,280.125,11.91,-1.07
1990-01-01T12:00:00Z,0.0,-43.875,284.125,12.6,-1.21
1990-01-01T12:00:00Z,0.0,-43.875,288.125,NaN,NaN
1990-01-01T12:00:00Z,0.0,-43.875,292.125,NaN,NaN
1990-01-01T12:00:00Z,0.0,-43.875,296.125,16.75,0.66
1990-01-01T12:00:00Z,0.0,-43.875,300.125,13.94,0.42
1990-01-01T12:00:00Z,0.0,-43.875,304.125,14.11,-0.06
1990-01-01T12:00:00Z,0.0,-43.875,308.125,14.45,-1.04
1990-01-01T12:00:00Z,0.0,-43.875,312.125,13.92,0.01
1990-01-01T12:00:00Z,0.0,-43.875,316.125,13.08,0.54
1990-01-01T12:00:00Z,0.0,-43.875,320.125,12.28,0.36
1990-01-01T12:00:00Z,0.0,-43.875,324.125,13.62,2.06
1990-01-01T12:00:00Z,0.0,-43.875,328.125,11.63,0.26
1990-01-01T12:00:00Z,0.0,-43.875,332.125,11.64,0.46
1990-01-01T12:00:00Z,0.0,-43.875,336.125,11.32,-0.01
1990-01-01T12:00:00Z,0.0,-43.875,340.125,11.47,0.39
1990-01-01T12:00:00Z,0.0,-43.875,344.125,10.18,0.05
1990-01-01T12:00:00Z,0.0,-43.875,348.125,10.82,0.6
1990-01-01T12:00:00Z,0.0,-43.875,352.125,11.14,1.1
1990-01-01T12:00:00Z,0.0,-43.875,356.125,9.83,0.07
1990-01-01T12:00:00Z,0.0,-39.875,0.125,12.51,-1.28
1990-01-01T12:00:00Z,0.0,-39.875,4.125,13.32,-0.42
1990-01-01T12:00:00Z,0.0,-39.875,8.125,12.67,-1.18
1990-01-01T12:00:00Z,0.0,-39.875,12.125,12.32,-2.86
1990-01-01T12:00:00Z,0.0,-39.875,16.125,18.37,0.55
1990-01-01T12:00:00Z,0.0,-39.875,20.125,19.94,0.68
1990-01-01T12:00:00Z,0.0,-39.875,24.125,19.3,0.92
1990-01-01T12:00:00Z,0.0,-39.875,28.125,19.49,1.44
1990-01-01T12:00:00Z,0.0,-39.875,32.125,17.64,-0.3
1990-01-01T12:00:00Z,0.0,-39.875,36.125,17.74,0.06
1990-01-01T12:00:00Z,0.0,-39.875,40.125,18.84,1.63
1990-01-01T12:00:00Z,0.0,-39.875,44.125,16.32,-1.21
1990-01-01T12:00:00Z,0.0,-39.875,48.125,18.19,1.51
1990-01-01T12:00:00Z,0.0,-39.875,52.125,18.4,1.76
1990-01-01T12:00:00Z,0.0,-39.875,56.125,17.22,0.2
1990-01-01T12:00:00Z,0.0,-39.875,60.125,17.16,0.53
1990-01-01T12:00:00Z,0.0,-39.875,64.125,16.47,0.43
1990-01-01T12:00:00Z,0.0,-39.875,68.125,16.37,0.55
1990-01-01T12:00:00Z,0.0,-39.875,72.125,15.23,-0.32
1990-01-01T12:00:00Z,0.0,-39.875,76.125,15.34,0.04
1990-01-01T12:00:00Z,0.0,-39.875,80.125,14.78,-0.42
1990-01-01T12:00:00Z,0.0,-39.875,84.125,14.25,-0.67
1990-01-01T12:00:00Z,0.0,-39.875,88.125,13.57,-1.0
1990-01-01T12:00:00Z,0.0,-39.875,92.125,12.83,-1.51
1990-01-01T12:00:00Z,0.0,-39.875,96.125,12.62,-1.5
1990-01-01T12:00:00Z,0.0,-39.875,100.125,12.37,-1.69
1990-01-01T12:00:00Z,0.0,-39.875,104.125,12.88,-1.22
1990-01-01T12:00:00Z,0.0,-39.875,108.125,12.74,-1.49
1990-01-01T12:00:00Z,0.0,-39.875,112.125,13.63,-0.97
1990-01-01T12:00:00Z,0.0,-39.875,116.125,14.5,-0.38
1990-01-01T12:00:00Z,0.0,-39.875,120.125,14.26,-0.65
1990-01-01T12:00:00Z,0.0,-39.875,124.125,14.5,-0.39
1990-01-01T12:00:00Z,0.0,-39.875,128.125,14.45,-0.52
1990-01-01T12:00:00Z,0.0,-39.875,132.125,14.69,-0.35
1990-01-01T12:00:00Z,0.0,-39.875,136.125,15.72,0.38
1990-01-01T12:00:00Z,0.0,-39.875,140.125,16.38,0.71
1990-01-01T12:00:00Z,0.0,-39.875,144.125,16.35,0.16
1990-01-01T12:00:00Z,0.0,-39.875,148.125,17.62,0.3
1990-01-01T12:00:00Z,0.0,-39.875,152.125,17.8,-0.13
1990-01-01T12:00:00Z,0.0,-39.875,156.125,17.33,-0.15
1990-01-01T12:00:00Z,0.0,-39.875,160.125,16.74,-0.4
1990-01-01T12:00:00Z,0.0,-39.875,164.125,17.34,0.41
1990-01-01T12:00:00Z,0.0,-39.875,168.125,17.62,0.6
1990-01-01T12:00:00Z,0.0,-39.875,172.125,17.26,-0.06
1990-01-01T12:00:00Z,0.0,-39.875,176.125,NaN,NaN
1990-01-01T12:00:00Z,0.0,-39.875,180.125,17.65,-0.47
1990-01-01T12:00:00Z,0.0,-39.875,184.125,17.26,-0.36
1990-01-01T12:00:00Z,0.0,-39.875,188.125,17.07,-0.07
1990-01-01T12:00:00Z,0.0,-39.875,192.125,18.15,1.37
1990-01-01T12:00:00Z,0.0,-39.875,196.125,18.01,1.61
1990-01-01T12:00:00Z,0.0,-39.875,200.125,18.33,2.19
1990-01-01T12:00:00Z,0.0,-39.875,204.125,18.05,2.07
1990-01-01T12:00:00Z,0.0,-39.875,208.125,17.78,1.93
1990-01-01T12:00:00Z,0.0,-39.875,212.125,18.58,2.85
1990-01-01T12:00:00Z,0.0,-39.875,216.125,17.23,1.58
1990-01-01T12:00:00Z,0.0,-39.875,220.125,16.55,0.99
1990-01-01T12:00:00Z,0.0,-39.875,224.125,16.86,1.3
1990-01-01T12:00:00Z,0.0,-39.875,228.125,16.32,0.78
1990-01-01T12:00:00Z,0.0,-39.875,232.125,15.52,0.05
1990-01-01T12:00:00Z,0.0,-39.875,236.125,15.32,-0.14
1990-01-01T12:00:00Z,0.0,-39.875,240.125,14.86,-0.61
1990-01-01T12:00:00Z,0.0,-39.875,244.125,14.88,-0.61
1990-01-01T12:00:00Z,0.0,-39.875,248.125,15.34,-0.14
1990-01-01T12:00:00Z,0.0,-39.875,252.125,13.77,-1.66
1990-01-01T12:00:00Z,0.0,-39.875,256.125,13.21,-2.05
1990-01-01T12:00:00Z,0.0,-39.875,260.125,14.44,-0.72
1990-01-01T12:00:00Z,0.0,-39.875,264.125,14.03,-1.2
1990-01-01T12:00:00Z,0.0,-39.875,268.125,13.97,-1.38
1990-01-01T12:00:00Z,0.0,-39.875,272.125,14.53,-0.82
1990-01-01T12:00:00Z,0.0,-39.875,276.125,15.16,-0.31
1990-01-01T12:00:00Z,0.0,-39.875,280.125,15.1,-0.49
1990-01-01T12:00:00Z,0.0,-39.875,284.125,15.87,0.04
1990-01-01T12:00:00Z,0.0,-39.875,288.125,NaN,NaN
1990-01-01T12:00:00Z,0.0,-39.875,292.125,NaN,NaN
1990-01-01T12:00:00Z,0.0,-39.875,296.125,NaN,NaN
1990-01-01T12:00:00Z,0.0,-39.875,300.125,19.36,1.52
1990-01-01T12:00:00Z,0.0,-39.875,304.125,14.85,-0.4
1990-01-01T12:00:00Z,0.0,-39.875,308.125,18.94,0.12
1990-01-01T12:00:00Z,0.0,-39.875,312.125,18.69,0.73
1990-01-01T12:00:00Z,0.0,-39.875,316.125,17.83,0.61
1990-01-01T12:00:00Z,0.0,-39.875,320.125,16.16,-0.74
1990-01-01T12:00:00Z,0.0,-39.875,324.125,18.17,1.75
1990-01-01T12:00:00Z,0.0,-39.875,328.125,16.57,0.53
1990-01-01T12:00:00Z,0.0,-39.875,332.125,15.9,0.24
1990-01-01T12:00:00Z,0.0,-39.875,336.125,15.69,0.44
1990-01-01T12:00:00Z,0.0,-39.875,340.125,14.31,-0.54
1990-01-01T12:00:00Z,0.0,-39.875,344.125,14.63,-0.07
1990-01-01T12:00:00Z,0.0,-39.875,348.125,13.87,-0.54
1990-01-01T12:00:00Z,0.0,-39.875,352.125,13.29,-0.64
1990-01-01T12:00:00Z,0.0,-39.875,356.125,13.59,-0.15
1990-01-01T12:00:00Z,0.0,-35.875,0.125,17.54,-0.63
1990-01-01T12:00:00Z,0.0,-35.875,4.125,17.21,-0.91
1990-01-01T12:00:00Z,0.0,-35.875,8.125,16.55,-1.6
1990-01-01T12:00:00Z,0.0,-35.875,12.125,18.79,-0.12
1990-01-01T12:00:00Z,0.0,-35.875,16.125,18.61,-1.2
1990-01-01T12:00:00Z,0.0,-35.875,20.125,19.35,-1.08
1990-01-01T12:00:00Z,0.0,-35.875,24.125,22.82,1.17
1990-01-01T12:00:00Z,0.0,-35.875,28.125,19.86,-1.72
1990-01-01T12:00:00Z,0.0,-35.875,32.125,20.48,-0.6
1990-01-01T12:00:00Z,0.0,-35.875,36.125,21.4,0.63
1990-01-01T12:00:00Z,0.0,-35.875,40.125,21.03,0.73
1990-01-01T12:00:00Z,0.0,-35.875,44.125,20.39,0.62
1990-01-01T12:00:00Z,0.0,-35.875,48.125,20.18,0.54
1990-01-01T12:00:00Z,0.0,-35.875,52.125,19.46,0.27
1990-01-01T12:00:00Z,0.0,-35.875,56.125,19.82,0.87
1990-01-01T12:00:00Z,0.0,-35.875,60.125,20.03,1.1
1990-01-01T12:00:00Z,0.0,-35.875,64.125,19.59,0.73
1990-01-01T12:00:00Z,0.0,-35.875,68.125,19.12,0.32
1990-01-01T12:00:00Z,0.0,-35.875,72.125,17.35,-1.45
1990-01-01T12:00:00Z,0.0,-35.875,76.125,16.48,-2.11
1990-01-01T12:00:00Z,0.0,-35.875,80.125,17.47,-0.94
1990-01-01T12:00:00Z,0.0,-35.875,84.125,16.76,-1.39
1990-01-01T12:00:00Z,0.0,-35.875,88.125,15.13,-2.7
1990-01-01T12:00:00Z,0.0,-35.875,92.125,15.68,-1.82
1990-01-01T12:00:00Z,0.0,-35.875,96.125,15.65,-1.55
1990-01-01T12:00:00Z,0.0,-35.875,100.125,15.75,-1.32
1990-01-01T12:00:00Z,0.0,-35.875,104.125,16.11,-1.13
1990-01-01T12:00:00Z,0.0,-35.875,108.125,16.96,-0.52
1990-01-01T12:00:00Z,0.0,-35.875,112.125,18.07,-0.03
1990-01-01T12:00:00Z,0.0,-35.875,116.125,18.39,-0.15
1990-01-01T12:00:00Z,0.0,-35.875,120.125,17.63,-0.61
1990-01-01T12:00:00Z,0.0,-35.875,124.125,18.37,0.49
1990-01-01T12:00:00Z,0.0,-35.875,128.125,17.19,-0.42
1990-01-01T12:00:00Z,0.0,-35.875,132.125,17.18,-0.29
1990-01-01T12:00:00Z,0.0,-35.875,136.125,17.95,0.29
1990-01-01T12:00:00Z,0.0,-35.875,140.125,NaN,NaN
1990-01-01T12:00:00Z,0.0,-35.875,144.125,NaN,NaN
1990-01-01T12:00:00Z,0.0,-35.875,148.125,NaN,NaN
1990-01-01T12:00:00Z,0.0,-35.875,152.125,20.21,-1.16
1990-01-01T12:00:00Z,0.0,-35.875,156.125,22.05,1.1
1990-01-01T12:00:00Z,0.0,-35.875,160.125,21.16,0.79
1990-01-01T12:00:00Z,0.0,-35.875,164.125,18.64,-0.95
1990-01-01T12:00:00Z,0.0,-35.875,168.125,18.03,-1.03
1990-01-01T12:00:00Z,0.0,-35.875,172.125,18.26,-0.97
1990-01-01T12:00:00Z,0.0,-35.875,176.125,18.79,-1.19
1990-01-01T12:00:00Z,0.0,-35.875,180.125,19.0,-0.58
1990-01-01T12:00:00Z,0.0,-35.875,184.125,19.58,0.21
1990-01-01T12:00:00Z,0.0,-35.875,188.125,19.88,0.71
1990-01-01T12:00:00Z,0.0,-35.875,192.125,19.76,0.9
1990-01-01T12:00:00Z,0.0,-35.875,196.125,19.52,0.94
1990-01-01T12:00:00Z,0.0,-35.875,200.125,19.28,0.96
1990-01-01T12:00:00Z,0.0,-35.875,204.125,19.57,1.32
1990-01-01T12:00:00Z,0.0,-35.875,208.125,19.07,0.91
1990-01-01T12:00:00Z,0.0,-35.875,212.125,18.03,-0.08
1990-01-01T12:00:00Z,0.0,-35.875,216.125,18.12,0.04
1990-01-01T12:00:00Z,0.0,-35.875,220.125,17.84,-0.28
1990-01-01T12:00:00Z,0.0,-35.875,224.125,18.32,0.11
1990-01-01T12:00:00Z,0.0,-35.875,228.125,19.46,1.2
1990-01-01T12:00:00Z,0.0,-35.875,232.125,18.6,0.28
1990-01-01T12:00:00Z,0.0,-35.875,236.125,19.01,0.5
1990-01-01T12:00:00Z,0.0,-35.875,240.125,19.3,0.55
1990-01-01T12:00:00Z,0.0,-35.875,244.125,18.96,0.17
1990-01-01T12:00:00Z,0.0,-35.875,248.125,18.14,-0.68
1990-01-01T12:00:00Z,0.0,-35.875,252.125,16.99,-1.74
1990-01-01T12:00:00Z,0.0,-35.875,256.125,17.17,-1.43
1990-01-01T12:00:00Z,0.0,-35.875,260.125,17.26,-1.36
1990-01-01T12:00:00Z,0.0,-35.875,264.125,17.15,-1.45
1990-01-01T12:00:00Z,0.0,-35.875,268.125,18.85,0.37
1990-01-01T12:00:00Z,0.0,-35.875,272.125,19.33,1.03
1990-01-01T12:00:00Z,0.0,-35.875,276.125,18.24,0.1
1990-01-01T12:00:00Z,0.0,-35.875,280.125,18.51,0.72
1990-01-01T12:00:00Z,0.0,-35.875,284.125,18.05,1.16
1990-01-01T12:00:00Z,0.0,-35.875,288.125,NaN,NaN
1990-01-01T12:00:00Z,0.0,-35.875,292.125,NaN,NaN
1990-01-01T12:00:00Z,0.0,-35.875,296.125,NaN,NaN
1990-01-01T12:00:00Z,0.0,-35.875,300.125,NaN,NaN
1990-01-01T12:00:00Z,0.0,-35.875,304.125,21.18,0.69
1990-01-01T12:00:00Z,0.0,-35.875,308.125,22.63,1.57
1990-01-01T12:00:00Z,0.0,-35.875,312.125,21.28,0.92
1990-01-01T12:00:00Z,0.0,-35.875,316.125,20.86,1.02
1990-01-01T12:00:00Z,0.0,-35.875,320.125,19.47,0.1
1990-01-01T12:00:00Z,0.0,-35.875,324.125,19.27,0.34
1990-01-01T12:00:00Z,0.0,-35.875,328.125,18.77,0.19
1990-01-01T12:00:00Z,0.0,-35.875,332.125,19.56,1.24
1990-01-01T12:00:00Z,0.0,-35.875,336.125,18.51,0.32
1990-01-01T12:00:00Z,0.0,-35.875,340.125,18.59,0.27
1990-01-01T12:00:00Z,0.0,-35.875,344.125,18.69,0.33
1990-01-01T12:00:00Z,0.0,-35.875,348.125,18.83,0.43
1990-01-01T12:00:00Z,0.0,-35.875,352.125,17.78,-0.41
1990-01-01T12:00:00Z,0.0,-35.875,356.125,17.46,-0.67
1990-01-01T12:00:00Z,0.0,-31.875,0.125,21.13,0.44
1990-01-01T12:00:00Z,0.0,-31.875,4.125,20.74,0.38
1990-01-01T12:00:00Z,0.0,-31.875,8.125,20.43,0.49
1990-01-01T12:00:00Z,0.0,-31.875,12.125,20.4,0.67
1990-01-01T12:00:00Z,0.0,-31.875,16.125,19.46,0.59
1990-01-01T12:00:00Z,0.0,-31.875,20.125,NaN,NaN
1990-01-01T12:00:00Z,0.0,-31.875,24.125,NaN,NaN
1990-01-01T12:00:00Z,0.0,-31.875,28.125,NaN,NaN
1990-01-01T12:00:00Z,0.0,-31.875,32.125,24.36,0.58
1990-01-01T12:00:00Z,0.0,-31.875,36.125,23.76,0.3
1990-01-01T12:00:00Z,0.0,-31.875,40.125,23.79,0.57
1990-01-01T12:00:00Z,0.0,-31.875,44.125,22.86,0.19
1990-01-01T12:00:00Z,0.0,-31.875,48.125,23.02,0.43
1990-01-01T12:00:00Z,0.0,-31.875,52.125,21.63,-0.58
1990-01-01T12:00:00Z,0.0,-31.875,56.125,22.31,0.36
1990-01-01T12:00:00Z,0.0,-31.875,60.125,22.0,0.17
1990-01-01T12:00:00Z,0.0,-31.875,64.125,21.29,-0.56
1990-01-01T12:00:00Z,0.0,-31.875,68.125,20.62,-1.14
1990-01-01T12:00:00Z,0.0,-31.875,72.125,20.55,-1.14
1990-01-01T12:00:00Z,0.0,-31.875,76.125,19.46,-1.98
1990-01-01T12:00:00Z,0.0,-31.875,80.125,19.15,-2.08
1990-01-01T12:00:00Z,0.0,-31.875,84.125,18.69,-2.28
1990-01-01T12:00:00Z,0.0,-31.875,88.125,18.98,-1.61
1990-01-01T12:00:00Z,0.0,-31.875,92.125,18.68,-1.53
1990-01-01T12:00:00Z,0.0,-31.875,96.125,18.88,-0.97
1990-01-01T12:00:00Z,0.0,-31.875,100.125,18.57,-1.02
1990-01-01T12:00:00Z,0.0,-31.875,104.125,18.9,-0.65
1990-01-01T12:00:00Z,0.0,-31.875,108.125,19.49,-0.19
1990-01-01T12:00:00Z,0.0,-31.875,112.125,19.81,-0.75
1990-01-01T12:00:00Z,0.0,-31.875,116.125,NaN,NaN
1990-01-01T12:00:00Z,0.0,-31.875,120.125,NaN,NaN
1990-01-01T12:00:00Z,0.0,-31.875,124.125,NaN,NaN
1990-01-01T12:00:00Z,0.0,-31.875,128.125,NaN,NaN
1990-01-01T12:00:00Z,0.0,-31.875,132.125,20.04,0.16
1990-01-01T12:00:00Z,0.0,-31.875,136.125,NaN,NaN
1990-01-01T12:00:00Z,0.0,-31.875,140.125,NaN,NaN
1990-01-01T12:00:00Z,0.0,-31.875,144.125,NaN,NaN
1990-01-01T12:00:00Z,0.0,-31.875,148.125,NaN,NaN
1990-01-01T12:00:00Z,0.0,-31.875,152.125,NaN,NaN
1990-01-01T12:00:00Z,0.0,-31.875,156.125,21.19,-2.23
1990-01-01T12:00:00Z,0.0,-31.875,160.125,20.82,-1.85
1990-01-01T12:00:00Z,0.0,-31.875,164.125,19.92,-2.03
1990-01-01T12:00:00Z,0.0,-31.875,168.125,20.59,-0.63
1990-01-01T12:00:00Z,0.0,-31.875,172.125,20.36,-0.84
1990-01-01T12:00:00Z,0.0,-31.875,176.125,21.36,-0.19
1990-01-01T12:00:00Z,0.0,-31.875,180.125,21.26,-0.11
1990-01-01T12:00:00Z,0.0,-31.875,184.125,21.16,-0.23
1990-01-01T12:00:00Z,0.0,-31.875,188.125,21.03,-0.18
1990-01-01T12:00:00Z,0.0,-31.875,192.125,21.11,0.18
1990-01-01T12:00:00Z,0.0,-31.875,196.125,20.52,-0.23
1990-01-01T12:00:00Z,0.0,-31.875,200.125,20.2,-0.44
1990-01-01T12:00:00Z,0.0,-31.875,204.125,20.14,-0.48
1990-01-01T12:00:00Z,0.0,-31.875,208.125,19.73,-0.86
1990-01-01T12:00:00Z,0.0,-31.875,212.125,19.38,-1.31
1990-01-01T12:00:00Z,0.0,-31.875,216.125,19.13,-1.67
1990-01-01T12:00:00Z,0.0,-31.875,220.125,20.88,-0.08
1990-01-01T12:00:00Z,0.0,-31.875,224.125,22.22,1.1
1990-01-01T12:00:00Z,0.0,-31.875,228.125,22.14,0.82
1990-01-01T12:00:00Z,0.0,-31.875,232.125,22.61,1.12
1990-01-01T12:00:00Z,0.0,-31.875,236.125,23.25,1.52
1990-01-01T12:00:00Z,0.0,-31.875,240.125,22.88,1.08
1990-01-01T12:00:00Z,0.0,-31.875,244.125,21.18,-0.6
1990-01-01T12:00:00Z,0.0,-31.875,248.125,21.46,-0.22
1990-01-01T12:00:00Z,0.0,-31.875,252.125,20.55,-0.98
1990-01-01T12:00:00Z,0.0,-31.875,256.125,20.88,-0.48
1990-01-01T12:00:00Z,0.0,-31.875,260.125,20.83,-0.3
1990-01-01T12:00:00Z,0.0,-31.875,264.125,20.58,-0.32
1990-01-01T12:00:00Z,0.0,-31.875,268.125,20.81,0.13
1990-01-01T12:00:00Z,0.0,-31.875,272.125,22.73,2.37
1990-01-01T12:00:00Z,0.0,-31.875,276.125,21.52,1.66
1990-01-01T12:00:00Z,0.0,-31.875,280.125,20.54,1.46
1990-01-01T12:00:00Z,0.0,-31.875,284.125,19.4,1.44
1990-01-01T12:00:00Z,0.0,-31.875,288.125,17.42,0.41
1990-01-01T12:00:00Z,0.0,-31.875,292.125,NaN,NaN
1990-01-01T12:00:00Z,0.0,-31.875,296.125,NaN,NaN
1990-01-01T12:00:00Z,0.0,-31.875,300.125,NaN,NaN
1990-01-01T12:00:00Z,0.0,-31.875,304.125,NaN,NaN
1990-01-01T12:00:00Z,0.0,-31.875,308.125,21.61,-1.05
1990-01-01T12:00:00Z,0.0,-31.875,312.125,22.7,-0.23
1990-01-01T12:00:00Z,0.0,-31.875,316.125,21.99,0.04
1990-01-01T12:00:00Z,0.0,-31.875,320.125,20.72,-0.85
1990-01-01T12:00:00Z,0.0,-31.875,324.125,20.53,-0.89
1990-01-01T12:00:00Z,0.0,-31.875,328.125,21.79,0.4
1990-01-01T12:00:00Z,0.0,-31.875,332.125,21.67,0.26
1990-01-01T12:00:00Z,0.0,-31.875,336.125,21.35,-0.21
1990-01-01T12:00:00Z,0.0,-31.875,340.125,22.12,0.51
1990-01-01T12:00:00Z,0.0,-31.875,344.125,21.52,-0.03
1990-01-01T12:00:00Z,0.0,-31.875,348.125,22.65,1.09
1990-01-01T12:00:00Z,0.0,-31.875,352.125,21.39,0.03
1990-01-01T12:00:00Z,0.0,-31.875,356.125,20.6,-0.33
1990-01-01T12:00:00Z,0.0,-27.875,0.125,22.37,0.62
1990-01-01T12:00:00Z,0.0,-27.875,4.125,21.36,0.3
1990-01-01T12:00:00Z,0.0,-27.875,8.125,20.91,0.55
1990-01-01T12:00:00Z,0.0,-27.875,12.125,19.64,0.01
1990-01-01T12:00:00Z,0.0,-27.875,16.125,NaN,NaN
1990-01-01T12:00:00Z,0.0,-27.875,20.125,NaN,NaN
1990-01-01T12:00:00Z,0.0,-27.875,24.125,NaN,NaN
1990-01-01T12:00:00Z,0.0,-27.875,28.125,NaN,NaN
1990-01-01T12:00:00Z,0.0,-27.875,32.125,NaN,NaN
1990-01-01T12:00:00Z,0.0,-27.875,36.125,26.48,0.84
1990-01-01T12:00:00Z,0.0,-27.875,40.125,24.74,-0.7
1990-01-01T12:00:00Z,0.0,-27.875,44.125,24.8,-0.54
1990-01-01T12:00:00Z,0.0,-27.875,48.125,23.97,-1.06
1990-01-01T12:00:00Z,0.0,-27.875,52.125,23.86,-1.22
1990-01-01T12:00:00Z,0.0,-27.875,56.125,24.19,-0.53
1990-01-01T12:00:00Z,0.0,-27.875,60.125,23.76,-0.78
1990-01-01T12:00:00Z,0.0,-27.875,64.125,22.45,-1.91
1990-01-01T12:00:00Z,0.0,-27.875,68.125,21.94,-2.26
1990-01-01T12:00:00Z,0.0,-27.875,72.125,22.01,-1.97
1990-01-01T12:00:00Z,0.0,-27.875,76.125,22.49,-1.16
1990-01-01T12:00:00Z,0.0,-27.875,80.125,21.2,-2.14
1990-01-01T12:00:00Z,0.0,-27.875,84.125,20.52,-2.47
1990-01-01T12:00:00Z,0.0,-27.875,88.125,21.58,-0.93
1990-01-01T12:00:00Z,0.0,-27.875,92.125,20.48,-1.6
1990-01-01T12:00:00Z,0.0,-27.875,96.125,22.17,0.38
1990-01-01T12:00:00Z,0.0,-27.875,100.125,22.07,0.51
1990-01-01T12:00:00Z,0.0,-27.875,104.125,22.71,1.24
1990-01-01T12:00:00Z,0.0,-27.875,108.125,22.01,0.36
1990-01-01T12:00:00Z,0.0,-27.875,112.125,22.01,-0.48
1990-01-01T12:00:00Z,0.0,-27.875,116.125,NaN,NaN
1990-01-01T12:00:00Z,0.0,-27.875,120.125,NaN,NaN
1990-01-01T12:00:00Z,0.0,-27.875,124.125,NaN,NaN
1990-01-01T12:00:00Z,0.0,-27.875,128.125,NaN,NaN
1990-01-01T12:00:00Z,0.0,-27.875,132.125,NaN,NaN
1990-01-01T12:00:00Z,0.0,-27.875,136.125,NaN,NaN
1990-01-01T12:00:00Z,0.0,-27.875,140.125,NaN,NaN
1990-01-01T12:00:00Z,0.0,-27.875,144.125,NaN,NaN
1990-01-01T12:00:00Z,0.0,-27.875,148.125,NaN,NaN
1990-01-01T12:00:00Z,0.0,-27.875,152.125,NaN,NaN
1990-01-01T12:00:00Z,0.0,-27.875,156.125,21.96,-2.81
1990-01-01T12:00:00Z,0.0,-27.875,160.125,21.91,-2.05
1990-01-01T12:00:00Z,0.0,-27.875,164.125,22.28,-1.34
1990-01-01T12:00:00Z,0.0,-27.875,168.125,23.26,-0.12
1990-01-01T12:00:00Z,0.0,-27.875,172.125,22.96,-0.46
1990-01-01T12:00:00Z,0.0,-27.875,176.125,23.76,0.14
1990-01-01T12:00:00Z,0.0,-27.875,180.125,23.22,-0.35
1990-01-01T12:00:00Z,0.0,-27.875,184.125,23.65,0.22
1990-01-01T12:00:00Z,0.0,-27.875,188.125,22.87,-0.41
1990-01-01T12:00:00Z,0.0,-27.875,192.125,22.5,-0.59
1990-01-01T12:00:00Z,0.0,-27.875,196.125,22.37,-0.71
1990-01-01T12:00:00Z,0.0,-27.875,200.125,22.35,-0.66
1990-01-01T12:00:00Z,0.0,-27.875,204.125,21.82,-1.15
1990-01-01T12:00:00Z,0.0,-27.875,208.125,22.41,-0.66
1990-01-01T12:00:00Z,0.0,-27.875,212.125,21.92,-1.25
1990-01-01T12:00:00Z,0.0,-27.875,216.125,23.6,0.26
1990-01-01T12:00:00Z,0.0,-27.875,220.125,23.72,0.11
1990-01-01T12:00:00Z,0.0,-27.875,224.125,23.4,-0.47
1990-01-01T12:00:00Z,0.0,-27.875,228.125,24.66,0.64
1990-01-01T12:00:00Z,0.0,-27.875,232.125,25.85,1.72
1990-01-01T12:00:00Z,0.0,-27.875,236.125,25.87,1.66
1990-01-01T12:00:00Z,0.0,-27.875,240.125,25.13,1.07
1990-01-01T12:00:00Z,0.0,-27.875,244.125,25.11,1.18
1990-01-01T12:00:00Z,0.0,-27.875,248.125,24.17,0.49
1990-01-01T12:00:00Z,0.0,-27.875,252.125,23.67,0.32
1990-01-01T12:00:00Z,0.0,-27.875,256.125,23.72,0.71
1990-01-01T12:00:00Z,0.0,-27.875,260.125,22.85,0.19
1990-01-01T12:00:00Z,0.0,-27.875,264.125,22.87,0.62
1990-01-01T12:00:00Z,0.0,-27.875,268.125,22.74,0.97
1990-01-01T12:00:00Z,0.0,-27.875,272.125,22.13,0.98
1990-01-01T12:00:00Z,0.0,-27.875,276.125,21.64,1.23
1990-01-01T12:00:00Z,0.0,-27.875,280.125,20.59,1.05
1990-01-01T12:00:00Z,0.0,-27.875,284.125,19.34,0.81
1990-01-01T12:00:00Z,0.0,-27.875,288.125,19.0,0.8
1990-01-01T12:00:00Z,0.0,-27.875,292.125,NaN,NaN
1990-01-01T12:00:00Z,0.0,-27.875,296.125,NaN,NaN
1990-01-01T12:00:00Z,0.0,-27.875,300.125,NaN,NaN
1990-01-01T12:00:00Z,0.0,-27.875,304.125,NaN,NaN
1990-01-01T12:00:00Z,0.0,-27.875,308.125,NaN,NaN
1990-01-01T12:00:00Z,0.0,-27.875,312.125,23.53,-1.26
1990-01-01T12:00:00Z,0.0,-27.875,316.125,23.01,-1.32
1990-01-01T12:00:00Z,0.0,-27.875,320.125,23.16,-0.77
1990-01-01T12:00:00Z,0.0,-27.875,324.125,23.52,-0.37
1990-01-01T12:00:00Z,0.0,-27.875,328.125,23.46,-0.43
1990-01-01T12:00:00Z,0.0,-27.875,332.125,23.49,-0.55
1990-01-01T12:00:00Z,0.0,-27.875,336.125,23.23,-0.81
1990-01-01T12:00:00Z,0.0,-27.875,340.125,23.38,-0.57
1990-01-01T12:00:00Z,0.0,-27.875,344.125,23.1,-0.66
1990-01-01T12:00:00Z,0.0,-27.875,348.125,23.0,-0.4
1990-01-01T12:00:00Z,0.0,-27.875,352.125,22.56,-0.41
1990-01-01T12:00:00Z,0.0,-27.875,356.125,22.31,-0.07
1990-01-01T12:00:00Z,0.0,-23.875,0.125,22.04,0.24
1990-01-01T12:00:00Z,0.0,-23.875,4.125,21.16,0.05
1990-01-01T12:00:00Z,0.0,-23.875,8.125,20.56,0.04
1990-01-01T12:00:00Z,0.0,-23.875,12.125,18.78,0.06
1990-01-01T12:00:00Z,0.0,-23.875,16.125,NaN,NaN
1990-01-01T12:00:00Z,0.0,-23.875,20.125,NaN,NaN
1990-01-01T12:00:00Z,0.0,-23.875,24.125,NaN,NaN
1990-01-01T12:00:00Z,0.0,-23.875,28.125,NaN,NaN
1990-01-01T12:00:00Z,0.0,-23.875,32.125,NaN,NaN
1990-01-01T12:00:00Z,0.0,-23.875,36.125,27.8,0.53
1990-01-01T12:00:00Z,0.0,-23.875,40.125,26.85,-0.44
1990-01-01T12:00:00Z,0.0,-23.875,44.125,NaN,NaN
1990-01-01T12:00:00Z,0.0,-23.875,48.125,26.32,-0.51
1990-01-01T12:00:00Z,0.0,-23.875,52.125,25.56,-1.09
1990-01-01T12:00:00Z,0.0,-23.875,56.125,25.15,-1.22
1990-01-01T12:00:00Z,0.0,-23.875,60.125,24.75,-1.4
1990-01-01T12:00:00Z,0.0,-23.875,64.125,24.63,-1.19
1990-01-01T12:00:00Z,0.0,-23.875,68.125,23.74,-1.81
1990-01-01T12:00:00Z,0.0,-23.875,72.125,22.93,-2.27
1990-01-01T12:00:00Z,0.0,-23.875,76.125,23.79,-1.1
1990-01-01T12:00:00Z,0.0,-23.875,80.125,23.33,-1.21
1990-01-01T12:00:00Z,0.0,-23.875,84.125,23.16,-0.99
1990-01-01T12:00:00Z,0.0,-23.875,88.125,23.5,-0.38
1990-01-01T12:00:00Z,0.0,-23.875,92.125,23.36,-0.3
1990-01-01T12:00:00Z,0.0,-23.875,96.125,24.77,1.32
1990-01-01T12:00:00Z,0.0,-23.875,100.125,23.96,0.81
1990-01-01T12:00:00Z,0.0,-23.875,104.125,23.07,0.12
1990-01-01T12:00:00Z,0.0,-23.875,108.125,23.13,-0.19
1990-01-01T12:00:00Z,0.0,-23.875,112.125,23.49,-0.74
1990-01-01T12:00:00Z,0.0,-23.875,116.125,NaN,NaN
1990-01-01T12:00:00Z,0.0,-23.875,120.125,NaN,NaN
1990-01-01T12:00:00Z,0.0,-23.875,124.125,NaN,NaN
1990-01-01T12:00:00Z,0.0,-23.875,128.125,NaN,NaN
1990-01-01T12:00:00Z,0.0,-23.875,132.125,NaN,NaN
1990-01-01T12:00:00Z,0.0,-23.875,136.125,NaN,NaN
1990-01-01T12:00:00Z,0.0,-23.875,140.125,NaN,NaN
1990-01-01T12:00:00Z,0.0,-23.875,144.125,NaN,NaN
1990-01-01T12:00:00Z,0.0,-23.875,148.125,NaN,NaN
1990-01-01T12:00:00Z,0.0,-23.875,152.125,25.04,-1.74
1990-01-01T12:00:00Z,0.0,-23.875,156.125,23.93,-2.24
1990-01-01T12:00:00Z,0.0,-23.875,160.125,23.98,-1.51
1990-01-01T12:00:00Z,0.0,-23.875,164.125,25.52,0.2
1990-01-01T12:00:00Z,0.0,-23.875,168.125,25.92,0.55
1990-01-01T12:00:00Z,0.0,-23.875,172.125,26.01,0.53
1990-01-01T12:00:00Z,0.0,-23.875,176.125,25.26,-0.21
1990-01-01T12:00:00Z,0.0,-23.875,180.125,24.6,-0.81
1990-01-01T12:00:00Z,0.0,-23.875,184.125,24.74,-0.6
1990-01-01T12:00:00Z,0.0,-23.875,188.125,24.4,-0.82
1990-01-01T12:00:00Z,0.0,-23.875,192.125,24.34,-0.88
1990-01-01T12:00:00Z,0.0,-23.875,196.125,23.51,-1.73
1990-01-01T12:00:00Z,0.0,-23.875,200.125,23.54,-1.69
1990-01-01T12:00:00Z,0.0,-23.875,204.125,23.74,-1.45
1990-01-01T12:00:00Z,0.0,-23.875,208.125,23.63,-1.53
1990-01-01T12:00:00Z,0.0,-23.875,212.125,24.16,-1.17
1990-01-01T12:00:00Z,0.0,-23.875,216.125,25.26,-0.29
1990-01-01T12:00:00Z,0.0,-23.875,220.125,24.9,-0.76
1990-01-01T12:00:00Z,0.0,-23.875,224.125,25.58,-0.21
1990-01-01T12:00:00Z,0.0,-23.875,228.125,26.63,0.75
1990-01-01T12:00:00Z,0.0,-23.875,232.125,26.5,0.71
1990-01-01T12:00:00Z,0.0,-23.875,236.125,26.51,0.91
1990-01-01T12:00:00Z,0.0,-23.875,240.125,26.15,0.82
1990-01-01T12:00:00Z,0.0,-23.875,244.125,25.71,0.74
1990-01-01T12:00:00Z,0.0,-23.875,248.125,25.2,0.65
1990-01-01T12:00:00Z,0.0,-23.875,252.125,25.02,0.9
1990-01-01T12:00:00Z,0.0,-23.875,256.125,24.75,1.11
1990-01-01T12:00:00Z,0.0,-23.875,260.125,24.2,1.08
1990-01-01T12:00:00Z,0.0,-23.875,264.125,23.31,0.76
1990-01-01T12:00:00Z,0.0,-23.875,268.125,22.23,0.33
1990-01-01T12:00:00Z,0.0,-23.875,272.125,21.47,0.25
1990-01-01T12:00:00Z,0.0,-23.875,276.125,21.26,0.73
1990-01-01T12:00:00Z,0.0,-23.875,280.125,20.77,0.93
1990-01-01T12:00:00Z,0.0,-23.875,284.125,20.2,0.82
1990-01-01T12:00:00Z,0.0,-23.875,288.125,22.58,2.21
1990-01-01T12:00:00Z,0.0,-23.875,292.125,NaN,NaN
1990-01-01T12:00:00Z,0.0,-23.875,296.125,NaN,NaN
1990-01-01T12:00:00Z,0.0,-23.875,300.125,NaN,NaN
1990-01-01T12:00:00Z,0.0,-23.875,304.125,NaN,NaN
1990-01-01T12:00:00Z,0.0,-23.875,308.125,NaN,NaN
1990-01-01T12:00:00Z,0.0,-23.875,312.125,NaN,NaN
1990-01-01T12:00:00Z,0.0,-23.875,316.125,23.33,-1.74
1990-01-01T12:00:00Z,0.0,-23.875,320.125,24.92,-0.59
1990-01-01T12:00:00Z,0.0,-23.875,324.125,24.03,-1.64
1990-01-01T12:00:00Z,0.0,-23.875,328.125,24.57,-1.16
1990-01-01T12:00:00Z,0.0,-23.875,332.125,24.62,-1.01
1990-01-01T12:00:00Z,0.0,-23.875,336.125,24.65,-0.82
1990-01-01T12:00:00Z,0.0,-23.875,340.125,24.68,-0.38
1990-01-01T12:00:00Z,0.0,-23.875,344.125,24.43,-0.08
1990-01-01T12:00:00Z,0.0,-23.875,348.125,23.77,-0.15
1990-01-01T12:00:00Z,0.0,-23.875,352.125,23.26,-0.02
1990-01-01T12:00:00Z,0.0,-23.875,356.125,22.99,0.47
1990-01-01T12:00:00Z,0.0,-19.875,0.125,21.44,-0.24
1990-01-01T12:00:00Z,0.0,-19.875,4.125,21.06,-0.28
1990-01-01T12:00:00Z,0.0,-19.875,8.125,19.74,-0.93
1990-01-01T12:00:00Z,0.0,-19.875,12.125,17.48,-1.17
1990-01-01T12:00:00Z,0.0,-19.875,16.125,NaN,NaN
1990-01-01T12:00:00Z,0.0,-19.875,20.125,NaN,NaN
1990-01-01T12:00:00Z,0.0,-19.875,24.125,NaN,NaN
1990-01-01T12:00:00Z,0.0,-19.875,28.125,NaN,NaN
1990-01-01T12:00:00Z,0.0,-19.875,32.125,NaN,NaN
1990-01-01T12:00:00Z,0.0,-19.875,36.125,28.04,0.12
1990-01-01T12:00:00Z,0.0,-19.875,40.125,29.52,1.15
1990-01-01T12:00:00Z,0.0,-19.875,44.125,29.52,0.89
1990-01-01T12:00:00Z,0.0,-19.875,48.125,NaN,NaN
1990-01-01T12:00:00Z,0.0,-19.875,52.125,25.56,-1.94
1990-01-01T12:00:00Z,0.0,-19.875,56.125,26.12,-0.99
1990-01-01T12:00:00Z,0.0,-19.875,60.125,25.87,-0.97
1990-01-01T12:00:00Z,0.0,-19.875,64.125,25.53,-1.0
1990-01-01T12:00:00Z,0.0,-19.875,68.125,24.82,-1.49
1990-01-01T12:00:00Z,0.0,-19.875,72.125,24.94,-1.13
1990-01-01T12:00:00Z,0.0,-19.875,76.125,24.33,-1.53
1990-01-01T12:00:00Z,0.0,-19.875,80.125,23.81,-1.8
1990-01-01T12:00:00Z,0.0,-19.875,84.125,24.78,-0.78
1990-01-01T12:00:00Z,0.0,-19.875,88.125,24.73,-0.69
1990-01-01T12:00:00Z,0.0,-19.875,92.125,26.51,1.17
1990-01-01T12:00:00Z,0.0,-19.875,96.125,26.53,1.51
1990-01-01T12:00:00Z,0.0,-19.875,100.125,25.18,0.53
1990-01-01T12:00:00Z,0.0,-19.875,104.125,24.49,-0.18
1990-01-01T12:00:00Z,0.0,-19.875,108.125,25.19,0.16
1990-01-01T12:00:00Z,0.0,-19.875,112.125,26.67,0.49
1990-01-01T12:00:00Z,0.0,-19.875,116.125,27.16,-0.52
1990-01-01T12:00:00Z,0.0,-19.875,120.125,28.87,0.37
1990-01-01T12:00:00Z,0.0,-19.875,124.125,NaN,NaN
1990-01-01T12:00:00Z,0.0,-19.875,128.125,NaN,NaN
1990-01-01T12:00:00Z,0.0,-19.875,132.125,NaN,NaN
1990-01-01T12:00:00Z,0.0,-19.875,136.125,NaN,NaN
1990-01-01T12:00:00Z,0.0,-19.875,140.125,NaN,NaN
1990-01-01T12:00:00Z,0.0,-19.875,144.125,NaN,NaN
1990-01-01T12:00:00Z,0.0,-19.875,148.125,27.82,-0.12
1990-01-01T12:00:00Z,0.0,-19.875,152.125,26.8,-0.72
1990-01-01T12:00:00Z,0.0,-19.875,156.125,26.25,-0.94
1990-01-01T12:00:00Z,0.0,-19.875,160.125,27.64,0.66
1990-01-01T12:00:00Z,0.0,-19.875,164.125,28.01,0.98
1990-01-01T12:00:00Z,0.0,-19.875,168.125,27.57,0.38
1990-01-01T12:00:00Z,0.0,-19.875,172.125,27.91,0.73
1990-01-01T12:00:00Z,0.0,-19.875,176.125,27.29,0.02
1990-01-01T12:00:00Z,0.0,-19.875,180.125,26.83,-0.28
1990-01-01T12:00:00Z,0.0,-19.875,184.125,27.13,0.07
1990-01-01T12:00:00Z,0.0,-19.875,188.125,27.08,-0.02
1990-01-01T12:00:00Z,0.0,-19.875,192.125,25.44,-1.68
1990-01-01T12:00:00Z,0.0,-19.875,196.125,25.34,-1.76
1990-01-01T12:00:00Z,0.0,-19.875,200.125,25.84,-1.19
1990-01-01T12:00:00Z,0.0,-19.875,204.125,25.33,-1.68
1990-01-01T12:00:00Z,0.0,-19.875,208.125,25.29,-1.79
1990-01-01T12:00:00Z,0.0,-19.875,212.125,26.36,-0.81
1990-01-01T12:00:00Z,0.0,-19.875,216.125,27.03,-0.17
1990-01-01T12:00:00Z,0.0,-19.875,220.125,26.7,-0.44
1990-01-01T12:00:00Z,0.0,-19.875,224.125,27.15,0.03
1990-01-01T12:00:00Z,0.0,-19.875,228.125,27.34,0.41
1990-01-01T12:00:00Z,0.0,-19.875,232.125,27.3,0.68
1990-01-01T12:00:00Z,0.0,-19.875,236.125,27.04,0.72
1990-01-01T12:00:00Z,0.0,-19.875,240.125,26.98,1.08
1990-01-01T12:00:00Z,0.0,-19.875,244.125,26.59,1.19
1990-01-01T12:00:00Z,0.0,-19.875,248.125,25.23,0.37
1990-01-01T12:00:00Z,0.0,-19.875,252.125,24.86,0.6
1990-01-01T12:00:00Z,0.0,-19.875,256.125,24.53,0.88
1990-01-01T12:00:00Z,0.0,-19.875,260.125,23.33,0.28
1990-01-01T12:00:00Z,0.0,-19.875,264.125,22.44,0.01
1990-01-01T12:00:00Z,0.0,-19.875,268.125,22.13,0.32
1990-01-01T12:00:00Z,0.0,-19.875,272.125,21.7,0.56
1990-01-01T12:00:00Z,0.0,-19.875,276.125,21.0,0.46
1990-01-01T12:00:00Z,0.0,-19.875,280.125,21.89,1.7
1990-01-01T12:00:00Z,0.0,-19.875,284.125,22.45,1.38
1990-01-01T12:00:00Z,0.0,-19.875,288.125,23.62,1.11
1990-01-01T12:00:00Z,0.0,-19.875,292.125,NaN,NaN
1990-01-01T12:00:00Z,0.0,-19.875,296.125,NaN,NaN
1990-01-01T12:00:00Z,0.0,-19.875,300.125,NaN,NaN
1990-01-01T12:00:00Z,0.0,-19.875,304.125,NaN,NaN
1990-01-01T12:00:00Z,0.0,-19.875,308.125,NaN,NaN
1990-01-01T12:00:00Z,0.0,-19.875,312.125,NaN,NaN
1990-01-01T12:00:00Z,0.0,-19.875,316.125,NaN,NaN
1990-01-01T12:00:00Z,0.0,-19.875,320.125,24.69,-1.39
1990-01-01T12:00:00Z,0.0,-19.875,324.125,24.89,-1.78
1990-01-01T12:00:00Z,0.0,-19.875,328.125,25.81,-0.68
1990-01-01T12:00:00Z,0.0,-19.875,332.125,25.39,-0.71
1990-01-01T12:00:00Z,0.0,-19.875,336.125,25.45,-0.11
1990-01-01T12:00:00Z,0.0,-19.875,340.125,24.58,-0.32
1990-01-01T12:00:00Z,0.0,-19.875,344.125,24.14,-0.01
1990-01-01T12:00:00Z,0.0,-19.875,348.125,23.3,-0.09
1990-01-01T12:00:00Z,0.0,-19.875,352.125,22.46,-0.26
1990-01-01T12:00:00Z,0.0,-19.875,356.125,22.07,-0.08
1990-01-01T12:00:00Z,0.0,-15.875,0.125,21.45,-0.7
1990-01-01T12:00:00Z,0.0,-15.875,4.125,20.9,-1.14
1990-01-01T12:00:00Z,0.0,-15.875,8.125,20.61,-1.09
1990-01-01T12:00:00Z,0.0,-15.875,12.125,NaN,NaN
1990-01-01T12:00:00Z,0.0,-15.875,16.125,NaN,NaN
1990-01-01T12:00:00Z,0.0,-15.875,20.125,NaN,NaN
1990-01-01T12:00:00Z,0.0,-15.875,24.125,NaN,NaN
1990-01-01T12:00:00Z,0.0,-15.875,28.125,NaN,NaN
1990-01-01T12:00:00Z,0.0,-15.875,32.125,NaN,NaN
1990-01-01T12:00:00Z,0.0,-15.875,36.125,NaN,NaN
1990-01-01T12:00:00Z,0.0,-15.875,40.125,NaN,NaN
1990-01-01T12:00:00Z,0.0,-15.875,44.125,29.23,0.37
1990-01-01T12:00:00Z,0.0,-15.875,48.125,NaN,NaN
1990-01-01T12:00:00Z,0.0,-15.875,52.125,26.16,-1.73
1990-01-01T12:00:00Z,0.0,-15.875,56.125,25.53,-2.15
1990-01-01T12:00:00Z,0.0,-15.875,60.125,26.33,-1.12
1990-01-01T12:00:00Z,0.0,-15.875,64.125,26.63,-0.69
1990-01-01T12:00:00Z,0.0,-15.875,68.125,26.64,-0.56
1990-01-01T12:00:00Z,0.0,-15.875,72.125,26.03,-1.1
1990-01-01T12:00:00Z,0.0,-15.875,76.125,26.61,-0.57
1990-01-01T12:00:00Z,0.0,-15.875,80.125,27.2,-0.02
1990-01-01T12:00:00Z,0.0,-15.875,84.125,27.02,-0.14
1990-01-01T12:00:00Z,0.0,-15.875,88.125,27.61,0.54
1990-01-01T12:00:00Z,0.0,-15.875,92.125,26.36,-0.47
1990-01-01T12:00:00Z,0.0,-15.875,96.125,26.24,-0.32
1990-01-01T12:00:00Z,0.0,-15.875,100.125,25.91,-0.4
1990-01-01T12:00:00Z,0.0,-15.875,104.125,26.06,-0.55
1990-01-01T12:00:00Z,0.0,-15.875,108.125,27.66,0.55
1990-01-01T12:00:00Z,0.0,-15.875,112.125,26.59,-1.11
1990-01-01T12:00:00Z,0.0,-15.875,116.125,29.21,0.72
1990-01-01T12:00:00Z,0.0,-15.875,120.125,28.3,-0.86
1990-01-01T12:00:00Z,0.0,-15.875,124.125,30.08,0.92
1990-01-01T12:00:00Z,0.0,-15.875,128.125,NaN,NaN
1990-01-01T12:00:00Z,0.0,-15.875,132.125,NaN,NaN
1990-01-01T12:00:00Z,0.0,-15.875,136.125,NaN,NaN
1990-01-01T12:00:00Z,0.0,-15.875,140.125,29.32,-0.65
1990-01-01T12:00:00Z,0.0,-15.875,144.125,NaN,NaN
1990-01-01T12:00:00Z,0.0,-15.875,148.125,26.1,-2.24
1990-01-01T12:00:00Z,0.0,-15.875,152.125,27.31,-1.03
1990-01-01T12:00:00Z,0.0,-15.875,156.125,27.83,-0.61
1990-01-01T12:00:00Z,0.0,-15.875,160.125,27.83,-0.57
1990-01-01T12:00:00Z,0.0,-15.875,164.125,28.62,0.19
1990-01-01T12:00:00Z,0.0,-15.875,168.125,28.56,0.06
1990-01-01T12:00:00Z,0.0,-15.875,172.125,28.97,0.44
1990-01-01T12:00:00Z,0.0,-15.875,176.125,28.76,0.1
1990-01-01T12:00:00Z,0.0,-15.875,180.125,28.33,-0.13
1990-01-01T12:00:00Z,0.0,-15.875,184.125,27.7,-0.78
1990-01-01T12:00:00Z,0.0,-15.875,188.125,27.92,-0.57
1990-01-01T12:00:00Z,0.0,-15.875,192.125,26.05,-2.41
1990-01-01T12:00:00Z,0.0,-15.875,196.125,27.38,-0.99
1990-01-01T12:00:00Z,0.0,-15.875,200.125,27.26,-1.06
1990-01-01T12:00:00Z,0.0,-15.875,204.125,27.49,-0.8
1990-01-01T12:00:00Z,0.0,-15.875,208.125,27.91,-0.34
1990-01-01T12:00:00Z,0.0,-15.875,212.125,27.67,-0.5
1990-01-01T12:00:00Z,0.0,-15.875,216.125,28.08,-0.05
1990-01-01T12:00:00Z,0.0,-15.875,220.125,27.88,-0.12
1990-01-01T12:00:00Z,0.0,-15.875,224.125,27.62,-0.16
1990-01-01T12:00:00Z,0.0,-15.875,228.125,26.43,-1.03
1990-01-01T12:00:00Z,0.0,-15.875,232.125,26.99,-0.09
1990-01-01T12:00:00Z,0.0,-15.875,236.125,27.15,0.52
1990-01-01T12:00:00Z,0.0,-15.875,240.125,26.44,0.34
1990-01-01T12:00:00Z,0.0,-15.875,244.125,26.18,0.61
1990-01-01T12:00:00Z,0.0,-15.875,248.125,25.06,0.08
1990-01-01T12:00:00Z,0.0,-15.875,252.125,24.22,-0.16
1990-01-01T12:00:00Z,0.0,-15.875,256.125,23.36,-0.37
1990-01-01T12:00:00Z,0.0,-15.875,260.125,23.1,-0.01
1990-01-01T12:00:00Z,0.0,-15.875,264.125,22.64,0.14
1990-01-01T12:00:00Z,0.0,-15.875,268.125,22.19,0.32
1990-01-01T12:00:00Z,0.0,-15.875,272.125,21.7,0.33
1990-01-01T12:00:00Z,0.0,-15.875,276.125,21.68,0.47
1990-01-01T12:00:00Z,0.0,-15.875,280.125,22.2,0.53
1990-01-01T12:00:00Z,0.0,-15.875,284.125,21.73,0.31
1990-01-01T12:00:00Z,0.0,-15.875,288.125,NaN,NaN
1990-01-01T12:00:00Z,0.0,-15.875,292.125,NaN,NaN
1990-01-01T12:00:00Z,0.0,-15.875,296.125,NaN,NaN
1990-01-01T12:00:00Z,0.0,-15.875,300.125,NaN,NaN
1990-01-01T12:00:00Z,0.0,-15.875,304.125,NaN,NaN
1990-01-01T12:00:00Z,0.0,-15.875,308.125,NaN,NaN
1990-01-01T12:00:00Z,0.0,-15.875,312.125,NaN,NaN
1990-01-01T12:00:00Z,0.0,-15.875,316.125,NaN,NaN
1990-01-01T12:00:00Z,0.0,-15.875,320.125,NaN,NaN
1990-01-01T12:00:00Z,0.0,-15.875,324.125,26.74,-0.55
1990-01-01T12:00:00Z,0.0,-15.875,328.125,26.51,-0.43
1990-01-01T12:00:00Z,0.0,-15.875,332.125,26.07,-0.17
1990-01-01T12:00:00Z,0.0,-15.875,336.125,24.76,-0.65
1990-01-01T12:00:00Z,0.0,-15.875,340.125,23.82,-0.78
1990-01-01T12:00:00Z,0.0,-15.875,344.125,23.13,-0.65
1990-01-01T12:00:00Z,0.0,-15.875,348.125,22.4,-0.75
1990-01-01T12:00:00Z,0.0,-15.875,352.125,21.84,-0.78
1990-01-01T12:00:00Z,0.0,-15.875,356.125,21.5,-0.77
1990-01-01T12:00:00Z,0.0,-11.875,0.125,22.6,-0.81
1990-01-01T12:00:00Z,0.0,-11.875,4.125,22.1,-1.52
1990-01-01T12:00:00Z,0.0,-11.875,8.125,23.92,-0.79
1990-01-01T12:00:00Z,0.0,-11.875,12.125,24.65,-1.21
1990-01-01T12:00:00Z,0.0,-11.875,16.125,NaN,NaN
1990-01-01T12:00:00Z,0.0,-11.875,20.125,NaN,NaN
1990-01-01T12:00:00Z,0.0,-11.875,24.125,NaN,NaN
1990-01-01T12:00:00Z,0.0,-11.875,28.125,NaN,NaN
1990-01-01T12:00:00Z,0.0,-11.875,32.125,NaN,NaN
1990-01-01T12:00:00Z,0.0,-11.875,36.125,NaN,NaN
1990-01-01T12:00:00Z,0.0,-11.875,40.125,NaN,NaN
1990-01-01T12:00:00Z,0.0,-11.875,44.125,27.74,-0.69
1990-01-01T12:00:00Z,0.0,-11.875,48.125,28.2,-0.01
1990-01-01T12:00:00Z,0.0,-11.875,52.125,26.05,-2.11
1990-01-01T12:00:00Z,0.0,-11.875,56.125,25.96,-2.22
1990-01-01T12:00:00Z,0.0,-11.875,60.125,26.09,-2.07
1990-01-01T12:00:00Z,0.0,-11.875,64.125,27.67,-0.43
1990-01-01T12:00:00Z,0.0,-11.875,68.125,27.45,-0.57
1990-01-01T12:00:00Z,0.0,-11.875,72.125,28.8,0.72
1990-01-01T12:00:00Z,0.0,-11.875,76.125,27.83,-0.31
1990-01-01T12:00:00Z,0.0,-11.875,80.125,28.5,0.33
1990-01-01T12:00:00Z,0.0,-11.875,84.125,27.58,-0.49
1990-01-01T12:00:00Z,0.0,-11.875,88.125,27.55,-0.29
1990-01-01T12:00:00Z,0.0,-11.875,92.125,26.99,-0.72
1990-01-01T12:00:00Z,0.0,-11.875,96.125,26.9,-0.68
1990-01-01T12:00:00Z,0.0,-11.875,100.125,26.79,-0.88
1990-01-01T12:00:00Z,0.0,-11.875,104.125,28.36,0.42
1990-01-01T12:00:00Z,0.0,-11.875,108.125,28.47,0.23
1990-01-01T12:00:00Z,0.0,-11.875,112.125,28.64,-0.08
1990-01-01T12:00:00Z,0.0,-11.875,116.125,29.31,0.17
1990-01-01T12:00:00Z,0.0,-11.875,120.125,30.74,1.25
1990-01-01T12:00:00Z,0.0,-11.875,124.125,29.81,0.19
1990-01-01T12:00:00Z,0.0,-11.875,128.125,30.59,0.83
1990-01-01T12:00:00Z,0.0,-11.875,132.125,30.41,0.41
1990-01-01T12:00:00Z,0.0,-11.875,136.125,29.74,0.06
1990-01-01T12:00:00Z,0.0,-11.875,140.125,28.87,-0.62
1990-01-01T12:00:00Z,0.0,-11.875,144.125,28.29,-0.37
1990-01-01T12:00:00Z,0.0,-11.875,148.125,28.08,-0.7
1990-01-01T12:00:00Z,0.0,-11.875,152.125,27.93,-0.96
1990-01-01T12:00:00Z,0.0,-11.875,156.125,28.89,-0.35
1990-01-01T12:00:00Z,0.0,-11.875,160.125,28.99,-0.27
1990-01-01T12:00:00Z,0.0,-11.875,164.125,28.51,-0.68
1990-01-01T12:00:00Z,0.0,-11.875,168.125,29.32,0.17
1990-01-01T12:00:00Z,0.0,-11.875,172.125,29.16,-0.04
1990-01-01T12:00:00Z,0.0,-11.875,176.125,28.66,-0.59
1990-01-01T12:00:00Z,0.0,-11.875,180.125,28.84,-0.38
1990-01-01T12:00:00Z,0.0,-11.875,184.125,29.06,-0.09
1990-01-01T12:00:00Z,0.0,-11.875,188.125,27.92,-1.14
1990-01-01T12:00:00Z,0.0,-11.875,192.125,28.56,-0.47
1990-01-01T12:00:00Z,0.0,-11.875,196.125,28.12,-0.83
1990-01-01T12:00:00Z,0.0,-11.875,200.125,28.51,-0.36
1990-01-01T12:00:00Z,0.0,-11.875,204.125,28.5,-0.31
1990-01-01T12:00:00Z,0.0,-11.875,208.125,28.21,-0.46
1990-01-01T12:00:00Z,0.0,-11.875,212.125,28.21,-0.33
1990-01-01T12:00:00Z,0.0,-11.875,216.125,28.07,-0.31
1990-01-01T12:00:00Z,0.0,-11.875,220.125,27.45,-0.68
1990-01-01T12:00:00Z,0.0,-11.875,224.125,27.26,-0.53
1990-01-01T12:00:00Z,0.0,-11.875,228.125,26.83,-0.59
1990-01-01T12:00:00Z,0.0,-11.875,232.125,27.02,-0.02
1990-01-01T12:00:00Z,0.0,-11.875,236.125,26.48,-0.12
1990-01-01T12:00:00Z,0.0,-11.875,240.125,26.12,-0.02
1990-01-01T12:00:00Z,0.0,-11.875,244.125,25.69,0.03
1990-01-01T12:00:00Z,0.0,-11.875,248.125,25.02,-0.1
1990-01-01T12:00:00Z,0.0,-11.875,252.125,24.18,-0.37
1990-01-01T12:00:00Z,0.0,-11.875,256.125,23.56,-0.45
1990-01-01T12:00:00Z,0.0,-11.875,260.125,22.98,-0.51
1990-01-01T12:00:00Z,0.0,-11.875,264.125,22.54,-0.51
1990-01-01T12:00:00Z,0.0,-11.875,268.125,22.27,-0.51
1990-01-01T12:00:00Z,0.0,-11.875,272.125,22.59,-0.17
1990-01-01T12:00:00Z,0.0,-11.875,276.125,23.83,0.8
1990-01-01T12:00:00Z,0.0,-11.875,280.125,23.37,0.58
1990-01-01T12:00:00Z,0.0,-11.875,284.125,NaN,NaN
1990-01-01T12:00:00Z,0.0,-11.875,288.125,NaN,NaN
1990-01-01T12:00:00Z,0.0,-11.875,292.125,NaN,NaN
1990-01-01T12:00:00Z,0.0,-11.875,296.125,NaN,NaN
1990-01-01T12:00:00Z,0.0,-11.875,300.125,NaN,NaN
1990-01-01T12:00:00Z,0.0,-11.875,304.125,NaN,NaN
1990-01-01T12:00:00Z,0.0,-11.875,308.125,NaN,NaN
1990-01-01T12:00:00Z,0.0,-11.875,312.125,NaN,NaN
1990-01-01T12:00:00Z,0.0,-11.875,316.125,NaN,NaN
1990-01-01T12:00:00Z,0.0,-11.875,320.125,NaN,NaN
1990-01-01T12:00:00Z,0.0,-11.875,324.125,27.12,-0.26
1990-01-01T12:00:00Z,0.0,-11.875,328.125,26.65,-0.56
1990-01-01T12:00:00Z,0.0,-11.875,332.125,26.12,-0.47
1990-01-01T12:00:00Z,0.0,-11.875,336.125,25.22,-0.7
1990-01-01T12:00:00Z,0.0,-11.875,340.125,24.62,-0.64
1990-01-01T12:00:00Z,0.0,-11.875,344.125,23.99,-0.63
1990-01-01T12:00:00Z,0.0,-11.875,348.125,23.65,-0.45
1990-01-01T12:00:00Z,0.0,-11.875,352.125,22.99,-0.76
1990-01-01T12:00:00Z,0.0,-11.875,356.125,23.31,-0.27
1990-01-01T12:00:00Z,0.0,-7.875,0.125,23.23,-1.93
1990-01-01T12:00:00Z,0.0,-7.875,4.125,23.93,-1.83
1990-01-01T12:00:00Z,0.0,-7.875,8.125,26.04,-0.68
1990-01-01T12:00:00Z,0.0,-7.875,12.125,23.7,-3.0
1990-01-01T12:00:00Z,0.0,-7.875,16.125,NaN,NaN
1990-01-01T12:00:00Z,0.0,-7.875,20.125,NaN,NaN
1990-01-01T12:00:00Z,0.0,-7.875,24.125,NaN,NaN
1990-01-01T12:00:00Z,0.0,-7.875,28.125,NaN,NaN
1990-01-01T12:00:00Z,0.0,-7.875,32.125,NaN,NaN
1990-01-01T12:00:00Z,0.0,-7.875,36.125,NaN,NaN
1990-01-01T12:00:00Z,0.0,-7.875,40.125,28.39,-0.18
1990-01-01T12:00:00Z,0.0,-7.875,44.125,28.7,0.02
1990-01-01T12:00:00Z,0.0,-7.875,48.125,28.28,-0.23
1990-01-01T12:00:00Z,0.0,-7.875,52.125,28.17,-0.24
1990-01-01T12:00:00Z,0.0,-7.875,56.125,28.18,-0.1
1990-01-01T12:00:00Z,0.0,-7.875,60.125,26.24,-2.09
1990-01-01T12:00:00Z,0.0,-7.875,64.125,27.25,-1.12
1990-01-01T12:00:00Z,0.0,-7.875,68.125,28.78,0.35
1990-01-01T12:00:00Z,0.0,-7.875,72.125,28.13,-0.19
1990-01-01T12:00:00Z,0.0,-7.875,76.125,27.68,-0.62
1990-01-01T12:00:00Z,0.0,-7.875,80.125,28.27,-0.04
1990-01-01T12:00:00Z,0.0,-7.875,84.125,28.22,-0.07
1990-01-01T12:00:00Z,0.0,-7.875,88.125,27.93,-0.38
1990-01-01T12:00:00Z,0.0,-7.875,92.125,28.31,-0.01
1990-01-01T12:00:00Z,0.0,-7.875,96.125,26.53,-1.9
1990-01-01T12:00:00Z,0.0,-7.875,100.125,28.61,0.15
1990-01-01T12:00:00Z,0.0,-7.875,104.125,28.23,-0.25
1990-01-01T12:00:00Z,0.0,-7.875,108.125,28.13,-0.52
1990-01-01T12:00:00Z,0.0,-7.875,112.125,NaN,NaN
1990-01-01T12:00:00Z,0.0,-7.875,116.125,30.73,1.75
1990-01-01T12:00:00Z,0.0,-7.875,120.125,29.67,0.69
1990-01-01T12:00:00Z,0.0,-7.875,124.125,30.54,1.45
1990-01-01T12:00:00Z,0.0,-7.875,128.125,29.17,-0.17
1990-01-01T12:00:00Z,0.0,-7.875,132.125,30.1,0.76
1990-01-01T12:00:00Z,0.0,-7.875,136.125,28.77,-0.5
1990-01-01T12:00:00Z,0.0,-7.875,140.125,NaN,NaN
1990-01-01T12:00:00Z,0.0,-7.875,144.125,29.32,0.34
1990-01-01T12:00:00Z,0.0,-7.875,148.125,29.08,-0.4
1990-01-01T12:00:00Z,0.0,-7.875,152.125,28.75,-0.82
1990-01-01T12:00:00Z,0.0,-7.875,156.125,28.98,-0.75
1990-01-01T12:00:00Z,0.0,-7.875,160.125,29.36,-0.35
1990-01-01T12:00:00Z,0.0,-7.875,164.125,29.3,-0.3
1990-01-01T12:00:00Z,0.0,-7.875,168.125,30.39,0.84
1990-01-01T12:00:00Z,0.0,-7.875,172.125,30.38,0.87
1990-01-01T12:00:00Z,0.0,-7.875,176.125,30.22,0.72
1990-01-01T12:00:00Z,0.0,-7.875,180.125,29.59,0.16
1990-01-01T12:00:00Z,0.0,-7.875,184.125,29.14,-0.19
1990-01-01T12:00:00Z,0.0,-7.875,188.125,29.13,-0.05
1990-01-01T12:00:00Z,0.0,-7.875,192.125,28.31,-0.75
1990-01-01T12:00:00Z,0.0,-7.875,196.125,29.42,0.51
1990-01-01T12:00:00Z,0.0,-7.875,200.125,28.87,0.09
1990-01-01T12:00:00Z,0.0,-7.875,204.125,28.13,-0.45
1990-01-01T12:00:00Z,0.0,-7.875,208.125,28.0,-0.34
1990-01-01T12:00:00Z,0.0,-7.875,212.125,27.74,-0.35
1990-01-01T12:00:00Z,0.0,-7.875,216.125,27.55,-0.3
1990-01-01T12:00:00Z,0.0,-7.875,220.125,27.23,-0.34
1990-01-01T12:00:00Z,0.0,-7.875,224.125,26.87,-0.38
1990-01-01T12:00:00Z,0.0,-7.875,228.125,26.83,-0.13
1990-01-01T12:00:00Z,0.0,-7.875,232.125,26.09,-0.5
1990-01-01T12:00:00Z,0.0,-7.875,236.125,25.69,-0.52
1990-01-01T12:00:00Z,0.0,-7.875,240.125,25.31,-0.53
1990-01-01T12:00:00Z,0.0,-7.875,244.125,25.03,-0.47
1990-01-01T12:00:00Z,0.0,-7.875,248.125,24.26,-0.88
1990-01-01T12:00:00Z,0.0,-7.875,252.125,24.0,-0.79
1990-01-01T12:00:00Z,0.0,-7.875,256.125,23.57,-0.9
1990-01-01T12:00:00Z,0.0,-7.875,260.125,23.38,-0.85
1990-01-01T12:00:00Z,0.0,-7.875,264.125,23.25,-0.85
1990-01-01T12:00:00Z,0.0,-7.875,268.125,23.27,-0.79
1990-01-01T12:00:00Z,0.0,-7.875,272.125,23.63,-0.49
1990-01-01T12:00:00Z,0.0,-7.875,276.125,23.88,0.01
1990-01-01T12:00:00Z,0.0,-7.875,280.125,19.33,-2.0
1990-01-01T12:00:00Z,0.0,-7.875,284.125,NaN,NaN
1990-01-01T12:00:00Z,0.0,-7.875,288.125,NaN,NaN
1990-01-01T12:00:00Z,0.0,-7.875,292.125,NaN,NaN
1990-01-01T12:00:00Z,0.0,-7.875,296.125,NaN,NaN
1990-01-01T12:00:00Z,0.0,-7.875,300.125,NaN,NaN
1990-01-01T12:00:00Z,0.0,-7.875,304.125,NaN,NaN
1990-01-01T12:00:00Z,0.0,-7.875,308.125,NaN,NaN
1990-01-01T12:00:00Z,0.0,-7.875,312.125,NaN,NaN
1990-01-01T12:00:00Z,0.0,-7.875,316.125,NaN,NaN
1990-01-01T12:00:00Z,0.0,-7.875,320.125,NaN,NaN
1990-01-01T12:00:00Z,0.0,-7.875,324.125,NaN,NaN
1990-01-01T12:00:00Z,0.0,-7.875,328.125,26.95,-0.47
1990-01-01T12:00:00Z,0.0,-7.875,332.125,26.67,-0.29
1990-01-01T12:00:00Z,0.0,-7.875,336.125,26.28,-0.23
1990-01-01T12:00:00Z,0.0,-7.875,340.125,25.78,-0.29
1990-01-01T12:00:00Z,0.0,-7.875,344.125,24.88,-0.77
1990-01-01T12:00:00Z,0.0,-7.875,348.125,24.83,-0.47
1990-01-01T12:00:00Z,0.0,-7.875,352.125,24.45,-0.59
1990-01-01T12:00:00Z,0.0,-7.875,356.125,24.06,-0.86
1990-01-01T12:00:00Z,0.0,-3.875,0.125,24.97,-1.49
1990-01-01T12:00:00Z,0.0,-3.875,4.125,25.09,-1.91
1990-01-01T12:00:00Z,0.0,-3.875,8.125,25.68,-1.58
1990-01-01T12:00:00Z,0.0,-3.875,12.125,NaN,NaN
1990-01-01T12:00:00Z,0.0,-3.875,16.125,NaN,NaN
1990-01-01T12:00:00Z,0.0,-3.875,20.125,NaN,NaN
1990-01-01T12:00:00Z,0.0,-3.875,24.125,NaN,NaN
1990-01-01T12:00:00Z,0.0,-3.875,28.125,NaN,NaN
1990-01-01T12:00:00Z,0.0,-3.875,32.125,NaN,NaN
1990-01-01T12:00:00Z,0.0,-3.875,36.125,NaN,NaN
1990-01-01T12:00:00Z,0.0,-3.875,40.125,27.12,-0.95
1990-01-01T12:00:00Z,0.0,-3.875,44.125,27.32,-0.65
1990-01-01T12:00:00Z,0.0,-3.875,48.125,27.57,-0.73
1990-01-01T12:00:00Z,0.0,-3.875,52.125,28.63,0.24
1990-01-01T12:00:00Z,0.0,-3.875,56.125,28.92,0.68
1990-01-01T12:00:00Z,0.0,-3.875,60.125,28.78,0.54
1990-01-01T12:00:00Z,0.0,-3.875,64.125,28.73,0.44
1990-01-01T12:00:00Z,0.0,-3.875,68.125,28.74,0.41
1990-01-01T12:00:00Z,0.0,-3.875,72.125,28.1,-0.21
1990-01-01T12:00:00Z,0.0,-3.875,76.125,28.64,0.31
1990-01-01T12:00:00Z,0.0,-3.875,80.125,28.87,0.53
1990-01-01T12:00:00Z,0.0,-3.875,84.125,28.87,0.44
1990-01-01T12:00:00Z,0.0,-3.875,88.125,28.56,0.02
1990-01-01T12:00:00Z,0.0,-3.875,92.125,29.11,0.45
1990-01-01T12:00:00Z,0.0,-3.875,96.125,28.66,-0.06
1990-01-01T12:00:00Z,0.0,-3.875,100.125,28.99,0.31
1990-01-01T12:00:00Z,0.0,-3.875,104.125,NaN,NaN
1990-01-01T12:00:00Z,0.0,-3.875,108.125,27.82,-0.68
1990-01-01T12:00:00Z,0.0,-3.875,112.125,29.0,0.18
1990-01-01T12:00:00Z,0.0,-3.875,116.125,29.36,0.28
1990-01-01T12:00:00Z,0.0,-3.875,120.125,NaN,NaN
1990-01-01T12:00:00Z,0.0,-3.875,124.125,30.97,1.59
1990-01-01T12:00:00Z,0.0,-3.875,128.125,28.53,-0.67
1990-01-01T12:00:00Z,0.0,-3.875,132.125,28.6,-0.68
1990-01-01T12:00:00Z,0.0,-3.875,136.125,NaN,NaN
1990-01-01T12:00:00Z,0.0,-3.875,140.125,NaN,NaN
1990-01-01T12:00:00Z,0.0,-3.875,144.125,NaN,NaN
1990-01-01T12:00:00Z,0.0,-3.875,148.125,28.19,-1.11
1990-01-01T12:00:00Z,0.0,-3.875,152.125,28.32,-1.31
1990-01-01T12:00:00Z,0.0,-3.875,156.125,28.9,-0.72
1990-01-01T12:00:00Z,0.0,-3.875,160.125,29.42,-0.17
1990-01-01T12:00:00Z,0.0,-3.875,164.125,29.37,-0.09
1990-01-01T12:00:00Z,0.0,-3.875,168.125,29.52,0.1
1990-01-01T12:00:00Z,0.0,-3.875,172.125,29.2,-0.15
1990-01-01T12:00:00Z,0.0,-3.875,176.125,29.65,0.43
1990-01-01T12:00:00Z,0.0,-3.875,180.125,29.34,0.23
1990-01-01T12:00:00Z,0.0,-3.875,184.125,29.7,0.8
1990-01-01T12:00:00Z,0.0,-3.875,188.125,29.05,0.4
1990-01-01T12:00:00Z,0.0,-3.875,192.125,28.89,0.49
1990-01-01T12:00:00Z,0.0,-3.875,196.125,28.35,0.24
1990-01-01T12:00:00Z,0.0,-3.875,200.125,28.62,0.75
1990-01-01T12:00:00Z,0.0,-3.875,204.125,27.81,0.21
1990-01-01T12:00:00Z,0.0,-3.875,208.125,27.5,0.15
1990-01-01T12:00:00Z,0.0,-3.875,212.125,26.98,-0.14
1990-01-01T12:00:00Z,0.0,-3.875,216.125,26.36,-0.53
1990-01-01T12:00:00Z,0.0,-3.875,220.125,26.04,-0.61
1990-01-01T12:00:00Z,0.0,-3.875,224.125,25.77,-0.62
1990-01-01T12:00:00Z,0.0,-3.875,228.125,25.36,-0.76
1990-01-01T12:00:00Z,0.0,-3.875,232.125,25.2,-0.61
1990-01-01T12:00:00Z,0.0,-3.875,236.125,24.86,-0.64
1990-01-01T12:00:00Z,0.0,-3.875,240.125,24.51,-0.7
1990-01-01T12:00:00Z,0.0,-3.875,244.125,24.36,-0.56
1990-01-01T12:00:00Z,0.0,-3.875,248.125,23.54,-1.15
1990-01-01T12:00:00Z,0.0,-3.875,252.125,23.44,-1.03
1990-01-01T12:00:00Z,0.0,-3.875,256.125,23.4,-0.94
1990-01-01T12:00:00Z,0.0,-3.875,260.125,23.22,-0.97
1990-01-01T12:00:00Z,0.0,-3.875,264.125,23.3,-0.87
1990-01-01T12:00:00Z,0.0,-3.875,268.125,23.1,-1.17
1990-01-01T12:00:00Z,0.0,-3.875,272.125,23.36,-0.91
1990-01-01T12:00:00Z,0.0,-3.875,276.125,22.03,-0.87
1990-01-01T12:00:00Z,0.0,-3.875,280.125,NaN,NaN
1990-01-01T12:00:00Z,0.0,-3.875,284.125,NaN,NaN
1990-01-01T12:00:00Z,0.0,-3.875,288.125,NaN,NaN
1990-01-01T12:00:00Z,0.0,-3.875,292.125,NaN,NaN
1990-01-01T12:00:00Z,0.0,-3.875,296.125,NaN,NaN
1990-01-01T12:00:00Z,0.0,-3.875,300.125,NaN,NaN
1990-01-01T12:00:00Z,0.0,-3.875,304.125,NaN,NaN
1990-01-01T12:00:00Z,0.0,-3.875,308.125,NaN,NaN
1990-01-01T12:00:00Z,0.0,-3.875,312.125,NaN,NaN
1990-01-01T12:00:00Z,0.0,-3.875,316.125,NaN,NaN
1990-01-01T12:00:00Z,0.0,-3.875,320.125,NaN,NaN
1990-01-01T12:00:00Z,0.0,-3.875,324.125,27.46,0.07
1990-01-01T12:00:00Z,0.0,-3.875,328.125,26.7,-0.53
1990-01-01T12:00:00Z,0.0,-3.875,332.125,26.84,-0.14
1990-01-01T12:00:00Z,0.0,-3.875,336.125,26.27,-0.44
1990-01-01T12:00:00Z,0.0,-3.875,340.125,25.24,-1.2
1990-01-01T12:00:00Z,0.0,-3.875,344.125,25.12,-1.1
1990-01-01T12:00:00Z,0.0,-3.875,348.125,24.72,-1.38
1990-01-01T12:00:00Z,0.0,-3.875,352.125,24.82,-1.29
1990-01-01T12:00:00Z,0.0,-3.875,356.125,25.4,-0.82
1990-01-01T12:00:00Z,0.0,0.125,0.125,26.68,-0.94
1990-01-01T12:00:00Z,0.0,0.125,4.125,26.07,-1.8
1990-01-01T12:00:00Z,0.0,0.125,8.125,26.01,-1.81
1990-01-01T12:00:00Z,0.0,0.125,12.125,NaN,NaN
1990-01-01T12:00:00Z,0.0,0.125,16.125,NaN,NaN
1990-01-01T12:00:00Z,0.0,0.125,20.125,NaN,NaN
1990-01-01T12:00:00Z,0.0,0.125,24.125,NaN,NaN
1990-01-01T12:00:00Z,0.0,0.125,28.125,NaN,NaN
1990-01-01T12:00:00Z,0.0,0.125,32.125,NaN,NaN
1990-01-01T12:00:00Z,0.0,0.125,36.125,NaN,NaN
1990-01-01T12:00:00Z,0.0,0.125,40.125,NaN,NaN
1990-01-01T12:00:00Z,0.0,0.125,44.125,26.22,-0.51
1990-01-01T12:00:00Z,0.0,0.125,48.125,26.16,-0.73
1990-01-01T12:00:00Z,0.0,0.125,52.125,27.11,-0.13
1990-01-01T12:00:00Z,0.0,0.125,56.125,27.44,-0.26
1990-01-01T12:00:00Z,0.0,0.125,60.125,28.79,0.74
1990-01-01T12:00:00Z,0.0,0.125,64.125,27.74,-0.5
1990-01-01T12:00:00Z,0.0,0.125,68.125,27.07,-1.24
1990-01-01T12:00:00Z,0.0,0.125,72.125,27.83,-0.52
1990-01-01T12:00:00Z,0.0,0.125,76.125,28.51,0.07
1990-01-01T12:00:00Z,0.0,0.125,80.125,28.21,-0.28
1990-01-01T12:00:00Z,0.0,0.125,84.125,28.66,0.09
1990-01-01T12:00:00Z,0.0,0.125,88.125,28.52,-0.11
1990-01-01T12:00:00Z,0.0,0.125,92.125,28.25,-0.48
1990-01-01T12:00:00Z,0.0,0.125,96.125,29.05,0.23
1990-01-01T12:00:00Z,0.0,0.125,100.125,NaN,NaN
1990-01-01T12:00:00Z,0.0,0.125,104.125,27.75,-0.27
1990-01-01T12:00:00Z,0.0,0.125,108.125,27.95,-0.21
1990-01-01T12:00:00Z,0.0,0.125,112.125,NaN,NaN
1990-01-01T12:00:00Z,0.0,0.125,116.125,NaN,NaN
1990-01-01T12:00:00Z,0.0,0.125,120.125,29.31,0.5
1990-01-01T12:00:00Z,0.0,0.125,124.125,29.36,0.48
1990-01-01T12:00:00Z,0.0,0.125,128.125,29.49,0.67
1990-01-01T12:00:00Z,0.0,0.125,132.125,28.14,-0.83
1990-01-01T12:00:00Z,0.0,0.125,136.125,28.57,-0.44
1990-01-01T12:00:00Z,0.0,0.125,140.125,28.63,-0.49
1990-01-01T12:00:00Z,0.0,0.125,144.125,29.04,-0.22
1990-01-01T12:00:00Z,0.0,0.125,148.125,30.12,0.69
1990-01-01T12:00:00Z,0.0,0.125,152.125,29.67,0.15
1990-01-01T12:00:00Z,0.0,0.125,156.125,29.05,-0.43
1990-01-01T12:00:00Z,0.0,0.125,160.125,29.03,-0.32
1990-01-01T12:00:00Z,0.0,0.125,164.125,29.23,0.08
1990-01-01T12:00:00Z,0.0,0.125,168.125,29.2,0.21
1990-01-01T12:00:00Z,0.0,0.125,172.125,29.85,1.1
1990-01-01T12:00:00Z,0.0,0.125,176.125,28.3,-0.23
1990-01-01T12:00:00Z,0.0,0.125,180.125,29.76,1.44
1990-01-01T12:00:00Z,0.0,0.125,184.125,29.14,1.05
1990-01-01T12:00:00Z,0.0,0.125,188.125,28.02,0.28
1990-01-01T12:00:00Z,0.0,0.125,192.125,27.36,-0.06
1990-01-01T12:00:00Z,0.0,0.125,196.125,27.98,0.9
1990-01-01T12:00:00Z,0.0,0.125,200.125,27.61,0.84
1990-01-01T12:00:00Z,0.0,0.125,204.125,27.19,0.63
1990-01-01T12:00:00Z,0.0,0.125,208.125,26.54,0.26
1990-01-01T12:00:00Z,0.0,0.125,212.125,26.15,0.12
1990-01-01T12:00:00Z,0.0,0.125,216.125,25.47,-0.35
1990-01-01T12:00:00Z,0.0,0.125,220.125,25.32,-0.22
1990-01-01T12:00:00Z,0.0,0.125,224.125,25.31,-0.02
1990-01-01T12:00:00Z,0.0,0.125,228.125,25.1,0.02
1990-01-01T12:00:00Z,0.0,0.125,232.125,24.69,-0.11
1990-01-01T12:00:00Z,0.0,0.125,236.125,24.65,0.09
1990-01-01T12:00:00Z,0.0,0.125,240.125,24.49,0.19
1990-01-01T12:00:00Z,0.0,0.125,244.125,23.77,-0.22
1990-01-01T12:00:00Z,0.0,0.125,248.125,24.2,0.42
1990-01-01T12:00:00Z,0.0,0.125,252.125,24.92,1.31
1990-01-01T12:00:00Z,0.0,0.125,256.125,22.69,-0.95
1990-01-01T12:00:00Z,0.0,0.125,260.125,23.63,-0.11
1990-01-01T12:00:00Z,0.0,0.125,264.125,22.12,-1.7
1990-01-01T12:00:00Z,0.0,0.125,268.125,22.22,-1.93
1990-01-01T12:00:00Z,0.0,0.125,272.125,24.56,-0.31
1990-01-01T12:00:00Z,0.0,0.125,276.125,24.66,-0.11
1990-01-01T12:00:00Z,0.0,0.125,280.125,NaN,NaN
1990-01-01T12:00:00Z,0.0,0.125,284.125,NaN,NaN
1990-01-01T12:00:00Z,0.0,0.125,288.125,NaN,NaN
1990-01-01T12:00:00Z,0.0,0.125,292.125,NaN,NaN
1990-01-01T12:00:00Z,0.0,0.125,296.125,NaN,NaN
1990-01-01T12:00:00Z,0.0,0.125,300.125,NaN,NaN
1990-01-01T12:00:00Z,0.0,0.125,304.125,NaN,NaN
1990-01-01T12:00:00Z,0.0,0.125,308.125,NaN,NaN
1990-01-01T12:00:00Z,0.0,0.125,312.125,28.15,0.11
1990-01-01T12:00:00Z,0.0,0.125,316.125,26.3,-1.25
1990-01-01T12:00:00Z,0.0,0.125,320.125,27.3,-0.22
1990-01-01T12:00:00Z,0.0,0.125,324.125,27.18,-0.22
1990-01-01T12:00:00Z,0.0,0.125,328.125,26.96,-0.34
1990-01-01T12:00:00Z,0.0,0.125,332.125,26.51,-0.59
1990-01-01T12:00:00Z,0.0,0.125,336.125,26.46,-0.35
1990-01-01T12:00:00Z,0.0,0.125,340.125,26.51,-0.04
1990-01-01T12:00:00Z,0.0,0.125,344.125,25.15,-1.33
1990-01-01T12:00:00Z,0.0,0.125,348.125,25.42,-1.19
1990-01-01T12:00:00Z,0.0,0.125,352.125,25.36,-1.61
1990-01-01T12:00:00Z,0.0,0.125,356.125,25.65,-1.7
1990-01-01T12:00:00Z,0.0,4.125,0.125,27.1,-1.03
1990-01-01T12:00:00Z,0.0,4.125,4.125,26.75,-1.53
1990-01-01T12:00:00Z,0.0,4.125,8.125,27.39,-0.71
1990-01-01T12:00:00Z,0.0,4.125,12.125,NaN,NaN
1990-01-01T12:00:00Z,0.0,4.125,16.125,NaN,NaN
1990-01-01T12:00:00Z,0.0,4.125,20.125,NaN,NaN
1990-01-01T12:00:00Z,0.0,4.125,24.125,NaN,NaN
1990-01-01T12:00:00Z,0.0,4.125,28.125,NaN,NaN
1990-01-01T12:00:00Z,0.0,4.125,32.125,NaN,NaN
1990-01-01T12:00:00Z,0.0,4.125,36.125,NaN,NaN
1990-01-01T12:00:00Z,0.0,4.125,40.125,NaN,NaN
1990-01-01T12:00:00Z,0.0,4.125,44.125,NaN,NaN
1990-01-01T12:00:00Z,0.0,4.125,48.125,26.03,-0.7
1990-01-01T12:00:00Z,0.0,4.125,52.125,26.23,-0.59
1990-01-01T12:00:00Z,0.0,4.125,56.125,27.01,-0.36
1990-01-01T12:00:00Z,0.0,4.125,60.125,27.97,0.15
1990-01-01T12:00:00Z,0.0,4.125,64.125,27.67,-0.56
1990-01-01T12:00:00Z,0.0,4.125,68.125,28.53,0.18
1990-01-01T12:00:00Z,0.0,4.125,72.125,28.04,-0.13
1990-01-01T12:00:00Z,0.0,4.125,76.125,27.92,-0.2
1990-01-01T12:00:00Z,0.0,4.125,80.125,28.66,0.49
1990-01-01T12:00:00Z,0.0,4.125,84.125,28.23,-0.13
1990-01-01T12:00:00Z,0.0,4.125,88.125,28.12,-0.28
1990-01-01T12:00:00Z,0.0,4.125,92.125,28.57,0.08
1990-01-01T12:00:00Z,0.0,4.125,96.125,30.36,1.67
1990-01-01T12:00:00Z,0.0,4.125,100.125,29.54,1.01
1990-01-01T12:00:00Z,0.0,4.125,104.125,27.46,0.27
1990-01-01T12:00:00Z,0.0,4.125,108.125,26.96,-0.06
1990-01-01T12:00:00Z,0.0,4.125,112.125,28.0,0.18
1990-01-01T12:00:00Z,0.0,4.125,116.125,NaN,NaN
1990-01-01T12:00:00Z,0.0,4.125,120.125,28.63,0.16
1990-01-01T12:00:00Z,0.0,4.125,124.125,29.2,0.73
1990-01-01T12:00:00Z,0.0,4.125,128.125,27.3,-1.07
1990-01-01T12:00:00Z,0.0,4.125,132.125,28.03,-0.6
1990-01-01T12:00:00Z,0.0,4.125,136.125,28.5,-0.28
1990-01-01T12:00:00Z,0.0,4.125,140.125,28.78,-0.16
1990-01-01T12:00:00Z,0.0,4.125,144.125,30.12,1.01
1990-01-01T12:00:00Z,0.0,4.125,148.125,28.63,-0.56
1990-01-01T12:00:00Z,0.0,4.125,152.125,29.36,0.19
1990-01-01T12:00:00Z,0.0,4.125,156.125,28.79,-0.32
1990-01-01T12:00:00Z,0.0,4.125,160.125,28.63,-0.42
1990-01-01T12:00:00Z,0.0,4.125,164.125,28.94,0.0
1990-01-01T12:00:00Z,0.0,4.125,168.125,28.49,-0.37
1990-01-01T12:00:00Z,0.0,4.125,172.125,28.85,0.14
1990-01-01T12:00:00Z,0.0,4.125,176.125,27.93,-0.64
1990-01-01T12:00:00Z,0.0,4.125,180.125,28.23,-0.3
1990-01-01T12:00:00Z,0.0,4.125,184.125,28.08,-0.3
1990-01-01T12:00:00Z,0.0,4.125,188.125,27.49,-0.7
1990-01-01T12:00:00Z,0.0,4.125,192.125,28.1,0.11
1990-01-01T12:00:00Z,0.0,4.125,196.125,27.45,-0.31
1990-01-01T12:00:00Z,0.0,4.125,200.125,27.78,0.24
1990-01-01T12:00:00Z,0.0,4.125,204.125,27.43,0.11
1990-01-01T12:00:00Z,0.0,4.125,208.125,27.01,-0.09
1990-01-01T12:00:00Z,0.0,4.125,212.125,27.05,0.1
1990-01-01T12:00:00Z,0.0,4.125,216.125,25.55,-1.32
1990-01-01T12:00:00Z,0.0,4.125,220.125,25.7,-1.04
1990-01-01T12:00:00Z,0.0,4.125,224.125,25.67,-1.03
1990-01-01T12:00:00Z,0.0,4.125,228.125,25.76,-0.84
1990-01-01T12:00:00Z,0.0,4.125,232.125,24.98,-1.59
1990-01-01T12:00:00Z,0.0,4.125,236.125,26.73,0.28
1990-01-01T12:00:00Z,0.0,4.125,240.125,26.43,0.02
1990-01-01T12:00:00Z,0.0,4.125,244.125,26.84,0.58
1990-01-01T12:00:00Z,0.0,4.125,248.125,25.23,-1.03
1990-01-01T12:00:00Z,0.0,4.125,252.125,26.51,0.15
1990-01-01T12:00:00Z,0.0,4.125,256.125,25.59,-0.91
1990-01-01T12:00:00Z,0.0,4.125,260.125,26.16,-0.47
1990-01-01T12:00:00Z,0.0,4.125,264.125,25.88,-0.91
1990-01-01T12:00:00Z,0.0,4.125,268.125,26.14,-0.89
1990-01-01T12:00:00Z,0.0,4.125,272.125,26.34,-0.95
1990-01-01T12:00:00Z,0.0,4.125,276.125,27.12,-0.31
1990-01-01T12:00:00Z,0.0,4.125,280.125,26.12,-0.67
1990-01-01T12:00:00Z,0.0,4.125,284.125,NaN,NaN
1990-01-01T12:00:00Z,0.0,4.125,288.125,NaN,NaN
1990-01-01T12:00:00Z,0.0,4.125,292.125,NaN,NaN
1990-01-01T12:00:00Z,0.0,4.125,296.125,NaN,NaN
1990-01-01T12:00:00Z,0.0,4.125,300.125,NaN,NaN
1990-01-01T12:00:00Z,0.0,4.125,304.125,NaN,NaN
1990-01-01T12:00:00Z,0.0,4.125,308.125,NaN,NaN
1990-01-01T12:00:00Z,0.0,4.125,312.125,27.28,-0.11
1990-01-01T12:00:00Z,0.0,4.125,316.125,27.0,-0.51
1990-01-01T12:00:00Z,0.0,4.125,320.125,27.17,-0.37
1990-01-01T12:00:00Z,0.0,4.125,324.125,27.23,-0.33
1990-01-01T12:00:00Z,0.0,4.125,328.125,27.63,0.1
1990-01-01T12:00:00Z,0.0,4.125,332.125,27.44,-0.06
1990-01-01T12:00:00Z,0.0,4.125,336.125,26.58,-0.99
1990-01-01T12:00:00Z,0.0,4.125,340.125,27.02,-0.79
1990-01-01T12:00:00Z,0.0,4.125,344.125,27.64,-0.55
1990-01-01T12:00:00Z,0.0,4.125,348.125,27.31,-1.05
1990-01-01T12:00:00Z,0.0,4.125,352.125,27.23,-0.98
1990-01-01T12:00:00Z,0.0,4.125,356.125,27.51,-0.62
1990-01-01T12:00:00Z,0.0,8.125,0.125,NaN,NaN
1990-01-01T12:00:00Z,0.0,8.125,4.125,NaN,NaN
1990-01-01T12:00:00Z,0.0,8.125,8.125,NaN,NaN
1990-01-01T12:00:00Z,0.0,8.125,12.125,NaN,NaN
1990-01-01T12:00:00Z,0.0,8.125,16.125,NaN,NaN
1990-01-01T12:00:00Z,0.0,8.125,20.125,NaN,NaN
1990-01-01T12:00:00Z,0.0,8.125,24.125,NaN,NaN
1990-01-01T12:00:00Z,0.0,8.125,28.125,NaN,NaN
1990-01-01T12:00:00Z,0.0,8.125,32.125,NaN,NaN
1990-01-01T12:00:00Z,0.0,8.125,36.125,NaN,NaN
1990-01-01T12:00:00Z,0.0,8.125,40.125,NaN,NaN
1990-01-01T12:00:00Z,0.0,8.125,44.125,NaN,NaN
1990-01-01T12:00:00Z,0.0,8.125,48.125,NaN,NaN
1990-01-01T12:00:00Z,0.0,8.125,52.125,25.92,-0.66
1990-01-01T12:00:00Z,0.0,8.125,56.125,27.03,-0.04
1990-01-01T12:00:00Z,0.0,8.125,60.125,27.9,0.37
1990-01-01T12:00:00Z,0.0,8.125,64.125,28.05,0.1
1990-01-01T12:00:00Z,0.0,8.125,68.125,28.45,0.16
1990-01-01T12:00:00Z,0.0,8.125,72.125,27.74,-0.59
1990-01-01T12:00:00Z,0.0,8.125,76.125,28.79,0.7
1990-01-01T12:00:00Z,0.0,8.125,80.125,NaN,NaN
1990-01-01T12:00:00Z,0.0,8.125,84.125,27.6,-0.14
1990-01-01T12:00:00Z,0.0,8.125,88.125,27.82,-0.14
1990-01-01T12:00:00Z,0.0,8.125,92.125,27.09,-0.87
1990-01-01T12:00:00Z,0.0,8.125,96.125,27.65,-0.46
1990-01-01T12:00:00Z,0.0,8.125,100.125,NaN,NaN
1990-01-01T12:00:00Z,0.0,8.125,104.125,26.16,-0.81
1990-01-01T12:00:00Z,0.0,8.125,108.125,25.74,-0.19
1990-01-01T12:00:00Z,0.0,8.125,112.125,27.51,0.18
1990-01-01T12:00:00Z,0.0,8.125,116.125,28.65,0.66
1990-01-01T12:00:00Z,0.0,8.125,120.125,26.87,-1.01
1990-01-01T12:00:00Z,0.0,8.125,124.125,NaN,NaN
1990-01-01T12:00:00Z,0.0,8.125,128.125,28.62,0.27
1990-01-01T12:00:00Z,0.0,8.125,132.125,28.73,0.19
1990-01-01T12:00:00Z,0.0,8.125,136.125,27.12,-1.46
1990-01-01T12:00:00Z,0.0,8.125,140.125,29.87,1.27
1990-01-01T12:00:00Z,0.0,8.125,144.125,28.92,0.28
1990-01-01T12:00:00Z,0.0,8.125,148.125,28.51,-0.12
1990-01-01T12:00:00Z,0.0,8.125,152.125,28.76,0.15
1990-01-01T12:00:00Z,0.0,8.125,156.125,28.45,-0.07
1990-01-01T12:00:00Z,0.0,8.125,160.125,28.71,0.29
1990-01-01T12:00:00Z,0.0,8.125,164.125,28.85,0.49
1990-01-01T12:00:00Z,0.0,8.125,168.125,28.28,0.09
1990-01-01T12:00:00Z,0.0,8.125,172.125,27.95,-0.12
1990-01-01T12:00:00Z,0.0,8.125,176.125,28.29,0.22
1990-01-01T12:00:00Z,0.0,8.125,180.125,28.08,0.04
1990-01-01T12:00:00Z,0.0,8.125,184.125,27.97,-0.01
1990-01-01T12:00:00Z,0.0,8.125,188.125,28.33,0.4
1990-01-01T12:00:00Z,0.0,8.125,192.125,27.55,-0.22
1990-01-01T12:00:00Z,0.0,8.125,196.125,27.95,0.2
1990-01-01T12:00:00Z,0.0,8.125,200.125,28.19,0.52
1990-01-01T12:00:00Z,0.0,8.125,204.125,27.25,-0.3
1990-01-01T12:00:00Z,0.0,8.125,208.125,26.68,-0.75
1990-01-01T12:00:00Z,0.0,8.125,212.125,26.98,-0.33
1990-01-01T12:00:00Z,0.0,8.125,216.125,26.6,-0.71
1990-01-01T12:00:00Z,0.0,8.125,220.125,26.77,-0.44
1990-01-01T12:00:00Z,0.0,8.125,224.125,26.11,-1.05
1990-01-01T12:00:00Z,0.0,8.125,228.125,26.13,-0.95
1990-01-01T12:00:00Z,0.0,8.125,232.125,26.52,-0.62
1990-01-01T12:00:00Z,0.0,8.125,236.125,26.75,-0.43
1990-01-01T12:00:00Z,0.0,8.125,240.125,27.17,-0.18
1990-01-01T12:00:00Z,0.0,8.125,244.125,27.29,-0.12
1990-01-01T12:00:00Z,0.0,8.125,248.125,27.16,-0.25
1990-01-01T12:00:00Z,0.0,8.125,252.125,26.3,-1.03
1990-01-01T12:00:00Z,0.0,8.125,256.125,26.08,-1.14
1990-01-01T12:00:00Z,0.0,8.125,260.125,26.12,-0.95
1990-01-01T12:00:00Z,0.0,8.125,264.125,25.97,-1.08
1990-01-01T12:00:00Z,0.0,8.125,268.125,25.51,-0.93
1990-01-01T12:00:00Z,0.0,8.125,272.125,27.25,0.44
1990-01-01T12:00:00Z,0.0,8.125,276.125,28.12,-0.16
1990-01-01T12:00:00Z,0.0,8.125,280.125,27.48,0.14
1990-01-01T12:00:00Z,0.0,8.125,284.125,NaN,NaN
1990-01-01T12:00:00Z,0.0,8.125,288.125,NaN,NaN
1990-01-01T12:00:00Z,0.0,8.125,292.125,NaN,NaN
1990-01-01T12:00:00Z,0.0,8.125,296.125,NaN,NaN
1990-01-01T12:00:00Z,0.0,8.125,300.125,NaN,NaN
1990-01-01T12:00:00Z,0.0,8.125,304.125,26.92,-0.12
1990-01-01T12:00:00Z,0.0,8.125,308.125,26.92,-0.25
1990-01-01T12:00:00Z,0.0,8.125,312.125,26.88,-0.09
1990-01-01T12:00:00Z,0.0,8.125,316.125,26.25,-0.47
1990-01-01T12:00:00Z,0.0,8.125,320.125,25.98,-0.54
1990-01-01T12:00:00Z,0.0,8.125,324.125,26.75,0.11
1990-01-01T12:00:00Z,0.0,8.125,328.125,26.14,-0.6
1990-01-01T12:00:00Z,0.0,8.125,332.125,26.41,-0.18
1990-01-01T12:00:00Z,0.0,8.125,336.125,25.31,-1.29
1990-01-01T12:00:00Z,0.0,8.125,340.125,26.64,-0.59
1990-01-01T12:00:00Z,0.0,8.125,344.125,28.38,0.47
1990-01-01T12:00:00Z,0.0,8.125,348.125,NaN,NaN
1990-01-01T12:00:00Z,0.0,8.125,352.125,NaN,NaN
1990-01-01T12:00:00Z,0.0,8.125,356.125,NaN,NaN
1990-01-01T12:00:00Z,0.0,12.125,0.125,NaN,NaN
1990-01-01T12:00:00Z,0.0,12.125,4.125,NaN,NaN
1990-01-01T12:00:00Z,0.0,12.125,8.125,NaN,NaN
1990-01-01T12:00:00Z,0.0,12.125,12.125,NaN,NaN
1990-01-01T12:00:00Z,0.0,12.125,16.125,NaN,NaN
1990-01-01T12:00:00Z,0.0,12.125,20.125,NaN,NaN
1990-01-01T12:00:00Z,0.0,12.125,24.125,NaN,NaN
1990-01-01T12:00:00Z,0.0,12.125,28.125,NaN,NaN
1990-01-01T12:00:00Z,0.0,12.125,32.125,NaN,NaN
1990-01-01T12:00:00Z,0.0,12.125,36.125,NaN,NaN
1990-01-01T12:00:00Z,0.0,12.125,40.125,NaN,NaN
1990-01-01T12:00:00Z,0.0,12.125,44.125,25.05,-1.23
1990-01-01T12:00:00Z,0.0,12.125,48.125,24.59,-1.25
1990-01-01T12:00:00Z,0.0,12.125,52.125,25.37,-0.68
1990-01-01T12:00:00Z,0.0,12.125,56.125,25.51,-0.69
1990-01-01T12:00:00Z,0.0,12.125,60.125,25.5,-0.95
1990-01-01T12:00:00Z,0.0,12.125,64.125,26.42,-0.45
1990-01-01T12:00:00Z,0.0,12.125,68.125,27.44,-0.16
1990-01-01T12:00:00Z,0.0,12.125,72.125,28.24,0.04
1990-01-01T12:00:00Z,0.0,12.125,76.125,NaN,NaN
1990-01-01T12:00:00Z,0.0,12.125,80.125,26.69,-0.37
1990-01-01T12:00:00Z,0.0,12.125,84.125,27.49,0.28
1990-01-01T12:00:00Z,0.0,12.125,88.125,27.71,0.25
1990-01-01T12:00:00Z,0.0,12.125,92.125,27.65,-0.01
1990-01-01T12:00:00Z,0.0,12.125,96.125,27.48,-0.39
1990-01-01T12:00:00Z,0.0,12.125,100.125,27.49,-0.27
1990-01-01T12:00:00Z,0.0,12.125,104.125,NaN,NaN
1990-01-01T12:00:00Z,0.0,12.125,108.125,NaN,NaN
1990-01-01T12:00:00Z,0.0,12.125,112.125,26.42,-0.16
1990-01-01T12:00:00Z,0.0,12.125,116.125,27.59,0.03
1990-01-01T12:00:00Z,0.0,12.125,120.125,28.46,0.9
1990-01-01T12:00:00Z,0.0,12.125,124.125,25.56,-1.72
1990-01-01T12:00:00Z,0.0,12.125,128.125,27.33,-0.69
1990-01-01T12:00:00Z,0.0,12.125,132.125,27.57,-0.57
1990-01-01T12:00:00Z,0.0,12.125,136.125,27.06,-1.12
1990-01-01T12:00:00Z,0.0,12.125,140.125,27.58,-0.58
1990-01-01T12:00:00Z,0.0,12.125,144.125,28.54,0.41
1990-01-01T12:00:00Z,0.0,12.125,148.125,28.3,0.21
1990-01-01T12:00:00Z,0.0,12.125,152.125,28.14,0.14
1990-01-01T12:00:00Z,0.0,12.125,156.125,28.11,0.24
1990-01-01T12:00:00Z,0.0,12.125,160.125,28.53,0.78
1990-01-01T12:00:00Z,0.0,12.125,164.125,28.16,0.57
1990-01-01T12:00:00Z,0.0,12.125,168.125,27.83,0.4
1990-01-01T12:00:00Z,0.0,12.125,172.125,27.79,0.45
1990-01-01T12:00:00Z,0.0,12.125,176.125,27.4,0.19
1990-01-01T12:00:00Z,0.0,12.125,180.125,26.51,-0.53
1990-01-01T12:00:00Z,0.0,12.125,184.125,26.75,-0.17
1990-01-01T12:00:00Z,0.0,12.125,188.125,26.97,0.19
1990-01-01T12:00:00Z,0.0,12.125,192.125,26.66,0.06
1990-01-01T12:00:00Z,0.0,12.125,196.125,26.54,0.01
1990-01-01T12:00:00Z,0.0,12.125,200.125,26.28,-0.13
1990-01-01T12:00:00Z,0.0,12.125,204.125,27.1,0.88
1990-01-01T12:00:00Z,0.0,12.125,208.125,26.84,0.82
1990-01-01T12:00:00Z,0.0,12.125,212.125,25.42,-0.35
1990-01-01T12:00:00Z,0.0,12.125,216.125,25.55,-0.05
1990-01-01T12:00:00Z,0.0,12.125,220.125,25.94,0.39
1990-01-01T12:00:00Z,0.0,12.125,224.125,25.2,-0.31
1990-01-01T12:00:00Z,0.0,12.125,228.125,25.39,-0.13
1990-01-01T12:00:00Z,0.0,12.125,232.125,24.79,-0.94
1990-01-01T12:00:00Z,0.0,12.125,236.125,25.67,-0.41
1990-01-01T12:00:00Z,0.0,12.125,240.125,25.19,-1.41
1990-01-01T12:00:00Z,0.0,12.125,244.125,26.19,-0.89
1990-01-01T12:00:00Z,0.0,12.125,248.125,27.3,-0.13
1990-01-01T12:00:00Z,0.0,12.125,252.125,27.92,0.15
1990-01-01T12:00:00Z,0.0,12.125,256.125,28.32,0.29
1990-01-01T12:00:00Z,0.0,12.125,260.125,26.56,-1.39
1990-01-01T12:00:00Z,0.0,12.125,264.125,23.48,-3.5
1990-01-01T12:00:00Z,0.0,12.125,268.125,26.72,-1.37
1990-01-01T12:00:00Z,0.0,12.125,272.125,25.96,-1.31
1990-01-01T12:00:00Z,0.0,12.125,276.125,NaN,NaN
1990-01-01T12:00:00Z,0.0,12.125,280.125,27.5,0.17
1990-01-01T12:00:00Z,0.0,12.125,284.125,27.15,0.26
1990-01-01T12:00:00Z,0.0,12.125,288.125,NaN,NaN
1990-01-01T12:00:00Z,0.0,12.125,292.125,26.79,-0.06
1990-01-01T12:00:00Z,0.0,12.125,296.125,26.52,-0.27
1990-01-01T12:00:00Z,0.0,12.125,300.125,26.83,-0.34
1990-01-01T12:00:00Z,0.0,12.125,304.125,26.26,-0.81
1990-01-01T12:00:00Z,0.0,12.125,308.125,26.96,0.08
1990-01-01T12:00:00Z,0.0,12.125,312.125,27.08,0.48
1990-01-01T12:00:00Z,0.0,12.125,316.125,26.23,-0.01
1990-01-01T12:00:00Z,0.0,12.125,320.125,26.12,0.12
1990-01-01T12:00:00Z,0.0,12.125,324.125,25.64,-0.12
1990-01-01T12:00:00Z,0.0,12.125,328.125,25.29,-0.21
1990-01-01T12:00:00Z,0.0,12.125,332.125,24.93,-0.36
1990-01-01T12:00:00Z,0.0,12.125,336.125,24.55,-0.5
1990-01-01T12:00:00Z,0.0,12.125,340.125,24.78,-0.35
1990-01-01T12:00:00Z,0.0,12.125,344.125,NaN,NaN
1990-01-01T12:00:00Z,0.0,12.125,348.125,NaN,NaN
1990-01-01T12:00:00Z,0.0,12.125,352.125,NaN,NaN
1990-01-01T12:00:00Z,0.0,12.125,356.125,NaN,NaN
1990-01-01T12:00:00Z,0.0,16.125,0.125,NaN,NaN
1990-01-01T12:00:00Z,0.0,16.125,4.125,NaN,NaN
1990-01-01T12:00:00Z,0.0,16.125,8.125,NaN,NaN
1990-01-01T12:00:00Z,0.0,16.125,12.125,NaN,NaN
1990-01-01T12:00:00Z,0.0,16.125,16.125,NaN,NaN
1990-01-01T12:00:00Z,0.0,16.125,20.125,NaN,NaN
1990-01-01T12:00:00Z,0.0,16.125,24.125,NaN,NaN
1990-01-01T12:00:00Z,0.0,16.125,28.125,NaN,NaN
1990-01-01T12:00:00Z,0.0,16.125,32.125,NaN,NaN
1990-01-01T12:00:00Z,0.0,16.125,36.125,NaN,NaN
1990-01-01T12:00:00Z,0.0,16.125,40.125,26.47,-0.28
1990-01-01T12:00:00Z,0.0,16.125,44.125,NaN,NaN
1990-01-01T12:00:00Z,0.0,16.125,48.125,NaN,NaN
1990-01-01T12:00:00Z,0.0,16.125,52.125,NaN,NaN
1990-01-01T12:00:00Z,0.0,16.125,56.125,25.36,-0.1
1990-01-01T12:00:00Z,0.0,16.125,60.125,25.27,-0.41
1990-01-01T12:00:00Z,0.0,16.125,64.125,25.01,-0.93
1990-01-01T12:00:00Z,0.0,16.125,68.125,26.28,-0.6
1990-01-01T12:00:00Z,0.0,16.125,72.125,27.86,0.14
1990-01-01T12:00:00Z,0.0,16.125,76.125,NaN,NaN
1990-01-01T12:00:00Z,0.0,16.125,80.125,NaN,NaN
1990-01-01T12:00:00Z,0.0,16.125,84.125,26.51,-0.02
1990-01-01T12:00:00Z,0.0,16.125,88.125,27.55,0.81
1990-01-01T12:00:00Z,0.0,16.125,92.125,26.46,-0.18
1990-01-01T12:00:00Z,0.0,16.125,96.125,26.32,-0.82
1990-01-01T12:00:00Z,0.0,16.125,100.125,NaN,NaN
1990-01-01T12:00:00Z,0.0,16.125,104.125,NaN,NaN
1990-01-01T12:00:00Z,0.0,16.125,108.125,NaN,NaN
1990-01-01T12:00:00Z,0.0,16.125,112.125,24.91,-0.29
1990-01-01T12:00:00Z,0.0,16.125,116.125,25.26,-0.31
1990-01-01T12:00:00Z,0.0,16.125,120.125,27.2,0.56
1990-01-01T12:00:00Z,0.0,16.125,124.125,26.33,-0.6
1990-01-01T12:00:00Z,0.0,16.125,128.125,27.06,-0.16
1990-01-01T12:00:00Z,0.0,16.125,132.125,27.49,0.07
1990-01-01T12:00:00Z,0.0,16.125,136.125,25.89,-1.72
1990-01-01T12:00:00Z,0.0,16.125,140.125,27.32,-0.4
1990-01-01T12:00:00Z,0.0,16.125,144.125,27.54,-0.26
1990-01-01T12:00:00Z,0.0,16.125,148.125,27.66,-0.13
1990-01-01T12:00:00Z,0.0,16.125,152.125,28.09,0.38
1990-01-01T12:00:00Z,0.0,16.125,156.125,27.68,0.12
1990-01-01T12:00:00Z,0.0,16.125,160.125,27.31,-0.08
1990-01-01T12:00:00Z,0.0,16.125,164.125,27.56,0.33
1990-01-01T12:00:00Z,0.0,16.125,168.125,27.18,0.16
1990-01-01T12:00:00Z,0.0,16.125,172.125,27.08,0.21
1990-01-01T12:00:00Z,0.0,16.125,176.125,26.99,0.28
1990-01-01T12:00:00Z,0.0,16.125,180.125,26.97,0.42
1990-01-01T12:00:00Z,0.0,16.125,184.125,26.36,-0.04
1990-01-01T12:00:00Z,0.0,16.125,188.125,26.33,0.08
1990-01-01T12:00:00Z,0.0,16.125,192.125,26.01,-0.06
1990-01-01T12:00:00Z,0.0,16.125,196.125,25.72,-0.1
1990-01-01T12:00:00Z,0.0,16.125,200.125,25.53,-0.02
1990-01-01T12:00:00Z,0.0,16.125,204.125,25.24,-0.13
1990-01-01T12:00:00Z,0.0,16.125,208.125,25.3,0.08
1990-01-01T12:00:00Z,0.0,16.125,212.125,25.27,0.33
1990-01-01T12:00:00Z,0.0,16.125,216.125,25.48,0.67
1990-01-01T12:00:00Z,0.0,16.125,220.125,25.35,0.72
1990-01-01T12:00:00Z,0.0,16.125,224.125,25.19,0.67
1990-01-01T12:00:00Z,0.0,16.125,228.125,25.14,0.63
1990-01-01T12:00:00Z,0.0,16.125,232.125,24.29,-0.29
1990-01-01T12:00:00Z,0.0,16.125,236.125,24.44,-0.42
1990-01-01T12:00:00Z,0.0,16.125,240.125,25.35,0.06
1990-01-01T12:00:00Z,0.0,16.125,244.125,25.7,-0.24
1990-01-01T12:00:00Z,0.0,16.125,248.125,25.29,-1.19
1990-01-01T12:00:00Z,0.0,16.125,252.125,27.4,0.25
1990-01-01T12:00:00Z,0.0,16.125,256.125,28.56,0.58
1990-01-01T12:00:00Z,0.0,16.125,260.125,29.91,1.29
1990-01-01T12:00:00Z,0.0,16.125,264.125,NaN,NaN
1990-01-01T12:00:00Z,0.0,16.125,268.125,NaN,NaN
1990-01-01T12:00:00Z,0.0,16.125,272.125,26.65,-0.7
1990-01-01T12:00:00Z,0.0,16.125,276.125,26.01,-1.18
1990-01-01T12:00:00Z,0.0,16.125,280.125,26.88,-0.63
1990-01-01T12:00:00Z,0.0,16.125,284.125,27.37,0.04
1990-01-01T12:00:00Z,0.0,16.125,288.125,27.28,0.07
1990-01-01T12:00:00Z,0.0,16.125,292.125,27.15,0.03
1990-01-01T12:00:00Z,0.0,16.125,296.125,26.8,-0.22
1990-01-01T12:00:00Z,0.0,16.125,300.125,26.51,-0.23
1990-01-01T12:00:00Z,0.0,16.125,304.125,26.16,-0.26
1990-01-01T12:00:00Z,0.0,16.125,308.125,25.59,-0.61
1990-01-01T12:00:00Z,0.0,16.125,312.125,26.03,0.07
1990-01-01T12:00:00Z,0.0,16.125,316.125,25.8,0.1
1990-01-01T12:00:00Z,0.0,16.125,320.125,25.48,0.11
1990-01-01T12:00:00Z,0.0,16.125,324.125,25.32,0.34
1990-01-01T12:00:00Z,0.0,16.125,328.125,24.84,0.32
1990-01-01T12:00:00Z,0.0,16.125,332.125,24.5,0.41
1990-01-01T12:00:00Z,0.0,16.125,336.125,23.45,-0.03
1990-01-01T12:00:00Z,0.0,16.125,340.125,22.94,-0.01
1990-01-01T12:00:00Z,0.0,16.125,344.125,NaN,NaN
1990-01-01T12:00:00Z,0.0,16.125,348.125,NaN,NaN
1990-01-01T12:00:00Z,0.0,16.125,352.125,NaN,NaN
1990-01-01T12:00:00Z,0.0,16.125,356.125,NaN,NaN
1990-01-01T12:00:00Z,0.0,20.125,0.125,NaN,NaN
1990-01-01T12:00:00Z,0.0,20.125,4.125,NaN,NaN
1990-01-01T12:00:00Z,0.0,20.125,8.125,NaN,NaN
1990-01-01T12:00:00Z,0.0,20.125,12.125,NaN,NaN
1990-01-01T12:00:00Z,0.0,20.125,16.125,NaN,NaN
1990-01-01T12:00:00Z,0.0,20.125,20.125,NaN,NaN
1990-01-01T12:00:00Z,0.0,20.125,24.125,NaN,NaN
1990-01-01T12:00:00Z,0.0,20.125,28.125,NaN,NaN
1990-01-01T12:00:00Z,0.0,20.125,32.125,NaN,NaN
1990-01-01T12:00:00Z,0.0,20.125,36.125,NaN,NaN
1990-01-01T12:00:00Z,0.0,20.125,40.125,28.07,0.62
1990-01-01T12:00:00Z,0.0,20.125,44.125,NaN,NaN
1990-01-01T12:00:00Z,0.0,20.125,48.125,NaN,NaN
1990-01-01T12:00:00Z,0.0,20.125,52.125,NaN,NaN
1990-01-01T12:00:00Z,0.0,20.125,56.125,NaN,NaN
1990-01-01T12:00:00Z,0.0,20.125,60.125,24.8,-0.31
1990-01-01T12:00:00Z,0.0,20.125,64.125,24.78,-0.5
1990-01-01T12:00:00Z,0.0,20.125,68.125,25.36,-0.44
1990-01-01T12:00:00Z,0.0,20.125,72.125,23.9,-1.74
1990-01-01T12:00:00Z,0.0,20.125,76.125,NaN,NaN
1990-01-01T12:00:00Z,0.0,20.125,80.125,NaN,NaN
1990-01-01T12:00:00Z,0.0,20.125,84.125,NaN,NaN
1990-01-01T12:00:00Z,0.0,20.125,88.125,26.06,0.66
1990-01-01T12:00:00Z,0.0,20.125,92.125,25.6,0.17
1990-01-01T12:00:00Z,0.0,20.125,96.125,NaN,NaN
1990-01-01T12:00:00Z,0.0,20.125,100.125,NaN,NaN
1990-01-01T12:00:00Z,0.0,20.125,104.125,NaN,NaN
1990-01-01T12:00:00Z,0.0,20.125,108.125,22.96,0.68
1990-01-01T12:00:00Z,0.0,20.125,112.125,22.86,0.24
1990-01-01T12:00:00Z,0.0,20.125,116.125,22.24,-1.26
1990-01-01T12:00:00Z,0.0,20.125,120.125,24.12,-0.98
1990-01-01T12:00:00Z,0.0,20.125,124.125,24.95,-0.43
1990-01-01T12:00:00Z,0.0,20.125,128.125,24.09,-1.45
1990-01-01T12:00:00Z,0.0,20.125,132.125,25.03,-0.91
1990-01-01T12:00:00Z,0.0,20.125,136.125,26.5,0.21
1990-01-01T12:00:00Z,0.0,20.125,140.125,26.37,-0.29
1990-01-01T12:00:00Z,0.0,20.125,144.125,25.61,-1.23
1990-01-01T12:00:00Z,0.0,20.125,148.125,26.29,-0.65
1990-01-01T12:00:00Z,0.0,20.125,152.125,26.72,-0.21
1990-01-01T12:00:00Z,0.0,20.125,156.125,26.12,-0.72
1990-01-01T12:00:00Z,0.0,20.125,160.125,26.19,-0.49
1990-01-01T12:00:00Z,0.0,20.125,164.125,26.75,0.26
1990-01-01T12:00:00Z,0.0,20.125,168.125,26.08,-0.19
1990-01-01T12:00:00Z,0.0,20.125,172.125,26.78,0.62
1990-01-01T12:00:00Z,0.0,20.125,176.125,26.67,0.69
1990-01-01T12:00:00Z,0.0,20.125,180.125,26.18,0.36
1990-01-01T12:00:00Z,0.0,20.125,184.125,25.92,0.28
1990-01-01T12:00:00Z,0.0,20.125,188.125,25.34,-0.17
1990-01-01T12:00:00Z,0.0,20.125,192.125,25.36,0.03
1990-01-01T12:00:00Z,0.0,20.125,196.125,25.42,0.13
1990-01-01T12:00:00Z,0.0,20.125,200.125,24.79,-0.36
1990-01-01T12:00:00Z,0.0,20.125,204.125,25.01,0.27
1990-01-01T12:00:00Z,0.0,20.125,208.125,24.59,0.28
1990-01-01T12:00:00Z,0.0,20.125,212.125,23.83,-0.06
1990-01-01T12:00:00Z,0.0,20.125,216.125,23.77,0.2
1990-01-01T12:00:00Z,0.0,20.125,220.125,23.04,-0.26
1990-01-01T12:00:00Z,0.0,20.125,224.125,22.79,-0.09
1990-01-01T12:00:00Z,0.0,20.125,228.125,22.1,-0.49
1990-01-01T12:00:00Z,0.0,20.125,232.125,22.15,-0.28
1990-01-01T12:00:00Z,0.0,20.125,236.125,22.95,0.53
1990-01-01T12:00:00Z,0.0,20.125,240.125,21.65,-0.91
1990-01-01T12:00:00Z,0.0,20.125,244.125,22.67,-0.78
1990-01-01T12:00:00Z,0.0,20.125,248.125,23.69,-0.89
1990-01-01T12:00:00Z,0.0,20.125,252.125,23.82,-1.44
1990-01-01T12:00:00Z,0.0,20.125,256.125,NaN,NaN
1990-01-01T12:00:00Z,0.0,20.125,260.125,NaN,NaN
1990-01-01T12:00:00Z,0.0,20.125,264.125,22.4,-1.76
1990-01-01T12:00:00Z,0.0,20.125,268.125,24.39,-0.6
1990-01-01T12:00:00Z,0.0,20.125,272.125,NaN,NaN
1990-01-01T12:00:00Z,0.0,20.125,276.125,26.82,-0.4
1990-01-01T12:00:00Z,0.0,20.125,280.125,26.51,-0.55
1990-01-01T12:00:00Z,0.0,20.125,284.125,NaN,NaN
1990-01-01T12:00:00Z,0.0,20.125,288.125,26.97,0.13
1990-01-01T12:00:00Z,0.0,20.125,292.125,26.77,0.24
1990-01-01T12:00:00Z,0.0,20.125,296.125,26.6,0.26
1990-01-01T12:00:00Z,0.0,20.125,300.125,26.44,0.35
1990-01-01T12:00:00Z,0.0,20.125,304.125,26.46,0.6
1990-01-01T12:00:00Z,0.0,20.125,308.125,26.11,0.48
1990-01-01T12:00:00Z,0.0,20.125,312.125,25.02,-0.34
1990-01-01T12:00:00Z,0.0,20.125,316.125,24.97,-0.12
1990-01-01T12:00:00Z,0.0,20.125,320.125,25.14,0.36
1990-01-01T12:00:00Z,0.0,20.125,324.125,24.6,0.23
1990-01-01T12:00:00Z,0.0,20.125,328.125,24.53,0.64
1990-01-01T12:00:00Z,0.0,20.125,332.125,23.93,0.69
1990-01-01T12:00:00Z,0.0,20.125,336.125,23.41,0.99
1990-01-01T12:00:00Z,0.0,20.125,340.125,22.47,1.41
1990-01-01T12:00:00Z,0.0,20.125,344.125,NaN,NaN
1990-01-01T12:00:00Z,0.0,20.125,348.125,NaN,NaN
1990-01-01T12:00:00Z,0.0,20.125,352.125,NaN,NaN
1990-01-01T12:00:00Z,0.0,20.125,356.125,NaN,NaN
1990-01-01T12:00:00Z,0.0,24.125,0.125,NaN,NaN
1990-01-01T12:00:00Z,0.0,24.125,4.125,NaN,NaN
1990-01-01T12:00:00Z,0.0,24.125,8.125,NaN,NaN
1990-01-01T12:00:00Z,0.0,24.125,12.125,NaN,NaN
1990-01-01T12:00:00Z,0.0,24.125,16.125,NaN,NaN
1990-01-01T12:00:00Z,0.0,24.125,20.125,NaN,NaN
1990-01-01T12:00:00Z,0.0,24.125,24.125,NaN,NaN
1990-01-01T12:00:00Z,0.0,24.125,28.125,NaN,NaN
1990-01-01T12:00:00Z,0.0,24.125,32.125,NaN,NaN
1990-01-01T12:00:00Z,0.0,24.125,36.125,24.06,-0.59
1990-01-01T12:00:00Z,0.0,24.125,40.125,NaN,NaN
1990-01-01T12:00:00Z,0.0,24.125,44.125,NaN,NaN
1990-01-01T12:00:00Z,0.0,24.125,48.125,NaN,NaN
1990-01-01T12:00:00Z,0.0,24.125,52.125,21.13,-2.23
1990-01-01T12:00:00Z,0.0,24.125,56.125,NaN,NaN
1990-01-01T12:00:00Z,0.0,24.125,60.125,24.6,0.16
1990-01-01T12:00:00Z,0.0,24.125,64.125,24.65,0.05
1990-01-01T12:00:00Z,0.0,24.125,68.125,NaN,NaN
1990-01-01T12:00:00Z,0.0,24.125,72.125,NaN,NaN
1990-01-01T12:00:00Z,0.0,24.125,76.125,NaN,NaN
1990-01-01T12:00:00Z,0.0,24.125,80.125,NaN,NaN
1990-01-01T12:00:00Z,0.0,24.125,84.125,NaN,NaN
1990-01-01T12:00:00Z,0.0,24.125,88.125,NaN,NaN
1990-01-01T12:00:00Z,0.0,24.125,92.125,NaN,NaN
1990-01-01T12:00:00Z,0.0,24.125,96.125,NaN,NaN
1990-01-01T12:00:00Z,0.0,24.125,100.125,NaN,NaN
1990-01-01T12:00:00Z,0.0,24.125,104.125,NaN,NaN
1990-01-01T12:00:00Z,0.0,24.125,108.125,NaN,NaN
1990-01-01T12:00:00Z,0.0,24.125,112.125,NaN,NaN
1990-01-01T12:00:00Z,0.0,24.125,116.125,NaN,NaN
1990-01-01T12:00:00Z,0.0,24.125,120.125,19.45,-1.06
1990-01-01T12:00:00Z,0.0,24.125,124.125,22.08,-1.88
1990-01-01T12:00:00Z,0.0,24.125,128.125,22.52,-1.14
1990-01-01T12:00:00Z,0.0,24.125,132.125,23.51,-0.32
1990-01-01T12:00:00Z,0.0,24.125,136.125,22.43,-1.64
1990-01-01T12:00:00Z,0.0,24.125,140.125,24.9,0.53
1990-01-01T12:00:00Z,0.0,24.125,144.125,23.95,-0.9
1990-01-01T12:00:00Z,0.0,24.125,148.125,25.61,0.46
1990-01-01T12:00:00Z,0.0,24.125,152.125,25.67,0.41
1990-01-01T12:00:00Z,0.0,24.125,156.125,25.1,-0.08
1990-01-01T12:00:00Z,0.0,24.125,160.125,24.95,-0.04
1990-01-01T12:00:00Z,0.0,24.125,164.125,25.7,0.74
1990-01-01T12:00:00Z,0.0,24.125,168.125,24.52,-0.34
1990-01-01T12:00:00Z,0.0,24.125,172.125,24.5,-0.14
1990-01-01T12:00:00Z,0.0,24.125,176.125,25.01,0.5
1990-01-01T12:00:00Z,0.0,24.125,180.125,24.7,0.41
1990-01-01T12:00:00Z,0.0,24.125,184.125,24.46,0.29
1990-01-01T12:00:00Z,0.0,24.125,188.125,25.03,1.0
1990-01-01T12:00:00Z,0.0,24.125,192.125,23.43,-0.45
1990-01-01T12:00:00Z,0.0,24.125,196.125,23.46,-0.28
1990-01-01T12:00:00Z,0.0,24.125,200.125,23.02,-0.67
1990-01-01T12:00:00Z,0.0,24.125,204.125,22.69,-0.81
1990-01-01T12:00:00Z,0.0,24.125,208.125,22.85,-0.42
1990-01-01T12:00:00Z,0.0,24.125,212.125,23.4,0.49
1990-01-01T12:00:00Z,0.0,24.125,216.125,22.91,0.53
1990-01-01T12:00:00Z,0.0,24.125,220.125,21.87,-0.04
1990-01-01T12:00:00Z,0.0,24.125,224.125,21.33,0.0
1990-01-01T12:00:00Z,0.0,24.125,228.125,19.77,-1.02
1990-01-01T12:00:00Z,0.0,24.125,232.125,20.19,-0.14
1990-01-01T12:00:00Z,0.0,24.125,236.125,20.01,-0.03
1990-01-01T12:00:00Z,0.0,24.125,240.125,20.02,0.22
1990-01-01T12:00:00Z,0.0,24.125,244.125,19.87,-0.47
1990-01-01T12:00:00Z,0.0,24.125,248.125,21.28,-0.71
1990-01-01T12:00:00Z,0.0,24.125,252.125,23.19,0.39
1990-01-01T12:00:00Z,0.0,24.125,256.125,NaN,NaN
1990-01-01T12:00:00Z,0.0,24.125,260.125,NaN,NaN
1990-01-01T12:00:00Z,0.0,24.125,264.125,23.59,-0.1
1990-01-01T12:00:00Z,0.0,24.125,268.125,24.52,0.33
1990-01-01T12:00:00Z,0.0,24.125,272.125,24.0,-1.32
1990-01-01T12:00:00Z,0.0,24.125,276.125,24.31,-1.24
1990-01-01T12:00:00Z,0.0,24.125,280.125,24.92,-0.18
1990-01-01T12:00:00Z,0.0,24.125,284.125,25.45,0.22
1990-01-01T12:00:00Z,0.0,24.125,288.125,25.5,-0.03
1990-01-01T12:00:00Z,0.0,24.125,292.125,24.89,-0.57
1990-01-01T12:00:00Z,0.0,24.125,296.125,25.71,0.4
1990-01-01T12:00:00Z,0.0,24.125,300.125,25.67,0.51
1990-01-01T12:00:00Z,0.0,24.125,304.125,25.22,0.31
1990-01-01T12:00:00Z,0.0,24.125,308.125,25.22,0.6
1990-01-01T12:00:00Z,0.0,24.125,312.125,24.95,0.61
1990-01-01T12:00:00Z,0.0,24.125,316.125,24.69,0.68
1990-01-01T12:00:00Z,0.0,24.125,320.125,24.44,0.62
1990-01-01T12:00:00Z,0.0,24.125,324.125,23.66,0.17
1990-01-01T12:00:00Z,0.0,24.125,328.125,23.74,0.62
1990-01-01T12:00:00Z,0.0,24.125,332.125,23.41,0.71
1990-01-01T12:00:00Z,0.0,24.125,336.125,22.93,0.85
1990-01-01T12:00:00Z,0.0,24.125,340.125,22.17,1.09
1990-01-01T12:00:00Z,0.0,24.125,344.125,18.94,-0.4
1990-01-01T12:00:00Z,0.0,24.125,348.125,NaN,NaN
1990-01-01T12:00:00Z,0.0,24.125,352.125,NaN,NaN
1990-01-01T12:00:00Z,0.0,24.125,356.125,NaN,NaN
1990-01-01T12:00:00Z,0.0,28.125,0.125,NaN,NaN
1990-01-01T12:00:00Z,0.0,28.125,4.125,NaN,NaN
1990-01-01T12:00:00Z,0.0,28.125,8.125,NaN,NaN
1990-01-01T12:00:00Z,0.0,28.125,12.125,NaN,NaN
1990-01-01T12:00:00Z,0.0,28.125,16.125,NaN,NaN
1990-01-01T12:00:00Z,0.0,28.125,20.125,NaN,NaN
1990-01-01T12:00:00Z,0.0,28.125,24.125,NaN,NaN
1990-01-01T12:00:00Z,0.0,28.125,28.125,NaN,NaN
1990-01-01T12:00:00Z,0.0,28.125,32.125,NaN,NaN
1990-01-01T12:00:00Z,0.0,28.125,36.125,NaN,NaN
1990-01-01T12:00:00Z,0.0,28.125,40.125,NaN,NaN
1990-01-01T12:00:00Z,0.0,28.125,44.125,NaN,NaN
1990-01-01T12:00:00Z,0.0,28.125,48.125,NaN,NaN
1990-01-01T12:00:00Z,0.0,28.125,52.125,NaN,NaN
1990-01-01T12:00:00Z,0.0,28.125,56.125,NaN,NaN
1990-01-01T12:00:00Z,0.0,28.125,60.125,NaN,NaN
1990-01-01T12:00:00Z,0.0,28.125,64.125,NaN,NaN
1990-01-01T12:00:00Z,0.0,28.125,68.125,NaN,NaN
1990-01-01T12:00:00Z,0.0,28.125,72.125,NaN,NaN
1990-01-01T12:00:00Z,0.0,28.125,76.125,NaN,NaN
1990-01-01T12:00:00Z,0.0,28.125,80.125,NaN,NaN
1990-01-01T12:00:00Z,0.0,28.125,84.125,NaN,NaN
1990-01-01T12:00:00Z,0.0,28.125,88.125,NaN,NaN
1990-01-01T12:00:00Z,0.0,28.125,92.125,NaN,NaN
1990-01-01T12:00:00Z,0.0,28.125,96.125,NaN,NaN
1990-01-01T12:00:00Z,0.0,28.125,100.125,NaN,NaN
1990-01-01T12:00:00Z,0.0,28.125,104.125,NaN,NaN
1990-01-01T12:00:00Z,0.0,28.125,108.125,NaN,NaN
1990-01-01T12:00:00Z,0.0,28.125,112.125,NaN,NaN
1990-01-01T12:00:00Z,0.0,28.125,116.125,NaN,NaN
1990-01-01T12:00:00Z,0.0,28.125,120.125,NaN,NaN
1990-01-01T12:00:00Z,0.0,28.125,124.125,17.93,-1.34
1990-01-01T12:00:00Z,0.0,28.125,128.125,21.06,-1.17
1990-01-01T12:00:00Z,0.0,28.125,132.125,21.73,-0.2
1990-01-01T12:00:00Z,0.0,28.125,136.125,21.25,-0.26
1990-01-01T12:00:00Z,0.0,28.125,140.125,20.7,-1.04
1990-01-01T12:00:00Z,0.0,28.125,144.125,21.71,-0.43
1990-01-01T12:00:00Z,0.0,28.125,148.125,21.71,-0.5
1990-01-01T12:00:00Z,0.0,28.125,152.125,21.76,-0.68
1990-01-01T12:00:00Z,0.0,28.125,156.125,21.98,-0.64
1990-01-01T12:00:00Z,0.0,28.125,160.125,21.49,-0.86
1990-01-01T12:00:00Z,0.0,28.125,164.125,21.21,-0.97
1990-01-01T12:00:00Z,0.0,28.125,168.125,22.85,0.66
1990-01-01T12:00:00Z,0.0,28.125,172.125,21.62,-0.32
1990-01-01T12:00:00Z,0.0,28.125,176.125,21.54,-0.14
1990-01-01T12:00:00Z,0.0,28.125,180.125,21.75,0.25
1990-01-01T12:00:00Z,0.0,28.125,184.125,20.97,-0.51
1990-01-01T12:00:00Z,0.0,28.125,188.125,21.59,0.18
1990-01-01T12:00:00Z,0.0,28.125,192.125,20.51,-0.89
1990-01-01T12:00:00Z,0.0,28.125,196.125,21.17,-0.34
1990-01-01T12:00:00Z,0.0,28.125,200.125,21.13,-0.53
1990-01-01T12:00:00Z,0.0,28.125,204.125,20.98,-0.73
1990-01-01T12:00:00Z,0.0,28.125,208.125,21.08,-0.56
1990-01-01T12:00:00Z,0.0,28.125,212.125,21.28,-0.12
1990-01-01T12:00:00Z,0.0,28.125,216.125,21.62,0.57
1990-01-01T12:00:00Z,0.0,28.125,220.125,20.65,0.15
1990-01-01T12:00:00Z,0.0,28.125,224.125,20.14,0.19
1990-01-01T12:00:00Z,0.0,28.125,228.125,19.36,0.03
1990-01-01T12:00:00Z,0.0,28.125,232.125,18.65,-0.05
1990-01-01T12:00:00Z,0.0,28.125,236.125,18.63,0.47
1990-01-01T12:00:00Z,0.0,28.125,240.125,18.18,0.46
1990-01-01T12:00:00Z,0.0,28.125,244.125,18.2,0.58
1990-01-01T12:00:00Z,0.0,28.125,248.125,17.69,-0.87
1990-01-01T12:00:00Z,0.0,28.125,252.125,NaN,NaN
1990-01-01T12:00:00Z,0.0,28.125,256.125,NaN,NaN
1990-01-01T12:00:00Z,0.0,28.125,260.125,NaN,NaN
1990-01-01T12:00:00Z,0.0,28.125,264.125,20.06,-0.63
1990-01-01T12:00:00Z,0.0,28.125,268.125,20.34,-0.64
1990-01-01T12:00:00Z,0.0,28.125,272.125,20.98,-1.51
1990-01-01T12:00:00Z,0.0,28.125,276.125,18.8,-2.61
1990-01-01T12:00:00Z,0.0,28.125,280.125,23.99,-0.34
1990-01-01T12:00:00Z,0.0,28.125,284.125,23.92,0.16
1990-01-01T12:00:00Z,0.0,28.125,288.125,23.68,0.32
1990-01-01T12:00:00Z,0.0,28.125,292.125,22.29,-1.01
1990-01-01T12:00:00Z,0.0,28.125,296.125,23.4,0.15
1990-01-01T12:00:00Z,0.0,28.125,300.125,22.85,-0.41
1990-01-01T12:00:00Z,0.0,28.125,304.125,23.56,0.36
1990-01-01T12:00:00Z,0.0,28.125,308.125,23.18,0.2
1990-01-01T12:00:00Z,0.0,28.125,312.125,23.42,0.62
1990-01-01T12:00:00Z,0.0,28.125,316.125,22.62,0.1
1990-01-01T12:00:00Z,0.0,28.125,320.125,21.74,-0.56
1990-01-01T12:00:00Z,0.0,28.125,324.125,21.87,-0.16
1990-01-01T12:00:00Z,0.0,28.125,328.125,21.74,-0.01
1990-01-01T12:00:00Z,0.0,28.125,332.125,20.93,-0.39
1990-01-01T12:00:00Z,0.0,28.125,336.125,20.46,-0.48
1990-01-01T12:00:00Z,0.0,28.125,340.125,20.45,-0.03
1990-01-01T12:00:00Z,0.0,28.125,344.125,20.34,0.58
1990-01-01T12:00:00Z,0.0,28.125,348.125,NaN,NaN
1990-01-01T12:00:00Z,0.0,28.125,352.125,NaN,NaN
1990-01-01T12:00:00Z,0.0,28.125,356.125,NaN,NaN
1990-01-01T12:00:00Z,0.0,32.125,0.125,NaN,NaN
1990-01-01T12:00:00Z,0.0,32.125,4.125,NaN,NaN
1990-01-01T12:00:00Z,0.0,32.125,8.125,NaN,NaN
1990-01-01T12:00:00Z,0.0,32.125,12.125,NaN,NaN
1990-01-01T12:00:00Z,0.0,32.125,16.125,18.89,0.66
1990-01-01T12:00:00Z,0.0,32.125,20.125,NaN,NaN
1990-01-01T12:00:00Z,0.0,32.125,24.125,19.06,0.67
1990-01-01T12:00:00Z,0.0,32.125,28.125,18.69,0.18
1990-01-01T12:00:00Z,0.0,32.125,32.125,18.47,-0.33
1990-01-01T12:00:00Z,0.0,32.125,36.125,NaN,NaN
1990-01-01T12:00:00Z,0.0,32.125,40.125,NaN,NaN
1990-01-01T12:00:00Z,0.0,32.125,44.125,NaN,NaN
1990-01-01T12:00:00Z,0.0,32.125,48.125,NaN,NaN
1990-01-01T12:00:00Z,0.0,32.125,52.125,NaN,NaN
1990-01-01T12:00:00Z,0.0,32.125,56.125,NaN,NaN
1990-01-01T12:00:00Z,0.0,32.125,60.125,NaN,NaN
1990-01-01T12:00:00Z,0.0,32.125,64.125,NaN,NaN
1990-01-01T12:00:00Z,0.0,32.125,68.125,NaN,NaN
1990-01-01T12:00:00Z,0.0,32.125,72.125,NaN,NaN
1990-01-01T12:00:00Z,0.0,32.125,76.125,NaN,NaN
1990-01-01T12:00:00Z,0.0,32.125,80.125,NaN,NaN
1990-01-01T12:00:00Z,0.0,32.125,84.125,NaN,NaN
1990-01-01T12:00:00Z,0.0,32.125,88.125,NaN,NaN
1990-01-01T12:00:00Z,0.0,32.125,92.125,NaN,NaN
1990-01-01T12:00:00Z,0.0,32.125,96.125,NaN,NaN
1990-01-01T12:00:00Z,0.0,32.125,100.125,NaN,NaN
1990-01-01T12:00:00Z,0.0,32.125,104.125,NaN,NaN
1990-01-01T12:00:00Z,0.0,32.125,108.125,NaN,NaN
1990-01-01T12:00:00Z,0.0,32.125,112.125,NaN,NaN
1990-01-01T12:00:00Z,0.0,32.125,116.125,NaN,NaN
1990-01-01T12:00:00Z,0.0,32.125,120.125,NaN,NaN
1990-01-01T12:00:00Z,0.0,32.125,124.125,12.82,-1.06
1990-01-01T12:00:00Z,0.0,32.125,128.125,18.7,0.03
1990-01-01T12:00:00Z,0.0,32.125,132.125,19.87,-0.39
1990-01-01T12:00:00Z,0.0,32.125,136.125,20.18,-0.14
1990-01-01T12:00:00Z,0.0,32.125,140.125,20.59,0.3
1990-01-01T12:00:00Z,0.0,32.125,144.125,20.15,-0.07
1990-01-01T12:00:00Z,0.0,32.125,148.125,19.42,-0.74
1990-01-01T12:00:00Z,0.0,32.125,152.125,19.73,-0.3
1990-01-01T12:00:00Z,0.0,32.125,156.125,19.0,-0.82
1990-01-01T12:00:00Z,0.0,32.125,160.125,20.98,1.14
1990-01-01T12:00:00Z,0.0,32.125,164.125,19.59,-0.19
1990-01-01T12:00:00Z,0.0,32.125,168.125,18.76,-0.79
1990-01-01T12:00:00Z,0.0,32.125,172.125,19.26,0.01
1990-01-01T12:00:00Z,0.0,32.125,176.125,18.77,-0.21
1990-01-01T12:00:00Z,0.0,32.125,180.125,17.57,-0.94
1990-01-01T12:00:00Z,0.0,32.125,184.125,18.0,-0.47
1990-01-01T12:00:00Z,0.0,32.125,188.125,18.0,-0.34
1990-01-01T12:00:00Z,0.0,32.125,192.125,16.83,-1.31
1990-01-01T12:00:00Z,0.0,32.125,196.125,17.34,-0.82
1990-01-01T12:00:00Z,0.0,32.125,200.125,16.68,-1.74
1990-01-01T12:00:00Z,0.0,32.125,204.125,17.15,-1.54
1990-01-01T12:00:00Z,0.0,32.125,208.125,18.21,-0.69
1990-01-01T12:00:00Z,0.0,32.125,212.125,19.65,0.63
1990-01-01T12:00:00Z,0.0,32.125,216.125,20.05,1.12
1990-01-01T12:00:00Z,0.0,32.125,220.125,18.69,0.09
1990-01-01T12:00:00Z,0.0,32.125,224.125,19.36,1.17
1990-01-01T12:00:00Z,0.0,32.125,228.125,17.81,0.18
1990-01-01T12:00:00Z,0.0,32.125,232.125,16.71,-0.14
1990-01-01T12:00:00Z,0.0,32.125,236.125,16.75,0.93
1990-01-01T12:00:00Z,0.0,32.125,240.125,16.3,0.9
1990-01-01T12:00:00Z,0.0,32.125,244.125,NaN,NaN
1990-01-01T12:00:00Z,0.0,32.125,248.125,NaN,NaN
1990-01-01T12:00:00Z,0.0,32.125,252.125,NaN,NaN
1990-01-01T12:00:00Z,0.0,32.125,256.125,NaN,NaN
1990-01-01T12:00:00Z,0.0,32.125,260.125,NaN,NaN
1990-01-01T12:00:00Z,0.0,32.125,264.125,NaN,NaN
1990-01-01T12:00:00Z,0.0,32.125,268.125,NaN,NaN
1990-01-01T12:00:00Z,0.0,32.125,272.125,NaN,NaN
1990-01-01T12:00:00Z,0.0,32.125,276.125,NaN,NaN
1990-01-01T12:00:00Z,0.0,32.125,280.125,18.7,-3.2
1990-01-01T12:00:00Z,0.0,32.125,284.125,22.07,-0.92
1990-01-01T12:00:00Z,0.0,32.125,288.125,21.38,0.22
1990-01-01T12:00:00Z,0.0,32.125,292.125,20.67,-0.24
1990-01-01T12:00:00Z,0.0,32.125,296.125,21.1,-0.05
1990-01-01T12:00:00Z,0.0,32.125,300.125,21.33,0.16
1990-01-01T12:00:00Z,0.0,32.125,304.125,21.8,0.76
1990-01-01T12:00:00Z,0.0,32.125,308.125,20.86,-0.14
1990-01-01T12:00:00Z,0.0,32.125,312.125,20.84,-0.02
1990-01-01T12:00:00Z,0.0,32.125,316.125,20.96,0.23
1990-01-01T12:00:00Z,0.0,32.125,320.125,20.02,-0.46
1990-01-01T12:00:00Z,0.0,32.125,324.125,19.64,-0.69
1990-01-01T12:00:00Z,0.0,32.125,328.125,19.75,-0.45
1990-01-01T12:00:00Z,0.0,32.125,332.125,18.92,-1.02
1990-01-01T12:00:00Z,0.0,32.125,336.125,18.18,-1.44
1990-01-01T12:00:00Z,0.0,32.125,340.125,18.39,-0.92
1990-01-01T12:00:00Z,0.0,32.125,344.125,18.37,-0.49
1990-01-01T12:00:00Z,0.0,32.125,348.125,18.26,0.04
1990-01-01T12:00:00Z,0.0,32.125,352.125,NaN,NaN
1990-01-01T12:00:00Z,0.0,32.125,356.125,NaN,NaN
1990-01-01T12:00:00Z,0.0,36.125,0.125,16.83,0.88
1990-01-01T12:00:00Z,0.0,36.125,4.125,NaN,NaN
1990-01-01T12:00:00Z,0.0,36.125,8.125,NaN,NaN
1990-01-01T12:00:00Z,0.0,36.125,12.125,16.61,0.22
1990-01-01T12:00:00Z,0.0,36.125,16.125,16.9,0.16
1990-01-01T12:00:00Z,0.0,36.125,20.125,16.37,-0.21
1990-01-01T12:00:00Z,0.0,36.125,24.125,15.23,-1.23
1990-01-01T12:00:00Z,0.0,36.125,28.125,18.08,0.81
1990-01-01T12:00:00Z,0.0,36.125,32.125,18.61,1.05
1990-01-01T12:00:00Z,0.0,36.125,36.125,NaN,NaN
1990-01-01T12:00:00Z,0.0,36.125,40.125,NaN,NaN
1990-01-01T12:00:00Z,0.0,36.125,44.125,NaN,NaN
1990-01-01T12:00:00Z,0.0,36.125,48.125,NaN,NaN
1990-01-01T12:00:00Z,0.0,36.125,52.125,NaN,NaN
1990-01-01T12:00:00Z,0.0,36.125,56.125,NaN,NaN
1990-01-01T12:00:00Z,0.0,36.125,60.125,NaN,NaN
1990-01-01T12:00:00Z,0.0,36.125,64.125,NaN,NaN
1990-01-01T12:00:00Z,0.0,36.125,68.125,NaN,NaN
1990-01-01T12:00:00Z,0.0,36.125,72.125,NaN,NaN
1990-01-01T12:00:00Z,0.0,36.125,76.125,NaN,NaN
1990-01-01T12:00:00Z,0.0,36.125,80.125,NaN,NaN
1990-01-01T12:00:00Z,0.0,36.125,84.125,NaN,NaN
1990-01-01T12:00:00Z,0.0,36.125,88.125,NaN,NaN
1990-01-01T12:00:00Z,0.0,36.125,92.125,NaN,NaN
1990-01-01T12:00:00Z,0.0,36.125,96.125,NaN,NaN
1990-01-01T12:00:00Z,0.0,36.125,100.125,NaN,NaN
1990-01-01T12:00:00Z,0.0,36.125,104.125,NaN,NaN
1990-01-01T12:00:00Z,0.0,36.125,108.125,NaN,NaN
1990-01-01T12:00:00Z,0.0,36.125,112.125,NaN,NaN
1990-01-01T12:00:00Z,0.0,36.125,116.125,NaN,NaN
1990-01-01T12:00:00Z,0.0,36.125,120.125,NaN,NaN
1990-01-01T12:00:00Z,0.0,36.125,124.125,9.7,0.12
1990-01-01T12:00:00Z,0.0,36.125,128.125,NaN,NaN
1990-01-01T12:00:00Z,0.0,36.125,132.125,13.44,-1.66
1990-01-01T12:00:00Z,0.0,36.125,136.125,14.36,-0.29
1990-01-01T12:00:00Z,0.0,36.125,140.125,NaN,NaN
1990-01-01T12:00:00Z,0.0,36.125,144.125,17.17,-0.36
1990-01-01T12:00:00Z,0.0,36.125,148.125,14.76,-2.52
1990-01-01T12:00:00Z,0.0,36.125,152.125,17.29,0.02
1990-01-01T12:00:00Z,0.0,36.125,156.125,14.39,-2.45
1990-01-01T12:00:00Z,0.0,36.125,160.125,15.82,-1.01
1990-01-01T12:00:00Z,0.0,36.125,164.125,17.29,0.57
1990-01-01T12:00:00Z,0.0,36.125,168.125,17.41,0.97
1990-01-01T12:00:00Z,0.0,36.125,172.125,15.61,-0.84
1990-01-01T12:00:00Z,0.0,36.125,176.125,17.01,0.84
1990-01-01T12:00:00Z,0.0,36.125,180.125,15.01,-0.75
1990-01-01T12:00:00Z,0.0,36.125,184.125,14.65,-0.87
1990-01-01T12:00:00Z,0.0,36.125,188.125,15.49,0.22
1990-01-01T12:00:00Z,0.0,36.125,192.125,14.75,-0.35
1990-01-01T12:00:00Z,0.0,36.125,196.125,14.77,-0.29
1990-01-01T12:00:00Z,0.0,36.125,200.125,14.62,-0.55
1990-01-01T12:00:00Z,0.0,36.125,204.125,14.68,-0.63
1990-01-01T12:00:00Z,0.0,36.125,208.125,16.04,0.34
1990-01-01T12:00:00Z,0.0,36.125,212.125,16.6,0.63
1990-01-01T12:00:00Z,0.0,36.125,216.125,17.5,1.32
1990-01-01T12:00:00Z,0.0,36.125,220.125,17.43,1.2
1990-01-01T12:00:00Z,0.0,36.125,224.125,16.59,0.48
1990-01-01T12:00:00Z,0.0,36.125,228.125,16.74,0.97
1990-01-01T12:00:00Z,0.0,36.125,232.125,14.28,-0.47
1990-01-01T12:00:00Z,0.0,36.125,236.125,13.97,0.62
1990-01-01T12:00:00Z,0.0,36.125,240.125,NaN,NaN
1990-01-01T12:00:00Z,0.0,36.125,244.125,NaN,NaN
1990-01-01T12:00:00Z,0.0,36.125,248.125,NaN,NaN
1990-01-01T12:00:00Z,0.0,36.125,252.125,NaN,NaN
1990-01-01T12:00:00Z,0.0,36.125,256.125,NaN,NaN
1990-01-01T12:00:00Z,0.0,36.125,260.125,NaN,NaN
1990-01-01T12:00:00Z,0.0,36.125,264.125,NaN,NaN
1990-01-01T12:00:00Z,0.0,36.125,268.125,NaN,NaN
1990-01-01T12:00:00Z,0.0,36.125,272.125,NaN,NaN
1990-01-01T12:00:00Z,0.0,36.125,276.125,NaN,NaN
1990-01-01T12:00:00Z,0.0,36.125,280.125,NaN,NaN
1990-01-01T12:00:00Z,0.0,36.125,284.125,11.24,-3.7
1990-01-01T12:00:00Z,0.0,36.125,288.125,19.6,-1.17
1990-01-01T12:00:00Z,0.0,36.125,292.125,19.29,-1.43
1990-01-01T12:00:00Z,0.0,36.125,296.125,19.77,-0.9
1990-01-01T12:00:00Z,0.0,36.125,300.125,19.54,-0.58
1990-01-01T12:00:00Z,0.0,36.125,304.125,19.62,-0.21
1990-01-01T12:00:00Z,0.0,36.125,308.125,19.74,0.14
1990-01-01T12:00:00Z,0.0,36.125,312.125,18.23,-1.07
1990-01-01T12:00:00Z,0.0,36.125,316.125,17.54,-1.44
1990-01-01T12:00:00Z,0.0,36.125,320.125,18.8,0.09
1990-01-01T12:00:00Z,0.0,36.125,324.125,17.64,-0.74
1990-01-01T12:00:00Z,0.0,36.125,328.125,16.71,-1.54
1990-01-01T12:00:00Z,0.0,36.125,332.125,16.33,-1.76
1990-01-01T12:00:00Z,0.0,36.125,336.125,15.85,-2.04
1990-01-01T12:00:00Z,0.0,36.125,340.125,15.74,-1.94
1990-01-01T12:00:00Z,0.0,36.125,344.125,16.22,-1.16
1990-01-01T12:00:00Z,0.0,36.125,348.125,16.64,-0.54
1990-01-01T12:00:00Z,0.0,36.125,352.125,16.93,-0.06
1990-01-01T12:00:00Z,0.0,36.125,356.125,17.29,1.43
1990-01-01T12:00:00Z,0.0,40.125,0.125,14.75,0.14
1990-01-01T12:00:00Z,0.0,40.125,4.125,15.44,0.45
1990-01-01T12:00:00Z,0.0,40.125,8.125,15.75,0.74
1990-01-01T12:00:00Z,0.0,40.125,12.125,14.42,-0.72
1990-01-01T12:00:00Z,0.0,40.125,16.125,NaN,NaN
1990-01-01T12:00:00Z,0.0,40.125,20.125,NaN,NaN
1990-01-01T12:00:00Z,0.0,40.125,24.125,13.68,-0.54
1990-01-01T12:00:00Z,0.0,40.125,28.125,NaN,NaN
1990-01-01T12:00:00Z,0.0,40.125,32.125,NaN,NaN
1990-01-01T12:00:00Z,0.0,40.125,36.125,NaN,NaN
1990-01-01T12:00:00Z,0.0,40.125,40.125,NaN,NaN
1990-01-01T12:00:00Z,0.0,40.125,44.125,NaN,NaN
1990-01-01T12:00:00Z,0.0,40.125,48.125,NaN,NaN
1990-01-01T12:00:00Z,0.0,40.125,52.125,13.32,1.82
1990-01-01T12:00:00Z,0.0,40.125,56.125,NaN,NaN
1990-01-01T12:00:00Z,0.0,40.125,60.125,NaN,NaN
1990-01-01T12:00:00Z,0.0,40.125,64.125,NaN,NaN
1990-01-01T12:00:00Z,0.0,40.125,68.125,NaN,NaN
1990-01-01T12:00:00Z,0.0,40.125,72.125,NaN,NaN
1990-01-01T12:00:00Z,0.0,40.125,76.125,NaN,NaN
1990-01-01T12:00:00Z,0.0,40.125,80.125,NaN,NaN
1990-01-01T12:00:00Z,0.0,40.125,84.125,NaN,NaN
1990-01-01T12:00:00Z,0.0,40.125,88.125,NaN,NaN
1990-01-01T12:00:00Z,0.0,40.125,92.125,NaN,NaN
1990-01-01T12:00:00Z,0.0,40.125,96.125,NaN,NaN
1990-01-01T12:00:00Z,0.0,40.125,100.125,NaN,NaN
1990-01-01T12:00:00Z,0.0,40.125,104.125,NaN,NaN
1990-01-01T12:00:00Z,0.0,40.125,108.125,NaN,NaN
1990-01-01T12:00:00Z,0.0,40.125,112.125,NaN,NaN
1990-01-01T12:00:00Z,0.0,40.125,116.125,NaN,NaN
1990-01-01T12:00:00Z,0.0,40.125,120.125,2.88,-1.58
1990-01-01T12:00:00Z,0.0,40.125,124.125,NaN,NaN
1990-01-01T12:00:00Z,0.0,40.125,128.125,NaN,NaN
1990-01-01T12:00:00Z,0.0,40.125,132.125,7.0,-0.61
1990-01-01T12:00:00Z,0.0,40.125,136.125,9.14,1.01
1990-01-01T12:00:00Z,0.0,40.125,140.125,NaN,NaN
1990-01-01T12:00:00Z,0.0,40.125,144.125,8.98,-0.47
1990-01-01T12:00:00Z,0.0,40.125,148.125,9.62,0.05
1990-01-01T12:00:00Z,0.0,40.125,152.125,12.66,1.6
1990-01-01T12:00:00Z,0.0,40.125,156.125,11.02,-0.57
1990-01-01T12:00:00Z,0.0,40.125,160.125,11.5,-0.18
1990-01-01T12:00:00Z,0.0,40.125,164.125,12.55,0.94
1990-01-01T12:00:00Z,0.0,40.125,168.125,13.1,0.63
1990-01-01T12:00:00Z,0.0,40.125,172.125,13.19,0.8
1990-01-01T12:00:00Z,0.0,40.125,176.125,11.99,-0.03
1990-01-01T12:00:00Z,0.0,40.125,180.125,11.96,-0.07
1990-01-01T12:00:00Z,0.0,40.125,184.125,12.24,0.27
1990-01-01T12:00:00Z,0.0,40.125,188.125,12.96,1.15
1990-01-01T12:00:00Z,0.0,40.125,192.125,12.65,0.95
1990-01-01T12:00:00Z,0.0,40.125,196.125,12.43,0.61
1990-01-01T12:00:00Z,0.0,40.125,200.125,11.94,0.08
1990-01-01T12:00:00Z,0.0,40.125,204.125,12.56,0.55
1990-01-01T12:00:00Z,0.0,40.125,208.125,12.3,-0.05
1990-01-01T12:00:00Z,0.0,40.125,212.125,13.52,0.85
1990-01-01T12:00:00Z,0.0,40.125,216.125,15.28,2.12
1990-01-01T12:00:00Z,0.0,40.125,220.125,14.3,0.79
1990-01-01T12:00:00Z,0.0,40.125,224.125,14.44,0.72
1990-01-01T12:00:00Z,0.0,40.125,228.125,14.84,1.1
1990-01-01T12:00:00Z,0.0,40.125,232.125,12.53,-0.11
1990-01-01T12:00:00Z,0.0,40.125,236.125,NaN,NaN
1990-01-01T12:00:00Z,0.0,40.125,240.125,NaN,NaN
1990-01-01T12:00:00Z,0.0,40.125,244.125,NaN,NaN
1990-01-01T12:00:00Z,0.0,40.125,248.125,NaN,NaN
1990-01-01T12:00:00Z,0.0,40.125,252.125,NaN,NaN
1990-01-01T12:00:00Z,0.0,40.125,256.125,NaN,NaN
1990-01-01T12:00:00Z,0.0,40.125,260.125,NaN,NaN
1990-01-01T12:00:00Z,0.0,40.125,264.125,NaN,NaN
1990-01-01T12:00:00Z,0.0,40.125,268.125,NaN,NaN
1990-01-01T12:00:00Z,0.0,40.125,272.125,NaN,NaN
1990-01-01T12:00:00Z,0.0,40.125,276.125,NaN,NaN
1990-01-01T12:00:00Z,0.0,40.125,280.125,NaN,NaN
1990-01-01T12:00:00Z,0.0,40.125,284.125,NaN,NaN
1990-01-01T12:00:00Z,0.0,40.125,288.125,7.94,-1.74
1990-01-01T12:00:00Z,0.0,40.125,292.125,8.53,-2.9
1990-01-01T12:00:00Z,0.0,40.125,296.125,14.11,-1.5
1990-01-01T12:00:00Z,0.0,40.125,300.125,18.54,0.68
1990-01-01T12:00:00Z,0.0,40.125,304.125,19.31,1.01
1990-01-01T12:00:00Z,0.0,40.125,308.125,14.69,-2.75
1990-01-01T12:00:00Z,0.0,40.125,312.125,16.96,-0.43
1990-01-01T12:00:00Z,0.0,40.125,316.125,16.56,-1.33
1990-01-01T12:00:00Z,0.0,40.125,320.125,16.61,-0.49
1990-01-01T12:00:00Z,0.0,40.125,324.125,16.21,-0.66
1990-01-01T12:00:00Z,0.0,40.125,328.125,15.09,-1.37
1990-01-01T12:00:00Z,0.0,40.125,332.125,14.92,-1.03
1990-01-01T12:00:00Z,0.0,40.125,336.125,14.6,-1.27
1990-01-01T12:00:00Z,0.0,40.125,340.125,14.5,-1.23
1990-01-01T12:00:00Z,0.0,40.125,344.125,14.5,-0.99
1990-01-01T12:00:00Z,0.0,40.125,348.125,15.31,-0.08
1990-01-01T12:00:00Z,0.0,40.125,352.125,NaN,NaN
1990-01-01T12:00:00Z,0.0,40.125,356.125,NaN,NaN
1990-01-01T12:00:00Z,0.0,44.125,0.125,NaN,NaN
1990-01-01T12:00:00Z,0.0,44.125,4.125,NaN,NaN
1990-01-01T12:00:00Z,0.0,44.125,8.125,NaN,NaN
1990-01-01T12:00:00Z,0.0,44.125,12.125,NaN,NaN
1990-01-01T12:00:00Z,0.0,44.125,16.125,NaN,NaN
1990-01-01T12:00:00Z,0.0,44.125,20.125,NaN,NaN
1990-01-01T12:00:00Z,0.0,44.125,24.125,NaN,NaN
1990-01-01T12:00:00Z,0.0,44.125,28.125,NaN,NaN
1990-01-01T12:00:00Z,0.0,44.125,32.125,8.6,-0.43
1990-01-01T12:00:00Z,0.0,44.125,36.125,8.8,-0.24
1990-01-01T12:00:00Z,0.0,44.125,40.125,NaN,NaN
1990-01-01T12:00:00Z,0.0,44.125,44.125,NaN,NaN
1990-01-01T12:00:00Z,0.0,44.125,48.125,4.58,-1.9
1990-01-01T12:00:00Z,0.0,44.125,52.125,NaN,NaN
1990-01-01T12:00:00Z,0.0,44.125,56.125,NaN,NaN
1990-01-01T12:00:00Z,0.0,44.125,60.125,NaN,NaN
1990-01-01T12:00:00Z,0.0,44.125,64.125,NaN,NaN
1990-01-01T12:00:00Z,0.0,44.125,68.125,NaN,NaN
1990-01-01T12:00:00Z,0.0,44.125,72.125,NaN,NaN
1990-01-01T12:00:00Z,0.0,44.125,76.125,NaN,NaN
1990-01-01T12:00:00Z,0.0,44.125,80.125,NaN,NaN
1990-01-01T12:00:00Z,0.0,44.125,84.125,NaN,NaN
1990-01-01T12:00:00Z,0.0,44.125,88.125,NaN,NaN
1990-01-01T12:00:00Z,0.0,44.125,92.125,NaN,NaN
1990-01-01T12:00:00Z,0.0,44.125,96.125,NaN,NaN
1990-01-01T12:00:00Z,0.0,44.125,100.125,NaN,NaN
1990-01-01T12:00:00Z,0.0,44.125,104.125,NaN,NaN
1990-01-01T12:00:00Z,0.0,44.125,108.125,NaN,NaN
1990-01-01T12:00:00Z,0.0,44.125,112.125,NaN,NaN
1990-01-01T12:00:00Z,0.0,44.125,116.125,NaN,NaN
1990-01-01T12:00:00Z,0.0,44.125,120.125,NaN,NaN
1990-01-01T12:00:00Z,0.0,44.125,124.125,NaN,NaN
1990-01-01T12:00:00Z,0.0,44.125,128.125,NaN,NaN
1990-01-01T12:00:00Z,0.0,44.125,132.125,NaN,NaN
1990-01-01T12:00:00Z,0.0,44.125,136.125,2.64,0.05
1990-01-01T12:00:00Z,0.0,44.125,140.125,8.19,2.33
1990-01-01T12:00:00Z,0.0,44.125,144.125,1.08,-1.48
1990-01-01T12:00:00Z,0.0,44.125,148.125,2.58,-0.99
1990-01-01T12:00:00Z,0.0,44.125,152.125,4.38,0.83
1990-01-01T12:00:00Z,0.0,44.125,156.125,3.84,-1.24
1990-01-01T12:00:00Z,0.0,44.125,160.125,5.98,-0.12
1990-01-01T12:00:00Z,0.0,44.125,164.125,5.8,-0.52
1990-01-01T12:00:00Z,0.0,44.125,168.125,5.57,-0.44
1990-01-01T12:00:00Z,0.0,44.125,172.125,7.45,0.39
1990-01-01T12:00:00Z,0.0,44.125,176.125,8.21,0.53
1990-01-01T12:00:00Z,0.0,44.125,180.125,8.14,0.22
1990-01-01T12:00:00Z,0.0,44.125,184.125,8.02,-0.01
1990-01-01T12:00:00Z,0.0,44.125,188.125,8.16,0.1
1990-01-01T12:00:00Z,0.0,44.125,192.125,8.21,-0.01
1990-01-01T12:00:00Z,0.0,44.125,196.125,8.74,0.29
1990-01-01T12:00:00Z,0.0,44.125,200.125,9.58,0.96
1990-01-01T12:00:00Z,0.0,44.125,204.125,9.67,0.79
1990-01-01T12:00:00Z,0.0,44.125,208.125,8.69,-0.55
1990-01-01T12:00:00Z,0.0,44.125,212.125,9.64,-0.03
1990-01-01T12:00:00Z,0.0,44.125,216.125,11.37,1.24
1990-01-01T12:00:00Z,0.0,44.125,220.125,11.81,1.16
1990-01-01T12:00:00Z,0.0,44.125,224.125,11.45,0.36
1990-01-01T12:00:00Z,0.0,44.125,228.125,12.13,0.69
1990-01-01T12:00:00Z,0.0,44.125,232.125,11.53,0.69
1990-01-01T12:00:00Z,0.0,44.125,236.125,NaN,NaN
1990-01-01T12:00:00Z,0.0,44.125,240.125,NaN,NaN
1990-01-01T12:00:00Z,0.0,44.125,244.125,NaN,NaN
1990-01-01T12:00:00Z,0.0,44.125,248.125,NaN,NaN
1990-01-01T12:00:00Z,0.0,44.125,252.125,NaN,NaN
1990-01-01T12:00:00Z,0.0,44.125,256.125,NaN,NaN
1990-01-01T12:00:00Z,0.0,44.125,260.125,NaN,NaN
1990-01-01T12:00:00Z,0.0,44.125,264.125,NaN,NaN
1990-01-01T12:00:00Z,0.0,44.125,268.125,NaN,NaN
1990-01-01T12:00:00Z,0.0,44.125,272.125,NaN,NaN
1990-01-01T12:00:00Z,0.0,44.125,276.125,NaN,NaN
1990-01-01T12:00:00Z,0.0,44.125,280.125,NaN,NaN
1990-01-01T12:00:00Z,0.0,44.125,284.125,NaN,NaN
1990-01-01T12:00:00Z,0.0,44.125,288.125,NaN,NaN
1990-01-01T12:00:00Z,0.0,44.125,292.125,4.83,-1.47
1990-01-01T12:00:00Z,0.0,44.125,296.125,2.0,-2.02
1990-01-01T12:00:00Z,0.0,44.125,300.125,2.65,-2.11
1990-01-01T12:00:00Z,0.0,44.125,304.125,5.53,-0.42
1990-01-01T12:00:00Z,0.0,44.125,308.125,4.02,-0.77
1990-01-01T12:00:00Z,0.0,44.125,312.125,4.64,-2.42
1990-01-01T12:00:00Z,0.0,44.125,316.125,14.64,0.43
1990-01-01T12:00:00Z,0.0,44.125,320.125,14.39,-1.03
1990-01-01T12:00:00Z,0.0,44.125,324.125,13.59,-1.25
1990-01-01T12:00:00Z,0.0,44.125,328.125,14.13,-0.61
1990-01-01T12:00:00Z,0.0,44.125,332.125,13.92,-0.53
1990-01-01T12:00:00Z,0.0,44.125,336.125,13.62,-0.55
1990-01-01T12:00:00Z,0.0,44.125,340.125,13.47,-0.47
1990-01-01T12:00:00Z,0.0,44.125,344.125,13.16,-0.57
1990-01-01T12:00:00Z,0.0,44.125,348.125,13.1,-0.42
1990-01-01T12:00:00Z,0.0,44.125,352.125,14.66,1.27
1990-01-01T12:00:00Z,0.0,44.125,356.125,14.36,1.14
1990-01-01T12:00:00Z,0.0,48.125,0.125,NaN,NaN
1990-01-01T12:00:00Z,0.0,48.125,4.125,NaN,NaN
1990-01-01T12:00:00Z,0.0,48.125,8.125,NaN,NaN
1990-01-01T12:00:00Z,0.0,48.125,12.125,NaN,NaN
1990-01-01T12:00:00Z,0.0,48.125,16.125,NaN,NaN
1990-01-01T12:00:00Z,0.0,48.125,20.125,NaN,NaN
1990-01-01T12:00:00Z,0.0,48.125,24.125,NaN,NaN
1990-01-01T12:00:00Z,0.0,48.125,28.125,NaN,NaN
1990-01-01T12:00:00Z,0.0,48.125,32.125,NaN,NaN
1990-01-01T12:00:00Z,0.0,48.125,36.125,NaN,NaN
1990-01-01T12:00:00Z,0.0,48.125,40.125,NaN,NaN
1990-01-01T12:00:00Z,0.0,48.125,44.125,NaN,NaN
1990-01-01T12:00:00Z,0.0,48.125,48.125,NaN,NaN
1990-01-01T12:00:00Z,0.0,48.125,52.125,NaN,NaN
1990-01-01T12:00:00Z,0.0,48.125,56.125,NaN,NaN
1990-01-01T12:00:00Z,0.0,48.125,60.125,NaN,NaN
1990-01-01T12:00:00Z,0.0,48.125,64.125,NaN,NaN
1990-01-01T12:00:00Z,0.0,48.125,68.125,NaN,NaN
1990-01-01T12:00:00Z,0.0,48.125,72.125,NaN,NaN
1990-01-01T12:00:00Z,0.0,48.125,76.125,NaN,NaN
1990-01-01T12:00:00Z,0.0,48.125,80.125,NaN,NaN
1990-01-01T12:00:00Z,0.0,48.125,84.125,NaN,NaN
1990-01-01T12:00:00Z,0.0,48.125,88.125,NaN,NaN
1990-01-01T12:00:00Z,0.0,48.125,92.125,NaN,NaN
1990-01-01T12:00:00Z,0.0,48.125,96.125,NaN,NaN
1990-01-01T12:00:00Z,0.0,48.125,100.125,NaN,NaN
1990-01-01T12:00:00Z,0.0,48.125,104.125,NaN,NaN
1990-01-01T12:00:00Z,0.0,48.125,108.125,NaN,NaN
1990-01-01T12:00:00Z,0.0,48.125,112.125,NaN,NaN
1990-01-01T12:00:00Z,0.0,48.125,116.125,NaN,NaN
1990-01-01T12:00:00Z,0.0,48.125,120.125,NaN,NaN
1990-01-01T12:00:00Z,0.0,48.125,124.125,NaN,NaN
1990-01-01T12:00:00Z,0.0,48.125,128.125,NaN,NaN
1990-01-01T12:00:00Z,0.0,48.125,132.125,NaN,NaN
1990-01-01T12:00:00Z,0.0,48.125,136.125,NaN,NaN
1990-01-01T12:00:00Z,0.0,48.125,140.125,2.22,0.51
1990-01-01T12:00:00Z,0.0,48.125,144.125,0.25,-0.59
1990-01-01T12:00:00Z,0.0,48.125,148.125,1.36,-0.73
1990-01-01T12:00:00Z,0.0,48.125,152.125,2.4,0.12
1990-01-01T12:00:00Z,0.0,48.125,156.125,3.09,0.47
1990-01-01T12:00:00Z,0.0,48.125,160.125,2.86,-0.36
1990-01-01T12:00:00Z,0.0,48.125,164.125,4.48,0.65
1990-01-01T12:00:00Z,0.0,48.125,168.125,4.45,0.35
1990-01-01T12:00:00Z,0.0,48.125,172.125,4.75,0.19
1990-01-01T12:00:00Z,0.0,48.125,176.125,4.94,0.15
1990-01-01T12:00:00Z,0.0,48.125,180.125,5.19,0.19
1990-01-01T12:00:00Z,0.0,48.125,184.125,5.43,0.19
1990-01-01T12:00:00Z,0.0,48.125,188.125,5.46,-0.06
1990-01-01T12:00:00Z,0.0,48.125,192.125,5.42,-0.41
1990-01-01T12:00:00Z,0.0,48.125,196.125,6.22,0.12
1990-01-01T12:00:00Z,0.0,48.125,200.125,6.28,0.01
1990-01-01T12:00:00Z,0.0,48.125,204.125,7.54,1.0
1990-01-01T12:00:00Z,0.0,48.125,208.125,7.67,0.8
1990-01-01T12:00:00Z,0.0,48.125,212.125,8.69,1.36
1990-01-01T12:00:00Z,0.0,48.125,216.125,8.18,0.31
1990-01-01T12:00:00Z,0.0,48.125,220.125,8.64,0.25
1990-01-01T12:00:00Z,0.0,48.125,224.125,9.68,0.82
1990-01-01T12:00:00Z,0.0,48.125,228.125,10.44,1.12
1990-01-01T12:00:00Z,0.0,48.125,232.125,9.58,0.2
1990-01-01T12:00:00Z,0.0,48.125,236.125,NaN,NaN
1990-01-01T12:00:00Z,0.0,48.125,240.125,NaN,NaN
1990-01-01T12:00:00Z,0.0,48.125,244.125,NaN,NaN
1990-01-01T12:00:00Z,0.0,48.125,248.125,NaN,NaN
1990-01-01T12:00:00Z,0.0,48.125,252.125,NaN,NaN
1990-01-01T12:00:00Z,0.0,48.125,256.125,NaN,NaN
1990-01-01T12:00:00Z,0.0,48.125,260.125,NaN,NaN
1990-01-01T12:00:00Z,0.0,48.125,264.125,NaN,NaN
1990-01-01T12:00:00Z,0.0,48.125,268.125,NaN,NaN
1990-01-01T12:00:00Z,0.0,48.125,272.125,1.65,-1.39
1990-01-01T12:00:00Z,0.0,48.125,276.125,NaN,NaN
1990-01-01T12:00:00Z,0.0,48.125,280.125,NaN,NaN
1990-01-01T12:00:00Z,0.0,48.125,284.125,NaN,NaN
1990-01-01T12:00:00Z,0.0,48.125,288.125,NaN,NaN
1990-01-01T12:00:00Z,0.0,48.125,292.125,NaN,NaN
1990-01-01T12:00:00Z,0.0,48.125,296.125,0.7,0.16
1990-01-01T12:00:00Z,0.0,48.125,300.125,0.32,-1.04
1990-01-01T12:00:00Z,0.0,48.125,304.125,NaN,NaN
1990-01-01T12:00:00Z,0.0,48.125,308.125,-0.5,-1.53
1990-01-01T12:00:00Z,0.0,48.125,312.125,0.97,-1.02
1990-01-01T12:00:00Z,0.0,48.125,316.125,5.99,-0.97
1990-01-01T12:00:00Z,0.0,48.125,320.125,11.79,-0.56
1990-01-01T12:00:00Z,0.0,48.125,324.125,11.91,-0.54
1990-01-01T12:00:00Z,0.0,48.125,328.125,11.69,-0.74
1990-01-01T12:00:00Z,0.0,48.125,332.125,13.08,0.49
1990-01-01T12:00:00Z,0.0,48.125,336.125,12.26,-0.36
1990-01-01T12:00:00Z,0.0,48.125,340.125,12.86,0.21
1990-01-01T12:00:00Z,0.0,48.125,344.125,12.18,-0.19
1990-01-01T12:00:00Z,0.0,48.125,348.125,12.67,0.46
1990-01-01T12:00:00Z,0.0,48.125,352.125,12.53,0.71
1990-01-01T12:00:00Z,0.0,48.125,356.125,NaN,NaN
1990-01-01T12:00:00Z,0.0,52.125,0.125,NaN,NaN
1990-01-01T12:00:00Z,0.0,52.125,4.125,7.12,-0.71
1990-01-01T12:00:00Z,0.0,52.125,8.125,NaN,NaN
1990-01-01T12:00:00Z,0.0,52.125,12.125,NaN,NaN
1990-01-01T12:00:00Z,0.0,52.125,16.125,NaN,NaN
1990-01-01T12:00:00Z,0.0,52.125,20.125,NaN,NaN
1990-01-01T12:00:00Z,0.0,52.125,24.125,NaN,NaN
1990-01-01T12:00:00Z,0.0,52.125,28.125,NaN,NaN
1990-01-01T12:00:00Z,0.0,52.125,32.125,NaN,NaN
1990-01-01T12:00:00Z,0.0,52.125,36.125,NaN,NaN
1990-01-01T12:00:00Z,0.0,52.125,40.125,NaN,NaN
1990-01-01T12:00:00Z,0.0,52.125,44.125,NaN,NaN
1990-01-01T12:00:00Z,0.0,52.125,48.125,NaN,NaN
1990-01-01T12:00:00Z,0.0,52.125,52.125,NaN,NaN
1990-01-01T12:00:00Z,0.0,52.125,56.125,NaN,NaN
1990-01-01T12:00:00Z,0.0,52.125,60.125,NaN,NaN
1990-01-01T12:00:00Z,0.0,52.125,64.125,NaN,NaN
1990-01-01T12:00:00Z,0.0,52.125,68.125,NaN,NaN
1990-01-01T12:00:00Z,0.0,52.125,72.125,NaN,NaN
1990-01-01T12:00:00Z,0.0,52.125,76.125,NaN,NaN
1990-01-01T12:00:00Z,0.0,52.125,80.125,NaN,NaN
1990-01-01T12:00:00Z,0.0,52.125,84.125,NaN,NaN
1990-01-01T12:00:00Z,0.0,52.125,88.125,NaN,NaN
1990-01-01T12:00:00Z,0.0,52.125,92.125,NaN,NaN
1990-01-01T12:00:00Z,0.0,52.125,96.125,NaN,NaN
1990-01-01T12:00:00Z,0.0,52.125,100.125,NaN,NaN
1990-01-01T12:00:00Z,0.0,52.125,104.125,NaN,NaN
1990-01-01T12:00:00Z,0.0,52.125,108.125,NaN,NaN
1990-01-01T12:00:00Z,0.0,52.125,112.125,NaN,NaN
1990-01-01T12:00:00Z,0.0,52.125,116.125,NaN,NaN
1990-01-01T12:00:00Z,0.0,52.125,120.125,NaN,NaN
1990-01-01T12:00:00Z,0.0,52.125,124.125,NaN,NaN
1990-01-01T12:00:00Z,0.0,52.125,128.125,NaN,NaN
1990-01-01T12:00:00Z,0.0,52.125,132.125,NaN,NaN
1990-01-01T12:00:00Z,0.0,52.125,136.125,NaN,NaN
1990-01-01T12:00:00Z,0.0,52.125,140.125,NaN,NaN
1990-01-01T12:00:00Z,0.0,52.125,144.125,0.01,0.0
1990-01-01T12:00:00Z,0.0,52.125,148.125,1.06,0.18
1990-01-01T12:00:00Z,0.0,52.125,152.125,2.25,0.87
1990-01-01T12:00:00Z,0.0,52.125,156.125,1.17,-0.64
1990-01-01T12:00:00Z,0.0,52.125,160.125,2.45,0.12
1990-01-01T12:00:00Z,0.0,52.125,164.125,3.19,0.03
1990-01-01T12:00:00Z,0.0,52.125,168.125,4.64,0.94
1990-01-01T12:00:00Z,0.0,52.125,172.125,4.05,-0.05
1990-01-01T12:00:00Z,0.0,52.125,176.125,3.87,-0.34
1990-01-01T12:00:00Z,0.0,52.125,180.125,4.06,-0.24
1990-01-01T12:00:00Z,0.0,52.125,184.125,4.28,-0.23
1990-01-01T12:00:00Z,0.0,52.125,188.125,4.46,-0.23
1990-01-01T12:00:00Z,0.0,52.125,192.125,4.5,-0.39
1990-01-01T12:00:00Z,0.0,52.125,196.125,4.53,-0.43
1990-01-01T12:00:00Z,0.0,52.125,200.125,5.01,0.0
1990-01-01T12:00:00Z,0.0,52.125,204.125,5.19,0.05
1990-01-01T12:00:00Z,0.0,52.125,208.125,5.95,0.55
1990-01-01T12:00:00Z,0.0,52.125,212.125,6.58,0.74
1990-01-01T12:00:00Z,0.0,52.125,216.125,6.76,0.27
1990-01-01T12:00:00Z,0.0,52.125,220.125,7.74,0.61
1990-01-01T12:00:00Z,0.0,52.125,224.125,7.9,0.16
1990-01-01T12:00:00Z,0.0,52.125,228.125,8.07,0.11
1990-01-01T12:00:00Z,0.0,52.125,232.125,NaN,NaN
1990-01-01T12:00:00Z,0.0,52.125,236.125,NaN,NaN
1990-01-01T12:00:00Z,0.0,52.125,240.125,NaN,NaN
1990-01-01T12:00:00Z,0.0,52.125,244.125,NaN,NaN
1990-01-01T12:00:00Z,0.0,52.125,248.125,NaN,NaN
1990-01-01T12:00:00Z,0.0,52.125,252.125,NaN,NaN
1990-01-01T12:00:00Z,0.0,52.125,256.125,NaN,NaN
1990-01-01T12:00:00Z,0.0,52.125,260.125,NaN,NaN
1990-01-01T12:00:00Z,0.0,52.125,264.125,NaN,NaN
1990-01-01T12:00:00Z,0.0,52.125,268.125,NaN,NaN
1990-01-01T12:00:00Z,0.0,52.125,272.125,NaN,NaN
1990-01-01T12:00:00Z,0.0,52.125,276.125,NaN,NaN
1990-01-01T12:00:00Z,0.0,52.125,280.125,-1.64,-0.37
1990-01-01T12:00:00Z,0.0,52.125,284.125,NaN,NaN
1990-01-01T12:00:00Z,0.0,52.125,288.125,NaN,NaN
1990-01-01T12:00:00Z,0.0,52.125,292.125,NaN,NaN
1990-01-01T12:00:00Z,0.0,52.125,296.125,NaN,NaN
1990-01-01T12:00:00Z,0.0,52.125,300.125,NaN,NaN
1990-01-01T12:00:00Z,0.0,52.125,304.125,NaN,NaN
1990-01-01T12:00:00Z,0.0,52.125,308.125,0.58,-0.42
1990-01-01T12:00:00Z,0.0,52.125,312.125,4.96,0.25
1990-01-01T12:00:00Z,0.0,52.125,316.125,6.32,-0.6
1990-01-01T12:00:00Z,0.0,52.125,320.125,6.71,-0.65
1990-01-01T12:00:00Z,0.0,52.125,324.125,6.52,-1.04
1990-01-01T12:00:00Z,0.0,52.125,328.125,8.94,0.3
1990-01-01T12:00:00Z,0.0,52.125,332.125,8.66,-0.94
1990-01-01T12:00:00Z,0.0,52.125,336.125,10.18,-0.3
1990-01-01T12:00:00Z,0.0,52.125,340.125,11.17,0.03
1990-01-01T12:00:00Z,0.0,52.125,344.125,11.41,0.18
1990-01-01T12:00:00Z,0.0,52.125,348.125,11.5,0.68
1990-01-01T12:00:00Z,0.0,52.125,352.125,NaN,NaN
1990-01-01T12:00:00Z,0.0,52.125,356.125,NaN,NaN
1990-01-01T12:00:00Z,0.0,56.125,0.125,8.23,0.45
1990-01-01T12:00:00Z,0.0,56.125,4.125,8.23,0.98
1990-01-01T12:00:00Z,0.0,56.125,8.125,5.71,-0.6
1990-01-01T12:00:00Z,0.0,56.125,12.125,3.99,0.8
1990-01-01T12:00:00Z,0.0,56.125,16.125,5.13,0.64
1990-01-01T12:00:00Z,0.0,56.125,20.125,5.29,0.66
1990-01-01T12:00:00Z,0.0,56.125,24.125,NaN,NaN
1990-01-01T12:00:00Z,0.0,56.125,28.125,NaN,NaN
1990-01-01T12:00:00Z,0.0,56.125,32.125,NaN,NaN
1990-01-01T12:00:00Z,0.0,56.125,36.125,NaN,NaN
1990-01-01T12:00:00Z,0.0,56.125,40.125,NaN,NaN
1990-01-01T12:00:00Z,0.0,56.125,44.125,NaN,NaN
1990-01-01T12:00:00Z,0.0,56.125,48.125,NaN,NaN
1990-01-01T12:00:00Z,0.0,56.125,52.125,NaN,NaN
1990-01-01T12:00:00Z,0.0,56.125,56.125,NaN,NaN
1990-01-01T12:00:00Z,0.0,56.125,60.125,NaN,NaN
1990-01-01T12:00:00Z,0.0,56.125,64.125,NaN,NaN
1990-01-01T12:00:00Z,0.0,56.125,68.125,NaN,NaN
1990-01-01T12:00:00Z,0.0,56.125,72.125,NaN,NaN
1990-01-01T12:00:00Z,0.0,56.125,76.125,NaN,NaN
1990-01-01T12:00:00Z,0.0,56.125,80.125,NaN,NaN
1990-01-01T12:00:00Z,0.0,56.125,84.125,NaN,NaN
1990-01-01T12:00:00Z,0.0,56.125,88.125,NaN,NaN
1990-01-01T12:00:00Z,0.0,56.125,92.125,NaN,NaN
1990-01-01T12:00:00Z,0.0,56.125,96.125,NaN,NaN
1990-01-01T12:00:00Z,0.0,56.125,100.125,NaN,NaN
1990-01-01T12:00:00Z,0.0,56.125,104.125,NaN,NaN
1990-01-01T12:00:00Z,0.0,56.125,108.125,NaN,NaN
1990-01-01T12:00:00Z,0.0,56.125,112.125,NaN,NaN
1990-01-01T12:00:00Z,0.0,56.125,116.125,NaN,NaN
1990-01-01T12:00:00Z,0.0,56.125,120.125,NaN,NaN
1990-01-01T12:00:00Z,0.0,56.125,124.125,NaN,NaN
1990-01-01T12:00:00Z,0.0,56.125,128.125,NaN,NaN
1990-01-01T12:00:00Z,0.0,56.125,132.125,NaN,NaN
1990-01-01T12:00:00Z,0.0,56.125,136.125,NaN,NaN
1990-01-01T12:00:00Z,0.0,56.125,140.125,-1.0,-0.86
1990-01-01T12:00:00Z,0.0,56.125,144.125,0.49,0.29
1990-01-01T12:00:00Z,0.0,56.125,148.125,0.93,0.57
1990-01-01T12:00:00Z,0.0,56.125,152.125,0.59,0.02
1990-01-01T12:00:00Z,0.0,56.125,156.125,NaN,NaN
1990-01-01T12:00:00Z,0.0,56.125,160.125,NaN,NaN
1990-01-01T12:00:00Z,0.0,56.125,164.125,2.44,0.97
1990-01-01T12:00:00Z,0.0,56.125,168.125,1.45,-0.64
1990-01-01T12:00:00Z,0.0,56.125,172.125,2.95,0.27
1990-01-01T12:00:00Z,0.0,56.125,176.125,2.5,-0.33
1990-01-01T12:00:00Z,0.0,56.125,180.125,2.97,-0.01
1990-01-01T12:00:00Z,0.0,56.125,184.125,3.47,-0.03
1990-01-01T12:00:00Z,0.0,56.125,188.125,3.92,0.11
1990-01-01T12:00:00Z,0.0,56.125,192.125,3.81,-0.02
1990-01-01T12:00:00Z,0.0,56.125,196.125,4.02,0.21
1990-01-01T12:00:00Z,0.0,56.125,200.125,NaN,NaN
1990-01-01T12:00:00Z,0.0,56.125,204.125,4.19,-0.9
1990-01-01T12:00:00Z,0.0,56.125,208.125,5.27,-0.02
1990-01-01T12:00:00Z,0.0,56.125,212.125,5.1,-0.08
1990-01-01T12:00:00Z,0.0,56.125,216.125,5.52,-0.08
1990-01-01T12:00:00Z,0.0,56.125,220.125,5.3,-0.97
1990-01-01T12:00:00Z,0.0,56.125,224.125,7.57,0.72
1990-01-01T12:00:00Z,0.0,56.125,228.125,NaN,NaN
1990-01-01T12:00:00Z,0.0,56.125,232.125,NaN,NaN
1990-01-01T12:00:00Z,0.0,56.125,236.125,NaN,NaN
1990-01-01T12:00:00Z,0.0,56.125,240.125,NaN,NaN
1990-01-01T12:00:00Z,0.0,56.125,244.125,NaN,NaN
1990-01-01T12:00:00Z,0.0,56.125,248.125,NaN,NaN
1990-01-01T12:00:00Z,0.0,56.125,252.125,NaN,NaN
1990-01-01T12:00:00Z,0.0,56.125,256.125,NaN,NaN
1990-01-01T12:00:00Z,0.0,56.125,260.125,NaN,NaN
1990-01-01T12:00:00Z,0.0,56.125,264.125,NaN,NaN
1990-01-01T12:00:00Z,0.0,56.125,268.125,NaN,NaN
1990-01-01T12:00:00Z,0.0,56.125,272.125,NaN,NaN
1990-01-01T12:00:00Z,0.0,56.125,276.125,-1.78,-0.28
1990-01-01T12:00:00Z,0.0,56.125,280.125,-1.73,-0.37
1990-01-01T12:00:00Z,0.0,56.125,284.125,NaN,NaN
1990-01-01T12:00:00Z,0.0,56.125,288.125,NaN,NaN
1990-01-01T12:00:00Z,0.0,56.125,292.125,NaN,NaN
1990-01-01T12:00:00Z,0.0,56.125,296.125,NaN,NaN
1990-01-01T12:00:00Z,0.0,56.125,300.125,-0.33,0.04
1990-01-01T12:00:00Z,0.0,56.125,304.125,1.22,0.27
1990-01-01T12:00:00Z,0.0,56.125,308.125,2.82,0.47
1990-01-01T12:00:00Z,0.0,56.125,312.125,3.0,-0.3
1990-01-01T12:00:00Z,0.0,56.125,316.125,3.13,-0.49
1990-01-01T12:00:00Z,0.0,56.125,320.125,3.9,-0.62
1990-01-01T12:00:00Z,0.0,56.125,324.125,4.51,-1.45
1990-01-01T12:00:00Z,0.0,56.125,328.125,6.61,-0.48
1990-01-01T12:00:00Z,0.0,56.125,332.125,7.44,-0.68
1990-01-01T12:00:00Z,0.0,56.125,336.125,9.27,0.0
1990-01-01T12:00:00Z,0.0,56.125,340.125,9.82,-0.15
1990-01-01T12:00:00Z,0.0,56.125,344.125,9.79,-0.19
1990-01-01T12:00:00Z,0.0,56.125,348.125,10.19,0.13
1990-01-01T12:00:00Z,0.0,56.125,352.125,9.63,0.05
1990-01-01T12:00:00Z,0.0,56.125,356.125,NaN,NaN
1990-01-01T12:00:00Z,0.0,60.125,0.125,8.25,-0.07
1990-01-01T12:00:00Z,0.0,60.125,4.125,7.37,-0.14
1990-01-01T12:00:00Z,0.0,60.125,8.125,NaN,NaN
1990-01-01T12:00:00Z,0.0,60.125,12.125,NaN,NaN
1990-01-01T12:00:00Z,0.0,60.125,16.125,NaN,NaN
1990-01-01T12:00:00Z,0.0,60.125,20.125,NaN,NaN
1990-01-01T12:00:00Z,0.0,60.125,24.125,NaN,NaN
1990-01-01T12:00:00Z,0.0,60.125,28.125,1.49,-0.39
1990-01-01T12:00:00Z,0.0,60.125,32.125,NaN,NaN
1990-01-01T12:00:00Z,0.0,60.125,36.125,NaN,NaN
1990-01-01T12:00:00Z,0.0,60.125,40.125,NaN,NaN
1990-01-01T12:00:00Z,0.0,60.125,44.125,NaN,NaN
1990-01-01T12:00:00Z,0.0,60.125,48.125,NaN,NaN
1990-01-01T12:00:00Z,0.0,60.125,52.125,NaN,NaN
1990-01-01T12:00:00Z,0.0,60.125,56.125,NaN,NaN
1990-01-01T12:00:00Z,0.0,60.125,60.125,NaN,NaN
1990-01-01T12:00:00Z,0.0,60.125,64.125,NaN,NaN
1990-01-01T12:00:00Z,0.0,60.125,68.125,NaN,NaN
1990-01-01T12:00:00Z,0.0,60.125,72.125,NaN,NaN
1990-01-01T12:00:00Z,0.0,60.125,76.125,NaN,NaN
1990-01-01T12:00:00Z,0.0,60.125,80.125,NaN,NaN
1990-01-01T12:00:00Z,0.0,60.125,84.125,NaN,NaN
1990-01-01T12:00:00Z,0.0,60.125,88.125,NaN,NaN
1990-01-01T12:00:00Z,0.0,60.125,92.125,NaN,NaN
1990-01-01T12:00:00Z,0.0,60.125,96.125,NaN,NaN
1990-01-01T12:00:00Z,0.0,60.125,100.125,NaN,NaN
1990-01-01T12:00:00Z,0.0,60.125,104.125,NaN,NaN
1990-01-01T12:00:00Z,0.0,60.125,108.125,NaN,NaN
1990-01-01T12:00:00Z,0.0,60.125,112.125,NaN,NaN
1990-01-01T12:00:00Z,0.0,60.125,116.125,NaN,NaN
1990-01-01T12:00:00Z,0.0,60.125,120.125,NaN,NaN
1990-01-01T12:00:00Z,0.0,60.125,124.125,NaN,NaN
1990-01-01T12:00:00Z,0.0,60.125,128.125,NaN,NaN
1990-01-01T12:00:00Z,0.0,60.125,132.125,NaN,NaN
1990-01-01T12:00:00Z,0.0,60.125,136.125,NaN,NaN
1990-01-01T12:00:00Z,0.0,60.125,140.125,NaN,NaN
1990-01-01T12:00:00Z,0.0,60.125,144.125,NaN,NaN
1990-01-01T12:00:00Z,0.0,60.125,148.125,NaN,NaN
1990-01-01T12:00:00Z,0.0,60.125,152.125,NaN,NaN
1990-01-01T12:00:00Z,0.0,60.125,156.125,0.16,0.07
1990-01-01T12:00:00Z,0.0,60.125,160.125,-0.4,-0.45
1990-01-01T12:00:00Z,0.0,60.125,164.125,NaN,NaN
1990-01-01T12:00:00Z,0.0,60.125,168.125,-0.19,-1.01
1990-01-01T12:00:00Z,0.0,60.125,172.125,0.84,-0.19
1990-01-01T12:00:00Z,0.0,60.125,176.125,1.09,-0.5
1990-01-01T12:00:00Z,0.0,60.125,180.125,2.33,0.28
1990-01-01T12:00:00Z,0.0,60.125,184.125,1.17,-0.7
1990-01-01T12:00:00Z,0.0,60.125,188.125,1.05,-0.04
1990-01-01T12:00:00Z,0.0,60.125,192.125,-0.62,-0.89
1990-01-01T12:00:00Z,0.0,60.125,196.125,NaN,NaN
1990-01-01T12:00:00Z,0.0,60.125,200.125,NaN,NaN
1990-01-01T12:00:00Z,0.0,60.125,204.125,NaN,NaN
1990-01-01T12:00:00Z,0.0,60.125,208.125,1.96,-3.35
1990-01-01T12:00:00Z,0.0,60.125,212.125,NaN,NaN
1990-01-01T12:00:00Z,0.0,60.125,216.125,NaN,NaN
1990-01-01T12:00:00Z,0.0,60.125,220.125,NaN,NaN
1990-01-01T12:00:00Z,0.0,60.125,224.125,NaN,NaN
1990-01-01T12:00:00Z,0.0,60.125,228.125,NaN,NaN
1990-01-01T12:00:00Z,0.0,60.125,232.125,NaN,NaN
1990-01-01T12:00:00Z,0.0,60.125,236.125,NaN,NaN
1990-01-01T12:00:00Z,0.0,60.125,240.125,NaN,NaN
1990-01-01T12:00:00Z,0.0,60.125,244.125,NaN,NaN
1990-01-01T12:00:00Z,0.0,60.125,248.125,NaN,NaN
1990-01-01T12:00:00Z,0.0,60.125,252.125,NaN,NaN
1990-01-01T12:00:00Z,0.0,60.125,256.125,NaN,NaN
1990-01-01T12:00:00Z,0.0,60.125,260.125,NaN,NaN
1990-01-01T12:00:00Z,0.0,60.125,264.125,NaN,NaN
1990-01-01T12:00:00Z,0.0,60.125,268.125,-1.78,-0.15
1990-01-01T12:00:00Z,0.0,60.125,272.125,-1.76,-0.05
1990-01-01T12:00:00Z,0.0,60.125,276.125,-1.77,-0.1
1990-01-01T12:00:00Z,0.0,60.125,280.125,-1.8,-0.27
1990-01-01T12:00:00Z,0.0,60.125,284.125,NaN,NaN
1990-01-01T12:00:00Z,0.0,60.125,288.125,NaN,NaN
1990-01-01T12:00:00Z,0.0,60.125,292.125,-0.86,0.41
1990-01-01T12:00:00Z,0.0,60.125,296.125,0.1,1.07
1990-01-01T12:00:00Z,0.0,60.125,300.125,1.03,0.84
1990-01-01T12:00:00Z,0.0,60.125,304.125,2.0,0.01
1990-01-01T12:00:00Z,0.0,60.125,308.125,2.33,0.19
1990-01-01T12:00:00Z,0.0,60.125,312.125,0.85,-0.84
1990-01-01T12:00:00Z,0.0,60.125,316.125,NaN,NaN
1990-01-01T12:00:00Z,0.0,60.125,320.125,4.07,-0.16
1990-01-01T12:00:00Z,0.0,60.125,324.125,4.18,-0.67
1990-01-01T12:00:00Z,0.0,60.125,328.125,4.95,-1.11
1990-01-01T12:00:00Z,0.0,60.125,332.125,7.16,-0.2
1990-01-01T12:00:00Z,0.0,60.125,336.125,7.84,-0.35
1990-01-01T12:00:00Z,0.0,60.125,340.125,8.3,-0.34
1990-01-01T12:00:00Z,0.0,60.125,344.125,8.61,-0.1
1990-01-01T12:00:00Z,0.0,60.125,348.125,8.51,-0.44
1990-01-01T12:00:00Z,0.0,60.125,352.125,9.05,0.17
1990-01-01T12:00:00Z,0.0,60.125,356.125,9.09,0.46
1990-01-01T12:00:00Z,0.0,64.125,0.125,5.99,-0.69
1990-01-01T12:00:00Z,0.0,64.125,4.125,7.75,0.23
1990-01-01T12:00:00Z,0.0,64.125,8.125,7.71,0.61
1990-01-01T12:00:00Z,0.0,64.125,12.125,NaN,NaN
1990-01-01T12:00:00Z,0.0,64.125,16.125,NaN,NaN
1990-01-01T12:00:00Z,0.0,64.125,20.125,NaN,NaN
1990-01-01T12:00:00Z,0.0,64.125,24.125,NaN,NaN
1990-01-01T12:00:00Z,0.0,64.125,28.125,NaN,NaN
1990-01-01T12:00:00Z,0.0,64.125,32.125,NaN,NaN
1990-01-01T12:00:00Z,0.0,64.125,36.125,NaN,NaN
1990-01-01T12:00:00Z,0.0,64.125,40.125,NaN,NaN
1990-01-01T12:00:00Z,0.0,64.125,44.125,NaN,NaN
1990-01-01T12:00:00Z,0.0,64.125,48.125,NaN,NaN
1990-01-01T12:00:00Z,0.0,64.125,52.125,NaN,NaN
1990-01-01T12:00:00Z,0.0,64.125,56.125,NaN,NaN
1990-01-01T12:00:00Z,0.0,64.125,60.125,NaN,NaN
1990-01-01T12:00:00Z,0.0,64.125,64.125,NaN,NaN
1990-01-01T12:00:00Z,0.0,64.125,68.125,NaN,NaN
1990-01-01T12:00:00Z,0.0,64.125,72.125,NaN,NaN
1990-01-01T12:00:00Z,0.0,64.125,76.125,NaN,NaN
1990-01-01T12:00:00Z,0.0,64.125,80.125,NaN,NaN
1990-01-01T12:00:00Z,0.0,64.125,84.125,NaN,NaN
1990-01-01T12:00:00Z,0.0,64.125,88.125,NaN,NaN
1990-01-01T12:00:00Z,0.0,64.125,92.125,NaN,NaN
1990-01-01T12:00:00Z,0.0,64.125,96.125,NaN,NaN
1990-01-01T12:00:00Z,0.0,64.125,100.125,NaN,NaN
1990-01-01T12:00:00Z,0.0,64.125,104.125,NaN,NaN
1990-01-01T12:00:00Z,0.0,64.125,108.125,NaN,NaN
1990-01-01T12:00:00Z,0.0,64.125,112.125,NaN,NaN
1990-01-01T12:00:00Z,0.0,64.125,116.125,NaN,NaN
1990-01-01T12:00:00Z,0.0,64.125,120.125,NaN,NaN
1990-01-01T12:00:00Z,0.0,64.125,124.125,NaN,NaN
1990-01-01T12:00:00Z,0.0,64.125,128.125,NaN,NaN
1990-01-01T12:00:00Z,0.0,64.125,132.125,NaN,NaN
1990-01-01T12:00:00Z,0.0,64.125,136.125,NaN,NaN
1990-01-01T12:00:00Z,0.0,64.125,140.125,NaN,NaN
1990-01-01T12:00:00Z,0.0,64.125,144.125,NaN,NaN
1990-01-01T12:00:00Z,0.0,64.125,148.125,NaN,NaN
1990-01-01T12:00:00Z,0.0,64.125,152.125,NaN,NaN
1990-01-01T12:00:00Z,0.0,64.125,156.125,NaN,NaN
1990-01-01T12:00:00Z,0.0,64.125,160.125,NaN,NaN
1990-01-01T12:00:00Z,0.0,64.125,164.125,NaN,NaN
1990-01-01T12:00:00Z,0.0,64.125,168.125,NaN,NaN
1990-01-01T12:00:00Z,0.0,64.125,172.125,NaN,NaN
1990-01-01T12:00:00Z,0.0,64.125,176.125,NaN,NaN
1990-01-01T12:00:00Z,0.0,64.125,180.125,-1.11,-0.32
1990-01-01T12:00:00Z,0.0,64.125,184.125,-0.02,0.04
1990-01-01T12:00:00Z,0.0,64.125,188.125,-0.71,-0.15
1990-01-01T12:00:00Z,0.0,64.125,192.125,-0.88,-0.03
1990-01-01T12:00:00Z,0.0,64.125,196.125,-0.54,0.24
1990-01-01T12:00:00Z,0.0,64.125,200.125,NaN,NaN
1990-01-01T12:00:00Z,0.0,64.125,204.125,NaN,NaN
1990-01-01T12:00:00Z,0.0,64.125,208.125,NaN,NaN
1990-01-01T12:00:00Z,0.0,64.125,212.125,NaN,NaN
1990-01-01T12:00:00Z,0.0,64.125,216.125,NaN,NaN
1990-01-01T12:00:00Z,0.0,64.125,220.125,NaN,NaN
1990-01-01T12:00:00Z,0.0,64.125,224.125,NaN,NaN
1990-01-01T12:00:00Z,0.0,64.125,228.125,NaN,NaN
1990-01-01T12:00:00Z,0.0,64.125,232.125,NaN,NaN
1990-01-01T12:00:00Z,0.0,64.125,236.125,NaN,NaN
1990-01-01T12:00:00Z,0.0,64.125,240.125,NaN,NaN
1990-01-01T12:00:00Z,0.0,64.125,244.125,NaN,NaN
1990-01-01T12:00:00Z,0.0,64.125,248.125,NaN,NaN
1990-01-01T12:00:00Z,0.0,64.125,252.125,NaN,NaN
1990-01-01T12:00:00Z,0.0,64.125,256.125,NaN,NaN
1990-01-01T12:00:00Z,0.0,64.125,260.125,NaN,NaN
1990-01-01T12:00:00Z,0.0,64.125,264.125,NaN,NaN
1990-01-01T12:00:00Z,0.0,64.125,268.125,NaN,NaN
1990-01-01T12:00:00Z,0.0,64.125,272.125,-1.55,0.15
1990-01-01T12:00:00Z,0.0,64.125,276.125,NaN,NaN
1990-01-01T12:00:00Z,0.0,64.125,280.125,-1.77,-0.06
1990-01-01T12:00:00Z,0.0,64.125,284.125,-0.66,0.88
1990-01-01T12:00:00Z,0.0,64.125,288.125,NaN,NaN
1990-01-01T12:00:00Z,0.0,64.125,292.125,NaN,NaN
1990-01-01T12:00:00Z,0.0,64.125,296.125,-1.5,0.09
1990-01-01T12:00:00Z,0.0,64.125,300.125,-1.3,-0.45
1990-01-01T12:00:00Z,0.0,64.125,304.125,0.98,0.48
1990-01-01T12:00:00Z,0.0,64.125,308.125,-0.85,-1.11
1990-01-01T12:00:00Z,0.0,64.125,312.125,NaN,NaN
1990-01-01T12:00:00Z,0.0,64.125,316.125,NaN,NaN
1990-01-01T12:00:00Z,0.0,64.125,320.125,0.81,-2.01
1990-01-01T12:00:00Z,0.0,64.125,324.125,5.09,1.23
1990-01-01T12:00:00Z,0.0,64.125,328.125,5.18,-0.04
1990-01-01T12:00:00Z,0.0,64.125,332.125,6.11,-0.34
1990-01-01T12:00:00Z,0.0,64.125,336.125,6.1,-0.22
1990-01-01T12:00:00Z,0.0,64.125,340.125,NaN,NaN
1990-01-01T12:00:00Z,0.0,64.125,344.125,6.47,-0.64
1990-01-01T12:00:00Z,0.0,64.125,348.125,6.79,0.78
1990-01-01T12:00:00Z,0.0,64.125,352.125,5.09,0.15
1990-01-01T12:00:00Z,0.0,64.125,356.125,5.74,0.41
1990-01-01T12:00:00Z,0.0,68.125,0.125,6.57,0.94
1990-01-01T12:00:00Z,0.0,68.125,4.125,6.9,0.62
1990-01-01T12:00:00Z,0.0,68.125,8.125,6.86,0.21
1990-01-01T12:00:00Z,0.0,68.125,12.125,7.05,0.87
1990-01-01T12:00:00Z,0.0,68.125,16.125,4.23,-1.27
1990-01-01T12:00:00Z,0.0,68.125,20.125,NaN,NaN
1990-01-01T12:00:00Z,0.0,68.125,24.125,NaN,NaN
1990-01-01T12:00:00Z,0.0,68.125,28.125,NaN,NaN
1990-01-01T12:00:00Z,0.0,68.125,32.125,NaN,NaN
1990-01-01T12:00:00Z,0.0,68.125,36.125,NaN,NaN
1990-01-01T12:00:00Z,0.0,68.125,40.125,3.08,1.34
1990-01-01T12:00:00Z,0.0,68.125,44.125,-1.46,-1.98
1990-01-01T12:00:00Z,0.0,68.125,48.125,0.27,0.14
1990-01-01T12:00:00Z,0.0,68.125,52.125,NaN,NaN
1990-01-01T12:00:00Z,0.0,68.125,56.125,NaN,NaN
1990-01-01T12:00:00Z,0.0,68.125,60.125,NaN,NaN
1990-01-01T12:00:00Z,0.0,68.125,64.125,NaN,NaN
1990-01-01T12:00:00Z,0.0,68.125,68.125,NaN,NaN
1990-01-01T12:00:00Z,0.0,68.125,72.125,NaN,NaN
1990-01-01T12:00:00Z,0.0,68.125,76.125,NaN,NaN
1990-01-01T12:00:00Z,0.0,68.125,80.125,NaN,NaN
1990-01-01T12:00:00Z,0.0,68.125,84.125,NaN,NaN
1990-01-01T12:00:00Z,0.0,68.125,88.125,NaN,NaN
1990-01-01T12:00:00Z,0.0,68.125,92.125,NaN,NaN
1990-01-01T12:00:00Z,0.0,68.125,96.125,NaN,NaN
1990-01-01T12:00:00Z,0.0,68.125,100.125,NaN,NaN
1990-01-01T12:00:00Z,0.0,68.125,104.125,NaN,NaN
1990-01-01T12:00:00Z,0.0,68.125,108.125,NaN,NaN
1990-01-01T12:00:00Z,0.0,68.125,112.125,NaN,NaN
1990-01-01T12:00:00Z,0.0,68.125,116.125,NaN,NaN
1990-01-01T12:00:00Z,0.0,68.125,120.125,NaN,NaN
1990-01-01T12:00:00Z,0.0,68.125,124.125,NaN,NaN
1990-01-01T12:00:00Z,0.0,68.125,128.125,NaN,NaN
1990-01-01T12:00:00Z,0.0,68.125,132.125,NaN,NaN
1990-01-01T12:00:00Z,0.0,68.125,136.125,NaN,NaN
1990-01-01T12:00:00Z,0.0,68.125,140.125,NaN,NaN
1990-01-01T12:00:00Z,0.0,68.125,144.125,NaN,NaN
1990-01-01T12:00:00Z,0.0,68.125,148.125,NaN,NaN
1990-01-01T12:00:00Z,0.0,68.125,152.125,NaN,NaN
1990-01-01T12:00:00Z,0.0,68.125,156.125,NaN,NaN
1990-01-01T12:00:00Z,0.0,68.125,160.125,NaN,NaN
1990-01-01T12:00:00Z,0.0,68.125,164.125,NaN,NaN
1990-01-01T12:00:00Z,0.0,68.125,168.125,NaN,NaN
1990-01-01T12:00:00Z,0.0,68.125,172.125,NaN,NaN
1990-01-01T12:00:00Z,0.0,68.125,176.125,NaN,NaN
1990-01-01T12:00:00Z,0.0,68.125,180.125,NaN,NaN
1990-01-01T12:00:00Z,0.0,68.125,184.125,-1.8,-0.13
1990-01-01T12:00:00Z,0.0,68.125,188.125,-1.8,-0.1
1990-01-01T12:00:00Z,0.0,68.125,192.125,-1.78,-0.27
1990-01-01T12:00:00Z,0.0,68.125,196.125,NaN,NaN
1990-01-01T12:00:00Z,0.0,68.125,200.125,NaN,NaN
1990-01-01T12:00:00Z,0.0,68.125,204.125,NaN,NaN
1990-01-01T12:00:00Z,0.0,68.125,208.125,NaN,NaN
1990-01-01T12:00:00Z,0.0,68.125,212.125,NaN,NaN
1990-01-01T12:00:00Z,0.0,68.125,216.125,NaN,NaN
1990-01-01T12:00:00Z,0.0,68.125,220.125,NaN,NaN
1990-01-01T12:00:00Z,0.0,68.125,224.125,NaN,NaN
1990-01-01T12:00:00Z,0.0,68.125,228.125,NaN,NaN
1990-01-01T12:00:00Z,0.0,68.125,232.125,NaN,NaN
1990-01-01T12:00:00Z,0.0,68.125,236.125,NaN,NaN
1990-01-01T12:00:00Z,0.0,68.125,240.125,NaN,NaN
1990-01-01T12:00:00Z,0.0,68.125,244.125,NaN,NaN
1990-01-01T12:00:00Z,0.0,68.125,248.125,-1.76,0.04
1990-01-01T12:00:00Z,0.0,68.125,252.125,-1.78,0.02
1990-01-01T12:00:00Z,0.0,68.125,256.125,-1.8,-0.04
1990-01-01T12:00:00Z,0.0,68.125,260.125,-1.8,-0.04
1990-01-01T12:00:00Z,0.0,68.125,264.125,-1.77,-0.03
1990-01-01T12:00:00Z,0.0,68.125,268.125,NaN,NaN
1990-01-01T12:00:00Z,0.0,68.125,272.125,-1.78,-0.02
1990-01-01T12:00:00Z,0.0,68.125,276.125,NaN,NaN
1990-01-01T12:00:00Z,0.0,68.125,280.125,-1.63,0.14
1990-01-01T12:00:00Z,0.0,68.125,284.125,NaN,NaN
1990-01-01T12:00:00Z,0.0,68.125,288.125,NaN,NaN
1990-01-01T12:00:00Z,0.0,68.125,292.125,NaN,NaN
1990-01-01T12:00:00Z,0.0,68.125,296.125,-1.79,-0.01
1990-01-01T12:00:00Z,0.0,68.125,300.125,-1.44,0.14
1990-01-01T12:00:00Z,0.0,68.125,304.125,-1.22,-0.75
1990-01-01T12:00:00Z,0.0,68.125,308.125,NaN,NaN
1990-01-01T12:00:00Z,0.0,68.125,312.125,NaN,NaN
1990-01-01T12:00:00Z,0.0,68.125,316.125,NaN,NaN
1990-01-01T12:00:00Z,0.0,68.125,320.125,NaN,NaN
1990-01-01T12:00:00Z,0.0,68.125,324.125,NaN,NaN
1990-01-01T12:00:00Z,0.0,68.125,328.125,-1.49,-0.68
1990-01-01T12:00:00Z,0.0,68.125,332.125,-1.69,-1.49
1990-01-01T12:00:00Z,0.0,68.125,336.125,-1.25,-2.48
1990-01-01T12:00:00Z,0.0,68.125,340.125,0.58,-1.13
1990-01-01T12:00:00Z,0.0,68.125,344.125,-0.03,-1.4
1990-01-01T12:00:00Z,0.0,68.125,348.125,0.82,-0.18
1990-01-01T12:00:00Z,0.0,68.125,352.125,1.66,-0.69
1990-01-01T12:00:00Z,0.0,68.125,356.125,4.76,0.32
1990-01-01T12:00:00Z,0.0,72.125,0.125,1.62,-0.41
1990-01-01T12:00:00Z,0.0,72.125,4.125,4.23,0.93
1990-01-01T12:00:00Z,0.0,72.125,8.125,4.28,-0.08
1990-01-01T12:00:00Z,0.0,72.125,12.125,4.4,-0.63
1990-01-01T12:00:00Z,0.0,72.125,16.125,5.44,-0.03
1990-01-01T12:00:00Z,0.0,72.125,20.125,5.23,0.52
1990-01-01T12:00:00Z,0.0,72.125,24.125,5.23,0.62
1990-01-01T12:00:00Z,0.0,72.125,28.125,4.45,-0.15
1990-01-01T12:00:00Z,0.0,72.125,32.125,4.0,0.15
1990-01-01T12:00:00Z,0.0,72.125,36.125,3.18,0.43
1990-01-01T12:00:00Z,0.0,72.125,40.125,2.18,0.2
1990-01-01T12:00:00Z,0.0,72.125,44.125,2.14,0.37
1990-01-01T12:00:00Z,0.0,72.125,48.125,2.16,0.81
1990-01-01T12:00:00Z,0.0,72.125,52.125,-0.17,-0.66
1990-01-01T12:00:00Z,0.0,72.125,56.125,-1.55,-0.63
1990-01-01T12:00:00Z,0.0,72.125,60.125,-1.72,-0.36
1990-01-01T12:00:00Z,0.0,72.125,64.125,-1.68,-0.09
1990-01-01T12:00:00Z,0.0,72.125,68.125,-1.63,-0.05
1990-01-01T12:00:00Z,0.0,72.125,72.125,NaN,NaN
1990-01-01T12:00:00Z,0.0,72.125,76.125,-1.77,-0.07
1990-01-01T12:00:00Z,0.0,72.125,80.125,NaN,NaN
1990-01-01T12:00:00Z,0.0,72.125,84.125,NaN,NaN
1990-01-01T12:00:00Z,0.0,72.125,88.125,NaN,NaN
1990-01-01T12:00:00Z,0.0,72.125,92.125,NaN,NaN
1990-01-01T12:00:00Z,0.0,72.125,96.125,NaN,NaN
1990-01-01T12:00:00Z,0.0,72.125,100.125,NaN,NaN
1990-01-01T12:00:00Z,0.0,72.125,104.125,NaN,NaN
1990-01-01T12:00:00Z,0.0,72.125,108.125,NaN,NaN
1990-01-01T12:00:00Z,0.0,72.125,112.125,NaN,NaN
1990-01-01T12:00:00Z,0.0,72.125,116.125,NaN,NaN
1990-01-01T12:00:00Z,0.0,72.125,120.125,NaN,NaN
1990-01-01T12:00:00Z,0.0,72.125,124.125,NaN,NaN
1990-01-01T12:00:00Z,0.0,72.125,128.125,NaN,NaN
1990-01-01T12:00:00Z,0.0,72.125,132.125,-1.64,0.12
1990-01-01T12:00:00Z,0.0,72.125,136.125,-1.72,0.08
1990-01-01T12:00:00Z,0.0,72.125,140.125,NaN,NaN
1990-01-01T12:00:00Z,0.0,72.125,144.125,NaN,NaN
1990-01-01T12:00:00Z,0.0,72.125,148.125,NaN,NaN
1990-01-01T12:00:00Z,0.0,72.125,152.125,-1.79,0.01
1990-01-01T12:00:00Z,0.0,72.125,156.125,-1.77,0.03
1990-01-01T12:00:00Z,0.0,72.125,160.125,-1.73,0.06
1990-01-01T12:00:00Z,0.0,72.125,164.125,-1.79,-0.02
1990-01-01T12:00:00Z,0.0,72.125,168.125,-1.79,0.01
1990-01-01T12:00:00Z,0.0,72.125,172.125,-1.77,0.02
1990-01-01T12:00:00Z,0.0,72.125,176.125,-1.8,-0.01
1990-01-01T12:00:00Z,0.0,72.125,180.125,-1.8,-0.02
1990-01-01T12:00:00Z,0.0,72.125,184.125,-1.8,-0.02
1990-01-01T12:00:00Z,0.0,72.125,188.125,-1.8,-0.02
1990-01-01T12:00:00Z,0.0,72.125,192.125,-1.8,-0.01
1990-01-01T12:00:00Z,0.0,72.125,196.125,-1.8,-0.06
1990-01-01T12:00:00Z,0.0,72.125,200.125,-1.8,-0.12
1990-01-01T12:00:00Z,0.0,72.125,204.125,-1.75,0.01
1990-01-01T12:00:00Z,0.0,72.125,208.125,-1.71,0.06
1990-01-01T12:00:00Z,0.0,72.125,212.125,-1.77,0.03
1990-01-01T12:00:00Z,0.0,72.125,216.125,-1.79,0.0
1990-01-01T12:00:00Z,0.0,72.125,220.125,-1.8,0.0
1990-01-01T12:00:00Z,0.0,72.125,224.125,-1.79,0.01
1990-01-01T12:00:00Z,0.0,72.125,228.125,-1.8,0.0
1990-01-01T12:00:00Z,0.0,72.125,232.125,-1.8,0.0
1990-01-01T12:00:00Z,0.0,72.125,236.125,NaN,NaN
1990-01-01T12:00:00Z,0.0,72.125,240.125,-1.73,-0.05
1990-01-01T12:00:00Z,0.0,72.125,244.125,NaN,NaN
1990-01-01T12:00:00Z,0.0,72.125,248.125,NaN,NaN
1990-01-01T12:00:00Z,0.0,72.125,252.125,-1.67,0.13
1990-01-01T12:00:00Z,0.0,72.125,256.125,-1.73,0.07
1990-01-01T12:00:00Z,0.0,72.125,260.125,NaN,NaN
1990-01-01T12:00:00Z,0.0,72.125,264.125,-1.79,0.0
1990-01-01T12:00:00Z,0.0,72.125,268.125,-1.8,-0.01
1990-01-01T12:00:00Z,0.0,72.125,272.125,NaN,NaN
1990-01-01T12:00:00Z,0.0,72.125,276.125,NaN,NaN
1990-01-01T12:00:00Z,0.0,72.125,280.125,NaN,NaN
1990-01-01T12:00:00Z,0.0,72.125,284.125,NaN,NaN
1990-01-01T12:00:00Z,0.0,72.125,288.125,-1.8,0.0
1990-01-01T12:00:00Z,0.0,72.125,292.125,-1.8,0.0
1990-01-01T12:00:00Z,0.0,72.125,296.125,-1.52,0.28
1990-01-01T12:00:00Z,0.0,72.125,300.125,-1.05,0.51
1990-01-01T12:00:00Z,0.0,72.125,304.125,-1.02,-0.28
1990-01-01T12:00:00Z,0.0,72.125,308.125,NaN,NaN
1990-01-01T12:00:00Z,0.0,72.125,312.125,NaN,NaN
1990-01-01T12:00:00Z,0.0,72.125,316.125,NaN,NaN
1990-01-01T12:00:00Z,0.0,72.125,320.125,NaN,NaN
1990-01-01T12:00:00Z,0.0,72.125,324.125,NaN,NaN
1990-01-01T12:00:00Z,0.0,72.125,328.125,NaN,NaN
1990-01-01T12:00:00Z,0.0,72.125,332.125,NaN,NaN
1990-01-01T12:00:00Z,0.0,72.125,336.125,NaN,NaN
1990-01-01T12:00:00Z,0.0,72.125,340.125,-1.43,-0.33
1990-01-01T12:00:00Z,0.0,72.125,344.125,-1.01,-1.2
1990-01-01T12:00:00Z,0.0,72.125,348.125,-0.72,-1.64
1990-01-01T12:00:00Z,0.0,72.125,352.125,-0.08,-1.29
1990-01-01T12:00:00Z,0.0,72.125,356.125,1.25,-0.31
1990-01-01T12:00:00Z,0.0,76.125,0.125,0.55,-0.62
1990-01-01T12:00:00Z,0.0,76.125,4.125,1.12,-1.16
1990-01-01T12:00:00Z,0.0,76.125,8.125,3.54,1.28
1990-01-01T12:00:00Z,0.0,76.125,12.125,2.69,0.96
1990-01-01T12:00:00Z,0.0,76.125,16.125,1.9,0.4
1990-01-01T12:00:00Z,0.0,76.125,20.125,-0.36,-0.45
1990-01-01T12:00:00Z,0.0,76.125,24.125,-1.21,-1.35
1990-01-01T12:00:00Z,0.0,76.125,28.125,-0.56,-1.26
1990-01-01T12:00:00Z,0.0,76.125,32.125,-0.17,-0.93
1990-01-01T12:00:00Z,0.0,76.125,36.125,-0.49,-0.77
1990-01-01T12:00:00Z,0.0,76.125,40.125,-0.83,-0.84
1990-01-01T12:00:00Z,0.0,76.125,44.125,0.0,-0.26
1990-01-01T12:00:00Z,0.0,76.125,48.125,-0.09,-0.43
1990-01-01T12:00:00Z,0.0,76.125,52.125,-0.2,-0.2
1990-01-01T12:00:00Z,0.0,76.125,56.125,-1.13,-0.88
1990-01-01T12:00:00Z,0.0,76.125,60.125,-1.3,-0.19
1990-01-01T12:00:00Z,0.0,76.125,64.125,NaN,NaN
1990-01-01T12:00:00Z,0.0,76.125,68.125,-1.72,-0.12
1990-01-01T12:00:00Z,0.0,76.125,72.125,-1.8,-0.07
1990-01-01T12:00:00Z,0.0,76.125,76.125,-1.8,-0.01
1990-01-01T12:00:00Z,0.0,76.125,80.125,-1.8,0.0
1990-01-01T12:00:00Z,0.0,76.125,84.125,-1.8,0.0
1990-01-01T12:00:00Z,0.0,76.125,88.125,-1.79,0.01
1990-01-01T12:00:00Z,0.0,76.125,92.125,-1.77,0.0
1990-01-01T12:00:00Z,0.0,76.125,96.125,NaN,NaN
1990-01-01T12:00:00Z,0.0,76.125,100.125,NaN,NaN
1990-01-01T12:00:00Z,0.0,76.125,104.125,NaN,NaN
1990-01-01T12:00:00Z,0.0,76.125,108.125,NaN,NaN
1990-01-01T12:00:00Z,0.0,76.125,112.125,NaN,NaN
1990-01-01T12:00:00Z,0.0,76.125,116.125,-1.8,-0.01
1990-01-01T12:00:00Z,0.0,76.125,120.125,-1.8,0.0
1990-01-01T12:00:00Z,0.0,76.125,124.125,-1.8,0.0
1990-01-01T12:00:00Z,0.0,76.125,128.125,-1.8,0.0
1990-01-01T12:00:00Z,0.0,76.125,132.125,-1.8,0.0
1990-01-01T12:00:00Z,0.0,76.125,136.125,-1.7,0.1
1990-01-01T12:00:00Z,0.0,76.125,140.125,-1.64,0.16
1990-01-01T12:00:00Z,0.0,76.125,144.125,-1.75,0.05
1990-01-01T12:00:00Z,0.0,76.125,148.125,-1.79,0.01
1990-01-01T12:00:00Z,0.0,76.125,152.125,-1.79,0.01
1990-01-01T12:00:00Z,0.0,76.125,156.125,-1.8,0.0
1990-01-01T12:00:00Z,0.0,76.125,160.125,-1.79,0.01
1990-01-01T12:00:00Z,0.0,76.125,164.125,-1.79,0.01
1990-01-01T12:00:00Z,0.0,76.125,168.125,-1.79,0.01
1990-01-01T12:00:00Z,0.0,76.125,172.125,-1.8,0.0
1990-01-01T12:00:00Z,0.0,76.125,176.125,-1.8,0.0
1990-01-01T12:00:00Z,0.0,76.125,180.125,-1.8,0.0
1990-01-01T12:00:00Z,0.0,76.125,184.125,-1.8,0.0
1990-01-01T12:00:00Z,0.0,76.125,188.125,-1.8,0.0
1990-01-01T12:00:00Z,0.0,76.125,192.125,-1.8,0.0
1990-01-01T12:00:00Z,0.0,76.125,196.125,-1.8,0.0
1990-01-01T12:00:00Z,0.0,76.125,200.125,-1.8,0.0
1990-01-01T12:00:00Z,0.0,76.125,204.125,-1.8,0.0
1990-01-01T12:00:00Z,0.0,76.125,208.125,-1.8,0.0
1990-01-01T12:00:00Z,0.0,76.125,212.125,-1.8,0.0
1990-01-01T12:00:00Z,0.0,76.125,216.125,-1.78,0.02
1990-01-01T12:00:00Z,0.0,76.125,220.125,-1.74,0.06
1990-01-01T12:00:00Z,0.0,76.125,224.125,-1.73,0.07
1990-01-01T12:00:00Z,0.0,76.125,228.125,-1.76,0.04
1990-01-01T12:00:00Z,0.0,76.125,232.125,-1.75,0.05
1990-01-01T12:00:00Z,0.0,76.125,236.125,-1.77,0.03
1990-01-01T12:00:00Z,0.0,76.125,240.125,NaN,NaN
1990-01-01T12:00:00Z,0.0,76.125,244.125,NaN,NaN
1990-01-01T12:00:00Z,0.0,76.125,248.125,-1.76,0.04
1990-01-01T12:00:00Z,0.0,76.125,252.125,-1.76,0.04
1990-01-01T12:00:00Z,0.0,76.125,256.125,NaN,NaN
1990-01-01T12:00:00Z,0.0,76.125,260.125,NaN,NaN
1990-01-01T12:00:00Z,0.0,76.125,264.125,-1.79,0.01
1990-01-01T12:00:00Z,0.0,76.125,268.125,NaN,NaN
1990-01-01T12:00:00Z,0.0,76.125,272.125,-1.54,0.25
1990-01-01T12:00:00Z,0.0,76.125,276.125,-1.53,0.23
1990-01-01T12:00:00Z,0.0,76.125,280.125,-1.04,0.69
1990-01-01T12:00:00Z,0.0,76.125,284.125,-1.66,-0.01
1990-01-01T12:00:00Z,0.0,76.125,288.125,-1.24,0.43
1990-01-01T12:00:00Z,0.0,76.125,292.125,NaN,NaN
1990-01-01T12:00:00Z,0.0,76.125,296.125,-1.04,0.68
1990-01-01T12:00:00Z,0.0,76.125,300.125,NaN,NaN
1990-01-01T12:00:00Z,0.0,76.125,304.125,NaN,NaN
1990-01-01T12:00:00Z,0.0,76.125,308.125,NaN,NaN
1990-01-01T12:00:00Z,0.0,76.125,312.125,NaN,NaN
1990-01-01T12:00:00Z,0.0,76.125,316.125,NaN,NaN
1990-01-01T12:00:00Z,0.0,76.125,320.125,NaN,NaN
1990-01-01T12:00:00Z,0.0,76.125,324.125,NaN,NaN
1990-01-01T12:00:00Z,0.0,76.125,328.125,NaN,NaN
1990-01-01T12:00:00Z,0.0,76.125,332.125,NaN,NaN
1990-01-01T12:00:00Z,0.0,76.125,336.125,NaN,NaN
1990-01-01T12:00:00Z,0.0,76.125,340.125,NaN,NaN
1990-01-01T12:00:00Z,0.0,76.125,344.125,-1.66,0.02
1990-01-01T12:00:00Z,0.0,76.125,348.125,-1.17,-0.06
1990-01-01T12:00:00Z,0.0,76.125,352.125,-0.02,0.13
1990-01-01T12:00:00Z,0.0,76.125,356.125,-0.22,-0.88
1990-01-01T12:00:00Z,0.0,80.125,0.125,-0.98,-0.53
1990-01-01T12:00:00Z,0.0,80.125,4.125,1.51,0.79
1990-01-01T12:00:00Z,0.0,80.125,8.125,1.6,0.79
1990-01-01T12:00:00Z,0.0,80.125,12.125,0.09,-0.51
1990-01-01T12:00:00Z,0.0,80.125,16.125,-0.13,-0.43
1990-01-01T12:00:00Z,0.0,80.125,20.125,NaN,NaN
1990-01-01T12:00:00Z,0.0,80.125,24.125,NaN,NaN
1990-01-01T12:00:00Z,0.0,80.125,28.125,-0.4,0.87
1990-01-01T12:00:00Z,0.0,80.125,32.125,-0.92,0.61
1990-01-01T12:00:00Z,0.0,80.125,36.125,-1.46,0.2
1990-01-01T12:00:00Z,0.0,80.125,40.125,-1.53,0.19
1990-01-01T12:00:00Z,0.0,80.125,44.125,-1.64,0.07
1990-01-01T12:00:00Z,0.0,80.125,48.125,-1.62,0.05
1990-01-01T12:00:00Z,0.0,80.125,52.125,-1.57,0.08
1990-01-01T12:00:00Z,0.0,80.125,56.125,NaN,NaN
1990-01-01T12:00:00Z,0.0,80.125,60.125,-1.64,0.0
1990-01-01T12:00:00Z,0.0,80.125,64.125,-1.79,-0.08
1990-01-01T12:00:00Z,0.0,80.125,68.125,-1.8,-0.04
1990-01-01T12:00:00Z,0.0,80.125,72.125,-1.79,-0.01
1990-01-01T12:00:00Z,0.0,80.125,76.125,-1.8,0.0
1990-01-01T12:00:00Z,0.0,80.125,80.125,-1.8,0.0
1990-01-01T12:00:00Z,0.0,80.125,84.125,-1.8,0.0
1990-01-01T12:00:00Z,0.0,80.125,88.125,-1.8,0.0
1990-01-01T12:00:00Z,0.0,80.125,92.125,-1.73,0.04
1990-01-01T12:00:00Z,0.0,80.125,96.125,NaN,NaN
1990-01-01T12:00:00Z,0.0,80.125,100.125,-1.76,-0.03
1990-01-01T12:00:00Z,0.0,80.125,104.125,-1.8,-0.06
1990-01-01T12:00:00Z,0.0,80.125,108.125,-1.79,-0.02
1990-01-01T12:00:00Z,0.0,80.125,112.125,-1.8,0.0
1990-01-01T12:00:00Z,0.0,80.125,116.125,-1.77,0.03
1990-01-01T12:00:00Z,0.0,80.125,120.125,-1.66,0.14
1990-01-01T12:00:00Z,0.0,80.125,124.125,-1.62,0.18
1990-01-01T12:00:00Z,0.0,80.125,128.125,-1.7,0.1
1990-01-01T12:00:00Z,0.0,80.125,132.125,-1.8,0.0
1990-01-01T12:00:00Z,0.0,80.125,136.125,-1.8,0.0
1990-01-01T12:00:00Z,0.0,80.125,140.125,-1.8,0.0
1990-01-01T12:00:00Z,0.0,80.125,144.125,-1.8,0.0
1990-01-01T12:00:00Z,0.0,80.125,148.125,-1.8,0.0
1990-01-01T12:00:00Z,0.0,80.125,152.125,-1.8,0.0
1990-01-01T12:00:00Z,0.0,80.125,156.125,-1.8,0.0
1990-01-01T12:00:00Z,0.0,80.125,160.125,-1.8,0.0
1990-01-01T12:00:00Z,0.0,80.125,164.125,-1.8,0.0
1990-01-01T12:00:00Z,0.0,80.125,168.125,-1.8,0.0
1990-01-01T12:00:00Z,0.0,80.125,172.125,-1.8,0.0
1990-01-01T12:00:00Z,0.0,80.125,176.125,-1.8,0.0
1990-01-01T12:00:00Z,0.0,80.125,180.125,-1.8,0.0
1990-01-01T12:00:00Z,0.0,80.125,184.125,-1.8,0.0
1990-01-01T12:00:00Z,0.0,80.125,188.125,-1.8,0.0
1990-01-01T12:00:00Z,0.0,80.125,192.125,-1.8,0.0
1990-01-01T12:00:00Z,0.0,80.125,196.125,-1.8,0.0
1990-01-01T12:00:00Z,0.0,80.125,200.125,-1.8,0.0
1990-01-01T12:00:00Z,0.0,80.125,204.125,-1.79,0.01
1990-01-01T12:00:00Z,0.0,80.125,208.125,-1.78,0.02
1990-01-01T12:00:00Z,0.0,80.125,212.125,-1.8,0.0
1990-01-01T12:00:00Z,0.0,80.125,216.125,-1.79,0.01
1990-01-01T12:00:00Z,0.0,80.125,220.125,-1.78,0.02
1990-01-01T12:00:00Z,0.0,80.125,224.125,-1.77,0.03
1990-01-01T12:00:00Z,0.0,80.125,228.125,-1.75,0.05
1990-01-01T12:00:00Z,0.0,80.125,232.125,-1.72,0.08
1990-01-01T12:00:00Z,0.0,80.125,236.125,-1.71,0.09
1990-01-01T12:00:00Z,0.0,80.125,240.125,-1.71,0.09
1990-01-01T12:00:00Z,0.0,80.125,244.125,-1.7,0.1
1990-01-01T12:00:00Z,0.0,80.125,248.125,-1.68,0.12
1990-01-01T12:00:00Z,0.0,80.125,252.125,-1.78,0.02
1990-01-01T12:00:00Z,0.0,80.125,256.125,-1.8,-0.01
1990-01-01T12:00:00Z,0.0,80.125,260.125,-1.75,0.04
1990-01-01T12:00:00Z,0.0,80.125,264.125,NaN,NaN
1990-01-01T12:00:00Z,0.0,80.125,268.125,NaN,NaN
1990-01-01T12:00:00Z,0.0,80.125,272.125,NaN,NaN
1990-01-01T12:00:00Z,0.0,80.125,276.125,NaN,NaN
1990-01-01T12:00:00Z,0.0,80.125,280.125,NaN,NaN
1990-01-01T12:00:00Z,0.0,80.125,284.125,NaN,NaN
1990-01-01T12:00:00Z,0.0,80.125,288.125,NaN,NaN
1990-01-01T12:00:00Z,0.0,80.125,292.125,-1.32,0.44
1990-01-01T12:00:00Z,0.0,80.125,296.125,NaN,NaN
1990-01-01T12:00:00Z,0.0,80.125,300.125,NaN,NaN
1990-01-01T12:00:00Z,0.0,80.125,304.125,NaN,NaN
1990-01-01T12:00:00Z,0.0,80.125,308.125,NaN,NaN
1990-01-01T12:00:00Z,0.0,80.125,312.125,NaN,NaN
1990-01-01T12:00:00Z,0.0,80.125,316.125,NaN,NaN
1990-01-01T12:00:00Z,0.0,80.125,320.125,NaN,NaN
1990-01-01T12:00:00Z,0.0,80.125,324.125,NaN,NaN
1990-01-01T12:00:00Z,0.0,80.125,328.125,NaN,NaN
1990-01-01T12:00:00Z,0.0,80.125,332.125,NaN,NaN
1990-01-01T12:00:00Z,0.0,80.125,336.125,NaN,NaN
1990-01-01T12:00:00Z,0.0,80.125,340.125,NaN,NaN
1990-01-01T12:00:00Z,0.0,80.125,344.125,-1.7,0.01
1990-01-01T12:00:00Z,0.0,80.125,348.125,-1.79,-0.04
1990-01-01T12:00:00Z,0.0,80.125,352.125,-1.63,0.13
1990-01-01T12:00:00Z,0.0,80.125,356.125,-1.4,0.08
1990-01-01T12:00:00Z,0.0,84.125,0.125,-1.45,0.35
1990-01-01T12:00:00Z,0.0,84.125,4.125,-1.56,0.23
1990-01-01T12:00:00Z,0.0,84.125,8.125,-1.52,0.27
1990-01-01T12:00:00Z,0.0,84.125,12.125,-1.39,0.38
1990-01-01T12:00:00Z,0.0,84.125,16.125,-1.32,0.4
1990-01-01T12:00:00Z,0.0,84.125,20.125,-1.35,0.37
1990-01-01T12:00:00Z,0.0,84.125,24.125,-1.42,0.3
1990-01-01T12:00:00Z,0.0,84.125,28.125,-1.48,0.27
1990-01-01T12:00:00Z,0.0,84.125,32.125,-1.53,0.23
1990-01-01T12:00:00Z,0.0,84.125,36.125,-1.59,0.18
1990-01-01T12:00:00Z,0.0,84.125,40.125,-1.62,0.16
1990-01-01T12:00:00Z,0.0,84.125,44.125,-1.67,0.11
1990-01-01T12:00:00Z,0.0,84.125,48.125,-1.71,0.06
1990-01-01T12:00:00Z,0.0,84.125,52.125,-1.72,0.04
1990-01-01T12:00:00Z,0.0,84.125,56.125,-1.71,0.03
1990-01-01T12:00:00Z,0.0,84.125,60.125,-1.72,0.04
1990-01-01T12:00:00Z,0.0,84.125,64.125,-1.73,0.05
1990-01-01T12:00:00Z,0.0,84.125,68.125,-1.73,0.07
1990-01-01T12:00:00Z,0.0,84.125,72.125,-1.74,0.06
1990-01-01T12:00:00Z,0.0,84.125,76.125,-1.77,0.03
1990-01-01T12:00:00Z,0.0,84.125,80.125,-1.78,0.02
1990-01-01T12:00:00Z,0.0,84.125,84.125,-1.78,0.02
1990-01-01T12:00:00Z,0.0,84.125,88.125,-1.77,0.03
1990-01-01T12:00:00Z,0.0,84.125,92.125,-1.77,0.03
1990-01-01T12:00:00Z,0.0,84.125,96.125,-1.79,0.01
1990-01-01T12:00:00Z,0.0,84.125,100.125,-1.79,0.01
1990-01-01T12:00:00Z,0.0,84.125,104.125,-1.78,0.02
1990-01-01T12:00:00Z,0.0,84.125,108.125,-1.76,0.04
1990-01-01T12:00:00Z,0.0,84.125,112.125,-1.72,0.08
1990-01-01T12:00:00Z,0.0,84.125,116.125,-1.67,0.13
1990-01-01T12:00:00Z,0.0,84.125,120.125,-1.62,0.18
1990-01-01T12:00:00Z,0.0,84.125,124.125,-1.68,0.12
1990-01-01T12:00:00Z,0.0,84.125,128.125,-1.77,0.03
1990-01-01T12:00:00Z,0.0,84.125,132.125,-1.8,0.0
1990-01-01T12:00:00Z,0.0,84.125,136.125,-1.8,0.0
1990-01-01T12:00:00Z,0.0,84.125,140.125,-1.79,0.01
1990-01-01T12:00:00Z,0.0,84.125,144.125,-1.79,0.01
1990-01-01T12:00:00Z,0.0,84.125,148.125,-1.8,0.0
1990-01-01T12:00:00Z,0.0,84.125,152.125,-1.79,0.01
1990-01-01T12:00:00Z,0.0,84.125,156.125,-1.78,0.02
1990-01-01T12:00:00Z,0.0,84.125,160.125,-1.76,0.04
1990-01-01T12:00:00Z,0.0,84.125,164.125,-1.75,0.05
1990-01-01T12:00:00Z,0.0,84.125,168.125,-1.73,0.07
1990-01-01T12:00:00Z,0.0,84.125,172.125,-1.71,0.09
1990-01-01T12:00:00Z,0.0,84.125,176.125,-1.73,0.07
1990-01-01T12:00:00Z,0.0,84.125,180.125,-1.79,0.01
1990-01-01T12:00:00Z,0.0,84.125,184.125,-1.8,0.0
1990-01-01T12:00:00Z,0.0,84.125,188.125,-1.8,0.0
1990-01-01T12:00:00Z,0.0,84.125,192.125,-1.8,0.0
1990-01-01T12:00:00Z,0.0,84.125,196.125,-1.8,0.0
1990-01-01T12:00:00Z,0.0,84.125,200.125,-1.8,0.0
1990-01-01T12:00:00Z,0.0,84.125,204.125,-1.8,0.0
1990-01-01T12:00:00Z,0.0,84.125,208.125,-1.8,0.0
1990-01-01T12:00:00Z,0.0,84.125,212.125,-1.8,0.0
1990-01-01T12:00:00Z,0.0,84.125,216.125,-1.8,0.0
1990-01-01T12:00:00Z,0.0,84.125,220.125,-1.79,0.01
1990-01-01T12:00:00Z,0.0,84.125,224.125,-1.79,0.01
1990-01-01T12:00:00Z,0.0,84.125,228.125,-1.8,0.0
1990-01-01T12:00:00Z,0.0,84.125,232.125,-1.8,0.0
1990-01-01T12:00:00Z,0.0,84.125,236.125,-1.8,0.0
1990-01-01T12:00:00Z,0.0,84.125,240.125,-1.79,0.01
1990-01-01T12:00:00Z,0.0,84.125,244.125,-1.79,0.01
1990-01-01T12:00:00Z,0.0,84.125,248.125,-1.79,0.01
1990-01-01T12:00:00Z,0.0,84.125,252.125,-1.79,0.01
1990-01-01T12:00:00Z,0.0,84.125,256.125,-1.79,0.01
1990-01-01T12:00:00Z,0.0,84.125,260.125,-1.8,0.0
1990-01-01T12:00:00Z,0.0,84.125,264.125,-1.8,0.0
1990-01-01T12:00:00Z,0.0,84.125,268.125,-1.8,0.0
1990-01-01T12:00:00Z,0.0,84.125,272.125,-1.8,0.0
1990-01-01T12:00:00Z,0.0,84.125,276.125,-1.8,0.0
1990-01-01T12:00:00Z,0.0,84.125,280.125,-1.8,-0.01
1990-01-01T12:00:00Z,0.0,84.125,284.125,-1.78,0.01
1990-01-01T12:00:00Z,0.0,84.125,288.125,-1.77,0.03
1990-01-01T12:00:00Z,0.0,84.125,292.125,-1.77,0.03
1990-01-01T12:00:00Z,0.0,84.125,296.125,-1.76,0.04
1990-01-01T12:00:00Z,0.0,84.125,300.125,-1.71,0.09
1990-01-01T12:00:00Z,0.0,84.125,304.125,-1.75,0.05
1990-01-01T12:00:00Z,0.0,84.125,308.125,-1.79,0.01
1990-01-01T12:00:00Z,0.0,84.125,312.125,-1.78,0.02
1990-01-01T12:00:00Z,0.0,84.125,316.125,-1.79,0.01
1990-01-01T12:00:00Z,0.0,84.125,320.125,-1.79,0.01
1990-01-01T12:00:00Z,0.0,84.125,324.125,-1.75,0.04
1990-01-01T12:00:00Z,0.0,84.125,328.125,-1.75,0.03
1990-01-01T12:00:00Z,0.0,84.125,332.125,-1.74,0.06
1990-01-01T12:00:00Z,0.0,84.125,336.125,-1.75,0.05
1990-01-01T12:00:00Z,0.0,84.125,340.125,-1.72,0.08
1990-01-01T12:00:00Z,0.0,84.125,344.125,-1.69,0.1
1990-01-01T12:00:00Z,0.0,84.125,348.125,-1.69,0.09
1990-01-01T12:00:00Z,0.0,84.125,352.125,-1.64,0.16
1990-01-01T12:00:00Z,0.0,84.125,356.125,-1.48,0.32
1990-01-01T12:00:00Z,0.0,88.125,0.125,-1.69,0.11
1990-01-01T12:00:00Z,0.0,88.125,4.125,-1.7,0.09
1990-01-01T12:00:00Z,0.0,88.125,8.125,-1.7,0.09
1990-01-01T12:00:00Z,0.0,88.125,12.125,-1.69,0.1
1990-01-01T12:00:00Z,0.0,88.125,16.125,-1.67,0.11
1990-01-01T12:00:00Z,0.0,88.125,20.125,-1.67,0.11
1990-01-01T12:00:00Z,0.0,88.125,24.125,-1.68,0.11
1990-01-01T12:00:00Z,0.0,88.125,28.125,-1.69,0.1
1990-01-01T12:00:00Z,0.0,88.125,32.125,-1.69,0.1
1990-01-01T12:00:00Z,0.0,88.125,36.125,-1.7,0.1
1990-01-01T12:00:00Z,0.0,88.125,40.125,-1.71,0.09
1990-01-01T12:00:00Z,0.0,88.125,44.125,-1.71,0.09
1990-01-01T12:00:00Z,0.0,88.125,48.125,-1.72,0.08
1990-01-01T12:00:00Z,0.0,88.125,52.125,-1.72,0.08
1990-01-01T12:00:00Z,0.0,88.125,56.125,-1.72,0.08
1990-01-01T12:00:00Z,0.0,88.125,60.125,-1.72,0.08
1990-01-01T12:00:00Z,0.0,88.125,64.125,-1.72,0.08
1990-01-01T12:00:00Z,0.0,88.125,68.125,-1.72,0.08
1990-01-01T12:00:00Z,0.0,88.125,72.125,-1.72,0.08
1990-01-01T12:00:00Z,0.0,88.125,76.125,-1.73,0.07
1990-01-01T12:00:00Z,0.0,88.125,80.125,-1.73,0.07
1990-01-01T12:00:00Z,0.0,88.125,84.125,-1.73,0.07
1990-01-01T12:00:00Z,0.0,88.125,88.125,-1.73,0.07
1990-01-01T12:00:00Z,0.0,88.125,92.125,-1.73,0.07
1990-01-01T12:00:00Z,0.0,88.125,96.125,-1.73,0.07
1990-01-01T12:00:00Z,0.0,88.125,100.125,-1.73,0.07
1990-01-01T12:00:00Z,0.0,88.125,104.125,-1.73,0.07
1990-01-01T12:00:00Z,0.0,88.125,108.125,-1.73,0.07
1990-01-01T12:00:00Z,0.0,88.125,112.125,-1.72,0.08
1990-01-01T12:00:00Z,0.0,88.125,116.125,-1.71,0.09
1990-01-01T12:00:00Z,0.0,88.125,120.125,-1.71,0.09
1990-01-01T12:00:00Z,0.0,88.125,124.125,-1.71,0.09
1990-01-01T12:00:00Z,0.0,88.125,128.125,-1.73,0.07
1990-01-01T12:00:00Z,0.0,88.125,132.125,-1.73,0.07
1990-01-01T12:00:00Z,0.0,88.125,136.125,-1.73,0.07
1990-01-01T12:00:00Z,0.0,88.125,140.125,-1.73,0.07
1990-01-01T12:00:00Z,0.0,88.125,144.125,-1.73,0.07
1990-01-01T12:00:00Z,0.0,88.125,148.125,-1.73,0.07
1990-01-01T12:00:00Z,0.0,88.125,152.125,-1.73,0.07
1990-01-01T12:00:00Z,0.0,88.125,156.125,-1.73,0.07
1990-01-01T12:00:00Z,0.0,88.125,160.125,-1.73,0.07
1990-01-01T12:00:00Z,0.0,88.125,164.125,-1.73,0.07
1990-01-01T12:00:00Z,0.0,88.125,168.125,-1.72,0.08
1990-01-01T12:00:00Z,0.0,88.125,172.125,-1.72,0.08
1990-01-01T12:00:00Z,0.0,88.125,176.125,-1.72,0.08
1990-01-01T12:00:00Z,0.0,88.125,180.125,-1.73,0.07
1990-01-01T12:00:00Z,0.0,88.125,184.125,-1.73,0.07
1990-01-01T12:00:00Z,0.0,88.125,188.125,-1.73,0.07
1990-01-01T12:00:00Z,0.0,88.125,192.125,-1.73,0.07
1990-01-01T12:00:00Z,0.0,88.125,196.125,-1.73,0.07
1990-01-01T12:00:00Z,0.0,88.125,200.125,-1.73,0.07
1990-01-01T12:00:00Z,0.0,88.125,204.125,-1.73,0.07
1990-01-01T12:00:00Z,0.0,88.125,208.125,-1.73,0.07
1990-01-01T12:00:00Z,0.0,88.125,212.125,-1.73,0.07
1990-01-01T12:00:00Z,0.0,88.125,216.125,-1.73,0.07
1990-01-01T12:00:00Z,0.0,88.125,220.125,-1.73,0.07
1990-01-01T12:00:00Z,0.0,88.125,224.125,-1.73,0.07
1990-01-01T12:00:00Z,0.0,88.125,228.125,-1.73,0.07
1990-01-01T12:00:00Z,0.0,88.125,232.125,-1.73,0.07
1990-01-01T12:00:00Z,0.0,88.125,236.125,-1.73,0.07
1990-01-01T12:00:00Z,0.0,88.125,240.125,-1.73,0.07
1990-01-01T12:00:00Z,0.0,88.125,244.125,-1.73,0.07
1990-01-01T12:00:00Z,0.0,88.125,248.125,-1.73,0.07
1990-01-01T12:00:00Z,0.0,88.125,252.125,-1.73,0.07
1990-01-01T12:00:00Z,0.0,88.125,256.125,-1.73,0.07
1990-01-01T12:00:00Z,0.0,88.125,260.125,-1.73,0.07
1990-01-01T12:00:00Z,0.0,88.125,264.125,-1.73,0.07
1990-01-01T12:00:00Z,0.0,88.125,268.125,-1.73,0.07
1990-01-01T12:00:00Z,0.0,88.125,272.125,-1.73,0.07
1990-01-01T12:00:00Z,0.0,88.125,276.125,-1.73,0.07
1990-01-01T12:00:00Z,0.0,88.125,280.125,-1.73,0.07
1990-01-01T12:00:00Z,0.0,88.125,284.125,-1.73,0.07
1990-01-01T12:00:00Z,0.0,88.125,288.125,-1.73,0.07
1990-01-01T12:00:00Z,0.0,88.125,292.125,-1.73,0.07
1990-01-01T12:00:00Z,0.0,88.125,296.125,-1.73,0.07
1990-01-01T12:00:00Z,0.0,88.125,300.125,-1.72,0.08
1990-01-01T12:00:00Z,0.0,88.125,304.125,-1.73,0.07
1990-01-01T12:00:00Z,0.0,88.125,308.125,-1.73,0.07
1990-01-01T12:00:00Z,0.0,88.125,312.125,-1.73,0.07
1990-01-01T12:00:00Z,0.0,88.125,316.125,-1.73,0.07
1990-01-01T12:00:00Z,0.0,88.125,320.125,-1.73,0.07
1990-01-01T12:00:00Z,0.0,88.125,324.125,-1.73,0.07
1990-01-01T12:00:00Z,0.0,88.125,328.125,-1.73,0.07
1990-01-01T12:00:00Z,0.0,88.125,332.125,-1.73,0.07
1990-01-01T12:00:00Z,0.0,88.125,336.125,-1.73,0.07
1990-01-01T12:00:00Z,0.0,88.125,340.125,-1.72,0.08
1990-01-01T12:00:00Z,0.0,88.125,344.125,-1.71,0.09
1990-01-01T12:00:00Z,0.0,88.125,348.125,-1.72,0.08
1990-01-01T12:00:00Z,0.0,88.125,352.125,-1.71,0.09
1990-01-01T12:00:00Z,0.0,88.125,356.125,-1.69,0.11
