2012-04-01T12:00:00Z,0.0,-87.875,0.125,NaN,NaN
2012-04-01T12:00:00Z,0.0,-87.875,4.125,NaN,NaN
2012-04-01T12:00:00Z,0.0,-87.875,8.125,NaN,NaN
2012-04-01T12:00:00Z,0.0,-87.875,12.125,NaN,NaN
2012-04-01T12:00:00Z,0.0,-87.875,16.125,NaN,NaN
2012-04-01T12:00:00Z,0.0,-87.875,20.125,NaN,NaN
2012-04-01T12:00:00Z,0.0,-87.875,24.125,NaN,NaN
2012-04-01T12:00:00Z,0.0,-87.875,28.125,NaN,NaN
2012-04-01T12:00:00Z,0.0,-87.875,32.125,NaN,NaN
2012-04-01T12:00:00Z,0.0,-87.875,36.125,NaN,NaN
2012-04-01T12:00:00Z,0.0,-87.875,40.125,NaN,NaN
2012-04-01T12:00:00Z,0.0,-87.875,44.125,NaN,NaN
2012-04-01T12:00:00Z,0.0,-87.875,48.125,NaN,NaN
2012-04-01T12:00:00Z,0.0,-87.875,52.125,NaN,NaN
2012-04-01T12:00:00Z,0.0,-87.875,56.125,NaN,NaN
2012-04-01T12:00:00Z,0.0,-87.875,60.125,NaN,NaN
2012-04-01T12:00:00Z,0.0,-87.875,64.125,NaN,NaN
2012-04-01T12:00:00Z,0.0,-87.875,68.125,NaN,NaN
2012-04-01T12:00:00Z,0.0,-87.875,72.125,NaN,NaN
2012-04-01T12:00:00Z,0.0,-87.875,76.125,NaN,NaN
2012-04-01T12:00:00Z,0.0,-87.875,80.125,NaN,NaN
2012-04-01T12:00:00Z,0.0,-87.875,84.125,NaN,NaN
2012-04-01T12:00:00Z,0.0,-87.875,88.125,NaN,NaN
2012-04-01T12:00:00Z,0.0,-87.875,92.125,NaN,NaN
2012-04-01T12:00:00Z,0.0,-87.875,96.125,NaN,NaN
2012-04-01T12:00:00Z,0.0,-87.875,100.125,NaN,NaN
2012-04-01T12:00:00Z,0.0,-87.875,104.125,NaN,NaN
2012-04-01T12:00:00Z,0.0,-87.875,108.125,NaN,NaN
2012-04-01T12:00:00Z,0.0,-87.875,112.125,NaN,NaN
2012-04-01T12:00:00Z,0.0,-87.875,116.125,NaN,NaN
2012-04-01T12:00:00Z,0.0,-87.875,120.125,NaN,NaN
2012-04-01T12:00:00Z,0.0,-87.875,124.125,NaN,NaN
2012-04-01T12:00:00Z,0.0,-87.875,128.125,NaN,NaN
2012-04-01T12:00:00Z,0.0,-87.875,132.125,NaN,NaN
2012-04-01T12:00:00Z,0.0,-87.875,136.125,NaN,NaN
2012-04-01T12:00:00Z,0.0,-87.875,140.125,NaN,NaN
2012-04-01T12:00:00Z,0.0,-87.875,144.125,NaN,NaN
2012-04-01T12:00:00Z,0.0,-87.875,148.125,NaN,NaN
2012-04-01T12:00:00Z,0.0,-87.875,152.125,NaN,NaN
2012-04-01T12:00:00Z,0.0,-87.875,156.125,NaN,NaN
2012-04-01T12:00:00Z,0.0,-87.875,160.125,NaN,NaN
2012-04-01T12:00:00Z,0.0,-87.875,164.125,NaN,NaN
2012-04-01T12:00:00Z,0.0,-87.875,168.125,NaN,NaN
2012-04-01T12:00:00Z,0.0,-87.875,172.125,NaN,NaN
2012-04-01T12:00:00Z,0.0,-87.875,176.125,NaN,NaN
2012-04-01T12:00:00Z,0.0,-87.875,180.125,NaN,NaN
2012-04-01T12:00:00Z,0.0,-87.875,184.125,NaN,NaN
2012-04-01T12:00:00Z,0.0,-87.875,188.125,NaN,NaN
2012-04-01T12:00:00Z,0.0,-87.875,192.125,NaN,NaN
2012-04-01T12:00:00Z,0.0,-87.875,196.125,NaN,NaN
2012-04-01T12:00:00Z,0.0,-87.875,200.125,NaN,NaN
2012-04-01T12:00:00Z,0.0,-87.875,204.125,NaN,NaN
2012-04-01T12:00:00Z,0.0,-87.875,208.125,NaN,NaN
2012-04-01T12:00:00Z,0.0,-87.875,212.125,NaN,NaN
2012-04-01T12:00:00Z,0.0,-87.875,216.125,NaN,NaN
2012-04-01T12:00:00Z,0.0,-87.875,220.125,NaN,NaN
2012-04-01T12:00:00Z,0.0,-87.875,224.125,NaN,NaN
2012-04-01T12:00:00Z,0.0,-87.875,228.125,NaN,NaN
2012-04-01T12:00:00Z,0.0,-87.875,232.125,NaN,NaN
2012-04-01T12:00:00Z,0.0,-87.875,236.125,NaN,NaN
2012-04-01T12:00:00Z,0.0,-87.875,240.125,NaN,NaN
2012-04-01T12:00:00Z,0.0,-87.875,244.125,NaN,NaN
2012-04-01T12:00:00Z,0.0,-87.875,248.125,NaN,NaN
2012-04-01T12:00:00Z,0.0,-87.875,252.125,NaN,NaN
2012-04-01T12:00:00Z,0.0,-87.875,256.125,NaN,NaN
2012-04-01T12:00:00Z,0.0,-87.875,260.125,NaN,NaN
2012-04-01T12:00:00Z,0.0,-87.875,264.125,NaN,NaN
2012-04-01T12:00:00Z,0.0,-87.875,268.125,NaN,NaN
2012-04-01T12:00:00Z,0.0,-87.875,272.125,NaN,NaN
2012-04-01T12:00:00Z,0.0,-87.875,276.125,NaN,NaN
2012-04-01T12:00:00Z,0.0,-87.875,280.125,NaN,NaN
2012-04-01T12:00:00Z,0.0,-87.875,284.125,NaN,NaN
2012-04-01T12:00:00Z,0.0,-87.875,288.125,NaN,NaN
2012-04-01T12:00:00Z,0.0,-87.875,292.125,NaN,NaN
2012-04-01T12:00:00Z,0.0,-87.875,296.125,NaN,NaN
2012-04-01T12:00:00Z,0.0,-87.875,300.125,NaN,NaN
2012-04-01T12:00:00Z,0.0,-87.875,304.125,NaN,NaN
2012-04-01T12:00:00Z,0.0,-87.875,308.125,NaN,NaN
2012-04-01T12:00:00Z,0.0,-87.875,312.125,NaN,NaN
2012-04-01T12:00:00Z,0.0,-87.875,316.125,NaN,NaN
2012-04-01T12:00:00Z,0.0,-87.875,320.125,NaN,NaN
2012-04-01T12:00:00Z,0.0,-87.875,324.125,NaN,NaN
2012-04-01T12:00:00Z,0.0,-87.875,328.125,NaN,NaN
2012-04-01T12:00:00Z,0.0,-87.875,332.125,NaN,NaN
2012-04-01T12:00:00Z,0.0,-87.875,336.125,NaN,NaN
2012-04-01T12:00:00Z,0.0,-87.875,340.125,NaN,NaN
2012-04-01T12:00:00Z,0.0,-87.875,344.125,NaN,NaN
2012-04-01T12:00:00Z,0.0,-87.875,348.125,NaN,NaN
2012-04-01T12:00:00Z,0.0,-87.875,352.125,NaN,NaN
2012-04-01T12:00:00Z,0.0,-87.875,356.125,NaN,NaN
2012-04-01T12:00:00Z,0.0,-83.875,0.125,NaN,NaN
2012-04-01T12:00:00Z,0.0,-83.875,4.125,NaN,NaN
2012-04-01T12:00:00Z,0.0,-83.875,8.125,NaN,NaN
2012-04-01T12:00:00Z,0.0,-83.875,12.125,NaN,NaN
2012-04-01T12:00:00Z,0.0,-83.875,16.125,NaN,NaN
2012-04-01T12:00:00Z,0.0,-83.875,20.125,NaN,NaN
2012-04-01T12:00:00Z,0.0,-83.875,24.125,NaN,NaN
2012-04-01T12:00:00Z,0.0,-83.875,28.125,NaN,NaN
2012-04-01T12:00:00Z,0.0,-83.875,32.125,NaN,NaN
2012-04-01T12:00:00Z,0.0,-83.875,36.125,NaN,NaN
2012-04-01T12:00:00Z,0.0,-83.875,40.125,NaN,NaN
2012-04-01T12:00:00Z,0.0,-83.875,44.125,NaN,NaN
2012-04-01T12:00:00Z,0.0,-83.875,48.125,NaN,NaN
2012-04-01T12:00:00Z,0.0,-83.875,52.125,NaN,NaN
2012-04-01T12:00:00Z,0.0,-83.875,56.125,NaN,NaN
2012-04-01T12:00:00Z,0.0,-83.875,60.125,NaN,NaN
2012-04-01T12:00:00Z,0.0,-83.875,64.125,NaN,NaN
2012-04-01T12:00:00Z,0.0,-83.875,68.125,NaN,NaN
2012-04-01T12:00:00Z,0.0,-83.875,72.125,NaN,NaN
2012-04-01T12:00:00Z,0.0,-83.875,76.125,NaN,NaN
2012-04-01T12:00:00Z,0.0,-83.875,80.125,NaN,NaN
2012-04-01T12:00:00Z,0.0,-83.875,84.125,NaN,NaN
2012-04-01T12:00:00Z,0.0,-83.875,88.125,NaN,NaN
2012-04-01T12:00:00Z,0.0,-83.875,92.125,NaN,NaN
2012-04-01T12:00:00Z,0.0,-83.875,96.125,NaN,NaN
2012-04-01T12:00:00Z,0.0,-83.875,100.125,NaN,NaN
2012-04-01T12:00:00Z,0.0,-83.875,104.125,NaN,NaN
2012-04-01T12:00:00Z,0.0,-83.875,108.125,NaN,NaN
2012-04-01T12:00:00Z,0.0,-83.875,112.125,NaN,NaN
2012-04-01T12:00:00Z,0.0,-83.875,116.125,NaN,NaN
2012-04-01T12:00:00Z,0.0,-83.875,120.125,NaN,NaN
2012-04-01T12:00:00Z,0.0,-83.875,124.125,NaN,NaN
2012-04-01T12:00:00Z,0.0,-83.875,128.125,NaN,NaN
2012-04-01T12:00:00Z,0.0,-83.875,132.125,NaN,NaN
2012-04-01T12:00:00Z,0.0,-83.875,136.125,NaN,NaN
2012-04-01T12:00:00Z,0.0,-83.875,140.125,NaN,NaN
2012-04-01T12:00:00Z,0.0,-83.875,144.125,NaN,NaN
2012-04-01T12:00:00Z,0.0,-83.875,148.125,NaN,NaN
2012-04-01T12:00:00Z,0.0,-83.875,152.125,NaN,NaN
2012-04-01T12:00:00Z,0.0,-83.875,156.125,NaN,NaN
2012-04-01T12:00:00Z,0.0,-83.875,160.125,NaN,NaN
2012-04-01T12:00:00Z,0.0,-83.875,164.125,NaN,NaN
2012-04-01T12:00:00Z,0.0,-83.875,168.125,NaN,NaN
2012-04-01T12:00:00Z,0.0,-83.875,172.125,NaN,NaN
2012-04-01T12:00:00Z,0.0,-83.875,176.125,NaN,NaN
2012-04-01T12:00:00Z,0.0,-83.875,180.125,NaN,NaN
2012-04-01T12:00:00Z,0.0,-83.875,184.125,NaN,NaN
2012-04-01T12:00:00Z,0.0,-83.875,188.125,NaN,NaN
2012-04-01T12:00:00Z,0.0,-83.875,192.125,NaN,NaN
2012-04-01T12:00:00Z,0.0,-83.875,196.125,NaN,NaN
2012-04-01T12:00:00Z,0.0,-83.875,200.125,NaN,NaN
2012-04-01T12:00:00Z,0.0,-83.875,204.125,NaN,NaN
2012-04-01T12:00:00Z,0.0,-83.875,208.125,NaN,NaN
2012-04-01T12:00:00Z,0.0,-83.875,212.125,NaN,NaN
2012-04-01T12:00:00Z,0.0,-83.875,216.125,NaN,NaN
2012-04-01T12:00:00Z,0.0,-83.875,220.125,NaN,NaN
2012-04-01T12:00:00Z,0.0,-83.875,224.125,NaN,NaN
2012-04-01T12:00:00Z,0.0,-83.875,228.125,NaN,NaN
2012-04-01T12:00:00Z,0.0,-83.875,232.125,NaN,NaN
2012-04-01T12:00:00Z,0.0,-83.875,236.125,NaN,NaN
2012-04-01T12:00:00Z,0.0,-83.875,240.125,NaN,NaN
2012-04-01T12:00:00Z,0.0,-83.875,244.125,NaN,NaN
2012-04-01T12:00:00Z,0.0,-83.875,248.125,NaN,NaN
2012-04-01T12:00:00Z,0.0,-83.875,252.125,NaN,NaN
2012-04-01T12:00:00Z,0.0,-83.875,256.125,NaN,NaN
2012-04-01T12:00:00Z,0.0,-83.875,260.125,NaN,NaN
2012-04-01T12:00:00Z,0.0,-83.875,264.125,NaN,NaN
2012-04-01T12:00:00Z,0.0,-83.875,268.125,NaN,NaN
2012-04-01T12:00:00Z,0.0,-83.875,272.125,NaN,NaN
2012-04-01T12:00:00Z,0.0,-83.875,276.125,NaN,NaN
2012-04-01T12:00:00Z,0.0,-83.875,280.125,NaN,NaN
2012-04-01T12:00:00Z,0.0,-83.875,284.125,NaN,NaN
2012-04-01T12:00:00Z,0.0,-83.875,288.125,NaN,NaN
2012-04-01T12:00:00Z,0.0,-83.875,292.125,NaN,NaN
2012-04-01T12:00:00Z,0.0,-83.875,296.125,NaN,NaN
2012-04-01T12:00:00Z,0.0,-83.875,300.125,NaN,NaN
2012-04-01T12:00:00Z,0.0,-83.875,304.125,NaN,NaN
2012-04-01T12:00:00Z,0.0,-83.875,308.125,NaN,NaN
2012-04-01T12:00:00Z,0.0,-83.875,312.125,NaN,NaN
2012-04-01T12:00:00Z,0.0,-83.875,316.125,NaN,NaN
2012-04-01T12:00:00Z,0.0,-83.875,320.125,NaN,NaN
2012-04-01T12:00:00Z,0.0,-83.875,324.125,NaN,NaN
2012-04-01T12:00:00Z,0.0,-83.875,328.125,NaN,NaN
2012-04-01T12:00:00Z,0.0,-83.875,332.125,NaN,NaN
2012-04-01T12:00:00Z,0.0,-83.875,336.125,NaN,NaN
2012-04-01T12:00:00Z,0.0,-83.875,340.125,NaN,NaN
2012-04-01T12:00:00Z,0.0,-83.875,344.125,NaN,NaN
2012-04-01T12:00:00Z,0.0,-83.875,348.125,NaN,NaN
2012-04-01T12:00:00Z,0.0,-83.875,352.125,NaN,NaN
2012-04-01T12:00:00Z,0.0,-83.875,356.125,NaN,NaN
2012-04-01T12:00:00Z,0.0,-79.875,0.125,NaN,NaN
2012-04-01T12:00:00Z,0.0,-79.875,4.125,NaN,NaN
2012-04-01T12:00:00Z,0.0,-79.875,8.125,NaN,NaN
2012-04-01T12:00:00Z,0.0,-79.875,12.125,NaN,NaN
2012-04-01T12:00:00Z,0.0,-79.875,16.125,NaN,NaN
2012-04-01T12:00:00Z,0.0,-79.875,20.125,NaN,NaN
2012-04-01T12:00:00Z,0.0,-79.875,24.125,NaN,NaN
2012-04-01T12:00:00Z,0.0,-79.875,28.125,NaN,NaN
2012-04-01T12:00:00Z,0.0,-79.875,32.125,NaN,NaN
2012-04-01T12:00:00Z,0.0,-79.875,36.125,NaN,NaN
2012-04-01T12:00:00Z,0.0,-79.875,40.125,NaN,NaN
2012-04-01T12:00:00Z,0.0,-79.875,44.125,NaN,NaN
2012-04-01T12:00:00Z,0.0,-79.875,48.125,NaN,NaN
2012-04-01T12:00:00Z,0.0,-79.875,52.125,NaN,NaN
2012-04-01T12:00:00Z,0.0,-79.875,56.125,NaN,NaN
2012-04-01T12:00:00Z,0.0,-79.875,60.125,NaN,NaN
2012-04-01T12:00:00Z,0.0,-79.875,64.125,NaN,NaN
2012-04-01T12:00:00Z,0.0,-79.875,68.125,NaN,NaN
2012-04-01T12:00:00Z,0.0,-79.875,72.125,NaN,NaN
2012-04-01T12:00:00Z,0.0,-79.875,76.125,NaN,NaN
2012-04-01T12:00:00Z,0.0,-79.875,80.125,NaN,NaN
2012-04-01T12:00:00Z,0.0,-79.875,84.125,NaN,NaN
2012-04-01T12:00:00Z,0.0,-79.875,88.125,NaN,NaN
2012-04-01T12:00:00Z,0.0,-79.875,92.125,NaN,NaN
2012-04-01T12:00:00Z,0.0,-79.875,96.125,NaN,NaN
2012-04-01T12:00:00Z,0.0,-79.875,100.125,NaN,NaN
2012-04-01T12:00:00Z,0.0,-79.875,104.125,NaN,NaN
2012-04-01T12:00:00Z,0.0,-79.875,108.125,NaN,NaN
2012-04-01T12:00:00Z,0.0,-79.875,112.125,NaN,NaN
2012-04-01T12:00:00Z,0.0,-79.875,116.125,NaN,NaN
2012-04-01T12:00:00Z,0.0,-79.875,120.125,NaN,NaN
2012-04-01T12:00:00Z,0.0,-79.875,124.125,NaN,NaN
2012-04-01T12:00:00Z,0.0,-79.875,128.125,NaN,NaN
2012-04-01T12:00:00Z,0.0,-79.875,132.125,NaN,NaN
2012-04-01T12:00:00Z,0.0,-79.875,136.125,NaN,NaN
2012-04-01T12:00:00Z,0.0,-79.875,140.125,NaN,NaN
2012-04-01T12:00:00Z,0.0,-79.875,144.125,NaN,NaN
2012-04-01T12:00:00Z,0.0,-79.875,148.125,NaN,NaN
2012-04-01T12:00:00Z,0.0,-79.875,152.125,NaN,NaN
2012-04-01T12:00:00Z,0.0,-79.875,156.125,NaN,NaN
2012-04-01T12:00:00Z,0.0,-79.875,160.125,NaN,NaN
2012-04-01T12:00:00Z,0.0,-79.875,164.125,NaN,NaN
2012-04-01T12:00:00Z,0.0,-79.875,168.125,NaN,NaN
2012-04-01T12:00:00Z,0.0,-79.875,172.125,NaN,NaN
2012-04-01T12:00:00Z,0.0,-79.875,176.125,NaN,NaN
2012-04-01T12:00:00Z,0.0,-79.875,180.125,NaN,NaN
2012-04-01T12:00:00Z,0.0,-79.875,184.125,NaN,NaN
2012-04-01T12:00:00Z,0.0,-79.875,188.125,NaN,NaN
2012-04-01T12:00:00Z,0.0,-79.875,192.125,NaN,NaN
2012-04-01T12:00:00Z,0.0,-79.875,196.125,NaN,NaN
2012-04-01T12:00:00Z,0.0,-79.875,200.125,NaN,NaN
2012-04-01T12:00:00Z,0.0,-79.875,204.125,NaN,NaN
2012-04-01T12:00:00Z,0.0,-79.875,208.125,NaN,NaN
2012-04-01T12:00:00Z,0.0,-79.875,212.125,NaN,NaN
2012-04-01T12:00:00Z,0.0,-79.875,216.125,NaN,NaN
2012-04-01T12:00:00Z,0.0,-79.875,220.125,NaN,NaN
2012-04-01T12:00:00Z,0.0,-79.875,224.125,NaN,NaN
2012-04-01T12:00:00Z,0.0,-79.875,228.125,NaN,NaN
2012-04-01T12:00:00Z,0.0,-79.875,232.125,NaN,NaN
2012-04-01T12:00:00Z,0.0,-79.875,236.125,NaN,NaN
2012-04-01T12:00:00Z,0.0,-79.875,240.125,NaN,NaN
2012-04-01T12:00:00Z,0.0,-79.875,244.125,NaN,NaN
2012-04-01T12:00:00Z,0.0,-79.875,248.125,NaN,NaN
2012-04-01T12:00:00Z,0.0,-79.875,252.125,NaN,NaN
2012-04-01T12:00:00Z,0.0,-79.875,256.125,NaN,NaN
2012-04-01T12:00:00Z,0.0,-79.875,260.125,NaN,NaN
2012-04-01T12:00:00Z,0.0,-79.875,264.125,NaN,NaN
2012-04-01T12:00:00Z,0.0,-79.875,268.125,NaN,NaN
2012-04-01T12:00:00Z,0.0,-79.875,272.125,NaN,NaN
2012-04-01T12:00:00Z,0.0,-79.875,276.125,NaN,NaN
2012-04-01T12:00:00Z,0.0,-79.875,280.125,NaN,NaN
2012-04-01T12:00:00Z,0.0,-79.875,284.125,NaN,NaN
2012-04-01T12:00:00Z,0.0,-79.875,288.125,NaN,NaN
2012-04-01T12:00:00Z,0.0,-79.875,292.125,NaN,NaN
2012-04-01T12:00:00Z,0.0,-79.875,296.125,NaN,NaN
2012-04-01T12:00:00Z,0.0,-79.875,300.125,NaN,NaN
2012-04-01T12:00:00Z,0.0,-79.875,304.125,NaN,NaN
2012-04-01T12:00:00Z,0.0,-79.875,308.125,NaN,NaN
2012-04-01T12:00:00Z,0.0,-79.875,312.125,NaN,NaN
2012-04-01T12:00:00Z,0.0,-79.875,316.125,NaN,NaN
2012-04-01T12:00:00Z,0.0,-79.875,320.125,NaN,NaN
2012-04-01T12:00:00Z,0.0,-79.875,324.125,NaN,NaN
2012-04-01T12:00:00Z,0.0,-79.875,328.125,NaN,NaN
2012-04-01T12:00:00Z,0.0,-79.875,332.125,NaN,NaN
2012-04-01T12:00:00Z,0.0,-79.875,336.125,NaN,NaN
2012-04-01T12:00:00Z,0.0,-79.875,340.125,NaN,NaN
2012-04-01T12:00:00Z,0.0,-79.875,344.125,NaN,NaN
2012-04-01T12:00:00Z,0.0,-79.875,348.125,NaN,NaN
2012-04-01T12:00:00Z,0.0,-79.875,352.125,NaN,NaN
2012-04-01T12:00:00Z,0.0,-79.875,356.125,NaN,NaN
2012-04-01T12:00:00Z,0.0,-75.875,0.125,NaN,NaN
2012-04-01T12:00:00Z,0.0,-75.875,4.125,NaN,NaN
2012-04-01T12:00:00Z,0.0,-75.875,8.125,NaN,NaN
2012-04-01T12:00:00Z,0.0,-75.875,12.125,NaN,NaN
2012-04-01T12:00:00Z,0.0,-75.875,16.125,NaN,NaN
2012-04-01T12:00:00Z,0.0,-75.875,20.125,NaN,NaN
2012-04-01T12:00:00Z,0.0,-75.875,24.125,NaN,NaN
2012-04-01T12:00:00Z,0.0,-75.875,28.125,NaN,NaN
2012-04-01T12:00:00Z,0.0,-75.875,32.125,NaN,NaN
2012-04-01T12:00:00Z,0.0,-75.875,36.125,NaN,NaN
2012-04-01T12:00:00Z,0.0,-75.875,40.125,NaN,NaN
2012-04-01T12:00:00Z,0.0,-75.875,44.125,NaN,NaN
2012-04-01T12:00:00Z,0.0,-75.875,48.125,NaN,NaN
2012-04-01T12:00:00Z,0.0,-75.875,52.125,NaN,NaN
2012-04-01T12:00:00Z,0.0,-75.875,56.125,NaN,NaN
2012-04-01T12:00:00Z,0.0,-75.875,60.125,NaN,NaN
2012-04-01T12:00:00Z,0.0,-75.875,64.125,NaN,NaN
2012-04-01T12:00:00Z,0.0,-75.875,68.125,NaN,NaN
2012-04-01T12:00:00Z,0.0,-75.875,72.125,NaN,NaN
2012-04-01T12:00:00Z,0.0,-75.875,76.125,NaN,NaN
2012-04-01T12:00:00Z,0.0,-75.875,80.125,NaN,NaN
2012-04-01T12:00:00Z,0.0,-75.875,84.125,NaN,NaN
2012-04-01T12:00:00Z,0.0,-75.875,88.125,NaN,NaN
2012-04-01T12:00:00Z,0.0,-75.875,92.125,NaN,NaN
2012-04-01T12:00:00Z,0.0,-75.875,96.125,NaN,NaN
2012-04-01T12:00:00Z,0.0,-75.875,100.125,NaN,NaN
2012-04-01T12:00:00Z,0.0,-75.875,104.125,NaN,NaN
2012-04-01T12:00:00Z,0.0,-75.875,108.125,NaN,NaN
2012-04-01T12:00:00Z,0.0,-75.875,112.125,NaN,NaN
2012-04-01T12:00:00Z,0.0,-75.875,116.125,NaN,NaN
2012-04-01T12:00:00Z,0.0,-75.875,120.125,NaN,NaN
2012-04-01T12:00:00Z,0.0,-75.875,124.125,NaN,NaN
2012-04-01T12:00:00Z,0.0,-75.875,128.125,NaN,NaN
2012-04-01T12:00:00Z,0.0,-75.875,132.125,NaN,NaN
2012-04-01T12:00:00Z,0.0,-75.875,136.125,NaN,NaN
2012-04-01T12:00:00Z,0.0,-75.875,140.125,NaN,NaN
2012-04-01T12:00:00Z,0.0,-75.875,144.125,NaN,NaN
2012-04-01T12:00:00Z,0.0,-75.875,148.125,NaN,NaN
2012-04-01T12:00:00Z,0.0,-75.875,152.125,NaN,NaN
2012-04-01T12:00:00Z,0.0,-75.875,156.125,NaN,NaN
2012-04-01T12:00:00Z,0.0,-75.875,160.125,NaN,NaN
2012-04-01T12:00:00Z,0.0,-75.875,164.125,-1.66,-0.41
2012-04-01T12:00:00Z,0.0,-75.875,168.125,-1.71,-0.23
2012-04-01T12:00:00Z,0.0,-75.875,172.125,-1.67,-0.32
2012-04-01T12:00:00Z,0.0,-75.875,176.125,-1.7,-0.34
2012-04-01T12:00:00Z,0.0,-75.875,180.125,-1.73,-0.32
2012-04-01T12:00:00Z,0.0,-75.875,184.125,-1.78,-0.33
2012-04-01T12:00:00Z,0.0,-75.875,188.125,-1.76,-0.23
2012-04-01T12:00:00Z,0.0,-75.875,192.125,-1.75,-0.17
2012-04-01T12:00:00Z,0.0,-75.875,196.125,-1.76,-0.12
2012-04-01T12:00:00Z,0.0,-75.875,200.125,-1.76,-0.12
2012-04-01T12:00:00Z,0.0,-75.875,204.125,-1.78,-0.11
2012-04-01T12:00:00Z,0.0,-75.875,208.125,-1.73,-0.06
2012-04-01T12:00:00Z,0.0,-75.875,212.125,-1.69,-0.03
2012-04-01T12:00:00Z,0.0,-75.875,216.125,NaN,NaN
2012-04-01T12:00:00Z,0.0,-75.875,220.125,NaN,NaN
2012-04-01T12:00:00Z,0.0,-75.875,224.125,NaN,NaN
2012-04-01T12:00:00Z,0.0,-75.875,228.125,NaN,NaN
2012-04-01T12:00:00Z,0.0,-75.875,232.125,NaN,NaN
2012-04-01T12:00:00Z,0.0,-75.875,236.125,NaN,NaN
2012-04-01T12:00:00Z,0.0,-75.875,240.125,NaN,NaN
2012-04-01T12:00:00Z,0.0,-75.875,244.125,NaN,NaN
2012-04-01T12:00:00Z,0.0,-75.875,248.125,NaN,NaN
2012-04-01T12:00:00Z,0.0,-75.875,252.125,NaN,NaN
2012-04-01T12:00:00Z,0.0,-75.875,256.125,NaN,NaN
2012-04-01T12:00:00Z,0.0,-75.875,260.125,NaN,NaN
2012-04-01T12:00:00Z,0.0,-75.875,264.125,NaN,NaN
2012-04-01T12:00:00Z,0.0,-75.875,268.125,NaN,NaN
2012-04-01T12:00:00Z,0.0,-75.875,272.125,NaN,NaN
2012-04-01T12:00:00Z,0.0,-75.875,276.125,NaN,NaN
2012-04-01T12:00:00Z,0.0,-75.875,280.125,NaN,NaN
2012-04-01T12:00:00Z,0.0,-75.875,284.125,NaN,NaN
2012-04-01T12:00:00Z,0.0,-75.875,288.125,NaN,NaN
2012-04-01T12:00:00Z,0.0,-75.875,292.125,NaN,NaN
2012-04-01T12:00:00Z,0.0,-75.875,296.125,-1.67,-0.32
2012-04-01T12:00:00Z,0.0,-75.875,300.125,-1.47,-0.25
2012-04-01T12:00:00Z,0.0,-75.875,304.125,-1.53,0.0
2012-04-01T12:00:00Z,0.0,-75.875,308.125,-1.75,-0.08
2012-04-01T12:00:00Z,0.0,-75.875,312.125,-1.75,-0.05
2012-04-01T12:00:00Z,0.0,-75.875,316.125,-1.73,-0.06
2012-04-01T12:00:00Z,0.0,-75.875,320.125,-1.66,0.04
2012-04-01T12:00:00Z,0.0,-75.875,324.125,-1.72,-0.08
2012-04-01T12:00:00Z,0.0,-75.875,328.125,-1.77,-0.24
2012-04-01T12:00:00Z,0.0,-75.875,332.125,-1.61,-0.19
2012-04-01T12:00:00Z,0.0,-75.875,336.125,-1.68,-0.26
2012-04-01T12:00:00Z,0.0,-75.875,340.125,NaN,NaN
2012-04-01T12:00:00Z,0.0,-75.875,344.125,NaN,NaN
2012-04-01T12:00:00Z,0.0,-75.875,348.125,NaN,NaN
2012-04-01T12:00:00Z,0.0,-75.875,352.125,NaN,NaN
2012-04-01T12:00:00Z,0.0,-75.875,356.125,NaN,NaN
2012-04-01T12:00:00Z,0.0,-71.875,0.125,NaN,NaN
2012-04-01T12:00:00Z,0.0,-71.875,4.125,NaN,NaN
2012-04-01T12:00:00Z,0.0,-71.875,8.125,NaN,NaN
2012-04-01T12:00:00Z,0.0,-71.875,12.125,NaN,NaN
2012-04-01T12:00:00Z,0.0,-71.875,16.125,NaN,NaN
2012-04-01T12:00:00Z,0.0,-71.875,20.125,NaN,NaN
2012-04-01T12:00:00Z,0.0,-71.875,24.125,NaN,NaN
2012-04-01T12:00:00Z,0.0,-71.875,28.125,NaN,NaN
2012-04-01T12:00:00Z,0.0,-71.875,32.125,NaN,NaN
2012-04-01T12:00:00Z,0.0,-71.875,36.125,NaN,NaN
2012-04-01T12:00:00Z,0.0,-71.875,40.125,NaN,NaN
2012-04-01T12:00:00Z,0.0,-71.875,44.125,NaN,NaN
2012-04-01T12:00:00Z,0.0,-71.875,48.125,NaN,NaN
2012-04-01T12:00:00Z,0.0,-71.875,52.125,NaN,NaN
2012-04-01T12:00:00Z,0.0,-71.875,56.125,NaN,NaN
2012-04-01T12:00:00Z,0.0,-71.875,60.125,NaN,NaN
2012-04-01T12:00:00Z,0.0,-71.875,64.125,NaN,NaN
2012-04-01T12:00:00Z,0.0,-71.875,68.125,-1.11,0.01
2012-04-01T12:00:00Z,0.0,-71.875,72.125,NaN,NaN
2012-04-01T12:00:00Z,0.0,-71.875,76.125,NaN,NaN
2012-04-01T12:00:00Z,0.0,-71.875,80.125,NaN,NaN
2012-04-01T12:00:00Z,0.0,-71.875,84.125,NaN,NaN
2012-04-01T12:00:00Z,0.0,-71.875,88.125,NaN,NaN
2012-04-01T12:00:00Z,0.0,-71.875,92.125,NaN,NaN
2012-04-01T12:00:00Z,0.0,-71.875,96.125,NaN,NaN
2012-04-01T12:00:00Z,0.0,-71.875,100.125,NaN,NaN
2012-04-01T12:00:00Z,0.0,-71.875,104.125,NaN,NaN
2012-04-01T12:00:00Z,0.0,-71.875,108.125,NaN,NaN
2012-04-01T12:00:00Z,0.0,-71.875,112.125,NaN,NaN
2012-04-01T12:00:00Z,0.0,-71.875,116.125,NaN,NaN
2012-04-01T12:00:00Z,0.0,-71.875,120.125,NaN,NaN
2012-04-01T12:00:00Z,0.0,-71.875,124.125,NaN,NaN
2012-04-01T12:00:00Z,0.0,-71.875,128.125,NaN,NaN
2012-04-01T12:00:00Z,0.0,-71.875,132.125,NaN,NaN
2012-04-01T12:00:00Z,0.0,-71.875,136.125,NaN,NaN
2012-04-01T12:00:00Z,0.0,-71.875,140.125,NaN,NaN
2012-04-01T12:00:00Z,0.0,-71.875,144.125,NaN,NaN
2012-04-01T12:00:00Z,0.0,-71.875,148.125,NaN,NaN
2012-04-01T12:00:00Z,0.0,-71.875,152.125,NaN,NaN
2012-04-01T12:00:00Z,0.0,-71.875,156.125,NaN,NaN
2012-04-01T12:00:00Z,0.0,-71.875,160.125,NaN,NaN
2012-04-01T12:00:00Z,0.0,-71.875,164.125,NaN,NaN
2012-04-01T12:00:00Z,0.0,-71.875,168.125,NaN,NaN
2012-04-01T12:00:00Z,0.0,-71.875,172.125,-1.52,-0.28
2012-04-01T12:00:00Z,0.0,-71.875,176.125,-1.63,-0.39
2012-04-01T12:00:00Z,0.0,-71.875,180.125,-1.67,-0.37
2012-04-01T12:00:00Z,0.0,-71.875,184.125,-1.69,-0.3
2012-04-01T12:00:00Z,0.0,-71.875,188.125,-1.7,-0.22
2012-04-01T12:00:00Z,0.0,-71.875,192.125,-1.74,-0.24
2012-04-01T12:00:00Z,0.0,-71.875,196.125,-1.5,-0.04
2012-04-01T12:00:00Z,0.0,-71.875,200.125,-1.33,0.1
2012-04-01T12:00:00Z,0.0,-71.875,204.125,-1.51,-0.09
2012-04-01T12:00:00Z,0.0,-71.875,208.125,-1.38,0.02
2012-04-01T12:00:00Z,0.0,-71.875,212.125,-1.55,-0.17
2012-04-01T12:00:00Z,0.0,-71.875,216.125,-1.47,-0.13
2012-04-01T12:00:00Z,0.0,-71.875,220.125,-1.5,-0.18
2012-04-01T12:00:00Z,0.0,-71.875,224.125,-1.54,-0.17
2012-04-01T12:00:00Z,0.0,-71.875,228.125,-1.6,-0.13
2012-04-01T12:00:00Z,0.0,-71.875,232.125,-1.69,-0.25
2012-04-01T12:00:00Z,0.0,-71.875,236.125,-1.69,-0.28
2012-04-01T12:00:00Z,0.0,-71.875,240.125,-1.67,-0.39
2012-04-01T12:00:00Z,0.0,-71.875,244.125,-1.73,-0.52
2012-04-01T12:00:00Z,0.0,-71.875,248.125,-1.79,-0.69
2012-04-01T12:00:00Z,0.0,-71.875,252.125,-1.8,-0.55
2012-04-01T12:00:00Z,0.0,-71.875,256.125,-1.8,-0.62
2012-04-01T12:00:00Z,0.0,-71.875,260.125,-1.79,-0.62
2012-04-01T12:00:00Z,0.0,-71.875,264.125,-1.79,-0.56
2012-04-01T12:00:00Z,0.0,-71.875,268.125,-1.54,-0.24
2012-04-01T12:00:00Z,0.0,-71.875,272.125,-1.56,-0.26
2012-04-01T12:00:00Z,0.0,-71.875,276.125,-1.47,-0.39
2012-04-01T12:00:00Z,0.0,-71.875,280.125,-1.55,-0.75
2012-04-01T12:00:00Z,0.0,-71.875,284.125,-1.57,-1.01
2012-04-01T12:00:00Z,0.0,-71.875,288.125,-1.51,-0.73
2012-04-01T12:00:00Z,0.0,-71.875,292.125,-1.13,-0.06
2012-04-01T12:00:00Z,0.0,-71.875,296.125,NaN,NaN
2012-04-01T12:00:00Z,0.0,-71.875,300.125,-1.77,-0.14
2012-04-01T12:00:00Z,0.0,-71.875,304.125,-1.71,0.02
2012-04-01T12:00:00Z,0.0,-71.875,308.125,-1.74,-0.01
2012-04-01T12:00:00Z,0.0,-71.875,312.125,-1.74,-0.03
2012-04-01T12:00:00Z,0.0,-71.875,316.125,-1.72,-0.07
2012-04-01T12:00:00Z,0.0,-71.875,320.125,-1.75,-0.19
2012-04-01T12:00:00Z,0.0,-71.875,324.125,-1.79,-0.35
2012-04-01T12:00:00Z,0.0,-71.875,328.125,-1.76,-0.44
2012-04-01T12:00:00Z,0.0,-71.875,332.125,-1.78,-0.56
2012-04-01T12:00:00Z,0.0,-71.875,336.125,-1.75,-0.6
2012-04-01T12:00:00Z,0.0,-71.875,340.125,-1.8,-0.72
2012-04-01T12:00:00Z,0.0,-71.875,344.125,-1.76,-0.7
2012-04-01T12:00:00Z,0.0,-71.875,348.125,-1.7,-0.74
2012-04-01T12:00:00Z,0.0,-71.875,352.125,NaN,NaN
2012-04-01T12:00:00Z,0.0,-71.875,356.125,NaN,NaN
2012-04-01T12:00:00Z,0.0,-67.875,0.125,-1.15,-0.72
2012-04-01T12:00:00Z,0.0,-67.875,4.125,-1.3,-0.86
2012-04-01T12:00:00Z,0.0,-67.875,8.125,-1.3,-0.79
2012-04-01T12:00:00Z,0.0,-67.875,12.125,-1.64,-1.01
2012-04-01T12:00:00Z,0.0,-67.875,16.125,-1.29,-0.7
2012-04-01T12:00:00Z,0.0,-67.875,20.125,-0.95,-0.44
2012-04-01T12:00:00Z,0.0,-67.875,24.125,-1.21,-0.72
2012-04-01T12:00:00Z,0.0,-67.875,28.125,-1.23,-0.74
2012-04-01T12:00:00Z,0.0,-67.875,32.125,-1.42,-0.93
2012-04-01T12:00:00Z,0.0,-67.875,36.125,-1.28,-0.67
2012-04-01T12:00:00Z,0.0,-67.875,40.125,-1.31,-0.67
2012-04-01T12:00:00Z,0.0,-67.875,44.125,-1.66,-1.0
2012-04-01T12:00:00Z,0.0,-67.875,48.125,NaN,NaN
2012-04-01T12:00:00Z,0.0,-67.875,52.125,NaN,NaN
2012-04-01T12:00:00Z,0.0,-67.875,56.125,NaN,NaN
2012-04-01T12:00:00Z,0.0,-67.875,60.125,NaN,NaN
2012-04-01T12:00:00Z,0.0,-67.875,64.125,NaN,NaN
2012-04-01T12:00:00Z,0.0,-67.875,68.125,NaN,NaN
2012-04-01T12:00:00Z,0.0,-67.875,72.125,-1.57,-0.43
2012-04-01T12:00:00Z,0.0,-67.875,76.125,-1.69,-0.57
2012-04-01T12:00:00Z,0.0,-67.875,80.125,-1.26,-0.24
2012-04-01T12:00:00Z,0.0,-67.875,84.125,NaN,NaN
2012-04-01T12:00:00Z,0.0,-67.875,88.125,NaN,NaN
2012-04-01T12:00:00Z,0.0,-67.875,92.125,NaN,NaN
2012-04-01T12:00:00Z,0.0,-67.875,96.125,NaN,NaN
2012-04-01T12:00:00Z,0.0,-67.875,100.125,NaN,NaN
2012-04-01T12:00:00Z,0.0,-67.875,104.125,NaN,NaN
2012-04-01T12:00:00Z,0.0,-67.875,108.125,NaN,NaN
2012-04-01T12:00:00Z,0.0,-67.875,112.125,NaN,NaN
2012-04-01T12:00:00Z,0.0,-67.875,116.125,NaN,NaN
2012-04-01T12:00:00Z,0.0,-67.875,120.125,NaN,NaN
2012-04-01T12:00:00Z,0.0,-67.875,124.125,NaN,NaN
2012-04-01T12:00:00Z,0.0,-67.875,128.125,NaN,NaN
2012-04-01T12:00:00Z,0.0,-67.875,132.125,NaN,NaN
2012-04-01T12:00:00Z,0.0,-67.875,136.125,NaN,NaN
2012-04-01T12:00:00Z,0.0,-67.875,140.125,NaN,NaN
2012-04-01T12:00:00Z,0.0,-67.875,144.125,NaN,NaN
2012-04-01T12:00:00Z,0.0,-67.875,148.125,-1.6,-0.35
2012-04-01T12:00:00Z,0.0,-67.875,152.125,-1.76,-0.19
2012-04-01T12:00:00Z,0.0,-67.875,156.125,-1.75,-0.26
2012-04-01T12:00:00Z,0.0,-67.875,160.125,-1.67,-0.44
2012-04-01T12:00:00Z,0.0,-67.875,164.125,-1.67,-0.77
2012-04-01T12:00:00Z,0.0,-67.875,168.125,-1.56,-0.8
2012-04-01T12:00:00Z,0.0,-67.875,172.125,-1.37,-0.54
2012-04-01T12:00:00Z,0.0,-67.875,176.125,-1.35,-0.53
2012-04-01T12:00:00Z,0.0,-67.875,180.125,-1.29,-0.63
2012-04-01T12:00:00Z,0.0,-67.875,184.125,-1.31,-0.64
2012-04-01T12:00:00Z,0.0,-67.875,188.125,-0.86,-0.13
2012-04-01T12:00:00Z,0.0,-67.875,192.125,-1.42,-0.62
2012-04-01T12:00:00Z,0.0,-67.875,196.125,-0.68,0.13
2012-04-01T12:00:00Z,0.0,-67.875,200.125,-0.85,-0.05
2012-04-01T12:00:00Z,0.0,-67.875,204.125,-0.78,0.04
2012-04-01T12:00:00Z,0.0,-67.875,208.125,-0.7,0.13
2012-04-01T12:00:00Z,0.0,-67.875,212.125,-0.55,0.23
2012-04-01T12:00:00Z,0.0,-67.875,216.125,-0.7,-0.04
2012-04-01T12:00:00Z,0.0,-67.875,220.125,-0.64,0.02
2012-04-01T12:00:00Z,0.0,-67.875,224.125,-0.68,-0.1
2012-04-01T12:00:00Z,0.0,-67.875,228.125,-0.45,0.08
2012-04-01T12:00:00Z,0.0,-67.875,232.125,-0.52,-0.01
2012-04-01T12:00:00Z,0.0,-67.875,236.125,-0.82,-0.37
2012-04-01T12:00:00Z,0.0,-67.875,240.125,-0.39,-0.08
2012-04-01T12:00:00Z,0.0,-67.875,244.125,-0.24,-0.03
2012-04-01T12:00:00Z,0.0,-67.875,248.125,0.01,0.12
2012-04-01T12:00:00Z,0.0,-67.875,252.125,0.07,0.04
2012-04-01T12:00:00Z,0.0,-67.875,256.125,-0.04,-0.25
2012-04-01T12:00:00Z,0.0,-67.875,260.125,0.2,-0.11
2012-04-01T12:00:00Z,0.0,-67.875,264.125,-0.45,-0.74
2012-04-01T12:00:00Z,0.0,-67.875,268.125,-0.5,-0.69
2012-04-01T12:00:00Z,0.0,-67.875,272.125,-1.17,-1.26
2012-04-01T12:00:00Z,0.0,-67.875,276.125,-0.1,-0.33
2012-04-01T12:00:00Z,0.0,-67.875,280.125,-0.54,-0.81
2012-04-01T12:00:00Z,0.0,-67.875,284.125,-0.4,-0.51
2012-04-01T12:00:00Z,0.0,-67.875,288.125,-0.54,-0.59
2012-04-01T12:00:00Z,0.0,-67.875,292.125,-0.68,-0.63
2012-04-01T12:00:00Z,0.0,-67.875,296.125,-0.32,0.27
2012-04-01T12:00:00Z,0.0,-67.875,300.125,-1.79,-0.42
2012-04-01T12:00:00Z,0.0,-67.875,304.125,-1.8,-0.1
2012-04-01T12:00:00Z,0.0,-67.875,308.125,-1.77,-0.1
2012-04-01T12:00:00Z,0.0,-67.875,312.125,-1.71,-0.27
2012-04-01T12:00:00Z,0.0,-67.875,316.125,-1.74,-0.55
2012-04-01T12:00:00Z,0.0,-67.875,320.125,-1.72,-0.68
2012-04-01T12:00:00Z,0.0,-67.875,324.125,-1.74,-0.76
2012-04-01T12:00:00Z,0.0,-67.875,328.125,-1.73,-0.84
2012-04-01T12:00:00Z,0.0,-67.875,332.125,-1.64,-0.86
2012-04-01T12:00:00Z,0.0,-67.875,336.125,-1.37,-0.67
2012-04-01T12:00:00Z,0.0,-67.875,340.125,-1.59,-0.93
2012-04-01T12:00:00Z,0.0,-67.875,344.125,-1.45,-0.85
2012-04-01T12:00:00Z,0.0,-67.875,348.125,-1.4,-0.84
2012-04-01T12:00:00Z,0.0,-67.875,352.125,-1.32,-0.78
2012-04-01T12:00:00Z,0.0,-67.875,356.125,-1.35,-0.87
2012-04-01T12:00:00Z,0.0,-63.875,0.125,-0.65,-0.78
2012-04-01T12:00:00Z,0.0,-63.875,4.125,-0.31,-0.48
2012-04-01T12:00:00Z,0.0,-63.875,8.125,-0.74,-0.96
2012-04-01T12:00:00Z,0.0,-63.875,12.125,-0.16,-0.35
2012-04-01T12:00:00Z,0.0,-63.875,16.125,-0.44,-0.64
2012-04-01T12:00:00Z,0.0,-63.875,20.125,-0.09,-0.33
2012-04-01T12:00:00Z,0.0,-63.875,24.125,-0.03,-0.33
2012-04-01T12:00:00Z,0.0,-63.875,28.125,0.25,-0.14
2012-04-01T12:00:00Z,0.0,-63.875,32.125,0.43,0.04
2012-04-01T12:00:00Z,0.0,-63.875,36.125,0.56,0.07
2012-04-01T12:00:00Z,0.0,-63.875,40.125,0.32,-0.2
2012-04-01T12:00:00Z,0.0,-63.875,44.125,0.57,0.13
2012-04-01T12:00:00Z,0.0,-63.875,48.125,0.57,0.34
2012-04-01T12:00:00Z,0.0,-63.875,52.125,-0.22,-0.31
2012-04-01T12:00:00Z,0.0,-63.875,56.125,-0.06,-0.04
2012-04-01T12:00:00Z,0.0,-63.875,60.125,-0.12,-0.07
2012-04-01T12:00:00Z,0.0,-63.875,64.125,-0.03,0.12
2012-04-01T12:00:00Z,0.0,-63.875,68.125,-0.64,-0.4
2012-04-01T12:00:00Z,0.0,-63.875,72.125,-0.75,-0.61
2012-04-01T12:00:00Z,0.0,-63.875,76.125,-1.19,-1.12
2012-04-01T12:00:00Z,0.0,-63.875,80.125,-0.74,-0.64
2012-04-01T12:00:00Z,0.0,-63.875,84.125,-0.68,-0.47
2012-04-01T12:00:00Z,0.0,-63.875,88.125,-0.6,-0.3
2012-04-01T12:00:00Z,0.0,-63.875,92.125,-1.08,-0.72
2012-04-01T12:00:00Z,0.0,-63.875,96.125,-1.16,-0.72
2012-04-01T12:00:00Z,0.0,-63.875,100.125,-0.93,-0.46
2012-04-01T12:00:00Z,0.0,-63.875,104.125,-0.79,-0.46
2012-04-01T12:00:00Z,0.0,-63.875,108.125,-0.74,-0.45
2012-04-01T12:00:00Z,0.0,-63.875,112.125,-0.84,-0.73
2012-04-01T12:00:00Z,0.0,-63.875,116.125,-0.96,-0.93
2012-04-01T12:00:00Z,0.0,-63.875,120.125,-0.67,-0.81
2012-04-01T12:00:00Z,0.0,-63.875,124.125,0.15,-0.06
2012-04-01T12:00:00Z,0.0,-63.875,128.125,0.53,0.2
2012-04-01T12:00:00Z,0.0,-63.875,132.125,-0.5,-0.86
2012-04-01T12:00:00Z,0.0,-63.875,136.125,-0.16,-0.49
2012-04-01T12:00:00Z,0.0,-63.875,140.125,-0.02,-0.35
2012-04-01T12:00:00Z,0.0,-63.875,144.125,-0.08,-0.48
2012-04-01T12:00:00Z,0.0,-63.875,148.125,0.23,-0.1
2012-04-01T12:00:00Z,0.0,-63.875,152.125,0.28,0.13
2012-04-01T12:00:00Z,0.0,-63.875,156.125,-0.78,-0.95
2012-04-01T12:00:00Z,0.0,-63.875,160.125,-0.82,-0.79
2012-04-01T12:00:00Z,0.0,-63.875,164.125,-0.85,-1.08
2012-04-01T12:00:00Z,0.0,-63.875,168.125,-0.65,-1.23
2012-04-01T12:00:00Z,0.0,-63.875,172.125,-0.14,-1.13
2012-04-01T12:00:00Z,0.0,-63.875,176.125,1.28,-0.14
2012-04-01T12:00:00Z,0.0,-63.875,180.125,1.88,0.02
2012-04-01T12:00:00Z,0.0,-63.875,184.125,1.53,-0.16
2012-04-01T12:00:00Z,0.0,-63.875,188.125,0.76,-0.51
2012-04-01T12:00:00Z,0.0,-63.875,192.125,0.13,-0.62
2012-04-01T12:00:00Z,0.0,-63.875,196.125,-0.21,-0.61
2012-04-01T12:00:00Z,0.0,-63.875,200.125,0.2,-0.11
2012-04-01T12:00:00Z,0.0,-63.875,204.125,0.04,-0.16
2012-04-01T12:00:00Z,0.0,-63.875,208.125,0.0,-0.06
2012-04-01T12:00:00Z,0.0,-63.875,212.125,-0.07,-0.19
2012-04-01T12:00:00Z,0.0,-63.875,216.125,-0.12,-0.41
2012-04-01T12:00:00Z,0.0,-63.875,220.125,-0.09,-0.49
2012-04-01T12:00:00Z,0.0,-63.875,224.125,0.85,0.26
2012-04-01T12:00:00Z,0.0,-63.875,228.125,0.17,-0.73
2012-04-01T12:00:00Z,0.0,-63.875,232.125,0.64,-0.58
2012-04-01T12:00:00Z,0.0,-63.875,236.125,1.63,0.09
2012-04-01T12:00:00Z,0.0,-63.875,240.125,1.15,-0.56
2012-04-01T12:00:00Z,0.0,-63.875,244.125,1.52,-0.48
2012-04-01T12:00:00Z,0.0,-63.875,248.125,2.67,0.38
2012-04-01T12:00:00Z,0.0,-63.875,252.125,2.06,-0.06
2012-04-01T12:00:00Z,0.0,-63.875,256.125,2.18,0.13
2012-04-01T12:00:00Z,0.0,-63.875,260.125,1.94,-0.23
2012-04-01T12:00:00Z,0.0,-63.875,264.125,1.98,-0.23
2012-04-01T12:00:00Z,0.0,-63.875,268.125,1.68,-0.46
2012-04-01T12:00:00Z,0.0,-63.875,272.125,2.51,0.19
2012-04-01T12:00:00Z,0.0,-63.875,276.125,1.4,-0.83
2012-04-01T12:00:00Z,0.0,-63.875,280.125,0.76,-1.37
2012-04-01T12:00:00Z,0.0,-63.875,284.125,1.75,-0.16
2012-04-01T12:00:00Z,0.0,-63.875,288.125,0.88,-0.61
2012-04-01T12:00:00Z,0.0,-63.875,292.125,0.95,-0.11
2012-04-01T12:00:00Z,0.0,-63.875,296.125,0.35,-0.23
2012-04-01T12:00:00Z,0.0,-63.875,300.125,-0.36,-0.22
2012-04-01T12:00:00Z,0.0,-63.875,304.125,-1.48,-0.82
2012-04-01T12:00:00Z,0.0,-63.875,308.125,-1.72,-0.81
2012-04-01T12:00:00Z,0.0,-63.875,312.125,-1.67,-1.06
2012-04-01T12:00:00Z,0.0,-63.875,316.125,-1.39,-0.95
2012-04-01T12:00:00Z,0.0,-63.875,320.125,-1.47,-1.0
2012-04-01T12:00:00Z,0.0,-63.875,324.125,-1.19,-0.74
2012-04-01T12:00:00Z,0.0,-63.875,328.125,-1.19,-0.77
2012-04-01T12:00:00Z,0.0,-63.875,332.125,-0.9,-0.48
2012-04-01T12:00:00Z,0.0,-63.875,336.125,-0.88,-0.47
2012-04-01T12:00:00Z,0.0,-63.875,340.125,-0.78,-0.43
2012-04-01T12:00:00Z,0.0,-63.875,344.125,-0.74,-0.47
2012-04-01T12:00:00Z,0.0,-63.875,348.125,-0.94,-0.73
2012-04-01T12:00:00Z,0.0,-63.875,352.125,-0.48,-0.4
2012-04-01T12:00:00Z,0.0,-63.875,356.125,-0.43,-0.51
2012-04-01T12:00:00Z,0.0,-59.875,0.125,0.1,-0.18
2012-04-01T12:00:00Z,0.0,-59.875,4.125,-0.4,-0.74
2012-04-01T12:00:00Z,0.0,-59.875,8.125,0.11,-0.26
2012-04-01T12:00:00Z,0.0,-59.875,12.125,-0.24,-0.7
2012-04-01T12:00:00Z,0.0,-59.875,16.125,0.14,-0.42
2012-04-01T12:00:00Z,0.0,-59.875,20.125,0.34,-0.45
2012-04-01T12:00:00Z,0.0,-59.875,24.125,0.78,-0.28
2012-04-01T12:00:00Z,0.0,-59.875,28.125,1.08,-0.13
2012-04-01T12:00:00Z,0.0,-59.875,32.125,1.29,0.09
2012-04-01T12:00:00Z,0.0,-59.875,36.125,1.3,0.02
2012-04-01T12:00:00Z,0.0,-59.875,40.125,1.43,0.11
2012-04-01T12:00:00Z,0.0,-59.875,44.125,1.4,0.03
2012-04-01T12:00:00Z,0.0,-59.875,48.125,1.52,0.1
2012-04-01T12:00:00Z,0.0,-59.875,52.125,1.17,-0.1
2012-04-01T12:00:00Z,0.0,-59.875,56.125,1.06,-0.07
2012-04-01T12:00:00Z,0.0,-59.875,60.125,1.73,0.57
2012-04-01T12:00:00Z,0.0,-59.875,64.125,1.17,-0.1
2012-04-01T12:00:00Z,0.0,-59.875,68.125,0.85,-0.35
2012-04-01T12:00:00Z,0.0,-59.875,72.125,0.72,-0.21
2012-04-01T12:00:00Z,0.0,-59.875,76.125,0.8,0.1
2012-04-01T12:00:00Z,0.0,-59.875,80.125,0.77,0.11
2012-04-01T12:00:00Z,0.0,-59.875,84.125,0.91,0.2
2012-04-01T12:00:00Z,0.0,-59.875,88.125,1.69,0.44
2012-04-01T12:00:00Z,0.0,-59.875,92.125,1.79,0.6
2012-04-01T12:00:00Z,0.0,-59.875,96.125,1.45,0.33
2012-04-01T12:00:00Z,0.0,-59.875,100.125,1.49,0.4
2012-04-01T12:00:00Z,0.0,-59.875,104.125,1.45,0.1
2012-04-01T12:00:00Z,0.0,-59.875,108.125,1.25,-0.26
2012-04-01T12:00:00Z,0.0,-59.875,112.125,1.74,0.08
2012-04-01T12:00:00Z,0.0,-59.875,116.125,1.91,0.04
2012-04-01T12:00:00Z,0.0,-59.875,120.125,2.42,0.51
2012-04-01T12:00:00Z,0.0,-59.875,124.125,2.29,0.22
2012-04-01T12:00:00Z,0.0,-59.875,128.125,2.42,0.03
2012-04-01T12:00:00Z,0.0,-59.875,132.125,2.38,-0.12
2012-04-01T12:00:00Z,0.0,-59.875,136.125,2.8,0.38
2012-04-01T12:00:00Z,0.0,-59.875,140.125,1.58,-0.93
2012-04-01T12:00:00Z,0.0,-59.875,144.125,2.71,0.24
2012-04-01T12:00:00Z,0.0,-59.875,148.125,1.98,0.06
2012-04-01T12:00:00Z,0.0,-59.875,152.125,1.71,-0.14
2012-04-01T12:00:00Z,0.0,-59.875,156.125,2.34,-0.04
2012-04-01T12:00:00Z,0.0,-59.875,160.125,2.2,-0.57
2012-04-01T12:00:00Z,0.0,-59.875,164.125,4.29,0.62
2012-04-01T12:00:00Z,0.0,-59.875,168.125,5.17,0.52
2012-04-01T12:00:00Z,0.0,-59.875,172.125,5.4,0.12
2012-04-01T12:00:00Z,0.0,-59.875,176.125,4.57,-0.31
2012-04-01T12:00:00Z,0.0,-59.875,180.125,3.95,-0.57
2012-04-01T12:00:00Z,0.0,-59.875,184.125,3.4,-0.87
2012-04-01T12:00:00Z,0.0,-59.875,188.125,4.02,-0.06
2012-04-01T12:00:00Z,0.0,-59.875,192.125,4.32,0.54
2012-04-01T12:00:00Z,0.0,-59.875,196.125,3.28,-0.05
2012-04-01T12:00:00Z,0.0,-59.875,200.125,2.21,-0.57
2012-04-01T12:00:00Z,0.0,-59.875,204.125,1.67,-0.31
2012-04-01T12:00:00Z,0.0,-59.875,208.125,0.85,-0.32
2012-04-01T12:00:00Z,0.0,-59.875,212.125,0.86,-0.25
2012-04-01T12:00:00Z,0.0,-59.875,216.125,1.33,-0.01
2012-04-01T12:00:00Z,0.0,-59.875,220.125,1.56,-0.13
2012-04-01T12:00:00Z,0.0,-59.875,224.125,1.55,-0.42
2012-04-01T12:00:00Z,0.0,-59.875,228.125,1.84,-0.62
2012-04-01T12:00:00Z,0.0,-59.875,232.125,2.36,-0.53
2012-04-01T12:00:00Z,0.0,-59.875,236.125,2.99,-0.35
2012-04-01T12:00:00Z,0.0,-59.875,240.125,3.57,0.17
2012-04-01T12:00:00Z,0.0,-59.875,244.125,3.34,-0.45
2012-04-01T12:00:00Z,0.0,-59.875,248.125,3.34,-0.65
2012-04-01T12:00:00Z,0.0,-59.875,252.125,3.98,-0.11
2012-04-01T12:00:00Z,0.0,-59.875,256.125,4.75,0.4
2012-04-01T12:00:00Z,0.0,-59.875,260.125,4.95,0.38
2012-04-01T12:00:00Z,0.0,-59.875,264.125,4.43,-0.22
2012-04-01T12:00:00Z,0.0,-59.875,268.125,4.04,-0.67
2012-04-01T12:00:00Z,0.0,-59.875,272.125,4.77,-0.13
2012-04-01T12:00:00Z,0.0,-59.875,276.125,4.66,-0.51
2012-04-01T12:00:00Z,0.0,-59.875,280.125,5.35,0.03
2012-04-01T12:00:00Z,0.0,-59.875,284.125,4.83,-0.46
2012-04-01T12:00:00Z,0.0,-59.875,288.125,4.4,-0.43
2012-04-01T12:00:00Z,0.0,-59.875,292.125,3.62,-0.39
2012-04-01T12:00:00Z,0.0,-59.875,296.125,2.66,-0.12
2012-04-01T12:00:00Z,0.0,-59.875,300.125,2.53,0.37
2012-04-01T12:00:00Z,0.0,-59.875,304.125,1.58,-0.19
2012-04-01T12:00:00Z,0.0,-59.875,308.125,1.25,0.14
2012-04-01T12:00:00Z,0.0,-59.875,312.125,0.36,-0.64
2012-04-01T12:00:00Z,0.0,-59.875,316.125,0.95,-0.08
2012-04-01T12:00:00Z,0.0,-59.875,320.125,0.25,-0.61
2012-04-01T12:00:00Z,0.0,-59.875,324.125,0.18,-0.5
2012-04-01T12:00:00Z,0.0,-59.875,328.125,-0.62,-1.06
2012-04-01T12:00:00Z,0.0,-59.875,332.125,-0.4,-0.72
2012-04-01T12:00:00Z,0.0,-59.875,336.125,-0.15,-0.88
2012-04-01T12:00:00Z,0.0,-59.875,340.125,-1.17,-1.81
2012-04-01T12:00:00Z,0.0,-59.875,344.125,-0.11,-0.41
2012-04-01T12:00:00Z,0.0,-59.875,348.125,-0.28,-0.42
2012-04-01T12:00:00Z,0.0,-59.875,352.125,0.18,0.0
2012-04-01T12:00:00Z,0.0,-59.875,356.125,-0.04,-0.3
2012-04-01T12:00:00Z,0.0,-55.875,0.125,0.46,-0.39
2012-04-01T12:00:00Z,0.0,-55.875,4.125,0.78,0.04
2012-04-01T12:00:00Z,0.0,-55.875,8.125,0.47,-0.34
2012-04-01T12:00:00Z,0.0,-55.875,12.125,0.65,-0.27
2012-04-01T12:00:00Z,0.0,-55.875,16.125,0.88,-0.25
2012-04-01T12:00:00Z,0.0,-55.875,20.125,0.96,-0.27
2012-04-01T12:00:00Z,0.0,-55.875,24.125,1.5,0.0
2012-04-01T12:00:00Z,0.0,-55.875,28.125,2.07,0.02
2012-04-01T12:00:00Z,0.0,-55.875,32.125,2.43,0.22
2012-04-01T12:00:00Z,0.0,-55.875,36.125,2.52,0.13
2012-04-01T12:00:00Z,0.0,-55.875,40.125,1.93,-0.3
2012-04-01T12:00:00Z,0.0,-55.875,44.125,2.27,0.31
2012-04-01T12:00:00Z,0.0,-55.875,48.125,2.48,0.26
2012-04-01T12:00:00Z,0.0,-55.875,52.125,2.7,0.28
2012-04-01T12:00:00Z,0.0,-55.875,56.125,3.21,0.61
2012-04-01T12:00:00Z,0.0,-55.875,60.125,2.96,0.31
2012-04-01T12:00:00Z,0.0,-55.875,64.125,2.85,0.18
2012-04-01T12:00:00Z,0.0,-55.875,68.125,2.47,-0.18
2012-04-01T12:00:00Z,0.0,-55.875,72.125,2.44,0.05
2012-04-01T12:00:00Z,0.0,-55.875,76.125,2.03,0.08
2012-04-01T12:00:00Z,0.0,-55.875,80.125,2.04,0.34
2012-04-01T12:00:00Z,0.0,-55.875,84.125,2.85,0.5
2012-04-01T12:00:00Z,0.0,-55.875,88.125,2.92,0.34
2012-04-01T12:00:00Z,0.0,-55.875,92.125,2.31,-0.17
2012-04-01T12:00:00Z,0.0,-55.875,96.125,2.72,0.21
2012-04-01T12:00:00Z,0.0,-55.875,100.125,2.14,-0.11
2012-04-01T12:00:00Z,0.0,-55.875,104.125,2.69,0.32
2012-04-01T12:00:00Z,0.0,-55.875,108.125,3.21,0.44
2012-04-01T12:00:00Z,0.0,-55.875,112.125,2.74,-0.5
2012-04-01T12:00:00Z,0.0,-55.875,116.125,3.86,0.1
2012-04-01T12:00:00Z,0.0,-55.875,120.125,3.6,-0.29
2012-04-01T12:00:00Z,0.0,-55.875,124.125,4.35,0.27
2012-04-01T12:00:00Z,0.0,-55.875,128.125,4.77,0.46
2012-04-01T12:00:00Z,0.0,-55.875,132.125,4.99,0.54
2012-04-01T12:00:00Z,0.0,-55.875,136.125,4.94,0.41
2012-04-01T12:00:00Z,0.0,-55.875,140.125,3.86,-0.35
2012-04-01T12:00:00Z,0.0,-55.875,144.125,3.21,-0.31
2012-04-01T12:00:00Z,0.0,-55.875,148.125,3.06,-0.75
2012-04-01T12:00:00Z,0.0,-55.875,152.125,4.73,-0.18
2012-04-01T12:00:00Z,0.0,-55.875,156.125,5.77,0.29
2012-04-01T12:00:00Z,0.0,-55.875,160.125,4.22,-0.92
2012-04-01T12:00:00Z,0.0,-55.875,164.125,5.81,-0.9
2012-04-01T12:00:00Z,0.0,-55.875,168.125,8.02,0.49
2012-04-01T12:00:00Z,0.0,-55.875,172.125,7.19,-0.04
2012-04-01T12:00:00Z,0.0,-55.875,176.125,6.65,-0.41
2012-04-01T12:00:00Z,0.0,-55.875,180.125,7.81,0.22
2012-04-01T12:00:00Z,0.0,-55.875,184.125,8.05,0.53
2012-04-01T12:00:00Z,0.0,-55.875,188.125,7.33,0.43
2012-04-01T12:00:00Z,0.0,-55.875,192.125,6.74,0.16
2012-04-01T12:00:00Z,0.0,-55.875,196.125,5.25,-0.99
2012-04-01T12:00:00Z,0.0,-55.875,200.125,5.01,-0.96
2012-04-01T12:00:00Z,0.0,-55.875,204.125,4.77,-0.87
2012-04-01T12:00:00Z,0.0,-55.875,208.125,2.86,-1.9
2012-04-01T12:00:00Z,0.0,-55.875,212.125,3.47,-0.7
2012-04-01T12:00:00Z,0.0,-55.875,216.125,3.79,-0.64
2012-04-01T12:00:00Z,0.0,-55.875,220.125,4.29,-1.01
2012-04-01T12:00:00Z,0.0,-55.875,224.125,5.07,0.12
2012-04-01T12:00:00Z,0.0,-55.875,228.125,4.2,-1.12
2012-04-01T12:00:00Z,0.0,-55.875,232.125,5.09,-0.99
2012-04-01T12:00:00Z,0.0,-55.875,236.125,5.2,-1.19
2012-04-01T12:00:00Z,0.0,-55.875,240.125,5.73,-0.3
2012-04-01T12:00:00Z,0.0,-55.875,244.125,5.35,-0.8
2012-04-01T12:00:00Z,0.0,-55.875,248.125,6.0,-0.4
2012-04-01T12:00:00Z,0.0,-55.875,252.125,6.52,-0.12
2012-04-01T12:00:00Z,0.0,-55.875,256.125,6.26,-0.4
2012-04-01T12:00:00Z,0.0,-55.875,260.125,6.62,-0.06
2012-04-01T12:00:00Z,0.0,-55.875,264.125,6.29,-0.4
2012-04-01T12:00:00Z,0.0,-55.875,268.125,6.41,-0.35
2012-04-01T12:00:00Z,0.0,-55.875,272.125,6.46,-0.45
2012-04-01T12:00:00Z,0.0,-55.875,276.125,6.27,-0.67
2012-04-01T12:00:00Z,0.0,-55.875,280.125,6.4,-0.65
2012-04-01T12:00:00Z,0.0,-55.875,284.125,6.71,-0.61
2012-04-01T12:00:00Z,0.0,-55.875,288.125,6.76,-1.03
2012-04-01T12:00:00Z,0.0,-55.875,292.125,8.98,1.24
2012-04-01T12:00:00Z,0.0,-55.875,296.125,4.8,-1.88
2012-04-01T12:00:00Z,0.0,-55.875,300.125,6.27,0.11
2012-04-01T12:00:00Z,0.0,-55.875,304.125,5.47,-0.07
2012-04-01T12:00:00Z,0.0,-55.875,308.125,4.33,-0.67
2012-04-01T12:00:00Z,0.0,-55.875,312.125,3.32,-0.88
2012-04-01T12:00:00Z,0.0,-55.875,316.125,3.12,-0.32
2012-04-01T12:00:00Z,0.0,-55.875,320.125,2.23,-0.61
2012-04-01T12:00:00Z,0.0,-55.875,324.125,2.46,-0.14
2012-04-01T12:00:00Z,0.0,-55.875,328.125,1.38,-0.38
2012-04-01T12:00:00Z,0.0,-55.875,332.125,1.13,-0.42
2012-04-01T12:00:00Z,0.0,-55.875,336.125,2.43,0.37
2012-04-01T12:00:00Z,0.0,-55.875,340.125,1.91,-0.14
2012-04-01T12:00:00Z,0.0,-55.875,344.125,2.17,0.17
2012-04-01T12:00:00Z,0.0,-55.875,348.125,1.76,0.06
2012-04-01T12:00:00Z,0.0,-55.875,352.125,1.57,0.21
2012-04-01T12:00:00Z,0.0,-55.875,356.125,0.87,-0.15
2012-04-01T12:00:00Z,0.0,-51.875,0.125,3.48,0.58
2012-04-01T12:00:00Z,0.0,-51.875,4.125,2.88,0.13
2012-04-01T12:00:00Z,0.0,-51.875,8.125,3.2,0.37
2012-04-01T12:00:00Z,0.0,-51.875,12.125,2.39,0.18
2012-04-01T12:00:00Z,0.0,-51.875,16.125,2.22,-0.18
2012-04-01T12:00:00Z,0.0,-51.875,20.125,2.37,0.12
2012-04-01T12:00:00Z,0.0,-51.875,24.125,2.51,0.27
2012-04-01T12:00:00Z,0.0,-51.875,28.125,3.82,0.81
2012-04-01T12:00:00Z,0.0,-51.875,32.125,3.57,0.05
2012-04-01T12:00:00Z,0.0,-51.875,36.125,4.48,0.6
2012-04-01T12:00:00Z,0.0,-51.875,40.125,3.76,0.13
2012-04-01T12:00:00Z,0.0,-51.875,44.125,3.45,-0.09
2012-04-01T12:00:00Z,0.0,-51.875,48.125,4.85,0.77
2012-04-01T12:00:00Z,0.0,-51.875,52.125,4.28,-0.03
2012-04-01T12:00:00Z,0.0,-51.875,56.125,4.21,-0.02
2012-04-01T12:00:00Z,0.0,-51.875,60.125,4.64,0.29
2012-04-01T12:00:00Z,0.0,-51.875,64.125,5.01,0.78
2012-04-01T12:00:00Z,0.0,-51.875,68.125,4.71,0.57
2012-04-01T12:00:00Z,0.0,-51.875,72.125,4.05,0.42
2012-04-01T12:00:00Z,0.0,-51.875,76.125,3.45,0.22
2012-04-01T12:00:00Z,0.0,-51.875,80.125,2.26,-0.93
2012-04-01T12:00:00Z,0.0,-51.875,84.125,3.4,-0.83
2012-04-01T12:00:00Z,0.0,-51.875,88.125,6.92,1.96
2012-04-01T12:00:00Z,0.0,-51.875,92.125,4.28,-0.86
2012-04-01T12:00:00Z,0.0,-51.875,96.125,5.45,0.7
2012-04-01T12:00:00Z,0.0,-51.875,100.125,4.09,-0.59
2012-04-01T12:00:00Z,0.0,-51.875,104.125,4.75,0.15
2012-04-01T12:00:00Z,0.0,-51.875,108.125,4.66,0.33
2012-04-01T12:00:00Z,0.0,-51.875,112.125,3.88,-0.36
2012-04-01T12:00:00Z,0.0,-51.875,116.125,4.91,-0.03
2012-04-01T12:00:00Z,0.0,-51.875,120.125,5.66,0.06
2012-04-01T12:00:00Z,0.0,-51.875,124.125,6.5,0.28
2012-04-01T12:00:00Z,0.0,-51.875,128.125,7.97,1.37
2012-04-01T12:00:00Z,0.0,-51.875,132.125,6.56,-0.26
2012-04-01T12:00:00Z,0.0,-51.875,136.125,7.01,0.27
2012-04-01T12:00:00Z,0.0,-51.875,140.125,7.4,0.81
2012-04-01T12:00:00Z,0.0,-51.875,144.125,7.88,0.8
2012-04-01T12:00:00Z,0.0,-51.875,148.125,10.16,2.11
2012-04-01T12:00:00Z,0.0,-51.875,152.125,7.89,-0.3
2012-04-01T12:00:00Z,0.0,-51.875,156.125,8.33,-0.45
2012-04-01T12:00:00Z,0.0,-51.875,160.125,9.45,0.54
2012-04-01T12:00:00Z,0.0,-51.875,164.125,9.83,0.29
2012-04-01T12:00:00Z,0.0,-51.875,168.125,9.13,-0.22
2012-04-01T12:00:00Z,0.0,-51.875,172.125,9.21,0.07
2012-04-01T12:00:00Z,0.0,-51.875,176.125,8.26,-0.16
2012-04-01T12:00:00Z,0.0,-51.875,180.125,9.71,0.41
2012-04-01T12:00:00Z,0.0,-51.875,184.125,9.88,-0.38
2012-04-01T12:00:00Z,0.0,-51.875,188.125,10.08,-0.15
2012-04-01T12:00:00Z,0.0,-51.875,192.125,8.43,-1.46
2012-04-01T12:00:00Z,0.0,-51.875,196.125,8.96,-0.93
2012-04-01T12:00:00Z,0.0,-51.875,200.125,9.26,-0.59
2012-04-01T12:00:00Z,0.0,-51.875,204.125,9.9,0.26
2012-04-01T12:00:00Z,0.0,-51.875,208.125,9.59,-0.02
2012-04-01T12:00:00Z,0.0,-51.875,212.125,9.86,0.43
2012-04-01T12:00:00Z,0.0,-51.875,216.125,8.18,-1.09
2012-04-01T12:00:00Z,0.0,-51.875,220.125,10.0,1.0
2012-04-01T12:00:00Z,0.0,-51.875,224.125,9.48,0.69
2012-04-01T12:00:00Z,0.0,-51.875,228.125,8.89,0.14
2012-04-01T12:00:00Z,0.0,-51.875,232.125,8.92,0.46
2012-04-01T12:00:00Z,0.0,-51.875,236.125,7.89,-0.22
2012-04-01T12:00:00Z,0.0,-51.875,240.125,7.35,-0.23
2012-04-01T12:00:00Z,0.0,-51.875,244.125,7.91,0.02
2012-04-01T12:00:00Z,0.0,-51.875,248.125,8.67,0.31
2012-04-01T12:00:00Z,0.0,-51.875,252.125,8.37,0.07
2012-04-01T12:00:00Z,0.0,-51.875,256.125,8.12,-0.1
2012-04-01T12:00:00Z,0.0,-51.875,260.125,7.87,-0.3
2012-04-01T12:00:00Z,0.0,-51.875,264.125,7.92,-0.27
2012-04-01T12:00:00Z,0.0,-51.875,268.125,7.69,-0.51
2012-04-01T12:00:00Z,0.0,-51.875,272.125,7.74,-0.53
2012-04-01T12:00:00Z,0.0,-51.875,276.125,7.61,-0.84
2012-04-01T12:00:00Z,0.0,-51.875,280.125,8.2,-0.55
2012-04-01T12:00:00Z,0.0,-51.875,284.125,9.67,0.02
2012-04-01T12:00:00Z,0.0,-51.875,288.125,NaN,NaN
2012-04-01T12:00:00Z,0.0,-51.875,292.125,9.05,-1.05
2012-04-01T12:00:00Z,0.0,-51.875,296.125,7.85,-1.23
2012-04-01T12:00:00Z,0.0,-51.875,300.125,9.38,0.42
2012-04-01T12:00:00Z,0.0,-51.875,304.125,6.73,-0.84
2012-04-01T12:00:00Z,0.0,-51.875,308.125,6.82,0.01
2012-04-01T12:00:00Z,0.0,-51.875,312.125,4.77,-1.23
2012-04-01T12:00:00Z,0.0,-51.875,316.125,5.68,0.29
2012-04-01T12:00:00Z,0.0,-51.875,320.125,4.44,0.1
2012-04-01T12:00:00Z,0.0,-51.875,324.125,4.06,-0.07
2012-04-01T12:00:00Z,0.0,-51.875,328.125,3.07,-0.44
2012-04-01T12:00:00Z,0.0,-51.875,332.125,3.7,-0.45
2012-04-01T12:00:00Z,0.0,-51.875,336.125,3.91,-0.56
2012-04-01T12:00:00Z,0.0,-51.875,340.125,3.36,-0.85
2012-04-01T12:00:00Z,0.0,-51.875,344.125,3.3,-0.54
2012-04-01T12:00:00Z,0.0,-51.875,348.125,3.16,-0.12
2012-04-01T12:00:00Z,0.0,-51.875,352.125,2.28,-0.35
2012-04-01T12:00:00Z,0.0,-51.875,356.125,2.32,-0.28
2012-04-01T12:00:00Z,0.0,-47.875,0.125,6.84,0.32
2012-04-01T12:00:00Z,0.0,-47.875,4.125,6.86,0.56
2012-04-01T12:00:00Z,0.0,-47.875,8.125,6.26,0.24
2012-04-01T12:00:00Z,0.0,-47.875,12.125,6.44,0.38
2012-04-01T12:00:00Z,0.0,-47.875,16.125,6.61,0.52
2012-04-01T12:00:00Z,0.0,-47.875,20.125,7.12,1.3
2012-04-01T12:00:00Z,0.0,-47.875,24.125,7.45,1.64
2012-04-01T12:00:00Z,0.0,-47.875,28.125,7.75,1.18
2012-04-01T12:00:00Z,0.0,-47.875,32.125,7.7,0.58
2012-04-01T12:00:00Z,0.0,-47.875,36.125,7.08,0.58
2012-04-01T12:00:00Z,0.0,-47.875,40.125,6.11,-0.36
2012-04-01T12:00:00Z,0.0,-47.875,44.125,7.18,0.41
2012-04-01T12:00:00Z,0.0,-47.875,48.125,6.31,0.09
2012-04-01T12:00:00Z,0.0,-47.875,52.125,5.93,-0.26
2012-04-01T12:00:00Z,0.0,-47.875,56.125,8.17,1.18
2012-04-01T12:00:00Z,0.0,-47.875,60.125,7.36,0.13
2012-04-01T12:00:00Z,0.0,-47.875,64.125,6.29,0.02
2012-04-01T12:00:00Z,0.0,-47.875,68.125,6.35,0.43
2012-04-01T12:00:00Z,0.0,-47.875,72.125,5.36,-0.61
2012-04-01T12:00:00Z,0.0,-47.875,76.125,6.92,-0.27
2012-04-01T12:00:00Z,0.0,-47.875,80.125,7.79,0.38
2012-04-01T12:00:00Z,0.0,-47.875,84.125,7.53,-0.71
2012-04-01T12:00:00Z,0.0,-47.875,88.125,8.62,-0.12
2012-04-01T12:00:00Z,0.0,-47.875,92.125,8.44,0.17
2012-04-01T12:00:00Z,0.0,-47.875,96.125,6.87,-0.63
2012-04-01T12:00:00Z,0.0,-47.875,100.125,7.72,0.43
2012-04-01T12:00:00Z,0.0,-47.875,104.125,6.48,-0.92
2012-04-01T12:00:00Z,0.0,-47.875,108.125,7.34,-0.4
2012-04-01T12:00:00Z,0.0,-47.875,112.125,7.81,-0.56
2012-04-01T12:00:00Z,0.0,-47.875,116.125,7.9,-0.87
2012-04-01T12:00:00Z,0.0,-47.875,120.125,9.05,0.11
2012-04-01T12:00:00Z,0.0,-47.875,124.125,9.6,-0.05
2012-04-01T12:00:00Z,0.0,-47.875,128.125,10.54,0.47
2012-04-01T12:00:00Z,0.0,-47.875,132.125,10.57,0.48
2012-04-01T12:00:00Z,0.0,-47.875,136.125,9.85,-0.18
2012-04-01T12:00:00Z,0.0,-47.875,140.125,11.14,0.59
2012-04-01T12:00:00Z,0.0,-47.875,144.125,10.91,0.29
2012-04-01T12:00:00Z,0.0,-47.875,148.125,11.25,0.42
2012-04-01T12:00:00Z,0.0,-47.875,152.125,12.89,1.78
2012-04-01T12:00:00Z,0.0,-47.875,156.125,12.25,0.8
2012-04-01T12:00:00Z,0.0,-47.875,160.125,12.03,0.59
2012-04-01T12:00:00Z,0.0,-47.875,164.125,12.11,0.03
2012-04-01T12:00:00Z,0.0,-47.875,168.125,12.16,0.51
2012-04-01T12:00:00Z,0.0,-47.875,172.125,12.28,1.03
2012-04-01T12:00:00Z,0.0,-47.875,176.125,10.46,-0.7
2012-04-01T12:00:00Z,0.0,-47.875,180.125,11.33,-0.3
2012-04-01T12:00:00Z,0.0,-47.875,184.125,13.75,0.83
2012-04-01T12:00:00Z,0.0,-47.875,188.125,13.2,0.21
2012-04-01T12:00:00Z,0.0,-47.875,192.125,13.05,0.33
2012-04-01T12:00:00Z,0.0,-47.875,196.125,11.4,-1.02
2012-04-01T12:00:00Z,0.0,-47.875,200.125,12.23,-0.03
2012-04-01T12:00:00Z,0.0,-47.875,204.125,11.68,-0.24
2012-04-01T12:00:00Z,0.0,-47.875,208.125,11.84,0.23
2012-04-01T12:00:00Z,0.0,-47.875,212.125,11.57,0.22
2012-04-01T12:00:00Z,0.0,-47.875,216.125,11.59,0.44
2012-04-01T12:00:00Z,0.0,-47.875,220.125,10.5,-0.43
2012-04-01T12:00:00Z,0.0,-47.875,224.125,10.12,-0.67
2012-04-01T12:00:00Z,0.0,-47.875,228.125,10.61,0.02
2012-04-01T12:00:00Z,0.0,-47.875,232.125,10.25,-0.15
2012-04-01T12:00:00Z,0.0,-47.875,236.125,9.83,-0.39
2012-04-01T12:00:00Z,0.0,-47.875,240.125,10.34,0.34
2012-04-01T12:00:00Z,0.0,-47.875,244.125,10.16,0.15
2012-04-01T12:00:00Z,0.0,-47.875,248.125,9.83,-0.44
2012-04-01T12:00:00Z,0.0,-47.875,252.125,10.17,-0.12
2012-04-01T12:00:00Z,0.0,-47.875,256.125,9.94,-0.23
2012-04-01T12:00:00Z,0.0,-47.875,260.125,9.75,-0.37
2012-04-01T12:00:00Z,0.0,-47.875,264.125,9.59,-0.5
2012-04-01T12:00:00Z,0.0,-47.875,268.125,9.22,-0.87
2012-04-01T12:00:00Z,0.0,-47.875,272.125,9.74,-0.46
2012-04-01T12:00:00Z,0.0,-47.875,276.125,10.52,-0.04
2012-04-01T12:00:00Z,0.0,-47.875,280.125,10.47,-0.54
2012-04-01T12:00:00Z,0.0,-47.875,284.125,12.03,0.01
2012-04-01T12:00:00Z,0.0,-47.875,288.125,NaN,NaN
2012-04-01T12:00:00Z,0.0,-47.875,292.125,NaN,NaN
2012-04-01T12:00:00Z,0.0,-47.875,296.125,12.99,0.67
2012-04-01T12:00:00Z,0.0,-47.875,300.125,9.2,-1.14
2012-04-01T12:00:00Z,0.0,-47.875,304.125,12.79,2.04
2012-04-01T12:00:00Z,0.0,-47.875,308.125,14.31,2.08
2012-04-01T12:00:00Z,0.0,-47.875,312.125,12.96,0.43
2012-04-01T12:00:00Z,0.0,-47.875,316.125,13.35,1.74
2012-04-01T12:00:00Z,0.0,-47.875,320.125,10.9,0.32
2012-04-01T12:00:00Z,0.0,-47.875,324.125,8.71,-1.07
2012-04-01T12:00:00Z,0.0,-47.875,328.125,8.16,-0.46
2012-04-01T12:00:00Z,0.0,-47.875,332.125,7.22,-0.73
2012-04-01T12:00:00Z,0.0,-47.875,336.125,7.34,-0.2
2012-04-01T12:00:00Z,0.0,-47.875,340.125,9.13,1.46
2012-04-01T12:00:00Z,0.0,-47.875,344.125,8.67,1.6
2012-04-01T12:00:00Z,0.0,-47.875,348.125,6.05,0.26
2012-04-01T12:00:00Z,0.0,-47.875,352.125,4.69,-0.45
2012-04-01T12:00:00Z,0.0,-47.875,356.125,7.01,0.85
2012-04-01T12:00:00Z,0.0,-43.875,0.125,11.68,1.46
2012-04-01T12:00:00Z,0.0,-43.875,4.125,10.65,0.67
2012-04-01T12:00:00Z,0.0,-43.875,8.125,10.12,0.71
2012-04-01T12:00:00Z,0.0,-43.875,12.125,9.53,-0.71
2012-04-01T12:00:00Z,0.0,-43.875,16.125,12.25,1.22
2012-04-01T12:00:00Z,0.0,-43.875,20.125,13.55,2.04
2012-04-01T12:00:00Z,0.0,-43.875,24.125,13.23,1.38
2012-04-01T12:00:00Z,0.0,-43.875,28.125,13.19,1.32
2012-04-01T12:00:00Z,0.0,-43.875,32.125,12.4,0.87
2012-04-01T12:00:00Z,0.0,-43.875,36.125,11.08,0.44
2012-04-01T12:00:00Z,0.0,-43.875,40.125,9.65,-0.93
2012-04-01T12:00:00Z,0.0,-43.875,44.125,9.43,-0.43
2012-04-01T12:00:00Z,0.0,-43.875,48.125,9.23,0.12
2012-04-01T12:00:00Z,0.0,-43.875,52.125,11.22,1.37
2012-04-01T12:00:00Z,0.0,-43.875,56.125,12.91,0.44
2012-04-01T12:00:00Z,0.0,-43.875,60.125,14.16,-0.59
2012-04-01T12:00:00Z,0.0,-43.875,64.125,14.83,0.75
2012-04-01T12:00:00Z,0.0,-43.875,68.125,13.74,0.75
2012-04-01T12:00:00Z,0.0,-43.875,72.125,13.46,0.42
2012-04-01T12:00:00Z,0.0,-43.875,76.125,13.33,0.67
2012-04-01T12:00:00Z,0.0,-43.875,80.125,11.65,-0.2
2012-04-01T12:00:00Z,0.0,-43.875,84.125,11.62,-0.35
2012-04-01T12:00:00Z,0.0,-43.875,88.125,11.24,-0.15
2012-04-01T12:00:00Z,0.0,-43.875,92.125,11.62,0.56
2012-04-01T12:00:00Z,0.0,-43.875,96.125,11.16,-0.06
2012-04-01T12:00:00Z,0.0,-43.875,100.125,12.26,0.5
2012-04-01T12:00:00Z,0.0,-43.875,104.125,10.66,-0.98
2012-04-01T12:00:00Z,0.0,-43.875,108.125,12.0,0.28
2012-04-01T12:00:00Z,0.0,-43.875,112.125,11.34,-0.4
2012-04-01T12:00:00Z,0.0,-43.875,116.125,11.57,-0.29
2012-04-01T12:00:00Z,0.0,-43.875,120.125,11.65,-0.38
2012-04-01T12:00:00Z,0.0,-43.875,124.125,12.26,-0.04
2012-04-01T12:00:00Z,0.0,-43.875,128.125,12.25,-0.18
2012-04-01T12:00:00Z,0.0,-43.875,132.125,12.73,0.21
2012-04-01T12:00:00Z,0.0,-43.875,136.125,13.41,0.55
2012-04-01T12:00:00Z,0.0,-43.875,140.125,13.75,0.49
2012-04-01T12:00:00Z,0.0,-43.875,144.125,15.28,1.23
2012-04-01T12:00:00Z,0.0,-43.875,148.125,16.3,1.21
2012-04-01T12:00:00Z,0.0,-43.875,152.125,16.27,1.44
2012-04-01T12:00:00Z,0.0,-43.875,156.125,14.68,0.16
2012-04-01T12:00:00Z,0.0,-43.875,160.125,16.0,1.43
2012-04-01T12:00:00Z,0.0,-43.875,164.125,14.83,0.02
2012-04-01T12:00:00Z,0.0,-43.875,168.125,16.48,0.81
2012-04-01T12:00:00Z,0.0,-43.875,172.125,15.02,1.4
2012-04-01T12:00:00Z,0.0,-43.875,176.125,14.22,-0.35
2012-04-01T12:00:00Z,0.0,-43.875,180.125,13.95,-1.21
2012-04-01T12:00:00Z,0.0,-43.875,184.125,14.83,-0.78
2012-04-01T12:00:00Z,0.0,-43.875,188.125,15.11,-0.2
2012-04-01T12:00:00Z,0.0,-43.875,192.125,15.07,0.17
2012-04-01T12:00:00Z,0.0,-43.875,196.125,15.14,0.63
2012-04-01T12:00:00Z,0.0,-43.875,200.125,14.2,-0.08
2012-04-01T12:00:00Z,0.0,-43.875,204.125,14.11,-0.01
2012-04-01T12:00:00Z,0.0,-43.875,208.125,13.61,-0.33
2012-04-01T12:00:00Z,0.0,-43.875,212.125,13.48,-0.28
2012-04-01T12:00:00Z,0.0,-43.875,216.125,13.05,-0.53
2012-04-01T12:00:00Z,0.0,-43.875,220.125,12.6,-0.83
2012-04-01T12:00:00Z,0.0,-43.875,224.125,12.42,-0.98
2012-04-01T12:00:00Z,0.0,-43.875,228.125,12.53,-0.76
2012-04-01T12:00:00Z,0.0,-43.875,232.125,13.0,-0.21
2012-04-01T12:00:00Z,0.0,-43.875,236.125,12.73,-0.39
2012-04-01T12:00:00Z,0.0,-43.875,240.125,12.87,-0.22
2012-04-01T12:00:00Z,0.0,-43.875,244.125,12.5,-0.53
2012-04-01T12:00:00Z,0.0,-43.875,248.125,12.85,-0.23
2012-04-01T12:00:00Z,0.0,-43.875,252.125,12.1,-0.94
2012-04-01T12:00:00Z,0.0,-43.875,256.125,12.32,-0.62
2012-04-01T12:00:00Z,0.0,-43.875,260.125,12.21,-0.67
2012-04-01T12:00:00Z,0.0,-43.875,264.125,11.97,-0.85
2012-04-01T12:00:00Z,0.0,-43.875,268.125,12.4,-0.46
2012-04-01T12:00:00Z,0.0,-43.875,272.125,12.28,-0.65
2012-04-01T12:00:00Z,0.0,-43.875,276.125,12.48,-0.7
2012-04-01T12:00:00Z,0.0,-43.875,280.125,12.7,-0.85
2012-04-01T12:00:00Z,0.0,-43.875,284.125,13.69,-0.23
2012-04-01T12:00:00Z,0.0,-43.875,288.125,NaN,NaN
2012-04-01T12:00:00Z,0.0,-43.875,292.125,NaN,NaN
2012-04-01T12:00:00Z,0.0,-43.875,296.125,16.84,0.92
2012-04-01T12:00:00Z,0.0,-43.875,300.125,12.78,-0.37
2012-04-01T12:00:00Z,0.0,-43.875,304.125,14.57,-0.18
2012-04-01T12:00:00Z,0.0,-43.875,308.125,15.1,-1.19
2012-04-01T12:00:00Z,0.0,-43.875,312.125,15.05,0.17
2012-04-01T12:00:00Z,0.0,-43.875,316.125,14.36,0.62
2012-04-01T12:00:00Z,0.0,-43.875,320.125,12.77,-0.47
2012-04-01T12:00:00Z,0.0,-43.875,324.125,12.5,-0.38
2012-04-01T12:00:00Z,0.0,-43.875,328.125,13.36,0.61
2012-04-01T12:00:00Z,0.0,-43.875,332.125,13.24,0.61
2012-04-01T12:00:00Z,0.0,-43.875,336.125,14.31,1.6
2012-04-01T12:00:00Z,0.0,-43.875,340.125,12.89,0.7
2012-04-01T12:00:00Z,0.0,-43.875,344.125,10.95,-0.03
2012-04-01T12:00:00Z,0.0,-43.875,348.125,12.77,1.76
2012-04-01T12:00:00Z,0.0,-43.875,352.125,12.76,1.97
2012-04-01T12:00:00Z,0.0,-43.875,356.125,10.91,0.57
2012-04-01T12:00:00Z,0.0,-39.875,0.125,14.92,0.64
2012-04-01T12:00:00Z,0.0,-39.875,4.125,14.97,0.82
2012-04-01T12:00:00Z,0.0,-39.875,8.125,14.8,0.42
2012-04-01T12:00:00Z,0.0,-39.875,12.125,18.03,1.98
2012-04-01T12:00:00Z,0.0,-39.875,16.125,22.8,4.4
2012-04-01T12:00:00Z,0.0,-39.875,20.125,20.4,1.04
2012-04-01T12:00:00Z,0.0,-39.875,24.125,20.66,1.93
2012-04-01T12:00:00Z,0.0,-39.875,28.125,18.19,-0.05
2012-04-01T12:00:00Z,0.0,-39.875,32.125,18.54,-0.06
2012-04-01T12:00:00Z,0.0,-39.875,36.125,21.58,2.91
2012-04-01T12:00:00Z,0.0,-39.875,40.125,19.63,1.11
2012-04-01T12:00:00Z,0.0,-39.875,44.125,16.56,-1.97
2012-04-01T12:00:00Z,0.0,-39.875,48.125,16.77,-1.36
2012-04-01T12:00:00Z,0.0,-39.875,52.125,18.51,0.55
2012-04-01T12:00:00Z,0.0,-39.875,56.125,17.49,-0.51
2012-04-01T12:00:00Z,0.0,-39.875,60.125,17.42,-0.31
2012-04-01T12:00:00Z,0.0,-39.875,64.125,17.73,0.76
2012-04-01T12:00:00Z,0.0,-39.875,68.125,16.74,0.24
2012-04-01T12:00:00Z,0.0,-39.875,72.125,15.31,-0.88
2012-04-01T12:00:00Z,0.0,-39.875,76.125,15.78,-0.1
2012-04-01T12:00:00Z,0.0,-39.875,80.125,15.75,0.22
2012-04-01T12:00:00Z,0.0,-39.875,84.125,15.78,0.57
2012-04-01T12:00:00Z,0.0,-39.875,88.125,16.25,1.31
2012-04-01T12:00:00Z,0.0,-39.875,92.125,15.48,0.73
2012-04-01T12:00:00Z,0.0,-39.875,96.125,13.98,-0.53
2012-04-01T12:00:00Z,0.0,-39.875,100.125,14.08,-0.45
2012-04-01T12:00:00Z,0.0,-39.875,104.125,13.71,-0.87
2012-04-01T12:00:00Z,0.0,-39.875,108.125,14.89,0.0
2012-04-01T12:00:00Z,0.0,-39.875,112.125,14.99,-0.16
2012-04-01T12:00:00Z,0.0,-39.875,116.125,17.57,2.19
2012-04-01T12:00:00Z,0.0,-39.875,120.125,16.07,0.68
2012-04-01T12:00:00Z,0.0,-39.875,124.125,15.6,0.07
2012-04-01T12:00:00Z,0.0,-39.875,128.125,15.77,0.23
2012-04-01T12:00:00Z,0.0,-39.875,132.125,15.77,0.19
2012-04-01T12:00:00Z,0.0,-39.875,136.125,16.47,0.64
2012-04-01T12:00:00Z,0.0,-39.875,140.125,16.32,0.23
2012-04-01T12:00:00Z,0.0,-39.875,144.125,17.84,0.95
2012-04-01T12:00:00Z,0.0,-39.875,148.125,17.67,-0.66
2012-04-01T12:00:00Z,0.0,-39.875,152.125,20.21,1.3
2012-04-01T12:00:00Z,0.0,-39.875,156.125,18.63,0.36
2012-04-01T12:00:00Z,0.0,-39.875,160.125,18.07,0.28
2012-04-01T12:00:00Z,0.0,-39.875,164.125,17.1,-0.44
2012-04-01T12:00:00Z,0.0,-39.875,168.125,17.68,0.05
2012-04-01T12:00:00Z,0.0,-39.875,172.125,17.42,-0.56
2012-04-01T12:00:00Z,0.0,-39.875,176.125,NaN,NaN
2012-04-01T12:00:00Z,0.0,-39.875,180.125,17.16,-1.46
2012-04-01T12:00:00Z,0.0,-39.875,184.125,17.31,-0.74
2012-04-01T12:00:00Z,0.0,-39.875,188.125,18.15,0.56
2012-04-01T12:00:00Z,0.0,-39.875,192.125,17.89,0.58
2012-04-01T12:00:00Z,0.0,-39.875,196.125,17.63,0.52
2012-04-01T12:00:00Z,0.0,-39.875,200.125,17.51,0.59
2012-04-01T12:00:00Z,0.0,-39.875,204.125,17.28,0.51
2012-04-01T12:00:00Z,0.0,-39.875,208.125,16.86,0.32
2012-04-01T12:00:00Z,0.0,-39.875,212.125,16.68,0.21
2012-04-01T12:00:00Z,0.0,-39.875,216.125,16.7,0.31
2012-04-01T12:00:00Z,0.0,-39.875,220.125,16.25,-0.09
2012-04-01T12:00:00Z,0.0,-39.875,224.125,16.62,0.2
2012-04-01T12:00:00Z,0.0,-39.875,228.125,16.2,-0.13
2012-04-01T12:00:00Z,0.0,-39.875,232.125,15.26,-0.96
2012-04-01T12:00:00Z,0.0,-39.875,236.125,15.85,-0.33
2012-04-01T12:00:00Z,0.0,-39.875,240.125,15.08,-1.15
2012-04-01T12:00:00Z,0.0,-39.875,244.125,15.49,-0.77
2012-04-01T12:00:00Z,0.0,-39.875,248.125,14.86,-1.54
2012-04-01T12:00:00Z,0.0,-39.875,252.125,15.88,-0.47
2012-04-01T12:00:00Z,0.0,-39.875,256.125,15.16,-1.0
2012-04-01T12:00:00Z,0.0,-39.875,260.125,15.35,-0.74
2012-04-01T12:00:00Z,0.0,-39.875,264.125,15.19,-0.95
2012-04-01T12:00:00Z,0.0,-39.875,268.125,16.26,0.05
2012-04-01T12:00:00Z,0.0,-39.875,272.125,16.33,0.12
2012-04-01T12:00:00Z,0.0,-39.875,276.125,15.69,-0.53
2012-04-01T12:00:00Z,0.0,-39.875,280.125,16.17,-0.12
2012-04-01T12:00:00Z,0.0,-39.875,284.125,16.51,0.54
2012-04-01T12:00:00Z,0.0,-39.875,288.125,NaN,NaN
2012-04-01T12:00:00Z,0.0,-39.875,292.125,NaN,NaN
2012-04-01T12:00:00Z,0.0,-39.875,296.125,NaN,NaN
2012-04-01T12:00:00Z,0.0,-39.875,300.125,18.22,0.43
2012-04-01T12:00:00Z,0.0,-39.875,304.125,12.15,-2.88
2012-04-01T12:00:00Z,0.0,-39.875,308.125,21.34,1.8
2012-04-01T12:00:00Z,0.0,-39.875,312.125,18.47,-0.07
2012-04-01T12:00:00Z,0.0,-39.875,316.125,19.11,1.01
2012-04-01T12:00:00Z,0.0,-39.875,320.125,19.34,1.39
2012-04-01T12:00:00Z,0.0,-39.875,324.125,18.08,0.47
2012-04-01T12:00:00Z,0.0,-39.875,328.125,17.85,0.45
2012-04-01T12:00:00Z,0.0,-39.875,332.125,17.23,0.23
2012-04-01T12:00:00Z,0.0,-39.875,336.125,16.86,0.48
2012-04-01T12:00:00Z,0.0,-39.875,340.125,16.5,0.71
2012-04-01T12:00:00Z,0.0,-39.875,344.125,15.76,0.21
2012-04-01T12:00:00Z,0.0,-39.875,348.125,15.01,-0.13
2012-04-01T12:00:00Z,0.0,-39.875,352.125,14.89,0.37
2012-04-01T12:00:00Z,0.0,-39.875,356.125,14.98,0.75
2012-04-01T12:00:00Z,0.0,-35.875,0.125,18.69,-0.09
2012-04-01T12:00:00Z,0.0,-35.875,4.125,19.63,0.96
2012-04-01T12:00:00Z,0.0,-35.875,8.125,19.37,0.67
2012-04-01T12:00:00Z,0.0,-35.875,12.125,20.72,1.67
2012-04-01T12:00:00Z,0.0,-35.875,16.125,21.23,1.51
2012-04-01T12:00:00Z,0.0,-35.875,20.125,20.81,1.02
2012-04-01T12:00:00Z,0.0,-35.875,24.125,23.69,1.93
2012-04-01T12:00:00Z,0.0,-35.875,28.125,23.34,1.12
2012-04-01T12:00:00Z,0.0,-35.875,32.125,23.91,2.25
2012-04-01T12:00:00Z,0.0,-35.875,36.125,22.02,0.48
2012-04-01T12:00:00Z,0.0,-35.875,40.125,22.46,1.26
2012-04-01T12:00:00Z,0.0,-35.875,44.125,22.65,1.66
2012-04-01T12:00:00Z,0.0,-35.875,48.125,20.14,-0.52
2012-04-01T12:00:00Z,0.0,-35.875,52.125,20.47,0.37
2012-04-01T12:00:00Z,0.0,-35.875,56.125,20.69,0.89
2012-04-01T12:00:00Z,0.0,-35.875,60.125,19.86,0.2
2012-04-01T12:00:00Z,0.0,-35.875,64.125,19.16,-0.28
2012-04-01T12:00:00Z,0.0,-35.875,68.125,19.8,0.36
2012-04-01T12:00:00Z,0.0,-35.875,72.125,19.83,0.61
2012-04-01T12:00:00Z,0.0,-35.875,76.125,19.69,0.69
2012-04-01T12:00:00Z,0.0,-35.875,80.125,18.8,0.12
2012-04-01T12:00:00Z,0.0,-35.875,84.125,18.76,0.29
2012-04-01T12:00:00Z,0.0,-35.875,88.125,19.1,0.9
2012-04-01T12:00:00Z,0.0,-35.875,92.125,18.93,1.0
2012-04-01T12:00:00Z,0.0,-35.875,96.125,18.78,1.06
2012-04-01T12:00:00Z,0.0,-35.875,100.125,17.8,0.02
2012-04-01T12:00:00Z,0.0,-35.875,104.125,19.12,1.4
2012-04-01T12:00:00Z,0.0,-35.875,108.125,18.78,0.76
2012-04-01T12:00:00Z,0.0,-35.875,112.125,21.26,2.32
2012-04-01T12:00:00Z,0.0,-35.875,116.125,19.73,0.32
2012-04-01T12:00:00Z,0.0,-35.875,120.125,18.32,-0.61
2012-04-01T12:00:00Z,0.0,-35.875,124.125,19.15,0.53
2012-04-01T12:00:00Z,0.0,-35.875,128.125,18.66,0.35
2012-04-01T12:00:00Z,0.0,-35.875,132.125,18.88,0.59
2012-04-01T12:00:00Z,0.0,-35.875,136.125,20.04,1.73
2012-04-01T12:00:00Z,0.0,-35.875,140.125,NaN,NaN
2012-04-01T12:00:00Z,0.0,-35.875,144.125,NaN,NaN
2012-04-01T12:00:00Z,0.0,-35.875,148.125,NaN,NaN
2012-04-01T12:00:00Z,0.0,-35.875,152.125,22.02,-0.13
2012-04-01T12:00:00Z,0.0,-35.875,156.125,21.97,0.09
2012-04-01T12:00:00Z,0.0,-35.875,160.125,20.76,-0.28
2012-04-01T12:00:00Z,0.0,-35.875,164.125,20.15,-0.08
2012-04-01T12:00:00Z,0.0,-35.875,168.125,19.71,-0.07
2012-04-01T12:00:00Z,0.0,-35.875,172.125,19.2,-0.54
2012-04-01T12:00:00Z,0.0,-35.875,176.125,19.85,-0.56
2012-04-01T12:00:00Z,0.0,-35.875,180.125,19.7,-0.35
2012-04-01T12:00:00Z,0.0,-35.875,184.125,19.88,0.04
2012-04-01T12:00:00Z,0.0,-35.875,188.125,20.11,0.41
2012-04-01T12:00:00Z,0.0,-35.875,192.125,19.74,0.23
2012-04-01T12:00:00Z,0.0,-35.875,196.125,20.43,1.05
2012-04-01T12:00:00Z,0.0,-35.875,200.125,19.43,0.27
2012-04-01T12:00:00Z,0.0,-35.875,204.125,19.74,0.69
2012-04-01T12:00:00Z,0.0,-35.875,208.125,19.52,0.5
2012-04-01T12:00:00Z,0.0,-35.875,212.125,19.65,0.56
2012-04-01T12:00:00Z,0.0,-35.875,216.125,19.22,0.15
2012-04-01T12:00:00Z,0.0,-35.875,220.125,18.78,-0.37
2012-04-01T12:00:00Z,0.0,-35.875,224.125,18.78,-0.39
2012-04-01T12:00:00Z,0.0,-35.875,228.125,18.88,-0.33
2012-04-01T12:00:00Z,0.0,-35.875,232.125,19.26,-0.05
2012-04-01T12:00:00Z,0.0,-35.875,236.125,19.4,-0.02
2012-04-01T12:00:00Z,0.0,-35.875,240.125,19.77,0.22
2012-04-01T12:00:00Z,0.0,-35.875,244.125,19.25,-0.34
2012-04-01T12:00:00Z,0.0,-35.875,248.125,17.99,-1.74
2012-04-01T12:00:00Z,0.0,-35.875,252.125,19.01,-0.61
2012-04-01T12:00:00Z,0.0,-35.875,256.125,18.43,-1.19
2012-04-01T12:00:00Z,0.0,-35.875,260.125,18.94,-0.62
2012-04-01T12:00:00Z,0.0,-35.875,264.125,18.57,-1.03
2012-04-01T12:00:00Z,0.0,-35.875,268.125,19.03,-0.47
2012-04-01T12:00:00Z,0.0,-35.875,272.125,18.33,-0.92
2012-04-01T12:00:00Z,0.0,-35.875,276.125,18.4,-0.53
2012-04-01T12:00:00Z,0.0,-35.875,280.125,18.89,0.43
2012-04-01T12:00:00Z,0.0,-35.875,284.125,16.36,-0.69
2012-04-01T12:00:00Z,0.0,-35.875,288.125,NaN,NaN
2012-04-01T12:00:00Z,0.0,-35.875,292.125,NaN,NaN
2012-04-01T12:00:00Z,0.0,-35.875,296.125,NaN,NaN
2012-04-01T12:00:00Z,0.0,-35.875,300.125,NaN,NaN
2012-04-01T12:00:00Z,0.0,-35.875,304.125,20.37,0.61
2012-04-01T12:00:00Z,0.0,-35.875,308.125,22.38,0.91
2012-04-01T12:00:00Z,0.0,-35.875,312.125,21.85,0.88
2012-04-01T12:00:00Z,0.0,-35.875,316.125,21.16,0.54
2012-04-01T12:00:00Z,0.0,-35.875,320.125,19.95,-0.38
2012-04-01T12:00:00Z,0.0,-35.875,324.125,21.18,1.05
2012-04-01T12:00:00Z,0.0,-35.875,328.125,20.82,1.08
2012-04-01T12:00:00Z,0.0,-35.875,332.125,20.5,0.98
2012-04-01T12:00:00Z,0.0,-35.875,336.125,20.71,1.32
2012-04-01T12:00:00Z,0.0,-35.875,340.125,21.22,1.77
2012-04-01T12:00:00Z,0.0,-35.875,344.125,20.88,1.44
2012-04-01T12:00:00Z,0.0,-35.875,348.125,19.92,0.59
2012-04-01T12:00:00Z,0.0,-35.875,352.125,19.01,-0.02
2012-04-01T12:00:00Z,0.0,-35.875,356.125,19.0,0.22
2012-04-01T12:00:00Z,0.0,-31.875,0.125,21.72,0.54
2012-04-01T12:00:00Z,0.0,-31.875,4.125,21.68,0.88
2012-04-01T12:00:00Z,0.0,-31.875,8.125,20.95,0.68
2012-04-01T12:00:00Z,0.0,-31.875,12.125,21.2,1.3
2012-04-01T12:00:00Z,0.0,-31.875,16.125,19.92,1.73
2012-04-01T12:00:00Z,0.0,-31.875,20.125,NaN,NaN
2012-04-01T12:00:00Z,0.0,-31.875,24.125,NaN,NaN
2012-04-01T12:00:00Z,0.0,-31.875,28.125,NaN,NaN
2012-04-01T12:00:00Z,0.0,-31.875,32.125,24.67,0.18
2012-04-01T12:00:00Z,0.0,-31.875,36.125,24.7,0.59
2012-04-01T12:00:00Z,0.0,-31.875,40.125,23.92,0.12
2012-04-01T12:00:00Z,0.0,-31.875,44.125,24.69,1.46
2012-04-01T12:00:00Z,0.0,-31.875,48.125,23.23,0.21
2012-04-01T12:00:00Z,0.0,-31.875,52.125,24.67,1.97
2012-04-01T12:00:00Z,0.0,-31.875,56.125,23.65,1.27
2012-04-01T12:00:00Z,0.0,-31.875,60.125,21.96,-0.39
2012-04-01T12:00:00Z,0.0,-31.875,64.125,23.11,0.92
2012-04-01T12:00:00Z,0.0,-31.875,68.125,22.64,0.57
2012-04-01T12:00:00Z,0.0,-31.875,72.125,22.5,0.74
2012-04-01T12:00:00Z,0.0,-31.875,76.125,21.83,0.3
2012-04-01T12:00:00Z,0.0,-31.875,80.125,22.04,0.71
2012-04-01T12:00:00Z,0.0,-31.875,84.125,20.79,-0.3
2012-04-01T12:00:00Z,0.0,-31.875,88.125,20.41,-0.35
2012-04-01T12:00:00Z,0.0,-31.875,92.125,21.3,0.79
2012-04-01T12:00:00Z,0.0,-31.875,96.125,20.47,0.28
2012-04-01T12:00:00Z,0.0,-31.875,100.125,20.41,0.43
2012-04-01T12:00:00Z,0.0,-31.875,104.125,20.8,0.84
2012-04-01T12:00:00Z,0.0,-31.875,108.125,20.52,0.23
2012-04-01T12:00:00Z,0.0,-31.875,112.125,22.22,0.7
2012-04-01T12:00:00Z,0.0,-31.875,116.125,NaN,NaN
2012-04-01T12:00:00Z,0.0,-31.875,120.125,NaN,NaN
2012-04-01T12:00:00Z,0.0,-31.875,124.125,NaN,NaN
2012-04-01T12:00:00Z,0.0,-31.875,128.125,NaN,NaN
2012-04-01T12:00:00Z,0.0,-31.875,132.125,20.45,-0.04
2012-04-01T12:00:00Z,0.0,-31.875,136.125,NaN,NaN
2012-04-01T12:00:00Z,0.0,-31.875,140.125,NaN,NaN
2012-04-01T12:00:00Z,0.0,-31.875,144.125,NaN,NaN
2012-04-01T12:00:00Z,0.0,-31.875,148.125,NaN,NaN
2012-04-01T12:00:00Z,0.0,-31.875,152.125,NaN,NaN
2012-04-01T12:00:00Z,0.0,-31.875,156.125,22.98,-0.89
2012-04-01T12:00:00Z,0.0,-31.875,160.125,23.36,0.27
2012-04-01T12:00:00Z,0.0,-31.875,164.125,22.93,0.46
2012-04-01T12:00:00Z,0.0,-31.875,168.125,21.74,-0.03
2012-04-01T12:00:00Z,0.0,-31.875,172.125,21.27,-0.43
2012-04-01T12:00:00Z,0.0,-31.875,176.125,21.13,-0.81
2012-04-01T12:00:00Z,0.0,-31.875,180.125,21.48,-0.42
2012-04-01T12:00:00Z,0.0,-31.875,184.125,22.86,0.92
2012-04-01T12:00:00Z,0.0,-31.875,188.125,22.64,0.75
2012-04-01T12:00:00Z,0.0,-31.875,192.125,21.79,0.13
2012-04-01T12:00:00Z,0.0,-31.875,196.125,22.14,0.55
2012-04-01T12:00:00Z,0.0,-31.875,200.125,21.3,-0.27
2012-04-01T12:00:00Z,0.0,-31.875,204.125,22.03,0.46
2012-04-01T12:00:00Z,0.0,-31.875,208.125,20.98,-0.71
2012-04-01T12:00:00Z,0.0,-31.875,212.125,21.11,-0.63
2012-04-01T12:00:00Z,0.0,-31.875,216.125,20.99,-0.86
2012-04-01T12:00:00Z,0.0,-31.875,220.125,21.43,-0.55
2012-04-01T12:00:00Z,0.0,-31.875,224.125,21.29,-0.77
2012-04-01T12:00:00Z,0.0,-31.875,228.125,22.72,0.53
2012-04-01T12:00:00Z,0.0,-31.875,232.125,20.89,-1.42
2012-04-01T12:00:00Z,0.0,-31.875,236.125,21.47,-0.91
2012-04-01T12:00:00Z,0.0,-31.875,240.125,22.6,0.19
2012-04-01T12:00:00Z,0.0,-31.875,244.125,22.75,0.28
2012-04-01T12:00:00Z,0.0,-31.875,248.125,21.85,-0.67
2012-04-01T12:00:00Z,0.0,-31.875,252.125,22.58,0.14
2012-04-01T12:00:00Z,0.0,-31.875,256.125,21.98,-0.4
2012-04-01T12:00:00Z,0.0,-31.875,260.125,21.09,-1.1
2012-04-01T12:00:00Z,0.0,-31.875,264.125,20.64,-1.31
2012-04-01T12:00:00Z,0.0,-31.875,268.125,21.0,-0.6
2012-04-01T12:00:00Z,0.0,-31.875,272.125,21.3,0.13
2012-04-01T12:00:00Z,0.0,-31.875,276.125,21.27,0.72
2012-04-01T12:00:00Z,0.0,-31.875,280.125,20.58,0.95
2012-04-01T12:00:00Z,0.0,-31.875,284.125,19.1,0.7
2012-04-01T12:00:00Z,0.0,-31.875,288.125,18.11,1.04
2012-04-01T12:00:00Z,0.0,-31.875,292.125,NaN,NaN
2012-04-01T12:00:00Z,0.0,-31.875,296.125,NaN,NaN
2012-04-01T12:00:00Z,0.0,-31.875,300.125,NaN,NaN
2012-04-01T12:00:00Z,0.0,-31.875,304.125,NaN,NaN
2012-04-01T12:00:00Z,0.0,-31.875,308.125,21.84,-0.99
2012-04-01T12:00:00Z,0.0,-31.875,312.125,23.97,0.45
2012-04-01T12:00:00Z,0.0,-31.875,316.125,23.55,0.72
2012-04-01T12:00:00Z,0.0,-31.875,320.125,23.31,0.66
2012-04-01T12:00:00Z,0.0,-31.875,324.125,24.85,2.23
2012-04-01T12:00:00Z,0.0,-31.875,328.125,24.19,1.58
2012-04-01T12:00:00Z,0.0,-31.875,332.125,24.37,1.63
2012-04-01T12:00:00Z,0.0,-31.875,336.125,24.08,1.37
2012-04-01T12:00:00Z,0.0,-31.875,340.125,24.81,2.21
2012-04-01T12:00:00Z,0.0,-31.875,344.125,23.48,1.0
2012-04-01T12:00:00Z,0.0,-31.875,348.125,23.11,0.89
2012-04-01T12:00:00Z,0.0,-31.875,352.125,23.05,1.08
2012-04-01T12:00:00Z,0.0,-31.875,356.125,22.72,1.15
2012-04-01T12:00:00Z,0.0,-27.875,0.125,22.67,0.26
2012-04-01T12:00:00Z,0.0,-27.875,4.125,22.09,0.37
2012-04-01T12:00:00Z,0.0,-27.875,8.125,21.92,0.94
2012-04-01T12:00:00Z,0.0,-27.875,12.125,22.19,2.14
2012-04-01T12:00:00Z,0.0,-27.875,16.125,NaN,NaN
2012-04-01T12:00:00Z,0.0,-27.875,20.125,NaN,NaN
2012-04-01T12:00:00Z,0.0,-27.875,24.125,NaN,NaN
2012-04-01T12:00:00Z,0.0,-27.875,28.125,NaN,NaN
2012-04-01T12:00:00Z,0.0,-27.875,32.125,NaN,NaN
2012-04-01T12:00:00Z,0.0,-27.875,36.125,26.21,0.27
2012-04-01T12:00:00Z,0.0,-27.875,40.125,26.29,0.57
2012-04-01T12:00:00Z,0.0,-27.875,44.125,26.99,1.44
2012-04-01T12:00:00Z,0.0,-27.875,48.125,25.77,0.54
2012-04-01T12:00:00Z,0.0,-27.875,52.125,25.68,0.69
2012-04-01T12:00:00Z,0.0,-27.875,56.125,25.24,0.41
2012-04-01T12:00:00Z,0.0,-27.875,60.125,25.06,0.51
2012-04-01T12:00:00Z,0.0,-27.875,64.125,24.04,-0.44
2012-04-01T12:00:00Z,0.0,-27.875,68.125,23.5,-0.75
2012-04-01T12:00:00Z,0.0,-27.875,72.125,24.48,0.57
2012-04-01T12:00:00Z,0.0,-27.875,76.125,23.72,0.07
2012-04-01T12:00:00Z,0.0,-27.875,80.125,22.42,-1.08
2012-04-01T12:00:00Z,0.0,-27.875,84.125,23.23,0.03
2012-04-01T12:00:00Z,0.0,-27.875,88.125,23.61,0.73
2012-04-01T12:00:00Z,0.0,-27.875,92.125,22.73,0.14
2012-04-01T12:00:00Z,0.0,-27.875,96.125,22.62,0.27
2012-04-01T12:00:00Z,0.0,-27.875,100.125,22.74,0.63
2012-04-01T12:00:00Z,0.0,-27.875,104.125,22.39,0.25
2012-04-01T12:00:00Z,0.0,-27.875,108.125,24.41,1.88
2012-04-01T12:00:00Z,0.0,-27.875,112.125,26.11,2.06
2012-04-01T12:00:00Z,0.0,-27.875,116.125,NaN,NaN
2012-04-01T12:00:00Z,0.0,-27.875,120.125,NaN,NaN
2012-04-01T12:00:00Z,0.0,-27.875,124.125,NaN,NaN
2012-04-01T12:00:00Z,0.0,-27.875,128.125,NaN,NaN
2012-04-01T12:00:00Z,0.0,-27.875,132.125,NaN,NaN
2012-04-01T12:00:00Z,0.0,-27.875,136.125,NaN,NaN
2012-04-01T12:00:00Z,0.0,-27.875,140.125,NaN,NaN
2012-04-01T12:00:00Z,0.0,-27.875,144.125,NaN,NaN
2012-04-01T12:00:00Z,0.0,-27.875,148.125,NaN,NaN
2012-04-01T12:00:00Z,0.0,-27.875,152.125,NaN,NaN
2012-04-01T12:00:00Z,0.0,-27.875,156.125,24.69,-0.11
2012-04-01T12:00:00Z,0.0,-27.875,160.125,25.61,1.34
2012-04-01T12:00:00Z,0.0,-27.875,164.125,23.99,0.1
2012-04-01T12:00:00Z,0.0,-27.875,168.125,24.48,0.83
2012-04-01T12:00:00Z,0.0,-27.875,172.125,23.07,-0.74
2012-04-01T12:00:00Z,0.0,-27.875,176.125,23.58,-0.36
2012-04-01T12:00:00Z,0.0,-27.875,180.125,24.47,0.41
2012-04-01T12:00:00Z,0.0,-27.875,184.125,24.65,0.71
2012-04-01T12:00:00Z,0.0,-27.875,188.125,24.19,0.28
2012-04-01T12:00:00Z,0.0,-27.875,192.125,24.68,0.77
2012-04-01T12:00:00Z,0.0,-27.875,196.125,23.86,-0.05
2012-04-01T12:00:00Z,0.0,-27.875,200.125,24.15,0.18
2012-04-01T12:00:00Z,0.0,-27.875,204.125,23.25,-0.81
2012-04-01T12:00:00Z,0.0,-27.875,208.125,23.58,-0.58
2012-04-01T12:00:00Z,0.0,-27.875,212.125,23.97,-0.24
2012-04-01T12:00:00Z,0.0,-27.875,216.125,23.98,-0.29
2012-04-01T12:00:00Z,0.0,-27.875,220.125,24.47,-0.04
2012-04-01T12:00:00Z,0.0,-27.875,224.125,24.17,-0.51
2012-04-01T12:00:00Z,0.0,-27.875,228.125,24.81,0.06
2012-04-01T12:00:00Z,0.0,-27.875,232.125,25.34,0.53
2012-04-01T12:00:00Z,0.0,-27.875,236.125,24.89,0.12
2012-04-01T12:00:00Z,0.0,-27.875,240.125,24.68,-0.07
2012-04-01T12:00:00Z,0.0,-27.875,244.125,24.6,-0.04
2012-04-01T12:00:00Z,0.0,-27.875,248.125,24.48,-0.01
2012-04-01T12:00:00Z,0.0,-27.875,252.125,24.47,0.14
2012-04-01T12:00:00Z,0.0,-27.875,256.125,23.84,-0.13
2012-04-01T12:00:00Z,0.0,-27.875,260.125,23.55,-0.05
2012-04-01T12:00:00Z,0.0,-27.875,264.125,23.57,0.4
2012-04-01T12:00:00Z,0.0,-27.875,268.125,22.63,-0.01
2012-04-01T12:00:00Z,0.0,-27.875,272.125,22.65,0.64
2012-04-01T12:00:00Z,0.0,-27.875,276.125,22.38,1.24
2012-04-01T12:00:00Z,0.0,-27.875,280.125,21.48,1.3
2012-04-01T12:00:00Z,0.0,-27.875,284.125,20.45,1.2
2012-04-01T12:00:00Z,0.0,-27.875,288.125,19.53,1.2
2012-04-01T12:00:00Z,0.0,-27.875,292.125,NaN,NaN
2012-04-01T12:00:00Z,0.0,-27.875,296.125,NaN,NaN
2012-04-01T12:00:00Z,0.0,-27.875,300.125,NaN,NaN
2012-04-01T12:00:00Z,0.0,-27.875,304.125,NaN,NaN
2012-04-01T12:00:00Z,0.0,-27.875,308.125,NaN,NaN
2012-04-01T12:00:00Z,0.0,-27.875,312.125,23.92,-1.03
2012-04-01T12:00:00Z,0.0,-27.875,316.125,25.73,0.52
2012-04-01T12:00:00Z,0.0,-27.875,320.125,25.97,0.93
2012-04-01T12:00:00Z,0.0,-27.875,324.125,25.41,0.57
2012-04-01T12:00:00Z,0.0,-27.875,328.125,26.3,1.31
2012-04-01T12:00:00Z,0.0,-27.875,332.125,25.63,0.64
2012-04-01T12:00:00Z,0.0,-27.875,336.125,25.78,0.91
2012-04-01T12:00:00Z,0.0,-27.875,340.125,25.72,0.99
2012-04-01T12:00:00Z,0.0,-27.875,344.125,24.93,0.5
2012-04-01T12:00:00Z,0.0,-27.875,348.125,24.36,0.32
2012-04-01T12:00:00Z,0.0,-27.875,352.125,23.65,0.04
2012-04-01T12:00:00Z,0.0,-27.875,356.125,23.14,0.11
2012-04-01T12:00:00Z,0.0,-23.875,0.125,23.21,0.37
2012-04-01T12:00:00Z,0.0,-23.875,4.125,22.3,0.09
2012-04-01T12:00:00Z,0.0,-23.875,8.125,22.39,0.86
2012-04-01T12:00:00Z,0.0,-23.875,12.125,19.69,0.63
2012-04-01T12:00:00Z,0.0,-23.875,16.125,NaN,NaN
2012-04-01T12:00:00Z,0.0,-23.875,20.125,NaN,NaN
2012-04-01T12:00:00Z,0.0,-23.875,24.125,NaN,NaN
2012-04-01T12:00:00Z,0.0,-23.875,28.125,NaN,NaN
2012-04-01T12:00:00Z,0.0,-23.875,32.125,NaN,NaN
2012-04-01T12:00:00Z,0.0,-23.875,36.125,27.54,0.27
2012-04-01T12:00:00Z,0.0,-23.875,40.125,28.67,1.5
2012-04-01T12:00:00Z,0.0,-23.875,44.125,NaN,NaN
2012-04-01T12:00:00Z,0.0,-23.875,48.125,27.62,0.56
2012-04-01T12:00:00Z,0.0,-23.875,52.125,26.77,0.12
2012-04-01T12:00:00Z,0.0,-23.875,56.125,26.3,-0.23
2012-04-01T12:00:00Z,0.0,-23.875,60.125,25.83,-0.44
2012-04-01T12:00:00Z,0.0,-23.875,64.125,25.35,-0.72
2012-04-01T12:00:00Z,0.0,-23.875,68.125,25.94,0.11
2012-04-01T12:00:00Z,0.0,-23.875,72.125,25.72,0.23
2012-04-01T12:00:00Z,0.0,-23.875,76.125,26.06,0.74
2012-04-01T12:00:00Z,0.0,-23.875,80.125,24.01,-1.15
2012-04-01T12:00:00Z,0.0,-23.875,84.125,25.6,0.68
2012-04-01T12:00:00Z,0.0,-23.875,88.125,24.61,-0.07
2012-04-01T12:00:00Z,0.0,-23.875,92.125,24.62,0.28
2012-04-01T12:00:00Z,0.0,-23.875,96.125,23.44,-0.53
2012-04-01T12:00:00Z,0.0,-23.875,100.125,24.4,0.65
2012-04-01T12:00:00Z,0.0,-23.875,104.125,25.51,1.57
2012-04-01T12:00:00Z,0.0,-23.875,108.125,27.51,2.85
2012-04-01T12:00:00Z,0.0,-23.875,112.125,27.39,1.08
2012-04-01T12:00:00Z,0.0,-23.875,116.125,NaN,NaN
2012-04-01T12:00:00Z,0.0,-23.875,120.125,NaN,NaN
2012-04-01T12:00:00Z,0.0,-23.875,124.125,NaN,NaN
2012-04-01T12:00:00Z,0.0,-23.875,128.125,NaN,NaN
2012-04-01T12:00:00Z,0.0,-23.875,132.125,NaN,NaN
2012-04-01T12:00:00Z,0.0,-23.875,136.125,NaN,NaN
2012-04-01T12:00:00Z,0.0,-23.875,140.125,NaN,NaN
2012-04-01T12:00:00Z,0.0,-23.875,144.125,NaN,NaN
2012-04-01T12:00:00Z,0.0,-23.875,148.125,NaN,NaN
2012-04-01T12:00:00Z,0.0,-23.875,152.125,25.7,-0.73
2012-04-01T12:00:00Z,0.0,-23.875,156.125,26.78,0.85
2012-04-01T12:00:00Z,0.0,-23.875,160.125,26.35,0.88
2012-04-01T12:00:00Z,0.0,-23.875,164.125,25.85,0.32
2012-04-01T12:00:00Z,0.0,-23.875,168.125,26.92,1.19
2012-04-01T12:00:00Z,0.0,-23.875,172.125,27.06,1.31
2012-04-01T12:00:00Z,0.0,-23.875,176.125,27.02,1.15
2012-04-01T12:00:00Z,0.0,-23.875,180.125,26.31,0.44
2012-04-01T12:00:00Z,0.0,-23.875,184.125,26.58,0.65
2012-04-01T12:00:00Z,0.0,-23.875,188.125,26.62,0.71
2012-04-01T12:00:00Z,0.0,-23.875,192.125,26.7,0.8
2012-04-01T12:00:00Z,0.0,-23.875,196.125,25.98,0.04
2012-04-01T12:00:00Z,0.0,-23.875,200.125,25.29,-0.76
2012-04-01T12:00:00Z,0.0,-23.875,204.125,25.05,-1.09
2012-04-01T12:00:00Z,0.0,-23.875,208.125,26.33,0.17
2012-04-01T12:00:00Z,0.0,-23.875,212.125,25.72,-0.59
2012-04-01T12:00:00Z,0.0,-23.875,216.125,25.69,-0.79
2012-04-01T12:00:00Z,0.0,-23.875,220.125,26.55,0.07
2012-04-01T12:00:00Z,0.0,-23.875,224.125,27.19,0.68
2012-04-01T12:00:00Z,0.0,-23.875,228.125,27.06,0.55
2012-04-01T12:00:00Z,0.0,-23.875,232.125,27.19,0.73
2012-04-01T12:00:00Z,0.0,-23.875,236.125,27.67,1.34
2012-04-01T12:00:00Z,0.0,-23.875,240.125,27.37,1.3
2012-04-01T12:00:00Z,0.0,-23.875,244.125,26.08,0.31
2012-04-01T12:00:00Z,0.0,-23.875,248.125,26.01,0.55
2012-04-01T12:00:00Z,0.0,-23.875,252.125,25.45,0.39
2012-04-01T12:00:00Z,0.0,-23.875,256.125,24.96,0.36
2012-04-01T12:00:00Z,0.0,-23.875,260.125,24.74,0.66
2012-04-01T12:00:00Z,0.0,-23.875,264.125,24.17,0.65
2012-04-01T12:00:00Z,0.0,-23.875,268.125,23.71,0.83
2012-04-01T12:00:00Z,0.0,-23.875,272.125,23.05,0.94
2012-04-01T12:00:00Z,0.0,-23.875,276.125,22.28,0.95
2012-04-01T12:00:00Z,0.0,-23.875,280.125,21.84,1.14
2012-04-01T12:00:00Z,0.0,-23.875,284.125,22.28,1.84
2012-04-01T12:00:00Z,0.0,-23.875,288.125,21.03,0.6
2012-04-01T12:00:00Z,0.0,-23.875,292.125,NaN,NaN
2012-04-01T12:00:00Z,0.0,-23.875,296.125,NaN,NaN
2012-04-01T12:00:00Z,0.0,-23.875,300.125,NaN,NaN
2012-04-01T12:00:00Z,0.0,-23.875,304.125,NaN,NaN
2012-04-01T12:00:00Z,0.0,-23.875,308.125,NaN,NaN
2012-04-01T12:00:00Z,0.0,-23.875,312.125,NaN,NaN
2012-04-01T12:00:00Z,0.0,-23.875,316.125,25.12,-0.56
2012-04-01T12:00:00Z,0.0,-23.875,320.125,27.01,0.37
2012-04-01T12:00:00Z,0.0,-23.875,324.125,27.2,0.41
2012-04-01T12:00:00Z,0.0,-23.875,328.125,26.73,-0.05
2012-04-01T12:00:00Z,0.0,-23.875,332.125,27.03,0.36
2012-04-01T12:00:00Z,0.0,-23.875,336.125,26.79,0.36
2012-04-01T12:00:00Z,0.0,-23.875,340.125,26.31,0.29
2012-04-01T12:00:00Z,0.0,-23.875,344.125,25.7,0.24
2012-04-01T12:00:00Z,0.0,-23.875,348.125,25.2,0.28
2012-04-01T12:00:00Z,0.0,-23.875,352.125,24.66,0.35
2012-04-01T12:00:00Z,0.0,-23.875,356.125,23.93,0.38
2012-04-01T12:00:00Z,0.0,-19.875,0.125,23.95,0.56
2012-04-01T12:00:00Z,0.0,-19.875,4.125,23.81,0.9
2012-04-01T12:00:00Z,0.0,-19.875,8.125,22.81,0.87
2012-04-01T12:00:00Z,0.0,-19.875,12.125,20.48,1.08
2012-04-01T12:00:00Z,0.0,-19.875,16.125,NaN,NaN
2012-04-01T12:00:00Z,0.0,-19.875,20.125,NaN,NaN
2012-04-01T12:00:00Z,0.0,-19.875,24.125,NaN,NaN
2012-04-01T12:00:00Z,0.0,-19.875,28.125,NaN,NaN
2012-04-01T12:00:00Z,0.0,-19.875,32.125,NaN,NaN
2012-04-01T12:00:00Z,0.0,-19.875,36.125,28.49,0.55
2012-04-01T12:00:00Z,0.0,-19.875,40.125,29.29,0.88
2012-04-01T12:00:00Z,0.0,-19.875,44.125,29.99,1.22
2012-04-01T12:00:00Z,0.0,-19.875,48.125,NaN,NaN
2012-04-01T12:00:00Z,0.0,-19.875,52.125,28.34,0.66
2012-04-01T12:00:00Z,0.0,-19.875,56.125,27.81,0.37
2012-04-01T12:00:00Z,0.0,-19.875,60.125,27.72,0.47
2012-04-01T12:00:00Z,0.0,-19.875,64.125,26.88,-0.22
2012-04-01T12:00:00Z,0.0,-19.875,68.125,27.08,0.14
2012-04-01T12:00:00Z,0.0,-19.875,72.125,26.69,-0.15
2012-04-01T12:00:00Z,0.0,-19.875,76.125,26.66,-0.11
2012-04-01T12:00:00Z,0.0,-19.875,80.125,26.54,-0.09
2012-04-01T12:00:00Z,0.0,-19.875,84.125,25.86,-0.64
2012-04-01T12:00:00Z,0.0,-19.875,88.125,25.84,-0.37
2012-04-01T12:00:00Z,0.0,-19.875,92.125,25.48,-0.39
2012-04-01T12:00:00Z,0.0,-19.875,96.125,25.7,0.17
2012-04-01T12:00:00Z,0.0,-19.875,100.125,26.56,1.03
2012-04-01T12:00:00Z,0.0,-19.875,104.125,27.51,1.55
2012-04-01T12:00:00Z,0.0,-19.875,108.125,28.34,1.62
2012-04-01T12:00:00Z,0.0,-19.875,112.125,28.77,0.84
2012-04-01T12:00:00Z,0.0,-19.875,116.125,29.56,0.6
2012-04-01T12:00:00Z,0.0,-19.875,120.125,29.89,0.57
2012-04-01T12:00:00Z,0.0,-19.875,124.125,NaN,NaN
2012-04-01T12:00:00Z,0.0,-19.875,128.125,NaN,NaN
2012-04-01T12:00:00Z,0.0,-19.875,132.125,NaN,NaN
2012-04-01T12:00:00Z,0.0,-19.875,136.125,NaN,NaN
2012-04-01T12:00:00Z,0.0,-19.875,140.125,NaN,NaN
2012-04-01T12:00:00Z,0.0,-19.875,144.125,NaN,NaN
2012-04-01T12:00:00Z,0.0,-19.875,148.125,27.76,0.45
2012-04-01T12:00:00Z,0.0,-19.875,152.125,27.21,0.04
2012-04-01T12:00:00Z,0.0,-19.875,156.125,27.92,0.81
2012-04-01T12:00:00Z,0.0,-19.875,160.125,27.74,0.62
2012-04-01T12:00:00Z,0.0,-19.875,164.125,27.96,0.6
2012-04-01T12:00:00Z,0.0,-19.875,168.125,28.22,0.8
2012-04-01T12:00:00Z,0.0,-19.875,172.125,28.71,1.2
2012-04-01T12:00:00Z,0.0,-19.875,176.125,28.28,0.6
2012-04-01T12:00:00Z,0.0,-19.875,180.125,28.43,0.71
2012-04-01T12:00:00Z,0.0,-19.875,184.125,27.83,0.19
2012-04-01T12:00:00Z,0.0,-19.875,188.125,27.96,0.3
2012-04-01T12:00:00Z,0.0,-19.875,192.125,28.05,0.38
2012-04-01T12:00:00Z,0.0,-19.875,196.125,27.89,0.18
2012-04-01T12:00:00Z,0.0,-19.875,200.125,27.49,-0.28
2012-04-01T12:00:00Z,0.0,-19.875,204.125,27.48,-0.36
2012-04-01T12:00:00Z,0.0,-19.875,208.125,28.52,0.59
2012-04-01T12:00:00Z,0.0,-19.875,212.125,28.7,0.74
2012-04-01T12:00:00Z,0.0,-19.875,216.125,28.19,0.24
2012-04-01T12:00:00Z,0.0,-19.875,220.125,28.54,0.68
2012-04-01T12:00:00Z,0.0,-19.875,224.125,28.58,0.89
2012-04-01T12:00:00Z,0.0,-19.875,228.125,28.69,1.21
2012-04-01T12:00:00Z,0.0,-19.875,232.125,28.58,1.32
2012-04-01T12:00:00Z,0.0,-19.875,236.125,27.91,0.94
2012-04-01T12:00:00Z,0.0,-19.875,240.125,27.35,0.76
2012-04-01T12:00:00Z,0.0,-19.875,244.125,26.76,0.57
2012-04-01T12:00:00Z,0.0,-19.875,248.125,26.32,0.58
2012-04-01T12:00:00Z,0.0,-19.875,252.125,25.88,0.68
2012-04-01T12:00:00Z,0.0,-19.875,256.125,25.26,0.59
2012-04-01T12:00:00Z,0.0,-19.875,260.125,24.59,0.5
2012-04-01T12:00:00Z,0.0,-19.875,264.125,24.21,0.69
2012-04-01T12:00:00Z,0.0,-19.875,268.125,23.72,0.82
2012-04-01T12:00:00Z,0.0,-19.875,272.125,23.17,0.8
2012-04-01T12:00:00Z,0.0,-19.875,276.125,23.23,1.28
2012-04-01T12:00:00Z,0.0,-19.875,280.125,23.14,1.3
2012-04-01T12:00:00Z,0.0,-19.875,284.125,22.99,0.52
2012-04-01T12:00:00Z,0.0,-19.875,288.125,23.27,0.77
2012-04-01T12:00:00Z,0.0,-19.875,292.125,NaN,NaN
2012-04-01T12:00:00Z,0.0,-19.875,296.125,NaN,NaN
2012-04-01T12:00:00Z,0.0,-19.875,300.125,NaN,NaN
2012-04-01T12:00:00Z,0.0,-19.875,304.125,NaN,NaN
2012-04-01T12:00:00Z,0.0,-19.875,308.125,NaN,NaN
2012-04-01T12:00:00Z,0.0,-19.875,312.125,NaN,NaN
2012-04-01T12:00:00Z,0.0,-19.875,316.125,NaN,NaN
2012-04-01T12:00:00Z,0.0,-19.875,320.125,27.1,0.05
2012-04-01T12:00:00Z,0.0,-19.875,324.125,28.16,0.39
2012-04-01T12:00:00Z,0.0,-19.875,328.125,27.36,-0.24
2012-04-01T12:00:00Z,0.0,-19.875,332.125,27.14,-0.1
2012-04-01T12:00:00Z,0.0,-19.875,336.125,26.72,-0.02
2012-04-01T12:00:00Z,0.0,-19.875,340.125,26.13,-0.04
2012-04-01T12:00:00Z,0.0,-19.875,344.125,25.64,0.06
2012-04-01T12:00:00Z,0.0,-19.875,348.125,24.96,0.01
2012-04-01T12:00:00Z,0.0,-19.875,352.125,24.5,0.11
2012-04-01T12:00:00Z,0.0,-19.875,356.125,24.13,0.3
2012-04-01T12:00:00Z,0.0,-15.875,0.125,25.16,0.94
2012-04-01T12:00:00Z,0.0,-15.875,4.125,24.98,1.09
2012-04-01T12:00:00Z,0.0,-15.875,8.125,24.46,1.02
2012-04-01T12:00:00Z,0.0,-15.875,12.125,NaN,NaN
2012-04-01T12:00:00Z,0.0,-15.875,16.125,NaN,NaN
2012-04-01T12:00:00Z,0.0,-15.875,20.125,NaN,NaN
2012-04-01T12:00:00Z,0.0,-15.875,24.125,NaN,NaN
2012-04-01T12:00:00Z,0.0,-15.875,28.125,NaN,NaN
2012-04-01T12:00:00Z,0.0,-15.875,32.125,NaN,NaN
2012-04-01T12:00:00Z,0.0,-15.875,36.125,NaN,NaN
2012-04-01T12:00:00Z,0.0,-15.875,40.125,NaN,NaN
2012-04-01T12:00:00Z,0.0,-15.875,44.125,30.22,1.09
2012-04-01T12:00:00Z,0.0,-15.875,48.125,NaN,NaN
2012-04-01T12:00:00Z,0.0,-15.875,52.125,29.09,0.84
2012-04-01T12:00:00Z,0.0,-15.875,56.125,28.7,0.47
2012-04-01T12:00:00Z,0.0,-15.875,60.125,28.4,0.32
2012-04-01T12:00:00Z,0.0,-15.875,64.125,27.37,-0.66
2012-04-01T12:00:00Z,0.0,-15.875,68.125,28.0,0.06
2012-04-01T12:00:00Z,0.0,-15.875,72.125,27.36,-0.57
2012-04-01T12:00:00Z,0.0,-15.875,76.125,28.02,0.06
2012-04-01T12:00:00Z,0.0,-15.875,80.125,27.77,-0.03
2012-04-01T12:00:00Z,0.0,-15.875,84.125,27.16,-0.39
2012-04-01T12:00:00Z,0.0,-15.875,88.125,27.55,0.21
2012-04-01T12:00:00Z,0.0,-15.875,92.125,27.3,0.08
2012-04-01T12:00:00Z,0.0,-15.875,96.125,27.38,0.12
2012-04-01T12:00:00Z,0.0,-15.875,100.125,27.4,0.01
2012-04-01T12:00:00Z,0.0,-15.875,104.125,28.57,0.87
2012-04-01T12:00:00Z,0.0,-15.875,108.125,28.25,0.12
2012-04-01T12:00:00Z,0.0,-15.875,112.125,28.37,-0.33
2012-04-01T12:00:00Z,0.0,-15.875,116.125,28.32,-0.95
2012-04-01T12:00:00Z,0.0,-15.875,120.125,28.29,-1.23
2012-04-01T12:00:00Z,0.0,-15.875,124.125,30.01,0.43
2012-04-01T12:00:00Z,0.0,-15.875,128.125,NaN,NaN
2012-04-01T12:00:00Z,0.0,-15.875,132.125,NaN,NaN
2012-04-01T12:00:00Z,0.0,-15.875,136.125,NaN,NaN
2012-04-01T12:00:00Z,0.0,-15.875,140.125,29.38,-0.06
2012-04-01T12:00:00Z,0.0,-15.875,144.125,NaN,NaN
2012-04-01T12:00:00Z,0.0,-15.875,148.125,27.64,-0.25
2012-04-01T12:00:00Z,0.0,-15.875,152.125,27.68,-0.34
2012-04-01T12:00:00Z,0.0,-15.875,156.125,28.56,0.21
2012-04-01T12:00:00Z,0.0,-15.875,160.125,28.67,0.21
2012-04-01T12:00:00Z,0.0,-15.875,164.125,28.98,0.38
2012-04-01T12:00:00Z,0.0,-15.875,168.125,28.76,0.03
2012-04-01T12:00:00Z,0.0,-15.875,172.125,29.18,0.35
2012-04-01T12:00:00Z,0.0,-15.875,176.125,29.29,0.35
2012-04-01T12:00:00Z,0.0,-15.875,180.125,27.89,-0.95
2012-04-01T12:00:00Z,0.0,-15.875,184.125,28.91,0.11
2012-04-01T12:00:00Z,0.0,-15.875,188.125,28.8,-0.04
2012-04-01T12:00:00Z,0.0,-15.875,192.125,28.59,-0.2
2012-04-01T12:00:00Z,0.0,-15.875,196.125,28.67,-0.19
2012-04-01T12:00:00Z,0.0,-15.875,200.125,28.65,-0.22
2012-04-01T12:00:00Z,0.0,-15.875,204.125,28.85,0.01
2012-04-01T12:00:00Z,0.0,-15.875,208.125,29.0,0.21
2012-04-01T12:00:00Z,0.0,-15.875,212.125,29.25,0.54
2012-04-01T12:00:00Z,0.0,-15.875,216.125,29.38,0.79
2012-04-01T12:00:00Z,0.0,-15.875,220.125,29.52,1.09
2012-04-01T12:00:00Z,0.0,-15.875,224.125,29.11,0.94
2012-04-01T12:00:00Z,0.0,-15.875,228.125,28.75,0.86
2012-04-01T12:00:00Z,0.0,-15.875,232.125,28.21,0.63
2012-04-01T12:00:00Z,0.0,-15.875,236.125,27.8,0.61
2012-04-01T12:00:00Z,0.0,-15.875,240.125,27.22,0.48
2012-04-01T12:00:00Z,0.0,-15.875,244.125,26.62,0.33
2012-04-01T12:00:00Z,0.0,-15.875,248.125,26.05,0.25
2012-04-01T12:00:00Z,0.0,-15.875,252.125,25.99,0.72
2012-04-01T12:00:00Z,0.0,-15.875,256.125,25.26,0.45
2012-04-01T12:00:00Z,0.0,-15.875,260.125,25.13,0.78
2012-04-01T12:00:00Z,0.0,-15.875,264.125,24.67,0.69
2012-04-01T12:00:00Z,0.0,-15.875,268.125,24.46,0.71
2012-04-01T12:00:00Z,0.0,-15.875,272.125,24.36,0.68
2012-04-01T12:00:00Z,0.0,-15.875,276.125,24.8,1.1
2012-04-01T12:00:00Z,0.0,-15.875,280.125,24.15,0.6
2012-04-01T12:00:00Z,0.0,-15.875,284.125,20.15,-1.51
2012-04-01T12:00:00Z,0.0,-15.875,288.125,NaN,NaN
2012-04-01T12:00:00Z,0.0,-15.875,292.125,NaN,NaN
2012-04-01T12:00:00Z,0.0,-15.875,296.125,NaN,NaN
2012-04-01T12:00:00Z,0.0,-15.875,300.125,NaN,NaN
2012-04-01T12:00:00Z,0.0,-15.875,304.125,NaN,NaN
2012-04-01T12:00:00Z,0.0,-15.875,308.125,NaN,NaN
2012-04-01T12:00:00Z,0.0,-15.875,312.125,NaN,NaN
2012-04-01T12:00:00Z,0.0,-15.875,316.125,NaN,NaN
2012-04-01T12:00:00Z,0.0,-15.875,320.125,NaN,NaN
2012-04-01T12:00:00Z,0.0,-15.875,324.125,28.46,0.36
2012-04-01T12:00:00Z,0.0,-15.875,328.125,27.25,-0.47
2012-04-01T12:00:00Z,0.0,-15.875,332.125,26.9,-0.29
2012-04-01T12:00:00Z,0.0,-15.875,336.125,26.43,-0.22
2012-04-01T12:00:00Z,0.0,-15.875,340.125,25.93,-0.19
2012-04-01T12:00:00Z,0.0,-15.875,344.125,25.68,0.03
2012-04-01T12:00:00Z,0.0,-15.875,348.125,25.35,0.05
2012-04-01T12:00:00Z,0.0,-15.875,352.125,24.88,-0.05
2012-04-01T12:00:00Z,0.0,-15.875,356.125,25.1,0.53
2012-04-01T12:00:00Z,0.0,-11.875,0.125,26.55,0.77
2012-04-01T12:00:00Z,0.0,-11.875,4.125,27.02,1.07
2012-04-01T12:00:00Z,0.0,-11.875,8.125,26.5,0.22
2012-04-01T12:00:00Z,0.0,-11.875,12.125,27.73,0.15
2012-04-01T12:00:00Z,0.0,-11.875,16.125,NaN,NaN
2012-04-01T12:00:00Z,0.0,-11.875,20.125,NaN,NaN
2012-04-01T12:00:00Z,0.0,-11.875,24.125,NaN,NaN
2012-04-01T12:00:00Z,0.0,-11.875,28.125,NaN,NaN
2012-04-01T12:00:00Z,0.0,-11.875,32.125,NaN,NaN
2012-04-01T12:00:00Z,0.0,-11.875,36.125,NaN,NaN
2012-04-01T12:00:00Z,0.0,-11.875,40.125,NaN,NaN
2012-04-01T12:00:00Z,0.0,-11.875,44.125,30.68,1.68
2012-04-01T12:00:00Z,0.0,-11.875,48.125,29.55,0.88
2012-04-01T12:00:00Z,0.0,-11.875,52.125,29.27,0.78
2012-04-01T12:00:00Z,0.0,-11.875,56.125,28.66,0.0
2012-04-01T12:00:00Z,0.0,-11.875,60.125,29.15,0.59
2012-04-01T12:00:00Z,0.0,-11.875,64.125,29.07,0.42
2012-04-01T12:00:00Z,0.0,-11.875,68.125,28.58,0.02
2012-04-01T12:00:00Z,0.0,-11.875,72.125,28.24,-0.31
2012-04-01T12:00:00Z,0.0,-11.875,76.125,28.83,0.26
2012-04-01T12:00:00Z,0.0,-11.875,80.125,29.42,0.99
2012-04-01T12:00:00Z,0.0,-11.875,84.125,29.21,0.91
2012-04-01T12:00:00Z,0.0,-11.875,88.125,28.52,0.27
2012-04-01T12:00:00Z,0.0,-11.875,92.125,28.23,-0.08
2012-04-01T12:00:00Z,0.0,-11.875,96.125,28.44,-0.01
2012-04-01T12:00:00Z,0.0,-11.875,100.125,28.96,0.36
2012-04-01T12:00:00Z,0.0,-11.875,104.125,28.62,-0.13
2012-04-01T12:00:00Z,0.0,-11.875,108.125,28.81,-0.06
2012-04-01T12:00:00Z,0.0,-11.875,112.125,28.23,-0.75
2012-04-01T12:00:00Z,0.0,-11.875,116.125,28.04,-1.13
2012-04-01T12:00:00Z,0.0,-11.875,120.125,28.39,-0.94
2012-04-01T12:00:00Z,0.0,-11.875,124.125,29.16,-0.13
2012-04-01T12:00:00Z,0.0,-11.875,128.125,29.41,0.0
2012-04-01T12:00:00Z,0.0,-11.875,132.125,30.19,0.72
2012-04-01T12:00:00Z,0.0,-11.875,136.125,29.53,0.4
2012-04-01T12:00:00Z,0.0,-11.875,140.125,29.19,0.26
2012-04-01T12:00:00Z,0.0,-11.875,144.125,28.34,0.08
2012-04-01T12:00:00Z,0.0,-11.875,148.125,28.62,0.07
2012-04-01T12:00:00Z,0.0,-11.875,152.125,28.49,-0.22
2012-04-01T12:00:00Z,0.0,-11.875,156.125,28.78,-0.29
2012-04-01T12:00:00Z,0.0,-11.875,160.125,29.39,0.16
2012-04-01T12:00:00Z,0.0,-11.875,164.125,28.87,-0.38
2012-04-01T12:00:00Z,0.0,-11.875,168.125,29.36,0.08
2012-04-01T12:00:00Z,0.0,-11.875,172.125,29.51,0.19
2012-04-01T12:00:00Z,0.0,-11.875,176.125,28.91,-0.4
2012-04-01T12:00:00Z,0.0,-11.875,180.125,29.3,-0.05
2012-04-01T12:00:00Z,0.0,-11.875,184.125,29.21,-0.13
2012-04-01T12:00:00Z,0.0,-11.875,188.125,28.98,-0.33
2012-04-01T12:00:00Z,0.0,-11.875,192.125,29.19,-0.13
2012-04-01T12:00:00Z,0.0,-11.875,196.125,29.16,-0.11
2012-04-01T12:00:00Z,0.0,-11.875,200.125,29.53,0.32
2012-04-01T12:00:00Z,0.0,-11.875,204.125,29.25,0.1
2012-04-01T12:00:00Z,0.0,-11.875,208.125,29.22,0.16
2012-04-01T12:00:00Z,0.0,-11.875,212.125,29.6,0.66
2012-04-01T12:00:00Z,0.0,-11.875,216.125,29.92,1.13
2012-04-01T12:00:00Z,0.0,-11.875,220.125,29.6,1.02
2012-04-01T12:00:00Z,0.0,-11.875,224.125,28.94,0.66
2012-04-01T12:00:00Z,0.0,-11.875,228.125,28.78,0.79
2012-04-01T12:00:00Z,0.0,-11.875,232.125,28.14,0.46
2012-04-01T12:00:00Z,0.0,-11.875,236.125,27.78,0.43
2012-04-01T12:00:00Z,0.0,-11.875,240.125,27.36,0.35
2012-04-01T12:00:00Z,0.0,-11.875,244.125,27.03,0.33
2012-04-01T12:00:00Z,0.0,-11.875,248.125,27.04,0.68
2012-04-01T12:00:00Z,0.0,-11.875,252.125,26.57,0.49
2012-04-01T12:00:00Z,0.0,-11.875,256.125,26.37,0.51
2012-04-01T12:00:00Z,0.0,-11.875,260.125,26.74,1.07
2012-04-01T12:00:00Z,0.0,-11.875,264.125,25.74,0.19
2012-04-01T12:00:00Z,0.0,-11.875,268.125,26.69,1.03
2012-04-01T12:00:00Z,0.0,-11.875,272.125,26.7,0.92
2012-04-01T12:00:00Z,0.0,-11.875,276.125,26.26,0.6
2012-04-01T12:00:00Z,0.0,-11.875,280.125,23.63,-0.41
2012-04-01T12:00:00Z,0.0,-11.875,284.125,NaN,NaN
2012-04-01T12:00:00Z,0.0,-11.875,288.125,NaN,NaN
2012-04-01T12:00:00Z,0.0,-11.875,292.125,NaN,NaN
2012-04-01T12:00:00Z,0.0,-11.875,296.125,NaN,NaN
2012-04-01T12:00:00Z,0.0,-11.875,300.125,NaN,NaN
2012-04-01T12:00:00Z,0.0,-11.875,304.125,NaN,NaN
2012-04-01T12:00:00Z,0.0,-11.875,308.125,NaN,NaN
2012-04-01T12:00:00Z,0.0,-11.875,312.125,NaN,NaN
2012-04-01T12:00:00Z,0.0,-11.875,316.125,NaN,NaN
2012-04-01T12:00:00Z,0.0,-11.875,320.125,NaN,NaN
2012-04-01T12:00:00Z,0.0,-11.875,324.125,27.71,-0.47
2012-04-01T12:00:00Z,0.0,-11.875,328.125,27.62,-0.32
2012-04-01T12:00:00Z,0.0,-11.875,332.125,27.55,-0.01
2012-04-01T12:00:00Z,0.0,-11.875,336.125,27.12,-0.11
2012-04-01T12:00:00Z,0.0,-11.875,340.125,26.79,-0.14
2012-04-01T12:00:00Z,0.0,-11.875,344.125,26.46,-0.18
2012-04-01T12:00:00Z,0.0,-11.875,348.125,26.46,0.05
2012-04-01T12:00:00Z,0.0,-11.875,352.125,26.42,0.25
2012-04-01T12:00:00Z,0.0,-11.875,356.125,26.36,0.44
2012-04-01T12:00:00Z,0.0,-7.875,0.125,28.71,1.09
2012-04-01T12:00:00Z,0.0,-7.875,4.125,29.57,1.63
2012-04-01T12:00:00Z,0.0,-7.875,8.125,29.06,0.62
2012-04-01T12:00:00Z,0.0,-7.875,12.125,29.05,0.6
2012-04-01T12:00:00Z,0.0,-7.875,16.125,NaN,NaN
2012-04-01T12:00:00Z,0.0,-7.875,20.125,NaN,NaN
2012-04-01T12:00:00Z,0.0,-7.875,24.125,NaN,NaN
2012-04-01T12:00:00Z,0.0,-7.875,28.125,NaN,NaN
2012-04-01T12:00:00Z,0.0,-7.875,32.125,NaN,NaN
2012-04-01T12:00:00Z,0.0,-7.875,36.125,NaN,NaN
2012-04-01T12:00:00Z,0.0,-7.875,40.125,30.45,1.2
2012-04-01T12:00:00Z,0.0,-7.875,44.125,30.43,1.19
2012-04-01T12:00:00Z,0.0,-7.875,48.125,30.08,0.89
2012-04-01T12:00:00Z,0.0,-7.875,52.125,29.45,0.3
2012-04-01T12:00:00Z,0.0,-7.875,56.125,29.84,0.86
2012-04-01T12:00:00Z,0.0,-7.875,60.125,29.58,0.67
2012-04-01T12:00:00Z,0.0,-7.875,64.125,29.75,0.75
2012-04-01T12:00:00Z,0.0,-7.875,68.125,29.45,0.5
2012-04-01T12:00:00Z,0.0,-7.875,72.125,28.72,-0.19
2012-04-01T12:00:00Z,0.0,-7.875,76.125,29.62,0.78
2012-04-01T12:00:00Z,0.0,-7.875,80.125,29.46,0.68
2012-04-01T12:00:00Z,0.0,-7.875,84.125,29.42,0.7
2012-04-01T12:00:00Z,0.0,-7.875,88.125,28.81,0.03
2012-04-01T12:00:00Z,0.0,-7.875,92.125,28.18,-0.73
2012-04-01T12:00:00Z,0.0,-7.875,96.125,28.31,-0.71
2012-04-01T12:00:00Z,0.0,-7.875,100.125,29.17,0.11
2012-04-01T12:00:00Z,0.0,-7.875,104.125,28.74,-0.31
2012-04-01T12:00:00Z,0.0,-7.875,108.125,29.23,0.15
2012-04-01T12:00:00Z,0.0,-7.875,112.125,NaN,NaN
2012-04-01T12:00:00Z,0.0,-7.875,116.125,28.5,-0.55
2012-04-01T12:00:00Z,0.0,-7.875,120.125,28.98,-0.06
2012-04-01T12:00:00Z,0.0,-7.875,124.125,28.76,-0.27
2012-04-01T12:00:00Z,0.0,-7.875,128.125,29.02,0.05
2012-04-01T12:00:00Z,0.0,-7.875,132.125,29.27,0.3
2012-04-01T12:00:00Z,0.0,-7.875,136.125,29.28,0.24
2012-04-01T12:00:00Z,0.0,-7.875,140.125,NaN,NaN
2012-04-01T12:00:00Z,0.0,-7.875,144.125,28.51,-0.28
2012-04-01T12:00:00Z,0.0,-7.875,148.125,29.71,0.49
2012-04-01T12:00:00Z,0.0,-7.875,152.125,28.97,-0.41
2012-04-01T12:00:00Z,0.0,-7.875,156.125,29.59,0.04
2012-04-01T12:00:00Z,0.0,-7.875,160.125,29.55,0.06
2012-04-01T12:00:00Z,0.0,-7.875,164.125,29.02,-0.43
2012-04-01T12:00:00Z,0.0,-7.875,168.125,29.67,0.21
2012-04-01T12:00:00Z,0.0,-7.875,172.125,29.34,-0.12
2012-04-01T12:00:00Z,0.0,-7.875,176.125,29.04,-0.37
2012-04-01T12:00:00Z,0.0,-7.875,180.125,29.0,-0.43
2012-04-01T12:00:00Z,0.0,-7.875,184.125,29.24,-0.13
2012-04-01T12:00:00Z,0.0,-7.875,188.125,29.04,-0.31
2012-04-01T12:00:00Z,0.0,-7.875,192.125,29.04,-0.22
2012-04-01T12:00:00Z,0.0,-7.875,196.125,29.08,-0.08
2012-04-01T12:00:00Z,0.0,-7.875,200.125,29.07,-0.02
2012-04-01T12:00:00Z,0.0,-7.875,204.125,29.03,0.03
2012-04-01T12:00:00Z,0.0,-7.875,208.125,29.43,0.57
2012-04-01T12:00:00Z,0.0,-7.875,212.125,29.49,0.78
2012-04-01T12:00:00Z,0.0,-7.875,216.125,29.62,1.1
2012-04-01T12:00:00Z,0.0,-7.875,220.125,28.64,0.28
2012-04-01T12:00:00Z,0.0,-7.875,224.125,28.02,-0.11
2012-04-01T12:00:00Z,0.0,-7.875,228.125,28.2,0.28
2012-04-01T12:00:00Z,0.0,-7.875,232.125,27.96,0.23
2012-04-01T12:00:00Z,0.0,-7.875,236.125,27.9,0.35
2012-04-01T12:00:00Z,0.0,-7.875,240.125,27.67,0.28
2012-04-01T12:00:00Z,0.0,-7.875,244.125,27.43,0.17
2012-04-01T12:00:00Z,0.0,-7.875,248.125,27.71,0.62
2012-04-01T12:00:00Z,0.0,-7.875,252.125,27.48,0.52
2012-04-01T12:00:00Z,0.0,-7.875,256.125,27.7,0.86
2012-04-01T12:00:00Z,0.0,-7.875,260.125,27.46,0.6
2012-04-01T12:00:00Z,0.0,-7.875,264.125,27.75,0.83
2012-04-01T12:00:00Z,0.0,-7.875,268.125,27.65,0.59
2012-04-01T12:00:00Z,0.0,-7.875,272.125,27.6,0.54
2012-04-01T12:00:00Z,0.0,-7.875,276.125,26.9,0.63
2012-04-01T12:00:00Z,0.0,-7.875,280.125,22.31,-0.11
2012-04-01T12:00:00Z,0.0,-7.875,284.125,NaN,NaN
2012-04-01T12:00:00Z,0.0,-7.875,288.125,NaN,NaN
2012-04-01T12:00:00Z,0.0,-7.875,292.125,NaN,NaN
2012-04-01T12:00:00Z,0.0,-7.875,296.125,NaN,NaN
2012-04-01T12:00:00Z,0.0,-7.875,300.125,NaN,NaN
2012-04-01T12:00:00Z,0.0,-7.875,304.125,NaN,NaN
2012-04-01T12:00:00Z,0.0,-7.875,308.125,NaN,NaN
2012-04-01T12:00:00Z,0.0,-7.875,312.125,NaN,NaN
2012-04-01T12:00:00Z,0.0,-7.875,316.125,NaN,NaN
2012-04-01T12:00:00Z,0.0,-7.875,320.125,NaN,NaN
2012-04-01T12:00:00Z,0.0,-7.875,324.125,NaN,NaN
2012-04-01T12:00:00Z,0.0,-7.875,328.125,27.96,-0.33
2012-04-01T12:00:00Z,0.0,-7.875,332.125,27.92,-0.2
2012-04-01T12:00:00Z,0.0,-7.875,336.125,27.99,0.04
2012-04-01T12:00:00Z,0.0,-7.875,340.125,27.92,0.09
2012-04-01T12:00:00Z,0.0,-7.875,344.125,27.86,0.18
2012-04-01T12:00:00Z,0.0,-7.875,348.125,28.01,0.41
2012-04-01T12:00:00Z,0.0,-7.875,352.125,27.94,0.4
2012-04-01T12:00:00Z,0.0,-7.875,356.125,28.21,0.62
2012-04-01T12:00:00Z,0.0,-3.875,0.125,29.44,1.03
2012-04-01T12:00:00Z,0.0,-3.875,4.125,29.77,1.18
2012-04-01T12:00:00Z,0.0,-3.875,8.125,29.19,0.67
2012-04-01T12:00:00Z,0.0,-3.875,12.125,NaN,NaN
2012-04-01T12:00:00Z,0.0,-3.875,16.125,NaN,NaN
2012-04-01T12:00:00Z,0.0,-3.875,20.125,NaN,NaN
2012-04-01T12:00:00Z,0.0,-3.875,24.125,NaN,NaN
2012-04-01T12:00:00Z,0.0,-3.875,28.125,NaN,NaN
2012-04-01T12:00:00Z,0.0,-3.875,32.125,NaN,NaN
2012-04-01T12:00:00Z,0.0,-3.875,36.125,NaN,NaN
2012-04-01T12:00:00Z,0.0,-3.875,40.125,29.76,0.82
2012-04-01T12:00:00Z,0.0,-3.875,44.125,29.45,0.56
2012-04-01T12:00:00Z,0.0,-3.875,48.125,30.81,1.47
2012-04-01T12:00:00Z,0.0,-3.875,52.125,30.01,0.59
2012-04-01T12:00:00Z,0.0,-3.875,56.125,30.18,0.78
2012-04-01T12:00:00Z,0.0,-3.875,60.125,30.03,0.67
2012-04-01T12:00:00Z,0.0,-3.875,64.125,29.59,0.24
2012-04-01T12:00:00Z,0.0,-3.875,68.125,29.46,0.16
2012-04-01T12:00:00Z,0.0,-3.875,72.125,28.99,-0.23
2012-04-01T12:00:00Z,0.0,-3.875,76.125,29.11,-0.03
2012-04-01T12:00:00Z,0.0,-3.875,80.125,29.42,0.26
2012-04-01T12:00:00Z,0.0,-3.875,84.125,29.23,0.09
2012-04-01T12:00:00Z,0.0,-3.875,88.125,29.33,0.16
2012-04-01T12:00:00Z,0.0,-3.875,92.125,28.98,-0.22
2012-04-01T12:00:00Z,0.0,-3.875,96.125,28.86,-0.4
2012-04-01T12:00:00Z,0.0,-3.875,100.125,29.31,-0.12
2012-04-01T12:00:00Z,0.0,-3.875,104.125,NaN,NaN
2012-04-01T12:00:00Z,0.0,-3.875,108.125,29.23,0.01
2012-04-01T12:00:00Z,0.0,-3.875,112.125,29.39,0.07
2012-04-01T12:00:00Z,0.0,-3.875,116.125,29.66,0.33
2012-04-01T12:00:00Z,0.0,-3.875,120.125,NaN,NaN
2012-04-01T12:00:00Z,0.0,-3.875,124.125,29.26,-0.12
2012-04-01T12:00:00Z,0.0,-3.875,128.125,29.55,0.36
2012-04-01T12:00:00Z,0.0,-3.875,132.125,29.28,0.0
2012-04-01T12:00:00Z,0.0,-3.875,136.125,NaN,NaN
2012-04-01T12:00:00Z,0.0,-3.875,140.125,NaN,NaN
2012-04-01T12:00:00Z,0.0,-3.875,144.125,NaN,NaN
2012-04-01T12:00:00Z,0.0,-3.875,148.125,28.55,-0.74
2012-04-01T12:00:00Z,0.0,-3.875,152.125,29.7,0.1
2012-04-01T12:00:00Z,0.0,-3.875,156.125,29.24,-0.22
2012-04-01T12:00:00Z,0.0,-3.875,160.125,29.04,-0.41
2012-04-01T12:00:00Z,0.0,-3.875,164.125,29.31,-0.07
2012-04-01T12:00:00Z,0.0,-3.875,168.125,28.89,-0.42
2012-04-01T12:00:00Z,0.0,-3.875,172.125,28.19,-1.0
2012-04-01T12:00:00Z,0.0,-3.875,176.125,28.73,-0.39
2012-04-01T12:00:00Z,0.0,-3.875,180.125,28.44,-0.62
2012-04-01T12:00:00Z,0.0,-3.875,184.125,28.18,-0.71
2012-04-01T12:00:00Z,0.0,-3.875,188.125,28.23,-0.51
2012-04-01T12:00:00Z,0.0,-3.875,192.125,28.38,-0.2
2012-04-01T12:00:00Z,0.0,-3.875,196.125,27.77,-0.7
2012-04-01T12:00:00Z,0.0,-3.875,200.125,28.23,-0.09
2012-04-01T12:00:00Z,0.0,-3.875,204.125,28.13,-0.1
2012-04-01T12:00:00Z,0.0,-3.875,208.125,28.08,-0.06
2012-04-01T12:00:00Z,0.0,-3.875,212.125,28.31,0.25
2012-04-01T12:00:00Z,0.0,-3.875,216.125,27.87,-0.11
2012-04-01T12:00:00Z,0.0,-3.875,220.125,27.37,-0.53
2012-04-01T12:00:00Z,0.0,-3.875,224.125,28.14,0.29
2012-04-01T12:00:00Z,0.0,-3.875,228.125,27.98,0.18
2012-04-01T12:00:00Z,0.0,-3.875,232.125,27.91,0.22
2012-04-01T12:00:00Z,0.0,-3.875,236.125,27.81,0.16
2012-04-01T12:00:00Z,0.0,-3.875,240.125,28.25,0.66
2012-04-01T12:00:00Z,0.0,-3.875,244.125,27.74,0.29
2012-04-01T12:00:00Z,0.0,-3.875,248.125,28.54,1.13
2012-04-01T12:00:00Z,0.0,-3.875,252.125,28.42,1.15
2012-04-01T12:00:00Z,0.0,-3.875,256.125,29.03,1.81
2012-04-01T12:00:00Z,0.0,-3.875,260.125,28.55,1.3
2012-04-01T12:00:00Z,0.0,-3.875,264.125,28.21,0.9
2012-04-01T12:00:00Z,0.0,-3.875,268.125,27.35,0.14
2012-04-01T12:00:00Z,0.0,-3.875,272.125,27.94,0.64
2012-04-01T12:00:00Z,0.0,-3.875,276.125,25.13,0.14
2012-04-01T12:00:00Z,0.0,-3.875,280.125,NaN,NaN
2012-04-01T12:00:00Z,0.0,-3.875,284.125,NaN,NaN
2012-04-01T12:00:00Z,0.0,-3.875,288.125,NaN,NaN
2012-04-01T12:00:00Z,0.0,-3.875,292.125,NaN,NaN
2012-04-01T12:00:00Z,0.0,-3.875,296.125,NaN,NaN
2012-04-01T12:00:00Z,0.0,-3.875,300.125,NaN,NaN
2012-04-01T12:00:00Z,0.0,-3.875,304.125,NaN,NaN
2012-04-01T12:00:00Z,0.0,-3.875,308.125,NaN,NaN
2012-04-01T12:00:00Z,0.0,-3.875,312.125,NaN,NaN
2012-04-01T12:00:00Z,0.0,-3.875,316.125,NaN,NaN
2012-04-01T12:00:00Z,0.0,-3.875,320.125,NaN,NaN
2012-04-01T12:00:00Z,0.0,-3.875,324.125,27.9,-0.44
2012-04-01T12:00:00Z,0.0,-3.875,328.125,28.0,-0.4
2012-04-01T12:00:00Z,0.0,-3.875,332.125,28.04,-0.38
2012-04-01T12:00:00Z,0.0,-3.875,336.125,27.89,-0.47
2012-04-01T12:00:00Z,0.0,-3.875,340.125,27.7,-0.57
2012-04-01T12:00:00Z,0.0,-3.875,344.125,27.75,-0.42
2012-04-01T12:00:00Z,0.0,-3.875,348.125,27.78,-0.38
2012-04-01T12:00:00Z,0.0,-3.875,352.125,28.67,0.4
2012-04-01T12:00:00Z,0.0,-3.875,356.125,29.14,0.8
2012-04-01T12:00:00Z,0.0,0.125,0.125,29.46,0.44
2012-04-01T12:00:00Z,0.0,0.125,4.125,29.59,0.65
2012-04-01T12:00:00Z,0.0,0.125,8.125,29.57,0.77
2012-04-01T12:00:00Z,0.0,0.125,12.125,NaN,NaN
2012-04-01T12:00:00Z,0.0,0.125,16.125,NaN,NaN
2012-04-01T12:00:00Z,0.0,0.125,20.125,NaN,NaN
2012-04-01T12:00:00Z,0.0,0.125,24.125,NaN,NaN
2012-04-01T12:00:00Z,0.0,0.125,28.125,NaN,NaN
2012-04-01T12:00:00Z,0.0,0.125,32.125,NaN,NaN
2012-04-01T12:00:00Z,0.0,0.125,36.125,NaN,NaN
2012-04-01T12:00:00Z,0.0,0.125,40.125,NaN,NaN
2012-04-01T12:00:00Z,0.0,0.125,44.125,28.34,0.05
2012-04-01T12:00:00Z,0.0,0.125,48.125,29.11,0.49
2012-04-01T12:00:00Z,0.0,0.125,52.125,30.1,1.2
2012-04-01T12:00:00Z,0.0,0.125,56.125,30.06,0.88
2012-04-01T12:00:00Z,0.0,0.125,60.125,29.39,0.0
2012-04-01T12:00:00Z,0.0,0.125,64.125,29.43,0.0
2012-04-01T12:00:00Z,0.0,0.125,68.125,29.34,-0.06
2012-04-01T12:00:00Z,0.0,0.125,72.125,29.24,-0.15
2012-04-01T12:00:00Z,0.0,0.125,76.125,29.5,0.05
2012-04-01T12:00:00Z,0.0,0.125,80.125,29.52,0.11
2012-04-01T12:00:00Z,0.0,0.125,84.125,29.62,0.24
2012-04-01T12:00:00Z,0.0,0.125,88.125,29.49,0.12
2012-04-01T12:00:00Z,0.0,0.125,92.125,29.68,0.28
2012-04-01T12:00:00Z,0.0,0.125,96.125,29.69,0.26
2012-04-01T12:00:00Z,0.0,0.125,100.125,NaN,NaN
2012-04-01T12:00:00Z,0.0,0.125,104.125,29.4,0.4
2012-04-01T12:00:00Z,0.0,0.125,108.125,29.25,0.29
2012-04-01T12:00:00Z,0.0,0.125,112.125,NaN,NaN
2012-04-01T12:00:00Z,0.0,0.125,116.125,NaN,NaN
2012-04-01T12:00:00Z,0.0,0.125,120.125,29.93,1.02
2012-04-01T12:00:00Z,0.0,0.125,124.125,29.67,0.61
2012-04-01T12:00:00Z,0.0,0.125,128.125,29.4,0.42
2012-04-01T12:00:00Z,0.0,0.125,132.125,29.09,0.09
2012-04-01T12:00:00Z,0.0,0.125,136.125,29.36,0.36
2012-04-01T12:00:00Z,0.0,0.125,140.125,29.1,-0.05
2012-04-01T12:00:00Z,0.0,0.125,144.125,29.38,0.11
2012-04-01T12:00:00Z,0.0,0.125,148.125,29.07,-0.3
2012-04-01T12:00:00Z,0.0,0.125,152.125,28.38,-0.99
2012-04-01T12:00:00Z,0.0,0.125,156.125,29.23,-0.06
2012-04-01T12:00:00Z,0.0,0.125,160.125,28.02,-1.09
2012-04-01T12:00:00Z,0.0,0.125,164.125,27.12,-1.76
2012-04-01T12:00:00Z,0.0,0.125,168.125,27.87,-0.75
2012-04-01T12:00:00Z,0.0,0.125,172.125,27.78,-0.6
2012-04-01T12:00:00Z,0.0,0.125,176.125,27.61,-0.68
2012-04-01T12:00:00Z,0.0,0.125,180.125,27.14,-0.93
2012-04-01T12:00:00Z,0.0,0.125,184.125,26.86,-1.02
2012-04-01T12:00:00Z,0.0,0.125,188.125,26.41,-1.27
2012-04-01T12:00:00Z,0.0,0.125,192.125,26.32,-1.14
2012-04-01T12:00:00Z,0.0,0.125,196.125,26.25,-1.07
2012-04-01T12:00:00Z,0.0,0.125,200.125,26.58,-0.56
2012-04-01T12:00:00Z,0.0,0.125,204.125,26.45,-0.62
2012-04-01T12:00:00Z,0.0,0.125,208.125,26.1,-0.84
2012-04-01T12:00:00Z,0.0,0.125,212.125,26.28,-0.55
2012-04-01T12:00:00Z,0.0,0.125,216.125,26.13,-0.58
2012-04-01T12:00:00Z,0.0,0.125,220.125,26.23,-0.43
2012-04-01T12:00:00Z,0.0,0.125,224.125,25.92,-0.75
2012-04-01T12:00:00Z,0.0,0.125,228.125,26.46,-0.18
2012-04-01T12:00:00Z,0.0,0.125,232.125,26.72,0.13
2012-04-01T12:00:00Z,0.0,0.125,236.125,26.87,0.44
2012-04-01T12:00:00Z,0.0,0.125,240.125,27.2,0.79
2012-04-01T12:00:00Z,0.0,0.125,244.125,27.42,1.04
2012-04-01T12:00:00Z,0.0,0.125,248.125,26.74,0.37
2012-04-01T12:00:00Z,0.0,0.125,252.125,27.63,1.23
2012-04-01T12:00:00Z,0.0,0.125,256.125,28.36,1.83
2012-04-01T12:00:00Z,0.0,0.125,260.125,27.65,0.96
2012-04-01T12:00:00Z,0.0,0.125,264.125,27.31,0.63
2012-04-01T12:00:00Z,0.0,0.125,268.125,24.93,-1.22
2012-04-01T12:00:00Z,0.0,0.125,272.125,27.31,1.43
2012-04-01T12:00:00Z,0.0,0.125,276.125,27.15,1.77
2012-04-01T12:00:00Z,0.0,0.125,280.125,NaN,NaN
2012-04-01T12:00:00Z,0.0,0.125,284.125,NaN,NaN
2012-04-01T12:00:00Z,0.0,0.125,288.125,NaN,NaN
2012-04-01T12:00:00Z,0.0,0.125,292.125,NaN,NaN
2012-04-01T12:00:00Z,0.0,0.125,296.125,NaN,NaN
2012-04-01T12:00:00Z,0.0,0.125,300.125,NaN,NaN
2012-04-01T12:00:00Z,0.0,0.125,304.125,NaN,NaN
2012-04-01T12:00:00Z,0.0,0.125,308.125,NaN,NaN
2012-04-01T12:00:00Z,0.0,0.125,312.125,28.64,0.7
2012-04-01T12:00:00Z,0.0,0.125,316.125,28.41,0.37
2012-04-01T12:00:00Z,0.0,0.125,320.125,27.49,-0.37
2012-04-01T12:00:00Z,0.0,0.125,324.125,27.13,-0.72
2012-04-01T12:00:00Z,0.0,0.125,328.125,28.14,0.17
2012-04-01T12:00:00Z,0.0,0.125,332.125,27.36,-0.74
2012-04-01T12:00:00Z,0.0,0.125,336.125,27.56,-0.61
2012-04-01T12:00:00Z,0.0,0.125,340.125,27.79,-0.44
2012-04-01T12:00:00Z,0.0,0.125,344.125,27.38,-0.88
2012-04-01T12:00:00Z,0.0,0.125,348.125,28.15,-0.16
2012-04-01T12:00:00Z,0.0,0.125,352.125,28.67,0.13
2012-04-01T12:00:00Z,0.0,0.125,356.125,29.46,0.64
2012-04-01T12:00:00Z,0.0,4.125,0.125,29.66,0.69
2012-04-01T12:00:00Z,0.0,4.125,4.125,30.11,0.96
2012-04-01T12:00:00Z,0.0,4.125,8.125,30.05,0.97
2012-04-01T12:00:00Z,0.0,4.125,12.125,NaN,NaN
2012-04-01T12:00:00Z,0.0,4.125,16.125,NaN,NaN
2012-04-01T12:00:00Z,0.0,4.125,20.125,NaN,NaN
2012-04-01T12:00:00Z,0.0,4.125,24.125,NaN,NaN
2012-04-01T12:00:00Z,0.0,4.125,28.125,NaN,NaN
2012-04-01T12:00:00Z,0.0,4.125,32.125,NaN,NaN
2012-04-01T12:00:00Z,0.0,4.125,36.125,NaN,NaN
2012-04-01T12:00:00Z,0.0,4.125,40.125,NaN,NaN
2012-04-01T12:00:00Z,0.0,4.125,44.125,NaN,NaN
2012-04-01T12:00:00Z,0.0,4.125,48.125,28.56,-0.2
2012-04-01T12:00:00Z,0.0,4.125,52.125,29.27,0.15
2012-04-01T12:00:00Z,0.0,4.125,56.125,29.63,0.31
2012-04-01T12:00:00Z,0.0,4.125,60.125,29.34,-0.02
2012-04-01T12:00:00Z,0.0,4.125,64.125,29.38,-0.04
2012-04-01T12:00:00Z,0.0,4.125,68.125,28.89,-0.52
2012-04-01T12:00:00Z,0.0,4.125,72.125,29.22,-0.11
2012-04-01T12:00:00Z,0.0,4.125,76.125,29.52,0.12
2012-04-01T12:00:00Z,0.0,4.125,80.125,29.77,0.45
2012-04-01T12:00:00Z,0.0,4.125,84.125,29.86,0.48
2012-04-01T12:00:00Z,0.0,4.125,88.125,30.47,1.1
2012-04-01T12:00:00Z,0.0,4.125,92.125,29.8,0.48
2012-04-01T12:00:00Z,0.0,4.125,96.125,29.98,0.53
2012-04-01T12:00:00Z,0.0,4.125,100.125,29.56,-0.02
2012-04-01T12:00:00Z,0.0,4.125,104.125,28.97,0.32
2012-04-01T12:00:00Z,0.0,4.125,108.125,27.88,-0.64
2012-04-01T12:00:00Z,0.0,4.125,112.125,28.67,0.11
2012-04-01T12:00:00Z,0.0,4.125,116.125,NaN,NaN
2012-04-01T12:00:00Z,0.0,4.125,120.125,29.38,0.65
2012-04-01T12:00:00Z,0.0,4.125,124.125,29.38,0.81
2012-04-01T12:00:00Z,0.0,4.125,128.125,29.08,0.59
2012-04-01T12:00:00Z,0.0,4.125,132.125,28.9,0.13
2012-04-01T12:00:00Z,0.0,4.125,136.125,29.09,0.19
2012-04-01T12:00:00Z,0.0,4.125,140.125,29.15,0.13
2012-04-01T12:00:00Z,0.0,4.125,144.125,29.09,0.0
2012-04-01T12:00:00Z,0.0,4.125,148.125,29.39,0.18
2012-04-01T12:00:00Z,0.0,4.125,152.125,29.09,-0.15
2012-04-01T12:00:00Z,0.0,4.125,156.125,29.23,0.03
2012-04-01T12:00:00Z,0.0,4.125,160.125,28.64,-0.43
2012-04-01T12:00:00Z,0.0,4.125,164.125,28.38,-0.58
2012-04-01T12:00:00Z,0.0,4.125,168.125,27.89,-0.94
2012-04-01T12:00:00Z,0.0,4.125,172.125,28.05,-0.59
2012-04-01T12:00:00Z,0.0,4.125,176.125,27.67,-0.91
2012-04-01T12:00:00Z,0.0,4.125,180.125,27.74,-0.68
2012-04-01T12:00:00Z,0.0,4.125,184.125,27.13,-1.2
2012-04-01T12:00:00Z,0.0,4.125,188.125,27.41,-0.73
2012-04-01T12:00:00Z,0.0,4.125,192.125,26.55,-1.41
2012-04-01T12:00:00Z,0.0,4.125,196.125,26.76,-1.09
2012-04-01T12:00:00Z,0.0,4.125,200.125,26.65,-1.04
2012-04-01T12:00:00Z,0.0,4.125,204.125,26.64,-0.91
2012-04-01T12:00:00Z,0.0,4.125,208.125,26.56,-0.86
2012-04-01T12:00:00Z,0.0,4.125,212.125,26.84,-0.57
2012-04-01T12:00:00Z,0.0,4.125,216.125,26.82,-0.59
2012-04-01T12:00:00Z,0.0,4.125,220.125,26.67,-0.78
2012-04-01T12:00:00Z,0.0,4.125,224.125,26.95,-0.57
2012-04-01T12:00:00Z,0.0,4.125,228.125,26.78,-0.82
2012-04-01T12:00:00Z,0.0,4.125,232.125,27.46,-0.27
2012-04-01T12:00:00Z,0.0,4.125,236.125,28.47,0.63
2012-04-01T12:00:00Z,0.0,4.125,240.125,28.07,0.15
2012-04-01T12:00:00Z,0.0,4.125,244.125,28.73,0.7
2012-04-01T12:00:00Z,0.0,4.125,248.125,28.93,0.8
2012-04-01T12:00:00Z,0.0,4.125,252.125,29.27,1.16
2012-04-01T12:00:00Z,0.0,4.125,256.125,28.77,0.66
2012-04-01T12:00:00Z,0.0,4.125,260.125,28.44,0.18
2012-04-01T12:00:00Z,0.0,4.125,264.125,28.51,0.09
2012-04-01T12:00:00Z,0.0,4.125,268.125,28.33,-0.37
2012-04-01T12:00:00Z,0.0,4.125,272.125,29.29,0.39
2012-04-01T12:00:00Z,0.0,4.125,276.125,29.15,0.69
2012-04-01T12:00:00Z,0.0,4.125,280.125,26.08,-0.37
2012-04-01T12:00:00Z,0.0,4.125,284.125,NaN,NaN
2012-04-01T12:00:00Z,0.0,4.125,288.125,NaN,NaN
2012-04-01T12:00:00Z,0.0,4.125,292.125,NaN,NaN
2012-04-01T12:00:00Z,0.0,4.125,296.125,NaN,NaN
2012-04-01T12:00:00Z,0.0,4.125,300.125,NaN,NaN
2012-04-01T12:00:00Z,0.0,4.125,304.125,NaN,NaN
2012-04-01T12:00:00Z,0.0,4.125,308.125,NaN,NaN
2012-04-01T12:00:00Z,0.0,4.125,312.125,27.65,0.2
2012-04-01T12:00:00Z,0.0,4.125,316.125,27.41,0.22
2012-04-01T12:00:00Z,0.0,4.125,320.125,27.67,0.46
2012-04-01T12:00:00Z,0.0,4.125,324.125,27.23,-0.04
2012-04-01T12:00:00Z,0.0,4.125,328.125,27.24,-0.2
2012-04-01T12:00:00Z,0.0,4.125,332.125,27.91,0.21
2012-04-01T12:00:00Z,0.0,4.125,336.125,27.63,-0.37
2012-04-01T12:00:00Z,0.0,4.125,340.125,28.6,0.12
2012-04-01T12:00:00Z,0.0,4.125,344.125,28.79,-0.32
2012-04-01T12:00:00Z,0.0,4.125,348.125,29.24,0.12
2012-04-01T12:00:00Z,0.0,4.125,352.125,28.69,-0.14
2012-04-01T12:00:00Z,0.0,4.125,356.125,29.38,0.53
2012-04-01T12:00:00Z,0.0,8.125,0.125,NaN,NaN
2012-04-01T12:00:00Z,0.0,8.125,4.125,NaN,NaN
2012-04-01T12:00:00Z,0.0,8.125,8.125,NaN,NaN
2012-04-01T12:00:00Z,0.0,8.125,12.125,NaN,NaN
2012-04-01T12:00:00Z,0.0,8.125,16.125,NaN,NaN
2012-04-01T12:00:00Z,0.0,8.125,20.125,NaN,NaN
2012-04-01T12:00:00Z,0.0,8.125,24.125,NaN,NaN
2012-04-01T12:00:00Z,0.0,8.125,28.125,NaN,NaN
2012-04-01T12:00:00Z,0.0,8.125,32.125,NaN,NaN
2012-04-01T12:00:00Z,0.0,8.125,36.125,NaN,NaN
2012-04-01T12:00:00Z,0.0,8.125,40.125,NaN,NaN
2012-04-01T12:00:00Z,0.0,8.125,44.125,NaN,NaN
2012-04-01T12:00:00Z,0.0,8.125,48.125,NaN,NaN
2012-04-01T12:00:00Z,0.0,8.125,52.125,28.51,0.08
2012-04-01T12:00:00Z,0.0,8.125,56.125,28.33,-0.22
2012-04-01T12:00:00Z,0.0,8.125,60.125,28.07,-0.65
2012-04-01T12:00:00Z,0.0,8.125,64.125,28.81,-0.2
2012-04-01T12:00:00Z,0.0,8.125,68.125,28.51,-0.81
2012-04-01T12:00:00Z,0.0,8.125,72.125,29.12,-0.36
2012-04-01T12:00:00Z,0.0,8.125,76.125,29.51,-0.03
2012-04-01T12:00:00Z,0.0,8.125,80.125,NaN,NaN
2012-04-01T12:00:00Z,0.0,8.125,84.125,29.64,0.39
2012-04-01T12:00:00Z,0.0,8.125,88.125,29.47,0.25
2012-04-01T12:00:00Z,0.0,8.125,92.125,29.55,0.29
2012-04-01T12:00:00Z,0.0,8.125,96.125,29.7,0.31
2012-04-01T12:00:00Z,0.0,8.125,100.125,NaN,NaN
2012-04-01T12:00:00Z,0.0,8.125,104.125,29.31,0.59
2012-04-01T12:00:00Z,0.0,8.125,108.125,26.67,-1.31
2012-04-01T12:00:00Z,0.0,8.125,112.125,26.78,-1.6
2012-04-01T12:00:00Z,0.0,8.125,116.125,28.54,0.16
2012-04-01T12:00:00Z,0.0,8.125,120.125,29.63,1.28
2012-04-01T12:00:00Z,0.0,8.125,124.125,NaN,NaN
2012-04-01T12:00:00Z,0.0,8.125,128.125,28.52,0.22
2012-04-01T12:00:00Z,0.0,8.125,132.125,28.58,0.24
2012-04-01T12:00:00Z,0.0,8.125,136.125,28.59,0.23
2012-04-01T12:00:00Z,0.0,8.125,140.125,28.4,0.0
2012-04-01T12:00:00Z,0.0,8.125,144.125,28.6,0.18
2012-04-01T12:00:00Z,0.0,8.125,148.125,28.93,0.45
2012-04-01T12:00:00Z,0.0,8.125,152.125,28.84,0.36
2012-04-01T12:00:00Z,0.0,8.125,156.125,28.69,0.21
2012-04-01T12:00:00Z,0.0,8.125,160.125,28.67,0.26
2012-04-01T12:00:00Z,0.0,8.125,164.125,28.53,0.18
2012-04-01T12:00:00Z,0.0,8.125,168.125,28.38,0.19
2012-04-01T12:00:00Z,0.0,8.125,172.125,28.22,0.14
2012-04-01T12:00:00Z,0.0,8.125,176.125,27.97,-0.04
2012-04-01T12:00:00Z,0.0,8.125,180.125,27.69,-0.24
2012-04-01T12:00:00Z,0.0,8.125,184.125,27.69,-0.18
2012-04-01T12:00:00Z,0.0,8.125,188.125,27.13,-0.63
2012-04-01T12:00:00Z,0.0,8.125,192.125,27.3,-0.36
2012-04-01T12:00:00Z,0.0,8.125,196.125,26.98,-0.56
2012-04-01T12:00:00Z,0.0,8.125,200.125,26.98,-0.4
2012-04-01T12:00:00Z,0.0,8.125,204.125,26.9,-0.35
2012-04-01T12:00:00Z,0.0,8.125,208.125,26.66,-0.52
2012-04-01T12:00:00Z,0.0,8.125,212.125,26.52,-0.59
2012-04-01T12:00:00Z,0.0,8.125,216.125,26.47,-0.56
2012-04-01T12:00:00Z,0.0,8.125,220.125,25.74,-1.29
2012-04-01T12:00:00Z,0.0,8.125,224.125,25.26,-1.79
2012-04-01T12:00:00Z,0.0,8.125,228.125,27.04,-0.11
2012-04-01T12:00:00Z,0.0,8.125,232.125,26.07,-1.23
2012-04-01T12:00:00Z,0.0,8.125,236.125,27.66,0.22
2012-04-01T12:00:00Z,0.0,8.125,240.125,27.68,0.05
2012-04-01T12:00:00Z,0.0,8.125,244.125,28.22,0.31
2012-04-01T12:00:00Z,0.0,8.125,248.125,28.48,0.33
2012-04-01T12:00:00Z,0.0,8.125,252.125,29.1,0.79
2012-04-01T12:00:00Z,0.0,8.125,256.125,28.55,0.14
2012-04-01T12:00:00Z,0.0,8.125,260.125,28.43,0.04
2012-04-01T12:00:00Z,0.0,8.125,264.125,28.47,0.16
2012-04-01T12:00:00Z,0.0,8.125,268.125,28.96,0.99
2012-04-01T12:00:00Z,0.0,8.125,272.125,27.82,-0.52
2012-04-01T12:00:00Z,0.0,8.125,276.125,30.19,0.74
2012-04-01T12:00:00Z,0.0,8.125,280.125,25.1,-1.76
2012-04-01T12:00:00Z,0.0,8.125,284.125,NaN,NaN
2012-04-01T12:00:00Z,0.0,8.125,288.125,NaN,NaN
2012-04-01T12:00:00Z,0.0,8.125,292.125,NaN,NaN
2012-04-01T12:00:00Z,0.0,8.125,296.125,NaN,NaN
2012-04-01T12:00:00Z,0.0,8.125,300.125,NaN,NaN
2012-04-01T12:00:00Z,0.0,8.125,304.125,27.59,0.6
2012-04-01T12:00:00Z,0.0,8.125,308.125,27.36,0.24
2012-04-01T12:00:00Z,0.0,8.125,312.125,27.41,0.7
2012-04-01T12:00:00Z,0.0,8.125,316.125,27.29,0.48
2012-04-01T12:00:00Z,0.0,8.125,320.125,25.19,-1.35
2012-04-01T12:00:00Z,0.0,8.125,324.125,25.88,-0.44
2012-04-01T12:00:00Z,0.0,8.125,328.125,24.87,-1.29
2012-04-01T12:00:00Z,0.0,8.125,332.125,24.83,-1.19
2012-04-01T12:00:00Z,0.0,8.125,336.125,23.95,-2.0
2012-04-01T12:00:00Z,0.0,8.125,340.125,24.37,-1.6
2012-04-01T12:00:00Z,0.0,8.125,344.125,24.65,-2.06
2012-04-01T12:00:00Z,0.0,8.125,348.125,NaN,NaN
2012-04-01T12:00:00Z,0.0,8.125,352.125,NaN,NaN
2012-04-01T12:00:00Z,0.0,8.125,356.125,NaN,NaN
2012-04-01T12:00:00Z,0.0,12.125,0.125,NaN,NaN
2012-04-01T12:00:00Z,0.0,12.125,4.125,NaN,NaN
2012-04-01T12:00:00Z,0.0,12.125,8.125,NaN,NaN
2012-04-01T12:00:00Z,0.0,12.125,12.125,NaN,NaN
2012-04-01T12:00:00Z,0.0,12.125,16.125,NaN,NaN
2012-04-01T12:00:00Z,0.0,12.125,20.125,NaN,NaN
2012-04-01T12:00:00Z,0.0,12.125,24.125,NaN,NaN
2012-04-01T12:00:00Z,0.0,12.125,28.125,NaN,NaN
2012-04-01T12:00:00Z,0.0,12.125,32.125,NaN,NaN
2012-04-01T12:00:00Z,0.0,12.125,36.125,NaN,NaN
2012-04-01T12:00:00Z,0.0,12.125,40.125,NaN,NaN
2012-04-01T12:00:00Z,0.0,12.125,44.125,26.28,-1.23
2012-04-01T12:00:00Z,0.0,12.125,48.125,25.78,-1.55
2012-04-01T12:00:00Z,0.0,12.125,52.125,27.28,-0.61
2012-04-01T12:00:00Z,0.0,12.125,56.125,27.44,-0.5
2012-04-01T12:00:00Z,0.0,12.125,60.125,27.62,-0.34
2012-04-01T12:00:00Z,0.0,12.125,64.125,27.75,-0.61
2012-04-01T12:00:00Z,0.0,12.125,68.125,28.04,-0.7
2012-04-01T12:00:00Z,0.0,12.125,72.125,28.47,-0.64
2012-04-01T12:00:00Z,0.0,12.125,76.125,NaN,NaN
2012-04-01T12:00:00Z,0.0,12.125,80.125,29.06,0.08
2012-04-01T12:00:00Z,0.0,12.125,84.125,29.27,0.31
2012-04-01T12:00:00Z,0.0,12.125,88.125,29.19,0.23
2012-04-01T12:00:00Z,0.0,12.125,92.125,28.94,-0.13
2012-04-01T12:00:00Z,0.0,12.125,96.125,29.55,0.08
2012-04-01T12:00:00Z,0.0,12.125,100.125,29.61,0.27
2012-04-01T12:00:00Z,0.0,12.125,104.125,NaN,NaN
2012-04-01T12:00:00Z,0.0,12.125,108.125,NaN,NaN
2012-04-01T12:00:00Z,0.0,12.125,112.125,27.27,-0.77
2012-04-01T12:00:00Z,0.0,12.125,116.125,28.31,-0.06
2012-04-01T12:00:00Z,0.0,12.125,120.125,27.95,-0.3
2012-04-01T12:00:00Z,0.0,12.125,124.125,27.34,-0.42
2012-04-01T12:00:00Z,0.0,12.125,128.125,28.37,0.31
2012-04-01T12:00:00Z,0.0,12.125,132.125,28.0,0.0
2012-04-01T12:00:00Z,0.0,12.125,136.125,28.2,0.23
2012-04-01T12:00:00Z,0.0,12.125,140.125,28.38,0.48
2012-04-01T12:00:00Z,0.0,12.125,144.125,28.15,0.29
2012-04-01T12:00:00Z,0.0,12.125,148.125,28.18,0.38
2012-04-01T12:00:00Z,0.0,12.125,152.125,28.32,0.65
2012-04-01T12:00:00Z,0.0,12.125,156.125,28.59,1.04
2012-04-01T12:00:00Z,0.0,12.125,160.125,27.85,0.42
2012-04-01T12:00:00Z,0.0,12.125,164.125,27.66,0.35
2012-04-01T12:00:00Z,0.0,12.125,168.125,27.52,0.29
2012-04-01T12:00:00Z,0.0,12.125,172.125,27.41,0.3
2012-04-01T12:00:00Z,0.0,12.125,176.125,27.14,0.19
2012-04-01T12:00:00Z,0.0,12.125,180.125,26.75,-0.11
2012-04-01T12:00:00Z,0.0,12.125,184.125,26.66,-0.1
2012-04-01T12:00:00Z,0.0,12.125,188.125,26.34,-0.32
2012-04-01T12:00:00Z,0.0,12.125,192.125,26.58,0.06
2012-04-01T12:00:00Z,0.0,12.125,196.125,26.37,0.01
2012-04-01T12:00:00Z,0.0,12.125,200.125,26.34,0.19
2012-04-01T12:00:00Z,0.0,12.125,204.125,25.84,-0.15
2012-04-01T12:00:00Z,0.0,12.125,208.125,25.57,-0.26
2012-04-01T12:00:00Z,0.0,12.125,212.125,25.94,0.29
2012-04-01T12:00:00Z,0.0,12.125,216.125,25.7,0.15
2012-04-01T12:00:00Z,0.0,12.125,220.125,24.8,-0.65
2012-04-01T12:00:00Z,0.0,12.125,224.125,25.48,0.03
2012-04-01T12:00:00Z,0.0,12.125,228.125,25.16,-0.51
2012-04-01T12:00:00Z,0.0,12.125,232.125,26.49,0.46
2012-04-01T12:00:00Z,0.0,12.125,236.125,26.37,-0.02
2012-04-01T12:00:00Z,0.0,12.125,240.125,26.96,0.13
2012-04-01T12:00:00Z,0.0,12.125,244.125,27.28,0.15
2012-04-01T12:00:00Z,0.0,12.125,248.125,28.13,0.54
2012-04-01T12:00:00Z,0.0,12.125,252.125,28.3,0.21
2012-04-01T12:00:00Z,0.0,12.125,256.125,29.01,0.44
2012-04-01T12:00:00Z,0.0,12.125,260.125,29.53,0.67
2012-04-01T12:00:00Z,0.0,12.125,264.125,29.68,1.16
2012-04-01T12:00:00Z,0.0,12.125,268.125,29.27,0.42
2012-04-01T12:00:00Z,0.0,12.125,272.125,27.77,0.05
2012-04-01T12:00:00Z,0.0,12.125,276.125,NaN,NaN
2012-04-01T12:00:00Z,0.0,12.125,280.125,27.16,0.01
2012-04-01T12:00:00Z,0.0,12.125,284.125,25.81,-0.72
2012-04-01T12:00:00Z,0.0,12.125,288.125,NaN,NaN
2012-04-01T12:00:00Z,0.0,12.125,292.125,26.53,0.3
2012-04-01T12:00:00Z,0.0,12.125,296.125,27.2,0.92
2012-04-01T12:00:00Z,0.0,12.125,300.125,27.49,0.64
2012-04-01T12:00:00Z,0.0,12.125,304.125,27.13,0.4
2012-04-01T12:00:00Z,0.0,12.125,308.125,26.88,0.65
2012-04-01T12:00:00Z,0.0,12.125,312.125,26.47,0.66
2012-04-01T12:00:00Z,0.0,12.125,316.125,26.03,0.57
2012-04-01T12:00:00Z,0.0,12.125,320.125,25.14,0.03
2012-04-01T12:00:00Z,0.0,12.125,324.125,24.67,0.0
2012-04-01T12:00:00Z,0.0,12.125,328.125,23.7,-0.85
2012-04-01T12:00:00Z,0.0,12.125,332.125,23.22,-1.14
2012-04-01T12:00:00Z,0.0,12.125,336.125,21.76,-1.93
2012-04-01T12:00:00Z,0.0,12.125,340.125,21.51,-1.4
2012-04-01T12:00:00Z,0.0,12.125,344.125,NaN,NaN
2012-04-01T12:00:00Z,0.0,12.125,348.125,NaN,NaN
2012-04-01T12:00:00Z,0.0,12.125,352.125,NaN,NaN
2012-04-01T12:00:00Z,0.0,12.125,356.125,NaN,NaN
2012-04-01T12:00:00Z,0.0,16.125,0.125,NaN,NaN
2012-04-01T12:00:00Z,0.0,16.125,4.125,NaN,NaN
2012-04-01T12:00:00Z,0.0,16.125,8.125,NaN,NaN
2012-04-01T12:00:00Z,0.0,16.125,12.125,NaN,NaN
2012-04-01T12:00:00Z,0.0,16.125,16.125,NaN,NaN
2012-04-01T12:00:00Z,0.0,16.125,20.125,NaN,NaN
2012-04-01T12:00:00Z,0.0,16.125,24.125,NaN,NaN
2012-04-01T12:00:00Z,0.0,16.125,28.125,NaN,NaN
2012-04-01T12:00:00Z,0.0,16.125,32.125,NaN,NaN
2012-04-01T12:00:00Z,0.0,16.125,36.125,NaN,NaN
2012-04-01T12:00:00Z,0.0,16.125,40.125,27.17,-0.1
2012-04-01T12:00:00Z,0.0,16.125,44.125,NaN,NaN
2012-04-01T12:00:00Z,0.0,16.125,48.125,NaN,NaN
2012-04-01T12:00:00Z,0.0,16.125,52.125,NaN,NaN
2012-04-01T12:00:00Z,0.0,16.125,56.125,26.8,-0.52
2012-04-01T12:00:00Z,0.0,16.125,60.125,26.73,-0.62
2012-04-01T12:00:00Z,0.0,16.125,64.125,26.46,-1.08
2012-04-01T12:00:00Z,0.0,16.125,68.125,27.33,-0.7
2012-04-01T12:00:00Z,0.0,16.125,72.125,27.5,-0.91
2012-04-01T12:00:00Z,0.0,16.125,76.125,NaN,NaN
2012-04-01T12:00:00Z,0.0,16.125,80.125,NaN,NaN
2012-04-01T12:00:00Z,0.0,16.125,84.125,28.26,-0.3
2012-04-01T12:00:00Z,0.0,16.125,88.125,28.22,-0.16
2012-04-01T12:00:00Z,0.0,16.125,92.125,28.09,-0.05
2012-04-01T12:00:00Z,0.0,16.125,96.125,28.79,0.03
2012-04-01T12:00:00Z,0.0,16.125,100.125,NaN,NaN
2012-04-01T12:00:00Z,0.0,16.125,104.125,NaN,NaN
2012-04-01T12:00:00Z,0.0,16.125,108.125,NaN,NaN
2012-04-01T12:00:00Z,0.0,16.125,112.125,26.75,-0.34
2012-04-01T12:00:00Z,0.0,16.125,116.125,27.52,0.1
2012-04-01T12:00:00Z,0.0,16.125,120.125,28.31,0.61
2012-04-01T12:00:00Z,0.0,16.125,124.125,27.07,-0.57
2012-04-01T12:00:00Z,0.0,16.125,128.125,26.92,-0.62
2012-04-01T12:00:00Z,0.0,16.125,132.125,27.09,-0.38
2012-04-01T12:00:00Z,0.0,16.125,136.125,26.51,-0.97
2012-04-01T12:00:00Z,0.0,16.125,140.125,27.35,-0.15
2012-04-01T12:00:00Z,0.0,16.125,144.125,27.22,-0.21
2012-04-01T12:00:00Z,0.0,16.125,148.125,27.4,0.06
2012-04-01T12:00:00Z,0.0,16.125,152.125,27.52,0.3
2012-04-01T12:00:00Z,0.0,16.125,156.125,27.18,0.1
2012-04-01T12:00:00Z,0.0,16.125,160.125,27.46,0.56
2012-04-01T12:00:00Z,0.0,16.125,164.125,27.21,0.49
2012-04-01T12:00:00Z,0.0,16.125,168.125,26.94,0.37
2012-04-01T12:00:00Z,0.0,16.125,172.125,26.61,0.16
2012-04-01T12:00:00Z,0.0,16.125,176.125,26.24,-0.08
2012-04-01T12:00:00Z,0.0,16.125,180.125,25.92,-0.27
2012-04-01T12:00:00Z,0.0,16.125,184.125,25.55,-0.5
2012-04-01T12:00:00Z,0.0,16.125,188.125,25.43,-0.46
2012-04-01T12:00:00Z,0.0,16.125,192.125,25.43,-0.21
2012-04-01T12:00:00Z,0.0,16.125,196.125,25.11,-0.32
2012-04-01T12:00:00Z,0.0,16.125,200.125,25.24,0.04
2012-04-01T12:00:00Z,0.0,16.125,204.125,24.57,-0.44
2012-04-01T12:00:00Z,0.0,16.125,208.125,24.3,-0.5
2012-04-01T12:00:00Z,0.0,16.125,212.125,24.73,0.19
2012-04-01T12:00:00Z,0.0,16.125,216.125,24.36,0.11
2012-04-01T12:00:00Z,0.0,16.125,220.125,24.42,0.39
2012-04-01T12:00:00Z,0.0,16.125,224.125,23.71,-0.14
2012-04-01T12:00:00Z,0.0,16.125,228.125,23.78,-0.09
2012-04-01T12:00:00Z,0.0,16.125,232.125,24.32,0.27
2012-04-01T12:00:00Z,0.0,16.125,236.125,23.82,-0.54
2012-04-01T12:00:00Z,0.0,16.125,240.125,25.52,0.66
2012-04-01T12:00:00Z,0.0,16.125,244.125,25.2,0.01
2012-04-01T12:00:00Z,0.0,16.125,248.125,26.39,0.54
2012-04-01T12:00:00Z,0.0,16.125,252.125,26.6,0.08
2012-04-01T12:00:00Z,0.0,16.125,256.125,27.07,-0.26
2012-04-01T12:00:00Z,0.0,16.125,260.125,27.29,-0.96
2012-04-01T12:00:00Z,0.0,16.125,264.125,NaN,NaN
2012-04-01T12:00:00Z,0.0,16.125,268.125,NaN,NaN
2012-04-01T12:00:00Z,0.0,16.125,272.125,28.06,0.48
2012-04-01T12:00:00Z,0.0,16.125,276.125,27.49,0.23
2012-04-01T12:00:00Z,0.0,16.125,280.125,27.05,-0.07
2012-04-01T12:00:00Z,0.0,16.125,284.125,26.78,-0.09
2012-04-01T12:00:00Z,0.0,16.125,288.125,26.95,0.25
2012-04-01T12:00:00Z,0.0,16.125,292.125,26.84,0.26
2012-04-01T12:00:00Z,0.0,16.125,296.125,27.09,0.54
2012-04-01T12:00:00Z,0.0,16.125,300.125,26.55,0.25
2012-04-01T12:00:00Z,0.0,16.125,304.125,26.15,0.2
2012-04-01T12:00:00Z,0.0,16.125,308.125,25.58,-0.01
2012-04-01T12:00:00Z,0.0,16.125,312.125,25.81,0.55
2012-04-01T12:00:00Z,0.0,16.125,316.125,25.14,0.24
2012-04-01T12:00:00Z,0.0,16.125,320.125,24.3,-0.12
2012-04-01T12:00:00Z,0.0,16.125,324.125,23.75,-0.1
2012-04-01T12:00:00Z,0.0,16.125,328.125,22.92,-0.38
2012-04-01T12:00:00Z,0.0,16.125,332.125,22.72,-0.32
2012-04-01T12:00:00Z,0.0,16.125,336.125,21.8,-0.66
2012-04-01T12:00:00Z,0.0,16.125,340.125,19.62,-1.75
2012-04-01T12:00:00Z,0.0,16.125,344.125,NaN,NaN
2012-04-01T12:00:00Z,0.0,16.125,348.125,NaN,NaN
2012-04-01T12:00:00Z,0.0,16.125,352.125,NaN,NaN
2012-04-01T12:00:00Z,0.0,16.125,356.125,NaN,NaN
2012-04-01T12:00:00Z,0.0,20.125,0.125,NaN,NaN
2012-04-01T12:00:00Z,0.0,20.125,4.125,NaN,NaN
2012-04-01T12:00:00Z,0.0,20.125,8.125,NaN,NaN
2012-04-01T12:00:00Z,0.0,20.125,12.125,NaN,NaN
2012-04-01T12:00:00Z,0.0,20.125,16.125,NaN,NaN
2012-04-01T12:00:00Z,0.0,20.125,20.125,NaN,NaN
2012-04-01T12:00:00Z,0.0,20.125,24.125,NaN,NaN
2012-04-01T12:00:00Z,0.0,20.125,28.125,NaN,NaN
2012-04-01T12:00:00Z,0.0,20.125,32.125,NaN,NaN
2012-04-01T12:00:00Z,0.0,20.125,36.125,NaN,NaN
2012-04-01T12:00:00Z,0.0,20.125,40.125,27.57,0.69
2012-04-01T12:00:00Z,0.0,20.125,44.125,NaN,NaN
2012-04-01T12:00:00Z,0.0,20.125,48.125,NaN,NaN
2012-04-01T12:00:00Z,0.0,20.125,52.125,NaN,NaN
2012-04-01T12:00:00Z,0.0,20.125,56.125,NaN,NaN
2012-04-01T12:00:00Z,0.0,20.125,60.125,26.43,-0.08
2012-04-01T12:00:00Z,0.0,20.125,64.125,26.01,-0.67
2012-04-01T12:00:00Z,0.0,20.125,68.125,26.22,-0.69
2012-04-01T12:00:00Z,0.0,20.125,72.125,26.08,-0.37
2012-04-01T12:00:00Z,0.0,20.125,76.125,NaN,NaN
2012-04-01T12:00:00Z,0.0,20.125,80.125,NaN,NaN
2012-04-01T12:00:00Z,0.0,20.125,84.125,NaN,NaN
2012-04-01T12:00:00Z,0.0,20.125,88.125,27.66,-0.06
2012-04-01T12:00:00Z,0.0,20.125,92.125,27.36,-0.34
2012-04-01T12:00:00Z,0.0,20.125,96.125,NaN,NaN
2012-04-01T12:00:00Z,0.0,20.125,100.125,NaN,NaN
2012-04-01T12:00:00Z,0.0,20.125,104.125,NaN,NaN
2012-04-01T12:00:00Z,0.0,20.125,108.125,20.66,-2.44
2012-04-01T12:00:00Z,0.0,20.125,112.125,24.49,0.48
2012-04-01T12:00:00Z,0.0,20.125,116.125,24.34,-0.57
2012-04-01T12:00:00Z,0.0,20.125,120.125,26.56,0.3
2012-04-01T12:00:00Z,0.0,20.125,124.125,25.0,-1.09
2012-04-01T12:00:00Z,0.0,20.125,128.125,25.9,-0.22
2012-04-01T12:00:00Z,0.0,20.125,132.125,24.69,-1.61
2012-04-01T12:00:00Z,0.0,20.125,136.125,24.65,-1.7
2012-04-01T12:00:00Z,0.0,20.125,140.125,25.6,-0.77
2012-04-01T12:00:00Z,0.0,20.125,144.125,24.97,-1.42
2012-04-01T12:00:00Z,0.0,20.125,148.125,25.38,-0.98
2012-04-01T12:00:00Z,0.0,20.125,152.125,25.53,-0.82
2012-04-01T12:00:00Z,0.0,20.125,156.125,25.69,-0.6
2012-04-01T12:00:00Z,0.0,20.125,160.125,26.57,0.48
2012-04-01T12:00:00Z,0.0,20.125,164.125,26.46,0.48
2012-04-01T12:00:00Z,0.0,20.125,168.125,26.11,0.31
2012-04-01T12:00:00Z,0.0,20.125,172.125,26.23,0.56
2012-04-01T12:00:00Z,0.0,20.125,176.125,26.32,0.71
2012-04-01T12:00:00Z,0.0,20.125,180.125,25.19,-0.28
2012-04-01T12:00:00Z,0.0,20.125,184.125,25.56,0.26
2012-04-01T12:00:00Z,0.0,20.125,188.125,25.1,-0.08
2012-04-01T12:00:00Z,0.0,20.125,192.125,24.65,-0.36
2012-04-01T12:00:00Z,0.0,20.125,196.125,24.64,-0.24
2012-04-01T12:00:00Z,0.0,20.125,200.125,24.47,-0.28
2012-04-01T12:00:00Z,0.0,20.125,204.125,24.27,-0.04
2012-04-01T12:00:00Z,0.0,20.125,208.125,23.26,-0.58
2012-04-01T12:00:00Z,0.0,20.125,212.125,23.52,0.01
2012-04-01T12:00:00Z,0.0,20.125,216.125,23.87,0.7
2012-04-01T12:00:00Z,0.0,20.125,220.125,23.0,0.25
2012-04-01T12:00:00Z,0.0,20.125,224.125,23.09,0.75
2012-04-01T12:00:00Z,0.0,20.125,228.125,22.34,0.36
2012-04-01T12:00:00Z,0.0,20.125,232.125,21.72,0.01
2012-04-01T12:00:00Z,0.0,20.125,236.125,21.73,0.07
2012-04-01T12:00:00Z,0.0,20.125,240.125,22.15,0.31
2012-04-01T12:00:00Z,0.0,20.125,244.125,21.19,-1.35
2012-04-01T12:00:00Z,0.0,20.125,248.125,22.09,-1.16
2012-04-01T12:00:00Z,0.0,20.125,252.125,22.55,-1.4
2012-04-01T12:00:00Z,0.0,20.125,256.125,NaN,NaN
2012-04-01T12:00:00Z,0.0,20.125,260.125,NaN,NaN
2012-04-01T12:00:00Z,0.0,20.125,264.125,25.58,1.07
2012-04-01T12:00:00Z,0.0,20.125,268.125,25.91,0.4
2012-04-01T12:00:00Z,0.0,20.125,272.125,NaN,NaN
2012-04-01T12:00:00Z,0.0,20.125,276.125,26.76,-0.1
2012-04-01T12:00:00Z,0.0,20.125,280.125,27.1,0.3
2012-04-01T12:00:00Z,0.0,20.125,284.125,NaN,NaN
2012-04-01T12:00:00Z,0.0,20.125,288.125,26.0,-0.22
2012-04-01T12:00:00Z,0.0,20.125,292.125,25.77,-0.12
2012-04-01T12:00:00Z,0.0,20.125,296.125,25.96,0.29
2012-04-01T12:00:00Z,0.0,20.125,300.125,25.73,0.32
2012-04-01T12:00:00Z,0.0,20.125,304.125,24.82,-0.35
2012-04-01T12:00:00Z,0.0,20.125,308.125,24.91,0.04
2012-04-01T12:00:00Z,0.0,20.125,312.125,24.79,0.23
2012-04-01T12:00:00Z,0.0,20.125,316.125,24.45,0.23
2012-04-01T12:00:00Z,0.0,20.125,320.125,23.85,0.03
2012-04-01T12:00:00Z,0.0,20.125,324.125,23.36,0.01
2012-04-01T12:00:00Z,0.0,20.125,328.125,22.53,-0.3
2012-04-01T12:00:00Z,0.0,20.125,332.125,21.78,-0.44
2012-04-01T12:00:00Z,0.0,20.125,336.125,21.44,-0.04
2012-04-01T12:00:00Z,0.0,20.125,340.125,19.89,-0.2
2012-04-01T12:00:00Z,0.0,20.125,344.125,NaN,NaN
2012-04-01T12:00:00Z,0.0,20.125,348.125,NaN,NaN
2012-04-01T12:00:00Z,0.0,20.125,352.125,NaN,NaN
2012-04-01T12:00:00Z,0.0,20.125,356.125,NaN,NaN
2012-04-01T12:00:00Z,0.0,24.125,0.125,NaN,NaN
2012-04-01T12:00:00Z,0.0,24.125,4.125,NaN,NaN
2012-04-01T12:00:00Z,0.0,24.125,8.125,NaN,NaN
2012-04-01T12:00:00Z,0.0,24.125,12.125,NaN,NaN
2012-04-01T12:00:00Z,0.0,24.125,16.125,NaN,NaN
2012-04-01T12:00:00Z,0.0,24.125,20.125,NaN,NaN
2012-04-01T12:00:00Z,0.0,24.125,24.125,NaN,NaN
2012-04-01T12:00:00Z,0.0,24.125,28.125,NaN,NaN
2012-04-01T12:00:00Z,0.0,24.125,32.125,NaN,NaN
2012-04-01T12:00:00Z,0.0,24.125,36.125,23.34,-0.8
2012-04-01T12:00:00Z,0.0,24.125,40.125,NaN,NaN
2012-04-01T12:00:00Z,0.0,24.125,44.125,NaN,NaN
2012-04-01T12:00:00Z,0.0,24.125,48.125,NaN,NaN
2012-04-01T12:00:00Z,0.0,24.125,52.125,21.29,-1.54
2012-04-01T12:00:00Z,0.0,24.125,56.125,NaN,NaN
2012-04-01T12:00:00Z,0.0,24.125,60.125,25.34,-0.13
2012-04-01T12:00:00Z,0.0,24.125,64.125,24.84,-0.54
2012-04-01T12:00:00Z,0.0,24.125,68.125,NaN,NaN
2012-04-01T12:00:00Z,0.0,24.125,72.125,NaN,NaN
2012-04-01T12:00:00Z,0.0,24.125,76.125,NaN,NaN
2012-04-01T12:00:00Z,0.0,24.125,80.125,NaN,NaN
2012-04-01T12:00:00Z,0.0,24.125,84.125,NaN,NaN
2012-04-01T12:00:00Z,0.0,24.125,88.125,NaN,NaN
2012-04-01T12:00:00Z,0.0,24.125,92.125,NaN,NaN
2012-04-01T12:00:00Z,0.0,24.125,96.125,NaN,NaN
2012-04-01T12:00:00Z,0.0,24.125,100.125,NaN,NaN
2012-04-01T12:00:00Z,0.0,24.125,104.125,NaN,NaN
2012-04-01T12:00:00Z,0.0,24.125,108.125,NaN,NaN
2012-04-01T12:00:00Z,0.0,24.125,112.125,NaN,NaN
2012-04-01T12:00:00Z,0.0,24.125,116.125,NaN,NaN
2012-04-01T12:00:00Z,0.0,24.125,120.125,24.59,2.86
2012-04-01T12:00:00Z,0.0,24.125,124.125,22.38,-2.02
2012-04-01T12:00:00Z,0.0,24.125,128.125,22.47,-1.03
2012-04-01T12:00:00Z,0.0,24.125,132.125,22.02,-1.48
2012-04-01T12:00:00Z,0.0,24.125,136.125,22.95,-0.77
2012-04-01T12:00:00Z,0.0,24.125,140.125,22.76,-1.24
2012-04-01T12:00:00Z,0.0,24.125,144.125,21.52,-2.67
2012-04-01T12:00:00Z,0.0,24.125,148.125,22.05,-2.19
2012-04-01T12:00:00Z,0.0,24.125,152.125,23.3,-0.91
2012-04-01T12:00:00Z,0.0,24.125,156.125,24.48,0.34
2012-04-01T12:00:00Z,0.0,24.125,160.125,22.99,-1.13
2012-04-01T12:00:00Z,0.0,24.125,164.125,23.51,-0.62
2012-04-01T12:00:00Z,0.0,24.125,168.125,25.17,1.09
2012-04-01T12:00:00Z,0.0,24.125,172.125,24.3,0.26
2012-04-01T12:00:00Z,0.0,24.125,176.125,24.46,0.59
2012-04-01T12:00:00Z,0.0,24.125,180.125,23.87,0.09
2012-04-01T12:00:00Z,0.0,24.125,184.125,24.04,0.41
2012-04-01T12:00:00Z,0.0,24.125,188.125,23.72,0.16
2012-04-01T12:00:00Z,0.0,24.125,192.125,23.48,0.04
2012-04-01T12:00:00Z,0.0,24.125,196.125,23.29,0.07
2012-04-01T12:00:00Z,0.0,24.125,200.125,23.15,0.04
2012-04-01T12:00:00Z,0.0,24.125,204.125,22.9,0.04
2012-04-01T12:00:00Z,0.0,24.125,208.125,22.6,-0.02
2012-04-01T12:00:00Z,0.0,24.125,212.125,22.02,-0.22
2012-04-01T12:00:00Z,0.0,24.125,216.125,21.55,-0.35
2012-04-01T12:00:00Z,0.0,24.125,220.125,21.34,-0.03
2012-04-01T12:00:00Z,0.0,24.125,224.125,21.14,0.29
2012-04-01T12:00:00Z,0.0,24.125,228.125,20.58,0.27
2012-04-01T12:00:00Z,0.0,24.125,232.125,20.22,0.49
2012-04-01T12:00:00Z,0.0,24.125,236.125,19.52,0.38
2012-04-01T12:00:00Z,0.0,24.125,240.125,19.33,0.5
2012-04-01T12:00:00Z,0.0,24.125,244.125,19.76,0.56
2012-04-01T12:00:00Z,0.0,24.125,248.125,16.6,-3.26
2012-04-01T12:00:00Z,0.0,24.125,252.125,21.24,-1.1
2012-04-01T12:00:00Z,0.0,24.125,256.125,NaN,NaN
2012-04-01T12:00:00Z,0.0,24.125,260.125,NaN,NaN
2012-04-01T12:00:00Z,0.0,24.125,264.125,24.67,1.11
2012-04-01T12:00:00Z,0.0,24.125,268.125,24.78,1.01
2012-04-01T12:00:00Z,0.0,24.125,272.125,26.29,0.99
2012-04-01T12:00:00Z,0.0,24.125,276.125,25.4,0.03
2012-04-01T12:00:00Z,0.0,24.125,280.125,26.85,1.62
2012-04-01T12:00:00Z,0.0,24.125,284.125,25.44,0.55
2012-04-01T12:00:00Z,0.0,24.125,288.125,24.03,-0.66
2012-04-01T12:00:00Z,0.0,24.125,292.125,23.94,-0.78
2012-04-01T12:00:00Z,0.0,24.125,296.125,24.42,-0.17
2012-04-01T12:00:00Z,0.0,24.125,300.125,24.39,0.04
2012-04-01T12:00:00Z,0.0,24.125,304.125,23.54,-0.51
2012-04-01T12:00:00Z,0.0,24.125,308.125,23.58,-0.13
2012-04-01T12:00:00Z,0.0,24.125,312.125,23.44,0.04
2012-04-01T12:00:00Z,0.0,24.125,316.125,23.18,0.04
2012-04-01T12:00:00Z,0.0,24.125,320.125,23.13,0.35
2012-04-01T12:00:00Z,0.0,24.125,324.125,23.18,0.82
2012-04-01T12:00:00Z,0.0,24.125,328.125,22.62,0.65
2012-04-01T12:00:00Z,0.0,24.125,332.125,21.83,0.31
2012-04-01T12:00:00Z,0.0,24.125,336.125,20.88,-0.05
2012-04-01T12:00:00Z,0.0,24.125,340.125,19.96,-0.14
2012-04-01T12:00:00Z,0.0,24.125,344.125,17.6,-0.86
2012-04-01T12:00:00Z,0.0,24.125,348.125,NaN,NaN
2012-04-01T12:00:00Z,0.0,24.125,352.125,NaN,NaN
2012-04-01T12:00:00Z,0.0,24.125,356.125,NaN,NaN
2012-04-01T12:00:00Z,0.0,28.125,0.125,NaN,NaN
2012-04-01T12:00:00Z,0.0,28.125,4.125,NaN,NaN
2012-04-01T12:00:00Z,0.0,28.125,8.125,NaN,NaN
2012-04-01T12:00:00Z,0.0,28.125,12.125,NaN,NaN
2012-04-01T12:00:00Z,0.0,28.125,16.125,NaN,NaN
2012-04-01T12:00:00Z,0.0,28.125,20.125,NaN,NaN
2012-04-01T12:00:00Z,0.0,28.125,24.125,NaN,NaN
2012-04-01T12:00:00Z,0.0,28.125,28.125,NaN,NaN
2012-04-01T12:00:00Z,0.0,28.125,32.125,NaN,NaN
2012-04-01T12:00:00Z,0.0,28.125,36.125,NaN,NaN
2012-04-01T12:00:00Z,0.0,28.125,40.125,NaN,NaN
2012-04-01T12:00:00Z,0.0,28.125,44.125,NaN,NaN
2012-04-01T12:00:00Z,0.0,28.125,48.125,NaN,NaN
2012-04-01T12:00:00Z,0.0,28.125,52.125,NaN,NaN
2012-04-01T12:00:00Z,0.0,28.125,56.125,NaN,NaN
2012-04-01T12:00:00Z,0.0,28.125,60.125,NaN,NaN
2012-04-01T12:00:00Z,0.0,28.125,64.125,NaN,NaN
2012-04-01T12:00:00Z,0.0,28.125,68.125,NaN,NaN
2012-04-01T12:00:00Z,0.0,28.125,72.125,NaN,NaN
2012-04-01T12:00:00Z,0.0,28.125,76.125,NaN,NaN
2012-04-01T12:00:00Z,0.0,28.125,80.125,NaN,NaN
2012-04-01T12:00:00Z,0.0,28.125,84.125,NaN,NaN
2012-04-01T12:00:00Z,0.0,28.125,88.125,NaN,NaN
2012-04-01T12:00:00Z,0.0,28.125,92.125,NaN,NaN
2012-04-01T12:00:00Z,0.0,28.125,96.125,NaN,NaN
2012-04-01T12:00:00Z,0.0,28.125,100.125,NaN,NaN
2012-04-01T12:00:00Z,0.0,28.125,104.125,NaN,NaN
2012-04-01T12:00:00Z,0.0,28.125,108.125,NaN,NaN
2012-04-01T12:00:00Z,0.0,28.125,112.125,NaN,NaN
2012-04-01T12:00:00Z,0.0,28.125,116.125,NaN,NaN
2012-04-01T12:00:00Z,0.0,28.125,120.125,NaN,NaN
2012-04-01T12:00:00Z,0.0,28.125,124.125,18.18,0.12
2012-04-01T12:00:00Z,0.0,28.125,128.125,20.79,-1.19
2012-04-01T12:00:00Z,0.0,28.125,132.125,19.17,-1.9
2012-04-01T12:00:00Z,0.0,28.125,136.125,19.62,-0.56
2012-04-01T12:00:00Z,0.0,28.125,140.125,18.89,-1.52
2012-04-01T12:00:00Z,0.0,28.125,144.125,21.57,1.2
2012-04-01T12:00:00Z,0.0,28.125,148.125,18.86,-1.7
2012-04-01T12:00:00Z,0.0,28.125,152.125,21.37,0.78
2012-04-01T12:00:00Z,0.0,28.125,156.125,19.24,-1.24
2012-04-01T12:00:00Z,0.0,28.125,160.125,20.85,0.26
2012-04-01T12:00:00Z,0.0,28.125,164.125,19.93,-0.79
2012-04-01T12:00:00Z,0.0,28.125,168.125,19.49,-1.31
2012-04-01T12:00:00Z,0.0,28.125,172.125,19.53,-1.08
2012-04-01T12:00:00Z,0.0,28.125,176.125,20.08,-0.51
2012-04-01T12:00:00Z,0.0,28.125,180.125,21.79,1.2
2012-04-01T12:00:00Z,0.0,28.125,184.125,21.72,1.24
2012-04-01T12:00:00Z,0.0,28.125,188.125,21.15,0.78
2012-04-01T12:00:00Z,0.0,28.125,192.125,20.18,-0.3
2012-04-01T12:00:00Z,0.0,28.125,196.125,20.98,0.34
2012-04-01T12:00:00Z,0.0,28.125,200.125,21.51,0.75
2012-04-01T12:00:00Z,0.0,28.125,204.125,21.13,0.48
2012-04-01T12:00:00Z,0.0,28.125,208.125,21.0,0.46
2012-04-01T12:00:00Z,0.0,28.125,212.125,20.18,-0.2
2012-04-01T12:00:00Z,0.0,28.125,216.125,19.88,-0.17
2012-04-01T12:00:00Z,0.0,28.125,220.125,19.31,-0.27
2012-04-01T12:00:00Z,0.0,28.125,224.125,18.26,-0.85
2012-04-01T12:00:00Z,0.0,28.125,228.125,18.26,-0.27
2012-04-01T12:00:00Z,0.0,28.125,232.125,17.97,0.02
2012-04-01T12:00:00Z,0.0,28.125,236.125,18.09,0.85
2012-04-01T12:00:00Z,0.0,28.125,240.125,17.16,0.4
2012-04-01T12:00:00Z,0.0,28.125,244.125,16.16,-0.23
2012-04-01T12:00:00Z,0.0,28.125,248.125,18.79,-0.21
2012-04-01T12:00:00Z,0.0,28.125,252.125,NaN,NaN
2012-04-01T12:00:00Z,0.0,28.125,256.125,NaN,NaN
2012-04-01T12:00:00Z,0.0,28.125,260.125,NaN,NaN
2012-04-01T12:00:00Z,0.0,28.125,264.125,23.56,2.86
2012-04-01T12:00:00Z,0.0,28.125,268.125,23.73,2.36
2012-04-01T12:00:00Z,0.0,28.125,272.125,24.51,1.72
2012-04-01T12:00:00Z,0.0,28.125,276.125,22.89,1.7
2012-04-01T12:00:00Z,0.0,28.125,280.125,24.59,0.35
2012-04-01T12:00:00Z,0.0,28.125,284.125,23.41,0.54
2012-04-01T12:00:00Z,0.0,28.125,288.125,22.62,0.27
2012-04-01T12:00:00Z,0.0,28.125,292.125,22.65,0.28
2012-04-01T12:00:00Z,0.0,28.125,296.125,20.96,-1.24
2012-04-01T12:00:00Z,0.0,28.125,300.125,22.0,-0.33
2012-04-01T12:00:00Z,0.0,28.125,304.125,22.31,0.1
2012-04-01T12:00:00Z,0.0,28.125,308.125,22.24,0.27
2012-04-01T12:00:00Z,0.0,28.125,312.125,21.99,0.28
2012-04-01T12:00:00Z,0.0,28.125,316.125,21.76,0.31
2012-04-01T12:00:00Z,0.0,28.125,320.125,21.59,0.38
2012-04-01T12:00:00Z,0.0,28.125,324.125,21.44,0.53
2012-04-01T12:00:00Z,0.0,28.125,328.125,21.07,0.58
2012-04-01T12:00:00Z,0.0,28.125,332.125,20.71,0.6
2012-04-01T12:00:00Z,0.0,28.125,336.125,20.25,0.5
2012-04-01T12:00:00Z,0.0,28.125,340.125,18.95,-0.44
2012-04-01T12:00:00Z,0.0,28.125,344.125,18.57,-0.19
2012-04-01T12:00:00Z,0.0,28.125,348.125,NaN,NaN
2012-04-01T12:00:00Z,0.0,28.125,352.125,NaN,NaN
2012-04-01T12:00:00Z,0.0,28.125,356.125,NaN,NaN
2012-04-01T12:00:00Z,0.0,32.125,0.125,NaN,NaN
2012-04-01T12:00:00Z,0.0,32.125,4.125,NaN,NaN
2012-04-01T12:00:00Z,0.0,32.125,8.125,NaN,NaN
2012-04-01T12:00:00Z,0.0,32.125,12.125,NaN,NaN
2012-04-01T12:00:00Z,0.0,32.125,16.125,16.61,-0.17
2012-04-01T12:00:00Z,0.0,32.125,20.125,NaN,NaN
2012-04-01T12:00:00Z,0.0,32.125,24.125,17.36,0.37
2012-04-01T12:00:00Z,0.0,32.125,28.125,17.24,0.14
2012-04-01T12:00:00Z,0.0,32.125,32.125,17.38,-0.07
2012-04-01T12:00:00Z,0.0,32.125,36.125,NaN,NaN
2012-04-01T12:00:00Z,0.0,32.125,40.125,NaN,NaN
2012-04-01T12:00:00Z,0.0,32.125,44.125,NaN,NaN
2012-04-01T12:00:00Z,0.0,32.125,48.125,NaN,NaN
2012-04-01T12:00:00Z,0.0,32.125,52.125,NaN,NaN
2012-04-01T12:00:00Z,0.0,32.125,56.125,NaN,NaN
2012-04-01T12:00:00Z,0.0,32.125,60.125,NaN,NaN
2012-04-01T12:00:00Z,0.0,32.125,64.125,NaN,NaN
2012-04-01T12:00:00Z,0.0,32.125,68.125,NaN,NaN
2012-04-01T12:00:00Z,0.0,32.125,72.125,NaN,NaN
2012-04-01T12:00:00Z,0.0,32.125,76.125,NaN,NaN
2012-04-01T12:00:00Z,0.0,32.125,80.125,NaN,NaN
2012-04-01T12:00:00Z,0.0,32.125,84.125,NaN,NaN
2012-04-01T12:00:00Z,0.0,32.125,88.125,NaN,NaN
2012-04-01T12:00:00Z,0.0,32.125,92.125,NaN,NaN
2012-04-01T12:00:00Z,0.0,32.125,96.125,NaN,NaN
2012-04-01T12:00:00Z,0.0,32.125,100.125,NaN,NaN
2012-04-01T12:00:00Z,0.0,32.125,104.125,NaN,NaN
2012-04-01T12:00:00Z,0.0,32.125,108.125,NaN,NaN
2012-04-01T12:00:00Z,0.0,32.125,112.125,NaN,NaN
2012-04-01T12:00:00Z,0.0,32.125,116.125,NaN,NaN
2012-04-01T12:00:00Z,0.0,32.125,120.125,NaN,NaN
2012-04-01T12:00:00Z,0.0,32.125,124.125,8.89,-2.68
2012-04-01T12:00:00Z,0.0,32.125,128.125,17.35,-0.01
2012-04-01T12:00:00Z,0.0,32.125,132.125,18.75,-0.79
2012-04-01T12:00:00Z,0.0,32.125,136.125,19.48,0.15
2012-04-01T12:00:00Z,0.0,32.125,140.125,17.9,-1.05
2012-04-01T12:00:00Z,0.0,32.125,144.125,17.76,-0.51
2012-04-01T12:00:00Z,0.0,32.125,148.125,17.72,-0.15
2012-04-01T12:00:00Z,0.0,32.125,152.125,17.26,-0.57
2012-04-01T12:00:00Z,0.0,32.125,156.125,17.54,-0.1
2012-04-01T12:00:00Z,0.0,32.125,160.125,17.14,-0.37
2012-04-01T12:00:00Z,0.0,32.125,164.125,18.04,0.55
2012-04-01T12:00:00Z,0.0,32.125,168.125,18.99,1.72
2012-04-01T12:00:00Z,0.0,32.125,172.125,17.64,0.37
2012-04-01T12:00:00Z,0.0,32.125,176.125,18.28,1.25
2012-04-01T12:00:00Z,0.0,32.125,180.125,18.91,1.85
2012-04-01T12:00:00Z,0.0,32.125,184.125,17.49,0.5
2012-04-01T12:00:00Z,0.0,32.125,188.125,17.84,0.98
2012-04-01T12:00:00Z,0.0,32.125,192.125,17.71,0.94
2012-04-01T12:00:00Z,0.0,32.125,196.125,17.09,0.32
2012-04-01T12:00:00Z,0.0,32.125,200.125,17.68,0.83
2012-04-01T12:00:00Z,0.0,32.125,204.125,17.87,0.76
2012-04-01T12:00:00Z,0.0,32.125,208.125,17.88,0.64
2012-04-01T12:00:00Z,0.0,32.125,212.125,17.5,0.1
2012-04-01T12:00:00Z,0.0,32.125,216.125,17.35,-0.07
2012-04-01T12:00:00Z,0.0,32.125,220.125,17.49,0.26
2012-04-01T12:00:00Z,0.0,32.125,224.125,16.44,-0.51
2012-04-01T12:00:00Z,0.0,32.125,228.125,16.52,0.03
2012-04-01T12:00:00Z,0.0,32.125,232.125,16.11,0.39
2012-04-01T12:00:00Z,0.0,32.125,236.125,15.42,0.5
2012-04-01T12:00:00Z,0.0,32.125,240.125,15.04,0.39
2012-04-01T12:00:00Z,0.0,32.125,244.125,NaN,NaN
2012-04-01T12:00:00Z,0.0,32.125,248.125,NaN,NaN
2012-04-01T12:00:00Z,0.0,32.125,252.125,NaN,NaN
2012-04-01T12:00:00Z,0.0,32.125,256.125,NaN,NaN
2012-04-01T12:00:00Z,0.0,32.125,260.125,NaN,NaN
2012-04-01T12:00:00Z,0.0,32.125,264.125,NaN,NaN
2012-04-01T12:00:00Z,0.0,32.125,268.125,NaN,NaN
2012-04-01T12:00:00Z,0.0,32.125,272.125,NaN,NaN
2012-04-01T12:00:00Z,0.0,32.125,276.125,NaN,NaN
2012-04-01T12:00:00Z,0.0,32.125,280.125,20.47,-0.55
2012-04-01T12:00:00Z,0.0,32.125,284.125,22.02,-0.53
2012-04-01T12:00:00Z,0.0,32.125,288.125,20.69,0.85
2012-04-01T12:00:00Z,0.0,32.125,292.125,20.21,0.7
2012-04-01T12:00:00Z,0.0,32.125,296.125,20.12,0.4
2012-04-01T12:00:00Z,0.0,32.125,300.125,20.11,0.35
2012-04-01T12:00:00Z,0.0,32.125,304.125,19.95,0.09
2012-04-01T12:00:00Z,0.0,32.125,308.125,19.5,-0.29
2012-04-01T12:00:00Z,0.0,32.125,312.125,19.36,-0.37
2012-04-01T12:00:00Z,0.0,32.125,316.125,19.24,-0.32
2012-04-01T12:00:00Z,0.0,32.125,320.125,19.68,0.25
2012-04-01T12:00:00Z,0.0,32.125,324.125,20.45,1.08
2012-04-01T12:00:00Z,0.0,32.125,328.125,19.83,0.7
2012-04-01T12:00:00Z,0.0,32.125,332.125,19.33,0.58
2012-04-01T12:00:00Z,0.0,32.125,336.125,18.82,0.31
2012-04-01T12:00:00Z,0.0,32.125,340.125,18.65,0.48
2012-04-01T12:00:00Z,0.0,32.125,344.125,17.95,0.15
2012-04-01T12:00:00Z,0.0,32.125,348.125,17.12,-0.24
2012-04-01T12:00:00Z,0.0,32.125,352.125,NaN,NaN
2012-04-01T12:00:00Z,0.0,32.125,356.125,NaN,NaN
2012-04-01T12:00:00Z,0.0,36.125,0.125,16.05,0.31
2012-04-01T12:00:00Z,0.0,36.125,4.125,NaN,NaN
2012-04-01T12:00:00Z,0.0,36.125,8.125,NaN,NaN
2012-04-01T12:00:00Z,0.0,36.125,12.125,16.28,1.0
2012-04-01T12:00:00Z,0.0,36.125,16.125,16.22,0.55
2012-04-01T12:00:00Z,0.0,36.125,20.125,16.95,1.42
2012-04-01T12:00:00Z,0.0,36.125,24.125,16.82,1.23
2012-04-01T12:00:00Z,0.0,36.125,28.125,17.92,1.41
2012-04-01T12:00:00Z,0.0,36.125,32.125,17.38,0.58
2012-04-01T12:00:00Z,0.0,36.125,36.125,NaN,NaN
2012-04-01T12:00:00Z,0.0,36.125,40.125,NaN,NaN
2012-04-01T12:00:00Z,0.0,36.125,44.125,NaN,NaN
2012-04-01T12:00:00Z,0.0,36.125,48.125,NaN,NaN
2012-04-01T12:00:00Z,0.0,36.125,52.125,NaN,NaN
2012-04-01T12:00:00Z,0.0,36.125,56.125,NaN,NaN
2012-04-01T12:00:00Z,0.0,36.125,60.125,NaN,NaN
2012-04-01T12:00:00Z,0.0,36.125,64.125,NaN,NaN
2012-04-01T12:00:00Z,0.0,36.125,68.125,NaN,NaN
2012-04-01T12:00:00Z,0.0,36.125,72.125,NaN,NaN
2012-04-01T12:00:00Z,0.0,36.125,76.125,NaN,NaN
2012-04-01T12:00:00Z,0.0,36.125,80.125,NaN,NaN
2012-04-01T12:00:00Z,0.0,36.125,84.125,NaN,NaN
2012-04-01T12:00:00Z,0.0,36.125,88.125,NaN,NaN
2012-04-01T12:00:00Z,0.0,36.125,92.125,NaN,NaN
2012-04-01T12:00:00Z,0.0,36.125,96.125,NaN,NaN
2012-04-01T12:00:00Z,0.0,36.125,100.125,NaN,NaN
2012-04-01T12:00:00Z,0.0,36.125,104.125,NaN,NaN
2012-04-01T12:00:00Z,0.0,36.125,108.125,NaN,NaN
2012-04-01T12:00:00Z,0.0,36.125,112.125,NaN,NaN
2012-04-01T12:00:00Z,0.0,36.125,116.125,NaN,NaN
2012-04-01T12:00:00Z,0.0,36.125,120.125,NaN,NaN
2012-04-01T12:00:00Z,0.0,36.125,124.125,7.72,-0.8
2012-04-01T12:00:00Z,0.0,36.125,128.125,NaN,NaN
2012-04-01T12:00:00Z,0.0,36.125,132.125,11.29,-1.82
2012-04-01T12:00:00Z,0.0,36.125,136.125,11.27,-1.26
2012-04-01T12:00:00Z,0.0,36.125,140.125,NaN,NaN
2012-04-01T12:00:00Z,0.0,36.125,144.125,17.31,1.66
2012-04-01T12:00:00Z,0.0,36.125,148.125,14.72,-0.94
2012-04-01T12:00:00Z,0.0,36.125,152.125,16.25,0.96
2012-04-01T12:00:00Z,0.0,36.125,156.125,16.75,2.13
2012-04-01T12:00:00Z,0.0,36.125,160.125,13.15,-1.33
2012-04-01T12:00:00Z,0.0,36.125,164.125,15.98,1.49
2012-04-01T12:00:00Z,0.0,36.125,168.125,16.54,2.16
2012-04-01T12:00:00Z,0.0,36.125,172.125,14.54,0.05
2012-04-01T12:00:00Z,0.0,36.125,176.125,15.56,1.37
2012-04-01T12:00:00Z,0.0,36.125,180.125,15.55,1.44
2012-04-01T12:00:00Z,0.0,36.125,184.125,14.83,0.67
2012-04-01T12:00:00Z,0.0,36.125,188.125,15.36,1.47
2012-04-01T12:00:00Z,0.0,36.125,192.125,14.4,0.78
2012-04-01T12:00:00Z,0.0,36.125,196.125,14.07,0.48
2012-04-01T12:00:00Z,0.0,36.125,200.125,14.22,0.71
2012-04-01T12:00:00Z,0.0,36.125,204.125,14.07,0.49
2012-04-01T12:00:00Z,0.0,36.125,208.125,14.06,0.24
2012-04-01T12:00:00Z,0.0,36.125,212.125,14.11,-0.02
2012-04-01T12:00:00Z,0.0,36.125,216.125,14.65,0.19
2012-04-01T12:00:00Z,0.0,36.125,220.125,13.97,-0.58
2012-04-01T12:00:00Z,0.0,36.125,224.125,13.85,-0.76
2012-04-01T12:00:00Z,0.0,36.125,228.125,13.43,-0.87
2012-04-01T12:00:00Z,0.0,36.125,232.125,12.83,-0.79
2012-04-01T12:00:00Z,0.0,36.125,236.125,12.11,-0.68
2012-04-01T12:00:00Z,0.0,36.125,240.125,NaN,NaN
2012-04-01T12:00:00Z,0.0,36.125,244.125,NaN,NaN
2012-04-01T12:00:00Z,0.0,36.125,248.125,NaN,NaN
2012-04-01T12:00:00Z,0.0,36.125,252.125,NaN,NaN
2012-04-01T12:00:00Z,0.0,36.125,256.125,NaN,NaN
2012-04-01T12:00:00Z,0.0,36.125,260.125,NaN,NaN
2012-04-01T12:00:00Z,0.0,36.125,264.125,NaN,NaN
2012-04-01T12:00:00Z,0.0,36.125,268.125,NaN,NaN
2012-04-01T12:00:00Z,0.0,36.125,272.125,NaN,NaN
2012-04-01T12:00:00Z,0.0,36.125,276.125,NaN,NaN
2012-04-01T12:00:00Z,0.0,36.125,280.125,NaN,NaN
2012-04-01T12:00:00Z,0.0,36.125,284.125,15.21,0.54
2012-04-01T12:00:00Z,0.0,36.125,288.125,18.89,-1.08
2012-04-01T12:00:00Z,0.0,36.125,292.125,21.04,1.18
2012-04-01T12:00:00Z,0.0,36.125,296.125,19.7,0.26
2012-04-01T12:00:00Z,0.0,36.125,300.125,19.23,0.66
2012-04-01T12:00:00Z,0.0,36.125,304.125,18.97,0.7
2012-04-01T12:00:00Z,0.0,36.125,308.125,18.42,0.36
2012-04-01T12:00:00Z,0.0,36.125,312.125,16.91,-1.05
2012-04-01T12:00:00Z,0.0,36.125,316.125,17.59,-0.28
2012-04-01T12:00:00Z,0.0,36.125,320.125,18.18,0.5
2012-04-01T12:00:00Z,0.0,36.125,324.125,18.06,0.57
2012-04-01T12:00:00Z,0.0,36.125,328.125,17.58,0.33
2012-04-01T12:00:00Z,0.0,36.125,332.125,17.92,0.9
2012-04-01T12:00:00Z,0.0,36.125,336.125,18.01,1.15
2012-04-01T12:00:00Z,0.0,36.125,340.125,17.39,0.77
2012-04-01T12:00:00Z,0.0,36.125,344.125,17.06,0.72
2012-04-01T12:00:00Z,0.0,36.125,348.125,16.62,0.39
2012-04-01T12:00:00Z,0.0,36.125,352.125,15.64,-0.76
2012-04-01T12:00:00Z,0.0,36.125,356.125,15.68,-0.02
2012-04-01T12:00:00Z,0.0,40.125,0.125,16.11,1.74
2012-04-01T12:00:00Z,0.0,40.125,4.125,16.24,1.86
2012-04-01T12:00:00Z,0.0,40.125,8.125,15.72,1.36
2012-04-01T12:00:00Z,0.0,40.125,12.125,16.49,1.97
2012-04-01T12:00:00Z,0.0,40.125,16.125,NaN,NaN
2012-04-01T12:00:00Z,0.0,40.125,20.125,NaN,NaN
2012-04-01T12:00:00Z,0.0,40.125,24.125,14.03,0.14
2012-04-01T12:00:00Z,0.0,40.125,28.125,NaN,NaN
2012-04-01T12:00:00Z,0.0,40.125,32.125,NaN,NaN
2012-04-01T12:00:00Z,0.0,40.125,36.125,NaN,NaN
2012-04-01T12:00:00Z,0.0,40.125,40.125,NaN,NaN
2012-04-01T12:00:00Z,0.0,40.125,44.125,NaN,NaN
2012-04-01T12:00:00Z,0.0,40.125,48.125,NaN,NaN
2012-04-01T12:00:00Z,0.0,40.125,52.125,9.69,-1.19
2012-04-01T12:00:00Z,0.0,40.125,56.125,NaN,NaN
2012-04-01T12:00:00Z,0.0,40.125,60.125,NaN,NaN
2012-04-01T12:00:00Z,0.0,40.125,64.125,NaN,NaN
2012-04-01T12:00:00Z,0.0,40.125,68.125,NaN,NaN
2012-04-01T12:00:00Z,0.0,40.125,72.125,NaN,NaN
2012-04-01T12:00:00Z,0.0,40.125,76.125,NaN,NaN
2012-04-01T12:00:00Z,0.0,40.125,80.125,NaN,NaN
2012-04-01T12:00:00Z,0.0,40.125,84.125,NaN,NaN
2012-04-01T12:00:00Z,0.0,40.125,88.125,NaN,NaN
2012-04-01T12:00:00Z,0.0,40.125,92.125,NaN,NaN
2012-04-01T12:00:00Z,0.0,40.125,96.125,NaN,NaN
2012-04-01T12:00:00Z,0.0,40.125,100.125,NaN,NaN
2012-04-01T12:00:00Z,0.0,40.125,104.125,NaN,NaN
2012-04-01T12:00:00Z,0.0,40.125,108.125,NaN,NaN
2012-04-01T12:00:00Z,0.0,40.125,112.125,NaN,NaN
2012-04-01T12:00:00Z,0.0,40.125,116.125,NaN,NaN
2012-04-01T12:00:00Z,0.0,40.125,120.125,2.82,-1.36
2012-04-01T12:00:00Z,0.0,40.125,124.125,NaN,NaN
2012-04-01T12:00:00Z,0.0,40.125,128.125,NaN,NaN
2012-04-01T12:00:00Z,0.0,40.125,132.125,6.39,-0.41
2012-04-01T12:00:00Z,0.0,40.125,136.125,4.8,-2.14
2012-04-01T12:00:00Z,0.0,40.125,140.125,NaN,NaN
2012-04-01T12:00:00Z,0.0,40.125,144.125,2.77,-3.51
2012-04-01T12:00:00Z,0.0,40.125,148.125,7.97,0.14
2012-04-01T12:00:00Z,0.0,40.125,152.125,7.82,-1.44
2012-04-01T12:00:00Z,0.0,40.125,156.125,8.82,-0.79
2012-04-01T12:00:00Z,0.0,40.125,160.125,10.43,0.97
2012-04-01T12:00:00Z,0.0,40.125,164.125,9.72,0.34
2012-04-01T12:00:00Z,0.0,40.125,168.125,12.79,2.27
2012-04-01T12:00:00Z,0.0,40.125,172.125,10.12,-0.31
2012-04-01T12:00:00Z,0.0,40.125,176.125,11.87,1.4
2012-04-01T12:00:00Z,0.0,40.125,180.125,11.41,0.81
2012-04-01T12:00:00Z,0.0,40.125,184.125,11.54,0.83
2012-04-01T12:00:00Z,0.0,40.125,188.125,11.81,1.08
2012-04-01T12:00:00Z,0.0,40.125,192.125,10.05,-0.51
2012-04-01T12:00:00Z,0.0,40.125,196.125,10.05,-0.49
2012-04-01T12:00:00Z,0.0,40.125,200.125,10.72,0.12
2012-04-01T12:00:00Z,0.0,40.125,204.125,10.5,-0.18
2012-04-01T12:00:00Z,0.0,40.125,208.125,10.52,-0.39
2012-04-01T12:00:00Z,0.0,40.125,212.125,10.98,-0.21
2012-04-01T12:00:00Z,0.0,40.125,216.125,11.3,-0.3
2012-04-01T12:00:00Z,0.0,40.125,220.125,10.55,-1.39
2012-04-01T12:00:00Z,0.0,40.125,224.125,11.26,-1.0
2012-04-01T12:00:00Z,0.0,40.125,228.125,10.5,-1.65
2012-04-01T12:00:00Z,0.0,40.125,232.125,10.08,-1.57
2012-04-01T12:00:00Z,0.0,40.125,236.125,NaN,NaN
2012-04-01T12:00:00Z,0.0,40.125,240.125,NaN,NaN
2012-04-01T12:00:00Z,0.0,40.125,244.125,NaN,NaN
2012-04-01T12:00:00Z,0.0,40.125,248.125,NaN,NaN
2012-04-01T12:00:00Z,0.0,40.125,252.125,NaN,NaN
2012-04-01T12:00:00Z,0.0,40.125,256.125,NaN,NaN
2012-04-01T12:00:00Z,0.0,40.125,260.125,NaN,NaN
2012-04-01T12:00:00Z,0.0,40.125,264.125,NaN,NaN
2012-04-01T12:00:00Z,0.0,40.125,268.125,NaN,NaN
2012-04-01T12:00:00Z,0.0,40.125,272.125,NaN,NaN
2012-04-01T12:00:00Z,0.0,40.125,276.125,NaN,NaN
2012-04-01T12:00:00Z,0.0,40.125,280.125,NaN,NaN
2012-04-01T12:00:00Z,0.0,40.125,284.125,NaN,NaN
2012-04-01T12:00:00Z,0.0,40.125,288.125,8.92,1.46
2012-04-01T12:00:00Z,0.0,40.125,292.125,10.86,0.91
2012-04-01T12:00:00Z,0.0,40.125,296.125,15.12,0.59
2012-04-01T12:00:00Z,0.0,40.125,300.125,14.3,-2.6
2012-04-01T12:00:00Z,0.0,40.125,304.125,11.6,-5.78
2012-04-01T12:00:00Z,0.0,40.125,308.125,14.64,-1.91
2012-04-01T12:00:00Z,0.0,40.125,312.125,16.4,-0.05
2012-04-01T12:00:00Z,0.0,40.125,316.125,16.5,-0.32
2012-04-01T12:00:00Z,0.0,40.125,320.125,16.44,0.26
2012-04-01T12:00:00Z,0.0,40.125,324.125,15.69,-0.31
2012-04-01T12:00:00Z,0.0,40.125,328.125,15.84,0.19
2012-04-01T12:00:00Z,0.0,40.125,332.125,15.13,-0.01
2012-04-01T12:00:00Z,0.0,40.125,336.125,16.1,1.11
2012-04-01T12:00:00Z,0.0,40.125,340.125,16.09,1.35
2012-04-01T12:00:00Z,0.0,40.125,344.125,15.82,1.36
2012-04-01T12:00:00Z,0.0,40.125,348.125,15.57,1.07
2012-04-01T12:00:00Z,0.0,40.125,352.125,NaN,NaN
2012-04-01T12:00:00Z,0.0,40.125,356.125,NaN,NaN
2012-04-01T12:00:00Z,0.0,44.125,0.125,NaN,NaN
2012-04-01T12:00:00Z,0.0,44.125,4.125,NaN,NaN
2012-04-01T12:00:00Z,0.0,44.125,8.125,NaN,NaN
2012-04-01T12:00:00Z,0.0,44.125,12.125,NaN,NaN
2012-04-01T12:00:00Z,0.0,44.125,16.125,NaN,NaN
2012-04-01T12:00:00Z,0.0,44.125,20.125,NaN,NaN
2012-04-01T12:00:00Z,0.0,44.125,24.125,NaN,NaN
2012-04-01T12:00:00Z,0.0,44.125,28.125,NaN,NaN
2012-04-01T12:00:00Z,0.0,44.125,32.125,9.23,0.74
2012-04-01T12:00:00Z,0.0,44.125,36.125,8.89,0.06
2012-04-01T12:00:00Z,0.0,44.125,40.125,NaN,NaN
2012-04-01T12:00:00Z,0.0,44.125,44.125,NaN,NaN
2012-04-01T12:00:00Z,0.0,44.125,48.125,5.92,0.12
2012-04-01T12:00:00Z,0.0,44.125,52.125,NaN,NaN
2012-04-01T12:00:00Z,0.0,44.125,56.125,NaN,NaN
2012-04-01T12:00:00Z,0.0,44.125,60.125,NaN,NaN
2012-04-01T12:00:00Z,0.0,44.125,64.125,NaN,NaN
2012-04-01T12:00:00Z,0.0,44.125,68.125,NaN,NaN
2012-04-01T12:00:00Z,0.0,44.125,72.125,NaN,NaN
2012-04-01T12:00:00Z,0.0,44.125,76.125,NaN,NaN
2012-04-01T12:00:00Z,0.0,44.125,80.125,NaN,NaN
2012-04-01T12:00:00Z,0.0,44.125,84.125,NaN,NaN
2012-04-01T12:00:00Z,0.0,44.125,88.125,NaN,NaN
2012-04-01T12:00:00Z,0.0,44.125,92.125,NaN,NaN
2012-04-01T12:00:00Z,0.0,44.125,96.125,NaN,NaN
2012-04-01T12:00:00Z,0.0,44.125,100.125,NaN,NaN
2012-04-01T12:00:00Z,0.0,44.125,104.125,NaN,NaN
2012-04-01T12:00:00Z,0.0,44.125,108.125,NaN,NaN
2012-04-01T12:00:00Z,0.0,44.125,112.125,NaN,NaN
2012-04-01T12:00:00Z,0.0,44.125,116.125,NaN,NaN
2012-04-01T12:00:00Z,0.0,44.125,120.125,NaN,NaN
2012-04-01T12:00:00Z,0.0,44.125,124.125,NaN,NaN
2012-04-01T12:00:00Z,0.0,44.125,128.125,NaN,NaN
2012-04-01T12:00:00Z,0.0,44.125,132.125,NaN,NaN
2012-04-01T12:00:00Z,0.0,44.125,136.125,1.18,-1.28
2012-04-01T12:00:00Z,0.0,44.125,140.125,2.35,-2.61
2012-04-01T12:00:00Z,0.0,44.125,144.125,-0.22,-0.94
2012-04-01T12:00:00Z,0.0,44.125,148.125,1.23,-0.24
2012-04-01T12:00:00Z,0.0,44.125,152.125,0.91,-1.2
2012-04-01T12:00:00Z,0.0,44.125,156.125,2.54,-0.68
2012-04-01T12:00:00Z,0.0,44.125,160.125,3.25,-0.8
2012-04-01T12:00:00Z,0.0,44.125,164.125,4.04,-0.39
2012-04-01T12:00:00Z,0.0,44.125,168.125,3.26,-0.98
2012-04-01T12:00:00Z,0.0,44.125,172.125,4.58,-0.75
2012-04-01T12:00:00Z,0.0,44.125,176.125,5.72,-0.52
2012-04-01T12:00:00Z,0.0,44.125,180.125,6.54,-0.09
2012-04-01T12:00:00Z,0.0,44.125,184.125,6.21,-0.67
2012-04-01T12:00:00Z,0.0,44.125,188.125,7.04,0.01
2012-04-01T12:00:00Z,0.0,44.125,192.125,7.62,0.39
2012-04-01T12:00:00Z,0.0,44.125,196.125,7.45,0.05
2012-04-01T12:00:00Z,0.0,44.125,200.125,7.05,-0.56
2012-04-01T12:00:00Z,0.0,44.125,204.125,7.67,-0.15
2012-04-01T12:00:00Z,0.0,44.125,208.125,7.55,-0.58
2012-04-01T12:00:00Z,0.0,44.125,212.125,7.88,-0.66
2012-04-01T12:00:00Z,0.0,44.125,216.125,7.8,-1.13
2012-04-01T12:00:00Z,0.0,44.125,220.125,7.98,-1.42
2012-04-01T12:00:00Z,0.0,44.125,224.125,8.13,-1.65
2012-04-01T12:00:00Z,0.0,44.125,228.125,8.48,-1.58
2012-04-01T12:00:00Z,0.0,44.125,232.125,8.34,-1.69
2012-04-01T12:00:00Z,0.0,44.125,236.125,NaN,NaN
2012-04-01T12:00:00Z,0.0,44.125,240.125,NaN,NaN
2012-04-01T12:00:00Z,0.0,44.125,244.125,NaN,NaN
2012-04-01T12:00:00Z,0.0,44.125,248.125,NaN,NaN
2012-04-01T12:00:00Z,0.0,44.125,252.125,NaN,NaN
2012-04-01T12:00:00Z,0.0,44.125,256.125,NaN,NaN
2012-04-01T12:00:00Z,0.0,44.125,260.125,NaN,NaN
2012-04-01T12:00:00Z,0.0,44.125,264.125,NaN,NaN
2012-04-01T12:00:00Z,0.0,44.125,268.125,NaN,NaN
2012-04-01T12:00:00Z,0.0,44.125,272.125,NaN,NaN
2012-04-01T12:00:00Z,0.0,44.125,276.125,NaN,NaN
2012-04-01T12:00:00Z,0.0,44.125,280.125,NaN,NaN
2012-04-01T12:00:00Z,0.0,44.125,284.125,NaN,NaN
2012-04-01T12:00:00Z,0.0,44.125,288.125,NaN,NaN
2012-04-01T12:00:00Z,0.0,44.125,292.125,5.46,1.33
2012-04-01T12:00:00Z,0.0,44.125,296.125,3.44,1.93
2012-04-01T12:00:00Z,0.0,44.125,300.125,3.26,0.71
2012-04-01T12:00:00Z,0.0,44.125,304.125,5.67,2.0
2012-04-01T12:00:00Z,0.0,44.125,308.125,4.91,2.15
2012-04-01T12:00:00Z,0.0,44.125,312.125,6.37,0.65
2012-04-01T12:00:00Z,0.0,44.125,316.125,15.34,1.82
2012-04-01T12:00:00Z,0.0,44.125,320.125,15.07,0.47
2012-04-01T12:00:00Z,0.0,44.125,324.125,13.8,-0.4
2012-04-01T12:00:00Z,0.0,44.125,328.125,13.96,-0.26
2012-04-01T12:00:00Z,0.0,44.125,332.125,13.96,0.09
2012-04-01T12:00:00Z,0.0,44.125,336.125,14.18,0.67
2012-04-01T12:00:00Z,0.0,44.125,340.125,14.53,1.36
2012-04-01T12:00:00Z,0.0,44.125,344.125,14.22,1.35
2012-04-01T12:00:00Z,0.0,44.125,348.125,14.1,1.37
2012-04-01T12:00:00Z,0.0,44.125,352.125,13.03,0.36
2012-04-01T12:00:00Z,0.0,44.125,356.125,13.75,1.15
2012-04-01T12:00:00Z,0.0,48.125,0.125,NaN,NaN
2012-04-01T12:00:00Z,0.0,48.125,4.125,NaN,NaN
2012-04-01T12:00:00Z,0.0,48.125,8.125,NaN,NaN
2012-04-01T12:00:00Z,0.0,48.125,12.125,NaN,NaN
2012-04-01T12:00:00Z,0.0,48.125,16.125,NaN,NaN
2012-04-01T12:00:00Z,0.0,48.125,20.125,NaN,NaN
2012-04-01T12:00:00Z,0.0,48.125,24.125,NaN,NaN
2012-04-01T12:00:00Z,0.0,48.125,28.125,NaN,NaN
2012-04-01T12:00:00Z,0.0,48.125,32.125,NaN,NaN
2012-04-01T12:00:00Z,0.0,48.125,36.125,NaN,NaN
2012-04-01T12:00:00Z,0.0,48.125,40.125,NaN,NaN
2012-04-01T12:00:00Z,0.0,48.125,44.125,NaN,NaN
2012-04-01T12:00:00Z,0.0,48.125,48.125,NaN,NaN
2012-04-01T12:00:00Z,0.0,48.125,52.125,NaN,NaN
2012-04-01T12:00:00Z,0.0,48.125,56.125,NaN,NaN
2012-04-01T12:00:00Z,0.0,48.125,60.125,NaN,NaN
2012-04-01T12:00:00Z,0.0,48.125,64.125,NaN,NaN
2012-04-01T12:00:00Z,0.0,48.125,68.125,NaN,NaN
2012-04-01T12:00:00Z,0.0,48.125,72.125,NaN,NaN
2012-04-01T12:00:00Z,0.0,48.125,76.125,NaN,NaN
2012-04-01T12:00:00Z,0.0,48.125,80.125,NaN,NaN
2012-04-01T12:00:00Z,0.0,48.125,84.125,NaN,NaN
2012-04-01T12:00:00Z,0.0,48.125,88.125,NaN,NaN
2012-04-01T12:00:00Z,0.0,48.125,92.125,NaN,NaN
2012-04-01T12:00:00Z,0.0,48.125,96.125,NaN,NaN
2012-04-01T12:00:00Z,0.0,48.125,100.125,NaN,NaN
2012-04-01T12:00:00Z,0.0,48.125,104.125,NaN,NaN
2012-04-01T12:00:00Z,0.0,48.125,108.125,NaN,NaN
2012-04-01T12:00:00Z,0.0,48.125,112.125,NaN,NaN
2012-04-01T12:00:00Z,0.0,48.125,116.125,NaN,NaN
2012-04-01T12:00:00Z,0.0,48.125,120.125,NaN,NaN
2012-04-01T12:00:00Z,0.0,48.125,124.125,NaN,NaN
2012-04-01T12:00:00Z,0.0,48.125,128.125,NaN,NaN
2012-04-01T12:00:00Z,0.0,48.125,132.125,NaN,NaN
2012-04-01T12:00:00Z,0.0,48.125,136.125,NaN,NaN
2012-04-01T12:00:00Z,0.0,48.125,140.125,0.39,-1.17
2012-04-01T12:00:00Z,0.0,48.125,144.125,-0.99,-0.83
2012-04-01T12:00:00Z,0.0,48.125,148.125,-0.48,-0.87
2012-04-01T12:00:00Z,0.0,48.125,152.125,1.05,-0.31
2012-04-01T12:00:00Z,0.0,48.125,156.125,1.21,-0.37
2012-04-01T12:00:00Z,0.0,48.125,160.125,0.79,-1.32
2012-04-01T12:00:00Z,0.0,48.125,164.125,1.46,-1.25
2012-04-01T12:00:00Z,0.0,48.125,168.125,2.1,-0.94
2012-04-01T12:00:00Z,0.0,48.125,172.125,2.44,-1.02
2012-04-01T12:00:00Z,0.0,48.125,176.125,2.2,-1.5
2012-04-01T12:00:00Z,0.0,48.125,180.125,3.32,-0.58
2012-04-01T12:00:00Z,0.0,48.125,184.125,3.57,-0.59
2012-04-01T12:00:00Z,0.0,48.125,188.125,3.55,-0.91
2012-04-01T12:00:00Z,0.0,48.125,192.125,4.32,-0.5
2012-04-01T12:00:00Z,0.0,48.125,196.125,4.34,-0.78
2012-04-01T12:00:00Z,0.0,48.125,200.125,4.52,-0.79
2012-04-01T12:00:00Z,0.0,48.125,204.125,4.45,-1.14
2012-04-01T12:00:00Z,0.0,48.125,208.125,4.49,-1.44
2012-04-01T12:00:00Z,0.0,48.125,212.125,5.13,-1.17
2012-04-01T12:00:00Z,0.0,48.125,216.125,5.1,-1.72
2012-04-01T12:00:00Z,0.0,48.125,220.125,5.61,-1.73
2012-04-01T12:00:00Z,0.0,48.125,224.125,5.63,-2.19
2012-04-01T12:00:00Z,0.0,48.125,228.125,6.62,-1.66
2012-04-01T12:00:00Z,0.0,48.125,232.125,7.37,-1.5
2012-04-01T12:00:00Z,0.0,48.125,236.125,NaN,NaN
2012-04-01T12:00:00Z,0.0,48.125,240.125,NaN,NaN
2012-04-01T12:00:00Z,0.0,48.125,244.125,NaN,NaN
2012-04-01T12:00:00Z,0.0,48.125,248.125,NaN,NaN
2012-04-01T12:00:00Z,0.0,48.125,252.125,NaN,NaN
2012-04-01T12:00:00Z,0.0,48.125,256.125,NaN,NaN
2012-04-01T12:00:00Z,0.0,48.125,260.125,NaN,NaN
2012-04-01T12:00:00Z,0.0,48.125,264.125,NaN,NaN
2012-04-01T12:00:00Z,0.0,48.125,268.125,NaN,NaN
2012-04-01T12:00:00Z,0.0,48.125,272.125,3.28,1.38
2012-04-01T12:00:00Z,0.0,48.125,276.125,NaN,NaN
2012-04-01T12:00:00Z,0.0,48.125,280.125,NaN,NaN
2012-04-01T12:00:00Z,0.0,48.125,284.125,NaN,NaN
2012-04-01T12:00:00Z,0.0,48.125,288.125,NaN,NaN
2012-04-01T12:00:00Z,0.0,48.125,292.125,NaN,NaN
2012-04-01T12:00:00Z,0.0,48.125,296.125,0.21,0.24
2012-04-01T12:00:00Z,0.0,48.125,300.125,0.8,0.88
2012-04-01T12:00:00Z,0.0,48.125,304.125,NaN,NaN
2012-04-01T12:00:00Z,0.0,48.125,308.125,0.11,0.05
2012-04-01T12:00:00Z,0.0,48.125,312.125,1.59,0.73
2012-04-01T12:00:00Z,0.0,48.125,316.125,5.21,-0.69
2012-04-01T12:00:00Z,0.0,48.125,320.125,11.76,-0.08
2012-04-01T12:00:00Z,0.0,48.125,324.125,11.65,-0.41
2012-04-01T12:00:00Z,0.0,48.125,328.125,11.6,-0.45
2012-04-01T12:00:00Z,0.0,48.125,332.125,11.44,-0.73
2012-04-01T12:00:00Z,0.0,48.125,336.125,12.44,0.31
2012-04-01T12:00:00Z,0.0,48.125,340.125,12.92,0.75
2012-04-01T12:00:00Z,0.0,48.125,344.125,12.55,0.71
2012-04-01T12:00:00Z,0.0,48.125,348.125,12.5,0.92
2012-04-01T12:00:00Z,0.0,48.125,352.125,11.68,0.55
2012-04-01T12:00:00Z,0.0,48.125,356.125,NaN,NaN
2012-04-01T12:00:00Z,0.0,52.125,0.125,NaN,NaN
2012-04-01T12:00:00Z,0.0,52.125,4.125,7.43,0.54
2012-04-01T12:00:00Z,0.0,52.125,8.125,NaN,NaN
2012-04-01T12:00:00Z,0.0,52.125,12.125,NaN,NaN
2012-04-01T12:00:00Z,0.0,52.125,16.125,NaN,NaN
2012-04-01T12:00:00Z,0.0,52.125,20.125,NaN,NaN
2012-04-01T12:00:00Z,0.0,52.125,24.125,NaN,NaN
2012-04-01T12:00:00Z,0.0,52.125,28.125,NaN,NaN
2012-04-01T12:00:00Z,0.0,52.125,32.125,NaN,NaN
2012-04-01T12:00:00Z,0.0,52.125,36.125,NaN,NaN
2012-04-01T12:00:00Z,0.0,52.125,40.125,NaN,NaN
2012-04-01T12:00:00Z,0.0,52.125,44.125,NaN,NaN
2012-04-01T12:00:00Z,0.0,52.125,48.125,NaN,NaN
2012-04-01T12:00:00Z,0.0,52.125,52.125,NaN,NaN
2012-04-01T12:00:00Z,0.0,52.125,56.125,NaN,NaN
2012-04-01T12:00:00Z,0.0,52.125,60.125,NaN,NaN
2012-04-01T12:00:00Z,0.0,52.125,64.125,NaN,NaN
2012-04-01T12:00:00Z,0.0,52.125,68.125,NaN,NaN
2012-04-01T12:00:00Z,0.0,52.125,72.125,NaN,NaN
2012-04-01T12:00:00Z,0.0,52.125,76.125,NaN,NaN
2012-04-01T12:00:00Z,0.0,52.125,80.125,NaN,NaN
2012-04-01T12:00:00Z,0.0,52.125,84.125,NaN,NaN
2012-04-01T12:00:00Z,0.0,52.125,88.125,NaN,NaN
2012-04-01T12:00:00Z,0.0,52.125,92.125,NaN,NaN
2012-04-01T12:00:00Z,0.0,52.125,96.125,NaN,NaN
2012-04-01T12:00:00Z,0.0,52.125,100.125,NaN,NaN
2012-04-01T12:00:00Z,0.0,52.125,104.125,NaN,NaN
2012-04-01T12:00:00Z,0.0,52.125,108.125,NaN,NaN
2012-04-01T12:00:00Z,0.0,52.125,112.125,NaN,NaN
2012-04-01T12:00:00Z,0.0,52.125,116.125,NaN,NaN
2012-04-01T12:00:00Z,0.0,52.125,120.125,NaN,NaN
2012-04-01T12:00:00Z,0.0,52.125,124.125,NaN,NaN
2012-04-01T12:00:00Z,0.0,52.125,128.125,NaN,NaN
2012-04-01T12:00:00Z,0.0,52.125,132.125,NaN,NaN
2012-04-01T12:00:00Z,0.0,52.125,136.125,NaN,NaN
2012-04-01T12:00:00Z,0.0,52.125,140.125,NaN,NaN
2012-04-01T12:00:00Z,0.0,52.125,144.125,-1.27,-0.55
2012-04-01T12:00:00Z,0.0,52.125,148.125,-1.24,-1.28
2012-04-01T12:00:00Z,0.0,52.125,152.125,0.49,-0.1
2012-04-01T12:00:00Z,0.0,52.125,156.125,-0.3,-0.91
2012-04-01T12:00:00Z,0.0,52.125,160.125,-0.15,-1.42
2012-04-01T12:00:00Z,0.0,52.125,164.125,2.0,-0.3
2012-04-01T12:00:00Z,0.0,52.125,168.125,2.74,-0.22
2012-04-01T12:00:00Z,0.0,52.125,172.125,2.96,-0.49
2012-04-01T12:00:00Z,0.0,52.125,176.125,2.72,-0.8
2012-04-01T12:00:00Z,0.0,52.125,180.125,2.99,-0.56
2012-04-01T12:00:00Z,0.0,52.125,184.125,3.04,-0.66
2012-04-01T12:00:00Z,0.0,52.125,188.125,2.61,-1.24
2012-04-01T12:00:00Z,0.0,52.125,192.125,2.07,-1.96
2012-04-01T12:00:00Z,0.0,52.125,196.125,2.21,-1.79
2012-04-01T12:00:00Z,0.0,52.125,200.125,2.12,-1.98
2012-04-01T12:00:00Z,0.0,52.125,204.125,2.7,-1.46
2012-04-01T12:00:00Z,0.0,52.125,208.125,2.83,-1.53
2012-04-01T12:00:00Z,0.0,52.125,212.125,3.22,-1.63
2012-04-01T12:00:00Z,0.0,52.125,216.125,3.92,-1.62
2012-04-01T12:00:00Z,0.0,52.125,220.125,4.64,-1.55
2012-04-01T12:00:00Z,0.0,52.125,224.125,5.7,-1.27
2012-04-01T12:00:00Z,0.0,52.125,228.125,6.96,-0.74
2012-04-01T12:00:00Z,0.0,52.125,232.125,NaN,NaN
2012-04-01T12:00:00Z,0.0,52.125,236.125,NaN,NaN
2012-04-01T12:00:00Z,0.0,52.125,240.125,NaN,NaN
2012-04-01T12:00:00Z,0.0,52.125,244.125,NaN,NaN
2012-04-01T12:00:00Z,0.0,52.125,248.125,NaN,NaN
2012-04-01T12:00:00Z,0.0,52.125,252.125,NaN,NaN
2012-04-01T12:00:00Z,0.0,52.125,256.125,NaN,NaN
2012-04-01T12:00:00Z,0.0,52.125,260.125,NaN,NaN
2012-04-01T12:00:00Z,0.0,52.125,264.125,NaN,NaN
2012-04-01T12:00:00Z,0.0,52.125,268.125,NaN,NaN
2012-04-01T12:00:00Z,0.0,52.125,272.125,NaN,NaN
2012-04-01T12:00:00Z,0.0,52.125,276.125,NaN,NaN
2012-04-01T12:00:00Z,0.0,52.125,280.125,-0.1,1.63
2012-04-01T12:00:00Z,0.0,52.125,284.125,NaN,NaN
2012-04-01T12:00:00Z,0.0,52.125,288.125,NaN,NaN
2012-04-01T12:00:00Z,0.0,52.125,292.125,NaN,NaN
2012-04-01T12:00:00Z,0.0,52.125,296.125,NaN,NaN
2012-04-01T12:00:00Z,0.0,52.125,300.125,NaN,NaN
2012-04-01T12:00:00Z,0.0,52.125,304.125,NaN,NaN
2012-04-01T12:00:00Z,0.0,52.125,308.125,0.05,-0.39
2012-04-01T12:00:00Z,0.0,52.125,312.125,4.21,0.3
2012-04-01T12:00:00Z,0.0,52.125,316.125,6.8,0.48
2012-04-01T12:00:00Z,0.0,52.125,320.125,6.45,-0.4
2012-04-01T12:00:00Z,0.0,52.125,324.125,7.22,0.09
2012-04-01T12:00:00Z,0.0,52.125,328.125,8.9,0.8
2012-04-01T12:00:00Z,0.0,52.125,332.125,9.14,-0.15
2012-04-01T12:00:00Z,0.0,52.125,336.125,10.09,0.09
2012-04-01T12:00:00Z,0.0,52.125,340.125,10.52,-0.09
2012-04-01T12:00:00Z,0.0,52.125,344.125,11.02,0.24
2012-04-01T12:00:00Z,0.0,52.125,348.125,10.82,0.44
2012-04-01T12:00:00Z,0.0,52.125,352.125,NaN,NaN
2012-04-01T12:00:00Z,0.0,52.125,356.125,NaN,NaN
2012-04-01T12:00:00Z,0.0,56.125,0.125,7.01,0.63
2012-04-01T12:00:00Z,0.0,56.125,4.125,5.95,0.09
2012-04-01T12:00:00Z,0.0,56.125,8.125,5.29,-0.11
2012-04-01T12:00:00Z,0.0,56.125,12.125,4.87,1.02
2012-04-01T12:00:00Z,0.0,56.125,16.125,3.2,-0.23
2012-04-01T12:00:00Z,0.0,56.125,20.125,2.31,-0.97
2012-04-01T12:00:00Z,0.0,56.125,24.125,NaN,NaN
2012-04-01T12:00:00Z,0.0,56.125,28.125,NaN,NaN
2012-04-01T12:00:00Z,0.0,56.125,32.125,NaN,NaN
2012-04-01T12:00:00Z,0.0,56.125,36.125,NaN,NaN
2012-04-01T12:00:00Z,0.0,56.125,40.125,NaN,NaN
2012-04-01T12:00:00Z,0.0,56.125,44.125,NaN,NaN
2012-04-01T12:00:00Z,0.0,56.125,48.125,NaN,NaN
2012-04-01T12:00:00Z,0.0,56.125,52.125,NaN,NaN
2012-04-01T12:00:00Z,0.0,56.125,56.125,NaN,NaN
2012-04-01T12:00:00Z,0.0,56.125,60.125,NaN,NaN
2012-04-01T12:00:00Z,0.0,56.125,64.125,NaN,NaN
2012-04-01T12:00:00Z,0.0,56.125,68.125,NaN,NaN
2012-04-01T12:00:00Z,0.0,56.125,72.125,NaN,NaN
2012-04-01T12:00:00Z,0.0,56.125,76.125,NaN,NaN
2012-04-01T12:00:00Z,0.0,56.125,80.125,NaN,NaN
2012-04-01T12:00:00Z,0.0,56.125,84.125,NaN,NaN
2012-04-01T12:00:00Z,0.0,56.125,88.125,NaN,NaN
2012-04-01T12:00:00Z,0.0,56.125,92.125,NaN,NaN
2012-04-01T12:00:00Z,0.0,56.125,96.125,NaN,NaN
2012-04-01T12:00:00Z,0.0,56.125,100.125,NaN,NaN
2012-04-01T12:00:00Z,0.0,56.125,104.125,NaN,NaN
2012-04-01T12:00:00Z,0.0,56.125,108.125,NaN,NaN
2012-04-01T12:00:00Z,0.0,56.125,112.125,NaN,NaN
2012-04-01T12:00:00Z,0.0,56.125,116.125,NaN,NaN
2012-04-01T12:00:00Z,0.0,56.125,120.125,NaN,NaN
2012-04-01T12:00:00Z,0.0,56.125,124.125,NaN,NaN
2012-04-01T12:00:00Z,0.0,56.125,128.125,NaN,NaN
2012-04-01T12:00:00Z,0.0,56.125,132.125,NaN,NaN
2012-04-01T12:00:00Z,0.0,56.125,136.125,NaN,NaN
2012-04-01T12:00:00Z,0.0,56.125,140.125,-1.56,-0.49
2012-04-01T12:00:00Z,0.0,56.125,144.125,-1.22,-0.16
2012-04-01T12:00:00Z,0.0,56.125,148.125,-1.32,-0.78
2012-04-01T12:00:00Z,0.0,56.125,152.125,-0.37,-0.42
2012-04-01T12:00:00Z,0.0,56.125,156.125,NaN,NaN
2012-04-01T12:00:00Z,0.0,56.125,160.125,NaN,NaN
2012-04-01T12:00:00Z,0.0,56.125,164.125,-0.41,-1.18
2012-04-01T12:00:00Z,0.0,56.125,168.125,0.97,-0.32
2012-04-01T12:00:00Z,0.0,56.125,172.125,2.68,0.85
2012-04-01T12:00:00Z,0.0,56.125,176.125,2.49,0.53
2012-04-01T12:00:00Z,0.0,56.125,180.125,1.73,-0.35
2012-04-01T12:00:00Z,0.0,56.125,184.125,2.24,-0.41
2012-04-01T12:00:00Z,0.0,56.125,188.125,0.93,-1.72
2012-04-01T12:00:00Z,0.0,56.125,192.125,0.48,-1.84
2012-04-01T12:00:00Z,0.0,56.125,196.125,0.01,-1.9
2012-04-01T12:00:00Z,0.0,56.125,200.125,NaN,NaN
2012-04-01T12:00:00Z,0.0,56.125,204.125,2.24,-1.97
2012-04-01T12:00:00Z,0.0,56.125,208.125,3.92,-0.65
2012-04-01T12:00:00Z,0.0,56.125,212.125,2.89,-1.56
2012-04-01T12:00:00Z,0.0,56.125,216.125,3.5,-1.36
2012-04-01T12:00:00Z,0.0,56.125,220.125,4.76,-0.82
2012-04-01T12:00:00Z,0.0,56.125,224.125,6.36,-0.1
2012-04-01T12:00:00Z,0.0,56.125,228.125,NaN,NaN
2012-04-01T12:00:00Z,0.0,56.125,232.125,NaN,NaN
2012-04-01T12:00:00Z,0.0,56.125,236.125,NaN,NaN
2012-04-01T12:00:00Z,0.0,56.125,240.125,NaN,NaN
2012-04-01T12:00:00Z,0.0,56.125,244.125,NaN,NaN
2012-04-01T12:00:00Z,0.0,56.125,248.125,NaN,NaN
2012-04-01T12:00:00Z,0.0,56.125,252.125,NaN,NaN
2012-04-01T12:00:00Z,0.0,56.125,256.125,NaN,NaN
2012-04-01T12:00:00Z,0.0,56.125,260.125,NaN,NaN
2012-04-01T12:00:00Z,0.0,56.125,264.125,NaN,NaN
2012-04-01T12:00:00Z,0.0,56.125,268.125,NaN,NaN
2012-04-01T12:00:00Z,0.0,56.125,272.125,NaN,NaN
2012-04-01T12:00:00Z,0.0,56.125,276.125,-1.46,0.26
2012-04-01T12:00:00Z,0.0,56.125,280.125,-1.61,0.1
2012-04-01T12:00:00Z,0.0,56.125,284.125,NaN,NaN
2012-04-01T12:00:00Z,0.0,56.125,288.125,NaN,NaN
2012-04-01T12:00:00Z,0.0,56.125,292.125,NaN,NaN
2012-04-01T12:00:00Z,0.0,56.125,296.125,NaN,NaN
2012-04-01T12:00:00Z,0.0,56.125,300.125,-1.29,-0.06
2012-04-01T12:00:00Z,0.0,56.125,304.125,0.94,0.25
2012-04-01T12:00:00Z,0.0,56.125,308.125,2.49,0.23
2012-04-01T12:00:00Z,0.0,56.125,312.125,2.81,-0.12
2012-04-01T12:00:00Z,0.0,56.125,316.125,3.74,0.77
2012-04-01T12:00:00Z,0.0,56.125,320.125,4.62,0.75
2012-04-01T12:00:00Z,0.0,56.125,324.125,5.84,0.36
2012-04-01T12:00:00Z,0.0,56.125,328.125,6.67,0.14
2012-04-01T12:00:00Z,0.0,56.125,332.125,6.74,-0.73
2012-04-01T12:00:00Z,0.0,56.125,336.125,8.86,0.23
2012-04-01T12:00:00Z,0.0,56.125,340.125,10.05,0.61
2012-04-01T12:00:00Z,0.0,56.125,344.125,9.61,0.08
2012-04-01T12:00:00Z,0.0,56.125,348.125,9.97,0.28
2012-04-01T12:00:00Z,0.0,56.125,352.125,9.49,0.72
2012-04-01T12:00:00Z,0.0,56.125,356.125,NaN,NaN
2012-04-01T12:00:00Z,0.0,60.125,0.125,7.8,0.39
2012-04-01T12:00:00Z,0.0,60.125,4.125,6.13,-0.04
2012-04-01T12:00:00Z,0.0,60.125,8.125,NaN,NaN
2012-04-01T12:00:00Z,0.0,60.125,12.125,NaN,NaN
2012-04-01T12:00:00Z,0.0,60.125,16.125,NaN,NaN
2012-04-01T12:00:00Z,0.0,60.125,20.125,NaN,NaN
2012-04-01T12:00:00Z,0.0,60.125,24.125,NaN,NaN
2012-04-01T12:00:00Z,0.0,60.125,28.125,-0.03,-0.58
2012-04-01T12:00:00Z,0.0,60.125,32.125,NaN,NaN
2012-04-01T12:00:00Z,0.0,60.125,36.125,NaN,NaN
2012-04-01T12:00:00Z,0.0,60.125,40.125,NaN,NaN
2012-04-01T12:00:00Z,0.0,60.125,44.125,NaN,NaN
2012-04-01T12:00:00Z,0.0,60.125,48.125,NaN,NaN
2012-04-01T12:00:00Z,0.0,60.125,52.125,NaN,NaN
2012-04-01T12:00:00Z,0.0,60.125,56.125,NaN,NaN
2012-04-01T12:00:00Z,0.0,60.125,60.125,NaN,NaN
2012-04-01T12:00:00Z,0.0,60.125,64.125,NaN,NaN
2012-04-01T12:00:00Z,0.0,60.125,68.125,NaN,NaN
2012-04-01T12:00:00Z,0.0,60.125,72.125,NaN,NaN
2012-04-01T12:00:00Z,0.0,60.125,76.125,NaN,NaN
2012-04-01T12:00:00Z,0.0,60.125,80.125,NaN,NaN
2012-04-01T12:00:00Z,0.0,60.125,84.125,NaN,NaN
2012-04-01T12:00:00Z,0.0,60.125,88.125,NaN,NaN
2012-04-01T12:00:00Z,0.0,60.125,92.125,NaN,NaN
2012-04-01T12:00:00Z,0.0,60.125,96.125,NaN,NaN
2012-04-01T12:00:00Z,0.0,60.125,100.125,NaN,NaN
2012-04-01T12:00:00Z,0.0,60.125,104.125,NaN,NaN
2012-04-01T12:00:00Z,0.0,60.125,108.125,NaN,NaN
2012-04-01T12:00:00Z,0.0,60.125,112.125,NaN,NaN
2012-04-01T12:00:00Z,0.0,60.125,116.125,NaN,NaN
2012-04-01T12:00:00Z,0.0,60.125,120.125,NaN,NaN
2012-04-01T12:00:00Z,0.0,60.125,124.125,NaN,NaN
2012-04-01T12:00:00Z,0.0,60.125,128.125,NaN,NaN
2012-04-01T12:00:00Z,0.0,60.125,132.125,NaN,NaN
2012-04-01T12:00:00Z,0.0,60.125,136.125,NaN,NaN
2012-04-01T12:00:00Z,0.0,60.125,140.125,NaN,NaN
2012-04-01T12:00:00Z,0.0,60.125,144.125,NaN,NaN
2012-04-01T12:00:00Z,0.0,60.125,148.125,NaN,NaN
2012-04-01T12:00:00Z,0.0,60.125,152.125,NaN,NaN
2012-04-01T12:00:00Z,0.0,60.125,156.125,-1.56,-0.83
2012-04-01T12:00:00Z,0.0,60.125,160.125,-1.33,-1.15
2012-04-01T12:00:00Z,0.0,60.125,164.125,NaN,NaN
2012-04-01T12:00:00Z,0.0,60.125,168.125,-1.25,-1.73
2012-04-01T12:00:00Z,0.0,60.125,172.125,-0.75,-1.44
2012-04-01T12:00:00Z,0.0,60.125,176.125,-0.43,-1.39
2012-04-01T12:00:00Z,0.0,60.125,180.125,-0.7,-1.52
2012-04-01T12:00:00Z,0.0,60.125,184.125,-1.54,-1.39
2012-04-01T12:00:00Z,0.0,60.125,188.125,-1.4,-0.43
2012-04-01T12:00:00Z,0.0,60.125,192.125,-1.06,-0.35
2012-04-01T12:00:00Z,0.0,60.125,196.125,NaN,NaN
2012-04-01T12:00:00Z,0.0,60.125,200.125,NaN,NaN
2012-04-01T12:00:00Z,0.0,60.125,204.125,NaN,NaN
2012-04-01T12:00:00Z,0.0,60.125,208.125,1.67,-2.49
2012-04-01T12:00:00Z,0.0,60.125,212.125,NaN,NaN
2012-04-01T12:00:00Z,0.0,60.125,216.125,NaN,NaN
2012-04-01T12:00:00Z,0.0,60.125,220.125,NaN,NaN
2012-04-01T12:00:00Z,0.0,60.125,224.125,NaN,NaN
2012-04-01T12:00:00Z,0.0,60.125,228.125,NaN,NaN
2012-04-01T12:00:00Z,0.0,60.125,232.125,NaN,NaN
2012-04-01T12:00:00Z,0.0,60.125,236.125,NaN,NaN
2012-04-01T12:00:00Z,0.0,60.125,240.125,NaN,NaN
2012-04-01T12:00:00Z,0.0,60.125,244.125,NaN,NaN
2012-04-01T12:00:00Z,0.0,60.125,248.125,NaN,NaN
2012-04-01T12:00:00Z,0.0,60.125,252.125,NaN,NaN
2012-04-01T12:00:00Z,0.0,60.125,256.125,NaN,NaN
2012-04-01T12:00:00Z,0.0,60.125,260.125,NaN,NaN
2012-04-01T12:00:00Z,0.0,60.125,264.125,NaN,NaN
2012-04-01T12:00:00Z,0.0,60.125,268.125,-1.53,0.15
2012-04-01T12:00:00Z,0.0,60.125,272.125,-1.57,0.19
2012-04-01T12:00:00Z,0.0,60.125,276.125,-1.5,0.25
2012-04-01T12:00:00Z,0.0,60.125,280.125,-1.47,0.22
2012-04-01T12:00:00Z,0.0,60.125,284.125,NaN,NaN
2012-04-01T12:00:00Z,0.0,60.125,288.125,NaN,NaN
2012-04-01T12:00:00Z,0.0,60.125,292.125,-0.9,0.81
2012-04-01T12:00:00Z,0.0,60.125,296.125,-0.78,0.79
2012-04-01T12:00:00Z,0.0,60.125,300.125,-0.39,-0.19
2012-04-01T12:00:00Z,0.0,60.125,304.125,0.19,-1.25
2012-04-01T12:00:00Z,0.0,60.125,308.125,-0.63,-2.24
2012-04-01T12:00:00Z,0.0,60.125,312.125,-0.02,-1.07
2012-04-01T12:00:00Z,0.0,60.125,316.125,NaN,NaN
2012-04-01T12:00:00Z,0.0,60.125,320.125,1.51,-2.23
2012-04-01T12:00:00Z,0.0,60.125,324.125,5.6,1.19
2012-04-01T12:00:00Z,0.0,60.125,328.125,6.4,0.58
2012-04-01T12:00:00Z,0.0,60.125,332.125,8.2,1.24
2012-04-01T12:00:00Z,0.0,60.125,336.125,8.29,0.61
2012-04-01T12:00:00Z,0.0,60.125,340.125,8.74,0.61
2012-04-01T12:00:00Z,0.0,60.125,344.125,9.38,1.13
2012-04-01T12:00:00Z,0.0,60.125,348.125,9.27,0.66
2012-04-01T12:00:00Z,0.0,60.125,352.125,9.07,0.55
2012-04-01T12:00:00Z,0.0,60.125,356.125,9.32,1.45
2012-04-01T12:00:00Z,0.0,64.125,0.125,6.09,0.06
2012-04-01T12:00:00Z,0.0,64.125,4.125,7.49,0.61
2012-04-01T12:00:00Z,0.0,64.125,8.125,6.97,0.58
2012-04-01T12:00:00Z,0.0,64.125,12.125,NaN,NaN
2012-04-01T12:00:00Z,0.0,64.125,16.125,NaN,NaN
2012-04-01T12:00:00Z,0.0,64.125,20.125,NaN,NaN
2012-04-01T12:00:00Z,0.0,64.125,24.125,NaN,NaN
2012-04-01T12:00:00Z,0.0,64.125,28.125,NaN,NaN
2012-04-01T12:00:00Z,0.0,64.125,32.125,NaN,NaN
2012-04-01T12:00:00Z,0.0,64.125,36.125,NaN,NaN
2012-04-01T12:00:00Z,0.0,64.125,40.125,NaN,NaN
2012-04-01T12:00:00Z,0.0,64.125,44.125,NaN,NaN
2012-04-01T12:00:00Z,0.0,64.125,48.125,NaN,NaN
2012-04-01T12:00:00Z,0.0,64.125,52.125,NaN,NaN
2012-04-01T12:00:00Z,0.0,64.125,56.125,NaN,NaN
2012-04-01T12:00:00Z,0.0,64.125,60.125,NaN,NaN
2012-04-01T12:00:00Z,0.0,64.125,64.125,NaN,NaN
2012-04-01T12:00:00Z,0.0,64.125,68.125,NaN,NaN
2012-04-01T12:00:00Z,0.0,64.125,72.125,NaN,NaN
2012-04-01T12:00:00Z,0.0,64.125,76.125,NaN,NaN
2012-04-01T12:00:00Z,0.0,64.125,80.125,NaN,NaN
2012-04-01T12:00:00Z,0.0,64.125,84.125,NaN,NaN
2012-04-01T12:00:00Z,0.0,64.125,88.125,NaN,NaN
2012-04-01T12:00:00Z,0.0,64.125,92.125,NaN,NaN
2012-04-01T12:00:00Z,0.0,64.125,96.125,NaN,NaN
2012-04-01T12:00:00Z,0.0,64.125,100.125,NaN,NaN
2012-04-01T12:00:00Z,0.0,64.125,104.125,NaN,NaN
2012-04-01T12:00:00Z,0.0,64.125,108.125,NaN,NaN
2012-04-01T12:00:00Z,0.0,64.125,112.125,NaN,NaN
2012-04-01T12:00:00Z,0.0,64.125,116.125,NaN,NaN
2012-04-01T12:00:00Z,0.0,64.125,120.125,NaN,NaN
2012-04-01T12:00:00Z,0.0,64.125,124.125,NaN,NaN
2012-04-01T12:00:00Z,0.0,64.125,128.125,NaN,NaN
2012-04-01T12:00:00Z,0.0,64.125,132.125,NaN,NaN
2012-04-01T12:00:00Z,0.0,64.125,136.125,NaN,NaN
2012-04-01T12:00:00Z,0.0,64.125,140.125,NaN,NaN
2012-04-01T12:00:00Z,0.0,64.125,144.125,NaN,NaN
2012-04-01T12:00:00Z,0.0,64.125,148.125,NaN,NaN
2012-04-01T12:00:00Z,0.0,64.125,152.125,NaN,NaN
2012-04-01T12:00:00Z,0.0,64.125,156.125,NaN,NaN
2012-04-01T12:00:00Z,0.0,64.125,160.125,NaN,NaN
2012-04-01T12:00:00Z,0.0,64.125,164.125,NaN,NaN
2012-04-01T12:00:00Z,0.0,64.125,168.125,NaN,NaN
2012-04-01T12:00:00Z,0.0,64.125,172.125,NaN,NaN
2012-04-01T12:00:00Z,0.0,64.125,176.125,NaN,NaN
2012-04-01T12:00:00Z,0.0,64.125,180.125,-1.6,-0.23
2012-04-01T12:00:00Z,0.0,64.125,184.125,-1.1,-0.36
2012-04-01T12:00:00Z,0.0,64.125,188.125,-1.33,-0.48
2012-04-01T12:00:00Z,0.0,64.125,192.125,-1.58,-0.26
2012-04-01T12:00:00Z,0.0,64.125,196.125,-1.05,-0.25
2012-04-01T12:00:00Z,0.0,64.125,200.125,NaN,NaN
2012-04-01T12:00:00Z,0.0,64.125,204.125,NaN,NaN
2012-04-01T12:00:00Z,0.0,64.125,208.125,NaN,NaN
2012-04-01T12:00:00Z,0.0,64.125,212.125,NaN,NaN
2012-04-01T12:00:00Z,0.0,64.125,216.125,NaN,NaN
2012-04-01T12:00:00Z,0.0,64.125,220.125,NaN,NaN
2012-04-01T12:00:00Z,0.0,64.125,224.125,NaN,NaN
2012-04-01T12:00:00Z,0.0,64.125,228.125,NaN,NaN
2012-04-01T12:00:00Z,0.0,64.125,232.125,NaN,NaN
2012-04-01T12:00:00Z,0.0,64.125,236.125,NaN,NaN
2012-04-01T12:00:00Z,0.0,64.125,240.125,NaN,NaN
2012-04-01T12:00:00Z,0.0,64.125,244.125,NaN,NaN
2012-04-01T12:00:00Z,0.0,64.125,248.125,NaN,NaN
2012-04-01T12:00:00Z,0.0,64.125,252.125,NaN,NaN
2012-04-01T12:00:00Z,0.0,64.125,256.125,NaN,NaN
2012-04-01T12:00:00Z,0.0,64.125,260.125,NaN,NaN
2012-04-01T12:00:00Z,0.0,64.125,264.125,NaN,NaN
2012-04-01T12:00:00Z,0.0,64.125,268.125,NaN,NaN
2012-04-01T12:00:00Z,0.0,64.125,272.125,-1.66,-0.01
2012-04-01T12:00:00Z,0.0,64.125,276.125,NaN,NaN
2012-04-01T12:00:00Z,0.0,64.125,280.125,-1.66,0.12
2012-04-01T12:00:00Z,0.0,64.125,284.125,-0.13,1.61
2012-04-01T12:00:00Z,0.0,64.125,288.125,NaN,NaN
2012-04-01T12:00:00Z,0.0,64.125,292.125,NaN,NaN
2012-04-01T12:00:00Z,0.0,64.125,296.125,-1.22,0.48
2012-04-01T12:00:00Z,0.0,64.125,300.125,-1.45,-0.12
2012-04-01T12:00:00Z,0.0,64.125,304.125,-0.93,-0.91
2012-04-01T12:00:00Z,0.0,64.125,308.125,0.02,-0.37
2012-04-01T12:00:00Z,0.0,64.125,312.125,NaN,NaN
2012-04-01T12:00:00Z,0.0,64.125,316.125,NaN,NaN
2012-04-01T12:00:00Z,0.0,64.125,320.125,-1.24,-2.17
2012-04-01T12:00:00Z,0.0,64.125,324.125,1.51,-2.06
2012-04-01T12:00:00Z,0.0,64.125,328.125,6.79,1.4
2012-04-01T12:00:00Z,0.0,64.125,332.125,6.81,0.6
2012-04-01T12:00:00Z,0.0,64.125,336.125,6.42,0.58
2012-04-01T12:00:00Z,0.0,64.125,340.125,NaN,NaN
2012-04-01T12:00:00Z,0.0,64.125,344.125,6.79,-0.03
2012-04-01T12:00:00Z,0.0,64.125,348.125,7.2,1.62
2012-04-01T12:00:00Z,0.0,64.125,352.125,5.19,0.85
2012-04-01T12:00:00Z,0.0,64.125,356.125,3.22,-1.24
2012-04-01T12:00:00Z,0.0,68.125,0.125,5.18,0.24
2012-04-01T12:00:00Z,0.0,68.125,4.125,6.34,0.62
2012-04-01T12:00:00Z,0.0,68.125,8.125,6.09,0.05
2012-04-01T12:00:00Z,0.0,68.125,12.125,5.34,-0.03
2012-04-01T12:00:00Z,0.0,68.125,16.125,3.5,-0.86
2012-04-01T12:00:00Z,0.0,68.125,20.125,NaN,NaN
2012-04-01T12:00:00Z,0.0,68.125,24.125,NaN,NaN
2012-04-01T12:00:00Z,0.0,68.125,28.125,NaN,NaN
2012-04-01T12:00:00Z,0.0,68.125,32.125,NaN,NaN
2012-04-01T12:00:00Z,0.0,68.125,36.125,NaN,NaN
2012-04-01T12:00:00Z,0.0,68.125,40.125,0.18,-0.36
2012-04-01T12:00:00Z,0.0,68.125,44.125,-1.6,-1.28
2012-04-01T12:00:00Z,0.0,68.125,48.125,-1.49,-1.07
2012-04-01T12:00:00Z,0.0,68.125,52.125,NaN,NaN
2012-04-01T12:00:00Z,0.0,68.125,56.125,NaN,NaN
2012-04-01T12:00:00Z,0.0,68.125,60.125,NaN,NaN
2012-04-01T12:00:00Z,0.0,68.125,64.125,NaN,NaN
2012-04-01T12:00:00Z,0.0,68.125,68.125,NaN,NaN
2012-04-01T12:00:00Z,0.0,68.125,72.125,NaN,NaN
2012-04-01T12:00:00Z,0.0,68.125,76.125,NaN,NaN
2012-04-01T12:00:00Z,0.0,68.125,80.125,NaN,NaN
2012-04-01T12:00:00Z,0.0,68.125,84.125,NaN,NaN
2012-04-01T12:00:00Z,0.0,68.125,88.125,NaN,NaN
2012-04-01T12:00:00Z,0.0,68.125,92.125,NaN,NaN
2012-04-01T12:00:00Z,0.0,68.125,96.125,NaN,NaN
2012-04-01T12:00:00Z,0.0,68.125,100.125,NaN,NaN
2012-04-01T12:00:00Z,0.0,68.125,104.125,NaN,NaN
2012-04-01T12:00:00Z,0.0,68.125,108.125,NaN,NaN
2012-04-01T12:00:00Z,0.0,68.125,112.125,NaN,NaN
2012-04-01T12:00:00Z,0.0,68.125,116.125,NaN,NaN
2012-04-01T12:00:00Z,0.0,68.125,120.125,NaN,NaN
2012-04-01T12:00:00Z,0.0,68.125,124.125,NaN,NaN
2012-04-01T12:00:00Z,0.0,68.125,128.125,NaN,NaN
2012-04-01T12:00:00Z,0.0,68.125,132.125,NaN,NaN
2012-04-01T12:00:00Z,0.0,68.125,136.125,NaN,NaN
2012-04-01T12:00:00Z,0.0,68.125,140.125,NaN,NaN
2012-04-01T12:00:00Z,0.0,68.125,144.125,NaN,NaN
2012-04-01T12:00:00Z,0.0,68.125,148.125,NaN,NaN
2012-04-01T12:00:00Z,0.0,68.125,152.125,NaN,NaN
2012-04-01T12:00:00Z,0.0,68.125,156.125,NaN,NaN
2012-04-01T12:00:00Z,0.0,68.125,160.125,NaN,NaN
2012-04-01T12:00:00Z,0.0,68.125,164.125,NaN,NaN
2012-04-01T12:00:00Z,0.0,68.125,168.125,NaN,NaN
2012-04-01T12:00:00Z,0.0,68.125,172.125,NaN,NaN
2012-04-01T12:00:00Z,0.0,68.125,176.125,NaN,NaN
2012-04-01T12:00:00Z,0.0,68.125,180.125,NaN,NaN
2012-04-01T12:00:00Z,0.0,68.125,184.125,-1.7,0.02
2012-04-01T12:00:00Z,0.0,68.125,188.125,-1.75,0.02
2012-04-01T12:00:00Z,0.0,68.125,192.125,-1.72,0.04
2012-04-01T12:00:00Z,0.0,68.125,196.125,NaN,NaN
2012-04-01T12:00:00Z,0.0,68.125,200.125,NaN,NaN
2012-04-01T12:00:00Z,0.0,68.125,204.125,NaN,NaN
2012-04-01T12:00:00Z,0.0,68.125,208.125,NaN,NaN
2012-04-01T12:00:00Z,0.0,68.125,212.125,NaN,NaN
2012-04-01T12:00:00Z,0.0,68.125,216.125,NaN,NaN
2012-04-01T12:00:00Z,0.0,68.125,220.125,NaN,NaN
2012-04-01T12:00:00Z,0.0,68.125,224.125,NaN,NaN
2012-04-01T12:00:00Z,0.0,68.125,228.125,NaN,NaN
2012-04-01T12:00:00Z,0.0,68.125,232.125,NaN,NaN
2012-04-01T12:00:00Z,0.0,68.125,236.125,NaN,NaN
2012-04-01T12:00:00Z,0.0,68.125,240.125,NaN,NaN
2012-04-01T12:00:00Z,0.0,68.125,244.125,NaN,NaN
2012-04-01T12:00:00Z,0.0,68.125,248.125,-1.63,0.17
2012-04-01T12:00:00Z,0.0,68.125,252.125,-1.6,0.2
2012-04-01T12:00:00Z,0.0,68.125,256.125,-1.73,0.05
2012-04-01T12:00:00Z,0.0,68.125,260.125,-1.59,0.19
2012-04-01T12:00:00Z,0.0,68.125,264.125,-1.52,0.25
2012-04-01T12:00:00Z,0.0,68.125,268.125,NaN,NaN
2012-04-01T12:00:00Z,0.0,68.125,272.125,-1.61,0.17
2012-04-01T12:00:00Z,0.0,68.125,276.125,NaN,NaN
2012-04-01T12:00:00Z,0.0,68.125,280.125,-1.72,0.07
2012-04-01T12:00:00Z,0.0,68.125,284.125,NaN,NaN
2012-04-01T12:00:00Z,0.0,68.125,288.125,NaN,NaN
2012-04-01T12:00:00Z,0.0,68.125,292.125,NaN,NaN
2012-04-01T12:00:00Z,0.0,68.125,296.125,-1.69,0.08
2012-04-01T12:00:00Z,0.0,68.125,300.125,-1.43,0.27
2012-04-01T12:00:00Z,0.0,68.125,304.125,-1.07,-0.17
2012-04-01T12:00:00Z,0.0,68.125,308.125,NaN,NaN
2012-04-01T12:00:00Z,0.0,68.125,312.125,NaN,NaN
2012-04-01T12:00:00Z,0.0,68.125,316.125,NaN,NaN
2012-04-01T12:00:00Z,0.0,68.125,320.125,NaN,NaN
2012-04-01T12:00:00Z,0.0,68.125,324.125,NaN,NaN
2012-04-01T12:00:00Z,0.0,68.125,328.125,-1.69,-0.45
2012-04-01T12:00:00Z,0.0,68.125,332.125,-1.72,-1.16
2012-04-01T12:00:00Z,0.0,68.125,336.125,-0.91,-1.51
2012-04-01T12:00:00Z,0.0,68.125,340.125,0.08,-1.14
2012-04-01T12:00:00Z,0.0,68.125,344.125,0.45,-0.21
2012-04-01T12:00:00Z,0.0,68.125,348.125,0.95,0.86
2012-04-01T12:00:00Z,0.0,68.125,352.125,1.45,-0.01
2012-04-01T12:00:00Z,0.0,68.125,356.125,3.9,0.36
2012-04-01T12:00:00Z,0.0,72.125,0.125,3.09,1.09
2012-04-01T12:00:00Z,0.0,72.125,4.125,4.24,1.04
2012-04-01T12:00:00Z,0.0,72.125,8.125,5.11,1.02
2012-04-01T12:00:00Z,0.0,72.125,12.125,6.13,1.13
2012-04-01T12:00:00Z,0.0,72.125,16.125,6.17,0.73
2012-04-01T12:00:00Z,0.0,72.125,20.125,5.73,1.26
2012-04-01T12:00:00Z,0.0,72.125,24.125,4.65,0.54
2012-04-01T12:00:00Z,0.0,72.125,28.125,4.45,0.42
2012-04-01T12:00:00Z,0.0,72.125,32.125,4.18,0.88
2012-04-01T12:00:00Z,0.0,72.125,36.125,3.54,1.21
2012-04-01T12:00:00Z,0.0,72.125,40.125,2.04,0.61
2012-04-01T12:00:00Z,0.0,72.125,44.125,2.76,1.86
2012-04-01T12:00:00Z,0.0,72.125,48.125,2.13,1.82
2012-04-01T12:00:00Z,0.0,72.125,52.125,-1.08,-0.91
2012-04-01T12:00:00Z,0.0,72.125,56.125,-1.49,-0.37
2012-04-01T12:00:00Z,0.0,72.125,60.125,-1.62,-0.06
2012-04-01T12:00:00Z,0.0,72.125,64.125,-1.64,0.09
2012-04-01T12:00:00Z,0.0,72.125,68.125,-1.66,0.06
2012-04-01T12:00:00Z,0.0,72.125,72.125,NaN,NaN
2012-04-01T12:00:00Z,0.0,72.125,76.125,-1.65,0.05
2012-04-01T12:00:00Z,0.0,72.125,80.125,NaN,NaN
2012-04-01T12:00:00Z,0.0,72.125,84.125,NaN,NaN
2012-04-01T12:00:00Z,0.0,72.125,88.125,NaN,NaN
2012-04-01T12:00:00Z,0.0,72.125,92.125,NaN,NaN
2012-04-01T12:00:00Z,0.0,72.125,96.125,NaN,NaN
2012-04-01T12:00:00Z,0.0,72.125,100.125,NaN,NaN
2012-04-01T12:00:00Z,0.0,72.125,104.125,NaN,NaN
2012-04-01T12:00:00Z,0.0,72.125,108.125,NaN,NaN
2012-04-01T12:00:00Z,0.0,72.125,112.125,NaN,NaN
2012-04-01T12:00:00Z,0.0,72.125,116.125,NaN,NaN
2012-04-01T12:00:00Z,0.0,72.125,120.125,NaN,NaN
2012-04-01T12:00:00Z,0.0,72.125,124.125,NaN,NaN
2012-04-01T12:00:00Z,0.0,72.125,128.125,NaN,NaN
2012-04-01T12:00:00Z,0.0,72.125,132.125,-1.56,0.24
2012-04-01T12:00:00Z,0.0,72.125,136.125,-1.51,0.29
2012-04-01T12:00:00Z,0.0,72.125,140.125,NaN,NaN
2012-04-01T12:00:00Z,0.0,72.125,144.125,NaN,NaN
2012-04-01T12:00:00Z,0.0,72.125,148.125,NaN,NaN
2012-04-01T12:00:00Z,0.0,72.125,152.125,-1.58,0.21
2012-04-01T12:00:00Z,0.0,72.125,156.125,-1.62,0.18
2012-04-01T12:00:00Z,0.0,72.125,160.125,-1.68,0.12
2012-04-01T12:00:00Z,0.0,72.125,164.125,-1.72,0.07
2012-04-01T12:00:00Z,0.0,72.125,168.125,-1.76,0.03
2012-04-01T12:00:00Z,0.0,72.125,172.125,-1.8,0.0
2012-04-01T12:00:00Z,0.0,72.125,176.125,-1.8,0.0
2012-04-01T12:00:00Z,0.0,72.125,180.125,-1.8,0.0
2012-04-01T12:00:00Z,0.0,72.125,184.125,-1.8,0.0
2012-04-01T12:00:00Z,0.0,72.125,188.125,-1.76,0.03
2012-04-01T12:00:00Z,0.0,72.125,192.125,-1.76,0.03
2012-04-01T12:00:00Z,0.0,72.125,196.125,-1.78,-0.01
2012-04-01T12:00:00Z,0.0,72.125,200.125,-1.8,-0.04
2012-04-01T12:00:00Z,0.0,72.125,204.125,-1.78,-0.02
2012-04-01T12:00:00Z,0.0,72.125,208.125,-1.8,-0.03
2012-04-01T12:00:00Z,0.0,72.125,212.125,-1.79,-0.01
2012-04-01T12:00:00Z,0.0,72.125,216.125,-1.78,0.0
2012-04-01T12:00:00Z,0.0,72.125,220.125,-1.79,0.01
2012-04-01T12:00:00Z,0.0,72.125,224.125,-1.78,0.0
2012-04-01T12:00:00Z,0.0,72.125,228.125,-1.75,0.01
2012-04-01T12:00:00Z,0.0,72.125,232.125,-1.78,-0.05
2012-04-01T12:00:00Z,0.0,72.125,236.125,NaN,NaN
2012-04-01T12:00:00Z,0.0,72.125,240.125,-1.61,0.13
2012-04-01T12:00:00Z,0.0,72.125,244.125,NaN,NaN
2012-04-01T12:00:00Z,0.0,72.125,248.125,NaN,NaN
2012-04-01T12:00:00Z,0.0,72.125,252.125,-1.51,0.29
2012-04-01T12:00:00Z,0.0,72.125,256.125,-1.72,0.08
2012-04-01T12:00:00Z,0.0,72.125,260.125,NaN,NaN
2012-04-01T12:00:00Z,0.0,72.125,264.125,-1.5,0.3
2012-04-01T12:00:00Z,0.0,72.125,268.125,-1.68,0.11
2012-04-01T12:00:00Z,0.0,72.125,272.125,NaN,NaN
2012-04-01T12:00:00Z,0.0,72.125,276.125,NaN,NaN
2012-04-01T12:00:00Z,0.0,72.125,280.125,NaN,NaN
2012-04-01T12:00:00Z,0.0,72.125,284.125,NaN,NaN
2012-04-01T12:00:00Z,0.0,72.125,288.125,-1.7,0.1
2012-04-01T12:00:00Z,0.0,72.125,292.125,-1.72,0.08
2012-04-01T12:00:00Z,0.0,72.125,296.125,-1.73,0.07
2012-04-01T12:00:00Z,0.0,72.125,300.125,-1.51,0.26
2012-04-01T12:00:00Z,0.0,72.125,304.125,-0.88,0.74
2012-04-01T12:00:00Z,0.0,72.125,308.125,NaN,NaN
2012-04-01T12:00:00Z,0.0,72.125,312.125,NaN,NaN
2012-04-01T12:00:00Z,0.0,72.125,316.125,NaN,NaN
2012-04-01T12:00:00Z,0.0,72.125,320.125,NaN,NaN
2012-04-01T12:00:00Z,0.0,72.125,324.125,NaN,NaN
2012-04-01T12:00:00Z,0.0,72.125,328.125,NaN,NaN
2012-04-01T12:00:00Z,0.0,72.125,332.125,NaN,NaN
2012-04-01T12:00:00Z,0.0,72.125,336.125,NaN,NaN
2012-04-01T12:00:00Z,0.0,72.125,340.125,-1.61,-0.32
2012-04-01T12:00:00Z,0.0,72.125,344.125,-0.12,0.01
2012-04-01T12:00:00Z,0.0,72.125,348.125,-1.02,-1.53
2012-04-01T12:00:00Z,0.0,72.125,352.125,0.13,-0.5
2012-04-01T12:00:00Z,0.0,72.125,356.125,0.52,-0.49
2012-04-01T12:00:00Z,0.0,76.125,0.125,-0.64,-1.34
2012-04-01T12:00:00Z,0.0,76.125,4.125,-0.46,-2.31
2012-04-01T12:00:00Z,0.0,76.125,8.125,3.15,0.61
2012-04-01T12:00:00Z,0.0,76.125,12.125,4.17,2.21
2012-04-01T12:00:00Z,0.0,76.125,16.125,3.69,2.39
2012-04-01T12:00:00Z,0.0,76.125,20.125,1.48,1.68
2012-04-01T12:00:00Z,0.0,76.125,24.125,-0.66,-0.7
2012-04-01T12:00:00Z,0.0,76.125,28.125,0.15,-0.49
2012-04-01T12:00:00Z,0.0,76.125,32.125,0.4,-0.18
2012-04-01T12:00:00Z,0.0,76.125,36.125,-0.11,-0.17
2012-04-01T12:00:00Z,0.0,76.125,40.125,0.03,0.26
2012-04-01T12:00:00Z,0.0,76.125,44.125,-0.04,0.13
2012-04-01T12:00:00Z,0.0,76.125,48.125,-1.01,-0.71
2012-04-01T12:00:00Z,0.0,76.125,52.125,0.01,0.76
2012-04-01T12:00:00Z,0.0,76.125,56.125,-0.46,0.56
2012-04-01T12:00:00Z,0.0,76.125,60.125,-0.72,0.67
2012-04-01T12:00:00Z,0.0,76.125,64.125,NaN,NaN
2012-04-01T12:00:00Z,0.0,76.125,68.125,-1.63,0.07
2012-04-01T12:00:00Z,0.0,76.125,72.125,-1.5,0.26
2012-04-01T12:00:00Z,0.0,76.125,76.125,-1.64,0.15
2012-04-01T12:00:00Z,0.0,76.125,80.125,-1.76,0.03
2012-04-01T12:00:00Z,0.0,76.125,84.125,-1.67,0.11
2012-04-01T12:00:00Z,0.0,76.125,88.125,-1.73,0.04
2012-04-01T12:00:00Z,0.0,76.125,92.125,-1.73,0.06
2012-04-01T12:00:00Z,0.0,76.125,96.125,NaN,NaN
2012-04-01T12:00:00Z,0.0,76.125,100.125,NaN,NaN
2012-04-01T12:00:00Z,0.0,76.125,104.125,NaN,NaN
2012-04-01T12:00:00Z,0.0,76.125,108.125,NaN,NaN
2012-04-01T12:00:00Z,0.0,76.125,112.125,NaN,NaN
2012-04-01T12:00:00Z,0.0,76.125,116.125,-1.79,-0.01
2012-04-01T12:00:00Z,0.0,76.125,120.125,-1.8,0.0
2012-04-01T12:00:00Z,0.0,76.125,124.125,-1.8,0.0
2012-04-01T12:00:00Z,0.0,76.125,128.125,-1.8,0.0
2012-04-01T12:00:00Z,0.0,76.125,132.125,-1.74,0.06
2012-04-01T12:00:00Z,0.0,76.125,136.125,-1.61,0.19
2012-04-01T12:00:00Z,0.0,76.125,140.125,-1.74,0.06
2012-04-01T12:00:00Z,0.0,76.125,144.125,-1.8,0.0
2012-04-01T12:00:00Z,0.0,76.125,148.125,-1.8,0.0
2012-04-01T12:00:00Z,0.0,76.125,152.125,-1.8,0.0
2012-04-01T12:00:00Z,0.0,76.125,156.125,-1.8,0.0
2012-04-01T12:00:00Z,0.0,76.125,160.125,-1.75,0.05
2012-04-01T12:00:00Z,0.0,76.125,164.125,-1.68,0.12
2012-04-01T12:00:00Z,0.0,76.125,168.125,-1.76,0.04
2012-04-01T12:00:00Z,0.0,76.125,172.125,-1.8,0.0
2012-04-01T12:00:00Z,0.0,76.125,176.125,-1.8,0.0
2012-04-01T12:00:00Z,0.0,76.125,180.125,-1.8,0.0
2012-04-01T12:00:00Z,0.0,76.125,184.125,-1.8,0.0
2012-04-01T12:00:00Z,0.0,76.125,188.125,-1.8,0.0
2012-04-01T12:00:00Z,0.0,76.125,192.125,-1.8,0.0
2012-04-01T12:00:00Z,0.0,76.125,196.125,-1.8,0.0
2012-04-01T12:00:00Z,0.0,76.125,200.125,-1.8,0.0
2012-04-01T12:00:00Z,0.0,76.125,204.125,-1.79,0.01
2012-04-01T12:00:00Z,0.0,76.125,208.125,-1.79,0.01
2012-04-01T12:00:00Z,0.0,76.125,212.125,-1.78,0.02
2012-04-01T12:00:00Z,0.0,76.125,216.125,-1.76,0.04
2012-04-01T12:00:00Z,0.0,76.125,220.125,-1.73,0.07
2012-04-01T12:00:00Z,0.0,76.125,224.125,-1.77,0.03
2012-04-01T12:00:00Z,0.0,76.125,228.125,-1.79,0.01
2012-04-01T12:00:00Z,0.0,76.125,232.125,-1.8,0.0
2012-04-01T12:00:00Z,0.0,76.125,236.125,-1.79,0.0
2012-04-01T12:00:00Z,0.0,76.125,240.125,NaN,NaN
2012-04-01T12:00:00Z,0.0,76.125,244.125,NaN,NaN
2012-04-01T12:00:00Z,0.0,76.125,248.125,-1.65,0.15
2012-04-01T12:00:00Z,0.0,76.125,252.125,-1.67,0.13
2012-04-01T12:00:00Z,0.0,76.125,256.125,NaN,NaN
2012-04-01T12:00:00Z,0.0,76.125,260.125,NaN,NaN
2012-04-01T12:00:00Z,0.0,76.125,264.125,-1.69,0.11
2012-04-01T12:00:00Z,0.0,76.125,268.125,NaN,NaN
2012-04-01T12:00:00Z,0.0,76.125,272.125,-1.69,0.04
2012-04-01T12:00:00Z,0.0,76.125,276.125,-1.48,0.23
2012-04-01T12:00:00Z,0.0,76.125,280.125,-1.12,0.57
2012-04-01T12:00:00Z,0.0,76.125,284.125,-1.47,0.19
2012-04-01T12:00:00Z,0.0,76.125,288.125,-1.53,0.18
2012-04-01T12:00:00Z,0.0,76.125,292.125,NaN,NaN
2012-04-01T12:00:00Z,0.0,76.125,296.125,-1.73,0.04
2012-04-01T12:00:00Z,0.0,76.125,300.125,NaN,NaN
2012-04-01T12:00:00Z,0.0,76.125,304.125,NaN,NaN
2012-04-01T12:00:00Z,0.0,76.125,308.125,NaN,NaN
2012-04-01T12:00:00Z,0.0,76.125,312.125,NaN,NaN
2012-04-01T12:00:00Z,0.0,76.125,316.125,NaN,NaN
2012-04-01T12:00:00Z,0.0,76.125,320.125,NaN,NaN
2012-04-01T12:00:00Z,0.0,76.125,324.125,NaN,NaN
2012-04-01T12:00:00Z,0.0,76.125,328.125,NaN,NaN
2012-04-01T12:00:00Z,0.0,76.125,332.125,NaN,NaN
2012-04-01T12:00:00Z,0.0,76.125,336.125,NaN,NaN
2012-04-01T12:00:00Z,0.0,76.125,340.125,NaN,NaN
2012-04-01T12:00:00Z,0.0,76.125,344.125,-1.74,-0.06
2012-04-01T12:00:00Z,0.0,76.125,348.125,-1.55,-0.33
2012-04-01T12:00:00Z,0.0,76.125,352.125,-0.49,0.0
2012-04-01T12:00:00Z,0.0,76.125,356.125,0.02,-0.26
2012-04-01T12:00:00Z,0.0,80.125,0.125,-0.49,0.32
2012-04-01T12:00:00Z,0.0,80.125,4.125,0.25,0.06
2012-04-01T12:00:00Z,0.0,80.125,8.125,0.35,-0.04
2012-04-01T12:00:00Z,0.0,80.125,12.125,1.05,0.92
2012-04-01T12:00:00Z,0.0,80.125,16.125,1.53,1.77
2012-04-01T12:00:00Z,0.0,80.125,20.125,NaN,NaN
2012-04-01T12:00:00Z,0.0,80.125,24.125,NaN,NaN
2012-04-01T12:00:00Z,0.0,80.125,28.125,-0.71,0.89
2012-04-01T12:00:00Z,0.0,80.125,32.125,-1.1,0.6
2012-04-01T12:00:00Z,0.0,80.125,36.125,-1.57,0.16
2012-04-01T12:00:00Z,0.0,80.125,40.125,-1.75,-0.01
2012-04-01T12:00:00Z,0.0,80.125,44.125,-1.57,0.12
2012-04-01T12:00:00Z,0.0,80.125,48.125,-1.41,0.22
2012-04-01T12:00:00Z,0.0,80.125,52.125,-1.64,-0.02
2012-04-01T12:00:00Z,0.0,80.125,56.125,NaN,NaN
2012-04-01T12:00:00Z,0.0,80.125,60.125,-1.67,-0.01
2012-04-01T12:00:00Z,0.0,80.125,64.125,-1.7,0.02
2012-04-01T12:00:00Z,0.0,80.125,68.125,-1.78,-0.02
2012-04-01T12:00:00Z,0.0,80.125,72.125,-1.48,0.31
2012-04-01T12:00:00Z,0.0,80.125,76.125,-1.66,0.14
2012-04-01T12:00:00Z,0.0,80.125,80.125,-1.74,0.06
2012-04-01T12:00:00Z,0.0,80.125,84.125,-1.74,0.06
2012-04-01T12:00:00Z,0.0,80.125,88.125,-1.75,0.05
2012-04-01T12:00:00Z,0.0,80.125,92.125,-1.54,0.24
2012-04-01T12:00:00Z,0.0,80.125,96.125,NaN,NaN
2012-04-01T12:00:00Z,0.0,80.125,100.125,-1.67,0.07
2012-04-01T12:00:00Z,0.0,80.125,104.125,-1.71,0.04
2012-04-01T12:00:00Z,0.0,80.125,108.125,-1.73,0.05
2012-04-01T12:00:00Z,0.0,80.125,112.125,-1.77,0.02
2012-04-01T12:00:00Z,0.0,80.125,116.125,-1.77,0.03
2012-04-01T12:00:00Z,0.0,80.125,120.125,-1.71,0.09
2012-04-01T12:00:00Z,0.0,80.125,124.125,-1.76,0.04
2012-04-01T12:00:00Z,0.0,80.125,128.125,-1.8,0.0
2012-04-01T12:00:00Z,0.0,80.125,132.125,-1.8,0.0
2012-04-01T12:00:00Z,0.0,80.125,136.125,-1.8,0.0
2012-04-01T12:00:00Z,0.0,80.125,140.125,-1.8,0.0
2012-04-01T12:00:00Z,0.0,80.125,144.125,-1.8,0.0
2012-04-01T12:00:00Z,0.0,80.125,148.125,-1.8,0.0
2012-04-01T12:00:00Z,0.0,80.125,152.125,-1.8,0.0
2012-04-01T12:00:00Z,0.0,80.125,156.125,-1.78,0.02
2012-04-01T12:00:00Z,0.0,80.125,160.125,-1.76,0.04
2012-04-01T12:00:00Z,0.0,80.125,164.125,-1.74,0.06
2012-04-01T12:00:00Z,0.0,80.125,168.125,-1.7,0.1
2012-04-01T12:00:00Z,0.0,80.125,172.125,-1.65,0.15
2012-04-01T12:00:00Z,0.0,80.125,176.125,-1.65,0.15
2012-04-01T12:00:00Z,0.0,80.125,180.125,-1.66,0.14
2012-04-01T12:00:00Z,0.0,80.125,184.125,-1.69,0.11
2012-04-01T12:00:00Z,0.0,80.125,188.125,-1.73,0.07
2012-04-01T12:00:00Z,0.0,80.125,192.125,-1.74,0.06
2012-04-01T12:00:00Z,0.0,80.125,196.125,-1.76,0.04
2012-04-01T12:00:00Z,0.0,80.125,200.125,-1.76,0.04
2012-04-01T12:00:00Z,0.0,80.125,204.125,-1.77,0.03
2012-04-01T12:00:00Z,0.0,80.125,208.125,-1.78,0.02
2012-04-01T12:00:00Z,0.0,80.125,212.125,-1.78,0.02
2012-04-01T12:00:00Z,0.0,80.125,216.125,-1.8,0.0
2012-04-01T12:00:00Z,0.0,80.125,220.125,-1.78,0.02
2012-04-01T12:00:00Z,0.0,80.125,224.125,-1.76,0.04
2012-04-01T12:00:00Z,0.0,80.125,228.125,-1.77,0.03
2012-04-01T12:00:00Z,0.0,80.125,232.125,-1.8,0.0
2012-04-01T12:00:00Z,0.0,80.125,236.125,-1.8,0.0
2012-04-01T12:00:00Z,0.0,80.125,240.125,-1.79,0.01
2012-04-01T12:00:00Z,0.0,80.125,244.125,-1.79,0.01
2012-04-01T12:00:00Z,0.0,80.125,248.125,-1.77,0.03
2012-04-01T12:00:00Z,0.0,80.125,252.125,-1.77,0.03
2012-04-01T12:00:00Z,0.0,80.125,256.125,-1.76,0.04
2012-04-01T12:00:00Z,0.0,80.125,260.125,-1.71,0.09
2012-04-01T12:00:00Z,0.0,80.125,264.125,NaN,NaN
2012-04-01T12:00:00Z,0.0,80.125,268.125,NaN,NaN
2012-04-01T12:00:00Z,0.0,80.125,272.125,NaN,NaN
2012-04-01T12:00:00Z,0.0,80.125,276.125,NaN,NaN
2012-04-01T12:00:00Z,0.0,80.125,280.125,NaN,NaN
2012-04-01T12:00:00Z,0.0,80.125,284.125,NaN,NaN
2012-04-01T12:00:00Z,0.0,80.125,288.125,NaN,NaN
2012-04-01T12:00:00Z,0.0,80.125,292.125,-1.78,-0.01
2012-04-01T12:00:00Z,0.0,80.125,296.125,NaN,NaN
2012-04-01T12:00:00Z,0.0,80.125,300.125,NaN,NaN
2012-04-01T12:00:00Z,0.0,80.125,304.125,NaN,NaN
2012-04-01T12:00:00Z,0.0,80.125,308.125,NaN,NaN
2012-04-01T12:00:00Z,0.0,80.125,312.125,NaN,NaN
2012-04-01T12:00:00Z,0.0,80.125,316.125,NaN,NaN
2012-04-01T12:00:00Z,0.0,80.125,320.125,NaN,NaN
2012-04-01T12:00:00Z,0.0,80.125,324.125,NaN,NaN
2012-04-01T12:00:00Z,0.0,80.125,328.125,NaN,NaN
2012-04-01T12:00:00Z,0.0,80.125,332.125,NaN,NaN
2012-04-01T12:00:00Z,0.0,80.125,336.125,NaN,NaN
2012-04-01T12:00:00Z,0.0,80.125,340.125,NaN,NaN
2012-04-01T12:00:00Z,0.0,80.125,344.125,-1.33,0.43
2012-04-01T12:00:00Z,0.0,80.125,348.125,-1.68,0.1
2012-04-01T12:00:00Z,0.0,80.125,352.125,-1.66,0.12
2012-04-01T12:00:00Z,0.0,80.125,356.125,-1.36,0.24
2012-04-01T12:00:00Z,0.0,84.125,0.125,-1.55,0.25
2012-04-01T12:00:00Z,0.0,84.125,4.125,-1.3,0.5
2012-04-01T12:00:00Z,0.0,84.125,8.125,-1.31,0.49
2012-04-01T12:00:00Z,0.0,84.125,12.125,-1.13,0.66
2012-04-01T12:00:00Z,0.0,84.125,16.125,-1.11,0.66
2012-04-01T12:00:00Z,0.0,84.125,20.125,-1.26,0.51
2012-04-01T12:00:00Z,0.0,84.125,24.125,-1.35,0.43
2012-04-01T12:00:00Z,0.0,84.125,28.125,-1.45,0.33
2012-04-01T12:00:00Z,0.0,84.125,32.125,-1.57,0.21
2012-04-01T12:00:00Z,0.0,84.125,36.125,-1.68,0.11
2012-04-01T12:00:00Z,0.0,84.125,40.125,-1.74,0.05
2012-04-01T12:00:00Z,0.0,84.125,44.125,-1.75,0.03
2012-04-01T12:00:00Z,0.0,84.125,48.125,-1.76,0.01
2012-04-01T12:00:00Z,0.0,84.125,52.125,-1.78,-0.02
2012-04-01T12:00:00Z,0.0,84.125,56.125,-1.78,-0.02
2012-04-01T12:00:00Z,0.0,84.125,60.125,-1.77,0.0
2012-04-01T12:00:00Z,0.0,84.125,64.125,-1.77,0.01
2012-04-01T12:00:00Z,0.0,84.125,68.125,-1.78,0.02
2012-04-01T12:00:00Z,0.0,84.125,72.125,-1.78,0.02
2012-04-01T12:00:00Z,0.0,84.125,76.125,-1.77,0.03
2012-04-01T12:00:00Z,0.0,84.125,80.125,-1.77,0.03
2012-04-01T12:00:00Z,0.0,84.125,84.125,-1.77,0.03
2012-04-01T12:00:00Z,0.0,84.125,88.125,-1.75,0.05
2012-04-01T12:00:00Z,0.0,84.125,92.125,-1.76,0.04
2012-04-01T12:00:00Z,0.0,84.125,96.125,-1.75,0.05
2012-04-01T12:00:00Z,0.0,84.125,100.125,-1.73,0.07
2012-04-01T12:00:00Z,0.0,84.125,104.125,-1.7,0.1
2012-04-01T12:00:00Z,0.0,84.125,108.125,-1.72,0.08
2012-04-01T12:00:00Z,0.0,84.125,112.125,-1.73,0.07
2012-04-01T12:00:00Z,0.0,84.125,116.125,-1.72,0.08
2012-04-01T12:00:00Z,0.0,84.125,120.125,-1.72,0.08
2012-04-01T12:00:00Z,0.0,84.125,124.125,-1.71,0.09
2012-04-01T12:00:00Z,0.0,84.125,128.125,-1.72,0.08
2012-04-01T12:00:00Z,0.0,84.125,132.125,-1.73,0.07
2012-04-01T12:00:00Z,0.0,84.125,136.125,-1.74,0.06
2012-04-01T12:00:00Z,0.0,84.125,140.125,-1.72,0.08
2012-04-01T12:00:00Z,0.0,84.125,144.125,-1.73,0.07
2012-04-01T12:00:00Z,0.0,84.125,148.125,-1.7,0.1
2012-04-01T12:00:00Z,0.0,84.125,152.125,-1.72,0.08
2012-04-01T12:00:00Z,0.0,84.125,156.125,-1.72,0.08
2012-04-01T12:00:00Z,0.0,84.125,160.125,-1.72,0.08
2012-04-01T12:00:00Z,0.0,84.125,164.125,-1.73,0.07
2012-04-01T12:00:00Z,0.0,84.125,168.125,-1.72,0.08
2012-04-01T12:00:00Z,0.0,84.125,172.125,-1.7,0.1
2012-04-01T12:00:00Z,0.0,84.125,176.125,-1.67,0.13
2012-04-01T12:00:00Z,0.0,84.125,180.125,-1.66,0.14
2012-04-01T12:00:00Z,0.0,84.125,184.125,-1.67,0.13
2012-04-01T12:00:00Z,0.0,84.125,188.125,-1.66,0.14
2012-04-01T12:00:00Z,0.0,84.125,192.125,-1.66,0.14
2012-04-01T12:00:00Z,0.0,84.125,196.125,-1.71,0.09
2012-04-01T12:00:00Z,0.0,84.125,200.125,-1.76,0.04
2012-04-01T12:00:00Z,0.0,84.125,204.125,-1.77,0.03
2012-04-01T12:00:00Z,0.0,84.125,208.125,-1.77,0.03
2012-04-01T12:00:00Z,0.0,84.125,212.125,-1.78,0.02
2012-04-01T12:00:00Z,0.0,84.125,216.125,-1.78,0.02
2012-04-01T12:00:00Z,0.0,84.125,220.125,-1.77,0.03
2012-04-01T12:00:00Z,0.0,84.125,224.125,-1.76,0.04
2012-04-01T12:00:00Z,0.0,84.125,228.125,-1.75,0.05
2012-04-01T12:00:00Z,0.0,84.125,232.125,-1.74,0.06
2012-04-01T12:00:00Z,0.0,84.125,236.125,-1.74,0.06
2012-04-01T12:00:00Z,0.0,84.125,240.125,-1.73,0.07
2012-04-01T12:00:00Z,0.0,84.125,244.125,-1.73,0.07
2012-04-01T12:00:00Z,0.0,84.125,248.125,-1.74,0.06
2012-04-01T12:00:00Z,0.0,84.125,252.125,-1.75,0.05
2012-04-01T12:00:00Z,0.0,84.125,256.125,-1.75,0.05
2012-04-01T12:00:00Z,0.0,84.125,260.125,-1.75,0.05
2012-04-01T12:00:00Z,0.0,84.125,264.125,-1.76,0.04
2012-04-01T12:00:00Z,0.0,84.125,268.125,-1.78,0.02
2012-04-01T12:00:00Z,0.0,84.125,272.125,-1.79,0.01
2012-04-01T12:00:00Z,0.0,84.125,276.125,-1.8,0.0
2012-04-01T12:00:00Z,0.0,84.125,280.125,-1.8,-0.01
2012-04-01T12:00:00Z,0.0,84.125,284.125,-1.8,-0.01
2012-04-01T12:00:00Z,0.0,84.125,288.125,-1.8,0.0
2012-04-01T12:00:00Z,0.0,84.125,292.125,-1.79,0.01
2012-04-01T12:00:00Z,0.0,84.125,296.125,-1.77,0.03
2012-04-01T12:00:00Z,0.0,84.125,300.125,-1.77,0.03
2012-04-01T12:00:00Z,0.0,84.125,304.125,-1.78,0.02
2012-04-01T12:00:00Z,0.0,84.125,308.125,-1.78,0.02
2012-04-01T12:00:00Z,0.0,84.125,312.125,-1.76,0.04
2012-04-01T12:00:00Z,0.0,84.125,316.125,-1.79,0.01
2012-04-01T12:00:00Z,0.0,84.125,320.125,-1.78,0.02
2012-04-01T12:00:00Z,0.0,84.125,324.125,-1.78,0.02
2012-04-01T12:00:00Z,0.0,84.125,328.125,-1.77,0.03
2012-04-01T12:00:00Z,0.0,84.125,332.125,-1.74,0.06
2012-04-01T12:00:00Z,0.0,84.125,336.125,-1.73,0.07
2012-04-01T12:00:00Z,0.0,84.125,340.125,-1.71,0.09
2012-04-01T12:00:00Z,0.0,84.125,344.125,-1.69,0.11
2012-04-01T12:00:00Z,0.0,84.125,348.125,-1.62,0.17
2012-04-01T12:00:00Z,0.0,84.125,352.125,-1.61,0.19
2012-04-01T12:00:00Z,0.0,84.125,356.125,-1.56,0.24
2012-04-01T12:00:00Z,0.0,88.125,0.125,-1.68,0.12
2012-04-01T12:00:00Z,0.0,88.125,4.125,-1.65,0.15
2012-04-01T12:00:00Z,0.0,88.125,8.125,-1.65,0.15
2012-04-01T12:00:00Z,0.0,88.125,12.125,-1.63,0.16
2012-04-01T12:00:00Z,0.0,88.125,16.125,-1.63,0.16
2012-04-01T12:00:00Z,0.0,88.125,20.125,-1.65,0.14
2012-04-01T12:00:00Z,0.0,88.125,24.125,-1.66,0.14
2012-04-01T12:00:00Z,0.0,88.125,28.125,-1.67,0.13
2012-04-01T12:00:00Z,0.0,88.125,32.125,-1.68,0.12
2012-04-01T12:00:00Z,0.0,88.125,36.125,-1.69,0.11
2012-04-01T12:00:00Z,0.0,88.125,40.125,-1.7,0.1
2012-04-01T12:00:00Z,0.0,88.125,44.125,-1.7,0.1
2012-04-01T12:00:00Z,0.0,88.125,48.125,-1.7,0.1
2012-04-01T12:00:00Z,0.0,88.125,52.125,-1.71,0.09
2012-04-01T12:00:00Z,0.0,88.125,56.125,-1.71,0.09
2012-04-01T12:00:00Z,0.0,88.125,60.125,-1.71,0.09
2012-04-01T12:00:00Z,0.0,88.125,64.125,-1.71,0.09
2012-04-01T12:00:00Z,0.0,88.125,68.125,-1.71,0.09
2012-04-01T12:00:00Z,0.0,88.125,72.125,-1.71,0.09
2012-04-01T12:00:00Z,0.0,88.125,76.125,-1.71,0.09
2012-04-01T12:00:00Z,0.0,88.125,80.125,-1.71,0.09
2012-04-01T12:00:00Z,0.0,88.125,84.125,-1.71,0.09
2012-04-01T12:00:00Z,0.0,88.125,88.125,-1.7,0.1
2012-04-01T12:00:00Z,0.0,88.125,92.125,-1.7,0.1
2012-04-01T12:00:00Z,0.0,88.125,96.125,-1.7,0.1
2012-04-01T12:00:00Z,0.0,88.125,100.125,-1.7,0.1
2012-04-01T12:00:00Z,0.0,88.125,104.125,-1.7,0.1
2012-04-01T12:00:00Z,0.0,88.125,108.125,-1.7,0.1
2012-04-01T12:00:00Z,0.0,88.125,112.125,-1.7,0.1
2012-04-01T12:00:00Z,0.0,88.125,116.125,-1.7,0.1
2012-04-01T12:00:00Z,0.0,88.125,120.125,-1.7,0.1
2012-04-01T12:00:00Z,0.0,88.125,124.125,-1.7,0.1
2012-04-01T12:00:00Z,0.0,88.125,128.125,-1.7,0.1
2012-04-01T12:00:00Z,0.0,88.125,132.125,-1.7,0.1
2012-04-01T12:00:00Z,0.0,88.125,136.125,-1.7,0.1
2012-04-01T12:00:00Z,0.0,88.125,140.125,-1.7,0.1
2012-04-01T12:00:00Z,0.0,88.125,144.125,-1.7,0.1
2012-04-01T12:00:00Z,0.0,88.125,148.125,-1.7,0.1
2012-04-01T12:00:00Z,0.0,88.125,152.125,-1.7,0.1
2012-04-01T12:00:00Z,0.0,88.125,156.125,-1.7,0.1
2012-04-01T12:00:00Z,0.0,88.125,160.125,-1.7,0.1
2012-04-01T12:00:00Z,0.0,88.125,164.125,-1.7,0.1
2012-04-01T12:00:00Z,0.0,88.125,168.125,-1.7,0.1
2012-04-01T12:00:00Z,0.0,88.125,172.125,-1.7,0.1
2012-04-01T12:00:00Z,0.0,88.125,176.125,-1.69,0.11
2012-04-01T12:00:00Z,0.0,88.125,180.125,-1.69,0.11
2012-04-01T12:00:00Z,0.0,88.125,184.125,-1.69,0.11
2012-04-01T12:00:00Z,0.0,88.125,188.125,-1.69,0.11
2012-04-01T12:00:00Z,0.0,88.125,192.125,-1.69,0.11
2012-04-01T12:00:00Z,0.0,88.125,196.125,-1.7,0.1
2012-04-01T12:00:00Z,0.0,88.125,200.125,-1.71,0.09
2012-04-01T12:00:00Z,0.0,88.125,204.125,-1.71,0.09
2012-04-01T12:00:00Z,0.0,88.125,208.125,-1.71,0.09
2012-04-01T12:00:00Z,0.0,88.125,212.125,-1.71,0.09
2012-04-01T12:00:00Z,0.0,88.125,216.125,-1.71,0.09
2012-04-01T12:00:00Z,0.0,88.125,220.125,-1.71,0.09
2012-04-01T12:00:00Z,0.0,88.125,224.125,-1.71,0.09
2012-04-01T12:00:00Z,0.0,88.125,228.125,-1.7,0.1
2012-04-01T12:00:00Z,0.0,88.125,232.125,-1.7,0.1
2012-04-01T12:00:00Z,0.0,88.125,236.125,-1.7,0.1
2012-04-01T12:00:00Z,0.0,88.125,240.125,-1.7,0.1
2012-04-01T12:00:00Z,0.0,88.125,244.125,-1.7,0.1
2012-04-01T12:00:00Z,0.0,88.125,248.125,-1.7,0.1
2012-04-01T12:00:00Z,0.0,88.125,252.125,-1.7,0.1
2012-04-01T12:00:00Z,0.0,88.125,256.125,-1.7,0.1
2012-04-01T12:00:00Z,0.0,88.125,260.125,-1.7,0.1
2012-04-01T12:00:00Z,0.0,88.125,264.125,-1.71,0.09
2012-04-01T12:00:00Z,0.0,88.125,268.125,-1.71,0.09
2012-04-01T12:00:00Z,0.0,88.125,272.125,-1.71,0.09
2012-04-01T12:00:00Z,0.0,88.125,276.125,-1.71,0.09
2012-04-01T12:00:00Z,0.0,88.125,280.125,-1.71,0.09
2012-04-01T12:00:00Z,0.0,88.125,284.125,-1.71,0.09
2012-04-01T12:00:00Z,0.0,88.125,288.125,-1.71,0.09
2012-04-01T12:00:00Z,0.0,88.125,292.125,-1.71,0.09
2012-04-01T12:00:00Z,0.0,88.125,296.125,-1.71,0.09
2012-04-01T12:00:00Z,0.0,88.125,300.125,-1.71,0.09
2012-04-01T12:00:00Z,0.0,88.125,304.125,-1.71,0.09
2012-04-01T12:00:00Z,0.0,88.125,308.125,-1.71,0.09
2012-04-01T12:00:00Z,0.0,88.125,312.125,-1.71,0.09
2012-04-01T12:00:00Z,0.0,88.125,316.125,-1.71,0.09
2012-04-01T12:00:00Z,0.0,88.125,320.125,-1.71,0.09
2012-04-01T12:00:00Z,0.0,88.125,324.125,-1.71,0.09
2012-04-01T12:00:00Z,0.0,88.125,328.125,-1.71,0.09
2012-04-01T12:00:00Z,0.0,88.125,332.125,-1.7,0.1
2012-04-01T12:00:00Z,0.0,88.125,336.125,-1.7,0.1
2012-04-01T12:00:00Z,0.0,88.125,340.125,-1.7,0.1
2012-04-01T12:00:00Z,0.0,88.125,344.125,-1.69,0.11
2012-04-01T12:00:00Z,0.0,88.125,348.125,-1.68,0.12
2012-04-01T12:00:00Z,0.0,88.125,352.125,-1.68,0.12
2012-04-01T12:00:00Z,0.0,88.125,356.125,-1.68,0.12
