2021-01-01T12:00:00Z,0.0,-87.875,0.125,NaN,NaN
2021-01-01T12:00:00Z,0.0,-87.875,4.125,NaN,NaN
2021-01-01T12:00:00Z,0.0,-87.875,8.125,NaN,NaN
2021-01-01T12:00:00Z,0.0,-87.875,12.125,NaN,NaN
2021-01-01T12:00:00Z,0.0,-87.875,16.125,NaN,NaN
2021-01-01T12:00:00Z,0.0,-87.875,20.125,NaN,NaN
2021-01-01T12:00:00Z,0.0,-87.875,24.125,NaN,NaN
2021-01-01T12:00:00Z,0.0,-87.875,28.125,NaN,NaN
2021-01-01T12:00:00Z,0.0,-87.875,32.125,NaN,NaN
2021-01-01T12:00:00Z,0.0,-87.875,36.125,NaN,NaN
2021-01-01T12:00:00Z,0.0,-87.875,40.125,NaN,NaN
2021-01-01T12:00:00Z,0.0,-87.875,44.125,NaN,NaN
2021-01-01T12:00:00Z,0.0,-87.875,48.125,NaN,NaN
2021-01-01T12:00:00Z,0.0,-87.875,52.125,NaN,NaN
2021-01-01T12:00:00Z,0.0,-87.875,56.125,NaN,NaN
2021-01-01T12:00:00Z,0.0,-87.875,60.125,NaN,NaN
2021-01-01T12:00:00Z,0.0,-87.875,64.125,NaN,NaN
2021-01-01T12:00:00Z,0.0,-87.875,68.125,NaN,NaN
2021-01-01T12:00:00Z,0.0,-87.875,72.125,NaN,NaN
2021-01-01T12:00:00Z,0.0,-87.875,76.125,NaN,NaN
2021-01-01T12:00:00Z,0.0,-87.875,80.125,NaN,NaN
2021-01-01T12:00:00Z,0.0,-87.875,84.125,NaN,NaN
2021-01-01T12:00:00Z,0.0,-87.875,88.125,NaN,NaN
2021-01-01T12:00:00Z,0.0,-87.875,92.125,NaN,NaN
2021-01-01T12:00:00Z,0.0,-87.875,96.125,NaN,NaN
2021-01-01T12:00:00Z,0.0,-87.875,100.125,NaN,NaN
2021-01-01T12:00:00Z,0.0,-87.875,104.125,NaN,NaN
2021-01-01T12:00:00Z,0.0,-87.875,108.125,NaN,NaN
2021-01-01T12:00:00Z,0.0,-87.875,112.125,NaN,NaN
2021-01-01T12:00:00Z,0.0,-87.875,116.125,NaN,NaN
2021-01-01T12:00:00Z,0.0,-87.875,120.125,NaN,NaN
2021-01-01T12:00:00Z,0.0,-87.875,124.125,NaN,NaN
2021-01-01T12:00:00Z,0.0,-87.875,128.125,NaN,NaN
2021-01-01T12:00:00Z,0.0,-87.875,132.125,NaN,NaN
2021-01-01T12:00:00Z,0.0,-87.875,136.125,NaN,NaN
2021-01-01T12:00:00Z,0.0,-87.875,140.125,NaN,NaN
2021-01-01T12:00:00Z,0.0,-87.875,144.125,NaN,NaN
2021-01-01T12:00:00Z,0.0,-87.875,148.125,NaN,NaN
2021-01-01T12:00:00Z,0.0,-87.875,152.125,NaN,NaN
2021-01-01T12:00:00Z,0.0,-87.875,156.125,NaN,NaN
2021-01-01T12:00:00Z,0.0,-87.875,160.125,NaN,NaN
2021-01-01T12:00:00Z,0.0,-87.875,164.125,NaN,NaN
2021-01-01T12:00:00Z,0.0,-87.875,168.125,NaN,NaN
2021-01-01T12:00:00Z,0.0,-87.875,172.125,NaN,NaN
2021-01-01T12:00:00Z,0.0,-87.875,176.125,NaN,NaN
2021-01-01T12:00:00Z,0.0,-87.875,180.125,NaN,NaN
2021-01-01T12:00:00Z,0.0,-87.875,184.125,NaN,NaN
2021-01-01T12:00:00Z,0.0,-87.875,188.125,NaN,NaN
2021-01-01T12:00:00Z,0.0,-87.875,192.125,NaN,NaN
2021-01-01T12:00:00Z,0.0,-87.875,196.125,NaN,NaN
2021-01-01T12:00:00Z,0.0,-87.875,200.125,NaN,NaN
2021-01-01T12:00:00Z,0.0,-87.875,204.125,NaN,NaN
2021-01-01T12:00:00Z,0.0,-87.875,208.125,NaN,NaN
2021-01-01T12:00:00Z,0.0,-87.875,212.125,NaN,NaN
2021-01-01T12:00:00Z,0.0,-87.875,216.125,NaN,NaN
2021-01-01T12:00:00Z,0.0,-87.875,220.125,NaN,NaN
2021-01-01T12:00:00Z,0.0,-87.875,224.125,NaN,NaN
2021-01-01T12:00:00Z,0.0,-87.875,228.125,NaN,NaN
2021-01-01T12:00:00Z,0.0,-87.875,232.125,NaN,NaN
2021-01-01T12:00:00Z,0.0,-87.875,236.125,NaN,NaN
2021-01-01T12:00:00Z,0.0,-87.875,240.125,NaN,NaN
2021-01-01T12:00:00Z,0.0,-87.875,244.125,NaN,NaN
2021-01-01T12:00:00Z,0.0,-87.875,248.125,NaN,NaN
2021-01-01T12:00:00Z,0.0,-87.875,252.125,NaN,NaN
2021-01-01T12:00:00Z,0.0,-87.875,256.125,NaN,NaN
2021-01-01T12:00:00Z,0.0,-87.875,260.125,NaN,NaN
2021-01-01T12:00:00Z,0.0,-87.875,264.125,NaN,NaN
2021-01-01T12:00:00Z,0.0,-87.875,268.125,NaN,NaN
2021-01-01T12:00:00Z,0.0,-87.875,272.125,NaN,NaN
2021-01-01T12:00:00Z,0.0,-87.875,276.125,NaN,NaN
2021-01-01T12:00:00Z,0.0,-87.875,280.125,NaN,NaN
2021-01-01T12:00:00Z,0.0,-87.875,284.125,NaN,NaN
2021-01-01T12:00:00Z,0.0,-87.875,288.125,NaN,NaN
2021-01-01T12:00:00Z,0.0,-87.875,292.125,NaN,NaN
2021-01-01T12:00:00Z,0.0,-87.875,296.125,NaN,NaN
2021-01-01T12:00:00Z,0.0,-87.875,300.125,NaN,NaN
2021-01-01T12:00:00Z,0.0,-87.875,304.125,NaN,NaN
2021-01-01T12:00:00Z,0.0,-87.875,308.125,NaN,NaN
2021-01-01T12:00:00Z,0.0,-87.875,312.125,NaN,NaN
2021-01-01T12:00:00Z,0.0,-87.875,316.125,NaN,NaN
2021-01-01T12:00:00Z,0.0,-87.875,320.125,NaN,NaN
2021-01-01T12:00:00Z,0.0,-87.875,324.125,NaN,NaN
2021-01-01T12:00:00Z,0.0,-87.875,328.125,NaN,NaN
2021-01-01T12:00:00Z,0.0,-87.875,332.125,NaN,NaN
2021-01-01T12:00:00Z,0.0,-87.875,336.125,NaN,NaN
2021-01-01T12:00:00Z,0.0,-87.875,340.125,NaN,NaN
2021-01-01T12:00:00Z,0.0,-87.875,344.125,NaN,NaN
2021-01-01T12:00:00Z,0.0,-87.875,348.125,NaN,NaN
2021-01-01T12:00:00Z,0.0,-87.875,352.125,NaN,NaN
2021-01-01T12:00:00Z,0.0,-87.875,356.125,NaN,NaN
2021-01-01T12:00:00Z,0.0,-83.875,0.125,NaN,NaN
2021-01-01T12:00:00Z,0.0,-83.875,4.125,NaN,NaN
2021-01-01T12:00:00Z,0.0,-83.875,8.125,NaN,NaN
2021-01-01T12:00:00Z,0.0,-83.875,12.125,NaN,NaN
2021-01-01T12:00:00Z,0.0,-83.875,16.125,NaN,NaN
2021-01-01T12:00:00Z,0.0,-83.875,20.125,NaN,NaN
2021-01-01T12:00:00Z,0.0,-83.875,24.125,NaN,NaN
2021-01-01T12:00:00Z,0.0,-83.875,28.125,NaN,NaN
2021-01-01T12:00:00Z,0.0,-83.875,32.125,NaN,NaN
2021-01-01T12:00:00Z,0.0,-83.875,36.125,NaN,NaN
2021-01-01T12:00:00Z,0.0,-83.875,40.125,NaN,NaN
2021-01-01T12:00:00Z,0.0,-83.875,44.125,NaN,NaN
2021-01-01T12:00:00Z,0.0,-83.875,48.125,NaN,NaN
2021-01-01T12:00:00Z,0.0,-83.875,52.125,NaN,NaN
2021-01-01T12:00:00Z,0.0,-83.875,56.125,NaN,NaN
2021-01-01T12:00:00Z,0.0,-83.875,60.125,NaN,NaN
2021-01-01T12:00:00Z,0.0,-83.875,64.125,NaN,NaN
2021-01-01T12:00:00Z,0.0,-83.875,68.125,NaN,NaN
2021-01-01T12:00:00Z,0.0,-83.875,72.125,NaN,NaN
2021-01-01T12:00:00Z,0.0,-83.875,76.125,NaN,NaN
2021-01-01T12:00:00Z,0.0,-83.875,80.125,NaN,NaN
2021-01-01T12:00:00Z,0.0,-83.875,84.125,NaN,NaN
2021-01-01T12:00:00Z,0.0,-83.875,88.125,NaN,NaN
2021-01-01T12:00:00Z,0.0,-83.875,92.125,NaN,NaN
2021-01-01T12:00:00Z,0.0,-83.875,96.125,NaN,NaN
2021-01-01T12:00:00Z,0.0,-83.875,100.125,NaN,NaN
2021-01-01T12:00:00Z,0.0,-83.875,104.125,NaN,NaN
2021-01-01T12:00:00Z,0.0,-83.875,108.125,NaN,NaN
2021-01-01T12:00:00Z,0.0,-83.875,112.125,NaN,NaN
2021-01-01T12:00:00Z,0.0,-83.875,116.125,NaN,NaN
2021-01-01T12:00:00Z,0.0,-83.875,120.125,NaN,NaN
2021-01-01T12:00:00Z,0.0,-83.875,124.125,NaN,NaN
2021-01-01T12:00:00Z,0.0,-83.875,128.125,NaN,NaN
2021-01-01T12:00:00Z,0.0,-83.875,132.125,NaN,NaN
2021-01-01T12:00:00Z,0.0,-83.875,136.125,NaN,NaN
2021-01-01T12:00:00Z,0.0,-83.875,140.125,NaN,NaN
2021-01-01T12:00:00Z,0.0,-83.875,144.125,NaN,NaN
2021-01-01T12:00:00Z,0.0,-83.875,148.125,NaN,NaN
2021-01-01T12:00:00Z,0.0,-83.875,152.125,NaN,NaN
2021-01-01T12:00:00Z,0.0,-83.875,156.125,NaN,NaN
2021-01-01T12:00:00Z,0.0,-83.875,160.125,NaN,NaN
2021-01-01T12:00:00Z,0.0,-83.875,164.125,NaN,NaN
2021-01-01T12:00:00Z,0.0,-83.875,168.125,NaN,NaN
2021-01-01T12:00:00Z,0.0,-83.875,172.125,NaN,NaN
2021-01-01T12:00:00Z,0.0,-83.875,176.125,NaN,NaN
2021-01-01T12:00:00Z,0.0,-83.875,180.125,NaN,NaN
2021-01-01T12:00:00Z,0.0,-83.875,184.125,NaN,NaN
2021-01-01T12:00:00Z,0.0,-83.875,188.125,NaN,NaN
2021-01-01T12:00:00Z,0.0,-83.875,192.125,NaN,NaN
2021-01-01T12:00:00Z,0.0,-83.875,196.125,NaN,NaN
2021-01-01T12:00:00Z,0.0,-83.875,200.125,NaN,NaN
2021-01-01T12:00:00Z,0.0,-83.875,204.125,NaN,NaN
2021-01-01T12:00:00Z,0.0,-83.875,208.125,NaN,NaN
2021-01-01T12:00:00Z,0.0,-83.875,212.125,NaN,NaN
2021-01-01T12:00:00Z,0.0,-83.875,216.125,NaN,NaN
2021-01-01T12:00:00Z,0.0,-83.875,220.125,NaN,NaN
2021-01-01T12:00:00Z,0.0,-83.875,224.125,NaN,NaN
2021-01-01T12:00:00Z,0.0,-83.875,228.125,NaN,NaN
2021-01-01T12:00:00Z,0.0,-83.875,232.125,NaN,NaN
2021-01-01T12:00:00Z,0.0,-83.875,236.125,NaN,NaN
2021-01-01T12:00:00Z,0.0,-83.875,240.125,NaN,NaN
2021-01-01T12:00:00Z,0.0,-83.875,244.125,NaN,NaN
2021-01-01T12:00:00Z,0.0,-83.875,248.125,NaN,NaN
2021-01-01T12:00:00Z,0.0,-83.875,252.125,NaN,NaN
2021-01-01T12:00:00Z,0.0,-83.875,256.125,NaN,NaN
2021-01-01T12:00:00Z,0.0,-83.875,260.125,NaN,NaN
2021-01-01T12:00:00Z,0.0,-83.875,264.125,NaN,NaN
2021-01-01T12:00:00Z,0.0,-83.875,268.125,NaN,NaN
2021-01-01T12:00:00Z,0.0,-83.875,272.125,NaN,NaN
2021-01-01T12:00:00Z,0.0,-83.875,276.125,NaN,NaN
2021-01-01T12:00:00Z,0.0,-83.875,280.125,NaN,NaN
2021-01-01T12:00:00Z,0.0,-83.875,284.125,NaN,NaN
2021-01-01T12:00:00Z,0.0,-83.875,288.125,NaN,NaN
2021-01-01T12:00:00Z,0.0,-83.875,292.125,NaN,NaN
2021-01-01T12:00:00Z,0.0,-83.875,296.125,NaN,NaN
2021-01-01T12:00:00Z,0.0,-83.875,300.125,NaN,NaN
2021-01-01T12:00:00Z,0.0,-83.875,304.125,NaN,NaN
2021-01-01T12:00:00Z,0.0,-83.875,308.125,NaN,NaN
2021-01-01T12:00:00Z,0.0,-83.875,312.125,NaN,NaN
2021-01-01T12:00:00Z,0.0,-83.875,316.125,NaN,NaN
2021-01-01T12:00:00Z,0.0,-83.875,320.125,NaN,NaN
2021-01-01T12:00:00Z,0.0,-83.875,324.125,NaN,NaN
2021-01-01T12:00:00Z,0.0,-83.875,328.125,NaN,NaN
2021-01-01T12:00:00Z,0.0,-83.875,332.125,NaN,NaN
2021-01-01T12:00:00Z,0.0,-83.875,336.125,NaN,NaN
2021-01-01T12:00:00Z,0.0,-83.875,340.125,NaN,NaN
2021-01-01T12:00:00Z,0.0,-83.875,344.125,NaN,NaN
2021-01-01T12:00:00Z,0.0,-83.875,348.125,NaN,NaN
2021-01-01T12:00:00Z,0.0,-83.875,352.125,NaN,NaN
2021-01-01T12:00:00Z,0.0,-83.875,356.125,NaN,NaN
2021-01-01T12:00:00Z,0.0,-79.875,0.125,NaN,NaN
2021-01-01T12:00:00Z,0.0,-79.875,4.125,NaN,NaN
2021-01-01T12:00:00Z,0.0,-79.875,8.125,NaN,NaN
2021-01-01T12:00:00Z,0.0,-79.875,12.125,NaN,NaN
2021-01-01T12:00:00Z,0.0,-79.875,16.125,NaN,NaN
2021-01-01T12:00:00Z,0.0,-79.875,20.125,NaN,NaN
2021-01-01T12:00:00Z,0.0,-79.875,24.125,NaN,NaN
2021-01-01T12:00:00Z,0.0,-79.875,28.125,NaN,NaN
2021-01-01T12:00:00Z,0.0,-79.875,32.125,NaN,NaN
2021-01-01T12:00:00Z,0.0,-79.875,36.125,NaN,NaN
2021-01-01T12:00:00Z,0.0,-79.875,40.125,NaN,NaN
2021-01-01T12:00:00Z,0.0,-79.875,44.125,NaN,NaN
2021-01-01T12:00:00Z,0.0,-79.875,48.125,NaN,NaN
2021-01-01T12:00:00Z,0.0,-79.875,52.125,NaN,NaN
2021-01-01T12:00:00Z,0.0,-79.875,56.125,NaN,NaN
2021-01-01T12:00:00Z,0.0,-79.875,60.125,NaN,NaN
2021-01-01T12:00:00Z,0.0,-79.875,64.125,NaN,NaN
2021-01-01T12:00:00Z,0.0,-79.875,68.125,NaN,NaN
2021-01-01T12:00:00Z,0.0,-79.875,72.125,NaN,NaN
2021-01-01T12:00:00Z,0.0,-79.875,76.125,NaN,NaN
2021-01-01T12:00:00Z,0.0,-79.875,80.125,NaN,NaN
2021-01-01T12:00:00Z,0.0,-79.875,84.125,NaN,NaN
2021-01-01T12:00:00Z,0.0,-79.875,88.125,NaN,NaN
2021-01-01T12:00:00Z,0.0,-79.875,92.125,NaN,NaN
2021-01-01T12:00:00Z,0.0,-79.875,96.125,NaN,NaN
2021-01-01T12:00:00Z,0.0,-79.875,100.125,NaN,NaN
2021-01-01T12:00:00Z,0.0,-79.875,104.125,NaN,NaN
2021-01-01T12:00:00Z,0.0,-79.875,108.125,NaN,NaN
2021-01-01T12:00:00Z,0.0,-79.875,112.125,NaN,NaN
2021-01-01T12:00:00Z,0.0,-79.875,116.125,NaN,NaN
2021-01-01T12:00:00Z,0.0,-79.875,120.125,NaN,NaN
2021-01-01T12:00:00Z,0.0,-79.875,124.125,NaN,NaN
2021-01-01T12:00:00Z,0.0,-79.875,128.125,NaN,NaN
2021-01-01T12:00:00Z,0.0,-79.875,132.125,NaN,NaN
2021-01-01T12:00:00Z,0.0,-79.875,136.125,NaN,NaN
2021-01-01T12:00:00Z,0.0,-79.875,140.125,NaN,NaN
2021-01-01T12:00:00Z,0.0,-79.875,144.125,NaN,NaN
2021-01-01T12:00:00Z,0.0,-79.875,148.125,NaN,NaN
2021-01-01T12:00:00Z,0.0,-79.875,152.125,NaN,NaN
2021-01-01T12:00:00Z,0.0,-79.875,156.125,NaN,NaN
2021-01-01T12:00:00Z,0.0,-79.875,160.125,NaN,NaN
2021-01-01T12:00:00Z,0.0,-79.875,164.125,NaN,NaN
2021-01-01T12:00:00Z,0.0,-79.875,168.125,NaN,NaN
2021-01-01T12:00:00Z,0.0,-79.875,172.125,NaN,NaN
2021-01-01T12:00:00Z,0.0,-79.875,176.125,NaN,NaN
2021-01-01T12:00:00Z,0.0,-79.875,180.125,NaN,NaN
2021-01-01T12:00:00Z,0.0,-79.875,184.125,NaN,NaN
2021-01-01T12:00:00Z,0.0,-79.875,188.125,NaN,NaN
2021-01-01T12:00:00Z,0.0,-79.875,192.125,NaN,NaN
2021-01-01T12:00:00Z,0.0,-79.875,196.125,NaN,NaN
2021-01-01T12:00:00Z,0.0,-79.875,200.125,NaN,NaN
2021-01-01T12:00:00Z,0.0,-79.875,204.125,NaN,NaN
2021-01-01T12:00:00Z,0.0,-79.875,208.125,NaN,NaN
2021-01-01T12:00:00Z,0.0,-79.875,212.125,NaN,NaN
2021-01-01T12:00:00Z,0.0,-79.875,216.125,NaN,NaN
2021-01-01T12:00:00Z,0.0,-79.875,220.125,NaN,NaN
2021-01-01T12:00:00Z,0.0,-79.875,224.125,NaN,NaN
2021-01-01T12:00:00Z,0.0,-79.875,228.125,NaN,NaN
2021-01-01T12:00:00Z,0.0,-79.875,232.125,NaN,NaN
2021-01-01T12:00:00Z,0.0,-79.875,236.125,NaN,NaN
2021-01-01T12:00:00Z,0.0,-79.875,240.125,NaN,NaN
2021-01-01T12:00:00Z,0.0,-79.875,244.125,NaN,NaN
2021-01-01T12:00:00Z,0.0,-79.875,248.125,NaN,NaN
2021-01-01T12:00:00Z,0.0,-79.875,252.125,NaN,NaN
2021-01-01T12:00:00Z,0.0,-79.875,256.125,NaN,NaN
2021-01-01T12:00:00Z,0.0,-79.875,260.125,NaN,NaN
2021-01-01T12:00:00Z,0.0,-79.875,264.125,NaN,NaN
2021-01-01T12:00:00Z,0.0,-79.875,268.125,NaN,NaN
2021-01-01T12:00:00Z,0.0,-79.875,272.125,NaN,NaN
2021-01-01T12:00:00Z,0.0,-79.875,276.125,NaN,NaN
2021-01-01T12:00:00Z,0.0,-79.875,280.125,NaN,NaN
2021-01-01T12:00:00Z,0.0,-79.875,284.125,NaN,NaN
2021-01-01T12:00:00Z,0.0,-79.875,288.125,NaN,NaN
2021-01-01T12:00:00Z,0.0,-79.875,292.125,NaN,NaN
2021-01-01T12:00:00Z,0.0,-79.875,296.125,NaN,NaN
2021-01-01T12:00:00Z,0.0,-79.875,300.125,NaN,NaN
2021-01-01T12:00:00Z,0.0,-79.875,304.125,NaN,NaN
2021-01-01T12:00:00Z,0.0,-79.875,308.125,NaN,NaN
2021-01-01T12:00:00Z,0.0,-79.875,312.125,NaN,NaN
2021-01-01T12:00:00Z,0.0,-79.875,316.125,NaN,NaN
2021-01-01T12:00:00Z,0.0,-79.875,320.125,NaN,NaN
2021-01-01T12:00:00Z,0.0,-79.875,324.125,NaN,NaN
2021-01-01T12:00:00Z,0.0,-79.875,328.125,NaN,NaN
2021-01-01T12:00:00Z,0.0,-79.875,332.125,NaN,NaN
2021-01-01T12:00:00Z,0.0,-79.875,336.125,NaN,NaN
2021-01-01T12:00:00Z,0.0,-79.875,340.125,NaN,NaN
2021-01-01T12:00:00Z,0.0,-79.875,344.125,NaN,NaN
2021-01-01T12:00:00Z,0.0,-79.875,348.125,NaN,NaN
2021-01-01T12:00:00Z,0.0,-79.875,352.125,NaN,NaN
2021-01-01T12:00:00Z,0.0,-79.875,356.125,NaN,NaN
2021-01-01T12:00:00Z,0.0,-75.875,0.125,NaN,NaN
2021-01-01T12:00:00Z,0.0,-75.875,4.125,NaN,NaN
2021-01-01T12:00:00Z,0.0,-75.875,8.125,NaN,NaN
2021-01-01T12:00:00Z,0.0,-75.875,12.125,NaN,NaN
2021-01-01T12:00:00Z,0.0,-75.875,16.125,NaN,NaN
2021-01-01T12:00:00Z,0.0,-75.875,20.125,NaN,NaN
2021-01-01T12:00:00Z,0.0,-75.875,24.125,NaN,NaN
2021-01-01T12:00:00Z,0.0,-75.875,28.125,NaN,NaN
2021-01-01T12:00:00Z,0.0,-75.875,32.125,NaN,NaN
2021-01-01T12:00:00Z,0.0,-75.875,36.125,NaN,NaN
2021-01-01T12:00:00Z,0.0,-75.875,40.125,NaN,NaN
2021-01-01T12:00:00Z,0.0,-75.875,44.125,NaN,NaN
2021-01-01T12:00:00Z,0.0,-75.875,48.125,NaN,NaN
2021-01-01T12:00:00Z,0.0,-75.875,52.125,NaN,NaN
2021-01-01T12:00:00Z,0.0,-75.875,56.125,NaN,NaN
2021-01-01T12:00:00Z,0.0,-75.875,60.125,NaN,NaN
2021-01-01T12:00:00Z,0.0,-75.875,64.125,NaN,NaN
2021-01-01T12:00:00Z,0.0,-75.875,68.125,NaN,NaN
2021-01-01T12:00:00Z,0.0,-75.875,72.125,NaN,NaN
2021-01-01T12:00:00Z,0.0,-75.875,76.125,NaN,NaN
2021-01-01T12:00:00Z,0.0,-75.875,80.125,NaN,NaN
2021-01-01T12:00:00Z,0.0,-75.875,84.125,NaN,NaN
2021-01-01T12:00:00Z,0.0,-75.875,88.125,NaN,NaN
2021-01-01T12:00:00Z,0.0,-75.875,92.125,NaN,NaN
2021-01-01T12:00:00Z,0.0,-75.875,96.125,NaN,NaN
2021-01-01T12:00:00Z,0.0,-75.875,100.125,NaN,NaN
2021-01-01T12:00:00Z,0.0,-75.875,104.125,NaN,NaN
2021-01-01T12:00:00Z,0.0,-75.875,108.125,NaN,NaN
2021-01-01T12:00:00Z,0.0,-75.875,112.125,NaN,NaN
2021-01-01T12:00:00Z,0.0,-75.875,116.125,NaN,NaN
2021-01-01T12:00:00Z,0.0,-75.875,120.125,NaN,NaN
2021-01-01T12:00:00Z,0.0,-75.875,124.125,NaN,NaN
2021-01-01T12:00:00Z,0.0,-75.875,128.125,NaN,NaN
2021-01-01T12:00:00Z,0.0,-75.875,132.125,NaN,NaN
2021-01-01T12:00:00Z,0.0,-75.875,136.125,NaN,NaN
2021-01-01T12:00:00Z,0.0,-75.875,140.125,NaN,NaN
2021-01-01T12:00:00Z,0.0,-75.875,144.125,NaN,NaN
2021-01-01T12:00:00Z,0.0,-75.875,148.125,NaN,NaN
2021-01-01T12:00:00Z,0.0,-75.875,152.125,NaN,NaN
2021-01-01T12:00:00Z,0.0,-75.875,156.125,NaN,NaN
2021-01-01T12:00:00Z,0.0,-75.875,160.125,NaN,NaN
2021-01-01T12:00:00Z,0.0,-75.875,164.125,-1.29,-0.65
2021-01-01T12:00:00Z,0.0,-75.875,168.125,-1.7,-1.01
2021-01-01T12:00:00Z,0.0,-75.875,172.125,0.48,0.62
2021-01-01T12:00:00Z,0.0,-75.875,176.125,0.02,-0.03
2021-01-01T12:00:00Z,0.0,-75.875,180.125,-0.51,-0.53
2021-01-01T12:00:00Z,0.0,-75.875,184.125,-1.61,-1.5
2021-01-01T12:00:00Z,0.0,-75.875,188.125,-1.78,-1.23
2021-01-01T12:00:00Z,0.0,-75.875,192.125,-1.65,-0.83
2021-01-01T12:00:00Z,0.0,-75.875,196.125,-1.17,-0.22
2021-01-01T12:00:00Z,0.0,-75.875,200.125,-1.39,-0.36
2021-01-01T12:00:00Z,0.0,-75.875,204.125,-1.33,-0.14
2021-01-01T12:00:00Z,0.0,-75.875,208.125,-1.47,-0.28
2021-01-01T12:00:00Z,0.0,-75.875,212.125,-1.75,-0.44
2021-01-01T12:00:00Z,0.0,-75.875,216.125,NaN,NaN
2021-01-01T12:00:00Z,0.0,-75.875,220.125,NaN,NaN
2021-01-01T12:00:00Z,0.0,-75.875,224.125,NaN,NaN
2021-01-01T12:00:00Z,0.0,-75.875,228.125,NaN,NaN
2021-01-01T12:00:00Z,0.0,-75.875,232.125,NaN,NaN
2021-01-01T12:00:00Z,0.0,-75.875,236.125,NaN,NaN
2021-01-01T12:00:00Z,0.0,-75.875,240.125,NaN,NaN
2021-01-01T12:00:00Z,0.0,-75.875,244.125,NaN,NaN
2021-01-01T12:00:00Z,0.0,-75.875,248.125,NaN,NaN
2021-01-01T12:00:00Z,0.0,-75.875,252.125,NaN,NaN
2021-01-01T12:00:00Z,0.0,-75.875,256.125,NaN,NaN
2021-01-01T12:00:00Z,0.0,-75.875,260.125,NaN,NaN
2021-01-01T12:00:00Z,0.0,-75.875,264.125,NaN,NaN
2021-01-01T12:00:00Z,0.0,-75.875,268.125,NaN,NaN
2021-01-01T12:00:00Z,0.0,-75.875,272.125,NaN,NaN
2021-01-01T12:00:00Z,0.0,-75.875,276.125,NaN,NaN
2021-01-01T12:00:00Z,0.0,-75.875,280.125,NaN,NaN
2021-01-01T12:00:00Z,0.0,-75.875,284.125,NaN,NaN
2021-01-01T12:00:00Z,0.0,-75.875,288.125,NaN,NaN
2021-01-01T12:00:00Z,0.0,-75.875,292.125,NaN,NaN
2021-01-01T12:00:00Z,0.0,-75.875,296.125,-1.41,-0.4
2021-01-01T12:00:00Z,0.0,-75.875,300.125,-1.79,-0.91
2021-01-01T12:00:00Z,0.0,-75.875,304.125,-1.8,-0.61
2021-01-01T12:00:00Z,0.0,-75.875,308.125,-1.8,-0.56
2021-01-01T12:00:00Z,0.0,-75.875,312.125,-1.8,-0.56
2021-01-01T12:00:00Z,0.0,-75.875,316.125,-1.8,-0.49
2021-01-01T12:00:00Z,0.0,-75.875,320.125,-1.8,-0.32
2021-01-01T12:00:00Z,0.0,-75.875,324.125,-1.8,-0.39
2021-01-01T12:00:00Z,0.0,-75.875,328.125,-1.57,-0.45
2021-01-01T12:00:00Z,0.0,-75.875,332.125,-1.44,-0.76
2021-01-01T12:00:00Z,0.0,-75.875,336.125,-1.7,-0.92
2021-01-01T12:00:00Z,0.0,-75.875,340.125,NaN,NaN
2021-01-01T12:00:00Z,0.0,-75.875,344.125,NaN,NaN
2021-01-01T12:00:00Z,0.0,-75.875,348.125,NaN,NaN
2021-01-01T12:00:00Z,0.0,-75.875,352.125,NaN,NaN
2021-01-01T12:00:00Z,0.0,-75.875,356.125,NaN,NaN
2021-01-01T12:00:00Z,0.0,-71.875,0.125,NaN,NaN
2021-01-01T12:00:00Z,0.0,-71.875,4.125,NaN,NaN
2021-01-01T12:00:00Z,0.0,-71.875,8.125,NaN,NaN
2021-01-01T12:00:00Z,0.0,-71.875,12.125,NaN,NaN
2021-01-01T12:00:00Z,0.0,-71.875,16.125,NaN,NaN
2021-01-01T12:00:00Z,0.0,-71.875,20.125,NaN,NaN
2021-01-01T12:00:00Z,0.0,-71.875,24.125,NaN,NaN
2021-01-01T12:00:00Z,0.0,-71.875,28.125,NaN,NaN
2021-01-01T12:00:00Z,0.0,-71.875,32.125,NaN,NaN
2021-01-01T12:00:00Z,0.0,-71.875,36.125,NaN,NaN
2021-01-01T12:00:00Z,0.0,-71.875,40.125,NaN,NaN
2021-01-01T12:00:00Z,0.0,-71.875,44.125,NaN,NaN
2021-01-01T12:00:00Z,0.0,-71.875,48.125,NaN,NaN
2021-01-01T12:00:00Z,0.0,-71.875,52.125,NaN,NaN
2021-01-01T12:00:00Z,0.0,-71.875,56.125,NaN,NaN
2021-01-01T12:00:00Z,0.0,-71.875,60.125,NaN,NaN
2021-01-01T12:00:00Z,0.0,-71.875,64.125,NaN,NaN
2021-01-01T12:00:00Z,0.0,-71.875,68.125,-0.97,0.0
2021-01-01T12:00:00Z,0.0,-71.875,72.125,NaN,NaN
2021-01-01T12:00:00Z,0.0,-71.875,76.125,NaN,NaN
2021-01-01T12:00:00Z,0.0,-71.875,80.125,NaN,NaN
2021-01-01T12:00:00Z,0.0,-71.875,84.125,NaN,NaN
2021-01-01T12:00:00Z,0.0,-71.875,88.125,NaN,NaN
2021-01-01T12:00:00Z,0.0,-71.875,92.125,NaN,NaN
2021-01-01T12:00:00Z,0.0,-71.875,96.125,NaN,NaN
2021-01-01T12:00:00Z,0.0,-71.875,100.125,NaN,NaN
2021-01-01T12:00:00Z,0.0,-71.875,104.125,NaN,NaN
2021-01-01T12:00:00Z,0.0,-71.875,108.125,NaN,NaN
2021-01-01T12:00:00Z,0.0,-71.875,112.125,NaN,NaN
2021-01-01T12:00:00Z,0.0,-71.875,116.125,NaN,NaN
2021-01-01T12:00:00Z,0.0,-71.875,120.125,NaN,NaN
2021-01-01T12:00:00Z,0.0,-71.875,124.125,NaN,NaN
2021-01-01T12:00:00Z,0.0,-71.875,128.125,NaN,NaN
2021-01-01T12:00:00Z,0.0,-71.875,132.125,NaN,NaN
2021-01-01T12:00:00Z,0.0,-71.875,136.125,NaN,NaN
2021-01-01T12:00:00Z,0.0,-71.875,140.125,NaN,NaN
2021-01-01T12:00:00Z,0.0,-71.875,144.125,NaN,NaN
2021-01-01T12:00:00Z,0.0,-71.875,148.125,NaN,NaN
2021-01-01T12:00:00Z,0.0,-71.875,152.125,NaN,NaN
2021-01-01T12:00:00Z,0.0,-71.875,156.125,NaN,NaN
2021-01-01T12:00:00Z,0.0,-71.875,160.125,NaN,NaN
2021-01-01T12:00:00Z,0.0,-71.875,164.125,NaN,NaN
2021-01-01T12:00:00Z,0.0,-71.875,168.125,NaN,NaN
2021-01-01T12:00:00Z,0.0,-71.875,172.125,-1.56,-0.96
2021-01-01T12:00:00Z,0.0,-71.875,176.125,-1.15,-0.71
2021-01-01T12:00:00Z,0.0,-71.875,180.125,-1.71,-1.16
2021-01-01T12:00:00Z,0.0,-71.875,184.125,-1.77,-1.05
2021-01-01T12:00:00Z,0.0,-71.875,188.125,-1.71,-0.7
2021-01-01T12:00:00Z,0.0,-71.875,192.125,-1.59,-0.42
2021-01-01T12:00:00Z,0.0,-71.875,196.125,-1.44,-0.25
2021-01-01T12:00:00Z,0.0,-71.875,200.125,-1.64,-0.44
2021-01-01T12:00:00Z,0.0,-71.875,204.125,-1.58,-0.37
2021-01-01T12:00:00Z,0.0,-71.875,208.125,-1.69,-0.49
2021-01-01T12:00:00Z,0.0,-71.875,212.125,-1.7,-0.44
2021-01-01T12:00:00Z,0.0,-71.875,216.125,-1.71,-0.4
2021-01-01T12:00:00Z,0.0,-71.875,220.125,-1.73,-0.38
2021-01-01T12:00:00Z,0.0,-71.875,224.125,-1.65,-0.3
2021-01-01T12:00:00Z,0.0,-71.875,228.125,-1.73,-0.32
2021-01-01T12:00:00Z,0.0,-71.875,232.125,-1.74,-0.34
2021-01-01T12:00:00Z,0.0,-71.875,236.125,-1.75,-0.25
2021-01-01T12:00:00Z,0.0,-71.875,240.125,-1.77,-0.48
2021-01-01T12:00:00Z,0.0,-71.875,244.125,-1.72,-0.73
2021-01-01T12:00:00Z,0.0,-71.875,248.125,-1.78,-0.85
2021-01-01T12:00:00Z,0.0,-71.875,252.125,-1.78,-0.49
2021-01-01T12:00:00Z,0.0,-71.875,256.125,-1.78,-0.7
2021-01-01T12:00:00Z,0.0,-71.875,260.125,-1.76,-0.55
2021-01-01T12:00:00Z,0.0,-71.875,264.125,-1.8,-0.39
2021-01-01T12:00:00Z,0.0,-71.875,268.125,-1.8,-0.28
2021-01-01T12:00:00Z,0.0,-71.875,272.125,-1.8,-0.29
2021-01-01T12:00:00Z,0.0,-71.875,276.125,-1.8,-0.55
2021-01-01T12:00:00Z,0.0,-71.875,280.125,-1.8,-0.96
2021-01-01T12:00:00Z,0.0,-71.875,284.125,-1.72,-0.98
2021-01-01T12:00:00Z,0.0,-71.875,288.125,-1.8,-0.75
2021-01-01T12:00:00Z,0.0,-71.875,292.125,-1.4,-0.06
2021-01-01T12:00:00Z,0.0,-71.875,296.125,NaN,NaN
2021-01-01T12:00:00Z,0.0,-71.875,300.125,-1.8,-0.34
2021-01-01T12:00:00Z,0.0,-71.875,304.125,-1.8,-0.14
2021-01-01T12:00:00Z,0.0,-71.875,308.125,-1.8,-0.07
2021-01-01T12:00:00Z,0.0,-71.875,312.125,-1.8,-0.07
2021-01-01T12:00:00Z,0.0,-71.875,316.125,-1.8,-0.12
2021-01-01T12:00:00Z,0.0,-71.875,320.125,-1.8,-0.21
2021-01-01T12:00:00Z,0.0,-71.875,324.125,-1.8,-0.37
2021-01-01T12:00:00Z,0.0,-71.875,328.125,-1.79,-0.58
2021-01-01T12:00:00Z,0.0,-71.875,332.125,-1.78,-0.75
2021-01-01T12:00:00Z,0.0,-71.875,336.125,-1.64,-0.72
2021-01-01T12:00:00Z,0.0,-71.875,340.125,-1.8,-1.05
2021-01-01T12:00:00Z,0.0,-71.875,344.125,-1.8,-0.97
2021-01-01T12:00:00Z,0.0,-71.875,348.125,-1.57,-0.72
2021-01-01T12:00:00Z,0.0,-71.875,352.125,NaN,NaN
2021-01-01T12:00:00Z,0.0,-71.875,356.125,NaN,NaN
2021-01-01T12:00:00Z,0.0,-67.875,0.125,-1.65,-1.38
2021-01-01T12:00:00Z,0.0,-67.875,4.125,-1.35,-1.13
2021-01-01T12:00:00Z,0.0,-67.875,8.125,-1.72,-1.34
2021-01-01T12:00:00Z,0.0,-67.875,12.125,-1.8,-1.26
2021-01-01T12:00:00Z,0.0,-67.875,16.125,-1.8,-1.26
2021-01-01T12:00:00Z,0.0,-67.875,20.125,-1.8,-1.39
2021-01-01T12:00:00Z,0.0,-67.875,24.125,-1.8,-1.2
2021-01-01T12:00:00Z,0.0,-67.875,28.125,-1.8,-0.92
2021-01-01T12:00:00Z,0.0,-67.875,32.125,-1.8,-0.82
2021-01-01T12:00:00Z,0.0,-67.875,36.125,-1.8,-0.7
2021-01-01T12:00:00Z,0.0,-67.875,40.125,-1.79,-0.61
2021-01-01T12:00:00Z,0.0,-67.875,44.125,-1.79,-0.52
2021-01-01T12:00:00Z,0.0,-67.875,48.125,NaN,NaN
2021-01-01T12:00:00Z,0.0,-67.875,52.125,NaN,NaN
2021-01-01T12:00:00Z,0.0,-67.875,56.125,NaN,NaN
2021-01-01T12:00:00Z,0.0,-67.875,60.125,NaN,NaN
2021-01-01T12:00:00Z,0.0,-67.875,64.125,NaN,NaN
2021-01-01T12:00:00Z,0.0,-67.875,68.125,NaN,NaN
2021-01-01T12:00:00Z,0.0,-67.875,72.125,-1.8,-1.48
2021-01-01T12:00:00Z,0.0,-67.875,76.125,-1.43,-1.46
2021-01-01T12:00:00Z,0.0,-67.875,80.125,-0.66,0.06
2021-01-01T12:00:00Z,0.0,-67.875,84.125,NaN,NaN
2021-01-01T12:00:00Z,0.0,-67.875,88.125,NaN,NaN
2021-01-01T12:00:00Z,0.0,-67.875,92.125,NaN,NaN
2021-01-01T12:00:00Z,0.0,-67.875,96.125,NaN,NaN
2021-01-01T12:00:00Z,0.0,-67.875,100.125,NaN,NaN
2021-01-01T12:00:00Z,0.0,-67.875,104.125,NaN,NaN
2021-01-01T12:00:00Z,0.0,-67.875,108.125,NaN,NaN
2021-01-01T12:00:00Z,0.0,-67.875,112.125,NaN,NaN
2021-01-01T12:00:00Z,0.0,-67.875,116.125,NaN,NaN
2021-01-01T12:00:00Z,0.0,-67.875,120.125,NaN,NaN
2021-01-01T12:00:00Z,0.0,-67.875,124.125,NaN,NaN
2021-01-01T12:00:00Z,0.0,-67.875,128.125,NaN,NaN
2021-01-01T12:00:00Z,0.0,-67.875,132.125,NaN,NaN
2021-01-01T12:00:00Z,0.0,-67.875,136.125,NaN,NaN
2021-01-01T12:00:00Z,0.0,-67.875,140.125,NaN,NaN
2021-01-01T12:00:00Z,0.0,-67.875,144.125,NaN,NaN
2021-01-01T12:00:00Z,0.0,-67.875,148.125,-1.8,-0.88
2021-01-01T12:00:00Z,0.0,-67.875,152.125,-1.78,-0.39
2021-01-01T12:00:00Z,0.0,-67.875,156.125,-1.8,-0.52
2021-01-01T12:00:00Z,0.0,-67.875,160.125,-1.8,-0.59
2021-01-01T12:00:00Z,0.0,-67.875,164.125,-1.8,-0.75
2021-01-01T12:00:00Z,0.0,-67.875,168.125,-1.8,-0.86
2021-01-01T12:00:00Z,0.0,-67.875,172.125,-1.79,-1.01
2021-01-01T12:00:00Z,0.0,-67.875,176.125,-1.59,-0.96
2021-01-01T12:00:00Z,0.0,-67.875,180.125,-1.37,-0.93
2021-01-01T12:00:00Z,0.0,-67.875,184.125,-1.25,-0.81
2021-01-01T12:00:00Z,0.0,-67.875,188.125,-1.38,-0.85
2021-01-01T12:00:00Z,0.0,-67.875,192.125,-0.93,-0.33
2021-01-01T12:00:00Z,0.0,-67.875,196.125,-1.16,-0.52
2021-01-01T12:00:00Z,0.0,-67.875,200.125,-1.45,-0.76
2021-01-01T12:00:00Z,0.0,-67.875,204.125,-1.38,-0.62
2021-01-01T12:00:00Z,0.0,-67.875,208.125,-1.39,-0.59
2021-01-01T12:00:00Z,0.0,-67.875,212.125,-1.28,-0.47
2021-01-01T12:00:00Z,0.0,-67.875,216.125,-1.36,-0.61
2021-01-01T12:00:00Z,0.0,-67.875,220.125,-1.41,-0.72
2021-01-01T12:00:00Z,0.0,-67.875,224.125,-1.58,-0.97
2021-01-01T12:00:00Z,0.0,-67.875,228.125,-1.69,-1.11
2021-01-01T12:00:00Z,0.0,-67.875,232.125,-1.8,-1.27
2021-01-01T12:00:00Z,0.0,-67.875,236.125,-1.8,-1.45
2021-01-01T12:00:00Z,0.0,-67.875,240.125,-1.8,-1.69
2021-01-01T12:00:00Z,0.0,-67.875,244.125,-1.8,-1.85
2021-01-01T12:00:00Z,0.0,-67.875,248.125,-1.8,-1.96
2021-01-01T12:00:00Z,0.0,-67.875,252.125,-1.53,-1.84
2021-01-01T12:00:00Z,0.0,-67.875,256.125,-0.95,-1.39
2021-01-01T12:00:00Z,0.0,-67.875,260.125,-1.26,-1.83
2021-01-01T12:00:00Z,0.0,-67.875,264.125,-1.39,-2.01
2021-01-01T12:00:00Z,0.0,-67.875,268.125,-0.86,-1.34
2021-01-01T12:00:00Z,0.0,-67.875,272.125,-1.2,-1.58
2021-01-01T12:00:00Z,0.0,-67.875,276.125,0.08,-0.41
2021-01-01T12:00:00Z,0.0,-67.875,280.125,0.19,-0.12
2021-01-01T12:00:00Z,0.0,-67.875,284.125,-0.69,-0.71
2021-01-01T12:00:00Z,0.0,-67.875,288.125,-1.49,-1.26
2021-01-01T12:00:00Z,0.0,-67.875,292.125,-1.33,-0.67
2021-01-01T12:00:00Z,0.0,-67.875,296.125,-0.79,0.23
2021-01-01T12:00:00Z,0.0,-67.875,300.125,-1.8,-0.23
2021-01-01T12:00:00Z,0.0,-67.875,304.125,-1.8,-0.12
2021-01-01T12:00:00Z,0.0,-67.875,308.125,-1.8,-0.18
2021-01-01T12:00:00Z,0.0,-67.875,312.125,-1.74,-0.3
2021-01-01T12:00:00Z,0.0,-67.875,316.125,-1.77,-0.5
2021-01-01T12:00:00Z,0.0,-67.875,320.125,-1.8,-0.71
2021-01-01T12:00:00Z,0.0,-67.875,324.125,-1.8,-0.92
2021-01-01T12:00:00Z,0.0,-67.875,328.125,-1.69,-0.89
2021-01-01T12:00:00Z,0.0,-67.875,332.125,-1.6,-0.82
2021-01-01T12:00:00Z,0.0,-67.875,336.125,-1.58,-0.84
2021-01-01T12:00:00Z,0.0,-67.875,340.125,-1.44,-0.79
2021-01-01T12:00:00Z,0.0,-67.875,344.125,-1.48,-0.92
2021-01-01T12:00:00Z,0.0,-67.875,348.125,-0.8,-0.26
2021-01-01T12:00:00Z,0.0,-67.875,352.125,-0.26,0.25
2021-01-01T12:00:00Z,0.0,-67.875,356.125,-1.36,-0.95
2021-01-01T12:00:00Z,0.0,-63.875,0.125,-0.03,-0.15
2021-01-01T12:00:00Z,0.0,-63.875,4.125,0.01,-0.17
2021-01-01T12:00:00Z,0.0,-63.875,8.125,-0.29,-0.53
2021-01-01T12:00:00Z,0.0,-63.875,12.125,-0.31,-0.58
2021-01-01T12:00:00Z,0.0,-63.875,16.125,-0.35,-0.56
2021-01-01T12:00:00Z,0.0,-63.875,20.125,0.05,-0.07
2021-01-01T12:00:00Z,0.0,-63.875,24.125,-0.55,-0.66
2021-01-01T12:00:00Z,0.0,-63.875,28.125,-0.37,-0.55
2021-01-01T12:00:00Z,0.0,-63.875,32.125,0.22,0.01
2021-01-01T12:00:00Z,0.0,-63.875,36.125,0.27,-0.09
2021-01-01T12:00:00Z,0.0,-63.875,40.125,0.25,-0.19
2021-01-01T12:00:00Z,0.0,-63.875,44.125,-0.13,-0.53
2021-01-01T12:00:00Z,0.0,-63.875,48.125,-0.18,-0.47
2021-01-01T12:00:00Z,0.0,-63.875,52.125,-0.33,-0.52
2021-01-01T12:00:00Z,0.0,-63.875,56.125,-1.43,-1.57
2021-01-01T12:00:00Z,0.0,-63.875,60.125,-1.21,-1.56
2021-01-01T12:00:00Z,0.0,-63.875,64.125,-1.39,-1.7
2021-01-01T12:00:00Z,0.0,-63.875,68.125,-1.47,-1.67
2021-01-01T12:00:00Z,0.0,-63.875,72.125,0.01,-0.34
2021-01-01T12:00:00Z,0.0,-63.875,76.125,0.37,-0.05
2021-01-01T12:00:00Z,0.0,-63.875,80.125,0.65,0.43
2021-01-01T12:00:00Z,0.0,-63.875,84.125,-1.56,-1.52
2021-01-01T12:00:00Z,0.0,-63.875,88.125,-1.34,-1.4
2021-01-01T12:00:00Z,0.0,-63.875,92.125,-1.39,-1.44
2021-01-01T12:00:00Z,0.0,-63.875,96.125,-1.76,-1.27
2021-01-01T12:00:00Z,0.0,-63.875,100.125,-1.8,-1.23
2021-01-01T12:00:00Z,0.0,-63.875,104.125,-1.62,-1.46
2021-01-01T12:00:00Z,0.0,-63.875,108.125,-1.27,-1.46
2021-01-01T12:00:00Z,0.0,-63.875,112.125,-1.12,-1.47
2021-01-01T12:00:00Z,0.0,-63.875,116.125,-1.49,-1.68
2021-01-01T12:00:00Z,0.0,-63.875,120.125,-1.5,-1.82
2021-01-01T12:00:00Z,0.0,-63.875,124.125,-0.88,-1.25
2021-01-01T12:00:00Z,0.0,-63.875,128.125,-1.61,-2.0
2021-01-01T12:00:00Z,0.0,-63.875,132.125,-1.15,-1.66
2021-01-01T12:00:00Z,0.0,-63.875,136.125,-1.41,-1.76
2021-01-01T12:00:00Z,0.0,-63.875,140.125,0.31,-0.27
2021-01-01T12:00:00Z,0.0,-63.875,144.125,-0.21,-0.92
2021-01-01T12:00:00Z,0.0,-63.875,148.125,-0.03,-0.65
2021-01-01T12:00:00Z,0.0,-63.875,152.125,-1.41,-1.77
2021-01-01T12:00:00Z,0.0,-63.875,156.125,-0.34,-0.67
2021-01-01T12:00:00Z,0.0,-63.875,160.125,-0.28,-0.49
2021-01-01T12:00:00Z,0.0,-63.875,164.125,-0.87,-1.21
2021-01-01T12:00:00Z,0.0,-63.875,168.125,0.11,-0.53
2021-01-01T12:00:00Z,0.0,-63.875,172.125,0.02,-1.02
2021-01-01T12:00:00Z,0.0,-63.875,176.125,-0.2,-1.66
2021-01-01T12:00:00Z,0.0,-63.875,180.125,0.63,-1.05
2021-01-01T12:00:00Z,0.0,-63.875,184.125,0.57,-0.79
2021-01-01T12:00:00Z,0.0,-63.875,188.125,0.15,-0.67
2021-01-01T12:00:00Z,0.0,-63.875,192.125,-0.2,-0.59
2021-01-01T12:00:00Z,0.0,-63.875,196.125,-0.36,-0.56
2021-01-01T12:00:00Z,0.0,-63.875,200.125,-0.2,-0.33
2021-01-01T12:00:00Z,0.0,-63.875,204.125,-0.38,-0.46
2021-01-01T12:00:00Z,0.0,-63.875,208.125,-0.28,-0.23
2021-01-01T12:00:00Z,0.0,-63.875,212.125,-0.41,-0.32
2021-01-01T12:00:00Z,0.0,-63.875,216.125,-0.52,-0.5
2021-01-01T12:00:00Z,0.0,-63.875,220.125,-0.24,-0.32
2021-01-01T12:00:00Z,0.0,-63.875,224.125,-0.08,-0.34
2021-01-01T12:00:00Z,0.0,-63.875,228.125,-0.29,-0.8
2021-01-01T12:00:00Z,0.0,-63.875,232.125,-0.55,-1.55
2021-01-01T12:00:00Z,0.0,-63.875,236.125,-0.12,-1.55
2021-01-01T12:00:00Z,0.0,-63.875,240.125,1.05,-0.56
2021-01-01T12:00:00Z,0.0,-63.875,244.125,1.65,-0.33
2021-01-01T12:00:00Z,0.0,-63.875,248.125,2.11,-0.14
2021-01-01T12:00:00Z,0.0,-63.875,252.125,0.81,-1.3
2021-01-01T12:00:00Z,0.0,-63.875,256.125,1.06,-0.94
2021-01-01T12:00:00Z,0.0,-63.875,260.125,2.24,0.13
2021-01-01T12:00:00Z,0.0,-63.875,264.125,2.42,0.26
2021-01-01T12:00:00Z,0.0,-63.875,268.125,2.42,0.25
2021-01-01T12:00:00Z,0.0,-63.875,272.125,2.12,-0.43
2021-01-01T12:00:00Z,0.0,-63.875,276.125,2.2,-0.27
2021-01-01T12:00:00Z,0.0,-63.875,280.125,1.76,-0.55
2021-01-01T12:00:00Z,0.0,-63.875,284.125,1.95,-0.28
2021-01-01T12:00:00Z,0.0,-63.875,288.125,1.2,-0.59
2021-01-01T12:00:00Z,0.0,-63.875,292.125,0.89,-0.34
2021-01-01T12:00:00Z,0.0,-63.875,296.125,0.99,0.36
2021-01-01T12:00:00Z,0.0,-63.875,300.125,-1.56,-1.49
2021-01-01T12:00:00Z,0.0,-63.875,304.125,-0.7,-0.28
2021-01-01T12:00:00Z,0.0,-63.875,308.125,-1.55,-1.13
2021-01-01T12:00:00Z,0.0,-63.875,312.125,-1.37,-0.99
2021-01-01T12:00:00Z,0.0,-63.875,316.125,-1.39,-0.94
2021-01-01T12:00:00Z,0.0,-63.875,320.125,-1.7,-1.12
2021-01-01T12:00:00Z,0.0,-63.875,324.125,-1.48,-0.91
2021-01-01T12:00:00Z,0.0,-63.875,328.125,-1.64,-1.02
2021-01-01T12:00:00Z,0.0,-63.875,332.125,-1.46,-0.82
2021-01-01T12:00:00Z,0.0,-63.875,336.125,-1.39,-0.75
2021-01-01T12:00:00Z,0.0,-63.875,340.125,-1.13,-0.55
2021-01-01T12:00:00Z,0.0,-63.875,344.125,-0.48,0.04
2021-01-01T12:00:00Z,0.0,-63.875,348.125,0.2,0.6
2021-01-01T12:00:00Z,0.0,-63.875,352.125,0.07,0.35
2021-01-01T12:00:00Z,0.0,-63.875,356.125,-0.88,-0.81
2021-01-01T12:00:00Z,0.0,-59.875,0.125,-0.18,-0.19
2021-01-01T12:00:00Z,0.0,-59.875,4.125,-0.73,-0.73
2021-01-01T12:00:00Z,0.0,-59.875,8.125,-1.02,-1.04
2021-01-01T12:00:00Z,0.0,-59.875,12.125,-1.13,-1.22
2021-01-01T12:00:00Z,0.0,-59.875,16.125,-0.86,-0.98
2021-01-01T12:00:00Z,0.0,-59.875,20.125,-0.16,-0.38
2021-01-01T12:00:00Z,0.0,-59.875,24.125,1.35,0.82
2021-01-01T12:00:00Z,0.0,-59.875,28.125,0.68,-0.06
2021-01-01T12:00:00Z,0.0,-59.875,32.125,1.42,0.71
2021-01-01T12:00:00Z,0.0,-59.875,36.125,1.65,0.89
2021-01-01T12:00:00Z,0.0,-59.875,40.125,0.87,0.18
2021-01-01T12:00:00Z,0.0,-59.875,44.125,0.37,-0.35
2021-01-01T12:00:00Z,0.0,-59.875,48.125,0.13,-0.62
2021-01-01T12:00:00Z,0.0,-59.875,52.125,0.23,-0.42
2021-01-01T12:00:00Z,0.0,-59.875,56.125,0.0,-0.61
2021-01-01T12:00:00Z,0.0,-59.875,60.125,0.18,-0.48
2021-01-01T12:00:00Z,0.0,-59.875,64.125,-0.31,-1.05
2021-01-01T12:00:00Z,0.0,-59.875,68.125,-0.05,-0.76
2021-01-01T12:00:00Z,0.0,-59.875,72.125,-0.09,-0.61
2021-01-01T12:00:00Z,0.0,-59.875,76.125,-0.26,-0.71
2021-01-01T12:00:00Z,0.0,-59.875,80.125,-0.07,-0.62
2021-01-01T12:00:00Z,0.0,-59.875,84.125,-0.27,-1.04
2021-01-01T12:00:00Z,0.0,-59.875,88.125,1.25,0.03
2021-01-01T12:00:00Z,0.0,-59.875,92.125,0.95,-0.14
2021-01-01T12:00:00Z,0.0,-59.875,96.125,0.77,-0.2
2021-01-01T12:00:00Z,0.0,-59.875,100.125,1.18,0.12
2021-01-01T12:00:00Z,0.0,-59.875,104.125,0.98,-0.35
2021-01-01T12:00:00Z,0.0,-59.875,108.125,1.02,-0.36
2021-01-01T12:00:00Z,0.0,-59.875,112.125,1.41,-0.14
2021-01-01T12:00:00Z,0.0,-59.875,116.125,2.46,0.7
2021-01-01T12:00:00Z,0.0,-59.875,120.125,1.64,-0.09
2021-01-01T12:00:00Z,0.0,-59.875,124.125,2.26,0.33
2021-01-01T12:00:00Z,0.0,-59.875,128.125,2.47,0.23
2021-01-01T12:00:00Z,0.0,-59.875,132.125,2.78,0.41
2021-01-01T12:00:00Z,0.0,-59.875,136.125,2.25,-0.03
2021-01-01T12:00:00Z,0.0,-59.875,140.125,2.31,0.02
2021-01-01T12:00:00Z,0.0,-59.875,144.125,1.62,-0.56
2021-01-01T12:00:00Z,0.0,-59.875,148.125,0.56,-0.99
2021-01-01T12:00:00Z,0.0,-59.875,152.125,0.42,-1.11
2021-01-01T12:00:00Z,0.0,-59.875,156.125,1.62,-0.47
2021-01-01T12:00:00Z,0.0,-59.875,160.125,1.24,-1.19
2021-01-01T12:00:00Z,0.0,-59.875,164.125,3.19,-0.26
2021-01-01T12:00:00Z,0.0,-59.875,168.125,3.72,-0.75
2021-01-01T12:00:00Z,0.0,-59.875,172.125,5.53,0.43
2021-01-01T12:00:00Z,0.0,-59.875,176.125,4.99,0.24
2021-01-01T12:00:00Z,0.0,-59.875,180.125,5.07,0.67
2021-01-01T12:00:00Z,0.0,-59.875,184.125,4.1,-0.01
2021-01-01T12:00:00Z,0.0,-59.875,188.125,3.57,-0.2
2021-01-01T12:00:00Z,0.0,-59.875,192.125,2.35,-0.95
2021-01-01T12:00:00Z,0.0,-59.875,196.125,1.8,-1.01
2021-01-01T12:00:00Z,0.0,-59.875,200.125,2.13,-0.05
2021-01-01T12:00:00Z,0.0,-59.875,204.125,1.11,-0.38
2021-01-01T12:00:00Z,0.0,-59.875,208.125,0.25,-0.55
2021-01-01T12:00:00Z,0.0,-59.875,212.125,0.76,0.21
2021-01-01T12:00:00Z,0.0,-59.875,216.125,0.57,-0.26
2021-01-01T12:00:00Z,0.0,-59.875,220.125,1.6,0.3
2021-01-01T12:00:00Z,0.0,-59.875,224.125,1.68,0.05
2021-01-01T12:00:00Z,0.0,-59.875,228.125,3.04,0.88
2021-01-01T12:00:00Z,0.0,-59.875,232.125,2.89,0.17
2021-01-01T12:00:00Z,0.0,-59.875,236.125,3.52,0.24
2021-01-01T12:00:00Z,0.0,-59.875,240.125,2.68,-0.85
2021-01-01T12:00:00Z,0.0,-59.875,244.125,3.04,-0.86
2021-01-01T12:00:00Z,0.0,-59.875,248.125,3.35,-0.82
2021-01-01T12:00:00Z,0.0,-59.875,252.125,3.58,-0.7
2021-01-01T12:00:00Z,0.0,-59.875,256.125,3.63,-0.89
2021-01-01T12:00:00Z,0.0,-59.875,260.125,4.74,-0.1
2021-01-01T12:00:00Z,0.0,-59.875,264.125,4.98,0.08
2021-01-01T12:00:00Z,0.0,-59.875,268.125,4.31,-0.59
2021-01-01T12:00:00Z,0.0,-59.875,272.125,4.82,-0.39
2021-01-01T12:00:00Z,0.0,-59.875,276.125,5.32,-0.14
2021-01-01T12:00:00Z,0.0,-59.875,280.125,5.32,-0.32
2021-01-01T12:00:00Z,0.0,-59.875,284.125,4.93,-0.71
2021-01-01T12:00:00Z,0.0,-59.875,288.125,4.83,-0.29
2021-01-01T12:00:00Z,0.0,-59.875,292.125,4.35,0.18
2021-01-01T12:00:00Z,0.0,-59.875,296.125,2.05,-0.72
2021-01-01T12:00:00Z,0.0,-59.875,300.125,2.38,0.37
2021-01-01T12:00:00Z,0.0,-59.875,304.125,1.5,-0.07
2021-01-01T12:00:00Z,0.0,-59.875,308.125,1.73,0.56
2021-01-01T12:00:00Z,0.0,-59.875,312.125,0.61,-0.42
2021-01-01T12:00:00Z,0.0,-59.875,316.125,0.13,-0.79
2021-01-01T12:00:00Z,0.0,-59.875,320.125,-0.97,-1.48
2021-01-01T12:00:00Z,0.0,-59.875,324.125,-1.4,-1.73
2021-01-01T12:00:00Z,0.0,-59.875,328.125,-1.45,-1.59
2021-01-01T12:00:00Z,0.0,-59.875,332.125,-1.52,-1.47
2021-01-01T12:00:00Z,0.0,-59.875,336.125,-1.24,-1.43
2021-01-01T12:00:00Z,0.0,-59.875,340.125,-1.07,-1.19
2021-01-01T12:00:00Z,0.0,-59.875,344.125,-1.43,-1.33
2021-01-01T12:00:00Z,0.0,-59.875,348.125,-0.65,-0.49
2021-01-01T12:00:00Z,0.0,-59.875,352.125,-0.61,-0.46
2021-01-01T12:00:00Z,0.0,-59.875,356.125,-0.67,-0.59
2021-01-01T12:00:00Z,0.0,-55.875,0.125,-0.25,-0.72
2021-01-01T12:00:00Z,0.0,-55.875,4.125,-0.21,-0.65
2021-01-01T12:00:00Z,0.0,-55.875,8.125,-0.34,-0.74
2021-01-01T12:00:00Z,0.0,-55.875,12.125,-0.06,-0.43
2021-01-01T12:00:00Z,0.0,-55.875,16.125,0.15,-0.41
2021-01-01T12:00:00Z,0.0,-55.875,20.125,0.41,-0.15
2021-01-01T12:00:00Z,0.0,-55.875,24.125,0.6,-0.24
2021-01-01T12:00:00Z,0.0,-55.875,28.125,1.36,-0.21
2021-01-01T12:00:00Z,0.0,-55.875,32.125,2.01,0.26
2021-01-01T12:00:00Z,0.0,-55.875,36.125,1.16,-0.73
2021-01-01T12:00:00Z,0.0,-55.875,40.125,1.62,-0.02
2021-01-01T12:00:00Z,0.0,-55.875,44.125,1.03,-0.29
2021-01-01T12:00:00Z,0.0,-55.875,48.125,1.25,-0.27
2021-01-01T12:00:00Z,0.0,-55.875,52.125,1.46,-0.29
2021-01-01T12:00:00Z,0.0,-55.875,56.125,1.76,-0.13
2021-01-01T12:00:00Z,0.0,-55.875,60.125,1.77,-0.19
2021-01-01T12:00:00Z,0.0,-55.875,64.125,1.97,-0.1
2021-01-01T12:00:00Z,0.0,-55.875,68.125,1.44,-0.6
2021-01-01T12:00:00Z,0.0,-55.875,72.125,1.33,-0.42
2021-01-01T12:00:00Z,0.0,-55.875,76.125,1.28,0.0
2021-01-01T12:00:00Z,0.0,-55.875,80.125,1.07,0.04
2021-01-01T12:00:00Z,0.0,-55.875,84.125,3.05,1.15
2021-01-01T12:00:00Z,0.0,-55.875,88.125,3.06,0.87
2021-01-01T12:00:00Z,0.0,-55.875,92.125,1.8,-0.22
2021-01-01T12:00:00Z,0.0,-55.875,96.125,3.52,1.41
2021-01-01T12:00:00Z,0.0,-55.875,100.125,1.53,-0.38
2021-01-01T12:00:00Z,0.0,-55.875,104.125,2.16,0.15
2021-01-01T12:00:00Z,0.0,-55.875,108.125,2.56,0.09
2021-01-01T12:00:00Z,0.0,-55.875,112.125,3.42,0.51
2021-01-01T12:00:00Z,0.0,-55.875,116.125,3.35,-0.05
2021-01-01T12:00:00Z,0.0,-55.875,120.125,4.07,0.49
2021-01-01T12:00:00Z,0.0,-55.875,124.125,4.23,0.39
2021-01-01T12:00:00Z,0.0,-55.875,128.125,4.31,0.26
2021-01-01T12:00:00Z,0.0,-55.875,132.125,5.01,0.74
2021-01-01T12:00:00Z,0.0,-55.875,136.125,4.37,-0.01
2021-01-01T12:00:00Z,0.0,-55.875,140.125,4.1,0.05
2021-01-01T12:00:00Z,0.0,-55.875,144.125,3.83,0.55
2021-01-01T12:00:00Z,0.0,-55.875,148.125,2.2,-1.33
2021-01-01T12:00:00Z,0.0,-55.875,152.125,4.63,-0.18
2021-01-01T12:00:00Z,0.0,-55.875,156.125,6.59,1.17
2021-01-01T12:00:00Z,0.0,-55.875,160.125,4.61,-0.58
2021-01-01T12:00:00Z,0.0,-55.875,164.125,6.25,-0.55
2021-01-01T12:00:00Z,0.0,-55.875,168.125,8.03,0.4
2021-01-01T12:00:00Z,0.0,-55.875,172.125,7.81,0.42
2021-01-01T12:00:00Z,0.0,-55.875,176.125,8.52,1.36
2021-01-01T12:00:00Z,0.0,-55.875,180.125,8.99,1.41
2021-01-01T12:00:00Z,0.0,-55.875,184.125,7.92,0.44
2021-01-01T12:00:00Z,0.0,-55.875,188.125,7.34,0.47
2021-01-01T12:00:00Z,0.0,-55.875,192.125,7.39,0.87
2021-01-01T12:00:00Z,0.0,-55.875,196.125,5.63,-0.54
2021-01-01T12:00:00Z,0.0,-55.875,200.125,5.43,-0.4
2021-01-01T12:00:00Z,0.0,-55.875,204.125,5.75,0.31
2021-01-01T12:00:00Z,0.0,-55.875,208.125,4.93,0.3
2021-01-01T12:00:00Z,0.0,-55.875,212.125,4.12,0.07
2021-01-01T12:00:00Z,0.0,-55.875,216.125,4.4,0.07
2021-01-01T12:00:00Z,0.0,-55.875,220.125,5.82,0.6
2021-01-01T12:00:00Z,0.0,-55.875,224.125,4.7,-0.28
2021-01-01T12:00:00Z,0.0,-55.875,228.125,5.05,-0.34
2021-01-01T12:00:00Z,0.0,-55.875,232.125,5.97,-0.27
2021-01-01T12:00:00Z,0.0,-55.875,236.125,6.2,-0.28
2021-01-01T12:00:00Z,0.0,-55.875,240.125,6.52,0.29
2021-01-01T12:00:00Z,0.0,-55.875,244.125,6.83,0.46
2021-01-01T12:00:00Z,0.0,-55.875,248.125,6.2,-0.41
2021-01-01T12:00:00Z,0.0,-55.875,252.125,5.99,-0.72
2021-01-01T12:00:00Z,0.0,-55.875,256.125,6.56,-0.16
2021-01-01T12:00:00Z,0.0,-55.875,260.125,6.34,-0.41
2021-01-01T12:00:00Z,0.0,-55.875,264.125,6.94,0.15
2021-01-01T12:00:00Z,0.0,-55.875,268.125,6.73,-0.08
2021-01-01T12:00:00Z,0.0,-55.875,272.125,6.84,-0.06
2021-01-01T12:00:00Z,0.0,-55.875,276.125,6.62,-0.33
2021-01-01T12:00:00Z,0.0,-55.875,280.125,6.8,-0.25
2021-01-01T12:00:00Z,0.0,-55.875,284.125,6.29,-0.94
2021-01-01T12:00:00Z,0.0,-55.875,288.125,6.93,-0.71
2021-01-01T12:00:00Z,0.0,-55.875,292.125,8.31,0.73
2021-01-01T12:00:00Z,0.0,-55.875,296.125,6.42,-0.35
2021-01-01T12:00:00Z,0.0,-55.875,300.125,6.26,-0.07
2021-01-01T12:00:00Z,0.0,-55.875,304.125,6.79,1.21
2021-01-01T12:00:00Z,0.0,-55.875,308.125,5.91,1.19
2021-01-01T12:00:00Z,0.0,-55.875,312.125,4.81,1.11
2021-01-01T12:00:00Z,0.0,-55.875,316.125,4.69,1.99
2021-01-01T12:00:00Z,0.0,-55.875,320.125,2.9,0.83
2021-01-01T12:00:00Z,0.0,-55.875,324.125,-0.54,-2.26
2021-01-01T12:00:00Z,0.0,-55.875,328.125,0.98,-0.06
2021-01-01T12:00:00Z,0.0,-55.875,332.125,0.18,-0.78
2021-01-01T12:00:00Z,0.0,-55.875,336.125,0.97,-0.41
2021-01-01T12:00:00Z,0.0,-55.875,340.125,1.32,-0.03
2021-01-01T12:00:00Z,0.0,-55.875,344.125,1.13,-0.2
2021-01-01T12:00:00Z,0.0,-55.875,348.125,0.09,-0.94
2021-01-01T12:00:00Z,0.0,-55.875,352.125,-0.08,-0.78
2021-01-01T12:00:00Z,0.0,-55.875,356.125,-0.23,-0.72
2021-01-01T12:00:00Z,0.0,-51.875,0.125,1.95,-0.31
2021-01-01T12:00:00Z,0.0,-51.875,4.125,1.59,-0.7
2021-01-01T12:00:00Z,0.0,-51.875,8.125,2.94,0.58
2021-01-01T12:00:00Z,0.0,-51.875,12.125,1.23,-0.61
2021-01-01T12:00:00Z,0.0,-51.875,16.125,1.97,0.03
2021-01-01T12:00:00Z,0.0,-51.875,20.125,1.2,-0.57
2021-01-01T12:00:00Z,0.0,-51.875,24.125,1.18,-0.54
2021-01-01T12:00:00Z,0.0,-51.875,28.125,2.99,0.47
2021-01-01T12:00:00Z,0.0,-51.875,32.125,2.78,-0.32
2021-01-01T12:00:00Z,0.0,-51.875,36.125,3.47,0.2
2021-01-01T12:00:00Z,0.0,-51.875,40.125,2.26,-0.7
2021-01-01T12:00:00Z,0.0,-51.875,44.125,2.22,-0.59
2021-01-01T12:00:00Z,0.0,-51.875,48.125,3.12,-0.07
2021-01-01T12:00:00Z,0.0,-51.875,52.125,2.94,-0.48
2021-01-01T12:00:00Z,0.0,-51.875,56.125,2.89,-0.5
2021-01-01T12:00:00Z,0.0,-51.875,60.125,3.41,-0.06
2021-01-01T12:00:00Z,0.0,-51.875,64.125,3.19,-0.2
2021-01-01T12:00:00Z,0.0,-51.875,68.125,3.08,-0.22
2021-01-01T12:00:00Z,0.0,-51.875,72.125,3.07,0.12
2021-01-01T12:00:00Z,0.0,-51.875,76.125,2.79,0.17
2021-01-01T12:00:00Z,0.0,-51.875,80.125,2.26,-0.24
2021-01-01T12:00:00Z,0.0,-51.875,84.125,4.56,0.86
2021-01-01T12:00:00Z,0.0,-51.875,88.125,4.56,-0.01
2021-01-01T12:00:00Z,0.0,-51.875,92.125,5.16,0.3
2021-01-01T12:00:00Z,0.0,-51.875,96.125,5.28,0.78
2021-01-01T12:00:00Z,0.0,-51.875,100.125,4.91,0.48
2021-01-01T12:00:00Z,0.0,-51.875,104.125,4.41,0.08
2021-01-01T12:00:00Z,0.0,-51.875,108.125,4.22,0.13
2021-01-01T12:00:00Z,0.0,-51.875,112.125,4.08,0.12
2021-01-01T12:00:00Z,0.0,-51.875,116.125,4.83,0.19
2021-01-01T12:00:00Z,0.0,-51.875,120.125,5.81,0.39
2021-01-01T12:00:00Z,0.0,-51.875,124.125,6.29,0.17
2021-01-01T12:00:00Z,0.0,-51.875,128.125,7.09,0.42
2021-01-01T12:00:00Z,0.0,-51.875,132.125,6.35,-0.57
2021-01-01T12:00:00Z,0.0,-51.875,136.125,7.66,0.7
2021-01-01T12:00:00Z,0.0,-51.875,140.125,6.85,0.05
2021-01-01T12:00:00Z,0.0,-51.875,144.125,6.66,-0.53
2021-01-01T12:00:00Z,0.0,-51.875,148.125,8.67,0.42
2021-01-01T12:00:00Z,0.0,-51.875,152.125,9.1,0.64
2021-01-01T12:00:00Z,0.0,-51.875,156.125,9.23,0.26
2021-01-01T12:00:00Z,0.0,-51.875,160.125,9.62,0.47
2021-01-01T12:00:00Z,0.0,-51.875,164.125,10.34,0.75
2021-01-01T12:00:00Z,0.0,-51.875,168.125,10.24,0.85
2021-01-01T12:00:00Z,0.0,-51.875,172.125,10.56,1.32
2021-01-01T12:00:00Z,0.0,-51.875,176.125,10.08,1.39
2021-01-01T12:00:00Z,0.0,-51.875,180.125,10.35,1.08
2021-01-01T12:00:00Z,0.0,-51.875,184.125,11.83,1.76
2021-01-01T12:00:00Z,0.0,-51.875,188.125,11.1,1.05
2021-01-01T12:00:00Z,0.0,-51.875,192.125,10.22,0.58
2021-01-01T12:00:00Z,0.0,-51.875,196.125,9.78,0.18
2021-01-01T12:00:00Z,0.0,-51.875,200.125,10.04,0.45
2021-01-01T12:00:00Z,0.0,-51.875,204.125,9.33,-0.1
2021-01-01T12:00:00Z,0.0,-51.875,208.125,9.86,0.47
2021-01-01T12:00:00Z,0.0,-51.875,212.125,8.69,-0.6
2021-01-01T12:00:00Z,0.0,-51.875,216.125,10.01,0.98
2021-01-01T12:00:00Z,0.0,-51.875,220.125,7.36,-1.43
2021-01-01T12:00:00Z,0.0,-51.875,224.125,9.38,0.74
2021-01-01T12:00:00Z,0.0,-51.875,228.125,7.91,-0.71
2021-01-01T12:00:00Z,0.0,-51.875,232.125,8.14,-0.32
2021-01-01T12:00:00Z,0.0,-51.875,236.125,7.79,-0.42
2021-01-01T12:00:00Z,0.0,-51.875,240.125,7.53,-0.26
2021-01-01T12:00:00Z,0.0,-51.875,244.125,8.2,0.25
2021-01-01T12:00:00Z,0.0,-51.875,248.125,7.7,-0.45
2021-01-01T12:00:00Z,0.0,-51.875,252.125,7.71,-0.36
2021-01-01T12:00:00Z,0.0,-51.875,256.125,7.69,-0.34
2021-01-01T12:00:00Z,0.0,-51.875,260.125,7.8,-0.14
2021-01-01T12:00:00Z,0.0,-51.875,264.125,7.82,-0.14
2021-01-01T12:00:00Z,0.0,-51.875,268.125,7.83,-0.16
2021-01-01T12:00:00Z,0.0,-51.875,272.125,7.76,-0.26
2021-01-01T12:00:00Z,0.0,-51.875,276.125,8.27,0.07
2021-01-01T12:00:00Z,0.0,-51.875,280.125,8.16,-0.43
2021-01-01T12:00:00Z,0.0,-51.875,284.125,8.82,-0.57
2021-01-01T12:00:00Z,0.0,-51.875,288.125,NaN,NaN
2021-01-01T12:00:00Z,0.0,-51.875,292.125,10.36,0.32
2021-01-01T12:00:00Z,0.0,-51.875,296.125,10.1,0.47
2021-01-01T12:00:00Z,0.0,-51.875,300.125,10.15,0.98
2021-01-01T12:00:00Z,0.0,-51.875,304.125,8.58,0.69
2021-01-01T12:00:00Z,0.0,-51.875,308.125,7.58,0.67
2021-01-01T12:00:00Z,0.0,-51.875,312.125,7.13,1.41
2021-01-01T12:00:00Z,0.0,-51.875,316.125,6.94,2.4
2021-01-01T12:00:00Z,0.0,-51.875,320.125,5.34,1.93
2021-01-01T12:00:00Z,0.0,-51.875,324.125,6.03,2.82
2021-01-01T12:00:00Z,0.0,-51.875,328.125,3.52,0.89
2021-01-01T12:00:00Z,0.0,-51.875,332.125,3.44,0.25
2021-01-01T12:00:00Z,0.0,-51.875,336.125,3.49,-0.16
2021-01-01T12:00:00Z,0.0,-51.875,340.125,4.3,0.88
2021-01-01T12:00:00Z,0.0,-51.875,344.125,4.37,1.18
2021-01-01T12:00:00Z,0.0,-51.875,348.125,2.14,-0.56
2021-01-01T12:00:00Z,0.0,-51.875,352.125,1.92,-0.15
2021-01-01T12:00:00Z,0.0,-51.875,356.125,3.07,1.04
2021-01-01T12:00:00Z,0.0,-47.875,0.125,5.65,-0.21
2021-01-01T12:00:00Z,0.0,-47.875,4.125,6.01,0.29
2021-01-01T12:00:00Z,0.0,-47.875,8.125,5.35,-0.18
2021-01-01T12:00:00Z,0.0,-47.875,12.125,5.0,-0.65
2021-01-01T12:00:00Z,0.0,-47.875,16.125,4.68,-0.97
2021-01-01T12:00:00Z,0.0,-47.875,20.125,4.88,-0.5
2021-01-01T12:00:00Z,0.0,-47.875,24.125,5.14,-0.24
2021-01-01T12:00:00Z,0.0,-47.875,28.125,5.23,-0.69
2021-01-01T12:00:00Z,0.0,-47.875,32.125,7.22,0.74
2021-01-01T12:00:00Z,0.0,-47.875,36.125,5.67,-0.16
2021-01-01T12:00:00Z,0.0,-47.875,40.125,4.56,-1.25
2021-01-01T12:00:00Z,0.0,-47.875,44.125,4.81,-1.06
2021-01-01T12:00:00Z,0.0,-47.875,48.125,4.14,-1.22
2021-01-01T12:00:00Z,0.0,-47.875,52.125,4.6,-0.5
2021-01-01T12:00:00Z,0.0,-47.875,56.125,6.1,0.41
2021-01-01T12:00:00Z,0.0,-47.875,60.125,6.05,0.03
2021-01-01T12:00:00Z,0.0,-47.875,64.125,5.25,0.0
2021-01-01T12:00:00Z,0.0,-47.875,68.125,5.56,0.46
2021-01-01T12:00:00Z,0.0,-47.875,72.125,4.42,-0.93
2021-01-01T12:00:00Z,0.0,-47.875,76.125,6.04,-0.23
2021-01-01T12:00:00Z,0.0,-47.875,80.125,6.18,-0.33
2021-01-01T12:00:00Z,0.0,-47.875,84.125,7.18,-0.2
2021-01-01T12:00:00Z,0.0,-47.875,88.125,7.56,-0.31
2021-01-01T12:00:00Z,0.0,-47.875,92.125,7.6,-0.12
2021-01-01T12:00:00Z,0.0,-47.875,96.125,7.25,0.09
2021-01-01T12:00:00Z,0.0,-47.875,100.125,7.86,0.67
2021-01-01T12:00:00Z,0.0,-47.875,104.125,7.75,0.34
2021-01-01T12:00:00Z,0.0,-47.875,108.125,9.14,1.38
2021-01-01T12:00:00Z,0.0,-47.875,112.125,8.92,0.45
2021-01-01T12:00:00Z,0.0,-47.875,116.125,9.09,0.14
2021-01-01T12:00:00Z,0.0,-47.875,120.125,9.33,0.14
2021-01-01T12:00:00Z,0.0,-47.875,124.125,9.36,-0.3
2021-01-01T12:00:00Z,0.0,-47.875,128.125,9.43,-0.58
2021-01-01T12:00:00Z,0.0,-47.875,132.125,10.26,0.12
2021-01-01T12:00:00Z,0.0,-47.875,136.125,10.55,0.32
2021-01-01T12:00:00Z,0.0,-47.875,140.125,11.13,0.46
2021-01-01T12:00:00Z,0.0,-47.875,144.125,11.52,0.72
2021-01-01T12:00:00Z,0.0,-47.875,148.125,11.53,0.47
2021-01-01T12:00:00Z,0.0,-47.875,152.125,12.28,1.07
2021-01-01T12:00:00Z,0.0,-47.875,156.125,11.19,-0.24
2021-01-01T12:00:00Z,0.0,-47.875,160.125,11.83,0.35
2021-01-01T12:00:00Z,0.0,-47.875,164.125,12.64,0.71
2021-01-01T12:00:00Z,0.0,-47.875,168.125,13.43,1.8
2021-01-01T12:00:00Z,0.0,-47.875,172.125,12.26,0.91
2021-01-01T12:00:00Z,0.0,-47.875,176.125,12.33,1.12
2021-01-01T12:00:00Z,0.0,-47.875,180.125,12.0,0.67
2021-01-01T12:00:00Z,0.0,-47.875,184.125,13.2,0.85
2021-01-01T12:00:00Z,0.0,-47.875,188.125,13.0,0.56
2021-01-01T12:00:00Z,0.0,-47.875,192.125,12.5,0.37
2021-01-01T12:00:00Z,0.0,-47.875,196.125,12.2,0.33
2021-01-01T12:00:00Z,0.0,-47.875,200.125,12.39,0.63
2021-01-01T12:00:00Z,0.0,-47.875,204.125,11.99,0.56
2021-01-01T12:00:00Z,0.0,-47.875,208.125,11.31,0.09
2021-01-01T12:00:00Z,0.0,-47.875,212.125,11.22,0.22
2021-01-01T12:00:00Z,0.0,-47.875,216.125,11.49,0.77
2021-01-01T12:00:00Z,0.0,-47.875,220.125,10.87,0.29
2021-01-01T12:00:00Z,0.0,-47.875,224.125,10.81,0.4
2021-01-01T12:00:00Z,0.0,-47.875,228.125,10.97,0.71
2021-01-01T12:00:00Z,0.0,-47.875,232.125,10.39,0.27
2021-01-01T12:00:00Z,0.0,-47.875,236.125,10.1,0.15
2021-01-01T12:00:00Z,0.0,-47.875,240.125,9.85,0.11
2021-01-01T12:00:00Z,0.0,-47.875,244.125,9.62,-0.1
2021-01-01T12:00:00Z,0.0,-47.875,248.125,9.12,-0.65
2021-01-01T12:00:00Z,0.0,-47.875,252.125,9.56,-0.2
2021-01-01T12:00:00Z,0.0,-47.875,256.125,9.55,-0.09
2021-01-01T12:00:00Z,0.0,-47.875,260.125,9.35,-0.22
2021-01-01T12:00:00Z,0.0,-47.875,264.125,9.17,-0.41
2021-01-01T12:00:00Z,0.0,-47.875,268.125,9.24,-0.36
2021-01-01T12:00:00Z,0.0,-47.875,272.125,9.46,-0.22
2021-01-01T12:00:00Z,0.0,-47.875,276.125,9.76,-0.25
2021-01-01T12:00:00Z,0.0,-47.875,280.125,10.85,0.2
2021-01-01T12:00:00Z,0.0,-47.875,284.125,11.17,-0.55
2021-01-01T12:00:00Z,0.0,-47.875,288.125,NaN,NaN
2021-01-01T12:00:00Z,0.0,-47.875,292.125,NaN,NaN
2021-01-01T12:00:00Z,0.0,-47.875,296.125,13.04,0.31
2021-01-01T12:00:00Z,0.0,-47.875,300.125,10.91,0.15
2021-01-01T12:00:00Z,0.0,-47.875,304.125,12.51,1.97
2021-01-01T12:00:00Z,0.0,-47.875,308.125,13.23,1.74
2021-01-01T12:00:00Z,0.0,-47.875,312.125,10.29,-1.0
2021-01-01T12:00:00Z,0.0,-47.875,316.125,13.69,3.3
2021-01-01T12:00:00Z,0.0,-47.875,320.125,12.29,3.05
2021-01-01T12:00:00Z,0.0,-47.875,324.125,10.42,1.96
2021-01-01T12:00:00Z,0.0,-47.875,328.125,9.29,1.75
2021-01-01T12:00:00Z,0.0,-47.875,332.125,7.88,1.04
2021-01-01T12:00:00Z,0.0,-47.875,336.125,7.16,0.62
2021-01-01T12:00:00Z,0.0,-47.875,340.125,7.76,1.17
2021-01-01T12:00:00Z,0.0,-47.875,344.125,6.06,-0.14
2021-01-01T12:00:00Z,0.0,-47.875,348.125,5.98,0.77
2021-01-01T12:00:00Z,0.0,-47.875,352.125,4.46,-0.13
2021-01-01T12:00:00Z,0.0,-47.875,356.125,5.93,0.48
2021-01-01T12:00:00Z,0.0,-43.875,0.125,10.6,0.87
2021-01-01T12:00:00Z,0.0,-43.875,4.125,10.09,0.55
2021-01-01T12:00:00Z,0.0,-43.875,8.125,8.21,-0.96
2021-01-01T12:00:00Z,0.0,-43.875,12.125,12.25,2.36
2021-01-01T12:00:00Z,0.0,-43.875,16.125,10.33,-0.53
2021-01-01T12:00:00Z,0.0,-43.875,20.125,11.57,0.28
2021-01-01T12:00:00Z,0.0,-43.875,24.125,8.68,-2.74
2021-01-01T12:00:00Z,0.0,-43.875,28.125,8.22,-3.18
2021-01-01T12:00:00Z,0.0,-43.875,32.125,7.89,-3.1
2021-01-01T12:00:00Z,0.0,-43.875,36.125,7.66,-2.29
2021-01-01T12:00:00Z,0.0,-43.875,40.125,8.06,-1.39
2021-01-01T12:00:00Z,0.0,-43.875,44.125,6.76,-2.1
2021-01-01T12:00:00Z,0.0,-43.875,48.125,7.99,-0.12
2021-01-01T12:00:00Z,0.0,-43.875,52.125,8.12,-0.45
2021-01-01T12:00:00Z,0.0,-43.875,56.125,10.9,-0.1
2021-01-01T12:00:00Z,0.0,-43.875,60.125,11.33,-1.65
2021-01-01T12:00:00Z,0.0,-43.875,64.125,14.52,2.13
2021-01-01T12:00:00Z,0.0,-43.875,68.125,13.04,1.54
2021-01-01T12:00:00Z,0.0,-43.875,72.125,13.12,1.21
2021-01-01T12:00:00Z,0.0,-43.875,76.125,11.72,-0.02
2021-01-01T12:00:00Z,0.0,-43.875,80.125,12.21,1.13
2021-01-01T12:00:00Z,0.0,-43.875,84.125,12.08,0.73
2021-01-01T12:00:00Z,0.0,-43.875,88.125,12.45,1.34
2021-01-01T12:00:00Z,0.0,-43.875,92.125,11.27,0.34
2021-01-01T12:00:00Z,0.0,-43.875,96.125,11.8,0.76
2021-01-01T12:00:00Z,0.0,-43.875,100.125,12.48,0.97
2021-01-01T12:00:00Z,0.0,-43.875,104.125,11.25,-0.27
2021-01-01T12:00:00Z,0.0,-43.875,108.125,12.32,0.75
2021-01-01T12:00:00Z,0.0,-43.875,112.125,12.01,0.31
2021-01-01T12:00:00Z,0.0,-43.875,116.125,12.11,0.36
2021-01-01T12:00:00Z,0.0,-43.875,120.125,12.14,0.23
2021-01-01T12:00:00Z,0.0,-43.875,124.125,12.27,0.2
2021-01-01T12:00:00Z,0.0,-43.875,128.125,12.57,0.38
2021-01-01T12:00:00Z,0.0,-43.875,132.125,12.6,0.28
2021-01-01T12:00:00Z,0.0,-43.875,136.125,13.44,0.82
2021-01-01T12:00:00Z,0.0,-43.875,140.125,13.51,0.44
2021-01-01T12:00:00Z,0.0,-43.875,144.125,14.23,0.52
2021-01-01T12:00:00Z,0.0,-43.875,148.125,16.61,2.01
2021-01-01T12:00:00Z,0.0,-43.875,152.125,15.52,1.14
2021-01-01T12:00:00Z,0.0,-43.875,156.125,14.58,0.38
2021-01-01T12:00:00Z,0.0,-43.875,160.125,14.72,0.52
2021-01-01T12:00:00Z,0.0,-43.875,164.125,14.56,0.04
2021-01-01T12:00:00Z,0.0,-43.875,168.125,15.86,0.42
2021-01-01T12:00:00Z,0.0,-43.875,172.125,16.01,2.03
2021-01-01T12:00:00Z,0.0,-43.875,176.125,14.01,-0.56
2021-01-01T12:00:00Z,0.0,-43.875,180.125,14.76,-0.1
2021-01-01T12:00:00Z,0.0,-43.875,184.125,14.62,-0.39
2021-01-01T12:00:00Z,0.0,-43.875,188.125,14.99,0.24
2021-01-01T12:00:00Z,0.0,-43.875,192.125,14.9,0.65
2021-01-01T12:00:00Z,0.0,-43.875,196.125,14.62,0.79
2021-01-01T12:00:00Z,0.0,-43.875,200.125,14.86,1.29
2021-01-01T12:00:00Z,0.0,-43.875,204.125,13.91,0.51
2021-01-01T12:00:00Z,0.0,-43.875,208.125,13.91,0.63
2021-01-01T12:00:00Z,0.0,-43.875,212.125,13.67,0.56
2021-01-01T12:00:00Z,0.0,-43.875,216.125,13.32,0.37
2021-01-01T12:00:00Z,0.0,-43.875,220.125,13.09,0.31
2021-01-01T12:00:00Z,0.0,-43.875,224.125,13.28,0.62
2021-01-01T12:00:00Z,0.0,-43.875,228.125,13.91,1.27
2021-01-01T12:00:00Z,0.0,-43.875,232.125,13.47,0.95
2021-01-01T12:00:00Z,0.0,-43.875,236.125,12.84,0.4
2021-01-01T12:00:00Z,0.0,-43.875,240.125,12.42,0.05
2021-01-01T12:00:00Z,0.0,-43.875,244.125,11.32,-0.99
2021-01-01T12:00:00Z,0.0,-43.875,248.125,11.6,-0.75
2021-01-01T12:00:00Z,0.0,-43.875,252.125,11.18,-1.05
2021-01-01T12:00:00Z,0.0,-43.875,256.125,11.23,-0.88
2021-01-01T12:00:00Z,0.0,-43.875,260.125,11.38,-0.68
2021-01-01T12:00:00Z,0.0,-43.875,264.125,11.92,-0.16
2021-01-01T12:00:00Z,0.0,-43.875,268.125,11.96,-0.15
2021-01-01T12:00:00Z,0.0,-43.875,272.125,12.41,0.24
2021-01-01T12:00:00Z,0.0,-43.875,276.125,12.87,0.4
2021-01-01T12:00:00Z,0.0,-43.875,280.125,13.31,0.33
2021-01-01T12:00:00Z,0.0,-43.875,284.125,14.06,0.25
2021-01-01T12:00:00Z,0.0,-43.875,288.125,NaN,NaN
2021-01-01T12:00:00Z,0.0,-43.875,292.125,NaN,NaN
2021-01-01T12:00:00Z,0.0,-43.875,296.125,16.95,0.87
2021-01-01T12:00:00Z,0.0,-43.875,300.125,12.73,-0.79
2021-01-01T12:00:00Z,0.0,-43.875,304.125,13.4,-0.78
2021-01-01T12:00:00Z,0.0,-43.875,308.125,15.9,0.41
2021-01-01T12:00:00Z,0.0,-43.875,312.125,15.86,1.95
2021-01-01T12:00:00Z,0.0,-43.875,316.125,13.77,1.24
2021-01-01T12:00:00Z,0.0,-43.875,320.125,13.72,1.8
2021-01-01T12:00:00Z,0.0,-43.875,324.125,12.2,0.64
2021-01-01T12:00:00Z,0.0,-43.875,328.125,13.07,1.7
2021-01-01T12:00:00Z,0.0,-43.875,332.125,15.39,4.21
2021-01-01T12:00:00Z,0.0,-43.875,336.125,14.74,3.42
2021-01-01T12:00:00Z,0.0,-43.875,340.125,12.83,1.75
2021-01-01T12:00:00Z,0.0,-43.875,344.125,10.77,0.65
2021-01-01T12:00:00Z,0.0,-43.875,348.125,12.01,1.79
2021-01-01T12:00:00Z,0.0,-43.875,352.125,11.14,1.11
2021-01-01T12:00:00Z,0.0,-43.875,356.125,9.91,0.15
2021-01-01T12:00:00Z,0.0,-39.875,0.125,13.24,-0.54
2021-01-01T12:00:00Z,0.0,-39.875,4.125,13.51,-0.23
2021-01-01T12:00:00Z,0.0,-39.875,8.125,14.07,0.21
2021-01-01T12:00:00Z,0.0,-39.875,12.125,14.06,-1.12
2021-01-01T12:00:00Z,0.0,-39.875,16.125,17.31,-0.5
2021-01-01T12:00:00Z,0.0,-39.875,20.125,19.69,0.43
2021-01-01T12:00:00Z,0.0,-39.875,24.125,18.96,0.59
2021-01-01T12:00:00Z,0.0,-39.875,28.125,16.86,-1.19
2021-01-01T12:00:00Z,0.0,-39.875,32.125,16.57,-1.36
2021-01-01T12:00:00Z,0.0,-39.875,36.125,18.59,0.92
2021-01-01T12:00:00Z,0.0,-39.875,40.125,15.92,-1.29
2021-01-01T12:00:00Z,0.0,-39.875,44.125,18.24,0.7
2021-01-01T12:00:00Z,0.0,-39.875,48.125,17.39,0.72
2021-01-01T12:00:00Z,0.0,-39.875,52.125,16.2,-0.44
2021-01-01T12:00:00Z,0.0,-39.875,56.125,15.43,-1.59
2021-01-01T12:00:00Z,0.0,-39.875,60.125,16.53,-0.1
2021-01-01T12:00:00Z,0.0,-39.875,64.125,15.66,-0.38
2021-01-01T12:00:00Z,0.0,-39.875,68.125,15.85,0.04
2021-01-01T12:00:00Z,0.0,-39.875,72.125,16.74,1.19
2021-01-01T12:00:00Z,0.0,-39.875,76.125,16.26,0.97
2021-01-01T12:00:00Z,0.0,-39.875,80.125,16.27,1.08
2021-01-01T12:00:00Z,0.0,-39.875,84.125,16.02,1.11
2021-01-01T12:00:00Z,0.0,-39.875,88.125,16.2,1.63
2021-01-01T12:00:00Z,0.0,-39.875,92.125,15.6,1.26
2021-01-01T12:00:00Z,0.0,-39.875,96.125,15.54,1.42
2021-01-01T12:00:00Z,0.0,-39.875,100.125,15.08,1.02
2021-01-01T12:00:00Z,0.0,-39.875,104.125,15.42,1.32
2021-01-01T12:00:00Z,0.0,-39.875,108.125,15.14,0.9
2021-01-01T12:00:00Z,0.0,-39.875,112.125,15.97,1.37
2021-01-01T12:00:00Z,0.0,-39.875,116.125,15.04,0.16
2021-01-01T12:00:00Z,0.0,-39.875,120.125,14.37,-0.54
2021-01-01T12:00:00Z,0.0,-39.875,124.125,14.56,-0.33
2021-01-01T12:00:00Z,0.0,-39.875,128.125,14.95,-0.02
2021-01-01T12:00:00Z,0.0,-39.875,132.125,15.01,-0.04
2021-01-01T12:00:00Z,0.0,-39.875,136.125,15.44,0.1
2021-01-01T12:00:00Z,0.0,-39.875,140.125,15.39,-0.29
2021-01-01T12:00:00Z,0.0,-39.875,144.125,15.82,-0.37
2021-01-01T12:00:00Z,0.0,-39.875,148.125,17.53,0.21
2021-01-01T12:00:00Z,0.0,-39.875,152.125,19.15,1.22
2021-01-01T12:00:00Z,0.0,-39.875,156.125,18.48,1.0
2021-01-01T12:00:00Z,0.0,-39.875,160.125,16.98,-0.17
2021-01-01T12:00:00Z,0.0,-39.875,164.125,17.57,0.63
2021-01-01T12:00:00Z,0.0,-39.875,168.125,17.27,0.26
2021-01-01T12:00:00Z,0.0,-39.875,172.125,17.16,-0.16
2021-01-01T12:00:00Z,0.0,-39.875,176.125,NaN,NaN
2021-01-01T12:00:00Z,0.0,-39.875,180.125,18.05,-0.07
2021-01-01T12:00:00Z,0.0,-39.875,184.125,17.32,-0.3
2021-01-01T12:00:00Z,0.0,-39.875,188.125,17.34,0.2
2021-01-01T12:00:00Z,0.0,-39.875,192.125,17.25,0.46
2021-01-01T12:00:00Z,0.0,-39.875,196.125,16.91,0.51
2021-01-01T12:00:00Z,0.0,-39.875,200.125,16.27,0.13
2021-01-01T12:00:00Z,0.0,-39.875,204.125,16.13,0.15
2021-01-01T12:00:00Z,0.0,-39.875,208.125,16.05,0.2
2021-01-01T12:00:00Z,0.0,-39.875,212.125,16.35,0.62
2021-01-01T12:00:00Z,0.0,-39.875,216.125,15.89,0.24
2021-01-01T12:00:00Z,0.0,-39.875,220.125,16.26,0.7
2021-01-01T12:00:00Z,0.0,-39.875,224.125,16.48,0.93
2021-01-01T12:00:00Z,0.0,-39.875,228.125,17.36,1.81
2021-01-01T12:00:00Z,0.0,-39.875,232.125,17.18,1.71
2021-01-01T12:00:00Z,0.0,-39.875,236.125,16.46,1.0
2021-01-01T12:00:00Z,0.0,-39.875,240.125,15.87,0.4
2021-01-01T12:00:00Z,0.0,-39.875,244.125,15.95,0.46
2021-01-01T12:00:00Z,0.0,-39.875,248.125,14.99,-0.49
2021-01-01T12:00:00Z,0.0,-39.875,252.125,15.08,-0.34
2021-01-01T12:00:00Z,0.0,-39.875,256.125,14.95,-0.31
2021-01-01T12:00:00Z,0.0,-39.875,260.125,15.02,-0.14
2021-01-01T12:00:00Z,0.0,-39.875,264.125,14.83,-0.4
2021-01-01T12:00:00Z,0.0,-39.875,268.125,15.05,-0.3
2021-01-01T12:00:00Z,0.0,-39.875,272.125,15.88,0.52
2021-01-01T12:00:00Z,0.0,-39.875,276.125,16.12,0.65
2021-01-01T12:00:00Z,0.0,-39.875,280.125,16.25,0.66
2021-01-01T12:00:00Z,0.0,-39.875,284.125,16.34,0.52
2021-01-01T12:00:00Z,0.0,-39.875,288.125,NaN,NaN
2021-01-01T12:00:00Z,0.0,-39.875,292.125,NaN,NaN
2021-01-01T12:00:00Z,0.0,-39.875,296.125,NaN,NaN
2021-01-01T12:00:00Z,0.0,-39.875,300.125,17.73,-0.11
2021-01-01T12:00:00Z,0.0,-39.875,304.125,13.07,-2.18
2021-01-01T12:00:00Z,0.0,-39.875,308.125,18.88,0.06
2021-01-01T12:00:00Z,0.0,-39.875,312.125,19.76,1.81
2021-01-01T12:00:00Z,0.0,-39.875,316.125,19.97,2.74
2021-01-01T12:00:00Z,0.0,-39.875,320.125,19.14,2.24
2021-01-01T12:00:00Z,0.0,-39.875,324.125,18.01,1.59
2021-01-01T12:00:00Z,0.0,-39.875,328.125,18.8,2.76
2021-01-01T12:00:00Z,0.0,-39.875,332.125,17.15,1.48
2021-01-01T12:00:00Z,0.0,-39.875,336.125,17.53,2.28
2021-01-01T12:00:00Z,0.0,-39.875,340.125,16.52,1.66
2021-01-01T12:00:00Z,0.0,-39.875,344.125,15.96,1.26
2021-01-01T12:00:00Z,0.0,-39.875,348.125,15.91,1.5
2021-01-01T12:00:00Z,0.0,-39.875,352.125,15.24,1.32
2021-01-01T12:00:00Z,0.0,-39.875,356.125,13.76,0.01
2021-01-01T12:00:00Z,0.0,-35.875,0.125,18.75,0.58
2021-01-01T12:00:00Z,0.0,-35.875,4.125,18.97,0.85
2021-01-01T12:00:00Z,0.0,-35.875,8.125,18.34,0.19
2021-01-01T12:00:00Z,0.0,-35.875,12.125,19.48,0.57
2021-01-01T12:00:00Z,0.0,-35.875,16.125,21.28,1.47
2021-01-01T12:00:00Z,0.0,-35.875,20.125,20.58,0.15
2021-01-01T12:00:00Z,0.0,-35.875,24.125,22.13,0.49
2021-01-01T12:00:00Z,0.0,-35.875,28.125,21.67,0.1
2021-01-01T12:00:00Z,0.0,-35.875,32.125,21.35,0.26
2021-01-01T12:00:00Z,0.0,-35.875,36.125,22.71,1.94
2021-01-01T12:00:00Z,0.0,-35.875,40.125,19.68,-0.62
2021-01-01T12:00:00Z,0.0,-35.875,44.125,20.06,0.29
2021-01-01T12:00:00Z,0.0,-35.875,48.125,20.3,0.66
2021-01-01T12:00:00Z,0.0,-35.875,52.125,19.73,0.54
2021-01-01T12:00:00Z,0.0,-35.875,56.125,19.27,0.33
2021-01-01T12:00:00Z,0.0,-35.875,60.125,19.42,0.49
2021-01-01T12:00:00Z,0.0,-35.875,64.125,20.32,1.46
2021-01-01T12:00:00Z,0.0,-35.875,68.125,19.62,0.81
2021-01-01T12:00:00Z,0.0,-35.875,72.125,19.66,0.86
2021-01-01T12:00:00Z,0.0,-35.875,76.125,19.13,0.55
2021-01-01T12:00:00Z,0.0,-35.875,80.125,18.92,0.51
2021-01-01T12:00:00Z,0.0,-35.875,84.125,18.44,0.29
2021-01-01T12:00:00Z,0.0,-35.875,88.125,19.22,1.39
2021-01-01T12:00:00Z,0.0,-35.875,92.125,18.67,1.17
2021-01-01T12:00:00Z,0.0,-35.875,96.125,17.82,0.61
2021-01-01T12:00:00Z,0.0,-35.875,100.125,16.97,-0.1
2021-01-01T12:00:00Z,0.0,-35.875,104.125,16.76,-0.48
2021-01-01T12:00:00Z,0.0,-35.875,108.125,16.23,-1.25
2021-01-01T12:00:00Z,0.0,-35.875,112.125,16.78,-1.32
2021-01-01T12:00:00Z,0.0,-35.875,116.125,18.31,-0.23
2021-01-01T12:00:00Z,0.0,-35.875,120.125,18.14,-0.09
2021-01-01T12:00:00Z,0.0,-35.875,124.125,18.31,0.43
2021-01-01T12:00:00Z,0.0,-35.875,128.125,16.96,-0.65
2021-01-01T12:00:00Z,0.0,-35.875,132.125,16.2,-1.27
2021-01-01T12:00:00Z,0.0,-35.875,136.125,16.46,-1.21
2021-01-01T12:00:00Z,0.0,-35.875,140.125,NaN,NaN
2021-01-01T12:00:00Z,0.0,-35.875,144.125,NaN,NaN
2021-01-01T12:00:00Z,0.0,-35.875,148.125,NaN,NaN
2021-01-01T12:00:00Z,0.0,-35.875,152.125,22.87,1.5
2021-01-01T12:00:00Z,0.0,-35.875,156.125,19.49,-1.47
2021-01-01T12:00:00Z,0.0,-35.875,160.125,20.01,-0.35
2021-01-01T12:00:00Z,0.0,-35.875,164.125,20.36,0.77
2021-01-01T12:00:00Z,0.0,-35.875,168.125,19.97,0.91
2021-01-01T12:00:00Z,0.0,-35.875,172.125,19.46,0.24
2021-01-01T12:00:00Z,0.0,-35.875,176.125,19.9,-0.08
2021-01-01T12:00:00Z,0.0,-35.875,180.125,19.25,-0.32
2021-01-01T12:00:00Z,0.0,-35.875,184.125,19.72,0.35
2021-01-01T12:00:00Z,0.0,-35.875,188.125,19.38,0.21
2021-01-01T12:00:00Z,0.0,-35.875,192.125,19.78,0.92
2021-01-01T12:00:00Z,0.0,-35.875,196.125,19.27,0.69
2021-01-01T12:00:00Z,0.0,-35.875,200.125,18.74,0.42
2021-01-01T12:00:00Z,0.0,-35.875,204.125,18.98,0.74
2021-01-01T12:00:00Z,0.0,-35.875,208.125,19.2,1.04
2021-01-01T12:00:00Z,0.0,-35.875,212.125,18.86,0.75
2021-01-01T12:00:00Z,0.0,-35.875,216.125,19.45,1.38
2021-01-01T12:00:00Z,0.0,-35.875,220.125,20.34,2.23
2021-01-01T12:00:00Z,0.0,-35.875,224.125,20.11,1.9
2021-01-01T12:00:00Z,0.0,-35.875,228.125,19.71,1.45
2021-01-01T12:00:00Z,0.0,-35.875,232.125,20.78,2.47
2021-01-01T12:00:00Z,0.0,-35.875,236.125,20.38,1.87
2021-01-01T12:00:00Z,0.0,-35.875,240.125,19.28,0.54
2021-01-01T12:00:00Z,0.0,-35.875,244.125,20.04,1.25
2021-01-01T12:00:00Z,0.0,-35.875,248.125,19.86,1.03
2021-01-01T12:00:00Z,0.0,-35.875,252.125,18.98,0.25
2021-01-01T12:00:00Z,0.0,-35.875,256.125,19.44,0.84
2021-01-01T12:00:00Z,0.0,-35.875,260.125,18.74,0.11
2021-01-01T12:00:00Z,0.0,-35.875,264.125,18.29,-0.31
2021-01-01T12:00:00Z,0.0,-35.875,268.125,18.92,0.44
2021-01-01T12:00:00Z,0.0,-35.875,272.125,18.66,0.35
2021-01-01T12:00:00Z,0.0,-35.875,276.125,18.74,0.59
2021-01-01T12:00:00Z,0.0,-35.875,280.125,18.13,0.34
2021-01-01T12:00:00Z,0.0,-35.875,284.125,16.6,-0.29
2021-01-01T12:00:00Z,0.0,-35.875,288.125,NaN,NaN
2021-01-01T12:00:00Z,0.0,-35.875,292.125,NaN,NaN
2021-01-01T12:00:00Z,0.0,-35.875,296.125,NaN,NaN
2021-01-01T12:00:00Z,0.0,-35.875,300.125,NaN,NaN
2021-01-01T12:00:00Z,0.0,-35.875,304.125,21.28,0.79
2021-01-01T12:00:00Z,0.0,-35.875,308.125,21.0,-0.06
2021-01-01T12:00:00Z,0.0,-35.875,312.125,21.75,1.39
2021-01-01T12:00:00Z,0.0,-35.875,316.125,18.98,-0.86
2021-01-01T12:00:00Z,0.0,-35.875,320.125,19.65,0.28
2021-01-01T12:00:00Z,0.0,-35.875,324.125,20.39,1.45
2021-01-01T12:00:00Z,0.0,-35.875,328.125,20.17,1.59
2021-01-01T12:00:00Z,0.0,-35.875,332.125,20.86,2.54
2021-01-01T12:00:00Z,0.0,-35.875,336.125,21.21,3.02
2021-01-01T12:00:00Z,0.0,-35.875,340.125,20.58,2.27
2021-01-01T12:00:00Z,0.0,-35.875,344.125,20.82,2.47
2021-01-01T12:00:00Z,0.0,-35.875,348.125,21.02,2.63
2021-01-01T12:00:00Z,0.0,-35.875,352.125,20.57,2.38
2021-01-01T12:00:00Z,0.0,-35.875,356.125,19.9,1.78
2021-01-01T12:00:00Z,0.0,-31.875,0.125,21.46,0.77
2021-01-01T12:00:00Z,0.0,-31.875,4.125,20.32,-0.03
2021-01-01T12:00:00Z,0.0,-31.875,8.125,19.62,-0.32
2021-01-01T12:00:00Z,0.0,-31.875,12.125,19.53,-0.21
2021-01-01T12:00:00Z,0.0,-31.875,16.125,19.39,0.53
2021-01-01T12:00:00Z,0.0,-31.875,20.125,NaN,NaN
2021-01-01T12:00:00Z,0.0,-31.875,24.125,NaN,NaN
2021-01-01T12:00:00Z,0.0,-31.875,28.125,NaN,NaN
2021-01-01T12:00:00Z,0.0,-31.875,32.125,24.22,0.43
2021-01-01T12:00:00Z,0.0,-31.875,36.125,25.64,2.18
2021-01-01T12:00:00Z,0.0,-31.875,40.125,24.2,0.98
2021-01-01T12:00:00Z,0.0,-31.875,44.125,24.07,1.41
2021-01-01T12:00:00Z,0.0,-31.875,48.125,23.46,0.87
2021-01-01T12:00:00Z,0.0,-31.875,52.125,23.58,1.37
2021-01-01T12:00:00Z,0.0,-31.875,56.125,23.62,1.67
2021-01-01T12:00:00Z,0.0,-31.875,60.125,23.59,1.76
2021-01-01T12:00:00Z,0.0,-31.875,64.125,23.41,1.56
2021-01-01T12:00:00Z,0.0,-31.875,68.125,22.96,1.2
2021-01-01T12:00:00Z,0.0,-31.875,72.125,22.21,0.52
2021-01-01T12:00:00Z,0.0,-31.875,76.125,21.52,0.08
2021-01-01T12:00:00Z,0.0,-31.875,80.125,20.7,-0.54
2021-01-01T12:00:00Z,0.0,-31.875,84.125,19.86,-1.1
2021-01-01T12:00:00Z,0.0,-31.875,88.125,19.67,-0.92
2021-01-01T12:00:00Z,0.0,-31.875,92.125,19.14,-1.07
2021-01-01T12:00:00Z,0.0,-31.875,96.125,18.66,-1.19
2021-01-01T12:00:00Z,0.0,-31.875,100.125,18.71,-0.87
2021-01-01T12:00:00Z,0.0,-31.875,104.125,17.91,-1.63
2021-01-01T12:00:00Z,0.0,-31.875,108.125,19.31,-0.36
2021-01-01T12:00:00Z,0.0,-31.875,112.125,21.0,0.44
2021-01-01T12:00:00Z,0.0,-31.875,116.125,NaN,NaN
2021-01-01T12:00:00Z,0.0,-31.875,120.125,NaN,NaN
2021-01-01T12:00:00Z,0.0,-31.875,124.125,NaN,NaN
2021-01-01T12:00:00Z,0.0,-31.875,128.125,NaN,NaN
2021-01-01T12:00:00Z,0.0,-31.875,132.125,19.1,-0.78
2021-01-01T12:00:00Z,0.0,-31.875,136.125,NaN,NaN
2021-01-01T12:00:00Z,0.0,-31.875,140.125,NaN,NaN
2021-01-01T12:00:00Z,0.0,-31.875,144.125,NaN,NaN
2021-01-01T12:00:00Z,0.0,-31.875,148.125,NaN,NaN
2021-01-01T12:00:00Z,0.0,-31.875,152.125,NaN,NaN
2021-01-01T12:00:00Z,0.0,-31.875,156.125,24.16,0.74
2021-01-01T12:00:00Z,0.0,-31.875,160.125,23.09,0.43
2021-01-01T12:00:00Z,0.0,-31.875,164.125,22.45,0.51
2021-01-01T12:00:00Z,0.0,-31.875,168.125,21.97,0.75
2021-01-01T12:00:00Z,0.0,-31.875,172.125,21.96,0.75
2021-01-01T12:00:00Z,0.0,-31.875,176.125,21.56,0.02
2021-01-01T12:00:00Z,0.0,-31.875,180.125,21.13,-0.24
2021-01-01T12:00:00Z,0.0,-31.875,184.125,20.98,-0.42
2021-01-01T12:00:00Z,0.0,-31.875,188.125,21.58,0.37
2021-01-01T12:00:00Z,0.0,-31.875,192.125,22.09,1.16
2021-01-01T12:00:00Z,0.0,-31.875,196.125,21.13,0.38
2021-01-01T12:00:00Z,0.0,-31.875,200.125,21.08,0.44
2021-01-01T12:00:00Z,0.0,-31.875,204.125,22.82,2.2
2021-01-01T12:00:00Z,0.0,-31.875,208.125,23.34,2.74
2021-01-01T12:00:00Z,0.0,-31.875,212.125,22.63,1.94
2021-01-01T12:00:00Z,0.0,-31.875,216.125,23.04,2.24
2021-01-01T12:00:00Z,0.0,-31.875,220.125,22.85,1.89
2021-01-01T12:00:00Z,0.0,-31.875,224.125,23.3,2.18
2021-01-01T12:00:00Z,0.0,-31.875,228.125,23.03,1.7
2021-01-01T12:00:00Z,0.0,-31.875,232.125,22.67,1.18
2021-01-01T12:00:00Z,0.0,-31.875,236.125,23.43,1.7
2021-01-01T12:00:00Z,0.0,-31.875,240.125,23.28,1.48
2021-01-01T12:00:00Z,0.0,-31.875,244.125,23.49,1.7
2021-01-01T12:00:00Z,0.0,-31.875,248.125,22.63,0.95
2021-01-01T12:00:00Z,0.0,-31.875,252.125,21.98,0.45
2021-01-01T12:00:00Z,0.0,-31.875,256.125,21.48,0.12
2021-01-01T12:00:00Z,0.0,-31.875,260.125,20.82,-0.31
2021-01-01T12:00:00Z,0.0,-31.875,264.125,20.89,-0.01
2021-01-01T12:00:00Z,0.0,-31.875,268.125,20.82,0.14
2021-01-01T12:00:00Z,0.0,-31.875,272.125,21.16,0.8
2021-01-01T12:00:00Z,0.0,-31.875,276.125,19.79,-0.07
2021-01-01T12:00:00Z,0.0,-31.875,280.125,18.86,-0.23
2021-01-01T12:00:00Z,0.0,-31.875,284.125,16.73,-1.23
2021-01-01T12:00:00Z,0.0,-31.875,288.125,15.74,-1.27
2021-01-01T12:00:00Z,0.0,-31.875,292.125,NaN,NaN
2021-01-01T12:00:00Z,0.0,-31.875,296.125,NaN,NaN
2021-01-01T12:00:00Z,0.0,-31.875,300.125,NaN,NaN
2021-01-01T12:00:00Z,0.0,-31.875,304.125,NaN,NaN
2021-01-01T12:00:00Z,0.0,-31.875,308.125,24.21,1.55
2021-01-01T12:00:00Z,0.0,-31.875,312.125,23.92,1.0
2021-01-01T12:00:00Z,0.0,-31.875,316.125,22.35,0.4
2021-01-01T12:00:00Z,0.0,-31.875,320.125,22.38,0.81
2021-01-01T12:00:00Z,0.0,-31.875,324.125,21.76,0.34
2021-01-01T12:00:00Z,0.0,-31.875,328.125,23.01,1.62
2021-01-01T12:00:00Z,0.0,-31.875,332.125,23.72,2.3
2021-01-01T12:00:00Z,0.0,-31.875,336.125,23.74,2.18
2021-01-01T12:00:00Z,0.0,-31.875,340.125,23.68,2.07
2021-01-01T12:00:00Z,0.0,-31.875,344.125,23.06,1.51
2021-01-01T12:00:00Z,0.0,-31.875,348.125,23.26,1.7
2021-01-01T12:00:00Z,0.0,-31.875,352.125,22.16,0.81
2021-01-01T12:00:00Z,0.0,-31.875,356.125,21.62,0.68
2021-01-01T12:00:00Z,0.0,-27.875,0.125,21.86,0.11
2021-01-01T12:00:00Z,0.0,-27.875,4.125,21.02,-0.04
2021-01-01T12:00:00Z,0.0,-27.875,8.125,20.13,-0.22
2021-01-01T12:00:00Z,0.0,-27.875,12.125,19.65,0.02
2021-01-01T12:00:00Z,0.0,-27.875,16.125,NaN,NaN
2021-01-01T12:00:00Z,0.0,-27.875,20.125,NaN,NaN
2021-01-01T12:00:00Z,0.0,-27.875,24.125,NaN,NaN
2021-01-01T12:00:00Z,0.0,-27.875,28.125,NaN,NaN
2021-01-01T12:00:00Z,0.0,-27.875,32.125,NaN,NaN
2021-01-01T12:00:00Z,0.0,-27.875,36.125,27.21,1.57
2021-01-01T12:00:00Z,0.0,-27.875,40.125,25.91,0.47
2021-01-01T12:00:00Z,0.0,-27.875,44.125,24.9,-0.44
2021-01-01T12:00:00Z,0.0,-27.875,48.125,25.57,0.54
2021-01-01T12:00:00Z,0.0,-27.875,52.125,25.29,0.21
2021-01-01T12:00:00Z,0.0,-27.875,56.125,25.58,0.87
2021-01-01T12:00:00Z,0.0,-27.875,60.125,25.24,0.71
2021-01-01T12:00:00Z,0.0,-27.875,64.125,24.25,-0.1
2021-01-01T12:00:00Z,0.0,-27.875,68.125,23.48,-0.72
2021-01-01T12:00:00Z,0.0,-27.875,72.125,23.24,-0.74
2021-01-01T12:00:00Z,0.0,-27.875,76.125,22.35,-1.3
2021-01-01T12:00:00Z,0.0,-27.875,80.125,22.15,-1.18
2021-01-01T12:00:00Z,0.0,-27.875,84.125,22.67,-0.32
2021-01-01T12:00:00Z,0.0,-27.875,88.125,21.36,-1.16
2021-01-01T12:00:00Z,0.0,-27.875,92.125,21.12,-0.96
2021-01-01T12:00:00Z,0.0,-27.875,96.125,22.02,0.24
2021-01-01T12:00:00Z,0.0,-27.875,100.125,20.94,-0.62
2021-01-01T12:00:00Z,0.0,-27.875,104.125,20.87,-0.61
2021-01-01T12:00:00Z,0.0,-27.875,108.125,21.61,-0.04
2021-01-01T12:00:00Z,0.0,-27.875,112.125,23.28,0.79
2021-01-01T12:00:00Z,0.0,-27.875,116.125,NaN,NaN
2021-01-01T12:00:00Z,0.0,-27.875,120.125,NaN,NaN
2021-01-01T12:00:00Z,0.0,-27.875,124.125,NaN,NaN
2021-01-01T12:00:00Z,0.0,-27.875,128.125,NaN,NaN
2021-01-01T12:00:00Z,0.0,-27.875,132.125,NaN,NaN
2021-01-01T12:00:00Z,0.0,-27.875,136.125,NaN,NaN
2021-01-01T12:00:00Z,0.0,-27.875,140.125,NaN,NaN
2021-01-01T12:00:00Z,0.0,-27.875,144.125,NaN,NaN
2021-01-01T12:00:00Z,0.0,-27.875,148.125,NaN,NaN
2021-01-01T12:00:00Z,0.0,-27.875,152.125,NaN,NaN
2021-01-01T12:00:00Z,0.0,-27.875,156.125,25.51,0.75
2021-01-01T12:00:00Z,0.0,-27.875,160.125,24.25,0.29
2021-01-01T12:00:00Z,0.0,-27.875,164.125,23.88,0.26
2021-01-01T12:00:00Z,0.0,-27.875,168.125,22.77,-0.61
2021-01-01T12:00:00Z,0.0,-27.875,172.125,23.58,0.16
2021-01-01T12:00:00Z,0.0,-27.875,176.125,23.59,-0.03
2021-01-01T12:00:00Z,0.0,-27.875,180.125,23.41,-0.16
2021-01-01T12:00:00Z,0.0,-27.875,184.125,24.09,0.65
2021-01-01T12:00:00Z,0.0,-27.875,188.125,24.64,1.35
2021-01-01T12:00:00Z,0.0,-27.875,192.125,24.11,1.02
2021-01-01T12:00:00Z,0.0,-27.875,196.125,24.24,1.16
2021-01-01T12:00:00Z,0.0,-27.875,200.125,24.89,1.88
2021-01-01T12:00:00Z,0.0,-27.875,204.125,25.57,2.6
2021-01-01T12:00:00Z,0.0,-27.875,208.125,25.39,2.32
2021-01-01T12:00:00Z,0.0,-27.875,212.125,25.38,2.2
2021-01-01T12:00:00Z,0.0,-27.875,216.125,25.31,1.96
2021-01-01T12:00:00Z,0.0,-27.875,220.125,25.27,1.67
2021-01-01T12:00:00Z,0.0,-27.875,224.125,25.17,1.29
2021-01-01T12:00:00Z,0.0,-27.875,228.125,24.9,0.88
2021-01-01T12:00:00Z,0.0,-27.875,232.125,25.26,1.13
2021-01-01T12:00:00Z,0.0,-27.875,236.125,24.89,0.68
2021-01-01T12:00:00Z,0.0,-27.875,240.125,25.86,1.8
2021-01-01T12:00:00Z,0.0,-27.875,244.125,25.46,1.53
2021-01-01T12:00:00Z,0.0,-27.875,248.125,24.28,0.6
2021-01-01T12:00:00Z,0.0,-27.875,252.125,23.81,0.46
2021-01-01T12:00:00Z,0.0,-27.875,256.125,22.52,-0.49
2021-01-01T12:00:00Z,0.0,-27.875,260.125,22.47,-0.19
2021-01-01T12:00:00Z,0.0,-27.875,264.125,21.71,-0.54
2021-01-01T12:00:00Z,0.0,-27.875,268.125,21.76,-0.01
2021-01-01T12:00:00Z,0.0,-27.875,272.125,20.77,-0.37
2021-01-01T12:00:00Z,0.0,-27.875,276.125,19.87,-0.54
2021-01-01T12:00:00Z,0.0,-27.875,280.125,18.46,-1.07
2021-01-01T12:00:00Z,0.0,-27.875,284.125,16.66,-1.87
2021-01-01T12:00:00Z,0.0,-27.875,288.125,17.94,-0.27
2021-01-01T12:00:00Z,0.0,-27.875,292.125,NaN,NaN
2021-01-01T12:00:00Z,0.0,-27.875,296.125,NaN,NaN
2021-01-01T12:00:00Z,0.0,-27.875,300.125,NaN,NaN
2021-01-01T12:00:00Z,0.0,-27.875,304.125,NaN,NaN
2021-01-01T12:00:00Z,0.0,-27.875,308.125,NaN,NaN
2021-01-01T12:00:00Z,0.0,-27.875,312.125,26.29,1.5
2021-01-01T12:00:00Z,0.0,-27.875,316.125,25.91,1.57
2021-01-01T12:00:00Z,0.0,-27.875,320.125,24.5,0.57
2021-01-01T12:00:00Z,0.0,-27.875,324.125,25.03,1.13
2021-01-01T12:00:00Z,0.0,-27.875,328.125,25.21,1.31
2021-01-01T12:00:00Z,0.0,-27.875,332.125,25.5,1.47
2021-01-01T12:00:00Z,0.0,-27.875,336.125,25.88,1.84
2021-01-01T12:00:00Z,0.0,-27.875,340.125,24.76,0.82
2021-01-01T12:00:00Z,0.0,-27.875,344.125,24.02,0.26
2021-01-01T12:00:00Z,0.0,-27.875,348.125,23.58,0.18
2021-01-01T12:00:00Z,0.0,-27.875,352.125,23.02,0.05
2021-01-01T12:00:00Z,0.0,-27.875,356.125,22.33,-0.05
2021-01-01T12:00:00Z,0.0,-23.875,0.125,21.45,-0.35
2021-01-01T12:00:00Z,0.0,-23.875,4.125,20.39,-0.72
2021-01-01T12:00:00Z,0.0,-23.875,8.125,20.32,-0.21
2021-01-01T12:00:00Z,0.0,-23.875,12.125,18.59,-0.12
2021-01-01T12:00:00Z,0.0,-23.875,16.125,NaN,NaN
2021-01-01T12:00:00Z,0.0,-23.875,20.125,NaN,NaN
2021-01-01T12:00:00Z,0.0,-23.875,24.125,NaN,NaN
2021-01-01T12:00:00Z,0.0,-23.875,28.125,NaN,NaN
2021-01-01T12:00:00Z,0.0,-23.875,32.125,NaN,NaN
2021-01-01T12:00:00Z,0.0,-23.875,36.125,28.81,1.54
2021-01-01T12:00:00Z,0.0,-23.875,40.125,29.04,1.75
2021-01-01T12:00:00Z,0.0,-23.875,44.125,NaN,NaN
2021-01-01T12:00:00Z,0.0,-23.875,48.125,27.15,0.32
2021-01-01T12:00:00Z,0.0,-23.875,52.125,26.65,-0.01
2021-01-01T12:00:00Z,0.0,-23.875,56.125,25.77,-0.6
2021-01-01T12:00:00Z,0.0,-23.875,60.125,25.27,-0.88
2021-01-01T12:00:00Z,0.0,-23.875,64.125,24.43,-1.38
2021-01-01T12:00:00Z,0.0,-23.875,68.125,23.99,-1.56
2021-01-01T12:00:00Z,0.0,-23.875,72.125,24.86,-0.34
2021-01-01T12:00:00Z,0.0,-23.875,76.125,23.96,-0.92
2021-01-01T12:00:00Z,0.0,-23.875,80.125,24.34,-0.2
2021-01-01T12:00:00Z,0.0,-23.875,84.125,23.95,-0.2
2021-01-01T12:00:00Z,0.0,-23.875,88.125,23.33,-0.55
2021-01-01T12:00:00Z,0.0,-23.875,92.125,23.71,0.05
2021-01-01T12:00:00Z,0.0,-23.875,96.125,23.52,0.07
2021-01-01T12:00:00Z,0.0,-23.875,100.125,22.77,-0.38
2021-01-01T12:00:00Z,0.0,-23.875,104.125,22.81,-0.14
2021-01-01T12:00:00Z,0.0,-23.875,108.125,24.04,0.71
2021-01-01T12:00:00Z,0.0,-23.875,112.125,25.45,1.21
2021-01-01T12:00:00Z,0.0,-23.875,116.125,NaN,NaN
2021-01-01T12:00:00Z,0.0,-23.875,120.125,NaN,NaN
2021-01-01T12:00:00Z,0.0,-23.875,124.125,NaN,NaN
2021-01-01T12:00:00Z,0.0,-23.875,128.125,NaN,NaN
2021-01-01T12:00:00Z,0.0,-23.875,132.125,NaN,NaN
2021-01-01T12:00:00Z,0.0,-23.875,136.125,NaN,NaN
2021-01-01T12:00:00Z,0.0,-23.875,140.125,NaN,NaN
2021-01-01T12:00:00Z,0.0,-23.875,144.125,NaN,NaN
2021-01-01T12:00:00Z,0.0,-23.875,148.125,NaN,NaN
2021-01-01T12:00:00Z,0.0,-23.875,152.125,26.61,-0.18
2021-01-01T12:00:00Z,0.0,-23.875,156.125,25.67,-0.51
2021-01-01T12:00:00Z,0.0,-23.875,160.125,25.66,0.17
2021-01-01T12:00:00Z,0.0,-23.875,164.125,25.57,0.25
2021-01-01T12:00:00Z,0.0,-23.875,168.125,26.14,0.77
2021-01-01T12:00:00Z,0.0,-23.875,172.125,25.14,-0.33
2021-01-01T12:00:00Z,0.0,-23.875,176.125,25.86,0.39
2021-01-01T12:00:00Z,0.0,-23.875,180.125,25.71,0.29
2021-01-01T12:00:00Z,0.0,-23.875,184.125,26.25,0.91
2021-01-01T12:00:00Z,0.0,-23.875,188.125,26.71,1.48
2021-01-01T12:00:00Z,0.0,-23.875,192.125,25.9,0.68
2021-01-01T12:00:00Z,0.0,-23.875,196.125,26.97,1.73
2021-01-01T12:00:00Z,0.0,-23.875,200.125,27.41,2.18
2021-01-01T12:00:00Z,0.0,-23.875,204.125,27.04,1.84
2021-01-01T12:00:00Z,0.0,-23.875,208.125,26.23,1.07
2021-01-01T12:00:00Z,0.0,-23.875,212.125,26.62,1.29
2021-01-01T12:00:00Z,0.0,-23.875,216.125,27.16,1.6
2021-01-01T12:00:00Z,0.0,-23.875,220.125,27.49,1.83
2021-01-01T12:00:00Z,0.0,-23.875,224.125,26.7,0.91
2021-01-01T12:00:00Z,0.0,-23.875,228.125,26.43,0.55
2021-01-01T12:00:00Z,0.0,-23.875,232.125,26.02,0.23
2021-01-01T12:00:00Z,0.0,-23.875,236.125,25.99,0.4
2021-01-01T12:00:00Z,0.0,-23.875,240.125,26.22,0.9
2021-01-01T12:00:00Z,0.0,-23.875,244.125,25.49,0.52
2021-01-01T12:00:00Z,0.0,-23.875,248.125,24.73,0.18
2021-01-01T12:00:00Z,0.0,-23.875,252.125,24.12,-0.01
2021-01-01T12:00:00Z,0.0,-23.875,256.125,23.26,-0.38
2021-01-01T12:00:00Z,0.0,-23.875,260.125,22.68,-0.44
2021-01-01T12:00:00Z,0.0,-23.875,264.125,21.55,-1.0
2021-01-01T12:00:00Z,0.0,-23.875,268.125,20.45,-1.45
2021-01-01T12:00:00Z,0.0,-23.875,272.125,19.58,-1.64
2021-01-01T12:00:00Z,0.0,-23.875,276.125,18.96,-1.57
2021-01-01T12:00:00Z,0.0,-23.875,280.125,17.79,-2.05
2021-01-01T12:00:00Z,0.0,-23.875,284.125,18.33,-1.04
2021-01-01T12:00:00Z,0.0,-23.875,288.125,19.7,-0.67
2021-01-01T12:00:00Z,0.0,-23.875,292.125,NaN,NaN
2021-01-01T12:00:00Z,0.0,-23.875,296.125,NaN,NaN
2021-01-01T12:00:00Z,0.0,-23.875,300.125,NaN,NaN
2021-01-01T12:00:00Z,0.0,-23.875,304.125,NaN,NaN
2021-01-01T12:00:00Z,0.0,-23.875,308.125,NaN,NaN
2021-01-01T12:00:00Z,0.0,-23.875,312.125,NaN,NaN
2021-01-01T12:00:00Z,0.0,-23.875,316.125,26.36,1.3
2021-01-01T12:00:00Z,0.0,-23.875,320.125,26.95,1.44
2021-01-01T12:00:00Z,0.0,-23.875,324.125,26.58,0.92
2021-01-01T12:00:00Z,0.0,-23.875,328.125,26.4,0.68
2021-01-01T12:00:00Z,0.0,-23.875,332.125,26.09,0.46
2021-01-01T12:00:00Z,0.0,-23.875,336.125,25.43,-0.04
2021-01-01T12:00:00Z,0.0,-23.875,340.125,24.67,-0.39
2021-01-01T12:00:00Z,0.0,-23.875,344.125,24.17,-0.34
2021-01-01T12:00:00Z,0.0,-23.875,348.125,23.39,-0.53
2021-01-01T12:00:00Z,0.0,-23.875,352.125,22.62,-0.66
2021-01-01T12:00:00Z,0.0,-23.875,356.125,22.32,-0.19
2021-01-01T12:00:00Z,0.0,-19.875,0.125,20.98,-0.7
2021-01-01T12:00:00Z,0.0,-19.875,4.125,20.93,-0.4
2021-01-01T12:00:00Z,0.0,-19.875,8.125,20.85,0.17
2021-01-01T12:00:00Z,0.0,-19.875,12.125,18.85,0.19
2021-01-01T12:00:00Z,0.0,-19.875,16.125,NaN,NaN
2021-01-01T12:00:00Z,0.0,-19.875,20.125,NaN,NaN
2021-01-01T12:00:00Z,0.0,-19.875,24.125,NaN,NaN
2021-01-01T12:00:00Z,0.0,-19.875,28.125,NaN,NaN
2021-01-01T12:00:00Z,0.0,-19.875,32.125,NaN,NaN
2021-01-01T12:00:00Z,0.0,-19.875,36.125,28.16,0.24
2021-01-01T12:00:00Z,0.0,-19.875,40.125,28.91,0.54
2021-01-01T12:00:00Z,0.0,-19.875,44.125,29.65,1.01
2021-01-01T12:00:00Z,0.0,-19.875,48.125,NaN,NaN
2021-01-01T12:00:00Z,0.0,-19.875,52.125,27.51,0.01
2021-01-01T12:00:00Z,0.0,-19.875,56.125,27.22,0.11
2021-01-01T12:00:00Z,0.0,-19.875,60.125,26.88,0.05
2021-01-01T12:00:00Z,0.0,-19.875,64.125,26.11,-0.42
2021-01-01T12:00:00Z,0.0,-19.875,68.125,26.28,-0.03
2021-01-01T12:00:00Z,0.0,-19.875,72.125,26.11,0.03
2021-01-01T12:00:00Z,0.0,-19.875,76.125,26.48,0.62
2021-01-01T12:00:00Z,0.0,-19.875,80.125,26.56,0.95
2021-01-01T12:00:00Z,0.0,-19.875,84.125,25.79,0.23
2021-01-01T12:00:00Z,0.0,-19.875,88.125,25.87,0.45
2021-01-01T12:00:00Z,0.0,-19.875,92.125,25.81,0.47
2021-01-01T12:00:00Z,0.0,-19.875,96.125,24.87,-0.15
2021-01-01T12:00:00Z,0.0,-19.875,100.125,24.59,-0.06
2021-01-01T12:00:00Z,0.0,-19.875,104.125,23.55,-1.12
2021-01-01T12:00:00Z,0.0,-19.875,108.125,25.52,0.49
2021-01-01T12:00:00Z,0.0,-19.875,112.125,28.15,1.97
2021-01-01T12:00:00Z,0.0,-19.875,116.125,29.65,1.97
2021-01-01T12:00:00Z,0.0,-19.875,120.125,30.21,1.71
2021-01-01T12:00:00Z,0.0,-19.875,124.125,NaN,NaN
2021-01-01T12:00:00Z,0.0,-19.875,128.125,NaN,NaN
2021-01-01T12:00:00Z,0.0,-19.875,132.125,NaN,NaN
2021-01-01T12:00:00Z,0.0,-19.875,136.125,NaN,NaN
2021-01-01T12:00:00Z,0.0,-19.875,140.125,NaN,NaN
2021-01-01T12:00:00Z,0.0,-19.875,144.125,NaN,NaN
2021-01-01T12:00:00Z,0.0,-19.875,148.125,29.14,1.2
2021-01-01T12:00:00Z,0.0,-19.875,152.125,28.67,1.15
2021-01-01T12:00:00Z,0.0,-19.875,156.125,28.28,1.09
2021-01-01T12:00:00Z,0.0,-19.875,160.125,27.78,0.8
2021-01-01T12:00:00Z,0.0,-19.875,164.125,27.07,0.03
2021-01-01T12:00:00Z,0.0,-19.875,168.125,27.47,0.28
2021-01-01T12:00:00Z,0.0,-19.875,172.125,27.3,0.13
2021-01-01T12:00:00Z,0.0,-19.875,176.125,27.41,0.14
2021-01-01T12:00:00Z,0.0,-19.875,180.125,26.31,-0.81
2021-01-01T12:00:00Z,0.0,-19.875,184.125,27.86,0.79
2021-01-01T12:00:00Z,0.0,-19.875,188.125,27.57,0.47
2021-01-01T12:00:00Z,0.0,-19.875,192.125,28.54,1.42
2021-01-01T12:00:00Z,0.0,-19.875,196.125,28.78,1.68
2021-01-01T12:00:00Z,0.0,-19.875,200.125,28.8,1.78
2021-01-01T12:00:00Z,0.0,-19.875,204.125,28.29,1.29
2021-01-01T12:00:00Z,0.0,-19.875,208.125,28.71,1.63
2021-01-01T12:00:00Z,0.0,-19.875,212.125,28.28,1.11
2021-01-01T12:00:00Z,0.0,-19.875,216.125,27.84,0.64
2021-01-01T12:00:00Z,0.0,-19.875,220.125,27.75,0.61
2021-01-01T12:00:00Z,0.0,-19.875,224.125,26.9,-0.21
2021-01-01T12:00:00Z,0.0,-19.875,228.125,26.59,-0.33
2021-01-01T12:00:00Z,0.0,-19.875,232.125,26.3,-0.32
2021-01-01T12:00:00Z,0.0,-19.875,236.125,25.85,-0.47
2021-01-01T12:00:00Z,0.0,-19.875,240.125,25.3,-0.6
2021-01-01T12:00:00Z,0.0,-19.875,244.125,24.9,-0.5
2021-01-01T12:00:00Z,0.0,-19.875,248.125,24.17,-0.69
2021-01-01T12:00:00Z,0.0,-19.875,252.125,23.48,-0.79
2021-01-01T12:00:00Z,0.0,-19.875,256.125,22.46,-1.19
2021-01-01T12:00:00Z,0.0,-19.875,260.125,21.61,-1.44
2021-01-01T12:00:00Z,0.0,-19.875,264.125,21.01,-1.42
2021-01-01T12:00:00Z,0.0,-19.875,268.125,20.12,-1.69
2021-01-01T12:00:00Z,0.0,-19.875,272.125,19.42,-1.72
2021-01-01T12:00:00Z,0.0,-19.875,276.125,18.58,-1.95
2021-01-01T12:00:00Z,0.0,-19.875,280.125,18.33,-1.86
2021-01-01T12:00:00Z,0.0,-19.875,284.125,19.33,-1.75
2021-01-01T12:00:00Z,0.0,-19.875,288.125,22.2,-0.31
2021-01-01T12:00:00Z,0.0,-19.875,292.125,NaN,NaN
2021-01-01T12:00:00Z,0.0,-19.875,296.125,NaN,NaN
2021-01-01T12:00:00Z,0.0,-19.875,300.125,NaN,NaN
2021-01-01T12:00:00Z,0.0,-19.875,304.125,NaN,NaN
2021-01-01T12:00:00Z,0.0,-19.875,308.125,NaN,NaN
2021-01-01T12:00:00Z,0.0,-19.875,312.125,NaN,NaN
2021-01-01T12:00:00Z,0.0,-19.875,316.125,NaN,NaN
2021-01-01T12:00:00Z,0.0,-19.875,320.125,26.48,0.4
2021-01-01T12:00:00Z,0.0,-19.875,324.125,27.39,0.72
2021-01-01T12:00:00Z,0.0,-19.875,328.125,26.53,0.03
2021-01-01T12:00:00Z,0.0,-19.875,332.125,25.91,-0.2
2021-01-01T12:00:00Z,0.0,-19.875,336.125,25.18,-0.38
2021-01-01T12:00:00Z,0.0,-19.875,340.125,24.64,-0.26
2021-01-01T12:00:00Z,0.0,-19.875,344.125,23.88,-0.27
2021-01-01T12:00:00Z,0.0,-19.875,348.125,23.21,-0.18
2021-01-01T12:00:00Z,0.0,-19.875,352.125,22.21,-0.51
2021-01-01T12:00:00Z,0.0,-19.875,356.125,21.6,-0.54
2021-01-01T12:00:00Z,0.0,-15.875,0.125,21.7,-0.45
2021-01-01T12:00:00Z,0.0,-15.875,4.125,22.05,0.01
2021-01-01T12:00:00Z,0.0,-15.875,8.125,22.3,0.6
2021-01-01T12:00:00Z,0.0,-15.875,12.125,NaN,NaN
2021-01-01T12:00:00Z,0.0,-15.875,16.125,NaN,NaN
2021-01-01T12:00:00Z,0.0,-15.875,20.125,NaN,NaN
2021-01-01T12:00:00Z,0.0,-15.875,24.125,NaN,NaN
2021-01-01T12:00:00Z,0.0,-15.875,28.125,NaN,NaN
2021-01-01T12:00:00Z,0.0,-15.875,32.125,NaN,NaN
2021-01-01T12:00:00Z,0.0,-15.875,36.125,NaN,NaN
2021-01-01T12:00:00Z,0.0,-15.875,40.125,NaN,NaN
2021-01-01T12:00:00Z,0.0,-15.875,44.125,29.36,0.51
2021-01-01T12:00:00Z,0.0,-15.875,48.125,NaN,NaN
2021-01-01T12:00:00Z,0.0,-15.875,52.125,28.02,0.13
2021-01-01T12:00:00Z,0.0,-15.875,56.125,28.28,0.6
2021-01-01T12:00:00Z,0.0,-15.875,60.125,27.16,-0.3
2021-01-01T12:00:00Z,0.0,-15.875,64.125,27.32,0.01
2021-01-01T12:00:00Z,0.0,-15.875,68.125,27.39,0.2
2021-01-01T12:00:00Z,0.0,-15.875,72.125,28.59,1.46
2021-01-01T12:00:00Z,0.0,-15.875,76.125,28.41,1.23
2021-01-01T12:00:00Z,0.0,-15.875,80.125,27.8,0.58
2021-01-01T12:00:00Z,0.0,-15.875,84.125,28.2,1.04
2021-01-01T12:00:00Z,0.0,-15.875,88.125,27.58,0.51
2021-01-01T12:00:00Z,0.0,-15.875,92.125,27.11,0.28
2021-01-01T12:00:00Z,0.0,-15.875,96.125,26.58,0.01
2021-01-01T12:00:00Z,0.0,-15.875,100.125,26.69,0.37
2021-01-01T12:00:00Z,0.0,-15.875,104.125,27.02,0.41
2021-01-01T12:00:00Z,0.0,-15.875,108.125,27.79,0.68
2021-01-01T12:00:00Z,0.0,-15.875,112.125,29.25,1.54
2021-01-01T12:00:00Z,0.0,-15.875,116.125,30.3,1.8
2021-01-01T12:00:00Z,0.0,-15.875,120.125,30.56,1.4
2021-01-01T12:00:00Z,0.0,-15.875,124.125,30.4,1.24
2021-01-01T12:00:00Z,0.0,-15.875,128.125,NaN,NaN
2021-01-01T12:00:00Z,0.0,-15.875,132.125,NaN,NaN
2021-01-01T12:00:00Z,0.0,-15.875,136.125,NaN,NaN
2021-01-01T12:00:00Z,0.0,-15.875,140.125,31.26,1.28
2021-01-01T12:00:00Z,0.0,-15.875,144.125,NaN,NaN
2021-01-01T12:00:00Z,0.0,-15.875,148.125,30.29,1.95
2021-01-01T12:00:00Z,0.0,-15.875,152.125,30.46,2.12
2021-01-01T12:00:00Z,0.0,-15.875,156.125,29.75,1.3
2021-01-01T12:00:00Z,0.0,-15.875,160.125,29.52,1.12
2021-01-01T12:00:00Z,0.0,-15.875,164.125,29.42,0.99
2021-01-01T12:00:00Z,0.0,-15.875,168.125,29.01,0.51
2021-01-01T12:00:00Z,0.0,-15.875,172.125,28.54,0.01
2021-01-01T12:00:00Z,0.0,-15.875,176.125,28.71,0.05
2021-01-01T12:00:00Z,0.0,-15.875,180.125,26.22,-2.24
2021-01-01T12:00:00Z,0.0,-15.875,184.125,29.05,0.57
2021-01-01T12:00:00Z,0.0,-15.875,188.125,29.73,1.24
2021-01-01T12:00:00Z,0.0,-15.875,192.125,29.33,0.87
2021-01-01T12:00:00Z,0.0,-15.875,196.125,29.45,1.08
2021-01-01T12:00:00Z,0.0,-15.875,200.125,29.16,0.84
2021-01-01T12:00:00Z,0.0,-15.875,204.125,28.84,0.55
2021-01-01T12:00:00Z,0.0,-15.875,208.125,28.94,0.68
2021-01-01T12:00:00Z,0.0,-15.875,212.125,28.35,0.19
2021-01-01T12:00:00Z,0.0,-15.875,216.125,28.33,0.19
2021-01-01T12:00:00Z,0.0,-15.875,220.125,27.54,-0.46
2021-01-01T12:00:00Z,0.0,-15.875,224.125,27.08,-0.71
2021-01-01T12:00:00Z,0.0,-15.875,228.125,26.6,-0.86
2021-01-01T12:00:00Z,0.0,-15.875,232.125,25.96,-1.11
2021-01-01T12:00:00Z,0.0,-15.875,236.125,25.44,-1.19
2021-01-01T12:00:00Z,0.0,-15.875,240.125,24.82,-1.28
2021-01-01T12:00:00Z,0.0,-15.875,244.125,24.3,-1.26
2021-01-01T12:00:00Z,0.0,-15.875,248.125,23.61,-1.37
2021-01-01T12:00:00Z,0.0,-15.875,252.125,22.88,-1.49
2021-01-01T12:00:00Z,0.0,-15.875,256.125,22.36,-1.36
2021-01-01T12:00:00Z,0.0,-15.875,260.125,21.8,-1.31
2021-01-01T12:00:00Z,0.0,-15.875,264.125,20.97,-1.52
2021-01-01T12:00:00Z,0.0,-15.875,268.125,19.97,-1.91
2021-01-01T12:00:00Z,0.0,-15.875,272.125,19.34,-2.03
2021-01-01T12:00:00Z,0.0,-15.875,276.125,19.64,-1.57
2021-01-01T12:00:00Z,0.0,-15.875,280.125,20.45,-1.22
2021-01-01T12:00:00Z,0.0,-15.875,284.125,20.43,-1.0
2021-01-01T12:00:00Z,0.0,-15.875,288.125,NaN,NaN
2021-01-01T12:00:00Z,0.0,-15.875,292.125,NaN,NaN
2021-01-01T12:00:00Z,0.0,-15.875,296.125,NaN,NaN
2021-01-01T12:00:00Z,0.0,-15.875,300.125,NaN,NaN
2021-01-01T12:00:00Z,0.0,-15.875,304.125,NaN,NaN
2021-01-01T12:00:00Z,0.0,-15.875,308.125,NaN,NaN
2021-01-01T12:00:00Z,0.0,-15.875,312.125,NaN,NaN
2021-01-01T12:00:00Z,0.0,-15.875,316.125,NaN,NaN
2021-01-01T12:00:00Z,0.0,-15.875,320.125,NaN,NaN
2021-01-01T12:00:00Z,0.0,-15.875,324.125,28.02,0.73
2021-01-01T12:00:00Z,0.0,-15.875,328.125,26.84,-0.1
2021-01-01T12:00:00Z,0.0,-15.875,332.125,25.7,-0.54
2021-01-01T12:00:00Z,0.0,-15.875,336.125,24.68,-0.73
2021-01-01T12:00:00Z,0.0,-15.875,340.125,23.7,-0.9
2021-01-01T12:00:00Z,0.0,-15.875,344.125,23.61,-0.17
2021-01-01T12:00:00Z,0.0,-15.875,348.125,22.51,-0.64
2021-01-01T12:00:00Z,0.0,-15.875,352.125,22.25,-0.37
2021-01-01T12:00:00Z,0.0,-15.875,356.125,21.67,-0.6
2021-01-01T12:00:00Z,0.0,-11.875,0.125,23.11,-0.3
2021-01-01T12:00:00Z,0.0,-11.875,4.125,23.59,-0.04
2021-01-01T12:00:00Z,0.0,-11.875,8.125,24.76,0.05
2021-01-01T12:00:00Z,0.0,-11.875,12.125,27.22,1.37
2021-01-01T12:00:00Z,0.0,-11.875,16.125,NaN,NaN
2021-01-01T12:00:00Z,0.0,-11.875,20.125,NaN,NaN
2021-01-01T12:00:00Z,0.0,-11.875,24.125,NaN,NaN
2021-01-01T12:00:00Z,0.0,-11.875,28.125,NaN,NaN
2021-01-01T12:00:00Z,0.0,-11.875,32.125,NaN,NaN
2021-01-01T12:00:00Z,0.0,-11.875,36.125,NaN,NaN
2021-01-01T12:00:00Z,0.0,-11.875,40.125,NaN,NaN
2021-01-01T12:00:00Z,0.0,-11.875,44.125,29.79,1.36
2021-01-01T12:00:00Z,0.0,-11.875,48.125,29.31,1.1
2021-01-01T12:00:00Z,0.0,-11.875,52.125,28.97,0.81
2021-01-01T12:00:00Z,0.0,-11.875,56.125,29.27,1.09
2021-01-01T12:00:00Z,0.0,-11.875,60.125,28.95,0.79
2021-01-01T12:00:00Z,0.0,-11.875,64.125,29.15,1.04
2021-01-01T12:00:00Z,0.0,-11.875,68.125,28.73,0.71
2021-01-01T12:00:00Z,0.0,-11.875,72.125,28.51,0.43
2021-01-01T12:00:00Z,0.0,-11.875,76.125,29.03,0.89
2021-01-01T12:00:00Z,0.0,-11.875,80.125,29.21,1.04
2021-01-01T12:00:00Z,0.0,-11.875,84.125,28.48,0.41
2021-01-01T12:00:00Z,0.0,-11.875,88.125,28.48,0.64
2021-01-01T12:00:00Z,0.0,-11.875,92.125,28.06,0.35
2021-01-01T12:00:00Z,0.0,-11.875,96.125,27.47,-0.11
2021-01-01T12:00:00Z,0.0,-11.875,100.125,28.43,0.76
2021-01-01T12:00:00Z,0.0,-11.875,104.125,28.11,0.18
2021-01-01T12:00:00Z,0.0,-11.875,108.125,29.18,0.94
2021-01-01T12:00:00Z,0.0,-11.875,112.125,29.76,1.03
2021-01-01T12:00:00Z,0.0,-11.875,116.125,29.95,0.81
2021-01-01T12:00:00Z,0.0,-11.875,120.125,30.36,0.87
2021-01-01T12:00:00Z,0.0,-11.875,124.125,30.41,0.79
2021-01-01T12:00:00Z,0.0,-11.875,128.125,30.45,0.69
2021-01-01T12:00:00Z,0.0,-11.875,132.125,30.57,0.57
2021-01-01T12:00:00Z,0.0,-11.875,136.125,30.43,0.74
2021-01-01T12:00:00Z,0.0,-11.875,140.125,30.86,1.37
2021-01-01T12:00:00Z,0.0,-11.875,144.125,30.37,1.71
2021-01-01T12:00:00Z,0.0,-11.875,148.125,30.68,1.91
2021-01-01T12:00:00Z,0.0,-11.875,152.125,30.12,1.24
2021-01-01T12:00:00Z,0.0,-11.875,156.125,30.32,1.08
2021-01-01T12:00:00Z,0.0,-11.875,160.125,30.48,1.22
2021-01-01T12:00:00Z,0.0,-11.875,164.125,29.81,0.62
2021-01-01T12:00:00Z,0.0,-11.875,168.125,29.44,0.28
2021-01-01T12:00:00Z,0.0,-11.875,172.125,29.52,0.32
2021-01-01T12:00:00Z,0.0,-11.875,176.125,29.1,-0.15
2021-01-01T12:00:00Z,0.0,-11.875,180.125,29.37,0.15
2021-01-01T12:00:00Z,0.0,-11.875,184.125,29.21,0.06
2021-01-01T12:00:00Z,0.0,-11.875,188.125,29.07,0.01
2021-01-01T12:00:00Z,0.0,-11.875,192.125,29.21,0.17
2021-01-01T12:00:00Z,0.0,-11.875,196.125,29.15,0.21
2021-01-01T12:00:00Z,0.0,-11.875,200.125,29.47,0.61
2021-01-01T12:00:00Z,0.0,-11.875,204.125,29.27,0.47
2021-01-01T12:00:00Z,0.0,-11.875,208.125,29.05,0.38
2021-01-01T12:00:00Z,0.0,-11.875,212.125,28.35,-0.2
2021-01-01T12:00:00Z,0.0,-11.875,216.125,28.08,-0.3
2021-01-01T12:00:00Z,0.0,-11.875,220.125,27.51,-0.62
2021-01-01T12:00:00Z,0.0,-11.875,224.125,26.88,-0.91
2021-01-01T12:00:00Z,0.0,-11.875,228.125,26.47,-0.95
2021-01-01T12:00:00Z,0.0,-11.875,232.125,26.03,-1.01
2021-01-01T12:00:00Z,0.0,-11.875,236.125,25.48,-1.13
2021-01-01T12:00:00Z,0.0,-11.875,240.125,25.09,-1.05
2021-01-01T12:00:00Z,0.0,-11.875,244.125,24.41,-1.25
2021-01-01T12:00:00Z,0.0,-11.875,248.125,24.01,-1.11
2021-01-01T12:00:00Z,0.0,-11.875,252.125,23.33,-1.22
2021-01-01T12:00:00Z,0.0,-11.875,256.125,22.98,-1.04
2021-01-01T12:00:00Z,0.0,-11.875,260.125,22.63,-0.87
2021-01-01T12:00:00Z,0.0,-11.875,264.125,21.92,-1.13
2021-01-01T12:00:00Z,0.0,-11.875,268.125,21.85,-0.93
2021-01-01T12:00:00Z,0.0,-11.875,272.125,21.6,-1.16
2021-01-01T12:00:00Z,0.0,-11.875,276.125,22.4,-0.64
2021-01-01T12:00:00Z,0.0,-11.875,280.125,21.96,-0.83
2021-01-01T12:00:00Z,0.0,-11.875,284.125,NaN,NaN
2021-01-01T12:00:00Z,0.0,-11.875,288.125,NaN,NaN
2021-01-01T12:00:00Z,0.0,-11.875,292.125,NaN,NaN
2021-01-01T12:00:00Z,0.0,-11.875,296.125,NaN,NaN
2021-01-01T12:00:00Z,0.0,-11.875,300.125,NaN,NaN
2021-01-01T12:00:00Z,0.0,-11.875,304.125,NaN,NaN
2021-01-01T12:00:00Z,0.0,-11.875,308.125,NaN,NaN
2021-01-01T12:00:00Z,0.0,-11.875,312.125,NaN,NaN
2021-01-01T12:00:00Z,0.0,-11.875,316.125,NaN,NaN
2021-01-01T12:00:00Z,0.0,-11.875,320.125,NaN,NaN
2021-01-01T12:00:00Z,0.0,-11.875,324.125,27.74,0.37
2021-01-01T12:00:00Z,0.0,-11.875,328.125,27.34,0.13
2021-01-01T12:00:00Z,0.0,-11.875,332.125,26.63,0.04
2021-01-01T12:00:00Z,0.0,-11.875,336.125,26.22,0.3
2021-01-01T12:00:00Z,0.0,-11.875,340.125,25.01,-0.25
2021-01-01T12:00:00Z,0.0,-11.875,344.125,24.17,-0.45
2021-01-01T12:00:00Z,0.0,-11.875,348.125,23.8,-0.31
2021-01-01T12:00:00Z,0.0,-11.875,352.125,23.39,-0.36
2021-01-01T12:00:00Z,0.0,-11.875,356.125,23.22,-0.36
2021-01-01T12:00:00Z,0.0,-7.875,0.125,25.01,-0.15
2021-01-01T12:00:00Z,0.0,-7.875,4.125,26.33,0.56
2021-01-01T12:00:00Z,0.0,-7.875,8.125,26.74,0.03
2021-01-01T12:00:00Z,0.0,-7.875,12.125,26.93,0.24
2021-01-01T12:00:00Z,0.0,-7.875,16.125,NaN,NaN
2021-01-01T12:00:00Z,0.0,-7.875,20.125,NaN,NaN
2021-01-01T12:00:00Z,0.0,-7.875,24.125,NaN,NaN
2021-01-01T12:00:00Z,0.0,-7.875,28.125,NaN,NaN
2021-01-01T12:00:00Z,0.0,-7.875,32.125,NaN,NaN
2021-01-01T12:00:00Z,0.0,-7.875,36.125,NaN,NaN
2021-01-01T12:00:00Z,0.0,-7.875,40.125,29.19,0.62
2021-01-01T12:00:00Z,0.0,-7.875,44.125,29.79,1.11
2021-01-01T12:00:00Z,0.0,-7.875,48.125,29.61,1.1
2021-01-01T12:00:00Z,0.0,-7.875,52.125,28.25,-0.16
2021-01-01T12:00:00Z,0.0,-7.875,56.125,28.92,0.63
2021-01-01T12:00:00Z,0.0,-7.875,60.125,28.74,0.41
2021-01-01T12:00:00Z,0.0,-7.875,64.125,28.89,0.52
2021-01-01T12:00:00Z,0.0,-7.875,68.125,28.99,0.57
2021-01-01T12:00:00Z,0.0,-7.875,72.125,28.82,0.51
2021-01-01T12:00:00Z,0.0,-7.875,76.125,28.81,0.51
2021-01-01T12:00:00Z,0.0,-7.875,80.125,28.42,0.11
2021-01-01T12:00:00Z,0.0,-7.875,84.125,28.13,-0.16
2021-01-01T12:00:00Z,0.0,-7.875,88.125,28.27,-0.04
2021-01-01T12:00:00Z,0.0,-7.875,92.125,28.16,-0.16
2021-01-01T12:00:00Z,0.0,-7.875,96.125,28.27,-0.16
2021-01-01T12:00:00Z,0.0,-7.875,100.125,28.66,0.2
2021-01-01T12:00:00Z,0.0,-7.875,104.125,28.23,-0.25
2021-01-01T12:00:00Z,0.0,-7.875,108.125,28.7,0.05
2021-01-01T12:00:00Z,0.0,-7.875,112.125,NaN,NaN
2021-01-01T12:00:00Z,0.0,-7.875,116.125,28.65,-0.32
2021-01-01T12:00:00Z,0.0,-7.875,120.125,29.23,0.25
2021-01-01T12:00:00Z,0.0,-7.875,124.125,29.23,0.14
2021-01-01T12:00:00Z,0.0,-7.875,128.125,30.01,0.67
2021-01-01T12:00:00Z,0.0,-7.875,132.125,29.68,0.34
2021-01-01T12:00:00Z,0.0,-7.875,136.125,29.69,0.42
2021-01-01T12:00:00Z,0.0,-7.875,140.125,NaN,NaN
2021-01-01T12:00:00Z,0.0,-7.875,144.125,30.4,1.42
2021-01-01T12:00:00Z,0.0,-7.875,148.125,30.21,0.73
2021-01-01T12:00:00Z,0.0,-7.875,152.125,30.11,0.55
2021-01-01T12:00:00Z,0.0,-7.875,156.125,30.2,0.47
2021-01-01T12:00:00Z,0.0,-7.875,160.125,29.61,-0.09
2021-01-01T12:00:00Z,0.0,-7.875,164.125,29.86,0.27
2021-01-01T12:00:00Z,0.0,-7.875,168.125,29.9,0.34
2021-01-01T12:00:00Z,0.0,-7.875,172.125,29.5,-0.01
2021-01-01T12:00:00Z,0.0,-7.875,176.125,29.48,-0.01
2021-01-01T12:00:00Z,0.0,-7.875,180.125,29.97,0.54
2021-01-01T12:00:00Z,0.0,-7.875,184.125,29.63,0.31
2021-01-01T12:00:00Z,0.0,-7.875,188.125,29.44,0.26
2021-01-01T12:00:00Z,0.0,-7.875,192.125,28.95,-0.11
2021-01-01T12:00:00Z,0.0,-7.875,196.125,28.47,-0.43
2021-01-01T12:00:00Z,0.0,-7.875,200.125,28.5,-0.28
2021-01-01T12:00:00Z,0.0,-7.875,204.125,27.64,-0.94
2021-01-01T12:00:00Z,0.0,-7.875,208.125,27.54,-0.8
2021-01-01T12:00:00Z,0.0,-7.875,212.125,26.99,-1.1
2021-01-01T12:00:00Z,0.0,-7.875,216.125,27.0,-0.85
2021-01-01T12:00:00Z,0.0,-7.875,220.125,27.04,-0.54
2021-01-01T12:00:00Z,0.0,-7.875,224.125,26.19,-1.06
2021-01-01T12:00:00Z,0.0,-7.875,228.125,25.89,-1.07
2021-01-01T12:00:00Z,0.0,-7.875,232.125,25.22,-1.37
2021-01-01T12:00:00Z,0.0,-7.875,236.125,24.95,-1.26
2021-01-01T12:00:00Z,0.0,-7.875,240.125,24.82,-1.03
2021-01-01T12:00:00Z,0.0,-7.875,244.125,24.63,-0.87
2021-01-01T12:00:00Z,0.0,-7.875,248.125,24.28,-0.87
2021-01-01T12:00:00Z,0.0,-7.875,252.125,24.03,-0.76
2021-01-01T12:00:00Z,0.0,-7.875,256.125,24.04,-0.43
2021-01-01T12:00:00Z,0.0,-7.875,260.125,23.4,-0.84
2021-01-01T12:00:00Z,0.0,-7.875,264.125,23.46,-0.64
2021-01-01T12:00:00Z,0.0,-7.875,268.125,23.38,-0.68
2021-01-01T12:00:00Z,0.0,-7.875,272.125,23.56,-0.56
2021-01-01T12:00:00Z,0.0,-7.875,276.125,23.01,-0.86
2021-01-01T12:00:00Z,0.0,-7.875,280.125,19.13,-2.2
2021-01-01T12:00:00Z,0.0,-7.875,284.125,NaN,NaN
2021-01-01T12:00:00Z,0.0,-7.875,288.125,NaN,NaN
2021-01-01T12:00:00Z,0.0,-7.875,292.125,NaN,NaN
2021-01-01T12:00:00Z,0.0,-7.875,296.125,NaN,NaN
2021-01-01T12:00:00Z,0.0,-7.875,300.125,NaN,NaN
2021-01-01T12:00:00Z,0.0,-7.875,304.125,NaN,NaN
2021-01-01T12:00:00Z,0.0,-7.875,308.125,NaN,NaN
2021-01-01T12:00:00Z,0.0,-7.875,312.125,NaN,NaN
2021-01-01T12:00:00Z,0.0,-7.875,316.125,NaN,NaN
2021-01-01T12:00:00Z,0.0,-7.875,320.125,NaN,NaN
2021-01-01T12:00:00Z,0.0,-7.875,324.125,NaN,NaN
2021-01-01T12:00:00Z,0.0,-7.875,328.125,27.49,0.07
2021-01-01T12:00:00Z,0.0,-7.875,332.125,26.99,0.03
2021-01-01T12:00:00Z,0.0,-7.875,336.125,26.44,-0.07
2021-01-01T12:00:00Z,0.0,-7.875,340.125,26.02,-0.05
2021-01-01T12:00:00Z,0.0,-7.875,344.125,25.18,-0.47
2021-01-01T12:00:00Z,0.0,-7.875,348.125,24.86,-0.44
2021-01-01T12:00:00Z,0.0,-7.875,352.125,24.47,-0.58
2021-01-01T12:00:00Z,0.0,-7.875,356.125,24.66,-0.26
2021-01-01T12:00:00Z,0.0,-3.875,0.125,26.3,-0.16
2021-01-01T12:00:00Z,0.0,-3.875,4.125,27.58,0.57
2021-01-01T12:00:00Z,0.0,-3.875,8.125,27.28,0.01
2021-01-01T12:00:00Z,0.0,-3.875,12.125,NaN,NaN
2021-01-01T12:00:00Z,0.0,-3.875,16.125,NaN,NaN
2021-01-01T12:00:00Z,0.0,-3.875,20.125,NaN,NaN
2021-01-01T12:00:00Z,0.0,-3.875,24.125,NaN,NaN
2021-01-01T12:00:00Z,0.0,-3.875,28.125,NaN,NaN
2021-01-01T12:00:00Z,0.0,-3.875,32.125,NaN,NaN
2021-01-01T12:00:00Z,0.0,-3.875,36.125,NaN,NaN
2021-01-01T12:00:00Z,0.0,-3.875,40.125,28.52,0.45
2021-01-01T12:00:00Z,0.0,-3.875,44.125,28.57,0.59
2021-01-01T12:00:00Z,0.0,-3.875,48.125,29.65,1.35
2021-01-01T12:00:00Z,0.0,-3.875,52.125,28.94,0.55
2021-01-01T12:00:00Z,0.0,-3.875,56.125,28.14,-0.1
2021-01-01T12:00:00Z,0.0,-3.875,60.125,28.38,0.14
2021-01-01T12:00:00Z,0.0,-3.875,64.125,28.74,0.44
2021-01-01T12:00:00Z,0.0,-3.875,68.125,28.65,0.31
2021-01-01T12:00:00Z,0.0,-3.875,72.125,28.43,0.11
2021-01-01T12:00:00Z,0.0,-3.875,76.125,28.61,0.28
2021-01-01T12:00:00Z,0.0,-3.875,80.125,28.66,0.32
2021-01-01T12:00:00Z,0.0,-3.875,84.125,28.62,0.18
2021-01-01T12:00:00Z,0.0,-3.875,88.125,28.59,0.05
2021-01-01T12:00:00Z,0.0,-3.875,92.125,28.23,-0.43
2021-01-01T12:00:00Z,0.0,-3.875,96.125,28.09,-0.63
2021-01-01T12:00:00Z,0.0,-3.875,100.125,28.93,0.25
2021-01-01T12:00:00Z,0.0,-3.875,104.125,NaN,NaN
2021-01-01T12:00:00Z,0.0,-3.875,108.125,28.61,0.11
2021-01-01T12:00:00Z,0.0,-3.875,112.125,28.78,-0.04
2021-01-01T12:00:00Z,0.0,-3.875,116.125,28.93,-0.16
2021-01-01T12:00:00Z,0.0,-3.875,120.125,NaN,NaN
2021-01-01T12:00:00Z,0.0,-3.875,124.125,30.13,0.75
2021-01-01T12:00:00Z,0.0,-3.875,128.125,29.79,0.58
2021-01-01T12:00:00Z,0.0,-3.875,132.125,29.94,0.67
2021-01-01T12:00:00Z,0.0,-3.875,136.125,NaN,NaN
2021-01-01T12:00:00Z,0.0,-3.875,140.125,NaN,NaN
2021-01-01T12:00:00Z,0.0,-3.875,144.125,NaN,NaN
2021-01-01T12:00:00Z,0.0,-3.875,148.125,30.31,1.0
2021-01-01T12:00:00Z,0.0,-3.875,152.125,30.11,0.48
2021-01-01T12:00:00Z,0.0,-3.875,156.125,29.83,0.21
2021-01-01T12:00:00Z,0.0,-3.875,160.125,29.68,0.09
2021-01-01T12:00:00Z,0.0,-3.875,164.125,29.74,0.28
2021-01-01T12:00:00Z,0.0,-3.875,168.125,29.25,-0.16
2021-01-01T12:00:00Z,0.0,-3.875,172.125,29.42,0.08
2021-01-01T12:00:00Z,0.0,-3.875,176.125,29.01,-0.21
2021-01-01T12:00:00Z,0.0,-3.875,180.125,28.33,-0.78
2021-01-01T12:00:00Z,0.0,-3.875,184.125,28.28,-0.63
2021-01-01T12:00:00Z,0.0,-3.875,188.125,27.96,-0.69
2021-01-01T12:00:00Z,0.0,-3.875,192.125,27.49,-0.91
2021-01-01T12:00:00Z,0.0,-3.875,196.125,27.37,-0.74
2021-01-01T12:00:00Z,0.0,-3.875,200.125,27.17,-0.7
2021-01-01T12:00:00Z,0.0,-3.875,204.125,26.83,-0.78
2021-01-01T12:00:00Z,0.0,-3.875,208.125,26.41,-0.94
2021-01-01T12:00:00Z,0.0,-3.875,212.125,26.48,-0.64
2021-01-01T12:00:00Z,0.0,-3.875,216.125,25.66,-1.23
2021-01-01T12:00:00Z,0.0,-3.875,220.125,25.67,-0.98
2021-01-01T12:00:00Z,0.0,-3.875,224.125,25.65,-0.74
2021-01-01T12:00:00Z,0.0,-3.875,228.125,24.96,-1.16
2021-01-01T12:00:00Z,0.0,-3.875,232.125,25.06,-0.75
2021-01-01T12:00:00Z,0.0,-3.875,236.125,24.57,-0.93
2021-01-01T12:00:00Z,0.0,-3.875,240.125,24.56,-0.65
2021-01-01T12:00:00Z,0.0,-3.875,244.125,24.26,-0.66
2021-01-01T12:00:00Z,0.0,-3.875,248.125,23.77,-0.91
2021-01-01T12:00:00Z,0.0,-3.875,252.125,23.77,-0.7
2021-01-01T12:00:00Z,0.0,-3.875,256.125,23.17,-1.17
2021-01-01T12:00:00Z,0.0,-3.875,260.125,23.42,-0.77
2021-01-01T12:00:00Z,0.0,-3.875,264.125,23.13,-1.03
2021-01-01T12:00:00Z,0.0,-3.875,268.125,23.48,-0.79
2021-01-01T12:00:00Z,0.0,-3.875,272.125,23.11,-1.17
2021-01-01T12:00:00Z,0.0,-3.875,276.125,21.48,-1.43
2021-01-01T12:00:00Z,0.0,-3.875,280.125,NaN,NaN
2021-01-01T12:00:00Z,0.0,-3.875,284.125,NaN,NaN
2021-01-01T12:00:00Z,0.0,-3.875,288.125,NaN,NaN
2021-01-01T12:00:00Z,0.0,-3.875,292.125,NaN,NaN
2021-01-01T12:00:00Z,0.0,-3.875,296.125,NaN,NaN
2021-01-01T12:00:00Z,0.0,-3.875,300.125,NaN,NaN
2021-01-01T12:00:00Z,0.0,-3.875,304.125,NaN,NaN
2021-01-01T12:00:00Z,0.0,-3.875,308.125,NaN,NaN
2021-01-01T12:00:00Z,0.0,-3.875,312.125,NaN,NaN
2021-01-01T12:00:00Z,0.0,-3.875,316.125,NaN,NaN
2021-01-01T12:00:00Z,0.0,-3.875,320.125,NaN,NaN
2021-01-01T12:00:00Z,0.0,-3.875,324.125,27.74,0.34
2021-01-01T12:00:00Z,0.0,-3.875,328.125,27.56,0.32
2021-01-01T12:00:00Z,0.0,-3.875,332.125,26.84,-0.14
2021-01-01T12:00:00Z,0.0,-3.875,336.125,26.37,-0.34
2021-01-01T12:00:00Z,0.0,-3.875,340.125,25.91,-0.53
2021-01-01T12:00:00Z,0.0,-3.875,344.125,25.91,-0.32
2021-01-01T12:00:00Z,0.0,-3.875,348.125,25.91,-0.19
2021-01-01T12:00:00Z,0.0,-3.875,352.125,25.63,-0.48
2021-01-01T12:00:00Z,0.0,-3.875,356.125,25.97,-0.25
2021-01-01T12:00:00Z,0.0,0.125,0.125,27.91,0.28
2021-01-01T12:00:00Z,0.0,0.125,4.125,27.9,0.03
2021-01-01T12:00:00Z,0.0,0.125,8.125,28.71,0.89
2021-01-01T12:00:00Z,0.0,0.125,12.125,NaN,NaN
2021-01-01T12:00:00Z,0.0,0.125,16.125,NaN,NaN
2021-01-01T12:00:00Z,0.0,0.125,20.125,NaN,NaN
2021-01-01T12:00:00Z,0.0,0.125,24.125,NaN,NaN
2021-01-01T12:00:00Z,0.0,0.125,28.125,NaN,NaN
2021-01-01T12:00:00Z,0.0,0.125,32.125,NaN,NaN
2021-01-01T12:00:00Z,0.0,0.125,36.125,NaN,NaN
2021-01-01T12:00:00Z,0.0,0.125,40.125,NaN,NaN
2021-01-01T12:00:00Z,0.0,0.125,44.125,27.09,0.36
2021-01-01T12:00:00Z,0.0,0.125,48.125,25.97,-0.92
2021-01-01T12:00:00Z,0.0,0.125,52.125,26.95,-0.29
2021-01-01T12:00:00Z,0.0,0.125,56.125,27.45,-0.24
2021-01-01T12:00:00Z,0.0,0.125,60.125,28.83,0.78
2021-01-01T12:00:00Z,0.0,0.125,64.125,28.57,0.33
2021-01-01T12:00:00Z,0.0,0.125,68.125,28.56,0.25
2021-01-01T12:00:00Z,0.0,0.125,72.125,28.89,0.54
2021-01-01T12:00:00Z,0.0,0.125,76.125,29.17,0.74
2021-01-01T12:00:00Z,0.0,0.125,80.125,29.51,1.02
2021-01-01T12:00:00Z,0.0,0.125,84.125,29.57,1.0
2021-01-01T12:00:00Z,0.0,0.125,88.125,30.18,1.55
2021-01-01T12:00:00Z,0.0,0.125,92.125,30.17,1.44
2021-01-01T12:00:00Z,0.0,0.125,96.125,29.55,0.73
2021-01-01T12:00:00Z,0.0,0.125,100.125,NaN,NaN
2021-01-01T12:00:00Z,0.0,0.125,104.125,28.56,0.54
2021-01-01T12:00:00Z,0.0,0.125,108.125,28.35,0.19
2021-01-01T12:00:00Z,0.0,0.125,112.125,NaN,NaN
2021-01-01T12:00:00Z,0.0,0.125,116.125,NaN,NaN
2021-01-01T12:00:00Z,0.0,0.125,120.125,29.25,0.44
2021-01-01T12:00:00Z,0.0,0.125,124.125,29.61,0.72
2021-01-01T12:00:00Z,0.0,0.125,128.125,29.61,0.79
2021-01-01T12:00:00Z,0.0,0.125,132.125,30.03,1.07
2021-01-01T12:00:00Z,0.0,0.125,136.125,30.31,1.29
2021-01-01T12:00:00Z,0.0,0.125,140.125,30.46,1.34
2021-01-01T12:00:00Z,0.0,0.125,144.125,30.15,0.88
2021-01-01T12:00:00Z,0.0,0.125,148.125,30.49,1.05
2021-01-01T12:00:00Z,0.0,0.125,152.125,30.27,0.76
2021-01-01T12:00:00Z,0.0,0.125,156.125,29.1,-0.37
2021-01-01T12:00:00Z,0.0,0.125,160.125,28.64,-0.71
2021-01-01T12:00:00Z,0.0,0.125,164.125,28.27,-0.89
2021-01-01T12:00:00Z,0.0,0.125,168.125,27.97,-1.02
2021-01-01T12:00:00Z,0.0,0.125,172.125,27.7,-1.05
2021-01-01T12:00:00Z,0.0,0.125,176.125,27.26,-1.27
2021-01-01T12:00:00Z,0.0,0.125,180.125,26.46,-1.86
2021-01-01T12:00:00Z,0.0,0.125,184.125,26.76,-1.34
2021-01-01T12:00:00Z,0.0,0.125,188.125,26.56,-1.18
2021-01-01T12:00:00Z,0.0,0.125,192.125,25.75,-1.66
2021-01-01T12:00:00Z,0.0,0.125,196.125,25.32,-1.76
2021-01-01T12:00:00Z,0.0,0.125,200.125,24.93,-1.85
2021-01-01T12:00:00Z,0.0,0.125,204.125,25.18,-1.38
2021-01-01T12:00:00Z,0.0,0.125,208.125,24.38,-1.9
2021-01-01T12:00:00Z,0.0,0.125,212.125,24.56,-1.47
2021-01-01T12:00:00Z,0.0,0.125,216.125,25.43,-0.39
2021-01-01T12:00:00Z,0.0,0.125,220.125,24.39,-1.15
2021-01-01T12:00:00Z,0.0,0.125,224.125,24.21,-1.13
2021-01-01T12:00:00Z,0.0,0.125,228.125,23.88,-1.19
2021-01-01T12:00:00Z,0.0,0.125,232.125,23.6,-1.19
2021-01-01T12:00:00Z,0.0,0.125,236.125,23.94,-0.62
2021-01-01T12:00:00Z,0.0,0.125,240.125,24.47,0.17
2021-01-01T12:00:00Z,0.0,0.125,244.125,25.02,1.03
2021-01-01T12:00:00Z,0.0,0.125,248.125,23.12,-0.65
2021-01-01T12:00:00Z,0.0,0.125,252.125,23.06,-0.56
2021-01-01T12:00:00Z,0.0,0.125,256.125,22.22,-1.42
2021-01-01T12:00:00Z,0.0,0.125,260.125,22.6,-1.14
2021-01-01T12:00:00Z,0.0,0.125,264.125,22.64,-1.17
2021-01-01T12:00:00Z,0.0,0.125,268.125,21.78,-2.37
2021-01-01T12:00:00Z,0.0,0.125,272.125,23.66,-1.21
2021-01-01T12:00:00Z,0.0,0.125,276.125,22.79,-1.98
2021-01-01T12:00:00Z,0.0,0.125,280.125,NaN,NaN
2021-01-01T12:00:00Z,0.0,0.125,284.125,NaN,NaN
2021-01-01T12:00:00Z,0.0,0.125,288.125,NaN,NaN
2021-01-01T12:00:00Z,0.0,0.125,292.125,NaN,NaN
2021-01-01T12:00:00Z,0.0,0.125,296.125,NaN,NaN
2021-01-01T12:00:00Z,0.0,0.125,300.125,NaN,NaN
2021-01-01T12:00:00Z,0.0,0.125,304.125,NaN,NaN
2021-01-01T12:00:00Z,0.0,0.125,308.125,NaN,NaN
2021-01-01T12:00:00Z,0.0,0.125,312.125,29.09,1.05
2021-01-01T12:00:00Z,0.0,0.125,316.125,28.15,0.6
2021-01-01T12:00:00Z,0.0,0.125,320.125,27.83,0.32
2021-01-01T12:00:00Z,0.0,0.125,324.125,27.47,0.07
2021-01-01T12:00:00Z,0.0,0.125,328.125,27.26,-0.04
2021-01-01T12:00:00Z,0.0,0.125,332.125,27.03,-0.08
2021-01-01T12:00:00Z,0.0,0.125,336.125,26.54,-0.26
2021-01-01T12:00:00Z,0.0,0.125,340.125,26.84,0.3
2021-01-01T12:00:00Z,0.0,0.125,344.125,26.48,0.0
2021-01-01T12:00:00Z,0.0,0.125,348.125,26.83,0.22
2021-01-01T12:00:00Z,0.0,0.125,352.125,27.13,0.16
2021-01-01T12:00:00Z,0.0,0.125,356.125,27.79,0.43
2021-01-01T12:00:00Z,0.0,4.125,0.125,28.71,0.58
2021-01-01T12:00:00Z,0.0,4.125,4.125,28.7,0.43
2021-01-01T12:00:00Z,0.0,4.125,8.125,28.93,0.83
2021-01-01T12:00:00Z,0.0,4.125,12.125,NaN,NaN
2021-01-01T12:00:00Z,0.0,4.125,16.125,NaN,NaN
2021-01-01T12:00:00Z,0.0,4.125,20.125,NaN,NaN
2021-01-01T12:00:00Z,0.0,4.125,24.125,NaN,NaN
2021-01-01T12:00:00Z,0.0,4.125,28.125,NaN,NaN
2021-01-01T12:00:00Z,0.0,4.125,32.125,NaN,NaN
2021-01-01T12:00:00Z,0.0,4.125,36.125,NaN,NaN
2021-01-01T12:00:00Z,0.0,4.125,40.125,NaN,NaN
2021-01-01T12:00:00Z,0.0,4.125,44.125,NaN,NaN
2021-01-01T12:00:00Z,0.0,4.125,48.125,26.12,-0.61
2021-01-01T12:00:00Z,0.0,4.125,52.125,26.65,-0.17
2021-01-01T12:00:00Z,0.0,4.125,56.125,27.48,0.12
2021-01-01T12:00:00Z,0.0,4.125,60.125,27.71,-0.11
2021-01-01T12:00:00Z,0.0,4.125,64.125,28.69,0.46
2021-01-01T12:00:00Z,0.0,4.125,68.125,29.22,0.87
2021-01-01T12:00:00Z,0.0,4.125,72.125,29.0,0.83
2021-01-01T12:00:00Z,0.0,4.125,76.125,28.65,0.53
2021-01-01T12:00:00Z,0.0,4.125,80.125,29.17,0.99
2021-01-01T12:00:00Z,0.0,4.125,84.125,29.38,1.03
2021-01-01T12:00:00Z,0.0,4.125,88.125,29.63,1.23
2021-01-01T12:00:00Z,0.0,4.125,92.125,29.29,0.81
2021-01-01T12:00:00Z,0.0,4.125,96.125,29.54,0.86
2021-01-01T12:00:00Z,0.0,4.125,100.125,29.72,1.2
2021-01-01T12:00:00Z,0.0,4.125,104.125,28.12,0.93
2021-01-01T12:00:00Z,0.0,4.125,108.125,26.92,-0.1
2021-01-01T12:00:00Z,0.0,4.125,112.125,28.51,0.69
2021-01-01T12:00:00Z,0.0,4.125,116.125,NaN,NaN
2021-01-01T12:00:00Z,0.0,4.125,120.125,29.09,0.62
2021-01-01T12:00:00Z,0.0,4.125,124.125,29.35,0.88
2021-01-01T12:00:00Z,0.0,4.125,128.125,29.73,1.36
2021-01-01T12:00:00Z,0.0,4.125,132.125,30.13,1.5
2021-01-01T12:00:00Z,0.0,4.125,136.125,30.09,1.31
2021-01-01T12:00:00Z,0.0,4.125,140.125,30.21,1.27
2021-01-01T12:00:00Z,0.0,4.125,144.125,30.61,1.51
2021-01-01T12:00:00Z,0.0,4.125,148.125,30.13,0.95
2021-01-01T12:00:00Z,0.0,4.125,152.125,29.73,0.56
2021-01-01T12:00:00Z,0.0,4.125,156.125,29.48,0.37
2021-01-01T12:00:00Z,0.0,4.125,160.125,29.67,0.62
2021-01-01T12:00:00Z,0.0,4.125,164.125,28.96,0.01
2021-01-01T12:00:00Z,0.0,4.125,168.125,28.47,-0.39
2021-01-01T12:00:00Z,0.0,4.125,172.125,28.77,0.06
2021-01-01T12:00:00Z,0.0,4.125,176.125,28.51,-0.06
2021-01-01T12:00:00Z,0.0,4.125,180.125,26.72,-1.81
2021-01-01T12:00:00Z,0.0,4.125,184.125,27.57,-0.81
2021-01-01T12:00:00Z,0.0,4.125,188.125,27.75,-0.43
2021-01-01T12:00:00Z,0.0,4.125,192.125,25.58,-2.42
2021-01-01T12:00:00Z,0.0,4.125,196.125,26.57,-1.2
2021-01-01T12:00:00Z,0.0,4.125,200.125,27.47,-0.06
2021-01-01T12:00:00Z,0.0,4.125,204.125,26.53,-0.79
2021-01-01T12:00:00Z,0.0,4.125,208.125,25.99,-1.12
2021-01-01T12:00:00Z,0.0,4.125,212.125,24.54,-2.41
2021-01-01T12:00:00Z,0.0,4.125,216.125,25.44,-1.43
2021-01-01T12:00:00Z,0.0,4.125,220.125,26.35,-0.38
2021-01-01T12:00:00Z,0.0,4.125,224.125,25.95,-0.75
2021-01-01T12:00:00Z,0.0,4.125,228.125,26.0,-0.6
2021-01-01T12:00:00Z,0.0,4.125,232.125,25.47,-1.1
2021-01-01T12:00:00Z,0.0,4.125,236.125,26.91,0.46
2021-01-01T12:00:00Z,0.0,4.125,240.125,26.01,-0.4
2021-01-01T12:00:00Z,0.0,4.125,244.125,26.92,0.65
2021-01-01T12:00:00Z,0.0,4.125,248.125,26.28,0.02
2021-01-01T12:00:00Z,0.0,4.125,252.125,26.13,-0.24
2021-01-01T12:00:00Z,0.0,4.125,256.125,26.39,-0.11
2021-01-01T12:00:00Z,0.0,4.125,260.125,26.24,-0.39
2021-01-01T12:00:00Z,0.0,4.125,264.125,26.12,-0.67
2021-01-01T12:00:00Z,0.0,4.125,268.125,25.97,-1.05
2021-01-01T12:00:00Z,0.0,4.125,272.125,26.5,-0.78
2021-01-01T12:00:00Z,0.0,4.125,276.125,26.95,-0.48
2021-01-01T12:00:00Z,0.0,4.125,280.125,27.45,0.67
2021-01-01T12:00:00Z,0.0,4.125,284.125,NaN,NaN
2021-01-01T12:00:00Z,0.0,4.125,288.125,NaN,NaN
2021-01-01T12:00:00Z,0.0,4.125,292.125,NaN,NaN
2021-01-01T12:00:00Z,0.0,4.125,296.125,NaN,NaN
2021-01-01T12:00:00Z,0.0,4.125,300.125,NaN,NaN
2021-01-01T12:00:00Z,0.0,4.125,304.125,NaN,NaN
2021-01-01T12:00:00Z,0.0,4.125,308.125,NaN,NaN
2021-01-01T12:00:00Z,0.0,4.125,312.125,28.56,1.17
2021-01-01T12:00:00Z,0.0,4.125,316.125,28.54,1.03
2021-01-01T12:00:00Z,0.0,4.125,320.125,28.34,0.8
2021-01-01T12:00:00Z,0.0,4.125,324.125,28.22,0.66
2021-01-01T12:00:00Z,0.0,4.125,328.125,27.83,0.3
2021-01-01T12:00:00Z,0.0,4.125,332.125,28.04,0.54
2021-01-01T12:00:00Z,0.0,4.125,336.125,27.85,0.28
2021-01-01T12:00:00Z,0.0,4.125,340.125,28.1,0.29
2021-01-01T12:00:00Z,0.0,4.125,344.125,28.36,0.17
2021-01-01T12:00:00Z,0.0,4.125,348.125,28.34,-0.02
2021-01-01T12:00:00Z,0.0,4.125,352.125,28.83,0.61
2021-01-01T12:00:00Z,0.0,4.125,356.125,28.22,0.08
2021-01-01T12:00:00Z,0.0,8.125,0.125,NaN,NaN
2021-01-01T12:00:00Z,0.0,8.125,4.125,NaN,NaN
2021-01-01T12:00:00Z,0.0,8.125,8.125,NaN,NaN
2021-01-01T12:00:00Z,0.0,8.125,12.125,NaN,NaN
2021-01-01T12:00:00Z,0.0,8.125,16.125,NaN,NaN
2021-01-01T12:00:00Z,0.0,8.125,20.125,NaN,NaN
2021-01-01T12:00:00Z,0.0,8.125,24.125,NaN,NaN
2021-01-01T12:00:00Z,0.0,8.125,28.125,NaN,NaN
2021-01-01T12:00:00Z,0.0,8.125,32.125,NaN,NaN
2021-01-01T12:00:00Z,0.0,8.125,36.125,NaN,NaN
2021-01-01T12:00:00Z,0.0,8.125,40.125,NaN,NaN
2021-01-01T12:00:00Z,0.0,8.125,44.125,NaN,NaN
2021-01-01T12:00:00Z,0.0,8.125,48.125,NaN,NaN
2021-01-01T12:00:00Z,0.0,8.125,52.125,26.27,-0.31
2021-01-01T12:00:00Z,0.0,8.125,56.125,27.81,0.75
2021-01-01T12:00:00Z,0.0,8.125,60.125,27.72,0.19
2021-01-01T12:00:00Z,0.0,8.125,64.125,28.59,0.63
2021-01-01T12:00:00Z,0.0,8.125,68.125,29.18,0.9
2021-01-01T12:00:00Z,0.0,8.125,72.125,29.33,1.0
2021-01-01T12:00:00Z,0.0,8.125,76.125,28.97,0.88
2021-01-01T12:00:00Z,0.0,8.125,80.125,NaN,NaN
2021-01-01T12:00:00Z,0.0,8.125,84.125,28.54,0.81
2021-01-01T12:00:00Z,0.0,8.125,88.125,28.85,0.9
2021-01-01T12:00:00Z,0.0,8.125,92.125,28.84,0.88
2021-01-01T12:00:00Z,0.0,8.125,96.125,28.65,0.55
2021-01-01T12:00:00Z,0.0,8.125,100.125,NaN,NaN
2021-01-01T12:00:00Z,0.0,8.125,104.125,26.62,-0.36
2021-01-01T12:00:00Z,0.0,8.125,108.125,25.73,-0.2
2021-01-01T12:00:00Z,0.0,8.125,112.125,27.04,-0.29
2021-01-01T12:00:00Z,0.0,8.125,116.125,28.87,0.88
2021-01-01T12:00:00Z,0.0,8.125,120.125,29.39,1.51
2021-01-01T12:00:00Z,0.0,8.125,124.125,NaN,NaN
2021-01-01T12:00:00Z,0.0,8.125,128.125,29.64,1.29
2021-01-01T12:00:00Z,0.0,8.125,132.125,29.56,1.01
2021-01-01T12:00:00Z,0.0,8.125,136.125,29.53,0.95
2021-01-01T12:00:00Z,0.0,8.125,140.125,29.38,0.78
2021-01-01T12:00:00Z,0.0,8.125,144.125,29.53,0.89
2021-01-01T12:00:00Z,0.0,8.125,148.125,29.4,0.77
2021-01-01T12:00:00Z,0.0,8.125,152.125,29.31,0.7
2021-01-01T12:00:00Z,0.0,8.125,156.125,28.7,0.18
2021-01-01T12:00:00Z,0.0,8.125,160.125,28.78,0.37
2021-01-01T12:00:00Z,0.0,8.125,164.125,28.4,0.05
2021-01-01T12:00:00Z,0.0,8.125,168.125,28.57,0.38
2021-01-01T12:00:00Z,0.0,8.125,172.125,28.34,0.27
2021-01-01T12:00:00Z,0.0,8.125,176.125,28.5,0.42
2021-01-01T12:00:00Z,0.0,8.125,180.125,28.3,0.26
2021-01-01T12:00:00Z,0.0,8.125,184.125,28.18,0.19
2021-01-01T12:00:00Z,0.0,8.125,188.125,28.07,0.14
2021-01-01T12:00:00Z,0.0,8.125,192.125,28.15,0.38
2021-01-01T12:00:00Z,0.0,8.125,196.125,27.96,0.21
2021-01-01T12:00:00Z,0.0,8.125,200.125,27.68,0.0
2021-01-01T12:00:00Z,0.0,8.125,204.125,27.46,-0.09
2021-01-01T12:00:00Z,0.0,8.125,208.125,27.41,-0.02
2021-01-01T12:00:00Z,0.0,8.125,212.125,27.46,0.15
2021-01-01T12:00:00Z,0.0,8.125,216.125,26.87,-0.44
2021-01-01T12:00:00Z,0.0,8.125,220.125,26.25,-0.96
2021-01-01T12:00:00Z,0.0,8.125,224.125,26.71,-0.45
2021-01-01T12:00:00Z,0.0,8.125,228.125,26.5,-0.58
2021-01-01T12:00:00Z,0.0,8.125,232.125,26.4,-0.73
2021-01-01T12:00:00Z,0.0,8.125,236.125,26.81,-0.37
2021-01-01T12:00:00Z,0.0,8.125,240.125,26.49,-0.86
2021-01-01T12:00:00Z,0.0,8.125,244.125,27.24,-0.17
2021-01-01T12:00:00Z,0.0,8.125,248.125,27.47,0.06
2021-01-01T12:00:00Z,0.0,8.125,252.125,27.74,0.4
2021-01-01T12:00:00Z,0.0,8.125,256.125,27.46,0.24
2021-01-01T12:00:00Z,0.0,8.125,260.125,26.47,-0.6
2021-01-01T12:00:00Z,0.0,8.125,264.125,26.77,-0.29
2021-01-01T12:00:00Z,0.0,8.125,268.125,26.69,0.25
2021-01-01T12:00:00Z,0.0,8.125,272.125,25.05,-1.75
2021-01-01T12:00:00Z,0.0,8.125,276.125,27.87,-0.41
2021-01-01T12:00:00Z,0.0,8.125,280.125,28.27,0.92
2021-01-01T12:00:00Z,0.0,8.125,284.125,NaN,NaN
2021-01-01T12:00:00Z,0.0,8.125,288.125,NaN,NaN
2021-01-01T12:00:00Z,0.0,8.125,292.125,NaN,NaN
2021-01-01T12:00:00Z,0.0,8.125,296.125,NaN,NaN
2021-01-01T12:00:00Z,0.0,8.125,300.125,NaN,NaN
2021-01-01T12:00:00Z,0.0,8.125,304.125,28.4,1.36
2021-01-01T12:00:00Z,0.0,8.125,308.125,28.22,1.05
2021-01-01T12:00:00Z,0.0,8.125,312.125,27.89,0.91
2021-01-01T12:00:00Z,0.0,8.125,316.125,27.75,1.03
2021-01-01T12:00:00Z,0.0,8.125,320.125,26.91,0.39
2021-01-01T12:00:00Z,0.0,8.125,324.125,27.11,0.47
2021-01-01T12:00:00Z,0.0,8.125,328.125,27.46,0.72
2021-01-01T12:00:00Z,0.0,8.125,332.125,27.29,0.7
2021-01-01T12:00:00Z,0.0,8.125,336.125,27.08,0.48
2021-01-01T12:00:00Z,0.0,8.125,340.125,27.71,0.48
2021-01-01T12:00:00Z,0.0,8.125,344.125,28.28,0.37
2021-01-01T12:00:00Z,0.0,8.125,348.125,NaN,NaN
2021-01-01T12:00:00Z,0.0,8.125,352.125,NaN,NaN
2021-01-01T12:00:00Z,0.0,8.125,356.125,NaN,NaN
2021-01-01T12:00:00Z,0.0,12.125,0.125,NaN,NaN
2021-01-01T12:00:00Z,0.0,12.125,4.125,NaN,NaN
2021-01-01T12:00:00Z,0.0,12.125,8.125,NaN,NaN
2021-01-01T12:00:00Z,0.0,12.125,12.125,NaN,NaN
2021-01-01T12:00:00Z,0.0,12.125,16.125,NaN,NaN
2021-01-01T12:00:00Z,0.0,12.125,20.125,NaN,NaN
2021-01-01T12:00:00Z,0.0,12.125,24.125,NaN,NaN
2021-01-01T12:00:00Z,0.0,12.125,28.125,NaN,NaN
2021-01-01T12:00:00Z,0.0,12.125,32.125,NaN,NaN
2021-01-01T12:00:00Z,0.0,12.125,36.125,NaN,NaN
2021-01-01T12:00:00Z,0.0,12.125,40.125,NaN,NaN
2021-01-01T12:00:00Z,0.0,12.125,44.125,26.47,0.19
2021-01-01T12:00:00Z,0.0,12.125,48.125,25.43,-0.41
2021-01-01T12:00:00Z,0.0,12.125,52.125,25.99,-0.06
2021-01-01T12:00:00Z,0.0,12.125,56.125,26.58,0.37
2021-01-01T12:00:00Z,0.0,12.125,60.125,26.39,-0.06
2021-01-01T12:00:00Z,0.0,12.125,64.125,27.26,0.4
2021-01-01T12:00:00Z,0.0,12.125,68.125,28.23,0.63
2021-01-01T12:00:00Z,0.0,12.125,72.125,29.25,1.05
2021-01-01T12:00:00Z,0.0,12.125,76.125,NaN,NaN
2021-01-01T12:00:00Z,0.0,12.125,80.125,26.86,-0.19
2021-01-01T12:00:00Z,0.0,12.125,84.125,27.82,0.61
2021-01-01T12:00:00Z,0.0,12.125,88.125,28.51,1.05
2021-01-01T12:00:00Z,0.0,12.125,92.125,28.51,0.85
2021-01-01T12:00:00Z,0.0,12.125,96.125,28.59,0.72
2021-01-01T12:00:00Z,0.0,12.125,100.125,26.69,-1.07
2021-01-01T12:00:00Z,0.0,12.125,104.125,NaN,NaN
2021-01-01T12:00:00Z,0.0,12.125,108.125,NaN,NaN
2021-01-01T12:00:00Z,0.0,12.125,112.125,27.41,0.83
2021-01-01T12:00:00Z,0.0,12.125,116.125,27.83,0.28
2021-01-01T12:00:00Z,0.0,12.125,120.125,28.91,1.35
2021-01-01T12:00:00Z,0.0,12.125,124.125,28.24,0.96
2021-01-01T12:00:00Z,0.0,12.125,128.125,29.55,1.53
2021-01-01T12:00:00Z,0.0,12.125,132.125,29.88,1.74
2021-01-01T12:00:00Z,0.0,12.125,136.125,29.48,1.3
2021-01-01T12:00:00Z,0.0,12.125,140.125,29.25,1.08
2021-01-01T12:00:00Z,0.0,12.125,144.125,28.86,0.73
2021-01-01T12:00:00Z,0.0,12.125,148.125,28.56,0.47
2021-01-01T12:00:00Z,0.0,12.125,152.125,28.34,0.34
2021-01-01T12:00:00Z,0.0,12.125,156.125,28.08,0.21
2021-01-01T12:00:00Z,0.0,12.125,160.125,27.91,0.16
2021-01-01T12:00:00Z,0.0,12.125,164.125,27.6,0.02
2021-01-01T12:00:00Z,0.0,12.125,168.125,27.55,0.12
2021-01-01T12:00:00Z,0.0,12.125,172.125,27.48,0.14
2021-01-01T12:00:00Z,0.0,12.125,176.125,27.62,0.41
2021-01-01T12:00:00Z,0.0,12.125,180.125,27.31,0.27
2021-01-01T12:00:00Z,0.0,12.125,184.125,27.13,0.21
2021-01-01T12:00:00Z,0.0,12.125,188.125,27.27,0.49
2021-01-01T12:00:00Z,0.0,12.125,192.125,26.78,0.18
2021-01-01T12:00:00Z,0.0,12.125,196.125,26.74,0.21
2021-01-01T12:00:00Z,0.0,12.125,200.125,27.07,0.66
2021-01-01T12:00:00Z,0.0,12.125,204.125,26.65,0.43
2021-01-01T12:00:00Z,0.0,12.125,208.125,25.81,-0.22
2021-01-01T12:00:00Z,0.0,12.125,212.125,26.11,0.34
2021-01-01T12:00:00Z,0.0,12.125,216.125,24.96,-0.63
2021-01-01T12:00:00Z,0.0,12.125,220.125,25.47,-0.08
2021-01-01T12:00:00Z,0.0,12.125,224.125,24.91,-0.6
2021-01-01T12:00:00Z,0.0,12.125,228.125,24.85,-0.67
2021-01-01T12:00:00Z,0.0,12.125,232.125,24.25,-1.49
2021-01-01T12:00:00Z,0.0,12.125,236.125,25.49,-0.58
2021-01-01T12:00:00Z,0.0,12.125,240.125,26.29,-0.32
2021-01-01T12:00:00Z,0.0,12.125,244.125,26.5,-0.57
2021-01-01T12:00:00Z,0.0,12.125,248.125,27.18,-0.25
2021-01-01T12:00:00Z,0.0,12.125,252.125,27.76,-0.01
2021-01-01T12:00:00Z,0.0,12.125,256.125,27.64,-0.39
2021-01-01T12:00:00Z,0.0,12.125,260.125,28.0,0.05
2021-01-01T12:00:00Z,0.0,12.125,264.125,23.15,-3.82
2021-01-01T12:00:00Z,0.0,12.125,268.125,28.09,0.0
2021-01-01T12:00:00Z,0.0,12.125,272.125,27.05,-0.22
2021-01-01T12:00:00Z,0.0,12.125,276.125,NaN,NaN
2021-01-01T12:00:00Z,0.0,12.125,280.125,28.2,0.87
2021-01-01T12:00:00Z,0.0,12.125,284.125,27.82,0.93
2021-01-01T12:00:00Z,0.0,12.125,288.125,NaN,NaN
2021-01-01T12:00:00Z,0.0,12.125,292.125,27.93,1.08
2021-01-01T12:00:00Z,0.0,12.125,296.125,28.06,1.28
2021-01-01T12:00:00Z,0.0,12.125,300.125,28.16,0.99
2021-01-01T12:00:00Z,0.0,12.125,304.125,27.97,0.91
2021-01-01T12:00:00Z,0.0,12.125,308.125,27.54,0.65
2021-01-01T12:00:00Z,0.0,12.125,312.125,27.21,0.61
2021-01-01T12:00:00Z,0.0,12.125,316.125,26.74,0.5
2021-01-01T12:00:00Z,0.0,12.125,320.125,26.65,0.65
2021-01-01T12:00:00Z,0.0,12.125,324.125,26.45,0.7
2021-01-01T12:00:00Z,0.0,12.125,328.125,26.25,0.74
2021-01-01T12:00:00Z,0.0,12.125,332.125,25.71,0.42
2021-01-01T12:00:00Z,0.0,12.125,336.125,25.21,0.17
2021-01-01T12:00:00Z,0.0,12.125,340.125,26.91,1.78
2021-01-01T12:00:00Z,0.0,12.125,344.125,NaN,NaN
2021-01-01T12:00:00Z,0.0,12.125,348.125,NaN,NaN
2021-01-01T12:00:00Z,0.0,12.125,352.125,NaN,NaN
2021-01-01T12:00:00Z,0.0,12.125,356.125,NaN,NaN
2021-01-01T12:00:00Z,0.0,16.125,0.125,NaN,NaN
2021-01-01T12:00:00Z,0.0,16.125,4.125,NaN,NaN
2021-01-01T12:00:00Z,0.0,16.125,8.125,NaN,NaN
2021-01-01T12:00:00Z,0.0,16.125,12.125,NaN,NaN
2021-01-01T12:00:00Z,0.0,16.125,16.125,NaN,NaN
2021-01-01T12:00:00Z,0.0,16.125,20.125,NaN,NaN
2021-01-01T12:00:00Z,0.0,16.125,24.125,NaN,NaN
2021-01-01T12:00:00Z,0.0,16.125,28.125,NaN,NaN
2021-01-01T12:00:00Z,0.0,16.125,32.125,NaN,NaN
2021-01-01T12:00:00Z,0.0,16.125,36.125,NaN,NaN
2021-01-01T12:00:00Z,0.0,16.125,40.125,27.81,1.06
2021-01-01T12:00:00Z,0.0,16.125,44.125,NaN,NaN
2021-01-01T12:00:00Z,0.0,16.125,48.125,NaN,NaN
2021-01-01T12:00:00Z,0.0,16.125,52.125,NaN,NaN
2021-01-01T12:00:00Z,0.0,16.125,56.125,25.45,-0.01
2021-01-01T12:00:00Z,0.0,16.125,60.125,25.2,-0.47
2021-01-01T12:00:00Z,0.0,16.125,64.125,26.52,0.59
2021-01-01T12:00:00Z,0.0,16.125,68.125,26.82,-0.06
2021-01-01T12:00:00Z,0.0,16.125,72.125,28.7,0.98
2021-01-01T12:00:00Z,0.0,16.125,76.125,NaN,NaN
2021-01-01T12:00:00Z,0.0,16.125,80.125,NaN,NaN
2021-01-01T12:00:00Z,0.0,16.125,84.125,26.93,0.4
2021-01-01T12:00:00Z,0.0,16.125,88.125,27.59,0.85
2021-01-01T12:00:00Z,0.0,16.125,92.125,26.81,0.17
2021-01-01T12:00:00Z,0.0,16.125,96.125,26.47,-0.68
2021-01-01T12:00:00Z,0.0,16.125,100.125,NaN,NaN
2021-01-01T12:00:00Z,0.0,16.125,104.125,NaN,NaN
2021-01-01T12:00:00Z,0.0,16.125,108.125,NaN,NaN
2021-01-01T12:00:00Z,0.0,16.125,112.125,25.54,0.34
2021-01-01T12:00:00Z,0.0,16.125,116.125,25.73,0.16
2021-01-01T12:00:00Z,0.0,16.125,120.125,28.35,1.71
2021-01-01T12:00:00Z,0.0,16.125,124.125,28.1,1.17
2021-01-01T12:00:00Z,0.0,16.125,128.125,28.41,1.19
2021-01-01T12:00:00Z,0.0,16.125,132.125,29.09,1.67
2021-01-01T12:00:00Z,0.0,16.125,136.125,29.17,1.56
2021-01-01T12:00:00Z,0.0,16.125,140.125,28.91,1.19
2021-01-01T12:00:00Z,0.0,16.125,144.125,28.62,0.82
2021-01-01T12:00:00Z,0.0,16.125,148.125,28.61,0.82
2021-01-01T12:00:00Z,0.0,16.125,152.125,28.41,0.7
2021-01-01T12:00:00Z,0.0,16.125,156.125,28.27,0.71
2021-01-01T12:00:00Z,0.0,16.125,160.125,28.02,0.63
2021-01-01T12:00:00Z,0.0,16.125,164.125,27.57,0.35
2021-01-01T12:00:00Z,0.0,16.125,168.125,27.47,0.44
2021-01-01T12:00:00Z,0.0,16.125,172.125,27.32,0.45
2021-01-01T12:00:00Z,0.0,16.125,176.125,27.12,0.42
2021-01-01T12:00:00Z,0.0,16.125,180.125,26.93,0.39
2021-01-01T12:00:00Z,0.0,16.125,184.125,26.87,0.47
2021-01-01T12:00:00Z,0.0,16.125,188.125,26.85,0.6
2021-01-01T12:00:00Z,0.0,16.125,192.125,26.52,0.45
2021-01-01T12:00:00Z,0.0,16.125,196.125,26.6,0.78
2021-01-01T12:00:00Z,0.0,16.125,200.125,25.8,0.25
2021-01-01T12:00:00Z,0.0,16.125,204.125,25.75,0.37
2021-01-01T12:00:00Z,0.0,16.125,208.125,24.99,-0.23
2021-01-01T12:00:00Z,0.0,16.125,212.125,24.94,-0.01
2021-01-01T12:00:00Z,0.0,16.125,216.125,24.44,-0.37
2021-01-01T12:00:00Z,0.0,16.125,220.125,24.44,-0.19
2021-01-01T12:00:00Z,0.0,16.125,224.125,24.11,-0.41
2021-01-01T12:00:00Z,0.0,16.125,228.125,24.83,0.32
2021-01-01T12:00:00Z,0.0,16.125,232.125,24.74,0.16
2021-01-01T12:00:00Z,0.0,16.125,236.125,24.92,0.06
2021-01-01T12:00:00Z,0.0,16.125,240.125,26.1,0.81
2021-01-01T12:00:00Z,0.0,16.125,244.125,26.45,0.51
2021-01-01T12:00:00Z,0.0,16.125,248.125,26.73,0.25
2021-01-01T12:00:00Z,0.0,16.125,252.125,27.21,0.06
2021-01-01T12:00:00Z,0.0,16.125,256.125,28.26,0.28
2021-01-01T12:00:00Z,0.0,16.125,260.125,28.68,0.06
2021-01-01T12:00:00Z,0.0,16.125,264.125,NaN,NaN
2021-01-01T12:00:00Z,0.0,16.125,268.125,NaN,NaN
2021-01-01T12:00:00Z,0.0,16.125,272.125,27.1,-0.25
2021-01-01T12:00:00Z,0.0,16.125,276.125,27.17,-0.02
2021-01-01T12:00:00Z,0.0,16.125,280.125,28.07,0.56
2021-01-01T12:00:00Z,0.0,16.125,284.125,27.73,0.4
2021-01-01T12:00:00Z,0.0,16.125,288.125,27.73,0.52
2021-01-01T12:00:00Z,0.0,16.125,292.125,27.77,0.65
2021-01-01T12:00:00Z,0.0,16.125,296.125,27.37,0.36
2021-01-01T12:00:00Z,0.0,16.125,300.125,27.18,0.44
2021-01-01T12:00:00Z,0.0,16.125,304.125,26.6,0.18
2021-01-01T12:00:00Z,0.0,16.125,308.125,26.44,0.23
2021-01-01T12:00:00Z,0.0,16.125,312.125,26.38,0.42
2021-01-01T12:00:00Z,0.0,16.125,316.125,26.01,0.31
2021-01-01T12:00:00Z,0.0,16.125,320.125,25.44,0.07
2021-01-01T12:00:00Z,0.0,16.125,324.125,25.0,0.02
2021-01-01T12:00:00Z,0.0,16.125,328.125,24.8,0.28
2021-01-01T12:00:00Z,0.0,16.125,332.125,24.44,0.34
2021-01-01T12:00:00Z,0.0,16.125,336.125,23.98,0.5
2021-01-01T12:00:00Z,0.0,16.125,340.125,25.31,2.36
2021-01-01T12:00:00Z,0.0,16.125,344.125,NaN,NaN
2021-01-01T12:00:00Z,0.0,16.125,348.125,NaN,NaN
2021-01-01T12:00:00Z,0.0,16.125,352.125,NaN,NaN
2021-01-01T12:00:00Z,0.0,16.125,356.125,NaN,NaN
2021-01-01T12:00:00Z,0.0,20.125,0.125,NaN,NaN
2021-01-01T12:00:00Z,0.0,20.125,4.125,NaN,NaN
2021-01-01T12:00:00Z,0.0,20.125,8.125,NaN,NaN
2021-01-01T12:00:00Z,0.0,20.125,12.125,NaN,NaN
2021-01-01T12:00:00Z,0.0,20.125,16.125,NaN,NaN
2021-01-01T12:00:00Z,0.0,20.125,20.125,NaN,NaN
2021-01-01T12:00:00Z,0.0,20.125,24.125,NaN,NaN
2021-01-01T12:00:00Z,0.0,20.125,28.125,NaN,NaN
2021-01-01T12:00:00Z,0.0,20.125,32.125,NaN,NaN
2021-01-01T12:00:00Z,0.0,20.125,36.125,NaN,NaN
2021-01-01T12:00:00Z,0.0,20.125,40.125,28.93,1.48
2021-01-01T12:00:00Z,0.0,20.125,44.125,NaN,NaN
2021-01-01T12:00:00Z,0.0,20.125,48.125,NaN,NaN
2021-01-01T12:00:00Z,0.0,20.125,52.125,NaN,NaN
2021-01-01T12:00:00Z,0.0,20.125,56.125,NaN,NaN
2021-01-01T12:00:00Z,0.0,20.125,60.125,24.62,-0.49
2021-01-01T12:00:00Z,0.0,20.125,64.125,25.14,-0.13
2021-01-01T12:00:00Z,0.0,20.125,68.125,25.18,-0.62
2021-01-01T12:00:00Z,0.0,20.125,72.125,24.5,-1.14
2021-01-01T12:00:00Z,0.0,20.125,76.125,NaN,NaN
2021-01-01T12:00:00Z,0.0,20.125,80.125,NaN,NaN
2021-01-01T12:00:00Z,0.0,20.125,84.125,NaN,NaN
2021-01-01T12:00:00Z,0.0,20.125,88.125,26.89,1.49
2021-01-01T12:00:00Z,0.0,20.125,92.125,26.7,1.27
2021-01-01T12:00:00Z,0.0,20.125,96.125,NaN,NaN
2021-01-01T12:00:00Z,0.0,20.125,100.125,NaN,NaN
2021-01-01T12:00:00Z,0.0,20.125,104.125,NaN,NaN
2021-01-01T12:00:00Z,0.0,20.125,108.125,20.39,-1.89
2021-01-01T12:00:00Z,0.0,20.125,112.125,21.99,-0.63
2021-01-01T12:00:00Z,0.0,20.125,116.125,24.25,0.76
2021-01-01T12:00:00Z,0.0,20.125,120.125,25.98,0.88
2021-01-01T12:00:00Z,0.0,20.125,124.125,26.46,1.08
2021-01-01T12:00:00Z,0.0,20.125,128.125,26.03,0.48
2021-01-01T12:00:00Z,0.0,20.125,132.125,26.99,1.05
2021-01-01T12:00:00Z,0.0,20.125,136.125,27.61,1.32
2021-01-01T12:00:00Z,0.0,20.125,140.125,28.04,1.39
2021-01-01T12:00:00Z,0.0,20.125,144.125,28.12,1.27
2021-01-01T12:00:00Z,0.0,20.125,148.125,27.86,0.92
2021-01-01T12:00:00Z,0.0,20.125,152.125,28.06,1.13
2021-01-01T12:00:00Z,0.0,20.125,156.125,28.22,1.38
2021-01-01T12:00:00Z,0.0,20.125,160.125,28.19,1.51
2021-01-01T12:00:00Z,0.0,20.125,164.125,28.16,1.66
2021-01-01T12:00:00Z,0.0,20.125,168.125,27.75,1.47
2021-01-01T12:00:00Z,0.0,20.125,172.125,27.3,1.14
2021-01-01T12:00:00Z,0.0,20.125,176.125,26.81,0.83
2021-01-01T12:00:00Z,0.0,20.125,180.125,26.77,0.96
2021-01-01T12:00:00Z,0.0,20.125,184.125,27.21,1.57
2021-01-01T12:00:00Z,0.0,20.125,188.125,26.54,1.04
2021-01-01T12:00:00Z,0.0,20.125,192.125,26.77,1.44
2021-01-01T12:00:00Z,0.0,20.125,196.125,26.98,1.69
2021-01-01T12:00:00Z,0.0,20.125,200.125,26.34,1.19
2021-01-01T12:00:00Z,0.0,20.125,204.125,25.89,1.14
2021-01-01T12:00:00Z,0.0,20.125,208.125,25.11,0.79
2021-01-01T12:00:00Z,0.0,20.125,212.125,24.59,0.7
2021-01-01T12:00:00Z,0.0,20.125,216.125,23.77,0.19
2021-01-01T12:00:00Z,0.0,20.125,220.125,23.76,0.46
2021-01-01T12:00:00Z,0.0,20.125,224.125,23.19,0.31
2021-01-01T12:00:00Z,0.0,20.125,228.125,22.9,0.3
2021-01-01T12:00:00Z,0.0,20.125,232.125,22.57,0.13
2021-01-01T12:00:00Z,0.0,20.125,236.125,23.0,0.58
2021-01-01T12:00:00Z,0.0,20.125,240.125,22.55,-0.01
2021-01-01T12:00:00Z,0.0,20.125,244.125,23.45,0.0
2021-01-01T12:00:00Z,0.0,20.125,248.125,25.04,0.46
2021-01-01T12:00:00Z,0.0,20.125,252.125,24.31,-0.95
2021-01-01T12:00:00Z,0.0,20.125,256.125,NaN,NaN
2021-01-01T12:00:00Z,0.0,20.125,260.125,NaN,NaN
2021-01-01T12:00:00Z,0.0,20.125,264.125,24.54,0.37
2021-01-01T12:00:00Z,0.0,20.125,268.125,25.18,0.19
2021-01-01T12:00:00Z,0.0,20.125,272.125,NaN,NaN
2021-01-01T12:00:00Z,0.0,20.125,276.125,27.13,-0.09
2021-01-01T12:00:00Z,0.0,20.125,280.125,27.04,-0.01
2021-01-01T12:00:00Z,0.0,20.125,284.125,NaN,NaN
2021-01-01T12:00:00Z,0.0,20.125,288.125,27.0,0.15
2021-01-01T12:00:00Z,0.0,20.125,292.125,26.86,0.33
2021-01-01T12:00:00Z,0.0,20.125,296.125,26.65,0.31
2021-01-01T12:00:00Z,0.0,20.125,300.125,26.16,0.07
2021-01-01T12:00:00Z,0.0,20.125,304.125,26.26,0.4
2021-01-01T12:00:00Z,0.0,20.125,308.125,25.8,0.18
2021-01-01T12:00:00Z,0.0,20.125,312.125,25.48,0.11
2021-01-01T12:00:00Z,0.0,20.125,316.125,24.93,-0.16
2021-01-01T12:00:00Z,0.0,20.125,320.125,24.77,-0.01
2021-01-01T12:00:00Z,0.0,20.125,324.125,24.93,0.56
2021-01-01T12:00:00Z,0.0,20.125,328.125,24.34,0.44
2021-01-01T12:00:00Z,0.0,20.125,332.125,23.63,0.4
2021-01-01T12:00:00Z,0.0,20.125,336.125,22.94,0.52
2021-01-01T12:00:00Z,0.0,20.125,340.125,22.14,1.08
2021-01-01T12:00:00Z,0.0,20.125,344.125,NaN,NaN
2021-01-01T12:00:00Z,0.0,20.125,348.125,NaN,NaN
2021-01-01T12:00:00Z,0.0,20.125,352.125,NaN,NaN
2021-01-01T12:00:00Z,0.0,20.125,356.125,NaN,NaN
2021-01-01T12:00:00Z,0.0,24.125,0.125,NaN,NaN
2021-01-01T12:00:00Z,0.0,24.125,4.125,NaN,NaN
2021-01-01T12:00:00Z,0.0,24.125,8.125,NaN,NaN
2021-01-01T12:00:00Z,0.0,24.125,12.125,NaN,NaN
2021-01-01T12:00:00Z,0.0,24.125,16.125,NaN,NaN
2021-01-01T12:00:00Z,0.0,24.125,20.125,NaN,NaN
2021-01-01T12:00:00Z,0.0,24.125,24.125,NaN,NaN
2021-01-01T12:00:00Z,0.0,24.125,28.125,NaN,NaN
2021-01-01T12:00:00Z,0.0,24.125,32.125,NaN,NaN
2021-01-01T12:00:00Z,0.0,24.125,36.125,25.36,0.71
2021-01-01T12:00:00Z,0.0,24.125,40.125,NaN,NaN
2021-01-01T12:00:00Z,0.0,24.125,44.125,NaN,NaN
2021-01-01T12:00:00Z,0.0,24.125,48.125,NaN,NaN
2021-01-01T12:00:00Z,0.0,24.125,52.125,22.08,-1.29
2021-01-01T12:00:00Z,0.0,24.125,56.125,NaN,NaN
2021-01-01T12:00:00Z,0.0,24.125,60.125,24.53,0.09
2021-01-01T12:00:00Z,0.0,24.125,64.125,24.34,-0.26
2021-01-01T12:00:00Z,0.0,24.125,68.125,NaN,NaN
2021-01-01T12:00:00Z,0.0,24.125,72.125,NaN,NaN
2021-01-01T12:00:00Z,0.0,24.125,76.125,NaN,NaN
2021-01-01T12:00:00Z,0.0,24.125,80.125,NaN,NaN
2021-01-01T12:00:00Z,0.0,24.125,84.125,NaN,NaN
2021-01-01T12:00:00Z,0.0,24.125,88.125,NaN,NaN
2021-01-01T12:00:00Z,0.0,24.125,92.125,NaN,NaN
2021-01-01T12:00:00Z,0.0,24.125,96.125,NaN,NaN
2021-01-01T12:00:00Z,0.0,24.125,100.125,NaN,NaN
2021-01-01T12:00:00Z,0.0,24.125,104.125,NaN,NaN
2021-01-01T12:00:00Z,0.0,24.125,108.125,NaN,NaN
2021-01-01T12:00:00Z,0.0,24.125,112.125,NaN,NaN
2021-01-01T12:00:00Z,0.0,24.125,116.125,NaN,NaN
2021-01-01T12:00:00Z,0.0,24.125,120.125,17.58,-2.93
2021-01-01T12:00:00Z,0.0,24.125,124.125,23.4,-0.56
2021-01-01T12:00:00Z,0.0,24.125,128.125,25.0,1.34
2021-01-01T12:00:00Z,0.0,24.125,132.125,24.4,0.57
2021-01-01T12:00:00Z,0.0,24.125,136.125,25.21,1.15
2021-01-01T12:00:00Z,0.0,24.125,140.125,25.18,0.81
2021-01-01T12:00:00Z,0.0,24.125,144.125,26.31,1.46
2021-01-01T12:00:00Z,0.0,24.125,148.125,26.06,0.91
2021-01-01T12:00:00Z,0.0,24.125,152.125,26.44,1.17
2021-01-01T12:00:00Z,0.0,24.125,156.125,26.2,1.02
2021-01-01T12:00:00Z,0.0,24.125,160.125,26.84,1.85
2021-01-01T12:00:00Z,0.0,24.125,164.125,26.38,1.42
2021-01-01T12:00:00Z,0.0,24.125,168.125,26.85,1.98
2021-01-01T12:00:00Z,0.0,24.125,172.125,25.68,1.05
2021-01-01T12:00:00Z,0.0,24.125,176.125,25.71,1.2
2021-01-01T12:00:00Z,0.0,24.125,180.125,25.38,1.1
2021-01-01T12:00:00Z,0.0,24.125,184.125,26.12,1.94
2021-01-01T12:00:00Z,0.0,24.125,188.125,25.25,1.22
2021-01-01T12:00:00Z,0.0,24.125,192.125,25.21,1.33
2021-01-01T12:00:00Z,0.0,24.125,196.125,25.3,1.56
2021-01-01T12:00:00Z,0.0,24.125,200.125,25.81,2.11
2021-01-01T12:00:00Z,0.0,24.125,204.125,25.1,1.6
2021-01-01T12:00:00Z,0.0,24.125,208.125,24.14,0.87
2021-01-01T12:00:00Z,0.0,24.125,212.125,23.92,1.01
2021-01-01T12:00:00Z,0.0,24.125,216.125,23.14,0.76
2021-01-01T12:00:00Z,0.0,24.125,220.125,22.59,0.68
2021-01-01T12:00:00Z,0.0,24.125,224.125,21.9,0.57
2021-01-01T12:00:00Z,0.0,24.125,228.125,21.89,1.1
2021-01-01T12:00:00Z,0.0,24.125,232.125,21.37,1.04
2021-01-01T12:00:00Z,0.0,24.125,236.125,20.16,0.12
2021-01-01T12:00:00Z,0.0,24.125,240.125,20.41,0.61
2021-01-01T12:00:00Z,0.0,24.125,244.125,20.74,0.41
2021-01-01T12:00:00Z,0.0,24.125,248.125,22.31,0.31
2021-01-01T12:00:00Z,0.0,24.125,252.125,21.0,-1.8
2021-01-01T12:00:00Z,0.0,24.125,256.125,NaN,NaN
2021-01-01T12:00:00Z,0.0,24.125,260.125,NaN,NaN
2021-01-01T12:00:00Z,0.0,24.125,264.125,23.61,-0.08
2021-01-01T12:00:00Z,0.0,24.125,268.125,24.39,0.21
2021-01-01T12:00:00Z,0.0,24.125,272.125,25.94,0.62
2021-01-01T12:00:00Z,0.0,24.125,276.125,25.29,-0.26
2021-01-01T12:00:00Z,0.0,24.125,280.125,25.77,0.67
2021-01-01T12:00:00Z,0.0,24.125,284.125,25.58,0.35
2021-01-01T12:00:00Z,0.0,24.125,288.125,25.35,-0.17
2021-01-01T12:00:00Z,0.0,24.125,292.125,25.59,0.13
2021-01-01T12:00:00Z,0.0,24.125,296.125,25.79,0.48
2021-01-01T12:00:00Z,0.0,24.125,300.125,25.56,0.4
2021-01-01T12:00:00Z,0.0,24.125,304.125,25.52,0.62
2021-01-01T12:00:00Z,0.0,24.125,308.125,25.3,0.68
2021-01-01T12:00:00Z,0.0,24.125,312.125,24.56,0.23
2021-01-01T12:00:00Z,0.0,24.125,316.125,24.3,0.28
2021-01-01T12:00:00Z,0.0,24.125,320.125,23.64,-0.17
2021-01-01T12:00:00Z,0.0,24.125,324.125,23.55,0.05
2021-01-01T12:00:00Z,0.0,24.125,328.125,23.23,0.11
2021-01-01T12:00:00Z,0.0,24.125,332.125,23.38,0.68
2021-01-01T12:00:00Z,0.0,24.125,336.125,23.05,0.97
2021-01-01T12:00:00Z,0.0,24.125,340.125,21.72,0.63
2021-01-01T12:00:00Z,0.0,24.125,344.125,18.48,-0.85
2021-01-01T12:00:00Z,0.0,24.125,348.125,NaN,NaN
2021-01-01T12:00:00Z,0.0,24.125,352.125,NaN,NaN
2021-01-01T12:00:00Z,0.0,24.125,356.125,NaN,NaN
2021-01-01T12:00:00Z,0.0,28.125,0.125,NaN,NaN
2021-01-01T12:00:00Z,0.0,28.125,4.125,NaN,NaN
2021-01-01T12:00:00Z,0.0,28.125,8.125,NaN,NaN
2021-01-01T12:00:00Z,0.0,28.125,12.125,NaN,NaN
2021-01-01T12:00:00Z,0.0,28.125,16.125,NaN,NaN
2021-01-01T12:00:00Z,0.0,28.125,20.125,NaN,NaN
2021-01-01T12:00:00Z,0.0,28.125,24.125,NaN,NaN
2021-01-01T12:00:00Z,0.0,28.125,28.125,NaN,NaN
2021-01-01T12:00:00Z,0.0,28.125,32.125,NaN,NaN
2021-01-01T12:00:00Z,0.0,28.125,36.125,NaN,NaN
2021-01-01T12:00:00Z,0.0,28.125,40.125,NaN,NaN
2021-01-01T12:00:00Z,0.0,28.125,44.125,NaN,NaN
2021-01-01T12:00:00Z,0.0,28.125,48.125,NaN,NaN
2021-01-01T12:00:00Z,0.0,28.125,52.125,NaN,NaN
2021-01-01T12:00:00Z,0.0,28.125,56.125,NaN,NaN
2021-01-01T12:00:00Z,0.0,28.125,60.125,NaN,NaN
2021-01-01T12:00:00Z,0.0,28.125,64.125,NaN,NaN
2021-01-01T12:00:00Z,0.0,28.125,68.125,NaN,NaN
2021-01-01T12:00:00Z,0.0,28.125,72.125,NaN,NaN
2021-01-01T12:00:00Z,0.0,28.125,76.125,NaN,NaN
2021-01-01T12:00:00Z,0.0,28.125,80.125,NaN,NaN
2021-01-01T12:00:00Z,0.0,28.125,84.125,NaN,NaN
2021-01-01T12:00:00Z,0.0,28.125,88.125,NaN,NaN
2021-01-01T12:00:00Z,0.0,28.125,92.125,NaN,NaN
2021-01-01T12:00:00Z,0.0,28.125,96.125,NaN,NaN
2021-01-01T12:00:00Z,0.0,28.125,100.125,NaN,NaN
2021-01-01T12:00:00Z,0.0,28.125,104.125,NaN,NaN
2021-01-01T12:00:00Z,0.0,28.125,108.125,NaN,NaN
2021-01-01T12:00:00Z,0.0,28.125,112.125,NaN,NaN
2021-01-01T12:00:00Z,0.0,28.125,116.125,NaN,NaN
2021-01-01T12:00:00Z,0.0,28.125,120.125,NaN,NaN
2021-01-01T12:00:00Z,0.0,28.125,124.125,18.62,-0.65
2021-01-01T12:00:00Z,0.0,28.125,128.125,23.21,0.98
2021-01-01T12:00:00Z,0.0,28.125,132.125,22.61,0.68
2021-01-01T12:00:00Z,0.0,28.125,136.125,23.28,1.77
2021-01-01T12:00:00Z,0.0,28.125,140.125,22.31,0.57
2021-01-01T12:00:00Z,0.0,28.125,144.125,21.91,-0.24
2021-01-01T12:00:00Z,0.0,28.125,148.125,24.14,1.93
2021-01-01T12:00:00Z,0.0,28.125,152.125,22.5,0.06
2021-01-01T12:00:00Z,0.0,28.125,156.125,23.59,0.98
2021-01-01T12:00:00Z,0.0,28.125,160.125,24.06,1.71
2021-01-01T12:00:00Z,0.0,28.125,164.125,23.57,1.39
2021-01-01T12:00:00Z,0.0,28.125,168.125,23.28,1.09
2021-01-01T12:00:00Z,0.0,28.125,172.125,24.1,2.16
2021-01-01T12:00:00Z,0.0,28.125,176.125,23.0,1.31
2021-01-01T12:00:00Z,0.0,28.125,180.125,22.2,0.7
2021-01-01T12:00:00Z,0.0,28.125,184.125,23.38,1.9
2021-01-01T12:00:00Z,0.0,28.125,188.125,22.11,0.69
2021-01-01T12:00:00Z,0.0,28.125,192.125,22.77,1.38
2021-01-01T12:00:00Z,0.0,28.125,196.125,22.45,0.94
2021-01-01T12:00:00Z,0.0,28.125,200.125,23.1,1.44
2021-01-01T12:00:00Z,0.0,28.125,204.125,23.56,1.85
2021-01-01T12:00:00Z,0.0,28.125,208.125,22.99,1.34
2021-01-01T12:00:00Z,0.0,28.125,212.125,22.57,1.17
2021-01-01T12:00:00Z,0.0,28.125,216.125,22.13,1.07
2021-01-01T12:00:00Z,0.0,28.125,220.125,21.13,0.63
2021-01-01T12:00:00Z,0.0,28.125,224.125,20.26,0.31
2021-01-01T12:00:00Z,0.0,28.125,228.125,19.47,0.14
2021-01-01T12:00:00Z,0.0,28.125,232.125,19.14,0.44
2021-01-01T12:00:00Z,0.0,28.125,236.125,18.67,0.5
2021-01-01T12:00:00Z,0.0,28.125,240.125,18.06,0.33
2021-01-01T12:00:00Z,0.0,28.125,244.125,17.69,0.08
2021-01-01T12:00:00Z,0.0,28.125,248.125,17.42,-1.15
2021-01-01T12:00:00Z,0.0,28.125,252.125,NaN,NaN
2021-01-01T12:00:00Z,0.0,28.125,256.125,NaN,NaN
2021-01-01T12:00:00Z,0.0,28.125,260.125,NaN,NaN
2021-01-01T12:00:00Z,0.0,28.125,264.125,19.51,-1.18
2021-01-01T12:00:00Z,0.0,28.125,268.125,21.97,0.99
2021-01-01T12:00:00Z,0.0,28.125,272.125,22.38,-0.11
2021-01-01T12:00:00Z,0.0,28.125,276.125,20.99,-0.43
2021-01-01T12:00:00Z,0.0,28.125,280.125,24.69,0.36
2021-01-01T12:00:00Z,0.0,28.125,284.125,25.09,1.32
2021-01-01T12:00:00Z,0.0,28.125,288.125,23.35,-0.01
2021-01-01T12:00:00Z,0.0,28.125,292.125,23.79,0.49
2021-01-01T12:00:00Z,0.0,28.125,296.125,23.58,0.33
2021-01-01T12:00:00Z,0.0,28.125,300.125,23.95,0.69
2021-01-01T12:00:00Z,0.0,28.125,304.125,24.27,1.07
2021-01-01T12:00:00Z,0.0,28.125,308.125,23.36,0.39
2021-01-01T12:00:00Z,0.0,28.125,312.125,22.94,0.15
2021-01-01T12:00:00Z,0.0,28.125,316.125,23.03,0.51
2021-01-01T12:00:00Z,0.0,28.125,320.125,22.35,0.05
2021-01-01T12:00:00Z,0.0,28.125,324.125,22.54,0.52
2021-01-01T12:00:00Z,0.0,28.125,328.125,21.59,-0.16
2021-01-01T12:00:00Z,0.0,28.125,332.125,21.9,0.58
2021-01-01T12:00:00Z,0.0,28.125,336.125,21.6,0.67
2021-01-01T12:00:00Z,0.0,28.125,340.125,21.3,0.82
2021-01-01T12:00:00Z,0.0,28.125,344.125,20.38,0.61
2021-01-01T12:00:00Z,0.0,28.125,348.125,NaN,NaN
2021-01-01T12:00:00Z,0.0,28.125,352.125,NaN,NaN
2021-01-01T12:00:00Z,0.0,28.125,356.125,NaN,NaN
2021-01-01T12:00:00Z,0.0,32.125,0.125,NaN,NaN
2021-01-01T12:00:00Z,0.0,32.125,4.125,NaN,NaN
2021-01-01T12:00:00Z,0.0,32.125,8.125,NaN,NaN
2021-01-01T12:00:00Z,0.0,32.125,12.125,NaN,NaN
2021-01-01T12:00:00Z,0.0,32.125,16.125,18.62,0.38
2021-01-01T12:00:00Z,0.0,32.125,20.125,NaN,NaN
2021-01-01T12:00:00Z,0.0,32.125,24.125,19.17,0.78
2021-01-01T12:00:00Z,0.0,32.125,28.125,19.63,1.12
2021-01-01T12:00:00Z,0.0,32.125,32.125,20.42,1.62
2021-01-01T12:00:00Z,0.0,32.125,36.125,NaN,NaN
2021-01-01T12:00:00Z,0.0,32.125,40.125,NaN,NaN
2021-01-01T12:00:00Z,0.0,32.125,44.125,NaN,NaN
2021-01-01T12:00:00Z,0.0,32.125,48.125,NaN,NaN
2021-01-01T12:00:00Z,0.0,32.125,52.125,NaN,NaN
2021-01-01T12:00:00Z,0.0,32.125,56.125,NaN,NaN
2021-01-01T12:00:00Z,0.0,32.125,60.125,NaN,NaN
2021-01-01T12:00:00Z,0.0,32.125,64.125,NaN,NaN
2021-01-01T12:00:00Z,0.0,32.125,68.125,NaN,NaN
2021-01-01T12:00:00Z,0.0,32.125,72.125,NaN,NaN
2021-01-01T12:00:00Z,0.0,32.125,76.125,NaN,NaN
2021-01-01T12:00:00Z,0.0,32.125,80.125,NaN,NaN
2021-01-01T12:00:00Z,0.0,32.125,84.125,NaN,NaN
2021-01-01T12:00:00Z,0.0,32.125,88.125,NaN,NaN
2021-01-01T12:00:00Z,0.0,32.125,92.125,NaN,NaN
2021-01-01T12:00:00Z,0.0,32.125,96.125,NaN,NaN
2021-01-01T12:00:00Z,0.0,32.125,100.125,NaN,NaN
2021-01-01T12:00:00Z,0.0,32.125,104.125,NaN,NaN
2021-01-01T12:00:00Z,0.0,32.125,108.125,NaN,NaN
2021-01-01T12:00:00Z,0.0,32.125,112.125,NaN,NaN
2021-01-01T12:00:00Z,0.0,32.125,116.125,NaN,NaN
2021-01-01T12:00:00Z,0.0,32.125,120.125,NaN,NaN
2021-01-01T12:00:00Z,0.0,32.125,124.125,13.15,-0.74
2021-01-01T12:00:00Z,0.0,32.125,128.125,20.39,1.72
2021-01-01T12:00:00Z,0.0,32.125,132.125,20.68,0.42
2021-01-01T12:00:00Z,0.0,32.125,136.125,21.16,0.83
2021-01-01T12:00:00Z,0.0,32.125,140.125,22.03,1.74
2021-01-01T12:00:00Z,0.0,32.125,144.125,20.2,-0.02
2021-01-01T12:00:00Z,0.0,32.125,148.125,20.03,-0.13
2021-01-01T12:00:00Z,0.0,32.125,152.125,19.72,-0.31
2021-01-01T12:00:00Z,0.0,32.125,156.125,19.87,0.04
2021-01-01T12:00:00Z,0.0,32.125,160.125,19.81,-0.03
2021-01-01T12:00:00Z,0.0,32.125,164.125,20.31,0.54
2021-01-01T12:00:00Z,0.0,32.125,168.125,19.55,0.0
2021-01-01T12:00:00Z,0.0,32.125,172.125,19.72,0.46
2021-01-01T12:00:00Z,0.0,32.125,176.125,18.04,-0.93
2021-01-01T12:00:00Z,0.0,32.125,180.125,18.84,0.33
2021-01-01T12:00:00Z,0.0,32.125,184.125,20.23,1.76
2021-01-01T12:00:00Z,0.0,32.125,188.125,18.47,0.13
2021-01-01T12:00:00Z,0.0,32.125,192.125,19.59,1.45
2021-01-01T12:00:00Z,0.0,32.125,196.125,19.24,1.08
2021-01-01T12:00:00Z,0.0,32.125,200.125,19.82,1.4
2021-01-01T12:00:00Z,0.0,32.125,204.125,20.55,1.86
2021-01-01T12:00:00Z,0.0,32.125,208.125,20.48,1.57
2021-01-01T12:00:00Z,0.0,32.125,212.125,20.15,1.13
2021-01-01T12:00:00Z,0.0,32.125,216.125,20.14,1.21
2021-01-01T12:00:00Z,0.0,32.125,220.125,20.07,1.47
2021-01-01T12:00:00Z,0.0,32.125,224.125,19.09,0.9
2021-01-01T12:00:00Z,0.0,32.125,228.125,18.59,0.96
2021-01-01T12:00:00Z,0.0,32.125,232.125,16.59,-0.26
2021-01-01T12:00:00Z,0.0,32.125,236.125,14.83,-0.98
2021-01-01T12:00:00Z,0.0,32.125,240.125,15.45,0.05
2021-01-01T12:00:00Z,0.0,32.125,244.125,NaN,NaN
2021-01-01T12:00:00Z,0.0,32.125,248.125,NaN,NaN
2021-01-01T12:00:00Z,0.0,32.125,252.125,NaN,NaN
2021-01-01T12:00:00Z,0.0,32.125,256.125,NaN,NaN
2021-01-01T12:00:00Z,0.0,32.125,260.125,NaN,NaN
2021-01-01T12:00:00Z,0.0,32.125,264.125,NaN,NaN
2021-01-01T12:00:00Z,0.0,32.125,268.125,NaN,NaN
2021-01-01T12:00:00Z,0.0,32.125,272.125,NaN,NaN
2021-01-01T12:00:00Z,0.0,32.125,276.125,NaN,NaN
2021-01-01T12:00:00Z,0.0,32.125,280.125,18.43,-3.47
2021-01-01T12:00:00Z,0.0,32.125,284.125,23.14,0.16
2021-01-01T12:00:00Z,0.0,32.125,288.125,22.05,0.88
2021-01-01T12:00:00Z,0.0,32.125,292.125,21.63,0.72
2021-01-01T12:00:00Z,0.0,32.125,296.125,22.39,1.25
2021-01-01T12:00:00Z,0.0,32.125,300.125,21.98,0.81
2021-01-01T12:00:00Z,0.0,32.125,304.125,22.12,1.08
2021-01-01T12:00:00Z,0.0,32.125,308.125,21.61,0.61
2021-01-01T12:00:00Z,0.0,32.125,312.125,21.18,0.32
2021-01-01T12:00:00Z,0.0,32.125,316.125,21.43,0.7
2021-01-01T12:00:00Z,0.0,32.125,320.125,21.51,1.03
2021-01-01T12:00:00Z,0.0,32.125,324.125,21.11,0.78
2021-01-01T12:00:00Z,0.0,32.125,328.125,20.33,0.13
2021-01-01T12:00:00Z,0.0,32.125,332.125,19.48,-0.46
2021-01-01T12:00:00Z,0.0,32.125,336.125,19.88,0.26
2021-01-01T12:00:00Z,0.0,32.125,340.125,19.4,0.09
2021-01-01T12:00:00Z,0.0,32.125,344.125,19.61,0.75
2021-01-01T12:00:00Z,0.0,32.125,348.125,18.96,0.74
2021-01-01T12:00:00Z,0.0,32.125,352.125,NaN,NaN
2021-01-01T12:00:00Z,0.0,32.125,356.125,NaN,NaN
2021-01-01T12:00:00Z,0.0,36.125,0.125,15.88,-0.07
2021-01-01T12:00:00Z,0.0,36.125,4.125,NaN,NaN
2021-01-01T12:00:00Z,0.0,36.125,8.125,NaN,NaN
2021-01-01T12:00:00Z,0.0,36.125,12.125,16.43,0.04
2021-01-01T12:00:00Z,0.0,36.125,16.125,16.5,-0.25
2021-01-01T12:00:00Z,0.0,36.125,20.125,17.24,0.67
2021-01-01T12:00:00Z,0.0,36.125,24.125,17.21,0.75
2021-01-01T12:00:00Z,0.0,36.125,28.125,19.72,2.44
2021-01-01T12:00:00Z,0.0,36.125,32.125,19.68,2.11
2021-01-01T12:00:00Z,0.0,36.125,36.125,NaN,NaN
2021-01-01T12:00:00Z,0.0,36.125,40.125,NaN,NaN
2021-01-01T12:00:00Z,0.0,36.125,44.125,NaN,NaN
2021-01-01T12:00:00Z,0.0,36.125,48.125,NaN,NaN
2021-01-01T12:00:00Z,0.0,36.125,52.125,NaN,NaN
2021-01-01T12:00:00Z,0.0,36.125,56.125,NaN,NaN
2021-01-01T12:00:00Z,0.0,36.125,60.125,NaN,NaN
2021-01-01T12:00:00Z,0.0,36.125,64.125,NaN,NaN
2021-01-01T12:00:00Z,0.0,36.125,68.125,NaN,NaN
2021-01-01T12:00:00Z,0.0,36.125,72.125,NaN,NaN
2021-01-01T12:00:00Z,0.0,36.125,76.125,NaN,NaN
2021-01-01T12:00:00Z,0.0,36.125,80.125,NaN,NaN
2021-01-01T12:00:00Z,0.0,36.125,84.125,NaN,NaN
2021-01-01T12:00:00Z,0.0,36.125,88.125,NaN,NaN
2021-01-01T12:00:00Z,0.0,36.125,92.125,NaN,NaN
2021-01-01T12:00:00Z,0.0,36.125,96.125,NaN,NaN
2021-01-01T12:00:00Z,0.0,36.125,100.125,NaN,NaN
2021-01-01T12:00:00Z,0.0,36.125,104.125,NaN,NaN
2021-01-01T12:00:00Z,0.0,36.125,108.125,NaN,NaN
2021-01-01T12:00:00Z,0.0,36.125,112.125,NaN,NaN
2021-01-01T12:00:00Z,0.0,36.125,116.125,NaN,NaN
2021-01-01T12:00:00Z,0.0,36.125,120.125,NaN,NaN
2021-01-01T12:00:00Z,0.0,36.125,124.125,10.22,0.64
2021-01-01T12:00:00Z,0.0,36.125,128.125,NaN,NaN
2021-01-01T12:00:00Z,0.0,36.125,132.125,15.33,0.24
2021-01-01T12:00:00Z,0.0,36.125,136.125,15.39,0.73
2021-01-01T12:00:00Z,0.0,36.125,140.125,NaN,NaN
2021-01-01T12:00:00Z,0.0,36.125,144.125,19.38,1.85
2021-01-01T12:00:00Z,0.0,36.125,148.125,13.96,-3.32
2021-01-01T12:00:00Z,0.0,36.125,152.125,19.37,2.09
2021-01-01T12:00:00Z,0.0,36.125,156.125,17.12,0.28
2021-01-01T12:00:00Z,0.0,36.125,160.125,18.04,1.22
2021-01-01T12:00:00Z,0.0,36.125,164.125,16.92,0.2
2021-01-01T12:00:00Z,0.0,36.125,168.125,18.18,1.74
2021-01-01T12:00:00Z,0.0,36.125,172.125,16.72,0.28
2021-01-01T12:00:00Z,0.0,36.125,176.125,16.2,0.04
2021-01-01T12:00:00Z,0.0,36.125,180.125,15.21,-0.55
2021-01-01T12:00:00Z,0.0,36.125,184.125,15.88,0.35
2021-01-01T12:00:00Z,0.0,36.125,188.125,14.68,-0.59
2021-01-01T12:00:00Z,0.0,36.125,192.125,15.41,0.31
2021-01-01T12:00:00Z,0.0,36.125,196.125,15.39,0.32
2021-01-01T12:00:00Z,0.0,36.125,200.125,15.68,0.51
2021-01-01T12:00:00Z,0.0,36.125,204.125,16.62,1.31
2021-01-01T12:00:00Z,0.0,36.125,208.125,17.31,1.61
2021-01-01T12:00:00Z,0.0,36.125,212.125,17.12,1.15
2021-01-01T12:00:00Z,0.0,36.125,216.125,17.77,1.59
2021-01-01T12:00:00Z,0.0,36.125,220.125,17.52,1.29
2021-01-01T12:00:00Z,0.0,36.125,224.125,17.79,1.68
2021-01-01T12:00:00Z,0.0,36.125,228.125,16.93,1.16
2021-01-01T12:00:00Z,0.0,36.125,232.125,14.16,-0.59
2021-01-01T12:00:00Z,0.0,36.125,236.125,12.37,-0.98
2021-01-01T12:00:00Z,0.0,36.125,240.125,NaN,NaN
2021-01-01T12:00:00Z,0.0,36.125,244.125,NaN,NaN
2021-01-01T12:00:00Z,0.0,36.125,248.125,NaN,NaN
2021-01-01T12:00:00Z,0.0,36.125,252.125,NaN,NaN
2021-01-01T12:00:00Z,0.0,36.125,256.125,NaN,NaN
2021-01-01T12:00:00Z,0.0,36.125,260.125,NaN,NaN
2021-01-01T12:00:00Z,0.0,36.125,264.125,NaN,NaN
2021-01-01T12:00:00Z,0.0,36.125,268.125,NaN,NaN
2021-01-01T12:00:00Z,0.0,36.125,272.125,NaN,NaN
2021-01-01T12:00:00Z,0.0,36.125,276.125,NaN,NaN
2021-01-01T12:00:00Z,0.0,36.125,280.125,NaN,NaN
2021-01-01T12:00:00Z,0.0,36.125,284.125,11.78,-3.16
2021-01-01T12:00:00Z,0.0,36.125,288.125,21.06,0.29
2021-01-01T12:00:00Z,0.0,36.125,292.125,21.14,0.42
2021-01-01T12:00:00Z,0.0,36.125,296.125,22.06,1.39
2021-01-01T12:00:00Z,0.0,36.125,300.125,21.43,1.32
2021-01-01T12:00:00Z,0.0,36.125,304.125,21.17,1.33
2021-01-01T12:00:00Z,0.0,36.125,308.125,20.63,1.03
2021-01-01T12:00:00Z,0.0,36.125,312.125,20.28,0.97
2021-01-01T12:00:00Z,0.0,36.125,316.125,19.59,0.61
2021-01-01T12:00:00Z,0.0,36.125,320.125,18.84,0.14
2021-01-01T12:00:00Z,0.0,36.125,324.125,19.5,1.11
2021-01-01T12:00:00Z,0.0,36.125,328.125,18.24,0.0
2021-01-01T12:00:00Z,0.0,36.125,332.125,18.0,-0.08
2021-01-01T12:00:00Z,0.0,36.125,336.125,17.29,-0.6
2021-01-01T12:00:00Z,0.0,36.125,340.125,17.46,-0.23
2021-01-01T12:00:00Z,0.0,36.125,344.125,16.8,-0.58
2021-01-01T12:00:00Z,0.0,36.125,348.125,17.47,0.29
2021-01-01T12:00:00Z,0.0,36.125,352.125,17.68,0.69
2021-01-01T12:00:00Z,0.0,36.125,356.125,15.98,0.13
2021-01-01T12:00:00Z,0.0,40.125,0.125,14.8,0.19
2021-01-01T12:00:00Z,0.0,40.125,4.125,15.05,0.06
2021-01-01T12:00:00Z,0.0,40.125,8.125,15.1,0.09
2021-01-01T12:00:00Z,0.0,40.125,12.125,15.65,0.52
2021-01-01T12:00:00Z,0.0,40.125,16.125,NaN,NaN
2021-01-01T12:00:00Z,0.0,40.125,20.125,NaN,NaN
2021-01-01T12:00:00Z,0.0,40.125,24.125,16.33,2.1
2021-01-01T12:00:00Z,0.0,40.125,28.125,NaN,NaN
2021-01-01T12:00:00Z,0.0,40.125,32.125,NaN,NaN
2021-01-01T12:00:00Z,0.0,40.125,36.125,NaN,NaN
2021-01-01T12:00:00Z,0.0,40.125,40.125,NaN,NaN
2021-01-01T12:00:00Z,0.0,40.125,44.125,NaN,NaN
2021-01-01T12:00:00Z,0.0,40.125,48.125,NaN,NaN
2021-01-01T12:00:00Z,0.0,40.125,52.125,12.26,0.76
2021-01-01T12:00:00Z,0.0,40.125,56.125,NaN,NaN
2021-01-01T12:00:00Z,0.0,40.125,60.125,NaN,NaN
2021-01-01T12:00:00Z,0.0,40.125,64.125,NaN,NaN
2021-01-01T12:00:00Z,0.0,40.125,68.125,NaN,NaN
2021-01-01T12:00:00Z,0.0,40.125,72.125,NaN,NaN
2021-01-01T12:00:00Z,0.0,40.125,76.125,NaN,NaN
2021-01-01T12:00:00Z,0.0,40.125,80.125,NaN,NaN
2021-01-01T12:00:00Z,0.0,40.125,84.125,NaN,NaN
2021-01-01T12:00:00Z,0.0,40.125,88.125,NaN,NaN
2021-01-01T12:00:00Z,0.0,40.125,92.125,NaN,NaN
2021-01-01T12:00:00Z,0.0,40.125,96.125,NaN,NaN
2021-01-01T12:00:00Z,0.0,40.125,100.125,NaN,NaN
2021-01-01T12:00:00Z,0.0,40.125,104.125,NaN,NaN
2021-01-01T12:00:00Z,0.0,40.125,108.125,NaN,NaN
2021-01-01T12:00:00Z,0.0,40.125,112.125,NaN,NaN
2021-01-01T12:00:00Z,0.0,40.125,116.125,NaN,NaN
2021-01-01T12:00:00Z,0.0,40.125,120.125,2.75,-1.71
2021-01-01T12:00:00Z,0.0,40.125,124.125,NaN,NaN
2021-01-01T12:00:00Z,0.0,40.125,128.125,NaN,NaN
2021-01-01T12:00:00Z,0.0,40.125,132.125,8.36,0.75
2021-01-01T12:00:00Z,0.0,40.125,136.125,10.58,2.46
2021-01-01T12:00:00Z,0.0,40.125,140.125,NaN,NaN
2021-01-01T12:00:00Z,0.0,40.125,144.125,10.55,1.1
2021-01-01T12:00:00Z,0.0,40.125,148.125,11.06,1.49
2021-01-01T12:00:00Z,0.0,40.125,152.125,12.34,1.28
2021-01-01T12:00:00Z,0.0,40.125,156.125,15.03,3.43
2021-01-01T12:00:00Z,0.0,40.125,160.125,13.14,1.46
2021-01-01T12:00:00Z,0.0,40.125,164.125,12.84,1.24
2021-01-01T12:00:00Z,0.0,40.125,168.125,12.65,0.18
2021-01-01T12:00:00Z,0.0,40.125,172.125,14.01,1.62
2021-01-01T12:00:00Z,0.0,40.125,176.125,13.52,1.5
2021-01-01T12:00:00Z,0.0,40.125,180.125,13.99,1.96
2021-01-01T12:00:00Z,0.0,40.125,184.125,12.76,0.79
2021-01-01T12:00:00Z,0.0,40.125,188.125,11.58,-0.23
2021-01-01T12:00:00Z,0.0,40.125,192.125,10.72,-0.98
2021-01-01T12:00:00Z,0.0,40.125,196.125,11.64,-0.17
2021-01-01T12:00:00Z,0.0,40.125,200.125,11.87,0.01
2021-01-01T12:00:00Z,0.0,40.125,204.125,12.6,0.6
2021-01-01T12:00:00Z,0.0,40.125,208.125,13.09,0.75
2021-01-01T12:00:00Z,0.0,40.125,212.125,13.97,1.3
2021-01-01T12:00:00Z,0.0,40.125,216.125,14.31,1.15
2021-01-01T12:00:00Z,0.0,40.125,220.125,15.0,1.49
2021-01-01T12:00:00Z,0.0,40.125,224.125,15.21,1.5
2021-01-01T12:00:00Z,0.0,40.125,228.125,15.32,1.58
2021-01-01T12:00:00Z,0.0,40.125,232.125,12.77,0.14
2021-01-01T12:00:00Z,0.0,40.125,236.125,NaN,NaN
2021-01-01T12:00:00Z,0.0,40.125,240.125,NaN,NaN
2021-01-01T12:00:00Z,0.0,40.125,244.125,NaN,NaN
2021-01-01T12:00:00Z,0.0,40.125,248.125,NaN,NaN
2021-01-01T12:00:00Z,0.0,40.125,252.125,NaN,NaN
2021-01-01T12:00:00Z,0.0,40.125,256.125,NaN,NaN
2021-01-01T12:00:00Z,0.0,40.125,260.125,NaN,NaN
2021-01-01T12:00:00Z,0.0,40.125,264.125,NaN,NaN
2021-01-01T12:00:00Z,0.0,40.125,268.125,NaN,NaN
2021-01-01T12:00:00Z,0.0,40.125,272.125,NaN,NaN
2021-01-01T12:00:00Z,0.0,40.125,276.125,NaN,NaN
2021-01-01T12:00:00Z,0.0,40.125,280.125,NaN,NaN
2021-01-01T12:00:00Z,0.0,40.125,284.125,NaN,NaN
2021-01-01T12:00:00Z,0.0,40.125,288.125,11.53,1.85
2021-01-01T12:00:00Z,0.0,40.125,292.125,14.08,2.66
2021-01-01T12:00:00Z,0.0,40.125,296.125,19.4,3.8
2021-01-01T12:00:00Z,0.0,40.125,300.125,20.87,3.0
2021-01-01T12:00:00Z,0.0,40.125,304.125,21.48,3.18
2021-01-01T12:00:00Z,0.0,40.125,308.125,20.38,2.94
2021-01-01T12:00:00Z,0.0,40.125,312.125,17.71,0.32
2021-01-01T12:00:00Z,0.0,40.125,316.125,19.63,1.75
2021-01-01T12:00:00Z,0.0,40.125,320.125,18.96,1.86
2021-01-01T12:00:00Z,0.0,40.125,324.125,18.03,1.15
2021-01-01T12:00:00Z,0.0,40.125,328.125,16.53,0.07
2021-01-01T12:00:00Z,0.0,40.125,332.125,16.92,0.96
2021-01-01T12:00:00Z,0.0,40.125,336.125,15.23,-0.64
2021-01-01T12:00:00Z,0.0,40.125,340.125,15.62,-0.12
2021-01-01T12:00:00Z,0.0,40.125,344.125,15.67,0.18
2021-01-01T12:00:00Z,0.0,40.125,348.125,15.24,-0.14
2021-01-01T12:00:00Z,0.0,40.125,352.125,NaN,NaN
2021-01-01T12:00:00Z,0.0,40.125,356.125,NaN,NaN
2021-01-01T12:00:00Z,0.0,44.125,0.125,NaN,NaN
2021-01-01T12:00:00Z,0.0,44.125,4.125,NaN,NaN
2021-01-01T12:00:00Z,0.0,44.125,8.125,NaN,NaN
2021-01-01T12:00:00Z,0.0,44.125,12.125,NaN,NaN
2021-01-01T12:00:00Z,0.0,44.125,16.125,NaN,NaN
2021-01-01T12:00:00Z,0.0,44.125,20.125,NaN,NaN
2021-01-01T12:00:00Z,0.0,44.125,24.125,NaN,NaN
2021-01-01T12:00:00Z,0.0,44.125,28.125,NaN,NaN
2021-01-01T12:00:00Z,0.0,44.125,32.125,10.62,1.59
2021-01-01T12:00:00Z,0.0,44.125,36.125,11.03,1.99
2021-01-01T12:00:00Z,0.0,44.125,40.125,NaN,NaN
2021-01-01T12:00:00Z,0.0,44.125,44.125,NaN,NaN
2021-01-01T12:00:00Z,0.0,44.125,48.125,4.9,-1.58
2021-01-01T12:00:00Z,0.0,44.125,52.125,NaN,NaN
2021-01-01T12:00:00Z,0.0,44.125,56.125,NaN,NaN
2021-01-01T12:00:00Z,0.0,44.125,60.125,NaN,NaN
2021-01-01T12:00:00Z,0.0,44.125,64.125,NaN,NaN
2021-01-01T12:00:00Z,0.0,44.125,68.125,NaN,NaN
2021-01-01T12:00:00Z,0.0,44.125,72.125,NaN,NaN
2021-01-01T12:00:00Z,0.0,44.125,76.125,NaN,NaN
2021-01-01T12:00:00Z,0.0,44.125,80.125,NaN,NaN
2021-01-01T12:00:00Z,0.0,44.125,84.125,NaN,NaN
2021-01-01T12:00:00Z,0.0,44.125,88.125,NaN,NaN
2021-01-01T12:00:00Z,0.0,44.125,92.125,NaN,NaN
2021-01-01T12:00:00Z,0.0,44.125,96.125,NaN,NaN
2021-01-01T12:00:00Z,0.0,44.125,100.125,NaN,NaN
2021-01-01T12:00:00Z,0.0,44.125,104.125,NaN,NaN
2021-01-01T12:00:00Z,0.0,44.125,108.125,NaN,NaN
2021-01-01T12:00:00Z,0.0,44.125,112.125,NaN,NaN
2021-01-01T12:00:00Z,0.0,44.125,116.125,NaN,NaN
2021-01-01T12:00:00Z,0.0,44.125,120.125,NaN,NaN
2021-01-01T12:00:00Z,0.0,44.125,124.125,NaN,NaN
2021-01-01T12:00:00Z,0.0,44.125,128.125,NaN,NaN
2021-01-01T12:00:00Z,0.0,44.125,132.125,NaN,NaN
2021-01-01T12:00:00Z,0.0,44.125,136.125,1.06,-1.53
2021-01-01T12:00:00Z,0.0,44.125,140.125,7.01,1.15
2021-01-01T12:00:00Z,0.0,44.125,144.125,0.72,-1.84
2021-01-01T12:00:00Z,0.0,44.125,148.125,4.55,0.98
2021-01-01T12:00:00Z,0.0,44.125,152.125,3.72,0.16
2021-01-01T12:00:00Z,0.0,44.125,156.125,4.22,-0.86
2021-01-01T12:00:00Z,0.0,44.125,160.125,6.01,-0.09
2021-01-01T12:00:00Z,0.0,44.125,164.125,7.53,1.22
2021-01-01T12:00:00Z,0.0,44.125,168.125,5.09,-0.93
2021-01-01T12:00:00Z,0.0,44.125,172.125,9.33,2.27
2021-01-01T12:00:00Z,0.0,44.125,176.125,8.02,0.34
2021-01-01T12:00:00Z,0.0,44.125,180.125,8.13,0.2
2021-01-01T12:00:00Z,0.0,44.125,184.125,8.44,0.41
2021-01-01T12:00:00Z,0.0,44.125,188.125,8.41,0.35
2021-01-01T12:00:00Z,0.0,44.125,192.125,8.18,-0.04
2021-01-01T12:00:00Z,0.0,44.125,196.125,8.81,0.36
2021-01-01T12:00:00Z,0.0,44.125,200.125,8.91,0.29
2021-01-01T12:00:00Z,0.0,44.125,204.125,9.27,0.4
2021-01-01T12:00:00Z,0.0,44.125,208.125,9.49,0.26
2021-01-01T12:00:00Z,0.0,44.125,212.125,10.54,0.87
2021-01-01T12:00:00Z,0.0,44.125,216.125,10.97,0.84
2021-01-01T12:00:00Z,0.0,44.125,220.125,11.42,0.77
2021-01-01T12:00:00Z,0.0,44.125,224.125,11.79,0.71
2021-01-01T12:00:00Z,0.0,44.125,228.125,11.85,0.42
2021-01-01T12:00:00Z,0.0,44.125,232.125,11.11,0.26
2021-01-01T12:00:00Z,0.0,44.125,236.125,NaN,NaN
2021-01-01T12:00:00Z,0.0,44.125,240.125,NaN,NaN
2021-01-01T12:00:00Z,0.0,44.125,244.125,NaN,NaN
2021-01-01T12:00:00Z,0.0,44.125,248.125,NaN,NaN
2021-01-01T12:00:00Z,0.0,44.125,252.125,NaN,NaN
2021-01-01T12:00:00Z,0.0,44.125,256.125,NaN,NaN
2021-01-01T12:00:00Z,0.0,44.125,260.125,NaN,NaN
2021-01-01T12:00:00Z,0.0,44.125,264.125,NaN,NaN
2021-01-01T12:00:00Z,0.0,44.125,268.125,NaN,NaN
2021-01-01T12:00:00Z,0.0,44.125,272.125,NaN,NaN
2021-01-01T12:00:00Z,0.0,44.125,276.125,NaN,NaN
2021-01-01T12:00:00Z,0.0,44.125,280.125,NaN,NaN
2021-01-01T12:00:00Z,0.0,44.125,284.125,NaN,NaN
2021-01-01T12:00:00Z,0.0,44.125,288.125,NaN,NaN
2021-01-01T12:00:00Z,0.0,44.125,292.125,7.16,0.85
2021-01-01T12:00:00Z,0.0,44.125,296.125,6.06,2.04
2021-01-01T12:00:00Z,0.0,44.125,300.125,6.94,2.17
2021-01-01T12:00:00Z,0.0,44.125,304.125,9.94,4.0
2021-01-01T12:00:00Z,0.0,44.125,308.125,7.0,2.21
2021-01-01T12:00:00Z,0.0,44.125,312.125,9.51,2.45
2021-01-01T12:00:00Z,0.0,44.125,316.125,12.36,-1.84
2021-01-01T12:00:00Z,0.0,44.125,320.125,16.59,1.16
2021-01-01T12:00:00Z,0.0,44.125,324.125,15.65,0.82
2021-01-01T12:00:00Z,0.0,44.125,328.125,16.59,1.85
2021-01-01T12:00:00Z,0.0,44.125,332.125,15.32,0.86
2021-01-01T12:00:00Z,0.0,44.125,336.125,14.18,0.0
2021-01-01T12:00:00Z,0.0,44.125,340.125,13.49,-0.45
2021-01-01T12:00:00Z,0.0,44.125,344.125,13.79,0.05
2021-01-01T12:00:00Z,0.0,44.125,348.125,13.75,0.22
2021-01-01T12:00:00Z,0.0,44.125,352.125,13.24,-0.16
2021-01-01T12:00:00Z,0.0,44.125,356.125,13.5,0.27
2021-01-01T12:00:00Z,0.0,48.125,0.125,NaN,NaN
2021-01-01T12:00:00Z,0.0,48.125,4.125,NaN,NaN
2021-01-01T12:00:00Z,0.0,48.125,8.125,NaN,NaN
2021-01-01T12:00:00Z,0.0,48.125,12.125,NaN,NaN
2021-01-01T12:00:00Z,0.0,48.125,16.125,NaN,NaN
2021-01-01T12:00:00Z,0.0,48.125,20.125,NaN,NaN
2021-01-01T12:00:00Z,0.0,48.125,24.125,NaN,NaN
2021-01-01T12:00:00Z,0.0,48.125,28.125,NaN,NaN
2021-01-01T12:00:00Z,0.0,48.125,32.125,NaN,NaN
2021-01-01T12:00:00Z,0.0,48.125,36.125,NaN,NaN
2021-01-01T12:00:00Z,0.0,48.125,40.125,NaN,NaN
2021-01-01T12:00:00Z,0.0,48.125,44.125,NaN,NaN
2021-01-01T12:00:00Z,0.0,48.125,48.125,NaN,NaN
2021-01-01T12:00:00Z,0.0,48.125,52.125,NaN,NaN
2021-01-01T12:00:00Z,0.0,48.125,56.125,NaN,NaN
2021-01-01T12:00:00Z,0.0,48.125,60.125,NaN,NaN
2021-01-01T12:00:00Z,0.0,48.125,64.125,NaN,NaN
2021-01-01T12:00:00Z,0.0,48.125,68.125,NaN,NaN
2021-01-01T12:00:00Z,0.0,48.125,72.125,NaN,NaN
2021-01-01T12:00:00Z,0.0,48.125,76.125,NaN,NaN
2021-01-01T12:00:00Z,0.0,48.125,80.125,NaN,NaN
2021-01-01T12:00:00Z,0.0,48.125,84.125,NaN,NaN
2021-01-01T12:00:00Z,0.0,48.125,88.125,NaN,NaN
2021-01-01T12:00:00Z,0.0,48.125,92.125,NaN,NaN
2021-01-01T12:00:00Z,0.0,48.125,96.125,NaN,NaN
2021-01-01T12:00:00Z,0.0,48.125,100.125,NaN,NaN
2021-01-01T12:00:00Z,0.0,48.125,104.125,NaN,NaN
2021-01-01T12:00:00Z,0.0,48.125,108.125,NaN,NaN
2021-01-01T12:00:00Z,0.0,48.125,112.125,NaN,NaN
2021-01-01T12:00:00Z,0.0,48.125,116.125,NaN,NaN
2021-01-01T12:00:00Z,0.0,48.125,120.125,NaN,NaN
2021-01-01T12:00:00Z,0.0,48.125,124.125,NaN,NaN
2021-01-01T12:00:00Z,0.0,48.125,128.125,NaN,NaN
2021-01-01T12:00:00Z,0.0,48.125,132.125,NaN,NaN
2021-01-01T12:00:00Z,0.0,48.125,136.125,NaN,NaN
2021-01-01T12:00:00Z,0.0,48.125,140.125,2.8,1.1
2021-01-01T12:00:00Z,0.0,48.125,144.125,-1.34,-2.18
2021-01-01T12:00:00Z,0.0,48.125,148.125,2.83,0.74
2021-01-01T12:00:00Z,0.0,48.125,152.125,2.24,-0.05
2021-01-01T12:00:00Z,0.0,48.125,156.125,2.83,0.21
2021-01-01T12:00:00Z,0.0,48.125,160.125,3.3,0.09
2021-01-01T12:00:00Z,0.0,48.125,164.125,3.76,-0.07
2021-01-01T12:00:00Z,0.0,48.125,168.125,3.49,-0.61
2021-01-01T12:00:00Z,0.0,48.125,172.125,3.91,-0.66
2021-01-01T12:00:00Z,0.0,48.125,176.125,4.44,-0.36
2021-01-01T12:00:00Z,0.0,48.125,180.125,4.6,-0.4
2021-01-01T12:00:00Z,0.0,48.125,184.125,4.97,-0.28
2021-01-01T12:00:00Z,0.0,48.125,188.125,5.54,0.03
2021-01-01T12:00:00Z,0.0,48.125,192.125,5.93,0.1
2021-01-01T12:00:00Z,0.0,48.125,196.125,6.98,0.87
2021-01-01T12:00:00Z,0.0,48.125,200.125,7.01,0.74
2021-01-01T12:00:00Z,0.0,48.125,204.125,6.95,0.41
2021-01-01T12:00:00Z,0.0,48.125,208.125,7.26,0.39
2021-01-01T12:00:00Z,0.0,48.125,212.125,7.79,0.46
2021-01-01T12:00:00Z,0.0,48.125,216.125,8.31,0.44
2021-01-01T12:00:00Z,0.0,48.125,220.125,8.78,0.39
2021-01-01T12:00:00Z,0.0,48.125,224.125,9.47,0.61
2021-01-01T12:00:00Z,0.0,48.125,228.125,9.72,0.4
2021-01-01T12:00:00Z,0.0,48.125,232.125,9.74,0.36
2021-01-01T12:00:00Z,0.0,48.125,236.125,NaN,NaN
2021-01-01T12:00:00Z,0.0,48.125,240.125,NaN,NaN
2021-01-01T12:00:00Z,0.0,48.125,244.125,NaN,NaN
2021-01-01T12:00:00Z,0.0,48.125,248.125,NaN,NaN
2021-01-01T12:00:00Z,0.0,48.125,252.125,NaN,NaN
2021-01-01T12:00:00Z,0.0,48.125,256.125,NaN,NaN
2021-01-01T12:00:00Z,0.0,48.125,260.125,NaN,NaN
2021-01-01T12:00:00Z,0.0,48.125,264.125,NaN,NaN
2021-01-01T12:00:00Z,0.0,48.125,268.125,NaN,NaN
2021-01-01T12:00:00Z,0.0,48.125,272.125,3.22,0.17
2021-01-01T12:00:00Z,0.0,48.125,276.125,NaN,NaN
2021-01-01T12:00:00Z,0.0,48.125,280.125,NaN,NaN
2021-01-01T12:00:00Z,0.0,48.125,284.125,NaN,NaN
2021-01-01T12:00:00Z,0.0,48.125,288.125,NaN,NaN
2021-01-01T12:00:00Z,0.0,48.125,292.125,NaN,NaN
2021-01-01T12:00:00Z,0.0,48.125,296.125,0.51,-0.03
2021-01-01T12:00:00Z,0.0,48.125,300.125,3.73,2.37
2021-01-01T12:00:00Z,0.0,48.125,304.125,NaN,NaN
2021-01-01T12:00:00Z,0.0,48.125,308.125,0.56,-0.47
2021-01-01T12:00:00Z,0.0,48.125,312.125,1.47,-0.51
2021-01-01T12:00:00Z,0.0,48.125,316.125,6.44,-0.51
2021-01-01T12:00:00Z,0.0,48.125,320.125,12.66,0.3
2021-01-01T12:00:00Z,0.0,48.125,324.125,12.93,0.47
2021-01-01T12:00:00Z,0.0,48.125,328.125,12.1,-0.34
2021-01-01T12:00:00Z,0.0,48.125,332.125,12.51,-0.09
2021-01-01T12:00:00Z,0.0,48.125,336.125,12.62,0.0
2021-01-01T12:00:00Z,0.0,48.125,340.125,12.77,0.12
2021-01-01T12:00:00Z,0.0,48.125,344.125,12.01,-0.37
2021-01-01T12:00:00Z,0.0,48.125,348.125,12.3,0.09
2021-01-01T12:00:00Z,0.0,48.125,352.125,12.23,0.41
2021-01-01T12:00:00Z,0.0,48.125,356.125,NaN,NaN
2021-01-01T12:00:00Z,0.0,52.125,0.125,NaN,NaN
2021-01-01T12:00:00Z,0.0,52.125,4.125,8.94,1.11
2021-01-01T12:00:00Z,0.0,52.125,8.125,NaN,NaN
2021-01-01T12:00:00Z,0.0,52.125,12.125,NaN,NaN
2021-01-01T12:00:00Z,0.0,52.125,16.125,NaN,NaN
2021-01-01T12:00:00Z,0.0,52.125,20.125,NaN,NaN
2021-01-01T12:00:00Z,0.0,52.125,24.125,NaN,NaN
2021-01-01T12:00:00Z,0.0,52.125,28.125,NaN,NaN
2021-01-01T12:00:00Z,0.0,52.125,32.125,NaN,NaN
2021-01-01T12:00:00Z,0.0,52.125,36.125,NaN,NaN
2021-01-01T12:00:00Z,0.0,52.125,40.125,NaN,NaN
2021-01-01T12:00:00Z,0.0,52.125,44.125,NaN,NaN
2021-01-01T12:00:00Z,0.0,52.125,48.125,NaN,NaN
2021-01-01T12:00:00Z,0.0,52.125,52.125,NaN,NaN
2021-01-01T12:00:00Z,0.0,52.125,56.125,NaN,NaN
2021-01-01T12:00:00Z,0.0,52.125,60.125,NaN,NaN
2021-01-01T12:00:00Z,0.0,52.125,64.125,NaN,NaN
2021-01-01T12:00:00Z,0.0,52.125,68.125,NaN,NaN
2021-01-01T12:00:00Z,0.0,52.125,72.125,NaN,NaN
2021-01-01T12:00:00Z,0.0,52.125,76.125,NaN,NaN
2021-01-01T12:00:00Z,0.0,52.125,80.125,NaN,NaN
2021-01-01T12:00:00Z,0.0,52.125,84.125,NaN,NaN
2021-01-01T12:00:00Z,0.0,52.125,88.125,NaN,NaN
2021-01-01T12:00:00Z,0.0,52.125,92.125,NaN,NaN
2021-01-01T12:00:00Z,0.0,52.125,96.125,NaN,NaN
2021-01-01T12:00:00Z,0.0,52.125,100.125,NaN,NaN
2021-01-01T12:00:00Z,0.0,52.125,104.125,NaN,NaN
2021-01-01T12:00:00Z,0.0,52.125,108.125,NaN,NaN
2021-01-01T12:00:00Z,0.0,52.125,112.125,NaN,NaN
2021-01-01T12:00:00Z,0.0,52.125,116.125,NaN,NaN
2021-01-01T12:00:00Z,0.0,52.125,120.125,NaN,NaN
2021-01-01T12:00:00Z,0.0,52.125,124.125,NaN,NaN
2021-01-01T12:00:00Z,0.0,52.125,128.125,NaN,NaN
2021-01-01T12:00:00Z,0.0,52.125,132.125,NaN,NaN
2021-01-01T12:00:00Z,0.0,52.125,136.125,NaN,NaN
2021-01-01T12:00:00Z,0.0,52.125,140.125,NaN,NaN
2021-01-01T12:00:00Z,0.0,52.125,144.125,-1.71,-1.72
2021-01-01T12:00:00Z,0.0,52.125,148.125,1.56,0.68
2021-01-01T12:00:00Z,0.0,52.125,152.125,2.1,0.73
2021-01-01T12:00:00Z,0.0,52.125,156.125,1.67,-0.14
2021-01-01T12:00:00Z,0.0,52.125,160.125,2.55,0.22
2021-01-01T12:00:00Z,0.0,52.125,164.125,3.42,0.26
2021-01-01T12:00:00Z,0.0,52.125,168.125,3.94,0.24
2021-01-01T12:00:00Z,0.0,52.125,172.125,4.5,0.4
2021-01-01T12:00:00Z,0.0,52.125,176.125,4.67,0.46
2021-01-01T12:00:00Z,0.0,52.125,180.125,4.57,0.27
2021-01-01T12:00:00Z,0.0,52.125,184.125,4.47,-0.04
2021-01-01T12:00:00Z,0.0,52.125,188.125,4.97,0.28
2021-01-01T12:00:00Z,0.0,52.125,192.125,5.17,0.28
2021-01-01T12:00:00Z,0.0,52.125,196.125,5.15,0.19
2021-01-01T12:00:00Z,0.0,52.125,200.125,5.27,0.26
2021-01-01T12:00:00Z,0.0,52.125,204.125,5.29,0.16
2021-01-01T12:00:00Z,0.0,52.125,208.125,5.7,0.3
2021-01-01T12:00:00Z,0.0,52.125,212.125,6.12,0.28
2021-01-01T12:00:00Z,0.0,52.125,216.125,7.09,0.59
2021-01-01T12:00:00Z,0.0,52.125,220.125,7.46,0.33
2021-01-01T12:00:00Z,0.0,52.125,224.125,8.03,0.3
2021-01-01T12:00:00Z,0.0,52.125,228.125,8.23,0.26
2021-01-01T12:00:00Z,0.0,52.125,232.125,NaN,NaN
2021-01-01T12:00:00Z,0.0,52.125,236.125,NaN,NaN
2021-01-01T12:00:00Z,0.0,52.125,240.125,NaN,NaN
2021-01-01T12:00:00Z,0.0,52.125,244.125,NaN,NaN
2021-01-01T12:00:00Z,0.0,52.125,248.125,NaN,NaN
2021-01-01T12:00:00Z,0.0,52.125,252.125,NaN,NaN
2021-01-01T12:00:00Z,0.0,52.125,256.125,NaN,NaN
2021-01-01T12:00:00Z,0.0,52.125,260.125,NaN,NaN
2021-01-01T12:00:00Z,0.0,52.125,264.125,NaN,NaN
2021-01-01T12:00:00Z,0.0,52.125,268.125,NaN,NaN
2021-01-01T12:00:00Z,0.0,52.125,272.125,NaN,NaN
2021-01-01T12:00:00Z,0.0,52.125,276.125,NaN,NaN
2021-01-01T12:00:00Z,0.0,52.125,280.125,-1.18,0.09
2021-01-01T12:00:00Z,0.0,52.125,284.125,NaN,NaN
2021-01-01T12:00:00Z,0.0,52.125,288.125,NaN,NaN
2021-01-01T12:00:00Z,0.0,52.125,292.125,NaN,NaN
2021-01-01T12:00:00Z,0.0,52.125,296.125,NaN,NaN
2021-01-01T12:00:00Z,0.0,52.125,300.125,NaN,NaN
2021-01-01T12:00:00Z,0.0,52.125,304.125,NaN,NaN
2021-01-01T12:00:00Z,0.0,52.125,308.125,-0.91,-1.91
2021-01-01T12:00:00Z,0.0,52.125,312.125,5.82,1.11
2021-01-01T12:00:00Z,0.0,52.125,316.125,8.9,1.98
2021-01-01T12:00:00Z,0.0,52.125,320.125,5.95,-1.41
2021-01-01T12:00:00Z,0.0,52.125,324.125,7.64,0.08
2021-01-01T12:00:00Z,0.0,52.125,328.125,7.76,-0.87
2021-01-01T12:00:00Z,0.0,52.125,332.125,8.24,-1.36
2021-01-01T12:00:00Z,0.0,52.125,336.125,8.66,-1.82
2021-01-01T12:00:00Z,0.0,52.125,340.125,10.23,-0.9
2021-01-01T12:00:00Z,0.0,52.125,344.125,11.0,-0.24
2021-01-01T12:00:00Z,0.0,52.125,348.125,10.97,0.15
2021-01-01T12:00:00Z,0.0,52.125,352.125,NaN,NaN
2021-01-01T12:00:00Z,0.0,52.125,356.125,NaN,NaN
2021-01-01T12:00:00Z,0.0,56.125,0.125,9.35,1.57
2021-01-01T12:00:00Z,0.0,56.125,4.125,8.64,1.39
2021-01-01T12:00:00Z,0.0,56.125,8.125,8.75,2.44
2021-01-01T12:00:00Z,0.0,56.125,12.125,5.35,2.17
2021-01-01T12:00:00Z,0.0,56.125,16.125,8.81,4.32
2021-01-01T12:00:00Z,0.0,56.125,20.125,7.23,2.6
2021-01-01T12:00:00Z,0.0,56.125,24.125,NaN,NaN
2021-01-01T12:00:00Z,0.0,56.125,28.125,NaN,NaN
2021-01-01T12:00:00Z,0.0,56.125,32.125,NaN,NaN
2021-01-01T12:00:00Z,0.0,56.125,36.125,NaN,NaN
2021-01-01T12:00:00Z,0.0,56.125,40.125,NaN,NaN
2021-01-01T12:00:00Z,0.0,56.125,44.125,NaN,NaN
2021-01-01T12:00:00Z,0.0,56.125,48.125,NaN,NaN
2021-01-01T12:00:00Z,0.0,56.125,52.125,NaN,NaN
2021-01-01T12:00:00Z,0.0,56.125,56.125,NaN,NaN
2021-01-01T12:00:00Z,0.0,56.125,60.125,NaN,NaN
2021-01-01T12:00:00Z,0.0,56.125,64.125,NaN,NaN
2021-01-01T12:00:00Z,0.0,56.125,68.125,NaN,NaN
2021-01-01T12:00:00Z,0.0,56.125,72.125,NaN,NaN
2021-01-01T12:00:00Z,0.0,56.125,76.125,NaN,NaN
2021-01-01T12:00:00Z,0.0,56.125,80.125,NaN,NaN
2021-01-01T12:00:00Z,0.0,56.125,84.125,NaN,NaN
2021-01-01T12:00:00Z,0.0,56.125,88.125,NaN,NaN
2021-01-01T12:00:00Z,0.0,56.125,92.125,NaN,NaN
2021-01-01T12:00:00Z,0.0,56.125,96.125,NaN,NaN
2021-01-01T12:00:00Z,0.0,56.125,100.125,NaN,NaN
2021-01-01T12:00:00Z,0.0,56.125,104.125,NaN,NaN
2021-01-01T12:00:00Z,0.0,56.125,108.125,NaN,NaN
2021-01-01T12:00:00Z,0.0,56.125,112.125,NaN,NaN
2021-01-01T12:00:00Z,0.0,56.125,116.125,NaN,NaN
2021-01-01T12:00:00Z,0.0,56.125,120.125,NaN,NaN
2021-01-01T12:00:00Z,0.0,56.125,124.125,NaN,NaN
2021-01-01T12:00:00Z,0.0,56.125,128.125,NaN,NaN
2021-01-01T12:00:00Z,0.0,56.125,132.125,NaN,NaN
2021-01-01T12:00:00Z,0.0,56.125,136.125,NaN,NaN
2021-01-01T12:00:00Z,0.0,56.125,140.125,-1.69,-1.56
2021-01-01T12:00:00Z,0.0,56.125,144.125,-1.36,-1.56
2021-01-01T12:00:00Z,0.0,56.125,148.125,-0.46,-0.82
2021-01-01T12:00:00Z,0.0,56.125,152.125,1.23,0.66
2021-01-01T12:00:00Z,0.0,56.125,156.125,NaN,NaN
2021-01-01T12:00:00Z,0.0,56.125,160.125,NaN,NaN
2021-01-01T12:00:00Z,0.0,56.125,164.125,0.29,-1.18
2021-01-01T12:00:00Z,0.0,56.125,168.125,2.95,0.87
2021-01-01T12:00:00Z,0.0,56.125,172.125,3.2,0.52
2021-01-01T12:00:00Z,0.0,56.125,176.125,3.61,0.78
2021-01-01T12:00:00Z,0.0,56.125,180.125,3.5,0.51
2021-01-01T12:00:00Z,0.0,56.125,184.125,4.01,0.51
2021-01-01T12:00:00Z,0.0,56.125,188.125,4.87,1.06
2021-01-01T12:00:00Z,0.0,56.125,192.125,4.87,1.03
2021-01-01T12:00:00Z,0.0,56.125,196.125,4.87,1.06
2021-01-01T12:00:00Z,0.0,56.125,200.125,NaN,NaN
2021-01-01T12:00:00Z,0.0,56.125,204.125,5.65,0.56
2021-01-01T12:00:00Z,0.0,56.125,208.125,5.52,0.23
2021-01-01T12:00:00Z,0.0,56.125,212.125,4.85,-0.33
2021-01-01T12:00:00Z,0.0,56.125,216.125,6.05,0.46
2021-01-01T12:00:00Z,0.0,56.125,220.125,6.13,-0.14
2021-01-01T12:00:00Z,0.0,56.125,224.125,7.68,0.83
2021-01-01T12:00:00Z,0.0,56.125,228.125,NaN,NaN
2021-01-01T12:00:00Z,0.0,56.125,232.125,NaN,NaN
2021-01-01T12:00:00Z,0.0,56.125,236.125,NaN,NaN
2021-01-01T12:00:00Z,0.0,56.125,240.125,NaN,NaN
2021-01-01T12:00:00Z,0.0,56.125,244.125,NaN,NaN
2021-01-01T12:00:00Z,0.0,56.125,248.125,NaN,NaN
2021-01-01T12:00:00Z,0.0,56.125,252.125,NaN,NaN
2021-01-01T12:00:00Z,0.0,56.125,256.125,NaN,NaN
2021-01-01T12:00:00Z,0.0,56.125,260.125,NaN,NaN
2021-01-01T12:00:00Z,0.0,56.125,264.125,NaN,NaN
2021-01-01T12:00:00Z,0.0,56.125,268.125,NaN,NaN
2021-01-01T12:00:00Z,0.0,56.125,272.125,NaN,NaN
2021-01-01T12:00:00Z,0.0,56.125,276.125,-1.44,0.06
2021-01-01T12:00:00Z,0.0,56.125,280.125,-1.02,0.34
2021-01-01T12:00:00Z,0.0,56.125,284.125,NaN,NaN
2021-01-01T12:00:00Z,0.0,56.125,288.125,NaN,NaN
2021-01-01T12:00:00Z,0.0,56.125,292.125,NaN,NaN
2021-01-01T12:00:00Z,0.0,56.125,296.125,NaN,NaN
2021-01-01T12:00:00Z,0.0,56.125,300.125,-1.32,-0.95
2021-01-01T12:00:00Z,0.0,56.125,304.125,4.35,3.4
2021-01-01T12:00:00Z,0.0,56.125,308.125,3.61,1.25
2021-01-01T12:00:00Z,0.0,56.125,312.125,3.43,0.13
2021-01-01T12:00:00Z,0.0,56.125,316.125,3.42,-0.19
2021-01-01T12:00:00Z,0.0,56.125,320.125,4.68,0.16
2021-01-01T12:00:00Z,0.0,56.125,324.125,6.27,0.31
2021-01-01T12:00:00Z,0.0,56.125,328.125,7.28,0.18
2021-01-01T12:00:00Z,0.0,56.125,332.125,7.72,-0.4
2021-01-01T12:00:00Z,0.0,56.125,336.125,9.07,-0.2
2021-01-01T12:00:00Z,0.0,56.125,340.125,10.45,0.47
2021-01-01T12:00:00Z,0.0,56.125,344.125,9.72,-0.26
2021-01-01T12:00:00Z,0.0,56.125,348.125,10.31,0.24
2021-01-01T12:00:00Z,0.0,56.125,352.125,10.07,0.48
2021-01-01T12:00:00Z,0.0,56.125,356.125,NaN,NaN
2021-01-01T12:00:00Z,0.0,60.125,0.125,9.46,1.14
2021-01-01T12:00:00Z,0.0,60.125,4.125,9.04,1.52
2021-01-01T12:00:00Z,0.0,60.125,8.125,NaN,NaN
2021-01-01T12:00:00Z,0.0,60.125,12.125,NaN,NaN
2021-01-01T12:00:00Z,0.0,60.125,16.125,NaN,NaN
2021-01-01T12:00:00Z,0.0,60.125,20.125,NaN,NaN
2021-01-01T12:00:00Z,0.0,60.125,24.125,NaN,NaN
2021-01-01T12:00:00Z,0.0,60.125,28.125,3.24,1.35
2021-01-01T12:00:00Z,0.0,60.125,32.125,NaN,NaN
2021-01-01T12:00:00Z,0.0,60.125,36.125,NaN,NaN
2021-01-01T12:00:00Z,0.0,60.125,40.125,NaN,NaN
2021-01-01T12:00:00Z,0.0,60.125,44.125,NaN,NaN
2021-01-01T12:00:00Z,0.0,60.125,48.125,NaN,NaN
2021-01-01T12:00:00Z,0.0,60.125,52.125,NaN,NaN
2021-01-01T12:00:00Z,0.0,60.125,56.125,NaN,NaN
2021-01-01T12:00:00Z,0.0,60.125,60.125,NaN,NaN
2021-01-01T12:00:00Z,0.0,60.125,64.125,NaN,NaN
2021-01-01T12:00:00Z,0.0,60.125,68.125,NaN,NaN
2021-01-01T12:00:00Z,0.0,60.125,72.125,NaN,NaN
2021-01-01T12:00:00Z,0.0,60.125,76.125,NaN,NaN
2021-01-01T12:00:00Z,0.0,60.125,80.125,NaN,NaN
2021-01-01T12:00:00Z,0.0,60.125,84.125,NaN,NaN
2021-01-01T12:00:00Z,0.0,60.125,88.125,NaN,NaN
2021-01-01T12:00:00Z,0.0,60.125,92.125,NaN,NaN
2021-01-01T12:00:00Z,0.0,60.125,96.125,NaN,NaN
2021-01-01T12:00:00Z,0.0,60.125,100.125,NaN,NaN
2021-01-01T12:00:00Z,0.0,60.125,104.125,NaN,NaN
2021-01-01T12:00:00Z,0.0,60.125,108.125,NaN,NaN
2021-01-01T12:00:00Z,0.0,60.125,112.125,NaN,NaN
2021-01-01T12:00:00Z,0.0,60.125,116.125,NaN,NaN
2021-01-01T12:00:00Z,0.0,60.125,120.125,NaN,NaN
2021-01-01T12:00:00Z,0.0,60.125,124.125,NaN,NaN
2021-01-01T12:00:00Z,0.0,60.125,128.125,NaN,NaN
2021-01-01T12:00:00Z,0.0,60.125,132.125,NaN,NaN
2021-01-01T12:00:00Z,0.0,60.125,136.125,NaN,NaN
2021-01-01T12:00:00Z,0.0,60.125,140.125,NaN,NaN
2021-01-01T12:00:00Z,0.0,60.125,144.125,NaN,NaN
2021-01-01T12:00:00Z,0.0,60.125,148.125,NaN,NaN
2021-01-01T12:00:00Z,0.0,60.125,152.125,NaN,NaN
2021-01-01T12:00:00Z,0.0,60.125,156.125,-1.59,-1.67
2021-01-01T12:00:00Z,0.0,60.125,160.125,-1.43,-1.48
2021-01-01T12:00:00Z,0.0,60.125,164.125,NaN,NaN
2021-01-01T12:00:00Z,0.0,60.125,168.125,1.03,0.22
2021-01-01T12:00:00Z,0.0,60.125,172.125,0.55,-0.47
2021-01-01T12:00:00Z,0.0,60.125,176.125,2.42,0.83
2021-01-01T12:00:00Z,0.0,60.125,180.125,3.29,1.25
2021-01-01T12:00:00Z,0.0,60.125,184.125,3.27,1.4
2021-01-01T12:00:00Z,0.0,60.125,188.125,1.51,0.42
2021-01-01T12:00:00Z,0.0,60.125,192.125,-1.5,-1.78
2021-01-01T12:00:00Z,0.0,60.125,196.125,NaN,NaN
2021-01-01T12:00:00Z,0.0,60.125,200.125,NaN,NaN
2021-01-01T12:00:00Z,0.0,60.125,204.125,NaN,NaN
2021-01-01T12:00:00Z,0.0,60.125,208.125,3.11,-2.21
2021-01-01T12:00:00Z,0.0,60.125,212.125,NaN,NaN
2021-01-01T12:00:00Z,0.0,60.125,216.125,NaN,NaN
2021-01-01T12:00:00Z,0.0,60.125,220.125,NaN,NaN
2021-01-01T12:00:00Z,0.0,60.125,224.125,NaN,NaN
2021-01-01T12:00:00Z,0.0,60.125,228.125,NaN,NaN
2021-01-01T12:00:00Z,0.0,60.125,232.125,NaN,NaN
2021-01-01T12:00:00Z,0.0,60.125,236.125,NaN,NaN
2021-01-01T12:00:00Z,0.0,60.125,240.125,NaN,NaN
2021-01-01T12:00:00Z,0.0,60.125,244.125,NaN,NaN
2021-01-01T12:00:00Z,0.0,60.125,248.125,NaN,NaN
2021-01-01T12:00:00Z,0.0,60.125,252.125,NaN,NaN
2021-01-01T12:00:00Z,0.0,60.125,256.125,NaN,NaN
2021-01-01T12:00:00Z,0.0,60.125,260.125,NaN,NaN
2021-01-01T12:00:00Z,0.0,60.125,264.125,NaN,NaN
2021-01-01T12:00:00Z,0.0,60.125,268.125,-1.58,0.05
2021-01-01T12:00:00Z,0.0,60.125,272.125,-1.53,0.18
2021-01-01T12:00:00Z,0.0,60.125,276.125,-1.59,0.09
2021-01-01T12:00:00Z,0.0,60.125,280.125,-1.45,0.08
2021-01-01T12:00:00Z,0.0,60.125,284.125,NaN,NaN
2021-01-01T12:00:00Z,0.0,60.125,288.125,NaN,NaN
2021-01-01T12:00:00Z,0.0,60.125,292.125,-1.64,-0.38
2021-01-01T12:00:00Z,0.0,60.125,296.125,-1.38,-0.4
2021-01-01T12:00:00Z,0.0,60.125,300.125,3.0,2.8
2021-01-01T12:00:00Z,0.0,60.125,304.125,2.92,0.94
2021-01-01T12:00:00Z,0.0,60.125,308.125,3.52,1.38
2021-01-01T12:00:00Z,0.0,60.125,312.125,3.44,1.75
2021-01-01T12:00:00Z,0.0,60.125,316.125,NaN,NaN
2021-01-01T12:00:00Z,0.0,60.125,320.125,4.52,0.3
2021-01-01T12:00:00Z,0.0,60.125,324.125,4.91,0.06
2021-01-01T12:00:00Z,0.0,60.125,328.125,6.2,0.14
2021-01-01T12:00:00Z,0.0,60.125,332.125,7.56,0.2
2021-01-01T12:00:00Z,0.0,60.125,336.125,7.99,-0.2
2021-01-01T12:00:00Z,0.0,60.125,340.125,8.7,0.06
2021-01-01T12:00:00Z,0.0,60.125,344.125,8.86,0.15
2021-01-01T12:00:00Z,0.0,60.125,348.125,9.16,0.2
2021-01-01T12:00:00Z,0.0,60.125,352.125,9.24,0.36
2021-01-01T12:00:00Z,0.0,60.125,356.125,9.54,0.91
2021-01-01T12:00:00Z,0.0,64.125,0.125,7.51,0.83
2021-01-01T12:00:00Z,0.0,64.125,4.125,8.51,0.99
2021-01-01T12:00:00Z,0.0,64.125,8.125,8.39,1.3
2021-01-01T12:00:00Z,0.0,64.125,12.125,NaN,NaN
2021-01-01T12:00:00Z,0.0,64.125,16.125,NaN,NaN
2021-01-01T12:00:00Z,0.0,64.125,20.125,NaN,NaN
2021-01-01T12:00:00Z,0.0,64.125,24.125,NaN,NaN
2021-01-01T12:00:00Z,0.0,64.125,28.125,NaN,NaN
2021-01-01T12:00:00Z,0.0,64.125,32.125,NaN,NaN
2021-01-01T12:00:00Z,0.0,64.125,36.125,NaN,NaN
2021-01-01T12:00:00Z,0.0,64.125,40.125,NaN,NaN
2021-01-01T12:00:00Z,0.0,64.125,44.125,NaN,NaN
2021-01-01T12:00:00Z,0.0,64.125,48.125,NaN,NaN
2021-01-01T12:00:00Z,0.0,64.125,52.125,NaN,NaN
2021-01-01T12:00:00Z,0.0,64.125,56.125,NaN,NaN
2021-01-01T12:00:00Z,0.0,64.125,60.125,NaN,NaN
2021-01-01T12:00:00Z,0.0,64.125,64.125,NaN,NaN
2021-01-01T12:00:00Z,0.0,64.125,68.125,NaN,NaN
2021-01-01T12:00:00Z,0.0,64.125,72.125,NaN,NaN
2021-01-01T12:00:00Z,0.0,64.125,76.125,NaN,NaN
2021-01-01T12:00:00Z,0.0,64.125,80.125,NaN,NaN
2021-01-01T12:00:00Z,0.0,64.125,84.125,NaN,NaN
2021-01-01T12:00:00Z,0.0,64.125,88.125,NaN,NaN
2021-01-01T12:00:00Z,0.0,64.125,92.125,NaN,NaN
2021-01-01T12:00:00Z,0.0,64.125,96.125,NaN,NaN
2021-01-01T12:00:00Z,0.0,64.125,100.125,NaN,NaN
2021-01-01T12:00:00Z,0.0,64.125,104.125,NaN,NaN
2021-01-01T12:00:00Z,0.0,64.125,108.125,NaN,NaN
2021-01-01T12:00:00Z,0.0,64.125,112.125,NaN,NaN
2021-01-01T12:00:00Z,0.0,64.125,116.125,NaN,NaN
2021-01-01T12:00:00Z,0.0,64.125,120.125,NaN,NaN
2021-01-01T12:00:00Z,0.0,64.125,124.125,NaN,NaN
2021-01-01T12:00:00Z,0.0,64.125,128.125,NaN,NaN
2021-01-01T12:00:00Z,0.0,64.125,132.125,NaN,NaN
2021-01-01T12:00:00Z,0.0,64.125,136.125,NaN,NaN
2021-01-01T12:00:00Z,0.0,64.125,140.125,NaN,NaN
2021-01-01T12:00:00Z,0.0,64.125,144.125,NaN,NaN
2021-01-01T12:00:00Z,0.0,64.125,148.125,NaN,NaN
2021-01-01T12:00:00Z,0.0,64.125,152.125,NaN,NaN
2021-01-01T12:00:00Z,0.0,64.125,156.125,NaN,NaN
2021-01-01T12:00:00Z,0.0,64.125,160.125,NaN,NaN
2021-01-01T12:00:00Z,0.0,64.125,164.125,NaN,NaN
2021-01-01T12:00:00Z,0.0,64.125,168.125,NaN,NaN
2021-01-01T12:00:00Z,0.0,64.125,172.125,NaN,NaN
2021-01-01T12:00:00Z,0.0,64.125,176.125,NaN,NaN
2021-01-01T12:00:00Z,0.0,64.125,180.125,-1.29,-0.5
2021-01-01T12:00:00Z,0.0,64.125,184.125,-0.16,-0.1
2021-01-01T12:00:00Z,0.0,64.125,188.125,-1.3,-0.74
2021-01-01T12:00:00Z,0.0,64.125,192.125,-1.65,-0.8
2021-01-01T12:00:00Z,0.0,64.125,196.125,-1.41,-0.64
2021-01-01T12:00:00Z,0.0,64.125,200.125,NaN,NaN
2021-01-01T12:00:00Z,0.0,64.125,204.125,NaN,NaN
2021-01-01T12:00:00Z,0.0,64.125,208.125,NaN,NaN
2021-01-01T12:00:00Z,0.0,64.125,212.125,NaN,NaN
2021-01-01T12:00:00Z,0.0,64.125,216.125,NaN,NaN
2021-01-01T12:00:00Z,0.0,64.125,220.125,NaN,NaN
2021-01-01T12:00:00Z,0.0,64.125,224.125,NaN,NaN
2021-01-01T12:00:00Z,0.0,64.125,228.125,NaN,NaN
2021-01-01T12:00:00Z,0.0,64.125,232.125,NaN,NaN
2021-01-01T12:00:00Z,0.0,64.125,236.125,NaN,NaN
2021-01-01T12:00:00Z,0.0,64.125,240.125,NaN,NaN
2021-01-01T12:00:00Z,0.0,64.125,244.125,NaN,NaN
2021-01-01T12:00:00Z,0.0,64.125,248.125,NaN,NaN
2021-01-01T12:00:00Z,0.0,64.125,252.125,NaN,NaN
2021-01-01T12:00:00Z,0.0,64.125,256.125,NaN,NaN
2021-01-01T12:00:00Z,0.0,64.125,260.125,NaN,NaN
2021-01-01T12:00:00Z,0.0,64.125,264.125,NaN,NaN
2021-01-01T12:00:00Z,0.0,64.125,268.125,NaN,NaN
2021-01-01T12:00:00Z,0.0,64.125,272.125,-1.63,0.07
2021-01-01T12:00:00Z,0.0,64.125,276.125,NaN,NaN
2021-01-01T12:00:00Z,0.0,64.125,280.125,-1.63,0.07
2021-01-01T12:00:00Z,0.0,64.125,284.125,-1.67,-0.13
2021-01-01T12:00:00Z,0.0,64.125,288.125,NaN,NaN
2021-01-01T12:00:00Z,0.0,64.125,292.125,NaN,NaN
2021-01-01T12:00:00Z,0.0,64.125,296.125,-1.63,-0.04
2021-01-01T12:00:00Z,0.0,64.125,300.125,-1.49,-0.64
2021-01-01T12:00:00Z,0.0,64.125,304.125,0.63,0.13
2021-01-01T12:00:00Z,0.0,64.125,308.125,-1.25,-1.51
2021-01-01T12:00:00Z,0.0,64.125,312.125,NaN,NaN
2021-01-01T12:00:00Z,0.0,64.125,316.125,NaN,NaN
2021-01-01T12:00:00Z,0.0,64.125,320.125,-1.29,-4.12
2021-01-01T12:00:00Z,0.0,64.125,324.125,5.52,1.66
2021-01-01T12:00:00Z,0.0,64.125,328.125,6.26,1.04
2021-01-01T12:00:00Z,0.0,64.125,332.125,6.73,0.29
2021-01-01T12:00:00Z,0.0,64.125,336.125,6.27,-0.05
2021-01-01T12:00:00Z,0.0,64.125,340.125,NaN,NaN
2021-01-01T12:00:00Z,0.0,64.125,344.125,6.75,-0.36
2021-01-01T12:00:00Z,0.0,64.125,348.125,6.97,0.96
2021-01-01T12:00:00Z,0.0,64.125,352.125,5.73,0.79
2021-01-01T12:00:00Z,0.0,64.125,356.125,5.29,-0.03
2021-01-01T12:00:00Z,0.0,68.125,0.125,6.1,0.47
2021-01-01T12:00:00Z,0.0,68.125,4.125,6.92,0.65
2021-01-01T12:00:00Z,0.0,68.125,8.125,7.08,0.43
2021-01-01T12:00:00Z,0.0,68.125,12.125,7.72,1.54
2021-01-01T12:00:00Z,0.0,68.125,16.125,6.34,0.84
2021-01-01T12:00:00Z,0.0,68.125,20.125,NaN,NaN
2021-01-01T12:00:00Z,0.0,68.125,24.125,NaN,NaN
2021-01-01T12:00:00Z,0.0,68.125,28.125,NaN,NaN
2021-01-01T12:00:00Z,0.0,68.125,32.125,NaN,NaN
2021-01-01T12:00:00Z,0.0,68.125,36.125,NaN,NaN
2021-01-01T12:00:00Z,0.0,68.125,40.125,4.17,2.43
2021-01-01T12:00:00Z,0.0,68.125,44.125,-1.43,-1.95
2021-01-01T12:00:00Z,0.0,68.125,48.125,-1.43,-1.57
2021-01-01T12:00:00Z,0.0,68.125,52.125,NaN,NaN
2021-01-01T12:00:00Z,0.0,68.125,56.125,NaN,NaN
2021-01-01T12:00:00Z,0.0,68.125,60.125,NaN,NaN
2021-01-01T12:00:00Z,0.0,68.125,64.125,NaN,NaN
2021-01-01T12:00:00Z,0.0,68.125,68.125,NaN,NaN
2021-01-01T12:00:00Z,0.0,68.125,72.125,NaN,NaN
2021-01-01T12:00:00Z,0.0,68.125,76.125,NaN,NaN
2021-01-01T12:00:00Z,0.0,68.125,80.125,NaN,NaN
2021-01-01T12:00:00Z,0.0,68.125,84.125,NaN,NaN
2021-01-01T12:00:00Z,0.0,68.125,88.125,NaN,NaN
2021-01-01T12:00:00Z,0.0,68.125,92.125,NaN,NaN
2021-01-01T12:00:00Z,0.0,68.125,96.125,NaN,NaN
2021-01-01T12:00:00Z,0.0,68.125,100.125,NaN,NaN
2021-01-01T12:00:00Z,0.0,68.125,104.125,NaN,NaN
2021-01-01T12:00:00Z,0.0,68.125,108.125,NaN,NaN
2021-01-01T12:00:00Z,0.0,68.125,112.125,NaN,NaN
2021-01-01T12:00:00Z,0.0,68.125,116.125,NaN,NaN
2021-01-01T12:00:00Z,0.0,68.125,120.125,NaN,NaN
2021-01-01T12:00:00Z,0.0,68.125,124.125,NaN,NaN
2021-01-01T12:00:00Z,0.0,68.125,128.125,NaN,NaN
2021-01-01T12:00:00Z,0.0,68.125,132.125,NaN,NaN
2021-01-01T12:00:00Z,0.0,68.125,136.125,NaN,NaN
2021-01-01T12:00:00Z,0.0,68.125,140.125,NaN,NaN
2021-01-01T12:00:00Z,0.0,68.125,144.125,NaN,NaN
2021-01-01T12:00:00Z,0.0,68.125,148.125,NaN,NaN
2021-01-01T12:00:00Z,0.0,68.125,152.125,NaN,NaN
2021-01-01T12:00:00Z,0.0,68.125,156.125,NaN,NaN
2021-01-01T12:00:00Z,0.0,68.125,160.125,NaN,NaN
2021-01-01T12:00:00Z,0.0,68.125,164.125,NaN,NaN
2021-01-01T12:00:00Z,0.0,68.125,168.125,NaN,NaN
2021-01-01T12:00:00Z,0.0,68.125,172.125,NaN,NaN
2021-01-01T12:00:00Z,0.0,68.125,176.125,NaN,NaN
2021-01-01T12:00:00Z,0.0,68.125,180.125,NaN,NaN
2021-01-01T12:00:00Z,0.0,68.125,184.125,-1.59,0.08
2021-01-01T12:00:00Z,0.0,68.125,188.125,-1.68,0.01
2021-01-01T12:00:00Z,0.0,68.125,192.125,-1.65,-0.13
2021-01-01T12:00:00Z,0.0,68.125,196.125,NaN,NaN
2021-01-01T12:00:00Z,0.0,68.125,200.125,NaN,NaN
2021-01-01T12:00:00Z,0.0,68.125,204.125,NaN,NaN
2021-01-01T12:00:00Z,0.0,68.125,208.125,NaN,NaN
2021-01-01T12:00:00Z,0.0,68.125,212.125,NaN,NaN
2021-01-01T12:00:00Z,0.0,68.125,216.125,NaN,NaN
2021-01-01T12:00:00Z,0.0,68.125,220.125,NaN,NaN
2021-01-01T12:00:00Z,0.0,68.125,224.125,NaN,NaN
2021-01-01T12:00:00Z,0.0,68.125,228.125,NaN,NaN
2021-01-01T12:00:00Z,0.0,68.125,232.125,NaN,NaN
2021-01-01T12:00:00Z,0.0,68.125,236.125,NaN,NaN
2021-01-01T12:00:00Z,0.0,68.125,240.125,NaN,NaN
2021-01-01T12:00:00Z,0.0,68.125,244.125,NaN,NaN
2021-01-01T12:00:00Z,0.0,68.125,248.125,-1.02,0.78
2021-01-01T12:00:00Z,0.0,68.125,252.125,-1.2,0.6
2021-01-01T12:00:00Z,0.0,68.125,256.125,-1.47,0.29
2021-01-01T12:00:00Z,0.0,68.125,260.125,-1.29,0.47
2021-01-01T12:00:00Z,0.0,68.125,264.125,-1.07,0.67
2021-01-01T12:00:00Z,0.0,68.125,268.125,NaN,NaN
2021-01-01T12:00:00Z,0.0,68.125,272.125,-1.55,0.21
2021-01-01T12:00:00Z,0.0,68.125,276.125,NaN,NaN
2021-01-01T12:00:00Z,0.0,68.125,280.125,-1.66,0.11
2021-01-01T12:00:00Z,0.0,68.125,284.125,NaN,NaN
2021-01-01T12:00:00Z,0.0,68.125,288.125,NaN,NaN
2021-01-01T12:00:00Z,0.0,68.125,292.125,NaN,NaN
2021-01-01T12:00:00Z,0.0,68.125,296.125,-1.68,0.11
2021-01-01T12:00:00Z,0.0,68.125,300.125,-1.65,-0.07
2021-01-01T12:00:00Z,0.0,68.125,304.125,-0.6,-0.13
2021-01-01T12:00:00Z,0.0,68.125,308.125,NaN,NaN
2021-01-01T12:00:00Z,0.0,68.125,312.125,NaN,NaN
2021-01-01T12:00:00Z,0.0,68.125,316.125,NaN,NaN
2021-01-01T12:00:00Z,0.0,68.125,320.125,NaN,NaN
2021-01-01T12:00:00Z,0.0,68.125,324.125,NaN,NaN
2021-01-01T12:00:00Z,0.0,68.125,328.125,-1.59,-0.78
2021-01-01T12:00:00Z,0.0,68.125,332.125,-1.74,-1.55
2021-01-01T12:00:00Z,0.0,68.125,336.125,-1.59,-2.81
2021-01-01T12:00:00Z,0.0,68.125,340.125,1.59,-0.12
2021-01-01T12:00:00Z,0.0,68.125,344.125,1.09,-0.28
2021-01-01T12:00:00Z,0.0,68.125,348.125,1.51,0.51
2021-01-01T12:00:00Z,0.0,68.125,352.125,2.84,0.49
2021-01-01T12:00:00Z,0.0,68.125,356.125,5.91,1.47
2021-01-01T12:00:00Z,0.0,72.125,0.125,4.51,2.48
2021-01-01T12:00:00Z,0.0,72.125,4.125,4.73,1.43
2021-01-01T12:00:00Z,0.0,72.125,8.125,4.89,0.53
2021-01-01T12:00:00Z,0.0,72.125,12.125,6.61,1.58
2021-01-01T12:00:00Z,0.0,72.125,16.125,6.85,1.39
2021-01-01T12:00:00Z,0.0,72.125,20.125,6.44,1.73
2021-01-01T12:00:00Z,0.0,72.125,24.125,6.31,1.69
2021-01-01T12:00:00Z,0.0,72.125,28.125,5.63,1.03
2021-01-01T12:00:00Z,0.0,72.125,32.125,5.06,1.21
2021-01-01T12:00:00Z,0.0,72.125,36.125,4.17,1.42
2021-01-01T12:00:00Z,0.0,72.125,40.125,1.97,-0.01
2021-01-01T12:00:00Z,0.0,72.125,44.125,2.91,1.14
2021-01-01T12:00:00Z,0.0,72.125,48.125,2.48,1.12
2021-01-01T12:00:00Z,0.0,72.125,52.125,-1.07,-1.57
2021-01-01T12:00:00Z,0.0,72.125,56.125,-1.46,-0.54
2021-01-01T12:00:00Z,0.0,72.125,60.125,-0.96,0.39
2021-01-01T12:00:00Z,0.0,72.125,64.125,-1.39,0.21
2021-01-01T12:00:00Z,0.0,72.125,68.125,-1.34,0.23
2021-01-01T12:00:00Z,0.0,72.125,72.125,NaN,NaN
2021-01-01T12:00:00Z,0.0,72.125,76.125,-0.55,1.15
2021-01-01T12:00:00Z,0.0,72.125,80.125,NaN,NaN
2021-01-01T12:00:00Z,0.0,72.125,84.125,NaN,NaN
2021-01-01T12:00:00Z,0.0,72.125,88.125,NaN,NaN
2021-01-01T12:00:00Z,0.0,72.125,92.125,NaN,NaN
2021-01-01T12:00:00Z,0.0,72.125,96.125,NaN,NaN
2021-01-01T12:00:00Z,0.0,72.125,100.125,NaN,NaN
2021-01-01T12:00:00Z,0.0,72.125,104.125,NaN,NaN
2021-01-01T12:00:00Z,0.0,72.125,108.125,NaN,NaN
2021-01-01T12:00:00Z,0.0,72.125,112.125,NaN,NaN
2021-01-01T12:00:00Z,0.0,72.125,116.125,NaN,NaN
2021-01-01T12:00:00Z,0.0,72.125,120.125,NaN,NaN
2021-01-01T12:00:00Z,0.0,72.125,124.125,NaN,NaN
2021-01-01T12:00:00Z,0.0,72.125,128.125,NaN,NaN
2021-01-01T12:00:00Z,0.0,72.125,132.125,-0.46,1.31
2021-01-01T12:00:00Z,0.0,72.125,136.125,-0.79,1.01
2021-01-01T12:00:00Z,0.0,72.125,140.125,NaN,NaN
2021-01-01T12:00:00Z,0.0,72.125,144.125,NaN,NaN
2021-01-01T12:00:00Z,0.0,72.125,148.125,NaN,NaN
2021-01-01T12:00:00Z,0.0,72.125,152.125,-0.87,0.93
2021-01-01T12:00:00Z,0.0,72.125,156.125,-1.0,0.8
2021-01-01T12:00:00Z,0.0,72.125,160.125,-1.07,0.72
2021-01-01T12:00:00Z,0.0,72.125,164.125,-1.39,0.38
2021-01-01T12:00:00Z,0.0,72.125,168.125,-1.48,0.31
2021-01-01T12:00:00Z,0.0,72.125,172.125,-1.49,0.3
2021-01-01T12:00:00Z,0.0,72.125,176.125,-1.55,0.23
2021-01-01T12:00:00Z,0.0,72.125,180.125,-1.59,0.19
2021-01-01T12:00:00Z,0.0,72.125,184.125,-1.59,0.19
2021-01-01T12:00:00Z,0.0,72.125,188.125,-1.64,0.14
2021-01-01T12:00:00Z,0.0,72.125,192.125,-1.71,0.08
2021-01-01T12:00:00Z,0.0,72.125,196.125,-1.57,0.18
2021-01-01T12:00:00Z,0.0,72.125,200.125,-1.74,-0.05
2021-01-01T12:00:00Z,0.0,72.125,204.125,-1.8,-0.05
2021-01-01T12:00:00Z,0.0,72.125,208.125,-1.65,0.12
2021-01-01T12:00:00Z,0.0,72.125,212.125,-1.58,0.21
2021-01-01T12:00:00Z,0.0,72.125,216.125,-1.47,0.32
2021-01-01T12:00:00Z,0.0,72.125,220.125,-1.44,0.35
2021-01-01T12:00:00Z,0.0,72.125,224.125,-1.43,0.37
2021-01-01T12:00:00Z,0.0,72.125,228.125,-1.58,0.21
2021-01-01T12:00:00Z,0.0,72.125,232.125,-1.57,0.22
2021-01-01T12:00:00Z,0.0,72.125,236.125,NaN,NaN
2021-01-01T12:00:00Z,0.0,72.125,240.125,-1.56,0.13
2021-01-01T12:00:00Z,0.0,72.125,244.125,NaN,NaN
2021-01-01T12:00:00Z,0.0,72.125,248.125,NaN,NaN
2021-01-01T12:00:00Z,0.0,72.125,252.125,-0.84,0.96
2021-01-01T12:00:00Z,0.0,72.125,256.125,-1.74,0.06
2021-01-01T12:00:00Z,0.0,72.125,260.125,NaN,NaN
2021-01-01T12:00:00Z,0.0,72.125,264.125,-1.3,0.49
2021-01-01T12:00:00Z,0.0,72.125,268.125,-1.6,0.19
2021-01-01T12:00:00Z,0.0,72.125,272.125,NaN,NaN
2021-01-01T12:00:00Z,0.0,72.125,276.125,NaN,NaN
2021-01-01T12:00:00Z,0.0,72.125,280.125,NaN,NaN
2021-01-01T12:00:00Z,0.0,72.125,284.125,NaN,NaN
2021-01-01T12:00:00Z,0.0,72.125,288.125,-1.69,0.11
2021-01-01T12:00:00Z,0.0,72.125,292.125,-1.71,0.08
2021-01-01T12:00:00Z,0.0,72.125,296.125,-1.62,0.18
2021-01-01T12:00:00Z,0.0,72.125,300.125,-1.69,-0.14
2021-01-01T12:00:00Z,0.0,72.125,304.125,-1.45,-0.71
2021-01-01T12:00:00Z,0.0,72.125,308.125,NaN,NaN
2021-01-01T12:00:00Z,0.0,72.125,312.125,NaN,NaN
2021-01-01T12:00:00Z,0.0,72.125,316.125,NaN,NaN
2021-01-01T12:00:00Z,0.0,72.125,320.125,NaN,NaN
2021-01-01T12:00:00Z,0.0,72.125,324.125,NaN,NaN
2021-01-01T12:00:00Z,0.0,72.125,328.125,NaN,NaN
2021-01-01T12:00:00Z,0.0,72.125,332.125,NaN,NaN
2021-01-01T12:00:00Z,0.0,72.125,336.125,NaN,NaN
2021-01-01T12:00:00Z,0.0,72.125,340.125,-1.68,-0.58
2021-01-01T12:00:00Z,0.0,72.125,344.125,-1.51,-1.7
2021-01-01T12:00:00Z,0.0,72.125,348.125,-0.82,-1.74
2021-01-01T12:00:00Z,0.0,72.125,352.125,-0.63,-1.84
2021-01-01T12:00:00Z,0.0,72.125,356.125,-0.12,-1.68
2021-01-01T12:00:00Z,0.0,76.125,0.125,1.54,0.37
2021-01-01T12:00:00Z,0.0,76.125,4.125,2.37,0.09
2021-01-01T12:00:00Z,0.0,76.125,8.125,3.18,0.92
2021-01-01T12:00:00Z,0.0,76.125,12.125,4.68,2.95
2021-01-01T12:00:00Z,0.0,76.125,16.125,4.0,2.49
2021-01-01T12:00:00Z,0.0,76.125,20.125,1.7,1.61
2021-01-01T12:00:00Z,0.0,76.125,24.125,-0.33,-0.47
2021-01-01T12:00:00Z,0.0,76.125,28.125,0.32,-0.38
2021-01-01T12:00:00Z,0.0,76.125,32.125,3.54,2.78
2021-01-01T12:00:00Z,0.0,76.125,36.125,1.5,1.22
2021-01-01T12:00:00Z,0.0,76.125,40.125,0.06,0.04
2021-01-01T12:00:00Z,0.0,76.125,44.125,0.53,0.27
2021-01-01T12:00:00Z,0.0,76.125,48.125,0.73,0.39
2021-01-01T12:00:00Z,0.0,76.125,52.125,-0.14,-0.14
2021-01-01T12:00:00Z,0.0,76.125,56.125,-0.42,-0.17
2021-01-01T12:00:00Z,0.0,76.125,60.125,-0.71,0.4
2021-01-01T12:00:00Z,0.0,76.125,64.125,NaN,NaN
2021-01-01T12:00:00Z,0.0,76.125,68.125,-1.34,0.25
2021-01-01T12:00:00Z,0.0,76.125,72.125,-1.42,0.31
2021-01-01T12:00:00Z,0.0,76.125,76.125,-1.3,0.5
2021-01-01T12:00:00Z,0.0,76.125,80.125,-1.31,0.49
2021-01-01T12:00:00Z,0.0,76.125,84.125,-1.4,0.4
2021-01-01T12:00:00Z,0.0,76.125,88.125,-1.2,0.6
2021-01-01T12:00:00Z,0.0,76.125,92.125,-1.21,0.56
2021-01-01T12:00:00Z,0.0,76.125,96.125,NaN,NaN
2021-01-01T12:00:00Z,0.0,76.125,100.125,NaN,NaN
2021-01-01T12:00:00Z,0.0,76.125,104.125,NaN,NaN
2021-01-01T12:00:00Z,0.0,76.125,108.125,NaN,NaN
2021-01-01T12:00:00Z,0.0,76.125,112.125,NaN,NaN
2021-01-01T12:00:00Z,0.0,76.125,116.125,-1.49,0.29
2021-01-01T12:00:00Z,0.0,76.125,120.125,-1.49,0.31
2021-01-01T12:00:00Z,0.0,76.125,124.125,-1.4,0.4
2021-01-01T12:00:00Z,0.0,76.125,128.125,-1.3,0.5
2021-01-01T12:00:00Z,0.0,76.125,132.125,-1.29,0.51
2021-01-01T12:00:00Z,0.0,76.125,136.125,-1.22,0.58
2021-01-01T12:00:00Z,0.0,76.125,140.125,-1.27,0.53
2021-01-01T12:00:00Z,0.0,76.125,144.125,-1.22,0.58
2021-01-01T12:00:00Z,0.0,76.125,148.125,-1.42,0.38
2021-01-01T12:00:00Z,0.0,76.125,152.125,-1.33,0.47
2021-01-01T12:00:00Z,0.0,76.125,156.125,-1.31,0.49
2021-01-01T12:00:00Z,0.0,76.125,160.125,-1.49,0.31
2021-01-01T12:00:00Z,0.0,76.125,164.125,-1.36,0.44
2021-01-01T12:00:00Z,0.0,76.125,168.125,-1.58,0.22
2021-01-01T12:00:00Z,0.0,76.125,172.125,-1.45,0.35
2021-01-01T12:00:00Z,0.0,76.125,176.125,-1.6,0.2
2021-01-01T12:00:00Z,0.0,76.125,180.125,-1.57,0.23
2021-01-01T12:00:00Z,0.0,76.125,184.125,-1.6,0.2
2021-01-01T12:00:00Z,0.0,76.125,188.125,-1.54,0.25
2021-01-01T12:00:00Z,0.0,76.125,192.125,-1.56,0.23
2021-01-01T12:00:00Z,0.0,76.125,196.125,-1.58,0.22
2021-01-01T12:00:00Z,0.0,76.125,200.125,-1.73,0.07
2021-01-01T12:00:00Z,0.0,76.125,204.125,-1.56,0.24
2021-01-01T12:00:00Z,0.0,76.125,208.125,-1.55,0.25
2021-01-01T12:00:00Z,0.0,76.125,212.125,-1.55,0.25
2021-01-01T12:00:00Z,0.0,76.125,216.125,-1.54,0.26
2021-01-01T12:00:00Z,0.0,76.125,220.125,-1.48,0.32
2021-01-01T12:00:00Z,0.0,76.125,224.125,-1.52,0.28
2021-01-01T12:00:00Z,0.0,76.125,228.125,-1.45,0.35
2021-01-01T12:00:00Z,0.0,76.125,232.125,-1.51,0.29
2021-01-01T12:00:00Z,0.0,76.125,236.125,-1.6,0.2
2021-01-01T12:00:00Z,0.0,76.125,240.125,NaN,NaN
2021-01-01T12:00:00Z,0.0,76.125,244.125,NaN,NaN
2021-01-01T12:00:00Z,0.0,76.125,248.125,-1.48,0.32
2021-01-01T12:00:00Z,0.0,76.125,252.125,-1.54,0.26
2021-01-01T12:00:00Z,0.0,76.125,256.125,NaN,NaN
2021-01-01T12:00:00Z,0.0,76.125,260.125,NaN,NaN
2021-01-01T12:00:00Z,0.0,76.125,264.125,-1.62,0.18
2021-01-01T12:00:00Z,0.0,76.125,268.125,NaN,NaN
2021-01-01T12:00:00Z,0.0,76.125,272.125,-1.42,0.37
2021-01-01T12:00:00Z,0.0,76.125,276.125,-1.64,0.12
2021-01-01T12:00:00Z,0.0,76.125,280.125,-1.71,0.02
2021-01-01T12:00:00Z,0.0,76.125,284.125,-1.76,-0.11
2021-01-01T12:00:00Z,0.0,76.125,288.125,-1.75,-0.08
2021-01-01T12:00:00Z,0.0,76.125,292.125,NaN,NaN
2021-01-01T12:00:00Z,0.0,76.125,296.125,-1.74,-0.02
2021-01-01T12:00:00Z,0.0,76.125,300.125,NaN,NaN
2021-01-01T12:00:00Z,0.0,76.125,304.125,NaN,NaN
2021-01-01T12:00:00Z,0.0,76.125,308.125,NaN,NaN
2021-01-01T12:00:00Z,0.0,76.125,312.125,NaN,NaN
2021-01-01T12:00:00Z,0.0,76.125,316.125,NaN,NaN
2021-01-01T12:00:00Z,0.0,76.125,320.125,NaN,NaN
2021-01-01T12:00:00Z,0.0,76.125,324.125,NaN,NaN
2021-01-01T12:00:00Z,0.0,76.125,328.125,NaN,NaN
2021-01-01T12:00:00Z,0.0,76.125,332.125,NaN,NaN
2021-01-01T12:00:00Z,0.0,76.125,336.125,NaN,NaN
2021-01-01T12:00:00Z,0.0,76.125,340.125,NaN,NaN
2021-01-01T12:00:00Z,0.0,76.125,344.125,-1.66,0.02
2021-01-01T12:00:00Z,0.0,76.125,348.125,-1.64,-0.53
2021-01-01T12:00:00Z,0.0,76.125,352.125,-1.59,-1.45
2021-01-01T12:00:00Z,0.0,76.125,356.125,1.02,0.36
2021-01-01T12:00:00Z,0.0,80.125,0.125,-1.34,-0.88
2021-01-01T12:00:00Z,0.0,80.125,4.125,-0.57,-1.3
2021-01-01T12:00:00Z,0.0,80.125,8.125,3.09,2.28
2021-01-01T12:00:00Z,0.0,80.125,12.125,2.59,1.99
2021-01-01T12:00:00Z,0.0,80.125,16.125,2.41,2.11
2021-01-01T12:00:00Z,0.0,80.125,20.125,NaN,NaN
2021-01-01T12:00:00Z,0.0,80.125,24.125,NaN,NaN
2021-01-01T12:00:00Z,0.0,80.125,28.125,-1.24,0.03
2021-01-01T12:00:00Z,0.0,80.125,32.125,-1.51,0.02
2021-01-01T12:00:00Z,0.0,80.125,36.125,-1.62,0.04
2021-01-01T12:00:00Z,0.0,80.125,40.125,-1.75,-0.03
2021-01-01T12:00:00Z,0.0,80.125,44.125,-1.8,-0.09
2021-01-01T12:00:00Z,0.0,80.125,48.125,-1.67,-0.01
2021-01-01T12:00:00Z,0.0,80.125,52.125,-1.76,-0.1
2021-01-01T12:00:00Z,0.0,80.125,56.125,NaN,NaN
2021-01-01T12:00:00Z,0.0,80.125,60.125,-1.78,-0.13
2021-01-01T12:00:00Z,0.0,80.125,64.125,-1.8,-0.09
2021-01-01T12:00:00Z,0.0,80.125,68.125,-1.74,0.01
2021-01-01T12:00:00Z,0.0,80.125,72.125,-1.69,0.1
2021-01-01T12:00:00Z,0.0,80.125,76.125,-1.72,0.07
2021-01-01T12:00:00Z,0.0,80.125,80.125,-1.7,0.1
2021-01-01T12:00:00Z,0.0,80.125,84.125,-1.72,0.08
2021-01-01T12:00:00Z,0.0,80.125,88.125,-1.66,0.14
2021-01-01T12:00:00Z,0.0,80.125,92.125,-1.63,0.14
2021-01-01T12:00:00Z,0.0,80.125,96.125,NaN,NaN
2021-01-01T12:00:00Z,0.0,80.125,100.125,-1.61,0.12
2021-01-01T12:00:00Z,0.0,80.125,104.125,-1.75,-0.01
2021-01-01T12:00:00Z,0.0,80.125,108.125,-1.56,0.21
2021-01-01T12:00:00Z,0.0,80.125,112.125,-1.7,0.1
2021-01-01T12:00:00Z,0.0,80.125,116.125,-1.69,0.11
2021-01-01T12:00:00Z,0.0,80.125,120.125,-1.8,0.0
2021-01-01T12:00:00Z,0.0,80.125,124.125,-1.8,0.0
2021-01-01T12:00:00Z,0.0,80.125,128.125,-1.66,0.14
2021-01-01T12:00:00Z,0.0,80.125,132.125,-1.68,0.12
2021-01-01T12:00:00Z,0.0,80.125,136.125,-1.63,0.17
2021-01-01T12:00:00Z,0.0,80.125,140.125,-1.59,0.21
2021-01-01T12:00:00Z,0.0,80.125,144.125,-1.62,0.18
2021-01-01T12:00:00Z,0.0,80.125,148.125,-1.6,0.2
2021-01-01T12:00:00Z,0.0,80.125,152.125,-1.65,0.15
2021-01-01T12:00:00Z,0.0,80.125,156.125,-1.64,0.16
2021-01-01T12:00:00Z,0.0,80.125,160.125,-1.54,0.26
2021-01-01T12:00:00Z,0.0,80.125,164.125,-1.71,0.09
2021-01-01T12:00:00Z,0.0,80.125,168.125,-1.4,0.4
2021-01-01T12:00:00Z,0.0,80.125,172.125,-1.52,0.28
2021-01-01T12:00:00Z,0.0,80.125,176.125,-1.53,0.27
2021-01-01T12:00:00Z,0.0,80.125,180.125,-1.58,0.22
2021-01-01T12:00:00Z,0.0,80.125,184.125,-1.61,0.19
2021-01-01T12:00:00Z,0.0,80.125,188.125,-1.6,0.2
2021-01-01T12:00:00Z,0.0,80.125,192.125,-1.64,0.16
2021-01-01T12:00:00Z,0.0,80.125,196.125,-1.61,0.19
2021-01-01T12:00:00Z,0.0,80.125,200.125,-1.66,0.14
2021-01-01T12:00:00Z,0.0,80.125,204.125,-1.64,0.16
2021-01-01T12:00:00Z,0.0,80.125,208.125,-1.59,0.21
2021-01-01T12:00:00Z,0.0,80.125,212.125,-1.56,0.24
2021-01-01T12:00:00Z,0.0,80.125,216.125,-1.58,0.22
2021-01-01T12:00:00Z,0.0,80.125,220.125,-1.6,0.2
2021-01-01T12:00:00Z,0.0,80.125,224.125,-1.56,0.24
2021-01-01T12:00:00Z,0.0,80.125,228.125,-1.58,0.22
2021-01-01T12:00:00Z,0.0,80.125,232.125,-1.56,0.24
2021-01-01T12:00:00Z,0.0,80.125,236.125,-1.6,0.2
2021-01-01T12:00:00Z,0.0,80.125,240.125,-1.63,0.17
2021-01-01T12:00:00Z,0.0,80.125,244.125,-1.67,0.13
2021-01-01T12:00:00Z,0.0,80.125,248.125,-1.7,0.1
2021-01-01T12:00:00Z,0.0,80.125,252.125,-1.72,0.08
2021-01-01T12:00:00Z,0.0,80.125,256.125,-1.7,0.09
2021-01-01T12:00:00Z,0.0,80.125,260.125,-1.71,0.08
2021-01-01T12:00:00Z,0.0,80.125,264.125,NaN,NaN
2021-01-01T12:00:00Z,0.0,80.125,268.125,NaN,NaN
2021-01-01T12:00:00Z,0.0,80.125,272.125,NaN,NaN
2021-01-01T12:00:00Z,0.0,80.125,276.125,NaN,NaN
2021-01-01T12:00:00Z,0.0,80.125,280.125,NaN,NaN
2021-01-01T12:00:00Z,0.0,80.125,284.125,NaN,NaN
2021-01-01T12:00:00Z,0.0,80.125,288.125,NaN,NaN
2021-01-01T12:00:00Z,0.0,80.125,292.125,-1.62,0.15
2021-01-01T12:00:00Z,0.0,80.125,296.125,NaN,NaN
2021-01-01T12:00:00Z,0.0,80.125,300.125,NaN,NaN
2021-01-01T12:00:00Z,0.0,80.125,304.125,NaN,NaN
2021-01-01T12:00:00Z,0.0,80.125,308.125,NaN,NaN
2021-01-01T12:00:00Z,0.0,80.125,312.125,NaN,NaN
2021-01-01T12:00:00Z,0.0,80.125,316.125,NaN,NaN
2021-01-01T12:00:00Z,0.0,80.125,320.125,NaN,NaN
2021-01-01T12:00:00Z,0.0,80.125,324.125,NaN,NaN
2021-01-01T12:00:00Z,0.0,80.125,328.125,NaN,NaN
2021-01-01T12:00:00Z,0.0,80.125,332.125,NaN,NaN
2021-01-01T12:00:00Z,0.0,80.125,336.125,NaN,NaN
2021-01-01T12:00:00Z,0.0,80.125,340.125,NaN,NaN
2021-01-01T12:00:00Z,0.0,80.125,344.125,-1.72,-0.01
2021-01-01T12:00:00Z,0.0,80.125,348.125,-1.64,0.11
2021-01-01T12:00:00Z,0.0,80.125,352.125,-1.7,0.06
2021-01-01T12:00:00Z,0.0,80.125,356.125,-1.55,-0.07
2021-01-01T12:00:00Z,0.0,84.125,0.125,-1.66,0.14
2021-01-01T12:00:00Z,0.0,84.125,4.125,-1.67,0.12
2021-01-01T12:00:00Z,0.0,84.125,8.125,-1.7,0.09
2021-01-01T12:00:00Z,0.0,84.125,12.125,-1.71,0.06
2021-01-01T12:00:00Z,0.0,84.125,16.125,-1.68,0.04
2021-01-01T12:00:00Z,0.0,84.125,20.125,-1.7,0.02
2021-01-01T12:00:00Z,0.0,84.125,24.125,-1.7,0.02
2021-01-01T12:00:00Z,0.0,84.125,28.125,-1.69,0.05
2021-01-01T12:00:00Z,0.0,84.125,32.125,-1.74,0.03
2021-01-01T12:00:00Z,0.0,84.125,36.125,-1.71,0.06
2021-01-01T12:00:00Z,0.0,84.125,40.125,-1.77,0.01
2021-01-01T12:00:00Z,0.0,84.125,44.125,-1.8,-0.02
2021-01-01T12:00:00Z,0.0,84.125,48.125,-1.75,0.01
2021-01-01T12:00:00Z,0.0,84.125,52.125,-1.75,0.0
2021-01-01T12:00:00Z,0.0,84.125,56.125,-1.74,0.01
2021-01-01T12:00:00Z,0.0,84.125,60.125,-1.78,-0.03
2021-01-01T12:00:00Z,0.0,84.125,64.125,-1.8,-0.02
2021-01-01T12:00:00Z,0.0,84.125,68.125,-1.72,0.08
2021-01-01T12:00:00Z,0.0,84.125,72.125,-1.68,0.12
2021-01-01T12:00:00Z,0.0,84.125,76.125,-1.68,0.12
2021-01-01T12:00:00Z,0.0,84.125,80.125,-1.71,0.09
2021-01-01T12:00:00Z,0.0,84.125,84.125,-1.8,0.0
2021-01-01T12:00:00Z,0.0,84.125,88.125,-1.72,0.08
2021-01-01T12:00:00Z,0.0,84.125,92.125,-1.72,0.08
2021-01-01T12:00:00Z,0.0,84.125,96.125,-1.71,0.09
2021-01-01T12:00:00Z,0.0,84.125,100.125,-1.72,0.08
2021-01-01T12:00:00Z,0.0,84.125,104.125,-1.8,0.0
2021-01-01T12:00:00Z,0.0,84.125,108.125,-1.8,0.0
2021-01-01T12:00:00Z,0.0,84.125,112.125,-1.77,0.03
2021-01-01T12:00:00Z,0.0,84.125,116.125,-1.79,0.01
2021-01-01T12:00:00Z,0.0,84.125,120.125,-1.73,0.07
2021-01-01T12:00:00Z,0.0,84.125,124.125,-1.73,0.07
2021-01-01T12:00:00Z,0.0,84.125,128.125,-1.73,0.07
2021-01-01T12:00:00Z,0.0,84.125,132.125,-1.73,0.07
2021-01-01T12:00:00Z,0.0,84.125,136.125,-1.71,0.09
2021-01-01T12:00:00Z,0.0,84.125,140.125,-1.73,0.07
2021-01-01T12:00:00Z,0.0,84.125,144.125,-1.76,0.04
2021-01-01T12:00:00Z,0.0,84.125,148.125,-1.7,0.1
2021-01-01T12:00:00Z,0.0,84.125,152.125,-1.71,0.09
2021-01-01T12:00:00Z,0.0,84.125,156.125,-1.67,0.13
2021-01-01T12:00:00Z,0.0,84.125,160.125,-1.8,0.0
2021-01-01T12:00:00Z,0.0,84.125,164.125,-1.8,0.0
2021-01-01T12:00:00Z,0.0,84.125,168.125,-1.8,0.0
2021-01-01T12:00:00Z,0.0,84.125,172.125,-1.68,0.12
2021-01-01T12:00:00Z,0.0,84.125,176.125,-1.72,0.08
2021-01-01T12:00:00Z,0.0,84.125,180.125,-1.71,0.09
2021-01-01T12:00:00Z,0.0,84.125,184.125,-1.76,0.04
2021-01-01T12:00:00Z,0.0,84.125,188.125,-1.74,0.06
2021-01-01T12:00:00Z,0.0,84.125,192.125,-1.71,0.09
2021-01-01T12:00:00Z,0.0,84.125,196.125,-1.71,0.09
2021-01-01T12:00:00Z,0.0,84.125,200.125,-1.66,0.14
2021-01-01T12:00:00Z,0.0,84.125,204.125,-1.72,0.08
2021-01-01T12:00:00Z,0.0,84.125,208.125,-1.72,0.08
2021-01-01T12:00:00Z,0.0,84.125,212.125,-1.7,0.1
2021-01-01T12:00:00Z,0.0,84.125,216.125,-1.67,0.13
2021-01-01T12:00:00Z,0.0,84.125,220.125,-1.73,0.07
2021-01-01T12:00:00Z,0.0,84.125,224.125,-1.7,0.1
2021-01-01T12:00:00Z,0.0,84.125,228.125,-1.67,0.13
2021-01-01T12:00:00Z,0.0,84.125,232.125,-1.61,0.19
2021-01-01T12:00:00Z,0.0,84.125,236.125,-1.66,0.14
2021-01-01T12:00:00Z,0.0,84.125,240.125,-1.62,0.18
2021-01-01T12:00:00Z,0.0,84.125,244.125,-1.65,0.15
2021-01-01T12:00:00Z,0.0,84.125,248.125,-1.61,0.19
2021-01-01T12:00:00Z,0.0,84.125,252.125,-1.61,0.19
2021-01-01T12:00:00Z,0.0,84.125,256.125,-1.6,0.2
2021-01-01T12:00:00Z,0.0,84.125,260.125,-1.63,0.17
2021-01-01T12:00:00Z,0.0,84.125,264.125,-1.62,0.18
2021-01-01T12:00:00Z,0.0,84.125,268.125,-1.6,0.2
2021-01-01T12:00:00Z,0.0,84.125,272.125,-1.65,0.15
2021-01-01T12:00:00Z,0.0,84.125,276.125,-1.69,0.11
2021-01-01T12:00:00Z,0.0,84.125,280.125,-1.67,0.12
2021-01-01T12:00:00Z,0.0,84.125,284.125,-1.63,0.16
2021-01-01T12:00:00Z,0.0,84.125,288.125,-1.62,0.18
2021-01-01T12:00:00Z,0.0,84.125,292.125,-1.68,0.12
2021-01-01T12:00:00Z,0.0,84.125,296.125,-1.73,0.06
2021-01-01T12:00:00Z,0.0,84.125,300.125,-1.69,0.11
2021-01-01T12:00:00Z,0.0,84.125,304.125,-1.65,0.15
2021-01-01T12:00:00Z,0.0,84.125,308.125,-1.59,0.21
2021-01-01T12:00:00Z,0.0,84.125,312.125,-1.66,0.14
2021-01-01T12:00:00Z,0.0,84.125,316.125,-1.67,0.13
2021-01-01T12:00:00Z,0.0,84.125,320.125,-1.67,0.13
2021-01-01T12:00:00Z,0.0,84.125,324.125,-1.72,0.07
2021-01-01T12:00:00Z,0.0,84.125,328.125,-1.7,0.09
2021-01-01T12:00:00Z,0.0,84.125,332.125,-1.69,0.11
2021-01-01T12:00:00Z,0.0,84.125,336.125,-1.69,0.11
2021-01-01T12:00:00Z,0.0,84.125,340.125,-1.72,0.08
2021-01-01T12:00:00Z,0.0,84.125,344.125,-1.74,0.05
2021-01-01T12:00:00Z,0.0,84.125,348.125,-1.68,0.11
2021-01-01T12:00:00Z,0.0,84.125,352.125,-1.69,0.11
2021-01-01T12:00:00Z,0.0,84.125,356.125,-1.75,0.05
2021-01-01T12:00:00Z,0.0,88.125,0.125,-1.73,0.07
2021-01-01T12:00:00Z,0.0,88.125,4.125,-1.69,0.1
2021-01-01T12:00:00Z,0.0,88.125,8.125,-1.7,0.09
2021-01-01T12:00:00Z,0.0,88.125,12.125,-1.69,0.09
2021-01-01T12:00:00Z,0.0,88.125,16.125,-1.7,0.09
2021-01-01T12:00:00Z,0.0,88.125,20.125,-1.68,0.11
2021-01-01T12:00:00Z,0.0,88.125,24.125,-1.68,0.1
2021-01-01T12:00:00Z,0.0,88.125,28.125,-1.73,0.06
2021-01-01T12:00:00Z,0.0,88.125,32.125,-1.67,0.13
2021-01-01T12:00:00Z,0.0,88.125,36.125,-1.67,0.13
2021-01-01T12:00:00Z,0.0,88.125,40.125,-1.7,0.1
2021-01-01T12:00:00Z,0.0,88.125,44.125,-1.69,0.11
2021-01-01T12:00:00Z,0.0,88.125,48.125,-1.69,0.11
2021-01-01T12:00:00Z,0.0,88.125,52.125,-1.7,0.1
2021-01-01T12:00:00Z,0.0,88.125,56.125,-1.71,0.09
2021-01-01T12:00:00Z,0.0,88.125,60.125,-1.71,0.09
2021-01-01T12:00:00Z,0.0,88.125,64.125,-1.7,0.1
2021-01-01T12:00:00Z,0.0,88.125,68.125,-1.69,0.11
2021-01-01T12:00:00Z,0.0,88.125,72.125,-1.71,0.09
2021-01-01T12:00:00Z,0.0,88.125,76.125,-1.74,0.06
2021-01-01T12:00:00Z,0.0,88.125,80.125,-1.74,0.06
2021-01-01T12:00:00Z,0.0,88.125,84.125,-1.74,0.06
2021-01-01T12:00:00Z,0.0,88.125,88.125,-1.77,0.03
2021-01-01T12:00:00Z,0.0,88.125,92.125,-1.76,0.04
2021-01-01T12:00:00Z,0.0,88.125,96.125,-1.71,0.09
2021-01-01T12:00:00Z,0.0,88.125,100.125,-1.74,0.06
2021-01-01T12:00:00Z,0.0,88.125,104.125,-1.67,0.13
2021-01-01T12:00:00Z,0.0,88.125,108.125,-1.7,0.1
2021-01-01T12:00:00Z,0.0,88.125,112.125,-1.69,0.11
2021-01-01T12:00:00Z,0.0,88.125,116.125,-1.72,0.08
2021-01-01T12:00:00Z,0.0,88.125,120.125,-1.71,0.09
2021-01-01T12:00:00Z,0.0,88.125,124.125,-1.7,0.1
2021-01-01T12:00:00Z,0.0,88.125,128.125,-1.72,0.08
2021-01-01T12:00:00Z,0.0,88.125,132.125,-1.71,0.09
2021-01-01T12:00:00Z,0.0,88.125,136.125,-1.74,0.06
2021-01-01T12:00:00Z,0.0,88.125,140.125,-1.72,0.08
2021-01-01T12:00:00Z,0.0,88.125,144.125,-1.69,0.11
2021-01-01T12:00:00Z,0.0,88.125,148.125,-1.69,0.11
2021-01-01T12:00:00Z,0.0,88.125,152.125,-1.68,0.12
2021-01-01T12:00:00Z,0.0,88.125,156.125,-1.65,0.15
2021-01-01T12:00:00Z,0.0,88.125,160.125,-1.68,0.12
2021-01-01T12:00:00Z,0.0,88.125,164.125,-1.67,0.13
2021-01-01T12:00:00Z,0.0,88.125,168.125,-1.66,0.14
2021-01-01T12:00:00Z,0.0,88.125,172.125,-1.65,0.15
2021-01-01T12:00:00Z,0.0,88.125,176.125,-1.63,0.17
2021-01-01T12:00:00Z,0.0,88.125,180.125,-1.69,0.11
2021-01-01T12:00:00Z,0.0,88.125,184.125,-1.69,0.11
2021-01-01T12:00:00Z,0.0,88.125,188.125,-1.66,0.14
2021-01-01T12:00:00Z,0.0,88.125,192.125,-1.64,0.16
2021-01-01T12:00:00Z,0.0,88.125,196.125,-1.63,0.17
2021-01-01T12:00:00Z,0.0,88.125,200.125,-1.62,0.18
2021-01-01T12:00:00Z,0.0,88.125,204.125,-1.71,0.09
2021-01-01T12:00:00Z,0.0,88.125,208.125,-1.72,0.08
2021-01-01T12:00:00Z,0.0,88.125,212.125,-1.73,0.07
2021-01-01T12:00:00Z,0.0,88.125,216.125,-1.77,0.03
2021-01-01T12:00:00Z,0.0,88.125,220.125,-1.74,0.06
2021-01-01T12:00:00Z,0.0,88.125,224.125,-1.69,0.11
2021-01-01T12:00:00Z,0.0,88.125,228.125,-1.73,0.07
2021-01-01T12:00:00Z,0.0,88.125,232.125,-1.77,0.03
2021-01-01T12:00:00Z,0.0,88.125,236.125,-1.75,0.05
2021-01-01T12:00:00Z,0.0,88.125,240.125,-1.72,0.08
2021-01-01T12:00:00Z,0.0,88.125,244.125,-1.7,0.1
2021-01-01T12:00:00Z,0.0,88.125,248.125,-1.68,0.12
2021-01-01T12:00:00Z,0.0,88.125,252.125,-1.66,0.14
2021-01-01T12:00:00Z,0.0,88.125,256.125,-1.71,0.09
2021-01-01T12:00:00Z,0.0,88.125,260.125,-1.72,0.08
2021-01-01T12:00:00Z,0.0,88.125,264.125,-1.7,0.1
2021-01-01T12:00:00Z,0.0,88.125,268.125,-1.66,0.14
2021-01-01T12:00:00Z,0.0,88.125,272.125,-1.69,0.11
2021-01-01T12:00:00Z,0.0,88.125,276.125,-1.67,0.13
2021-01-01T12:00:00Z,0.0,88.125,280.125,-1.64,0.16
2021-01-01T12:00:00Z,0.0,88.125,284.125,-1.65,0.15
2021-01-01T12:00:00Z,0.0,88.125,288.125,-1.68,0.12
2021-01-01T12:00:00Z,0.0,88.125,292.125,-1.67,0.13
2021-01-01T12:00:00Z,0.0,88.125,296.125,-1.64,0.16
2021-01-01T12:00:00Z,0.0,88.125,300.125,-1.68,0.12
2021-01-01T12:00:00Z,0.0,88.125,304.125,-1.69,0.11
2021-01-01T12:00:00Z,0.0,88.125,308.125,-1.71,0.09
2021-01-01T12:00:00Z,0.0,88.125,312.125,-1.71,0.09
2021-01-01T12:00:00Z,0.0,88.125,316.125,-1.7,0.1
2021-01-01T12:00:00Z,0.0,88.125,320.125,-1.68,0.12
2021-01-01T12:00:00Z,0.0,88.125,324.125,-1.69,0.11
2021-01-01T12:00:00Z,0.0,88.125,328.125,-1.62,0.18
2021-01-01T12:00:00Z,0.0,88.125,332.125,-1.74,0.06
2021-01-01T12:00:00Z,0.0,88.125,336.125,-1.72,0.08
2021-01-01T12:00:00Z,0.0,88.125,340.125,-1.73,0.07
2021-01-01T12:00:00Z,0.0,88.125,344.125,-1.74,0.06
2021-01-01T12:00:00Z,0.0,88.125,348.125,-1.73,0.07
2021-01-01T12:00:00Z,0.0,88.125,352.125,-1.74,0.06
2021-01-01T12:00:00Z,0.0,88.125,356.125,-1.73,0.07
