2016-01-01T12:00:00Z,0.0,-87.875,0.125,NaN,NaN
2016-01-01T12:00:00Z,0.0,-87.875,4.125,NaN,NaN
2016-01-01T12:00:00Z,0.0,-87.875,8.125,NaN,NaN
2016-01-01T12:00:00Z,0.0,-87.875,12.125,NaN,NaN
2016-01-01T12:00:00Z,0.0,-87.875,16.125,NaN,NaN
2016-01-01T12:00:00Z,0.0,-87.875,20.125,NaN,NaN
2016-01-01T12:00:00Z,0.0,-87.875,24.125,NaN,NaN
2016-01-01T12:00:00Z,0.0,-87.875,28.125,NaN,NaN
2016-01-01T12:00:00Z,0.0,-87.875,32.125,NaN,NaN
2016-01-01T12:00:00Z,0.0,-87.875,36.125,NaN,NaN
2016-01-01T12:00:00Z,0.0,-87.875,40.125,NaN,NaN
2016-01-01T12:00:00Z,0.0,-87.875,44.125,NaN,NaN
2016-01-01T12:00:00Z,0.0,-87.875,48.125,NaN,NaN
2016-01-01T12:00:00Z,0.0,-87.875,52.125,NaN,NaN
2016-01-01T12:00:00Z,0.0,-87.875,56.125,NaN,NaN
2016-01-01T12:00:00Z,0.0,-87.875,60.125,NaN,NaN
2016-01-01T12:00:00Z,0.0,-87.875,64.125,NaN,NaN
2016-01-01T12:00:00Z,0.0,-87.875,68.125,NaN,NaN
2016-01-01T12:00:00Z,0.0,-87.875,72.125,NaN,NaN
2016-01-01T12:00:00Z,0.0,-87.875,76.125,NaN,NaN
2016-01-01T12:00:00Z,0.0,-87.875,80.125,NaN,NaN
2016-01-01T12:00:00Z,0.0,-87.875,84.125,NaN,NaN
2016-01-01T12:00:00Z,0.0,-87.875,88.125,NaN,NaN
2016-01-01T12:00:00Z,0.0,-87.875,92.125,NaN,NaN
2016-01-01T12:00:00Z,0.0,-87.875,96.125,NaN,NaN
2016-01-01T12:00:00Z,0.0,-87.875,100.125,NaN,NaN
2016-01-01T12:00:00Z,0.0,-87.875,104.125,NaN,NaN
2016-01-01T12:00:00Z,0.0,-87.875,108.125,NaN,NaN
2016-01-01T12:00:00Z,0.0,-87.875,112.125,NaN,NaN
2016-01-01T12:00:00Z,0.0,-87.875,116.125,NaN,NaN
2016-01-01T12:00:00Z,0.0,-87.875,120.125,NaN,NaN
2016-01-01T12:00:00Z,0.0,-87.875,124.125,NaN,NaN
2016-01-01T12:00:00Z,0.0,-87.875,128.125,NaN,NaN
2016-01-01T12:00:00Z,0.0,-87.875,132.125,NaN,NaN
2016-01-01T12:00:00Z,0.0,-87.875,136.125,NaN,NaN
2016-01-01T12:00:00Z,0.0,-87.875,140.125,NaN,NaN
2016-01-01T12:00:00Z,0.0,-87.875,144.125,NaN,NaN
2016-01-01T12:00:00Z,0.0,-87.875,148.125,NaN,NaN
2016-01-01T12:00:00Z,0.0,-87.875,152.125,NaN,NaN
2016-01-01T12:00:00Z,0.0,-87.875,156.125,NaN,NaN
2016-01-01T12:00:00Z,0.0,-87.875,160.125,NaN,NaN
2016-01-01T12:00:00Z,0.0,-87.875,164.125,NaN,NaN
2016-01-01T12:00:00Z,0.0,-87.875,168.125,NaN,NaN
2016-01-01T12:00:00Z,0.0,-87.875,172.125,NaN,NaN
2016-01-01T12:00:00Z,0.0,-87.875,176.125,NaN,NaN
2016-01-01T12:00:00Z,0.0,-87.875,180.125,NaN,NaN
2016-01-01T12:00:00Z,0.0,-87.875,184.125,NaN,NaN
2016-01-01T12:00:00Z,0.0,-87.875,188.125,NaN,NaN
2016-01-01T12:00:00Z,0.0,-87.875,192.125,NaN,NaN
2016-01-01T12:00:00Z,0.0,-87.875,196.125,NaN,NaN
2016-01-01T12:00:00Z,0.0,-87.875,200.125,NaN,NaN
2016-01-01T12:00:00Z,0.0,-87.875,204.125,NaN,NaN
2016-01-01T12:00:00Z,0.0,-87.875,208.125,NaN,NaN
2016-01-01T12:00:00Z,0.0,-87.875,212.125,NaN,NaN
2016-01-01T12:00:00Z,0.0,-87.875,216.125,NaN,NaN
2016-01-01T12:00:00Z,0.0,-87.875,220.125,NaN,NaN
2016-01-01T12:00:00Z,0.0,-87.875,224.125,NaN,NaN
2016-01-01T12:00:00Z,0.0,-87.875,228.125,NaN,NaN
2016-01-01T12:00:00Z,0.0,-87.875,232.125,NaN,NaN
2016-01-01T12:00:00Z,0.0,-87.875,236.125,NaN,NaN
2016-01-01T12:00:00Z,0.0,-87.875,240.125,NaN,NaN
2016-01-01T12:00:00Z,0.0,-87.875,244.125,NaN,NaN
2016-01-01T12:00:00Z,0.0,-87.875,248.125,NaN,NaN
2016-01-01T12:00:00Z,0.0,-87.875,252.125,NaN,NaN
2016-01-01T12:00:00Z,0.0,-87.875,256.125,NaN,NaN
2016-01-01T12:00:00Z,0.0,-87.875,260.125,NaN,NaN
2016-01-01T12:00:00Z,0.0,-87.875,264.125,NaN,NaN
2016-01-01T12:00:00Z,0.0,-87.875,268.125,NaN,NaN
2016-01-01T12:00:00Z,0.0,-87.875,272.125,NaN,NaN
2016-01-01T12:00:00Z,0.0,-87.875,276.125,NaN,NaN
2016-01-01T12:00:00Z,0.0,-87.875,280.125,NaN,NaN
2016-01-01T12:00:00Z,0.0,-87.875,284.125,NaN,NaN
2016-01-01T12:00:00Z,0.0,-87.875,288.125,NaN,NaN
2016-01-01T12:00:00Z,0.0,-87.875,292.125,NaN,NaN
2016-01-01T12:00:00Z,0.0,-87.875,296.125,NaN,NaN
2016-01-01T12:00:00Z,0.0,-87.875,300.125,NaN,NaN
2016-01-01T12:00:00Z,0.0,-87.875,304.125,NaN,NaN
2016-01-01T12:00:00Z,0.0,-87.875,308.125,NaN,NaN
2016-01-01T12:00:00Z,0.0,-87.875,312.125,NaN,NaN
2016-01-01T12:00:00Z,0.0,-87.875,316.125,NaN,NaN
2016-01-01T12:00:00Z,0.0,-87.875,320.125,NaN,NaN
2016-01-01T12:00:00Z,0.0,-87.875,324.125,NaN,NaN
2016-01-01T12:00:00Z,0.0,-87.875,328.125,NaN,NaN
2016-01-01T12:00:00Z,0.0,-87.875,332.125,NaN,NaN
2016-01-01T12:00:00Z,0.0,-87.875,336.125,NaN,NaN
2016-01-01T12:00:00Z,0.0,-87.875,340.125,NaN,NaN
2016-01-01T12:00:00Z,0.0,-87.875,344.125,NaN,NaN
2016-01-01T12:00:00Z,0.0,-87.875,348.125,NaN,NaN
2016-01-01T12:00:00Z,0.0,-87.875,352.125,NaN,NaN
2016-01-01T12:00:00Z,0.0,-87.875,356.125,NaN,NaN
2016-01-01T12:00:00Z,0.0,-83.875,0.125,NaN,NaN
2016-01-01T12:00:00Z,0.0,-83.875,4.125,NaN,NaN
2016-01-01T12:00:00Z,0.0,-83.875,8.125,NaN,NaN
2016-01-01T12:00:00Z,0.0,-83.875,12.125,NaN,NaN
2016-01-01T12:00:00Z,0.0,-83.875,16.125,NaN,NaN
2016-01-01T12:00:00Z,0.0,-83.875,20.125,NaN,NaN
2016-01-01T12:00:00Z,0.0,-83.875,24.125,NaN,NaN
2016-01-01T12:00:00Z,0.0,-83.875,28.125,NaN,NaN
2016-01-01T12:00:00Z,0.0,-83.875,32.125,NaN,NaN
2016-01-01T12:00:00Z,0.0,-83.875,36.125,NaN,NaN
2016-01-01T12:00:00Z,0.0,-83.875,40.125,NaN,NaN
2016-01-01T12:00:00Z,0.0,-83.875,44.125,NaN,NaN
2016-01-01T12:00:00Z,0.0,-83.875,48.125,NaN,NaN
2016-01-01T12:00:00Z,0.0,-83.875,52.125,NaN,NaN
2016-01-01T12:00:00Z,0.0,-83.875,56.125,NaN,NaN
2016-01-01T12:00:00Z,0.0,-83.875,60.125,NaN,NaN
2016-01-01T12:00:00Z,0.0,-83.875,64.125,NaN,NaN
2016-01-01T12:00:00Z,0.0,-83.875,68.125,NaN,NaN
2016-01-01T12:00:00Z,0.0,-83.875,72.125,NaN,NaN
2016-01-01T12:00:00Z,0.0,-83.875,76.125,NaN,NaN
2016-01-01T12:00:00Z,0.0,-83.875,80.125,NaN,NaN
2016-01-01T12:00:00Z,0.0,-83.875,84.125,NaN,NaN
2016-01-01T12:00:00Z,0.0,-83.875,88.125,NaN,NaN
2016-01-01T12:00:00Z,0.0,-83.875,92.125,NaN,NaN
2016-01-01T12:00:00Z,0.0,-83.875,96.125,NaN,NaN
2016-01-01T12:00:00Z,0.0,-83.875,100.125,NaN,NaN
2016-01-01T12:00:00Z,0.0,-83.875,104.125,NaN,NaN
2016-01-01T12:00:00Z,0.0,-83.875,108.125,NaN,NaN
2016-01-01T12:00:00Z,0.0,-83.875,112.125,NaN,NaN
2016-01-01T12:00:00Z,0.0,-83.875,116.125,NaN,NaN
2016-01-01T12:00:00Z,0.0,-83.875,120.125,NaN,NaN
2016-01-01T12:00:00Z,0.0,-83.875,124.125,NaN,NaN
2016-01-01T12:00:00Z,0.0,-83.875,128.125,NaN,NaN
2016-01-01T12:00:00Z,0.0,-83.875,132.125,NaN,NaN
2016-01-01T12:00:00Z,0.0,-83.875,136.125,NaN,NaN
2016-01-01T12:00:00Z,0.0,-83.875,140.125,NaN,NaN
2016-01-01T12:00:00Z,0.0,-83.875,144.125,NaN,NaN
2016-01-01T12:00:00Z,0.0,-83.875,148.125,NaN,NaN
2016-01-01T12:00:00Z,0.0,-83.875,152.125,NaN,NaN
2016-01-01T12:00:00Z,0.0,-83.875,156.125,NaN,NaN
2016-01-01T12:00:00Z,0.0,-83.875,160.125,NaN,NaN
2016-01-01T12:00:00Z,0.0,-83.875,164.125,NaN,NaN
2016-01-01T12:00:00Z,0.0,-83.875,168.125,NaN,NaN
2016-01-01T12:00:00Z,0.0,-83.875,172.125,NaN,NaN
2016-01-01T12:00:00Z,0.0,-83.875,176.125,NaN,NaN
2016-01-01T12:00:00Z,0.0,-83.875,180.125,NaN,NaN
2016-01-01T12:00:00Z,0.0,-83.875,184.125,NaN,NaN
2016-01-01T12:00:00Z,0.0,-83.875,188.125,NaN,NaN
2016-01-01T12:00:00Z,0.0,-83.875,192.125,NaN,NaN
2016-01-01T12:00:00Z,0.0,-83.875,196.125,NaN,NaN
2016-01-01T12:00:00Z,0.0,-83.875,200.125,NaN,NaN
2016-01-01T12:00:00Z,0.0,-83.875,204.125,NaN,NaN
2016-01-01T12:00:00Z,0.0,-83.875,208.125,NaN,NaN
2016-01-01T12:00:00Z,0.0,-83.875,212.125,NaN,NaN
2016-01-01T12:00:00Z,0.0,-83.875,216.125,NaN,NaN
2016-01-01T12:00:00Z,0.0,-83.875,220.125,NaN,NaN
2016-01-01T12:00:00Z,0.0,-83.875,224.125,NaN,NaN
2016-01-01T12:00:00Z,0.0,-83.875,228.125,NaN,NaN
2016-01-01T12:00:00Z,0.0,-83.875,232.125,NaN,NaN
2016-01-01T12:00:00Z,0.0,-83.875,236.125,NaN,NaN
2016-01-01T12:00:00Z,0.0,-83.875,240.125,NaN,NaN
2016-01-01T12:00:00Z,0.0,-83.875,244.125,NaN,NaN
2016-01-01T12:00:00Z,0.0,-83.875,248.125,NaN,NaN
2016-01-01T12:00:00Z,0.0,-83.875,252.125,NaN,NaN
2016-01-01T12:00:00Z,0.0,-83.875,256.125,NaN,NaN
2016-01-01T12:00:00Z,0.0,-83.875,260.125,NaN,NaN
2016-01-01T12:00:00Z,0.0,-83.875,264.125,NaN,NaN
2016-01-01T12:00:00Z,0.0,-83.875,268.125,NaN,NaN
2016-01-01T12:00:00Z,0.0,-83.875,272.125,NaN,NaN
2016-01-01T12:00:00Z,0.0,-83.875,276.125,NaN,NaN
2016-01-01T12:00:00Z,0.0,-83.875,280.125,NaN,NaN
2016-01-01T12:00:00Z,0.0,-83.875,284.125,NaN,NaN
2016-01-01T12:00:00Z,0.0,-83.875,288.125,NaN,NaN
2016-01-01T12:00:00Z,0.0,-83.875,292.125,NaN,NaN
2016-01-01T12:00:00Z,0.0,-83.875,296.125,NaN,NaN
2016-01-01T12:00:00Z,0.0,-83.875,300.125,NaN,NaN
2016-01-01T12:00:00Z,0.0,-83.875,304.125,NaN,NaN
2016-01-01T12:00:00Z,0.0,-83.875,308.125,NaN,NaN
2016-01-01T12:00:00Z,0.0,-83.875,312.125,NaN,NaN
2016-01-01T12:00:00Z,0.0,-83.875,316.125,NaN,NaN
2016-01-01T12:00:00Z,0.0,-83.875,320.125,NaN,NaN
2016-01-01T12:00:00Z,0.0,-83.875,324.125,NaN,NaN
2016-01-01T12:00:00Z,0.0,-83.875,328.125,NaN,NaN
2016-01-01T12:00:00Z,0.0,-83.875,332.125,NaN,NaN
2016-01-01T12:00:00Z,0.0,-83.875,336.125,NaN,NaN
2016-01-01T12:00:00Z,0.0,-83.875,340.125,NaN,NaN
2016-01-01T12:00:00Z,0.0,-83.875,344.125,NaN,NaN
2016-01-01T12:00:00Z,0.0,-83.875,348.125,NaN,NaN
2016-01-01T12:00:00Z,0.0,-83.875,352.125,NaN,NaN
2016-01-01T12:00:00Z,0.0,-83.875,356.125,NaN,NaN
2016-01-01T12:00:00Z,0.0,-79.875,0.125,NaN,NaN
2016-01-01T12:00:00Z,0.0,-79.875,4.125,NaN,NaN
2016-01-01T12:00:00Z,0.0,-79.875,8.125,NaN,NaN
2016-01-01T12:00:00Z,0.0,-79.875,12.125,NaN,NaN
2016-01-01T12:00:00Z,0.0,-79.875,16.125,NaN,NaN
2016-01-01T12:00:00Z,0.0,-79.875,20.125,NaN,NaN
2016-01-01T12:00:00Z,0.0,-79.875,24.125,NaN,NaN
2016-01-01T12:00:00Z,0.0,-79.875,28.125,NaN,NaN
2016-01-01T12:00:00Z,0.0,-79.875,32.125,NaN,NaN
2016-01-01T12:00:00Z,0.0,-79.875,36.125,NaN,NaN
2016-01-01T12:00:00Z,0.0,-79.875,40.125,NaN,NaN
2016-01-01T12:00:00Z,0.0,-79.875,44.125,NaN,NaN
2016-01-01T12:00:00Z,0.0,-79.875,48.125,NaN,NaN
2016-01-01T12:00:00Z,0.0,-79.875,52.125,NaN,NaN
2016-01-01T12:00:00Z,0.0,-79.875,56.125,NaN,NaN
2016-01-01T12:00:00Z,0.0,-79.875,60.125,NaN,NaN
2016-01-01T12:00:00Z,0.0,-79.875,64.125,NaN,NaN
2016-01-01T12:00:00Z,0.0,-79.875,68.125,NaN,NaN
2016-01-01T12:00:00Z,0.0,-79.875,72.125,NaN,NaN
2016-01-01T12:00:00Z,0.0,-79.875,76.125,NaN,NaN
2016-01-01T12:00:00Z,0.0,-79.875,80.125,NaN,NaN
2016-01-01T12:00:00Z,0.0,-79.875,84.125,NaN,NaN
2016-01-01T12:00:00Z,0.0,-79.875,88.125,NaN,NaN
2016-01-01T12:00:00Z,0.0,-79.875,92.125,NaN,NaN
2016-01-01T12:00:00Z,0.0,-79.875,96.125,NaN,NaN
2016-01-01T12:00:00Z,0.0,-79.875,100.125,NaN,NaN
2016-01-01T12:00:00Z,0.0,-79.875,104.125,NaN,NaN
2016-01-01T12:00:00Z,0.0,-79.875,108.125,NaN,NaN
2016-01-01T12:00:00Z,0.0,-79.875,112.125,NaN,NaN
2016-01-01T12:00:00Z,0.0,-79.875,116.125,NaN,NaN
2016-01-01T12:00:00Z,0.0,-79.875,120.125,NaN,NaN
2016-01-01T12:00:00Z,0.0,-79.875,124.125,NaN,NaN
2016-01-01T12:00:00Z,0.0,-79.875,128.125,NaN,NaN
2016-01-01T12:00:00Z,0.0,-79.875,132.125,NaN,NaN
2016-01-01T12:00:00Z,0.0,-79.875,136.125,NaN,NaN
2016-01-01T12:00:00Z,0.0,-79.875,140.125,NaN,NaN
2016-01-01T12:00:00Z,0.0,-79.875,144.125,NaN,NaN
2016-01-01T12:00:00Z,0.0,-79.875,148.125,NaN,NaN
2016-01-01T12:00:00Z,0.0,-79.875,152.125,NaN,NaN
2016-01-01T12:00:00Z,0.0,-79.875,156.125,NaN,NaN
2016-01-01T12:00:00Z,0.0,-79.875,160.125,NaN,NaN
2016-01-01T12:00:00Z,0.0,-79.875,164.125,NaN,NaN
2016-01-01T12:00:00Z,0.0,-79.875,168.125,NaN,NaN
2016-01-01T12:00:00Z,0.0,-79.875,172.125,NaN,NaN
2016-01-01T12:00:00Z,0.0,-79.875,176.125,NaN,NaN
2016-01-01T12:00:00Z,0.0,-79.875,180.125,NaN,NaN
2016-01-01T12:00:00Z,0.0,-79.875,184.125,NaN,NaN
2016-01-01T12:00:00Z,0.0,-79.875,188.125,NaN,NaN
2016-01-01T12:00:00Z,0.0,-79.875,192.125,NaN,NaN
2016-01-01T12:00:00Z,0.0,-79.875,196.125,NaN,NaN
2016-01-01T12:00:00Z,0.0,-79.875,200.125,NaN,NaN
2016-01-01T12:00:00Z,0.0,-79.875,204.125,NaN,NaN
2016-01-01T12:00:00Z,0.0,-79.875,208.125,NaN,NaN
2016-01-01T12:00:00Z,0.0,-79.875,212.125,NaN,NaN
2016-01-01T12:00:00Z,0.0,-79.875,216.125,NaN,NaN
2016-01-01T12:00:00Z,0.0,-79.875,220.125,NaN,NaN
2016-01-01T12:00:00Z,0.0,-79.875,224.125,NaN,NaN
2016-01-01T12:00:00Z,0.0,-79.875,228.125,NaN,NaN
2016-01-01T12:00:00Z,0.0,-79.875,232.125,NaN,NaN
2016-01-01T12:00:00Z,0.0,-79.875,236.125,NaN,NaN
2016-01-01T12:00:00Z,0.0,-79.875,240.125,NaN,NaN
2016-01-01T12:00:00Z,0.0,-79.875,244.125,NaN,NaN
2016-01-01T12:00:00Z,0.0,-79.875,248.125,NaN,NaN
2016-01-01T12:00:00Z,0.0,-79.875,252.125,NaN,NaN
2016-01-01T12:00:00Z,0.0,-79.875,256.125,NaN,NaN
2016-01-01T12:00:00Z,0.0,-79.875,260.125,NaN,NaN
2016-01-01T12:00:00Z,0.0,-79.875,264.125,NaN,NaN
2016-01-01T12:00:00Z,0.0,-79.875,268.125,NaN,NaN
2016-01-01T12:00:00Z,0.0,-79.875,272.125,NaN,NaN
2016-01-01T12:00:00Z,0.0,-79.875,276.125,NaN,NaN
2016-01-01T12:00:00Z,0.0,-79.875,280.125,NaN,NaN
2016-01-01T12:00:00Z,0.0,-79.875,284.125,NaN,NaN
2016-01-01T12:00:00Z,0.0,-79.875,288.125,NaN,NaN
2016-01-01T12:00:00Z,0.0,-79.875,292.125,NaN,NaN
2016-01-01T12:00:00Z,0.0,-79.875,296.125,NaN,NaN
2016-01-01T12:00:00Z,0.0,-79.875,300.125,NaN,NaN
2016-01-01T12:00:00Z,0.0,-79.875,304.125,NaN,NaN
2016-01-01T12:00:00Z,0.0,-79.875,308.125,NaN,NaN
2016-01-01T12:00:00Z,0.0,-79.875,312.125,NaN,NaN
2016-01-01T12:00:00Z,0.0,-79.875,316.125,NaN,NaN
2016-01-01T12:00:00Z,0.0,-79.875,320.125,NaN,NaN
2016-01-01T12:00:00Z,0.0,-79.875,324.125,NaN,NaN
2016-01-01T12:00:00Z,0.0,-79.875,328.125,NaN,NaN
2016-01-01T12:00:00Z,0.0,-79.875,332.125,NaN,NaN
2016-01-01T12:00:00Z,0.0,-79.875,336.125,NaN,NaN
2016-01-01T12:00:00Z,0.0,-79.875,340.125,NaN,NaN
2016-01-01T12:00:00Z,0.0,-79.875,344.125,NaN,NaN
2016-01-01T12:00:00Z,0.0,-79.875,348.125,NaN,NaN
2016-01-01T12:00:00Z,0.0,-79.875,352.125,NaN,NaN
2016-01-01T12:00:00Z,0.0,-79.875,356.125,NaN,NaN
2016-01-01T12:00:00Z,0.0,-75.875,0.125,NaN,NaN
2016-01-01T12:00:00Z,0.0,-75.875,4.125,NaN,NaN
2016-01-01T12:00:00Z,0.0,-75.875,8.125,NaN,NaN
2016-01-01T12:00:00Z,0.0,-75.875,12.125,NaN,NaN
2016-01-01T12:00:00Z,0.0,-75.875,16.125,NaN,NaN
2016-01-01T12:00:00Z,0.0,-75.875,20.125,NaN,NaN
2016-01-01T12:00:00Z,0.0,-75.875,24.125,NaN,NaN
2016-01-01T12:00:00Z,0.0,-75.875,28.125,NaN,NaN
2016-01-01T12:00:00Z,0.0,-75.875,32.125,NaN,NaN
2016-01-01T12:00:00Z,0.0,-75.875,36.125,NaN,NaN
2016-01-01T12:00:00Z,0.0,-75.875,40.125,NaN,NaN
2016-01-01T12:00:00Z,0.0,-75.875,44.125,NaN,NaN
2016-01-01T12:00:00Z,0.0,-75.875,48.125,NaN,NaN
2016-01-01T12:00:00Z,0.0,-75.875,52.125,NaN,NaN
2016-01-01T12:00:00Z,0.0,-75.875,56.125,NaN,NaN
2016-01-01T12:00:00Z,0.0,-75.875,60.125,NaN,NaN
2016-01-01T12:00:00Z,0.0,-75.875,64.125,NaN,NaN
2016-01-01T12:00:00Z,0.0,-75.875,68.125,NaN,NaN
2016-01-01T12:00:00Z,0.0,-75.875,72.125,NaN,NaN
2016-01-01T12:00:00Z,0.0,-75.875,76.125,NaN,NaN
2016-01-01T12:00:00Z,0.0,-75.875,80.125,NaN,NaN
2016-01-01T12:00:00Z,0.0,-75.875,84.125,NaN,NaN
2016-01-01T12:00:00Z,0.0,-75.875,88.125,NaN,NaN
2016-01-01T12:00:00Z,0.0,-75.875,92.125,NaN,NaN
2016-01-01T12:00:00Z,0.0,-75.875,96.125,NaN,NaN
2016-01-01T12:00:00Z,0.0,-75.875,100.125,NaN,NaN
2016-01-01T12:00:00Z,0.0,-75.875,104.125,NaN,NaN
2016-01-01T12:00:00Z,0.0,-75.875,108.125,NaN,NaN
2016-01-01T12:00:00Z,0.0,-75.875,112.125,NaN,NaN
2016-01-01T12:00:00Z,0.0,-75.875,116.125,NaN,NaN
2016-01-01T12:00:00Z,0.0,-75.875,120.125,NaN,NaN
2016-01-01T12:00:00Z,0.0,-75.875,124.125,NaN,NaN
2016-01-01T12:00:00Z,0.0,-75.875,128.125,NaN,NaN
2016-01-01T12:00:00Z,0.0,-75.875,132.125,NaN,NaN
2016-01-01T12:00:00Z,0.0,-75.875,136.125,NaN,NaN
2016-01-01T12:00:00Z,0.0,-75.875,140.125,NaN,NaN
2016-01-01T12:00:00Z,0.0,-75.875,144.125,NaN,NaN
2016-01-01T12:00:00Z,0.0,-75.875,148.125,NaN,NaN
2016-01-01T12:00:00Z,0.0,-75.875,152.125,NaN,NaN
2016-01-01T12:00:00Z,0.0,-75.875,156.125,NaN,NaN
2016-01-01T12:00:00Z,0.0,-75.875,160.125,NaN,NaN
2016-01-01T12:00:00Z,0.0,-75.875,164.125,-1.49,-0.85
2016-01-01T12:00:00Z,0.0,-75.875,168.125,-1.41,-0.72
2016-01-01T12:00:00Z,0.0,-75.875,172.125,-0.74,-0.6
2016-01-01T12:00:00Z,0.0,-75.875,176.125,-0.11,-0.16
2016-01-01T12:00:00Z,0.0,-75.875,180.125,-0.83,-0.85
2016-01-01T12:00:00Z,0.0,-75.875,184.125,-1.5,-1.4
2016-01-01T12:00:00Z,0.0,-75.875,188.125,-1.59,-1.04
2016-01-01T12:00:00Z,0.0,-75.875,192.125,-1.57,-0.75
2016-01-01T12:00:00Z,0.0,-75.875,196.125,-1.4,-0.45
2016-01-01T12:00:00Z,0.0,-75.875,200.125,-1.47,-0.44
2016-01-01T12:00:00Z,0.0,-75.875,204.125,-1.43,-0.23
2016-01-01T12:00:00Z,0.0,-75.875,208.125,-1.36,-0.17
2016-01-01T12:00:00Z,0.0,-75.875,212.125,-1.64,-0.33
2016-01-01T12:00:00Z,0.0,-75.875,216.125,NaN,NaN
2016-01-01T12:00:00Z,0.0,-75.875,220.125,NaN,NaN
2016-01-01T12:00:00Z,0.0,-75.875,224.125,NaN,NaN
2016-01-01T12:00:00Z,0.0,-75.875,228.125,NaN,NaN
2016-01-01T12:00:00Z,0.0,-75.875,232.125,NaN,NaN
2016-01-01T12:00:00Z,0.0,-75.875,236.125,NaN,NaN
2016-01-01T12:00:00Z,0.0,-75.875,240.125,NaN,NaN
2016-01-01T12:00:00Z,0.0,-75.875,244.125,NaN,NaN
2016-01-01T12:00:00Z,0.0,-75.875,248.125,NaN,NaN
2016-01-01T12:00:00Z,0.0,-75.875,252.125,NaN,NaN
2016-01-01T12:00:00Z,0.0,-75.875,256.125,NaN,NaN
2016-01-01T12:00:00Z,0.0,-75.875,260.125,NaN,NaN
2016-01-01T12:00:00Z,0.0,-75.875,264.125,NaN,NaN
2016-01-01T12:00:00Z,0.0,-75.875,268.125,NaN,NaN
2016-01-01T12:00:00Z,0.0,-75.875,272.125,NaN,NaN
2016-01-01T12:00:00Z,0.0,-75.875,276.125,NaN,NaN
2016-01-01T12:00:00Z,0.0,-75.875,280.125,NaN,NaN
2016-01-01T12:00:00Z,0.0,-75.875,284.125,NaN,NaN
2016-01-01T12:00:00Z,0.0,-75.875,288.125,NaN,NaN
2016-01-01T12:00:00Z,0.0,-75.875,292.125,NaN,NaN
2016-01-01T12:00:00Z,0.0,-75.875,296.125,-1.39,-0.37
2016-01-01T12:00:00Z,0.0,-75.875,300.125,-1.8,-0.92
2016-01-01T12:00:00Z,0.0,-75.875,304.125,-1.8,-0.61
2016-01-01T12:00:00Z,0.0,-75.875,308.125,-1.8,-0.56
2016-01-01T12:00:00Z,0.0,-75.875,312.125,-1.8,-0.56
2016-01-01T12:00:00Z,0.0,-75.875,316.125,-1.8,-0.49
2016-01-01T12:00:00Z,0.0,-75.875,320.125,-1.8,-0.32
2016-01-01T12:00:00Z,0.0,-75.875,324.125,-1.8,-0.39
2016-01-01T12:00:00Z,0.0,-75.875,328.125,-1.8,-0.68
2016-01-01T12:00:00Z,0.0,-75.875,332.125,-1.44,-0.76
2016-01-01T12:00:00Z,0.0,-75.875,336.125,-1.65,-0.87
2016-01-01T12:00:00Z,0.0,-75.875,340.125,NaN,NaN
2016-01-01T12:00:00Z,0.0,-75.875,344.125,NaN,NaN
2016-01-01T12:00:00Z,0.0,-75.875,348.125,NaN,NaN
2016-01-01T12:00:00Z,0.0,-75.875,352.125,NaN,NaN
2016-01-01T12:00:00Z,0.0,-75.875,356.125,NaN,NaN
2016-01-01T12:00:00Z,0.0,-71.875,0.125,NaN,NaN
2016-01-01T12:00:00Z,0.0,-71.875,4.125,NaN,NaN
2016-01-01T12:00:00Z,0.0,-71.875,8.125,NaN,NaN
2016-01-01T12:00:00Z,0.0,-71.875,12.125,NaN,NaN
2016-01-01T12:00:00Z,0.0,-71.875,16.125,NaN,NaN
2016-01-01T12:00:00Z,0.0,-71.875,20.125,NaN,NaN
2016-01-01T12:00:00Z,0.0,-71.875,24.125,NaN,NaN
2016-01-01T12:00:00Z,0.0,-71.875,28.125,NaN,NaN
2016-01-01T12:00:00Z,0.0,-71.875,32.125,NaN,NaN
2016-01-01T12:00:00Z,0.0,-71.875,36.125,NaN,NaN
2016-01-01T12:00:00Z,0.0,-71.875,40.125,NaN,NaN
2016-01-01T12:00:00Z,0.0,-71.875,44.125,NaN,NaN
2016-01-01T12:00:00Z,0.0,-71.875,48.125,NaN,NaN
2016-01-01T12:00:00Z,0.0,-71.875,52.125,NaN,NaN
2016-01-01T12:00:00Z,0.0,-71.875,56.125,NaN,NaN
2016-01-01T12:00:00Z,0.0,-71.875,60.125,NaN,NaN
2016-01-01T12:00:00Z,0.0,-71.875,64.125,NaN,NaN
2016-01-01T12:00:00Z,0.0,-71.875,68.125,-0.97,0.0
2016-01-01T12:00:00Z,0.0,-71.875,72.125,NaN,NaN
2016-01-01T12:00:00Z,0.0,-71.875,76.125,NaN,NaN
2016-01-01T12:00:00Z,0.0,-71.875,80.125,NaN,NaN
2016-01-01T12:00:00Z,0.0,-71.875,84.125,NaN,NaN
2016-01-01T12:00:00Z,0.0,-71.875,88.125,NaN,NaN
2016-01-01T12:00:00Z,0.0,-71.875,92.125,NaN,NaN
2016-01-01T12:00:00Z,0.0,-71.875,96.125,NaN,NaN
2016-01-01T12:00:00Z,0.0,-71.875,100.125,NaN,NaN
2016-01-01T12:00:00Z,0.0,-71.875,104.125,NaN,NaN
2016-01-01T12:00:00Z,0.0,-71.875,108.125,NaN,NaN
2016-01-01T12:00:00Z,0.0,-71.875,112.125,NaN,NaN
2016-01-01T12:00:00Z,0.0,-71.875,116.125,NaN,NaN
2016-01-01T12:00:00Z,0.0,-71.875,120.125,NaN,NaN
2016-01-01T12:00:00Z,0.0,-71.875,124.125,NaN,NaN
2016-01-01T12:00:00Z,0.0,-71.875,128.125,NaN,NaN
2016-01-01T12:00:00Z,0.0,-71.875,132.125,NaN,NaN
2016-01-01T12:00:00Z,0.0,-71.875,136.125,NaN,NaN
2016-01-01T12:00:00Z,0.0,-71.875,140.125,NaN,NaN
2016-01-01T12:00:00Z,0.0,-71.875,144.125,NaN,NaN
2016-01-01T12:00:00Z,0.0,-71.875,148.125,NaN,NaN
2016-01-01T12:00:00Z,0.0,-71.875,152.125,NaN,NaN
2016-01-01T12:00:00Z,0.0,-71.875,156.125,NaN,NaN
2016-01-01T12:00:00Z,0.0,-71.875,160.125,NaN,NaN
2016-01-01T12:00:00Z,0.0,-71.875,164.125,NaN,NaN
2016-01-01T12:00:00Z,0.0,-71.875,168.125,NaN,NaN
2016-01-01T12:00:00Z,0.0,-71.875,172.125,-1.34,-0.74
2016-01-01T12:00:00Z,0.0,-71.875,176.125,-1.09,-0.65
2016-01-01T12:00:00Z,0.0,-71.875,180.125,-1.48,-0.92
2016-01-01T12:00:00Z,0.0,-71.875,184.125,-1.6,-0.88
2016-01-01T12:00:00Z,0.0,-71.875,188.125,-1.59,-0.58
2016-01-01T12:00:00Z,0.0,-71.875,192.125,-1.5,-0.33
2016-01-01T12:00:00Z,0.0,-71.875,196.125,-1.41,-0.23
2016-01-01T12:00:00Z,0.0,-71.875,200.125,-1.41,-0.21
2016-01-01T12:00:00Z,0.0,-71.875,204.125,-1.29,-0.08
2016-01-01T12:00:00Z,0.0,-71.875,208.125,-1.41,-0.2
2016-01-01T12:00:00Z,0.0,-71.875,212.125,-1.47,-0.22
2016-01-01T12:00:00Z,0.0,-71.875,216.125,-1.64,-0.32
2016-01-01T12:00:00Z,0.0,-71.875,220.125,-1.63,-0.28
2016-01-01T12:00:00Z,0.0,-71.875,224.125,-1.65,-0.29
2016-01-01T12:00:00Z,0.0,-71.875,228.125,-1.7,-0.29
2016-01-01T12:00:00Z,0.0,-71.875,232.125,-1.73,-0.34
2016-01-01T12:00:00Z,0.0,-71.875,236.125,-1.63,-0.13
2016-01-01T12:00:00Z,0.0,-71.875,240.125,-1.69,-0.4
2016-01-01T12:00:00Z,0.0,-71.875,244.125,-1.59,-0.6
2016-01-01T12:00:00Z,0.0,-71.875,248.125,-1.66,-0.73
2016-01-01T12:00:00Z,0.0,-71.875,252.125,-1.8,-0.51
2016-01-01T12:00:00Z,0.0,-71.875,256.125,-1.74,-0.65
2016-01-01T12:00:00Z,0.0,-71.875,260.125,-1.48,-0.26
2016-01-01T12:00:00Z,0.0,-71.875,264.125,-1.79,-0.38
2016-01-01T12:00:00Z,0.0,-71.875,268.125,-1.8,-0.28
2016-01-01T12:00:00Z,0.0,-71.875,272.125,-1.8,-0.29
2016-01-01T12:00:00Z,0.0,-71.875,276.125,-1.8,-0.55
2016-01-01T12:00:00Z,0.0,-71.875,280.125,-1.75,-0.92
2016-01-01T12:00:00Z,0.0,-71.875,284.125,-1.68,-0.95
2016-01-01T12:00:00Z,0.0,-71.875,288.125,-1.59,-0.54
2016-01-01T12:00:00Z,0.0,-71.875,292.125,-1.36,-0.02
2016-01-01T12:00:00Z,0.0,-71.875,296.125,NaN,NaN
2016-01-01T12:00:00Z,0.0,-71.875,300.125,-1.8,-0.34
2016-01-01T12:00:00Z,0.0,-71.875,304.125,-1.8,-0.14
2016-01-01T12:00:00Z,0.0,-71.875,308.125,-1.8,-0.07
2016-01-01T12:00:00Z,0.0,-71.875,312.125,-1.8,-0.07
2016-01-01T12:00:00Z,0.0,-71.875,316.125,-1.8,-0.12
2016-01-01T12:00:00Z,0.0,-71.875,320.125,-1.8,-0.21
2016-01-01T12:00:00Z,0.0,-71.875,324.125,-1.8,-0.37
2016-01-01T12:00:00Z,0.0,-71.875,328.125,-1.8,-0.59
2016-01-01T12:00:00Z,0.0,-71.875,332.125,-1.8,-0.78
2016-01-01T12:00:00Z,0.0,-71.875,336.125,-1.8,-0.89
2016-01-01T12:00:00Z,0.0,-71.875,340.125,-1.8,-1.05
2016-01-01T12:00:00Z,0.0,-71.875,344.125,-1.63,-0.8
2016-01-01T12:00:00Z,0.0,-71.875,348.125,-1.53,-0.68
2016-01-01T12:00:00Z,0.0,-71.875,352.125,NaN,NaN
2016-01-01T12:00:00Z,0.0,-71.875,356.125,NaN,NaN
2016-01-01T12:00:00Z,0.0,-67.875,0.125,-1.63,-1.36
2016-01-01T12:00:00Z,0.0,-67.875,4.125,-0.87,-0.64
2016-01-01T12:00:00Z,0.0,-67.875,8.125,-1.53,-1.15
2016-01-01T12:00:00Z,0.0,-67.875,12.125,-1.66,-1.12
2016-01-01T12:00:00Z,0.0,-67.875,16.125,-1.41,-0.87
2016-01-01T12:00:00Z,0.0,-67.875,20.125,-1.21,-0.8
2016-01-01T12:00:00Z,0.0,-67.875,24.125,-1.47,-0.87
2016-01-01T12:00:00Z,0.0,-67.875,28.125,-1.34,-0.47
2016-01-01T12:00:00Z,0.0,-67.875,32.125,-0.6,0.39
2016-01-01T12:00:00Z,0.0,-67.875,36.125,-0.61,0.49
2016-01-01T12:00:00Z,0.0,-67.875,40.125,-1.36,-0.18
2016-01-01T12:00:00Z,0.0,-67.875,44.125,-1.8,-0.53
2016-01-01T12:00:00Z,0.0,-67.875,48.125,NaN,NaN
2016-01-01T12:00:00Z,0.0,-67.875,52.125,NaN,NaN
2016-01-01T12:00:00Z,0.0,-67.875,56.125,NaN,NaN
2016-01-01T12:00:00Z,0.0,-67.875,60.125,NaN,NaN
2016-01-01T12:00:00Z,0.0,-67.875,64.125,NaN,NaN
2016-01-01T12:00:00Z,0.0,-67.875,68.125,NaN,NaN
2016-01-01T12:00:00Z,0.0,-67.875,72.125,-1.25,-0.94
2016-01-01T12:00:00Z,0.0,-67.875,76.125,1.92,1.89
2016-01-01T12:00:00Z,0.0,-67.875,80.125,1.41,2.13
2016-01-01T12:00:00Z,0.0,-67.875,84.125,NaN,NaN
2016-01-01T12:00:00Z,0.0,-67.875,88.125,NaN,NaN
2016-01-01T12:00:00Z,0.0,-67.875,92.125,NaN,NaN
2016-01-01T12:00:00Z,0.0,-67.875,96.125,NaN,NaN
2016-01-01T12:00:00Z,0.0,-67.875,100.125,NaN,NaN
2016-01-01T12:00:00Z,0.0,-67.875,104.125,NaN,NaN
2016-01-01T12:00:00Z,0.0,-67.875,108.125,NaN,NaN
2016-01-01T12:00:00Z,0.0,-67.875,112.125,NaN,NaN
2016-01-01T12:00:00Z,0.0,-67.875,116.125,NaN,NaN
2016-01-01T12:00:00Z,0.0,-67.875,120.125,NaN,NaN
2016-01-01T12:00:00Z,0.0,-67.875,124.125,NaN,NaN
2016-01-01T12:00:00Z,0.0,-67.875,128.125,NaN,NaN
2016-01-01T12:00:00Z,0.0,-67.875,132.125,NaN,NaN
2016-01-01T12:00:00Z,0.0,-67.875,136.125,NaN,NaN
2016-01-01T12:00:00Z,0.0,-67.875,140.125,NaN,NaN
2016-01-01T12:00:00Z,0.0,-67.875,144.125,NaN,NaN
2016-01-01T12:00:00Z,0.0,-67.875,148.125,-1.8,-0.88
2016-01-01T12:00:00Z,0.0,-67.875,152.125,-1.79,-0.4
2016-01-01T12:00:00Z,0.0,-67.875,156.125,-1.8,-0.52
2016-01-01T12:00:00Z,0.0,-67.875,160.125,-1.8,-0.59
2016-01-01T12:00:00Z,0.0,-67.875,164.125,-1.8,-0.75
2016-01-01T12:00:00Z,0.0,-67.875,168.125,-1.76,-0.83
2016-01-01T12:00:00Z,0.0,-67.875,172.125,-1.62,-0.85
2016-01-01T12:00:00Z,0.0,-67.875,176.125,-1.6,-0.97
2016-01-01T12:00:00Z,0.0,-67.875,180.125,-1.52,-1.08
2016-01-01T12:00:00Z,0.0,-67.875,184.125,-1.64,-1.21
2016-01-01T12:00:00Z,0.0,-67.875,188.125,-1.66,-1.13
2016-01-01T12:00:00Z,0.0,-67.875,192.125,-1.64,-1.05
2016-01-01T12:00:00Z,0.0,-67.875,196.125,-1.63,-0.98
2016-01-01T12:00:00Z,0.0,-67.875,200.125,-1.61,-0.92
2016-01-01T12:00:00Z,0.0,-67.875,204.125,-1.57,-0.8
2016-01-01T12:00:00Z,0.0,-67.875,208.125,-1.51,-0.7
2016-01-01T12:00:00Z,0.0,-67.875,212.125,-1.37,-0.56
2016-01-01T12:00:00Z,0.0,-67.875,216.125,-1.41,-0.67
2016-01-01T12:00:00Z,0.0,-67.875,220.125,-1.48,-0.8
2016-01-01T12:00:00Z,0.0,-67.875,224.125,-1.44,-0.83
2016-01-01T12:00:00Z,0.0,-67.875,228.125,-1.67,-1.1
2016-01-01T12:00:00Z,0.0,-67.875,232.125,-1.52,-0.99
2016-01-01T12:00:00Z,0.0,-67.875,236.125,-1.44,-1.09
2016-01-01T12:00:00Z,0.0,-67.875,240.125,-1.43,-1.33
2016-01-01T12:00:00Z,0.0,-67.875,244.125,-1.48,-1.53
2016-01-01T12:00:00Z,0.0,-67.875,248.125,-1.54,-1.69
2016-01-01T12:00:00Z,0.0,-67.875,252.125,-1.49,-1.8
2016-01-01T12:00:00Z,0.0,-67.875,256.125,-1.45,-1.9
2016-01-01T12:00:00Z,0.0,-67.875,260.125,-1.43,-2.0
2016-01-01T12:00:00Z,0.0,-67.875,264.125,-1.41,-2.02
2016-01-01T12:00:00Z,0.0,-67.875,268.125,-1.3,-1.78
2016-01-01T12:00:00Z,0.0,-67.875,272.125,-1.17,-1.55
2016-01-01T12:00:00Z,0.0,-67.875,276.125,-1.51,-2.0
2016-01-01T12:00:00Z,0.0,-67.875,280.125,-1.26,-1.58
2016-01-01T12:00:00Z,0.0,-67.875,284.125,-1.78,-1.79
2016-01-01T12:00:00Z,0.0,-67.875,288.125,-1.66,-1.43
2016-01-01T12:00:00Z,0.0,-67.875,292.125,-1.49,-0.84
2016-01-01T12:00:00Z,0.0,-67.875,296.125,-1.07,-0.05
2016-01-01T12:00:00Z,0.0,-67.875,300.125,-1.8,-0.23
2016-01-01T12:00:00Z,0.0,-67.875,304.125,-1.8,-0.12
2016-01-01T12:00:00Z,0.0,-67.875,308.125,-1.8,-0.18
2016-01-01T12:00:00Z,0.0,-67.875,312.125,-1.8,-0.35
2016-01-01T12:00:00Z,0.0,-67.875,316.125,-1.77,-0.5
2016-01-01T12:00:00Z,0.0,-67.875,320.125,-1.76,-0.67
2016-01-01T12:00:00Z,0.0,-67.875,324.125,-1.79,-0.9
2016-01-01T12:00:00Z,0.0,-67.875,328.125,-1.8,-1.0
2016-01-01T12:00:00Z,0.0,-67.875,332.125,-1.8,-1.02
2016-01-01T12:00:00Z,0.0,-67.875,336.125,-1.67,-0.93
2016-01-01T12:00:00Z,0.0,-67.875,340.125,-1.21,-0.56
2016-01-01T12:00:00Z,0.0,-67.875,344.125,-0.56,0.0
2016-01-01T12:00:00Z,0.0,-67.875,348.125,-1.09,-0.55
2016-01-01T12:00:00Z,0.0,-67.875,352.125,-1.53,-1.01
2016-01-01T12:00:00Z,0.0,-67.875,356.125,-1.78,-1.37
2016-01-01T12:00:00Z,0.0,-63.875,0.125,-0.26,-0.39
2016-01-01T12:00:00Z,0.0,-63.875,4.125,0.38,0.21
2016-01-01T12:00:00Z,0.0,-63.875,8.125,-1.25,-1.5
2016-01-01T12:00:00Z,0.0,-63.875,12.125,-0.18,-0.45
2016-01-01T12:00:00Z,0.0,-63.875,16.125,0.83,0.62
2016-01-01T12:00:00Z,0.0,-63.875,20.125,0.71,0.59
2016-01-01T12:00:00Z,0.0,-63.875,24.125,0.39,0.28
2016-01-01T12:00:00Z,0.0,-63.875,28.125,-0.39,-0.56
2016-01-01T12:00:00Z,0.0,-63.875,32.125,-0.85,-1.07
2016-01-01T12:00:00Z,0.0,-63.875,36.125,-1.34,-1.7
2016-01-01T12:00:00Z,0.0,-63.875,40.125,0.29,-0.14
2016-01-01T12:00:00Z,0.0,-63.875,44.125,0.07,-0.33
2016-01-01T12:00:00Z,0.0,-63.875,48.125,0.08,-0.21
2016-01-01T12:00:00Z,0.0,-63.875,52.125,-0.13,-0.32
2016-01-01T12:00:00Z,0.0,-63.875,56.125,-0.69,-0.84
2016-01-01T12:00:00Z,0.0,-63.875,60.125,0.1,-0.26
2016-01-01T12:00:00Z,0.0,-63.875,64.125,-0.7,-1.01
2016-01-01T12:00:00Z,0.0,-63.875,68.125,-0.51,-0.71
2016-01-01T12:00:00Z,0.0,-63.875,72.125,-0.38,-0.74
2016-01-01T12:00:00Z,0.0,-63.875,76.125,-0.27,-0.68
2016-01-01T12:00:00Z,0.0,-63.875,80.125,-1.43,-1.65
2016-01-01T12:00:00Z,0.0,-63.875,84.125,-1.28,-1.24
2016-01-01T12:00:00Z,0.0,-63.875,88.125,-0.66,-0.72
2016-01-01T12:00:00Z,0.0,-63.875,92.125,-1.08,-1.12
2016-01-01T12:00:00Z,0.0,-63.875,96.125,-1.8,-1.31
2016-01-01T12:00:00Z,0.0,-63.875,100.125,-1.49,-0.92
2016-01-01T12:00:00Z,0.0,-63.875,104.125,-1.48,-1.32
2016-01-01T12:00:00Z,0.0,-63.875,108.125,-0.81,-1.0
2016-01-01T12:00:00Z,0.0,-63.875,112.125,-1.13,-1.48
2016-01-01T12:00:00Z,0.0,-63.875,116.125,-0.67,-0.86
2016-01-01T12:00:00Z,0.0,-63.875,120.125,-1.37,-1.7
2016-01-01T12:00:00Z,0.0,-63.875,124.125,-0.76,-1.13
2016-01-01T12:00:00Z,0.0,-63.875,128.125,-1.52,-1.91
2016-01-01T12:00:00Z,0.0,-63.875,132.125,-1.39,-1.89
2016-01-01T12:00:00Z,0.0,-63.875,136.125,-1.55,-1.89
2016-01-01T12:00:00Z,0.0,-63.875,140.125,0.06,-0.52
2016-01-01T12:00:00Z,0.0,-63.875,144.125,0.32,-0.39
2016-01-01T12:00:00Z,0.0,-63.875,148.125,0.33,-0.29
2016-01-01T12:00:00Z,0.0,-63.875,152.125,-1.37,-1.72
2016-01-01T12:00:00Z,0.0,-63.875,156.125,-0.95,-1.28
2016-01-01T12:00:00Z,0.0,-63.875,160.125,-1.43,-1.64
2016-01-01T12:00:00Z,0.0,-63.875,164.125,-0.79,-1.14
2016-01-01T12:00:00Z,0.0,-63.875,168.125,-0.06,-0.7
2016-01-01T12:00:00Z,0.0,-63.875,172.125,-0.38,-1.42
2016-01-01T12:00:00Z,0.0,-63.875,176.125,0.89,-0.56
2016-01-01T12:00:00Z,0.0,-63.875,180.125,1.55,-0.14
2016-01-01T12:00:00Z,0.0,-63.875,184.125,0.5,-0.86
2016-01-01T12:00:00Z,0.0,-63.875,188.125,0.76,-0.06
2016-01-01T12:00:00Z,0.0,-63.875,192.125,-0.42,-0.81
2016-01-01T12:00:00Z,0.0,-63.875,196.125,-0.4,-0.61
2016-01-01T12:00:00Z,0.0,-63.875,200.125,-0.56,-0.69
2016-01-01T12:00:00Z,0.0,-63.875,204.125,-0.4,-0.49
2016-01-01T12:00:00Z,0.0,-63.875,208.125,-0.47,-0.42
2016-01-01T12:00:00Z,0.0,-63.875,212.125,-0.4,-0.31
2016-01-01T12:00:00Z,0.0,-63.875,216.125,0.03,0.05
2016-01-01T12:00:00Z,0.0,-63.875,220.125,-0.15,-0.24
2016-01-01T12:00:00Z,0.0,-63.875,224.125,0.42,0.16
2016-01-01T12:00:00Z,0.0,-63.875,228.125,0.73,0.22
2016-01-01T12:00:00Z,0.0,-63.875,232.125,2.17,1.16
2016-01-01T12:00:00Z,0.0,-63.875,236.125,0.53,-0.9
2016-01-01T12:00:00Z,0.0,-63.875,240.125,2.38,0.77
2016-01-01T12:00:00Z,0.0,-63.875,244.125,1.11,-0.87
2016-01-01T12:00:00Z,0.0,-63.875,248.125,1.92,-0.33
2016-01-01T12:00:00Z,0.0,-63.875,252.125,1.3,-0.81
2016-01-01T12:00:00Z,0.0,-63.875,256.125,-0.04,-2.05
2016-01-01T12:00:00Z,0.0,-63.875,260.125,0.32,-1.79
2016-01-01T12:00:00Z,0.0,-63.875,264.125,0.25,-1.91
2016-01-01T12:00:00Z,0.0,-63.875,268.125,0.53,-1.64
2016-01-01T12:00:00Z,0.0,-63.875,272.125,0.38,-2.16
2016-01-01T12:00:00Z,0.0,-63.875,276.125,1.23,-1.23
2016-01-01T12:00:00Z,0.0,-63.875,280.125,1.3,-1.01
2016-01-01T12:00:00Z,0.0,-63.875,284.125,0.69,-1.53
2016-01-01T12:00:00Z,0.0,-63.875,288.125,0.67,-1.13
2016-01-01T12:00:00Z,0.0,-63.875,292.125,-0.78,-2.02
2016-01-01T12:00:00Z,0.0,-63.875,296.125,0.34,-0.3
2016-01-01T12:00:00Z,0.0,-63.875,300.125,-0.08,-0.01
2016-01-01T12:00:00Z,0.0,-63.875,304.125,-1.35,-0.93
2016-01-01T12:00:00Z,0.0,-63.875,308.125,-1.57,-1.15
2016-01-01T12:00:00Z,0.0,-63.875,312.125,-1.49,-1.11
2016-01-01T12:00:00Z,0.0,-63.875,316.125,-1.48,-1.04
2016-01-01T12:00:00Z,0.0,-63.875,320.125,-1.69,-1.11
2016-01-01T12:00:00Z,0.0,-63.875,324.125,-1.67,-1.1
2016-01-01T12:00:00Z,0.0,-63.875,328.125,-1.73,-1.11
2016-01-01T12:00:00Z,0.0,-63.875,332.125,-1.61,-0.98
2016-01-01T12:00:00Z,0.0,-63.875,336.125,-1.57,-0.93
2016-01-01T12:00:00Z,0.0,-63.875,340.125,-1.53,-0.95
2016-01-01T12:00:00Z,0.0,-63.875,344.125,-1.65,-1.14
2016-01-01T12:00:00Z,0.0,-63.875,348.125,-1.48,-1.07
2016-01-01T12:00:00Z,0.0,-63.875,352.125,-1.38,-1.1
2016-01-01T12:00:00Z,0.0,-63.875,356.125,-1.23,-1.16
2016-01-01T12:00:00Z,0.0,-59.875,0.125,-1.18,-1.19
2016-01-01T12:00:00Z,0.0,-59.875,4.125,-1.5,-1.5
2016-01-01T12:00:00Z,0.0,-59.875,8.125,-0.77,-0.79
2016-01-01T12:00:00Z,0.0,-59.875,12.125,-1.51,-1.59
2016-01-01T12:00:00Z,0.0,-59.875,16.125,0.05,-0.07
2016-01-01T12:00:00Z,0.0,-59.875,20.125,0.07,-0.16
2016-01-01T12:00:00Z,0.0,-59.875,24.125,0.32,-0.21
2016-01-01T12:00:00Z,0.0,-59.875,28.125,0.46,-0.28
2016-01-01T12:00:00Z,0.0,-59.875,32.125,0.55,-0.17
2016-01-01T12:00:00Z,0.0,-59.875,36.125,0.2,-0.56
2016-01-01T12:00:00Z,0.0,-59.875,40.125,0.2,-0.49
2016-01-01T12:00:00Z,0.0,-59.875,44.125,0.66,-0.06
2016-01-01T12:00:00Z,0.0,-59.875,48.125,0.22,-0.53
2016-01-01T12:00:00Z,0.0,-59.875,52.125,-0.03,-0.68
2016-01-01T12:00:00Z,0.0,-59.875,56.125,0.15,-0.46
2016-01-01T12:00:00Z,0.0,-59.875,60.125,0.39,-0.27
2016-01-01T12:00:00Z,0.0,-59.875,64.125,0.42,-0.32
2016-01-01T12:00:00Z,0.0,-59.875,68.125,0.09,-0.61
2016-01-01T12:00:00Z,0.0,-59.875,72.125,-0.48,-1.0
2016-01-01T12:00:00Z,0.0,-59.875,76.125,-0.23,-0.68
2016-01-01T12:00:00Z,0.0,-59.875,80.125,-0.28,-0.83
2016-01-01T12:00:00Z,0.0,-59.875,84.125,0.09,-0.69
2016-01-01T12:00:00Z,0.0,-59.875,88.125,0.36,-0.85
2016-01-01T12:00:00Z,0.0,-59.875,92.125,0.76,-0.32
2016-01-01T12:00:00Z,0.0,-59.875,96.125,0.64,-0.33
2016-01-01T12:00:00Z,0.0,-59.875,100.125,0.66,-0.39
2016-01-01T12:00:00Z,0.0,-59.875,104.125,0.95,-0.38
2016-01-01T12:00:00Z,0.0,-59.875,108.125,0.65,-0.72
2016-01-01T12:00:00Z,0.0,-59.875,112.125,1.66,0.12
2016-01-01T12:00:00Z,0.0,-59.875,116.125,1.52,-0.24
2016-01-01T12:00:00Z,0.0,-59.875,120.125,1.58,-0.15
2016-01-01T12:00:00Z,0.0,-59.875,124.125,1.4,-0.53
2016-01-01T12:00:00Z,0.0,-59.875,128.125,2.28,0.05
2016-01-01T12:00:00Z,0.0,-59.875,132.125,2.23,-0.15
2016-01-01T12:00:00Z,0.0,-59.875,136.125,1.84,-0.43
2016-01-01T12:00:00Z,0.0,-59.875,140.125,1.98,-0.32
2016-01-01T12:00:00Z,0.0,-59.875,144.125,1.81,-0.38
2016-01-01T12:00:00Z,0.0,-59.875,148.125,1.13,-0.43
2016-01-01T12:00:00Z,0.0,-59.875,152.125,0.36,-1.17
2016-01-01T12:00:00Z,0.0,-59.875,156.125,1.01,-1.08
2016-01-01T12:00:00Z,0.0,-59.875,160.125,0.72,-1.71
2016-01-01T12:00:00Z,0.0,-59.875,164.125,2.55,-0.9
2016-01-01T12:00:00Z,0.0,-59.875,168.125,3.21,-1.26
2016-01-01T12:00:00Z,0.0,-59.875,172.125,4.13,-0.98
2016-01-01T12:00:00Z,0.0,-59.875,176.125,4.01,-0.74
2016-01-01T12:00:00Z,0.0,-59.875,180.125,3.86,-0.53
2016-01-01T12:00:00Z,0.0,-59.875,184.125,3.91,-0.2
2016-01-01T12:00:00Z,0.0,-59.875,188.125,3.67,-0.1
2016-01-01T12:00:00Z,0.0,-59.875,192.125,4.25,0.95
2016-01-01T12:00:00Z,0.0,-59.875,196.125,3.43,0.63
2016-01-01T12:00:00Z,0.0,-59.875,200.125,2.37,0.2
2016-01-01T12:00:00Z,0.0,-59.875,204.125,1.53,0.04
2016-01-01T12:00:00Z,0.0,-59.875,208.125,0.81,0.02
2016-01-01T12:00:00Z,0.0,-59.875,212.125,1.38,0.83
2016-01-01T12:00:00Z,0.0,-59.875,216.125,1.66,0.84
2016-01-01T12:00:00Z,0.0,-59.875,220.125,2.1,0.8
2016-01-01T12:00:00Z,0.0,-59.875,224.125,2.48,0.85
2016-01-01T12:00:00Z,0.0,-59.875,228.125,1.87,-0.29
2016-01-01T12:00:00Z,0.0,-59.875,232.125,4.3,1.58
2016-01-01T12:00:00Z,0.0,-59.875,236.125,3.68,0.4
2016-01-01T12:00:00Z,0.0,-59.875,240.125,3.44,-0.08
2016-01-01T12:00:00Z,0.0,-59.875,244.125,4.15,0.25
2016-01-01T12:00:00Z,0.0,-59.875,248.125,4.07,-0.1
2016-01-01T12:00:00Z,0.0,-59.875,252.125,3.56,-0.71
2016-01-01T12:00:00Z,0.0,-59.875,256.125,3.21,-1.31
2016-01-01T12:00:00Z,0.0,-59.875,260.125,4.53,-0.31
2016-01-01T12:00:00Z,0.0,-59.875,264.125,3.59,-1.31
2016-01-01T12:00:00Z,0.0,-59.875,268.125,3.37,-1.53
2016-01-01T12:00:00Z,0.0,-59.875,272.125,4.3,-0.92
2016-01-01T12:00:00Z,0.0,-59.875,276.125,4.53,-0.93
2016-01-01T12:00:00Z,0.0,-59.875,280.125,4.64,-0.99
2016-01-01T12:00:00Z,0.0,-59.875,284.125,3.69,-1.96
2016-01-01T12:00:00Z,0.0,-59.875,288.125,3.27,-1.85
2016-01-01T12:00:00Z,0.0,-59.875,292.125,2.62,-1.55
2016-01-01T12:00:00Z,0.0,-59.875,296.125,1.18,-1.58
2016-01-01T12:00:00Z,0.0,-59.875,300.125,0.97,-1.03
2016-01-01T12:00:00Z,0.0,-59.875,304.125,1.43,-0.14
2016-01-01T12:00:00Z,0.0,-59.875,308.125,0.83,-0.33
2016-01-01T12:00:00Z,0.0,-59.875,312.125,0.15,-0.88
2016-01-01T12:00:00Z,0.0,-59.875,316.125,0.63,-0.29
2016-01-01T12:00:00Z,0.0,-59.875,320.125,-0.26,-0.77
2016-01-01T12:00:00Z,0.0,-59.875,324.125,-0.61,-0.94
2016-01-01T12:00:00Z,0.0,-59.875,328.125,-0.87,-1.01
2016-01-01T12:00:00Z,0.0,-59.875,332.125,-1.41,-1.35
2016-01-01T12:00:00Z,0.0,-59.875,336.125,-1.23,-1.42
2016-01-01T12:00:00Z,0.0,-59.875,340.125,-1.42,-1.53
2016-01-01T12:00:00Z,0.0,-59.875,344.125,-1.56,-1.46
2016-01-01T12:00:00Z,0.0,-59.875,348.125,-1.44,-1.28
2016-01-01T12:00:00Z,0.0,-59.875,352.125,-1.48,-1.33
2016-01-01T12:00:00Z,0.0,-59.875,356.125,-1.07,-0.98
2016-01-01T12:00:00Z,0.0,-55.875,0.125,0.22,-0.25
2016-01-01T12:00:00Z,0.0,-55.875,4.125,-0.21,-0.65
2016-01-01T12:00:00Z,0.0,-55.875,8.125,0.19,-0.21
2016-01-01T12:00:00Z,0.0,-55.875,12.125,0.42,0.05
2016-01-01T12:00:00Z,0.0,-55.875,16.125,0.81,0.24
2016-01-01T12:00:00Z,0.0,-55.875,20.125,0.22,-0.35
2016-01-01T12:00:00Z,0.0,-55.875,24.125,1.07,0.22
2016-01-01T12:00:00Z,0.0,-55.875,28.125,1.85,0.28
2016-01-01T12:00:00Z,0.0,-55.875,32.125,1.16,-0.59
2016-01-01T12:00:00Z,0.0,-55.875,36.125,2.01,0.12
2016-01-01T12:00:00Z,0.0,-55.875,40.125,1.68,0.03
2016-01-01T12:00:00Z,0.0,-55.875,44.125,1.21,-0.11
2016-01-01T12:00:00Z,0.0,-55.875,48.125,1.47,-0.05
2016-01-01T12:00:00Z,0.0,-55.875,52.125,1.5,-0.25
2016-01-01T12:00:00Z,0.0,-55.875,56.125,1.77,-0.13
2016-01-01T12:00:00Z,0.0,-55.875,60.125,1.97,0.01
2016-01-01T12:00:00Z,0.0,-55.875,64.125,1.89,-0.18
2016-01-01T12:00:00Z,0.0,-55.875,68.125,1.82,-0.22
2016-01-01T12:00:00Z,0.0,-55.875,72.125,1.43,-0.32
2016-01-01T12:00:00Z,0.0,-55.875,76.125,0.83,-0.45
2016-01-01T12:00:00Z,0.0,-55.875,80.125,0.86,-0.17
2016-01-01T12:00:00Z,0.0,-55.875,84.125,2.15,0.25
2016-01-01T12:00:00Z,0.0,-55.875,88.125,2.32,0.12
2016-01-01T12:00:00Z,0.0,-55.875,92.125,3.37,1.34
2016-01-01T12:00:00Z,0.0,-55.875,96.125,1.88,-0.22
2016-01-01T12:00:00Z,0.0,-55.875,100.125,1.69,-0.22
2016-01-01T12:00:00Z,0.0,-55.875,104.125,1.77,-0.25
2016-01-01T12:00:00Z,0.0,-55.875,108.125,2.15,-0.32
2016-01-01T12:00:00Z,0.0,-55.875,112.125,2.81,-0.09
2016-01-01T12:00:00Z,0.0,-55.875,116.125,3.06,-0.34
2016-01-01T12:00:00Z,0.0,-55.875,120.125,3.3,-0.29
2016-01-01T12:00:00Z,0.0,-55.875,124.125,3.71,-0.13
2016-01-01T12:00:00Z,0.0,-55.875,128.125,3.54,-0.51
2016-01-01T12:00:00Z,0.0,-55.875,132.125,4.05,-0.22
2016-01-01T12:00:00Z,0.0,-55.875,136.125,3.66,-0.72
2016-01-01T12:00:00Z,0.0,-55.875,140.125,3.36,-0.68
2016-01-01T12:00:00Z,0.0,-55.875,144.125,3.04,-0.24
2016-01-01T12:00:00Z,0.0,-55.875,148.125,2.65,-0.89
2016-01-01T12:00:00Z,0.0,-55.875,152.125,4.22,-0.59
2016-01-01T12:00:00Z,0.0,-55.875,156.125,4.8,-0.63
2016-01-01T12:00:00Z,0.0,-55.875,160.125,4.24,-0.96
2016-01-01T12:00:00Z,0.0,-55.875,164.125,5.72,-1.08
2016-01-01T12:00:00Z,0.0,-55.875,168.125,6.63,-1.0
2016-01-01T12:00:00Z,0.0,-55.875,172.125,7.07,-0.32
2016-01-01T12:00:00Z,0.0,-55.875,176.125,6.54,-0.63
2016-01-01T12:00:00Z,0.0,-55.875,180.125,7.83,0.26
2016-01-01T12:00:00Z,0.0,-55.875,184.125,7.06,-0.42
2016-01-01T12:00:00Z,0.0,-55.875,188.125,7.27,0.39
2016-01-01T12:00:00Z,0.0,-55.875,192.125,7.0,0.48
2016-01-01T12:00:00Z,0.0,-55.875,196.125,6.46,0.29
2016-01-01T12:00:00Z,0.0,-55.875,200.125,6.25,0.42
2016-01-01T12:00:00Z,0.0,-55.875,204.125,5.91,0.47
2016-01-01T12:00:00Z,0.0,-55.875,208.125,5.65,1.02
2016-01-01T12:00:00Z,0.0,-55.875,212.125,5.39,1.34
2016-01-01T12:00:00Z,0.0,-55.875,216.125,6.1,1.78
2016-01-01T12:00:00Z,0.0,-55.875,220.125,6.95,1.73
2016-01-01T12:00:00Z,0.0,-55.875,224.125,5.61,0.63
2016-01-01T12:00:00Z,0.0,-55.875,228.125,5.97,0.59
2016-01-01T12:00:00Z,0.0,-55.875,232.125,6.83,0.59
2016-01-01T12:00:00Z,0.0,-55.875,236.125,7.47,0.99
2016-01-01T12:00:00Z,0.0,-55.875,240.125,7.74,1.51
2016-01-01T12:00:00Z,0.0,-55.875,244.125,6.4,0.02
2016-01-01T12:00:00Z,0.0,-55.875,248.125,7.24,0.62
2016-01-01T12:00:00Z,0.0,-55.875,252.125,7.19,0.48
2016-01-01T12:00:00Z,0.0,-55.875,256.125,7.57,0.85
2016-01-01T12:00:00Z,0.0,-55.875,260.125,6.61,-0.14
2016-01-01T12:00:00Z,0.0,-55.875,264.125,6.19,-0.6
2016-01-01T12:00:00Z,0.0,-55.875,268.125,6.61,-0.2
2016-01-01T12:00:00Z,0.0,-55.875,272.125,6.48,-0.42
2016-01-01T12:00:00Z,0.0,-55.875,276.125,6.64,-0.31
2016-01-01T12:00:00Z,0.0,-55.875,280.125,6.53,-0.51
2016-01-01T12:00:00Z,0.0,-55.875,284.125,6.79,-0.44
2016-01-01T12:00:00Z,0.0,-55.875,288.125,6.37,-1.27
2016-01-01T12:00:00Z,0.0,-55.875,292.125,8.86,1.28
2016-01-01T12:00:00Z,0.0,-55.875,296.125,4.48,-2.3
2016-01-01T12:00:00Z,0.0,-55.875,300.125,5.0,-1.32
2016-01-01T12:00:00Z,0.0,-55.875,304.125,5.85,0.26
2016-01-01T12:00:00Z,0.0,-55.875,308.125,5.29,0.57
2016-01-01T12:00:00Z,0.0,-55.875,312.125,2.74,-0.96
2016-01-01T12:00:00Z,0.0,-55.875,316.125,2.23,-0.48
2016-01-01T12:00:00Z,0.0,-55.875,320.125,1.55,-0.52
2016-01-01T12:00:00Z,0.0,-55.875,324.125,1.33,-0.4
2016-01-01T12:00:00Z,0.0,-55.875,328.125,1.04,-0.01
2016-01-01T12:00:00Z,0.0,-55.875,332.125,-0.21,-1.17
2016-01-01T12:00:00Z,0.0,-55.875,336.125,1.27,-0.11
2016-01-01T12:00:00Z,0.0,-55.875,340.125,0.36,-1.0
2016-01-01T12:00:00Z,0.0,-55.875,344.125,0.09,-1.24
2016-01-01T12:00:00Z,0.0,-55.875,348.125,0.94,-0.08
2016-01-01T12:00:00Z,0.0,-55.875,352.125,0.62,-0.08
2016-01-01T12:00:00Z,0.0,-55.875,356.125,0.39,-0.09
2016-01-01T12:00:00Z,0.0,-51.875,0.125,2.58,0.31
2016-01-01T12:00:00Z,0.0,-51.875,4.125,2.69,0.4
2016-01-01T12:00:00Z,0.0,-51.875,8.125,2.93,0.56
2016-01-01T12:00:00Z,0.0,-51.875,12.125,1.25,-0.59
2016-01-01T12:00:00Z,0.0,-51.875,16.125,1.83,-0.11
2016-01-01T12:00:00Z,0.0,-51.875,20.125,1.83,0.05
2016-01-01T12:00:00Z,0.0,-51.875,24.125,1.0,-0.72
2016-01-01T12:00:00Z,0.0,-51.875,28.125,1.37,-1.15
2016-01-01T12:00:00Z,0.0,-51.875,32.125,2.28,-0.81
2016-01-01T12:00:00Z,0.0,-51.875,36.125,2.94,-0.33
2016-01-01T12:00:00Z,0.0,-51.875,40.125,2.37,-0.59
2016-01-01T12:00:00Z,0.0,-51.875,44.125,2.66,-0.16
2016-01-01T12:00:00Z,0.0,-51.875,48.125,3.44,0.26
2016-01-01T12:00:00Z,0.0,-51.875,52.125,3.0,-0.42
2016-01-01T12:00:00Z,0.0,-51.875,56.125,2.93,-0.45
2016-01-01T12:00:00Z,0.0,-51.875,60.125,3.4,-0.07
2016-01-01T12:00:00Z,0.0,-51.875,64.125,3.39,0.0
2016-01-01T12:00:00Z,0.0,-51.875,68.125,3.37,0.08
2016-01-01T12:00:00Z,0.0,-51.875,72.125,3.06,0.11
2016-01-01T12:00:00Z,0.0,-51.875,76.125,2.46,-0.15
2016-01-01T12:00:00Z,0.0,-51.875,80.125,1.02,-1.48
2016-01-01T12:00:00Z,0.0,-51.875,84.125,2.79,-0.91
2016-01-01T12:00:00Z,0.0,-51.875,88.125,4.53,-0.04
2016-01-01T12:00:00Z,0.0,-51.875,92.125,5.53,0.67
2016-01-01T12:00:00Z,0.0,-51.875,96.125,4.92,0.42
2016-01-01T12:00:00Z,0.0,-51.875,100.125,4.78,0.35
2016-01-01T12:00:00Z,0.0,-51.875,104.125,5.34,1.02
2016-01-01T12:00:00Z,0.0,-51.875,108.125,4.77,0.68
2016-01-01T12:00:00Z,0.0,-51.875,112.125,3.99,0.02
2016-01-01T12:00:00Z,0.0,-51.875,116.125,4.85,0.21
2016-01-01T12:00:00Z,0.0,-51.875,120.125,5.33,-0.09
2016-01-01T12:00:00Z,0.0,-51.875,124.125,6.44,0.31
2016-01-01T12:00:00Z,0.0,-51.875,128.125,6.79,0.13
2016-01-01T12:00:00Z,0.0,-51.875,132.125,5.14,-1.77
2016-01-01T12:00:00Z,0.0,-51.875,136.125,6.4,-0.56
2016-01-01T12:00:00Z,0.0,-51.875,140.125,5.85,-0.95
2016-01-01T12:00:00Z,0.0,-51.875,144.125,6.2,-0.99
2016-01-01T12:00:00Z,0.0,-51.875,148.125,8.38,0.13
2016-01-01T12:00:00Z,0.0,-51.875,152.125,8.32,-0.14
2016-01-01T12:00:00Z,0.0,-51.875,156.125,8.8,-0.17
2016-01-01T12:00:00Z,0.0,-51.875,160.125,9.66,0.51
2016-01-01T12:00:00Z,0.0,-51.875,164.125,9.59,-0.01
2016-01-01T12:00:00Z,0.0,-51.875,168.125,8.9,-0.49
2016-01-01T12:00:00Z,0.0,-51.875,172.125,8.51,-0.73
2016-01-01T12:00:00Z,0.0,-51.875,176.125,8.28,-0.41
2016-01-01T12:00:00Z,0.0,-51.875,180.125,9.42,0.15
2016-01-01T12:00:00Z,0.0,-51.875,184.125,9.9,-0.17
2016-01-01T12:00:00Z,0.0,-51.875,188.125,9.42,-0.62
2016-01-01T12:00:00Z,0.0,-51.875,192.125,8.62,-1.01
2016-01-01T12:00:00Z,0.0,-51.875,196.125,8.46,-1.14
2016-01-01T12:00:00Z,0.0,-51.875,200.125,9.49,-0.09
2016-01-01T12:00:00Z,0.0,-51.875,204.125,9.48,0.06
2016-01-01T12:00:00Z,0.0,-51.875,208.125,10.57,1.18
2016-01-01T12:00:00Z,0.0,-51.875,212.125,10.19,0.9
2016-01-01T12:00:00Z,0.0,-51.875,216.125,11.1,2.07
2016-01-01T12:00:00Z,0.0,-51.875,220.125,9.72,0.92
2016-01-01T12:00:00Z,0.0,-51.875,224.125,10.46,1.82
2016-01-01T12:00:00Z,0.0,-51.875,228.125,9.9,1.28
2016-01-01T12:00:00Z,0.0,-51.875,232.125,9.74,1.27
2016-01-01T12:00:00Z,0.0,-51.875,236.125,10.09,1.87
2016-01-01T12:00:00Z,0.0,-51.875,240.125,9.42,1.62
2016-01-01T12:00:00Z,0.0,-51.875,244.125,8.98,1.03
2016-01-01T12:00:00Z,0.0,-51.875,248.125,10.13,1.97
2016-01-01T12:00:00Z,0.0,-51.875,252.125,9.31,1.23
2016-01-01T12:00:00Z,0.0,-51.875,256.125,8.88,0.85
2016-01-01T12:00:00Z,0.0,-51.875,260.125,8.39,0.45
2016-01-01T12:00:00Z,0.0,-51.875,264.125,8.1,0.14
2016-01-01T12:00:00Z,0.0,-51.875,268.125,7.83,-0.16
2016-01-01T12:00:00Z,0.0,-51.875,272.125,7.69,-0.32
2016-01-01T12:00:00Z,0.0,-51.875,276.125,7.91,-0.28
2016-01-01T12:00:00Z,0.0,-51.875,280.125,8.08,-0.5
2016-01-01T12:00:00Z,0.0,-51.875,284.125,10.9,1.51
2016-01-01T12:00:00Z,0.0,-51.875,288.125,NaN,NaN
2016-01-01T12:00:00Z,0.0,-51.875,292.125,9.8,-0.23
2016-01-01T12:00:00Z,0.0,-51.875,296.125,9.08,-0.55
2016-01-01T12:00:00Z,0.0,-51.875,300.125,9.71,0.54
2016-01-01T12:00:00Z,0.0,-51.875,304.125,7.95,0.07
2016-01-01T12:00:00Z,0.0,-51.875,308.125,6.67,-0.25
2016-01-01T12:00:00Z,0.0,-51.875,312.125,4.86,-0.86
2016-01-01T12:00:00Z,0.0,-51.875,316.125,5.03,0.49
2016-01-01T12:00:00Z,0.0,-51.875,320.125,4.07,0.66
2016-01-01T12:00:00Z,0.0,-51.875,324.125,3.35,0.14
2016-01-01T12:00:00Z,0.0,-51.875,328.125,1.84,-0.8
2016-01-01T12:00:00Z,0.0,-51.875,332.125,2.56,-0.63
2016-01-01T12:00:00Z,0.0,-51.875,336.125,2.93,-0.72
2016-01-01T12:00:00Z,0.0,-51.875,340.125,3.61,0.19
2016-01-01T12:00:00Z,0.0,-51.875,344.125,3.38,0.2
2016-01-01T12:00:00Z,0.0,-51.875,348.125,2.35,-0.34
2016-01-01T12:00:00Z,0.0,-51.875,352.125,1.71,-0.36
2016-01-01T12:00:00Z,0.0,-51.875,356.125,1.82,-0.21
2016-01-01T12:00:00Z,0.0,-47.875,0.125,5.12,-0.74
2016-01-01T12:00:00Z,0.0,-47.875,4.125,5.86,0.14
2016-01-01T12:00:00Z,0.0,-47.875,8.125,5.21,-0.32
2016-01-01T12:00:00Z,0.0,-47.875,12.125,5.41,-0.24
2016-01-01T12:00:00Z,0.0,-47.875,16.125,5.05,-0.6
2016-01-01T12:00:00Z,0.0,-47.875,20.125,5.79,0.41
2016-01-01T12:00:00Z,0.0,-47.875,24.125,6.81,1.43
2016-01-01T12:00:00Z,0.0,-47.875,28.125,5.88,-0.04
2016-01-01T12:00:00Z,0.0,-47.875,32.125,5.92,-0.56
2016-01-01T12:00:00Z,0.0,-47.875,36.125,5.38,-0.46
2016-01-01T12:00:00Z,0.0,-47.875,40.125,4.93,-0.88
2016-01-01T12:00:00Z,0.0,-47.875,44.125,5.98,0.11
2016-01-01T12:00:00Z,0.0,-47.875,48.125,4.97,-0.39
2016-01-01T12:00:00Z,0.0,-47.875,52.125,5.16,0.06
2016-01-01T12:00:00Z,0.0,-47.875,56.125,5.37,-0.33
2016-01-01T12:00:00Z,0.0,-47.875,60.125,6.12,0.1
2016-01-01T12:00:00Z,0.0,-47.875,64.125,4.48,-0.76
2016-01-01T12:00:00Z,0.0,-47.875,68.125,5.09,0.0
2016-01-01T12:00:00Z,0.0,-47.875,72.125,4.7,-0.65
2016-01-01T12:00:00Z,0.0,-47.875,76.125,6.15,-0.12
2016-01-01T12:00:00Z,0.0,-47.875,80.125,6.97,0.45
2016-01-01T12:00:00Z,0.0,-47.875,84.125,5.37,-2.01
2016-01-01T12:00:00Z,0.0,-47.875,88.125,8.01,0.14
2016-01-01T12:00:00Z,0.0,-47.875,92.125,7.31,-0.41
2016-01-01T12:00:00Z,0.0,-47.875,96.125,6.44,-0.72
2016-01-01T12:00:00Z,0.0,-47.875,100.125,6.97,-0.22
2016-01-01T12:00:00Z,0.0,-47.875,104.125,7.88,0.47
2016-01-01T12:00:00Z,0.0,-47.875,108.125,9.25,1.49
2016-01-01T12:00:00Z,0.0,-47.875,112.125,8.2,-0.27
2016-01-01T12:00:00Z,0.0,-47.875,116.125,9.5,0.56
2016-01-01T12:00:00Z,0.0,-47.875,120.125,9.05,-0.14
2016-01-01T12:00:00Z,0.0,-47.875,124.125,10.97,1.31
2016-01-01T12:00:00Z,0.0,-47.875,128.125,9.91,-0.1
2016-01-01T12:00:00Z,0.0,-47.875,132.125,10.85,0.72
2016-01-01T12:00:00Z,0.0,-47.875,136.125,10.05,-0.18
2016-01-01T12:00:00Z,0.0,-47.875,140.125,11.19,0.52
2016-01-01T12:00:00Z,0.0,-47.875,144.125,10.83,0.03
2016-01-01T12:00:00Z,0.0,-47.875,148.125,11.61,0.55
2016-01-01T12:00:00Z,0.0,-47.875,152.125,12.42,1.21
2016-01-01T12:00:00Z,0.0,-47.875,156.125,11.85,0.41
2016-01-01T12:00:00Z,0.0,-47.875,160.125,11.56,0.08
2016-01-01T12:00:00Z,0.0,-47.875,164.125,12.19,0.25
2016-01-01T12:00:00Z,0.0,-47.875,168.125,12.11,0.48
2016-01-01T12:00:00Z,0.0,-47.875,172.125,11.46,0.11
2016-01-01T12:00:00Z,0.0,-47.875,176.125,10.26,-0.94
2016-01-01T12:00:00Z,0.0,-47.875,180.125,10.44,-0.89
2016-01-01T12:00:00Z,0.0,-47.875,184.125,11.53,-0.83
2016-01-01T12:00:00Z,0.0,-47.875,188.125,11.23,-1.21
2016-01-01T12:00:00Z,0.0,-47.875,192.125,10.8,-1.32
2016-01-01T12:00:00Z,0.0,-47.875,196.125,10.69,-1.18
2016-01-01T12:00:00Z,0.0,-47.875,200.125,11.59,-0.17
2016-01-01T12:00:00Z,0.0,-47.875,204.125,12.0,0.57
2016-01-01T12:00:00Z,0.0,-47.875,208.125,12.06,0.85
2016-01-01T12:00:00Z,0.0,-47.875,212.125,12.73,1.73
2016-01-01T12:00:00Z,0.0,-47.875,216.125,13.73,3.01
2016-01-01T12:00:00Z,0.0,-47.875,220.125,13.59,3.01
2016-01-01T12:00:00Z,0.0,-47.875,224.125,12.64,2.23
2016-01-01T12:00:00Z,0.0,-47.875,228.125,13.1,2.85
2016-01-01T12:00:00Z,0.0,-47.875,232.125,12.46,2.35
2016-01-01T12:00:00Z,0.0,-47.875,236.125,12.01,2.06
2016-01-01T12:00:00Z,0.0,-47.875,240.125,12.56,2.83
2016-01-01T12:00:00Z,0.0,-47.875,244.125,11.96,2.24
2016-01-01T12:00:00Z,0.0,-47.875,248.125,11.26,1.49
2016-01-01T12:00:00Z,0.0,-47.875,252.125,11.14,1.39
2016-01-01T12:00:00Z,0.0,-47.875,256.125,10.76,1.12
2016-01-01T12:00:00Z,0.0,-47.875,260.125,9.97,0.4
2016-01-01T12:00:00Z,0.0,-47.875,264.125,9.97,0.4
2016-01-01T12:00:00Z,0.0,-47.875,268.125,9.36,-0.25
2016-01-01T12:00:00Z,0.0,-47.875,272.125,9.18,-0.5
2016-01-01T12:00:00Z,0.0,-47.875,276.125,9.23,-0.79
2016-01-01T12:00:00Z,0.0,-47.875,280.125,10.01,-0.64
2016-01-01T12:00:00Z,0.0,-47.875,284.125,11.73,0.01
2016-01-01T12:00:00Z,0.0,-47.875,288.125,NaN,NaN
2016-01-01T12:00:00Z,0.0,-47.875,292.125,NaN,NaN
2016-01-01T12:00:00Z,0.0,-47.875,296.125,12.48,-0.25
2016-01-01T12:00:00Z,0.0,-47.875,300.125,10.62,-0.13
2016-01-01T12:00:00Z,0.0,-47.875,304.125,9.04,-1.49
2016-01-01T12:00:00Z,0.0,-47.875,308.125,12.57,1.08
2016-01-01T12:00:00Z,0.0,-47.875,312.125,12.32,1.03
2016-01-01T12:00:00Z,0.0,-47.875,316.125,10.86,0.47
2016-01-01T12:00:00Z,0.0,-47.875,320.125,10.12,0.88
2016-01-01T12:00:00Z,0.0,-47.875,324.125,9.55,1.08
2016-01-01T12:00:00Z,0.0,-47.875,328.125,6.65,-0.89
2016-01-01T12:00:00Z,0.0,-47.875,332.125,6.28,-0.56
2016-01-01T12:00:00Z,0.0,-47.875,336.125,5.37,-1.17
2016-01-01T12:00:00Z,0.0,-47.875,340.125,6.15,-0.44
2016-01-01T12:00:00Z,0.0,-47.875,344.125,5.47,-0.73
2016-01-01T12:00:00Z,0.0,-47.875,348.125,5.35,0.14
2016-01-01T12:00:00Z,0.0,-47.875,352.125,3.67,-0.92
2016-01-01T12:00:00Z,0.0,-47.875,356.125,5.86,0.42
2016-01-01T12:00:00Z,0.0,-43.875,0.125,9.48,-0.25
2016-01-01T12:00:00Z,0.0,-43.875,4.125,8.93,-0.61
2016-01-01T12:00:00Z,0.0,-43.875,8.125,6.71,-2.46
2016-01-01T12:00:00Z,0.0,-43.875,12.125,8.47,-1.42
2016-01-01T12:00:00Z,0.0,-43.875,16.125,11.07,0.21
2016-01-01T12:00:00Z,0.0,-43.875,20.125,10.6,-0.69
2016-01-01T12:00:00Z,0.0,-43.875,24.125,10.23,-1.19
2016-01-01T12:00:00Z,0.0,-43.875,28.125,11.47,0.07
2016-01-01T12:00:00Z,0.0,-43.875,32.125,10.43,-0.56
2016-01-01T12:00:00Z,0.0,-43.875,36.125,9.46,-0.49
2016-01-01T12:00:00Z,0.0,-43.875,40.125,10.43,0.97
2016-01-01T12:00:00Z,0.0,-43.875,44.125,8.59,-0.27
2016-01-01T12:00:00Z,0.0,-43.875,48.125,9.1,0.99
2016-01-01T12:00:00Z,0.0,-43.875,52.125,8.91,0.34
2016-01-01T12:00:00Z,0.0,-43.875,56.125,9.62,-1.39
2016-01-01T12:00:00Z,0.0,-43.875,60.125,16.07,3.09
2016-01-01T12:00:00Z,0.0,-43.875,64.125,12.22,-0.17
2016-01-01T12:00:00Z,0.0,-43.875,68.125,11.55,0.06
2016-01-01T12:00:00Z,0.0,-43.875,72.125,12.94,1.02
2016-01-01T12:00:00Z,0.0,-43.875,76.125,10.14,-1.59
2016-01-01T12:00:00Z,0.0,-43.875,80.125,12.55,1.47
2016-01-01T12:00:00Z,0.0,-43.875,84.125,11.49,0.14
2016-01-01T12:00:00Z,0.0,-43.875,88.125,9.54,-1.57
2016-01-01T12:00:00Z,0.0,-43.875,92.125,11.27,0.35
2016-01-01T12:00:00Z,0.0,-43.875,96.125,10.01,-1.02
2016-01-01T12:00:00Z,0.0,-43.875,100.125,11.49,-0.02
2016-01-01T12:00:00Z,0.0,-43.875,104.125,11.99,0.47
2016-01-01T12:00:00Z,0.0,-43.875,108.125,11.97,0.4
2016-01-01T12:00:00Z,0.0,-43.875,112.125,10.92,-0.77
2016-01-01T12:00:00Z,0.0,-43.875,116.125,11.93,0.18
2016-01-01T12:00:00Z,0.0,-43.875,120.125,12.78,0.88
2016-01-01T12:00:00Z,0.0,-43.875,124.125,12.82,0.75
2016-01-01T12:00:00Z,0.0,-43.875,128.125,13.28,1.1
2016-01-01T12:00:00Z,0.0,-43.875,132.125,12.86,0.54
2016-01-01T12:00:00Z,0.0,-43.875,136.125,13.21,0.59
2016-01-01T12:00:00Z,0.0,-43.875,140.125,13.39,0.32
2016-01-01T12:00:00Z,0.0,-43.875,144.125,14.25,0.54
2016-01-01T12:00:00Z,0.0,-43.875,148.125,18.94,4.33
2016-01-01T12:00:00Z,0.0,-43.875,152.125,16.52,2.13
2016-01-01T12:00:00Z,0.0,-43.875,156.125,16.48,2.28
2016-01-01T12:00:00Z,0.0,-43.875,160.125,15.58,1.38
2016-01-01T12:00:00Z,0.0,-43.875,164.125,15.73,1.21
2016-01-01T12:00:00Z,0.0,-43.875,168.125,17.18,1.74
2016-01-01T12:00:00Z,0.0,-43.875,172.125,17.37,3.4
2016-01-01T12:00:00Z,0.0,-43.875,176.125,14.58,0.01
2016-01-01T12:00:00Z,0.0,-43.875,180.125,13.87,-0.98
2016-01-01T12:00:00Z,0.0,-43.875,184.125,12.6,-2.42
2016-01-01T12:00:00Z,0.0,-43.875,188.125,12.78,-1.97
2016-01-01T12:00:00Z,0.0,-43.875,192.125,12.55,-1.7
2016-01-01T12:00:00Z,0.0,-43.875,196.125,12.45,-1.38
2016-01-01T12:00:00Z,0.0,-43.875,200.125,13.24,-0.34
2016-01-01T12:00:00Z,0.0,-43.875,204.125,14.23,0.83
2016-01-01T12:00:00Z,0.0,-43.875,208.125,13.73,0.44
2016-01-01T12:00:00Z,0.0,-43.875,212.125,14.72,1.61
2016-01-01T12:00:00Z,0.0,-43.875,216.125,15.73,2.78
2016-01-01T12:00:00Z,0.0,-43.875,220.125,15.73,2.95
2016-01-01T12:00:00Z,0.0,-43.875,224.125,16.25,3.59
2016-01-01T12:00:00Z,0.0,-43.875,228.125,15.53,2.89
2016-01-01T12:00:00Z,0.0,-43.875,232.125,15.22,2.71
2016-01-01T12:00:00Z,0.0,-43.875,236.125,14.56,2.12
2016-01-01T12:00:00Z,0.0,-43.875,240.125,14.49,2.12
2016-01-01T12:00:00Z,0.0,-43.875,244.125,13.83,1.52
2016-01-01T12:00:00Z,0.0,-43.875,248.125,13.74,1.39
2016-01-01T12:00:00Z,0.0,-43.875,252.125,13.4,1.18
2016-01-01T12:00:00Z,0.0,-43.875,256.125,13.16,1.05
2016-01-01T12:00:00Z,0.0,-43.875,260.125,12.83,0.77
2016-01-01T12:00:00Z,0.0,-43.875,264.125,12.45,0.37
2016-01-01T12:00:00Z,0.0,-43.875,268.125,12.72,0.61
2016-01-01T12:00:00Z,0.0,-43.875,272.125,12.72,0.55
2016-01-01T12:00:00Z,0.0,-43.875,276.125,13.01,0.53
2016-01-01T12:00:00Z,0.0,-43.875,280.125,13.56,0.58
2016-01-01T12:00:00Z,0.0,-43.875,284.125,14.89,1.08
2016-01-01T12:00:00Z,0.0,-43.875,288.125,NaN,NaN
2016-01-01T12:00:00Z,0.0,-43.875,292.125,NaN,NaN
2016-01-01T12:00:00Z,0.0,-43.875,296.125,16.34,0.26
2016-01-01T12:00:00Z,0.0,-43.875,300.125,13.86,0.34
2016-01-01T12:00:00Z,0.0,-43.875,304.125,14.67,0.49
2016-01-01T12:00:00Z,0.0,-43.875,308.125,17.44,1.95
2016-01-01T12:00:00Z,0.0,-43.875,312.125,14.79,0.87
2016-01-01T12:00:00Z,0.0,-43.875,316.125,12.42,-0.11
2016-01-01T12:00:00Z,0.0,-43.875,320.125,10.39,-1.53
2016-01-01T12:00:00Z,0.0,-43.875,324.125,10.19,-1.37
2016-01-01T12:00:00Z,0.0,-43.875,328.125,12.05,0.68
2016-01-01T12:00:00Z,0.0,-43.875,332.125,11.39,0.21
2016-01-01T12:00:00Z,0.0,-43.875,336.125,10.16,-1.17
2016-01-01T12:00:00Z,0.0,-43.875,340.125,10.6,-0.47
2016-01-01T12:00:00Z,0.0,-43.875,344.125,8.48,-1.65
2016-01-01T12:00:00Z,0.0,-43.875,348.125,10.64,0.43
2016-01-01T12:00:00Z,0.0,-43.875,352.125,10.24,0.21
2016-01-01T12:00:00Z,0.0,-43.875,356.125,8.72,-1.05
2016-01-01T12:00:00Z,0.0,-39.875,0.125,13.83,0.05
2016-01-01T12:00:00Z,0.0,-39.875,4.125,14.17,0.44
2016-01-01T12:00:00Z,0.0,-39.875,8.125,15.25,1.39
2016-01-01T12:00:00Z,0.0,-39.875,12.125,15.54,0.36
2016-01-01T12:00:00Z,0.0,-39.875,16.125,19.65,1.83
2016-01-01T12:00:00Z,0.0,-39.875,20.125,18.35,-0.91
2016-01-01T12:00:00Z,0.0,-39.875,24.125,21.09,2.71
2016-01-01T12:00:00Z,0.0,-39.875,28.125,21.46,3.41
2016-01-01T12:00:00Z,0.0,-39.875,32.125,18.82,0.89
2016-01-01T12:00:00Z,0.0,-39.875,36.125,20.96,3.28
2016-01-01T12:00:00Z,0.0,-39.875,40.125,20.25,3.04
2016-01-01T12:00:00Z,0.0,-39.875,44.125,19.28,1.74
2016-01-01T12:00:00Z,0.0,-39.875,48.125,17.3,0.62
2016-01-01T12:00:00Z,0.0,-39.875,52.125,18.44,1.81
2016-01-01T12:00:00Z,0.0,-39.875,56.125,18.72,1.7
2016-01-01T12:00:00Z,0.0,-39.875,60.125,17.83,1.2
2016-01-01T12:00:00Z,0.0,-39.875,64.125,16.62,0.58
2016-01-01T12:00:00Z,0.0,-39.875,68.125,17.0,1.18
2016-01-01T12:00:00Z,0.0,-39.875,72.125,16.3,0.75
2016-01-01T12:00:00Z,0.0,-39.875,76.125,16.4,1.11
2016-01-01T12:00:00Z,0.0,-39.875,80.125,15.9,0.7
2016-01-01T12:00:00Z,0.0,-39.875,84.125,14.86,-0.05
2016-01-01T12:00:00Z,0.0,-39.875,88.125,15.37,0.8
2016-01-01T12:00:00Z,0.0,-39.875,92.125,14.43,0.09
2016-01-01T12:00:00Z,0.0,-39.875,96.125,14.16,0.04
2016-01-01T12:00:00Z,0.0,-39.875,100.125,14.79,0.73
2016-01-01T12:00:00Z,0.0,-39.875,104.125,14.34,0.24
2016-01-01T12:00:00Z,0.0,-39.875,108.125,14.53,0.29
2016-01-01T12:00:00Z,0.0,-39.875,112.125,15.41,0.81
2016-01-01T12:00:00Z,0.0,-39.875,116.125,15.93,1.04
2016-01-01T12:00:00Z,0.0,-39.875,120.125,15.6,0.7
2016-01-01T12:00:00Z,0.0,-39.875,124.125,16.43,1.54
2016-01-01T12:00:00Z,0.0,-39.875,128.125,15.03,0.06
2016-01-01T12:00:00Z,0.0,-39.875,132.125,15.63,0.59
2016-01-01T12:00:00Z,0.0,-39.875,136.125,16.43,1.09
2016-01-01T12:00:00Z,0.0,-39.875,140.125,15.55,-0.13
2016-01-01T12:00:00Z,0.0,-39.875,144.125,16.75,0.56
2016-01-01T12:00:00Z,0.0,-39.875,148.125,18.7,1.38
2016-01-01T12:00:00Z,0.0,-39.875,152.125,20.57,2.64
2016-01-01T12:00:00Z,0.0,-39.875,156.125,20.09,2.61
2016-01-01T12:00:00Z,0.0,-39.875,160.125,17.64,0.5
2016-01-01T12:00:00Z,0.0,-39.875,164.125,17.33,0.39
2016-01-01T12:00:00Z,0.0,-39.875,168.125,17.32,0.3
2016-01-01T12:00:00Z,0.0,-39.875,172.125,17.56,0.24
2016-01-01T12:00:00Z,0.0,-39.875,176.125,NaN,NaN
2016-01-01T12:00:00Z,0.0,-39.875,180.125,17.63,-0.49
2016-01-01T12:00:00Z,0.0,-39.875,184.125,16.03,-1.59
2016-01-01T12:00:00Z,0.0,-39.875,188.125,15.28,-1.86
2016-01-01T12:00:00Z,0.0,-39.875,192.125,14.56,-2.23
2016-01-01T12:00:00Z,0.0,-39.875,196.125,15.05,-1.35
2016-01-01T12:00:00Z,0.0,-39.875,200.125,16.21,0.07
2016-01-01T12:00:00Z,0.0,-39.875,204.125,17.2,1.22
2016-01-01T12:00:00Z,0.0,-39.875,208.125,16.17,0.32
2016-01-01T12:00:00Z,0.0,-39.875,212.125,17.02,1.29
2016-01-01T12:00:00Z,0.0,-39.875,216.125,17.58,1.93
2016-01-01T12:00:00Z,0.0,-39.875,220.125,17.89,2.33
2016-01-01T12:00:00Z,0.0,-39.875,224.125,17.72,2.16
2016-01-01T12:00:00Z,0.0,-39.875,228.125,17.46,1.91
2016-01-01T12:00:00Z,0.0,-39.875,232.125,17.4,1.93
2016-01-01T12:00:00Z,0.0,-39.875,236.125,16.77,1.31
2016-01-01T12:00:00Z,0.0,-39.875,240.125,15.96,0.49
2016-01-01T12:00:00Z,0.0,-39.875,244.125,16.33,0.84
2016-01-01T12:00:00Z,0.0,-39.875,248.125,16.39,0.91
2016-01-01T12:00:00Z,0.0,-39.875,252.125,16.16,0.73
2016-01-01T12:00:00Z,0.0,-39.875,256.125,16.31,1.05
2016-01-01T12:00:00Z,0.0,-39.875,260.125,15.86,0.7
2016-01-01T12:00:00Z,0.0,-39.875,264.125,15.71,0.47
2016-01-01T12:00:00Z,0.0,-39.875,268.125,15.53,0.18
2016-01-01T12:00:00Z,0.0,-39.875,272.125,16.03,0.68
2016-01-01T12:00:00Z,0.0,-39.875,276.125,16.64,1.17
2016-01-01T12:00:00Z,0.0,-39.875,280.125,16.51,0.92
2016-01-01T12:00:00Z,0.0,-39.875,284.125,17.39,1.57
2016-01-01T12:00:00Z,0.0,-39.875,288.125,NaN,NaN
2016-01-01T12:00:00Z,0.0,-39.875,292.125,NaN,NaN
2016-01-01T12:00:00Z,0.0,-39.875,296.125,NaN,NaN
2016-01-01T12:00:00Z,0.0,-39.875,300.125,17.97,0.13
2016-01-01T12:00:00Z,0.0,-39.875,304.125,14.69,-0.56
2016-01-01T12:00:00Z,0.0,-39.875,308.125,18.72,-0.1
2016-01-01T12:00:00Z,0.0,-39.875,312.125,18.0,0.05
2016-01-01T12:00:00Z,0.0,-39.875,316.125,15.4,-1.82
2016-01-01T12:00:00Z,0.0,-39.875,320.125,16.87,-0.03
2016-01-01T12:00:00Z,0.0,-39.875,324.125,16.33,-0.09
2016-01-01T12:00:00Z,0.0,-39.875,328.125,16.49,0.45
2016-01-01T12:00:00Z,0.0,-39.875,332.125,15.13,-0.53
2016-01-01T12:00:00Z,0.0,-39.875,336.125,13.89,-1.36
2016-01-01T12:00:00Z,0.0,-39.875,340.125,13.78,-1.07
2016-01-01T12:00:00Z,0.0,-39.875,344.125,13.3,-1.39
2016-01-01T12:00:00Z,0.0,-39.875,348.125,13.02,-1.39
2016-01-01T12:00:00Z,0.0,-39.875,352.125,12.96,-0.97
2016-01-01T12:00:00Z,0.0,-39.875,356.125,13.62,-0.12
2016-01-01T12:00:00Z,0.0,-35.875,0.125,18.76,0.58
2016-01-01T12:00:00Z,0.0,-35.875,4.125,19.51,1.4
2016-01-01T12:00:00Z,0.0,-35.875,8.125,20.31,2.16
2016-01-01T12:00:00Z,0.0,-35.875,12.125,20.21,1.3
2016-01-01T12:00:00Z,0.0,-35.875,16.125,22.93,3.11
2016-01-01T12:00:00Z,0.0,-35.875,20.125,23.53,3.1
2016-01-01T12:00:00Z,0.0,-35.875,24.125,24.07,2.42
2016-01-01T12:00:00Z,0.0,-35.875,28.125,22.28,0.7
2016-01-01T12:00:00Z,0.0,-35.875,32.125,22.46,1.38
2016-01-01T12:00:00Z,0.0,-35.875,36.125,21.43,0.66
2016-01-01T12:00:00Z,0.0,-35.875,40.125,21.17,0.87
2016-01-01T12:00:00Z,0.0,-35.875,44.125,21.5,1.73
2016-01-01T12:00:00Z,0.0,-35.875,48.125,21.73,2.08
2016-01-01T12:00:00Z,0.0,-35.875,52.125,20.47,1.29
2016-01-01T12:00:00Z,0.0,-35.875,56.125,19.96,1.02
2016-01-01T12:00:00Z,0.0,-35.875,60.125,19.63,0.7
2016-01-01T12:00:00Z,0.0,-35.875,64.125,20.21,1.36
2016-01-01T12:00:00Z,0.0,-35.875,68.125,19.27,0.47
2016-01-01T12:00:00Z,0.0,-35.875,72.125,19.07,0.28
2016-01-01T12:00:00Z,0.0,-35.875,76.125,19.17,0.58
2016-01-01T12:00:00Z,0.0,-35.875,80.125,19.26,0.85
2016-01-01T12:00:00Z,0.0,-35.875,84.125,18.81,0.65
2016-01-01T12:00:00Z,0.0,-35.875,88.125,17.95,0.11
2016-01-01T12:00:00Z,0.0,-35.875,92.125,16.62,-0.88
2016-01-01T12:00:00Z,0.0,-35.875,96.125,17.38,0.18
2016-01-01T12:00:00Z,0.0,-35.875,100.125,18.07,1.0
2016-01-01T12:00:00Z,0.0,-35.875,104.125,17.23,-0.01
2016-01-01T12:00:00Z,0.0,-35.875,108.125,17.83,0.35
2016-01-01T12:00:00Z,0.0,-35.875,112.125,18.19,0.09
2016-01-01T12:00:00Z,0.0,-35.875,116.125,17.38,-1.15
2016-01-01T12:00:00Z,0.0,-35.875,120.125,17.81,-0.43
2016-01-01T12:00:00Z,0.0,-35.875,124.125,18.06,0.18
2016-01-01T12:00:00Z,0.0,-35.875,128.125,17.85,0.24
2016-01-01T12:00:00Z,0.0,-35.875,132.125,18.19,0.72
2016-01-01T12:00:00Z,0.0,-35.875,136.125,19.8,2.14
2016-01-01T12:00:00Z,0.0,-35.875,140.125,NaN,NaN
2016-01-01T12:00:00Z,0.0,-35.875,144.125,NaN,NaN
2016-01-01T12:00:00Z,0.0,-35.875,148.125,NaN,NaN
2016-01-01T12:00:00Z,0.0,-35.875,152.125,21.82,0.45
2016-01-01T12:00:00Z,0.0,-35.875,156.125,20.33,-0.63
2016-01-01T12:00:00Z,0.0,-35.875,160.125,19.72,-0.64
2016-01-01T12:00:00Z,0.0,-35.875,164.125,19.72,0.13
2016-01-01T12:00:00Z,0.0,-35.875,168.125,18.82,-0.24
2016-01-01T12:00:00Z,0.0,-35.875,172.125,19.05,-0.17
2016-01-01T12:00:00Z,0.0,-35.875,176.125,19.77,-0.21
2016-01-01T12:00:00Z,0.0,-35.875,180.125,18.86,-0.72
2016-01-01T12:00:00Z,0.0,-35.875,184.125,18.64,-0.72
2016-01-01T12:00:00Z,0.0,-35.875,188.125,17.35,-1.81
2016-01-01T12:00:00Z,0.0,-35.875,192.125,17.32,-1.55
2016-01-01T12:00:00Z,0.0,-35.875,196.125,17.74,-0.84
2016-01-01T12:00:00Z,0.0,-35.875,200.125,18.37,0.04
2016-01-01T12:00:00Z,0.0,-35.875,204.125,18.86,0.62
2016-01-01T12:00:00Z,0.0,-35.875,208.125,19.08,0.93
2016-01-01T12:00:00Z,0.0,-35.875,212.125,19.04,0.93
2016-01-01T12:00:00Z,0.0,-35.875,216.125,19.92,1.84
2016-01-01T12:00:00Z,0.0,-35.875,220.125,19.46,1.35
2016-01-01T12:00:00Z,0.0,-35.875,224.125,19.06,0.85
2016-01-01T12:00:00Z,0.0,-35.875,228.125,19.13,0.87
2016-01-01T12:00:00Z,0.0,-35.875,232.125,18.99,0.67
2016-01-01T12:00:00Z,0.0,-35.875,236.125,18.8,0.29
2016-01-01T12:00:00Z,0.0,-35.875,240.125,18.37,-0.37
2016-01-01T12:00:00Z,0.0,-35.875,244.125,18.75,-0.04
2016-01-01T12:00:00Z,0.0,-35.875,248.125,18.84,0.02
2016-01-01T12:00:00Z,0.0,-35.875,252.125,18.44,-0.29
2016-01-01T12:00:00Z,0.0,-35.875,256.125,19.58,0.97
2016-01-01T12:00:00Z,0.0,-35.875,260.125,19.27,0.65
2016-01-01T12:00:00Z,0.0,-35.875,264.125,19.38,0.78
2016-01-01T12:00:00Z,0.0,-35.875,268.125,19.3,0.82
2016-01-01T12:00:00Z,0.0,-35.875,272.125,19.36,1.05
2016-01-01T12:00:00Z,0.0,-35.875,276.125,19.14,1.0
2016-01-01T12:00:00Z,0.0,-35.875,280.125,19.76,1.98
2016-01-01T12:00:00Z,0.0,-35.875,284.125,18.21,1.31
2016-01-01T12:00:00Z,0.0,-35.875,288.125,NaN,NaN
2016-01-01T12:00:00Z,0.0,-35.875,292.125,NaN,NaN
2016-01-01T12:00:00Z,0.0,-35.875,296.125,NaN,NaN
2016-01-01T12:00:00Z,0.0,-35.875,300.125,NaN,NaN
2016-01-01T12:00:00Z,0.0,-35.875,304.125,23.84,3.35
2016-01-01T12:00:00Z,0.0,-35.875,308.125,22.77,1.72
2016-01-01T12:00:00Z,0.0,-35.875,312.125,21.75,1.39
2016-01-01T12:00:00Z,0.0,-35.875,316.125,19.54,-0.31
2016-01-01T12:00:00Z,0.0,-35.875,320.125,18.46,-0.9
2016-01-01T12:00:00Z,0.0,-35.875,324.125,18.63,-0.31
2016-01-01T12:00:00Z,0.0,-35.875,328.125,18.04,-0.54
2016-01-01T12:00:00Z,0.0,-35.875,332.125,17.33,-0.99
2016-01-01T12:00:00Z,0.0,-35.875,336.125,17.19,-1.0
2016-01-01T12:00:00Z,0.0,-35.875,340.125,17.37,-0.94
2016-01-01T12:00:00Z,0.0,-35.875,344.125,17.08,-1.27
2016-01-01T12:00:00Z,0.0,-35.875,348.125,17.72,-0.68
2016-01-01T12:00:00Z,0.0,-35.875,352.125,17.77,-0.42
2016-01-01T12:00:00Z,0.0,-35.875,356.125,18.31,0.18
2016-01-01T12:00:00Z,0.0,-31.875,0.125,21.31,0.62
2016-01-01T12:00:00Z,0.0,-31.875,4.125,22.42,2.06
2016-01-01T12:00:00Z,0.0,-31.875,8.125,22.46,2.52
2016-01-01T12:00:00Z,0.0,-31.875,12.125,20.73,1.0
2016-01-01T12:00:00Z,0.0,-31.875,16.125,21.16,2.3
2016-01-01T12:00:00Z,0.0,-31.875,20.125,NaN,NaN
2016-01-01T12:00:00Z,0.0,-31.875,24.125,NaN,NaN
2016-01-01T12:00:00Z,0.0,-31.875,28.125,NaN,NaN
2016-01-01T12:00:00Z,0.0,-31.875,32.125,24.59,0.81
2016-01-01T12:00:00Z,0.0,-31.875,36.125,24.33,0.87
2016-01-01T12:00:00Z,0.0,-31.875,40.125,23.75,0.54
2016-01-01T12:00:00Z,0.0,-31.875,44.125,22.88,0.21
2016-01-01T12:00:00Z,0.0,-31.875,48.125,23.15,0.56
2016-01-01T12:00:00Z,0.0,-31.875,52.125,22.71,0.5
2016-01-01T12:00:00Z,0.0,-31.875,56.125,23.28,1.32
2016-01-01T12:00:00Z,0.0,-31.875,60.125,24.61,2.79
2016-01-01T12:00:00Z,0.0,-31.875,64.125,24.35,2.5
2016-01-01T12:00:00Z,0.0,-31.875,68.125,24.29,2.53
2016-01-01T12:00:00Z,0.0,-31.875,72.125,23.69,2.0
2016-01-01T12:00:00Z,0.0,-31.875,76.125,21.89,0.46
2016-01-01T12:00:00Z,0.0,-31.875,80.125,22.13,0.89
2016-01-01T12:00:00Z,0.0,-31.875,84.125,21.7,0.74
2016-01-01T12:00:00Z,0.0,-31.875,88.125,22.36,1.77
2016-01-01T12:00:00Z,0.0,-31.875,92.125,20.44,0.23
2016-01-01T12:00:00Z,0.0,-31.875,96.125,21.3,1.44
2016-01-01T12:00:00Z,0.0,-31.875,100.125,19.97,0.39
2016-01-01T12:00:00Z,0.0,-31.875,104.125,20.46,0.91
2016-01-01T12:00:00Z,0.0,-31.875,108.125,19.5,-0.17
2016-01-01T12:00:00Z,0.0,-31.875,112.125,20.45,-0.11
2016-01-01T12:00:00Z,0.0,-31.875,116.125,NaN,NaN
2016-01-01T12:00:00Z,0.0,-31.875,120.125,NaN,NaN
2016-01-01T12:00:00Z,0.0,-31.875,124.125,NaN,NaN
2016-01-01T12:00:00Z,0.0,-31.875,128.125,NaN,NaN
2016-01-01T12:00:00Z,0.0,-31.875,132.125,20.58,0.7
2016-01-01T12:00:00Z,0.0,-31.875,136.125,NaN,NaN
2016-01-01T12:00:00Z,0.0,-31.875,140.125,NaN,NaN
2016-01-01T12:00:00Z,0.0,-31.875,144.125,NaN,NaN
2016-01-01T12:00:00Z,0.0,-31.875,148.125,NaN,NaN
2016-01-01T12:00:00Z,0.0,-31.875,152.125,NaN,NaN
2016-01-01T12:00:00Z,0.0,-31.875,156.125,22.19,-1.23
2016-01-01T12:00:00Z,0.0,-31.875,160.125,21.99,-0.67
2016-01-01T12:00:00Z,0.0,-31.875,164.125,22.84,0.89
2016-01-01T12:00:00Z,0.0,-31.875,168.125,22.05,0.83
2016-01-01T12:00:00Z,0.0,-31.875,172.125,21.12,-0.08
2016-01-01T12:00:00Z,0.0,-31.875,176.125,21.72,0.18
2016-01-01T12:00:00Z,0.0,-31.875,180.125,20.66,-0.71
2016-01-01T12:00:00Z,0.0,-31.875,184.125,20.36,-1.03
2016-01-01T12:00:00Z,0.0,-31.875,188.125,19.7,-1.51
2016-01-01T12:00:00Z,0.0,-31.875,192.125,20.63,-0.3
2016-01-01T12:00:00Z,0.0,-31.875,196.125,20.88,0.13
2016-01-01T12:00:00Z,0.0,-31.875,200.125,21.56,0.92
2016-01-01T12:00:00Z,0.0,-31.875,204.125,21.33,0.7
2016-01-01T12:00:00Z,0.0,-31.875,208.125,20.53,-0.06
2016-01-01T12:00:00Z,0.0,-31.875,212.125,20.32,-0.38
2016-01-01T12:00:00Z,0.0,-31.875,216.125,21.59,0.8
2016-01-01T12:00:00Z,0.0,-31.875,220.125,21.5,0.54
2016-01-01T12:00:00Z,0.0,-31.875,224.125,21.52,0.4
2016-01-01T12:00:00Z,0.0,-31.875,228.125,21.1,-0.23
2016-01-01T12:00:00Z,0.0,-31.875,232.125,21.22,-0.27
2016-01-01T12:00:00Z,0.0,-31.875,236.125,20.99,-0.75
2016-01-01T12:00:00Z,0.0,-31.875,240.125,20.95,-0.85
2016-01-01T12:00:00Z,0.0,-31.875,244.125,21.31,-0.48
2016-01-01T12:00:00Z,0.0,-31.875,248.125,21.5,-0.17
2016-01-01T12:00:00Z,0.0,-31.875,252.125,21.94,0.41
2016-01-01T12:00:00Z,0.0,-31.875,256.125,21.7,0.34
2016-01-01T12:00:00Z,0.0,-31.875,260.125,22.18,1.06
2016-01-01T12:00:00Z,0.0,-31.875,264.125,21.33,0.44
2016-01-01T12:00:00Z,0.0,-31.875,268.125,21.08,0.39
2016-01-01T12:00:00Z,0.0,-31.875,272.125,20.88,0.52
2016-01-01T12:00:00Z,0.0,-31.875,276.125,20.2,0.34
2016-01-01T12:00:00Z,0.0,-31.875,280.125,20.95,1.87
2016-01-01T12:00:00Z,0.0,-31.875,284.125,18.92,0.96
2016-01-01T12:00:00Z,0.0,-31.875,288.125,17.72,0.72
2016-01-01T12:00:00Z,0.0,-31.875,292.125,NaN,NaN
2016-01-01T12:00:00Z,0.0,-31.875,296.125,NaN,NaN
2016-01-01T12:00:00Z,0.0,-31.875,300.125,NaN,NaN
2016-01-01T12:00:00Z,0.0,-31.875,304.125,NaN,NaN
2016-01-01T12:00:00Z,0.0,-31.875,308.125,24.63,1.97
2016-01-01T12:00:00Z,0.0,-31.875,312.125,23.41,0.49
2016-01-01T12:00:00Z,0.0,-31.875,316.125,23.22,1.27
2016-01-01T12:00:00Z,0.0,-31.875,320.125,21.43,-0.14
2016-01-01T12:00:00Z,0.0,-31.875,324.125,22.98,1.56
2016-01-01T12:00:00Z,0.0,-31.875,328.125,22.3,0.91
2016-01-01T12:00:00Z,0.0,-31.875,332.125,20.74,-0.67
2016-01-01T12:00:00Z,0.0,-31.875,336.125,21.06,-0.5
2016-01-01T12:00:00Z,0.0,-31.875,340.125,20.98,-0.63
2016-01-01T12:00:00Z,0.0,-31.875,344.125,20.56,-1.0
2016-01-01T12:00:00Z,0.0,-31.875,348.125,21.87,0.31
2016-01-01T12:00:00Z,0.0,-31.875,352.125,21.88,0.53
2016-01-01T12:00:00Z,0.0,-31.875,356.125,21.53,0.6
2016-01-01T12:00:00Z,0.0,-27.875,0.125,23.4,1.65
2016-01-01T12:00:00Z,0.0,-27.875,4.125,22.04,0.99
2016-01-01T12:00:00Z,0.0,-27.875,8.125,21.29,0.93
2016-01-01T12:00:00Z,0.0,-27.875,12.125,20.67,1.05
2016-01-01T12:00:00Z,0.0,-27.875,16.125,NaN,NaN
2016-01-01T12:00:00Z,0.0,-27.875,20.125,NaN,NaN
2016-01-01T12:00:00Z,0.0,-27.875,24.125,NaN,NaN
2016-01-01T12:00:00Z,0.0,-27.875,28.125,NaN,NaN
2016-01-01T12:00:00Z,0.0,-27.875,32.125,NaN,NaN
2016-01-01T12:00:00Z,0.0,-27.875,36.125,25.67,0.03
2016-01-01T12:00:00Z,0.0,-27.875,40.125,26.1,0.67
2016-01-01T12:00:00Z,0.0,-27.875,44.125,25.49,0.15
2016-01-01T12:00:00Z,0.0,-27.875,48.125,25.94,0.91
2016-01-01T12:00:00Z,0.0,-27.875,52.125,26.77,1.69
2016-01-01T12:00:00Z,0.0,-27.875,56.125,26.31,1.6
2016-01-01T12:00:00Z,0.0,-27.875,60.125,26.91,2.37
2016-01-01T12:00:00Z,0.0,-27.875,64.125,25.62,1.26
2016-01-01T12:00:00Z,0.0,-27.875,68.125,28.44,4.24
2016-01-01T12:00:00Z,0.0,-27.875,72.125,26.25,2.26
2016-01-01T12:00:00Z,0.0,-27.875,76.125,25.98,2.33
2016-01-01T12:00:00Z,0.0,-27.875,80.125,23.79,0.46
2016-01-01T12:00:00Z,0.0,-27.875,84.125,24.61,1.62
2016-01-01T12:00:00Z,0.0,-27.875,88.125,23.07,0.55
2016-01-01T12:00:00Z,0.0,-27.875,92.125,22.98,0.91
2016-01-01T12:00:00Z,0.0,-27.875,96.125,22.05,0.26
2016-01-01T12:00:00Z,0.0,-27.875,100.125,22.82,1.26
2016-01-01T12:00:00Z,0.0,-27.875,104.125,20.73,-0.74
2016-01-01T12:00:00Z,0.0,-27.875,108.125,22.13,0.48
2016-01-01T12:00:00Z,0.0,-27.875,112.125,22.49,0.0
2016-01-01T12:00:00Z,0.0,-27.875,116.125,NaN,NaN
2016-01-01T12:00:00Z,0.0,-27.875,120.125,NaN,NaN
2016-01-01T12:00:00Z,0.0,-27.875,124.125,NaN,NaN
2016-01-01T12:00:00Z,0.0,-27.875,128.125,NaN,NaN
2016-01-01T12:00:00Z,0.0,-27.875,132.125,NaN,NaN
2016-01-01T12:00:00Z,0.0,-27.875,136.125,NaN,NaN
2016-01-01T12:00:00Z,0.0,-27.875,140.125,NaN,NaN
2016-01-01T12:00:00Z,0.0,-27.875,144.125,NaN,NaN
2016-01-01T12:00:00Z,0.0,-27.875,148.125,NaN,NaN
2016-01-01T12:00:00Z,0.0,-27.875,152.125,NaN,NaN
2016-01-01T12:00:00Z,0.0,-27.875,156.125,24.38,-0.39
2016-01-01T12:00:00Z,0.0,-27.875,160.125,24.01,0.05
2016-01-01T12:00:00Z,0.0,-27.875,164.125,23.48,-0.14
2016-01-01T12:00:00Z,0.0,-27.875,168.125,23.19,-0.19
2016-01-01T12:00:00Z,0.0,-27.875,172.125,23.16,-0.26
2016-01-01T12:00:00Z,0.0,-27.875,176.125,23.3,-0.31
2016-01-01T12:00:00Z,0.0,-27.875,180.125,23.02,-0.56
2016-01-01T12:00:00Z,0.0,-27.875,184.125,23.17,-0.27
2016-01-01T12:00:00Z,0.0,-27.875,188.125,23.28,-0.01
2016-01-01T12:00:00Z,0.0,-27.875,192.125,22.87,-0.22
2016-01-01T12:00:00Z,0.0,-27.875,196.125,23.33,0.24
2016-01-01T12:00:00Z,0.0,-27.875,200.125,22.55,-0.46
2016-01-01T12:00:00Z,0.0,-27.875,204.125,22.92,-0.05
2016-01-01T12:00:00Z,0.0,-27.875,208.125,23.73,0.66
2016-01-01T12:00:00Z,0.0,-27.875,212.125,22.89,-0.29
2016-01-01T12:00:00Z,0.0,-27.875,216.125,23.41,0.07
2016-01-01T12:00:00Z,0.0,-27.875,220.125,23.41,-0.2
2016-01-01T12:00:00Z,0.0,-27.875,224.125,23.62,-0.25
2016-01-01T12:00:00Z,0.0,-27.875,228.125,24.78,0.76
2016-01-01T12:00:00Z,0.0,-27.875,232.125,24.23,0.1
2016-01-01T12:00:00Z,0.0,-27.875,236.125,23.85,-0.35
2016-01-01T12:00:00Z,0.0,-27.875,240.125,23.34,-0.72
2016-01-01T12:00:00Z,0.0,-27.875,244.125,23.13,-0.8
2016-01-01T12:00:00Z,0.0,-27.875,248.125,23.16,-0.52
2016-01-01T12:00:00Z,0.0,-27.875,252.125,23.61,0.25
2016-01-01T12:00:00Z,0.0,-27.875,256.125,23.34,0.33
2016-01-01T12:00:00Z,0.0,-27.875,260.125,23.45,0.79
2016-01-01T12:00:00Z,0.0,-27.875,264.125,23.07,0.82
2016-01-01T12:00:00Z,0.0,-27.875,268.125,22.78,1.01
2016-01-01T12:00:00Z,0.0,-27.875,272.125,21.69,0.54
2016-01-01T12:00:00Z,0.0,-27.875,276.125,20.66,0.25
2016-01-01T12:00:00Z,0.0,-27.875,280.125,20.18,0.65
2016-01-01T12:00:00Z,0.0,-27.875,284.125,19.25,0.72
2016-01-01T12:00:00Z,0.0,-27.875,288.125,17.85,-0.36
2016-01-01T12:00:00Z,0.0,-27.875,292.125,NaN,NaN
2016-01-01T12:00:00Z,0.0,-27.875,296.125,NaN,NaN
2016-01-01T12:00:00Z,0.0,-27.875,300.125,NaN,NaN
2016-01-01T12:00:00Z,0.0,-27.875,304.125,NaN,NaN
2016-01-01T12:00:00Z,0.0,-27.875,308.125,NaN,NaN
2016-01-01T12:00:00Z,0.0,-27.875,312.125,26.29,1.5
2016-01-01T12:00:00Z,0.0,-27.875,316.125,27.04,2.7
2016-01-01T12:00:00Z,0.0,-27.875,320.125,26.04,2.12
2016-01-01T12:00:00Z,0.0,-27.875,324.125,26.13,2.24
2016-01-01T12:00:00Z,0.0,-27.875,328.125,26.19,2.29
2016-01-01T12:00:00Z,0.0,-27.875,332.125,24.49,0.46
2016-01-01T12:00:00Z,0.0,-27.875,336.125,24.36,0.32
2016-01-01T12:00:00Z,0.0,-27.875,340.125,24.8,0.85
2016-01-01T12:00:00Z,0.0,-27.875,344.125,23.96,0.21
2016-01-01T12:00:00Z,0.0,-27.875,348.125,23.49,0.09
2016-01-01T12:00:00Z,0.0,-27.875,352.125,23.9,0.93
2016-01-01T12:00:00Z,0.0,-27.875,356.125,23.3,0.93
2016-01-01T12:00:00Z,0.0,-23.875,0.125,22.54,0.74
2016-01-01T12:00:00Z,0.0,-23.875,4.125,21.35,0.24
2016-01-01T12:00:00Z,0.0,-23.875,8.125,21.05,0.53
2016-01-01T12:00:00Z,0.0,-23.875,12.125,19.18,0.47
2016-01-01T12:00:00Z,0.0,-23.875,16.125,NaN,NaN
2016-01-01T12:00:00Z,0.0,-23.875,20.125,NaN,NaN
2016-01-01T12:00:00Z,0.0,-23.875,24.125,NaN,NaN
2016-01-01T12:00:00Z,0.0,-23.875,28.125,NaN,NaN
2016-01-01T12:00:00Z,0.0,-23.875,32.125,NaN,NaN
2016-01-01T12:00:00Z,0.0,-23.875,36.125,27.24,-0.03
2016-01-01T12:00:00Z,0.0,-23.875,40.125,27.42,0.12
2016-01-01T12:00:00Z,0.0,-23.875,44.125,NaN,NaN
2016-01-01T12:00:00Z,0.0,-23.875,48.125,28.3,1.48
2016-01-01T12:00:00Z,0.0,-23.875,52.125,26.99,0.34
2016-01-01T12:00:00Z,0.0,-23.875,56.125,26.86,0.49
2016-01-01T12:00:00Z,0.0,-23.875,60.125,27.2,1.06
2016-01-01T12:00:00Z,0.0,-23.875,64.125,27.7,1.88
2016-01-01T12:00:00Z,0.0,-23.875,68.125,26.59,1.03
2016-01-01T12:00:00Z,0.0,-23.875,72.125,26.48,1.28
2016-01-01T12:00:00Z,0.0,-23.875,76.125,26.12,1.23
2016-01-01T12:00:00Z,0.0,-23.875,80.125,25.99,1.44
2016-01-01T12:00:00Z,0.0,-23.875,84.125,25.56,1.41
2016-01-01T12:00:00Z,0.0,-23.875,88.125,24.83,0.95
2016-01-01T12:00:00Z,0.0,-23.875,92.125,25.14,1.48
2016-01-01T12:00:00Z,0.0,-23.875,96.125,24.76,1.31
2016-01-01T12:00:00Z,0.0,-23.875,100.125,23.91,0.76
2016-01-01T12:00:00Z,0.0,-23.875,104.125,23.53,0.58
2016-01-01T12:00:00Z,0.0,-23.875,108.125,23.66,0.34
2016-01-01T12:00:00Z,0.0,-23.875,112.125,24.45,0.21
2016-01-01T12:00:00Z,0.0,-23.875,116.125,NaN,NaN
2016-01-01T12:00:00Z,0.0,-23.875,120.125,NaN,NaN
2016-01-01T12:00:00Z,0.0,-23.875,124.125,NaN,NaN
2016-01-01T12:00:00Z,0.0,-23.875,128.125,NaN,NaN
2016-01-01T12:00:00Z,0.0,-23.875,132.125,NaN,NaN
2016-01-01T12:00:00Z,0.0,-23.875,136.125,NaN,NaN
2016-01-01T12:00:00Z,0.0,-23.875,140.125,NaN,NaN
2016-01-01T12:00:00Z,0.0,-23.875,144.125,NaN,NaN
2016-01-01T12:00:00Z,0.0,-23.875,148.125,NaN,NaN
2016-01-01T12:00:00Z,0.0,-23.875,152.125,25.97,-0.81
2016-01-01T12:00:00Z,0.0,-23.875,156.125,25.5,-0.67
2016-01-01T12:00:00Z,0.0,-23.875,160.125,24.78,-0.71
2016-01-01T12:00:00Z,0.0,-23.875,164.125,24.46,-0.86
2016-01-01T12:00:00Z,0.0,-23.875,168.125,24.59,-0.78
2016-01-01T12:00:00Z,0.0,-23.875,172.125,25.43,-0.05
2016-01-01T12:00:00Z,0.0,-23.875,176.125,24.64,-0.84
2016-01-01T12:00:00Z,0.0,-23.875,180.125,25.12,-0.3
2016-01-01T12:00:00Z,0.0,-23.875,184.125,24.69,-0.66
2016-01-01T12:00:00Z,0.0,-23.875,188.125,24.23,-1.0
2016-01-01T12:00:00Z,0.0,-23.875,192.125,25.47,0.25
2016-01-01T12:00:00Z,0.0,-23.875,196.125,24.78,-0.45
2016-01-01T12:00:00Z,0.0,-23.875,200.125,24.02,-1.22
2016-01-01T12:00:00Z,0.0,-23.875,204.125,25.0,-0.2
2016-01-01T12:00:00Z,0.0,-23.875,208.125,24.69,-0.47
2016-01-01T12:00:00Z,0.0,-23.875,212.125,25.44,0.11
2016-01-01T12:00:00Z,0.0,-23.875,216.125,24.99,-0.57
2016-01-01T12:00:00Z,0.0,-23.875,220.125,25.33,-0.33
2016-01-01T12:00:00Z,0.0,-23.875,224.125,25.71,-0.09
2016-01-01T12:00:00Z,0.0,-23.875,228.125,25.54,-0.34
2016-01-01T12:00:00Z,0.0,-23.875,232.125,25.57,-0.22
2016-01-01T12:00:00Z,0.0,-23.875,236.125,25.31,-0.29
2016-01-01T12:00:00Z,0.0,-23.875,240.125,25.31,-0.02
2016-01-01T12:00:00Z,0.0,-23.875,244.125,25.13,0.16
2016-01-01T12:00:00Z,0.0,-23.875,248.125,24.91,0.36
2016-01-01T12:00:00Z,0.0,-23.875,252.125,24.44,0.32
2016-01-01T12:00:00Z,0.0,-23.875,256.125,24.17,0.53
2016-01-01T12:00:00Z,0.0,-23.875,260.125,23.68,0.55
2016-01-01T12:00:00Z,0.0,-23.875,264.125,23.13,0.59
2016-01-01T12:00:00Z,0.0,-23.875,268.125,22.35,0.45
2016-01-01T12:00:00Z,0.0,-23.875,272.125,21.42,0.19
2016-01-01T12:00:00Z,0.0,-23.875,276.125,20.48,-0.05
2016-01-01T12:00:00Z,0.0,-23.875,280.125,20.05,0.21
2016-01-01T12:00:00Z,0.0,-23.875,284.125,19.15,-0.23
2016-01-01T12:00:00Z,0.0,-23.875,288.125,20.48,0.12
2016-01-01T12:00:00Z,0.0,-23.875,292.125,NaN,NaN
2016-01-01T12:00:00Z,0.0,-23.875,296.125,NaN,NaN
2016-01-01T12:00:00Z,0.0,-23.875,300.125,NaN,NaN
2016-01-01T12:00:00Z,0.0,-23.875,304.125,NaN,NaN
2016-01-01T12:00:00Z,0.0,-23.875,308.125,NaN,NaN
2016-01-01T12:00:00Z,0.0,-23.875,312.125,NaN,NaN
2016-01-01T12:00:00Z,0.0,-23.875,316.125,27.42,2.35
2016-01-01T12:00:00Z,0.0,-23.875,320.125,26.97,1.47
2016-01-01T12:00:00Z,0.0,-23.875,324.125,27.04,1.38
2016-01-01T12:00:00Z,0.0,-23.875,328.125,27.18,1.46
2016-01-01T12:00:00Z,0.0,-23.875,332.125,26.7,1.07
2016-01-01T12:00:00Z,0.0,-23.875,336.125,25.95,0.48
2016-01-01T12:00:00Z,0.0,-23.875,340.125,25.74,0.68
2016-01-01T12:00:00Z,0.0,-23.875,344.125,25.44,0.93
2016-01-01T12:00:00Z,0.0,-23.875,348.125,25.58,1.66
2016-01-01T12:00:00Z,0.0,-23.875,352.125,24.93,1.65
2016-01-01T12:00:00Z,0.0,-23.875,356.125,23.66,1.14
2016-01-01T12:00:00Z,0.0,-19.875,0.125,21.85,0.17
2016-01-01T12:00:00Z,0.0,-19.875,4.125,21.67,0.33
2016-01-01T12:00:00Z,0.0,-19.875,8.125,21.38,0.7
2016-01-01T12:00:00Z,0.0,-19.875,12.125,20.05,1.39
2016-01-01T12:00:00Z,0.0,-19.875,16.125,NaN,NaN
2016-01-01T12:00:00Z,0.0,-19.875,20.125,NaN,NaN
2016-01-01T12:00:00Z,0.0,-19.875,24.125,NaN,NaN
2016-01-01T12:00:00Z,0.0,-19.875,28.125,NaN,NaN
2016-01-01T12:00:00Z,0.0,-19.875,32.125,NaN,NaN
2016-01-01T12:00:00Z,0.0,-19.875,36.125,28.51,0.58
2016-01-01T12:00:00Z,0.0,-19.875,40.125,28.83,0.46
2016-01-01T12:00:00Z,0.0,-19.875,44.125,30.16,1.53
2016-01-01T12:00:00Z,0.0,-19.875,48.125,NaN,NaN
2016-01-01T12:00:00Z,0.0,-19.875,52.125,28.13,0.63
2016-01-01T12:00:00Z,0.0,-19.875,56.125,27.82,0.71
2016-01-01T12:00:00Z,0.0,-19.875,60.125,27.54,0.71
2016-01-01T12:00:00Z,0.0,-19.875,64.125,27.65,1.13
2016-01-01T12:00:00Z,0.0,-19.875,68.125,27.33,1.02
2016-01-01T12:00:00Z,0.0,-19.875,72.125,26.16,0.09
2016-01-01T12:00:00Z,0.0,-19.875,76.125,26.37,0.51
2016-01-01T12:00:00Z,0.0,-19.875,80.125,26.14,0.52
2016-01-01T12:00:00Z,0.0,-19.875,84.125,26.22,0.66
2016-01-01T12:00:00Z,0.0,-19.875,88.125,26.41,0.99
2016-01-01T12:00:00Z,0.0,-19.875,92.125,27.28,1.94
2016-01-01T12:00:00Z,0.0,-19.875,96.125,26.26,1.24
2016-01-01T12:00:00Z,0.0,-19.875,100.125,25.53,0.87
2016-01-01T12:00:00Z,0.0,-19.875,104.125,24.99,0.32
2016-01-01T12:00:00Z,0.0,-19.875,108.125,25.46,0.42
2016-01-01T12:00:00Z,0.0,-19.875,112.125,26.23,0.05
2016-01-01T12:00:00Z,0.0,-19.875,116.125,25.82,-1.86
2016-01-01T12:00:00Z,0.0,-19.875,120.125,29.4,0.9
2016-01-01T12:00:00Z,0.0,-19.875,124.125,NaN,NaN
2016-01-01T12:00:00Z,0.0,-19.875,128.125,NaN,NaN
2016-01-01T12:00:00Z,0.0,-19.875,132.125,NaN,NaN
2016-01-01T12:00:00Z,0.0,-19.875,136.125,NaN,NaN
2016-01-01T12:00:00Z,0.0,-19.875,140.125,NaN,NaN
2016-01-01T12:00:00Z,0.0,-19.875,144.125,NaN,NaN
2016-01-01T12:00:00Z,0.0,-19.875,148.125,28.06,0.12
2016-01-01T12:00:00Z,0.0,-19.875,152.125,27.77,0.26
2016-01-01T12:00:00Z,0.0,-19.875,156.125,27.53,0.34
2016-01-01T12:00:00Z,0.0,-19.875,160.125,27.38,0.4
2016-01-01T12:00:00Z,0.0,-19.875,164.125,27.33,0.29
2016-01-01T12:00:00Z,0.0,-19.875,168.125,27.05,-0.14
2016-01-01T12:00:00Z,0.0,-19.875,172.125,26.95,-0.22
2016-01-01T12:00:00Z,0.0,-19.875,176.125,25.98,-1.29
2016-01-01T12:00:00Z,0.0,-19.875,180.125,26.83,-0.28
2016-01-01T12:00:00Z,0.0,-19.875,184.125,26.81,-0.25
2016-01-01T12:00:00Z,0.0,-19.875,188.125,27.09,-0.01
2016-01-01T12:00:00Z,0.0,-19.875,192.125,26.97,-0.15
2016-01-01T12:00:00Z,0.0,-19.875,196.125,26.39,-0.72
2016-01-01T12:00:00Z,0.0,-19.875,200.125,26.92,-0.1
2016-01-01T12:00:00Z,0.0,-19.875,204.125,26.92,-0.09
2016-01-01T12:00:00Z,0.0,-19.875,208.125,27.62,0.54
2016-01-01T12:00:00Z,0.0,-19.875,212.125,27.26,0.09
2016-01-01T12:00:00Z,0.0,-19.875,216.125,27.14,-0.06
2016-01-01T12:00:00Z,0.0,-19.875,220.125,27.05,-0.09
2016-01-01T12:00:00Z,0.0,-19.875,224.125,27.58,0.47
2016-01-01T12:00:00Z,0.0,-19.875,228.125,26.9,-0.03
2016-01-01T12:00:00Z,0.0,-19.875,232.125,26.69,0.07
2016-01-01T12:00:00Z,0.0,-19.875,236.125,26.55,0.24
2016-01-01T12:00:00Z,0.0,-19.875,240.125,26.69,0.79
2016-01-01T12:00:00Z,0.0,-19.875,244.125,25.97,0.57
2016-01-01T12:00:00Z,0.0,-19.875,248.125,25.35,0.49
2016-01-01T12:00:00Z,0.0,-19.875,252.125,24.66,0.39
2016-01-01T12:00:00Z,0.0,-19.875,256.125,24.05,0.39
2016-01-01T12:00:00Z,0.0,-19.875,260.125,22.96,-0.09
2016-01-01T12:00:00Z,0.0,-19.875,264.125,22.27,-0.16
2016-01-01T12:00:00Z,0.0,-19.875,268.125,21.27,-0.54
2016-01-01T12:00:00Z,0.0,-19.875,272.125,20.66,-0.48
2016-01-01T12:00:00Z,0.0,-19.875,276.125,20.27,-0.27
2016-01-01T12:00:00Z,0.0,-19.875,280.125,20.06,-0.12
2016-01-01T12:00:00Z,0.0,-19.875,284.125,20.27,-0.81
2016-01-01T12:00:00Z,0.0,-19.875,288.125,22.37,-0.14
2016-01-01T12:00:00Z,0.0,-19.875,292.125,NaN,NaN
2016-01-01T12:00:00Z,0.0,-19.875,296.125,NaN,NaN
2016-01-01T12:00:00Z,0.0,-19.875,300.125,NaN,NaN
2016-01-01T12:00:00Z,0.0,-19.875,304.125,NaN,NaN
2016-01-01T12:00:00Z,0.0,-19.875,308.125,NaN,NaN
2016-01-01T12:00:00Z,0.0,-19.875,312.125,NaN,NaN
2016-01-01T12:00:00Z,0.0,-19.875,316.125,NaN,NaN
2016-01-01T12:00:00Z,0.0,-19.875,320.125,27.11,1.03
2016-01-01T12:00:00Z,0.0,-19.875,324.125,27.87,1.2
2016-01-01T12:00:00Z,0.0,-19.875,328.125,27.52,1.02
2016-01-01T12:00:00Z,0.0,-19.875,332.125,27.04,0.93
2016-01-01T12:00:00Z,0.0,-19.875,336.125,26.17,0.61
2016-01-01T12:00:00Z,0.0,-19.875,340.125,25.72,0.82
2016-01-01T12:00:00Z,0.0,-19.875,344.125,24.86,0.7
2016-01-01T12:00:00Z,0.0,-19.875,348.125,24.27,0.88
2016-01-01T12:00:00Z,0.0,-19.875,352.125,23.57,0.85
2016-01-01T12:00:00Z,0.0,-19.875,356.125,22.86,0.71
2016-01-01T12:00:00Z,0.0,-15.875,0.125,22.7,0.56
2016-01-01T12:00:00Z,0.0,-15.875,4.125,22.67,0.62
2016-01-01T12:00:00Z,0.0,-15.875,8.125,22.58,0.88
2016-01-01T12:00:00Z,0.0,-15.875,12.125,NaN,NaN
2016-01-01T12:00:00Z,0.0,-15.875,16.125,NaN,NaN
2016-01-01T12:00:00Z,0.0,-15.875,20.125,NaN,NaN
2016-01-01T12:00:00Z,0.0,-15.875,24.125,NaN,NaN
2016-01-01T12:00:00Z,0.0,-15.875,28.125,NaN,NaN
2016-01-01T12:00:00Z,0.0,-15.875,32.125,NaN,NaN
2016-01-01T12:00:00Z,0.0,-15.875,36.125,NaN,NaN
2016-01-01T12:00:00Z,0.0,-15.875,40.125,NaN,NaN
2016-01-01T12:00:00Z,0.0,-15.875,44.125,29.87,1.02
2016-01-01T12:00:00Z,0.0,-15.875,48.125,NaN,NaN
2016-01-01T12:00:00Z,0.0,-15.875,52.125,28.95,1.06
2016-01-01T12:00:00Z,0.0,-15.875,56.125,28.13,0.46
2016-01-01T12:00:00Z,0.0,-15.875,60.125,27.78,0.33
2016-01-01T12:00:00Z,0.0,-15.875,64.125,27.88,0.57
2016-01-01T12:00:00Z,0.0,-15.875,68.125,27.64,0.44
2016-01-01T12:00:00Z,0.0,-15.875,72.125,28.3,1.17
2016-01-01T12:00:00Z,0.0,-15.875,76.125,28.5,1.32
2016-01-01T12:00:00Z,0.0,-15.875,80.125,27.96,0.74
2016-01-01T12:00:00Z,0.0,-15.875,84.125,28.44,1.28
2016-01-01T12:00:00Z,0.0,-15.875,88.125,28.09,1.02
2016-01-01T12:00:00Z,0.0,-15.875,92.125,27.35,0.53
2016-01-01T12:00:00Z,0.0,-15.875,96.125,27.51,0.95
2016-01-01T12:00:00Z,0.0,-15.875,100.125,27.62,1.31
2016-01-01T12:00:00Z,0.0,-15.875,104.125,27.33,0.73
2016-01-01T12:00:00Z,0.0,-15.875,108.125,27.22,0.11
2016-01-01T12:00:00Z,0.0,-15.875,112.125,27.98,0.27
2016-01-01T12:00:00Z,0.0,-15.875,116.125,28.51,0.02
2016-01-01T12:00:00Z,0.0,-15.875,120.125,28.95,-0.21
2016-01-01T12:00:00Z,0.0,-15.875,124.125,30.91,1.75
2016-01-01T12:00:00Z,0.0,-15.875,128.125,NaN,NaN
2016-01-01T12:00:00Z,0.0,-15.875,132.125,NaN,NaN
2016-01-01T12:00:00Z,0.0,-15.875,136.125,NaN,NaN
2016-01-01T12:00:00Z,0.0,-15.875,140.125,28.8,-1.17
2016-01-01T12:00:00Z,0.0,-15.875,144.125,NaN,NaN
2016-01-01T12:00:00Z,0.0,-15.875,148.125,28.23,-0.11
2016-01-01T12:00:00Z,0.0,-15.875,152.125,28.75,0.41
2016-01-01T12:00:00Z,0.0,-15.875,156.125,28.64,0.19
2016-01-01T12:00:00Z,0.0,-15.875,160.125,28.32,-0.08
2016-01-01T12:00:00Z,0.0,-15.875,164.125,29.01,0.58
2016-01-01T12:00:00Z,0.0,-15.875,168.125,29.01,0.51
2016-01-01T12:00:00Z,0.0,-15.875,172.125,28.57,0.04
2016-01-01T12:00:00Z,0.0,-15.875,176.125,28.28,-0.38
2016-01-01T12:00:00Z,0.0,-15.875,180.125,28.11,-0.35
2016-01-01T12:00:00Z,0.0,-15.875,184.125,28.98,0.51
2016-01-01T12:00:00Z,0.0,-15.875,188.125,28.48,0.0
2016-01-01T12:00:00Z,0.0,-15.875,192.125,27.95,-0.51
2016-01-01T12:00:00Z,0.0,-15.875,196.125,28.66,0.29
2016-01-01T12:00:00Z,0.0,-15.875,200.125,28.27,-0.05
2016-01-01T12:00:00Z,0.0,-15.875,204.125,29.1,0.81
2016-01-01T12:00:00Z,0.0,-15.875,208.125,29.52,1.27
2016-01-01T12:00:00Z,0.0,-15.875,212.125,29.28,1.12
2016-01-01T12:00:00Z,0.0,-15.875,216.125,28.47,0.34
2016-01-01T12:00:00Z,0.0,-15.875,220.125,28.54,0.54
2016-01-01T12:00:00Z,0.0,-15.875,224.125,28.47,0.69
2016-01-01T12:00:00Z,0.0,-15.875,228.125,28.42,0.96
2016-01-01T12:00:00Z,0.0,-15.875,232.125,27.77,0.7
2016-01-01T12:00:00Z,0.0,-15.875,236.125,27.68,1.06
2016-01-01T12:00:00Z,0.0,-15.875,240.125,26.82,0.72
2016-01-01T12:00:00Z,0.0,-15.875,244.125,26.02,0.46
2016-01-01T12:00:00Z,0.0,-15.875,248.125,25.56,0.58
2016-01-01T12:00:00Z,0.0,-15.875,252.125,24.62,0.25
2016-01-01T12:00:00Z,0.0,-15.875,256.125,23.44,-0.29
2016-01-01T12:00:00Z,0.0,-15.875,260.125,22.76,-0.34
2016-01-01T12:00:00Z,0.0,-15.875,264.125,22.54,0.05
2016-01-01T12:00:00Z,0.0,-15.875,268.125,21.57,-0.3
2016-01-01T12:00:00Z,0.0,-15.875,272.125,20.87,-0.5
2016-01-01T12:00:00Z,0.0,-15.875,276.125,20.39,-0.82
2016-01-01T12:00:00Z,0.0,-15.875,280.125,20.88,-0.79
2016-01-01T12:00:00Z,0.0,-15.875,284.125,21.98,0.56
2016-01-01T12:00:00Z,0.0,-15.875,288.125,NaN,NaN
2016-01-01T12:00:00Z,0.0,-15.875,292.125,NaN,NaN
2016-01-01T12:00:00Z,0.0,-15.875,296.125,NaN,NaN
2016-01-01T12:00:00Z,0.0,-15.875,300.125,NaN,NaN
2016-01-01T12:00:00Z,0.0,-15.875,304.125,NaN,NaN
2016-01-01T12:00:00Z,0.0,-15.875,308.125,NaN,NaN
2016-01-01T12:00:00Z,0.0,-15.875,312.125,NaN,NaN
2016-01-01T12:00:00Z,0.0,-15.875,316.125,NaN,NaN
2016-01-01T12:00:00Z,0.0,-15.875,320.125,NaN,NaN
2016-01-01T12:00:00Z,0.0,-15.875,324.125,28.12,0.83
2016-01-01T12:00:00Z,0.0,-15.875,328.125,27.48,0.55
2016-01-01T12:00:00Z,0.0,-15.875,332.125,26.68,0.44
2016-01-01T12:00:00Z,0.0,-15.875,336.125,25.63,0.22
2016-01-01T12:00:00Z,0.0,-15.875,340.125,24.99,0.39
2016-01-01T12:00:00Z,0.0,-15.875,344.125,24.04,0.25
2016-01-01T12:00:00Z,0.0,-15.875,348.125,23.49,0.34
2016-01-01T12:00:00Z,0.0,-15.875,352.125,23.13,0.51
2016-01-01T12:00:00Z,0.0,-15.875,356.125,22.44,0.17
2016-01-01T12:00:00Z,0.0,-11.875,0.125,24.25,0.83
2016-01-01T12:00:00Z,0.0,-11.875,4.125,24.71,1.08
2016-01-01T12:00:00Z,0.0,-11.875,8.125,25.95,1.24
2016-01-01T12:00:00Z,0.0,-11.875,12.125,28.4,2.54
2016-01-01T12:00:00Z,0.0,-11.875,16.125,NaN,NaN
2016-01-01T12:00:00Z,0.0,-11.875,20.125,NaN,NaN
2016-01-01T12:00:00Z,0.0,-11.875,24.125,NaN,NaN
2016-01-01T12:00:00Z,0.0,-11.875,28.125,NaN,NaN
2016-01-01T12:00:00Z,0.0,-11.875,32.125,NaN,NaN
2016-01-01T12:00:00Z,0.0,-11.875,36.125,NaN,NaN
2016-01-01T12:00:00Z,0.0,-11.875,40.125,NaN,NaN
2016-01-01T12:00:00Z,0.0,-11.875,44.125,29.95,1.52
2016-01-01T12:00:00Z,0.0,-11.875,48.125,29.25,1.04
2016-01-01T12:00:00Z,0.0,-11.875,52.125,29.2,1.03
2016-01-01T12:00:00Z,0.0,-11.875,56.125,28.44,0.27
2016-01-01T12:00:00Z,0.0,-11.875,60.125,28.67,0.5
2016-01-01T12:00:00Z,0.0,-11.875,64.125,28.41,0.31
2016-01-01T12:00:00Z,0.0,-11.875,68.125,28.85,0.82
2016-01-01T12:00:00Z,0.0,-11.875,72.125,29.82,1.74
2016-01-01T12:00:00Z,0.0,-11.875,76.125,29.72,1.58
2016-01-01T12:00:00Z,0.0,-11.875,80.125,28.86,0.7
2016-01-01T12:00:00Z,0.0,-11.875,84.125,28.49,0.42
2016-01-01T12:00:00Z,0.0,-11.875,88.125,28.05,0.21
2016-01-01T12:00:00Z,0.0,-11.875,92.125,28.51,0.8
2016-01-01T12:00:00Z,0.0,-11.875,96.125,28.8,1.22
2016-01-01T12:00:00Z,0.0,-11.875,100.125,28.49,0.82
2016-01-01T12:00:00Z,0.0,-11.875,104.125,28.94,1.0
2016-01-01T12:00:00Z,0.0,-11.875,108.125,29.34,1.1
2016-01-01T12:00:00Z,0.0,-11.875,112.125,30.05,1.32
2016-01-01T12:00:00Z,0.0,-11.875,116.125,29.87,0.73
2016-01-01T12:00:00Z,0.0,-11.875,120.125,29.67,0.17
2016-01-01T12:00:00Z,0.0,-11.875,124.125,29.28,-0.34
2016-01-01T12:00:00Z,0.0,-11.875,128.125,29.08,-0.68
2016-01-01T12:00:00Z,0.0,-11.875,132.125,29.19,-0.81
2016-01-01T12:00:00Z,0.0,-11.875,136.125,28.32,-1.37
2016-01-01T12:00:00Z,0.0,-11.875,140.125,28.99,-0.51
2016-01-01T12:00:00Z,0.0,-11.875,144.125,28.97,0.31
2016-01-01T12:00:00Z,0.0,-11.875,148.125,28.62,-0.15
2016-01-01T12:00:00Z,0.0,-11.875,152.125,28.79,-0.1
2016-01-01T12:00:00Z,0.0,-11.875,156.125,29.06,-0.18
2016-01-01T12:00:00Z,0.0,-11.875,160.125,29.59,0.33
2016-01-01T12:00:00Z,0.0,-11.875,164.125,29.28,0.08
2016-01-01T12:00:00Z,0.0,-11.875,168.125,29.09,-0.07
2016-01-01T12:00:00Z,0.0,-11.875,172.125,28.98,-0.22
2016-01-01T12:00:00Z,0.0,-11.875,176.125,29.32,0.07
2016-01-01T12:00:00Z,0.0,-11.875,180.125,29.5,0.28
2016-01-01T12:00:00Z,0.0,-11.875,184.125,29.28,0.13
2016-01-01T12:00:00Z,0.0,-11.875,188.125,29.5,0.44
2016-01-01T12:00:00Z,0.0,-11.875,192.125,29.25,0.22
2016-01-01T12:00:00Z,0.0,-11.875,196.125,29.89,0.94
2016-01-01T12:00:00Z,0.0,-11.875,200.125,29.69,0.82
2016-01-01T12:00:00Z,0.0,-11.875,204.125,30.82,2.02
2016-01-01T12:00:00Z,0.0,-11.875,208.125,31.0,2.33
2016-01-01T12:00:00Z,0.0,-11.875,212.125,30.04,1.5
2016-01-01T12:00:00Z,0.0,-11.875,216.125,29.45,1.07
2016-01-01T12:00:00Z,0.0,-11.875,220.125,29.12,0.99
2016-01-01T12:00:00Z,0.0,-11.875,224.125,28.65,0.86
2016-01-01T12:00:00Z,0.0,-11.875,228.125,28.58,1.16
2016-01-01T12:00:00Z,0.0,-11.875,232.125,28.24,1.2
2016-01-01T12:00:00Z,0.0,-11.875,236.125,27.66,1.05
2016-01-01T12:00:00Z,0.0,-11.875,240.125,27.03,0.88
2016-01-01T12:00:00Z,0.0,-11.875,244.125,26.27,0.61
2016-01-01T12:00:00Z,0.0,-11.875,248.125,25.41,0.3
2016-01-01T12:00:00Z,0.0,-11.875,252.125,24.82,0.26
2016-01-01T12:00:00Z,0.0,-11.875,256.125,24.46,0.44
2016-01-01T12:00:00Z,0.0,-11.875,260.125,23.82,0.33
2016-01-01T12:00:00Z,0.0,-11.875,264.125,23.43,0.37
2016-01-01T12:00:00Z,0.0,-11.875,268.125,22.89,0.11
2016-01-01T12:00:00Z,0.0,-11.875,272.125,22.33,-0.43
2016-01-01T12:00:00Z,0.0,-11.875,276.125,23.93,0.89
2016-01-01T12:00:00Z,0.0,-11.875,280.125,23.4,0.61
2016-01-01T12:00:00Z,0.0,-11.875,284.125,NaN,NaN
2016-01-01T12:00:00Z,0.0,-11.875,288.125,NaN,NaN
2016-01-01T12:00:00Z,0.0,-11.875,292.125,NaN,NaN
2016-01-01T12:00:00Z,0.0,-11.875,296.125,NaN,NaN
2016-01-01T12:00:00Z,0.0,-11.875,300.125,NaN,NaN
2016-01-01T12:00:00Z,0.0,-11.875,304.125,NaN,NaN
2016-01-01T12:00:00Z,0.0,-11.875,308.125,NaN,NaN
2016-01-01T12:00:00Z,0.0,-11.875,312.125,NaN,NaN
2016-01-01T12:00:00Z,0.0,-11.875,316.125,NaN,NaN
2016-01-01T12:00:00Z,0.0,-11.875,320.125,NaN,NaN
2016-01-01T12:00:00Z,0.0,-11.875,324.125,28.0,0.63
2016-01-01T12:00:00Z,0.0,-11.875,328.125,27.23,0.02
2016-01-01T12:00:00Z,0.0,-11.875,332.125,26.69,0.1
2016-01-01T12:00:00Z,0.0,-11.875,336.125,25.84,-0.09
2016-01-01T12:00:00Z,0.0,-11.875,340.125,25.15,-0.11
2016-01-01T12:00:00Z,0.0,-11.875,344.125,24.77,0.15
2016-01-01T12:00:00Z,0.0,-11.875,348.125,24.63,0.53
2016-01-01T12:00:00Z,0.0,-11.875,352.125,24.9,1.16
2016-01-01T12:00:00Z,0.0,-11.875,356.125,24.19,0.6
2016-01-01T12:00:00Z,0.0,-7.875,0.125,26.51,1.35
2016-01-01T12:00:00Z,0.0,-7.875,4.125,26.95,1.19
2016-01-01T12:00:00Z,0.0,-7.875,8.125,27.73,1.02
2016-01-01T12:00:00Z,0.0,-7.875,12.125,29.21,2.52
2016-01-01T12:00:00Z,0.0,-7.875,16.125,NaN,NaN
2016-01-01T12:00:00Z,0.0,-7.875,20.125,NaN,NaN
2016-01-01T12:00:00Z,0.0,-7.875,24.125,NaN,NaN
2016-01-01T12:00:00Z,0.0,-7.875,28.125,NaN,NaN
2016-01-01T12:00:00Z,0.0,-7.875,32.125,NaN,NaN
2016-01-01T12:00:00Z,0.0,-7.875,36.125,NaN,NaN
2016-01-01T12:00:00Z,0.0,-7.875,40.125,29.68,1.11
2016-01-01T12:00:00Z,0.0,-7.875,44.125,29.9,1.22
2016-01-01T12:00:00Z,0.0,-7.875,48.125,29.45,0.94
2016-01-01T12:00:00Z,0.0,-7.875,52.125,29.14,0.73
2016-01-01T12:00:00Z,0.0,-7.875,56.125,29.16,0.88
2016-01-01T12:00:00Z,0.0,-7.875,60.125,29.53,1.19
2016-01-01T12:00:00Z,0.0,-7.875,64.125,29.1,0.72
2016-01-01T12:00:00Z,0.0,-7.875,68.125,28.95,0.53
2016-01-01T12:00:00Z,0.0,-7.875,72.125,29.84,1.53
2016-01-01T12:00:00Z,0.0,-7.875,76.125,29.1,0.8
2016-01-01T12:00:00Z,0.0,-7.875,80.125,28.79,0.48
2016-01-01T12:00:00Z,0.0,-7.875,84.125,29.27,0.98
2016-01-01T12:00:00Z,0.0,-7.875,88.125,29.0,0.69
2016-01-01T12:00:00Z,0.0,-7.875,92.125,29.34,1.01
2016-01-01T12:00:00Z,0.0,-7.875,96.125,30.34,1.91
2016-01-01T12:00:00Z,0.0,-7.875,100.125,30.42,1.96
2016-01-01T12:00:00Z,0.0,-7.875,104.125,30.69,2.21
2016-01-01T12:00:00Z,0.0,-7.875,108.125,30.1,1.44
2016-01-01T12:00:00Z,0.0,-7.875,112.125,NaN,NaN
2016-01-01T12:00:00Z,0.0,-7.875,116.125,29.79,0.81
2016-01-01T12:00:00Z,0.0,-7.875,120.125,28.52,-0.46
2016-01-01T12:00:00Z,0.0,-7.875,124.125,28.27,-0.82
2016-01-01T12:00:00Z,0.0,-7.875,128.125,28.79,-0.55
2016-01-01T12:00:00Z,0.0,-7.875,132.125,29.15,-0.19
2016-01-01T12:00:00Z,0.0,-7.875,136.125,28.7,-0.57
2016-01-01T12:00:00Z,0.0,-7.875,140.125,NaN,NaN
2016-01-01T12:00:00Z,0.0,-7.875,144.125,29.86,0.87
2016-01-01T12:00:00Z,0.0,-7.875,148.125,29.98,0.49
2016-01-01T12:00:00Z,0.0,-7.875,152.125,29.15,-0.42
2016-01-01T12:00:00Z,0.0,-7.875,156.125,28.76,-0.96
2016-01-01T12:00:00Z,0.0,-7.875,160.125,28.82,-0.88
2016-01-01T12:00:00Z,0.0,-7.875,164.125,28.94,-0.65
2016-01-01T12:00:00Z,0.0,-7.875,168.125,29.01,-0.54
2016-01-01T12:00:00Z,0.0,-7.875,172.125,29.35,-0.16
2016-01-01T12:00:00Z,0.0,-7.875,176.125,29.11,-0.39
2016-01-01T12:00:00Z,0.0,-7.875,180.125,29.2,-0.23
2016-01-01T12:00:00Z,0.0,-7.875,184.125,29.68,0.36
2016-01-01T12:00:00Z,0.0,-7.875,188.125,30.23,1.04
2016-01-01T12:00:00Z,0.0,-7.875,192.125,29.87,0.81
2016-01-01T12:00:00Z,0.0,-7.875,196.125,30.84,1.93
2016-01-01T12:00:00Z,0.0,-7.875,200.125,30.35,1.57
2016-01-01T12:00:00Z,0.0,-7.875,204.125,30.76,2.18
2016-01-01T12:00:00Z,0.0,-7.875,208.125,30.2,1.86
2016-01-01T12:00:00Z,0.0,-7.875,212.125,29.97,1.88
2016-01-01T12:00:00Z,0.0,-7.875,216.125,29.38,1.53
2016-01-01T12:00:00Z,0.0,-7.875,220.125,28.86,1.28
2016-01-01T12:00:00Z,0.0,-7.875,224.125,28.99,1.74
2016-01-01T12:00:00Z,0.0,-7.875,228.125,27.79,0.83
2016-01-01T12:00:00Z,0.0,-7.875,232.125,27.96,1.37
2016-01-01T12:00:00Z,0.0,-7.875,236.125,27.68,1.47
2016-01-01T12:00:00Z,0.0,-7.875,240.125,27.24,1.4
2016-01-01T12:00:00Z,0.0,-7.875,244.125,26.91,1.41
2016-01-01T12:00:00Z,0.0,-7.875,248.125,26.54,1.4
2016-01-01T12:00:00Z,0.0,-7.875,252.125,26.47,1.68
2016-01-01T12:00:00Z,0.0,-7.875,256.125,26.09,1.63
2016-01-01T12:00:00Z,0.0,-7.875,260.125,25.56,1.32
2016-01-01T12:00:00Z,0.0,-7.875,264.125,25.08,0.97
2016-01-01T12:00:00Z,0.0,-7.875,268.125,25.4,1.35
2016-01-01T12:00:00Z,0.0,-7.875,272.125,25.18,1.06
2016-01-01T12:00:00Z,0.0,-7.875,276.125,24.57,0.71
2016-01-01T12:00:00Z,0.0,-7.875,280.125,22.7,1.37
2016-01-01T12:00:00Z,0.0,-7.875,284.125,NaN,NaN
2016-01-01T12:00:00Z,0.0,-7.875,288.125,NaN,NaN
2016-01-01T12:00:00Z,0.0,-7.875,292.125,NaN,NaN
2016-01-01T12:00:00Z,0.0,-7.875,296.125,NaN,NaN
2016-01-01T12:00:00Z,0.0,-7.875,300.125,NaN,NaN
2016-01-01T12:00:00Z,0.0,-7.875,304.125,NaN,NaN
2016-01-01T12:00:00Z,0.0,-7.875,308.125,NaN,NaN
2016-01-01T12:00:00Z,0.0,-7.875,312.125,NaN,NaN
2016-01-01T12:00:00Z,0.0,-7.875,316.125,NaN,NaN
2016-01-01T12:00:00Z,0.0,-7.875,320.125,NaN,NaN
2016-01-01T12:00:00Z,0.0,-7.875,324.125,NaN,NaN
2016-01-01T12:00:00Z,0.0,-7.875,328.125,27.26,-0.16
2016-01-01T12:00:00Z,0.0,-7.875,332.125,26.96,0.0
2016-01-01T12:00:00Z,0.0,-7.875,336.125,26.76,0.25
2016-01-01T12:00:00Z,0.0,-7.875,340.125,26.43,0.36
2016-01-01T12:00:00Z,0.0,-7.875,344.125,26.22,0.57
2016-01-01T12:00:00Z,0.0,-7.875,348.125,26.37,1.07
2016-01-01T12:00:00Z,0.0,-7.875,352.125,25.92,0.87
2016-01-01T12:00:00Z,0.0,-7.875,356.125,25.9,0.98
2016-01-01T12:00:00Z,0.0,-3.875,0.125,27.4,0.95
2016-01-01T12:00:00Z,0.0,-3.875,4.125,28.08,1.07
2016-01-01T12:00:00Z,0.0,-3.875,8.125,28.89,1.62
2016-01-01T12:00:00Z,0.0,-3.875,12.125,NaN,NaN
2016-01-01T12:00:00Z,0.0,-3.875,16.125,NaN,NaN
2016-01-01T12:00:00Z,0.0,-3.875,20.125,NaN,NaN
2016-01-01T12:00:00Z,0.0,-3.875,24.125,NaN,NaN
2016-01-01T12:00:00Z,0.0,-3.875,28.125,NaN,NaN
2016-01-01T12:00:00Z,0.0,-3.875,32.125,NaN,NaN
2016-01-01T12:00:00Z,0.0,-3.875,36.125,NaN,NaN
2016-01-01T12:00:00Z,0.0,-3.875,40.125,28.98,0.91
2016-01-01T12:00:00Z,0.0,-3.875,44.125,28.67,0.7
2016-01-01T12:00:00Z,0.0,-3.875,48.125,29.99,1.69
2016-01-01T12:00:00Z,0.0,-3.875,52.125,29.91,1.52
2016-01-01T12:00:00Z,0.0,-3.875,56.125,29.13,0.89
2016-01-01T12:00:00Z,0.0,-3.875,60.125,29.62,1.38
2016-01-01T12:00:00Z,0.0,-3.875,64.125,29.5,1.21
2016-01-01T12:00:00Z,0.0,-3.875,68.125,30.06,1.73
2016-01-01T12:00:00Z,0.0,-3.875,72.125,30.3,1.98
2016-01-01T12:00:00Z,0.0,-3.875,76.125,30.19,1.86
2016-01-01T12:00:00Z,0.0,-3.875,80.125,29.92,1.58
2016-01-01T12:00:00Z,0.0,-3.875,84.125,29.63,1.2
2016-01-01T12:00:00Z,0.0,-3.875,88.125,30.51,1.97
2016-01-01T12:00:00Z,0.0,-3.875,92.125,31.36,2.71
2016-01-01T12:00:00Z,0.0,-3.875,96.125,31.08,2.36
2016-01-01T12:00:00Z,0.0,-3.875,100.125,31.08,2.4
2016-01-01T12:00:00Z,0.0,-3.875,104.125,NaN,NaN
2016-01-01T12:00:00Z,0.0,-3.875,108.125,29.63,1.13
2016-01-01T12:00:00Z,0.0,-3.875,112.125,30.44,1.62
2016-01-01T12:00:00Z,0.0,-3.875,116.125,29.78,0.7
2016-01-01T12:00:00Z,0.0,-3.875,120.125,NaN,NaN
2016-01-01T12:00:00Z,0.0,-3.875,124.125,29.37,-0.01
2016-01-01T12:00:00Z,0.0,-3.875,128.125,29.4,0.19
2016-01-01T12:00:00Z,0.0,-3.875,132.125,28.99,-0.29
2016-01-01T12:00:00Z,0.0,-3.875,136.125,NaN,NaN
2016-01-01T12:00:00Z,0.0,-3.875,140.125,NaN,NaN
2016-01-01T12:00:00Z,0.0,-3.875,144.125,NaN,NaN
2016-01-01T12:00:00Z,0.0,-3.875,148.125,28.78,-0.53
2016-01-01T12:00:00Z,0.0,-3.875,152.125,28.08,-1.55
2016-01-01T12:00:00Z,0.0,-3.875,156.125,29.63,0.02
2016-01-01T12:00:00Z,0.0,-3.875,160.125,29.42,-0.16
2016-01-01T12:00:00Z,0.0,-3.875,164.125,29.5,0.04
2016-01-01T12:00:00Z,0.0,-3.875,168.125,29.51,0.09
2016-01-01T12:00:00Z,0.0,-3.875,172.125,29.84,0.49
2016-01-01T12:00:00Z,0.0,-3.875,176.125,29.97,0.75
2016-01-01T12:00:00Z,0.0,-3.875,180.125,29.82,0.71
2016-01-01T12:00:00Z,0.0,-3.875,184.125,30.18,1.27
2016-01-01T12:00:00Z,0.0,-3.875,188.125,29.89,1.24
2016-01-01T12:00:00Z,0.0,-3.875,192.125,30.22,1.82
2016-01-01T12:00:00Z,0.0,-3.875,196.125,29.89,1.78
2016-01-01T12:00:00Z,0.0,-3.875,200.125,30.11,2.23
2016-01-01T12:00:00Z,0.0,-3.875,204.125,30.04,2.43
2016-01-01T12:00:00Z,0.0,-3.875,208.125,29.61,2.26
2016-01-01T12:00:00Z,0.0,-3.875,212.125,29.4,2.27
2016-01-01T12:00:00Z,0.0,-3.875,216.125,29.12,2.23
2016-01-01T12:00:00Z,0.0,-3.875,220.125,28.67,2.02
2016-01-01T12:00:00Z,0.0,-3.875,224.125,28.38,2.0
2016-01-01T12:00:00Z,0.0,-3.875,228.125,27.76,1.64
2016-01-01T12:00:00Z,0.0,-3.875,232.125,27.71,1.9
2016-01-01T12:00:00Z,0.0,-3.875,236.125,27.36,1.86
2016-01-01T12:00:00Z,0.0,-3.875,240.125,27.04,1.83
2016-01-01T12:00:00Z,0.0,-3.875,244.125,26.79,1.88
2016-01-01T12:00:00Z,0.0,-3.875,248.125,26.81,2.13
2016-01-01T12:00:00Z,0.0,-3.875,252.125,26.99,2.52
2016-01-01T12:00:00Z,0.0,-3.875,256.125,26.62,2.29
2016-01-01T12:00:00Z,0.0,-3.875,260.125,26.41,2.23
2016-01-01T12:00:00Z,0.0,-3.875,264.125,26.63,2.47
2016-01-01T12:00:00Z,0.0,-3.875,268.125,26.64,2.37
2016-01-01T12:00:00Z,0.0,-3.875,272.125,26.67,2.39
2016-01-01T12:00:00Z,0.0,-3.875,276.125,25.86,2.95
2016-01-01T12:00:00Z,0.0,-3.875,280.125,NaN,NaN
2016-01-01T12:00:00Z,0.0,-3.875,284.125,NaN,NaN
2016-01-01T12:00:00Z,0.0,-3.875,288.125,NaN,NaN
2016-01-01T12:00:00Z,0.0,-3.875,292.125,NaN,NaN
2016-01-01T12:00:00Z,0.0,-3.875,296.125,NaN,NaN
2016-01-01T12:00:00Z,0.0,-3.875,300.125,NaN,NaN
2016-01-01T12:00:00Z,0.0,-3.875,304.125,NaN,NaN
2016-01-01T12:00:00Z,0.0,-3.875,308.125,NaN,NaN
2016-01-01T12:00:00Z,0.0,-3.875,312.125,NaN,NaN
2016-01-01T12:00:00Z,0.0,-3.875,316.125,NaN,NaN
2016-01-01T12:00:00Z,0.0,-3.875,320.125,NaN,NaN
2016-01-01T12:00:00Z,0.0,-3.875,324.125,27.68,0.28
2016-01-01T12:00:00Z,0.0,-3.875,328.125,27.24,0.01
2016-01-01T12:00:00Z,0.0,-3.875,332.125,27.16,0.18
2016-01-01T12:00:00Z,0.0,-3.875,336.125,27.01,0.29
2016-01-01T12:00:00Z,0.0,-3.875,340.125,26.46,0.02
2016-01-01T12:00:00Z,0.0,-3.875,344.125,26.74,0.51
2016-01-01T12:00:00Z,0.0,-3.875,348.125,26.75,0.65
2016-01-01T12:00:00Z,0.0,-3.875,352.125,26.42,0.31
2016-01-01T12:00:00Z,0.0,-3.875,356.125,26.81,0.59
2016-01-01T12:00:00Z,0.0,0.125,0.125,29.22,1.6
2016-01-01T12:00:00Z,0.0,0.125,4.125,28.99,1.12
2016-01-01T12:00:00Z,0.0,0.125,8.125,29.58,1.75
2016-01-01T12:00:00Z,0.0,0.125,12.125,NaN,NaN
2016-01-01T12:00:00Z,0.0,0.125,16.125,NaN,NaN
2016-01-01T12:00:00Z,0.0,0.125,20.125,NaN,NaN
2016-01-01T12:00:00Z,0.0,0.125,24.125,NaN,NaN
2016-01-01T12:00:00Z,0.0,0.125,28.125,NaN,NaN
2016-01-01T12:00:00Z,0.0,0.125,32.125,NaN,NaN
2016-01-01T12:00:00Z,0.0,0.125,36.125,NaN,NaN
2016-01-01T12:00:00Z,0.0,0.125,40.125,NaN,NaN
2016-01-01T12:00:00Z,0.0,0.125,44.125,28.05,1.31
2016-01-01T12:00:00Z,0.0,0.125,48.125,28.09,1.2
2016-01-01T12:00:00Z,0.0,0.125,52.125,27.71,0.47
2016-01-01T12:00:00Z,0.0,0.125,56.125,28.78,1.09
2016-01-01T12:00:00Z,0.0,0.125,60.125,29.17,1.12
2016-01-01T12:00:00Z,0.0,0.125,64.125,29.56,1.32
2016-01-01T12:00:00Z,0.0,0.125,68.125,29.37,1.06
2016-01-01T12:00:00Z,0.0,0.125,72.125,29.27,0.92
2016-01-01T12:00:00Z,0.0,0.125,76.125,29.47,1.04
2016-01-01T12:00:00Z,0.0,0.125,80.125,29.7,1.21
2016-01-01T12:00:00Z,0.0,0.125,84.125,29.77,1.21
2016-01-01T12:00:00Z,0.0,0.125,88.125,30.42,1.79
2016-01-01T12:00:00Z,0.0,0.125,92.125,30.42,1.69
2016-01-01T12:00:00Z,0.0,0.125,96.125,29.85,1.02
2016-01-01T12:00:00Z,0.0,0.125,100.125,NaN,NaN
2016-01-01T12:00:00Z,0.0,0.125,104.125,29.35,1.33
2016-01-01T12:00:00Z,0.0,0.125,108.125,29.63,1.47
2016-01-01T12:00:00Z,0.0,0.125,112.125,NaN,NaN
2016-01-01T12:00:00Z,0.0,0.125,116.125,NaN,NaN
2016-01-01T12:00:00Z,0.0,0.125,120.125,29.75,0.93
2016-01-01T12:00:00Z,0.0,0.125,124.125,28.92,0.03
2016-01-01T12:00:00Z,0.0,0.125,128.125,28.93,0.11
2016-01-01T12:00:00Z,0.0,0.125,132.125,29.37,0.41
2016-01-01T12:00:00Z,0.0,0.125,136.125,28.92,-0.1
2016-01-01T12:00:00Z,0.0,0.125,140.125,28.87,-0.25
2016-01-01T12:00:00Z,0.0,0.125,144.125,29.72,0.45
2016-01-01T12:00:00Z,0.0,0.125,148.125,29.59,0.16
2016-01-01T12:00:00Z,0.0,0.125,152.125,29.92,0.41
2016-01-01T12:00:00Z,0.0,0.125,156.125,29.26,-0.21
2016-01-01T12:00:00Z,0.0,0.125,160.125,29.54,0.19
2016-01-01T12:00:00Z,0.0,0.125,164.125,29.47,0.31
2016-01-01T12:00:00Z,0.0,0.125,168.125,29.3,0.31
2016-01-01T12:00:00Z,0.0,0.125,172.125,29.76,1.02
2016-01-01T12:00:00Z,0.0,0.125,176.125,29.75,1.22
2016-01-01T12:00:00Z,0.0,0.125,180.125,29.68,1.36
2016-01-01T12:00:00Z,0.0,0.125,184.125,30.35,2.26
2016-01-01T12:00:00Z,0.0,0.125,188.125,30.29,2.55
2016-01-01T12:00:00Z,0.0,0.125,192.125,29.83,2.41
2016-01-01T12:00:00Z,0.0,0.125,196.125,29.98,2.89
2016-01-01T12:00:00Z,0.0,0.125,200.125,29.22,2.45
2016-01-01T12:00:00Z,0.0,0.125,204.125,29.09,2.53
2016-01-01T12:00:00Z,0.0,0.125,208.125,28.91,2.63
2016-01-01T12:00:00Z,0.0,0.125,212.125,28.7,2.67
2016-01-01T12:00:00Z,0.0,0.125,216.125,28.41,2.58
2016-01-01T12:00:00Z,0.0,0.125,220.125,27.99,2.45
2016-01-01T12:00:00Z,0.0,0.125,224.125,27.93,2.6
2016-01-01T12:00:00Z,0.0,0.125,228.125,27.02,1.95
2016-01-01T12:00:00Z,0.0,0.125,232.125,27.59,2.8
2016-01-01T12:00:00Z,0.0,0.125,236.125,27.13,2.57
2016-01-01T12:00:00Z,0.0,0.125,240.125,27.07,2.77
2016-01-01T12:00:00Z,0.0,0.125,244.125,27.44,3.45
2016-01-01T12:00:00Z,0.0,0.125,248.125,26.51,2.74
2016-01-01T12:00:00Z,0.0,0.125,252.125,26.84,3.22
2016-01-01T12:00:00Z,0.0,0.125,256.125,26.42,2.77
2016-01-01T12:00:00Z,0.0,0.125,260.125,26.65,2.91
2016-01-01T12:00:00Z,0.0,0.125,264.125,27.56,3.75
2016-01-01T12:00:00Z,0.0,0.125,268.125,27.8,3.65
2016-01-01T12:00:00Z,0.0,0.125,272.125,27.5,2.64
2016-01-01T12:00:00Z,0.0,0.125,276.125,26.57,1.8
2016-01-01T12:00:00Z,0.0,0.125,280.125,NaN,NaN
2016-01-01T12:00:00Z,0.0,0.125,284.125,NaN,NaN
2016-01-01T12:00:00Z,0.0,0.125,288.125,NaN,NaN
2016-01-01T12:00:00Z,0.0,0.125,292.125,NaN,NaN
2016-01-01T12:00:00Z,0.0,0.125,296.125,NaN,NaN
2016-01-01T12:00:00Z,0.0,0.125,300.125,NaN,NaN
2016-01-01T12:00:00Z,0.0,0.125,304.125,NaN,NaN
2016-01-01T12:00:00Z,0.0,0.125,308.125,NaN,NaN
2016-01-01T12:00:00Z,0.0,0.125,312.125,28.44,0.4
2016-01-01T12:00:00Z,0.0,0.125,316.125,27.77,0.21
2016-01-01T12:00:00Z,0.0,0.125,320.125,27.11,-0.41
2016-01-01T12:00:00Z,0.0,0.125,324.125,27.43,0.03
2016-01-01T12:00:00Z,0.0,0.125,328.125,27.52,0.22
2016-01-01T12:00:00Z,0.0,0.125,332.125,27.15,0.05
2016-01-01T12:00:00Z,0.0,0.125,336.125,27.08,0.27
2016-01-01T12:00:00Z,0.0,0.125,340.125,27.33,0.78
2016-01-01T12:00:00Z,0.0,0.125,344.125,27.98,1.5
2016-01-01T12:00:00Z,0.0,0.125,348.125,27.99,1.38
2016-01-01T12:00:00Z,0.0,0.125,352.125,27.17,0.2
2016-01-01T12:00:00Z,0.0,0.125,356.125,27.13,-0.22
2016-01-01T12:00:00Z,0.0,4.125,0.125,29.69,1.55
2016-01-01T12:00:00Z,0.0,4.125,4.125,29.69,1.42
2016-01-01T12:00:00Z,0.0,4.125,8.125,29.52,1.42
2016-01-01T12:00:00Z,0.0,4.125,12.125,NaN,NaN
2016-01-01T12:00:00Z,0.0,4.125,16.125,NaN,NaN
2016-01-01T12:00:00Z,0.0,4.125,20.125,NaN,NaN
2016-01-01T12:00:00Z,0.0,4.125,24.125,NaN,NaN
2016-01-01T12:00:00Z,0.0,4.125,28.125,NaN,NaN
2016-01-01T12:00:00Z,0.0,4.125,32.125,NaN,NaN
2016-01-01T12:00:00Z,0.0,4.125,36.125,NaN,NaN
2016-01-01T12:00:00Z,0.0,4.125,40.125,NaN,NaN
2016-01-01T12:00:00Z,0.0,4.125,44.125,NaN,NaN
2016-01-01T12:00:00Z,0.0,4.125,48.125,27.22,0.49
2016-01-01T12:00:00Z,0.0,4.125,52.125,27.25,0.43
2016-01-01T12:00:00Z,0.0,4.125,56.125,27.65,0.29
2016-01-01T12:00:00Z,0.0,4.125,60.125,28.31,0.49
2016-01-01T12:00:00Z,0.0,4.125,64.125,28.42,0.19
2016-01-01T12:00:00Z,0.0,4.125,68.125,29.08,0.73
2016-01-01T12:00:00Z,0.0,4.125,72.125,28.67,0.5
2016-01-01T12:00:00Z,0.0,4.125,76.125,28.96,0.84
2016-01-01T12:00:00Z,0.0,4.125,80.125,28.79,0.62
2016-01-01T12:00:00Z,0.0,4.125,84.125,29.66,1.3
2016-01-01T12:00:00Z,0.0,4.125,88.125,29.71,1.31
2016-01-01T12:00:00Z,0.0,4.125,92.125,29.61,1.13
2016-01-01T12:00:00Z,0.0,4.125,96.125,29.48,0.8
2016-01-01T12:00:00Z,0.0,4.125,100.125,29.74,1.21
2016-01-01T12:00:00Z,0.0,4.125,104.125,28.6,1.42
2016-01-01T12:00:00Z,0.0,4.125,108.125,28.16,1.14
2016-01-01T12:00:00Z,0.0,4.125,112.125,28.13,0.31
2016-01-01T12:00:00Z,0.0,4.125,116.125,NaN,NaN
2016-01-01T12:00:00Z,0.0,4.125,120.125,29.0,0.52
2016-01-01T12:00:00Z,0.0,4.125,124.125,28.14,-0.34
2016-01-01T12:00:00Z,0.0,4.125,128.125,28.14,-0.23
2016-01-01T12:00:00Z,0.0,4.125,132.125,28.01,-0.62
2016-01-01T12:00:00Z,0.0,4.125,136.125,28.07,-0.72
2016-01-01T12:00:00Z,0.0,4.125,140.125,28.19,-0.75
2016-01-01T12:00:00Z,0.0,4.125,144.125,28.79,-0.32
2016-01-01T12:00:00Z,0.0,4.125,148.125,28.7,-0.49
2016-01-01T12:00:00Z,0.0,4.125,152.125,29.21,0.04
2016-01-01T12:00:00Z,0.0,4.125,156.125,29.21,0.1
2016-01-01T12:00:00Z,0.0,4.125,160.125,29.25,0.21
2016-01-01T12:00:00Z,0.0,4.125,164.125,29.08,0.13
2016-01-01T12:00:00Z,0.0,4.125,168.125,29.61,0.75
2016-01-01T12:00:00Z,0.0,4.125,172.125,29.33,0.62
2016-01-01T12:00:00Z,0.0,4.125,176.125,29.51,0.94
2016-01-01T12:00:00Z,0.0,4.125,180.125,29.47,0.95
2016-01-01T12:00:00Z,0.0,4.125,184.125,28.99,0.61
2016-01-01T12:00:00Z,0.0,4.125,188.125,29.35,1.16
2016-01-01T12:00:00Z,0.0,4.125,192.125,29.48,1.49
2016-01-01T12:00:00Z,0.0,4.125,196.125,28.58,0.82
2016-01-01T12:00:00Z,0.0,4.125,200.125,29.55,2.01
2016-01-01T12:00:00Z,0.0,4.125,204.125,28.98,1.65
2016-01-01T12:00:00Z,0.0,4.125,208.125,28.87,1.77
2016-01-01T12:00:00Z,0.0,4.125,212.125,28.91,1.96
2016-01-01T12:00:00Z,0.0,4.125,216.125,28.83,1.96
2016-01-01T12:00:00Z,0.0,4.125,220.125,28.69,1.95
2016-01-01T12:00:00Z,0.0,4.125,224.125,27.94,1.25
2016-01-01T12:00:00Z,0.0,4.125,228.125,28.38,1.79
2016-01-01T12:00:00Z,0.0,4.125,232.125,28.31,1.74
2016-01-01T12:00:00Z,0.0,4.125,236.125,28.31,1.86
2016-01-01T12:00:00Z,0.0,4.125,240.125,28.53,2.12
2016-01-01T12:00:00Z,0.0,4.125,244.125,28.41,2.15
2016-01-01T12:00:00Z,0.0,4.125,248.125,28.88,2.62
2016-01-01T12:00:00Z,0.0,4.125,252.125,27.86,1.49
2016-01-01T12:00:00Z,0.0,4.125,256.125,27.96,1.46
2016-01-01T12:00:00Z,0.0,4.125,260.125,28.7,2.07
2016-01-01T12:00:00Z,0.0,4.125,264.125,28.79,2.0
2016-01-01T12:00:00Z,0.0,4.125,268.125,29.2,2.17
2016-01-01T12:00:00Z,0.0,4.125,272.125,29.6,2.31
2016-01-01T12:00:00Z,0.0,4.125,276.125,29.84,2.41
2016-01-01T12:00:00Z,0.0,4.125,280.125,28.84,2.05
2016-01-01T12:00:00Z,0.0,4.125,284.125,NaN,NaN
2016-01-01T12:00:00Z,0.0,4.125,288.125,NaN,NaN
2016-01-01T12:00:00Z,0.0,4.125,292.125,NaN,NaN
2016-01-01T12:00:00Z,0.0,4.125,296.125,NaN,NaN
2016-01-01T12:00:00Z,0.0,4.125,300.125,NaN,NaN
2016-01-01T12:00:00Z,0.0,4.125,304.125,NaN,NaN
2016-01-01T12:00:00Z,0.0,4.125,308.125,NaN,NaN
2016-01-01T12:00:00Z,0.0,4.125,312.125,27.34,-0.05
2016-01-01T12:00:00Z,0.0,4.125,316.125,27.93,0.42
2016-01-01T12:00:00Z,0.0,4.125,320.125,27.96,0.42
2016-01-01T12:00:00Z,0.0,4.125,324.125,28.09,0.53
2016-01-01T12:00:00Z,0.0,4.125,328.125,27.71,0.18
2016-01-01T12:00:00Z,0.0,4.125,332.125,27.82,0.32
2016-01-01T12:00:00Z,0.0,4.125,336.125,28.19,0.62
2016-01-01T12:00:00Z,0.0,4.125,340.125,28.38,0.57
2016-01-01T12:00:00Z,0.0,4.125,344.125,29.25,1.06
2016-01-01T12:00:00Z,0.0,4.125,348.125,29.99,1.63
2016-01-01T12:00:00Z,0.0,4.125,352.125,29.18,0.96
2016-01-01T12:00:00Z,0.0,4.125,356.125,29.4,1.26
2016-01-01T12:00:00Z,0.0,8.125,0.125,NaN,NaN
2016-01-01T12:00:00Z,0.0,8.125,4.125,NaN,NaN
2016-01-01T12:00:00Z,0.0,8.125,8.125,NaN,NaN
2016-01-01T12:00:00Z,0.0,8.125,12.125,NaN,NaN
2016-01-01T12:00:00Z,0.0,8.125,16.125,NaN,NaN
2016-01-01T12:00:00Z,0.0,8.125,20.125,NaN,NaN
2016-01-01T12:00:00Z,0.0,8.125,24.125,NaN,NaN
2016-01-01T12:00:00Z,0.0,8.125,28.125,NaN,NaN
2016-01-01T12:00:00Z,0.0,8.125,32.125,NaN,NaN
2016-01-01T12:00:00Z,0.0,8.125,36.125,NaN,NaN
2016-01-01T12:00:00Z,0.0,8.125,40.125,NaN,NaN
2016-01-01T12:00:00Z,0.0,8.125,44.125,NaN,NaN
2016-01-01T12:00:00Z,0.0,8.125,48.125,NaN,NaN
2016-01-01T12:00:00Z,0.0,8.125,52.125,27.43,0.85
2016-01-01T12:00:00Z,0.0,8.125,56.125,28.14,1.08
2016-01-01T12:00:00Z,0.0,8.125,60.125,28.91,1.38
2016-01-01T12:00:00Z,0.0,8.125,64.125,28.96,1.01
2016-01-01T12:00:00Z,0.0,8.125,68.125,28.67,0.39
2016-01-01T12:00:00Z,0.0,8.125,72.125,28.68,0.35
2016-01-01T12:00:00Z,0.0,8.125,76.125,28.88,0.8
2016-01-01T12:00:00Z,0.0,8.125,80.125,NaN,NaN
2016-01-01T12:00:00Z,0.0,8.125,84.125,28.92,1.19
2016-01-01T12:00:00Z,0.0,8.125,88.125,28.84,0.89
2016-01-01T12:00:00Z,0.0,8.125,92.125,28.97,1.01
2016-01-01T12:00:00Z,0.0,8.125,96.125,29.13,1.03
2016-01-01T12:00:00Z,0.0,8.125,100.125,NaN,NaN
2016-01-01T12:00:00Z,0.0,8.125,104.125,27.54,0.56
2016-01-01T12:00:00Z,0.0,8.125,108.125,27.33,1.4
2016-01-01T12:00:00Z,0.0,8.125,112.125,27.99,0.66
2016-01-01T12:00:00Z,0.0,8.125,116.125,28.19,0.2
2016-01-01T12:00:00Z,0.0,8.125,120.125,27.65,-0.23
2016-01-01T12:00:00Z,0.0,8.125,124.125,NaN,NaN
2016-01-01T12:00:00Z,0.0,8.125,128.125,28.04,-0.3
2016-01-01T12:00:00Z,0.0,8.125,132.125,28.17,-0.37
2016-01-01T12:00:00Z,0.0,8.125,136.125,27.7,-0.88
2016-01-01T12:00:00Z,0.0,8.125,140.125,28.07,-0.52
2016-01-01T12:00:00Z,0.0,8.125,144.125,28.29,-0.35
2016-01-01T12:00:00Z,0.0,8.125,148.125,28.03,-0.6
2016-01-01T12:00:00Z,0.0,8.125,152.125,28.32,-0.28
2016-01-01T12:00:00Z,0.0,8.125,156.125,27.78,-0.74
2016-01-01T12:00:00Z,0.0,8.125,160.125,28.76,0.34
2016-01-01T12:00:00Z,0.0,8.125,164.125,28.86,0.5
2016-01-01T12:00:00Z,0.0,8.125,168.125,28.44,0.25
2016-01-01T12:00:00Z,0.0,8.125,172.125,28.44,0.37
2016-01-01T12:00:00Z,0.0,8.125,176.125,27.82,-0.26
2016-01-01T12:00:00Z,0.0,8.125,180.125,27.89,-0.15
2016-01-01T12:00:00Z,0.0,8.125,184.125,27.93,-0.05
2016-01-01T12:00:00Z,0.0,8.125,188.125,28.48,0.55
2016-01-01T12:00:00Z,0.0,8.125,192.125,27.95,0.19
2016-01-01T12:00:00Z,0.0,8.125,196.125,28.41,0.65
2016-01-01T12:00:00Z,0.0,8.125,200.125,27.52,-0.16
2016-01-01T12:00:00Z,0.0,8.125,204.125,27.42,-0.13
2016-01-01T12:00:00Z,0.0,8.125,208.125,26.96,-0.47
2016-01-01T12:00:00Z,0.0,8.125,212.125,27.41,0.1
2016-01-01T12:00:00Z,0.0,8.125,216.125,27.41,0.11
2016-01-01T12:00:00Z,0.0,8.125,220.125,26.55,-0.66
2016-01-01T12:00:00Z,0.0,8.125,224.125,27.86,0.71
2016-01-01T12:00:00Z,0.0,8.125,228.125,27.81,0.73
2016-01-01T12:00:00Z,0.0,8.125,232.125,28.45,1.31
2016-01-01T12:00:00Z,0.0,8.125,236.125,28.55,1.38
2016-01-01T12:00:00Z,0.0,8.125,240.125,28.61,1.26
2016-01-01T12:00:00Z,0.0,8.125,244.125,28.85,1.44
2016-01-01T12:00:00Z,0.0,8.125,248.125,29.16,1.76
2016-01-01T12:00:00Z,0.0,8.125,252.125,29.32,1.99
2016-01-01T12:00:00Z,0.0,8.125,256.125,29.18,1.96
2016-01-01T12:00:00Z,0.0,8.125,260.125,29.2,2.13
2016-01-01T12:00:00Z,0.0,8.125,264.125,28.92,1.86
2016-01-01T12:00:00Z,0.0,8.125,268.125,28.98,2.54
2016-01-01T12:00:00Z,0.0,8.125,272.125,29.44,2.64
2016-01-01T12:00:00Z,0.0,8.125,276.125,30.41,2.13
2016-01-01T12:00:00Z,0.0,8.125,280.125,28.96,1.62
2016-01-01T12:00:00Z,0.0,8.125,284.125,NaN,NaN
2016-01-01T12:00:00Z,0.0,8.125,288.125,NaN,NaN
2016-01-01T12:00:00Z,0.0,8.125,292.125,NaN,NaN
2016-01-01T12:00:00Z,0.0,8.125,296.125,NaN,NaN
2016-01-01T12:00:00Z,0.0,8.125,300.125,NaN,NaN
2016-01-01T12:00:00Z,0.0,8.125,304.125,27.14,0.1
2016-01-01T12:00:00Z,0.0,8.125,308.125,27.32,0.16
2016-01-01T12:00:00Z,0.0,8.125,312.125,26.73,-0.25
2016-01-01T12:00:00Z,0.0,8.125,316.125,26.04,-0.68
2016-01-01T12:00:00Z,0.0,8.125,320.125,26.54,0.02
2016-01-01T12:00:00Z,0.0,8.125,324.125,27.5,0.86
2016-01-01T12:00:00Z,0.0,8.125,328.125,26.69,-0.05
2016-01-01T12:00:00Z,0.0,8.125,332.125,27.14,0.55
2016-01-01T12:00:00Z,0.0,8.125,336.125,26.53,-0.07
2016-01-01T12:00:00Z,0.0,8.125,340.125,28.05,0.82
2016-01-01T12:00:00Z,0.0,8.125,344.125,28.57,0.67
2016-01-01T12:00:00Z,0.0,8.125,348.125,NaN,NaN
2016-01-01T12:00:00Z,0.0,8.125,352.125,NaN,NaN
2016-01-01T12:00:00Z,0.0,8.125,356.125,NaN,NaN
2016-01-01T12:00:00Z,0.0,12.125,0.125,NaN,NaN
2016-01-01T12:00:00Z,0.0,12.125,4.125,NaN,NaN
2016-01-01T12:00:00Z,0.0,12.125,8.125,NaN,NaN
2016-01-01T12:00:00Z,0.0,12.125,12.125,NaN,NaN
2016-01-01T12:00:00Z,0.0,12.125,16.125,NaN,NaN
2016-01-01T12:00:00Z,0.0,12.125,20.125,NaN,NaN
2016-01-01T12:00:00Z,0.0,12.125,24.125,NaN,NaN
2016-01-01T12:00:00Z,0.0,12.125,28.125,NaN,NaN
2016-01-01T12:00:00Z,0.0,12.125,32.125,NaN,NaN
2016-01-01T12:00:00Z,0.0,12.125,36.125,NaN,NaN
2016-01-01T12:00:00Z,0.0,12.125,40.125,NaN,NaN
2016-01-01T12:00:00Z,0.0,12.125,44.125,27.49,1.21
2016-01-01T12:00:00Z,0.0,12.125,48.125,26.97,1.13
2016-01-01T12:00:00Z,0.0,12.125,52.125,27.44,1.39
2016-01-01T12:00:00Z,0.0,12.125,56.125,26.98,0.78
2016-01-01T12:00:00Z,0.0,12.125,60.125,27.46,1.01
2016-01-01T12:00:00Z,0.0,12.125,64.125,27.73,0.87
2016-01-01T12:00:00Z,0.0,12.125,68.125,28.68,1.08
2016-01-01T12:00:00Z,0.0,12.125,72.125,29.02,0.82
2016-01-01T12:00:00Z,0.0,12.125,76.125,NaN,NaN
2016-01-01T12:00:00Z,0.0,12.125,80.125,27.84,0.79
2016-01-01T12:00:00Z,0.0,12.125,84.125,28.53,1.32
2016-01-01T12:00:00Z,0.0,12.125,88.125,28.53,1.07
2016-01-01T12:00:00Z,0.0,12.125,92.125,28.65,1.0
2016-01-01T12:00:00Z,0.0,12.125,96.125,28.94,1.07
2016-01-01T12:00:00Z,0.0,12.125,100.125,29.01,1.24
2016-01-01T12:00:00Z,0.0,12.125,104.125,NaN,NaN
2016-01-01T12:00:00Z,0.0,12.125,108.125,NaN,NaN
2016-01-01T12:00:00Z,0.0,12.125,112.125,27.07,0.5
2016-01-01T12:00:00Z,0.0,12.125,116.125,26.93,-0.62
2016-01-01T12:00:00Z,0.0,12.125,120.125,27.4,-0.16
2016-01-01T12:00:00Z,0.0,12.125,124.125,26.25,-1.03
2016-01-01T12:00:00Z,0.0,12.125,128.125,28.17,0.15
2016-01-01T12:00:00Z,0.0,12.125,132.125,27.84,-0.3
2016-01-01T12:00:00Z,0.0,12.125,136.125,27.81,-0.37
2016-01-01T12:00:00Z,0.0,12.125,140.125,27.72,-0.45
2016-01-01T12:00:00Z,0.0,12.125,144.125,27.63,-0.5
2016-01-01T12:00:00Z,0.0,12.125,148.125,27.54,-0.55
2016-01-01T12:00:00Z,0.0,12.125,152.125,27.46,-0.54
2016-01-01T12:00:00Z,0.0,12.125,156.125,27.47,-0.4
2016-01-01T12:00:00Z,0.0,12.125,160.125,27.79,0.04
2016-01-01T12:00:00Z,0.0,12.125,164.125,27.6,0.02
2016-01-01T12:00:00Z,0.0,12.125,168.125,27.62,0.19
2016-01-01T12:00:00Z,0.0,12.125,172.125,27.76,0.42
2016-01-01T12:00:00Z,0.0,12.125,176.125,27.1,-0.11
2016-01-01T12:00:00Z,0.0,12.125,180.125,27.27,0.23
2016-01-01T12:00:00Z,0.0,12.125,184.125,26.77,-0.15
2016-01-01T12:00:00Z,0.0,12.125,188.125,26.75,-0.03
2016-01-01T12:00:00Z,0.0,12.125,192.125,26.71,0.11
2016-01-01T12:00:00Z,0.0,12.125,196.125,26.39,-0.15
2016-01-01T12:00:00Z,0.0,12.125,200.125,25.92,-0.49
2016-01-01T12:00:00Z,0.0,12.125,204.125,25.89,-0.33
2016-01-01T12:00:00Z,0.0,12.125,208.125,25.8,-0.23
2016-01-01T12:00:00Z,0.0,12.125,212.125,25.86,0.08
2016-01-01T12:00:00Z,0.0,12.125,216.125,25.63,0.04
2016-01-01T12:00:00Z,0.0,12.125,220.125,25.73,0.18
2016-01-01T12:00:00Z,0.0,12.125,224.125,25.35,-0.16
2016-01-01T12:00:00Z,0.0,12.125,228.125,25.7,0.17
2016-01-01T12:00:00Z,0.0,12.125,232.125,27.21,1.48
2016-01-01T12:00:00Z,0.0,12.125,236.125,28.24,2.17
2016-01-01T12:00:00Z,0.0,12.125,240.125,28.03,1.43
2016-01-01T12:00:00Z,0.0,12.125,244.125,28.26,1.18
2016-01-01T12:00:00Z,0.0,12.125,248.125,28.44,1.0
2016-01-01T12:00:00Z,0.0,12.125,252.125,29.56,1.8
2016-01-01T12:00:00Z,0.0,12.125,256.125,29.58,1.55
2016-01-01T12:00:00Z,0.0,12.125,260.125,28.89,0.94
2016-01-01T12:00:00Z,0.0,12.125,264.125,29.03,2.05
2016-01-01T12:00:00Z,0.0,12.125,268.125,28.94,0.85
2016-01-01T12:00:00Z,0.0,12.125,272.125,29.36,2.09
2016-01-01T12:00:00Z,0.0,12.125,276.125,NaN,NaN
2016-01-01T12:00:00Z,0.0,12.125,280.125,28.23,0.91
2016-01-01T12:00:00Z,0.0,12.125,284.125,27.51,0.62
2016-01-01T12:00:00Z,0.0,12.125,288.125,NaN,NaN
2016-01-01T12:00:00Z,0.0,12.125,292.125,26.55,-0.3
2016-01-01T12:00:00Z,0.0,12.125,296.125,27.25,0.47
2016-01-01T12:00:00Z,0.0,12.125,300.125,27.24,0.07
2016-01-01T12:00:00Z,0.0,12.125,304.125,27.19,0.12
2016-01-01T12:00:00Z,0.0,12.125,308.125,26.83,-0.05
2016-01-01T12:00:00Z,0.0,12.125,312.125,27.05,0.44
2016-01-01T12:00:00Z,0.0,12.125,316.125,26.54,0.3
2016-01-01T12:00:00Z,0.0,12.125,320.125,26.23,0.23
2016-01-01T12:00:00Z,0.0,12.125,324.125,26.13,0.38
2016-01-01T12:00:00Z,0.0,12.125,328.125,25.66,0.15
2016-01-01T12:00:00Z,0.0,12.125,332.125,26.32,1.02
2016-01-01T12:00:00Z,0.0,12.125,336.125,25.6,0.55
2016-01-01T12:00:00Z,0.0,12.125,340.125,24.7,-0.43
2016-01-01T12:00:00Z,0.0,12.125,344.125,NaN,NaN
2016-01-01T12:00:00Z,0.0,12.125,348.125,NaN,NaN
2016-01-01T12:00:00Z,0.0,12.125,352.125,NaN,NaN
2016-01-01T12:00:00Z,0.0,12.125,356.125,NaN,NaN
2016-01-01T12:00:00Z,0.0,16.125,0.125,NaN,NaN
2016-01-01T12:00:00Z,0.0,16.125,4.125,NaN,NaN
2016-01-01T12:00:00Z,0.0,16.125,8.125,NaN,NaN
2016-01-01T12:00:00Z,0.0,16.125,12.125,NaN,NaN
2016-01-01T12:00:00Z,0.0,16.125,16.125,NaN,NaN
2016-01-01T12:00:00Z,0.0,16.125,20.125,NaN,NaN
2016-01-01T12:00:00Z,0.0,16.125,24.125,NaN,NaN
2016-01-01T12:00:00Z,0.0,16.125,28.125,NaN,NaN
2016-01-01T12:00:00Z,0.0,16.125,32.125,NaN,NaN
2016-01-01T12:00:00Z,0.0,16.125,36.125,NaN,NaN
2016-01-01T12:00:00Z,0.0,16.125,40.125,27.34,0.59
2016-01-01T12:00:00Z,0.0,16.125,44.125,NaN,NaN
2016-01-01T12:00:00Z,0.0,16.125,48.125,NaN,NaN
2016-01-01T12:00:00Z,0.0,16.125,52.125,NaN,NaN
2016-01-01T12:00:00Z,0.0,16.125,56.125,26.66,1.2
2016-01-01T12:00:00Z,0.0,16.125,60.125,25.72,0.04
2016-01-01T12:00:00Z,0.0,16.125,64.125,26.81,0.87
2016-01-01T12:00:00Z,0.0,16.125,68.125,27.38,0.5
2016-01-01T12:00:00Z,0.0,16.125,72.125,28.32,0.6
2016-01-01T12:00:00Z,0.0,16.125,76.125,NaN,NaN
2016-01-01T12:00:00Z,0.0,16.125,80.125,NaN,NaN
2016-01-01T12:00:00Z,0.0,16.125,84.125,26.9,0.37
2016-01-01T12:00:00Z,0.0,16.125,88.125,28.09,1.34
2016-01-01T12:00:00Z,0.0,16.125,92.125,26.48,-0.16
2016-01-01T12:00:00Z,0.0,16.125,96.125,27.44,0.3
2016-01-01T12:00:00Z,0.0,16.125,100.125,NaN,NaN
2016-01-01T12:00:00Z,0.0,16.125,104.125,NaN,NaN
2016-01-01T12:00:00Z,0.0,16.125,108.125,NaN,NaN
2016-01-01T12:00:00Z,0.0,16.125,112.125,26.55,1.35
2016-01-01T12:00:00Z,0.0,16.125,116.125,25.53,-0.04
2016-01-01T12:00:00Z,0.0,16.125,120.125,26.83,0.19
2016-01-01T12:00:00Z,0.0,16.125,124.125,27.08,0.16
2016-01-01T12:00:00Z,0.0,16.125,128.125,26.9,-0.32
2016-01-01T12:00:00Z,0.0,16.125,132.125,27.81,0.39
2016-01-01T12:00:00Z,0.0,16.125,136.125,27.68,0.07
2016-01-01T12:00:00Z,0.0,16.125,140.125,27.43,-0.29
2016-01-01T12:00:00Z,0.0,16.125,144.125,27.53,-0.27
2016-01-01T12:00:00Z,0.0,16.125,148.125,27.39,-0.4
2016-01-01T12:00:00Z,0.0,16.125,152.125,27.19,-0.51
2016-01-01T12:00:00Z,0.0,16.125,156.125,27.17,-0.39
2016-01-01T12:00:00Z,0.0,16.125,160.125,27.34,-0.05
2016-01-01T12:00:00Z,0.0,16.125,164.125,27.34,0.11
2016-01-01T12:00:00Z,0.0,16.125,168.125,27.18,0.15
2016-01-01T12:00:00Z,0.0,16.125,172.125,26.51,-0.36
2016-01-01T12:00:00Z,0.0,16.125,176.125,26.67,-0.04
2016-01-01T12:00:00Z,0.0,16.125,180.125,26.89,0.35
2016-01-01T12:00:00Z,0.0,16.125,184.125,26.35,-0.05
2016-01-01T12:00:00Z,0.0,16.125,188.125,26.21,-0.04
2016-01-01T12:00:00Z,0.0,16.125,192.125,26.19,0.12
2016-01-01T12:00:00Z,0.0,16.125,196.125,26.06,0.24
2016-01-01T12:00:00Z,0.0,16.125,200.125,25.84,0.29
2016-01-01T12:00:00Z,0.0,16.125,204.125,25.93,0.56
2016-01-01T12:00:00Z,0.0,16.125,208.125,25.2,-0.01
2016-01-01T12:00:00Z,0.0,16.125,212.125,24.96,0.01
2016-01-01T12:00:00Z,0.0,16.125,216.125,25.39,0.58
2016-01-01T12:00:00Z,0.0,16.125,220.125,25.22,0.59
2016-01-01T12:00:00Z,0.0,16.125,224.125,25.23,0.71
2016-01-01T12:00:00Z,0.0,16.125,228.125,24.89,0.38
2016-01-01T12:00:00Z,0.0,16.125,232.125,25.23,0.65
2016-01-01T12:00:00Z,0.0,16.125,236.125,25.13,0.27
2016-01-01T12:00:00Z,0.0,16.125,240.125,27.56,2.27
2016-01-01T12:00:00Z,0.0,16.125,244.125,27.61,1.66
2016-01-01T12:00:00Z,0.0,16.125,248.125,28.05,1.56
2016-01-01T12:00:00Z,0.0,16.125,252.125,29.32,2.16
2016-01-01T12:00:00Z,0.0,16.125,256.125,29.68,1.7
2016-01-01T12:00:00Z,0.0,16.125,260.125,30.29,1.67
2016-01-01T12:00:00Z,0.0,16.125,264.125,NaN,NaN
2016-01-01T12:00:00Z,0.0,16.125,268.125,NaN,NaN
2016-01-01T12:00:00Z,0.0,16.125,272.125,28.45,1.1
2016-01-01T12:00:00Z,0.0,16.125,276.125,27.96,0.77
2016-01-01T12:00:00Z,0.0,16.125,280.125,27.8,0.3
2016-01-01T12:00:00Z,0.0,16.125,284.125,27.28,-0.05
2016-01-01T12:00:00Z,0.0,16.125,288.125,27.58,0.38
2016-01-01T12:00:00Z,0.0,16.125,292.125,27.46,0.34
2016-01-01T12:00:00Z,0.0,16.125,296.125,27.44,0.42
2016-01-01T12:00:00Z,0.0,16.125,300.125,27.03,0.29
2016-01-01T12:00:00Z,0.0,16.125,304.125,26.55,0.13
2016-01-01T12:00:00Z,0.0,16.125,308.125,26.14,-0.07
2016-01-01T12:00:00Z,0.0,16.125,312.125,26.23,0.27
2016-01-01T12:00:00Z,0.0,16.125,316.125,25.97,0.27
2016-01-01T12:00:00Z,0.0,16.125,320.125,25.61,0.25
2016-01-01T12:00:00Z,0.0,16.125,324.125,24.88,-0.09
2016-01-01T12:00:00Z,0.0,16.125,328.125,24.64,0.11
2016-01-01T12:00:00Z,0.0,16.125,332.125,24.76,0.67
2016-01-01T12:00:00Z,0.0,16.125,336.125,23.88,0.4
2016-01-01T12:00:00Z,0.0,16.125,340.125,24.41,1.46
2016-01-01T12:00:00Z,0.0,16.125,344.125,NaN,NaN
2016-01-01T12:00:00Z,0.0,16.125,348.125,NaN,NaN
2016-01-01T12:00:00Z,0.0,16.125,352.125,NaN,NaN
2016-01-01T12:00:00Z,0.0,16.125,356.125,NaN,NaN
2016-01-01T12:00:00Z,0.0,20.125,0.125,NaN,NaN
2016-01-01T12:00:00Z,0.0,20.125,4.125,NaN,NaN
2016-01-01T12:00:00Z,0.0,20.125,8.125,NaN,NaN
2016-01-01T12:00:00Z,0.0,20.125,12.125,NaN,NaN
2016-01-01T12:00:00Z,0.0,20.125,16.125,NaN,NaN
2016-01-01T12:00:00Z,0.0,20.125,20.125,NaN,NaN
2016-01-01T12:00:00Z,0.0,20.125,24.125,NaN,NaN
2016-01-01T12:00:00Z,0.0,20.125,28.125,NaN,NaN
2016-01-01T12:00:00Z,0.0,20.125,32.125,NaN,NaN
2016-01-01T12:00:00Z,0.0,20.125,36.125,NaN,NaN
2016-01-01T12:00:00Z,0.0,20.125,40.125,28.04,0.59
2016-01-01T12:00:00Z,0.0,20.125,44.125,NaN,NaN
2016-01-01T12:00:00Z,0.0,20.125,48.125,NaN,NaN
2016-01-01T12:00:00Z,0.0,20.125,52.125,NaN,NaN
2016-01-01T12:00:00Z,0.0,20.125,56.125,NaN,NaN
2016-01-01T12:00:00Z,0.0,20.125,60.125,25.18,0.07
2016-01-01T12:00:00Z,0.0,20.125,64.125,25.85,0.58
2016-01-01T12:00:00Z,0.0,20.125,68.125,26.3,0.5
2016-01-01T12:00:00Z,0.0,20.125,72.125,25.02,-0.62
2016-01-01T12:00:00Z,0.0,20.125,76.125,NaN,NaN
2016-01-01T12:00:00Z,0.0,20.125,80.125,NaN,NaN
2016-01-01T12:00:00Z,0.0,20.125,84.125,NaN,NaN
2016-01-01T12:00:00Z,0.0,20.125,88.125,25.93,0.53
2016-01-01T12:00:00Z,0.0,20.125,92.125,26.02,0.59
2016-01-01T12:00:00Z,0.0,20.125,96.125,NaN,NaN
2016-01-01T12:00:00Z,0.0,20.125,100.125,NaN,NaN
2016-01-01T12:00:00Z,0.0,20.125,104.125,NaN,NaN
2016-01-01T12:00:00Z,0.0,20.125,108.125,23.2,0.92
2016-01-01T12:00:00Z,0.0,20.125,112.125,24.04,1.42
2016-01-01T12:00:00Z,0.0,20.125,116.125,22.94,-0.56
2016-01-01T12:00:00Z,0.0,20.125,120.125,23.99,-1.11
2016-01-01T12:00:00Z,0.0,20.125,124.125,26.87,1.49
2016-01-01T12:00:00Z,0.0,20.125,128.125,26.23,0.68
2016-01-01T12:00:00Z,0.0,20.125,132.125,25.92,-0.02
2016-01-01T12:00:00Z,0.0,20.125,136.125,27.26,0.97
2016-01-01T12:00:00Z,0.0,20.125,140.125,27.92,1.26
2016-01-01T12:00:00Z,0.0,20.125,144.125,27.3,0.46
2016-01-01T12:00:00Z,0.0,20.125,148.125,27.38,0.45
2016-01-01T12:00:00Z,0.0,20.125,152.125,26.84,-0.1
2016-01-01T12:00:00Z,0.0,20.125,156.125,26.48,-0.36
2016-01-01T12:00:00Z,0.0,20.125,160.125,26.76,0.07
2016-01-01T12:00:00Z,0.0,20.125,164.125,26.27,-0.22
2016-01-01T12:00:00Z,0.0,20.125,168.125,26.8,0.52
2016-01-01T12:00:00Z,0.0,20.125,172.125,26.22,0.06
2016-01-01T12:00:00Z,0.0,20.125,176.125,25.4,-0.58
2016-01-01T12:00:00Z,0.0,20.125,180.125,26.33,0.52
2016-01-01T12:00:00Z,0.0,20.125,184.125,26.02,0.37
2016-01-01T12:00:00Z,0.0,20.125,188.125,25.9,0.39
2016-01-01T12:00:00Z,0.0,20.125,192.125,26.03,0.7
2016-01-01T12:00:00Z,0.0,20.125,196.125,25.65,0.36
2016-01-01T12:00:00Z,0.0,20.125,200.125,25.4,0.26
2016-01-01T12:00:00Z,0.0,20.125,204.125,25.43,0.68
2016-01-01T12:00:00Z,0.0,20.125,208.125,24.91,0.6
2016-01-01T12:00:00Z,0.0,20.125,212.125,24.03,0.14
2016-01-01T12:00:00Z,0.0,20.125,216.125,24.06,0.48
2016-01-01T12:00:00Z,0.0,20.125,220.125,23.42,0.11
2016-01-01T12:00:00Z,0.0,20.125,224.125,23.57,0.69
2016-01-01T12:00:00Z,0.0,20.125,228.125,22.41,-0.19
2016-01-01T12:00:00Z,0.0,20.125,232.125,22.46,0.03
2016-01-01T12:00:00Z,0.0,20.125,236.125,22.6,0.17
2016-01-01T12:00:00Z,0.0,20.125,240.125,22.49,-0.08
2016-01-01T12:00:00Z,0.0,20.125,244.125,24.52,1.07
2016-01-01T12:00:00Z,0.0,20.125,248.125,26.52,1.94
2016-01-01T12:00:00Z,0.0,20.125,252.125,27.88,2.62
2016-01-01T12:00:00Z,0.0,20.125,256.125,NaN,NaN
2016-01-01T12:00:00Z,0.0,20.125,260.125,NaN,NaN
2016-01-01T12:00:00Z,0.0,20.125,264.125,25.09,0.92
2016-01-01T12:00:00Z,0.0,20.125,268.125,27.02,2.04
2016-01-01T12:00:00Z,0.0,20.125,272.125,NaN,NaN
2016-01-01T12:00:00Z,0.0,20.125,276.125,28.04,0.82
2016-01-01T12:00:00Z,0.0,20.125,280.125,28.28,1.22
2016-01-01T12:00:00Z,0.0,20.125,284.125,NaN,NaN
2016-01-01T12:00:00Z,0.0,20.125,288.125,27.68,0.83
2016-01-01T12:00:00Z,0.0,20.125,292.125,27.37,0.84
2016-01-01T12:00:00Z,0.0,20.125,296.125,26.88,0.54
2016-01-01T12:00:00Z,0.0,20.125,300.125,26.64,0.55
2016-01-01T12:00:00Z,0.0,20.125,304.125,26.38,0.52
2016-01-01T12:00:00Z,0.0,20.125,308.125,26.08,0.45
2016-01-01T12:00:00Z,0.0,20.125,312.125,25.67,0.3
2016-01-01T12:00:00Z,0.0,20.125,316.125,25.3,0.21
2016-01-01T12:00:00Z,0.0,20.125,320.125,25.12,0.33
2016-01-01T12:00:00Z,0.0,20.125,324.125,24.88,0.5
2016-01-01T12:00:00Z,0.0,20.125,328.125,24.26,0.36
2016-01-01T12:00:00Z,0.0,20.125,332.125,23.69,0.46
2016-01-01T12:00:00Z,0.0,20.125,336.125,23.32,0.9
2016-01-01T12:00:00Z,0.0,20.125,340.125,21.31,0.25
2016-01-01T12:00:00Z,0.0,20.125,344.125,NaN,NaN
2016-01-01T12:00:00Z,0.0,20.125,348.125,NaN,NaN
2016-01-01T12:00:00Z,0.0,20.125,352.125,NaN,NaN
2016-01-01T12:00:00Z,0.0,20.125,356.125,NaN,NaN
2016-01-01T12:00:00Z,0.0,24.125,0.125,NaN,NaN
2016-01-01T12:00:00Z,0.0,24.125,4.125,NaN,NaN
2016-01-01T12:00:00Z,0.0,24.125,8.125,NaN,NaN
2016-01-01T12:00:00Z,0.0,24.125,12.125,NaN,NaN
2016-01-01T12:00:00Z,0.0,24.125,16.125,NaN,NaN
2016-01-01T12:00:00Z,0.0,24.125,20.125,NaN,NaN
2016-01-01T12:00:00Z,0.0,24.125,24.125,NaN,NaN
2016-01-01T12:00:00Z,0.0,24.125,28.125,NaN,NaN
2016-01-01T12:00:00Z,0.0,24.125,32.125,NaN,NaN
2016-01-01T12:00:00Z,0.0,24.125,36.125,23.57,-1.08
2016-01-01T12:00:00Z,0.0,24.125,40.125,NaN,NaN
2016-01-01T12:00:00Z,0.0,24.125,44.125,NaN,NaN
2016-01-01T12:00:00Z,0.0,24.125,48.125,NaN,NaN
2016-01-01T12:00:00Z,0.0,24.125,52.125,21.45,-1.91
2016-01-01T12:00:00Z,0.0,24.125,56.125,NaN,NaN
2016-01-01T12:00:00Z,0.0,24.125,60.125,24.95,0.51
2016-01-01T12:00:00Z,0.0,24.125,64.125,25.18,0.58
2016-01-01T12:00:00Z,0.0,24.125,68.125,NaN,NaN
2016-01-01T12:00:00Z,0.0,24.125,72.125,NaN,NaN
2016-01-01T12:00:00Z,0.0,24.125,76.125,NaN,NaN
2016-01-01T12:00:00Z,0.0,24.125,80.125,NaN,NaN
2016-01-01T12:00:00Z,0.0,24.125,84.125,NaN,NaN
2016-01-01T12:00:00Z,0.0,24.125,88.125,NaN,NaN
2016-01-01T12:00:00Z,0.0,24.125,92.125,NaN,NaN
2016-01-01T12:00:00Z,0.0,24.125,96.125,NaN,NaN
2016-01-01T12:00:00Z,0.0,24.125,100.125,NaN,NaN
2016-01-01T12:00:00Z,0.0,24.125,104.125,NaN,NaN
2016-01-01T12:00:00Z,0.0,24.125,108.125,NaN,NaN
2016-01-01T12:00:00Z,0.0,24.125,112.125,NaN,NaN
2016-01-01T12:00:00Z,0.0,24.125,116.125,NaN,NaN
2016-01-01T12:00:00Z,0.0,24.125,120.125,18.93,-1.59
2016-01-01T12:00:00Z,0.0,24.125,124.125,25.56,1.61
2016-01-01T12:00:00Z,0.0,24.125,128.125,25.27,1.61
2016-01-01T12:00:00Z,0.0,24.125,132.125,24.5,0.68
2016-01-01T12:00:00Z,0.0,24.125,136.125,25.92,1.86
2016-01-01T12:00:00Z,0.0,24.125,140.125,25.19,0.83
2016-01-01T12:00:00Z,0.0,24.125,144.125,26.69,1.84
2016-01-01T12:00:00Z,0.0,24.125,148.125,26.06,0.91
2016-01-01T12:00:00Z,0.0,24.125,152.125,26.19,0.92
2016-01-01T12:00:00Z,0.0,24.125,156.125,25.8,0.62
2016-01-01T12:00:00Z,0.0,24.125,160.125,24.95,-0.04
2016-01-01T12:00:00Z,0.0,24.125,164.125,25.12,0.16
2016-01-01T12:00:00Z,0.0,24.125,168.125,25.26,0.39
2016-01-01T12:00:00Z,0.0,24.125,172.125,24.85,0.21
2016-01-01T12:00:00Z,0.0,24.125,176.125,25.18,0.67
2016-01-01T12:00:00Z,0.0,24.125,180.125,24.65,0.36
2016-01-01T12:00:00Z,0.0,24.125,184.125,23.85,-0.33
2016-01-01T12:00:00Z,0.0,24.125,188.125,25.45,1.42
2016-01-01T12:00:00Z,0.0,24.125,192.125,24.19,0.31
2016-01-01T12:00:00Z,0.0,24.125,196.125,25.32,1.58
2016-01-01T12:00:00Z,0.0,24.125,200.125,24.55,0.86
2016-01-01T12:00:00Z,0.0,24.125,204.125,24.21,0.71
2016-01-01T12:00:00Z,0.0,24.125,208.125,23.9,0.64
2016-01-01T12:00:00Z,0.0,24.125,212.125,23.47,0.56
2016-01-01T12:00:00Z,0.0,24.125,216.125,23.44,1.05
2016-01-01T12:00:00Z,0.0,24.125,220.125,22.54,0.63
2016-01-01T12:00:00Z,0.0,24.125,224.125,21.75,0.43
2016-01-01T12:00:00Z,0.0,24.125,228.125,21.05,0.26
2016-01-01T12:00:00Z,0.0,24.125,232.125,20.61,0.28
2016-01-01T12:00:00Z,0.0,24.125,236.125,19.79,-0.24
2016-01-01T12:00:00Z,0.0,24.125,240.125,19.79,-0.01
2016-01-01T12:00:00Z,0.0,24.125,244.125,21.2,0.86
2016-01-01T12:00:00Z,0.0,24.125,248.125,23.94,1.94
2016-01-01T12:00:00Z,0.0,24.125,252.125,23.59,0.79
2016-01-01T12:00:00Z,0.0,24.125,256.125,NaN,NaN
2016-01-01T12:00:00Z,0.0,24.125,260.125,NaN,NaN
2016-01-01T12:00:00Z,0.0,24.125,264.125,23.82,0.13
2016-01-01T12:00:00Z,0.0,24.125,268.125,25.58,1.4
2016-01-01T12:00:00Z,0.0,24.125,272.125,26.44,1.13
2016-01-01T12:00:00Z,0.0,24.125,276.125,26.51,0.96
2016-01-01T12:00:00Z,0.0,24.125,280.125,27.05,1.95
2016-01-01T12:00:00Z,0.0,24.125,284.125,26.69,1.46
2016-01-01T12:00:00Z,0.0,24.125,288.125,26.71,1.18
2016-01-01T12:00:00Z,0.0,24.125,292.125,26.48,1.02
2016-01-01T12:00:00Z,0.0,24.125,296.125,26.59,1.28
2016-01-01T12:00:00Z,0.0,24.125,300.125,26.39,1.23
2016-01-01T12:00:00Z,0.0,24.125,304.125,25.8,0.9
2016-01-01T12:00:00Z,0.0,24.125,308.125,25.54,0.92
2016-01-01T12:00:00Z,0.0,24.125,312.125,24.86,0.52
2016-01-01T12:00:00Z,0.0,24.125,316.125,24.97,0.95
2016-01-01T12:00:00Z,0.0,24.125,320.125,23.72,-0.1
2016-01-01T12:00:00Z,0.0,24.125,324.125,23.92,0.43
2016-01-01T12:00:00Z,0.0,24.125,328.125,23.58,0.46
2016-01-01T12:00:00Z,0.0,24.125,332.125,23.15,0.44
2016-01-01T12:00:00Z,0.0,24.125,336.125,22.45,0.37
2016-01-01T12:00:00Z,0.0,24.125,340.125,21.74,0.66
2016-01-01T12:00:00Z,0.0,24.125,344.125,18.41,-0.92
2016-01-01T12:00:00Z,0.0,24.125,348.125,NaN,NaN
2016-01-01T12:00:00Z,0.0,24.125,352.125,NaN,NaN
2016-01-01T12:00:00Z,0.0,24.125,356.125,NaN,NaN
2016-01-01T12:00:00Z,0.0,28.125,0.125,NaN,NaN
2016-01-01T12:00:00Z,0.0,28.125,4.125,NaN,NaN
2016-01-01T12:00:00Z,0.0,28.125,8.125,NaN,NaN
2016-01-01T12:00:00Z,0.0,28.125,12.125,NaN,NaN
2016-01-01T12:00:00Z,0.0,28.125,16.125,NaN,NaN
2016-01-01T12:00:00Z,0.0,28.125,20.125,NaN,NaN
2016-01-01T12:00:00Z,0.0,28.125,24.125,NaN,NaN
2016-01-01T12:00:00Z,0.0,28.125,28.125,NaN,NaN
2016-01-01T12:00:00Z,0.0,28.125,32.125,NaN,NaN
2016-01-01T12:00:00Z,0.0,28.125,36.125,NaN,NaN
2016-01-01T12:00:00Z,0.0,28.125,40.125,NaN,NaN
2016-01-01T12:00:00Z,0.0,28.125,44.125,NaN,NaN
2016-01-01T12:00:00Z,0.0,28.125,48.125,NaN,NaN
2016-01-01T12:00:00Z,0.0,28.125,52.125,NaN,NaN
2016-01-01T12:00:00Z,0.0,28.125,56.125,NaN,NaN
2016-01-01T12:00:00Z,0.0,28.125,60.125,NaN,NaN
2016-01-01T12:00:00Z,0.0,28.125,64.125,NaN,NaN
2016-01-01T12:00:00Z,0.0,28.125,68.125,NaN,NaN
2016-01-01T12:00:00Z,0.0,28.125,72.125,NaN,NaN
2016-01-01T12:00:00Z,0.0,28.125,76.125,NaN,NaN
2016-01-01T12:00:00Z,0.0,28.125,80.125,NaN,NaN
2016-01-01T12:00:00Z,0.0,28.125,84.125,NaN,NaN
2016-01-01T12:00:00Z,0.0,28.125,88.125,NaN,NaN
2016-01-01T12:00:00Z,0.0,28.125,92.125,NaN,NaN
2016-01-01T12:00:00Z,0.0,28.125,96.125,NaN,NaN
2016-01-01T12:00:00Z,0.0,28.125,100.125,NaN,NaN
2016-01-01T12:00:00Z,0.0,28.125,104.125,NaN,NaN
2016-01-01T12:00:00Z,0.0,28.125,108.125,NaN,NaN
2016-01-01T12:00:00Z,0.0,28.125,112.125,NaN,NaN
2016-01-01T12:00:00Z,0.0,28.125,116.125,NaN,NaN
2016-01-01T12:00:00Z,0.0,28.125,120.125,NaN,NaN
2016-01-01T12:00:00Z,0.0,28.125,124.125,19.7,0.43
2016-01-01T12:00:00Z,0.0,28.125,128.125,23.0,0.77
2016-01-01T12:00:00Z,0.0,28.125,132.125,22.26,0.32
2016-01-01T12:00:00Z,0.0,28.125,136.125,22.38,0.87
2016-01-01T12:00:00Z,0.0,28.125,140.125,23.85,2.11
2016-01-01T12:00:00Z,0.0,28.125,144.125,22.59,0.44
2016-01-01T12:00:00Z,0.0,28.125,148.125,23.32,1.11
2016-01-01T12:00:00Z,0.0,28.125,152.125,22.93,0.49
2016-01-01T12:00:00Z,0.0,28.125,156.125,23.86,1.25
2016-01-01T12:00:00Z,0.0,28.125,160.125,21.92,-0.43
2016-01-01T12:00:00Z,0.0,28.125,164.125,22.68,0.5
2016-01-01T12:00:00Z,0.0,28.125,168.125,23.13,0.95
2016-01-01T12:00:00Z,0.0,28.125,172.125,22.36,0.42
2016-01-01T12:00:00Z,0.0,28.125,176.125,22.82,1.13
2016-01-01T12:00:00Z,0.0,28.125,180.125,21.59,0.09
2016-01-01T12:00:00Z,0.0,28.125,184.125,21.86,0.39
2016-01-01T12:00:00Z,0.0,28.125,188.125,22.39,0.98
2016-01-01T12:00:00Z,0.0,28.125,192.125,21.68,0.28
2016-01-01T12:00:00Z,0.0,28.125,196.125,21.73,0.22
2016-01-01T12:00:00Z,0.0,28.125,200.125,22.2,0.54
2016-01-01T12:00:00Z,0.0,28.125,204.125,22.73,1.02
2016-01-01T12:00:00Z,0.0,28.125,208.125,23.3,1.65
2016-01-01T12:00:00Z,0.0,28.125,212.125,21.8,0.4
2016-01-01T12:00:00Z,0.0,28.125,216.125,21.51,0.46
2016-01-01T12:00:00Z,0.0,28.125,220.125,20.93,0.43
2016-01-01T12:00:00Z,0.0,28.125,224.125,20.32,0.37
2016-01-01T12:00:00Z,0.0,28.125,228.125,19.41,0.08
2016-01-01T12:00:00Z,0.0,28.125,232.125,19.23,0.53
2016-01-01T12:00:00Z,0.0,28.125,236.125,18.53,0.36
2016-01-01T12:00:00Z,0.0,28.125,240.125,17.51,-0.22
2016-01-01T12:00:00Z,0.0,28.125,244.125,19.85,2.24
2016-01-01T12:00:00Z,0.0,28.125,248.125,20.05,1.48
2016-01-01T12:00:00Z,0.0,28.125,252.125,NaN,NaN
2016-01-01T12:00:00Z,0.0,28.125,256.125,NaN,NaN
2016-01-01T12:00:00Z,0.0,28.125,260.125,NaN,NaN
2016-01-01T12:00:00Z,0.0,28.125,264.125,21.33,0.63
2016-01-01T12:00:00Z,0.0,28.125,268.125,23.62,2.64
2016-01-01T12:00:00Z,0.0,28.125,272.125,24.6,2.12
2016-01-01T12:00:00Z,0.0,28.125,276.125,23.75,2.33
2016-01-01T12:00:00Z,0.0,28.125,280.125,26.26,1.93
2016-01-01T12:00:00Z,0.0,28.125,284.125,25.6,1.84
2016-01-01T12:00:00Z,0.0,28.125,288.125,24.83,1.47
2016-01-01T12:00:00Z,0.0,28.125,292.125,24.19,0.89
2016-01-01T12:00:00Z,0.0,28.125,296.125,24.45,1.2
2016-01-01T12:00:00Z,0.0,28.125,300.125,24.57,1.3
2016-01-01T12:00:00Z,0.0,28.125,304.125,24.17,0.97
2016-01-01T12:00:00Z,0.0,28.125,308.125,24.04,1.07
2016-01-01T12:00:00Z,0.0,28.125,312.125,24.02,1.22
2016-01-01T12:00:00Z,0.0,28.125,316.125,23.06,0.55
2016-01-01T12:00:00Z,0.0,28.125,320.125,22.92,0.63
2016-01-01T12:00:00Z,0.0,28.125,324.125,22.5,0.47
2016-01-01T12:00:00Z,0.0,28.125,328.125,21.84,0.09
2016-01-01T12:00:00Z,0.0,28.125,332.125,21.76,0.44
2016-01-01T12:00:00Z,0.0,28.125,336.125,21.9,0.97
2016-01-01T12:00:00Z,0.0,28.125,340.125,20.73,0.25
2016-01-01T12:00:00Z,0.0,28.125,344.125,21.0,1.23
2016-01-01T12:00:00Z,0.0,28.125,348.125,NaN,NaN
2016-01-01T12:00:00Z,0.0,28.125,352.125,NaN,NaN
2016-01-01T12:00:00Z,0.0,28.125,356.125,NaN,NaN
2016-01-01T12:00:00Z,0.0,32.125,0.125,NaN,NaN
2016-01-01T12:00:00Z,0.0,32.125,4.125,NaN,NaN
2016-01-01T12:00:00Z,0.0,32.125,8.125,NaN,NaN
2016-01-01T12:00:00Z,0.0,32.125,12.125,NaN,NaN
2016-01-01T12:00:00Z,0.0,32.125,16.125,19.67,1.43
2016-01-01T12:00:00Z,0.0,32.125,20.125,NaN,NaN
2016-01-01T12:00:00Z,0.0,32.125,24.125,18.44,0.05
2016-01-01T12:00:00Z,0.0,32.125,28.125,18.63,0.12
2016-01-01T12:00:00Z,0.0,32.125,32.125,19.43,0.64
2016-01-01T12:00:00Z,0.0,32.125,36.125,NaN,NaN
2016-01-01T12:00:00Z,0.0,32.125,40.125,NaN,NaN
2016-01-01T12:00:00Z,0.0,32.125,44.125,NaN,NaN
2016-01-01T12:00:00Z,0.0,32.125,48.125,NaN,NaN
2016-01-01T12:00:00Z,0.0,32.125,52.125,NaN,NaN
2016-01-01T12:00:00Z,0.0,32.125,56.125,NaN,NaN
2016-01-01T12:00:00Z,0.0,32.125,60.125,NaN,NaN
2016-01-01T12:00:00Z,0.0,32.125,64.125,NaN,NaN
2016-01-01T12:00:00Z,0.0,32.125,68.125,NaN,NaN
2016-01-01T12:00:00Z,0.0,32.125,72.125,NaN,NaN
2016-01-01T12:00:00Z,0.0,32.125,76.125,NaN,NaN
2016-01-01T12:00:00Z,0.0,32.125,80.125,NaN,NaN
2016-01-01T12:00:00Z,0.0,32.125,84.125,NaN,NaN
2016-01-01T12:00:00Z,0.0,32.125,88.125,NaN,NaN
2016-01-01T12:00:00Z,0.0,32.125,92.125,NaN,NaN
2016-01-01T12:00:00Z,0.0,32.125,96.125,NaN,NaN
2016-01-01T12:00:00Z,0.0,32.125,100.125,NaN,NaN
2016-01-01T12:00:00Z,0.0,32.125,104.125,NaN,NaN
2016-01-01T12:00:00Z,0.0,32.125,108.125,NaN,NaN
2016-01-01T12:00:00Z,0.0,32.125,112.125,NaN,NaN
2016-01-01T12:00:00Z,0.0,32.125,116.125,NaN,NaN
2016-01-01T12:00:00Z,0.0,32.125,120.125,NaN,NaN
2016-01-01T12:00:00Z,0.0,32.125,124.125,13.49,-0.4
2016-01-01T12:00:00Z,0.0,32.125,128.125,18.73,0.06
2016-01-01T12:00:00Z,0.0,32.125,132.125,21.45,1.19
2016-01-01T12:00:00Z,0.0,32.125,136.125,21.05,0.72
2016-01-01T12:00:00Z,0.0,32.125,140.125,21.47,1.18
2016-01-01T12:00:00Z,0.0,32.125,144.125,20.63,0.41
2016-01-01T12:00:00Z,0.0,32.125,148.125,21.99,1.83
2016-01-01T12:00:00Z,0.0,32.125,152.125,20.91,0.88
2016-01-01T12:00:00Z,0.0,32.125,156.125,20.12,0.29
2016-01-01T12:00:00Z,0.0,32.125,160.125,20.82,0.98
2016-01-01T12:00:00Z,0.0,32.125,164.125,21.02,1.24
2016-01-01T12:00:00Z,0.0,32.125,168.125,19.52,-0.03
2016-01-01T12:00:00Z,0.0,32.125,172.125,20.81,1.55
2016-01-01T12:00:00Z,0.0,32.125,176.125,19.02,0.04
2016-01-01T12:00:00Z,0.0,32.125,180.125,19.14,0.63
2016-01-01T12:00:00Z,0.0,32.125,184.125,19.18,0.71
2016-01-01T12:00:00Z,0.0,32.125,188.125,19.34,1.0
2016-01-01T12:00:00Z,0.0,32.125,192.125,18.76,0.62
2016-01-01T12:00:00Z,0.0,32.125,196.125,18.92,0.76
2016-01-01T12:00:00Z,0.0,32.125,200.125,18.97,0.55
2016-01-01T12:00:00Z,0.0,32.125,204.125,19.46,0.78
2016-01-01T12:00:00Z,0.0,32.125,208.125,19.41,0.5
2016-01-01T12:00:00Z,0.0,32.125,212.125,19.99,0.97
2016-01-01T12:00:00Z,0.0,32.125,216.125,19.74,0.81
2016-01-01T12:00:00Z,0.0,32.125,220.125,19.34,0.74
2016-01-01T12:00:00Z,0.0,32.125,224.125,18.63,0.44
2016-01-01T12:00:00Z,0.0,32.125,228.125,17.82,0.19
2016-01-01T12:00:00Z,0.0,32.125,232.125,17.01,0.15
2016-01-01T12:00:00Z,0.0,32.125,236.125,14.86,-0.96
2016-01-01T12:00:00Z,0.0,32.125,240.125,15.47,0.07
2016-01-01T12:00:00Z,0.0,32.125,244.125,NaN,NaN
2016-01-01T12:00:00Z,0.0,32.125,248.125,NaN,NaN
2016-01-01T12:00:00Z,0.0,32.125,252.125,NaN,NaN
2016-01-01T12:00:00Z,0.0,32.125,256.125,NaN,NaN
2016-01-01T12:00:00Z,0.0,32.125,260.125,NaN,NaN
2016-01-01T12:00:00Z,0.0,32.125,264.125,NaN,NaN
2016-01-01T12:00:00Z,0.0,32.125,268.125,NaN,NaN
2016-01-01T12:00:00Z,0.0,32.125,272.125,NaN,NaN
2016-01-01T12:00:00Z,0.0,32.125,276.125,NaN,NaN
2016-01-01T12:00:00Z,0.0,32.125,280.125,22.37,0.47
2016-01-01T12:00:00Z,0.0,32.125,284.125,25.27,2.28
2016-01-01T12:00:00Z,0.0,32.125,288.125,23.1,1.93
2016-01-01T12:00:00Z,0.0,32.125,292.125,22.99,2.09
2016-01-01T12:00:00Z,0.0,32.125,296.125,22.79,1.65
2016-01-01T12:00:00Z,0.0,32.125,300.125,22.66,1.49
2016-01-01T12:00:00Z,0.0,32.125,304.125,22.43,1.39
2016-01-01T12:00:00Z,0.0,32.125,308.125,22.23,1.23
2016-01-01T12:00:00Z,0.0,32.125,312.125,21.65,0.79
2016-01-01T12:00:00Z,0.0,32.125,316.125,20.98,0.24
2016-01-01T12:00:00Z,0.0,32.125,320.125,20.21,-0.27
2016-01-01T12:00:00Z,0.0,32.125,324.125,20.72,0.38
2016-01-01T12:00:00Z,0.0,32.125,328.125,20.45,0.25
2016-01-01T12:00:00Z,0.0,32.125,332.125,20.6,0.66
2016-01-01T12:00:00Z,0.0,32.125,336.125,20.23,0.61
2016-01-01T12:00:00Z,0.0,32.125,340.125,19.67,0.36
2016-01-01T12:00:00Z,0.0,32.125,344.125,19.37,0.51
2016-01-01T12:00:00Z,0.0,32.125,348.125,19.46,1.24
2016-01-01T12:00:00Z,0.0,32.125,352.125,NaN,NaN
2016-01-01T12:00:00Z,0.0,32.125,356.125,NaN,NaN
2016-01-01T12:00:00Z,0.0,36.125,0.125,17.27,1.32
2016-01-01T12:00:00Z,0.0,36.125,4.125,NaN,NaN
2016-01-01T12:00:00Z,0.0,36.125,8.125,NaN,NaN
2016-01-01T12:00:00Z,0.0,36.125,12.125,16.91,0.51
2016-01-01T12:00:00Z,0.0,36.125,16.125,17.07,0.32
2016-01-01T12:00:00Z,0.0,36.125,20.125,17.49,0.91
2016-01-01T12:00:00Z,0.0,36.125,24.125,16.16,-0.3
2016-01-01T12:00:00Z,0.0,36.125,28.125,17.52,0.24
2016-01-01T12:00:00Z,0.0,36.125,32.125,18.05,0.48
2016-01-01T12:00:00Z,0.0,36.125,36.125,NaN,NaN
2016-01-01T12:00:00Z,0.0,36.125,40.125,NaN,NaN
2016-01-01T12:00:00Z,0.0,36.125,44.125,NaN,NaN
2016-01-01T12:00:00Z,0.0,36.125,48.125,NaN,NaN
2016-01-01T12:00:00Z,0.0,36.125,52.125,NaN,NaN
2016-01-01T12:00:00Z,0.0,36.125,56.125,NaN,NaN
2016-01-01T12:00:00Z,0.0,36.125,60.125,NaN,NaN
2016-01-01T12:00:00Z,0.0,36.125,64.125,NaN,NaN
2016-01-01T12:00:00Z,0.0,36.125,68.125,NaN,NaN
2016-01-01T12:00:00Z,0.0,36.125,72.125,NaN,NaN
2016-01-01T12:00:00Z,0.0,36.125,76.125,NaN,NaN
2016-01-01T12:00:00Z,0.0,36.125,80.125,NaN,NaN
2016-01-01T12:00:00Z,0.0,36.125,84.125,NaN,NaN
2016-01-01T12:00:00Z,0.0,36.125,88.125,NaN,NaN
2016-01-01T12:00:00Z,0.0,36.125,92.125,NaN,NaN
2016-01-01T12:00:00Z,0.0,36.125,96.125,NaN,NaN
2016-01-01T12:00:00Z,0.0,36.125,100.125,NaN,NaN
2016-01-01T12:00:00Z,0.0,36.125,104.125,NaN,NaN
2016-01-01T12:00:00Z,0.0,36.125,108.125,NaN,NaN
2016-01-01T12:00:00Z,0.0,36.125,112.125,NaN,NaN
2016-01-01T12:00:00Z,0.0,36.125,116.125,NaN,NaN
2016-01-01T12:00:00Z,0.0,36.125,120.125,NaN,NaN
2016-01-01T12:00:00Z,0.0,36.125,124.125,10.25,0.67
2016-01-01T12:00:00Z,0.0,36.125,128.125,NaN,NaN
2016-01-01T12:00:00Z,0.0,36.125,132.125,13.45,-1.64
2016-01-01T12:00:00Z,0.0,36.125,136.125,15.49,0.83
2016-01-01T12:00:00Z,0.0,36.125,140.125,NaN,NaN
2016-01-01T12:00:00Z,0.0,36.125,144.125,20.28,2.75
2016-01-01T12:00:00Z,0.0,36.125,148.125,18.98,1.7
2016-01-01T12:00:00Z,0.0,36.125,152.125,15.66,-1.61
2016-01-01T12:00:00Z,0.0,36.125,156.125,17.38,0.54
2016-01-01T12:00:00Z,0.0,36.125,160.125,17.76,0.94
2016-01-01T12:00:00Z,0.0,36.125,164.125,15.99,-0.72
2016-01-01T12:00:00Z,0.0,36.125,168.125,17.45,1.01
2016-01-01T12:00:00Z,0.0,36.125,172.125,16.11,-0.33
2016-01-01T12:00:00Z,0.0,36.125,176.125,14.85,-1.32
2016-01-01T12:00:00Z,0.0,36.125,180.125,17.18,1.42
2016-01-01T12:00:00Z,0.0,36.125,184.125,15.87,0.34
2016-01-01T12:00:00Z,0.0,36.125,188.125,16.02,0.74
2016-01-01T12:00:00Z,0.0,36.125,192.125,15.31,0.21
2016-01-01T12:00:00Z,0.0,36.125,196.125,14.97,-0.1
2016-01-01T12:00:00Z,0.0,36.125,200.125,15.51,0.34
2016-01-01T12:00:00Z,0.0,36.125,204.125,15.39,0.07
2016-01-01T12:00:00Z,0.0,36.125,208.125,16.37,0.67
2016-01-01T12:00:00Z,0.0,36.125,212.125,16.66,0.69
2016-01-01T12:00:00Z,0.0,36.125,216.125,16.81,0.62
2016-01-01T12:00:00Z,0.0,36.125,220.125,16.82,0.59
2016-01-01T12:00:00Z,0.0,36.125,224.125,16.91,0.8
2016-01-01T12:00:00Z,0.0,36.125,228.125,16.07,0.3
2016-01-01T12:00:00Z,0.0,36.125,232.125,14.6,-0.16
2016-01-01T12:00:00Z,0.0,36.125,236.125,13.12,-0.22
2016-01-01T12:00:00Z,0.0,36.125,240.125,NaN,NaN
2016-01-01T12:00:00Z,0.0,36.125,244.125,NaN,NaN
2016-01-01T12:00:00Z,0.0,36.125,248.125,NaN,NaN
2016-01-01T12:00:00Z,0.0,36.125,252.125,NaN,NaN
2016-01-01T12:00:00Z,0.0,36.125,256.125,NaN,NaN
2016-01-01T12:00:00Z,0.0,36.125,260.125,NaN,NaN
2016-01-01T12:00:00Z,0.0,36.125,264.125,NaN,NaN
2016-01-01T12:00:00Z,0.0,36.125,268.125,NaN,NaN
2016-01-01T12:00:00Z,0.0,36.125,272.125,NaN,NaN
2016-01-01T12:00:00Z,0.0,36.125,276.125,NaN,NaN
2016-01-01T12:00:00Z,0.0,36.125,280.125,NaN,NaN
2016-01-01T12:00:00Z,0.0,36.125,284.125,13.86,-1.07
2016-01-01T12:00:00Z,0.0,36.125,288.125,22.25,1.49
2016-01-01T12:00:00Z,0.0,36.125,292.125,22.09,1.38
2016-01-01T12:00:00Z,0.0,36.125,296.125,22.61,1.94
2016-01-01T12:00:00Z,0.0,36.125,300.125,21.86,1.74
2016-01-01T12:00:00Z,0.0,36.125,304.125,21.27,1.43
2016-01-01T12:00:00Z,0.0,36.125,308.125,20.03,0.44
2016-01-01T12:00:00Z,0.0,36.125,312.125,19.44,0.13
2016-01-01T12:00:00Z,0.0,36.125,316.125,18.65,-0.33
2016-01-01T12:00:00Z,0.0,36.125,320.125,18.32,-0.39
2016-01-01T12:00:00Z,0.0,36.125,324.125,17.42,-0.96
2016-01-01T12:00:00Z,0.0,36.125,328.125,16.91,-1.34
2016-01-01T12:00:00Z,0.0,36.125,332.125,17.07,-1.01
2016-01-01T12:00:00Z,0.0,36.125,336.125,18.37,0.48
2016-01-01T12:00:00Z,0.0,36.125,340.125,18.48,0.8
2016-01-01T12:00:00Z,0.0,36.125,344.125,18.09,0.71
2016-01-01T12:00:00Z,0.0,36.125,348.125,18.05,0.87
2016-01-01T12:00:00Z,0.0,36.125,352.125,18.24,1.25
2016-01-01T12:00:00Z,0.0,36.125,356.125,17.34,1.48
2016-01-01T12:00:00Z,0.0,40.125,0.125,16.66,2.05
2016-01-01T12:00:00Z,0.0,40.125,4.125,17.0,2.01
2016-01-01T12:00:00Z,0.0,40.125,8.125,16.62,1.61
2016-01-01T12:00:00Z,0.0,40.125,12.125,16.48,1.35
2016-01-01T12:00:00Z,0.0,40.125,16.125,NaN,NaN
2016-01-01T12:00:00Z,0.0,40.125,20.125,NaN,NaN
2016-01-01T12:00:00Z,0.0,40.125,24.125,14.58,0.36
2016-01-01T12:00:00Z,0.0,40.125,28.125,NaN,NaN
2016-01-01T12:00:00Z,0.0,40.125,32.125,NaN,NaN
2016-01-01T12:00:00Z,0.0,40.125,36.125,NaN,NaN
2016-01-01T12:00:00Z,0.0,40.125,40.125,NaN,NaN
2016-01-01T12:00:00Z,0.0,40.125,44.125,NaN,NaN
2016-01-01T12:00:00Z,0.0,40.125,48.125,NaN,NaN
2016-01-01T12:00:00Z,0.0,40.125,52.125,10.27,-1.23
2016-01-01T12:00:00Z,0.0,40.125,56.125,NaN,NaN
2016-01-01T12:00:00Z,0.0,40.125,60.125,NaN,NaN
2016-01-01T12:00:00Z,0.0,40.125,64.125,NaN,NaN
2016-01-01T12:00:00Z,0.0,40.125,68.125,NaN,NaN
2016-01-01T12:00:00Z,0.0,40.125,72.125,NaN,NaN
2016-01-01T12:00:00Z,0.0,40.125,76.125,NaN,NaN
2016-01-01T12:00:00Z,0.0,40.125,80.125,NaN,NaN
2016-01-01T12:00:00Z,0.0,40.125,84.125,NaN,NaN
2016-01-01T12:00:00Z,0.0,40.125,88.125,NaN,NaN
2016-01-01T12:00:00Z,0.0,40.125,92.125,NaN,NaN
2016-01-01T12:00:00Z,0.0,40.125,96.125,NaN,NaN
2016-01-01T12:00:00Z,0.0,40.125,100.125,NaN,NaN
2016-01-01T12:00:00Z,0.0,40.125,104.125,NaN,NaN
2016-01-01T12:00:00Z,0.0,40.125,108.125,NaN,NaN
2016-01-01T12:00:00Z,0.0,40.125,112.125,NaN,NaN
2016-01-01T12:00:00Z,0.0,40.125,116.125,NaN,NaN
2016-01-01T12:00:00Z,0.0,40.125,120.125,4.04,-0.42
2016-01-01T12:00:00Z,0.0,40.125,124.125,NaN,NaN
2016-01-01T12:00:00Z,0.0,40.125,128.125,NaN,NaN
2016-01-01T12:00:00Z,0.0,40.125,132.125,7.06,-0.55
2016-01-01T12:00:00Z,0.0,40.125,136.125,8.89,0.76
2016-01-01T12:00:00Z,0.0,40.125,140.125,NaN,NaN
2016-01-01T12:00:00Z,0.0,40.125,144.125,12.22,2.76
2016-01-01T12:00:00Z,0.0,40.125,148.125,8.94,-0.62
2016-01-01T12:00:00Z,0.0,40.125,152.125,13.2,2.14
2016-01-01T12:00:00Z,0.0,40.125,156.125,10.09,-1.51
2016-01-01T12:00:00Z,0.0,40.125,160.125,14.12,2.44
2016-01-01T12:00:00Z,0.0,40.125,164.125,9.57,-2.03
2016-01-01T12:00:00Z,0.0,40.125,168.125,12.5,0.03
2016-01-01T12:00:00Z,0.0,40.125,172.125,11.75,-0.64
2016-01-01T12:00:00Z,0.0,40.125,176.125,12.19,0.16
2016-01-01T12:00:00Z,0.0,40.125,180.125,11.89,-0.15
2016-01-01T12:00:00Z,0.0,40.125,184.125,11.68,-0.3
2016-01-01T12:00:00Z,0.0,40.125,188.125,11.68,-0.13
2016-01-01T12:00:00Z,0.0,40.125,192.125,11.81,0.11
2016-01-01T12:00:00Z,0.0,40.125,196.125,11.25,-0.57
2016-01-01T12:00:00Z,0.0,40.125,200.125,11.73,-0.14
2016-01-01T12:00:00Z,0.0,40.125,204.125,11.96,-0.04
2016-01-01T12:00:00Z,0.0,40.125,208.125,12.11,-0.23
2016-01-01T12:00:00Z,0.0,40.125,212.125,12.72,0.05
2016-01-01T12:00:00Z,0.0,40.125,216.125,14.32,1.16
2016-01-01T12:00:00Z,0.0,40.125,220.125,14.33,0.82
2016-01-01T12:00:00Z,0.0,40.125,224.125,14.21,0.5
2016-01-01T12:00:00Z,0.0,40.125,228.125,14.37,0.63
2016-01-01T12:00:00Z,0.0,40.125,232.125,13.0,0.36
2016-01-01T12:00:00Z,0.0,40.125,236.125,NaN,NaN
2016-01-01T12:00:00Z,0.0,40.125,240.125,NaN,NaN
2016-01-01T12:00:00Z,0.0,40.125,244.125,NaN,NaN
2016-01-01T12:00:00Z,0.0,40.125,248.125,NaN,NaN
2016-01-01T12:00:00Z,0.0,40.125,252.125,NaN,NaN
2016-01-01T12:00:00Z,0.0,40.125,256.125,NaN,NaN
2016-01-01T12:00:00Z,0.0,40.125,260.125,NaN,NaN
2016-01-01T12:00:00Z,0.0,40.125,264.125,NaN,NaN
2016-01-01T12:00:00Z,0.0,40.125,268.125,NaN,NaN
2016-01-01T12:00:00Z,0.0,40.125,272.125,NaN,NaN
2016-01-01T12:00:00Z,0.0,40.125,276.125,NaN,NaN
2016-01-01T12:00:00Z,0.0,40.125,280.125,NaN,NaN
2016-01-01T12:00:00Z,0.0,40.125,284.125,NaN,NaN
2016-01-01T12:00:00Z,0.0,40.125,288.125,12.84,3.16
2016-01-01T12:00:00Z,0.0,40.125,292.125,16.61,5.18
2016-01-01T12:00:00Z,0.0,40.125,296.125,18.75,3.15
2016-01-01T12:00:00Z,0.0,40.125,300.125,19.33,1.47
2016-01-01T12:00:00Z,0.0,40.125,304.125,17.9,-0.41
2016-01-01T12:00:00Z,0.0,40.125,308.125,18.68,1.23
2016-01-01T12:00:00Z,0.0,40.125,312.125,17.47,0.09
2016-01-01T12:00:00Z,0.0,40.125,316.125,17.12,-0.77
2016-01-01T12:00:00Z,0.0,40.125,320.125,16.21,-0.89
2016-01-01T12:00:00Z,0.0,40.125,324.125,15.71,-1.17
2016-01-01T12:00:00Z,0.0,40.125,328.125,15.12,-1.33
2016-01-01T12:00:00Z,0.0,40.125,332.125,15.42,-0.53
2016-01-01T12:00:00Z,0.0,40.125,336.125,16.07,0.2
2016-01-01T12:00:00Z,0.0,40.125,340.125,15.32,-0.41
2016-01-01T12:00:00Z,0.0,40.125,344.125,16.36,0.88
2016-01-01T12:00:00Z,0.0,40.125,348.125,15.89,0.5
2016-01-01T12:00:00Z,0.0,40.125,352.125,NaN,NaN
2016-01-01T12:00:00Z,0.0,40.125,356.125,NaN,NaN
2016-01-01T12:00:00Z,0.0,44.125,0.125,NaN,NaN
2016-01-01T12:00:00Z,0.0,44.125,4.125,NaN,NaN
2016-01-01T12:00:00Z,0.0,44.125,8.125,NaN,NaN
2016-01-01T12:00:00Z,0.0,44.125,12.125,NaN,NaN
2016-01-01T12:00:00Z,0.0,44.125,16.125,NaN,NaN
2016-01-01T12:00:00Z,0.0,44.125,20.125,NaN,NaN
2016-01-01T12:00:00Z,0.0,44.125,24.125,NaN,NaN
2016-01-01T12:00:00Z,0.0,44.125,28.125,NaN,NaN
2016-01-01T12:00:00Z,0.0,44.125,32.125,9.2,0.17
2016-01-01T12:00:00Z,0.0,44.125,36.125,8.59,-0.45
2016-01-01T12:00:00Z,0.0,44.125,40.125,NaN,NaN
2016-01-01T12:00:00Z,0.0,44.125,44.125,NaN,NaN
2016-01-01T12:00:00Z,0.0,44.125,48.125,7.79,1.3
2016-01-01T12:00:00Z,0.0,44.125,52.125,NaN,NaN
2016-01-01T12:00:00Z,0.0,44.125,56.125,NaN,NaN
2016-01-01T12:00:00Z,0.0,44.125,60.125,NaN,NaN
2016-01-01T12:00:00Z,0.0,44.125,64.125,NaN,NaN
2016-01-01T12:00:00Z,0.0,44.125,68.125,NaN,NaN
2016-01-01T12:00:00Z,0.0,44.125,72.125,NaN,NaN
2016-01-01T12:00:00Z,0.0,44.125,76.125,NaN,NaN
2016-01-01T12:00:00Z,0.0,44.125,80.125,NaN,NaN
2016-01-01T12:00:00Z,0.0,44.125,84.125,NaN,NaN
2016-01-01T12:00:00Z,0.0,44.125,88.125,NaN,NaN
2016-01-01T12:00:00Z,0.0,44.125,92.125,NaN,NaN
2016-01-01T12:00:00Z,0.0,44.125,96.125,NaN,NaN
2016-01-01T12:00:00Z,0.0,44.125,100.125,NaN,NaN
2016-01-01T12:00:00Z,0.0,44.125,104.125,NaN,NaN
2016-01-01T12:00:00Z,0.0,44.125,108.125,NaN,NaN
2016-01-01T12:00:00Z,0.0,44.125,112.125,NaN,NaN
2016-01-01T12:00:00Z,0.0,44.125,116.125,NaN,NaN
2016-01-01T12:00:00Z,0.0,44.125,120.125,NaN,NaN
2016-01-01T12:00:00Z,0.0,44.125,124.125,NaN,NaN
2016-01-01T12:00:00Z,0.0,44.125,128.125,NaN,NaN
2016-01-01T12:00:00Z,0.0,44.125,132.125,NaN,NaN
2016-01-01T12:00:00Z,0.0,44.125,136.125,3.61,1.02
2016-01-01T12:00:00Z,0.0,44.125,140.125,8.67,2.81
2016-01-01T12:00:00Z,0.0,44.125,144.125,1.67,-0.89
2016-01-01T12:00:00Z,0.0,44.125,148.125,3.41,-0.16
2016-01-01T12:00:00Z,0.0,44.125,152.125,4.41,0.86
2016-01-01T12:00:00Z,0.0,44.125,156.125,4.41,-0.67
2016-01-01T12:00:00Z,0.0,44.125,160.125,5.13,-0.97
2016-01-01T12:00:00Z,0.0,44.125,164.125,7.05,0.73
2016-01-01T12:00:00Z,0.0,44.125,168.125,5.92,-0.09
2016-01-01T12:00:00Z,0.0,44.125,172.125,6.72,-0.33
2016-01-01T12:00:00Z,0.0,44.125,176.125,7.13,-0.56
2016-01-01T12:00:00Z,0.0,44.125,180.125,6.92,-1.01
2016-01-01T12:00:00Z,0.0,44.125,184.125,7.03,-1.0
2016-01-01T12:00:00Z,0.0,44.125,188.125,8.32,0.25
2016-01-01T12:00:00Z,0.0,44.125,192.125,7.51,-0.72
2016-01-01T12:00:00Z,0.0,44.125,196.125,7.71,-0.74
2016-01-01T12:00:00Z,0.0,44.125,200.125,7.89,-0.73
2016-01-01T12:00:00Z,0.0,44.125,204.125,8.57,-0.3
2016-01-01T12:00:00Z,0.0,44.125,208.125,8.74,-0.5
2016-01-01T12:00:00Z,0.0,44.125,212.125,9.64,-0.03
2016-01-01T12:00:00Z,0.0,44.125,216.125,10.28,0.15
2016-01-01T12:00:00Z,0.0,44.125,220.125,11.55,0.9
2016-01-01T12:00:00Z,0.0,44.125,224.125,11.85,0.77
2016-01-01T12:00:00Z,0.0,44.125,228.125,11.67,0.23
2016-01-01T12:00:00Z,0.0,44.125,232.125,11.41,0.57
2016-01-01T12:00:00Z,0.0,44.125,236.125,NaN,NaN
2016-01-01T12:00:00Z,0.0,44.125,240.125,NaN,NaN
2016-01-01T12:00:00Z,0.0,44.125,244.125,NaN,NaN
2016-01-01T12:00:00Z,0.0,44.125,248.125,NaN,NaN
2016-01-01T12:00:00Z,0.0,44.125,252.125,NaN,NaN
2016-01-01T12:00:00Z,0.0,44.125,256.125,NaN,NaN
2016-01-01T12:00:00Z,0.0,44.125,260.125,NaN,NaN
2016-01-01T12:00:00Z,0.0,44.125,264.125,NaN,NaN
2016-01-01T12:00:00Z,0.0,44.125,268.125,NaN,NaN
2016-01-01T12:00:00Z,0.0,44.125,272.125,NaN,NaN
2016-01-01T12:00:00Z,0.0,44.125,276.125,NaN,NaN
2016-01-01T12:00:00Z,0.0,44.125,280.125,NaN,NaN
2016-01-01T12:00:00Z,0.0,44.125,284.125,NaN,NaN
2016-01-01T12:00:00Z,0.0,44.125,288.125,NaN,NaN
2016-01-01T12:00:00Z,0.0,44.125,292.125,8.53,2.23
2016-01-01T12:00:00Z,0.0,44.125,296.125,6.43,2.41
2016-01-01T12:00:00Z,0.0,44.125,300.125,5.01,0.25
2016-01-01T12:00:00Z,0.0,44.125,304.125,8.65,2.71
2016-01-01T12:00:00Z,0.0,44.125,308.125,4.82,0.03
2016-01-01T12:00:00Z,0.0,44.125,312.125,7.91,0.85
2016-01-01T12:00:00Z,0.0,44.125,316.125,13.47,-0.73
2016-01-01T12:00:00Z,0.0,44.125,320.125,14.15,-1.27
2016-01-01T12:00:00Z,0.0,44.125,324.125,12.53,-2.31
2016-01-01T12:00:00Z,0.0,44.125,328.125,13.57,-1.18
2016-01-01T12:00:00Z,0.0,44.125,332.125,14.38,-0.08
2016-01-01T12:00:00Z,0.0,44.125,336.125,14.3,0.13
2016-01-01T12:00:00Z,0.0,44.125,340.125,13.77,-0.17
2016-01-01T12:00:00Z,0.0,44.125,344.125,13.7,-0.04
2016-01-01T12:00:00Z,0.0,44.125,348.125,13.5,-0.02
2016-01-01T12:00:00Z,0.0,44.125,352.125,14.4,1.01
2016-01-01T12:00:00Z,0.0,44.125,356.125,14.4,1.17
2016-01-01T12:00:00Z,0.0,48.125,0.125,NaN,NaN
2016-01-01T12:00:00Z,0.0,48.125,4.125,NaN,NaN
2016-01-01T12:00:00Z,0.0,48.125,8.125,NaN,NaN
2016-01-01T12:00:00Z,0.0,48.125,12.125,NaN,NaN
2016-01-01T12:00:00Z,0.0,48.125,16.125,NaN,NaN
2016-01-01T12:00:00Z,0.0,48.125,20.125,NaN,NaN
2016-01-01T12:00:00Z,0.0,48.125,24.125,NaN,NaN
2016-01-01T12:00:00Z,0.0,48.125,28.125,NaN,NaN
2016-01-01T12:00:00Z,0.0,48.125,32.125,NaN,NaN
2016-01-01T12:00:00Z,0.0,48.125,36.125,NaN,NaN
2016-01-01T12:00:00Z,0.0,48.125,40.125,NaN,NaN
2016-01-01T12:00:00Z,0.0,48.125,44.125,NaN,NaN
2016-01-01T12:00:00Z,0.0,48.125,48.125,NaN,NaN
2016-01-01T12:00:00Z,0.0,48.125,52.125,NaN,NaN
2016-01-01T12:00:00Z,0.0,48.125,56.125,NaN,NaN
2016-01-01T12:00:00Z,0.0,48.125,60.125,NaN,NaN
2016-01-01T12:00:00Z,0.0,48.125,64.125,NaN,NaN
2016-01-01T12:00:00Z,0.0,48.125,68.125,NaN,NaN
2016-01-01T12:00:00Z,0.0,48.125,72.125,NaN,NaN
2016-01-01T12:00:00Z,0.0,48.125,76.125,NaN,NaN
2016-01-01T12:00:00Z,0.0,48.125,80.125,NaN,NaN
2016-01-01T12:00:00Z,0.0,48.125,84.125,NaN,NaN
2016-01-01T12:00:00Z,0.0,48.125,88.125,NaN,NaN
2016-01-01T12:00:00Z,0.0,48.125,92.125,NaN,NaN
2016-01-01T12:00:00Z,0.0,48.125,96.125,NaN,NaN
2016-01-01T12:00:00Z,0.0,48.125,100.125,NaN,NaN
2016-01-01T12:00:00Z,0.0,48.125,104.125,NaN,NaN
2016-01-01T12:00:00Z,0.0,48.125,108.125,NaN,NaN
2016-01-01T12:00:00Z,0.0,48.125,112.125,NaN,NaN
2016-01-01T12:00:00Z,0.0,48.125,116.125,NaN,NaN
2016-01-01T12:00:00Z,0.0,48.125,120.125,NaN,NaN
2016-01-01T12:00:00Z,0.0,48.125,124.125,NaN,NaN
2016-01-01T12:00:00Z,0.0,48.125,128.125,NaN,NaN
2016-01-01T12:00:00Z,0.0,48.125,132.125,NaN,NaN
2016-01-01T12:00:00Z,0.0,48.125,136.125,NaN,NaN
2016-01-01T12:00:00Z,0.0,48.125,140.125,0.58,-1.13
2016-01-01T12:00:00Z,0.0,48.125,144.125,-0.08,-0.93
2016-01-01T12:00:00Z,0.0,48.125,148.125,1.34,-0.75
2016-01-01T12:00:00Z,0.0,48.125,152.125,2.09,-0.2
2016-01-01T12:00:00Z,0.0,48.125,156.125,1.99,-0.63
2016-01-01T12:00:00Z,0.0,48.125,160.125,2.16,-1.05
2016-01-01T12:00:00Z,0.0,48.125,164.125,2.61,-1.21
2016-01-01T12:00:00Z,0.0,48.125,168.125,2.84,-1.26
2016-01-01T12:00:00Z,0.0,48.125,172.125,3.42,-1.14
2016-01-01T12:00:00Z,0.0,48.125,176.125,3.93,-0.86
2016-01-01T12:00:00Z,0.0,48.125,180.125,3.86,-1.14
2016-01-01T12:00:00Z,0.0,48.125,184.125,4.17,-1.08
2016-01-01T12:00:00Z,0.0,48.125,188.125,4.56,-0.96
2016-01-01T12:00:00Z,0.0,48.125,192.125,5.22,-0.61
2016-01-01T12:00:00Z,0.0,48.125,196.125,5.63,-0.47
2016-01-01T12:00:00Z,0.0,48.125,200.125,5.57,-0.7
2016-01-01T12:00:00Z,0.0,48.125,204.125,6.04,-0.5
2016-01-01T12:00:00Z,0.0,48.125,208.125,6.27,-0.61
2016-01-01T12:00:00Z,0.0,48.125,212.125,7.24,-0.09
2016-01-01T12:00:00Z,0.0,48.125,216.125,8.28,0.4
2016-01-01T12:00:00Z,0.0,48.125,220.125,9.08,0.69
2016-01-01T12:00:00Z,0.0,48.125,224.125,9.45,0.58
2016-01-01T12:00:00Z,0.0,48.125,228.125,9.92,0.59
2016-01-01T12:00:00Z,0.0,48.125,232.125,9.87,0.49
2016-01-01T12:00:00Z,0.0,48.125,236.125,NaN,NaN
2016-01-01T12:00:00Z,0.0,48.125,240.125,NaN,NaN
2016-01-01T12:00:00Z,0.0,48.125,244.125,NaN,NaN
2016-01-01T12:00:00Z,0.0,48.125,248.125,NaN,NaN
2016-01-01T12:00:00Z,0.0,48.125,252.125,NaN,NaN
2016-01-01T12:00:00Z,0.0,48.125,256.125,NaN,NaN
2016-01-01T12:00:00Z,0.0,48.125,260.125,NaN,NaN
2016-01-01T12:00:00Z,0.0,48.125,264.125,NaN,NaN
2016-01-01T12:00:00Z,0.0,48.125,268.125,NaN,NaN
2016-01-01T12:00:00Z,0.0,48.125,272.125,5.04,1.99
2016-01-01T12:00:00Z,0.0,48.125,276.125,NaN,NaN
2016-01-01T12:00:00Z,0.0,48.125,280.125,NaN,NaN
2016-01-01T12:00:00Z,0.0,48.125,284.125,NaN,NaN
2016-01-01T12:00:00Z,0.0,48.125,288.125,NaN,NaN
2016-01-01T12:00:00Z,0.0,48.125,292.125,NaN,NaN
2016-01-01T12:00:00Z,0.0,48.125,296.125,1.34,0.8
2016-01-01T12:00:00Z,0.0,48.125,300.125,2.97,1.61
2016-01-01T12:00:00Z,0.0,48.125,304.125,NaN,NaN
2016-01-01T12:00:00Z,0.0,48.125,308.125,0.61,-0.41
2016-01-01T12:00:00Z,0.0,48.125,312.125,0.99,-0.99
2016-01-01T12:00:00Z,0.0,48.125,316.125,3.06,-3.9
2016-01-01T12:00:00Z,0.0,48.125,320.125,13.75,1.39
2016-01-01T12:00:00Z,0.0,48.125,324.125,12.55,0.1
2016-01-01T12:00:00Z,0.0,48.125,328.125,11.97,-0.46
2016-01-01T12:00:00Z,0.0,48.125,332.125,10.7,-1.9
2016-01-01T12:00:00Z,0.0,48.125,336.125,11.68,-0.95
2016-01-01T12:00:00Z,0.0,48.125,340.125,12.83,0.17
2016-01-01T12:00:00Z,0.0,48.125,344.125,12.8,0.43
2016-01-01T12:00:00Z,0.0,48.125,348.125,12.48,0.27
2016-01-01T12:00:00Z,0.0,48.125,352.125,12.43,0.61
2016-01-01T12:00:00Z,0.0,48.125,356.125,NaN,NaN
2016-01-01T12:00:00Z,0.0,52.125,0.125,NaN,NaN
2016-01-01T12:00:00Z,0.0,52.125,4.125,9.55,1.72
2016-01-01T12:00:00Z,0.0,52.125,8.125,NaN,NaN
2016-01-01T12:00:00Z,0.0,52.125,12.125,NaN,NaN
2016-01-01T12:00:00Z,0.0,52.125,16.125,NaN,NaN
2016-01-01T12:00:00Z,0.0,52.125,20.125,NaN,NaN
2016-01-01T12:00:00Z,0.0,52.125,24.125,NaN,NaN
2016-01-01T12:00:00Z,0.0,52.125,28.125,NaN,NaN
2016-01-01T12:00:00Z,0.0,52.125,32.125,NaN,NaN
2016-01-01T12:00:00Z,0.0,52.125,36.125,NaN,NaN
2016-01-01T12:00:00Z,0.0,52.125,40.125,NaN,NaN
2016-01-01T12:00:00Z,0.0,52.125,44.125,NaN,NaN
2016-01-01T12:00:00Z,0.0,52.125,48.125,NaN,NaN
2016-01-01T12:00:00Z,0.0,52.125,52.125,NaN,NaN
2016-01-01T12:00:00Z,0.0,52.125,56.125,NaN,NaN
2016-01-01T12:00:00Z,0.0,52.125,60.125,NaN,NaN
2016-01-01T12:00:00Z,0.0,52.125,64.125,NaN,NaN
2016-01-01T12:00:00Z,0.0,52.125,68.125,NaN,NaN
2016-01-01T12:00:00Z,0.0,52.125,72.125,NaN,NaN
2016-01-01T12:00:00Z,0.0,52.125,76.125,NaN,NaN
2016-01-01T12:00:00Z,0.0,52.125,80.125,NaN,NaN
2016-01-01T12:00:00Z,0.0,52.125,84.125,NaN,NaN
2016-01-01T12:00:00Z,0.0,52.125,88.125,NaN,NaN
2016-01-01T12:00:00Z,0.0,52.125,92.125,NaN,NaN
2016-01-01T12:00:00Z,0.0,52.125,96.125,NaN,NaN
2016-01-01T12:00:00Z,0.0,52.125,100.125,NaN,NaN
2016-01-01T12:00:00Z,0.0,52.125,104.125,NaN,NaN
2016-01-01T12:00:00Z,0.0,52.125,108.125,NaN,NaN
2016-01-01T12:00:00Z,0.0,52.125,112.125,NaN,NaN
2016-01-01T12:00:00Z,0.0,52.125,116.125,NaN,NaN
2016-01-01T12:00:00Z,0.0,52.125,120.125,NaN,NaN
2016-01-01T12:00:00Z,0.0,52.125,124.125,NaN,NaN
2016-01-01T12:00:00Z,0.0,52.125,128.125,NaN,NaN
2016-01-01T12:00:00Z,0.0,52.125,132.125,NaN,NaN
2016-01-01T12:00:00Z,0.0,52.125,136.125,NaN,NaN
2016-01-01T12:00:00Z,0.0,52.125,140.125,NaN,NaN
2016-01-01T12:00:00Z,0.0,52.125,144.125,-1.43,-1.45
2016-01-01T12:00:00Z,0.0,52.125,148.125,0.48,-0.4
2016-01-01T12:00:00Z,0.0,52.125,152.125,1.5,0.13
2016-01-01T12:00:00Z,0.0,52.125,156.125,-1.21,-3.02
2016-01-01T12:00:00Z,0.0,52.125,160.125,1.72,-0.61
2016-01-01T12:00:00Z,0.0,52.125,164.125,1.7,-1.47
2016-01-01T12:00:00Z,0.0,52.125,168.125,2.91,-0.79
2016-01-01T12:00:00Z,0.0,52.125,172.125,3.43,-0.66
2016-01-01T12:00:00Z,0.0,52.125,176.125,3.64,-0.57
2016-01-01T12:00:00Z,0.0,52.125,180.125,4.06,-0.24
2016-01-01T12:00:00Z,0.0,52.125,184.125,4.14,-0.37
2016-01-01T12:00:00Z,0.0,52.125,188.125,4.59,-0.1
2016-01-01T12:00:00Z,0.0,52.125,192.125,4.81,-0.08
2016-01-01T12:00:00Z,0.0,52.125,196.125,4.75,-0.2
2016-01-01T12:00:00Z,0.0,52.125,200.125,5.0,-0.02
2016-01-01T12:00:00Z,0.0,52.125,204.125,5.09,-0.04
2016-01-01T12:00:00Z,0.0,52.125,208.125,5.75,0.36
2016-01-01T12:00:00Z,0.0,52.125,212.125,6.21,0.37
2016-01-01T12:00:00Z,0.0,52.125,216.125,6.94,0.45
2016-01-01T12:00:00Z,0.0,52.125,220.125,7.89,0.76
2016-01-01T12:00:00Z,0.0,52.125,224.125,8.42,0.69
2016-01-01T12:00:00Z,0.0,52.125,228.125,9.12,1.16
2016-01-01T12:00:00Z,0.0,52.125,232.125,NaN,NaN
2016-01-01T12:00:00Z,0.0,52.125,236.125,NaN,NaN
2016-01-01T12:00:00Z,0.0,52.125,240.125,NaN,NaN
2016-01-01T12:00:00Z,0.0,52.125,244.125,NaN,NaN
2016-01-01T12:00:00Z,0.0,52.125,248.125,NaN,NaN
2016-01-01T12:00:00Z,0.0,52.125,252.125,NaN,NaN
2016-01-01T12:00:00Z,0.0,52.125,256.125,NaN,NaN
2016-01-01T12:00:00Z,0.0,52.125,260.125,NaN,NaN
2016-01-01T12:00:00Z,0.0,52.125,264.125,NaN,NaN
2016-01-01T12:00:00Z,0.0,52.125,268.125,NaN,NaN
2016-01-01T12:00:00Z,0.0,52.125,272.125,NaN,NaN
2016-01-01T12:00:00Z,0.0,52.125,276.125,NaN,NaN
2016-01-01T12:00:00Z,0.0,52.125,280.125,-0.9,0.37
2016-01-01T12:00:00Z,0.0,52.125,284.125,NaN,NaN
2016-01-01T12:00:00Z,0.0,52.125,288.125,NaN,NaN
2016-01-01T12:00:00Z,0.0,52.125,292.125,NaN,NaN
2016-01-01T12:00:00Z,0.0,52.125,296.125,NaN,NaN
2016-01-01T12:00:00Z,0.0,52.125,300.125,NaN,NaN
2016-01-01T12:00:00Z,0.0,52.125,304.125,NaN,NaN
2016-01-01T12:00:00Z,0.0,52.125,308.125,0.13,-0.88
2016-01-01T12:00:00Z,0.0,52.125,312.125,4.21,-0.51
2016-01-01T12:00:00Z,0.0,52.125,316.125,4.29,-2.63
2016-01-01T12:00:00Z,0.0,52.125,320.125,5.86,-1.5
2016-01-01T12:00:00Z,0.0,52.125,324.125,5.68,-1.88
2016-01-01T12:00:00Z,0.0,52.125,328.125,7.59,-1.04
2016-01-01T12:00:00Z,0.0,52.125,332.125,8.31,-1.29
2016-01-01T12:00:00Z,0.0,52.125,336.125,9.53,-0.94
2016-01-01T12:00:00Z,0.0,52.125,340.125,10.36,-0.77
2016-01-01T12:00:00Z,0.0,52.125,344.125,11.0,-0.23
2016-01-01T12:00:00Z,0.0,52.125,348.125,10.65,-0.17
2016-01-01T12:00:00Z,0.0,52.125,352.125,NaN,NaN
2016-01-01T12:00:00Z,0.0,52.125,356.125,NaN,NaN
2016-01-01T12:00:00Z,0.0,56.125,0.125,9.0,1.22
2016-01-01T12:00:00Z,0.0,56.125,4.125,8.0,0.74
2016-01-01T12:00:00Z,0.0,56.125,8.125,7.08,0.77
2016-01-01T12:00:00Z,0.0,56.125,12.125,6.36,3.18
2016-01-01T12:00:00Z,0.0,56.125,16.125,6.48,2.0
2016-01-01T12:00:00Z,0.0,56.125,20.125,6.42,1.78
2016-01-01T12:00:00Z,0.0,56.125,24.125,NaN,NaN
2016-01-01T12:00:00Z,0.0,56.125,28.125,NaN,NaN
2016-01-01T12:00:00Z,0.0,56.125,32.125,NaN,NaN
2016-01-01T12:00:00Z,0.0,56.125,36.125,NaN,NaN
2016-01-01T12:00:00Z,0.0,56.125,40.125,NaN,NaN
2016-01-01T12:00:00Z,0.0,56.125,44.125,NaN,NaN
2016-01-01T12:00:00Z,0.0,56.125,48.125,NaN,NaN
2016-01-01T12:00:00Z,0.0,56.125,52.125,NaN,NaN
2016-01-01T12:00:00Z,0.0,56.125,56.125,NaN,NaN
2016-01-01T12:00:00Z,0.0,56.125,60.125,NaN,NaN
2016-01-01T12:00:00Z,0.0,56.125,64.125,NaN,NaN
2016-01-01T12:00:00Z,0.0,56.125,68.125,NaN,NaN
2016-01-01T12:00:00Z,0.0,56.125,72.125,NaN,NaN
2016-01-01T12:00:00Z,0.0,56.125,76.125,NaN,NaN
2016-01-01T12:00:00Z,0.0,56.125,80.125,NaN,NaN
2016-01-01T12:00:00Z,0.0,56.125,84.125,NaN,NaN
2016-01-01T12:00:00Z,0.0,56.125,88.125,NaN,NaN
2016-01-01T12:00:00Z,0.0,56.125,92.125,NaN,NaN
2016-01-01T12:00:00Z,0.0,56.125,96.125,NaN,NaN
2016-01-01T12:00:00Z,0.0,56.125,100.125,NaN,NaN
2016-01-01T12:00:00Z,0.0,56.125,104.125,NaN,NaN
2016-01-01T12:00:00Z,0.0,56.125,108.125,NaN,NaN
2016-01-01T12:00:00Z,0.0,56.125,112.125,NaN,NaN
2016-01-01T12:00:00Z,0.0,56.125,116.125,NaN,NaN
2016-01-01T12:00:00Z,0.0,56.125,120.125,NaN,NaN
2016-01-01T12:00:00Z,0.0,56.125,124.125,NaN,NaN
2016-01-01T12:00:00Z,0.0,56.125,128.125,NaN,NaN
2016-01-01T12:00:00Z,0.0,56.125,132.125,NaN,NaN
2016-01-01T12:00:00Z,0.0,56.125,136.125,NaN,NaN
2016-01-01T12:00:00Z,0.0,56.125,140.125,-1.21,-1.08
2016-01-01T12:00:00Z,0.0,56.125,144.125,0.63,0.43
2016-01-01T12:00:00Z,0.0,56.125,148.125,0.24,-0.12
2016-01-01T12:00:00Z,0.0,56.125,152.125,-0.01,-0.58
2016-01-01T12:00:00Z,0.0,56.125,156.125,NaN,NaN
2016-01-01T12:00:00Z,0.0,56.125,160.125,NaN,NaN
2016-01-01T12:00:00Z,0.0,56.125,164.125,1.81,0.34
2016-01-01T12:00:00Z,0.0,56.125,168.125,0.98,-1.11
2016-01-01T12:00:00Z,0.0,56.125,172.125,2.84,0.16
2016-01-01T12:00:00Z,0.0,56.125,176.125,2.91,0.08
2016-01-01T12:00:00Z,0.0,56.125,180.125,3.08,0.1
2016-01-01T12:00:00Z,0.0,56.125,184.125,3.42,-0.08
2016-01-01T12:00:00Z,0.0,56.125,188.125,4.36,0.55
2016-01-01T12:00:00Z,0.0,56.125,192.125,4.74,0.91
2016-01-01T12:00:00Z,0.0,56.125,196.125,5.03,1.22
2016-01-01T12:00:00Z,0.0,56.125,200.125,NaN,NaN
2016-01-01T12:00:00Z,0.0,56.125,204.125,5.84,0.75
2016-01-01T12:00:00Z,0.0,56.125,208.125,6.0,0.71
2016-01-01T12:00:00Z,0.0,56.125,212.125,5.91,0.74
2016-01-01T12:00:00Z,0.0,56.125,216.125,6.83,1.24
2016-01-01T12:00:00Z,0.0,56.125,220.125,7.07,0.8
2016-01-01T12:00:00Z,0.0,56.125,224.125,7.68,0.83
2016-01-01T12:00:00Z,0.0,56.125,228.125,NaN,NaN
2016-01-01T12:00:00Z,0.0,56.125,232.125,NaN,NaN
2016-01-01T12:00:00Z,0.0,56.125,236.125,NaN,NaN
2016-01-01T12:00:00Z,0.0,56.125,240.125,NaN,NaN
2016-01-01T12:00:00Z,0.0,56.125,244.125,NaN,NaN
2016-01-01T12:00:00Z,0.0,56.125,248.125,NaN,NaN
2016-01-01T12:00:00Z,0.0,56.125,252.125,NaN,NaN
2016-01-01T12:00:00Z,0.0,56.125,256.125,NaN,NaN
2016-01-01T12:00:00Z,0.0,56.125,260.125,NaN,NaN
2016-01-01T12:00:00Z,0.0,56.125,264.125,NaN,NaN
2016-01-01T12:00:00Z,0.0,56.125,268.125,NaN,NaN
2016-01-01T12:00:00Z,0.0,56.125,272.125,NaN,NaN
2016-01-01T12:00:00Z,0.0,56.125,276.125,-1.29,0.2
2016-01-01T12:00:00Z,0.0,56.125,280.125,-0.96,0.39
2016-01-01T12:00:00Z,0.0,56.125,284.125,NaN,NaN
2016-01-01T12:00:00Z,0.0,56.125,288.125,NaN,NaN
2016-01-01T12:00:00Z,0.0,56.125,292.125,NaN,NaN
2016-01-01T12:00:00Z,0.0,56.125,296.125,NaN,NaN
2016-01-01T12:00:00Z,0.0,56.125,300.125,-1.39,-1.02
2016-01-01T12:00:00Z,0.0,56.125,304.125,1.2,0.26
2016-01-01T12:00:00Z,0.0,56.125,308.125,-0.75,-3.1
2016-01-01T12:00:00Z,0.0,56.125,312.125,3.05,-0.25
2016-01-01T12:00:00Z,0.0,56.125,316.125,3.17,-0.45
2016-01-01T12:00:00Z,0.0,56.125,320.125,3.71,-0.81
2016-01-01T12:00:00Z,0.0,56.125,324.125,5.02,-0.94
2016-01-01T12:00:00Z,0.0,56.125,328.125,5.69,-1.4
2016-01-01T12:00:00Z,0.0,56.125,332.125,6.46,-1.66
2016-01-01T12:00:00Z,0.0,56.125,336.125,8.2,-1.06
2016-01-01T12:00:00Z,0.0,56.125,340.125,9.26,-0.72
2016-01-01T12:00:00Z,0.0,56.125,344.125,8.96,-1.02
2016-01-01T12:00:00Z,0.0,56.125,348.125,9.84,-0.23
2016-01-01T12:00:00Z,0.0,56.125,352.125,10.08,0.5
2016-01-01T12:00:00Z,0.0,56.125,356.125,NaN,NaN
2016-01-01T12:00:00Z,0.0,60.125,0.125,8.97,0.65
2016-01-01T12:00:00Z,0.0,60.125,4.125,8.35,0.83
2016-01-01T12:00:00Z,0.0,60.125,8.125,NaN,NaN
2016-01-01T12:00:00Z,0.0,60.125,12.125,NaN,NaN
2016-01-01T12:00:00Z,0.0,60.125,16.125,NaN,NaN
2016-01-01T12:00:00Z,0.0,60.125,20.125,NaN,NaN
2016-01-01T12:00:00Z,0.0,60.125,24.125,NaN,NaN
2016-01-01T12:00:00Z,0.0,60.125,28.125,3.21,1.33
2016-01-01T12:00:00Z,0.0,60.125,32.125,NaN,NaN
2016-01-01T12:00:00Z,0.0,60.125,36.125,NaN,NaN
2016-01-01T12:00:00Z,0.0,60.125,40.125,NaN,NaN
2016-01-01T12:00:00Z,0.0,60.125,44.125,NaN,NaN
2016-01-01T12:00:00Z,0.0,60.125,48.125,NaN,NaN
2016-01-01T12:00:00Z,0.0,60.125,52.125,NaN,NaN
2016-01-01T12:00:00Z,0.0,60.125,56.125,NaN,NaN
2016-01-01T12:00:00Z,0.0,60.125,60.125,NaN,NaN
2016-01-01T12:00:00Z,0.0,60.125,64.125,NaN,NaN
2016-01-01T12:00:00Z,0.0,60.125,68.125,NaN,NaN
2016-01-01T12:00:00Z,0.0,60.125,72.125,NaN,NaN
2016-01-01T12:00:00Z,0.0,60.125,76.125,NaN,NaN
2016-01-01T12:00:00Z,0.0,60.125,80.125,NaN,NaN
2016-01-01T12:00:00Z,0.0,60.125,84.125,NaN,NaN
2016-01-01T12:00:00Z,0.0,60.125,88.125,NaN,NaN
2016-01-01T12:00:00Z,0.0,60.125,92.125,NaN,NaN
2016-01-01T12:00:00Z,0.0,60.125,96.125,NaN,NaN
2016-01-01T12:00:00Z,0.0,60.125,100.125,NaN,NaN
2016-01-01T12:00:00Z,0.0,60.125,104.125,NaN,NaN
2016-01-01T12:00:00Z,0.0,60.125,108.125,NaN,NaN
2016-01-01T12:00:00Z,0.0,60.125,112.125,NaN,NaN
2016-01-01T12:00:00Z,0.0,60.125,116.125,NaN,NaN
2016-01-01T12:00:00Z,0.0,60.125,120.125,NaN,NaN
2016-01-01T12:00:00Z,0.0,60.125,124.125,NaN,NaN
2016-01-01T12:00:00Z,0.0,60.125,128.125,NaN,NaN
2016-01-01T12:00:00Z,0.0,60.125,132.125,NaN,NaN
2016-01-01T12:00:00Z,0.0,60.125,136.125,NaN,NaN
2016-01-01T12:00:00Z,0.0,60.125,140.125,NaN,NaN
2016-01-01T12:00:00Z,0.0,60.125,144.125,NaN,NaN
2016-01-01T12:00:00Z,0.0,60.125,148.125,NaN,NaN
2016-01-01T12:00:00Z,0.0,60.125,152.125,NaN,NaN
2016-01-01T12:00:00Z,0.0,60.125,156.125,-1.53,-1.61
2016-01-01T12:00:00Z,0.0,60.125,160.125,-1.52,-1.57
2016-01-01T12:00:00Z,0.0,60.125,164.125,NaN,NaN
2016-01-01T12:00:00Z,0.0,60.125,168.125,-1.31,-2.13
2016-01-01T12:00:00Z,0.0,60.125,172.125,-0.78,-1.81
2016-01-01T12:00:00Z,0.0,60.125,176.125,-0.44,-2.03
2016-01-01T12:00:00Z,0.0,60.125,180.125,3.23,1.19
2016-01-01T12:00:00Z,0.0,60.125,184.125,2.7,0.83
2016-01-01T12:00:00Z,0.0,60.125,188.125,0.93,-0.15
2016-01-01T12:00:00Z,0.0,60.125,192.125,0.0,-0.27
2016-01-01T12:00:00Z,0.0,60.125,196.125,NaN,NaN
2016-01-01T12:00:00Z,0.0,60.125,200.125,NaN,NaN
2016-01-01T12:00:00Z,0.0,60.125,204.125,NaN,NaN
2016-01-01T12:00:00Z,0.0,60.125,208.125,4.51,-0.8
2016-01-01T12:00:00Z,0.0,60.125,212.125,NaN,NaN
2016-01-01T12:00:00Z,0.0,60.125,216.125,NaN,NaN
2016-01-01T12:00:00Z,0.0,60.125,220.125,NaN,NaN
2016-01-01T12:00:00Z,0.0,60.125,224.125,NaN,NaN
2016-01-01T12:00:00Z,0.0,60.125,228.125,NaN,NaN
2016-01-01T12:00:00Z,0.0,60.125,232.125,NaN,NaN
2016-01-01T12:00:00Z,0.0,60.125,236.125,NaN,NaN
2016-01-01T12:00:00Z,0.0,60.125,240.125,NaN,NaN
2016-01-01T12:00:00Z,0.0,60.125,244.125,NaN,NaN
2016-01-01T12:00:00Z,0.0,60.125,248.125,NaN,NaN
2016-01-01T12:00:00Z,0.0,60.125,252.125,NaN,NaN
2016-01-01T12:00:00Z,0.0,60.125,256.125,NaN,NaN
2016-01-01T12:00:00Z,0.0,60.125,260.125,NaN,NaN
2016-01-01T12:00:00Z,0.0,60.125,264.125,NaN,NaN
2016-01-01T12:00:00Z,0.0,60.125,268.125,-1.55,0.08
2016-01-01T12:00:00Z,0.0,60.125,272.125,-1.5,0.22
2016-01-01T12:00:00Z,0.0,60.125,276.125,-1.54,0.14
2016-01-01T12:00:00Z,0.0,60.125,280.125,-1.39,0.13
2016-01-01T12:00:00Z,0.0,60.125,284.125,NaN,NaN
2016-01-01T12:00:00Z,0.0,60.125,288.125,NaN,NaN
2016-01-01T12:00:00Z,0.0,60.125,292.125,-1.5,-0.23
2016-01-01T12:00:00Z,0.0,60.125,296.125,-1.45,-0.48
2016-01-01T12:00:00Z,0.0,60.125,300.125,-1.52,-1.71
2016-01-01T12:00:00Z,0.0,60.125,304.125,2.26,0.27
2016-01-01T12:00:00Z,0.0,60.125,308.125,-0.67,-2.81
2016-01-01T12:00:00Z,0.0,60.125,312.125,0.62,-1.06
2016-01-01T12:00:00Z,0.0,60.125,316.125,NaN,NaN
2016-01-01T12:00:00Z,0.0,60.125,320.125,4.3,0.08
2016-01-01T12:00:00Z,0.0,60.125,324.125,3.91,-0.94
2016-01-01T12:00:00Z,0.0,60.125,328.125,6.18,0.12
2016-01-01T12:00:00Z,0.0,60.125,332.125,6.87,-0.48
2016-01-01T12:00:00Z,0.0,60.125,336.125,6.99,-1.2
2016-01-01T12:00:00Z,0.0,60.125,340.125,6.9,-1.74
2016-01-01T12:00:00Z,0.0,60.125,344.125,7.49,-1.22
2016-01-01T12:00:00Z,0.0,60.125,348.125,8.34,-0.62
2016-01-01T12:00:00Z,0.0,60.125,352.125,8.4,-0.48
2016-01-01T12:00:00Z,0.0,60.125,356.125,11.18,2.55
2016-01-01T12:00:00Z,0.0,64.125,0.125,6.63,-0.05
2016-01-01T12:00:00Z,0.0,64.125,4.125,8.26,0.74
2016-01-01T12:00:00Z,0.0,64.125,8.125,8.56,1.47
2016-01-01T12:00:00Z,0.0,64.125,12.125,NaN,NaN
2016-01-01T12:00:00Z,0.0,64.125,16.125,NaN,NaN
2016-01-01T12:00:00Z,0.0,64.125,20.125,NaN,NaN
2016-01-01T12:00:00Z,0.0,64.125,24.125,NaN,NaN
2016-01-01T12:00:00Z,0.0,64.125,28.125,NaN,NaN
2016-01-01T12:00:00Z,0.0,64.125,32.125,NaN,NaN
2016-01-01T12:00:00Z,0.0,64.125,36.125,NaN,NaN
2016-01-01T12:00:00Z,0.0,64.125,40.125,NaN,NaN
2016-01-01T12:00:00Z,0.0,64.125,44.125,NaN,NaN
2016-01-01T12:00:00Z,0.0,64.125,48.125,NaN,NaN
2016-01-01T12:00:00Z,0.0,64.125,52.125,NaN,NaN
2016-01-01T12:00:00Z,0.0,64.125,56.125,NaN,NaN
2016-01-01T12:00:00Z,0.0,64.125,60.125,NaN,NaN
2016-01-01T12:00:00Z,0.0,64.125,64.125,NaN,NaN
2016-01-01T12:00:00Z,0.0,64.125,68.125,NaN,NaN
2016-01-01T12:00:00Z,0.0,64.125,72.125,NaN,NaN
2016-01-01T12:00:00Z,0.0,64.125,76.125,NaN,NaN
2016-01-01T12:00:00Z,0.0,64.125,80.125,NaN,NaN
2016-01-01T12:00:00Z,0.0,64.125,84.125,NaN,NaN
2016-01-01T12:00:00Z,0.0,64.125,88.125,NaN,NaN
2016-01-01T12:00:00Z,0.0,64.125,92.125,NaN,NaN
2016-01-01T12:00:00Z,0.0,64.125,96.125,NaN,NaN
2016-01-01T12:00:00Z,0.0,64.125,100.125,NaN,NaN
2016-01-01T12:00:00Z,0.0,64.125,104.125,NaN,NaN
2016-01-01T12:00:00Z,0.0,64.125,108.125,NaN,NaN
2016-01-01T12:00:00Z,0.0,64.125,112.125,NaN,NaN
2016-01-01T12:00:00Z,0.0,64.125,116.125,NaN,NaN
2016-01-01T12:00:00Z,0.0,64.125,120.125,NaN,NaN
2016-01-01T12:00:00Z,0.0,64.125,124.125,NaN,NaN
2016-01-01T12:00:00Z,0.0,64.125,128.125,NaN,NaN
2016-01-01T12:00:00Z,0.0,64.125,132.125,NaN,NaN
2016-01-01T12:00:00Z,0.0,64.125,136.125,NaN,NaN
2016-01-01T12:00:00Z,0.0,64.125,140.125,NaN,NaN
2016-01-01T12:00:00Z,0.0,64.125,144.125,NaN,NaN
2016-01-01T12:00:00Z,0.0,64.125,148.125,NaN,NaN
2016-01-01T12:00:00Z,0.0,64.125,152.125,NaN,NaN
2016-01-01T12:00:00Z,0.0,64.125,156.125,NaN,NaN
2016-01-01T12:00:00Z,0.0,64.125,160.125,NaN,NaN
2016-01-01T12:00:00Z,0.0,64.125,164.125,NaN,NaN
2016-01-01T12:00:00Z,0.0,64.125,168.125,NaN,NaN
2016-01-01T12:00:00Z,0.0,64.125,172.125,NaN,NaN
2016-01-01T12:00:00Z,0.0,64.125,176.125,NaN,NaN
2016-01-01T12:00:00Z,0.0,64.125,180.125,-1.61,-0.82
2016-01-01T12:00:00Z,0.0,64.125,184.125,-1.51,-1.45
2016-01-01T12:00:00Z,0.0,64.125,188.125,-1.65,-1.09
2016-01-01T12:00:00Z,0.0,64.125,192.125,-1.57,-0.72
2016-01-01T12:00:00Z,0.0,64.125,196.125,-1.17,-0.39
2016-01-01T12:00:00Z,0.0,64.125,200.125,NaN,NaN
2016-01-01T12:00:00Z,0.0,64.125,204.125,NaN,NaN
2016-01-01T12:00:00Z,0.0,64.125,208.125,NaN,NaN
2016-01-01T12:00:00Z,0.0,64.125,212.125,NaN,NaN
2016-01-01T12:00:00Z,0.0,64.125,216.125,NaN,NaN
2016-01-01T12:00:00Z,0.0,64.125,220.125,NaN,NaN
2016-01-01T12:00:00Z,0.0,64.125,224.125,NaN,NaN
2016-01-01T12:00:00Z,0.0,64.125,228.125,NaN,NaN
2016-01-01T12:00:00Z,0.0,64.125,232.125,NaN,NaN
2016-01-01T12:00:00Z,0.0,64.125,236.125,NaN,NaN
2016-01-01T12:00:00Z,0.0,64.125,240.125,NaN,NaN
2016-01-01T12:00:00Z,0.0,64.125,244.125,NaN,NaN
2016-01-01T12:00:00Z,0.0,64.125,248.125,NaN,NaN
2016-01-01T12:00:00Z,0.0,64.125,252.125,NaN,NaN
2016-01-01T12:00:00Z,0.0,64.125,256.125,NaN,NaN
2016-01-01T12:00:00Z,0.0,64.125,260.125,NaN,NaN
2016-01-01T12:00:00Z,0.0,64.125,264.125,NaN,NaN
2016-01-01T12:00:00Z,0.0,64.125,268.125,NaN,NaN
2016-01-01T12:00:00Z,0.0,64.125,272.125,-1.49,0.21
2016-01-01T12:00:00Z,0.0,64.125,276.125,NaN,NaN
2016-01-01T12:00:00Z,0.0,64.125,280.125,-1.57,0.13
2016-01-01T12:00:00Z,0.0,64.125,284.125,-1.35,0.18
2016-01-01T12:00:00Z,0.0,64.125,288.125,NaN,NaN
2016-01-01T12:00:00Z,0.0,64.125,292.125,NaN,NaN
2016-01-01T12:00:00Z,0.0,64.125,296.125,-1.62,-0.03
2016-01-01T12:00:00Z,0.0,64.125,300.125,-1.75,-0.9
2016-01-01T12:00:00Z,0.0,64.125,304.125,-0.8,-1.3
2016-01-01T12:00:00Z,0.0,64.125,308.125,-1.32,-1.58
2016-01-01T12:00:00Z,0.0,64.125,312.125,NaN,NaN
2016-01-01T12:00:00Z,0.0,64.125,316.125,NaN,NaN
2016-01-01T12:00:00Z,0.0,64.125,320.125,-1.8,-4.63
2016-01-01T12:00:00Z,0.0,64.125,324.125,5.11,1.26
2016-01-01T12:00:00Z,0.0,64.125,328.125,5.23,0.02
2016-01-01T12:00:00Z,0.0,64.125,332.125,6.52,0.07
2016-01-01T12:00:00Z,0.0,64.125,336.125,6.39,0.07
2016-01-01T12:00:00Z,0.0,64.125,340.125,NaN,NaN
2016-01-01T12:00:00Z,0.0,64.125,344.125,6.98,-0.14
2016-01-01T12:00:00Z,0.0,64.125,348.125,6.87,0.87
2016-01-01T12:00:00Z,0.0,64.125,352.125,5.34,0.4
2016-01-01T12:00:00Z,0.0,64.125,356.125,4.68,-0.65
2016-01-01T12:00:00Z,0.0,68.125,0.125,5.96,0.34
2016-01-01T12:00:00Z,0.0,68.125,4.125,7.12,0.84
2016-01-01T12:00:00Z,0.0,68.125,8.125,7.42,0.78
2016-01-01T12:00:00Z,0.0,68.125,12.125,7.69,1.51
2016-01-01T12:00:00Z,0.0,68.125,16.125,5.65,0.15
2016-01-01T12:00:00Z,0.0,68.125,20.125,NaN,NaN
2016-01-01T12:00:00Z,0.0,68.125,24.125,NaN,NaN
2016-01-01T12:00:00Z,0.0,68.125,28.125,NaN,NaN
2016-01-01T12:00:00Z,0.0,68.125,32.125,NaN,NaN
2016-01-01T12:00:00Z,0.0,68.125,36.125,NaN,NaN
2016-01-01T12:00:00Z,0.0,68.125,40.125,3.65,1.92
2016-01-01T12:00:00Z,0.0,68.125,44.125,-1.38,-1.9
2016-01-01T12:00:00Z,0.0,68.125,48.125,-0.43,-0.56
2016-01-01T12:00:00Z,0.0,68.125,52.125,NaN,NaN
2016-01-01T12:00:00Z,0.0,68.125,56.125,NaN,NaN
2016-01-01T12:00:00Z,0.0,68.125,60.125,NaN,NaN
2016-01-01T12:00:00Z,0.0,68.125,64.125,NaN,NaN
2016-01-01T12:00:00Z,0.0,68.125,68.125,NaN,NaN
2016-01-01T12:00:00Z,0.0,68.125,72.125,NaN,NaN
2016-01-01T12:00:00Z,0.0,68.125,76.125,NaN,NaN
2016-01-01T12:00:00Z,0.0,68.125,80.125,NaN,NaN
2016-01-01T12:00:00Z,0.0,68.125,84.125,NaN,NaN
2016-01-01T12:00:00Z,0.0,68.125,88.125,NaN,NaN
2016-01-01T12:00:00Z,0.0,68.125,92.125,NaN,NaN
2016-01-01T12:00:00Z,0.0,68.125,96.125,NaN,NaN
2016-01-01T12:00:00Z,0.0,68.125,100.125,NaN,NaN
2016-01-01T12:00:00Z,0.0,68.125,104.125,NaN,NaN
2016-01-01T12:00:00Z,0.0,68.125,108.125,NaN,NaN
2016-01-01T12:00:00Z,0.0,68.125,112.125,NaN,NaN
2016-01-01T12:00:00Z,0.0,68.125,116.125,NaN,NaN
2016-01-01T12:00:00Z,0.0,68.125,120.125,NaN,NaN
2016-01-01T12:00:00Z,0.0,68.125,124.125,NaN,NaN
2016-01-01T12:00:00Z,0.0,68.125,128.125,NaN,NaN
2016-01-01T12:00:00Z,0.0,68.125,132.125,NaN,NaN
2016-01-01T12:00:00Z,0.0,68.125,136.125,NaN,NaN
2016-01-01T12:00:00Z,0.0,68.125,140.125,NaN,NaN
2016-01-01T12:00:00Z,0.0,68.125,144.125,NaN,NaN
2016-01-01T12:00:00Z,0.0,68.125,148.125,NaN,NaN
2016-01-01T12:00:00Z,0.0,68.125,152.125,NaN,NaN
2016-01-01T12:00:00Z,0.0,68.125,156.125,NaN,NaN
2016-01-01T12:00:00Z,0.0,68.125,160.125,NaN,NaN
2016-01-01T12:00:00Z,0.0,68.125,164.125,NaN,NaN
2016-01-01T12:00:00Z,0.0,68.125,168.125,NaN,NaN
2016-01-01T12:00:00Z,0.0,68.125,172.125,NaN,NaN
2016-01-01T12:00:00Z,0.0,68.125,176.125,NaN,NaN
2016-01-01T12:00:00Z,0.0,68.125,180.125,NaN,NaN
2016-01-01T12:00:00Z,0.0,68.125,184.125,-1.59,0.08
2016-01-01T12:00:00Z,0.0,68.125,188.125,-1.66,0.04
2016-01-01T12:00:00Z,0.0,68.125,192.125,-1.64,-0.13
2016-01-01T12:00:00Z,0.0,68.125,196.125,NaN,NaN
2016-01-01T12:00:00Z,0.0,68.125,200.125,NaN,NaN
2016-01-01T12:00:00Z,0.0,68.125,204.125,NaN,NaN
2016-01-01T12:00:00Z,0.0,68.125,208.125,NaN,NaN
2016-01-01T12:00:00Z,0.0,68.125,212.125,NaN,NaN
2016-01-01T12:00:00Z,0.0,68.125,216.125,NaN,NaN
2016-01-01T12:00:00Z,0.0,68.125,220.125,NaN,NaN
2016-01-01T12:00:00Z,0.0,68.125,224.125,NaN,NaN
2016-01-01T12:00:00Z,0.0,68.125,228.125,NaN,NaN
2016-01-01T12:00:00Z,0.0,68.125,232.125,NaN,NaN
2016-01-01T12:00:00Z,0.0,68.125,236.125,NaN,NaN
2016-01-01T12:00:00Z,0.0,68.125,240.125,NaN,NaN
2016-01-01T12:00:00Z,0.0,68.125,244.125,NaN,NaN
2016-01-01T12:00:00Z,0.0,68.125,248.125,-1.1,0.69
2016-01-01T12:00:00Z,0.0,68.125,252.125,-1.46,0.34
2016-01-01T12:00:00Z,0.0,68.125,256.125,-1.48,0.28
2016-01-01T12:00:00Z,0.0,68.125,260.125,-1.38,0.39
2016-01-01T12:00:00Z,0.0,68.125,264.125,-0.99,0.75
2016-01-01T12:00:00Z,0.0,68.125,268.125,NaN,NaN
2016-01-01T12:00:00Z,0.0,68.125,272.125,-1.45,0.31
2016-01-01T12:00:00Z,0.0,68.125,276.125,NaN,NaN
2016-01-01T12:00:00Z,0.0,68.125,280.125,-1.6,0.17
2016-01-01T12:00:00Z,0.0,68.125,284.125,NaN,NaN
2016-01-01T12:00:00Z,0.0,68.125,288.125,NaN,NaN
2016-01-01T12:00:00Z,0.0,68.125,292.125,NaN,NaN
2016-01-01T12:00:00Z,0.0,68.125,296.125,-1.66,0.12
2016-01-01T12:00:00Z,0.0,68.125,300.125,-1.66,-0.07
2016-01-01T12:00:00Z,0.0,68.125,304.125,-1.51,-1.04
2016-01-01T12:00:00Z,0.0,68.125,308.125,NaN,NaN
2016-01-01T12:00:00Z,0.0,68.125,312.125,NaN,NaN
2016-01-01T12:00:00Z,0.0,68.125,316.125,NaN,NaN
2016-01-01T12:00:00Z,0.0,68.125,320.125,NaN,NaN
2016-01-01T12:00:00Z,0.0,68.125,324.125,NaN,NaN
2016-01-01T12:00:00Z,0.0,68.125,328.125,-1.32,-0.51
2016-01-01T12:00:00Z,0.0,68.125,332.125,-1.71,-1.51
2016-01-01T12:00:00Z,0.0,68.125,336.125,-0.98,-2.21
2016-01-01T12:00:00Z,0.0,68.125,340.125,1.84,0.13
2016-01-01T12:00:00Z,0.0,68.125,344.125,2.33,0.96
2016-01-01T12:00:00Z,0.0,68.125,348.125,1.98,0.99
2016-01-01T12:00:00Z,0.0,68.125,352.125,3.11,0.76
2016-01-01T12:00:00Z,0.0,68.125,356.125,5.27,0.83
2016-01-01T12:00:00Z,0.0,72.125,0.125,4.26,2.23
2016-01-01T12:00:00Z,0.0,72.125,4.125,5.51,2.21
2016-01-01T12:00:00Z,0.0,72.125,8.125,5.29,0.93
2016-01-01T12:00:00Z,0.0,72.125,12.125,6.17,1.14
2016-01-01T12:00:00Z,0.0,72.125,16.125,7.13,1.66
2016-01-01T12:00:00Z,0.0,72.125,20.125,6.42,1.71
2016-01-01T12:00:00Z,0.0,72.125,24.125,6.08,1.47
2016-01-01T12:00:00Z,0.0,72.125,28.125,5.84,1.23
2016-01-01T12:00:00Z,0.0,72.125,32.125,5.53,1.68
2016-01-01T12:00:00Z,0.0,72.125,36.125,4.41,1.66
2016-01-01T12:00:00Z,0.0,72.125,40.125,2.99,1.0
2016-01-01T12:00:00Z,0.0,72.125,44.125,3.69,1.92
2016-01-01T12:00:00Z,0.0,72.125,48.125,3.54,2.19
2016-01-01T12:00:00Z,0.0,72.125,52.125,-1.68,-2.18
2016-01-01T12:00:00Z,0.0,72.125,56.125,-1.3,-0.38
2016-01-01T12:00:00Z,0.0,72.125,60.125,-0.2,1.16
2016-01-01T12:00:00Z,0.0,72.125,64.125,-1.2,0.4
2016-01-01T12:00:00Z,0.0,72.125,68.125,-1.24,0.34
2016-01-01T12:00:00Z,0.0,72.125,72.125,NaN,NaN
2016-01-01T12:00:00Z,0.0,72.125,76.125,-0.5,1.2
2016-01-01T12:00:00Z,0.0,72.125,80.125,NaN,NaN
2016-01-01T12:00:00Z,0.0,72.125,84.125,NaN,NaN
2016-01-01T12:00:00Z,0.0,72.125,88.125,NaN,NaN
2016-01-01T12:00:00Z,0.0,72.125,92.125,NaN,NaN
2016-01-01T12:00:00Z,0.0,72.125,96.125,NaN,NaN
2016-01-01T12:00:00Z,0.0,72.125,100.125,NaN,NaN
2016-01-01T12:00:00Z,0.0,72.125,104.125,NaN,NaN
2016-01-01T12:00:00Z,0.0,72.125,108.125,NaN,NaN
2016-01-01T12:00:00Z,0.0,72.125,112.125,NaN,NaN
2016-01-01T12:00:00Z,0.0,72.125,116.125,NaN,NaN
2016-01-01T12:00:00Z,0.0,72.125,120.125,NaN,NaN
2016-01-01T12:00:00Z,0.0,72.125,124.125,NaN,NaN
2016-01-01T12:00:00Z,0.0,72.125,128.125,NaN,NaN
2016-01-01T12:00:00Z,0.0,72.125,132.125,-0.44,1.32
2016-01-01T12:00:00Z,0.0,72.125,136.125,-0.78,1.02
2016-01-01T12:00:00Z,0.0,72.125,140.125,NaN,NaN
2016-01-01T12:00:00Z,0.0,72.125,144.125,NaN,NaN
2016-01-01T12:00:00Z,0.0,72.125,148.125,NaN,NaN
2016-01-01T12:00:00Z,0.0,72.125,152.125,-0.86,0.94
2016-01-01T12:00:00Z,0.0,72.125,156.125,-0.98,0.82
2016-01-01T12:00:00Z,0.0,72.125,160.125,-1.04,0.75
2016-01-01T12:00:00Z,0.0,72.125,164.125,-1.4,0.37
2016-01-01T12:00:00Z,0.0,72.125,168.125,-1.49,0.3
2016-01-01T12:00:00Z,0.0,72.125,172.125,-1.51,0.28
2016-01-01T12:00:00Z,0.0,72.125,176.125,-1.56,0.23
2016-01-01T12:00:00Z,0.0,72.125,180.125,-1.6,0.18
2016-01-01T12:00:00Z,0.0,72.125,184.125,-1.59,0.2
2016-01-01T12:00:00Z,0.0,72.125,188.125,-1.63,0.15
2016-01-01T12:00:00Z,0.0,72.125,192.125,-1.69,0.09
2016-01-01T12:00:00Z,0.0,72.125,196.125,-1.54,0.2
2016-01-01T12:00:00Z,0.0,72.125,200.125,-1.72,-0.03
2016-01-01T12:00:00Z,0.0,72.125,204.125,-1.8,-0.05
2016-01-01T12:00:00Z,0.0,72.125,208.125,-1.65,0.13
2016-01-01T12:00:00Z,0.0,72.125,212.125,-1.58,0.21
2016-01-01T12:00:00Z,0.0,72.125,216.125,-1.46,0.33
2016-01-01T12:00:00Z,0.0,72.125,220.125,-1.44,0.36
2016-01-01T12:00:00Z,0.0,72.125,224.125,-1.44,0.36
2016-01-01T12:00:00Z,0.0,72.125,228.125,-1.58,0.22
2016-01-01T12:00:00Z,0.0,72.125,232.125,-1.57,0.23
2016-01-01T12:00:00Z,0.0,72.125,236.125,NaN,NaN
2016-01-01T12:00:00Z,0.0,72.125,240.125,-1.56,0.13
2016-01-01T12:00:00Z,0.0,72.125,244.125,NaN,NaN
2016-01-01T12:00:00Z,0.0,72.125,248.125,NaN,NaN
2016-01-01T12:00:00Z,0.0,72.125,252.125,-0.7,1.1
2016-01-01T12:00:00Z,0.0,72.125,256.125,-1.72,0.08
2016-01-01T12:00:00Z,0.0,72.125,260.125,NaN,NaN
2016-01-01T12:00:00Z,0.0,72.125,264.125,-1.25,0.54
2016-01-01T12:00:00Z,0.0,72.125,268.125,-1.58,0.21
2016-01-01T12:00:00Z,0.0,72.125,272.125,NaN,NaN
2016-01-01T12:00:00Z,0.0,72.125,276.125,NaN,NaN
2016-01-01T12:00:00Z,0.0,72.125,280.125,NaN,NaN
2016-01-01T12:00:00Z,0.0,72.125,284.125,NaN,NaN
2016-01-01T12:00:00Z,0.0,72.125,288.125,-1.71,0.08
2016-01-01T12:00:00Z,0.0,72.125,292.125,-1.71,0.08
2016-01-01T12:00:00Z,0.0,72.125,296.125,-1.61,0.19
2016-01-01T12:00:00Z,0.0,72.125,300.125,-1.67,-0.11
2016-01-01T12:00:00Z,0.0,72.125,304.125,-1.43,-0.7
2016-01-01T12:00:00Z,0.0,72.125,308.125,NaN,NaN
2016-01-01T12:00:00Z,0.0,72.125,312.125,NaN,NaN
2016-01-01T12:00:00Z,0.0,72.125,316.125,NaN,NaN
2016-01-01T12:00:00Z,0.0,72.125,320.125,NaN,NaN
2016-01-01T12:00:00Z,0.0,72.125,324.125,NaN,NaN
2016-01-01T12:00:00Z,0.0,72.125,328.125,NaN,NaN
2016-01-01T12:00:00Z,0.0,72.125,332.125,NaN,NaN
2016-01-01T12:00:00Z,0.0,72.125,336.125,NaN,NaN
2016-01-01T12:00:00Z,0.0,72.125,340.125,-1.68,-0.58
2016-01-01T12:00:00Z,0.0,72.125,344.125,-0.59,-0.78
2016-01-01T12:00:00Z,0.0,72.125,348.125,0.41,-0.51
2016-01-01T12:00:00Z,0.0,72.125,352.125,1.01,-0.2
2016-01-01T12:00:00Z,0.0,72.125,356.125,0.61,-0.95
2016-01-01T12:00:00Z,0.0,76.125,0.125,1.33,0.17
2016-01-01T12:00:00Z,0.0,76.125,4.125,2.59,0.31
2016-01-01T12:00:00Z,0.0,76.125,8.125,3.91,1.65
2016-01-01T12:00:00Z,0.0,76.125,12.125,1.75,0.02
2016-01-01T12:00:00Z,0.0,76.125,16.125,-1.22,-2.73
2016-01-01T12:00:00Z,0.0,76.125,20.125,3.85,3.76
2016-01-01T12:00:00Z,0.0,76.125,24.125,1.46,1.32
2016-01-01T12:00:00Z,0.0,76.125,28.125,0.28,-0.41
2016-01-01T12:00:00Z,0.0,76.125,32.125,2.97,2.21
2016-01-01T12:00:00Z,0.0,76.125,36.125,3.06,2.78
2016-01-01T12:00:00Z,0.0,76.125,40.125,1.41,1.39
2016-01-01T12:00:00Z,0.0,76.125,44.125,2.04,1.78
2016-01-01T12:00:00Z,0.0,76.125,48.125,1.31,0.97
2016-01-01T12:00:00Z,0.0,76.125,52.125,1.04,1.04
2016-01-01T12:00:00Z,0.0,76.125,56.125,-0.54,-0.29
2016-01-01T12:00:00Z,0.0,76.125,60.125,-1.1,0.01
2016-01-01T12:00:00Z,0.0,76.125,64.125,NaN,NaN
2016-01-01T12:00:00Z,0.0,76.125,68.125,-1.16,0.44
2016-01-01T12:00:00Z,0.0,76.125,72.125,-1.24,0.49
2016-01-01T12:00:00Z,0.0,76.125,76.125,-1.21,0.59
2016-01-01T12:00:00Z,0.0,76.125,80.125,-1.25,0.55
2016-01-01T12:00:00Z,0.0,76.125,84.125,-1.32,0.48
2016-01-01T12:00:00Z,0.0,76.125,88.125,-1.16,0.64
2016-01-01T12:00:00Z,0.0,76.125,92.125,-1.18,0.59
2016-01-01T12:00:00Z,0.0,76.125,96.125,NaN,NaN
2016-01-01T12:00:00Z,0.0,76.125,100.125,NaN,NaN
2016-01-01T12:00:00Z,0.0,76.125,104.125,NaN,NaN
2016-01-01T12:00:00Z,0.0,76.125,108.125,NaN,NaN
2016-01-01T12:00:00Z,0.0,76.125,112.125,NaN,NaN
2016-01-01T12:00:00Z,0.0,76.125,116.125,-1.45,0.34
2016-01-01T12:00:00Z,0.0,76.125,120.125,-1.45,0.35
2016-01-01T12:00:00Z,0.0,76.125,124.125,-1.4,0.4
2016-01-01T12:00:00Z,0.0,76.125,128.125,-1.29,0.51
2016-01-01T12:00:00Z,0.0,76.125,132.125,-1.28,0.52
2016-01-01T12:00:00Z,0.0,76.125,136.125,-1.22,0.58
2016-01-01T12:00:00Z,0.0,76.125,140.125,-1.27,0.53
2016-01-01T12:00:00Z,0.0,76.125,144.125,-1.22,0.58
2016-01-01T12:00:00Z,0.0,76.125,148.125,-1.4,0.4
2016-01-01T12:00:00Z,0.0,76.125,152.125,-1.34,0.46
2016-01-01T12:00:00Z,0.0,76.125,156.125,-1.31,0.49
2016-01-01T12:00:00Z,0.0,76.125,160.125,-1.5,0.3
2016-01-01T12:00:00Z,0.0,76.125,164.125,-1.37,0.43
2016-01-01T12:00:00Z,0.0,76.125,168.125,-1.57,0.23
2016-01-01T12:00:00Z,0.0,76.125,172.125,-1.44,0.36
2016-01-01T12:00:00Z,0.0,76.125,176.125,-1.59,0.21
2016-01-01T12:00:00Z,0.0,76.125,180.125,-1.56,0.24
2016-01-01T12:00:00Z,0.0,76.125,184.125,-1.6,0.19
2016-01-01T12:00:00Z,0.0,76.125,188.125,-1.55,0.25
2016-01-01T12:00:00Z,0.0,76.125,192.125,-1.56,0.24
2016-01-01T12:00:00Z,0.0,76.125,196.125,-1.55,0.25
2016-01-01T12:00:00Z,0.0,76.125,200.125,-1.7,0.1
2016-01-01T12:00:00Z,0.0,76.125,204.125,-1.54,0.26
2016-01-01T12:00:00Z,0.0,76.125,208.125,-1.54,0.26
2016-01-01T12:00:00Z,0.0,76.125,212.125,-1.54,0.26
2016-01-01T12:00:00Z,0.0,76.125,216.125,-1.54,0.26
2016-01-01T12:00:00Z,0.0,76.125,220.125,-1.48,0.32
2016-01-01T12:00:00Z,0.0,76.125,224.125,-1.51,0.29
2016-01-01T12:00:00Z,0.0,76.125,228.125,-1.44,0.36
2016-01-01T12:00:00Z,0.0,76.125,232.125,-1.52,0.28
2016-01-01T12:00:00Z,0.0,76.125,236.125,-1.6,0.2
2016-01-01T12:00:00Z,0.0,76.125,240.125,NaN,NaN
2016-01-01T12:00:00Z,0.0,76.125,244.125,NaN,NaN
2016-01-01T12:00:00Z,0.0,76.125,248.125,-1.45,0.35
2016-01-01T12:00:00Z,0.0,76.125,252.125,-1.65,0.15
2016-01-01T12:00:00Z,0.0,76.125,256.125,NaN,NaN
2016-01-01T12:00:00Z,0.0,76.125,260.125,NaN,NaN
2016-01-01T12:00:00Z,0.0,76.125,264.125,-1.54,0.26
2016-01-01T12:00:00Z,0.0,76.125,268.125,NaN,NaN
2016-01-01T12:00:00Z,0.0,76.125,272.125,-1.44,0.34
2016-01-01T12:00:00Z,0.0,76.125,276.125,-1.67,0.09
2016-01-01T12:00:00Z,0.0,76.125,280.125,-1.61,0.12
2016-01-01T12:00:00Z,0.0,76.125,284.125,-1.69,-0.04
2016-01-01T12:00:00Z,0.0,76.125,288.125,-1.63,0.05
2016-01-01T12:00:00Z,0.0,76.125,292.125,NaN,NaN
2016-01-01T12:00:00Z,0.0,76.125,296.125,-1.73,-0.02
2016-01-01T12:00:00Z,0.0,76.125,300.125,NaN,NaN
2016-01-01T12:00:00Z,0.0,76.125,304.125,NaN,NaN
2016-01-01T12:00:00Z,0.0,76.125,308.125,NaN,NaN
2016-01-01T12:00:00Z,0.0,76.125,312.125,NaN,NaN
2016-01-01T12:00:00Z,0.0,76.125,316.125,NaN,NaN
2016-01-01T12:00:00Z,0.0,76.125,320.125,NaN,NaN
2016-01-01T12:00:00Z,0.0,76.125,324.125,NaN,NaN
2016-01-01T12:00:00Z,0.0,76.125,328.125,NaN,NaN
2016-01-01T12:00:00Z,0.0,76.125,332.125,NaN,NaN
2016-01-01T12:00:00Z,0.0,76.125,336.125,NaN,NaN
2016-01-01T12:00:00Z,0.0,76.125,340.125,NaN,NaN
2016-01-01T12:00:00Z,0.0,76.125,344.125,-1.66,0.02
2016-01-01T12:00:00Z,0.0,76.125,348.125,-1.67,-0.56
2016-01-01T12:00:00Z,0.0,76.125,352.125,-1.55,-1.4
2016-01-01T12:00:00Z,0.0,76.125,356.125,1.28,0.62
2016-01-01T12:00:00Z,0.0,80.125,0.125,-1.13,-0.67
2016-01-01T12:00:00Z,0.0,80.125,4.125,-1.8,-2.53
2016-01-01T12:00:00Z,0.0,80.125,8.125,-0.07,-0.88
2016-01-01T12:00:00Z,0.0,80.125,12.125,-1.63,-2.23
2016-01-01T12:00:00Z,0.0,80.125,16.125,-1.62,-1.92
2016-01-01T12:00:00Z,0.0,80.125,20.125,NaN,NaN
2016-01-01T12:00:00Z,0.0,80.125,24.125,NaN,NaN
2016-01-01T12:00:00Z,0.0,80.125,28.125,-1.44,-0.18
2016-01-01T12:00:00Z,0.0,80.125,32.125,-1.51,0.02
2016-01-01T12:00:00Z,0.0,80.125,36.125,-1.54,0.12
2016-01-01T12:00:00Z,0.0,80.125,40.125,-1.56,0.16
2016-01-01T12:00:00Z,0.0,80.125,44.125,-1.69,0.03
2016-01-01T12:00:00Z,0.0,80.125,48.125,-1.68,-0.02
2016-01-01T12:00:00Z,0.0,80.125,52.125,-1.61,0.04
2016-01-01T12:00:00Z,0.0,80.125,56.125,NaN,NaN
2016-01-01T12:00:00Z,0.0,80.125,60.125,-1.66,-0.01
2016-01-01T12:00:00Z,0.0,80.125,64.125,-1.68,0.03
2016-01-01T12:00:00Z,0.0,80.125,68.125,-1.67,0.09
2016-01-01T12:00:00Z,0.0,80.125,72.125,-1.58,0.21
2016-01-01T12:00:00Z,0.0,80.125,76.125,-1.58,0.22
2016-01-01T12:00:00Z,0.0,80.125,80.125,-1.59,0.21
2016-01-01T12:00:00Z,0.0,80.125,84.125,-1.63,0.17
2016-01-01T12:00:00Z,0.0,80.125,88.125,-1.6,0.2
2016-01-01T12:00:00Z,0.0,80.125,92.125,-1.6,0.17
2016-01-01T12:00:00Z,0.0,80.125,96.125,NaN,NaN
2016-01-01T12:00:00Z,0.0,80.125,100.125,-1.49,0.24
2016-01-01T12:00:00Z,0.0,80.125,104.125,-1.68,0.05
2016-01-01T12:00:00Z,0.0,80.125,108.125,-1.55,0.23
2016-01-01T12:00:00Z,0.0,80.125,112.125,-1.69,0.11
2016-01-01T12:00:00Z,0.0,80.125,116.125,-1.68,0.12
2016-01-01T12:00:00Z,0.0,80.125,120.125,-1.8,0.0
2016-01-01T12:00:00Z,0.0,80.125,124.125,-1.8,0.0
2016-01-01T12:00:00Z,0.0,80.125,128.125,-1.66,0.14
2016-01-01T12:00:00Z,0.0,80.125,132.125,-1.68,0.12
2016-01-01T12:00:00Z,0.0,80.125,136.125,-1.64,0.16
2016-01-01T12:00:00Z,0.0,80.125,140.125,-1.6,0.2
2016-01-01T12:00:00Z,0.0,80.125,144.125,-1.61,0.19
2016-01-01T12:00:00Z,0.0,80.125,148.125,-1.6,0.2
2016-01-01T12:00:00Z,0.0,80.125,152.125,-1.65,0.15
2016-01-01T12:00:00Z,0.0,80.125,156.125,-1.64,0.16
2016-01-01T12:00:00Z,0.0,80.125,160.125,-1.53,0.27
2016-01-01T12:00:00Z,0.0,80.125,164.125,-1.69,0.11
2016-01-01T12:00:00Z,0.0,80.125,168.125,-1.41,0.39
2016-01-01T12:00:00Z,0.0,80.125,172.125,-1.52,0.28
2016-01-01T12:00:00Z,0.0,80.125,176.125,-1.54,0.26
2016-01-01T12:00:00Z,0.0,80.125,180.125,-1.58,0.22
2016-01-01T12:00:00Z,0.0,80.125,184.125,-1.6,0.2
2016-01-01T12:00:00Z,0.0,80.125,188.125,-1.6,0.2
2016-01-01T12:00:00Z,0.0,80.125,192.125,-1.63,0.17
2016-01-01T12:00:00Z,0.0,80.125,196.125,-1.6,0.2
2016-01-01T12:00:00Z,0.0,80.125,200.125,-1.65,0.15
2016-01-01T12:00:00Z,0.0,80.125,204.125,-1.64,0.16
2016-01-01T12:00:00Z,0.0,80.125,208.125,-1.6,0.2
2016-01-01T12:00:00Z,0.0,80.125,212.125,-1.56,0.24
2016-01-01T12:00:00Z,0.0,80.125,216.125,-1.57,0.23
2016-01-01T12:00:00Z,0.0,80.125,220.125,-1.6,0.2
2016-01-01T12:00:00Z,0.0,80.125,224.125,-1.56,0.24
2016-01-01T12:00:00Z,0.0,80.125,228.125,-1.58,0.22
2016-01-01T12:00:00Z,0.0,80.125,232.125,-1.56,0.24
2016-01-01T12:00:00Z,0.0,80.125,236.125,-1.61,0.19
2016-01-01T12:00:00Z,0.0,80.125,240.125,-1.63,0.17
2016-01-01T12:00:00Z,0.0,80.125,244.125,-1.67,0.13
2016-01-01T12:00:00Z,0.0,80.125,248.125,-1.7,0.1
2016-01-01T12:00:00Z,0.0,80.125,252.125,-1.73,0.07
2016-01-01T12:00:00Z,0.0,80.125,256.125,-1.71,0.09
2016-01-01T12:00:00Z,0.0,80.125,260.125,-1.71,0.08
2016-01-01T12:00:00Z,0.0,80.125,264.125,NaN,NaN
2016-01-01T12:00:00Z,0.0,80.125,268.125,NaN,NaN
2016-01-01T12:00:00Z,0.0,80.125,272.125,NaN,NaN
2016-01-01T12:00:00Z,0.0,80.125,276.125,NaN,NaN
2016-01-01T12:00:00Z,0.0,80.125,280.125,NaN,NaN
2016-01-01T12:00:00Z,0.0,80.125,284.125,NaN,NaN
2016-01-01T12:00:00Z,0.0,80.125,288.125,NaN,NaN
2016-01-01T12:00:00Z,0.0,80.125,292.125,-1.54,0.22
2016-01-01T12:00:00Z,0.0,80.125,296.125,NaN,NaN
2016-01-01T12:00:00Z,0.0,80.125,300.125,NaN,NaN
2016-01-01T12:00:00Z,0.0,80.125,304.125,NaN,NaN
2016-01-01T12:00:00Z,0.0,80.125,308.125,NaN,NaN
2016-01-01T12:00:00Z,0.0,80.125,312.125,NaN,NaN
2016-01-01T12:00:00Z,0.0,80.125,316.125,NaN,NaN
2016-01-01T12:00:00Z,0.0,80.125,320.125,NaN,NaN
2016-01-01T12:00:00Z,0.0,80.125,324.125,NaN,NaN
2016-01-01T12:00:00Z,0.0,80.125,328.125,NaN,NaN
2016-01-01T12:00:00Z,0.0,80.125,332.125,NaN,NaN
2016-01-01T12:00:00Z,0.0,80.125,336.125,NaN,NaN
2016-01-01T12:00:00Z,0.0,80.125,340.125,NaN,NaN
2016-01-01T12:00:00Z,0.0,80.125,344.125,-1.64,0.07
2016-01-01T12:00:00Z,0.0,80.125,348.125,-1.64,0.11
2016-01-01T12:00:00Z,0.0,80.125,352.125,-1.67,0.1
2016-01-01T12:00:00Z,0.0,80.125,356.125,-1.44,0.05
2016-01-01T12:00:00Z,0.0,84.125,0.125,-1.69,0.11
2016-01-01T12:00:00Z,0.0,84.125,4.125,-1.7,0.09
2016-01-01T12:00:00Z,0.0,84.125,8.125,-1.74,0.05
2016-01-01T12:00:00Z,0.0,84.125,12.125,-1.75,0.01
2016-01-01T12:00:00Z,0.0,84.125,16.125,-1.72,0.0
2016-01-01T12:00:00Z,0.0,84.125,20.125,-1.72,0.0
2016-01-01T12:00:00Z,0.0,84.125,24.125,-1.71,0.01
2016-01-01T12:00:00Z,0.0,84.125,28.125,-1.69,0.06
2016-01-01T12:00:00Z,0.0,84.125,32.125,-1.73,0.04
2016-01-01T12:00:00Z,0.0,84.125,36.125,-1.69,0.08
2016-01-01T12:00:00Z,0.0,84.125,40.125,-1.74,0.04
2016-01-01T12:00:00Z,0.0,84.125,44.125,-1.76,0.02
2016-01-01T12:00:00Z,0.0,84.125,48.125,-1.72,0.05
2016-01-01T12:00:00Z,0.0,84.125,52.125,-1.71,0.04
2016-01-01T12:00:00Z,0.0,84.125,56.125,-1.71,0.04
2016-01-01T12:00:00Z,0.0,84.125,60.125,-1.76,0.0
2016-01-01T12:00:00Z,0.0,84.125,64.125,-1.78,0.0
2016-01-01T12:00:00Z,0.0,84.125,68.125,-1.72,0.08
2016-01-01T12:00:00Z,0.0,84.125,72.125,-1.69,0.11
2016-01-01T12:00:00Z,0.0,84.125,76.125,-1.69,0.11
2016-01-01T12:00:00Z,0.0,84.125,80.125,-1.71,0.09
2016-01-01T12:00:00Z,0.0,84.125,84.125,-1.8,0.0
2016-01-01T12:00:00Z,0.0,84.125,88.125,-1.71,0.09
2016-01-01T12:00:00Z,0.0,84.125,92.125,-1.71,0.09
2016-01-01T12:00:00Z,0.0,84.125,96.125,-1.69,0.11
2016-01-01T12:00:00Z,0.0,84.125,100.125,-1.7,0.1
2016-01-01T12:00:00Z,0.0,84.125,104.125,-1.78,0.02
2016-01-01T12:00:00Z,0.0,84.125,108.125,-1.8,0.0
2016-01-01T12:00:00Z,0.0,84.125,112.125,-1.76,0.04
2016-01-01T12:00:00Z,0.0,84.125,116.125,-1.78,0.02
2016-01-01T12:00:00Z,0.0,84.125,120.125,-1.72,0.08
2016-01-01T12:00:00Z,0.0,84.125,124.125,-1.72,0.08
2016-01-01T12:00:00Z,0.0,84.125,128.125,-1.71,0.09
2016-01-01T12:00:00Z,0.0,84.125,132.125,-1.7,0.1
2016-01-01T12:00:00Z,0.0,84.125,136.125,-1.68,0.12
2016-01-01T12:00:00Z,0.0,84.125,140.125,-1.7,0.1
2016-01-01T12:00:00Z,0.0,84.125,144.125,-1.75,0.05
2016-01-01T12:00:00Z,0.0,84.125,148.125,-1.7,0.1
2016-01-01T12:00:00Z,0.0,84.125,152.125,-1.7,0.1
2016-01-01T12:00:00Z,0.0,84.125,156.125,-1.67,0.13
2016-01-01T12:00:00Z,0.0,84.125,160.125,-1.8,0.0
2016-01-01T12:00:00Z,0.0,84.125,164.125,-1.8,0.0
2016-01-01T12:00:00Z,0.0,84.125,168.125,-1.8,0.0
2016-01-01T12:00:00Z,0.0,84.125,172.125,-1.68,0.12
2016-01-01T12:00:00Z,0.0,84.125,176.125,-1.71,0.09
2016-01-01T12:00:00Z,0.0,84.125,180.125,-1.71,0.09
2016-01-01T12:00:00Z,0.0,84.125,184.125,-1.77,0.03
2016-01-01T12:00:00Z,0.0,84.125,188.125,-1.75,0.05
2016-01-01T12:00:00Z,0.0,84.125,192.125,-1.72,0.08
2016-01-01T12:00:00Z,0.0,84.125,196.125,-1.72,0.08
2016-01-01T12:00:00Z,0.0,84.125,200.125,-1.65,0.15
2016-01-01T12:00:00Z,0.0,84.125,204.125,-1.72,0.08
2016-01-01T12:00:00Z,0.0,84.125,208.125,-1.71,0.09
2016-01-01T12:00:00Z,0.0,84.125,212.125,-1.7,0.1
2016-01-01T12:00:00Z,0.0,84.125,216.125,-1.68,0.12
2016-01-01T12:00:00Z,0.0,84.125,220.125,-1.72,0.08
2016-01-01T12:00:00Z,0.0,84.125,224.125,-1.69,0.11
2016-01-01T12:00:00Z,0.0,84.125,228.125,-1.67,0.13
2016-01-01T12:00:00Z,0.0,84.125,232.125,-1.61,0.19
2016-01-01T12:00:00Z,0.0,84.125,236.125,-1.66,0.14
2016-01-01T12:00:00Z,0.0,84.125,240.125,-1.62,0.18
2016-01-01T12:00:00Z,0.0,84.125,244.125,-1.65,0.15
2016-01-01T12:00:00Z,0.0,84.125,248.125,-1.62,0.18
2016-01-01T12:00:00Z,0.0,84.125,252.125,-1.61,0.19
2016-01-01T12:00:00Z,0.0,84.125,256.125,-1.61,0.19
2016-01-01T12:00:00Z,0.0,84.125,260.125,-1.64,0.16
2016-01-01T12:00:00Z,0.0,84.125,264.125,-1.62,0.18
2016-01-01T12:00:00Z,0.0,84.125,268.125,-1.6,0.2
2016-01-01T12:00:00Z,0.0,84.125,272.125,-1.64,0.16
2016-01-01T12:00:00Z,0.0,84.125,276.125,-1.68,0.12
2016-01-01T12:00:00Z,0.0,84.125,280.125,-1.67,0.12
2016-01-01T12:00:00Z,0.0,84.125,284.125,-1.63,0.17
2016-01-01T12:00:00Z,0.0,84.125,288.125,-1.62,0.18
2016-01-01T12:00:00Z,0.0,84.125,292.125,-1.67,0.12
2016-01-01T12:00:00Z,0.0,84.125,296.125,-1.73,0.06
2016-01-01T12:00:00Z,0.0,84.125,300.125,-1.69,0.11
2016-01-01T12:00:00Z,0.0,84.125,304.125,-1.65,0.15
2016-01-01T12:00:00Z,0.0,84.125,308.125,-1.6,0.2
2016-01-01T12:00:00Z,0.0,84.125,312.125,-1.66,0.14
2016-01-01T12:00:00Z,0.0,84.125,316.125,-1.67,0.13
2016-01-01T12:00:00Z,0.0,84.125,320.125,-1.67,0.13
2016-01-01T12:00:00Z,0.0,84.125,324.125,-1.72,0.07
2016-01-01T12:00:00Z,0.0,84.125,328.125,-1.7,0.08
2016-01-01T12:00:00Z,0.0,84.125,332.125,-1.69,0.1
2016-01-01T12:00:00Z,0.0,84.125,336.125,-1.69,0.1
2016-01-01T12:00:00Z,0.0,84.125,340.125,-1.72,0.08
2016-01-01T12:00:00Z,0.0,84.125,344.125,-1.74,0.05
2016-01-01T12:00:00Z,0.0,84.125,348.125,-1.68,0.11
2016-01-01T12:00:00Z,0.0,84.125,352.125,-1.68,0.12
2016-01-01T12:00:00Z,0.0,84.125,356.125,-1.75,0.05
2016-01-01T12:00:00Z,0.0,88.125,0.125,-1.74,0.06
2016-01-01T12:00:00Z,0.0,88.125,4.125,-1.71,0.09
2016-01-01T12:00:00Z,0.0,88.125,8.125,-1.72,0.07
2016-01-01T12:00:00Z,0.0,88.125,12.125,-1.71,0.08
2016-01-01T12:00:00Z,0.0,88.125,16.125,-1.71,0.07
2016-01-01T12:00:00Z,0.0,88.125,20.125,-1.7,0.09
2016-01-01T12:00:00Z,0.0,88.125,24.125,-1.7,0.08
2016-01-01T12:00:00Z,0.0,88.125,28.125,-1.76,0.03
2016-01-01T12:00:00Z,0.0,88.125,32.125,-1.7,0.1
2016-01-01T12:00:00Z,0.0,88.125,36.125,-1.7,0.1
2016-01-01T12:00:00Z,0.0,88.125,40.125,-1.73,0.07
2016-01-01T12:00:00Z,0.0,88.125,44.125,-1.72,0.08
2016-01-01T12:00:00Z,0.0,88.125,48.125,-1.72,0.08
2016-01-01T12:00:00Z,0.0,88.125,52.125,-1.74,0.06
2016-01-01T12:00:00Z,0.0,88.125,56.125,-1.74,0.06
2016-01-01T12:00:00Z,0.0,88.125,60.125,-1.74,0.06
2016-01-01T12:00:00Z,0.0,88.125,64.125,-1.73,0.07
2016-01-01T12:00:00Z,0.0,88.125,68.125,-1.71,0.09
2016-01-01T12:00:00Z,0.0,88.125,72.125,-1.73,0.07
2016-01-01T12:00:00Z,0.0,88.125,76.125,-1.76,0.04
2016-01-01T12:00:00Z,0.0,88.125,80.125,-1.76,0.04
2016-01-01T12:00:00Z,0.0,88.125,84.125,-1.76,0.04
2016-01-01T12:00:00Z,0.0,88.125,88.125,-1.78,0.02
2016-01-01T12:00:00Z,0.0,88.125,92.125,-1.77,0.03
2016-01-01T12:00:00Z,0.0,88.125,96.125,-1.72,0.08
2016-01-01T12:00:00Z,0.0,88.125,100.125,-1.76,0.04
2016-01-01T12:00:00Z,0.0,88.125,104.125,-1.69,0.11
2016-01-01T12:00:00Z,0.0,88.125,108.125,-1.71,0.09
2016-01-01T12:00:00Z,0.0,88.125,112.125,-1.7,0.1
2016-01-01T12:00:00Z,0.0,88.125,116.125,-1.73,0.07
2016-01-01T12:00:00Z,0.0,88.125,120.125,-1.72,0.08
2016-01-01T12:00:00Z,0.0,88.125,124.125,-1.72,0.08
2016-01-01T12:00:00Z,0.0,88.125,128.125,-1.73,0.07
2016-01-01T12:00:00Z,0.0,88.125,132.125,-1.72,0.08
2016-01-01T12:00:00Z,0.0,88.125,136.125,-1.74,0.06
2016-01-01T12:00:00Z,0.0,88.125,140.125,-1.73,0.07
2016-01-01T12:00:00Z,0.0,88.125,144.125,-1.69,0.11
2016-01-01T12:00:00Z,0.0,88.125,148.125,-1.7,0.1
2016-01-01T12:00:00Z,0.0,88.125,152.125,-1.69,0.11
2016-01-01T12:00:00Z,0.0,88.125,156.125,-1.66,0.14
2016-01-01T12:00:00Z,0.0,88.125,160.125,-1.69,0.11
2016-01-01T12:00:00Z,0.0,88.125,164.125,-1.68,0.12
2016-01-01T12:00:00Z,0.0,88.125,168.125,-1.67,0.13
2016-01-01T12:00:00Z,0.0,88.125,172.125,-1.66,0.14
2016-01-01T12:00:00Z,0.0,88.125,176.125,-1.64,0.16
2016-01-01T12:00:00Z,0.0,88.125,180.125,-1.7,0.1
2016-01-01T12:00:00Z,0.0,88.125,184.125,-1.7,0.1
2016-01-01T12:00:00Z,0.0,88.125,188.125,-1.67,0.13
2016-01-01T12:00:00Z,0.0,88.125,192.125,-1.65,0.15
2016-01-01T12:00:00Z,0.0,88.125,196.125,-1.64,0.16
2016-01-01T12:00:00Z,0.0,88.125,200.125,-1.64,0.16
2016-01-01T12:00:00Z,0.0,88.125,204.125,-1.73,0.07
2016-01-01T12:00:00Z,0.0,88.125,208.125,-1.73,0.07
2016-01-01T12:00:00Z,0.0,88.125,212.125,-1.74,0.06
2016-01-01T12:00:00Z,0.0,88.125,216.125,-1.78,0.02
2016-01-01T12:00:00Z,0.0,88.125,220.125,-1.75,0.05
2016-01-01T12:00:00Z,0.0,88.125,224.125,-1.71,0.09
2016-01-01T12:00:00Z,0.0,88.125,228.125,-1.74,0.06
2016-01-01T12:00:00Z,0.0,88.125,232.125,-1.78,0.02
2016-01-01T12:00:00Z,0.0,88.125,236.125,-1.76,0.04
2016-01-01T12:00:00Z,0.0,88.125,240.125,-1.73,0.07
2016-01-01T12:00:00Z,0.0,88.125,244.125,-1.71,0.09
2016-01-01T12:00:00Z,0.0,88.125,248.125,-1.69,0.11
2016-01-01T12:00:00Z,0.0,88.125,252.125,-1.66,0.14
2016-01-01T12:00:00Z,0.0,88.125,256.125,-1.71,0.09
2016-01-01T12:00:00Z,0.0,88.125,260.125,-1.73,0.07
2016-01-01T12:00:00Z,0.0,88.125,264.125,-1.7,0.1
2016-01-01T12:00:00Z,0.0,88.125,268.125,-1.66,0.14
2016-01-01T12:00:00Z,0.0,88.125,272.125,-1.69,0.11
2016-01-01T12:00:00Z,0.0,88.125,276.125,-1.67,0.13
2016-01-01T12:00:00Z,0.0,88.125,280.125,-1.64,0.16
2016-01-01T12:00:00Z,0.0,88.125,284.125,-1.65,0.15
2016-01-01T12:00:00Z,0.0,88.125,288.125,-1.68,0.12
2016-01-01T12:00:00Z,0.0,88.125,292.125,-1.68,0.12
2016-01-01T12:00:00Z,0.0,88.125,296.125,-1.64,0.16
2016-01-01T12:00:00Z,0.0,88.125,300.125,-1.69,0.11
2016-01-01T12:00:00Z,0.0,88.125,304.125,-1.7,0.1
2016-01-01T12:00:00Z,0.0,88.125,308.125,-1.71,0.09
2016-01-01T12:00:00Z,0.0,88.125,312.125,-1.72,0.08
2016-01-01T12:00:00Z,0.0,88.125,316.125,-1.71,0.09
2016-01-01T12:00:00Z,0.0,88.125,320.125,-1.69,0.11
2016-01-01T12:00:00Z,0.0,88.125,324.125,-1.69,0.11
2016-01-01T12:00:00Z,0.0,88.125,328.125,-1.63,0.17
2016-01-01T12:00:00Z,0.0,88.125,332.125,-1.74,0.06
2016-01-01T12:00:00Z,0.0,88.125,336.125,-1.73,0.07
2016-01-01T12:00:00Z,0.0,88.125,340.125,-1.74,0.06
2016-01-01T12:00:00Z,0.0,88.125,344.125,-1.74,0.06
2016-01-01T12:00:00Z,0.0,88.125,348.125,-1.74,0.06
2016-01-01T12:00:00Z,0.0,88.125,352.125,-1.75,0.05
2016-01-01T12:00:00Z,0.0,88.125,356.125,-1.75,0.05
